season,sport,conference,conference_code,team,player_name,first_name,last_name,position,team_code,name,checkname,team_name,team_id,sdrm_id,games_played,games_started,uniform,year,code,shot_stats_penalty_kick_attempts,shot_stats_penalty_kick_goals,shot_stats_shots_on_goal,shot_stats_shots,shot_stats_points,shot_stats_assists,shot_stats_goals,shot_stats_penalty_shot_attempts,shot_stats_penalty_shot_goals,shot_stats_avg_shots_per_game,shot_stats_avg_sog_per_game,shot_stats_avg_points_per_game,shot_stats_avg_goals_per_game,shot_stats_avg_assists_per_game,shot_stats_shots_saved_by_goalie,goal_stats_game_tying,goal_stats_hattricks,goal_stats_overtime,goal_stats_first,goal_stats_unassisted,goal_stats_game_winning,goal_stats_avg_gw_per_game,caution_stats_fouls,caution_stats_red_cards,caution_stats_yellow_cards,caution_stats_green_cards,caution_stats_avg_fouls_per_game,caution_stats_avg_yc_per_game,caution_stats_avg_rc_per_game,caution_stats_avg_gc_per_game,misc_stats_offsides,misc_stats_corner_kicks,misc_stats_minutes_played,misc_stats_defensive_saves,misc_stats_avg_corners_per_game,misc_stats_avg_offsides_per_game,goalie_stats_shots_faced,goalie_stats_ties,goalie_stats_losses,goalie_stats_wins,goalie_stats_shutouts,goalie_stats_save_percentage,goalie_stats_goals_against_avg,goalie_stats_saves,goalie_stats_goals_allowed,goalie_stats_minutes,goalie_stats_games_started,goalie_stats_games_played,goalie_stats_avg_ga_per_game,goalie_stats_save_percentage_calc,goalie_stats_avg_sho_per_game,goalie_stats_avg_saves_per_game,goalie_stats,shot_stats,goal_stats,caution_stats,misc_stats,composite_score,global_rank,rating
2026-27,wsoc,Centennial Conference,centennial_conference,McDaniel,Alaina Miller,Alaina,Miller,,773,Alaina Miller,"MILLER,ALAINA",McDaniel,MCDANIEL,668-3548,9,9,2,0,2,0.0,0.0,15.0,24.0,13.0,3.0,5.0,0.0,0.0,2.67,1.67,1.44,0.556,0.333,10.0,0.0,0.0,0.0,2.0,1.0,1.0,0.111,5.0,0.0,0.0,0.0,0.56,0.0,0.0,0.0,0.0,,561:00,0.0,0.0,0.0,,,,,,,,,,,,,,,,,,,,,,16.09495309894908,40,95
2026-27,wsoc,Centennial Conference,centennial_conference,Washington College,"Brady, Kaileigh",Kaileigh,Brady,,753,"Brady, Kaileigh","BRADY,KAILEIGH",Washington College,WAC,672-3994,9,7,23,0,23,0.0,0.0,13.0,26.0,12.0,2.0,5.0,0.0,0.0,2.89,1.44,1.33,0.556,0.222,8.0,0.0,0.0,0.0,2.0,3.0,2.0,0.222,3.0,0.0,0.0,0.0,0.33,0.0,0.0,0.0,0.0,,675:00,0.0,0.0,0.0,,,,,,,,,,,,,,,,,,,,,,14.002700703278592,68,95
2026-27,wsoc,Centennial Conference,centennial_conference,Swarthmore,"Kanellakos, Celia",Celia,Kanellakos,,686,"Kanellakos, Celia","KANELLAKOS,CELIA",Swarthmore,SWT,670-6490,7,6,34,0,34,0.0,0.0,7.0,18.0,11.0,3.0,4.0,0.0,0.0,2.57,1.0,1.57,0.571,0.429,3.0,0.0,0.0,0.0,2.0,1.0,2.0,0.286,7.0,0.0,1.0,0.0,1.0,0.14,0.0,0.0,0.0,,402:00,0.0,0.0,0.0,,,,,,,,,,,,,,,,,,,,,,12.804148701975135,88,95
2026-27,wsoc,Centennial Conference,centennial_conference,Dickinson,"Ma, Joelle",Joelle,Ma,,185,"Ma, Joelle","MA,JOELLE",Dickinson,DSON,663-3046,8,8,2,0,2,0.0,0.0,17.0,23.0,9.0,3.0,3.0,2.0,1.0,2.88,2.13,1.13,0.375,0.375,14.0,1.0,0.0,0.0,1.0,2.0,0.0,0.0,2.0,0.0,0.0,0.0,0.25,0.0,0.0,0.0,0.0,,614:00,0.0,0.0,0.0,,,,,,,,,,,,,,,,,,,,,,12.357134429016387,102,94
2026-27,wsoc,Centennial Conference,centennial_conference,Haverford,Sophia Mitchell,Sophia,Mitchell,,276,Sophia Mitchell,"MITCHELL,SOPHIA",Haverford,HAVWSOC,666-2530,8,8,13,0,13,0.0,0.0,20.0,25.0,9.0,1.0,4.0,0.0,0.0,3.13,2.5,1.13,0.5,0.125,16.0,0.0,0.0,0.0,1.0,2.0,1.0,0.125,2.0,0.0,0.0,0.0,0.25,0.0,0.0,0.0,0.0,,599:00,0.0,0.0,0.0,,,,,,,,,,,,,,,,,,,,,,11.30544569442629,123,94
2026-27,wsoc,Centennial Conference,centennial_conference,Dickinson,"Bangoura, Mamady",Mamady,Bangoura,,185,"Bangoura, Mamady","BANGOURA,MAMADY",Dickinson,DSON,663-3229,9,4,14,0,14,0.0,0.0,6.0,11.0,10.0,2.0,4.0,0.0,0.0,1.22,0.67,1.11,0.444,0.222,2.0,0.0,0.0,0.0,1.0,1.0,2.0,0.222,11.0,0.0,0.0,0.0,1.22,0.0,0.0,0.0,0.0,,437:00,0.0,0.0,0.0,,,,,,,,,,,,,,,,,,,,,,10.869884646527714,135,94
2026-27,wsoc,Centennial Conference,centennial_conference,Swarthmore,"Gizzie, Ava",Ava,Gizzie,,686,"Gizzie, Ava","GIZZIE,AVA",Swarthmore,SWT,670-5848,7,6,2,0,2,0.0,0.0,12.0,23.0,10.0,0.0,5.0,0.0,0.0,3.29,1.71,1.43,0.714,0.0,7.0,1.0,0.0,0.0,2.0,0.0,2.0,0.286,4.0,0.0,0.0,0.0,0.57,0.0,0.0,0.0,0.0,,310:00,0.0,0.0,0.0,,,,,,,,,,,,,,,,,,,,,,10.292160932606816,150,94
2026-27,wsoc,Centennial Conference,centennial_conference,Dickinson,"Bitsko, Anna",Anna,Bitsko,,185,"Bitsko, Anna","BITSKO,ANNA",Dickinson,DSON,663-2895,9,9,18,0,18,0.0,0.0,15.0,28.0,7.0,3.0,2.0,0.0,0.0,3.11,1.67,0.78,0.222,0.333,13.0,0.0,0.0,0.0,2.0,0.0,1.0,0.111,5.0,0.0,1.0,0.0,0.56,0.11,0.0,0.0,0.0,,576:00,0.0,0.0,0.0,,,,,,,,,,,,,,,,,,,,,,10.01426007338084,163,94
2026-27,wsoc,Centennial Conference,centennial_conference,Swarthmore,"Carleton, Charlotte",Charlotte,Carleton,,686,"Carleton, Charlotte","CARLETON,CHARLOTTE",Swarthmore,SWT,670-5846,8,5,12,0,12,0.0,0.0,8.0,13.0,10.0,0.0,5.0,1.0,1.0,1.63,1.0,1.25,0.625,0.0,3.0,1.0,0.0,0.0,0.0,2.0,0.0,0.0,3.0,0.0,0.0,0.0,0.38,0.0,0.0,0.0,0.0,,362:00,0.0,0.0,0.0,,,,,,,,,,,,,,,,,,,,,,9.66020757171455,174,94
2026-27,wsoc,Centennial Conference,centennial_conference,Muhlenberg,"DiGregorio, Pia",Pia,DiGregorio,,453,"DiGregorio, Pia","DIGREGORIO,PIA",Muhlenberg,Mules,669-3611,8,4,12,0,12,0.0,0.0,6.0,12.0,8.0,2.0,3.0,0.0,0.0,1.5,0.75,1.0,0.375,0.25,3.0,0.0,1.0,0.0,1.0,1.0,1.0,0.125,6.0,0.0,0.0,0.0,0.75,0.0,0.0,0.0,0.0,,401:00,0.0,0.0,0.0,,,,,,,,,,,,,,,,,,,,,,8.842986971338298,215,94
2026-27,wsoc,Centennial Conference,centennial_conference,McDaniel,Carly Brock,Carly,Brock,,773,Carly Brock,"BROCK,CARLY",McDaniel,MCDANIEL,668-3156,9,9,29,0,29,0.0,0.0,5.0,13.0,7.0,3.0,2.0,0.0,0.0,1.44,0.56,0.78,0.222,0.333,3.0,0.0,0.0,0.0,2.0,1.0,2.0,0.222,4.0,0.0,1.0,0.0,0.44,0.11,0.0,0.0,0.0,,584:00,0.0,0.0,0.0,,,,,,,,,,,,,,,,,,,,,,8.434376671150176,233,94
2026-27,wsoc,Centennial Conference,centennial_conference,Swarthmore,"Saad, Stella",Stella,Saad,,686,"Saad, Stella","SAAD,STELLA",Swarthmore,SWT,670-6597,7,2,9,0,9,0.0,0.0,6.0,21.0,6.0,4.0,1.0,0.0,0.0,3.0,0.86,0.86,0.143,0.571,5.0,0.0,0.0,0.0,0.0,1.0,0.0,0.0,1.0,0.0,0.0,0.0,0.14,0.0,0.0,0.0,0.0,,366:00,0.0,0.0,0.0,,,,,,,,,,,,,,,,,,,,,,8.341743051408184,237,94
2026-27,wsoc,Centennial Conference,centennial_conference,Ursinus,"Pezulich, Taylor",Taylor,Pezulich,,730,"Pezulich, Taylor","PEZULICH,TAYLOR",Ursinus,UCB,671-3397,8,8,6,0,6,0.0,0.0,2.0,8.0,7.0,3.0,2.0,0.0,0.0,1.0,0.25,0.88,0.25,0.375,0.0,0.0,0.0,0.0,0.0,0.0,0.0,0.0,7.0,0.0,0.0,0.0,0.88,0.0,0.0,0.0,0.0,,471:00,0.0,0.0,0.0,,,,,,,,,,,,,,,,,,,,,,7.960411650480975,253,93
2026-27,wsoc,Centennial Conference,centennial_conference,Muhlenberg,"Falcone, Jaidyn",Jaidyn,Falcone,,453,"Falcone, Jaidyn","FALCONE,JAIDYN",Muhlenberg,Mules,669-3392,7,7,20,0,20,0.0,0.0,10.0,26.0,8.0,0.0,4.0,1.0,1.0,3.71,1.43,1.14,0.571,0.0,6.0,1.0,0.0,0.0,0.0,2.0,2.0,0.286,10.0,0.0,1.0,0.0,1.43,0.14,0.0,0.0,0.0,,458:00,0.0,0.0,0.0,,,,,,,,,,,,,,,,,,,,,,7.949286576971268,255,93
2026-27,wsoc,Centennial Conference,centennial_conference,Johns Hopkins,"Johnson, Carolyn",Carolyn,Johnson,,322,"Johnson, Carolyn","JOHNSON,CAROLYN",Johns Hopkins,JHU,667-6069,8,8,21,0,21,0.0,0.0,8.0,16.0,7.0,1.0,3.0,0.0,0.0,2.0,1.0,0.88,0.375,0.125,5.0,0.0,0.0,0.0,2.0,0.0,1.0,0.125,5.0,0.0,0.0,0.0,0.63,0.0,0.0,0.0,0.0,,535:00,0.0,0.0,0.0,,,,,,,,,,,,,,,,,,,,,,7.382687936560076,292,93
2026-27,wsoc,Centennial Conference,centennial_conference,Johns Hopkins,"Derby, Katie",Katie,Derby,,322,"Derby, Katie","DERBY,KATIE",Johns Hopkins,JHU,667-8830,9,3,20,0,20,0.0,0.0,6.0,9.0,7.0,1.0,3.0,0.0,0.0,1.0,0.67,0.78,0.333,0.111,3.0,0.0,0.0,0.0,0.0,1.0,1.0,0.111,4.0,0.0,0.0,0.0,0.44,0.0,0.0,0.0,0.0,,434:00,0.0,0.0,0.0,,,,,,,,,,,,,,,,,,,,,,7.066711256113944,312,93
2026-27,wsoc,Centennial Conference,centennial_conference,Washington College,"Kilbride, Sophie",Sophie,Kilbride,,753,"Kilbride, Sophie","KILBRIDE,SOPHIE",Washington College,WAC,672-3995,9,6,28,0,28,0.0,0.0,6.0,11.0,7.0,1.0,3.0,0.0,0.0,1.22,0.67,0.78,0.333,0.111,3.0,1.0,0.0,0.0,0.0,1.0,0.0,0.0,0.0,0.0,0.0,0.0,0.0,0.0,0.0,0.0,0.0,,500:00,0.0,0.0,0.0,,,,,,,,,,,,,,,,,,,,,,7.066711256113944,314,93
2026-27,wsoc,Centennial Conference,centennial_conference,Franklin & Marshall,Emerson McDonald,Emerson,McDonald,,239,Emerson McDonald,"MCDONALD,EMERSON",Franklin & Marshall,F&M,664-6113,8,8,10,0,10,0.0,0.0,17.0,40.0,5.0,1.0,2.0,0.0,0.0,5.0,2.13,0.63,0.25,0.125,15.0,0.0,0.0,0.0,2.0,0.0,2.0,0.25,8.0,0.0,0.0,0.0,1.0,0.0,0.0,0.0,0.0,,607:00,0.0,0.0,0.0,,,,,,,,,,,,,,,,,,,,,,6.777685323378261,342,93
2026-27,wsoc,Centennial Conference,centennial_conference,Ursinus,"Whaley, Alexis",Alexis,Whaley,,730,"Whaley, Alexis","WHALEY,ALEXIS",Ursinus,UCB,671-3840,8,8,25,0,25,0.0,0.0,3.0,11.0,7.0,1.0,3.0,0.0,0.0,1.38,0.38,0.88,0.375,0.125,0.0,0.0,0.0,0.0,1.0,0.0,0.0,0.0,4.0,0.0,0.0,0.0,0.5,0.0,0.0,0.0,0.0,,470:00,0.0,0.0,0.0,,,,,,,,,,,,,,,,,,,,,,6.592746235444745,359,93
2026-27,wsoc,Centennial Conference,centennial_conference,Johns Hopkins,"Inesi, Inara",Inara,Inesi,,322,"Inesi, Inara","INESI,INARA",Johns Hopkins,JHU,667-8831,9,9,15,0,15,0.0,0.0,4.0,4.0,5.0,3.0,1.0,0.0,0.0,0.44,0.44,0.56,0.111,0.333,3.0,0.0,0.0,0.0,1.0,0.0,0.0,0.0,6.0,0.0,0.0,0.0,0.67,0.0,0.0,0.0,0.0,,731:00,0.0,0.0,0.0,,,,,,,,,,,,,,,,,,,,,,6.249490655737695,382,93
2026-27,wsoc,Centennial Conference,centennial_conference,Dickinson,"Prisco, Ava",Ava,Prisco,,185,"Prisco, Ava","PRISCO,AVA",Dickinson,DSON,663-2682,9,5,24,0,24,0.0,0.0,13.0,34.0,5.0,1.0,2.0,0.0,0.0,3.78,1.44,0.56,0.222,0.111,11.0,0.0,0.0,0.0,1.0,0.0,1.0,0.111,2.0,0.0,0.0,0.0,0.22,0.0,0.0,0.0,0.0,,373:00,0.0,0.0,0.0,,,,,,,,,,,,,,,,,,,,,,6.1457319624859945,393,92
2026-27,wsoc,Centennial Conference,centennial_conference,McDaniel,"Ngwatung, Hariette",Hariette,Ngwatung,,773,"Ngwatung, Hariette","NGWATUNG,HARIETTE",McDaniel,MCDANIEL,668-4121,8,7,32,0,32,0.0,0.0,1.0,7.0,5.0,3.0,1.0,0.0,0.0,0.88,0.13,0.63,0.125,0.375,0.0,0.0,0.0,0.0,1.0,0.0,1.0,0.125,8.0,0.0,0.0,0.0,1.0,0.0,0.0,0.0,0.0,,482:00,0.0,0.0,0.0,,,,,,,,,,,,,,,,,,,,,,5.775525635068496,414,92
2026-27,wsoc,Centennial Conference,centennial_conference,Haverford,Molly Morris,Molly,Morris,,276,Molly Morris,"MORRIS,MOLLY",Haverford,HAVWSOC,666-1790,7,0,8,0,8,0.0,0.0,8.0,8.0,5.0,1.0,2.0,0.0,0.0,1.14,1.14,0.71,0.286,0.143,6.0,0.0,0.0,0.0,0.0,0.0,0.0,0.0,1.0,0.0,0.0,0.0,0.14,0.0,0.0,0.0,0.0,,295:00,0.0,0.0,0.0,,,,,,,,,,,,,,,,,,,,,,5.355790261370663,452,92
2026-27,wsoc,Centennial Conference,centennial_conference,Dickinson,"Gross, Mckenna",Mckenna,Gross,,185,"Gross, Mckenna","GROSS,MCKENNA",Dickinson,DSON,663-2899,9,3,16,0,16,0.0,0.0,5.0,11.0,6.0,0.0,3.0,0.0,0.0,1.22,0.56,0.67,0.333,0.0,2.0,1.0,0.0,0.0,0.0,1.0,0.0,0.0,4.0,0.0,0.0,0.0,0.44,0.0,0.0,0.0,0.0,,338:00,0.0,0.0,0.0,,,,,,,,,,,,,,,,,,,,,,5.1324472006665225,483,92
2026-27,wsoc,Centennial Conference,centennial_conference,Franklin & Marshall,Ashley Inacio,Ashley,Inacio,,239,Ashley Inacio,"INACIO,ASHLEY",Franklin & Marshall,F&M,664-5791,8,8,27,0,27,0.0,0.0,6.0,18.0,5.0,1.0,2.0,0.0,0.0,2.25,0.75,0.63,0.25,0.125,4.0,0.0,0.0,0.0,0.0,1.0,0.0,0.0,5.0,0.0,0.0,0.0,0.63,0.0,0.0,0.0,0.0,,389:00,0.0,0.0,0.0,,,,,,,,,,,,,,,,,,,,,,5.0398135809245295,489,92
2026-27,wsoc,Centennial Conference,centennial_conference,Haverford,Clare Hawley,Clare,Hawley,,276,Clare Hawley,"HAWLEY,CLARE",Haverford,HAVWSOC,666-2472,8,8,33,0,33,0.0,0.0,6.0,13.0,5.0,1.0,2.0,0.0,0.0,1.63,0.75,0.63,0.25,0.125,4.0,0.0,0.0,0.0,1.0,1.0,1.0,0.125,6.0,0.0,0.0,0.0,0.75,0.0,0.0,0.0,0.0,,530:00,0.0,0.0,0.0,,,,,,,,,,,,,,,,,,,,,,5.0398135809245295,491,92
2026-27,wsoc,Centennial Conference,centennial_conference,Swarthmore,"Reed, Anwen",Anwen,Reed,,686,"Reed, Anwen","REED,ANWEN",Swarthmore,SWT,670-6494,8,1,7,0,7,0.0,0.0,4.0,7.0,6.0,0.0,3.0,0.0,0.0,0.88,0.5,0.75,0.375,0.0,1.0,0.0,0.0,0.0,0.0,0.0,0.0,0.0,2.0,0.0,1.0,0.0,0.25,0.13,0.0,0.0,0.0,,235:00,0.0,0.0,0.0,,,,,,,,,,,,,,,,,,,,,,4.974458860443455,509,92
2026-27,wsoc,Centennial Conference,centennial_conference,Franklin & Marshall,Katherine Finnerty,Katherine,Finnerty,,239,Katherine Finnerty,"FINNERTY,KATHERINE",Franklin & Marshall,F&M,664-5789,5,5,14,0,14,0.0,0.0,5.0,11.0,4.0,2.0,1.0,0.0,0.0,2.2,1.0,0.8,0.2,0.4,4.0,0.0,0.0,0.0,1.0,1.0,0.0,0.0,4.0,0.0,0.0,0.0,0.8,0.0,0.0,0.0,0.0,,302:00,0.0,0.0,0.0,,,,,,,,,,,,,,,,,,,,,,4.631203280736406,574,91
2026-27,wsoc,Centennial Conference,centennial_conference,Swarthmore,"Stockwell, Madison",Madison,Stockwell,,686,"Stockwell, Madison","STOCKWELL,MADISON",Swarthmore,SWT,670-7837,7,2,35,0,35,0.0,0.0,5.0,10.0,4.0,2.0,1.0,0.0,0.0,1.43,0.71,0.57,0.143,0.286,4.0,0.0,0.0,0.0,0.0,0.0,0.0,0.0,3.0,0.0,0.0,0.0,0.43,0.0,0.0,0.0,0.0,,209:00,0.0,0.0,0.0,,,,,,,,,,,,,,,,,,,,,,4.631203280736406,578,91
2026-27,wsoc,Centennial Conference,centennial_conference,Swarthmore,"Vrees, Jordan",Jordan,Vrees,,686,"Vrees, Jordan","VREES,JORDAN",Swarthmore,SWT,670-6593,8,7,10,0,10,0.0,0.0,5.0,8.0,3.0,3.0,0.0,0.0,0.0,1.0,0.63,0.38,0.0,0.375,5.0,0.0,0.0,0.0,0.0,0.0,0.0,0.0,1.0,0.0,0.0,0.0,0.13,0.0,0.0,0.0,0.0,,369:00,0.0,0.0,0.0,,,,,,,,,,,,,,,,,,,,,,4.380581320771347,613,91
2026-27,wsoc,Centennial Conference,centennial_conference,Muhlenberg,"MacDougall, Kaela",Kaela,MacDougall,,453,"MacDougall, Kaela","MACDOUGALL,KAELA",Muhlenberg,Mules,669-3110,8,8,2,0,2,0.0,0.0,3.0,6.0,4.0,2.0,1.0,1.0,1.0,0.75,0.38,0.5,0.125,0.25,2.0,0.0,0.0,0.0,1.0,1.0,0.0,0.0,3.0,0.0,0.0,0.0,0.38,0.0,0.0,0.0,0.0,,396:00,0.0,0.0,0.0,,,,,,,,,,,,,,,,,,,,,,4.315226600290273,625,91
2026-27,wsoc,Centennial Conference,centennial_conference,Johns Hopkins,"Dauler, Addi",Addi,Dauler,,322,"Dauler, Addi","DAULER,ADDI",Johns Hopkins,JHU,667-8832,9,2,23,0,23,0.0,0.0,10.0,17.0,4.0,0.0,2.0,0.0,0.0,1.89,1.11,0.44,0.222,0.0,8.0,0.0,0.0,0.0,1.0,1.0,2.0,0.222,5.0,0.0,0.0,0.0,0.56,0.0,0.0,0.0,0.0,,400:00,0.0,0.0,0.0,,,,,,,,,,,,,,,,,,,,,,3.89549122659244,663,91
2026-27,wsoc,Centennial Conference,centennial_conference,Franklin & Marshall,Ellison Errington,Ellison,Errington,,239,Ellison Errington,"ERRINGTON,ELLISON",Franklin & Marshall,F&M,664-5788,8,3,12,0,12,0.0,0.0,10.0,17.0,4.0,0.0,2.0,0.0,0.0,2.13,1.25,0.5,0.25,0.0,8.0,0.0,0.0,0.0,1.0,0.0,0.0,0.0,3.0,0.0,0.0,0.0,0.38,0.0,0.0,0.0,0.0,,393:00,0.0,0.0,0.0,,,,,,,,,,,,,,,,,,,,,,3.89549122659244,664,91
2026-27,wsoc,Centennial Conference,centennial_conference,Johns Hopkins,"Rauvola, Gwen",Gwen,Rauvola,,322,"Rauvola, Gwen","RAUVOLA,GWEN",Johns Hopkins,JHU,667-6068,8,7,9,0,9,0.0,0.0,8.0,13.0,4.0,0.0,2.0,0.0,0.0,1.63,1.0,0.5,0.25,0.0,6.0,0.0,0.0,0.0,1.0,2.0,1.0,0.125,2.0,0.0,0.0,0.0,0.25,0.0,0.0,0.0,0.0,,431:00,0.0,0.0,0.0,,,,,,,,,,,,,,,,,,,,,,3.579514546146307,697,90
2026-27,wsoc,Centennial Conference,centennial_conference,Franklin & Marshall,Amanda Nemeth,Amanda,Nemeth,,239,Amanda Nemeth,"NEMETH,AMANDA",Franklin & Marshall,F&M,664-6111,8,8,6,0,6,0.0,0.0,11.0,15.0,2.0,2.0,0.0,0.0,0.0,1.88,1.38,0.25,0.0,0.25,11.0,0.0,0.0,0.0,0.0,0.0,0.0,0.0,6.0,0.0,0.0,0.0,0.75,0.0,0.0,0.0,0.0,,555:00,0.0,0.0,0.0,,,,,,,,,,,,,,,,,,,,,,3.55223564688539,702,90
2026-27,wsoc,Centennial Conference,centennial_conference,Dickinson,"Barrabee, Emma",Emma,Barrabee,,185,"Barrabee, Emma","BARRABEE,EMMA",Dickinson,DSON,663-3042,9,7,19,0,19,0.0,0.0,9.0,20.0,3.0,1.0,1.0,0.0,0.0,2.22,1.0,0.33,0.111,0.111,8.0,0.0,0.0,0.0,0.0,0.0,0.0,0.0,9.0,0.0,0.0,0.0,1.0,0.0,0.0,0.0,0.0,,393:00,0.0,0.0,0.0,,,,,,,,,,,,,,,,,,,,,,3.4868809264043157,706,90
2026-27,wsoc,Centennial Conference,centennial_conference,Dickinson,"Kraft-Williams, Maddie",Maddie,Kraft-Williams,,185,"Kraft-Williams, Maddie","KRAFT-WILLIAMS,MADDIE",Dickinson,DSON,663-3045,8,1,30,0,30,0.0,0.0,6.0,9.0,4.0,0.0,2.0,0.0,0.0,1.13,0.75,0.5,0.25,0.0,4.0,0.0,0.0,0.0,0.0,0.0,0.0,0.0,1.0,0.0,0.0,0.0,0.13,0.0,0.0,0.0,0.0,,257:00,0.0,0.0,0.0,,,,,,,,,,,,,,,,,,,,,,3.263537865700174,745,90
2026-27,wsoc,Centennial Conference,centennial_conference,Johns Hopkins,"Marcus, Caroline",Caroline,Marcus,,322,"Marcus, Caroline","MARCUS,CAROLINE",Johns Hopkins,JHU,667-6887,9,7,5,0,5,0.0,0.0,6.0,14.0,4.0,0.0,2.0,0.0,0.0,1.56,0.67,0.44,0.222,0.0,4.0,0.0,0.0,0.0,2.0,1.0,1.0,0.111,9.0,0.0,1.0,0.0,1.0,0.11,0.0,0.0,0.0,,472:00,0.0,0.0,0.0,,,,,,,,,,,,,,,,,,,,,,3.263537865700174,748,90
2026-27,wsoc,Centennial Conference,centennial_conference,Muhlenberg,"Del Sordo, Stella",Stella,Del Sordo,,453,"Del Sordo, Stella","DEL SORDO,STELLA",Muhlenberg,Mules,669-3223,8,8,33,0,33,0.0,0.0,7.0,9.0,3.0,1.0,1.0,1.0,0.0,1.13,0.88,0.38,0.125,0.125,6.0,1.0,0.0,0.0,0.0,0.0,0.0,0.0,2.0,0.0,0.0,0.0,0.25,0.0,0.0,0.0,0.0,,449:00,0.0,0.0,0.0,,,,,,,,,,,,,,,,,,,,,,3.1709042459581824,758,90
2026-27,wsoc,Centennial Conference,centennial_conference,McDaniel,Alexis Keller-Posen,Alexis,Keller-Posen,,773,Alexis Keller-Posen,"KELLER-POSEN,ALEXIS",McDaniel,MCDANIEL,668-3378,9,9,11,0,11,0.0,0.0,4.0,8.0,4.0,0.0,2.0,0.0,0.0,0.89,0.44,0.44,0.222,0.0,2.0,0.0,0.0,0.0,1.0,0.0,1.0,0.111,4.0,0.0,1.0,0.0,0.44,0.11,0.0,0.0,0.0,,755:00,0.0,0.0,0.0,,,,,,,,,,,,,,,,,,,,,,2.947561185254041,807,90
2026-27,wsoc,Centennial Conference,centennial_conference,Washington College,"Vasquez, Dafny",Dafny,Vasquez,,753,"Vasquez, Dafny","VASQUEZ,DAFNY",Washington College,WAC,672-4911,9,3,16,0,16,0.0,0.0,4.0,10.0,4.0,0.0,2.0,0.0,0.0,1.11,0.44,0.44,0.222,0.0,2.0,0.0,0.0,0.0,1.0,0.0,1.0,0.111,8.0,0.0,0.0,0.0,0.89,0.0,0.0,0.0,0.0,,436:00,0.0,0.0,0.0,,,,,,,,,,,,,,,,,,,,,,2.947561185254041,843,90
2026-27,wsoc,Centennial Conference,centennial_conference,Johns Hopkins,"Frederick, Kendall",Kendall,Frederick,,322,"Frederick, Kendall","FREDERICK,KENDALL",Johns Hopkins,JHU,667-6076,7,3,17,0,17,0.0,0.0,5.0,8.0,3.0,1.0,1.0,0.0,0.0,1.14,0.71,0.43,0.143,0.143,4.0,0.0,0.0,0.0,0.0,1.0,0.0,0.0,1.0,0.0,0.0,0.0,0.14,0.0,0.0,0.0,0.0,,310:00,0.0,0.0,0.0,,,,,,,,,,,,,,,,,,,,,,2.8549275655120496,858,89
2026-27,wsoc,Centennial Conference,centennial_conference,Gettysburg,"Gust, Kylee",Kylee,Gust,,258,"Gust, Kylee","GUST,KYLEE",Gettysburg,GET,665-5903,8,5,13,0,13,0.0,0.0,3.0,5.0,4.0,0.0,2.0,0.0,0.0,0.63,0.38,0.5,0.25,0.0,1.0,0.0,0.0,0.0,1.0,1.0,1.0,0.125,9.0,0.0,0.0,0.0,1.13,0.0,0.0,0.0,0.0,,353:00,0.0,0.0,0.0,,,,,,,,,,,,,,,,,,,,,,2.7895728450309742,890,89
2026-27,wsoc,Centennial Conference,centennial_conference,Swarthmore,"Kushnir, Sarah",Sarah,Kushnir,,686,"Kushnir, Sarah","KUSHNIR,SARAH",Swarthmore,SWT,670-7834,5,0,13,0,13,0.0,0.0,3.0,7.0,4.0,0.0,2.0,0.0,0.0,1.4,0.6,0.8,0.4,0.0,1.0,0.0,0.0,0.0,0.0,0.0,0.0,0.0,3.0,0.0,0.0,0.0,0.6,0.0,0.0,0.0,0.0,,127:00,0.0,0.0,0.0,,,,,,,,,,,,,,,,,,,,,,2.7895728450309742,894,89
2026-27,wsoc,Centennial Conference,centennial_conference,Gettysburg,"Neal, Caroline",Caroline,Neal,,258,"Neal, Caroline","NEAL,CAROLINE",Gettysburg,GET,665-6329,6,3,10,0,10,0.0,0.0,3.0,4.0,4.0,0.0,2.0,0.0,0.0,0.67,0.5,0.67,0.333,0.0,1.0,0.0,0.0,0.0,0.0,0.0,0.0,0.0,1.0,0.0,0.0,0.0,0.17,0.0,0.0,0.0,0.0,,290:00,0.0,0.0,0.0,,,,,,,,,,,,,,,,,,,,,,2.7895728450309742,899,89
2026-27,wsoc,Centennial Conference,centennial_conference,Washington College,"Barnum, Lily",Lily,Barnum,,753,"Barnum, Lily","BARNUM,LILY",Washington College,WAC,672-4720,9,7,18,0,18,0.0,0.0,4.0,12.0,3.0,1.0,1.0,0.0,0.0,1.33,0.44,0.33,0.111,0.111,3.0,0.0,0.0,0.0,0.0,0.0,0.0,0.0,2.0,0.0,0.0,0.0,0.22,0.0,0.0,0.0,0.0,,486:00,0.0,0.0,0.0,,,,,,,,,,,,,,,,,,,,,,2.696939225288983,920,89
2026-27,wsoc,Centennial Conference,centennial_conference,Gettysburg,"Morrison, Brooke",Brooke,Morrison,,258,"Morrison, Brooke","MORRISON,BROOKE",Gettysburg,GET,665-6114,8,7,37,0,37,0.0,0.0,4.0,10.0,3.0,1.0,1.0,1.0,0.0,1.25,0.5,0.38,0.125,0.125,3.0,0.0,0.0,0.0,1.0,0.0,1.0,0.125,4.0,0.0,0.0,0.0,0.5,0.0,0.0,0.0,0.0,,415:00,0.0,0.0,0.0,,,,,,,,,,,,,,,,,,,,,,2.696939225288983,940,89
2026-27,wsoc,Centennial Conference,centennial_conference,Swarthmore,"Blau, Liesel",Liesel,Blau,,686,"Blau, Liesel","BLAU,LIESEL",Swarthmore,SWT,670-5845,6,1,8,0,8,0.0,0.0,2.0,3.0,4.0,0.0,2.0,0.0,0.0,0.5,0.33,0.67,0.333,0.0,0.0,0.0,0.0,0.0,1.0,0.0,0.0,0.0,1.0,0.0,0.0,0.0,0.17,0.0,0.0,0.0,0.0,,187:00,0.0,0.0,0.0,,,,,,,,,,,,,,,,,,,,,,2.631584504807908,955,89
2026-27,wsoc,Centennial Conference,centennial_conference,Ursinus,"Evans, Kaleigh",Kaleigh,Evans,,730,"Evans, Kaleigh","EVANS,KALEIGH",Ursinus,UCB,671-3404,8,8,32,0,32,0.0,0.0,3.0,6.0,3.0,1.0,1.0,0.0,0.0,0.75,0.38,0.38,0.125,0.125,2.0,0.0,0.0,0.0,1.0,1.0,1.0,0.125,1.0,0.0,0.0,0.0,0.13,0.0,0.0,0.0,0.0,,571:00,0.0,0.0,0.0,,,,,,,,,,,,,,,,,,,,,,2.5389508850659164,993,89
2026-27,wsoc,Centennial Conference,centennial_conference,Dickinson,"Merkel, Bridget",Bridget,Merkel,,185,"Merkel, Bridget","MERKEL,BRIDGET",Dickinson,DSON,663-2680,9,8,13,0,13,0.0,0.0,3.0,8.0,3.0,1.0,1.0,0.0,0.0,0.89,0.33,0.33,0.111,0.111,2.0,0.0,0.0,0.0,1.0,1.0,1.0,0.111,6.0,0.0,0.0,0.0,0.67,0.0,0.0,0.0,0.0,,592:00,0.0,0.0,0.0,,,,,,,,,,,,,,,,,,,,,,2.5389508850659164,1014,88
2026-27,wsoc,Centennial Conference,centennial_conference,McDaniel,Katie Pena-Bandalo,Katie,Pena-Bandalo,,773,Katie Pena-Bandalo,"PENA-BANDALO,KATIE",McDaniel,MCDANIEL,668-3550,9,0,7,0,7,0.0,0.0,2.0,5.0,3.0,1.0,1.0,1.0,0.0,0.56,0.22,0.33,0.111,0.111,1.0,0.0,0.0,0.0,0.0,0.0,0.0,0.0,3.0,0.0,0.0,0.0,0.33,0.0,0.0,0.0,0.0,,191:00,0.0,0.0,0.0,,,,,,,,,,,,,,,,,,,,,,2.38096254484285,1066,88
2026-27,wsoc,Centennial Conference,centennial_conference,Swarthmore,"Evans, Aminah",Aminah,Evans,,686,"Evans, Aminah","EVANS,AMINAH",Swarthmore,SWT,670-6488,8,8,25,0,25,0.0,0.0,3.0,5.0,2.0,2.0,0.0,0.0,0.0,0.63,0.38,0.25,0.0,0.25,3.0,0.0,0.0,0.0,0.0,0.0,0.0,0.0,1.0,0.0,0.0,0.0,0.13,0.0,0.0,0.0,0.0,,542:00,0.0,0.0,0.0,,,,,,,,,,,,,,,,,,,,,,2.288328925100858,1092,88
2026-27,wsoc,Centennial Conference,centennial_conference,Ursinus,"Krystkiewicz, Gwyn",Gwyn,Krystkiewicz,,730,"Krystkiewicz, Gwyn","KRYSTKIEWICZ,GWYN",Ursinus,UCB,671-3089,8,1,5,0,5,0.0,0.0,1.0,6.0,3.0,1.0,1.0,1.0,1.0,0.75,0.13,0.38,0.125,0.125,0.0,0.0,0.0,0.0,0.0,1.0,1.0,0.125,2.0,0.0,0.0,0.0,0.25,0.0,0.0,0.0,0.0,,202:00,0.0,0.0,0.0,,,,,,,,,,,,,,,,,,,,,,2.2229742046197836,1110,88
2026-27,wsoc,Centennial Conference,centennial_conference,Dickinson,"Cefaloni, Ava",Ava,Cefaloni,,185,"Cefaloni, Ava","CEFALONI,AVA",Dickinson,DSON,663-2683,4,0,26,0,26,0.0,0.0,2.0,9.0,2.0,2.0,0.0,0.0,0.0,2.25,0.5,0.5,0.0,0.5,2.0,0.0,0.0,0.0,0.0,0.0,0.0,0.0,0.0,0.0,0.0,0.0,0.0,0.0,0.0,0.0,0.0,,124:00,0.0,0.0,0.0,,,,,,,,,,,,,,,,,,,,,,2.130340584877792,1134,88
2026-27,wsoc,Centennial Conference,centennial_conference,Swarthmore,"Tolosa, Izzy",Izzy,Tolosa,,686,"Tolosa, Izzy","TOLOSA,IZZY",Swarthmore,SWT,670-7838,8,4,22,0,22,0.0,0.0,2.0,7.0,2.0,2.0,0.0,0.0,0.0,0.88,0.25,0.25,0.0,0.25,2.0,0.0,0.0,0.0,0.0,0.0,0.0,0.0,1.0,0.0,0.0,0.0,0.13,0.0,0.0,0.0,0.0,,313:00,0.0,0.0,0.0,,,,,,,,,,,,,,,,,,,,,,2.130340584877792,1146,88
2026-27,wsoc,Centennial Conference,centennial_conference,Muhlenberg,"Cheeseman, Devon",Devon,Cheeseman,,453,"Cheeseman, Devon","CHEESEMAN,DEVON",Muhlenberg,Mules,669-3222,8,8,3,0,3,0.0,0.0,1.0,2.0,2.0,2.0,0.0,0.0,0.0,0.25,0.13,0.25,0.0,0.25,1.0,0.0,0.0,0.0,0.0,0.0,0.0,0.0,8.0,0.0,1.0,0.0,1.0,0.13,0.0,0.0,0.0,,538:00,0.0,0.0,0.0,,,,,,,,,,,,,,,,,,,,,,1.9723522446547253,1153,87
2026-27,wsoc,Centennial Conference,centennial_conference,Muhlenberg,"Larner, Rose",Rose,Larner,,453,"Larner, Rose","LARNER,ROSE",Muhlenberg,Mules,669-3225,8,8,18,0,18,0.0,0.0,1.0,8.0,2.0,2.0,0.0,0.0,0.0,1.0,0.13,0.25,0.0,0.25,1.0,0.0,0.0,0.0,0.0,0.0,0.0,0.0,5.0,0.0,0.0,0.0,0.63,0.0,0.0,0.0,0.0,,586:00,0.0,0.0,0.0,,,,,,,,,,,,,,,,,,,,,,1.9723522446547253,1158,87
2026-27,wsoc,Centennial Conference,centennial_conference,Washington College,"Peace, Ashleigh",Ashleigh,Peace,,753,"Peace, Ashleigh","PEACE,ASHLEIGH",Washington College,WAC,672-4724,9,5,3,0,3,0.0,0.0,1.0,4.0,2.0,2.0,0.0,0.0,0.0,0.44,0.11,0.22,0.0,0.222,1.0,0.0,0.0,0.0,0.0,0.0,0.0,0.0,4.0,0.0,0.0,0.0,0.44,0.0,0.0,0.0,0.0,,386:00,0.0,0.0,0.0,,,,,,,,,,,,,,,,,,,,,,1.9723522446547253,1166,87
2026-27,wsoc,Centennial Conference,centennial_conference,Ursinus,"Sanders, Fiona",Fiona,Sanders,,730,"Sanders, Fiona","SANDERS,FIONA",Ursinus,UCB,671-3607,8,8,10,0,10,0.0,0.0,1.0,3.0,2.0,2.0,0.0,0.0,0.0,0.38,0.13,0.25,0.0,0.25,1.0,0.0,0.0,0.0,0.0,0.0,0.0,0.0,4.0,0.0,0.0,0.0,0.5,0.0,0.0,0.0,0.0,,609:00,0.0,0.0,0.0,,,,,,,,,,,,,,,,,,,,,,1.9723522446547253,1168,87
2026-27,wsoc,Centennial Conference,centennial_conference,Swarthmore,"Shanholtzer, Eleanor",Eleanor,Shanholtzer,,686,"Shanholtzer, Eleanor","SHANHOLTZER,ELEANOR",Swarthmore,SWT,670-6591,8,1,20,0,20,0.0,0.0,0.0,1.0,2.0,2.0,0.0,0.0,0.0,0.13,0.0,0.25,0.0,0.25,0.0,0.0,0.0,0.0,0.0,0.0,0.0,0.0,0.0,0.0,0.0,0.0,0.0,0.0,0.0,0.0,0.0,,210:00,0.0,0.0,0.0,,,,,,,,,,,,,,,,,,,,,,1.8143639044316584,1187,87
2026-27,wsoc,Centennial Conference,centennial_conference,Franklin & Marshall,Kyra Magerko,Kyra,Magerko,,239,Kyra Magerko,"MAGERKO,KYRA",Franklin & Marshall,F&M,664-6358,8,7,7,0,7,0.0,0.0,9.0,17.0,2.0,0.0,1.0,0.0,0.0,2.13,1.13,0.25,0.125,0.0,8.0,0.0,0.0,0.0,1.0,0.0,1.0,0.125,3.0,0.0,0.0,0.0,0.38,0.0,0.0,0.0,0.0,,468:00,0.0,0.0,0.0,,,,,,,,,,,,,,,,,,,,,,1.71060521117996,1197,87
2026-27,wsoc,Centennial Conference,centennial_conference,Gettysburg,"Hufnagle, Karissa",Karissa,Hufnagle,,258,"Hufnagle, Karissa","HUFNAGLE,KARISSA",Gettysburg,GET,665-5904,8,8,16,0,16,0.0,0.0,6.0,14.0,2.0,0.0,1.0,0.0,0.0,1.75,0.75,0.25,0.125,0.0,5.0,0.0,0.0,0.0,1.0,1.0,1.0,0.125,13.0,0.0,1.0,0.0,1.63,0.13,0.0,0.0,0.0,,569:00,0.0,0.0,0.0,,,,,,,,,,,,,,,,,,,,,,1.23664019051076,1236,87
2026-27,wsoc,Centennial Conference,centennial_conference,Johns Hopkins,"Davis, Terren",Terren,Davis,,322,"Davis, Terren","DAVIS,TERREN",Johns Hopkins,JHU,667-8837,9,8,16,0,16,0.0,0.0,5.0,19.0,2.0,0.0,1.0,0.0,0.0,2.11,0.56,0.22,0.111,0.0,4.0,0.0,0.0,0.0,0.0,0.0,0.0,0.0,12.0,0.0,0.0,0.0,1.33,0.0,0.0,0.0,0.0,,663:00,0.0,0.0,0.0,,,,,,,,,,,,,,,,,,,,,,1.0786518502876938,1270,87
2026-27,wsoc,Centennial Conference,centennial_conference,Haverford,Devyn Telleen,Devyn,Telleen,,276,Devyn Telleen,"TELLEEN,DEVYN",Haverford,HAVWSOC,666-2535,8,0,17,0,17,0.0,0.0,5.0,9.0,2.0,0.0,1.0,0.0,0.0,1.13,0.63,0.25,0.125,0.0,4.0,0.0,0.0,0.0,1.0,1.0,1.0,0.125,2.0,0.0,0.0,0.0,0.25,0.0,0.0,0.0,0.0,,293:00,0.0,0.0,0.0,,,,,,,,,,,,,,,,,,,,,,1.0786518502876938,1271,87
2026-27,wsoc,Centennial Conference,centennial_conference,Franklin & Marshall,Meg Balerna,Meg,Balerna,,239,Meg Balerna,"BALERNA,MEG",Franklin & Marshall,F&M,664-6112,8,8,8,0,8,0.0,0.0,5.0,11.0,2.0,0.0,1.0,0.0,0.0,1.38,0.63,0.25,0.125,0.0,4.0,0.0,0.0,0.0,1.0,0.0,1.0,0.125,3.0,0.0,0.0,0.0,0.38,0.0,0.0,0.0,0.0,,683:00,0.0,0.0,0.0,,,,,,,,,,,,,,,,,,,,,,1.0786518502876938,1287,87
2026-27,wsoc,Centennial Conference,centennial_conference,Johns Hopkins,"Kruntchev, Ella",Ella,Kruntchev,,322,"Kruntchev, Ella","KRUNTCHEV,ELLA",Johns Hopkins,JHU,667-6882,8,8,0,0,0,0.0,0.0,0.0,0.0,1.0,1.0,0.0,0.0,0.0,0.0,0.0,0.13,0.0,0.125,0.0,0.0,0.0,0.0,0.0,0.0,0.0,0.0,0.0,0.0,0.0,0.0,0.0,0.0,0.0,0.0,0.0,,630:00,0.0,0.0,0.0,55.0,2.0,1,4.0,3.0,0.864,0.43,19.0,3.0,630:00,8.0,8.0,0.38,0.864,0.375,2.38,,,,,,1.0088478917041075,1302,86
2026-27,wsoc,Centennial Conference,centennial_conference,Muhlenberg,"Hill, Madelyn",Madelyn,Hill,,453,"Hill, Madelyn","HILL,MADELYN",Muhlenberg,Mules,669-3394,7,7,27,0,27,0.0,0.0,6.0,13.0,1.0,1.0,0.0,0.0,0.0,1.86,0.86,0.14,0.0,0.143,6.0,0.0,0.0,0.0,0.0,0.0,0.0,0.0,4.0,0.0,0.0,0.0,0.57,0.0,0.0,0.0,0.0,,403:00,0.0,0.0,0.0,,,,,,,,,,,,,,,,,,,,,,0.986018230545702,1306,86
2026-27,wsoc,Centennial Conference,centennial_conference,Gettysburg,"Rogers, Camryn",Camryn,Rogers,,258,"Rogers, Camryn","ROGERS,CAMRYN",Gettysburg,GET,665-5736,8,3,24,0,24,0.0,0.0,6.0,11.0,1.0,1.0,0.0,0.0,0.0,1.38,0.75,0.13,0.0,0.125,6.0,0.0,0.0,0.0,0.0,0.0,0.0,0.0,4.0,0.0,0.0,0.0,0.5,0.0,0.0,0.0,0.0,,421:00,0.0,0.0,0.0,,,,,,,,,,,,,,,,,,,,,,0.986018230545702,1312,86
2026-27,wsoc,Centennial Conference,centennial_conference,Ursinus,"Cooper, Sophia",Sophia,Cooper,,730,"Cooper, Sophia","COOPER,SOPHIA",Ursinus,UCB,671-3398,8,4,4,0,4,0.0,0.0,4.0,4.0,2.0,0.0,1.0,0.0,0.0,0.5,0.5,0.25,0.125,0.0,3.0,0.0,0.0,0.0,1.0,0.0,1.0,0.125,1.0,0.0,0.0,0.0,0.13,0.0,0.0,0.0,0.0,,292:00,0.0,0.0,0.0,,,,,,,,,,,,,,,,,,,,,,0.9206635100646272,1330,86
2026-27,wsoc,Centennial Conference,centennial_conference,Muhlenberg,"Sullivan, Reilly",Reilly,Sullivan,,453,"Sullivan, Reilly","SULLIVAN,REILLY",Muhlenberg,Mules,669-3229,7,4,19,0,19,0.0,0.0,4.0,8.0,2.0,0.0,1.0,0.0,0.0,1.14,0.57,0.29,0.143,0.0,3.0,0.0,0.0,0.0,1.0,0.0,1.0,0.143,4.0,0.0,0.0,0.0,0.57,0.0,0.0,0.0,0.0,,307:00,0.0,0.0,0.0,,,,,,,,,,,,,,,,,,,,,,0.9206635100646272,1376,86
2026-27,wsoc,Centennial Conference,centennial_conference,Dickinson,"Bariso, Isabelle",Isabelle,Bariso,,185,"Bariso, Isabelle","BARISO,ISABELLE",Dickinson,DSON,663-3041,9,6,20,0,20,0.0,0.0,3.0,6.0,2.0,0.0,1.0,0.0,0.0,0.67,0.33,0.22,0.111,0.0,2.0,0.0,0.0,0.0,0.0,0.0,0.0,0.0,9.0,0.0,0.0,0.0,1.0,0.0,0.0,0.0,0.0,,414:00,0.0,0.0,0.0,,,,,,,,,,,,,,,,,,,,,,0.7626751698415606,1417,86
2026-27,wsoc,Centennial Conference,centennial_conference,McDaniel,Lauren Green,Lauren,Green,,773,Lauren Green,"GREEN,LAUREN",McDaniel,MCDANIEL,668-3375,8,1,8,0,8,0.0,0.0,3.0,8.0,2.0,0.0,1.0,0.0,0.0,1.0,0.38,0.25,0.125,0.0,2.0,0.0,0.0,0.0,0.0,0.0,0.0,0.0,1.0,0.0,0.0,0.0,0.13,0.0,0.0,0.0,0.0,,254:00,0.0,0.0,0.0,,,,,,,,,,,,,,,,,,,,,,0.7626751698415606,1449,86
2026-27,wsoc,Centennial Conference,centennial_conference,Gettysburg,"McGrath, Anna",Anna,McGrath,,258,"McGrath, Anna","MCGRATH,ANNA",Gettysburg,GET,665-6328,8,8,8,0,8,0.0,0.0,3.0,7.0,2.0,0.0,1.0,0.0,0.0,0.88,0.38,0.25,0.125,0.0,2.0,0.0,0.0,0.0,1.0,1.0,0.0,0.0,4.0,0.0,0.0,0.0,0.5,0.0,0.0,0.0,0.0,,720:00,0.0,0.0,0.0,,,,,,,,,,,,,,,,,,,,,,0.7626751698415606,1457,85
2026-27,wsoc,Centennial Conference,centennial_conference,Ursinus,"Monti, Giada",Giada,Monti,,730,"Monti, Giada","MONTI,GIADA",Ursinus,UCB,671-3844,5,0,24,0,24,0.0,0.0,3.0,4.0,2.0,0.0,1.0,0.0,0.0,0.8,0.6,0.4,0.2,0.0,2.0,0.0,0.0,0.0,0.0,1.0,0.0,0.0,1.0,0.0,0.0,0.0,0.2,0.0,0.0,0.0,0.0,,111:00,0.0,0.0,0.0,,,,,,,,,,,,,,,,,,,,,,0.7626751698415606,1464,85
2026-27,wsoc,Centennial Conference,centennial_conference,McDaniel,Josie Scanlon,Josie,Scanlon,,773,Josie Scanlon,"SCANLON,JOSIE",McDaniel,MCDANIEL,668-3549,9,9,4,0,4,0.0,0.0,4.0,6.0,1.0,1.0,0.0,0.0,0.0,0.67,0.44,0.11,0.0,0.111,4.0,0.0,0.0,0.0,0.0,0.0,0.0,0.0,6.0,0.0,0.0,0.0,0.67,0.0,0.0,0.0,0.0,,490:00,0.0,0.0,0.0,,,,,,,,,,,,,,,,,,,,,,0.6700415500995689,1507,85
2026-27,wsoc,Centennial Conference,centennial_conference,Ursinus,"Kim, Cora",Cora,Kim,,730,"Kim, Cora","KIM,CORA",Ursinus,UCB,671-3613,8,8,28,0,28,0.0,0.0,4.0,5.0,1.0,1.0,0.0,0.0,0.0,0.63,0.5,0.13,0.0,0.125,4.0,0.0,0.0,0.0,0.0,0.0,0.0,0.0,2.0,0.0,0.0,0.0,0.25,0.0,0.0,0.0,0.0,,523:00,0.0,0.0,0.0,,,,,,,,,,,,,,,,,,,,,,0.6700415500995689,1508,85
2026-27,wsoc,Centennial Conference,centennial_conference,Bryn Mawr,"Akbar, Meesha",Meesha,Akbar,,82,"Akbar, Meesha","AKBAR,MEESHA",Bryn Mawr,BMU,662-1541,5,4,18,0,18,0.0,0.0,2.0,3.0,2.0,0.0,1.0,0.0,0.0,0.6,0.4,0.4,0.2,0.0,1.0,0.0,0.0,0.0,0.0,1.0,0.0,0.0,1.0,0.0,0.0,0.0,0.2,0.0,0.0,0.0,0.0,,403:00,0.0,0.0,0.0,,,,,,,,,,,,,,,,,,,,,,0.6046868296184941,1534,85
2026-27,wsoc,Centennial Conference,centennial_conference,Dickinson,"Chimento, Izzy",Izzy,Chimento,,185,"Chimento, Izzy","CHIMENTO,IZZY",Dickinson,DSON,663-2896,3,0,25,0,25,0.0,0.0,2.0,2.0,2.0,0.0,1.0,0.0,0.0,0.67,0.67,0.67,0.333,0.0,1.0,0.0,0.0,0.0,0.0,0.0,0.0,0.0,1.0,0.0,0.0,0.0,0.33,0.0,0.0,0.0,0.0,,96:00,0.0,0.0,0.0,,,,,,,,,,,,,,,,,,,,,,0.6046868296184941,1560,85
2026-27,wsoc,Centennial Conference,centennial_conference,Dickinson,"Flowers, Lauren",Lauren,Flowers,,185,"Flowers, Lauren","FLOWERS,LAUREN",Dickinson,DSON,663-2679,4,0,11,0,11,0.0,0.0,2.0,5.0,2.0,0.0,1.0,0.0,0.0,1.25,0.5,0.5,0.25,0.0,1.0,0.0,0.0,0.0,0.0,1.0,0.0,0.0,1.0,0.0,0.0,0.0,0.25,0.0,0.0,0.0,0.0,,111:00,0.0,0.0,0.0,,,,,,,,,,,,,,,,,,,,,,0.6046868296184941,1584,85
2026-27,wsoc,Centennial Conference,centennial_conference,Ursinus,"Godown, Abby",Abby,Godown,,730,"Godown, Abby","GODOWN,ABBY",Ursinus,UCB,671-3611,6,0,26,0,26,0.0,0.0,2.0,4.0,2.0,0.0,1.0,0.0,0.0,0.67,0.33,0.33,0.167,0.0,1.0,0.0,0.0,0.0,0.0,0.0,0.0,0.0,0.0,0.0,0.0,0.0,0.0,0.0,0.0,0.0,0.0,,144:00,0.0,0.0,0.0,,,,,,,,,,,,,,,,,,,,,,0.6046868296184941,1594,85
2026-27,wsoc,Centennial Conference,centennial_conference,Dickinson,"Liu, Amber",Amber,Liu,,185,"Liu, Amber","LIU,AMBER",Dickinson,DSON,663-3232,7,6,22,0,22,0.0,0.0,2.0,4.0,2.0,0.0,1.0,0.0,0.0,0.57,0.29,0.29,0.143,0.0,1.0,0.0,0.0,0.0,0.0,0.0,0.0,0.0,4.0,0.0,0.0,0.0,0.57,0.0,0.0,0.0,0.0,,473:00,0.0,0.0,0.0,,,,,,,,,,,,,,,,,,,,,,0.6046868296184941,1621,84
2026-27,wsoc,Centennial Conference,centennial_conference,Ursinus,"Renna, Chelsea",Chelsea,Renna,,730,"Renna, Chelsea","RENNA,CHELSEA",Ursinus,UCB,671-3608,5,0,2,0,2,0.0,0.0,2.0,3.0,2.0,0.0,1.0,0.0,0.0,0.6,0.4,0.4,0.2,0.0,1.0,0.0,0.0,0.0,0.0,0.0,0.0,0.0,0.0,0.0,0.0,0.0,0.0,0.0,0.0,0.0,0.0,,98:00,0.0,0.0,0.0,,,,,,,,,,,,,,,,,,,,,,0.6046868296184941,1647,84
2026-27,wsoc,Centennial Conference,centennial_conference,Washington College,"Ross, Danica",Danica,Ross,,753,"Ross, Danica","ROSS,DANICA",Washington College,WAC,672-4904,8,3,8,0,8,0.0,0.0,2.0,3.0,2.0,0.0,1.0,0.0,0.0,0.38,0.25,0.25,0.125,0.0,1.0,0.0,0.0,0.0,1.0,1.0,1.0,0.125,3.0,0.0,0.0,0.0,0.38,0.0,0.0,0.0,0.0,,215:00,0.0,0.0,0.0,,,,,,,,,,,,,,,,,,,,,,0.6046868296184941,1652,84
2026-27,wsoc,Centennial Conference,centennial_conference,Swarthmore,"Sims, Charlotte",Charlotte,Sims,,686,"Sims, Charlotte","SIMS,CHARLOTTE",Swarthmore,SWT,670-5850,8,7,5,0,5,0.0,0.0,2.0,7.0,2.0,0.0,1.0,0.0,0.0,0.88,0.25,0.25,0.125,0.0,1.0,0.0,0.0,0.0,1.0,1.0,1.0,0.125,2.0,0.0,0.0,0.0,0.25,0.0,0.0,0.0,0.0,,349:00,0.0,0.0,0.0,,,,,,,,,,,,,,,,,,,,,,0.6046868296184941,1665,84
2026-27,wsoc,Centennial Conference,centennial_conference,Haverford,Sofia Terry,Sofia,Terry,,276,Sofia Terry,"TERRY,SOFIA",Haverford,HAVWSOC,666-1792,8,0,23,0,23,0.0,0.0,2.0,6.0,2.0,0.0,1.0,0.0,0.0,0.75,0.25,0.25,0.125,0.0,1.0,0.0,0.0,0.0,0.0,0.0,0.0,0.0,1.0,0.0,0.0,0.0,0.13,0.0,0.0,0.0,0.0,,284:00,0.0,0.0,0.0,,,,,,,,,,,,,,,,,,,,,,0.6046868296184941,1669,84
2026-27,wsoc,Centennial Conference,centennial_conference,McDaniel,Angelina Rocha,Angelina,Rocha,,773,Angelina Rocha,"ROCHA,ANGELINA",McDaniel,MCDANIEL,668-3619,7,0,17,0,17,0.0,0.0,3.0,4.0,1.0,1.0,0.0,0.0,0.0,0.57,0.43,0.14,0.0,0.143,3.0,0.0,0.0,0.0,0.0,0.0,0.0,0.0,0.0,0.0,0.0,0.0,0.0,0.0,0.0,0.0,0.0,,160:00,0.0,0.0,0.0,,,,,,,,,,,,,,,,,,,,,,0.5120532098765024,1694,84
2026-27,wsoc,Centennial Conference,centennial_conference,Gettysburg,"Labarge, Kate",Kate,Labarge,,258,"Labarge, Kate","LABARGE,KATE",Gettysburg,GET,665-5906,8,8,14,0,14,0.0,0.0,3.0,7.0,1.0,1.0,0.0,0.0,0.0,0.88,0.38,0.13,0.0,0.125,3.0,0.0,0.0,0.0,0.0,0.0,0.0,0.0,4.0,0.0,0.0,0.0,0.5,0.0,0.0,0.0,0.0,,508:00,0.0,0.0,0.0,,,,,,,,,,,,,,,,,,,,,,0.5120532098765024,1714,84
2026-27,wsoc,Centennial Conference,centennial_conference,Johns Hopkins,"Sanchez Burgueño, Irene",Irene,Sanchez Burgueño,,322,"Sanchez Burgueño, Irene","SANCHEZ BURGUEÑO,IRENE",Johns Hopkins,JHU,667-6075,9,5,10,0,10,0.0,0.0,3.0,5.0,1.0,1.0,0.0,0.0,0.0,0.56,0.33,0.11,0.0,0.111,3.0,0.0,0.0,0.0,0.0,0.0,0.0,0.0,10.0,0.0,1.0,0.0,1.11,0.11,0.0,0.0,0.0,,398:00,0.0,0.0,0.0,,,,,,,,,,,,,,,,,,,,,,0.5120532098765024,1735,84
2026-27,wsoc,Centennial Conference,centennial_conference,Dickinson,"Arnold, Kaitlyn",Kaitlyn,Arnold,,185,"Arnold, Kaitlyn","ARNOLD,KAITLYN",Dickinson,DSON,663-3040,8,1,9,0,9,0.0,0.0,1.0,2.0,2.0,0.0,1.0,0.0,0.0,0.25,0.13,0.25,0.125,0.0,0.0,0.0,0.0,0.0,0.0,1.0,1.0,0.125,1.0,0.0,0.0,0.0,0.13,0.0,0.0,0.0,0.0,,289:00,0.0,0.0,0.0,,,,,,,,,,,,,,,,,,,,,,0.4466984893954275,1753,84
2026-27,wsoc,Centennial Conference,centennial_conference,Ursinus,"Frank, Ellie",Ellie,Frank,,730,"Frank, Ellie","FRANK,ELLIE",Ursinus,UCB,671-3090,6,0,12,0,12,0.0,0.0,1.0,3.0,2.0,0.0,1.0,0.0,0.0,0.5,0.17,0.33,0.167,0.0,0.0,0.0,0.0,0.0,0.0,1.0,0.0,0.0,3.0,0.0,0.0,0.0,0.5,0.0,0.0,0.0,0.0,,181:00,0.0,0.0,0.0,,,,,,,,,,,,,,,,,,,,,,0.4466984893954275,1801,83
2026-27,wsoc,Centennial Conference,centennial_conference,Haverford,Kate Peters,Kate,Peters,,276,Kate Peters,"PETERS,KATE",Haverford,HAVWSOC,666-2534,7,0,25,0,25,0.0,0.0,1.0,1.0,2.0,0.0,1.0,0.0,0.0,0.14,0.14,0.29,0.143,0.0,0.0,0.0,0.0,0.0,0.0,0.0,0.0,0.0,2.0,0.0,0.0,0.0,0.29,0.0,0.0,0.0,0.0,,229:00,0.0,0.0,0.0,,,,,,,,,,,,,,,,,,,,,,0.4466984893954275,1829,83
2026-27,wsoc,Centennial Conference,centennial_conference,Muhlenberg,"Millan, Ava",Ava,Millan,,453,"Millan, Ava","MILLAN,AVA",Muhlenberg,Mules,669-3397,8,0,23,0,23,0.0,0.0,1.0,3.0,2.0,0.0,1.0,0.0,0.0,0.38,0.13,0.25,0.125,0.0,0.0,0.0,0.0,0.0,1.0,0.0,0.0,0.0,2.0,0.0,0.0,0.0,0.25,0.0,0.0,0.0,0.0,,349:00,0.0,0.0,0.0,,,,,,,,,,,,,,,,,,,,,,0.4466984893954275,1850,83
2026-27,wsoc,Centennial Conference,centennial_conference,Ursinus,"Parson, Josie",Josie,Parson,,730,"Parson, Josie","PARSON,JOSIE",Ursinus,UCB,671-3092,7,2,20,0,20,0.0,0.0,1.0,1.0,2.0,0.0,1.0,0.0,0.0,0.14,0.14,0.29,0.143,0.0,0.0,0.0,0.0,0.0,1.0,0.0,1.0,0.143,0.0,0.0,0.0,0.0,0.0,0.0,0.0,0.0,0.0,,266:00,0.0,0.0,0.0,,,,,,,,,,,,,,,,,,,,,,0.4466984893954275,1861,83
2026-27,wsoc,Centennial Conference,centennial_conference,Bryn Mawr,"Schmelz, Lillie",Lillie,Schmelz,,82,"Schmelz, Lillie","SCHMELZ,LILLIE",Bryn Mawr,BMU,662-1540,7,7,12,0,12,0.0,0.0,1.0,5.0,2.0,0.0,1.0,0.0,0.0,0.71,0.14,0.29,0.143,0.0,0.0,0.0,0.0,0.0,1.0,0.0,1.0,0.143,5.0,0.0,0.0,0.0,0.71,0.0,0.0,0.0,0.0,,424:00,0.0,0.0,0.0,,,,,,,,,,,,,,,,,,,,,,0.4466984893954275,1874,83
2026-27,wsoc,Centennial Conference,centennial_conference,Dickinson,"Ervin, Lauren",Lauren,Ervin,,185,"Ervin, Lauren","ERVIN,LAUREN",Dickinson,DSON,663-2898,8,3,3,0,3,0.0,0.0,2.0,4.0,1.0,1.0,0.0,0.0,0.0,0.5,0.25,0.13,0.0,0.125,2.0,0.0,0.0,0.0,0.0,0.0,0.0,0.0,0.0,0.0,0.0,0.0,0.0,0.0,0.0,0.0,0.0,,295:00,0.0,0.0,0.0,,,,,,,,,,,,,,,,,,,,,,0.3540648696534358,1912,82
2026-27,wsoc,Centennial Conference,centennial_conference,Haverford,Mia Peifer,Mia,Peifer,,276,Mia Peifer,"PEIFER,MIA",Haverford,HAVWSOC,666-1791,8,8,3,0,3,0.0,0.0,2.0,2.0,1.0,1.0,0.0,0.0,0.0,0.25,0.25,0.13,0.0,0.125,2.0,0.0,0.0,0.0,0.0,0.0,0.0,0.0,3.0,0.0,0.0,0.0,0.38,0.0,0.0,0.0,0.0,,720:00,0.0,0.0,0.0,,,,,,,,,,,,,,,,,,,,,,0.3540648696534358,1948,82
2026-27,wsoc,Centennial Conference,centennial_conference,Swarthmore,"Roche, Lauren",Lauren,Roche,,686,"Roche, Lauren","ROCHE,LAUREN",Swarthmore,SWT,670-6590,6,1,27,0,27,0.0,0.0,2.0,3.0,1.0,1.0,0.0,0.0,0.0,0.5,0.33,0.17,0.0,0.167,2.0,0.0,0.0,0.0,0.0,0.0,0.0,0.0,0.0,0.0,0.0,0.0,0.0,0.0,0.0,0.0,0.0,,216:00,0.0,0.0,0.0,,,,,,,,,,,,,,,,,,,,,,0.3540648696534358,1960,82
2026-27,wsoc,Centennial Conference,centennial_conference,Ursinus,"Williams, Emma",Emma,Williams,,730,"Williams, Emma","WILLIAMS,EMMA",Ursinus,UCB,671-3841,3,0,21,0,21,0.0,0.0,2.0,2.0,1.0,1.0,0.0,0.0,0.0,0.67,0.67,0.33,0.0,0.333,2.0,0.0,0.0,0.0,0.0,0.0,0.0,0.0,2.0,0.0,0.0,0.0,0.67,0.0,0.0,0.0,0.0,,40:00,0.0,0.0,0.0,,,,,,,,,,,,,,,,,,,,,,0.3540648696534358,1978,82
2026-27,wsoc,Centennial Conference,centennial_conference,Haverford,Alejandra Diaz,Alejandra,Diaz,,276,Alejandra Diaz,"DIAZ,ALEJANDRA",Haverford,HAVWSOC,666-2533,8,1,12,0,12,0.0,0.0,1.0,3.0,1.0,1.0,0.0,0.0,0.0,0.38,0.13,0.13,0.0,0.125,1.0,0.0,0.0,0.0,0.0,0.0,0.0,0.0,4.0,0.0,1.0,0.0,0.5,0.13,0.0,0.0,0.0,,199:00,0.0,0.0,0.0,,,,,,,,,,,,,,,,,,,,,,0.1960765294303693,1982,82
2026-27,wsoc,Centennial Conference,centennial_conference,Johns Hopkins,"Burwell, Sayre",Sayre,Burwell,,322,"Burwell, Sayre","BURWELL,SAYRE",Johns Hopkins,JHU,667-5793,9,3,33,0,33,0.0,0.0,1.0,1.0,1.0,1.0,0.0,0.0,0.0,0.11,0.11,0.11,0.0,0.111,1.0,0.0,0.0,0.0,0.0,0.0,0.0,0.0,2.0,0.0,2.0,0.0,0.22,0.22,0.0,0.0,0.0,,407:00,0.0,0.0,0.0,,,,,,,,,,,,,,,,,,,,,,0.1960765294303693,1996,82
2026-27,wsoc,Centennial Conference,centennial_conference,Haverford,Cate Dugan,Cate,Dugan,,276,Cate Dugan,"DUGAN,CATE",Haverford,HAVWSOC,666-2687,6,4,14,0,14,0.0,0.0,1.0,5.0,1.0,1.0,0.0,0.0,0.0,0.83,0.17,0.17,0.0,0.167,1.0,0.0,0.0,0.0,0.0,0.0,0.0,0.0,6.0,0.0,0.0,0.0,1.0,0.0,0.0,0.0,0.0,,317:00,0.0,0.0,0.0,,,,,,,,,,,,,,,,,,,,,,0.1960765294303693,1999,82
2026-27,wsoc,Centennial Conference,centennial_conference,Johns Hopkins,"Fang, Lauren",Lauren,Fang,,322,"Fang, Lauren","FANG,LAUREN",Johns Hopkins,JHU,667-5787,4,1,19,0,19,0.0,0.0,1.0,2.0,1.0,1.0,0.0,0.0,0.0,0.5,0.25,0.25,0.0,0.25,1.0,0.0,0.0,0.0,0.0,0.0,0.0,0.0,1.0,0.0,0.0,0.0,0.25,0.0,0.0,0.0,0.0,,163:00,0.0,0.0,0.0,,,,,,,,,,,,,,,,,,,,,,0.1960765294303693,2008,82
2026-27,wsoc,Centennial Conference,centennial_conference,Swarthmore,"Fenkner, Halle",Halle,Fenkner,,686,"Fenkner, Halle","FENKNER,HALLE",Swarthmore,SWT,670-5847,5,0,3,0,3,0.0,0.0,1.0,3.0,1.0,1.0,0.0,0.0,0.0,0.6,0.2,0.2,0.0,0.2,1.0,0.0,0.0,0.0,0.0,0.0,0.0,0.0,1.0,0.0,0.0,0.0,0.2,0.0,0.0,0.0,0.0,,148:00,0.0,0.0,0.0,,,,,,,,,,,,,,,,,,,,,,0.1960765294303693,2012,82
2026-27,wsoc,Centennial Conference,centennial_conference,Franklin & Marshall,Grace Craig,Grace,Craig,,239,Grace Craig,"CRAIG,GRACE",Franklin & Marshall,F&M,664-5790,8,8,18,0,18,0.0,0.0,1.0,2.0,1.0,1.0,0.0,0.0,0.0,0.25,0.13,0.13,0.0,0.125,1.0,0.0,0.0,0.0,0.0,0.0,0.0,0.0,3.0,0.0,0.0,0.0,0.38,0.0,0.0,0.0,0.0,,702:00,0.0,0.0,0.0,,,,,,,,,,,,,,,,,,,,,,0.1960765294303693,2024,82
2026-27,wsoc,Centennial Conference,centennial_conference,Ursinus,"Jolie, Maddie",Maddie,Jolie,,730,"Jolie, Maddie","JOLIE,MADDIE",Ursinus,UCB,671-3091,8,8,19,0,19,0.0,0.0,1.0,2.0,1.0,1.0,0.0,0.0,0.0,0.25,0.13,0.13,0.0,0.125,1.0,0.0,0.0,0.0,0.0,0.0,0.0,0.0,4.0,0.0,2.0,0.0,0.5,0.25,0.0,0.0,0.0,,685:00,0.0,0.0,0.0,,,,,,,,,,,,,,,,,,,,,,0.1960765294303693,2038,82
2026-27,wsoc,Centennial Conference,centennial_conference,Bryn Mawr,"Lalor, Ciara",Ciara,Lalor,,82,"Lalor, Ciara","LALOR,CIARA",Bryn Mawr,BMU,662-1464,8,7,17,0,17,0.0,0.0,1.0,4.0,1.0,1.0,0.0,0.0,0.0,0.5,0.13,0.13,0.0,0.125,1.0,0.0,0.0,0.0,0.0,0.0,0.0,0.0,10.0,0.0,1.0,0.0,1.25,0.13,0.0,0.0,0.0,,561:00,0.0,0.0,0.0,,,,,,,,,,,,,,,,,,,,,,0.1960765294303693,2045,82
2026-27,wsoc,Centennial Conference,centennial_conference,Gettysburg,"Martin, Catherine",Catherine,Martin,,258,"Martin, Catherine","MARTIN,CATHERINE",Gettysburg,GET,665-6113,8,8,12,0,12,0.0,0.0,1.0,2.0,1.0,1.0,0.0,0.0,0.0,0.25,0.13,0.13,0.0,0.125,1.0,0.0,0.0,0.0,0.0,0.0,0.0,0.0,6.0,0.0,0.0,0.0,0.75,0.0,0.0,0.0,0.0,,720:00,0.0,0.0,0.0,,,,,,,,,,,,,,,,,,,,,,0.1960765294303693,2061,81
2026-27,wsoc,Centennial Conference,centennial_conference,Washington College,"Morris, Grace",Grace,Morris,,753,"Morris, Grace","MORRIS,GRACE",Washington College,WAC,672-3988,9,8,22,0,22,0.0,0.0,1.0,3.0,1.0,1.0,0.0,0.0,0.0,0.33,0.11,0.11,0.0,0.111,1.0,0.0,0.0,0.0,0.0,0.0,0.0,0.0,4.0,0.0,0.0,0.0,0.44,0.0,0.0,0.0,0.0,,730:00,0.0,0.0,0.0,,,,,,,,,,,,,,,,,,,,,,0.1960765294303693,2071,81
2026-27,wsoc,Centennial Conference,centennial_conference,Swarthmore,"Aronsohn, Lucy",Lucy,Aronsohn,,686,"Aronsohn, Lucy","ARONSOHN,LUCY",Swarthmore,SWT,670-6596,7,0,23,0,23,0.0,0.0,0.0,3.0,1.0,1.0,0.0,0.0,0.0,0.43,0.0,0.14,0.0,0.143,0.0,0.0,0.0,0.0,0.0,0.0,0.0,0.0,2.0,0.0,0.0,0.0,0.29,0.0,0.0,0.0,0.0,,180:00,0.0,0.0,0.0,,,,,,,,,,,,,,,,,,,,,,0.0380881892073028,2125,81
2026-27,wsoc,Centennial Conference,centennial_conference,Swarthmore,"Bash, Elin",Elin,Bash,,686,"Bash, Elin","BASH,ELIN",Swarthmore,SWT,670-7831,7,1,14,0,14,0.0,0.0,0.0,1.0,1.0,1.0,0.0,0.0,0.0,0.14,0.0,0.14,0.0,0.143,0.0,0.0,0.0,0.0,0.0,0.0,0.0,0.0,3.0,0.0,0.0,0.0,0.43,0.0,0.0,0.0,0.0,,250:00,0.0,0.0,0.0,,,,,,,,,,,,,,,,,,,,,,0.0380881892073028,2132,81
2026-27,wsoc,Centennial Conference,centennial_conference,Dickinson,"Fleck, Catherine",Catherine,Fleck,,185,"Fleck, Catherine","FLECK,CATHERINE",Dickinson,DSON,663-3043,9,9,28,0,28,0.0,0.0,0.0,1.0,1.0,1.0,0.0,0.0,0.0,0.11,0.0,0.11,0.0,0.111,0.0,0.0,0.0,0.0,0.0,0.0,0.0,0.0,0.0,0.0,0.0,0.0,0.0,0.0,0.0,0.0,0.0,,662:00,0.0,0.0,0.0,,,,,,,,,,,,,,,,,,,,,,0.0380881892073028,2171,81
2026-27,wsoc,Centennial Conference,centennial_conference,Johns Hopkins,"Kokenda, Natalie",Natalie,Kokenda,,322,"Kokenda, Natalie","KOKENDA,NATALIE",Johns Hopkins,JHU,667-8834,7,4,27,0,27,0.0,0.0,0.0,2.0,1.0,1.0,0.0,0.0,0.0,0.29,0.0,0.14,0.0,0.143,0.0,0.0,0.0,0.0,0.0,0.0,0.0,0.0,2.0,0.0,0.0,0.0,0.29,0.0,0.0,0.0,0.0,,383:00,0.0,0.0,0.0,,,,,,,,,,,,,,,,,,,,,,0.0380881892073028,2204,81
2026-27,wsoc,Centennial Conference,centennial_conference,Haverford,Kyra Spears,Kyra,Spears,,276,Kyra Spears,"SPEARS,KYRA",Haverford,HAVWSOC,666-2691,7,5,4,0,4,0.0,0.0,0.0,0.0,1.0,1.0,0.0,0.0,0.0,0.0,0.0,0.14,0.0,0.143,0.0,0.0,0.0,0.0,0.0,0.0,0.0,0.0,0.0,0.0,0.0,0.0,0.0,0.0,0.0,0.0,0.0,,235:00,0.0,0.0,0.0,,,,,,,,,,,,,,,,,,,,,,0.0380881892073028,2207,81
2026-27,wsoc,Centennial Conference,centennial_conference,Dickinson,"Shimko, Caitlin",Caitlin,Shimko,,185,"Shimko, Caitlin","SHIMKO,CAITLIN",Dickinson,DSON,663-3228,5,0,7,0,7,0.0,0.0,0.0,1.0,1.0,1.0,0.0,0.0,0.0,0.2,0.0,0.2,0.0,0.2,0.0,0.0,0.0,0.0,0.0,0.0,0.0,0.0,0.0,0.0,0.0,0.0,0.0,0.0,0.0,0.0,0.0,,122:00,0.0,0.0,0.0,,,,,,,,,,,,,,,,,,,,,,0.0380881892073028,2246,80
2026-27,wsoc,Centennial Conference,centennial_conference,Gettysburg,Fiona Flickinger,Fiona,Flickinger,,258,Fiona Flickinger,"FLICKINGER,FIONA",Gettysburg,GET,0,0,0,17,0,17,,,,,,,,,,,,,,,,,,,,,,,,,,,,,,,,,,,,,,,,,,,,,,,,,,,,,,,,,,0.0,2280,80
2026-27,wsoc,Centennial Conference,centennial_conference,Washington College,Sadie Kosoff,Sadie,Kosoff,,753,Sadie Kosoff,"KOSOFF,SADIE",Washington College,WAC,0,0,0,12,0,12,,,,,,,,,,,,,,,,,,,,,,,,,,,,,,,,,,,,,,,,,,,,,,,,,,,,,,,,,,0.0,2308,80
2026-27,wsoc,Centennial Conference,centennial_conference,Washington College,"Everitt, Gina",Gina,Everitt,,753,"Everitt, Gina","EVERITT,GINA",Washington College,WAC,672-3996,9,7,29,0,29,0.0,0.0,11.0,16.0,0.0,0.0,0.0,0.0,0.0,1.78,1.22,0.0,0.0,0.0,11.0,0.0,0.0,0.0,0.0,0.0,0.0,0.0,1.0,0.0,0.0,0.0,0.11,0.0,0.0,0.0,0.0,,501:00,0.0,0.0,0.0,,,,,,,,,,,,,,,,,,,,,,-0.0003157835633211,2313,80
2026-27,wsoc,Centennial Conference,centennial_conference,Johns Hopkins,"Breiland, Eva",Eva,Breiland,,322,"Breiland, Eva","BREILAND,EVA",Johns Hopkins,JHU,667-5785,1,0,1,0,1,0.0,0.0,0.0,0.0,0.0,0.0,0.0,0.0,0.0,0.0,0.0,0.0,0.0,0.0,0.0,0.0,0.0,0.0,0.0,0.0,0.0,0.0,0.0,0.0,0.0,0.0,0.0,0.0,0.0,0.0,0.0,,45:00,0.0,0.0,0.0,4.0,0.0,0,1.0,0.0,1.0,0.0,4.0,0.0,45:00,0.0,1.0,0.0,1.0,0.0,4.0,,,,,,-0.2081900468016585,2328,80
2026-27,wsoc,Centennial Conference,centennial_conference,Dickinson,"Patterson, Aralynn",Aralynn,Patterson,,185,"Patterson, Aralynn","PATTERSON,ARALYNN",Dickinson,DSON,663-3226,3,0,0,0,0,0.0,0.0,0.0,0.0,0.0,0.0,0.0,0.0,0.0,0.0,0.0,0.0,0.0,0.0,0.0,0.0,0.0,0.0,0.0,0.0,0.0,0.0,0.0,0.0,0.0,0.0,0.0,0.0,0.0,0.0,0.0,,102:00,0.0,0.0,0.0,6.0,0.0,0,0.0,0.0,1.0,0.0,2.0,0.0,102:51,0.0,3.0,0.0,1.0,0.0,0.67,,,,,,-0.2081900468016585,2369,79
2026-27,wsoc,Centennial Conference,centennial_conference,Swarthmore,"Simcock, Lili",Lili,Simcock,,686,"Simcock, Lili","SIMCOCK,LILI",Swarthmore,SWT,670-7836,3,0,98,0,98,0.0,0.0,0.0,0.0,0.0,0.0,0.0,0.0,0.0,0.0,0.0,0.0,0.0,0.0,0.0,0.0,0.0,0.0,0.0,0.0,0.0,0.0,0.0,0.0,0.0,0.0,0.0,0.0,0.0,0.0,0.0,,155:00,0.0,0.0,0.0,12.0,0.0,0,0.0,1.0,1.0,0.0,7.0,0.0,154:34,0.0,3.0,0.0,1.0,0.333,2.33,,,,,,-0.2081900468016585,2375,79
2026-27,wsoc,Centennial Conference,centennial_conference,Swarthmore,"Aird, Sofie",Sofie,Aird,,686,"Aird, Sofie","AIRD,SOFIE",Swarthmore,SWT,670-5843,7,6,0,0,0,0.0,0.0,0.0,0.0,0.0,0.0,0.0,0.0,0.0,0.0,0.0,0.0,0.0,0.0,0.0,0.0,0.0,0.0,0.0,0.0,0.0,0.0,0.0,0.0,0.0,0.0,0.0,0.0,0.0,0.0,0.0,,430:00,0.0,0.0,0.0,47.0,1.0,0,6.0,3.0,0.966,0.21,28.0,1.0,430:26,6.0,7.0,0.14,0.966,0.429,4.0,,,,,,-0.3812013479192706,2386,79
2026-27,wsoc,Centennial Conference,centennial_conference,Gettysburg,"Squeglia, Kristine",Kristine,Squeglia,,258,"Squeglia, Kristine","SQUEGLIA,KRISTINE",Gettysburg,GET,665-6333,8,4,3,0,3,0.0,0.0,7.0,13.0,0.0,0.0,0.0,0.0,0.0,1.63,0.88,0.0,0.0,0.0,7.0,0.0,0.0,0.0,0.0,0.0,0.0,0.0,11.0,0.0,0.0,0.0,1.38,0.0,0.0,0.0,0.0,,409:00,0.0,0.0,0.0,,,,,,,,,,,,,,,,,,,,,,-0.6322691444555874,2415,79
2026-27,wsoc,Centennial Conference,centennial_conference,Haverford,Allie Billups,Allie,Billups,,276,Allie Billups,"BILLUPS,ALLIE",Haverford,HAVWSOC,666-1785,8,8,1,0,1,0.0,0.0,0.0,0.0,0.0,0.0,0.0,0.0,0.0,0.0,0.0,0.0,0.0,0.0,0.0,0.0,0.0,0.0,0.0,0.0,0.0,0.0,0.0,0.0,0.0,0.0,0.0,0.0,0.0,0.0,0.0,,675:00,0.0,0.0,0.0,48.0,2.0,3,3.0,4.0,0.892,0.53,33.0,4.0,675:00,8.0,8.0,0.5,0.892,0.5,4.13,,,,,,-0.7133591859812998,2429,79
2026-27,wsoc,Centennial Conference,centennial_conference,Ursinus,"Albaeck, Lexie",Lexie,Albaeck,,730,"Albaeck, Lexie","ALBAECK,LEXIE",Ursinus,UCB,671-3842,7,4,0,0,0,0.0,0.0,0.0,0.0,0.0,0.0,0.0,0.0,0.0,0.0,0.0,0.0,0.0,0.0,0.0,0.0,0.0,0.0,0.0,0.0,0.0,0.0,0.0,0.0,0.0,0.0,0.0,0.0,0.0,0.0,0.0,,423:00,0.0,0.0,0.0,31.0,1.0,1,2.0,2.0,0.867,0.43,13.0,2.0,423:30,4.0,7.0,0.29,0.867,0.286,1.86,,,,,,-0.7581641778322288,2438,79
2026-27,wsoc,Centennial Conference,centennial_conference,Franklin & Marshall,Lucy Fleming,Lucy,Fleming,,239,Lucy Fleming,"FLEMING,LUCY",Franklin & Marshall,F&M,664-5489,8,8,0,0,0,0.0,0.0,0.0,0.0,0.0,0.0,0.0,0.0,0.0,0.0,0.0,0.0,0.0,0.0,0.0,0.0,0.0,0.0,0.0,0.0,0.0,0.0,0.0,0.0,0.0,0.0,0.0,0.0,0.0,0.0,0.0,,695:00,0.0,0.0,0.0,28.0,1.0,2,5.0,4.0,0.857,0.39,18.0,3.0,694:25,8.0,8.0,0.38,0.857,0.5,2.25,,,,,,-0.7760861745726004,2440,79
2026-27,wsoc,Centennial Conference,centennial_conference,Haverford,Carly Rusak,Carly,Rusak,,276,Carly Rusak,"RUSAK,CARLY",Haverford,HAVWSOC,666-2474,7,7,28,0,28,0.0,0.0,6.0,12.0,0.0,0.0,0.0,0.0,0.0,1.71,0.86,0.0,0.0,0.0,6.0,0.0,0.0,0.0,0.0,0.0,0.0,0.0,3.0,0.0,0.0,0.0,0.43,0.0,0.0,0.0,0.0,,344:00,0.0,0.0,0.0,,,,,,,,,,,,,,,,,,,,,,-0.7902574846786539,2445,79
2026-27,wsoc,Centennial Conference,centennial_conference,McDaniel,"Kolb, Ava",Ava,Kolb,,773,"Kolb, Ava","KOLB,AVA",McDaniel,MCDANIEL,668-4048,8,7,10,0,10,0.0,0.0,6.0,12.0,0.0,0.0,0.0,0.0,0.0,1.5,0.75,0.0,0.0,0.0,6.0,0.0,0.0,0.0,0.0,0.0,0.0,0.0,4.0,0.0,0.0,0.0,0.5,0.0,0.0,0.0,0.0,,418:00,0.0,0.0,0.0,,,,,,,,,,,,,,,,,,,,,,-0.7902574846786539,2452,79
2026-27,wsoc,Centennial Conference,centennial_conference,Franklin & Marshall,Colleen Ferrarese,Colleen,Ferrarese,,239,Colleen Ferrarese,"FERRARESE,COLLEEN",Franklin & Marshall,F&M,664-5484,8,8,29,0,29,0.0,0.0,5.0,6.0,0.0,0.0,0.0,0.0,0.0,0.75,0.63,0.0,0.0,0.0,5.0,0.0,0.0,0.0,0.0,0.0,0.0,0.0,2.0,0.0,0.0,0.0,0.25,0.0,0.0,0.0,0.0,,665:00,0.0,0.0,0.0,,,,,,,,,,,,,,,,,,,,,,-0.9482458249017204,2488,79
2026-27,wsoc,Centennial Conference,centennial_conference,Franklin & Marshall,Gianna Limongello,Gianna,Limongello,,239,Gianna Limongello,"LIMONGELLO,GIANNA",Franklin & Marshall,F&M,664-6348,8,0,33,0,33,0.0,0.0,5.0,12.0,0.0,0.0,0.0,0.0,0.0,1.5,0.63,0.0,0.0,0.0,5.0,0.0,0.0,0.0,0.0,0.0,0.0,0.0,5.0,0.0,0.0,0.0,0.63,0.0,0.0,0.0,0.0,,374:00,0.0,0.0,0.0,,,,,,,,,,,,,,,,,,,,,,-0.9482458249017204,2495,79
2026-27,wsoc,Centennial Conference,centennial_conference,Gettysburg,"Kavountzis, Anna",Anna,Kavountzis,,258,"Kavountzis, Anna","KAVOUNTZIS,ANNA",Gettysburg,GET,665-5905,8,8,99,0,99,0.0,0.0,0.0,0.0,0.0,0.0,0.0,0.0,0.0,0.0,0.0,0.0,0.0,0.0,0.0,0.0,0.0,0.0,0.0,0.0,0.0,0.0,0.0,0.0,0.0,0.0,0.0,0.0,0.0,0.0,0.0,,720:00,0.0,0.0,0.0,58.0,2.0,3,3.0,5.0,0.793,0.75,23.0,6.0,720:00,8.0,8.0,0.75,0.793,0.625,2.88,,,,,,-1.090322015894258,2548,78
2026-27,wsoc,Centennial Conference,centennial_conference,McDaniel,Addie Rice,Addie,Rice,,773,Addie Rice,"RICE,ADDIE",McDaniel,MCDANIEL,668-3617,9,3,13,0,13,0.0,0.0,4.0,7.0,0.0,0.0,0.0,0.0,0.0,0.78,0.44,0.0,0.0,0.0,4.0,0.0,0.0,0.0,0.0,0.0,0.0,0.0,2.0,0.0,0.0,0.0,0.22,0.0,0.0,0.0,0.0,,469:00,0.0,0.0,0.0,,,,,,,,,,,,,,,,,,,,,,-1.106234165124787,2556,78
2026-27,wsoc,Centennial Conference,centennial_conference,Gettysburg,"Roberto, Madelyn",Madelyn,Roberto,,258,"Roberto, Madelyn","ROBERTO,MADELYN",Gettysburg,GET,665-6116,8,0,29,0,29,0.0,0.0,4.0,6.0,0.0,0.0,0.0,0.0,0.0,0.75,0.5,0.0,0.0,0.0,4.0,0.0,0.0,0.0,0.0,0.0,0.0,0.0,1.0,0.0,0.0,0.0,0.13,0.0,0.0,0.0,0.0,,173:00,0.0,0.0,0.0,,,,,,,,,,,,,,,,,,,,,,-1.106234165124787,2594,78
2026-27,wsoc,Centennial Conference,centennial_conference,Gettysburg,"Sitman, Rosie",Rosie,Sitman,,258,"Sitman, Rosie","SITMAN,ROSIE",Gettysburg,GET,665-6331,6,2,22,0,22,0.0,0.0,4.0,5.0,0.0,0.0,0.0,0.0,0.0,0.83,0.67,0.0,0.0,0.0,4.0,0.0,0.0,0.0,0.0,0.0,0.0,0.0,3.0,0.0,0.0,0.0,0.5,0.0,0.0,0.0,0.0,,279:00,0.0,0.0,0.0,,,,,,,,,,,,,,,,,,,,,,-1.106234165124787,2602,78
2026-27,wsoc,Centennial Conference,centennial_conference,McDaniel,Sierra Ruehl,Sierra,Ruehl,,773,Sierra Ruehl,"RUEHL,SIERRA",McDaniel,MCDANIEL,668-3624,9,9,99,0,99,0.0,0.0,0.0,0.0,0.0,0.0,0.0,0.0,0.0,0.0,0.0,0.0,0.0,0.0,0.0,0.0,0.0,0.0,0.0,0.0,0.0,0.0,0.0,0.0,0.0,0.0,0.0,0.0,0.0,0.0,0.0,,736:00,0.0,0.0,0.0,85.0,2.0,2,5.0,4.0,0.8,0.88,28.0,7.0,720:00,9.0,9.0,0.78,0.8,0.444,3.11,,,,,,-1.1108165148362164,2610,78
2026-27,wsoc,Centennial Conference,centennial_conference,McDaniel,"Aurigemma, Madisyn",Madisyn,Aurigemma,,773,"Aurigemma, Madisyn","AURIGEMMA,MADISYN",McDaniel,MCDANIEL,668-4050,9,0,33,0,33,0.0,0.0,3.0,6.0,0.0,0.0,0.0,0.0,0.0,0.67,0.33,0.0,0.0,0.0,3.0,0.0,0.0,0.0,0.0,0.0,0.0,0.0,2.0,0.0,0.0,0.0,0.22,0.0,0.0,0.0,0.0,,244:00,0.0,0.0,0.0,,,,,,,,,,,,,,,,,,,,,,-1.2642225053478533,2647,78
2026-27,wsoc,Centennial Conference,centennial_conference,Haverford,Emma Kirk,Emma,Kirk,,276,Emma Kirk,"KIRK,EMMA",Haverford,HAVWSOC,666-1789,5,5,18,0,18,0.0,0.0,3.0,4.0,0.0,0.0,0.0,0.0,0.0,0.8,0.6,0.0,0.0,0.0,3.0,0.0,0.0,0.0,0.0,0.0,0.0,0.0,2.0,0.0,0.0,0.0,0.4,0.0,0.0,0.0,0.0,,344:00,0.0,0.0,0.0,,,,,,,,,,,,,,,,,,,,,,-1.2642225053478533,2673,77
2026-27,wsoc,Centennial Conference,centennial_conference,McDaniel,Gabriella Piantadosi,Gabriella,Piantadosi,,773,Gabriella Piantadosi,"PIANTADOSI,GABRIELLA",McDaniel,MCDANIEL,668-3376,6,0,20,0,20,0.0,0.0,3.0,5.0,0.0,0.0,0.0,0.0,0.0,0.83,0.5,0.0,0.0,0.0,3.0,0.0,0.0,0.0,0.0,0.0,0.0,0.0,2.0,0.0,0.0,0.0,0.33,0.0,0.0,0.0,0.0,,131:00,0.0,0.0,0.0,,,,,,,,,,,,,,,,,,,,,,-1.2642225053478533,2681,77
2026-27,wsoc,Centennial Conference,centennial_conference,Dickinson,"Heacock, Norah",Norah,Heacock,,185,"Heacock, Norah","HEACOCK,NORAH",Dickinson,DSON,663-2677,9,9,5,0,5,0.0,0.0,3.0,5.0,0.0,0.0,0.0,0.0,0.0,0.56,0.33,0.0,0.0,0.0,3.0,0.0,0.0,0.0,0.0,0.0,0.0,0.0,10.0,0.0,0.0,0.0,1.11,0.0,0.0,0.0,0.0,,600:00,0.0,0.0,0.0,,,,,,,,,,,,,,,,,,,,,,-1.2642225053478533,2692,77
2026-27,wsoc,Centennial Conference,centennial_conference,Haverford,Natalie Kelly,Natalie,Kelly,,276,Natalie Kelly,"KELLY,NATALIE",Haverford,HAVWSOC,666-2688,8,5,5,0,5,0.0,0.0,3.0,4.0,0.0,0.0,0.0,0.0,0.0,0.5,0.38,0.0,0.0,0.0,3.0,0.0,0.0,0.0,0.0,0.0,0.0,0.0,10.0,0.0,0.0,0.0,1.25,0.0,0.0,0.0,0.0,,496:00,0.0,0.0,0.0,,,,,,,,,,,,,,,,,,,,,,-1.2642225053478533,2725,77
2026-27,wsoc,Centennial Conference,centennial_conference,Washington College,"Shay, Vanessa",Vanessa,Shay,,753,"Shay, Vanessa","SHAY,VANESSA",Washington College,WAC,672-4725,8,7,6,0,6,0.0,0.0,3.0,10.0,0.0,0.0,0.0,0.0,0.0,1.25,0.38,0.0,0.0,0.0,3.0,0.0,0.0,0.0,0.0,0.0,0.0,0.0,3.0,0.0,1.0,0.0,0.38,0.13,0.0,0.0,0.0,,566:00,0.0,0.0,0.0,,,,,,,,,,,,,,,,,,,,,,-1.2642225053478533,2742,77
2026-27,wsoc,Centennial Conference,centennial_conference,Ursinus,"Shoemaker, Claire",Claire,Shoemaker,,730,"Shoemaker, Claire","SHOEMAKER,CLAIRE",Ursinus,UCB,671-3400,8,8,15,0,15,0.0,0.0,3.0,3.0,0.0,0.0,0.0,0.0,0.0,0.38,0.38,0.0,0.0,0.0,3.0,0.0,0.0,0.0,0.0,0.0,0.0,0.0,2.0,0.0,0.0,0.0,0.25,0.0,0.0,0.0,0.0,,495:00,0.0,0.0,0.0,,,,,,,,,,,,,,,,,,,,,,-1.2642225053478533,2743,77
2026-27,wsoc,Centennial Conference,centennial_conference,Dickinson,"Vukas, Ivana",Ivana,Vukas,,185,"Vukas, Ivana","VUKAS,IVANA",Dickinson,DSON,663-3233,8,6,34,0,34,0.0,0.0,3.0,7.0,0.0,0.0,0.0,0.0,0.0,0.88,0.38,0.0,0.0,0.0,3.0,0.0,0.0,0.0,0.0,0.0,0.0,0.0,2.0,0.0,0.0,0.0,0.25,0.0,0.0,0.0,0.0,,369:00,0.0,0.0,0.0,,,,,,,,,,,,,,,,,,,,,,-1.2642225053478533,2758,77
2026-27,wsoc,Centennial Conference,centennial_conference,Dickinson,"Gray, Pico",Pico,Gray,,185,"Gray, Pico","GRAY,PICO",Dickinson,DSON,663-3044,9,9,35,0,35,0.0,0.0,0.0,0.0,0.0,0.0,0.0,0.0,0.0,0.0,0.0,0.0,0.0,0.0,0.0,0.0,0.0,0.0,0.0,0.0,0.0,0.0,0.0,0.0,0.0,0.0,0.0,0.0,0.0,0.0,0.0,,708:00,0.0,0.0,0.0,33.0,2.0,1,6.0,1.0,0.714,0.76,15.0,6.0,707:09,9.0,9.0,0.67,0.714,0.111,1.67,,,,,,-1.3375038912336952,2786,77
2026-27,wsoc,Centennial Conference,centennial_conference,Muhlenberg,"Stairs, Megan",Megan,Stairs,,453,"Stairs, Megan","STAIRS,MEGAN",Muhlenberg,Mules,669-3113,8,8,99,0,99,0.0,0.0,0.0,0.0,0.0,0.0,0.0,0.0,0.0,0.0,0.0,0.0,0.0,0.0,0.0,0.0,0.0,0.0,0.0,0.0,0.0,0.0,0.0,0.0,0.0,0.0,0.0,0.0,0.0,0.0,0.0,,720:00,0.0,0.0,0.0,114.0,1.0,3,4.0,1.0,0.776,1.38,38.0,11.0,720:00,8.0,8.0,1.38,0.776,0.125,4.75,,,,,,-1.3468859580865415,2789,77
2026-27,wsoc,Centennial Conference,centennial_conference,Swarthmore,"Anderson, Kate",Kate,Anderson,,686,"Anderson, Kate","ANDERSON,KATE",Swarthmore,SWT,670-6594,8,7,17,0,17,0.0,0.0,2.0,2.0,0.0,0.0,0.0,0.0,0.0,0.25,0.25,0.0,0.0,0.0,2.0,0.0,0.0,0.0,0.0,0.0,0.0,0.0,4.0,0.0,0.0,0.0,0.5,0.0,0.0,0.0,0.0,,476:00,0.0,0.0,0.0,,,,,,,,,,,,,,,,,,,,,,-1.42221084557092,2819,76
2026-27,wsoc,Centennial Conference,centennial_conference,Haverford,Caroline Flynn,Caroline,Flynn,,276,Caroline Flynn,"FLYNN,CAROLINE",Haverford,HAVWSOC,666-2532,8,8,21,0,21,0.0,0.0,2.0,3.0,0.0,0.0,0.0,0.0,0.0,0.38,0.25,0.0,0.0,0.0,2.0,0.0,0.0,0.0,0.0,0.0,0.0,0.0,1.0,0.0,0.0,0.0,0.13,0.0,0.0,0.0,0.0,,715:00,0.0,0.0,0.0,,,,,,,,,,,,,,,,,,,,,,-1.42221084557092,2847,76
2026-27,wsoc,Centennial Conference,centennial_conference,Franklin & Marshall,Emily Cook,Emily,Cook,,239,Emily Cook,"COOK,EMILY",Franklin & Marshall,F&M,664-5344,7,0,11,0,11,0.0,0.0,2.0,9.0,0.0,0.0,0.0,0.0,0.0,1.29,0.29,0.0,0.0,0.0,2.0,0.0,0.0,0.0,0.0,0.0,0.0,0.0,1.0,0.0,0.0,0.0,0.14,0.0,0.0,0.0,0.0,,279:00,0.0,0.0,0.0,,,,,,,,,,,,,,,,,,,,,,-1.42221084557092,2869,76
2026-27,wsoc,Centennial Conference,centennial_conference,Ursinus,"Gerdes, Aniya",Aniya,Gerdes,,730,"Gerdes, Aniya","GERDES,ANIYA",Ursinus,UCB,671-3843,5,0,27,0,27,0.0,0.0,2.0,7.0,0.0,0.0,0.0,0.0,0.0,1.4,0.4,0.0,0.0,0.0,2.0,0.0,0.0,0.0,0.0,0.0,0.0,0.0,1.0,0.0,0.0,0.0,0.2,0.0,0.0,0.0,0.0,,99:00,0.0,0.0,0.0,,,,,,,,,,,,,,,,,,,,,,-1.42221084557092,2886,76
2026-27,wsoc,Centennial Conference,centennial_conference,Franklin & Marshall,Lillian Kleiman,Lillian,Kleiman,,239,Lillian Kleiman,"KLEIMAN,LILLIAN",Franklin & Marshall,F&M,664-5347,5,0,17,0,17,0.0,0.0,2.0,4.0,0.0,0.0,0.0,0.0,0.0,0.8,0.4,0.0,0.0,0.0,2.0,0.0,0.0,0.0,0.0,0.0,0.0,0.0,1.0,0.0,0.0,0.0,0.2,0.0,0.0,0.0,0.0,,129:00,0.0,0.0,0.0,,,,,,,,,,,,,,,,,,,,,,-1.42221084557092,2945,76
2026-27,wsoc,Centennial Conference,centennial_conference,Swarthmore,"Lior, Lauren",Lauren,Lior,,686,"Lior, Lauren","LIOR,LAUREN",Swarthmore,SWT,670-5849,3,1,11,0,11,0.0,0.0,2.0,4.0,0.0,0.0,0.0,0.0,0.0,1.33,0.67,0.0,0.0,0.0,2.0,0.0,0.0,0.0,0.0,0.0,0.0,0.0,0.0,0.0,0.0,0.0,0.0,0.0,0.0,0.0,0.0,,83:00,0.0,0.0,0.0,,,,,,,,,,,,,,,,,,,,,,-1.42221084557092,2947,76
2026-27,wsoc,Centennial Conference,centennial_conference,Dickinson,"Lomotan, Megan",Megan,Lomotan,,185,"Lomotan, Megan","LOMOTAN,MEGAN",Dickinson,DSON,663-3227,8,2,4,0,4,0.0,0.0,2.0,5.0,0.0,0.0,0.0,0.0,0.0,0.63,0.25,0.0,0.0,0.0,2.0,0.0,0.0,0.0,0.0,0.0,0.0,0.0,3.0,0.0,0.0,0.0,0.38,0.0,0.0,0.0,0.0,,265:00,0.0,0.0,0.0,,,,,,,,,,,,,,,,,,,,,,-1.42221084557092,2949,76
2026-27,wsoc,Centennial Conference,centennial_conference,Swarthmore,"Odhiambo, Bela",Bela,Odhiambo,,686,"Odhiambo, Bela","ODHIAMBO,BELA",Swarthmore,SWT,670-6598,7,4,26,0,26,0.0,0.0,2.0,4.0,0.0,0.0,0.0,0.0,0.0,0.57,0.29,0.0,0.0,0.0,2.0,0.0,0.0,0.0,0.0,0.0,0.0,0.0,2.0,0.0,0.0,0.0,0.29,0.0,0.0,0.0,0.0,,357:00,0.0,0.0,0.0,,,,,,,,,,,,,,,,,,,,,,-1.42221084557092,2974,75
2026-27,wsoc,Centennial Conference,centennial_conference,Washington College,"Pascual, Jackie",Jackie,Pascual,,753,"Pascual, Jackie","PASCUAL,JACKIE",Washington College,WAC,672-4161,8,1,14,0,14,0.0,0.0,2.0,2.0,0.0,0.0,0.0,0.0,0.0,0.25,0.25,0.0,0.0,0.0,2.0,0.0,0.0,0.0,0.0,0.0,0.0,0.0,0.0,0.0,0.0,0.0,0.0,0.0,0.0,0.0,0.0,,194:00,0.0,0.0,0.0,,,,,,,,,,,,,,,,,,,,,,-1.42221084557092,2979,75
2026-27,wsoc,Centennial Conference,centennial_conference,Gettysburg,"Polizos, Faye",Faye,Polizos,,258,"Polizos, Faye","POLIZOS,FAYE",Gettysburg,GET,665-6330,8,8,5,0,5,0.0,0.0,2.0,5.0,0.0,0.0,0.0,0.0,0.0,0.63,0.25,0.0,0.0,0.0,2.0,0.0,0.0,0.0,0.0,0.0,0.0,0.0,6.0,0.0,0.0,0.0,0.75,0.0,0.0,0.0,0.0,,630:00,0.0,0.0,0.0,,,,,,,,,,,,,,,,,,,,,,-1.42221084557092,2989,75
2026-27,wsoc,Centennial Conference,centennial_conference,Haverford,Shiloh Ulrickson,Shiloh,Ulrickson,,276,Shiloh Ulrickson,"ULRICKSON,SHILOH",Haverford,HAVWSOC,666-2690,6,0,11,0,11,0.0,0.0,2.0,2.0,0.0,0.0,0.0,0.0,0.0,0.33,0.33,0.0,0.0,0.0,2.0,0.0,0.0,0.0,0.0,0.0,0.0,0.0,3.0,0.0,0.0,0.0,0.5,0.0,0.0,0.0,0.0,,196:00,0.0,0.0,0.0,,,,,,,,,,,,,,,,,,,,,,-1.42221084557092,3023,75
2026-27,wsoc,Centennial Conference,centennial_conference,Washington College,"Tine, Heidi",Heidi,Tine,,753,"Tine, Heidi","TINE,HEIDI",Washington College,WAC,672-4165,5,2,25,0,25,0.0,0.0,2.0,5.0,0.0,0.0,0.0,0.0,0.0,1.0,0.4,0.0,0.0,0.0,2.0,0.0,0.0,0.0,0.0,0.0,0.0,0.0,1.0,0.0,0.0,0.0,0.2,0.0,0.0,0.0,0.0,,92:00,0.0,0.0,0.0,,,,,,,,,,,,,,,,,,,,,,-1.42221084557092,3041,75
2026-27,wsoc,Centennial Conference,centennial_conference,Gettysburg,"Zapata, Libby",Libby,Zapata,,258,"Zapata, Libby","ZAPATA,LIBBY",Gettysburg,GET,665-5740,7,1,11,0,11,0.0,0.0,2.0,4.0,0.0,0.0,0.0,0.0,0.0,0.57,0.29,0.0,0.0,0.0,2.0,0.0,0.0,0.0,0.0,0.0,0.0,0.0,1.0,0.0,0.0,0.0,0.14,0.0,0.0,0.0,0.0,,235:00,0.0,0.0,0.0,,,,,,,,,,,,,,,,,,,,,,-1.42221084557092,3059,75
2026-27,wsoc,Centennial Conference,centennial_conference,Washington College,"Allen, Olivia",Olivia,Allen,,753,"Allen, Olivia","ALLEN,OLIVIA",Washington College,WAC,672-3989,6,4,0,0,0,0.0,0.0,0.0,0.0,0.0,0.0,0.0,0.0,0.0,0.0,0.0,0.0,0.0,0.0,0.0,0.0,0.0,0.0,0.0,0.0,0.0,0.0,0.0,0.0,0.0,0.0,0.0,0.0,0.0,0.0,0.0,,427:00,0.0,0.0,0.0,51.0,0.0,2,2.0,1.0,0.75,1.48,21.0,7.0,426:35,4.0,6.0,1.17,0.75,0.167,3.5,,,,,,-1.4595629429319446,3065,75
2026-27,wsoc,Centennial Conference,centennial_conference,Bryn Mawr,"Harris, Silver",Silver,Harris,,82,"Harris, Silver","HARRIS,SILVER",Bryn Mawr,BMU,662-1536,4,2,00,0,00,0.0,0.0,0.0,0.0,0.0,0.0,0.0,0.0,0.0,0.0,0.0,0.0,0.0,0.0,0.0,0.0,0.0,0.0,0.0,0.0,0.0,0.0,0.0,0.0,0.0,0.0,0.0,0.0,0.0,0.0,0.0,,225:00,0.0,0.0,0.0,25.0,0.0,1,1.0,1.0,0.778,1.78,14.0,4.0,202:19,2.0,3.0,1.0,0.778,0.25,3.5,,,,,,-1.4702784164914635,3069,75
2026-27,wsoc,Centennial Conference,centennial_conference,Swarthmore,"Scheinberg, Paige",Paige,Scheinberg,,686,"Scheinberg, Paige","SCHEINBERG,PAIGE",Swarthmore,SWT,670-6496,2,2,99,0,99,0.0,0.0,0.0,0.0,0.0,0.0,0.0,0.0,0.0,0.0,0.0,0.0,0.0,0.0,0.0,0.0,0.0,0.0,0.0,0.0,0.0,0.0,0.0,0.0,0.0,0.0,0.0,0.0,0.0,0.0,0.0,,135:00,0.0,0.0,0.0,13.0,0.0,1,0.0,0.0,0.714,1.33,5.0,2.0,135:00,2.0,2.0,1.0,0.714,0.0,2.5,,,,,,-1.522138607864328,3084,75
2026-27,wsoc,Centennial Conference,centennial_conference,Franklin & Marshall,Alex Jones,Alex,Jones,,239,Alex Jones,"JONES,ALEX",Franklin & Marshall,F&M,664-6116,8,7,26,0,26,0.0,0.0,1.0,2.0,0.0,0.0,0.0,0.0,0.0,0.25,0.13,0.0,0.0,0.0,1.0,0.0,0.0,0.0,0.0,0.0,0.0,0.0,5.0,0.0,0.0,0.0,0.63,0.0,0.0,0.0,0.0,,559:00,0.0,0.0,0.0,,,,,,,,,,,,,,,,,,,,,,-1.5801991857939863,3107,75
2026-27,wsoc,Centennial Conference,centennial_conference,McDaniel,Alexis Castro,Alexis,Castro,,773,Alexis Castro,"CASTRO,ALEXIS",McDaniel,MCDANIEL,668-3372,3,0,9,0,9,0.0,0.0,1.0,4.0,0.0,0.0,0.0,1.0,0.0,1.33,0.33,0.0,0.0,0.0,1.0,0.0,0.0,0.0,0.0,0.0,0.0,0.0,2.0,0.0,0.0,0.0,0.67,0.0,0.0,0.0,0.0,,82:00,0.0,0.0,0.0,,,,,,,,,,,,,,,,,,,,,,-1.5801991857939863,3108,75
2026-27,wsoc,Centennial Conference,centennial_conference,Haverford,Ali Dorrego,Ali,Dorrego,,276,Ali Dorrego,"DORREGO,ALI",Haverford,HAVWSOC,666-1788,8,8,6,0,6,0.0,0.0,1.0,1.0,0.0,0.0,0.0,0.0,0.0,0.13,0.13,0.0,0.0,0.0,1.0,0.0,0.0,0.0,0.0,0.0,0.0,0.0,4.0,0.0,0.0,0.0,0.5,0.0,0.0,0.0,0.0,,255:00,0.0,0.0,0.0,,,,,,,,,,,,,,,,,,,,,,-1.5801991857939863,3110,75
2026-27,wsoc,Centennial Conference,centennial_conference,Bryn Mawr,"Anton, Rece",Rece,Anton,,82,"Anton, Rece","ANTON,RECE",Bryn Mawr,BMU,662-1315,6,0,26,0,26,0.0,0.0,1.0,1.0,0.0,0.0,0.0,0.0,0.0,0.17,0.17,0.0,0.0,0.0,1.0,0.0,0.0,0.0,0.0,0.0,0.0,0.0,4.0,0.0,0.0,0.0,0.67,0.0,0.0,0.0,0.0,,310:00,0.0,0.0,0.0,,,,,,,,,,,,,,,,,,,,,,-1.5801991857939863,3121,75
2026-27,wsoc,Centennial Conference,centennial_conference,Bryn Mawr,"Arroyo, Adelynn",Adelynn,Arroyo,,82,"Arroyo, Adelynn","ARROYO,ADELYNN",Bryn Mawr,BMU,662-1314,8,8,21,0,21,0.0,0.0,1.0,1.0,0.0,0.0,0.0,0.0,0.0,0.13,0.13,0.0,0.0,0.0,1.0,0.0,0.0,0.0,0.0,0.0,0.0,0.0,14.0,0.0,0.0,0.0,1.75,0.0,0.0,0.0,0.0,,692:00,0.0,0.0,0.0,,,,,,,,,,,,,,,,,,,,,,-1.5801991857939863,3128,74
2026-27,wsoc,Centennial Conference,centennial_conference,McDaniel,Ava Campanaro,Ava,Campanaro,,773,Ava Campanaro,"CAMPANARO,AVA",McDaniel,MCDANIEL,668-3622,4,0,24,0,24,0.0,0.0,1.0,1.0,0.0,0.0,0.0,0.0,0.0,0.25,0.25,0.0,0.0,0.0,1.0,0.0,0.0,0.0,0.0,0.0,0.0,0.0,1.0,0.0,0.0,0.0,0.25,0.0,0.0,0.0,0.0,,107:00,0.0,0.0,0.0,,,,,,,,,,,,,,,,,,,,,,-1.5801991857939863,3133,74
2026-27,wsoc,Centennial Conference,centennial_conference,Muhlenberg,"Burns, Emma",Emma,Burns,,453,"Burns, Emma","BURNS,EMMA",Muhlenberg,Mules,669-3610,8,2,14,0,14,0.0,0.0,1.0,2.0,0.0,0.0,0.0,0.0,0.0,0.25,0.13,0.0,0.0,0.0,1.0,0.0,0.0,0.0,0.0,0.0,0.0,0.0,1.0,0.0,1.0,0.0,0.13,0.13,0.0,0.0,0.0,,338:00,0.0,0.0,0.0,,,,,,,,,,,,,,,,,,,,,,-1.5801991857939863,3192,74
2026-27,wsoc,Centennial Conference,centennial_conference,Johns Hopkins,"Chao, Carolina",Carolina,Chao,,322,"Chao, Carolina","CHAO,CAROLINA",Johns Hopkins,JHU,667-6889,3,3,4,0,4,0.0,0.0,1.0,1.0,0.0,0.0,0.0,0.0,0.0,0.33,0.33,0.0,0.0,0.0,1.0,0.0,0.0,0.0,0.0,0.0,0.0,0.0,0.0,0.0,0.0,0.0,0.0,0.0,0.0,0.0,0.0,,207:00,0.0,0.0,0.0,,,,,,,,,,,,,,,,,,,,,,-1.5801991857939863,3209,74
2026-27,wsoc,Centennial Conference,centennial_conference,Muhlenberg,"D'Arienzo, Izzy",Izzy,D'Arienzo,,453,"D'Arienzo, Izzy","D'ARIENZO,IZZY",Muhlenberg,Mules,669-3108,6,0,15,0,15,0.0,0.0,1.0,1.0,0.0,0.0,0.0,0.0,0.0,0.17,0.17,0.0,0.0,0.0,1.0,0.0,0.0,0.0,0.0,0.0,0.0,0.0,1.0,0.0,0.0,0.0,0.17,0.0,0.0,0.0,0.0,,77:00,0.0,0.0,0.0,,,,,,,,,,,,,,,,,,,,,,-1.5801991857939863,3246,74
2026-27,wsoc,Centennial Conference,centennial_conference,Swarthmore,"Daniel-Morales, Mia",Mia,Daniel-Morales,,686,"Daniel-Morales, Mia","DANIEL-MORALES,MIA",Swarthmore,SWT,670-6599,4,0,30,0,30,0.0,0.0,1.0,2.0,0.0,0.0,0.0,0.0,0.0,0.5,0.25,0.0,0.0,0.0,1.0,0.0,0.0,0.0,0.0,0.0,0.0,0.0,0.0,0.0,0.0,0.0,0.0,0.0,0.0,0.0,0.0,,113:00,0.0,0.0,0.0,,,,,,,,,,,,,,,,,,,,,,-1.5801991857939863,3250,74
2026-27,wsoc,Centennial Conference,centennial_conference,Muhlenberg,"Dias, Ivy",Ivy,Dias,,453,"Dias, Ivy","DIAS,IVY",Muhlenberg,Mules,669-3109,8,8,10,0,10,0.0,0.0,1.0,1.0,0.0,0.0,0.0,0.0,0.0,0.13,0.13,0.0,0.0,0.0,1.0,0.0,0.0,0.0,0.0,0.0,0.0,0.0,3.0,0.0,0.0,0.0,0.38,0.0,0.0,0.0,0.0,,677:00,0.0,0.0,0.0,,,,,,,,,,,,,,,,,,,,,,-1.5801991857939863,3265,74
2026-27,wsoc,Centennial Conference,centennial_conference,Haverford,Emma Murray,Emma,Murray,,276,Emma Murray,"MURRAY,EMMA",Haverford,HAVWSOC,666-2531,4,4,29,0,29,0.0,0.0,1.0,4.0,0.0,0.0,0.0,0.0,0.0,1.0,0.25,0.0,0.0,0.0,1.0,0.0,0.0,0.0,0.0,0.0,0.0,0.0,2.0,0.0,0.0,0.0,0.5,0.0,0.0,0.0,0.0,,320:00,0.0,0.0,0.0,,,,,,,,,,,,,,,,,,,,,,-1.5801991857939863,3294,73
2026-27,wsoc,Centennial Conference,centennial_conference,Muhlenberg,"Fannon, Molly",Molly,Fannon,,453,"Fannon, Molly","FANNON,MOLLY",Muhlenberg,Mules,669-3612,3,0,28,0,28,0.0,0.0,1.0,1.0,0.0,0.0,0.0,0.0,0.0,0.33,0.33,0.0,0.0,0.0,1.0,0.0,0.0,0.0,0.0,0.0,0.0,0.0,3.0,0.0,0.0,0.0,1.0,0.0,0.0,0.0,0.0,,25:00,0.0,0.0,0.0,,,,,,,,,,,,,,,,,,,,,,-1.5801991857939863,3308,73
2026-27,wsoc,Centennial Conference,centennial_conference,McDaniel,"Forrer, Sienna",Sienna,Forrer,,773,"Forrer, Sienna","FORRER,SIENNA",McDaniel,MCDANIEL,668-4049,8,0,12,0,12,0.0,0.0,1.0,3.0,0.0,0.0,0.0,0.0,0.0,0.38,0.13,0.0,0.0,0.0,1.0,0.0,0.0,0.0,0.0,0.0,0.0,0.0,1.0,0.0,0.0,0.0,0.13,0.0,0.0,0.0,0.0,,247:00,0.0,0.0,0.0,,,,,,,,,,,,,,,,,,,,,,-1.5801991857939863,3323,73
2026-27,wsoc,Centennial Conference,centennial_conference,McDaniel,Grace Duffey,Grace,Duffey,,773,Grace Duffey,"DUFFEY,GRACE",McDaniel,MCDANIEL,668-3379,9,9,27,0,27,0.0,0.0,1.0,1.0,0.0,0.0,0.0,0.0,0.0,0.11,0.11,0.0,0.0,0.0,1.0,0.0,0.0,0.0,0.0,0.0,0.0,0.0,2.0,0.0,0.0,0.0,0.22,0.0,0.0,0.0,0.0,,630:00,0.0,0.0,0.0,,,,,,,,,,,,,,,,,,,,,,-1.5801991857939863,3349,73
2026-27,wsoc,Centennial Conference,centennial_conference,Bryn Mawr,"Grimes, Ciara",Ciara,Grimes,,82,"Grimes, Ciara","GRIMES,CIARA",Bryn Mawr,BMU,662-1316,8,1,24,0,24,0.0,0.0,1.0,2.0,0.0,0.0,0.0,0.0,0.0,0.25,0.13,0.0,0.0,0.0,1.0,0.0,0.0,0.0,0.0,0.0,0.0,0.0,0.0,0.0,0.0,0.0,0.0,0.0,0.0,0.0,0.0,,205:00,0.0,0.0,0.0,,,,,,,,,,,,,,,,,,,,,,-1.5801991857939863,3355,73
2026-27,wsoc,Centennial Conference,centennial_conference,Bryn Mawr,"Gutterman Johns, Aurora",Aurora,Gutterman Johns,,82,"Gutterman Johns, Aurora","GUTTERMAN JOHNS,AURORA",Bryn Mawr,BMU,662-1380,8,8,16,0,16,0.0,0.0,1.0,1.0,0.0,0.0,0.0,0.0,0.0,0.13,0.13,0.0,0.0,0.0,1.0,0.0,0.0,0.0,0.0,0.0,0.0,0.0,2.0,0.0,0.0,0.0,0.25,0.0,0.0,0.0,0.0,,454:00,0.0,0.0,0.0,,,,,,,,,,,,,,,,,,,,,,-1.5801991857939863,3360,73
2026-27,wsoc,Centennial Conference,centennial_conference,Franklin & Marshall,Katie Rittger,Katie,Rittger,,239,Katie Rittger,"RITTGER,KATIE",Franklin & Marshall,F&M,664-6359,3,0,13,0,13,0.0,0.0,1.0,2.0,0.0,0.0,0.0,0.0,0.0,0.67,0.33,0.0,0.0,0.0,1.0,0.0,0.0,0.0,0.0,0.0,0.0,0.0,0.0,0.0,0.0,0.0,0.0,0.0,0.0,0.0,0.0,,18:00,0.0,0.0,0.0,,,,,,,,,,,,,,,,,,,,,,-1.5801991857939863,3423,73
2026-27,wsoc,Centennial Conference,centennial_conference,Washington College,"Kopanicak, Emily",Emily,Kopanicak,,753,"Kopanicak, Emily","KOPANICAK,EMILY",Washington College,WAC,672-4162,9,5,17,0,17,0.0,0.0,1.0,1.0,0.0,0.0,0.0,0.0,0.0,0.11,0.11,0.0,0.0,0.0,1.0,0.0,0.0,0.0,0.0,0.0,0.0,0.0,1.0,0.0,0.0,0.0,0.11,0.0,0.0,0.0,0.0,,326:00,0.0,0.0,0.0,,,,,,,,,,,,,,,,,,,,,,-1.5801991857939863,3440,72
2026-27,wsoc,Centennial Conference,centennial_conference,Ursinus,"Krasman, Maddie",Maddie,Krasman,,730,"Krasman, Maddie","KRASMAN,MADDIE",Ursinus,UCB,671-3837,8,0,18,0,18,0.0,0.0,1.0,2.0,0.0,0.0,0.0,0.0,0.0,0.25,0.13,0.0,0.0,0.0,1.0,0.0,0.0,0.0,0.0,0.0,0.0,0.0,1.0,0.0,0.0,0.0,0.13,0.0,0.0,0.0,0.0,,193:00,0.0,0.0,0.0,,,,,,,,,,,,,,,,,,,,,,-1.5801991857939863,3447,72
2026-27,wsoc,Centennial Conference,centennial_conference,Johns Hopkins,"Kucy, Dianna",Dianna,Kucy,,322,"Kucy, Dianna","KUCY,DIANNA",Johns Hopkins,JHU,667-5786,5,1,18,0,18,0.0,0.0,1.0,1.0,0.0,0.0,0.0,0.0,0.0,0.2,0.2,0.0,0.0,0.0,1.0,0.0,0.0,0.0,0.0,0.0,0.0,0.0,1.0,0.0,1.0,0.0,0.2,0.2,0.0,0.0,0.0,,117:00,0.0,0.0,0.0,,,,,,,,,,,,,,,,,,,,,,-1.5801991857939863,3450,72
2026-27,wsoc,Centennial Conference,centennial_conference,Washington College,"Lane, Ruby",Ruby,Lane,,753,"Lane, Ruby","LANE,RUBY",Washington College,WAC,672-4903,9,1,10,0,10,0.0,0.0,1.0,4.0,0.0,0.0,0.0,0.0,0.0,0.44,0.11,0.0,0.0,0.0,1.0,0.0,0.0,0.0,0.0,0.0,0.0,0.0,3.0,0.0,0.0,0.0,0.33,0.0,0.0,0.0,0.0,,320:00,0.0,0.0,0.0,,,,,,,,,,,,,,,,,,,,,,-1.5801991857939863,3458,72
2026-27,wsoc,Centennial Conference,centennial_conference,Swarthmore,"Lee, Aimee",Aimee,Lee,,686,"Lee, Aimee","LEE,AIMEE",Swarthmore,SWT,670-6492,6,0,4,0,4,0.0,0.0,1.0,1.0,0.0,0.0,0.0,0.0,0.0,0.17,0.17,0.0,0.0,0.0,1.0,0.0,0.0,0.0,0.0,0.0,0.0,0.0,1.0,0.0,0.0,0.0,0.17,0.0,0.0,0.0,0.0,,184:00,0.0,0.0,0.0,,,,,,,,,,,,,,,,,,,,,,-1.5801991857939863,3466,72
2026-27,wsoc,Centennial Conference,centennial_conference,McDaniel,Mackenzie Bott,Mackenzie,Bott,,773,Mackenzie Bott,"BOTT,MACKENZIE",McDaniel,MCDANIEL,668-3370,9,8,5,0,5,0.0,0.0,1.0,2.0,0.0,0.0,0.0,0.0,0.0,0.22,0.11,0.0,0.0,0.0,1.0,0.0,0.0,0.0,0.0,0.0,0.0,0.0,2.0,0.0,0.0,0.0,0.22,0.0,0.0,0.0,0.0,,567:00,0.0,0.0,0.0,,,,,,,,,,,,,,,,,,,,,,-1.5801991857939863,3493,72
2026-27,wsoc,Centennial Conference,centennial_conference,Johns Hopkins,"Malmros, Kendall",Kendall,Malmros,,322,"Malmros, Kendall","MALMROS,KENDALL",Johns Hopkins,JHU,667-6888,9,8,13,0,13,0.0,0.0,1.0,2.0,0.0,0.0,0.0,0.0,0.0,0.22,0.11,0.0,0.0,0.0,1.0,0.0,0.0,0.0,0.0,0.0,0.0,0.0,2.0,0.0,0.0,0.0,0.22,0.0,0.0,0.0,0.0,,690:00,0.0,0.0,0.0,,,,,,,,,,,,,,,,,,,,,,-1.5801991857939863,3497,72
2026-27,wsoc,Centennial Conference,centennial_conference,Bryn Mawr,"Morales, Alexandra",Alexandra,Morales,,82,"Morales, Alexandra","MORALES,ALEXANDRA",Bryn Mawr,BMU,662-1379,8,3,13,0,13,0.0,0.0,1.0,1.0,0.0,0.0,0.0,0.0,0.0,0.13,0.13,0.0,0.0,0.0,1.0,0.0,0.0,0.0,0.0,0.0,0.0,0.0,0.0,0.0,0.0,0.0,0.0,0.0,0.0,0.0,0.0,,402:00,0.0,0.0,0.0,,,,,,,,,,,,,,,,,,,,,,-1.5801991857939863,3541,72
2026-27,wsoc,Centennial Conference,centennial_conference,Washington College,"Morrall, Annie",Annie,Morrall,,753,"Morrall, Annie","MORRALL,ANNIE",Washington College,WAC,672-4901,9,0,15,0,15,0.0,0.0,1.0,3.0,0.0,0.0,0.0,0.0,0.0,0.33,0.11,0.0,0.0,0.0,1.0,0.0,0.0,0.0,0.0,0.0,0.0,0.0,2.0,0.0,0.0,0.0,0.22,0.0,0.0,0.0,0.0,,172:00,0.0,0.0,0.0,,,,,,,,,,,,,,,,,,,,,,-1.5801991857939863,3545,72
2026-27,wsoc,Centennial Conference,centennial_conference,Swarthmore,"Penn, Lauren",Lauren,Penn,,686,"Penn, Lauren","PENN,LAUREN",Swarthmore,SWT,670-7835,4,0,36,0,36,0.0,0.0,1.0,2.0,0.0,0.0,0.0,0.0,0.0,0.5,0.25,0.0,0.0,0.0,1.0,0.0,0.0,0.0,0.0,0.0,0.0,0.0,0.0,0.0,0.0,0.0,0.0,0.0,0.0,0.0,0.0,,95:00,0.0,0.0,0.0,,,,,,,,,,,,,,,,,,,,,,-1.5801991857939863,3578,71
2026-27,wsoc,Centennial Conference,centennial_conference,Bryn Mawr,"Poff, Isie",Isie,Poff,,82,"Poff, Isie","POFF,ISIE",Bryn Mawr,BMU,662-1377,8,8,4,0,4,0.0,0.0,1.0,3.0,0.0,0.0,0.0,0.0,0.0,0.38,0.13,0.0,0.0,0.0,1.0,0.0,0.0,0.0,0.0,0.0,0.0,0.0,2.0,0.0,0.0,0.0,0.25,0.0,0.0,0.0,0.0,,480:00,0.0,0.0,0.0,,,,,,,,,,,,,,,,,,,,,,-1.5801991857939863,3586,71
2026-27,wsoc,Centennial Conference,centennial_conference,Haverford,Reese Meyers,Reese,Meyers,,276,Reese Meyers,"MEYERS,REESE",Haverford,HAVWSOC,0,3,0,20,0,20,0.0,0.0,1.0,1.0,0.0,0.0,0.0,0.0,0.0,0.33,0.33,0.0,0.0,0.0,1.0,0.0,0.0,0.0,0.0,0.0,0.0,0.0,0.0,0.0,0.0,0.0,0.0,0.0,0.0,0.0,0.0,,92:00,0.0,0.0,0.0,,,,,,,,,,,,,,,,,,,,,,-1.5801991857939863,3605,71
2026-27,wsoc,Centennial Conference,centennial_conference,Bryn Mawr,"Sankar, Lourdes",Lourdes,Sankar,,82,"Sankar, Lourdes","SANKAR,LOURDES",Bryn Mawr,BMU,662-1309,6,6,7,0,7,0.0,0.0,1.0,1.0,0.0,0.0,0.0,0.0,0.0,0.17,0.17,0.0,0.0,0.0,1.0,0.0,0.0,0.0,0.0,0.0,0.0,0.0,3.0,0.0,0.0,0.0,0.5,0.0,0.0,0.0,0.0,,401:00,0.0,0.0,0.0,,,,,,,,,,,,,,,,,,,,,,-1.5801991857939863,3647,71
2026-27,wsoc,Centennial Conference,centennial_conference,Franklin & Marshall,Sicily Cucciniello,Sicily,Cucciniello,,239,Sicily Cucciniello,"CUCCINIELLO,SICILY",Franklin & Marshall,F&M,664-6352,6,0,30,0,30,0.0,0.0,1.0,3.0,0.0,0.0,0.0,0.0,0.0,0.5,0.17,0.0,0.0,0.0,1.0,0.0,0.0,0.0,0.0,0.0,0.0,0.0,1.0,0.0,0.0,0.0,0.17,0.0,0.0,0.0,0.0,,149:00,0.0,0.0,0.0,,,,,,,,,,,,,,,,,,,,,,-1.5801991857939863,3672,71
2026-27,wsoc,Centennial Conference,centennial_conference,McDaniel,Sidda Mitchell,Sidda,Mitchell,,773,Sidda Mitchell,"MITCHELL,SIDDA",McDaniel,MCDANIEL,668-3154,9,9,23,0,23,0.0,0.0,1.0,2.0,0.0,0.0,0.0,0.0,0.0,0.22,0.11,0.0,0.0,0.0,1.0,0.0,0.0,0.0,0.0,0.0,0.0,0.0,0.0,0.0,0.0,0.0,0.0,0.0,0.0,0.0,0.0,,699:00,0.0,0.0,0.0,,,,,,,,,,,,,,,,,,,,,,-1.5801991857939863,3673,71
2026-27,wsoc,Centennial Conference,centennial_conference,Ursinus,"Stovall, Meghan",Meghan,Stovall,,730,"Stovall, Meghan","STOVALL,MEGHAN",Ursinus,UCB,671-3839,3,0,22,0,22,0.0,0.0,1.0,1.0,0.0,0.0,0.0,0.0,0.0,0.33,0.33,0.0,0.0,0.0,1.0,0.0,0.0,0.0,0.0,0.0,0.0,0.0,0.0,0.0,0.0,0.0,0.0,0.0,0.0,0.0,0.0,,31:00,0.0,0.0,0.0,,,,,,,,,,,,,,,,,,,,,,-1.5801991857939863,3708,71
2026-27,wsoc,Centennial Conference,centennial_conference,Gettysburg,"Wood, Becca",Becca,Wood,,258,"Wood, Becca","WOOD,BECCA",Gettysburg,GET,665-6119,7,7,28,0,28,0.0,0.0,1.0,1.0,0.0,0.0,0.0,0.0,0.0,0.14,0.14,0.0,0.0,0.0,1.0,0.0,0.0,0.0,0.0,0.0,0.0,0.0,4.0,0.0,0.0,0.0,0.57,0.0,0.0,0.0,0.0,,540:00,0.0,0.0,0.0,,,,,,,,,,,,,,,,,,,,,,-1.5801991857939863,3768,70
2026-27,wsoc,Centennial Conference,centennial_conference,Washington College,"Louden, Rylee",Rylee,Louden,,753,"Louden, Rylee","LOUDEN,RYLEE",Washington College,WAC,672-4723,5,5,00,0,00,0.0,0.0,0.0,0.0,0.0,0.0,0.0,0.0,0.0,0.0,0.0,0.0,0.0,0.0,0.0,0.0,0.0,0.0,0.0,0.0,0.0,0.0,0.0,0.0,0.0,0.0,0.0,0.0,0.0,0.0,0.0,,383:00,0.0,0.0,0.0,21.0,1.0,2,2.0,3.0,0.625,0.7,5.0,3.0,383:25,5.0,5.0,0.6,0.625,0.6,1.0,,,,,,-1.5928901466487335,3777,70
2026-27,wsoc,Centennial Conference,centennial_conference,Bryn Mawr,"Blackman, Lily",Lily,Blackman,,82,"Blackman, Lily","BLACKMAN,LILY",Bryn Mawr,BMU,662-1461,6,6,1,0,1,0.0,0.0,0.0,0.0,0.0,0.0,0.0,0.0,0.0,0.0,0.0,0.0,0.0,0.0,0.0,0.0,0.0,0.0,0.0,0.0,0.0,0.0,0.0,0.0,0.0,0.0,0.0,0.0,0.0,0.0,0.0,,540:00,0.0,0.0,0.0,83.0,1.0,5,0.0,1.0,0.75,2.26,39.0,13.0,517:41,6.0,6.0,2.17,0.75,0.167,6.5,,,,,,-1.712220976215968,3803,70
2026-27,wsoc,Centennial Conference,centennial_conference,Dickinson,"Abbott, Elise",Elise,Abbott,,185,"Abbott, Elise","ABBOTT,ELISE",Dickinson,DSON,663-3231,1,0,21,0,21,0.0,0.0,0.0,0.0,0.0,0.0,0.0,0.0,0.0,0.0,0.0,0.0,0.0,0.0,0.0,0.0,0.0,0.0,0.0,0.0,0.0,0.0,0.0,0.0,0.0,0.0,0.0,0.0,0.0,0.0,0.0,,39:00,0.0,0.0,0.0,,,,,,,,,,,,,,,,,,,,,,-1.738187526017053,3810,70
2026-27,wsoc,Centennial Conference,centennial_conference,McDaniel,"Agosta, Liv",Liv,Agosta,,773,"Agosta, Liv","AGOSTA,LIV",McDaniel,MCDANIEL,0,0,0,31,0,31,0.0,0.0,0.0,0.0,0.0,0.0,0.0,0.0,0.0,0.0,0.0,0.0,0.0,0.0,0.0,0.0,0.0,0.0,0.0,0.0,0.0,0.0,0.0,0.0,0.0,0.0,0.0,0.0,0.0,0.0,0.0,,00:00,0.0,0.0,0.0,,,,,,,,,,,,,,,,,,,,,,-1.738187526017053,3830,70
2026-27,wsoc,Centennial Conference,centennial_conference,Dickinson,"Allen, Elizabeth",Elizabeth,Allen,,185,"Allen, Elizabeth","ALLEN,ELIZABETH",Dickinson,DSON,663-2676,0,0,1,0,1,0.0,0.0,0.0,0.0,0.0,0.0,0.0,0.0,0.0,0.0,0.0,0.0,0.0,0.0,0.0,0.0,0.0,0.0,0.0,0.0,0.0,0.0,0.0,0.0,0.0,0.0,0.0,0.0,0.0,0.0,0.0,,00:00,0.0,0.0,0.0,,,,,,,,,,,,,,,,,,,,,,-1.738187526017053,3858,70
2026-27,wsoc,Centennial Conference,centennial_conference,Dickinson,"Anderson, Norah",Norah,Anderson,,185,"Anderson, Norah","ANDERSON,NORAH",Dickinson,DSON,663-2684,6,1,29,0,29,0.0,0.0,0.0,4.0,0.0,0.0,0.0,0.0,0.0,0.67,0.0,0.0,0.0,0.0,0.0,0.0,0.0,0.0,0.0,0.0,0.0,0.0,2.0,0.0,0.0,0.0,0.33,0.0,0.0,0.0,0.0,,208:00,0.0,0.0,0.0,,,,,,,,,,,,,,,,,,,,,,-1.738187526017053,3890,69
2026-27,wsoc,Centennial Conference,centennial_conference,Washington College,"Armenti, Emma",Emma,Armenti,,753,"Armenti, Emma","ARMENTI,EMMA",Washington College,WAC,672-3992,9,6,11,0,11,0.0,0.0,0.0,0.0,0.0,0.0,0.0,0.0,0.0,0.0,0.0,0.0,0.0,0.0,0.0,0.0,0.0,0.0,0.0,0.0,0.0,0.0,2.0,0.0,0.0,0.0,0.22,0.0,0.0,0.0,0.0,,415:00,0.0,0.0,0.0,,,,,,,,,,,,,,,,,,,,,,-1.738187526017053,3906,69
2026-27,wsoc,Centennial Conference,centennial_conference,Ursinus,"Ballard, Lily",Lily,Ballard,,730,"Ballard, Lily","BALLARD,LILY",Ursinus,UCB,671-3609,8,8,7,0,7,0.0,0.0,0.0,3.0,0.0,0.0,0.0,0.0,0.0,0.38,0.0,0.0,0.0,0.0,0.0,0.0,0.0,0.0,0.0,0.0,0.0,0.0,3.0,0.0,0.0,0.0,0.38,0.0,0.0,0.0,0.0,,501:00,0.0,0.0,0.0,,,,,,,,,,,,,,,,,,,,,,-1.738187526017053,3967,69
2026-27,wsoc,Centennial Conference,centennial_conference,Johns Hopkins,"Barto, Trevianna",Trevianna,Barto,,322,"Barto, Trevianna","BARTO,TREVIANNA",Johns Hopkins,JHU,667-6074,5,0,8,0,8,0.0,0.0,0.0,0.0,0.0,0.0,0.0,0.0,0.0,0.0,0.0,0.0,0.0,0.0,0.0,0.0,0.0,0.0,0.0,0.0,0.0,0.0,1.0,0.0,0.0,0.0,0.2,0.0,0.0,0.0,0.0,,77:00,0.0,0.0,0.0,,,,,,,,,,,,,,,,,,,,,,-1.738187526017053,3989,69
2026-27,wsoc,Centennial Conference,centennial_conference,Swarthmore,"Berezin, Sophia",Sophia,Berezin,,686,"Berezin, Sophia","BEREZIN,SOPHIA",Swarthmore,SWT,670-7832,0,0,24,0,24,0.0,0.0,0.0,0.0,0.0,0.0,0.0,0.0,0.0,0.0,0.0,0.0,0.0,0.0,0.0,0.0,0.0,0.0,0.0,0.0,0.0,0.0,0.0,0.0,0.0,0.0,0.0,0.0,0.0,0.0,0.0,,00:00,0.0,0.0,0.0,,,,,,,,,,,,,,,,,,,,,,-1.738187526017053,4022,69
2026-27,wsoc,Centennial Conference,centennial_conference,Gettysburg,"Beyer, Emily",Emily,Beyer,,258,"Beyer, Emily","BEYER,EMILY",Gettysburg,GET,665-5900,0,0,15,0,15,0.0,0.0,0.0,0.0,0.0,0.0,0.0,0.0,0.0,0.0,0.0,0.0,0.0,0.0,0.0,0.0,0.0,0.0,0.0,0.0,0.0,0.0,0.0,0.0,0.0,0.0,0.0,0.0,0.0,0.0,0.0,,00:00,0.0,0.0,0.0,,,,,,,,,,,,,,,,,,,,,,-1.738187526017053,4033,68
2026-27,wsoc,Centennial Conference,centennial_conference,Dickinson,"Bird, Chloe",Chloe,Bird,,185,"Bird, Chloe","BIRD,CHLOE",Dickinson,DSON,663-3230,3,0,17,0,17,0.0,0.0,0.0,1.0,0.0,0.0,0.0,0.0,0.0,0.33,0.0,0.0,0.0,0.0,0.0,0.0,0.0,0.0,0.0,0.0,0.0,0.0,1.0,0.0,0.0,0.0,0.33,0.0,0.0,0.0,0.0,,96:00,0.0,0.0,0.0,,,,,,,,,,,,,,,,,,,,,,-1.738187526017053,4039,68
2026-27,wsoc,Centennial Conference,centennial_conference,Bryn Mawr,"Bouzek, Sefira",Sefira,Bouzek,,82,"Bouzek, Sefira","BOUZEK,SEFIRA",Bryn Mawr,BMU,662-1542,0,0,30,0,30,0.0,0.0,0.0,0.0,0.0,0.0,0.0,0.0,0.0,0.0,0.0,0.0,0.0,0.0,0.0,0.0,0.0,0.0,0.0,0.0,0.0,0.0,0.0,0.0,0.0,0.0,0.0,0.0,0.0,0.0,0.0,,00:00,0.0,0.0,0.0,,,,,,,,,,,,,,,,,,,,,,-1.738187526017053,4080,68
2026-27,wsoc,Centennial Conference,centennial_conference,Bryn Mawr,Brynn Cunningham,Brynn,Cunningham,,82,Brynn Cunningham,"CUNNINGHAM,BRYNN",Bryn Mawr,BMU,662-1501,2,0,15,0,15,0.0,0.0,0.0,0.0,0.0,0.0,0.0,0.0,0.0,0.0,0.0,0.0,0.0,0.0,0.0,0.0,0.0,0.0,0.0,0.0,0.0,0.0,0.0,0.0,0.0,0.0,0.0,0.0,0.0,0.0,0.0,,15:00,0.0,0.0,0.0,,,,,,,,,,,,,,,,,,,,,,-1.738187526017053,4143,68
2026-27,wsoc,Centennial Conference,centennial_conference,Johns Hopkins,"Burchfiel, Maddie",Maddie,Burchfiel,,322,"Burchfiel, Maddie","BURCHFIEL,MADDIE",Johns Hopkins,JHU,667-6890,9,9,6,0,6,0.0,0.0,0.0,0.0,0.0,0.0,0.0,0.0,0.0,0.0,0.0,0.0,0.0,0.0,0.0,0.0,0.0,0.0,0.0,0.0,0.0,0.0,1.0,0.0,0.0,0.0,0.11,0.0,0.0,0.0,0.0,,716:00,0.0,0.0,0.0,,,,,,,,,,,,,,,,,,,,,,-1.738187526017053,4151,68
2026-27,wsoc,Centennial Conference,centennial_conference,Dickinson,"Burgess, Ava",Ava,Burgess,,185,"Burgess, Ava","BURGESS,AVA",Dickinson,DSON,663-2681,6,1,23,0,23,0.0,0.0,0.0,1.0,0.0,0.0,0.0,0.0,0.0,0.17,0.0,0.0,0.0,0.0,0.0,0.0,0.0,0.0,0.0,0.0,0.0,0.0,0.0,0.0,0.0,0.0,0.0,0.0,0.0,0.0,0.0,,221:00,0.0,0.0,0.0,,,,,,,,,,,,,,,,,,,,,,-1.738187526017053,4152,68
2026-27,wsoc,Centennial Conference,centennial_conference,Gettysburg,"Calawa, Hannah",Hannah,Calawa,,258,"Calawa, Hannah","CALAWA,HANNAH",Gettysburg,GET,665-6108,2,0,26,0,26,0.0,0.0,0.0,0.0,0.0,0.0,0.0,0.0,0.0,0.0,0.0,0.0,0.0,0.0,0.0,0.0,0.0,0.0,0.0,0.0,0.0,0.0,0.0,0.0,0.0,0.0,0.0,0.0,0.0,0.0,0.0,,24:00,0.0,0.0,0.0,,,,,,,,,,,,,,,,,,,,,,-1.738187526017053,4173,68
2026-27,wsoc,Centennial Conference,centennial_conference,McDaniel,Carly Helmstetter,Carly,Helmstetter,,773,Carly Helmstetter,"HELMSTETTER,CARLY",McDaniel,MCDANIEL,668-3618,1,0,14,0,14,0.0,0.0,0.0,0.0,0.0,0.0,0.0,0.0,0.0,0.0,0.0,0.0,0.0,0.0,0.0,0.0,0.0,0.0,0.0,0.0,0.0,0.0,0.0,0.0,0.0,0.0,0.0,0.0,0.0,0.0,0.0,,44:00,0.0,0.0,0.0,,,,,,,,,,,,,,,,,,,,,,-1.738187526017053,4201,67
2026-27,wsoc,Centennial Conference,centennial_conference,Johns Hopkins,"Chaib, Yara",Yara,Chaib,,322,"Chaib, Yara","CHAIB,YARA",Johns Hopkins,JHU,667-8838,0,0,35,0,35,0.0,0.0,0.0,0.0,0.0,0.0,0.0,0.0,0.0,0.0,0.0,0.0,0.0,0.0,0.0,0.0,0.0,0.0,0.0,0.0,0.0,0.0,0.0,0.0,0.0,0.0,0.0,0.0,0.0,0.0,0.0,,00:00,0.0,0.0,0.0,,,,,,,,,,,,,,,,,,,,,,-1.738187526017053,4232,67
2026-27,wsoc,Centennial Conference,centennial_conference,Bryn Mawr,"Chang, Olivia",Olivia,Chang,,82,"Chang, Olivia","CHANG,OLIVIA",Bryn Mawr,BMU,662-1539,4,0,10,0,10,0.0,0.0,0.0,0.0,0.0,0.0,0.0,0.0,0.0,0.0,0.0,0.0,0.0,0.0,0.0,0.0,0.0,0.0,0.0,0.0,0.0,0.0,1.0,0.0,0.0,0.0,0.25,0.0,0.0,0.0,0.0,,97:00,0.0,0.0,0.0,,,,,,,,,,,,,,,,,,,,,,-1.738187526017053,4241,67
2026-27,wsoc,Centennial Conference,centennial_conference,Gettysburg,"Chappell, Rei",Rei,Chappell,,258,"Chappell, Rei","CHAPPELL,REI",Gettysburg,GET,665-5724,7,0,6,0,6,0.0,0.0,0.0,1.0,0.0,0.0,0.0,0.0,0.0,0.14,0.0,0.0,0.0,0.0,0.0,0.0,0.0,0.0,0.0,0.0,0.0,0.0,0.0,0.0,0.0,0.0,0.0,0.0,0.0,0.0,0.0,,95:00,0.0,0.0,0.0,,,,,,,,,,,,,,,,,,,,,,-1.738187526017053,4242,67
2026-27,wsoc,Centennial Conference,centennial_conference,McDaniel,Chloe Workman,Chloe,Workman,,773,Chloe Workman,"WORKMAN,CHLOE",McDaniel,MCDANIEL,668-3621,1,1,19,0,19,0.0,0.0,0.0,0.0,0.0,0.0,0.0,0.0,0.0,0.0,0.0,0.0,0.0,0.0,0.0,0.0,0.0,0.0,0.0,0.0,0.0,0.0,0.0,0.0,0.0,0.0,0.0,0.0,0.0,0.0,0.0,,19:00,0.0,0.0,0.0,,,,,,,,,,,,,,,,,,,,,,-1.738187526017053,4257,67
2026-27,wsoc,Centennial Conference,centennial_conference,Haverford,Claire Parker,Claire,Parker,,276,Claire Parker,"PARKER,CLAIRE",Haverford,HAVWSOC,666-2473,1,0,16,0,16,0.0,0.0,0.0,0.0,0.0,0.0,0.0,0.0,0.0,0.0,0.0,0.0,0.0,0.0,0.0,0.0,0.0,0.0,0.0,0.0,0.0,0.0,0.0,0.0,0.0,0.0,0.0,0.0,0.0,0.0,0.0,,00:00,0.0,0.0,0.0,,,,,,,,,,,,,,,,,,,,,,-1.738187526017053,4274,67
2026-27,wsoc,Centennial Conference,centennial_conference,Washington College,"Coupe, Mackenzie",Mackenzie,Coupe,,753,"Coupe, Mackenzie","COUPE,MACKENZIE",Washington College,WAC,672-3990,8,4,2,0,2,0.0,0.0,0.0,0.0,0.0,0.0,0.0,0.0,0.0,0.0,0.0,0.0,0.0,0.0,0.0,0.0,0.0,0.0,0.0,0.0,0.0,0.0,3.0,0.0,0.0,0.0,0.38,0.0,0.0,0.0,0.0,,237:00,0.0,0.0,0.0,,,,,,,,,,,,,,,,,,,,,,-1.738187526017053,4329,67
2026-27,wsoc,Centennial Conference,centennial_conference,Ursinus,"Croasdale, Kylie",Kylie,Croasdale,,730,"Croasdale, Kylie","CROASDALE,KYLIE",Ursinus,UCB,671-3836,4,0,11,0,11,0.0,0.0,0.0,0.0,0.0,0.0,0.0,0.0,0.0,0.0,0.0,0.0,0.0,0.0,0.0,0.0,0.0,0.0,0.0,0.0,0.0,0.0,0.0,0.0,0.0,0.0,0.0,0.0,0.0,0.0,0.0,,75:00,0.0,0.0,0.0,,,,,,,,,,,,,,,,,,,,,,-1.738187526017053,4354,66
2026-27,wsoc,Centennial Conference,centennial_conference,Muhlenberg,"Defino, Ariana",Ariana,Defino,,453,"Defino, Ariana","DEFINO,ARIANA",Muhlenberg,Mules,669-3391,8,0,11,0,11,0.0,0.0,0.0,0.0,0.0,0.0,0.0,0.0,0.0,0.0,0.0,0.0,0.0,0.0,0.0,0.0,0.0,0.0,0.0,0.0,0.0,0.0,2.0,0.0,0.0,0.0,0.25,0.0,0.0,0.0,0.0,,148:00,0.0,0.0,0.0,,,,,,,,,,,,,,,,,,,,,,-1.738187526017053,4438,66
2026-27,wsoc,Centennial Conference,centennial_conference,Johns Hopkins,"Dilts, Maria",Maria,Dilts,,322,"Dilts, Maria","DILTS,MARIA",Johns Hopkins,JHU,667-6072,5,5,7,0,7,0.0,0.0,0.0,0.0,0.0,0.0,0.0,0.0,0.0,0.0,0.0,0.0,0.0,0.0,0.0,0.0,0.0,0.0,0.0,0.0,0.0,0.0,3.0,0.0,0.0,0.0,0.6,0.0,0.0,0.0,0.0,,395:00,0.0,0.0,0.0,,,,,,,,,,,,,,,,,,,,,,-1.738187526017053,4465,66
2026-27,wsoc,Centennial Conference,centennial_conference,Franklin & Marshall,Donado diaz Gabby,Donado diaz,Gabby,,239,Donado diaz Gabby,"DIAZ,GABBY DONADO",Franklin & Marshall,F&M,664-6354,0,0,99,0,99,0.0,0.0,0.0,0.0,0.0,0.0,0.0,0.0,0.0,0.0,0.0,0.0,0.0,0.0,0.0,0.0,0.0,0.0,0.0,0.0,0.0,0.0,0.0,0.0,0.0,0.0,0.0,0.0,0.0,0.0,0.0,,00:00,0.0,0.0,0.0,,,,,,,,,,,,,,,,,,,,,,-1.738187526017053,4475,66
2026-27,wsoc,Centennial Conference,centennial_conference,Dickinson,"Egan, Maddie",Maddie,Egan,,185,"Egan, Maddie","EGAN,MADDIE",Dickinson,DSON,663-2897,3,0,15,0,15,0.0,0.0,0.0,2.0,0.0,0.0,0.0,0.0,0.0,0.67,0.0,0.0,0.0,0.0,0.0,0.0,0.0,0.0,0.0,0.0,0.0,0.0,1.0,0.0,0.0,0.0,0.33,0.0,0.0,0.0,0.0,,106:00,0.0,0.0,0.0,,,,,,,,,,,,,,,,,,,,,,-1.738187526017053,4521,65
2026-27,wsoc,Centennial Conference,centennial_conference,Gettysburg,"Einreinhofer, Jane",Jane,Einreinhofer,,258,"Einreinhofer, Jane","EINREINHOFER,JANE",Gettysburg,GET,665-5728,6,0,4,0,4,0.0,0.0,0.0,0.0,0.0,0.0,0.0,0.0,0.0,0.0,0.0,0.0,0.0,0.0,0.0,0.0,0.0,0.0,0.0,0.0,0.0,0.0,1.0,0.0,0.0,0.0,0.17,0.0,0.0,0.0,0.0,,67:00,0.0,0.0,0.0,,,,,,,,,,,,,,,,,,,,,,-1.738187526017053,4524,65
2026-27,wsoc,Centennial Conference,centennial_conference,Haverford,Ella Quinn,Ella,Quinn,,276,Ella Quinn,"QUINN,ELLA",Haverford,HAVWSOC,666-2685,1,0,9,0,9,0.0,0.0,0.0,0.0,0.0,0.0,0.0,0.0,0.0,0.0,0.0,0.0,0.0,0.0,0.0,0.0,0.0,0.0,0.0,0.0,0.0,0.0,0.0,0.0,0.0,0.0,0.0,0.0,0.0,0.0,0.0,,09:00,0.0,0.0,0.0,,,,,,,,,,,,,,,,,,,,,,-1.738187526017053,4534,65
2026-27,wsoc,Centennial Conference,centennial_conference,Franklin & Marshall,Emma Sherman,Emma,Sherman,,239,Emma Sherman,"SHERMAN,EMMA",Franklin & Marshall,F&M,664-6109,0,0,25,0,25,0.0,0.0,0.0,0.0,0.0,0.0,0.0,0.0,0.0,0.0,0.0,0.0,0.0,0.0,0.0,0.0,0.0,0.0,0.0,0.0,0.0,0.0,0.0,0.0,0.0,0.0,0.0,0.0,0.0,0.0,0.0,,00:00,0.0,0.0,0.0,,,,,,,,,,,,,,,,,,,,,,-1.738187526017053,4556,65
2026-27,wsoc,Centennial Conference,centennial_conference,Haverford,Emma Sherter,Emma,Sherter,,276,Emma Sherter,"SHERTER,EMMA",Haverford,HAVWSOC,666-2527,5,0,10,0,10,0.0,0.0,0.0,1.0,0.0,0.0,0.0,0.0,0.0,0.2,0.0,0.0,0.0,0.0,0.0,0.0,0.0,0.0,0.0,0.0,0.0,0.0,1.0,0.0,0.0,0.0,0.2,0.0,0.0,0.0,0.0,,196:00,0.0,0.0,0.0,,,,,,,,,,,,,,,,,,,,,,-1.738187526017053,4557,65
2026-27,wsoc,Centennial Conference,centennial_conference,Franklin & Marshall,Eve Rebora,Eve,Rebora,,239,Eve Rebora,"REBORA,EVE",Franklin & Marshall,F&M,664-6114,1,0,20,0,20,0.0,0.0,0.0,0.0,0.0,0.0,0.0,0.0,0.0,0.0,0.0,0.0,0.0,0.0,0.0,0.0,0.0,0.0,0.0,0.0,0.0,0.0,0.0,0.0,0.0,0.0,0.0,0.0,0.0,0.0,0.0,,04:00,0.0,0.0,0.0,,,,,,,,,,,,,,,,,,,,,,-1.738187526017053,4575,65
2026-27,wsoc,Centennial Conference,centennial_conference,Gettysburg,"Feinberg, Marley",Marley,Feinberg,,258,"Feinberg, Marley","FEINBERG,MARLEY",Gettysburg,GET,665-5901,7,0,19,0,19,0.0,0.0,0.0,1.0,0.0,0.0,0.0,0.0,0.0,0.14,0.0,0.0,0.0,0.0,0.0,0.0,0.0,0.0,0.0,0.0,0.0,0.0,1.0,0.0,0.0,0.0,0.14,0.0,0.0,0.0,0.0,,84:00,0.0,0.0,0.0,,,,,,,,,,,,,,,,,,,,,,-1.738187526017053,4590,65
2026-27,wsoc,Centennial Conference,centennial_conference,Bryn Mawr,"Ferrier, Hailey",Hailey,Ferrier,,82,"Ferrier, Hailey","FERRIER,HAILEY",Bryn Mawr,BMU,662-1463,6,5,8,0,8,0.0,0.0,0.0,0.0,0.0,0.0,0.0,0.0,0.0,0.0,0.0,0.0,0.0,0.0,0.0,0.0,0.0,0.0,0.0,0.0,0.0,0.0,0.0,0.0,0.0,0.0,0.0,0.0,0.0,0.0,0.0,,469:00,0.0,0.0,0.0,,,,,,,,,,,,,,,,,,,,,,-1.738187526017053,4597,65
2026-27,wsoc,Centennial Conference,centennial_conference,Swarthmore,"Fineberg, Hayley",Hayley,Fineberg,,686,"Fineberg, Hayley","FINEBERG,HAYLEY",Swarthmore,SWT,670-7833,3,1,28,0,28,0.0,0.0,0.0,0.0,0.0,0.0,0.0,0.0,0.0,0.0,0.0,0.0,0.0,0.0,0.0,0.0,0.0,0.0,0.0,0.0,0.0,0.0,0.0,0.0,0.0,0.0,0.0,0.0,0.0,0.0,0.0,,157:00,0.0,0.0,0.0,,,,,,,,,,,,,,,,,,,,,,-1.738187526017053,4600,65
2026-27,wsoc,Centennial Conference,centennial_conference,Swarthmore,"Finelli, Zoe",Zoe,Finelli,,686,"Finelli, Zoe","FINELLI,ZOE",Swarthmore,SWT,670-6592,8,2,16,0,16,0.0,0.0,0.0,2.0,0.0,0.0,0.0,0.0,0.0,0.25,0.0,0.0,0.0,0.0,0.0,0.0,0.0,0.0,0.0,0.0,0.0,0.0,1.0,0.0,0.0,0.0,0.13,0.0,0.0,0.0,0.0,,348:00,0.0,0.0,0.0,,,,,,,,,,,,,,,,,,,,,,-1.738187526017053,4601,65
2026-27,wsoc,Centennial Conference,centennial_conference,Gettysburg,"Flinkinger, Fiona",Fiona,Flinkinger,,258,"Flinkinger, Fiona","FLINKINGER,FIONA",Gettysburg,GET,665-6327,0,0,17,0,17,0.0,0.0,0.0,0.0,0.0,0.0,0.0,0.0,0.0,0.0,0.0,0.0,0.0,0.0,0.0,0.0,0.0,0.0,0.0,0.0,0.0,0.0,0.0,0.0,0.0,0.0,0.0,0.0,0.0,0.0,0.0,,00:00,0.0,0.0,0.0,,,,,,,,,,,,,,,,,,,,,,-1.738187526017053,4618,65
2026-27,wsoc,Centennial Conference,centennial_conference,Muhlenberg,"Gaffney, Jillian",Jillian,Gaffney,,453,"Gaffney, Jillian","GAFFNEY,JILLIAN",Muhlenberg,Mules,669-3613,1,0,29,0,29,0.0,0.0,0.0,0.0,0.0,0.0,0.0,0.0,0.0,0.0,0.0,0.0,0.0,0.0,0.0,0.0,0.0,0.0,0.0,0.0,0.0,0.0,0.0,0.0,0.0,0.0,0.0,0.0,0.0,0.0,0.0,,07:00,0.0,0.0,0.0,,,,,,,,,,,,,,,,,,,,,,-1.738187526017053,4665,64
2026-27,wsoc,Centennial Conference,centennial_conference,Washington College,"Gavini, Brianna",Brianna,Gavini,,753,"Gavini, Brianna","GAVINI,BRIANNA",Washington College,WAC,672-4721,0,0,5,0,5,0.0,0.0,0.0,0.0,0.0,0.0,0.0,0.0,0.0,0.0,0.0,0.0,0.0,0.0,0.0,0.0,0.0,0.0,0.0,0.0,0.0,0.0,0.0,0.0,0.0,0.0,0.0,0.0,0.0,0.0,0.0,,00:00,0.0,0.0,0.0,,,,,,,,,,,,,,,,,,,,,,-1.738187526017053,4690,64
2026-27,wsoc,Centennial Conference,centennial_conference,Haverford,Giana Coletti,Giana,Coletti,,276,Giana Coletti,"COLETTI,GIANA",Haverford,HAVWSOC,666-1787,1,0,22,0,22,0.0,0.0,0.0,0.0,0.0,0.0,0.0,0.0,0.0,0.0,0.0,0.0,0.0,0.0,0.0,0.0,0.0,0.0,0.0,0.0,0.0,0.0,0.0,0.0,0.0,0.0,0.0,0.0,0.0,0.0,0.0,,11:00,0.0,0.0,0.0,,,,,,,,,,,,,,,,,,,,,,-1.738187526017053,4702,64
2026-27,wsoc,Centennial Conference,centennial_conference,Bryn Mawr,"Gibson, Alexandra",Alexandra,Gibson,,82,"Gibson, Alexandra","GIBSON,ALEXANDRA",Bryn Mawr,BMU,662-1310,8,5,11,0,11,0.0,0.0,0.0,2.0,0.0,0.0,0.0,0.0,0.0,0.25,0.0,0.0,0.0,0.0,0.0,0.0,0.0,0.0,0.0,0.0,0.0,0.0,3.0,0.0,0.0,0.0,0.38,0.0,0.0,0.0,0.0,,475:00,0.0,0.0,0.0,,,,,,,,,,,,,,,,,,,,,,-1.738187526017053,4708,64
2026-27,wsoc,Centennial Conference,centennial_conference,Muhlenberg,"Gmelin, Sienna",Sienna,Gmelin,,453,"Gmelin, Sienna","GMELIN,SIENNA",Muhlenberg,Mules,669-3614,7,0,13,0,13,0.0,0.0,0.0,0.0,0.0,0.0,0.0,0.0,0.0,0.0,0.0,0.0,0.0,0.0,0.0,0.0,0.0,0.0,0.0,0.0,0.0,0.0,1.0,0.0,0.0,0.0,0.14,0.0,0.0,0.0,0.0,,118:00,0.0,0.0,0.0,,,,,,,,,,,,,,,,,,,,,,-1.738187526017053,4726,64
2026-27,wsoc,Centennial Conference,centennial_conference,Gettysburg,"Guss, Ari",Ari,Guss,,258,"Guss, Ari","GUSS,ARI",Gettysburg,GET,665-5730,2,0,23,0,23,0.0,0.0,0.0,0.0,0.0,0.0,0.0,0.0,0.0,0.0,0.0,0.0,0.0,0.0,0.0,0.0,0.0,0.0,0.0,0.0,0.0,0.0,0.0,0.0,0.0,0.0,0.0,0.0,0.0,0.0,0.0,,34:00,0.0,0.0,0.0,,,,,,,,,,,,,,,,,,,,,,-1.738187526017053,4785,64
2026-27,wsoc,Centennial Conference,centennial_conference,Bryn Mawr,"Gwozdz, Michaela",Michaela,Gwozdz,,82,"Gwozdz, Michaela","GWOZDZ,MICHAELA",Bryn Mawr,BMU,662-1313,8,6,19,0,19,0.0,0.0,0.0,0.0,0.0,0.0,0.0,0.0,0.0,0.0,0.0,0.0,0.0,0.0,0.0,0.0,0.0,0.0,0.0,0.0,0.0,0.0,6.0,0.0,0.0,0.0,0.75,0.0,0.0,0.0,0.0,,486:00,0.0,0.0,0.0,,,,,,,,,,,,,,,,,,,,,,-1.738187526017053,4790,63
2026-27,wsoc,Centennial Conference,centennial_conference,Muhlenberg,"Hager, Rahmya",Rahmya,Hager,,453,"Hager, Rahmya","HAGER,RAHMYA",Muhlenberg,Mules,669-3224,7,0,17,0,17,0.0,0.0,0.0,0.0,0.0,0.0,0.0,0.0,0.0,0.0,0.0,0.0,0.0,0.0,0.0,0.0,0.0,0.0,0.0,0.0,0.0,0.0,1.0,0.0,0.0,0.0,0.14,0.0,0.0,0.0,0.0,,138:00,0.0,0.0,0.0,,,,,,,,,,,,,,,,,,,,,,-1.738187526017053,4796,63
2026-27,wsoc,Centennial Conference,centennial_conference,Muhlenberg,"Hartle, Ava",Ava,Hartle,,453,"Hartle, Ava","HARTLE,AVA",Muhlenberg,Mules,669-3393,8,1,7,0,7,0.0,0.0,0.0,2.0,0.0,0.0,0.0,0.0,0.0,0.25,0.0,0.0,0.0,0.0,0.0,0.0,0.0,0.0,0.0,0.0,0.0,0.0,0.0,0.0,0.0,0.0,0.0,0.0,0.0,0.0,0.0,,222:00,0.0,0.0,0.0,,,,,,,,,,,,,,,,,,,,,,-1.738187526017053,4849,63
2026-27,wsoc,Centennial Conference,centennial_conference,Franklin & Marshall,Hayley Jaeger,Hayley,Jaeger,,239,Hayley Jaeger,"JAEGER,HAYLEY",Franklin & Marshall,F&M,664-5786,1,0,9,0,9,0.0,0.0,0.0,0.0,0.0,0.0,0.0,0.0,0.0,0.0,0.0,0.0,0.0,0.0,0.0,0.0,0.0,0.0,0.0,0.0,0.0,0.0,0.0,0.0,0.0,0.0,0.0,0.0,0.0,0.0,0.0,,11:00,0.0,0.0,0.0,,,,,,,,,,,,,,,,,,,,,,-1.738187526017053,4859,63
2026-27,wsoc,Centennial Conference,centennial_conference,Bryn Mawr,"Hess, Lena",Lena,Hess,,82,"Hess, Lena","HESS,LENA",Bryn Mawr,BMU,662-1492,4,0,5,0,5,0.0,0.0,0.0,0.0,0.0,0.0,0.0,0.0,0.0,0.0,0.0,0.0,0.0,0.0,0.0,0.0,0.0,0.0,0.0,0.0,0.0,0.0,0.0,0.0,0.0,0.0,0.0,0.0,0.0,0.0,0.0,,44:00,0.0,0.0,0.0,,,,,,,,,,,,,,,,,,,,,,-1.738187526017053,4891,63
2026-27,wsoc,Centennial Conference,centennial_conference,Johns Hopkins,"Huckelbridge, Kyra",Kyra,Huckelbridge,,322,"Huckelbridge, Kyra","HUCKELBRIDGE,KYRA",Johns Hopkins,JHU,667-6892,4,0,12,0,12,0.0,0.0,0.0,0.0,0.0,0.0,0.0,0.0,0.0,0.0,0.0,0.0,0.0,0.0,0.0,0.0,0.0,0.0,0.0,0.0,0.0,0.0,0.0,0.0,0.0,0.0,0.0,0.0,0.0,0.0,0.0,,99:00,0.0,0.0,0.0,,,,,,,,,,,,,,,,,,,,,,-1.738187526017053,4945,62
2026-27,wsoc,Centennial Conference,centennial_conference,Franklin & Marshall,Hunter Lantzman,Hunter,Lantzman,,239,Hunter Lantzman,"LANTZMAN,HUNTER",Franklin & Marshall,F&M,664-6357,0,0,32,0,32,0.0,0.0,0.0,0.0,0.0,0.0,0.0,0.0,0.0,0.0,0.0,0.0,0.0,0.0,0.0,0.0,0.0,0.0,0.0,0.0,0.0,0.0,0.0,0.0,0.0,0.0,0.0,0.0,0.0,0.0,0.0,,00:00,0.0,0.0,0.0,,,,,,,,,,,,,,,,,,,,,,-1.738187526017053,4955,62
2026-27,wsoc,Centennial Conference,centennial_conference,Johns Hopkins,"Hwang, Ella",Ella,Hwang,,322,"Hwang, Ella","HWANG,ELLA",Johns Hopkins,JHU,667-8833,0,0,43,0,43,0.0,0.0,0.0,0.0,0.0,0.0,0.0,0.0,0.0,0.0,0.0,0.0,0.0,0.0,0.0,0.0,0.0,0.0,0.0,0.0,0.0,0.0,0.0,0.0,0.0,0.0,0.0,0.0,0.0,0.0,0.0,,00:00,0.0,0.0,0.0,,,,,,,,,,,,,,,,,,,,,,-1.738187526017053,4962,62
2026-27,wsoc,Centennial Conference,centennial_conference,Franklin & Marshall,Izzy Feeney,Izzy,Feeney,,239,Izzy Feeney,"FEENEY,IZZY",Franklin & Marshall,F&M,664-6355,4,0,23,0,23,0.0,0.0,0.0,1.0,0.0,0.0,0.0,0.0,0.0,0.25,0.0,0.0,0.0,0.0,0.0,0.0,0.0,0.0,0.0,0.0,0.0,0.0,0.0,0.0,0.0,0.0,0.0,0.0,0.0,0.0,0.0,,107:00,0.0,0.0,0.0,,,,,,,,,,,,,,,,,,,,,,-1.738187526017053,4980,62
2026-27,wsoc,Centennial Conference,centennial_conference,Swarthmore,"Jarmosevich, Lillian",Lillian,Jarmosevich,,686,"Jarmosevich, Lillian","JARMOSEVICH,LILLIAN",Swarthmore,SWT,670-6595,8,6,18,0,18,0.0,0.0,0.0,0.0,0.0,0.0,0.0,0.0,0.0,0.0,0.0,0.0,0.0,0.0,0.0,0.0,0.0,0.0,0.0,0.0,0.0,0.0,0.0,0.0,0.0,0.0,0.0,0.0,0.0,0.0,0.0,,501:00,0.0,0.0,0.0,,,,,,,,,,,,,,,,,,,,,,-1.738187526017053,4993,62
2026-27,wsoc,Centennial Conference,centennial_conference,Swarthmore,"Jensen, Nicole",Nicole,Jensen,,686,"Jensen, Nicole","JENSEN,NICOLE",Swarthmore,SWT,670-6489,0,0,21,0,21,0.0,0.0,0.0,0.0,0.0,0.0,0.0,0.0,0.0,0.0,0.0,0.0,0.0,0.0,0.0,0.0,0.0,0.0,0.0,0.0,0.0,0.0,0.0,0.0,0.0,0.0,0.0,0.0,0.0,0.0,0.0,,00:00,0.0,0.0,0.0,,,,,,,,,,,,,,,,,,,,,,-1.738187526017053,5004,62
2026-27,wsoc,Centennial Conference,centennial_conference,Ursinus,"Joseph, Holly",Holly,Joseph,,730,"Joseph, Holly","JOSEPH,HOLLY",Ursinus,UCB,671-3094,7,1,8,0,8,0.0,0.0,0.0,1.0,0.0,0.0,0.0,0.0,0.0,0.14,0.0,0.0,0.0,0.0,0.0,0.0,0.0,0.0,0.0,0.0,0.0,0.0,1.0,0.0,0.0,0.0,0.14,0.0,0.0,0.0,0.0,,253:00,0.0,0.0,0.0,,,,,,,,,,,,,,,,,,,,,,-1.738187526017053,5040,62
2026-27,wsoc,Centennial Conference,centennial_conference,Gettysburg,"Jurow, Alex",Alex,Jurow,,258,"Jurow, Alex","JUROW,ALEX",Gettysburg,GET,665-5733,0,0,1,0,1,0.0,0.0,0.0,0.0,0.0,0.0,0.0,0.0,0.0,0.0,0.0,0.0,0.0,0.0,0.0,0.0,0.0,0.0,0.0,0.0,0.0,0.0,0.0,0.0,0.0,0.0,0.0,0.0,0.0,0.0,0.0,,00:00,0.0,0.0,0.0,,,,,,,,,,,,,,,,,,,,,,-1.738187526017053,5047,62
2026-27,wsoc,Centennial Conference,centennial_conference,Franklin & Marshall,Katarina Charles,Katarina,Charles,,239,Katarina Charles,"CHARLES,KATARINA",Franklin & Marshall,F&M,664-6351,1,0,5,0,5,0.0,0.0,0.0,0.0,0.0,0.0,0.0,0.0,0.0,0.0,0.0,0.0,0.0,0.0,0.0,0.0,0.0,0.0,0.0,0.0,0.0,0.0,0.0,0.0,0.0,0.0,0.0,0.0,0.0,0.0,0.0,,06:00,0.0,0.0,0.0,,,,,,,,,,,,,,,,,,,,,,-1.738187526017053,5066,62
2026-27,wsoc,Centennial Conference,centennial_conference,Haverford,Katie Dowd,Katie,Dowd,,276,Katie Dowd,"DOWD,KATIE",Haverford,HAVWSOC,666-2471,1,0,32,0,32,0.0,0.0,0.0,0.0,0.0,0.0,0.0,0.0,0.0,0.0,0.0,0.0,0.0,0.0,0.0,0.0,0.0,0.0,0.0,0.0,0.0,0.0,0.0,0.0,0.0,0.0,0.0,0.0,0.0,0.0,0.0,,13:00,0.0,0.0,0.0,,,,,,,,,,,,,,,,,,,,,,-1.738187526017053,5074,62
2026-27,wsoc,Centennial Conference,centennial_conference,Franklin & Marshall,Kaylana Davis,Kaylana,Davis,,239,Kaylana Davis,"DAVIS,KAYLANA",Franklin & Marshall,F&M,664-6353,2,0,19,0,19,0.0,0.0,0.0,0.0,0.0,0.0,0.0,0.0,0.0,0.0,0.0,0.0,0.0,0.0,0.0,0.0,0.0,0.0,0.0,0.0,0.0,0.0,0.0,0.0,0.0,0.0,0.0,0.0,0.0,0.0,0.0,,20:00,0.0,0.0,0.0,,,,,,,,,,,,,,,,,,,,,,-1.738187526017053,5081,62
2026-27,wsoc,Centennial Conference,centennial_conference,Washington College,"Kotis, Annie",Annie,Kotis,,753,"Kotis, Annie","KOTIS,ANNIE",Washington College,WAC,672-4722,9,3,27,0,27,0.0,0.0,0.0,1.0,0.0,0.0,0.0,0.0,0.0,0.11,0.0,0.0,0.0,0.0,0.0,0.0,0.0,0.0,0.0,0.0,0.0,0.0,4.0,0.0,0.0,0.0,0.44,0.0,0.0,0.0,0.0,,299:00,0.0,0.0,0.0,,,,,,,,,,,,,,,,,,,,,,-1.738187526017053,5162,61
2026-27,wsoc,Centennial Conference,centennial_conference,Bryn Mawr,"Kotuby, Ellie",Ellie,Kotuby,,82,"Kotuby, Ellie","KOTUBY,ELLIE",Bryn Mawr,BMU,662-1462,6,2,2,0,2,0.0,0.0,0.0,0.0,0.0,0.0,0.0,0.0,0.0,0.0,0.0,0.0,0.0,0.0,0.0,0.0,0.0,0.0,0.0,0.0,0.0,0.0,2.0,0.0,0.0,0.0,0.33,0.0,0.0,0.0,0.0,,270:00,0.0,0.0,0.0,,,,,,,,,,,,,,,,,,,,,,-1.738187526017053,5163,61
2026-27,wsoc,Centennial Conference,centennial_conference,Swarthmore,"Kral, Sophia",Sophia,Kral,,686,"Kral, Sophia","KRAL,SOPHIA",Swarthmore,SWT,670-6491,0,0,6,0,6,0.0,0.0,0.0,0.0,0.0,0.0,0.0,0.0,0.0,0.0,0.0,0.0,0.0,0.0,0.0,0.0,0.0,0.0,0.0,0.0,0.0,0.0,0.0,0.0,0.0,0.0,0.0,0.0,0.0,0.0,0.0,,00:00,0.0,0.0,0.0,,,,,,,,,,,,,,,,,,,,,,-1.738187526017053,5165,61
2026-27,wsoc,Centennial Conference,centennial_conference,McDaniel,Kya Beans,Kya,Beans,,773,Kya Beans,"BEANS,KYA",McDaniel,MCDANIEL,668-3377,5,0,21,0,21,0.0,0.0,0.0,1.0,0.0,0.0,0.0,0.0,0.0,0.2,0.0,0.0,0.0,0.0,0.0,0.0,0.0,0.0,0.0,0.0,0.0,0.0,1.0,0.0,0.0,0.0,0.2,0.0,0.0,0.0,0.0,,83:00,0.0,0.0,0.0,,,,,,,,,,,,,,,,,,,,,,-1.738187526017053,5194,61
2026-27,wsoc,Centennial Conference,centennial_conference,Johns Hopkins,"Laing, Molly",Molly,Laing,,322,"Laing, Molly","LAING,MOLLY",Johns Hopkins,JHU,667-8836,3,3,29,0,29,0.0,0.0,0.0,0.0,0.0,0.0,0.0,0.0,0.0,0.0,0.0,0.0,0.0,0.0,0.0,0.0,0.0,0.0,0.0,0.0,0.0,0.0,0.0,0.0,0.0,0.0,0.0,0.0,0.0,0.0,0.0,,199:00,0.0,0.0,0.0,,,,,,,,,,,,,,,,,,,,,,-1.738187526017053,5210,61
2026-27,wsoc,Centennial Conference,centennial_conference,Muhlenberg,"Laverty, Delia",Delia,Laverty,,453,"Laverty, Delia","LAVERTY,DELIA",Muhlenberg,Mules,669-3396,6,6,16,0,16,0.0,0.0,0.0,0.0,0.0,0.0,0.0,0.0,0.0,0.0,0.0,0.0,0.0,0.0,0.0,0.0,0.0,0.0,0.0,0.0,0.0,0.0,2.0,0.0,0.0,0.0,0.33,0.0,0.0,0.0,0.0,,376:00,0.0,0.0,0.0,,,,,,,,,,,,,,,,,,,,,,-1.738187526017053,5234,61
2026-27,wsoc,Centennial Conference,centennial_conference,Swarthmore,"Lewinski, Haley",Haley,Lewinski,,686,"Lewinski, Haley","LEWINSKI,HALEY",Swarthmore,SWT,670-6493,8,7,19,0,19,0.0,0.0,0.0,2.0,0.0,0.0,0.0,0.0,0.0,0.25,0.0,0.0,0.0,0.0,0.0,0.0,0.0,0.0,0.0,0.0,0.0,0.0,1.0,0.0,0.0,0.0,0.13,0.0,0.0,0.0,0.0,,454:00,0.0,0.0,0.0,,,,,,,,,,,,,,,,,,,,,,-1.738187526017053,5265,60
2026-27,wsoc,Centennial Conference,centennial_conference,Haverford,Lexie Burns,Lexie,Burns,,276,Lexie Burns,"BURNS,LEXIE",Haverford,HAVWSOC,666-2526,0,0,00,0,00,0.0,0.0,0.0,0.0,0.0,0.0,0.0,0.0,0.0,0.0,0.0,0.0,0.0,0.0,0.0,0.0,0.0,0.0,0.0,0.0,0.0,0.0,0.0,0.0,0.0,0.0,0.0,0.0,0.0,0.0,0.0,,00:00,0.0,0.0,0.0,,,,,,,,,,,,,,,,,,,,,,-1.738187526017053,5271,60
2026-27,wsoc,Centennial Conference,centennial_conference,Franklin & Marshall,Liz King,Liz,King,,239,Liz King,"KING,LIZ",Franklin & Marshall,F&M,664-6115,7,0,22,0,22,0.0,0.0,0.0,1.0,0.0,0.0,0.0,0.0,0.0,0.14,0.0,0.0,0.0,0.0,0.0,0.0,0.0,0.0,0.0,0.0,0.0,0.0,3.0,0.0,0.0,0.0,0.43,0.0,0.0,0.0,0.0,,182:00,0.0,0.0,0.0,,,,,,,,,,,,,,,,,,,,,,-1.738187526017053,5286,60
2026-27,wsoc,Centennial Conference,centennial_conference,McDaniel,Lizzie Corvera,Lizzie,Corvera,,773,Lizzie Corvera,"CORVERA,LIZZIE",McDaniel,MCDANIEL,668-3620,8,0,18,0,18,0.0,0.0,0.0,4.0,0.0,0.0,0.0,0.0,0.0,0.5,0.0,0.0,0.0,0.0,0.0,0.0,0.0,0.0,0.0,0.0,0.0,0.0,3.0,0.0,1.0,0.0,0.38,0.13,0.0,0.0,0.0,,201:00,0.0,0.0,0.0,,,,,,,,,,,,,,,,,,,,,,-1.738187526017053,5287,60
2026-27,wsoc,Centennial Conference,centennial_conference,Johns Hopkins,"Long, Darcy",Darcy,Long,,322,"Long, Darcy","LONG,DARCY",Johns Hopkins,JHU,667-6073,1,0,3,0,3,0.0,0.0,0.0,0.0,0.0,0.0,0.0,0.0,0.0,0.0,0.0,0.0,0.0,0.0,0.0,0.0,0.0,0.0,0.0,0.0,0.0,0.0,0.0,0.0,0.0,0.0,0.0,0.0,0.0,0.0,0.0,,02:00,0.0,0.0,0.0,,,,,,,,,,,,,,,,,,,,,,-1.738187526017053,5292,60
2026-27,wsoc,Centennial Conference,centennial_conference,Bryn Mawr,"Lopez, Helene",Helene,Lopez,,82,"Lopez, Helene","LOPEZ,HELENE",Bryn Mawr,BMU,0,0,0,50,0,50,0.0,0.0,0.0,0.0,0.0,0.0,0.0,0.0,0.0,0.0,0.0,0.0,0.0,0.0,0.0,0.0,0.0,0.0,0.0,0.0,0.0,0.0,0.0,0.0,0.0,0.0,0.0,0.0,0.0,0.0,0.0,,00:00,0.0,0.0,0.0,,,,,,,,,,,,,,,,,,,,,,-1.738187526017053,5302,60
2026-27,wsoc,Centennial Conference,centennial_conference,Washington College,"Loretz, Ava",Ava,Loretz,,753,"Loretz, Ava","LORETZ,AVA",Washington College,WAC,672-4159,0,0,7,0,7,0.0,0.0,0.0,0.0,0.0,0.0,0.0,0.0,0.0,0.0,0.0,0.0,0.0,0.0,0.0,0.0,0.0,0.0,0.0,0.0,0.0,0.0,0.0,0.0,0.0,0.0,0.0,0.0,0.0,0.0,0.0,,00:00,0.0,0.0,0.0,,,,,,,,,,,,,,,,,,,,,,-1.738187526017053,5306,60
2026-27,wsoc,Centennial Conference,centennial_conference,Washington College,"MacNair, Audrey",Audrey,MacNair,,753,"MacNair, Audrey","MACNAIR,AUDREY",Washington College,WAC,672-3993,9,4,13,0,13,0.0,0.0,0.0,0.0,0.0,0.0,0.0,0.0,0.0,0.0,0.0,0.0,0.0,0.0,0.0,0.0,0.0,0.0,0.0,0.0,0.0,0.0,3.0,0.0,0.0,0.0,0.33,0.0,0.0,0.0,0.0,,450:00,0.0,0.0,0.0,,,,,,,,,,,,,,,,,,,,,,-1.738187526017053,5337,60
2026-27,wsoc,Centennial Conference,centennial_conference,Johns Hopkins,"Marcus, Estee",Estee,Marcus,,322,"Marcus, Estee","MARCUS,ESTEE",Johns Hopkins,JHU,667-5792,0,0,22,0,22,0.0,0.0,0.0,0.0,0.0,0.0,0.0,0.0,0.0,0.0,0.0,0.0,0.0,0.0,0.0,0.0,0.0,0.0,0.0,0.0,0.0,0.0,0.0,0.0,0.0,0.0,0.0,0.0,0.0,0.0,0.0,,00:00,0.0,0.0,0.0,,,,,,,,,,,,,,,,,,,,,,-1.738187526017053,5385,60
2026-27,wsoc,Centennial Conference,centennial_conference,Haverford,Mayah Simon,Mayah,Simon,,276,Mayah Simon,"SIMON,MAYAH",Haverford,HAVWSOC,666-2529,8,8,19,0,19,0.0,0.0,0.0,0.0,0.0,0.0,0.0,0.0,0.0,0.0,0.0,0.0,0.0,0.0,0.0,0.0,0.0,0.0,0.0,0.0,0.0,0.0,1.0,0.0,0.0,0.0,0.13,0.0,0.0,0.0,0.0,,660:00,0.0,0.0,0.0,,,,,,,,,,,,,,,,,,,,,,-1.738187526017053,5430,59
2026-27,wsoc,Centennial Conference,centennial_conference,Muhlenberg,"McManus, Sydney",Sydney,McManus,,453,"McManus, Sydney","MCMANUS,SYDNEY",Muhlenberg,Mules,669-3227,8,0,9,0,9,0.0,0.0,0.0,2.0,0.0,0.0,0.0,0.0,0.0,0.25,0.0,0.0,0.0,0.0,0.0,0.0,0.0,0.0,0.0,0.0,0.0,0.0,2.0,0.0,0.0,0.0,0.25,0.0,0.0,0.0,0.0,,185:00,0.0,0.0,0.0,,,,,,,,,,,,,,,,,,,,,,-1.738187526017053,5472,59
2026-27,wsoc,Centennial Conference,centennial_conference,Haverford,Megan Bealefeld,Megan,Bealefeld,,276,Megan Bealefeld,"BEALEFELD,MEGAN",Haverford,HAVWSOC,666-2686,0,0,7,0,7,0.0,0.0,0.0,0.0,0.0,0.0,0.0,0.0,0.0,0.0,0.0,0.0,0.0,0.0,0.0,0.0,0.0,0.0,0.0,0.0,0.0,0.0,0.0,0.0,0.0,0.0,0.0,0.0,0.0,0.0,0.0,,00:00,0.0,0.0,0.0,,,,,,,,,,,,,,,,,,,,,,-1.738187526017053,5487,59
2026-27,wsoc,Centennial Conference,centennial_conference,Franklin & Marshall,Meghan Ross,Meghan,Ross,,239,Meghan Ross,"ROSS,MEGHAN",Franklin & Marshall,F&M,664-5785,8,8,2,0,2,0.0,0.0,0.0,0.0,0.0,0.0,0.0,0.0,0.0,0.0,0.0,0.0,0.0,0.0,0.0,0.0,0.0,0.0,0.0,0.0,0.0,0.0,3.0,0.0,0.0,0.0,0.38,0.0,0.0,0.0,0.0,,714:00,0.0,0.0,0.0,,,,,,,,,,,,,,,,,,,,,,-1.738187526017053,5491,59
2026-27,wsoc,Centennial Conference,centennial_conference,Dickinson,"Meneely, Lauren",Lauren,Meneely,,185,"Meneely, Lauren","MENEELY,LAUREN",Dickinson,DSON,663-3047,4,0,6,0,6,0.0,0.0,0.0,0.0,0.0,0.0,0.0,0.0,0.0,0.0,0.0,0.0,0.0,0.0,0.0,0.0,0.0,0.0,0.0,0.0,0.0,0.0,0.0,0.0,0.0,0.0,0.0,0.0,0.0,0.0,0.0,,123:00,0.0,0.0,0.0,,,,,,,,,,,,,,,,,,,,,,-1.738187526017053,5499,59
2026-27,wsoc,Centennial Conference,centennial_conference,Dickinson,"Mobray, Madison",Madison,Mobray,,185,"Mobray, Madison","MOBRAY,MADISON",Dickinson,DSON,663-2902,0,0,8,0,8,0.0,0.0,0.0,0.0,0.0,0.0,0.0,0.0,0.0,0.0,0.0,0.0,0.0,0.0,0.0,0.0,0.0,0.0,0.0,0.0,0.0,0.0,0.0,0.0,0.0,0.0,0.0,0.0,0.0,0.0,0.0,,00:00,0.0,0.0,0.0,,,,,,,,,,,,,,,,,,,,,,-1.738187526017053,5543,59
2026-27,wsoc,Centennial Conference,centennial_conference,Bryn Mawr,"Mohr, Ella",Ella,Mohr,,82,"Mohr, Ella","MOHR,ELLA",Bryn Mawr,BMU,662-1544,5,0,34,0,34,0.0,0.0,0.0,0.0,0.0,0.0,0.0,0.0,0.0,0.0,0.0,0.0,0.0,0.0,0.0,0.0,0.0,0.0,0.0,0.0,0.0,0.0,0.0,0.0,0.0,0.0,0.0,0.0,0.0,0.0,0.0,,103:00,0.0,0.0,0.0,,,,,,,,,,,,,,,,,,,,,,-1.738187526017053,5545,59
2026-27,wsoc,Centennial Conference,centennial_conference,Haverford,Nadia Alavi,Nadia,Alavi,,276,Nadia Alavi,"ALAVI,NADIA",Haverford,HAVWSOC,666-2467,6,0,26,0,26,0.0,0.0,0.0,1.0,0.0,0.0,0.0,0.0,0.0,0.17,0.0,0.0,0.0,0.0,0.0,0.0,0.0,0.0,0.0,0.0,0.0,0.0,1.0,0.0,0.0,0.0,0.17,0.0,0.0,0.0,0.0,,147:00,0.0,0.0,0.0,,,,,,,,,,,,,,,,,,,,,,-1.738187526017053,5620,58
2026-27,wsoc,Centennial Conference,centennial_conference,Muhlenberg,"Natitus, Grace",Grace,Natitus,,453,"Natitus, Grace","NATITUS,GRACE",Muhlenberg,Mules,669-3398,8,8,26,0,26,0.0,0.0,0.0,0.0,0.0,0.0,0.0,0.0,0.0,0.0,0.0,0.0,0.0,0.0,0.0,0.0,0.0,0.0,0.0,0.0,0.0,0.0,5.0,0.0,1.0,0.0,0.63,0.13,0.0,0.0,0.0,,658:00,0.0,0.0,0.0,,,,,,,,,,,,,,,,,,,,,,-1.738187526017053,5627,58
2026-27,wsoc,Centennial Conference,centennial_conference,Washington College,"Nguyen, Lindsey",Lindsey,Nguyen,,753,"Nguyen, Lindsey","NGUYEN,LINDSEY",Washington College,WAC,672-4163,0,0,19,0,19,0.0,0.0,0.0,0.0,0.0,0.0,0.0,0.0,0.0,0.0,0.0,0.0,0.0,0.0,0.0,0.0,0.0,0.0,0.0,0.0,0.0,0.0,0.0,0.0,0.0,0.0,0.0,0.0,0.0,0.0,0.0,,00:00,0.0,0.0,0.0,,,,,,,,,,,,,,,,,,,,,,-1.738187526017053,5642,58
2026-27,wsoc,Centennial Conference,centennial_conference,McDaniel,Noelle Donegan,Noelle,Donegan,,773,Noelle Donegan,"DONEGAN,NOELLE",McDaniel,MCDANIEL,668-3369,3,0,3,0,3,0.0,0.0,0.0,1.0,0.0,0.0,0.0,0.0,0.0,0.33,0.0,0.0,0.0,0.0,0.0,0.0,0.0,0.0,0.0,0.0,0.0,0.0,0.0,0.0,1.0,0.0,0.0,0.33,0.0,0.0,0.0,,83:00,0.0,0.0,0.0,,,,,,,,,,,,,,,,,,,,,,-1.738187526017053,5656,58
2026-27,wsoc,Centennial Conference,centennial_conference,Johns Hopkins,"Olbrys, Lena",Lena,Olbrys,,322,"Olbrys, Lena","OLBRYS,LENA",Johns Hopkins,JHU,667-6885,2,0,14,0,14,0.0,0.0,0.0,0.0,0.0,0.0,0.0,0.0,0.0,0.0,0.0,0.0,0.0,0.0,0.0,0.0,0.0,0.0,0.0,0.0,0.0,0.0,1.0,0.0,0.0,0.0,0.5,0.0,0.0,0.0,0.0,,49:00,0.0,0.0,0.0,,,,,,,,,,,,,,,,,,,,,,-1.738187526017053,5705,57
2026-27,wsoc,Centennial Conference,centennial_conference,McDaniel,Olivia Agosta,Olivia,Agosta,,773,Olivia Agosta,"AGOSTA,OLIVIA",McDaniel,MCDANIEL,668-3380,0,0,31,0,31,0.0,0.0,0.0,0.0,0.0,0.0,0.0,0.0,0.0,0.0,0.0,0.0,0.0,0.0,0.0,0.0,0.0,0.0,0.0,0.0,0.0,0.0,0.0,0.0,0.0,0.0,0.0,0.0,0.0,0.0,0.0,,00:00,0.0,0.0,0.0,,,,,,,,,,,,,,,,,,,,,,-1.738187526017053,5708,57
2026-27,wsoc,Centennial Conference,centennial_conference,Ursinus,"Pascale, Anna",Anna,Pascale,,730,"Pascale, Anna","PASCALE,ANNA",Ursinus,UCB,671-3612,8,7,3,0,3,0.0,0.0,0.0,0.0,0.0,0.0,0.0,0.0,0.0,0.0,0.0,0.0,0.0,0.0,0.0,0.0,0.0,0.0,0.0,0.0,0.0,0.0,3.0,0.0,0.0,0.0,0.38,0.0,0.0,0.0,0.0,,584:00,0.0,0.0,0.0,,,,,,,,,,,,,,,,,,,,,,-1.738187526017053,5761,57
2026-27,wsoc,Centennial Conference,centennial_conference,Bryn Mawr,"Peifer, Emma",Emma,Peifer,,82,"Peifer, Emma","PEIFER,EMMA",Bryn Mawr,BMU,662-1465,6,2,20,0,20,0.0,0.0,0.0,1.0,0.0,0.0,0.0,0.0,0.0,0.17,0.0,0.0,0.0,0.0,0.0,0.0,0.0,0.0,0.0,0.0,0.0,0.0,1.0,0.0,0.0,0.0,0.17,0.0,0.0,0.0,0.0,,232:00,0.0,0.0,0.0,,,,,,,,,,,,,,,,,,,,,,-1.738187526017053,5791,57
2026-27,wsoc,Centennial Conference,centennial_conference,Ursinus,"Perez, Alyssa",Alyssa,Perez,,730,"Perez, Alyssa","PEREZ,ALYSSA",Ursinus,UCB,671-3610,5,0,13,0,13,0.0,0.0,0.0,0.0,0.0,0.0,0.0,0.0,0.0,0.0,0.0,0.0,0.0,0.0,0.0,0.0,0.0,0.0,0.0,0.0,0.0,0.0,0.0,0.0,0.0,0.0,0.0,0.0,0.0,0.0,0.0,,112:00,0.0,0.0,0.0,,,,,,,,,,,,,,,,,,,,,,-1.738187526017053,5796,57
2026-27,wsoc,Centennial Conference,centennial_conference,Dickinson,"Periera, Izabela",Izabela,Periera,,185,"Periera, Izabela","PERIERA,IZABELA",Dickinson,DSON,663-2903,0,0,10,0,10,0.0,0.0,0.0,0.0,0.0,0.0,0.0,0.0,0.0,0.0,0.0,0.0,0.0,0.0,0.0,0.0,0.0,0.0,0.0,0.0,0.0,0.0,0.0,0.0,0.0,0.0,0.0,0.0,0.0,0.0,0.0,,00:00,0.0,0.0,0.0,,,,,,,,,,,,,,,,,,,,,,-1.738187526017053,5798,57
2026-27,wsoc,Centennial Conference,centennial_conference,Johns Hopkins,"Petrucelli, Keira",Keira,Petrucelli,,322,"Petrucelli, Keira","PETRUCELLI,KEIRA",Johns Hopkins,JHU,667-6891,8,0,11,0,11,0.0,0.0,0.0,1.0,0.0,0.0,0.0,0.0,0.0,0.13,0.0,0.0,0.0,0.0,0.0,0.0,0.0,0.0,0.0,0.0,0.0,0.0,0.0,0.0,0.0,0.0,0.0,0.0,0.0,0.0,0.0,,160:00,0.0,0.0,0.0,,,,,,,,,,,,,,,,,,,,,,-1.738187526017053,5809,57
2026-27,wsoc,Centennial Conference,centennial_conference,Washington College,"Petzold, Leah",Leah,Petzold,,753,"Petzold, Leah","PETZOLD,LEAH",Washington College,WAC,672-4902,5,2,4,0,4,0.0,0.0,0.0,2.0,0.0,0.0,0.0,0.0,0.0,0.4,0.0,0.0,0.0,0.0,0.0,0.0,0.0,0.0,0.0,0.0,0.0,0.0,1.0,0.0,0.0,0.0,0.2,0.0,0.0,0.0,0.0,,126:00,0.0,0.0,0.0,,,,,,,,,,,,,,,,,,,,,,-1.738187526017053,5813,57
2026-27,wsoc,Centennial Conference,centennial_conference,McDaniel,Peyton Viggiano,Peyton,Viggiano,,773,Peyton Viggiano,"VIGGIANO,PEYTON",McDaniel,MCDANIEL,668-3153,9,9,15,0,15,0.0,0.0,0.0,1.0,0.0,0.0,0.0,0.0,0.0,0.11,0.0,0.0,0.0,0.0,0.0,0.0,0.0,0.0,0.0,0.0,0.0,0.0,4.0,0.0,0.0,0.0,0.44,0.0,0.0,0.0,0.0,,576:00,0.0,0.0,0.0,,,,,,,,,,,,,,,,,,,,,,-1.738187526017053,5816,57
2026-27,wsoc,Centennial Conference,centennial_conference,Washington College,"Pomeroy, Kaitlyn",Kaitlyn,Pomeroy,,753,"Pomeroy, Kaitlyn","POMEROY,KAITLYN",Washington College,WAC,672-4164,7,2,24,0,24,0.0,0.0,0.0,1.0,0.0,0.0,0.0,0.0,0.0,0.14,0.0,0.0,0.0,0.0,0.0,0.0,0.0,0.0,0.0,0.0,0.0,0.0,2.0,0.0,0.0,0.0,0.29,0.0,0.0,0.0,0.0,,65:00,0.0,0.0,0.0,,,,,,,,,,,,,,,,,,,,,,-1.738187526017053,5841,57
2026-27,wsoc,Centennial Conference,centennial_conference,Muhlenberg,"Porter, Sophie",Sophie,Porter,,453,"Porter, Sophie","PORTER,SOPHIE",Muhlenberg,Mules,669-3615,0,0,1,0,1,0.0,0.0,0.0,0.0,0.0,0.0,0.0,0.0,0.0,0.0,0.0,0.0,0.0,0.0,0.0,0.0,0.0,0.0,0.0,0.0,0.0,0.0,0.0,0.0,0.0,0.0,0.0,0.0,0.0,0.0,0.0,,00:00,0.0,0.0,0.0,,,,,,,,,,,,,,,,,,,,,,-1.738187526017053,5847,57
2026-27,wsoc,Centennial Conference,centennial_conference,Muhlenberg,"Powell, Gabriella",Gabriella,Powell,,453,"Powell, Gabriella","POWELL,GABRIELLA",Muhlenberg,Mules,669-3399,8,0,6,0,6,0.0,0.0,0.0,0.0,0.0,0.0,0.0,0.0,0.0,0.0,0.0,0.0,0.0,0.0,0.0,0.0,0.0,0.0,0.0,0.0,0.0,0.0,1.0,0.0,0.0,0.0,0.13,0.0,0.0,0.0,0.0,,293:00,0.0,0.0,0.0,,,,,,,,,,,,,,,,,,,,,,-1.738187526017053,5856,56
2026-27,wsoc,Centennial Conference,centennial_conference,Muhlenberg,"Pratt, Tessa",Tessa,Pratt,,453,"Pratt, Tessa","PRATT,TESSA",Muhlenberg,Mules,669-3400,0,0,0,0,0,0.0,0.0,0.0,0.0,0.0,0.0,0.0,0.0,0.0,0.0,0.0,0.0,0.0,0.0,0.0,0.0,0.0,0.0,0.0,0.0,0.0,0.0,0.0,0.0,0.0,0.0,0.0,0.0,0.0,0.0,0.0,,00:00,0.0,0.0,0.0,,,,,,,,,,,,,,,,,,,,,,-1.738187526017053,5860,56
2026-27,wsoc,Centennial Conference,centennial_conference,Bryn Mawr,"Quinn, Margaret",Margaret,Quinn,,82,"Quinn, Margaret","QUINN,MARGARET",Bryn Mawr,BMU,662-1543,4,1,33,0,33,0.0,0.0,0.0,0.0,0.0,0.0,0.0,0.0,0.0,0.0,0.0,0.0,0.0,0.0,0.0,0.0,0.0,0.0,0.0,0.0,0.0,0.0,1.0,0.0,0.0,0.0,0.25,0.0,0.0,0.0,0.0,,131:00,0.0,0.0,0.0,,,,,,,,,,,,,,,,,,,,,,-1.738187526017053,5878,56
2026-27,wsoc,Centennial Conference,centennial_conference,Johns Hopkins,"Reichling, Emma",Emma,Reichling,,322,"Reichling, Emma","REICHLING,EMMA",Johns Hopkins,JHU,667-8835,0,0,28,0,28,0.0,0.0,0.0,0.0,0.0,0.0,0.0,0.0,0.0,0.0,0.0,0.0,0.0,0.0,0.0,0.0,0.0,0.0,0.0,0.0,0.0,0.0,0.0,0.0,0.0,0.0,0.0,0.0,0.0,0.0,0.0,,00:00,0.0,0.0,0.0,,,,,,,,,,,,,,,,,,,,,,-1.738187526017053,5901,56
2026-27,wsoc,Centennial Conference,centennial_conference,Muhlenberg,"Reinl, Ava",Ava,Reinl,,453,"Reinl, Ava","REINL,AVA",Muhlenberg,Mules,669-3112,1,0,8,0,8,0.0,0.0,0.0,1.0,0.0,0.0,0.0,0.0,0.0,1.0,0.0,0.0,0.0,0.0,0.0,0.0,0.0,0.0,0.0,0.0,0.0,0.0,0.0,0.0,0.0,0.0,0.0,0.0,0.0,0.0,0.0,,07:00,0.0,0.0,0.0,,,,,,,,,,,,,,,,,,,,,,-1.738187526017053,5908,56
2026-27,wsoc,Centennial Conference,centennial_conference,Franklin & Marshall,Riley Guzo,Riley,Guzo,,239,Riley Guzo,"GUZO,RILEY",Franklin & Marshall,F&M,0,2,0,16,0,16,0.0,0.0,0.0,0.0,0.0,0.0,0.0,0.0,0.0,0.0,0.0,0.0,0.0,0.0,0.0,0.0,0.0,0.0,0.0,0.0,0.0,0.0,0.0,0.0,0.0,0.0,0.0,0.0,0.0,0.0,0.0,,13:00,0.0,0.0,0.0,,,,,,,,,,,,,,,,,,,,,,-1.738187526017053,5934,56
2026-27,wsoc,Centennial Conference,centennial_conference,Franklin & Marshall,Riley Guzzo,Riley,Guzzo,,239,Riley Guzzo,"GUZZO,RILEY",Franklin & Marshall,F&M,664-6356,3,2,16,0,16,0.0,0.0,0.0,0.0,0.0,0.0,0.0,0.0,0.0,0.0,0.0,0.0,0.0,0.0,0.0,0.0,0.0,0.0,0.0,0.0,0.0,0.0,1.0,0.0,0.0,0.0,0.33,0.0,0.0,0.0,0.0,,137:00,0.0,0.0,0.0,,,,,,,,,,,,,,,,,,,,,,-1.738187526017053,5935,56
2026-27,wsoc,Centennial Conference,centennial_conference,Swarthmore,"Ross, Sydney",Sydney,Ross,,686,"Ross, Sydney","ROSS,SYDNEY",Swarthmore,SWT,670-6495,0,0,15,0,15,0.0,0.0,0.0,0.0,0.0,0.0,0.0,0.0,0.0,0.0,0.0,0.0,0.0,0.0,0.0,0.0,0.0,0.0,0.0,0.0,0.0,0.0,0.0,0.0,0.0,0.0,0.0,0.0,0.0,0.0,0.0,,00:00,0.0,0.0,0.0,,,,,,,,,,,,,,,,,,,,,,-1.738187526017053,5983,56
2026-27,wsoc,Centennial Conference,centennial_conference,Gettysburg,"Shapiro, Jillian",Jillian,Shapiro,,258,"Shapiro, Jillian","SHAPIRO,JILLIAN",Gettysburg,GET,665-5737,0,0,20,0,20,0.0,0.0,0.0,0.0,0.0,0.0,0.0,0.0,0.0,0.0,0.0,0.0,0.0,0.0,0.0,0.0,0.0,0.0,0.0,0.0,0.0,0.0,0.0,0.0,0.0,0.0,0.0,0.0,0.0,0.0,0.0,,00:00,0.0,0.0,0.0,,,,,,,,,,,,,,,,,,,,,,-1.738187526017053,6116,55
2026-27,wsoc,Centennial Conference,centennial_conference,Bryn Mawr,"Slemko, Maeve",Maeve,Slemko,,82,"Slemko, Maeve","SLEMKO,MAEVE",Bryn Mawr,BMU,662-1376,0,0,0,0,0,0.0,0.0,0.0,0.0,0.0,0.0,0.0,0.0,0.0,0.0,0.0,0.0,0.0,0.0,0.0,0.0,0.0,0.0,0.0,0.0,0.0,0.0,0.0,0.0,0.0,0.0,0.0,0.0,0.0,0.0,0.0,,00:00,0.0,0.0,0.0,,,,,,,,,,,,,,,,,,,,,,-1.738187526017053,6176,54
2026-27,wsoc,Centennial Conference,centennial_conference,Ursinus,"Smouse, Bella",Bella,Smouse,,730,"Smouse, Bella","SMOUSE,BELLA",Ursinus,UCB,671-3405,6,1,34,0,34,0.0,0.0,0.0,2.0,0.0,0.0,0.0,0.0,0.0,0.33,0.0,0.0,0.0,0.0,0.0,0.0,0.0,0.0,0.0,0.0,0.0,0.0,1.0,0.0,0.0,0.0,0.17,0.0,0.0,0.0,0.0,,156:00,0.0,0.0,0.0,,,,,,,,,,,,,,,,,,,,,,-1.738187526017053,6194,54
2026-27,wsoc,Centennial Conference,centennial_conference,Gettysburg,"Squeglia, Katelyn",Katelyn,Squeglia,,258,"Squeglia, Katelyn","SQUEGLIA,KATELYN",Gettysburg,GET,665-6332,8,8,2,0,2,0.0,0.0,0.0,1.0,0.0,0.0,0.0,0.0,0.0,0.13,0.0,0.0,0.0,0.0,0.0,0.0,0.0,0.0,0.0,0.0,0.0,0.0,8.0,0.0,2.0,0.0,1.0,0.25,0.0,0.0,0.0,,590:00,0.0,0.0,0.0,,,,,,,,,,,,,,,,,,,,,,-1.738187526017053,6234,54
2026-27,wsoc,Centennial Conference,centennial_conference,Muhlenberg,"Stapleton, Abigail",Abigail,Stapleton,,453,"Stapleton, Abigail","STAPLETON,ABIGAIL",Muhlenberg,Mules,669-3616,1,0,25,0,25,0.0,0.0,0.0,0.0,0.0,0.0,0.0,0.0,0.0,0.0,0.0,0.0,0.0,0.0,0.0,0.0,0.0,0.0,0.0,0.0,0.0,0.0,0.0,0.0,0.0,0.0,0.0,0.0,0.0,0.0,0.0,,07:00,0.0,0.0,0.0,,,,,,,,,,,,,,,,,,,,,,-1.738187526017053,6243,54
2026-27,wsoc,Centennial Conference,centennial_conference,Johns Hopkins,"Stone, Kate",Kate,Stone,,322,"Stone, Kate","STONE,KATE",Johns Hopkins,JHU,667-5791,4,1,30,0,30,0.0,0.0,0.0,0.0,0.0,0.0,0.0,0.0,0.0,0.0,0.0,0.0,0.0,0.0,0.0,0.0,0.0,0.0,0.0,0.0,0.0,0.0,0.0,0.0,0.0,0.0,0.0,0.0,0.0,0.0,0.0,,62:00,0.0,0.0,0.0,,,,,,,,,,,,,,,,,,,,,,-1.738187526017053,6259,54
2026-27,wsoc,Centennial Conference,centennial_conference,Gettysburg,"Stubblebine, Maddie",Maddie,Stubblebine,,258,"Stubblebine, Maddie","STUBBLEBINE,MADDIE",Gettysburg,GET,665-5907,0,0,21,0,21,0.0,0.0,0.0,0.0,0.0,0.0,0.0,0.0,0.0,0.0,0.0,0.0,0.0,0.0,0.0,0.0,0.0,0.0,0.0,0.0,0.0,0.0,0.0,0.0,0.0,0.0,0.0,0.0,0.0,0.0,0.0,,00:00,0.0,0.0,0.0,,,,,,,,,,,,,,,,,,,,,,-1.738187526017053,6267,54
2026-27,wsoc,Centennial Conference,centennial_conference,Franklin & Marshall,Taylor Weiss,Taylor,Weiss,,239,Taylor Weiss,"WEISS,TAYLOR",Franklin & Marshall,F&M,664-5349,1,0,3,0,3,0.0,0.0,0.0,0.0,0.0,0.0,0.0,0.0,0.0,0.0,0.0,0.0,0.0,0.0,0.0,0.0,0.0,0.0,0.0,0.0,0.0,0.0,1.0,0.0,0.0,0.0,1.0,0.0,0.0,0.0,0.0,,09:00,0.0,0.0,0.0,,,,,,,,,,,,,,,,,,,,,,-1.738187526017053,6312,53
2026-27,wsoc,Centennial Conference,centennial_conference,Bryn Mawr,"Terry, Olivia",Olivia,Terry,,82,"Terry, Olivia","TERRY,OLIVIA",Bryn Mawr,BMU,662-1466,1,0,22,0,22,0.0,0.0,0.0,0.0,0.0,0.0,0.0,0.0,0.0,0.0,0.0,0.0,0.0,0.0,0.0,0.0,0.0,0.0,0.0,0.0,0.0,0.0,0.0,0.0,0.0,0.0,0.0,0.0,0.0,0.0,0.0,,07:00,0.0,0.0,0.0,,,,,,,,,,,,,,,,,,,,,,-1.738187526017053,6322,53
2026-27,wsoc,Centennial Conference,centennial_conference,Muhlenberg,"Thran, Kaylie",Kaylie,Thran,,453,"Thran, Kaylie","THRAN,KAYLIE",Muhlenberg,Mules,669-3401,1,1,24,0,24,0.0,0.0,0.0,0.0,0.0,0.0,0.0,0.0,0.0,0.0,0.0,0.0,0.0,0.0,0.0,0.0,0.0,0.0,0.0,0.0,0.0,0.0,0.0,0.0,0.0,0.0,0.0,0.0,0.0,0.0,0.0,,08:00,0.0,0.0,0.0,,,,,,,,,,,,,,,,,,,,,,-1.738187526017053,6340,53
2026-27,wsoc,Centennial Conference,centennial_conference,Gettysburg,"Tretola, Alyssa",Alyssa,Tretola,,258,"Tretola, Alyssa","TRETOLA,ALYSSA",Gettysburg,GET,665-6334,1,0,7,0,7,0.0,0.0,0.0,0.0,0.0,0.0,0.0,0.0,0.0,0.0,0.0,0.0,0.0,0.0,0.0,0.0,0.0,0.0,0.0,0.0,0.0,0.0,0.0,0.0,0.0,0.0,0.0,0.0,0.0,0.0,0.0,,33:00,0.0,0.0,0.0,,,,,,,,,,,,,,,,,,,,,,-1.738187526017053,6366,53
2026-27,wsoc,Centennial Conference,centennial_conference,Johns Hopkins,"Tsalik, Anwyn",Anwyn,Tsalik,,322,"Tsalik, Anwyn","TSALIK,ANWYN",Johns Hopkins,JHU,667-6883,0,0,2,0,2,0.0,0.0,0.0,0.0,0.0,0.0,0.0,0.0,0.0,0.0,0.0,0.0,0.0,0.0,0.0,0.0,0.0,0.0,0.0,0.0,0.0,0.0,0.0,0.0,0.0,0.0,0.0,0.0,0.0,0.0,0.0,,00:00,0.0,0.0,0.0,,,,,,,,,,,,,,,,,,,,,,-1.738187526017053,6373,53
2026-27,wsoc,Centennial Conference,centennial_conference,Gettysburg,"Tuttle, Claire",Claire,Tuttle,,258,"Tuttle, Claire","TUTTLE,CLAIRE",Gettysburg,GET,665-6117,2,0,18,0,18,0.0,0.0,0.0,0.0,0.0,0.0,0.0,0.0,0.0,0.0,0.0,0.0,0.0,0.0,0.0,0.0,0.0,0.0,0.0,0.0,0.0,0.0,0.0,0.0,0.0,0.0,0.0,0.0,0.0,0.0,0.0,,11:00,0.0,0.0,0.0,,,,,,,,,,,,,,,,,,,,,,-1.738187526017053,6384,53
2026-27,wsoc,Centennial Conference,centennial_conference,Johns Hopkins,"Venuti, Ava",Ava,Venuti,,322,"Venuti, Ava","VENUTI,AVA",Johns Hopkins,JHU,667-5789,0,0,26,0,26,0.0,0.0,0.0,0.0,0.0,0.0,0.0,0.0,0.0,0.0,0.0,0.0,0.0,0.0,0.0,0.0,0.0,0.0,0.0,0.0,0.0,0.0,0.0,0.0,0.0,0.0,0.0,0.0,0.0,0.0,0.0,,00:00,0.0,0.0,0.0,,,,,,,,,,,,,,,,,,,,,,-1.738187526017053,6417,53
2026-27,wsoc,Centennial Conference,centennial_conference,Haverford,Vilena Tchernychev,Vilena,Tchernychev,,276,Vilena Tchernychev,"TCHERNYCHEV,VILENA",Haverford,HAVWSOC,666-2528,1,1,2,0,2,0.0,0.0,0.0,0.0,0.0,0.0,0.0,0.0,0.0,0.0,0.0,0.0,0.0,0.0,0.0,0.0,0.0,0.0,0.0,0.0,0.0,0.0,0.0,0.0,0.0,0.0,0.0,0.0,0.0,0.0,0.0,,04:00,0.0,0.0,0.0,,,,,,,,,,,,,,,,,,,,,,-1.738187526017053,6433,53
2026-27,wsoc,Centennial Conference,centennial_conference,Washington College,"Walker, Addison",Addison,Walker,,753,"Walker, Addison","WALKER,ADDISON",Washington College,WAC,672-4905,9,5,21,0,21,0.0,0.0,0.0,0.0,0.0,0.0,0.0,0.0,0.0,0.0,0.0,0.0,0.0,0.0,0.0,0.0,0.0,0.0,0.0,0.0,0.0,0.0,2.0,0.0,0.0,0.0,0.22,0.0,0.0,0.0,0.0,,670:00,0.0,0.0,0.0,,,,,,,,,,,,,,,,,,,,,,-1.738187526017053,6457,52
2026-27,wsoc,Centennial Conference,centennial_conference,Johns Hopkins,"Waller, Cynthia",Cynthia,Waller,,322,"Waller, Cynthia","WALLER,CYNTHIA",Johns Hopkins,JHU,667-8839,0,0,99,0,99,0.0,0.0,0.0,0.0,0.0,0.0,0.0,0.0,0.0,0.0,0.0,0.0,0.0,0.0,0.0,0.0,0.0,0.0,0.0,0.0,0.0,0.0,0.0,0.0,0.0,0.0,0.0,0.0,0.0,0.0,0.0,,00:00,0.0,0.0,0.0,,,,,,,,,,,,,,,,,,,,,,-1.738187526017053,6467,52
2026-27,wsoc,Centennial Conference,centennial_conference,Washington College,"Watson, Nina",Nina,Watson,,753,"Watson, Nina","WATSON,NINA",Washington College,WAC,672-4912,7,1,26,0,26,0.0,0.0,0.0,1.0,0.0,0.0,0.0,0.0,0.0,0.14,0.0,0.0,0.0,0.0,0.0,0.0,0.0,0.0,0.0,0.0,0.0,0.0,1.0,0.0,0.0,0.0,0.14,0.0,0.0,0.0,0.0,,234:00,0.0,0.0,0.0,,,,,,,,,,,,,,,,,,,,,,-1.738187526017053,6478,52
2026-27,wsoc,Centennial Conference,centennial_conference,Ursinus,"Wechsler, Sam",Sam,Wechsler,,730,"Wechsler, Sam","WECHSLER,SAM",Ursinus,UCB,671-3093,3,0,23,0,23,0.0,0.0,0.0,0.0,0.0,0.0,0.0,0.0,0.0,0.0,0.0,0.0,0.0,0.0,0.0,0.0,0.0,0.0,0.0,0.0,0.0,0.0,1.0,0.0,0.0,0.0,0.33,0.0,0.0,0.0,0.0,,52:00,0.0,0.0,0.0,,,,,,,,,,,,,,,,,,,,,,-1.738187526017053,6485,52
2026-27,wsoc,Centennial Conference,centennial_conference,Gettysburg,"Weiss, Alexis",Alexis,Weiss,,258,"Weiss, Alexis","WEISS,ALEXIS",Gettysburg,GET,665-6335,0,0,0,0,0,0.0,0.0,0.0,0.0,0.0,0.0,0.0,0.0,0.0,0.0,0.0,0.0,0.0,0.0,0.0,0.0,0.0,0.0,0.0,0.0,0.0,0.0,0.0,0.0,0.0,0.0,0.0,0.0,0.0,0.0,0.0,,00:00,0.0,0.0,0.0,,,,,,,,,,,,,,,,,,,,,,-1.738187526017053,6488,52
2026-27,wsoc,Centennial Conference,centennial_conference,Bryn Mawr,"Werner, Lily",Lily,Werner,,82,"Werner, Lily","WERNER,LILY",Bryn Mawr,BMU,662-1537,7,2,3,0,3,0.0,0.0,0.0,0.0,0.0,0.0,0.0,0.0,0.0,0.0,0.0,0.0,0.0,0.0,0.0,0.0,0.0,0.0,0.0,0.0,0.0,0.0,0.0,0.0,0.0,0.0,0.0,0.0,0.0,0.0,0.0,,264:00,0.0,0.0,0.0,,,,,,,,,,,,,,,,,,,,,,-1.738187526017053,6498,52
2026-27,wsoc,Centennial Conference,centennial_conference,Ursinus,"Woch, Emma",Emma,Woch,,730,"Woch, Emma","WOCH,EMMA",Ursinus,UCB,671-3399,0,0,9,0,9,0.0,0.0,0.0,0.0,0.0,0.0,0.0,0.0,0.0,0.0,0.0,0.0,0.0,0.0,0.0,0.0,0.0,0.0,0.0,0.0,0.0,0.0,0.0,0.0,0.0,0.0,0.0,0.0,0.0,0.0,0.0,,00:00,0.0,0.0,0.0,,,,,,,,,,,,,,,,,,,,,,-1.738187526017053,6561,52
2026-27,wsoc,Centennial Conference,centennial_conference,Muhlenberg,"Wolf, Katie",Katie,Wolf,,453,"Wolf, Katie","WOLF,KATIE",Muhlenberg,Mules,669-3402,3,0,5,0,5,0.0,0.0,0.0,0.0,0.0,0.0,0.0,0.0,0.0,0.0,0.0,0.0,0.0,0.0,0.0,0.0,0.0,0.0,0.0,0.0,0.0,0.0,0.0,0.0,0.0,0.0,0.0,0.0,0.0,0.0,0.0,,28:00,0.0,0.0,0.0,,,,,,,,,,,,,,,,,,,,,,-1.738187526017053,6563,52
2026-27,wsoc,Centennial Conference,centennial_conference,Gettysburg,"Zimmermann, Kylie",Kylie,Zimmermann,,258,"Zimmermann, Kylie","ZIMMERMANN,KYLIE",Gettysburg,GET,665-6120,0,0,88,0,88,0.0,0.0,0.0,0.0,0.0,0.0,0.0,0.0,0.0,0.0,0.0,0.0,0.0,0.0,0.0,0.0,0.0,0.0,0.0,0.0,0.0,0.0,0.0,0.0,0.0,0.0,0.0,0.0,0.0,0.0,0.0,,00:00,0.0,0.0,0.0,,,,,,,,,,,,,,,,,,,,,,-1.738187526017053,6602,52
2026-27,wsoc,Centennial Conference,centennial_conference,Franklin & Marshall,Zoe Mattison,Zoe,Mattison,,239,Zoe Mattison,"MATTISON,ZOE",Franklin & Marshall,F&M,664-6117,0,0,00,0,00,0.0,0.0,0.0,0.0,0.0,0.0,0.0,0.0,0.0,0.0,0.0,0.0,0.0,0.0,0.0,0.0,0.0,0.0,0.0,0.0,0.0,0.0,0.0,0.0,0.0,0.0,0.0,0.0,0.0,0.0,0.0,,00:00,0.0,0.0,0.0,,,,,,,,,,,,,,,,,,,,,,-1.738187526017053,6605,52
2026-27,wsoc,Centennial Conference,centennial_conference,Bryn Mawr,"da Silva, Beatriz",Beatriz,da Silva,,82,"da Silva, Beatriz","DA SILVA,BEATRIZ",Bryn Mawr,BMU,662-1378,5,4,9,0,9,0.0,0.0,0.0,1.0,0.0,0.0,0.0,0.0,0.0,0.2,0.0,0.0,0.0,0.0,0.0,0.0,0.0,0.0,0.0,0.0,0.0,0.0,8.0,0.0,0.0,0.0,1.6,0.0,0.0,0.0,0.0,,332:00,0.0,0.0,0.0,,,,,,,,,,,,,,,,,,,,,,-1.738187526017053,6617,51
2026-27,wsoc,Centennial Conference,centennial_conference,Johns Hopkins,"Wyszkowski, Stephanie",Stephanie,Wyszkowski,,322,"Wyszkowski, Stephanie","WYSZKOWSKI,STEPHANIE",Johns Hopkins,JHU,667-5784,3,1,01,0,01,0.0,0.0,0.0,0.0,0.0,0.0,0.0,0.0,0.0,0.0,0.0,0.0,0.0,0.0,0.0,0.0,0.0,0.0,0.0,0.0,0.0,0.0,1.0,0.0,0.0,0.0,0.33,0.0,0.0,0.0,0.0,,135:00,0.0,0.0,0.0,12.0,0.0,0,1.0,0.0,0.6,1.33,3.0,2.0,135:00,1.0,3.0,0.67,0.6,0.0,1.0,,,,,,-1.8741571440090692,6639,51
2026-27,wsoc,Centennial Conference,centennial_conference,Haverford,Reese Myers,Reese,Myers,,276,Reese Myers,"MYERS,REESE",Haverford,HAVWSOC,666-2689,4,0,20,0,20,0.0,0.0,-1.0,0.0,0.0,0.0,0.0,0.0,0.0,0.0,-0.25,0.0,0.0,0.0,-1.0,0.0,0.0,0.0,0.0,0.0,0.0,0.0,0.0,0.0,0.0,0.0,0.0,0.0,0.0,0.0,0.0,,280:00,0.0,0.0,0.0,,,,,,,,,,,,,,,,,,,,,,-1.8961758662401196,6647,51
2026-27,wsoc,Centennial Conference,centennial_conference,Ursinus,"Hiotis, Vic",Vic,Hiotis,,730,"Hiotis, Vic","HIOTIS,VIC",Ursinus,UCB,671-3838,2,0,36,0,36,0.0,0.0,0.0,0.0,0.0,0.0,0.0,0.0,0.0,0.0,0.0,0.0,0.0,0.0,0.0,0.0,0.0,0.0,0.0,0.0,0.0,0.0,0.0,0.0,0.0,0.0,0.0,0.0,0.0,0.0,0.0,,31:00,0.0,0.0,0.0,5.0,0.0,0,0.0,0.0,0.75,2.9,3.0,1.0,31:36,0.0,2.0,0.5,0.75,0.0,1.5,,,,,,-1.919530131731065,6651,51
2026-27,wsoc,Centennial Conference,centennial_conference,Ursinus,"Toomey, Mallory",Mallory,Toomey,,730,"Toomey, Mallory","TOOMEY,MALLORY",Ursinus,UCB,671-3396,4,4,00,0,00,0.0,0.0,0.0,0.0,0.0,0.0,0.0,0.0,0.0,0.0,0.0,0.0,0.0,0.0,0.0,0.0,0.0,0.0,0.0,0.0,0.0,0.0,0.0,0.0,0.0,0.0,0.0,0.0,0.0,0.0,0.0,,251:00,0.0,0.0,0.0,55.0,0.0,2,2.0,1.0,0.667,3.61,20.0,10.0,249:47,4.0,4.0,2.5,0.667,0.25,5.0,,,,,,-2.4058079234991645,6718,51
2026-27,wsoc,Centennial Conference,centennial_conference,McDaniel,"Bouchard, Jilian",Jilian,Bouchard,,773,"Bouchard, Jilian","BOUCHARD,JILIAN",McDaniel,MCDANIEL,668-4046,2,0,0,0,0,0.0,0.0,0.0,0.0,0.0,0.0,0.0,0.0,0.0,0.0,0.0,0.0,0.0,0.0,0.0,0.0,0.0,0.0,0.0,0.0,0.0,0.0,0.0,0.0,0.0,0.0,0.0,0.0,0.0,0.0,0.0,,44:00,0.0,0.0,0.0,0.0,0.0,0,0.0,0.0,0.0,0.0,0.0,0.0,44:24,0.0,2.0,0.0,0.0,0.0,0.0,,,,,,-3.2960719428081604,6754,51
2026-27,wsoc,Centennial Conference,centennial_conference,Haverford,Braidyn Recker,Braidyn,Recker,,276,Braidyn Recker,"RECKER,BRAIDYN",Haverford,HAVWSOC,666-2692,1,0,0,0,0,0.0,0.0,0.0,0.0,0.0,0.0,0.0,0.0,0.0,0.0,0.0,0.0,0.0,0.0,0.0,0.0,0.0,0.0,0.0,0.0,0.0,0.0,0.0,0.0,0.0,0.0,0.0,0.0,0.0,0.0,0.0,,45:00,0.0,0.0,0.0,0.0,0.0,0,0.0,0.0,0.0,0.0,0.0,0.0,45:00,0.0,1.0,0.0,0.0,0.0,0.0,,,,,,-3.2960719428081604,6755,51
2026-27,wsoc,Centennial Conference,centennial_conference,Ursinus,"Marraffino, Alyssa",Alyssa,Marraffino,,730,"Marraffino, Alyssa","MARRAFFINO,ALYSSA",Ursinus,UCB,671-3088,1,0,1,0,1,0.0,0.0,0.0,0.0,0.0,0.0,0.0,0.0,0.0,0.0,0.0,0.0,0.0,0.0,0.0,0.0,0.0,0.0,0.0,0.0,0.0,0.0,0.0,0.0,0.0,0.0,0.0,0.0,0.0,0.0,0.0,,15:00,0.0,0.0,0.0,0.0,0.0,0,0.0,0.0,0.0,0.0,0.0,0.0,15:07,0.0,1.0,0.0,0.0,0.0,0.0,,,,,,-3.2960719428081604,6777,50
2026-27,wsoc,Centennial Conference,centennial_conference,Franklin & Marshall,Molly DeBrandt,Molly,DeBrandt,,239,Molly DeBrandt,"DEBRANDT,MOLLY",Franklin & Marshall,F&M,664-5792,1,0,1,0,1,0.0,0.0,0.0,0.0,0.0,0.0,0.0,0.0,0.0,0.0,0.0,0.0,0.0,0.0,0.0,0.0,0.0,0.0,0.0,0.0,0.0,0.0,0.0,0.0,0.0,0.0,0.0,0.0,0.0,0.0,0.0,,25:00,0.0,0.0,0.0,0.0,0.0,0,0.0,0.0,0.0,0.0,0.0,0.0,25:35,0.0,1.0,0.0,0.0,0.0,0.0,,,,,,-3.2960719428081604,6783,50
2026-27,wsoc,Centennial Conference,centennial_conference,McDaniel,"Montalvo, Izzy",Izzy,Montalvo,,773,"Montalvo, Izzy","MONTALVO,IZZY",McDaniel,MCDANIEL,668-4047,2,0,1,0,1,0.0,0.0,0.0,0.0,0.0,0.0,0.0,0.0,0.0,0.0,0.0,0.0,0.0,0.0,0.0,0.0,0.0,0.0,0.0,0.0,0.0,0.0,0.0,0.0,0.0,0.0,0.0,0.0,0.0,0.0,0.0,,46:00,0.0,0.0,0.0,0.0,0.0,0,0.0,0.0,0.0,0.0,0.0,0.0,45:36,0.0,2.0,0.0,0.0,0.0,0.0,,,,,,-3.2960719428081604,6784,50
