season,sport,conference,conference_code,team,player_name,first_name,last_name,position,team_code,name,checkname,team_name,team_id,sdrm_id,games_played,games_started,uniform,year,code,shot_stats_penalty_kick_attempts,shot_stats_penalty_kick_goals,shot_stats_shots_on_goal,shot_stats_shots,shot_stats_points,shot_stats_assists,shot_stats_goals,shot_stats_penalty_shot_attempts,shot_stats_penalty_shot_goals,shot_stats_avg_shots_per_game,shot_stats_avg_sog_per_game,shot_stats_avg_points_per_game,shot_stats_avg_goals_per_game,shot_stats_avg_assists_per_game,shot_stats_shots_saved_by_goalie,goal_stats_game_tying,goal_stats_hattricks,goal_stats_overtime,goal_stats_first,goal_stats_unassisted,goal_stats_game_winning,goal_stats_avg_gw_per_game,caution_stats_fouls,caution_stats_red_cards,caution_stats_yellow_cards,caution_stats_green_cards,caution_stats_avg_fouls_per_game,caution_stats_avg_yc_per_game,caution_stats_avg_rc_per_game,caution_stats_avg_gc_per_game,misc_stats_offsides,misc_stats_corner_kicks,misc_stats_minutes_played,misc_stats_defensive_saves,misc_stats_avg_corners_per_game,misc_stats_avg_offsides_per_game,goalie_stats_shots_faced,goalie_stats_ties,goalie_stats_losses,goalie_stats_wins,goalie_stats_shutouts,goalie_stats_save_percentage,goalie_stats_goals_against_avg,goalie_stats_saves,goalie_stats_goals_allowed,goalie_stats_minutes,goalie_stats_games_started,goalie_stats_games_played,goalie_stats_avg_ga_per_game,goalie_stats_save_percentage_calc,goalie_stats_avg_sho_per_game,goalie_stats_avg_saves_per_game,goalie_stats,shot_stats,goal_stats,caution_stats,misc_stats,composite_score,global_rank,rating
2026-27,wsoc,Empire 8 (E8),e8,St. John Fisher,"Woolingham, Emily",Emily,Woolingham,,601,"Woolingham, Emily","WOOLINGHAM,EMILY",St. John Fisher,SJF,1009-6127,8,8,10,0,10,0.0,0.0,16.0,29.0,19.0,5.0,7.0,2.0,2.0,3.63,2.0,2.38,0.875,0.625,9.0,0.0,0.0,0.0,2.0,3.0,1.0,0.125,2.0,0.0,0.0,0.0,0.25,0.0,0.0,0.0,0.0,,498:00,0.0,0.0,0.0,,,,,,,,,,,,,,,,,,,,,,23.859288219999687,13,95
2026-27,wsoc,Empire 8 (E8),e8,Brockport,"Breton, Amelia",Amelia,Breton,,78,"Breton, Amelia","BRETON,AMELIA",Brockport,BRO,652-7110,9,9,6,0,6,0.0,0.0,19.0,35.0,22.0,0.0,11.0,1.0,1.0,3.89,2.11,2.44,1.222,0.0,8.0,0.0,0.0,0.0,3.0,5.0,4.0,0.444,3.0,0.0,0.0,0.0,0.33,0.0,0.0,0.0,0.0,,747:00,0.0,0.0,0.0,,,,,,,,,,,,,,,,,,,,,,23.559465365304764,14,95
2026-27,wsoc,Empire 8 (E8),e8,Nazareth,"Biehler, Savanna",Savanna,Biehler,,461,"Biehler, Savanna","BIEHLER,SAVANNA",Nazareth,NAZ,1007-5349,7,7,14,0,14,0.0,0.0,16.0,32.0,17.0,3.0,7.0,1.0,1.0,4.57,2.29,2.43,1.0,0.429,9.0,0.0,1.0,0.0,2.0,2.0,2.0,0.286,7.0,0.0,2.0,0.0,1.0,0.29,0.0,0.0,0.0,,504:00,0.0,0.0,0.0,,,,,,,,,,,,,,,,,,,,,,20.306736789550975,18,95
2026-27,wsoc,Empire 8 (E8),e8,Geneseo,"Yartym, Ella",Ella,Yartym,,247,"Yartym, Ella","YARTYM,ELLA",Geneseo,GEN,1171-2661,8,6,18,0,18,0.0,0.0,24.0,44.0,13.0,1.0,6.0,0.0,0.0,5.5,3.0,1.63,0.75,0.125,18.0,2.0,0.0,0.0,2.0,1.0,2.0,0.25,6.0,0.0,0.0,0.0,0.75,0.0,0.0,0.0,0.0,,545:00,0.0,0.0,0.0,,,,,,,,,,,,,,,,,,,,,,15.991194405697383,42,95
2026-27,wsoc,Empire 8 (E8),e8,Keuka,"Lane, Lydia",Lydia,Lane,,1159,"Lane, Lydia","LANE,LYDIA",Keuka,KEU,1241-1719,8,8,16,0,16,0.0,0.0,13.0,18.0,13.0,1.0,6.0,0.0,0.0,2.25,1.63,1.63,0.75,0.125,7.0,0.0,0.0,0.0,3.0,4.0,1.0,0.125,6.0,0.0,0.0,0.0,0.75,0.0,0.0,0.0,0.0,,407:00,0.0,0.0,0.0,,,,,,,,,,,,,,,,,,,,,,14.253322663243653,64,95
2026-27,wsoc,Empire 8 (E8),e8,St. John Fisher,"Kalil, Olivia",Olivia,Kalil,,601,"Kalil, Olivia","KALIL,OLIVIA",St. John Fisher,SJF,1009-6123,8,7,11,0,11,0.0,0.0,13.0,22.0,12.0,2.0,5.0,0.0,0.0,2.75,1.63,1.5,0.625,0.25,8.0,0.0,1.0,0.0,2.0,0.0,1.0,0.125,0.0,0.0,1.0,0.0,0.0,0.13,0.0,0.0,0.0,,398:00,0.0,0.0,0.0,,,,,,,,,,,,,,,,,,,,,,14.002700703278592,70,95
2026-27,wsoc,Empire 8 (E8),e8,St. John Fisher,"Simmons, Molly",Molly,Simmons,,601,"Simmons, Molly","SIMMONS,MOLLY",St. John Fisher,SJF,1009-6917,6,3,5,0,5,0.0,0.0,8.0,12.0,10.0,4.0,3.0,0.0,0.0,2.0,1.33,1.67,0.5,0.667,5.0,0.0,0.0,0.0,1.0,1.0,1.0,0.167,0.0,0.0,0.0,0.0,0.0,0.0,0.0,0.0,0.0,,255:00,0.0,0.0,0.0,,,,,,,,,,,,,,,,,,,,,,12.711515082233143,91,94
2026-27,wsoc,Empire 8 (E8),e8,Keuka,"Goodenow, Delaney",Delaney,Goodenow,,1159,"Goodenow, Delaney","GOODENOW,DELANEY",Keuka,KEU,1241-1587,8,8,19,0,19,0.0,0.0,6.0,16.0,10.0,4.0,3.0,0.0,0.0,2.0,0.75,1.25,0.375,0.5,3.0,0.0,0.0,0.0,1.0,1.0,1.0,0.125,5.0,0.0,1.0,0.0,0.63,0.13,0.0,0.0,0.0,,674:00,0.0,0.0,0.0,,,,,,,,,,,,,,,,,,,,,,12.395538401787013,99,94
2026-27,wsoc,Empire 8 (E8),e8,Elmira,"Wilcox, Brooke",Brooke,Wilcox,,213,"Wilcox, Brooke","WILCOX,BROOKE",Elmira,ELM,1004-2824,8,7,23,0,23,0.0,0.0,10.0,17.0,12.0,0.0,6.0,0.0,0.0,2.13,1.25,1.5,0.75,0.0,4.0,2.0,0.0,0.0,0.0,1.0,1.0,0.125,4.0,0.0,0.0,0.0,0.5,0.0,0.0,0.0,0.0,,654:00,0.0,0.0,0.0,,,,,,,,,,,,,,,,,,,,,,12.003081927350095,108,94
2026-27,wsoc,Empire 8 (E8),e8,Keuka,"Leone, Anna",Anna,Leone,,1159,"Leone, Anna","LEONE,ANNA",Keuka,KEU,1241-1819,8,8,11,0,11,0.0,0.0,9.0,17.0,7.0,5.0,1.0,0.0,0.0,2.13,1.13,0.88,0.125,0.625,8.0,0.0,0.0,0.0,0.0,1.0,0.0,0.0,10.0,0.0,0.0,0.0,1.25,0.0,0.0,0.0,0.0,,603:00,0.0,0.0,0.0,,,,,,,,,,,,,,,,,,,,,,10.59198378730174,142,94
2026-27,wsoc,Empire 8 (E8),e8,Houghton,"Russell, Hope",Hope,Russell,,30160,"Russell, Hope","RUSSELL,HOPE",Houghton,HOU,702-1953,9,8,2,0,2,0.0,0.0,13.0,22.0,9.0,1.0,4.0,0.0,0.0,2.44,1.44,1.0,0.444,0.111,9.0,0.0,0.0,0.0,2.0,1.0,2.0,0.222,4.0,0.0,0.0,0.0,0.44,0.0,0.0,0.0,0.0,,546:00,0.0,0.0,0.0,,,,,,,,,,,,,,,,,,,,,,10.199527312864824,152,94
2026-27,wsoc,Empire 8 (E8),e8,Keuka,"Bates, Sam",Sam,Bates,,1159,"Bates, Sam","BATES,SAM",Keuka,KEU,1241-1722,7,7,8,0,8,0.0,0.0,9.0,15.0,9.0,1.0,4.0,0.0,0.0,2.14,1.29,1.29,0.571,0.143,5.0,0.0,0.0,0.0,0.0,1.0,1.0,0.143,9.0,0.0,1.0,0.0,1.29,0.14,0.0,0.0,0.0,,548:00,0.0,0.0,0.0,,,,,,,,,,,,,,,,,,,,,,9.56757395197256,180,94
2026-27,wsoc,Empire 8 (E8),e8,Poly,"Mertz, Kara",Kara,Mertz,,9500,"Mertz, Kara","MERTZ,KARA",Poly,POLY,1192-1468,9,9,10,0,10,0.0,0.0,10.0,13.0,8.0,2.0,3.0,1.0,1.0,1.44,1.11,0.89,0.333,0.222,7.0,1.0,0.0,0.0,1.0,1.0,1.0,0.111,5.0,0.0,0.0,0.0,0.56,0.0,0.0,0.0,0.0,,774:00,0.0,0.0,0.0,,,,,,,,,,,,,,,,,,,,,,9.474940332230563,185,94
2026-27,wsoc,Empire 8 (E8),e8,Brockport,"Slate, McKenna",McKenna,Slate,,78,"Slate, McKenna","SLATE,MCKENNA",Brockport,BRO,652-7105,9,9,23,0,23,0.0,0.0,10.0,15.0,8.0,2.0,3.0,0.0,0.0,1.67,1.11,0.89,0.333,0.222,7.0,1.0,0.0,0.0,1.0,1.0,1.0,0.111,2.0,0.0,0.0,0.0,0.22,0.0,0.0,0.0,0.0,,501:00,0.0,0.0,0.0,,,,,,,,,,,,,,,,,,,,,,9.474940332230563,186,94
2026-27,wsoc,Empire 8 (E8),e8,St. John Fisher,"Ewing, Jillyan",Jillyan,Ewing,,601,"Ewing, Jillyan","EWING,JILLYAN",St. John Fisher,SJF,1009-6923,8,1,16,0,16,0.0,0.0,9.0,12.0,8.0,2.0,3.0,0.0,0.0,1.5,1.13,1.0,0.375,0.25,6.0,0.0,0.0,0.0,0.0,1.0,0.0,0.0,2.0,0.0,0.0,0.0,0.25,0.0,0.0,0.0,0.0,,353:00,0.0,0.0,0.0,,,,,,,,,,,,,,,,,,,,,,9.3169519920075,189,94
2026-27,wsoc,Empire 8 (E8),e8,Geneseo,"Pinto, Kate",Kate,Pinto,,247,"Pinto, Kate","PINTO,KATE",Geneseo,GEN,1171-2837,8,6,24,0,24,0.0,0.0,7.0,14.0,9.0,1.0,4.0,0.0,0.0,1.75,0.88,1.13,0.5,0.125,3.0,0.0,1.0,0.0,1.0,2.0,1.0,0.125,7.0,0.0,1.0,0.0,0.88,0.13,0.0,0.0,0.0,,448:00,0.0,0.0,0.0,,,,,,,,,,,,,,,,,,,,,,9.251597271526425,194,94
2026-27,wsoc,Empire 8 (E8),e8,Poly,"Hughes, Abigail",Abigail,Hughes,,9500,"Hughes, Abigail","HUGHES,ABIGAIL",Poly,POLY,1192-1466,9,9,13,0,13,0.0,0.0,9.0,13.0,7.0,3.0,2.0,0.0,0.0,1.44,1.0,0.78,0.222,0.333,7.0,0.0,0.0,0.0,0.0,2.0,0.0,0.0,4.0,0.0,0.0,0.0,0.44,0.0,0.0,0.0,0.0,,807:00,0.0,0.0,0.0,,,,,,,,,,,,,,,,,,,,,,9.06633003204244,203,94
2026-27,wsoc,Empire 8 (E8),e8,Keuka,"Cook, Bailey",Bailey,Cook,,1159,"Cook, Bailey","COOK,BAILEY",Keuka,KEU,1241-1948,8,7,3,0,3,0.0,0.0,11.0,16.0,7.0,1.0,3.0,0.0,0.0,2.0,1.38,0.88,0.375,0.125,8.0,0.0,0.0,0.0,1.0,1.0,1.0,0.125,6.0,0.0,0.0,0.0,0.75,0.0,0.0,0.0,0.0,,570:00,0.0,0.0,0.0,,,,,,,,,,,,,,,,,,,,,,7.856652957229277,261,93
2026-27,wsoc,Empire 8 (E8),e8,Utica,"Jalocha, Abigail",Abigail,Jalocha,,733,"Jalocha, Abigail","JALOCHA,ABIGAIL",Utica,UTC,1010-7997,9,0,21,0,21,0.0,0.0,10.0,17.0,7.0,1.0,3.0,0.0,0.0,1.89,1.11,0.78,0.333,0.111,7.0,0.0,0.0,0.0,1.0,3.0,0.0,0.0,4.0,0.0,0.0,0.0,0.44,0.0,0.0,0.0,0.0,,313:00,0.0,0.0,0.0,,,,,,,,,,,,,,,,,,,,,,7.69866461700621,272,93
2026-27,wsoc,Empire 8 (E8),e8,Utica,"Calabria, Adrianna",Adrianna,Calabria,,733,"Calabria, Adrianna","CALABRIA,ADRIANNA",Utica,UTC,1010-7295,9,9,14,0,14,0.0,0.0,7.0,20.0,8.0,0.0,4.0,1.0,1.0,2.22,0.78,0.89,0.444,0.0,3.0,0.0,0.0,0.0,1.0,3.0,1.0,0.111,8.0,0.0,0.0,0.0,0.89,0.0,0.0,0.0,0.0,,591:00,0.0,0.0,0.0,,,,,,,,,,,,,,,,,,,,,,7.4753215563020685,283,93
2026-27,wsoc,Empire 8 (E8),e8,Utica,"Hewson, Bailey",Bailey,Hewson,,733,"Hewson, Bailey","HEWSON,BAILEY",Utica,UTC,1010-7296,9,9,10,0,10,0.0,0.0,8.0,10.0,7.0,1.0,3.0,1.0,1.0,1.11,0.89,0.78,0.333,0.111,5.0,0.0,0.0,0.0,1.0,2.0,0.0,0.0,2.0,0.0,0.0,0.0,0.22,0.0,0.0,0.0,0.0,,555:00,0.0,0.0,0.0,,,,,,,,,,,,,,,,,,,,,,7.382687936560076,291,93
2026-27,wsoc,Empire 8 (E8),e8,St. John Fisher,"Logrippo, Francesca",Francesca,Logrippo,,601,"Logrippo, Francesca","LOGRIPPO,FRANCESCA",St. John Fisher,SJF,1009-5837,8,8,9,0,9,0.0,0.0,7.0,18.0,5.0,3.0,1.0,0.0,0.0,2.25,0.88,0.63,0.125,0.375,6.0,0.0,0.0,0.0,0.0,0.0,0.0,0.0,3.0,0.0,0.0,0.0,0.38,0.0,0.0,0.0,0.0,,486:00,0.0,0.0,0.0,,,,,,,,,,,,,,,,,,,,,,6.7234556764068945,349,93
2026-27,wsoc,Empire 8 (E8),e8,Poly,"Lugo Mateo, Yetneliz",Yetneliz,Lugo Mateo,,9500,"Lugo Mateo, Yetneliz","LUGO MATEO,YETNELIZ",Poly,POLY,1192-1831,6,6,23,0,23,0.0,0.0,15.0,20.0,6.0,0.0,3.0,0.0,0.0,3.33,2.5,1.0,0.5,0.0,12.0,0.0,0.0,0.0,2.0,0.0,2.0,0.333,9.0,0.0,1.0,0.0,1.5,0.17,0.0,0.0,0.0,,396:00,0.0,0.0,0.0,,,,,,,,,,,,,,,,,,,,,,6.712330602897188,351,93
2026-27,wsoc,Empire 8 (E8),e8,Nazareth,"Mastro, Kiyomi",Kiyomi,Mastro,,461,"Mastro, Kiyomi","MASTRO,KIYOMI",Nazareth,NAZ,1007-4668,7,7,8,0,8,0.0,0.0,4.0,10.0,6.0,2.0,2.0,0.0,0.0,1.43,0.57,0.86,0.286,0.286,2.0,0.0,0.0,0.0,1.0,1.0,1.0,0.143,5.0,0.0,0.0,0.0,0.71,0.0,0.0,0.0,0.0,,491:00,0.0,0.0,0.0,,,,,,,,,,,,,,,,,,,,,,6.500112615702752,366,93
2026-27,wsoc,Empire 8 (E8),e8,Brockport,"Spring, Kaitlyn",Kaitlyn,Spring,,78,"Spring, Kaitlyn","SPRING,KAITLYN",Brockport,BRO,652-7894,9,9,11,0,11,0.0,0.0,4.0,7.0,6.0,2.0,2.0,0.0,0.0,0.78,0.44,0.67,0.222,0.222,2.0,0.0,0.0,0.0,1.0,1.0,0.0,0.0,5.0,0.0,1.0,0.0,0.56,0.11,0.0,0.0,0.0,,588:00,0.0,0.0,0.0,,,,,,,,,,,,,,,,,,,,,,6.500112615702752,369,93
2026-27,wsoc,Empire 8 (E8),e8,Brockport,"Marino, Brianna",Brianna,Marino,,78,"Marino, Brianna","MARINO,BRIANNA",Brockport,BRO,652-7097,9,9,13,0,13,0.0,0.0,4.0,7.0,5.0,3.0,1.0,0.0,0.0,0.78,0.44,0.56,0.111,0.333,3.0,0.0,0.0,0.0,0.0,1.0,0.0,0.0,5.0,0.0,0.0,0.0,0.56,0.0,0.0,0.0,0.0,,758:00,0.0,0.0,0.0,,,,,,,,,,,,,,,,,,,,,,6.249490655737695,383,93
2026-27,wsoc,Empire 8 (E8),e8,Brockport,"Brooks, Sophia",Sophia,Brooks,,78,"Brooks, Sophia","BROOKS,SOPHIA",Brockport,BRO,652-8395,9,9,15,0,15,0.0,0.0,3.0,5.0,4.0,4.0,0.0,0.0,0.0,0.56,0.33,0.44,0.0,0.444,3.0,0.0,0.0,0.0,0.0,0.0,0.0,0.0,2.0,0.0,0.0,0.0,0.22,0.0,0.0,0.0,0.0,,543:00,0.0,0.0,0.0,,,,,,,,,,,,,,,,,,,,,,5.8408803555495705,412,92
2026-27,wsoc,Empire 8 (E8),e8,Russell Sage,Anna Shepard,Anna,Shepard,,11036,Anna Shepard,"SHEPARD,ANNA",Russell Sage,RSCWSOC,0,9,5,13,0,13,0.0,0.0,9.0,18.0,6.0,0.0,3.0,0.0,0.0,2.0,1.0,0.67,0.333,0.0,6.0,0.0,0.0,0.0,3.0,1.0,2.0,0.222,3.0,0.0,0.0,0.0,0.33,0.0,0.0,0.0,0.0,,411:00,0.0,0.0,0.0,,,,,,,,,,,,,,,,,,,,,,5.764400561558788,416,92
2026-27,wsoc,Empire 8 (E8),e8,Utica,"Dischiavo, Ella",Ella,Dischiavo,,733,"Dischiavo, Ella","DISCHIAVO,ELLA",Utica,UTC,1010-8013,9,9,9,0,9,0.0,0.0,7.0,12.0,5.0,1.0,2.0,0.0,0.0,1.33,0.78,0.56,0.222,0.111,5.0,0.0,0.0,0.0,0.0,0.0,0.0,0.0,6.0,0.0,0.0,0.0,0.67,0.0,0.0,0.0,0.0,,661:00,0.0,0.0,0.0,,,,,,,,,,,,,,,,,,,,,,5.197801921147596,469,92
2026-27,wsoc,Empire 8 (E8),e8,Geneseo,"Pawelczyk, Ashley",Ashley,Pawelczyk,,247,"Pawelczyk, Ashley","PAWELCZYK,ASHLEY",Geneseo,GEN,1171-2660,8,2,8,0,8,0.0,0.0,7.0,15.0,5.0,1.0,2.0,0.0,0.0,1.88,0.88,0.63,0.25,0.125,5.0,1.0,0.0,0.0,0.0,1.0,0.0,0.0,3.0,0.0,0.0,0.0,0.38,0.0,0.0,0.0,0.0,,229:00,0.0,0.0,0.0,,,,,,,,,,,,,,,,,,,,,,5.197801921147596,475,92
2026-27,wsoc,Empire 8 (E8),e8,Geneseo,"Zito, Maggie",Maggie,Zito,,247,"Zito, Maggie","ZITO,MAGGIE",Geneseo,GEN,1171-2834,8,8,19,0,19,0.0,0.0,8.0,15.0,4.0,2.0,1.0,0.0,0.0,1.88,1.0,0.5,0.125,0.25,7.0,0.0,0.0,0.0,0.0,0.0,0.0,0.0,3.0,0.0,0.0,0.0,0.38,0.0,0.0,0.0,0.0,,584:00,0.0,0.0,0.0,,,,,,,,,,,,,,,,,,,,,,5.105168301405605,488,92
2026-27,wsoc,Empire 8 (E8),e8,Russell Sage,Grace Hogan,Grace,Hogan,,11036,Grace Hogan,"HOGAN,GRACE",Russell Sage,RSCWSOC,0,8,6,12,0,12,0.0,0.0,6.0,16.0,5.0,1.0,2.0,0.0,0.0,2.0,0.75,0.63,0.25,0.125,4.0,0.0,0.0,0.0,1.0,2.0,2.0,0.25,1.0,0.0,0.0,0.0,0.13,0.0,0.0,0.0,0.0,,453:00,0.0,0.0,0.0,,,,,,,,,,,,,,,,,,,,,,5.0398135809245295,492,92
2026-27,wsoc,Empire 8 (E8),e8,Nazareth,"Sgombick, Shannon",Shannon,Sgombick,,461,"Sgombick, Shannon","SGOMBICK,SHANNON",Nazareth,NAZ,1007-4672,7,7,18,0,18,0.0,0.0,6.0,9.0,5.0,1.0,2.0,0.0,0.0,1.29,0.86,0.71,0.286,0.143,4.0,0.0,0.0,0.0,0.0,0.0,1.0,0.143,2.0,0.0,0.0,0.0,0.29,0.0,0.0,0.0,0.0,,428:00,0.0,0.0,0.0,,,,,,,,,,,,,,,,,,,,,,5.0398135809245295,501,92
2026-27,wsoc,Empire 8 (E8),e8,Houghton,"Curyto, Taylor",Taylor,Curyto,,30160,"Curyto, Taylor","CURYTO,TAYLOR",Houghton,HOU,702-1722,9,9,4,0,4,0.0,0.0,7.0,9.0,4.0,2.0,1.0,0.0,0.0,1.0,0.78,0.44,0.111,0.222,6.0,0.0,0.0,0.0,0.0,1.0,0.0,0.0,2.0,0.0,0.0,0.0,0.22,0.0,0.0,0.0,0.0,,735:00,0.0,0.0,0.0,,,,,,,,,,,,,,,,,,,,,,4.947179961182538,512,92
2026-27,wsoc,Empire 8 (E8),e8,Keuka,"Miller, Jessica",Jessica,Miller,,1159,"Miller, Jessica","MILLER,JESSICA",Keuka,KEU,1241-1591,8,1,14,0,14,0.0,0.0,5.0,9.0,5.0,1.0,2.0,0.0,0.0,1.13,0.63,0.63,0.25,0.125,3.0,0.0,0.0,0.0,0.0,0.0,0.0,0.0,5.0,0.0,0.0,0.0,0.63,0.0,0.0,0.0,0.0,,265:00,0.0,0.0,0.0,,,,,,,,,,,,,,,,,,,,,,4.881825240701463,529,92
2026-27,wsoc,Empire 8 (E8),e8,St. John Fisher,"Tara, Morgan",Morgan,Tara,,601,"Tara, Morgan","TARA,MORGAN",St. John Fisher,SJF,1009-6596,8,8,12,0,12,0.0,0.0,4.0,13.0,5.0,1.0,2.0,0.0,0.0,1.63,0.5,0.63,0.25,0.125,2.0,0.0,0.0,0.0,2.0,1.0,2.0,0.25,2.0,0.0,0.0,0.0,0.25,0.0,0.0,0.0,0.0,,408:00,0.0,0.0,0.0,,,,,,,,,,,,,,,,,,,,,,4.723836900478396,564,91
2026-27,wsoc,Empire 8 (E8),e8,Elmira,"Ferrier, Amy",Amy,Ferrier,,213,"Ferrier, Amy","FERRIER,AMY",Elmira,ELM,1004-2820,6,0,21,0,21,0.0,0.0,3.0,3.0,5.0,1.0,2.0,0.0,0.0,0.5,0.5,0.83,0.333,0.167,1.0,1.0,0.0,0.0,0.0,2.0,0.0,0.0,2.0,0.0,0.0,0.0,0.33,0.0,0.0,0.0,0.0,,234:00,0.0,0.0,0.0,,,,,,,,,,,,,,,,,,,,,,4.56584856025533,585,91
2026-27,wsoc,Empire 8 (E8),e8,Russell Sage,Grace Ahl,Grace,Ahl,,11036,Grace Ahl,"AHL,GRACE",Russell Sage,RSCWSOC,0,9,0,14,0,14,0.0,0.0,4.0,6.0,4.0,2.0,1.0,0.0,0.0,0.67,0.44,0.44,0.111,0.222,3.0,0.0,0.0,0.0,0.0,0.0,0.0,0.0,4.0,0.0,0.0,0.0,0.44,0.0,0.0,0.0,0.0,,364:00,0.0,0.0,0.0,,,,,,,,,,,,,,,,,,,,,,4.473214940513339,593,91
2026-27,wsoc,Empire 8 (E8),e8,Geneseo,"DeMura, Lauren",Lauren,DeMura,,247,"DeMura, Lauren","DEMURA,LAUREN",Geneseo,GEN,1171-2207,8,8,12,0,12,0.0,0.0,5.0,13.0,3.0,3.0,0.0,0.0,0.0,1.63,0.63,0.38,0.0,0.375,5.0,0.0,0.0,0.0,0.0,0.0,0.0,0.0,3.0,0.0,0.0,0.0,0.38,0.0,0.0,0.0,0.0,,458:00,0.0,0.0,0.0,,,,,,,,,,,,,,,,,,,,,,4.380581320771347,612,91
2026-27,wsoc,Empire 8 (E8),e8,Russell Sage,Rosalynn Sanchez,Rosalynn,Sanchez,,11036,Rosalynn Sanchez,"SANCHEZ,ROSALYNN",Russell Sage,RSCWSOC,0,9,3,20,0,20,0.0,0.0,2.0,4.0,4.0,2.0,1.0,0.0,0.0,0.44,0.22,0.44,0.111,0.222,1.0,0.0,0.0,0.0,1.0,1.0,1.0,0.111,3.0,0.0,0.0,0.0,0.33,0.0,0.0,0.0,0.0,,291:00,0.0,0.0,0.0,,,,,,,,,,,,,,,,,,,,,,4.1572382600672055,644,91
2026-27,wsoc,Empire 8 (E8),e8,Houghton,"Esh, Elena",Elena,Esh,,30160,"Esh, Elena","ESH,ELENA",Houghton,HOU,702-1723,10,9,14,0,14,0.0,0.0,11.0,21.0,4.0,0.0,2.0,0.0,0.0,2.1,1.1,0.4,0.2,0.0,9.0,0.0,0.0,0.0,1.0,0.0,1.0,0.1,5.0,0.0,0.0,0.0,0.5,0.0,0.0,0.0,0.0,,548:00,0.0,0.0,0.0,,,,,,,,,,,,,,,,,,,,,,4.053479566815507,648,91
2026-27,wsoc,Empire 8 (E8),e8,Russell Sage,Madeline Fazziola,Madeline,Fazziola,,11036,Madeline Fazziola,"FAZZIOLA,MADELINE",Russell Sage,RSCWSOC,0,9,2,29,0,29,0.0,0.0,1.0,2.0,4.0,2.0,1.0,0.0,0.0,0.22,0.11,0.44,0.111,0.222,0.0,0.0,0.0,0.0,0.0,0.0,0.0,0.0,2.0,0.0,0.0,0.0,0.22,0.0,0.0,0.0,0.0,,266:00,0.0,0.0,0.0,,,,,,,,,,,,,,,,,,,,,,3.9992499198441394,654,91
2026-27,wsoc,Empire 8 (E8),e8,Alfred,"Thayer, Ava",Ava,Thayer,,18,"Thayer, Ava","THAYER,AVA",Alfred,AUS,1003-6059,9,9,6,0,6,0.0,0.0,10.0,15.0,4.0,0.0,2.0,0.0,0.0,1.67,1.11,0.44,0.222,0.0,8.0,1.0,0.0,0.0,0.0,0.0,0.0,0.0,10.0,0.0,0.0,0.0,1.11,0.0,0.0,0.0,0.0,,757:00,0.0,0.0,0.0,,,,,,,,,,,,,,,,,,,,,,3.89549122659244,670,91
2026-27,wsoc,Empire 8 (E8),e8,Utica,"Wagner, Madison",Madison,Wagner,,733,"Wagner, Madison","WAGNER,MADISON",Utica,UTC,1010-7113,9,9,13,0,13,0.0,0.0,10.0,18.0,3.0,1.0,1.0,0.0,0.0,2.0,1.11,0.33,0.111,0.111,9.0,0.0,0.0,0.0,1.0,0.0,1.0,0.111,4.0,0.0,0.0,0.0,0.44,0.0,0.0,0.0,0.0,,628:00,0.0,0.0,0.0,,,,,,,,,,,,,,,,,,,,,,3.6448692666273823,684,91
2026-27,wsoc,Empire 8 (E8),e8,St. John Fisher,"Feehan, Olivia",Olivia,Feehan,,601,"Feehan, Olivia","FEEHAN,OLIVIA",St. John Fisher,SJF,1009-6918,8,0,6,0,6,0.0,0.0,6.0,6.0,4.0,0.0,2.0,0.0,0.0,0.75,0.75,0.5,0.25,0.0,4.0,0.0,0.0,0.0,0.0,0.0,1.0,0.125,4.0,0.0,0.0,0.0,0.5,0.0,0.0,0.0,0.0,,247:00,0.0,0.0,0.0,,,,,,,,,,,,,,,,,,,,,,3.263537865700174,738,90
2026-27,wsoc,Empire 8 (E8),e8,Houghton,"Hallett, Samara",Samara,Hallett,,30160,"Hallett, Samara","HALLETT,SAMARA",Houghton,HOU,702-1605,10,3,13,0,13,0.0,0.0,5.0,9.0,4.0,0.0,2.0,0.0,0.0,0.9,0.5,0.4,0.2,0.0,3.0,0.0,0.0,0.0,1.0,0.0,0.0,0.0,2.0,0.0,0.0,0.0,0.2,0.0,0.0,0.0,0.0,,413:00,0.0,0.0,0.0,,,,,,,,,,,,,,,,,,,,,,3.1055495254771075,782,90
2026-27,wsoc,Empire 8 (E8),e8,Nazareth,"Lott-Diamond, Carolina",Carolina,Lott-Diamond,,461,"Lott-Diamond, Carolina","LOTT-DIAMOND,CAROLINA",Nazareth,NAZ,1007-4850,7,7,27,0,27,0.0,0.0,6.0,10.0,3.0,1.0,1.0,0.0,0.0,1.43,0.86,0.43,0.143,0.143,5.0,0.0,0.0,0.0,1.0,1.0,0.0,0.0,10.0,0.0,0.0,0.0,1.43,0.0,0.0,0.0,0.0,,341:00,0.0,0.0,0.0,,,,,,,,,,,,,,,,,,,,,,3.012915905735116,800,90
2026-27,wsoc,Empire 8 (E8),e8,Elmira,"Thomas, Bella",Bella,Thomas,,213,"Thomas, Bella","THOMAS,BELLA",Elmira,ELM,1004-2458,8,8,10,0,10,0.0,0.0,6.0,11.0,3.0,1.0,1.0,0.0,0.0,1.38,0.75,0.38,0.125,0.125,5.0,0.0,0.0,0.0,1.0,0.0,0.0,0.0,4.0,0.0,0.0,0.0,0.5,0.0,0.0,0.0,0.0,,668:00,0.0,0.0,0.0,,,,,,,,,,,,,,,,,,,,,,3.012915905735116,805,90
2026-27,wsoc,Empire 8 (E8),e8,St. John Fisher,"Olschewske, Brooklyn",Brooklyn,Olschewske,,601,"Olschewske, Brooklyn","OLSCHEWSKE,BROOKLYN",St. John Fisher,SJF,1009-6598,8,0,14,0,14,0.0,0.0,4.0,6.0,4.0,0.0,2.0,0.0,0.0,0.75,0.5,0.5,0.25,0.0,2.0,0.0,0.0,0.0,0.0,0.0,1.0,0.125,4.0,0.0,0.0,0.0,0.5,0.0,0.0,0.0,0.0,,312:00,0.0,0.0,0.0,,,,,,,,,,,,,,,,,,,,,,2.947561185254041,833,90
2026-27,wsoc,Empire 8 (E8),e8,Elmira,"Sacratini, Amelia",Amelia,Sacratini,,213,"Sacratini, Amelia","SACRATINI,AMELIA",Elmira,ELM,1004-2822,8,8,22,0,22,0.0,0.0,7.0,9.0,2.0,2.0,0.0,0.0,0.0,1.13,0.88,0.25,0.0,0.25,7.0,0.0,0.0,0.0,0.0,0.0,0.0,0.0,6.0,0.0,1.0,0.0,0.75,0.13,0.0,0.0,0.0,,629:00,0.0,0.0,0.0,,,,,,,,,,,,,,,,,,,,,,2.920282285993124,849,89
2026-27,wsoc,Empire 8 (E8),e8,Houghton,"Williams, Gracelyn",Gracelyn,Williams,,30160,"Williams, Gracelyn","WILLIAMS,GRACELYN",Houghton,HOU,702-1957,10,10,21,0,21,0.0,0.0,7.0,14.0,2.0,2.0,0.0,0.0,0.0,1.4,0.7,0.2,0.0,0.2,7.0,0.0,0.0,0.0,0.0,0.0,0.0,0.0,10.0,0.0,1.0,0.0,1.0,0.1,0.0,0.0,0.0,,609:00,0.0,0.0,0.0,,,,,,,,,,,,,,,,,,,,,,2.920282285993124,850,89
2026-27,wsoc,Empire 8 (E8),e8,Poly,"Meehan, Katelyn",Katelyn,Meehan,,9500,"Meehan, Katelyn","MEEHAN,KATELYN",Poly,POLY,1192-1813,9,8,17,0,17,0.0,0.0,5.0,8.0,3.0,1.0,1.0,0.0,0.0,0.89,0.56,0.33,0.111,0.111,4.0,1.0,0.0,0.0,0.0,0.0,0.0,0.0,5.0,0.0,0.0,0.0,0.56,0.0,0.0,0.0,0.0,,619:00,0.0,0.0,0.0,,,,,,,,,,,,,,,,,,,,,,2.8549275655120496,866,89
2026-27,wsoc,Empire 8 (E8),e8,Elmira,"Reuter, Isabella",Isabella,Reuter,,213,"Reuter, Isabella","REUTER,ISABELLA",Elmira,ELM,1004-2315,8,8,11,0,11,0.0,0.0,5.0,8.0,3.0,1.0,1.0,0.0,0.0,1.0,0.63,0.38,0.125,0.125,4.0,0.0,0.0,0.0,1.0,0.0,0.0,0.0,8.0,0.0,1.0,0.0,1.0,0.13,0.0,0.0,0.0,,610:00,0.0,0.0,0.0,,,,,,,,,,,,,,,,,,,,,,2.8549275655120496,870,89
2026-27,wsoc,Empire 8 (E8),e8,Nazareth,"Rodriguez, Giuliana",Giuliana,Rodriguez,,461,"Rodriguez, Giuliana","RODRIGUEZ,GIULIANA",Nazareth,NAZ,1007-5094,6,3,35,0,35,0.0,0.0,5.0,13.0,3.0,1.0,1.0,0.0,0.0,2.17,0.83,0.5,0.167,0.167,4.0,0.0,0.0,0.0,0.0,0.0,0.0,0.0,3.0,0.0,0.0,0.0,0.5,0.0,0.0,0.0,0.0,,203:00,0.0,0.0,0.0,,,,,,,,,,,,,,,,,,,,,,2.8549275655120496,872,89
2026-27,wsoc,Empire 8 (E8),e8,Houghton,"Kamas, Emma",Emma,Kamas,,30160,"Kamas, Emma","KAMAS,EMMA",Houghton,HOU,702-1951,9,0,11,0,11,0.0,0.0,3.0,3.0,4.0,0.0,2.0,0.0,0.0,0.33,0.33,0.44,0.222,0.0,1.0,0.0,0.0,0.0,1.0,1.0,2.0,0.222,1.0,0.0,0.0,0.0,0.11,0.0,0.0,0.0,0.0,,188:00,0.0,0.0,0.0,,,,,,,,,,,,,,,,,,,,,,2.7895728450309742,892,89
2026-27,wsoc,Empire 8 (E8),e8,Nazareth,"Fejko, Lillian",Lillian,Fejko,,461,"Fejko, Lillian","FEJKO,LILLIAN",Nazareth,NAZ,1007-4662,7,7,17,0,17,0.0,0.0,4.0,7.0,3.0,1.0,1.0,0.0,0.0,1.0,0.57,0.43,0.143,0.143,3.0,0.0,0.0,0.0,1.0,0.0,0.0,0.0,7.0,0.0,0.0,0.0,1.0,0.0,0.0,0.0,0.0,,363:00,0.0,0.0,0.0,,,,,,,,,,,,,,,,,,,,,,2.696939225288983,927,89
2026-27,wsoc,Empire 8 (E8),e8,Brockport,"Graham, Parker",Parker,Graham,,78,"Graham, Parker","GRAHAM,PARKER",Brockport,BRO,652-8396,9,2,5,0,5,0.0,0.0,4.0,10.0,3.0,1.0,1.0,0.0,0.0,1.11,0.44,0.33,0.111,0.111,3.0,0.0,0.0,0.0,1.0,1.0,1.0,0.111,2.0,0.0,0.0,0.0,0.22,0.0,0.0,0.0,0.0,,360:00,0.0,0.0,0.0,,,,,,,,,,,,,,,,,,,,,,2.696939225288983,929,89
2026-27,wsoc,Empire 8 (E8),e8,Russell Sage,Karina Lezama,Karina,Lezama,,11036,Karina Lezama,"LEZAMA,KARINA",Russell Sage,RSCWSOC,0,9,4,8,0,8,0.0,0.0,2.0,3.0,4.0,0.0,2.0,0.0,0.0,0.33,0.22,0.44,0.222,0.0,0.0,0.0,0.0,0.0,0.0,0.0,0.0,0.0,1.0,0.0,0.0,0.0,0.11,0.0,0.0,0.0,0.0,,382:00,0.0,0.0,0.0,,,,,,,,,,,,,,,,,,,,,,2.631584504807908,962,89
2026-27,wsoc,Empire 8 (E8),e8,Utica,"Martin, Lily",Lily,Martin,,733,"Martin, Lily","MARTIN,LILY",Utica,UTC,1010-7292,9,9,6,0,6,0.0,0.0,5.0,10.0,2.0,2.0,0.0,0.0,0.0,1.11,0.56,0.22,0.0,0.222,5.0,0.0,0.0,0.0,0.0,0.0,0.0,0.0,1.0,0.0,0.0,0.0,0.11,0.0,0.0,0.0,0.0,,750:00,0.0,0.0,0.0,,,,,,,,,,,,,,,,,,,,,,2.6043056055469913,975,89
2026-27,wsoc,Empire 8 (E8),e8,Poly,"Arduini, Lily",Lily,Arduini,,9500,"Arduini, Lily","ARDUINI,LILY",Poly,POLY,1192-1810,9,9,8,0,8,0.0,0.0,3.0,8.0,3.0,1.0,1.0,0.0,0.0,0.89,0.33,0.33,0.111,0.111,2.0,0.0,0.0,0.0,0.0,0.0,0.0,0.0,4.0,0.0,0.0,0.0,0.44,0.0,0.0,0.0,0.0,,734:00,0.0,0.0,0.0,,,,,,,,,,,,,,,,,,,,,,2.5389508850659164,979,89
2026-27,wsoc,Empire 8 (E8),e8,Keuka,"O'Gara, Katie",Katie,O'Gara,,1159,"O'Gara, Katie","O'GARA,KATIE",Keuka,KEU,1241-2031,8,1,9,0,9,0.0,0.0,3.0,5.0,3.0,1.0,1.0,0.0,0.0,0.63,0.38,0.38,0.125,0.125,2.0,0.0,0.0,0.0,1.0,0.0,0.0,0.0,2.0,0.0,0.0,0.0,0.25,0.0,0.0,0.0,0.0,,268:00,0.0,0.0,0.0,,,,,,,,,,,,,,,,,,,,,,2.5389508850659164,1016,88
2026-27,wsoc,Empire 8 (E8),e8,Geneseo,"Cisse, Aicha",Aicha,Cisse,,247,"Cisse, Aicha","CISSE,AICHA",Geneseo,GEN,1171-2835,7,3,21,0,21,0.0,0.0,2.0,2.0,3.0,1.0,1.0,0.0,0.0,0.29,0.29,0.43,0.143,0.143,1.0,0.0,0.0,0.0,0.0,0.0,0.0,0.0,1.0,0.0,0.0,0.0,0.14,0.0,0.0,0.0,0.0,,330:00,0.0,0.0,0.0,,,,,,,,,,,,,,,,,,,,,,2.38096254484285,1051,88
2026-27,wsoc,Empire 8 (E8),e8,St. John Fisher,"Whyte, Maebh",Maebh,Whyte,,601,"Whyte, Maebh","WHYTE,MAEBH",St. John Fisher,SJF,1009-6916,7,0,4,0,4,0.0,0.0,2.0,3.0,3.0,1.0,1.0,0.0,0.0,0.43,0.29,0.43,0.143,0.143,1.0,0.0,0.0,0.0,0.0,0.0,0.0,0.0,2.0,0.0,1.0,0.0,0.29,0.14,0.0,0.0,0.0,,215:00,0.0,0.0,0.0,,,,,,,,,,,,,,,,,,,,,,2.38096254484285,1081,88
2026-27,wsoc,Empire 8 (E8),e8,Elmira,"Chunco, Anna",Anna,Chunco,,213,"Chunco, Anna","CHUNCO,ANNA",Elmira,ELM,1004-2645,8,8,2,0,2,0.0,0.0,3.0,6.0,2.0,2.0,0.0,0.0,0.0,0.75,0.38,0.25,0.0,0.25,3.0,0.0,0.0,0.0,0.0,0.0,0.0,0.0,2.0,0.0,0.0,0.0,0.25,0.0,0.0,0.0,0.0,,421:00,0.0,0.0,0.0,,,,,,,,,,,,,,,,,,,,,,2.288328925100858,1087,88
2026-27,wsoc,Empire 8 (E8),e8,Alfred,"Dennis, Isabelle",Isabelle,Dennis,,18,"Dennis, Isabelle","DENNIS,ISABELLE",Alfred,AUS,1003-4814,9,9,21,0,21,0.0,0.0,3.0,5.0,2.0,2.0,0.0,0.0,0.0,0.56,0.33,0.22,0.0,0.222,3.0,0.0,0.0,0.0,0.0,0.0,0.0,0.0,1.0,0.0,0.0,0.0,0.11,0.0,0.0,0.0,0.0,,810:00,0.0,0.0,0.0,,,,,,,,,,,,,,,,,,,,,,2.288328925100858,1090,88
2026-27,wsoc,Empire 8 (E8),e8,Keuka,"Wehbe, Nadia",Nadia,Wehbe,,1159,"Wehbe, Nadia","WEHBE,NADIA",Keuka,KEU,1241-1944,8,1,10,0,10,0.0,0.0,1.0,6.0,3.0,1.0,1.0,0.0,0.0,0.75,0.13,0.38,0.125,0.125,0.0,0.0,0.0,0.0,0.0,0.0,0.0,0.0,2.0,0.0,0.0,0.0,0.25,0.0,0.0,0.0,0.0,,315:00,0.0,0.0,0.0,,,,,,,,,,,,,,,,,,,,,,2.2229742046197836,1129,88
2026-27,wsoc,Empire 8 (E8),e8,Utica,"Kraft, Cora",Cora,Kraft,,733,"Kraft, Cora","KRAFT,CORA",Utica,UTC,1010-6734,9,9,7,0,7,0.0,0.0,11.0,18.0,2.0,0.0,1.0,0.0,0.0,2.0,1.22,0.22,0.111,0.0,10.0,0.0,0.0,0.0,0.0,1.0,0.0,0.0,0.0,0.0,0.0,0.0,0.0,0.0,0.0,0.0,0.0,,810:00,0.0,0.0,0.0,,,,,,,,,,,,,,,,,,,,,,2.0265818916260927,1150,88
2026-27,wsoc,Empire 8 (E8),e8,Russell Sage,Mia O'Brien,Mia,O'Brien,,11036,Mia O'Brien,"O'BRIEN,MIA",Russell Sage,RSCWSOC,0,9,6,15,0,15,0.0,0.0,9.0,17.0,2.0,0.0,1.0,0.0,0.0,1.89,1.0,0.22,0.111,0.0,8.0,0.0,0.0,0.0,0.0,0.0,0.0,0.0,3.0,0.0,0.0,0.0,0.33,0.0,0.0,0.0,0.0,,436:00,0.0,0.0,0.0,,,,,,,,,,,,,,,,,,,,,,1.71060521117996,1198,87
2026-27,wsoc,Empire 8 (E8),e8,Russell Sage,Eva Hirschoff,Eva,Hirschoff,,11036,Eva Hirschoff,"HIRSCHOFF,EVA",Russell Sage,RSCWSOC,0,8,8,6,0,6,0.0,0.0,6.0,10.0,2.0,0.0,1.0,0.0,0.0,1.25,0.75,0.25,0.125,0.0,5.0,1.0,0.0,0.0,0.0,0.0,0.0,0.0,4.0,0.0,0.0,0.0,0.5,0.0,0.0,0.0,0.0,,452:00,0.0,0.0,0.0,,,,,,,,,,,,,,,,,,,,,,1.23664019051076,1228,87
2026-27,wsoc,Empire 8 (E8),e8,Hartwick,"Grupe, Ella",Ella,Grupe,,273,"Grupe, Ella","GRUPE,ELLA",Hartwick,WICK,1005-3426,8,8,11,0,11,0.0,0.0,6.0,12.0,2.0,0.0,1.0,0.0,0.0,1.5,0.75,0.25,0.125,0.0,5.0,0.0,0.0,0.0,1.0,1.0,0.0,0.0,4.0,0.0,0.0,0.0,0.5,0.0,0.0,0.0,0.0,,720:00,0.0,0.0,0.0,,,,,,,,,,,,,,,,,,,,,,1.23664019051076,1233,87
2026-27,wsoc,Empire 8 (E8),e8,Houghton,"Mims, Karryne",Karryne,Mims,,30160,"Mims, Karryne","MIMS,KARRYNE",Houghton,HOU,702-1726,9,0,25,0,25,0.0,0.0,7.0,13.0,1.0,1.0,0.0,0.0,0.0,1.44,0.78,0.11,0.0,0.111,7.0,0.0,0.0,0.0,0.0,0.0,0.0,0.0,6.0,0.0,1.0,0.0,0.67,0.11,0.0,0.0,0.0,,340:00,0.0,0.0,0.0,,,,,,,,,,,,,,,,,,,,,,1.1440065707687683,1260,87
2026-27,wsoc,Empire 8 (E8),e8,Utica,"Flockton, Ayla",Ayla,Flockton,,733,"Flockton, Ayla","FLOCKTON,AYLA",Utica,UTC,1010-7009,9,0,15,0,15,0.0,0.0,5.0,8.0,2.0,0.0,1.0,0.0,0.0,0.89,0.56,0.22,0.111,0.0,4.0,0.0,0.0,0.0,0.0,1.0,0.0,0.0,2.0,0.0,0.0,0.0,0.22,0.0,0.0,0.0,0.0,,266:00,0.0,0.0,0.0,,,,,,,,,,,,,,,,,,,,,,1.0786518502876938,1272,87
2026-27,wsoc,Empire 8 (E8),e8,Houghton,"Russell, Grace",Grace,Russell,,30160,"Russell, Grace","RUSSELL,GRACE",Houghton,HOU,702-1952,10,8,3,0,3,0.0,0.0,5.0,7.0,2.0,0.0,1.0,0.0,0.0,0.7,0.5,0.2,0.1,0.0,4.0,0.0,0.0,0.0,0.0,0.0,0.0,0.0,2.0,0.0,0.0,0.0,0.2,0.0,0.0,0.0,0.0,,628:00,0.0,0.0,0.0,,,,,,,,,,,,,,,,,,,,,,1.0786518502876938,1295,87
2026-27,wsoc,Empire 8 (E8),e8,Hartwick,"Burke, Elizabeth",Elizabeth,Burke,,273,"Burke, Elizabeth","BURKE,ELIZABETH",Hartwick,WICK,1005-3636,8,8,12,0,12,0.0,0.0,4.0,5.0,2.0,0.0,1.0,0.0,0.0,0.63,0.5,0.25,0.125,0.0,3.0,0.0,0.0,0.0,0.0,1.0,0.0,0.0,1.0,0.0,0.0,0.0,0.13,0.0,0.0,0.0,0.0,,530:00,0.0,0.0,0.0,,,,,,,,,,,,,,,,,,,,,,0.9206635100646272,1321,86
2026-27,wsoc,Empire 8 (E8),e8,Geneseo,"Griffin, Riley",Riley,Griffin,,247,"Griffin, Riley","GRIFFIN,RILEY",Geneseo,GEN,1171-2212,8,7,30,0,30,0.0,0.0,4.0,6.0,2.0,0.0,1.0,1.0,1.0,0.75,0.5,0.25,0.125,0.0,3.0,0.0,0.0,0.0,0.0,1.0,0.0,0.0,3.0,0.0,0.0,0.0,0.38,0.0,0.0,0.0,0.0,,522:00,0.0,0.0,0.0,,,,,,,,,,,,,,,,,,,,,,0.9206635100646272,1342,86
2026-27,wsoc,Empire 8 (E8),e8,Elmira,"Krawczyk, Tierney",Tierney,Krawczyk,,213,"Krawczyk, Tierney","KRAWCZYK,TIERNEY",Elmira,ELM,1004-2313,7,5,4,0,4,0.0,0.0,4.0,6.0,2.0,0.0,1.0,0.0,0.0,0.86,0.57,0.29,0.143,0.0,3.0,0.0,0.0,0.0,1.0,1.0,1.0,0.143,7.0,0.0,0.0,0.0,1.0,0.0,0.0,0.0,0.0,,577:00,0.0,0.0,0.0,,,,,,,,,,,,,,,,,,,,,,0.9206635100646272,1354,86
2026-27,wsoc,Empire 8 (E8),e8,Houghton,"Milne, Annaleis",Annaleis,Milne,,30160,"Milne, Annaleis","MILNE,ANNALEIS",Houghton,HOU,702-1854,9,8,19,0,19,0.0,0.0,4.0,10.0,2.0,0.0,1.0,0.0,0.0,1.11,0.44,0.22,0.111,0.0,3.0,0.0,0.0,0.0,1.0,1.0,0.0,0.0,7.0,0.0,0.0,0.0,0.78,0.0,0.0,0.0,0.0,,486:00,0.0,0.0,0.0,,,,,,,,,,,,,,,,,,,,,,0.9206635100646272,1365,86
2026-27,wsoc,Empire 8 (E8),e8,Keuka,"Watt, Ava",Ava,Watt,,1159,"Watt, Ava","WATT,AVA",Keuka,KEU,1241-1725,8,6,22,0,22,0.0,0.0,4.0,6.0,2.0,0.0,1.0,0.0,0.0,0.75,0.5,0.25,0.125,0.0,3.0,0.0,0.0,0.0,0.0,0.0,0.0,0.0,1.0,0.0,0.0,0.0,0.13,0.0,0.0,0.0,0.0,,380:00,0.0,0.0,0.0,,,,,,,,,,,,,,,,,,,,,,0.9206635100646272,1385,86
2026-27,wsoc,Empire 8 (E8),e8,Brockport,"Yahoudy, Alana",Alana,Yahoudy,,78,"Yahoudy, Alana","YAHOUDY,ALANA",Brockport,BRO,652-7889,7,7,3,0,3,0.0,0.0,4.0,7.0,2.0,0.0,1.0,0.0,0.0,1.0,0.57,0.29,0.143,0.0,3.0,0.0,0.0,0.0,0.0,0.0,0.0,0.0,4.0,1.0,0.0,0.0,0.57,0.0,0.14,0.0,0.0,,576:00,0.0,0.0,0.0,,,,,,,,,,,,,,,,,,,,,,0.9206635100646272,1387,86
2026-27,wsoc,Empire 8 (E8),e8,Brockport,"Chizuk, Jordan",Jordan,Chizuk,,78,"Chizuk, Jordan","CHIZUK,JORDAN",Brockport,BRO,652-7098,8,0,22,0,22,0.0,0.0,3.0,5.0,2.0,0.0,1.0,0.0,0.0,0.63,0.38,0.25,0.125,0.0,2.0,0.0,0.0,0.0,0.0,0.0,0.0,0.0,2.0,0.0,0.0,0.0,0.25,0.0,0.0,0.0,0.0,,286:00,0.0,0.0,0.0,,,,,,,,,,,,,,,,,,,,,,0.7626751698415606,1430,86
2026-27,wsoc,Empire 8 (E8),e8,Alfred,"Henner, Anna",Anna,Henner,,18,"Henner, Anna","HENNER,ANNA",Alfred,AUS,1003-5823,9,4,4,0,4,0.0,0.0,3.0,6.0,2.0,0.0,1.0,0.0,0.0,0.67,0.33,0.22,0.111,0.0,2.0,0.0,0.0,0.0,0.0,1.0,0.0,0.0,1.0,0.0,0.0,0.0,0.11,0.0,0.0,0.0,0.0,,379:00,0.0,0.0,0.0,,,,,,,,,,,,,,,,,,,,,,0.7626751698415606,1440,86
2026-27,wsoc,Empire 8 (E8),e8,Keuka,"Watkins, Sophia",Sophia,Watkins,,1159,"Watkins, Sophia","WATKINS,SOPHIA",Keuka,KEU,1241-1823,5,0,2,0,2,0.0,0.0,3.0,6.0,2.0,0.0,1.0,0.0,0.0,1.2,0.6,0.4,0.2,0.0,2.0,0.0,0.0,0.0,0.0,0.0,0.0,0.0,1.0,0.0,0.0,0.0,0.2,0.0,0.0,0.0,0.0,,94:00,0.0,0.0,0.0,,,,,,,,,,,,,,,,,,,,,,0.7626751698415606,1488,85
2026-27,wsoc,Empire 8 (E8),e8,St. John Fisher,"Maltbie, Carli",Carli,Maltbie,,601,"Maltbie, Carli","MALTBIE,CARLI",St. John Fisher,SJF,1009-5838,8,8,24,0,24,0.0,0.0,4.0,9.0,1.0,1.0,0.0,0.0,0.0,1.13,0.5,0.13,0.0,0.125,4.0,0.0,0.0,0.0,0.0,0.0,0.0,0.0,1.0,0.0,0.0,0.0,0.13,0.0,0.0,0.0,0.0,,671:00,0.0,0.0,0.0,,,,,,,,,,,,,,,,,,,,,,0.6700415500995689,1511,85
2026-27,wsoc,Empire 8 (E8),e8,Utica,"Smith, Kadence",Kadence,Smith,,733,"Smith, Kadence","SMITH,KADENCE",Utica,UTC,1010-7294,9,9,28,0,28,0.0,0.0,4.0,4.0,1.0,1.0,0.0,0.0,0.0,0.44,0.44,0.11,0.0,0.111,4.0,0.0,0.0,0.0,0.0,0.0,0.0,0.0,3.0,0.0,0.0,0.0,0.33,0.0,0.0,0.0,0.0,,671:00,0.0,0.0,0.0,,,,,,,,,,,,,,,,,,,,,,0.6700415500995689,1525,85
2026-27,wsoc,Empire 8 (E8),e8,Brockport,"Barnhart, Elyssa",Elyssa,Barnhart,,78,"Barnhart, Elyssa","BARNHART,ELYSSA",Brockport,BRO,652-7893,9,7,19,0,19,0.0,0.0,2.0,3.0,2.0,0.0,1.0,0.0,0.0,0.33,0.22,0.22,0.111,0.0,1.0,1.0,0.0,0.0,0.0,1.0,0.0,0.0,4.0,0.0,0.0,0.0,0.44,0.0,0.0,0.0,0.0,,547:00,0.0,0.0,0.0,,,,,,,,,,,,,,,,,,,,,,0.6046868296184941,1542,85
2026-27,wsoc,Empire 8 (E8),e8,St. John Fisher,"Conklin, Gianna",Gianna,Conklin,,601,"Conklin, Gianna","CONKLIN,GIANNA",St. John Fisher,SJF,1009-6599,8,3,22,0,22,0.0,0.0,2.0,6.0,2.0,0.0,1.0,0.0,0.0,0.75,0.25,0.25,0.125,0.0,1.0,0.0,0.0,0.0,0.0,1.0,0.0,0.0,1.0,0.0,0.0,0.0,0.13,0.0,0.0,0.0,0.0,,297:00,0.0,0.0,0.0,,,,,,,,,,,,,,,,,,,,,,0.6046868296184941,1563,85
2026-27,wsoc,Empire 8 (E8),e8,Utica,"Ferguson, Samantha",Samantha,Ferguson,,733,"Ferguson, Samantha","FERGUSON,SAMANTHA",Utica,UTC,1010-7293,9,9,5,0,5,0.0,0.0,2.0,2.0,2.0,0.0,1.0,0.0,0.0,0.22,0.22,0.22,0.111,0.0,1.0,0.0,0.0,0.0,0.0,0.0,1.0,0.111,0.0,0.0,0.0,0.0,0.0,0.0,0.0,0.0,0.0,,804:00,0.0,0.0,0.0,,,,,,,,,,,,,,,,,,,,,,0.6046868296184941,1583,85
2026-27,wsoc,Empire 8 (E8),e8,Hartwick,"Gadziala, Marisol",Marisol,Gadziala,,273,"Gadziala, Marisol","GADZIALA,MARISOL",Hartwick,WICK,1005-3639,7,3,10,0,10,0.0,0.0,2.0,3.0,2.0,0.0,1.0,0.0,0.0,0.43,0.29,0.29,0.143,0.0,1.0,0.0,0.0,0.0,1.0,1.0,1.0,0.143,1.0,0.0,0.0,0.0,0.14,0.0,0.0,0.0,0.0,,333:00,0.0,0.0,0.0,,,,,,,,,,,,,,,,,,,,,,0.6046868296184941,1585,85
2026-27,wsoc,Empire 8 (E8),e8,Alfred,"Gorczyca, Liv",Liv,Gorczyca,,18,"Gorczyca, Liv","GORCZYCA,LIV",Alfred,AUS,1003-6483,6,0,9,0,9,0.0,0.0,2.0,3.0,2.0,0.0,1.0,0.0,0.0,0.5,0.33,0.33,0.167,0.0,1.0,0.0,0.0,0.0,0.0,1.0,0.0,0.0,0.0,0.0,0.0,0.0,0.0,0.0,0.0,0.0,0.0,,80:00,0.0,0.0,0.0,,,,,,,,,,,,,,,,,,,,,,0.6046868296184941,1596,85
2026-27,wsoc,Empire 8 (E8),e8,Elmira,"Cruz, Dani",Dani,Cruz,,213,"Cruz, Dani","CRUZ,DANI",Elmira,ELM,1004-2649,8,6,16,0,16,0.0,0.0,3.0,11.0,1.0,1.0,0.0,0.0,0.0,1.38,0.38,0.13,0.0,0.125,3.0,0.0,0.0,0.0,0.0,0.0,0.0,0.0,4.0,0.0,0.0,0.0,0.5,0.0,0.0,0.0,0.0,,434:00,0.0,0.0,0.0,,,,,,,,,,,,,,,,,,,,,,0.5120532098765024,1699,84
2026-27,wsoc,Empire 8 (E8),e8,Alfred,"Gloo, Mara",Mara,Gloo,,18,"Gloo, Mara","GLOO,MARA",Alfred,AUS,1003-6482,9,9,13,0,13,0.0,0.0,3.0,14.0,1.0,1.0,0.0,0.0,0.0,1.56,0.33,0.11,0.0,0.111,3.0,0.0,0.0,0.0,0.0,0.0,0.0,0.0,8.0,0.0,0.0,0.0,0.89,0.0,0.0,0.0,0.0,,725:00,0.0,0.0,0.0,,,,,,,,,,,,,,,,,,,,,,0.5120532098765024,1704,84
2026-27,wsoc,Empire 8 (E8),e8,Russell Sage,Lydia Reimer,Lydia,Reimer,,11036,Lydia Reimer,"REIMER,LYDIA",Russell Sage,RSCWSOC,0,9,9,17,0,17,0.0,0.0,3.0,7.0,1.0,1.0,0.0,0.0,0.0,0.78,0.33,0.11,0.0,0.111,3.0,0.0,0.0,0.0,0.0,0.0,0.0,0.0,3.0,0.0,0.0,0.0,0.33,0.0,0.0,0.0,0.0,,604:00,0.0,0.0,0.0,,,,,,,,,,,,,,,,,,,,,,0.5120532098765024,1720,84
2026-27,wsoc,Empire 8 (E8),e8,St. John Fisher,"Rowe, Carolyn",Carolyn,Rowe,,601,"Rowe, Carolyn","ROWE,CAROLYN",St. John Fisher,SJF,1009-6601,8,8,23,0,23,0.0,0.0,3.0,5.0,1.0,1.0,0.0,0.0,0.0,0.63,0.38,0.13,0.0,0.125,3.0,0.0,0.0,0.0,0.0,0.0,0.0,0.0,2.0,0.0,0.0,0.0,0.25,0.0,0.0,0.0,0.0,,438:00,0.0,0.0,0.0,,,,,,,,,,,,,,,,,,,,,,0.5120532098765024,1730,84
2026-27,wsoc,Empire 8 (E8),e8,Russell Sage,Julianna Shannon,Julianna,Shannon,,11036,Julianna Shannon,"SHANNON,JULIANNA",Russell Sage,RSCWSOC,0,9,6,2,0,2,0.0,0.0,14.0,23.0,0.0,0.0,0.0,0.0,0.0,2.56,1.56,0.0,0.0,0.0,14.0,0.0,0.0,0.0,0.0,0.0,0.0,0.0,7.0,0.0,0.0,0.0,0.78,0.0,0.0,0.0,0.0,,574:00,0.0,0.0,0.0,,,,,,,,,,,,,,,,,,,,,,0.4736492371058785,1745,84
2026-27,wsoc,Empire 8 (E8),e8,Hartwick,"Byron, Calleigh",Calleigh,Byron,,273,"Byron, Calleigh","BYRON,CALLEIGH",Hartwick,WICK,1005-3425,8,0,6,0,6,0.0,0.0,1.0,1.0,2.0,0.0,1.0,0.0,0.0,0.13,0.13,0.25,0.125,0.0,0.0,0.0,0.0,0.0,0.0,0.0,0.0,0.0,4.0,0.0,0.0,0.0,0.5,0.0,0.0,0.0,0.0,,343:00,0.0,0.0,0.0,,,,,,,,,,,,,,,,,,,,,,0.4466984893954275,1771,83
2026-27,wsoc,Empire 8 (E8),e8,St. John Fisher,"Catalano, Gia",Gia,Catalano,,601,"Catalano, Gia","CATALANO,GIA",St. John Fisher,SJF,1009-6921,8,8,13,0,13,0.0,0.0,1.0,1.0,2.0,0.0,1.0,0.0,0.0,0.13,0.13,0.25,0.125,0.0,0.0,0.0,0.0,0.0,0.0,1.0,0.0,0.0,2.0,0.0,0.0,0.0,0.25,0.0,0.0,0.0,0.0,,716:00,0.0,0.0,0.0,,,,,,,,,,,,,,,,,,,,,,0.4466984893954275,1777,83
2026-27,wsoc,Empire 8 (E8),e8,Alfred,"Drake, Angela",Angela,Drake,,18,"Drake, Angela","DRAKE,ANGELA",Alfred,AUS,1003-6481,9,6,11,0,11,0.0,0.0,1.0,1.0,2.0,0.0,1.0,0.0,0.0,0.11,0.11,0.22,0.111,0.0,0.0,0.0,0.0,0.0,1.0,0.0,1.0,0.111,3.0,0.0,0.0,0.0,0.33,0.0,0.0,0.0,0.0,,553:00,0.0,0.0,0.0,,,,,,,,,,,,,,,,,,,,,,0.4466984893954275,1791,83
2026-27,wsoc,Empire 8 (E8),e8,Keuka,"Knapp, Cali",Cali,Knapp,,1159,"Knapp, Cali","KNAPP,CALI",Keuka,KEU,1241-1818,8,1,23,0,23,0.0,0.0,1.0,1.0,2.0,0.0,1.0,0.0,0.0,0.13,0.13,0.25,0.125,0.0,0.0,0.0,0.0,0.0,0.0,0.0,0.0,0.0,2.0,0.0,0.0,0.0,0.25,0.0,0.0,0.0,0.0,,165:00,0.0,0.0,0.0,,,,,,,,,,,,,,,,,,,,,,0.4466984893954275,1833,83
2026-27,wsoc,Empire 8 (E8),e8,Houghton,"O'Connor, Talia",Talia,O'Connor,,30160,"O'Connor, Talia","O'CONNOR,TALIA",Houghton,HOU,702-2076,3,0,31,0,31,0.0,0.0,1.0,1.0,2.0,0.0,1.0,0.0,0.0,0.33,0.33,0.67,0.333,0.0,0.0,0.0,0.0,0.0,1.0,0.0,0.0,0.0,2.0,0.0,0.0,0.0,0.67,0.0,0.0,0.0,0.0,,58:00,0.0,0.0,0.0,,,,,,,,,,,,,,,,,,,,,,0.4466984893954275,1858,83
2026-27,wsoc,Empire 8 (E8),e8,Utica,"Rochefort, Sydney",Sydney,Rochefort,,733,"Rochefort, Sydney","ROCHEFORT,SYDNEY",Utica,UTC,1010-7286,1,0,18,0,18,0.0,0.0,1.0,1.0,2.0,0.0,1.0,0.0,0.0,1.0,1.0,2.0,1.0,0.0,0.0,0.0,0.0,0.0,0.0,0.0,0.0,0.0,0.0,0.0,0.0,0.0,0.0,0.0,0.0,0.0,0.0,,16:00,0.0,0.0,0.0,,,,,,,,,,,,,,,,,,,,,,0.4466984893954275,1867,83
2026-27,wsoc,Empire 8 (E8),e8,Hartwick,"Weber, Ella",Ella,Weber,,273,"Weber, Ella","WEBER,ELLA",Hartwick,WICK,1005-3243,8,2,22,0,22,0.0,0.0,1.0,3.0,2.0,0.0,1.0,0.0,0.0,0.38,0.13,0.25,0.125,0.0,0.0,0.0,0.0,0.0,0.0,1.0,0.0,0.0,2.0,0.0,0.0,0.0,0.25,0.0,0.0,0.0,0.0,,214:00,0.0,0.0,0.0,,,,,,,,,,,,,,,,,,,,,,0.4466984893954275,1885,83
2026-27,wsoc,Empire 8 (E8),e8,Brockport,"Whalen, Madyson",Madyson,Whalen,,78,"Whalen, Madyson","WHALEN,MADYSON",Brockport,BRO,652-7099,5,0,26,0,26,0.0,0.0,1.0,1.0,2.0,0.0,1.0,0.0,0.0,0.2,0.2,0.4,0.2,0.0,0.0,0.0,0.0,0.0,0.0,0.0,0.0,0.0,2.0,0.0,0.0,0.0,0.4,0.0,0.0,0.0,0.0,,49:00,0.0,0.0,0.0,,,,,,,,,,,,,,,,,,,,,,0.4466984893954275,1887,83
2026-27,wsoc,Empire 8 (E8),e8,Houghton,"Armstrong, Cassandra",Cassandra,Armstrong,,30160,"Armstrong, Cassandra","ARMSTRONG,CASSANDRA",Houghton,HOU,702-2073,10,0,15,0,15,0.0,0.0,2.0,4.0,1.0,1.0,0.0,0.0,0.0,0.4,0.2,0.1,0.0,0.1,2.0,0.0,0.0,0.0,0.0,0.0,0.0,0.0,0.0,0.0,0.0,0.0,0.0,0.0,0.0,0.0,0.0,,211:00,0.0,0.0,0.0,,,,,,,,,,,,,,,,,,,,,,0.3540648696534358,1893,83
2026-27,wsoc,Empire 8 (E8),e8,Geneseo,"Brunskill, Sarah",Sarah,Brunskill,,247,"Brunskill, Sarah","BRUNSKILL,SARAH",Geneseo,GEN,1171-2210,6,1,20,0,20,0.0,0.0,2.0,2.0,1.0,1.0,0.0,0.0,0.0,0.33,0.33,0.17,0.0,0.167,2.0,0.0,0.0,0.0,0.0,0.0,0.0,0.0,2.0,0.0,0.0,0.0,0.33,0.0,0.0,0.0,0.0,,148:00,0.0,0.0,0.0,,,,,,,,,,,,,,,,,,,,,,0.3540648696534358,1899,83
2026-27,wsoc,Empire 8 (E8),e8,Poly,"Case, Madison",Madison,Case,,9500,"Case, Madison","CASE,MADISON",Poly,POLY,1192-1814,9,9,19,0,19,0.0,0.0,2.0,2.0,1.0,1.0,0.0,0.0,0.0,0.22,0.22,0.11,0.0,0.111,2.0,0.0,0.0,0.0,0.0,0.0,0.0,0.0,1.0,0.0,0.0,0.0,0.11,0.0,0.0,0.0,0.0,,810:00,0.0,0.0,0.0,,,,,,,,,,,,,,,,,,,,,,0.3540648696534358,1902,83
2026-27,wsoc,Empire 8 (E8),e8,Geneseo,"Dena, Katelyn",Katelyn,Dena,,247,"Dena, Katelyn","DENA,KATELYN",Geneseo,GEN,1171-2211,8,8,26,0,26,0.0,0.0,2.0,2.0,1.0,1.0,0.0,0.0,0.0,0.25,0.25,0.13,0.0,0.125,2.0,0.0,0.0,0.0,0.0,0.0,0.0,0.0,2.0,0.0,0.0,0.0,0.25,0.0,0.0,0.0,0.0,,696:00,0.0,0.0,0.0,,,,,,,,,,,,,,,,,,,,,,0.3540648696534358,1904,83
2026-27,wsoc,Empire 8 (E8),e8,St. John Fisher,"Dorunda, Abby",Abby,Dorunda,,601,"Dorunda, Abby","DORUNDA,ABBY",St. John Fisher,SJF,1009-6121,8,8,20,0,20,0.0,0.0,2.0,3.0,1.0,1.0,0.0,0.0,0.0,0.38,0.25,0.13,0.0,0.125,2.0,0.0,0.0,0.0,0.0,0.0,0.0,0.0,2.0,0.0,1.0,0.0,0.25,0.13,0.0,0.0,0.0,,471:00,0.0,0.0,0.0,,,,,,,,,,,,,,,,,,,,,,0.3540648696534358,1907,83
2026-27,wsoc,Empire 8 (E8),e8,Houghton,"Jackson, Leah",Leah,Jackson,,30160,"Jackson, Leah","JACKSON,LEAH",Houghton,HOU,702-2075,9,1,16,0,16,0.0,0.0,2.0,6.0,1.0,1.0,0.0,0.0,0.0,0.67,0.22,0.11,0.0,0.111,2.0,0.0,0.0,0.0,0.0,0.0,0.0,0.0,2.0,0.0,0.0,0.0,0.22,0.0,0.0,0.0,0.0,,310:00,0.0,0.0,0.0,,,,,,,,,,,,,,,,,,,,,,0.3540648696534358,1934,82
2026-27,wsoc,Empire 8 (E8),e8,Utica,"Panko, Krista",Krista,Panko,,733,"Panko, Krista","PANKO,KRISTA",Utica,UTC,1010-7304,9,9,22,0,22,0.0,0.0,2.0,9.0,1.0,1.0,0.0,0.0,0.0,1.0,0.22,0.11,0.0,0.111,2.0,0.0,0.0,0.0,0.0,0.0,0.0,0.0,7.0,0.0,0.0,0.0,0.78,0.0,0.0,0.0,0.0,,767:00,0.0,0.0,0.0,,,,,,,,,,,,,,,,,,,,,,0.3540648696534358,1955,82
2026-27,wsoc,Empire 8 (E8),e8,Russell Sage,Sofia Sanzo,Sofia,Sanzo,,11036,Sofia Sanzo,"SANZO,SOFIA",Russell Sage,RSCWSOC,0,3,2,4,0,4,0.0,0.0,2.0,8.0,1.0,1.0,0.0,0.0,0.0,2.67,0.67,0.33,0.0,0.333,2.0,0.0,0.0,0.0,0.0,0.0,0.0,0.0,2.0,0.0,0.0,0.0,0.67,0.0,0.0,0.0,0.0,,190:00,0.0,0.0,0.0,,,,,,,,,,,,,,,,,,,,,,0.3540648696534358,1968,82
2026-27,wsoc,Empire 8 (E8),e8,Russell Sage,Mayzie Gibeault,Mayzie,Gibeault,,11036,Mayzie Gibeault,"GIBEAULT,MAYZIE",Russell Sage,RSCWSOC,0,9,9,19,0,19,0.0,0.0,1.0,4.0,1.0,1.0,0.0,0.0,0.0,0.44,0.11,0.11,0.0,0.111,1.0,0.0,0.0,0.0,0.0,0.0,0.0,0.0,1.0,0.0,0.0,0.0,0.11,0.0,0.0,0.0,0.0,,587:00,0.0,0.0,0.0,,,,,,,,,,,,,,,,,,,,,,0.1960765294303693,2063,81
2026-27,wsoc,Empire 8 (E8),e8,St. John Fisher,"Price, Alyssa",Alyssa,Price,,601,"Price, Alyssa","PRICE,ALYSSA",St. John Fisher,SJF,1009-6593,7,0,2,0,2,0.0,0.0,1.0,4.0,1.0,1.0,0.0,0.0,0.0,0.57,0.14,0.14,0.0,0.143,1.0,0.0,0.0,0.0,0.0,0.0,0.0,0.0,1.0,0.0,0.0,0.0,0.14,0.0,0.0,0.0,0.0,,282:00,0.0,0.0,0.0,,,,,,,,,,,,,,,,,,,,,,0.1960765294303693,2084,81
2026-27,wsoc,Empire 8 (E8),e8,Keuka,"Stickler, Kylie",Kylie,Stickler,,1159,"Stickler, Kylie","STICKLER,KYLIE",Keuka,KEU,1241-1822,8,8,27,0,27,0.0,0.0,1.0,1.0,1.0,1.0,0.0,0.0,0.0,0.13,0.13,0.13,0.0,0.125,1.0,0.0,0.0,0.0,0.0,0.0,0.0,0.0,4.0,0.0,0.0,0.0,0.5,0.0,0.0,0.0,0.0,,621:00,0.0,0.0,0.0,,,,,,,,,,,,,,,,,,,,,,0.1960765294303693,2099,81
2026-27,wsoc,Empire 8 (E8),e8,Houghton,"Torppey, Anna",Anna,Torppey,,30160,"Torppey, Anna","TORPPEY,ANNA",Houghton,HOU,702-1857,5,1,22,0,22,0.0,0.0,1.0,1.0,1.0,1.0,0.0,0.0,0.0,0.2,0.2,0.2,0.0,0.2,1.0,0.0,0.0,0.0,0.0,0.0,0.0,0.0,2.0,0.0,0.0,0.0,0.4,0.0,0.0,0.0,0.0,,160:00,0.0,0.0,0.0,,,,,,,,,,,,,,,,,,,,,,0.1960765294303693,2105,81
2026-27,wsoc,Empire 8 (E8),e8,Houghton,"Wertz, Elizabeth",Elizabeth,Wertz,,30160,"Wertz, Elizabeth","WERTZ,ELIZABETH",Houghton,HOU,702-1615,10,10,8,0,8,0.0,0.0,1.0,2.0,1.0,1.0,0.0,0.0,0.0,0.2,0.1,0.1,0.0,0.1,1.0,0.0,0.0,0.0,0.0,0.0,0.0,0.0,3.0,0.0,0.0,0.0,0.3,0.0,0.0,0.0,0.0,,819:00,0.0,0.0,0.0,,,,,,,,,,,,,,,,,,,,,,0.1960765294303693,2111,81
2026-27,wsoc,Empire 8 (E8),e8,Houghton,"Berg, Noah",Noah,Berg,,30160,"Berg, Noah","BERG,NOAH",Houghton,HOU,0,1,0,17,0,17,0.0,0.0,0.0,0.0,1.0,1.0,0.0,0.0,0.0,0.0,0.0,1.0,0.0,1.0,0.0,0.0,0.0,0.0,0.0,0.0,0.0,0.0,0.0,0.0,0.0,0.0,0.0,0.0,0.0,0.0,0.0,,41:00,0.0,0.0,0.0,,,,,,,,,,,,,,,,,,,,,,0.0380881892073028,2133,81
2026-27,wsoc,Empire 8 (E8),e8,St. John Fisher,"Blasz, Devyn",Devyn,Blasz,,601,"Blasz, Devyn","BLASZ,DEVYN",St. John Fisher,SJF,1009-6922,7,0,15,0,15,0.0,0.0,0.0,1.0,1.0,1.0,0.0,0.0,0.0,0.14,0.0,0.14,0.0,0.143,0.0,0.0,0.0,0.0,0.0,0.0,0.0,0.0,0.0,0.0,0.0,0.0,0.0,0.0,0.0,0.0,0.0,,77:00,0.0,0.0,0.0,,,,,,,,,,,,,,,,,,,,,,0.0380881892073028,2137,81
2026-27,wsoc,Empire 8 (E8),e8,Brockport,"Camalleri, Ella",Ella,Camalleri,,78,"Camalleri, Ella","CAMALLERI,ELLA",Brockport,BRO,652-7529,5,5,14,0,14,0.0,0.0,0.0,0.0,1.0,1.0,0.0,0.0,0.0,0.0,0.0,0.2,0.0,0.2,0.0,0.0,0.0,0.0,0.0,0.0,0.0,0.0,2.0,0.0,0.0,0.0,0.4,0.0,0.0,0.0,0.0,,401:00,0.0,0.0,0.0,,,,,,,,,,,,,,,,,,,,,,0.0380881892073028,2143,81
2026-27,wsoc,Empire 8 (E8),e8,Hartwick,"Dempsey, Lily",Lily,Dempsey,,273,"Dempsey, Lily","DEMPSEY,LILY",Hartwick,WICK,1005-3239,8,5,14,0,14,0.0,0.0,0.0,3.0,1.0,1.0,0.0,0.0,0.0,0.38,0.0,0.13,0.0,0.125,0.0,0.0,0.0,0.0,0.0,0.0,0.0,0.0,1.0,0.0,0.0,0.0,0.13,0.0,0.0,0.0,0.0,,344:00,0.0,0.0,0.0,,,,,,,,,,,,,,,,,,,,,,0.0380881892073028,2156,81
2026-27,wsoc,Empire 8 (E8),e8,Nazareth,"McInnes, Lilly",Lilly,McInnes,,461,"McInnes, Lilly","MCINNES,LILLY",Nazareth,NAZ,1007-5348,7,3,3,0,3,0.0,0.0,0.0,2.0,1.0,1.0,0.0,0.0,0.0,0.29,0.0,0.14,0.0,0.143,0.0,0.0,0.0,0.0,0.0,0.0,0.0,0.0,2.0,0.0,0.0,0.0,0.29,0.0,0.0,0.0,0.0,,324:00,0.0,0.0,0.0,,,,,,,,,,,,,,,,,,,,,,0.0380881892073028,2225,80
2026-27,wsoc,Empire 8 (E8),e8,Houghton,"Seeling, Sarah",Sarah,Seeling,,30160,"Seeling, Sarah","SEELING,SARAH",Houghton,HOU,702-1856,9,9,5,0,5,0.0,0.0,0.0,0.0,1.0,1.0,0.0,0.0,0.0,0.0,0.0,0.11,0.0,0.111,0.0,0.0,0.0,0.0,0.0,0.0,0.0,0.0,4.0,0.0,0.0,0.0,0.44,0.0,0.0,0.0,0.0,,753:00,0.0,0.0,0.0,,,,,,,,,,,,,,,,,,,,,,0.0380881892073028,2245,80
2026-27,wsoc,Empire 8 (E8),e8,Houghton,"Templeton, Sophia",Sophia,Templeton,,30160,"Templeton, Sophia","TEMPLETON,SOPHIA",Houghton,HOU,702-1614,10,10,12,0,12,0.0,0.0,0.0,1.0,1.0,1.0,0.0,0.0,0.0,0.1,0.0,0.1,0.0,0.1,0.0,0.0,0.0,0.0,0.0,0.0,0.0,0.0,0.0,0.0,0.0,0.0,0.0,0.0,0.0,0.0,0.0,,471:00,0.0,0.0,0.0,,,,,,,,,,,,,,,,,,,,,,0.0380881892073028,2255,80
2026-27,wsoc,Empire 8 (E8),e8,Houghton,Alexandria Clutz,Alexandria,Clutz,,30160,Alexandria Clutz,"CLUTZ,ALEXANDRIA",Houghton,HOU,0,0,0,9,0,9,,,,,,,,,,,,,,,,,,,,,,,,,,,,,,,,,,,,,,,,,,,,,,,,,,,,,,,,,,0.0,2271,80
2026-27,wsoc,Empire 8 (E8),e8,Russell Sage,Garrett Cobb,Garrett,Cobb,,11036,Garrett Cobb,"COBB,GARRETT",Russell Sage,RSCWSOC,0,0,0,HC,0,HC,,,,,,,,,,,,,,,,,,,,,,,,,,,,,,,,,,,,,,,,,,,,,,,,,,,,,,,,,,0.0,2283,80
2026-27,wsoc,Empire 8 (E8),e8,Utica,Mykah Collier-Fisher,Mykah,Collier-Fisher,,733,Mykah Collier-Fisher,"COLLIER-FISHER,MYKAH",Utica,UTC,0,0,0,24,0,24,,,,,,,,,,,,,,,,,,,,,,,,,,,,,,,,,,,,,,,,,,,,,,,,,,,,,,,,,,0.0,2303,80
2026-27,wsoc,Empire 8 (E8),e8,Utica,Yetneliz Lugo-Mateo,Yetneliz,Lugo-Mateo,,733,Yetneliz Lugo-Mateo,"LUGO-MATEO,YETNELIZ",Utica,UTC,0,0,0,23,0,23,,,,,,,,,,,,,,,,,,,,,,,,,,,,,,,,,,,,,,,,,,,,,,,,,,,,,,,,,,0.0,2311,80
2026-27,wsoc,Empire 8 (E8),e8,Utica,"Bell, Natalia",Natalia,Bell,,733,"Bell, Natalia","BELL,NATALIA",Utica,UTC,1010-6558,9,9,12,0,12,0.0,0.0,11.0,14.0,0.0,0.0,0.0,0.0,0.0,1.56,1.22,0.0,0.0,0.0,11.0,0.0,0.0,0.0,0.0,0.0,0.0,0.0,2.0,0.0,0.0,0.0,0.22,0.0,0.0,0.0,0.0,,701:00,0.0,0.0,0.0,,,,,,,,,,,,,,,,,,,,,,-0.0003157835633211,2312,80
2026-27,wsoc,Empire 8 (E8),e8,Poly,"Unebasami, Rylee",Rylee,Unebasami,,9500,"Unebasami, Rylee","UNEBASAMI,RYLEE",Poly,POLY,1192-1471,8,8,21,0,21,0.0,0.0,3.0,6.0,2.0,0.0,1.0,0.0,0.0,0.75,0.38,0.25,0.125,0.0,2.0,0.0,0.0,0.0,0.0,0.0,0.0,0.0,2.0,0.0,1.0,0.0,0.25,0.13,0.0,0.0,0.0,,708:00,0.0,0.0,0.0,27.0,0.0,1,0.0,0.0,0.7,4.22,7.0,3.0,64:21,1.0,1.0,0.38,0.7,0.0,0.88,,,,,,-0.0006366639226625,2315,80
2026-27,wsoc,Empire 8 (E8),e8,Nazareth,"Aurrecoechea, Sophia",Sophia,Aurrecoechea,,461,"Aurrecoechea, Sophia","AURRECOECHEA,SOPHIA",Nazareth,NAZ,1007-5088,1,0,0,0,0,0.0,0.0,0.0,0.0,0.0,0.0,0.0,0.0,0.0,0.0,0.0,0.0,0.0,0.0,0.0,0.0,0.0,0.0,0.0,0.0,0.0,0.0,0.0,0.0,0.0,0.0,0.0,0.0,0.0,0.0,0.0,,23:00,0.0,0.0,0.0,2.0,0.0,0,0.0,0.0,1.0,0.0,1.0,0.0,23:39,0.0,1.0,0.0,1.0,0.0,1.0,,,,,,-0.2081900468016585,2324,80
2026-27,wsoc,Empire 8 (E8),e8,Elmira,"Cobos, Scarlett",Scarlett,Cobos,,213,"Cobos, Scarlett","COBOS,SCARLETT",Elmira,ELM,1004-2651,2,2,49,0,49,0.0,0.0,0.0,0.0,0.0,0.0,0.0,0.0,0.0,0.0,0.0,0.0,0.0,0.0,0.0,0.0,0.0,0.0,0.0,0.0,0.0,0.0,0.0,0.0,0.0,0.0,0.0,0.0,0.0,0.0,0.0,,135:00,0.0,0.0,0.0,20.0,0.0,0,1.0,1.0,1.0,0.0,13.0,0.0,135:00,2.0,2.0,0.0,1.0,0.5,6.5,,,,,,-0.2081900468016585,2331,80
2026-27,wsoc,Empire 8 (E8),e8,Keuka,"Green, Lily",Lily,Green,,1159,"Green, Lily","GREEN,LILY",Keuka,KEU,1241-1975,2,1,33,0,33,0.0,0.0,0.0,0.0,0.0,0.0,0.0,0.0,0.0,0.0,0.0,0.0,0.0,0.0,0.0,0.0,0.0,0.0,0.0,0.0,0.0,0.0,0.0,0.0,0.0,0.0,0.0,0.0,0.0,0.0,0.0,,135:00,0.0,0.0,0.0,6.0,0.0,0,1.0,1.0,1.0,0.0,2.0,0.0,135:00,1.0,2.0,0.0,1.0,0.5,1.0,,,,,,-0.2081900468016585,2349,80
2026-27,wsoc,Empire 8 (E8),e8,Utica,"Needham-Potts, Chloe",Chloe,Needham-Potts,,733,"Needham-Potts, Chloe","NEEDHAM-POTTS,CHLOE",Utica,UTC,1010-7310,2,1,99,0,99,0.0,0.0,0.0,0.0,0.0,0.0,0.0,0.0,0.0,0.0,0.0,0.0,0.0,0.0,0.0,0.0,0.0,0.0,0.0,0.0,0.0,0.0,0.0,0.0,0.0,0.0,0.0,0.0,0.0,0.0,0.0,,54:00,0.0,0.0,0.0,1.0,0.0,0,1.0,0.0,1.0,0.0,1.0,0.0,54:48,1.0,2.0,0.0,1.0,0.0,0.5,,,,,,-0.2081900468016585,2364,79
2026-27,wsoc,Empire 8 (E8),e8,Geneseo,"McGee, Emily",Emily,McGee,,247,"McGee, Emily","MCGEE,EMILY",Geneseo,GEN,1171-2658,5,3,22,0,22,0.0,0.0,9.0,17.0,0.0,0.0,0.0,0.0,0.0,3.4,1.8,0.0,0.0,0.0,9.0,0.0,0.0,0.0,0.0,0.0,0.0,0.0,2.0,0.0,0.0,0.0,0.4,0.0,0.0,0.0,0.0,,280:00,0.0,0.0,0.0,,,,,,,,,,,,,,,,,,,,,,-0.3162924640094542,2382,79
2026-27,wsoc,Empire 8 (E8),e8,Alfred,"Khuns, Sidney",Sidney,Khuns,,18,"Khuns, Sidney","KHUNS,SIDNEY",Alfred,AUS,1003-4809,9,9,10,0,10,0.0,0.0,7.0,22.0,0.0,0.0,0.0,0.0,0.0,2.44,0.78,0.0,0.0,0.0,7.0,0.0,0.0,0.0,0.0,0.0,0.0,0.0,4.0,0.0,0.0,0.0,0.44,0.0,0.0,0.0,0.0,,810:00,0.0,0.0,0.0,,,,,,,,,,,,,,,,,,,,,,-0.6322691444555874,2410,79
2026-27,wsoc,Empire 8 (E8),e8,Russell Sage,"Fogarty, Emma",Emma,Fogarty,,11036,"Fogarty, Emma","FOGARTY,EMMA",Russell Sage,RSCWSOC,0,2,1,0,0,0,0.0,0.0,0.0,0.0,0.0,0.0,0.0,0.0,0.0,0.0,0.0,0.0,0.0,0.0,0.0,0.0,0.0,0.0,0.0,0.0,0.0,0.0,0.0,0.0,0.0,0.0,0.0,0.0,0.0,0.0,0.0,,89:00,0.0,0.0,0.0,23.0,0.0,0,0.0,0.0,0.917,1.0,11.0,1.0,90:00,1.0,2.0,0.5,0.917,0.0,5.5,,,,,,-0.7884047996625361,2442,79
2026-27,wsoc,Empire 8 (E8),e8,Utica,"Weatherred, Kyler",Kyler,Weatherred,,733,"Weatherred, Kyler","WEATHERRED,KYLER",Utica,UTC,0,1,1,98,0,98,0.0,0.0,0.0,0.0,0.0,0.0,0.0,0.0,0.0,0.0,0.0,0.0,0.0,0.0,0.0,0.0,0.0,0.0,0.0,0.0,0.0,0.0,0.0,0.0,0.0,0.0,0.0,0.0,0.0,0.0,0.0,,90:00,0.0,0.0,0.0,19.0,2.0,0,0.0,0.0,0.889,1.0,8.0,1.0,90:00,1.0,1.0,1.0,0.889,0.0,8.0,,,,,,-0.8748654927507183,2472,79
2026-27,wsoc,Empire 8 (E8),e8,Nazareth,"Walls, Katriana",Katriana,Walls,,461,"Walls, Katriana","WALLS,KATRIANA",Nazareth,NAZ,1007-4855,7,7,1,0,1,0.0,0.0,0.0,0.0,0.0,0.0,0.0,0.0,0.0,0.0,0.0,0.0,0.0,0.0,0.0,0.0,0.0,0.0,0.0,0.0,0.0,0.0,0.0,0.0,0.0,0.0,0.0,0.0,0.0,0.0,0.0,,598:00,0.0,0.0,0.0,48.0,1.0,2,4.0,2.0,0.826,0.6,19.0,4.0,597:02,7.0,7.0,0.57,0.826,0.286,2.71,,,,,,-0.9398338300021928,2480,79
2026-27,wsoc,Empire 8 (E8),e8,Russell Sage,Dos santos Emma,Dos santos,Emma,,11036,Dos santos Emma,"SANTOS,EMMA DOS",Russell Sage,RSCWSOC,0,9,3,22,0,22,0.0,0.0,5.0,8.0,0.0,0.0,0.0,0.0,0.0,0.89,0.56,0.0,0.0,0.0,5.0,0.0,0.0,0.0,0.0,0.0,0.0,0.0,3.0,0.0,0.0,0.0,0.33,0.0,0.0,0.0,0.0,,357:00,0.0,0.0,0.0,,,,,,,,,,,,,,,,,,,,,,-0.9482458249017204,2491,79
2026-27,wsoc,Empire 8 (E8),e8,Utica,"Duro, Emily",Emily,Duro,,733,"Duro, Emily","DURO,EMILY",Utica,UTC,1010-7007,7,7,1,0,1,0.0,0.0,0.0,0.0,0.0,0.0,0.0,0.0,0.0,0.0,0.0,0.0,0.0,0.0,0.0,0.0,0.0,0.0,0.0,0.0,0.0,0.0,0.0,0.0,0.0,0.0,0.0,0.0,0.0,0.0,0.0,,621:00,0.0,0.0,0.0,70.0,3.0,2,2.0,3.0,0.833,0.73,25.0,5.0,620:12,7.0,7.0,0.71,0.833,0.429,3.57,,,,,,-0.9603283289441512,2517,78
2026-27,wsoc,Empire 8 (E8),e8,Nazareth,"Barlow, Paige",Paige,Barlow,,461,"Barlow, Paige","BARLOW,PAIGE",Nazareth,NAZ,1007-4846,7,1,9,0,9,0.0,0.0,4.0,7.0,0.0,0.0,0.0,0.0,0.0,1.0,0.57,0.0,0.0,0.0,4.0,0.0,0.0,0.0,0.0,0.0,0.0,0.0,3.0,0.0,0.0,0.0,0.43,0.0,0.0,0.0,0.0,,283:00,0.0,0.0,0.0,,,,,,,,,,,,,,,,,,,,,,-1.106234165124787,2560,78
2026-27,wsoc,Empire 8 (E8),e8,Elmira,"Drake, Kylie",Kylie,Drake,,213,"Drake, Kylie","DRAKE,KYLIE",Elmira,ELM,1004-2818,8,0,24,0,24,0.0,0.0,4.0,7.0,0.0,0.0,0.0,0.0,0.0,0.88,0.5,0.0,0.0,0.0,4.0,0.0,0.0,0.0,0.0,0.0,0.0,0.0,1.0,0.0,0.0,0.0,0.13,0.0,0.0,0.0,0.0,,337:00,0.0,0.0,0.0,,,,,,,,,,,,,,,,,,,,,,-1.106234165124787,2571,78
2026-27,wsoc,Empire 8 (E8),e8,Geneseo,"Engle, Grace",Grace,Engle,,247,"Engle, Grace","ENGLE,GRACE",Geneseo,GEN,1171-2205,8,8,7,0,7,0.0,0.0,4.0,9.0,0.0,0.0,0.0,0.0,0.0,1.13,0.5,0.0,0.0,0.0,4.0,0.0,0.0,0.0,0.0,0.0,0.0,0.0,3.0,0.0,0.0,0.0,0.38,0.0,0.0,0.0,0.0,,662:00,0.0,0.0,0.0,,,,,,,,,,,,,,,,,,,,,,-1.106234165124787,2574,78
2026-27,wsoc,Empire 8 (E8),e8,Hartwick,"Farnham, Olivia",Olivia,Farnham,,273,"Farnham, Olivia","FARNHAM,OLIVIA",Hartwick,WICK,1005-3240,8,8,18,0,18,0.0,0.0,4.0,5.0,0.0,0.0,0.0,0.0,0.0,0.63,0.5,0.0,0.0,0.0,4.0,0.0,0.0,0.0,0.0,0.0,0.0,0.0,3.0,0.0,1.0,0.0,0.38,0.13,0.0,0.0,0.0,,630:00,0.0,0.0,0.0,,,,,,,,,,,,,,,,,,,,,,-1.106234165124787,2577,78
2026-27,wsoc,Empire 8 (E8),e8,Geneseo,"Shepherd, Kirsten",Kirsten,Shepherd,,247,"Shepherd, Kirsten","SHEPHERD,KIRSTEN",Geneseo,GEN,1171-2412,8,3,17,0,17,0.0,0.0,4.0,6.0,0.0,0.0,0.0,0.0,0.0,0.75,0.5,0.0,0.0,0.0,4.0,0.0,0.0,0.0,0.0,0.0,0.0,0.0,7.0,0.0,0.0,0.0,0.88,0.0,0.0,0.0,0.0,,245:00,0.0,0.0,0.0,,,,,,,,,,,,,,,,,,,,,,-1.106234165124787,2601,78
2026-27,wsoc,Empire 8 (E8),e8,Houghton,"Short, Olivia",Olivia,Short,,30160,"Short, Olivia","SHORT,OLIVIA",Houghton,HOU,702-2078,8,8,00,0,00,0.0,0.0,0.0,0.0,0.0,0.0,0.0,0.0,0.0,0.0,0.0,0.0,0.0,0.0,0.0,0.0,0.0,0.0,0.0,0.0,0.0,0.0,0.0,0.0,0.0,0.0,0.0,0.0,0.0,0.0,0.0,,674:00,0.0,0.0,0.0,67.0,0.0,3,5.0,3.0,0.806,0.93,29.0,7.0,675:00,8.0,8.0,0.88,0.806,0.375,3.63,,,,,,-1.1084852512347942,2608,78
2026-27,wsoc,Empire 8 (E8),e8,Brockport,"Childs, Cameryn",Cameryn,Childs,,78,"Childs, Cameryn","CHILDS,CAMERYN",Brockport,BRO,652-7887,4,2,00,0,00,0.0,0.0,0.0,0.0,0.0,0.0,0.0,0.0,0.0,0.0,0.0,0.0,0.0,0.0,0.0,0.0,0.0,0.0,0.0,0.0,0.0,0.0,0.0,0.0,0.0,0.0,0.0,0.0,0.0,0.0,0.0,,220:00,0.0,0.0,0.0,25.0,1.0,0,1.0,1.0,0.813,1.22,13.0,3.0,221:01,2.0,4.0,0.75,0.813,0.25,3.25,,,,,,-1.1808070390555272,2622,78
2026-27,wsoc,Empire 8 (E8),e8,Geneseo,"McLouth, Emily",Emily,McLouth,,247,"McLouth, Emily","MCLOUTH,EMILY",Geneseo,GEN,1171-2202,8,8,1,0,1,0.0,0.0,0.0,0.0,0.0,0.0,0.0,0.0,0.0,0.0,0.0,0.0,0.0,0.0,0.0,0.0,0.0,0.0,0.0,0.0,0.0,0.0,0.0,0.0,0.0,0.0,0.0,0.0,0.0,0.0,0.0,,634:00,0.0,0.0,0.0,58.0,3.0,1,3.0,2.0,0.76,0.85,19.0,6.0,633:16,8.0,8.0,0.75,0.76,0.25,2.38,,,,,,-1.2246141740117065,2632,78
2026-27,wsoc,Empire 8 (E8),e8,Brockport,"McCane, Emily",Emily,McCane,,78,"McCane, Emily","MCCANE,EMILY",Brockport,BRO,652-7106,7,7,1,0,1,0.0,0.0,0.0,0.0,0.0,0.0,0.0,0.0,0.0,0.0,0.0,0.0,0.0,0.0,0.0,0.0,0.0,0.0,0.0,0.0,0.0,0.0,0.0,0.0,0.0,0.0,0.0,0.0,0.0,0.0,0.0,,590:00,0.0,0.0,0.0,48.0,1.0,1,5.0,2.0,0.795,1.22,31.0,8.0,588:59,7.0,7.0,1.14,0.795,0.286,4.43,,,,,,-1.236388913183644,2635,78
2026-27,wsoc,Empire 8 (E8),e8,St. John Fisher,"Ayers, Isabella",Isabella,Ayers,,601,"Ayers, Isabella","AYERS,ISABELLA",St. John Fisher,SJF,1009-6591,8,8,0,0,0,0.0,0.0,0.0,0.0,0.0,0.0,0.0,0.0,0.0,0.0,0.0,0.0,0.0,0.0,0.0,0.0,0.0,0.0,0.0,0.0,0.0,0.0,0.0,0.0,0.0,0.0,0.0,0.0,0.0,0.0,0.0,,720:00,0.0,0.0,0.0,52.0,0.0,1,7.0,4.0,0.759,0.88,22.0,7.0,720:00,8.0,8.0,0.88,0.759,0.5,2.75,,,,,,-1.237419672572483,2637,78
2026-27,wsoc,Empire 8 (E8),e8,Geneseo,"Chupick, Carly",Carly,Chupick,,247,"Chupick, Carly","CHUPICK,CARLY",Geneseo,GEN,1171-2209,8,8,15,0,15,0.0,0.0,3.0,3.0,0.0,0.0,0.0,0.0,0.0,0.38,0.38,0.0,0.0,0.0,3.0,0.0,0.0,0.0,0.0,0.0,0.0,0.0,1.0,0.0,0.0,0.0,0.13,0.0,0.0,0.0,0.0,,665:00,0.0,0.0,0.0,,,,,,,,,,,,,,,,,,,,,,-1.2642225053478533,2657,78
2026-27,wsoc,Empire 8 (E8),e8,Nazareth,"Furbeck, Brynn",Brynn,Furbeck,,461,"Furbeck, Brynn","FURBECK,BRYNN",Nazareth,NAZ,1007-4663,7,7,22,0,22,0.0,0.0,3.0,12.0,0.0,0.0,0.0,0.0,0.0,1.71,0.43,0.0,0.0,0.0,3.0,0.0,0.0,0.0,0.0,0.0,0.0,0.0,2.0,0.0,0.0,0.0,0.29,0.0,0.0,0.0,0.0,,404:00,0.0,0.0,0.0,,,,,,,,,,,,,,,,,,,,,,-1.2642225053478533,2680,77
2026-27,wsoc,Empire 8 (E8),e8,Brockport,"Gifford, Dinah",Dinah,Gifford,,78,"Gifford, Dinah","GIFFORD,DINAH",Brockport,BRO,652-7526,8,8,17,0,17,0.0,0.0,3.0,9.0,0.0,0.0,0.0,0.0,0.0,1.13,0.38,0.0,0.0,0.0,3.0,0.0,0.0,0.0,0.0,0.0,0.0,0.0,4.0,0.0,1.0,0.0,0.5,0.13,0.0,0.0,0.0,,503:00,0.0,0.0,0.0,,,,,,,,,,,,,,,,,,,,,,-1.2642225053478533,2688,77
2026-27,wsoc,Empire 8 (E8),e8,Hartwick,"Landry, Dahlia",Dahlia,Landry,,273,"Landry, Dahlia","LANDRY,DAHLIA",Hartwick,WICK,1005-3064,3,3,8,0,8,0.0,0.0,3.0,5.0,0.0,0.0,0.0,0.0,0.0,1.67,1.0,0.0,0.0,0.0,3.0,0.0,0.0,0.0,0.0,0.0,0.0,0.0,1.0,0.0,0.0,0.0,0.33,0.0,0.0,0.0,0.0,,185:00,0.0,0.0,0.0,,,,,,,,,,,,,,,,,,,,,,-1.2642225053478533,2708,77
2026-27,wsoc,Empire 8 (E8),e8,Nazareth,"Perez, Mikayla",Mikayla,Perez,,461,"Perez, Mikayla","PEREZ,MIKAYLA",Nazareth,NAZ,1007-5092,6,6,12,0,12,0.0,0.0,3.0,6.0,0.0,0.0,0.0,0.0,0.0,1.0,0.5,0.0,0.0,0.0,3.0,0.0,0.0,0.0,0.0,0.0,0.0,0.0,2.0,0.0,1.0,0.0,0.33,0.17,0.0,0.0,0.0,,372:00,0.0,0.0,0.0,,,,,,,,,,,,,,,,,,,,,,-1.2642225053478533,2734,77
2026-27,wsoc,Empire 8 (E8),e8,Alfred,"Wolf, Zoey",Zoey,Wolf,,18,"Wolf, Zoey","WOLF,ZOEY",Alfred,AUS,1003-6061,9,9,2,0,2,0.0,0.0,3.0,5.0,0.0,0.0,0.0,0.0,0.0,0.56,0.33,0.0,0.0,0.0,3.0,0.0,0.0,0.0,0.0,0.0,0.0,0.0,4.0,0.0,0.0,0.0,0.44,0.0,0.0,0.0,0.0,,673:00,0.0,0.0,0.0,,,,,,,,,,,,,,,,,,,,,,-1.2642225053478533,2763,77
2026-27,wsoc,Empire 8 (E8),e8,Russell Sage,Isabella Clute,Isabella,Clute,,11036,Isabella Clute,"CLUTE,ISABELLA",Russell Sage,RSCWSOC,0,2,0,00,0,00,0.0,0.0,0.0,0.0,0.0,0.0,0.0,0.0,0.0,0.0,0.0,0.0,0.0,0.0,0.0,0.0,0.0,0.0,0.0,0.0,0.0,0.0,0.0,0.0,0.0,0.0,0.0,0.0,0.0,0.0,0.0,,90:00,0.0,0.0,0.0,6.0,1.0,0,0.0,1.0,0.75,1.0,3.0,1.0,90:00,0.0,2.0,0.5,0.75,0.5,1.5,,,,,,-1.3040810762956223,2781,77
2026-27,wsoc,Empire 8 (E8),e8,Poly,"Barrett, Samantha",Samantha,Barrett,,9500,"Barrett, Samantha","BARRETT,SAMANTHA",Poly,POLY,1192-1469,8,6,6,0,6,0.0,0.0,2.0,4.0,0.0,0.0,0.0,0.0,0.0,0.5,0.25,0.0,0.0,0.0,2.0,0.0,0.0,0.0,0.0,0.0,0.0,0.0,1.0,0.0,0.0,0.0,0.13,0.0,0.0,0.0,0.0,,377:00,0.0,0.0,0.0,,,,,,,,,,,,,,,,,,,,,,-1.42221084557092,2829,76
2026-27,wsoc,Empire 8 (E8),e8,Brockport,"Closson, Marisa",Marisa,Closson,,78,"Closson, Marisa","CLOSSON,MARISA",Brockport,BRO,652-7527,5,0,30,0,30,0.0,0.0,2.0,2.0,0.0,0.0,0.0,0.0,0.0,0.4,0.4,0.0,0.0,0.0,2.0,0.0,0.0,0.0,0.0,0.0,0.0,0.0,0.0,0.0,0.0,0.0,0.0,0.0,0.0,0.0,0.0,,138:00,0.0,0.0,0.0,,,,,,,,,,,,,,,,,,,,,,-1.42221084557092,2853,76
2026-27,wsoc,Empire 8 (E8),e8,Utica,"Colier-Fisher, Mykah",Mykah,Colier-Fisher,,733,"Colier-Fisher, Mykah","COLIER-FISHER,MYKAH",Utica,UTC,1010-8015,7,0,24,0,24,0.0,0.0,2.0,4.0,0.0,0.0,0.0,0.0,0.0,0.57,0.29,0.0,0.0,0.0,2.0,0.0,0.0,0.0,0.0,0.0,0.0,0.0,1.0,0.0,0.0,0.0,0.14,0.0,0.0,0.0,0.0,,126:00,0.0,0.0,0.0,,,,,,,,,,,,,,,,,,,,,,-1.42221084557092,2854,76
2026-27,wsoc,Empire 8 (E8),e8,Nazareth,"Furbeck, Amelia",Amelia,Furbeck,,461,"Furbeck, Amelia","FURBECK,AMELIA",Nazareth,NAZ,1007-5351,3,0,21,0,21,0.0,0.0,2.0,2.0,0.0,0.0,0.0,0.0,0.0,0.67,0.67,0.0,0.0,0.0,2.0,0.0,0.0,0.0,0.0,0.0,0.0,0.0,1.0,0.0,0.0,0.0,0.33,0.0,0.0,0.0,0.0,,56:00,0.0,0.0,0.0,,,,,,,,,,,,,,,,,,,,,,-1.42221084557092,2881,76
2026-27,wsoc,Empire 8 (E8),e8,Nazareth,"Gentile, Paige",Paige,Gentile,,461,"Gentile, Paige","GENTILE,PAIGE",Nazareth,NAZ,1007-4664,4,0,6,0,6,0.0,0.0,2.0,2.0,0.0,0.0,0.0,0.0,0.0,0.5,0.5,0.0,0.0,0.0,2.0,0.0,0.0,0.0,0.0,0.0,0.0,0.0,1.0,0.0,0.0,0.0,0.25,0.0,0.0,0.0,0.0,,78:00,0.0,0.0,0.0,,,,,,,,,,,,,,,,,,,,,,-1.42221084557092,2885,76
2026-27,wsoc,Empire 8 (E8),e8,Russell Sage,Gracie Drenth,Gracie,Drenth,,11036,Gracie Drenth,"DRENTH,GRACIE",Russell Sage,RSCWSOC,0,1,1,11,0,11,0.0,0.0,2.0,2.0,0.0,0.0,0.0,0.0,0.0,2.0,2.0,0.0,0.0,0.0,2.0,0.0,0.0,0.0,0.0,0.0,0.0,0.0,0.0,0.0,0.0,0.0,0.0,0.0,0.0,0.0,0.0,,76:00,0.0,0.0,0.0,,,,,,,,,,,,,,,,,,,,,,-1.42221084557092,2897,76
2026-27,wsoc,Empire 8 (E8),e8,Nazareth,"Griffin, Lea",Lea,Griffin,,461,"Griffin, Lea","GRIFFIN,LEA",Nazareth,NAZ,1007-4666,7,0,4,0,4,0.0,0.0,2.0,5.0,0.0,0.0,0.0,0.0,0.0,0.71,0.29,0.0,0.0,0.0,2.0,0.0,0.0,0.0,0.0,0.0,0.0,0.0,1.0,0.0,0.0,0.0,0.14,0.0,0.0,0.0,0.0,,214:00,0.0,0.0,0.0,,,,,,,,,,,,,,,,,,,,,,-1.42221084557092,2899,76
2026-27,wsoc,Empire 8 (E8),e8,Alfred,"Petrizzo, Aviana",Aviana,Petrizzo,,18,"Petrizzo, Aviana","PETRIZZO,AVIANA",Alfred,AUS,1003-6486,9,9,18,0,18,0.0,0.0,2.0,7.0,0.0,0.0,0.0,0.0,0.0,0.78,0.22,0.0,0.0,0.0,2.0,0.0,0.0,0.0,0.0,0.0,0.0,0.0,2.0,0.0,0.0,0.0,0.22,0.0,0.0,0.0,0.0,,408:00,0.0,0.0,0.0,,,,,,,,,,,,,,,,,,,,,,-1.42221084557092,2984,75
2026-27,wsoc,Empire 8 (E8),e8,Brockport,"Starrow, Sofia",Sofia,Starrow,,78,"Starrow, Sofia","STARROW,SOFIA",Brockport,BRO,652-7888,9,0,2,0,2,0.0,0.0,2.0,3.0,0.0,0.0,0.0,0.0,0.0,0.33,0.22,0.0,0.0,0.0,2.0,0.0,0.0,0.0,0.0,0.0,0.0,0.0,2.0,0.0,0.0,0.0,0.22,0.0,0.0,0.0,0.0,,304:00,0.0,0.0,0.0,,,,,,,,,,,,,,,,,,,,,,-1.42221084557092,3033,75
2026-27,wsoc,Empire 8 (E8),e8,Brockport,"Torriani, Chiara",Chiara,Torriani,,78,"Torriani, Chiara","TORRIANI,CHIARA",Brockport,BRO,652-7096,7,0,27,0,27,0.0,0.0,2.0,2.0,0.0,0.0,0.0,0.0,0.0,0.29,0.29,0.0,0.0,0.0,2.0,0.0,0.0,0.0,0.0,0.0,0.0,0.0,1.0,0.0,0.0,0.0,0.14,0.0,0.0,0.0,0.0,,259:00,0.0,0.0,0.0,,,,,,,,,,,,,,,,,,,,,,-1.42221084557092,3043,75
2026-27,wsoc,Empire 8 (E8),e8,Geneseo,"Woolingham, Claire",Claire,Woolingham,,247,"Woolingham, Claire","WOOLINGHAM,CLAIRE",Geneseo,GEN,1171-2409,8,7,2,0,2,0.0,0.0,2.0,3.0,0.0,0.0,0.0,0.0,0.0,0.38,0.25,0.0,0.0,0.0,2.0,0.0,0.0,0.0,0.0,0.0,0.0,0.0,1.0,0.0,0.0,0.0,0.13,0.0,0.0,0.0,0.0,,590:00,0.0,0.0,0.0,,,,,,,,,,,,,,,,,,,,,,-1.42221084557092,3057,75
2026-27,wsoc,Empire 8 (E8),e8,Russell Sage,Hailey Blake,Hailey,Blake,,11036,Hailey Blake,"BLAKE,HAILEY",Russell Sage,RSCWSOC,0,8,8,1,0,1,0.0,0.0,0.0,0.0,0.0,0.0,0.0,0.0,0.0,0.0,0.0,0.0,0.0,0.0,0.0,0.0,0.0,0.0,0.0,0.0,0.0,0.0,0.0,0.0,0.0,0.0,0.0,0.0,0.0,0.0,0.0,,630:00,0.0,0.0,0.0,53.0,0.0,3,5.0,4.0,0.724,1.14,21.0,8.0,630:00,8.0,8.0,1.0,0.724,0.5,2.63,,,,,,-1.4297148833607187,3061,75
2026-27,wsoc,Empire 8 (E8),e8,Alfred,"Mott, Lauren",Lauren,Mott,,18,"Mott, Lauren","MOTT,LAUREN",Alfred,AUS,1003-5826,9,9,0,0,0,0.0,0.0,0.0,0.0,0.0,0.0,0.0,0.0,0.0,0.0,0.0,0.0,0.0,0.0,0.0,0.0,0.0,0.0,0.0,0.0,0.0,0.0,1.0,0.0,0.0,0.0,0.11,0.0,0.0,0.0,0.0,,789:00,0.0,0.0,0.0,120.0,3.0,4,1.0,3.0,0.795,1.83,62.0,16.0,789:30,9.0,9.0,1.78,0.795,0.333,6.89,,,,,,-1.43398045203397,3062,75
2026-27,wsoc,Empire 8 (E8),e8,Hartwick,"Bollen, Kelsey",Kelsey,Bollen,,273,"Bollen, Kelsey","BOLLEN,KELSEY",Hartwick,WICK,1005-3635,8,8,0,0,0,0.0,0.0,0.0,0.0,0.0,0.0,0.0,0.0,0.0,0.0,0.0,0.0,0.0,0.0,0.0,0.0,0.0,0.0,0.0,0.0,0.0,0.0,0.0,0.0,0.0,0.0,0.0,0.0,0.0,0.0,0.0,,629:00,0.0,0.0,0.0,65.0,2.0,4,1.0,3.0,0.737,1.43,28.0,10.0,630:00,8.0,8.0,1.25,0.737,0.375,3.5,,,,,,-1.4835093798054122,3074,75
2026-27,wsoc,Empire 8 (E8),e8,Poly,"Arduini, Brooke",Brooke,Arduini,,9500,"Arduini, Brooke","ARDUINI,BROOKE",Poly,POLY,1192-1808,9,2,4,0,4,0.0,0.0,1.0,5.0,0.0,0.0,0.0,0.0,0.0,0.56,0.11,0.0,0.0,0.0,1.0,0.0,0.0,0.0,0.0,0.0,0.0,0.0,2.0,0.0,0.0,0.0,0.22,0.0,0.0,0.0,0.0,,358:00,0.0,0.0,0.0,,,,,,,,,,,,,,,,,,,,,,-1.5801991857939863,3123,74
2026-27,wsoc,Empire 8 (E8),e8,Alfred,"Bates, Amber",Amber,Bates,,18,"Bates, Amber","BATES,AMBER",Alfred,AUS,1003-5822,9,9,14,0,14,0.0,0.0,1.0,1.0,0.0,0.0,0.0,0.0,0.0,0.11,0.11,0.0,0.0,0.0,1.0,0.0,0.0,0.0,0.0,0.0,0.0,0.0,3.0,0.0,0.0,0.0,0.33,0.0,0.0,0.0,0.0,,781:00,1.0,0.0,0.0,,,,,,,,,,,,,,,,,,,,,,-1.5801991857939863,3148,74
2026-27,wsoc,Empire 8 (E8),e8,Utica,"Clark, Ariana",Ariana,Clark,,733,"Clark, Ariana","CLARK,ARIANA",Utica,UTC,1010-8001,6,0,29,0,29,0.0,0.0,1.0,1.0,0.0,0.0,0.0,0.0,0.0,0.17,0.17,0.0,0.0,0.0,1.0,0.0,0.0,0.0,0.0,0.0,0.0,0.0,1.0,0.0,0.0,0.0,0.17,0.0,0.0,0.0,0.0,,121:00,0.0,0.0,0.0,,,,,,,,,,,,,,,,,,,,,,-1.5801991857939863,3223,74
2026-27,wsoc,Empire 8 (E8),e8,Houghton,"Clutz, Alexandra",Alexandra,Clutz,,30160,"Clutz, Alexandra","CLUTZ,ALEXANDRA",Houghton,HOU,702-2074,3,1,9,0,9,0.0,0.0,1.0,2.0,0.0,0.0,0.0,0.0,0.0,0.67,0.33,0.0,0.0,0.0,1.0,0.0,0.0,0.0,0.0,0.0,0.0,0.0,1.0,0.0,0.0,0.0,0.33,0.0,0.0,0.0,0.0,,91:00,0.0,0.0,0.0,,,,,,,,,,,,,,,,,,,,,,-1.5801991857939863,3227,74
2026-27,wsoc,Empire 8 (E8),e8,Geneseo,"DeNisco, Samantha",Samantha,DeNisco,,247,"DeNisco, Samantha","DENISCO,SAMANTHA",Geneseo,GEN,1171-2653,8,1,9,0,9,0.0,0.0,1.0,5.0,0.0,0.0,0.0,0.0,0.0,0.63,0.13,0.0,0.0,0.0,1.0,0.0,0.0,0.0,0.0,0.0,0.0,0.0,2.0,0.0,1.0,0.0,0.25,0.13,0.0,0.0,0.0,,185:00,0.0,0.0,0.0,,,,,,,,,,,,,,,,,,,,,,-1.5801991857939863,3257,74
2026-27,wsoc,Empire 8 (E8),e8,Alfred,"Dickson, Lydia",Lydia,Dickson,,18,"Dickson, Lydia","DICKSON,LYDIA",Alfred,AUS,1003-6049,8,0,16,0,16,0.0,0.0,1.0,1.0,0.0,0.0,0.0,0.0,0.0,0.13,0.13,0.0,0.0,0.0,1.0,0.0,0.0,0.0,0.0,0.0,0.0,0.0,0.0,0.0,0.0,0.0,0.0,0.0,0.0,0.0,0.0,,106:00,0.0,0.0,0.0,,,,,,,,,,,,,,,,,,,,,,-1.5801991857939863,3266,74
2026-27,wsoc,Empire 8 (E8),e8,Russell Sage,Emma Stoebling,Emma,Stoebling,,11036,Emma Stoebling,"STOEBLING,EMMA",Russell Sage,RSCWSOC,0,7,0,24,0,24,0.0,0.0,1.0,1.0,0.0,0.0,0.0,0.0,0.0,0.14,0.14,0.0,0.0,0.0,1.0,0.0,0.0,0.0,0.0,0.0,0.0,0.0,0.0,0.0,0.0,0.0,0.0,0.0,0.0,0.0,0.0,,160:00,0.0,0.0,0.0,,,,,,,,,,,,,,,,,,,,,,-1.5801991857939863,3295,73
2026-27,wsoc,Empire 8 (E8),e8,Russell Sage,Gioia Archina,Gioia,Archina,,11036,Gioia Archina,"ARCHINA,GIOIA",Russell Sage,RSCWSOC,0,9,9,9,0,9,0.0,0.0,1.0,1.0,0.0,0.0,0.0,0.0,0.0,0.11,0.11,0.0,0.0,0.0,1.0,0.0,0.0,0.0,0.0,0.0,0.0,0.0,2.0,0.0,0.0,0.0,0.22,0.0,0.0,0.0,0.0,,737:00,0.0,0.0,0.0,,,,,,,,,,,,,,,,,,,,,,-1.5801991857939863,3342,73
2026-27,wsoc,Empire 8 (E8),e8,Hartwick,"Groff, Reilly",Reilly,Groff,,273,"Groff, Reilly","GROFF,REILLY",Hartwick,WICK,1005-3061,8,0,4,0,4,0.0,0.0,1.0,2.0,0.0,0.0,0.0,0.0,0.0,0.25,0.13,0.0,0.0,0.0,1.0,0.0,0.0,0.0,0.0,0.0,0.0,0.0,0.0,0.0,0.0,0.0,0.0,0.0,0.0,0.0,0.0,,169:00,0.0,0.0,0.0,,,,,,,,,,,,,,,,,,,,,,-1.5801991857939863,3356,73
2026-27,wsoc,Empire 8 (E8),e8,Russell Sage,"Hagadorn, Jillian",Jillian,Hagadorn,,11036,"Hagadorn, Jillian","HAGADORN,JILLIAN",Russell Sage,RSCWSOC,0,2,0,7,0,7,0.0,0.0,1.0,1.0,0.0,0.0,0.0,0.0,0.0,0.5,0.5,0.0,0.0,0.0,1.0,0.0,0.0,0.0,0.0,0.0,0.0,0.0,0.0,0.0,0.0,0.0,0.0,0.0,0.0,0.0,0.0,,29:00,0.0,0.0,0.0,,,,,,,,,,,,,,,,,,,,,,-1.5801991857939863,3362,73
2026-27,wsoc,Empire 8 (E8),e8,St. John Fisher,"Heim, Mattie",Mattie,Heim,,601,"Heim, Mattie","HEIM,MATTIE",St. John Fisher,SJF,1009-5945,6,0,21,0,21,0.0,0.0,1.0,3.0,0.0,0.0,0.0,0.0,0.0,0.5,0.17,0.0,0.0,0.0,1.0,0.0,0.0,0.0,0.0,0.0,0.0,0.0,1.0,0.0,0.0,0.0,0.17,0.0,0.0,0.0,0.0,,92:00,0.0,0.0,0.0,,,,,,,,,,,,,,,,,,,,,,-1.5801991857939863,3380,73
2026-27,wsoc,Empire 8 (E8),e8,St. John Fisher,"Keating, Kiersten",Kiersten,Keating,,601,"Keating, Kiersten","KEATING,KIERSTEN",St. John Fisher,SJF,1009-6920,8,2,8,0,8,0.0,0.0,1.0,1.0,0.0,0.0,0.0,0.0,0.0,0.13,0.13,0.0,0.0,0.0,1.0,0.0,0.0,0.0,0.0,0.0,0.0,0.0,0.0,0.0,0.0,0.0,0.0,0.0,0.0,0.0,0.0,,300:00,0.0,0.0,0.0,,,,,,,,,,,,,,,,,,,,,,-1.5801991857939863,3425,72
2026-27,wsoc,Empire 8 (E8),e8,Alfred,"Klotz, Emily",Emily,Klotz,,18,"Klotz, Emily","KLOTZ,EMILY",Alfred,AUS,1003-5824,7,0,5,0,5,0.0,0.0,1.0,1.0,0.0,0.0,0.0,0.0,0.0,0.14,0.14,0.0,0.0,0.0,1.0,0.0,0.0,0.0,0.0,0.0,0.0,0.0,0.0,0.0,0.0,0.0,0.0,0.0,0.0,0.0,0.0,,90:00,0.0,0.0,0.0,,,,,,,,,,,,,,,,,,,,,,-1.5801991857939863,3437,72
2026-27,wsoc,Empire 8 (E8),e8,Houghton,"Krum, Jenika",Jenika,Krum,,30160,"Krum, Jenika","KRUM,JENIKA",Houghton,HOU,702-1725,10,10,18,0,18,0.0,0.0,1.0,2.0,0.0,0.0,0.0,0.0,0.0,0.2,0.1,0.0,0.0,0.0,1.0,0.0,0.0,0.0,0.0,0.0,0.0,0.0,1.0,0.0,0.0,0.0,0.1,0.0,0.0,0.0,0.0,,828:00,0.0,0.0,0.0,,,,,,,,,,,,,,,,,,,,,,-1.5801991857939863,3449,72
2026-27,wsoc,Empire 8 (E8),e8,St. John Fisher,"Land, Makayla",Makayla,Land,,601,"Land, Makayla","LAND,MAKAYLA",St. John Fisher,SJF,1009-6925,8,8,19,0,19,0.0,0.0,1.0,2.0,0.0,0.0,0.0,0.0,0.0,0.25,0.13,0.0,0.0,0.0,1.0,0.0,0.0,0.0,0.0,0.0,0.0,0.0,2.0,0.0,0.0,0.0,0.25,0.0,0.0,0.0,0.0,,705:00,0.0,0.0,0.0,,,,,,,,,,,,,,,,,,,,,,-1.5801991857939863,3457,72
2026-27,wsoc,Empire 8 (E8),e8,Elmira,"Lewis, Rhyan",Rhyan,Lewis,,213,"Lewis, Rhyan","LEWIS,RHYAN",Elmira,ELM,1004-2650,7,0,31,0,31,0.0,0.0,1.0,1.0,0.0,0.0,0.0,0.0,0.0,0.14,0.14,0.0,0.0,0.0,1.0,0.0,0.0,0.0,0.0,0.0,0.0,0.0,1.0,0.0,0.0,0.0,0.14,0.0,0.0,0.0,0.0,,274:00,0.0,0.0,0.0,,,,,,,,,,,,,,,,,,,,,,-1.5801991857939863,3472,72
2026-27,wsoc,Empire 8 (E8),e8,Alfred,"Lynch, Sierra",Sierra,Lynch,,18,"Lynch, Sierra","LYNCH,SIERRA",Alfred,AUS,1003-6484,6,0,12,0,12,0.0,0.0,1.0,1.0,0.0,0.0,0.0,0.0,0.0,0.17,0.17,0.0,0.0,0.0,1.0,0.0,0.0,0.0,0.0,0.0,0.0,0.0,0.0,0.0,0.0,0.0,0.0,0.0,0.0,0.0,0.0,,85:00,0.0,0.0,0.0,,,,,,,,,,,,,,,,,,,,,,-1.5801991857939863,3491,72
2026-27,wsoc,Empire 8 (E8),e8,Hartwick,"Moore, Sara",Sara,Moore,,273,"Moore, Sara","MOORE,SARA",Hartwick,WICK,1005-3430,8,8,17,0,17,0.0,0.0,1.0,2.0,0.0,0.0,0.0,0.0,0.0,0.25,0.13,0.0,0.0,0.0,1.0,0.0,0.0,0.0,0.0,0.0,0.0,0.0,3.0,0.0,0.0,0.0,0.38,0.0,0.0,0.0,0.0,,438:00,0.0,0.0,0.0,,,,,,,,,,,,,,,,,,,,,,-1.5801991857939863,3540,72
2026-27,wsoc,Empire 8 (E8),e8,Brockport,"Nelson, Emma",Emma,Nelson,,78,"Nelson, Emma","NELSON,EMMA",Brockport,BRO,652-8405,3,0,8,0,8,0.0,0.0,1.0,1.0,0.0,0.0,0.0,0.0,0.0,0.33,0.33,0.0,0.0,0.0,1.0,0.0,0.0,0.0,0.0,0.0,0.0,0.0,0.0,0.0,0.0,0.0,0.0,0.0,0.0,0.0,0.0,,17:00,0.0,0.0,0.0,,,,,,,,,,,,,,,,,,,,,,-1.5801991857939863,3557,72
2026-27,wsoc,Empire 8 (E8),e8,Nazareth,"Raap, Mackenzie",Mackenzie,Raap,,461,"Raap, Mackenzie","RAAP,MACKENZIE",Nazareth,NAZ,1007-5355,4,0,23,0,23,0.0,0.0,1.0,1.0,0.0,0.0,0.0,0.0,0.0,0.25,0.25,0.0,0.0,0.0,1.0,0.0,0.0,0.0,0.0,0.0,0.0,0.0,2.0,0.0,0.0,0.0,0.5,0.0,0.0,0.0,0.0,,56:00,0.0,0.0,0.0,,,,,,,,,,,,,,,,,,,,,,-1.5801991857939863,3599,71
2026-27,wsoc,Empire 8 (E8),e8,St. John Fisher,"Rascoe, Emma",Emma,Rascoe,,601,"Rascoe, Emma","RASCOE,EMMA",St. John Fisher,SJF,1009-6915,2,0,3,0,3,0.0,0.0,1.0,1.0,0.0,0.0,0.0,0.0,0.0,0.5,0.5,0.0,0.0,0.0,1.0,0.0,0.0,0.0,0.0,0.0,0.0,0.0,0.0,0.0,0.0,0.0,0.0,0.0,0.0,0.0,0.0,,54:00,0.0,0.0,0.0,,,,,,,,,,,,,,,,,,,,,,-1.5801991857939863,3602,71
2026-27,wsoc,Empire 8 (E8),e8,Russell Sage,Samantha Fogarty,Samantha,Fogarty,,11036,Samantha Fogarty,"FOGARTY,SAMANTHA",Russell Sage,RSCWSOC,0,9,8,23,0,23,0.0,0.0,1.0,1.0,0.0,0.0,0.0,0.0,0.0,0.11,0.11,0.0,0.0,0.0,1.0,0.0,0.0,0.0,0.0,0.0,0.0,0.0,1.0,0.0,0.0,0.0,0.11,0.0,0.0,0.0,0.0,,639:00,0.0,0.0,0.0,,,,,,,,,,,,,,,,,,,,,,-1.5801991857939863,3644,71
2026-27,wsoc,Empire 8 (E8),e8,Elmira,"Seiler, Emily",Emily,Seiler,,213,"Seiler, Emily","SEILER,EMILY",Elmira,ELM,1004-2462,6,1,13,0,13,0.0,0.0,1.0,1.0,0.0,0.0,0.0,0.0,0.0,0.17,0.17,0.0,0.0,0.0,1.0,0.0,0.0,0.0,0.0,0.0,0.0,0.0,1.0,0.0,0.0,0.0,0.17,0.0,0.0,0.0,0.0,,128:00,0.0,0.0,0.0,,,,,,,,,,,,,,,,,,,,,,-1.5801991857939863,3664,71
2026-27,wsoc,Empire 8 (E8),e8,Keuka,"Sisson, Emma",Emma,Sisson,,1159,"Sisson, Emma","SISSON,EMMA",Keuka,KEU,1241-1721,8,8,24,0,24,0.0,0.0,1.0,1.0,0.0,0.0,0.0,0.0,0.0,0.13,0.13,0.0,0.0,0.0,1.0,0.0,0.0,0.0,0.0,0.0,0.0,0.0,1.0,0.0,0.0,0.0,0.13,0.0,0.0,0.0,0.0,,720:00,0.0,0.0,0.0,,,,,,,,,,,,,,,,,,,,,,-1.5801991857939863,3678,71
2026-27,wsoc,Empire 8 (E8),e8,Nazareth,"Smithers, Caitlyn",Caitlyn,Smithers,,461,"Smithers, Caitlyn","SMITHERS,CAITLYN",Nazareth,NAZ,1007-4673,7,7,13,0,13,0.0,0.0,1.0,1.0,0.0,0.0,0.0,0.0,0.0,0.14,0.14,0.0,0.0,0.0,1.0,0.0,0.0,0.0,0.0,0.0,0.0,0.0,2.0,0.0,1.0,0.0,0.29,0.14,0.0,0.0,0.0,,551:00,0.0,0.0,0.0,,,,,,,,,,,,,,,,,,,,,,-1.5801991857939863,3691,71
2026-27,wsoc,Empire 8 (E8),e8,Nazareth,"Szeflinski, Morgan",Morgan,Szeflinski,,461,"Szeflinski, Morgan","SZEFLINSKI,MORGAN",Nazareth,NAZ,1007-4675,5,0,11,0,11,0.0,0.0,1.0,1.0,0.0,0.0,0.0,0.0,0.0,0.2,0.2,0.0,0.0,0.0,1.0,0.0,0.0,0.0,0.0,0.0,0.0,0.0,0.0,0.0,0.0,0.0,0.0,0.0,0.0,0.0,0.0,,117:00,0.0,0.0,0.0,,,,,,,,,,,,,,,,,,,,,,-1.5801991857939863,3714,71
2026-27,wsoc,Empire 8 (E8),e8,Elmira,"Toher, Courtney",Courtney,Toher,,213,"Toher, Courtney","TOHER,COURTNEY",Elmira,ELM,1004-2457,7,7,6,0,6,0.0,0.0,1.0,1.0,0.0,0.0,0.0,0.0,0.0,0.14,0.14,0.0,0.0,0.0,1.0,0.0,0.0,0.0,0.0,0.0,0.0,0.0,2.0,0.0,0.0,0.0,0.29,0.0,0.0,0.0,0.0,,570:00,0.0,0.0,0.0,,,,,,,,,,,,,,,,,,,,,,-1.5801991857939863,3726,71
2026-27,wsoc,Empire 8 (E8),e8,Nazareth,"Wilson, Chenin",Chenin,Wilson,,461,"Wilson, Chenin","WILSON,CHENIN",Nazareth,NAZ,1007-5350,6,0,19,0,19,0.0,0.0,1.0,2.0,0.0,0.0,0.0,0.0,0.0,0.33,0.17,0.0,0.0,0.0,1.0,0.0,0.0,0.0,0.0,0.0,0.0,0.0,7.0,0.0,1.0,0.0,1.17,0.17,0.0,0.0,0.0,,215:00,0.0,0.0,0.0,,,,,,,,,,,,,,,,,,,,,,-1.5801991857939863,3760,70
2026-27,wsoc,Empire 8 (E8),e8,Russell Sage,Yorgia Schattmann,Yorgia,Schattmann,,11036,Yorgia Schattmann,"SCHATTMANN,YORGIA",Russell Sage,RSCWSOC,0,2,0,30,0,30,0.0,0.0,1.0,1.0,0.0,0.0,0.0,0.0,0.0,0.5,0.5,0.0,0.0,0.0,1.0,0.0,0.0,0.0,0.0,0.0,0.0,0.0,0.0,0.0,0.0,0.0,0.0,0.0,0.0,0.0,0.0,,58:00,0.0,0.0,0.0,,,,,,,,,,,,,,,,,,,,,,-1.5801991857939863,3771,70
2026-27,wsoc,Empire 8 (E8),e8,Poly,"Blackwell, Skylar",Skylar,Blackwell,,9500,"Blackwell, Skylar","BLACKWELL,SKYLAR",Poly,POLY,1192-1806,9,8,00,0,00,0.0,0.0,0.0,0.0,0.0,0.0,0.0,0.0,0.0,0.0,0.0,0.0,0.0,0.0,0.0,0.0,0.0,0.0,0.0,0.0,0.0,0.0,1.0,0.0,0.0,0.0,0.11,0.0,0.0,0.0,0.0,,745:00,0.0,0.0,0.0,187.0,1.0,4,3.0,3.0,0.787,2.3,70.0,19.0,745:39,8.0,9.0,2.11,0.787,0.333,7.78,,,,,,-1.610926168283421,3781,70
2026-27,wsoc,Empire 8 (E8),e8,Geneseo,"Aliperti, Charlotte",Charlotte,Aliperti,,247,"Aliperti, Charlotte","ALIPERTI,CHARLOTTE",Geneseo,GEN,1171-2838,2,0,28,0,28,0.0,0.0,0.0,1.0,0.0,0.0,0.0,0.0,0.0,0.5,0.0,0.0,0.0,0.0,0.0,0.0,0.0,0.0,0.0,0.0,0.0,0.0,0.0,0.0,0.0,0.0,0.0,0.0,0.0,0.0,0.0,,23:00,0.0,0.0,0.0,,,,,,,,,,,,,,,,,,,,,,-1.738187526017053,3854,70
2026-27,wsoc,Empire 8 (E8),e8,St. John Fisher,"Amidon, Logan",Logan,Amidon,,601,"Amidon, Logan","AMIDON,LOGAN",St. John Fisher,SJF,1009-5939,0,0,00,0,00,0.0,0.0,0.0,0.0,0.0,0.0,0.0,0.0,0.0,0.0,0.0,0.0,0.0,0.0,0.0,0.0,0.0,0.0,0.0,0.0,0.0,0.0,0.0,0.0,0.0,0.0,0.0,0.0,0.0,0.0,0.0,,00:00,0.0,0.0,0.0,,,,,,,,,,,,,,,,,,,,,,-1.738187526017053,3882,69
2026-27,wsoc,Empire 8 (E8),e8,Houghton,"Andersen, Heidi",Heidi,Andersen,,30160,"Andersen, Heidi","ANDERSEN,HEIDI",Houghton,HOU,702-1721,2,1,28,0,28,0.0,0.0,0.0,1.0,0.0,0.0,0.0,0.0,0.0,0.5,0.0,0.0,0.0,0.0,0.0,0.0,0.0,0.0,0.0,0.0,0.0,0.0,1.0,0.0,0.0,0.0,0.5,0.0,0.0,0.0,0.0,,43:00,0.0,0.0,0.0,,,,,,,,,,,,,,,,,,,,,,-1.738187526017053,3887,69
2026-27,wsoc,Empire 8 (E8),e8,Nazareth,"Andrews, Emma",Emma,Andrews,,461,"Andrews, Emma","ANDREWS,EMMA",Nazareth,NAZ,1007-5339,0,0,25,0,25,0.0,0.0,0.0,0.0,0.0,0.0,0.0,0.0,0.0,0.0,0.0,0.0,0.0,0.0,0.0,0.0,0.0,0.0,0.0,0.0,0.0,0.0,0.0,0.0,0.0,0.0,0.0,0.0,0.0,0.0,0.0,,00:00,0.0,0.0,0.0,,,,,,,,,,,,,,,,,,,,,,-1.738187526017053,3894,69
2026-27,wsoc,Empire 8 (E8),e8,Russell Sage,Anna West,Anna,West,,11036,Anna West,"WEST,ANNA",Russell Sage,RSCWSOC,0,9,3,3,0,3,0.0,0.0,0.0,1.0,0.0,0.0,0.0,0.0,0.0,0.11,0.0,0.0,0.0,0.0,0.0,0.0,0.0,0.0,0.0,0.0,0.0,0.0,0.0,0.0,0.0,0.0,0.0,0.0,0.0,0.0,0.0,,384:00,0.0,0.0,0.0,,,,,,,,,,,,,,,,,,,,,,-1.738187526017053,3899,69
2026-27,wsoc,Empire 8 (E8),e8,Russell Sage,Ashlyn Fish,Ashlyn,Fish,,11036,Ashlyn Fish,"FISH,ASHLYN",Russell Sage,RSCWSOC,0,0,0,10,0,10,0.0,0.0,0.0,0.0,0.0,0.0,0.0,0.0,0.0,0.0,0.0,0.0,0.0,0.0,0.0,0.0,0.0,0.0,0.0,0.0,0.0,0.0,0.0,0.0,0.0,0.0,0.0,0.0,0.0,0.0,0.0,,00:00,0.0,0.0,0.0,,,,,,,,,,,,,,,,,,,,,,-1.738187526017053,3912,69
2026-27,wsoc,Empire 8 (E8),e8,Russell Sage,Ava Parisi,Ava,Parisi,,11036,Ava Parisi,"PARISI,AVA",Russell Sage,RSCWSOC,0,3,0,18,0,18,0.0,0.0,0.0,0.0,0.0,0.0,0.0,0.0,0.0,0.0,0.0,0.0,0.0,0.0,0.0,0.0,0.0,0.0,0.0,0.0,0.0,0.0,0.0,0.0,0.0,0.0,0.0,0.0,0.0,0.0,0.0,,76:00,0.0,0.0,0.0,,,,,,,,,,,,,,,,,,,,,,-1.738187526017053,3929,69
2026-27,wsoc,Empire 8 (E8),e8,Elmira,"Babar, Haylee",Haylee,Babar,,213,"Babar, Haylee","BABAR,HAYLEE",Elmira,ELM,1004-2646,2,0,9,0,9,0.0,0.0,0.0,0.0,0.0,0.0,0.0,0.0,0.0,0.0,0.0,0.0,0.0,0.0,0.0,0.0,0.0,0.0,0.0,0.0,0.0,0.0,0.0,0.0,0.0,0.0,0.0,0.0,0.0,0.0,0.0,,17:00,0.0,0.0,0.0,,,,,,,,,,,,,,,,,,,,,,-1.738187526017053,3944,69
2026-27,wsoc,Empire 8 (E8),e8,Houghton,"Bailey, Isaac",Isaac,Bailey,,30160,"Bailey, Isaac","BAILEY,ISAAC",Houghton,HOU,0,0,0,26,0,26,0.0,0.0,0.0,0.0,0.0,0.0,0.0,0.0,0.0,0.0,0.0,0.0,0.0,0.0,0.0,0.0,0.0,0.0,0.0,0.0,0.0,0.0,0.0,0.0,0.0,0.0,0.0,0.0,0.0,0.0,0.0,,00:00,0.0,0.0,0.0,,,,,,,,,,,,,,,,,,,,,,-1.738187526017053,3953,69
2026-27,wsoc,Empire 8 (E8),e8,Russell Sage,"Baker, Isla",Isla,Baker,,11036,"Baker, Isla","BAKER,ISLA",Russell Sage,RSCWSOC,0,0,0,28,0,28,0.0,0.0,0.0,0.0,0.0,0.0,0.0,0.0,0.0,0.0,0.0,0.0,0.0,0.0,0.0,0.0,0.0,0.0,0.0,0.0,0.0,0.0,0.0,0.0,0.0,0.0,0.0,0.0,0.0,0.0,0.0,,00:00,0.0,0.0,0.0,,,,,,,,,,,,,,,,,,,,,,-1.738187526017053,3956,69
2026-27,wsoc,Empire 8 (E8),e8,Hartwick,"Barreiro, Alexis",Alexis,Barreiro,,273,"Barreiro, Alexis","BARREIRO,ALEXIS",Hartwick,WICK,1005-3068,0,0,24,0,24,0.0,0.0,0.0,0.0,0.0,0.0,0.0,0.0,0.0,0.0,0.0,0.0,0.0,0.0,0.0,0.0,0.0,0.0,0.0,0.0,0.0,0.0,0.0,0.0,0.0,0.0,0.0,0.0,0.0,0.0,0.0,,00:00,0.0,0.0,0.0,,,,,,,,,,,,,,,,,,,,,,-1.738187526017053,3983,69
2026-27,wsoc,Empire 8 (E8),e8,Utica,"Barron, Hailey",Hailey,Barron,,733,"Barron, Hailey","BARRON,HAILEY",Utica,UTC,1010-7386,1,0,20,0,20,0.0,0.0,0.0,0.0,0.0,0.0,0.0,0.0,0.0,0.0,0.0,0.0,0.0,0.0,0.0,0.0,0.0,0.0,0.0,0.0,0.0,0.0,0.0,0.0,0.0,0.0,0.0,0.0,0.0,0.0,0.0,,05:00,0.0,0.0,0.0,,,,,,,,,,,,,,,,,,,,,,-1.738187526017053,3986,69
2026-27,wsoc,Empire 8 (E8),e8,Keuka,"Bernard, Avery",Avery,Bernard,,1159,"Bernard, Avery","BERNARD,AVERY",Keuka,KEU,1241-1854,8,8,25,0,25,0.0,0.0,0.0,0.0,0.0,0.0,0.0,0.0,0.0,0.0,0.0,0.0,0.0,0.0,0.0,0.0,0.0,0.0,0.0,0.0,0.0,0.0,2.0,0.0,0.0,0.0,0.25,0.0,0.0,0.0,0.0,,710:00,0.0,0.0,0.0,,,,,,,,,,,,,,,,,,,,,,-1.738187526017053,4026,69
2026-27,wsoc,Empire 8 (E8),e8,Elmira,"Bickham, Renee",Renee,Bickham,,213,"Bickham, Renee","BICKHAM,RENEE",Elmira,ELM,1004-2314,8,8,3,0,3,0.0,0.0,0.0,0.0,0.0,0.0,0.0,0.0,0.0,0.0,0.0,0.0,0.0,0.0,0.0,0.0,0.0,0.0,0.0,0.0,0.0,0.0,3.0,0.0,0.0,0.0,0.38,0.0,0.0,0.0,0.0,,643:00,0.0,0.0,0.0,,,,,,,,,,,,,,,,,,,,,,-1.738187526017053,4034,68
2026-27,wsoc,Empire 8 (E8),e8,Brockport,"Bieger, Mackenzie",Mackenzie,Bieger,,78,"Bieger, Mackenzie","BIEGER,MACKENZIE",Brockport,BRO,652-7101,2,0,34,0,34,0.0,0.0,0.0,0.0,0.0,0.0,0.0,0.0,0.0,0.0,0.0,0.0,0.0,0.0,0.0,0.0,0.0,0.0,0.0,0.0,0.0,0.0,0.0,0.0,0.0,0.0,0.0,0.0,0.0,0.0,0.0,,40:00,0.0,0.0,0.0,,,,,,,,,,,,,,,,,,,,,,-1.738187526017053,4035,68
2026-27,wsoc,Empire 8 (E8),e8,Nazareth,"Bouquard, Margret",Margret,Bouquard,,461,"Bouquard, Margret","BOUQUARD,MARGRET",Nazareth,NAZ,1007-5122,1,0,31,0,31,0.0,0.0,0.0,1.0,0.0,0.0,0.0,0.0,0.0,1.0,0.0,0.0,0.0,0.0,0.0,0.0,0.0,0.0,0.0,0.0,0.0,0.0,0.0,0.0,0.0,0.0,0.0,0.0,0.0,0.0,0.0,,09:00,0.0,0.0,0.0,,,,,,,,,,,,,,,,,,,,,,-1.738187526017053,4079,68
2026-27,wsoc,Empire 8 (E8),e8,Russell Sage,"Boyer, Stephanie",Stephanie,Boyer,,11036,"Boyer, Stephanie","BOYER,STEPHANIE",Russell Sage,RSCWSOC,0,4,0,21,0,21,0.0,0.0,0.0,0.0,0.0,0.0,0.0,0.0,0.0,0.0,0.0,0.0,0.0,0.0,0.0,0.0,0.0,0.0,0.0,0.0,0.0,0.0,0.0,0.0,0.0,0.0,0.0,0.0,0.0,0.0,0.0,,39:00,0.0,0.0,0.0,,,,,,,,,,,,,,,,,,,,,,-1.738187526017053,4092,68
2026-27,wsoc,Empire 8 (E8),e8,Hartwick,"Caldon, Millie",Millie,Caldon,,273,"Caldon, Millie","CALDON,MILLIE",Hartwick,WICK,1005-3238,0,0,34,0,34,0.0,0.0,0.0,0.0,0.0,0.0,0.0,0.0,0.0,0.0,0.0,0.0,0.0,0.0,0.0,0.0,0.0,0.0,0.0,0.0,0.0,0.0,0.0,0.0,0.0,0.0,0.0,0.0,0.0,0.0,0.0,,00:00,0.0,0.0,0.0,,,,,,,,,,,,,,,,,,,,,,-1.738187526017053,4175,68
2026-27,wsoc,Empire 8 (E8),e8,Brockport,"Canzoneri, Ada",Ada,Canzoneri,,78,"Canzoneri, Ada","CANZONERI,ADA",Brockport,BRO,652-7895,0,0,36,0,36,0.0,0.0,0.0,0.0,0.0,0.0,0.0,0.0,0.0,0.0,0.0,0.0,0.0,0.0,0.0,0.0,0.0,0.0,0.0,0.0,0.0,0.0,0.0,0.0,0.0,0.0,0.0,0.0,0.0,0.0,0.0,,00:00,0.0,0.0,0.0,,,,,,,,,,,,,,,,,,,,,,-1.738187526017053,4194,67
2026-27,wsoc,Empire 8 (E8),e8,Geneseo,"Carlson, Natalia",Natalia,Carlson,,247,"Carlson, Natalia","CARLSON,NATALIA",Geneseo,GEN,1171-2652,3,0,27,0,27,0.0,0.0,0.0,1.0,0.0,0.0,0.0,0.0,0.0,0.33,0.0,0.0,0.0,0.0,0.0,0.0,0.0,0.0,0.0,0.0,0.0,0.0,1.0,0.0,0.0,0.0,0.33,0.0,0.0,0.0,0.0,,51:00,0.0,0.0,0.0,,,,,,,,,,,,,,,,,,,,,,-1.738187526017053,4198,67
2026-27,wsoc,Empire 8 (E8),e8,Poly,"Case, Caitlynn",Caitlynn,Case,,9500,"Case, Caitlynn","CASE,CAITLYNN",Poly,POLY,1192-1811,9,9,11,0,11,0.0,0.0,0.0,1.0,0.0,0.0,0.0,0.0,0.0,0.11,0.0,0.0,0.0,0.0,0.0,0.0,0.0,0.0,0.0,0.0,0.0,0.0,2.0,0.0,0.0,0.0,0.22,0.0,0.0,0.0,0.0,,810:00,0.0,0.0,0.0,,,,,,,,,,,,,,,,,,,,,,-1.738187526017053,4214,67
2026-27,wsoc,Empire 8 (E8),e8,Russell Sage,"Cenname, Ella",Ella,Cenname,,11036,"Cenname, Ella","CENNAME,ELLA",Russell Sage,RSCWSOC,0,2,0,26,0,26,0.0,0.0,0.0,0.0,0.0,0.0,0.0,0.0,0.0,0.0,0.0,0.0,0.0,0.0,0.0,0.0,0.0,0.0,0.0,0.0,0.0,0.0,0.0,0.0,0.0,0.0,0.0,0.0,0.0,0.0,0.0,,48:00,0.0,0.0,0.0,,,,,,,,,,,,,,,,,,,,,,-1.738187526017053,4228,67
2026-27,wsoc,Empire 8 (E8),e8,Brockport,"Champion, Karissa",Karissa,Champion,,78,"Champion, Karissa","CHAMPION,KARISSA",Brockport,BRO,652-7103,0,0,0,0,0,0.0,0.0,0.0,0.0,0.0,0.0,0.0,0.0,0.0,0.0,0.0,0.0,0.0,0.0,0.0,0.0,0.0,0.0,0.0,0.0,0.0,0.0,0.0,0.0,0.0,0.0,0.0,0.0,0.0,0.0,0.0,,00:00,0.0,0.0,0.0,,,,,,,,,,,,,,,,,,,,,,-1.738187526017053,4237,67
2026-27,wsoc,Empire 8 (E8),e8,Elmira,"Chunco, Stephanie",Stephanie,Chunco,,213,"Chunco, Stephanie","CHUNCO,STEPHANIE",Elmira,ELM,1004-2817,2,0,26,0,26,0.0,0.0,0.0,0.0,0.0,0.0,0.0,0.0,0.0,0.0,0.0,0.0,0.0,0.0,0.0,0.0,0.0,0.0,0.0,0.0,0.0,0.0,0.0,0.0,0.0,0.0,0.0,0.0,0.0,0.0,0.0,,83:00,0.0,0.0,0.0,,,,,,,,,,,,,,,,,,,,,,-1.738187526017053,4266,67
2026-27,wsoc,Empire 8 (E8),e8,Brockport,"Contento, Felicity",Felicity,Contento,,78,"Contento, Felicity","CONTENTO,FELICITY",Brockport,BRO,652-7100,4,0,4,0,4,0.0,0.0,0.0,0.0,0.0,0.0,0.0,0.0,0.0,0.0,0.0,0.0,0.0,0.0,0.0,0.0,0.0,0.0,0.0,0.0,0.0,0.0,2.0,0.0,0.0,0.0,0.5,0.0,0.0,0.0,0.0,,61:00,0.0,0.0,0.0,,,,,,,,,,,,,,,,,,,,,,-1.738187526017053,4310,67
2026-27,wsoc,Empire 8 (E8),e8,Utica,"Cordts, Carly",Carly,Cordts,,733,"Cordts, Carly","CORDTS,CARLY",Utica,UTC,1010-6555,3,0,16,0,16,0.0,0.0,0.0,1.0,0.0,0.0,0.0,0.0,0.0,0.33,0.0,0.0,0.0,0.0,0.0,0.0,0.0,0.0,0.0,0.0,0.0,0.0,1.0,0.0,0.0,0.0,0.33,0.0,0.0,0.0,0.0,,63:00,0.0,0.0,0.0,,,,,,,,,,,,,,,,,,,,,,-1.738187526017053,4315,67
2026-27,wsoc,Empire 8 (E8),e8,Houghton,"Cowell, Cora",Cora,Cowell,,30160,"Cowell, Cora","COWELL,CORA",Houghton,HOU,702-1851,2,0,7,0,7,0.0,0.0,0.0,1.0,0.0,0.0,0.0,0.0,0.0,0.5,0.0,0.0,0.0,0.0,0.0,0.0,0.0,0.0,0.0,0.0,0.0,0.0,0.0,0.0,0.0,0.0,0.0,0.0,0.0,0.0,0.0,,36:00,0.0,0.0,0.0,,,,,,,,,,,,,,,,,,,,,,-1.738187526017053,4335,66
2026-27,wsoc,Empire 8 (E8),e8,Nazareth,"Coyle, Maia",Maia,Coyle,,461,"Coyle, Maia","COYLE,MAIA",Nazareth,NAZ,1007-5347,4,0,2,0,2,0.0,0.0,0.0,1.0,0.0,0.0,0.0,0.0,0.0,0.25,0.0,0.0,0.0,0.0,0.0,0.0,0.0,0.0,0.0,0.0,0.0,0.0,1.0,0.0,0.0,0.0,0.25,0.0,0.0,0.0,0.0,,28:00,0.0,0.0,0.0,,,,,,,,,,,,,,,,,,,,,,-1.738187526017053,4342,66
2026-27,wsoc,Empire 8 (E8),e8,Hartwick,"Crisci, Caoimhe",Caoimhe,Crisci,,273,"Crisci, Caoimhe","CRISCI,CAOIMHE",Hartwick,WICK,1005-3633,8,4,28,0,28,0.0,0.0,0.0,0.0,0.0,0.0,0.0,0.0,0.0,0.0,0.0,0.0,0.0,0.0,0.0,0.0,0.0,0.0,0.0,0.0,0.0,0.0,0.0,0.0,0.0,0.0,0.0,0.0,0.0,0.0,0.0,,307:00,0.0,0.0,0.0,,,,,,,,,,,,,,,,,,,,,,-1.738187526017053,4351,66
2026-27,wsoc,Empire 8 (E8),e8,Utica,"Cross, Emma",Emma,Cross,,733,"Cross, Emma","CROSS,EMMA",Utica,UTC,1010-7289,1,0,19,0,19,0.0,0.0,0.0,0.0,0.0,0.0,0.0,0.0,0.0,0.0,0.0,0.0,0.0,0.0,0.0,0.0,0.0,0.0,0.0,0.0,0.0,0.0,0.0,0.0,0.0,0.0,0.0,0.0,0.0,0.0,0.0,,05:00,0.0,0.0,0.0,,,,,,,,,,,,,,,,,,,,,,-1.738187526017053,4359,66
2026-27,wsoc,Empire 8 (E8),e8,Russell Sage,"Crossman, Alexis",Alexis,Crossman,,11036,"Crossman, Alexis","CROSSMAN,ALEXIS",Russell Sage,RSCWSOC,0,0,0,5,0,5,0.0,0.0,0.0,0.0,0.0,0.0,0.0,0.0,0.0,0.0,0.0,0.0,0.0,0.0,0.0,0.0,0.0,0.0,0.0,0.0,0.0,0.0,0.0,0.0,0.0,0.0,0.0,0.0,0.0,0.0,0.0,,00:00,0.0,0.0,0.0,,,,,,,,,,,,,,,,,,,,,,-1.738187526017053,4361,66
2026-27,wsoc,Empire 8 (E8),e8,Russell Sage,"Cruz, Jasa",Jasa,Cruz,,11036,"Cruz, Jasa","CRUZ,JASA",Russell Sage,RSCWSOC,0,0,0,42,0,42,0.0,0.0,0.0,0.0,0.0,0.0,0.0,0.0,0.0,0.0,0.0,0.0,0.0,0.0,0.0,0.0,0.0,0.0,0.0,0.0,0.0,0.0,0.0,0.0,0.0,0.0,0.0,0.0,0.0,0.0,0.0,,00:00,0.0,0.0,0.0,,,,,,,,,,,,,,,,,,,,,,-1.738187526017053,4365,66
2026-27,wsoc,Empire 8 (E8),e8,Hartwick,"Curley, Gabby",Gabby,Curley,,273,"Curley, Gabby","CURLEY,GABBY",Hartwick,WICK,1005-3637,7,0,5,0,5,0.0,0.0,0.0,0.0,0.0,0.0,0.0,0.0,0.0,0.0,0.0,0.0,0.0,0.0,0.0,0.0,0.0,0.0,0.0,0.0,0.0,0.0,1.0,0.0,0.0,0.0,0.14,0.0,0.0,0.0,0.0,,145:00,0.0,0.0,0.0,,,,,,,,,,,,,,,,,,,,,,-1.738187526017053,4374,66
2026-27,wsoc,Empire 8 (E8),e8,Houghton,"Da Costa, Daniel",Daniel,Da Costa,,30160,"Da Costa, Daniel","DA COSTA,DANIEL",Houghton,HOU,0,1,1,23,0,23,0.0,0.0,0.0,0.0,0.0,0.0,0.0,0.0,0.0,0.0,0.0,0.0,0.0,0.0,0.0,0.0,0.0,0.0,0.0,0.0,0.0,0.0,1.0,0.0,0.0,0.0,1.0,0.0,0.0,0.0,0.0,,65:00,0.0,0.0,0.0,,,,,,,,,,,,,,,,,,,,,,-1.738187526017053,4385,66
2026-27,wsoc,Empire 8 (E8),e8,Hartwick,"Datka, Zoe",Zoe,Datka,,273,"Datka, Zoe","DATKA,ZOE",Hartwick,WICK,1005-3642,8,6,25,0,25,0.0,0.0,0.0,0.0,0.0,0.0,0.0,0.0,0.0,0.0,0.0,0.0,0.0,0.0,0.0,0.0,0.0,0.0,0.0,0.0,0.0,0.0,1.0,0.0,0.0,0.0,0.13,0.0,0.0,0.0,0.0,,532:00,0.0,0.0,0.0,,,,,,,,,,,,,,,,,,,,,,-1.738187526017053,4410,66
2026-27,wsoc,Empire 8 (E8),e8,Houghton,"Davidson, Josh",Josh,Davidson,,30160,"Davidson, Josh","DAVIDSON,JOSH",Houghton,HOU,0,0,0,32,0,32,0.0,0.0,0.0,0.0,0.0,0.0,0.0,0.0,0.0,0.0,0.0,0.0,0.0,0.0,0.0,0.0,0.0,0.0,0.0,0.0,0.0,0.0,0.0,0.0,0.0,0.0,0.0,0.0,0.0,0.0,0.0,,00:00,0.0,0.0,0.0,,,,,,,,,,,,,,,,,,,,,,-1.738187526017053,4411,66
2026-27,wsoc,Empire 8 (E8),e8,Keuka,"Davis, Kelsey",Kelsey,Davis,,1159,"Davis, Kelsey","DAVIS,KELSEY",Keuka,KEU,1241-1723,8,8,7,0,7,0.0,0.0,0.0,2.0,0.0,0.0,0.0,0.0,0.0,0.25,0.0,0.0,0.0,0.0,0.0,0.0,0.0,0.0,0.0,0.0,0.0,0.0,2.0,0.0,1.0,0.0,0.25,0.13,0.0,0.0,0.0,,576:00,0.0,0.0,0.0,,,,,,,,,,,,,,,,,,,,,,-1.738187526017053,4418,66
2026-27,wsoc,Empire 8 (E8),e8,Poly,"Deliu, Gresa",Gresa,Deliu,,9500,"Deliu, Gresa","DELIU,GRESA",Poly,POLY,1192-1809,6,0,7,0,7,0.0,0.0,0.0,1.0,0.0,0.0,0.0,0.0,0.0,0.17,0.0,0.0,0.0,0.0,0.0,0.0,0.0,0.0,0.0,0.0,0.0,0.0,2.0,0.0,0.0,0.0,0.33,0.0,0.0,0.0,0.0,,52:00,0.0,0.0,0.0,,,,,,,,,,,,,,,,,,,,,,-1.738187526017053,4443,66
2026-27,wsoc,Empire 8 (E8),e8,Alfred,"Diaz, Tristen",Tristen,Diaz,,18,"Diaz, Tristen","DIAZ,TRISTEN",Alfred,AUS,1003-6480,2,0,3,0,3,0.0,0.0,0.0,0.0,0.0,0.0,0.0,0.0,0.0,0.0,0.0,0.0,0.0,0.0,0.0,0.0,0.0,0.0,0.0,0.0,0.0,0.0,0.0,0.0,0.0,0.0,0.0,0.0,0.0,0.0,0.0,,05:00,0.0,0.0,0.0,,,,,,,,,,,,,,,,,,,,,,-1.738187526017053,4457,66
2026-27,wsoc,Empire 8 (E8),e8,Hartwick,"Dietz, Alex",Alex,Dietz,,273,"Dietz, Alex","DIETZ,ALEX",Hartwick,WICK,1005-3429,0,0,30,0,30,0.0,0.0,0.0,0.0,0.0,0.0,0.0,0.0,0.0,0.0,0.0,0.0,0.0,0.0,0.0,0.0,0.0,0.0,0.0,0.0,0.0,0.0,0.0,0.0,0.0,0.0,0.0,0.0,0.0,0.0,0.0,,00:00,0.0,0.0,0.0,,,,,,,,,,,,,,,,,,,,,,-1.738187526017053,4461,66
2026-27,wsoc,Empire 8 (E8),e8,Russell Sage,"Drenth, Grace",Grace,Drenth,,11036,"Drenth, Grace","DRENTH,GRACE",Russell Sage,RSCWSOC,0,1,1,11,0,11,0.0,0.0,0.0,0.0,0.0,0.0,0.0,0.0,0.0,0.0,0.0,0.0,0.0,0.0,0.0,0.0,0.0,0.0,0.0,0.0,0.0,0.0,0.0,0.0,0.0,0.0,0.0,0.0,0.0,0.0,0.0,,62:00,0.0,0.0,0.0,,,,,,,,,,,,,,,,,,,,,,-1.738187526017053,4491,65
2026-27,wsoc,Empire 8 (E8),e8,Hartwick,"Durant, Emma",Emma,Durant,,273,"Durant, Emma","DURANT,EMMA",Hartwick,WICK,1005-3638,2,0,23,0,23,0.0,0.0,0.0,0.0,0.0,0.0,0.0,0.0,0.0,0.0,0.0,0.0,0.0,0.0,0.0,0.0,0.0,0.0,0.0,0.0,0.0,0.0,0.0,0.0,0.0,0.0,0.0,0.0,0.0,0.0,0.0,,15:00,0.0,0.0,0.0,,,,,,,,,,,,,,,,,,,,,,-1.738187526017053,4507,65
2026-27,wsoc,Empire 8 (E8),e8,Elmira,"Dziedzic, Maddy",Maddy,Dziedzic,,213,"Dziedzic, Maddy","DZIEDZIC,MADDY",Elmira,ELM,1004-2463,1,0,5,0,5,0.0,0.0,0.0,0.0,0.0,0.0,0.0,0.0,0.0,0.0,0.0,0.0,0.0,0.0,0.0,0.0,0.0,0.0,0.0,0.0,0.0,0.0,0.0,0.0,0.0,0.0,0.0,0.0,0.0,0.0,0.0,,18:00,0.0,0.0,0.0,,,,,,,,,,,,,,,,,,,,,,-1.738187526017053,4511,65
2026-27,wsoc,Empire 8 (E8),e8,Nazareth,"Eldred, Breanne",Breanne,Eldred,,461,"Eldred, Breanne","ELDRED,BREANNE",Nazareth,NAZ,1007-5354,3,0,36,0,36,0.0,0.0,0.0,0.0,0.0,0.0,0.0,0.0,0.0,0.0,0.0,0.0,0.0,0.0,0.0,0.0,0.0,0.0,0.0,0.0,0.0,0.0,0.0,0.0,0.0,0.0,0.0,0.0,0.0,0.0,0.0,,36:00,0.0,0.0,0.0,,,,,,,,,,,,,,,,,,,,,,-1.738187526017053,4525,65
2026-27,wsoc,Empire 8 (E8),e8,Elmira,"Emerson, Noelle",Noelle,Emerson,,213,"Emerson, Noelle","EMERSON,NOELLE",Elmira,ELM,1004-2819,1,0,14,0,14,0.0,0.0,0.0,0.0,0.0,0.0,0.0,0.0,0.0,0.0,0.0,0.0,0.0,0.0,0.0,0.0,0.0,0.0,0.0,0.0,0.0,0.0,0.0,0.0,0.0,0.0,0.0,0.0,0.0,0.0,0.0,,19:00,0.0,0.0,0.0,,,,,,,,,,,,,,,,,,,,,,-1.738187526017053,4543,65
2026-27,wsoc,Empire 8 (E8),e8,Keuka,"Fleury, Allysa",Allysa,Fleury,,1159,"Fleury, Allysa","FLEURY,ALLYSA",Keuka,KEU,0,3,0,26,0,26,0.0,0.0,0.0,0.0,0.0,0.0,0.0,0.0,0.0,0.0,0.0,0.0,0.0,0.0,0.0,0.0,0.0,0.0,0.0,0.0,0.0,0.0,0.0,0.0,0.0,0.0,0.0,0.0,0.0,0.0,0.0,,83:00,0.0,0.0,0.0,,,,,,,,,,,,,,,,,,,,,,-1.738187526017053,4615,65
2026-27,wsoc,Empire 8 (E8),e8,Keuka,"Fleury, Alyssa",Alyssa,Fleury,,1159,"Fleury, Alyssa","FLEURY,ALYSSA",Keuka,KEU,1241-1986,3,0,26,0,26,0.0,0.0,0.0,0.0,0.0,0.0,0.0,0.0,0.0,0.0,0.0,0.0,0.0,0.0,0.0,0.0,0.0,0.0,0.0,0.0,0.0,0.0,0.0,0.0,0.0,0.0,0.0,0.0,0.0,0.0,0.0,,66:00,0.0,0.0,0.0,,,,,,,,,,,,,,,,,,,,,,-1.738187526017053,4616,65
2026-27,wsoc,Empire 8 (E8),e8,Russell Sage,"Fogarty, Addison",Addison,Fogarty,,11036,"Fogarty, Addison","FOGARTY,ADDISON",Russell Sage,RSCWSOC,0,0,0,27,0,27,0.0,0.0,0.0,0.0,0.0,0.0,0.0,0.0,0.0,0.0,0.0,0.0,0.0,0.0,0.0,0.0,0.0,0.0,0.0,0.0,0.0,0.0,0.0,0.0,0.0,0.0,0.0,0.0,0.0,0.0,0.0,,00:00,0.0,0.0,0.0,,,,,,,,,,,,,,,,,,,,,,-1.738187526017053,4625,65
2026-27,wsoc,Empire 8 (E8),e8,Geneseo,"Foster, Alex",Alex,Foster,,247,"Foster, Alex","FOSTER,ALEX",Geneseo,GEN,1171-2833,4,0,13,0,13,0.0,0.0,0.0,0.0,0.0,0.0,0.0,0.0,0.0,0.0,0.0,0.0,0.0,0.0,0.0,0.0,0.0,0.0,0.0,0.0,0.0,0.0,1.0,0.0,0.0,0.0,0.25,0.0,0.0,0.0,0.0,,33:00,0.0,0.0,0.0,,,,,,,,,,,,,,,,,,,,,,-1.738187526017053,4635,65
2026-27,wsoc,Empire 8 (E8),e8,Houghton,"Fox, Kaylin",Kaylin,Fox,,30160,"Fox, Kaylin","FOX,KAYLIN",Houghton,HOU,702-1852,7,0,10,0,10,0.0,0.0,0.0,1.0,0.0,0.0,0.0,0.0,0.0,0.14,0.0,0.0,0.0,0.0,0.0,0.0,0.0,0.0,0.0,0.0,0.0,0.0,2.0,0.0,0.0,0.0,0.29,0.0,0.0,0.0,0.0,,197:00,0.0,0.0,0.0,,,,,,,,,,,,,,,,,,,,,,-1.738187526017053,4640,64
2026-27,wsoc,Empire 8 (E8),e8,Elmira,"Frank, Kamryn",Kamryn,Frank,,213,"Frank, Kamryn","FRANK,KAMRYN",Elmira,ELM,1004-2821,2,0,8,0,8,0.0,0.0,0.0,0.0,0.0,0.0,0.0,0.0,0.0,0.0,0.0,0.0,0.0,0.0,0.0,0.0,0.0,0.0,0.0,0.0,0.0,0.0,0.0,0.0,0.0,0.0,0.0,0.0,0.0,0.0,0.0,,40:00,0.0,0.0,0.0,,,,,,,,,,,,,,,,,,,,,,-1.738187526017053,4645,64
2026-27,wsoc,Empire 8 (E8),e8,Hartwick,"Galuski, Addyson",Addyson,Galuski,,273,"Galuski, Addyson","GALUSKI,ADDYSON",Hartwick,WICK,1005-3237,1,0,13,0,13,0.0,0.0,0.0,0.0,0.0,0.0,0.0,0.0,0.0,0.0,0.0,0.0,0.0,0.0,0.0,0.0,0.0,0.0,0.0,0.0,0.0,0.0,1.0,0.0,0.0,0.0,1.0,0.0,0.0,0.0,0.0,,14:00,0.0,0.0,0.0,,,,,,,,,,,,,,,,,,,,,,-1.738187526017053,4671,64
2026-27,wsoc,Empire 8 (E8),e8,Brockport,"Gates, Megan",Megan,Gates,,78,"Gates, Megan","GATES,MEGAN",Brockport,BRO,652-7521,9,3,24,0,24,0.0,0.0,0.0,1.0,0.0,0.0,0.0,0.0,0.0,0.11,0.0,0.0,0.0,0.0,0.0,0.0,0.0,0.0,0.0,0.0,0.0,0.0,5.0,0.0,2.0,0.0,0.56,0.22,0.0,0.0,0.0,,488:00,0.0,0.0,0.0,,,,,,,,,,,,,,,,,,,,,,-1.738187526017053,4688,64
2026-27,wsoc,Empire 8 (E8),e8,Hartwick,"Gross, Kathryn",Kathryn,Gross,,273,"Gross, Kathryn","GROSS,KATHRYN",Hartwick,WICK,1005-3641,0,0,16,0,16,0.0,0.0,0.0,0.0,0.0,0.0,0.0,0.0,0.0,0.0,0.0,0.0,0.0,0.0,0.0,0.0,0.0,0.0,0.0,0.0,0.0,0.0,0.0,0.0,0.0,0.0,0.0,0.0,0.0,0.0,0.0,,00:00,0.0,0.0,0.0,,,,,,,,,,,,,,,,,,,,,,-1.738187526017053,4774,64
2026-27,wsoc,Empire 8 (E8),e8,Poly,"Guarascio, Amelia",Amelia,Guarascio,,9500,"Guarascio, Amelia","GUARASCIO,AMELIA",Poly,POLY,1192-1815,9,8,3,0,3,0.0,0.0,0.0,1.0,0.0,0.0,0.0,0.0,0.0,0.11,0.0,0.0,0.0,0.0,0.0,0.0,0.0,0.0,0.0,0.0,0.0,0.0,3.0,0.0,0.0,0.0,0.33,0.0,0.0,0.0,0.0,,734:00,0.0,0.0,0.0,,,,,,,,,,,,,,,,,,,,,,-1.738187526017053,4778,64
2026-27,wsoc,Empire 8 (E8),e8,Nazareth,"Hall, Molly",Molly,Hall,,461,"Hall, Molly","HALL,MOLLY",Nazareth,NAZ,1007-5153,1,0,34,0,34,0.0,0.0,0.0,0.0,0.0,0.0,0.0,0.0,0.0,0.0,0.0,0.0,0.0,0.0,0.0,0.0,0.0,0.0,0.0,0.0,0.0,0.0,0.0,0.0,0.0,0.0,0.0,0.0,0.0,0.0,0.0,,11:00,0.0,0.0,0.0,,,,,,,,,,,,,,,,,,,,,,-1.738187526017053,4809,63
2026-27,wsoc,Empire 8 (E8),e8,Elmira,"Hilty, Stefanie",Stefanie,Hilty,,213,"Hilty, Stefanie","HILTY,STEFANIE",Elmira,ELM,1004-2317,8,8,25,0,25,0.0,0.0,0.0,2.0,0.0,0.0,0.0,0.0,0.0,0.25,0.0,0.0,0.0,0.0,0.0,0.0,0.0,0.0,0.0,0.0,0.0,0.0,2.0,0.0,0.0,0.0,0.25,0.0,0.0,0.0,0.0,,468:00,0.0,0.0,0.0,,,,,,,,,,,,,,,,,,,,,,-1.738187526017053,4906,63
2026-27,wsoc,Empire 8 (E8),e8,Brockport,"Honcharuk, Tamara",Tamara,Honcharuk,,78,"Honcharuk, Tamara","HONCHARUK,TAMARA",Brockport,BRO,652-7891,0,0,7,0,7,0.0,0.0,0.0,0.0,0.0,0.0,0.0,0.0,0.0,0.0,0.0,0.0,0.0,0.0,0.0,0.0,0.0,0.0,0.0,0.0,0.0,0.0,0.0,0.0,0.0,0.0,0.0,0.0,0.0,0.0,0.0,,00:00,0.0,0.0,0.0,,,,,,,,,,,,,,,,,,,,,,-1.738187526017053,4928,63
2026-27,wsoc,Empire 8 (E8),e8,St. John Fisher,"Hummel, Rhia",Rhia,Hummel,,601,"Hummel, Rhia","HUMMEL,RHIA",St. John Fisher,SJF,1009-6924,6,0,18,0,18,0.0,0.0,0.0,0.0,0.0,0.0,0.0,0.0,0.0,0.0,0.0,0.0,0.0,0.0,0.0,0.0,0.0,0.0,0.0,0.0,0.0,0.0,1.0,0.0,0.0,0.0,0.17,0.0,0.0,0.0,0.0,,85:00,0.0,0.0,0.0,,,,,,,,,,,,,,,,,,,,,,-1.738187526017053,4953,62
2026-27,wsoc,Empire 8 (E8),e8,Russell Sage,"Idrobo, Valentina",Valentina,Idrobo,,11036,"Idrobo, Valentina","IDROBO,VALENTINA",Russell Sage,RSCWSOC,0,1,0,25,0,25,0.0,0.0,0.0,1.0,0.0,0.0,0.0,0.0,0.0,1.0,0.0,0.0,0.0,0.0,0.0,0.0,0.0,0.0,0.0,0.0,0.0,0.0,0.0,0.0,1.0,0.0,0.0,1.0,0.0,0.0,0.0,,26:00,0.0,0.0,0.0,,,,,,,,,,,,,,,,,,,,,,-1.738187526017053,4964,62
2026-27,wsoc,Empire 8 (E8),e8,Hartwick,"Irizarry, Trinity",Trinity,Irizarry,,273,"Irizarry, Trinity","IRIZARRY,TRINITY",Hartwick,WICK,1005-3060,8,8,3,0,3,0.0,0.0,0.0,0.0,0.0,0.0,0.0,0.0,0.0,0.0,0.0,0.0,0.0,0.0,0.0,0.0,0.0,0.0,0.0,0.0,0.0,0.0,1.0,0.0,0.0,0.0,0.13,0.0,0.0,0.0,0.0,,714:00,0.0,0.0,0.0,,,,,,,,,,,,,,,,,,,,,,-1.738187526017053,4969,62
2026-27,wsoc,Empire 8 (E8),e8,Poly,"Jessop, Lilly",Lilly,Jessop,,9500,"Jessop, Lilly","JESSOP,LILLY",Poly,POLY,1192-1812,2,0,14,0,14,0.0,0.0,0.0,0.0,0.0,0.0,0.0,0.0,0.0,0.0,0.0,0.0,0.0,0.0,0.0,0.0,0.0,0.0,0.0,0.0,0.0,0.0,0.0,0.0,0.0,0.0,0.0,0.0,0.0,0.0,0.0,,31:00,0.0,0.0,0.0,,,,,,,,,,,,,,,,,,,,,,-1.738187526017053,5005,62
2026-27,wsoc,Empire 8 (E8),e8,Hartwick,"Jimmerson, Sarah",Sarah,Jimmerson,,273,"Jimmerson, Sarah","JIMMERSON,SARAH",Hartwick,WICK,1005-3634,3,3,9,0,9,0.0,0.0,0.0,3.0,0.0,0.0,0.0,0.0,0.0,1.0,0.0,0.0,0.0,0.0,0.0,0.0,0.0,0.0,0.0,0.0,0.0,0.0,1.0,0.0,0.0,0.0,0.33,0.0,0.0,0.0,0.0,,202:00,0.0,0.0,0.0,,,,,,,,,,,,,,,,,,,,,,-1.738187526017053,5008,62
2026-27,wsoc,Empire 8 (E8),e8,Poly,"Johnson, Isabella",Isabella,Johnson,,9500,"Johnson, Isabella","JOHNSON,ISABELLA",Poly,POLY,1192-1807,8,1,2,0,2,0.0,0.0,0.0,0.0,0.0,0.0,0.0,0.0,0.0,0.0,0.0,0.0,0.0,0.0,0.0,0.0,0.0,0.0,0.0,0.0,0.0,0.0,0.0,0.0,0.0,0.0,0.0,0.0,0.0,0.0,0.0,,319:00,0.0,0.0,0.0,,,,,,,,,,,,,,,,,,,,,,-1.738187526017053,5019,62
2026-27,wsoc,Empire 8 (E8),e8,Keuka,"Jones, Audrey",Audrey,Jones,,1159,"Jones, Audrey","JONES,AUDREY",Keuka,KEU,1241-1590,0,0,5,0,5,0.0,0.0,0.0,0.0,0.0,0.0,0.0,0.0,0.0,0.0,0.0,0.0,0.0,0.0,0.0,0.0,0.0,0.0,0.0,0.0,0.0,0.0,0.0,0.0,0.0,0.0,0.0,0.0,0.0,0.0,0.0,,00:00,0.0,0.0,0.0,,,,,,,,,,,,,,,,,,,,,,-1.738187526017053,5024,62
2026-27,wsoc,Empire 8 (E8),e8,Elmira,"Jones, Jenica",Jenica,Jones,,213,"Jones, Jenica","JONES,JENICA",Elmira,ELM,1004-2461,5,0,28,0,28,0.0,0.0,0.0,2.0,0.0,0.0,0.0,0.0,0.0,0.4,0.0,0.0,0.0,0.0,0.0,0.0,0.0,0.0,0.0,0.0,0.0,0.0,1.0,0.0,0.0,0.0,0.2,0.0,0.0,0.0,0.0,,101:00,0.0,0.0,0.0,,,,,,,,,,,,,,,,,,,,,,-1.738187526017053,5026,62
2026-27,wsoc,Empire 8 (E8),e8,Houghton,"Kennel, Judah",Judah,Kennel,,30160,"Kennel, Judah","KENNEL,JUDAH",Houghton,HOU,0,1,0,34,0,34,0.0,0.0,0.0,0.0,0.0,0.0,0.0,0.0,0.0,0.0,0.0,0.0,0.0,0.0,0.0,0.0,0.0,0.0,0.0,0.0,0.0,0.0,0.0,0.0,0.0,0.0,0.0,0.0,0.0,0.0,0.0,,14:00,0.0,0.0,0.0,,,,,,,,,,,,,,,,,,,,,,-1.738187526017053,5110,61
2026-27,wsoc,Empire 8 (E8),e8,Geneseo,"Kensey, Addison",Addison,Kensey,,247,"Kensey, Addison","KENSEY,ADDISON",Geneseo,GEN,1171-2656,0,0,25,0,25,0.0,0.0,0.0,0.0,0.0,0.0,0.0,0.0,0.0,0.0,0.0,0.0,0.0,0.0,0.0,0.0,0.0,0.0,0.0,0.0,0.0,0.0,0.0,0.0,0.0,0.0,0.0,0.0,0.0,0.0,0.0,,00:00,0.0,0.0,0.0,,,,,,,,,,,,,,,,,,,,,,-1.738187526017053,5111,61
2026-27,wsoc,Empire 8 (E8),e8,Houghton,"Knight, Kealon",Kealon,Knight,,30160,"Knight, Kealon","KNIGHT,KEALON",Houghton,HOU,0,1,0,11,0,11,0.0,0.0,0.0,0.0,0.0,0.0,0.0,0.0,0.0,0.0,0.0,0.0,0.0,0.0,0.0,0.0,0.0,0.0,0.0,0.0,0.0,0.0,0.0,0.0,0.0,0.0,0.0,0.0,0.0,0.0,0.0,,28:00,0.0,0.0,0.0,,,,,,,,,,,,,,,,,,,,,,-1.738187526017053,5150,61
2026-27,wsoc,Empire 8 (E8),e8,Hartwick,"Krapf, Lorelei",Lorelei,Krapf,,273,"Krapf, Lorelei","KRAPF,LORELEI",Hartwick,WICK,1005-3066,3,1,2,0,2,0.0,0.0,0.0,0.0,0.0,0.0,0.0,0.0,0.0,0.0,0.0,0.0,0.0,0.0,0.0,0.0,0.0,0.0,0.0,0.0,0.0,0.0,0.0,0.0,0.0,0.0,0.0,0.0,0.0,0.0,0.0,,105:00,0.0,0.0,0.0,,,,,,,,,,,,,,,,,,,,,,-1.738187526017053,5168,61
2026-27,wsoc,Empire 8 (E8),e8,Geneseo,"Kushner, Zara",Zara,Kushner,,247,"Kushner, Zara","KUSHNER,ZARA",Geneseo,GEN,1171-2657,1,0,6,0,6,0.0,0.0,0.0,1.0,0.0,0.0,0.0,0.0,0.0,1.0,0.0,0.0,0.0,0.0,0.0,0.0,0.0,0.0,0.0,0.0,0.0,0.0,0.0,0.0,0.0,0.0,0.0,0.0,0.0,0.0,0.0,,19:00,0.0,0.0,0.0,,,,,,,,,,,,,,,,,,,,,,-1.738187526017053,5190,61
2026-27,wsoc,Empire 8 (E8),e8,Utica,"Lasher, Meg",Meg,Lasher,,733,"Lasher, Meg","LASHER,MEG",Utica,UTC,1010-6556,1,0,4,0,4,0.0,0.0,0.0,0.0,0.0,0.0,0.0,0.0,0.0,0.0,0.0,0.0,0.0,0.0,0.0,0.0,0.0,0.0,0.0,0.0,0.0,0.0,0.0,0.0,0.0,0.0,0.0,0.0,0.0,0.0,0.0,,18:00,0.0,0.0,0.0,,,,,,,,,,,,,,,,,,,,,,-1.738187526017053,5230,61
2026-27,wsoc,Empire 8 (E8),e8,Geneseo,"Lavrynenko, Isabella",Isabella,Lavrynenko,,247,"Lavrynenko, Isabella","LAVRYNENKO,ISABELLA",Geneseo,GEN,1171-2204,3,1,5,0,5,0.0,0.0,0.0,0.0,0.0,0.0,0.0,0.0,0.0,0.0,0.0,0.0,0.0,0.0,0.0,0.0,0.0,0.0,0.0,0.0,0.0,0.0,0.0,0.0,0.0,0.0,0.0,0.0,0.0,0.0,0.0,,97:00,0.0,0.0,0.0,,,,,,,,,,,,,,,,,,,,,,-1.738187526017053,5235,61
2026-27,wsoc,Empire 8 (E8),e8,Geneseo,"Lawrence, Carly",Carly,Lawrence,,247,"Lawrence, Carly","LAWRENCE,CARLY",Geneseo,GEN,1171-2407,5,0,10,0,10,0.0,0.0,0.0,1.0,0.0,0.0,0.0,0.0,0.0,0.2,0.0,0.0,0.0,0.0,0.0,0.0,0.0,0.0,0.0,0.0,0.0,0.0,0.0,0.0,1.0,0.0,0.0,0.2,0.0,0.0,0.0,,78:00,0.0,0.0,0.0,,,,,,,,,,,,,,,,,,,,,,-1.738187526017053,5236,61
2026-27,wsoc,Empire 8 (E8),e8,Houghton,"Le Doan, Minh Hieu",Minh Hieu,Le Doan,,30160,"Le Doan, Minh Hieu","LE DOAN,MINH HIEU",Houghton,HOU,0,1,0,33,0,33,0.0,0.0,0.0,0.0,0.0,0.0,0.0,0.0,0.0,0.0,0.0,0.0,0.0,0.0,0.0,0.0,0.0,0.0,0.0,0.0,0.0,0.0,0.0,0.0,0.0,0.0,0.0,0.0,0.0,0.0,0.0,,01:00,0.0,0.0,0.0,,,,,,,,,,,,,,,,,,,,,,-1.738187526017053,5241,61
2026-27,wsoc,Empire 8 (E8),e8,Alfred,"Lyle, Meghan",Meghan,Lyle,,18,"Lyle, Meghan","LYLE,MEGHAN",Alfred,AUS,1003-6056,9,0,7,0,7,0.0,0.0,0.0,2.0,0.0,0.0,0.0,0.0,0.0,0.22,0.0,0.0,0.0,0.0,0.0,0.0,0.0,0.0,0.0,0.0,0.0,0.0,0.0,0.0,0.0,0.0,0.0,0.0,0.0,0.0,0.0,,132:00,0.0,0.0,0.0,,,,,,,,,,,,,,,,,,,,,,-1.738187526017053,5329,60
2026-27,wsoc,Empire 8 (E8),e8,Geneseo,"Masseo, Kalle",Kalle,Masseo,,247,"Masseo, Kalle","MASSEO,KALLE",Geneseo,GEN,1171-2410,3,0,14,0,14,0.0,0.0,0.0,0.0,0.0,0.0,0.0,0.0,0.0,0.0,0.0,0.0,0.0,0.0,0.0,0.0,0.0,0.0,0.0,0.0,0.0,0.0,0.0,0.0,0.0,0.0,0.0,0.0,0.0,0.0,0.0,,43:00,0.0,0.0,0.0,,,,,,,,,,,,,,,,,,,,,,-1.738187526017053,5417,59
2026-27,wsoc,Empire 8 (E8),e8,Utica,"Maury, Grace",Grace,Maury,,733,"Maury, Grace","MAURY,GRACE",Utica,UTC,1010-6568,2,0,8,0,8,0.0,0.0,0.0,0.0,0.0,0.0,0.0,0.0,0.0,0.0,0.0,0.0,0.0,0.0,0.0,0.0,0.0,0.0,0.0,0.0,0.0,0.0,2.0,0.0,0.0,0.0,1.0,0.0,0.0,0.0,0.0,,22:00,0.0,0.0,0.0,,,,,,,,,,,,,,,,,,,,,,-1.738187526017053,5424,59
2026-27,wsoc,Empire 8 (E8),e8,Keuka,"Maxwell, Mira",Mira,Maxwell,,1159,"Maxwell, Mira","MAXWELL,MIRA",Keuka,KEU,1241-1968,0,0,15,0,15,0.0,0.0,0.0,0.0,0.0,0.0,0.0,0.0,0.0,0.0,0.0,0.0,0.0,0.0,0.0,0.0,0.0,0.0,0.0,0.0,0.0,0.0,0.0,0.0,0.0,0.0,0.0,0.0,0.0,0.0,0.0,,00:00,0.0,0.0,0.0,,,,,,,,,,,,,,,,,,,,,,-1.738187526017053,5425,59
2026-27,wsoc,Empire 8 (E8),e8,St. John Fisher,"McKay, Morgan",Morgan,McKay,,601,"McKay, Morgan","MCKAY,MORGAN",St. John Fisher,SJF,1009-6919,2,0,7,0,7,0.0,0.0,0.0,0.0,0.0,0.0,0.0,0.0,0.0,0.0,0.0,0.0,0.0,0.0,0.0,0.0,0.0,0.0,0.0,0.0,0.0,0.0,0.0,0.0,0.0,0.0,0.0,0.0,0.0,0.0,0.0,,60:00,0.0,0.0,0.0,,,,,,,,,,,,,,,,,,,,,,-1.738187526017053,5460,59
2026-27,wsoc,Empire 8 (E8),e8,Russell Sage,Megan Thomas,Megan,Thomas,,11036,Megan Thomas,"THOMAS,MEGAN",Russell Sage,RSCWSOC,0,7,3,16,0,16,0.0,0.0,0.0,0.0,0.0,0.0,0.0,0.0,0.0,0.0,0.0,0.0,0.0,0.0,0.0,0.0,0.0,0.0,0.0,0.0,0.0,0.0,2.0,0.0,1.0,0.0,0.29,0.14,0.0,0.0,0.0,,334:00,0.0,0.0,0.0,,,,,,,,,,,,,,,,,,,,,,-1.738187526017053,5489,59
2026-27,wsoc,Empire 8 (E8),e8,Alfred,"Meyer, Kali",Kali,Meyer,,18,"Meyer, Kali","MEYER,KALI",Alfred,AUS,1003-5825,9,6,1,0,1,0.0,0.0,0.0,1.0,0.0,0.0,0.0,0.0,0.0,0.11,0.0,0.0,0.0,0.0,0.0,0.0,0.0,0.0,0.0,0.0,0.0,0.0,2.0,0.0,0.0,0.0,0.22,0.0,0.0,0.0,0.0,,487:00,0.0,0.0,0.0,,,,,,,,,,,,,,,,,,,,,,-1.738187526017053,5506,59
2026-27,wsoc,Empire 8 (E8),e8,Poly,"Miller, Cassie",Cassie,Miller,,9500,"Miller, Cassie","MILLER,CASSIE",Poly,POLY,1192-1470,3,0,20,0,20,0.0,0.0,0.0,0.0,0.0,0.0,0.0,0.0,0.0,0.0,0.0,0.0,0.0,0.0,0.0,0.0,0.0,0.0,0.0,0.0,0.0,0.0,0.0,0.0,0.0,0.0,0.0,0.0,0.0,0.0,0.0,,26:00,0.0,0.0,0.0,,,,,,,,,,,,,,,,,,,,,,-1.738187526017053,5526,59
2026-27,wsoc,Empire 8 (E8),e8,Hartwick,"Montelongo, Camryn",Camryn,Montelongo,,273,"Montelongo, Camryn","MONTELONGO,CAMRYN",Hartwick,WICK,1005-3427,5,0,15,0,15,0.0,0.0,0.0,0.0,0.0,0.0,0.0,0.0,0.0,0.0,0.0,0.0,0.0,0.0,0.0,0.0,0.0,0.0,0.0,0.0,0.0,0.0,0.0,0.0,0.0,0.0,0.0,0.0,0.0,0.0,0.0,,142:00,0.0,0.0,0.0,,,,,,,,,,,,,,,,,,,,,,-1.738187526017053,5556,58
2026-27,wsoc,Empire 8 (E8),e8,Alfred,"Morrison, Hadley",Hadley,Morrison,,18,"Morrison, Hadley","MORRISON,HADLEY",Alfred,AUS,1003-6485,8,0,24,0,24,0.0,0.0,0.0,0.0,0.0,0.0,0.0,0.0,0.0,0.0,0.0,0.0,0.0,0.0,0.0,0.0,0.0,0.0,0.0,0.0,0.0,0.0,1.0,0.0,0.0,0.0,0.13,0.0,0.0,0.0,0.0,,123:00,0.0,0.0,0.0,,,,,,,,,,,,,,,,,,,,,,-1.738187526017053,5578,58
2026-27,wsoc,Empire 8 (E8),e8,Alfred,"Mountzouros, Eleni",Eleni,Mountzouros,,18,"Mountzouros, Eleni","MOUNTZOUROS,ELENI",Alfred,AUS,1003-6057,0,0,15,0,15,0.0,0.0,0.0,0.0,0.0,0.0,0.0,0.0,0.0,0.0,0.0,0.0,0.0,0.0,0.0,0.0,0.0,0.0,0.0,0.0,0.0,0.0,0.0,0.0,0.0,0.0,0.0,0.0,0.0,0.0,0.0,,00:00,0.0,0.0,0.0,,,,,,,,,,,,,,,,,,,,,,-1.738187526017053,5588,58
2026-27,wsoc,Empire 8 (E8),e8,Utica,"Mower, Mallory",Mallory,Mower,,733,"Mower, Mallory","MOWER,MALLORY",Utica,UTC,1010-7287,3,0,17,0,17,0.0,0.0,0.0,1.0,0.0,0.0,0.0,0.0,0.0,0.33,0.0,0.0,0.0,0.0,0.0,0.0,0.0,0.0,0.0,0.0,0.0,0.0,0.0,0.0,0.0,0.0,0.0,0.0,0.0,0.0,0.0,,62:00,0.0,0.0,0.0,,,,,,,,,,,,,,,,,,,,,,-1.738187526017053,5589,58
2026-27,wsoc,Empire 8 (E8),e8,Geneseo,"Murphy, Madelyn",Madelyn,Murphy,,247,"Murphy, Madelyn","MURPHY,MADELYN",Geneseo,GEN,1171-2831,7,0,4,0,4,0.0,0.0,0.0,1.0,0.0,0.0,0.0,0.0,0.0,0.14,0.0,0.0,0.0,0.0,0.0,0.0,0.0,0.0,0.0,0.0,0.0,0.0,0.0,0.0,0.0,0.0,0.0,0.0,0.0,0.0,0.0,,171:00,0.0,0.0,0.0,,,,,,,,,,,,,,,,,,,,,,-1.738187526017053,5607,58
2026-27,wsoc,Empire 8 (E8),e8,Nazareth,"Muskopf, Tessa",Tessa,Muskopf,,461,"Muskopf, Tessa","MUSKOPF,TESSA",Nazareth,NAZ,1007-4851,6,0,26,0,26,0.0,0.0,0.0,3.0,0.0,0.0,0.0,0.0,0.0,0.5,0.0,0.0,0.0,0.0,0.0,0.0,0.0,0.0,0.0,0.0,0.0,0.0,1.0,0.0,0.0,0.0,0.17,0.0,0.0,0.0,0.0,,181:00,0.0,0.0,0.0,,,,,,,,,,,,,,,,,,,,,,-1.738187526017053,5614,58
2026-27,wsoc,Empire 8 (E8),e8,Nazareth,"Nickson, Emily",Emily,Nickson,,461,"Nickson, Emily","NICKSON,EMILY",Nazareth,NAZ,1007-5090,7,7,28,0,28,0.0,0.0,0.0,1.0,0.0,0.0,0.0,0.0,0.0,0.14,0.0,0.0,0.0,0.0,0.0,0.0,0.0,0.0,0.0,0.0,0.0,0.0,1.0,0.0,0.0,0.0,0.14,0.0,0.0,0.0,0.0,,520:00,0.0,0.0,0.0,,,,,,,,,,,,,,,,,,,,,,-1.738187526017053,5643,58
2026-27,wsoc,Empire 8 (E8),e8,Utica,"Niles, Brook",Brook,Niles,,733,"Niles, Brook","NILES,BROOK",Utica,UTC,1010-7999,1,0,27,0,27,0.0,0.0,0.0,0.0,0.0,0.0,0.0,0.0,0.0,0.0,0.0,0.0,0.0,0.0,0.0,0.0,0.0,0.0,0.0,0.0,0.0,0.0,0.0,0.0,0.0,0.0,0.0,0.0,0.0,0.0,0.0,,05:00,0.0,0.0,0.0,,,,,,,,,,,,,,,,,,,,,,-1.738187526017053,5651,58
2026-27,wsoc,Empire 8 (E8),e8,Poly,"Novack, Rori",Rori,Novack,,9500,"Novack, Rori","NOVACK,RORI",Poly,POLY,1192-1285,8,7,15,0,15,0.0,0.0,0.0,0.0,0.0,0.0,0.0,0.0,0.0,0.0,0.0,0.0,0.0,0.0,0.0,0.0,0.0,0.0,0.0,0.0,0.0,0.0,9.0,0.0,1.0,0.0,1.13,0.13,0.0,0.0,0.0,,602:00,0.0,0.0,0.0,,,,,,,,,,,,,,,,,,,,,,-1.738187526017053,5668,58
2026-27,wsoc,Empire 8 (E8),e8,Geneseo,"Pasceri, Gianna",Gianna,Pasceri,,247,"Pasceri, Gianna","PASCERI,GIANNA",Geneseo,GEN,1171-2659,3,0,3,0,3,0.0,0.0,0.0,0.0,0.0,0.0,0.0,0.0,0.0,0.0,0.0,0.0,0.0,0.0,0.0,0.0,0.0,0.0,0.0,0.0,0.0,0.0,0.0,0.0,0.0,0.0,0.0,0.0,0.0,0.0,0.0,,57:00,0.0,0.0,0.0,,,,,,,,,,,,,,,,,,,,,,-1.738187526017053,5762,57
2026-27,wsoc,Empire 8 (E8),e8,Keuka,"Perry, Elizabeth",Elizabeth,Perry,,1159,"Perry, Elizabeth","PERRY,ELIZABETH",Keuka,KEU,1241-2004,3,0,6,0,6,0.0,0.0,0.0,0.0,0.0,0.0,0.0,0.0,0.0,0.0,0.0,0.0,0.0,0.0,0.0,0.0,0.0,0.0,0.0,0.0,0.0,0.0,0.0,0.0,0.0,0.0,0.0,0.0,0.0,0.0,0.0,,59:00,0.0,0.0,0.0,,,,,,,,,,,,,,,,,,,,,,-1.738187526017053,5800,57
2026-27,wsoc,Empire 8 (E8),e8,Hartwick,"Piersa, Mikayla",Mikayla,Piersa,,273,"Piersa, Mikayla","PIERSA,MIKAYLA",Hartwick,WICK,1005-3241,0,0,1,0,1,0.0,0.0,0.0,0.0,0.0,0.0,0.0,0.0,0.0,0.0,0.0,0.0,0.0,0.0,0.0,0.0,0.0,0.0,0.0,0.0,0.0,0.0,0.0,0.0,0.0,0.0,0.0,0.0,0.0,0.0,0.0,,00:00,0.0,0.0,0.0,,,,,,,,,,,,,,,,,,,,,,-1.738187526017053,5822,57
2026-27,wsoc,Empire 8 (E8),e8,Brockport,"Piliero, Kadyn",Kadyn,Piliero,,78,"Piliero, Kadyn","PILIERO,KADYN",Brockport,BRO,652-8397,0,0,21,0,21,0.0,0.0,0.0,0.0,0.0,0.0,0.0,0.0,0.0,0.0,0.0,0.0,0.0,0.0,0.0,0.0,0.0,0.0,0.0,0.0,0.0,0.0,0.0,0.0,0.0,0.0,0.0,0.0,0.0,0.0,0.0,,00:00,0.0,0.0,0.0,,,,,,,,,,,,,,,,,,,,,,-1.738187526017053,5824,57
2026-27,wsoc,Empire 8 (E8),e8,St. John Fisher,"Pinkley, Paige",Paige,Pinkley,,601,"Pinkley, Paige","PINKLEY,PAIGE",St. John Fisher,SJF,1009-6914,0,0,1,0,1,0.0,0.0,0.0,0.0,0.0,0.0,0.0,0.0,0.0,0.0,0.0,0.0,0.0,0.0,0.0,0.0,0.0,0.0,0.0,0.0,0.0,0.0,0.0,0.0,0.0,0.0,0.0,0.0,0.0,0.0,0.0,,00:00,0.0,0.0,0.0,,,,,,,,,,,,,,,,,,,,,,-1.738187526017053,5827,57
2026-27,wsoc,Empire 8 (E8),e8,Hartwick,"Pochay, Allyson",Allyson,Pochay,,273,"Pochay, Allyson","POCHAY,ALLYSON",Hartwick,WICK,1005-3428,6,5,21,0,21,0.0,0.0,0.0,1.0,0.0,0.0,0.0,0.0,0.0,0.17,0.0,0.0,0.0,0.0,0.0,0.0,0.0,0.0,0.0,0.0,0.0,0.0,0.0,0.0,0.0,0.0,0.0,0.0,0.0,0.0,0.0,,417:00,0.0,0.0,0.0,,,,,,,,,,,,,,,,,,,,,,-1.738187526017053,5836,57
2026-27,wsoc,Empire 8 (E8),e8,Elmira,"Porter, Brookelyn",Brookelyn,Porter,,213,"Porter, Brookelyn","PORTER,BROOKELYN",Elmira,ELM,1004-2316,4,1,15,0,15,0.0,0.0,0.0,0.0,0.0,0.0,0.0,0.0,0.0,0.0,0.0,0.0,0.0,0.0,0.0,0.0,0.0,0.0,0.0,0.0,0.0,0.0,1.0,0.0,0.0,0.0,0.25,0.0,0.0,0.0,0.0,,134:00,0.0,0.0,0.0,,,,,,,,,,,,,,,,,,,,,,-1.738187526017053,5846,57
2026-27,wsoc,Empire 8 (E8),e8,Alfred,"Prevost, Lola",Lola,Prevost,,18,"Prevost, Lola","PREVOST,LOLA",Alfred,AUS,1003-4812,6,0,19,0,19,0.0,0.0,0.0,1.0,0.0,0.0,0.0,0.0,0.0,0.17,0.0,0.0,0.0,0.0,0.0,0.0,0.0,0.0,0.0,0.0,0.0,0.0,0.0,0.0,0.0,0.0,0.0,0.0,0.0,0.0,0.0,,88:00,0.0,0.0,0.0,,,,,,,,,,,,,,,,,,,,,,-1.738187526017053,5864,56
2026-27,wsoc,Empire 8 (E8),e8,Utica,"Ramirez, Lizzeth",Lizzeth,Ramirez,,733,"Ramirez, Lizzeth","RAMIREZ,LIZZETH",Utica,UTC,1010-8016,0,0,3,0,3,0.0,0.0,0.0,0.0,0.0,0.0,0.0,0.0,0.0,0.0,0.0,0.0,0.0,0.0,0.0,0.0,0.0,0.0,0.0,0.0,0.0,0.0,0.0,0.0,0.0,0.0,0.0,0.0,0.0,0.0,0.0,,00:00,0.0,0.0,0.0,,,,,,,,,,,,,,,,,,,,,,-1.738187526017053,5885,56
2026-27,wsoc,Empire 8 (E8),e8,Elmira,"Ranieri, Zoe",Zoe,Ranieri,,213,"Ranieri, Zoe","RANIERI,ZOE",Elmira,ELM,1004-2647,4,4,12,0,12,0.0,0.0,0.0,0.0,0.0,0.0,0.0,0.0,0.0,0.0,0.0,0.0,0.0,0.0,0.0,0.0,0.0,0.0,0.0,0.0,0.0,0.0,2.0,0.0,0.0,0.0,0.5,0.0,0.0,0.0,0.0,,183:00,0.0,0.0,0.0,,,,,,,,,,,,,,,,,,,,,,-1.738187526017053,5889,56
2026-27,wsoc,Empire 8 (E8),e8,Nazareth,"Rewakowski, Mary Kate",Mary Kate,Rewakowski,,461,"Rewakowski, Mary Kate","REWAKOWSKI,MARY KATE",Nazareth,NAZ,1007-4853,5,0,29,0,29,0.0,0.0,0.0,1.0,0.0,0.0,0.0,0.0,0.0,0.2,0.0,0.0,0.0,0.0,0.0,0.0,0.0,0.0,0.0,0.0,0.0,0.0,2.0,0.0,0.0,0.0,0.4,0.0,0.0,0.0,0.0,,134:00,0.0,0.0,0.0,,,,,,,,,,,,,,,,,,,,,,-1.738187526017053,5914,56
2026-27,wsoc,Empire 8 (E8),e8,Nazareth,"Richie, Lauren",Lauren,Richie,,461,"Richie, Lauren","RICHIE,LAUREN",Nazareth,NAZ,1007-4669,7,0,20,0,20,0.0,0.0,0.0,1.0,0.0,0.0,0.0,0.0,0.0,0.14,0.0,0.0,0.0,0.0,0.0,0.0,0.0,0.0,0.0,0.0,0.0,0.0,1.0,0.0,0.0,0.0,0.14,0.0,0.0,0.0,0.0,,76:00,0.0,0.0,0.0,,,,,,,,,,,,,,,,,,,,,,-1.738187526017053,5929,56
2026-27,wsoc,Empire 8 (E8),e8,Nazareth,"Rizzo, Aubrey",Aubrey,Rizzo,,461,"Rizzo, Aubrey","RIZZO,AUBREY",Nazareth,NAZ,1007-4854,7,1,7,0,7,0.0,0.0,0.0,1.0,0.0,0.0,0.0,0.0,0.0,0.14,0.0,0.0,0.0,0.0,0.0,0.0,0.0,0.0,0.0,0.0,0.0,0.0,2.0,0.0,1.0,0.0,0.29,0.14,0.0,0.0,0.0,,215:00,0.0,0.0,0.0,,,,,,,,,,,,,,,,,,,,,,-1.738187526017053,5948,56
2026-27,wsoc,Empire 8 (E8),e8,Keuka,"Rosenkrans, Addison",Addison,Rosenkrans,,1159,"Rosenkrans, Addison","ROSENKRANS,ADDISON",Keuka,KEU,1241-1977,4,0,4,0,4,0.0,0.0,0.0,2.0,0.0,0.0,0.0,0.0,0.0,0.5,0.0,0.0,0.0,0.0,0.0,0.0,0.0,0.0,0.0,0.0,0.0,0.0,1.0,0.0,0.0,0.0,0.25,0.0,0.0,0.0,0.0,,73:00,0.0,0.0,0.0,,,,,,,,,,,,,,,,,,,,,,-1.738187526017053,5981,56
2026-27,wsoc,Empire 8 (E8),e8,Alfred,"Rudenauer, Madison",Madison,Rudenauer,,18,"Rudenauer, Madison","RUDENAUER,MADISON",Alfred,AUS,1003-6058,9,9,17,0,17,0.0,0.0,0.0,0.0,0.0,0.0,0.0,0.0,0.0,0.0,0.0,0.0,0.0,0.0,0.0,0.0,0.0,0.0,0.0,0.0,0.0,0.0,6.0,0.0,0.0,0.0,0.67,0.0,0.0,0.0,0.0,,810:00,0.0,0.0,0.0,,,,,,,,,,,,,,,,,,,,,,-1.738187526017053,6001,56
2026-27,wsoc,Empire 8 (E8),e8,Nazareth,"Sauceda-Atkins, Isabella",Isabella,Sauceda-Atkins,,461,"Sauceda-Atkins, Isabella","SAUCEDA-ATKINS,ISABELLA",Nazareth,NAZ,1007-5352,2,0,24,0,24,0.0,0.0,0.0,0.0,0.0,0.0,0.0,0.0,0.0,0.0,0.0,0.0,0.0,0.0,0.0,0.0,0.0,0.0,0.0,0.0,0.0,0.0,0.0,0.0,0.0,0.0,0.0,0.0,0.0,0.0,0.0,,18:00,0.0,0.0,0.0,,,,,,,,,,,,,,,,,,,,,,-1.738187526017053,6052,55
2026-27,wsoc,Empire 8 (E8),e8,Alfred,"Schena, Lily",Lily,Schena,,18,"Schena, Lily","SCHENA,LILY",Alfred,AUS,1003-4815,3,0,22,0,22,0.0,0.0,0.0,0.0,0.0,0.0,0.0,0.0,0.0,0.0,0.0,0.0,0.0,0.0,0.0,0.0,0.0,0.0,0.0,0.0,0.0,0.0,1.0,0.0,0.0,0.0,0.33,0.0,0.0,0.0,0.0,,22:00,0.0,0.0,0.0,,,,,,,,,,,,,,,,,,,,,,-1.738187526017053,6060,55
2026-27,wsoc,Empire 8 (E8),e8,Nazareth,"Schiavitti, Camryn",Camryn,Schiavitti,,461,"Schiavitti, Camryn","SCHIAVITTI,CAMRYN",Nazareth,NAZ,1007-4670,0,0,10,0,10,0.0,0.0,0.0,0.0,0.0,0.0,0.0,0.0,0.0,0.0,0.0,0.0,0.0,0.0,0.0,0.0,0.0,0.0,0.0,0.0,0.0,0.0,0.0,0.0,0.0,0.0,0.0,0.0,0.0,0.0,0.0,,00:00,0.0,0.0,0.0,,,,,,,,,,,,,,,,,,,,,,-1.738187526017053,6061,55
2026-27,wsoc,Empire 8 (E8),e8,Keuka,"Shaffer, Mackenzie",Mackenzie,Shaffer,,1159,"Shaffer, Mackenzie","SHAFFER,MACKENZIE",Keuka,KEU,1241-1866,4,0,20,0,20,0.0,0.0,0.0,0.0,0.0,0.0,0.0,0.0,0.0,0.0,0.0,0.0,0.0,0.0,0.0,0.0,0.0,0.0,0.0,0.0,0.0,0.0,0.0,0.0,0.0,0.0,0.0,0.0,0.0,0.0,0.0,,91:00,0.0,0.0,0.0,,,,,,,,,,,,,,,,,,,,,,-1.738187526017053,6112,55
2026-27,wsoc,Empire 8 (E8),e8,Brockport,"Silliman, Brooke",Brooke,Silliman,,78,"Silliman, Brooke","SILLIMAN,BROOKE",Brockport,BRO,652-8399,0,0,33,0,33,0.0,0.0,0.0,0.0,0.0,0.0,0.0,0.0,0.0,0.0,0.0,0.0,0.0,0.0,0.0,0.0,0.0,0.0,0.0,0.0,0.0,0.0,0.0,0.0,0.0,0.0,0.0,0.0,0.0,0.0,0.0,,00:00,0.0,0.0,0.0,,,,,,,,,,,,,,,,,,,,,,-1.738187526017053,6146,55
2026-27,wsoc,Empire 8 (E8),e8,Elmira,"Silverman, Eme",Eme,Silverman,,213,"Silverman, Eme","SILVERMAN,EME",Elmira,ELM,1004-2823,2,0,7,0,7,0.0,0.0,0.0,0.0,0.0,0.0,0.0,0.0,0.0,0.0,0.0,0.0,0.0,0.0,0.0,0.0,0.0,0.0,0.0,0.0,0.0,0.0,0.0,0.0,0.0,0.0,0.0,0.0,0.0,0.0,0.0,,39:00,0.0,0.0,0.0,,,,,,,,,,,,,,,,,,,,,,-1.738187526017053,6150,55
2026-27,wsoc,Empire 8 (E8),e8,Houghton,"Sisson, Isaiah",Isaiah,Sisson,,30160,"Sisson, Isaiah","SISSON,ISAIAH",Houghton,HOU,0,0,0,27,0,27,0.0,0.0,0.0,0.0,0.0,0.0,0.0,0.0,0.0,0.0,0.0,0.0,0.0,0.0,0.0,0.0,0.0,0.0,0.0,0.0,0.0,0.0,0.0,0.0,0.0,0.0,0.0,0.0,0.0,0.0,0.0,,00:00,0.0,0.0,0.0,,,,,,,,,,,,,,,,,,,,,,-1.738187526017053,6162,54
2026-27,wsoc,Empire 8 (E8),e8,Hartwick,"Slavitsky, Nelle",Nelle,Slavitsky,,273,"Slavitsky, Nelle","SLAVITSKY,NELLE",Hartwick,WICK,1005-3063,8,8,7,0,7,0.0,0.0,0.0,0.0,0.0,0.0,0.0,0.0,0.0,0.0,0.0,0.0,0.0,0.0,0.0,0.0,0.0,0.0,0.0,0.0,0.0,0.0,6.0,0.0,0.0,0.0,0.75,0.0,0.0,0.0,0.0,,523:00,0.0,0.0,0.0,,,,,,,,,,,,,,,,,,,,,,-1.738187526017053,6173,54
2026-27,wsoc,Empire 8 (E8),e8,Houghton,"Snyder, Jordyn",Jordyn,Snyder,,30160,"Snyder, Jordyn","SNYDER,JORDYN",Houghton,HOU,702-1954,9,0,17,0,17,0.0,0.0,0.0,0.0,0.0,0.0,0.0,0.0,0.0,0.0,0.0,0.0,0.0,0.0,0.0,0.0,0.0,0.0,0.0,0.0,0.0,0.0,2.0,0.0,0.0,0.0,0.22,0.0,0.0,0.0,0.0,,235:00,0.0,0.0,0.0,,,,,,,,,,,,,,,,,,,,,,-1.738187526017053,6200,54
2026-27,wsoc,Empire 8 (E8),e8,Utica,"Spatto, Madelyn",Madelyn,Spatto,,733,"Spatto, Madelyn","SPATTO,MADELYN",Utica,UTC,1010-7998,4,0,11,0,11,0.0,0.0,0.0,0.0,0.0,0.0,0.0,0.0,0.0,0.0,0.0,0.0,0.0,0.0,0.0,0.0,0.0,0.0,0.0,0.0,0.0,0.0,0.0,0.0,0.0,0.0,0.0,0.0,0.0,0.0,0.0,,72:00,0.0,0.0,0.0,,,,,,,,,,,,,,,,,,,,,,-1.738187526017053,6223,54
2026-27,wsoc,Empire 8 (E8),e8,Alfred,"Stainbrook, Molly",Molly,Stainbrook,,18,"Stainbrook, Molly","STAINBROOK,MOLLY",Alfred,AUS,1003-5830,5,2,29,0,29,0.0,0.0,0.0,0.0,0.0,0.0,0.0,0.0,0.0,0.0,0.0,0.0,0.0,0.0,0.0,0.0,0.0,0.0,0.0,0.0,0.0,0.0,1.0,0.0,0.0,0.0,0.2,0.0,0.0,0.0,0.0,,164:00,0.0,0.0,0.0,,,,,,,,,,,,,,,,,,,,,,-1.738187526017053,6237,54
2026-27,wsoc,Empire 8 (E8),e8,Russell Sage,Stephanie Beyer,Stephanie,Beyer,,11036,Stephanie Beyer,"BEYER,STEPHANIE",Russell Sage,RSCWSOC,0,4,0,21,0,21,0.0,0.0,0.0,1.0,0.0,0.0,0.0,0.0,0.0,0.25,0.0,0.0,0.0,0.0,0.0,0.0,0.0,0.0,0.0,0.0,0.0,0.0,0.0,0.0,0.0,0.0,0.0,0.0,0.0,0.0,0.0,,77:00,0.0,0.0,0.0,,,,,,,,,,,,,,,,,,,,,,-1.738187526017053,6250,54
2026-27,wsoc,Empire 8 (E8),e8,Hartwick,"Sullivan, Kellie",Kellie,Sullivan,,273,"Sullivan, Kellie","SULLIVAN,KELLIE",Hartwick,WICK,1005-3258,3,0,20,0,20,0.0,0.0,0.0,0.0,0.0,0.0,0.0,0.0,0.0,0.0,0.0,0.0,0.0,0.0,0.0,0.0,0.0,0.0,0.0,0.0,0.0,0.0,0.0,0.0,0.0,0.0,0.0,0.0,0.0,0.0,0.0,,173:00,0.0,0.0,0.0,,,,,,,,,,,,,,,,,,,,,,-1.738187526017053,6275,54
2026-27,wsoc,Empire 8 (E8),e8,Geneseo,"Swift, Chloe",Chloe,Swift,,247,"Swift, Chloe","SWIFT,CHLOE",Geneseo,GEN,1171-2832,3,0,11,0,11,0.0,0.0,0.0,0.0,0.0,0.0,0.0,0.0,0.0,0.0,0.0,0.0,0.0,0.0,0.0,0.0,0.0,0.0,0.0,0.0,0.0,0.0,0.0,0.0,0.0,0.0,0.0,0.0,0.0,0.0,0.0,,36:00,0.0,0.0,0.0,,,,,,,,,,,,,,,,,,,,,,-1.738187526017053,6284,54
2026-27,wsoc,Empire 8 (E8),e8,Poly,"Tenney, Alexa",Alexa,Tenney,,9500,"Tenney, Alexa","TENNEY,ALEXA",Poly,POLY,1192-1288,0,0,24,0,24,0.0,0.0,0.0,0.0,0.0,0.0,0.0,0.0,0.0,0.0,0.0,0.0,0.0,0.0,0.0,0.0,0.0,0.0,0.0,0.0,0.0,0.0,0.0,0.0,0.0,0.0,0.0,0.0,0.0,0.0,0.0,,00:00,0.0,0.0,0.0,,,,,,,,,,,,,,,,,,,,,,-1.738187526017053,6320,53
2026-27,wsoc,Empire 8 (E8),e8,Brockport,"Thompson, Cameron",Cameron,Thompson,,78,"Thompson, Cameron","THOMPSON,CAMERON",Brockport,BRO,652-7104,0,0,16,0,16,0.0,0.0,0.0,0.0,0.0,0.0,0.0,0.0,0.0,0.0,0.0,0.0,0.0,0.0,0.0,0.0,0.0,0.0,0.0,0.0,0.0,0.0,0.0,0.0,0.0,0.0,0.0,0.0,0.0,0.0,0.0,,00:00,0.0,0.0,0.0,,,,,,,,,,,,,,,,,,,,,,-1.738187526017053,6336,53
2026-27,wsoc,Empire 8 (E8),e8,Houghton,"Thompson, Joshua",Joshua,Thompson,,30160,"Thompson, Joshua","THOMPSON,JOSHUA",Houghton,HOU,0,1,0,20,0,20,0.0,0.0,0.0,0.0,0.0,0.0,0.0,0.0,0.0,0.0,0.0,0.0,0.0,0.0,0.0,0.0,0.0,0.0,0.0,0.0,0.0,0.0,0.0,0.0,0.0,0.0,0.0,0.0,0.0,0.0,0.0,,20:00,0.0,0.0,0.0,,,,,,,,,,,,,,,,,,,,,,-1.738187526017053,6337,53
2026-27,wsoc,Empire 8 (E8),e8,Poly,"Tilmont, Katelyn",Katelyn,Tilmont,,9500,"Tilmont, Katelyn","TILMONT,KATELYN",Poly,POLY,1192-1816,1,0,5,0,5,0.0,0.0,0.0,0.0,0.0,0.0,0.0,0.0,0.0,0.0,0.0,0.0,0.0,0.0,0.0,0.0,0.0,0.0,0.0,0.0,0.0,0.0,0.0,0.0,0.0,0.0,0.0,0.0,0.0,0.0,0.0,,08:00,0.0,0.0,0.0,,,,,,,,,,,,,,,,,,,,,,-1.738187526017053,6346,53
2026-27,wsoc,Empire 8 (E8),e8,Houghton,"Torppey, Zoey",Zoey,Torppey,,30160,"Torppey, Zoey","TORPPEY,ZOEY",Houghton,HOU,702-1858,3,0,24,0,24,0.0,0.0,0.0,1.0,0.0,0.0,0.0,0.0,0.0,0.33,0.0,0.0,0.0,0.0,0.0,0.0,0.0,0.0,0.0,0.0,0.0,0.0,0.0,0.0,1.0,0.0,0.0,0.33,0.0,0.0,0.0,,69:00,0.0,0.0,0.0,,,,,,,,,,,,,,,,,,,,,,-1.738187526017053,6356,53
2026-27,wsoc,Empire 8 (E8),e8,Alfred,"Trinkle, Kansas",Kansas,Trinkle,,18,"Trinkle, Kansas","TRINKLE,KANSAS",Alfred,AUS,1003-6499,0,0,23,0,23,0.0,0.0,0.0,0.0,0.0,0.0,0.0,0.0,0.0,0.0,0.0,0.0,0.0,0.0,0.0,0.0,0.0,0.0,0.0,0.0,0.0,0.0,0.0,0.0,0.0,0.0,0.0,0.0,0.0,0.0,0.0,,00:00,0.0,0.0,0.0,,,,,,,,,,,,,,,,,,,,,,-1.738187526017053,6369,53
2026-27,wsoc,Empire 8 (E8),e8,Brockport,"Turaj, Lena",Lena,Turaj,,78,"Turaj, Lena","TURAJ,LENA",Brockport,BRO,652-7107,9,9,25,0,25,0.0,0.0,0.0,1.0,0.0,0.0,0.0,0.0,0.0,0.11,0.0,0.0,0.0,0.0,0.0,0.0,0.0,0.0,0.0,0.0,0.0,0.0,6.0,0.0,1.0,0.0,0.67,0.11,0.0,0.0,0.0,,792:00,0.0,0.0,0.0,,,,,,,,,,,,,,,,,,,,,,-1.738187526017053,6378,53
2026-27,wsoc,Empire 8 (E8),e8,Brockport,"Upadhyay, Lavanya",Lavanya,Upadhyay,,78,"Upadhyay, Lavanya","UPADHYAY,LAVANYA",Brockport,BRO,652-7892,0,0,10,0,10,0.0,0.0,0.0,0.0,0.0,0.0,0.0,0.0,0.0,0.0,0.0,0.0,0.0,0.0,0.0,0.0,0.0,0.0,0.0,0.0,0.0,0.0,0.0,0.0,0.0,0.0,0.0,0.0,0.0,0.0,0.0,,00:00,0.0,0.0,0.0,,,,,,,,,,,,,,,,,,,,,,-1.738187526017053,6390,53
2026-27,wsoc,Empire 8 (E8),e8,Geneseo,"Vaccaro, Lauren",Lauren,Vaccaro,,247,"Vaccaro, Lauren","VACCARO,LAUREN",Geneseo,GEN,1171-2839,0,0,33,0,33,0.0,0.0,0.0,0.0,0.0,0.0,0.0,0.0,0.0,0.0,0.0,0.0,0.0,0.0,0.0,0.0,0.0,0.0,0.0,0.0,0.0,0.0,0.0,0.0,0.0,0.0,0.0,0.0,0.0,0.0,0.0,,00:00,0.0,0.0,0.0,,,,,,,,,,,,,,,,,,,,,,-1.738187526017053,6395,53
2026-27,wsoc,Empire 8 (E8),e8,Keuka,"Ventura, Haley",Haley,Ventura,,1159,"Ventura, Haley","VENTURA,HALEY",Keuka,KEU,1241-1945,3,0,13,0,13,0.0,0.0,0.0,0.0,0.0,0.0,0.0,0.0,0.0,0.0,0.0,0.0,0.0,0.0,0.0,0.0,0.0,0.0,0.0,0.0,0.0,0.0,1.0,0.0,0.0,0.0,0.33,0.0,0.0,0.0,0.0,,32:00,0.0,0.0,0.0,,,,,,,,,,,,,,,,,,,,,,-1.738187526017053,6416,53
2026-27,wsoc,Empire 8 (E8),e8,Nazareth,"Visca, Tara",Tara,Visca,,461,"Visca, Tara","VISCA,TARA",Nazareth,NAZ,1007-4954,4,0,16,0,16,0.0,0.0,0.0,0.0,0.0,0.0,0.0,0.0,0.0,0.0,0.0,0.0,0.0,0.0,0.0,0.0,0.0,0.0,0.0,0.0,0.0,0.0,1.0,0.0,0.0,0.0,0.25,0.0,0.0,0.0,0.0,,68:00,0.0,0.0,0.0,,,,,,,,,,,,,,,,,,,,,,-1.738187526017053,6438,53
2026-27,wsoc,Empire 8 (E8),e8,Alfred,"Wahban, Alia",Alia,Wahban,,18,"Wahban, Alia","WAHBAN,ALIA",Alfred,AUS,1003-6060,1,0,8,0,8,0.0,0.0,0.0,0.0,0.0,0.0,0.0,0.0,0.0,0.0,0.0,0.0,0.0,0.0,0.0,0.0,0.0,0.0,0.0,0.0,0.0,0.0,0.0,0.0,0.0,0.0,0.0,0.0,0.0,0.0,0.0,,06:00,0.0,0.0,0.0,,,,,,,,,,,,,,,,,,,,,,-1.738187526017053,6453,53
2026-27,wsoc,Empire 8 (E8),e8,Brockport,"Weber, Emily",Emily,Weber,,78,"Weber, Emily","WEBER,EMILY",Brockport,BRO,652-7520,0,0,9,0,9,0.0,0.0,0.0,0.0,0.0,0.0,0.0,0.0,0.0,0.0,0.0,0.0,0.0,0.0,0.0,0.0,0.0,0.0,0.0,0.0,0.0,0.0,0.0,0.0,0.0,0.0,0.0,0.0,0.0,0.0,0.0,,00:00,0.0,0.0,0.0,,,,,,,,,,,,,,,,,,,,,,-1.738187526017053,6483,52
2026-27,wsoc,Empire 8 (E8),e8,Brockport,"Williams, Sarah",Sarah,Williams,,78,"Williams, Sarah","WILLIAMS,SARAH",Brockport,BRO,652-7522,8,3,18,0,18,0.0,0.0,0.0,0.0,0.0,0.0,0.0,0.0,0.0,0.0,0.0,0.0,0.0,0.0,0.0,0.0,0.0,0.0,0.0,0.0,0.0,0.0,1.0,0.0,0.0,0.0,0.13,0.0,0.0,0.0,0.0,,389:00,0.0,0.0,0.0,,,,,,,,,,,,,,,,,,,,,,-1.738187526017053,6537,52
2026-27,wsoc,Empire 8 (E8),e8,Houghton,"Winderl, Katelyn",Katelyn,Winderl,,30160,"Winderl, Katelyn","WINDERL,KATELYN",Houghton,HOU,702-2079,1,1,6,0,6,0.0,0.0,0.0,1.0,0.0,0.0,0.0,0.0,0.0,1.0,0.0,0.0,0.0,0.0,0.0,0.0,0.0,0.0,0.0,0.0,0.0,0.0,0.0,0.0,0.0,0.0,0.0,0.0,0.0,0.0,0.0,,61:00,0.0,0.0,0.0,,,,,,,,,,,,,,,,,,,,,,-1.738187526017053,6549,52
2026-27,wsoc,Empire 8 (E8),e8,Houghton,"Zanini, Marco",Marco,Zanini,,30160,"Zanini, Marco","ZANINI,MARCO",Houghton,HOU,0,0,0,35,0,35,0.0,0.0,0.0,0.0,0.0,0.0,0.0,0.0,0.0,0.0,0.0,0.0,0.0,0.0,0.0,0.0,0.0,0.0,0.0,0.0,0.0,0.0,0.0,0.0,0.0,0.0,0.0,0.0,0.0,0.0,0.0,,00:00,0.0,0.0,0.0,,,,,,,,,,,,,,,,,,,,,,-1.738187526017053,6593,52
2026-27,wsoc,Empire 8 (E8),e8,Houghton,"Rautenstrauch, Lilly",Lilly,Rautenstrauch,,30160,"Rautenstrauch, Lilly","RAUTENSTRAUCH,LILLY",Houghton,HOU,702-2077,2,1,1,0,1,0.0,0.0,0.0,0.0,0.0,0.0,0.0,0.0,0.0,0.0,0.0,0.0,0.0,0.0,0.0,0.0,0.0,0.0,0.0,0.0,0.0,0.0,0.0,0.0,0.0,0.0,0.0,0.0,0.0,0.0,0.0,,135:00,0.0,0.0,0.0,7.0,1.0,0,0.0,0.0,0.6,1.33,3.0,2.0,135:00,1.0,2.0,1.0,0.6,0.0,1.5,,,,,,-1.8741571440090692,6638,51
2026-27,wsoc,Empire 8 (E8),e8,Elmira,"Cantrell, Sarah",Sarah,Cantrell,,213,"Cantrell, Sarah","CANTRELL,SARAH",Elmira,ELM,1004-2644,7,6,1,0,1,0.0,0.0,0.0,0.0,0.0,0.0,0.0,0.0,0.0,0.0,0.0,0.0,0.0,0.0,0.0,0.0,0.0,0.0,0.0,0.0,0.0,0.0,0.0,0.0,0.0,0.0,0.0,0.0,0.0,0.0,0.0,,585:00,0.0,0.0,0.0,75.0,1.0,5,1.0,0.0,0.65,2.15,26.0,14.0,585:00,6.0,7.0,2.0,0.65,0.0,3.71,,,,,,-1.9853779047124611,6662,51
2026-27,wsoc,Empire 8 (E8),e8,Keuka,"Malec, Payton",Payton,Malec,,1159,"Malec, Payton","MALEC,PAYTON",Keuka,KEU,1241-1820,7,7,1,0,1,0.0,0.0,0.0,0.0,0.0,0.0,0.0,0.0,0.0,0.0,0.0,0.0,0.0,0.0,0.0,0.0,0.0,0.0,0.0,0.0,0.0,0.0,0.0,0.0,0.0,0.0,0.0,0.0,0.0,0.0,0.0,,585:00,0.0,0.0,0.0,52.0,0.0,4,3.0,1.0,0.618,2.0,21.0,13.0,585:00,7.0,7.0,1.86,0.618,0.143,3.0,,,,,,-2.0356020420608187,6670,51
2026-27,wsoc,Empire 8 (E8),e8,Hartwick,"Sweeney, Brynn",Brynn,Sweeney,,273,"Sweeney, Brynn","SWEENEY,BRYNN",Hartwick,WICK,1005-3640,2,0,99,0,99,0.0,0.0,0.0,0.0,0.0,0.0,0.0,0.0,0.0,0.0,0.0,0.0,0.0,0.0,0.0,0.0,0.0,0.0,0.0,0.0,0.0,0.0,0.0,0.0,0.0,0.0,0.0,0.0,0.0,0.0,0.0,,90:00,0.0,0.0,0.0,8.0,1.0,0,0.0,0.0,0.6,2.0,3.0,2.0,90:00,0.0,2.0,1.0,0.6,0.0,1.5,,,,,,-2.091183916188936,6680,51
2026-27,wsoc,Empire 8 (E8),e8,Geneseo,"Budgar, Natalie",Natalie,Budgar,,247,"Budgar, Natalie","BUDGAR,NATALIE",Geneseo,GEN,1171-2413,2,0,0,0,0,0.0,0.0,0.0,0.0,0.0,0.0,0.0,0.0,0.0,0.0,0.0,0.0,0.0,0.0,0.0,0.0,0.0,0.0,0.0,0.0,0.0,0.0,0.0,0.0,0.0,0.0,0.0,0.0,0.0,0.0,0.0,,86:00,0.0,0.0,0.0,8.0,0.0,1,0.0,0.0,0.6,2.09,3.0,2.0,86:44,0.0,2.0,1.0,0.6,0.0,1.5,,,,,,-2.120336766183246,6685,51
2026-27,wsoc,Empire 8 (E8),e8,Utica,"Jarkiewicz, Megan",Megan,Jarkiewicz,,733,"Jarkiewicz, Megan","JARKIEWICZ,MEGAN",Utica,UTC,1010-8000,2,0,2,0,2,0.0,0.0,0.0,0.0,0.0,0.0,0.0,0.0,0.0,0.0,0.0,0.0,0.0,0.0,0.0,0.0,0.0,0.0,0.0,0.0,0.0,0.0,0.0,0.0,0.0,0.0,0.0,0.0,0.0,0.0,0.0,,57:00,0.0,0.0,0.0,0.0,0.0,0,0.0,0.0,0.0,0.0,0.0,0.0,45:00,0.0,1.0,0.0,0.0,0.0,0.0,,,,,,-3.2960719428081604,6770,50
2026-27,wsoc,Empire 8 (E8),e8,Nazareth,"Kelly, Mckenna",Mckenna,Kelly,,461,"Kelly, Mckenna","KELLY,MCKENNA",Nazareth,NAZ,1007-5353,1,0,33,0,33,0.0,0.0,0.0,0.0,0.0,0.0,0.0,0.0,0.0,0.0,0.0,0.0,0.0,0.0,0.0,0.0,0.0,0.0,0.0,0.0,0.0,0.0,0.0,0.0,0.0,0.0,0.0,0.0,0.0,0.0,0.0,,09:00,0.0,0.0,0.0,2.0,0.0,0,0.0,0.0,0.0,0.0,0.0,0.0,09:19,0.0,1.0,0.0,0.0,0.0,0.0,,,,,,-3.2960719428081604,6773,50
2026-27,wsoc,Empire 8 (E8),e8,Houghton,"McLamb, Stephen",Stephen,McLamb,,30160,"McLamb, Stephen","MCLAMB,STEPHEN",Houghton,HOU,0,1,1,0,0,0,0.0,0.0,0.0,0.0,0.0,0.0,0.0,0.0,0.0,0.0,0.0,0.0,0.0,0.0,0.0,0.0,0.0,0.0,0.0,0.0,0.0,0.0,0.0,0.0,0.0,0.0,0.0,0.0,0.0,0.0,0.0,,90:00,0.0,0.0,0.0,14.0,0.0,0-1-0,0.0,0.0,0.375,5.0,3.0,5.0,90:00,1.0,1.0,5.0,0.375,0.0,3.0,,,,,,-3.7577190092674138,6812,50
2026-27,wsoc,Empire 8 (E8),e8,Alfred,"Hunt, Reagan",Reagan,Hunt,,18,"Hunt, Reagan","HUNT,REAGAN",Alfred,AUS,1003-6458,1,0,36,0,36,0.0,0.0,0.0,0.0,0.0,0.0,0.0,0.0,0.0,0.0,0.0,0.0,0.0,0.0,0.0,0.0,0.0,0.0,0.0,0.0,0.0,0.0,0.0,0.0,0.0,0.0,0.0,0.0,0.0,0.0,0.0,,21:00,0.0,0.0,0.0,1.0,0.0,0,0.0,0.0,0.0,4.5,0.0,1.0,20:30,0.0,1.0,1.0,0.0,0.0,0.0,,,,,,-4.753714442523682,6822,50
