season,sport,conference,conference_code,team,player_name,first_name,last_name,position,team_code,name,checkname,team_name,team_id,sdrm_id,games_played,games_started,uniform,year,code,shot_stats_penalty_kick_attempts,shot_stats_penalty_kick_goals,shot_stats_shots_on_goal,shot_stats_shots,shot_stats_points,shot_stats_assists,shot_stats_goals,shot_stats_penalty_shot_attempts,shot_stats_penalty_shot_goals,shot_stats_avg_shots_per_game,shot_stats_avg_sog_per_game,shot_stats_avg_points_per_game,shot_stats_avg_goals_per_game,shot_stats_avg_assists_per_game,shot_stats_shots_saved_by_goalie,goal_stats_game_tying,goal_stats_hattricks,goal_stats_overtime,goal_stats_first,goal_stats_unassisted,goal_stats_game_winning,goal_stats_avg_gw_per_game,caution_stats_fouls,caution_stats_red_cards,caution_stats_yellow_cards,caution_stats_green_cards,caution_stats_avg_fouls_per_game,caution_stats_avg_yc_per_game,caution_stats_avg_rc_per_game,caution_stats_avg_gc_per_game,misc_stats_offsides,misc_stats_corner_kicks,misc_stats_minutes_played,misc_stats_defensive_saves,misc_stats_avg_corners_per_game,misc_stats_avg_offsides_per_game,goalie_stats_shots_faced,goalie_stats_ties,goalie_stats_losses,goalie_stats_wins,goalie_stats_shutouts,goalie_stats_save_percentage,goalie_stats_goals_against_avg,goalie_stats_saves,goalie_stats_goals_allowed,goalie_stats_minutes,goalie_stats_games_started,goalie_stats_games_played,goalie_stats_avg_ga_per_game,goalie_stats_save_percentage_calc,goalie_stats_avg_sho_per_game,goalie_stats_avg_saves_per_game,goalie_stats,shot_stats,goal_stats,caution_stats,misc_stats,composite_score,global_rank,rating
2026-27,wsoc,Michigan Intercollegiate Athletic Association (MIAA),miaa,Kalamazoo,"Courtney, Anna",Anna,Courtney,,326,"Courtney, Anna","COURTNEY,ANNA",Kalamazoo,KZOO,1088-2101,8,8,17,0,17,0.0,0.0,12.0,15.0,15.0,3.0,6.0,0.0,0.0,1.88,1.5,1.88,0.75,0.375,6.0,0.0,1.0,0.0,3.0,2.0,4.0,0.5,4.0,0.0,0.0,0.0,0.5,0.0,0.0,0.0,0.0,,556:00,0.0,0.0,0.0,,,,,,,,,,,,,,,,,,,,,,17.647885753469296,30,95
2026-27,wsoc,Michigan Intercollegiate Athletic Association (MIAA),miaa,Albion,"Green, Kelsi",Kelsi,Green,,15,"Green, Kelsi","GREEN,KELSI",Albion,AC,1084-3716,8,8,5,0,5,0.0,0.0,14.0,18.0,15.0,1.0,7.0,0.0,0.0,2.25,1.75,1.88,0.875,0.125,7.0,0.0,1.0,0.0,2.0,1.0,2.0,0.25,5.0,0.0,0.0,0.0,0.63,0.0,0.0,0.0,0.0,,448:00,0.0,0.0,0.0,,,,,,,,,,,,,,,,,,,,,,16.43820867865613,37,95
2026-27,wsoc,Michigan Intercollegiate Athletic Association (MIAA),miaa,Calvin,"Waroway, Mikaela",Mikaela,Waroway,,114,"Waroway, Mikaela","WAROWAY,MIKAELA",Calvin,CAL,1086-2131,7,7,10,0,10,0.0,0.0,14.0,26.0,13.0,1.0,6.0,1.0,1.0,3.71,2.0,1.86,0.857,0.143,8.0,0.0,1.0,0.0,3.0,1.0,2.0,0.286,8.0,0.0,1.0,0.0,1.14,0.14,0.0,0.0,0.0,,515:00,0.0,0.0,0.0,,,,,,,,,,,,,,,,,,,,,,14.411311003466718,60,95
2026-27,wsoc,Michigan Intercollegiate Athletic Association (MIAA),miaa,Calvin,"Nagelkirk, Vivian",Vivian,Nagelkirk,,114,"Nagelkirk, Vivian","NAGELKIRK,VIVIAN",Calvin,CAL,1086-2519,7,6,4,0,4,0.0,0.0,6.0,10.0,9.0,5.0,2.0,0.0,0.0,1.43,0.86,1.29,0.286,0.714,4.0,0.0,0.0,0.0,0.0,0.0,1.0,0.143,5.0,0.0,0.0,0.0,0.71,0.0,0.0,0.0,0.0,,337:00,0.0,0.0,0.0,,,,,,,,,,,,,,,,,,,,,,12.144916441821954,105,94
2026-27,wsoc,Michigan Intercollegiate Athletic Association (MIAA),miaa,Hope,"Barnard, Halle",Halle,Barnard,,286,"Barnard, Halle","BARNARD,HALLE",Hope,HC,1087-3222,8,8,27,0,27,0.0,0.0,13.0,19.0,9.0,3.0,3.0,0.0,0.0,2.38,1.63,1.13,0.375,0.375,10.0,0.0,0.0,0.0,2.0,1.0,2.0,0.25,6.0,0.0,0.0,0.0,0.75,0.0,0.0,0.0,0.0,,542:00,0.0,0.0,0.0,,,,,,,,,,,,,,,,,,,,,,11.72518106812412,112,94
2026-27,wsoc,Michigan Intercollegiate Athletic Association (MIAA),miaa,Saint Mary's,"Johnson, Mia",Mia,Johnson,,8688,"Johnson, Mia","JOHNSON,MIA",Saint Mary's,SMC,1090-469,7,7,19,0,19,0.0,0.0,9.0,21.0,11.0,1.0,5.0,0.0,0.0,3.0,1.29,1.57,0.714,0.143,4.0,0.0,0.0,0.0,3.0,0.0,2.0,0.286,5.0,0.0,0.0,0.0,0.71,0.0,0.0,0.0,0.0,,466:00,0.0,0.0,0.0,,,,,,,,,,,,,,,,,,,,,,11.594471627161967,116,94
2026-27,wsoc,Michigan Intercollegiate Athletic Association (MIAA),miaa,Kalamazoo,"Hogan, Ruby",Ruby,Hogan,,326,"Hogan, Ruby","HOGAN,RUBY",Kalamazoo,KZOO,1088-1858,8,8,20,0,20,0.0,0.0,19.0,35.0,9.0,1.0,4.0,1.0,1.0,4.38,2.38,1.13,0.5,0.125,15.0,1.0,0.0,0.0,0.0,2.0,0.0,0.0,8.0,0.0,0.0,0.0,1.0,0.0,0.0,0.0,0.0,,688:00,0.0,0.0,0.0,,,,,,,,,,,,,,,,,,,,,,11.147457354203222,126,94
2026-27,wsoc,Michigan Intercollegiate Athletic Association (MIAA),miaa,Olivet,Ava Harshbarger,Ava,Harshbarger,,525,Ava Harshbarger,"HARSHBARGER,AVA",Olivet,OLIVET,0,7,7,25,0,25,0.0,0.0,11.0,17.0,8.0,2.0,3.0,0.0,0.0,2.43,1.57,1.14,0.429,0.286,8.0,0.0,0.0,0.0,0.0,1.0,0.0,0.0,5.0,0.0,1.0,0.0,0.71,0.14,0.0,0.0,0.0,,586:00,0.0,0.0,0.0,,,,,,,,,,,,,,,,,,,,,,9.632928672453632,176,94
2026-27,wsoc,Michigan Intercollegiate Athletic Association (MIAA),miaa,Trine,"Leihgeber, Ava",Ava,Leihgeber,,30037,"Leihgeber, Ava","LEIHGEBER,AVA",Trine,Trine,1091-5009,9,9,29,0,29,0.0,0.0,7.0,17.0,7.0,3.0,2.0,0.0,0.0,1.89,0.78,0.78,0.222,0.333,5.0,1.0,0.0,0.0,1.0,1.0,0.0,0.0,11.0,0.0,0.0,0.0,1.22,0.0,0.0,0.0,0.0,,632:00,0.0,0.0,0.0,,,,,,,,,,,,,,,,,,,,,,8.750353351596308,219,94
2026-27,wsoc,Michigan Intercollegiate Athletic Association (MIAA),miaa,Kalamazoo,"Norman, Savannah",Savannah,Norman,,326,"Norman, Savannah","NORMAN,SAVANNAH",Kalamazoo,KZOO,1088-1878,8,8,22,0,22,0.0,0.0,5.0,9.0,7.0,3.0,2.0,0.0,0.0,1.13,0.63,0.88,0.25,0.375,3.0,0.0,0.0,0.0,1.0,0.0,1.0,0.125,8.0,0.0,0.0,0.0,1.0,0.0,0.0,0.0,0.0,,526:00,0.0,0.0,0.0,,,,,,,,,,,,,,,,,,,,,,8.434376671150176,236,94
2026-27,wsoc,Michigan Intercollegiate Athletic Association (MIAA),miaa,Albion,"Gorno, Claire",Claire,Gorno,,15,"Gorno, Claire","GORNO,CLAIRE",Albion,AC,1084-3720,8,8,19,0,19,0.0,0.0,11.0,24.0,7.0,1.0,3.0,0.0,0.0,3.0,1.38,0.88,0.375,0.125,8.0,0.0,0.0,0.0,2.0,0.0,2.0,0.25,5.0,0.0,0.0,0.0,0.63,0.0,0.0,0.0,0.0,,422:00,0.0,0.0,0.0,,,,,,,,,,,,,,,,,,,,,,7.856652957229277,263,93
2026-27,wsoc,Michigan Intercollegiate Athletic Association (MIAA),miaa,Hope,"Plummer, Avery",Avery,Plummer,,286,"Plummer, Avery","PLUMMER,AVERY",Hope,HC,1087-4466,8,8,11,0,11,0.0,0.0,9.0,15.0,8.0,0.0,4.0,0.0,0.0,1.88,1.13,1.0,0.5,0.0,5.0,0.0,0.0,0.0,2.0,1.0,1.0,0.125,4.0,0.0,0.0,0.0,0.5,0.0,0.0,0.0,0.0,,474:00,0.0,0.0,0.0,,,,,,,,,,,,,,,,,,,,,,7.791298236748202,268,93
2026-27,wsoc,Michigan Intercollegiate Athletic Association (MIAA),miaa,Calvin,"Thebeau, Maya",Maya,Thebeau,,114,"Thebeau, Maya","THEBEAU,MAYA",Calvin,CAL,1086-3148,6,1,30,0,30,0.0,0.0,7.0,10.0,7.0,1.0,3.0,0.0,0.0,1.67,1.17,1.17,0.5,0.167,4.0,0.0,0.0,0.0,0.0,3.0,0.0,0.0,2.0,0.0,0.0,0.0,0.33,0.0,0.0,0.0,0.0,,214:00,0.0,0.0,0.0,,,,,,,,,,,,,,,,,,,,,,7.22469959633701,302,93
2026-27,wsoc,Michigan Intercollegiate Athletic Association (MIAA),miaa,Olivet,Victoria Murphy,Victoria,Murphy,,525,Victoria Murphy,"MURPHY,VICTORIA",Olivet,OLIVET,0,8,8,12,0,12,0.0,0.0,5.0,7.0,7.0,1.0,3.0,0.0,0.0,0.88,0.63,0.88,0.375,0.125,2.0,0.0,0.0,0.0,0.0,1.0,0.0,0.0,3.0,0.0,0.0,0.0,0.38,0.0,0.0,0.0,0.0,,469:00,0.0,0.0,0.0,,,,,,,,,,,,,,,,,,,,,,6.908722915890877,330,93
2026-27,wsoc,Michigan Intercollegiate Athletic Association (MIAA),miaa,Saint Mary's,"Johnson, Ainsley",Ainsley,Johnson,,8688,"Johnson, Ainsley","JOHNSON,AINSLEY",Saint Mary's,SMC,1090-555,7,0,7,0,7,0.0,0.0,4.0,10.0,6.0,2.0,2.0,0.0,0.0,1.43,0.57,0.86,0.286,0.286,2.0,0.0,0.0,0.0,0.0,1.0,0.0,0.0,1.0,0.0,0.0,0.0,0.14,0.0,0.0,0.0,0.0,,148:00,0.0,0.0,0.0,,,,,,,,,,,,,,,,,,,,,,6.500112615702752,362,93
2026-27,wsoc,Michigan Intercollegiate Athletic Association (MIAA),miaa,Alma,"Sczepanski, Grace",Grace,Sczepanski,,21,"Sczepanski, Grace","SCZEPANSKI,GRACE",Alma,Alma,1085-4108,8,8,40,0,40,0.0,0.0,3.0,7.0,6.0,2.0,2.0,0.0,0.0,0.88,0.38,0.75,0.25,0.25,1.0,0.0,0.0,0.0,2.0,1.0,2.0,0.25,2.0,0.0,0.0,0.0,0.25,0.0,0.0,0.0,0.0,,520:00,0.0,0.0,0.0,,,,,,,,,,,,,,,,,,,,,,6.342124275479686,376,93
2026-27,wsoc,Michigan Intercollegiate Athletic Association (MIAA),miaa,Calvin,"Rawls, Olivia",Olivia,Rawls,,114,"Rawls, Olivia","RAWLS,OLIVIA",Calvin,CAL,1086-2520,7,7,7,0,7,0.0,0.0,2.0,8.0,6.0,2.0,2.0,0.0,0.0,1.14,0.29,0.86,0.286,0.286,0.0,1.0,0.0,0.0,0.0,0.0,0.0,0.0,10.0,0.0,1.0,0.0,1.43,0.14,0.0,0.0,0.0,,422:00,0.0,0.0,0.0,,,,,,,,,,,,,,,,,,,,,,6.184135935256619,388,93
2026-27,wsoc,Michigan Intercollegiate Athletic Association (MIAA),miaa,Alma,"Ahearn, Emily",Emily,Ahearn,,21,"Ahearn, Emily","AHEARN,EMILY",Alma,Alma,1085-3693,8,8,9,0,9,0.0,0.0,9.0,16.0,5.0,1.0,2.0,1.0,1.0,2.0,1.13,0.63,0.25,0.125,7.0,1.0,0.0,0.0,0.0,1.0,0.0,0.0,2.0,0.0,0.0,0.0,0.25,0.0,0.0,0.0,0.0,,547:00,0.0,0.0,0.0,,,,,,,,,,,,,,,,,,,,,,5.513778601593729,434,92
2026-27,wsoc,Michigan Intercollegiate Athletic Association (MIAA),miaa,Trine,"Benham, Julia",Julia,Benham,,30037,"Benham, Julia","BENHAM,JULIA",Trine,Trine,1091-4564,9,9,23,0,23,0.0,0.0,9.0,16.0,5.0,1.0,2.0,0.0,0.0,1.78,1.0,0.56,0.222,0.111,7.0,0.0,0.0,0.0,2.0,2.0,0.0,0.0,3.0,0.0,1.0,0.0,0.33,0.11,0.0,0.0,0.0,,738:00,0.0,0.0,0.0,,,,,,,,,,,,,,,,,,,,,,5.513778601593729,435,92
2026-27,wsoc,Michigan Intercollegiate Athletic Association (MIAA),miaa,Adrian,"Batur, Delaney",Delaney,Batur,,4,"Batur, Delaney","BATUR,DELANEY",Adrian,ADR,1083-6909,7,6,12,0,12,0.0,0.0,12.0,23.0,3.0,3.0,0.0,0.0,0.0,3.29,1.71,0.43,0.0,0.429,12.0,0.0,0.0,0.0,0.0,0.0,0.0,0.0,9.0,0.0,0.0,0.0,1.29,0.0,0.0,0.0,0.0,,453:00,0.0,0.0,0.0,,,,,,,,,,,,,,,,,,,,,,5.486499702332813,443,92
2026-27,wsoc,Michigan Intercollegiate Athletic Association (MIAA),miaa,Trine,"McDowell, Maggie",Maggie,McDowell,,30037,"McDowell, Maggie","MCDOWELL,MAGGIE",Trine,Trine,1091-4567,9,9,5,0,5,0.0,0.0,6.0,17.0,6.0,0.0,3.0,0.0,0.0,1.89,0.67,0.67,0.333,0.0,3.0,0.0,0.0,0.0,2.0,2.0,1.0,0.111,8.0,0.0,2.0,0.0,0.89,0.22,0.0,0.0,0.0,,640:00,0.0,0.0,0.0,,,,,,,,,,,,,,,,,,,,,,5.290435540889589,463,92
2026-27,wsoc,Michigan Intercollegiate Athletic Association (MIAA),miaa,Calvin,"Boeving, Ellery",Ellery,Boeving,,114,"Boeving, Ellery","BOEVING,ELLERY",Calvin,CAL,1086-2870,7,7,2,0,2,0.0,0.0,7.0,9.0,5.0,1.0,2.0,0.0,0.0,1.29,1.0,0.71,0.286,0.143,5.0,0.0,0.0,0.0,1.0,0.0,1.0,0.143,1.0,0.0,0.0,0.0,0.14,0.0,0.0,0.0,0.0,,437:00,0.0,0.0,0.0,,,,,,,,,,,,,,,,,,,,,,5.197801921147596,467,92
2026-27,wsoc,Michigan Intercollegiate Athletic Association (MIAA),miaa,Alma,"Waterstredt, Anna",Anna,Waterstredt,,21,"Waterstredt, Anna","WATERSTREDT,ANNA",Alma,Alma,1085-3729,8,7,13,0,13,0.0,0.0,5.0,11.0,6.0,0.0,3.0,0.0,0.0,1.38,0.63,0.75,0.375,0.0,2.0,0.0,0.0,0.0,2.0,1.0,1.0,0.125,2.0,0.0,0.0,0.0,0.25,0.0,0.0,0.0,0.0,,482:00,0.0,0.0,0.0,,,,,,,,,,,,,,,,,,,,,,5.1324472006665225,486,92
2026-27,wsoc,Michigan Intercollegiate Athletic Association (MIAA),miaa,Kalamazoo,"Nolan, Maeve",Maeve,Nolan,,326,"Nolan, Maeve","NOLAN,MAEVE",Kalamazoo,KZOO,1088-1912,8,8,13,0,13,0.0,0.0,7.0,16.0,4.0,2.0,1.0,0.0,0.0,2.0,0.88,0.5,0.125,0.25,6.0,0.0,0.0,0.0,0.0,1.0,0.0,0.0,6.0,0.0,3.0,0.0,0.75,0.38,0.0,0.0,0.0,,648:00,0.0,0.0,0.0,,,,,,,,,,,,,,,,,,,,,,4.947179961182538,515,92
2026-27,wsoc,Michigan Intercollegiate Athletic Association (MIAA),miaa,Albion,"Zeleny, Brooklyn",Brooklyn,Zeleny,,15,"Zeleny, Brooklyn","ZELENY,BROOKLYN",Albion,AC,1084-3954,8,8,3,0,3,0.0,0.0,7.0,18.0,4.0,2.0,1.0,0.0,0.0,2.25,0.88,0.5,0.125,0.25,6.0,0.0,0.0,0.0,0.0,0.0,0.0,0.0,5.0,0.0,0.0,0.0,0.63,0.0,0.0,0.0,0.0,,463:00,0.0,0.0,0.0,,,,,,,,,,,,,,,,,,,,,,4.947179961182538,518,92
2026-27,wsoc,Michigan Intercollegiate Athletic Association (MIAA),miaa,Trine,"Vokal, Regan",Regan,Vokal,,30037,"Vokal, Regan","VOKAL,REGAN",Trine,Trine,1091-5504,9,9,22,0,22,0.0,0.0,5.0,5.0,5.0,1.0,2.0,0.0,0.0,0.56,0.56,0.56,0.222,0.111,3.0,0.0,0.0,0.0,1.0,1.0,1.0,0.111,4.0,0.0,0.0,0.0,0.44,0.0,0.0,0.0,0.0,,794:00,0.0,0.0,0.0,,,,,,,,,,,,,,,,,,,,,,4.881825240701463,536,92
2026-27,wsoc,Michigan Intercollegiate Athletic Association (MIAA),miaa,Olivet,Gia Hyden,Gia,Hyden,,525,Gia Hyden,"HYDEN,GIA",Olivet,OLIVET,0,7,7,18,0,18,0.0,0.0,4.0,5.0,5.0,1.0,2.0,0.0,0.0,0.71,0.57,0.71,0.286,0.143,2.0,0.0,0.0,0.0,0.0,0.0,0.0,0.0,2.0,0.0,0.0,0.0,0.29,0.0,0.0,0.0,0.0,,592:00,0.0,0.0,0.0,,,,,,,,,,,,,,,,,,,,,,4.723836900478396,553,91
2026-27,wsoc,Michigan Intercollegiate Athletic Association (MIAA),miaa,Albion,"Hohlbein, Micaela",Micaela,Hohlbein,,15,"Hohlbein, Micaela","HOHLBEIN,MICAELA",Albion,AC,1084-3455,8,0,18,0,18,0.0,0.0,3.0,4.0,5.0,1.0,2.0,1.0,0.0,0.5,0.38,0.63,0.25,0.125,1.0,0.0,0.0,0.0,1.0,2.0,1.0,0.125,1.0,0.0,0.0,0.0,0.13,0.0,0.0,0.0,0.0,,251:00,0.0,0.0,0.0,,,,,,,,,,,,,,,,,,,,,,4.56584856025533,586,91
2026-27,wsoc,Michigan Intercollegiate Athletic Association (MIAA),miaa,Hope,"Rose, Bri",Bri,Rose,,286,"Rose, Bri","ROSE,BRI",Hope,HC,1087-3230,7,6,12,0,12,0.0,0.0,1.0,4.0,4.0,2.0,1.0,0.0,0.0,0.57,0.14,0.57,0.143,0.286,0.0,0.0,0.0,0.0,1.0,1.0,0.0,0.0,4.0,0.0,1.0,0.0,0.57,0.14,0.0,0.0,0.0,,546:00,0.0,0.0,0.0,,,,,,,,,,,,,,,,,,,,,,3.9992499198441394,656,91
2026-27,wsoc,Michigan Intercollegiate Athletic Association (MIAA),miaa,Alma,"Torok, Aubri",Aubri,Torok,,21,"Torok, Aubri","TOROK,AUBRI",Alma,Alma,1085-4027,5,2,31,0,31,0.0,0.0,1.0,4.0,4.0,2.0,1.0,0.0,0.0,0.8,0.2,0.8,0.2,0.4,0.0,0.0,0.0,0.0,1.0,0.0,1.0,0.2,1.0,0.0,0.0,0.0,0.2,0.0,0.0,0.0,0.0,,175:00,0.0,0.0,0.0,,,,,,,,,,,,,,,,,,,,,,3.9992499198441394,659,91
2026-27,wsoc,Michigan Intercollegiate Athletic Association (MIAA),miaa,Trine,"Scully, Erin",Erin,Scully,,30037,"Scully, Erin","SCULLY,ERIN",Trine,Trine,1091-4568,7,2,15,0,15,0.0,0.0,11.0,17.0,3.0,1.0,1.0,0.0,0.0,2.43,1.57,0.43,0.143,0.143,10.0,0.0,0.0,0.0,1.0,0.0,0.0,0.0,2.0,0.0,0.0,0.0,0.29,0.0,0.0,0.0,0.0,,259:00,0.0,0.0,0.0,,,,,,,,,,,,,,,,,,,,,,3.802857606850449,674,91
2026-27,wsoc,Michigan Intercollegiate Athletic Association (MIAA),miaa,Albion,"Armbruster, Eva",Eva,Armbruster,,15,"Armbruster, Eva","ARMBRUSTER,EVA",Albion,AC,1084-4257,8,0,6,0,6,0.0,0.0,8.0,12.0,4.0,0.0,2.0,0.0,0.0,1.5,1.0,0.5,0.25,0.0,6.0,0.0,0.0,0.0,0.0,2.0,0.0,0.0,1.0,0.0,0.0,0.0,0.13,0.0,0.0,0.0,0.0,,250:00,0.0,0.0,0.0,,,,,,,,,,,,,,,,,,,,,,3.579514546146307,687,91
2026-27,wsoc,Michigan Intercollegiate Athletic Association (MIAA),miaa,Albion,"Irwin, Ceci",Ceci,Irwin,,15,"Irwin, Ceci","IRWIN,CECI",Albion,AC,1084-3717,8,0,10,0,10,0.0,0.0,8.0,11.0,4.0,0.0,2.0,0.0,0.0,1.38,1.0,0.5,0.25,0.0,6.0,0.0,0.0,0.0,0.0,1.0,0.0,0.0,2.0,0.0,0.0,0.0,0.25,0.0,0.0,0.0,0.0,,291:00,0.0,0.0,0.0,,,,,,,,,,,,,,,,,,,,,,3.579514546146307,692,91
2026-27,wsoc,Michigan Intercollegiate Athletic Association (MIAA),miaa,Albion,"Salo, Chloe",Chloe,Salo,,15,"Salo, Chloe","SALO,CHLOE",Albion,AC,1084-3963,8,8,29,0,29,0.0,0.0,11.0,27.0,2.0,2.0,0.0,0.0,0.0,3.38,1.38,0.25,0.0,0.25,11.0,0.0,0.0,0.0,0.0,0.0,0.0,0.0,0.0,0.0,0.0,0.0,0.0,0.0,0.0,0.0,0.0,,450:00,0.0,0.0,0.0,,,,,,,,,,,,,,,,,,,,,,3.55223564688539,703,90
2026-27,wsoc,Michigan Intercollegiate Athletic Association (MIAA),miaa,Adrian,"Verhaeghe, Madison",Madison,Verhaeghe,,4,"Verhaeghe, Madison","VERHAEGHE,MADISON",Adrian,ADR,1083-14386,9,8,3,0,3,0.0,0.0,9.0,19.0,3.0,1.0,1.0,0.0,0.0,2.11,1.0,0.33,0.111,0.111,8.0,0.0,0.0,0.0,1.0,0.0,0.0,0.0,12.0,0.0,2.0,0.0,1.33,0.22,0.0,0.0,0.0,,614:00,0.0,0.0,0.0,,,,,,,,,,,,,,,,,,,,,,3.4868809264043157,714,90
2026-27,wsoc,Michigan Intercollegiate Athletic Association (MIAA),miaa,Adrian,"Hughes, Ashley",Ashley,Hughes,,4,"Hughes, Ashley","HUGHES,ASHLEY",Adrian,ADR,1083-13710,7,6,8,0,8,0.0,0.0,5.0,9.0,4.0,0.0,2.0,0.0,0.0,1.29,0.71,0.57,0.286,0.0,3.0,0.0,0.0,0.0,0.0,0.0,1.0,0.143,3.0,0.0,0.0,0.0,0.43,0.0,0.0,0.0,0.0,,424:00,0.0,0.0,0.0,,,,,,,,,,,,,,,,,,,,,,3.1055495254771075,784,90
2026-27,wsoc,Michigan Intercollegiate Athletic Association (MIAA),miaa,Hope,"Suptela, Alexis",Alexis,Suptela,,286,"Suptela, Alexis","SUPTELA,ALEXIS",Hope,HC,1087-4468,8,8,28,0,28,0.0,0.0,5.0,8.0,4.0,0.0,2.0,0.0,0.0,1.0,0.63,0.5,0.25,0.0,3.0,0.0,0.0,0.0,0.0,1.0,0.0,0.0,5.0,0.0,0.0,0.0,0.63,0.0,0.0,0.0,0.0,,491:00,0.0,0.0,0.0,,,,,,,,,,,,,,,,,,,,,,3.1055495254771075,789,90
2026-27,wsoc,Michigan Intercollegiate Athletic Association (MIAA),miaa,Kalamazoo,"DeKuiper, Sydney",Sydney,DeKuiper,,326,"DeKuiper, Sydney","DEKUIPER,SYDNEY",Kalamazoo,KZOO,1088-2280,8,5,26,0,26,0.0,0.0,6.0,14.0,3.0,1.0,1.0,0.0,0.0,1.75,0.75,0.38,0.125,0.125,5.0,0.0,0.0,0.0,0.0,0.0,0.0,0.0,11.0,0.0,0.0,0.0,1.38,0.0,0.0,0.0,0.0,,494:00,0.0,0.0,0.0,,,,,,,,,,,,,,,,,,,,,,3.012915905735116,796,90
2026-27,wsoc,Michigan Intercollegiate Athletic Association (MIAA),miaa,Hope,"Berkey, Heidi",Heidi,Berkey,,286,"Berkey, Heidi","BERKEY,HEIDI",Hope,HC,1087-3223,8,0,18,0,18,0.0,0.0,4.0,8.0,4.0,0.0,2.0,0.0,0.0,1.0,0.5,0.5,0.25,0.0,2.0,0.0,0.0,0.0,0.0,1.0,0.0,0.0,1.0,0.0,0.0,0.0,0.13,0.0,0.0,0.0,0.0,,212:00,0.0,0.0,0.0,,,,,,,,,,,,,,,,,,,,,,2.947561185254041,810,90
2026-27,wsoc,Michigan Intercollegiate Athletic Association (MIAA),miaa,Alma,"Beall, Ivy",Ivy,Beall,,21,"Beall, Ivy","BEALL,IVY",Alma,Alma,1085-4020,9,6,24,0,24,0.0,0.0,5.0,12.0,3.0,1.0,1.0,0.0,0.0,1.33,0.56,0.33,0.111,0.111,4.0,0.0,0.0,0.0,0.0,1.0,0.0,0.0,2.0,0.0,0.0,0.0,0.22,0.0,0.0,0.0,0.0,,357:00,0.0,0.0,0.0,,,,,,,,,,,,,,,,,,,,,,2.8549275655120496,852,89
2026-27,wsoc,Michigan Intercollegiate Athletic Association (MIAA),miaa,Alma,"Hoffman, Ava",Ava,Hoffman,,21,"Hoffman, Ava","HOFFMAN,AVA",Alma,Alma,1085-4115,6,4,30,0,30,0.0,0.0,5.0,8.0,3.0,1.0,1.0,0.0,0.0,1.33,0.83,0.5,0.167,0.167,4.0,0.0,0.0,0.0,1.0,0.0,1.0,0.167,4.0,0.0,0.0,0.0,0.67,0.0,0.0,0.0,0.0,,292:00,0.0,0.0,0.0,,,,,,,,,,,,,,,,,,,,,,2.8549275655120496,862,89
2026-27,wsoc,Michigan Intercollegiate Athletic Association (MIAA),miaa,Adrian,"Jagodzinski, Gracie",Gracie,Jagodzinski,,4,"Jagodzinski, Gracie","JAGODZINSKI,GRACIE",Adrian,ADR,1083-13711,9,5,17,0,17,0.0,0.0,5.0,7.0,3.0,1.0,1.0,0.0,0.0,0.78,0.56,0.33,0.111,0.111,4.0,0.0,0.0,0.0,1.0,0.0,0.0,0.0,2.0,0.0,0.0,0.0,0.22,0.0,0.0,0.0,0.0,,416:00,0.0,0.0,0.0,,,,,,,,,,,,,,,,,,,,,,2.8549275655120496,863,89
2026-27,wsoc,Michigan Intercollegiate Athletic Association (MIAA),miaa,Adrian,"Aikens, Bri",Bri,Aikens,,4,"Aikens, Bri","AIKENS,BRI",Adrian,ADR,1083-6054,9,8,14,0,14,0.0,0.0,3.0,6.0,4.0,0.0,2.0,1.0,1.0,0.67,0.33,0.44,0.222,0.0,1.0,0.0,0.0,0.0,0.0,1.0,1.0,0.111,1.0,0.0,0.0,0.0,0.11,0.0,0.0,0.0,0.0,,735:00,0.0,0.0,0.0,,,,,,,,,,,,,,,,,,,,,,2.7895728450309742,878,89
2026-27,wsoc,Michigan Intercollegiate Athletic Association (MIAA),miaa,Alma,"Reyburn, Kaitlyn",Kaitlyn,Reyburn,,21,"Reyburn, Kaitlyn","REYBURN,KAITLYN",Alma,Alma,1085-4137,7,1,22,0,22,0.0,0.0,3.0,5.0,4.0,0.0,2.0,0.0,0.0,0.71,0.43,0.57,0.286,0.0,1.0,0.0,0.0,0.0,0.0,0.0,0.0,0.0,2.0,0.0,0.0,0.0,0.29,0.0,0.0,0.0,0.0,,118:00,0.0,0.0,0.0,,,,,,,,,,,,,,,,,,,,,,2.7895728450309742,906,89
2026-27,wsoc,Michigan Intercollegiate Athletic Association (MIAA),miaa,Alma,"Rohloff, Brenna",Brenna,Rohloff,,21,"Rohloff, Brenna","ROHLOFF,BRENNA",Alma,Alma,1085-4013,8,3,21,0,21,0.0,0.0,3.0,4.0,4.0,0.0,2.0,0.0,0.0,0.5,0.38,0.5,0.25,0.0,1.0,0.0,0.0,0.0,0.0,1.0,2.0,0.25,6.0,0.0,0.0,0.0,0.75,0.0,0.0,0.0,0.0,,432:00,0.0,0.0,0.0,,,,,,,,,,,,,,,,,,,,,,2.7895728450309742,907,89
2026-27,wsoc,Michigan Intercollegiate Athletic Association (MIAA),miaa,Albion,"Hurtado, Diane",Diane,Hurtado,,15,"Hurtado, Diane","HURTADO,DIANE",Albion,AC,1084-3959,8,8,23,0,23,0.0,0.0,6.0,11.0,2.0,2.0,0.0,0.0,0.0,1.38,0.75,0.25,0.0,0.25,6.0,0.0,0.0,0.0,0.0,0.0,0.0,0.0,3.0,0.0,0.0,0.0,0.38,0.0,0.0,0.0,0.0,,516:00,0.0,0.0,0.0,,,,,,,,,,,,,,,,,,,,,,2.7622939457700575,915,89
2026-27,wsoc,Michigan Intercollegiate Athletic Association (MIAA),miaa,Saint Mary's,"Larimer, Lily",Lily,Larimer,,8688,"Larimer, Lily","LARIMER,LILY",Saint Mary's,SMC,1090-558,7,4,17,0,17,0.0,0.0,4.0,8.0,3.0,1.0,1.0,0.0,0.0,1.14,0.57,0.43,0.143,0.143,3.0,0.0,0.0,0.0,1.0,0.0,0.0,0.0,6.0,0.0,0.0,0.0,0.86,0.0,0.0,0.0,0.0,,377:00,0.0,0.0,0.0,,,,,,,,,,,,,,,,,,,,,,2.696939225288983,934,89
2026-27,wsoc,Michigan Intercollegiate Athletic Association (MIAA),miaa,Alma,"Keck, Mckenzie",Mckenzie,Keck,,21,"Keck, Mckenzie","KECK,MCKENZIE",Alma,Alma,1085-4305,6,1,3,0,3,0.0,0.0,2.0,4.0,4.0,0.0,2.0,0.0,0.0,0.67,0.33,0.67,0.333,0.0,0.0,0.0,0.0,0.0,0.0,2.0,0.0,0.0,1.0,0.0,0.0,0.0,0.17,0.0,0.0,0.0,0.0,,114:00,0.0,0.0,0.0,,,,,,,,,,,,,,,,,,,,,,2.631584504807908,964,89
2026-27,wsoc,Michigan Intercollegiate Athletic Association (MIAA),miaa,Saint Mary's,"Knese, Isabella",Isabella,Knese,,8688,"Knese, Isabella","KNESE,ISABELLA",Saint Mary's,SMC,1090-557,7,7,27,0,27,0.0,0.0,2.0,6.0,4.0,0.0,2.0,0.0,0.0,0.86,0.29,0.57,0.286,0.0,0.0,0.0,0.0,0.0,0.0,0.0,1.0,0.143,9.0,0.0,0.0,0.0,1.29,0.0,0.0,0.0,0.0,,540:00,0.0,0.0,0.0,,,,,,,,,,,,,,,,,,,,,,2.631584504807908,966,89
2026-27,wsoc,Michigan Intercollegiate Athletic Association (MIAA),miaa,Calvin,"Glowicki, Lexi",Lexi,Glowicki,,114,"Glowicki, Lexi","GLOWICKI,LEXI",Calvin,CAL,1086-2874,4,4,27,0,27,0.0,0.0,3.0,5.0,3.0,1.0,1.0,0.0,0.0,1.25,0.75,0.75,0.25,0.25,2.0,0.0,0.0,0.0,1.0,0.0,1.0,0.25,4.0,0.0,0.0,0.0,1.0,0.0,0.0,0.0,0.0,,186:00,0.0,0.0,0.0,,,,,,,,,,,,,,,,,,,,,,2.5389508850659164,996,89
2026-27,wsoc,Michigan Intercollegiate Athletic Association (MIAA),miaa,Trine,"McClelland, Elly",Elly,McClelland,,30037,"McClelland, Elly","MCCLELLAND,ELLY",Trine,Trine,1091-5502,9,0,16,0,16,0.0,0.0,3.0,7.0,3.0,1.0,1.0,0.0,0.0,0.78,0.33,0.33,0.111,0.111,2.0,0.0,0.0,0.0,1.0,0.0,0.0,0.0,5.0,0.0,0.0,0.0,0.56,0.0,0.0,0.0,0.0,,242:00,0.0,0.0,0.0,,,,,,,,,,,,,,,,,,,,,,2.5389508850659164,1013,88
2026-27,wsoc,Michigan Intercollegiate Athletic Association (MIAA),miaa,Kalamazoo,"Schultz, Kearsten",Kearsten,Schultz,,326,"Schultz, Kearsten","SCHULTZ,KEARSTEN",Kalamazoo,KZOO,1088-2107,8,8,6,0,6,0.0,0.0,3.0,4.0,3.0,1.0,1.0,0.0,0.0,0.5,0.38,0.38,0.125,0.125,2.0,0.0,0.0,0.0,1.0,0.0,0.0,0.0,5.0,0.0,0.0,0.0,0.63,0.0,0.0,0.0,0.0,,602:00,0.0,0.0,0.0,,,,,,,,,,,,,,,,,,,,,,2.5389508850659164,1023,88
2026-27,wsoc,Michigan Intercollegiate Athletic Association (MIAA),miaa,Calvin,"Bergman, Katherine",Katherine,Bergman,,114,"Bergman, Katherine","BERGMAN,KATHERINE",Calvin,CAL,1086-2129,7,7,8,0,8,0.0,0.0,4.0,9.0,2.0,2.0,0.0,0.0,0.0,1.29,0.57,0.29,0.0,0.286,4.0,0.0,0.0,0.0,0.0,0.0,0.0,0.0,5.0,0.0,0.0,0.0,0.71,0.0,0.0,0.0,0.0,,471:00,0.0,0.0,0.0,,,,,,,,,,,,,,,,,,,,,,2.4463172653239247,1033,88
2026-27,wsoc,Michigan Intercollegiate Athletic Association (MIAA),miaa,Alma,"Thomas, Claire",Claire,Thomas,,21,"Thomas, Claire","THOMAS,CLAIRE",Alma,Alma,1085-4101,8,0,12,0,12,0.0,0.0,4.0,4.0,2.0,2.0,0.0,0.0,0.0,0.5,0.5,0.25,0.0,0.25,4.0,0.0,0.0,0.0,0.0,0.0,0.0,0.0,2.0,0.0,0.0,0.0,0.25,0.0,0.0,0.0,0.0,,224:00,0.0,0.0,0.0,,,,,,,,,,,,,,,,,,,,,,2.4463172653239247,1038,88
2026-27,wsoc,Michigan Intercollegiate Athletic Association (MIAA),miaa,Kalamazoo,"Abair, Callie",Callie,Abair,,326,"Abair, Callie","ABAIR,CALLIE",Kalamazoo,KZOO,1088-1874,5,1,11,0,11,0.0,0.0,2.0,5.0,3.0,1.0,1.0,0.0,0.0,1.0,0.4,0.6,0.2,0.2,1.0,0.0,0.0,0.0,0.0,0.0,0.0,0.0,3.0,0.0,0.0,0.0,0.6,0.0,0.0,0.0,0.0,,162:00,0.0,0.0,0.0,,,,,,,,,,,,,,,,,,,,,,2.38096254484285,1040,88
2026-27,wsoc,Michigan Intercollegiate Athletic Association (MIAA),miaa,Albion,"Czarnowski, Mia",Mia,Czarnowski,,15,"Czarnowski, Mia","CZARNOWSKI,MIA",Albion,AC,1084-3719,8,8,14,0,14,0.0,0.0,3.0,8.0,2.0,2.0,0.0,0.0,0.0,1.0,0.38,0.25,0.0,0.25,3.0,0.0,0.0,0.0,0.0,0.0,0.0,0.0,4.0,0.0,0.0,0.0,0.5,0.0,0.0,0.0,0.0,,579:00,0.0,0.0,0.0,,,,,,,,,,,,,,,,,,,,,,2.288328925100858,1088,88
2026-27,wsoc,Michigan Intercollegiate Athletic Association (MIAA),miaa,Kalamazoo,"Klahorst, Kate",Kate,Klahorst,,326,"Klahorst, Kate","KLAHORST,KATE",Kalamazoo,KZOO,1088-1877,8,6,8,0,8,0.0,0.0,3.0,4.0,2.0,2.0,0.0,0.0,0.0,0.5,0.38,0.25,0.0,0.25,3.0,0.0,0.0,0.0,0.0,0.0,0.0,0.0,3.0,0.0,0.0,0.0,0.38,0.0,0.0,0.0,0.0,,200:00,0.0,0.0,0.0,,,,,,,,,,,,,,,,,,,,,,2.288328925100858,1094,88
2026-27,wsoc,Michigan Intercollegiate Athletic Association (MIAA),miaa,Alma,"Michalczuk, Claire",Claire,Michalczuk,,21,"Michalczuk, Claire","MICHALCZUK,CLAIRE",Alma,Alma,1085-4309,8,1,2,0,2,0.0,0.0,1.0,4.0,3.0,1.0,1.0,0.0,0.0,0.5,0.13,0.38,0.125,0.125,0.0,0.0,0.0,0.0,0.0,0.0,0.0,0.0,1.0,0.0,0.0,0.0,0.13,0.0,0.0,0.0,0.0,,137:00,0.0,0.0,0.0,,,,,,,,,,,,,,,,,,,,,,2.2229742046197836,1116,88
2026-27,wsoc,Michigan Intercollegiate Athletic Association (MIAA),miaa,Olivet,Hadijah Namyalo,Hadijah,Namyalo,,525,Hadijah Namyalo,"NAMYALO,HADIJAH",Olivet,OLIVET,0,7,1,77,0,77,0.0,0.0,2.0,3.0,2.0,2.0,0.0,0.0,0.0,0.43,0.29,0.29,0.0,0.286,2.0,0.0,0.0,0.0,0.0,0.0,0.0,0.0,1.0,0.0,0.0,0.0,0.14,0.0,0.0,0.0,0.0,,326:00,0.0,0.0,0.0,,,,,,,,,,,,,,,,,,,,,,2.130340584877792,1138,88
2026-27,wsoc,Michigan Intercollegiate Athletic Association (MIAA),miaa,Saint Mary's,"O'Neal, Kayla",Kayla,O'Neal,,8688,"O'Neal, Kayla","O'NEAL,KAYLA",Saint Mary's,SMC,1090-473,7,5,31,0,31,0.0,0.0,2.0,3.0,2.0,2.0,0.0,0.0,0.0,0.43,0.29,0.29,0.0,0.286,2.0,0.0,0.0,0.0,0.0,0.0,0.0,0.0,1.0,0.0,0.0,0.0,0.14,0.0,0.0,0.0,0.0,,464:00,0.0,0.0,0.0,,,,,,,,,,,,,,,,,,,,,,2.130340584877792,1142,88
2026-27,wsoc,Michigan Intercollegiate Athletic Association (MIAA),miaa,Alma,"Palomino, Gracelyn",Gracelyn,Palomino,,21,"Palomino, Gracelyn","PALOMINO,GRACELYN",Alma,Alma,1085-4311,3,0,6,0,6,0.0,0.0,1.0,3.0,2.0,2.0,0.0,0.0,0.0,1.0,0.33,0.67,0.0,0.667,1.0,0.0,0.0,0.0,0.0,0.0,0.0,0.0,0.0,0.0,0.0,0.0,0.0,0.0,0.0,0.0,0.0,,43:00,0.0,0.0,0.0,,,,,,,,,,,,,,,,,,,,,,1.9723522446547253,1164,87
2026-27,wsoc,Michigan Intercollegiate Athletic Association (MIAA),miaa,Adrian,"Pape, Ciara",Ciara,Pape,,4,"Pape, Ciara","PAPE,CIARA",Adrian,ADR,1083-14382,8,7,4,0,4,0.0,0.0,1.0,1.0,2.0,2.0,0.0,0.0,0.0,0.13,0.13,0.25,0.0,0.25,1.0,0.0,0.0,0.0,0.0,0.0,0.0,0.0,0.0,0.0,0.0,0.0,0.0,0.0,0.0,0.0,0.0,,643:00,0.0,0.0,0.0,,,,,,,,,,,,,,,,,,,,,,1.9723522446547253,1165,87
2026-27,wsoc,Michigan Intercollegiate Athletic Association (MIAA),miaa,Saint Mary's,"Pranger, Elizabeth",Elizabeth,Pranger,,8688,"Pranger, Elizabeth","PRANGER,ELIZABETH",Saint Mary's,SMC,1090-559,7,4,6,0,6,0.0,0.0,0.0,2.0,2.0,2.0,0.0,0.0,0.0,0.29,0.0,0.29,0.0,0.286,0.0,0.0,0.0,0.0,0.0,0.0,0.0,0.0,6.0,0.0,0.0,0.0,0.86,0.0,0.0,0.0,0.0,,384:00,0.0,0.0,0.0,,,,,,,,,,,,,,,,,,,,,,1.8143639044316584,1185,87
2026-27,wsoc,Michigan Intercollegiate Athletic Association (MIAA),miaa,Adrian,"Brown, Isla",Isla,Brown,,4,"Brown, Isla","BROWN,ISLA",Adrian,ADR,1083-14378,9,9,24,0,24,0.0,0.0,7.0,17.0,2.0,0.0,1.0,0.0,0.0,1.89,0.78,0.22,0.111,0.0,6.0,0.0,0.0,0.0,0.0,0.0,1.0,0.111,7.0,0.0,0.0,0.0,0.78,0.0,0.0,0.0,0.0,,789:00,0.0,0.0,0.0,,,,,,,,,,,,,,,,,,,,,,1.3946285307338266,1209,87
2026-27,wsoc,Michigan Intercollegiate Athletic Association (MIAA),miaa,Calvin,"Iverson, Lucy",Lucy,Iverson,,114,"Iverson, Lucy","IVERSON,LUCY",Calvin,CAL,1086-1814,7,7,29,0,29,0.0,0.0,7.0,8.0,2.0,0.0,1.0,0.0,0.0,1.14,1.0,0.29,0.143,0.0,6.0,0.0,0.0,0.0,0.0,0.0,1.0,0.143,1.0,0.0,0.0,0.0,0.14,0.0,0.0,0.0,0.0,,455:00,0.0,0.0,0.0,,,,,,,,,,,,,,,,,,,,,,1.3946285307338266,1211,87
2026-27,wsoc,Michigan Intercollegiate Athletic Association (MIAA),miaa,Hope,"Schreiber, Jenna",Jenna,Schreiber,,286,"Schreiber, Jenna","SCHREIBER,JENNA",Hope,HC,1087-3231,8,8,23,0,23,0.0,0.0,7.0,11.0,2.0,0.0,1.0,0.0,0.0,1.38,0.88,0.25,0.125,0.0,6.0,0.0,0.0,0.0,0.0,1.0,0.0,0.0,4.0,0.0,0.0,0.0,0.5,0.0,0.0,0.0,0.0,,513:00,0.0,0.0,0.0,,,,,,,,,,,,,,,,,,,,,,1.3946285307338266,1215,87
2026-27,wsoc,Michigan Intercollegiate Athletic Association (MIAA),miaa,Adrian,"Guciardo, Samantha",Samantha,Guciardo,,4,"Guciardo, Samantha","GUCIARDO,SAMANTHA",Adrian,ADR,1083-13709,7,6,25,0,25,0.0,0.0,6.0,6.0,2.0,0.0,1.0,0.0,0.0,0.86,0.86,0.29,0.143,0.0,5.0,0.0,0.0,0.0,1.0,0.0,0.0,0.0,4.0,0.0,0.0,0.0,0.57,0.0,0.0,0.0,0.0,,544:00,0.0,0.0,0.0,,,,,,,,,,,,,,,,,,,,,,1.23664019051076,1234,87
2026-27,wsoc,Michigan Intercollegiate Athletic Association (MIAA),miaa,Trine,"Pyle, Gracie",Gracie,Pyle,,30037,"Pyle, Gracie","PYLE,GRACIE",Trine,Trine,1091-5004,9,9,3,0,3,0.0,0.0,6.0,9.0,2.0,0.0,1.0,0.0,0.0,1.0,0.67,0.22,0.111,0.0,5.0,0.0,0.0,0.0,0.0,1.0,1.0,0.111,6.0,0.0,0.0,0.0,0.67,0.0,0.0,0.0,0.0,,594:00,0.0,0.0,0.0,,,,,,,,,,,,,,,,,,,,,,1.23664019051076,1247,87
2026-27,wsoc,Michigan Intercollegiate Athletic Association (MIAA),miaa,Saint Mary's,"Escobedo, Danielle",Danielle,Escobedo,,8688,"Escobedo, Danielle","ESCOBEDO,DANIELLE",Saint Mary's,SMC,1090-460,7,6,24,0,24,0.0,0.0,6.0,9.0,1.0,1.0,0.0,0.0,0.0,1.29,0.86,0.14,0.0,0.143,6.0,0.0,0.0,0.0,0.0,0.0,0.0,0.0,1.0,0.0,0.0,0.0,0.14,0.0,0.0,0.0,0.0,,371:00,0.0,0.0,0.0,,,,,,,,,,,,,,,,,,,,,,0.986018230545702,1303,86
2026-27,wsoc,Michigan Intercollegiate Athletic Association (MIAA),miaa,Olivet,Kelsie Finazzo,Kelsie,Finazzo,,525,Kelsie Finazzo,"FINAZZO,KELSIE",Olivet,OLIVET,0,8,8,7,0,7,0.0,0.0,4.0,6.0,2.0,0.0,1.0,0.0,0.0,0.75,0.5,0.25,0.125,0.0,3.0,0.0,0.0,0.0,0.0,0.0,0.0,0.0,3.0,0.0,1.0,0.0,0.38,0.13,0.0,0.0,0.0,,710:00,0.0,0.0,0.0,,,,,,,,,,,,,,,,,,,,,,0.9206635100646272,1352,86
2026-27,wsoc,Michigan Intercollegiate Athletic Association (MIAA),miaa,Trine,"White, Lilly",Lilly,White,,30037,"White, Lilly","WHITE,LILLY",Trine,Trine,1091-4570,9,6,8,0,8,0.0,0.0,4.0,7.0,2.0,0.0,1.0,0.0,0.0,0.78,0.44,0.22,0.111,0.0,3.0,0.0,0.0,0.0,0.0,0.0,0.0,0.0,2.0,0.0,0.0,0.0,0.22,0.0,0.0,0.0,0.0,,556:00,0.0,0.0,0.0,,,,,,,,,,,,,,,,,,,,,,0.9206635100646272,1386,86
2026-27,wsoc,Michigan Intercollegiate Athletic Association (MIAA),miaa,Kalamazoo,"Miller, Madie",Madie,Miller,,326,"Miller, Madie","MILLER,MADIE",Kalamazoo,KZOO,1088-2103,8,2,5,0,5,0.0,0.0,3.0,3.0,2.0,0.0,1.0,0.0,0.0,0.38,0.38,0.25,0.125,0.0,2.0,0.0,0.0,0.0,0.0,0.0,0.0,0.0,5.0,0.0,0.0,0.0,0.63,0.0,0.0,0.0,0.0,,318:00,0.0,0.0,0.0,,,,,,,,,,,,,,,,,,,,,,0.7626751698415606,1461,85
2026-27,wsoc,Michigan Intercollegiate Athletic Association (MIAA),miaa,Hope,"Namel, Joanna",Joanna,Namel,,286,"Namel, Joanna","NAMEL,JOANNA",Hope,HC,1087-3860,8,2,3,0,3,0.0,0.0,3.0,5.0,2.0,0.0,1.0,0.0,0.0,0.63,0.38,0.25,0.125,0.0,2.0,0.0,0.0,0.0,1.0,1.0,1.0,0.125,6.0,0.0,0.0,0.0,0.75,0.0,0.0,0.0,0.0,,360:00,0.0,0.0,0.0,,,,,,,,,,,,,,,,,,,,,,0.7626751698415606,1467,85
2026-27,wsoc,Michigan Intercollegiate Athletic Association (MIAA),miaa,Olivet,Sally Shelby,Sally,Shelby,,525,Sally Shelby,"SHELBY,SALLY",Olivet,OLIVET,0,5,3,6,0,6,0.0,0.0,3.0,5.0,2.0,0.0,1.0,0.0,0.0,1.0,0.6,0.4,0.2,0.0,2.0,0.0,0.0,0.0,1.0,0.0,1.0,0.2,0.0,0.0,1.0,0.0,0.0,0.2,0.0,0.0,0.0,,235:00,0.0,0.0,0.0,,,,,,,,,,,,,,,,,,,,,,0.7626751698415606,1476,85
2026-27,wsoc,Michigan Intercollegiate Athletic Association (MIAA),miaa,Alma,"Wonnacott, Abby",Abby,Wonnacott,,21,"Wonnacott, Abby","WONNACOTT,ABBY",Alma,Alma,1085-4000,8,0,29,0,29,0.0,0.0,3.0,6.0,2.0,0.0,1.0,0.0,0.0,0.75,0.38,0.25,0.125,0.0,2.0,0.0,0.0,0.0,0.0,0.0,0.0,0.0,1.0,0.0,0.0,0.0,0.13,0.0,0.0,0.0,0.0,,190:00,0.0,0.0,0.0,,,,,,,,,,,,,,,,,,,,,,0.7626751698415606,1492,85
2026-27,wsoc,Michigan Intercollegiate Athletic Association (MIAA),miaa,Alma,"Ferrall, Allie",Allie,Ferrall,,21,"Ferrall, Allie","FERRALL,ALLIE",Alma,Alma,1085-4037,8,3,14,0,14,0.0,0.0,4.0,4.0,1.0,1.0,0.0,0.0,0.0,0.5,0.5,0.13,0.0,0.125,4.0,0.0,0.0,0.0,0.0,0.0,0.0,0.0,2.0,0.0,0.0,0.0,0.25,0.0,0.0,0.0,0.0,,261:00,0.0,0.0,0.0,,,,,,,,,,,,,,,,,,,,,,0.6700415500995689,1503,85
2026-27,wsoc,Michigan Intercollegiate Athletic Association (MIAA),miaa,Olivet,Paige Farrar,Paige,Farrar,,525,Paige Farrar,"FARRAR,PAIGE",Olivet,OLIVET,0,8,6,14,0,14,0.0,0.0,4.0,5.0,1.0,1.0,0.0,0.0,0.0,0.63,0.5,0.13,0.0,0.125,4.0,0.0,0.0,0.0,0.0,0.0,0.0,0.0,0.0,0.0,0.0,0.0,0.0,0.0,0.0,0.0,0.0,,471:00,0.0,0.0,0.0,,,,,,,,,,,,,,,,,,,,,,0.6700415500995689,1520,85
2026-27,wsoc,Michigan Intercollegiate Athletic Association (MIAA),miaa,Albion,"Beman, Belle",Belle,Beman,,15,"Beman, Belle","BEMAN,BELLE",Albion,AC,1084-3454,4,0,16,0,16,0.0,0.0,2.0,2.0,2.0,0.0,1.0,0.0,0.0,0.5,0.5,0.5,0.25,0.0,1.0,0.0,0.0,0.0,0.0,1.0,0.0,0.0,1.0,0.0,0.0,0.0,0.25,0.0,0.0,0.0,0.0,,135:00,0.0,0.0,0.0,,,,,,,,,,,,,,,,,,,,,,0.6046868296184941,1545,85
2026-27,wsoc,Michigan Intercollegiate Athletic Association (MIAA),miaa,Alma,"Peterson, Hannah",Hannah,Peterson,,21,"Peterson, Hannah","PETERSON,HANNAH",Alma,Alma,1085-4312,3,0,20,0,20,0.0,0.0,2.0,2.0,2.0,0.0,1.0,0.0,0.0,0.67,0.67,0.67,0.333,0.0,1.0,0.0,0.0,0.0,0.0,0.0,0.0,0.0,2.0,0.0,0.0,0.0,0.67,0.0,0.0,0.0,0.0,,60:00,0.0,0.0,0.0,,,,,,,,,,,,,,,,,,,,,,0.6046868296184941,1637,84
2026-27,wsoc,Michigan Intercollegiate Athletic Association (MIAA),miaa,Saint Mary's,"Slater, Ava",Ava,Slater,,8688,"Slater, Ava","SLATER,AVA",Saint Mary's,SMC,1090-265,6,3,10,0,10,0.0,0.0,2.0,3.0,2.0,0.0,1.0,0.0,0.0,0.5,0.33,0.33,0.167,0.0,1.0,0.0,0.0,0.0,0.0,1.0,0.0,0.0,9.0,0.0,0.0,0.0,1.5,0.0,0.0,0.0,0.0,,327:00,0.0,0.0,0.0,,,,,,,,,,,,,,,,,,,,,,0.6046868296184941,1667,84
2026-27,wsoc,Michigan Intercollegiate Athletic Association (MIAA),miaa,Alma,"Smith, Maddie",Maddie,Smith,,21,"Smith, Maddie","SMITH,MADDIE",Alma,Alma,1085-3130,4,0,8,0,8,0.0,0.0,2.0,2.0,2.0,0.0,1.0,1.0,0.0,0.5,0.5,0.5,0.25,0.0,1.0,0.0,0.0,0.0,0.0,0.0,0.0,0.0,2.0,0.0,0.0,0.0,0.5,0.0,0.0,0.0,0.0,,60:00,0.0,0.0,0.0,,,,,,,,,,,,,,,,,,,,,,0.6046868296184941,1668,84
2026-27,wsoc,Michigan Intercollegiate Athletic Association (MIAA),miaa,Trine,"Sterling, Kaeli",Kaeli,Sterling,,30037,"Sterling, Kaeli","STERLING,KAELI",Trine,Trine,1091-4569,9,5,24,0,24,0.0,0.0,2.0,5.0,2.0,0.0,1.0,0.0,0.0,0.56,0.22,0.22,0.111,0.0,1.0,0.0,0.0,0.0,0.0,0.0,0.0,0.0,3.0,0.0,1.0,0.0,0.33,0.11,0.0,0.0,0.0,,553:00,0.0,0.0,0.0,,,,,,,,,,,,,,,,,,,,,,0.6046868296184941,1671,84
2026-27,wsoc,Michigan Intercollegiate Athletic Association (MIAA),miaa,Olivet,Katelyn Roberts,Katelyn,Roberts,,525,Katelyn Roberts,"ROBERTS,KATELYN",Olivet,OLIVET,0,8,8,9,0,9,0.0,0.0,3.0,6.0,1.0,1.0,0.0,0.0,0.0,0.75,0.38,0.13,0.0,0.125,3.0,0.0,0.0,0.0,0.0,0.0,0.0,0.0,0.0,0.0,0.0,0.0,0.0,0.0,0.0,0.0,0.0,,697:00,0.0,0.0,0.0,,,,,,,,,,,,,,,,,,,,,,0.5120532098765024,1712,84
2026-27,wsoc,Michigan Intercollegiate Athletic Association (MIAA),miaa,Hope,"Reyes, Jessica",Jessica,Reyes,,286,"Reyes, Jessica","REYES,JESSICA",Hope,HC,1087-4462,8,8,6,0,6,0.0,0.0,3.0,4.0,1.0,1.0,0.0,0.0,0.0,0.5,0.38,0.13,0.0,0.125,3.0,0.0,0.0,0.0,0.0,0.0,0.0,0.0,10.0,0.0,0.0,0.0,1.25,0.0,0.0,0.0,0.0,,582:00,0.0,0.0,0.0,,,,,,,,,,,,,,,,,,,,,,0.5120532098765024,1727,84
2026-27,wsoc,Michigan Intercollegiate Athletic Association (MIAA),miaa,Albion,"Rozell, Ollie",Ollie,Rozell,,15,"Rozell, Ollie","ROZELL,OLLIE",Albion,AC,1084-4261,8,1,21,0,21,0.0,0.0,3.0,3.0,1.0,1.0,0.0,0.0,0.0,0.38,0.38,0.13,0.0,0.125,3.0,0.0,0.0,0.0,0.0,0.0,0.0,0.0,3.0,0.0,0.0,0.0,0.38,0.0,0.0,0.0,0.0,,401:00,0.0,0.0,0.0,,,,,,,,,,,,,,,,,,,,,,0.5120532098765024,1731,84
2026-27,wsoc,Michigan Intercollegiate Athletic Association (MIAA),miaa,Alma,"Aten, Maddie",Maddie,Aten,,21,"Aten, Maddie","ATEN,MADDIE",Alma,Alma,1085-4301,8,3,11,0,11,0.0,0.0,1.0,4.0,2.0,0.0,1.0,0.0,0.0,0.5,0.13,0.25,0.125,0.0,0.0,0.0,0.0,0.0,1.0,0.0,1.0,0.125,0.0,0.0,0.0,0.0,0.0,0.0,0.0,0.0,0.0,,399:00,0.0,0.0,0.0,,,,,,,,,,,,,,,,,,,,,,0.4466984893954275,1754,84
2026-27,wsoc,Michigan Intercollegiate Athletic Association (MIAA),miaa,Adrian,"Lawrie, Kate",Kate,Lawrie,,4,"Lawrie, Kate","LAWRIE,KATE",Adrian,ADR,1083-13712,9,6,10,0,10,0.0,0.0,1.0,3.0,2.0,0.0,1.0,0.0,0.0,0.33,0.11,0.22,0.111,0.0,0.0,0.0,0.0,0.0,1.0,0.0,0.0,0.0,7.0,0.0,0.0,0.0,0.78,0.0,0.0,0.0,0.0,,461:00,0.0,0.0,0.0,,,,,,,,,,,,,,,,,,,,,,0.4466984893954275,1837,83
2026-27,wsoc,Michigan Intercollegiate Athletic Association (MIAA),miaa,Albion,"Malkowski, Emma",Emma,Malkowski,,15,"Malkowski, Emma","MALKOWSKI,EMMA",Albion,AC,1084-3962,4,0,28,0,28,0.0,0.0,1.0,1.0,2.0,0.0,1.0,0.0,0.0,0.25,0.25,0.5,0.25,0.0,0.0,0.0,0.0,0.0,0.0,0.0,0.0,0.0,0.0,0.0,0.0,0.0,0.0,0.0,0.0,0.0,0.0,,78:00,0.0,0.0,0.0,,,,,,,,,,,,,,,,,,,,,,0.4466984893954275,1844,83
2026-27,wsoc,Michigan Intercollegiate Athletic Association (MIAA),miaa,Calvin,"Zylstra, Zoe",Zoe,Zylstra,,114,"Zylstra, Zoe","ZYLSTRA,ZOE",Calvin,CAL,1086-2877,4,0,21,0,21,0.0,0.0,1.0,3.0,2.0,0.0,1.0,0.0,0.0,0.75,0.25,0.5,0.25,0.0,0.0,0.0,0.0,0.0,0.0,1.0,0.0,0.0,0.0,0.0,0.0,0.0,0.0,0.0,0.0,0.0,0.0,,74:00,0.0,0.0,0.0,,,,,,,,,,,,,,,,,,,,,,0.4466984893954275,1891,83
2026-27,wsoc,Michigan Intercollegiate Athletic Association (MIAA),miaa,Kalamazoo,"Gross, Lexi",Lexi,Gross,,326,"Gross, Lexi","GROSS,LEXI",Kalamazoo,KZOO,1088-2102,8,8,18,0,18,0.0,0.0,2.0,4.0,1.0,1.0,0.0,0.0,0.0,0.5,0.25,0.13,0.0,0.125,2.0,0.0,0.0,0.0,0.0,0.0,0.0,0.0,7.0,0.0,0.0,0.0,0.88,0.0,0.0,0.0,0.0,,699:00,0.0,0.0,0.0,,,,,,,,,,,,,,,,,,,,,,0.3540648696534358,1924,82
2026-27,wsoc,Michigan Intercollegiate Athletic Association (MIAA),miaa,Calvin,"Steen, Ava",Ava,Steen,,114,"Steen, Ava","STEEN,AVA",Calvin,CAL,1086-3141,7,1,12,0,12,0.0,0.0,2.0,4.0,1.0,1.0,0.0,0.0,0.0,0.57,0.29,0.14,0.0,0.143,2.0,0.0,0.0,0.0,0.0,0.0,0.0,0.0,6.0,0.0,0.0,0.0,0.86,0.0,0.0,0.0,0.0,,368:00,0.0,0.0,0.0,,,,,,,,,,,,,,,,,,,,,,0.3540648696534358,1970,82
2026-27,wsoc,Michigan Intercollegiate Athletic Association (MIAA),miaa,Kalamazoo,"Westra, Maggie",Maggie,Westra,,326,"Westra, Maggie","WESTRA,MAGGIE",Kalamazoo,KZOO,1088-1911,7,1,15,0,15,0.0,0.0,2.0,2.0,1.0,1.0,0.0,0.0,0.0,0.29,0.29,0.14,0.0,0.143,2.0,0.0,0.0,0.0,0.0,0.0,0.0,0.0,0.0,0.0,0.0,0.0,0.0,0.0,0.0,0.0,0.0,,160:00,0.0,0.0,0.0,,,,,,,,,,,,,,,,,,,,,,0.3540648696534358,1977,82
2026-27,wsoc,Michigan Intercollegiate Athletic Association (MIAA),miaa,Trine,"Graham, Kyra",Kyra,Graham,,30037,"Graham, Kyra","GRAHAM,KYRA",Trine,Trine,1091-5010,9,9,37,0,37,0.0,0.0,1.0,1.0,1.0,1.0,0.0,0.0,0.0,0.11,0.11,0.11,0.0,0.111,1.0,0.0,0.0,0.0,0.0,0.0,0.0,0.0,1.0,0.0,0.0,0.0,0.11,0.0,0.0,0.0,0.0,,690:00,0.0,0.0,0.0,,,,,,,,,,,,,,,,,,,,,,0.1960765294303693,2025,82
2026-27,wsoc,Michigan Intercollegiate Athletic Association (MIAA),miaa,Adrian,"Lee, Lauren",Lauren,Lee,,4,"Lee, Lauren","LEE,LAUREN",Adrian,ADR,1083-14380,8,5,55,0,55,0.0,0.0,1.0,3.0,1.0,1.0,0.0,0.0,0.0,0.38,0.13,0.13,0.0,0.125,1.0,0.0,0.0,0.0,0.0,0.0,0.0,0.0,0.0,0.0,0.0,0.0,0.0,0.0,0.0,0.0,0.0,,288:00,0.0,0.0,0.0,,,,,,,,,,,,,,,,,,,,,,0.1960765294303693,2049,82
2026-27,wsoc,Michigan Intercollegiate Athletic Association (MIAA),miaa,Saint Mary's,"Damian, Kalle",Kalle,Damian,,8688,"Damian, Kalle","DAMIAN,KALLE",Saint Mary's,SMC,1090-458,2,0,8,0,8,0.0,0.0,0.0,0.0,1.0,1.0,0.0,0.0,0.0,0.0,0.0,0.5,0.0,0.5,0.0,0.0,0.0,0.0,0.0,0.0,0.0,0.0,0.0,0.0,0.0,0.0,0.0,0.0,0.0,0.0,0.0,,19:00,0.0,0.0,0.0,,,,,,,,,,,,,,,,,,,,,,0.0380881892073028,2152,81
2026-27,wsoc,Michigan Intercollegiate Athletic Association (MIAA),miaa,Olivet,Emma Moore,Emma,Moore,,525,Emma Moore,"MOORE,EMMA",Olivet,OLIVET,0,8,2,26,0,26,0.0,0.0,0.0,0.0,1.0,1.0,0.0,0.0,0.0,0.0,0.0,0.13,0.0,0.125,0.0,0.0,0.0,0.0,0.0,0.0,0.0,0.0,0.0,0.0,1.0,0.0,0.0,0.13,0.0,0.0,0.0,,344:00,0.0,0.0,0.0,,,,,,,,,,,,,,,,,,,,,,0.0380881892073028,2165,81
2026-27,wsoc,Michigan Intercollegiate Athletic Association (MIAA),miaa,Hope,"Hesley, Mia",Mia,Hesley,,286,"Hesley, Mia","HESLEY,MIA",Hope,HC,1087-3503,8,8,15,0,15,0.0,0.0,0.0,0.0,1.0,1.0,0.0,0.0,0.0,0.0,0.0,0.13,0.0,0.125,0.0,0.0,0.0,0.0,0.0,0.0,0.0,0.0,5.0,0.0,0.0,0.0,0.63,0.0,0.0,0.0,0.0,,655:00,0.0,0.0,0.0,,,,,,,,,,,,,,,,,,,,,,0.0380881892073028,2186,81
2026-27,wsoc,Michigan Intercollegiate Athletic Association (MIAA),miaa,Alma,"Marcellus, Aaleyah",Aaleyah,Marcellus,,21,"Marcellus, Aaleyah","MARCELLUS,AALEYAH",Alma,Alma,1085-4127,5,1,32,0,32,0.0,0.0,0.0,1.0,1.0,1.0,0.0,0.0,0.0,0.2,0.0,0.2,0.0,0.2,0.0,0.0,0.0,0.0,0.0,0.0,0.0,0.0,0.0,0.0,0.0,0.0,0.0,0.0,0.0,0.0,0.0,,61:00,0.0,0.0,0.0,,,,,,,,,,,,,,,,,,,,,,0.0380881892073028,2218,80
2026-27,wsoc,Michigan Intercollegiate Athletic Association (MIAA),miaa,Albion,"Molby, Lilyana",Lilyana,Molby,,15,"Molby, Lilyana","MOLBY,LILYANA",Albion,AC,1084-3956,8,8,9,0,9,0.0,0.0,0.0,6.0,1.0,1.0,0.0,0.0,0.0,0.75,0.0,0.13,0.0,0.125,0.0,0.0,0.0,0.0,0.0,0.0,0.0,0.0,3.0,0.0,0.0,0.0,0.38,0.0,0.0,0.0,0.0,,504:00,0.0,0.0,0.0,,,,,,,,,,,,,,,,,,,,,,0.0380881892073028,2228,80
2026-27,wsoc,Michigan Intercollegiate Athletic Association (MIAA),miaa,Adrian,"Perhne, Melanie",Melanie,Perhne,,4,"Perhne, Melanie","PERHNE,MELANIE",Adrian,ADR,1083-6058,8,7,26,0,26,0.0,0.0,0.0,0.0,1.0,1.0,0.0,0.0,0.0,0.0,0.0,0.13,0.0,0.125,0.0,0.0,0.0,0.0,0.0,0.0,0.0,0.0,0.0,0.0,1.0,0.0,0.0,0.13,0.0,0.0,0.0,,660:00,0.0,0.0,0.0,,,,,,,,,,,,,,,,,,,,,,0.0380881892073028,2234,80
2026-27,wsoc,Michigan Intercollegiate Athletic Association (MIAA),miaa,Saint Mary's,"Thomas, Piper",Piper,Thomas,,8688,"Thomas, Piper","THOMAS,PIPER",Saint Mary's,SMC,1090-561,7,0,18,0,18,0.0,0.0,0.0,0.0,1.0,1.0,0.0,0.0,0.0,0.0,0.0,0.14,0.0,0.143,0.0,0.0,0.0,0.0,0.0,0.0,0.0,0.0,2.0,0.0,0.0,0.0,0.29,0.0,0.0,0.0,0.0,,141:00,0.0,0.0,0.0,,,,,,,,,,,,,,,,,,,,,,0.0380881892073028,2257,80
2026-27,wsoc,Michigan Intercollegiate Athletic Association (MIAA),miaa,Alma,"Augustine, Madi",Madi,Augustine,,21,"Augustine, Madi","AUGUSTINE,MADI",Alma,Alma,1085-4302,1,0,00,0,00,0.0,0.0,0.0,0.0,0.0,0.0,0.0,0.0,0.0,0.0,0.0,0.0,0.0,0.0,0.0,0.0,0.0,0.0,0.0,0.0,0.0,0.0,0.0,0.0,0.0,0.0,0.0,0.0,0.0,0.0,0.0,,08:00,0.0,0.0,0.0,1.0,0.0,0,0.0,0.0,1.0,0.0,1.0,0.0,08:00,0.0,1.0,0.0,1.0,0.0,1.0,,,,,,-0.2081900468016585,2323,80
2026-27,wsoc,Michigan Intercollegiate Athletic Association (MIAA),miaa,Alma,"Fee, Mallory",Mallory,Fee,,21,"Fee, Mallory","FEE,MALLORY",Alma,Alma,1085-4091,2,1,0,0,0,0.0,0.0,0.0,0.0,0.0,0.0,0.0,0.0,0.0,0.0,0.0,0.0,0.0,0.0,0.0,0.0,0.0,0.0,0.0,0.0,0.0,0.0,0.0,0.0,0.0,0.0,0.0,0.0,0.0,0.0,0.0,,105:00,0.0,0.0,0.0,1.0,0.0,0,1.0,1.0,1.0,0.0,1.0,0.0,105:59,1.0,2.0,0.0,1.0,0.5,0.5,,,,,,-0.2081900468016585,2340,80
2026-27,wsoc,Michigan Intercollegiate Athletic Association (MIAA),miaa,Calvin,"Hoebeke, McKenna",McKenna,Hoebeke,,114,"Hoebeke, McKenna","HOEBEKE,MCKENNA",Calvin,CAL,1086-3150,2,0,35,0,35,0.0,0.0,0.0,0.0,0.0,0.0,0.0,0.0,0.0,0.0,0.0,0.0,0.0,0.0,0.0,0.0,0.0,0.0,0.0,0.0,0.0,0.0,0.0,0.0,0.0,0.0,0.0,0.0,0.0,0.0,0.0,,90:00,0.0,0.0,0.0,5.0,0.0,0,0.0,0.0,1.0,0.0,4.0,0.0,90:00,0.0,2.0,0.0,1.0,0.0,2.0,,,,,,-0.2081900468016585,2351,80
2026-27,wsoc,Michigan Intercollegiate Athletic Association (MIAA),miaa,Olivet,Kayla Faulkner,Kayla,Faulkner,,525,Kayla Faulkner,"FAULKNER,KAYLA",Olivet,OLIVET,0,3,1,30,0,30,0.0,0.0,0.0,0.0,0.0,0.0,0.0,0.0,0.0,0.0,0.0,0.0,0.0,0.0,0.0,0.0,0.0,0.0,0.0,0.0,0.0,0.0,0.0,0.0,0.0,0.0,0.0,0.0,0.0,0.0,0.0,,180:00,0.0,0.0,0.0,22.0,0.0,0,0.0,1.0,1.0,0.0,13.0,0.0,135:00,1.0,3.0,0.0,1.0,0.333,4.33,,,,,,-0.2081900468016585,2354,80
2026-27,wsoc,Michigan Intercollegiate Athletic Association (MIAA),miaa,Alma,"Pofahl, Mya",Mya,Pofahl,,21,"Pofahl, Mya","POFAHL,MYA",Alma,Alma,1085-3136,8,8,1,0,1,0.0,0.0,0.0,0.0,0.0,0.0,0.0,0.0,0.0,0.0,0.0,0.0,0.0,0.0,0.0,0.0,0.0,0.0,0.0,0.0,0.0,0.0,0.0,0.0,0.0,0.0,0.0,0.0,0.0,0.0,0.0,,697:00,0.0,0.0,0.0,66.0,1.0,0,7.0,5.0,0.941,0.26,32.0,2.0,696:01,8.0,8.0,0.25,0.941,0.625,4.0,,,,,,-0.4745944230940502,2393,79
2026-27,wsoc,Michigan Intercollegiate Athletic Association (MIAA),miaa,Albion,"Wisniewski, Libby",Libby,Wisniewski,,15,"Wisniewski, Libby","WISNIEWSKI,LIBBY",Albion,AC,1084-3953,7,4,1,0,1,0.0,0.0,0.0,0.0,0.0,0.0,0.0,0.0,0.0,0.0,0.0,0.0,0.0,0.0,0.0,0.0,0.0,0.0,0.0,0.0,0.0,0.0,0.0,0.0,0.0,0.0,0.0,0.0,0.0,0.0,0.0,,416:00,0.0,0.0,0.0,25.0,0.0,1,2.0,1.0,0.909,0.22,10.0,1.0,415:14,4.0,7.0,0.14,0.909,0.143,1.43,,,,,,-0.5604498215465645,2396,79
2026-27,wsoc,Michigan Intercollegiate Athletic Association (MIAA),miaa,Adrian,"Miller, Riley",Riley,Miller,,4,"Miller, Riley","MILLER,RILEY",Adrian,ADR,1083-6906,5,4,1,0,1,0.0,0.0,0.0,0.0,0.0,0.0,0.0,0.0,0.0,0.0,0.0,0.0,0.0,0.0,0.0,0.0,0.0,0.0,0.0,0.0,0.0,0.0,0.0,0.0,0.0,0.0,0.0,0.0,0.0,0.0,0.0,,375:00,0.0,0.0,0.0,46.0,1.0,1,3.0,1.0,0.9,0.72,27.0,3.0,374:26,4.0,5.0,0.6,0.9,0.2,5.4,,,,,,-0.7502010363567921,2437,79
2026-27,wsoc,Michigan Intercollegiate Athletic Association (MIAA),miaa,Albion,"Coburn, Mary",Mary,Coburn,,15,"Coburn, Mary","COBURN,MARY",Albion,AC,1084-3960,8,0,26,0,26,0.0,0.0,5.0,12.0,0.0,0.0,0.0,0.0,0.0,1.5,0.63,0.0,0.0,0.0,5.0,0.0,0.0,0.0,0.0,0.0,0.0,0.0,0.0,0.0,0.0,0.0,0.0,0.0,0.0,0.0,0.0,,288:00,0.0,0.0,0.0,,,,,,,,,,,,,,,,,,,,,,-0.9482458249017204,2486,79
2026-27,wsoc,Michigan Intercollegiate Athletic Association (MIAA),miaa,Hope,"Klein, Rowan",Rowan,Klein,,286,"Klein, Rowan","KLEIN,ROWAN",Hope,HC,1087-4464,8,8,14,0,14,0.0,0.0,4.0,8.0,0.0,0.0,0.0,0.0,0.0,1.0,0.5,0.0,0.0,0.0,4.0,0.0,0.0,0.0,0.0,0.0,0.0,0.0,2.0,0.0,0.0,0.0,0.25,0.0,0.0,0.0,0.0,,517:00,0.0,0.0,0.0,,,,,,,,,,,,,,,,,,,,,,-1.106234165124787,2582,78
2026-27,wsoc,Michigan Intercollegiate Athletic Association (MIAA),miaa,Albion,"Chapman, Marleigh",Marleigh,Chapman,,15,"Chapman, Marleigh","CHAPMAN,MARLEIGH",Albion,AC,1084-3966,5,4,35,0,35,0.0,0.0,0.0,0.0,0.0,0.0,0.0,0.0,0.0,0.0,0.0,0.0,0.0,0.0,0.0,0.0,0.0,0.0,0.0,0.0,0.0,0.0,0.0,0.0,0.0,0.0,0.0,0.0,0.0,0.0,0.0,,269:00,0.0,0.0,0.0,29.0,0.0,2,3.0,1.0,0.8,1.0,12.0,3.0,269:21,4.0,5.0,0.6,0.8,0.2,2.4,,,,,,-1.149686981495297,2616,78
2026-27,wsoc,Michigan Intercollegiate Athletic Association (MIAA),miaa,Trine,"Bowman, Kamryn",Kamryn,Bowman,,30037,"Bowman, Kamryn","BOWMAN,KAMRYN",Trine,Trine,1091-5498,9,9,2,0,2,0.0,0.0,3.0,7.0,0.0,0.0,0.0,1.0,0.0,0.78,0.33,0.0,0.0,0.0,3.0,0.0,0.0,0.0,0.0,0.0,0.0,0.0,4.0,0.0,0.0,0.0,0.44,0.0,0.0,0.0,0.0,,539:00,0.0,0.0,0.0,,,,,,,,,,,,,,,,,,,,,,-1.2642225053478533,2651,78
2026-27,wsoc,Michigan Intercollegiate Athletic Association (MIAA),miaa,Alma,"Jones, Abby",Abby,Jones,,21,"Jones, Abby","JONES,ABBY",Alma,Alma,1085-4099,8,8,15,0,15,0.0,0.0,3.0,13.0,0.0,0.0,0.0,0.0,0.0,1.63,0.38,0.0,0.0,0.0,3.0,0.0,0.0,0.0,0.0,0.0,0.0,0.0,10.0,0.0,0.0,0.0,1.25,0.0,0.0,0.0,0.0,,662:00,0.0,0.0,0.0,,,,,,,,,,,,,,,,,,,,,,-1.2642225053478533,2698,77
2026-27,wsoc,Michigan Intercollegiate Athletic Association (MIAA),miaa,Calvin,"Juncaj, Bianca",Bianca,Juncaj,,114,"Juncaj, Bianca","JUNCAJ,BIANCA",Calvin,CAL,1086-3143,7,0,17,0,17,0.0,0.0,3.0,8.0,0.0,0.0,0.0,0.0,0.0,1.14,0.43,0.0,0.0,0.0,3.0,0.0,0.0,0.0,0.0,0.0,0.0,0.0,4.0,0.0,0.0,0.0,0.57,0.0,0.0,0.0,0.0,,226:00,0.0,0.0,0.0,,,,,,,,,,,,,,,,,,,,,,-1.2642225053478533,2700,77
2026-27,wsoc,Michigan Intercollegiate Athletic Association (MIAA),miaa,Hope,"Feenstra, Clara",Clara,Feenstra,,286,"Feenstra, Clara","FEENSTRA,CLARA",Hope,HC,1087-3224,8,8,1,0,1,0.0,0.0,0.0,0.0,0.0,0.0,0.0,0.0,0.0,0.0,0.0,0.0,0.0,0.0,0.0,0.0,0.0,0.0,0.0,0.0,0.0,0.0,0.0,0.0,0.0,0.0,0.0,0.0,0.0,0.0,0.0,,720:00,0.0,0.0,0.0,78.0,1.0,3,4.0,3.0,0.758,1.0,25.0,8.0,720:00,8.0,8.0,1.0,0.758,0.375,3.13,,,,,,-1.2793780211275705,2774,77
2026-27,wsoc,Michigan Intercollegiate Athletic Association (MIAA),miaa,Calvin,"Lee, Aubree",Aubree,Lee,,114,"Lee, Aubree","LEE,AUBREE",Calvin,CAL,1086-3138,7,7,0,0,0,0.0,0.0,0.0,0.0,0.0,0.0,0.0,0.0,0.0,0.0,0.0,0.0,0.0,0.0,0.0,0.0,0.0,0.0,0.0,0.0,0.0,0.0,0.0,0.0,0.0,0.0,0.0,0.0,0.0,0.0,0.0,,540:00,0.0,0.0,0.0,53.0,0.0,1,6.0,2.0,0.714,1.0,15.0,6.0,540:00,7.0,7.0,0.86,0.714,0.286,2.14,,,,,,-1.4152448245518563,2809,77
2026-27,wsoc,Michigan Intercollegiate Athletic Association (MIAA),miaa,Saint Mary's,"Baumann, Brooke",Brooke,Baumann,,8688,"Baumann, Brooke","BAUMANN,BROOKE",Saint Mary's,SMC,1090-267,7,7,16,0,16,0.0,0.0,2.0,2.0,0.0,0.0,0.0,1.0,0.0,0.29,0.29,0.0,0.0,0.0,2.0,0.0,0.0,0.0,0.0,0.0,0.0,0.0,6.0,0.0,1.0,0.0,0.86,0.14,0.0,0.0,0.0,,617:00,0.0,0.0,0.0,,,,,,,,,,,,,,,,,,,,,,-1.42221084557092,2831,76
2026-27,wsoc,Michigan Intercollegiate Athletic Association (MIAA),miaa,Calvin,"Boersma, Alexa",Alexa,Boersma,,114,"Boersma, Alexa","BOERSMA,ALEXA",Calvin,CAL,1086-2878,6,0,22,0,22,0.0,0.0,2.0,5.0,0.0,0.0,0.0,0.0,0.0,0.83,0.33,0.0,0.0,0.0,2.0,0.0,0.0,0.0,0.0,0.0,0.0,0.0,1.0,0.0,0.0,0.0,0.17,0.0,0.0,0.0,0.0,,142:00,0.0,0.0,0.0,,,,,,,,,,,,,,,,,,,,,,-1.42221084557092,2837,76
2026-27,wsoc,Michigan Intercollegiate Athletic Association (MIAA),miaa,Saint Mary's,"Florendo, Maya",Maya,Florendo,,8688,"Florendo, Maya","FLORENDO,MAYA",Saint Mary's,SMC,1090-553,6,1,11,0,11,0.0,0.0,2.0,3.0,0.0,0.0,0.0,0.0,0.0,0.5,0.33,0.0,0.0,0.0,2.0,0.0,0.0,0.0,0.0,0.0,0.0,0.0,3.0,0.0,0.0,0.0,0.5,0.0,0.0,0.0,0.0,,200:00,0.0,0.0,0.0,,,,,,,,,,,,,,,,,,,,,,-1.42221084557092,2875,76
2026-27,wsoc,Michigan Intercollegiate Athletic Association (MIAA),miaa,Adrian,"Kinsey, Nora",Nora,Kinsey,,4,"Kinsey, Nora","KINSEY,NORA",Adrian,ADR,1083-14379,5,1,33,0,33,0.0,0.0,2.0,2.0,0.0,0.0,0.0,0.0,0.0,0.4,0.4,0.0,0.0,0.0,2.0,0.0,0.0,0.0,0.0,0.0,0.0,0.0,3.0,0.0,0.0,0.0,0.6,0.0,0.0,0.0,0.0,,158:00,0.0,0.0,0.0,,,,,,,,,,,,,,,,,,,,,,-1.42221084557092,2927,76
2026-27,wsoc,Michigan Intercollegiate Athletic Association (MIAA),miaa,Saint Mary's,"Kreydich, Isabella",Isabella,Kreydich,,8688,"Kreydich, Isabella","KREYDICH,ISABELLA",Saint Mary's,SMC,1090-462,7,7,23,0,23,0.0,0.0,2.0,13.0,0.0,0.0,0.0,0.0,0.0,1.86,0.29,0.0,0.0,0.0,2.0,0.0,0.0,0.0,0.0,0.0,0.0,0.0,2.0,0.0,1.0,0.0,0.29,0.14,0.0,0.0,0.0,,482:00,0.0,0.0,0.0,,,,,,,,,,,,,,,,,,,,,,-1.42221084557092,2934,76
2026-27,wsoc,Michigan Intercollegiate Athletic Association (MIAA),miaa,Albion,"O'Connell, Abby",Abby,O'Connell,,15,"O'Connell, Abby","O'CONNELL,ABBY",Albion,AC,1084-3452,5,0,11,0,11,0.0,0.0,2.0,4.0,0.0,0.0,0.0,0.0,0.0,0.8,0.4,0.0,0.0,0.0,2.0,0.0,0.0,0.0,0.0,0.0,0.0,0.0,2.0,0.0,0.0,0.0,0.4,0.0,0.0,0.0,0.0,,178:00,0.0,0.0,0.0,,,,,,,,,,,,,,,,,,,,,,-1.42221084557092,2971,75
2026-27,wsoc,Michigan Intercollegiate Athletic Association (MIAA),miaa,Alma,"Ooten, Sydni",Sydni,Ooten,,21,"Ooten, Sydni","OOTEN,SYDNI",Alma,Alma,1085-4103,4,3,7,0,7,0.0,0.0,2.0,2.0,0.0,0.0,0.0,0.0,0.0,0.5,0.5,0.0,0.0,0.0,2.0,0.0,0.0,0.0,0.0,0.0,0.0,0.0,0.0,0.0,0.0,0.0,0.0,0.0,0.0,0.0,0.0,,159:00,0.0,0.0,0.0,,,,,,,,,,,,,,,,,,,,,,-1.42221084557092,2976,75
2026-27,wsoc,Michigan Intercollegiate Athletic Association (MIAA),miaa,Adrian,"Rose, Hannah",Hannah,Rose,,4,"Rose, Hannah","ROSE,HANNAH",Adrian,ADR,1083-14384,7,6,18,0,18,0.0,0.0,2.0,2.0,0.0,0.0,0.0,0.0,0.0,0.29,0.29,0.0,0.0,0.0,2.0,0.0,0.0,0.0,0.0,0.0,0.0,0.0,3.0,0.0,0.0,0.0,0.43,0.0,0.0,0.0,0.0,,523:00,0.0,0.0,0.0,,,,,,,,,,,,,,,,,,,,,,-1.42221084557092,3009,75
2026-27,wsoc,Michigan Intercollegiate Athletic Association (MIAA),miaa,Trine,"Steffke, Paige",Paige,Steffke,,30037,"Steffke, Paige","STEFFKE,PAIGE",Trine,Trine,1091-5012,8,0,6,0,6,0.0,0.0,2.0,5.0,0.0,0.0,0.0,0.0,0.0,0.63,0.25,0.0,0.0,0.0,2.0,0.0,0.0,0.0,0.0,0.0,0.0,0.0,4.0,0.0,0.0,0.0,0.5,0.0,0.0,0.0,0.0,,145:00,0.0,0.0,0.0,,,,,,,,,,,,,,,,,,,,,,-1.42221084557092,3034,75
2026-27,wsoc,Michigan Intercollegiate Athletic Association (MIAA),miaa,Olivet,Taylor Facca,Taylor,Facca,,525,Taylor Facca,"FACCA,TAYLOR",Olivet,OLIVET,0,8,7,10,0,10,0.0,0.0,2.0,2.0,0.0,0.0,0.0,0.0,0.0,0.25,0.25,0.0,0.0,0.0,2.0,0.0,0.0,0.0,0.0,0.0,0.0,0.0,3.0,0.0,0.0,0.0,0.38,0.0,0.0,0.0,0.0,,491:00,0.0,0.0,0.0,,,,,,,,,,,,,,,,,,,,,,-1.42221084557092,3039,75
2026-27,wsoc,Michigan Intercollegiate Athletic Association (MIAA),miaa,Adrian,"Trozak, Sophia",Sophia,Trozak,,4,"Trozak, Sophia","TROZAK,SOPHIA",Adrian,ADR,1083-14385,9,1,7,0,7,0.0,0.0,2.0,3.0,0.0,0.0,0.0,0.0,0.0,0.33,0.22,0.0,0.0,0.0,2.0,0.0,0.0,0.0,0.0,0.0,0.0,0.0,4.0,0.0,2.0,0.0,0.44,0.22,0.0,0.0,0.0,,282:00,0.0,0.0,0.0,,,,,,,,,,,,,,,,,,,,,,-1.42221084557092,3044,75
2026-27,wsoc,Michigan Intercollegiate Athletic Association (MIAA),miaa,Trine,"Houtkooper, Johannah",Johannah,Houtkooper,,30037,"Houtkooper, Johannah","HOUTKOOPER,JOHANNAH",Trine,Trine,1091-5556,9,9,1,0,1,0.0,0.0,0.0,0.0,0.0,0.0,0.0,0.0,0.0,0.0,0.0,0.0,0.0,0.0,0.0,0.0,0.0,0.0,0.0,0.0,0.0,0.0,0.0,0.0,0.0,0.0,0.0,0.0,0.0,0.0,0.0,,809:00,0.0,0.0,0.0,100.0,3.0,3,3.0,1.0,0.74,1.45,37.0,13.0,809:16,9.0,9.0,1.44,0.74,0.111,4.11,,,,,,-1.4807241452272395,3073,75
2026-27,wsoc,Michigan Intercollegiate Athletic Association (MIAA),miaa,Kalamazoo,"Brown, Caitlin",Caitlin,Brown,,326,"Brown, Caitlin","BROWN,CAITLIN",Kalamazoo,KZOO,1088-2284,8,1,3,0,3,0.0,0.0,1.0,4.0,0.0,0.0,0.0,0.0,0.0,0.5,0.13,0.0,0.0,0.0,1.0,0.0,0.0,0.0,0.0,0.0,0.0,0.0,2.0,0.0,0.0,0.0,0.25,0.0,0.0,0.0,0.0,,392:00,0.0,0.0,0.0,,,,,,,,,,,,,,,,,,,,,,-1.5801991857939863,3184,74
2026-27,wsoc,Michigan Intercollegiate Athletic Association (MIAA),miaa,Hope,"Cannon, Kayla",Kayla,Cannon,,286,"Cannon, Kayla","CANNON,KAYLA",Hope,HC,1087-3502,8,8,26,0,26,0.0,0.0,1.0,4.0,0.0,0.0,0.0,0.0,0.0,0.5,0.13,0.0,0.0,0.0,1.0,0.0,0.0,0.0,0.0,0.0,0.0,0.0,4.0,0.0,0.0,0.0,0.5,0.0,0.0,0.0,0.0,,592:00,0.0,0.0,0.0,,,,,,,,,,,,,,,,,,,,,,-1.5801991857939863,3200,74
2026-27,wsoc,Michigan Intercollegiate Athletic Association (MIAA),miaa,Hope,"Carpenter, Emme",Emme,Carpenter,,286,"Carpenter, Emme","CARPENTER,EMME",Hope,HC,1087-4467,8,0,13,0,13,0.0,0.0,1.0,2.0,0.0,0.0,0.0,0.0,0.0,0.25,0.13,0.0,0.0,0.0,1.0,0.0,0.0,0.0,0.0,0.0,0.0,0.0,3.0,0.0,0.0,0.0,0.38,0.0,0.0,0.0,0.0,,215:00,0.0,0.0,0.0,,,,,,,,,,,,,,,,,,,,,,-1.5801991857939863,3201,74
2026-27,wsoc,Michigan Intercollegiate Athletic Association (MIAA),miaa,Hope,"DeSmit, Stella",Stella,DeSmit,,286,"DeSmit, Stella","DESMIT,STELLA",Hope,HC,1087-3856,8,0,25,0,25,0.0,0.0,1.0,3.0,0.0,0.0,0.0,0.0,0.0,0.38,0.13,0.0,0.0,0.0,1.0,0.0,0.0,0.0,0.0,0.0,0.0,0.0,3.0,0.0,0.0,0.0,0.38,0.0,0.0,0.0,0.0,,226:00,0.0,0.0,0.0,,,,,,,,,,,,,,,,,,,,,,-1.5801991857939863,3258,74
2026-27,wsoc,Michigan Intercollegiate Athletic Association (MIAA),miaa,Adrian,"Ellis, Tiara",Tiara,Ellis,,4,"Ellis, Tiara","ELLIS,TIARA",Adrian,ADR,1083-13707,5,0,6,0,6,0.0,0.0,1.0,2.0,0.0,0.0,0.0,0.0,0.0,0.4,0.2,0.0,0.0,0.0,1.0,0.0,0.0,0.0,0.0,0.0,0.0,0.0,0.0,0.0,0.0,0.0,0.0,0.0,0.0,0.0,0.0,,57:00,0.0,0.0,0.0,,,,,,,,,,,,,,,,,,,,,,-1.5801991857939863,3290,73
2026-27,wsoc,Michigan Intercollegiate Athletic Association (MIAA),miaa,Kalamazoo,"Hanley, Ella",Ella,Hanley,,326,"Hanley, Ella","HANLEY,ELLA",Kalamazoo,KZOO,1088-2108,8,8,9,0,9,0.0,0.0,1.0,1.0,0.0,0.0,0.0,0.0,0.0,0.13,0.13,0.0,0.0,0.0,1.0,0.0,0.0,0.0,0.0,0.0,0.0,0.0,2.0,0.0,0.0,0.0,0.25,0.0,0.0,0.0,0.0,,387:00,0.0,0.0,0.0,,,,,,,,,,,,,,,,,,,,,,-1.5801991857939863,3372,73
2026-27,wsoc,Michigan Intercollegiate Athletic Association (MIAA),miaa,Saint Mary's,"Houle, Lily",Lily,Houle,,8688,"Houle, Lily","HOULE,LILY",Saint Mary's,SMC,1090-554,7,7,5,0,5,0.0,0.0,1.0,5.0,0.0,0.0,0.0,0.0,0.0,0.71,0.14,0.0,0.0,0.0,1.0,0.0,0.0,0.0,0.0,0.0,0.0,0.0,2.0,0.0,0.0,0.0,0.29,0.0,0.0,0.0,0.0,,528:00,0.0,0.0,0.0,,,,,,,,,,,,,,,,,,,,,,-1.5801991857939863,3393,73
2026-27,wsoc,Michigan Intercollegiate Athletic Association (MIAA),miaa,Alma,"Hutchins, Kylie",Kylie,Hutchins,,21,"Hutchins, Kylie","HUTCHINS,KYLIE",Alma,Alma,1085-4304,9,6,27,0,27,0.0,0.0,1.0,3.0,0.0,0.0,0.0,0.0,0.0,0.33,0.11,0.0,0.0,0.0,1.0,0.0,0.0,0.0,0.0,0.0,0.0,0.0,1.0,0.0,0.0,0.0,0.11,0.0,0.0,0.0,0.0,,619:00,0.0,0.0,0.0,,,,,,,,,,,,,,,,,,,,,,-1.5801991857939863,3399,73
2026-27,wsoc,Michigan Intercollegiate Athletic Association (MIAA),miaa,Calvin,"Kerns, Jordan",Jordan,Kerns,,114,"Kerns, Jordan","KERNS,JORDAN",Calvin,CAL,1086-3140,6,3,11,0,11,0.0,0.0,1.0,2.0,0.0,0.0,0.0,0.0,0.0,0.33,0.17,0.0,0.0,0.0,1.0,0.0,0.0,0.0,0.0,0.0,0.0,0.0,0.0,0.0,0.0,0.0,0.0,0.0,0.0,0.0,0.0,,328:00,0.0,0.0,0.0,,,,,,,,,,,,,,,,,,,,,,-1.5801991857939863,3432,72
2026-27,wsoc,Michigan Intercollegiate Athletic Association (MIAA),miaa,Saint Mary's,"Knese, Chloe",Chloe,Knese,,8688,"Knese, Chloe","KNESE,CHLOE",Saint Mary's,SMC,1090-556,7,7,15,0,15,0.0,0.0,1.0,4.0,0.0,0.0,0.0,0.0,0.0,0.57,0.14,0.0,0.0,0.0,1.0,0.0,0.0,0.0,0.0,0.0,0.0,0.0,2.0,0.0,1.0,0.0,0.29,0.14,0.0,0.0,0.0,,622:00,0.0,0.0,0.0,,,,,,,,,,,,,,,,,,,,,,-1.5801991857939863,3438,72
2026-27,wsoc,Michigan Intercollegiate Athletic Association (MIAA),miaa,Calvin,"Kovar, Emily",Emily,Kovar,,114,"Kovar, Emily","KOVAR,EMILY",Calvin,CAL,1086-3145,7,7,23,0,23,0.0,0.0,1.0,1.0,0.0,0.0,0.0,0.0,0.0,0.14,0.14,0.0,0.0,0.0,1.0,0.0,0.0,0.0,0.0,0.0,0.0,0.0,3.0,0.0,0.0,0.0,0.43,0.0,0.0,0.0,0.0,,536:00,0.0,0.0,0.0,,,,,,,,,,,,,,,,,,,,,,-1.5801991857939863,3442,72
2026-27,wsoc,Michigan Intercollegiate Athletic Association (MIAA),miaa,Albion,"Kowalski, Lexi",Lexi,Kowalski,,15,"Kowalski, Lexi","KOWALSKI,LEXI",Albion,AC,1084-4259,3,0,22,0,22,0.0,0.0,1.0,1.0,0.0,0.0,0.0,0.0,0.0,0.33,0.33,0.0,0.0,0.0,1.0,0.0,0.0,0.0,0.0,0.0,0.0,0.0,0.0,0.0,0.0,0.0,0.0,0.0,0.0,0.0,0.0,,91:00,0.0,0.0,0.0,,,,,,,,,,,,,,,,,,,,,,-1.5801991857939863,3444,72
2026-27,wsoc,Michigan Intercollegiate Athletic Association (MIAA),miaa,Calvin,"Kozlowski, Brianna",Brianna,Kozlowski,,114,"Kozlowski, Brianna","KOZLOWSKI,BRIANNA",Calvin,CAL,1086-2873,2,0,13,0,13,0.0,0.0,1.0,1.0,0.0,0.0,0.0,0.0,0.0,0.5,0.5,0.0,0.0,0.0,1.0,0.0,0.0,0.0,0.0,0.0,0.0,0.0,2.0,0.0,0.0,0.0,1.0,0.0,0.0,0.0,0.0,,31:00,0.0,0.0,0.0,,,,,,,,,,,,,,,,,,,,,,-1.5801991857939863,3446,72
2026-27,wsoc,Michigan Intercollegiate Athletic Association (MIAA),miaa,Olivet,Kyra Kennedy,Kyra,Kennedy,,525,Kyra Kennedy,"KENNEDY,KYRA",Olivet,OLIVET,0,8,8,2,0,2,0.0,0.0,1.0,1.0,0.0,0.0,0.0,0.0,0.0,0.13,0.13,0.0,0.0,0.0,1.0,0.0,0.0,0.0,0.0,0.0,0.0,0.0,0.0,0.0,2.0,0.0,0.0,0.25,0.0,0.0,0.0,,635:00,0.0,0.0,0.0,,,,,,,,,,,,,,,,,,,,,,-1.5801991857939863,3455,72
2026-27,wsoc,Michigan Intercollegiate Athletic Association (MIAA),miaa,Kalamazoo,"Langlois, Ali",Ali,Langlois,,326,"Langlois, Ali","LANGLOIS,ALI",Kalamazoo,KZOO,1088-2283,5,0,4,0,4,0.0,0.0,1.0,1.0,0.0,0.0,0.0,0.0,0.0,0.2,0.2,0.0,0.0,0.0,1.0,0.0,0.0,0.0,0.0,0.0,0.0,0.0,2.0,0.0,0.0,0.0,0.4,0.0,0.0,0.0,0.0,,95:00,0.0,0.0,0.0,,,,,,,,,,,,,,,,,,,,,,-1.5801991857939863,3459,72
2026-27,wsoc,Michigan Intercollegiate Athletic Association (MIAA),miaa,Hope,"Miedema, Wendy",Wendy,Miedema,,286,"Miedema, Wendy","MIEDEMA,WENDY",Hope,HC,1087-3648,8,0,7,0,7,0.0,0.0,1.0,2.0,0.0,0.0,0.0,0.0,0.0,0.25,0.13,0.0,0.0,0.0,1.0,0.0,0.0,0.0,0.0,0.0,0.0,0.0,2.0,0.0,0.0,0.0,0.25,0.0,0.0,0.0,0.0,,216:00,0.0,0.0,0.0,,,,,,,,,,,,,,,,,,,,,,-1.5801991857939863,3529,72
2026-27,wsoc,Michigan Intercollegiate Athletic Association (MIAA),miaa,Albion,"Miller, Kaleigh",Kaleigh,Miller,,15,"Miller, Kaleigh","MILLER,KALEIGH",Albion,AC,1084-3964,8,7,30,0,30,0.0,0.0,1.0,2.0,0.0,0.0,0.0,0.0,0.0,0.25,0.13,0.0,0.0,0.0,1.0,0.0,0.0,0.0,0.0,0.0,0.0,0.0,2.0,0.0,0.0,0.0,0.25,0.0,0.0,0.0,0.0,,336:00,0.0,0.0,0.0,,,,,,,,,,,,,,,,,,,,,,-1.5801991857939863,3532,72
2026-27,wsoc,Michigan Intercollegiate Athletic Association (MIAA),miaa,Kalamazoo,"Molitor, Zelda",Zelda,Molitor,,326,"Molitor, Zelda","MOLITOR,ZELDA",Kalamazoo,KZOO,1088-2100,2,0,12,0,12,0.0,0.0,1.0,2.0,0.0,0.0,0.0,0.0,0.0,1.0,0.5,0.0,0.0,0.0,1.0,0.0,0.0,0.0,0.0,0.0,0.0,0.0,0.0,0.0,0.0,0.0,0.0,0.0,0.0,0.0,0.0,,73:00,0.0,0.0,0.0,,,,,,,,,,,,,,,,,,,,,,-1.5801991857939863,3538,72
2026-27,wsoc,Michigan Intercollegiate Athletic Association (MIAA),miaa,Kalamazoo,"O'Gorman, Cabrey",Cabrey,O'Gorman,,326,"O'Gorman, Cabrey","O'GORMAN,CABREY",Kalamazoo,KZOO,1088-2279,6,0,21,0,21,0.0,0.0,1.0,1.0,0.0,0.0,0.0,0.0,0.0,0.17,0.17,0.0,0.0,0.0,1.0,0.0,0.0,0.0,0.0,0.0,0.0,0.0,0.0,0.0,0.0,0.0,0.0,0.0,0.0,0.0,0.0,,124:00,0.0,0.0,0.0,,,,,,,,,,,,,,,,,,,,,,-1.5801991857939863,3565,72
2026-27,wsoc,Michigan Intercollegiate Athletic Association (MIAA),miaa,Saint Mary's,"Ridderman, Layne",Layne,Ridderman,,8688,"Ridderman, Layne","RIDDERMAN,LAYNE",Saint Mary's,SMC,1090-274,6,2,9,0,9,0.0,0.0,1.0,1.0,0.0,0.0,0.0,0.0,0.0,0.17,0.17,0.0,0.0,0.0,1.0,0.0,0.0,0.0,0.0,0.0,0.0,0.0,1.0,0.0,0.0,0.0,0.17,0.0,0.0,0.0,0.0,,197:00,0.0,0.0,0.0,,,,,,,,,,,,,,,,,,,,,,-1.5801991857939863,3615,71
2026-27,wsoc,Michigan Intercollegiate Athletic Association (MIAA),miaa,Adrian,"Rivera, Chasity",Chasity,Rivera,,4,"Rivera, Chasity","RIVERA,CHASITY",Adrian,ADR,1083-14383,9,5,19,0,19,0.0,0.0,1.0,1.0,0.0,0.0,0.0,0.0,0.0,0.11,0.11,0.0,0.0,0.0,1.0,0.0,0.0,0.0,0.0,0.0,0.0,0.0,3.0,0.0,0.0,0.0,0.33,0.0,0.0,0.0,0.0,,429:00,0.0,0.0,0.0,,,,,,,,,,,,,,,,,,,,,,-1.5801991857939863,3618,71
2026-27,wsoc,Michigan Intercollegiate Athletic Association (MIAA),miaa,Trine,"Sanderlin, Samantha",Samantha,Sanderlin,,30037,"Sanderlin, Samantha","SANDERLIN,SAMANTHA",Trine,Trine,1091-4505,6,0,12,0,12,0.0,0.0,1.0,3.0,0.0,0.0,0.0,0.0,0.0,0.5,0.17,0.0,0.0,0.0,1.0,0.0,0.0,0.0,0.0,0.0,0.0,0.0,2.0,0.0,1.0,0.0,0.33,0.17,0.0,0.0,0.0,,70:00,0.0,0.0,0.0,,,,,,,,,,,,,,,,,,,,,,-1.5801991857939863,3645,71
2026-27,wsoc,Michigan Intercollegiate Athletic Association (MIAA),miaa,Alma,"Scaife, Cecelia",Cecelia,Scaife,,21,"Scaife, Cecelia","SCAIFE,CECELIA",Alma,Alma,1085-4093,3,1,10,0,10,0.0,0.0,1.0,2.0,0.0,0.0,0.0,0.0,0.0,0.67,0.33,0.0,0.0,0.0,1.0,0.0,0.0,0.0,0.0,0.0,0.0,0.0,2.0,0.0,0.0,0.0,0.67,0.0,0.0,0.0,0.0,,74:00,0.0,0.0,0.0,,,,,,,,,,,,,,,,,,,,,,-1.5801991857939863,3652,71
2026-27,wsoc,Michigan Intercollegiate Athletic Association (MIAA),miaa,Saint Mary's,"Soehnlen, Maggie",Maggie,Soehnlen,,8688,"Soehnlen, Maggie","SOEHNLEN,MAGGIE",Saint Mary's,SMC,1090-560,4,2,25,0,25,0.0,0.0,1.0,4.0,0.0,0.0,0.0,0.0,0.0,1.0,0.25,0.0,0.0,0.0,1.0,0.0,0.0,0.0,0.0,0.0,0.0,0.0,3.0,0.0,0.0,0.0,0.75,0.0,0.0,0.0,0.0,,221:00,0.0,0.0,0.0,,,,,,,,,,,,,,,,,,,,,,-1.5801991857939863,3695,71
2026-27,wsoc,Michigan Intercollegiate Athletic Association (MIAA),miaa,Hope,"Streberger, Amelia",Amelia,Streberger,,286,"Streberger, Amelia","STREBERGER,AMELIA",Hope,HC,1087-4461,5,0,5,0,5,0.0,0.0,1.0,1.0,0.0,0.0,0.0,0.0,0.0,0.2,0.2,0.0,0.0,0.0,1.0,0.0,0.0,0.0,0.0,0.0,0.0,0.0,0.0,0.0,1.0,0.0,0.0,0.2,0.0,0.0,0.0,,80:00,0.0,0.0,0.0,,,,,,,,,,,,,,,,,,,,,,-1.5801991857939863,3710,71
2026-27,wsoc,Michigan Intercollegiate Athletic Association (MIAA),miaa,Adrian,"Willinger, Lylah",Lylah,Willinger,,4,"Willinger, Lylah","WILLINGER,LYLAH",Adrian,ADR,1083-14388,8,1,32,0,32,0.0,0.0,1.0,1.0,0.0,0.0,0.0,0.0,0.0,0.13,0.13,0.0,0.0,0.0,1.0,0.0,0.0,0.0,0.0,0.0,0.0,0.0,2.0,0.0,0.0,0.0,0.25,0.0,0.0,0.0,0.0,,169:00,0.0,0.0,0.0,,,,,,,,,,,,,,,,,,,,,,-1.5801991857939863,3757,70
2026-27,wsoc,Michigan Intercollegiate Athletic Association (MIAA),miaa,Hope,"Wurster, Megan",Megan,Wurster,,286,"Wurster, Megan","WURSTER,MEGAN",Hope,HC,1087-3861,3,0,30,0,30,0.0,0.0,1.0,3.0,0.0,0.0,0.0,0.0,0.0,1.0,0.33,0.0,0.0,0.0,1.0,0.0,0.0,0.0,0.0,0.0,0.0,0.0,0.0,0.0,0.0,0.0,0.0,0.0,0.0,0.0,0.0,,28:00,0.0,0.0,0.0,,,,,,,,,,,,,,,,,,,,,,-1.5801991857939863,3769,70
2026-27,wsoc,Michigan Intercollegiate Athletic Association (MIAA),miaa,Kalamazoo,"Forbis, Jess",Jess,Forbis,,326,"Forbis, Jess","FORBIS,JESS",Kalamazoo,KZOO,1088-1910,8,8,0,0,0,0.0,0.0,0.0,0.0,0.0,0.0,0.0,0.0,0.0,0.0,0.0,0.0,0.0,0.0,0.0,0.0,0.0,0.0,0.0,0.0,0.0,0.0,0.0,0.0,0.0,0.0,0.0,0.0,0.0,0.0,0.0,,720:00,0.0,0.0,0.0,70.0,1.0,2,5.0,4.0,0.676,1.5,25.0,12.0,720:00,8.0,8.0,1.5,0.676,0.5,3.13,,,,,,-1.6945446143462723,3799,70
2026-27,wsoc,Michigan Intercollegiate Athletic Association (MIAA),miaa,Saint Mary's,"Krayer, Meghan",Meghan,Krayer,,8688,"Krayer, Meghan","KRAYER,MEGHAN",Saint Mary's,SMC,1090-471,7,7,1,0,1,0.0,0.0,0.0,0.0,0.0,0.0,0.0,0.0,0.0,0.0,0.0,0.0,0.0,0.0,0.0,0.0,0.0,0.0,0.0,0.0,0.0,0.0,0.0,0.0,0.0,0.0,0.0,0.0,0.0,0.0,0.0,,630:00,0.0,0.0,0.0,43.0,1.0,3,3.0,2.0,0.583,0.71,7.0,5.0,630:00,7.0,7.0,0.71,0.583,0.286,1.0,,,,,,-1.7258203918359305,3805,70
2026-27,wsoc,Michigan Intercollegiate Athletic Association (MIAA),miaa,Alma,"Abner, Hannah",Hannah,Abner,,21,"Abner, Hannah","ABNER,HANNAH",Alma,Alma,1085-3173,8,8,17,0,17,0.0,0.0,0.0,6.0,0.0,0.0,0.0,0.0,0.0,0.75,0.0,0.0,0.0,0.0,0.0,0.0,0.0,0.0,0.0,0.0,0.0,0.0,7.0,0.0,0.0,0.0,0.88,0.0,0.0,0.0,0.0,,611:00,0.0,0.0,0.0,,,,,,,,,,,,,,,,,,,,,,-1.738187526017053,3814,70
2026-27,wsoc,Michigan Intercollegiate Athletic Association (MIAA),miaa,Albion,"Ahlgren, Olivia",Olivia,Ahlgren,,15,"Ahlgren, Olivia","AHLGREN,OLIVIA",Albion,AC,1084-3451,2,0,4,0,4,0.0,0.0,0.0,0.0,0.0,0.0,0.0,0.0,0.0,0.0,0.0,0.0,0.0,0.0,0.0,0.0,0.0,0.0,0.0,0.0,0.0,0.0,0.0,0.0,0.0,0.0,0.0,0.0,0.0,0.0,0.0,,32:00,0.0,0.0,0.0,,,,,,,,,,,,,,,,,,,,,,-1.738187526017053,3831,70
2026-27,wsoc,Michigan Intercollegiate Athletic Association (MIAA),miaa,Hope,"Albrecht, Kate",Kate,Albrecht,,286,"Albrecht, Kate","ALBRECHT,KATE",Hope,HC,1087-3505,7,0,17,0,17,0.0,0.0,0.0,0.0,0.0,0.0,0.0,0.0,0.0,0.0,0.0,0.0,0.0,0.0,0.0,0.0,0.0,0.0,0.0,0.0,0.0,0.0,1.0,0.0,0.0,0.0,0.14,0.0,0.0,0.0,0.0,,258:00,0.0,0.0,0.0,,,,,,,,,,,,,,,,,,,,,,-1.738187526017053,3841,70
2026-27,wsoc,Michigan Intercollegiate Athletic Association (MIAA),miaa,Olivet,Allisyn Bumstead,Allisyn,Bumstead,,525,Allisyn Bumstead,"BUMSTEAD,ALLISYN",Olivet,OLIVET,0,0,0,31,0,31,0.0,0.0,0.0,0.0,0.0,0.0,0.0,0.0,0.0,0.0,0.0,0.0,0.0,0.0,0.0,0.0,0.0,0.0,0.0,0.0,0.0,0.0,0.0,0.0,0.0,0.0,0.0,0.0,0.0,0.0,0.0,,00:00,0.0,0.0,0.0,,,,,,,,,,,,,,,,,,,,,,-1.738187526017053,3865,70
2026-27,wsoc,Michigan Intercollegiate Athletic Association (MIAA),miaa,Adrian,"Aman-Lavicky, Kate",Kate,Aman-Lavicky,,4,"Aman-Lavicky, Kate","AMAN-LAVICKY,KATE",Adrian,ADR,1083-14375,0,0,66,0,66,0.0,0.0,0.0,0.0,0.0,0.0,0.0,0.0,0.0,0.0,0.0,0.0,0.0,0.0,0.0,0.0,0.0,0.0,0.0,0.0,0.0,0.0,0.0,0.0,0.0,0.0,0.0,0.0,0.0,0.0,0.0,,00:00,0.0,0.0,0.0,,,,,,,,,,,,,,,,,,,,,,-1.738187526017053,3878,70
2026-27,wsoc,Michigan Intercollegiate Athletic Association (MIAA),miaa,Alma,"Atchinson, Ava",Ava,Atchinson,,21,"Atchinson, Ava","ATCHINSON,AVA",Alma,Alma,1085-3300,3,0,5,0,5,0.0,0.0,0.0,0.0,0.0,0.0,0.0,0.0,0.0,0.0,0.0,0.0,0.0,0.0,0.0,0.0,0.0,0.0,0.0,0.0,0.0,0.0,0.0,0.0,0.0,0.0,0.0,0.0,0.0,0.0,0.0,,42:00,0.0,0.0,0.0,,,,,,,,,,,,,,,,,,,,,,-1.738187526017053,3916,69
2026-27,wsoc,Michigan Intercollegiate Athletic Association (MIAA),miaa,Adrian,"Baldwin, Hayley",Hayley,Baldwin,,4,"Baldwin, Hayley","BALDWIN,HAYLEY",Adrian,ADR,1083-6913,8,0,23,0,23,0.0,0.0,0.0,1.0,0.0,0.0,0.0,0.0,0.0,0.13,0.0,0.0,0.0,0.0,0.0,0.0,0.0,0.0,0.0,0.0,0.0,0.0,2.0,0.0,0.0,0.0,0.25,0.0,0.0,0.0,0.0,,139:00,0.0,0.0,0.0,,,,,,,,,,,,,,,,,,,,,,-1.738187526017053,3965,69
2026-27,wsoc,Michigan Intercollegiate Athletic Association (MIAA),miaa,Albion,"Baroky, Charlotte",Charlotte,Baroky,,15,"Baroky, Charlotte","BAROKY,CHARLOTTE",Albion,AC,1084-3961,3,0,27,0,27,0.0,0.0,0.0,0.0,0.0,0.0,0.0,0.0,0.0,0.0,0.0,0.0,0.0,0.0,0.0,0.0,0.0,0.0,0.0,0.0,0.0,0.0,0.0,0.0,0.0,0.0,0.0,0.0,0.0,0.0,0.0,,102:00,0.0,0.0,0.0,,,,,,,,,,,,,,,,,,,,,,-1.738187526017053,3982,69
2026-27,wsoc,Michigan Intercollegiate Athletic Association (MIAA),miaa,Trine,"Bearden, Ellie",Ellie,Bearden,,30037,"Bearden, Ellie","BEARDEN,ELLIE",Trine,Trine,1091-5500,3,0,9,0,9,0.0,0.0,0.0,0.0,0.0,0.0,0.0,0.0,0.0,0.0,0.0,0.0,0.0,0.0,0.0,0.0,0.0,0.0,0.0,0.0,0.0,0.0,0.0,0.0,0.0,0.0,0.0,0.0,0.0,0.0,0.0,,38:00,0.0,0.0,0.0,,,,,,,,,,,,,,,,,,,,,,-1.738187526017053,4001,69
2026-27,wsoc,Michigan Intercollegiate Athletic Association (MIAA),miaa,Adrian,"Boilore, Sierra",Sierra,Boilore,,4,"Boilore, Sierra","BOILORE,SIERRA",Adrian,ADR,1083-14377,0,0,28,0,28,0.0,0.0,0.0,0.0,0.0,0.0,0.0,0.0,0.0,0.0,0.0,0.0,0.0,0.0,0.0,0.0,0.0,0.0,0.0,0.0,0.0,0.0,0.0,0.0,0.0,0.0,0.0,0.0,0.0,0.0,0.0,,00:00,0.0,0.0,0.0,,,,,,,,,,,,,,,,,,,,,,-1.738187526017053,4063,68
2026-27,wsoc,Michigan Intercollegiate Athletic Association (MIAA),miaa,Calvin,"Braman, Avary",Avary,Braman,,114,"Braman, Avary","BRAMAN,AVARY",Calvin,CAL,1086-2523,2,0,15,0,15,0.0,0.0,0.0,0.0,0.0,0.0,0.0,0.0,0.0,0.0,0.0,0.0,0.0,0.0,0.0,0.0,0.0,0.0,0.0,0.0,0.0,0.0,1.0,0.0,0.0,0.0,0.5,0.0,0.0,0.0,0.0,,42:00,0.0,0.0,0.0,,,,,,,,,,,,,,,,,,,,,,-1.738187526017053,4097,68
2026-27,wsoc,Michigan Intercollegiate Athletic Association (MIAA),miaa,Calvin,"Braman, Emmy",Emmy,Braman,,114,"Braman, Emmy","BRAMAN,EMMY",Calvin,CAL,1086-3149,4,0,31,0,31,0.0,0.0,0.0,1.0,0.0,0.0,0.0,0.0,0.0,0.25,0.0,0.0,0.0,0.0,0.0,0.0,0.0,0.0,0.0,0.0,0.0,0.0,0.0,0.0,0.0,0.0,0.0,0.0,0.0,0.0,0.0,,81:00,0.0,0.0,0.0,,,,,,,,,,,,,,,,,,,,,,-1.738187526017053,4098,68
2026-27,wsoc,Michigan Intercollegiate Athletic Association (MIAA),miaa,Olivet,Brayde Smith,Brayde,Smith,,525,Brayde Smith,"SMITH,BRAYDE",Olivet,OLIVET,0,6,0,3,0,3,0.0,0.0,0.0,0.0,0.0,0.0,0.0,0.0,0.0,0.0,0.0,0.0,0.0,0.0,0.0,0.0,0.0,0.0,0.0,0.0,0.0,0.0,0.0,0.0,0.0,0.0,0.0,0.0,0.0,0.0,0.0,,125:00,0.0,0.0,0.0,,,,,,,,,,,,,,,,,,,,,,-1.738187526017053,4103,68
2026-27,wsoc,Michigan Intercollegiate Athletic Association (MIAA),miaa,Albion,"Bride, Kiara",Kiara,Bride,,15,"Bride, Kiara","BRIDE,KIARA",Albion,AC,1084-3965,3,0,33,0,33,0.0,0.0,0.0,0.0,0.0,0.0,0.0,0.0,0.0,0.0,0.0,0.0,0.0,0.0,0.0,0.0,0.0,0.0,0.0,0.0,0.0,0.0,0.0,0.0,0.0,0.0,0.0,0.0,0.0,0.0,0.0,,40:00,0.0,0.0,0.0,,,,,,,,,,,,,,,,,,,,,,-1.738187526017053,4111,68
2026-27,wsoc,Michigan Intercollegiate Athletic Association (MIAA),miaa,Calvin,"Brodoski, Lilly",Lilly,Brodoski,,114,"Brodoski, Lilly","BRODOSKI,LILLY",Calvin,CAL,1086-3142,2,0,14,0,14,0.0,0.0,0.0,1.0,0.0,0.0,0.0,0.0,0.0,0.5,0.0,0.0,0.0,0.0,0.0,0.0,0.0,0.0,0.0,0.0,0.0,0.0,0.0,0.0,0.0,0.0,0.0,0.0,0.0,0.0,0.0,,68:00,0.0,0.0,0.0,,,,,,,,,,,,,,,,,,,,,,-1.738187526017053,4119,68
2026-27,wsoc,Michigan Intercollegiate Athletic Association (MIAA),miaa,Kalamazoo,"Butki, Tavi",Tavi,Butki,,326,"Butki, Tavi","BUTKI,TAVI",Kalamazoo,KZOO,1088-1913,5,0,27,0,27,0.0,0.0,0.0,1.0,0.0,0.0,0.0,0.0,0.0,0.2,0.0,0.0,0.0,0.0,0.0,0.0,0.0,0.0,0.0,0.0,0.0,0.0,0.0,0.0,0.0,0.0,0.0,0.0,0.0,0.0,0.0,,43:00,0.0,0.0,0.0,,,,,,,,,,,,,,,,,,,,,,-1.738187526017053,4160,68
2026-27,wsoc,Michigan Intercollegiate Athletic Association (MIAA),miaa,Saint Mary's,"Caraballo, Keona",Keona,Caraballo,,8688,"Caraballo, Keona","CARABALLO,KEONA",Saint Mary's,SMC,1090-457,0,0,00,0,00,0.0,0.0,0.0,0.0,0.0,0.0,0.0,0.0,0.0,0.0,0.0,0.0,0.0,0.0,0.0,0.0,0.0,0.0,0.0,0.0,0.0,0.0,0.0,0.0,0.0,0.0,0.0,0.0,0.0,0.0,0.0,,00:00,0.0,0.0,0.0,,,,,,,,,,,,,,,,,,,,,,-1.738187526017053,4196,67
2026-27,wsoc,Michigan Intercollegiate Athletic Association (MIAA),miaa,Adrian,"Chamberlain, Carlie",Carlie,Chamberlain,,4,"Chamberlain, Carlie","CHAMBERLAIN,CARLIE",Adrian,ADR,1083-6056,0,0,9,0,9,0.0,0.0,0.0,0.0,0.0,0.0,0.0,0.0,0.0,0.0,0.0,0.0,0.0,0.0,0.0,0.0,0.0,0.0,0.0,0.0,0.0,0.0,0.0,0.0,0.0,0.0,0.0,0.0,0.0,0.0,0.0,,00:00,0.0,0.0,0.0,,,,,,,,,,,,,,,,,,,,,,-1.738187526017053,4234,67
2026-27,wsoc,Michigan Intercollegiate Athletic Association (MIAA),miaa,Trine,"Cox, Megan",Megan,Cox,,30037,"Cox, Megan","COX,MEGAN",Trine,Trine,1091-5008,7,2,25,0,25,0.0,0.0,0.0,0.0,0.0,0.0,0.0,0.0,0.0,0.0,0.0,0.0,0.0,0.0,0.0,0.0,0.0,0.0,0.0,0.0,0.0,0.0,4.0,0.0,0.0,0.0,0.57,0.0,0.0,0.0,0.0,,284:00,0.0,0.0,0.0,,,,,,,,,,,,,,,,,,,,,,-1.738187526017053,4339,66
2026-27,wsoc,Michigan Intercollegiate Athletic Association (MIAA),miaa,Adrian,"Dailey, Emily",Emily,Dailey,,4,"Dailey, Emily","DAILEY,EMILY",Adrian,ADR,1083-6907,0,0,65,0,65,0.0,0.0,0.0,0.0,0.0,0.0,0.0,0.0,0.0,0.0,0.0,0.0,0.0,0.0,0.0,0.0,0.0,0.0,0.0,0.0,0.0,0.0,0.0,0.0,0.0,0.0,0.0,0.0,0.0,0.0,0.0,,00:00,0.0,0.0,0.0,,,,,,,,,,,,,,,,,,,,,,-1.738187526017053,4389,66
2026-27,wsoc,Michigan Intercollegiate Athletic Association (MIAA),miaa,Trine,"DeBruin, Isabelle",Isabelle,DeBruin,,30037,"DeBruin, Isabelle","DEBRUIN,ISABELLE",Trine,Trine,1091-5505,0,0,27,0,27,0.0,0.0,0.0,0.0,0.0,0.0,0.0,0.0,0.0,0.0,0.0,0.0,0.0,0.0,0.0,0.0,0.0,0.0,0.0,0.0,0.0,0.0,0.0,0.0,0.0,0.0,0.0,0.0,0.0,0.0,0.0,,00:00,0.0,0.0,0.0,,,,,,,,,,,,,,,,,,,,,,-1.738187526017053,4427,66
2026-27,wsoc,Michigan Intercollegiate Athletic Association (MIAA),miaa,Adrian,"DeCeuninck, Sam",Sam,DeCeuninck,,4,"DeCeuninck, Sam","DECEUNINCK,SAM",Adrian,ADR,0,0,0,87,0,87,0.0,0.0,0.0,0.0,0.0,0.0,0.0,0.0,0.0,0.0,0.0,0.0,0.0,0.0,0.0,0.0,0.0,0.0,0.0,0.0,0.0,0.0,0.0,0.0,0.0,0.0,0.0,0.0,0.0,0.0,0.0,,00:00,0.0,0.0,0.0,,,,,,,,,,,,,,,,,,,,,,-1.738187526017053,4428,66
2026-27,wsoc,Michigan Intercollegiate Athletic Association (MIAA),miaa,Trine,"Dobbert, Lexi",Lexi,Dobbert,,30037,"Dobbert, Lexi","DOBBERT,LEXI",Trine,Trine,1091-5503,9,7,19,0,19,0.0,0.0,0.0,1.0,0.0,0.0,0.0,0.0,0.0,0.11,0.0,0.0,0.0,0.0,0.0,0.0,0.0,0.0,0.0,0.0,0.0,0.0,4.0,0.0,0.0,0.0,0.44,0.0,0.0,0.0,0.0,,594:00,0.0,0.0,0.0,,,,,,,,,,,,,,,,,,,,,,-1.738187526017053,4470,66
2026-27,wsoc,Michigan Intercollegiate Athletic Association (MIAA),miaa,Hope,"Ellinger, Aubrey",Aubrey,Ellinger,,286,"Ellinger, Aubrey","ELLINGER,AUBREY",Hope,HC,1087-3857,3,0,9,0,9,0.0,0.0,0.0,0.0,0.0,0.0,0.0,0.0,0.0,0.0,0.0,0.0,0.0,0.0,0.0,0.0,0.0,0.0,0.0,0.0,0.0,0.0,0.0,0.0,0.0,0.0,0.0,0.0,0.0,0.0,0.0,,27:00,0.0,0.0,0.0,,,,,,,,,,,,,,,,,,,,,,-1.738187526017053,4537,65
2026-27,wsoc,Michigan Intercollegiate Athletic Association (MIAA),miaa,Albion,"Fabrizio, Bella",Bella,Fabrizio,,15,"Fabrizio, Bella","FABRIZIO,BELLA",Albion,AC,1084-3724,0,0,25,0,25,0.0,0.0,0.0,0.0,0.0,0.0,0.0,0.0,0.0,0.0,0.0,0.0,0.0,0.0,0.0,0.0,0.0,0.0,0.0,0.0,0.0,0.0,0.0,0.0,0.0,0.0,0.0,0.0,0.0,0.0,0.0,,00:00,0.0,0.0,0.0,,,,,,,,,,,,,,,,,,,,,,-1.738187526017053,4578,65
2026-27,wsoc,Michigan Intercollegiate Athletic Association (MIAA),miaa,Olivet,Faith Green,Faith,Green,,525,Faith Green,"GREEN,FAITH",Olivet,OLIVET,0,6,6,19,0,19,0.0,0.0,0.0,2.0,0.0,0.0,0.0,0.0,0.0,0.33,0.0,0.0,0.0,0.0,0.0,0.0,0.0,0.0,0.0,0.0,0.0,0.0,1.0,0.0,1.0,0.0,0.17,0.17,0.0,0.0,0.0,,455:00,0.0,0.0,0.0,,,,,,,,,,,,,,,,,,,,,,-1.738187526017053,4580,65
2026-27,wsoc,Michigan Intercollegiate Athletic Association (MIAA),miaa,Alma,"Fitzpatrick, Brigid",Brigid,Fitzpatrick,,21,"Fitzpatrick, Brigid","FITZPATRICK,BRIGID",Alma,Alma,1085-4303,2,0,41,0,41,0.0,0.0,0.0,0.0,0.0,0.0,0.0,0.0,0.0,0.0,0.0,0.0,0.0,0.0,0.0,0.0,0.0,0.0,0.0,0.0,0.0,0.0,0.0,0.0,0.0,0.0,0.0,0.0,0.0,0.0,0.0,,51:00,0.0,0.0,0.0,,,,,,,,,,,,,,,,,,,,,,-1.738187526017053,4611,65
2026-27,wsoc,Michigan Intercollegiate Athletic Association (MIAA),miaa,Alma,"Garcia, Melina",Melina,Garcia,,21,"Garcia, Melina","GARCIA,MELINA",Alma,Alma,1085-4079,1,0,38,0,38,0.0,0.0,0.0,2.0,0.0,0.0,0.0,0.0,0.0,2.0,0.0,0.0,0.0,0.0,0.0,0.0,0.0,0.0,0.0,0.0,0.0,0.0,1.0,0.0,0.0,0.0,1.0,0.0,0.0,0.0,0.0,,37:00,0.0,0.0,0.0,,,,,,,,,,,,,,,,,,,,,,-1.738187526017053,4679,64
2026-27,wsoc,Michigan Intercollegiate Athletic Association (MIAA),miaa,Trine,"Gasaway, Maddie",Maddie,Gasaway,,30037,"Gasaway, Maddie","GASAWAY,MADDIE",Trine,Trine,1091-5006,5,0,4,0,4,0.0,0.0,0.0,0.0,0.0,0.0,0.0,0.0,0.0,0.0,0.0,0.0,0.0,0.0,0.0,0.0,0.0,0.0,0.0,0.0,0.0,0.0,1.0,0.0,0.0,0.0,0.2,0.0,0.0,0.0,0.0,,43:00,0.0,0.0,0.0,,,,,,,,,,,,,,,,,,,,,,-1.738187526017053,4685,64
2026-27,wsoc,Michigan Intercollegiate Athletic Association (MIAA),miaa,Trine,"Gibson, Peyton",Peyton,Gibson,,30037,"Gibson, Peyton","GIBSON,PEYTON",Trine,Trine,1091-5499,0,0,7,0,7,0.0,0.0,0.0,0.0,0.0,0.0,0.0,0.0,0.0,0.0,0.0,0.0,0.0,0.0,0.0,0.0,0.0,0.0,0.0,0.0,0.0,0.0,0.0,0.0,0.0,0.0,0.0,0.0,0.0,0.0,0.0,,00:00,0.0,0.0,0.0,,,,,,,,,,,,,,,,,,,,,,-1.738187526017053,4709,64
2026-27,wsoc,Michigan Intercollegiate Athletic Association (MIAA),miaa,Adrian,"Giffin, Mya",Mya,Giffin,,4,"Giffin, Mya","GIFFIN,MYA",Adrian,ADR,1083-13708,3,1,98,0,98,0.0,0.0,0.0,0.0,0.0,0.0,0.0,0.0,0.0,0.0,0.0,0.0,0.0,0.0,0.0,0.0,0.0,0.0,0.0,0.0,0.0,0.0,1.0,0.0,0.0,0.0,0.33,0.0,0.0,0.0,0.0,,64:00,0.0,0.0,0.0,,,,,,,,,,,,,,,,,,,,,,-1.738187526017053,4711,64
2026-27,wsoc,Michigan Intercollegiate Athletic Association (MIAA),miaa,Calvin,"Grigg, Kendall",Kendall,Grigg,,114,"Grigg, Kendall","GRIGG,KENDALL",Calvin,CAL,1086-3146,2,0,26,0,26,0.0,0.0,0.0,0.0,0.0,0.0,0.0,0.0,0.0,0.0,0.0,0.0,0.0,0.0,0.0,0.0,0.0,0.0,0.0,0.0,0.0,0.0,0.0,0.0,0.0,0.0,0.0,0.0,0.0,0.0,0.0,,18:00,0.0,0.0,0.0,,,,,,,,,,,,,,,,,,,,,,-1.738187526017053,4769,64
2026-27,wsoc,Michigan Intercollegiate Athletic Association (MIAA),miaa,Hope,"Hall, Hannah",Hannah,Hall,,286,"Hall, Hannah","HALL,HANNAH",Hope,HC,1087-4493,2,0,21,0,21,0.0,0.0,0.0,0.0,0.0,0.0,0.0,0.0,0.0,0.0,0.0,0.0,0.0,0.0,0.0,0.0,0.0,0.0,0.0,0.0,0.0,0.0,0.0,0.0,0.0,0.0,0.0,0.0,0.0,0.0,0.0,,19:00,0.0,0.0,0.0,,,,,,,,,,,,,,,,,,,,,,-1.738187526017053,4805,63
2026-27,wsoc,Michigan Intercollegiate Athletic Association (MIAA),miaa,Trine,"Hall, Jaclyn",Jaclyn,Hall,,30037,"Hall, Jaclyn","HALL,JACLYN",Trine,Trine,1091-5733,1,0,17,0,17,0.0,0.0,0.0,1.0,0.0,0.0,0.0,0.0,0.0,1.0,0.0,0.0,0.0,0.0,0.0,0.0,0.0,0.0,0.0,0.0,0.0,0.0,0.0,0.0,0.0,0.0,0.0,0.0,0.0,0.0,0.0,,07:00,0.0,0.0,0.0,,,,,,,,,,,,,,,,,,,,,,-1.738187526017053,4806,63
2026-27,wsoc,Michigan Intercollegiate Athletic Association (MIAA),miaa,Kalamazoo,"Hanninen, McKinley",McKinley,Hanninen,,326,"Hanninen, McKinley","HANNINEN,MCKINLEY",Kalamazoo,KZOO,1088-1875,0,0,28,0,28,0.0,0.0,0.0,0.0,0.0,0.0,0.0,0.0,0.0,0.0,0.0,0.0,0.0,0.0,0.0,0.0,0.0,0.0,0.0,0.0,0.0,0.0,0.0,0.0,0.0,0.0,0.0,0.0,0.0,0.0,0.0,,00:00,0.0,0.0,0.0,,,,,,,,,,,,,,,,,,,,,,-1.738187526017053,4829,63
2026-27,wsoc,Michigan Intercollegiate Athletic Association (MIAA),miaa,Kalamazoo,"Harper, Belle",Belle,Harper,,326,"Harper, Belle","HARPER,BELLE",Kalamazoo,KZOO,1088-2286,2,0,25,0,25,0.0,0.0,0.0,0.0,0.0,0.0,0.0,0.0,0.0,0.0,0.0,0.0,0.0,0.0,0.0,0.0,0.0,0.0,0.0,0.0,0.0,0.0,0.0,0.0,0.0,0.0,0.0,0.0,0.0,0.0,0.0,,08:00,0.0,0.0,0.0,,,,,,,,,,,,,,,,,,,,,,-1.738187526017053,4841,63
2026-27,wsoc,Michigan Intercollegiate Athletic Association (MIAA),miaa,Calvin,"Hart, Lindsay",Lindsay,Hart,,114,"Hart, Lindsay","HART,LINDSAY",Calvin,CAL,1086-2132,7,1,20,0,20,0.0,0.0,0.0,0.0,0.0,0.0,0.0,0.0,0.0,0.0,0.0,0.0,0.0,0.0,0.0,0.0,0.0,0.0,0.0,0.0,0.0,0.0,1.0,0.0,0.0,0.0,0.14,0.0,0.0,0.0,0.0,,266:00,0.0,0.0,0.0,,,,,,,,,,,,,,,,,,,,,,-1.738187526017053,4847,63
2026-27,wsoc,Michigan Intercollegiate Athletic Association (MIAA),miaa,Alma,"Heeschen, Nichole",Nichole,Heeschen,,21,"Heeschen, Nichole","HEESCHEN,NICHOLE",Alma,Alma,1085-4002,0,0,26,0,26,0.0,0.0,0.0,0.0,0.0,0.0,0.0,0.0,0.0,0.0,0.0,0.0,0.0,0.0,0.0,0.0,0.0,0.0,0.0,0.0,0.0,0.0,0.0,0.0,0.0,0.0,0.0,0.0,0.0,0.0,0.0,,00:00,0.0,0.0,0.0,,,,,,,,,,,,,,,,,,,,,,-1.738187526017053,4865,63
2026-27,wsoc,Michigan Intercollegiate Athletic Association (MIAA),miaa,Albion,"Hohlbein, Morgan",Morgan,Hohlbein,,15,"Hohlbein, Morgan","HOHLBEIN,MORGAN",Albion,AC,1084-4258,8,7,20,0,20,0.0,0.0,0.0,0.0,0.0,0.0,0.0,0.0,0.0,0.0,0.0,0.0,0.0,0.0,0.0,0.0,0.0,0.0,0.0,0.0,0.0,0.0,3.0,0.0,0.0,0.0,0.38,0.0,0.0,0.0,0.0,,374:00,0.0,0.0,0.0,,,,,,,,,,,,,,,,,,,,,,-1.738187526017053,4917,63
2026-27,wsoc,Michigan Intercollegiate Athletic Association (MIAA),miaa,Kalamazoo,"Holcomb, Lauren",Lauren,Holcomb,,326,"Holcomb, Lauren","HOLCOMB,LAUREN",Kalamazoo,KZOO,1088-2105,0,0,10,0,10,0.0,0.0,0.0,0.0,0.0,0.0,0.0,0.0,0.0,0.0,0.0,0.0,0.0,0.0,0.0,0.0,0.0,0.0,0.0,0.0,0.0,0.0,0.0,0.0,0.0,0.0,0.0,0.0,0.0,0.0,0.0,,00:00,0.0,0.0,0.0,,,,,,,,,,,,,,,,,,,,,,-1.738187526017053,4918,63
2026-27,wsoc,Michigan Intercollegiate Athletic Association (MIAA),miaa,Kalamazoo,"Holcomb, Maren",Maren,Holcomb,,326,"Holcomb, Maren","HOLCOMB,MAREN",Kalamazoo,KZOO,1088-2106,6,0,16,0,16,0.0,0.0,0.0,0.0,0.0,0.0,0.0,0.0,0.0,0.0,0.0,0.0,0.0,0.0,0.0,0.0,0.0,0.0,0.0,0.0,0.0,0.0,1.0,0.0,0.0,0.0,0.17,0.0,0.0,0.0,0.0,,66:00,0.0,0.0,0.0,,,,,,,,,,,,,,,,,,,,,,-1.738187526017053,4919,63
2026-27,wsoc,Michigan Intercollegiate Athletic Association (MIAA),miaa,Olivet,Isabella Hillard,Isabella,Hillard,,525,Isabella Hillard,"HILLARD,ISABELLA",Olivet,OLIVET,0,1,0,4,0,4,0.0,0.0,0.0,0.0,0.0,0.0,0.0,0.0,0.0,0.0,0.0,0.0,0.0,0.0,0.0,0.0,0.0,0.0,0.0,0.0,0.0,0.0,0.0,0.0,0.0,0.0,0.0,0.0,0.0,0.0,0.0,,66:00,0.0,0.0,0.0,,,,,,,,,,,,,,,,,,,,,,-1.738187526017053,4972,62
2026-27,wsoc,Michigan Intercollegiate Athletic Association (MIAA),miaa,Calvin,"Jacobs, Lydia",Lydia,Jacobs,,114,"Jacobs, Lydia","JACOBS,LYDIA",Calvin,CAL,1086-2871,2,0,5,0,5,0.0,0.0,0.0,0.0,0.0,0.0,0.0,0.0,0.0,0.0,0.0,0.0,0.0,0.0,0.0,0.0,0.0,0.0,0.0,0.0,0.0,0.0,0.0,0.0,0.0,0.0,0.0,0.0,0.0,0.0,0.0,,20:00,0.0,0.0,0.0,,,,,,,,,,,,,,,,,,,,,,-1.738187526017053,4987,62
2026-27,wsoc,Michigan Intercollegiate Athletic Association (MIAA),miaa,Adrian,"Johnson, Allyse",Allyse,Johnson,,4,"Johnson, Allyse","JOHNSON,ALLYSE",Adrian,ADR,0,0,0,22,0,22,0.0,0.0,0.0,0.0,0.0,0.0,0.0,0.0,0.0,0.0,0.0,0.0,0.0,0.0,0.0,0.0,0.0,0.0,0.0,0.0,0.0,0.0,0.0,0.0,0.0,0.0,0.0,0.0,0.0,0.0,0.0,,00:00,0.0,0.0,0.0,,,,,,,,,,,,,,,,,,,,,,-1.738187526017053,5014,62
2026-27,wsoc,Michigan Intercollegiate Athletic Association (MIAA),miaa,Kalamazoo,"Kastel, Izzy",Izzy,Kastel,,326,"Kastel, Izzy","KASTEL,IZZY",Kalamazoo,KZOO,1088-1876,3,1,19,0,19,0.0,0.0,0.0,0.0,0.0,0.0,0.0,0.0,0.0,0.0,0.0,0.0,0.0,0.0,0.0,0.0,0.0,0.0,0.0,0.0,0.0,0.0,2.0,0.0,0.0,0.0,0.67,0.0,0.0,0.0,0.0,,169:00,0.0,0.0,0.0,,,,,,,,,,,,,,,,,,,,,,-1.738187526017053,5065,62
2026-27,wsoc,Michigan Intercollegiate Athletic Association (MIAA),miaa,Olivet,Katie Leonard,Katie,Leonard,,525,Katie Leonard,"LEONARD,KATIE",Olivet,OLIVET,0,7,0,5,0,5,0.0,0.0,0.0,0.0,0.0,0.0,0.0,0.0,0.0,0.0,0.0,0.0,0.0,0.0,0.0,0.0,0.0,0.0,0.0,0.0,0.0,0.0,0.0,0.0,0.0,0.0,0.0,0.0,0.0,0.0,0.0,,206:00,0.0,0.0,0.0,,,,,,,,,,,,,,,,,,,,,,-1.738187526017053,5075,62
2026-27,wsoc,Michigan Intercollegiate Athletic Association (MIAA),miaa,Saint Mary's,"Keely, Claire",Claire,Keely,,8688,"Keely, Claire","KEELY,CLAIRE",Saint Mary's,SMC,1090-270,6,1,22,0,22,0.0,0.0,0.0,1.0,0.0,0.0,0.0,0.0,0.0,0.17,0.0,0.0,0.0,0.0,0.0,0.0,0.0,0.0,0.0,0.0,0.0,0.0,1.0,0.0,0.0,0.0,0.17,0.0,0.0,0.0,0.0,,159:00,0.0,0.0,0.0,,,,,,,,,,,,,,,,,,,,,,-1.738187526017053,5088,62
2026-27,wsoc,Michigan Intercollegiate Athletic Association (MIAA),miaa,Olivet,Kelila Rustin,Kelila,Rustin,,525,Kelila Rustin,"RUSTIN,KELILA",Olivet,OLIVET,0,8,8,15,0,15,0.0,0.0,0.0,1.0,0.0,0.0,0.0,0.0,0.0,0.13,0.0,0.0,0.0,0.0,0.0,0.0,0.0,0.0,0.0,0.0,0.0,0.0,0.0,0.0,0.0,0.0,0.0,0.0,0.0,0.0,0.0,,571:00,0.0,0.0,0.0,,,,,,,,,,,,,,,,,,,,,,-1.738187526017053,5094,61
2026-27,wsoc,Michigan Intercollegiate Athletic Association (MIAA),miaa,Trine,"Kelley, Fi",Fi,Kelley,,30037,"Kelley, Fi","KELLEY,FI",Trine,Trine,1091-4565,2,0,14,0,14,0.0,0.0,0.0,0.0,0.0,0.0,0.0,0.0,0.0,0.0,0.0,0.0,0.0,0.0,0.0,0.0,0.0,0.0,0.0,0.0,0.0,0.0,0.0,0.0,0.0,0.0,0.0,0.0,0.0,0.0,0.0,,32:00,0.0,0.0,0.0,,,,,,,,,,,,,,,,,,,,,,-1.738187526017053,5097,61
2026-27,wsoc,Michigan Intercollegiate Athletic Association (MIAA),miaa,Saint Mary's,"Kelly, Shea",Shea,Kelly,,8688,"Kelly, Shea","KELLY,SHEA",Saint Mary's,SMC,1090-470,0,0,14,0,14,0.0,0.0,0.0,0.0,0.0,0.0,0.0,0.0,0.0,0.0,0.0,0.0,0.0,0.0,0.0,0.0,0.0,0.0,0.0,0.0,0.0,0.0,0.0,0.0,0.0,0.0,0.0,0.0,0.0,0.0,0.0,,00:00,0.0,0.0,0.0,,,,,,,,,,,,,,,,,,,,,,-1.738187526017053,5103,61
2026-27,wsoc,Michigan Intercollegiate Athletic Association (MIAA),miaa,Alma,"Kindt, Sophie",Sophie,Kindt,,21,"Kindt, Sophie","KINDT,SOPHIE",Alma,Alma,1085-4306,0,0,23,0,23,0.0,0.0,0.0,0.0,0.0,0.0,0.0,0.0,0.0,0.0,0.0,0.0,0.0,0.0,0.0,0.0,0.0,0.0,0.0,0.0,0.0,0.0,0.0,0.0,0.0,0.0,0.0,0.0,0.0,0.0,0.0,,00:00,0.0,0.0,0.0,,,,,,,,,,,,,,,,,,,,,,-1.738187526017053,5130,61
2026-27,wsoc,Michigan Intercollegiate Athletic Association (MIAA),miaa,Alma,"Kleinebreil, Sophia",Sophia,Kleinebreil,,21,"Kleinebreil, Sophia","KLEINEBREIL,SOPHIA",Alma,Alma,1085-4307,4,2,18,0,18,0.0,0.0,0.0,0.0,0.0,0.0,0.0,0.0,0.0,0.0,0.0,0.0,0.0,0.0,0.0,0.0,0.0,0.0,0.0,0.0,0.0,0.0,1.0,0.0,0.0,0.0,0.25,0.0,0.0,0.0,0.0,,157:00,0.0,0.0,0.0,,,,,,,,,,,,,,,,,,,,,,-1.738187526017053,5138,61
2026-27,wsoc,Michigan Intercollegiate Athletic Association (MIAA),miaa,Trine,"Koskela, Reganne",Reganne,Koskela,,30037,"Koskela, Reganne","KOSKELA,REGANNE",Trine,Trine,1091-4502,8,0,11,0,11,0.0,0.0,0.0,3.0,0.0,0.0,0.0,0.0,0.0,0.38,0.0,0.0,0.0,0.0,0.0,0.0,0.0,0.0,0.0,0.0,0.0,0.0,3.0,0.0,0.0,0.0,0.38,0.0,0.0,0.0,0.0,,169:00,0.0,0.0,0.0,,,,,,,,,,,,,,,,,,,,,,-1.738187526017053,5160,61
2026-27,wsoc,Michigan Intercollegiate Athletic Association (MIAA),miaa,Alma,"Kress, Maecyn",Maecyn,Kress,,21,"Kress, Maecyn","KRESS,MAECYN",Alma,Alma,1085-4308,3,0,35,0,35,0.0,0.0,0.0,0.0,0.0,0.0,0.0,0.0,0.0,0.0,0.0,0.0,0.0,0.0,0.0,0.0,0.0,0.0,0.0,0.0,0.0,0.0,0.0,0.0,0.0,0.0,0.0,0.0,0.0,0.0,0.0,,55:00,0.0,0.0,0.0,,,,,,,,,,,,,,,,,,,,,,-1.738187526017053,5172,61
2026-27,wsoc,Michigan Intercollegiate Athletic Association (MIAA),miaa,Calvin,"Kucinski, Nene",Nene,Kucinski,,114,"Kucinski, Nene","KUCINSKI,NENE",Calvin,CAL,1086-3139,0,0,6,0,6,0.0,0.0,0.0,0.0,0.0,0.0,0.0,0.0,0.0,0.0,0.0,0.0,0.0,0.0,0.0,0.0,0.0,0.0,0.0,0.0,0.0,0.0,0.0,0.0,0.0,0.0,0.0,0.0,0.0,0.0,0.0,,00:00,0.0,0.0,0.0,,,,,,,,,,,,,,,,,,,,,,-1.738187526017053,5182,61
2026-27,wsoc,Michigan Intercollegiate Athletic Association (MIAA),miaa,Calvin,"Kucinski, Nora",Nora,Kucinski,,114,"Kucinski, Nora","KUCINSKI,NORA",Calvin,CAL,1086-2518,7,6,3,0,3,0.0,0.0,0.0,1.0,0.0,0.0,0.0,0.0,0.0,0.14,0.0,0.0,0.0,0.0,0.0,0.0,0.0,0.0,0.0,0.0,0.0,0.0,5.0,0.0,0.0,0.0,0.71,0.0,0.0,0.0,0.0,,357:00,0.0,0.0,0.0,,,,,,,,,,,,,,,,,,,,,,-1.738187526017053,5183,61
2026-27,wsoc,Michigan Intercollegiate Athletic Association (MIAA),miaa,Olivet,Kylie Leonard,Kylie,Leonard,,525,Kylie Leonard,"LEONARD,KYLIE",Olivet,OLIVET,0,7,0,55,0,55,0.0,0.0,0.0,0.0,0.0,0.0,0.0,0.0,0.0,0.0,0.0,0.0,0.0,0.0,0.0,0.0,0.0,0.0,0.0,0.0,0.0,0.0,0.0,0.0,0.0,0.0,0.0,0.0,0.0,0.0,0.0,,203:00,0.0,0.0,0.0,,,,,,,,,,,,,,,,,,,,,,-1.738187526017053,5199,61
2026-27,wsoc,Michigan Intercollegiate Athletic Association (MIAA),miaa,Trine,"Lange, Audrey",Audrey,Lange,,30037,"Lange, Audrey","LANGE,AUDREY",Trine,Trine,1091-5501,6,4,10,0,10,0.0,0.0,0.0,1.0,0.0,0.0,0.0,0.0,0.0,0.17,0.0,0.0,0.0,0.0,0.0,0.0,0.0,0.0,0.0,0.0,0.0,0.0,1.0,0.0,0.0,0.0,0.17,0.0,0.0,0.0,0.0,,277:00,0.0,0.0,0.0,,,,,,,,,,,,,,,,,,,,,,-1.738187526017053,5219,61
2026-27,wsoc,Michigan Intercollegiate Athletic Association (MIAA),miaa,Kalamazoo,"Lenon, Sawyer",Sawyer,Lenon,,326,"Lenon, Sawyer","LENON,SAWYER",Kalamazoo,KZOO,1088-2282,4,0,14,0,14,0.0,0.0,0.0,4.0,0.0,0.0,0.0,0.0,0.0,1.0,0.0,0.0,0.0,0.0,0.0,0.0,0.0,0.0,0.0,0.0,0.0,0.0,4.0,0.0,1.0,0.0,1.0,0.25,0.0,0.0,0.0,,172:00,0.0,0.0,0.0,,,,,,,,,,,,,,,,,,,,,,-1.738187526017053,5258,60
2026-27,wsoc,Michigan Intercollegiate Athletic Association (MIAA),miaa,Trine,"Lewis, Hannah",Hannah,Lewis,,30037,"Lewis, Hannah","LEWIS,HANNAH",Trine,Trine,1091-4566,0,0,21,0,21,0.0,0.0,0.0,0.0,0.0,0.0,0.0,0.0,0.0,0.0,0.0,0.0,0.0,0.0,0.0,0.0,0.0,0.0,0.0,0.0,0.0,0.0,0.0,0.0,0.0,0.0,0.0,0.0,0.0,0.0,0.0,,00:00,0.0,0.0,0.0,,,,,,,,,,,,,,,,,,,,,,-1.738187526017053,5268,60
2026-27,wsoc,Michigan Intercollegiate Athletic Association (MIAA),miaa,Saint Mary's,"Libs, Lura",Lura,Libs,,8688,"Libs, Lura","LIBS,LURA",Saint Mary's,SMC,1090-567,1,0,21,0,21,0.0,0.0,0.0,0.0,0.0,0.0,0.0,0.0,0.0,0.0,0.0,0.0,0.0,0.0,0.0,0.0,0.0,0.0,0.0,0.0,0.0,0.0,0.0,0.0,0.0,0.0,0.0,0.0,0.0,0.0,0.0,,13:00,0.0,0.0,0.0,,,,,,,,,,,,,,,,,,,,,,-1.738187526017053,5272,60
2026-27,wsoc,Michigan Intercollegiate Athletic Association (MIAA),miaa,Trine,"Loso, Izzie",Izzie,Loso,,30037,"Loso, Izzie","LOSO,IZZIE",Trine,Trine,1091-5732,2,0,20,0,20,0.0,0.0,0.0,0.0,0.0,0.0,0.0,0.0,0.0,0.0,0.0,0.0,0.0,0.0,0.0,0.0,0.0,0.0,0.0,0.0,0.0,0.0,0.0,0.0,0.0,0.0,0.0,0.0,0.0,0.0,0.0,,17:00,0.0,0.0,0.0,,,,,,,,,,,,,,,,,,,,,,-1.738187526017053,5307,60
2026-27,wsoc,Michigan Intercollegiate Athletic Association (MIAA),miaa,Adrian,"MacEachran, Sophia",Sophia,MacEachran,,4,"MacEachran, Sophia","MACEACHRAN,SOPHIA",Adrian,ADR,1083-14381,1,1,20,0,20,0.0,0.0,0.0,0.0,0.0,0.0,0.0,0.0,0.0,0.0,0.0,0.0,0.0,0.0,0.0,0.0,0.0,0.0,0.0,0.0,0.0,0.0,2.0,0.0,0.0,0.0,2.0,0.0,0.0,0.0,0.0,,45:00,0.0,0.0,0.0,,,,,,,,,,,,,,,,,,,,,,-1.738187526017053,5335,60
2026-27,wsoc,Michigan Intercollegiate Athletic Association (MIAA),miaa,Kalamazoo,"Magnan, Simmy",Simmy,Magnan,,326,"Magnan, Simmy","MAGNAN,SIMMY",Kalamazoo,KZOO,1088-2104,0,0,99,0,99,0.0,0.0,0.0,0.0,0.0,0.0,0.0,0.0,0.0,0.0,0.0,0.0,0.0,0.0,0.0,0.0,0.0,0.0,0.0,0.0,0.0,0.0,0.0,0.0,0.0,0.0,0.0,0.0,0.0,0.0,0.0,,00:00,0.0,0.0,0.0,,,,,,,,,,,,,,,,,,,,,,-1.738187526017053,5362,60
2026-27,wsoc,Michigan Intercollegiate Athletic Association (MIAA),miaa,Albion,"Maltese, Ava",Ava,Maltese,,15,"Maltese, Ava","MALTESE,AVA",Albion,AC,1084-4260,3,0,7,0,7,0.0,0.0,0.0,0.0,0.0,0.0,0.0,0.0,0.0,0.0,0.0,0.0,0.0,0.0,0.0,0.0,0.0,0.0,0.0,0.0,0.0,0.0,0.0,0.0,0.0,0.0,0.0,0.0,0.0,0.0,0.0,,55:00,0.0,0.0,0.0,,,,,,,,,,,,,,,,,,,,,,-1.738187526017053,5371,60
2026-27,wsoc,Michigan Intercollegiate Athletic Association (MIAA),miaa,Trine,"Marks, Abigail",Abigail,Marks,,30037,"Marks, Abigail","MARKS,ABIGAIL",Trine,Trine,1091-4503,0,0,26,0,26,0.0,0.0,0.0,0.0,0.0,0.0,0.0,0.0,0.0,0.0,0.0,0.0,0.0,0.0,0.0,0.0,0.0,0.0,0.0,0.0,0.0,0.0,0.0,0.0,0.0,0.0,0.0,0.0,0.0,0.0,0.0,,00:00,0.0,0.0,0.0,,,,,,,,,,,,,,,,,,,,,,-1.738187526017053,5394,60
2026-27,wsoc,Michigan Intercollegiate Athletic Association (MIAA),miaa,Hope,"Martin, Riley",Riley,Martin,,286,"Martin, Riley","MARTIN,RILEY",Hope,HC,1087-4459,0,0,2,0,2,0.0,0.0,0.0,0.0,0.0,0.0,0.0,0.0,0.0,0.0,0.0,0.0,0.0,0.0,0.0,0.0,0.0,0.0,0.0,0.0,0.0,0.0,0.0,0.0,0.0,0.0,0.0,0.0,0.0,0.0,0.0,,00:00,0.0,0.0,0.0,,,,,,,,,,,,,,,,,,,,,,-1.738187526017053,5405,59
2026-27,wsoc,Michigan Intercollegiate Athletic Association (MIAA),miaa,Hope,"McHugh, Maggi",Maggi,McHugh,,286,"McHugh, Maggi","MCHUGH,MAGGI",Hope,HC,1087-3859,0,0,0,0,0,0.0,0.0,0.0,0.0,0.0,0.0,0.0,0.0,0.0,0.0,0.0,0.0,0.0,0.0,0.0,0.0,0.0,0.0,0.0,0.0,0.0,0.0,0.0,0.0,0.0,0.0,0.0,0.0,0.0,0.0,0.0,,00:00,0.0,0.0,0.0,,,,,,,,,,,,,,,,,,,,,,-1.738187526017053,5457,59
2026-27,wsoc,Michigan Intercollegiate Athletic Association (MIAA),miaa,Calvin,"McLaughlin, Katie",Katie,McLaughlin,,114,"McLaughlin, Katie","MCLAUGHLIN,KATIE",Calvin,CAL,1086-3147,3,0,28,0,28,0.0,0.0,0.0,0.0,0.0,0.0,0.0,0.0,0.0,0.0,0.0,0.0,0.0,0.0,0.0,0.0,0.0,0.0,0.0,0.0,0.0,0.0,0.0,0.0,0.0,0.0,0.0,0.0,0.0,0.0,0.0,,88:00,0.0,0.0,0.0,,,,,,,,,,,,,,,,,,,,,,-1.738187526017053,5467,59
2026-27,wsoc,Michigan Intercollegiate Athletic Association (MIAA),miaa,Albion,"McNab, Brooke",Brooke,McNab,,15,"McNab, Brooke","MCNAB,BROOKE",Albion,AC,1084-3457,8,8,24,0,24,0.0,0.0,0.0,0.0,0.0,0.0,0.0,0.0,0.0,0.0,0.0,0.0,0.0,0.0,0.0,0.0,0.0,0.0,0.0,0.0,0.0,0.0,2.0,0.0,1.0,0.0,0.25,0.13,0.0,0.0,0.0,,553:00,0.0,0.0,0.0,,,,,,,,,,,,,,,,,,,,,,-1.738187526017053,5477,59
2026-27,wsoc,Michigan Intercollegiate Athletic Association (MIAA),miaa,Hope,"Mefford, Sydney",Sydney,Mefford,,286,"Mefford, Sydney","MEFFORD,SYDNEY",Hope,HC,1087-3506,1,0,29,0,29,0.0,0.0,0.0,0.0,0.0,0.0,0.0,0.0,0.0,0.0,0.0,0.0,0.0,0.0,0.0,0.0,0.0,0.0,0.0,0.0,0.0,0.0,1.0,0.0,0.0,0.0,1.0,0.0,0.0,0.0,0.0,,14:00,0.0,0.0,0.0,,,,,,,,,,,,,,,,,,,,,,-1.738187526017053,5485,59
2026-27,wsoc,Michigan Intercollegiate Athletic Association (MIAA),miaa,Alma,"Mey, Audrey",Audrey,Mey,,21,"Mey, Audrey","MEY,AUDREY",Alma,Alma,1085-4102,3,0,34,0,34,0.0,0.0,0.0,0.0,0.0,0.0,0.0,0.0,0.0,0.0,0.0,0.0,0.0,0.0,0.0,0.0,0.0,0.0,0.0,0.0,0.0,0.0,0.0,0.0,0.0,0.0,0.0,0.0,0.0,0.0,0.0,,74:00,0.0,0.0,0.0,,,,,,,,,,,,,,,,,,,,,,-1.738187526017053,5505,59
2026-27,wsoc,Michigan Intercollegiate Athletic Association (MIAA),miaa,Kalamazoo,"Miller, Ruby",Ruby,Miller,,326,"Miller, Ruby","MILLER,RUBY",Kalamazoo,KZOO,1088-2285,0,0,1,0,1,0.0,0.0,0.0,0.0,0.0,0.0,0.0,0.0,0.0,0.0,0.0,0.0,0.0,0.0,0.0,0.0,0.0,0.0,0.0,0.0,0.0,0.0,0.0,0.0,0.0,0.0,0.0,0.0,0.0,0.0,0.0,,00:00,0.0,0.0,0.0,,,,,,,,,,,,,,,,,,,,,,-1.738187526017053,5533,59
2026-27,wsoc,Michigan Intercollegiate Athletic Association (MIAA),miaa,Alma,"Mohr, Jana",Jana,Mohr,,21,"Mohr, Jana","MOHR,JANA",Alma,Alma,1085-4310,4,1,4,0,4,0.0,0.0,0.0,0.0,0.0,0.0,0.0,0.0,0.0,0.0,0.0,0.0,0.0,0.0,0.0,0.0,0.0,0.0,0.0,0.0,0.0,0.0,1.0,0.0,0.0,0.0,0.25,0.0,0.0,0.0,0.0,,93:00,0.0,0.0,0.0,,,,,,,,,,,,,,,,,,,,,,-1.738187526017053,5546,59
2026-27,wsoc,Michigan Intercollegiate Athletic Association (MIAA),miaa,Kalamazoo,"Moir, Sophia",Sophia,Moir,,326,"Moir, Sophia","MOIR,SOPHIA",Kalamazoo,KZOO,1088-1992,4,0,23,0,23,0.0,0.0,0.0,0.0,0.0,0.0,0.0,0.0,0.0,0.0,0.0,0.0,0.0,0.0,0.0,0.0,0.0,0.0,0.0,0.0,0.0,0.0,0.0,0.0,0.0,0.0,0.0,0.0,0.0,0.0,0.0,,69:00,0.0,0.0,0.0,,,,,,,,,,,,,,,,,,,,,,-1.738187526017053,5547,59
2026-27,wsoc,Michigan Intercollegiate Athletic Association (MIAA),miaa,Kalamazoo,"Mount, Hailee",Hailee,Mount,,326,"Mount, Hailee","MOUNT,HAILEE",Kalamazoo,KZOO,1088-2287,0,0,00,0,00,0.0,0.0,0.0,0.0,0.0,0.0,0.0,0.0,0.0,0.0,0.0,0.0,0.0,0.0,0.0,0.0,0.0,0.0,0.0,0.0,0.0,0.0,0.0,0.0,0.0,0.0,0.0,0.0,0.0,0.0,0.0,,00:00,0.0,0.0,0.0,,,,,,,,,,,,,,,,,,,,,,-1.738187526017053,5586,58
2026-27,wsoc,Michigan Intercollegiate Athletic Association (MIAA),miaa,Calvin,"Mrozinski, Avery",Avery,Mrozinski,,114,"Mrozinski, Avery","MROZINSKI,AVERY",Calvin,CAL,1086-2133,0,0,24,0,24,0.0,0.0,0.0,0.0,0.0,0.0,0.0,0.0,0.0,0.0,0.0,0.0,0.0,0.0,0.0,0.0,0.0,0.0,0.0,0.0,0.0,0.0,0.0,0.0,0.0,0.0,0.0,0.0,0.0,0.0,0.0,,00:00,0.0,0.0,0.0,,,,,,,,,,,,,,,,,,,,,,-1.738187526017053,5593,58
2026-27,wsoc,Michigan Intercollegiate Athletic Association (MIAA),miaa,Saint Mary's,"Musachio, Bella",Bella,Musachio,,8688,"Musachio, Bella","MUSACHIO,BELLA",Saint Mary's,SMC,1090-472,0,0,13,0,13,0.0,0.0,0.0,0.0,0.0,0.0,0.0,0.0,0.0,0.0,0.0,0.0,0.0,0.0,0.0,0.0,0.0,0.0,0.0,0.0,0.0,0.0,0.0,0.0,0.0,0.0,0.0,0.0,0.0,0.0,0.0,,00:00,0.0,0.0,0.0,,,,,,,,,,,,,,,,,,,,,,-1.738187526017053,5613,58
2026-27,wsoc,Michigan Intercollegiate Athletic Association (MIAA),miaa,Adrian,"O'Dell, Katelyn",Katelyn,O'Dell,,4,"O'Dell, Katelyn","O'DELL,KATELYN",Adrian,ADR,0,0,0,81,0,81,0.0,0.0,0.0,0.0,0.0,0.0,0.0,0.0,0.0,0.0,0.0,0.0,0.0,0.0,0.0,0.0,0.0,0.0,0.0,0.0,0.0,0.0,0.0,0.0,0.0,0.0,0.0,0.0,0.0,0.0,0.0,,00:00,0.0,0.0,0.0,,,,,,,,,,,,,,,,,,,,,,-1.738187526017053,5683,58
2026-27,wsoc,Michigan Intercollegiate Athletic Association (MIAA),miaa,Calvin,"O'Reilly, Delaney",Delaney,O'Reilly,,114,"O'Reilly, Delaney","O'REILLY,DELANEY",Calvin,CAL,1086-3144,6,0,19,0,19,0.0,0.0,0.0,3.0,0.0,0.0,0.0,0.0,0.0,0.5,0.0,0.0,0.0,0.0,0.0,0.0,0.0,0.0,0.0,0.0,0.0,0.0,0.0,0.0,0.0,0.0,0.0,0.0,0.0,0.0,0.0,,154:00,0.0,0.0,0.0,,,,,,,,,,,,,,,,,,,,,,-1.738187526017053,5692,58
2026-27,wsoc,Michigan Intercollegiate Athletic Association (MIAA),miaa,Alma,"Panosso, Kaitlyn",Kaitlyn,Panosso,,21,"Panosso, Kaitlyn","PANOSSO,KAITLYN",Alma,Alma,1085-4129,2,1,16,0,16,0.0,0.0,0.0,0.0,0.0,0.0,0.0,0.0,0.0,0.0,0.0,0.0,0.0,0.0,0.0,0.0,0.0,0.0,0.0,0.0,0.0,0.0,0.0,0.0,0.0,0.0,0.0,0.0,0.0,0.0,0.0,,95:00,0.0,0.0,0.0,,,,,,,,,,,,,,,,,,,,,,-1.738187526017053,5747,57
2026-27,wsoc,Michigan Intercollegiate Athletic Association (MIAA),miaa,Alma,"Peel, Gabbie",Gabbie,Peel,,21,"Peel, Gabbie","PEEL,GABBIE",Alma,Alma,1085-4113,3,2,36,0,36,0.0,0.0,0.0,0.0,0.0,0.0,0.0,0.0,0.0,0.0,0.0,0.0,0.0,0.0,0.0,0.0,0.0,0.0,0.0,0.0,0.0,0.0,0.0,0.0,0.0,0.0,0.0,0.0,0.0,0.0,0.0,,70:00,0.0,0.0,0.0,,,,,,,,,,,,,,,,,,,,,,-1.738187526017053,5790,57
2026-27,wsoc,Michigan Intercollegiate Athletic Association (MIAA),miaa,Kalamazoo,"Potter, Rylan",Rylan,Potter,,326,"Potter, Rylan","POTTER,RYLAN",Kalamazoo,KZOO,1088-2281,8,7,2,0,2,0.0,0.0,0.0,0.0,0.0,0.0,0.0,0.0,0.0,0.0,0.0,0.0,0.0,0.0,0.0,0.0,0.0,0.0,0.0,0.0,0.0,0.0,2.0,0.0,0.0,0.0,0.25,0.0,0.0,0.0,0.0,,542:00,0.0,0.0,0.0,,,,,,,,,,,,,,,,,,,,,,-1.738187526017053,5852,56
2026-27,wsoc,Michigan Intercollegiate Athletic Association (MIAA),miaa,Adrian,"Pouget, Charlotte",Charlotte,Pouget,,4,"Pouget, Charlotte","POUGET,CHARLOTTE",Adrian,ADR,0,0,0,11,0,11,0.0,0.0,0.0,0.0,0.0,0.0,0.0,0.0,0.0,0.0,0.0,0.0,0.0,0.0,0.0,0.0,0.0,0.0,0.0,0.0,0.0,0.0,0.0,0.0,0.0,0.0,0.0,0.0,0.0,0.0,0.0,,00:00,0.0,0.0,0.0,,,,,,,,,,,,,,,,,,,,,,-1.738187526017053,5854,56
2026-27,wsoc,Michigan Intercollegiate Athletic Association (MIAA),miaa,Calvin,"Pratt, Peyton",Peyton,Pratt,,114,"Pratt, Peyton","PRATT,PEYTON",Calvin,CAL,1086-2876,6,6,18,0,18,0.0,0.0,0.0,0.0,0.0,0.0,0.0,0.0,0.0,0.0,0.0,0.0,0.0,0.0,0.0,0.0,0.0,0.0,0.0,0.0,0.0,0.0,4.0,0.0,0.0,0.0,0.67,0.0,0.0,0.0,0.0,,431:00,0.0,0.0,0.0,,,,,,,,,,,,,,,,,,,,,,-1.738187526017053,5859,56
2026-27,wsoc,Michigan Intercollegiate Athletic Association (MIAA),miaa,Hope,"Reiner, Charlye",Charlye,Reiner,,286,"Reiner, Charlye","REINER,CHARLYE",Hope,HC,1087-4460,4,0,4,0,4,0.0,0.0,0.0,1.0,0.0,0.0,0.0,0.0,0.0,0.25,0.0,0.0,0.0,0.0,0.0,0.0,0.0,0.0,0.0,0.0,0.0,0.0,0.0,0.0,0.0,0.0,0.0,0.0,0.0,0.0,0.0,,31:00,0.0,0.0,0.0,,,,,,,,,,,,,,,,,,,,,,-1.738187526017053,5907,56
2026-27,wsoc,Michigan Intercollegiate Athletic Association (MIAA),miaa,Hope,"Rigterink, Cora",Cora,Rigterink,,286,"Rigterink, Cora","RIGTERINK,CORA",Hope,HC,1087-4458,0,0,00,0,00,0.0,0.0,0.0,0.0,0.0,0.0,0.0,0.0,0.0,0.0,0.0,0.0,0.0,0.0,0.0,0.0,0.0,0.0,0.0,0.0,0.0,0.0,0.0,0.0,0.0,0.0,0.0,0.0,0.0,0.0,0.0,,00:00,0.0,0.0,0.0,,,,,,,,,,,,,,,,,,,,,,-1.738187526017053,5931,56
2026-27,wsoc,Michigan Intercollegiate Athletic Association (MIAA),miaa,Hope,"Rozek, Emma",Emma,Rozek,,286,"Rozek, Emma","ROZEK,EMMA",Hope,HC,1087-4463,5,0,8,0,8,0.0,0.0,0.0,0.0,0.0,0.0,0.0,0.0,0.0,0.0,0.0,0.0,0.0,0.0,0.0,0.0,0.0,0.0,0.0,0.0,0.0,0.0,0.0,0.0,0.0,0.0,0.0,0.0,0.0,0.0,0.0,,111:00,0.0,0.0,0.0,,,,,,,,,,,,,,,,,,,,,,-1.738187526017053,5998,56
2026-27,wsoc,Michigan Intercollegiate Athletic Association (MIAA),miaa,Calvin,"Shaffer, Emma",Emma,Shaffer,,114,"Shaffer, Emma","SHAFFER,EMMA",Calvin,CAL,1086-2130,2,0,9,0,9,0.0,0.0,0.0,0.0,0.0,0.0,0.0,0.0,0.0,0.0,0.0,0.0,0.0,0.0,0.0,0.0,0.0,0.0,0.0,0.0,0.0,0.0,1.0,0.0,0.0,0.0,0.5,0.0,0.0,0.0,0.0,,33:00,0.0,0.0,0.0,,,,,,,,,,,,,,,,,,,,,,-1.738187526017053,6111,55
2026-27,wsoc,Michigan Intercollegiate Athletic Association (MIAA),miaa,Adrian,"Siegan, Victoria",Victoria,Siegan,,4,"Siegan, Victoria","SIEGAN,VICTORIA",Adrian,ADR,0,0,0,31,0,31,0.0,0.0,0.0,0.0,0.0,0.0,0.0,0.0,0.0,0.0,0.0,0.0,0.0,0.0,0.0,0.0,0.0,0.0,0.0,0.0,0.0,0.0,0.0,0.0,0.0,0.0,0.0,0.0,0.0,0.0,0.0,,00:00,0.0,0.0,0.0,,,,,,,,,,,,,,,,,,,,,,-1.738187526017053,6140,55
2026-27,wsoc,Michigan Intercollegiate Athletic Association (MIAA),miaa,Trine,"Smith, Autumn",Autumn,Smith,,30037,"Smith, Autumn","SMITH,AUTUMN",Trine,Trine,1091-5011,1,0,39,0,39,0.0,0.0,0.0,0.0,0.0,0.0,0.0,0.0,0.0,0.0,0.0,0.0,0.0,0.0,0.0,0.0,0.0,0.0,0.0,0.0,0.0,0.0,0.0,0.0,0.0,0.0,0.0,0.0,0.0,0.0,0.0,,10:00,0.0,0.0,0.0,,,,,,,,,,,,,,,,,,,,,,-1.738187526017053,6182,54
2026-27,wsoc,Michigan Intercollegiate Athletic Association (MIAA),miaa,Alma,"Snider, Emily",Emily,Snider,,21,"Snider, Emily","SNIDER,EMILY",Alma,Alma,1085-4087,3,0,37,0,37,0.0,0.0,0.0,0.0,0.0,0.0,0.0,0.0,0.0,0.0,0.0,0.0,0.0,0.0,0.0,0.0,0.0,0.0,0.0,0.0,0.0,0.0,0.0,0.0,0.0,0.0,0.0,0.0,0.0,0.0,0.0,,44:00,0.0,0.0,0.0,,,,,,,,,,,,,,,,,,,,,,-1.738187526017053,6196,54
2026-27,wsoc,Michigan Intercollegiate Athletic Association (MIAA),miaa,Alma,"Spalding, Brianna",Brianna,Spalding,,21,"Spalding, Brianna","SPALDING,BRIANNA",Alma,Alma,1085-4110,8,8,25,0,25,0.0,0.0,0.0,2.0,0.0,0.0,0.0,0.0,0.0,0.25,0.0,0.0,0.0,0.0,0.0,0.0,0.0,0.0,0.0,0.0,0.0,0.0,6.0,0.0,0.0,0.0,0.75,0.0,0.0,0.0,0.0,,702:00,0.0,0.0,0.0,,,,,,,,,,,,,,,,,,,,,,-1.738187526017053,6218,54
2026-27,wsoc,Michigan Intercollegiate Athletic Association (MIAA),miaa,Alma,"Stowell, Ava",Ava,Stowell,,21,"Stowell, Ava","STOWELL,AVA",Alma,Alma,1085-4042,5,2,28,0,28,0.0,0.0,0.0,1.0,0.0,0.0,0.0,0.0,0.0,0.2,0.0,0.0,0.0,0.0,0.0,0.0,0.0,0.0,0.0,0.0,0.0,0.0,1.0,0.0,0.0,0.0,0.2,0.0,0.0,0.0,0.0,,115:00,0.0,0.0,0.0,,,,,,,,,,,,,,,,,,,,,,-1.738187526017053,6262,54
2026-27,wsoc,Michigan Intercollegiate Athletic Association (MIAA),miaa,Olivet,Taylor Chaffin,Taylor,Chaffin,,525,Taylor Chaffin,"CHAFFIN,TAYLOR",Olivet,OLIVET,0,1,0,17,0,17,0.0,0.0,0.0,0.0,0.0,0.0,0.0,0.0,0.0,0.0,0.0,0.0,0.0,0.0,0.0,0.0,0.0,0.0,0.0,0.0,0.0,0.0,0.0,0.0,0.0,0.0,0.0,0.0,0.0,0.0,0.0,,01:00,0.0,0.0,0.0,,,,,,,,,,,,,,,,,,,,,,-1.738187526017053,6308,53
2026-27,wsoc,Michigan Intercollegiate Athletic Association (MIAA),miaa,Albion,"Taylor, Evie",Evie,Taylor,,15,"Taylor, Evie","TAYLOR,EVIE",Albion,AC,1084-3958,0,0,15,0,15,0.0,0.0,0.0,0.0,0.0,0.0,0.0,0.0,0.0,0.0,0.0,0.0,0.0,0.0,0.0,0.0,0.0,0.0,0.0,0.0,0.0,0.0,0.0,0.0,0.0,0.0,0.0,0.0,0.0,0.0,0.0,,00:00,0.0,0.0,0.0,,,,,,,,,,,,,,,,,,,,,,-1.738187526017053,6313,53
2026-27,wsoc,Michigan Intercollegiate Athletic Association (MIAA),miaa,Trine,"Taylor, Jill",Jill,Taylor,,30037,"Taylor, Jill","TAYLOR,JILL",Trine,Trine,1091-5007,6,0,13,0,13,0.0,0.0,0.0,2.0,0.0,0.0,0.0,0.0,0.0,0.33,0.0,0.0,0.0,0.0,0.0,0.0,0.0,0.0,0.0,0.0,0.0,0.0,0.0,0.0,0.0,0.0,0.0,0.0,0.0,0.0,0.0,,123:00,0.0,0.0,0.0,,,,,,,,,,,,,,,,,,,,,,-1.738187526017053,6314,53
2026-27,wsoc,Michigan Intercollegiate Athletic Association (MIAA),miaa,Saint Mary's,"Toman, Kayla",Kayla,Toman,,8688,"Toman, Kayla","TOMAN,KAYLA",Saint Mary's,SMC,1090-474,2,0,20,0,20,0.0,0.0,0.0,0.0,0.0,0.0,0.0,0.0,0.0,0.0,0.0,0.0,0.0,0.0,0.0,0.0,0.0,0.0,0.0,0.0,0.0,0.0,0.0,0.0,0.0,0.0,0.0,0.0,0.0,0.0,0.0,,24:00,0.0,0.0,0.0,,,,,,,,,,,,,,,,,,,,,,-1.738187526017053,6351,53
2026-27,wsoc,Michigan Intercollegiate Athletic Association (MIAA),miaa,Hope,"Usiak, Audra",Audra,Usiak,,286,"Usiak, Audra","USIAK,AUDRA",Hope,HC,1087-3357,8,8,24,0,24,0.0,0.0,0.0,0.0,0.0,0.0,0.0,0.0,0.0,0.0,0.0,0.0,0.0,0.0,0.0,0.0,0.0,0.0,0.0,0.0,0.0,0.0,0.0,0.0,0.0,0.0,0.0,0.0,0.0,0.0,0.0,,491:00,0.0,0.0,0.0,,,,,,,,,,,,,,,,,,,,,,-1.738187526017053,6394,53
2026-27,wsoc,Michigan Intercollegiate Athletic Association (MIAA),miaa,Olivet,Viveca Krolczyk,Viveca,Krolczyk,,525,Viveca Krolczyk,"KROLCZYK,VIVECA",Olivet,OLIVET,0,0,0,00,0,00,0.0,0.0,0.0,0.0,0.0,0.0,0.0,0.0,0.0,0.0,0.0,0.0,0.0,0.0,0.0,0.0,0.0,0.0,0.0,0.0,0.0,0.0,0.0,0.0,0.0,0.0,0.0,0.0,0.0,0.0,0.0,,00:00,0.0,0.0,0.0,,,,,,,,,,,,,,,,,,,,,,-1.738187526017053,6444,53
2026-27,wsoc,Michigan Intercollegiate Athletic Association (MIAA),miaa,Albion,"Warden, Maggie",Maggie,Warden,,15,"Warden, Maggie","WARDEN,MAGGIE",Albion,AC,1084-3718,3,0,13,0,13,0.0,0.0,0.0,0.0,0.0,0.0,0.0,0.0,0.0,0.0,0.0,0.0,0.0,0.0,0.0,0.0,0.0,0.0,0.0,0.0,0.0,0.0,1.0,0.0,0.0,0.0,0.33,0.0,0.0,0.0,0.0,,47:00,0.0,0.0,0.0,,,,,,,,,,,,,,,,,,,,,,-1.738187526017053,6473,52
2026-27,wsoc,Michigan Intercollegiate Athletic Association (MIAA),miaa,Albion,"Welsh, Maddie",Maddie,Welsh,,15,"Welsh, Maddie","WELSH,MADDIE",Albion,AC,1084-3714,0,0,0,0,0,0.0,0.0,0.0,0.0,0.0,0.0,0.0,0.0,0.0,0.0,0.0,0.0,0.0,0.0,0.0,0.0,0.0,0.0,0.0,0.0,0.0,0.0,0.0,0.0,0.0,0.0,0.0,0.0,0.0,0.0,0.0,,00:00,0.0,0.0,0.0,,,,,,,,,,,,,,,,,,,,,,-1.738187526017053,6494,52
2026-27,wsoc,Michigan Intercollegiate Athletic Association (MIAA),miaa,Adrian,"Wheeldon, Madison",Madison,Wheeldon,,4,"Wheeldon, Madison","WHEELDON,MADISON",Adrian,ADR,1083-14387,1,1,27,0,27,0.0,0.0,0.0,0.0,0.0,0.0,0.0,0.0,0.0,0.0,0.0,0.0,0.0,0.0,0.0,0.0,0.0,0.0,0.0,0.0,0.0,0.0,0.0,0.0,0.0,0.0,0.0,0.0,0.0,0.0,0.0,,31:00,0.0,0.0,0.0,,,,,,,,,,,,,,,,,,,,,,-1.738187526017053,6508,52
2026-27,wsoc,Michigan Intercollegiate Athletic Association (MIAA),miaa,Albion,"Williamson, Alyssa",Alyssa,Williamson,,15,"Williamson, Alyssa","WILLIAMSON,ALYSSA",Albion,AC,1084-3453,8,1,2,0,2,0.0,0.0,0.0,1.0,0.0,0.0,0.0,0.0,0.0,0.13,0.0,0.0,0.0,0.0,0.0,0.0,0.0,0.0,0.0,0.0,0.0,0.0,1.0,0.0,0.0,0.0,0.13,0.0,0.0,0.0,0.0,,390:00,0.0,0.0,0.0,,,,,,,,,,,,,,,,,,,,,,-1.738187526017053,6538,52
2026-27,wsoc,Michigan Intercollegiate Athletic Association (MIAA),miaa,Alma,"Worsley, Gretchen",Gretchen,Worsley,,21,"Worsley, Gretchen","WORSLEY,GRETCHEN",Alma,Alma,1085-4085,1,0,19,0,19,0.0,0.0,0.0,0.0,0.0,0.0,0.0,0.0,0.0,0.0,0.0,0.0,0.0,0.0,0.0,0.0,0.0,0.0,0.0,0.0,0.0,0.0,1.0,0.0,0.0,0.0,1.0,0.0,0.0,0.0,0.0,,21:00,0.0,0.0,0.0,,,,,,,,,,,,,,,,,,,,,,-1.738187526017053,6572,52
2026-27,wsoc,Michigan Intercollegiate Athletic Association (MIAA),miaa,Adrian,"Arndt, Monica",Monica,Arndt,,4,"Arndt, Monica","ARNDT,MONICA",Adrian,ADR,1083-14376,6,5,0,0,0,0.0,0.0,0.0,0.0,0.0,0.0,0.0,0.0,0.0,0.0,0.0,0.0,0.0,0.0,0.0,0.0,0.0,0.0,0.0,0.0,0.0,0.0,0.0,0.0,0.0,0.0,0.0,0.0,0.0,0.0,0.0,,420:00,0.0,0.0,0.0,60.0,1.0,3,0.0,1.0,0.7,1.93,21.0,9.0,420:54,5.0,6.0,1.5,0.7,0.167,3.5,,,,,,-1.759721287703822,6624,51
2026-27,wsoc,Michigan Intercollegiate Athletic Association (MIAA),miaa,Olivet,Natalie Rose,Natalie,Rose,,525,Natalie Rose,"ROSE,NATALIE",Olivet,OLIVET,0,6,4,0,0,0,0.0,0.0,0.0,0.0,0.0,0.0,0.0,0.0,0.0,0.0,0.0,0.0,0.0,0.0,0.0,0.0,0.0,0.0,0.0,0.0,0.0,0.0,0.0,0.0,0.0,0.0,0.0,0.0,0.0,0.0,0.0,,357:00,0.0,0.0,0.0,68.0,0.0,3,1.0,0.0,0.759,3.71,41.0,13.0,315:00,4.0,6.0,2.17,0.759,0.0,6.83,,,,,,-2.1541148446158,6690,51
2026-27,wsoc,Michigan Intercollegiate Athletic Association (MIAA),miaa,Olivet,Airanna Griecci,Airanna,Griecci,,525,Airanna Griecci,"GRIECCI,AIRANNA",Olivet,OLIVET,0,6,3,1,0,1,0.0,0.0,0.0,0.0,0.0,0.0,0.0,0.0,0.0,0.0,0.0,0.0,0.0,0.0,0.0,0.0,0.0,0.0,0.0,0.0,0.0,0.0,0.0,0.0,0.0,0.0,0.0,0.0,0.0,0.0,0.0,,267:00,0.0,0.0,0.0,76.0,1.0,2,0.0,1.0,0.729,4.38,35.0,13.0,267:00,3.0,6.0,2.17,0.729,0.167,5.83,,,,,,-2.463778073675862,6722,51
2026-27,wsoc,Michigan Intercollegiate Athletic Association (MIAA),miaa,Trine,"Niese, Mackenzie",Mackenzie,Niese,,30037,"Niese, Mackenzie","NIESE,MACKENZIE",Trine,Trine,1091-5497,1,0,0,0,0,0.0,0.0,0.0,0.0,0.0,0.0,0.0,0.0,0.0,0.0,0.0,0.0,0.0,0.0,0.0,0.0,0.0,0.0,0.0,0.0,0.0,0.0,0.0,0.0,0.0,0.0,0.0,0.0,0.0,0.0,0.0,,01:00,0.0,0.0,0.0,0.0,0.0,0,0.0,0.0,0.0,0.0,0.0,0.0,00:44,0.0,1.0,0.0,0.0,0.0,0.0,,,,,,-3.2960719428081604,6789,50
2026-27,wsoc,Michigan Intercollegiate Athletic Association (MIAA),miaa,Albion,"Blough, Dekota",Dekota,Blough,,15,"Blough, Dekota","BLOUGH,DEKOTA",Albion,AC,1084-3715,2,0,00,0,00,0.0,0.0,0.0,0.0,0.0,0.0,0.0,0.0,0.0,0.0,0.0,0.0,0.0,0.0,0.0,0.0,0.0,0.0,0.0,0.0,0.0,0.0,0.0,0.0,0.0,0.0,0.0,0.0,0.0,0.0,0.0,,35:00,0.0,0.0,0.0,3.0,0.0,0,0.0,0.0,0.0,2.57,0.0,1.0,35:25,0.0,2.0,0.5,0.0,0.0,0.0,,,,,,-4.128547770423469,6816,50
