season,sport,conference,conference_code,team,player_name,first_name,last_name,position,team_code,name,checkname,team_name,team_id,sdrm_id,games_played,games_started,uniform,code,year,offensive_position,defensive_position,active,rush_stats,pass_stats,receiving_stats,punt_stats,kickoff_stats,fieldgoal_stats,pat_stats,defense_stats_interception_return_yards,defense_stats_unassisted_tackles,defense_stats_assisted_tackles,defense_stats_tackles,defense_stats_total_tackles,defense_stats_tackles_for_loss,defense_stats_tackles_for_loss_per_game,defense_stats_tackles_per_game,defense_stats_unassisted_tackles_for_loss,defense_stats_assisted_tackles_for_loss,defense_stats_tackle_yards_for_loss,defense_stats_sacks,defense_stats_unassisted_sacks,defense_stats_assisted_sacks,defense_stats_sack_yards_for_loss,defense_stats_pass_breakups,defense_stats_fumbles_forced,defense_stats_quarterback_hurries,defense_stats_safeties_scored,defense_stats_blocked_kicks,defense_stats_fumbles_recovered,defense_stats_fumble_return_yards,defense_stats_interceptions,defense_stats_passes_defended,kickreturn_stats,puntreturn_stats,interception_return_stats_number,interception_return_stats_yards,interception_return_stats_touchdowns,interception_return_stats_longest,interception_return_stats_avg_per_return,fumblereturn_stats,fumble_stats,scoring_stats,receiving_stats_number,receiving_stats_yards,receiving_stats_touchdowns,receiving_stats_longest_reception,receiving_stats_avg_per_reception,interception_return_stats,scoring_stats_pat_kicks,scoring_stats_touchdowns,scoring_stats_fieldgoals,scoring_stats_safeties,scoring_stats_pat_rushes,scoring_stats_pat_receptions,scoring_stats_pat_kick_returns,scoring_stats_pat_fumble_returns,scoring_stats_rouges,scoring_stats_points,scoring_stats_all_points,scoring_stats_points_per_game,rush_stats_attempts,rush_stats_net_yards,rush_stats_yards_gained,rush_stats_yards_lost,rush_stats_touchdowns,rush_stats_longest_rush,rush_stats_avg_per_play,rush_stats_avg_per_game,pass_stats_yards_lost_by_sacks,pass_stats_sacked,pass_stats_longest_pass,pass_stats_touchdowns,pass_stats_yards,pass_stats_interceptions,pass_stats_attempts,pass_stats_completions,pass_stats_efficiency,pass_stats_avg_per_pass,pass_stats_avg_per_catch,pass_stats_avg_per_game,pat_stats_kick_attempts,pat_stats_kicks_made,pat_stats_rush_attempts,pat_stats_rushes_made,pat_stats_pass_attempts,pat_stats_passes_made,pat_stats_reception_attempts,pat_stats_receptions_made,pat_stats_defensive_return_attempts,pat_stats_defensive_returns_made,pat_stats_defensive_blocked_kick_return_attempts,pat_stats_devensive_blocked_kick_returns_made,fumble_stats_number,fumble_stats_number_lost,punt_stats_number,punt_stats_yards,punt_stats_longest_punt,punt_stats_blocked,punt_stats_touchbacks,punt_stats_fair_catches,punt_stats_fifty_plus_yards,punt_stats_inside_twenty,punt_stats_avg_per_punt,defense_stats,kickreturn_stats_number,kickreturn_stats_yards,kickreturn_stats_touchdowns,kickreturn_stats_longest_kickoff_return,kickreturn_stats_avg_per_return,fieldgoal_stats_made,fieldgoal_stats_attempts,fieldgoal_stats_longest_fieldgoal,fieldgoal_stats_blocked,fieldgoal_stats_percentage,fumblereturn_stats_number,fumblereturn_stats_yards,fumblereturn_stats_touchdowns,fumblereturn_stats_longest_interception_return,kickoff_stats_number,kickoff_stats_yards,kickoff_stats_out_of_bounds,kickoff_stats_touchbacks,kickoff_stats_avg_per_kickoff,puntreturn_stats_number,puntreturn_stats_yards,puntreturn_stats_touchdowns,puntreturn_stats_longest_punt_return,puntreturn_stats_avg_per_return,composite_score,global_rank,rating
2026-27,football,Conference of New England (CCC),ccc,New England College,"Cenesca,Ethan",Ethan,Cenesca,,467,"Cenesca,Ethan","CENESCA,ETHAN",New England College,NEC,694-3665,4,4,8,8,0,0,LB,0,,,,,,,,74.0,23.0,29.0,52.0,52.0,10.5,0.0,0.0,8.0,5.0,36.0,2.0,2.0,0.0,14.0,0.0,1.0,1.0,0.0,0.0,0.0,0.0,2.0,2.0,,,2.0,74.0,0.0,50.0,37.0,,,,,,,,,,,,,,,,,,,,,,,,,,,,,,,,,,,,,,,,,,,,,,,,,,,,,,,,,,,,,,,,,,,,,,,,,,,,,,,,,,,,,,,,,,18.96124724756054,1,99
2026-27,football,Conference of New England (CCC),ccc,New England College,"Jones,Hollis",Hollis,Jones,,467,"Jones,Hollis","JONES,HOLLIS",New England College,NEC,694-4173,4,0,9,9,0,0,LB,0,,,,,,,,0.0,8.0,19.0,27.0,27.0,4.5,0.0,0.0,3.0,3.0,11.0,2.0,2.0,0.0,7.0,0.0,0.0,0.0,0.0,0.0,0.0,0.0,1.0,1.0,,,1.0,0.0,0.0,0.0,0.0,,,,,,,,,,,,,,,,,,,,,,,,,,,,,,,,,,,,,,,,,,,,,,,,,,,,,,,,,,,,,,,,,,,,,,,,,,,,,,,,,,,,,,,,,,9.92640237431602,63,95
2026-27,football,Conference of New England (CCC),ccc,Endicott College,"Adams,Jackson",Jackson,Adams,,8981,"Adams,Jackson","ADAMS,JACKSON",Endicott College,ECM,0,4,4,11,11,0,0,DL,0,,,,,,,,0.0,11.0,10.0,21.0,21.0,4.5,0.0,0.0,4.0,1.0,39.0,3.0,3.0,0.0,36.0,0.0,0.0,2.0,0.0,1.0,0.0,0.0,0.0,0.0,,,,,,,,,,,,,,,,,,,,,,,,,,,,,,,,,,,,,,,,,,,,,,,,,,,,,,,,,,,,,,,,,,,,,,,,,,,,,,,,,,,,,,,,,,,,,,,,,7.621099938596266,165,94
2026-27,football,Conference of New England (CCC),ccc,Husson University,"Trombly,Brayden",Brayden,Trombly,,1133,"Trombly,Brayden","TROMBLY,BRAYDEN",Husson University,HUS,1201-4219,4,4,10,10,0,0,DB,0,,,,,,,,0.0,23.0,12.0,35.0,35.0,3.0,0.0,0.0,3.0,0.0,7.0,0.0,0.0,0.0,0.0,1.0,1.0,0.0,0.0,1.0,0.0,0.0,1.0,2.0,,,1.0,0.0,0.0,0.0,0.0,,,,,,,,,,,,,,,,,,,,,,,,,,,,,,,,,,,,,,,,,,,,,,,,,,,,,,,,,,,,,,,,,,,,,,,,,,,,,,,,,,,,,,,,,,7.44025718810707,174,94
2026-27,football,Conference of New England (CCC),ccc,Endicott College,"Luz,Caleb",Caleb,Luz,,8981,"Luz,Caleb","LUZ,CALEB",Endicott College,ECM,0,4,4,0,0,0,0,DL,0,,,,,,,,0.0,15.0,9.0,24.0,24.0,9.0,0.0,0.0,8.0,2.0,33.0,1.0,1.0,0.0,10.0,0.0,0.0,2.0,0.0,1.0,0.0,0.0,0.0,0.0,,,,,,,,,,,,,,,,,,,,,,,,,,,,,,,,,,,,,,,,,,,,,,,,,,,,,,,,,,,,,,,,,,,,,,,,,,,,,,,,,,,,,,,,,,,,,,,,,7.402899960700529,179,94
2026-27,football,Conference of New England (CCC),ccc,Curry College,Jaylen Walker,Jaylen,Walker,,170,Jaylen Walker,"WALKER,JAYLEN",Curry College,CUR,0,4,1,37,37,0,0,0,0,,,,,,,,25.0,10.0,4.0,14.0,14.0,0.0,0.0,0.0,0.0,0.0,0.0,0.0,0.0,0.0,0.0,1.0,1.0,0.0,0.0,1.0,0.0,0.0,2.0,3.0,,,2.0,25.0,1.0,25.0,12.5,,,,,,,,,,0.0,1.0,0.0,0.0,0.0,0.0,0.0,0.0,0.0,6.0,6.0,1.5,,,,,,,,,,,,,,,,,,,,,,,,,,,,,,,,,,,,,,,,,,,,,,,,,,,,,,,,,,,,,,,,,,,,,6.900959357591169,214,94
2026-27,football,Conference of New England (CCC),ccc,Husson University,"Casavant,Calvin",Calvin,Casavant,,1133,"Casavant,Calvin","CASAVANT,CALVIN",Husson University,HUS,1201-4721,4,4,51,51,0,0,LB,0,,,,,,,,0.0,9.0,8.0,17.0,17.0,4.0,0.0,0.0,3.0,2.0,22.0,2.5,2.0,1.0,19.0,1.0,0.0,2.0,0.0,0.0,0.0,0.0,0.0,1.0,,,,,,,,,,,,,,,,,,,,,,,,,,,,,,,,,,,,,,,,,,,,,,,,,,,,,,,,,,,,,,,,,,,,,,,,,,,,,,,,,,,,,,,,,,,,,,,,,6.757614172534666,231,94
2026-27,football,Conference of New England (CCC),ccc,Western New England University,"Kolifrath,Nick",Nick,Kolifrath,,775,"Kolifrath,Nick","KOLIFRATH,NICK",Western New England University,WNE,1022-3947,4,4,59,59,0,0,LB,0,,,,,,,,0.0,13.0,18.0,31.0,31.0,1.5,0.0,0.0,0.0,3.0,5.0,0.5,0.0,1.0,5.0,0.0,1.0,1.0,0.0,0.0,0.0,0.0,1.0,1.0,,,1.0,0.0,0.0,0.0,0.0,,,,,,,,,,,,,,,,,,,,,,,,,,,,,,,,,,,,,,,,,,,,,,,,,,,,,,,,,,,,,,,,,,,,,,,,,,,,,,,,,,,,,,,,,,6.397269023063294,264,94
2026-27,football,Conference of New England (CCC),ccc,Western New England University,"Pszczolkowski,Austin",Austin,Pszczolkowski,,775,"Pszczolkowski,Austin","PSZCZOLKOWSKI,AUSTIN",Western New England University,WNE,1022-4162,4,4,8,8,0,0,DL,0,,,,,,,,0.0,8.0,15.0,23.0,23.0,6.0,0.0,0.0,4.0,4.0,16.0,1.5,1.0,1.0,7.0,0.0,0.0,3.0,0.0,0.0,0.0,0.0,0.0,0.0,,,,,,,,,,,,,,,,,,,,,,,,,,,,,,,,,,,,,,,,,,,,,,,,,,,,,,,,,,,,,,,,,,,,,,,,,,,,,,,,,,,,,,,,,,,,,,,,,6.391512904758186,265,94
2026-27,football,Conference of New England (CCC),ccc,Endicott College,"Lynch,Shea",Shea,Lynch,,8981,"Lynch,Shea","LYNCH,SHEA",Endicott College,ECM,0,4,4,7,7,0,QB,0,0,,,,,,,,0.0,0.0,0.0,0.0,0.0,0.0,0.0,0.0,0.0,0.0,0.0,0.0,0.0,0.0,0.0,0.0,0.0,0.0,0.0,0.0,0.0,0.0,0.0,0.0,,,,,,,,,,,,,,,,,0.0,3.0,0.0,0.0,0.0,0.0,0.0,0.0,0.0,18.0,18.0,4.5,24.0,152.0,174.0,22.0,3.0,23.0,6.3,38.0,10.0,2.0,70.0,9.0,727.0,1.0,88.0,56.0,164.5,8.26,12.98,181.8,,,,,,,,,,,,,2.0,0.0,,,,,,,,,,,,,,,,,,,,,,,,,,,,,,,,,,,5.96087686718556,320,94
2026-27,football,Conference of New England (CCC),ccc,Nichols College,"DeMartino,Charles",Charles,DeMartino,,484,"DeMartino,Charles","DEMARTINO,CHARLES",Nichols College,NIC,695-5201,3,3,7,7A,0,0,LB,0,,,,,,,,0.0,13.0,11.0,24.0,24.0,4.0,0.0,0.0,3.0,2.0,24.0,1.5,1.0,1.0,20.0,1.0,0.0,0.0,0.0,0.0,0.0,0.0,0.0,1.0,,,,,,,,,,,,,,,,,,,,,,,,,,,,,,,,,,,,,,,,,,,,,,,,,,,,,,,,,,,,,,,,,,,,,,,,,,,,,,,,,,,,,,,,,,,,,,,,,5.946495531083276,324,94
2026-27,football,Conference of New England (CCC),ccc,University of New England,"Sullivan,Michael",Michael,Sullivan,,1255,"Sullivan,Michael","SULLIVAN,MICHAEL",University of New England,UNE,990-2848,4,4,7,7D,0,0,LB,0,,,,,,,,0.0,17.0,3.0,20.0,20.0,5.0,0.0,0.0,5.0,0.0,16.0,1.0,1.0,0.0,12.0,1.0,0.0,0.0,0.0,0.0,1.0,0.0,0.0,1.0,,,,,,,,,,,,,,,,,,,,,,,,,,,,,,,,,,,,,,,,,,,,,,,,,,,,,,,,,,,,,0.0,0.0,,,,,,,,,,,,,,,,,,,,,,,,,,,,,,,,,,,5.76653181138675,353,94
2026-27,football,Conference of New England (CCC),ccc,University of New England,"Jones,Damien",Damien,Jones,,1255,"Jones,Damien","JONES,DAMIEN",University of New England,UNE,990-2833,4,4,4,4,0,RB,0,0,,,,,,,,0.0,0.0,0.0,0.0,0.0,0.0,0.0,0.0,0.0,0.0,0.0,0.0,0.0,0.0,0.0,0.0,0.0,0.0,0.0,0.0,0.0,0.0,0.0,0.0,,,,,,,,,,,5.0,69.0,0.0,22.0,13.8,,0.0,3.0,0.0,0.0,0.0,0.0,0.0,0.0,0.0,18.0,18.0,4.5,81.0,487.0,497.0,10.0,3.0,58.0,6.0,121.8,,,,,,,,,,,,,0.0,0.0,1.0,0.0,0.0,0.0,0.0,0.0,0.0,0.0,0.0,0.0,1.0,1.0,,,,,,,,,,,10.0,198.0,0.0,35.0,19.8,,,,,,,,,,,,,,,5.0,51.0,0.0,21.0,10.2,5.581713529664878,372,94
2026-27,football,Conference of New England (CCC),ccc,New England College,"Jones,Jayman",Jayman,Jones,,467,"Jones,Jayman","JONES,JAYMAN",New England College,NEC,694-3675,4,4,4,4,0,0,DL,0,,,,,,,,0.0,10.0,12.0,22.0,22.0,6.0,0.0,0.0,5.0,2.0,29.0,1.0,1.0,0.0,9.0,0.0,0.0,0.0,0.0,0.0,0.0,0.0,0.0,0.0,,,,,,,,,,,,,,,,,,,,,,,,,,,,,,,,,,,,,,,,,,,,,,,,,,,,,,,,,,,,,,,,,,,,,,,,,,,,,,,,,,,,,,,,,,,,,,,,,5.53819907782869,377,94
2026-27,football,Conference of New England (CCC),ccc,University of New England,"McLaughlin,Cole",Cole,McLaughlin,,1255,"McLaughlin,Cole","MCLAUGHLIN,COLE",University of New England,UNE,990-3032,4,4,25,25,0,0,LB,0,,,,,,,,0.0,9.0,14.0,23.0,23.0,3.0,0.0,0.0,3.0,0.0,9.0,2.0,2.0,0.0,8.0,0.0,1.0,3.0,0.0,0.0,0.0,0.0,0.0,0.0,,,,,,,,,,,,,,,,,,,,,,,,,,,,,,,,,,,,,,,,,,,,,,,,,,,,,,,,,,,,,,,,,,,,,,,,,,,,,,,,,,,,,,,,,,,,,,,,,5.4796268501944665,382,94
2026-27,football,Conference of New England (CCC),ccc,Curry College,Lucas Leander,Lucas,Leander,,170,Lucas Leander,"LEANDER,LUCAS",Curry College,CUR,0,4,4,0,0,0,0,DB,0,,,,,,,,0.0,17.0,14.0,31.0,31.0,0.5,0.0,0.0,0.0,1.0,1.0,0.0,0.0,0.0,0.0,0.0,0.0,0.0,0.0,0.0,0.0,0.0,1.0,1.0,,,1.0,0.0,0.0,0.0,0.0,,,,,,,,,,,,,,,,,,,,,,,,,,,,,,,,,,,,,,,,,,0.0,0.0,0.0,0.0,0.0,0.0,0.0,0.0,1.0,0.0,0.0,0.0,,,,,,,,,,,,,,,,,,,,,,,,,,,,,,,,,,,,,5.088223237474222,444,94
2026-27,football,Conference of New England (CCC),ccc,University of New England,"Blood,Aidan",Aidan,Blood,,1255,"Blood,Aidan","BLOOD,AIDAN",University of New England,UNE,990-3008,4,1,54,54,0,0,LB,0,,,,,,,,3.0,14.0,13.0,27.0,27.0,1.0,0.0,0.0,0.0,2.0,1.0,0.0,0.0,0.0,0.0,0.0,0.0,2.0,0.0,0.0,0.0,0.0,1.0,1.0,,,1.0,3.0,0.0,3.0,3.0,,,,,,,,,,,,,,,,,,,,,,,,,,,,,,,,,,,,,,,,,,,,,,,,,,,,,,,,,,,,,,,,,,,,,,,,,,,,,,,,,,,,,,,,,,4.967835711978831,464,93
2026-27,football,Conference of New England (CCC),ccc,Endicott College,"Ferreira,Bryan",Bryan,Ferreira,,8981,"Ferreira,Bryan","FERREIRA,BRYAN",Endicott College,ECM,0,4,2,21,21,0,RB,0,0,,,,,,,,0.0,0.0,0.0,0.0,0.0,0.0,0.0,0.0,0.0,0.0,0.0,0.0,0.0,0.0,0.0,0.0,0.0,0.0,0.0,0.0,0.0,0.0,0.0,0.0,,,,,,,,,,,2.0,12.0,1.0,16.0,6.0,,0.0,5.0,0.0,0.0,0.0,0.0,0.0,0.0,0.0,30.0,30.0,7.5,54.0,369.0,388.0,19.0,4.0,54.0,6.8,92.3,,,,,,,,,,,,,,,,,,,,,,,,,,,,,,,,,,,,,4.0,92.0,0.0,53.0,23.0,,,,,,,,,,,,,,,,,,,,4.926758595448489,468,93
2026-27,football,Conference of New England (CCC),ccc,University of New England,"Villis,George",George,Villis,,1255,"Villis,George","VILLIS,GEORGE",University of New England,UNE,990-2647,3,3,9,9D,0,0,LB,0,,,,,,,,0.0,6.0,11.0,17.0,17.0,3.0,0.0,0.0,3.0,0.0,13.0,2.0,2.0,0.0,12.0,0.0,0.0,0.0,0.0,0.0,0.0,0.0,0.0,0.0,,,,,,,,,,,,,,,,,,,,,,,,,,,,,,,,,,,,,,,,,,,,,,,,,,,,,,,,,,,,,,,,,,,,,,,,,,,,,,,,,,,,,,,,,,,,,,,,,4.882620841922731,475,93
2026-27,football,Conference of New England (CCC),ccc,Maine Maritime Academy,James Boyer-Russell,James,Boyer-Russell,,378,James Boyer-Russell,"BOYER-RUSSELL,JAMES",Maine Maritime Academy,MEM,1208-2331,3,2,1,1,0,0,0,0,,,,,,,,0.0,9.0,10.0,19.0,19.0,2.5,0.0,0.0,2.0,1.0,3.0,2.0,2.0,0.0,8.0,0.0,0.0,0.0,0.0,0.0,0.0,0.0,0.0,0.0,,,,,,,,,,,,,,,,,,,,,,,,,,,,,,,,,,,,,,,,,,,,,,,,,,,,,,,,,,,,,,,,,,,,,,,,,,,,,,,,,,,,,,,,,,,,,,,,,4.804006364660876,495,93
2026-27,football,Conference of New England (CCC),ccc,Nichols College,"Roberts,Noah",Noah,Roberts,,484,"Roberts,Noah","ROBERTS,NOAH",Nichols College,NIC,695-5233,4,1,25,25,0,0,DB,0,,,,,,,,0.0,17.0,5.0,22.0,22.0,0.5,0.0,0.0,0.0,1.0,1.0,0.0,0.0,0.0,0.0,1.0,0.0,0.0,0.0,0.0,0.0,0.0,1.0,2.0,,,1.0,0.0,0.0,0.0,0.0,,,,,,,,,,,,,,,,,,,,,,,,,,,,,,,,,,,,,,,,,,,,,,,,,,,,,,,,,,,,,,,,,,,,,,,,,,,,,,,,,,,,,,,,,,4.758661770089482,506,93
2026-27,football,Conference of New England (CCC),ccc,New England College,"Roy,Dylan",Dylan,Roy,,467,"Roy,Dylan","ROY,DYLAN",New England College,NEC,694-3661,4,4,3,3,0,0,DB,0,,,,,,,,32.0,5.0,9.0,14.0,14.0,0.0,0.0,0.0,0.0,0.0,0.0,0.0,0.0,0.0,0.0,2.0,0.0,0.0,0.0,0.0,1.0,0.0,1.0,3.0,,,1.0,32.0,0.0,32.0,32.0,,,,,,,,,,,,,,,,,,,,,,,,,,,,,,,,,,,,,,,,,,,,,,,,,,,,,,0.0,0.0,,,,,,,,,,,,,,,,,,,,,,,,,,,,,,,,,,,4.667604975394905,524,93
2026-27,football,Conference of New England (CCC),ccc,Endicott College,"Cannistraro,Ty",Ty,Cannistraro,,8981,"Cannistraro,Ty","CANNISTRARO,TY",Endicott College,ECM,0,4,4,18,18,0,0,DB,0,,,,,,,,0.0,11.0,1.0,12.0,12.0,0.0,0.0,0.0,0.0,0.0,0.0,0.0,0.0,0.0,0.0,3.0,0.0,0.0,0.0,0.0,0.0,0.0,1.0,4.0,,,1.0,0.0,0.0,0.0,0.0,,,,,,,,,,,,,,,,,,,,,,,,,,,,,,,,,,,,,,,,,,0.0,0.0,0.0,0.0,0.0,0.0,0.0,0.0,0.0,0.0,1.0,0.0,,,,,,,,,,,,,,,,,,,,,,,,,,,,,,,,,,,,,4.617930366329883,537,93
2026-27,football,Conference of New England (CCC),ccc,Nichols College,"Shorter,Anthony",Anthony,Shorter,,484,"Shorter,Anthony","SHORTER,ANTHONY",Nichols College,NIC,695-4626,3,3,13,1D,0,0,LB,0,,,,,,,,0.0,10.0,6.0,16.0,16.0,3.0,0.0,0.0,2.0,2.0,24.0,1.5,1.0,1.0,19.0,1.0,0.0,0.0,0.0,0.0,0.0,0.0,0.0,1.0,,,,,,,,,,,,,,,,,,,,,,,,,,,,,,,,,,,,,,,,,,,,,,,,,,,,,,,,,,,,,,,,,,,,,,,,,,,,,,,,,,,,,,,,,,,,,,,,,4.595254560016098,542,93
2026-27,football,Conference of New England (CCC),ccc,Curry College,Jordan Depina,Jordan,Depina,,170,Jordan Depina,"DEPINA,JORDAN",Curry College,CUR,0,4,4,2,2,0,RB,0,0,,,,,,,,0.0,0.0,1.0,1.0,1.0,0.0,0.0,0.0,0.0,0.0,0.0,0.0,0.0,0.0,0.0,0.0,0.0,0.0,0.0,0.0,0.0,0.0,0.0,0.0,,,,,,,,,,,1.0,0.0,0.0,0.0,0.0,,0.0,3.0,0.0,0.0,0.0,0.0,0.0,0.0,0.0,18.0,18.0,4.5,78.0,453.0,463.0,10.0,3.0,36.0,5.8,113.3,,,,,,,,,,,,,,,,,,,,,,,,,1.0,0.0,,,,,,,,,,,2.0,55.0,0.0,50.0,27.5,,,,,,,,,,,,,,,,,,,,4.443573794264459,567,93
2026-27,football,Conference of New England (CCC),ccc,University of New England,"Franzini,Jeremy",Jeremy,Franzini,,1255,"Franzini,Jeremy","FRANZINI,JEREMY",University of New England,UNE,990-2457,4,4,1,1D,0,0,DB,0,,,,,,,,0.0,24.0,9.0,33.0,33.0,2.0,0.0,0.0,2.0,0.0,9.0,1.0,1.0,0.0,8.0,0.0,0.0,2.0,0.0,0.0,0.0,0.0,0.0,0.0,,,,,,,,,,,,,,,,,,,,,,,,,,,,,,,,,,,,,,,,,,,,,,,,,,,,,,,,,,,,,,,,,,,,,,,,,,,,,,,,,,,,,,,,,,,,,,,,,4.411778252840745,573,93
2026-27,football,Conference of New England (CCC),ccc,Husson University,"Menger,Erik",Erik,Menger,,1133,"Menger,Erik","MENGER,ERIK",Husson University,HUS,1201-4747,4,4,37,37,0,0,LB,0,,,,,,,,0.0,13.0,16.0,29.0,29.0,2.0,0.0,0.0,1.0,2.0,13.0,1.0,1.0,0.0,9.0,0.0,0.0,1.0,0.0,0.0,0.0,0.0,0.0,0.0,,,,,,,,,,,,,,,,,,,,,,,,,,,,,,,,,,,,,,,,,,,,,,,,,,,,,,,,,,,,,,,,,,,,,,,,,,,,,,,,,,,,,,,,,,,,,,,,,4.013774247326254,674,93
2026-27,football,Conference of New England (CCC),ccc,Western New England University,"Sturniolo,Anthony",Anthony,Sturniolo,,775,"Sturniolo,Anthony","STURNIOLO,ANTHONY",Western New England University,WNE,1022-4141,4,4,34,34,0,RB,0,0,,,,,,,,0.0,17.0,20.0,37.0,37.0,2.0,0.0,0.0,2.0,0.0,2.0,0.0,0.0,0.0,0.0,1.0,0.0,0.0,0.0,0.0,0.0,0.0,0.0,1.0,,,,,,,,,,,,,,,,,,,,,,,,,,,,,,,,,,,,,,,,,,,,,,,,,,,,,,,,,,,,,,,,,,,,,,,,,,,,,,,,,,,,,,,,,,,,,,,,,3.8681041522763486,702,93
2026-27,football,Conference of New England (CCC),ccc,New England College,"Madison,Levi",Levi,Madison,,467,"Madison,Levi","MADISON,LEVI",New England College,NEC,694-3684,4,4,32,32,0,0,DB,0,,,,,,,,7.0,3.0,7.0,10.0,10.0,0.0,0.0,0.0,0.0,0.0,0.0,0.0,0.0,0.0,0.0,2.0,0.0,0.0,0.0,0.0,0.0,0.0,1.0,3.0,,,1.0,7.0,0.0,7.0,7.0,,,,,,,,,,,,,,,,,,,,,,,,,,,,,,,,,,,,,,,,,,,,,,,,,,,,,,,,,,,,,,,,,,,,,,,,,,,,,,,,,,,,,,,,,,3.852980818549775,708,93
2026-27,football,Conference of New England (CCC),ccc,Curry College,Wesley Williams,Wesley,Williams,,170,Wesley Williams,"WILLIAMS,WESLEY",Curry College,CUR,0,3,2,3,3,0,WR,0,0,,,,,,,,0.0,0.0,0.0,0.0,0.0,0.0,0.0,0.0,0.0,0.0,0.0,0.0,0.0,0.0,0.0,0.0,0.0,0.0,0.0,0.0,0.0,0.0,0.0,0.0,,,,,,,,,,,9.0,183.0,5.0,53.0,20.3,,0.0,5.0,0.0,0.0,0.0,0.0,0.0,0.0,0.0,30.0,30.0,10.0,,,,,,,,,,,,,,,,,,,,,,,,,,,,,,,,,,,,,,,,,,,,,,,,,,,,,,,,,,,,,,,,,,,,,3.6650617975263695,765,92
2026-27,football,Conference of New England (CCC),ccc,Endicott College,"Tirrell,Will",Will,Tirrell,,8981,"Tirrell,Will","TIRRELL,WILL",Endicott College,ECM,0,4,4,21,2D,0,0,LB,0,,,,,,,,50.0,7.0,12.0,19.0,19.0,0.0,0.0,0.0,0.0,0.0,0.0,0.0,0.0,0.0,0.0,0.0,0.0,0.0,0.0,0.0,0.0,0.0,1.0,1.0,,,1.0,50.0,1.0,50.0,50.0,,,,,,,,,,0.0,1.0,0.0,0.0,0.0,0.0,0.0,0.0,0.0,6.0,6.0,1.5,,,,,,,,,,,,,,,,,,,,,,,,,,,,,,,,,,,,,,,,,,,,,,,,,,,,,,,,,,,,,,,,,,,,,3.616594740911652,783,92
2026-27,football,Conference of New England (CCC),ccc,Husson University,"Wright,JT",JT,Wright,,1133,"Wright,JT","WRIGHT,JT",Husson University,HUS,1201-4222,4,4,50,50,0,0,LB,0,,,,,,,,0.0,13.0,21.0,34.0,34.0,3.0,0.0,0.0,2.0,2.0,7.0,0.0,0.0,0.0,0.0,0.0,1.0,0.0,0.0,0.0,0.0,0.0,0.0,0.0,,,,,,,,,,,,,,,,,,,,,,,,,,,,,,,,,,,,,,,,,,,,,,,,,,,,,,,,,,,,,,,,,,,,,,,,,,,,,,,,,,,,,,,,,,,,,,,,,3.558886563155817,798,92
2026-27,football,Conference of New England (CCC),ccc,Curry College,Justin Dube,Justin,Dube,,170,Justin Dube,"DUBE,JUSTIN",Curry College,CUR,0,4,2,28,28,0,0,0,0,,,,,,,,0.0,11.0,4.0,15.0,15.0,0.0,0.0,0.0,0.0,0.0,0.0,0.0,0.0,0.0,0.0,1.0,1.0,0.0,0.0,0.0,0.0,0.0,1.0,2.0,,,1.0,0.0,0.0,0.0,0.0,,,,,,,,,,,,,,,,,,,,,,,,,,,,,,,,,,,,,,,,,,,,,,,,,,,,,,,,,,,,,,,,,,1.0,17.0,0.0,17.0,17.0,,,,,,,,,,,,,,,,,,,,3.5262615550903647,806,92
2026-27,football,Conference of New England (CCC),ccc,Nichols College,"Ferrara,Jonathan",Jonathan,Ferrara,,484,"Ferrara,Jonathan","FERRARA,JONATHAN",Nichols College,NIC,695-4339,4,4,6,6,0,0,DB,0,,,,,,,,0.0,20.0,8.0,28.0,28.0,0.0,0.0,0.0,0.0,0.0,0.0,0.0,0.0,0.0,0.0,3.0,0.0,0.0,0.0,0.0,1.0,0.0,0.0,3.0,,,,,,,,,,,,,,,,,,,,,,,,,,,,,,,,,,,,,,,,,,,,,,,,,,,,,,,,,,,,,0.0,0.0,,,,,,,,,,,,,,,,,,,,,,,,,,,,,,,,,,,3.4106444611687157,852,92
2026-27,football,Conference of New England (CCC),ccc,Curry College,Caden Borges,Caden,Borges,,170,Caden Borges,"BORGES,CADEN",Curry College,CUR,0,4,3,17,17,0,0,0,0,,,,,,,,0.0,0.0,0.0,0.0,0.0,0.0,0.0,0.0,0.0,0.0,0.0,0.0,0.0,0.0,0.0,0.0,0.0,0.0,0.0,0.0,0.0,0.0,0.0,0.0,,,,,,,,,,,,,,,,,0.0,1.0,0.0,0.0,0.0,0.0,0.0,0.0,0.0,6.0,6.0,1.5,14.0,68.0,98.0,30.0,1.0,26.0,4.9,17.0,30.0,6.0,53.0,12.0,759.0,3.0,73.0,46.0,196.4,10.4,16.5,189.8,,,,,,,,,,,,,,,,,,,,,,,,,,,,,,,,,,,,,,,,,,,,,,,,,3.3845908104562517,861,92
2026-27,football,Conference of New England (CCC),ccc,University of New England,"LaBrecque,Spencer",Spencer,LaBrecque,,1255,"LaBrecque,Spencer","LABRECQUE,SPENCER",University of New England,UNE,990-2835,4,4,99,99,0,0,DL,0,,,,,,,,0.0,4.0,9.0,13.0,13.0,3.0,0.0,0.0,3.0,0.0,14.0,1.0,1.0,0.0,9.0,0.0,0.0,1.0,0.0,1.0,0.0,0.0,0.0,0.0,,,,,,,,,,,,,,,,,,,,,,,,,,,,,,,,,,,,,,,,,,,,,,,,,,,,,,,,,,,,,,,,,,,,,,,,,,,,,,,,,,,,,,,,,,,,,,,,,2.9769911853064923,1006,92
2026-27,football,Conference of New England (CCC),ccc,Endicott College,"Bachry,Mason",Mason,Bachry,,8981,"Bachry,Mason","BACHRY,MASON",Endicott College,ECM,0,4,4,4,4,0,0,DB,0,,,,,,,,0.0,10.0,9.0,19.0,19.0,1.5,0.0,0.0,0.0,3.0,4.0,0.0,0.0,0.0,0.0,3.0,0.0,0.0,0.0,0.0,0.0,0.0,0.0,3.0,,,,,,,,,,,,,,,,,,,,,,,,,,,,,,,,,,,,,,,,,,,,,,,,,,,,,,,,,,,,,,,,,,,,,,,,,,,,,,,,,,,,,,,,,,,,,,,,,2.93136473748777,1022,92
2026-27,football,Conference of New England (CCC),ccc,Curry College,Gabe Santos,Gabe,Santos,,170,Gabe Santos,"SANTOS,GABE",Curry College,CUR,0,4,4,7,7,0,0,LB,0,,,,,,,,0.0,21.0,12.0,33.0,33.0,2.5,0.0,0.0,2.0,1.0,5.0,0.0,0.0,0.0,0.0,0.0,0.0,0.0,0.0,0.0,0.0,0.0,0.0,0.0,,,,,,,,,,,,,,,,,,,,,,,,,,,,,,,,,,,,,,,,,,,,,,,,,,,,,,,,,,,,,,,,,,,,,,,,,1.0,1.0,0.0,1.0,1.0,,,,,,,,,,,,,,,,,,,,2.8321839811837424,1079,91
2026-27,football,Conference of New England (CCC),ccc,University of New England,"Montalvo,Miguel",Miguel,Montalvo,,1255,"Montalvo,Miguel","MONTALVO,MIGUEL",University of New England,UNE,990-3366,3,1,55,55,0,0,DL,0,,,,,,,,0.0,2.0,8.0,10.0,10.0,2.5,0.0,0.0,2.0,1.0,3.0,1.0,1.0,0.0,1.0,0.0,0.0,2.0,0.0,0.0,1.0,0.0,0.0,0.0,,,,,,,,,,,,,,,,,,,,,,,,,,,,,,,,,,,,,,,,,,,,,,,,,,,,,,,,,,,,,0.0,0.0,,,,,,,,,,,,,,,,,,,,,,,,,,,,,,,,,,,2.8174918524821653,1086,91
2026-27,football,Conference of New England (CCC),ccc,Maine Maritime Academy,St john Dominic,St john,Dominic,,378,St john Dominic,"JOHN,DOMINIC ST",Maine Maritime Academy,MEM,1208-2520,3,2,28,28,0,0,0,0,,,,,,,,15.0,7.0,3.0,10.0,10.0,0.0,0.0,0.0,0.0,0.0,0.0,0.0,0.0,0.0,0.0,0.0,0.0,0.0,0.0,0.0,0.0,0.0,1.0,1.0,,,1.0,15.0,0.0,15.0,15.0,,,,,,,,,,,,,,,,,,,,,,,,,,,,,,,,,,,,,,,,,,0.0,0.0,0.0,0.0,0.0,0.0,0.0,0.0,0.0,0.0,1.0,0.0,,,,,,,,,,,,,,,,,,,,,,,,,,,,,,,,,,,,,2.7210857285040495,1113,91
2026-27,football,Conference of New England (CCC),ccc,Western New England University,"Canavatchel,Michael",Michael,Canavatchel,,775,"Canavatchel,Michael","CANAVATCHEL,MICHAEL",Western New England University,WNE,1022-3939,4,4,23,23,0,0,LB,0,,,,,,,,0.0,4.0,11.0,15.0,15.0,3.5,0.0,0.0,2.0,3.0,13.0,0.5,0.0,1.0,2.0,0.0,0.0,0.0,0.0,0.0,0.0,0.0,0.0,0.0,,,,,,,,,,,,,,,,,,,,,,,,,,,,,,,,,,,,,,,,,,,,,,,,,,,,,,,,,,,,,,,,,,,,,,,,,,,,,,,,,,,,,,,,,,,,,,,,,2.6997968425319625,1118,91
2026-27,football,Conference of New England (CCC),ccc,Husson University,"Telisca,Melvyn",Melvyn,Telisca,,1133,"Telisca,Melvyn","TELISCA,MELVYN",Husson University,HUS,1201-4762,4,4,9,9A,0,0,DB,0,,,,,,,,0.0,15.0,4.0,19.0,19.0,0.0,0.0,0.0,0.0,0.0,0.0,0.0,0.0,0.0,0.0,4.0,0.0,0.0,0.0,0.0,0.0,0.0,0.0,4.0,,,,,,,,,,,,,,,,,,,,,,,,,,,,,,,,,,,,,,,,,,,,,,,,,,,,,,,,,,,,,,,,,,,,,,,,,,,,,,,,,,,,,,,,,,,,,,,,,2.664462842453335,1140,91
2026-27,football,Conference of New England (CCC),ccc,Husson University,"Crouse,Drew",Drew,Crouse,,1133,"Crouse,Drew","CROUSE,DREW",Husson University,HUS,1201-3772,4,4,90,90,0,0,DL,0,,,,,,,,0.0,3.0,10.0,13.0,13.0,2.0,0.0,0.0,1.0,2.0,10.0,0.5,0.0,1.0,2.0,1.0,1.0,0.0,0.0,0.0,1.0,0.0,0.0,1.0,,,,,,,,,,,,,,,,,,,,,,,,,,,,,,,,,,,,,,,,,,,,,,,,,,,,,,,,,,,,,0.0,0.0,,,,,,,,,,,,,,,,,,,,,,,,,,,,,,,,,,,2.650513096070923,1145,91
2026-27,football,Conference of New England (CCC),ccc,Western New England University,"Acosta,Kevin",Kevin,Acosta,,775,"Acosta,Kevin","ACOSTA,KEVIN",Western New England University,WNE,1022-4462,4,4,4,4,0,WR,0,0,,,,,,,,0.0,1.0,0.0,1.0,1.0,0.0,0.0,0.0,0.0,0.0,0.0,0.0,0.0,0.0,0.0,0.0,0.0,0.0,0.0,0.0,0.0,0.0,0.0,0.0,,,,,,,,,,,12.0,223.0,3.0,58.0,18.6,,0.0,3.0,0.0,0.0,0.0,0.0,0.0,0.0,0.0,18.0,18.0,4.5,,,,,,,,,,,,,,,,,,,,,,,,,,,,,,,,,,,,,,,,,,,,,,,,,,,,,,,,,,,,,,,,,,,,,2.623511929504159,1156,91
2026-27,football,Conference of New England (CCC),ccc,Nichols College,"Migliaccio,Will",Will,Migliaccio,,484,"Migliaccio,Will","MIGLIACCIO,WILL",Nichols College,NIC,695-4613,4,4,10,10,0,QB,0,0,,,,,,,,0.0,0.0,0.0,0.0,0.0,0.0,0.0,0.0,0.0,0.0,0.0,0.0,0.0,0.0,0.0,0.0,0.0,0.0,0.0,0.0,0.0,0.0,0.0,0.0,,,,,,,,,,,,,,,,,0.0,2.0,0.0,0.0,0.0,0.0,0.0,0.0,0.0,12.0,12.0,3.0,20.0,-37.0,29.0,66.0,2.0,9.0,-1.9,-9.3,63.0,10.0,99.0,8.0,945.0,2.0,104.0,64.0,159.4,9.09,14.77,236.3,0.0,0.0,0.0,0.0,3.0,3.0,2.0,2.0,0.0,0.0,0.0,0.0,,,,,,,,,,,,,,,,,,,,,,,,,,,,,,,,,,,,,2.5541743907497794,1190,91
2026-27,football,Conference of New England (CCC),ccc,Husson University,"McNamara,Cooper",Cooper,McNamara,,1133,"McNamara,Cooper","MCNAMARA,COOPER",Husson University,HUS,1201-4420,4,4,59,59,0,0,LB,0,,,,,,,,0.0,10.0,18.0,28.0,28.0,1.5,0.0,0.0,1.0,1.0,7.0,0.0,0.0,0.0,0.0,0.0,0.0,0.0,0.0,0.0,1.0,0.0,0.0,0.0,,,,,,,,,,,,,,,,,,,,,,,,,,,,,,,,,,,,,,,,,,,,,,,,,,,,,,,,,,,,,0.0,0.0,,,,,,,,,,,,,,,,,,,,,,,,,,,,,,,,,,,2.5456512661574244,1192,91
2026-27,football,Conference of New England (CCC),ccc,Endicott College,"Daughtry,Jarred",Jarred,Daughtry,,8981,"Daughtry,Jarred","DAUGHTRY,JARRED",Endicott College,ECM,0,3,2,12,12,0,0,DB,0,,,,,,,,0.0,1.0,0.0,1.0,1.0,0.0,0.0,0.0,0.0,0.0,0.0,0.0,0.0,0.0,0.0,1.0,0.0,0.0,0.0,0.0,0.0,0.0,1.0,2.0,,,1.0,0.0,0.0,0.0,0.0,,,,,,,,,,,,,,,,,,,,,,,,,,,,,,,,,,,,,,,,,,,,,,,,,,,,,,,,,,,,,,,,,,,,,,,,,,,,,,,,,,,,,,,,,,2.3915242611193097,1270,91
2026-27,football,Conference of New England (CCC),ccc,New England College,"Madison,Kaevryel",Kaevryel,Madison,,467,"Madison,Kaevryel","MADISON,KAEVRYEL",New England College,NEC,694-3663,4,4,5,5,0,0,DB,0,,,,,,,,0.0,9.0,18.0,27.0,27.0,1.0,0.0,0.0,1.0,0.0,2.0,0.0,0.0,0.0,0.0,1.0,0.0,0.0,0.0,0.0,0.0,0.0,0.0,1.0,,,,,,,,,,,,,,,,,,,,,,,,,,,,,,,,,,,,,,,,,,,,,,,,,,,,,,,,,,,,,,,,,,,,,,,,,,,,,,,,,,,,,,,,,,,,,,,,,2.3178611784519254,1304,91
2026-27,football,Conference of New England (CCC),ccc,Husson University,"Oliver,AJ",AJ,Oliver,,1133,"Oliver,AJ","OLIVER,AJ",Husson University,HUS,1201-4754,4,0,7,7A,0,0,DB,0,,,,,,,,0.0,7.0,8.0,15.0,15.0,0.0,0.0,0.0,0.0,0.0,0.0,0.0,0.0,0.0,0.0,4.0,0.0,0.0,0.0,0.0,0.0,0.0,0.0,4.0,,,,,,,,,,,,,,,,,,,,,,,,,,,,,,,,,,,,,,,,,,,,,,,,,,,,,,,,,,,,,,,,,,,,,,,,,,,,,,,,,,,,,,,,,,,,,,,,,2.266458836938846,1322,91
2026-27,football,Conference of New England (CCC),ccc,Husson University,"Stotler,Lopati",Lopati,Stotler,,1133,"Stotler,Lopati","STOTLER,LOPATI",Husson University,HUS,1201-4393,4,4,93,93,0,0,DL,0,,,,,,,,0.0,2.0,15.0,17.0,17.0,1.0,0.0,0.0,1.0,0.0,3.0,1.0,1.0,0.0,3.0,0.0,0.0,0.0,0.0,0.0,0.0,0.0,0.0,0.0,,,,,,,,,,,,,,,,,,,,,,,,,,,,,,,,,,,,,,,,,,,,,,,,,,,,,,,,,,,,,,,,,,,,,,,,,,,,,,,,,,,,,,,,,,,,,,,,,2.264529270744586,1326,91
2026-27,football,Conference of New England (CCC),ccc,Western New England University,"Kilroy,Corey",Corey,Kilroy,,775,"Kilroy,Corey","KILROY,COREY",Western New England University,WNE,1022-4127,4,1,7,7X,0,QB,0,0,,,,,,,,0.0,1.0,0.0,1.0,1.0,0.0,0.0,0.0,0.0,0.0,0.0,0.0,0.0,0.0,0.0,0.0,0.0,0.0,0.0,0.0,0.0,0.0,0.0,0.0,,,,,,,,,,,,,,,,,0.0,5.0,0.0,0.0,0.0,0.0,0.0,0.0,0.0,30.0,30.0,7.5,27.0,153.0,153.0,0.0,5.0,16.0,5.7,38.3,0.0,0.0,58.0,2.0,213.0,3.0,25.0,11.0,118.0,8.52,19.36,53.3,,,,,,,,,,,,,,,,,,,,,,,,,,,,,,,,,,,,,,,,,,,,,,,,,2.262545007572867,1328,91
2026-27,football,Conference of New England (CCC),ccc,Endicott College,"Daly,Brian",Brian,Daly,,8981,"Daly,Brian","DALY,BRIAN",Endicott College,ECM,0,4,3,5,5,0,0,DL,0,,,,,,,,0.0,6.0,12.0,18.0,18.0,2.5,0.0,0.0,1.0,3.0,4.0,0.0,0.0,0.0,0.0,1.0,0.0,1.0,0.0,0.0,0.0,0.0,0.0,1.0,,,,,,,,,,,,,,,,,,,,,,,,,,,,,,,,,,,,,,,,,,,,,,,,,,,,,,,,,,,,,,,,,,,,,,,,,,,,,,,,,,,,,,,,,,,,,,,,,2.25520160610162,1330,91
2026-27,football,Conference of New England (CCC),ccc,Maine Maritime Academy,Matt Gagin,Matt,Gagin,,378,Matt Gagin,"GAGIN,MATT",Maine Maritime Academy,MEM,1208-1976,3,1,5,5,0,0,0,0,,,,,,,,0.0,8.0,21.0,29.0,29.0,0.5,0.0,0.0,0.0,1.0,1.0,0.0,0.0,0.0,0.0,1.0,0.0,0.0,0.0,0.0,0.0,0.0,0.0,1.0,,,,,,,,,,,,,,,,,,,,,,,,,,,,,,,,,,,,,,,,,,,,,,,,,,,,,,,,,,,,,,,,,,,,,,,,,,,,,,,,,,,,,,,,,,,,,,,,,2.2392467011900714,1332,91
2026-27,football,Conference of New England (CCC),ccc,Maine Maritime Academy,Lucas Houghton,Lucas,Houghton,,378,Lucas Houghton,"HOUGHTON,LUCAS",Maine Maritime Academy,MEM,1208-1978,3,2,0,0,0,0,0,0,,,,,,,,0.0,14.0,16.0,30.0,30.0,1.0,0.0,0.0,1.0,0.0,3.0,0.0,0.0,0.0,0.0,0.0,0.0,0.0,0.0,1.0,0.0,0.0,0.0,0.0,,,,,,,,,,,,,,,,,,,,,,,,,,,,,,,,,,,,,,,,,,,,,,,,,,,,,,,,,,,,,,,,,,,,,,,,,,,,,,,,,,,,,,,,,,,,,,,,,2.0504166375649304,1402,90
2026-27,football,Conference of New England (CCC),ccc,Nichols College,"Beebe,Jack",Jack,Beebe,,484,"Beebe,Jack","BEEBE,JACK",Nichols College,NIC,695-4899,3,0,41,41,0,0,LB,0,,,,,,,,0.0,5.0,4.0,9.0,9.0,2.0,0.0,0.0,1.0,2.0,14.0,1.0,1.0,0.0,11.0,0.0,1.0,0.0,0.0,0.0,0.0,0.0,0.0,0.0,,,,,,,,,,,,,,,,,,,,,,,,,,,,,,,,,,,,,,,,,,,,,,,,,,,,,,,,,,,,,,,,,,,,,,,,,,,,,,,,,,,,,,,,,,,,,,,,,2.023754219753804,1417,90
2026-27,football,Conference of New England (CCC),ccc,Curry College,Colin Ridley,Colin,Ridley,,170,Colin Ridley,"RIDLEY,COLIN",Curry College,CUR,0,4,4,4,4,0,WR,0,0,,,,,,,,0.0,0.0,0.0,0.0,0.0,0.0,0.0,0.0,0.0,0.0,0.0,0.0,0.0,0.0,0.0,0.0,0.0,1.0,0.0,0.0,0.0,0.0,0.0,0.0,,,,,,,,,,,18.0,224.0,3.0,28.0,12.4,,0.0,4.0,0.0,0.0,0.0,0.0,0.0,0.0,0.0,24.0,24.0,6.0,1.0,-10.0,0.0,10.0,0.0,0.0,-10.0,-2.5,,,,,,,,,,,,,,,,,,,,,,,,,,,,,,,,,,,,,3.0,55.0,0.0,22.0,18.3,,,,,,,,,,,,,,,3.0,100.0,1.0,65.0,33.3,1.9836061944093315,1435,90
2026-27,football,Conference of New England (CCC),ccc,Endicott College,"Phelps,Jacob",Jacob,Phelps,,8981,"Phelps,Jacob","PHELPS,JACOB",Endicott College,ECM,0,4,0,28,28,0,0,DB,0,,,,,,,,10.0,2.0,0.0,2.0,2.0,0.0,0.0,0.0,0.0,0.0,0.0,0.0,0.0,0.0,0.0,0.0,0.0,0.0,0.0,0.0,0.0,0.0,1.0,1.0,,,1.0,10.0,0.0,10.0,10.0,,,,,,,,,,,,,,,,,,,,,,,,,,,,,,,,,,,,,,,,,,,,,,,,,,,,,,,,,,,,,,,,,,,,,,,,,,,,,,,,,,,,,,,,,,1.9250777174750695,1470,90
2026-27,football,Conference of New England (CCC),ccc,Western New England University,"McGuire,Matthew",Matthew,McGuire,,775,"McGuire,Matthew","MCGUIRE,MATTHEW",Western New England University,WNE,1022-4133,4,0,14,14,0,RB,0,0,,,,,,,,0.0,0.0,0.0,0.0,0.0,0.0,0.0,0.0,0.0,0.0,0.0,0.0,0.0,0.0,0.0,0.0,0.0,0.0,0.0,0.0,0.0,0.0,0.0,0.0,,,,,,,,,,,2.0,40.0,1.0,31.0,20.0,,0.0,4.0,0.0,0.0,0.0,0.0,0.0,0.0,0.0,24.0,24.0,6.0,37.0,160.0,165.0,5.0,3.0,18.0,4.3,40.0,,,,,,,,,,,,,,,,,,,,,,,,,,,,,,,,,,,,,,,,,,,,,,,,,,,,,,,,,,,,,1.9232443604936968,1482,90
2026-27,football,Conference of New England (CCC),ccc,University of New England,"Delgado,Nathan",Nathan,Delgado,,1255,"Delgado,Nathan","DELGADO,NATHAN",University of New England,UNE,990-2823,4,4,24,24,0,RB,0,0,,,,,,,,0.0,0.0,0.0,0.0,0.0,0.0,0.0,0.0,0.0,0.0,0.0,0.0,0.0,0.0,0.0,0.0,0.0,0.0,0.0,0.0,0.0,0.0,0.0,0.0,,,,,,,,,,,4.0,20.0,0.0,13.0,5.0,,0.0,3.0,0.0,0.0,0.0,0.0,0.0,0.0,0.0,18.0,18.0,4.5,52.0,241.0,248.0,7.0,3.0,20.0,4.6,60.3,,,,,,,,,,,,,,,,,,,,,,,,,,,,,,,,,,,,,3.0,73.0,0.0,41.0,24.3,,,,,,,,,,,,,,,,,,,,1.863289779986986,1505,90
2026-27,football,Conference of New England (CCC),ccc,Western New England University,"Levesque,Colvin",Colvin,Levesque,,775,"Levesque,Colvin","LEVESQUE,COLVIN",Western New England University,WNE,1022-4748,4,2,19,9X,0,0,DB,0,,,,,,,,0.0,5.0,3.0,8.0,8.0,0.5,0.0,0.0,0.0,1.0,1.0,0.0,0.0,0.0,0.0,4.0,0.0,0.0,0.0,0.0,0.0,0.0,0.0,4.0,,,,,,,,,,,,,,,,,,,,,,,,,,,,,,,,,,,,,,,,,,,,,,,,,,,,,,,,,,,,,,,,,,,,,,,,,,,,,,,,,,,,,,,,,,,,,,,,,1.847568307307587,1508,90
2026-27,football,Conference of New England (CCC),ccc,Nichols College,"Burgess,Skyler",Skyler,Burgess,,484,"Burgess,Skyler","BURGESS,SKYLER",Nichols College,NIC,695-5190,4,1,1,1,0,WR,0,0,,,,,,,,0.0,2.0,0.0,2.0,2.0,0.0,0.0,0.0,0.0,0.0,0.0,0.0,0.0,0.0,0.0,0.0,0.0,0.0,0.0,0.0,0.0,0.0,0.0,0.0,,,,,,,,,,,7.0,119.0,2.0,55.0,17.0,,0.0,2.0,0.0,0.0,0.0,0.0,0.0,0.0,0.0,12.0,12.0,3.0,,,,,,,,,,,,,,,,,,,,,,,,,,,,,,,,,,,,,,,,,,,,,14.0,262.0,0.0,30.0,18.7,,,,,,,,,,,,,,,,,,,,1.8413751375345917,1513,90
2026-27,football,Conference of New England (CCC),ccc,Western New England University,"Shelton,Rashawn",Rashawn,Shelton,,775,"Shelton,Rashawn","SHELTON,RASHAWN",Western New England University,WNE,1022-4455,4,4,0,0,0,0,DB,0,,,,,,,,0.0,11.0,7.0,18.0,18.0,1.0,0.0,0.0,1.0,0.0,4.0,0.0,0.0,0.0,0.0,1.0,1.0,0.0,0.0,0.0,1.0,0.0,0.0,1.0,,,,,,,,,,,,,,,,,,,,,,,,,,,,,,,,,,,,,,,,,,,,,,,,,,,,,,,,,,,,,0.0,0.0,,,,,,,,,,,,,,,,,,,,,,,,,,,,,,,,,,,1.838972317374963,1514,90
2026-27,football,Conference of New England (CCC),ccc,University of New England,"Brooks,Jake",Jake,Brooks,,1255,"Brooks,Jake","BROOKS,JAKE",University of New England,UNE,990-3196,4,4,12,1B,0,0,DB,0,,,,,,,,0.0,9.0,7.0,16.0,16.0,0.0,0.0,0.0,0.0,0.0,0.0,0.0,0.0,0.0,0.0,3.0,0.0,0.0,0.0,0.0,0.0,0.0,0.0,3.0,,,,,,,,,,,,,,,,,,,,,,,,,,,,,,,,,,,,,,,,,,,,,,,,,,,,,,,,,,,,,,,,,,,,,,,,,,,,,,,,,,,,,,,,,,,,,,,,,1.8000122932946052,1538,90
2026-27,football,Conference of New England (CCC),ccc,Endicott College,"O'Driscoll,Finn",Finn,O'Driscoll,,8981,"O'Driscoll,Finn","O'DRISCOLL,FINN",Endicott College,ECM,0,4,4,1,1D,0,0,DB,0,,,,,,,,0.0,12.0,11.0,23.0,23.0,1.0,0.0,0.0,0.0,2.0,2.0,0.0,0.0,0.0,0.0,0.0,1.0,0.0,0.0,0.0,1.0,0.0,0.0,0.0,,,,,,,,,,,,,,,,,,,,,,,,,,,,,,,,,,,,,,,,,,,,,,,,,,,,,,,,,,,,,0.0,0.0,,,,,,,,,,,,,,,,,,,,,,,,,,,,,,,,,,,1.7705297792452137,1552,90
2026-27,football,Conference of New England (CCC),ccc,New England College,"Philbrook,Gavin",Gavin,Philbrook,,467,"Philbrook,Gavin","PHILBROOK,GAVIN",New England College,NEC,694-3892,4,4,7,7,0,0,DB,0,,,,,,,,0.0,8.0,16.0,24.0,24.0,0.5,0.0,0.0,0.0,1.0,2.0,0.0,0.0,0.0,0.0,1.0,0.0,0.0,0.0,0.0,0.0,0.0,0.0,1.0,,,,,,,,,,,,,,,,,,,,,,,,,,,,,,,,,,,,,,,,,,,,,,,,,,,,,,,,,,,,,,,,,,,,,,,,,,,,,,,,,,,,,,,,,,,,,,,,,1.7417416942969588,1569,90
2026-27,football,Conference of New England (CCC),ccc,Endicott College,"Leone,Mat",Mat,Leone,,8981,"Leone,Mat","LEONE,MAT",Endicott College,ECM,0,4,4,16,16,0,WR,0,0,,,,,,,,0.0,0.0,1.0,1.0,1.0,0.0,0.0,0.0,0.0,0.0,0.0,0.0,0.0,0.0,0.0,0.0,0.0,0.0,0.0,0.0,0.0,0.0,0.0,0.0,,,,,,,,,,,13.0,213.0,2.0,70.0,16.4,,0.0,2.0,0.0,0.0,0.0,0.0,0.0,0.0,0.0,12.0,12.0,3.0,,,,,,,,,,,,,,,,,,,,,,,,,,,,,,,,,,,,,,,,,,,,,,,,,,,,,,,,,,,,,,,,,,,,,1.7019392861136309,1582,90
2026-27,football,Conference of New England (CCC),ccc,University of New England,"Temple,Hunter",Hunter,Temple,,1255,"Temple,Hunter","TEMPLE,HUNTER",University of New England,UNE,990-3048,4,4,2,2D,0,0,DB,0,,,,,,,,0.0,10.0,5.0,15.0,15.0,0.0,0.0,0.0,0.0,0.0,0.0,0.0,0.0,0.0,0.0,3.0,0.0,0.0,0.0,0.0,0.0,0.0,0.0,3.0,,,,,,,,,,,,,,,,,,,,,,,,,,,,,,,,,,,,,,,,,,,,,,,,,,,,,,,,,,,,,,,,,,,,,,,,,,,,,,,,,,,,,,,,,,,,,,,,,1.7005112919159828,1583,90
2026-27,football,Conference of New England (CCC),ccc,Maine Maritime Academy,Auston Harris,Auston,Harris,,378,Auston Harris,"HARRIS,AUSTON",Maine Maritime Academy,MEM,1208-2033,3,2,4,4,0,0,0,0,,,,,,,,0.0,1.0,0.0,1.0,1.0,1.0,0.0,0.0,1.0,0.0,3.0,0.0,0.0,0.0,0.0,0.0,0.0,0.0,0.0,0.0,0.0,0.0,0.0,0.0,,,,,,,,,,,15.0,157.0,2.0,36.0,10.5,,0.0,2.0,0.0,0.0,0.0,0.0,0.0,0.0,0.0,12.0,12.0,4.0,44.0,149.0,161.0,12.0,0.0,13.0,3.4,49.7,,,,,,,,,,,,,,,,,,,,,,,,,1.0,1.0,,,,,,,,,,,,,,,,,,,,,,,,,,,,,,,,,,,1.6694626481213746,1592,90
2026-27,football,Conference of New England (CCC),ccc,Nichols College,"Cook,Nate",Nate,Cook,,484,"Cook,Nate","COOK,NATE",Nichols College,NIC,695-5194,4,4,28,28,0,0,LB,0,,,,,,,,0.0,5.0,6.0,11.0,11.0,1.0,0.0,0.0,1.0,0.0,1.0,1.0,1.0,0.0,1.0,0.0,0.0,0.0,0.0,0.0,0.0,0.0,0.0,0.0,,,,,,,,,,,,,,,,,,,,,,,,,,,,,,,,,,,,,,,,,,,,,,,,,,,,,,,,,,,,,,,,,,,,,,,,,,,,,,,,,,,,,,,,,,,,,,,,,1.6675232624728509,1596,90
2026-27,football,Conference of New England (CCC),ccc,Western New England University,"Russo,Gavin",Gavin,Russo,,775,"Russo,Gavin","RUSSO,GAVIN",Western New England University,WNE,1022-3943,4,4,44,44,0,0,DL,0,,,,,,,,0.0,6.0,13.0,19.0,19.0,2.0,0.0,0.0,1.0,2.0,7.0,0.0,0.0,0.0,0.0,0.0,0.0,0.0,0.0,0.0,0.0,0.0,0.0,0.0,,,,,,,,,,,,,,,,,,,,,,,,,,,,,,,,,,,,,,,,,,,,,,,,,,,,,,,,,,,,,,,,,,,,,,,,,,,,,,,,,,,,,,,,,,,,,,,,,1.5111385824382808,1677,89
2026-27,football,Conference of New England (CCC),ccc,University of New England,"Boyd,Jaydin",Jaydin,Boyd,,1255,"Boyd,Jaydin","BOYD,JAYDIN",University of New England,UNE,990-3186,4,0,5,5D,0,0,DB,0,,,,,,,,0.0,12.0,1.0,13.0,13.0,1.0,0.0,0.0,1.0,0.0,3.0,0.0,0.0,0.0,0.0,2.0,0.0,0.0,0.0,0.0,0.0,0.0,0.0,2.0,,,,,,,,,,,,,,,,,,,,,,,,,,,,,,,,,,,,,,,,,,,,,,,,,,,,,,,,,,,,,,,,,,,,,,,,,,,,,,,,,,,,,,,,,,,,,,,,,1.490794704174073,1685,89
2026-27,football,Conference of New England (CCC),ccc,New England College,"Taylor,CJ",CJ,Taylor,,467,"Taylor,CJ","TAYLOR,CJ",New England College,NEC,694-3660,4,4,2,2,0,0,DB,0,,,,,,,,0.0,8.0,5.0,13.0,13.0,1.0,0.0,0.0,1.0,0.0,10.0,0.0,0.0,0.0,0.0,2.0,0.0,0.0,0.0,0.0,0.0,0.0,0.0,2.0,,,,,,,,,,,,,,,,,,,,,,,,,,,,,,,,,,,,,,,,,,,,,,,,,,,,,,,,,,,,,,,,,,,,,,,,,,,,,,,,,,,,,,,,,,,,,,,,,1.490794704174073,1687,89
2026-27,football,Conference of New England (CCC),ccc,University of New England,"Willis,Javin",Javin,Willis,,1255,"Willis,Javin","WILLIS,JAVIN",University of New England,UNE,990-2850,4,0,11,11,0,RB,0,0,,,,,,,,0.0,0.0,0.0,0.0,0.0,0.0,0.0,0.0,0.0,0.0,0.0,0.0,0.0,0.0,0.0,0.0,0.0,0.0,0.0,0.0,0.0,0.0,0.0,0.0,,,,,,,,,,,5.0,24.0,1.0,22.0,4.8,,0.0,4.0,0.0,0.0,0.0,0.0,0.0,0.0,0.0,24.0,24.0,6.0,37.0,190.0,199.0,9.0,3.0,31.0,5.1,47.5,,,,,,,,,,,,,,,,,,,,,,,,,,,1.0,23.0,23.0,0.0,0.0,0.0,0.0,0.0,23.0,,8.0,148.0,0.0,22.0,18.5,,,,,,,,,,,,,,,,,,,,1.4773852853892275,1692,89
2026-27,football,Conference of New England (CCC),ccc,University of New England,"Carlson,Quinn",Quinn,Carlson,,1255,"Carlson,Quinn","CARLSON,QUINN",University of New England,UNE,990-3011,4,4,10,10,0,WR,0,0,,,,,,,,0.0,0.0,0.0,0.0,0.0,0.0,0.0,0.0,0.0,0.0,0.0,0.0,0.0,0.0,0.0,0.0,0.0,0.0,0.0,0.0,0.0,0.0,0.0,0.0,,,,,,,,,,,8.0,130.0,3.0,30.0,16.3,,0.0,3.0,0.0,0.0,0.0,0.0,0.0,0.0,0.0,18.0,18.0,4.5,,,,,,,,,,,,,,,,,,,,,,,,,,,,,,,,,,,,,,,,,,,,,,,,,,,,,,,,,,,,,,,,,,,,,1.4357645811861868,1716,89
2026-27,football,Conference of New England (CCC),ccc,Western New England University,"LaMontagne,Matt",Matt,LaMontagne,,775,"LaMontagne,Matt","LAMONTAGNE,MATT",Western New England University,WNE,1022-3935,3,3,6,6,0,RB,0,0,,,,,,,,0.0,1.0,0.0,1.0,1.0,0.0,0.0,0.0,0.0,0.0,0.0,0.0,0.0,0.0,0.0,0.0,0.0,0.0,0.0,0.0,0.0,0.0,0.0,0.0,,,,,,,,,,,1.0,0.0,0.0,0.0,0.0,,0.0,3.0,0.0,0.0,0.0,0.0,0.0,0.0,0.0,18.0,18.0,6.0,42.0,214.0,218.0,4.0,3.0,22.0,5.1,71.3,,,,,,,,,,,,,,,,,,,,,,,,,,,,,,,,,,,,,,,,,,,,,,,,,,,,,,,,,,,,,1.3616796505164055,1764,89
2026-27,football,Conference of New England (CCC),ccc,Endicott College,"Charles,Kennedy",Kennedy,Charles,,8981,"Charles,Kennedy","CHARLES,KENNEDY",Endicott College,ECM,0,3,2,2,2,0,WR,0,0,,,,,,,,0.0,0.0,0.0,0.0,0.0,0.0,0.0,0.0,0.0,0.0,0.0,0.0,0.0,0.0,0.0,0.0,0.0,0.0,0.0,0.0,0.0,0.0,0.0,0.0,,,,,,,,,,,13.0,206.0,3.0,62.0,15.8,,0.0,3.0,0.0,0.0,0.0,0.0,0.0,0.0,0.0,18.0,18.0,6.0,1.0,20.0,20.0,0.0,0.0,20.0,20.0,6.7,,,,,,,,,,,,,,,,,,,,,,,,,,,,,,,,,,,,,2.0,30.0,0.0,21.0,15.0,,,,,,,,,,,,,,,,,,,,1.3217620306854203,1778,89
2026-27,football,Conference of New England (CCC),ccc,Endicott College,"Ferguson,Nick",Nick,Ferguson,,8981,"Ferguson,Nick","FERGUSON,NICK",Endicott College,ECM,0,4,3,9,9,0,0,DL,0,,,,,,,,0.0,7.0,10.0,17.0,17.0,2.0,0.0,0.0,1.0,2.0,3.0,0.0,0.0,0.0,0.0,0.0,0.0,0.0,0.0,0.0,0.0,0.0,0.0,0.0,,,,,,,,,,,,,,,,,,,,,,,,,,,,,,,,,,,,,,,,,,,,,,,,,,,,,,,,,,,,,,,,,,,,,,,,,,,,,,,,,,,,,,,,,,,,,,,,,1.312136579681036,1784,89
2026-27,football,Conference of New England (CCC),ccc,Curry College,Sanderson Wesley,Sanderson,Wesley,,170,Sanderson Wesley,"SANDERSON,W",Curry College,CUR,0,4,2,41,41,0,0,0,0,,,,,,,,0.0,11.0,7.0,18.0,18.0,0.0,0.0,0.0,0.0,0.0,0.0,0.0,0.0,0.0,0.0,1.0,0.0,0.0,0.0,0.0,1.0,0.0,0.0,1.0,,,,,,,,,,,,,,,,,,,,,,,,,,,,,,,,,,,,,,,,,,,,,,,,,,,,,,,,,,,,,0.0,0.0,,,,,,,,,,,,,,,,,,,,,,,,,,,,,,,,,,,1.2837393573367648,1796,89
2026-27,football,Conference of New England (CCC),ccc,Curry College,Mcallister Travis,Mcallister,Travis,,170,Mcallister Travis,"MCALLISTER,T",Curry College,CUR,0,4,4,22,22,0,0,DB,0,,,,,,,,0.0,11.0,11.0,22.0,22.0,0.0,0.0,0.0,0.0,0.0,0.0,0.0,0.0,0.0,0.0,1.0,0.0,0.0,0.0,0.0,0.0,0.0,0.0,1.0,,,,,,,,,,,,,,,,,,,,,,,,,,,,,,,,,,,,,,,,,,,,,,,,,,,,,,,,,,,,,,,,,,,,,,,,,,,,,,,,,,,,,,,,,,,,,,,,,1.2651232115206148,1820,89
2026-27,football,Conference of New England (CCC),ccc,University of New England,"France,Tajardo",Tajardo,France,,1255,"France,Tajardo","FRANCE,TAJARDO",University of New England,UNE,990-3017,4,0,13,1F,0,0,DB,0,,,,,,,,0.0,13.0,9.0,22.0,22.0,1.0,0.0,0.0,1.0,0.0,3.0,0.0,0.0,0.0,0.0,0.0,0.0,0.0,0.0,0.0,0.0,0.0,0.0,0.0,,,,,,,,,,,,,,,,,,,,,,,,,,,,,,,,,,,,,,,,,,,,,,,,,,,,,,,,,,,,,,,,,,,,,,,,,,,,,,,,,,,,,,,,,,,,,,,,,1.2544086265359506,1828,89
2026-27,football,Conference of New England (CCC),ccc,University of New England,"Cardoso,Ben",Ben,Cardoso,,1255,"Cardoso,Ben","CARDOSO,BEN",University of New England,UNE,990-3010,4,4,10,1C,0,0,DB,0,,,,,,,,0.0,7.0,12.0,19.0,19.0,0.5,0.0,0.0,0.0,1.0,1.0,0.0,0.0,0.0,0.0,1.0,0.0,0.0,0.0,0.0,0.0,0.0,0.0,1.0,,,,,,,,,,,,,,,,,,,,,,,,,,,,,,,,,,,,,,,,,,,,,,,,,,,,,,,,,,,,,,,,,,,,,,,,,,,,,,,,,,,,,,,,,,,,,,,,,1.2442366874038462,1838,89
2026-27,football,Conference of New England (CCC),ccc,Endicott College,"Shannon,Will",Will,Shannon,,8981,"Shannon,Will","SHANNON,WILL",Endicott College,ECM,0,4,4,30,30,0,0,DB,0,,,,,,,,0.0,12.0,4.0,16.0,16.0,0.0,0.0,0.0,0.0,0.0,0.0,0.0,0.0,0.0,0.0,2.0,0.0,0.0,0.0,0.0,0.0,0.0,0.0,2.0,,,,,,,,,,,,,,,,,,,,,,,,,,,,,,,,,,,,,,,,,,,,,,,,,,,,,,,,,,,,,,,,,,,,,,,,,,,,,,,,,,,,,,,,,,,,,,,,,1.2340647482717424,1847,89
2026-27,football,Conference of New England (CCC),ccc,Curry College,Monbleau Michael,Monbleau,Michael,,170,Monbleau Michael,"MONBLEAU,M",Curry College,CUR,0,4,3,33,33,0,0,LB,0,,,,,,,,0.0,14.0,13.0,27.0,27.0,0.0,0.0,0.0,0.0,0.0,0.0,0.0,0.0,0.0,0.0,0.0,0.0,0.0,0.0,0.0,0.0,0.0,0.0,0.0,,,,,,,,,,,,,,,,,,,,,,,,,,,,,,,,,,,,,,,,,,,,,,,,,,,,,,,,,,,,,,,,,,,,,,,,,,,,,,,,,,,,,,,,,,,,,,,,,1.1966806733908648,1866,89
2026-27,football,Conference of New England (CCC),ccc,Husson University,"Lenz,Jacob",Jacob,Lenz,,1133,"Lenz,Jacob","LENZ,JACOB",Husson University,HUS,1201-3789,4,4,5,5,0,WR,0,0,,,,,,,,0.0,0.0,1.0,1.0,1.0,0.0,0.0,0.0,0.0,0.0,0.0,0.0,0.0,0.0,0.0,0.0,0.0,0.0,0.0,0.0,0.0,0.0,0.0,0.0,,,,,,,,,,,17.0,234.0,1.0,31.0,13.8,,0.0,1.0,0.0,0.0,0.0,0.0,0.0,0.0,0.0,6.0,6.0,1.5,,,,,,,,,,,,,,,,,,,,,,,,,,,,,,,,,,,,,,,,,,,,,,,,,,,,,,,,,,,,,,,,,,,,,1.1431154250362183,1902,89
2026-27,football,Conference of New England (CCC),ccc,Husson University,"Davis,Brett",Brett,Davis,,1133,"Davis,Brett","DAVIS,BRETT",Husson University,HUS,1201-3775,4,1,3,3,0,WR,0,0,,,,,,,,0.0,2.0,1.0,3.0,3.0,0.0,0.0,0.0,0.0,0.0,0.0,0.0,0.0,0.0,0.0,0.0,0.0,0.0,0.0,0.0,0.0,0.0,0.0,0.0,,,,,,,,,,,8.0,75.0,2.0,31.0,9.4,,0.0,2.0,0.0,0.0,0.0,0.0,0.0,0.0,0.0,12.0,12.0,3.0,,,,,,,,,,,,,,,,,,,,,,,,,,,,,,,,,,,,,,,,,,,,,8.0,155.0,0.0,26.0,19.4,,,,,,,,,,,,,,,3.0,58.0,0.0,34.0,19.3,1.0964425307521193,1924,89
2026-27,football,Conference of New England (CCC),ccc,New England College,"Draper,Justin",Justin,Draper,,467,"Draper,Justin","DRAPER,JUSTIN",New England College,NEC,694-3903,2,0,41,,0,0,DB,0,,,,,,,,0.0,4.0,1.0,5.0,5.0,1.0,0.0,0.0,1.0,0.0,13.0,1.0,1.0,0.0,13.0,0.0,0.0,2.0,0.0,0.0,0.0,0.0,0.0,0.0,,,,,,,,,,,,,,,,,,,,,,,,,,,,,,,,,,,,,,,,,,,,,,,,,,,,,,,,,,,,,,,,,,,,,,,,,,,,,,,,,,,,,,,,,,,,,,,,,1.070517254201116,1952,88
2026-27,football,Conference of New England (CCC),ccc,Endicott College,"Bridgewater,Markys",Markys,Bridgewater,,8981,"Bridgewater,Markys","BRIDGEWATER,MARKYS",Endicott College,ECM,0,4,3,1,1,0,RB,0,0,,,,,,,,0.0,0.0,0.0,0.0,0.0,0.0,0.0,0.0,0.0,0.0,0.0,0.0,0.0,0.0,0.0,0.0,0.0,0.0,0.0,0.0,0.0,0.0,0.0,0.0,,,,,,,,,,,4.0,24.0,0.0,20.0,6.0,,0.0,2.0,0.0,0.0,0.0,0.0,0.0,0.0,0.0,12.0,12.0,3.0,52.0,304.0,333.0,29.0,2.0,40.0,5.8,76.0,,,,,,,,,,,,,,,,,,,,,,,,,1.0,1.0,,,,,,,,,,,2.0,39.0,0.0,21.0,19.5,,,,,,,,,,,,,,,,,,,,1.0609367298309549,1965,88
2026-27,football,Conference of New England (CCC),ccc,University of New England,"Nicholson,Brody",Brody,Nicholson,,1255,"Nicholson,Brody","NICHOLSON,BRODY",University of New England,UNE,990-3368,3,0,58,58,0,0,DL,0,,,,,,,,0.0,1.0,3.0,4.0,4.0,1.0,0.0,0.0,1.0,0.0,3.0,1.0,1.0,0.0,3.0,0.0,0.0,0.0,0.0,0.0,0.0,0.0,0.0,0.0,,,,,,,,,,,,,,,,,,,,,,,,,,,,,,,,,,,,,,,,,,,,,,,,,,,,,,,,,,,,,,,,,,,,,,,,,,,,,,,,,,,,,,,,,,,,,,,,,0.9710162528224932,2027,88
2026-27,football,Conference of New England (CCC),ccc,Maine Maritime Academy,Anthony Mazza,Anthony,Mazza,,378,Anthony Mazza,"MAZZA,ANTHONY",Maine Maritime Academy,MEM,1208-2507,3,2,17,17,0,0,0,0,,,,,,,,0.0,12.0,12.0,24.0,24.0,0.0,0.0,0.0,0.0,0.0,0.0,0.0,0.0,0.0,0.0,0.0,0.0,0.0,0.0,0.0,0.0,0.0,0.0,0.0,,,,,,,,,,,,,,,,,,,,,,,,,,,,,,,,,,,,,,,,,,,,,,,,,,,,,,,,,,,,,,,,,,,,,,,,,,,,,,,,,,,,,,,,,,,,,,,,,0.898177669254997,2092,88
2026-27,football,Conference of New England (CCC),ccc,Western New England University,"Ferrara,Dimaggio",Dimaggio,Ferrara,,775,"Ferrara,Dimaggio","FERRARA,DIMAGGIO",Western New England University,WNE,1022-4491,4,4,53,53,0,0,LB,0,,,,,,,,0.0,9.0,9.0,18.0,18.0,1.0,0.0,0.0,0.0,2.0,2.0,0.0,0.0,0.0,0.0,0.0,0.0,0.0,0.0,0.0,0.0,0.0,0.0,0.0,,,,,,,,,,,,,,,,,,,,,,,,,,,,,,,,,,,,,,,,,,,,,,,,,,,,,,,,,,,,,,,,,,,,,,,,,,,,,,,,,,,,,,,,,,,,,,,,,0.8564046210214602,2144,88
2026-27,football,Conference of New England (CCC),ccc,Curry College,Delucia Pasquale,Delucia,Pasquale,,170,Delucia Pasquale,"DELUCIA,P",Curry College,CUR,0,4,1,18,18,0,0,0,0,,,,,,,,0.0,3.0,9.0,12.0,12.0,1.0,0.0,0.0,1.0,0.0,2.0,0.0,0.0,0.0,0.0,1.0,0.0,0.0,0.0,0.0,0.0,0.0,0.0,1.0,,,,,,,,,,,,,,,,,,,,,,,,,,,,,,,,,,,,,,,,,,,,,,,,,,,,,,,,,,,,,,,,,,,,,,,,,,,,,,,,,,,,,,,,,,,,,,,,,0.8253461577725879,2166,88
2026-27,football,Conference of New England (CCC),ccc,Maine Maritime Academy,Connor Cuba,Connor,Cuba,,378,Connor Cuba,"CUBA,CONNOR",Maine Maritime Academy,MEM,1208-2329,3,2,3,3,0,0,0,0,,,,,,,,0.0,7.0,13.0,20.0,20.0,0.5,0.0,0.0,0.0,1.0,1.0,0.0,0.0,0.0,0.0,0.0,0.0,1.0,0.0,0.0,0.0,0.0,0.0,0.0,,,,,,,,,,,,,,,,,,,,,,,,,,,,,,,,,,,,,,,,,,,,,,,,,,,,,,,,,,,,,,,,,,,,,,,,,,,,,,,,,,,,,,,,,,,,,,,,,0.7777901437596064,2205,88
2026-27,football,Conference of New England (CCC),ccc,Curry College,Jaden Doman,Jaden,Doman,,170,Jaden Doman,"DOMAN,JADEN",Curry College,CUR,0,3,0,89,89,0,0,0,0,,,,,,,,0.0,2.0,0.0,2.0,2.0,1.0,0.0,0.0,1.0,0.0,23.0,1.0,1.0,0.0,23.0,0.0,0.0,0.0,0.0,0.0,0.0,0.0,0.0,0.0,,,,,,,,,,,,,,,,,,,,,,,,,,,,,,,,,,,,,,,,,,,,,,,,,,,,,,,,,,,,,,,,,,,,,,,,,,,,,,,,,,,,,,,,,,,,,,,,,0.772014250065248,2219,88
2026-27,football,Conference of New England (CCC),ccc,Nichols College,"Lopez,Ryan",Ryan,Lopez,,484,"Lopez,Ryan","LOPEZ,RYAN",Nichols College,NIC,695-5218,4,0,53,53,0,0,LB,0,,,,,,,,0.0,2.0,0.0,2.0,2.0,1.0,0.0,0.0,1.0,0.0,0.0,1.0,1.0,0.0,0.0,0.0,0.0,0.0,0.0,0.0,0.0,0.0,0.0,0.0,,,,,,,,,,,,,,,,,,,,,,,,,,,,,,,,,,,,,,,,,,,,,,,,,,,,,,,,,,,,,,,,,,,,,,,,,,,,,,,,,,,,,,,,,,,,,,,,,0.772014250065248,2220,88
2026-27,football,Conference of New England (CCC),ccc,Curry College,Ryan Yates,Ryan,Yates,,170,Ryan Yates,"YATES,RYAN",Curry College,CUR,0,4,4,99,99,0,0,DL,0,,,,,,,,0.0,6.0,2.0,8.0,8.0,1.5,0.0,0.0,1.0,1.0,3.0,0.0,0.0,0.0,0.0,1.0,0.0,0.0,0.0,0.0,0.0,0.0,0.0,1.0,,,,,,,,,,,,,,,,,,,,,,,,,,,,,,,,,,,,,,,,,,,,,,,,,,,,,,,,,,,,,,,,,,,,,,,,,,,,,,,,,,,,,,,,,,,,,,,,,0.7049586322771968,2275,87
2026-27,football,Conference of New England (CCC),ccc,Western New England University,"De Camps,John",John,De Camps,,775,"De Camps,John","DE CAMPS,JOHN",Western New England University,WNE,1022-3953,4,4,1,1,0,WR,0,0,,,,,,,,,,,,,,,,,,,,,,,,,,,,,,,,,,,,,,,,,,7.0,146.0,0.0,37.0,20.9,,,,,,,,,,,,,,,,,,,,,,,,,,,,,,,,,,,,,,,,,,,,,,,,,,,,,,,,,,,,,,,,,,,,,,,,,,,,,,,,,,0.6991654015047154,2282,87
2026-27,football,Conference of New England (CCC),ccc,Curry College,"Vasquez-Bastardo,Eli",Eli,Vasquez-Bastardo,,170,"Vasquez-Bastardo,Eli","VASQUEZ-BASTARDO,ELI",Curry College,CUR,0,3,3,98,98,0,0,DL,0,,,,,,,,0.0,6.0,6.0,12.0,12.0,0.0,0.0,0.0,0.0,0.0,0.0,0.0,0.0,0.0,0.0,1.0,1.0,0.0,0.0,0.0,1.0,99.0,0.0,1.0,,,,,,,,,,,,,,,,,0.0,1.0,0.0,0.0,0.0,0.0,0.0,0.0,0.0,6.0,6.0,2.0,,,,,,,,,,,,,,,,,,,,,,,,,,,,,,,,,0.0,0.0,,,,,,,,,,,,,,,,,,,,,1.0,99.0,1.0,99.0,,,,,,,,,,,0.68673334906503,2296,87
2026-27,football,Conference of New England (CCC),ccc,Curry College,Jaden Scott,Jaden,Scott,,170,Jaden Scott,"SCOTT,JADEN",Curry College,CUR,0,3,3,1,1,0,0,DL,0,,,,,,,,0.0,5.0,0.0,5.0,5.0,3.0,0.0,0.0,3.0,0.0,8.0,0.0,0.0,0.0,0.0,0.0,0.0,0.0,0.0,0.0,0.0,0.0,0.0,0.0,,,,,,,,,,,,,,,,,,,,,,,,,,,,,,,,,,,,,,,,,,,,,,,,,,,,,,,,,,,,,,,,,,,,,,,,,,,,,,,,,,,,,,,,,,,,,,,,,0.6733575231757638,2304,87
2026-27,football,Conference of New England (CCC),ccc,University of New England,"Weldon,Hunter",Hunter,Weldon,,1255,"Weldon,Hunter","WELDON,HUNTER",University of New England,UNE,990-2849,2,0,98,98,0,0,DL,0,,,,,,,,0.0,1.0,0.0,1.0,1.0,1.0,0.0,0.0,1.0,0.0,1.0,1.0,1.0,0.0,1.0,0.0,0.0,0.0,0.0,0.0,0.0,0.0,0.0,0.0,,,,,,,,,,,,,,,,,,,,,,,,,,,,,,,,,,,,,,,,,,,,,,,,,,,,,,,,,,,,,,,,,,,,,,,,,,,,,,,,,,,,,,,,,,,,,,,,,0.6725132486866257,2319,87
2026-27,football,Conference of New England (CCC),ccc,Husson University,"Dube,Joseph",Joseph,Dube,,1133,"Dube,Joseph","DUBE,JOSEPH",Husson University,HUS,1201-4403,4,4,96,96,0,0,DL,0,,,,,,,,0.0,4.0,12.0,16.0,16.0,1.0,0.0,0.0,0.0,2.0,4.0,0.0,0.0,0.0,0.0,0.0,0.0,1.0,0.0,0.0,0.0,0.0,0.0,0.0,,,,,,,,,,,,,,,,,,,,,,,,,,,,,,,,,,,,,,,,,,,,,,,,,,,,,,,,,,,,,,,,,,,,,,,,,,,,,,,,,,,,,,,,,,,,,,,,,0.6574026182642152,2333,87
2026-27,football,Conference of New England (CCC),ccc,University of New England,"Grant,Jack",Jack,Grant,,1255,"Grant,Jack","GRANT,JACK",University of New England,UNE,990-3191,4,0,0,0,0,0,LB,0,,,,,,,,0.0,6.0,10.0,16.0,16.0,1.0,0.0,0.0,1.0,0.0,2.0,0.0,0.0,0.0,0.0,0.0,0.0,0.0,0.0,0.0,0.0,0.0,0.0,0.0,,,,,,,,,,,,,,,,,,,,,,,,,,,,,,,,,,,,,,,,,,,,,,,,,,,,,,,,,,,,,,,,,,,,,,,,,,,,,,,,,,,,,,,,,,,,,,,,,0.6574026182642152,2336,87
2026-27,football,Conference of New England (CCC),ccc,Nichols College,"Talley,Kahlil",Kahlil,Talley,,484,"Talley,Kahlil","TALLEY,KAHLIL",Nichols College,NIC,695-5240,4,0,82,82,0,WR,0,0,,,,,,,,0.0,0.0,1.0,1.0,1.0,0.0,0.0,0.0,0.0,0.0,0.0,0.0,0.0,0.0,0.0,0.0,0.0,0.0,0.0,0.0,1.0,0.0,0.0,0.0,,,,,,,,,,,6.0,156.0,1.0,99.0,26.0,,0.0,1.0,0.0,0.0,0.0,1.0,0.0,0.0,0.0,8.0,8.0,2.0,,,,,,,,,,,,,,,,,,,,,0.0,0.0,0.0,0.0,0.0,0.0,1.0,1.0,0.0,0.0,0.0,0.0,0.0,0.0,,,,,,,,,,,,,,,,,,,,,,,,,,,,,,,,,,,0.6470128337725641,2352,87
2026-27,football,Conference of New England (CCC),ccc,University of New England,"Brennan,Luke",Luke,Brennan,,1255,"Brennan,Luke","BRENNAN,LUKE",University of New England,UNE,990-2818,4,0,27,27,0,0,LB,0,,,,,,,,0.0,5.0,5.0,10.0,10.0,1.0,0.0,0.0,1.0,0.0,3.0,0.0,0.0,0.0,0.0,1.0,0.0,1.0,0.0,0.0,0.0,0.0,0.0,1.0,,,,,,,,,,,,,,,,,,,,,,,,,,,,,,,,,,,,,,,,,,,,,,,,,,,,,,,,,,,,,,,,,,,,,,,,,,,,,,,,,,,,,,,,,,,,,,,,,0.6263441550153429,2376,87
2026-27,football,Conference of New England (CCC),ccc,University of New England,"Wonson,Ashton",Ashton,Wonson,,1255,"Wonson,Ashton","WONSON,ASHTON",University of New England,UNE,990-2852,4,4,62,62,0,0,DL,0,,,,,,,,0.0,4.0,3.0,7.0,7.0,2.5,0.0,0.0,2.0,1.0,2.0,0.0,0.0,0.0,0.0,0.0,0.0,1.0,0.0,0.0,0.0,0.0,0.0,0.0,,,,,,,,,,,,,,,,,,,,,,,,,,,,,,,,,,,,,,,,,,,,,,,,,,,,,,,,,,,,,,,,,,,,,,,,,,,,,,,,,,,,,,,,,,,,,,,,,0.5947430459139098,2408,87
2026-27,football,Conference of New England (CCC),ccc,Husson University,"Rolle,Dom",Dom,Rolle,,1133,"Rolle,Dom","ROLLE,DOM",Husson University,HUS,1201-4490,4,2,1,1A,0,WR,0,0,,,,,,,,,,,,,,,,,,,,,,,,,,,,,,,,,,,,,,,,,,8.0,99.0,0.0,30.0,12.4,,,,,,,,,,,,,,,,,,,,,,,,,,,,,,,,,,,,,,,,,,,,,,1.0,0.0,,,,,,,,,,,,,,,,,,,,,,,,,,,,,,,,,,,0.565811592554178,2430,87
2026-27,football,Conference of New England (CCC),ccc,University of New England,"Viglione,Max",Max,Viglione,,1255,"Viglione,Max","VIGLIONE,MAX",University of New England,UNE,990-3209,4,2,3,3,0,WR,0,0,,,,,,,,,,,,,,,,,,,,,,,,,,,,,,,,,,,,,,,,,,2.0,87.0,1.0,53.0,43.5,,0.0,1.0,0.0,0.0,0.0,0.0,0.0,0.0,0.0,6.0,6.0,1.5,,,,,,,,,,,,,,,,,,,,,,,,,,,,,,,,,,,,,,,,,,,,,1.0,16.0,0.0,16.0,16.0,,,,,,,,,,,,,,,,,,,,0.5493459661255309,2444,87
2026-27,football,Conference of New England (CCC),ccc,Nichols College,"Navedo,Ricardo",Ricardo,Navedo,,484,"Navedo,Ricardo","NAVEDO,RICARDO",Nichols College,NIC,695-4925,4,1,20,20,0,RB,0,0,,,,,,,,0.0,0.0,0.0,0.0,0.0,0.0,0.0,0.0,0.0,0.0,0.0,0.0,0.0,0.0,0.0,0.0,0.0,0.0,0.0,0.0,0.0,0.0,0.0,0.0,,,,,,,,,,,5.0,24.0,0.0,18.0,4.8,,0.0,2.0,0.0,0.0,0.0,0.0,0.0,0.0,0.0,12.0,12.0,3.0,63.0,245.0,259.0,14.0,2.0,19.0,3.9,61.3,,,,,,,,,,,,,,,,,,,,,,,,,1.0,1.0,,,,,,,,,,,,,,,,,,,,,,,,,,,,,,,,,,,0.525484915073996,2473,87
2026-27,football,Conference of New England (CCC),ccc,New England College,"McClurkin,Decovin",Decovin,McClurkin,,467,"McClurkin,Decovin","MCCLURKIN,DECOVIN",New England College,NEC,694-4183,3,0,97,97,0,0,DL,0,,,,,,,,0.0,3.0,6.0,9.0,9.0,2.0,0.0,0.0,2.0,0.0,3.0,0.0,0.0,0.0,0.0,0.0,0.0,0.0,0.0,0.0,0.0,0.0,0.0,0.0,,,,,,,,,,,,,,,,,,,,,,,,,,,,,,,,,,,,,,,,,,,,,,,,,,,,,,,,,,,,,,,,,,,,,,,,,,,,,,,,,,,,,,,,,,,,,,,,,0.5161285686520558,2482,87
2026-27,football,Conference of New England (CCC),ccc,Endicott College,"Rizzo,Paul",Paul,Rizzo,,8981,"Rizzo,Paul","RIZZO,PAUL",Endicott College,ECM,0,4,4,45,45,0,0,LB,0,,,,,,,,0.0,11.0,9.0,20.0,20.0,0.0,0.0,0.0,0.0,0.0,0.0,0.0,0.0,0.0,0.0,0.0,0.0,0.0,0.0,0.0,0.0,0.0,0.0,0.0,,,,,,,,,,,,,,,,,,,,,,,,,,,,,,,,,,,,,,,,,,,,,,,,,,,,,,,,,,,,,,,,,,,,,,,,,,,,,,,,,,,,,,,,,,,,,,,,,0.5001736637405072,2495,87
2026-27,football,Conference of New England (CCC),ccc,Nichols College,"Samuel,AJ",AJ,Samuel,,484,"Samuel,AJ","SAMUEL,AJ",Nichols College,NIC,695-4364,4,4,99,99,0,0,DL,0,,,,,,,,0.0,5.0,9.0,14.0,14.0,1.0,0.0,0.0,1.0,0.0,2.0,0.0,0.0,0.0,0.0,0.0,0.0,0.0,0.0,0.0,0.0,0.0,0.0,0.0,,,,,,,,,,,,,,,,,,,,,,,,,,,,,,,,,,,,,,,,,,,,,,,,,,,,,,,,,,,,,,,,,,,,,,,,,,,,,,,,,,,,,,,,,,,,,,,,,0.4584006155069701,2523,86
2026-27,football,Conference of New England (CCC),ccc,Nichols College,"Gincastro,Noah",Noah,Gincastro,,484,"Gincastro,Noah","GINCASTRO,NOAH",Nichols College,NIC,695-4947,4,4,11,11,0,WR,0,0,,,,,,,,0.0,0.0,1.0,1.0,1.0,0.0,0.0,0.0,0.0,0.0,0.0,0.0,0.0,0.0,0.0,0.0,0.0,0.0,0.0,0.0,0.0,0.0,0.0,0.0,,,,,,,,,,,10.0,191.0,1.0,72.0,19.1,,0.0,1.0,0.0,0.0,0.0,2.0,0.0,0.0,0.0,10.0,10.0,2.5,,,,,,,,,,,,,,,,,,,,,,,,,,,,,,,,,,,,,,,,,,,,,1.0,27.0,0.0,27.0,27.0,,,,,,,,,,,,,,,,,,,,0.4387387684453289,2538,86
2026-27,football,Conference of New England (CCC),ccc,Curry College,"Chaplin II,Kareem",Kareem,Chaplin II,,170,"Chaplin II,Kareem","CHAPLIN II,KAREEM",Curry College,CUR,0,3,3,29,29,0,WR,0,0,,,,,,,,0.0,0.0,0.0,0.0,0.0,0.0,0.0,0.0,0.0,0.0,0.0,0.0,0.0,0.0,0.0,0.0,0.0,0.0,0.0,0.0,0.0,0.0,0.0,0.0,,,,,,,,,,,8.0,154.0,2.0,36.0,19.3,,0.0,3.0,0.0,0.0,0.0,0.0,0.0,0.0,0.0,18.0,18.0,6.0,1.0,-4.0,0.0,4.0,0.0,0.0,-4.0,-1.3,,,,,,,,,,,,,,,,,,,,,,,,,,,,,,,,,,,,,8.0,169.0,1.0,80.0,21.1,,,,,,,,,,,,,,,,,,,,0.4301629647448967,2553,86
2026-27,football,Conference of New England (CCC),ccc,Western New England University,"Malone,Joe",Joe,Malone,,775,"Malone,Joe","MALONE,JOE",Western New England University,WNE,1022-4492,3,0,55,5E,0,0,DL,0,,,,,,,,0.0,4.0,1.0,5.0,5.0,2.5,0.0,0.0,2.0,1.0,7.0,0.0,0.0,0.0,0.0,0.0,0.0,0.0,0.0,0.0,0.0,0.0,0.0,0.0,,,,,,,,,,,,,,,,,,,,,,,,,,,,,,,,,,,,,,,,,,,,,,,,,,,,,,,,,,,,,,,,,,,,,,,,,,,,,,,,,,,,,,,,,,,,,,,,,0.3957410431566647,2585,86
2026-27,football,Conference of New England (CCC),ccc,Western New England University,"DuTremble,Sean",Sean,DuTremble,,775,"DuTremble,Sean","DUTREMBLE,SEAN",Western New England University,WNE,1022-4151,4,4,97,97,0,0,DL,0,,,,,,,,0.0,3.0,7.0,10.0,10.0,1.5,0.0,0.0,1.0,1.0,3.0,0.0,0.0,0.0,0.0,0.0,0.0,1.0,0.0,0.0,0.0,0.0,0.0,0.0,,,,,,,,,,,,,,,,,,,,,,,,,,,,,,,,,,,,,,,,,,,,,,,,,,,,,,,,,,,,,,,,,,,,,,,,,,,,,,,,,,,,,,,,,,,,,,,,,0.3380130900115791,2643,86
2026-27,football,Conference of New England (CCC),ccc,Curry College,Elia Bahuma,Elia,Bahuma,,170,Elia Bahuma,"BAHUMA,ELIA",Curry College,CUR,0,4,0,5,5,0,0,0,0,,,,,,,,0.0,1.0,0.0,1.0,1.0,0.0,0.0,0.0,0.0,0.0,0.0,0.0,0.0,0.0,0.0,0.0,0.0,0.0,0.0,0.0,0.0,0.0,0.0,0.0,,,,,,,,,,,,,,,,,0.0,1.0,0.0,0.0,0.0,0.0,0.0,0.0,0.0,6.0,6.0,1.5,26.0,174.0,180.0,6.0,1.0,50.0,6.7,43.5,,,,,,,,,,,,,,,,,,,,,,,,,,,,,,,,,,,,,,,,,,,,,,,,,,,,,,,,,,,,,0.3289689575052192,2653,86
2026-27,football,Conference of New England (CCC),ccc,Maine Maritime Academy,Theo Blanke,Theo,Blanke,,378,Theo Blanke,"BLANKE,THEO",Maine Maritime Academy,MEM,1208-2202,3,2,54,54,0,0,0,0,,,,,,,,0.0,5.0,13.0,18.0,18.0,0.0,0.0,0.0,0.0,0.0,0.0,0.0,0.0,0.0,0.0,0.0,0.0,0.0,0.0,0.0,0.0,0.0,0.0,0.0,,,,,,,,,,,,,,,,,,,,,,,,,,,,,,,,,,,,,,,,,,,,,,,,,,,,,,,,,,,,,,,,,,,,,,,,,,,,,,,,,,,,,,,,,,,,,,,,,0.3011716609832619,2692,86
2026-27,football,Conference of New England (CCC),ccc,Nichols College,"Foynes,Nick",Nick,Foynes,,484,"Foynes,Nick","FOYNES,NICK",Nichols College,NIC,695-4636,4,0,56,56,0,0,0,0,,,,,,,,,,,,,,,,,,,,,,,,,,,,,,,,,,,,,,,,,,,,,,,,,,,,,,,,,,,,,,,,,,,,,,,,,,,,,,,,,,,,,,,,,,,,,,22.0,817.0,58.0,0.0,0.0,5.0,1.0,4.0,37.1,,,,,,,,,,,,,,,,,,,,,,,,,,0.2588598711939391,2721,86
2026-27,football,Conference of New England (CCC),ccc,Nichols College,"Lato,Brett",Brett,Lato,,484,"Lato,Brett","LATO,BRETT",Nichols College,NIC,695-5217,4,0,87,87,0,TE,0,0,,,,,,,,0.0,0.0,0.0,0.0,0.0,0.0,0.0,0.0,0.0,0.0,0.0,0.0,0.0,0.0,0.0,0.0,0.0,0.0,0.0,0.0,0.0,0.0,0.0,0.0,,,,,,,,,,,9.0,96.0,2.0,20.0,10.7,,0.0,2.0,0.0,0.0,0.0,0.0,0.0,0.0,0.0,12.0,12.0,3.0,,,,,,,,,,,,,,,,,,,,,,,,,,,,,,,,,,,,,,,,,,,,,,,,,,,,,,,,,,,,,,,,,,,,,0.2333541708435668,2758,86
2026-27,football,Conference of New England (CCC),ccc,University of New England,"Sherck,Spencer",Spencer,Sherck,,1255,"Sherck,Spencer","SHERCK,SPENCER",University of New England,UNE,990-2845,4,4,37,37,0,0,DB,0,,,,,,,,0.0,9.0,8.0,17.0,17.0,0.0,0.0,0.0,0.0,0.0,0.0,0.0,0.0,0.0,0.0,0.0,0.0,0.0,0.0,0.0,0.0,0.0,0.0,0.0,,,,,,,,,,,,,,,,,,,,,,,,,,,,,,,,,,,,,,,,,,,,,,,,,,,,,,,,,,,,,,,,,,,,,,,,,,,,,,,,,,,,,,,,,,,,,,,,,0.2016706596046393,2788,86
2026-27,football,Conference of New England (CCC),ccc,Nichols College,"Lumpkin,Zay",Zay,Lumpkin,,484,"Lumpkin,Zay","LUMPKIN,ZAY",Nichols College,NIC,695-5219,3,3,21,2B,0,0,DB,0,,,,,,,,0.0,6.0,5.0,11.0,11.0,0.0,0.0,0.0,0.0,0.0,0.0,0.0,0.0,0.0,0.0,1.0,0.0,0.0,0.0,0.0,0.0,0.0,0.0,1.0,,,,,,,,,,,,,,,,,,,,,,,,,,,,,,,,,,,,,,,,,,,,,,,,,,,,,,,,,,,,,,,,,,,,,,,,,,,,,,,,,,,,,,,,,,,,,,,,,0.1706121963557672,2810,85
2026-27,football,Conference of New England (CCC),ccc,Nichols College,"Kehoe,Caden",Caden,Kehoe,,484,"Kehoe,Caden","KEHOE,CADEN",Nichols College,NIC,695-4604,3,0,5,5A,0,0,LB,0,,,,,,,,0.0,3.0,8.0,11.0,11.0,1.0,0.0,0.0,1.0,0.0,3.0,0.0,0.0,0.0,0.0,0.0,0.0,0.0,0.0,0.0,0.0,0.0,0.0,0.0,,,,,,,,,,,,,,,,,,,,,,,,,,,,,,,,,,,,,,,,,,,,,,,,,,,,,,,,,,,,,,,,,,,,,,,,,,,,,,,,,,,,,,,,,,,,,,,,,0.1598976113711026,2829,85
2026-27,football,Conference of New England (CCC),ccc,Maine Maritime Academy,Ty Regis,Ty,Regis,,378,Ty Regis,"REGIS,TY",Maine Maritime Academy,MEM,1208-2144,3,2,2,2,0,0,0,0,,,,,,,,,,,,,,,,,,,,,,,,,,,,,,,,,,,,,,,,,,5.0,99.0,0.0,37.0,19.8,,,,,,,,,,,,,,,,,,,,,,,,,,,,,,,,,,,,,,,,,,,,,,,,,,,,,,,,,,,,,,,,,,,,,,,,,,,,,,,,,,0.1491914412235379,2842,85
2026-27,football,Conference of New England (CCC),ccc,Western New England University,"Pulkkinen,Erik",Erik,Pulkkinen,,775,"Pulkkinen,Erik","PULKKINEN,ERIK",Western New England University,WNE,1022-4759,2,0,43,43,0,0,LB,0,,,,,,,,0.0,2.0,4.0,6.0,6.0,0.5,0.0,0.0,0.0,1.0,4.0,0.5,0.0,1.0,4.0,0.0,0.0,0.0,0.0,0.0,0.0,0.0,0.0,0.0,,,,,,,,,,,,,,,,,,,,,,,,,,,,,,,,,,,,,,,,,,,,,,,,,,,,,,,,,,,,,,,,,,,,,,,,,,,,,,,,,,,,,,,,,,,,,,,,,0.1385889500097649,2859,85
2026-27,football,Conference of New England (CCC),ccc,Endicott College,"Johnson,Will",Will,Johnson,,8981,"Johnson,Will","JOHNSON,WILL",Endicott College,ECM,0,4,0,47,47,0,0,LB,0,,,,,,,,0.0,9.0,7.0,16.0,16.0,0.0,0.0,0.0,0.0,0.0,0.0,0.0,0.0,0.0,0.0,0.0,0.0,0.0,0.0,0.0,0.0,0.0,0.0,0.0,,,,,,,,,,,,,,,,,,,,,,,,,,,,,,,,,,,,,,,,,,,,,,,,,,,,,,,,,,,,,,,,,,,,,,,,,,,,,,,,,,,,,,,,,,,,,,,,,0.1021696582260169,2887,85
2026-27,football,Conference of New England (CCC),ccc,Curry College,Nicholas Walkowski,Nicholas,Walkowski,,170,Nicholas Walkowski,"WALKOWSKI,N",Curry College,CUR,0,3,1,30,30,0,0,0,0,,,,,,,,0.0,4.0,12.0,16.0,16.0,0.0,0.0,0.0,0.0,0.0,0.0,0.0,0.0,0.0,0.0,0.0,0.0,0.0,0.0,0.0,0.0,0.0,0.0,0.0,,,,,,,,,,,,,,,,,,,,,,,,,,,,,,,,,,,,,,,,,,,,,,,,,,,,,,,,,,,,,,,,,,,,,,,,,,,,,,,,,,,,,,,,,,,,,,,,,0.1021696582260169,2890,85
2026-27,football,Conference of New England (CCC),ccc,Western New England University,"Clark,Ryan",Ryan,Clark,,775,"Clark,Ryan","CLARK,RYAN",Western New England University,WNE,1022-3942,4,0,18,18,0,0,LB,0,,,,,,,,0.0,6.0,7.0,13.0,13.0,0.5,0.0,0.0,0.0,1.0,0.0,0.0,0.0,0.0,0.0,0.0,0.0,0.0,0.0,0.0,0.0,0.0,0.0,0.0,,,,,,,,,,,,,,,,,,,,,,,,,,,,,,,,,,,,,,,,,,,,,,,,,,,,,,,,,,,,,,,,,,,,,,,,,,,,,,,,,,,,,,,,,,,,,,,,,0.0812831341092485,2907,85
2026-27,football,Conference of New England (CCC),ccc,Husson University,"Yates,Nolan",Nolan,Yates,,1133,"Yates,Nolan","YATES,NOLAN",Husson University,HUS,1201-4445,4,3,19,19,0,0,DB,0,,,,,,,,0.0,7.0,6.0,13.0,13.0,0.5,0.0,0.0,0.0,1.0,0.0,0.0,0.0,0.0,0.0,0.0,0.0,0.0,0.0,0.0,0.0,0.0,0.0,0.0,,,,,,,,,,,,,,,,,,,,,,,,,,,,,,,,,,,,,,,,,,,,,,,,,,,,,,,,,,,,,,,,,,,,,,,,,,,,,,,,,,,,,,,,,,,,,,,,,0.0812831341092485,2912,85
2026-27,football,Conference of New England (CCC),ccc,Maine Maritime Academy,Jack Coleman,Jack,Coleman,,378,Jack Coleman,"COLEMAN,JACK",Maine Maritime Academy,MEM,1208-1885,3,1,6,6,0,0,0,0,,,,,,,,0.0,5.0,5.0,10.0,10.0,0.0,0.0,0.0,0.0,0.0,0.0,0.0,0.0,0.0,0.0,1.0,0.0,0.0,0.0,0.0,0.0,0.0,0.0,1.0,,,,,,,,,,,,,,,,,,,,,,,,,,,,,,,,,,,,,,,,,,,,,,,,,,,,,,,,,,,,,,,,,,,,,,,,,,,,,,,,,,,,,,,,,,,,,,,,,0.0711111949771446,2930,85
2026-27,football,Conference of New England (CCC),ccc,Curry College,K. Chaplin II,K. Chaplin,II,,170,K. Chaplin II,"II,K CHAPLIN",Curry College,CUR,0,1,1,29,29,0,WR,0,0,,,,,,,,,,,,,,,,,,,,,,,,,,,,,,,,,,,,,,,,,,2.0,16.0,0.0,11.0,8.0,,,,,,,,,,,,,,,,,,,,,,,,,,,,,,,,,,,,,,,,,,,,,,,,,,,,,,,,,,6.0,218.0,0.0,49.0,36.3,,,,,,,,,,,,,,,,,,,,0.0667455691960139,2939,85
2026-27,football,Conference of New England (CCC),ccc,Nichols College,"Abney,Marcus",Marcus,Abney,,484,"Abney,Marcus","ABNEY,MARCUS",Nichols College,NIC,695-4898,3,3,98,98,0,0,DL,0,,,,,,,,0.0,4.0,6.0,10.0,10.0,1.0,0.0,0.0,1.0,0.0,1.0,0.0,0.0,0.0,0.0,0.0,0.0,0.0,0.0,0.0,0.0,0.0,0.0,0.0,,,,,,,,,,,,,,,,,,,,,,,,,,,,,,,,,,,,,,,,,,,,,,,,,,,,,,,,,,,,,,,,,,,,,,,,,,,,,,,,,,,,,,,,,,,,,,,,,0.0603966099924801,2941,85
2026-27,football,Conference of New England (CCC),ccc,New England College,"Lago,Conrado",Conrado,Lago,,467,"Lago,Conrado","LAGO,CONRADO",New England College,NEC,694-3712,4,4,11,11,0,WR,0,0,,,,,,,,0.0,2.0,1.0,3.0,3.0,0.0,0.0,0.0,0.0,0.0,0.0,0.0,0.0,0.0,0.0,0.0,0.0,0.0,0.0,0.0,0.0,0.0,0.0,0.0,,,,,,,,,,,15.0,142.0,2.0,37.0,9.5,,0.0,2.0,0.0,0.0,0.0,0.0,0.0,0.0,0.0,12.0,12.0,3.0,1.0,3.0,3.0,0.0,0.0,3.0,3.0,0.8,,,,,,,,,,,,,,,,,,,,,,,,,,,,,,,,,,,,,,,,,,,,,,,,,,,,,,,,,,,,,0.0583697826704134,2948,85
2026-27,football,Conference of New England (CCC),ccc,Endicott College,"Marino,Justin",Justin,Marino,,8981,"Marino,Justin","MARINO,JUSTIN",Endicott College,ECM,0,4,1,10,10,0,WR,0,0,,,,,,,,0.0,0.0,0.0,0.0,0.0,0.0,0.0,0.0,0.0,0.0,0.0,0.0,0.0,0.0,0.0,0.0,0.0,0.0,0.0,0.0,0.0,0.0,0.0,0.0,,,,,,,,,,,5.0,77.0,2.0,24.0,15.4,,0.0,2.0,0.0,0.0,0.0,0.0,0.0,0.0,0.0,12.0,12.0,3.0,,,,,,,,,,,,,,,,,,,,,,,,,,,,,,,,,,,,,,,,,,,,,,,,,,,,,,,,,,,,,,,,,,,,,0.011024272006495,2999,85
2026-27,football,Conference of New England (CCC),ccc,Husson University,"Acosta,Adrian",Adrian,Acosta,,1133,"Acosta,Adrian","ACOSTA,ADRIAN",Husson University,HUS,1201-4394,3,0,27,27,0,0,LB,0,,,,,,,,,,,,,,,,,,,,,,,,,,,,,,,,,,,,,,,,,,,,,,,,,,,,,,,,,,,,,,,,,,,,,,,,,,,,,,,,,,,,,,,,,,,,,,,,,,,,,,,,,,,,,,,,,,,,,,,,,,,,,,,,0.0,3033,85
2026-27,football,Conference of New England (CCC),ccc,Husson University,Adrian Lule,Adrian,Lule,,1133,Adrian Lule,"LULE,ADRIAN",Husson University,HUS,1201-4418,2,0,52,52,0,0,0,0,,,,,,,,,,,,,,,,,,,,,,,,,,,,,,,,,,,,,,,,,,,,,,,,,,,,,,,,,,,,,,,,,,,,,,,,,,,,,,,,,,,,,,,,,,,,,,,,,,,,,,,,,,,,,,,,,,,,,,,,,,,,,,,,0.0,3050,85
2026-27,football,Conference of New England (CCC),ccc,New England College,"Adumene,Mene",Mene,Adumene,,467,"Adumene,Mene","ADUMENE,MENE",New England College,NEC,694-3708,4,4,78,78,0,OL,0,0,,,,,,,,,,,,,,,,,,,,,,,,,,,,,,,,,,,,,,,,,,,,,,,,,,,,,,,,,,,,,,,,,,,,,,,,,,,,,,,,,,,,,,,,,,,,,,,,,,,,,,,,,,,,,,,,,,,,,,,,,,,,,,,,0.0,3052,85
2026-27,football,Conference of New England (CCC),ccc,Curry College,Alex Smith,Alex,Smith,,170,Alex Smith,"SMITH,ALEX",Curry College,CUR,0,1,0,60,60,0,0,0,0,,,,,,,,,,,,,,,,,,,,,,,,,,,,,,,,,,,,,,,,,,,,,,,,,,,,,,,,,,,,,,,,,,,,,,,,,,,,,,,,,,,,,,,,,,,,,,,,,,,,,,,,,,,,,,,,,,,,,,,,,,,,,,,,0.0,3073,85
2026-27,football,Conference of New England (CCC),ccc,Endicott College,"Alfaro Mateo,Brandon",Brandon,Alfaro Mateo,,8981,"Alfaro Mateo,Brandon","ALFARO MATEO,BRANDON",Endicott College,ECM,0,0,0,8,8D,0,0,DB,0,,,,,,,,,,,,,,,,,,,,,,,,,,,,,,,,,,,,,,,,,,,,,,,,,,,,,,,,,,,,,,,,,,,,,,,,,,,,,,,,,,,,,,,,,,,,,,,,,,,,,,,,,,,,,,,,,,,,,,,,,,,,,,,,0.0,3082,85
2026-27,football,Conference of New England (CCC),ccc,New England College,"Allen,Ethan",Ethan,Allen,,467,"Allen,Ethan","ALLEN,ETHAN",New England College,NEC,694-4155,1,0,64,64,0,OL,0,0,,,,,,,,,,,,,,,,,,,,,,,,,,,,,,,,,,,,,,,,,,,,,,,,,,,,,,,,,,,,,,,,,,,,,,,,,,,,,,,,,,,,,,,,,,,,,,,,,,,,,,,,,,,,,,,,,,,,,,,,,,,,,,,,0.0,3088,85
2026-27,football,Conference of New England (CCC),ccc,Western New England University,"Anderson,Christian",Christian,Anderson,,775,"Anderson,Christian","ANDERSON,CHRISTIAN",Western New England University,WNE,1022-4721,2,0,82,82,0,WR,0,0,,,,,,,,,,,,,,,,,,,,,,,,,,,,,,,,,,,,,,,,,,,,,,,,,,,,,,,,,,,,,,,,,,,,,,,,,,,,,,,,,,,,,,,,,,,,,,,,,,,,,,,,,,,,,,,,,,,,,,,,,,,,,,,,0.0,3111,84
2026-27,football,Conference of New England (CCC),ccc,Endicott College,"Andriolo,Charlie",Charlie,Andriolo,,8981,"Andriolo,Charlie","ANDRIOLO,CHARLIE",Endicott College,ECM,0,2,0,90,90,0,0,DL,0,,,,,,,,,,,,,,,,,,,,,,,,,,,,,,,,,,,,,,,,,,,,,,,,,,,,,,,,,,,,,,,,,,,,,,,,,,,,,,,,,,,,,,,,,,,,,,,,,,,,,,,,,,,,,,,,,,,,,,,,,,,,,,,,0.0,3134,84
2026-27,football,Conference of New England (CCC),ccc,Endicott College,"Annaloro,Cody",Cody,Annaloro,,8981,"Annaloro,Cody","ANNALORO,CODY",Endicott College,ECM,0,2,1,77,77,0,OL,0,0,,,,,,,,,,,,,,,,,,,,,,,,,,,,,,,,,,,,,,,,,,,,,,,,,,,,,,,,,,,,,,,,,,,,,,,,,,,,,,,,,,,,,,,,,,,,,,,,,,,,,,,,,,,,,,,,,,,,,,,,,,,,,,,,0.0,3141,84
2026-27,football,Conference of New England (CCC),ccc,Curry College,"Ariza,Darwin",Darwin,Ariza,,170,"Ariza,Darwin","ARIZA,DARWIN",Curry College,CUR,0,1,0,62,62,0,OL,0,0,,,,,,,,,,,,,,,,,,,,,,,,,,,,,,,,,,,,,,,,,,,,,,,,,,,,,,,,,,,,,,,,,,,,,,,,,,,,,,,,,,,,,,,,,,,,,,,,,,,,,,,,,,,,,,,,,,,,,,,,,,,,,,,,0.0,3159,84
2026-27,football,Conference of New England (CCC),ccc,Husson University,Aron Gadolla,Aron,Gadolla,,1133,Aron Gadolla,"GADOLLA,ARON",Husson University,HUS,1201-4407,2,0,3E,3E,0,0,0,0,,,,,,,,,,,,,,,,,,,,,,,,,,,,,,,,,,,,,,,,,,,,,,,,,,,,,,,,,,,,,,,,,,,,,,,,,,,,,,,,,,,,,,,,,,,,,,,,,,,,,,,,,,,,,,,,,,,,,,,,,,,,,,,,0.0,3164,84
2026-27,football,Conference of New England (CCC),ccc,Endicott College,"Aston,Chase",Chase,Aston,,8981,"Aston,Chase","ASTON,CHASE",Endicott College,ECM,0,1,0,39,39,0,0,DB,0,,,,,,,,,,,,,,,,,,,,,,,,,,,,,,,,,,,,,,,,,,,,,,,,,,,,,,,,,,,,,,,,,,,,,,,,,,,,,,,,,,,,,,,,,,,,,,,,,,,,,,,,,,,,,,,,,,,,,,,,,,,,,,,,0.0,3170,84
2026-27,football,Conference of New England (CCC),ccc,Curry College,B. Santana Rami,B. Santana,Rami,,170,B. Santana Rami,"RAMI,B SANTANA",Curry College,CUR,0,1,0,32,32,0,0,0,0,,,,,,,,,,,,,,,,,,,,,,,,,,,,,,,,,,,,,,,,,,,,,,,,,,,,,,,,,,,,,,,,,,,,,,,,,,,,,,,,,,,,,,,,,,,,,,,,,,,,,,,,,,,,,,,,,,,,,,,,,,,,,,,,0.0,3186,84
2026-27,football,Conference of New England (CCC),ccc,University of New England,"Bachia,Bryce",Bryce,Bachia,,1255,"Bachia,Bryce","BACHIA,BRYCE",University of New England,UNE,0,1,0,63,63,0,OL,0,0,,,,,,,,,,,,,,,,,,,,,,,,,,,,,,,,,,,,,,,,,,,,,,,,,,,,,,,,,,,,,,,,,,,,,,,,,,,,,,,,,,,,,,,,,,,,,,,,,,,,,,,,,,,,,,,,,,,,,,,,,,,,,,,,0.0,3188,84
2026-27,football,Conference of New England (CCC),ccc,Endicott College,"Bartley,Mike",Mike,Bartley,,8981,"Bartley,Mike","BARTLEY,MIKE",Endicott College,ECM,0,4,0,7,7K,0,0,0,0,,,,,,,,,,,,,,,,,,,,,,,,,,,,,,,,,,,,,,,,,,,,,,,,,,,,,,,,,,,,,,,,,,,,,,,,,,,,,,,,,,,,,,,,,,,,,,,,,,,,,,,,,,,,,,,,,,,,,,24.0,1318.0,1.0,0.0,54.9,,,,,,0.0,3240,84
2026-27,football,Conference of New England (CCC),ccc,University of New England,"Black,C.J.",C.J.,Black,,1255,"Black,C.J.","BLACK,C.J.",University of New England,UNE,990-3338,1,0,96,96,0,0,DL,0,,,,,,,,,,,,,,,,,,,,,,,,,,,,,,,,,,,,,,,,,,,,,,,,,,,,,,,,,,,,,,,,,,,,,,,,,,,,,,,,,,,,,,,,,,,,,,,,,,,,,,,,,,,,,,,,,,,,,,,,,,,,,,,,0.0,3333,84
2026-27,football,Conference of New England (CCC),ccc,Curry College,"Bradshaw,Conway",Conway,Bradshaw,,170,"Bradshaw,Conway","BRADSHAW,CONWAY",Curry College,CUR,0,2,0,46,46,0,0,0,0,,,,,,,,,,,,,,,,,,,,,,,,,,,,,,,,,,,,,,,,,,,,,,,,,,,,,,,,,,,,,,,,,,,,,,,,,,,,,,,,,,,,,,,,,,,,,,,,,,,,,,,,,,,,,,,,,,,,,,,,,,,,,,,,0.0,3392,84
2026-27,football,Conference of New England (CCC),ccc,Husson University,Brady Ramsdell,Brady,Ramsdell,,1133,Brady Ramsdell,"RAMSDELL,BRADY",Husson University,HUS,1201-4433,2,0,8,8,0,0,0,0,,,,,,,,,,,,,,,,,,,,,,,,,,,,,,,,,,,,,,,,,,,,,,,,,,,,,,,,,,,,,,,,,,,,,,,,,,,,,,,,,,,,,,,,,,,,,,,,,,,,,,,,,,,,,,,,,,,,,,,,,,,,,,,,0.0,3394,84
2026-27,football,Conference of New England (CCC),ccc,Curry College,Brandon Santana Ramirez,Brandon Santana,Ramirez,,170,Brandon Santana Ramirez,"RAMIREZ,BRANDON SANTANA",Curry College,CUR,0,1,0,32,32,0,0,0,0,,,,,,,,,,,,,,,,,,,,,,,,,,,,,,,,,,,,,,,,,,,,,,,,,,,,,,,,,,,,,,,,,,,,,,,,,,,,,,,,,,,,,,,,,,,,,,,,,,,,,,,,,,,,,,,,,,,,,,,,,,,,,,,,0.0,3397,84
2026-27,football,Conference of New England (CCC),ccc,Curry College,Brody Hines,Brody,Hines,,170,Brody Hines,"HINES,BRODY",Curry College,CUR,0,1,0,70,70,0,0,0,0,,,,,,,,,,,,,,,,,,,,,,,,,,,,,,,,,,,,,,,,,,,,,,,,,,,,,,,,,,,,,,,,,,,,,,,,,,,,,,,,,,,,,,,,,,,,,,,,,,,,,,,,,,,,,,,,,,,,,,,,,,,,,,,,0.0,3422,83
2026-27,football,Conference of New England (CCC),ccc,Husson University,Brody Roberts,Brody,Roberts,,1133,Brody Roberts,"ROBERTS,BRODY",Husson University,HUS,1201-4759,1,0,21,21,0,0,0,0,,,,,,,,,,,,,,,,,,,,,,,,,,,,,,,,,,,,,,,,,,,,,,,,,,,,,,,,,,,,,,,,,,,,,,,,,,,,,,,,,,,,,,,,,,,,,,,,,,,,,,,,,,,,,,,,,,,,,,,,,,,,,,,,0.0,3423,83
2026-27,football,Conference of New England (CCC),ccc,Endicott College,"Bucholz,James",James,Bucholz,,8981,"Bucholz,James","BUCHOLZ,JAMES",Endicott College,ECM,0,3,3,52,52,0,OL,0,0,,,,,,,,,,,,,,,,,,,,,,,,,,,,,,,,,,,,,,,,,,,,,,,,,,,,,,,,,,,,,,,,,,,,,,,,,,,,,,,,,,,,,,,,,,,,,,,,,,,,,,,,,,,,,,,,,,,,,,,,,,,,,,,,0.0,3468,83
2026-27,football,Conference of New England (CCC),ccc,Curry College,Cameron Yates,Cameron,Yates,,170,Cameron Yates,"YATES,CAMERON",Curry College,CUR,0,2,0,52,52,0,0,0,0,,,,,,,,,,,,,,,,,,,,,,,,,,,,,,,,,,,,,,,,,,,,,,,,,,,,,,,,,,,,,,,,,,,,,,,,,,,,,,,,,,,,,,,,,,,,,,,,,,,,,,,,,,,,,,,,,,,,,,,,,,,,,,,,0.0,3528,83
2026-27,football,Conference of New England (CCC),ccc,Western New England University,"Carino,Anthony",Anthony,Carino,,775,"Carino,Anthony","CARINO,ANTHONY",Western New England University,WNE,1022-4727,1,1,72,72,0,OL,0,0,,,,,,,,,,,,,,,,,,,,,,,,,,,,,,,,,,,,,,,,,,,,,,,,,,,,,,,,,,,,,,,,,,,,,,,,,,,,,,,,,,,,,,,,,,,,,,,,,,,,,,,,,,,,,,,,,,,,,,,,,,,,,,,,0.0,3547,83
2026-27,football,Conference of New England (CCC),ccc,Nichols College,"Carstensen,David",David,Carstensen,,484,"Carstensen,David","CARSTENSEN,DAVID",Nichols College,NIC,0,1,0,35,35,0,RB,0,0,,,,,,,,,,,,,,,,,,,,,,,,,,,,,,,,,,,,,,,,,,,,,,,,,,,,,,,,,,,,,,,,,,,,,,,,,,,,,,,,,,,,,,,,,,,,,,,,,,,,,,,,,,,,,,,,,,,,,,,,,,,,,,,,0.0,3562,83
2026-27,football,Conference of New England (CCC),ccc,University of New England,Casey Jordan,Casey,Jordan,,1255,Casey Jordan,"JORDAN,CASEY",University of New England,UNE,990-2834,1,0,81,81,0,0,0,0,,,,,,,,,,,,,,,,,,,,,,,,,,,,,,,,,,,,,,,,,,,,,,,,,,,,,,,,,,,,,,,,,,,,,,,,,,,,,,,,,,,,,,,,,,,,,,,,,,,,,,,,,,,,,,,,,,,,,,,,,,,,,,,,0.0,3577,83
2026-27,football,Conference of New England (CCC),ccc,University of New England,"Castriotta,Jayden",Jayden,Castriotta,,1255,"Castriotta,Jayden","CASTRIOTTA,JAYDEN",University of New England,UNE,990-3206,3,3,77,77,0,OL,0,0,,,,,,,,,,,,,,,,,,,,,,,,,,,,,,,,,,,,,,,,,,,,,,,,,,,,,,,,,,,,,,,,,,,,,,,,,,,,,,,,,,,,,,,,,,,,,,,,,,,,,,,,,,,,,,,,,,,,,,,,,,,,,,,,0.0,3587,83
2026-27,football,Conference of New England (CCC),ccc,Curry College,"Celia,Joseph",Joseph,Celia,,170,"Celia,Joseph","CELIA,JOSEPH",Curry College,CUR,0,1,0,36,3D,0,0,DB,0,,,,,,,,,,,,,,,,,,,,,,,,,,,,,,,,,,,,,,,,,,,,,,,,,,,,,,,,,,,,,,,,,,,,,,,,,,,,,,,,,,,,,,,,,,,,,,,,,,,,,,,,,,,,,,,,,,,,,,,,,,,,,,,,0.0,3591,83
2026-27,football,Conference of New England (CCC),ccc,Husson University,"Charitopoulos,Panos",Panos,Charitopoulos,,1133,"Charitopoulos,Panos","CHARITOPOULOS,PANOS",Husson University,HUS,1201-4180,4,4,60,60,0,OL,0,0,,,,,,,,,,,,,,,,,,,,,,,,,,,,,,,,,,,,,,,,,,,,,,,,,,,,,,,,,,,,,,,,,,,,,,,,,,,,,,,,,,,,,,,,,,,,,,,,,,,,,,,,,,,,,,,,,,,,,,,,,,,,,,,,0.0,3610,83
2026-27,football,Conference of New England (CCC),ccc,University of New England,Charlie Cornell,Charlie,Cornell,,1255,Charlie Cornell,"CORNELL,CHARLIE",University of New England,UNE,990-3342,2,0,39,39,0,0,0,0,,,,,,,,,,,,,,,,,,,,,,,,,,,,,,,,,,,,,,,,,,,,,,,,,,,,,,,,,,,,,,,,,,,,,,,,,,,,,,,,,,,,,,,,,,,,,,,,,,,,,,,,,,,,,,,,,,,,,,,,,,,,,,,,0.0,3612,83
2026-27,football,Conference of New England (CCC),ccc,Endicott College,"Chaves,Damian",Damian,Chaves,,8981,"Chaves,Damian","CHAVES,DAMIAN",Endicott College,ECM,0,0,0,90,9D,0,0,DL,0,,,,,,,,,,,,,,,,,,,,,,,,,,,,,,,,,,,,,,,,,,,,,,,,,,,,,,,,,,,,,,,,,,,,,,,,,,,,,,,,,,,,,,,,,,,,,,,,,,,,,,,,,,,,,,,,,,,,,,,,,,,,,,,,0.0,3618,83
2026-27,football,Conference of New England (CCC),ccc,Endicott College,"Chiulli,Nico",Nico,Chiulli,,8981,"Chiulli,Nico","CHIULLI,NICO",Endicott College,ECM,0,1,0,34,34,0,0,LB,0,,,,,,,,,,,,,,,,,,,,,,,,,,,,,,,,,,,,,,,,,,,,,,,,,,,,,,,,,,,,,,,,,,,,,,,,,,,,,,,,,,,,,,,,,,,,,,,,,,,,,,,,,,,,,,,,,,,,,,,,,,,,,,,,0.0,3633,83
2026-27,football,Conference of New England (CCC),ccc,Western New England University,"Colclough,Maddox",Maddox,Colclough,,775,"Colclough,Maddox","COLCLOUGH,MADDOX",Western New England University,WNE,1022-3944,1,1,70,70,0,OL,0,0,,,,,,,,,,,,,,,,,,,,,,,,,,,,,,,,,,,,,,,,,,,,,,,,,,,,,,,,,,,,,,,,,,,,,,,,,,,,,,,,,,,,,,,,,,,,,,,,,,,,,,,,,,,,,,,,,,,,,,,,,,,,,,,,0.0,3668,83
2026-27,football,Conference of New England (CCC),ccc,Nichols College,"Corriveau,Ethan",Ethan,Corriveau,,484,"Corriveau,Ethan","CORRIVEAU,ETHAN",Nichols College,NIC,695-5195,2,0,86,86,0,WR,0,0,,,,,,,,,,,,,,,,,,,,,,,,,,,,,,,,,,,,,,,,,,,,,,,,,,,,,,,,,,,,,,,,,,,,,,,,,,,,,,,,,,,,,,,,,,,,,,,,,,,,,,,,,,,,,,,,,,,,,,,,,,,,,,,,0.0,3725,82
2026-27,football,Conference of New England (CCC),ccc,University of New England,"Czachor,John",John,Czachor,,1255,"Czachor,John","CZACHOR,JOHN",University of New England,UNE,990-3201,4,4,70,70,0,OL,0,0,,,,,,,,,,,,,,,,,,,,,,,,,,,,,,,,,,,,,,,,,,,,,,,,,,,,,,,,,,,,,,,,,,,,,,,,,,,,,,,,,,,,,,,,,,,,,,,,,,,,,,,,,,,,,,,,,,,,,,,,,,,,,,,,0.0,3789,82
2026-27,football,Conference of New England (CCC),ccc,Curry College,Daniel Sims,Daniel,Sims,,170,Daniel Sims,"SIMS,DANIEL",Curry College,CUR,0,2,2,73,73,0,LT,0,0,,,,,,,,,,,,,,,,,,,,,,,,,,,,,,,,,,,,,,,,,,,,,,,,,,,,,,,,,,,,,,,,,,,,,,,,,,,,,,,,,,,,,,,,,,,,,,,,,,,,,,,,,,,,,,,,,,,,,,,,,,,,,,,,0.0,3802,82
2026-27,football,Conference of New England (CCC),ccc,Endicott College,"Davis,Caeden",Caeden,Davis,,8981,"Davis,Caeden","DAVIS,CAEDEN",Endicott College,ECM,0,2,0,36,36,0,0,LB,0,,,,,,,,,,,,,,,,,,,,,,,,,,,,,,,,,,,,,,,,,,,,,,,,,,,,,,,,,,,,,,,,,,,,,,,,,,,,,,,,,,,,,,,,,,,,,,,,,,,,,,,,,,,,,,,,,,,,,,,,,,,,,,,,0.0,3824,82
2026-27,football,Conference of New England (CCC),ccc,Nichols College,"Deer,Jarell",Jarell,Deer,,484,"Deer,Jarell","DEER,JARELL",Nichols College,NIC,695-5198,2,0,14,14,0,WR,0,0,,,,,,,,,,,,,,,,,,,,,,,,,,,,,,,,,,,,,,,,,,,,,,,,,,,,,,,,,,,,,,,,,,,,,,,,,,,,,,,,,,,,,,,,,,,,,,,,,,,,,,,,,,,,,,,,,,,,,,,,,,,,,,,,0.0,3854,82
2026-27,football,Conference of New England (CCC),ccc,Curry College,Dembowski Thomas,Dembowski,Thomas,,170,Dembowski Thomas,"DEMBOWSKI,T",Curry College,CUR,0,2,0,75,75,0,0,0,0,,,,,,,,,,,,,,,,,,,,,,,,,,,,,,,,,,,,,,,,,,,,,,,,,,,,,,,,,,,,,,,,,,,,,,,,,,,,,,,,,,,,,,,,,,,,,,,,,,,,,,,,,,,,,,,,,,,,,,,,,,,,,,,,0.0,3865,82
2026-27,football,Conference of New England (CCC),ccc,University of New England,"Dew,Tony",Tony,Dew,,1255,"Dew,Tony","DEW,TONY",University of New England,UNE,990-3015,4,4,75,75,0,0,DL,0,,,,,,,,,,,,,,,,,,,,,,,,,,,,,,,,,,,,,,,,,,,,,,,,,,,,,,,,,,,,,,,,,,,,,,,,,,,,,,,,,,,,,,,,,,,,,,,,,,,,,,,,,,,,,,,,,,,,,,,,,,,,,,,,0.0,3887,82
2026-27,football,Conference of New England (CCC),ccc,Western New England University,"Digiacomo,Chris",Chris,Digiacomo,,775,"Digiacomo,Chris","DIGIACOMO,CHRIS",Western New England University,WNE,1022-4136,1,0,96,25,0,0,0,0,,,,,,,,,,,,,,,,,,,,,,,,,,,,,,,,,,,,,,,,,,,,,,,,,,,,,,,,,,,,,,,,,,,,,,,,,,,,,,,,,,,,,,,,,,,,,,,,,,,,,,,,,,,,,,,,,,,,,,,,,,,,,,,,0.0,3902,82
2026-27,football,Conference of New England (CCC),ccc,Husson University,"Doe-Bruce,Bryan",Bryan,Doe-Bruce,,1133,"Doe-Bruce,Bryan","DOE-BRUCE,BRYAN",Husson University,HUS,1201-4726,1,0,98,98,0,0,DL,0,,,,,,,,,,,,,,,,,,,,,,,,,,,,,,,,,,,,,,,,,,,,,,,,,,,,,,,,,,,,,,,,,,,,,,,,,,,,,,,,,,,,,,,,,,,,,,,,,,,,,,,,,,,,,,,,,,,,,,,,,,,,,,,,0.0,3917,82
2026-27,football,Conference of New England (CCC),ccc,Curry College,Dominick Parry,Dominick,Parry,,170,Dominick Parry,"PARRY,DOMINICK",Curry College,CUR,0,4,4,53,53,0,RG,0,0,,,,,,,,,,,,,,,,,,,,,,,,,,,,,,,,,,,,,,,,,,,,,,,,,,,,,,,,,,,,,,,,,,,,,,,,,,,,,,,,,,,,,,,,,,,,,,,,,,,,,,,,,,,,,,,,,,,,,,,,,,,,,,,,0.0,3924,82
2026-27,football,Conference of New England (CCC),ccc,Western New England University,"Donahue,Garrett",Garrett,Donahue,,775,"Donahue,Garrett","DONAHUE,GARRETT",Western New England University,WNE,1022-4150,3,2,55,55,0,OL,0,0,,,,,,,,,,,,,,,,,,,,,,,,,,,,,,,,,,,,,,,,,,,,,,,,,,,,,,,,,,,,,,,,,,,,,,,,,,,,,,,,,,,,,,,,,,,,,,,,,,,,,,,,,,,,,,,,,,,,,,,,,,,,,,,,0.0,3925,82
2026-27,football,Conference of New England (CCC),ccc,Maine Maritime Academy,"Duffy,Nick",Nick,Duffy,,378,"Duffy,Nick","DUFFY,NICK",Maine Maritime Academy,MEM,1208-2488,2,2,65,65,0,OL,0,0,,,,,,,,,,,,,,,,,,,,,,,,,,,,,,,,,,,,,,,,,,,,,,,,,,,,,,,,,,,,,,,,,,,,,,,,,,,,,,,,,,,,,,,,,,,,,,,,,,,,,,,,,,,,,,,,,,,,,,,,,,,,,,,,0.0,3957,82
2026-27,football,Conference of New England (CCC),ccc,Endicott College,"Duke,Jason",Jason,Duke,,8981,"Duke,Jason","DUKE,JASON",Endicott College,ECM,0,3,0,58,58,0,OL,0,0,,,,,,,,,,,,,,,,,,,,,,,,,,,,,,,,,,,,,,,,,,,,,,,,,,,,,,,,,,,,,,,,,,,,,,,,,,,,,,,,,,,,,,,,,,,,,,,,,,,,,,,,,,,,,,,,,,,,,,,,,,,,,,,,0.0,3959,82
2026-27,football,Conference of New England (CCC),ccc,Maine Maritime Academy,"Engelmann,Wyatt",Wyatt,Engelmann,,378,"Engelmann,Wyatt","ENGELMANN,WYATT",Maine Maritime Academy,MEM,1208-2490,2,2,51,51,0,OL,0,0,,,,,,,,,,,,,,,,,,,,,,,,,,,,,,,,,,,,,,,,,,,,,,,,,,,,,,,,,,,,,,,,,,,,,,,,,,,,,,,,,,,,,,,,,,,,,,,,,,,,,,,,,,,,,,,,,,,,,,,,,,,,,,,,0.0,4020,81
2026-27,football,Conference of New England (CCC),ccc,Curry College,Ethan Jean Francois,Ethan Jean,Francois,,170,Ethan Jean Francois,"FRANCOIS,ETHAN JEAN",Curry College,CUR,0,1,0,68,68,0,0,0,0,,,,,,,,,,,,,,,,,,,,,,,,,,,,,,,,,,,,,,,,,,,,,,,,,,,,,,,,,,,,,,,,,,,,,,,,,,,,,,,,,,,,,,,,,,,,,,,,,,,,,,,,,,,,,,,,,,,,,,,,,,,,,,,,0.0,4041,81
2026-27,football,Conference of New England (CCC),ccc,Curry College,Ethan Motyl,Ethan,Motyl,,170,Ethan Motyl,"MOTYL,ETHAN",Curry College,CUR,0,3,1,74,74,0,RT,0,0,,,,,,,,,,,,,,,,,,,,,,,,,,,,,,,,,,,,,,,,,,,,,,,,,,,,,,,,,,,,,,,,,,,,,,,,,,,,,,,,,,,,,,,,,,,,,,,,,,,,,,,,,,,,,,,,,,,,,,,,,,,,,,,,0.0,4043,81
2026-27,football,Conference of New England (CCC),ccc,Nichols College,"Everett,Mason",Mason,Everett,,484,"Everett,Mason","EVERETT,MASON",Nichols College,NIC,695-4910,2,1,62,62,0,OL,0,0,,,,,,,,,,,,,,,,,,,,,,,,,,,,,,,,,,,,,,,,,,,,,,,,,,,,,,,,,,,,,,,,,,,,,,,,,,,,,,,,,,,,,,,,,,,,,,,,,,,,,,,,,,,,,,,,,,,,,,,,,,,,,,,,0.0,4057,81
2026-27,football,Conference of New England (CCC),ccc,Endicott College,"Fitzgerald,Shane",Shane,Fitzgerald,,8981,"Fitzgerald,Shane","FITZGERALD,SHANE",Endicott College,ECM,0,3,3,59,59,0,OL,0,0,,,,,,,,,,,,,,,,,,,,,,,,,,,,,,,,,,,,,,,,,,,,,,,,,,,,,,,,,,,,,,,,,,,,,,,,,,,,,,,,,,,,,,,,,,,,,,,,,,,,,,,,,,,,,,,,,,,,,,,,,,,,,,,,0.0,4115,81
2026-27,football,Conference of New England (CCC),ccc,Endicott College,"Flauto-Nicklas,Ricky",Ricky,Flauto-Nicklas,,8981,"Flauto-Nicklas,Ricky","FLAUTO-NICKLAS,RICKY",Endicott College,ECM,0,1,0,98,98,0,0,DL,0,,,,,,,,,,,,,,,,,,,,,,,,,,,,,,,,,,,,,,,,,,,,,,,,,,,,,,,,,,,,,,,,,,,,,,,,,,,,,,,,,,,,,,,,,,,,,,,,,,,,,,,,,,,,,,,,,,,,,,,,,,,,,,,,0.0,4118,81
2026-27,football,Conference of New England (CCC),ccc,Endicott College,"Forest,Ori",Ori,Forest,,8981,"Forest,Ori","FOREST,ORI",Endicott College,ECM,0,1,0,43,43,0,0,LB,0,,,,,,,,,,,,,,,,,,,,,,,,,,,,,,,,,,,,,,,,,,,,,,,,,,,,,,,,,,,,,,,,,,,,,,,,,,,,,,,,,,,,,,,,,,,,,,,,,,,,,,,,,,,,,,,,,,,,,,,,,,,,,,,,0.0,4139,81
2026-27,football,Conference of New England (CCC),ccc,Maine Maritime Academy,"Gale,Thomas",Thomas,Gale,,378,"Gale,Thomas","GALE,THOMAS",Maine Maritime Academy,MEM,1208-2495,2,2,77,77,0,OL,0,0,,,,,,,,,,,,,,,,,,,,,,,,,,,,,,,,,,,,,,,,,,,,,,,,,,,,,,,,,,,,,,,,,,,,,,,,,,,,,,,,,,,,,,,,,,,,,,,,,,,,,,,,,,,,,,,,,,,,,,,,,,,,,,,,0.0,4211,81
2026-27,football,Conference of New England (CCC),ccc,Husson University,George Hernandez,George,Hernandez,,1133,George Hernandez,"HERNANDEZ,GEORGE",Husson University,HUS,1201-4409,2,0,78,78,0,0,0,0,,,,,,,,,,,,,,,,,,,,,,,,,,,,,,,,,,,,,,,,,,,,,,,,,,,,,,,,,,,,,,,,,,,,,,,,,,,,,,,,,,,,,,,,,,,,,,,,,,,,,,,,,,,,,,,,,,,,,,,,,,,,,,,,0.0,4258,81
2026-27,football,Conference of New England (CCC),ccc,Western New England University,"Gertsacov,Jackson",Jackson,Gertsacov,,775,"Gertsacov,Jackson","GERTSACOV,JACKSON",Western New England University,WNE,1022-4154,4,4,71,71,0,OL,0,0,,,,,,,,,,,,,,,,,,,,,,,,,,,,,,,,,,,,,,,,,,,,,,,,,,,,,,,,,,,,,,,,,,,,,,,,,,,,,,,,,,,,,,,,,,,,,,,,,,,,,,,,,,,,,,,,,,,,,,,,,,,,,,,,0.0,4262,81
2026-27,football,Conference of New England (CCC),ccc,University of New England,"Gherard,Sean",Sean,Gherard,,1255,"Gherard,Sean","GHERARD,SEAN",University of New England,UNE,990-3208,2,1,73,73,0,OL,0,0,,,,,,,,,,,,,,,,,,,,,,,,,,,,,,,,,,,,,,,,,,,,,,,,,,,,,,,,,,,,,,,,,,,,,,,,,,,,,,,,,,,,,,,,,,,,,,,,,,,,,,,,,,,,,,,,,,,,,,,,,,,,,,,,0.0,4263,81
2026-27,football,Conference of New England (CCC),ccc,Endicott College,"Gillingham,Brody",Brody,Gillingham,,8981,"Gillingham,Brody","GILLINGHAM,BRODY",Endicott College,ECM,0,2,0,89,89,0,TE,0,0,,,,,,,,,,,,,,,,,,,,,,,,,,,,,,,,,,,,,,,,,,,,,,,,,,,,,,,,,,,,,,,,,,,,,,,,,,,,,,,,,,,,,,,,,,,,,,,,,,,,,,,,,,,,,,,,,,,,,,,,,,,,,,,,0.0,4280,81
2026-27,football,Conference of New England (CCC),ccc,Endicott College,"Glencross,Quinn",Quinn,Glencross,,8981,"Glencross,Quinn","GLENCROSS,QUINN",Endicott College,ECM,0,1,0,64,64,0,OL,0,0,,,,,,,,,,,,,,,,,,,,,,,,,,,,,,,,,,,,,,,,,,,,,,,,,,,,,,,,,,,,,,,,,,,,,,,,,,,,,,,,,,,,,,,,,,,,,,,,,,,,,,,,,,,,,,,,,,,,,,,,,,,,,,,,0.0,4291,80
2026-27,football,Conference of New England (CCC),ccc,University of New England,"Gomes,Tyron",Tyron,Gomes,,1255,"Gomes,Tyron","GOMES,TYRON",University of New England,UNE,990-2828,0,0,3,3D,0,0,LB,0,,,,,,,,,,,,,,,,,,,,,,,,,,,,,,,,,,,,,,,,,,,,,,,,,,,,,,,,,,,,,,,,,,,,,,,,,,,,,,,,,,,,,,,,,,,,,,,,,,,,,,,,,,,,,,,,,,,,,,,,,,,,,,,,0.0,4310,80
2026-27,football,Conference of New England (CCC),ccc,Western New England University,"Gonitski,Joseph",Joseph,Gonitski,,775,"Gonitski,Joseph","GONITSKI,JOSEPH",Western New England University,WNE,1022-4737,2,0,91,91,0,0,DL,0,,,,,,,,,,,,,,,,,,,,,,,,,,,,,,,,,,,,,,,,,,,,,,,,,,,,,,,,,,,,,,,,,,,,,,,,,,,,,,,,,,,,,,,,,,,,,,,,,,,,,,,,,,,,,,,,,,,,,,,,,,,,,,,,0.0,4313,80
2026-27,football,Conference of New England (CCC),ccc,New England College,"Gourley,Brady",Brady,Gourley,,467,"Gourley,Brady","GOURLEY,BRADY",New England College,NEC,694-3709,4,3,55,55,0,OL,0,0,,,,,,,,,,,,,,,,,,,,,,,,,,,,,,,,,,,,,,,,,,,,,,,,,,,,,,,,,,,,,,,,,,,,,,,,,,,,,,,,,,,,,,,,,,,,,,,,,,,,,,,,,,,,,,,,,,,,,,,,,,,,,,,,0.0,4327,80
2026-27,football,Conference of New England (CCC),ccc,Maine Maritime Academy,"Grass,Noah",Noah,Grass,,378,"Grass,Noah","GRASS,NOAH",Maine Maritime Academy,MEM,1208-1677,2,1,10,10,0,WR,0,0,,,,,,,,,,,,,,,,,,,,,,,,,,,,,,,,,,,,,,,,,,,,,,,,,,,,,,,,,,,,,,,,,,,,,,,,,,,,,,,,,,,,,,,,,,,,,,,,,,,,,,,,,,,,,,,,,,,,,,,,,,,,,,,,0.0,4340,80
2026-27,football,Conference of New England (CCC),ccc,Western New England University,"Greggs,Xavier",Xavier,Greggs,,775,"Greggs,Xavier","GREGGS,XAVIER",Western New England University,WNE,1022-4463,2,0,25,2E,0,0,DB,0,,,,,,,,,,,,,,,,,,,,,,,,,,,,,,,,,,,,,,,,,,,,,,,,,,,,,,,,,,,,,,,,,,,,,,,,,,,,,,,,,,,,,,,,,,,,,,,,,,,,,,,,,,,,,,,,,,,,,,,,,,,,,,,,0.0,4355,80
2026-27,football,Conference of New England (CCC),ccc,Nichols College,"Hally,Keevan",Keevan,Hally,,484,"Hally,Keevan","HALLY,KEEVAN",Nichols College,NIC,695-4600,2,0,29,29,0,0,DB,0,,,,,,,,,,,,,,,,,,,,,,,,,,,,,,,,,,,,,,,,,,,,,,,,,,,,,,,,,,,,,,,,,,,,,,,,,,,,,,,,,,,,,,,,,,,,,,,,,,,,,,,,,,,,,,,,,,,,,,,,,,,,,,,,0.0,4398,80
2026-27,football,Conference of New England (CCC),ccc,Husson University,"Hanson,Shane",Shane,Hanson,,1133,"Hanson,Shane","HANSON,SHANE",Husson University,HUS,1201-4737,0,0,55,5C,0,0,DL,0,,,,,,,,,,,,,,,,,,,,,,,,,,,,,,,,,,,,,,,,,,,,,,,,,,,,,,,,,,,,,,,,,,,,,,,,,,,,,,,,,,,,,,,,,,,,,,,,,,,,,,,,,,,,,,,,,,,,,,,,,,,,,,,,0.0,4424,80
2026-27,football,Conference of New England (CCC),ccc,Endicott College,"Harrison,Matt",Matt,Harrison,,8981,"Harrison,Matt","HARRISON,MATT",Endicott College,ECM,0,2,1,65,65,0,OL,0,0,,,,,,,,,,,,,,,,,,,,,,,,,,,,,,,,,,,,,,,,,,,,,,,,,,,,,,,,,,,,,,,,,,,,,,,,,,,,,,,,,,,,,,,,,,,,,,,,,,,,,,,,,,,,,,,,,,,,,,,,,,,,,,,,0.0,4458,80
2026-27,football,Conference of New England (CCC),ccc,Husson University,"Harvey,Joshua",Joshua,Harvey,,1133,"Harvey,Joshua","HARVEY,JOSHUA",Husson University,HUS,1201-3885,1,0,29,29,0,0,0,0,,,,,,,,,,,,,,,,,,,,,,,,,,,,,,,,,,,,,,,,,,,,,,,,,,,,,,,,,,,,,,,,,,,,,,,,,,,,,,,,,,,,,,,,,,,,,,,,,,,,,,,,,,,,,,,,,,,,,,1.0,43.0,0.0,0.0,43.0,,,,,,0.0,4469,80
2026-27,football,Conference of New England (CCC),ccc,University of New England,"Hayden,Joe",Joe,Hayden,,1255,"Hayden,Joe","HAYDEN,JOE",University of New England,UNE,990-3353,4,4,60,60,0,OL,0,0,,,,,,,,,,,,,,,,,,,,,,,,,,,,,,,,,,,,,,,,,,,,,,,,,,,,,,,,,,,,,,,,,,,,,,,,,,,,,,,,,,,,,,,,,,,,,,,,,,,,,,,,,,,,,,,,,,,,,,,,,,,,,,,,0.0,4482,80
2026-27,football,Conference of New England (CCC),ccc,New England College,"Healey,James",James,Healey,,467,"Healey,James","HEALEY,JAMES",New England College,NEC,694-3918,4,4,70,70,0,OL,0,0,,,,,,,,,,,,,,,,,,,,,,,,,,,,,,,,,,,,,,,,,,,,,,,,,,,,,,,,,,,,,,,,,,,,,,,,,,,,,,,,,,,,,,,,,,,,,,,,,,,,,,,,,,,,,,,,,,,,,,,,,,,,,,,,0.0,4490,80
2026-27,football,Conference of New England (CCC),ccc,Western New England University,"Henigman,Connor",Connor,Henigman,,775,"Henigman,Connor","HENIGMAN,CONNOR",Western New England University,WNE,1022-4489,3,2,50,50,0,OL,0,0,,,,,,,,,,,,,,,,,,,,,,,,,,,,,,,,,,,,,,,,,,,,,,,,,,,,,,,,,,,,,,,,,,,,,,,,,,,,,,,,,,,,,,,,,,,,,,,,,,,,,,,,,,,,,,,,,,,,,,,,,,,,,,,,0.0,4514,80
2026-27,football,Conference of New England (CCC),ccc,New England College,"Hill,Kendrick",Kendrick,Hill,,467,"Hill,Kendrick","HILL,KENDRICK",New England College,NEC,694-4167,1,0,63,63,0,0,DL,0,,,,,,,,,,,,,,,,,,,,,,,,,,,,,,,,,,,,,,,,,,,,,,,,,,,,,,,,,,,,,,,,,,,,,,,,,,,,,,,,,,,,,,,,,,,,,,,,,,,,,,,,,,,,,,,,,,,,,,,,,,,,,,,,0.0,4547,80
2026-27,football,Conference of New England (CCC),ccc,New England College,"Hilton Velazquez,Izaiha",Izaiha,Hilton Velazquez,,467,"Hilton Velazquez,Izaiha","HILTON VELAZQUEZ,IZAIHA",New England College,NEC,694-4168,2,0,82,82,0,WR,0,0,,,,,,,,,,,,,,,,,,,,,,,,,,,,,,,,,,,,,,,,,,,,,,,,,,,,,,,,,,,,,,,,,,,,,,,,,,,,,,,,,,,,,,,,,,,,,,,,,,,,,,,,,,,,,,,,,,,,,,,,,,,,,,,,0.0,4551,80
2026-27,football,Conference of New England (CCC),ccc,University of New England,"Hinton,Eli",Eli,Hinton,,1255,"Hinton,Eli","HINTON,ELI",University of New England,UNE,0,1,0,76,76,0,OL,0,0,,,,,,,,,,,,,,,,,,,,,,,,,,,,,,,,,,,,,,,,,,,,,,,,,,,,,,,,,,,,,,,,,,,,,,,,,,,,,,,,,,,,,,,,,,,,,,,,,,,,,,,,,,,,,,,,,,,,,,,,,,,,,,,,0.0,4557,80
2026-27,football,Conference of New England (CCC),ccc,New England College,"Hodges,Duwaine",Duwaine,Hodges,,467,"Hodges,Duwaine","HODGES,DUWAINE",New England College,NEC,694-4169,4,1,75,75,0,OL,0,0,,,,,,,,,,,,,,,,,,,,,,,,,,,,,,,,,,,,,,,,,,,,,,,,,,,,,,,,,,,,,,,,,,,,,,,,,,,,,,,,,,,,,,,,,,,,,,,,,,,,,,,,,,,,,,,,,,,,,,,,,,,,,,,,0.0,4561,80
2026-27,football,Conference of New England (CCC),ccc,Husson University,"Hollis,Landon",Landon,Hollis,,1133,"Hollis,Landon","HOLLIS,LANDON",Husson University,HUS,1201-4739,2,0,79,79,0,OL,0,0,,,,,,,,,,,,,,,,,,,,,,,,,,,,,,,,,,,,,,,,,,,,,,,,,,,,,,,,,,,,,,,,,,,,,,,,,,,,,,,,,,,,,,,,,,,,,,,,,,,,,,,,,,,,,,,,,,,,,,,,,,,,,,,,0.0,4571,80
2026-27,football,Conference of New England (CCC),ccc,New England College,"Hubacher,Philip",Philip,Hubacher,,467,"Hubacher,Philip","HUBACHER,PHILIP",New England College,NEC,694-4170,2,0,43,43,0,0,DB,0,,,,,,,,,,,,,,,,,,,,,,,,,,,,,,,,,,,,,,,,,,,,,,,,,,,,,,,,,,,,,,,,,,,,,,,,,,,,,,,,,,,,,,,,,,,,,,,,,,,,,,,,,,,,,,,,,,,,,,,,,,,,,,,,0.0,4596,79
2026-27,football,Conference of New England (CCC),ccc,Endicott College,"Insinga,Vincent",Vincent,Insinga,,8981,"Insinga,Vincent","INSINGA,VINCENT",Endicott College,ECM,0,4,4,63,63,0,OL,0,0,,,,,,,,,,,,,,,,,,,,,,,,,,,,,,,,,,,,,,,,,,,,,,,,,,,,,,,,,,,,,,,,,,,,,,,,,,,,,,,,,,,,,,,,,,,,,,,,,,,,,,,,,,,,,,,,,,,,,,,,,,,,,,,,0.0,4637,79
2026-27,football,Conference of New England (CCC),ccc,University of New England,Jace Bisnov,Jace,Bisnov,,1255,Jace Bisnov,"BISNOV,JACE",University of New England,UNE,990-3337,0,0,21,21,0,0,0,0,,,,,,,,,,,,,,,,,,,,,,,,,,,,,,,,,,,,,,,,,,,,,,,,,,,,,,,,,,,,,,,,,,,,,,,,,,,,,,,,,,,,,,,,,,,,,,,,,,,,,,,,,,,,,,,,,,,,,,,,,,,,,,,,0.0,4650,79
2026-27,football,Conference of New England (CCC),ccc,University of New England,Jacob Armstrong,Jacob,Armstrong,,1255,Jacob Armstrong,"ARMSTRONG,JACOB",University of New England,UNE,990-3212,1,0,89,89,0,0,0,0,,,,,,,,,,,,,,,,,,,,,,,,,,,,,,,,,,,,,,,,,,,,,,,,,,,,,,,,,,,,,,,,,,,,,,,,,,,,,,,,,,,,,,,,,,,,,,,,,,,,,,,,,,,,,,,,,,,,,,,,,,,,,,,,0.0,4667,79
2026-27,football,Conference of New England (CCC),ccc,Nichols College,"Jennings,Andrew",Andrew,Jennings,,484,"Jennings,Andrew","JENNINGS,ANDREW",Nichols College,NIC,695-4917,3,2,64,64,0,OL,0,0,,,,,,,,,,,,,,,,,,,,,,,,,,,,,,,,,,,,,,,,,,,,,,,,,,,,,,,,,,,,,,,,,,,,,,,,,,,,,,,,,,,,,,,,,,,,,,,,,,,,,,,,,,,,,,,,,,,,,,,,,,,,,,,,0.0,4707,79
2026-27,football,Conference of New England (CCC),ccc,Husson University,"Judkins,Morgan",Morgan,Judkins,,1133,"Judkins,Morgan","JUDKINS,MORGAN",Husson University,HUS,1201-4776,1,0,39,39,0,0,LB,0,,,,,,,,,,,,,,,,,,,,,,,,,,,,,,,,,,,,,,,,,,,,,,,,,,,,,,,,,,,,,,,,,,,,,,,,,,,,,,,,,,,,,,,,,,,,,,,,,,,,,,,,,,,,,,,,,,,,,,,,,,,,,,,,0.0,4810,79
2026-27,football,Conference of New England (CCC),ccc,Curry College,Kamari Hayes,Kamari,Hayes,,170,Kamari Hayes,"HAYES,KAMARI",Curry College,CUR,0,2,0,6,6,0,0,0,0,,,,,,,,,,,,,,,,,,,,,,,,,,,,,,,,,,,,,,,,,,,,,,,,,,,,,,,,,,,,,,,,,,,,,,,,,,,,,,,,,,,,,,,,,,,,,,,,,,,,,,,,,,,,,,,,,,,,,,,,,,,,,,,,0.0,4827,79
2026-27,football,Conference of New England (CCC),ccc,New England College,"Kaplan,Harrison",Harrison,Kaplan,,467,"Kaplan,Harrison","KAPLAN,HARRISON",New England College,NEC,694-4174,1,0,49,49,0,0,0,0,,,,,,,,,,,,,,,,,,,,,,,,,,,,,,,,,,,,,,,,,,,,,,,,,,,,,,,,,,,,,,,,,,,,,,,,,,,,,,,,,,,,,,,,,,,,,,,,,,,,,,,,,,,,,,,,,,,,,,,,,,,,,,,,0.0,4831,79
2026-27,football,Conference of New England (CCC),ccc,Endicott College,"Knief,Jeremy",Jeremy,Knief,,8981,"Knief,Jeremy","KNIEF,JEREMY",Endicott College,ECM,0,0,0,2K,2K,0,0,DB,0,,,,,,,,,,,,,,,,,,,,,,,,,,,,,,,,,,,,,,,,,,,,,,,,,,,,,,,,,,,,,,,,,,,,,,,,,,,,,,,,,,,,,,,,,,,,,,,,,,,,,,,,,,,,,,,,,,,,,,,,,,,,,,,,0.0,4892,78
2026-27,football,Conference of New England (CCC),ccc,Western New England University,"LaBarbera,Jason",Jason,LaBarbera,,775,"LaBarbera,Jason","LABARBERA,JASON",Western New England University,WNE,1022-3948,1,0,76,76,0,OL,0,0,,,,,,,,,,,,,,,,,,,,,,,,,,,,,,,,,,,,,,,,,,,,,,,,,,,,,,,,,,,,,,,,,,,,,,,,,,,,,,,,,,,,,,,,,,,,,,,,,,,,,,,,,,,,,,,,,,,,,,,,,,,,,,,,0.0,4946,78
2026-27,football,Conference of New England (CCC),ccc,University of New England,"Lahiff,Colin",Colin,Lahiff,,1255,"Lahiff,Colin","LAHIFF,COLIN",University of New England,UNE,990-3360,3,0,74,74,0,OL,0,0,,,,,,,,,,,,,,,,,,,,,,,,,,,,,,,,,,,,,,,,,,,,,,,,,,,,,,,,,,,,,,,,,,,,,,,,,,,,,,,,,,,,,,,,,,,,,,,,,,,,,,,,,,,,,,,,,,,,,,,,,,,,,,,,0.0,4954,78
2026-27,football,Conference of New England (CCC),ccc,Curry College,Landon Barry,Landon,Barry,,170,Landon Barry,"BARRY,LANDON",Curry College,CUR,0,2,0,85,85,0,0,0,0,,,,,,,,,,,,,,,,,,,,,,,,,,,,,,,,,,,,,,,,,,,,,,,,,,,,,,,,,,,,,,,,,,,,,,,,,,,,,,,,,,,,,,,,,,,,,,,,,,,,,,,,,,,,,,,,,,,,,,,,,,,,,,,,0.0,4961,78
2026-27,football,Conference of New England (CCC),ccc,Western New England University,"Larkin,Ryan",Ryan,Larkin,,775,"Larkin,Ryan","LARKIN,RYAN",Western New England University,WNE,1022-4506,1,0,58,58,0,OL,0,0,,,,,,,,,,,,,,,,,,,,,,,,,,,,,,,,,,,,,,,,,,,,,,,,,,,,,,,,,,,,,,,,,,,,,,,,,,,,,,,,,,,,,,,,,,,,,,,,,,,,,,,,,,,,,,,,,,,,,,,,,,,,,,,,0.0,4971,78
2026-27,football,Conference of New England (CCC),ccc,New England College,"Lavallee,Alex",Alex,Lavallee,,467,"Lavallee,Alex","LAVALLEE,ALEX",New England College,NEC,694-4177,3,0,71,71,0,OL,0,0,,,,,,,,,,,,,,,,,,,,,,,,,,,,,,,,,,,,,,,,,,,,,,,,,,,,,,,,,,,,,,,,,,,,,,,,,,,,,,,,,,,,,,,,,,,,,,,,,,,,,,,,,,,,,,,,,,,,,,,,,,,,,,,,0.0,4978,78
2026-27,football,Conference of New England (CCC),ccc,University of New England,"LeDonne,Jake",Jake,LeDonne,,1255,"LeDonne,Jake","LEDONNE,JAKE",University of New England,UNE,990-3026,2,0,32,32,0,FB,0,0,,,,,,,,,,,,,,,,,,,,,,,,,,,,,,,,,,,,,,,,,,,,,,,,,,,,,,,,,,,,,,,,,,,,,,,,,,,,,,,,,,,,,,,,,,,,,,,,,,,,,,,,,,,,,,,,,,,,,,,,,,,,,,,,0.0,4994,78
2026-27,football,Conference of New England (CCC),ccc,New England College,"Lefsrud,Eamon",Eamon,Lefsrud,,467,"Lefsrud,Eamon","LEFSRUD,EAMON",New England College,NEC,694-4178,1,0,13,13,0,WR,0,0,,,,,,,,,,,,,,,,,,,,,,,,,,,,,,,,,,,,,,,,,,,,,,,,,,,,,,,,,,,,,,,,,,,,,,,,,,,,,,,,,,,,,,,,,,,,,,,,,,,,,,,,,,,,,,,,,,,,,,,,,,,,,,,,0.0,5013,78
2026-27,football,Conference of New England (CCC),ccc,Maine Maritime Academy,"Levesque,Aiden",Aiden,Levesque,,378,"Levesque,Aiden","LEVESQUE,AIDEN",Maine Maritime Academy,MEM,1208-2223,2,2,72,72,0,OL,0,0,,,,,,,,,,,,,,,,,,,,,,,,,,,,,,,,,,,,,,,,,,,,,,,,,,,,,,,,,,,,,,,,,,,,,,,,,,,,,,,,,,,,,,,,,,,,,,,,,,,,,,,,,,,,,,,,,,,,,,,,,,,,,,,,0.0,5028,78
2026-27,football,Conference of New England (CCC),ccc,Curry College,Limbert Thomas III,Limbert Thomas,III,,170,Limbert Thomas III,"III,LIMBERT THOMAS",Curry College,CUR,0,1,0,11,11,0,0,0,0,,,,,,,,,,,,,,,,,,,,,,,,,,,,,,,,,,,,,,,,,,,,,,,,,,,,,,,,,,,,,,,,,,,,,,,,,,,,,,,,,,,,,,,,,,,,,,,,,,,,,,,,,,,,,,,,,,,,,,,,,,,,,,,,0.0,5040,78
2026-27,football,Conference of New England (CCC),ccc,Husson University,Logan Wilson,Logan,Wilson,,1133,Logan Wilson,"WILSON,LOGAN",Husson University,HUS,1201-4768,0,0,34,34,0,0,0,0,,,,,,,,,,,,,,,,,,,,,,,,,,,,,,,,,,,,,,,,,,,,,,,,,,,,,,,,,,,,,,,,,,,,,,,,,,,,,,,,,,,,,,,,,,,,,,,,,,,,,,,,,,,,,,,,,,,,,,,,,,,,,,,,0.0,5062,78
2026-27,football,Conference of New England (CCC),ccc,New England College,"Long,Hunter",Hunter,Long,,467,"Long,Hunter","LONG,HUNTER",New England College,NEC,694-4180,1,0,46,46,0,0,DB,0,,,,,,,,,,,,,,,,,,,,,,,,,,,,,,,,,,,,,,,,,,,,,,,,,,,,,,,,,,,,,,,,,,,,,,,,,,,,,,,,,,,,,,,,,,,,,,,,,,,,,,,,,,,,,,,,,,,,,,,,,,,,,,,,0.0,5071,78
2026-27,football,Conference of New England (CCC),ccc,University of New England,"MacKinnon,Stephen",Stephen,MacKinnon,,1255,"MacKinnon,Stephen","MACKINNON,STEPHEN",University of New England,UNE,0,1,0,50,50,0,0,LB,0,,,,,,,,,,,,,,,,,,,,,,,,,,,,,,,,,,,,,,,,,,,,,,,,,,,,,,,,,,,,,,,,,,,,,,,,,,,,,,,,,,,,,,,,,,,,,,,,,,,,,,,,,,,,,,,,,,,,,,,,,,,,,,,,0.0,5115,78
2026-27,football,Conference of New England (CCC),ccc,New England College,"Madera,Christian",Christian,Madera,,467,"Madera,Christian","MADERA,CHRISTIAN",New England College,NEC,694-4182,3,0,60,60,0,0,0,0,,,,,,,,,,,,,,,,,,,,,,,,,,,,,,,,,,,,,,,,,,,,,,,,,,,,,,,,,,,,,,,,,,,,,,,,,,,,,,,,,,,,,,,,,,,,,,,,,,,,,,,,,,,,,,,,,,,,,,,,,,,,,,,,0.0,5121,78
2026-27,football,Conference of New England (CCC),ccc,New England College,"Maldonado,Miguel",Miguel,Maldonado,,467,"Maldonado,Miguel","MALDONADO,MIGUEL",New England College,NEC,694-3919,4,4,73,73,0,OL,0,0,,,,,,,,,,,,,,,,,,,,,,,,,,,,,,,,,,,,,,,,,,,,,,,,,,,,,,,,,,,,,,,,,,,,,,,,,,,,,,,,,,,,,,,,,,,,,,,,,,,,,,,,,,,,,,,,,,,,,,,,,,,,,,,,0.0,5137,78
2026-27,football,Conference of New England (CCC),ccc,Western New England University,"Mapp,Rondale",Rondale,Mapp,,775,"Mapp,Rondale","MAPP,RONDALE",Western New England University,WNE,1022-4750,1,0,9,1E,0,0,DB,0,,,,,,,,,,,,,,,,,,,,,,,,,,,,,,,,,,,,,,,,,,,,,,,,,,,,,,,,,,,,,,,,,,,,,,,,,,,,,,,,,,,,,,,,,,,,,,,,,,,,,,,,,,,,,,,,,,,,,,,,,,,,,,,,0.0,5152,78
2026-27,football,Conference of New England (CCC),ccc,Husson University,Marvens Dallemand,Marvens,Dallemand,,1133,Marvens Dallemand,"DALLEMAND,MARVENS",Husson University,HUS,1201-4725,1,0,56,56,0,0,0,0,,,,,,,,,,,,,,,,,,,,,,,,,,,,,,,,,,,,,,,,,,,,,,,,,,,,,,,,,,,,,,,,,,,,,,,,,,,,,,,,,,,,,,,,,,,,,,,,,,,,,,,,,,,,,,,,,,,,,,,,,,,,,,,,0.0,5176,77
2026-27,football,Conference of New England (CCC),ccc,Curry College,Mason Nardi,Mason,Nardi,,170,Mason Nardi,"NARDI,MASON",Curry College,CUR,0,2,0,45,45,0,0,0,0,,,,,,,,,,,,,,,,,,,,,,,,,,,,,,,,,,,,,,,,,,,,,,,,,,,,,,,,,,,,,,,,,,,,,,,,,,,,,,,,,,,,,,,,,,,,,,,,,,,,,,,,,,,,,,,,,,,,,,,,,,,,,,,,0.0,5181,77
2026-27,football,Conference of New England (CCC),ccc,University of New England,"Mastrioanni,Anthony",Anthony,Mastrioanni,,1255,"Mastrioanni,Anthony","MASTRIOANNI,ANTHONY",University of New England,UNE,990-3364,1,0,61,61,0,OL,0,0,,,,,,,,,,,,,,,,,,,,,,,,,,,,,,,,,,,,,,,,,,,,,,,,,,,,,,,,,,,,,,,,,,,,,,,,,,,,,,,,,,,,,,,,,,,,,,,,,,,,,,,,,,,,,,,,,,,,,,,,,,,,,,,,0.0,5191,77
2026-27,football,Conference of New England (CCC),ccc,University of New England,"Matteodo,Dominic",Dominic,Matteodo,,1255,"Matteodo,Dominic","MATTEODO,DOMINIC",University of New England,UNE,0,1,0,18,18,0,0,DB,0,,,,,,,,,,,,,,,,,,,,,,,,,,,,,,,,,,,,,,,,,,,,,,,,,,,,,,,,,,,,,,,,,,,,,,,,,,,,,,,,,,,,,,,,,,,,,,,,,,,,,,,,,,,,,,,,,,,,,,,,,,,,,,,,0.0,5199,77
2026-27,football,Conference of New England (CCC),ccc,New England College,"Melanson,Andruw",Andruw,Melanson,,467,"Melanson,Andruw","MELANSON,ANDRUW",New England College,NEC,694-4184,3,0,79,79,0,OL,0,0,,,,,,,,,,,,,,,,,,,,,,,,,,,,,,,,,,,,,,,,,,,,,,,,,,,,,,,,,,,,,,,,,,,,,,,,,,,,,,,,,,,,,,,,,,,,,,,,,,,,,,,,,,,,,,,,,,,,,,,,,,,,,,,,0.0,5292,77
2026-27,football,Conference of New England (CCC),ccc,Husson University,"Melendez,Jose",Jose,Melendez,,1133,"Melendez,Jose","MELENDEZ,JOSE",Husson University,HUS,1201-4746,1,0,58,58,0,OL,0,0,,,,,,,,,,,,,,,,,,,,,,,,,,,,,,,,,,,,,,,,,,,,,,,,,,,,,,,,,,,,,,,,,,,,,,,,,,,,,,,,,,,,,,,,,,,,,,,,,,,,,,,,,,,,,,,,,,,,,,,,,,,,,,,,0.0,5294,77
2026-27,football,Conference of New England (CCC),ccc,Western New England University,"Morrow,Owen",Owen,Morrow,,775,"Morrow,Owen","MORROW,OWEN",Western New England University,WNE,1022-4753,1,0,45,45,0,TE,0,0,,,,,,,,,,,,,,,,,,,,,,,,,,,,,,,,,,,,,,,,,,,,,,,,,,,,,,,,,,,,,,,,,,,,,,,,,,,,,,,,,,,,,,,,,,,,,,,,,,,,,,,,,,,,,,,,,,,,,,,,,,,,,,,,0.0,5423,77
2026-27,football,Conference of New England (CCC),ccc,Western New England University,"Moss,John",John,Moss,,775,"Moss,John","MOSS,JOHN",Western New England University,WNE,1022-4144,1,0,40,40,0,0,0,0,,,,,,,,,,,,,,,,,,,,,,,,,,,,,,,,,,,,,,,,,,,,,,,,,,,,,,,,,,,,,,,,,,,,,,,,,,,,,,,,,,,,,,,,,,,,,,,,,,,,,,,,,,,,,,,,,,,,,,,,,,,,,,,,0.0,5428,77
2026-27,football,Conference of New England (CCC),ccc,University of New England,"Muoio,Ily",Ily,Muoio,,1255,"Muoio,Ily","MUOIO,ILY",University of New England,UNE,990-3034,4,4,71,71,0,OL,0,0,,,,,,,,,,,,,,,,,,,,,,,,,,,,,,,,,,,,,,,,,,,,,,,,,,,,,,,,,,,,,,,,,,,,,,,,,,,,,,,,,,,,,,,,,,,,,,,,,,,,,,,,,,,,,,,,,,,,,,,,,,,,,,,,0.0,5443,77
2026-27,football,Conference of New England (CCC),ccc,Husson University,"Nee,Daniel",Daniel,Nee,,1133,"Nee,Daniel","NEE,DANIEL",Husson University,HUS,1201-4446,4,3,67,67,0,OL,0,0,,,,,,,,,,,,,,,,,,,,,,,,,,,,,,,,,,,,,,,,,,,,,,,,,,,,,,,,,,,,,,,,,,,,,,,,,,,,,,,,,,,,,,,,,,,,,,,,,,,,,,,,,,,,,,,,,,,,,,,,,,,,,,,,0.0,5475,76
2026-27,football,Conference of New England (CCC),ccc,New England College,"Nelson,John David",John David,Nelson,,467,"Nelson,John David","NELSON,JOHN DAVID",New England College,NEC,694-4185,1,0,35,35,0,RB,0,0,,,,,,,,,,,,,,,,,,,,,,,,,,,,,,,,,,,,,,,,,,,,,,,,,,,,,,,,,,,,,,,,,,,,,,,,,,,,,,,,,,,,,,,,,,,,,,,,,,,,,,,,,,,,,,,,,,,,,,,,,,,,,,,,0.0,5479,76
2026-27,football,Conference of New England (CCC),ccc,Husson University,"Ngongo,Glaia",Glaia,Ngongo,,1133,"Ngongo,Glaia","NGONGO,GLAIA",Husson University,HUS,0,1,0,74,74,0,OL,0,0,,,,,,,,,,,,,,,,,,,,,,,,,,,,,,,,,,,,,,,,,,,,,,,,,,,,,,,,,,,,,,,,,,,,,,,,,,,,,,,,,,,,,,,,,,,,,,,,,,,,,,,,,,,,,,,,,,,,,,,,,,,,,,,,0.0,5490,76
2026-27,football,Conference of New England (CCC),ccc,Endicott College,"Nigro,Chris",Chris,Nigro,,8981,"Nigro,Chris","NIGRO,CHRIS",Endicott College,ECM,0,3,0,71,71,0,0,DL,0,,,,,,,,,,,,,,,,,,,,,,,,,,,,,,,,,,,,,,,,,,,,,,,,,,,,,,,,,,,,,,,,,,,,,,,,,,,,,,,,,,,,,,,,,,,,,,,,,,,,,,,,,,,,,,,,,,,,,,,,,,,,,,,,0.0,5500,76
2026-27,football,Conference of New England (CCC),ccc,Nichols College,"Normyle,Brady",Brady,Normyle,,484,"Normyle,Brady","NORMYLE,BRADY",Nichols College,NIC,695-5223,1,0,38,38,0,0,DB,0,,,,,,,,,,,,,,,,,,,,,,,,,,,,,,,,,,,,,,,,,,,,,,,,,,,,,,,,,,,,,,,,,,,,,,,,,,,,,,,,,,,,,,,,,,,,,,,,,,,,,,,,,,,,,,,,,,,,,,,,,,,,,,,,0.0,5512,76
2026-27,football,Conference of New England (CCC),ccc,Husson University,"O'Connell,Matt",Matt,O'Connell,,1133,"O'Connell,Matt","O'CONNELL,MATT",Husson University,HUS,0,1,0,72,72,0,OL,0,0,,,,,,,,,,,,,,,,,,,,,,,,,,,,,,,,,,,,,,,,,,,,,,,,,,,,,,,,,,,,,,,,,,,,,,,,,,,,,,,,,,,,,,,,,,,,,,,,,,,,,,,,,,,,,,,,,,,,,,,,,,,,,,,,0.0,5522,76
2026-27,football,Conference of New England (CCC),ccc,Nichols College,"O'Neill,Aidan",Aidan,O'Neill,,484,"O'Neill,Aidan","O'NEILL,AIDAN",Nichols College,NIC,695-4386,3,3,66,66,0,OL,0,0,,,,,,,,,,,,,,,,,,,,,,,,,,,,,,,,,,,,,,,,,,,,,,,,,,,,,,,,,,,,,,,,,,,,,,,,,,,,,,,,,,,,,,,,,,,,,,,,,,,,,,,,,,,,,,,,,,,,,,,,,,,,,,,,0.0,5531,76
2026-27,football,Conference of New England (CCC),ccc,Curry College,Oscar Li,Oscar,Li,,170,Oscar Li,"LI,OSCAR",Curry College,CUR,0,4,3,67,67,0,0,0,0,,,,,,,,,,,,,,,,,,,,,,,,,,,,,,,,,,,,,,,,,,,,,,,,,,,,,,,,,,,,,,,,,,,,,,,,,,,,,,,,,,,,,,,,,,,,,,,,,,,,,,,,,,,,,,,,,,,,,,,,,,,,,,,,0.0,5561,76
2026-27,football,Conference of New England (CCC),ccc,Western New England University,"Palmieri,David",David,Palmieri,,775,"Palmieri,David","PALMIERI,DAVID",Western New England University,WNE,1022-4756,1,0,38,38,0,0,LB,0,,,,,,,,,,,,,,,,,,,,,,,,,,,,,,,,,,,,,,,,,,,,,,,,,,,,,,,,,,,,,,,,,,,,,,,,,,,,,,,,,,,,,,,,,,,,,,,,,,,,,,,,,,,,,,,,,,,,,,,,,,,,,,,,0.0,5590,76
2026-27,football,Conference of New England (CCC),ccc,Nichols College,"Patnaud,Joseph",Joseph,Patnaud,,484,"Patnaud,Joseph","PATNAUD,JOSEPH",Nichols College,NIC,0,1,0,55,5C,0,0,LB,0,,,,,,,,,,,,,,,,,,,,,,,,,,,,,,,,,,,,,,,,,,,,,,,,,,,,,,,,,,,,,,,,,,,,,,,,,,,,,,,,,,,,,,,,,,,,,,,,,,,,,,,,,,,,,,,,,,,,,,,,,,,,,,,,0.0,5606,76
2026-27,football,Conference of New England (CCC),ccc,Husson University,"Perry,Aidan",Aidan,Perry,,1133,"Perry,Aidan","PERRY,AIDAN",Husson University,HUS,1201-4430,1,1,73,73,0,OL,0,0,,,,,,,,,,,,,,,,,,,,,,,,,,,,,,,,,,,,,,,,,,,,,,,,,,,,,,,,,,,,,,,,,,,,,,,,,,,,,,,,,,,,,,,,,,,,,,,,,,,,,,,,,,,,,,,,,,,,,,,,,,,,,,,,0.0,5643,76
2026-27,football,Conference of New England (CCC),ccc,Nichols College,"Pettit,Collin",Collin,Pettit,,484,"Pettit,Collin","PETTIT,COLLIN",Nichols College,NIC,695-5226,3,3,76,76,0,OL,0,0,,,,,,,,,,,,,,,,,,,,,,,,,,,,,,,,,,,,,,,,,,,,,,,,,,,,,,,,,,,,,,,,,,,,,,,,,,,,,,,,,,,,,,,,,,,,,,,,,,,,,,,,,,,,,,,,,,,,,,,,,,,,,,,,0.0,5654,76
2026-27,football,Conference of New England (CCC),ccc,Curry College,"Piraino,Tye",Tye,Piraino,,170,"Piraino,Tye","PIRAINO,TYE",Curry College,CUR,0,1,0,65,65,0,OL,0,0,,,,,,,,,,,,,,,,,,,,,,,,,,,,,,,,,,,,,,,,,,,,,,,,,,,,,,,,,,,,,,,,,,,,,,,,,,,,,,,,,,,,,,,,,,,,,,,,,,,,,,,,,,,,,,,,,,,,,,,,,,,,,,,,0.0,5674,76
2026-27,football,Conference of New England (CCC),ccc,Maine Maritime Academy,"Pollard,Jackson",Jackson,Pollard,,378,"Pollard,Jackson","POLLARD,JACKSON",Maine Maritime Academy,MEM,1208-2078,2,2,66,66,0,OL,0,0,,,,,,,,,,,,,,,,,,,,,,,,,,,,,,,,,,,,,,,,,,,,,,,,,,,,,,,,,,,,,,,,,,,,,,,,,,,,,,,,,,,,,,,,,,,,,,,,,,,,,,,,,,,,,,,,,,,,,,,,,,,,,,,,0.0,5691,76
2026-27,football,Conference of New England (CCC),ccc,Endicott College,"Pombriant,Robert",Robert,Pombriant,,8981,"Pombriant,Robert","POMBRIANT,ROBERT",Endicott College,ECM,0,4,0,87,87,0,TE,0,0,,,,,,,,,,,,,,,,,,,,,,,,,,,,,,,,,,,,,,,,,,,,,,,,,,,,,,,,,,,,,,,,,,,,,,,,,,,,,,,,,,,,,,,,,,,,,,,,,,,,,,,,,,,,,,,,,,,,,,,,,,,,,,,,0.0,5694,76
2026-27,football,Conference of New England (CCC),ccc,Western New England University,"Quinn,Brady",Brady,Quinn,,775,"Quinn,Brady","QUINN,BRADY",Western New England University,WNE,1022-4156,4,4,75,75,0,OL,0,0,,,,,,,,,,,,,,,,,,,,,,,,,,,,,,,,,,,,,,,,,,,,,,,,,,,,,,,,,,,,,,,,,,,,,,,,,,,,,,,,,,,,,,,,,,,,,,,,,,,,,,,,,,,,,,,,,,,,,,,,,,,,,,,,0.0,5750,76
2026-27,football,Conference of New England (CCC),ccc,Curry College,Ramirez Jhonnyel,Ramirez,Jhonnyel,,170,Ramirez Jhonnyel,"RAMIREZ,J",Curry College,CUR,0,4,4,64,64,0,C,0,0,,,,,,,,,,,,,,,,,,,,,,,,,,,,,,,,,,,,,,,,,,,,,,,,,,,,,,,,,,,,,,,,,,,,,,,,,,,,,,,,,,,,,,,,,,,,,,,,,,,,,,,,,,,,,,,,,,,,,,,,,,,,,,,,0.0,5766,75
2026-27,football,Conference of New England (CCC),ccc,Husson University,"Ramos,CJ",CJ,Ramos,,1133,"Ramos,CJ","RAMOS,CJ",Husson University,HUS,1201-4432,4,2,71,71,0,OL,0,0,,,,,,,,,,,,,,,,,,,,,,,,,,,,,,,,,,,,,,,,,,,,,,,,,,,,,,,,,,,,,,,,,,,,,,,,,,,,,,,,,,,,,,,,,,,,,,,,,,,,,,,,,,,,,,,,,,,,,,,,,,,,,,,,0.0,5771,75
2026-27,football,Conference of New England (CCC),ccc,Endicott College,"Ritchie,Michael",Michael,Ritchie,,8981,"Ritchie,Michael","RITCHIE,MICHAEL",Endicott College,ECM,0,4,3,62,62,0,0,DL,0,,,,,,,,,,,,,,,,,,,,,,,,,,,,,,,,,,,,,,,,,,,,,,,,,,,,,,,,,,,,,,,,,,,,,,,,,,,,,,,,,,,,,,,,,,,,,,,,,,,,,,,,,,,,,,,,,,,,,,,,,,,,,,,,0.0,5852,75
2026-27,football,Conference of New England (CCC),ccc,Western New England University,"Robinson,Zion",Zion,Robinson,,775,"Robinson,Zion","ROBINSON,ZION",Western New England University,WNE,1022-4761,1,0,57,57,0,OL,0,0,,,,,,,,,,,,,,,,,,,,,,,,,,,,,,,,,,,,,,,,,,,,,,,,,,,,,,,,,,,,,,,,,,,,,,,,,,,,,,,,,,,,,,,,,,,,,,,,,,,,,,,,,,,,,,,,,,,,,,,,,,,,,,,,0.0,5872,75
2026-27,football,Conference of New England (CCC),ccc,University of New England,"Rofino,Corey",Corey,Rofino,,1255,"Rofino,Corey","ROFINO,COREY",University of New England,UNE,990-3373,1,0,29,29,0,RB,0,0,,,,,,,,,,,,,,,,,,,,,,,,,,,,,,,,,,,,,,,,,,,,,,,,,,,,,,,,,,,,,,,,,,,,,,,,,,,,,,,,,,,,,,,,,,,,,,,,,,,,,,,,,,,,,,,,,,,,,,,,,,,,,,,,0.0,5882,75
2026-27,football,Conference of New England (CCC),ccc,Nichols College,"Rusczyk,Ben",Ben,Rusczyk,,484,"Rusczyk,Ben","RUSCZYK,BEN",Nichols College,NIC,695-4623,3,3,70,70,0,OL,0,0,,,,,,,,,,,,,,,,,,,,,,,,,,,,,,,,,,,,,,,,,,,,,,,,,,,,,,,,,,,,,,,,,,,,,,,,,,,,,,,,,,,,,,,,,,,,,,,,,,,,,,,,,,,,,,,,,,,,,,,,,,,,,,,,0.0,5928,75
2026-27,football,Conference of New England (CCC),ccc,Husson University,Sam Jacobs,Sam,Jacobs,,1133,Sam Jacobs,"JACOBS,SAM",Husson University,HUS,1201-4412,1,0,83,83,0,0,0,0,,,,,,,,,,,,,,,,,,,,,,,,,,,,,,,,,,,,,,,,,,,,,,,,,,,,,,,,,,,,,,,,,,,,,,,,,,,,,,,,,,,,,,,,,,,,,,,,,,,,,,,,,,,,,,,,,,,,,,,,,,,,,,,,0.0,5952,75
2026-27,football,Conference of New England (CCC),ccc,Curry College,Samuel Figueiredo,Samuel,Figueiredo,,170,Samuel Figueiredo,"FIGUEIREDO,SAMUEL",Curry College,CUR,0,1,0,47,47,0,0,0,0,,,,,,,,,,,,,,,,,,,,,,,,,,,,,,,,,,,,,,,,,,,,,,,,,,,,,,,,,,,,,,,,,,,,,,,,,,,,,,,,,,,,,,,,,,,,,,,,,,,,,,,,,,,,,,,,,,,,,,1.0,56.0,0.0,0.0,56.0,,,,,,0.0,5956,75
2026-27,football,Conference of New England (CCC),ccc,Western New England University,"Schaefer,Charles",Charles,Schaefer,,775,"Schaefer,Charles","SCHAEFER,CHARLES",Western New England University,WNE,1022-4157,4,3,78,78,0,OL,0,0,,,,,,,,,,,,,,,,,,,,,,,,,,,,,,,,,,,,,,,,,,,,,,,,,,,,,,,,,,,,,,,,,,,,,,,,,,,,,,,,,,,,,,,,,,,,,,,,,,,,,,,,,,,,,,,,,,,,,,,,,,,,,,,,0.0,5971,75
2026-27,football,Conference of New England (CCC),ccc,Husson University,"Schulz,Ricardo",Ricardo,Schulz,,1133,"Schulz,Ricardo","SCHULZ,RICARDO",Husson University,HUS,1201-4780,4,0,6,6,0,0,DB,0,,,,,,,,,,,,,,,,,,,,,,,,,,,,,,,,,,,,,,,,,,,,,,,,,,,,,,,,,,,,,,,,,,,,,,,,,,,,,,,,,,,,,,,,,,,,,,,,,,,,,,,,,,,,,,,,,,,,,,8.0,469.0,0.0,1.0,58.6,,,,,,0.0,5996,75
2026-27,football,Conference of New England (CCC),ccc,Western New England University,"Shivas,Don",Don,Shivas,,775,"Shivas,Don","SHIVAS,DON",Western New England University,WNE,1022-3949,4,3,62,62,0,OL,0,0,,,,,,,,,,,,,,,,,,,,,,,,,,,,,,,,,,,,,,,,,,,,,,,,,,,,,,,,,,,,,,,,,,,,,,,,,,,,,,,,,,,,,,,,,,,,,,,,,,,,,,,,,,,,,,,,,,,,,,,,,,,,,,,,0.0,6052,74
2026-27,football,Conference of New England (CCC),ccc,Endicott College,"Simon,Josh",Josh,Simon,,8981,"Simon,Josh","SIMON,JOSH",Endicott College,ECM,0,1,0,97,97,0,0,DL,0,,,,,,,,,,,,,,,,,,,,,,,,,,,,,,,,,,,,,,,,,,,,,,,,,,,,,,,,,,,,,,,,,,,,,,,,,,,,,,,,,,,,,,,,,,,,,,,,,,,,,,,,,,,,,,,,,,,,,,,,,,,,,,,,0.0,6074,74
2026-27,football,Conference of New England (CCC),ccc,Curry College,"Sims,Danny",Danny,Sims,,170,"Sims,Danny","SIMS,DANNY",Curry College,CUR,0,2,2,73,73,0,OL,0,0,,,,,,,,,,,,,,,,,,,,,,,,,,,,,,,,,,,,,,,,,,,,,,,,,,,,,,,,,,,,,,,,,,,,,,,,,,,,,,,,,,,,,,,,,,,,,,,,,,,,,,,,,,,,,,,,,,,,,,,,,,,,,,,,0.0,6077,74
2026-27,football,Conference of New England (CCC),ccc,Endicott College,"Skeen,Taylor",Taylor,Skeen,,8981,"Skeen,Taylor","SKEEN,TAYLOR",Endicott College,ECM,0,1,0,72,72,0,OL,0,0,,,,,,,,,,,,,,,,,,,,,,,,,,,,,,,,,,,,,,,,,,,,,,,,,,,,,,,,,,,,,,,,,,,,,,,,,,,,,,,,,,,,,,,,,,,,,,,,,,,,,,,,,,,,,,,,,,,,,,,,,,,,,,,,0.0,6091,74
2026-27,football,Conference of New England (CCC),ccc,New England College,"Sohn,Brayden",Brayden,Sohn,,467,"Sohn,Brayden","SOHN,BRAYDEN",New England College,NEC,694-3910,4,4,50,50,0,OL,0,0,,,,,,,,,,,,,,,,,,,,,,,,,,,,,,,,,,,,,,,,,,,,,,,,,,,,,,,,,,,,,,,,,,,,,,,,,,,,,,,,,,,,,,,,,,,,,,,,,,,,,,,,,,,,,,,,,,,,,,,,,,,,,,,,0.0,6139,74
2026-27,football,Conference of New England (CCC),ccc,Nichols College,"St. Thomas,Dwayne",Dwayne,St. Thomas,,484,"St. Thomas,Dwayne","ST. THOMAS,DWAYNE",Nichols College,NIC,695-5238,1,0,52,52,0,OL,0,0,,,,,,,,,,,,,,,,,,,,,,,,,,,,,,,,,,,,,,,,,,,,,,,,,,,,,,,,,,,,,,,,,,,,,,,,,,,,,,,,,,,,,,,,,,,,,,,,,,,,,,,,,,,,,,,,,,,,,,,,,,,,,,,,0.0,6170,74
2026-27,football,Conference of New England (CCC),ccc,Curry College,Tahji Johnson,Tahji,Johnson,,170,Tahji Johnson,"JOHNSON,TAHJI",Curry College,CUR,0,2,0,25,25,0,0,0,0,,,,,,,,,,,,,,,,,,,,,,,,,,,,,,,,,,,,,,,,,,,,,,,,,,,,,,,,,,,,,,,,,,,,,,,,,,,,,,,,,,,,,,,,,,,,,,,,,,,,,,,,,,,,,,,,,,,,,,,,,,,,,,,,0.0,6265,74
2026-27,football,Conference of New England (CCC),ccc,Husson University,"Tennett,Trey",Trey,Tennett,,1133,"Tennett,Trey","TENNETT,TREY",Husson University,HUS,1201-4763,2,0,13,13,0,WR,0,0,,,,,,,,,,,,,,,,,,,,,,,,,,,,,,,,,,,,,,,,,,,,,,,,,,,,,,,,,,,,,,,,,,,,,,,,,,,,,,,,,,,,,,,,,,,,,,,,,,,,,,,,,,,,,,,,,,,,,,,,,,,,,,,,0.0,6292,74
2026-27,football,Conference of New England (CCC),ccc,Endicott College,"Tenney,Nathan",Nathan,Tenney,,8981,"Tenney,Nathan","TENNEY,NATHAN",Endicott College,ECM,0,3,1,55,55,0,OL,0,0,,,,,,,,,,,,,,,,,,,,,,,,,,,,,,,,,,,,,,,,,,,,,,,,,,,,,,,,,,,,,,,,,,,,,,,,,,,,,,,,,,,,,,,,,,,,,,,,,,,,,,,,,,,,,,,,,,,,,,,,,,,,,,,,0.0,6293,74
2026-27,football,Conference of New England (CCC),ccc,Western New England University,"Thompson,Peyton",Peyton,Thompson,,775,"Thompson,Peyton","THOMPSON,PEYTON",Western New England University,WNE,1022-4766,1,0,73,73,0,OL,0,0,,,,,,,,,,,,,,,,,,,,,,,,,,,,,,,,,,,,,,,,,,,,,,,,,,,,,,,,,,,,,,,,,,,,,,,,,,,,,,,,,,,,,,,,,,,,,,,,,,,,,,,,,,,,,,,,,,,,,,,,,,,,,,,,0.0,6318,74
2026-27,football,Conference of New England (CCC),ccc,Maine Maritime Academy,"Tibbetts,Daniel",Daniel,Tibbetts,,378,"Tibbetts,Daniel","TIBBETTS,DANIEL",Maine Maritime Academy,MEM,1208-1838,1,0,67,67,0,OL,0,0,,,,,,,,,,,,,,,,,,,,,,,,,,,,,,,,,,,,,,,,,,,,,,,,,,,,,,,,,,,,,,,,,,,,,,,,,,,,,,,,,,,,,,,,,,,,,,,,,,,,,,,,,,,,,,,,,,,,,,,,,,,,,,,,0.0,6326,74
2026-27,football,Conference of New England (CCC),ccc,New England College,"VanPembrook,Brayden",Brayden,VanPembrook,,467,"VanPembrook,Brayden","VANPEMBROOK,BRAYDEN",New England College,NEC,694-4194,2,0,42,42,0,TE,0,0,,,,,,,,,,,,,,,,,,,,,,,,,,,,,,,,,,,,,,,,,,,,,,,,,,,,,,,,,,,,,,,,,,,,,,,,,,,,,,,,,,,,,,,,,,,,,,,,,,,,,,,,,,,,,,,,,,,,,,,,,,,,,,,,0.0,6425,73
2026-27,football,Conference of New England (CCC),ccc,Nichols College,"Voss,Damien",Damien,Voss,,484,"Voss,Damien","VOSS,DAMIEN",Nichols College,NIC,695-4934,2,0,55,55,0,OL,0,0,,,,,,,,,,,,,,,,,,,,,,,,,,,,,,,,,,,,,,,,,,,,,,,,,,,,,,,,,,,,,,,,,,,,,,,,,,,,,,,,,,,,,,,,,,,,,,,,,,,,,,,,,,,,,,,,,,,,,,,,,,,,,,,,0.0,6467,73
2026-27,football,Conference of New England (CCC),ccc,Western New England University,"Walker,Keegan",Keegan,Walker,,775,"Walker,Keegan","WALKER,KEEGAN",Western New England University,WNE,1022-4160,3,0,88,88,0,TE,0,0,,,,,,,,,,,,,,,,,,,,,,,,,,,,,,,,,,,,,,,,,,,,,,,,,,,,,,,,,,,,,,,,,,,,,,,,,,,,,,,,,,,,,,,,,,,,,,,,,,,,,,,,,,,,,,,,,,,,,,,,,,,,,,,,0.0,6489,73
2026-27,football,Conference of New England (CCC),ccc,Nichols College,"Washington,Makhy",Makhy,Washington,,484,"Washington,Makhy","WASHINGTON,MAKHY",Nichols College,NIC,695-5243,2,0,24,24,0,0,DB,0,,,,,,,,,,,,,,,,,,,,,,,,,,,,,,,,,,,,,,,,,,,,,,,,,,,,,,,,,,,,,,,,,,,,,,,,,,,,,,,,,,,,,,,,,,,,,,,,,,,,,,,,,,,,,,,,,,,,,,,,,,,,,,,,0.0,6518,73
2026-27,football,Conference of New England (CCC),ccc,Husson University,"Witchley,Greyson",Greyson,Witchley,,1133,"Witchley,Greyson","WITCHLEY,GREYSON",Husson University,HUS,1201-4444,1,0,62,62,0,OL,0,0,,,,,,,,,,,,,,,,,,,,,,,,,,,,,,,,,,,,,,,,,,,,,,,,,,,,,,,,,,,,,,,,,,,,,,,,,,,,,,,,,,,,,,,,,,,,,,,,,,,,,,,,,,,,,,,,,,,,,,,,,,,,,,,,0.0,6626,73
2026-27,football,Conference of New England (CCC),ccc,University of New England,"Wolfertz,Josh",Josh,Wolfertz,,1255,"Wolfertz,Josh","WOLFERTZ,JOSH",University of New England,UNE,0,1,0,66,66,0,OL,0,0,,,,,,,,,,,,,,,,,,,,,,,,,,,,,,,,,,,,,,,,,,,,,,,,,,,,,,,,,,,,,,,,,,,,,,,,,,,,,,,,,,,,,,,,,,,,,,,,,,,,,,,,,,,,,,,,,,,,,,,,,,,,,,,,0.0,6632,73
2026-27,football,Conference of New England (CCC),ccc,Nichols College,"Zivojinovic,Jacob",Jacob,Zivojinovic,,484,"Zivojinovic,Jacob","ZIVOJINOVIC,JACOB",Nichols College,NIC,695-5247,3,0,48,48,0,0,DL,0,,,,,,,,,,,,,,,,,,,,,,,,,,,,,,,,,,,,,,,,,,,,,,,,,,,,,,,,,,,,,,,,,,,,,,,,,,,,,,,,,,,,,,,,,,,,,,,,,,,,,,,,,,,,,,,,,,,,,,,,,,,,,,,,0.0,6702,72
2026-27,football,Conference of New England (CCC),ccc,Curry College,Omar Lee,Omar,Lee,,170,Omar Lee,"LEE,OMAR",Curry College,CUR,0,2,0,27,27,0,0,0,0,,,,,,,,,,,,,,,,,,,,,,,,,,,,,,,,,,,,,,,,,,,,,,,,0.0,1.0,0.0,0.0,0.0,0.0,0.0,0.0,0.0,6.0,6.0,3.0,9.0,21.0,23.0,2.0,1.0,7.0,2.3,10.5,,,,,,,,,,,,,,,,,,,,,,,,,,,,,,,,,,,,,,,,,,,,,,,,,,,,,,,,,,,,,-0.0134224120948584,6721,72
2026-27,football,Conference of New England (CCC),ccc,Endicott College,"Constantine,David",David,Constantine,,8981,"Constantine,David","CONSTANTINE,DAVID",Endicott College,ECM,0,2,2,2,2C,0,0,DB,0,,,,,,,,0.0,8.0,1.0,9.0,9.0,1.0,0.0,0.0,1.0,0.0,1.0,0.0,0.0,0.0,0.0,0.0,0.0,0.0,0.0,0.0,0.0,0.0,0.0,0.0,,,,,,,,,,,,,,,,,,,,,,,,,,,,,,,,,,,,,,,,,,,,,,,,,,,,,,,,,,,,,,,,,,,,,,,,,,,,,,,,,,,,,,,,,,,,,,,,,-0.0391043913861424,6760,72
2026-27,football,Conference of New England (CCC),ccc,Western New England University,"Surprenant,Rhys",Rhys,Surprenant,,775,"Surprenant,Rhys","SURPRENANT,RHYS",Western New England University,WNE,1022-4166,4,0,95,95,0,0,0,0,,,,,,,,,,,,,,,,,,,,,,,,,,,,,,,,,,,,,,,,,,,,,,,,,,,,,,,,,,,,,,,,,,,,,,,,,,,,,,,,,,,,,,,,,,,,,,13.0,493.0,66.0,1.0,0.0,3.0,2.0,2.0,37.9,,,,,,,,,,,,,,,,,,,,,,,,,,-0.0425374194908118,6775,72
2026-27,football,Conference of New England (CCC),ccc,University of New England,"Lowe,Dylan",Dylan,Lowe,,1255,"Lowe,Dylan","LOWE,DYLAN",University of New England,UNE,990-3027,4,0,95,95,0,0,DL,0,,,,,,,,0.0,2.0,4.0,6.0,6.0,0.5,0.0,0.0,0.0,1.0,1.0,0.0,0.0,0.0,0.0,1.0,0.0,0.0,0.0,0.0,0.0,0.0,0.0,1.0,,,,,,,,,,,,,,,,,,,,,,,,,,,,,,,,,,,,,,,,,,,,,,,,,,,,,,,,,,,,,,,,,,,,,,,,,,,,,,,,,,,,,,,,,,,,,,,,,-0.0492763305182463,6786,72
2026-27,football,Conference of New England (CCC),ccc,Nichols College,"Bolton,Ja'Tavien",Ja'Tavien,Bolton,,484,"Bolton,Ja'Tavien","BOLTON,JA'TAVIEN",Nichols College,NIC,695-4584,3,3,4,4A,0,0,DB,0,,,,,,,,0.0,3.0,5.0,8.0,8.0,0.0,0.0,0.0,0.0,0.0,0.0,0.0,0.0,0.0,0.0,1.0,0.0,0.0,0.0,0.0,0.0,0.0,0.0,1.0,,,,,,,,,,,,,,,,,,,,,,,,,,,,,,,,,,,,,,,,,,,,,,,,,,,,,,,,,,,,,,,,,,,,,,,,,,,,,,,,,,,,,,,,,,,,,,,,,-0.1278908077801003,6897,72
2026-27,football,Conference of New England (CCC),ccc,Endicott College,"Stones,Garoid",Garoid,Stones,,8981,"Stones,Garoid","STONES,GAROID",Endicott College,ECM,0,4,0,19,19,0,0,0,0,,,,,,,,,,,,,,,,,,,,,,,,,,,,,,,,,,,,,,,,,,,,,,,,,,,,,,,,,,,,,,,,,,,,,,,,,,,,,,,,,,,,,,,,,,,,,,12.0,475.0,52.0,0.0,2.0,1.0,1.0,1.0,39.6,,,,,,,,,,,,,,,,,,,,,,,,,,-0.1316506693137825,6915,72
2026-27,football,Conference of New England (CCC),ccc,Nichols College,"Fiorito,Matt",Matt,Fiorito,,484,"Fiorito,Matt","FIORITO,MATT",Nichols College,NIC,695-5207,3,0,93,93,0,0,DL,0,,,,,,,,0.0,4.0,4.0,8.0,8.0,1.0,0.0,0.0,1.0,0.0,3.0,0.0,0.0,0.0,0.0,0.0,0.0,0.0,0.0,0.0,0.0,0.0,0.0,0.0,,,,,,,,,,,,,,,,,,,,,,,,,,,,,,,,,,,,,,,,,,,,,,,,,,,,,,,,,,,,,,,,,,,,,,,,,,,,,,,,,,,,,,,,,,,,,,,,,-0.1386053927647649,6930,72
2026-27,football,Conference of New England (CCC),ccc,Nichols College,"Orvil,Mike",Mike,Orvil,,484,"Orvil,Mike","ORVIL,MIKE",Nichols College,NIC,695-4618,4,0,8,8,0,0,DB,0,,,,,,,,0.0,9.0,7.0,16.0,16.0,0.0,0.0,0.0,0.0,0.0,0.0,0.0,0.0,0.0,0.0,0.0,0.0,0.0,0.0,0.0,0.0,0.0,0.0,0.0,,,,,,,,,,,,,,,,,,,,,,,,,,,,,,,,,,,,,,,,,,,,,,,,,,,,,,,,,,,,,,,,,,,,,,,,,1.0,17.0,0.0,17.0,17.0,,,,,,,,,,,,,,,,,,,,-0.1561070671036432,6956,71
2026-27,football,Conference of New England (CCC),ccc,Western New England University,"Gordon,DJ",DJ,Gordon,,775,"Gordon,DJ","GORDON,DJ",Western New England University,WNE,1022-4138,4,4,3,3,0,0,DB,0,,,,,,,,0.0,7.0,6.0,13.0,13.0,0.0,0.0,0.0,0.0,0.0,0.0,0.0,0.0,0.0,0.0,0.0,0.0,0.0,0.0,0.0,0.0,0.0,0.0,0.0,,,,,,,,,,,,,,,,,,,,,,,,,,,,,,,,,,,,,,,,,,,,,,,,,,,,,,,,,,,,,,,,,,,,,,,,,,,,,,,,,,,,,,,,,,,,,,,,,-0.1963333459098505,7008,71
2026-27,football,Conference of New England (CCC),ccc,Endicott College,"Jackson,Trent",Trent,Jackson,,8981,"Jackson,Trent","JACKSON,TRENT",Endicott College,ECM,0,4,1,51,51,0,0,DL,0,,,,,,,,0.0,7.0,6.0,13.0,13.0,0.0,0.0,0.0,0.0,0.0,0.0,0.0,0.0,0.0,0.0,0.0,0.0,0.0,0.0,0.0,0.0,0.0,0.0,0.0,,,,,,,,,,,,,,,,,,,,,,,,,,,,,,,,,,,,,,,,,,,,,,,,,,,,,,,,,,,,,,,,,,,,,,,,,,,,,,,,,,,,,,,,,,,,,,,,,-0.1963333459098505,7010,71
2026-27,football,Conference of New England (CCC),ccc,Western New England University,"Crawford,Marcus",Marcus,Crawford,,775,"Crawford,Marcus","CRAWFORD,MARCUS",Western New England University,WNE,1022-4729,2,0,24,24,0,RB,0,0,,,,,,,,0.0,0.0,0.0,0.0,0.0,0.0,0.0,0.0,0.0,0.0,0.0,0.0,0.0,0.0,0.0,0.0,0.0,0.0,0.0,0.0,0.0,0.0,0.0,0.0,,,,,,,,,,,,,,,,,0.0,1.0,0.0,0.0,0.0,0.0,0.0,0.0,0.0,6.0,6.0,3.0,20.0,139.0,145.0,6.0,1.0,30.0,7.0,69.5,,,,,,,,,,,,,,,,,,,,,,,,,,,,,,,,,,,,,2.0,54.0,0.0,43.0,27.0,,,,,,,,,,,,,,,,,,,,-0.214035835252777,7034,71
2026-27,football,Conference of New England (CCC),ccc,Maine Maritime Academy,Manny Perez,Manny,Perez,,378,Manny Perez,"PEREZ,MANNY",Maine Maritime Academy,MEM,1208-2513,3,2,52,52,0,0,0,0,,,,,,,,0.0,4.0,3.0,7.0,7.0,0.0,0.0,0.0,0.0,0.0,0.0,0.0,0.0,0.0,0.0,1.0,0.0,0.0,0.0,0.0,0.0,0.0,0.0,1.0,,,,,,,,,,,,,,,,,,,,,,,,,,,,,,,,,,,,,,,,,,,,,,,,,,,,,,,,,,,,,,,,,,,,,,,,,,,,,,,,,,,,,,,,,,,,,,,,,-0.2273918091587228,7063,71
2026-27,football,Conference of New England (CCC),ccc,Husson University,"Trott,Dominic",Dominic,Trott,,1133,"Trott,Dominic","TROTT,DOMINIC",Husson University,HUS,1201-4235,4,3,42,42,0,TE,0,0,,,,,,,,,,,,,,,,,,,,,,,,,,,,,,,,,,,,,,,,,,8.0,61.0,0.0,21.0,7.6,,,,,,,,,,,,,,,,,,,,,,,,,,,,,,,,,,,,,,,,,,,,,,1.0,0.0,,,,,,,,,,,1.0,0.0,0.0,0.0,0.0,,,,,,,,,,,,,,,,,,,,-0.2341400791471111,7071,71
2026-27,football,Conference of New England (CCC),ccc,Husson University,"Hunter,Parker",Parker,Hunter,,1133,"Hunter,Parker","HUNTER,PARKER",Husson University,HUS,1201-4477,4,0,4,4,0,0,0,0,,,,,,,,,,,,,,,,,,,,,,,,,,,,,,,,,,,,,,,,,,,,,,,,,,,,,,,,,,,,,,,,,,,,,,,,,,,,,,,,,,,,,,,,,,,,,,15.0,556.0,51.0,0.0,0.0,7.0,1.0,1.0,37.1,,,,,,,,,,,,,,,,,,,,,,,,,,-0.2500841222357145,7116,71
2026-27,football,Conference of New England (CCC),ccc,Western New England University,"Tokarev,Ben",Ben,Tokarev,,775,"Tokarev,Ben","TOKAREV,BEN",Western New England University,WNE,1022-4767,3,0,90,90,0,0,DL,0,,,,,,,,0.0,2.0,2.0,4.0,4.0,1.5,0.0,0.0,1.0,1.0,8.0,0.0,0.0,0.0,0.0,0.0,1.0,1.0,0.0,0.0,0.0,0.0,0.0,0.0,,,,,,,,,,,,,,,,,,,,,,,,,,,,,,,,,,,,,,,,,,,,,,,,,,,,,,,,,,,,,,,,,,,,,,,,,,,,,,,,,,,,,,,,,,,,,,,,,-0.2589929182601559,7133,71
2026-27,football,Conference of New England (CCC),ccc,Endicott College,"Carrara,Joe",Joe,Carrara,,8981,"Carrara,Joe","CARRARA,JOE",Endicott College,ECM,0,4,0,11,1W,0,WR,0,0,,,,,,,,,,,,,,,,,,,,,,,,,,,,,,,,,,,,,,,,,,6.0,64.0,0.0,24.0,10.7,,,,,,,,,,,,,,,,,,,,,,,,,,,,,,,,,,,,,,,,,,,,,,,,,,,,,,,,,,,,,,,,,,,,,,,,,,,,,,,,,,-0.2603636355815941,7143,71
2026-27,football,Conference of New England (CCC),ccc,New England College,"Breton,Daniel",Daniel,Breton,,467,"Breton,Daniel","BRETON,DANIEL",New England College,NEC,694-4157,4,1,93,93,0,0,DL,0,,,,,,,,0.0,3.0,9.0,12.0,12.0,0.0,0.0,0.0,0.0,0.0,0.0,0.0,0.0,0.0,0.0,0.0,0.0,1.0,0.0,0.0,0.0,0.0,0.0,0.0,,,,,,,,,,,,,,,,,,,,,,,,,,,,,,,,,,,,,,,,,,,,,,,,,,,,,,,,,,,,,,,,,,,,,,,,,,,,,,,,,,,,,,,,,,,,,,,,,-0.295834347288473,7183,71
2026-27,football,Conference of New England (CCC),ccc,Husson University,"Peguero,Jonathan",Jonathan,Peguero,,1133,"Peguero,Jonathan","PEGUERO,JONATHAN",Husson University,HUS,1201-4203,4,0,22,22,0,RB,0,0,,,,,,,,,,,,,,,,,,,,,,,,,,,,,,,,,,,,,,,,,,,,,,,,,,,,,,,,,,,,,,,,,,,,,,,,,,,,,,,,,,,,,,,,,,,,,,,,,,,,,,,,1.0,10.0,0.0,10.0,10.0,,,,,,,,,,,,,,,,,,,,-0.298224139499213,7199,71
2026-27,football,Conference of New England (CCC),ccc,Endicott College,"Gannon,PJ",PJ,Gannon,,8981,"Gannon,PJ","GANNON,PJ",Endicott College,ECM,0,4,0,20,20,0,0,LB,0,,,,,,,,0.0,2.0,4.0,6.0,6.0,0.0,0.0,0.0,0.0,0.0,0.0,0.0,0.0,0.0,0.0,1.0,0.0,0.0,0.0,0.0,0.0,0.0,0.0,1.0,,,,,,,,,,,,,,,,,,,,,,,,,,,,,,,,,,,,,,,,,,,,,,,,,,,,,,,,,,,,,,,,,,,,,,,,,,,,,,,,,,,,,,,,,,,,,,,,,-0.3268928105373453,7240,70
2026-27,football,Conference of New England (CCC),ccc,Western New England University,"Brooks,Will",Will,Brooks,,775,"Brooks,Will","BROOKS,WILL",Western New England University,WNE,1022-4488,3,0,48,48,0,0,DL,0,,,,,,,,0.0,2.0,4.0,6.0,6.0,1.0,0.0,0.0,1.0,0.0,2.0,0.0,0.0,0.0,0.0,0.0,0.0,1.0,0.0,0.0,0.0,0.0,0.0,0.0,,,,,,,,,,,,,,,,,,,,,,,,,,,,,,,,,,,,,,,,,,,,,,,,,,,,,,,,,,,,,,,,,,,,,,,,,,,,,,,,,,,,,,,,,,,,,,,,,-0.3376073955220099,7276,70
2026-27,football,Conference of New England (CCC),ccc,Endicott College,"Steen,Jack",Jack,Steen,,8981,"Steen,Jack","STEEN,JACK",Endicott College,ECM,0,4,2,17,17,0,WR,0,0,,,,,,,,,,,,,,,,,,,,,,,,,,,,,,,,,,,,,,,,,,1.0,8.0,0.0,8.0,8.0,,,,,,,,,,,,,,,,,,,,,,,,,,,,,,,,,,,,,,,,,,,,,,,,,,,,,,,,,,,,,,,,,,,,,,,,,,,,,7.0,90.0,0.0,36.0,12.9,-0.354790672994473,7319,70
2026-27,football,Conference of New England (CCC),ccc,New England College,"Panas,Dylan",Dylan,Panas,,467,"Panas,Dylan","PANAS,DYLAN",New England College,NEC,694-3925,3,0,88,88,0,TE,0,0,,,,,,,,,,,,,,,,,,,,,,,,,,,,,,,,,,,,,,,,,,,,,,,,,,,,,,,,,,,,,,,,,,,,,,,,,,,,,,,,,,,,,,,,,,,,,,,,,,,,,,,,1.0,0.0,0.0,0.0,0.0,,,,,,,,,,,,,,,,,,,,-0.3552918740271458,7323,70
2026-27,football,Conference of New England (CCC),ccc,Western New England University,"Burg,James",James,Burg,,775,"Burg,James","BURG,JAMES",Western New England University,WNE,1022-4159,4,4,84,84,0,TE,0,0,,,,,,,,,,,,,,,,,,,,,,,,,,,,,,,,,,,,,,,,,,4.0,54.0,0.0,25.0,13.5,,0.0,0.0,0.0,0.0,0.0,1.0,0.0,0.0,0.0,2.0,2.0,0.5,,,,,,,,,,,,,,,,,,,,,0.0,0.0,0.0,0.0,0.0,0.0,0.0,1.0,0.0,0.0,0.0,0.0,,,,,,,,,,,,,,,,,,,,,,,,,,,,,,,,,,,,,-0.3773793718116318,7365,70
2026-27,football,Conference of New England (CCC),ccc,Maine Maritime Academy,Liam Sullivan,Liam,Sullivan,,378,Liam Sullivan,"SULLIVAN,LIAM",Maine Maritime Academy,MEM,1208-2309,2,1,56,56,0,0,0,0,,,,,,,,0.0,7.0,4.0,11.0,11.0,0.0,0.0,0.0,0.0,0.0,0.0,0.0,0.0,0.0,0.0,0.0,0.0,0.0,0.0,0.0,0.0,0.0,0.0,0.0,,,,,,,,,,,,,,,,,,,,,,,,,,,,,,,,,,,,,,,,,,,,,,,,,,,,,,,,,,,,,,,,,,,,,,,,,,,,,,,,,,,,,,,,,,,,,,,,,-0.3953353486670955,7379,70
2026-27,football,Conference of New England (CCC),ccc,Western New England University,"Rodrigues,Henry",Henry,Rodrigues,,775,"Rodrigues,Henry","RODRIGUES,HENRY",Western New England University,WNE,1022-3945,4,0,51,51,0,0,LB,0,,,,,,,,0.0,3.0,8.0,11.0,11.0,0.0,0.0,0.0,0.0,0.0,0.0,0.0,0.0,0.0,0.0,0.0,0.0,0.0,0.0,0.0,0.0,0.0,0.0,0.0,,,,,,,,,,,,,,,,,,,,,,,,,,,,,,,,,,,,,,,,,,,,,,,,,,,,,,,,,,,,,,,,,,,,,,,,,,,,,,,,,,,,,,,,,,,,,,,,,-0.3953353486670955,7386,70
2026-27,football,Conference of New England (CCC),ccc,Curry College,Shane Field,Shane,Field,,170,Shane Field,"FIELD,SHANE",Curry College,CUR,0,3,2,9,9,0,0,LB,0,,,,,,,,0.0,3.0,8.0,11.0,11.0,0.0,0.0,0.0,0.0,0.0,0.0,0.0,0.0,0.0,0.0,0.0,0.0,0.0,0.0,0.0,0.0,0.0,0.0,0.0,,,,,,,,,,,,,,,,,,,,,,,,,,,,,,,,,,,,,,,,,,,,,,,,,,,,,,,,,,,,,,,,,,,,,,,,,,,,,,,,,,,,,,,,,,,,,,,,,-0.3953353486670955,7388,70
2026-27,football,Conference of New England (CCC),ccc,Curry College,"Germain,Matthew",Matthew,Germain,,170,"Germain,Matthew","GERMAIN,MATTHEW",Curry College,CUR,0,3,0,93,93,0,0,DL,0,,,,,,,,0.0,4.0,4.0,8.0,8.0,0.5,0.0,0.0,0.0,1.0,1.0,0.0,0.0,0.0,0.0,0.0,0.0,0.0,0.0,0.0,0.0,0.0,0.0,0.0,,,,,,,,,,,,,,,,,,,,,,,,,,,,,,,,,,,,,,,,,,,,,,,,,,,,,,,,,,,,,,,,,,,,,,,,,,,,,,,,,,,,,,,,,,,,,,,,,-0.416221872783864,7413,70
2026-27,football,Conference of New England (CCC),ccc,Endicott College,"Tucci,AJ",AJ,Tucci,,8981,"Tucci,AJ","TUCCI,AJ",Endicott College,ECM,0,4,1,33,3T,0,0,DL,0,,,,,,,,0.0,4.0,4.0,8.0,8.0,0.5,0.0,0.0,0.0,1.0,2.0,0.0,0.0,0.0,0.0,0.0,0.0,0.0,0.0,0.0,0.0,0.0,0.0,0.0,,,,,,,,,,,,,,,,,,,,,,,,,,,,,,,,,,,,,,,,,,,,,,,,,,,,,,,,,,,,,,,,,,,,,,,,,,,,,,,,,,,,,,,,,,,,,,,,,-0.416221872783864,7422,70
2026-27,football,Conference of New England (CCC),ccc,Western New England University,"Caramanica,Jackson",Jackson,Caramanica,,775,"Caramanica,Jackson","CARAMANICA,JACKSON",Western New England University,WNE,1022-4142,4,1,16,16,0,0,DB,0,,,,,,,,0.0,4.0,1.0,5.0,5.0,0.0,0.0,0.0,0.0,0.0,0.0,0.0,0.0,0.0,0.0,1.0,0.0,0.0,0.0,1.0,0.0,0.0,0.0,1.0,,,,,,,,,,,,,,,,,,,,,,,,,,,,,,,,,,,,,,,,,,,,,,,,,,,,,,,,,,,,,,,,,,,,,,,,,,,,,,,,,,,,,,,,,,,,,,,,,-0.4263938119159678,7434,70
2026-27,football,Conference of New England (CCC),ccc,Maine Maritime Academy,Daryl Hooper,Daryl,Hooper,,378,Daryl Hooper,"HOOPER,DARYL",Maine Maritime Academy,MEM,1208-1987,1,0,7,7,0,0,0,0,,,,,,,,0.0,2.0,3.0,5.0,5.0,1.0,0.0,0.0,1.0,0.0,0.0,0.0,0.0,0.0,0.0,0.0,0.0,0.0,0.0,0.0,0.0,0.0,0.0,0.0,,,,,,,,,,,,,,,,,,,,,,,,,,,,,,,,,,,,,,,,,,,,,,,,,,,,,,,,,,,,,,,,,,,,,,,,,,,,,,,,,,,,,,,,,,,,,,,,,-0.4371083969006324,7480,70
2026-27,football,Conference of New England (CCC),ccc,New England College,"Anderson,Fire",Fire,Anderson,,467,"Anderson,Fire","ANDERSON,FIRE",New England College,NEC,694-3673,4,1,1,1,0,RB,0,0,,,,,,,,0.0,1.0,0.0,1.0,1.0,0.0,0.0,0.0,0.0,0.0,0.0,0.0,0.0,0.0,0.0,0.0,0.0,0.0,0.0,0.0,0.0,0.0,0.0,0.0,,,,,,,,,,,2.0,11.0,0.0,14.0,5.5,,0.0,2.0,0.0,0.0,0.0,0.0,0.0,0.0,0.0,12.0,12.0,3.0,36.0,77.0,116.0,39.0,2.0,28.0,2.1,19.3,,,,,,,,,,,,,,,,,,,,,,,,,0.0,0.0,,,,,,,,,,,,,,,,,,,,,,,,,,,,,,,,,,,-0.4390043801026695,7503,70
2026-27,football,Conference of New England (CCC),ccc,Husson University,"Crocker,Caden",Caden,Crocker,,1133,"Crocker,Caden","CROCKER,CADEN",Husson University,HUS,1201-4479,4,3,2,2,0,WR,0,0,,,,,,,,,,,,,,,,,,,,,,,,,,,,,,,,,,,,,,,,,,8.0,44.0,0.0,12.0,5.5,,,,,,,,,,,,,,,,,,,,,,,,,,,,,,,,,,,,,,,,,,,,,,,,,,,,,,,,,,,,,,,,,,,,,,,,,,,,,,,,,,-0.4943951080416695,7552,69
2026-27,football,Conference of New England (CCC),ccc,Nichols College,"Puello,Miguel",Miguel,Puello,,484,"Puello,Miguel","PUELLO,MIGUEL",Nichols College,NIC,695-5230,4,0,95,95,0,0,DL,0,,,,,,,,0.0,3.0,4.0,7.0,7.0,0.5,0.0,0.0,0.0,1.0,1.0,0.0,0.0,0.0,0.0,0.0,0.0,0.0,0.0,0.0,1.0,0.0,0.0,0.0,,,,,,,,,,,,,,,,,,,,,,,,,,,,,,,,,,,,,,,,,,,,,,,,,,,,,,,,,,,,,,,,,,,,,,,,,,,,,,,,,,,,,,,,,,,,,,,,,-0.5157228741624865,7615,69
2026-27,football,Conference of New England (CCC),ccc,Nichols College,"Aylward,Braydon",Braydon,Aylward,,484,"Aylward,Braydon","AYLWARD,BRAYDON",Nichols College,NIC,695-4582,4,0,32,32,0,0,DB,0,,,,,,,,0.0,1.0,3.0,4.0,4.0,0.0,0.0,0.0,0.0,0.0,0.0,0.0,0.0,0.0,0.0,1.0,0.0,0.0,0.0,0.0,0.0,0.0,0.0,1.0,,,,,,,,,,,,,,,,,,,,,,,,,,,,,,,,,,,,,,,,,,,,,,,,,,,,,,,,,,,,,,,,,,,,,,,,,,,,,,,,,,,,,,,,,,,,,,,,,-0.5258948132945904,7624,69
2026-27,football,Conference of New England (CCC),ccc,Husson University,"Paul,Jeremiah",Jeremiah,Paul,,1133,"Paul,Jeremiah","PAUL,JEREMIAH",Husson University,HUS,1201-3794,4,4,1,1,0,0,DB,0,,,,,,,,0.0,3.0,1.0,4.0,4.0,0.0,0.0,0.0,0.0,0.0,0.0,0.0,0.0,0.0,0.0,1.0,0.0,0.0,0.0,0.0,0.0,0.0,0.0,1.0,,,,,,,,,,,,,,,,,,,,,,,,,,,,,,,,,,,,,,,,,,,,,,,,,,,,,,,,,,,,,,,,,,,,,,,,,,,,,,,,,,,,,,,,,,,,,,,,,-0.5258948132945904,7640,69
2026-27,football,Conference of New England (CCC),ccc,Endicott College,"Greene,Mike",Mike,Greene,,8981,"Greene,Mike","GREENE,MIKE",Endicott College,ECM,0,4,3,14,14,0,WR,0,0,,,,,,,,,,,,,,,,,,,,,,,,,,,,,,,,,,,,,,,,,,2.0,41.0,0.0,34.0,20.5,,,,,,,,,,,,,,,,,,,,,,,,,,,,,,,,,,,,,,,,,,,,,,,,,,,,,,,,,,,,,,,,,,,,,,,,,,,,,,,,,,-0.5294998289106809,7654,69
2026-27,football,Conference of New England (CCC),ccc,University of New England,"Horton,Alex",Alex,Horton,,1255,"Horton,Alex","HORTON,ALEX",University of New England,UNE,990-3356,1,0,84,84,0,WR,0,0,,,,,,,,,,,,,,,,,,,,,,,,,,,,,,,,,,,,,,,,,,1.0,38.0,0.0,38.0,38.0,,,,,,,,,,,,,,,,,,,,,,,,,,,,,,,,,,,,,,,,,,,,,,,,,,,,,,,,,,,,,,,,,,,,,,,,,,,,,,,,,,-0.5646045497796922,7704,69
2026-27,football,Conference of New England (CCC),ccc,University of New England,"Profit,Zion",Zion,Profit,,1255,"Profit,Zion","PROFIT,ZION",University of New England,UNE,990-2856,4,0,8,8,0,0,DB,0,,,,,,,,0.0,2.0,3.0,5.0,5.0,0.0,0.0,0.0,0.0,0.0,0.0,0.0,0.0,0.0,0.0,0.0,0.0,0.0,0.0,0.0,1.0,0.0,0.0,0.0,,,,,,,,,,,,,,,,,,,,,,,,,,,,,,,,,,,,,,,,,,,,,,,,,,,,,,,,,,,,,0.0,0.0,,,,,,,,,,,,,,,,,,,,,,,,,,,,,,,,,,,-0.5757212056081904,7723,69
2026-27,football,Conference of New England (CCC),ccc,Western New England University,"Bielawa,Gavin",Gavin,Bielawa,,775,"Bielawa,Gavin","BIELAWA,GAVIN",Western New England University,WNE,1022-4501,3,0,81,81,0,WR,0,0,,,,,,,,,,,,,,,,,,,,,,,,,,,,,,,,,,,,,,,,,,3.0,36.0,0.0,16.0,12.0,,,,,,,,,,,,,,,,,,,,,,,,,,,,,,,,,,,,,,,,,,,,,,,,,,,,,,,,,,,,,,,,,,,,,,,,,,,,,,,,,,-0.5880076970256998,7737,69
2026-27,football,Conference of New England (CCC),ccc,Western New England University,"Bartucca,Drew",Drew,Bartucca,,775,"Bartucca,Drew","BARTUCCA,DREW",Western New England University,WNE,1022-4490,4,0,52,52,0,0,LB,0,,,,,,,,0.0,2.0,7.0,9.0,9.0,0.0,0.0,0.0,0.0,0.0,0.0,0.0,0.0,0.0,0.0,0.0,0.0,0.0,0.0,0.0,0.0,0.0,0.0,0.0,,,,,,,,,,,,,,,,,,,,,,,,,,,,,,,,,,,,,,,,,,,,,,,,,,,,,,,,,,,,,,,,,,,,,,,,,,,,,,,,,,,,,,,,,,,,,,,,,-0.5943373514243406,7748,69
2026-27,football,Conference of New England (CCC),ccc,Nichols College,"Kesell,Dominic",Dominic,Kesell,,484,"Kesell,Dominic","KESELL,DOMINIC",Nichols College,NIC,695-4350,3,3,1,1A,0,0,DL,0,,,,,,,,0.0,4.0,5.0,9.0,9.0,0.0,0.0,0.0,0.0,0.0,0.0,0.0,0.0,0.0,0.0,0.0,0.0,0.0,0.0,0.0,0.0,0.0,0.0,0.0,,,,,,,,,,,,,,,,,,,,,,,,,,,,,,,,,,,,,,,,,,,,,,,,,,,,,,,,,,,,,,,,,,,,,,,,,,,,,,,,,,,,,,,,,,,,,,,,,-0.5943373514243406,7768,69
2026-27,football,Conference of New England (CCC),ccc,Curry College,Michael Burke,Michael,Burke,,170,Michael Burke,"BURKE,MICHAEL",Curry College,CUR,0,4,2,97,97,0,0,0,0,,,,,,,,0.0,4.0,5.0,9.0,9.0,0.0,0.0,0.0,0.0,0.0,0.0,0.0,0.0,0.0,0.0,0.0,0.0,0.0,0.0,0.0,0.0,0.0,0.0,0.0,,,,,,,,,,,,,,,,,,,,,,,,,,,,,,,,,,,,,,,,,,,,,,,,,,,,,,,,,,,,,,,,,,,,,,,,,,,,,,,,,,,,,,,,,,,,,,,,,-0.5943373514243406,7770,69
2026-27,football,Conference of New England (CCC),ccc,Western New England University,"Nelson,Davis",Davis,Nelson,,775,"Nelson,Davis","NELSON,DAVIS",Western New England University,WNE,1022-4158,3,0,9,9,0,WR,0,0,,,,,,,,,,,,,,,,,,,,,,,,,,,,,,,,,,,,,,,,,,2.0,35.0,0.0,24.0,17.5,,,,,,,,,,,,,,,,,,,,,,,,,,,,,,,,,,,,,,,,,,,,,,,,,,,,,,,,,,,,,,,,,,,,,,,,,,,,,,,,,,-0.5997092706487035,7787,69
2026-27,football,Conference of New England (CCC),ccc,New England College,"Normandin,Austin",Austin,Normandin,,467,"Normandin,Austin","NORMANDIN,AUSTIN",New England College,NEC,694-3713,4,4,87,87,0,TE,0,0,,,,,,,,,,,,,,,,,,,,,,,,,,,,,,,,,,,,,,,,,,5.0,34.0,0.0,8.0,6.8,,,,,,,,,,,,,,,,,,,,,,,,,,,,,,,,,,,,,,,,,,,,,,,,,,,,,,,,,,,,,,,,,,,,,,,,,,,,,,,,,,-0.6114108442717073,7806,69
2026-27,football,Conference of New England (CCC),ccc,Nichols College,"Bresnahan,JT",JT,Bresnahan,,484,"Bresnahan,JT","BRESNAHAN,JT",Nichols College,NIC,695-4903,3,3,2,2A,0,0,LB,0,,,,,,,,0.0,3.0,3.0,6.0,6.0,0.5,0.0,0.0,0.0,1.0,1.0,0.0,0.0,0.0,0.0,0.0,0.0,0.0,0.0,0.0,0.0,0.0,0.0,0.0,,,,,,,,,,,,,,,,,,,,,,,,,,,,,,,,,,,,,,,,,,,,,,,,,,,,,,,,,,,,,,,,,,,,,,,,,,,,,,,,,,,,,,,,,,,,,,,,,-0.615223875541109,7809,69
2026-27,football,Conference of New England (CCC),ccc,New England College,"Domond,Joshua",Joshua,Domond,,467,"Domond,Joshua","DOMOND,JOSHUA",New England College,NEC,694-4197,4,4,65,65,0,0,DL,0,,,,,,,,0.0,2.0,4.0,6.0,6.0,0.5,0.0,0.0,0.0,1.0,0.0,0.0,0.0,0.0,0.0,0.0,0.0,1.0,0.0,0.0,0.0,0.0,0.0,0.0,,,,,,,,,,,,,,,,,,,,,,,,,,,,,,,,,,,,,,,,,,,,,,,,,,,,,,,,,,,,,,,,,,,,,,,,,,,,,,,,,,,,,,,,,,,,,,,,,-0.615223875541109,7812,69
2026-27,football,Conference of New England (CCC),ccc,Curry College,Nathan Sampson,Nathan,Sampson,,170,Nathan Sampson,"SAMPSON,NATHAN",Curry College,CUR,0,4,2,26,26,0,0,DB,0,,,,,,,,0.0,3.0,0.0,3.0,3.0,0.0,0.0,0.0,0.0,0.0,0.0,0.0,0.0,0.0,0.0,1.0,0.0,0.0,0.0,0.0,0.0,0.0,0.0,1.0,,,,,,,,,,,,,,,,,,,,,,,,,,,,,,,,,,,,,,,,,,,,,,,,,,,,,,,,,,,,,,,,,,,,,,,,,,,,,,,,,,,,,,,,,,,,,,,,,-0.6253958146732129,7851,68
2026-27,football,Conference of New England (CCC),ccc,New England College,"Szynal,Lucas",Lucas,Szynal,,467,"Szynal,Lucas","SZYNAL,LUCAS",New England College,NEC,694-3899,4,0,34,34,0,0,DB,0,,,,,,,,0.0,2.0,1.0,3.0,3.0,0.0,0.0,0.0,0.0,0.0,0.0,0.0,0.0,0.0,0.0,1.0,0.0,0.0,0.0,0.0,0.0,0.0,0.0,1.0,,,,,,,,,,,,,,,,,,,,,,,,,,,,,,,,,,,,,,,,,,,,,,,,,,,,,,,,,,,,,,,,,,,,,,,,,,,,,,,,,,,,,,,,,,,,,,,,,-0.6253958146732129,7857,68
2026-27,football,Conference of New England (CCC),ccc,Nichols College,Faria Samuel bryan,Faria Samuel,bryan,,484,Faria Samuel bryan,"FARIA,SAMUEL B",Nichols College,NIC,695-5205,2,0,13,13,0,0,0,0,,,,,,,,0.0,3.0,0.0,3.0,3.0,1.0,0.0,0.0,1.0,0.0,6.0,0.0,0.0,0.0,0.0,0.0,1.0,0.0,0.0,0.0,0.0,0.0,0.0,0.0,,,,,,,,,,,,,,,,,,,,,,,,,,,,,,,,,,,,,,,,,,,,,,,,,,,,,,,,,,,,,,,,,,,,,,,,,,,,,,,,,,,,,,,,,,,,,,,,,-0.6361103996578774,7878,68
2026-27,football,Conference of New England (CCC),ccc,Maine Maritime Academy,Karmanii Williams,Karmanii,Williams,,378,Karmanii Williams,"WILLIAMS,KARMANII",Maine Maritime Academy,MEM,1208-2523,2,0,44,44,0,0,0,0,,,,,,,,0.0,2.0,1.0,3.0,3.0,1.0,0.0,0.0,1.0,0.0,0.0,0.0,0.0,0.0,0.0,0.0,0.0,0.0,0.0,0.0,0.0,0.0,0.0,0.0,,,,,,,,,,,,,,,,,,,,,,,,,,,,,,,,,,,,,,,,,,,,,,,,,,,,,,,,,,,,,,,,,,,,,,,,,,,,,,,,,,,,,,,,,,,,,,,,,-0.6361103996578774,7887,68
2026-27,football,Conference of New England (CCC),ccc,Nichols College,"Nash,Evan",Evan,Nash,,484,"Nash,Evan","NASH,EVAN",Nichols College,NIC,695-4924,3,0,65,65,0,OL,0,0,,,,,,,,0.0,1.0,2.0,3.0,3.0,1.0,0.0,0.0,1.0,0.0,3.0,0.0,0.0,0.0,0.0,0.0,0.0,0.0,0.0,0.0,0.0,0.0,0.0,0.0,,,,,,,,,,,,,,,,,,,,,,,,,,,,,,,,,,,,,,,,,,,,,,,,,,,,,,,,,,,,,,,,,,,,,,,,,,,,,,,,,,,,,,,,,,,,,,,,,-0.6361103996578774,7891,68
2026-27,football,Conference of New England (CCC),ccc,Western New England University,Alex Silva,Alex,Silva,,775,Alex Silva,"SILVA,ALEX",Western New England University,WNE,1022-4134,2,1,22,22,0,0,0,0,,,,,,,,,,,,,,,,,,,,,,,,,,,,,,,,,,,,,,,,,,,,,,,,,,,,,,,,,,,,10.0,36.0,38.0,2.0,0.0,14.0,3.6,18.0,,,,,,,,,,,,,,,,,,,,,,,,,,,,,,,,,,,,,,,,,,,,,,,,,,,,,,,,,,,,,-0.6380322485243046,7905,68
2026-27,football,Conference of New England (CCC),ccc,Husson University,"Leavitt,Ethan",Ethan,Leavitt,,1133,"Leavitt,Ethan","LEAVITT,ETHAN",Husson University,HUS,1201-4417,4,0,24,24,0,0,DB,0,,,,,,,,0.0,1.0,3.0,4.0,4.0,0.0,0.0,0.0,0.0,0.0,0.0,0.0,0.0,0.0,0.0,0.0,0.0,0.0,0.0,0.0,1.0,0.0,0.0,0.0,,,,,,,,,,,,,,,,,,,,,,,,,,,,,,,,,,,,,,,,,,,,,,,,,,,,,,,,,,,,,0.0,0.0,,,,,,,,,,,,,,,,,,,,,,,,,,,,,,,,,,,-0.675222206986813,7956,68
2026-27,football,Conference of New England (CCC),ccc,Nichols College,"Pickering,Kyle",Kyle,Pickering,,484,"Pickering,Kyle","PICKERING,KYLE",Nichols College,NIC,695-5227,4,3,7,7,0,WR,0,0,,,,,,,,0.0,2.0,0.0,2.0,2.0,0.0,0.0,0.0,0.0,0.0,0.0,0.0,0.0,0.0,0.0,0.0,0.0,0.0,0.0,0.0,0.0,0.0,0.0,0.0,,,,,,,,,,,3.0,70.0,1.0,43.0,23.3,,0.0,1.0,0.0,0.0,0.0,0.0,0.0,0.0,0.0,6.0,6.0,1.5,,,,,,,,,,,,,,,,,,,,,,,,,,,,,,,,,,,,,,,,,,,,,,,,,,,,,,,,,,,,,,,,,,,,,-0.6764416477577779,7959,68
2026-27,football,Conference of New England (CCC),ccc,University of New England,"Cornett,Cameron",Cameron,Cornett,,1255,"Cornett,Cameron","CORNETT,CAMERON",University of New England,UNE,990-3187,3,0,1,1,0,WR,0,0,,,,,,,,,,,,,,,,,,,,,,,,,,,,,,,,,,,,,,,,,,1.0,28.0,0.0,28.0,28.0,,,,,,,,,,,,,,,,,,,,,,,,,,,,,,,,,,,,,,,,,,,,,,,,,,,,,,,,,,,,,,,,,,,,,,,,,,,,,,,,,,-0.68162028600973,7966,68
2026-27,football,Conference of New England (CCC),ccc,Curry College,"Ssengonzi,Lyle",Lyle,Ssengonzi,,170,"Ssengonzi,Lyle","SSENGONZI,LYLE",Curry College,CUR,0,1,0,20,20,0,0,0,0,,,,,,,,,,,,,,,,,,,,,,,,,,,,,,,,,,,,,,,,,,1.0,28.0,0.0,28.0,28.0,,,,,,,,,,,,,,,,,,,,,,,,,,,,,,,,,,,,,,,,,,,,,,,,,,,,,,,,,,,,,,,,,,,,,,,,,,,,,,,,,,-0.68162028600973,7970,68
2026-27,football,Conference of New England (CCC),ccc,Curry College,Liam Harris,Liam,Harris,,170,Liam Harris,"HARRIS,LIAM",Curry College,CUR,0,1,0,14,14,0,0,0,0,,,,,,,,,,,,,,,,,,,,,,,,,,,,,,,,,,,,,,,,,,1.0,27.0,0.0,27.0,27.0,,,,,,,,,,,,,,,,,,,,,,,,,,,,,,,,,,,,,,,,,,,,,,,,,,,,,,,,,,,,,,,,,,,,,,,,,,,,,,,,,,-0.6933218596327337,7986,68
2026-27,football,Conference of New England (CCC),ccc,Endicott College,"Richardson,Matthew",Matthew,Richardson,,8981,"Richardson,Matthew","RICHARDSON,MATTHEW",Endicott College,ECM,0,3,0,88,88,0,WR,0,0,,,,,,,,,,,,,,,,,,,,,,,,,,,,,,,,,,,,,,,,,,1.0,27.0,0.0,27.0,27.0,,,,,,,,,,,,,,,,,,,,,,,,,,,,,,,,,,,,,,,,,,,,,,,,,,,,,,,,,,,,,,,,,,,,,,,,,,,,,,,,,,-0.6933218596327337,7988,68
2026-27,football,Conference of New England (CCC),ccc,Nichols College,"Aguirre,Derek",Derek,Aguirre,,484,"Aguirre,Derek","AGUIRRE,DEREK",Nichols College,NIC,695-5180,3,0,50,50,0,0,LB,0,,,,,,,,0.0,3.0,5.0,8.0,8.0,0.0,0.0,0.0,0.0,0.0,0.0,0.0,0.0,0.0,0.0,0.0,0.0,0.0,0.0,0.0,0.0,0.0,0.0,0.0,,,,,,,,,,,,,,,,,,,,,,,,,,,,,,,,,,,,,,,,,,,,,,,,,,,,,,,,,,,,,,,,,,,,,,,,,,,,,,,,,,,,,,,,,,,,,,,,,-0.693838352802963,7991,68
2026-27,football,Conference of New England (CCC),ccc,New England College,"Jones,David",David,Jones,,467,"Jones,David","JONES,DAVID",New England College,NEC,694-3928,3,0,59,59,0,0,LB,0,,,,,,,,0.0,1.0,7.0,8.0,8.0,0.0,0.0,0.0,0.0,0.0,0.0,0.0,0.0,0.0,0.0,0.0,0.0,0.0,0.0,0.0,0.0,0.0,0.0,0.0,,,,,,,,,,,,,,,,,,,,,,,,,,,,,,,,,,,,,,,,,,,,,,,,,,,,,,,,,,,,,,,,,,,,,,,,,,,,,,,,,,,,,,,,,,,,,,,,,-0.693838352802963,8008,68
2026-27,football,Conference of New England (CCC),ccc,New England College,"Tapia,Jared",Jared,Tapia,,467,"Tapia,Jared","TAPIA,JARED",New England College,NEC,694-4192,3,0,57,57,0,0,LB,0,,,,,,,,0.0,5.0,3.0,8.0,8.0,0.0,0.0,0.0,0.0,0.0,0.0,0.0,0.0,0.0,0.0,0.0,0.0,0.0,0.0,0.0,0.0,0.0,0.0,0.0,,,,,,,,,,,,,,,,,,,,,,,,,,,,,,,,,,,,,,,,,,,,,,,,,,,,,,,,,,,,,,,,,,,,,,,,,,,,,,,,,,,,,,,,,,,,,,,,,-0.693838352802963,8027,68
2026-27,football,Conference of New England (CCC),ccc,Husson University,"Waterman,Shane",Shane,Waterman,,1133,"Waterman,Shane","WATERMAN,SHANE",Husson University,HUS,1201-4442,4,0,92,92,0,0,DL,0,,,,,,,,0.0,1.0,7.0,8.0,8.0,0.0,0.0,0.0,0.0,0.0,0.0,0.0,0.0,0.0,0.0,0.0,0.0,0.0,0.0,0.0,0.0,0.0,0.0,0.0,,,,,,,,,,,,,,,,,,,,,,,,,,,,,,,,,,,,,,,,,,,,,,,,,,,,,,,,,,,,,,,,,,,,,,,,,,,,,,,,,,,,,,,,,,,,,,,,,-0.693838352802963,8032,68
2026-27,football,Conference of New England (CCC),ccc,Nichols College,"LaGuardia,Ethan",Ethan,LaGuardia,,484,"LaGuardia,Ethan","LAGUARDIA,ETHAN",Nichols College,NIC,695-4920,3,1,5,5,0,WR,0,0,,,,,,,,0.0,0.0,1.0,1.0,1.0,0.5,0.0,0.0,0.0,1.0,2.0,0.0,0.0,0.0,0.0,0.0,0.0,0.0,0.0,0.0,0.0,0.0,0.0,0.0,,,,,,,,,,,7.0,136.0,1.0,65.0,19.4,,0.0,1.0,0.0,0.0,0.0,0.0,0.0,0.0,0.0,6.0,6.0,2.0,1.0,5.0,5.0,0.0,0.0,5.0,5.0,1.7,,,,,,,,,,,,,,,,,,,,,,,,,,,,,,,,,,,,,,,,,,,,,,,,,,,,,,,,,,,,,-0.7151319356060715,8082,68
2026-27,football,Conference of New England (CCC),ccc,Curry College,Ferrante Anthony,Ferrante,Anthony,,170,Ferrante Anthony,"FERRANTE,A",Curry College,CUR,0,4,0,12,12,0,0,0,0,,,,,,,,,,,,,,,,,,,,,,,,,,,,,,,,,,,,,,,,,,2.0,25.0,0.0,13.0,12.5,,,,,,,,,,,,,,,,,,,,,,,,,,,,,,,,,,,,,,,,,,,,,,,,,,,,,,,,,,,,,,,,,,,,,,,,,,,,,,,,,,-0.7167250068787412,8088,68
2026-27,football,Conference of New England (CCC),ccc,Western New England University,"Caron,Sam",Sam,Caron,,775,"Caron,Sam","CARON,SAM",Western New England University,WNE,1022-4130,2,2,13,13,0,0,LB,0,,,,,,,,0.0,0.0,2.0,2.0,2.0,0.0,0.0,0.0,0.0,0.0,0.0,0.0,0.0,0.0,0.0,1.0,0.0,0.0,0.0,0.0,0.0,0.0,0.0,1.0,,,,,,,,,,,,,,,,,,,,,,,,,,,,,,,,,,,,,,,,,,,,,,,,,,,,,,,,,,,,,,,,,,,,,,,,,,,,,,,,,,,,,,,,,,,,,,,,,-0.7248968160518353,8121,67
2026-27,football,Conference of New England (CCC),ccc,Endicott College,"Brown,Garron",Garron,Brown,,8981,"Brown,Garron","BROWN,GARRON",Endicott College,ECM,0,2,0,9,9W,0,WR,0,0,,,,,,,,,,,,,,,,,,,,,,,,,,,,,,,,,,,,,,,,,,,,,,,,,,,,,,,,,,,,6.0,27.0,28.0,1.0,0.0,12.0,4.5,13.5,,,,,,,,,,,,,,,,,,,,,,,,,,,,,,,,,,,,,,,,,,,,,,,,,,,,,,,,,,,,,-0.7399579386450927,8188,67
2026-27,football,Conference of New England (CCC),ccc,Curry College,Sam DeAngelis,Sam,DeAngelis,,170,Sam DeAngelis,"DEANGELIS,SAM",Curry College,CUR,0,3,0,19,19,0,0,0,0,,,,,,,,0.0,0.0,0.0,0.0,0.0,0.0,0.0,0.0,0.0,0.0,0.0,0.0,0.0,0.0,0.0,0.0,0.0,0.0,0.0,0.0,0.0,0.0,0.0,0.0,,,,,,,,,,,3.0,80.0,1.0,46.0,26.7,,0.0,1.0,0.0,0.0,0.0,0.0,0.0,0.0,0.0,6.0,6.0,2.0,,,,,,,,,,,,,,,,,,,,,,,,,,,,,,,,,,,,,,,,,,,,,,,,,,,,,,,,,,,,,,,,,,,,,-0.7584279142849852,8216,67
2026-27,football,Conference of New England (CCC),ccc,Husson University,"Santacroce,Anthony",Anthony,Santacroce,,1133,"Santacroce,Anthony","SANTACROCE,ANTHONY",Husson University,HUS,1201-4436,4,4,23,23,0,RB,0,0,,,,,,,,0.0,0.0,0.0,0.0,0.0,0.0,0.0,0.0,0.0,0.0,0.0,0.0,0.0,0.0,0.0,0.0,0.0,0.0,0.0,0.0,0.0,0.0,0.0,0.0,,,,,,,,,,,4.0,21.0,0.0,11.0,5.3,,0.0,2.0,0.0,0.0,0.0,0.0,0.0,0.0,0.0,12.0,12.0,3.0,60.0,222.0,229.0,7.0,2.0,15.0,3.7,55.5,,,,,,,,,,,,,,,,,,,,,,,,,2.0,2.0,,,,,,,,,,,,,,,,,,,,,,,,,,,,,,,,,,,-0.7608396122355034,8218,67
2026-27,football,Conference of New England (CCC),ccc,Husson University,"Cortina,Seth",Seth,Cortina,,1133,"Cortina,Seth","CORTINA,SETH",Husson University,HUS,1201-4401,1,0,35,35,0,RB,0,0,,,,,,,,,,,,,,,,,,,,,,,,,,,,,,,,,,,,,,,,,,1.0,21.0,0.0,21.0,21.0,,,,,,,,,,,,,,,,,,,,,,,,,,,,,,,,,,,,,,,,,,,,,,,,,,,,,,,,,,,,,,,,,,,,,,,,,,,,,,,,,,-0.7635313013707563,8223,67
2026-27,football,Conference of New England (CCC),ccc,Western New England University,"Jones,Yasir",Yasir,Jones,,775,"Jones,Yasir","JONES,YASIR",Western New England University,WNE,1022-4745,1,0,27,27,0,RB,0,0,,,,,,,,,,,,,,,,,,,,,,,,,,,,,,,,,,,,,,,,,,,,,,,,,,,,,,,,,,,,4.0,23.0,23.0,0.0,0.0,11.0,5.8,23.0,,,,,,,,,,,,,,,,,,,,,,,,,,,,,,,,,,,,,,,,,,,,,,,,,,,,,,,,,,,,,-0.785258245365443,8269,67
2026-27,football,Conference of New England (CCC),ccc,Nichols College,"McCarron,Jace",Jace,McCarron,,484,"McCarron,Jace","MCCARRON,JACE",Nichols College,NIC,695-5221,4,0,27,27,0,0,0,0,,,,,,,,0.0,3.0,0.0,3.0,3.0,0.0,0.0,0.0,0.0,0.0,0.0,0.0,0.0,0.0,0.0,0.0,0.0,0.0,0.0,0.0,0.0,0.0,0.0,0.0,,,,,,,,,,,,,,,,,7.0,0.0,1.0,0.0,0.0,0.0,0.0,0.0,0.0,10.0,10.0,2.5,,,,,,,,,,,,,,,,,,,,,10.0,7.0,0.0,0.0,0.0,0.0,0.0,0.0,0.0,0.0,0.0,0.0,,,,,,,,,,,,,,,,,,1.0,1.0,33.0,0.0,100.0,,,,,18.0,1065.0,3.0,1.0,59.2,,,,,,-0.7907901876675079,8284,67
2026-27,football,Conference of New England (CCC),ccc,University of New England,"Jeanpierre,Jayce",Jayce,Jeanpierre,,1255,"Jeanpierre,Jayce","JEANPIERRE,JAYCE",University of New England,UNE,990-3192,4,0,33,33,0,0,DB,0,,,,,,,,0.0,4.0,3.0,7.0,7.0,0.0,0.0,0.0,0.0,0.0,0.0,0.0,0.0,0.0,0.0,0.0,0.0,0.0,0.0,0.0,0.0,0.0,0.0,0.0,,,,,,,,,,,,,,,,,,,,,,,,,,,,,,,,,,,,,,,,,,,,,,,,,,,,,,,,,,,,,,,,,,,,,,,,,,,,,,,,,,,,,,,,,,,,,,,,,-0.7933393541815856,8309,67
2026-27,football,Conference of New England (CCC),ccc,Curry College,Nachbi Chery,Nachbi,Chery,,170,Nachbi Chery,"CHERY,NACHBI",Curry College,CUR,0,3,3,8,8,0,0,DB,0,,,,,,,,0.0,6.0,1.0,7.0,7.0,0.0,0.0,0.0,0.0,0.0,0.0,0.0,0.0,0.0,0.0,0.0,0.0,0.0,0.0,0.0,0.0,0.0,0.0,0.0,,,,,,,,,,,,,,,,,,,,,,,,,,,,,,,,,,,,,,,,,,,,,,,,,,,,,,,,,,,,,,,,,,,,,,,,,,,,,,,,,,,,,,,,,,,,,,,,,-0.7933393541815856,8322,67
2026-27,football,Conference of New England (CCC),ccc,Husson University,"Snyder,Noah",Noah,Snyder,,1133,"Snyder,Noah","SNYDER,NOAH",Husson University,HUS,1201-4392,4,0,54,54,0,0,LB,0,,,,,,,,0.0,2.0,5.0,7.0,7.0,0.0,0.0,0.0,0.0,0.0,0.0,0.0,0.0,0.0,0.0,0.0,0.0,1.0,0.0,0.0,0.0,0.0,0.0,0.0,,,,,,,,,,,,,,,,,,,,,,,,,,,,,,,,,,,,,,,,,,,,,,,,,,,,,,,,,,,,,,,,,,,,,,,,,,,,,,,,,,,,,,,,,,,,,,,,,-0.7933393541815856,8337,67
2026-27,football,Conference of New England (CCC),ccc,Husson University,"Sow,Malik",Malik,Sow,,1133,"Sow,Malik","SOW,MALIK",Husson University,HUS,1201-4439,4,0,33,33,0,0,DL,0,,,,,,,,0.0,2.0,5.0,7.0,7.0,0.0,0.0,0.0,0.0,0.0,0.0,0.0,0.0,0.0,0.0,0.0,0.0,0.0,0.0,0.0,0.0,0.0,0.0,0.0,,,,,,,,,,,,,,,,,,,,,,,,,,,,,,,,,,,,,,,,,,,,,,,,,,,,,,,,,,,,,,,,,,,,,,,,,,,,,,,,,,,,,,,,,,,,,,,,,-0.7933393541815856,8338,67
2026-27,football,Conference of New England (CCC),ccc,Maine Maritime Academy,"Durgan,Tyler",Tyler,Durgan,,378,"Durgan,Tyler","DURGAN,TYLER",Maine Maritime Academy,MEM,1208-2489,1,0,34,34,0,RB,0,0,,,,,,,,,,,,,,,,,,,,,,,,,,,,,,,,,,,,,,,,,,,,,,,,,,,,,,,,,,,,3.0,20.0,20.0,0.0,0.0,11.0,6.7,20.0,,,,,,,,,,,,,,,,,,,,,,,,,,,,,,,,,,,,,,,,,,,,,,,,,,,,,,,,,,,,,-0.8192334754057057,8426,66
2026-27,football,Conference of New England (CCC),ccc,Western New England University,"Bordieri,Mason",Mason,Bordieri,,775,"Bordieri,Mason","BORDIERI,MASON",Western New England University,WNE,1022-4723,2,0,83,83,0,WR,0,0,,,,,,,,,,,,,,,,,,,,,,,,,,,,,,,,,,,,,,,,,,1.0,16.0,0.0,16.0,16.0,,,,,,,,,,,,,,,,,,,,,,,,,,,,,,,,,,,,,,,,,,,,,,,,,,,,,,,,,,,,,,,,,,,,,,,,,,,,,,,,,,-0.8220391694857752,8429,66
2026-27,football,Conference of New England (CCC),ccc,Maine Maritime Academy,Aidan DeBeck,Aidan,DeBeck,,378,Aidan DeBeck,"DEBECK,AIDAN",Maine Maritime Academy,MEM,1208-2207,3,2,24,24,0,0,0,0,,,,,,,,0.0,3.0,3.0,6.0,6.0,0.0,0.0,0.0,0.0,0.0,0.0,0.0,0.0,0.0,0.0,0.0,0.0,0.0,0.0,0.0,0.0,0.0,0.0,0.0,,,,,,,,,,,,,,,,,,,,,,,,,,,,,,,,,,,,,,,,,,,,,,,,,,,,,,,,,,,,,,,,,,,,,,,,,,,,,,,,,,,,,,,,,,,,,,,,,-0.892840355560208,8644,66
2026-27,football,Conference of New England (CCC),ccc,Western New England University,"Caulfield,Ben",Ben,Caulfield,,775,"Caulfield,Ben","CAULFIELD,BEN",Western New England University,WNE,1022-3924,1,1,7,7,0,0,DB,0,,,,,,,,0.0,4.0,2.0,6.0,6.0,0.0,0.0,0.0,0.0,0.0,0.0,0.0,0.0,0.0,0.0,0.0,0.0,0.0,0.0,0.0,0.0,0.0,0.0,0.0,,,,,,,,,,,,,,,,,,,,,,,,,,,,,,,,,,,,,,,,,,,,,,,,,,,,,,,,,,,,,,,,,,,,,,,,,,,,,,,,,,,,,,,,,,,,,,,,,-0.892840355560208,8652,66
2026-27,football,Conference of New England (CCC),ccc,Curry College,Zachery Nathaniel,Zachery,Nathaniel,,170,Zachery Nathaniel,"ZACHERY,N",Curry College,CUR,0,4,0,34,34,0,0,0,0,,,,,,,,0.0,1.0,1.0,2.0,2.0,0.0,0.0,0.0,0.0,0.0,0.0,0.0,0.0,0.0,0.0,0.0,0.0,0.0,0.0,0.0,0.0,0.0,0.0,0.0,,,,,,,,,,,,,,,,,0.0,1.0,0.0,0.0,0.0,0.0,0.0,0.0,0.0,6.0,6.0,1.5,7.0,57.0,60.0,3.0,1.0,20.0,8.1,14.3,,,,,,,,,,,,,,,,,,,,,,,,,,,,,,,,,,,,,,,,,,,,,,,,,,,,,,,,,,,,,-0.8965640126864041,8729,65
2026-27,football,Conference of New England (CCC),ccc,New England College,"Paradis,Logan",Logan,Paradis,,467,"Paradis,Logan","PARADIS,LOGAN",New England College,NEC,694-3950,2,0,15,15,0,0,LB,0,,,,,,,,,,,,,,,,,,,,,,,,,,,,,,,,,,,,,,,,,,,,,,,,,,,,,,,,,,,,4.0,13.0,16.0,3.0,0.0,13.0,3.3,6.5,,,,,,,,,,,,,,,,,,,,,,,,,,,,,,,,,,,,,,,,,,,,,,,,,,,,,,,,,,,,,-0.8985090121663186,8735,65
2026-27,football,Conference of New England (CCC),ccc,Maine Maritime Academy,Eli Bennett,Eli,Bennett,,378,Eli Bennett,"BENNETT,ELI",Maine Maritime Academy,MEM,1208-2199,3,1,12,12,0,0,0,0,,,,,,,,,,,,,,,,,,,,,,,,,,,,,,,,,,,,,,,,,,3.0,9.0,0.0,7.0,3.0,,,,,,,,,,,,,,,,,,,,,,,,,,,,,,,,,,,,,,,,,,,,,,,,,,,,,,,,,,,,,,,,,,,,,,,,,,,,,,,,,,-0.9039501848468016,8745,65
2026-27,football,Conference of New England (CCC),ccc,Nichols College,Mouhamed Souare,Mouhamed,Souare,,484,Mouhamed Souare,"SOUARE,MOUHAMED",Nichols College,NIC,695-5237,1,0,34,34,0,0,0,0,,,,,,,,0.0,0.0,0.0,0.0,0.0,0.0,0.0,0.0,0.0,0.0,0.0,0.0,0.0,0.0,0.0,1.0,0.0,0.0,0.0,0.0,0.0,0.0,0.0,1.0,,,,,,,,,,,,,,,,,,,,,,,,,,,,,,,,,,,,,,,,,,,,,,,,,,,,,,,,,,,,,,,,,,,,,,,,,,,,,,,,,,,,,,,,,,,,,,,,,-0.9238988188090804,8848,65
2026-27,football,Conference of New England (CCC),ccc,New England College,"Redman,Noah",Noah,Redman,,467,"Redman,Noah","REDMAN,NOAH",New England College,NEC,694-3924,1,0,81,81,0,WR,0,0,,,,,,,,,,,,,,,,,,,,,,,,,,,,,,,,,,,,,,,,,,1.0,4.0,0.0,4.0,4.0,,,,,,,,,,,,,,,,,,,,,,,,,,,,,,,,,,,,,,,,,,,,,,,,,,,,,,,,,,,,,,,,,,,,,,,,,,,,,,,,,,-0.9624580529618204,8975,65
2026-27,football,Conference of New England (CCC),ccc,Curry College,Griffin Landry,Griffin,Landry,,170,Griffin Landry,"LANDRY,GRIFFIN",Curry College,CUR,0,4,2,84,84,0,0,0,0,,,,,,,,0.0,1.0,0.0,1.0,1.0,0.0,0.0,0.0,0.0,0.0,0.0,0.0,0.0,0.0,0.0,0.0,0.0,0.0,0.0,0.0,0.0,0.0,0.0,0.0,,,,,,,,,,,3.0,54.0,1.0,34.0,18.0,,0.0,1.0,0.0,0.0,0.0,0.0,0.0,0.0,0.0,6.0,6.0,1.5,,,,,,,,,,,,,,,,,,,,,,,,,,,,,,,,,,,,,,,,,,,,,,,,,,,,,,,,,,,,,,,,,,,,,-0.9631678271044608,8978,65
2026-27,football,Conference of New England (CCC),ccc,New England College,"Hughes,Chuck",Chuck,Hughes,,467,"Hughes,Chuck","HUGHES,CHUCK",New England College,NEC,694-4171,0,0,85,85,0,WR,0,0,,,,,,,,,,,,,,,,,,,,,,,,,,,,,,,,,,,,,,,,,,,,,,,,,,,,,,,,,,,,,,,,,,,,,,,,,,,,,,,,,,,,,,,,,,,,,,,,,,,,,,,,,,,,,0.0,0.0,0.0,0.0,0.0,,,,,,,,,,,,,,,-0.963242037976394,8983,65
2026-27,football,Conference of New England (CCC),ccc,Husson University,"Kochendoerfer,Aiden",Aiden,Kochendoerfer,,1133,"Kochendoerfer,Aiden","KOCHENDOERFER,AIDEN",Husson University,HUS,1201-4485,2,0,9,9,0,WR,0,0,,,,,,,,,,,,,,,,,,,,,,,,,,,,,,,,,,,,,,,,,,1.0,3.0,0.0,3.0,3.0,,,,,,,,,,,,,,,,,,,,,,,,,,,,,,,,,,,,,,,,,,,,,,,,,,,,,,,,,,,,,,,,,,,,,,,,,,,,,,,,,,-0.974159626584824,9026,64
2026-27,football,Conference of New England (CCC),ccc,Curry College,Ason Jones,Ason,Jones,,170,Ason Jones,"JONES,ASON",Curry College,CUR,0,4,0,51,51,0,0,0,0,,,,,,,,0.0,2.0,3.0,5.0,5.0,0.0,0.0,0.0,0.0,0.0,0.0,0.0,0.0,0.0,0.0,0.0,0.0,0.0,0.0,0.0,0.0,0.0,0.0,0.0,,,,,,,,,,,,,,,,,,,,,,,,,,,,,,,,,,,,,,,,,,,,,,,,,,,,,,,,,,,,,,,,,,,,,,,,,,,,,,,,,,,,,,,,,,,,,,,,,-0.9923413569388306,9080,64
2026-27,football,Conference of New England (CCC),ccc,New England College,"Dickerson,Holden",Holden,Dickerson,,467,"Dickerson,Holden","DICKERSON,HOLDEN",New England College,NEC,694-4162,3,3,66,66,0,0,DL,0,,,,,,,,0.0,2.0,3.0,5.0,5.0,0.0,0.0,0.0,0.0,0.0,0.0,0.0,0.0,0.0,0.0,0.0,0.0,0.0,0.0,0.0,0.0,0.0,0.0,0.0,,,,,,,,,,,,,,,,,,,,,,,,,,,,,,,,,,,,,,,,,,,,,,,,,,,,,,,,,,,,,,,,,,,,,,,,,,,,,,,,,,,,,,,,,,,,,,,,,-0.9923413569388306,9099,64
2026-27,football,Conference of New England (CCC),ccc,Husson University,"Egan,Patrick",Patrick,Egan,,1133,"Egan,Patrick","EGAN,PATRICK",Husson University,HUS,1201-4727,4,0,95,95,0,0,DL,0,,,,,,,,0.0,2.0,3.0,5.0,5.0,0.0,0.0,0.0,0.0,0.0,0.0,0.0,0.0,0.0,0.0,0.0,1.0,0.0,0.0,0.0,0.0,0.0,0.0,0.0,,,,,,,,,,,,,,,,,,,,,,,,,,,,,,,,,,,,,,,,,,,,,,,,,,,,,,,,,,,,,,,,,,,,,,,,,,,,,,,,,,,,,,,,,,,,,,,,,-0.9923413569388306,9102,64
2026-27,football,Conference of New England (CCC),ccc,University of New England,Joseph Osanya,Joseph,Osanya,,1255,Joseph Osanya,"OSANYA,JOSEPH",University of New England,UNE,990-3370,3,0,59,59,0,0,0,0,,,,,,,,0.0,4.0,1.0,5.0,5.0,0.0,0.0,0.0,0.0,0.0,0.0,0.0,0.0,0.0,0.0,0.0,0.0,0.0,0.0,0.0,0.0,0.0,0.0,0.0,,,,,,,,,,,,,,,,,,,,,,,,,,,,,,,,,,,,,,,,,,,,,,,,,,,,,,,,,,,,,,,,,,,,,,,,,,,,,,,,,,,,,,,,,,,,,,,,,-0.9923413569388306,9131,64
2026-27,football,Conference of New England (CCC),ccc,University of New England,"Mugaga,Colin",Colin,Mugaga,,1255,"Mugaga,Colin","MUGAGA,COLIN",University of New England,UNE,990-2840,3,3,35,35,0,0,DL,0,,,,,,,,0.0,4.0,1.0,5.0,5.0,0.0,0.0,0.0,0.0,0.0,0.0,0.0,0.0,0.0,0.0,0.0,0.0,0.0,0.0,0.0,0.0,0.0,0.0,0.0,,,,,,,,,,,,,,,,,,,,,,,,,,,,,,,,,,,,,,,,,,,,,,,,,,,,,,,,,,,,,,,,,,,,,,,,,,,,,,,,,,,,,,,,,,,,,,,,,-0.9923413569388306,9151,64
2026-27,football,Conference of New England (CCC),ccc,Curry College,Norman Stanley,Norman,Stanley,,170,Norman Stanley,"STANLEY,NORMAN",Curry College,CUR,0,3,0,91,91,0,0,0,0,,,,,,,,0.0,2.0,3.0,5.0,5.0,0.0,0.0,0.0,0.0,0.0,0.0,0.0,0.0,0.0,0.0,0.0,0.0,0.0,0.0,0.0,0.0,0.0,0.0,0.0,,,,,,,,,,,,,,,,,,,,,,,,,,,,,,,,,,,,,,,,,,,,,,,,,,,,,,,,,,,,,,,,,,,,,,,,,,,,,,,,,,,,,,,,,,,,,,,,,-0.9923413569388306,9155,64
2026-27,football,Conference of New England (CCC),ccc,New England College,"Sadia,Nate",Nate,Sadia,,467,"Sadia,Nate","SADIA,NATE",New England College,NEC,694-3900,4,4,44,44,0,0,DL,0,,,,,,,,0.0,2.0,3.0,5.0,5.0,0.0,0.0,0.0,0.0,0.0,0.0,0.0,0.0,0.0,0.0,0.0,0.0,0.0,0.0,0.0,0.0,0.0,0.0,0.0,,,,,,,,,,,,,,,,,,,,,,,,,,,,,,,,,,,,,,,,,,,,,,,,,,,,,,,,,,,,,,,,,,,,,,,,,,,,,,,,,,,,,,,,,,,,,,,,,-0.9923413569388306,9168,64
2026-27,football,Conference of New England (CCC),ccc,Western New England University,"Zaremba,Mike",Mike,Zaremba,,775,"Zaremba,Mike","ZAREMBA,MIKE",Western New England University,WNE,1022-4485,4,0,29,29,0,0,LB,0,,,,,,,,0.0,3.0,2.0,5.0,5.0,0.0,0.0,0.0,0.0,0.0,0.0,0.0,0.0,0.0,0.0,0.0,0.0,0.0,0.0,0.0,0.0,0.0,0.0,0.0,,,,,,,,,,,,,,,,,,,,,,,,,,,,,,,,,,,,,,,,,,,,,,,,,,,,,,,,,,,,,,,,,,,,,,,,,,,,,,,,,,,,,,,,,,,,,,,,,-0.9923413569388306,9187,64
2026-27,football,Conference of New England (CCC),ccc,Endicott College,"Barrett,Danny",Danny,Barrett,,8981,"Barrett,Danny","BARRETT,DANNY",Endicott College,ECM,0,3,0,8,8,0,WR,0,0,,,,,,,,,,,,,,,,,,,,,,,,,,,,,,,,,,,,,,,,,,0.0,0.0,0.0,0.0,0.0,,,,,,,,,,,,,,,,,,,,,,,,,,,,,,,,,,,,,,,,,,,,,,,,,,,,,,,,,,,,,,,,,,,,,,,,,,,,,,,,,,-1.0092643474538354,9227,64
2026-27,football,Conference of New England (CCC),ccc,Curry College,Danny Doris,Danny,Doris,,170,Danny Doris,"DORIS,DANNY",Curry College,CUR,0,4,4,44,44,0,TE,0,0,,,,,,,,,,,,,,,,,,,,,,,,,,,,,,,,,,,,,,,,,,0.0,0.0,0.0,0.0,0.0,,,,,,,,,,,,,,,,,,,,,,,,,,,,,,,,,,,,,,,,,,,,,,,,,,,,,,,,,,,,,,,,,,,,,,,,,,,,,,,,,,-1.0092643474538354,9261,64
2026-27,football,Conference of New England (CCC),ccc,Maine Maritime Academy,"Gregory,Micah",Micah,Gregory,,378,"Gregory,Micah","GREGORY,MICAH",Maine Maritime Academy,MEM,1208-2553,1,0,84,84,0,WR,0,0,,,,,,,,,,,,,,,,,,,,,,,,,,,,,,,,,,,,,,,,,,0.0,0.0,0.0,0.0,0.0,,,,,,,,,,,,,,,,,,,,,,,,,,,,,,,,,,,,,,,,,,,,,,,,,,,,,,,,,,,,,,,,,,,,,,,,,,,,,,,,,,-1.0092643474538354,9293,63
2026-27,football,Conference of New England (CCC),ccc,Husson University,"Stewart,Aubrey",Aubrey,Stewart,,1133,"Stewart,Aubrey","STEWART,AUBREY",Husson University,HUS,1201-4216,3,2,7,7,0,WR,0,0,,,,,,,,,,,,,,,,,,,,,,,,,,,,,,,,,,,,,,,,,,0.0,0.0,0.0,0.0,0.0,,,,,,,,,,,,,,,,,,,,,,,,,,,,,,,,,,,,,,,,,,,,,,,,,,,,,,,,,,,,,,,,,,,,,,,,,,,,,,,,,,-1.0092643474538354,9369,63
2026-27,football,Conference of New England (CCC),ccc,Husson University,"Wilson,Roger",Roger,Wilson,,1133,"Wilson,Roger","WILSON,ROGER",Husson University,HUS,1201-4769,3,0,85,85,0,TE,0,0,,,,,,,,,,,,,,,,,,,,,,,,,,,,,,,,,,,,,,,,,,0.0,0.0,0.0,0.0,0.0,,,,,,,,,,,,,,,,,,,,,,,,,,,,,,,,,,,,,,,,,,,,,,,,,,,,,,,,,,,,,,,,,,,,,,,,,,,,,,,,,,-1.0092643474538354,9392,63
2026-27,football,Conference of New England (CCC),ccc,Maine Maritime Academy,"Ouellette,Aiden",Aiden,Ouellette,,378,"Ouellette,Aiden","OUELLETTE,AIDEN",Maine Maritime Academy,MEM,1208-2510,2,0,16,16,0,QB,0,0,,,,,,,,,,,,,,,,,,,,,,,,,,,,,,,,,,,,,,,,,,,,,,,,,,,,,,,,,,,,3.0,1.0,3.0,2.0,0.0,2.0,0.3,0.5,,,,,,,,,,,,,,,,,,,,,,,,,,,,,,,,,,,,,,,,,,,,,,,,,,,,,,,,,,,,,-1.0344099323273697,9492,63
2026-27,football,Conference of New England (CCC),ccc,Endicott College,"King,Sean",Sean,King,,8981,"King,Sean","KING,SEAN",Endicott College,ECM,0,4,4,74,74,0,OL,0,0,,,,,,,,,,,,,,,,,,,,,,,,,,,,,,,,,,,,,,,,,,,,,,,,,,,,,,,,,,,,0.0,0.0,0.0,0.0,0.0,0.0,0.0,0.0,,,,,,,,,,,,,,,,,,,,,,,,,,,,,,,,,,,,,,,,,,,,,,,,,,,,,,,,,,,,,-1.045735009007457,9543,63
2026-27,football,Conference of New England (CCC),ccc,Husson University,"Tolliver,Jeremiah",Jeremiah,Tolliver,,1133,"Tolliver,Jeremiah","TOLLIVER,JEREMIAH",Husson University,HUS,1201-4447,4,4,76,76,0,OL,0,0,,,,,,,,,,,,,,,,,,,,,,,,,,,,,,,,,,,,,,,,,,,,,,,,,,,,,,,,,,,,0.0,0.0,0.0,0.0,0.0,0.0,0.0,0.0,,,,,,,,,,,,,,,,,,,,,,,,,,,,,,,,,,,,,,,,,,,,,,,,,,,,,,,,,,,,,-1.045735009007457,9566,63
2026-27,football,Conference of New England (CCC),ccc,New England College,"Leonard,Edward",Edward,Leonard,,467,"Leonard,Edward","LEONARD,EDWARD",New England College,NEC,694-4179,3,0,33,33,0,RB,0,0,,,,,,,,,,,,,,,,,,,,,,,,,,,,,,,,,,,,,,,,,,,,,,,,,,,,,,,,,,,,2.0,-2.0,0.0,2.0,0.0,0.0,-1.0,-0.7,,,,,,,,,,,,,,,,,,,,,,,,,,,,,,,,,,,,,,,,,,,,,,,,,,,,,,,,,,,,,-1.0683851623676324,9604,62
2026-27,football,Conference of New England (CCC),ccc,Curry College,Luke Fernald,Luke,Fernald,,170,Luke Fernald,"FERNALD,LUKE",Curry College,CUR,0,1,0,10,10,0,0,0,0,,,,,,,,,,,,,,,,,,,,,,,,,,,,,,,,,,,,,,,,,,,,,,,,,,,,,,,,,,,,1.0,5.0,5.0,0.0,0.0,5.0,5.0,5.0,0.0,0.0,27.0,0.0,27.0,0.0,1.0,1.0,326.8,27.0,27.0,27.0,,,,,,,,,,,,,,,,,,,,,,,,,,,,,,,,,,,,,,,,,,,,,,,,,-1.082368262079743,9643,62
2026-27,football,Conference of New England (CCC),ccc,University of New England,Anton Sodervall,Anton,Sodervall,,1255,Anton Sodervall,"SODERVALL,ANTON",University of New England,UNE,990-3376,3,0,97,97,0,0,0,0,,,,,,,,0.0,1.0,3.0,4.0,4.0,0.0,0.0,0.0,0.0,0.0,0.0,0.0,0.0,0.0,0.0,0.0,0.0,0.0,0.0,0.0,0.0,0.0,0.0,0.0,,,,,,,,,,,,,,,,,,,,,,,,,,,,,,,,,,,,,,,,,,,,,,,,,,,,,,,,,,,,,,,,,,,,,,,,,,,,,,,,,,,,,,,,,,,,,,,,,-1.0918423583174532,9686,62
2026-27,football,Conference of New England (CCC),ccc,Endicott College,"Barrett,Owen",Owen,Barrett,,8981,"Barrett,Owen","BARRETT,OWEN",Endicott College,ECM,0,3,0,3,3D,0,0,LB,0,,,,,,,,0.0,2.0,2.0,4.0,4.0,0.0,0.0,0.0,0.0,0.0,0.0,0.0,0.0,0.0,0.0,0.0,0.0,1.0,0.0,0.0,0.0,0.0,0.0,0.0,,,,,,,,,,,,,,,,,,,,,,,,,,,,,,,,,,,,,,,,,,,,,,,,,,,,,,,,,,,,,,,,,,,,,,,,,,,,,,,,,,,,,,,,,,,,,,,,,-1.0918423583174532,9691,62
2026-27,football,Conference of New England (CCC),ccc,Western New England University,"Bunnell,Brayden",Brayden,Bunnell,,775,"Bunnell,Brayden","BUNNELL,BRAYDEN",Western New England University,WNE,1022-3936,3,2,28,28,0,0,DB,0,,,,,,,,0.0,2.0,2.0,4.0,4.0,0.0,0.0,0.0,0.0,0.0,0.0,0.0,0.0,0.0,0.0,0.0,0.0,0.0,0.0,0.0,0.0,0.0,0.0,0.0,,,,,,,,,,,,,,,,,,,,,,,,,,,,,,,,,,,,,,,,,,,,,,,,,,,,,,,,,,,,,,,,,,,,,,,,,,,,,,,,,,,,,,,,,,,,,,,,,-1.0918423583174532,9702,62
2026-27,football,Conference of New England (CCC),ccc,Maine Maritime Academy,Chance Grant,Chance,Grant,,378,Chance Grant,"GRANT,CHANCE",Maine Maritime Academy,MEM,1208-2498,2,0,97,97,0,0,0,0,,,,,,,,0.0,2.0,2.0,4.0,4.0,0.0,0.0,0.0,0.0,0.0,0.0,0.0,0.0,0.0,0.0,0.0,0.0,0.0,0.0,0.0,0.0,0.0,0.0,0.0,,,,,,,,,,,,,,,,,,,,,,,,,,,,,,,,,,,,,,,,,,,,,,,,,,,,,,,,,,,,,,,,,,,,,,,,,,,,,,,,,,,,,,,,,,,,,,,,,-1.0918423583174532,9708,62
2026-27,football,Conference of New England (CCC),ccc,Endicott College,"Danson,Luke",Luke,Danson,,8981,"Danson,Luke","DANSON,LUKE",Endicott College,ECM,0,4,0,53,53,0,0,DL,0,,,,,,,,0.0,2.0,2.0,4.0,4.0,0.0,0.0,0.0,0.0,0.0,0.0,0.0,0.0,0.0,0.0,0.0,0.0,1.0,0.0,0.0,0.0,0.0,0.0,0.0,,,,,,,,,,,,,,,,,,,,,,,,,,,,,,,,,,,,,,,,,,,,,,,,,,,,,,,,,,,,,,,,,,,,,,,,,,,,,,,,,,,,,,,,,,,,,,,,,-1.0918423583174532,9718,62
2026-27,football,Conference of New England (CCC),ccc,New England College,"Fairfax,DaShawn",DaShawn,Fairfax,,467,"Fairfax,DaShawn","FAIRFAX,DASHAWN",New England College,NEC,694-4196,4,4,22,22,0,0,LB,0,,,,,,,,0.0,3.0,1.0,4.0,4.0,0.0,0.0,0.0,0.0,0.0,0.0,0.0,0.0,0.0,0.0,0.0,1.0,0.0,0.0,0.0,0.0,0.0,0.0,0.0,,,,,,,,,,,,,,,,,,,,,,,,,,,,,,,,,,,,,,,,,,,,,,,,,,,,,,,,,,,,,,,,,,,,,,,,,,,,,,,,,,,,,,,,,,,,,,,,,-1.0918423583174532,9728,62
2026-27,football,Conference of New England (CCC),ccc,Nichols College,"Farnese,Adrian",Adrian,Farnese,,484,"Farnese,Adrian","FARNESE,ADRIAN",Nichols College,NIC,695-4911,3,0,12,1C,0,0,DB,0,,,,,,,,0.0,2.0,2.0,4.0,4.0,0.0,0.0,0.0,0.0,0.0,0.0,0.0,0.0,0.0,0.0,0.0,0.0,0.0,0.0,0.0,0.0,0.0,0.0,0.0,,,,,,,,,,,,,,,,,,,,,,,,,,,,,,,,,,,,,,,,,,,,,,,,,,,,,,,,,,,,,,,,,,,,,,,,,,,,,,,,,,,,,,,,,,,,,,,,,-1.0918423583174532,9730,62
2026-27,football,Conference of New England (CCC),ccc,Maine Maritime Academy,"Hopper Jr.,Daryl",Daryl,Hopper Jr.,,378,"Hopper Jr.,Daryl","HOPPER JR.,DARYL",Maine Maritime Academy,MEM,0,2,2,7,7,0,0,DL,0,,,,,,,,0.0,1.0,3.0,4.0,4.0,0.0,0.0,0.0,0.0,0.0,0.0,0.0,0.0,0.0,0.0,0.0,0.0,1.0,0.0,0.0,0.0,0.0,0.0,0.0,,,,,,,,,,,,,,,,,,,,,,,,,,,,,,,,,,,,,,,,,,,,,,,,,,,,,,,,,,,,,,,,,,,,,,,,,,,,,,,,,,,,,,,,,,,,,,,,,-1.0918423583174532,9751,62
2026-27,football,Conference of New England (CCC),ccc,New England College,"McDonough,Owen",Owen,McDonough,,467,"McDonough,Owen","MCDONOUGH,OWEN",New England College,NEC,694-3990,3,0,29,29,0,0,DB,0,,,,,,,,0.0,2.0,2.0,4.0,4.0,0.0,0.0,0.0,0.0,0.0,0.0,0.0,0.0,0.0,0.0,0.0,0.0,0.0,0.0,0.0,0.0,0.0,0.0,0.0,,,,,,,,,,,,,,,,,,,,,,,,,,,,,,,,,,,,,,,,,,,,,,,,,,,,,,,,,,,,,,,,,,,,,,,,,,,,,,,,,,,,,,,,,,,,,,,,,-1.0918423583174532,9785,62
2026-27,football,Conference of New England (CCC),ccc,Husson University,"McNulty,Gavin",Gavin,McNulty,,1133,"McNulty,Gavin","MCNULTY,GAVIN",Husson University,HUS,1201-4199,4,1,53,53,0,0,LB,0,,,,,,,,0.0,1.0,3.0,4.0,4.0,0.0,0.0,0.0,0.0,0.0,0.0,0.0,0.0,0.0,0.0,0.0,0.0,0.0,0.0,0.0,0.0,0.0,0.0,0.0,,,,,,,,,,,,,,,,,,,,,,,,,,,,,,,,,,,,,,,,,,,,,,,,,,,,,,,,,,,,,,,,,,,,,,,,,,,,,,,,,,,,,,,,,,,,,,,,,-1.0918423583174532,9787,62
2026-27,football,Conference of New England (CCC),ccc,Nichols College,"Prum,Ethan",Ethan,Prum,,484,"Prum,Ethan","PRUM,ETHAN",Nichols College,NIC,695-5229,4,0,33,33,0,0,DB,0,,,,,,,,0.0,2.0,2.0,4.0,4.0,0.0,0.0,0.0,0.0,0.0,0.0,0.0,0.0,0.0,0.0,0.0,0.0,0.0,0.0,0.0,0.0,0.0,0.0,0.0,,,,,,,,,,,,,,,,,,,,,,,,,,,,,,,,,,,,,,,,,,,,,,,,,,,,,,,,,,,,,,,,,,,,,,,,,,,,,,,,,,,,,,,,,,,,,,,,,-1.0918423583174532,9816,62
2026-27,football,Conference of New England (CCC),ccc,Western New England University,"Royal,Chase",Chase,Royal,,775,"Royal,Chase","ROYAL,CHASE",Western New England University,WNE,1022-4763,2,0,17,1H,0,0,DB,0,,,,,,,,0.0,4.0,0.0,4.0,4.0,0.0,0.0,0.0,0.0,0.0,0.0,0.0,0.0,0.0,0.0,0.0,0.0,0.0,0.0,0.0,0.0,0.0,0.0,0.0,,,,,,,,,,,,,,,,,,,,,,,,,,,,,,,,,,,,,,,,,,,,,,,,,,,,,,,,,,,,,,,,,,,,,,,,,,,,,,,,,,,,,,,,,,,,,,,,,-1.0918423583174532,9827,62
2026-27,football,Conference of New England (CCC),ccc,Nichols College,"Murphy,Justyn",Justyn,Murphy,,484,"Murphy,Justyn","MURPHY,JUSTYN",Nichols College,NIC,695-4615,4,4,3,3,0,WR,0,0,,,,,,,,0.0,2.0,0.0,2.0,2.0,0.0,0.0,0.0,0.0,0.0,0.0,0.0,0.0,0.0,0.0,0.0,0.0,0.0,0.0,0.0,0.0,0.0,0.0,0.0,,,,,,,,,,,8.0,96.0,0.0,50.0,12.0,,,,,,,,,,,,,,,,,,,,,,,,,,,,,,,,,,,,,,,,,,,,,,,,,,,,,,,,,,,,,,,,,,,,,,,,,,,,,,,,,,-1.1767576407201716,9975,61
2026-27,football,Conference of New England (CCC),ccc,Husson University,Chad Monty,Chad,Monty,,1133,Chad Monty,"MONTY,CHAD",Husson University,HUS,1201-4748,2,0,36,36,0,0,0,0,,,,,,,,,,,,,,,,,,,,,,,,,,,,,,,,,,,,,,,,,,,,,,,,,,,,,,,,,,,,3.0,10.0,10.0,0.0,0.0,5.0,3.3,5.0,,,,,,,,,,,,,,,,,,,,,,,,,,,,,,,,,,,,,1.0,18.0,0.0,18.0,18.0,,,,,,,,,,,,,,,,,,,,-1.185054194083448,9986,61
2026-27,football,Conference of New England (CCC),ccc,University of New England,"Adams,Jonathan",Jonathan,Adams,,1255,"Adams,Jonathan","ADAMS,JONATHAN",University of New England,UNE,990-3334,4,0,94,94,0,0,0,0,,,,,,,,0.0,2.0,1.0,3.0,3.0,0.0,0.0,0.0,0.0,0.0,0.0,0.0,0.0,0.0,0.0,0.0,0.0,0.0,0.0,0.0,0.0,0.0,0.0,0.0,,,,,,,,,,,,,,,,,,,,,,,,,,,,,,,,,,,,,,,,,,,,,,,,,,,,,,,,,,,,,,,,,,,,,,,,,,,,,,,,,,,,,,,20.0,1038.0,0.0,1.0,51.9,,,,,,-1.1913433596960756,9994,61
2026-27,football,Conference of New England (CCC),ccc,Maine Maritime Academy,Brady Smith,Brady,Smith,,378,Brady Smith,"SMITH,BRADY",Maine Maritime Academy,MEM,1208-2518,2,0,31,31,0,0,0,0,,,,,,,,0.0,2.0,1.0,3.0,3.0,0.0,0.0,0.0,0.0,0.0,0.0,0.0,0.0,0.0,0.0,0.0,0.0,0.0,0.0,0.0,0.0,0.0,0.0,0.0,,,,,,,,,,,,,,,,,,,,,,,,,,,,,,,,,,,,,,,,,,,,,,,,,,,,,,,,,,,,,,,,,,,,,,,,,,,,,,,,,,,,,,,,,,,,,,,,,-1.1913433596960756,10018,61
2026-27,football,Conference of New England (CCC),ccc,Curry College,E. R Vasquez-Ba,E. R,Vasquez-Ba,,170,E. R Vasquez-Ba,"VASQUEZ-BA,E R",Curry College,CUR,0,1,1,98,98,0,0,DL,0,,,,,,,,0.0,2.0,1.0,3.0,3.0,0.0,0.0,0.0,0.0,0.0,0.0,0.0,0.0,0.0,0.0,0.0,0.0,0.0,0.0,0.0,0.0,0.0,0.0,0.0,,,,,,,,,,,,,,,,,,,,,,,,,,,,,,,,,,,,,,,,,,,,,,,,,,,,,,,,,,,,,,,,,,,,,,,,,,,,,,,,,,,,,,,,,,,,,,,,,-1.1913433596960756,10049,61
2026-27,football,Conference of New England (CCC),ccc,Maine Maritime Academy,"Gaudette,Zach",Zach,Gaudette,,378,"Gaudette,Zach","GAUDETTE,ZACH",Maine Maritime Academy,MEM,1208-2496,2,1,55,55,0,0,LB,0,,,,,,,,0.0,2.0,1.0,3.0,3.0,0.0,0.0,0.0,0.0,0.0,0.0,0.0,0.0,0.0,0.0,0.0,0.0,0.0,0.0,0.0,0.0,0.0,0.0,0.0,,,,,,,,,,,,,,,,,,,,,,,,,,,,,,,,,,,,,,,,,,,,,,,,,,,,,,,,,,,,,,,,,,,,,,,,,,,,,,,,,,,,,,,,,,,,,,,,,-1.1913433596960756,10064,61
2026-27,football,Conference of New England (CCC),ccc,Nichols College,"Gurley,Michael",Michael,Gurley,,484,"Gurley,Michael","GURLEY,MICHAEL",Nichols College,NIC,695-4914,3,2,3,3A,0,0,DB,0,,,,,,,,0.0,1.0,2.0,3.0,3.0,0.0,0.0,0.0,0.0,0.0,0.0,0.0,0.0,0.0,0.0,0.0,0.0,0.0,0.0,0.0,0.0,0.0,0.0,0.0,,,,,,,,,,,,,,,,,,,,,,,,,,,,,,,,,,,,,,,,,,,,,,,,,,,,,,,,,,,,,,,,,,,,,,,,,,,,,,,,,,,,,,,,,,,,,,,,,-1.1913433596960756,10074,61
2026-27,football,Conference of New England (CCC),ccc,Nichols College,"Harris,Darrell",Darrell,Harris,,484,"Harris,Darrell","HARRIS,DARRELL",Nichols College,NIC,695-5212,3,0,11,1B,0,0,LB,0,,,,,,,,0.0,0.0,3.0,3.0,3.0,0.0,0.0,0.0,0.0,0.0,0.0,0.0,0.0,0.0,0.0,0.0,0.0,0.0,0.0,0.0,0.0,0.0,0.0,0.0,,,,,,,,,,,,,,,,,,,,,,,,,,,,,,,,,,,,,,,,,,,,,,,,,,,,,,,,,,,,,,,,,,,,,,,,,,,,,,,,,,,,,,,,,,,,,,,,,-1.1913433596960756,10080,61
2026-27,football,Conference of New England (CCC),ccc,Western New England University,"LaBonte,CJ",CJ,LaBonte,,775,"LaBonte,CJ","LABONTE,CJ",Western New England University,WNE,1022-4464,2,0,10,10,0,WR,0,0,,,,,,,,0.0,0.0,3.0,3.0,3.0,0.0,0.0,0.0,0.0,0.0,0.0,0.0,0.0,0.0,0.0,0.0,0.0,0.0,0.0,0.0,0.0,0.0,0.0,0.0,,,,,,,,,,,,,,,,,,,,,,,,,,,,,,,,,,,,,,,,,,,,,,,,,,,,,,,,,,,,,,,,,,,,,,,,,,,,,,,,,,,,,,,,,,,,,,,,,-1.1913433596960756,10121,61
2026-27,football,Conference of New England (CCC),ccc,Endicott College,"Lett,TJ",TJ,Lett,,8981,"Lett,TJ","LETT,TJ",Endicott College,ECM,0,1,0,10,1L,0,0,DB,0,,,,,,,,0.0,2.0,1.0,3.0,3.0,0.0,0.0,0.0,0.0,0.0,0.0,0.0,0.0,0.0,0.0,0.0,0.0,0.0,0.0,0.0,0.0,0.0,0.0,0.0,,,,,,,,,,,,,,,,,,,,,,,,,,,,,,,,,,,,,,,,,,,,,,,,,,,,,,,,,,,,,,,,,,,,,,,,,,,,,,,,,,,,,,,,,,,,,,,,,-1.1913433596960756,10126,61
2026-27,football,Conference of New England (CCC),ccc,New England College,"Lynn,Shane",Shane,Lynn,,467,"Lynn,Shane","LYNN,SHANE",New England College,NEC,694-4181,2,0,45,45,0,0,DB,0,,,,,,,,0.0,1.0,2.0,3.0,3.0,0.0,0.0,0.0,0.0,0.0,0.0,0.0,0.0,0.0,0.0,0.0,0.0,0.0,0.0,0.0,0.0,0.0,0.0,0.0,,,,,,,,,,,,,,,,,,,,,,,,,,,,,,,,,,,,,,,,,,,,,,,,,,,,,,,,,,,,,,,,,,,,,,,,,,,,,,,,,,,,,,,,,,,,,,,,,-1.1913433596960756,10128,61
2026-27,football,Conference of New England (CCC),ccc,Curry College,Mekhi Lumsden,Mekhi,Lumsden,,170,Mekhi Lumsden,"LUMSDEN,MEKHI",Curry College,CUR,0,3,0,23,23,0,0,0,0,,,,,,,,0.0,3.0,0.0,3.0,3.0,0.0,0.0,0.0,0.0,0.0,0.0,0.0,0.0,0.0,0.0,0.0,0.0,0.0,0.0,0.0,0.0,0.0,0.0,0.0,,,,,,,,,,,,,,,,,,,,,,,,,,,,,,,,,,,,,,,,,,,,,,,,,,,,,,,,,,,,,,,,,,,,,,,,,,,,,,,,,,,,,,,,,,,,,,,,,-1.1913433596960756,10138,61
2026-27,football,Conference of New England (CCC),ccc,Maine Maritime Academy,Nick Eremita,Nick,Eremita,,378,Nick Eremita,"EREMITA,NICK",Maine Maritime Academy,MEM,1208-2492,2,0,25,25,0,0,0,0,,,,,,,,0.0,1.0,2.0,3.0,3.0,0.0,0.0,0.0,0.0,0.0,0.0,0.0,0.0,0.0,0.0,0.0,0.0,0.0,0.0,0.0,0.0,0.0,0.0,0.0,,,,,,,,,,,,,,,,,,,,,,,,,,,,,,,,,,,,,,,,,,,,,,,,,,,,,,,,,,,,,,,,,,,,,,,,,,,,,,,,,,,,,,,,,,,,,,,,,-1.1913433596960756,10156,61
2026-27,football,Conference of New England (CCC),ccc,Endicott College,"Drosopoulos,Nick",Nick,Drosopoulos,,8981,"Drosopoulos,Nick","DROSOPOULOS,NICK",Endicott College,ECM,0,4,0,97,9K,0,0,0,0,,,,,,,,0.0,0.0,0.0,0.0,0.0,0.0,0.0,0.0,0.0,0.0,0.0,0.0,0.0,0.0,0.0,0.0,0.0,0.0,0.0,0.0,0.0,0.0,0.0,0.0,,,,,,,,,,,,,,,,,16.0,0.0,2.0,0.0,0.0,0.0,0.0,0.0,0.0,22.0,22.0,5.5,,,,,,,,,,,,,,,,,,,,,19.0,16.0,0.0,0.0,0.0,0.0,0.0,0.0,0.0,0.0,0.0,0.0,,,,,,,,,,,,,,,,,,2.0,4.0,30.0,1.0,50.0,,,,,,,,,,,,,,,-1.2227870443035516,10264,60
2026-27,football,Conference of New England (CCC),ccc,Maine Maritime Academy,"Sullivan,Aiden",Aiden,Sullivan,,378,"Sullivan,Aiden","SULLIVAN,AIDEN",Maine Maritime Academy,MEM,1208-2087,2,0,15,15,0,0,0,0,,,,,,,,,,,,,,,,,,,,,,,,,,,,,,,,,,,,,,,,,,0.0,0.0,0.0,0.0,0.0,,,,,,,,,,,,,,,,,,,,,,,,,,,,,,,,,,,,,,,,,,,,,,,,3.0,124.0,64.0,0.0,1.0,1.0,1.0,0.0,41.3,,,,,,,,,,,,,,,,,,,,,,,,,,-1.2300282665905888,10280,60
2026-27,football,Conference of New England (CCC),ccc,University of New England,Dante Howard,Dante,Howard,,1255,Dante Howard,"HOWARD,DANTE",University of New England,UNE,990-3188,3,0,12,12,0,0,0,0,,,,,,,,0.0,0.0,0.0,0.0,0.0,0.0,0.0,0.0,0.0,0.0,0.0,0.0,0.0,0.0,0.0,0.0,0.0,0.0,0.0,0.0,0.0,0.0,0.0,0.0,,,,,,,,,,,4.0,103.0,1.0,35.0,25.8,,0.0,1.0,0.0,0.0,0.0,0.0,0.0,0.0,0.0,6.0,6.0,2.0,1.0,23.0,23.0,0.0,0.0,23.0,23.0,7.7,,,,,,,,,,,,,,,,,,,,,,,,,,,,,,,,,,,,,,,,,,,,,,,,,,,,,,,,,,,,,-1.274549966321341,10320,60
2026-27,football,Conference of New England (CCC),ccc,Western New England University,"Albert,Noah",Noah,Albert,,775,"Albert,Noah","ALBERT,NOAH",Western New England University,WNE,1022-4717,2,0,35,1A,0,0,DB,0,,,,,,,,0.0,0.0,2.0,2.0,2.0,0.0,0.0,0.0,0.0,0.0,0.0,0.0,0.0,0.0,0.0,0.0,0.0,0.0,0.0,0.0,0.0,0.0,0.0,0.0,,,,,,,,,,,,,,,,,,,,,,,,,,,,,,,,,,,,,,,,,,,,,,,,,,,,,,,,,,,,,,,,,,,,,,,,,,,,,,,,,,,,,,,,,,,,,,,,,-1.290844361074698,10339,60
2026-27,football,Conference of New England (CCC),ccc,Western New England University,Anthony Silva,Anthony,Silva,,775,Anthony Silva,"SILVA,ANTHONY",Western New England University,WNE,1022-4480,1,0,32,32,0,0,0,0,,,,,,,,0.0,1.0,1.0,2.0,2.0,0.0,0.0,0.0,0.0,0.0,0.0,0.0,0.0,0.0,0.0,0.0,0.0,0.0,0.0,0.0,0.0,0.0,0.0,0.0,,,,,,,,,,,,,,,,,,,,,,,,,,,,,,,,,,,,,,,,,,,,,,,,,,,,,,,,,,,,,,,,,,,,,,,,,,,,,,,,,,,,,,,,,,,,,,,,,-1.290844361074698,10347,60
2026-27,football,Conference of New England (CCC),ccc,Nichols College,Cesar Irizarry,Cesar,Irizarry,,484,Cesar Irizarry,"IRIZARRY,CESAR",Nichols College,NIC,695-5249,2,0,49,49,0,0,0,0,,,,,,,,0.0,2.0,0.0,2.0,2.0,0.0,0.0,0.0,0.0,0.0,0.0,0.0,0.0,0.0,0.0,0.0,0.0,0.0,0.0,0.0,0.0,0.0,0.0,0.0,,,,,,,,,,,,,,,,,,,,,,,,,,,,,,,,,,,,,,,,,,,,,,,,,,,,,,,,,,,,,,,,,,,,,,,,,,,,,,,,,,,,,,,,,,,,,,,,,-1.290844361074698,10406,60
2026-27,football,Conference of New England (CCC),ccc,University of New England,"Cooper,CJ",CJ,Cooper,,1255,"Cooper,CJ","COOPER,CJ",University of New England,UNE,990-3214,3,0,28,28,0,0,DB,0,,,,,,,,0.0,1.0,1.0,2.0,2.0,0.0,0.0,0.0,0.0,0.0,0.0,0.0,0.0,0.0,0.0,0.0,0.0,0.0,0.0,0.0,0.0,0.0,0.0,0.0,,,,,,,,,,,,,,,,,,,,,,,,,,,,,,,,,,,,,,,,,,,,,,,,,,,,,,,,,,,,,,,,,,,,,,,,,,,,,,,,,,,,,,,,,,,,,,,,,-1.290844361074698,10429,60
2026-27,football,Conference of New England (CCC),ccc,Maine Maritime Academy,DJ Baron,DJ,Baron,,378,DJ Baron,"BARON,DJ",Maine Maritime Academy,MEM,1208-2485,3,0,69,69,0,0,0,0,,,,,,,,0.0,1.0,1.0,2.0,2.0,0.0,0.0,0.0,0.0,0.0,0.0,0.0,0.0,0.0,0.0,0.0,0.0,0.0,0.0,0.0,0.0,0.0,0.0,0.0,,,,,,,,,,,,,,,,,,,,,,,,,,,,,,,,,,,,,,,,,,,,,,,,,,,,,,,,,,,,,,,,,,,,,,,,,,,,,,,,,,,,,,,,,,,,,,,,,-1.290844361074698,10440,60
2026-27,football,Conference of New England (CCC),ccc,Curry College,"David,Tyler J.",Tyler J.,David,,170,"David,Tyler J.","DAVID,TYLER J.",Curry College,CUR,0,1,0,42,42,0,0,LB,0,,,,,,,,0.0,1.0,1.0,2.0,2.0,0.0,0.0,0.0,0.0,0.0,0.0,0.0,0.0,0.0,0.0,0.0,0.0,0.0,0.0,0.0,0.0,0.0,0.0,0.0,,,,,,,,,,,,,,,,,,,,,,,,,,,,,,,,,,,,,,,,,,,,,,,,,,,,,,,,,,,,,,,,,,,,,,,,,,,,,,,,,,,,,,,,,,,,,,,,,-1.290844361074698,10444,60
2026-27,football,Conference of New England (CCC),ccc,Curry College,Elias Ortiz,Elias,Ortiz,,170,Elias Ortiz,"ORTIZ,ELIAS",Curry College,CUR,0,2,0,77,77,0,0,0,0,,,,,,,,0.0,0.0,2.0,2.0,2.0,0.0,0.0,0.0,0.0,0.0,0.0,0.0,0.0,0.0,0.0,0.0,0.0,0.0,0.0,0.0,0.0,0.0,0.0,0.0,,,,,,,,,,,,,,,,,,,,,,,,,,,,,,,,,,,,,,,,,,,,,,,,,,,,,,,,,,,,,,,,,,,,,,,,,,,,,,,,,,,,,,,,,,,,,,,,,-1.290844361074698,10473,59
2026-27,football,Conference of New England (CCC),ccc,Endicott College,"Howard,Cody",Cody,Howard,,8981,"Howard,Cody","HOWARD,CODY",Endicott College,ECM,0,2,0,22,22,0,0,DL,0,,,,,,,,0.0,0.0,2.0,2.0,2.0,0.0,0.0,0.0,0.0,0.0,0.0,0.0,0.0,0.0,0.0,0.0,0.0,0.0,0.0,0.0,0.0,0.0,0.0,0.0,,,,,,,,,,,,,,,,,,,,,,,,,,,,,,,,,,,,,,,,,,,,,,,,,,,,,,,,,,,,,,,,,,,,,,,,,,,,,,,,,,,,,,,,,,,,,,,,,-1.290844361074698,10550,59
2026-27,football,Conference of New England (CCC),ccc,New England College,"Ortiz,Alexys",Alexys,Ortiz,,467,"Ortiz,Alexys","ORTIZ,ALEXYS",New England College,NEC,694-4186,3,0,20,20,0,0,DB,0,,,,,,,,0.0,2.0,0.0,2.0,2.0,0.0,0.0,0.0,0.0,0.0,0.0,0.0,0.0,0.0,0.0,0.0,0.0,0.0,0.0,0.0,0.0,0.0,0.0,0.0,,,,,,,,,,,,,,,,,,,,,,,,,,,,,,,,,,,,,,,,,,,,,,,,,,,,,,,,,,,,,,,,,,,,,,,,,,,,,,,,,,,,,,,,,,,,,,,,,-1.290844361074698,10661,59
2026-27,football,Conference of New England (CCC),ccc,Western New England University,"Rowden,Devin",Devin,Rowden,,775,"Rowden,Devin","ROWDEN,DEVIN",Western New England University,WNE,1022-4762,3,0,39,3B,0,RB,0,0,,,,,,,,0.0,1.0,1.0,2.0,2.0,0.0,0.0,0.0,0.0,0.0,0.0,0.0,0.0,0.0,0.0,0.0,0.0,0.0,0.0,0.0,0.0,0.0,0.0,0.0,,,,,,,,,,,,,,,,,,,,,,,,,,,,,,,,,,,,,,,,,,,,,,,,,,,,,,,,,,,,,,,,,,,,,,,,,,,,,,,,,,,,,,,,,,,,,,,,,-1.290844361074698,10701,59
2026-27,football,Conference of New England (CCC),ccc,Maine Maritime Academy,Tyler Parsons,Tyler,Parsons,,378,Tyler Parsons,"PARSONS,TYLER",Maine Maritime Academy,MEM,1208-2511,3,0,42,42,0,0,0,0,,,,,,,,0.0,1.0,1.0,2.0,2.0,0.0,0.0,0.0,0.0,0.0,0.0,0.0,0.0,0.0,0.0,0.0,0.0,0.0,0.0,0.0,0.0,0.0,0.0,0.0,,,,,,,,,,,,,,,,,,,,,,,,,,,,,,,,,,,,,,,,,,,,,,,,,,,,,,,,,,,,,,,,,,,,,,,,,,,,,,,,,,,,,,,,,,,,,,,,,-1.290844361074698,10754,59
2026-27,football,Conference of New England (CCC),ccc,Husson University,"Young,Izak",Izak,Young,,1133,"Young,Izak","YOUNG,IZAK",Husson University,HUS,1201-4223,2,0,11,11,0,0,DB,0,,,,,,,,0.0,0.0,2.0,2.0,2.0,0.0,0.0,0.0,0.0,0.0,0.0,0.0,0.0,0.0,0.0,0.0,0.0,0.0,0.0,0.0,0.0,0.0,0.0,0.0,,,,,,,,,,,,,,,,,,,,,,,,,,,,,,,,,,,,,,,,,,,,,,,,,,,,,,,,,,,,,,,,,,,,,,,,,,,,,,,,,,,,,,,,,,,,,,,,,-1.290844361074698,10790,58
2026-27,football,Conference of New England (CCC),ccc,University of New England,"Kearney,Cam",Cam,Kearney,,1255,"Kearney,Cam","KEARNEY,CAM",University of New England,UNE,990-3024,4,0,9,9,0,WR,0,0,,,,,,,,0.0,0.0,0.0,0.0,0.0,0.0,0.0,0.0,0.0,0.0,0.0,0.0,0.0,0.0,0.0,0.0,0.0,0.0,0.0,0.0,0.0,0.0,0.0,0.0,,,,,,,,,,,1.0,33.0,1.0,33.0,33.0,,0.0,1.0,0.0,0.0,0.0,0.0,0.0,0.0,0.0,6.0,6.0,1.5,,,,,,,,,,,,,,,,,,,,,,,,,,,,,,,,,,,,,,,,,,,,,,,,,,,,,,,,,,,,,,,,,,,,,-1.3084018745661623,10804,58
2026-27,football,Conference of New England (CCC),ccc,Nichols College,"McGee,Teyshon",Teyshon,McGee,,484,"McGee,Teyshon","MCGEE,TEYSHON",Nichols College,NIC,695-4641,4,4,4,4,0,TE,0,0,,,,,,,,0.0,2.0,0.0,2.0,2.0,0.0,0.0,0.0,0.0,0.0,0.0,0.0,0.0,0.0,0.0,0.0,0.0,0.0,0.0,0.0,0.0,0.0,0.0,0.0,,,,,,,,,,,2.0,10.0,0.0,9.0,5.0,,0.0,1.0,0.0,0.0,0.0,0.0,0.0,0.0,0.0,6.0,6.0,1.5,10.0,61.0,61.0,0.0,1.0,16.0,6.1,15.3,,,,,,,,,,,,,,,,,,,,,,,,,1.0,0.0,,,,,,,,,,,,,,,,,,,,,,,,,,,,,,,,,,,-1.3268921658592112,10816,58
2026-27,football,Conference of New England (CCC),ccc,Western New England University,"Watts,Logan",Logan,Watts,,775,"Watts,Logan","WATTS,LOGAN",Western New England University,WNE,1022-4478,3,0,20,20,0,0,LB,0,,,,,,,,0.0,1.0,1.0,2.0,2.0,0.0,0.0,0.0,0.0,0.0,0.0,0.0,0.0,0.0,0.0,0.0,0.0,0.0,0.0,1.0,0.0,0.0,0.0,0.0,,,,,,,,,,,,,,,,,0.0,1.0,0.0,0.0,0.0,0.0,0.0,0.0,0.0,6.0,6.0,2.0,,,,,,,,,,,,,,,,,,,,,,,,,,,,,,,,,,,,,,,,,,,,,,,,,,,,,,,,,,,,,,,,1.0,21.0,1.0,11.0,21.0,-1.3333035237087798,10820,58
2026-27,football,Conference of New England (CCC),ccc,New England College,"Abiraad,Michael",Michael,Abiraad,,467,"Abiraad,Michael","ABIRAAD,MICHAEL",New England College,NEC,694-3890,2,0,18,18,0,0,DB,0,,,,,,,,0.0,0.0,1.0,1.0,1.0,0.0,0.0,0.0,0.0,0.0,0.0,0.0,0.0,0.0,0.0,0.0,0.0,0.0,0.0,0.0,0.0,0.0,0.0,0.0,,,,,,,,,,,,,,,,,,,,,,,,,,,,,,,,,,,,,,,,,,,,,,,,,,,,,,,,,,,,,,,,,,,,,,,,,,,,,,,,,,,,,,,,,,,,,,,,,-1.3903453624533206,10868,58
2026-27,football,Conference of New England (CCC),ccc,Nichols College,"Alvia,Aiden",Aiden,Alvia,,484,"Alvia,Aiden","ALVIA,AIDEN",Nichols College,NIC,695-5147,2,0,58,58,0,0,LB,0,,,,,,,,0.0,1.0,0.0,1.0,1.0,0.0,0.0,0.0,0.0,0.0,0.0,0.0,0.0,0.0,0.0,0.0,0.0,0.0,0.0,0.0,0.0,0.0,0.0,0.0,,,,,,,,,,,,,,,,,,,,,,,,,,,,,,,,,,,,,,,,,,,,,,,,,,,,,,,,,,,,,,,,,,,,,,,,,,,,,,,,,,,,,,,,,,,,,,,,,-1.3903453624533206,10887,58
2026-27,football,Conference of New England (CCC),ccc,Husson University,"Barrett,Connor",Connor,Barrett,,1133,"Barrett,Connor","BARRETT,CONNOR",Husson University,HUS,1201-3767,4,0,0,0,0,0,LB,0,,,,,,,,0.0,0.0,1.0,1.0,1.0,0.0,0.0,0.0,0.0,0.0,0.0,0.0,0.0,0.0,0.0,0.0,0.0,0.0,0.0,0.0,0.0,0.0,0.0,0.0,,,,,,,,,,,,,,,,,,,,,,,,,,,,,,,,,,,,,,,,,,,,,,,,,,,,,,,,,,,,,,,,,,,,,,,,,,,,,,,,,,,,,,,,,,,,,,,,,-1.3903453624533206,10913,58
2026-27,football,Conference of New England (CCC),ccc,Western New England University,"Belton,Donovan",Donovan,Belton,,775,"Belton,Donovan","BELTON,DONOVAN",Western New England University,WNE,1022-4722,1,0,99,99,0,0,DL,0,,,,,,,,0.0,0.0,1.0,1.0,1.0,0.0,0.0,0.0,0.0,0.0,0.0,0.0,0.0,0.0,0.0,0.0,0.0,0.0,0.0,0.0,0.0,0.0,0.0,0.0,,,,,,,,,,,,,,,,,,,,,,,,,,,,,,,,,,,,,,,,,,,,,,,,,,,,,,,,,,,,,,,,,,,,,,,,,,,,,,,,,,,,,,,,,,,,,,,,,-1.3903453624533206,10921,58
2026-27,football,Conference of New England (CCC),ccc,Husson University,"Bickford,Jeff",Jeff,Bickford,,1133,"Bickford,Jeff","BICKFORD,JEFF",Husson University,HUS,1201-4177,3,3,77,77,0,OL,0,0,,,,,,,,0.0,1.0,0.0,1.0,1.0,0.0,0.0,0.0,0.0,0.0,0.0,0.0,0.0,0.0,0.0,0.0,0.0,0.0,0.0,0.0,0.0,0.0,0.0,0.0,,,,,,,,,,,,,,,,,,,,,,,,,,,,,,,,,,,,,,,,,,,,,,,,,,,,,,,,,,,,,,,,,,,,,,,,,,,,,,,,,,,,,,,,,,,,,,,,,-1.3903453624533206,10932,58
2026-27,football,Conference of New England (CCC),ccc,Endicott College,"Bossey,Bronson",Bronson,Bossey,,8981,"Bossey,Bronson","BOSSEY,BRONSON",Endicott College,ECM,0,4,0,46,46,0,0,LB,0,,,,,,,,0.0,0.0,1.0,1.0,1.0,0.0,0.0,0.0,0.0,0.0,0.0,0.0,0.0,0.0,0.0,0.0,0.0,0.0,0.0,0.0,0.0,0.0,0.0,0.0,,,,,,,,,,,,,,,,,,,,,,,,,,,,,,,,,,,,,,,,,,,,,,,,,,,,,,,,,,,,,,,,,,,,,,,,,,,,,,,,,,,,,,,,,,,,,,,,,-1.3903453624533206,10952,58
2026-27,football,Conference of New England (CCC),ccc,Endicott College,"Campo,Cooper",Cooper,Campo,,8981,"Campo,Cooper","CAMPO,COOPER",Endicott College,ECM,0,2,0,40,40,0,0,LB,0,,,,,,,,0.0,1.0,0.0,1.0,1.0,0.0,0.0,0.0,0.0,0.0,0.0,0.0,0.0,0.0,0.0,0.0,0.0,0.0,0.0,0.0,0.0,0.0,0.0,0.0,,,,,,,,,,,,,,,,,,,,,,,,,,,,,,,,,,,,,,,,,,,,,,,,,,,,,,,,,,,,,,,,,,,,,,,,,,,,,,,,,,,,,,,,,,,,,,,,,-1.3903453624533206,10995,58
2026-27,football,Conference of New England (CCC),ccc,University of New England,Charles Cristoforo,Charles,Cristoforo,,1255,Charles Cristoforo,"CRISTOFORO,CHARLES",University of New England,UNE,990-2821,3,0,93,93,0,0,0,0,,,,,,,,0.0,0.0,1.0,1.0,1.0,0.0,0.0,0.0,0.0,0.0,0.0,0.0,0.0,0.0,0.0,0.0,0.0,0.0,0.0,0.0,0.0,0.0,0.0,0.0,,,,,,,,,,,,,,,,,,,,,,,,,,,,,,,,,,,,,,,,,,,,,,,,,,,,,,,,,,,,,,,,,,,,,,,,,,,,,,,,,,,,,,,,,,,,,,,,,-1.3903453624533206,11015,58
2026-27,football,Conference of New England (CCC),ccc,Curry College,"Clifford,Brayden",Brayden,Clifford,,170,"Clifford,Brayden","CLIFFORD,BRAYDEN",Curry College,CUR,0,3,0,15,15,0,QB,0,0,,,,,,,,0.0,1.0,0.0,1.0,1.0,0.0,0.0,0.0,0.0,0.0,0.0,0.0,0.0,0.0,0.0,0.0,0.0,0.0,0.0,0.0,1.0,0.0,0.0,0.0,,,,,,,,,,,,,,,,,,,,,,,,,,,,,,,,,,,,,,,,,,,,,,,,,,,,,,,,,,,,,,,,,,,,,,,,,,,,,,,,,,,,,,,,,,,,,,,,,-1.3903453624533206,11023,58
2026-27,football,Conference of New England (CCC),ccc,Curry College,"DeMarco,Jack",Jack,DeMarco,,170,"DeMarco,Jack","DEMARCO,JACK",Curry College,CUR,0,1,0,43,43,0,0,LB,0,,,,,,,,0.0,0.0,1.0,1.0,1.0,0.0,0.0,0.0,0.0,0.0,0.0,0.0,0.0,0.0,0.0,0.0,0.0,0.0,0.0,0.0,0.0,0.0,0.0,0.0,,,,,,,,,,,,,,,,,,,,,,,,,,,,,,,,,,,,,,,,,,,,,,,,,,,,,,,,,,,,,,,,,,,,,,,,,,,,,,,,,,,,,,,,,,,,,,,,,-1.3903453624533206,11073,57
2026-27,football,Conference of New England (CCC),ccc,Nichols College,"Delgado Morales,Johniel",Johniel,Delgado Morales,,484,"Delgado Morales,Johniel","DELGADO MORALES,JOHNIEL",Nichols College,NIC,695-5199,1,0,42,42,0,0,DB,0,,,,,,,,0.0,0.0,1.0,1.0,1.0,0.0,0.0,0.0,0.0,0.0,0.0,0.0,0.0,0.0,0.0,0.0,0.0,0.0,0.0,0.0,0.0,0.0,0.0,0.0,,,,,,,,,,,,,,,,,,,,,,,,,,,,,,,,,,,,,,,,,,,,,,,,,,,,,,,,,,,,,,,,,,,,,,,,,,,,,,,,,,,,,,,,,,,,,,,,,-1.3903453624533206,11079,57
2026-27,football,Conference of New England (CCC),ccc,Western New England University,"Feliz,Will",Will,Feliz,,775,"Feliz,Will","FELIZ,WILL",Western New England University,WNE,1022-3937,1,0,54,54,0,0,LB,0,,,,,,,,0.0,0.0,1.0,1.0,1.0,0.0,0.0,0.0,0.0,0.0,0.0,0.0,0.0,0.0,0.0,0.0,0.0,0.0,0.0,0.0,0.0,0.0,0.0,0.0,,,,,,,,,,,,,,,,,,,,,,,,,,,,,,,,,,,,,,,,,,,,,,,,,,,,,,,,,,,,,,,,,,,,,,,,,,,,,,,,,,,,,,,,,,,,,,,,,-1.3903453624533206,11132,57
2026-27,football,Conference of New England (CCC),ccc,Curry College,Gabriel Grein,Gabriel,Grein,,170,Gabriel Grein,"GREIN,GABRIEL",Curry College,CUR,0,3,2,54,54,0,0,DL,0,,,,,,,,0.0,0.0,1.0,1.0,1.0,0.0,0.0,0.0,0.0,0.0,0.0,0.0,0.0,0.0,0.0,0.0,0.0,0.0,0.0,0.0,0.0,0.0,0.0,0.0,,,,,,,,,,,,,,,,,,,,,,,,,,,,,,,,,,,,,,,,,,,,,,,,,,,,,,,,,,,,,,,,,,,,,,,,,,,,,,,,,,,,,,,,,,,,,,,,,-1.3903453624533206,11165,57
2026-27,football,Conference of New England (CCC),ccc,Nichols College,"Gates,Clark",Clark,Gates,,484,"Gates,Clark","GATES,CLARK",Nichols College,NIC,695-4637,1,0,17,1E,0,0,DB,0,,,,,,,,0.0,0.0,1.0,1.0,1.0,0.0,0.0,0.0,0.0,0.0,0.0,0.0,0.0,0.0,0.0,0.0,0.0,0.0,0.0,0.0,0.0,0.0,0.0,0.0,,,,,,,,,,,,,,,,,,,,,,,,,,,,,,,,,,,,,,,,,,,,,,,,,,,,,,,,,,,,,,,,,,,,,,,,,,,,,,,,,,,,,,,,,,,,,,,,,-1.3903453624533206,11181,57
2026-27,football,Conference of New England (CCC),ccc,University of New England,"Hanecak,Brody",Brody,Hanecak,,1255,"Hanecak,Brody","HANECAK,BRODY",University of New England,UNE,990-3202,3,0,91,91,0,0,DL,0,,,,,,,,0.0,0.0,1.0,1.0,1.0,0.0,0.0,0.0,0.0,0.0,0.0,0.0,0.0,0.0,0.0,0.0,0.0,0.0,0.0,0.0,0.0,0.0,0.0,0.0,,,,,,,,,,,,,,,,,,,,,,,,,,,,,,,,,,,,,,,,,,,,,,,,,,,,,,,,,,,,,,,,,,,,,,,,,,,,,,,,,,,,,,,,,,,,,,,,,-1.3903453624533206,11236,57
2026-27,football,Conference of New England (CCC),ccc,University of New England,"Henderson,Mason",Mason,Henderson,,1255,"Henderson,Mason","HENDERSON,MASON",University of New England,UNE,990-3354,2,0,86,86,0,WR,0,0,,,,,,,,0.0,0.0,1.0,1.0,1.0,0.0,0.0,0.0,0.0,0.0,0.0,0.0,0.0,0.0,0.0,0.0,0.0,0.0,0.0,0.0,0.0,0.0,0.0,0.0,,,,,,,,,,,,,,,,,,,,,,,,,,,,,,,,,,,,,,,,,,,,,,,,,,,,,,,,,,,,,,,,,,,,,,,,,,,,,,,,,,,,,,,,,,,,,,,,,-1.3903453624533206,11268,57
2026-27,football,Conference of New England (CCC),ccc,Endicott College,"Higgs,Ambrose",Ambrose,Higgs,,8981,"Higgs,Ambrose","HIGGS,AMBROSE",Endicott College,ECM,0,1,0,26,2H,0,0,DB,0,,,,,,,,0.0,1.0,0.0,1.0,1.0,0.0,0.0,0.0,0.0,0.0,0.0,0.0,0.0,0.0,0.0,0.0,0.0,0.0,0.0,0.0,0.0,0.0,0.0,0.0,,,,,,,,,,,,,,,,,,,,,,,,,,,,,,,,,,,,,,,,,,,,,,,,,,,,,,,,,,,,,,,,,,,,,,,,,,,,,,,,,,,,,,,,,,,,,,,,,-1.3903453624533206,11278,57
2026-27,football,Conference of New England (CCC),ccc,Endicott College,"Jean,Ethan",Ethan,Jean,,8981,"Jean,Ethan","JEAN,ETHAN",Endicott College,ECM,0,1,0,20,2J,0,0,LB,0,,,,,,,,0.0,1.0,0.0,1.0,1.0,0.0,0.0,0.0,0.0,0.0,0.0,0.0,0.0,0.0,0.0,0.0,0.0,0.0,0.0,0.0,0.0,0.0,0.0,0.0,,,,,,,,,,,,,,,,,,,,,,,,,,,,,,,,,,,,,,,,,,,,,,,,,,,,,,,,,,,,,,,,,,,,,,,,,,,,,,,,,,,,,,,,,,,,,,,,,-1.3903453624533206,11324,57
2026-27,football,Conference of New England (CCC),ccc,New England College,"Johnson,Elijah",Elijah,Johnson,,467,"Johnson,Elijah","JOHNSON,ELIJAH",New England College,NEC,694-4172,1,0,27,27,0,0,DB,0,,,,,,,,0.0,0.0,1.0,1.0,1.0,0.0,0.0,0.0,0.0,0.0,0.0,0.0,0.0,0.0,0.0,0.0,0.0,0.0,0.0,0.0,0.0,0.0,0.0,0.0,,,,,,,,,,,,,,,,,,,,,,,,,,,,,,,,,,,,,,,,,,,,,,,,,,,,,,,,,,,,,,,,,,,,,,,,,,,,,,,,,,,,,,,,,,,,,,,,,-1.3903453624533206,11335,57
2026-27,football,Conference of New England (CCC),ccc,University of New England,"Knox,Hunter",Hunter,Knox,,1255,"Knox,Hunter","KNOX,HUNTER",University of New England,UNE,990-3215,4,0,90,90,0,0,DL,0,,,,,,,,0.0,1.0,0.0,1.0,1.0,0.0,0.0,0.0,0.0,0.0,0.0,0.0,0.0,0.0,0.0,0.0,0.0,1.0,0.0,0.0,0.0,0.0,0.0,0.0,,,,,,,,,,,,,,,,,,,,,,,,,,,,,,,,,,,,,,,,,,,,,,,,,,,,,,,,,,,,,,,,,,,,,,,,,,,,,,,,,,,,,,,,,,,,,,,,,-1.3903453624533206,11376,56
2026-27,football,Conference of New England (CCC),ccc,Curry College,L. Thomas III,L. Thomas,III,,170,L. Thomas III,"III,L THOMAS",Curry College,CUR,0,1,0,11,11,0,0,0,0,,,,,,,,0.0,1.0,0.0,1.0,1.0,0.0,0.0,0.0,0.0,0.0,0.0,0.0,0.0,0.0,0.0,0.0,0.0,0.0,0.0,0.0,0.0,0.0,0.0,0.0,,,,,,,,,,,,,,,,,,,,,,,,,,,,,,,,,,,,,,,,,,,,,,,,,,,,,,,,,,,,,,,,,,,,,,,,,,,,,,,,,,,,,,,,,,,,,,,,,-1.3903453624533206,11390,56
2026-27,football,Conference of New England (CCC),ccc,Western New England University,"Lawson,Quincy",Quincy,Lawson,,775,"Lawson,Quincy","LAWSON,QUINCY",Western New England University,WNE,1022-4746,1,0,49,49,0,0,DL,0,,,,,,,,0.0,1.0,0.0,1.0,1.0,0.0,0.0,0.0,0.0,0.0,0.0,0.0,0.0,0.0,0.0,0.0,0.0,0.0,0.0,0.0,0.0,0.0,0.0,0.0,,,,,,,,,,,,,,,,,,,,,,,,,,,,,,,,,,,,,,,,,,,,,,,,,,,,,,,,,,,,,,,,,,,,,,,,,,,,,,,,,,,,,,,,,,,,,,,,,-1.3903453624533206,11401,56
2026-27,football,Conference of New England (CCC),ccc,University of New England,"Leslie,Brandon",Brandon,Leslie,,1255,"Leslie,Brandon","LESLIE,BRANDON",University of New England,UNE,990-2859,2,0,64,64,0,0,DL,0,,,,,,,,0.0,0.0,1.0,1.0,1.0,0.0,0.0,0.0,0.0,0.0,0.0,0.0,0.0,0.0,0.0,0.0,0.0,0.0,0.0,0.0,0.0,0.0,0.0,0.0,,,,,,,,,,,,,,,,,,,,,,,,,,,,,,,,,,,,,,,,,,,,,,,,,,,,,,,,,,,,,,,,,,,,,,,,,,,,,,,,,,,,,,,,,,,,,,,,,-1.3903453624533206,11409,56
2026-27,football,Conference of New England (CCC),ccc,Curry College,"Leviner,Timel",Timel,Leviner,,170,"Leviner,Timel","LEVINER,TIMEL",Curry College,CUR,0,1,0,35,35,0,0,DB,0,,,,,,,,0.0,1.0,0.0,1.0,1.0,0.0,0.0,0.0,0.0,0.0,0.0,0.0,0.0,0.0,0.0,0.0,0.0,0.0,0.0,0.0,0.0,0.0,0.0,0.0,,,,,,,,,,,,,,,,,,,,,,,,,,,,,,,,,,,,,,,,,,,,,,,,,,,,,,,,,,,,,,,,,,,,,,,,,,,,,,,,,,,,,,,,,,,,,,,,,-1.3903453624533206,11410,56
2026-27,football,Conference of New England (CCC),ccc,University of New England,Liam Overton,Liam,Overton,,1255,Liam Overton,"OVERTON,LIAM",University of New England,UNE,990-3199,2,0,87,87,0,0,0,0,,,,,,,,0.0,0.0,1.0,1.0,1.0,0.0,0.0,0.0,0.0,0.0,0.0,0.0,0.0,0.0,0.0,0.0,0.0,0.0,0.0,0.0,0.0,0.0,0.0,0.0,,,,,,,,,,,,,,,,,,,,,,,,,,,,,,,,,,,,,,,,,,,,,,,,,,,,,,,,,,,,,,,,,,,,,,,,,,,,,,,,,,,,,,,,,,,,,,,,,-1.3903453624533206,11414,56
2026-27,football,Conference of New England (CCC),ccc,Curry College,Lukas Maynard,Lukas,Maynard,,170,Lukas Maynard,"MAYNARD,LUKAS",Curry College,CUR,0,4,4,66,66,0,LG,0,0,,,,,,,,0.0,1.0,0.0,1.0,1.0,0.0,0.0,0.0,0.0,0.0,0.0,0.0,0.0,0.0,0.0,0.0,0.0,0.0,0.0,0.0,0.0,0.0,0.0,0.0,,,,,,,,,,,,,,,,,,,,,,,,,,,,,,,,,,,,,,,,,,,,,,,,,,,,,,,,,,,,,,,,,,,,,,,,,,,,,,,,,,,,,,,,,,,,,,,,,-1.3903453624533206,11428,56
2026-27,football,Conference of New England (CCC),ccc,University of New England,Nick Riker,Nick,Riker,,1255,Nick Riker,"RIKER,NICK",University of New England,UNE,990-2857,2,0,52,52,0,0,0,0,,,,,,,,0.0,0.0,1.0,1.0,1.0,0.0,0.0,0.0,0.0,0.0,0.0,0.0,0.0,0.0,0.0,0.0,0.0,0.0,0.0,0.0,0.0,0.0,0.0,0.0,,,,,,,,,,,,,,,,,,,,,,,,,,,,,,,,,,,,,,,,,,,,,,,,,,,,,,,,,,,,,,,,,,,,,,,,,,,,,,,,,,,,,,,,,,,,,,,,,-1.3903453624533206,11529,56
2026-27,football,Conference of New England (CCC),ccc,Endicott College,"Piropato,Chris",Chris,Piropato,,8981,"Piropato,Chris","PIROPATO,CHRIS",Endicott College,ECM,0,4,0,44,44,0,0,LB,0,,,,,,,,0.0,0.0,1.0,1.0,1.0,0.0,0.0,0.0,0.0,0.0,0.0,0.0,0.0,0.0,0.0,0.0,0.0,0.0,0.0,0.0,0.0,0.0,0.0,0.0,,,,,,,,,,,,,,,,,,,,,,,,,,,,,,,,,,,,,,,,,,,,,,,,,,,,,,,,,,,,,,,,,,,,,,,,,,,,,,,,,,,,,,,,,,,,,,,,,-1.3903453624533206,11583,56
2026-27,football,Conference of New England (CCC),ccc,Husson University,"Quirion,Matt",Matt,Quirion,,1133,"Quirion,Matt","QUIRION,MATT",Husson University,HUS,1201-4206,4,4,55,55,0,OL,0,0,,,,,,,,0.0,1.0,0.0,1.0,1.0,0.0,0.0,0.0,0.0,0.0,0.0,0.0,0.0,0.0,0.0,0.0,0.0,0.0,0.0,0.0,0.0,0.0,0.0,0.0,,,,,,,,,,,,,,,,,,,,,,,,,,,,,,,,,,,,,,,,,,,,,,,,,,,,,,,,,,,,,,,,,,,,,,,,,,,,,,,,,,,,,,,,,,,,,,,,,-1.3903453624533206,11600,56
2026-27,football,Conference of New England (CCC),ccc,Endicott College,"Ragosa,Anthony",Anthony,Ragosa,,8981,"Ragosa,Anthony","RAGOSA,ANTHONY",Endicott College,ECM,0,1,0,99,99,0,0,DL,0,,,,,,,,0.0,0.0,1.0,1.0,1.0,0.0,0.0,0.0,0.0,0.0,0.0,0.0,0.0,0.0,0.0,0.0,0.0,1.0,0.0,0.0,0.0,0.0,0.0,0.0,,,,,,,,,,,,,,,,,,,,,,,,,,,,,,,,,,,,,,,,,,,,,,,,,,,,,,,,,,,,,,,,,,,,,,,,,,,,,,,,,,,,,,,,,,,,,,,,,-1.3903453624533206,11601,56
2026-27,football,Conference of New England (CCC),ccc,Endicott College,"Rodgers,George",George,Rodgers,,8981,"Rodgers,George","RODGERS,GEORGE",Endicott College,ECM,0,1,0,6,3,0,QB,0,0,,,,,,,,0.0,0.0,1.0,1.0,1.0,0.0,0.0,0.0,0.0,0.0,0.0,0.0,0.0,0.0,0.0,0.0,0.0,0.0,0.0,0.0,0.0,0.0,0.0,0.0,,,,,,,,,,,,,,,,,,,,,,,,,,,,,,,,,,,,,,,,,,,,,,,,,,,,,,,,,,,,,,,,,,,,,,,,,,,,,,,,,,,,,,,,,,,,,,,,,-1.3903453624533206,11636,56
2026-27,football,Conference of New England (CCC),ccc,New England College,"Rosser,Trevor",Trevor,Rosser,,467,"Rosser,Trevor","ROSSER,TREVOR",New England College,NEC,694-4189,1,0,98,98,0,0,DL,0,,,,,,,,0.0,0.0,1.0,1.0,1.0,0.0,0.0,0.0,0.0,0.0,0.0,0.0,0.0,0.0,0.0,0.0,0.0,0.0,0.0,0.0,0.0,0.0,0.0,0.0,,,,,,,,,,,,,,,,,,,,,,,,,,,,,,,,,,,,,,,,,,,,,,,,,,,,,,,,,,,,,,,,,,,,,,,,,,,,,,,,,,,,,,,,,,,,,,,,,-1.3903453624533206,11643,55
2026-27,football,Conference of New England (CCC),ccc,Endicott College,"Scullin,Keenan",Keenan,Scullin,,8981,"Scullin,Keenan","SCULLIN,KEENAN",Endicott College,ECM,0,2,0,25,25,0,0,LB,0,,,,,,,,0.0,0.0,1.0,1.0,1.0,0.0,0.0,0.0,0.0,0.0,0.0,0.0,0.0,0.0,0.0,0.0,0.0,0.0,0.0,0.0,0.0,0.0,0.0,0.0,,,,,,,,,,,,,,,,,,,,,,,,,,,,,,,,,,,,,,,,,,,,,,,,,,,,,,,,,,,,,,,,,,,,,,,,,,,,,,,,,,,,,,,,,,,,,,,,,-1.3903453624533206,11680,55
2026-27,football,Conference of New England (CCC),ccc,University of New England,Steven Rosario,Steven,Rosario,,1255,Steven Rosario,"ROSARIO,STEVEN",University of New England,UNE,990-3042,3,0,34,34,0,0,0,0,,,,,,,,0.0,1.0,0.0,1.0,1.0,0.0,0.0,0.0,0.0,0.0,0.0,0.0,0.0,0.0,0.0,0.0,0.0,0.0,0.0,0.0,1.0,0.0,0.0,0.0,,,,,,,,,,,,,,,,,,,,,,,,,,,,,,,,,,,,,,,,,,,,,,,,,,,,,,,,,,,,,,,,,,,,,,,,,,,,,,,,,,,,,,,,,,,,,,,,,-1.3903453624533206,11723,55
2026-27,football,Conference of New England (CCC),ccc,University of New England,"Stone,Brady",Brady,Stone,,1255,"Stone,Brady","STONE,BRADY",University of New England,UNE,990-3195,4,0,38,38,0,RB,0,0,,,,,,,,0.0,1.0,0.0,1.0,1.0,0.0,0.0,0.0,0.0,0.0,0.0,0.0,0.0,0.0,0.0,0.0,0.0,0.0,0.0,0.0,0.0,0.0,0.0,0.0,,,,,,,,,,,,,,,,,,,,,,,,,,,,,,,,,,,,,,,,,,,,,,,,,,,,,,,,,,,,,,,,,,,,,,,,,,,,,,,,,,,,,,,,,,,,,,,,,-1.3903453624533206,11730,55
2026-27,football,Conference of New England (CCC),ccc,Curry College,"Sutton,Jerome",Jerome,Sutton,,170,"Sutton,Jerome","SUTTON,JEROME",Curry College,CUR,0,2,0,63,63,0,0,LB,0,,,,,,,,0.0,0.0,1.0,1.0,1.0,0.0,0.0,0.0,0.0,0.0,0.0,0.0,0.0,0.0,0.0,0.0,0.0,0.0,0.0,0.0,0.0,0.0,0.0,0.0,,,,,,,,,,,,,,,,,,,,,,,,,,,,,,,,,,,,,,,,,,,,,,,,,,,,,,,,,,,,,,,,,,,,,,,,,,,,,,,,,,,,,,,,,,,,,,,,,-1.3903453624533206,11738,55
2026-27,football,Conference of New England (CCC),ccc,Curry College,"Thomas III,Linbert",Linbert,Thomas III,,170,"Thomas III,Linbert","THOMAS III,LINBERT",Curry College,CUR,0,1,0,11,11,0,WR,0,0,,,,,,,,0.0,1.0,0.0,1.0,1.0,0.0,0.0,0.0,0.0,0.0,0.0,0.0,0.0,0.0,0.0,0.0,0.0,0.0,0.0,0.0,0.0,0.0,0.0,0.0,,,,,,,,,,,,,,,,,,,,,,,,,,,,,,,,,,,,,,,,,,,,,,,,,,,,,,,,,,,,,,,,,,,,,,,,,,,,,,,,,,,,,,,,,,,,,,,,,-1.3903453624533206,11748,55
2026-27,football,Conference of New England (CCC),ccc,Endicott College,"Thompson,Jake",Jake,Thompson,,8981,"Thompson,Jake","THOMPSON,JAKE",Endicott College,ECM,0,1,0,2T,2T,0,WR,0,0,,,,,,,,0.0,0.0,1.0,1.0,1.0,0.0,0.0,0.0,0.0,0.0,0.0,0.0,0.0,0.0,0.0,0.0,0.0,0.0,0.0,0.0,0.0,0.0,0.0,0.0,,,,,,,,,,,,,,,,,,,,,,,,,,,,,,,,,,,,,,,,,,,,,,,,,,,,,,,,,,,,,,,,,,,,,,,,,,,,,,,,,,,,,,,,,,,,,,,,,-1.3903453624533206,11752,55
2026-27,football,Conference of New England (CCC),ccc,Curry College,"Torres,Frankie",Frankie,Torres,,170,"Torres,Frankie","TORRES,FRANKIE",Curry College,CUR,0,1,0,83,83,0,TE,0,0,,,,,,,,0.0,1.0,0.0,1.0,1.0,0.0,0.0,0.0,0.0,0.0,0.0,0.0,0.0,0.0,0.0,0.0,0.0,0.0,0.0,0.0,0.0,0.0,0.0,0.0,,,,,,,,,,,,,,,,,,,,,,,,,,,,,,,,,,,,,,,,,,,,,,,,,,,,,,,,,,,,,,,,,,,,,,,,,,,,,,,,,,,,,,,,,,,,,,,,,-1.3903453624533206,11760,55
2026-27,football,Conference of New England (CCC),ccc,Maine Maritime Academy,"Pelkey,Lucas",Lucas,Pelkey,,378,"Pelkey,Lucas","PELKEY,LUCAS",Maine Maritime Academy,MEM,1208-2512,2,0,41,41,0,0,DB,0,,,,,,,,,,,,,,,,,,,,,,,,,,,,,,,,,,,,,,,,,,,,,,,,,,,,,,,,,,,,5.0,-1.0,6.0,7.0,0.0,3.0,-0.2,-0.5,,,,,,,,,,,,,,,,,,,,,,,,,,,,,,,,,,,,,1.0,2.0,0.0,2.0,2.0,,,,,,,,,,,,,,,,,,,,-1.4009384128091038,11857,55
2026-27,football,Conference of New England (CCC),ccc,New England College,"Keresey,Oscar",Oscar,Keresey,,467,"Keresey,Oscar","KERESEY,OSCAR",New England College,NEC,694-3914,3,0,61,61,0,0,DL,0,,,,,,,,0.0,0.0,4.0,4.0,4.0,0.0,0.0,0.0,0.0,0.0,0.0,0.0,0.0,0.0,0.0,0.0,0.0,0.0,0.0,0.0,0.0,0.0,0.0,0.0,,,,,,,,,,,,,,,,,,,,,,,,,,,,,,,,,,,,,,,,,,,,,,,,,,,,,,,,,,,,,,,,,,,,,,,,,1.0,0.0,0.0,0.0,0.0,,,,,,,,,,,,,,,,,,,,-1.447134232344599,11899,55
2026-27,football,Conference of New England (CCC),ccc,University of New England,"McLoughlin,Will",Will,McLoughlin,,1255,"McLoughlin,Will","MCLOUGHLIN,WILL",University of New England,UNE,990-3211,2,2,14,14,0,WR,0,0,,,,,,,,0.0,0.0,0.0,0.0,0.0,0.0,0.0,0.0,0.0,0.0,0.0,0.0,0.0,0.0,0.0,0.0,0.0,0.0,0.0,0.0,0.0,0.0,0.0,0.0,,,,,,,,,,,8.0,89.0,0.0,29.0,11.1,,,,,,,,,,,,,,,,,,,,,,,,,,,,,,,,,,,,,,,,,,,,,,,,,,,,,,,,,,,,,,,,,,,,,,,,,,,,,,,,,,-1.457670658838443,11905,55
2026-27,football,Conference of New England (CCC),ccc,University of New England,"Blankenship,Danny",Danny,Blankenship,,1255,"Blankenship,Danny","BLANKENSHIP,DANNY",University of New England,UNE,990-2816,0,0,8,8D,0,0,DB,0,,,,,,,,0.0,0.0,0.0,0.0,0.0,0.0,0.0,0.0,0.0,0.0,0.0,0.0,0.0,0.0,0.0,0.0,0.0,0.0,0.0,0.0,0.0,0.0,0.0,0.0,,,,,,,,,,,,,,,,,,,,,,,,,,,,,,,,,,,,,,,,,,,,,,,,,,,,,,,,,,,,,,,,,,,,,,,,,,,,,,,,,,,,,,,,,,,,,,,,,-1.489846363831943,11944,54
2026-27,football,Conference of New England (CCC),ccc,New England College,"Burgio,Johnathon",Johnathon,Burgio,,467,"Burgio,Johnathon","BURGIO,JOHNATHON",New England College,NEC,694-4158,2,0,40,40,0,RB,0,0,,,,,,,,0.0,0.0,0.0,0.0,0.0,0.0,0.0,0.0,0.0,0.0,0.0,0.0,0.0,0.0,0.0,0.0,0.0,0.0,0.0,0.0,0.0,0.0,0.0,0.0,,,,,,,,,,,,,,,,,,,,,,,,,,,,,,,,,,,,,,,,,,,,,,,,,,,,,,,,,,,,,,,,,,,,,,,,,,,,,,,,,,,,,,,,,,,,,,,,,-1.489846363831943,11956,54
2026-27,football,Conference of New England (CCC),ccc,Endicott College,"Clawson,Jason",Jason,Clawson,,8981,"Clawson,Jason","CLAWSON,JASON",Endicott College,ECM,0,0,0,42,42,0,0,LB,0,,,,,,,,0.0,0.0,0.0,0.0,0.0,0.0,0.0,0.0,0.0,0.0,0.0,0.0,0.0,0.0,0.0,0.0,0.0,0.0,0.0,0.0,0.0,0.0,0.0,0.0,,,,,,,,,,,,,,,,,,,,,,,,,,,,,,,,,,,,,,,,,,,,,,,,,,,,,,,,,,,,,,,,,,,,,,,,,,,,,,,,,,,,,,,,,,,,,,,,,-1.489846363831943,11962,54
2026-27,football,Conference of New England (CCC),ccc,University of New England,"Cornet,Abe",Abe,Cornet,,1255,"Cornet,Abe","CORNET,ABE",University of New England,UNE,990-3343,0,0,31,31,0,0,DB,0,,,,,,,,0.0,0.0,0.0,0.0,0.0,0.0,0.0,0.0,0.0,0.0,0.0,0.0,0.0,0.0,0.0,0.0,0.0,0.0,0.0,0.0,0.0,0.0,0.0,0.0,,,,,,,,,,,,,,,,,,,,,,,,,,,,,,,,,,,,,,,,,,,,,,,,,,,,,,,,,,,,,,,,,,,,,,,,,,,,,,,,,,,,,,,,,,,,,,,,,-1.489846363831943,11966,54
2026-27,football,Conference of New England (CCC),ccc,Endicott College,"Dietz,James",James,Dietz,,8981,"Dietz,James","DIETZ,JAMES",Endicott College,ECM,0,0,0,53,5J,0,0,DL,0,,,,,,,,0.0,0.0,0.0,0.0,0.0,0.0,0.0,0.0,0.0,0.0,0.0,0.0,0.0,0.0,0.0,0.0,0.0,0.0,0.0,0.0,0.0,0.0,0.0,0.0,,,,,,,,,,,,,,,,,,,,,,,,,,,,,,,,,,,,,,,,,,,,,,,,,,,,,,,,,,,,,,,,,,,,,,,,,,,,,,,,,,,,,,,,,,,,,,,,,-1.489846363831943,11972,54
2026-27,football,Conference of New England (CCC),ccc,University of New England,"Dumont,Dominic",Dominic,Dumont,,1255,"Dumont,Dominic","DUMONT,DOMINIC",University of New England,UNE,990-3383,0,0,42,42,0,0,LB,0,,,,,,,,0.0,0.0,0.0,0.0,0.0,0.0,0.0,0.0,0.0,0.0,0.0,0.0,0.0,0.0,0.0,0.0,0.0,0.0,0.0,0.0,0.0,0.0,0.0,0.0,,,,,,,,,,,,,,,,,,,,,,,,,,,,,,,,,,,,,,,,,,,,,,,,,,,,,,,,,,,,,,,,,,,,,,,,,,,,,,,,,,,,,,,,,,,,,,,,,-1.489846363831943,11973,54
2026-27,football,Conference of New England (CCC),ccc,University of New England,"Gagne,Cooper",Cooper,Gagne,,1255,"Gagne,Cooper","GAGNE,COOPER",University of New England,UNE,990-3352,0,0,7,7,0,QB,0,0,,,,,,,,0.0,0.0,0.0,0.0,0.0,0.0,0.0,0.0,0.0,0.0,0.0,0.0,0.0,0.0,0.0,0.0,0.0,0.0,0.0,0.0,0.0,0.0,0.0,0.0,,,,,,,,,,,,,,,,,,,,,,,,,,,,,,,,,,,,,,,,,,,,,,,,,,,,,,,,,,,,,,,,,,,,,,,,,,,,,,,,,,,,,,,,,,,,,,,,,-1.489846363831943,11980,54
2026-27,football,Conference of New England (CCC),ccc,University of New England,Gavin Sheehy,Gavin,Sheehy,,1255,Gavin Sheehy,"SHEEHY,GAVIN",University of New England,UNE,990-3375,0,0,67,67,0,0,0,0,,,,,,,,0.0,0.0,0.0,0.0,0.0,0.0,0.0,0.0,0.0,0.0,0.0,0.0,0.0,0.0,0.0,0.0,0.0,0.0,0.0,0.0,0.0,0.0,0.0,0.0,,,,,,,,,,,,,,,,,,,,,,,,,,,,,,,,,,,,,,,,,,,,,,,,,,,,,,,,,,,,,,,,,,,,,,,,,,,,,,,,,,,,,,,,,,,,,,,,,-1.489846363831943,11983,54
2026-27,football,Conference of New England (CCC),ccc,Curry College,Jaquan Peters-Wolfe,Jaquan,Peters-Wolfe,,170,Jaquan Peters-Wolfe,"PETERS-WOLFE,JAQUAN",Curry College,CUR,0,0,0,21,21,0,0,0,0,,,,,,,,0.0,0.0,0.0,0.0,0.0,0.0,0.0,0.0,0.0,0.0,0.0,0.0,0.0,0.0,0.0,0.0,0.0,0.0,0.0,0.0,0.0,0.0,0.0,0.0,,,,,,,,,,,,,,,,,,,,,,,,,,,,,,,,,,,,,,,,,,,,,,,,,,,,,,,,,,,,,,,,,,,,,,,,,,,,,,,,,,,,,,,,,,,,,,,,,-1.489846363831943,12003,54
2026-27,football,Conference of New England (CCC),ccc,Endicott College,"Johnson,Max",Max,Johnson,,8981,"Johnson,Max","JOHNSON,MAX",Endicott College,ECM,0,0,0,51,5L,0,0,LB,0,,,,,,,,0.0,0.0,0.0,0.0,0.0,0.0,0.0,0.0,0.0,0.0,0.0,0.0,0.0,0.0,0.0,0.0,0.0,0.0,0.0,0.0,0.0,0.0,0.0,0.0,,,,,,,,,,,,,,,,,,,,,,,,,,,,,,,,,,,,,,,,,,,,,,,,,,,,,,,,,,,,,,,,,,,,,,,,,,,,,,,,,,,,,,,,,,,,,,,,,-1.489846363831943,12006,54
2026-27,football,Conference of New England (CCC),ccc,Endicott College,"Pantera,Sam",Sam,Pantera,,8981,"Pantera,Sam","PANTERA,SAM",Endicott College,ECM,0,4,0,83,83,0,WR,0,0,,,,,,,,0.0,0.0,0.0,0.0,0.0,0.0,0.0,0.0,0.0,0.0,0.0,0.0,0.0,0.0,0.0,0.0,0.0,0.0,0.0,0.0,0.0,0.0,0.0,0.0,,,,,,,,,,,,,,,,,,,,,,,,,,,,,,,,,,,,,,,,,,,,,,,,,,,,,,,,,,,,,,,,,,,,,,,,,,,,,,,,,,,,,,,,,,,,,,,,,-1.489846363831943,12045,54
2026-27,football,Conference of New England (CCC),ccc,University of New England,"Reny,Parker",Parker,Reny,,1255,"Reny,Parker","RENY,PARKER",University of New England,UNE,990-3385,0,0,15,1R,0,QB,0,0,,,,,,,,0.0,0.0,0.0,0.0,0.0,0.0,0.0,0.0,0.0,0.0,0.0,0.0,0.0,0.0,0.0,0.0,0.0,0.0,0.0,0.0,0.0,0.0,0.0,0.0,,,,,,,,,,,,,,,,,,,,,,,,,,,,,,,,,,,,,,,,,,,,,,,,,,,,,,,,,,,,,,,,,,,,,,,,,,,,,,,,,,,,,,,,,,,,,,,,,-1.489846363831943,12052,54
2026-27,football,Conference of New England (CCC),ccc,University of New England,"St. Louis,Jordan",Jordan,St. Louis,,1255,"St. Louis,Jordan","ST. LOUIS,JORDAN",University of New England,UNE,990-3044,0,0,26,26,0,0,DB,0,,,,,,,,0.0,0.0,0.0,0.0,0.0,0.0,0.0,0.0,0.0,0.0,0.0,0.0,0.0,0.0,0.0,0.0,0.0,0.0,0.0,0.0,0.0,0.0,0.0,0.0,,,,,,,,,,,,,,,,,,,,,,,,,,,,,,,,,,,,,,,,,,,,,,,,,,,,,,,,,,,,,,,,,,,,,,,,,,,,,,,,,,,,,,,,,,,,,,,,,-1.489846363831943,12066,54
2026-27,football,Conference of New England (CCC),ccc,Husson University,"Ruiz Cantu,Daniel",Daniel,Ruiz Cantu,,1133,"Ruiz Cantu,Daniel","RUIZ CANTU,DANIEL",Husson University,HUS,1201-4435,4,0,26,26,0,RB,0,0,,,,,,,,0.0,0.0,0.0,0.0,0.0,0.0,0.0,0.0,0.0,0.0,0.0,0.0,0.0,0.0,0.0,0.0,0.0,0.0,0.0,0.0,0.0,0.0,0.0,0.0,,,,,,,,,,,6.0,18.0,0.0,10.0,3.0,,,,,,,,,,,,,,39.0,121.0,138.0,17.0,0.0,26.0,3.1,30.3,,,,,,,,,,,,,,,,,,,,,,,,,1.0,0.0,,,,,,,,,,,4.0,69.0,0.0,22.0,17.3,,,,,,,,,,,,,,,,,,,,-1.5087874712423408,12095,54
2026-27,football,Conference of New England (CCC),ccc,New England College,"King,Liam",Liam,King,,467,"King,Liam","KING,LIAM",New England College,NEC,694-4176,3,0,36,36,0,WR,0,0,,,,,,,,0.0,1.0,0.0,1.0,1.0,0.0,0.0,0.0,0.0,0.0,0.0,0.0,0.0,0.0,0.0,0.0,0.0,0.0,0.0,0.0,0.0,0.0,0.0,0.0,,,,,,,,,,,3.0,73.0,0.0,40.0,24.3,,,,,,,,,,,,,,,,,,,,,,,,,,,,,,,,,,,,,,,,,,,,,,,,,,,,,,,,,,,,,,,,,,,,,,,,,,,,,,,,,,-1.5453948354278808,12125,54
2026-27,football,Conference of New England (CCC),ccc,Western New England University,"Delgado,Christian",Christian,Delgado,,775,"Delgado,Christian","DELGADO,CHRISTIAN",Western New England University,WNE,1022-3934,4,4,2,2,0,WR,0,0,,,,,,,,,,,,,,,,,,,,,,,,,,,,,,,,,,,,,,,,,,8.0,60.0,0.0,16.0,7.5,,,,,,,,,,,,,,2.0,10.0,10.0,0.0,0.0,8.0,5.0,2.5,,,,,,,,,,,,,,,,,,,,,,,,,,,,,,,,,,,,,2.0,31.0,0.0,18.0,15.5,,,,,,,,,,,,,,,2.0,11.0,0.0,8.0,5.5,-1.5479329490221327,12129,54
2026-27,football,Conference of New England (CCC),ccc,Western New England University,"Caouette,Drew",Drew,Caouette,,775,"Caouette,Drew","CAOUETTE,DREW",Western New England University,WNE,1022-4458,4,1,3,3X,0,QB,0,0,,,,,,,,,,,,,,,,,,,,,,,,,,,,,,,,,,,,,,,,,,,,,,,,0.0,0.0,0.0,0.0,0.0,0.0,0.0,0.0,0.0,0.0,0.0,0.0,5.0,3.0,13.0,10.0,0.0,9.0,0.6,0.8,10.0,1.0,44.0,1.0,236.0,2.0,42.0,17.0,86.0,5.62,13.88,59.0,0.0,0.0,0.0,0.0,1.0,1.0,0.0,0.0,0.0,0.0,0.0,0.0,1.0,0.0,,,,,,,,,,,,,,,,,,,,,,,,,,,,,,,,,,,-1.5731588235213112,12151,54
2026-27,football,Conference of New England (CCC),ccc,Nichols College,"Clark,Carson",Carson,Clark,,484,"Clark,Carson","CLARK,CARSON",Nichols College,NIC,695-4904,2,2,44,44,0,RB,0,0,,,,,,,,,,,,,,,,,,,,,,,,,,,,,,,,,,,,,,,,,,1.0,7.0,0.0,7.0,7.0,,,,,,,,,,,,,,4.0,35.0,35.0,0.0,0.0,28.0,8.8,17.5,,,,,,,,,,,,,,,,,,,,,,,,,,,,,,,,,,,,,,,,,,,,,,,,,,,,,,,,,,,,,-1.5767106572972014,12154,54
2026-27,football,Conference of New England (CCC),ccc,New England College,"Pappas,John",John,Pappas,,467,"Pappas,John","PAPPAS,JOHN",New England College,NEC,694-4187,4,0,99,99,0,0,0,0,,,,,,,,0.0,0.0,0.0,0.0,0.0,0.0,0.0,0.0,0.0,0.0,0.0,0.0,0.0,0.0,0.0,0.0,0.0,0.0,0.0,0.0,0.0,0.0,0.0,0.0,,,,,,,,,,,,,,,,,3.0,0.0,1.0,0.0,0.0,0.0,0.0,0.0,0.0,6.0,6.0,1.5,,,,,,,,,,,,,,,,,,,,,4.0,3.0,0.0,0.0,0.0,0.0,0.0,0.0,0.0,0.0,0.0,0.0,,,,,,,,,,,,,,,,,,1.0,2.0,31.0,0.0,50.0,,,,,4.0,216.0,0.0,0.0,54.0,,,,,,-1.5883895459717543,12172,54
2026-27,football,Conference of New England (CCC),ccc,Husson University,"Griffin,Sean",Sean,Griffin,,1133,"Griffin,Sean","GRIFFIN,SEAN",Husson University,HUS,1201-4735,1,0,17,1E,0,QB,0,0,,,,,,,,,,,,,,,,,,,,,,,,,,,,,,,,,,,,,,,,,,,,,,,,,,,,,,,,,,,,,,,,,,,,0.0,0.0,0.0,0.0,0.0,0.0,1.0,0.0,0.0,0.0,0.0,0.0,,,,,,,,,,,,,,,,,,,,,,,,,,,,,,,,,,,,,,,,,,,,,,,,,-1.610507984322313,12205,54
2026-27,football,Conference of New England (CCC),ccc,New England College,"Turner,Isaiah",Isaiah,Turner,,467,"Turner,Isaiah","TURNER,ISAIAH",New England College,NEC,694-3667,4,4,3,3A,0,WR,0,0,,,,,,,,0.0,1.0,0.0,1.0,1.0,0.0,0.0,0.0,0.0,0.0,0.0,0.0,0.0,0.0,0.0,0.0,0.0,0.0,0.0,0.0,0.0,0.0,0.0,0.0,,,,,,,,,,,9.0,67.0,0.0,17.0,7.4,,,,,,,,,,,,,,,,,,,,,,,,,,,,,,,,,,,,,,,,,,,,,,,,,,,,,,,,,,,,,,,,,,,,,,,,,,,,,,,,,,-1.6156042771659032,12212,54
2026-27,football,Conference of New England (CCC),ccc,University of New England,"Yeaton,Alex",Alex,Yeaton,,1255,"Yeaton,Alex","YEATON,ALEX",University of New England,UNE,990-2853,4,4,15,15,0,WR,0,0,,,,,,,,0.0,0.0,0.0,0.0,0.0,0.0,0.0,0.0,0.0,0.0,0.0,0.0,0.0,0.0,0.0,0.0,0.0,0.0,0.0,0.0,0.0,0.0,0.0,0.0,,,,,,,,,,,4.0,29.0,1.0,21.0,7.3,,0.0,1.0,0.0,0.0,0.0,0.0,0.0,0.0,0.0,6.0,6.0,1.5,,,,,,,,,,,,,,,,,,,,,,,,,,,,,,,,,,,,,,,,,,,,,1.0,15.0,0.0,15.0,15.0,,,,,,,,,,,,,,,,,,,,-1.6248984412934244,12222,54
2026-27,football,Conference of New England (CCC),ccc,Western New England University,"Hill,Jova'n",Jova'n,Hill,,775,"Hill,Jova'n","HILL,JOVA'N",Western New England University,WNE,1022-4124,4,0,5,5,0,WR,0,0,,,,,,,,0.0,1.0,0.0,1.0,1.0,0.0,0.0,0.0,0.0,0.0,0.0,0.0,0.0,0.0,0.0,0.0,0.0,0.0,0.0,0.0,0.0,0.0,0.0,0.0,,,,,,,,,,,5.0,58.0,0.0,44.0,11.6,,,,,,,,,,,,,,,,,,,,,,,,,,,,,,,,,,,,,,,,,,,,,,,,,,,,,,,,,,3.0,71.0,0.0,30.0,23.7,,,,,,,,,,,,,,,,,,,,-1.67102939865176,12262,53
2026-27,football,Conference of New England (CCC),ccc,University of New England,"Lang,Chris",Chris,Lang,,1255,"Lang,Chris","LANG,CHRIS",University of New England,UNE,990-2837,4,4,17,17,0,QB,0,0,,,,,,,,0.0,0.0,0.0,0.0,0.0,0.0,0.0,0.0,0.0,0.0,0.0,0.0,0.0,0.0,0.0,0.0,0.0,0.0,0.0,0.0,0.0,0.0,0.0,0.0,,,,,,,,,,,,,,,,,,,,,,,,,,,,,34.0,10.0,62.0,52.0,0.0,7.0,0.3,2.5,46.0,9.0,53.0,8.0,650.0,2.0,94.0,43.0,127.7,6.91,15.12,162.5,0.0,0.0,1.0,0.0,1.0,0.0,1.0,0.0,0.0,0.0,0.0,0.0,3.0,2.0,2.0,63.0,48.0,0.0,0.0,0.0,0.0,1.0,31.5,,,,,,,,,,,,,,,,,,,,,,,,,,-1.681282778449733,12270,53
2026-27,football,Conference of New England (CCC),ccc,New England College,"Borkush,Jackson",Jackson,Borkush,,467,"Borkush,Jackson","BORKUSH,JACKSON",New England College,NEC,694-3678,4,3,25,25,0,RB,0,0,,,,,,,,0.0,0.0,0.0,0.0,0.0,0.0,0.0,0.0,0.0,0.0,0.0,0.0,0.0,0.0,0.0,0.0,0.0,0.0,0.0,0.0,0.0,0.0,0.0,0.0,,,,,,,,,,,5.0,16.0,0.0,11.0,3.2,,0.0,1.0,0.0,0.0,0.0,0.0,0.0,0.0,0.0,6.0,6.0,1.5,30.0,75.0,86.0,11.0,1.0,9.0,2.5,18.8,,,,,,,,,,,,,,,,,,,,,,,,,,,,,,,,,,,,,5.0,66.0,0.0,21.0,13.2,,,,,,,,,,,,,,,,,,,,-1.6923986308306371,12284,53
2026-27,football,Conference of New England (CCC),ccc,Maine Maritime Academy,"Dieng,Oumar",Oumar,Dieng,,378,"Dieng,Oumar","DIENG,OUMAR",Maine Maritime Academy,MEM,1208-2530,2,0,11,11,0,QB,0,0,,,,,,,,0.0,0.0,1.0,1.0,1.0,0.0,0.0,0.0,0.0,0.0,0.0,0.0,0.0,0.0,0.0,0.0,0.0,0.0,0.0,0.0,0.0,0.0,0.0,0.0,,,,,,,,,,,,,,,,,,,,,,,,,,,,,,,,,,,,,,,,,,,,,,,,,,,,,,,,,,,,,,,,,,,,,,,,,1.0,0.0,0.0,0.0,0.0,,,,,,,,,,,,,,,,,,,,-1.7456372364804664,12334,53
2026-27,football,Conference of New England (CCC),ccc,University of New England,"Durkin,Ben",Ben,Durkin,,1255,"Durkin,Ben","DURKIN,BEN",University of New England,UNE,990-3347,3,0,49,49,0,0,0,0,,,,,,,,0.0,0.0,0.0,0.0,0.0,0.0,0.0,0.0,0.0,0.0,0.0,0.0,0.0,0.0,0.0,0.0,0.0,0.0,0.0,0.0,0.0,0.0,0.0,0.0,,,,,,,,,,,,,,,,,10.0,0.0,1.0,0.0,0.0,0.0,0.0,0.0,0.0,13.0,13.0,4.33,,,,,,,,,,,,,,,,,,,,,11.0,10.0,0.0,0.0,0.0,0.0,0.0,0.0,0.0,0.0,0.0,0.0,,,,,,,,,,,,,,,,,,1.0,3.0,23.0,0.0,33.3,,,,,,,,,,,,,,,-1.7550877282639932,12342,53
2026-27,football,Conference of New England (CCC),ccc,University of New England,"Durkin,Cam",Cam,Durkin,,1255,"Durkin,Cam","DURKIN,CAM",University of New England,UNE,990-3016,4,0,11,1P,0,0,0,0,,,,,,,,0.0,1.0,0.0,1.0,1.0,0.0,0.0,0.0,0.0,0.0,0.0,0.0,0.0,0.0,0.0,0.0,0.0,0.0,0.0,0.0,0.0,0.0,0.0,0.0,,,,,,,,,,,,,,,,,,,,,,,,,,,,,1.0,-10.0,0.0,10.0,0.0,0.0,-10.0,-2.5,,,,,,,,,,,,,,,,,,,,,,,,,,,14.0,560.0,63.0,1.0,0.0,2.0,2.0,6.0,40.0,,,,,,,,,,,,,,,,2.0,99.0,0.0,0.0,49.5,,,,,,-1.813792466058504,12390,53
2026-27,football,Conference of New England (CCC),ccc,Endicott College,"Ward,Jacob",Jacob,Ward,,8981,"Ward,Jacob","WARD,JACOB",Endicott College,ECM,0,4,3,86,86,0,TE,0,0,,,,,,,,0.0,0.0,0.0,0.0,0.0,0.0,0.0,0.0,0.0,0.0,0.0,0.0,0.0,0.0,0.0,0.0,0.0,0.0,0.0,0.0,0.0,0.0,0.0,0.0,,,,,,,,,,,9.0,79.0,1.0,29.0,8.8,,0.0,1.0,0.0,0.0,0.0,0.0,0.0,0.0,0.0,6.0,6.0,1.5,0.0,0.0,0.0,0.0,0.0,0.0,0.0,0.0,,,,,,,,,,,,,,,,,,,,,,,,,,,,,,,,,,,,,,,,,,,,,,,,,,,,,,,,,,,,,-1.8158644969154456,12394,53
2026-27,football,Conference of New England (CCC),ccc,Western New England University,"Jolly,Isaiah",Isaiah,Jolly,,775,"Jolly,Isaiah","JOLLY,ISAIAH",Western New England University,WNE,1022-4503,3,0,85,85,0,WR,0,0,,,,,,,,,,,,,,,,,,,,,,,,,,,,,,,,,,,,,,,,,,,,,,,,,,,,,,,,,,,,1.0,1.0,1.0,0.0,0.0,1.0,1.0,0.3,,,,,,,,,,,,,,,,,,,,,,,,,1.0,1.0,,,,,,,,,,,2.0,20.0,0.0,17.0,10.0,,,,,,,,,,,,,,,,,,,,-1.8496892287664832,12426,53
2026-27,football,Conference of New England (CCC),ccc,Curry College,Weston Cooper,Weston,Cooper,,170,Weston Cooper,"COOPER,WESTON",Curry College,CUR,0,4,0,81,81,0,0,0,0,,,,,,,,0.0,2.0,0.0,2.0,2.0,0.0,0.0,0.0,0.0,0.0,0.0,0.0,0.0,0.0,0.0,0.0,0.0,0.0,0.0,0.0,0.0,0.0,0.0,0.0,,,,,,,,,,,,,,,,,,,,,,,,,,,,,,,,,,,,,,,,,,,,,,,,,,,,,,,,,,,,,,,7.0,222.0,39.0,0.0,0.0,1.0,0.0,0.0,31.7,,,,,,,,,,,,,,,,25.0,1438.0,2.0,3.0,57.5,,,,,,-1.9663927394316705,12500,53
2026-27,football,Conference of New England (CCC),ccc,Maine Maritime Academy,Evan Flowers,Evan,Flowers,,378,Evan Flowers,"FLOWERS,EVAN",Maine Maritime Academy,MEM,1208-2493,3,2,81,81,0,0,0,0,,,,,,,,0.0,0.0,1.0,1.0,1.0,0.0,0.0,0.0,0.0,0.0,0.0,0.0,0.0,0.0,0.0,0.0,0.0,0.0,0.0,0.0,0.0,0.0,0.0,0.0,,,,,,,,,,,2.0,11.0,0.0,8.0,5.5,,,,,,,,,,,,,,,,,,,,,,,,,,,,,,,,,,,,,,,,,,,,,,1.0,1.0,,,,,,,,,,,14.0,236.0,0.0,35.0,16.9,,,,,,,,,,,,,,,1.0,11.0,0.0,11.0,11.0,-1.983405510441269,12514,53
2026-27,football,Conference of New England (CCC),ccc,Maine Maritime Academy,Kurt Coen,Kurt,Coen,,378,Kurt Coen,"COEN,KURT",Maine Maritime Academy,MEM,1208-2311,3,0,20,20,0,0,0,0,,,,,,,,0.0,1.0,2.0,3.0,3.0,0.0,0.0,0.0,0.0,0.0,0.0,0.0,0.0,0.0,0.0,0.0,0.0,0.0,0.0,0.0,0.0,0.0,0.0,0.0,,,,,,,,,,,,,,,,,,,,,,,,,,,,,,,,,,,,,,,,,,,,,,,,,,,,,,,,,,,,,1.0,1.0,,,,,,,,,,,,,,,,,,,,,,,,,,,,,,1.0,0.0,0.0,0.0,0.0,-1.9915446197443345,12522,53
2026-27,football,Conference of New England (CCC),ccc,University of New England,Kyle Danson,Kyle,Danson,,1255,Kyle Danson,"DANSON,KYLE",University of New England,UNE,990-3344,3,0,44,44,0,0,0,0,,,,,,,,0.0,2.0,3.0,5.0,5.0,0.0,0.0,0.0,0.0,0.0,0.0,0.0,0.0,0.0,0.0,0.0,0.0,0.0,0.0,0.0,0.0,0.0,0.0,0.0,,,,,,,,,,,,,,,,,,,,,,,,,,,,,0.0,0.0,0.0,0.0,0.0,0.0,0.0,0.0,,,,,,,,,,,,,,,,,,,,,,,,,,,,,,,,,,,,,,,,,,,,,,,,,,,,,,,,,,,,,-2.0380763659462877,12550,52
2026-27,football,Conference of New England (CCC),ccc,New England College,"Murdough,Gabe",Gabe,Murdough,,467,"Murdough,Gabe","MURDOUGH,GABE",New England College,NEC,694-3893,2,0,24,24,0,RB,0,0,,,,,,,,0.0,1.0,0.0,1.0,1.0,0.0,0.0,0.0,0.0,0.0,0.0,0.0,0.0,0.0,0.0,0.0,0.0,0.0,0.0,0.0,0.0,0.0,0.0,0.0,,,,,,,,,,,,,,,,,,,,,,,,,,,,,9.0,34.0,36.0,2.0,0.0,11.0,3.8,17.0,,,,,,,,,,,,,,,,,,,,,,,,,,,,,,,,,,,,,,,,,,,,,,,,,,,,,,,,,,,,,-2.0510277643378005,12566,52
2026-27,football,Conference of New England (CCC),ccc,Western New England University,Jason Pratt,Jason,Pratt,,775,Jason Pratt,"PRATT,JASON",Western New England University,WNE,1022-4145,2,0,46,46,0,0,0,0,,,,,,,,0.0,1.0,0.0,1.0,1.0,0.0,0.0,0.0,0.0,0.0,0.0,0.0,0.0,0.0,0.0,0.0,0.0,0.0,0.0,0.0,0.0,0.0,0.0,0.0,,,,,,,,,,,,,,,,,,,,,,,,,,,,,9.0,33.0,33.0,0.0,0.0,7.0,3.7,16.5,,,,,,,,,,,,,,,,,,,,,,,,,,,,,,,,,,,,,,,,,,,,,,,,,,,,,,,,,,,,,-2.062352841017888,12578,52
2026-27,football,Conference of New England (CCC),ccc,Endicott College,"Pepitone,Nick",Nick,Pepitone,,8981,"Pepitone,Nick","PEPITONE,NICK",Endicott College,ECM,0,2,0,5,5Q,0,QB,0,0,,,,,,,,,,,,,,,,,,,,,,,,,,,,,,,,,,,,,,,,,,,,,,,,,,,,,,,,,,,,1.0,-8.0,0.0,8.0,0.0,0.0,-8.0,-4.0,0.0,0.0,27.0,0.0,22.0,0.0,3.0,2.0,128.3,7.33,11.0,11.0,,,,,,,,,,,,,,,,,,,,,,,,,,,,,,,,,,,,,,,,,,,,,,,,,-2.1140862473194177,12615,52
2026-27,football,Conference of New England (CCC),ccc,New England College,"Lombardo,Jack",Jack,Lombardo,,467,"Lombardo,Jack","LOMBARDO,JACK",New England College,NEC,694-3668,2,2,6,6,0,QB,0,0,,,,,,,,,,,,,,,,,,,,,,,,,,,,,,,,,,,,,,,,,,,,,,,,,,,,,,,,,,,,2.0,2.0,6.0,4.0,0.0,6.0,1.0,1.0,4.0,1.0,7.0,0.0,35.0,0.0,12.0,8.0,91.2,2.92,4.38,17.5,,,,,,,,,,,,,,,,,,,,,,,,,,,,,,,,,,,,,,,,,,,,,,,,,-2.1208085558478116,12621,52
2026-27,football,Conference of New England (CCC),ccc,Maine Maritime Academy,Jack Austin,Jack,Austin,,378,Jack Austin,"AUSTIN,JACK",Maine Maritime Academy,MEM,1208-2197,3,2,8,8,0,0,0,0,,,,,,,,0.0,0.0,0.0,0.0,0.0,0.0,0.0,0.0,0.0,0.0,0.0,0.0,0.0,0.0,0.0,1.0,0.0,0.0,0.0,0.0,0.0,0.0,0.0,1.0,,,,,,,,,,,10.0,60.0,0.0,23.0,6.0,,,,,,,,,,,,,,4.0,9.0,9.0,0.0,0.0,5.0,2.3,3.0,,,,,,,,,,,,,,,,,,,,,,,,,,,,,,,,,,,,,,,,,,,,,,,,,,,,,,,,,,,,,-2.1748780677693587,12660,52
2026-27,football,Conference of New England (CCC),ccc,New England College,"Brien,Spencer",Spencer,Brien,,467,"Brien,Spencer","BRIEN,SPENCER",New England College,NEC,694-3902,4,0,21,21,0,WR,0,0,,,,,,,,0.0,1.0,0.0,1.0,1.0,0.0,0.0,0.0,0.0,0.0,0.0,0.0,0.0,0.0,0.0,0.0,0.0,0.0,0.0,0.0,0.0,0.0,0.0,0.0,,,,,,,,,,,2.0,11.0,0.0,6.0,5.5,,,,,,,,,,,,,,1.0,1.0,1.0,0.0,0.0,1.0,1.0,0.3,,,,,,,,,,,,,,,,,,,,,,,,,,,,,,,,,,,,,9.0,258.0,0.0,58.0,28.7,,,,,,,,,,,,,,,,,,,,-2.1882466555879647,12670,52
2026-27,football,Conference of New England (CCC),ccc,New England College,"Femmer,Nathan",Nathan,Femmer,,467,"Femmer,Nathan","FEMMER,NATHAN",New England College,NEC,694-3679,3,0,26,26,0,RB,0,0,,,,,,,,0.0,2.0,0.0,2.0,2.0,0.0,0.0,0.0,0.0,0.0,0.0,0.0,0.0,0.0,0.0,0.0,0.0,0.0,0.0,0.0,0.0,0.0,0.0,0.0,,,,,,,,,,,1.0,8.0,0.0,8.0,8.0,,,,,,,,,,,,,,,,,,,,,,,,,,,,,,,,,,,,,,,,,,,,,,,,,,,,,,,,,,,,,,,,,,,,,,,,,,,,,,,,,,-2.2064961195445036,12689,52
2026-27,football,Conference of New England (CCC),ccc,Endicott College,"O'Brien,Michael",Michael,O'Brien,,8981,"O'Brien,Michael","O'BRIEN,MICHAEL",Endicott College,ECM,0,3,0,6,6,0,RB,0,0,,,,,,,,0.0,1.0,2.0,3.0,3.0,0.0,0.0,0.0,0.0,0.0,0.0,0.0,0.0,0.0,0.0,0.0,0.0,0.0,0.0,0.0,0.0,0.0,0.0,0.0,,,,,,,,,,,,,,,,,,,,,,,,,,,,,3.0,2.0,4.0,2.0,0.0,2.0,0.7,0.7,,,,,,,,,,,,,,,,,,,,,,,,,,,,,,,,,,,,,,,,,,,,,,,,,,,,,,,,,,,,,-2.2144282153433577,12693,52
2026-27,football,Conference of New England (CCC),ccc,Nichols College,"Jones,Kelan",Kelan,Jones,,484,"Jones,Kelan","JONES,KELAN",Nichols College,NIC,695-4918,4,0,9,9,0,WR,0,0,,,,,,,,0.0,2.0,0.0,2.0,2.0,0.0,0.0,0.0,0.0,0.0,0.0,0.0,0.0,0.0,0.0,0.0,0.0,0.0,0.0,0.0,0.0,0.0,0.0,0.0,,,,,,,,,,,1.0,5.0,0.0,5.0,5.0,,,,,,,,,,,,,,,,,,,,,,,,,,,,,,,,,,,,,,,,,,,,,,,,,,,,,,,,,,,,,,,,,,,,,,,,,,,,,,,,,,-2.241600840413515,12706,52
2026-27,football,Conference of New England (CCC),ccc,Endicott College,"Conza,Michael",Michael,Conza,,8981,"Conza,Michael","CONZA,MICHAEL",Endicott College,ECM,0,4,0,15,1C,0,WR,0,0,,,,,,,,0.0,2.0,1.0,3.0,3.0,0.0,0.0,0.0,0.0,0.0,0.0,0.0,0.0,0.0,0.0,0.0,0.0,0.0,0.0,0.0,0.0,0.0,0.0,0.0,,,,,,,,,,,1.0,-5.0,0.0,0.0,-5.0,,,,,,,,,,,,,,,,,,,,,,,,,,,,,,,,,,,,,,,,,,,,,,,,,,,,,,,,,,,,,,,,,,,,,,,,,,,,,,,,,,-2.2591155752649303,12717,52
2026-27,football,Conference of New England (CCC),ccc,New England College,"Kimball,Kody",Kody,Kimball,,467,"Kimball,Kody","KIMBALL,KODY",New England College,NEC,694-4175,4,0,23,23,0,WR,0,0,,,,,,,,0.0,1.0,1.0,2.0,2.0,0.0,0.0,0.0,0.0,0.0,0.0,0.0,0.0,0.0,0.0,0.0,0.0,0.0,0.0,0.0,0.0,0.0,0.0,0.0,,,,,,,,,,,1.0,0.0,0.0,0.0,0.0,,,,,,,,,,,,,,,,,,,,,,,,,,,,,,,,,,,,,,,,,,,,,,,,,,,,,,,,,,,,,,,,,,,,,,,,,,,,,,,,,,-2.300108708528534,12743,52
2026-27,football,Conference of New England (CCC),ccc,Husson University,"Gibson,Brody",Brody,Gibson,,1133,"Gibson,Brody","GIBSON,BRODY",Husson University,HUS,1201-3882,4,4,12,12,0,QB,0,0,,,,,,,,0.0,0.0,0.0,0.0,0.0,0.0,0.0,0.0,0.0,0.0,0.0,0.0,0.0,0.0,0.0,0.0,0.0,0.0,0.0,0.0,0.0,0.0,0.0,0.0,,,,,,,,,,,,,,,,,,,,,,,,,,,,,13.0,21.0,50.0,29.0,0.0,17.0,1.6,5.3,22.0,3.0,31.0,3.0,576.0,5.0,115.0,61.0,95.0,5.01,9.44,144.0,,,,,,,,,,,,,1.0,0.0,,,,,,,,,,,,,,,,,,,,,,,,,,,,,,,,,,,-2.3187123491621247,12760,52
2026-27,football,Conference of New England (CCC),ccc,Curry College,Dennis Glidden,Dennis,Glidden,,170,Dennis Glidden,"GLIDDEN,DENNIS",Curry College,CUR,0,2,0,88,88,0,0,0,0,,,,,,,,0.0,1.0,1.0,2.0,2.0,0.0,0.0,0.0,0.0,0.0,0.0,0.0,0.0,0.0,0.0,0.0,0.0,0.0,0.0,0.0,0.0,0.0,0.0,0.0,,,,,,,,,,,0.0,0.0,0.0,0.0,0.0,,,,,,,,,,,,,,,,,,,,,,,,,,,,,,,,,,,,,,,,,,,,,,1.0,0.0,,,,,,,,,,,1.0,-16.0,0.0,0.0,-16.0,,,,,,,,,,,,,,,,,,,,-2.3300888064697323,12773,52
2026-27,football,Conference of New England (CCC),ccc,Endicott College,"Alvarez-Lopez,Geo",Geo,Alvarez-Lopez,,8981,"Alvarez-Lopez,Geo","ALVAREZ-LOPEZ,GEO",Endicott College,ECM,0,2,0,81,81,0,WR,0,0,,,,,,,,0.0,1.0,0.0,1.0,1.0,0.0,0.0,0.0,0.0,0.0,0.0,0.0,0.0,0.0,0.0,0.0,0.0,0.0,0.0,0.0,0.0,0.0,0.0,0.0,,,,,,,,,,,1.0,3.0,0.0,3.0,3.0,,,,,,,,,,,,,,,,,,,,,,,,,,,,,,,,,,,,,,,,,,,,,,,,,,,,,,,,,,,,,,,,,,,,,,,,,,,,,,,,,,-2.364504989038145,12804,52
2026-27,football,Conference of New England (CCC),ccc,Nichols College,"Hooper,Bailey",Bailey,Hooper,,484,"Hooper,Bailey","HOOPER,BAILEY",Nichols College,NIC,695-4347,4,4,61,61,0,OL,0,0,,,,,,,,0.0,1.0,0.0,1.0,1.0,0.0,0.0,0.0,0.0,0.0,0.0,0.0,0.0,0.0,0.0,0.0,0.0,0.0,0.0,0.0,0.0,0.0,0.0,0.0,,,,,,,,,,,,,,,,,,,,,,,,,,,,,0.0,0.0,0.0,0.0,0.0,0.0,0.0,0.0,,,,,,,,,,,,,,,,,,,,,,,,,,,,,,,,,,,,,,,,,,,,,,,,,,,,,,,,,,,,,-2.4360803714607777,12864,51
2026-27,football,Conference of New England (CCC),ccc,Western New England University,"Manuel,Jayden",Jayden,Manuel,,775,"Manuel,Jayden","MANUEL,JAYDEN",Western New England University,WNE,1022-4456,2,0,30,1X,0,0,DB,0,,,,,,,,0.0,0.0,1.0,1.0,1.0,0.0,0.0,0.0,0.0,0.0,0.0,0.0,0.0,0.0,0.0,0.0,0.0,0.0,0.0,0.0,0.0,0.0,0.0,0.0,,,,,,,,,,,,,,,,,0.0,0.0,0.0,0.0,0.0,0.0,0.0,0.0,0.0,0.0,0.0,0.0,0.0,0.0,0.0,0.0,0.0,0.0,0.0,0.0,,,,,,,,,,,,,,,,,,,,,,,,,,,,,,,,,,,,,,,,,,,,,,,,,,,,,,,,,,,,,-2.4360803714607777,12865,51
2026-27,football,Conference of New England (CCC),ccc,New England College,"Ford,Gavin",Gavin,Ford,,467,"Ford,Gavin","FORD,GAVIN",New England College,NEC,694-4114,3,0,95,95,0,0,0,0,,,,,,,,0.0,0.0,0.0,0.0,0.0,0.0,0.0,0.0,0.0,0.0,0.0,0.0,0.0,0.0,0.0,0.0,0.0,0.0,0.0,0.0,0.0,0.0,0.0,0.0,,,,,,,,,,,,,,,,,2.0,0.0,0.0,0.0,0.0,0.0,0.0,0.0,0.0,2.0,2.0,0.67,,,,,,,,,,,,,,,,,,,,,2.0,2.0,0.0,0.0,0.0,0.0,0.0,0.0,0.0,0.0,0.0,0.0,,,,,,,,,,,,,,,,,,0.0,1.0,0.0,0.0,0.0,,,,,7.0,389.0,0.0,0.0,55.6,,,,,,-2.453088401808337,12885,51
2026-27,football,Conference of New England (CCC),ccc,Husson University,"Henry,Alexander",Alexander,Henry,,1133,"Henry,Alexander","HENRY,ALEXANDER",Husson University,HUS,1201-4390,3,0,97,97,0,0,0,0,,,,,,,,0.0,0.0,0.0,0.0,0.0,0.0,0.0,0.0,0.0,0.0,0.0,0.0,0.0,0.0,0.0,0.0,0.0,0.0,0.0,0.0,0.0,0.0,0.0,0.0,,,,,,,,,,,,,,,,,4.0,0.0,0.0,0.0,0.0,0.0,0.0,0.0,0.0,4.0,4.0,1.33,,,,,,,,,,,,,,,,,,,,,5.0,4.0,0.0,0.0,0.0,0.0,0.0,0.0,0.0,0.0,0.0,0.0,,,,,,,,,,,,,,,,,,0.0,0.0,0.0,0.0,0.0,,,,,,,,,,,,,,,-2.453088401808337,12892,51
2026-27,football,Conference of New England (CCC),ccc,Western New England University,"LoGrasso,Max",Max,LoGrasso,,775,"LoGrasso,Max","LOGRASSO,MAX",Western New England University,WNE,1022-4476,4,0,26,26,0,0,0,0,,,,,,,,0.0,0.0,0.0,0.0,0.0,0.0,0.0,0.0,0.0,0.0,0.0,0.0,0.0,0.0,0.0,0.0,0.0,0.0,0.0,0.0,0.0,0.0,0.0,0.0,,,,,,,,,,,,,,,,,15.0,0.0,0.0,0.0,0.0,0.0,0.0,0.0,0.0,15.0,15.0,3.75,,,,,,,,,,,,,,,,,,,,,15.0,15.0,0.0,0.0,0.0,0.0,0.0,0.0,0.0,0.0,0.0,0.0,,,,,,,,,,,,,,,,,,0.0,1.0,0.0,0.0,0.0,,,,,19.0,975.0,0.0,1.0,51.3,,,,,,-2.453088401808337,12900,51
2026-27,football,Conference of New England (CCC),ccc,Maine Maritime Academy,RJ Foxx,RJ,Foxx,,378,RJ Foxx,"FOXX,RJ",Maine Maritime Academy,MEM,1208-2494,3,0,80,80,0,0,0,0,,,,,,,,0.0,0.0,0.0,0.0,0.0,0.0,0.0,0.0,0.0,0.0,0.0,0.0,0.0,0.0,0.0,0.0,0.0,0.0,0.0,0.0,0.0,0.0,0.0,0.0,,,,,,,,,,,,,,,,,2.0,0.0,0.0,0.0,0.0,0.0,0.0,0.0,0.0,2.0,2.0,0.67,,,,,,,,,,,,,,,,,,,,,2.0,2.0,0.0,0.0,0.0,0.0,0.0,0.0,0.0,0.0,0.0,0.0,,,,,,,,,,,,,,,,,,0.0,0.0,0.0,0.0,0.0,,,,,4.0,189.0,0.0,0.0,47.3,,,,,,-2.453088401808337,12906,51
2026-27,football,Conference of New England (CCC),ccc,Curry College,William Emmons,William,Emmons,,170,William Emmons,"EMMONS,WILLIAM",Curry College,CUR,0,4,0,89,89,0,0,0,0,,,,,,,,0.0,0.0,0.0,0.0,0.0,0.0,0.0,0.0,0.0,0.0,0.0,0.0,0.0,0.0,0.0,0.0,0.0,0.0,0.0,0.0,0.0,0.0,0.0,0.0,,,,,,,,,,,,,,,,,20.0,0.0,0.0,0.0,0.0,0.0,0.0,0.0,0.0,20.0,20.0,5.0,,,,,,,,,,,,,,,,,,,,,22.0,20.0,0.0,0.0,0.0,0.0,0.0,0.0,0.0,0.0,0.0,0.0,,,,,,,,,,,,,,,,,,0.0,0.0,0.0,0.0,0.0,,,,,,,,,,,,,,,-2.453088401808337,12922,51
2026-27,football,Conference of New England (CCC),ccc,University of New England,"Zipper,Jaden",Jaden,Zipper,,1255,"Zipper,Jaden","ZIPPER,JADEN",University of New England,UNE,0,1,0,47,47,0,0,0,0,,,,,,,,0.0,0.0,0.0,0.0,0.0,0.0,0.0,0.0,0.0,0.0,0.0,0.0,0.0,0.0,0.0,0.0,0.0,0.0,0.0,0.0,0.0,0.0,0.0,0.0,,,,,,,,,,,,,,,,,3.0,0.0,0.0,0.0,0.0,0.0,0.0,0.0,0.0,3.0,3.0,3.0,,,,,,,,,,,,,,,,,,,,,3.0,3.0,0.0,0.0,0.0,0.0,0.0,0.0,0.0,0.0,0.0,0.0,,,,,,,,,,,,,,,,,,0.0,0.0,0.0,0.0,0.0,,,,,,,,,,,,,,,-2.453088401808337,12924,51
2026-27,football,Conference of New England (CCC),ccc,University of New England,"Russ,Tanner",Tanner,Russ,,1255,"Russ,Tanner","RUSS,TANNER",University of New England,UNE,990-2844,1,0,13,13,0,WR,0,0,,,,,,,,0.0,0.0,0.0,0.0,0.0,0.0,0.0,0.0,0.0,0.0,0.0,0.0,0.0,0.0,0.0,0.0,0.0,0.0,0.0,0.0,0.0,0.0,0.0,0.0,,,,,,,,,,,0.0,0.0,0.0,0.0,0.0,,,,,,,,,,,,,,,,,,,,,,,,,,,,,,,,,,,,,,,,,,,,,,,,,,,,,,,,,,,,,,,,,,,,,,,,,,,,,,,,,,-2.4991107112857787,12942,51
2026-27,football,Conference of New England (CCC),ccc,University of New England,"Tejada,Darien",Darien,Tejada,,1255,"Tejada,Darien","TEJADA,DARIEN",University of New England,UNE,990-3210,3,0,2,2,0,WR,0,0,,,,,,,,0.0,0.0,0.0,0.0,0.0,0.0,0.0,0.0,0.0,0.0,0.0,0.0,0.0,0.0,0.0,0.0,0.0,0.0,0.0,0.0,0.0,0.0,0.0,0.0,,,,,,,,,,,0.0,0.0,0.0,0.0,0.0,,,,,,,,,,,,,,,,,,,,,,,,,,,,,,,,,,,,,,,,,,,,,,,,,,,,,,,,,,,,,,,,,,,,,,,,,,,,,,,,,,-2.4991107112857787,12943,51
2026-27,football,Conference of New England (CCC),ccc,Husson University,"Koutsouflakis,DK",DK,Koutsouflakis,,1133,"Koutsouflakis,DK","KOUTSOUFLAKIS,DK",Husson University,HUS,1201-4414,4,0,28,28,0,RB,0,0,,,,,,,,0.0,0.0,0.0,0.0,0.0,0.0,0.0,0.0,0.0,0.0,0.0,0.0,0.0,0.0,0.0,0.0,0.0,0.0,0.0,0.0,0.0,0.0,0.0,0.0,,,,,,,,,,,,,,,,,,,,,,,,,,,,,7.0,23.0,23.0,0.0,0.0,7.0,3.3,5.8,,,,,,,,,,,,,,,,,,,,,,,,,,,,,,,,,,,,,1.0,23.0,0.0,23.0,23.0,,,,,,,,,,,,,,,,,,,,-2.4991406938102867,12944,51
2026-27,football,Conference of New England (CCC),ccc,Endicott College,"Hubbard,Sam",Sam,Hubbard,,8981,"Hubbard,Sam","HUBBARD,SAM",Endicott College,ECM,0,3,0,26,26,0,RB,0,0,,,,,,,,0.0,0.0,0.0,0.0,0.0,0.0,0.0,0.0,0.0,0.0,0.0,0.0,0.0,0.0,0.0,0.0,0.0,0.0,0.0,0.0,0.0,0.0,0.0,0.0,,,,,,,,,,,,,,,,,,,,,,,,,,,,,6.0,41.0,43.0,2.0,0.0,19.0,6.8,13.7,,,,,,,,,,,,,,,,,,,,,,,,,1.0,1.0,,,,,,,,,,,,,,,,,,,,,,,,,,,,,,,,,,,-2.6453761204236432,13003,51
2026-27,football,Conference of New England (CCC),ccc,Western New England University,"Gorry,Paul",Paul,Gorry,,775,"Gorry,Paul","GORRY,PAUL",Western New England University,WNE,1022-4131,2,2,17,17,0,QB,0,0,,,,,,,,0.0,0.0,0.0,0.0,0.0,0.0,0.0,0.0,0.0,0.0,0.0,0.0,0.0,0.0,0.0,0.0,0.0,0.0,0.0,0.0,0.0,0.0,0.0,0.0,,,,,,,,,,,,,,,,,,,,,,,,,,,,,7.0,4.0,23.0,19.0,0.0,8.0,0.6,2.0,15.0,2.0,42.0,1.0,219.0,0.0,20.0,17.0,193.5,10.95,12.88,109.5,,,,,,,,,,,,,1.0,1.0,,,,,,,,,,,,,,,,,,,,,,,,,,,,,,,,,,,-2.7917139095341086,13043,51
2026-27,football,Conference of New England (CCC),ccc,New England College,"Sobotka,Brody",Brody,Sobotka,,467,"Sobotka,Brody","SOBOTKA,BRODY",New England College,NEC,694-4191,2,2,12,12,0,QB,0,0,,,,,,,,0.0,0.0,0.0,0.0,0.0,0.0,0.0,0.0,0.0,0.0,0.0,0.0,0.0,0.0,0.0,0.0,0.0,0.0,0.0,0.0,0.0,0.0,0.0,0.0,,,,,,,,,,,,,,,,,0.0,1.0,0.0,0.0,0.0,0.0,0.0,0.0,0.0,6.0,6.0,3.0,20.0,-23.0,53.0,76.0,1.0,20.0,-1.2,-11.5,57.0,7.0,40.0,1.0,287.0,1.0,43.0,28.0,124.2,6.67,10.25,143.5,,,,,,,,,,,,,1.0,1.0,,,,,,,,,,,,,,,,,,,,,,,,,,,,,,,,,,,-2.802773252875995,13046,51
2026-27,football,Conference of New England (CCC),ccc,Nichols College,"Davis,Mason",Mason,Davis,,484,"Davis,Mason","DAVIS,MASON",Nichols College,NIC,695-5197,4,0,2,2,0,WR,0,0,,,,,,,,0.0,1.0,0.0,1.0,1.0,0.0,0.0,0.0,0.0,0.0,0.0,0.0,0.0,0.0,0.0,0.0,0.0,0.0,0.0,0.0,0.0,0.0,0.0,0.0,,,,,,,,,,,4.0,17.0,0.0,8.0,4.3,,,,,,,,,,,,,,15.0,31.0,39.0,8.0,0.0,9.0,2.1,7.8,,,,,,,,,,,,,,,,,,,,,,,,,,,,,,,,,,,,,,,,,,,,,,,,,,,,,,,,,,,,,-2.8953405902408345,13066,51
2026-27,football,Conference of New England (CCC),ccc,Nichols College,"Allen,Joseph",Joseph,Allen,,484,"Allen,Joseph","ALLEN,JOSEPH",Nichols College,NIC,695-5146,2,0,21,21,0,RB,0,0,,,,,,,,0.0,4.0,0.0,4.0,4.0,0.0,0.0,0.0,0.0,0.0,0.0,0.0,0.0,0.0,0.0,0.0,0.0,0.0,0.0,0.0,0.0,0.0,0.0,0.0,,,,,,,,,,,1.0,18.0,0.0,18.0,18.0,,,,,,,,,,,,,,10.0,3.0,19.0,16.0,0.0,5.0,0.3,1.5,,,,,,,,,,,,,,,,,,,,,,,,,,,,,,,,,,,,,,,,,,,,,,,,,,,,,,,,,,,,,-2.902238159524415,13068,51
2026-27,football,Conference of New England (CCC),ccc,Husson University,"Papa,Dominic",Dominic,Papa,,1133,"Papa,Dominic","PAPA,DOMINIC",Husson University,HUS,1201-4427,1,0,6,6A,0,QB,0,0,,,,,,,,,,,,,,,,,,,,,,,,,,,,,,,,,,,,,,,,,,,,,,,,,,,,,,,,,,,,,,,,,,,,0.0,0.0,0.0,0.0,0.0,1.0,1.0,0.0,-200.0,0.0,0.0,0.0,,,,,,,,,,,,,,,,,,,,,,,,,,,,,,,,,,,,,,,,,,,,,,,,,-2.9032055858534127,13070,51
2026-27,football,Conference of New England (CCC),ccc,Maine Maritime Academy,Harris Stone,Harris,Stone,,378,Harris Stone,"STONE,HARRIS",Maine Maritime Academy,MEM,1208-2545,3,2,13,13,0,0,0,0,,,,,,,,0.0,0.0,0.0,0.0,0.0,0.0,0.0,0.0,0.0,0.0,0.0,0.0,0.0,0.0,0.0,0.0,0.0,0.0,0.0,0.0,0.0,0.0,0.0,0.0,,,,,,,,,,,,,,,,,,,,,,,,,,,,,15.0,-2.0,31.0,33.0,0.0,13.0,-0.1,-0.7,43.0,4.0,37.0,2.0,336.0,2.0,73.0,35.0,90.2,4.6,9.6,112.0,,,,,,,,,,,,,1.0,1.0,15.0,523.0,46.0,0.0,2.0,0.0,0.0,6.0,34.9,,,,,,,,,,,,,,,,,,,,,,,,,,-2.948425726593193,13083,51
2026-27,football,Conference of New England (CCC),ccc,Curry College,Ty Tedesco,Ty,Tedesco,,170,Ty Tedesco,"TEDESCO,TY",Curry College,CUR,0,4,1,13,13,0,QB,0,0,,,,,,,,,,,,,,,,,,,,,,,,,,,,,,,,,,,,,,,,,,,,,,,,,,,,,,,,,,,,2.0,7.0,9.0,2.0,0.0,9.0,3.5,1.8,0.0,0.0,5.0,0.0,5.0,1.0,4.0,1.0,-14.5,1.25,5.0,1.3,,,,,,,,,,,,,1.0,1.0,,,,,,,,,,,,,,,,,,,,,,,,,,,,,,,,,,,-3.61615691414705,13186,50
2026-27,football,Conference of New England (CCC),ccc,University of New England,Gavin Martin,Gavin,Martin,,1255,Gavin Martin,"MARTIN,GAVIN",University of New England,UNE,990-3190,1,0,16,16,0,0,0,0,,,,,,,,,,,,,,,,,,,,,,,,,,,,,,,,,,,,,,,,,,,,,,,,,,,,,,,,,,,,1.0,3.0,3.0,0.0,0.0,3.0,3.0,3.0,0.0,0.0,0.0,0.0,0.0,0.0,1.0,0.0,0.0,0.0,0.0,0.0,,,,,,,,,,,,,,,1.0,22.0,22.0,0.0,0.0,0.0,0.0,0.0,22.0,,,,,,,,,,,,,,,,,,,,,,,,,,-3.757337938983575,13196,50
2026-27,football,Conference of New England (CCC),ccc,New England College,"Hughes,Aidan",Aidan,Hughes,,467,"Hughes,Aidan","HUGHES,AIDAN",New England College,NEC,694-3887,3,0,10,10,0,QB,0,0,,,,,,,,,,,,,,,,,,,,,,,,,,,,,,,,,,,,,,,,,,0.0,0.0,0.0,0.0,0.0,,,,,,,,,,,,,,1.0,-7.0,0.0,7.0,0.0,0.0,-7.0,-2.3,7.0,1.0,18.0,1.0,85.0,3.0,23.0,11.0,67.1,3.7,7.73,28.3,,,,,,,,,,,,,,,,,,,,,,,,,,,,,,,,,,,,,,,,,,,,,,,,,-4.104197940394905,13215,50
2026-27,football,Conference of New England (CCC),ccc,New England College,"Auger,Gavin",Gavin,Auger,,467,"Auger,Gavin","AUGER,GAVIN",New England College,NEC,694-3669,4,4,14,14,0,WR,0,0,,,,,,,,0.0,0.0,0.0,0.0,0.0,0.0,0.0,0.0,0.0,0.0,0.0,0.0,0.0,0.0,0.0,0.0,0.0,0.0,0.0,0.0,0.0,0.0,0.0,0.0,,,,,,,,,,,6.0,33.0,0.0,7.0,5.5,,,,,,,,,,,,,,,,,,,,,,0.0,0.0,8.0,0.0,8.0,0.0,2.0,1.0,83.6,4.0,8.0,2.0,,,,,,,,,,,,,1.0,1.0,,,,,,,,,,,,,,,,,,,,,,,,,,,,,,3.0,3.0,0.0,11.0,1.0,-4.105746683119312,13216,50
2026-27,football,Conference of New England (CCC),ccc,New England College,"DeSena,DeAnjelo",DeAnjelo,DeSena,,467,"DeSena,DeAnjelo","DESENA,DEANJELO",New England College,NEC,694-4161,1,0,2,2A,0,QB,0,0,,,,,,,,0.0,1.0,0.0,1.0,1.0,0.0,0.0,0.0,0.0,0.0,0.0,0.0,0.0,0.0,0.0,0.0,0.0,0.0,0.0,0.0,0.0,0.0,0.0,0.0,,,,,,,,,,,,,,,,,,,,,,,,,,,,,1.0,-11.0,0.0,11.0,0.0,0.0,-11.0,-11.0,11.0,1.0,8.0,0.0,15.0,2.0,10.0,5.0,22.6,1.5,3.0,15.0,,,,,,,,,,,,,,,,,,,,,,,,,,,,,,,,,,,,,,,,,,,,,,,,,-4.859334111731346,13240,50
2026-27,football,Conference of New England (CCC),ccc,New England College,"Roy,Ben",Ben,Roy,,467,"Roy,Ben","ROY,BEN",New England College,NEC,694-3687,4,0,0,0,0,TE,0,0,,,,,,,,0.0,0.0,0.0,0.0,0.0,0.0,0.0,0.0,0.0,0.0,0.0,0.0,0.0,0.0,0.0,0.0,0.0,0.0,0.0,0.0,0.0,0.0,0.0,0.0,,,,,,,,,,,3.0,31.0,0.0,23.0,10.3,,,,,,,,,,,,,,2.0,-45.0,0.0,45.0,0.0,0.0,-22.5,-11.3,,,,,,,,,,,,,,,,,,,,,,,,,2.0,2.0,20.0,705.0,54.0,0.0,1.0,6.0,1.0,1.0,35.3,,,,,,,,,,,,,,,,,,,,,,,,,,-5.591947531189873,13251,50
