season,sport,conference,conference_code,team,player_name,first_name,last_name,position,team_code,name,checkname,team_name,team_id,sdrm_id,games_played,games_started,uniform,code,year,offensive_position,defensive_position,active,rush_stats,pass_stats,receiving_stats,punt_stats,kickoff_stats,fieldgoal_stats,pat_stats,defense_stats_interception_return_yards,defense_stats_unassisted_tackles,defense_stats_assisted_tackles,defense_stats_tackles,defense_stats_total_tackles,defense_stats_tackles_for_loss,defense_stats_tackles_for_loss_per_game,defense_stats_tackles_per_game,defense_stats_unassisted_tackles_for_loss,defense_stats_assisted_tackles_for_loss,defense_stats_tackle_yards_for_loss,defense_stats_sacks,defense_stats_unassisted_sacks,defense_stats_assisted_sacks,defense_stats_sack_yards_for_loss,defense_stats_pass_breakups,defense_stats_fumbles_forced,defense_stats_quarterback_hurries,defense_stats_safeties_scored,defense_stats_blocked_kicks,defense_stats_fumbles_recovered,defense_stats_fumble_return_yards,defense_stats_interceptions,defense_stats_passes_defended,kickreturn_stats,puntreturn_stats,interception_return_stats_number,interception_return_stats_yards,interception_return_stats_touchdowns,interception_return_stats_longest,interception_return_stats_avg_per_return,fumblereturn_stats,fumble_stats,scoring_stats,receiving_stats_number,receiving_stats_yards,receiving_stats_touchdowns,receiving_stats_longest_reception,receiving_stats_avg_per_reception,interception_return_stats,scoring_stats_pat_kicks,scoring_stats_touchdowns,scoring_stats_fieldgoals,scoring_stats_safeties,scoring_stats_pat_rushes,scoring_stats_pat_receptions,scoring_stats_pat_kick_returns,scoring_stats_pat_fumble_returns,scoring_stats_rouges,scoring_stats_points,scoring_stats_all_points,scoring_stats_points_per_game,rush_stats_attempts,rush_stats_net_yards,rush_stats_yards_gained,rush_stats_yards_lost,rush_stats_touchdowns,rush_stats_longest_rush,rush_stats_avg_per_play,rush_stats_avg_per_game,pass_stats_yards_lost_by_sacks,pass_stats_sacked,pass_stats_longest_pass,pass_stats_touchdowns,pass_stats_yards,pass_stats_interceptions,pass_stats_attempts,pass_stats_completions,pass_stats_efficiency,pass_stats_avg_per_pass,pass_stats_avg_per_catch,pass_stats_avg_per_game,pat_stats_kick_attempts,pat_stats_kicks_made,pat_stats_rush_attempts,pat_stats_rushes_made,pat_stats_pass_attempts,pat_stats_passes_made,pat_stats_reception_attempts,pat_stats_receptions_made,pat_stats_defensive_return_attempts,pat_stats_defensive_returns_made,pat_stats_defensive_blocked_kick_return_attempts,pat_stats_devensive_blocked_kick_returns_made,fumble_stats_number,fumble_stats_number_lost,punt_stats_number,punt_stats_yards,punt_stats_longest_punt,punt_stats_blocked,punt_stats_touchbacks,punt_stats_fair_catches,punt_stats_fifty_plus_yards,punt_stats_inside_twenty,punt_stats_avg_per_punt,defense_stats,kickreturn_stats_number,kickreturn_stats_yards,kickreturn_stats_touchdowns,kickreturn_stats_longest_kickoff_return,kickreturn_stats_avg_per_return,fieldgoal_stats_made,fieldgoal_stats_attempts,fieldgoal_stats_longest_fieldgoal,fieldgoal_stats_blocked,fieldgoal_stats_percentage,fumblereturn_stats_number,fumblereturn_stats_yards,fumblereturn_stats_touchdowns,fumblereturn_stats_longest_interception_return,kickoff_stats_number,kickoff_stats_yards,kickoff_stats_out_of_bounds,kickoff_stats_touchbacks,kickoff_stats_avg_per_kickoff,puntreturn_stats_number,puntreturn_stats_yards,puntreturn_stats_touchdowns,puntreturn_stats_longest_punt_return,puntreturn_stats_avg_per_return,composite_score,global_rank,rating
2026-27,football,Southern Athletic Association (SAA),saa,Trinity,"Davila,Diego",Diego,Davila,,715,"Davila,Diego","DAVILA,DIEGO",Trinity,TU,0,3,3,7,7,0,0,DB,0,,,,,,,,10.0,7.0,15.0,22.0,22.0,3.5,0.0,0.0,3.0,1.0,27.0,2.5,2.0,1.0,21.0,1.0,1.0,1.0,0.0,0.0,0.0,0.0,1.0,2.0,,,1.0,10.0,0.0,10.0,10.0,,,,,,,,,,,,,,,,,,,,,,,,,,,,,,,,,,,,,,,,,,,,,,,,,,,,,,,,,,,,,,,,,,,,,,,,,,,,,,,,,,,,,,,,,,10.193424777958446,57,95
2026-27,football,Southern Athletic Association (SAA),saa,Millsaps,"Veal Jr.,Kyle",Kyle,Veal Jr.,,426,"Veal Jr.,Kyle","VEAL JR.,KYLE",Millsaps,MC,1282-2714,3,2,10,1A,0,0,LB,0,,,,,,,,16.0,8.0,9.0,17.0,17.0,2.0,0.0,0.0,1.0,2.0,6.0,1.0,1.0,0.0,3.0,0.0,0.0,1.0,0.0,0.0,1.0,40.0,2.0,2.0,,,2.0,16.0,0.0,16.0,8.0,,,,,,,,,,0.0,1.0,0.0,0.0,0.0,0.0,0.0,0.0,0.0,6.0,6.0,2.0,,,,,,,,,,,,,,,,,,,,,,,,,,,,,,,,,0.0,0.0,,,,,,,,,,,,,,,,,,,,,1.0,40.0,1.0,40.0,,,,,,,,,,,9.66822653921296,70,95
2026-27,football,Southern Athletic Association (SAA),saa,Trinity,"Scannell,TJ",TJ,Scannell,,715,"Scannell,TJ","SCANNELL,TJ",Trinity,TU,0,3,3,0,0,0,0,LB,0,,,,,,,,0.0,8.0,21.0,29.0,29.0,4.0,0.0,0.0,2.0,4.0,22.0,2.5,2.0,1.0,20.0,1.0,0.0,3.0,0.0,0.0,0.0,0.0,0.0,1.0,,,,,,,,,,,,,,,,,,,,,,,,,,,,,,,,,,,,,,,,,,,,,,,,,,,,,,,,,,,,,,,,,,,,,,,,,,,,,,,,,,,,,,,,,,,,,,,,,7.951626189078136,151,95
2026-27,football,Southern Athletic Association (SAA),saa,Southwestern,"Martin,Jameer",Jameer,Martin,,8746,"Martin,Jameer","MARTIN,JAMEER",Southwestern,SWU,1322-2600,3,3,3,3,0,0,DB,0,,,,,,,,8.0,25.0,15.0,40.0,40.0,1.0,0.0,0.0,1.0,0.0,2.0,0.0,0.0,0.0,0.0,1.0,0.0,0.0,0.0,0.0,0.0,0.0,1.0,2.0,,,1.0,8.0,0.0,8.0,8.0,,,,,,,,,,,,,,,,,,,,,,,,,,,,,,,,,,,,,,,,,,,,,,,,,,,,,,,,,,,,,,,,,,,,,,,,,,,,,,,,,,,,,,,,,,6.8272962749237855,220,94
2026-27,football,Southern Athletic Association (SAA),saa,Maryville College,"Relthford,Aiden",Aiden,Relthford,,396,"Relthford,Aiden","RELTHFORD,AIDEN",Maryville College,MAR,1027-2184,4,3,8,3G,0,0,DB,0,,,,,,,,8.0,6.0,1.0,7.0,7.0,0.0,0.0,0.0,0.0,0.0,0.0,0.0,0.0,0.0,0.0,2.0,0.0,0.0,0.0,0.0,0.0,0.0,2.0,4.0,,,2.0,8.0,0.0,8.0,4.0,,,,,,,,,,,,,,,,,,,,,,,,,,,,,,,,,,,,,,,,,,,,,,,,,,,,,,,,,,,,,,,,,,,,,,,,,,,,,,,,,,,,,,,,,,6.770399892963676,229,94
2026-27,football,Southern Athletic Association (SAA),saa,Millsaps,"Johnson,Myles",Myles,Johnson,,426,"Johnson,Myles","JOHNSON,MYLES",Millsaps,MC,1282-2675,3,3,5,5D,0,0,DL,0,,,,,,,,0.0,6.0,6.0,12.0,12.0,3.0,0.0,0.0,2.0,2.0,12.0,2.5,2.0,1.0,11.0,2.0,1.0,2.0,0.0,0.0,0.0,0.0,0.0,2.0,,,,,,,,,,,,,,,,,,,,,,,,,,,,,,,,,,,,,,,,,,,,,,,,,,,,,,,,,,,,,,,,,,,,,,,,,,,,,,,,,,,,,,,,,,,,,,,,,6.270823750626217,273,94
2026-27,football,Southern Athletic Association (SAA),saa,Southwestern,"Anderson,Gilbert",Gilbert,Anderson,,8746,"Anderson,Gilbert","ANDERSON,GILBERT",Southwestern,SWU,1322-2779,3,3,11,1G,0,0,DB,0,,,,,,,,47.0,12.0,0.0,12.0,12.0,0.0,0.0,0.0,0.0,0.0,0.0,0.0,0.0,0.0,0.0,0.0,0.0,0.0,0.0,0.0,0.0,0.0,2.0,2.0,,,2.0,47.0,0.0,47.0,23.5,,,,,,,,,,,,,,,,,,,,,,,,,,,,,,,,,,,,,,,,,,,,,,,,,,,,,,,,,,,,,,,,,,,,,,,,,,,,,,,,,,,,,,,,,,6.136009809811062,291,94
2026-27,football,Southern Athletic Association (SAA),saa,Centre,"Brewer Jr.,Mario",Mario,Brewer Jr.,,132,"Brewer Jr.,Mario","BREWER JR.,MARIO",Centre,CEN,1268-3156,3,3,6,0F,0,0,DB,0,,,,,,,,0.0,5.0,6.0,11.0,11.0,3.0,0.0,0.0,3.0,0.0,17.0,2.0,2.0,0.0,15.0,3.0,0.0,0.0,0.0,0.0,0.0,0.0,0.0,3.0,,,,,,,,,,,,,,,,,,,,,,,,,,,,,,,,,,,,,,,,,,,,,,,,,,,,,,,,,,,,,,,,,,,,,,,,,,,,,,,,,,,,,,,,,,,,,,,,,5.983457468719584,314,94
2026-27,football,Southern Athletic Association (SAA),saa,Maryville College,"Dabrowski,Jaxon",Jaxon,Dabrowski,,396,"Dabrowski,Jaxon","DABROWSKI,JAXON",Maryville College,MAR,1027-2645,4,2,11,11,0,QB,0,0,,,,,,,,0.0,0.0,0.0,0.0,0.0,0.0,0.0,0.0,0.0,0.0,0.0,0.0,0.0,0.0,0.0,0.0,0.0,0.0,0.0,0.0,0.0,0.0,0.0,0.0,,,,,,,,,,,,,,,,,0.0,7.0,0.0,0.0,0.0,0.0,0.0,0.0,0.0,42.0,42.0,10.5,59.0,243.0,307.0,64.0,7.0,20.0,4.1,60.8,63.0,11.0,41.0,4.0,845.0,3.0,123.0,78.0,127.0,6.87,10.83,211.3,0.0,0.0,0.0,0.0,1.0,0.0,1.0,0.0,0.0,0.0,0.0,0.0,2.0,2.0,,,,,,,,,,,,,,,,,,,,,,,,,,,,,,,,,,,5.950697709658745,321,94
2026-27,football,Southern Athletic Association (SAA),saa,Millsaps,"Williams,Cole",Cole,Williams,,426,"Williams,Cole","WILLIAMS,COLE",Millsaps,MC,1282-2719,3,3,12,1B,0,0,DB,0,,,,,,,,0.0,7.0,17.0,24.0,24.0,3.0,0.0,0.0,1.0,4.0,10.0,0.0,0.0,0.0,0.0,0.0,0.0,0.0,0.0,0.0,0.0,0.0,1.0,1.0,,,1.0,0.0,0.0,0.0,0.0,,,,,,,,,,,,,,,,,,,,,,,,,,,,,,,,,,,,,,,,,,,,,,,,,,,,,,,,,,,,,,,,,,,,,,,,,,,,,,,,,,,,,,,,,,5.77979862791936,351,94
2026-27,football,Southern Athletic Association (SAA),saa,Maryville College,"Kremblas,Knox",Knox,Kremblas,,396,"Kremblas,Knox","KREMBLAS,KNOX",Maryville College,MAR,1027-2491,4,3,21,7T,0,0,DB,0,,,,,,,,6.0,7.0,5.0,12.0,12.0,2.0,0.0,0.0,1.0,2.0,4.0,0.0,0.0,0.0,0.0,3.0,0.0,0.0,0.0,0.0,0.0,0.0,1.0,4.0,,,1.0,6.0,0.0,6.0,6.0,,,,,,,,,,,,,,,,,,,,,,,,,,,,,,,,,,,,,,,,,,,,,,,,,,,,,,,,,,,,,,,,,,,,,,,,,,,,,,,,,,,,,,,,,,5.728396286406279,358,94
2026-27,football,Southern Athletic Association (SAA),saa,Berry,Buie Crawford,Buie,Crawford,,973,Buie Crawford,"CRAWFORD,BUIE",Berry,BERRY,838-3613,3,3,09,09,0,0,LB,0,,,,,,,,0.0,8.0,7.0,15.0,15.0,4.5,0.0,0.0,4.0,1.0,29.0,2.0,2.0,0.0,25.0,0.0,1.0,2.0,0.0,0.0,0.0,0.0,0.0,0.0,,,,,,,,,,,,,,,,,,,,,,,,,,,,,,,,,,,,,,,,,,,,,,,,,,,,,,,,,,,,,,,,,,,,,,,,,,,,,,,,,,,,,,,,,,,,,,,,,5.516468279222782,379,94
2026-27,football,Southern Athletic Association (SAA),saa,Berry,Steven Pickett,Steven,Pickett,,973,Steven Pickett,"PICKETT,STEVEN",Berry,BERRY,838-3362,3,3,07,07,0,0,CB,0,,,,,,,,0.0,10.0,0.0,10.0,10.0,1.0,0.0,0.0,1.0,0.0,2.0,0.0,0.0,0.0,0.0,9.0,0.0,0.0,0.0,0.0,0.0,0.0,0.0,9.0,,,,,,,,,,,,,,,,,,,,,,,,,,,,,,,,,,,,,,,,,,,,,,,,,,,,,,,,,,,,,,,,,,,,,,,,,,,,,,,,,,,,,,,,,,,,,,,,,5.153924515198245,434,94
2026-27,football,Southern Athletic Association (SAA),saa,Rhodes,"Barkley,Robert",Robert,Barkley,,573,"Barkley,Robert","BARKLEY,ROBERT",Rhodes,RHO,1390-4970,3,2,4,4,0,0,DB,0,,,,,,,,0.0,23.0,6.0,29.0,29.0,2.0,0.0,0.0,2.0,0.0,11.0,1.0,1.0,0.0,9.0,2.0,0.0,0.0,0.0,0.0,0.0,0.0,0.0,2.0,,,,,,,,,,,,,,,,,,,,,,,,,,,,,,,,,,,,,,,,,,,,,,,,,,,,,,,,,,,,,,,,,,,,,,,,,,,,,,,,,,,,,,,,,,,,,,,,,5.145669337371979,435,94
2026-27,football,Southern Athletic Association (SAA),saa,Sewanee,"Woody,Clay",Clay,Woody,,652,"Woody,Clay","WOODY,CLAY",Sewanee,SEW,1321-3749,3,3,13,1C,0,0,DB,0,,,,,,,,0.0,14.0,5.0,19.0,19.0,1.0,0.0,0.0,1.0,0.0,3.0,0.0,0.0,0.0,0.0,7.0,0.0,0.0,0.0,0.0,0.0,0.0,0.0,7.0,,,,,,,,,,,,,,,,,,,,,,,,,,,,,,,,,,,,,,,,,,,,,,,,,,,,,,,,,,,,,,,,,,,,,,,,,,,,,,,,,,,,,,,,,,,,,,,,,4.917538437560122,469,93
2026-27,football,Southern Athletic Association (SAA),saa,Trinity,"Ngatcha,Azriel",Azriel,Ngatcha,,715,"Ngatcha,Azriel","NGATCHA,AZRIEL",Trinity,TU,0,3,2,92,92,0,0,DL,0,,,,,,,,0.0,3.0,8.0,11.0,11.0,4.0,0.0,0.0,2.0,4.0,11.0,2.0,2.0,0.0,5.0,0.0,0.0,0.0,0.0,0.0,0.0,0.0,0.0,0.0,,,,,,,,,,,,,,,,,,,,,,,,,,,,,,,,,,,,,,,,,,,,,,,,,,,,,,,,,,,,,,,,,,,,,,,,,,,,,,,,,,,,,,,,,,,,,,,,,4.840847793689194,484,93
2026-27,football,Southern Athletic Association (SAA),saa,Trinity,"Crockett,Judson",Judson,Crockett,,715,"Crockett,Judson","CROCKETT,JUDSON",Trinity,TU,0,3,3,4,4,0,0,DB,0,,,,,,,,0.0,4.0,9.0,13.0,13.0,2.0,0.0,0.0,1.0,2.0,6.0,0.0,0.0,0.0,0.0,1.0,0.0,1.0,0.0,3.0,0.0,0.0,1.0,2.0,,,1.0,0.0,0.0,0.0,0.0,,,,,,,,,,,,,,,,,,,,,,,,,,,,,,,,,,,,,,,,,,,,,,,,,,,,,,,,,,,,,,,,,,,,,,,,,,,,,,,,,,,,,,,,,,4.696002197739176,519,93
2026-27,football,Southern Athletic Association (SAA),saa,Southwestern,"Roberson,Cam",Cam,Roberson,,8746,"Roberson,Cam","ROBERSON,CAM",Southwestern,SWU,1322-2629,3,3,8,8,0,0,DB,0,,,,,,,,51.0,10.0,4.0,14.0,14.0,1.5,0.0,0.0,1.0,1.0,3.0,0.0,0.0,0.0,0.0,1.0,1.0,0.0,0.0,0.0,0.0,0.0,1.0,2.0,,,1.0,51.0,0.0,51.0,51.0,,,,,,,,,,,,,,,,,,,,,,,,,,,,,,,,,,,,,,,,,,,,,,,,,,,,,,,,,,,,,,,,,,,,,,,,,,,,,,,,,,,,,,,,,,4.5178867190986995,557,93
2026-27,football,Southern Athletic Association (SAA),saa,Millsaps,"Warren,Decorian",Decorian,Warren,,426,"Warren,Decorian","WARREN,DECORIAN",Millsaps,MC,1282-2964,3,3,3,3D,0,0,DL,0,,,,,,,,0.0,3.0,8.0,11.0,11.0,4.0,0.0,0.0,2.0,4.0,20.0,1.5,1.0,1.0,13.0,0.0,1.0,0.0,0.0,0.0,1.0,0.0,0.0,0.0,,,,,,,,,,,,,,,,,,,,,,,,,,,,,,,,,,,,,,,,,,,,,,,,,,,,,,,,,,,,,0.0,0.0,,,,,,,,,,,,,,,,,,,,,,,,,,,,,,,,,,,4.50365511946896,560,93
2026-27,football,Southern Athletic Association (SAA),saa,Berry,Erik Jensen,Erik,Jensen,,973,Erik Jensen,"JENSEN,ERIK",Berry,BERRY,838-3348,3,3,05,05,0,0,LB,0,,,,,,,,0.0,6.0,11.0,17.0,17.0,5.0,0.0,0.0,4.0,2.0,26.0,1.0,1.0,0.0,16.0,0.0,0.0,0.0,0.0,0.0,0.0,0.0,0.0,0.0,,,,,,,,,,,,,,,,,,,,,,,,,,,,,,,,,,,,,,,,,,,,,,,,,,,,,,,,,,,,,,,,,,,,,,,,,,,,,,,,,,,,,,,,,,,,,,,,,4.485461110897379,561,93
2026-27,football,Southern Athletic Association (SAA),saa,Centre,"Smiley,Daniel",Daniel,Smiley,,132,"Smiley,Daniel","SMILEY,DANIEL",Centre,CEN,1268-2880,3,0,27,27,0,0,LB,0,,,,,,,,0.0,7.0,5.0,12.0,12.0,3.0,0.0,0.0,3.0,0.0,22.0,2.0,2.0,0.0,21.0,0.0,0.0,0.0,0.0,0.0,0.0,0.0,0.0,0.0,,,,,,,,,,,,,,,,,,,,,,,,,,,,,,,,,,,,,,,,,,,,,,,,,,,,,,,,,,,,,,,,,,,,,,,,,,,,,,,,,,,,,,,,,,,,,,,,,4.385115835029619,584,93
2026-27,football,Southern Athletic Association (SAA),saa,Centre,"Maxberry,Seandre",Seandre,Maxberry,,132,"Maxberry,Seandre","MAXBERRY,SEANDRE",Centre,CEN,1268-3359,3,3,92,92,0,0,DL,0,,,,,,,,0.0,3.0,6.0,9.0,9.0,3.5,0.0,0.0,3.0,1.0,17.0,2.0,2.0,0.0,15.0,0.0,0.0,0.0,0.0,0.0,0.0,0.0,0.0,0.0,,,,,,,,,,,,,,,,,,,,,,,,,,,,,,,,,,,,,,,,,,,,,,,,,,,,,,,,,,,,,,,,,,,,,,,,,,,,,,,,,,,,,,,,,,,,,,,,,4.36422931091285,586,93
2026-27,football,Southern Athletic Association (SAA),saa,Sewanee,"Gibbs,James",James,Gibbs,,652,"Gibbs,James","GIBBS,JAMES",Sewanee,SEW,1321-3725,3,2,45,45,0,0,DL,0,,,,,,,,0.0,11.0,7.0,18.0,18.0,4.0,0.0,0.0,4.0,0.0,19.0,1.0,1.0,0.0,12.0,0.0,0.0,0.0,1.0,0.0,0.0,0.0,0.0,0.0,,,,,,,,,,,,,,,,,0.0,0.0,0.0,1.0,0.0,0.0,0.0,0.0,0.0,2.0,2.0,0.67,,,,,,,,,,,,,,,,,,,,,,,,,,,,,,,,,,,,,,,,,,,,,,,,,,,,,,,,,,,,,,,,,,,,,4.029729152237803,667,93
2026-27,football,Southern Athletic Association (SAA),saa,Southwestern,"Cundiff,Braeden",Braeden,Cundiff,,8746,"Cundiff,Braeden","CUNDIFF,BRAEDEN",Southwestern,SWU,1322-2819,3,3,92,92,0,0,DL,0,,,,,,,,0.0,7.0,3.0,10.0,10.0,2.5,0.0,0.0,2.0,1.0,10.0,2.0,2.0,0.0,9.0,0.0,0.0,0.0,0.0,0.0,0.0,0.0,0.0,0.0,,,,,,,,,,,,,,,,,,,,,,,,,,,,,,,,,,,,,,,,,,,,,,,,,,,,,,,,,,,,,,,,,,,,,,,,,,,,,,,,,,,,,,,,,,,,,,,,,3.9084973522532738,691,93
2026-27,football,Southern Athletic Association (SAA),saa,Millsaps,"Johnson,Nate",Nate,Johnson,,426,"Johnson,Nate","JOHNSON,NATE",Millsaps,MC,1282-2472,3,3,1,1D,0,0,DL,0,,,,,,,,0.0,7.0,5.0,12.0,12.0,2.5,0.0,0.0,2.0,1.0,15.0,1.0,1.0,0.0,9.0,2.0,0.0,3.0,0.0,0.0,0.0,0.0,0.0,2.0,,,,,,,,,,,,,,,,,,,,,,,,,,,,,,,,,,,,,,,,,,,,,,,,,,,,,,,,,,,,,,,,,,,,,,,,,,,,,,,,,,,,,,,,,,,,,,,,,3.731768793954496,744,93
2026-27,football,Southern Athletic Association (SAA),saa,Trinity,"Hill,Dorien",Dorien,Hill,,715,"Hill,Dorien","HILL,DORIEN",Trinity,TU,0,3,3,8,8H,0,0,LB,0,,,,,,,,0.0,7.0,6.0,13.0,13.0,3.0,0.0,0.0,2.0,2.0,11.0,1.5,1.0,1.0,10.0,0.0,0.0,2.0,0.0,0.0,0.0,0.0,0.0,0.0,,,,,,,,,,,,,,,,,,,,,,,,,,,,,,,,,,,,,,,,,,,,,,,,,,,,,,,,,,,,,,,,,,,,,,,,,,,,,,,,,,,,,,,,,,,,,,,,,3.730804010857366,746,93
2026-27,football,Southern Athletic Association (SAA),saa,Maryville College,"Currie,Bryce",Bryce,Currie,,396,"Currie,Bryce","CURRIE,BRYCE",Maryville College,MAR,1027-1976,4,3,3,3D,0,0,LB,0,,,,,,,,0.0,11.0,9.0,20.0,20.0,0.0,0.0,0.0,0.0,0.0,0.0,0.0,0.0,0.0,0.0,0.0,0.0,0.0,0.0,0.0,0.0,0.0,1.0,1.0,,,1.0,0.0,0.0,0.0,0.0,,,,,,,,,,,,,,,,,,,,,,,,,,,,,,,,,,,,,,,,,,,,,,,,,,,,,,,,,,,,,,,,,,,,,,,,,,,,,,,,,,,,,,,,,,3.7160957422902743,750,92
2026-27,football,Southern Athletic Association (SAA),saa,Millsaps,"Boutan,Zabian",Zabian,Boutan,,426,"Boutan,Zabian","BOUTAN,ZABIAN",Millsaps,MC,1282-2801,3,3,11,11,0,0,LB,0,,,,,,,,0.0,5.0,5.0,10.0,10.0,4.0,0.0,0.0,3.0,2.0,21.0,1.0,1.0,0.0,8.0,0.0,1.0,3.0,0.0,0.0,1.0,41.0,0.0,0.0,,,,,,,,,,,,,,,,,0.0,1.0,0.0,0.0,0.0,0.0,0.0,0.0,0.0,6.0,6.0,2.0,,,,,,,,,,,,,,,,,,,,,,,,,,,,,,,,,0.0,0.0,,,,,,,,,,,,,,,,,,,,,1.0,41.0,1.0,41.0,,,,,,,,,,,3.650341292539463,769,92
2026-27,football,Southern Athletic Association (SAA),saa,Southwestern,"Costantino,Caleb",Caleb,Costantino,,8746,"Costantino,Caleb","COSTANTINO,CALEB",Southwestern,SWU,1322-3036,3,2,10,1A,0,0,LB,0,,,,,,,,0.0,13.0,11.0,24.0,24.0,2.5,0.0,0.0,1.0,3.0,5.0,0.5,0.0,1.0,1.0,1.0,0.0,0.0,0.0,0.0,0.0,0.0,0.0,1.0,,,,,,,,,,,,,,,,,,,,,,,,,,,,,,,,,,,,,,,,,,,,,,,,,,,,,,,,,,,,,,,,,,,,,,,,,,,,,,,,,,,,,,,,,,,,,,,,,3.6060204399242295,786,92
2026-27,football,Southern Athletic Association (SAA),saa,Sewanee,"Shaw,Malcolm",Malcolm,Shaw,,652,"Shaw,Malcolm","SHAW,MALCOLM",Sewanee,SEW,1321-3182,3,3,21,21,0,0,DB,0,,,,,,,,1.0,6.0,1.0,7.0,7.0,1.0,0.0,0.0,1.0,0.0,2.0,0.0,0.0,0.0,0.0,1.0,0.0,0.0,0.0,0.0,0.0,0.0,1.0,2.0,,,1.0,1.0,0.0,1.0,1.0,,,,,,,,,,,,,,,,,,,,,,,,,,,,,,,,,,,,,,,,,,,,,,,,,,,,,,,,,,,,,,,,,,,,,,,,,,,,,,,,,,,,,,,,,,3.543763229429243,803,92
2026-27,football,Southern Athletic Association (SAA),saa,Millsaps,"Smith,Justin",Justin,Smith,,426,"Smith,Justin","SMITH,JUSTIN",Millsaps,MC,1282-2702,3,3,2,2X,0,0,DB,0,,,,,,,,49.0,9.0,3.0,12.0,12.0,0.0,0.0,0.0,0.0,0.0,0.0,0.0,0.0,0.0,0.0,1.0,0.0,0.0,0.0,0.0,0.0,0.0,1.0,2.0,,,1.0,49.0,1.0,49.0,49.0,,,,,,,,,,0.0,1.0,0.0,0.0,0.0,0.0,0.0,0.0,0.0,6.0,6.0,2.0,,,,,,,,,,,,,,,,,,,,,,,,,,,,,,,,,,,,,,,,,,,,,,,,,,,,,,,,,,,,,,,,,,,,,3.486035276284157,825,92
2026-27,football,Southern Athletic Association (SAA),saa,Berry,Jake Turner,Jake,Turner,,973,Jake Turner,"TURNER,JAKE",Berry,BERRY,838-3378,3,3,2,2,0,RB,0,0,,,,,,,,0.0,0.0,0.0,0.0,0.0,0.0,0.0,0.0,0.0,0.0,0.0,0.0,0.0,0.0,0.0,0.0,0.0,0.0,0.0,0.0,0.0,0.0,0.0,0.0,,,,,,,,,,,,,,,,,0.0,4.0,0.0,0.0,0.0,0.0,0.0,0.0,0.0,24.0,24.0,8.0,38.0,236.0,254.0,18.0,4.0,61.0,6.2,78.7,,,,,,,,,,,,,,,,,,,,,,,,,,,,,,,,,,,,,,,,,,,,,,,,,,,,,,,,,,,,,3.315080670184304,885,92
2026-27,football,Southern Athletic Association (SAA),saa,Millsaps,"Airhart,Jacques",Jacques,Airhart,,426,"Airhart,Jacques","AIRHART,JACQUES",Millsaps,MC,1282-3176,3,0,0,0D,0,0,DL,0,,,,,,,,0.0,2.0,2.0,4.0,4.0,2.5,0.0,0.0,2.0,1.0,22.0,2.0,2.0,0.0,20.0,0.0,0.0,2.0,0.0,0.0,0.0,0.0,0.0,0.0,,,,,,,,,,,,,,,,,,,,,,,,,,,,,,,,,,,,,,,,,,,,,,,,,,,,,,,,,,,,,,,,,,,,,,,,,,,,,,,,,,,,,,,,,,,,,,,,,3.3114913439815385,886,92
2026-27,football,Southern Athletic Association (SAA),saa,Maryville College,"Hall,Kylan",Kylan,Hall,,396,"Hall,Kylan","HALL,KYLAN",Maryville College,MAR,1027-2483,4,3,15,7Y,0,0,DB,0,,,,,,,,41.0,8.0,7.0,15.0,15.0,0.0,0.0,0.0,0.0,0.0,0.0,0.0,0.0,0.0,0.0,0.0,0.0,0.0,0.0,0.0,0.0,0.0,1.0,1.0,,,1.0,41.0,1.0,41.0,41.0,,,,,,,,,,0.0,1.0,0.0,0.0,0.0,0.0,0.0,0.0,0.0,6.0,6.0,1.5,,,,,,,,,,,,,,,,,,,,,,,,,,,,,,,,,,,,,,,,,,,,,,,,,,,,,,,,,,,,,,,,,,,,,3.218590735397162,922,92
2026-27,football,Southern Athletic Association (SAA),saa,Southwestern,"Jammer,Seth",Seth,Jammer,,8746,"Jammer,Seth","JAMMER,SETH",Southwestern,SWU,1322-3017,3,3,6,06,0,0,DB,0,,,,,,,,0.0,9.0,0.0,9.0,9.0,2.0,0.0,0.0,2.0,0.0,25.0,1.0,1.0,0.0,24.0,1.0,0.0,0.0,0.0,0.0,1.0,0.0,0.0,1.0,,,,,,,,,,,,,,,,,,,,,,,,,,,,,,,,,,,,,,,,,,,,,,,,,,,,,,,,,,,,,0.0,0.0,,,,,,,,,,,,,,,,,,,,,,,,,,,,,,,,,,,3.0063219161073067,991,92
2026-27,football,Southern Athletic Association (SAA),saa,Maryville College,"Abner,Jacquese",Jacquese,Abner,,396,"Abner,Jacquese","ABNER,JACQUESE",Maryville College,MAR,1027-2139,3,2,2,2,0,0,DB,0,,,,,,,,0.0,1.0,2.0,3.0,3.0,0.0,0.0,0.0,0.0,0.0,0.0,0.0,0.0,0.0,0.0,2.0,0.0,0.0,0.0,0.0,0.0,0.0,1.0,3.0,,,1.0,0.0,0.0,0.0,0.0,,,,,,,,,,,,,,,,,,,,,,,,,,,,,,,,,,,,,,,,,,,,,,,,,,,,,,,,,,,,,,,,,,1.0,16.0,0.0,16.0,16.0,,,,,,,,,,,,,,,,,,,,2.892490310116964,1047,91
2026-27,football,Southern Athletic Association (SAA),saa,Centre,"Braxton,Kemonte",Kemonte,Braxton,,132,"Braxton,Kemonte","BRAXTON,KEMONTE",Centre,CEN,1268-3334,3,0,17,1G,0,0,DB,0,,,,,,,,83.0,6.0,0.0,6.0,6.0,0.0,0.0,0.0,0.0,0.0,0.0,0.0,0.0,0.0,0.0,1.0,0.0,0.0,0.0,0.0,0.0,0.0,1.0,2.0,,,1.0,83.0,1.0,83.0,83.0,,,,,,,,,,0.0,1.0,0.0,0.0,0.0,0.0,0.0,0.0,0.0,6.0,6.0,2.0,,,,,,,,,,,,,,,,,,,,,,,,,,,,,,,,,,,,,,,,,,,,,,,,,,,,,,,,,,,,,,,,,,,,,2.889029268012422,1048,91
2026-27,football,Southern Athletic Association (SAA),saa,Centre,"Sapone,Brooks",Brooks,Sapone,,132,"Sapone,Brooks","SAPONE,BROOKS",Centre,CEN,1268-2877,3,3,13,1C,0,0,DB,0,,,,,,,,0.0,4.0,2.0,6.0,6.0,0.0,0.0,0.0,0.0,0.0,0.0,0.0,0.0,0.0,0.0,1.0,0.0,0.0,0.0,0.0,0.0,0.0,1.0,2.0,,,1.0,0.0,0.0,0.0,0.0,,,,,,,,,,,,,,,,,,,,,,,,,,,,,,,,,,,,,,,,,,,,,,,,,,,,,,,,,,,,,,,,,,,,,,,,,,,,,,,,,,,,,,,,,,2.889029268012422,1054,91
2026-27,football,Southern Athletic Association (SAA),saa,Sewanee,"Showalter,Michael",Michael,Showalter,,652,"Showalter,Michael","SHOWALTER,MICHAEL",Sewanee,SEW,1321-2877,3,3,95,95,0,0,DL,0,,,,,,,,0.0,6.0,7.0,13.0,13.0,1.0,0.0,0.0,1.0,0.0,11.0,1.0,1.0,0.0,11.0,1.0,0.0,1.0,0.0,0.0,1.0,0.0,0.0,1.0,,,,,,,,,,,,,,,,,,,,,,,,,,,,,,,,,,,,,,,,,,,,,,,,,,,,,,,,,,,,,0.0,0.0,,,,,,,,,,,,,,,,,,,,,,,,,,,,,,,,,,,2.8490929615835983,1072,91
2026-27,football,Southern Athletic Association (SAA),saa,Berry,Jack Thexton,Jack,Thexton,,973,Jack Thexton,"THEXTON,JACK",Berry,BERRY,838-3619,3,0,T8,T8,0,0,0,0,,,,,,,,0.0,8.0,3.0,11.0,11.0,2.0,0.0,0.0,2.0,0.0,9.0,1.0,1.0,0.0,8.0,1.0,0.0,1.0,0.0,0.0,0.0,0.0,0.0,1.0,,,,,,,,,,,,,,,,,,,,,,,,,,,,,,,,,,,,,,,,,,,,,,,,,,,,,,,,,,,,,,,,,,,,,,,,,,,,,,,,,,,,,,,,,,,,,,,,,2.7887037675339115,1098,91
2026-27,football,Southern Athletic Association (SAA),saa,Maryville College,"Collier,Mark",Mark,Collier,,396,"Collier,Mark","COLLIER,MARK",Maryville College,MAR,1027-1984,4,3,95,95,0,0,DL,0,,,,,,,,0.0,9.0,11.0,20.0,20.0,3.0,0.0,0.0,2.0,2.0,5.0,0.0,0.0,0.0,0.0,1.0,0.0,3.0,0.0,0.0,0.0,0.0,0.0,1.0,,,,,,,,,,,,,,,,,,,,,,,,,,,,,,,,,,,,,,,,,,,,,,,,,,,,,,,,,,,,,,,,,,,,,,,,,,,,,,,,,,,,,,,,,,,,,,,,,2.7318200888779645,1109,91
2026-27,football,Southern Athletic Association (SAA),saa,Maryville College,"Aldridge,Gaven",Gaven,Aldridge,,396,"Aldridge,Gaven","ALDRIDGE,GAVEN",Maryville College,MAR,1027-2141,4,0,16,16,0,0,DL,0,,,,,,,,0.0,11.0,4.0,15.0,15.0,1.0,0.0,0.0,1.0,0.0,5.0,1.0,1.0,0.0,5.0,1.0,0.0,0.0,0.0,0.0,0.0,0.0,0.0,1.0,,,,,,,,,,,,,,,,,,,,,,,,,,,,,,,,,,,,,,,,,,,,,,,,,,,,,,,,,,,,,,,,,,,,,,,,,,,,,,,,,,,,,,,,,,,,,,,,,2.6314748130102035,1153,91
2026-27,football,Southern Athletic Association (SAA),saa,Sewanee,"Sanderson,Brody",Brody,Sanderson,,652,"Sanderson,Brody","SANDERSON,BRODY",Sewanee,SEW,1321-3178,3,3,32,32,0,0,LB,0,,,,,,,,0.0,13.0,9.0,22.0,22.0,1.0,0.0,0.0,1.0,0.0,5.0,0.0,0.0,0.0,0.0,2.0,0.0,0.0,0.0,0.0,1.0,4.0,0.0,2.0,,,,,,,,,,,,,,,,,,,,,,,,,,,,,,,,,,,,,,,,,,,,,,,,,,,,,,,,,,,,,0.0,0.0,,,,,,,,,,,,,,,,,,,,,1.0,4.0,0.0,4.0,,,,,,0.0,4.0,0.0,4.0,0.0,2.6118205861788133,1167,91
2026-27,football,Southern Athletic Association (SAA),saa,Maryville College,"Gunn,Camren",Camren,Gunn,,396,"Gunn,Camren","GUNN,CAMREN",Maryville College,MAR,1027-2163,4,3,5,8A,0,0,DL,0,,,,,,,,0.0,8.0,4.0,12.0,12.0,2.5,0.0,0.0,2.0,1.0,13.0,1.0,1.0,0.0,8.0,0.0,1.0,1.0,0.0,0.0,0.0,0.0,0.0,0.0,,,,,,,,,,,,,,,,,,,,,,,,,,,,,,,,,,,,,,,,,,,,,,,,,,,,,,,,,,,,,,,,,,,,,,,,,,,,,,,,,,,,,,,,,,,,,,,,,2.5998737039087705,1173,91
2026-27,football,Southern Athletic Association (SAA),saa,Rhodes,"Diallo,Alpha",Alpha,Diallo,,573,"Diallo,Alpha","DIALLO,ALPHA",Rhodes,RHO,1390-4570,3,2,15,1N,0,0,LB,0,,,,,,,,0.0,12.0,6.0,18.0,18.0,2.0,0.0,0.0,2.0,0.0,6.0,0.0,0.0,0.0,0.0,2.0,0.0,0.0,0.0,0.0,0.0,0.0,0.0,2.0,,,,,,,,,,,,,,,,,,,,,,,,,,,,,,,,,,,,,,,,,,,,,,,,,,,,,,,,,,,,,,,,,,,,,,,,,,,,,,,,,,,,,,,,,,,,,,,,,2.543532671105384,1193,91
2026-27,football,Southern Athletic Association (SAA),saa,Berry,Andrew Hunter,Andrew,Hunter,,973,Andrew Hunter,"HUNTER,ANDREW",Berry,BERRY,838-3114,3,3,17,17,0,QB,0,0,,,,,,,,,,,,,,,,,,,,,,,,,,,,,,,,,,,,,,,,,,,,,,,,0.0,1.0,0.0,0.0,0.0,0.0,0.0,0.0,0.0,6.0,6.0,2.0,38.0,183.0,219.0,36.0,1.0,27.0,4.8,61.0,22.0,4.0,59.0,5.0,514.0,4.0,54.0,35.0,160.5,9.52,14.69,171.3,0.0,0.0,0.0,0.0,1.0,1.0,1.0,1.0,0.0,0.0,0.0,0.0,,,,,,,,,,,,,,,,,,,,,,,,,,,,,,,,,,,,,2.5348593774594512,1197,91
2026-27,football,Southern Athletic Association (SAA),saa,Berry,Gian Traverzo,Gian,Traverzo,,973,Gian Traverzo,"TRAVERZO,GIAN",Berry,BERRY,838-3134,3,3,H4,H4,0,0,S,0,,,,,,,,0.0,9.0,3.0,12.0,12.0,1.0,0.0,0.0,1.0,0.0,3.0,0.0,0.0,0.0,0.0,4.0,0.0,1.0,0.0,0.0,0.0,0.0,0.0,4.0,,,,,,,,,,,,,,,,,,,,,,,,,,,,,,,,,,,,,,,,,,,,,,,,,,,,,,,,,,,,,,,,,,,,,,,,,,,,,,,,,,,,,,,,,,,,,,,,,2.523188792841176,1204,91
2026-27,football,Southern Athletic Association (SAA),saa,Millsaps,"Reed,Caplyn",Caplyn,Reed,,426,"Reed,Caplyn","REED,CAPLYN",Millsaps,MC,1282-3199,2,0,13,1C,0,0,LB,0,,,,,,,,0.0,1.0,4.0,5.0,5.0,0.5,0.0,0.0,0.0,1.0,1.0,0.0,0.0,0.0,0.0,0.0,0.0,0.0,0.0,0.0,0.0,0.0,1.0,1.0,,,1.0,0.0,0.0,0.0,0.0,,,,,,,,,,,,,,,,,,,,,,,,,,,,,,,,,,,,,,,,,,,,,,,,,,,,,,,,,,,,,,,,,,,,,,,,,,,,,,,,,,,,,,,,,,2.501197201630036,1219,91
2026-27,football,Southern Athletic Association (SAA),saa,Trinity,"Gonzales,Elijah",Elijah,Gonzales,,715,"Gonzales,Elijah","GONZALES,ELIJAH",Trinity,TU,0,3,2,93,93,0,0,DL,0,,,,,,,,0.0,5.0,6.0,11.0,11.0,2.5,0.0,0.0,2.0,1.0,11.0,1.0,1.0,0.0,9.0,0.0,0.0,1.0,0.0,0.0,0.0,0.0,0.0,0.0,,,,,,,,,,,,,,,,,,,,,,,,,,,,,,,,,,,,,,,,,,,,,,,,,,,,,,,,,,,,,,,,,,,,,,,,,,,,,,,,,,,,,,,,,,,,,,,,,2.500372702530148,1221,91
2026-27,football,Southern Athletic Association (SAA),saa,Sewanee,"Mixon,Barton",Barton,Mixon,,652,"Mixon,Barton","MIXON,BARTON",Sewanee,SEW,1321-3572,3,3,12,12,0,RB,0,0,,,,,,,,0.0,0.0,0.0,0.0,0.0,0.0,0.0,0.0,0.0,0.0,0.0,0.0,0.0,0.0,0.0,0.0,0.0,0.0,0.0,0.0,0.0,0.0,0.0,0.0,,,,,,,,,,,11.0,135.0,2.0,51.0,12.3,,0.0,3.0,0.0,0.0,0.0,0.0,0.0,0.0,0.0,18.0,18.0,6.0,58.0,307.0,315.0,8.0,1.0,22.0,5.3,102.3,,,,,,,,,,,,,,,,,,,,,,,,,3.0,2.0,,,,,,,,,,,,,,,,,,,,,,,,,,,,,,,,,,,2.350399126284593,1285,91
2026-27,football,Southern Athletic Association (SAA),saa,Berry,Gabe Bauman,Gabe,Bauman,,973,Gabe Bauman,"BAUMAN,GABE",Berry,BERRY,838-3582,3,0,T1,T1,0,0,0,0,,,,,,,,0.0,8.0,9.0,17.0,17.0,3.5,0.0,0.0,3.0,1.0,10.0,0.0,0.0,0.0,0.0,0.0,0.0,1.0,0.0,0.0,0.0,0.0,0.0,0.0,,,,,,,,,,,,,,,,,,,,,,,,,,,,,,,,,,,,,,,,,,,,,,,,,,,,,,,,,,,,,,,,,,,,,,,,,,,,,,,,,,,,,,,,,,,,,,,,,2.144986019738333,1356,90
2026-27,football,Southern Athletic Association (SAA),saa,Centre,"Brown-Hamlin,Nehemiah",Nehemiah,Brown-Hamlin,,132,"Brown-Hamlin,Nehemiah","BROWN-HAMLIN,NEHEMIAH",Centre,CEN,1268-3154,3,3,18,1H,0,0,DB,0,,,,,,,,0.0,2.0,2.0,4.0,4.0,0.0,0.0,0.0,0.0,0.0,0.0,0.0,0.0,0.0,0.0,0.0,0.0,0.0,0.0,0.0,0.0,0.0,1.0,1.0,,,1.0,0.0,0.0,0.0,0.0,,,,,,,,,,,,,,,,,,,,,,,,,,,,,,,,,,,,,,,,,,,,,,,,,,,,,,,,,,,,,,,,,,,,,,,,,,,,,,,,,,,,,,,,,,2.1240797202323143,1365,90
2026-27,football,Southern Athletic Association (SAA),saa,Southwestern,"Prince,Gavin",Gavin,Prince,,8746,"Prince,Gavin","PRINCE,GAVIN",Southwestern,SWU,1322-3067,3,3,9,9,0,0,DL,0,,,,,,,,0.0,5.0,5.0,10.0,10.0,2.0,0.0,0.0,2.0,0.0,8.0,1.0,1.0,0.0,7.0,0.0,0.0,0.0,0.0,0.0,0.0,0.0,0.0,0.0,,,,,,,,,,,,,,,,,,,,,,,,,,,,,,,,,,,,,,,,,,,,,,,,,,,,,,,,,,,,,,,,,,,,,,,,,,,,,,,,,,,,,,,,,,,,,,,,,2.1232552211324265,1375,90
2026-27,football,Southern Athletic Association (SAA),saa,Rhodes,"Woodward Jr.,Maceo",Maceo,Woodward Jr.,,573,"Woodward Jr.,Maceo","WOODWARD JR.,MACEO",Rhodes,RHO,1390-5014,3,2,8,8A,0,0,LB,0,,,,,,,,0.0,4.0,3.0,7.0,7.0,1.5,0.0,0.0,1.0,1.0,3.0,1.0,1.0,0.0,3.0,1.0,0.0,0.0,0.0,0.0,0.0,0.0,0.0,1.0,,,,,,,,,,,,,,,,,,,,,,,,,,,,,,,,,,,,,,,,,,,,,,,,,,,,,,,,,,,,,,,,,,,,,,,,,,,,,,,,,,,,,,,,,,,,,,,,,2.1130832820003227,1378,90
2026-27,football,Southern Athletic Association (SAA),saa,Trinity,"Odelami,Michael",Michael,Odelami,,715,"Odelami,Michael","ODELAMI,MICHAEL",Trinity,TU,0,3,0,97,97,0,0,DL,0,,,,,,,,0.0,4.0,3.0,7.0,7.0,2.5,0.0,0.0,2.0,1.0,10.0,1.0,1.0,0.0,7.0,0.0,0.0,0.0,0.0,0.0,0.0,0.0,0.0,0.0,,,,,,,,,,,,,,,,,,,,,,,,,,,,,,,,,,,,,,,,,,,,,,,,,,,,,,,,,,,,,,,,,,,,,,,,,,,,,,,,,,,,,,,,,,,,,,,,,2.102368697015658,1381,90
2026-27,football,Southern Athletic Association (SAA),saa,Millsaps,"Patterson,Tameron",Tameron,Patterson,,426,"Patterson,Tameron","PATTERSON,TAMERON",Millsaps,MC,1282-2997,3,3,1,1,0,RB,0,0,,,,,,,,0.0,0.0,0.0,0.0,0.0,0.0,0.0,0.0,0.0,0.0,0.0,0.0,0.0,0.0,0.0,0.0,0.0,0.0,0.0,0.0,0.0,0.0,0.0,0.0,,,,,,,,,,,3.0,34.0,1.0,23.0,11.3,,0.0,4.0,0.0,0.0,0.0,0.0,0.0,0.0,0.0,24.0,24.0,8.0,50.0,306.0,309.0,3.0,3.0,40.0,6.1,102.0,,,,,,,,,,,,,,,,,,,,,,,,,2.0,2.0,,,,,,,,,,,,,,,,,,,,,,,,,,,,,,,,,,,1.9416301797821516,1454,90
2026-27,football,Southern Athletic Association (SAA),saa,Southwestern,"Cutrer,Reece",Reece,Cutrer,,8746,"Cutrer,Reece","CUTRER,REECE",Southwestern,SWU,1322-2816,3,3,17,17,0,WR,0,0,,,,,,,,0.0,0.0,0.0,0.0,0.0,0.0,0.0,0.0,0.0,0.0,0.0,0.0,0.0,0.0,0.0,0.0,0.0,0.0,0.0,0.0,0.0,0.0,0.0,0.0,,,,,,,,,,,12.0,173.0,3.0,32.0,14.4,,0.0,3.0,0.0,0.0,0.0,0.0,0.0,0.0,0.0,18.0,18.0,6.0,,,,,,,,,,,,,,,,,,,,,,,,,,,,,,,,,,,,,,,,,,,,,,,,,,,,,,,,,,,,,,,,,,,,,1.9389322469753492,1455,90
2026-27,football,Southern Athletic Association (SAA),saa,Sewanee,"Gnagy,Jaden",Jaden,Gnagy,,652,"Gnagy,Jaden","GNAGY,JADEN",Sewanee,SEW,1321-3331,3,3,59,59,0,0,DL,0,,,,,,,,0.0,3.0,5.0,8.0,8.0,2.0,0.0,0.0,2.0,0.0,11.0,1.0,1.0,0.0,6.0,0.0,0.0,1.0,0.0,1.0,0.0,0.0,0.0,0.0,,,,,,,,,,,,,,,,,,,,,,,,,,,,,,,,,,,,,,,,,,,,,,,,,,,,,,,,,,,,,,,,,,,,,,,,,,,,,,,,,,,,,,,,,,,,,,,,,1.924253218375182,1478,90
2026-27,football,Southern Athletic Association (SAA),saa,Southwestern,"Hardeman,Jaylon",Jaylon,Hardeman,,8746,"Hardeman,Jaylon","HARDEMAN,JAYLON",Southwestern,SWU,1322-2822,3,3,41,41,0,0,DL,0,,,,,,,,0.0,10.0,9.0,19.0,19.0,2.5,0.0,0.0,2.0,1.0,3.0,0.0,0.0,0.0,0.0,0.0,0.0,0.0,0.0,0.0,0.0,0.0,0.0,0.0,,,,,,,,,,,,,,,,,,,,,,,,,,,,,,,,,,,,,,,,,,,,,,,,,,,,,,,,,,,,,,,,,,,,,,,,,,,,,,,,,,,,,,,,,,,,,,,,,1.7887550624573796,1546,90
2026-27,football,Southern Athletic Association (SAA),saa,Centre,"Fowler,Wyatt",Wyatt,Fowler,,132,"Fowler,Wyatt","FOWLER,WYATT",Centre,CEN,1268-2858,3,3,0,0W,0,0,DL,0,,,,,,,,0.0,8.0,2.0,10.0,10.0,4.0,0.0,0.0,4.0,0.0,6.0,0.0,0.0,0.0,0.0,0.0,0.0,1.0,0.0,1.0,0.0,0.0,0.0,0.0,,,,,,,,,,,,,,,,,,,,,,,,,,,,,,,,,,,,,,,,,,,,,,,,,,,,,,,,,,,,,,,,,,,,,,,,,,,,,,,,,,,,,,,,,,,,,,,,,1.7260954901070746,1573,90
2026-27,football,Southern Athletic Association (SAA),saa,Maryville College,"McCullough,Jalen",Jalen,McCullough,,396,"McCullough,Jalen","MCCULLOUGH,JALEN",Maryville College,MAR,1027-2176,4,0,19,87,0,TE,0,0,,,,,,,,0.0,0.0,0.0,0.0,0.0,0.0,0.0,0.0,0.0,0.0,0.0,0.0,0.0,0.0,0.0,0.0,0.0,0.0,0.0,0.0,0.0,0.0,0.0,0.0,,,,,,,,,,,16.0,150.0,3.0,26.0,9.4,,0.0,3.0,0.0,0.0,0.0,0.0,0.0,0.0,0.0,18.0,18.0,4.5,,,,,,,,,,,,,,,,,,,,,,,,,,,,,,,,,,,,,,,,,,,,,,,,,,,,,,,,,,,,,,,,,,,,,1.6697960536462622,1591,90
2026-27,football,Southern Athletic Association (SAA),saa,Berry,James McCallar,James,McCallar,,973,James McCallar,"MCCALLAR,JAMES",Berry,BERRY,838-3908,3,3,01,01,0,0,LB,0,,,,,,,,0.0,4.0,4.0,8.0,8.0,1.5,0.0,0.0,1.0,1.0,9.0,1.0,1.0,0.0,8.0,0.0,0.0,1.0,0.0,0.0,0.0,0.0,0.0,0.0,,,,,,,,,,,,,,,,,,,,,,,,,,,,,,,,,,,,,,,,,,,,,,,,,,,,,,,,,,,,,,,,,,,,,,,,,,,,,,,,,,,,,,,,,,,,,,,,,1.6466367383560825,1605,90
2026-27,football,Southern Athletic Association (SAA),saa,Trinity,"Horn,Welker",Welker,Horn,,715,"Horn,Welker","HORN,WELKER",Trinity,TU,0,3,3,8,8,0,QB,0,0,,,,,,,,0.0,0.0,0.0,0.0,0.0,0.0,0.0,0.0,0.0,0.0,0.0,0.0,0.0,0.0,0.0,0.0,0.0,0.0,0.0,0.0,0.0,0.0,0.0,0.0,,,,,,,,,,,,,,,,,0.0,3.0,0.0,0.0,0.0,0.0,0.0,0.0,0.0,18.0,18.0,6.0,30.0,98.0,143.0,45.0,3.0,24.0,3.3,32.7,27.0,3.0,42.0,3.0,342.0,2.0,46.0,30.0,140.5,7.43,11.4,114.0,,,,,,,,,,,,,1.0,0.0,,,,,,,,,,,,,,,,,,,,,,,,,,,,,,,,,,,1.6281429198944362,1617,90
2026-27,football,Southern Athletic Association (SAA),saa,Centre,"Seigler,Thomas",Thomas,Seigler,,132,"Seigler,Thomas","SEIGLER,THOMAS",Centre,CEN,1268-3127,1,0,25,2E,0,0,LB,0,,,,,,,,0.0,3.0,0.0,3.0,3.0,2.0,0.0,0.0,2.0,0.0,7.0,1.0,1.0,0.0,5.0,0.0,0.0,0.0,0.0,0.0,0.0,0.0,0.0,0.0,,,,,,,,,,,,,,,,,,,,,,,,,,,,,,,,,,,,,,,,,,,,,,,,,,,,,,,,,,,,,,,,,,,,,,,,,,,,,,,,,,,,,,,,,,,,,,,,,1.426748211482069,1722,89
2026-27,football,Southern Athletic Association (SAA),saa,Trinity,"Brown,Kody",Kody,Brown,,715,"Brown,Kody","BROWN,KODY",Trinity,TU,0,3,3,34,34,0,0,DB,0,,,,,,,,0.0,4.0,5.0,9.0,9.0,1.5,0.0,0.0,1.0,1.0,3.0,0.0,0.0,0.0,0.0,2.0,0.0,0.0,0.0,0.0,0.0,0.0,0.0,2.0,,,,,,,,,,,,,,,,,,,,,,,,,,,,,,,,,,,,,,,,,,,,,,,,,,,,,,,,,,,,,,,,,,,,,,,,,,,,,,,,,,,,,,,,,,,,,,,,,1.370407178678682,1752,89
2026-27,football,Southern Athletic Association (SAA),saa,Southwestern,"Greer,Jaylon",Jaylon,Greer,,8746,"Greer,Jaylon","GREER,JAYLON",Southwestern,SWU,1322-3199,3,3,13,13,0,0,DB,0,,,,,,,,0.0,7.0,4.0,11.0,11.0,0.0,0.0,0.0,0.0,0.0,0.0,0.0,0.0,0.0,0.0,3.0,1.0,0.0,0.0,0.0,0.0,0.0,0.0,3.0,,,,,,,,,,,,,,,,,,,,,,,,,,,,,,,,,,,,,,,,,,,,,,,,,,,,,,,,,,,,,,,,,,,,,,,,,,,,,,,,,,,,,,,,,,,,,,,,,1.3025072864014928,1787,89
2026-27,football,Southern Athletic Association (SAA),saa,Sewanee,"Copeland,Isaiah",Isaiah,Copeland,,652,"Copeland,Isaiah","COPELAND,ISAIAH",Sewanee,SEW,1321-3172,3,3,2,1B,0,0,LB,0,,,,,,,,0.0,12.0,15.0,27.0,27.0,2.0,0.0,0.0,2.0,0.0,6.0,0.0,0.0,0.0,0.0,0.0,3.0,1.0,0.0,0.0,0.0,0.0,0.0,0.0,,,,,,,,,,,0.0,0.0,0.0,0.0,0.0,,,,,,,,,,,,,,,,,,,,,,,,,,,,,,,,,,,,,,,,,,,,,,,,,,,,,,,,,,,,,,,,,,,,,,,,,,,,,,,,,,1.2978822460134258,1790,89
2026-27,football,Southern Athletic Association (SAA),saa,Rhodes,"Bartlett,Sani",Sani,Bartlett,,573,"Bartlett,Sani","BARTLETT,SANI",Rhodes,RHO,1390-4972,3,2,18,1J,0,WR,0,0,,,,,,,,,,,,,,,,,,,,,,,,,,,,,,,,,,,,,,,,,,9.0,128.0,1.0,34.0,14.2,,0.0,1.0,0.0,0.0,0.0,0.0,0.0,0.0,0.0,6.0,6.0,2.0,,,,,,,,,,,,,,,,,,,,,,,,,,,,,,,,,,,,,,,,,,,,,,,,,,,,,,,,,,,,,,,,,,,,,1.293093983451139,1792,89
2026-27,football,Southern Athletic Association (SAA),saa,Maryville College,"Wilhite,Trey",Trey,Wilhite,,396,"Wilhite,Trey","WILHITE,TREY",Maryville College,MAR,1027-2507,4,3,4,7U,0,0,DB,0,,,,,,,,0.0,7.0,9.0,16.0,16.0,0.0,0.0,0.0,0.0,0.0,0.0,0.0,0.0,0.0,0.0,2.0,0.0,0.0,0.0,0.0,0.0,0.0,0.0,2.0,,,,,,,,,,,,,,,,,,,,,,,,,,,,,,,,,,,,,,,,,,,,,,,,,,,,,,,,,,,,,,,,,,,,,,,,,,,,,,,,,,,,,,,,,,,,,,,,,1.2340647482717424,1849,89
2026-27,football,Southern Athletic Association (SAA),saa,Centre,"Steele,Ryan",Ryan,Steele,,132,"Steele,Ryan","STEELE,RYAN",Centre,CEN,1268-3363,3,3,2,0B,0,0,DB,0,,,,,,,,0.0,7.0,6.0,13.0,13.0,0.5,0.0,0.0,0.0,1.0,1.0,0.0,0.0,0.0,0.0,2.0,0.0,0.0,0.0,0.0,0.0,0.0,0.0,2.0,,,,,,,,,,,,,,,,,,,,,,,,,,,,,,,,,,,,,,,,,,,,,,,,,,,,,,,,,,,,,,,,,,,,,,,,,,,,,,,,,,,,,,,,,,,,,,,,,1.213178224154974,1857,89
2026-27,football,Southern Athletic Association (SAA),saa,Trinity,"Gantt,Delvin",Delvin,Gantt,,715,"Gantt,Delvin","GANTT,DELVIN",Trinity,TU,0,3,3,1,1,0,0,DB,0,,,,,,,,0.0,4.0,6.0,10.0,10.0,0.0,0.0,0.0,0.0,0.0,0.0,0.0,0.0,0.0,0.0,3.0,0.0,0.0,0.0,0.0,0.0,0.0,0.0,3.0,,,,,,,,,,,,,,,,,,,,,,,,,,,,,,,,,,,,,,,,,,,,,,,,,,,,,,,,,,,,,,,,,,,,,,,,,,,,,,,,,,,,,,,,,,,,,,,,,1.2030062850228702,1863,89
2026-27,football,Southern Athletic Association (SAA),saa,Southwestern,"Maravilla,Kaddy",Kaddy,Maravilla,,8746,"Maravilla,Kaddy","MARAVILLA,KADDY",Southwestern,SWU,1322-3068,3,3,0,0,0,0,DL,0,,,,,,,,0.0,6.0,10.0,16.0,16.0,1.0,0.0,0.0,0.0,2.0,3.0,0.0,0.0,0.0,0.0,0.0,1.0,0.0,0.0,0.0,1.0,0.0,0.0,0.0,,,,,,,,,,,,,,,,,,,,,,,,,,,,,,,,,,,,,,,,,,,,,,,,,,,,,,,,,,,,,0.0,0.0,,,,,,,,,,,,,,,,,,,,,,,,,,,,,,,,,,,1.0740227695948554,1940,88
2026-27,football,Southern Athletic Association (SAA),saa,Berry,Trejo jr Martin,Trejo jr,Martin,,973,Trejo jr Martin,"JR,MARTIN TREJO",Berry,BERRY,838-3610,3,3,I4,I4,0,0,DL,0,,,,,,,,0.0,1.0,6.0,7.0,7.0,2.0,0.0,0.0,1.0,2.0,8.0,0.5,0.0,1.0,2.0,0.0,0.0,0.0,0.0,0.0,0.0,0.0,0.0,0.0,,,,,,,,,,,,,,,,,,,,,,,,,,,,,,,,,,,,,,,,,,,,,,,,,,,,,,,,,,,,,,,,,,,,,,,,,,,,,,,,,,,,,,,,,,,,,,,,,1.070939391445685,1943,88
2026-27,football,Southern Athletic Association (SAA),saa,Millsaps,"Carver,W.H.",W.H.,Carver,,426,"Carver,W.H.","CARVER,W.H.",Millsaps,MC,1282-2650,3,3,21,2B,0,0,DB,0,,,,,,,,0.0,1.0,5.0,6.0,6.0,1.0,0.0,0.0,1.0,0.0,1.0,0.0,0.0,0.0,0.0,2.0,0.0,0.0,0.0,0.0,0.0,0.0,0.0,2.0,,,,,,,,,,,,,,,,,,,,,,,,,,,,,,,,,,,,,,,,,,,,,,,,,,,,,,,,,,,,,,,,,,,,,,,,,3.0,101.0,0.0,65.0,33.7,,,,,,,,,,,,,,,,,,,,1.0153799392286909,1992,88
2026-27,football,Southern Athletic Association (SAA),saa,Sewanee,"Rish,Jack",Jack,Rish,,652,"Rish,Jack","RISH,JACK",Sewanee,SEW,1321-3171,3,3,4,4,0,0,LB,0,,,,,,,,0.0,9.0,7.0,16.0,16.0,1.5,0.0,0.0,1.0,1.0,5.0,0.0,0.0,0.0,0.0,0.0,0.0,0.0,0.0,0.0,0.0,0.0,0.0,0.0,,,,,,,,,,,,,,,,,,,,,,,,,,,,,,,,,,,,,,,,,,,,,,,,,,,,,,,,,,,,,,,,,,,,,,,,,,,,,,,,,,,,,,,,,,,,,,,,,0.9350190982833142,2064,88
2026-27,football,Southern Athletic Association (SAA),saa,Southwestern,"Balderas,Jude",Jude,Balderas,,8746,"Balderas,Jude","BALDERAS,JUDE",Southwestern,SWU,1322-3033,3,3,31,31,0,0,DB,0,,,,,,,,0.0,7.0,7.0,14.0,14.0,0.0,0.0,0.0,0.0,0.0,0.0,0.0,0.0,0.0,0.0,1.0,0.0,0.0,0.0,0.0,1.0,0.0,0.0,1.0,,,,,,,,,,,,,,,,,,,,,,,,,,,,,,,,,,,,,,,,,,,,,,,,,,,,,,,,,,,,,0.0,0.0,,,,,,,,,,,,,,,,,,,,,,,,,,,,,,,,,,,0.8857353518222748,2111,88
2026-27,football,Southern Athletic Association (SAA),saa,Millsaps,"Allen,Elias",Elias,Allen,,426,"Allen,Elias","ALLEN,ELIAS",Millsaps,MC,1282-2641,3,3,18,1J,0,0,DB,0,,,,,,,,0.0,7.0,5.0,12.0,12.0,0.0,0.0,0.0,0.0,0.0,0.0,0.0,0.0,0.0,0.0,2.0,0.0,0.0,0.0,0.0,0.0,0.0,0.0,2.0,,,,,,,,,,,,,,,,,,,,,,,,,,,,,,,,,,,,,,,,,,,,,,,,,,,,,,,,,,,,,,,,,,,,,,,,,,,,,,,,,,,,,,,,,,,,,,,,,0.8360607427572525,2152,88
2026-27,football,Southern Athletic Association (SAA),saa,Maryville College,"Walker,Caden",Caden,Walker,,396,"Walker,Caden","WALKER,CADEN",Maryville College,MAR,1027-2200,4,3,6,45,0,0,LB,0,,,,,,,,0.0,4.0,11.0,15.0,15.0,1.5,0.0,0.0,1.0,1.0,5.0,0.0,0.0,0.0,0.0,0.0,0.0,0.0,0.0,0.0,0.0,0.0,0.0,0.0,,,,,,,,,,,,,,,,,,,,,,,,,,,,,,,,,,,,,,,,,,,,,,,,,,,,,,,,,,,,,,,,,,,,,,,,,,,,,,,,,,,,,,,,,,,,,,,,,0.8355180969046916,2160,88
2026-27,football,Southern Athletic Association (SAA),saa,Berry,Brooks Thompson,Brooks,Thompson,,973,Brooks Thompson,"THOMPSON,BROOKS",Berry,BERRY,838-3377,3,3,03,03,0,0,S,0,,,,,,,,0.0,3.0,3.0,6.0,6.0,0.0,0.0,0.0,0.0,0.0,0.0,0.0,0.0,0.0,0.0,3.0,0.0,0.0,0.0,0.0,0.0,0.0,0.0,3.0,,,,,,,,,,,,,,,,,,,,,,,,,,,,,,,,,,,,,,,,,,,,,,,,,,,,,,,,,,,,,,,,,,,,,,,,,,,,,,,,,,,,,,,,,,,,,,,,,0.8050022795083802,2183,88
2026-27,football,Southern Athletic Association (SAA),saa,Centre,"Combs,Carson",Carson,Combs,,132,"Combs,Carson","COMBS,CARSON",Centre,CEN,1268-2852,2,0,8,0H,0,0,DL,0,,,,,,,,0.0,1.0,1.0,2.0,2.0,1.0,0.0,0.0,1.0,0.0,9.0,1.0,1.0,0.0,9.0,0.0,0.0,0.0,0.0,0.0,0.0,0.0,0.0,0.0,,,,,,,,,,,,,,,,,,,,,,,,,,,,,,,,,,,,,,,,,,,,,,,,,,,,,,,,,,,,,,,,,,,,,,,,,,,,,,,,,,,,,,,,,,,,,,,,,0.772014250065248,2211,88
2026-27,football,Southern Athletic Association (SAA),saa,Trinity,"Njoku,Anthony",Anthony,Njoku,,715,"Njoku,Anthony","NJOKU,ANTHONY",Trinity,TU,0,3,3,3,3,0,0,DB,0,,,,,,,,0.0,1.0,7.0,8.0,8.0,0.0,0.0,0.0,0.0,0.0,0.0,0.0,0.0,0.0,0.0,3.0,0.0,0.0,0.0,0.0,0.0,0.0,0.0,3.0,,,,,,,,,,,,,,,,,,,,,,,,,,,,,,,,,,,,,,,,,,,,,,,,,,,,,,,,,,,,,,,,,,,,,,,,,1.0,11.0,0.0,11.0,11.0,,,,,,,,,,,,,,,,,,,,0.7114869162192055,2266,87
2026-27,football,Southern Athletic Association (SAA),saa,Trinity,"Love,Jason",Jason,Love,,715,"Love,Jason","LOVE,JASON",Trinity,TU,0,3,3,23,23,0,RB,0,0,,,,,,,,0.0,0.0,0.0,0.0,0.0,0.0,0.0,0.0,0.0,0.0,0.0,0.0,0.0,0.0,0.0,0.0,0.0,0.0,0.0,0.0,0.0,0.0,0.0,0.0,,,,,,,,,,,8.0,92.0,1.0,29.0,11.5,,0.0,2.0,0.0,0.0,0.0,0.0,0.0,0.0,0.0,12.0,12.0,4.0,34.0,139.0,154.0,15.0,1.0,15.0,4.1,46.3,,,,,,,,,,,,,,,,,,,,,,,,,,,,,,,,,,,,,,,,,,,,,,,,,,,,,,,,,,,,,0.7049276053465348,2276,87
2026-27,football,Southern Athletic Association (SAA),saa,Southwestern,"Sexton,Garrett",Garrett,Sexton,,8746,"Sexton,Garrett","SEXTON,GARRETT",Southwestern,SWU,1322-3238,2,0,96,96,0,0,DT,0,,,,,,,,0.0,3.0,5.0,8.0,8.0,2.5,0.0,0.0,2.0,1.0,5.0,0.0,0.0,0.0,0.0,0.0,0.0,0.0,0.0,2.0,0.0,0.0,0.0,0.0,,,,,,,,,,,,,,,,,,,,,,,,,,,,,,,,,,,,,,,,,,,,,,,,,,,,,,,,,,,,,,,,,,,,,,,,,,,,,,,,,,,,,,,,,,,,,,,,,0.694244047292532,2287,87
2026-27,football,Southern Athletic Association (SAA),saa,Centre,"Boehm,Will",Will,Boehm,,132,"Boehm,Will","BOEHM,WILL",Centre,CEN,1268-2842,2,0,35,35,0,0,0,0,,,,,,,,,,,,,,,,,,,,,,,,,,,,,,,,,,,,,,,,,,,,,,,,,,,,,,,,,,,,,,,,,,,,,,,,,,,,,,,,,,,,,,,,,,,,,,16.0,679.0,54.0,0.0,4.0,4.0,4.0,5.0,42.4,,,,,,,,,,,,,,,,,,,,,,,,,,0.6795867891983195,2299,87
2026-27,football,Southern Athletic Association (SAA),saa,Centre,"Hilliard Jr.,Jason",Jason,Hilliard Jr.,,132,"Hilliard Jr.,Jason","HILLIARD JR.,JASON",Centre,CEN,1268-3568,1,0,90,90,0,0,DL,0,,,,,,,,0.0,1.0,0.0,1.0,1.0,1.0,0.0,0.0,1.0,0.0,7.0,1.0,1.0,0.0,7.0,0.0,0.0,0.0,0.0,0.0,0.0,0.0,0.0,0.0,,,,,,,,,,,,,,,,,,,,,,,,,,,,,,,,,,,,,,,,,,,,,,,,,,,,,,,,,,,,,,,,,,,,,,,,,,,,,,,,,,,,,,,,,,,,,,,,,0.6725132486866257,2312,87
2026-27,football,Southern Athletic Association (SAA),saa,Rhodes,"Wilson,Gage",Gage,Wilson,,573,"Wilson,Gage","WILSON,GAGE",Rhodes,RHO,1390-4569,3,1,2,2D,0,0,DB,0,,,,,,,,0.0,8.0,2.0,10.0,10.0,1.0,0.0,0.0,1.0,0.0,1.0,0.0,0.0,0.0,0.0,1.0,0.0,0.0,0.0,0.0,0.0,0.0,0.0,1.0,,,,,,,,,,,,,,,,,,,,,,,,,,,,,,,,,,,,,,,,,,,,,,,,,,,,,,,,,,,,,,,,,,,,,,,,,,,,,,,,,,,,,,,,,,,,,,,,,0.6263441550153429,2380,87
2026-27,football,Southern Athletic Association (SAA),saa,Maryville College,"Filus,Elijah",Elijah,Filus,,396,"Filus,Elijah","FILUS,ELIJAH",Maryville College,MAR,1027-2158,4,0,17,9B,0,0,DL,0,,,,,,,,0.0,2.0,6.0,8.0,8.0,1.0,0.0,0.0,0.0,2.0,7.0,0.5,0.0,1.0,5.0,0.0,0.0,1.0,0.0,0.0,0.0,0.0,0.0,0.0,,,,,,,,,,,,,,,,,,,,,,,,,,,,,,,,,,,,,,,,,,,,,,,,,,,,,,,,,,,,,,,,,,,,,,,,,,,,,,,,,,,,,,,,,,,,,,,,,0.615207432786109,2387,87
2026-27,football,Southern Athletic Association (SAA),saa,Maryville College,"Drewry,Skylar",Skylar,Drewry,,396,"Drewry,Skylar","DREWRY,SKYLAR",Maryville College,MAR,1027-2479,4,0,91,8K,0,0,DL,0,,,,,,,,0.0,1.0,4.0,5.0,5.0,1.5,0.0,0.0,1.0,1.0,12.0,0.5,0.0,1.0,5.0,0.0,0.0,0.0,0.0,0.0,0.0,0.0,0.0,0.0,,,,,,,,,,,,,,,,,,,,,,,,,,,,,,,,,,,,,,,,,,,,,,,,,,,,,,,,,,,,,,,,,,,,,,,,,,,,,,,,,,,,,,,,,,,,,,,,,0.5943209086693404,2409,87
2026-27,football,Southern Athletic Association (SAA),saa,Centre,"Bowling,Dant",Dant,Bowling,,132,"Bowling,Dant","BOWLING,DANT",Centre,CEN,1268-2843,3,3,3,3,0,WR,0,0,,,,,,,,,,,,,,,,,,,,,,,,,,,,,,,,,,,,,,,,,,12.0,135.0,0.0,24.0,11.3,,,,,,,,,,,,,,,,,,,,,,,,,,,,,,,,,,,,,,,,,,,,,,,,,,,,,,,,,,,,,,,,,,,,,,,,,,,,,,,,,,0.5704480916516738,2424,87
2026-27,football,Southern Athletic Association (SAA),saa,Rhodes,"Coogan,Blake",Blake,Coogan,,573,"Coogan,Blake","COOGAN,BLAKE",Rhodes,RHO,1390-4978,3,2,13,1L,0,0,DB,0,,,,,,,,0.0,12.0,3.0,15.0,15.0,0.0,0.0,0.0,0.0,0.0,0.0,0.0,0.0,0.0,0.0,1.0,0.0,0.0,0.0,0.0,0.0,0.0,0.0,1.0,,,,,,,,,,,,,,,,,,,,,,,,,,,,,,,,,,,,,,,,,,,,,,,,,,,,,,,,,,,,,,,,,,,,,,,,,,,,,,,,,,,,,,,,,,,,,,,,,0.5686162018702573,2425,87
2026-27,football,Southern Athletic Association (SAA),saa,Rhodes,"Risner,Garret",Garret,Risner,,573,"Risner,Garret","RISNER,GARRET",Rhodes,RHO,1390-5137,3,1,30,30,0,0,LB,0,,,,,,,,0.0,9.0,6.0,15.0,15.0,1.0,0.0,0.0,1.0,0.0,1.0,0.0,0.0,0.0,0.0,0.0,0.0,0.0,0.0,0.0,0.0,0.0,0.0,0.0,,,,,,,,,,,,,,,,,,,,,,,,,,,,,,,,,,,,,,,,,,,,,,,,,,,,,,,,,,,,,,,,,,,,,,,,,,,,,,,,,,,,,,,,,,,,,,,,,0.5579016168855928,2438,87
2026-27,football,Southern Athletic Association (SAA),saa,Trinity,"Priesmeyer,Jackson",Jackson,Priesmeyer,,715,"Priesmeyer,Jackson","PRIESMEYER,JACKSON",Trinity,TU,0,3,3,95,95,0,0,DL,0,,,,,,,,0.0,1.0,7.0,8.0,8.0,1.5,0.0,0.0,0.0,3.0,7.0,0.0,0.0,0.0,0.0,0.0,0.0,3.0,0.0,0.0,1.0,0.0,0.0,0.0,,,,,,,,,,,,,,,,,,,,,,,,,,,,,,,,,,,,,,,,,,,,,,,,,,,,,,,,,,,,,0.0,0.0,,,,,,,,,,,,,,,,,,,,,,,,,,,,,,,,,,,0.5556312385849742,2443,87
2026-27,football,Southern Athletic Association (SAA),saa,Sewanee,"Holman,Na'Shawn",Na'Shawn,Holman,,652,"Holman,Na'Shawn","HOLMAN,NA'SHAWN",Sewanee,SEW,1321-3751,3,3,0,0,0,WR,0,0,,,,,,,,0.0,0.0,0.0,0.0,0.0,0.0,0.0,0.0,0.0,0.0,0.0,0.0,0.0,0.0,0.0,0.0,0.0,0.0,0.0,0.0,0.0,0.0,0.0,0.0,,,,,,,,,,,8.0,105.0,2.0,27.0,13.1,,0.0,3.0,0.0,0.0,0.0,0.0,0.0,0.0,0.0,18.0,18.0,6.0,0.0,7.0,7.0,0.0,0.0,7.0,0.0,2.3,,,,,,,,,,,,,0.0,0.0,0.0,0.0,0.0,0.0,0.0,0.0,0.0,0.0,1.0,0.0,,,,,,,,,,,,,7.0,173.0,0.0,42.0,24.7,,,,,,,,,,,,,,,3.0,87.0,1.0,72.0,29.0,0.5388185648499886,2448,87
2026-27,football,Southern Athletic Association (SAA),saa,Rhodes,"Davis,JD",JD,Davis,,573,"Davis,JD","DAVIS,JD",Rhodes,RHO,1390-4589,3,2,0,0,0,0,DL,0,,,,,,,,0.0,10.0,7.0,17.0,17.0,0.5,0.0,0.0,0.0,1.0,1.0,0.0,0.0,0.0,0.0,0.0,0.0,2.0,0.0,0.0,0.0,0.0,0.0,0.0,,,,,,,,,,,,,,,,,,,,,,,,,,,,,,,,,,,,,,,,,,,,,,,,,,,,,,,,,,,,,,,,,,,,,,,,,,,,,,,,,,,,,,,,,,,,,,,,,0.4792871396237385,2508,87
2026-27,football,Southern Athletic Association (SAA),saa,Southwestern,"Thompson,Graydon",Graydon,Thompson,,8746,"Thompson,Graydon","THOMPSON,GRAYDON",Southwestern,SWU,1322-2624,3,3,18,18,0,WR,0,0,,,,,,,,0.0,1.0,0.0,1.0,1.0,0.0,0.0,0.0,0.0,0.0,0.0,0.0,0.0,0.0,0.0,0.0,0.0,0.0,0.0,0.0,0.0,0.0,0.0,0.0,,,,,,,,,,,7.0,106.0,2.0,54.0,15.1,,0.0,2.0,0.0,0.0,0.0,0.0,0.0,0.0,0.0,12.0,12.0,4.0,,,,,,,,,,,,,,,,,,,,,,,,,,,,,,,,,,,,,,,,,,,,,,,,,,,,,,,,,,,,,,,,,,,,,0.4498709084522269,2532,86
2026-27,football,Southern Athletic Association (SAA),saa,Berry,Miles Hamby,Miles,Hamby,,973,Miles Hamby,"HAMBY,MILES",Berry,BERRY,838-3111,3,0,88,88,0,0,0,0,,,,,,,,,,,,,,,,,,,,,,,,,,,,,,,,,,,,,,,,,,,,,,,,,,,,,,,,,,,,,,,,,,,,,,,,,,,,,,,,,,,,,,,,,,,,,,7.0,284.0,48.0,0.0,0.0,4.0,0.0,4.0,40.6,,,,,,,,,,,,,,,,,,,,,,,,,,0.424666705284644,2559,86
2026-27,football,Southern Athletic Association (SAA),saa,Berry,Sammy Kunczewski,Sammy,Kunczewski,,973,Sammy Kunczewski,"KUNCZEWSKI,SAMMY",Berry,BERRY,838-3617,3,0,04,04,0,0,0,0,,,,,,,,0.0,2.0,0.0,2.0,2.0,0.0,0.0,0.0,0.0,0.0,0.0,0.0,0.0,0.0,0.0,3.0,0.0,0.0,0.0,0.0,0.0,0.0,0.0,3.0,,,,,,,,,,,,,,,,,,,,,,,,,,,,,,,,,,,,,,,,,,,,,,,,,0.0,0.0,1.0,0.0,0.0,0.0,0.0,0.0,0.0,0.0,0.0,0.0,,,,,,,,,,,,,,,,,,,,,,,,,,,1.0,58.0,0.0,0.0,58.0,,,,,,0.4069982739938902,2572,86
2026-27,football,Southern Athletic Association (SAA),saa,Southwestern,"Hill,Austin",Austin,Hill,,8746,"Hill,Austin","HILL,AUSTIN",Southwestern,SWU,1322-2800,3,0,29,29,0,0,0,0,,,,,,,,,,,,,,,,,,,,,,,,,,,,,,,,,,,,,,,,,,,,,,,,,,,,,,,,,,,,,,,,,,,,,,,,,,,,,,,,,,,,,,,,,,,,,,17.0,676.0,67.0,0.0,0.0,0.0,3.0,4.0,39.8,,,,,,,,,,,,,,,,,,,,,,,,,,0.3867680003496255,2594,86
2026-27,football,Southern Athletic Association (SAA),saa,Sewanee,"Holman,Na'Zaiyah",Na'Zaiyah,Holman,,652,"Holman,Na'Zaiyah","HOLMAN,NA'ZAIYAH",Sewanee,SEW,1321-3750,3,3,20,20,0,WR,0,0,,,,,,,,0.0,0.0,0.0,0.0,0.0,0.0,0.0,0.0,0.0,0.0,0.0,0.0,0.0,0.0,0.0,0.0,0.0,0.0,0.0,0.0,0.0,0.0,0.0,0.0,,,,,,,,,,,6.0,109.0,2.0,41.0,18.2,,0.0,2.0,0.0,0.0,0.0,0.0,0.0,0.0,0.0,12.0,12.0,4.0,,,,,,,,,,,,,,,,,,,,,,,,,,,,,,,,,,,,,,,,,,,,,,,,,,,,,,,,,,,,,,,,,,,,,0.3854746279426157,2595,86
2026-27,football,Southern Athletic Association (SAA),saa,Millsaps,"Bailey,Brewer",Brewer,Bailey,,426,"Bailey,Brewer","BAILEY,BREWER",Millsaps,MC,1282-2845,3,3,9,9D,0,0,DB,0,,,,,,,,0.0,5.0,8.0,13.0,13.0,0.0,0.0,0.0,0.0,0.0,0.0,0.0,0.0,0.0,0.0,1.0,0.0,0.0,0.0,0.0,0.0,0.0,0.0,1.0,,,,,,,,,,,,,,,,,,,,,,,,,,,,,,,,,,,,,,,,,,,,,,,,,,,,,,,,,,,,,,,,,,,,,,,,,,,,,,,,,,,,,,,,,,,,,,,,,0.3696141991130123,2605,86
2026-27,football,Southern Athletic Association (SAA),saa,Sewanee,"Martin,Peyton",Peyton,Martin,,652,"Martin,Peyton","MARTIN,PEYTON",Sewanee,SEW,1321-3593,3,3,99,99,0,0,DL,0,,,,,,,,0.0,6.0,7.0,13.0,13.0,1.0,0.0,0.0,1.0,0.0,2.0,0.0,0.0,0.0,0.0,0.0,0.0,2.0,0.0,1.0,0.0,0.0,0.0,0.0,,,,,,,,,,,,,,,,,,,,,,,,,,,,,,,,,,,,,,,,,,,,,,,,,,,,,,,,,,,,,,,,,,,,,,,,,,,,,,,,,,,,,,,,,,,,,,,,,0.3588996141283475,2620,86
2026-27,football,Southern Athletic Association (SAA),saa,Centre,"Martinez,Norvis",Norvis,Martinez,,132,"Martinez,Norvis","MARTINEZ,NORVIS",Centre,CEN,1268-3141,3,3,9,0I,0,0,LB,0,,,,,,,,0.0,6.0,7.0,13.0,13.0,1.0,0.0,0.0,1.0,0.0,2.0,0.0,0.0,0.0,0.0,0.0,0.0,0.0,0.0,0.0,0.0,0.0,0.0,0.0,,,,,,,,,,,,,,,,,,,,,,,,,,,,,,,,,,,,,,,,,,,,,,,,,,,,,,,,,,,,,,,,,,,,,,,,,,,,,,,,,,,,,,,,,,,,,,,,,0.3588996141283475,2621,86
2026-27,football,Southern Athletic Association (SAA),saa,Southwestern,"Threats,Parker",Parker,Threats,,8746,"Threats,Parker","THREATS,PARKER",Southwestern,SWU,1322-3061,3,1,4,4,0,WR,0,0,,,,,,,,0.0,0.0,0.0,0.0,0.0,0.0,0.0,0.0,0.0,0.0,0.0,0.0,0.0,0.0,0.0,0.0,0.0,0.0,0.0,0.0,0.0,0.0,0.0,0.0,,,,,,,,,,,6.0,172.0,1.0,87.0,28.7,,0.0,1.0,0.0,0.0,0.0,0.0,0.0,0.0,0.0,6.0,6.0,2.0,,,,,,,,,,,,,,,,,,,,,,,,,,,,,,,,,,,,,,,,,,,,,,,,,,,,,,,,,,,,,,,,,,,,,0.318116859031362,2668,86
2026-27,football,Southern Athletic Association (SAA),saa,Berry,Malaki Knight,Malaki,Knight,,973,Malaki Knight,"KNIGHT,MALAKI",Berry,BERRY,838-3354,2,0,N0,N0,0,0,0,0,,,,,,,,0.0,2.0,3.0,5.0,5.0,1.0,0.0,0.0,0.0,2.0,2.0,0.5,0.0,1.0,1.0,0.0,0.0,0.0,0.0,0.0,0.0,0.0,0.0,0.0,,,,,,,,,,,,,,,,,,,,,,,,,,,,,,,,,,,,,,,,,,,,,,,,,,,,,,,,,,,,,,,,,,,,,,,,,,,,,,,,,,,,,,,,,,,,,,,,,0.3167044286502415,2676,86
2026-27,football,Southern Athletic Association (SAA),saa,Southwestern,"Phillips,Devan",Devan,Phillips,,8746,"Phillips,Devan","PHILLIPS,DEVAN",Southwestern,SWU,1322-2609,3,0,5,5,0,0,DB,0,,,,,,,,0.0,7.0,6.0,13.0,13.0,0.0,0.0,0.0,0.0,0.0,0.0,0.0,0.0,0.0,0.0,1.0,0.0,0.0,0.0,0.0,0.0,0.0,0.0,1.0,,,,,,,,,,,,,,,,,,,,,,,,,,,,,,,,,,,,,,,,,,,,,,,,,,,,,,,,,,,,,,,,,,,,,,,,,3.0,73.0,0.0,27.0,24.3,,,,,,,,,,,,,,,2.0,6.0,0.0,6.0,3.0,0.2573010488297345,2723,86
2026-27,football,Southern Athletic Association (SAA),saa,Centre,"Collins,Isaac",Isaac,Collins,,132,"Collins,Isaac","COLLINS,ISAAC",Centre,CEN,1268-3337,1,0,17,17,0,0,0,0,,,,,,,,,,,,,,,,,,,,,,,,,,,,,,,,,,,,,,,,,,,,,,,,,,,,,,,,,,,,,,,,,,,,,,,,,,,,,,,,,,,,,,,,,,,,,,3.0,143.0,64.0,0.0,1.0,0.0,1.0,1.0,47.7,,,,,,,,,,,,,,,,,,,,,,,,,,0.2520737181532773,2725,86
2026-27,football,Southern Athletic Association (SAA),saa,Millsaps,"Taylor,Mitch",Mitch,Taylor,,426,"Taylor,Mitch","TAYLOR,MITCH",Millsaps,MC,1282-2786,3,0,7,7,0,RB,0,0,,,,,,,,0.0,0.0,0.0,0.0,0.0,0.0,0.0,0.0,0.0,0.0,0.0,0.0,0.0,0.0,0.0,0.0,0.0,0.0,0.0,0.0,0.0,0.0,0.0,0.0,,,,,,,,,,,2.0,35.0,0.0,31.0,17.5,,0.0,2.0,0.0,0.0,0.0,0.0,0.0,0.0,0.0,12.0,12.0,4.0,27.0,122.0,129.0,7.0,2.0,22.0,4.5,40.7,,,,,,,,,,,,,,,,,,,,,,,,,1.0,0.0,,,,,,,,,,,,,,,,,,,,,,,,,,,,,,,,,,,0.251960836074739,2727,86
2026-27,football,Southern Athletic Association (SAA),saa,Centre,"Brown,Major",Major,Brown,,132,"Brown,Major","BROWN,MAJOR",Centre,CEN,1268-3155,3,3,15,1E,0,0,LB,0,,,,,,,,0.0,6.0,3.0,9.0,9.0,1.5,0.0,0.0,1.0,1.0,5.0,0.0,0.0,0.0,0.0,0.0,0.0,0.0,0.0,0.0,0.0,0.0,0.0,0.0,,,,,,,,,,,,,,,,,,,,,,,,,,,,,,,,,,,,,,,,,,,,,,,,,,,,,,,,,,,,,,,,,,,,,,,,,,,,,,,,,,,,,,,,,,,,,,,,,0.2385120886329565,2744,86
2026-27,football,Southern Athletic Association (SAA),saa,Rhodes,"Jones,Grady",Grady,Jones,,573,"Jones,Grady","JONES,GRADY",Rhodes,RHO,1390-4809,3,0,48,48,0,0,0,0,,,,,,,,0.0,0.0,0.0,0.0,0.0,0.0,0.0,0.0,0.0,0.0,0.0,0.0,0.0,0.0,0.0,0.0,0.0,0.0,0.0,0.0,0.0,0.0,0.0,0.0,,,,,,,,,,,,,,,,,2.0,0.0,2.0,0.0,0.0,0.0,0.0,0.0,0.0,8.0,8.0,2.67,,,,,,,,,,,,,,,,,,,,,2.0,2.0,0.0,0.0,0.0,0.0,0.0,0.0,0.0,0.0,0.0,0.0,,,18.0,803.0,65.0,0.0,2.0,5.0,6.0,6.0,44.6,,,,,,,2.0,2.0,31.0,0.0,100.0,,,,,1.0,58.0,0.0,0.0,58.0,,,,,,0.2297655354443319,2760,86
2026-27,football,Southern Athletic Association (SAA),saa,Millsaps,"Vasquez,Jace",Jace,Vasquez,,426,"Vasquez,Jace","VASQUEZ,JACE",Millsaps,MC,1282-2901,3,0,21,21,0,0,0,0,,,,,,,,,,,,,,,,,,,,,,,,,,,,,,,,,,,,,,,,,,,,,,,,,,,,,,,,,,,,,,,,,,,,,,,,,,,,,,,,0.0,0.0,1.0,0.0,0.0,0.0,0.0,0.0,0.0,0.0,0.0,0.0,,,12.0,479.0,53.0,0.0,2.0,3.0,1.0,3.0,39.9,,,,,,,,,,,,,,,,,,,,,,,,,,0.2218573406566183,2765,86
2026-27,football,Southern Athletic Association (SAA),saa,Trinity,"Kondoba,Jordan",Jordan,Kondoba,,715,"Kondoba,Jordan","KONDOBA,JORDAN",Trinity,TU,0,2,0,59,59,0,0,DL,0,,,,,,,,0.0,1.0,3.0,4.0,4.0,1.0,0.0,0.0,0.0,2.0,4.0,0.5,0.0,1.0,4.0,0.0,0.0,0.0,0.0,0.0,0.0,0.0,0.0,0.0,,,,,,,,,,,,,,,,,,,,,,,,,,,,,,,,,,,,,,,,,,,,,,,,,,,,,,,,,,,,,,,,,,,,,,,,,,,,,,,,,,,,,,,,,,,,,,,,,0.217203427271619,2772,86
2026-27,football,Southern Athletic Association (SAA),saa,Berry,Liam Jeffries,Liam,Jeffries,,973,Liam Jeffries,"JEFFRIES,LIAM",Berry,BERRY,838-3118,3,3,D1,D1,0,0,LB,0,,,,,,,,0.0,9.0,8.0,17.0,17.0,0.0,0.0,0.0,0.0,0.0,0.0,0.0,0.0,0.0,0.0,0.0,0.0,0.0,0.0,0.0,0.0,0.0,0.0,0.0,,,,,,,,,,,,,,,,,,,,,,,,,,,,,,,,,,,,,,,,,,,,,,,,,,,,,,,,,,,,,,,,,,,,,,,,,,,,,,,,,,,,,,,,,,,,,,,,,0.2016706596046393,2784,86
2026-27,football,Southern Athletic Association (SAA),saa,Trinity,"Runyan,Jackson",Jackson,Runyan,,715,"Runyan,Jackson","RUNYAN,JACKSON",Trinity,TU,0,3,0,29,2R,0,0,0,0,,,,,,,,0.0,0.0,1.0,1.0,1.0,0.0,0.0,0.0,0.0,0.0,0.0,0.0,0.0,0.0,0.0,0.0,0.0,0.0,0.0,0.0,0.0,0.0,0.0,0.0,,,,,,,,,,,,,,,,,8.0,0.0,5.0,0.0,0.0,0.0,0.0,0.0,0.0,23.0,23.0,7.67,,,,,,,,,,,,,,,,,,,,,10.0,8.0,0.0,0.0,0.0,0.0,0.0,0.0,0.0,0.0,0.0,0.0,,,10.0,389.0,49.0,0.0,2.0,1.0,0.0,2.0,38.9,,,,,,,5.0,7.0,37.0,2.0,71.4,,,,,18.0,1047.0,0.0,1.0,58.2,,,,,,0.1919706633417073,2791,86
2026-27,football,Southern Athletic Association (SAA),saa,Berry,Dray Parker,Dray,Parker,,973,Dray Parker,"PARKER,DRAY",Berry,BERRY,838-3621,3,2,T3,T3,0,0,CB,0,,,,,,,,0.0,3.0,2.0,5.0,5.0,0.0,0.0,0.0,0.0,0.0,0.0,0.0,0.0,0.0,0.0,2.0,0.0,0.0,0.0,0.0,0.0,0.0,0.0,2.0,,,,,,,,,,,,,,,,,,,,,,,,,,,,,,,,,,,,,,,,,,,,,,,,,,,,,,,,,,,,,,,,,,,,,,,,,,,,,,,,,,,,,,,,,,,,,,,,,0.1395537331068949,2847,85
2026-27,football,Southern Athletic Association (SAA),saa,Berry,"Lowe,Lamar",Lamar,Lowe,,973,"Lowe,Lamar","LOWE,LAMAR",Berry,BERRY,838-3355,2,0,0,0,0,0,CB,0,,,,,,,,0.0,4.0,1.0,5.0,5.0,0.0,0.0,0.0,0.0,0.0,0.0,0.0,0.0,0.0,0.0,2.0,0.0,0.0,0.0,0.0,0.0,0.0,0.0,2.0,,,,,,,,,,,,,,,,,,,,,,,,,,,,,,,,,,,,,,,,,,,,,,,,,,,,,,,,,,,,,,,,,,,,,,,,,,,,,,,,,,,,,,,,,,,,,,,,,0.1395537331068949,2849,85
2026-27,football,Southern Athletic Association (SAA),saa,Centre,"Barbee,Ant",Ant,Barbee,,132,"Barbee,Ant","BARBEE,ANT",Centre,CEN,1268-3331,2,1,2,2,0,WR,0,0,,,,,,,,,,,,,,,,,,,,,,,,,,,,,,,,,,,,,,,,,,9.0,94.0,0.0,21.0,10.4,,,,,,,,,,,,,,,,,,,,,,,,,,,,,,,,,,,,,,,,,,,,,,,,,,,,,,,,,,,,,,,,,,,,,,,,,,,,,,,,,,0.0906835731085189,2898,85
2026-27,football,Southern Athletic Association (SAA),saa,Sewanee,"Hatfield,Champ",Champ,Hatfield,,652,"Hatfield,Champ","HATFIELD,CHAMP",Sewanee,SEW,1321-3727,3,1,36,36,0,0,DB,0,,,,,,,,0.0,6.0,4.0,10.0,10.0,0.0,0.0,0.0,0.0,0.0,0.0,0.0,0.0,0.0,0.0,1.0,0.0,0.0,0.0,0.0,0.0,0.0,0.0,1.0,,,,,,,,,,,,,,,,,,,,,,,,,,,,,,,,,,,,,,,,,,,,,,,,,,,,,,,,,,,,,,,,,,,,,,,,,,,,,,,,,,,,,,,,,,,,,,,,,0.0711111949771446,2929,85
2026-27,football,Southern Athletic Association (SAA),saa,Millsaps,"McGown,Lance",Lance,McGown,,426,"McGown,Lance","MCGOWN,LANCE",Millsaps,MC,1282-2714,-5,-6,10,10,0,WR,0,0,,,,,,,,,,,,,,,,,,,,,,,,,,,,,,,,,,,,,,,,,,4.0,88.0,0.0,22.0,22.0,,,,,,,,,,,,,,,,,,,,,,,,,,,,,,,,,,,,,,,,,,,,,,,,,,,,,,,,,,,,,,,,,,,,,,,,,,,,,,,,,,0.0204741313704964,2987,85
2026-27,football,Southern Athletic Association (SAA),saa,Maryville College,"Ladd,Kain",Kain,Ladd,,396,"Ladd,Kain","LADD,KAIN",Maryville College,MAR,1027-2492,4,0,36,7Q,0,0,LB,0,,,,,,,,0.0,7.0,8.0,15.0,15.0,0.0,0.0,0.0,0.0,0.0,0.0,0.0,0.0,0.0,0.0,0.0,0.0,0.0,0.0,0.0,0.0,0.0,0.0,0.0,,,,,,,,,,,,,,,,,,,,,,,,,,,,,,,,,,,,,,,,,,,,,,,,,,,,,,,,,,,,,,,,,,,,,,,,,,,,,,,,,,,,,,,,,,,,,,,,,0.0026686568473945,3014,85
2026-27,football,Southern Athletic Association (SAA),saa,Berry,Abe Blanco,Abe,Blanco,,973,Abe Blanco,"BLANCO,ABE",Berry,BERRY,838-3326,3,3,79,79,0,OT,0,0,,,,,,,,,,,,,,,,,,,,,,,,,,,,,,,,,,,,,,,,,,,,,,,,,,,,,,,,,,,,,,,,,,,,,,,,,,,,,,,,,,,,,,,,,,,,,,,,,,,,,,,,,,,,,,,,,,,,,,,,,,,,,,,,0.0,3023,85
2026-27,football,Southern Athletic Association (SAA),saa,Centre,"Adams,Brody",Brody,Adams,,132,"Adams,Brody","ADAMS,BRODY",Centre,CEN,1268-3554,1,0,55,55,0,OL,0,0,,,,,,,,,,,,,,,,,,,,,,,,,,,,,,,,,,,,,,,,,,,,,,,,,,,,,,,,,,,,,,,,,,,,,,,,,,,,,,,,,,,,,,,,,,,,,,,,,,,,,,,,,,,,,,,,,,,,,,,,,,,,,,,,0.0,3037,85
2026-27,football,Southern Athletic Association (SAA),saa,Rhodes,Alex Plaia,Alex,Plaia,,573,Alex Plaia,"PLAIA,ALEX",Rhodes,RHO,1390-5140,1,0,34,34,0,0,0,0,,,,,,,,,,,,,,,,,,,,,,,,,,,,,,,,,,,,,,,,,,,,,,,,,,,,,,,,,,,,,,,,,,,,,,,,,,,,,,,,,,,,,,,,,,,,,,,,,,,,,,,,,,,,,,,,,,,,,,,,,,,,,,,,0.0,3072,85
2026-27,football,Southern Athletic Association (SAA),saa,Trinity,"Allen,Johnny",Johnny,Allen,,715,"Allen,Johnny","ALLEN,JOHNNY",Trinity,TU,0,2,0,53,5A,0,OL,0,0,,,,,,,,,,,,,,,,,,,,,,,,,,,,,,,,,,,,,,,,,,,,,,,,,,,,,,,,,,,,,,,,,,,,,,,,,,,,,,,,,,,,,,,,,,,,,,,,,,,,,,,,,,,,,,,,,,,,,,,,,,,,,,,,0.0,3090,85
2026-27,football,Southern Athletic Association (SAA),saa,Rhodes,"Aurelien,Juelz",Juelz,Aurelien,,573,"Aurelien,Juelz","AURELIEN,JUELZ",Rhodes,RHO,1390-4966,1,1,7,7A,0,0,DB,0,,,,,,,,,,,,,,,,,,,,,,,,,,,,,,,,,,,,,,,,,,,,,,,,,,,,,,,,,,,,,,,,,,,,,,,,,,,,,,,,,,,,,,,,,,,,,,,,,,,,,,,,,,,,,,,,,,,,,,,,,,,,,,,,0.0,3176,84
2026-27,football,Southern Athletic Association (SAA),saa,Centre,"Aylor,Brody",Brody,Aylor,,132,"Aylor,Brody","AYLOR,BRODY",Centre,CEN,1268-3555,1,0,35,3E,0,0,LB,0,,,,,,,,,,,,,,,,,,,,,,,,,,,,,,,,,,,,,,,,,,,,,,,,,,,,,,,,,,,,,,,,,,,,,,,,,,,,,,,,,,,,,,,,,,,,,,,,,,,,,,,,,,,,,,,,,,,,,,,,,,,,,,,,0.0,3184,84
2026-27,football,Southern Athletic Association (SAA),saa,Berry,Baker Kimbrel,Baker,Kimbrel,,973,Baker Kimbrel,"KIMBREL,BAKER",Berry,BERRY,838-3549,1,0,82,82,0,0,0,0,,,,,,,,,,,,,,,,,,,,,,,,,,,,,,,,,,,,,,,,,,,,,,,,,,,,,,,,,,,,,,,,,,,,,,,,,,,,,,,,,,,,,,,,,,,,,,,,,,,,,,,,,,,,,,,,,,,,,,3.0,159.0,0.0,0.0,53.0,,,,,,0.0,3197,84
2026-27,football,Southern Athletic Association (SAA),saa,Maryville College,"Baldwin,Trent",Trent,Baldwin,,396,"Baldwin,Trent","BALDWIN,TRENT",Maryville College,MAR,1027-2144,2,0,62,62,0,OL,0,0,,,,,,,,,,,,,,,,,,,,,,,,,,,,,,,,,,,,,,,,,,,,,,,,,,,,,,,,,,,,,,,,,,,,,,,,,,,,,,,,,,,,,,,,,,,,,,,,,,,,,,,,,,,,,,,,,,,,,,,,,,,,,,,,0.0,3204,84
2026-27,football,Southern Athletic Association (SAA),saa,Rhodes,"Barcinas,Tommy",Tommy,Barcinas,,573,"Barcinas,Tommy","BARCINAS,TOMMY",Rhodes,RHO,1390-5132,1,0,17,1D,0,0,LB,0,,,,,,,,,,,,,,,,,,,,,,,,,,,,,,,,,,,,,,,,,,,,,,,,,,,,,,,,,,,,,,,,,,,,,,,,,,,,,,,,,,,,,,,,,,,,,,,,,,,,,,,,,,,,,,,,,,,,,,,,,,,,,,,,0.0,3218,84
2026-27,football,Southern Athletic Association (SAA),saa,Maryville College,"Barnard,Chase",Chase,Barnard,,396,"Barnard,Chase","BARNARD,CHASE",Maryville College,MAR,1027-2471,1,0,87,9O,0,TE,0,0,,,,,,,,,,,,,,,,,,,,,,,,,,,,,,,,,,,,,,,,,,,,,,,,,,,,,,,,,,,,,,,,,,,,,,,,,,,,,,,,,,,,,,,,,,,,,,,,,,,,,,,,,,,,,,,,,,,,,,,,,,,,,,,,0.0,3225,84
2026-27,football,Southern Athletic Association (SAA),saa,Centre,"Barnhardt,Nate",Nate,Barnhardt,,132,"Barnhardt,Nate","BARNHARDT,NATE",Centre,CEN,1268-3157,1,0,5,0E,0,0,LB,0,,,,,,,,,,,,,,,,,,,,,,,,,,,,,,,,,,,,,,,,,,,,,,,,,,,,,,,,,,,,,,,,,,,,,,,,,,,,,,,,,,,,,,,,,,,,,,,,,,,,,,,,,,,,,,,,,,,,,,,,,,,,,,,,0.0,3232,84
2026-27,football,Southern Athletic Association (SAA),saa,Sewanee,"Bergsrud,Caden",Caden,Bergsrud,,652,"Bergsrud,Caden","BERGSRUD,CADEN",Sewanee,SEW,1321-3333,3,1,68,68,0,OL,0,0,,,,,,,,,,,,,,,,,,,,,,,,,,,,,,,,,,,,,,,,,,,,,,,,,,,,,,,,,,,,,,,,,,,,,,,,,,,,,,,,,,,,,,,,,,,,,,,,,,,,,,,,,,,,,,,,,,,,,,,,,,,,,,,,0.0,3309,84
2026-27,football,Southern Athletic Association (SAA),saa,Millsaps,"Beychok,Joshua",Joshua,Beychok,,426,"Beychok,Joshua","BEYCHOK,JOSHUA",Millsaps,MC,1282-2896,1,0,60,60,0,OL,0,0,,,,,,,,,,,,,,,,,,,,,,,,,,,,,,,,,,,,,,,,,,,,,,,,,,,,,,,,,,,,,,,,,,,,,,,,,,,,,,,,,,,,,,,,,,,,,,,,,,,,,,,,,,,,,,,,,,,,,,,,,,,,,,,,0.0,3317,84
2026-27,football,Southern Athletic Association (SAA),saa,Centre,"Bivens,Will",Will,Bivens,,132,"Bivens,Will","BIVENS,WILL",Centre,CEN,1268-3369,2,0,11,11,0,TE,0,0,,,,,,,,,,,,,,,,,,,,,,,,,,,,,,,,,,,,,,,,,,,,,,,,,,,,,,,,,,,,,,,,,,,,,,,,,,,,,,,,,,,,,,,,,,,,,,,,,,,,,,,,,,,,,,,,,,,,,,,,,,,,,,,,0.0,3330,84
2026-27,football,Southern Athletic Association (SAA),saa,Centre,"Blackmon,Aaronn",Aaronn,Blackmon,,132,"Blackmon,Aaronn","BLACKMON,AARONN",Centre,CEN,1268-3332,1,0,11,1A,0,0,DL,0,,,,,,,,,,,,,,,,,,,,,,,,,,,,,,,,,,,,,,,,,,,,,,,,,,,,,,,,,,,,,,,,,,,,,,,,,,,,,,,,,,,,,,,,,,,,,,,,,,,,,,,,,,,,,,,,,,,,,,,,,,,,,,,,0.0,3335,84
2026-27,football,Southern Athletic Association (SAA),saa,Maryville College,"Boldin,Caleb",Caleb,Boldin,,396,"Boldin,Caleb","BOLDIN,CALEB",Maryville College,MAR,1027-2514,3,3,58,9F,0,OL,0,0,,,,,,,,,,,,,,,,,,,,,,,,,,,,,,,,,,,,,,,,,,,,,,,,,,,,,,,,,,,,,,,,,,,,,,,,,,,,,,,,,,,,,,,,,,,,,,,,,,,,,,,,,,,,,,,,,,,,,,,,,,,,,,,,0.0,3362,84
2026-27,football,Southern Athletic Association (SAA),saa,Trinity,"Brown,Cooper",Cooper,Brown,,715,"Brown,Cooper","BROWN,COOPER",Trinity,TU,0,2,0,88,88,0,WR,0,0,,,,,,,,,,,,,,,,,,,,,,,,,,,,,,,,,,,,,,,,,,,,,,,,,,,,,,,,,,,,,,,,,,,,,,,,,,,,,,,,,,,,,,,,,,,,,,,,,,,,,,,,,,,,,,,,,,,,,,,,,,,,,,,,0.0,3441,83
2026-27,football,Southern Athletic Association (SAA),saa,Trinity,"Brown,Jeffrey",Jeffrey,Brown,,715,"Brown,Jeffrey","BROWN,JEFFREY",Trinity,TU,0,1,0,35,35,0,0,DL,0,,,,,,,,,,,,,,,,,,,,,,,,,,,,,,,,,,,,,,,,,,,,,,,,,,,,,,,,,,,,,,,,,,,,,,,,,,,,,,,,,,,,,,,,,,,,,,,,,,,,,,,,,,,,,,,,,,,,,,,,,,,,,,,,0.0,3448,83
2026-27,football,Southern Athletic Association (SAA),saa,Rhodes,"Bryant,Jackson",Jackson,Bryant,,573,"Bryant,Jackson","BRYANT,JACKSON",Rhodes,RHO,1390-5146,2,2,72,72,0,OL,0,0,,,,,,,,,,,,,,,,,,,,,,,,,,,,,,,,,,,,,,,,,,,,,,,,,,,,,,,,,,,,,,,,,,,,,,,,,,,,,,,,,,,,,,,,,,,,,,,,,,,,,,,,,,,,,,,,,,,,,,,,,,,,,,,,0.0,3462,83
2026-27,football,Southern Athletic Association (SAA),saa,Berry,Bryson Hill,Bryson,Hill,,973,Bryson Hill,"HILL,BRYSON",Berry,BERRY,838-3188,3,3,70,70,0,OG,0,0,,,,,,,,,,,,,,,,,,,,,,,,,,,,,,,,,,,,,,,,,,,,,,,,,,,,,,,,,,,,,,,,,,,,,,,,,,,,,,,,,,,,,,,,,,,,,,,,,,,,,,,,,,,,,,,,,,,,,,,,,,,,,,,,0.0,3466,83
2026-27,football,Southern Athletic Association (SAA),saa,Centre,"Carrico,Jake",Jake,Carrico,,132,"Carrico,Jake","CARRICO,JAKE",Centre,CEN,1268-2848,3,0,18,18,0,WR,0,0,,,,,,,,,,,,,,,,,,,,,,,,,,,,,,,,,,,,,,,,,,,,,,,,,,,,,,,,,,,,,,,,,,,,,,,,,,,,,,,,,,,,,,,,,,,,,,,,,,,,,,,,,,,,,,,,,,,,,,,,,,,,,,,,0.0,3554,83
2026-27,football,Southern Athletic Association (SAA),saa,Southwestern,"Carrosquilla,Evan",Evan,Carrosquilla,,8746,"Carrosquilla,Evan","CARROSQUILLA,EVAN",Southwestern,SWU,1322-3101,1,0,20,20,0,TE,0,0,,,,,,,,,,,,,,,,,,,,,,,,,,,,,,,,,,,,,,,,,,,,,,,,,,,,,,,,,,,,,,,,,,,,,,,,,,,,,,,,,,,,,,,,,,,,,,,,,,,,,,,,,,,,,,,,,,,,,,,,,,,,,,,,0.0,3558,83
2026-27,football,Southern Athletic Association (SAA),saa,Rhodes,Charles Dedmon,Charles,Dedmon,,573,Charles Dedmon,"DEDMON,CHARLES",Rhodes,RHO,1390-5129,1,0,15,15,0,0,0,0,,,,,,,,,,,,,,,,,,,,,,,,,,,,,,,,,,,,,,,,,,,,,,,,,,,,,,,,,,,,,,,,,,,,,,,,,,,,,,,,,,,,,,,,,,,,,,,,,,,,,,,,,,,,,,,,,,,,,,,,,,,,,,,,0.0,3611,83
2026-27,football,Southern Athletic Association (SAA),saa,Southwestern,"Clinton,Tristan",Tristan,Clinton,,8746,"Clinton,Tristan","CLINTON,TRISTAN",Southwestern,SWU,1322-3057,2,0,73,73,0,OL,0,0,,,,,,,,,,,,,,,,,,,,,,,,,,,,,,,,,,,,,,,,,,,,,,,,,,,,,,,,,,,,,,,,,,,,,,,,,,,,,,,,,,,,,,,,,,,,,,,,,,,,,,,,,,,,,,,,,,,,,,,,,,,,,,,,0.0,3659,83
2026-27,football,Southern Athletic Association (SAA),saa,Rhodes,Cody Greeling,Cody,Greeling,,573,Cody Greeling,"GREELING,CODY",Rhodes,RHO,1390-4984,1,0,65,65,0,0,0,0,,,,,,,,,,,,,,,,,,,,,,,,,,,,,,,,,,,,,,,,,,,,,,,,,,,,,,,,,,,,,,,,,,,,,,,,,,,,,,,,,,,,,,,,,,,,,,,,,,,,,,,,,,,,,,,,,,,,,,,,,,,,,,,,0.0,3661,83
2026-27,football,Southern Athletic Association (SAA),saa,Maryville College,"Colton,Ethan",Ethan,Colton,,396,"Colton,Ethan","COLTON,ETHAN",Maryville College,MAR,1027-2443,4,3,55,9D,0,OL,0,0,,,,,,,,,,,,,,,,,,,,,,,,,,,,,,,,,,,,,,,,,,,,,,,,,,,,,,,,,,,,,,,,,,,,,,,,,,,,,,,,,,,,,,,,,,,,,,,,,,,,,,,,,,,,,,,,,,,,,,,,,,,,,,,,0.0,3684,83
2026-27,football,Southern Athletic Association (SAA),saa,Millsaps,"Contreras,Erik",Erik,Contreras,,426,"Contreras,Erik","CONTRERAS,ERIK",Millsaps,MC,1282-2521,3,3,77,77,0,OL,0,0,,,,,,,,,,,,,,,,,,,,,,,,,,,,,,,,,,,,,,,,,,,,,,,,,,,,,,,,,,,,,,,,,,,,,,,,,,,,,,,,,,,,,,,,,,,,,,,,,,,,,,,,,,,,,,,,,,,,,,,,,,,,,,,,0.0,3698,82
2026-27,football,Southern Athletic Association (SAA),saa,Rhodes,"Crimm,William",William,Crimm,,573,"Crimm,William","CRIMM,WILLIAM",Rhodes,RHO,1390-4980,3,2,75,75,0,OL,0,0,,,,,,,,,,,,,,,,,,,,,,,,,,,,,,,,,,,,,,,,,,,,,,,,,,,,,,,,,,,,,,,,,,,,,,,,,,,,,,,,,,,,,,,,,,,,,,,,,,,,,,,,,,,,,,,,,,,,,,,,,,,,,,,,0.0,3762,82
2026-27,football,Southern Athletic Association (SAA),saa,Centre,"Crisp,Westin",Westin,Crisp,,132,"Crisp,Westin","CRISP,WESTIN",Centre,CEN,1268-3562,1,0,37,37,0,0,DB,0,,,,,,,,,,,,,,,,,,,,,,,,,,,,,,,,,,,,,,,,,,,,,,,,,,,,,,,,,,,,,,,,,,,,,,,,,,,,,,,,,,,,,,,,,,,,,,,,,,,,,,,,,,,,,,,,,,,,,,,,,,,,,,,,0.0,3764,82
2026-27,football,Southern Athletic Association (SAA),saa,Maryville College,"Cross,Grant",Grant,Cross,,396,"Cross,Grant","CROSS,GRANT",Maryville College,MAR,0,1,0,17,1G,0,WR,0,0,,,,,,,,,,,,,,,,,,,,,,,,,,,,,,,,,,,,,,,,,,,,,,,,,,,,,,,,,,,,,,,,,,,,,,,,,,,,,,,,,,,,,,,,,,,,,,,,,,,,,,,,,,,,,,,,,,,,,,,,,,,,,,,,0.0,3766,82
2026-27,football,Southern Athletic Association (SAA),saa,Sewanee,"Cunningham,Mekhi",Mekhi,Cunningham,,652,"Cunningham,Mekhi","CUNNINGHAM,MEKHI",Sewanee,SEW,1321-3715,3,3,64,64,0,OL,0,0,,,,,,,,,,,,,,,,,,,,,,,,,,,,,,,,,,,,,,,,,,,,,,,,,,,,,,,,,,,,,,,,,,,,,,,,,,,,,,,,,,,,,,,,,,,,,,,,,,,,,,,,,,,,,,,,,,,,,,,,,,,,,,,,0.0,3779,82
2026-27,football,Southern Athletic Association (SAA),saa,Sewanee,"Curtis,Jared",Jared,Curtis,,652,"Curtis,Jared","CURTIS,JARED",Sewanee,SEW,1321-3716,2,0,13,13,0,QB,0,0,,,,,,,,,,,,,,,,,,,,,,,,,,,,,,,,,,,,,,,,,,,,,,,,,,,,,,,,,,,,,,,,,,,,,,,,,,,,,,,,0.0,0.0,2.0,0.0,0.0,0.0,0.0,0.0,0.0,0.0,0.0,0.0,,,,,,,,,,,,,,,,,,,,,,,,,,,,,,,,,,,,,0.0,3783,82
2026-27,football,Southern Athletic Association (SAA),saa,Centre,"Dada,Kolade",Kolade,Dada,,132,"Dada,Kolade","DADA,KOLADE",Centre,CEN,1268-3563,1,0,39,39,0,0,DB,0,,,,,,,,,,,,,,,,,,,,,,,,,,,,,,,,,,,,,,,,,,,,,,,,,,,,,,,,,,,,,,,,,,,,,,,,,,,,,,,,,,,,,,,,,,,,,,,,,,,,,,,,,,,,,,,,,,,,,,,,,,,,,,,,0.0,3792,82
2026-27,football,Southern Athletic Association (SAA),saa,Maryville College,"Davis,Turner",Turner,Davis,,396,"Davis,Turner","DAVIS,TURNER",Maryville College,MAR,1027-2476,1,0,37,9W,0,0,DB,0,,,,,,,,,,,,,,,,,,,,,,,,,,,,,,,,,,,,,,,,,,,,,,,,,,,,,,,,,,,,,,,,,,,,,,,,,,,,,,,,,,,,,,,,,,,,,,,,,,,,,,,,,,,,,,,,,,,,,,,,,,,,,,,,0.0,3833,82
2026-27,football,Southern Athletic Association (SAA),saa,Rhodes,"DeHaan,Isaac",Isaac,DeHaan,,573,"DeHaan,Isaac","DEHAAN,ISAAC",Rhodes,RHO,1390-4593,2,2,64,64,0,OL,0,0,,,,,,,,,,,,,,,,,,,,,,,,,,,,,,,,,,,,,,,,,,,,,,,,,,,,,,,,,,,,,,,,,,,,,,,,,,,,,,,,,,,,,,,,,,,,,,,,,,,,,,,,,,,,,,,,,,,,,,,,,,,,,,,,0.0,3838,82
2026-27,football,Southern Athletic Association (SAA),saa,Maryville College,"DeLine,Hudson",Hudson,DeLine,,396,"DeLine,Hudson","DELINE,HUDSON",Maryville College,MAR,0,1,0,13,1W,0,QB,0,0,,,,,,,,,,,,,,,,,,,,,,,,,,,,,,,,,,,,,,,,,,,,,,,,,,,,,,,,,,,,,,,,,,,,,,,,,,,,,,,,,,,,,,,,,,,,,,,,,,,,,,,,,,,,,,,,,,,,,,,,,,,,,,,,0.0,3839,82
2026-27,football,Southern Athletic Association (SAA),saa,Millsaps,"Dempsey,Ben",Ben,Dempsey,,426,"Dempsey,Ben","DEMPSEY,BEN",Millsaps,MC,1282-3195,1,0,25,2F,0,0,LB,0,,,,,,,,,,,,,,,,,,,,,,,,,,,,,,,,,,,,,,,,,,,,,,,,,,,,,,,,,,,,,,,,,,,,,,,,,,,,,,,,,,,,,,,,,,,,,,,,,,,,,,,,,,,,,,,,,,,,,,,,,,,,,,,,0.0,3867,82
2026-27,football,Southern Athletic Association (SAA),saa,Centre,"Desensi,Will",Will,Desensi,,132,"Desensi,Will","DESENSI,WILL",Centre,CEN,1268-3340,1,0,24,24,0,TE,0,0,,,,,,,,,,,,,,,,,,,,,,,,,,,,,,,,,,,,,,,,,,,,,,,,,,,,,,,,,,,,,,,,,,,,,,,,,,,,,,,,,,,,,,,,,,,,,,,,,,,,,,,,,,,,,,,,,,,,,,,,,,,,,,,,0.0,3877,82
2026-27,football,Southern Athletic Association (SAA),saa,Maryville College,"Devotie,Carson",Carson,Devotie,,396,"Devotie,Carson","DEVOTIE,CARSON",Maryville College,MAR,1027-2646,1,0,7,7,0,0,LB,0,,,,,,,,,,,,,,,,,,,,,,,,,,,,,,,,,,,,,,,,,,,,,,,,,,,,,,,,,,,,,,,,,,,,,,,,,,,,,,,,,,,,,,,,,,,,,,,,,,,,,,,,,,,,,,,,,,,,,,,,,,,,,,,,0.0,3886,82
2026-27,football,Southern Athletic Association (SAA),saa,Southwestern,"Diosdado,Matthew",Matthew,Diosdado,,8746,"Diosdado,Matthew","DIOSDADO,MATTHEW",Southwestern,SWU,1322-2806,3,3,50,50,0,OL,0,0,,,,,,,,,,,,,,,,,,,,,,,,,,,,,,,,,,,,,,,,,,,,,,,,,,,,,,,,,,,,,,,,,,,,,,,,,,,,,,,,,,,,,,,,,,,,,,,,,,,,,,,,,,,,,,,,,,,,,,,,,,,,,,,,0.0,3906,82
2026-27,football,Southern Athletic Association (SAA),saa,Sewanee,"Donnelly,Bo",Bo,Donnelly,,652,"Donnelly,Bo","DONNELLY,BO",Sewanee,SEW,1321-3574,2,0,19,19,0,0,DB,0,,,,,,,,,,,,,,,,,,,,,,,,,,,,,,,,,,,,,,,,,,,,,,,,,,,,,,,,,,,,,,,,,,,,,,,,,,,,,,,,,,,,,,,,,,,,,,,,,,,,,,,,,,,,,,,,,,,,,,,,,,,,,,,,0.0,3927,82
2026-27,football,Southern Athletic Association (SAA),saa,Southwestern,"Duckett,Duntavian",Duntavian,Duckett,,8746,"Duckett,Duntavian","DUCKETT,DUNTAVIAN",Southwestern,SWU,1322-3194,1,0,90,90,0,0,DL,0,,,,,,,,,,,,,,,,,,,,,,,,,,,,,,,,,,,,,,,,,,,,,,,,,,,,,,,,,,,,,,,,,,,,,,,,,,,,,,,,,,,,,,,,,,,,,,,,,,,,,,,,,,,,,,,,,,,,,,,,,,,,,,,,0.0,3953,82
2026-27,football,Southern Athletic Association (SAA),saa,Trinity,"Dudley,Quinn",Quinn,Dudley,,715,"Dudley,Quinn","DUDLEY,QUINN",Trinity,TU,0,2,1,56,56,0,OL,0,0,,,,,,,,,,,,,,,,,,,,,,,,,,,,,,,,,,,,,,,,,,,,,,,,,,,,,,,,,,,,,,,,,,,,,,,,,,,,,,,,,,,,,,,,,,,,,,,,,,,,,,,,,,,,,,,,,,,,,,,,,,,,,,,,0.0,3955,82
2026-27,football,Southern Athletic Association (SAA),saa,Millsaps,"Dyess,Kamden",Kamden,Dyess,,426,"Dyess,Kamden","DYESS,KAMDEN",Millsaps,MC,1282-2900,1,0,52,52,0,OL,0,0,,,,,,,,,,,,,,,,,,,,,,,,,,,,,,,,,,,,,,,,,,,,,,,,,,,,,,,,,,,,,,,,,,,,,,,,,,,,,,,,,,,,,,,,,,,,,,,,,,,,,,,,,,,,,,,,,,,,,,,,,,,,,,,,0.0,3970,82
2026-27,football,Southern Athletic Association (SAA),saa,Trinity,"Edmonds,Drew",Drew,Edmonds,,715,"Edmonds,Drew","EDMONDS,DREW",Trinity,TU,0,2,1,77,77,0,OL,0,0,,,,,,,,,,,,,,,,,,,,,,,,,,,,,,,,,,,,,,,,,,,,,,,,,,,,,,,,,,,,,,,,,,,,,,,,,,,,,,,,,,,,,,,,,,,,,,,,,,,,,,,,,,,,,,,,,,,,,,,,,,,,,,,,0.0,3987,81
2026-27,football,Southern Athletic Association (SAA),saa,Centre,"Edwards,Damon",Damon,Edwards,,132,"Edwards,Damon","EDWARDS,DAMON",Centre,CEN,1268-2856,1,0,15,15,0,WR,0,0,,,,,,,,,,,,,,,,,,,,,,,,,,,,,,,,,,,,,,,,,,,,,,,,,,,,,,,,,,,,,,,,,,,,,,,,,,,,,,,,,,,,,,,,,,,,,,,,,,,,,,,,,,,,,,,,,,,,,,,,,,,,,,,,0.0,3991,81
2026-27,football,Southern Athletic Association (SAA),saa,Centre,"Elery,DeVaughn",DeVaughn,Elery,,132,"Elery,DeVaughn","ELERY,DEVAUGHN",Centre,CEN,1268-3565,1,0,97,97,0,0,DL,0,,,,,,,,,,,,,,,,,,,,,,,,,,,,,,,,,,,,,,,,,,,,,,,,,,,,,,,,,,,,,,,,,,,,,,,,,,,,,,,,,,,,,,,,,,,,,,,,,,,,,,,,,,,,,,,,,,,,,,,,,,,,,,,,0.0,4003,81
2026-27,football,Southern Athletic Association (SAA),saa,Centre,"Elleman,Hayden",Hayden,Elleman,,132,"Elleman,Hayden","ELLEMAN,HAYDEN",Centre,CEN,1268-3148,1,0,30,30,0,0,DB,0,,,,,,,,,,,,,,,,,,,,,,,,,,,,,,,,,,,,,,,,,,,,,,,,,,,,,,,,,,,,,,,,,,,,,,,,,,,,,,,,,,,,,,,,,,,,,,,,,,,,,,,,,,,,,,,,,,,,,,,,,,,,,,,,0.0,4008,81
2026-27,football,Southern Athletic Association (SAA),saa,Maryville College,"Espy,Jaeden",Jaeden,Espy,,396,"Espy,Jaeden","ESPY,JAEDEN",Maryville College,MAR,1027-2653,1,0,51,51,0,OL,0,0,,,,,,,,,,,,,,,,,,,,,,,,,,,,,,,,,,,,,,,,,,,,,,,,,,,,,,,,,,,,,,,,,,,,,,,,,,,,,,,,,,,,,,,,,,,,,,,,,,,,,,,,,,,,,,,,,,,,,,,,,,,,,,,,0.0,4034,81
2026-27,football,Southern Athletic Association (SAA),saa,Southwestern,"Esquivel,Santiago",Santiago,Esquivel,,8746,"Esquivel,Santiago","ESQUIVEL,SANTIAGO",Southwestern,SWU,1322-2589,3,2,75,75,0,OL,0,0,,,,,,,,,,,,,,,,,,,,,,,,,,,,,,,,,,,,,,,,,,,,,,,,,,,,,,,,,,,,,,,,,,,,,,,,,,,,,,,,,,,,,,,,,,,,,,,,,,,,,,,,,,,,,,,,,,,,,,,,,,,,,,,,0.0,4036,81
2026-27,football,Southern Athletic Association (SAA),saa,Trinity,"Ferrell,Caydon",Caydon,Ferrell,,715,"Ferrell,Caydon","FERRELL,CAYDON",Trinity,TU,0,3,3,60,60,0,OL,0,0,,,,,,,,,,,,,,,,,,,,,,,,,,,,,,,,,,,,,,,,,,,,,,,,,,,,,,,,,,,,,,,,,,,,,,,,,,,,,,,,,,,,,,,,,,,,,,,,,,,,,,,,,,,,,,,,,,,,,,,,,,,,,,,,0.0,4088,81
2026-27,football,Southern Athletic Association (SAA),saa,Millsaps,"Finley,Laquarrious",Laquarrious,Finley,,426,"Finley,Laquarrious","FINLEY,LAQUARRIOUS",Millsaps,MC,1282-3223,2,1,78,78,0,OL,0,0,,,,,,,,,,,,,,,,,,,,,,,,,,,,,,,,,,,,,,,,,,,,,,,,,,,,,,,,,,,,,,,,,,,,,,,,,,,,,,,,,,,,,,,,,,,,,,,,,,,,,,,,,,,,,,,,,,,,,,,,,,,,,,,,0.0,4104,81
2026-27,football,Southern Athletic Association (SAA),saa,Sewanee,"Forde,AJ",AJ,Forde,,652,"Forde,AJ","FORDE,AJ",Sewanee,SEW,1321-3720,1,0,71,71,0,0,DL,0,,,,,,,,,,,,,,,,,,,,,,,,,,,,,,,,,,,,,,,,,,,,,,,,,,,,,,,,,,,,,,,,,,,,,,,,,,,,,,,,,,,,,,,,,,,,,,,,,,,,,,,,,,,,,,,,,,,,,,,,,,,,,,,,0.0,4137,81
2026-27,football,Southern Athletic Association (SAA),saa,Trinity,"Fosbenner,Christian",Christian,Fosbenner,,715,"Fosbenner,Christian","FOSBENNER,CHRISTIAN",Trinity,TU,0,3,0,48,48,0,TE,0,0,,,,,,,,,,,,,,,,,,,,,,,,,,,,,,,,,,,,,,,,,,,,,,,,,,,,,,,,,,,,,,,,,,,,,,,,,,,,,,,,,,,,,,,,,,,,,,,,,,,,,,,,,,,,,,,,,,,,,,,,,,,,,,,,0.0,4146,81
2026-27,football,Southern Athletic Association (SAA),saa,Sewanee,"Foster,Shooter",Shooter,Foster,,652,"Foster,Shooter","FOSTER,SHOOTER",Sewanee,SEW,1321-3722,1,0,97,97,0,0,LB,0,,,,,,,,,,,,,,,,,,,,,,,,,,,,,,,,,,,,,,,,,,,,,,,,,,,,,,,,,,,,,,,,,,,,,,,,,,,,,,,,,,,,,,,,,,,,,,,,,,,,,,,,,,,,,,,,,,,,,,,,,,,,,,,,0.0,4149,81
2026-27,football,Southern Athletic Association (SAA),saa,Southwestern,"Fowles,Gavin",Gavin,Fowles,,8746,"Fowles,Gavin","FOWLES,GAVIN",Southwestern,SWU,1322-3196,1,0,66,66,0,OL,0,0,,,,,,,,,,,,,,,,,,,,,,,,,,,,,,,,,,,,,,,,,,,,,,,,,,,,,,,,,,,,,,,,,,,,,,,,,,,,,,,,,,,,,,,,,,,,,,,,,,,,,,,,,,,,,,,,,,,,,,,,,,,,,,,,0.0,4155,81
2026-27,football,Southern Athletic Association (SAA),saa,Trinity,"Freburg,Patrick",Patrick,Freburg,,715,"Freburg,Patrick","FREBURG,PATRICK",Trinity,TU,0,1,0,9,9F,0,0,DB,0,,,,,,,,,,,,,,,,,,,,,,,,,,,,,,,,,,,,,,,,,,,,,,,,,,,,,,,,,,,,,,,,,,,,,,,,,,,,,,,,,,,,,,,,,,,,,,,,,,,,,,,,,,,,,,,,,,,,,,,,,,,,,,,,0.0,4171,81
2026-27,football,Southern Athletic Association (SAA),saa,Millsaps,"Gaines,Aden",Aden,Gaines,,426,"Gaines,Aden","GAINES,ADEN",Millsaps,MC,1282-2660,3,3,71,71,0,OL,0,0,,,,,,,,,,,,,,,,,,,,,,,,,,,,,,,,,,,,,,,,,,,,,,,,,,,,,,,,,,,,,,,,,,,,,,,,,,,,,,,,,,,,,,,,,,,,,,,,,,,,,,,,,,,,,,,,,,,,,,,,,,,,,,,,0.0,4207,81
2026-27,football,Southern Athletic Association (SAA),saa,Berry,"Galbraith,Sam",Sam,Galbraith,,973,"Galbraith,Sam","GALBRAITH,SAM",Berry,BERRY,838-3917,2,0,18,1Z,0,0,0,0,,,,,,,,,,,,,,,,,,,,,,,,,,,,,,,,,,,,,,,,,,,,,,,,,,,,,,,,,,,,,,,,,,,,,,,,,,,,,,,,,,,,,,,,,,,,,,,,,,,,,,,,,,,,,,,,,,,,,,,,,,,,,,,,0.0,4210,81
2026-27,football,Southern Athletic Association (SAA),saa,Trinity,"Garcia,Zachary",Zachary,Garcia,,715,"Garcia,Zachary","GARCIA,ZACHARY",Trinity,TU,0,3,0,24,24,0,RB,0,0,,,,,,,,,,,,,,,,,,,,,,,,,,,,,,,,,,,,,,,,,,,,,,,,,,,,,,,,,,,,,,,,,,,,,,,,,,,,,,,,,,,,,,,,,,,,,,,,,,,,,,,,,,,,,,,,,,,,,,,,,,,,,,,,0.0,4231,81
2026-27,football,Southern Athletic Association (SAA),saa,Centre,"Gaudy,Joe",Joe,Gaudy,,132,"Gaudy,Joe","GAUDY,JOE",Centre,CEN,1268-2859,3,1,70,70,0,OL,0,0,,,,,,,,,,,,,,,,,,,,,,,,,,,,,,,,,,,,,,,,,,,,,,,,,,,,,,,,,,,,,,,,,,,,,,,,,,,,,,,,,,,,,,,,,,,,,,,,,,,,,,,,,,,,,,,,,,,,,,,,,,,,,,,,0.0,4248,81
2026-27,football,Southern Athletic Association (SAA),saa,Berry,"Geren,Thomas",Thomas,Geren,,973,"Geren,Thomas","GEREN,THOMAS",Berry,BERRY,838-3913,1,0,15,15,0,RB,0,0,,,,,,,,,,,,,,,,,,,,,,,,,,,,,,,,,,,,,,,,,,,,,,,,,,,,,,,,,,,,,,,,,,,,,,,,,,,,,,,,,,,,,,,,,,,,,,,,,,,,,,,,,,,,,,,,,,,,,,,,,,,,,,,,0.0,4260,81
2026-27,football,Southern Athletic Association (SAA),saa,Rhodes,"Glasser,Sam",Sam,Glasser,,573,"Glasser,Sam","GLASSER,SAM",Rhodes,RHO,1390-5148,1,1,78,78,0,OL,0,0,,,,,,,,,,,,,,,,,,,,,,,,,,,,,,,,,,,,,,,,,,,,,,,,,,,,,,,,,,,,,,,,,,,,,,,,,,,,,,,,,,,,,,,,,,,,,,,,,,,,,,,,,,,,,,,,,,,,,,,,,,,,,,,,0.0,4289,80
2026-27,football,Southern Athletic Association (SAA),saa,Millsaps,"Green,KJ",KJ,Green,,426,"Green,KJ","GREEN,KJ",Millsaps,MC,1282-2902,2,2,62,62,0,OL,0,0,,,,,,,,,,,,,,,,,,,,,,,,,,,,,,,,,,,,,,,,,,,,,,,,,,,,,,,,,,,,,,,,,,,,,,,,,,,,,,,,,,,,,,,,,,,,,,,,,,,,,,,,,,,,,,,,,,,,,,,,,,,,,,,,0.0,4350,80
2026-27,football,Southern Athletic Association (SAA),saa,Sewanee,"Gunnels,Bryant",Bryant,Gunnels,,652,"Gunnels,Bryant","GUNNELS,BRYANT",Sewanee,SEW,1321-3763,1,0,91,91,0,TE,0,0,,,,,,,,,,,,,,,,,,,,,,,,,,,,,,,,,,,,,,,,,,,,,,,,,,,,,,,,,,,,,,,,,,,,,,,,,,,,,,,,,,,,,,,,,,,,,,,,,,,,,,,,,,,,,,,,,,,,,,,,,,,,,,,,0.0,4378,80
2026-27,football,Southern Athletic Association (SAA),saa,Southwestern,"Gutierrez,Yoel",Yoel,Gutierrez,,8746,"Gutierrez,Yoel","GUTIERREZ,YOEL",Southwestern,SWU,1322-2801,1,0,7,07,0,0,DB,0,,,,,,,,,,,,,,,,,,,,,,,,,,,,,,,,,,,,,,,,,,,,,,,,,,,,,,,,,,,,,,,,,,,,,,,,,,,,,,,,,,,,,,,,,,,,,,,,,,,,,,,,,,,,,,,,,,,,,,,,,,,,,,,,0.0,4380,80
2026-27,football,Southern Athletic Association (SAA),saa,Maryville College,"Hamilton,Taeshaune",Taeshaune,Hamilton,,396,"Hamilton,Taeshaune","HAMILTON,TAESHAUNE",Maryville College,MAR,1027-2660,1,0,37,37,0,RB,0,0,,,,,,,,,,,,,,,,,,,,,,,,,,,,,,,,,,,,,,,,,,,,,,,,,,,,,,,,,,,,,,,,,,,,,,,,,,,,,,,,,,,,,,,,,,,,,,,,,,,,,,,,,,,,,,,,,,,,,,,,,,,,,,,,0.0,4406,80
2026-27,football,Southern Athletic Association (SAA),saa,Trinity,"Hanson,Joshua",Joshua,Hanson,,715,"Hanson,Joshua","HANSON,JOSHUA",Trinity,TU,0,1,0,32,3H,0,0,DB,0,,,,,,,,,,,,,,,,,,,,,,,,,,,,,,,,,,,,,,,,,,,,,,,,,,,,,,,,,,,,,,,,,,,,,,,,,,,,,,,,,,,,,,,,,,,,,,,,,,,,,,,,,,,,,,,,,,,,,,,,,,,,,,,,0.0,4420,80
2026-27,football,Southern Athletic Association (SAA),saa,Trinity,"Herndon,Steele",Steele,Herndon,,715,"Herndon,Steele","HERNDON,STEELE",Trinity,TU,0,1,0,99,99,0,0,DL,0,,,,,,,,,,,,,,,,,,,,,,,,,,,,,,,,,,,,,,,,,,,,,,,,,,,,,,,,,,,,,,,,,,,,,,,,,,,,,,,,,,,,,,,,,,,,,,,,,,,,,,,,,,,,,,,,,,,,,,,,,,,,,,,,0.0,4528,80
2026-27,football,Southern Athletic Association (SAA),saa,Trinity,"Herrera,Cruz",Cruz,Herrera,,715,"Herrera,Cruz","HERRERA,CRUZ",Trinity,TU,0,1,0,19,19,0,WR,0,0,,,,,,,,,,,,,,,,,,,,,,,,,,,,,,,,,,,,,,,,,,,,,,,,,,,,,,,,,,,,,,,,,,,,,,,,,,,,,,,,,,,,,,,,,,,,,,,,,,,,,,,,,,,,,,,,,,,,,,,,,,,,,,,,0.0,4532,80
2026-27,football,Southern Athletic Association (SAA),saa,Trinity,"Holley,Brayden",Brayden,Holley,,715,"Holley,Brayden","HOLLEY,BRAYDEN",Trinity,TU,0,2,0,61,61,0,OL,0,0,,,,,,,,,,,,,,,,,,,,,,,,,,,,,,,,,,,,,,,,,,,,,,,,,,,,,,,,,,,,,,,,,,,,,,,,,,,,,,,,,,,,,,,,,,,,,,,,,,,,,,,,,,,,,,,,,,,,,,,,,,,,,,,,0.0,4568,80
2026-27,football,Southern Athletic Association (SAA),saa,Centre,"Huber,Drew",Drew,Huber,,132,"Huber,Drew","HUBER,DREW",Centre,CEN,1268-3569,3,3,74,74,0,OL,0,0,,,,,,,,,,,,,,,,,,,,,,,,,,,,,,,,,,,,,,,,,,,,,,,,,,,,,,,,,,,,,,,,,,,,,,,,,,,,,,,,,,,,,,,,,,,,,,,,,,,,,,,,,,,,,,,,,,,,,,,,,,,,,,,,0.0,4598,79
2026-27,football,Southern Athletic Association (SAA),saa,Sewanee,"Hudson,Charlie",Charlie,Hudson,,652,"Hudson,Charlie","HUDSON,CHARLIE",Sewanee,SEW,1321-3731,1,0,84,84,0,WR,0,0,,,,,,,,,,,,,,,,,,,,,,,,,,,,,,,,,,,,,,,,,,,,,,,,,,,,,,,,,,,,,,,,,,,,,,,,,,,,,,,,,,,,,,,,,,,,,,,,,,,,,,,,,,,,,,,,,,,,,,,,,,,,,,,,0.0,4600,79
2026-27,football,Southern Athletic Association (SAA),saa,Trinity,"Husband,Jacob",Jacob,Husband,,715,"Husband,Jacob","HUSBAND,JACOB",Trinity,TU,0,2,2,78,78,0,OL,0,0,,,,,,,,,,,,,,,,,,,,,,,,,,,,,,,,,,,,,,,,,,,,,,,,,,,,,,,,,,,,,,,,,,,,,,,,,,,,,,,,,,,,,,,,,,,,,,,,,,,,,,,,,,,,,,,,,,,,,,,,,,,,,,,,0.0,4621,79
2026-27,football,Southern Athletic Association (SAA),saa,Southwestern,"Ihematulam,JohnPaul",JohnPaul,Ihematulam,,8746,"Ihematulam,JohnPaul","IHEMATULAM,JOHNPAUL",Southwestern,SWU,1322-2593,1,1,62,62,0,OL,0,0,,,,,,,,,,,,,,,,,,,,,,,,,,,,,,,,,,,,,,,,,,,,,,,,,,,,,,,,,,,,,,,,,,,,,,,,,,,,,,,,,,,,,,,,,,,,,,,,,,,,,,,,,,,,,,,,,,,,,,,,,,,,,,,,0.0,4635,79
2026-27,football,Southern Athletic Association (SAA),saa,Centre,"Irakiza,Nelson",Nelson,Irakiza,,132,"Irakiza,Nelson","IRAKIZA,NELSON",Centre,CEN,1268-3570,1,0,40,40,0,0,LB,0,,,,,,,,,,,,,,,,,,,,,,,,,,,,,,,,,,,,,,,,,,,,,,,,,,,,,,,,,,,,,,,,,,,,,,,,,,,,,,,,,,,,,,,,,,,,,,,,,,,,,,,,,,,,,,,,,,,,,,,,,,,,,,,,0.0,4640,79
2026-27,football,Southern Athletic Association (SAA),saa,Rhodes,Jackson Schall,Jackson,Schall,,573,Jackson Schall,"SCHALL,JACKSON",Rhodes,RHO,1390-4814,2,0,9D,9D,0,0,0,0,,,,,,,,,,,,,,,,,,,,,,,,,,,,,,,,,,,,,,,,,,,,,,,,,,,,,,,,,,,,,,,,,,,,,,,,,,,,,,,,,,,,,,,,,,,,,,,,,,,,,,,,,,,,,,,,,,,,,,,,,,,,,,,,0.0,4657,79
2026-27,football,Southern Athletic Association (SAA),saa,Southwestern,"Jackson,Hayden",Hayden,Jackson,,8746,"Jackson,Hayden","JACKSON,HAYDEN",Southwestern,SWU,1322-3203,1,0,28,28,0,0,DB,0,,,,,,,,,,,,,,,,,,,,,,,,,,,,,,,,,,,,,,,,,,,,,,,,,,,,,,,,,,,,,,,,,,,,,,,,,,,,,,,,,,,,,,,,,,,,,,,,,,,,,,,,,,,,,,,,,,,,,,,,,,,,,,,,0.0,4662,79
2026-27,football,Southern Athletic Association (SAA),saa,Maryville College,"Jared,Sam",Sam,Jared,,396,"Jared,Sam","JARED,SAM",Maryville College,MAR,1027-2456,1,0,22,9K,0,0,LB,0,,,,,,,,,,,,,,,,,,,,,,,,,,,,,,,,,,,,,,,,,,,,,,,,,,,,,,,,,,,,,,,,,,,,,,,,,,,,,,,,,,,,,,,,,,,,,,,,,,,,,,,,,,,,,,,,,,,,,,,,,,,,,,,,0.0,4687,79
2026-27,football,Southern Athletic Association (SAA),saa,Centre,"Johnson II,Deuce",Deuce,Johnson II,,132,"Johnson II,Deuce","JOHNSON II,DEUCE",Centre,CEN,1268-3351,1,0,22,2B,0,0,DB,0,,,,,,,,,,,,,,,,,,,,,,,,,,,,,,,,,,,,,,,,,,,,,,,,,,,,,,,,,,,,,,,,,,,,,,,,,,,,,,,,,,,,,,,,,,,,,,,,,,,,,,,,,,,,,,,,,,,,,,,,,,,,,,,,0.0,4730,79
2026-27,football,Southern Athletic Association (SAA),saa,Millsaps,"Johnson-Harris,Karson",Karson,Johnson-Harris,,426,"Johnson-Harris,Karson","JOHNSON-HARRIS,KARSON",Millsaps,MC,1282-2897,1,0,51,51,0,0,DL,0,,,,,,,,,,,,,,,,,,,,,,,,,,,,,,,,,,,,,,,,,,,,,,,,,,,,,,,,,,,,,,,,,,,,,,,,,,,,,,,,,,,,,,,,,,,,,,,,,,,,,,,,,,,,,,,,,,,,,,,,,,,,,,,,0.0,4771,79
2026-27,football,Southern Athletic Association (SAA),saa,Trinity,"Joseph V,Ensley",Ensley,Joseph V,,715,"Joseph V,Ensley","JOSEPH V,ENSLEY",Trinity,TU,0,3,2,58,58,0,OL,0,0,,,,,,,,,,,,,,,,,,,,,,,,,,,,,,,,,,,,,,,,,,,,,,,,,,,,,,,,,,,,,,,,,,,,,,,,,,,,,,,,,,,,,,,,,,,,,,,,,,,,,,,,,,,,,,,,,,,,,,,,,,,,,,,,0.0,4798,79
2026-27,football,Southern Athletic Association (SAA),saa,Trinity,"Kahn,Jonathan",Jonathan,Kahn,,715,"Kahn,Jonathan","KAHN,JONATHAN",Trinity,TU,1323-2902,1,0,18,1K,0,0,0,0,,,,,,,,,,,,,,,,,,,,,,,,,,,,,,,,,,,,,,,,,,,,,,,,,,,,,,,,,,,,,,,,,,,,,,,,,,,,,,,,,,,,,,,,,,,,,,,,,,,,,,,,,,,,,,,,,,,,,,,,,,,,,,,,0.0,4818,79
2026-27,football,Southern Athletic Association (SAA),saa,Centre,"Kerwin,Brooks",Brooks,Kerwin,,132,"Kerwin,Brooks","KERWIN,BROOKS",Centre,CEN,1268-3573,3,3,59,59,0,OL,0,0,,,,,,,,,,,,,,,,,,,,,,,,,,,,,,,,,,,,,,,,,,,,,,,,,,,,,,,,,,,,,,,,,,,,,,,,,,,,,,,,,,,,,,,,,,,,,,,,,,,,,,,,,,,,,,,,,,,,,,,,,,,,,,,,0.0,4856,79
2026-27,football,Southern Athletic Association (SAA),saa,Centre,"Klaiber,Holden",Holden,Klaiber,,132,"Klaiber,Holden","KLAIBER,HOLDEN",Centre,CEN,1268-3576,1,0,68,68,0,OL,0,0,,,,,,,,,,,,,,,,,,,,,,,,,,,,,,,,,,,,,,,,,,,,,,,,,,,,,,,,,,,,,,,,,,,,,,,,,,,,,,,,,,,,,,,,,,,,,,,,,,,,,,,,,,,,,,,,,,,,,,,,,,,,,,,,0.0,4885,78
2026-27,football,Southern Athletic Association (SAA),saa,Sewanee,"Kranik,Aidan",Aidan,Kranik,,652,"Kranik,Aidan","KRANIK,AIDAN",Sewanee,SEW,1321-3733,1,1,58,58,0,OL,0,0,,,,,,,,,,,,,,,,,,,,,,,,,,,,,,,,,,,,,,,,,,,,,,,,,,,,,,,,,,,,,,,,,,,,,,,,,,,,,,,,,,,,,,,,,,,,,,,,,,,,,,,,,,,,,,,,,,,,,,,,,,,,,,,,0.0,4921,78
2026-27,football,Southern Athletic Association (SAA),saa,Maryville College,"Lacour,Beckett",Beckett,Lacour,,396,"Lacour,Beckett","LACOUR,BECKETT",Maryville College,MAR,1027-2673,1,0,50,50,0,RB,0,0,,,,,,,,,,,,,,,,,,,,,,,,,,,,,,,,,,,,,,,,,,,,,,,,,,,,,,,,,,,,,,,,,,,,,,,,,,,,,,,,,,,,,,,,,,,,,,,,,,,,,,,,,,,,,,,,,,,,,,,,,,,,,,,,0.0,4952,78
2026-27,football,Southern Athletic Association (SAA),saa,Maryville College,"Lay,Josh",Josh,Lay,,396,"Lay,Josh","LAY,JOSH",Maryville College,MAR,1027-2171,4,3,56,76,0,OL,0,0,,,,,,,,,,,,,,,,,,,,,,,,,,,,,,,,,,,,,,,,,,,,,,,,,,,,,,,,,,,,,,,,,,,,,,,,,,,,,,,,,,,,,,,,,,,,,,,,,,,,,,,,,,,,,,,,,,,,,,,,,,,,,,,,0.0,4988,78
2026-27,football,Southern Athletic Association (SAA),saa,Centre,"Lay,Ryan",Ryan,Lay,,132,"Lay,Ryan","LAY,RYAN",Centre,CEN,1268-3356,3,3,76,76,0,OL,0,0,,,,,,,,,,,,,,,,,,,,,,,,,,,,,,,,,,,,,,,,,,,,,,,,,,,,,,,,,,,,,,,,,,,,,,,,,,,,,,,,,,,,,,,,,,,,,,,,,,,,,,,,,,,,,,,,,,,,,,,,,,,,,,,,0.0,4989,78
2026-27,football,Southern Athletic Association (SAA),saa,Sewanee,"Locklear,Joshua",Joshua,Locklear,,652,"Locklear,Joshua","LOCKLEAR,JOSHUA",Sewanee,SEW,1321-3583,2,1,55,55,0,OL,0,0,,,,,,,,,,,,,,,,,,,,,,,,,,,,,,,,,,,,,,,,,,,,,,,,,,,,,,,,,,,,,,,,,,,,,,,,,,,,,,,,,,,,,,,,,,,,,,,,,,,,,,,,,,,,,,,,,,,,,,,,,,,,,,,,0.0,5060,78
2026-27,football,Southern Athletic Association (SAA),saa,Sewanee,"Long,Caden",Caden,Long,,652,"Long,Caden","LONG,CADEN",Sewanee,SEW,1321-3735,1,0,17,7B,0,QB,0,0,,,,,,,,,,,,,,,,,,,,,,,,,,,,,,,,,,,,,,,,,,,,,,,,,,,,,,,,,,,,,,,,,,,,,,,,,,,,,,,,,,,,,,,,,,,,,,,,,,,,,,,,,,,,,,,,,,,,,,,,,,,,,,,,0.0,5070,78
2026-27,football,Southern Athletic Association (SAA),saa,Trinity,"Lujan,Jayden",Jayden,Lujan,,715,"Lujan,Jayden","LUJAN,JAYDEN",Trinity,TU,0,1,0,49,4X,0,TE,0,0,,,,,,,,,,,,,,,,,,,,,,,,,,,,,,,,,,,,,,,,,,,,,,,,,,,,,,,,,,,,,,,,,,,,,,,,,,,,,,,,,,,,,,,,,,,,,,,,,,,,,,,,,,,,,,,,,,,,,,,,,,,,,,,,0.0,5100,78
2026-27,football,Southern Athletic Association (SAA),saa,Southwestern,"Lyons,Case",Case,Lyons,,8746,"Lyons,Case","LYONS,CASE",Southwestern,SWU,1322-3205,1,1,55,55,0,OL,0,0,,,,,,,,,,,,,,,,,,,,,,,,,,,,,,,,,,,,,,,,,,,,,,,,,,,,,,,,,,,,,,,,,,,,,,,,,,,,,,,,,,,,,,,,,,,,,,,,,,,,,,,,,,,,,,,,,,,,,,,,,,,,,,,,0.0,5110,78
2026-27,football,Southern Athletic Association (SAA),saa,Centre,"Lyons,Gabe",Gabe,Lyons,,132,"Lyons,Gabe","LYONS,GABE",Centre,CEN,1268-3358,1,0,78,78,0,OL,0,0,,,,,,,,,,,,,,,,,,,,,,,,,,,,,,,,,,,,,,,,,,,,,,,,,,,,,,,,,,,,,,,,,,,,,,,,,,,,,,,,,,,,,,,,,,,,,,,,,,,,,,,,,,,,,,,,,,,,,,,,,,,,,,,,0.0,5112,78
2026-27,football,Southern Athletic Association (SAA),saa,Millsaps,"Maguire,Gunnar",Gunnar,Maguire,,426,"Maguire,Gunnar","MAGUIRE,GUNNAR",Millsaps,MC,1282-2544,2,0,98,98,0,0,DL,0,,,,,,,,,,,,,,,,,,,,,,,,,,,,,,,,,,,,,,,,,,,,,,,,,,,,,,,,,,,,,,,,,,,,,,,,,,,,,,,,,,,,,,,,,,,,,,,,,,,,,,,,,,,,,,,,,,,,,,,,,,,,,,,,0.0,5126,78
2026-27,football,Southern Athletic Association (SAA),saa,Centre,"Mahan,Cam",Cam,Mahan,,132,"Mahan,Cam","MAHAN,CAM",Centre,CEN,1268-3143,1,0,29,29,0,0,DE,0,,,,,,,,,,,,,,,,,,,,,,,,,,,,,,,,,,,,,,,,,,,,,,,,,,,,,,,,,,,,,,,,,,,,,,,,,,,,,,,,,,,,,,,,,,,,,,,,,,,,,,,,,,,,,,,,,,,,,,,,,,,,,,,,0.0,5127,78
2026-27,football,Southern Athletic Association (SAA),saa,Southwestern,"Mansour,Cole",Cole,Mansour,,8746,"Mansour,Cole","MANSOUR,COLE",Southwestern,SWU,1322-3048,3,0,56,56,0,0,0,0,,,,,,,,,,,,,,,,,,,,,,,,,,,,,,,,,,,,,,,,,,,,,,,,,,,,,,,,,,,,,,,,,,,,,,,,,,,,,,,,,,,,,,,,,,,,,,,,,,,,,,,,,,,,,,,,,,,,,,,,,,,,,,,,0.0,5151,78
2026-27,football,Southern Athletic Association (SAA),saa,Berry,Marcus Head,Marcus,Head,,973,Marcus Head,"HEAD,MARCUS",Berry,BERRY,838-3112,3,3,57,57,0,C,0,0,,,,,,,,,,,,,,,,,,,,,,,,,,,,,,,,,,,,,,,,,,,,,,,,,,,,,,,,,,,,,,,,,,,,,,,,,,,,,,,,,,,,,,,,,,,,,,,,,,,,,,,,,,,,,,,,,,,,,,,,,,,,,,,,0.0,5153,78
2026-27,football,Southern Athletic Association (SAA),saa,Trinity,"Martin,Khale",Khale,Martin,,715,"Martin,Khale","MARTIN,KHALE",Trinity,TU,0,2,0,52,5M,0,OL,0,0,,,,,,,,,,,,,,,,,,,,,,,,,,,,,,,,,,,,,,,,,,,,,,,,,,,,,,,,,,,,,,,,,,,,,,,,,,,,,,,,,,,,,,,,,,,,,,,,,,,,,,,,,,,,,,,,,,,,,,,,,,,,,,,,0.0,5165,77
2026-27,football,Southern Athletic Association (SAA),saa,Southwestern,"Martin,Luke",Luke,Martin,,8746,"Martin,Luke","MARTIN,LUKE",Southwestern,SWU,1322-2601,2,0,12,12,0,WR,0,0,,,,,,,,,,,,,,,,,,,,,,,,,,,,,,,,,,,,,,,,,,,,,,,,,,,,,,,,,,,,,,,,,,,,,,,,,,,,,,,,,,,,,,,,,,,,,,,,,,,,,,,,,,,,,,,,,,,,,,,,,,,,,,,,0.0,5167,77
2026-27,football,Southern Athletic Association (SAA),saa,Berry,Matthew Franatovich,Matthew,Franatovich,,973,Matthew Franatovich,"FRANATOVICH,MATTHEW",Berry,BERRY,838-3911,1,0,10,10,0,0,0,0,,,,,,,,,,,,,,,,,,,,,,,,,,,,,,,,,,,,,,,,,,,,,,,,,,,,,,,,,,,,,,,,,,,,,,,,,,,,,,,,,,,,,,,,,,,,,,,,,,,,,,,,,,,,,,,,,,,,,,,,,,,,,,,,0.0,5201,77
2026-27,football,Southern Athletic Association (SAA),saa,Centre,"McClure,Paul",Paul,McClure,,132,"McClure,Paul","MCCLURE,PAUL",Centre,CEN,1268-3360,2,2,57,57,0,OL,0,0,,,,,,,,,,,,,,,,,,,,,,,,,,,,,,,,,,,,,,,,,,,,,,,,,,,,,,,,,,,,,,,,,,,,,,,,,,,,,,,,,,,,,,,,,,,,,,,,,,,,,,,,,,,,,,,,,,,,,,,,,,,,,,,,0.0,5236,77
2026-27,football,Southern Athletic Association (SAA),saa,Berry,McCormack Langford,McCormack,Langford,,973,McCormack Langford,"LANGFORD,MCCORMACK",Berry,BERRY,838-3120,3,3,62,62,0,OG,0,0,,,,,,,,,,,,,,,,,,,,,,,,,,,,,,,,,,,,,,,,,,,,,,,,,,,,,,,,,,,,,,,,,,,,,,,,,,,,,,,,,,,,,,,,,,,,,,,,,,,,,,,,,,,,,,,,,,,,,,,,,,,,,,,,0.0,5238,77
2026-27,football,Southern Athletic Association (SAA),saa,Rhodes,"McDonald,Drew",Drew,McDonald,,573,"McDonald,Drew","MCDONALD,DREW",Rhodes,RHO,1390-5136,3,0,35,35,0,0,0,0,,,,,,,,,,,,,,,,,,,,,,,,,,,,,,,,,,,,,,,,,,,,,,,,,,,,,,,,,,,,,,,,,,,,,,,,,,,,,,,,,,,,,,,,,,,,,,,,,,,,,,,,,,,,,,,,,,,,,,6.0,364.0,0.0,3.0,60.7,,,,,,0.0,5247,77
2026-27,football,Southern Athletic Association (SAA),saa,Maryville College,"McGlamery,Logan",Logan,McGlamery,,396,"McGlamery,Logan","MCGLAMERY,LOGAN",Maryville College,MAR,1027-2806,3,3,52,68,0,OL,0,0,,,,,,,,,,,,,,,,,,,,,,,,,,,,,,,,,,,,,,,,,,,,,,,,,,,,,,,,,,,,,,,,,,,,,,,,,,,,,,,,,,,,,,,,,,,,,,,,,,,,,,,,,,,,,,,,,,,,,,,,,,,,,,,,0.0,5258,77
2026-27,football,Southern Athletic Association (SAA),saa,Trinity,"McIninch,Landon",Landon,McIninch,,715,"McIninch,Landon","MCININCH,LANDON",Trinity,TU,0,3,3,71,71,0,OL,0,0,,,,,,,,,,,,,,,,,,,,,,,,,,,,,,,,,,,,,,,,,,,,,,,,,,,,,,,,,,,,,,,,,,,,,,,,,,,,,,,,,,,,,,,,,,,,,,,,,,,,,,,,,,,,,,,,,,,,,,,,,,,,,,,,0.0,5267,77
2026-27,football,Southern Athletic Association (SAA),saa,Millsaps,"Mcgaughy,Donavon",Donavon,Mcgaughy,,426,"Mcgaughy,Donavon","MCGAUGHY,DONAVON",Millsaps,MC,1282-3128,1,0,59,59,0,0,LB,0,,,,,,,,,,,,,,,,,,,,,,,,,,,,,,,,,,,,,,,,,,,,,,,,,,,,,,,,,,,,,,,,,,,,,,,,,,,,,,,,,,,,,,,,,,,,,,,,,,,,,,,,,,,,,,,,,,,,,,,,,,,,,,,,0.0,5286,77
2026-27,football,Southern Athletic Association (SAA),saa,Sewanee,"Miller,Nathan",Nathan,Miller,,652,"Miller,Nathan","MILLER,NATHAN",Sewanee,SEW,1321-3322,3,0,5,5L,0,0,0,0,,,,,,,,,,,,,,,,,,,,,,,,,,,,,,,,,,,,,,,,,,,,,,,,,,,,,,,,,,,,,,,,,,,,,,,,,,,,,,,,,,,,,,,,,,,,,,,,,,,,,,,,,,,,,,,,,,,,,,,,,,,,,,,,0.0,5333,77
2026-27,football,Southern Athletic Association (SAA),saa,Rhodes,"Molina,Isaiah",Isaiah,Molina,,573,"Molina,Isaiah","MOLINA,ISAIAH",Rhodes,RHO,1390-5001,2,2,77,77,0,OL,0,0,,,,,,,,,,,,,,,,,,,,,,,,,,,,,,,,,,,,,,,,,,,,,,,,,,,,,,,,,,,,,,,,,,,,,,,,,,,,,,,,,,,,,,,,,,,,,,,,,,,,,,,,,,,,,,,,,,,,,,,,,,,,,,,,0.0,5368,77
2026-27,football,Southern Athletic Association (SAA),saa,Southwestern,"Moomaw,Connor",Connor,Moomaw,,8746,"Moomaw,Connor","MOOMAW,CONNOR",Southwestern,SWU,1322-2813,2,2,78,78,0,OL,0,0,,,,,,,,,,,,,,,,,,,,,,,,,,,,,,,,,,,,,,,,,,,,,,,,,,,,,,,,,,,,,,,,,,,,,,,,,,,,,,,,,,,,,,,,,,,,,,,,,,,,,,,,,,,,,,,,,,,,,,,,,,,,,,,,0.0,5386,77
2026-27,football,Southern Athletic Association (SAA),saa,Maryville College,"Moore,Colton",Colton,Moore,,396,"Moore,Colton","MOORE,COLTON",Maryville College,MAR,1027-2685,1,0,72,72,0,OL,0,0,,,,,,,,,,,,,,,,,,,,,,,,,,,,,,,,,,,,,,,,,,,,,,,,,,,,,,,,,,,,,,,,,,,,,,,,,,,,,,,,,,,,,,,,,,,,,,,,,,,,,,,,,,,,,,,,,,,,,,,,,,,,,,,,0.0,5390,77
2026-27,football,Southern Athletic Association (SAA),saa,Centre,"Murphy,Jaylen",Jaylen,Murphy,,132,"Murphy,Jaylen","MURPHY,JAYLEN",Centre,CEN,1268-3139,1,0,79,79,0,0,DL,0,,,,,,,,,,,,,,,,,,,,,,,,,,,,,,,,,,,,,,,,,,,,,,,,,,,,,,,,,,,,,,,,,,,,,,,,,,,,,,,,,,,,,,,,,,,,,,,,,,,,,,,,,,,,,,,,,,,,,,,,,,,,,,,,0.0,5450,77
2026-27,football,Southern Athletic Association (SAA),saa,Southwestern,"Olaiyamohammed,Roheem",Roheem,Olaiyamohammed,,8746,"Olaiyamohammed,Roheem","OLAIYAMOHAMMED,ROHEEM",Southwestern,SWU,1322-3212,1,0,70,70,0,OL,0,0,,,,,,,,,,,,,,,,,,,,,,,,,,,,,,,,,,,,,,,,,,,,,,,,,,,,,,,,,,,,,,,,,,,,,,,,,,,,,,,,,,,,,,,,,,,,,,,,,,,,,,,,,,,,,,,,,,,,,,,,,,,,,,,,0.0,5543,76
2026-27,football,Southern Athletic Association (SAA),saa,Centre,"Patterson,Travis",Travis,Patterson,,132,"Patterson,Travis","PATTERSON,TRAVIS",Centre,CEN,1268-2873,1,0,77,77,0,OL,0,0,,,,,,,,,,,,,,,,,,,,,,,,,,,,,,,,,,,,,,,,,,,,,,,,,,,,,,,,,,,,,,,,,,,,,,,,,,,,,,,,,,,,,,,,,,,,,,,,,,,,,,,,,,,,,,,,,,,,,,,,,,,,,,,,0.0,5610,76
2026-27,football,Southern Athletic Association (SAA),saa,Sewanee,"Phillippi,Owen",Owen,Phillippi,,652,"Phillippi,Owen","PHILLIPPI,OWEN",Sewanee,SEW,1321-3741,0,0,69,69,0,OL,0,0,,,,,,,,,,,,,,,,,,,,,,,,,,,,,,,,,,,,,,,,,,,,,,,,,,,,,,,,,,,,,,,,,,,,,,,,,,,,,,,,,,,,,,,,,,,,,,,,,,,,,,,,,,,,,,,,,,,,,,,,,,,,,,,,0.0,5657,76
2026-27,football,Southern Athletic Association (SAA),saa,Southwestern,"Pickett,Cooper",Cooper,Pickett,,8746,"Pickett,Cooper","PICKETT,COOPER",Southwestern,SWU,1322-2610,3,3,57,57,0,OL,0,0,,,,,,,,,,,,,,,,,,,,,,,,,,,,,,,,,,,,,,,,,,,,,,,,,,,,,,,,,,,,,,,,,,,,,,,,,,,,,,,,,,,,,,,,,,,,,,,,,,,,,,,,,,,,,,,,,,,,,,,,,,,,,,,,0.0,5666,76
2026-27,football,Southern Athletic Association (SAA),saa,Maryville College,"Pollock,Jake",Jake,Pollock,,396,"Pollock,Jake","POLLOCK,JAKE",Maryville College,MAR,1027-2695,4,0,40,40,0,0,0,0,,,,,,,,,,,,,,,,,,,,,,,,,,,,,,,,,,,,,,,,,,,,,,,,,,,,,,,,,,,,,,,,,,,,,,,,,,,,,,,,,,,,,,,,,,,,,,,,,,,,,,,,,,,,,,,,,,,,,,,,,,,,,,,,0.0,5692,76
2026-27,football,Southern Athletic Association (SAA),saa,Sewanee,"Powers,Mac",Mac,Powers,,652,"Powers,Mac","POWERS,MAC",Sewanee,SEW,1321-3175,2,0,22,22,0,0,DL,0,,,,,,,,,,,,,,,,,,,,,,,,,,,,,,,,,,,,,,,,,,,,,,,,,,,,,,,,,,,,,,,,,,,,,,,,,,,,,,,,,,,,,,,,,,,,,,,,,,,,,,,,,,,,,,,,,,,,,,,,,,,,,,,,0.0,5724,76
2026-27,football,Southern Athletic Association (SAA),saa,Trinity,"Pruske,Luke",Luke,Pruske,,715,"Pruske,Luke","PRUSKE,LUKE",Trinity,TU,0,3,0,49,49,0,OL,0,0,,,,,,,,,,,,,,,,,,,,,,,,,,,,,,,,,,,,,,,,,,,,,,,,,,,,,,,,,,,,,,,,,,,,,,,,,,,,,,,,,,,,,,,,,,,,,,,,,,,,,,,,,,,,,,,,,,,,,,,,,,,,,,,,0.0,5738,76
2026-27,football,Southern Athletic Association (SAA),saa,Millsaps,"Ragas,Ben",Ben,Ragas,,426,"Ragas,Ben","RAGAS,BEN",Millsaps,MC,1282-2688,3,3,69,69,0,OL,0,0,,,,,,,,,,,,,,,,,,,,,,,,,,,,,,,,,,,,,,,,,,,,,,,,,,,,,,,,,,,,,,,,,,,,,,,,,,,,,,,,,,,,,,,,,,,,,,,,,,,,,,,,,,,,,,,,,,,,,,,,,,,,,,,,0.0,5761,75
2026-27,football,Southern Athletic Association (SAA),saa,Maryville College,"Rankhorn,Zach",Zach,Rankhorn,,396,"Rankhorn,Zach","RANKHORN,ZACH",Maryville College,MAR,1027-2805,1,0,41,4Z,0,0,DB,0,,,,,,,,,,,,,,,,,,,,,,,,,,,,,,,,,,,,,,,,,,,,,,,,,,,,,,,,,,,,,,,,,,,,,,,,,,,,,,,,,,,,,,,,,,,,,,,,,,,,,,,,,,,,,,,,,,,,,,,,,,,,,,,,0.0,5780,75
2026-27,football,Southern Athletic Association (SAA),saa,Maryville College,"Riddle,Will",Will,Riddle,,396,"Riddle,Will","RIDDLE,WILL",Maryville College,MAR,1027-2702,1,0,79,7W,0,OL,0,0,,,,,,,,,,,,,,,,,,,,,,,,,,,,,,,,,,,,,,,,,,,,,,,,,,,,,,,,,,,,,,,,,,,,,,,,,,,,,,,,,,,,,,,,,,,,,,,,,,,,,,,,,,,,,,,,,,,,,,,,,,,,,,,,0.0,5840,75
2026-27,football,Southern Athletic Association (SAA),saa,Millsaps,"Roberts,Tyler",Tyler,Roberts,,426,"Roberts,Tyler","ROBERTS,TYLER",Millsaps,MC,1282-3206,1,0,33,33,0,0,LB,0,,,,,,,,,,,,,,,,,,,,,,,,,,,,,,,,,,,,,,,,,,,,,,,,,,,,,,,,,,,,,,,,,,,,,,,,,,,,,,,,,,,,,,,,,,,,,,,,,,,,,,,,,,,,,,,,,,,,,,,,,,,,,,,,0.0,5866,75
2026-27,football,Southern Athletic Association (SAA),saa,Southwestern,"Robinson,Reid",Reid,Robinson,,8746,"Robinson,Reid","ROBINSON,REID",Southwestern,SWU,1322-2617,3,3,63,63,0,OL,0,0,,,,,,,,,,,,,,,,,,,,,,,,,,,,,,,,,,,,,,,,,,,,,,,,,,,,,,,,,,,,,,,,,,,,,,,,,,,,,,,,,,,,,,,,,,,,,,,,,,,,,,,,,,,,,,,,,,,,,,,,,,,,,,,,0.0,5871,75
2026-27,football,Southern Athletic Association (SAA),saa,Maryville College,"Ross,Shaun",Shaun,Ross,,396,"Ross,Shaun","ROSS,SHAUN",Maryville College,MAR,1027-2498,1,0,50,9C,0,0,DL,0,,,,,,,,,,,,,,,,,,,,,,,,,,,,,,,,,,,,,,,,,,,,,,,,,,,,,,,,,,,,,,,,,,,,,,,,,,,,,,,,,,,,,,,,,,,,,,,,,,,,,,,,,,,,,,,,,,,,,,,,,,,,,,,,0.0,5907,75
2026-27,football,Southern Athletic Association (SAA),saa,Sewanee,"Shockley,Jacob",Jacob,Shockley,,652,"Shockley,Jacob","SHOCKLEY,JACOB",Sewanee,SEW,1321-3168,0,0,50,50,0,OL,0,0,,,,,,,,,,,,,,,,,,,,,,,,,,,,,,,,,,,,,,,,,,,,,,,,,,,,,,,,,,,,,,,,,,,,,,,,,,,,,,,,,,,,,,,,,,,,,,,,,,,,,,,,,,,,,,,,,,,,,,,,,,,,,,,,0.0,6053,74
2026-27,football,Southern Athletic Association (SAA),saa,Sewanee,"Shwedo,Cale",Cale,Shwedo,,652,"Shwedo,Cale","SHWEDO,CALE",Sewanee,SEW,1321-3167,2,2,72,72,0,OT,0,0,,,,,,,,,,,,,,,,,,,,,,,,,,,,,,,,,,,,,,,,,,,,,,,,,,,,,,,,,,,,,,,,,,,,,,,,,,,,,,,,,,,,,,,,,,,,,,,,,,,,,,,,,,,,,,,,,,,,,,,,,,,,,,,,0.0,6062,74
2026-27,football,Southern Athletic Association (SAA),saa,Millsaps,"Sisk,Jeb",Jeb,Sisk,,426,"Sisk,Jeb","SISK,JEB",Millsaps,MC,1282-2701,1,0,70,70,0,OL,0,0,,,,,,,,,,,,,,,,,,,,,,,,,,,,,,,,,,,,,,,,,,,,,,,,,,,,,,,,,,,,,,,,,,,,,,,,,,,,,,,,,,,,,,,,,,,,,,,,,,,,,,,,,,,,,,,,,,,,,,,,,,,,,,,,0.0,6084,74
2026-27,football,Southern Athletic Association (SAA),saa,Millsaps,"Smith,Amari",Amari,Smith,,426,"Smith,Amari","SMITH,AMARI",Millsaps,MC,1282-3178,1,0,82,8,0,WR,0,0,,,,,,,,,,,,,,,,,,,,,,,,,,,,,,,,,,,,,,,,,,,,,,,,,,,,,,,,,,,,,,,,,,,,,,,,,,,,,,,,,,,,,,,,,,,,,,,,,,,,,,,,,,,,,,,,,,,,,,,,,,,,,,,,0.0,6101,74
2026-27,football,Southern Athletic Association (SAA),saa,Trinity,"Soverall,Jaidyn",Jaidyn,Soverall,,715,"Soverall,Jaidyn","SOVERALL,JAIDYN",Trinity,TU,0,2,0,10,1S,0,0,DB,0,,,,,,,,,,,,,,,,,,,,,,,,,,,,,,,,,,,,,,,,,,,,,,,,,,,,,,,,,,,,,,,,,,,,,,,,,,,,,,,,,,,,,,,,,,,,,,,,,,,,,,,,,,,,,,,,,,,,,,,,,,,,,,,,0.0,6149,74
2026-27,football,Southern Athletic Association (SAA),saa,Trinity,"Stark,Jaxon",Jaxon,Stark,,715,"Stark,Jaxon","STARK,JAXON",Trinity,TU,0,2,0,32,32,0,TE,0,0,,,,,,,,,,,,,,,,,,,,,,,,,,,,,,,,,,,,,,,,,,,,,,,,,,,,,,,,,,,,,,,,,,,,,,,,,,,,,,,,,,,,,,,,,,,,,,,,,,,,,,,,,,,,,,,,,,,,,,,,,,,,,,,,0.0,6179,74
2026-27,football,Southern Athletic Association (SAA),saa,Centre,"Sutton,Ryse",Ryse,Sutton,,132,"Sutton,Ryse","SUTTON,RYSE",Centre,CEN,1268-3585,1,0,95,95,0,0,DL,0,,,,,,,,,,,,,,,,,,,,,,,,,,,,,,,,,,,,,,,,,,,,,,,,,,,,,,,,,,,,,,,,,,,,,,,,,,,,,,,,,,,,,,,,,,,,,,,,,,,,,,,,,,,,,,,,,,,,,,,,,,,,,,,,0.0,6253,74
2026-27,football,Southern Athletic Association (SAA),saa,Maryville College,"Swicegood,Keaton",Keaton,Swicegood,,396,"Swicegood,Keaton","SWICEGOOD,KEATON",Maryville College,MAR,1027-2709,1,0,11,1K,0,0,LB,0,,,,,,,,,,,,,,,,,,,,,,,,,,,,,,,,,,,,,,,,,,,,,,,,,,,,,,,,,,,,,,,,,,,,,,,,,,,,,,,,,,,,,,,,,,,,,,,,,,,,,,,,,,,,,,,,,,,,,,,,,,,,,,,,0.0,6258,74
2026-27,football,Southern Athletic Association (SAA),saa,Trinity,"Taylor,Aden",Aden,Taylor,,715,"Taylor,Aden","TAYLOR,ADEN",Trinity,TU,0,2,0,13,1T,0,WR,0,0,,,,,,,,,,,,,,,,,,,,,,,,,,,,,,,,,,,,,,,,,,,,,,,,,,,,,,,,,,,,,,,,,,,,,,,,,,,,,,,,,,,,,,,,,,,,,,,,,,,,,,,,,,,,,,,,,,,,,,,,,,,,,,,,0.0,6275,74
2026-27,football,Southern Athletic Association (SAA),saa,Centre,"Temple,Charlie",Charlie,Temple,,132,"Temple,Charlie","TEMPLE,CHARLIE",Centre,CEN,1268-3586,1,0,87,87,0,WR,0,0,,,,,,,,,,,,,,,,,,,,,,,,,,,,,,,,,,,,,,,,,,,,,,,,,,,,,,,,,,,,,,,,,,,,,,,,,,,,,,,,,,,,,,,,,,,,,,,,,,,,,,,,,,,,,,,,,,,,,,,,,,,,,,,,0.0,6290,74
2026-27,football,Southern Athletic Association (SAA),saa,Maryville College,"Thomas,Fischer",Fischer,Thomas,,396,"Thomas,Fischer","THOMAS,FISCHER",Maryville College,MAR,1027-2502,4,3,73,8J,0,OL,0,0,,,,,,,,,,,,,,,,,,,,,,,,,,,,,,,,,,,,,,,,,,,,,,,,,,,,,,,,,,,,,,,,,,,,,,,,,,,,,,,,,,,,,,,,,,,,,,,,,,,,,,,,,,,,,,,,,,,,,,,,,,,,,,,,0.0,6307,74
2026-27,football,Southern Athletic Association (SAA),saa,Millsaps,"Touchstone,Reagan",Reagan,Touchstone,,426,"Touchstone,Reagan","TOUCHSTONE,REAGAN",Millsaps,MC,1282-2891,2,2,64,64,0,OL,0,0,,,,,,,,,,,,,,,,,,,,,,,,,,,,,,,,,,,,,,,,,,,,,,,,,,,,,,,,,,,,,,,,,,,,,,,,,,,,,,,,,,,,,,,,,,,,,,,,,,,,,,,,,,,,,,,,,,,,,,,,,,,,,,,,0.0,6355,73
2026-27,football,Southern Athletic Association (SAA),saa,Berry,Trent McPherson,Trent,McPherson,,973,Trent McPherson,"MCPHERSON,TRENT",Berry,BERRY,838-3929,1,0,28,28,0,0,0,0,,,,,,,,,,,,,,,,,,,,,,,,,,,,,,,,,,,,,,,,,,,,,,,,,,,,,,,,,,,,,,,,,,,,,,,,,,,,,,,,,,,,,,,,,,,,,,,,,,,,,,,,,,,,,,,,,,,,,,,,,,,,,,,,0.0,6366,73
2026-27,football,Southern Athletic Association (SAA),saa,Sewanee,"Twiggs,Baylor",Baylor,Twiggs,,652,"Twiggs,Baylor","TWIGGS,BAYLOR",Sewanee,SEW,1321-3747,2,1,56,56,0,OL,0,0,,,,,,,,,,,,,,,,,,,,,,,,,,,,,,,,,,,,,,,,,,,,,,,,,,,,,,,,,,,,,,,,,,,,,,,,,,,,,,,,,,,,,,,,,,,,,,,,,,,,,,,,,,,,,,,,,,,,,,,,,,,,,,,,0.0,6391,73
2026-27,football,Southern Athletic Association (SAA),saa,Millsaps,"Varnado,Colin",Colin,Varnado,,426,"Varnado,Colin","VARNADO,COLIN",Millsaps,MC,1282-2711,1,0,58,58,0,OL,0,0,,,,,,,,,,,,,,,,,,,,,,,,,,,,,,,,,,,,,,,,,,,,,,,,,,,,,,,,,,,,,,,,,,,,,,,,,,,,,,,,,,,,,,,,,,,,,,,,,,,,,,,,,,,,,,,,,,,,,,,,,,,,,,,,0.0,6433,73
2026-27,football,Southern Athletic Association (SAA),saa,Centre,"Varney,Cayden",Cayden,Varney,,132,"Varney,Cayden","VARNEY,CAYDEN",Centre,CEN,1268-3589,1,0,30,3J,0,0,DB,0,,,,,,,,,,,,,,,,,,,,,,,,,,,,,,,,,,,,,,,,,,,,,,,,,,,,,,,,,,,,,,,,,,,,,,,,,,,,,,,,,,,,,,,,,,,,,,,,,,,,,,,,,,,,,,,,,,,,,,,,,,,,,,,,0.0,6434,73
2026-27,football,Southern Athletic Association (SAA),saa,Millsaps,"Vaughn ll,Joel",Joel,Vaughn ll,,426,"Vaughn ll,Joel","VAUGHN LL,JOEL",Millsaps,MC,1282-2713,2,0,23,23,0,RB,0,0,,,,,,,,,,,,,,,,,,,,,,,,,,,,,,,,,,,,,,,,,,,,,,,,,,,,,,,,,,,,,,,,,,,,,,,,,,,,,,,,,,,,,,,,,,,,,,,,,,,,,,,,,,,,,,,,,,,,,,,,,,,,,,,,0.0,6439,73
2026-27,football,Southern Athletic Association (SAA),saa,Centre,"Vincent,Sam",Sam,Vincent,,132,"Vincent,Sam","VINCENT,SAM",Centre,CEN,1268-3590,2,0,14,1D,0,0,DB,0,,,,,,,,,,,,,,,,,,,,,,,,,,,,,,,,,,,,,,,,,,,,,,,,,,,,,,,,,,,,,,,,,,,,,,,,,,,,,,,,,,,,,,,,,,,,,,,,,,,,,,,,,,,,,,,,,,,,,,,,,,,,,,,,0.0,6461,73
2026-27,football,Southern Athletic Association (SAA),saa,Centre,"Vocke,Drew",Drew,Vocke,,132,"Vocke,Drew","VOCKE,DREW",Centre,CEN,1268-3121,3,3,64,64,0,OL,0,0,,,,,,,,,,,,,,,,,,,,,,,,,,,,,,,,,,,,,,,,,,,,,,,,,,,,,,,,,,,,,,,,,,,,,,,,,,,,,,,,,,,,,,,,,,,,,,,,,,,,,,,,,,,,,,,,,,,,,,,,,,,,,,,,0.0,6464,73
2026-27,football,Southern Athletic Association (SAA),saa,Sewanee,"Warnock,Parker",Parker,Warnock,,652,"Warnock,Parker","WARNOCK,PARKER",Sewanee,SEW,1321-3748,1,0,54,54,0,0,LB,0,,,,,,,,,,,,,,,,,,,,,,,,,,,,,,,,,,,,,,,,,,,,,,,,,,,,,,,,,,,,,,,,,,,,,,,,,,,,,,,,,,,,,,,,,,,,,,,,,,,,,,,,,,,,,,,,,,,,,,,,,,,,,,,,0.0,6510,73
2026-27,football,Southern Athletic Association (SAA),saa,Rhodes,William Mitchell,William,Mitchell,,573,William Mitchell,"MITCHELL,WILLIAM",Rhodes,RHO,1390-5000,1,0,10,10,0,0,0,0,,,,,,,,,,,,,,,,,,,,,,,,,,,,,,,,,,,,,,,,,,,,,,,,,,,,,,,,,,,,,,,,,,,,,,,,,,,,,,,,,,,,,,,,,,,,,,,,,,,,,,,,,,,,,,,,,,,,,,,,,,,,,,,,0.0,6570,73
2026-27,football,Southern Athletic Association (SAA),saa,Sewanee,"Williams,Quinn",Quinn,Williams,,652,"Williams,Quinn","WILLIAMS,QUINN",Sewanee,SEW,1321-3594,0,0,66,66,0,OL,0,0,,,,,,,,,,,,,,,,,,,,,,,,,,,,,,,,,,,,,,,,,,,,,,,,,,,,,,,,,,,,,,,,,,,,,,,,,,,,,,,,,,,,,,,,,,,,,,,,,,,,,,,,,,,,,,,,,,,,,,,,,,,,,,,,0.0,6593,73
2026-27,football,Southern Athletic Association (SAA),saa,Berry,Wilson Reagan,Wilson,Reagan,,973,Wilson Reagan,"REAGAN,WILSON",Berry,BERRY,838-3365,3,3,71,71,0,OT,0,0,,,,,,,,,,,,,,,,,,,,,,,,,,,,,,,,,,,,,,,,,,,,,,,,,,,,,,,,,,,,,,,,,,,,,,,,,,,,,,,,,,,,,,,,,,,,,,,,,,,,,,,,,,,,,,,,,,,,,,,,,,,,,,,,0.0,6607,73
2026-27,football,Southern Athletic Association (SAA),saa,Rhodes,"Wolfe,Aiden",Aiden,Wolfe,,573,"Wolfe,Aiden","WOLFE,AIDEN",Rhodes,RHO,1390-5013,3,0,98,98,0,0,0,0,,,,,,,,,,,,,,,,,,,,,,,,,,,,,,,,,,,,,,,,,,,,,,,,,,,,,,,,,,,,,,,,,,,,,,,,,,,,,,,,,,,,,,,,,,,,,,,,,,,,,,,,,,,,,,,,,,,,,,,,,,,,,,,,0.0,6631,73
2026-27,football,Southern Athletic Association (SAA),saa,Millsaps,"Wooten,Dwight",Dwight,Wooten,,426,"Wooten,Dwight","WOOTEN,DWIGHT",Millsaps,MC,1282-2881,2,1,74,74,0,OL,0,0,,,,,,,,,,,,,,,,,,,,,,,,,,,,,,,,,,,,,,,,,,,,,,,,,,,,,,,,,,,,,,,,,,,,,,,,,,,,,,,,,,,,,,,,,,,,,,,,,,,,,,,,,,,,,,,,,,,,,,,,,,,,,,,,0.0,6646,72
2026-27,football,Southern Athletic Association (SAA),saa,Rhodes,Wyatt Miller,Wyatt,Miller,,573,Wyatt Miller,"MILLER,WYATT",Rhodes,RHO,1390-5141,1,0,38,38,0,0,0,0,,,,,,,,,,,,,,,,,,,,,,,,,,,,,,,,,,,,,,,,,,,,,,,,,,,,,,,,,,,,,,,,,,,,,,,,,,,,,,,,,,,,,,,,,,,,,,,,,,,,,,,,,,,,,,,,,,,,,,,,,,,,,,,,0.0,6655,72
2026-27,football,Southern Athletic Association (SAA),saa,Rhodes,Zachary Guin,Zachary,Guin,,573,Zachary Guin,"GUIN,ZACHARY",Rhodes,RHO,1390-4986,2,1,50,50,0,LG,0,0,,,,,,,,,,,,,,,,,,,,,,,,,,,,,,,,,,,,,,,,,,,,,,,,,,,,,,,,,,,,,,,,,,,,,,,,,,,,,,,,,,,,,,,,,,,,,,,,,,,,,,,,,,,,,,,,,,,,,,,,,,,,,,,,0.0,6680,72
2026-27,football,Southern Athletic Association (SAA),saa,Centre,"Dixon,Nik",Nik,Dixon,,132,"Dixon,Nik","DIXON,NIK",Centre,CEN,1268-2855,3,3,23,23,0,0,LB,0,,,,,,,,0.0,6.0,3.0,9.0,9.0,1.0,0.0,0.0,1.0,0.0,1.0,0.0,0.0,0.0,0.0,0.0,0.0,2.0,0.0,0.0,0.0,0.0,0.0,0.0,,,,,,,,,,,,,,,,,,,,,,,,,,,,,,,,,,,,,,,,,,,,,,,,,,,,,,,,,,,,,,,,,,,,,,,,,,,,,,,,,,,,,,,,,,,,,,,,,-0.0391043913861424,6761,72
2026-27,football,Southern Athletic Association (SAA),saa,Maryville College,"Mcalister,An'terius",An'terius,Mcalister,,396,"Mcalister,An'terius","MCALISTER,AN'TERIUS",Maryville College,MAR,1027-2494,3,0,0,1Z,0,0,DB,0,,,,,,,,0.0,3.0,0.0,3.0,3.0,0.0,0.0,0.0,0.0,0.0,0.0,0.0,0.0,0.0,0.0,2.0,0.0,0.0,0.0,0.0,0.0,0.0,0.0,2.0,,,,,,,,,,,,,,,,,,,,,,,,,,,,,,,,,,,,,,,,,,,,,,,,,,,,,,,,,,,,,,,,,,,,,,,,,,,,,,,,,,,,,,,,,,,,,,,,,-0.0594482696503502,6797,72
2026-27,football,Southern Athletic Association (SAA),saa,Centre,"Delorimier,Will",Will,Delorimier,,132,"Delorimier,Will","DELORIMIER,WILL",Centre,CEN,1268-2854,3,0,7,0G,0,0,LB,0,,,,,,,,0.0,2.0,2.0,4.0,4.0,0.0,0.0,0.0,0.0,0.0,0.0,0.0,0.0,0.0,0.0,1.0,0.0,0.0,0.0,0.0,1.0,12.0,0.0,1.0,,,,,,,,,,,,,,,,,,,,,,,,,,,,,,,,,,,,,,,,,,,,,,,,,,,,,,,,,,,,,0.0,0.0,,,,,,,,,,,,,,,,,,,,,1.0,12.0,0.0,12.0,,,,,,,,,,,-0.1092746619639502,6867,72
2026-27,football,Southern Athletic Association (SAA),saa,Centre,"Carter,Ollie",Ollie,Carter,,132,"Carter,Ollie","CARTER,OLLIE",Centre,CEN,1268-2850,3,3,28,28,0,0,DB,0,,,,,,,,0.0,4.0,7.0,11.0,11.0,0.5,0.0,0.0,0.0,1.0,0.0,0.0,0.0,0.0,0.0,0.0,0.0,0.0,0.0,0.0,0.0,0.0,0.0,0.0,,,,,,,,,,,,,,,,,,,,,,,,,,,,,,,,,,,,,,,,,,,,,,,,,,,,,,,,,,,,,,,,,,,,,,,,,,,,,,,,,,,,,,,,,,,,,,,,,-0.1177188686479964,6877,72
2026-27,football,Southern Athletic Association (SAA),saa,Millsaps,"Bizjack,Grant",Grant,Bizjack,,426,"Bizjack,Grant","BIZJACK,GRANT",Millsaps,MC,1282-2837,2,2,3,3,0,QB,0,0,,,,,,,,0.0,0.0,0.0,0.0,0.0,0.0,0.0,0.0,0.0,0.0,0.0,0.0,0.0,0.0,0.0,0.0,0.0,0.0,0.0,0.0,0.0,0.0,0.0,0.0,,,,,,,,,,,,,,,,,0.0,1.0,0.0,0.0,0.0,0.0,0.0,0.0,0.0,6.0,6.0,3.0,24.0,123.0,154.0,31.0,1.0,28.0,5.1,61.5,22.0,2.0,59.0,2.0,304.0,1.0,42.0,29.0,140.8,7.24,10.48,152.0,,,,,,,,,,,,,,,,,,,,,,,,,,,,,,,,,,,,,,,,,,,,,,,,,-0.1230041015014783,6892,72
2026-27,football,Southern Athletic Association (SAA),saa,Berry,Brayden Hardy,Brayden,Hardy,,973,Brayden Hardy,"HARDY,BRAYDEN",Berry,BERRY,838-3343,2,0,36,36,0,0,0,0,,,,,,,,,,,,,,,,,,,,,,,,,,,,,,,,,,,,,,,,,,,,,,,,,,,,,,,,,,,,14.0,81.0,89.0,8.0,0.0,40.0,5.8,40.5,,,,,,,,,,,,,,,,,,,,,,,,,,,,,,,,,,,,,,,,,,,,,,,,,,,,,,,,,,,,,-0.1284037979203639,6909,72
2026-27,football,Southern Athletic Association (SAA),saa,Maryville College,"Cheek,Adarian",Adarian,Cheek,,396,"Cheek,Adarian","CHEEK,ADARIAN",Maryville College,MAR,1027-1995,2,0,99,99,0,0,DL,0,,,,,,,,0.0,1.0,4.0,5.0,5.0,0.5,0.0,0.0,0.0,1.0,1.0,0.0,0.0,0.0,0.0,1.0,0.0,0.0,0.0,0.0,0.0,0.0,0.0,1.0,,,,,,,,,,,,,,,,,,,,,,,,,,,,,,,,,,,,,,,,,,,,,,,,,,,,,,,,,,,,,,,,,,,,,,,,,,,,,,,,,,,,,,,,,,,,,,,,,-0.1487773318968688,6949,71
2026-27,football,Southern Athletic Association (SAA),saa,Southwestern,"Forester,Houston",Houston,Forester,,8746,"Forester,Houston","FORESTER,HOUSTON",Southwestern,SWU,1322-2804,1,0,44,44,0,0,DL,0,,,,,,,,0.0,0.0,3.0,3.0,3.0,0.5,0.0,0.0,0.0,1.0,2.0,0.5,0.0,1.0,2.0,0.0,0.0,0.0,0.0,0.0,0.0,0.0,0.0,0.0,,,,,,,,,,,,,,,,,,,,,,,,,,,,,,,,,,,,,,,,,,,,,,,,,,,,,,,,,,,,,,,,,,,,,,,,,,,,,,,,,,,,,,,,,,,,,,,,,-0.1599140541261025,6967,71
2026-27,football,Southern Athletic Association (SAA),saa,Centre,"Arnold,Ethan",Ethan,Arnold,,132,"Arnold,Ethan","ARNOLD,ETHAN",Centre,CEN,1268-3330,1,0,16,1F,0,0,DB,0,,,,,,,,0.0,1.0,1.0,2.0,2.0,1.0,0.0,0.0,1.0,0.0,4.0,0.0,0.0,0.0,0.0,1.0,0.0,0.0,0.0,0.0,0.0,0.0,0.0,1.0,,,,,,,,,,,,,,,,,,,,,,,,,,,,,,,,,,,,,,,,,,,,,,,,,,,,,,,,,,,,,,,,,,,,,,,,,,,,,,,,,,,,,,,,,,,,,,,,,-0.1696638560136372,6977,71
2026-27,football,Southern Athletic Association (SAA),saa,Rhodes,"Gavin,Jamieson",Jamieson,Gavin,,573,"Gavin,Jamieson","GAVIN,JAMIESON",Rhodes,RHO,1390-5149,3,0,80,80,0,WR,0,0,,,,,,,,,,,,,,,,,,,,,,,,,,,,,,,,,,,,,,,,,,1.0,14.0,0.0,14.0,14.0,,,,,,,,,,,,,,,,,,,,,,,,,,,,,,,,,,,,,,,,,,,,,,1.0,0.0,,,,,,,,,,,6.0,107.0,0.0,22.0,17.8,,,,,,,,,,,,,,,,,,,,-0.1734892799794075,6984,71
2026-27,football,Southern Athletic Association (SAA),saa,Sewanee,"Tidwell,Benji",Benji,Tidwell,,652,"Tidwell,Benji","TIDWELL,BENJI",Sewanee,SEW,1321-3180,3,2,33,28,0,0,DB,0,,,,,,,,0.0,7.0,6.0,13.0,13.0,0.0,0.0,0.0,0.0,0.0,0.0,0.0,0.0,0.0,0.0,0.0,0.0,0.0,0.0,0.0,0.0,0.0,0.0,0.0,,,,,,,,,,,,,,,,,,,,,,,,,,,,,,,,,,,,,,,,,,,,,,,,,,,,,,,,,,,,,,,,,,,,,,,,,,,,,,,,,,,,,,,,,,,,,,,,,-0.1963333459098505,7015,71
2026-27,football,Southern Athletic Association (SAA),saa,Berry,Cameron Coleman,Cameron,Coleman,,973,Cameron Coleman,"COLEMAN,CAMERON",Berry,BERRY,838-3332,3,3,0,0,0,WR,0,0,,,,,,,,0.0,1.0,0.0,1.0,1.0,0.0,0.0,0.0,0.0,0.0,0.0,0.0,0.0,0.0,0.0,0.0,0.0,0.0,0.0,0.0,0.0,0.0,0.0,0.0,,,,,,,,,,,10.0,179.0,2.0,59.0,17.9,,0.0,2.0,0.0,0.0,0.0,0.0,0.0,0.0,0.0,12.0,12.0,4.0,2.0,9.0,9.0,0.0,0.0,7.0,4.5,3.0,,,,,,,,,,,,,,,,,,,,,,,,,1.0,1.0,,,,,,,,,,,,,,,,,,,,,,,,,,,,,,,,,,,-0.2138464274229999,7033,71
2026-27,football,Southern Athletic Association (SAA),saa,Millsaps,"Millet,Anden",Anden,Millet,,426,"Millet,Anden","MILLET,ANDEN",Millsaps,MC,1282-3214,3,0,15,1F,0,0,DB,0,,,,,,,,0.0,6.0,4.0,10.0,10.0,0.5,0.0,0.0,0.0,1.0,1.0,0.0,0.0,0.0,0.0,0.0,0.0,0.0,0.0,0.0,0.0,0.0,0.0,0.0,,,,,,,,,,,,,,,,,,,,,,,,,,,,,,,,,,,,,,,,,,,,,,,,,,,,,,,,,,,,,,,,,,,,,,,,,,,,,,,,,,,,,,,,,,,,,,,,,-0.217219870026619,7038,71
2026-27,football,Southern Athletic Association (SAA),saa,Maryville College,"Wolfenbarger,John",John,Wolfenbarger,,396,"Wolfenbarger,John","WOLFENBARGER,JOHN",Maryville College,MAR,1027-2720,2,0,9,5,0,0,DB,0,,,,,,,,0.0,2.0,8.0,10.0,10.0,0.5,0.0,0.0,0.0,1.0,1.0,0.0,0.0,0.0,0.0,0.0,0.0,0.0,0.0,0.0,0.0,0.0,0.0,0.0,,,,,,,,,,,,,,,,,,,,,,,,,,,,,,,,,,,,,,,,,,,,,,,,,,,,,,,,,,,,,,,,,,,,,,,,,,,,,,,,,,,,,,,,,,,,,,,,,-0.217219870026619,7044,71
2026-27,football,Southern Athletic Association (SAA),saa,Sewanee,"Clark,Albert",Albert,Clark,,652,"Clark,Albert","CLARK,ALBERT",Sewanee,SEW,1321-3307,2,2,8,8,0,0,DB,0,,,,,,,,0.0,4.0,3.0,7.0,7.0,0.0,0.0,0.0,0.0,0.0,0.0,0.0,0.0,0.0,0.0,1.0,0.0,0.0,0.0,0.0,0.0,0.0,0.0,1.0,,,,,,,,,,,,,,,,,,,,,,,,,,,,,,,,,,,,,,,,,,,,,,,,,,,,,,,,,,,,,,,,,,,,,,,,,,,,,,,,,,,,,,,,,,,,,,,,,-0.2273918091587228,7056,71
2026-27,football,Southern Athletic Association (SAA),saa,Maryville College,"Richardson,Zae",Zae,Richardson,,396,"Richardson,Zae","RICHARDSON,ZAE",Maryville College,MAR,1027-1649,4,3,4,4,0,WR,0,0,,,,,,,,0.0,0.0,0.0,0.0,0.0,0.0,0.0,0.0,0.0,0.0,0.0,0.0,0.0,0.0,0.0,0.0,0.0,0.0,0.0,0.0,0.0,0.0,0.0,0.0,,,,,,,,,,,9.0,124.0,1.0,26.0,13.8,,0.0,1.0,0.0,0.0,0.0,0.0,0.0,0.0,0.0,6.0,6.0,1.5,,,,,,,,,,,,,,,,,,,,,,,,,,,,,,,,,,,,,,,,,,,,,,,,,,,,,,,,,,,,,,,,,,,,,-0.243558674872819,7106,71
2026-27,football,Southern Athletic Association (SAA),saa,Berry,Silas Risper,Silas,Risper,,973,Silas Risper,"RISPER,SILAS",Berry,BERRY,838-3367,3,0,6,6,0,0,0,0,,,,,,,,,,,,,,,,,,,,,,,,,,,,,,,,,,,,,,,,,,5.0,64.0,0.0,17.0,12.8,,,,,,,,,,,,,,,,,,,,,,,,,,,,,,,,,,,,,,,,,,,,,,,,,,,,,,,,,,,,,,,,,,,,,,,,,,,,,,,,,,-0.2603636355815941,7145,71
2026-27,football,Southern Athletic Association (SAA),saa,Millsaps,"Pompa,Jacob",Jacob,Pompa,,426,"Pompa,Jacob","POMPA,JACOB",Millsaps,MC,1282-3140,2,0,26,26,0,RB,0,0,,,,,,,,,,,,,,,,,,,,,,,,,,,,,,,,,,,,,,,,,,,,,,,,,,,,,,,,,,,,,,,,,,,,,,,,,,,,,,,,,,,,,,,,,,,,,,,,,,,,,,,,1.0,14.0,0.0,14.0,14.0,,,,,,,,,,,,,,,,,,,,-0.2753970456880399,7157,71
2026-27,football,Southern Athletic Association (SAA),saa,Southwestern,"Washburn,Jacob",Jacob,Washburn,,8746,"Washburn,Jacob","WASHBURN,JACOB",Southwestern,SWU,1322-2627,1,0,85,85,0,TE,0,0,,,,,,,,,,,,,,,,,,,,,,,,,,,,,,,,,,,,,,,,,,,,,,,,,,,,,,,,,,,,,,,,,,,,,,,,,,,,,,,,,,,,,,,,,,,,,,,,,,,,,,,,1.0,11.0,0.0,11.0,11.0,,,,,,,,,,,,,,,,,,,,-0.2925173660464197,7176,71
2026-27,football,Southern Athletic Association (SAA),saa,Millsaps,"Barron,Ben",Ben,Barron,,426,"Barron,Ben","BARRON,BEN",Millsaps,MC,1282-3204,3,1,30,30,0,0,LB,0,,,,,,,,0.0,6.0,6.0,12.0,12.0,0.0,0.0,0.0,0.0,0.0,0.0,0.0,0.0,0.0,0.0,0.0,0.0,1.0,0.0,0.0,0.0,0.0,0.0,0.0,,,,,,,,,,,,,,,,,,,,,,,,,,,,,,,,,,,,,,,,,,,,,,,,,,,,,,,,,,,,,,,,,,,,,,,,,,,,,,,,,,,,,,,,,,,,,,,,,-0.295834347288473,7180,71
2026-27,football,Southern Athletic Association (SAA),saa,Trinity,"Nickerson,Jamel",Jamel,Nickerson,,715,"Nickerson,Jamel","NICKERSON,JAMEL",Trinity,TU,0,3,0,34,3N,0,RB,0,0,,,,,,,,0.0,0.0,0.0,0.0,0.0,0.0,0.0,0.0,0.0,0.0,0.0,0.0,0.0,0.0,0.0,0.0,0.0,0.0,0.0,0.0,0.0,0.0,0.0,0.0,,,,,,,,,,,,,,,,,0.0,1.0,0.0,0.0,0.0,0.0,0.0,0.0,0.0,6.0,6.0,2.0,25.0,127.0,129.0,2.0,1.0,20.0,5.1,42.3,,,,,,,,,,,,,,,,,,,,,,,,,,,,,,,,,,,,,,,,,,,,,,,,,,,,,,,,,,,,,-0.3028106478375191,7202,71
2026-27,football,Southern Athletic Association (SAA),saa,Sewanee,"Broyles,Hunter",Hunter,Broyles,,652,"Broyles,Hunter","BROYLES,HUNTER",Sewanee,SEW,1321-3713,1,0,94,94,0,0,DL,0,,,,,,,,0.0,2.0,0.0,2.0,2.0,1.0,0.0,0.0,1.0,0.0,8.0,0.0,0.0,0.0,0.0,0.0,1.0,0.0,0.0,0.0,1.0,0.0,0.0,0.0,,,,,,,,,,,,,,,,,,,,,,,,,,,,,,,,,,,,,,,,,,,,,,,,,,,,,,,,,,,,,0.0,0.0,,,,,,,,,,,,,,,,,,,,,,,,,,,,,,,,,,,-0.3189912497058598,7228,70
2026-27,football,Southern Athletic Association (SAA),saa,Centre,"Trimble,Mason",Mason,Trimble,,132,"Trimble,Mason","TRIMBLE,MASON",Centre,CEN,1268-3588,2,1,7,7,0,QB,0,0,,,,,,,,0.0,0.0,0.0,0.0,0.0,0.0,0.0,0.0,0.0,0.0,0.0,0.0,0.0,0.0,0.0,0.0,0.0,0.0,0.0,0.0,0.0,0.0,0.0,0.0,,,,,,,,,,,,,,,,,0.0,1.0,0.0,0.0,0.0,0.0,0.0,0.0,0.0,6.0,6.0,3.0,12.0,77.0,83.0,6.0,1.0,20.0,6.4,38.5,6.0,1.0,24.0,1.0,374.0,0.0,54.0,41.0,140.2,6.93,9.12,187.0,,,,,,,,,,,,,,,,,,,,,,,,,,,,,,,,,,,,,,,,,,,,,,,,,-0.3251660965671803,7234,70
2026-27,football,Southern Athletic Association (SAA),saa,Berry,Brandon Davis,Brandon,Davis,,973,Brandon Davis,"DAVIS,BRANDON",Berry,BERRY,838-3333,3,1,02,02,0,0,0,0,,,,,,,,0.0,5.0,1.0,6.0,6.0,0.0,0.0,0.0,0.0,0.0,0.0,0.0,0.0,0.0,0.0,1.0,1.0,0.0,0.0,0.0,0.0,0.0,0.0,1.0,,,,,,,,,,,,,,,,,,,,,,,,,,,,,,,,,,,,,,,,,,,,,,,,,,,,,,,,,,,,,,,,,,,,,,,,,,,,,,,,,,,,,,,,,,,,,,,,,-0.3268928105373453,7237,70
2026-27,football,Southern Athletic Association (SAA),saa,Millsaps,"Dare,Davis",Davis,Dare,,426,"Dare,Davis","DARE,DAVIS",Millsaps,MC,1282-2654,3,0,2,2,0,WR,0,0,,,,,,,,,,,,,,,,,,,,,,,,,,,,,,,,,,,,,,,,,,9.0,102.0,0.0,24.0,11.3,,,,,,,,,,,,,,1.0,3.0,3.0,0.0,0.0,3.0,3.0,1.0,,,,,,,,,,,,,,,,,,,,,,,,,,,,,,,,,,,,,1.0,26.0,0.0,26.0,26.0,,,,,,,,,,,,,,,9.0,106.0,0.0,49.0,11.8,-0.3336179482661431,7269,70
2026-27,football,Southern Athletic Association (SAA),saa,Maryville College,"Nelson,Nate",Nate,Nelson,,396,"Nelson,Nate","NELSON,NATE",Maryville College,MAR,1027-2180,4,3,57,93,0,0,DL,0,,,,,,,,0.0,2.0,1.0,3.0,3.0,1.5,0.0,0.0,1.0,1.0,3.0,0.0,0.0,0.0,0.0,0.0,0.0,0.0,0.0,0.0,0.0,0.0,0.0,0.0,,,,,,,,,,,,,,,,,,,,,,,,,,,,,,,,,,,,,,,,,,,,,,,,,,,,,,,,,,,,,,,,,,,,,,,,,,,,,,,,,,,,,,,,,,,,,,,,,-0.3584939196387784,7337,70
2026-27,football,Southern Athletic Association (SAA),saa,Trinity,"Dominguez,Marcel",Marcel,Dominguez,,715,"Dominguez,Marcel","DOMINGUEZ,MARCEL",Trinity,TU,0,3,0,42,42,0,0,DL,0,,,,,,,,0.0,0.0,1.0,1.0,1.0,0.5,0.0,0.0,0.0,1.0,3.0,0.5,0.0,1.0,3.0,0.0,0.0,2.0,0.0,0.0,0.0,0.0,0.0,0.0,,,,,,,,,,,,,,,,,,,,,,,,,,,,,,,,,,,,,,,,,,,,,,,,,,,,,,,,,,,,,,,,,,,,,,,,,,,,,,,,,,,,,,,,,,,,,,,,,-0.3589160568833475,7344,70
2026-27,football,Southern Athletic Association (SAA),saa,Trinity,"Martin,John Michael",John Michael,Martin,,715,"Martin,John Michael","MARTIN,JOHN MICHAEL",Trinity,TU,0,3,0,44,44,0,0,DL,0,,,,,,,,0.0,0.0,1.0,1.0,1.0,0.5,0.0,0.0,0.0,1.0,4.0,0.5,0.0,1.0,4.0,0.0,0.0,1.0,0.0,0.0,0.0,0.0,0.0,0.0,,,,,,,,,,,,,,,,,,,,,,,,,,,,,,,,,,,,,,,,,,,,,,,,,,,,,,,,,,,,,,,,,,,,,,,,,,,,,,,,,,,,,,,,,,,,,,,,,-0.3589160568833475,7347,70
2026-27,football,Southern Athletic Association (SAA),saa,Centre,"Russell,Kaiden",Kaiden,Russell,,132,"Russell,Kaiden","RUSSELL,KAIDEN",Centre,CEN,1268-3362,3,3,99,9I,0,0,DL,0,,,,,,,,0.0,3.0,2.0,5.0,5.0,0.0,0.0,0.0,0.0,0.0,0.0,0.0,0.0,0.0,0.0,1.0,0.0,1.0,0.0,0.0,0.0,0.0,0.0,1.0,,,,,,,,,,,,,,,,,,,,,,,,,,,,,,,,,,,,,,,,,,,,,,,,,,,,,,,,,,,,,,,,,,,,,,,,,,,,,,,,,,,,,,,,,,,,,,,,,-0.4263938119159678,7449,70
2026-27,football,Southern Athletic Association (SAA),saa,Millsaps,"Elliott,Willie",Willie,Elliott,,426,"Elliott,Willie","ELLIOTT,WILLIE",Millsaps,MC,1282-2526,3,3,14,14,0,WR,0,0,,,,,,,,,,,,,,,,,,,,,,,,,,,,,,,,,,,,,,,,,,4.0,45.0,0.0,26.0,11.3,,,,,,,,,,,,,,,,,,,,,,,,,,,,,,,,,,,,,,,,,,,,,,,,,,,,,,,,,,,,,,,,,,,,,,,,,,,,,,,,,,-0.4826935344186658,7545,69
2026-27,football,Southern Athletic Association (SAA),saa,Trinity,"Hancock,Tyson",Tyson,Hancock,,715,"Hancock,Tyson","HANCOCK,TYSON",Trinity,TU,0,2,2,6,6,0,WR,0,0,,,,,,,,0.0,1.0,0.0,1.0,1.0,0.0,0.0,0.0,0.0,0.0,0.0,0.0,0.0,0.0,0.0,0.0,0.0,0.0,0.0,0.0,0.0,0.0,0.0,0.0,,,,,,,,,,,6.0,94.0,1.0,35.0,15.7,,0.0,1.0,0.0,0.0,0.0,0.0,0.0,0.0,0.0,6.0,6.0,3.0,,,,,,,,,,,,,,,,,,,,,,,,,,,,,,,,,,,,,,,,,,,,,,,,,,,,,,,,,,,,,,,,,,,,,-0.49510488218431,7579,69
2026-27,football,Southern Athletic Association (SAA),saa,Centre,"Carson,Jake",Jake,Carson,,132,"Carson,Jake","CARSON,JAKE",Centre,CEN,1268-2849,3,1,13,13,0,QB,0,0,,,,,,,,,,,,,,,,,,,,,,,,,,,,,,,,,,,,,,,,,,,,,,,,,,,,,,,,,,,,,,,,,,,,0.0,0.0,38.0,1.0,67.0,0.0,13.0,8.0,130.2,5.15,8.38,22.3,,,,,,,,,,,,,,,,,,,,,,,,,,,,,,,,,,,,,,,,,,,,,,,,,-0.4987559128066541,7584,69
2026-27,football,Southern Athletic Association (SAA),saa,Millsaps,"Kyer,Markell",Markell,Kyer,,426,"Kyer,Markell","KYER,MARKELL",Millsaps,MC,1282-2921,3,0,8,8D,0,0,DB,0,,,,,,,,0.0,3.0,4.0,7.0,7.0,0.5,0.0,0.0,0.0,1.0,0.0,0.0,0.0,0.0,0.0,0.0,0.0,0.0,0.0,0.0,0.0,0.0,0.0,0.0,,,,,,,,,,,,,,,,,,,,,,,,,,,,,,,,,,,,,,,,,,,,,,,,,,,,,,,,,,,,,,,,,,,,,,,,,,,,,,,,,,,,,,,,,,,,,,,,,-0.5157228741624865,7609,69
2026-27,football,Southern Athletic Association (SAA),saa,Trinity,"Gray,Tobias",Tobias,Gray,,715,"Gray,Tobias","GRAY,TOBIAS",Trinity,TU,0,2,0,17,1G,0,0,DB,0,,,,,,,,0.0,2.0,2.0,4.0,4.0,0.0,0.0,0.0,0.0,0.0,0.0,0.0,0.0,0.0,0.0,1.0,0.0,0.0,0.0,0.0,0.0,0.0,0.0,1.0,,,,,,,,,,,,,,,,,,,,,,,,,,,,,,,,,,,,,,,,,,,,,,,,,,,,,,,,,,,,,,,,,,,,,,,,,,,,,,,,,,,,,,,,,,,,,,,,,-0.5258948132945904,7628,69
2026-27,football,Southern Athletic Association (SAA),saa,Berry,Ben Brookshire,Ben,Brookshire,,973,Ben Brookshire,"BROOKSHIRE,BEN",Berry,BERRY,838-3104,3,3,N2,N2,0,0,DL,0,,,,,,,,0.0,1.0,3.0,4.0,4.0,1.0,0.0,0.0,0.0,2.0,2.0,0.0,0.0,0.0,0.0,0.0,0.0,0.0,0.0,0.0,0.0,0.0,0.0,0.0,,,,,,,,,,,,,,,,,,,,,,,,,,,,,,,,,,,,,,,,,,,,,,,,,,,,,,,,,,,,,,,,,,,,,,,,,,,,,,,,,,,,,,,,,,,,,,,,,-0.536609398279255,7666,69
2026-27,football,Southern Athletic Association (SAA),saa,Trinity,"Moeller,Parker",Parker,Moeller,,715,"Moeller,Parker","MOELLER,PARKER",Trinity,TU,0,3,0,12,12,0,0,DB,0,,,,,,,,0.0,3.0,4.0,7.0,7.0,0.0,0.0,0.0,0.0,0.0,0.0,0.0,0.0,0.0,0.0,1.0,0.0,0.0,0.0,0.0,0.0,0.0,0.0,1.0,,,,,,,,,,,,,,,,,,,,,,,,,,,,,,,,,,,,,,,,,,,,,,,,,,,,,,,,,,,,,,,,,,,,,,,,,1.0,0.0,0.0,0.0,0.0,,,,,,,,,,,,,,,,,,,,-0.5826836831858686,7733,69
2026-27,football,Southern Athletic Association (SAA),saa,Maryville College,"Clennon,P.J.",P.J.,Clennon,,396,"Clennon,P.J.","CLENNON,P.J.",Maryville College,MAR,1027-2448,4,3,44,9M,0,0,LB,0,,,,,,,,0.0,5.0,4.0,9.0,9.0,0.0,0.0,0.0,0.0,0.0,0.0,0.0,0.0,0.0,0.0,0.0,0.0,0.0,0.0,0.0,0.0,0.0,0.0,0.0,,,,,,,,,,,,,,,,,,,,,,,,,,,,,,,,,,,,,,,,,,,,,,,,,,,,,,,,,,,,,,,,,,,,,,,,,,,,,,,,,,,,,,,,,,,,,,,,,-0.5943373514243406,7756,69
2026-27,football,Southern Athletic Association (SAA),saa,Sewanee,"Hill,Camden",Camden,Hill,,652,"Hill,Camden","HILL,CAMDEN",Sewanee,SEW,1321-3729,3,1,29,29,0,0,DB,0,,,,,,,,0.0,9.0,0.0,9.0,9.0,0.0,0.0,0.0,0.0,0.0,0.0,0.0,0.0,0.0,0.0,0.0,2.0,0.0,0.0,0.0,0.0,0.0,0.0,0.0,,,,,,,,,,,,,,,,,,,,,,,,,,,,,,,,,,,,,,,,,,,,,,,,,,,,,,,,,,,,,,,,,,,,,,,,,,,,,,,,,,,,,,,,,,,,,,,,,-0.5943373514243406,7763,69
2026-27,football,Southern Athletic Association (SAA),saa,Rhodes,"Potts,Christian",Christian,Potts,,573,"Potts,Christian","POTTS,CHRISTIAN",Rhodes,RHO,1390-4803,3,2,19,1R,0,0,LB,0,,,,,,,,0.0,7.0,2.0,9.0,9.0,0.0,0.0,0.0,0.0,0.0,0.0,0.0,0.0,0.0,0.0,0.0,0.0,2.0,0.0,0.0,0.0,0.0,0.0,0.0,,,,,,,,,,,,,,,,,,,,,,,,,,,,,,,,,,,,,,,,,,,,,,,,,,,,,,,,,,,,,,,,,,,,,,,,,,,,,,,,,,,,,,,,,,,,,,,,,-0.5943373514243406,7774,69
2026-27,football,Southern Athletic Association (SAA),saa,Millsaps,"Ross,Keiron",Keiron,Ross,,426,"Ross,Keiron","ROSS,KEIRON",Millsaps,MC,1282-2873,3,0,6,6D,0,0,DB,0,,,,,,,,0.0,4.0,2.0,6.0,6.0,0.5,0.0,0.0,0.0,1.0,2.0,0.0,0.0,0.0,0.0,0.0,0.0,0.0,0.0,0.0,0.0,0.0,0.0,0.0,,,,,,,,,,,,,,,,,0.0,0.0,0.0,0.0,1.0,0.0,0.0,0.0,0.0,2.0,2.0,0.67,,,,,,,,,,,,,,,,,,,,,0.0,0.0,1.0,1.0,0.0,0.0,0.0,0.0,0.0,0.0,0.0,0.0,,,,,,,,,,,,,,,,,,,,,,,,,,,,,,,,,,,,,-0.615223875541109,7824,68
2026-27,football,Southern Athletic Association (SAA),saa,Trinity,"Davis,Jordan",Jordan,Davis,,715,"Davis,Jordan","DAVIS,JORDAN",Trinity,TU,0,3,0,19,1D,0,0,DB,0,,,,,,,,0.0,1.0,2.0,3.0,3.0,0.0,0.0,0.0,0.0,0.0,0.0,0.0,0.0,0.0,0.0,1.0,0.0,0.0,0.0,0.0,0.0,0.0,0.0,1.0,,,,,,,,,,,,,,,,,,,,,,,,,,,,,,,,,,,,,,,,,,,,,,,,,,,,,,,,,,,,,,,,,,,,,,,,,,,,,,,,,,,,,,,,,,,,,,,,,-0.6253958146732129,7837,68
2026-27,football,Southern Athletic Association (SAA),saa,Maryville College,"Orton,Teddy",Teddy,Orton,,396,"Orton,Teddy","ORTON,TEDDY",Maryville College,MAR,1027-1957,4,3,2,2A,0,WR,0,0,,,,,,,,0.0,0.0,0.0,0.0,0.0,0.0,0.0,0.0,0.0,0.0,0.0,0.0,0.0,0.0,0.0,0.0,0.0,0.0,0.0,0.0,0.0,0.0,0.0,0.0,,,,,,,,,,,10.0,107.0,0.0,28.0,10.7,,,,,,,,,,,,,,,,,,,,,,,,,,,,,,,,,,,,,,,,,,,,,,1.0,0.0,,,,,,,,,,,9.0,91.0,0.0,28.0,10.1,,,,,,,,,,,,,,,,,,,,-0.6663976721166922,7938,68
2026-27,football,Southern Athletic Association (SAA),saa,Maryville College,"Hensley,Luke",Luke,Hensley,,396,"Hensley,Luke","HENSLEY,LUKE",Maryville College,MAR,1027-2101,4,0,6,24,0,WR,0,0,,,,,,,,,,,,,,,,,,,,,,,,,,,,,,,,,,,,,,,,,,2.0,1.0,0.0,3.0,0.5,,,,,,,,,,,,,,,,,,,,,,,,,,,,,,,,,,,,,,,,,,,,,,,,,,,,,,,,,,2.0,62.0,0.0,36.0,31.0,,,,,,,,,,,,,,,8.0,62.0,0.0,19.0,7.8,-0.6829992162379199,7973,68
2026-27,football,Southern Athletic Association (SAA),saa,Trinity,"Brown,LJ",LJ,Brown,,715,"Brown,LJ","BROWN,LJ",Trinity,TU,0,3,0,36,36,0,0,LB,0,,,,,,,,0.0,2.0,6.0,8.0,8.0,0.0,0.0,0.0,0.0,0.0,0.0,0.0,0.0,0.0,0.0,0.0,0.0,0.0,0.0,0.0,0.0,0.0,0.0,0.0,,,,,,,,,,,,,,,,,,,,,,,,,,,,,,,,,,,,,,,,,,,,,,,,,,,,,,,,,,,,,,,,,,,,,,,,,,,,,,,,,,,,,,,,,,,,,,,,,-0.693838352802963,7995,68
2026-27,football,Southern Athletic Association (SAA),saa,Centre,"Etienne,Jaiden",Jaiden,Etienne,,132,"Etienne,Jaiden","ETIENNE,JAIDEN",Centre,CEN,1268-3345,3,2,84,84,0,WR,0,0,,,,,,,,0.0,0.0,0.0,0.0,0.0,0.0,0.0,0.0,0.0,0.0,0.0,0.0,0.0,0.0,0.0,0.0,0.0,0.0,0.0,0.0,0.0,0.0,0.0,0.0,,,,,,,,,,,4.0,85.0,1.0,38.0,21.3,,0.0,1.0,0.0,0.0,0.0,0.0,0.0,0.0,0.0,6.0,6.0,2.0,,,,,,,,,,,,,,,,,,,,,,,,,,,,,,,,,,,,,,,,,,,,,,,,,,,,,,,,,,,,,,,,,,,,,-0.6999200461699664,8039,68
2026-27,football,Southern Athletic Association (SAA),saa,Berry,Devin Gale,Devin,Gale,,973,Devin Gale,"GALE,DEVIN",Berry,BERRY,838-3593,3,0,24,24,0,0,0,0,,,,,,,,0.0,0.0,1.0,1.0,1.0,0.0,0.0,0.0,0.0,0.0,0.0,0.0,0.0,0.0,0.0,0.0,0.0,0.0,0.0,0.0,0.0,0.0,0.0,0.0,,,,,,,,,,,,,,,,,0.0,1.0,0.0,0.0,0.0,0.0,0.0,0.0,0.0,6.0,6.0,2.0,17.0,83.0,85.0,2.0,1.0,39.0,4.9,27.7,,,,,,,,,,,,,,,,,,,,,,,,,,,,,,,,,,,,,,,,,,,,,,,,,,,,,,,,,,,,,-0.7016130203827498,8043,68
2026-27,football,Southern Athletic Association (SAA),saa,Rhodes,"Koerner,Felix",Felix,Koerner,,573,"Koerner,Felix","KOERNER,FELIX",Rhodes,RHO,1390-4808,2,0,7,7,0,WR,0,0,,,,,,,,,,,,,,,,,,,,,,,,,,,,,,,,,,,,,,,,,,4.0,25.0,0.0,7.0,6.3,,,,,,,,,,,,,,,,,,,,,,,,,,,,,,,,,,,,,,,,,,,,,,,,,,,,,,,,,,,,,,,,,,,,,,,,,,,,,,,,,,-0.7167250068787412,8090,68
2026-27,football,Southern Athletic Association (SAA),saa,Maryville College,"Brown,DaRell",DaRell,Brown,,396,"Brown,DaRell","BROWN,DARELL",Maryville College,MAR,1027-2149,4,0,25,25,0,RB,0,0,,,,,,,,,,,,,,,,,,,,,,,,,,,,,,,,,,,,,,,,,,1.0,-4.0,0.0,0.0,-4.0,,,,,,,,,,,,,,34.0,122.0,132.0,10.0,0.0,18.0,3.6,30.5,,,,,,,,,,,,,,,,,,,,,,,,,,,,,,,,,,,,,,,,,,,,,,,,,,,,,,,,,,,,,-0.720146295982624,8098,68
2026-27,football,Southern Athletic Association (SAA),saa,Sewanee,"Dorsey,Levi",Levi,Dorsey,,652,"Dorsey,Levi","DORSEY,LEVI",Sewanee,SEW,1321-3586,3,0,43,43,0,0,0,0,,,,,,,,0.0,0.0,0.0,0.0,0.0,0.0,0.0,0.0,0.0,0.0,0.0,0.0,0.0,0.0,0.0,0.0,0.0,0.0,0.0,0.0,0.0,0.0,0.0,0.0,,,,,,,,,,,,,,,,,5.0,0.0,2.0,0.0,0.0,0.0,0.0,0.0,0.0,11.0,11.0,3.67,,,,,,,,,,,,,,,,,,,,,7.0,5.0,0.0,0.0,0.0,0.0,0.0,0.0,0.0,0.0,0.0,0.0,,,,,,,,,,,,,,,,,,2.0,2.0,24.0,0.0,100.0,,,,,,,,,,,,,,,-0.7236906901351723,8102,68
2026-27,football,Southern Athletic Association (SAA),saa,Maryville College,"Acres,Caleb",Caleb,Acres,,396,"Acres,Caleb","ACRES,CALEB",Maryville College,MAR,1027-2629,1,0,92,92,0,0,DL,0,,,,,,,,0.0,1.0,1.0,2.0,2.0,0.0,0.0,0.0,0.0,0.0,0.0,0.0,0.0,0.0,0.0,1.0,0.0,0.0,0.0,0.0,0.0,0.0,0.0,1.0,,,,,,,,,,,,,,,,,,,,,,,,,,,,,,,,,,,,,,,,,,,,,,,,,,,,,,,,,,,,,,,,,,,,,,,,,,,,,,,,,,,,,,,,,,,,,,,,,-0.7248968160518353,8112,67
2026-27,football,Southern Athletic Association (SAA),saa,Maryville College,"Marlin,Jaden",Jaden,Marlin,,396,"Marlin,Jaden","MARLIN,JADEN",Maryville College,MAR,1027-1970,4,3,45,34,0,TE,0,0,,,,,,,,,,,,,,,,,,,,,,,,,,,,,,,,,,,,,,,,,,2.0,24.0,0.0,19.0,12.0,,,,,,,,,,,,,,,,,,,,,,,,,,,,,,,,,,,,,,,,,,,,,,,,,,,,,,,,,,,,,,,,,,,,,,,,,,,,,,,,,,-0.7284265805017449,8149,67
2026-27,football,Southern Athletic Association (SAA),saa,Millsaps,"Phillips,Trustin",Trustin,Phillips,,426,"Phillips,Trustin","PHILLIPS,TRUSTIN",Millsaps,MC,1282-2687,2,0,19,1K,0,0,DL,0,,,,,,,,0.0,1.0,1.0,2.0,2.0,1.0,0.0,0.0,1.0,0.0,4.0,0.0,0.0,0.0,0.0,0.0,0.0,0.0,0.0,0.0,0.0,0.0,0.0,0.0,,,,,,,,,,,,,,,,,,,,,,,,,,,,,,,,,,,,,,,,,,,,,,,,,,,,,,,,,,,,,,,,,,,,,,,,,,,,,,,,,,,,,,,,,,,,,,,,,-0.7356114010365,8181,67
2026-27,football,Southern Athletic Association (SAA),saa,Centre,"Johnson,Tate",Tate,Johnson,,132,"Johnson,Tate","JOHNSON,TATE",Centre,CEN,1268-2865,3,3,10,10,0,WR,0,0,,,,,,,,,,,,,,,,,,,,,,,,,,,,,,,,,,,,,,,,,,4.0,23.0,0.0,7.0,5.8,,,,,,,,,,,,,,,,,,,,,,,,,,,,,,,,,,,,,,,,,,,,,,,,,,,,,,,,,,,,,,,,,,,,,,,,,,,,,,,,,,-0.7401281541247489,8196,67
2026-27,football,Southern Athletic Association (SAA),saa,Millsaps,"McGowen,Lance",Lance,McGowen,,426,"McGowen,Lance","MCGOWEN,LANCE",Millsaps,MC,1282-3179,2,0,10,10,0,WR,0,0,,,,,,,,,,,,,,,,,,,,,,,,,,,,,,,,,,,,,,,,,,1.0,22.0,0.0,22.0,22.0,,,,,,,,,,,,,,,,,,,,,,,,,,,,,,,,,,,,,,,,,,,,,,,,,,,,,,,,,,,,,,,,,,,,,,,,,,,,,,,,,,-0.7518297277477526,8209,67
2026-27,football,Southern Athletic Association (SAA),saa,Trinity,"Shavers,Talan",Talan,Shavers,,715,"Shavers,Talan","SHAVERS,TALAN",Trinity,TU,0,3,0,21,21,0,WR,0,0,,,,,,,,,,,,,,,,,,,,,,,,,,,,,,,,,,,,,,,,,,2.0,22.0,0.0,13.0,11.0,,,,,,,,,,,,,,,,,,,,,,,,,,,,,,,,,,,,,,,,,,,,,,,,,,,,,,,,,,,,,,,,,,,,,,,,,,,,,,,,,,-0.7518297277477526,8210,67
2026-27,football,Southern Athletic Association (SAA),saa,Southwestern,"Hargis,Alec",Alec,Hargis,,8746,"Hargis,Alec","HARGIS,ALEC",Southwestern,SWU,1322-3200,3,0,36,36,0,0,0,0,,,,,,,,0.0,0.0,1.0,1.0,1.0,0.0,0.0,0.0,0.0,0.0,0.0,0.0,0.0,0.0,0.0,0.0,0.0,0.0,0.0,0.0,0.0,0.0,0.0,0.0,,,,,,,,,,,,,,,,,7.0,0.0,3.0,0.0,0.0,0.0,0.0,0.0,0.0,16.0,16.0,5.33,,,,,,,,,,,,,,,,,,,,,7.0,7.0,0.0,0.0,0.0,0.0,0.0,0.0,0.0,0.0,0.0,0.0,,,,,,,,,,,,,,,,,,3.0,6.0,36.0,0.0,50.0,,,,,14.0,785.0,0.0,1.0,56.1,,,,,,-0.7576835412567261,8214,67
2026-27,football,Southern Athletic Association (SAA),saa,Berry,Zavion Plunkett,Zavion,Plunkett,,973,Zavion Plunkett,"PLUNKETT,ZAVION",Berry,BERRY,838-3363,3,3,3,3,0,WR,0,0,,,,,,,,0.0,0.0,0.0,0.0,0.0,0.0,0.0,0.0,0.0,0.0,0.0,0.0,0.0,0.0,0.0,0.0,0.0,0.0,0.0,0.0,0.0,0.0,0.0,0.0,,,,,,,,,,,5.0,79.0,1.0,27.0,15.8,,0.0,1.0,0.0,0.0,0.0,0.0,0.0,0.0,0.0,6.0,6.0,2.0,,,,,,,,,,,,,,,,,,,,,,,,,,,,,,,,,,,,,,,,,,,,,,,,,,,,,,,,,,,,,,,,,,,,,-0.770129487907989,8238,67
2026-27,football,Southern Athletic Association (SAA),saa,Rhodes,"Barnes,Hayden",Hayden,Barnes,,573,"Barnes,Hayden","BARNES,HAYDEN",Rhodes,RHO,1390-4971,2,0,39,39,0,0,DL,0,,,,,,,,0.0,2.0,1.0,3.0,3.0,0.0,0.0,0.0,0.0,0.0,0.0,0.0,0.0,0.0,0.0,0.0,0.0,0.0,0.0,0.0,1.0,0.0,0.0,0.0,,,,,,,,,,,,,,,,,,,,,,,,,,,,,,,,,,,,,,,,,,,,,,,,,,,,,,,,,,,,,0.0,0.0,,,,,,,,,,,,,,,,,,,,,,,,,,,,,,,,,,,-0.7747232083654354,8246,67
2026-27,football,Southern Athletic Association (SAA),saa,Southwestern,"Fuqua,Stephen",Stephen,Fuqua,,8746,"Fuqua,Stephen","FUQUA,STEPHEN",Southwestern,SWU,1322-3028,3,0,2,02,0,0,DB,0,,,,,,,,0.0,3.0,0.0,3.0,3.0,0.0,0.0,0.0,0.0,0.0,0.0,0.0,0.0,0.0,0.0,0.0,0.0,0.0,0.0,0.0,1.0,0.0,0.0,0.0,,,,,,,,,,,,,,,,,0.0,1.0,0.0,0.0,0.0,0.0,0.0,0.0,0.0,6.0,6.0,2.0,,,,,,,,,,,,,,,,,,,,,,,,,,,,,,,,,0.0,0.0,,,,,,,,,,,,,,,,,,,,,1.0,0.0,1.0,0.0,,,,,,,,,,,-0.7747232083654354,8248,67
2026-27,football,Southern Athletic Association (SAA),saa,Rhodes,Christian Grimes,Christian,Grimes,,573,Christian Grimes,"GRIMES,CHRISTIAN",Rhodes,RHO,1390-4590,2,1,94,94,0,0,DL,0,,,,,,,,0.0,4.0,3.0,7.0,7.0,0.0,0.0,0.0,0.0,0.0,0.0,0.0,0.0,0.0,0.0,0.0,0.0,0.0,0.0,0.0,0.0,0.0,0.0,0.0,,,,,,,,,,,,,,,,,,,,,,,,,,,,,,,,,,,,,,,,,,,,,,,,,,,,,,,,,,,,,,,,,,,,,,,,,,,,,,,,,,,,,,,,,,,,,,,,,-0.7933393541815856,8296,67
2026-27,football,Southern Athletic Association (SAA),saa,Maryville College,"Covert,Matthew",Matthew,Covert,,396,"Covert,Matthew","COVERT,MATTHEW",Maryville College,MAR,1027-2450,3,0,24,1P,0,0,LB,0,,,,,,,,0.0,2.0,5.0,7.0,7.0,0.0,0.0,0.0,0.0,0.0,0.0,0.0,0.0,0.0,0.0,0.0,0.0,0.0,0.0,0.0,0.0,0.0,0.0,0.0,,,,,,,,,,,,,,,,,,,,,,,,,,,,,,,,,,,,,,,,,,,,,,,,,,,,,,,,,,,,,,,,,,,,,,,,,,,,,,,,,,,,,,,,,,,,,,,,,-0.7933393541815856,8298,67
2026-27,football,Southern Athletic Association (SAA),saa,Rhodes,Henry Walter,Henry,Walter,,573,Henry Walter,"WALTER,HENRY",Rhodes,RHO,1390-4810,2,0,33,33,0,0,0,0,,,,,,,,0.0,4.0,3.0,7.0,7.0,0.0,0.0,0.0,0.0,0.0,0.0,0.0,0.0,0.0,0.0,0.0,0.0,0.0,0.0,0.0,0.0,0.0,0.0,0.0,,,,,,,,,,,,,,,,,,,,,,,,,,,,,,,,,,,,,,,,,,,,,,,,,,,,,,,,,,,,,,,,,,,,,,,,,,,,,,,,,,,,,,,,,,,,,,,,,-0.7933393541815856,8308,67
2026-27,football,Southern Athletic Association (SAA),saa,Rhodes,"Plaia,Max",Max,Plaia,,573,"Plaia,Max","PLAIA,MAX",Rhodes,RHO,1390-4819,3,1,12,1H,0,0,LB,0,,,,,,,,0.0,3.0,4.0,7.0,7.0,0.0,0.0,0.0,0.0,0.0,0.0,0.0,0.0,0.0,0.0,0.0,0.0,0.0,0.0,0.0,0.0,0.0,0.0,0.0,,,,,,,,,,,,,,,,,,,,,,,,,,,,,,,,,,,,,,,,,,,,,,,,,,,,,,,,,,,,,,,,,,,,,,,,,,,,,,,,,,,,,,,,,,,,,,,,,-0.7933393541815856,8328,67
2026-27,football,Southern Athletic Association (SAA),saa,Sewanee,"Richardson,Robert",Robert,Richardson,,652,"Richardson,Robert","RICHARDSON,ROBERT",Sewanee,SEW,1321-3319,3,0,31,31,0,0,LB,0,,,,,,,,0.0,5.0,2.0,7.0,7.0,0.0,0.0,0.0,0.0,0.0,0.0,0.0,0.0,0.0,0.0,0.0,1.0,1.0,0.0,0.0,0.0,0.0,0.0,0.0,,,,,,,,,,,,,,,,,,,,,,,,,,,,,,,,,,,,,,,,,,,,,,,,,,,,,,,,,,,,,,,,,,,,,,,,,,,,,,,,,,,,,,,,,,,,,,,,,-0.7933393541815856,8331,67
2026-27,football,Southern Athletic Association (SAA),saa,Rhodes,"Strawbridge,Hollis",Hollis,Strawbridge,,573,"Strawbridge,Hollis","STRAWBRIDGE,HOLLIS",Rhodes,RHO,1390-4811,3,2,3,1C,0,0,DB,0,,,,,,,,0.0,7.0,0.0,7.0,7.0,0.0,0.0,0.0,0.0,0.0,0.0,0.0,0.0,0.0,0.0,0.0,1.0,0.0,0.0,0.0,0.0,0.0,0.0,0.0,,,,,,,,,,,,,,,,,,,,,,,,,,,,,,,,,,,,,,,,,,,,,,,,,,,,,,,,,,,,,,,,,,,,,,,,,,,,,,,,,,,,,,,,,,,,,,,,,-0.7933393541815856,8340,67
2026-27,football,Southern Athletic Association (SAA),saa,Centre,"Cayson,Terry",Terry,Cayson,,132,"Cayson,Terry","CAYSON,TERRY",Centre,CEN,1268-3560,2,0,8,8,0,WR,0,0,,,,,,,,,,,,,,,,,,,,,,,,,,,,,,,,,,,,,,,,,,3.0,18.0,0.0,7.0,6.0,,,,,,,,,,,,,,,,,,,,,,,,,,,,,,,,,,,,,,,,,,,,,,,,,,,,,,,,,,,,,,,,,,,,,,,,,,,,,,,,,,-0.7986360222397676,8348,67
2026-27,football,Southern Athletic Association (SAA),saa,Centre,"Sasser,Luke",Luke,Sasser,,132,"Sasser,Luke","SASSER,LUKE",Centre,CEN,1268-3128,2,0,86,86,0,WR,0,0,,,,,,,,,,,,,,,,,,,,,,,,,,,,,,,,,,,,,,,,,,1.0,17.0,0.0,17.0,17.0,,,,,,,,,,,,,,,,,,,,,,,,,,,,,,,,,,,,,,,,,,,,,,,,,,,,,,,,,,,,,,,,,,,,,,,,,,,,,,,,,,-0.8103375958627714,8380,67
2026-27,football,Southern Athletic Association (SAA),saa,Trinity,"Morkovsky,Maddox",Maddox,Morkovsky,,715,"Morkovsky,Maddox","MORKOVSKY,MADDOX",Trinity,TU,0,3,3,10,10,0,TE,0,0,,,,,,,,,,,,,,,,,,,,,,,,,,,,,,,,,,,,,,,,,,7.0,103.0,0.0,42.0,14.7,,,,,,,,,,,,,,1.0,3.0,3.0,0.0,0.0,3.0,3.0,1.0,,,,,,,,,,,,,,,,,,,,,,,,,,,,,,,,,,,,,,,,,,,,,,,,,,,,,,,,,,,,,-0.8157620432516414,8418,66
2026-27,football,Southern Athletic Association (SAA),saa,Rhodes,"Smith,Austin",Austin,Smith,,573,"Smith,Austin","SMITH,AUSTIN",Rhodes,RHO,1390-4566,2,1,1,1,0,WR,0,0,,,,,,,,,,,,,,,,,,,,,,,,,,,,,,,,,,,,,,,,,,2.0,27.0,0.0,14.0,13.5,,,,,,,,,,,,,,,,,,,,,,,,,,,,,,,,,,,,,,,,,,,,,,,,,,,,,,,,,,3.0,40.0,0.0,15.0,13.3,,,,,,,,,,,,,,,,,,,,-0.8203427955481484,8427,66
2026-27,football,Southern Athletic Association (SAA),saa,Sewanee,"Alford,Cooper",Cooper,Alford,,652,"Alford,Cooper","ALFORD,COOPER",Sewanee,SEW,1321-3163,3,3,85,85,0,TE,0,0,,,,,,,,,,,,,,,,,,,,,,,,,,,,,,,,,,,,,,,,,,2.0,15.0,0.0,9.0,7.5,,,,,,,,,,,,,,,,,,,,,,,,,,,,,,,,,,,,,,,,,,,,,,,,,,,,,,,,,,,,,,,,,,,,,,,,,,,,,,,,,,-0.8337407431087789,8474,66
2026-27,football,Southern Athletic Association (SAA),saa,Millsaps,"Knight,Marquis",Marquis,Knight,,426,"Knight,Marquis","KNIGHT,MARQUIS",Millsaps,MC,1282-3125,1,0,87,87,0,WR,0,0,,,,,,,,,,,,,,,,,,,,,,,,,,,,,,,,,,,,,,,,,,1.0,14.0,0.0,14.0,14.0,,,,,,,,,,,,,,,,,,,,,,,,,,,,,,,,,,,,,,,,,,,,,,,,,,,,,,,,,,,,,,,,,,,,,,,,,,,,,,,,,,-0.8454423167317827,8532,66
2026-27,football,Southern Athletic Association (SAA),saa,Centre,"Mounivong,Tayden",Tayden,Mounivong,,132,"Mounivong,Tayden","MOUNIVONG,TAYDEN",Centre,CEN,1268-2870,1,0,0,0,0,WR,0,0,,,,,,,,,,,,,,,,,,,,,,,,,,,,,,,,,,,,,,,,,,2.0,14.0,0.0,12.0,7.0,,,,,,,,,,,,,,,,,,,,,,,,,,,,,,,,,,,,,,,,,,,,,,,,,,,,,,,,,,,,,,,,,,,,,,,,,,,,,,,,,,-0.8454423167317827,8535,66
2026-27,football,Southern Athletic Association (SAA),saa,Rhodes,Caden Nims,Caden,Nims,,573,Caden Nims,"NIMS,CADEN",Rhodes,RHO,1390-5002,2,0,4,4,0,0,0,0,,,,,,,,,,,,,,,,,,,,,,,,,,,,,,,,,,,,,,,,,,2.0,12.0,0.0,8.0,6.0,,,,,,,,,,,,,,,,,,,,,,,,,,,,,,,,,,,,,,,,,,,,,,,,,,,,,,,,,,,,,,,,,,,,,,,,,,,,,,,,,,-0.8688454639777903,8574,66
2026-27,football,Southern Athletic Association (SAA),saa,Maryville College,"Haun,Dakoda",Dakoda,Haun,,396,"Haun,Dakoda","HAUN,DAKODA",Maryville College,MAR,1027-2439,3,0,7,9A,0,WR,0,0,,,,,,,,,,,,,,,,,,,,,,,,,,,,,,,,,,,,,,,,,,1.0,12.0,0.0,12.0,12.0,,,,,,,,,,,,,,,,,,,,,,,,,,,,,,,,,,,,,,,,,,,,,,,,,,,,,,,,,,,,,,,,,,,,,,,,,,,,,,,,,,-0.8688454639777903,8578,66
2026-27,football,Southern Athletic Association (SAA),saa,Sewanee,"Jones,Cooper",Cooper,Jones,,652,"Jones,Cooper","JONES,COOPER",Sewanee,SEW,1321-3732,3,0,30,30,0,0,LB,0,,,,,,,,0.0,0.0,2.0,2.0,2.0,0.0,0.0,0.0,0.0,0.0,0.0,0.0,0.0,0.0,0.0,0.0,0.0,0.0,0.0,0.0,1.0,0.0,0.0,0.0,,,,,,,,,,,,,,,,,,,,,,,,,,,,,,,,,,,,,,,,,,,,,,,,,,,,,,,,,,,,,0.0,0.0,,,,,,,,,,,,,,,,,,,,,,,,,,,,,,,,,,,-0.8742242097440578,8596,66
2026-27,football,Southern Athletic Association (SAA),saa,Millsaps,"Vasiliauskas,Dyson",Dyson,Vasiliauskas,,426,"Vasiliauskas,Dyson","VASILIAUSKAS,DYSON",Millsaps,MC,1282-2885,3,0,24,2E,0,0,DB,0,,,,,,,,0.0,0.0,2.0,2.0,2.0,0.0,0.0,0.0,0.0,0.0,0.0,0.0,0.0,0.0,0.0,0.0,0.0,0.0,0.0,1.0,1.0,0.0,0.0,0.0,,,,,,,,,,,,,,,,,,,,,,,,,,,,,,,,,,,,,,,,,,,,,,,,,,,,,,,,,,,,,0.0,0.0,,,,,,,,,,,,,,,,,,,,,,,,,,,,,,,,,,,-0.8742242097440578,8600,66
2026-27,football,Southern Athletic Association (SAA),saa,Southwestern,"Williams,Tycen",Tycen,Williams,,8746,"Williams,Tycen","WILLIAMS,TYCEN",Southwestern,SWU,1322-3008,3,2,2,2,0,RB,0,0,,,,,,,,,,,,,,,,,,,,,,,,,,,,,,,,,,,,,,,,,,3.0,30.0,0.0,18.0,10.0,,,,,,,,,,,,,,22.0,73.0,80.0,7.0,0.0,12.0,3.3,24.3,,,,,,,,,,,,,,,,,,,,,,,,,,,,,,,,,,,,,,,,,,,,,,,,,,,,,,,,,,,,,-0.8772215501247869,8607,66
2026-27,football,Southern Athletic Association (SAA),saa,Rhodes,"Owen,Maxwell",Maxwell,Owen,,573,"Owen,Maxwell","OWEN,MAXWELL",Rhodes,RHO,1390-5004,1,0,82,82,0,TE,0,0,,,,,,,,,,,,,,,,,,,,,,,,,,,,,,,,,,,,,,,,,,2.0,11.0,0.0,8.0,5.5,,,,,,,,,,,,,,,,,,,,,,,,,,,,,,,,,,,,,,,,,,,,,,,,,,,,,,,,,,,,,,,,,,,,,,,,,,,,,,,,,,-0.8805470376007941,8618,66
2026-27,football,Southern Athletic Association (SAA),saa,Millsaps,"Carr,Jitt",Jitt,Carr,,426,"Carr,Jitt","CARR,JITT",Millsaps,MC,1282-3193,2,0,24,24,0,RB,0,0,,,,,,,,,,,,,,,,,,,,,,,,,,,,,,,,,,,,,,,,,,,,,,,,,,,,,,,,,,,,2.0,14.0,14.0,0.0,0.0,10.0,7.0,7.0,,,,,,,,,,,,,,,,,,,,,,,,,,,,,,,,,,,,,,,,,,,,,,,,,,,,,,,,,,,,,-0.8871839354862311,8621,66
2026-27,football,Southern Athletic Association (SAA),saa,Centre,"Acree,Lincoln",Lincoln,Acree,,132,"Acree,Lincoln","ACREE,LINCOLN",Centre,CEN,1268-3553,1,0,6,6,0,WR,0,0,,,,,,,,,,,,,,,,,,,,,,,,,,,,,,,,,,,,,,,,,,1.0,10.0,0.0,10.0,10.0,,,,,,,,,,,,,,,,,,,,,,,,,,,,,,,,,,,,,,,,,,,,,,,,,,,,,,,,,,,,,,,,,,,,,,,,,,,,,,,,,,-0.8922486112237978,8630,66
2026-27,football,Southern Athletic Association (SAA),saa,Trinity,"Bartolazzi,Caycen",Caycen,Bartolazzi,,715,"Bartolazzi,Caycen","BARTOLAZZI,CAYCEN",Trinity,TU,0,3,0,24,2B,0,0,DB,0,,,,,,,,0.0,4.0,2.0,6.0,6.0,0.0,0.0,0.0,0.0,0.0,0.0,0.0,0.0,0.0,0.0,0.0,0.0,0.0,0.0,0.0,0.0,0.0,0.0,0.0,,,,,,,,,,,,,,,,,,,,,,,,,,,,,,,,,,,,,,,,,,,,,,,,,,,,,,,,,,,,,,,,,,,,,,,,,,,,,,,,,,,,,,,,,,,,,,,,,-0.892840355560208,8646,66
2026-27,football,Southern Athletic Association (SAA),saa,Sewanee,"Echols,Elijah",Elijah,Echols,,652,"Echols,Elijah","ECHOLS,ELIJAH",Sewanee,SEW,1321-3719,3,0,57,57,0,0,DL,0,,,,,,,,0.0,4.0,2.0,6.0,6.0,0.0,0.0,0.0,0.0,0.0,0.0,0.0,0.0,0.0,0.0,0.0,0.0,0.0,0.0,0.0,0.0,0.0,0.0,0.0,,,,,,,,,,,,,,,,,,,,,,,,,,,,,,,,,,,,,,,,,,,,,,,,,,,,,,,,,,,,,,,,,,,,,,,,,,,,,,,,,,,,,,,,,,,,,,,,,-0.892840355560208,8660,66
2026-27,football,Southern Athletic Association (SAA),saa,Maryville College,"Henderson,Josh",Josh,Henderson,,396,"Henderson,Josh","HENDERSON,JOSH",Maryville College,MAR,1027-2664,3,0,19,19,0,0,DB,0,,,,,,,,0.0,4.0,2.0,6.0,6.0,0.0,0.0,0.0,0.0,0.0,0.0,0.0,0.0,0.0,0.0,0.0,0.0,0.0,0.0,0.0,0.0,0.0,0.0,0.0,,,,,,,,,,,,,,,,,,,,,,,,,,,,,,,,,,,,,,,,,,,,,,,,,,,,,,,,,,,,,,,,,,,,,,,,,,,,,,,,,,,,,,,,,,,,,,,,,-0.892840355560208,8671,66
2026-27,football,Southern Athletic Association (SAA),saa,Millsaps,"McCoy,Christian",Christian,McCoy,,426,"McCoy,Christian","MCCOY,CHRISTIAN",Millsaps,MC,1282-2545,3,0,7,7D,0,0,DB,0,,,,,,,,0.0,1.0,5.0,6.0,6.0,0.0,0.0,0.0,0.0,0.0,0.0,0.0,0.0,0.0,0.0,0.0,0.0,0.0,0.0,0.0,0.0,0.0,0.0,0.0,,,,,,,,,,,,,,,,,,,,,,,,,,,,,,,,,,,,,,,,,,,,,,,,,,,,,,,,,,,,,,,,,,,,,,,,,,,,,,,,,,,,,,,,,,,,,,,,,-0.892840355560208,8696,66
2026-27,football,Southern Athletic Association (SAA),saa,Southwestern,"Templeton,Braden",Braden,Templeton,,8746,"Templeton,Braden","TEMPLETON,BRADEN",Southwestern,SWU,1322-3042,3,0,12,1B,0,0,LB,0,,,,,,,,0.0,1.0,5.0,6.0,6.0,0.0,0.0,0.0,0.0,0.0,0.0,0.0,0.0,0.0,0.0,0.0,0.0,0.0,0.0,0.0,0.0,0.0,0.0,0.0,,,,,,,,,,,,,,,,,,,,,,,,,,,,,,,,,,,,,,,,,,,,,,,,,,,,,,,,,,,,,,,,,,,,,,,,,,,,,,,,,,,,,,,,,,,,,,,,,-0.892840355560208,8714,65
2026-27,football,Southern Athletic Association (SAA),saa,Sewanee,"Franklin,Maddox",Maddox,Franklin,,652,"Franklin,Maddox","FRANKLIN,MADDOX",Sewanee,SEW,1321-3723,2,0,3,3,0,QB,0,0,,,,,,,,,,,,,,,,,,,,,,,,,,,,,,,,,,,,,,,,,,,,,,,,,,,,,,,,,,,,2.0,14.0,14.0,0.0,0.0,7.0,7.0,7.0,0.0,0.0,38.0,2.0,100.0,1.0,8.0,6.0,237.5,12.5,16.67,50.0,,,,,,,,,,,,,,,,,,,,,,,,,,,,,,,,,,,,,,,,,,,,,,,,,-0.902893276238426,8742,65
2026-27,football,Southern Athletic Association (SAA),saa,Sewanee,"Davidson,Zavier",Zavier,Davidson,,652,"Davidson,Zavier","DAVIDSON,ZAVIER",Sewanee,SEW,1321-3154,1,0,27,27,0,RB,0,0,,,,,,,,,,,,,,,,,,,,,,,,,,,,,,,,,,,,,,,,,,1.0,9.0,0.0,9.0,9.0,,,,,,,,,,,,,,,,,,,,,,,,,,,,,,,,,,,,,,,,,,,,,,,,,,,,,,,,,,,,,,,,,,,,,,,,,,,,,,,,,,-0.9039501848468016,8744,65
2026-27,football,Southern Athletic Association (SAA),saa,Rhodes,"Gehman,Clayton",Clayton,Gehman,,573,"Gehman,Clayton","GEHMAN,CLAYTON",Rhodes,RHO,1390-4596,1,0,81,81,0,TE,0,0,,,,,,,,,,,,,,,,,,,,,,,,,,,,,,,,,,,,,,,,,,1.0,9.0,0.0,9.0,9.0,,,,,,,,,,,,,,,,,,,,,,,,,,,,,,,,,,,,,,,,,,,,,,,,,,,,,,,,,,,,,,,,,,,,,,,,,,,,,,,,,,-0.9039501848468016,8746,65
2026-27,football,Southern Athletic Association (SAA),saa,Sewanee,"Branch,Swift",Swift,Branch,,652,"Branch,Swift","BRANCH,SWIFT",Sewanee,SEW,1321-3341,2,0,10,10,0,0,DB,0,,,,,,,,0.0,1.0,2.0,3.0,3.0,0.5,0.0,0.0,0.0,1.0,2.0,0.0,0.0,0.0,0.0,0.0,0.0,0.0,0.0,0.0,0.0,0.0,0.0,0.0,,,,,,,,,,,,,,,,,,,,,,,,,,,,,,,,,,,,,,,,,,,,,,,,,,,,,,,,,,,,,,,,,,,,,,,,,,,,,,,,,,,,,,,,,,,,,,,,,-0.9137268796769766,8775,65
2026-27,football,Southern Athletic Association (SAA),saa,Sewanee,"Herrin,Athon",Athon,Herrin,,652,"Herrin,Athon","HERRIN,ATHON",Sewanee,SEW,1321-3323,1,0,17,17,0,WR,0,0,,,,,,,,,,,,,,,,,,,,,,,,,,,,,,,,,,,,,,,,,,1.0,8.0,0.0,8.0,8.0,,,,,,,,,,,,,,,,,,,,,,,,,,,,,,,,,,,,,,,,,,,,,,,,,,,,,,,,,,,,,,,,,,,,,,,,,,,,,,,,,,-0.9156517584698052,8811,65
2026-27,football,Southern Athletic Association (SAA),saa,Sewanee,"Garden,Trevon",Trevon,Garden,,652,"Garden,Trevon","GARDEN,TREVON",Sewanee,SEW,1321-3596,3,1,11,11,0,WR,0,0,,,,,,,,,,,,,,,,,,,,,,,,,,,,,,,,,,,,,,,,,,4.0,76.0,0.0,31.0,19.0,,,,,,,,,,,,,,0.0,22.0,22.0,0.0,0.0,22.0,0.0,7.3,,,,,,,,,,,,,,,,,,,,,,,,,,,,,,,,,,,,,,,,,,,,,,,,,,,,,,,,,,,,,-0.9165280741510794,8820,65
2026-27,football,Southern Athletic Association (SAA),saa,Maryville College,"Kraskouskas,Tylan",Tylan,Kraskouskas,,396,"Kraskouskas,Tylan","KRASKOUSKAS,TYLAN",Maryville College,MAR,0,1,0,23,3A,0,RB,0,0,,,,,,,,,,,,,,,,,,,,,,,,,,,,,,,,,,,,,,,,,,,,,,,,,,,,,,,,,,,,2.0,11.0,11.0,0.0,0.0,10.0,5.5,11.0,,,,,,,,,,,,,,,,,,,,,,,,,,,,,,,,,,,,,,,,,,,,,,,,,,,,,,,,,,,,,-0.9211591655264938,8826,65
2026-27,football,Southern Athletic Association (SAA),saa,Maryville College,"Gilliam,Ben",Ben,Gilliam,,396,"Gilliam,Ben","GILLIAM,BEN",Maryville College,MAR,1027-2228,2,0,96,96,0,0,DL,0,,,,,,,,0.0,0.0,0.0,0.0,0.0,0.0,0.0,0.0,0.0,0.0,0.0,0.0,0.0,0.0,0.0,1.0,0.0,0.0,0.0,0.0,0.0,0.0,0.0,1.0,,,,,,,,,,,,,,,,,,,,,,,,,,,,,,,,,,,,,,,,,,,,,,,,,,,,,,,,,,,,,,,,,,,,,,,,,,,,,,,,,,,,,,,,,,,,,,,,,-0.9238988188090804,8841,65
2026-27,football,Southern Athletic Association (SAA),saa,Centre,"Kitchin,Chris",Chris,Kitchin,,132,"Kitchin,Chris","KITCHIN,CHRIS",Centre,CEN,1268-3575,1,0,38,38,0,0,DB,0,,,,,,,,0.0,0.0,0.0,0.0,0.0,0.0,0.0,0.0,0.0,0.0,0.0,0.0,0.0,0.0,0.0,1.0,0.0,0.0,0.0,0.0,0.0,0.0,0.0,1.0,,,,,,,,,,,,,,,,,,,,,,,,,,,,,,,,,,,,,,,,,,,,,,,,,,,,,,,,,,,,,,,,,,,,,,,,,,,,,,,,,,,,,,,,,,,,,,,,,-0.9238988188090804,8844,65
2026-27,football,Southern Athletic Association (SAA),saa,Trinity,"Stewart,Parker",Parker,Stewart,,715,"Stewart,Parker","STEWART,PARKER",Trinity,TU,0,1,0,25,25,0,0,DB,0,,,,,,,,0.0,0.0,0.0,0.0,0.0,0.0,0.0,0.0,0.0,0.0,0.0,0.0,0.0,0.0,0.0,1.0,0.0,0.0,0.0,0.0,0.0,0.0,0.0,1.0,,,,,,,,,,,,,,,,,,,,,,,,,,,,,,,,,,,,,,,,,,,,,,,,,,,,,,,,,,,,,,,,,,,,,,,,,,,,,,,,,,,,,,,,,,,,,,,,,-0.9238988188090804,8852,65
2026-27,football,Southern Athletic Association (SAA),saa,Trinity,"Beck,Caleb",Caleb,Beck,,715,"Beck,Caleb","BECK,CALEB",Trinity,TU,0,3,0,17,17,0,WR,0,0,,,,,,,,,,,,,,,,,,,,,,,,,,,,,,,,,,,,,,,,,,1.0,6.0,0.0,6.0,6.0,,,,,,,,,,,,,,,,,,,,,,,,,,,,,,,,,,,,,,,,,,,,,,,,,,,,,,,,,,,,,,,,,,,,,,,,,,,,,,,,,,-0.939054905715813,8882,65
2026-27,football,Southern Athletic Association (SAA),saa,Sewanee,"Mongogna,Joey",Joey,Mongogna,,652,"Mongogna,Joey","MONGOGNA,JOEY",Sewanee,SEW,1321-3156,2,0,14,14,0,WR,0,0,,,,,,,,,,,,,,,,,,,,,,,,,,,,,,,,,,,,,,,,,,1.0,6.0,0.0,6.0,6.0,,,,,,,,,,,,,,,,,,,,,,,,,,,,,,,,,,,,,,,,,,,,,,,,,,,,,,,,,,,,,,,,,,,,,,,,,,,,,,,,,,-0.939054905715813,8894,65
2026-27,football,Southern Athletic Association (SAA),saa,Rhodes,"Wright,Thomas",Thomas,Wright,,573,"Wright,Thomas","WRIGHT,THOMAS",Rhodes,RHO,1390-4823,2,0,84,84,0,WR,0,0,,,,,,,,,,,,,,,,,,,,,,,,,,,,,,,,,,,,,,,,,,1.0,6.0,0.0,6.0,6.0,,,,,,,,,,,,,,,,,,,,,,,,,,,,,,,,,,,,,,,,,,,,,,,,,,,,,,,,,,,,,,,,,,,,,,,,,,,,,,,,,,-0.939054905715813,8904,65
2026-27,football,Southern Athletic Association (SAA),saa,Trinity,"Hill,Tenel",Tenel,Hill,,715,"Hill,Tenel","HILL,TENEL",Trinity,TU,0,2,0,20,20,0,RB,0,0,,,,,,,,,,,,,,,,,,,,,,,,,,,,,,,,,,,,,,,,,,,,,,,,,,,,,,,,,,,,2.0,9.0,9.0,0.0,0.0,6.0,4.5,4.5,,,,,,,,,,,,,,,,,,,,,,,,,,,,,,,,,,,,,,,,,,,,,,,,,,,,,,,,,,,,,-0.943809318886669,8910,65
2026-27,football,Southern Athletic Association (SAA),saa,Maryville College,"Wein,Alex",Alex,Wein,,396,"Wein,Alex","WEIN,ALEX",Maryville College,MAR,0,1,0,84,7M,0,TE,0,0,,,,,,,,,,,,,,,,,,,,,,,,,,,,,,,,,,,,,,,,,,1.0,5.0,0.0,5.0,5.0,,,,,,,,,,,,,,,,,,,,,,,,,,,,,,,,,,,,,,,,,,,,,,,,,,,,,,,,,,,,,,,,,,,,,,,,,,,,,,,,,,-0.9507564793388168,8934,65
2026-27,football,Southern Athletic Association (SAA),saa,Centre,"Williams,Landon",Landon,Williams,,132,"Williams,Landon","WILLIAMS,LANDON",Centre,CEN,1268-3116,1,0,96,96,0,0,0,0,,,,,,,,,,,,,,,,,,,,,,,,,,,,,,,,,,,,,,,,,,,,,,,,,,,,,,,,,,,,,,,,,,,,,,,,,,,,,,,,1.0,0.0,0.0,0.0,0.0,0.0,0.0,0.0,0.0,0.0,0.0,0.0,,,,,,,,,,,,,,,,,,0.0,0.0,0.0,0.0,0.0,,,,,,,,,,,,,,,-0.963242037976394,8986,65
2026-27,football,Southern Athletic Association (SAA),saa,Centre,"Robbins,JT",JT,Robbins,,132,"Robbins,JT","ROBBINS,JT",Centre,CEN,1268-3132,1,0,10,1J,0,0,LB,0,,,,,,,,0.0,1.0,0.0,1.0,1.0,0.0,0.0,0.0,0.0,0.0,0.0,0.0,0.0,0.0,0.0,0.0,0.0,0.0,0.0,0.0,1.0,0.0,0.0,0.0,,,,,,,,,,,,,,,,,,,,,,,,,,,,,,,,,,,,,,,,,,,,,,,,,,,,,,,,,,,,,0.0,0.0,,,,,,,,,,,,,,,,,,,,,,,,,,,,,,,,,,,-0.9737252111226804,9015,64
2026-27,football,Southern Athletic Association (SAA),saa,Centre,"Wright,Tyler",Tyler,Wright,,132,"Wright,Tyler","WRIGHT,TYLER",Centre,CEN,1268-2889,2,0,1,0A,0,0,DB,0,,,,,,,,0.0,1.0,0.0,1.0,1.0,0.0,0.0,0.0,0.0,0.0,0.0,0.0,0.0,0.0,0.0,0.0,0.0,0.0,0.0,0.0,0.0,0.0,0.0,0.0,,,,,,,,,,,,,,,,,,,,,,,,,,,,,,,,,,,,,,,,,,,,,,,,,,,,,,,,,,,,,0.0,0.0,,,,,,,,,,,,,,,,,,,,,,,,,,,,,,,,,,,-0.9737252111226804,9019,64
2026-27,football,Southern Athletic Association (SAA),saa,Maryville College,"Buggs III,Lee",Lee,Buggs III,,396,"Buggs III,Lee","BUGGS III,LEE",Maryville College,MAR,1027-2440,3,0,10,8O,0,WR,0,0,,,,,,,,,,,,,,,,,,,,,,,,,,,,,,,,,,,,,,,,,,1.0,3.0,0.0,3.0,3.0,,,,,,,,,,,,,,,,,,,,,,,,,,,,,,,,,,,,,,,,,,,,,,,,,,,,,,,,,,,,,,,,,,,,,,,,,,,,,,,,,,-0.974159626584824,9020,64
2026-27,football,Southern Athletic Association (SAA),saa,Millsaps,"Dates,Cornelious",Cornelious,Dates,,426,"Dates,Cornelious","DATES,CORNELIOUS",Millsaps,MC,1282-2879,3,0,12,12,0,WR,0,0,,,,,,,,,,,,,,,,,,,,,,,,,,,,,,,,,,,,,,,,,,2.0,3.0,0.0,8.0,1.5,,,,,,,,,,,,,,,,,,,,,,,,,,,,,,,,,,,,,,,,,,,,,,,,,,,,,,,,,,,,,,,,,,,,,,,,,,,,,,,,,,-0.974159626584824,9022,64
2026-27,football,Southern Athletic Association (SAA),saa,Southwestern,"Martin Jr,Jonathan",Jonathan,Martin Jr,,8746,"Martin Jr,Jonathan","MARTIN JR,JONATHAN",Southwestern,SWU,1322-3225,3,2,8,08,0,WR,0,0,,,,,,,,,,,,,,,,,,,,,,,,,,,,,,,,,,,,,,,,,,1.0,3.0,0.0,3.0,3.0,,,,,,,,,,,,,,,,,,,,,,,,,,,,,,,,,,,,,,,,,,,,,,,,,,,,,,,,,,,,,,,,,,,,,,,,,,,,,,,,,,-0.974159626584824,9029,64
2026-27,football,Southern Athletic Association (SAA),saa,Millsaps,"Sinclair,Isaiah",Isaiah,Sinclair,,426,"Sinclair,Isaiah","SINCLAIR,ISAIAH",Millsaps,MC,1282-2698,3,0,9,9,0,WR,0,0,,,,,,,,,,,,,,,,,,,,,,,,,,,,,,,,,,,,,,,,,,3.0,27.0,0.0,18.0,9.0,,,,,,,,,,,,,,,,,,,,,,,,,,,,,,,,,,,,,,,,,,,,,,,,,,,,,,,,,,1.0,11.0,0.0,11.0,11.0,,,,,,,,,,,,,,,,,,,,-0.9858392256791536,9047,64
2026-27,football,Southern Athletic Association (SAA),saa,Sewanee,"Davidson,Tyson",Tyson,Davidson,,652,"Davidson,Tyson","DAVIDSON,TYSON",Sewanee,SEW,1321-3717,1,0,6,6,0,WR,0,0,,,,,,,,,,,,,,,,,,,,,,,,,,,,,,,,,,,,,,,,,,,,,,,,,,,,,,,,,,,,3.0,5.0,5.0,0.0,0.0,3.0,1.7,5.0,,,,,,,,,,,,,,,,,,,,,,,,,,,,,,,,,,,,,,,,,,,,,,,,,,,,,,,,,,,,,-0.9891096256070192,9057,64
2026-27,football,Southern Athletic Association (SAA),saa,Sewanee,"Bevilacqua,Sam",Sam,Bevilacqua,,652,"Bevilacqua,Sam","BEVILACQUA,SAM",Sewanee,SEW,1321-3710,2,0,38,38,0,0,LB,0,,,,,,,,0.0,5.0,0.0,5.0,5.0,0.0,0.0,0.0,0.0,0.0,0.0,0.0,0.0,0.0,0.0,0.0,0.0,0.0,0.0,0.0,0.0,0.0,0.0,0.0,,,,,,,,,,,,,,,,,,,,,,,,,,,,,,,,,,,,,,,,,,,,,,,,,,,,,,,,,,,,,,,,,,,,,,,,,,,,,,,,,,,,,,,,,,,,,,,,,-0.9923413569388306,9084,64
2026-27,football,Southern Athletic Association (SAA),saa,Trinity,"Irvine,Gabe",Gabe,Irvine,,715,"Irvine,Gabe","IRVINE,GABE",Trinity,TU,0,3,0,55,55,0,0,LB,0,,,,,,,,0.0,3.0,2.0,5.0,5.0,0.0,0.0,0.0,0.0,0.0,0.0,0.0,0.0,0.0,0.0,0.0,0.0,0.0,0.0,0.0,0.0,0.0,0.0,0.0,,,,,,,,,,,,,,,,,,,,,,,,,,,,,,,,,,,,,,,,,,,,,,,,,,,,,,,,,,,,,,,,,,,,,,,,,,,,,,,,,,,,,,,,,,,,,,,,,-0.9923413569388306,9126,64
2026-27,football,Southern Athletic Association (SAA),saa,Berry,Lucas Martin,Lucas,Martin,,973,Lucas Martin,"MARTIN,LUCAS",Berry,BERRY,838-3358,3,0,D9,D9,0,0,0,0,,,,,,,,0.0,2.0,3.0,5.0,5.0,0.0,0.0,0.0,0.0,0.0,0.0,0.0,0.0,0.0,0.0,0.0,0.0,2.0,0.0,0.0,0.0,0.0,0.0,0.0,,,,,,,,,,,,,,,,,,,,,,,,,,,,,,,,,,,,,,,,,,,,,,,,,,,,,,,,,,,,,,,,,,,,,,,,,,,,,,,,,,,,,,,,,,,,,,,,,-0.9923413569388306,9139,64
2026-27,football,Southern Athletic Association (SAA),saa,Sewanee,"Perry,Kai",Kai,Perry,,652,"Perry,Kai","PERRY,KAI",Sewanee,SEW,1321-3585,1,0,18,1H,0,0,LB,0,,,,,,,,0.0,2.0,3.0,5.0,5.0,0.0,0.0,0.0,0.0,0.0,0.0,0.0,0.0,0.0,0.0,0.0,0.0,0.0,0.0,0.0,0.0,0.0,0.0,0.0,,,,,,,,,,,,,,,,,,,,,,,,,,,,,,,,,,,,,,,,,,,,,,,,,,,,,,,,,,,,,,,,,,,,,,,,,,,,,,,,,,,,,,,,,,,,,,,,,-0.9923413569388306,9160,64
2026-27,football,Southern Athletic Association (SAA),saa,Southwestern,"Rosas,Kole",Kole,Rosas,,8746,"Rosas,Kole","ROSAS,KOLE",Southwestern,SWU,1322-3215,1,0,40,40,0,0,LB,0,,,,,,,,0.0,5.0,0.0,5.0,5.0,0.0,0.0,0.0,0.0,0.0,0.0,0.0,0.0,0.0,0.0,0.0,0.0,0.0,0.0,0.0,0.0,0.0,0.0,0.0,,,,,,,,,,,,,,,,,,,,,,,,,,,,,,,,,,,,,,,,,,,,,,,,,,,,,,,,,,,,,,,,,,,,,,,,,,,,,,,,,,,,,,,,,,,,,,,,,-0.9923413569388306,9167,64
2026-27,football,Southern Athletic Association (SAA),saa,Rhodes,"Turner,Ian",Ian,Turner,,573,"Turner,Ian","TURNER,IAN",Rhodes,RHO,1390-5016,3,1,52,52,0,0,DL,0,,,,,,,,0.0,3.0,2.0,5.0,5.0,0.0,0.0,0.0,0.0,0.0,0.0,0.0,0.0,0.0,0.0,0.0,0.0,0.0,0.0,0.0,0.0,0.0,0.0,0.0,,,,,,,,,,,,,,,,,,,,,,,,,,,,,,,,,,,,,,,,,,,,,,,,,,,,,,,,,,,,,,,,,,,,,,,,,,,,,,,,,,,,,,,,,,,,,,,,,-0.9923413569388306,9177,64
2026-27,football,Southern Athletic Association (SAA),saa,Centre,"Tarter,Jakei",Jakei,Tarter,,132,"Tarter,Jakei","TARTER,JAKEI",Centre,CEN,1268-2885,3,3,83,83,0,TE,0,0,,,,,,,,0.0,0.0,0.0,0.0,0.0,0.0,0.0,0.0,0.0,0.0,0.0,0.0,0.0,0.0,0.0,0.0,0.0,0.0,0.0,0.0,0.0,0.0,0.0,0.0,,,,,,,,,,,10.0,60.0,1.0,13.0,6.0,,0.0,1.0,0.0,0.0,0.0,0.0,0.0,0.0,0.0,6.0,6.0,2.0,,,,,,,,,,,,,,,,,,,,,,,,,,,,,,,,,,,,,,,,,,,,,,,,,,,,,,,,,,,,,,,,,,,,,-0.9924593867450606,9188,64
2026-27,football,Southern Athletic Association (SAA),saa,Millsaps,"Johnson,Aaden",Aaden,Johnson,,426,"Johnson,Aaden","JOHNSON,AADEN",Millsaps,MC,1282-3180,2,0,13,13,0,WR,0,0,,,,,,,,0.0,0.0,0.0,0.0,0.0,0.0,0.0,0.0,0.0,0.0,0.0,0.0,0.0,0.0,0.0,0.0,0.0,0.0,0.0,0.0,0.0,0.0,0.0,0.0,,,,,,,,,,,1.0,59.0,1.0,59.0,59.0,,0.0,1.0,0.0,0.0,0.0,0.0,0.0,0.0,0.0,6.0,6.0,3.0,,,,,,,,,,,,,,,,,,,,,,,,,,,,,,,,,,,,,,,,,,,,,,,,,,,,,,,,,,,,,,,,,,,,,-1.0041609603680646,9212,64
2026-27,football,Southern Athletic Association (SAA),saa,Maryville College,"Whaley,Dewey",Dewey,Whaley,,396,"Whaley,Dewey","WHALEY,DEWEY",Maryville College,MAR,1027-2203,4,0,15,1E,0,WR,0,0,,,,,,,,0.0,0.0,1.0,1.0,1.0,0.0,0.0,0.0,0.0,0.0,0.0,0.0,0.0,0.0,0.0,0.0,0.0,0.0,0.0,0.0,0.0,0.0,0.0,0.0,,,,,,,,,,,7.0,119.0,0.0,24.0,17.0,,,,,,,,,,,,,,,,,,,,,,,,,,,,,,,,,,,,,,,,,,,,,,,,,,,,,,,,,,,,,,,,,,,,,,,,,,,,,,,,,,-1.0071224487697072,9216,64
2026-27,football,Southern Athletic Association (SAA),saa,Sewanee,"Dobbs,Brett",Brett,Dobbs,,652,"Dobbs,Brett","DOBBS,BRETT",Sewanee,SEW,1321-3578,3,0,2,2,0,TE,0,0,,,,,,,,,,,,,,,,,,,,,,,,,,,,,,,,,,,,,,,,,,1.0,0.0,0.0,0.0,0.0,,,,,,,,,,,,,,,,,,,,,,,,,,,,,,,,,,,,,,,,,,,,,,,,,,,,,,,,,,,,,,,,,,,,,,,,,,,,,,,,,,-1.0092643474538354,9264,64
2026-27,football,Southern Athletic Association (SAA),saa,Southwestern,"Garcia,Blake",Blake,Garcia,,8746,"Garcia,Blake","GARCIA,BLAKE",Southwestern,SWU,1322-2814,1,0,0,00,0,WR,0,0,,,,,,,,,,,,,,,,,,,,,,,,,,,,,,,,,,,,,,,,,,0.0,0.0,0.0,0.0,0.0,,,,,,,,,,,,,,,,,,,,,,,,,,,,,,,,,,,,,,,,,,,,,,,,,,,,,,,,,,,,,,,,,,,,,,,,,,,,,,,,,,-1.0092643474538354,9280,64
2026-27,football,Southern Athletic Association (SAA),saa,Sewanee,"Reed,Brennan",Brennan,Reed,,652,"Reed,Brennan","REED,BRENNAN",Sewanee,SEW,1321-3577,3,2,5,5W,0,WR,0,0,,,,,,,,,,,,,,,,,,,,,,,,,,,,,,,,,,,,,,,,,,0.0,0.0,0.0,0.0,0.0,,,,,,,,,,,,,,,,,,,,,,,,,,,,,,,,,,,,,,,,,,,,,,,,,,,,,,,,,,,,,,,,,,,,,,,,,,,,,,,,,,-1.0092643474538354,9348,63
2026-27,football,Southern Athletic Association (SAA),saa,Rhodes,"Rice,Matthew",Matthew,Rice,,573,"Rice,Matthew","RICE,MATTHEW",Rhodes,RHO,1390-5007,1,0,88,88,0,TE,0,0,,,,,,,,,,,,,,,,,,,,,,,,,,,,,,,,,,,,,,,,,,0.0,0.0,0.0,0.0,0.0,,,,,,,,,,,,,,,,,,,,,,,,,,,,,,,,,,,,,,,,,,,,,,,,,,,,,,,,,,,,,,,,,,,,,,,,,,,,,,,,,,-1.0092643474538354,9351,63
2026-27,football,Southern Athletic Association (SAA),saa,Centre,"Taul-Williams,Tykeem",Tykeem,Taul-Williams,,132,"Taul-Williams,Tykeem","TAUL-WILLIAMS,TYKEEM",Centre,CEN,1268-3364,1,0,88,88,0,WR,0,0,,,,,,,,,,,,,,,,,,,,,,,,,,,,,,,,,,,,,,,,,,0.0,0.0,0.0,0.0,0.0,,,,,,,,,,,,,,,,,,,,,,,,,,,,,,,,,,,,,,,,,,,,,,,,,,,,,,,,,,,,,,,,,,,,,,,,,,,,,,,,,,-1.0092643474538354,9373,63
2026-27,football,Southern Athletic Association (SAA),saa,Rhodes,"Thompson,Christian",Christian,Thompson,,573,"Thompson,Christian","THOMPSON,CHRISTIAN",Rhodes,RHO,1390-5134,1,0,23,23,0,0,DB,0,,,,,,,,,,,,,,,,,,,,,,,,,,,,,,,,,,,,,,,,,,0.0,0.0,0.0,0.0,0.0,,,,,,,,,,,,,,,,,,,,,,,,,,,,,,,,,,,,,,,,,,,,,,,,,,,,,,,,,,,,,,,,,,,,,,,,,,,,,,,,,,-1.0092643474538354,9377,63
2026-27,football,Southern Athletic Association (SAA),saa,Rhodes,"Welker,Calvin",Calvin,Welker,,573,"Welker,Calvin","WELKER,CALVIN",Rhodes,RHO,1390-5010,2,1,17,17,0,WR,0,0,,,,,,,,,,,,,,,,,,,,,,,,,,,,,,,,,,,,,,,,,,0.0,0.0,0.0,0.0,0.0,,,,,,,,,,,,,,,,,,,,,,,,,,,,,,,,,,,,,,,,,,,,,,,,,,,,,,,,,,,,,,,,,,,,,,,,,,,,,,,,,,-1.0092643474538354,9386,63
2026-27,football,Southern Athletic Association (SAA),saa,Rhodes,"Daniel,Robert",Robert,Daniel,,573,"Daniel,Robert","DANIEL,ROBERT",Rhodes,RHO,1390-4586,3,2,6,6,0,RB,0,0,,,,,,,,0.0,1.0,0.0,1.0,1.0,0.0,0.0,0.0,0.0,0.0,0.0,0.0,0.0,0.0,0.0,0.0,0.0,0.0,0.0,0.0,0.0,0.0,0.0,0.0,,,,,,,,,,,0.0,0.0,0.0,0.0,0.0,,,,,,,,,,,,,,36.0,215.0,221.0,6.0,0.0,55.0,6.0,71.7,,,,,,,,,,,,,,,,,,,,,,,,,,,,,,,,,,,,,,,,,,,,,,,,,,,,,,,,,,,,,-1.0104532326957858,9396,63
2026-27,football,Southern Athletic Association (SAA),saa,Berry,Bryce Kazmierczak,Bryce,Kazmierczak,,973,Bryce Kazmierczak,"KAZMIERCZAK,BRYCE",Berry,BERRY,838-3353,2,0,F2,F2,0,0,0,0,,,,,,,,0.0,1.0,1.0,2.0,2.0,0.5,0.0,0.0,0.0,1.0,3.0,0.0,0.0,0.0,0.0,0.0,0.0,0.0,0.0,0.0,0.0,0.0,0.0,0.0,,,,,,,,,,,,,,,,,,,,,,,,,,,,,,,,,,,,,,,,,,,,,,,,,,,,,,,,,,,,,,,,,,,,,,,,,,,,,,,,,,,,,,,,,,,,,,,,,-1.0132278810555992,9406,63
2026-27,football,Southern Athletic Association (SAA),saa,Maryville College,"Hammack,Chuck",Chuck,Hammack,,396,"Hammack,Chuck","HAMMACK,CHUCK",Maryville College,MAR,1027-2164,1,0,13,8B,0,0,DL,0,,,,,,,,0.0,1.0,1.0,2.0,2.0,0.5,0.0,0.0,0.0,1.0,1.0,0.0,0.0,0.0,0.0,0.0,0.0,0.0,0.0,0.0,0.0,0.0,0.0,0.0,,,,,,,,,,,,,,,,,,,,,,,,,,,,,,,,,,,,,,,,,,,,,,,,,,,,,,,,,,,,,,,,,,,,,,,,,,,,,,,,,,,,,,,,,,,,,,,,,-1.0132278810555992,9410,63
2026-27,football,Southern Athletic Association (SAA),saa,Berry,Vinny Pacini,Vinny,Pacini,,973,Vinny Pacini,"PACINI,VINNY",Berry,BERRY,838-3361,2,0,D0,D0,0,0,0,0,,,,,,,,0.0,1.0,1.0,2.0,2.0,0.5,0.0,0.0,0.0,1.0,3.0,0.0,0.0,0.0,0.0,0.0,0.0,0.0,0.0,0.0,0.0,0.0,0.0,0.0,,,,,,,,,,,,,,,,,,,,,,,,,,,,,,,,,,,,,,,,,,,,,,,,,,,,,,,,,,,,,,,,,,,,,,,,,,,,,,,,,,,,,,,,,,,,,,,,,-1.0132278810555992,9434,63
2026-27,football,Southern Athletic Association (SAA),saa,Rhodes,"Meadows,Cayson",Cayson,Meadows,,573,"Meadows,Cayson","MEADOWS,CAYSON",Rhodes,RHO,1390-5139,1,0,32,32,0,RB,0,0,,,,,,,,,,,,,,,,,,,,,,,,,,,,,,,,,,,,,,,,,,,,,,,,,,,,,,,,,,,,2.0,2.0,5.0,3.0,0.0,5.0,1.0,2.0,,,,,,,,,,,,,,,,,,,,,,,,,,,,,,,,,,,,,,,,,,,,,,,,,,,,,,,,,,,,,-1.0230848556472818,9463,63
2026-27,football,Southern Athletic Association (SAA),saa,Maryville College,"Duke,Emiliano",Emiliano,Duke,,396,"Duke,Emiliano","DUKE,EMILIANO",Maryville College,MAR,1027-2649,1,0,25,2V,0,0,DB,0,,,,,,,,,,,,,,,,,,,,,,,,,,,,,,,,,,,,,,,,,,1.0,-3.0,0.0,0.0,-3.0,,,,,,,,,,,,,,,,,,,,,,,,,,,,,,,,,,,,,,,,,,,,,,,,,,,,,,,,,,,,,,,,,,,,,,,,,,,,,,,,,,-1.0443690683228468,9509,63
2026-27,football,Southern Athletic Association (SAA),saa,Centre,"Bostock,Caden",Caden,Bostock,,132,"Bostock,Caden","BOSTOCK,CADEN",Centre,CEN,1268-3333,1,0,22,22,0,RB,0,0,,,,,,,,,,,,,,,,,,,,,,,,,,,,,,,,,,,,,,,,,,,,,,,,,,,,,,,,,,,,1.0,0.0,0.0,0.0,0.0,0.0,0.0,0.0,,,,,,,,,,,,,,,,,,,,,,,,,,,,,,,,,,,,,,,,,,,,,,,,,,,,,,,,,,,,,-1.045735009007457,9517,63
2026-27,football,Southern Athletic Association (SAA),saa,Sewanee,"Love,Braxten",Braxten,Love,,652,"Love,Braxten","LOVE,BRAXTEN",Sewanee,SEW,1321-3576,3,3,77,77,0,OL,0,0,,,,,,,,,,,,,,,,,,,,,,,,,,,,,,,,,,,,,,,,,,,,,,,,,,,,,,,,,,,,0.0,0.0,0.0,0.0,0.0,0.0,0.0,0.0,,,,,,,,,,,,,,,,,,,,,,,,,,,,,,,,,,,,,,,,,,,,,,,,,,,,,,,,,,,,,-1.045735009007457,9547,63
2026-27,football,Southern Athletic Association (SAA),saa,Trinity,"Shandy,Tristen",Tristen,Shandy,,715,"Shandy,Tristen","SHANDY,TRISTEN",Trinity,TU,0,3,3,65,65,0,OL,0,0,,,,,,,,,,,,,,,,,,,,,,,,,,,,,,,,,,,,,,,,,,,,,,,,,,,,,,,,,,,,0.0,0.0,0.0,0.0,0.0,0.0,0.0,0.0,,,,,,,,,,,,,,,,,,,,,,,,,,,,,,,,,,,,,,,,,,,,,,,,,,,,,,,,,,,,,-1.045735009007457,9562,63
2026-27,football,Southern Athletic Association (SAA),saa,Southwestern,"Sims,Jaxon",Jaxon,Sims,,8746,"Sims,Jaxon","SIMS,JAXON",Southwestern,SWU,1322-2775,3,2,6,6,0,QB,0,0,,,,,,,,,,,,,,,,,,,,,,,,,,,,,,,,,,,,,,,,,,,,,,,,,,,,,,,,,,,,13.0,-3.0,25.0,28.0,0.0,8.0,-0.2,-1.0,21.0,4.0,87.0,6.0,530.0,6.0,86.0,40.0,107.3,6.16,13.25,176.7,,,,,,,,,,,,,,,,,,,,,,,,,,,,,,,,,,,,,,,,,,,,,,,,,-1.0582865996128406,9594,62
2026-27,football,Southern Athletic Association (SAA),saa,Millsaps,"Johnson,Sean",Sean,Johnson,,426,"Johnson,Sean","JOHNSON,SEAN",Millsaps,MC,1282-3236,3,3,0,0,0,WR,0,0,,,,,,,,0.0,1.0,0.0,1.0,1.0,0.0,0.0,0.0,0.0,0.0,0.0,0.0,0.0,0.0,0.0,0.0,0.0,0.0,0.0,0.0,0.0,0.0,0.0,0.0,,,,,,,,,,,12.0,94.0,1.0,20.0,7.8,,0.0,1.0,0.0,0.0,0.0,0.0,0.0,0.0,0.0,6.0,6.0,2.0,,,,,,,,,,,,,,,,,,,,,,,,,,,,,,,,,1.0,1.0,,,,,,,,,,,,,,,,,,,,,,,,,,,,,,,,,,,-1.0692277736521434,9611,62
2026-27,football,Southern Athletic Association (SAA),saa,Berry,Eli Warrington,Eli,Warrington,,973,Eli Warrington,"WARRINGTON,ELI",Berry,BERRY,838-3191,3,3,16,16,0,WR,0,0,,,,,,,,0.0,1.0,0.0,1.0,1.0,0.0,0.0,0.0,0.0,0.0,0.0,0.0,0.0,0.0,0.0,0.0,0.0,0.0,0.0,0.0,0.0,0.0,0.0,0.0,,,,,,,,,,,7.0,112.0,0.0,36.0,16.0,,,,,,,,,,,,,,,,,,,,,,,,,,,,,,,,,,,,,,,,,,,,,,,,,,,,,,,,,,,,,,,,,,,,,,,,,,,,,,,,,,-1.0890334641307338,9655,62
2026-27,football,Southern Athletic Association (SAA),saa,Centre,"Anthony,Brenden",Brenden,Anthony,,132,"Anthony,Brenden","ANTHONY,BRENDEN",Centre,CEN,1268-3329,2,0,50,5J,0,0,LB,0,,,,,,,,0.0,3.0,1.0,4.0,4.0,0.0,0.0,0.0,0.0,0.0,0.0,0.0,0.0,0.0,0.0,0.0,0.0,0.0,0.0,0.0,0.0,0.0,0.0,0.0,,,,,,,,,,,,,,,,,,,,,,,,,,,,,,,,,,,,,,,,,,,,,,,,,,,,,,,,,,,,,,,,,,,,,,,,,,,,,,,,,,,,,,,,,,,,,,,,,-1.0918423583174532,9685,62
2026-27,football,Southern Athletic Association (SAA),saa,Sewanee,"Barber,Buck",Buck,Barber,,652,"Barber,Buck","BARBER,BUCK",Sewanee,SEW,1321-3580,3,1,44,44,0,0,DL,0,,,,,,,,0.0,1.0,3.0,4.0,4.0,0.0,0.0,0.0,0.0,0.0,0.0,0.0,0.0,0.0,0.0,0.0,0.0,0.0,0.0,0.0,0.0,0.0,0.0,0.0,,,,,,,,,,,,,,,,,,,,,,,,,,,,,,,,,,,,,,,,,,,,,,,,,,,,,,,,,,,,,,,,,,,,,,,,,,,,,,,,,,,,,,,,,,,,,,,,,-1.0918423583174532,9690,62
2026-27,football,Southern Athletic Association (SAA),saa,Centre,"Cole,Luke",Luke,Cole,,132,"Cole,Luke","COLE,LUKE",Centre,CEN,1268-3151,3,0,36,36,0,0,DE,0,,,,,,,,0.0,2.0,2.0,4.0,4.0,0.0,0.0,0.0,0.0,0.0,0.0,0.0,0.0,0.0,0.0,0.0,0.0,1.0,0.0,0.0,0.0,0.0,0.0,0.0,,,,,,,,,,,,,,,,,,,,,,,,,,,,,,,,,,,,,,,,,,,,,,,,,,,,,,,,,,,,,,,,,,,,,,,,,,,,,,,,,,,,,,,,,,,,,,,,,-1.0918423583174532,9713,62
2026-27,football,Southern Athletic Association (SAA),saa,Maryville College,"Duke,Nick",Nick,Duke,,396,"Duke,Nick","DUKE,NICK",Maryville College,MAR,1027-2480,4,1,12,1V,0,0,DB,0,,,,,,,,0.0,4.0,0.0,4.0,4.0,0.0,0.0,0.0,0.0,0.0,0.0,0.0,0.0,0.0,0.0,0.0,0.0,0.0,0.0,0.0,0.0,0.0,0.0,0.0,,,,,,,,,,,,,,,,,,,,,,,,,,,,,,,,,,,,,,,,,,,,,,,,,,,,,,,,,,,,,,,,,,,,,,,,,,,,,,,,,,,,,,,,,,,,,,,,,-1.0918423583174532,9725,62
2026-27,football,Southern Athletic Association (SAA),saa,Centre,"Gillespie,Corvin",Corvin,Gillespie,,132,"Gillespie,Corvin","GILLESPIE,CORVIN",Centre,CEN,1268-3147,3,0,32,32,0,0,LB,0,,,,,,,,0.0,3.0,1.0,4.0,4.0,0.0,0.0,0.0,0.0,0.0,0.0,0.0,0.0,0.0,0.0,0.0,0.0,1.0,0.0,0.0,0.0,0.0,0.0,0.0,,,,,,,,,,,,,,,,,,,,,,,,,,,,,,,,,,,,,,,,,,,,,,,,,,,,,,,,,,,,,,,,,,,,,,,,,,,,,,,,,,,,,,,,,,,,,,,,,-1.0918423583174532,9737,62
2026-27,football,Southern Athletic Association (SAA),saa,Southwestern,"Johnson,Gavin",Gavin,Johnson,,8746,"Johnson,Gavin","JOHNSON,GAVIN",Southwestern,SWU,1322-3040,2,1,30,30,0,0,LB,0,,,,,,,,0.0,3.0,1.0,4.0,4.0,0.0,0.0,0.0,0.0,0.0,0.0,0.0,0.0,0.0,0.0,0.0,0.0,0.0,0.0,0.0,0.0,0.0,0.0,0.0,,,,,,,,,,,,,,,,,,,,,,,,,,,,,,,,,,,,,,,,,,,,,,,,,,,,,,,,,,,,,,,,,,,,,,,,,,,,,,,,,,,,,,,,,,,,,,,,,-1.0918423583174532,9758,62
2026-27,football,Southern Athletic Association (SAA),saa,Rhodes,"Metz,Justin",Justin,Metz,,573,"Metz,Justin","METZ,JUSTIN",Rhodes,RHO,1390-4998,2,1,45,45,0,0,LB,0,,,,,,,,0.0,4.0,0.0,4.0,4.0,0.0,0.0,0.0,0.0,0.0,0.0,0.0,0.0,0.0,0.0,0.0,1.0,0.0,0.0,0.0,0.0,0.0,0.0,0.0,,,,,,,,,,,,,,,,,,,,,,,,,,,,,,,,,,,,,,,,,,,,,,,,,,,,,,,,,,,,,,,,,,,,,,,,,,,,,,,,,,,,,,,,,,,,,,,,,-1.0918423583174532,9790,62
2026-27,football,Southern Athletic Association (SAA),saa,Maryville College,"Moore,Andrew",Andrew,Moore,,396,"Moore,Andrew","MOORE,ANDREW",Maryville College,MAR,1027-2179,3,0,26,36,0,0,DB,0,,,,,,,,0.0,3.0,1.0,4.0,4.0,0.0,0.0,0.0,0.0,0.0,0.0,0.0,0.0,0.0,0.0,0.0,0.0,0.0,0.0,0.0,0.0,0.0,0.0,0.0,,,,,,,,,,,,,,,,,,,,,,,,,,,,,,,,,,,,,,,,,,,,,,,,,,,,,,,,,,,,,,,,,,,,,,,,,,,,,,,,,,,,,,,,,,,,,,,,,-1.0918423583174532,9793,62
2026-27,football,Southern Athletic Association (SAA),saa,Millsaps,"Strain,Mikey",Mikey,Strain,,426,"Strain,Mikey","STRAIN,MIKEY",Millsaps,MC,1282-2704,2,2,17,1H,0,0,LB,0,,,,,,,,0.0,1.0,3.0,4.0,4.0,0.0,0.0,0.0,0.0,0.0,0.0,0.0,0.0,0.0,0.0,0.0,0.0,0.0,0.0,0.0,0.0,0.0,0.0,0.0,,,,,,,,,,,,,,,,,,,,,,,,,,,,,,,,,,,,,,,,,,,,,,,,,,,,,,,,,,,,,,,,,,,,,,,,,,,,,,,,,,,,,,,,,,,,,,,,,-1.0918423583174532,9839,62
2026-27,football,Southern Athletic Association (SAA),saa,Berry,"Davis,Dylan",Dylan,Davis,,973,"Davis,Dylan","DAVIS,DYLAN",Berry,BERRY,838-3334,1,0,22,22,0,0,LB,0,,,,,,,,0.0,0.0,1.0,1.0,1.0,0.5,0.0,0.0,0.0,1.0,0.0,0.0,0.0,0.0,0.0,0.0,0.0,0.0,0.0,0.0,0.0,0.0,0.0,0.0,,,,,,,,,,,,,,,,,,,,,,,,,,,,,,,,,,,,,,,,,,,,,,,,,,,,,,,,,,,,,,,,,,,,,,,,,,,,,,,,,,,,,,,,,,,,,,,,,-1.1127288824342216,9890,61
2026-27,football,Southern Athletic Association (SAA),saa,Maryville College,"McCray,Zaire",Zaire,McCray,,396,"McCray,Zaire","MCCRAY,ZAIRE",Maryville College,MAR,1027-2495,2,0,97,8Q,0,0,DL,0,,,,,,,,0.0,0.0,1.0,1.0,1.0,0.5,0.0,0.0,0.0,1.0,2.0,0.0,0.0,0.0,0.0,0.0,0.0,0.0,0.0,0.0,0.0,0.0,0.0,0.0,,,,,,,,,,,,,,,,,,,,,,,,,,,,,,,,,,,,,,,,,,,,,,,,,,,,,,,,,,,,,,,,,,,,,,,,,,,,,,,,,,,,,,,,,,,,,,,,,-1.1127288824342216,9904,61
2026-27,football,Southern Athletic Association (SAA),saa,Maryville College,"Zulu,Mushaba",Mushaba,Zulu,,396,"Zulu,Mushaba","ZULU,MUSHABA",Maryville College,MAR,1027-2512,4,3,5,1I,0,RB,0,0,,,,,,,,0.0,0.0,0.0,0.0,0.0,0.0,0.0,0.0,0.0,0.0,0.0,0.0,0.0,0.0,0.0,0.0,0.0,0.0,0.0,0.0,0.0,0.0,0.0,0.0,,,,,,,,,,,5.0,48.0,0.0,20.0,9.6,,0.0,1.0,0.0,0.0,0.0,0.0,0.0,0.0,0.0,6.0,6.0,1.5,32.0,142.0,163.0,21.0,1.0,31.0,4.4,35.5,,,,,,,,,,,,,,,,,,,,,,,,,1.0,1.0,,,,,,,,,,,,,,,,,,,,,,,,,,,,,,,,,,,-1.1546462026536934,9956,61
2026-27,football,Southern Athletic Association (SAA),saa,Maryville College,"Cobble,Casey",Casey,Cobble,,396,"Cobble,Casey","COBBLE,CASEY",Maryville College,MAR,1027-2454,4,0,16,1T,0,WR,0,0,,,,,,,,0.0,2.0,0.0,2.0,2.0,0.0,0.0,0.0,0.0,0.0,0.0,0.0,0.0,0.0,0.0,0.0,0.0,0.0,0.0,0.0,0.0,0.0,0.0,0.0,,,,,,,,,,,8.0,97.0,0.0,41.0,12.1,,,,,,,,,,,,,,,,,,,,,,,,,,,,,,,,,,,,,,,,,,,,,,,,,,,,,,,,,,,,,,,,,,,,,,,,,,,,,,,,,,-1.165056067097168,9960,61
2026-27,football,Southern Athletic Association (SAA),saa,Millsaps,"Reed Jr.,Carl",Carl,Reed Jr.,,426,"Reed Jr.,Carl","REED JR.,CARL",Millsaps,MC,1282-3135,2,0,19,19,0,QB,0,0,,,,,,,,0.0,0.0,0.0,0.0,0.0,0.0,0.0,0.0,0.0,0.0,0.0,0.0,0.0,0.0,0.0,0.0,0.0,0.0,0.0,0.0,0.0,0.0,0.0,0.0,,,,,,,,,,,,,,,,,0.0,1.0,0.0,0.0,0.0,0.0,0.0,0.0,0.0,6.0,6.0,3.0,3.0,50.0,50.0,0.0,1.0,43.0,16.7,25.0,,,,,,,,,,,,,,,,,,,,,,,,,,,,,,,,,,,,,,,,,,,,,,,,,,,,,,,,,,,,,-1.174841552204262,9971,61
2026-27,football,Southern Athletic Association (SAA),saa,Rhodes,"Kurak,Dunaven",Dunaven,Kurak,,573,"Kurak,Dunaven","KURAK,DUNAVEN",Rhodes,RHO,1390-4993,3,2,19,19,0,WR,0,0,,,,,,,,0.0,2.0,0.0,2.0,2.0,0.0,0.0,0.0,0.0,0.0,0.0,0.0,0.0,0.0,0.0,0.0,0.0,0.0,0.0,0.0,0.0,0.0,0.0,0.0,,,,,,,,,,,8.0,96.0,0.0,32.0,12.0,,,,,,,,,,,,,,,,,,,,,,,,,,,,,,,,,,,,,,,,,,,,,,,,,,,,,,,,,,,,,,,,,,,,,,,,,,,,,,,,,,-1.1767576407201716,9974,61
2026-27,football,Southern Athletic Association (SAA),saa,Trinity,"Ramirez,Kade",Kade,Ramirez,,715,"Ramirez,Kade","RAMIREZ,KADE",Trinity,TU,0,3,2,82,82,0,WR,0,0,,,,,,,,0.0,0.0,0.0,0.0,0.0,0.0,0.0,0.0,0.0,0.0,0.0,0.0,0.0,0.0,0.0,0.0,0.0,0.0,0.0,0.0,0.0,0.0,0.0,0.0,,,,,,,,,,,5.0,44.0,1.0,15.0,8.8,,0.0,1.0,0.0,0.0,0.0,0.0,0.0,0.0,0.0,6.0,6.0,2.0,,,,,,,,,,,,,,,,,,,,,,,,,,,,,,,,,,,,,,,,,,,,,,,,,,,,,,,,,,,,,,,,,,,,,-1.1796845647131209,9978,61
2026-27,football,Southern Athletic Association (SAA),saa,Rhodes,"Alexander,Jordan",Jordan,Alexander,,573,"Alexander,Jordan","ALEXANDER,JORDAN",Rhodes,RHO,1390-4965,2,0,11,1A,0,0,DB,0,,,,,,,,0.0,3.0,0.0,3.0,3.0,0.0,0.0,0.0,0.0,0.0,0.0,0.0,0.0,0.0,0.0,0.0,0.0,0.0,0.0,0.0,0.0,0.0,0.0,0.0,,,,,,,,,,,,,,,,,,,,,,,,,,,,,,,,,,,,,,,,,,,,,,,,,,,,,,,,,,,,,,,,,,,,,,,,,,,,,,,,,,,,,,,,,,,,,,,,,-1.1913433596960756,9997,61
2026-27,football,Southern Athletic Association (SAA),saa,Millsaps,"Cheshire,Jaxon",Jaxon,Cheshire,,426,"Cheshire,Jaxon","CHESHIRE,JAXON",Millsaps,MC,1282-2909,3,0,44,44,0,0,DL,0,,,,,,,,0.0,1.0,2.0,3.0,3.0,0.0,0.0,0.0,0.0,0.0,0.0,0.0,0.0,0.0,0.0,0.0,0.0,0.0,0.0,0.0,0.0,0.0,0.0,0.0,,,,,,,,,,,,,,,,,,,,,,,,,,,,,,,,,,,,,,,,,,,,,,,,,,,,,,,,,,,,,,,,,,,,,,,,,,,,,,,,,,,,,,,,,,,,,,,,,-1.1913433596960756,10030,61
2026-27,football,Southern Athletic Association (SAA),saa,Rhodes,"Drake,Calvin",Calvin,Drake,,573,"Drake,Calvin","DRAKE,CALVIN",Rhodes,RHO,1390-5133,2,0,18,18,0,0,DB,0,,,,,,,,0.0,3.0,0.0,3.0,3.0,0.0,0.0,0.0,0.0,0.0,0.0,0.0,0.0,0.0,0.0,0.0,0.0,0.0,0.0,0.0,0.0,0.0,0.0,0.0,,,,,,,,,,,,,,,,,,,,,,,,,,,,,,,,,,,,,,,,,,,,,,,,,,,,,,,,,,,,,,,,,,,,,,,,,,,,,,,,,,,,,,,,,,,,,,,,,-1.1913433596960756,10048,61
2026-27,football,Southern Athletic Association (SAA),saa,Millsaps,"Ferris,Kylar",Kylar,Ferris,,426,"Ferris,Kylar","FERRIS,KYLAR",Millsaps,MC,1282-3181,1,0,14,1E,0,0,DB,0,,,,,,,,0.0,2.0,1.0,3.0,3.0,0.0,0.0,0.0,0.0,0.0,0.0,0.0,0.0,0.0,0.0,0.0,0.0,0.0,0.0,0.0,0.0,0.0,0.0,0.0,,,,,,,,,,,,,,,,,,,,,,,,,,,,,,,,,,,,,,,,,,,,,,,,,,,,,,,,,,,,,,,,,,,,,,,,,,,,,,,,,,,,,,,,,,,,,,,,,-1.1913433596960756,10051,61
2026-27,football,Southern Athletic Association (SAA),saa,Trinity,"Fossey,George",George,Fossey,,715,"Fossey,George","FOSSEY,GEORGE",Trinity,TU,0,3,0,13,13,0,0,DB,0,,,,,,,,0.0,2.0,1.0,3.0,3.0,0.0,0.0,0.0,0.0,0.0,0.0,0.0,0.0,0.0,0.0,0.0,0.0,0.0,0.0,0.0,0.0,0.0,0.0,0.0,,,,,,,,,,,,,,,,,,,,,,,,,,,,,,,,,,,,,,,,,,,,,,,,,,,,,,,,,,,,,,,,,,,,,,,,,,,,,,,,,,,,,,,,,,,,,,,,,-1.1913433596960756,10054,61
2026-27,football,Southern Athletic Association (SAA),saa,Sewanee,"Foster,Will",Will,Foster,,652,"Foster,Will","FOSTER,WILL",Sewanee,SEW,1321-3321,3,0,35,35,0,0,LB,0,,,,,,,,0.0,2.0,1.0,3.0,3.0,0.0,0.0,0.0,0.0,0.0,0.0,0.0,0.0,0.0,0.0,0.0,0.0,0.0,0.0,0.0,0.0,0.0,0.0,0.0,,,,,,,,,,,,,,,,,,,,,,,,,,,,,,,,,,,,,,,,,,,,,,,,,,,,,,,,,,,,,,,,,,,,,,,,,,,,,,,,,,,,,,,,,,,,,,,,,-1.1913433596960756,10055,61
2026-27,football,Southern Athletic Association (SAA),saa,Rhodes,"Gourley,Kendrick",Kendrick,Gourley,,573,"Gourley,Kendrick","GOURLEY,KENDRICK",Rhodes,RHO,1390-5144,3,0,42,42,0,0,LB,0,,,,,,,,0.0,2.0,1.0,3.0,3.0,0.0,0.0,0.0,0.0,0.0,0.0,0.0,0.0,0.0,0.0,0.0,0.0,0.0,0.0,0.0,0.0,0.0,0.0,0.0,,,,,,,,,,,,,,,,,,,,,,,,,,,,,,,,,,,,,,,,,,,,,,,,,,,,,,,,,,,,,,,,,,,,,,,,,,,,,,,,,,,,,,,,,,,,,,,,,-1.1913433596960756,10069,61
2026-27,football,Southern Athletic Association (SAA),saa,Rhodes,"Griffin,Joshua",Joshua,Griffin,,573,"Griffin,Joshua","GRIFFIN,JOSHUA",Rhodes,RHO,1390-4985,1,0,1,1K,0,0,DB,0,,,,,,,,0.0,3.0,0.0,3.0,3.0,0.0,0.0,0.0,0.0,0.0,0.0,0.0,0.0,0.0,0.0,0.0,0.0,0.0,0.0,0.0,0.0,0.0,0.0,0.0,,,,,,,,,,,,,,,,,,,,,,,,,,,,,,,,,,,,,,,,,,,,,,,,,,,,,,,,,,,,,,,,,,,,,,,,,,,,,,,,,,,,,,,,,,,,,,,,,-1.1913433596960756,10072,61
2026-27,football,Southern Athletic Association (SAA),saa,Millsaps,"Jacobs,Chase",Chase,Jacobs,,426,"Jacobs,Chase","JACOBS,CHASE",Millsaps,MC,1282-2811,3,0,34,34,0,0,LB,0,,,,,,,,0.0,3.0,0.0,3.0,3.0,0.0,0.0,0.0,0.0,0.0,0.0,0.0,0.0,0.0,0.0,0.0,1.0,0.0,0.0,0.0,0.0,0.0,0.0,0.0,,,,,,,,,,,,,,,,,,,,,,,,,,,,,,,,,,,,,,,,,,,,,,,,,,,,,,,,,,,,,,,,,,,,,,,,,,,,,,,,,,,,,,,,,,,,,,,,,-1.1913433596960756,10098,61
2026-27,football,Southern Athletic Association (SAA),saa,Centre,"Nichols,Will",Will,Nichols,,132,"Nichols,Will","NICHOLS,WILL",Centre,CEN,1268-2871,1,0,24,2D,0,0,LB,0,,,,,,,,0.0,2.0,1.0,3.0,3.0,0.0,0.0,0.0,0.0,0.0,0.0,0.0,0.0,0.0,0.0,0.0,0.0,0.0,0.0,0.0,0.0,0.0,0.0,0.0,,,,,,,,,,,,,,,,,,,,,,,,,,,,,,,,,,,,,,,,,,,,,,,,,,,,,,,,,,,,,,,,,,,,,,,,,,,,,,,,,,,,,,,,,,,,,,,,,-1.1913433596960756,10155,61
2026-27,football,Southern Athletic Association (SAA),saa,Maryville College,"Phillips,Carmine",Carmine,Phillips,,396,"Phillips,Carmine","PHILLIPS,CARMINE",Maryville College,MAR,1027-2693,3,0,10,10,0,0,DB,0,,,,,,,,0.0,2.0,1.0,3.0,3.0,0.0,0.0,0.0,0.0,0.0,0.0,0.0,0.0,0.0,0.0,0.0,0.0,0.0,0.0,0.0,0.0,0.0,0.0,0.0,,,,,,,,,,,,,,,,,,,,,,,,,,,,,,,,,,,,,,,,,,,,,,,,,,,,,,,,,,,,,,,,,,,,,,,,,,,,,,,,,,,,,,,,,,,,,,,,,-1.1913433596960756,10173,60
2026-27,football,Southern Athletic Association (SAA),saa,Millsaps,"Reyes,Sebastian",Sebastian,Reyes,,426,"Reyes,Sebastian","REYES,SEBASTIAN",Millsaps,MC,1282-3217,2,0,56,56,0,0,DL,0,,,,,,,,0.0,1.0,2.0,3.0,3.0,0.0,0.0,0.0,0.0,0.0,0.0,0.0,0.0,0.0,0.0,0.0,0.0,0.0,0.0,0.0,0.0,0.0,0.0,0.0,,,,,,,,,,,,,,,,,,,,,,,,,,,,,,,,,,,,,,,,,,,,,,,,,,,,,,,,,,,,,,,,,,,,,,,,,,,,,,,,,,,,,,,,,,,,,,,,,-1.1913433596960756,10185,60
2026-27,football,Southern Athletic Association (SAA),saa,Centre,"Silverthorn,Lucius",Lucius,Silverthorn,,132,"Silverthorn,Lucius","SILVERTHORN,LUCIUS",Centre,CEN,1268-2879,2,0,3,0C,0,0,DB,0,,,,,,,,0.0,2.0,1.0,3.0,3.0,0.0,0.0,0.0,0.0,0.0,0.0,0.0,0.0,0.0,0.0,0.0,0.0,0.0,0.0,0.0,0.0,0.0,0.0,0.0,,,,,,,,,,,,,,,,,,,,,,,,,,,,,,,,,,,,,,,,,,,,,,,,,,,,,,,,,,,,,,,,,,,,,,,,,,,,,,,,,,,,,,,,,,,,,,,,,-1.1913433596960756,10208,60
2026-27,football,Southern Athletic Association (SAA),saa,Trinity,"Uffelman,Scott",Scott,Uffelman,,715,"Uffelman,Scott","UFFELMAN,SCOTT",Trinity,TU,0,3,0,37,37,0,0,DB,0,,,,,,,,0.0,2.0,1.0,3.0,3.0,0.0,0.0,0.0,0.0,0.0,0.0,0.0,0.0,0.0,0.0,0.0,0.0,0.0,0.0,0.0,0.0,0.0,0.0,0.0,,,,,,,,,,,,,,,,,,,,,,,,,,,,,,,,,,,,,,,,,,,,,,,,,,,,,,,,,,,,,,,,,,,,,,,,,,,,,,,,,,,,,,,,,,,,,,,,,-1.1913433596960756,10228,60
2026-27,football,Southern Athletic Association (SAA),saa,Southwestern,"Baylor,Devin",Devin,Baylor,,8746,"Baylor,Devin","BAYLOR,DEVIN",Southwestern,SWU,1322-3027,3,1,22,22,0,RB,0,0,,,,,,,,0.0,2.0,0.0,2.0,2.0,0.0,0.0,0.0,0.0,0.0,0.0,0.0,0.0,0.0,0.0,0.0,0.0,0.0,0.0,0.0,0.0,0.0,0.0,0.0,,,,,,,,,,,3.0,30.0,0.0,15.0,10.0,,,,,,,,,,,,,,29.0,122.0,129.0,7.0,0.0,15.0,4.2,40.7,,,,,,,,,,,,,,,,,,,,,,,,,1.0,0.0,,,,,,,,,,,,,,,,,,,,,,,,,,,,,,,,,,,-1.1965170025445535,10246,60
2026-27,football,Southern Athletic Association (SAA),saa,Trinity,"Schmid,Colten",Colten,Schmid,,715,"Schmid,Colten","SCHMID,COLTEN",Trinity,TU,0,3,1,3,3S,0,WR,0,0,,,,,,,,,,,,,,,,,,,,,,,,,,,,,,,,,,,,,,,,,,1.0,5.0,0.0,5.0,5.0,,,,,,,,,,,,,,,,,,,,,,,,,,,,,,,,,,,,,,,,,,,,,,,,,,,,,,,,,,1.0,15.0,0.0,15.0,15.0,,,,,,,,,,,,,,,,,,,,-1.2204467515740631,10262,60
2026-27,football,Southern Athletic Association (SAA),saa,Centre,"Blythe,Tyler",Tyler,Blythe,,132,"Blythe,Tyler","BLYTHE,TYLER",Centre,CEN,1268-2840,3,3,12,12,0,RB,0,0,,,,,,,,,,,,,,,,,,,,,,,,,,,,,,,,,,,,,,,,,,4.0,15.0,0.0,10.0,3.8,,,,,,,,,,,,,,26.0,52.0,59.0,7.0,0.0,9.0,2.0,17.3,,,,,,,,,,,,,,,,,,,,,,,,,,,,,,,,,,,,,,,,,,,,,,,,,,,,,,,,,,,,,-1.2905717647516823,10330,60
2026-27,football,Southern Athletic Association (SAA),saa,Rhodes,"Bangert,Layne",Layne,Bangert,,573,"Bangert,Layne","BANGERT,LAYNE",Rhodes,RHO,1390-4969,2,1,92,92,0,0,DL,0,,,,,,,,0.0,0.0,2.0,2.0,2.0,0.0,0.0,0.0,0.0,0.0,0.0,0.0,0.0,0.0,0.0,0.0,0.0,0.0,0.0,0.0,0.0,0.0,0.0,0.0,,,,,,,,,,,,,,,,,,,,,,,,,,,,,,,,,,,,,,,,,,,,,,,,,,,,,,,,,,,,,,,,,,,,,,,,,,,,,,,,,,,,,,,,,,,,,,,,,-1.290844361074698,10355,60
2026-27,football,Southern Athletic Association (SAA),saa,Rhodes,"Brock,Oscar",Oscar,Brock,,573,"Brock,Oscar","BROCK,OSCAR",Rhodes,RHO,1390-4975,2,0,58,58,0,0,DL,0,,,,,,,,0.0,1.0,1.0,2.0,2.0,0.0,0.0,0.0,0.0,0.0,0.0,0.0,0.0,0.0,0.0,0.0,0.0,0.0,0.0,0.0,0.0,0.0,0.0,0.0,,,,,,,,,,,,,,,,,,,,,,,,,,,,,,,,,,,,,,,,,,,,,,,,,,,,,,,,,,,,,,,,,,,,,,,,,,,,,,,,,,,,,,,,,,,,,,,,,-1.290844361074698,10382,60
2026-27,football,Southern Athletic Association (SAA),saa,Millsaps,"Collier,Jaiden",Jaiden,Collier,,426,"Collier,Jaiden","COLLIER,JAIDEN",Millsaps,MC,1282-3233,3,0,90,90,0,0,DL,0,,,,,,,,0.0,2.0,0.0,2.0,2.0,0.0,0.0,0.0,0.0,0.0,0.0,0.0,0.0,0.0,0.0,0.0,0.0,1.0,0.0,0.0,0.0,0.0,0.0,0.0,,,,,,,,,,,,,,,,,,,,,,,,,,,,,,,,,,,,,,,,,,,,,,,,,,,,,,,,,,,,,,,,,,,,,,,,,,,,,,,,,,,,,,,,,,,,,,,,,-1.290844361074698,10421,60
2026-27,football,Southern Athletic Association (SAA),saa,Berry,Colson Montgomery,Colson,Montgomery,,973,Colson Montgomery,"MONTGOMERY,COLSON",Berry,BERRY,838-3137,1,0,08,08,0,0,0,0,,,,,,,,0.0,0.0,2.0,2.0,2.0,0.0,0.0,0.0,0.0,0.0,0.0,0.0,0.0,0.0,0.0,0.0,0.0,0.0,0.0,0.0,0.0,0.0,0.0,0.0,,,,,,,,,,,,,,,,,,,,,,,,,,,,,,,,,,,,,,,,,,,,,,,,,,,,,,,,,,,,,,,,,,,,,,,,,,,,,,,,,,,,,,,,,,,,,,,,,-1.290844361074698,10424,60
2026-27,football,Southern Athletic Association (SAA),saa,Berry,David Attaochu,David,Attaochu,,973,David Attaochu,"ATTAOCHU,DAVID",Berry,BERRY,838-3099,3,3,D2,D2,0,0,DL,0,,,,,,,,0.0,1.0,1.0,2.0,2.0,0.0,0.0,0.0,0.0,0.0,0.0,0.0,0.0,0.0,0.0,0.0,0.0,2.0,0.0,0.0,1.0,0.0,0.0,0.0,,,,,,,,,,,,,,,,,,,,,,,,,,,,,,,,,,,,,,,,,,,,,,,,,,,,,,,,,,,,,,,,,,,,,,,,,,,,,,,,,,,,,,,,,,,,,,,,,-1.290844361074698,10443,60
2026-27,football,Southern Athletic Association (SAA),saa,Maryville College,"DeRoche,Wyatt",Wyatt,DeRoche,,396,"DeRoche,Wyatt","DEROCHE,WYATT",Maryville College,MAR,1027-2466,1,0,54,9J,0,0,DL,0,,,,,,,,0.0,0.0,2.0,2.0,2.0,0.0,0.0,0.0,0.0,0.0,0.0,0.0,0.0,0.0,0.0,0.0,0.0,0.0,0.0,0.0,0.0,0.0,0.0,0.0,,,,,,,,,,,,,,,,,,,,,,,,,,,,,,,,,,,,,,,,,,,,,,,,,,,,,,,,,,,,,,,,,,,,,,,,,,,,,,,,,,,,,,,,,,,,,,,,,-1.290844361074698,10450,60
2026-27,football,Southern Athletic Association (SAA),saa,Berry,Dro Whitfield,Dro,Whitfield,,973,Dro Whitfield,"WHITFIELD,DRO",Berry,BERRY,838-3599,2,0,D3,D3,0,0,0,0,,,,,,,,0.0,2.0,0.0,2.0,2.0,0.0,0.0,0.0,0.0,0.0,0.0,0.0,0.0,0.0,0.0,0.0,0.0,0.0,0.0,0.0,0.0,0.0,0.0,0.0,,,,,,,,,,,,,,,,,,,,,,,,,,,,,,,,,,,,,,,,,,,,,,,,,,,,,,,,,,,,,,,,,,,,,,,,,,,,,,,,,,,,,,,,,,,,,,,,,-1.290844361074698,10464,59
2026-27,football,Southern Athletic Association (SAA),saa,Centre,"Giles,Emery",Emery,Giles,,132,"Giles,Emery","GILES,EMERY",Centre,CEN,1268-3347,2,0,12,1B,0,0,DB,0,,,,,,,,0.0,2.0,0.0,2.0,2.0,0.0,0.0,0.0,0.0,0.0,0.0,0.0,0.0,0.0,0.0,0.0,0.0,0.0,0.0,0.0,0.0,0.0,0.0,0.0,,,,,,,,,,,,,,,,,,,,,,,,,,,,,,,,,,,,,,,,,,,,,,,,,,,,,,,,,,,,,,,,,,,,,,,,,,,,,,,,,,,,,,,,,,,,,,,,,-1.290844361074698,10515,59
2026-27,football,Southern Athletic Association (SAA),saa,Sewanee,"Grooms,Dallas",Dallas,Grooms,,652,"Grooms,Dallas","GROOMS,DALLAS",Sewanee,SEW,1321-3160,3,0,15,15,0,0,DB,0,,,,,,,,0.0,1.0,1.0,2.0,2.0,0.0,0.0,0.0,0.0,0.0,0.0,0.0,0.0,0.0,0.0,0.0,0.0,0.0,0.0,0.0,0.0,0.0,0.0,0.0,,,,,,,,,,,,,,,,,,,,,,,,,,,,,,,,,,,,,,,,,,,,,,,,,,,,,,,,,,,,,,,,,,,,,,,,,,,,,,,,,,,,,,,,,,,,,,,,,-1.290844361074698,10524,59
2026-27,football,Southern Athletic Association (SAA),saa,Rhodes,"Hansen,Marshall",Marshall,Hansen,,573,"Hansen,Marshall","HANSEN,MARSHALL",Rhodes,RHO,1390-4807,2,0,25,25,0,0,LB,0,,,,,,,,0.0,2.0,0.0,2.0,2.0,0.0,0.0,0.0,0.0,0.0,0.0,0.0,0.0,0.0,0.0,0.0,0.0,0.0,0.0,0.0,0.0,0.0,0.0,0.0,,,,,,,,,,,,,,,,,,,,,,,,,,,,,,,,,,,,,,,,,,,,,,,,,,,,,,,,,,,,,,,,,,,,,,,,,,,,,,,,,,,,,,,,,,,,,,,,,-1.290844361074698,10533,59
2026-27,football,Southern Athletic Association (SAA),saa,Southwestern,"Jones,Court",Court,Jones,,8746,"Jones,Court","JONES,COURT",Southwestern,SWU,1322-3039,2,0,15,15,0,0,LB,0,,,,,,,,0.0,0.0,2.0,2.0,2.0,0.0,0.0,0.0,0.0,0.0,0.0,0.0,0.0,0.0,0.0,0.0,0.0,1.0,0.0,0.0,0.0,0.0,0.0,0.0,,,,,,,,,,,,,,,,,,,,,,,,,,,,,,,,,,,,,,,,,,,,,,,,,,,,,,,,,,,,,,,,,,,,,,,,,,,,,,,,,,,,,,,,,,,,,,,,,-1.290844361074698,10567,59
2026-27,football,Southern Athletic Association (SAA),saa,Centre,"Kern,Matthew",Matthew,Kern,,132,"Kern,Matthew","KERN,MATTHEW",Centre,CEN,1268-3354,2,0,26,2F,0,0,DB,0,,,,,,,,0.0,2.0,0.0,2.0,2.0,0.0,0.0,0.0,0.0,0.0,0.0,0.0,0.0,0.0,0.0,0.0,0.0,0.0,0.0,0.0,0.0,0.0,0.0,0.0,,,,,,,,,,,,,,,,,,,,,,,,,,,,,,,,,,,,,,,,,,,,,,,,,,,,,,,,,,,,,,,,,,,,,,,,,,,,,,,,,,,,,,,,,,,,,,,,,-1.290844361074698,10581,59
2026-27,football,Southern Athletic Association (SAA),saa,Centre,"Lainhart,Josh",Josh,Lainhart,,132,"Lainhart,Josh","LAINHART,JOSH",Centre,CEN,1268-3355,2,0,47,47,0,0,LB,0,,,,,,,,0.0,1.0,1.0,2.0,2.0,0.0,0.0,0.0,0.0,0.0,0.0,0.0,0.0,0.0,0.0,0.0,0.0,0.0,0.0,0.0,0.0,0.0,0.0,0.0,,,,,,,,,,,,,,,,,,,,,,,,,,,,,,,,,,,,,,,,,,,,,,,,,,,,,,,,,,,,,,,,,,,,,,,,,,,,,,,,,,,,,,,,,,,,,,,,,-1.290844361074698,10594,59
2026-27,football,Southern Athletic Association (SAA),saa,Millsaps,"McGrath,Landon",Landon,McGrath,,426,"McGrath,Landon","MCGRATH,LANDON",Millsaps,MC,1282-2928,3,0,37,37,0,0,0,0,,,,,,,,0.0,1.0,1.0,2.0,2.0,0.0,0.0,0.0,0.0,0.0,0.0,0.0,0.0,0.0,0.0,0.0,0.0,0.0,0.0,0.0,0.0,0.0,0.0,0.0,,,,,,,,,,,,,,,,,,,,,,,,,,,,,,,,,,,,,,,,,,,,,,,,,,,,,,,,,,,,,,,,,,,,,,,,,,,,,,,,,,,,,,,,,,,,,,,,,-1.290844361074698,10629,59
2026-27,football,Southern Athletic Association (SAA),saa,Rhodes,"McKinney,Stone",Stone,McKinney,,573,"McKinney,Stone","MCKINNEY,STONE",Rhodes,RHO,1390-4996,3,0,10,1M,0,0,LB,0,,,,,,,,0.0,2.0,0.0,2.0,2.0,0.0,0.0,0.0,0.0,0.0,0.0,0.0,0.0,0.0,0.0,0.0,0.0,0.0,0.0,0.0,0.0,0.0,0.0,0.0,,,,,,,,,,,,,,,,,,,,,,,,,,,,,,,,,,,,,,,,,,,,,,,,,,,,,,,,,,,,,,,,,,,,,,,,,,,,,,,,,,,,,,,,,,,,,,,,,-1.290844361074698,10630,59
2026-27,football,Southern Athletic Association (SAA),saa,Southwestern,"Muhle,Jacob",Jacob,Muhle,,8746,"Muhle,Jacob","MUHLE,JACOB",Southwestern,SWU,1322-3210,1,0,94,94,0,0,DL,0,,,,,,,,0.0,1.0,1.0,2.0,2.0,0.0,0.0,0.0,0.0,0.0,0.0,0.0,0.0,0.0,0.0,0.0,0.0,0.0,0.0,0.0,0.0,0.0,0.0,0.0,,,,,,,,,,,,,,,,,,,,,,,,,,,,,,,,,,,,,,,,,,,,,,,,,,,,,,,,,,,,,,,,,,,,,,,,,,,,,,,,,,,,,,,,,,,,,,,,,-1.290844361074698,10649,59
2026-27,football,Southern Athletic Association (SAA),saa,Rhodes,"Persiano,Nick",Nick,Persiano,,573,"Persiano,Nick","PERSIANO,NICK",Rhodes,RHO,1390-4578,1,0,24,24,0,0,LB,0,,,,,,,,0.0,2.0,0.0,2.0,2.0,0.0,0.0,0.0,0.0,0.0,0.0,0.0,0.0,0.0,0.0,0.0,0.0,1.0,0.0,0.0,0.0,0.0,0.0,0.0,,,,,,,,,,,,,,,,,,,,,,,,,,,,,,,,,,,,,,,,,,,,,,,,,,,,,,,,,,,,,,,,,,,,,,,,,,,,,,,,,,,,,,,,,,,,,,,,,-1.290844361074698,10673,59
2026-27,football,Southern Athletic Association (SAA),saa,Trinity,"Scarborough,Zac",Zac,Scarborough,,715,"Scarborough,Zac","SCARBOROUGH,ZAC",Trinity,TU,0,3,2,94,94,0,0,DL,0,,,,,,,,0.0,1.0,1.0,2.0,2.0,0.0,0.0,0.0,0.0,0.0,0.0,0.0,0.0,0.0,0.0,0.0,0.0,0.0,0.0,0.0,0.0,0.0,0.0,0.0,,,,,,,,,,,,,,,,,,,,,,,,,,,,,,,,,,,,,,,,,,,,,,,,,,,,,,,,,,,,,,,,,,,,,,,,,,,,,,,,,,,,,,,,,,,,,,,,,-1.290844361074698,10709,59
2026-27,football,Southern Athletic Association (SAA),saa,Centre,"Sherrer,Kaleb",Kaleb,Sherrer,,132,"Sherrer,Kaleb","SHERRER,KALEB",Centre,CEN,1268-2878,3,0,52,5B,0,0,DL,0,,,,,,,,0.0,1.0,1.0,2.0,2.0,0.0,0.0,0.0,0.0,0.0,0.0,0.0,0.0,0.0,0.0,0.0,0.0,0.0,0.0,0.0,0.0,0.0,0.0,0.0,,,,,,,,,,,,,,,,,,,,,,,,,,,,,,,,,,,,,,,,,,,,,,,,,,,,,,,,,,,,,,,,,,,,,,,,,,,,,,,,,,,,,,,,,,,,,,,,,-1.290844361074698,10719,59
2026-27,football,Southern Athletic Association (SAA),saa,Maryville College,"Whaley,Keaton",Keaton,Whaley,,396,"Whaley,Keaton","WHALEY,KEATON",Maryville College,MAR,0,1,0,20,2W,0,0,DB,0,,,,,,,,0.0,1.0,1.0,2.0,2.0,0.0,0.0,0.0,0.0,0.0,0.0,0.0,0.0,0.0,0.0,0.0,0.0,0.0,0.0,0.0,0.0,0.0,0.0,0.0,,,,,,,,,,,,,,,,,,,,,,,,,,,,,,,,,,,,,,,,,,,,,,,,,,,,,,,,,,,,,,,,,,,,,,,,,,,,,,,,,,,,,,,,,,,,,,,,,-1.290844361074698,10772,58
2026-27,football,Southern Athletic Association (SAA),saa,Berry,Josh Henry,Josh,Henry,,973,Josh Henry,"HENRY,JOSH",Berry,BERRY,838-3346,3,0,7,7,0,0,0,0,,,,,,,,,,,,,,,,,,,,,,,,,,,,,,,,,,,,,,,,,,5.0,42.0,0.0,18.0,8.4,,,,,,,,,,,,,,,,,,,,,,,,,,,,,,,,,,,,,,,,,,,,,,1.0,1.0,,,,,,,,,,,,,,,,,,,,,,,,,,,,,,1.0,0.0,0.0,0.0,0.0,-1.3179995153359356,10809,58
2026-27,football,Southern Athletic Association (SAA),saa,Rhodes,"Lovett,Jelani",Jelani,Lovett,,573,"Lovett,Jelani","LOVETT,JELANI",Rhodes,RHO,1390-4579,3,0,22,22,0,RB,0,0,,,,,,,,,,,,,,,,,,,,,,,,,,,,,,,,,,,,,,,,,,1.0,-4.0,0.0,0.0,-4.0,,0.0,1.0,0.0,0.0,0.0,0.0,0.0,0.0,0.0,6.0,6.0,2.0,9.0,25.0,27.0,2.0,1.0,10.0,2.8,8.3,,,,,,,,,,,,,,,,,,,,,,,,,,,,,,,,,,,,,1.0,7.0,0.0,7.0,7.0,,,,,,,,,,,,,,,,,,,,-1.3395372071779517,10824,58
2026-27,football,Southern Athletic Association (SAA),saa,Trinity,"Nickleberry,Lamont",Lamont,Nickleberry,,715,"Nickleberry,Lamont","NICKLEBERRY,LAMONT",Trinity,TU,0,3,3,5,5,0,WR,0,0,,,,,,,,0.0,0.0,0.0,0.0,0.0,0.0,0.0,0.0,0.0,0.0,0.0,0.0,0.0,0.0,0.0,0.0,0.0,0.0,0.0,0.0,0.0,0.0,0.0,0.0,,,,,,,,,,,3.0,22.0,0.0,10.0,7.3,,,,,,,,,,,,,,,,,,,,,,,,,,,,,,,,,,,,,,,,,,,,,,1.0,0.0,,,,,,,,,,,3.0,55.0,0.0,21.0,18.3,,,,,,,,,,,,,,,9.0,85.0,0.0,41.0,9.4,-1.349333047455892,10833,58
2026-27,football,Southern Athletic Association (SAA),saa,Sewanee,"Beasley,Cam",Cam,Beasley,,652,"Beasley,Cam","BEASLEY,CAM",Sewanee,SEW,1321-3301,3,3,1,1,0,QB,0,0,,,,,,,,0.0,0.0,0.0,0.0,0.0,0.0,0.0,0.0,0.0,0.0,0.0,0.0,0.0,0.0,0.0,0.0,0.0,0.0,0.0,0.0,0.0,0.0,0.0,0.0,,,,,,,,,,,,,,,,,0.0,1.0,0.0,0.0,1.0,0.0,0.0,0.0,0.0,8.0,8.0,2.67,16.0,34.0,68.0,34.0,1.0,17.0,2.1,11.3,34.0,5.0,51.0,3.0,220.0,2.0,50.0,14.0,76.8,4.4,15.71,73.3,0.0,0.0,2.0,1.0,0.0,0.0,0.0,0.0,0.0,0.0,0.0,0.0,1.0,0.0,,,,,,,,,,,,,,,,,,,,,,,,,,,,,,,,,,,-1.3612156357754563,10842,58
2026-27,football,Southern Athletic Association (SAA),saa,Millsaps,"Franklin,DeAndree",DeAndree,Franklin,,426,"Franklin,DeAndree","FRANKLIN,DEANDREE",Millsaps,MC,1282-3183,1,0,16,16,0,RB,0,0,,,,,,,,0.0,0.0,0.0,0.0,0.0,0.0,0.0,0.0,0.0,0.0,0.0,0.0,0.0,0.0,0.0,0.0,0.0,0.0,0.0,0.0,0.0,0.0,0.0,0.0,,,,,,,,,,,,,,,,,0.0,1.0,0.0,0.0,0.0,0.0,0.0,0.0,0.0,6.0,6.0,6.0,5.0,31.0,31.0,0.0,1.0,12.0,6.2,31.0,,,,,,,,,,,,,,,,,,,,,,,,,,,,,,,,,,,,,,,,,,,,,,,,,,,,,,,,,,,,,-1.3900180091259258,10863,58
2026-27,football,Southern Athletic Association (SAA),saa,Centre,"Bartley,Jakob",Jakob,Bartley,,132,"Bartley,Jakob","BARTLEY,JAKOB",Centre,CEN,1268-3559,1,0,50,50,0,OL,0,0,,,,,,,,0.0,0.0,1.0,1.0,1.0,0.0,0.0,0.0,0.0,0.0,0.0,0.0,0.0,0.0,0.0,0.0,0.0,0.0,0.0,0.0,0.0,0.0,0.0,0.0,,,,,,,,,,,,,,,,,,,,,,,,,,,,,,,,,,,,,,,,,,,,,,,,,,,,,,,,,,,,,,,,,,,,,,,,,,,,,,,,,,,,,,,,,,,,,,,,,-1.3903453624533206,10914,58
2026-27,football,Southern Athletic Association (SAA),saa,Trinity,"Blair,Braylon",Braylon,Blair,,715,"Blair,Braylon","BLAIR,BRAYLON",Trinity,TU,0,1,0,15,15,0,0,LB,0,,,,,,,,0.0,0.0,1.0,1.0,1.0,0.0,0.0,0.0,0.0,0.0,0.0,0.0,0.0,0.0,0.0,0.0,0.0,0.0,0.0,0.0,0.0,0.0,0.0,0.0,,,,,,,,,,,,,,,,,,,,,,,,,,,,,,,,,,,,,,,,,,,,,,,,,,,,,,,,,,,,,,,,,,,,,,,,,,,,,,,,,,,,,,,,,,,,,,,,,-1.3903453624533206,10940,58
2026-27,football,Southern Athletic Association (SAA),saa,Rhodes,"Bobo,Alex",Alex,Bobo,,573,"Bobo,Alex","BOBO,ALEX",Rhodes,RHO,1390-5150,2,0,86,86,0,WR,0,0,,,,,,,,0.0,1.0,0.0,1.0,1.0,0.0,0.0,0.0,0.0,0.0,0.0,0.0,0.0,0.0,0.0,0.0,0.0,0.0,0.0,0.0,0.0,0.0,0.0,0.0,,,,,,,,,,,,,,,,,,,,,,,,,,,,,,,,,,,,,,,,,,,,,,,,,,,,,,,,,,,,,,,,,,,,,,,,,,,,,,,,,,,,,,,,,,,,,,,,,-1.3903453624533206,10946,58
2026-27,football,Southern Athletic Association (SAA),saa,Trinity,"Bohnsack,Miller",Miller,Bohnsack,,715,"Bohnsack,Miller","BOHNSACK,MILLER",Trinity,TU,0,2,0,91,91,0,0,DL,0,,,,,,,,0.0,0.0,1.0,1.0,1.0,0.0,0.0,0.0,0.0,0.0,0.0,0.0,0.0,0.0,0.0,0.0,0.0,0.0,0.0,0.0,0.0,0.0,0.0,0.0,,,,,,,,,,,,,,,,,,,,,,,,,,,,,,,,,,,,,,,,,,,,,,,,,,,,,,,,,,,,,,,,,,,,,,,,,,,,,,,,,,,,,,,,,,,,,,,,,-1.3903453624533206,10950,58
2026-27,football,Southern Athletic Association (SAA),saa,Centre,"Byrd,Drake",Drake,Byrd,,132,"Byrd,Drake","BYRD,DRAKE",Centre,CEN,1268-2847,2,0,4,0D,0,0,DB,0,,,,,,,,0.0,1.0,0.0,1.0,1.0,0.0,0.0,0.0,0.0,0.0,0.0,0.0,0.0,0.0,0.0,0.0,0.0,0.0,0.0,0.0,0.0,0.0,0.0,0.0,,,,,,,,,,,,,,,,,,,,,,,,,,,,,,,,,,,,,,,,,,,,,,,,,,,,,,,,,,,,,,,,,,,,,,,,,,,,,,,,,,,,,,,,,,,,,,,,,-1.3903453624533206,10986,58
2026-27,football,Southern Athletic Association (SAA),saa,Berry,Carson Schmidlkofer,Carson,Schmidlkofer,,973,Carson Schmidlkofer,"SCHMIDLKOFER,CARSON",Berry,BERRY,838-3369,1,0,N9,N9,0,0,0,0,,,,,,,,0.0,0.0,1.0,1.0,1.0,0.0,0.0,0.0,0.0,0.0,0.0,0.0,0.0,0.0,0.0,0.0,0.0,0.0,0.0,0.0,0.0,0.0,0.0,0.0,,,,,,,,,,,,,,,,,,,,,,,,,,,,,,,,,,,,,,,,,,,,,,,,,,,,,,,,,,,,,,,,,,,,,,,,,,,,,,,,,,,,,,,,,,,,,,,,,-1.3903453624533206,11005,58
2026-27,football,Southern Athletic Association (SAA),saa,Berry,Dakota Bennett,Dakota,Bennett,,973,Dakota Bennett,"BENNETT,DAKOTA",Berry,BERRY,838-3317,1,0,N5,N5,0,0,0,0,,,,,,,,0.0,0.0,1.0,1.0,1.0,0.0,0.0,0.0,0.0,0.0,0.0,0.0,0.0,0.0,0.0,0.0,0.0,0.0,0.0,0.0,0.0,0.0,0.0,0.0,,,,,,,,,,,,,,,,,,,,,,,,,,,,,,,,,,,,,,,,,,,,,,,,,,,,,,,,,,,,,,,,,,,,,,,,,,,,,,,,,,,,,,,,,,,,,,,,,-1.3903453624533206,11056,57
2026-27,football,Southern Athletic Association (SAA),saa,Rhodes,Deyton Garner,Deyton,Garner,,573,Deyton Garner,"GARNER,DEYTON",Rhodes,RHO,1390-4983,1,0,29,29,0,0,0,0,,,,,,,,0.0,0.0,1.0,1.0,1.0,0.0,0.0,0.0,0.0,0.0,0.0,0.0,0.0,0.0,0.0,0.0,0.0,0.0,0.0,0.0,0.0,0.0,0.0,0.0,,,,,,,,,,,,,,,,,,,,,,,,,,,,,,,,,,,,,,,,,,,,,,,,,,,,,,,,,,,,,,,,,,,,,,,,,,,,,,,,,,,,,,,,,,,,,,,,,-1.3903453624533206,11082,57
2026-27,football,Southern Athletic Association (SAA),saa,Millsaps,"Dobbins,Wade",Wade,Dobbins,,426,"Dobbins,Wade","DOBBINS,WADE",Millsaps,MC,1282-2878,2,0,16,1G,0,0,DB,0,,,,,,,,0.0,0.0,1.0,1.0,1.0,0.0,0.0,0.0,0.0,0.0,0.0,0.0,0.0,0.0,0.0,0.0,0.0,0.0,0.0,0.0,0.0,0.0,0.0,0.0,,,,,,,,,,,,,,,,,,,,,,,,,,,,,,,,,,,,,,,,,,,,,,,,,,,,,,,,,,,,,,,,,,,,,,,,,,,,,,,,,,,,,,,,,,,,,,,,,-1.3903453624533206,11085,57
2026-27,football,Southern Athletic Association (SAA),saa,Millsaps,"Dupre,Greyson",Greyson,Dupre,,426,"Dupre,Greyson","DUPRE,GREYSON",Millsaps,MC,1282-3132,1,0,46,46,0,0,LB,0,,,,,,,,0.0,0.0,1.0,1.0,1.0,0.0,0.0,0.0,0.0,0.0,0.0,0.0,0.0,0.0,0.0,0.0,0.0,0.0,0.0,0.0,0.0,0.0,0.0,0.0,,,,,,,,,,,,,,,,,,,,,,,,,,,,,,,,,,,,,,,,,,,,,,,,,,,,,,,,,,,,,,,,,,,,,,,,,,,,,,,,,,,,,,,,,,,,,,,,,-1.3903453624533206,11103,57
2026-27,football,Southern Athletic Association (SAA),saa,Millsaps,"Griggs,Michael",Michael,Griggs,,426,"Griggs,Michael","GRIGGS,MICHAEL",Millsaps,MC,1282-2893,3,3,32,32,0,TE,0,0,,,,,,,,0.0,0.0,1.0,1.0,1.0,0.0,0.0,0.0,0.0,0.0,0.0,0.0,0.0,0.0,0.0,0.0,0.0,0.0,0.0,0.0,0.0,0.0,0.0,0.0,,,,,,,,,,,,,,,,,,,,,,,,,,,,,,,,,,,,,,,,,,,,,,,,,,,,,,,,,,,,,,,,,,,,,,,,,,,,,,,,,,,,,,,,,,,,,,,,,-1.3903453624533206,11215,57
2026-27,football,Southern Athletic Association (SAA),saa,Berry,Harston Harrison,Harston,Harrison,,973,Harston Harrison,"HARRISON,HARSTON",Berry,BERRY,838-3936,1,0,H5,H5,0,0,0,0,,,,,,,,0.0,0.0,1.0,1.0,1.0,0.0,0.0,0.0,0.0,0.0,0.0,0.0,0.0,0.0,0.0,0.0,0.0,0.0,0.0,0.0,0.0,0.0,0.0,0.0,,,,,,,,,,,,,,,,,,,,,,,,,,,,,,,,,,,,,,,,,,,,,,,,,,,,,,,,,,,,,,,,,,,,,,,,,,,,,,,,,,,,,,,,,,,,,,,,,-1.3903453624533206,11249,57
2026-27,football,Southern Athletic Association (SAA),saa,Southwestern,"Hebert,Gavin",Gavin,Hebert,,8746,"Hebert,Gavin","HEBERT,GAVIN",Southwestern,SWU,1322-3201,1,0,91,91,0,0,DL,0,,,,,,,,0.0,1.0,0.0,1.0,1.0,0.0,0.0,0.0,0.0,0.0,0.0,0.0,0.0,0.0,0.0,0.0,0.0,0.0,0.0,0.0,0.0,0.0,0.0,0.0,,,,,,,,,,,,,,,,,,,,,,,,,,,,,,,,,,,,,,,,,,,,,,,,,,,,,,,,,,,,,,,,,,,,,,,,,,,,,,,,,,,,,,,,,,,,,,,,,-1.3903453624533206,11266,57
2026-27,football,Southern Athletic Association (SAA),saa,Rhodes,Ishan Metts,Ishan,Metts,,573,Ishan Metts,"METTS,ISHAN",Rhodes,RHO,1390-4812,1,0,13,13,0,0,0,0,,,,,,,,0.0,1.0,0.0,1.0,1.0,0.0,0.0,0.0,0.0,0.0,0.0,0.0,0.0,0.0,0.0,0.0,0.0,0.0,0.0,0.0,0.0,0.0,0.0,0.0,,,,,,,,,,,,,,,,,,,,,,,,,,,,,,,,,,,,,,,,,,,,,,,,,,,,,,,,,,,,,,,,,,,,,,,,,,,,,,,,,,,,,,,,,,,,,,,,,-1.3903453624533206,11309,57
2026-27,football,Southern Athletic Association (SAA),saa,Berry,Jacob Smith,Jacob,Smith,,973,Jacob Smith,"SMITH,JACOB",Berry,BERRY,838-3588,1,0,F8,F8,0,0,0,0,,,,,,,,0.0,0.0,1.0,1.0,1.0,0.0,0.0,0.0,0.0,0.0,0.0,0.0,0.0,0.0,0.0,0.0,0.0,0.0,0.0,0.0,0.0,0.0,0.0,0.0,,,,,,,,,,,,,,,,,,,,,,,,,,,,,,,,,,,,,,,,,,,,,,,,,,,,,,,,,,,,,,,,,,,,,,,,,,,,,,,,,,,,,,,,,,,,,,,,,-1.3903453624533206,11319,57
2026-27,football,Southern Athletic Association (SAA),saa,Berry,Jonah Hatchett,Jonah,Hatchett,,973,Jonah Hatchett,"HATCHETT,JONAH",Berry,BERRY,838-3344,1,0,F3,F3,0,0,0,0,,,,,,,,0.0,0.0,1.0,1.0,1.0,0.0,0.0,0.0,0.0,0.0,0.0,0.0,0.0,0.0,0.0,0.0,0.0,0.0,0.0,0.0,0.0,0.0,0.0,0.0,,,,,,,,,,,,,,,,,,,,,,,,,,,,,,,,,,,,,,,,,,,,,,,,,,,,,,,,,,,,,,,,,,,,,,,,,,,,,,,,,,,,,,,,,,,,,,,,,-1.3903453624533206,11339,57
2026-27,football,Southern Athletic Association (SAA),saa,Centre,"Jones,Ca'Den",Ca'Den,Jones,,132,"Jones,Ca'Den","JONES,CA'DEN",Centre,CEN,1268-3572,2,0,31,31,0,0,DB,0,,,,,,,,0.0,1.0,0.0,1.0,1.0,0.0,0.0,0.0,0.0,0.0,0.0,0.0,0.0,0.0,0.0,0.0,0.0,0.0,0.0,0.0,0.0,0.0,0.0,0.0,,,,,,,,,,,,,,,,,,,,,,,,,,,,,,,,,,,,,,,,,,,,,,,,,,,,,,,,,,,,,,,,,,,,,,,,,,,,,,,,,,,,,,,,,,,,,,,,,-1.3903453624533206,11340,57
2026-27,football,Southern Athletic Association (SAA),saa,Centre,"Kamara,Karmoh",Karmoh,Kamara,,132,"Kamara,Karmoh","KAMARA,KARMOH",Centre,CEN,1268-3352,1,0,56,56,0,OL,0,0,,,,,,,,0.0,1.0,0.0,1.0,1.0,0.0,0.0,0.0,0.0,0.0,0.0,0.0,0.0,0.0,0.0,0.0,0.0,0.0,0.0,0.0,0.0,0.0,0.0,0.0,,,,,,,,,,,,,,,,,,,,,,,,,,,,,,,,,,,,,,,,,,,,,,,,,,,,,,,,,,,,,,,,,,,,,,,,,,,,,,,,,,,,,,,,,,,,,,,,,-1.3903453624533206,11354,56
2026-27,football,Southern Athletic Association (SAA),saa,Southwestern,"Khoury,Sammy",Sammy,Khoury,,8746,"Khoury,Sammy","KHOURY,SAMMY",Southwestern,SWU,1322-3024,1,0,19,1K,0,0,DB,0,,,,,,,,0.0,0.0,1.0,1.0,1.0,0.0,0.0,0.0,0.0,0.0,0.0,0.0,0.0,0.0,0.0,0.0,0.0,0.0,0.0,0.0,0.0,0.0,0.0,0.0,,,,,,,,,,,,,,,,,,,,,,,,,,,,,,,,,,,,,,,,,,,,,,,,,,,,,,,,,,,,,,,,,,,,,,,,,,,,,,,,,,,,,,,,,,,,,,,,,-1.3903453624533206,11366,56
2026-27,football,Southern Athletic Association (SAA),saa,Millsaps,"Klein,Trenton",Trenton,Klein,,426,"Klein,Trenton","KLEIN,TRENTON",Millsaps,MC,1282-2880,1,0,29,2K,0,0,LB,0,,,,,,,,0.0,0.0,1.0,1.0,1.0,0.0,0.0,0.0,0.0,0.0,0.0,0.0,0.0,0.0,0.0,0.0,0.0,0.0,0.0,0.0,0.0,0.0,0.0,0.0,,,,,,,,,,,,,,,,,,,,,,,,,,,,,,,,,,,,,,,,,,,,,,,,,,,,,,,,,,,,,,,,,,,,,,,,,,,,,,,,,,,,,,,,,,,,,,,,,-1.3903453624533206,11373,56
2026-27,football,Southern Athletic Association (SAA),saa,Rhodes,"Luellen,Emmitt",Emmitt,Luellen,,573,"Luellen,Emmitt","LUELLEN,EMMITT",Rhodes,RHO,1390-4995,2,0,90,90,0,0,DL,0,,,,,,,,0.0,1.0,0.0,1.0,1.0,0.0,0.0,0.0,0.0,0.0,0.0,0.0,0.0,0.0,0.0,0.0,0.0,0.0,0.0,0.0,0.0,0.0,0.0,0.0,,,,,,,,,,,,,,,,,,,,,,,,,,,,,,,,,,,,,,,,,,,,,,,,,,,,,,,,,,,,,,,,,,,,,,,,,,,,,,,,,,,,,,,,,,,,,,,,,-1.3903453624533206,11426,56
2026-27,football,Southern Athletic Association (SAA),saa,Trinity,"Madray,Copeland",Copeland,Madray,,715,"Madray,Copeland","MADRAY,COPELAND",Trinity,TU,0,2,0,84,84,0,WR,0,0,,,,,,,,0.0,0.0,1.0,1.0,1.0,0.0,0.0,0.0,0.0,0.0,0.0,0.0,0.0,0.0,0.0,0.0,0.0,0.0,0.0,0.0,0.0,0.0,0.0,0.0,,,,,,,,,,,,,,,,,,,,,,,,,,,,,,,,,,,,,,,,,,,,,,,,,,,,,,,,,,,,,,,,,,,,,,,,,,,,,,,,,,,,,,,,,,,,,,,,,-1.3903453624533206,11437,56
2026-27,football,Southern Athletic Association (SAA),saa,Trinity,"Mateen,Wakil",Wakil,Mateen,,715,"Mateen,Wakil","MATEEN,WAKIL",Trinity,TU,0,1,1,11,1M,0,0,LB,0,,,,,,,,0.0,0.0,1.0,1.0,1.0,0.0,0.0,0.0,0.0,0.0,0.0,0.0,0.0,0.0,0.0,0.0,0.0,0.0,0.0,0.0,0.0,0.0,0.0,0.0,,,,,,,,,,,,,,,,,,,,,,,,,,,,,,,,,,,,,,,,,,,,,,,,,,,,,,,,,,,,,,,,,,,,,,,,,,,,,,,,,,,,,,,,,,,,,,,,,-1.3903453624533206,11459,56
2026-27,football,Southern Athletic Association (SAA),saa,Millsaps,"Miles,Mason",Mason,Miles,,426,"Miles,Mason","MILES,MASON",Millsaps,MC,1282-2889,3,0,45,45,0,0,LB,0,,,,,,,,0.0,0.0,1.0,1.0,1.0,0.0,0.0,0.0,0.0,0.0,0.0,0.0,0.0,0.0,0.0,0.0,0.0,0.0,0.0,0.0,0.0,0.0,0.0,0.0,,,,,,,,,,,,,,,,,,,,,,,,,,,,,,,,,,,,,,,,,,,,,,,,,,,,,,,,,,,,,,,,,,,,,,,,,,,,,,,,,,,,,,,,,,,,,,,,,-1.3903453624533206,11498,56
2026-27,football,Southern Athletic Association (SAA),saa,Berry,Mills Morris,Mills,Morris,,973,Mills Morris,"MORRIS,MILLS",Berry,BERRY,838-3960,1,0,87,87,0,0,0,0,,,,,,,,0.0,1.0,0.0,1.0,1.0,0.0,0.0,0.0,0.0,0.0,0.0,0.0,0.0,0.0,0.0,0.0,0.0,0.0,0.0,0.0,0.0,0.0,0.0,0.0,,,,,,,,,,,,,,,,,0.0,0.0,0.0,0.0,1.0,0.0,0.0,0.0,0.0,2.0,2.0,2.0,,,,,,,,,,,,,,,,,,,,,0.0,0.0,1.0,1.0,0.0,0.0,0.0,0.0,0.0,0.0,0.0,0.0,,,,,,,,,,,,,,,,,,,,,,,,,,,,,,,,,,,,,-1.3903453624533206,11505,56
2026-27,football,Southern Athletic Association (SAA),saa,Maryville College,"Murphy,Ben",Ben,Murphy,,396,"Murphy,Ben","MURPHY,BEN",Maryville College,MAR,1027-1956,2,0,31,31,0,0,DB,0,,,,,,,,0.0,1.0,0.0,1.0,1.0,0.0,0.0,0.0,0.0,0.0,0.0,0.0,0.0,0.0,0.0,0.0,0.0,0.0,0.0,0.0,0.0,0.0,0.0,0.0,,,,,,,,,,,,,,,,,,,,,,,,,,,,,,,,,,,,,,,,,,,,,,,,,,,,,,,,,,,,,,,,,,,,,,,,,,,,,,,,,,,,,,,,,,,,,,,,,-1.3903453624533206,11520,56
2026-27,football,Southern Athletic Association (SAA),saa,Trinity,"Obanor,Joshua",Joshua,Obanor,,715,"Obanor,Joshua","OBANOR,JOSHUA",Trinity,TU,0,2,0,51,51,0,0,LB,0,,,,,,,,0.0,1.0,0.0,1.0,1.0,0.0,0.0,0.0,0.0,0.0,0.0,0.0,0.0,0.0,0.0,0.0,1.0,0.0,0.0,0.0,0.0,0.0,0.0,0.0,,,,,,,,,,,,,,,,,,,,,,,,,,,,,,,,,,,,,,,,,,,,,,,,,,,,,,,,,,,,,,,,,,,,,,,,,,,,,,,,,,,,,,,,,,,,,,,,,-1.3903453624533206,11536,56
2026-27,football,Southern Athletic Association (SAA),saa,Rhodes,"Paez,Jose",Jose,Paez,,573,"Paez,Jose","PAEZ,JOSE",Rhodes,RHO,1390-5005,1,0,54,54,0,0,DL,0,,,,,,,,0.0,0.0,1.0,1.0,1.0,0.0,0.0,0.0,0.0,0.0,0.0,0.0,0.0,0.0,0.0,0.0,0.0,0.0,0.0,0.0,0.0,0.0,0.0,0.0,,,,,,,,,,,,,,,,,,,,,,,,,,,,,,,,,,,,,,,,,,,,,,,,,,,,,,,,,,,,,,,,,,,,,,,,,,,,,,,,,,,,,,,,,,,,,,,,,-1.3903453624533206,11550,56
2026-27,football,Southern Athletic Association (SAA),saa,Maryville College,"Paul,Carson",Carson,Paul,,396,"Paul,Carson","PAUL,CARSON",Maryville College,MAR,1027-2496,1,0,18,9P,0,0,LB,0,,,,,,,,0.0,1.0,0.0,1.0,1.0,0.0,0.0,0.0,0.0,0.0,0.0,0.0,0.0,0.0,0.0,0.0,0.0,0.0,0.0,0.0,0.0,0.0,0.0,0.0,,,,,,,,,,,,,,,,,,,,,,,,,,,,,,,,,,,,,,,,,,,,,,,,,,,,,,,,,,,,,,,,,,,,,,,,,,,,,,,,,,,,,,,,,,,,,,,,,-1.3903453624533206,11561,56
2026-27,football,Southern Athletic Association (SAA),saa,Southwestern,"Pearson,Greg",Greg,Pearson,,8746,"Pearson,Greg","PEARSON,GREG",Southwestern,SWU,1322-3035,1,0,37,37,0,0,LB,0,,,,,,,,0.0,1.0,0.0,1.0,1.0,0.0,0.0,0.0,0.0,0.0,0.0,0.0,0.0,0.0,0.0,0.0,0.0,0.0,0.0,0.0,0.0,0.0,0.0,0.0,,,,,,,,,,,,,,,,,,,,,,,,,,,,,,,,,,,,,,,,,,,,,,,,,,,,,,,,,,,,,,,,,,,,,,,,,,,,,,,,,,,,,,,,,,,,,,,,,-1.3903453624533206,11566,56
2026-27,football,Southern Athletic Association (SAA),saa,Centre,"Sanford,Colton",Colton,Sanford,,132,"Sanford,Colton","SANFORD,COLTON",Centre,CEN,1268-3582,1,0,34,34,0,0,DB,0,,,,,,,,0.0,1.0,0.0,1.0,1.0,0.0,0.0,0.0,0.0,0.0,0.0,0.0,0.0,0.0,0.0,0.0,0.0,0.0,0.0,0.0,0.0,0.0,0.0,0.0,,,,,,,,,,,,,,,,,,,,,,,,,,,,,,,,,,,,,,,,,,,,,,,,,,,,,,,,,,,,,,,,,,,,,,,,,,,,,,,,,,,,,,,,,,,,,,,,,-1.3903453624533206,11661,55
2026-27,football,Southern Athletic Association (SAA),saa,Millsaps,"Silva,Mathias",Mathias,Silva,,426,"Silva,Mathias","SILVA,MATHIAS",Millsaps,MC,1282-3139,1,0,95,95,0,0,DL,0,,,,,,,,0.0,0.0,1.0,1.0,1.0,0.0,0.0,0.0,0.0,0.0,0.0,0.0,0.0,0.0,0.0,0.0,0.0,0.0,0.0,0.0,0.0,0.0,0.0,0.0,,,,,,,,,,,,,,,,,,,,,,,,,,,,,,,,,,,,,,,,,,,,,,,,,,,,,,,,,,,,,,,,,,,,,,,,,,,,,,,,,,,,,,,,,,,,,,,,,-1.3903453624533206,11694,55
2026-27,football,Southern Athletic Association (SAA),saa,Centre,"Thompson,Kevin",Kevin,Thompson,,132,"Thompson,Kevin","THOMPSON,KEVIN",Centre,CEN,1268-3366,1,0,58,58,0,OL,0,0,,,,,,,,0.0,1.0,0.0,1.0,1.0,0.0,0.0,0.0,0.0,0.0,0.0,0.0,0.0,0.0,0.0,0.0,1.0,0.0,0.0,0.0,0.0,0.0,0.0,0.0,,,,,,,,,,,,,,,,,,,,,,,,,,,,,,,,,,,,,,,,,,,,,,,,,,,,,,,,,,,,,,,,,,,,,,,,,,,,,,,,,,,,,,,,,,,,,,,,,-1.3903453624533206,11753,55
2026-27,football,Southern Athletic Association (SAA),saa,Berry,Ty Griffin,Ty,Griffin,,973,Ty Griffin,"GRIFFIN,TY",Berry,BERRY,838-3339,1,0,H8,H8,0,0,0,0,,,,,,,,0.0,0.0,1.0,1.0,1.0,0.0,0.0,0.0,0.0,0.0,0.0,0.0,0.0,0.0,0.0,0.0,0.0,0.0,0.0,0.0,0.0,0.0,0.0,0.0,,,,,,,,,,,,,,,,,,,,,,,,,,,,,,,,,,,,,,,,,,,,,,,,,,,,,,,,,,,,,,,,,,,,,,,,,,,,,,,,,,,,,,,,,,,,,,,,,-1.3903453624533206,11773,55
2026-27,football,Southern Athletic Association (SAA),saa,Trinity,"Whitson,Zavari",Zavari,Whitson,,715,"Whitson,Zavari","WHITSON,ZAVARI",Trinity,TU,0,3,0,2,2,0,0,DB,0,,,,,,,,0.0,0.0,1.0,1.0,1.0,0.0,0.0,0.0,0.0,0.0,0.0,0.0,0.0,0.0,0.0,0.0,0.0,0.0,0.0,0.0,0.0,0.0,0.0,0.0,,,,,,,,,,,,,,,,,,,,,,,,,,,,,,,,,,,,,,,,,,,,,,,,,,,,,,,,,,,,,,,,,,,,,,,,,,,,,,,,,,,,,,,,,,,,,,,,,-1.3903453624533206,11809,55
2026-27,football,Southern Athletic Association (SAA),saa,Maryville College,"Whittaker,Parker",Parker,Whittaker,,396,"Whittaker,Parker","WHITTAKER,PARKER",Maryville College,MAR,1027-2718,1,0,35,35,0,0,LB,0,,,,,,,,0.0,0.0,1.0,1.0,1.0,0.0,0.0,0.0,0.0,0.0,0.0,0.0,0.0,0.0,0.0,0.0,0.0,0.0,0.0,0.0,0.0,0.0,0.0,0.0,,,,,,,,,,,,,,,,,,,,,,,,,,,,,,,,,,,,,,,,,,,,,,,,,,,,,,,,,,,,,,,,,,,,,,,,,,,,,,,,,,,,,,,,,,,,,,,,,-1.3903453624533206,11810,55
2026-27,football,Southern Athletic Association (SAA),saa,Centre,"Wiggins,Garrett",Garrett,Wiggins,,132,"Wiggins,Garrett","WIGGINS,GARRETT",Centre,CEN,1268-2888,2,0,66,6F,0,0,DL,0,,,,,,,,0.0,1.0,0.0,1.0,1.0,0.0,0.0,0.0,0.0,0.0,0.0,0.0,0.0,0.0,0.0,0.0,0.0,0.0,0.0,0.0,0.0,0.0,0.0,0.0,,,,,,,,,,,,,,,,,,,,,,,,,,,,,,,,,,,,,,,,,,,,,,,,,,,,,,,,,,,,,,,,,,,,,,,,,,,,,,,,,,,,,,,,,,,,,,,,,-1.3903453624533206,11811,55
2026-27,football,Southern Athletic Association (SAA),saa,Berry,"Wilson,Jonah",Jonah,Wilson,,973,"Wilson,Jonah","WILSON,JONAH",Berry,BERRY,838-3380,1,0,14,1X,0,0,S,0,,,,,,,,0.0,1.0,0.0,1.0,1.0,0.0,0.0,0.0,0.0,0.0,0.0,0.0,0.0,0.0,0.0,0.0,0.0,0.0,0.0,0.0,0.0,0.0,0.0,0.0,,,,,,,,,,,,,,,,,,,,,,,,,,,,,,,,,,,,,,,,,,,,,,,,,,,,,,,,,,,,,,,,,,,,,,,,,,,,,,,,,,,,,,,,,,,,,,,,,-1.3903453624533206,11827,55
2026-27,football,Southern Athletic Association (SAA),saa,Berry,Zion Gervais,Zion,Gervais,,973,Zion Gervais,"GERVAIS,ZION",Berry,BERRY,838-3597,2,0,H1,H1,0,0,0,0,,,,,,,,0.0,1.0,0.0,1.0,1.0,0.0,0.0,0.0,0.0,0.0,0.0,0.0,0.0,0.0,0.0,0.0,0.0,0.0,0.0,0.0,0.0,0.0,0.0,0.0,,,,,,,,,,,,,,,,,,,,,,,,,,,,,,,,,,,,,,,,,,,,,,,,,,,,,,,,,,,,,,,,,,,,,,,,,,,,,,,,,,,,,,,,,,,,,,,,,-1.3903453624533206,11847,55
2026-27,football,Southern Athletic Association (SAA),saa,Millsaps,"Taylor,Kaven",Kaven,Taylor,,426,"Taylor,Kaven","TAYLOR,KAVEN",Millsaps,MC,1282-3225,2,0,81,81,0,WR,0,0,,,,,,,,0.0,0.0,0.0,0.0,0.0,0.0,0.0,0.0,0.0,0.0,0.0,0.0,0.0,0.0,0.0,0.0,0.0,0.0,0.0,0.0,0.0,0.0,0.0,0.0,,,,,,,,,,,1.0,24.0,1.0,24.0,24.0,,0.0,1.0,0.0,0.0,0.0,0.0,0.0,0.0,0.0,6.0,6.0,3.0,,,,,,,,,,,,,,,,,,,,,,,,,,,,,,,,,,,,,,,,,,,,,,,,,,,,,,,,,,,,,,,,,,,,,-1.4137160371731965,11869,55
2026-27,football,Southern Athletic Association (SAA),saa,Maryville College,"Sayler,Brennon",Brennon,Sayler,,396,"Sayler,Brennon","SAYLER,BRENNON",Maryville College,MAR,1027-1974,4,0,41,41,0,0,0,0,,,,,,,,0.0,1.0,0.0,1.0,1.0,0.0,0.0,0.0,0.0,0.0,0.0,0.0,0.0,0.0,0.0,0.0,0.0,0.0,0.0,0.0,0.0,0.0,0.0,0.0,,,,,,,,,,,,,,,,,,,,,,,,,,,,,,,,,,,,,,,,,,,,,,,,,,,,,,,,,,,,,,,18.0,623.0,41.0,0.0,0.0,5.0,0.0,3.0,34.6,,,,,,,,,,,,,,,,,,,,,,,,,,-1.419566941991198,11878,55
2026-27,football,Southern Athletic Association (SAA),saa,Trinity,"Ravain,Chase",Chase,Ravain,,715,"Ravain,Chase","RAVAIN,CHASE",Trinity,TU,0,3,0,86,86,0,TE,0,0,,,,,,,,0.0,2.0,0.0,2.0,2.0,0.0,0.0,0.0,0.0,0.0,0.0,0.0,0.0,0.0,0.0,0.0,0.0,0.0,0.0,0.0,0.0,0.0,0.0,0.0,,,,,,,,,,,1.0,12.0,1.0,12.0,12.0,,0.0,2.0,0.0,0.0,0.0,0.0,0.0,0.0,0.0,12.0,12.0,4.0,,,,,,,,,,,,,,,,,,,,,,,,,,,,,,,,,,,,,,,,,,,,,,,,,,,,,,,,,,,,,,,,1.0,17.0,1.0,17.0,17.0,-1.432567167373001,11885,55
2026-27,football,Southern Athletic Association (SAA),saa,Southwestern,"Almaraz,Joe",Joe,Almaraz,,8746,"Almaraz,Joe","ALMARAZ,JOE",Southwestern,SWU,1322-3044,0,0,25,25,0,0,DB,0,,,,,,,,0.0,0.0,0.0,0.0,0.0,0.0,0.0,0.0,0.0,0.0,0.0,0.0,0.0,0.0,0.0,0.0,0.0,0.0,0.0,0.0,0.0,0.0,0.0,0.0,,,,,,,,,,,,,,,,,,,,,,,,,,,,,,,,,,,,,,,,,,,,,,,,,,,,,,,,,,,,,,,,,,,,,,,,,,,,,,,,,,,,,,,,,,,,,,,,,-1.489846363831943,11937,54
2026-27,football,Southern Athletic Association (SAA),saa,Trinity,"Altrudo,Bryce",Bryce,Altrudo,,715,"Altrudo,Bryce","ALTRUDO,BRYCE",Trinity,TU,0,3,0,87,87,0,TE,0,0,,,,,,,,0.0,0.0,0.0,0.0,0.0,0.0,0.0,0.0,0.0,0.0,0.0,0.0,0.0,0.0,0.0,0.0,0.0,0.0,0.0,0.0,0.0,0.0,0.0,0.0,,,,,,,,,,,,,,,,,0.0,0.0,0.0,0.0,0.0,1.0,0.0,0.0,0.0,2.0,2.0,0.67,,,,,,,,,,,,,,,,,,,,,,,,,,,,,,,,,,,,,,,,,,,,,,,,,,,,,,,,,,,,,,,,,,,,,-1.489846363831943,11938,54
2026-27,football,Southern Athletic Association (SAA),saa,Berry,Brady Albro,Brady,Albro,,973,Brady Albro,"ALBRO,BRADY",Berry,BERRY,838-3912,1,0,12,12,0,0,0,0,,,,,,,,0.0,0.0,0.0,0.0,0.0,0.0,0.0,0.0,0.0,0.0,0.0,0.0,0.0,0.0,0.0,0.0,0.0,0.0,0.0,0.0,0.0,0.0,0.0,0.0,,,,,,,,,,,,,,,,,,,,,,,,,,,,,,,,,,,,,,,,,,,,,,,,,,,,,,,,,,,,,,,,,,,,,,,,,,,,,,,,,,,,,,,,,,,,,,,,,-1.489846363831943,11951,54
2026-27,football,Southern Athletic Association (SAA),saa,Berry,"Carnes,Dalton",Dalton,Carnes,,973,"Carnes,Dalton","CARNES,DALTON",Berry,BERRY,838-3606,0,0,4,2F,0,WR,0,0,,,,,,,,0.0,0.0,0.0,0.0,0.0,0.0,0.0,0.0,0.0,0.0,0.0,0.0,0.0,0.0,0.0,0.0,0.0,0.0,0.0,0.0,0.0,0.0,0.0,0.0,,,,,,,,,,,,,,,,,,,,,,,,,,,,,,,,,,,,,,,,,,,,,,,,,0.0,0.0,0.0,0.0,0.0,0.0,0.0,0.0,0.0,0.0,0.0,0.0,,,,,,,,,,,,,,,,,,,,,,,,,,,,,,,,,,,,,-1.489846363831943,11959,54
2026-27,football,Southern Athletic Association (SAA),saa,Trinity,"Ghormley,Luke",Luke,Ghormley,,715,"Ghormley,Luke","GHORMLEY,LUKE",Trinity,TU,0,1,0,28,28,0,0,LB,0,,,,,,,,0.0,0.0,0.0,0.0,0.0,0.0,0.0,0.0,0.0,0.0,0.0,0.0,0.0,0.0,0.0,0.0,0.0,1.0,0.0,0.0,0.0,0.0,0.0,0.0,,,,,,,,,,,,,,,,,,,,,,,,,,,,,,,,,,,,,,,,,,,,,,,,,,,,,,,,,,,,,,,,,,,,,,,,,,,,,,,,,,,,,,,,,,,,,,,,,-1.489846363831943,11985,54
2026-27,football,Southern Athletic Association (SAA),saa,Berry,"Lee,Malik",Malik,Lee,,973,"Lee,Malik","LEE,MALIK",Berry,BERRY,838-3648,1,0,25,25,0,0,LB,0,,,,,,,,0.0,0.0,0.0,0.0,0.0,0.0,0.0,0.0,0.0,0.0,0.0,0.0,0.0,0.0,0.0,0.0,0.0,1.0,0.0,0.0,0.0,0.0,0.0,0.0,,,,,,,,,,,,,,,,,,,,,,,,,,,,,,,,,,,,,,,,,,,,,,,,,,,,,,,,,,,,,,,,,,,,,,,,,,,,,,,,,,,,,,,,,,,,,,,,,-1.489846363831943,12020,54
2026-27,football,Southern Athletic Association (SAA),saa,Rhodes,"McHale,Brady",Brady,McHale,,573,"McHale,Brady","MCHALE,BRADY",Rhodes,RHO,1390-5127,1,0,6,6A,0,0,DB,0,,,,,,,,0.0,0.0,0.0,0.0,0.0,0.0,0.0,0.0,0.0,0.0,0.0,0.0,0.0,0.0,0.0,0.0,0.0,1.0,0.0,0.0,0.0,0.0,0.0,0.0,,,,,,,,,,,,,,,,,,,,,,,,,,,,,,,,,,,,,,,,,,,,,,,,,,,,,,,,,,,,,,,,,,,,,,,,,,,,,,,,,,,,,,,,,,,,,,,,,-1.489846363831943,12031,54
2026-27,football,Southern Athletic Association (SAA),saa,Berry,"Palmer,Levi",Levi,Palmer,,973,"Palmer,Levi","PALMER,LEVI",Berry,BERRY,838-3611,0,0,96,96,0,0,DL,0,,,,,,,,0.0,0.0,0.0,0.0,0.0,0.0,0.0,0.0,0.0,0.0,0.0,0.0,0.0,0.0,0.0,0.0,0.0,0.0,0.0,0.0,0.0,0.0,0.0,0.0,,,,,,,,,,,,,,,,,,,,,,,,,,,,,,,,,,,,,,,,,,,,,,,,,,,,,,,,,,,,,,,,,,,,,,,,,,,,,,,,,,,,,,,,,,,,,,,,,-1.489846363831943,12044,54
2026-27,football,Southern Athletic Association (SAA),saa,Millsaps,"Rankins,Jamison",Jamison,Rankins,,426,"Rankins,Jamison","RANKINS,JAMISON",Millsaps,MC,1282-2479,1,1,4,4D,0,0,LB,0,,,,,,,,0.0,0.0,0.0,0.0,0.0,0.0,0.0,0.0,0.0,0.0,0.0,0.0,0.0,0.0,0.0,0.0,0.0,0.0,0.0,0.0,0.0,0.0,0.0,0.0,,,,,,,,,,,,,,,,,,,,,,,,,,,,,,,,,,,,,,,,,,,,,,,,,,,,,,,,,,,,,,,,,,,,,,,,,,,,,,,,,,,,,,,,,,,,,,,,,-1.489846363831943,12051,54
2026-27,football,Southern Athletic Association (SAA),saa,Sewanee,"Steel,Bradley",Bradley,Steel,,652,"Steel,Bradley","STEEL,BRADLEY",Sewanee,SEW,1321-3746,0,0,33,33,0,0,DL,0,,,,,,,,0.0,0.0,0.0,0.0,0.0,0.0,0.0,0.0,0.0,0.0,0.0,0.0,0.0,0.0,0.0,0.0,0.0,0.0,0.0,0.0,0.0,0.0,0.0,0.0,,,,,,,,,,,,,,,,,,,,,,,,,,,,,,,,,,,,,,,,,,,,,,,,,,,,,,,,,,,,,,,,,,,,,,,,,,,,,,,,,,,,,,,,,,,,,,,,,-1.489846363831943,12068,54
2026-27,football,Southern Athletic Association (SAA),saa,Berry,"Trout,Jack",Jack,Trout,,973,"Trout,Jack","TROUT,JACK",Berry,BERRY,838-3932,0,0,30,30,0,0,LB,0,,,,,,,,0.0,0.0,0.0,0.0,0.0,0.0,0.0,0.0,0.0,0.0,0.0,0.0,0.0,0.0,0.0,0.0,0.0,0.0,0.0,0.0,0.0,0.0,0.0,0.0,,,,,,,,,,,,,,,,,,,,,,,,,,,,,,,,,,,,,,,,,,,,,,,,,,,,,,,,,,,,,,,,,,,,,,,,,,,,,,,,,,,,,,,,,,,,,,,,,-1.489846363831943,12074,54
2026-27,football,Southern Athletic Association (SAA),saa,Berry,Tyler Blalock,Tyler,Blalock,,973,Tyler Blalock,"BLALOCK,TYLER",Berry,BERRY,838-3592,1,0,19,19,0,0,0,0,,,,,,,,0.0,0.0,0.0,0.0,0.0,0.0,0.0,0.0,0.0,0.0,0.0,0.0,0.0,0.0,0.0,0.0,0.0,0.0,0.0,0.0,0.0,0.0,0.0,0.0,,,,,,,,,,,,,,,,,,,,,,,,,,,,,,,,,,,,,,,,,,,,,,,,,,,,,,,,,,,,,,,,,,,,,,,,,,,,,,,,,,,,,,,,,,,,,,,,,-1.489846363831943,12075,54
2026-27,football,Southern Athletic Association (SAA),saa,Trinity,"Vestal,Brody",Brody,Vestal,,715,"Vestal,Brody","VESTAL,BRODY",Trinity,TU,0,2,0,41,41,0,0,DL,0,,,,,,,,0.0,0.0,0.0,0.0,0.0,0.0,0.0,0.0,0.0,0.0,0.0,0.0,0.0,0.0,0.0,0.0,0.0,1.0,0.0,0.0,0.0,0.0,0.0,0.0,,,,,,,,,,,,,,,,,,,,,,,,,,,,,,,,,,,,,,,,,,,,,,,,,,,,,,,,,,,,,,,,,,,,,,,,,,,,,,,,,,,,,,,,,,,,,,,,,-1.489846363831943,12079,54
2026-27,football,Southern Athletic Association (SAA),saa,Centre,"Wasik,Brady",Brady,Wasik,,132,"Wasik,Brady","WASIK,BRADY",Centre,CEN,1268-3591,2,0,46,46,0,0,LB,0,,,,,,,,0.0,2.0,0.0,2.0,2.0,0.0,0.0,0.0,0.0,0.0,0.0,0.0,0.0,0.0,0.0,0.0,0.0,0.0,0.0,0.0,0.0,0.0,0.0,0.0,,,,,,,,,,,,,,,,,,,,,,,,,,,,,,,,,,,,,,,,,,,,,,,,,,,,,,,,,,,,,,,,,,,,,,,,,2.0,18.0,0.0,18.0,9.0,,,,,,,,,,,,,,,,,,,,-1.543414312951565,12124,54
2026-27,football,Southern Athletic Association (SAA),saa,Berry,Peacock John david,Peacock John,david,,973,Peacock John david,"PEACOCK,JOHN DAVID",Berry,BERRY,838-3126,3,3,89,89,0,TE,0,0,,,,,,,,0.0,0.0,0.0,0.0,0.0,0.0,0.0,0.0,0.0,0.0,0.0,0.0,0.0,0.0,0.0,0.0,0.0,0.0,0.0,0.0,0.0,0.0,0.0,0.0,,,,,,,,,,,2.0,10.0,1.0,6.0,5.0,,0.0,1.0,0.0,0.0,0.0,1.0,0.0,0.0,0.0,8.0,8.0,2.67,,,,,,,,,,,,,,,,,,,,,,,,,,,,,,,,,,,,,,,,,,,,,,,,,,,,,,,,,,,,,,,,,,,,,-1.5775380678952493,12156,54
2026-27,football,Southern Athletic Association (SAA),saa,Centre,"Johnson,Isaac",Isaac,Johnson,,132,"Johnson,Isaac","JOHNSON,ISAAC",Centre,CEN,1268-3144,3,0,98,98,0,0,0,0,,,,,,,,0.0,0.0,0.0,0.0,0.0,0.0,0.0,0.0,0.0,0.0,0.0,0.0,0.0,0.0,0.0,0.0,0.0,0.0,0.0,0.0,0.0,0.0,0.0,0.0,,,,,,,,,,,,,,,,,6.0,0.0,1.0,0.0,0.0,0.0,0.0,0.0,0.0,9.0,9.0,3.0,,,,,,,,,,,,,,,,,,,,,6.0,6.0,0.0,0.0,0.0,0.0,0.0,0.0,0.0,0.0,0.0,0.0,,,,,,,,,,,,,,,,,,1.0,2.0,36.0,0.0,50.0,,,,,12.0,608.0,2.0,3.0,50.7,,,,,,-1.5883895459717543,12169,54
2026-27,football,Southern Athletic Association (SAA),saa,Maryville College,"White,Jackson",Jackson,White,,396,"White,Jackson","WHITE,JACKSON",Maryville College,MAR,1027-2464,4,0,1,8M,0,0,0,0,,,,,,,,0.0,0.0,0.0,0.0,0.0,0.0,0.0,0.0,0.0,0.0,0.0,0.0,0.0,0.0,0.0,0.0,0.0,0.0,0.0,0.0,0.0,0.0,0.0,0.0,,,,,,,,,,,,,,,,,11.0,0.0,1.0,0.0,0.0,0.0,0.0,0.0,0.0,14.0,14.0,3.5,,,,,,,,,,,,,,,,,,,,,12.0,11.0,0.0,0.0,0.0,0.0,0.0,0.0,0.0,0.0,0.0,0.0,,,,,,,,,,,,,,,,,,1.0,2.0,33.0,0.0,50.0,,,,,18.0,1010.0,1.0,0.0,56.1,,,,,,-1.5883895459717543,12181,54
2026-27,football,Southern Athletic Association (SAA),saa,Rhodes,"Hampton,Jonathan",Jonathan,Hampton,,573,"Hampton,Jonathan","HAMPTON,JONATHAN",Rhodes,RHO,1390-4988,3,0,2,2,0,RB,0,0,,,,,,,,0.0,0.0,0.0,0.0,0.0,0.0,0.0,0.0,0.0,0.0,0.0,0.0,0.0,0.0,0.0,0.0,0.0,0.0,0.0,0.0,0.0,0.0,0.0,0.0,,,,,,,,,,,,,,,,,,,,,,,,,,,,,7.0,16.0,18.0,2.0,0.0,8.0,2.3,5.3,,,,,,,,,,,,,,,,,,,,,,,,,1.0,0.0,,,,,,,,,,,7.0,122.0,0.0,27.0,17.4,,,,,,,,,,,,,,,,,,,,-1.596825507413725,12189,54
2026-27,football,Southern Athletic Association (SAA),saa,Centre,"Sansbury,Clint",Clint,Sansbury,,132,"Sansbury,Clint","SANSBURY,CLINT",Centre,CEN,1268-3129,3,0,25,25,0,RB,0,0,,,,,,,,0.0,0.0,0.0,0.0,0.0,0.0,0.0,0.0,0.0,0.0,0.0,0.0,0.0,0.0,0.0,0.0,0.0,0.0,0.0,0.0,0.0,0.0,0.0,0.0,,,,,,,,,,,2.0,23.0,0.0,17.0,11.5,,0.0,1.0,0.0,0.0,0.0,0.0,0.0,0.0,0.0,6.0,6.0,2.0,26.0,77.0,80.0,3.0,1.0,19.0,3.0,25.7,,,,,,,,,,,,,,,,,,,,,,,,,,,,,,,,,,,,,,,,,,,,,,,,,,,,,,,,,,,,,-1.6091926359666464,12200,54
2026-27,football,Southern Athletic Association (SAA),saa,Southwestern,"Williams,Samuel",Samuel,Williams,,8746,"Williams,Samuel","WILLIAMS,SAMUEL",Southwestern,SWU,1322-3014,3,3,11,11,0,TE,0,0,,,,,,,,0.0,3.0,0.0,3.0,3.0,0.0,0.0,0.0,0.0,0.0,0.0,0.0,0.0,0.0,0.0,0.0,0.0,0.0,0.0,0.0,0.0,0.0,0.0,0.0,,,,,,,,,,,12.0,65.0,0.0,21.0,5.4,,,,,,,,,,,,,,1.0,76.0,76.0,0.0,0.0,76.0,76.0,25.3,,,,,,,,,,,,,0.0,0.0,1.0,0.0,0.0,0.0,0.0,0.0,0.0,0.0,0.0,0.0,,,,,,,,,,,,,,,,,,,,,,,,,,,,,,,,,,,,,-1.6250346029754674,12223,54
2026-27,football,Southern Athletic Association (SAA),saa,Berry,Andrew Davis,Andrew,Davis,,973,Andrew Davis,"DAVIS,ANDREW",Berry,BERRY,838-3930,2,0,29,29,0,0,0,0,,,,,,,,0.0,0.0,0.0,0.0,0.0,0.0,0.0,0.0,0.0,0.0,0.0,0.0,0.0,0.0,0.0,0.0,0.0,0.0,0.0,0.0,0.0,0.0,0.0,0.0,,,,,,,,,,,,,,,,,0.0,1.0,0.0,0.0,0.0,0.0,0.0,0.0,0.0,6.0,6.0,3.0,8.0,48.0,48.0,0.0,1.0,15.0,6.0,24.0,,,,,,,,,,,,,,,,,,,,,,,,,1.0,1.0,,,,,,,,,,,4.0,115.0,0.0,39.0,28.8,,,,,,,,,,,,,,,1.0,5.0,0.0,5.0,5.0,-1.6529870340099613,12247,53
2026-27,football,Southern Athletic Association (SAA),saa,Centre,"Hunter,Giaonni",Giaonni,Hunter,,132,"Hunter,Giaonni","HUNTER,GIAONNI",Centre,CEN,1268-3350,1,0,5,5,0,RB,0,0,,,,,,,,,,,,,,,,,,,,,,,,,,,,,,,,,,,,,,,,,,1.0,13.0,0.0,13.0,13.0,,,,,,,,,,,,,,5.0,18.0,18.0,0.0,0.0,8.0,3.6,18.0,,,,,,,,,,,,,,,,,,,,,,,,,,,,,,,,,,,,,,,,,,,,,,,,,,,,,,,,,,,,,-1.6990275191206674,12292,53
2026-27,football,Southern Athletic Association (SAA),saa,Maryville College,"Burch,Harrison",Harrison,Burch,,396,"Burch,Harrison","BURCH,HARRISON",Maryville College,MAR,1027-2637,2,0,9,9Z,0,QB,0,0,,,,,,,,,,,,,,,,,,,,,,,,,,,,,,,,,,,,,,,,,,0.0,0.0,0.0,0.0,0.0,,,,,,,,,,,,,,6.0,28.0,29.0,1.0,0.0,13.0,4.7,14.0,,,,,,,,,,,,,,,,,,,,,,,,,,,,,,,,,,,,,,,,,,,,,,,,,,,,,,,,,,,,,-1.7378972094188407,12327,53
2026-27,football,Southern Athletic Association (SAA),saa,Sewanee,"Cox,Ean",Ean,Cox,,652,"Cox,Ean","COX,EAN",Sewanee,SEW,1321-3334,3,3,65,65,0,OL,0,0,,,,,,,,0.0,0.0,0.0,0.0,0.0,0.0,0.0,0.0,0.0,0.0,0.0,0.0,0.0,0.0,0.0,0.0,0.0,0.0,0.0,0.0,0.0,0.0,0.0,0.0,,,,,,,,,,,,,,,,,0.0,1.0,0.0,0.0,0.0,0.0,0.0,0.0,0.0,6.0,6.0,2.0,0.0,0.0,0.0,0.0,1.0,0.0,0.0,0.0,,,,,,,,,,,,,,,,,,,,,,,,,,,,,,,,,,,,,,,,,,,,,,,,,,,,,,,,,,,,,-1.7410953862086405,12333,53
2026-27,football,Southern Athletic Association (SAA),saa,Millsaps,"Babin,Connor",Connor,Babin,,426,"Babin,Connor","BABIN,CONNOR",Millsaps,MC,1282-2642,3,0,18,18,0,0,0,0,,,,,,,,0.0,0.0,0.0,0.0,0.0,0.0,0.0,0.0,0.0,0.0,0.0,0.0,0.0,0.0,0.0,0.0,0.0,0.0,0.0,0.0,0.0,0.0,0.0,0.0,,,,,,,,,,,,,,,,,13.0,0.0,1.0,0.0,0.0,0.0,0.0,0.0,0.0,16.0,16.0,5.33,,,,,,,,,,,,,,,,,,,,,16.0,13.0,0.0,0.0,0.0,0.0,0.0,0.0,0.0,0.0,0.0,0.0,,,,,,,,,,,,,,,,,,1.0,3.0,48.0,0.0,33.3,,,,,21.0,1299.0,0.0,12.0,61.9,,,,,,-1.7550877282639932,12341,53
2026-27,football,Southern Athletic Association (SAA),saa,Southwestern,"Murray,Christian",Christian,Murray,,8746,"Murray,Christian","MURRAY,CHRISTIAN",Southwestern,SWU,1322-3023,3,0,1,01,0,RB,0,0,,,,,,,,,,,,,,,,,,,,,,,,,,,,,,,,,,,,,,,,,,2.0,-2.0,0.0,2.0,-1.0,,,,,,,,,,,,,,3.0,8.0,8.0,0.0,0.0,5.0,2.7,2.7,,,,,,,,,,,,,,,,,,,,,,,,,,,,,,,,,,,,,7.0,99.0,0.0,28.0,14.1,,,,,,,,,,,,,,,,,,,,-1.778123192467211,12356,53
2026-27,football,Southern Athletic Association (SAA),saa,Centre,"Davis,Kyle",Kyle,Davis,,132,"Davis,Kyle","DAVIS,KYLE",Centre,CEN,1268-3339,2,0,4,0K,0,QB,0,0,,,,,,,,0.0,0.0,0.0,0.0,0.0,0.0,0.0,0.0,0.0,0.0,0.0,0.0,0.0,0.0,0.0,0.0,0.0,0.0,0.0,0.0,0.0,0.0,0.0,0.0,,,,,,,,,,,,,,,,,0.0,2.0,0.0,0.0,1.0,0.0,0.0,0.0,0.0,14.0,14.0,7.0,12.0,18.0,25.0,7.0,2.0,6.0,1.5,9.0,2.0,2.0,0.0,0.0,0.0,0.0,0.0,0.0,,0.0,0.0,0.0,0.0,0.0,1.0,1.0,0.0,0.0,0.0,0.0,0.0,0.0,0.0,0.0,,,,,,,,,,,,,,,,,,,,,,,,,,,,,,,,,,,,,-1.788351681703146,12366,53
2026-27,football,Southern Athletic Association (SAA),saa,Centre,"Phelps,Harris",Harris,Phelps,,132,"Phelps,Harris","PHELPS,HARRIS",Centre,CEN,1268-2874,1,0,21,21,0,RB,0,0,,,,,,,,,,,,,,,,,,,,,,,,,,,,,,,,,,,,,,,,,,1.0,8.0,0.0,8.0,8.0,,,,,,,,,,,,,,4.0,15.0,15.0,0.0,0.0,6.0,3.8,15.0,,,,,,,,,,,,,,,,,,,,,,,,,,,,,,,,,,,,,,,,,,,,,,,,,,,,,,,,,,,,,-1.7915106172759487,12370,53
2026-27,football,Southern Athletic Association (SAA),saa,Rhodes,"Perkins,Caden",Caden,Perkins,,573,"Perkins,Caden","PERKINS,CADEN",Rhodes,RHO,1390-4801,3,0,3,3A,0,RB,0,0,,,,,,,,,,,,,,,,,,,,,,,,,,,,,,,,,,,,,,,,,,2.0,5.0,0.0,5.0,2.5,,,,,,,,,,,,,,13.0,65.0,68.0,3.0,0.0,29.0,5.0,21.7,,,,,,,,,,,,,,,,,,,,,,,,,1.0,1.0,,,,,,,,,,,,,,,,,,,,,,,,,,,,,,,,,,,-1.8344843956084151,12409,53
2026-27,football,Southern Athletic Association (SAA),saa,Southwestern,"Eidem,Hudson",Hudson,Eidem,,8746,"Eidem,Hudson","EIDEM,HUDSON",Southwestern,SWU,1322-3029,2,0,26,26,0,RB,0,0,,,,,,,,0.0,1.0,1.0,2.0,2.0,0.0,0.0,0.0,0.0,0.0,0.0,0.0,0.0,0.0,0.0,0.0,0.0,0.0,0.0,0.0,0.0,0.0,0.0,0.0,,,,,,,,,,,1.0,7.0,0.0,7.0,7.0,,0.0,1.0,0.0,0.0,0.0,0.0,0.0,0.0,0.0,6.0,6.0,3.0,12.0,56.0,59.0,3.0,1.0,15.0,4.7,28.0,,,,,,,,,,,,,,,,,,,,,,,,,,,,,,,,,,,,,,,,,,,,,,,,,,,,,,,,,,,,,-1.8352424214593008,12410,53
2026-27,football,Southern Athletic Association (SAA),saa,Sewanee,"Hayner,Giovanni",Giovanni,Hayner,,652,"Hayner,Giovanni","HAYNER,GIOVANNI",Sewanee,SEW,1321-3582,3,0,26,26,0,RB,0,0,,,,,,,,,,,,,,,,,,,,,,,,,,,,,,,,,,,,,,,,,,0.0,0.0,0.0,0.0,0.0,,,,,,,,,,,,,,13.0,16.0,27.0,11.0,0.0,14.0,1.2,5.3,,,,,,,,,,,,,,,,,,,,,,,,,,,,,,,,,,,,,,,,,,,,,,,,,,,,,,,,,,,,,-1.8737981295798916,12441,53
2026-27,football,Southern Athletic Association (SAA),saa,Millsaps,"Reed,Zayden",Zayden,Reed,,426,"Reed,Zayden","REED,ZAYDEN",Millsaps,MC,1282-3237,3,0,5,5,0,WR,0,0,,,,,,,,,,,,,,,,,,,,,,,,,,,,,,,,,,,,,,,,,,2.0,17.0,0.0,17.0,8.5,,,,,,,,,,,,,,2.0,-1.0,0.0,1.0,0.0,0.0,-0.5,-0.3,,,,,,,,,,,,,,,,,,,,,,,,,,,,,,,,,,,,,,,,,,,,,,,,,,,,,,,,1.0,17.0,0.0,17.0,17.0,-1.94483193103132,12483,53
2026-27,football,Southern Athletic Association (SAA),saa,Maryville College,"Evans,Josiah",Josiah,Evans,,396,"Evans,Josiah","EVANS,JOSIAH",Maryville College,MAR,1027-1962,4,0,0,80,0,WR,0,0,,,,,,,,0.0,1.0,1.0,2.0,2.0,0.0,0.0,0.0,0.0,0.0,0.0,0.0,0.0,0.0,0.0,0.0,0.0,0.0,0.0,0.0,0.0,0.0,0.0,0.0,,,,,,,,,,,4.0,30.0,0.0,13.0,7.5,,,,,,,,,,,,,,,,,,,,,,,,,,,,,,,,,,,,,,,,,,,,,,,,,,,,,,,,,,,,,,,,,,,,,,,,,,,,,,,,,,-1.9490614998384208,12485,53
2026-27,football,Southern Athletic Association (SAA),saa,Centre,"Gaiser,Dylan",Dylan,Gaiser,,132,"Gaiser,Dylan","GAISER,DYLAN",Centre,CEN,1268-3567,3,0,20,20,0,RB,0,0,,,,,,,,0.0,0.0,0.0,0.0,0.0,0.0,0.0,0.0,0.0,0.0,0.0,0.0,0.0,0.0,0.0,0.0,0.0,0.0,0.0,0.0,0.0,0.0,0.0,0.0,,,,,,,,,,,1.0,5.0,0.0,5.0,5.0,,0.0,1.0,0.0,0.0,0.0,0.0,0.0,0.0,0.0,6.0,6.0,2.0,14.0,64.0,66.0,2.0,1.0,35.0,4.6,21.3,,,,,,,,,,,,,,,,,,,,,,,,,,,,,,,,,,,,,,,,,,,,,,,,,,,,,,,,,,,,,-1.9670469580218528,12503,53
2026-27,football,Southern Athletic Association (SAA),saa,Millsaps,"Alexander,Cale",Cale,Alexander,,426,"Alexander,Cale","ALEXANDER,CALE",Millsaps,MC,1282-3184,2,0,17,17,0,WR,0,0,,,,,,,,0.0,1.0,0.0,1.0,1.0,0.0,0.0,0.0,0.0,0.0,0.0,0.0,0.0,0.0,0.0,0.0,0.0,0.0,0.0,0.0,0.0,0.0,0.0,0.0,,,,,,,,,,,1.0,36.0,0.0,36.0,36.0,,,,,,,,,,,,,,,,,,,,,,,,,,,,,,,,,,,,,,,,,,,,,,,,,,,,,,,,,,,,,,,,,,,,,,,,,,,,,,,,,,-1.9783530594790204,12511,53
2026-27,football,Southern Athletic Association (SAA),saa,Trinity,"Sams,Luke",Luke,Sams,,715,"Sams,Luke","SAMS,LUKE",Trinity,TU,0,3,0,26,26,0,RB,0,0,,,,,,,,0.0,0.0,0.0,0.0,0.0,0.0,0.0,0.0,0.0,0.0,0.0,0.0,0.0,0.0,0.0,0.0,0.0,0.0,0.0,0.0,0.0,0.0,0.0,0.0,,,,,,,,,,,2.0,16.0,0.0,14.0,8.0,,,,,,,,,,,,,,22.0,105.0,114.0,9.0,0.0,28.0,4.8,35.0,,,,,,,,,,,,,,,,,,,,,,,,,1.0,0.0,,,,,,,,,,,1.0,21.0,0.0,21.0,21.0,,,,,,,,,,,,,,,,,,,,-1.9873169711038272,12520,53
2026-27,football,Southern Athletic Association (SAA),saa,Centre,"Yates,Davis",Davis,Yates,,132,"Yates,Davis","YATES,DAVIS",Centre,CEN,1268-3115,1,0,26,26,0,RB,0,0,,,,,,,,,,,,,,,,,,,,,,,,,,,,,,,,,,,,,,,,,,1.0,-3.0,0.0,0.0,-3.0,,,,,,,,,,,,,,4.0,4.0,4.0,0.0,0.0,4.0,1.0,4.0,,,,,,,,,,,,,,,,,,,,,,,,,,,,,,,,,,,,,,,,,,,,,,,,,,,,,,,,,,,,,-2.0448037706099536,12559,52
2026-27,football,Southern Athletic Association (SAA),saa,Trinity,"Kayser,Jack",Jack,Kayser,,715,"Kayser,Jack","KAYSER,JACK",Trinity,TU,1323-3160,1,0,33,33,0,RB,0,0,,,,,,,,,,,,,,,,,,,,,,,,,,,,,,,,,,,,,,,,,,1.0,11.0,0.0,11.0,11.0,,,,,,,,,,,,,,1.0,5.0,5.0,0.0,0.0,5.0,5.0,5.0,,,,,,,,,,,,,,,,,,,,,,,,,,,,,,,,,,,,,1.0,31.0,0.0,31.0,31.0,,,,,,,,,,,,,,,,,,,,-2.0480385601983673,12561,52
2026-27,football,Southern Athletic Association (SAA),saa,Southwestern,"Messer,Case",Case,Messer,,8746,"Messer,Case","MESSER,CASE",Southwestern,SWU,1322-3207,2,0,87,87,0,WR,0,0,,,,,,,,0.0,2.0,0.0,2.0,2.0,0.0,0.0,0.0,0.0,0.0,0.0,0.0,0.0,0.0,0.0,0.0,0.0,0.0,0.0,0.0,0.0,0.0,0.0,0.0,,,,,,,,,,,2.0,21.0,0.0,11.0,10.5,,,,,,,,,,,,,,,,,,,,,,,,,,,,,,,,,,,,,,,,,,,,,,,,,,,,,,,,,,,,,,,,,,,,,,,,,,,,,,,,,,-2.0543756624454548,12569,52
2026-27,football,Southern Athletic Association (SAA),saa,Trinity,"Tavarez,Alejandro",Alejandro,Tavarez,,715,"Tavarez,Alejandro","TAVAREZ,ALEJANDRO",Trinity,TU,0,1,1,11,11,0,WR,0,0,,,,,,,,0.0,1.0,0.0,1.0,1.0,0.0,0.0,0.0,0.0,0.0,0.0,0.0,0.0,0.0,0.0,0.0,0.0,0.0,0.0,0.0,0.0,0.0,0.0,0.0,,,,,,,,,,,2.0,25.0,0.0,16.0,12.5,,,,,,,,,,,,,,,,,,,,,,,,,,,,,,,,,,,,,,,,,,,,,,,,,,,,,,,,,,,,,,,,,,,,,,,,,,,,,,,,,,-2.107070369332062,12611,52
2026-27,football,Southern Athletic Association (SAA),saa,Berry,Conner Hughes,Conner,Hughes,,973,Conner Hughes,"HUGHES,CONNER",Berry,BERRY,838-3575,3,0,32,32,0,0,0,0,,,,,,,,0.0,3.0,0.0,3.0,3.0,0.0,0.0,0.0,0.0,0.0,0.0,0.0,0.0,0.0,0.0,0.0,0.0,0.0,0.0,0.0,0.0,0.0,0.0,0.0,,,,,,,,,,,,,,,,,8.0,0.0,0.0,0.0,0.0,0.0,0.0,0.0,0.0,8.0,8.0,2.67,,,,,,,,,,,,,,,,,,,,,8.0,8.0,0.0,0.0,0.0,0.0,0.0,0.0,0.0,0.0,0.0,0.0,,,,,,,,,,,,,,,,,,0.0,1.0,0.0,0.0,0.0,,,,,11.0,639.0,0.0,1.0,58.1,,,,,,-2.1545853976724696,12638,52
2026-27,football,Southern Athletic Association (SAA),saa,Trinity,"Burdine,Blake",Blake,Burdine,,715,"Burdine,Blake","BURDINE,BLAKE",Trinity,TU,0,3,0,14,14,0,WR,0,0,,,,,,,,0.0,1.0,2.0,3.0,3.0,0.0,0.0,0.0,0.0,0.0,0.0,0.0,0.0,0.0,0.0,0.0,0.0,0.0,0.0,0.0,0.0,0.0,0.0,0.0,,,,,,,,,,,1.0,3.0,0.0,3.0,3.0,,,,,,,,,,,,,,,,,,,,,,,,,,,,,,,,,,,,,,,,,,,,,,,,,,,,,,,,,,,,,,,,,,,,,,,,,,,,,,,,,,-2.1655029862809,12649,52
2026-27,football,Southern Athletic Association (SAA),saa,Sewanee,"Wilkins,Toryn",Toryn,Wilkins,,652,"Wilkins,Toryn","WILKINS,TORYN",Sewanee,SEW,1321-3595,2,0,7,7Q,0,QB,0,0,,,,,,,,,,,,,,,,,,,,,,,,,,,,,,,,,,,,,,,,,,,,,,,,,,,,,,,,,,,,4.0,19.0,19.0,0.0,0.0,9.0,4.8,9.5,0.0,0.0,31.0,1.0,143.0,2.0,37.0,15.0,71.1,3.86,9.53,71.5,,,,,,,,,,,,,,,,,,,,,,,,,,,,,,,,,,,,,,,,,,,,,,,,,-2.176352094579488,12661,52
2026-27,football,Southern Athletic Association (SAA),saa,Berry,"Cook,Grant",Grant,Cook,,973,"Cook,Grant","COOK,GRANT",Berry,BERRY,838-3583,2,0,5,5B,0,WR,0,0,,,,,,,,0.0,0.0,0.0,0.0,0.0,0.0,0.0,0.0,0.0,0.0,0.0,0.0,0.0,0.0,0.0,0.0,0.0,0.0,0.0,0.0,0.0,0.0,0.0,0.0,,,,,,,,,,,2.0,20.0,0.0,17.0,10.0,,0.0,0.0,0.0,0.0,0.0,1.0,0.0,0.0,0.0,2.0,2.0,1.0,,,,,,,,,,,,,,,,,,,,,,,,,,,,,,,,,,,,,,,,,,,,,,,,,,,,,,,,,,,,,,,,,,,,,-2.2650792388257033,12722,52
2026-27,football,Southern Athletic Association (SAA),saa,Southwestern,"Smith,Jacob",Jacob,Smith,,8746,"Smith,Jacob","SMITH,JACOB",Southwestern,SWU,1322-3010,1,1,7,7,0,QB,0,0,,,,,,,,,,,,,,,,,,,,,,,,,,,,,,,,,,,,,,,,,,,,,,,,,,,,,,,,,,,,12.0,19.0,45.0,26.0,0.0,19.0,1.6,19.0,11.0,2.0,36.0,0.0,75.0,1.0,18.0,9.0,73.9,4.17,8.33,75.0,,,,,,,,,,,,,,,,,,,,,,,,,,,,,,,,,,,,,,,,,,,,,,,,,-2.291712963496497,12736,52
2026-27,football,Southern Athletic Association (SAA),saa,Maryville College,"Edmondson,Erozinis",Erozinis,Edmondson,,396,"Edmondson,Erozinis","EDMONDSON,EROZINIS",Maryville College,MAR,1027-1953,4,3,8,8,0,WR,0,0,,,,,,,,0.0,0.0,0.0,0.0,0.0,0.0,0.0,0.0,0.0,0.0,0.0,0.0,0.0,0.0,0.0,0.0,0.0,0.0,0.0,0.0,0.0,0.0,0.0,0.0,,,,,,,,,,,12.0,156.0,0.0,35.0,13.0,,,,,,,,,,,,,,,,,,,,,,,,,,,,,,,,,,,,,,,,,,,,,,2.0,2.0,,,,,,,,,,,3.0,50.0,0.0,39.0,16.7,,,,,,,,,,,,,,,,,,,,-2.308484361750979,12756,52
2026-27,football,Southern Athletic Association (SAA),saa,Rhodes,"Presley,Ethan",Ethan,Presley,,573,"Presley,Ethan","PRESLEY,ETHAN",Rhodes,RHO,1390-4600,2,2,87,87,0,TE,0,0,,,,,,,,0.0,1.0,0.0,1.0,1.0,0.0,0.0,0.0,0.0,0.0,0.0,0.0,0.0,0.0,0.0,0.0,0.0,0.0,0.0,0.0,0.0,0.0,0.0,0.0,,,,,,,,,,,,,,,,,,,,,,,,,,,,,,,,,,,,,,,,,,,,,,,,,,,,,,,,,,,,,1.0,1.0,,,,,,,,,,,1.0,0.0,0.0,0.0,0.0,,,,,,,,,,,,,,,,,,,,-2.3197601279482996,12762,52
2026-27,football,Southern Athletic Association (SAA),saa,Centre,"Cartwright,Zane",Zane,Cartwright,,132,"Cartwright,Zane","CARTWRIGHT,ZANE",Centre,CEN,1268-3152,1,1,9,9,0,QB,0,0,,,,,,,,,,,,,,,,,,,,,,,,,,,,,,,,,,,,,,,,,,,,,,,,,,,,,,,,,,,,6.0,21.0,21.0,0.0,0.0,13.0,3.5,21.0,0.0,0.0,27.0,0.0,89.0,1.0,38.0,13.0,48.6,2.34,6.85,89.0,,,,,,,,,,,,,,,,,,,,,,,,,,,,,,,,,,,,,,,,,,,,,,,,,-2.334169840714511,12776,52
2026-27,football,Southern Athletic Association (SAA),saa,Berry,David Ortiz-Ramirez,David,Ortiz-Ramirez,,973,David Ortiz-Ramirez,"ORTIZ-RAMIREZ,DAVID",Berry,BERRY,838-3655,3,0,21,21,0,0,0,0,,,,,,,,0.0,0.0,0.0,0.0,0.0,0.0,0.0,0.0,0.0,0.0,0.0,0.0,0.0,0.0,0.0,0.0,0.0,0.0,0.0,0.0,0.0,0.0,0.0,0.0,,,,,,,,,,,1.0,18.0,1.0,18.0,18.0,,0.0,1.0,0.0,0.0,0.0,0.0,0.0,0.0,0.0,6.0,6.0,2.0,2.0,4.0,5.0,1.0,0.0,5.0,2.0,1.3,,,,,,,,,,,,,,,,,,,,,,,,,,,,,,,,,,,,,,,,,,,,,,,,,,,,,,,,,,,,,-2.4843601811983262,12935,51
2026-27,football,Southern Athletic Association (SAA),saa,Berry,"Abner,David",David,Abner,,973,"Abner,David","ABNER,DAVID",Berry,BERRY,838-3305,0,0,86,86,0,TE,0,0,,,,,,,,0.0,0.0,0.0,0.0,0.0,0.0,0.0,0.0,0.0,0.0,0.0,0.0,0.0,0.0,0.0,0.0,0.0,0.0,0.0,0.0,0.0,0.0,0.0,0.0,,,,,,,,,,,0.0,0.0,0.0,0.0,0.0,,0.0,0.0,0.0,0.0,0.0,0.0,0.0,0.0,0.0,0.0,0.0,0.0,,,,,,,,,,,,,,,,,,,,,,,,,,,,,,,,,,,,,,,,,,,,,,,,,,,,,,,,,,,,,,,,,,,,,-2.4991107112857787,12940,51
2026-27,football,Southern Athletic Association (SAA),saa,Millsaps,"Tasby Jr.,Derrick",Derrick,Tasby Jr.,,426,"Tasby Jr.,Derrick","TASBY JR.,DERRICK",Millsaps,MC,1282-2899,3,3,4,4,0,WR,0,0,,,,,,,,0.0,0.0,0.0,0.0,0.0,0.0,0.0,0.0,0.0,0.0,0.0,0.0,0.0,0.0,0.0,0.0,0.0,0.0,0.0,0.0,0.0,0.0,0.0,0.0,,,,,,,,,,,3.0,15.0,0.0,11.0,5.0,,0.0,1.0,0.0,0.0,0.0,0.0,0.0,0.0,0.0,6.0,6.0,2.0,1.0,5.0,5.0,0.0,1.0,5.0,5.0,1.7,,,,,,,,,,,,,,,,,,,,,,,,,,,,,,,,,,,,,,,,,,,,,,,,,,,,,,,,,,,,,-2.518210745916982,12951,51
2026-27,football,Southern Athletic Association (SAA),saa,Trinity,"Pavlicek,Hunter",Hunter,Pavlicek,,715,"Pavlicek,Hunter","PAVLICEK,HUNTER",Trinity,TU,0,3,2,22,22,0,0,LB,0,,,,,,,,0.0,0.0,3.0,3.0,3.0,0.5,0.0,0.0,0.0,1.0,1.0,0.0,0.0,0.0,0.0,0.0,0.0,0.0,0.0,0.0,0.0,0.0,0.0,0.0,,,,,,,,,,,,,,,,,,,,,,,,,,,,,5.0,36.0,36.0,0.0,0.0,15.0,7.2,12.0,0.0,0.0,5.0,0.0,5.0,0.0,1.0,1.0,142.0,5.0,5.0,1.7,,,,,,,,,,,,,,,,,,,,,,,,,,,,,,,,,,,,,,,,,,,,,,,,,-2.524901573604177,12955,51
2026-27,football,Southern Athletic Association (SAA),saa,Rhodes,"Keim,Brennan",Brennan,Keim,,573,"Keim,Brennan","KEIM,BRENNAN",Rhodes,RHO,1390-4992,2,0,12,12,0,QB,0,0,,,,,,,,,,,,,,,,,,,,,,,,,,,,,,,,,,,,,,,,,,,,,,,,,,,,,,,,,,,,5.0,10.0,10.0,0.0,0.0,7.0,2.0,5.0,0.0,0.0,14.0,0.0,51.0,1.0,18.0,8.0,57.1,2.83,6.38,25.5,,,,,,,,,,,,,,,,,,,,,,,,,,,,,,,,,,,,,,,,,,,,,,,,,-2.545211583550516,12967,51
2026-27,football,Southern Athletic Association (SAA),saa,Berry,Jay Kanazawa,Jay,Kanazawa,,973,Jay Kanazawa,"KANAZAWA,JAY",Berry,BERRY,838-3352,3,0,1,1,0,0,0,0,,,,,,,,,,,,,,,,,,,,,,,,,,,,,,,,,,,,,,,,,,,,,,,,,,,,,,,,,,,,5.0,20.0,22.0,2.0,0.0,8.0,4.0,6.7,2.0,1.0,6.0,0.0,10.0,1.0,4.0,2.0,21.0,2.5,5.0,3.3,0.0,0.0,0.0,0.0,1.0,1.0,1.0,1.0,0.0,0.0,0.0,0.0,,,,,,,,,,,,,,,,,,,,,,,,,,,,,,,,,,,,,-2.723264909388151,13024,51
2026-27,football,Southern Athletic Association (SAA),saa,Maryville College,"Walton,Coby",Coby,Walton,,396,"Walton,Coby","WALTON,COBY",Maryville College,MAR,1027-2714,2,1,18,18,0,QB,0,0,,,,,,,,,,,,,,,,,,,,,,,,,,,,,,,,,,,,,,,,,,,,,,,,,,,,,,,,,,,,2.0,-10.0,2.0,12.0,0.0,2.0,-5.0,-5.0,12.0,1.0,26.0,0.0,24.0,1.0,4.0,2.0,50.4,6.0,12.0,12.0,,,,,,,,,,,,,,,,,,,,,,,,,,,,,,,,,,,,,,,,,,,,,,,,,-2.8888708459175017,13065,51
2026-27,football,Southern Athletic Association (SAA),saa,Centre,"Barker,Caden",Caden,Barker,,132,"Barker,Caden","BARKER,CADEN",Centre,CEN,1268-3558,3,0,81,81,0,WR,0,0,,,,,,,,0.0,0.0,0.0,0.0,0.0,0.0,0.0,0.0,0.0,0.0,0.0,0.0,0.0,0.0,0.0,0.0,0.0,0.0,0.0,0.0,0.0,0.0,0.0,0.0,,,,,,,,,,,2.0,13.0,0.0,8.0,6.5,,,,,,,,,,,,,,,,,,,,,,,,,,,,,,,,,,,,,,,,,,,,,,1.0,1.0,,,,,,,,,,,,,,,,,,,,,,,,,,,,,,3.0,25.0,0.0,13.0,8.3,-2.928597221441722,13078,51
2026-27,football,Southern Athletic Association (SAA),saa,Centre,"Ross,Cree",Cree,Ross,,132,"Ross,Cree","ROSS,CREE",Centre,CEN,1268-3131,3,0,1,1,0,WR,0,0,,,,,,,,0.0,0.0,0.0,0.0,0.0,0.0,0.0,0.0,0.0,0.0,0.0,0.0,0.0,0.0,0.0,0.0,0.0,0.0,0.0,0.0,1.0,0.0,0.0,0.0,,,,,,,,,,,4.0,0.0,0.0,3.0,0.0,,,,,,,,,,,,,,2.0,14.0,19.0,5.0,0.0,19.0,7.0,4.7,,,,,,,,,,,,,,,,,,,,,,,,,0.0,0.0,,,,,,,,,,,,,,,,,,,,,,,,,,,,,,,,,,,-2.9696744954413696,13093,51
2026-27,football,Southern Athletic Association (SAA),saa,Rhodes,"Haas,Taylor",Taylor,Haas,,573,"Haas,Taylor","HAAS,TAYLOR",Rhodes,RHO,1390-4568,3,2,8,8,0,QB,0,0,,,,,,,,,,,,,,,,,,,,,,,,,,,,,,,,,,,,,,,,,,,,,,,,,,,,,,,,,,,,2.0,8.0,8.0,0.0,0.0,5.0,4.0,2.7,0.0,0.0,34.0,1.0,278.0,5.0,56.0,25.0,74.4,4.96,11.12,92.7,,,,,,,,,,,,,,,,,,,,,,,,,,,,,,,,,,,,,,,,,,,,,,,,,-3.100972790629311,13124,50
2026-27,football,Southern Athletic Association (SAA),saa,Trinity,"Franklin,Hondo",Hondo,Franklin,,715,"Franklin,Hondo","FRANKLIN,HONDO",Trinity,TU,0,3,0,9,9,0,QB,0,0,,,,,,,,0.0,0.0,0.0,0.0,0.0,0.0,0.0,0.0,0.0,0.0,0.0,0.0,0.0,0.0,0.0,0.0,0.0,0.0,0.0,0.0,0.0,0.0,0.0,0.0,,,,,,,,,,,,,,,,,0.0,1.0,0.0,0.0,0.0,0.0,0.0,0.0,0.0,6.0,6.0,2.0,13.0,12.0,56.0,44.0,1.0,29.0,0.9,4.0,21.0,3.0,26.0,1.0,108.0,1.0,22.0,9.0,88.1,4.91,12.0,36.0,0.0,0.0,0.0,0.0,1.0,1.0,1.0,1.0,0.0,0.0,0.0,0.0,4.0,1.0,,,,,,,,,,,,,,,,,,,,,,,,,,,,,,,,,,,-3.1467233890101225,13136,50
2026-27,football,Southern Athletic Association (SAA),saa,Sewanee,"Roberts,Cook",Cook,Roberts,,652,"Roberts,Cook","ROBERTS,COOK",Sewanee,SEW,1321-3714,3,0,80,80,0,0,0,0,,,,,,,,0.0,1.0,0.0,1.0,1.0,0.0,0.0,0.0,0.0,0.0,0.0,0.0,0.0,0.0,0.0,0.0,0.0,0.0,0.0,0.0,0.0,0.0,0.0,0.0,,,,,,,,,,,,,,,,,,,,,,,,,,,,,1.0,-16.0,0.0,16.0,0.0,0.0,-16.0,-5.3,,,,,,,,,,,,,,,,,,,,,,,,,1.0,1.0,12.0,505.0,58.0,0.0,0.0,1.0,2.0,1.0,42.1,,,,,,,,,,,,,,,,14.0,840.0,0.0,0.0,60.0,,,,,,-3.2046217062018623,13145,50
2026-27,football,Southern Athletic Association (SAA),saa,Millsaps,"Rogers ll,Kevin",Kevin,Rogers ll,,426,"Rogers ll,Kevin","ROGERS LL,KEVIN",Millsaps,MC,1282-3038,3,0,25,25,0,RB,0,0,,,,,,,,0.0,0.0,0.0,0.0,0.0,0.0,0.0,0.0,0.0,0.0,0.0,0.0,0.0,0.0,0.0,0.0,0.0,0.0,0.0,0.0,0.0,0.0,0.0,0.0,,,,,,,,,,,1.0,1.0,0.0,1.0,1.0,,,,,,,,,,,,,,9.0,78.0,79.0,1.0,0.0,45.0,8.7,26.0,,,,,,,,,,,,,,,,,,,,,,,,,1.0,1.0,,,,,,,,,,,1.0,12.0,0.0,12.0,12.0,,,,,,,,,,,,,,,,,,,,-3.5107216496848617,13177,50
2026-27,football,Southern Athletic Association (SAA),saa,Millsaps,"Goss,Quez",Quez,Goss,,426,"Goss,Quez","GOSS,QUEZ",Millsaps,MC,1282-2838,2,1,6,6,0,QB,0,0,,,,,,,,0.0,0.0,0.0,0.0,0.0,0.0,0.0,0.0,0.0,0.0,0.0,0.0,0.0,0.0,0.0,0.0,0.0,0.0,0.0,0.0,0.0,0.0,0.0,0.0,,,,,,,,,,,0.0,-1.0,0.0,4.0,0.0,,0.0,1.0,0.0,0.0,0.0,0.0,0.0,0.0,0.0,6.0,6.0,3.0,15.0,36.0,47.0,11.0,1.0,8.0,2.4,18.0,5.0,1.0,36.0,2.0,223.0,1.0,31.0,17.0,130.1,7.19,13.12,111.5,,,,,,,,,,,,,3.0,2.0,,,,,,,,,,,,,,,,,,,,,,,,,,,,,,,,,,,-4.004475971385757,13212,50
