season,sport,conference,conference_code,team,player_name,first_name,last_name,position,team_code,name,checkname,team_name,team_id,sdrm_id,games_played,games_started,uniform,code,year,offensive_position,defensive_position,active,rush_stats_attempts,rush_stats_net_yards,rush_stats_yards_gained,rush_stats_yards_lost,rush_stats_touchdowns,rush_stats_longest_rush,rush_stats_avg_per_play,rush_stats_avg_per_game,pass_stats,receiving_stats_number,receiving_stats_yards,receiving_stats_touchdowns,receiving_stats_longest_reception,receiving_stats_avg_per_reception,punt_stats,kickoff_stats,fieldgoal_stats,pat_stats,defense_stats_interception_return_yards,defense_stats_unassisted_tackles,defense_stats_assisted_tackles,defense_stats_tackles,defense_stats_total_tackles,defense_stats_tackles_for_loss,defense_stats_tackles_for_loss_per_game,defense_stats_tackles_per_game,defense_stats_unassisted_tackles_for_loss,defense_stats_assisted_tackles_for_loss,defense_stats_tackle_yards_for_loss,defense_stats_sacks,defense_stats_unassisted_sacks,defense_stats_assisted_sacks,defense_stats_sack_yards_for_loss,defense_stats_pass_breakups,defense_stats_fumbles_forced,defense_stats_quarterback_hurries,defense_stats_safeties_scored,defense_stats_blocked_kicks,defense_stats_fumbles_recovered,defense_stats_fumble_return_yards,defense_stats_interceptions,defense_stats_passes_defended,kickreturn_stats,puntreturn_stats,interception_return_stats,fumblereturn_stats,fumble_stats,scoring_stats_pat_kicks,scoring_stats_touchdowns,scoring_stats_fieldgoals,scoring_stats_safeties,scoring_stats_pat_rushes,scoring_stats_pat_receptions,scoring_stats_pat_kick_returns,scoring_stats_pat_fumble_returns,scoring_stats_rouges,scoring_stats_points,scoring_stats_all_points,scoring_stats_points_per_game,rush_stats,scoring_stats,receiving_stats,fumble_stats_number,fumble_stats_number_lost,pass_stats_yards_lost_by_sacks,pass_stats_sacked,pass_stats_longest_pass,pass_stats_touchdowns,pass_stats_yards,pass_stats_interceptions,pass_stats_attempts,pass_stats_completions,pass_stats_efficiency,pass_stats_avg_per_pass,pass_stats_avg_per_catch,pass_stats_avg_per_game,pat_stats_kick_attempts,pat_stats_kicks_made,pat_stats_rush_attempts,pat_stats_rushes_made,pat_stats_pass_attempts,pat_stats_passes_made,pat_stats_reception_attempts,pat_stats_receptions_made,pat_stats_defensive_return_attempts,pat_stats_defensive_returns_made,pat_stats_defensive_blocked_kick_return_attempts,pat_stats_devensive_blocked_kick_returns_made,kickreturn_stats_number,kickreturn_stats_yards,kickreturn_stats_touchdowns,kickreturn_stats_longest_kickoff_return,kickreturn_stats_avg_per_return,puntreturn_stats_number,puntreturn_stats_yards,puntreturn_stats_touchdowns,puntreturn_stats_longest_punt_return,puntreturn_stats_avg_per_return,defense_stats,interception_return_stats_number,interception_return_stats_yards,interception_return_stats_touchdowns,interception_return_stats_longest,interception_return_stats_avg_per_return,punt_stats_number,punt_stats_yards,punt_stats_longest_punt,punt_stats_blocked,punt_stats_touchbacks,punt_stats_fair_catches,punt_stats_fifty_plus_yards,punt_stats_inside_twenty,punt_stats_avg_per_punt,fieldgoal_stats_made,fieldgoal_stats_attempts,fieldgoal_stats_longest_fieldgoal,fieldgoal_stats_blocked,fieldgoal_stats_percentage,kickoff_stats_number,kickoff_stats_yards,kickoff_stats_out_of_bounds,kickoff_stats_touchbacks,kickoff_stats_avg_per_kickoff,fumblereturn_stats_number,fumblereturn_stats_yards,fumblereturn_stats_touchdowns,fumblereturn_stats_longest_interception_return,composite_score,global_rank,rating
2026-27,football,American Southwest Conference (ASC),asc,Schreiner,"Eure,Devin",Devin,Eure,,1355,"Eure,Devin","EURE,DEVIN",Schreiner,SCH,0,4,4,27,27,0,0,DB,0,,,,,,,,,,,,,,,,,,,10,17,8,25,25,2.5,.0,.0,2,1,9,0,0,0,0,1,0,0,0,0,0,0,2,3,,,,,,0,1,0,0,0,0,0,0,0,6,6,1.5,,,,,,,,,,,,,,,,,,,,,,,,,,,,,,,,,,,,,,,,,2,10,1,10,5.0,,,,,,,,,,,,,,,,,,,,,,,,11.945192722253724,1,99
2026-27,football,American Southwest Conference (ASC),asc,McMurry,"Barnard,Cooper",Cooper,Barnard,,8530,"Barnard,Cooper","BARNARD,COOPER",McMurry,MCM,643-5724,4,4,11,1I,0,0,LB,0,,,,,,,,,,,,,,,,,,,0,13,17,30,30,6.5,.0,.0,4,5,28,2,1,2,12,1,0,3,0,0,0,0,0,1,,,,,,,,,,,,,,,,,,,,,,,,,,,,,,,,,,,,,,,,,,,,,,,,,,,,,,,,,,,,,,,,,,,,,,,,,,,,,,,,,,,,,,10.234165021248105,2,99
2026-27,football,American Southwest Conference (ASC),asc,McMurry,"Neves,Bryce",Bryce,Neves,,8530,"Neves,Bryce","NEVES,BRYCE",McMurry,MCM,643-5764,4,4,23,2E,0,0,DB,0,,,,,,,,,,,,,,,,,,,0,19,21,40,40,6.0,.0,.0,4,4,22,1.5,1,1,11,1,0,3,0,0,0,0,0,1,,,,,,,,,,,,,,,,,,,,,,,,,,,,,,,,,,,,,,,,,,,,,,,,,,,,1,16,0,16,16.0,,,,,,,,,,,,,,,,,,,,,,,,,,,,,,10.09409636039208,3,99
2026-27,football,American Southwest Conference (ASC),asc,Mary Hardin-Baylor,"Brzezinski,Gavin",Gavin,Brzezinski,,1203,"Brzezinski,Gavin","BRZEZINSKI,GAVIN",Mary Hardin-Baylor,UMHB,641-4679,3,3,5,5,0,0,LB,0,,,,,,,,,,,,,,,,,,,0,11,4,15,15,2.0,.0,.0,2,0,7,1,1,0,5,4,0,0,0,0,0,0,1,5,,,,,,,,,,,,,,,,,,,,,,,,,,,,,,,,,,,,,,,,,,,,,,,,,,,,,,,,,,1,0,0,0,.0,,,,,,,,,,,,,,,,,,,,,,,,9.946066951895027,4,98
2026-27,football,American Southwest Conference (ASC),asc,East Texas Baptist,"Woodard,Paul",Paul,Woodard,,1062,"Woodard,Paul","WOODARD,PAUL",East Texas Baptist,ETB,636-4221,4,4,5,5,0,RB,0,0,64,671,681,10,10,74,10.5,167.8,,7,48,0,17,6.9,,,,,0,0,1,1,1,.0,.0,.0,0,0,0,0,0,0,0,0,0,0,0,0,0,0,0,0,,,,,,0,11,0,0,0,0,0,0,0,66,66,16.5,,,,,,0,0,0,0,-1,0,1,1,91.6,-1.00,-1.00,-.3,0,0,0,0,1,1,1,1,0,0,0,0,3,183,1,96,61.0,,,,,,,,,,,,,,,,,,,,,,,,,,,,,,,,,,,9.485049456169,5,98
2026-27,football,American Southwest Conference (ASC),asc,East Texas Baptist,"Murray,Eldrick",Eldrick,Murray,,1062,"Murray,Eldrick","MURRAY,ELDRICK",East Texas Baptist,ETB,636-5017,4,2,29,29,0,0,CB,0,,,,,,,,,,,,,,,,,,,0,8,4,12,12,1.0,.0,.0,1,0,9,1,1,0,9,4,0,1,0,0,0,0,1,5,,,,,,,,,,,,,,,,,,,,,,,,,,,,,,,,,,,,,,,,,,,,,,,,,,,,,,,,,,1,0,0,0,.0,,,,,,,,,,,,,,,,,,,,,,,,8.993680611744317,6,98
2026-27,football,American Southwest Conference (ASC),asc,Mary Hardin-Baylor,"Carver,Keilan",Keilan,Carver,,1203,"Carver,Keilan","CARVER,KEILAN",Mary Hardin-Baylor,UMHB,641-6543,3,3,6,6,0,0,CB,0,,,,,,,,,,,,,,,,,,,0,14,5,19,19,2.5,.0,.0,2,1,4,0,0,0,0,2,0,0,0,0,0,0,1,3,,,,,,,,,,,,,,,,,,,,,,,,,,,,,,,,,,,,,,,,,,,,,,,,,,,,,,,,,,1,0,0,0,.0,,,,,,,,,,,,,,,,,,,,,,,,7.623185310157914,7,97
2026-27,football,American Southwest Conference (ASC),asc,Mary Hardin-Baylor,"Tshitenge,Thony",Thony,Tshitenge,,1203,"Tshitenge,Thony","TSHITENGE,THONY",Mary Hardin-Baylor,UMHB,641-6677,3,0,54,54,0,0,DL,0,,,,,,,,,,,,,,,,,,,0,4,7,11,11,3.5,.0,.0,2,3,18,2.5,2,1,16,1,0,2,0,0,0,0,0,1,,,,,,,,,,,,,,,,,,,,,,,,,,,,,,,,,,,,,,,,,,,,,,,,,,,,,,,,,,,,,,,,,,,,,,,,,,,,,,,,,,,,,,7.172394520291868,8,97
2026-27,football,American Southwest Conference (ASC),asc,Schreiner,"Wilson,Triston",Triston,Wilson,,1355,"Wilson,Triston","WILSON,TRISTON",Schreiner,SCH,0,3,3,3,3W,0,0,LB,0,,,,,,,,,,,,,,,,,,,0,21,9,30,30,4.0,.0,.0,4,0,7,1,1,0,1,1,1,1,0,0,0,0,0,1,,,,,,,,,,,,,,,,,,,,,,,,,,,,,,,,,,,,,,,,,,,,,,,,,,,,,,,,,,,,,,,,,,,,,,,,,,,,,,,,,,,,,,6.832385040395489,9,97
2026-27,football,American Southwest Conference (ASC),asc,McMurry,"Harris,Jackson",Jackson,Harris,,8530,"Harris,Jackson","HARRIS,JACKSON",McMurry,MCM,643-5540,4,4,15,1S,0,0,DL,0,,,,,,,,,,,,,,,,,,,0,5,13,18,18,5.5,.0,.0,3,5,22,1.5,1,1,7,0,0,5,0,0,0,0,0,0,,,,,,,,,,,,,,,,,,,,,,,,,,,,,,,,,,,,,,,,,,,,,,,,,,,,,,,,,,,,,,,,,,,,,,,,,,,,,,,,,,,,,,6.709610860174237,10,96
2026-27,football,American Southwest Conference (ASC),asc,McMurry,"Riha,Cole",Cole,Riha,,8530,"Riha,Cole","RIHA,COLE",McMurry,MCM,643-5772,4,4,20,2O,0,0,DB,0,,,,,,,,,,,,,,,,,,,17,2,10,12,12,1.0,.0,.0,1,0,9,1,1,0,9,0,0,0,0,0,0,0,1,1,,,,,,,,,,,,,,,,,,,,,,,,,,,,,,,,,,,,,,,,,,,,,,,,,,,,,,,,,,1,17,0,17,17.0,,,,,,,,,,,,,,,,,,,,,,,,6.581188922258305,11,96
2026-27,football,American Southwest Conference (ASC),asc,Mary Hardin-Baylor,"Tamplin,Trevor",Trevor,Tamplin,,1203,"Tamplin,Trevor","TAMPLIN,TREVOR",Mary Hardin-Baylor,UMHB,641-6673,3,0,39,3D,0,0,DE,0,,,,,,,,,,,,,,,,,,,0,4,7,11,11,5.0,.0,.0,3,4,14,2,2,0,9,0,0,1,0,0,0,0,0,0,,,,,,,,,,,,,,,,,,,,,,,,,,,,,,,,,,,,,,,,,,,,,,,,,,,,,,,,,,,,,,,,,,,,,,,,,,,,,,,,,,,,,,6.5436195625290345,12,96
2026-27,football,American Southwest Conference (ASC),asc,McMurry,"Tonche,Eric",Eric,Tonche,,8530,"Tonche,Eric","TONCHE,ERIC",McMurry,MCM,643-5782,4,4,12,1Z,0,0,LB,0,,,,,,,,,,,,,,,,,,,1,11,9,20,20,2.5,.0,.0,2,1,4,0,0,0,0,0,0,0,0,0,0,0,1,1,,,,,,,,,,,,,,,,,,,,,,,,,,,,,,,,,,,,,,,,,,,,,,,,,,,,,,,,,,1,1,0,1,1.0,,,,,,,,,,,,,,,,,,,,,,,,6.5313424327336325,13,95
2026-27,football,American Southwest Conference (ASC),asc,Schreiner,"South,Braylen",Braylen,South,,1355,"South,Braylen","SOUTH,BRAYLEN",Schreiner,SCH,0,4,0,1,1S,0,0,CB,0,,,,,,,,,,,,,,,,,,,1,4,1,5,5,1.0,.0,.0,1,0,1,0,0,0,0,4,0,0,0,0,0,0,1,5,,,,,,,,,,,,,,,,,,,,,,,,,,,,,,,,,,,,,,,,,,,,,,,,,,,,,,,,,,1,1,0,1,1.0,,,,,,,,,,,,,,,,,,,,,,,,6.314023455146974,14,95
2026-27,football,American Southwest Conference (ASC),asc,East Texas Baptist,"Stovall,Eric",Eric,Stovall,,1062,"Stovall,Eric","STOVALL,ERIC",East Texas Baptist,ETB,636-5045,4,4,1,1,0,WR,0,0,,,,,,,,,,21,518,5,49,24.7,,,,,0,0,0,0,0,.0,.0,.0,0,0,0,0,0,0,0,0,0,0,0,0,0,0,0,0,,,,,,0,5,0,0,0,0,0,0,0,30,30,7.5,,,,,,,,,,,,,,,,,,,,,,,,,,,,,,,,,,,,,,,,,,,,,,,,,,,,,,,,,,,,,,,,,,,,,6.230200053316265,15,95
2026-27,football,American Southwest Conference (ASC),asc,Schreiner,"Sosa,Caleb",Caleb,Sosa,,1355,"Sosa,Caleb","SOSA,CALEB",Schreiner,SCH,0,4,4,11,11,0,0,DL,0,,,,,,,,,,,,,,,,,,,0,8,12,20,20,3.5,.0,.0,3,1,26,1.5,1,1,21,0,0,1,0,0,0,0,0,0,,,,,,,,,,,,,,,,,,,,,,,,,,,,,,,,,,,,,,,,,,,,,,,,,,,,,,,,,,,,,,,,,,,,,,,,,,,,,,,,,,,,,,5.72006191842261,16,95
2026-27,football,American Southwest Conference (ASC),asc,East Texas Baptist,"White,Toby",Toby,White,,1062,"White,Toby","WHITE,TOBY",East Texas Baptist,ETB,636-5626,4,2,32,32,0,0,LB,0,,,,,,,,,,,,,,,,,,,65,15,9,24,24,.0,.0,.0,0,0,0,0,0,0,0,0,0,0,0,0,0,0,1,1,,,,,,,,,,,,,,,,,,,,,,,,,,,,,,,,,,,,,,,,,,,,,,,,,,,,,,,,,,1,65,0,65,65.0,,,,,,,,,,,,,,,,,,,,,,,,5.466010706522186,17,95
2026-27,football,American Southwest Conference (ASC),asc,Howard Payne,"Campbell,Ryan",Ryan,Campbell,,2741,"Campbell,Ryan","CAMPBELL,RYAN",Howard Payne,HPU,639-3521,3,3,7,7A,0,0,CB,0,,,,,,,,,,,,,,,,,,,34,7,4,11,11,1.0,.0,.0,1,0,6,0,0,0,0,1,1,0,0,0,0,0,1,2,,,,,,,,,,,,,,,,,,,,,,,,,,,,,,,,,,,,,,,,,,,,,,,,,,,,,,,,,,1,34,0,34,34.0,,,,,,,,,,,,,,,,,,,,,,,,5.191072491944811,18,94
2026-27,football,American Southwest Conference (ASC),asc,East Texas Baptist,"Dawsey,Josiah",Josiah,Dawsey,,1062,"Dawsey,Josiah","DAWSEY,JOSIAH",East Texas Baptist,ETB,636-4175,4,4,99,99,0,0,DL,0,,,,,,,,,,,,,,,,,,,0,8,6,14,14,2.0,.0,.0,2,0,15,2,2,0,15,0,0,2,0,0,0,0,0,0,,,,,,,,,,,,,,,,,,,,,,,,,,,,,,,,,,,,,,,,,,,,,,,,,,,,,,,,,,,,,,,,,,,,,,,,,,,,,,,,,,,,,,5.059296149901597,19,94
2026-27,football,American Southwest Conference (ASC),asc,Hardin-Simmons,"Roden,Kaiden",Kaiden,Roden,,271,"Roden,Kaiden","RODEN,KAIDEN",Hardin-Simmons,HSU,637-3346,2,2,32,32,0,0,LB,0,,,,,,,,,,,,,,,,,,,0,6,10,16,16,3.0,.0,.0,2,2,9,1.5,1,1,7,0,0,2,0,0,0,0,0,0,,,,,,,,,,,,,,,,,,,,,,,,,,,,,,,,,,,,,,,,,,,,,,,,,,,,,,,,,,,,,,,,,,,,,,,,,,,,,,,,,,,,,,4.957861330050445,20,94
2026-27,football,American Southwest Conference (ASC),asc,Mary Hardin-Baylor,"Brown,Alyric",Alyric,Brown,,1203,"Brown,Alyric","BROWN,ALYRIC",Mary Hardin-Baylor,UMHB,641-6537,3,3,99,99,0,0,DT,0,,,,,,,,,,,,,,,,,,,0,8,8,16,16,2.5,.0,.0,0,5,8,1.5,1,1,5,0,0,0,0,0,0,0,0,0,,,,,,,,,,,,,,,,,,,,,,,,,,,,,,,,,,,,,,,,,,,,,,,,,,,,,,,,,,,,,,,,,,,,,,,,,,,,,,,,,,,,,,4.653272610953177,21,94
2026-27,football,American Southwest Conference (ASC),asc,East Texas Baptist,"Bloodsaw,Chance",Chance,Bloodsaw,,1062,"Bloodsaw,Chance","BLOODSAW,CHANCE",East Texas Baptist,ETB,636-4972,4,2,95,95,0,0,DT,0,,,,,,,,,,,,,,,,,,,0,6,7,13,13,3.0,.0,.0,2,2,5,1.5,1,1,2,0,0,1,0,0,0,0,0,0,,,,,,,,,,,,,,,,,,,,,,,,,,,,,,,,,,,,,,,,,,,,,,,,,,,,,,,,,,,,,,,,,,,,,,,,,,,,,,,,,,,,,,4.6146524280942725,22,94
2026-27,football,American Southwest Conference (ASC),asc,Schreiner,"Troy,Marcus",Marcus,Troy,,1355,"Troy,Marcus","TROY,MARCUS",Schreiner,SCH,0,4,3,13,1T,0,0,DB,0,,,,,,,,,,,,,,,,,,,0,8,3,11,11,.0,.0,.0,0,0,0,0,0,0,0,1,0,0,0,0,0,0,1,2,,,,,,,,,,,,,,,,,,,,,,,,,,,,,,,,,,,,,,,,,,,,,,,,,,,,,,,,,,1,0,0,0,.0,,,,,,,,,,,,,,,,,,,,,,,,4.581895053750274,23,94
2026-27,football,American Southwest Conference (ASC),asc,East Texas Baptist,"Sauls,Rayvon",Rayvon,Sauls,,1062,"Sauls,Rayvon","SAULS,RAYVON",East Texas Baptist,ETB,636-5585,4,4,18,18,0,0,LB,0,,,,,,,,,,,,,,,,,,,0,16,8,24,24,1.0,.0,.0,1,0,3,1,1,0,3,0,0,1,0,0,1,0,0,0,,,,,,,,,,,,,,,,,,,,,0,0,,,,,,,,,,,,,,,,,,,,,,,,,,,,,,,,,,,,,,,,,,,,,,,,,,,,,,,,,,,,,,,,4.324791259349777,24,94
2026-27,football,American Southwest Conference (ASC),asc,Schreiner,"Medaris,John",John,Medaris,,1355,"Medaris,John","MEDARIS,JOHN",Schreiner,SCH,0,4,4,20,20,0,0,CB,0,,,,,,,,,,,,,,,,,,,0,3,5,8,8,.0,.0,.0,0,0,0,0,0,0,0,1,0,0,0,0,0,0,1,2,,,,,,,,,,,,,,,,,,,,,,,,,,,,,,,,,,,,,,,,,,,,,,,,,,,,,,,,,,1,0,0,0,.0,,,,,,,,,,,,,,,,,,,,,,,,4.238686151794101,25,94
2026-27,football,American Southwest Conference (ASC),asc,McMurry,"Sharp,Tre",Tre,Sharp,,8530,"Sharp,Tre","SHARP,TRE",McMurry,MCM,643-6280,4,0,7,7D,0,0,DB,0,1,3,3,0,0,3,3.0,.8,,,,,,,,,,,30,9,6,15,15,.0,.0,.0,0,0,0,0,0,0,0,1,0,0,0,0,0,0,1,2,,,,,,,,,,,,,,,,,,,,,,,,,,,,,,,,,,,,,,,,,,,,,,,,,,,,,,,,,,1,30,0,30,30.0,,,,,,,,,,,,,,,,,,,,,,,,4.057267883914051,26,94
2026-27,football,American Southwest Conference (ASC),asc,McMurry,"Strahan,Aamanni",Aamanni,Strahan,,8530,"Strahan,Aamanni","STRAHAN,AAMANNI",McMurry,MCM,643-6283,4,4,99,99,0,0,DL,0,,,,,,,,,,,,,,,,,,,0,3,5,8,8,2.0,.0,.0,1,2,10,1.5,1,1,8,0,0,0,0,0,1,20,0,0,,,,,,0,1,0,0,0,0,0,0,0,6,6,1.5,,,,0,0,,,,,,,,,,,,,,,,,,,,,,,,,,,,,,,,,,,,,,,,,,,,,,,,,,,,,,,,,,,,1,20,1,20,4.042939413127862,27,94
2026-27,football,American Southwest Conference (ASC),asc,Mary Hardin-Baylor,"Chapman,Cody",Cody,Chapman,,1203,"Chapman,Cody","CHAPMAN,CODY",Mary Hardin-Baylor,UMHB,641-6971,3,3,24,24,0,0,S,0,,,,,,,,,,,,,,,,,,,73,6,5,11,11,.0,.0,.0,0,0,0,0,0,0,0,0,0,0,0,0,0,0,1,1,,,,,,,,,,,,,,,,,,,,,,,,,,,,,,,,,,,,,,,,,,,,,,,,,,,,,,,,,,1,73,0,73,73.0,,,,,,,,,,,,,,,,,,,,,,,,3.9787721313787707,28,93
2026-27,football,American Southwest Conference (ASC),asc,Hardin-Simmons,"Morris,Tyett",Tyett,Morris,,271,"Morris,Tyett","MORRIS,TYETT",Hardin-Simmons,HSU,637-3969,2,0,94,94,0,TE,0,0,,,,,,,,,,,,,,,,,,,0,2,1,3,3,2.0,.0,.0,2,0,10,2,2,0,10,0,0,4,0,0,0,0,0,0,,,,,,,,,,,,,,,,,,,,,,,,,,,,,,,,,,,,,,,,,,,,,,,,,,,,,,,,,,,,,,,,,,,,,,,,,,,,,,,,,,,,,,3.800863509395629,29,93
2026-27,football,American Southwest Conference (ASC),asc,East Texas Baptist,"Johnson,Kemaur",Kemaur,Johnson,,1062,"Johnson,Kemaur","JOHNSON,KEMAUR",East Texas Baptist,ETB,636-5003,4,1,14,14,0,0,S,0,,,,,,,,,,,,,,,,,,,25,6,3,9,9,.0,.0,.0,0,0,0,0,0,0,0,0,0,0,0,0,0,0,1,1,,,,,,,,,,,,,,,,,,,,,,,,,,,,,,,,,,,,,,,,,,,,,,,,,,,,,,,,,,1,25,0,25,25.0,,,,,,,,,,,,,,,,,,,,,,,,3.749966196741322,30,93
2026-27,football,American Southwest Conference (ASC),asc,East Texas Baptist,"Porter,Adrian",Adrian,Porter,,1062,"Porter,Adrian","PORTER,ADRIAN",East Texas Baptist,ETB,636-5023,4,4,2,2,0,0,LB,0,,,,,,,,,,,,,,,,,,,0,11,11,22,22,2.5,.0,.0,2,1,6,0,0,0,0,1,0,1,0,0,1,0,0,1,,,,,,,,,,,,,,,,,,,,,0,0,,,,,,,,,,,,,,,,,,,,,,,,,,,,,,,,,,,,,,,,,,,,,,,,,,,,,,,,,,,,,,,,3.734038019009365,31,93
2026-27,football,American Southwest Conference (ASC),asc,McMurry,"Chandler,Thomas",Thomas,Chandler,,8530,"Chandler,Thomas","CHANDLER,THOMAS",McMurry,MCM,643-5715,4,4,1,1,0,WR,0,0,,,,,,,,,,25,301,4,39,12.0,,,,,0,1,0,1,1,.0,.0,.0,0,0,0,0,0,0,0,0,0,0,0,0,0,0,0,0,,,,,,0,4,0,0,0,0,0,0,0,24,24,6,,,,,,,,,,,,,,,,,,,,,,,,,,,,,,,,,,,,,,,,,,,,,,,,,,,,,,,,,,,,,,,,,,,,,3.573429980549929,32,93
2026-27,football,American Southwest Conference (ASC),asc,Hardin-Simmons,"Kazouh,Shawn",Shawn,Kazouh,,271,"Kazouh,Shawn","KAZOUH,SHAWN",Hardin-Simmons,HSU,637-3665,2,0,25,25,0,0,S,0,,,,,,,,,,,,,,,,,,,28,2,1,3,3,.0,.0,.0,0,0,0,0,0,0,0,0,0,0,0,0,0,0,1,1,,,,,,,,,,,,,,,,,,,,,,,,,,,,,,,,,,,,,,,,,,,,,,,,,,,,,,,,,,1,28,0,28,28.0,,,,,,,,,,,,,,,,,,,,,,,,3.063548392828977,33,93
2026-27,football,American Southwest Conference (ASC),asc,Hardin-Simmons,"Wright,Bruin",Bruin,Wright,,271,"Wright,Bruin","WRIGHT,BRUIN",Hardin-Simmons,HSU,637-3639,2,2,10,10,0,0,DB,0,,,,,,,,,,,,,,,,,,,0,6,4,10,10,1.5,.0,.0,1,1,4,1,1,0,3,1,1,0,0,0,0,0,0,1,,,,,,,,,,,,,,,,,,,,,,,,,,,,,,,,,,,,,,,,,,,,,,,,,,,,,,,,,,,,,,,,,,,,,,,,,,,,,,,,,,,,,,3.0213820985346613,34,93
2026-27,football,American Southwest Conference (ASC),asc,Schreiner,"Ponce,Isaac",Isaac,Ponce,,1355,"Ponce,Isaac","PONCE,ISAAC",Schreiner,SCH,0,4,4,1,1,0,QB,0,0,45,161,217,56,3,28,3.6,40.3,,,,,,,,,,,0,0,0,0,0,.0,.0,.0,0,0,0,0,0,0,0,0,0,0,0,0,0,0,0,0,,,,,,0,3,0,0,1,0,0,0,0,20,20,5,,,,3,0,44,9,56,2,708,0,81,53,147.0,8.74,13.36,177.0,0,0,1,1,0,0,0,0,0,0,0,0,,,,,,,,,,,,,,,,,1,38,38,0,0,0,0,1,38.0,,,,,,,,,,,,,,,3.013774089727703,35,93
2026-27,football,American Southwest Conference (ASC),asc,McMurry,"Campbell,Maurice",Maurice,Campbell,,8530,"Campbell,Maurice","CAMPBELL,MAURICE",McMurry,MCM,643-5992,4,0,22,2Z,0,0,DB,0,0,0,0,0,0,0,.0,.0,,,,,,,,,,,30,3,2,5,5,.0,.0,.0,0,0,0,0,0,0,0,1,0,0,0,0,0,0,1,2,,,,,,0,1,0,0,0,0,0,0,0,6,6,1.5,,,,,,,,,,,,,,,,,,,,,,,,,,,,,,4,97,0,50,24.3,1,12,0,12,12.0,,1,30,1,30,30.0,,,,,,,,,,,,,,,,,,,,,,,,2.863380593321964,36,93
2026-27,football,American Southwest Conference (ASC),asc,Howard Payne,"Griffith,Justin",Justin,Griffith,,2741,"Griffith,Justin","GRIFFITH,JUSTIN",Howard Payne,HPU,639-3362,3,3,8,8A,0,0,DE,0,,,,,,,,,,,,,,,,,,,0,3,7,10,10,2.0,.0,.0,2,0,-6,1,1,0,-7,0,1,0,0,0,0,0,0,0,,,,,,,,,,,,,,,,,,,,,,,,,,,,,,,,,,,,,,,,,,,,,,,,,,,,,,,,,,,,,,,,,,,,,,,,,,,,,,,,,,,,,,2.722847895260427,37,93
2026-27,football,American Southwest Conference (ASC),asc,Hardin-Simmons,"Sink,Kade",Kade,Sink,,271,"Sink,Kade","SINK,KADE",Hardin-Simmons,HSU,637-3640,2,0,33,33,0,0,LB,0,,,,,,,,,,,,,,,,,,,0,3,5,8,8,2.0,.0,.0,2,0,5,1,1,0,3,0,0,0,0,0,0,0,0,0,,,,,,,,,,,,,,,,,,,,,,,,,,,,,,,,,,,,,,,,,,,,,,,,,,,,,,,,,,,,,,,,,,,,,,,,,,,,,,,,,,,,,,2.4940419606229782,38,92
2026-27,football,American Southwest Conference (ASC),asc,Howard Payne,"Dorsey,Jordan",Jordan,Dorsey,,2741,"Dorsey,Jordan","DORSEY,JORDAN",Howard Payne,HPU,639-3867,3,0,49,49,0,0,DL,0,,,,,,,,,,,,,,,,,,,0,1,4,5,5,2.5,.0,.0,1,3,5,1,1,0,0,0,0,0,0,0,0,0,0,0,,,,,,,,,,,,,,,,,,,,,,,,,,,,,,,,,,,,,,,,,,,,,,,,,,,,,,,,,,,,,,,,,,,,,,,,,,,,,,,,,,,,,,2.4554217777640743,39,92
2026-27,football,American Southwest Conference (ASC),asc,East Texas Baptist,"Cushionberry,Montrevian",Montrevian,Cushionberry,,1062,"Cushionberry,Montrevian","CUSHIONBERRY,MONTREVIAN",East Texas Baptist,ETB,636-4979,4,4,21,21,0,0,DB,0,1,4,4,0,0,4,4.0,1.0,,,,,,,,,,,0,4,2,6,6,1.0,.0,.0,1,0,2,0,0,0,0,6,0,0,0,0,0,0,0,6,,,,,,,,,,,,,,,,,,,,,,,,,,,,,,,,,,,,,,,,,,,,,,,,,,,,,,,,,,,,,,,,,,,,,,,,,,,,,,,,,,,,,,2.42397244109385,40,92
2026-27,football,American Southwest Conference (ASC),asc,Howard Payne,"Myers,Ellis",Ellis,Myers,,2741,"Myers,Ellis","MYERS,ELLIS",Howard Payne,HPU,639-3349,3,3,4,4,0,WR,0,0,,,,,,,,,,13,277,3,52,21.3,,,,,0,0,0,0,0,.0,.0,.0,0,0,0,0,0,0,0,0,0,0,0,0,0,0,0,0,,,,,,0,3,0,0,0,0,0,0,0,18,18,6,,,,,,,,,,,,,,,,,,,,,,,,,,,,,,,,,,,,,,,,,,,,,,,,,,,,,,,,,,,,,,,,,,,,,2.4153942845555543,41,92
2026-27,football,American Southwest Conference (ASC),asc,Mary Hardin-Baylor,"Johnson,Joey",Joey,Johnson,,1203,"Johnson,Joey","JOHNSON,JOEY",Mary Hardin-Baylor,UMHB,641-6407,3,3,9,9,0,0,LB,0,,,,,,,,,,,,,,,,,,,0,12,5,17,17,1.0,.0,.0,1,0,2,0,0,0,0,2,1,0,0,0,0,0,0,2,,,,,,,,,,,,,,,,,,,,,,,,,,,,,,,,,,,,,,,,,,,,,,,,,,,,,,,,,,,,,,,,,,,,,,,,,,,,,,,,,,,,,,2.2419006876736933,42,92
2026-27,football,American Southwest Conference (ASC),asc,East Texas Baptist,"Crawford,Jack",Jack,Crawford,,1062,"Crawford,Jack","CRAWFORD,JACK",East Texas Baptist,ETB,636-5606,4,4,9,9,0,QB,0,0,18,-9,48,57,2,23,-.5,-2.3,,,,,,,,,,,0,0,0,0,0,.0,.0,.0,0,0,0,0,0,0,0,0,0,0,0,0,0,0,0,0,,,,,,0,2,0,0,0,0,0,0,0,12,12,3,,,,1,1,52,7,60,11,996,2,106,66,171.7,9.40,15.09,249.0,0,0,0,0,1,1,1,1,0,0,0,0,,,,,,,,,,,,,,,,,,,,,,,,,,,,,,,,,,,,,,,,2.1403262456062113,43,92
2026-27,football,American Southwest Conference (ASC),asc,McMurry,"Kidd,CJ",CJ,Kidd,,8530,"Kidd,CJ","KIDD,CJ",McMurry,MCM,643-5544,4,4,98,98,0,0,DL,0,,,,,,,,,,,,,,,,,,,0,7,8,15,15,1.5,.0,.0,0,3,6,0.5,0,1,3,0,0,1,0,0,0,0,0,0,,,,,,,,,,,,,,,,,,,,,,,,,,,,,,,,,,,,,,,,,,,,,,,,,,,,,,,,,,,,,,,,,,,,,,,,,,,,,,,,,,,,,,2.050855820073643,44,92
2026-27,football,American Southwest Conference (ASC),asc,Howard Payne,"Martin,Deuce",Deuce,Martin,,2741,"Martin,Deuce","MARTIN,DEUCE",Howard Payne,HPU,639-3769,3,3,2,2,0,WR,0,0,,,,,,,,,,18,377,2,75,20.9,,,,,0,0,0,0,0,.0,.0,.0,0,0,0,0,0,0,0,0,0,0,0,0,0,0,0,0,,,,,,0,3,0,0,0,0,0,0,0,18,18,6,,,,,,0,0,0,0,0,0,0,0,NaN,.00,.00,.0,,,,,,,,,,,,,5,182,1,98,36.4,4,21,0,18,5.3,,,,,,,,,,,,,,,,,,,,,,,,,,,,,,2.0433381010100256,45,92
2026-27,football,American Southwest Conference (ASC),asc,Howard Payne,"Franklin,Armani",Armani,Franklin,,2741,"Franklin,Armani","FRANKLIN,ARMANI",Howard Payne,HPU,639-3541,3,3,21,21,0,0,LB,0,,,,,,,,,,,,,,,,,,,0,8,12,20,20,2.0,.0,.0,2,0,6,0,0,0,0,0,1,0,0,1,1,0,0,0,,,,,,,,,,,,,,,,,,,,,,,,,,,,,,,,,,,,,,,,,,,,,,,,,,,,,,,,,,,,,,,,,,,,,,,,,,,,,0,0,0,0,.0,,,,,1.9880411830813973,46,92
2026-27,football,American Southwest Conference (ASC),asc,Mary Hardin-Baylor,"Battles,Chase",Chase,Battles,,1203,"Battles,Chase","BATTLES,CHASE",Mary Hardin-Baylor,UMHB,641-6853,3,0,45,45,0,0,DE,0,,,,,,,,,,,,,,,,,,,0,3,0,3,3,2.0,.0,.0,2,0,10,1,1,0,7,0,0,3,0,0,0,0,0,0,,,,,,,,,,,,,,,,,,,,,,,,,,,,,,,,,,,,,,,,,,,,,,,,,,,,,,,,,,,,,,,,,,,,,,,,,,,,,,,,,,,,,,1.9220271240293572,47,91
2026-27,football,American Southwest Conference (ASC),asc,Schreiner,Re Johnson,Re,Johnson,,1355,Re Johnson,"JOHNSON,RE",Schreiner,SCH,0,2,1,14,14,0,0,0,0,,,,,,,,,,,,,,,,,,,0,5,3,8,8,1.0,.0,.0,1,0,1,1,1,0,1,0,0,0,0,0,0,0,0,0,,,,,,,,,,,,,,,,,,,,,,,,,,,,,,,,,,,,,,,,,,,,,,,,,,,,,,,,,,,,,,,,,,,,,,,,,,,,,,,,,,,,,,1.884864522428441,48,91
2026-27,football,American Southwest Conference (ASC),asc,Howard Payne,"Still,Bryce",Bryce,Still,,2741,"Still,Bryce","STILL,BRYCE",Howard Payne,HPU,639-3525,3,3,12,12,0,QB,0,0,18,17,63,46,2,20,.9,5.7,,1,17,0,17,17.0,,,,,0,0,0,0,0,.0,.0,.0,0,0,0,0,0,0,0,0,0,0,0,0,0,0,0,0,,,,,,0,2,0,0,0,0,0,0,0,12,12,4,,,,,,20,4,75,9,1147,2,96,67,196.9,11.95,17.12,382.3,,,,,,,,,,,,,,,,,,,,,,,,,,,,,,,,,,,,,,,,,,,,,,,,,,,,1.8410956217723196,49,91
2026-27,football,American Southwest Conference (ASC),asc,East Texas Baptist,"Palmer,Marcus",Marcus,Palmer,,1062,"Palmer,Marcus","PALMER,MARCUS",East Texas Baptist,ETB,636-5567,4,4,98,98,0,0,DL,0,,,,,,,,,,,,,,,,,,,0,4,9,13,13,1.5,.0,.0,1,1,3,0.5,0,1,0,0,0,0,0,0,0,0,0,0,,,,,,,,,,,,,,,,,,,,,,,,,,,,,,,,,,,,,,,,,,,,,,,,,,,,,,,,,,,,,,,,,,,,,,,,,,,,,,,,,,,,,,1.822049885436195,50,91
2026-27,football,American Southwest Conference (ASC),asc,Hardin-Simmons,"Ikwuemesi,Chuks",Chuks,Ikwuemesi,,271,"Ikwuemesi,Chuks","IKWUEMESI,CHUKS",Hardin-Simmons,HSU,637-3884,2,0,11,11,0,0,DL,0,,,,,,,,,,,,,,,,,,,0,1,1,2,2,1.0,.0,.0,1,0,4,1,1,0,4,1,0,1,0,0,0,0,0,1,,,,,,,,,,,,,,,,,,,,,,,,,,,,,,,,,,,,,,,,,,,,,,,,,,,,,,,,,,,,,,,,,,,,,,,,,,,,,,,,,,,,,,1.8015696408875987,51,91
2026-27,football,American Southwest Conference (ASC),asc,Schreiner,"Oladeinde,Tobi",Tobi,Oladeinde,,1355,"Oladeinde,Tobi","OLADEINDE,TOBI",Schreiner,SCH,0,4,0,45,45,0,0,LB,0,,,,,,,,,,,,,,,,,,,0,14,7,21,21,1.5,.0,.0,1,1,3,0,0,0,0,0,0,0,0,0,0,0,0,0,,,,,,,,,,,,,,,,,,,,,,,,,,,,,,,,,,,,,,,,,,,,,,,,,,,,,,,,,,,,,,,,,,,,,,,,,,,,,,,,,,,,,,1.797855431302853,52,91
2026-27,football,American Southwest Conference (ASC),asc,McMurry,"Henley,Jayson",Jayson,Henley,,8530,"Henley,Jayson","HENLEY,JAYSON",McMurry,MCM,643-6005,4,4,3,3D,0,0,DB,0,,,,,,,,,,,,,,,,,,,0,5,5,10,10,1.5,.0,.0,1,1,5,0,0,0,0,2,0,0,0,0,0,0,0,2,,,,,,,,,,,,,,,,,,,,,,,,,,,,,,,,,,,,,,,,,,,,,,,,,,,,,,,,,,,,,,,,,,,,,,,,,,,,,,,,,,,,,,1.745668635539892,53,91
2026-27,football,American Southwest Conference (ASC),asc,Howard Payne,"Dillard,Elijah",Elijah,Dillard,,2741,"Dillard,Elijah","DILLARD,ELIJAH",Howard Payne,HPU,639-3110,3,3,1,1A,0,0,LB,0,,,,,,,,,,,,,,,,,,,0,1,8,9,9,2.0,.0,.0,0,4,5,0.5,0,1,4,0,0,1,0,0,1,0,0,0,,,,,,,,,,,,,,,,,,,,,,,,,,,,,,,,,,,,,,,,,,,,,,,,,,,,,,,,,,,,,,,,,,,,,,,,,,,,,,,,,,,,,,1.6690267352585664,54,91
2026-27,football,American Southwest Conference (ASC),asc,Schreiner,"Teal,Ja'kiree",Ja'kiree,Teal,,1355,"Teal,Ja'kiree","TEAL,JA'KIREE",Schreiner,SCH,0,1,0,92,92,0,0,LB,0,,,,,,,,,,,,,,,,,,,0,2,1,3,3,1.5,.0,.0,1,1,3,1,1,0,2,0,0,0,0,0,0,0,0,0,,,,,,,,,,,,,,,,,,,,,,,,,,,,,,,,,,,,,,,,,,,,,,,,,,,,,,,,,,,,,,,,,,,,,,,,,,,,,,,,,,,,,,1.6174384049320885,55,91
2026-27,football,American Southwest Conference (ASC),asc,McMurry,"Hatcher,Noah",Noah,Hatcher,,8530,"Hatcher,Noah","HATCHER,NOAH",McMurry,MCM,643-5716,4,2,0,0D,0,0,DB,0,,,,,,,,,,,,,,,,,,,0,5,6,11,11,.0,.0,.0,0,0,0,0,0,0,0,3,0,0,0,0,0,0,0,3,,,,,,,,,,,,,,,,,,,,,,,,,,,,,,,,,,,,,,,,,,,,,,,,,,,,,,,,,,,,,,,,,,,,,,,,,,,,,,,,,,,,,,1.5494283679383134,56,91
2026-27,football,American Southwest Conference (ASC),asc,Schreiner,"Brooks-Hoodye,Malachi",Malachi,Brooks-Hoodye,,1355,"Brooks-Hoodye,Malachi","BROOKS-HOODYE,MALACHI",Schreiner,SCH,0,3,3,88,88,0,0,DL,0,,,,,,,,,,,,,,,,,,,0,3,2,5,5,1.0,.0,.0,1,0,13,1,1,0,13,0,0,0,0,0,0,0,0,0,,,,,,,,,,,,,,,,,,,,,,,,,,,,,,,,,,,,,,,,,,,,,,,,,,,,,,,,,,,,,,,,,,,,,,,,,,,,,,,,,,,,,,1.5416556204722685,57,90
2026-27,football,American Southwest Conference (ASC),asc,Hardin-Simmons,"Moore,Jayden",Jayden,Moore,,271,"Moore,Jayden","MOORE,JAYDEN",Hardin-Simmons,HSU,637-3619,2,2,23,23,0,0,S,0,,,,,,,,,,,,,,,,,,,0,5,3,8,8,1.5,.0,.0,1,1,2,0,0,0,0,2,0,0,0,0,0,0,0,2,,,,,,,,,,,,,,,,,,,,,,,,,,,,,,,,,,,,,,,,,,,,,,,,,,,,,,,,,,,,,,,,,,,,,,,,,,,,,,,,,,,,,,1.5168627009024438,58,90
2026-27,football,American Southwest Conference (ASC),asc,Howard Payne,"Jacobs,Kevin",Kevin,Jacobs,,2741,"Jacobs,Kevin","JACOBS,KEVIN",Howard Payne,HPU,639-3539,3,3,6,6A,0,0,DB,0,,,,,,,,,,,,,,,,,,,0,5,3,8,8,.5,.0,.0,0,1,1,0,0,0,0,3,0,0,0,0,0,0,0,3,,,,,,,,,,,,,,,,,,,,,,,,,,,,,,,,,,,,,,,,,,,,,,,,,,,,,,,,,,,,,,,,,,,,,,,,,,,,,,,,,,,,,,1.5108081850794095,59,90
2026-27,football,American Southwest Conference (ASC),asc,Mary Hardin-Baylor,"Freitag,Devon",Devon,Freitag,,1203,"Freitag,Devon","FREITAG,DEVON",Mary Hardin-Baylor,UMHB,641-6569,1,0,97,97,0,0,DT,0,,,,,,,,,,,,,,,,,,,0,3,1,4,4,1.0,.0,.0,1,0,3,1,1,0,3,0,0,0,0,0,0,0,0,0,,,,,,,,,,,,,,,,,,,,,,,,,,,,,,,,,,,,,,,,,,,,,,,,,,,,,,,,,,,,,,,,,,,,,,,,,,,,,,,,,,,,,,1.4272526531535443,60,90
2026-27,football,American Southwest Conference (ASC),asc,Howard Payne,"Wright,Donovan",Donovan,Wright,,2741,"Wright,Donovan","WRIGHT,DONOVAN",Howard Payne,HPU,639-3797,1,0,92,92,0,0,DL,0,,,,,,,,,,,,,,,,,,,0,1,3,4,4,1.0,.0,.0,1,0,5,1,1,0,5,0,0,0,0,0,0,0,0,0,,,,,,,,,,,,,,,,,,,,,,,,,,,,,,,,,,,,,,,,,,,,,,,,,,,,,,,,,,,,,,,,,,,,,,,,,,,,,,,,,,,,,,1.4272526531535443,61,90
2026-27,football,American Southwest Conference (ASC),asc,Schreiner,"Calamaco,President",President,Calamaco,,1355,"Calamaco,President","CALAMACO,PRESIDENT",Schreiner,SCH,0,4,3,81,81,0,WR,0,0,2,15,15,0,0,14,7.5,3.8,,21,369,0,56,17.6,,,,,,,,,,,,,,,,,,,,,,,,,,,,,,,,,,0,0,0,0,0,1,0,0,0,2,2,0.5,,,,,,,,,,,,,,,,,,0,0,0,0,0,0,0,1,0,0,0,0,,,,,,,,,,,,,,,,,,,,,,,,,,,,,,,,,,,,,,,,1.411612737108944,62,90
2026-27,football,American Southwest Conference (ASC),asc,Mary Hardin-Baylor,"Stewart,BJ",BJ,Stewart,,1203,"Stewart,BJ","STEWART,BJ",Mary Hardin-Baylor,UMHB,641-6670,3,3,0,0,0,WR,0,0,1,-4,0,4,0,0,-4.0,-1.3,,16,290,2,84,18.1,,,,,0,0,0,0,0,.0,.0,.0,0,0,0,0,0,0,0,0,0,0,0,0,0,0,0,0,,,,,,0,3,0,0,0,0,0,0,0,18,18,6,,,,1,1,,,,,,,,,,,,,,,,,,,,,,,,,9,297,1,92,33.0,4,31,0,16,7.8,,,,,,,,,,,,,,,,,,,,,,,,,,,,,,1.3697006548742992,63,90
2026-27,football,American Southwest Conference (ASC),asc,East Texas Baptist,"Stancliff,Mason",Mason,Stancliff,,1062,"Stancliff,Mason","STANCLIFF,MASON",East Texas Baptist,ETB,636-4666,4,2,3,3,0,0,S,0,,,,,,,,,,,,,,,,,,,0,4,5,9,9,1.0,.0,.0,1,0,1,0,0,0,0,2,0,1,0,0,0,0,0,2,,,,,,,,,,,,,,,,,,,,,,,,,,,,,,,,,,,,,,,,,,,,,,,,,,,,,,,,,,,,,,,,,,,,,,,,,,,,,,,,,,,,,,1.3266769491238994,64,90
2026-27,football,American Southwest Conference (ASC),asc,Hardin-Simmons,"Ragsdale,Lucas",Lucas,Ragsdale,,271,"Ragsdale,Lucas","RAGSDALE,LUCAS",Hardin-Simmons,HSU,637-3135,2,2,4,4,0,0,DE,0,,,,,,,,,,,,,,,,,,,0,2,1,3,3,1.0,.0,.0,1,0,5,1,1,0,5,0,0,1,0,0,0,0,0,0,,,,,,,,,,,,,,,,,,,,,,,,,,,,,,,,,,,,,,,,,,,,,,,,,,,,,,,,,,,,,,,,,,,,,,,,,,,,,,,,,,,,,,1.3128496858348202,65,90
2026-27,football,American Southwest Conference (ASC),asc,Hardin-Simmons,"Pascuzzi,Matt",Matt,Pascuzzi,,271,"Pascuzzi,Matt","PASCUZZI,MATT",Hardin-Simmons,HSU,637-3428,2,2,40,40,0,0,LB,0,,,,,,,,,,,,,,,,,,,0,4,7,11,11,1.0,.0,.0,0,2,4,0.5,0,1,2,0,0,1,0,0,0,0,0,0,,,,,,,,,,,,,,,,,,,,,,,,,,,,,,,,,,,,,,,,,,,,,,,,,,,,,,,,,,,,,,,,,,,,,,,,,,,,,,,,,,,,,,1.2886552317014777,66,90
2026-27,football,American Southwest Conference (ASC),asc,McMurry,"Bolden,Trevor",Trevor,Bolden,,8530,"Bolden,Trevor","BOLDEN,TREVOR",McMurry,MCM,643-5502,4,0,94,94,0,0,DL,0,,,,,,,,,,,,,,,,,,,0,3,5,8,8,1.5,.0,.0,1,1,3,0.5,0,1,2,0,0,0,0,0,0,0,0,0,,,,,,,,,,,,,,,,,,,,,,,,,,,,,,,,,,,,,,,,,,,,,,,,,,,,,,,,,,,,,,,,,,,,,,,,,,,,,,,,,,,,,,1.2500350488425738,67,89
2026-27,football,American Southwest Conference (ASC),asc,Schreiner,"Rodgers,Ellis",Ellis,Rodgers,,1355,"Rodgers,Ellis","RODGERS,ELLIS",Schreiner,SCH,0,4,4,41,41,0,0,DE,0,,,,,,,,,,,,,,,,,,,0,3,13,16,16,1.5,.0,.0,1,1,2,0,0,0,0,0,0,1,0,0,0,0,0,0,,,,,,,,,,,,,,,,,,,,,,,,,,,,,,,,,,,,,,,,,,,,,,,,,,,,,,,,,,,,,,,,,,,,,,,,,,,,,,,,,,,,,,1.2258405947092317,68,89
2026-27,football,American Southwest Conference (ASC),asc,Howard Payne,"Flowers-Goodloe,Elijah",Elijah,Flowers-Goodloe,,2741,"Flowers-Goodloe,Elijah","FLOWERS-GOODLOE,ELIJAH",Howard Payne,HPU,639-3809,3,2,3,3A,0,0,DL,0,,,,,,,,,,,,,,,,,,,0,1,9,10,10,1.5,.0,.0,0,3,5,0,0,0,0,1,0,1,0,0,0,0,0,1,,,,,,,,,,,,,,,,,,,,,,,,,,,,,,,,,,,,,,,,,,,,,,,,,,,,,,,,,,,,,,,,,,,,,,,,,,,,,,,,,,,,,,1.142545713168389,69,89
2026-27,football,American Southwest Conference (ASC),asc,McMurry,"Dugas,Jay'Mion",Jay'Mion,Dugas,,8530,"Dugas,Jay'Mion","DUGAS,JAY'MION",McMurry,MCM,643-6248,1,0,66,66,0,0,DL,0,,,,,,,,,,,,,,,,,,,0,1,0,1,1,1.0,.0,.0,1,0,14,1,1,0,14,0,0,0,0,0,0,0,0,0,,,,,,,,,,,,,,,,,,,,,,,,,,,,,,,,,,,,,,,,,,,,,,,,,,,,,,,,,,,,,,,,,,,,,,,,,,,,,,,,,,,,,,1.0840437511973715,70,89
2026-27,football,American Southwest Conference (ASC),asc,Schreiner,"Martinez,Jared",Jared,Martinez,,1355,"Martinez,Jared","MARTINEZ,JARED",Schreiner,SCH,0,1,0,86,8M,0,0,DE,0,,,,,,,,,,,,,,,,,,,0,1,0,1,1,1.0,.0,.0,1,0,4,1,1,0,4,0,0,0,0,0,0,0,0,0,,,,,,,,,,,,,,,,,,,,,,,,,,,,,,,,,,,,,,,,,,,,,,,,,,,,,,,,,,,,,,,,,,,,,,,,,,,,,,,,,,,,,,1.0840437511973715,71,89
2026-27,football,American Southwest Conference (ASC),asc,Mary Hardin-Baylor,"Ross,Aidan",Aidan,Ross,,1203,"Ross,Aidan","ROSS,AIDAN",Mary Hardin-Baylor,UMHB,641-5110,1,0,30,3A,0,0,DE,0,,,,,,,,,,,,,,,,,,,0,1,0,1,1,1.0,.0,.0,1,0,7,1,1,0,7,0,1,0,0,0,0,0,0,0,,,,,,,,,,,,,,,,,,,,,,,,,,,,,,,,,,,,,,,,,,,,,,,,,,,,,,,,,,,,,,,,,,,,,,,,,,,,,,,,,,,,,,1.0840437511973715,72,89
2026-27,football,American Southwest Conference (ASC),asc,Schreiner,"Mckenzie,Devonte",Devonte,Mckenzie,,1355,"Mckenzie,Devonte","MCKENZIE,DEVONTE",Schreiner,SCH,0,3,0,19,19,0,0,DE,0,,,,,,,,,,,,,,,,,,,0,2,7,9,9,2.5,.0,.0,2,1,4,0,0,0,0,0,0,0,0,0,0,0,0,0,,,,,,,,,,,,,,,,,,,,,,,,,,,,,,,,,,,,,,,,,,,,,,,,,,,,,,,,,,,,,,,,,,,,,,,,,,,,,,,,,,,,,,1.0341972616726993,73,89
2026-27,football,American Southwest Conference (ASC),asc,McMurry,"Youree,Brayden",Brayden,Youree,,8530,"Youree,Brayden","YOUREE,BRAYDEN",McMurry,MCM,643-6060,4,0,9,9D,0,0,LB,0,,,,,,,,,,,,,,,,,,,0,9,13,22,22,.0,.0,.0,0,0,0,0,0,0,0,0,0,0,0,0,0,0,0,0,,,,,,,,,,,,,,,,,,,,,,,,,,,,,,,,,,,,,,,,,,,,,,,,,,,,,,,,,,,,,,,,,,,,,,,,,,,,,,,,,,,,,,0.998492241329771,74,89
2026-27,football,American Southwest Conference (ASC),asc,Schreiner,Kolton Strey,Kolton,Strey,,1355,Kolton Strey,"STREY,KOLTON",Schreiner,SCH,0,3,1,43,43,0,0,0,0,,,,,,,,,,,,,,,,,,,0,5,11,16,16,1.0,.0,.0,0,2,4,0,0,0,0,0,0,0,0,0,0,0,0,0,,,,,,,,,,,,,,,,,,,,,,,,,,,,,,,,,,,,,,,,,,,,,,,,,,,,,,,,,,,,,,,,,,,,,,,,,,,,,,,,,,,,,,0.921251875611963,75,89
2026-27,football,American Southwest Conference (ASC),asc,Howard Payne,"Ngene,Blessing",Blessing,Ngene,,2741,"Ngene,Blessing","NGENE,BLESSING",Howard Payne,HPU,639-3098,3,2,1,1,0,RB,0,0,32,161,165,4,2,27,5.0,53.7,,3,82,1,42,27.3,,,,,0,0,0,0,0,.0,.0,.0,0,0,0,0,0,0,0,0,0,0,0,0,0,0,0,0,,,,,,0,3,0,0,0,0,0,0,0,18,18,6,,,,,,,,,,,,,,,,,,,,,,,,,,,,,,,,,,,,,,,,,,,,,,,,,,,,,,,,,,,,,,,,,,,,,0.8858724914244682,76,88
2026-27,football,American Southwest Conference (ASC),asc,Schreiner,Theodis Fields,Theodis,Fields,,1355,Theodis Fields,"FIELDS,THEODIS",Schreiner,SCH,0,3,0,40,40,0,0,0,0,22,129,129,0,2,21,5.9,43.0,,5,40,0,15,8.0,,,,,,,,,,,,,,,,,,,,,,,,,,,,,,,,,,0,2,0,0,0,0,0,0,0,12,12,4,,,,,,,,,,,,,,,,,,,,,,,,,,,,,,,,,,,,,,,,,,,,,,,,,,,,,,,,,,,,,,,,,,,,,0.8714392595409612,77,88
2026-27,football,American Southwest Conference (ASC),asc,Mary Hardin-Baylor,"Noriega,Lynford",Lynford,Noriega,,1203,"Noriega,Lynford","NORIEGA,LYNFORD",Mary Hardin-Baylor,UMHB,641-6637,3,3,46,46,0,0,DE,0,,,,,,,,,,,,,,,,,,,0,6,4,10,10,.5,.0,.0,0,1,2,0.5,0,1,2,0,0,2,0,0,0,0,0,0,,,,,,,,,,,,,,,,,,,,,,,,,,,,,,,,,,,,,,,,,,,,,,,,,,,,,,,,,,,,,,,,,,,,,,,,,,,,,,,,,,,,,,0.8696635452854851,78,88
2026-27,football,American Southwest Conference (ASC),asc,Schreiner,"Criswell,Brady",Brady,Criswell,,1355,"Criswell,Brady","CRISWELL,BRADY",Schreiner,SCH,0,4,4,16,1B,0,0,DB,0,,,,,,,,,,,,,,,,,,,0,7,5,12,12,.5,.0,.0,0,1,1,0,0,0,0,1,0,0,0,0,0,0,0,1,,,,,,,,,,,,,,,,,,,,,,,,,,,,,,,,,,,,,,,,,,,,,,,,,,,,,,,,,,,,,,,,,,,,,,,,,,,,,,,,,,,,,,0.7621742096113004,79,88
2026-27,football,American Southwest Conference (ASC),asc,Schreiner,"Henley,Andrew",Andrew,Henley,,1355,"Henley,Andrew","HENLEY,ANDREW",Schreiner,SCH,0,3,0,22,2A,0,0,LB,0,,,,,,,,,,,,,,,,,,,0,6,3,9,9,.5,.0,.0,0,1,3,0.5,0,1,3,0,0,0,0,0,0,0,0,0,,,,,,,,,,,,,,,,,,,,,,,,,,,,,,,,,,,,,,,,,,,,,,,,,,,,,,,,,,,,,,,,,,,,,,,,,,,,,,,,,,,,,,0.7552605779667607,80,88
2026-27,football,American Southwest Conference (ASC),asc,East Texas Baptist,"Tamakloe,Seyram",Seyram,Tamakloe,,1062,"Tamakloe,Seyram","TAMAKLOE,SEYRAM",East Texas Baptist,ETB,636-5047,4,0,38,38,0,0,DB,0,,,,,,,,,,,,,,,,,,,0,3,1,4,4,.0,.0,.0,0,0,0,0,0,0,0,2,0,0,0,0,1,0,0,2,,,,,,,,,,,,,,,,,,,,,0,0,,,,,,,,,,,,,,,,,,,,,,,,,,,,,,,,,,,,,,,,,,,,,,,,,,,,,,,,,,,,,,,,0.7549639341574893,81,88
2026-27,football,American Southwest Conference (ASC),asc,Howard Payne,"Cobos,Eli",Eli,Cobos,,2741,"Cobos,Eli","COBOS,ELI",Howard Payne,HPU,639-3553,3,0,32,32,0,0,0,0,,,,,,,,,,,,,,,,,,,,,,,,,,,,,,,,,,,,,,,,,,,,,,,,,,,,,,,,,,,,,,,,,,,,,,,,,,,,,,,,,,,,,,,,,,,,,,,,,,,,,,,,,7,279,63,0,1,1,2,4,39.9,,,,,,24,1440,0,4,60.0,,,,,0.7359380185436071,82,88
2026-27,football,American Southwest Conference (ASC),asc,Mary Hardin-Baylor,"Legg,Ty",Ty,Legg,,1203,"Legg,Ty","LEGG,TY",Mary Hardin-Baylor,UMHB,641-6224,3,2,21,21,0,0,S,0,,,,,,,,,,,,,,,,,,,0,6,3,9,9,2.0,.0,.0,2,0,8,0,0,0,0,0,0,0,0,0,0,0,0,0,,,,,,,,,,,,,,,,,,,,,,,,,,,,,,,,,,,,,,,,,,,,,,,,,,,,,,,,,,,,,,,,,,,,,,,,,,,,,,,,,,,,,,0.7296085425754306,83,88
2026-27,football,American Southwest Conference (ASC),asc,Hardin-Simmons,"Foster,Harrison",Harrison,Foster,,271,"Foster,Harrison","FOSTER,HARRISON",Hardin-Simmons,HSU,637-3344,2,2,6,6,0,0,S,0,,,,,,,,,,,,,,,,,,,0,5,4,9,9,.0,.0,.0,0,0,0,0,0,0,0,2,0,0,0,0,0,0,0,2,,,,,,,,,,,,,,,,,,,,,,,,,,,,,,,,,,,,,,,,,,,,,,,,,,,,,,,,,,,,,,,,,,,,,,,,,,,,,,,,,,,,,,0.7174995109293621,84,88
2026-27,football,American Southwest Conference (ASC),asc,Schreiner,"Gray,Derrick",Derrick,Gray,,1355,"Gray,Derrick","GRAY,DERRICK",Schreiner,SCH,0,4,4,7,7,0,WR,0,0,,,,,,,,,,14,210,1,46,15.0,,,,,0,0,0,0,0,.0,.0,.0,0,0,0,0,0,0,0,0,0,0,0,0,0,0,0,0,,,,,,0,1,0,0,0,0,0,0,0,6,6,1.5,,,,,,,,,,,,,,,,,,,,,,,,,,,,,,9,189,0,32,21.0,,,,,,,,,,,,,,,,,,,,,,,,,,,,,,,,,,,0.637412357271779,85,88
2026-27,football,American Southwest Conference (ASC),asc,East Texas Baptist,"Paul,Kyler",Kyler,Paul,,1062,"Paul,Kyler","PAUL,KYLER",East Texas Baptist,ETB,636-5021,8,3,10,10,0,WR,0,0,1,-5,0,5,0,0,-5.0,-.6,,19,381,1,60,20.1,,,,,0,0,0,0,0,.0,.0,.0,0,0,0,0,0,0,0,0,0,0,0,0,0,0,0,0,,,,,,0,1,0,0,0,0,0,0,0,6,6,0.75,,,,,,,,,,,,,,,,,,,,,,,,,,,,,,,,,,,,,,,,,,,,,,,,,,,,,,,,,,,,,,,,,,,,,0.6244257222440623,86,87
2026-27,football,American Southwest Conference (ASC),asc,East Texas Baptist,"Confessore,Cole",Cole,Confessore,,1062,"Confessore,Cole","CONFESSORE,COLE",East Texas Baptist,ETB,636-4977,4,1,4,4,0,0,DB,0,,,,,,,,,,,,,,,,,,,0,9,4,13,13,1.0,.0,.0,1,0,14,0,0,0,0,0,0,0,0,0,0,0,0,0,,,,,,,,,,,,,,,,,,,,,,,,,,,,,,,,,,,,,,,,,,,,,,,,,,,,,,,,,,,,,,,,,,,,,,,,,,,,,,,,,,,,,,0.5780429736557904,87,87
2026-27,football,American Southwest Conference (ASC),asc,Mary Hardin-Baylor,"Carter,Scooby",Scooby,Carter,,1203,"Carter,Scooby","CARTER,SCOOBY",Mary Hardin-Baylor,UMHB,641-6692,2,1,2,2,0,0,CB,0,,,,,,,,,,,,,,,,,,,0,5,2,7,7,2.0,.0,.0,2,0,3,0,0,0,0,0,0,2,0,1,0,0,0,0,,,,,,,,,,,,,,,,,,,,,,,,,,,,,,,,,,,,,,,,,,,,,,,,,,,,,,,,,,,,,,,,,,,,,,,,,,,,,,,,,,,,,,0.5008026079379821,88,87
2026-27,football,American Southwest Conference (ASC),asc,Howard Payne,"Jackson,Jadin",Jadin,Jackson,,2741,"Jackson,Jadin","JACKSON,JADIN",Howard Payne,HPU,639-3805,2,0,23,,0,0,LB,0,,,,,,,,,,,,,,,,,,,0,3,4,7,7,2.0,.0,.0,2,0,3,0,0,0,0,0,0,0,0,0,0,0,0,0,,,,,,,,,,,,,,,,,,,,,,,,,,,,,,,,,,,,,,,,,,,,,,,,,,,,,,,,,,,,,,,,,,,,,,,,,,,,,,,,,,,,,,0.5008026079379821,89,87
2026-27,football,American Southwest Conference (ASC),asc,Hardin-Simmons,"Turner,Kaden",Kaden,Turner,,271,"Turner,Kaden","TURNER,KADEN",Hardin-Simmons,HSU,637-3643,2,0,84,84,0,0,0,0,,,,,,,,,,,,,,,,,,,,,,,,,,,,,,,,,,,,,,,,,,,,,,,,,,,,,,,,,,,,,,,,,,,,,,,,,,,,,,,,,,,,,,,,,,,,,,,,,,,,,,,,,5,235,53,0,1,0,3,2,47.0,,,,,,,,,,,,,,,0.47615231535309044,90,87
2026-27,football,American Southwest Conference (ASC),asc,Hardin-Simmons,"Thompson,Ty",Ty,Thompson,,271,"Thompson,Ty","THOMPSON,TY",Hardin-Simmons,HSU,637-3630,2,2,15,15,0,QB,0,0,27,120,129,9,2,17,4.4,60.0,,,,,,,,,,,0,0,0,0,0,.0,.0,.0,0,0,0,0,0,0,0,0,0,0,0,0,0,0,0,0,,,,,,0,2,0,0,0,0,0,0,0,12,12,6,,,,1,1,7,2,71,3,511,1,61,44,155.4,8.38,11.61,255.5,,,,,,,,,,,,,,,,,,,,,,,,,,,,,,,,,,,,,,,,,,,,,,,,,,,,0.4340756419635487,91,87
2026-27,football,American Southwest Conference (ASC),asc,Hardin-Simmons,"Douglas,Wes",Wes,Douglas,,271,"Douglas,Wes","DOUGLAS,WES",Hardin-Simmons,HSU,637-3343,2,2,7,7,0,WR,0,0,,,,,,,,,,8,147,2,71,18.4,,,,,0,0,0,0,0,.0,.0,.0,0,0,0,0,0,0,0,0,0,0,0,0,0,0,0,0,,,,,,0,2,0,0,0,0,0,0,0,12,12,6,,,,,,,,,,,,,,,,,,,,,,,,,,,,,,,,,,,,,,,,,,,,,,,,,,,,,,,,,,,,,,,,,,,,,0.42295703251515016,92,87
2026-27,football,American Southwest Conference (ASC),asc,Schreiner,Mar'kel Ford,Mar'kel,Ford,,1355,Mar'kel Ford,"FORD,MAR'KEL",Schreiner,SCH,0,1,0,6,6,0,0,0,0,,,,,,,,,,2,67,1,54,33.5,,,,,,,,,,,,,,,,,,,,,,,,,,,,,,,,,,0,1,0,0,0,0,0,0,0,6,6,6,,,,,,,,,,,,,,,,,,,,,,,,,,,,,,,,,,,,,,,,,,,,,,,,,,,,,,,,,,,,,,,,,,,,,0.39644212363084813,93,87
2026-27,football,American Southwest Conference (ASC),asc,East Texas Baptist,"Chibli,Arjawon",Arjawon,Chibli,,1062,"Chibli,Arjawon","CHIBLI,ARJAWON",East Texas Baptist,ETB,636-5598,4,0,94,94,0,0,DL,0,,,,,,,,,,,,,,,,,,,0,4,2,6,6,2.0,.0,.0,2,0,5,0,0,0,0,0,0,1,0,0,0,0,0,0,,,,,,,,,,,,,,,,,,,,,,,,,,,,,,,,,,,,,,,,,,,,,,,,,,,,,,,,,,,,,,,,,,,,,,,,,,,,,,,,,,,,,,0.3863996406192578,94,87
2026-27,football,American Southwest Conference (ASC),asc,McMurry,"Roper,Carson",Carson,Roper,,8530,"Roper,Carson","ROPER,CARSON",McMurry,MCM,643-6279,4,3,11,11,0,QB,0,0,24,98,129,31,2,24,4.1,24.5,,,,,,,,,,,0,0,0,0,0,.0,.0,.0,0,0,0,0,0,0,0,0,0,0,0,0,0,0,0,0,,,,,,0,2,0,0,0,0,0,0,0,12,12,3,,,,4,1,24,3,51,5,602,2,66,42,159.2,9.12,14.33,150.5,,,,,,,,,,,,,,,,,,,,,,,,,,,,,,,,,,,,,,,,,,,,,,,,,,,,0.386203555761324,95,86
2026-27,football,American Southwest Conference (ASC),asc,East Texas Baptist,"White,Mitchell",Mitchell,White,,1062,"White,Mitchell","WHITE,MITCHELL",East Texas Baptist,ETB,636-5053,4,0,47,47,0,0,0,0,,,,,,,,,,,,,,,,,,,0,3,0,3,3,.0,.0,.0,0,0,0,0,0,0,0,0,1,0,0,0,0,0,0,0,,,,,,4,0,6,0,0,0,0,0,0,22,22,5.5,,,,,,,,,,,,,,,,,,7,4,0,0,0,0,0,0,0,0,0,0,,,,,,,,,,,,,,,,,,,,,,,,,,6,7,35,0,85.7,36,2205,0,15,61.3,,,,,0.3766577090255277,96,86
2026-27,football,American Southwest Conference (ASC),asc,McMurry,"Windham,Elijah",Elijah,Windham,,8530,"Windham,Elijah","WINDHAM,ELIJAH",McMurry,MCM,643-6286,4,4,6,6D,0,0,DB,0,,,,,,,,,,,,,,,,,,,0,5,1,6,6,.0,.0,.0,0,0,0,0,0,0,0,2,0,0,0,2,0,0,0,2,,,,,,,,,,,,,,,,,,,,,,,,,,,,,,,,,,,,,,,,,,,,,,,,,,,,,,,,,,,,,,,,,,,,,,,,,,,,,,,,,,,,,,0.37429060897318944,97,86
2026-27,football,American Southwest Conference (ASC),asc,Howard Payne,"Elizalde,Bryan",Bryan,Elizalde,,2741,"Elizalde,Bryan","ELIZALDE,BRYAN",Howard Payne,HPU,639-3264,3,0,10,1P,0,0,DB,0,,,,,,,,,,,,,,,,,,,0,0,3,3,3,1.0,.0,.0,0,2,4,0.5,0,1,3,0,0,0,0,0,0,0,0,0,,,,,,,,,,,,,,,,,,,,,,,,,,,,,,,,,,,,,,,,,,,,,,,,,,,,,,,,,,,,,,,,,,,,,,,,,,,,,,,,,,,,,,0.3734314931516839,98,86
2026-27,football,American Southwest Conference (ASC),asc,East Texas Baptist,"Collins,Lemahjae",Lemahjae,Collins,,1062,"Collins,Lemahjae","COLLINS,LEMAHJAE",East Texas Baptist,ETB,636-5602,3,1,28,28,0,0,DB,0,,,,,,,,,,,,,,,,,,,0,9,2,11,11,.0,.0,.0,0,0,0,0,0,0,0,1,1,0,0,0,0,0,0,1,,,,,,,,,,,,,,,,,,,,,,,,,,,,,,,,,,,,,,,,,,,,,,,,,,,,,,,,,,,,,,,,,,,,,,,,,,,,,,,,,,,,,,0.3431825231953075,99,86
2026-27,football,American Southwest Conference (ASC),asc,Hardin-Simmons,"Rowan,Rowdy",Rowdy,Rowan,,271,"Rowan,Rowdy","ROWAN,ROWDY",Hardin-Simmons,HSU,637-1576,2,2,5,5,0,0,CB,0,,,,,,,,,,,,,,,,,,,0,13,3,16,16,.0,.0,.0,0,0,0,0,0,0,0,0,0,0,0,0,0,0,0,0,,,,,,,,,,,,,,,,,,,,,,,,,,,,,,,,,,,,,,,,,,,,,,,,,,,,,,,,,,,,,,,,,,,,,,,,,,,,,,,,,,,,,,0.3120744374174258,100,86
2026-27,football,American Southwest Conference (ASC),asc,Mary Hardin-Baylor,"Saldana,Zeke",Zeke,Saldana,,1203,"Saldana,Zeke","SALDANA,ZEKE",Mary Hardin-Baylor,UMHB,641-6995,2,1,15,15,0,WR,0,0,,,,,,,,,,3,127,2,62,42.3,,,,,0,0,0,0,0,.0,.0,.0,0,0,0,0,0,0,0,0,0,0,0,0,0,0,0,0,,,,,,0,2,0,0,0,0,0,0,0,12,12,6,,,,,,,,,,,,,,,,,,,,,,,,,,,,,,,,,,,3,25,0,16,8.3,,,,,,,,,,,,,,,,,,,,,,,,,,,,,,0.30505228408725227,101,86
2026-27,football,American Southwest Conference (ASC),asc,Mary Hardin-Baylor,"Eberwine,Braden",Braden,Eberwine,,1203,"Eberwine,Braden","EBERWINE,BRADEN",Mary Hardin-Baylor,UMHB,641-6562,3,3,33,33,0,0,DE,0,,,,,,,,,,,,,,,,,,,0,3,2,5,5,2.0,.0,.0,1,2,6,0,0,0,0,0,0,1,0,0,0,0,0,0,,,,,,,,,,,,,,,,,,,,,,,,,,,,,,,,,,,,,,,,,,,,,,,,,,,,,,,,,,,,,,,,,,,,,,,,,,,,,,,,,,,,,,0.27199667330053345,102,86
2026-27,football,American Southwest Conference (ASC),asc,Hardin-Simmons,"Tyson,Jahmye",Jahmye,Tyson,,271,"Tyson,Jahmye","TYSON,JAHMYE",Hardin-Simmons,HSU,637-3891,2,2,51,58,0,0,DL,0,,,,,,,,,,,,,,,,,,,0,1,4,5,5,2.0,.0,.0,1,2,3,0,0,0,0,0,0,1,0,0,0,0,0,0,,,,,,,,,,,,,,,,,,,,,,,,,,,,,,,,,,,,,,,,,,,,,,,,,,,,,,,,,,,,,,,,,,,,,,,,,,,,,,,,,,,,,,0.27199667330053345,103,86
2026-27,football,American Southwest Conference (ASC),asc,Howard Payne,"Mays,JD",JD,Mays,,2741,"Mays,JD","MAYS,JD",Howard Payne,HPU,639-3520,3,1,6,6,0,RB,0,0,45,226,236,10,1,62,5.0,75.3,,1,19,0,19,19.0,,,,,0,1,0,1,1,.0,.0,.0,0,0,0,0,0,0,0,0,0,0,0,0,0,0,0,0,,,,,,0,1,0,0,0,0,0,0,0,6,6,2,,,,1,0,,,,,,,,,,,,,,,,,,,,,,,,,,,,,,,,,,,,,,,,,,,,,,,,,,,,,,,,,,,,,,,,0.26539577678455617,104,86
2026-27,football,American Southwest Conference (ASC),asc,Hardin-Simmons,"House,Keyon",Keyon,House,,271,"House,Keyon","HOUSE,KEYON",Hardin-Simmons,HSU,637-3461,2,2,22,22,0,0,CB,0,,,,,,,,,,,,,,,,,,,0,5,0,5,5,.0,.0,.0,0,0,0,0,0,0,0,2,0,0,0,0,0,0,0,2,,,,,,,,,,,,,,,,,,,,,,,,,,,,,,,,,,,,,,,,,,,,,,,,,,,,,,,,,,,,,,,,,,,,,,,,,,,,,,,,,,,,,,0.2598876416544651,105,85
2026-27,football,American Southwest Conference (ASC),asc,Mary Hardin-Baylor,"Moore,Maurice",Maurice,Moore,,1203,"Moore,Maurice","MOORE,MAURICE",Mary Hardin-Baylor,UMHB,641-6916,3,1,11,11,0,RB,0,0,35,167,177,10,2,22,4.8,55.7,,4,77,1,55,19.3,,,,,0,0,0,0,0,.0,.0,.0,0,0,0,0,0,0,0,0,0,0,0,0,0,0,0,0,,,,,,0,3,0,0,0,0,0,0,0,18,18,6,,,,2,1,,,,,,,,,,,,,,,,,,,,,,,,,1,19,0,19,19.0,,,,,,,,,,,,,,,,,,,,,,,,,,,,,,,,,,,0.2456615698647599,106,85
2026-27,football,American Southwest Conference (ASC),asc,McMurry,"Gude,Jaylen",Jaylen,Gude,,8530,"Gude,Jaylen","GUDE,JAYLEN",McMurry,MCM,643-6257,3,0,29,29,0,0,LB,0,,,,,,,,,,,,,,,,,,,0,7,3,10,10,1.0,.0,.0,1,0,3,0,0,0,0,0,0,0,0,0,0,0,0,0,,,,,,,,,,,,,,,,,,,,,,,,,,,,,,,,,,,,,,,,,,,,,,,,,,,,,,,,,,,,,,,,,,,,,,,,,,,,,,,,,,,,,,0.23483407169961754,107,85
2026-27,football,American Southwest Conference (ASC),asc,Howard Payne,"Parker,Hezekiah",Hezekiah,Parker,,2741,"Parker,Hezekiah","PARKER,HEZEKIAH",Howard Payne,HPU,639-3131,3,3,17,17,0,0,LB,0,,,,,,,,,,,,,,,,,,,0,5,5,10,10,.0,.0,.0,0,0,0,0,0,0,0,1,0,0,0,0,0,0,0,1,,,,,,,,,,,,,,,,,,,,,,,,,,,,,,,,,,,,,,,,,,,,,,,,,,,,,,,,,,,,,,,,,,,,,,,,,,,,,,,,,,,,,,0.22877955587658327,108,85
2026-27,football,American Southwest Conference (ASC),asc,Mary Hardin-Baylor,"Woods,Brody",Brody,Woods,,1203,"Woods,Brody","WOODS,BRODY",Mary Hardin-Baylor,UMHB,641-6688,3,2,31,31,0,0,S,0,,,,,,,,,,,,,,,,,,,0,11,4,15,15,.0,.0,.0,0,0,0,0,0,0,0,0,0,0,0,0,0,0,0,0,,,,,,,,,,,,,,,,,,,,,,,,,,,,,,,,,,,,,,,,,,,,,,,,,,,,,,,,,,,,,,,,,,,,,,,,,,,,,,,,,,,,,,0.19767147009870142,109,85
2026-27,football,American Southwest Conference (ASC),asc,East Texas Baptist,"Wilson,Colton",Colton,Wilson,,1062,"Wilson,Colton","WILSON,COLTON",East Texas Baptist,ETB,636-4683,4,4,11,11,0,0,DE,0,,,,,,,,,,,,,,,,,,,0,5,4,9,9,.0,.0,.0,0,0,0,0,0,0,0,1,0,0,0,0,0,0,0,1,,,,,,,,,,,,,,,,,,,,,,,,,,,,,,,,,,,,,,,,,,,,,,,,,,,,,,,,,,,,,,,,,,,,,,,,,,,,,,,,,,,,,,0.1143765885578591,110,85
2026-27,football,American Southwest Conference (ASC),asc,Mary Hardin-Baylor,"Meullion,Trace",Trace,Meullion,,1203,"Meullion,Trace","MEULLION,TRACE",Mary Hardin-Baylor,UMHB,641-6913,3,3,82,82,0,WR,0,0,,,,,,,,,,16,191,1,30,11.9,,,,,0,1,0,1,1,.0,.0,.0,0,0,0,0,0,0,0,0,0,0,0,0,0,0,0,0,,,,,,0,1,0,0,0,0,0,0,0,6,6,2,,,,,,,,,,,,,,,,,,,,,,,,,,,,,,,,,,,,,,,,,,,,,,,,,,,,,,,,,,,,,,,,,,,,,0.10239432388278238,111,85
2026-27,football,American Southwest Conference (ASC),asc,McMurry,"Preng,Jackson",Jackson,Preng,,8530,"Preng,Jackson","PRENG,JACKSON",McMurry,MCM,643-5520,3,0,50,50,0,0,DL,0,,,,,,,,,,,,,,,,,,,0,1,2,3,3,.5,.0,.0,0,1,3,0.5,0,1,3,0,0,0,0,0,0,0,0,0,,,,,,,,,,,,,,,,,,,,,,,,,,,,,,,,,,,,,,,,,,,,,,,,,,,,,,,,,,,,,,,,,,,,,,,,,,,,,,,,,,,,,,0.06884277405441527,112,85
2026-27,football,American Southwest Conference (ASC),asc,Mary Hardin-Baylor,"Regalado,Valentin",Valentin,Regalado,,1203,"Regalado,Valentin","REGALADO,VALENTIN",Mary Hardin-Baylor,UMHB,641-6928,3,0,98,98,0,0,DL,0,,,,,,,,,,,,,,,,,,,0,1,2,3,3,.5,.0,.0,0,1,4,0.5,0,1,4,0,0,0,0,0,0,0,0,0,,,,,,,,,,,,,,,,,,,,,,,,,,,,,,,,,,,,,,,,,,,,,,,,,,,,,,,,,,,,,,,,,,,,,,,,,,,,,,,,,,,,,,0.06884277405441527,113,85
2026-27,football,American Southwest Conference (ASC),asc,East Texas Baptist,"Judge,Dakarion",Dakarion,Judge,,1062,"Judge,Dakarion","JUDGE,DAKARION",East Texas Baptist,ETB,636-5647,4,3,19,19,0,WR,0,0,,,,,,,,,,7,92,0,43,13.1,,,,,0,0,0,0,0,.0,.0,.0,0,0,0,0,0,0,0,0,0,0,0,0,0,0,0,0,,,,,,,,,,,,,,,,,,,,,1,0,,,,,,,,,,,,,,,,,,,,,,,,,,,,,,7,124,0,46,17.7,,,,,,,,,,,,,,,,,,,,,,,,,,,,,,0.05689925293085485,114,85
2026-27,football,American Southwest Conference (ASC),asc,Howard Payne,"Keith,Trey",Trey,Keith,,2741,"Keith,Trey","KEITH,TREY",Howard Payne,HPU,639-3565,3,0,30,30,0,0,LB,0,,,,,,,,,,,,,,,,,,,0,5,6,11,11,.5,.0,.0,0,1,0,0,0,0,0,0,0,0,0,0,0,0,0,0,,,,,,,,,,,,,,,,,,,,,,,,,,,,,,,,,,,,,,,,,,,,,,,,,,,,,,,,,,,,,,,,,,,,,,,,,,,,,,,,,,,,,,0.044648319921073126,115,84
2026-27,football,American Southwest Conference (ASC),asc,Schreiner,"Hurtado,Darren",Darren,Hurtado,,1355,"Hurtado,Darren","HURTADO,DARREN",Schreiner,SCH,0,1,0,14,2H,0,0,DB,0,,,,,,,,,,,,,,,,,,,0,1,2,3,3,1.0,.0,.0,1,0,4,0,0,0,0,1,0,0,0,0,0,0,0,1,,,,,,,,,,,,,,,,,,,,,,,,,,,,,,,,,,,,,,,,,,,,,,,,,,,,,,,,,,,,,,,,,,,,,,,,,,,,,,,,,,,,,,0.03713622284005086,116,84
2026-27,football,American Southwest Conference (ASC),asc,Hardin-Simmons,"Adams,Luke",Luke,Adams,,271,"Adams,Luke","ADAMS,LUKE",Hardin-Simmons,HSU,637-3352,2,0,65,65,0,OT,0,0,,,,,,,,,,,,,,,,,,,,,,,,,,,,,,,,,,,,,,,,,,,,,,,,,,,,,,,,,,,,,,,,,,,,,,,,,,,,,,,,,,,,,,,,,,,,,,,,,,,,,,,,,,,,,,,,,,,,,,,,,,,,,,,,0.0,117,84
2026-27,football,American Southwest Conference (ASC),asc,Hardin-Simmons,"Alexander,Jaxon",Jaxon,Alexander,,271,"Alexander,Jaxon","ALEXANDER,JAXON",Hardin-Simmons,HSU,637-3187,2,0,57,57,0,OG,0,0,,,,,,,,,,,,,,,,,,,,,,,,,,,,,,,,,,,,,,,,,,,,,,,,,,,,,,,,,,,,,,,,,,,,,,,,,,,,,,,,,,,,,,,,,,,,,,,,,,,,,,,,,,,,,,,,,,,,,,,,,,,,,,,,0.0,118,84
2026-27,football,American Southwest Conference (ASC),asc,East Texas Baptist,"Alexander,Reginald",Reginald,Alexander,,1062,"Alexander,Reginald","ALEXANDER,REGINALD",East Texas Baptist,ETB,636-5541,1,0,79,79,0,OL,0,0,,,,,,,,,,,,,,,,,,,,,,,,,,,,,,,,,,,,,,,,,,,,,,,,,,,,,,,,,,,,,,,,,,,,,,,,,,,,,,,,,,,,,,,,,,,,,,,,,,,,,,,,,,,,,,,,,,,,,,,,,,,,,,,,0.0,119,84
2026-27,football,American Southwest Conference (ASC),asc,McMurry,"Alvarez,Nick",Nick,Alvarez,,8530,"Alvarez,Nick","ALVAREZ,NICK",McMurry,MCM,643-5979,1,0,73,73,0,OL,0,0,,,,,,,,,,,,,,,,,,,,,,,,,,,,,,,,,,,,,,,,,,,,,,,,,,,,,,,,,,,,,,,,,,,,,,,,,,,,,,,,,,,,,,,,,,,,,,,,,,,,,,,,,,,,,,,,,,,,,,,,,,,,,,,,0.0,120,84
2026-27,football,American Southwest Conference (ASC),asc,Hardin-Simmons,"Aribisala,Martins",Martins,Aribisala,,271,"Aribisala,Martins","ARIBISALA,MARTINS",Hardin-Simmons,HSU,637-3358,2,0,99,99,0,0,DT,0,,,,,,,,,,,,,,,,,,,,,,,,,,,,,,,,,,,,,,,,,,,,,,,,,,,,,,,,,,,,,,,,,,,,,,,,,,,,,,,,,,,,,,,,,,,,,,,,,,,,,,,,,,,,,,,,,,,,,,,,,,,,,,,,0.0,121,84
2026-27,football,American Southwest Conference (ASC),asc,McMurry,"Avila,Kevin",Kevin,Avila,,8530,"Avila,Kevin","AVILA,KEVIN",McMurry,MCM,643-5717,4,4,79,79,0,OL,0,0,,,,,,,,,,,,,,,,,,,,,,,,,,,,,,,,,,,,,,,,,,,,,,,,,,,,,,,,,,,,,,,,,,,,,,,,,,,,,,,,,,,,,,,,,,,,,,,,,,,,,,,,,,,,,,,,,,,,,,,,,,,,,,,,0.0,122,84
2026-27,football,American Southwest Conference (ASC),asc,McMurry,"Brooks,Drew",Drew,Brooks,,8530,"Brooks,Drew","BROOKS,DREW",McMurry,MCM,643-6241,4,4,72,72,0,OL,0,0,,,,,,,,,,,,,,,,,,,,,,,,,,,,,,,,,,,,,,,,,,,,,,,,,,,,,,,,,,,,,,,,,,,,,,,,,,,,,,,,,,,,,,,,,,,,,,,,,,,,,,,,,,,,,,,,,,,,,,,,,,,,,,,,0.0,123,84
2026-27,football,American Southwest Conference (ASC),asc,Hardin-Simmons,"Brooks,Tory",Tory,Brooks,,271,"Brooks,Tory","BROOKS,TORY",Hardin-Simmons,HSU,637-3876,1,0,47,47,0,RB,0,0,,,,,,,,,,,,,,,,,,,,,,,,,,,,,,,,,,,,,,,,,,,,,,,,,,,,,,,,,,,,,,,,,,,,,,,,,,,,,,,,,,,,,,,,,,,,,,,,,,,,,,,,,,,,,,,,,,,,,,,,,,,,,,,,0.0,124,83
2026-27,football,American Southwest Conference (ASC),asc,Hardin-Simmons,"Brooks,Tyler",Tyler,Brooks,,271,"Brooks,Tyler","BROOKS,TYLER",Hardin-Simmons,HSU,637-3685,1,0,34,34,0,0,DB,0,,,,,,,,,,,,,,,,,,,,,,,,,,,,,,,,,,,,,,,,,,,,,,,,,,,,,,,,,,,,,,,,,,,,,,,,,,,,,,,,,,,,,,,,,,,,,,,,,,,,,,,,,,,,,,,,,,,,,,,,,,,,,,,,0.0,125,83
2026-27,football,American Southwest Conference (ASC),asc,Hardin-Simmons,"Bruhn,Joey",Joey,Bruhn,,271,"Bruhn,Joey","BRUHN,JOEY",Hardin-Simmons,HSU,637-3960,1,0,89,89,0,TE,0,0,,,,,,,,,,,,,,,,,,,,,,,,,,,,,,,,,,,,,,,,,,,,,,,,,,,,,,,,,,,,,,,,,,,,,,,,,,,,,,,,,,,,,,,,,,,,,,,,,,,,,,,,,,,,,,,,,,,,,,,,,,,,,,,,0.0,126,83
2026-27,football,American Southwest Conference (ASC),asc,McMurry,"Bryant,Tre",Tre,Bryant,,8530,"Bryant,Tre","BRYANT,TRE",McMurry,MCM,643-5989,1,0,16,1G,0,0,DB,0,,,,,,,,,,,,,,,,,,,,,,,,,,,,,,,,,,,,,,,,,,,,,,,,,,,,,,,,,,,,,,,,,,,,,,,,,,,,,,,,,,,,,,,,,,,,,,,,,,,,,,,,,,,,,,,,,,,,,,,,,,,,,,,,0.0,127,83
2026-27,football,American Southwest Conference (ASC),asc,Schreiner,"Bryson,David",David,Bryson,,1355,"Bryson,David","BRYSON,DAVID",Schreiner,SCH,0,4,4,61,61,0,OL,0,0,,,,,,,,,,,,,,,,,,,,,,,,,,,,,,,,,,,,,,,,,,,,,,,,,,,,,,,,,,,,,,,,,,,,,,,,,,,,,,,,,,,,,,,,,,,,,,,,,,,,,,,,,,,,,,,,,,,,,,,,,,,,,,,,0.0,128,83
2026-27,football,American Southwest Conference (ASC),asc,Hardin-Simmons,"Burk,Cole",Cole,Burk,,271,"Burk,Cole","BURK,COLE",Hardin-Simmons,HSU,637-3189,1,0,69,69,0,OG,0,0,,,,,,,,,,,,,,,,,,,,,,,,,,,,,,,,,,,,,,,,,,,,,,,,,,,,,,,,,,,,,,,,,,,,,,,,,,,,,,,,,,,,,,,,,,,,,,,,,,,,,,,,,,,,,,,,,,,,,,,,,,,,,,,,0.0,129,83
2026-27,football,American Southwest Conference (ASC),asc,Hardin-Simmons,"Butchee,Jackson",Jackson,Butchee,,271,"Butchee,Jackson","BUTCHEE,JACKSON",Hardin-Simmons,HSU,637-3669,2,0,87,87,0,TE,0,0,,,,,,,,,,,,,,,,,,,,,,,,,,,,,,,,,,,,,,,,,,,,,,,,,,,,,,,,,,,,,,,,,,,,,,,,,,,,,,,,,,,,,,,,,,,,,,,,,,,,,,,,,,,,,,,,,,,,,,,,,,,,,,,,0.0,130,83
2026-27,football,American Southwest Conference (ASC),asc,Hardin-Simmons,"Butchee,Mason",Mason,Butchee,,271,"Butchee,Mason","BUTCHEE,MASON",Hardin-Simmons,HSU,637-3181,2,2,53,53,0,OG,0,0,,,,,,,,,,,,,,,,,,,,,,,,,,,,,,,,,,,,,,,,,,,,,,,,,,,,,,,,,,,,,,,,,,,,,,,,,,,,,,,,,,,,,,,,,,,,,,,,,,,,,,,,,,,,,,,,,,,,,,,,,,,,,,,,0.0,131,83
2026-27,football,American Southwest Conference (ASC),asc,Schreiner,Carson Jones,Carson,Jones,,1355,Carson Jones,"JONES,CARSON",Schreiner,SCH,0,1,1,13,13,0,0,SAF,0,,,,,,,,,,,,,,,,,,,,,,,,,,,,,,,,,,,,,,,,,,,,,,,,,,,,,,,,,,,,,,,,,,,,,,,,,,,,,,,,,,,,,,,,,,,,,,,,,,,,,,,,,,,,,,,,,,,,,,,,,,,,,,,,0.0,132,83
2026-27,football,American Southwest Conference (ASC),asc,Hardin-Simmons,"Carter,DeMonte",DeMonte,Carter,,271,"Carter,DeMonte","CARTER,DEMONTE",Hardin-Simmons,HSU,637-3368,2,0,56,56,0,0,DE,0,,,,,,,,,,,,,,,,,,,,,,,,,,,,,,,,,,,,,,,,,,,,,,,,,,,,,,,,,,,,,,,,,,,,,,,,,,,,,,,,,,,,,,,,,,,,,,,,,,,,,,,,,,,,,,,,,,,,,,,,,,,,,,,,0.0,133,83
2026-27,football,American Southwest Conference (ASC),asc,Hardin-Simmons,"Carter,Jamarion",Jamarion,Carter,,271,"Carter,Jamarion","CARTER,JAMARION",Hardin-Simmons,HSU,637-3672,2,0,76,76,0,OT,0,0,,,,,,,,,,,,,,,,,,,,,,,,,,,,,,,,,,,,,,,,,,,,,,,,,,,,,,,,,,,,,,,,,,,,,,,,,,,,,,,,,,,,,,,,,,,,,,,,,,,,,,,,,,,,,,,,,,,,,,,,,,,,,,,,0.0,134,82
2026-27,football,American Southwest Conference (ASC),asc,Hardin-Simmons,"Chandler,Carter",Carter,Chandler,,271,"Chandler,Carter","CHANDLER,CARTER",Hardin-Simmons,HSU,637-3191,2,2,63,63,0,OC,0,0,,,,,,,,,,,,,,,,,,,,,,,,,,,,,,,,,,,,,,,,,,,,,,,,,,,,,,,,,,,,,,,,,,,,,,,,,,,,,,,,,,,,,,,,,,,,,,,,,,,,,,,,,,,,,,,,,,,,,,,,,,,,,,,,0.0,135,82
2026-27,football,American Southwest Conference (ASC),asc,Howard Payne,"Chibli,Anthony",Anthony,Chibli,,2741,"Chibli,Anthony","CHIBLI,ANTHONY",Howard Payne,HPU,639-3546,3,3,55,55,0,OL,0,0,,,,,,,,,,,,,,,,,,,,,,,,,,,,,,,,,,,,,,,,,,,,,,,,,,,,,,,,,,,,,,,,,,,,,,,,,,,,,,,,,,,,,,,,,,,,,,,,,,,,,,,,,,,,,,,,,,,,,,,,,,,,,,,,0.0,136,82
2026-27,football,American Southwest Conference (ASC),asc,Schreiner,Colby Morgan,Colby,Morgan,,1355,Colby Morgan,"MORGAN,COLBY",Schreiner,SCH,0,1,0,25,25,0,0,0,0,,,,,,,,,,,,,,,,,,,,,,,,,,,,,,,,,,,,,,,,,,,,,,,,,,,,,,,,,,,,,,,,,,,,,,,,,,,,,,,,,,,,,,,,,,,,,,,,,,,,,,,,,,,,,,,,,,,,,,,,,,,,,,,,0.0,137,82
2026-27,football,American Southwest Conference (ASC),asc,Mary Hardin-Baylor,"Coleman,Bryce",Bryce,Coleman,,1203,"Coleman,Bryce","COLEMAN,BRYCE",Mary Hardin-Baylor,UMHB,641-6188,3,2,58,58,0,OL,0,0,,,,,,,,,,,,,,,,,,,,,,,,,,,,,,,,,,,,,,,,,,,,,,,,,,,,,,,,,,,,,,,,,,,,,,,,,,,,,,,,,,,,,,,,,,,,,,,,,,,,,,,,,,,,,,,,,,,,,,,,,,,,,,,,0.0,138,82
2026-27,football,American Southwest Conference (ASC),asc,Mary Hardin-Baylor,"Corley,Syris",Syris,Corley,,1203,"Corley,Syris","CORLEY,SYRIS",Mary Hardin-Baylor,UMHB,641-6972,1,1,69,69,0,OL,0,0,,,,,,,,,,,,,,,,,,,,,,,,,,,,,,,,,,,,,,,,,,,,,,,,,,,,,,,,,,,,,,,,,,,,,,,,,,,,,,,,,,,,,,,,,,,,,,,,,,,,,,,,,,,,,,,,,,,,,,,,,,,,,,,,0.0,139,82
2026-27,football,American Southwest Conference (ASC),asc,East Texas Baptist,"Davis,Kehdrien",Kehdrien,Davis,,1062,"Davis,Kehdrien","DAVIS,KEHDRIEN",East Texas Baptist,ETB,636-5607,3,1,70,70,0,OL,0,0,,,,,,,,,,,,,,,,,,,,,,,,,,,,,,,,,,,,,,,,,,,,,,,,,,,,,,,,,,,,,,,,,,,,,,,,,,,,,,,,,,,,,,,,,,,,,,,,,,,,,,,,,,,,,,,,,,,,,,,,,,,,,,,,0.0,140,82
2026-27,football,American Southwest Conference (ASC),asc,East Texas Baptist,"Duckworth,Clayton",Clayton,Duckworth,,1062,"Duckworth,Clayton","DUCKWORTH,CLAYTON",East Texas Baptist,ETB,636-5611,2,1,77,77,0,OL,0,0,,,,,,,,,,,,,,,,,,,,,,,,,,,,,,,,,,,,,,,,,,,,,,,,,,,,,,,,,,,,,,,,,,,,,,,,,,,,,,,,,,,,,,,,,,,,,,,,,,,,,,,,,,,,,,,,,,,,,,,,,,,,,,,,0.0,141,82
2026-27,football,American Southwest Conference (ASC),asc,Schreiner,Francisco Munoz,Francisco,Munoz,,1355,Francisco Munoz,"MUNOZ,FRANCISCO",Schreiner,SCH,0,1,0,98,98,0,0,0,0,,,,,,,,,,,,,,,,,,,,,,,,,,,,,,,,,,,,,,,,,,,,,,,,,,,,,,,,,,,,,,,,,,,,,,,,,,,,,,,,,,,,,,,,,,,,,,,,,,,,,,,,,,,,,,,,,,,,,,,,,,,,,,,,0.0,142,82
2026-27,football,American Southwest Conference (ASC),asc,Howard Payne,"Gadison,Tristian",Tristian,Gadison,,2741,"Gadison,Tristian","GADISON,TRISTIAN",Howard Payne,HPU,639-3763,3,2,72,72,0,OL,0,0,,,,,,,,,,,,,,,,,,,,,,,,,,,,,,,,,,,,,,,,,,,,,,,,,,,,,,,,,,,,,,,,,,,,,,,,,,,,,,,,,,,,,,,,,,,,,,,,,,,,,,,,,,,,,,,,,,,,,,,,,,,,,,,,0.0,143,82
2026-27,football,American Southwest Conference (ASC),asc,McMurry,"Gibson,Gianni",Gianni,Gibson,,8530,"Gibson,Gianni","GIBSON,GIANNI",McMurry,MCM,643-6353,1,0,63,63,0,0,DL,0,,,,,,,,,,,,,,,,,,,,,,,,,,,,,,,,,,,,,,,,,,,,,,,,,,,,,,,,,,,,,,,,,,,,,,,,,,,,,,,,,,,,,,,,,,,,,,,,,,,,,,,,,,,,,,,,,,,,,,,,,,,,,,,,0.0,144,81
2026-27,football,American Southwest Conference (ASC),asc,Schreiner,"Gowens,Kaleb",Kaleb,Gowens,,1355,"Gowens,Kaleb","GOWENS,KALEB",Schreiner,SCH,0,4,4,54,5G,0,OL,0,0,,,,,,,,,,,,,,,,,,,,,,,,,,,,,,,,,,,,,,,,,,,,,,,,,,,,,,,,,,,,,,,,,,,,,,,,,,,,,,,,,,,,,,,,,,,,,,,,,,,,,,,,,,,,,,,,,,,,,,,,,,,,,,,,0.0,145,81
2026-27,football,American Southwest Conference (ASC),asc,East Texas Baptist,"Groom,Rhys",Rhys,Groom,,1062,"Groom,Rhys","GROOM,RHYS",East Texas Baptist,ETB,636-5630,1,0,30,30,0,0,DB,0,,,,,,,,,,,,,,,,,,,,,,,,,,,,,,,,,,,,,,,,,,,,,,,,,,,,,,,,,,,,,,,,,,,,,,,,,,,,,,,,,,,,,,,,,,,,,,,,,,,,,,,,,,,,,,,,,,,,,,,,,,,,,,,,0.0,146,81
2026-27,football,American Southwest Conference (ASC),asc,Schreiner,"Guardiola,Evan",Evan,Guardiola,,1355,"Guardiola,Evan","GUARDIOLA,EVAN",Schreiner,SCH,0,4,4,68,68,0,OL,0,0,,,,,,,,,,,,,,,,,,,,,,,,,,,,,,,,,,,,,,,,,,,,,,,,,,,,,,,,,,,,,,,,,,,,,,,,,,,,,,,,,,,,,,,,,,,,,,,,,,,,,,,,,,,,,,,,,,,,,,,,,,,,,,,,0.0,147,81
2026-27,football,American Southwest Conference (ASC),asc,Hardin-Simmons,"Hailey,Austin",Austin,Hailey,,271,"Hailey,Austin","HAILEY,AUSTIN",Hardin-Simmons,HSU,637-3881,1,0,81,81,0,WR,0,0,,,,,,,,,,,,,,,,,,,,,,,,,,,,,,,,,,,,,,,,,,,,,,,,,,,,,,,,,,,,,,,,,,,,,,,,,,,,,,,,,,,,,,,,,,,,,,,,,,,,,,,,,,,,,,,,,,,,,,,,,,,,,,,,0.0,148,81
2026-27,football,American Southwest Conference (ASC),asc,McMurry,"Hall,Tristen",Tristen,Hall,,8530,"Hall,Tristen","HALL,TRISTEN",McMurry,MCM,643-5536,2,0,88,88,0,TE,0,0,,,,,,,,,,,,,,,,,,,,,,,,,,,,,,,,,,,,,,,,,,,,,,,,,,,,,,,,,,,,,,,,,,,,,,,,,,,,,,,,,,,,,,,,,,,,,,,,,,,,,,,,,,,,,,,,,,,,,,,,,,,,,,,,0.0,149,81
2026-27,football,American Southwest Conference (ASC),asc,Hardin-Simmons,"Ham,Bode",Bode,Ham,,271,"Ham,Bode","HAM,BODE",Hardin-Simmons,HSU,637-3972,1,0,45,45,0,0,S,0,,,,,,,,,,,,,,,,,,,,,,,,,,,,,,,,,,,,,,,,,,,,,,,,,,,,,,,,,,,,,,,,,,,,,,,,,,,,,,,,,,,,,,,,,,,,,,,,,,,,,,,,,,,,,,,,,,,,,,,,,,,,,,,,0.0,150,81
2026-27,football,American Southwest Conference (ASC),asc,Hardin-Simmons,"Hargrove,Brant",Brant,Hargrove,,271,"Hargrove,Brant","HARGROVE,BRANT",Hardin-Simmons,HSU,637-3607,2,0,75,75,0,OL,0,0,,,,,,,,,,,,,,,,,,,,,,,,,,,,,,,,,,,,,,,,,,,,,,,,,,,,,,,,,,,,,,,,,,,,,,,,,,,,,,,,,,,,,,,,,,,,,,,,,,,,,,,,,,,,,,,,,,,,,,,,,,,,,,,,0.0,151,81
2026-27,football,American Southwest Conference (ASC),asc,Schreiner,"Harman,Logan",Logan,Harman,,1355,"Harman,Logan","HARMAN,LOGAN",Schreiner,SCH,0,2,0,67,67,0,OL,0,0,,,,,,,,,,,,,,,,,,,,,,,,,,,,,,,,,,,,,,,,,,,,,,,,,,,,,,,,,,,,,,,,,,,,,,,,,,,,,,,,,,,,,,,,,,,,,,,,,,,,,,,,,,,,,,,,,,,,,,,,,,,,,,,,0.0,152,81
2026-27,football,American Southwest Conference (ASC),asc,Mary Hardin-Baylor,"Harmon,Brett",Brett,Harmon,,1203,"Harmon,Brett","HARMON,BRETT",Mary Hardin-Baylor,UMHB,641-6584,2,2,65,65,0,OL,0,0,,,,,,,,,,,,,,,,,,,,,,,,,,,,,,,,,,,,,,,,,,,,,,,,,,,,,,,,,,,,,,,,,,,,,,,,,,,,,,,,,,,,,,,,,,,,,,,,,,,,,,,,,,,,,,,,,,,,,,,,,,,,,,,,0.0,153,80
2026-27,football,American Southwest Conference (ASC),asc,Mary Hardin-Baylor,"Hawkins,Jaylin",Jaylin,Hawkins,,1203,"Hawkins,Jaylin","HAWKINS,JAYLIN",Mary Hardin-Baylor,UMHB,641-6890,3,0,56,56,0,0,LB,0,,,,,,,,,,,,,,,,,,,,,,,,,,,,,,,,,,,,,,,,,,,,,,,,,,,,,,,,,,,,,,,,,,,,,,,,,,,,,,,,,,,,,,,,,,,,,,,,,,,,,,,,,,,,,,,,,,,,,,,,,,,,,,,,0.0,154,80
2026-27,football,American Southwest Conference (ASC),asc,McMurry,"Hayes,Jeremiah",Jeremiah,Hayes,,8530,"Hayes,Jeremiah","HAYES,JEREMIAH",McMurry,MCM,643-5748,2,1,76,76,0,OL,0,0,,,,,,,,,,,,,,,,,,,,,,,,,,,,,,,,,,,,,,,,,,,,,,,,,,,,,,,,,,,,,,,,,,,,,,,,,,,,,,,,,,,,,,,,,,,,,,,,,,,,,,,,,,,,,,,,,,,,,,,,,,,,,,,,0.0,155,80
2026-27,football,American Southwest Conference (ASC),asc,Schreiner,Henry Hughes,Henry,Hughes,,1355,Henry Hughes,"HUGHES,HENRY",Schreiner,SCH,0,2,0,80,80,0,0,0,0,,,,,,,,,,,,,,,,,,,,,,,,,,,,,,,,,,,,,,,,,,,,,,,,,,,,,,,,,,,,,,,,,,,,,,,,,,,,,,,,,,,,,,,,,,,,,,,,,,,,,,,,,,,,,,,,,,,,,,,,,,,,,,,,0.0,156,80
2026-27,football,American Southwest Conference (ASC),asc,East Texas Baptist,"Henry,Ashton",Ashton,Henry,,1062,"Henry,Ashton","HENRY,ASHTON",East Texas Baptist,ETB,636-5638,1,0,89,,0,WR,0,0,,,,,,,,,,,,,,,,,,,,,,,,,,,,,,,,,,,,,,,,,,,,,,,,,,,,,,,,,,,,,,,,,,,,,,,,,,,,,,,,,,,,,,,,,,,,,,,,,,,,,,,,,,,,,,,,,,,,,,,,,,,,,,,,0.0,157,80
2026-27,football,American Southwest Conference (ASC),asc,Schreiner,"Holladay,Davis",Davis,Holladay,,1355,"Holladay,Davis","HOLLADAY,DAVIS",Schreiner,SCH,0,1,0,35,35,0,0,DB,0,,,,,,,,,,,,,,,,,,,,,,,,,,,,,,,,,,,,,,,,,,,,,,,,,,,,,,,,,,,,,,,,,,,,,,,,,,,,,,,,,,,,,,,,,,,,,,,,,,,,,,,,,,,,,,,,,,,,,,,,,,,,,,,,0.0,158,80
2026-27,football,American Southwest Conference (ASC),asc,East Texas Baptist,"Huber,Brayden",Brayden,Huber,,1062,"Huber,Brayden","HUBER,BRAYDEN",East Texas Baptist,ETB,636-4635,1,0,57,57,0,0,0,0,,,,,,,,,,,,,,,,,,,,,,,,,,,,,,,,,,,,,,,,,,,,,,,,,,,,,,,,,,,,,,,,,,,,,,,,,,,,,,,,,,,,,,,,,,,,,,,,,,,,,,,,,,,,,,,,,,,,,,,,,,,,,,,,0.0,159,80
2026-27,football,American Southwest Conference (ASC),asc,Schreiner,"Jackson,Maximus",Maximus,Jackson,,1355,"Jackson,Maximus","JACKSON,MAXIMUS",Schreiner,SCH,0,4,4,66,5J,0,OL,0,0,,,,,,,,,,,,,,,,,,,,,,,,,,,,,,,,,,,,,,,,,,,,,,,,,,,,,,,,,,,,,,,,,,,,,,,,,,,,,,,,,,,,,,,,,,,,,,,,,,,,,,,,,,,,,,,,,,,,,,,,,,,,,,,,0.0,160,80
2026-27,football,American Southwest Conference (ASC),asc,Howard Payne,"Jaimes,Adam",Adam,Jaimes,,2741,"Jaimes,Adam","JAIMES,ADAM",Howard Payne,HPU,639-3749,1,0,65,65,0,OL,0,0,,,,,,,,,,,,,,,,,,,,,,,,,,,,,,,,,,,,,,,,,,,,,,,,,,,,,,,,,,,,,,,,,,,,,,,,,,,,,,,,,,,,,,,,,,,,,,,,,,,,,,,,,,,,,,,,,,,,,,,,,,,,,,,,0.0,161,80
2026-27,football,American Southwest Conference (ASC),asc,East Texas Baptist,"Johnson,Josiah",Josiah,Johnson,,1062,"Johnson,Josiah","JOHNSON,JOSIAH",East Texas Baptist,ETB,636-5002,1,0,68,68,0,OL,0,0,,,,,,,,,,,,,,,,,,,,,,,,,,,,,,,,,,,,,,,,,,,,,,,,,,,,,,,,,,,,,,,,,,,,,,,,,,,,,,,,,,,,,,,,,,,,,,,,,,,,,,,,,,,,,,,,,,,,,,,,,,,,,,,,0.0,162,80
2026-27,football,American Southwest Conference (ASC),asc,Hardin-Simmons,"Johnson,Nick",Nick,Johnson,,271,"Johnson,Nick","JOHNSON,NICK",Hardin-Simmons,HSU,637-3885,1,0,97,97,0,0,DT,0,,,,,,,,,,,,,,,,,,,,,,,,,,,,,,,,,,,,,,,,,,,,,,,,,,,,,,,,,,,,,,,,,,,,,,,,,,,,,,,,,,,,,,,,,,,,,,,,,,,,,,,,,,,,,,,,,,,,,,,,,,,,,,,,0.0,163,79
2026-27,football,American Southwest Conference (ASC),asc,East Texas Baptist,"Jolly,Devon",Devon,Jolly,,1062,"Jolly,Devon","JOLLY,DEVON",East Texas Baptist,ETB,636-4189,4,4,71,71,0,OL,0,0,,,,,,,,,,,,,,,,,,,,,,,,,,,,,,,,,,,,,,,,,,,,,,,,,,,,,,,,,,,,,,,,,,,,,,,,,,,,,,,,,,,,,,,,,,,,,,,,,,,,,,,,,,,,,,,,,,,,,,,,,,,,,,,,0.0,164,79
2026-27,football,American Southwest Conference (ASC),asc,Schreiner,Jonah Kalu,Jonah,Kalu,,1355,Jonah Kalu,"KALU,JONAH",Schreiner,SCH,0,1,1,94,94,0,0,DL,0,,,,,,,,,,,,,,,,,,,,,,,,,,,,,,,,,,,,,,,,,,,,,,,,,,,,,,,,,,,,,,,,,,,,,,,,,,,,,,,,,,,,,,,,,,,,,,,,,,,,,,,,,,,,,,,,,,,,,,,,,,,,,,,,0.0,165,79
2026-27,football,American Southwest Conference (ASC),asc,Schreiner,"Justice,Jaquan",Jaquan,Justice,,1355,"Justice,Jaquan","JUSTICE,JAQUAN",Schreiner,SCH,0,4,4,76,76,0,OL,0,0,,,,,,,,,,,,,,,,,,,,,,,,,,,,,,,,,,,,,,,,,,,,,,,,,,,,,,,,,,,,,,,,,,,,,,,,,,,,,,,,,,,,,,,,,,,,,,,,,,,,,,,,,,,,,,,,,,,,,,,,,,,,,,,,0.0,166,79
2026-27,football,American Southwest Conference (ASC),asc,East Texas Baptist,"Kruger,Justin",Justin,Kruger,,1062,"Kruger,Justin","KRUGER,JUSTIN",East Texas Baptist,ETB,636-5652,4,4,72,72,0,OL,0,0,,,,,,,,,,,,,,,,,,,,,,,,,,,,,,,,,,,,,,,,,,,,,,,,,,,,,,,,,,,,,,,,,,,,,,,,,,,,,,,,,,,,,,,,,,,,,,,,,,,,,,,,,,,,,,,,,,,,,,,,,,,,,,,,0.0,167,79
2026-27,football,American Southwest Conference (ASC),asc,Hardin-Simmons,"Landin,Zander",Zander,Landin,,271,"Landin,Zander","LANDIN,ZANDER",Hardin-Simmons,HSU,637-3190,1,0,66,66,0,OT,0,0,,,,,,,,,,,,,,,,,,,,,,,,,,,,,,,,,,,,,,,,,,,,,,,,,,,,,,,,,,,,,,,,,,,,,,,,,,,,,,,,,,,,,,,,,,,,,,,,,,,,,,,,,,,,,,,,,,,,,,,,,,,,,,,,0.0,168,79
2026-27,football,American Southwest Conference (ASC),asc,Hardin-Simmons,"Lard,Donivin",Donivin,Lard,,271,"Lard,Donivin","LARD,DONIVIN",Hardin-Simmons,HSU,637-3991,1,0,83,83,0,WR,0,0,,,,,,,,,,,,,,,,,,,,,,,,,,,,,,,,,,,,,,,,,,,,,,,,,,,,,,,,,,,,,,,,,,,,,,,,,,,,,,,,,,,,,,,,,,,,,,,,,,,,,,,,,,,,,,,,,,,,,,,,,,,,,,,,0.0,169,79
2026-27,football,American Southwest Conference (ASC),asc,Howard Payne,Lincoln Royce,Lincoln,Royce,,2741,Lincoln Royce,"ROYCE,LINCOLN",Howard Payne,HPU,639-3883,1,0,40,40,0,0,0,0,,,,,,,,,,,,,,,,,,,,,,,,,,,,,,,,,,,,,,,,,,,,,,,,,,,,,,,,,,,,,,,,,,,,,,,,,,,,,,,,,,,,,,,,,,,,,,,,,,,,,,,,,,,,,,,,,,,,,,,,,,,,,,,,0.0,170,79
2026-27,football,American Southwest Conference (ASC),asc,East Texas Baptist,"Lynch,Rashad",Rashad,Lynch,,1062,"Lynch,Rashad","LYNCH,RASHAD",East Texas Baptist,ETB,636-5546,2,2,75,75,0,OL,0,0,,,,,,,,,,,,,,,,,,,,,,,,,,,,,,,,,,,,,,,,,,,,,,,,,,,,,,,,,,,,,,,,,,,,,,,,,,,,,,,,,,,,,,,,,,,,,,,,,,,,,,,,,,,,,,,,,,,,,,,,,,,,,,,,0.0,171,79
2026-27,football,American Southwest Conference (ASC),asc,East Texas Baptist,"Mankins,Elijah",Elijah,Mankins,,1062,"Mankins,Elijah","MANKINS,ELIJAH",East Texas Baptist,ETB,636-4644,2,0,55,55,0,OL,0,0,,,,,,,,,,,,,,,,,,,,,,,,,,,,,,,,,,,,,,,,,,,,,,,,,,,,,,,,,,,,,,,,,,,,,,,,,,,,,,,,,,,,,,,,,,,,,,,,,,,,,,,,,,,,,,,,,,,,,,,,,,,,,,,,0.0,172,79
2026-27,football,American Southwest Conference (ASC),asc,East Texas Baptist,"Manning,Kylin",Kylin,Manning,,1062,"Manning,Kylin","MANNING,KYLIN",East Texas Baptist,ETB,636-5549,1,0,64,64,0,OL,0,0,,,,,,,,,,,,,,,,,,,,,,,,,,,,,,,,,,,,,,,,,,,,,,,,,,,,,,,,,,,,,,,,,,,,,,,,,,,,,,,,,,,,,,,,,,,,,,,,,,,,,,,,,,,,,,,,,,,,,,,,,,,,,,,,0.0,173,78
2026-27,football,American Southwest Conference (ASC),asc,Schreiner,Mason Madtes,Mason,Madtes,,1355,Mason Madtes,"MADTES,MASON",Schreiner,SCH,0,1,0,49,49,0,0,0,0,,,,,,,,,,,,,,,,,,,,,,,,,,,,,,,,,,,,,,,,,,,,,,,,,,,,,,,,,,,,,,,,,,,,,,,,,,,,,,,,,,,,,,,,,,,,,,,,,,,,,,,,,,,,,,,,,,,,,,,,,,,,,,,,0.0,174,78
2026-27,football,American Southwest Conference (ASC),asc,East Texas Baptist,"Mason,Travis",Travis,Mason,,1062,"Mason,Travis","MASON,TRAVIS",East Texas Baptist,ETB,636-4198,3,0,56,56,0,OL,0,0,,,,,,,,,,,,,,,,,,,,,,,,,,,,,,,,,,,,,,,,,,,,,,,,,,,,,,,,,,,,,,,,,,,,,,,,,,,,,,,,,,,,,,,,,,,,,,,,,,,,,,,,,,,,,,,,,,,,,,,,,,,,,,,,0.0,175,78
2026-27,football,American Southwest Conference (ASC),asc,Mary Hardin-Baylor,"Mathis,Rylan",Rylan,Mathis,,1203,"Mathis,Rylan","MATHIS,RYLAN",Mary Hardin-Baylor,UMHB,641-6989,3,2,59,59,0,OL,0,0,,,,,,,,,,,,,,,,,,,,,,,,,,,,,,,,,,,,,,,,,,,,,,,,,,,,,,,,,,,,,,,,,,,,,,,,,,,,,,,,,,,,,,,,,,,,,,,,,,,,,,,,,,,,,,,,,,,,,,,,,,,,,,,,0.0,176,78
2026-27,football,American Southwest Conference (ASC),asc,East Texas Baptist,"May, Jr.,Cedric","Jr.,Cedric",May,,1062,"May, Jr.,Cedric","MAY, JR.,CEDRIC",East Texas Baptist,ETB,636-4645,1,0,92,92,0,0,DL,0,,,,,,,,,,,,,,,,,,,,,,,,,,,,,,,,,,,,,,,,,,,,,,,,,,,,,,,,,,,,,,,,,,,,,,,,,,,,,,,,,,,,,,,,,,,,,,,,,,,,,,,,,,,,,,,,,,,,,,,,,,,,,,,,0.0,177,78
2026-27,football,American Southwest Conference (ASC),asc,Hardin-Simmons,"McAfee,Mike",Mike,McAfee,,271,"McAfee,Mike","MCAFEE,MIKE",Hardin-Simmons,HSU,637-3175,2,1,77,77,0,OT,0,0,,,,,,,,,,,,,,,,,,,,,,,,,,,,,,,,,,,,,,,,,,,,,,,,,,,,,,,,,,,,,,,,,,,,,,,,,,,,,,,,,,,,,,,,,,,,,,,,,,,,,,,,,,,,,,,,,,,,,,,,,,,,,,,,0.0,178,78
2026-27,football,American Southwest Conference (ASC),asc,Hardin-Simmons,"McClure,Brody",Brody,McClure,,271,"McClure,Brody","MCCLURE,BRODY",Hardin-Simmons,HSU,637-3147,2,0,20,20,0,0,LB,0,,,,,,,,,,,,,,,,,,,,,,,,,,,,,,,,,,,,,,,,,,,,,,,,,,,,,,,,,,,,,,,,,,,,,,,,,,,,,,,,,,,,,,,,,,,,,,,,,,,,,,,,,,,,,,,,,,,,,,,,,,,,,,,,0.0,179,78
2026-27,football,American Southwest Conference (ASC),asc,Howard Payne,"Mendez,Javier",Javier,Mendez,,2741,"Mendez,Javier","MENDEZ,JAVIER",Howard Payne,HPU,639-3372,3,3,73,73,0,OL,0,0,,,,,,,,,,,,,,,,,,,,,,,,,,,,,,,,,,,,,,,,,,,,,,,,,,,,,,,,,,,,,,,,,,,,,,,,,,,,,,,,,,,,,,,,,,,,,,,,,,,,,,,,,,,,,,,,,,,,,,,,,,,,,,,,0.0,180,78
2026-27,football,American Southwest Conference (ASC),asc,Hardin-Simmons,"Meyers,Phillip",Phillip,Meyers,,271,"Meyers,Phillip","MEYERS,PHILLIP",Hardin-Simmons,HSU,637-3422,2,0,31,31,0,0,LB,0,,,,,,,,,,,,,,,,,,,,,,,,,,,,,,,,,,,,,,,,,,,,,,,,,,,,,,,,,,,,,,,,,,,,,,,,,,,,,,,,,,,,,,,,,,,,,,,,,,,,,,,,,,,,,,,,,,,,,,,,,,,,,,,,0.0,181,78
2026-27,football,American Southwest Conference (ASC),asc,McMurry,"Morrow,Bryson",Bryson,Morrow,,8530,"Morrow,Bryson","MORROW,BRYSON",McMurry,MCM,643-6272,2,0,54,54,0,0,LB,0,,,,,,,,,,,,,,,,,,,,,,,,,,,,,,,,,,,,,,,,,,,,,,,,,,,,,,,,,,,,,,,,,,,,,,,,,,,,,,,,,,,,,,,,,,,,,,,,,,,,,,,,,,,,,,,,,,,,,,,,,,,,,,,,0.0,182,77
2026-27,football,American Southwest Conference (ASC),asc,McMurry,"Moss,Aiden",Aiden,Moss,,8530,"Moss,Aiden","MOSS,AIDEN",McMurry,MCM,643-6273,1,0,64,64,0,OL,0,0,,,,,,,,,,,,,,,,,,,,,,,,,,,,,,,,,,,,,,,,,,,,,,,,,,,,,,,,,,,,,,,,,,,,,,,,,,,,,,,,,,,,,,,,,,,,,,,,,,,,,,,,,,,,,,,,,,,,,,,,,,,,,,,,0.0,183,77
2026-27,football,American Southwest Conference (ASC),asc,McMurry,"Painter,Owen",Owen,Painter,,8530,"Painter,Owen","PAINTER,OWEN",McMurry,MCM,643-5512,2,0,47,47,0,0,0,0,,,,,,,,,,,,,,,,,,,,,,,,,,,,,,,,,,,,,,,,,,,,,,,,,,,,,,,,,,,,,,,,,,,,,,,,,,,,,,,,,,,,,,,,,,,,,,,,,,,,,,,,,,,,,,,,,,,,,,,3,174,0,0,58.0,,,,,0.0,184,77
2026-27,football,American Southwest Conference (ASC),asc,Hardin-Simmons,"Patek,Brandt",Brandt,Patek,,271,"Patek,Brandt","PATEK,BRANDT",Hardin-Simmons,HSU,637-3429,1,0,42,42,0,0,LB,0,,,,,,,,,,,,,,,,,,,,,,,,,,,,,,,,,,,,,,,,,,,,,,,,,,,,,,,,,,,,,,,,,,,,,,,,,,,,,,,,,,,,,,,,,,,,,,,,,,,,,,,,,,,,,,,,,,,,,,,,,,,,,,,,0.0,185,77
2026-27,football,American Southwest Conference (ASC),asc,Mary Hardin-Baylor,"Peacock,Mason",Mason,Peacock,,1203,"Peacock,Mason","PEACOCK,MASON",Mary Hardin-Baylor,UMHB,641-5093,2,0,87,87,0,TE,0,0,,,,,,,,,,,,,,,,,,,,,,,,,,,,,,,,,,,,,,,,,,,,,,,,,,,,,,,,,,,,,,,,,,,,,,,,,,,,,,,,,,,,,,,,,,,,,,,,,,,,,,,,,,,,,,,,,,,,,,,,,,,,,,,,0.0,186,77
2026-27,football,American Southwest Conference (ASC),asc,Hardin-Simmons,"Reyes,JoJo",JoJo,Reyes,,271,"Reyes,JoJo","REYES,JOJO",Hardin-Simmons,HSU,637-3173,2,2,67,67,0,OT,0,0,,,,,,,,,,,,,,,,,,,,,,,,,,,,,,,,,,,,,,,,,,,,,,,,,,,,,,,,,,,,,,,,,,,,,,,,,,,,,,,,,,,,,,,,,,,,,,,,,,,,,,,,,,,,,,,,,,,,,,,,,,,,,,,,0.0,187,77
2026-27,football,American Southwest Conference (ASC),asc,McMurry,"Reynolds,Brayden",Brayden,Reynolds,,8530,"Reynolds,Brayden","REYNOLDS,BRAYDEN",McMurry,MCM,643-6031,4,4,60,60,0,OL,0,0,,,,,,,,,,,,,,,,,,,,,,,,,,,,,,,,,,,,,,,,,,,,,,,,,,,,,,,,,,,,,,,,,,,,,,,,,,,,,,,,,,,,,,,,,,,,,,,,,,,,,,,,,,,,,,,,,,,,,,,,,,,,,,,,0.0,188,77
2026-27,football,American Southwest Conference (ASC),asc,Mary Hardin-Baylor,"Riveros,Manny",Manny,Riveros,,1203,"Riveros,Manny","RIVEROS,MANNY",Mary Hardin-Baylor,UMHB,641-6652,1,0,74,74,0,OL,0,0,,,,,,,,,,,,,,,,,,,,,,,,,,,,,,,,,,,,,,,,,,,,,,,,,,,,,,,,,,,,,,,,,,,,,,,,,,,,,,,,,,,,,,,,,,,,,,,,,,,,,,,,,,,,,,,,,,,,,,,,,,,,,,,,0.0,189,77
2026-27,football,American Southwest Conference (ASC),asc,Hardin-Simmons,"Rodriguez,Nate",Nate,Rodriguez,,271,"Rodriguez,Nate","RODRIGUEZ,NATE",Hardin-Simmons,HSU,637-3197,2,2,79,79,0,OG,0,0,,,,,,,,,,,,,,,,,,,,,,,,,,,,,,,,,,,,,,,,,,,,,,,,,,,,,,,,,,,,,,,,,,,,,,,,,,,,,,,,,,,,,,,,,,,,,,,,,,,,,,,,,,,,,,,,,,,,,,,,,,,,,,,,0.0,190,77
2026-27,football,American Southwest Conference (ASC),asc,McMurry,"Rodriguez,Rhyzaya",Rhyzaya,Rodriguez,,8530,"Rodriguez,Rhyzaya","RODRIGUEZ,RHYZAYA",McMurry,MCM,643-6037,1,0,26,26,0,WR,0,0,,,,,,,,,,,,,,,,,,,,,,,,,,,,,,,,,,,,,,,,,,,,,,,,,,,,,,,,,,,,,,,,,,,,,,,,,,,,,,,,,,,,,,,,,,,,,,,,,,,,,,,,,,,,,,,,,,,,,,,,,,,,,,,,0.0,191,77
2026-27,football,American Southwest Conference (ASC),asc,East Texas Baptist,"Sargent,David",David,Sargent,,1062,"Sargent,David","SARGENT,DAVID",East Texas Baptist,ETB,636-5583,3,2,74,74,0,OL,0,0,,,,,,,,,,,,,,,,,,,,,,,,,,,,,,,,,,,,,,,,,,,,,,,,,,,,,,,,,,,,,,,,,,,,,,,,,,,,,,,,,,,,,,,,,,,,,,,,,,,,,,,,,,,,,,,,,,,,,,,,,,,,,,,,0.0,192,76
2026-27,football,American Southwest Conference (ASC),asc,Hardin-Simmons,"Scott,Tank",Tank,Scott,,271,"Scott,Tank","SCOTT,TANK",Hardin-Simmons,HSU,637-3947,1,0,28,28,0,RB,0,0,,,,,,,,,,,,,,,,,,,,,,,,,,,,,,,,,,,,,,,,,,,,,,,,,,,,,,,,,,,,,,,,,,,,,,,,,,,,,,,,,,,,,,,,,,,,,,,,,,,,,,,,,,,,,,,,,,,,,,,,,,,,,,,,0.0,193,76
2026-27,football,American Southwest Conference (ASC),asc,McMurry,"Sedlacek,Slyder",Slyder,Sedlacek,,8530,"Sedlacek,Slyder","SEDLACEK,SLYDER",McMurry,MCM,643-6040,1,0,67,67,0,OL,0,0,,,,,,,,,,,,,,,,,,,,,,,,,,,,,,,,,,,,,,,,,,,,,,,,,,,,,,,,,,,,,,,,,,,,,,,,,,,,,,,,,,,,,,,,,,,,,,,,,,,,,,,,,,,,,,,,,,,,,,,,,,,,,,,,0.0,194,76
2026-27,football,American Southwest Conference (ASC),asc,Howard Payne,"Shamlin,Jaxson",Jaxson,Shamlin,,2741,"Shamlin,Jaxson","SHAMLIN,JAXSON",Howard Payne,HPU,639-3367,1,1,76,76,0,OL,0,0,,,,,,,,,,,,,,,,,,,,,,,,,,,,,,,,,,,,,,,,,,,,,,,,,,,,,,,,,,,,,,,,,,,,,,,,,,,,,,,,,,,,,,,,,,,,,,,,,,,,,,,,,,,,,,,,,,,,,,,,,,,,,,,,0.0,195,76
2026-27,football,American Southwest Conference (ASC),asc,East Texas Baptist,"Shannon,Ty",Ty,Shannon,,1062,"Shannon,Ty","SHANNON,TY",East Texas Baptist,ETB,636-5035,1,0,60,60,0,OL,0,0,,,,,,,,,,,,,,,,,,,,,,,,,,,,,,,,,,,,,,,,,,,,,,,,,,,,,,,,,,,,,,,,,,,,,,,,,,,,,,,,,,,,,,,,,,,,,,,,,,,,,,,,,,,,,,,,,,,,,,,,,,,,,,,,0.0,196,76
2026-27,football,American Southwest Conference (ASC),asc,East Texas Baptist,"Shaw-Mathis,Chase",Chase,Shaw-Mathis,,1062,"Shaw-Mathis,Chase","SHAW-MATHIS,CHASE",East Texas Baptist,ETB,636-5587,4,2,62,62,0,OL,0,0,,,,,,,,,,,,,,,,,,,,,,,,,,,,,,,,,,,,,,,,,,,,,,,,,,,,,,,,,,,,,,,,,,,,,,,,,,,,,,,,,,,,,,,,,,,,,,,,,,,,,,,,,,,,,,,,,,,,,,,,,,,,,,,,0.0,197,76
2026-27,football,American Southwest Conference (ASC),asc,Schreiner,"Silguero,Luke",Luke,Silguero,,1355,"Silguero,Luke","SILGUERO,LUKE",Schreiner,SCH,0,3,0,72,7S,0,0,0,0,,,,,,,,,,,,,,,,,,,,,,,,,,,,,,,,,,,,,,,,,,,,,,,,,,,,,,,,,,,,,,,,,,,,,,,,,,,,,,,,,,,,,,,,,,,,,,,,,,,,,,,,,,,,,,,,,,,,,,,,,,,,,,,,0.0,198,76
2026-27,football,American Southwest Conference (ASC),asc,Hardin-Simmons,"Singh,Jose",Jose,Singh,,271,"Singh,Jose","SINGH,JOSE",Hardin-Simmons,HSU,637-1580,1,0,68,68,0,OT,0,0,,,,,,,,,,,,,,,,,,,,,,,,,,,,,,,,,,,,,,,,,,,,,,,,,,,,,,,,,,,,,,,,,,,,,,,,,,,,,,,,,,,,,,,,,,,,,,,,,,,,,,,,,,,,,,,,,,,,,,,,,,,,,,,,0.0,199,76
2026-27,football,American Southwest Conference (ASC),asc,Howard Payne,"Smith,Cutter",Cutter,Smith,,2741,"Smith,Cutter","SMITH,CUTTER",Howard Payne,HPU,639-3114,3,3,61,61,0,OL,0,0,,,,,,,,,,,,,,,,,,,,,,,,,,,,,,,,,,,,,,,,,,,,,,,,,,,,,,,,,,,,,,,,,,,,,,,,,,,,,,,,,,,,,,,,,,,,,,,,,,,,,,,,,,,,,,,,,,,,,,,,,,,,,,,,0.0,200,76
2026-27,football,American Southwest Conference (ASC),asc,East Texas Baptist,"Smith,Destin",Destin,Smith,,1062,"Smith,Destin","SMITH,DESTIN",East Texas Baptist,ETB,636-4210,4,4,73,73,0,OL,0,0,,,,,,,,,,,,,,,,,,,,,,,,,,,,,,,,,,,,,,,,,,,,,,,,,,,,,,,,,,,,,,,,,,,,,,,,,,,,,,,,,,,,,,,,,,,,,,,,,,,,,,,,,,,,,,,,,,,,,,,,,,,,,,,,0.0,201,76
2026-27,football,American Southwest Conference (ASC),asc,McMurry,"Springfield,Wade",Wade,Springfield,,8530,"Springfield,Wade","SPRINGFIELD,WADE",McMurry,MCM,643-5528,1,0,74,74,0,OL,0,0,,,,,,,,,,,,,,,,,,,,,,,,,,,,,,,,,,,,,,,,,,,,,,,,,,,,,,,,,,,,,,,,,,,,,,,,,,,,,,,,,,,,,,,,,,,,,,,,,,,,,,,,,,,,,,,,,,,,,,,,,,,,,,,,0.0,202,75
2026-27,football,American Southwest Conference (ASC),asc,McMurry,"Stevens,James",James,Stevens,,8530,"Stevens,James","STEVENS,JAMES",McMurry,MCM,643-6282,0,0,75,75,0,OL,0,0,,,,,,,,,,,,,,,,,,,,,,,,,,,,,,,,,,,,,,,,,,,,,,,,,,,,,,,,,,,,,,,,,,,,,,,,,,,,,,,,,,,,,,,,,,,,,,,,,,,,,,,,,,,,,,,,,,,,,,,,,,,,,,,,0.0,203,75
2026-27,football,American Southwest Conference (ASC),asc,East Texas Baptist,"Swaim,Brody",Brody,Swaim,,1062,"Swaim,Brody","SWAIM,BRODY",East Texas Baptist,ETB,636-5597,1,0,76,76,0,OL,0,0,,,,,,,,,,,,,,,,,,,,,,,,,,,,,,,,,,,,,,,,,,,,,,,,,,,,,,,,,,,,,,,,,,,,,,,,,,,,,,,,,,,,,,,,,,,,,,,,,,,,,,,,,,,,,,,,,,,,,,,,,,,,,,,,0.0,204,75
2026-27,football,American Southwest Conference (ASC),asc,East Texas Baptist,"Tatum,Barron",Barron,Tatum,,1062,"Tatum,Barron","TATUM,BARRON",East Texas Baptist,ETB,636-5603,1,0,54,54,0,0,DL,0,,,,,,,,,,,,,,,,,,,,,,,,,,,,,,,,,,,,,,,,,,,,,,,,,,,,,,,,,,,,,,,,,,,,,,,,,,,,,,,,,,,,,,,,,,,,,,,,,,,,,,,,,,,,,,,,,,,,,,,,,,,,,,,,0.0,205,75
2026-27,football,American Southwest Conference (ASC),asc,McMurry,"Thomas,Zach",Zach,Thomas,,8530,"Thomas,Zach","THOMAS,ZACH",McMurry,MCM,643-5781,4,4,52,52,0,OL,0,0,,,,,,,,,,,,,,,,,,,,,,,,,,,,,,,,,,,,,,,,,,,,,,,,,,,,,,,,,,,,,,,,,,,,,,,,,,,,,,,,,,,,,,,,,,,,,,,,,,,,,,,,,,,,,,,,,,,,,,,,,,,,,,,,0.0,206,75
2026-27,football,American Southwest Conference (ASC),asc,Mary Hardin-Baylor,"Toala Jr.,Setu",Setu,Toala Jr.,,1203,"Toala Jr.,Setu","TOALA JR.,SETU",Mary Hardin-Baylor,UMHB,641-6283,1,1,66,66,0,OL,0,0,,,,,,,,,,,,,,,,,,,,,,,,,,,,,,,,,,,,,,,,,,,,,,,,,,,,,,,,,,,,,,,,,,,,,,,,,,,,,,,,,,,,,,,,,,,,,,,,,,,,,,,,,,,,,,,,,,,,,,,,,,,,,,,,0.0,207,75
2026-27,football,American Southwest Conference (ASC),asc,Mary Hardin-Baylor,"Toon,Cayden",Cayden,Toon,,1203,"Toon,Cayden","TOON,CAYDEN",Mary Hardin-Baylor,UMHB,641-6952,1,1,75,75,0,OL,0,0,,,,,,,,,,,,,,,,,,,,,,,,,,,,,,,,,,,,,,,,,,,,,,,,,,,,,,,,,,,,,,,,,,,,,,,,,,,,,,,,,,,,,,,,,,,,,,,,,,,,,,,,,,,,,,,,,,,,,,,,,,,,,,,,0.0,208,75
2026-27,football,American Southwest Conference (ASC),asc,Schreiner,"Torres,Isaac",Isaac,Torres,,1355,"Torres,Isaac","TORRES,ISAAC",Schreiner,SCH,0,1,0,19,1I,0,WR,0,0,,,,,,,,,,,,,,,,,,,,,,,,,,,,,,,,,,,,,,,,,,,,,,,,,,,,,,,,,,,,,,,,,,,,,,,,,,,,,,,,,,,,,,,,,,,,,,,,,,,,,,,,,,,,,,,,,,,,,,,,,,,,,,,,0.0,209,75
2026-27,football,American Southwest Conference (ASC),asc,Schreiner,Tory Iles,Tory,Iles,,1355,Tory Iles,"ILES,TORY",Schreiner,SCH,0,1,0,52,52,0,0,0,0,,,,,,,,,,,,,,,,,,,,,,,,,,,,,,,,,,,,,,,,,,,,,,,,,,,,,,,,,,,,,,,,,,,,,,,,,,,,,,,,,,,,,,,,,,,,,,,,,,,,,,,,,,,,,,,,,,,,,,,,,,,,,,,,0.0,210,75
2026-27,football,American Southwest Conference (ASC),asc,Schreiner,Vincent Reyes,Vincent,Reyes,,1355,Vincent Reyes,"REYES,VINCENT",Schreiner,SCH,0,1,0,1Z,1Z,0,0,0,0,,,,,,,,,,,,,,,,,,,,,,,,,,,,,,,,,,,,,,,,,,,,,,,,,,,,,,,,,,,,,,,,,,,,,,,,,,,,,,,,,,,,,,,,,,,,,,,,,,,,,,,,,,,,,,,,,,,,,,,,,,,,,,,,0.0,211,74
2026-27,football,American Southwest Conference (ASC),asc,Howard Payne,"Wachtendorf,Tyler",Tyler,Wachtendorf,,2741,"Wachtendorf,Tyler","WACHTENDORF,TYLER",Howard Payne,HPU,639-3371,3,3,60,60,0,OL,0,0,,,,,,,,,,,,,,,,,,,,,,,,,,,,,,,,,,,,,,,,,,,,,,,,,,,,,,,,,,,,,,,,,,,,,,,,,,,,,,,,,,,,,,,,,,,,,,,,,,,,,,,,,,,,,,,,,,,,,,,,,,,,,,,,0.0,212,74
2026-27,football,American Southwest Conference (ASC),asc,McMurry,"Warren,Noah",Noah,Warren,,8530,"Warren,Noah","WARREN,NOAH",McMurry,MCM,643-5785,2,0,85,85,0,TE,0,0,,,,,,,,,,,,,,,,,,,,,,,,,,,,,,,,,,,,,,,,,,,,,,,,,,,,,,,,,,,,,,,,,,,,,,,,,,,,,,,,,,,,,,,,,,,,,,,,,,,,,,,,,,,,,,,,,,,,,,,,,,,,,,,,0.0,213,74
2026-27,football,American Southwest Conference (ASC),asc,Mary Hardin-Baylor,"Watkins,Emmanuel",Emmanuel,Watkins,,1203,"Watkins,Emmanuel","WATKINS,EMMANUEL",Mary Hardin-Baylor,UMHB,641-7001,3,3,64,64,0,OL,0,0,,,,,,,,,,,,,,,,,,,,,,,,,,,,,,,,,,,,,,,,,,,,,,,,,,,,,,,,,,,,,,,,,,,,,,,,,,,,,,,,,,,,,,,,,,,,,,,,,,,,,,,,,,,,,,,,,,,,,,,,,,,,,,,,0.0,214,74
2026-27,football,American Southwest Conference (ASC),asc,McMurry,"White,Kylen",Kylen,White,,8530,"White,Kylen","WHITE,KYLEN",McMurry,MCM,643-6054,1,0,27,27,0,0,LB,0,,,,,,,,,,,,,,,,,,,,,,,,,,,,,,,,,,,,,,,,,,,,,,,,,,,,,,,,,,,,,,,,,,,,,,,,,,,,,,,,,,,,,,,,,,,,,,,,,,,,,,,,,,,,,,,,,,,,,,,,,,,,,,,,0.0,215,74
2026-27,football,American Southwest Conference (ASC),asc,Mary Hardin-Baylor,"Willie,Ryder",Ryder,Willie,,1203,"Willie,Ryder","WILLIE,RYDER",Mary Hardin-Baylor,UMHB,641-6686,2,0,88,88,0,TE,0,0,,,,,,,,,,,,,,,,,,,,,,,,,,,,,,,,,,,,,,,,,,,,,,,,,,,,,,,,,,,,,,,,,,,,,,,,,,,,,,,,,,,,,,,,,,,,,,,,,,,,,,,,,,,,,,,,,,,,,,,,,,,,,,,,0.0,216,74
2026-27,football,American Southwest Conference (ASC),asc,Mary Hardin-Baylor,"Willingham,Kyle",Kyle,Willingham,,1203,"Willingham,Kyle","WILLINGHAM,KYLE",Mary Hardin-Baylor,UMHB,641-6296,3,3,73,63,0,OL,0,0,,,,,,,,,,,,,,,,,,,,,,,,,,,,,,,,,,,,,,,,,,,,,,,,,,,,,,,,,,,,,,,,,,,,,,,,,,,,,,,,,,,,,,,,,,,,,,,,,,,,,,,,,,,,,,,,,,,,,,,,,,,,,,,,0.0,217,74
2026-27,football,American Southwest Conference (ASC),asc,Hardin-Simmons,"Willis,Micah",Micah,Willis,,271,"Willis,Micah","WILLIS,MICAH",Hardin-Simmons,HSU,637-3638,2,1,64,64,0,OL,0,0,,,,,,,,,,,,,,,,,,,,,,,,,,,,,,,,,,,,,,,,,,,,,,,,,,,,,,,,,,,,,,,,,,,,,,,,,,,,,,,,,,,,,,,,,,,,,,,,,,,,,,,,,,,,,,,,,,,,,,,,,,,,,,,,0.0,218,74
2026-27,football,American Southwest Conference (ASC),asc,McMurry,"Wright,Antwoine",Antwoine,Wright,,8530,"Wright,Antwoine","WRIGHT,ANTWOINE",McMurry,MCM,643-6059,2,0,55,55,0,OL,0,0,,,,,,,,,,,,,,,,,,,,,,,,,,,,,,,,,,,,,,,,,,,,,,,,,,,,,,,,,,,,,,,,,,,,,,,,,,,,,,,,,,,,,,,,,,,,,,,,,,,,,,,,,,,,,,,,,,,,,,,,,,,,,,,,0.0,219,74
2026-27,football,American Southwest Conference (ASC),asc,East Texas Baptist,"Motley,Javonte",Javonte,Motley,,1062,"Motley,Javonte","MOTLEY,JAVONTE",East Texas Baptist,ETB,636-5558,4,1,36,36,0,0,DB,0,,,,,,,,,,,,,,,,,,,0,9,4,13,13,.0,.0,.0,0,0,0,0,0,0,0,0,0,0,0,0,0,0,0,0,,,,,,,,,,,,,,,,,,,,,,,,,,,,,,,,,,,,,,,,,,,,,,,,,,,,,,,,,,,,,,,,,,,,,,,,,,,,,,,,,,,,,,-0.031134464538746992,220,74
2026-27,football,American Southwest Conference (ASC),asc,Schreiner,Tristan Wilson,Tristan,Wilson,,1355,Tristan Wilson,"WILSON,TRISTAN",Schreiner,SCH,0,1,1,03,03,0,0,LB,0,,,,,,,,,,,,,,,,,,,0,1,1,2,2,1.0,.0,.0,1,0,1,0,0,0,0,1,0,0,0,0,0,0,0,1,,,,,,,,,,,,,,,,,,,,,,,,,,,,,,,,,,,,,,,,,,,,,,,,,,,,,,,,,,,,,,,,,,,,,,,,,,,,,,,,,,,,,,-0.07726674447867338,221,73
2026-27,football,American Southwest Conference (ASC),asc,East Texas Baptist,"London,Joseph",Joseph,London,,1062,"London,Joseph","LONDON,JOSEPH",East Texas Baptist,ETB,636-5860,3,2,63,63,0,0,DL,0,,,,,,,,,,,,,,,,,,,0,2,5,7,7,1.0,.0,.0,1,0,1,0,0,0,0,0,0,0,0,0,0,0,0,0,,,,,,,,,,,,,,,,,,,,,,,,,,,,,,,,,,,,,,,,,,,,,,,,,,,,,,,,,,,,,,,,,,,,,,,,,,,,,,,,,,,,,,-0.10837483025655512,222,73
2026-27,football,American Southwest Conference (ASC),asc,Howard Payne,"Cantu,Noah",Noah,Cantu,,2741,"Cantu,Noah","CANTU,NOAH",Howard Payne,HPU,639-3262,3,0,31,31,0,WR,0,0,,,,,,,,,,,,,,,,,,,0,3,4,7,7,.0,.0,.0,0,0,0,0,0,0,0,1,1,0,0,0,0,0,0,1,,,,,,,,,,,,,,,,,,,,,,,,,,,,,,,,,,,,,,,,,,,,,,,,,,,,,,,,,,,,,,,,,,,,,,,,,,,,,,,,,,,,,,-0.11442934607958938,223,73
2026-27,football,American Southwest Conference (ASC),asc,Howard Payne,"Novak,Josh",Josh,Novak,,2741,"Novak,Josh","NOVAK,JOSH",Howard Payne,HPU,639-3817,3,0,13,1E,0,0,LB,0,,,,,,,,,,,,,,,,,,,0,4,3,7,7,.0,.0,.0,0,0,0,0,0,0,0,1,0,1,0,0,0,0,0,1,,,,,,,,,,,,,,,,,,,,,,,,,,,,,,,,,,,,,,,,,,,,,,,,,,,,,,,,,,,,,,,,,,,,,,,,,,,,,,,,,,,,,,-0.11442934607958938,224,73
2026-27,football,American Southwest Conference (ASC),asc,McMurry,"Layne,Corey",Corey,Layne,,8530,"Layne,Corey","LAYNE,COREY",McMurry,MCM,643-6014,4,3,22,22,0,RB,0,0,28,126,131,5,0,20,4.5,31.5,,9,61,0,16,6.8,,,,,,,,,,,,,,,,,,,,,,,,,,,,,,,,,,,,,,,,,,,,,,,,,,,,,,,,,,,,,,,,,,,,,,,,,,,,,,,,,,,,,,,,,,,,,,,,,,,,,,,,,,,,,,,,,,-0.2073474381038603,225,73
2026-27,football,American Southwest Conference (ASC),asc,Schreiner,"Castenada,Brandon",Brandon,Castenada,,1355,"Castenada,Brandon","CASTENADA,BRANDON",Schreiner,SCH,0,3,0,70,70,0,0,DL,0,,,,,,,,,,,,,,,,,,,0,2,4,6,6,1.0,.0,.0,1,0,1,0,0,0,0,0,0,0,0,0,0,0,0,0,,,,,,,,,,,,,,,,,,,,,,,,,,,,,,,,,,,,,,,,,,,,,,,,,,,,,,,,,,,,,,,,,,,,,,,,,,,,,,,,,,,,,,-0.22277779757527946,226,73
2026-27,football,American Southwest Conference (ASC),asc,Howard Payne,"Hall,Cameron",Cameron,Hall,,2741,"Hall,Cameron","HALL,CAMERON",Howard Payne,HPU,639-3130,3,3,9,9A,0,0,DE,0,,,,,,,,,,,,,,,,,,,0,3,3,6,6,1.0,.0,.0,1,0,1,0,0,0,0,0,0,1,0,0,0,0,0,0,,,,,,,,,,,,,,,,,,,,,,,,,,,,,,,,,,,,,,,,,,,,,,,,,,,,,,,,,,,,,,,,,,,,,,,,,,,,,,,,,,,,,,-0.22277779757527946,227,73
2026-27,football,American Southwest Conference (ASC),asc,Schreiner,Kaden Williams,Kaden,Williams,,1355,Kaden Williams,"WILLIAMS,KADEN",Schreiner,SCH,0,3,0,32,32,0,0,0,0,,,,,,,,,,,,,,,,,,,0,5,1,6,6,.0,.0,.0,0,0,0,0,0,0,0,1,0,0,0,0,0,0,0,1,,,,,,,,,,,,,,,,,,,,,,,,,,,,,,,,,,,,,,,,,,,,,,,,,,,,,,,,,,,,,,,,,,,,,,,,,,,,,,,,,,,,,,-0.2288323133983136,228,73
2026-27,football,American Southwest Conference (ASC),asc,Howard Payne,"Ross,Antonio",Antonio,Ross,,2741,"Ross,Antonio","ROSS,ANTONIO",Howard Payne,HPU,639-3780,3,3,0,0,0,0,DB,0,,,,,,,,,,,,,,,,,,,0,4,7,11,11,.0,.0,.0,0,0,0,0,0,0,0,0,0,0,0,0,0,0,0,0,,,,,,,,,,,,,,,,,,,,,,,,,,,,,,,,,,,,,,,,,,,,,,,,,,,,,,,,,,,,,,,,,,,,,,,,,,,,,,,,,,,,,,-0.2599403991761955,229,73
2026-27,football,American Southwest Conference (ASC),asc,Mary Hardin-Baylor,"McClintock,Will",Will,McClintock,,1203,"McClintock,Will","MCCLINTOCK,WILL",Mary Hardin-Baylor,UMHB,641-3924,3,3,89,89,0,TE,0,0,,,,,,,,,,4,69,2,35,17.3,,,,,0,0,0,0,0,.0,.0,.0,0,0,0,0,0,0,0,0,0,0,0,0,0,0,0,0,,,,,,0,2,0,0,0,0,0,0,0,12,12,4,,,,,,,,,,,,,,,,,,,,,,,,,,,,,,,,,,,,,,,,,,,,,,,,,,,,,,,,,,,,,,,,,,,,,-0.2752198809041969,230,72
2026-27,football,American Southwest Conference (ASC),asc,McMurry,"Jones,Jermarious",Jermarious,Jones,,8530,"Jones,Jermarious","JONES,JERMARIOUS",McMurry,MCM,643-6261,1,0,21,2I,0,0,DB,0,,,,,,,,,,,,,,,,,,,,,,,,,,,,,,,,,,,,,,,,,,,,,,,,,,,,,,,,,,,,,,,,,,,,,,,,,,,,,,,,,,,,,,,,,1,20,0,20,20.0,,,,,,,,,,,,,,,,,,,,,,,,,,,,,,,,,,,-0.28001361561415916,231,72
2026-27,football,American Southwest Conference (ASC),asc,Howard Payne,"Zeno,Donte",Donte,Zeno,,2741,"Zeno,Donte","ZENO,DONTE",Howard Payne,HPU,639-3821,3,0,5,5A,0,0,DB,0,,,,,,,,,,0,0,0,0,.0,,,,,0,4,5,9,9,.0,.0,.0,0,0,0,0,0,0,0,1,0,0,0,0,1,0,0,1,,,,,,,,,,,,,,,,,,,,,0,0,,,,,,,,,,,,,,,,,,,,,,,,,,,,,,,,,,,,,,,,,,,,,,,,,,,,,,,,,,,,,,,,-0.30822715765278386,232,72
2026-27,football,American Southwest Conference (ASC),asc,Howard Payne,"Dozier,Braeden",Braeden,Dozier,,2741,"Dozier,Braeden","DOZIER,BRAEDEN",Howard Payne,HPU,639-3534,3,3,11,11,0,0,DB,0,,,,,,,,,,,,,,,,,,,0,5,0,5,5,.0,.0,.0,0,0,0,0,0,0,0,0,0,0,0,0,1,0,0,0,,,,,,,,,,,,,,,,,,,,,0,0,,,,,,,,,,,,,,,,,,,,,,,,,,,,,,,,,,,,,,,,,,,,,,,,,,,,,,,,,,,,,,,,-0.3368789432667926,233,72
2026-27,football,American Southwest Conference (ASC),asc,East Texas Baptist,"Miller,Dillon",Dillon,Miller,,1062,"Miller,Dillon","MILLER,DILLON",East Texas Baptist,ETB,636-4648,3,0,93,93,0,0,DL,0,,,,,,,,,,,,,,,,,,,0,2,3,5,5,1.0,.0,.0,1,0,1,0,0,0,0,0,0,0,0,0,0,0,0,0,,,,,,,,,,,,,,,,,,,,,,,,,,,,,,,,,,,,,,,,,,,,,,,,,,,,,,,,,,,,,,,,,,,,,,,,,,,,,,,,,,,,,,-0.3371807648940037,234,72
2026-27,football,American Southwest Conference (ASC),asc,Hardin-Simmons,"Jenkins,Zavyn",Zavyn,Jenkins,,271,"Jenkins,Zavyn","JENKINS,ZAVYN",Hardin-Simmons,HSU,637-3662,2,0,21,21,0,0,CB,0,,,,,,,,,,,,,,,,,,,0,5,0,5,5,.0,.0,.0,0,0,0,0,0,0,0,1,0,0,0,0,0,0,0,1,,,,,,,,,,,,,,,,,,,,,,,,,,,,,,,,,,,,,,,,,,,,,,,,,,,,,,,,,,,,,,,,,,,,,,,,,,,,,,,,,,,,,,-0.34323528071703796,235,72
2026-27,football,American Southwest Conference (ASC),asc,East Texas Baptist,"Morrow,Kylevon",Kylevon,Morrow,,1062,"Morrow,Kylevon","MORROW,KYLEVON",East Texas Baptist,ETB,636-5015,4,2,0,0,0,0,S,0,,,,,,,,,,0,0,0,0,.0,,,,,0,8,6,14,14,.0,.0,.0,0,0,0,0,0,0,0,1,0,1,0,0,0,0,0,1,,,,,,,,,,,,,,,,,,,,,,,,,,,,,,,,,,,,,,,,,,,,,,,,,,,,,,,,,,,,,,,,,,,,,,,,,,,,,,,,,,,,,,-0.34569158088091106,236,72
2026-27,football,American Southwest Conference (ASC),asc,Schreiner,"Cooper,Ja'mari",Ja'mari,Cooper,,1355,"Cooper,Ja'mari","COOPER,JA'MARI",Schreiner,SCH,0,1,0,51,51,0,OL,0,0,,,,,,,,,,,,,,,,,,,,,,,,,,,,,,,,,,,,,,,,,,,,,,,,,,,,,,,,,,,,,,,,,,,,,,,,,,,,,,,,,,,,,,,,,1,3,0,3,3.0,,,,,,,,,,,,,,,,,,,,,,,,,,,,,,,,,,,-0.3563995326380071,237,72
2026-27,football,American Southwest Conference (ASC),asc,McMurry,"Mitchell,Zach",Zach,Mitchell,,8530,"Mitchell,Zach","MITCHELL,ZACH",McMurry,MCM,643-5763,4,4,5,5D,0,0,LB,0,,,,,,,,,,,,,,,,,,,0,4,6,10,10,.0,.0,.0,0,0,0,0,0,0,0,0,1,0,0,0,0,0,0,0,,,,,,,,,,,,,,,,,,,,,,,,,,,,,,,,,,,,,,,,,,,,,,,,,,,,,,,,,,,,,,,,,,,,,,,,,,,,,,,,,,,,,,-0.3743433664949197,238,72
2026-27,football,American Southwest Conference (ASC),asc,Mary Hardin-Baylor,"Kubecka,Kade",Kade,Kubecka,,1203,"Kubecka,Kade","KUBECKA,KADE",Mary Hardin-Baylor,UMHB,641-6220,3,0,83,83,0,TE,0,0,,,,,,,,,,,,,,,,,,,,,,,,,,,,,,,,,,,,,,,,,,,,,,,,,,,,,,,,,,,,,,,,,,,,,,,,,,,,,,,,,,,,,,,,,,,,,,,,,,,,,,,,,9,325,43,0,0,7,0,1,36.1,,,,,,,,,,,,,,,-0.39089316844575983,239,72
2026-27,football,American Southwest Conference (ASC),asc,East Texas Baptist,"Paul,Kyler",Kyler,Paul,,1062,"Paul,Kyler","PAUL,KYLER",East Texas Baptist,ETB,636-5021,-3,0,8,8,0,WR,0,0,,,,,,,,,,3,68,0,41,22.7,,,,,,,,,,,,,,,,,,,,,,,,,,,,,,,,,,,,,,,,,,,,,,,,,,,,,,,,,,,,,,,,,,,,,,,,,,,,,,,,,,,,,,,,,,,,,,,,,,,,,,,,,,,,,,,,,,-0.42341595330783244,240,71
2026-27,football,American Southwest Conference (ASC),asc,Howard Payne,"Gomez,Osvaldo",Osvaldo,Gomez,,2741,"Gomez,Osvaldo","GOMEZ,OSVALDO",Howard Payne,HPU,639-3276,3,0,34,34,0,0,0,0,,,,,,,,,,,,,,,,,,,0,0,0,0,0,.0,.0,.0,0,0,0,0,0,0,0,0,0,0,0,0,0,0,0,0,,,,,,16,0,4,0,0,0,0,0,0,28,28,9.33,,,,,,,,,,,,,,,,,,17,16,0,0,0,0,0,0,0,0,0,0,,,,,,,,,,,,,,,,,,,,,,,,,,4,4,37,0,100.0,1,60,0,0,60.0,,,,,-0.4286475295125748,241,71
2026-27,football,American Southwest Conference (ASC),asc,Schreiner,"Lora,Christian",Christian,Lora,,1355,"Lora,Christian","LORA,CHRISTIAN",Schreiner,SCH,0,4,4,8,8,0,RB,0,0,36,110,123,13,3,23,3.1,27.5,,6,17,0,8,2.8,,,,,0,0,0,0,0,.0,.0,.0,0,0,0,0,0,0,0,0,0,0,0,0,0,0,0,0,,,,,,0,3,0,0,0,0,0,0,0,18,18,4.5,,,,,,,,,,,,,,,,,,,,,,,,,,,,,,,,,,,,,,,,,,,,,,,,,,,,,,,,,,,,,,,,,,,,,-0.4295884999875158,242,71
2026-27,football,American Southwest Conference (ASC),asc,Schreiner,"Perez,Sebastian",Sebastian,Perez,,1355,"Perez,Sebastian","PEREZ,SEBASTIAN",Schreiner,SCH,0,4,0,29,29,0,0,0,0,1,-1,0,1,0,0,-1.0,-.3,,,,,,,,,,,,,,,,,,,,,,,,,,,,,,,,,,,,,,,,,,,,,,,,,,,,,,,,,,,,,,,,,,,,,,,,,,,,,,,,,,,,,,,,,,,,,,,,,9,387,61,0,0,2,2,3,43.0,,,,,,11,519,1,0,47.2,,,,,-0.4401571567131364,243,71
2026-27,football,American Southwest Conference (ASC),asc,Mary Hardin-Baylor,"Houston,KJ",KJ,Houston,,1203,"Houston,KJ","HOUSTON,KJ",Mary Hardin-Baylor,UMHB,641-6985,3,3,12,12,0,0,DB,0,,,,,,,,,,,,,,,,,,,0,5,4,9,9,.0,.0,.0,0,0,0,0,0,0,0,0,0,0,0,0,0,0,0,0,,,,,,,,,,,,,,,,,,,,,,,,,,,,,,,,,,,,,,,,,,,,,,,,,,,,,,,,,,,,,,,,,,,,,,,,,,,,,,,,,,,,,,-0.48874633381364385,244,71
2026-27,football,American Southwest Conference (ASC),asc,Hardin-Simmons,"Anderson,Jairdyn",Jairdyn,Anderson,,271,"Anderson,Jairdyn","ANDERSON,JAIRDYN",Hardin-Simmons,HSU,637-3875,2,2,2,2,0,WR,0,0,,,,,,,,,,11,137,1,39,12.5,,,,,0,0,0,0,0,.0,.0,.0,0,0,0,0,0,0,0,0,0,0,0,0,0,0,0,0,,,,,,0,1,0,0,0,0,0,0,0,6,6,3,,,,,,,,,,,,,,,,,,,,,,,,,,,,,,,,,,,,,,,,,,,,,,,,,,,,,,,,,,,,,,,,,,,,,-0.4953618911877974,245,71
2026-27,football,American Southwest Conference (ASC),asc,McMurry,"Hoel,Jess",Jess,Hoel,,8530,"Hoel,Jess","HOEL,JESS",McMurry,MCM,643-5479,4,0,5,5,0,QB,0,0,19,33,70,37,1,19,1.7,8.3,,,,,,,,,,,0,0,0,0,0,.0,.0,.0,0,0,0,0,0,0,0,0,0,0,0,0,0,0,0,0,,,,,,0,1,0,0,0,0,0,0,0,6,6,1.5,,,,1,1,26,4,67,4,396,0,62,41,141.1,6.39,9.66,99.0,0,0,1,0,0,0,0,0,0,0,0,0,,,,,,,,,,,,,,,,,,,,,,,,,,,,,,,,,,,,,,,,-0.49554690559829856,246,71
2026-27,football,American Southwest Conference (ASC),asc,Mary Hardin-Baylor,"Kohn,Sammie",Sammie,Kohn,,1203,"Kohn,Sammie","KOHN,SAMMIE",Mary Hardin-Baylor,UMHB,641-6906,2,0,96,96,0,0,DT,0,,,,,,,,,,,,,,,,,,,0,2,1,3,3,1.0,.0,.0,1,0,1,0,0,0,0,0,0,0,0,0,0,0,0,0,,,,,,,,,,,,,,,,,,,,,,,,,,,,,,,,,,,,,,,,,,,,,,,,,,,,,,,,,,,,,,,,,,,,,,,,,,,,,,,,,,,,,,-0.5659866995314521,247,71
2026-27,football,American Southwest Conference (ASC),asc,McMurry,"Maple,Marcus",Marcus,Maple,,8530,"Maple,Marcus","MAPLE,MARCUS",McMurry,MCM,643-6017,3,0,10,10,0,WR,0,0,,,,,,,,,,,,,,,,,,,,,,,,,,,,,,,,,,,,,,,,,,,,,,,,,,,,,,,,,,,,,,,,,,,,,,,,,,,,,,,,,,,,,,,,,2,9,0,9,4.5,1,-2,0,0,-2.0,,,,,,,,,,,,,,,,,,,,,,,,,,,,,,-0.5719440099297648,248,71
2026-27,football,American Southwest Conference (ASC),asc,McMurry,"O'Shields,Kason",Kason,O'Shields,,8530,"O'Shields,Kason","O'SHIELDS,KASON",McMurry,MCM,643-5486,3,0,14,14,0,WR,0,0,,,,,,,,,,12,227,2,51,18.9,,,,,0,0,0,0,0,.0,.0,.0,0,0,0,0,0,0,0,0,0,0,0,0,0,0,0,0,,,,,,0,2,0,0,0,0,0,0,0,12,12,4,,,,,,,,,,,,,,,,,,,,,,,,,,,,,,,,,,,1,11,0,11,11.0,,,,,,,1,18,18,0,0,0,0,0,18.0,,,,,,,,,,,,,,,-0.5825208970858098,249,71
2026-27,football,American Southwest Conference (ASC),asc,McMurry,"Butler,Rhett",Rhett,Butler,,8530,"Butler,Rhett","BUTLER,RHETT",McMurry,MCM,643-5730,4,4,40,40,0,TE,0,0,,,,,,,,,,2,33,2,19,16.5,,,,,0,0,0,0,0,.0,.0,.0,0,0,0,0,0,0,0,0,0,0,0,0,0,0,0,0,,,,,,0,2,0,0,0,0,0,0,0,12,12,3,,,,,,,,,,,,,,,,,,,,,,,,,,,,,,,,,,,,,,,,,,,,,,,,,,,,,,,,,,,,,,,,,,,,,-0.5974553794054339,250,70
2026-27,football,American Southwest Conference (ASC),asc,Hardin-Simmons,"Donnelly,Colyn",Colyn,Donnelly,,271,"Donnelly,Colyn","DONNELLY,COLYN",Hardin-Simmons,HSU,637-3600,2,2,35,35,0,0,LB,0,,,,,,,,,,,,,,,,,,,0,2,6,8,8,.0,.0,.0,0,0,0,0,0,0,0,0,0,3,0,0,0,0,0,0,,,,,,,,,,,,,,,,,,,,,,,,,,,,,,,,,,,,,,,,,,,,,,,,,,,,,,,,,,,,,,,,,,,,,,,,,,,,,,,,,,,,,,-0.6031493011323681,251,70
2026-27,football,American Southwest Conference (ASC),asc,Hardin-Simmons,"Altamirano,Pedro",Pedro,Altamirano,,271,"Altamirano,Pedro","ALTAMIRANO,PEDRO",Hardin-Simmons,HSU,637-3673,2,0,1,1,0,0,0,0,,,,,,,,,,,,,,,,,,,0,1,0,1,1,.0,.0,.0,0,0,0,0,0,0,0,0,0,0,0,0,0,0,0,0,,,,,,9,0,3,0,0,0,0,0,0,18,18,9,,,,,,,,,,,,,,,,,,9,9,0,0,0,0,0,0,0,0,0,0,,,,,,,,,,,,,,,,,,,,,,,,,,3,3,43,0,100.0,14,908,0,9,64.9,,,,,-0.619661248422224,252,70
2026-27,football,American Southwest Conference (ASC),asc,Hardin-Simmons,"Brockway,Harison",Harison,Brockway,,271,"Brockway,Harison","BROCKWAY,HARISON",Hardin-Simmons,HSU,637-3596,2,2,8,8,0,WR,0,0,,,,,,,,,,5,44,0,13,8.8,,,,,,,,,,,,,,,,,,,,,,,,,,,,,,,,,,,,,,,,,,,,,,,,,,,,,,,,,,,,,,,,,,,,,,,,,,,,,,,,,,,,,,,,,,,,,,,,,,,,,,,,,,,,,,,,,,-0.6382396189753238,253,70
2026-27,football,American Southwest Conference (ASC),asc,Schreiner,Wyatt Porowski,Wyatt,Porowski,,1355,Wyatt Porowski,"POROWSKI,WYATT",Schreiner,SCH,0,3,1,36,36,0,0,0,0,,,,,,,,,,,,,,,,,,,0,0,5,5,5,.5,.0,.0,0,1,1,0,0,0,0,0,0,0,0,0,0,0,0,0,,,,,,,,,,,,,,,,,,,,,,,,,,,,,,,,,,,,,,,,,,,,,,,,,,,,,,,,,,,,,,,,,,,,,,,,,,,,,,,,,,,,,,-0.6417694839912722,254,70
2026-27,football,American Southwest Conference (ASC),asc,East Texas Baptist,"Bankston III,Robert",Robert,Bankston III,,1062,"Bankston III,Robert","BANKSTON III,ROBERT",East Texas Baptist,ETB,636-5565,2,0,91,91,0,0,DL,0,,,,,,,,,,,,,,,,,,,0,0,2,2,2,.0,.0,.0,0,0,0,0,0,0,0,0,0,1,0,0,1,13,0,0,,,,,,,,,,,,,,,,,,,,,0,0,,,,,,,,,,,,,,,,,,,,,,,,,,,,,,,,,,,,,,,,,,,,,,,,,,,,,,,,,,,,1,13,0,13,-0.6800878452229652,255,70
2026-27,football,American Southwest Conference (ASC),asc,Mary Hardin-Baylor,"Curtis,Kiran",Kiran,Curtis,,1203,"Curtis,Kiran","CURTIS,KIRAN",Mary Hardin-Baylor,UMHB,641-6555,3,0,91,91,0,0,DL,0,,,,,,,,,,,,,,,,,,,0,0,2,2,2,1.0,.0,.0,0,2,3,0,0,0,0,0,0,0,0,0,0,0,0,0,,,,,,,,,,,,,,,,,,,,,,,,,,,,,,,,,,,,,,,,,,,,,,,,,,,,,,,,,,,,,,,,,,,,,,,,,,,,,,,,,,,,,,-0.6803896668501763,256,70
2026-27,football,American Southwest Conference (ASC),asc,Schreiner,"Davis,Dominic",Dominic,Davis,,1355,"Davis,Dominic","DAVIS,DOMINIC",Schreiner,SCH,0,2,0,91,91,0,0,DE,0,,,,,,,,,,,,,,,,,,,0,1,1,2,2,1.0,.0,.0,1,0,1,0,0,0,0,0,0,0,0,0,0,0,0,0,,,,,,,,,,,,,,,,,,,,,,,,,,,,,,,,,,,,,,,,,,,,,,,,,,,,,,,,,,,,,,,,,,,,,,,,,,,,,,,,,,,,,,-0.6803896668501763,257,70
2026-27,football,American Southwest Conference (ASC),asc,McMurry,"Kimbrough,Major",Major,Kimbrough,,8530,"Kimbrough,Major","KIMBROUGH,MAJOR",McMurry,MCM,643-6013,2,0,90,90,0,0,DL,0,,,,,,,,,,,,,,,,,,,0,2,0,2,2,1.0,.0,.0,1,0,2,0,0,0,0,0,0,0,0,0,0,0,0,0,,,,,,,,,,,,,,,,,,,,,,,,,,,,,,,,,,,,,,,,,,,,,,,,,,,,,,,,,,,,,,,,,,,,,,,,,,,,,,,,,,,,,,-0.6803896668501763,258,70
2026-27,football,American Southwest Conference (ASC),asc,East Texas Baptist,"Barnes,Jayden",Jayden,Barnes,,1062,"Barnes,Jayden","BARNES,JAYDEN",East Texas Baptist,ETB,636-5570,4,0,26,26,0,0,DB,0,,,,,,,,,,,,,,,,,,,0,2,0,2,2,.0,.0,.0,0,0,0,0,0,0,0,1,0,0,0,0,0,0,0,1,,,,,,,,,,,,,,,,,,,,,,,,,,,,,,,,,,,,,,,,,,,,,,,,,,,,,,,,,,,,,,,,,,,,,,,,,,,,,,,,,,,,,,-0.6864441826732106,259,69
2026-27,football,American Southwest Conference (ASC),asc,Schreiner,"Jones,Cedrick",Cedrick,Jones,,1355,"Jones,Cedrick","JONES,CEDRICK",Schreiner,SCH,0,4,0,37,37,0,0,CB,0,,,,,,,,,,,,,,,,,,,0,1,1,2,2,.0,.0,.0,0,0,0,0,0,0,0,1,0,0,0,0,0,0,0,1,,,,,,,,,,,,,,,,,,,,,,,,,,,,,,,,,,,,,,,,,,,,,,,,,,,,,,,,,,,,,,,,,,,,,,,,,,,,,,,,,,,,,,-0.6864441826732106,260,69
2026-27,football,American Southwest Conference (ASC),asc,Howard Payne,"Simpson,Eric",Eric,Simpson,,2741,"Simpson,Eric","SIMPSON,ERIC",Howard Payne,HPU,639-3871,2,0,13,13,0,TE,0,0,,,,,,,,,,2,37,0,28,18.5,,,,,,,,,,,,,,,,,,,,,,,,,,,,,,,,,,,,,,,,,,,,,,,,,,,,,,,,,,,,,,,,,,,,,,,,,,,,,,,,,,,,,,,,,,,,,,,,,,,,,,,,,,,,,,,,,,-0.7008965214616754,261,69
2026-27,football,American Southwest Conference (ASC),asc,McMurry,"Williams,Xavier",Xavier,Williams,,8530,"Williams,Xavier","WILLIAMS,XAVIER",McMurry,MCM,643-6056,4,4,7,7,0,WR,0,0,,,,,,,,,,11,120,1,43,10.9,,,,,0,0,0,0,0,.0,.0,.0,0,0,0,0,0,0,0,0,0,0,0,0,0,0,0,0,,,,,,0,1,0,0,0,0,0,0,0,6,6,1.5,,,,,,,,,,,,,,,,,,,,,,,,,,,,,,,,,,,1,13,0,13,13.0,,,,,,,,,,,,,,,,,,,,,,,,,,,,,,-0.7213555417066445,262,69
2026-27,football,American Southwest Conference (ASC),asc,Howard Payne,Jayden Evans-Beckwith,Jayden,Evans-Beckwith,,2741,Jayden Evans-Beckwith,"EVANS-BECKWITH,JAYDEN",Howard Payne,HPU,639-3522,1,0,14,14,0,0,0,0,,,,,,,,,,3,32,0,19,10.7,,,,,,,,,,,,,,,,,,,,,,,,,,,,,,,,,,,,,,,,,,,,,,,,,,,,,,,,,,,,,,,,,,,,,,,,,,,,,,,,,,,,,,,,,,,,,,,,,,,,,,,,,,,,,,,,,,-0.7456514518090696,263,69
2026-27,football,American Southwest Conference (ASC),asc,Schreiner,"Warren,Casen",Casen,Warren,,1355,"Warren,Casen","WARREN,CASEN",Schreiner,SCH,0,3,3,7,7W,0,0,CB,0,,,,,,,,,,,,,,,,,,,0,2,2,4,4,.5,.0,.0,0,1,2,0,0,0,0,0,0,0,0,0,0,0,0,0,,,,,,,,,,,,,,,,,,,,,,,,,,,,,,,,,,,,,,,,,,,,,,,,,,,,,,,,,,,,,,,,,,,,,,,,,,,,,,,,,,,,,,-0.7561724513099964,264,69
2026-27,football,American Southwest Conference (ASC),asc,Hardin-Simmons,"Woodley,Chris",Chris,Woodley,,271,"Woodley,Chris","WOODLEY,CHRIS",Hardin-Simmons,HSU,637-3458,2,2,44,44,0,TE,0,0,,,,,,,,,,2,30,0,22,15.0,,,,,,,,,,,,,,,,,,,,,,,,,,,,,,,,,,,,,,,,,,,,,,,,,,,,,,,,,,,,,,,,,,,,,,,,,,,,,,,,,,,,,,,,,,,,,,,,,,,,,,,,,,,,,,,,,,-0.763553423948027,265,69
2026-27,football,American Southwest Conference (ASC),asc,Schreiner,"Davis,DeMarcus",DeMarcus,Davis,,1355,"Davis,DeMarcus","DAVIS,DEMARCUS",Schreiner,SCH,0,4,4,84,84,0,WR,0,0,,,,,,,,,,3,37,0,14,12.3,,,,,,,,,,,,,,,,,,,,,,,,,,,,,,,,,,,,,,,,,,,,,,,,,,,,,,,,,,,,,,,,,,,,,,,,,,,4,98,0,34,24.5,1,7,0,7,7.0,,,,,,,,,,,,,,,,,,,,,,,,,,,,,,-0.7717313941008734,266,69
2026-27,football,American Southwest Conference (ASC),asc,East Texas Baptist,"Jones,Jordan",Jordan,Jones,,1062,"Jones,Jordan","JONES,JORDAN",East Texas Baptist,ETB,636-5644,4,0,82,82,0,WR,0,0,,,,,,,,,,3,46,2,27,15.3,,,,,0,0,0,0,0,.0,.0,.0,0,0,0,0,0,0,0,0,0,0,0,0,0,0,0,0,,,,,,0,1,0,0,0,0,0,0,0,6,6,1.5,,,,,,,,,,,,,,,,,,,,,,,,,,,,,,1,17,0,17,17.0,,,,,,,,,,,,,,,,,,,,,,,,,,,,,,,,,,,-0.7745860438264595,267,69
2026-27,football,American Southwest Conference (ASC),asc,Hardin-Simmons,"Herman,Justin",Justin,Herman,,271,"Herman,Justin","HERMAN,JUSTIN",Hardin-Simmons,HSU,637-3893,2,0,82,82,0,WR,0,0,,,,,,,,,,3,69,0,40,23.0,,,,,,,,,,,,,,,,,,,,,,,,,,,,,,,,,,,,,,,,,,,,,,,,,,,,,,,,,,,,,,,,,,,,,,,,,,,0,0,0,0,.0,,,,,,,,,,,,,,,,,,,,,,,,,,,,,,,,,,,-0.7843443675864515,268,69
2026-27,football,American Southwest Conference (ASC),asc,McMurry,"Lee,Jai'Shawn",Jai'Shawn,Lee,,8530,"Lee,Jai'Shawn","LEE,JAI'SHAWN",McMurry,MCM,643-6016,1,0,36,36,0,0,DB,0,,,,,,,,,,,,,,,,,,,0,1,0,1,1,1.0,.0,.0,1,0,2,0,0,0,0,0,0,0,0,0,0,0,0,0,,,,,,,,,,,,,,,,,,,,,,,,,,,,,,,,,,,,,,,,,,,,,,,,,,,,,,,,,,,,,,,,,,,,,,,,,,,,,,,,,,,,,,-0.7947926341689007,269,68
2026-27,football,American Southwest Conference (ASC),asc,Schreiner,Bryson Edmon,Bryson,Edmon,,1355,Bryson Edmon,"EDMON,BRYSON",Schreiner,SCH,0,1,0,87,87,0,0,0,0,,,,,,,,,,1,26,0,26,26.0,,,,,,,,,,,,,,,,,,,,,,,,,,,,,,,,,,,,,,,,,,,,,,,,,,,,,,,,,,,,,,,,,,,,,,,,,,,,,,,,,,,,,,,,,,,,,,,,,,,,,,,,,,,,,,,,,,-0.7993573682259423,270,68
2026-27,football,American Southwest Conference (ASC),asc,Hardin-Simmons,"Bobo,Brody",Brody,Bobo,,271,"Bobo,Brody","BOBO,BRODY",Hardin-Simmons,HSU,637-3595,2,0,24,24,0,0,S,0,,,,,,,,,,,,,,,,,,,0,0,1,1,1,.0,.0,.0,0,0,0,0,0,0,0,1,0,0,0,0,0,0,0,1,,,,,,,,,,,,,,,,,,,,,,,,,,,,,,,,,,,,,,,,,,,,,,,,,,,,,,,,,,,,,,,,,,,,,,,,,,,,,,,,,,,,,,-0.800847149991935,271,68
2026-27,football,American Southwest Conference (ASC),asc,East Texas Baptist,"Kennedy,Brandon",Brandon,Kennedy,,1062,"Kennedy,Brandon","KENNEDY,BRANDON",East Texas Baptist,ETB,636-4668,5,1,6,6,0,WR,0,0,1,-9,0,9,0,0,-9.0,-1.8,,7,63,3,17,9.0,,,,,0,0,0,0,0,.0,.0,.0,0,0,0,0,0,0,0,0,0,0,0,0,0,0,0,0,,,,,,0,3,0,0,0,0,0,0,0,18,18,3.6,,,,,,9,1,0,0,0,0,0,0,NaN,.00,.00,.0,,,,,,,,,,,,,10,265,0,64,26.5,1,7,0,7,7.0,,,,,,,,,,,,,,,,,,,,,,,,,,,,,,-0.8282115872274928,272,68
2026-27,football,American Southwest Conference (ASC),asc,Schreiner,Cameron Floyd,Cameron,Floyd,,1355,Cameron Floyd,"FLOYD,CAMERON",Schreiner,SCH,0,3,0,17,17,0,0,0,0,,,,,,,,,,,,,,,,,,,0,3,3,6,6,.0,.0,.0,0,0,0,0,0,0,0,0,0,0,0,0,0,0,0,0,,,,,,,,,,,,,,,,,,,,,,,,,,,,,,,,,,,,,,,,,,,,,,,,,,,,,,,,,,,,,,,,,,,,,,,,,,,,,,,,,,,,,,-0.8319552357698166,273,68
2026-27,football,American Southwest Conference (ASC),asc,McMurry,"Hurst,Ryland",Ryland,Hurst,,8530,"Hurst,Ryland","HURST,RYLAND",McMurry,MCM,643-5523,4,0,97,97,0,0,DL,0,,,,,,,,,,,,,,,,,,,0,2,4,6,6,.0,.0,.0,0,0,0,0,0,0,0,0,0,0,0,0,0,0,0,0,,,,,,,,,,,,,,,,,,,,,,,,,,,,,,,,,,,,,,,,,,,,,,,,,,,,,,,,,,,,,,,,,,,,,,,,,,,,,,,,,,,,,,-0.8319552357698166,274,68
2026-27,football,American Southwest Conference (ASC),asc,McMurry,"McAlister,Payton",Payton,McAlister,,8530,"McAlister,Payton","MCALISTER,PAYTON",McMurry,MCM,643-5178,4,0,53,53,0,0,DL,0,,,,,,,,,,,,,,,,,,,0,5,1,6,6,.0,.0,.0,0,0,0,0,0,0,0,0,0,0,0,0,0,0,0,0,,,,,,,,,,,,,,,,,,,,,,,,,,,,,,,,,,,,,,,,,,,,,,,,,,,,,,,,,,,,,,,,,,,,,,,,,,,,,,,,,,,,,,-0.8319552357698166,275,68
2026-27,football,American Southwest Conference (ASC),asc,East Texas Baptist,"Smart,Kylan",Kylan,Smart,,1062,"Smart,Kylan","SMART,KYLAN",East Texas Baptist,ETB,636-5588,3,2,37,37,0,0,DB,0,,,,,,,,,,,,,,,,,,,0,3,3,6,6,.0,.0,.0,0,0,0,0,0,0,0,0,0,0,0,0,0,0,0,0,,,,,,,,,,,,,,,,,,,,,,,,,,,,,,,,,,,,,,,,,,,,,,,,,,,,,,,,,,,,,,,,,,,,,,,,,,,,,,,,,,,,,,-0.8319552357698166,276,68
2026-27,football,American Southwest Conference (ASC),asc,McMurry,"Idaho,Alex",Alex,Idaho,,8530,"Idaho,Alex","IDAHO,ALEX",McMurry,MCM,643-6354,1,0,35,35,0,RB,0,0,2,17,17,0,0,14,8.5,17.0,,,,,,,,,,,,,,,,,,,,,,,,,,,,,,,,,,,,,,,,,,,,,,,,,,,,,,,,,,,,,,,,,,,,,,,,,,,,,,,,,,,,,,,,,,,,,,,,,,,,,,,,,,,,,,,,,,,,,,,,-0.8387146293938821,277,68
2026-27,football,American Southwest Conference (ASC),asc,Schreiner,"Johnson,Travis",Travis,Johnson,,1355,"Johnson,Travis","JOHNSON,TRAVIS",Schreiner,SCH,0,4,3,4,4J,0,0,LB,0,,,,,,,,,,,,,,,,,,,0,2,1,3,3,.5,.0,.0,0,1,2,0,0,0,0,0,0,0,0,0,0,0,0,0,,,,,,,,,,,,,,,,,,,,,,,,,,,,,,,,,,,,,,,,,,,,,,,,,,,,,,,,,,,,,,,,,,,,,,,,,,,,,,,,,,,,,,-0.8705754186287207,278,68
2026-27,football,American Southwest Conference (ASC),asc,Schreiner,Luke Lorenzen,Luke,Lorenzen,,1355,Luke Lorenzen,"LORENZEN,LUKE",Schreiner,SCH,0,3,0,55,55,0,0,0,0,,,,,,,,,,,,,,,,,,,0,0,3,3,3,.5,.0,.0,0,1,4,0,0,0,0,0,0,0,0,0,0,0,0,0,,,,,,,,,,,,,,,,,,,,,,,,,,,,,,,,,,,,,,,,,,,,,,,,,,,,,,,,,,,,,,,,,,,,,,,,,,,,,,,,,,,,,,-0.8705754186287207,279,67
2026-27,football,American Southwest Conference (ASC),asc,McMurry,"Goss,Javon",Javon,Goss,,8530,"Goss,Javon","GOSS,JAVON",McMurry,MCM,643-5746,1,0,87,87,0,WR,0,0,,,,,,,,,,2,18,0,12,9.0,,,,,,,,,,,,,,,,,,,,,,,,,,,,,,,,,,,,,,,,,,,,,,,,,,,,,,,,,,,,,,,,,,,,,,,,,,,,,,,,,,,,,,,,,,,,,,,,,,,,,,,,,,,,,,,,,,-0.8709652567817727,280,67
2026-27,football,American Southwest Conference (ASC),asc,East Texas Baptist,"French,Carson",Carson,French,,1062,"French,Carson","FRENCH,CARSON",East Texas Baptist,ETB,636-4986,3,1,13,13,0,WR,0,0,,,,,,,,,,1,16,0,16,16.0,,,,,,,,,,,,,,,,,,,,,,,,,,,,,,,,,,,,,,,,,,,,,,,,,,,,,,,,,,,,,,,,,,,,,,,,,,,,,,,,,,,,,,,,,,,,,,,,,,,,,,,,,,,,,,,,,,-0.8888672289207304,281,67
2026-27,football,American Southwest Conference (ASC),asc,Mary Hardin-Baylor,"Nesmith,Isaiah",Isaiah,Nesmith,,1203,"Nesmith,Isaiah","NESMITH,ISAIAH",Mary Hardin-Baylor,UMHB,641-6635,3,0,1,1,0,WR,0,0,,,,,,,,,,2,15,0,12,7.5,,,,,,,,,,,,,,,,,,,,,,,,,,,,,,,,,,,,,,,,,,,,,,,,,,,,,,,,,,,,,,,,,,,,,,,,,,,,,,,,,,,,,,,,,,,,,,,,,,,,,,,,,,,,,,,,,,-0.8978182149902092,282,67
2026-27,football,American Southwest Conference (ASC),asc,Howard Payne,"Bonner,Ivan",Ivan,Bonner,,2741,"Bonner,Ivan","BONNER,IVAN",Howard Payne,HPU,639-3789,1,0,94,94,0,0,DL,0,,,,,,,,,,,,,,,,,,,0,0,0,0,0,.0,.0,.0,0,0,0,0,0,0,0,1,0,0,0,0,0,0,0,1,,,,,,,,,,,,,,,,,,,,,,,,,,,,,,,,,,,,,,,,,,,,,,,,,,,,,,,,,,,,,,,,,,,,,,,,,,,,,,,,,,,,,,-0.9152501173106591,283,67
2026-27,football,American Southwest Conference (ASC),asc,East Texas Baptist,"Edwards,Jayden",Jayden,Edwards,,1062,"Edwards,Jayden","EDWARDS,JAYDEN",East Texas Baptist,ETB,636-4983,2,0,83,83,0,WR,0,0,,,,,,,,,,1,13,0,13,13.0,,,,,,,,,,,,,,,,,,,,,,,,,,,,,,,,,,,,,,,,,,,,,,,,,,,,,,,,,,,,,,,,,,,,,,,,,,,,,,,,,,,,,,,,,,,,,,,,,,,,,,,,,,,,,,,,,,-0.9157201871291668,284,67
2026-27,football,American Southwest Conference (ASC),asc,Howard Payne,"Hehman,Chance",Chance,Hehman,,2741,"Hehman,Chance","HEHMAN,CHANCE",Howard Payne,HPU,639-3293,3,3,5,5,0,TE,0,0,,,,,,,,,,8,90,1,23,11.3,,,,,0,0,0,0,0,.0,.0,.0,0,0,0,0,0,0,0,0,0,0,0,0,0,0,0,0,,,,,,0,1,0,0,1,0,0,0,0,8,8,2.67,,,,,,,,,,,,,,,,,,0,0,1,1,0,0,0,0,0,0,0,0,,,,,,,,,,,,,,,,,,,,,,,,,,,,,,,,,,,,,,,,-0.9160582364533012,285,67
2026-27,football,American Southwest Conference (ASC),asc,East Texas Baptist,"Barnes,Tyresse",Tyresse,Barnes,,1062,"Barnes,Tyresse","BARNES,TYRESSE",East Texas Baptist,ETB,636-4971,2,0,33,33,0,RB,0,0,2,7,7,0,0,5,3.5,3.5,,,,,,,,,,,,,,,,,,,,,,,,,,,,,,,,,,,,,,,,,,,,,,,,,,,,,,,,,,,,,,,,,,,,,,,,,,,,,,,,,,,,,,,,,,,,,,,,,,,,,,,,,,,,,,,,,,,,,,,,-0.9412320649061945,286,67
2026-27,football,American Southwest Conference (ASC),asc,McMurry,"Bickham,Dolyal",Dolyal,Bickham,,8530,"Bickham,Dolyal","BICKHAM,DOLYAL",McMurry,MCM,643-5983,4,0,33,33,0,0,LB,0,,,,,,,,,,,,,,,,,,,0,3,2,5,5,.0,.0,.0,0,0,0,0,0,0,0,0,0,1,0,0,0,0,0,0,,,,,,,,,,,,,,,,,,,,,,,,,,,,,,,,,,,,,,,,,,,,,,,,,,,,,,,,,,,,,,,,,,,,,,,,,,,,,,,,,,,,,,-0.9463582030885409,287,67
2026-27,football,American Southwest Conference (ASC),asc,Schreiner,Luke Burkhalter,Luke,Burkhalter,,1355,Luke Burkhalter,"BURKHALTER,LUKE",Schreiner,SCH,0,1,0,09,09,0,0,0,0,,,,,,,,,,,,,,,,,,,0,0,5,5,5,.0,.0,.0,0,0,0,0,0,0,0,0,0,0,0,0,0,0,0,0,,,,,,,,,,,,,,,,,,,,,,,,,,,,,,,,,,,,,,,,,,,,,,,,,,,,,,,,,,,,,,,,,,,,,,,,,,,,,,,,,,,,,,-0.9463582030885409,288,66
2026-27,football,American Southwest Conference (ASC),asc,Howard Payne,"Jackson,Derin",Derin,Jackson,,2741,"Jackson,Derin","JACKSON,DERIN",Howard Payne,HPU,639-3267,1,0,16,16,0,WR,0,0,,,,,,,,,,1,7,0,7,7.0,,,,,,,,,,,,,,,,,,,,,,,,,,,,,,,,,,,,,,,,,,,,,,,,,,,,,,,,,,,,,,,,,,,,,,,,,,,,,,,,,,,,,,,,,,,,,,,,,,,,,,,,,,,,,,,,,,-0.9694261035460396,289,66
2026-27,football,American Southwest Conference (ASC),asc,Howard Payne,"Barrera,Candelario",Candelario,Barrera,,2741,"Barrera,Candelario","BARRERA,CANDELARIO",Howard Payne,HPU,639-3148,1,0,28,28,0,RB,0,0,2,4,5,1,0,5,2.0,4.0,,,,,,,,,,,,,,,,,,,,,,,,,,,,,,,,,,,,,,,,,,,,,,,,,,,,,,,,,,,,,,,,,,,,,,,,,,,,,,,,,,,,,,,,,,,,,,,,,,,,,,,,,,,,,,,,,,,,,,,,-0.9719872955598883,290,66
2026-27,football,American Southwest Conference (ASC),asc,McMurry,"Grimes,Drake",Drake,Grimes,,8530,"Grimes,Drake","GRIMES,DRAKE",McMurry,MCM,643-6255,1,0,16,16,0,WR,0,0,,,,,,,,,,1,6,0,6,6.0,,,,,,,,,,,,,,,,,,,,,,,,,,,,,,,,,,,,,,,,,,,,,,,,,,,,,,,,,,,,,,,,,,,,,,,,,,,,,,,,,,,,,,,,,,,,,,,,,,,,,,,,,,,,,,,,,,-0.9783770896155184,291,66
2026-27,football,American Southwest Conference (ASC),asc,McMurry,"Hayes-Rimes,Trystin",Trystin,Hayes-Rimes,,8530,"Hayes-Rimes,Trystin","HAYES-RIMES,TRYSTIN",McMurry,MCM,643-6258,1,0,19,19,0,WR,0,0,,,,,,,,,,1,6,0,6,6.0,,,,,,,,,,,,,,,,,,,,,,,,,,,,,,,,,,,,,,,,,,,,,,,,,,,,,,,,,,,,,,,,,,,,,,,,,,,,,,,,,,,,,,,,,,,,,,,,,,,,,,,,,,,,,,,,,,-0.9783770896155184,292,66
2026-27,football,American Southwest Conference (ASC),asc,Howard Payne,"Walsh,Wesley",Wesley,Walsh,,2741,"Walsh,Wesley","WALSH,WESLEY",Howard Payne,HPU,639-3872,3,0,44,44,0,0,DL,0,,,,,,,,,,,,,,,,,,,0,1,1,2,2,.5,.0,.0,0,1,2,0,0,0,0,0,0,1,0,0,0,0,0,0,,,,,,,,,,,,,,,,,,,,,,,,,,,,,,,,,,,,,,,,,,,,,,,,,,,,,,,,,,,,,,,,,,,,,,,,,,,,,,,,,,,,,,-0.9849783859474449,293,66
2026-27,football,American Southwest Conference (ASC),asc,Schreiner,"Jones,Cade",Cade,Jones,,1355,"Jones,Cade","JONES,CADE",Schreiner,SCH,0,4,0,15,15,0,WR,0,0,,,,,,,,,,1,4,0,4,4.0,,,,,,,,,,,,,,,,,,,,,,,,,,,,,,,,,,,,,,,,,,,,,,,,,,,,,,,,,,,,,,,,,,,,,,,,,,,,,,,,,,,,,,,,,,,,,,,,,,,,,,,,,,,,,,,,,,-0.9962790617544761,294,66
2026-27,football,American Southwest Conference (ASC),asc,Hardin-Simmons,"Rios,Aidan",Aidan,Rios,,271,"Rios,Aidan","RIOS,AIDAN",Hardin-Simmons,HSU,637-3153,2,0,38,38,0,RB,0,0,1,1,1,0,0,1,1.0,.5,,,,,,,,,,,,,,,,,,,,,,,,,,,,,,,,,,,,,,,,,,,,,,,,,,,,,,,,,,,,,,,,,,,,,,,,,,,,,,,,,,,,,,,,,,,,,,,,,,,,,,,,,,,,,,,,,,,,,,,,-1.002742526213582,295,66
2026-27,football,American Southwest Conference (ASC),asc,McMurry,"Gooch,Celdon",Celdon,Gooch,,8530,"Gooch,Celdon","GOOCH,CELDON",McMurry,MCM,643-5485,4,0,2,2D,0,0,DB,0,,,,,,,,,,,,,,,,,,,0,4,3,7,7,.0,.0,.0,0,0,0,0,0,0,0,0,0,0,0,0,0,0,0,0,,,,,,,,,,,,,,,,,,,,,,,,,,,,,,,,,,,,,,,,,,,,,,,1,18,0,18,18.0,,,,,,,,,,,,,,,,,,,,,,,,,,,,,,,,,,,-1.0065524625386453,296,66
2026-27,football,American Southwest Conference (ASC),asc,McMurry,"Loyd,Brayden",Brayden,Loyd,,8530,"Loyd,Brayden","LOYD,BRAYDEN",McMurry,MCM,643-6357,1,0,15,15,0,QB,0,0,0,0,0,0,0,0,.0,.0,,,,,,,,,,,,,,,,,,,,,,,,,,,,,,,,,,,,,,,,,,,,,,,,,,,,,,,,,,,,,,,,,,,,,,,,,,,,,,,,,,,,,,,,,,,,,,,,,,,,,,,,,,,,,,,,,,,,,,,,-1.0129942697648133,297,66
2026-27,football,American Southwest Conference (ASC),asc,McMurry,"Seagroves,David",David,Seagroves,,8530,"Seagroves,David","SEAGROVES,DAVID",McMurry,MCM,643-5776,4,3,65,65,0,OL,0,0,0,0,0,0,0,0,.0,.0,,,,,,,,,,,,,,,,,,,,,,,,,,,,,,,,,,,,,,,,,,,,,,,,,,,,,,,,,,,,,,,,,,,,,,,,,,,,,,,,,,,,,,,,,,,,,,,,,,,,,,,,,,,,,,,,,,,,,,,,-1.0129942697648133,298,65
2026-27,football,American Southwest Conference (ASC),asc,McMurry,"Alexander,Zay",Zay,Alexander,,8530,"Alexander,Zay","ALEXANDER,ZAY",McMurry,MCM,643-6239,1,0,4,4,0,WR,0,0,,,,,,,,,,0,0,0,0,.0,,,,,,,,,,,,,,,,,,,,,,,,,,,,,,,,,,,,,,,,,,,,,,,,,,,,,,,,,,,,,,,,,,,,,,,,,,,,,,,,,,,,,,,,,,,,,,,,,,,,,,,,,,,,,,,,,,-1.0320830060323913,299,65
2026-27,football,American Southwest Conference (ASC),asc,East Texas Baptist,"Carr,Cameron",Cameron,Carr,,1062,"Carr,Cameron","CARR,CAMERON",East Texas Baptist,ETB,636-4975,1,0,81,,0,WR,0,0,,,,,,,,,,0,0,0,0,.0,,,,,,,,,,,,,,,,,,,,,,,,,,,,,,,,,,,,,,,,,,,,,,,,,,,,,,,,,,,,,,,,,,,,,,,,,,,,,,,,,,,,,,,,,,,,,,,,,,,,,,,,,,,,,,,,,,-1.0320830060323913,300,65
2026-27,football,American Southwest Conference (ASC),asc,Hardin-Simmons,"Chipper,Nick",Nick,Chipper,,271,"Chipper,Nick","CHIPPER,NICK",Hardin-Simmons,HSU,637-3157,2,0,48,48,0,TE,0,0,,,,,,,,,,0,0,0,0,.0,,,,,,,,,,,,,,,,,,,,,,,,,,,,,,,,,,,,,,,,,,,,,,,,,,,,,,,,,,,,,,,,,,,,,,,,,,,,,,,,,,,,,,,,,,,,,,,,,,,,,,,,,,,,,,,,,,-1.0320830060323913,301,65
2026-27,football,American Southwest Conference (ASC),asc,East Texas Baptist,"Greely,Jonah",Jonah,Greely,,1062,"Greely,Jonah","GREELY,JONAH",East Texas Baptist,ETB,636-5625,1,0,40,40,0,TE,0,0,,,,,,,,,,0,0,0,0,.0,,,,,,,,,,,,,,,,,,,,,,,,,,,,,,,,,,,,,,,,,,,,,,,,,,,,,,,,,,,,,,,,,,,,,,,,,,,,,,,,,,,,,,,,,,,,,,,,,,,,,,,,,,,,,,,,,,-1.0320830060323913,302,65
2026-27,football,American Southwest Conference (ASC),asc,Schreiner,"Johnson,Julian",Julian,Johnson,,1355,"Johnson,Julian","JOHNSON,JULIAN",Schreiner,SCH,0,1,0,26,2T,0,WR,0,0,,,,,,,,,,0,0,0,0,.0,,,,,,,,,,,,,,,,,,,,,,,,,,,,,,,,,,,,,,,,,,,,,,,,,,,,,,,,,,,,,,,,,,,,,,,,,,,,,,,,,,,,,,,,,,,,,,,,,,,,,,,,,,,,,,,,,,-1.0320830060323913,303,65
2026-27,football,American Southwest Conference (ASC),asc,Mary Hardin-Baylor,"Watson,Travion",Travion,Watson,,1203,"Watson,Travion","WATSON,TRAVION",Mary Hardin-Baylor,UMHB,641-6683,1,0,81,81,0,WR,0,0,,,,,,,,,,0,0,0,0,.0,,,,,,,,,,,,,,,,,,,,,,,,,,,,,,,,,,,,,,,,,,,,,,,,,,,,,,,,,,,,,,,,,,,,,,,,,,,,,,,,,,,,,,,,,,,,,,,,,,,,,,,,,,,,,,,,,,-1.0320830060323913,304,65
2026-27,football,American Southwest Conference (ASC),asc,Schreiner,"Hirsch,Cole",Cole,Hirsch,,1355,"Hirsch,Cole","HIRSCH,COLE",Schreiner,SCH,0,4,3,34,34,0,TE,0,0,,,,,,,,,,1,-2,0,0,-2.0,,,,,,,,,,,,,,,,,,,,,,,,,,,,,,,,,,,,,,,,,,,,,,,,,,,,,,,,,,,,,,,,,,,,,,,,,,,,,,,,,,,,,,,,,,,,,,,,,,,,,,,,,,,,,,,,,,-1.0499849781713488,305,65
2026-27,football,American Southwest Conference (ASC),asc,Howard Payne,"Barajas,David",David,Barajas,,2741,"Barajas,David","BARAJAS,DAVID",Howard Payne,HPU,639-3157,3,0,50,50,0,0,LB,0,,,,,,,,,,,,,,,,,,,0,1,3,4,4,.0,.0,.0,0,0,0,0,0,0,0,0,0,0,0,0,0,0,0,0,,,,,,,,,,,,,,,,,,,,,,,,,,,,,,,,,,,,,,,,,,,,,,,,,,,,,,,,,,,,,,,,,,,,,,,,,,,,,,,,,,,,,,-1.060761170407265,306,65
2026-27,football,American Southwest Conference (ASC),asc,Schreiner,"Davis,Jailynn",Jailynn,Davis,,1355,"Davis,Jailynn","DAVIS,JAILYNN",Schreiner,SCH,0,1,0,36,36,0,0,DB,0,,,,,,,,,,,,,,,,,,,0,1,3,4,4,.0,.0,.0,0,0,0,0,0,0,0,0,0,0,0,0,0,0,0,0,,,,,,,,,,,,,,,,,,,,,,,,,,,,,,,,,,,,,,,,,,,,,,,,,,,,,,,,,,,,,,,,,,,,,,,,,,,,,,,,,,,,,,-1.060761170407265,307,65
2026-27,football,American Southwest Conference (ASC),asc,McMurry,"Edwards,Ja'Hatten",Ja'Hatten,Edwards,,8530,"Edwards,Ja'Hatten","EDWARDS,JA'HATTEN",McMurry,MCM,643-5542,4,0,96,96,0,0,DL,0,,,,,,,,,,,,,,,,,,,0,1,3,4,4,.0,.0,.0,0,0,0,0,0,0,0,0,0,0,0,0,0,0,0,0,,,,,,,,,,,,,,,,,,,,,,,,,,,,,,,,,,,,,,,,,,,,,,,,,,,,,,,,,,,,,,,,,,,,,,,,,,,,,,,,,,,,,,-1.060761170407265,308,64
2026-27,football,American Southwest Conference (ASC),asc,Schreiner,"Henry,Peculiar",Peculiar,Henry,,1355,"Henry,Peculiar","HENRY,PECULIAR",Schreiner,SCH,0,3,0,30,30,0,0,LB,0,,,,,,,,,,,,,,,,,,,0,4,0,4,4,.0,.0,.0,0,0,0,0,0,0,0,0,0,0,0,0,0,0,0,0,,,,,,,,,,,,,,,,,,,,,,,,,,,,,,,,,,,,,,,,,,,,,,,,,,,,,,,,,,,,,,,,,,,,,,,,,,,,,,,,,,,,,,-1.060761170407265,309,64
2026-27,football,American Southwest Conference (ASC),asc,Howard Payne,Kache Hendon,Kache,Hendon,,2741,Kache Hendon,"HENDON,KACHE",Howard Payne,HPU,639-3834,2,0,39,39,0,0,0,0,,,,,,,,,,,,,,,,,,,0,1,3,4,4,.0,.0,.0,0,0,0,0,0,0,0,0,0,0,0,0,0,0,0,0,,,,,,,,,,,,,,,,,,,,,,,,,,,,,,,,,,,,,,,,,,,,,,,,,,,,,,,,,,,,,,,,,,,,,,,,,,,,,,,,,,,,,,-1.060761170407265,310,64
2026-27,football,American Southwest Conference (ASC),asc,Howard Payne,"Leavitt,Cason",Cason,Leavitt,,2741,"Leavitt,Cason","LEAVITT,CASON",Howard Payne,HPU,639-3896,3,0,41,41,0,0,DB,0,,,,,,,,,,,,,,,,,,,0,3,1,4,4,.0,.0,.0,0,0,0,0,0,0,0,0,0,0,0,0,0,0,0,0,,,,,,,,,,,,,,,,,,,,,,,,,,,,,,,,,,,,,,,,,,,,,,,,,,,,,,,,,,,,,,,,,,,,,,,,,,,,,,,,,,,,,,-1.060761170407265,311,64
2026-27,football,American Southwest Conference (ASC),asc,Schreiner,"Martinez,Joaquin",Joaquin,Martinez,,1355,"Martinez,Joaquin","MARTINEZ,JOAQUIN",Schreiner,SCH,0,4,3,90,90,0,0,DE,0,,,,,,,,,,,,,,,,,,,0,3,1,4,4,.0,.0,.0,0,0,0,0,0,0,0,0,0,0,0,0,0,0,0,0,,,,,,,,,,,,,,,,,,,,,,,,,,,,,,,,,,,,,,,,,,,,,,,,,,,,,,,,,,,,,,,,,,,,,,,,,,,,,,,,,,,,,,-1.060761170407265,312,64
2026-27,football,American Southwest Conference (ASC),asc,East Texas Baptist,"Red,LaDavian",LaDavian,Red,,1062,"Red,LaDavian","RED,LADAVIAN",East Texas Baptist,ETB,636-5578,2,0,39,39,0,0,LB,0,,,,,,,,,,,,,,,,,,,0,1,3,4,4,.0,.0,.0,0,0,0,0,0,0,0,0,0,0,0,0,0,0,0,0,,,,,,,,,,,,,,,,,,,,,,,,,,,,,,,,,,,,,,,,,,,,,,,,,,,,,,,,,,,,,,,,,,,,,,,,,,,,,,,,,,,,,,-1.060761170407265,313,64
2026-27,football,American Southwest Conference (ASC),asc,Howard Payne,"Shaw,Ayden",Ayden,Shaw,,2741,"Shaw,Ayden","SHAW,AYDEN",Howard Payne,HPU,639-3897,3,3,25,25,0,0,DB,0,,,,,,,,,,,,,,,,,,,0,2,2,4,4,.0,.0,.0,0,0,0,0,0,0,0,0,0,0,0,0,0,0,0,0,,,,,,,,,,,,,,,,,,,,,,,,,,,,,,,,,,,,,,,,,,,,,,,,,,,,,,,,,,,,,,,,,,,,,,,,,,,,,,,,,,,,,,-1.060761170407265,314,64
2026-27,football,American Southwest Conference (ASC),asc,McMurry,"Rodriguez,Leroy",Leroy,Rodriguez,,8530,"Rodriguez,Leroy","RODRIGUEZ,LEROY",McMurry,MCM,643-6278,4,1,2,2,0,RB,0,0,22,84,84,0,0,13,3.8,21.0,,3,13,0,9,4.3,,,,,,,,,,,,,,,,,,,,,,,,,,,,,,,,,,,,,,,,,,,,,,,,,,,,,,,,,,,,,,,,,,,,,,,,,,,,,,,,,,,,,,,,,,,,,,,,,,,,,,,,,,,,,,,,,,-1.0675679985905555,315,64
2026-27,football,American Southwest Conference (ASC),asc,Howard Payne,"Harrison,Preztynn",Preztynn,Harrison,,2741,"Harrison,Preztynn","HARRISON,PREZTYNN",Howard Payne,HPU,639-3866,3,3,87,87,0,WR,0,0,,,,,,,,,,5,72,1,30,14.4,,,,,0,0,0,0,0,.0,.0,.0,0,0,0,0,0,0,0,0,0,0,0,0,0,0,0,0,,,,,,0,1,0,0,0,0,0,0,0,6,6,2,,,,,,,,,,,,,,,,,,,,,,,,,,,,,,,,,,,,,,,,,,,,,,,,,,,,,,,,,,,,,,,,,,,,,-1.0771759857039198,316,64
2026-27,football,American Southwest Conference (ASC),asc,Howard Payne,"Finley,Jayden",Jayden,Finley,,2741,"Finley,Jayden","FINLEY,JAYDEN",Howard Payne,HPU,639-3884,1,0,45,45,0,0,LB,0,,,,,,,,,,,,,,,,,,,0,0,1,1,1,.5,.0,.0,0,1,1,0,0,0,0,0,0,0,0,0,0,0,0,0,,,,,,,,,,,,,,,,,,,,,,,,,,,,,,,,,,,,,,,,,,,,,,,,,,,,,,,,,,,,,,,,,,,,,,,,,,,,,,,,,,,,,,-1.0993813532661691,317,63
2026-27,football,American Southwest Conference (ASC),asc,McMurry,"Gass,Dylan",Dylan,Gass,,8530,"Gass,Dylan","GASS,DYLAN",McMurry,MCM,643-6001,2,0,91,91,0,0,DL,0,,,,,,,,,,,,,,,,,,,0,0,1,1,1,.5,.0,.0,0,1,1,0,0,0,0,0,0,0,0,0,0,0,0,0,,,,,,,,,,,,,,,,,,,,,,,,,,,,,,,,,,,,,,,,,,,,,,,,,,,,,,,,,,,,,,,,,,,,,,,,,,,,,,,,,,,,,,-1.0993813532661691,318,63
2026-27,football,American Southwest Conference (ASC),asc,Schreiner,"Johnson,Vamaur",Vamaur,Johnson,,1355,"Johnson,Vamaur","JOHNSON,VAMAUR",Schreiner,SCH,0,1,0,5,5,0,0,DE,0,,,,,,,,,,,,,,,,,,,0,0,1,1,1,.5,.0,.0,0,1,1,0,0,0,0,0,0,0,0,0,0,0,0,0,,,,,,,,,,,,,,,,,,,,,,,,,,,,,,,,,,,,,,,,,,,,,,,,,,,,,,,,,,,,,,,,,,,,,,,,,,,,,,,,,,,,,,-1.0993813532661691,319,63
2026-27,football,American Southwest Conference (ASC),asc,Schreiner,"Rose,Markhas",Markhas,Rose,,1355,"Rose,Markhas","ROSE,MARKHAS",Schreiner,SCH,0,1,0,8,8R,0,0,DL,0,,,,,,,,,,,,,,,,,,,0,0,1,1,1,.5,.0,.0,0,1,3,0,0,0,0,0,0,0,0,0,0,0,0,0,,,,,,,,,,,,,,,,,,,,,,,,,,,,,,,,,,,,,,,,,,,,,,,,,,,,,,,,,,,,,,,,,,,,,,,,,,,,,,,,,,,,,,-1.0993813532661691,320,63
2026-27,football,American Southwest Conference (ASC),asc,East Texas Baptist,"Sanders,J'Shaun",J'Shaun,Sanders,,1062,"Sanders,J'Shaun","SANDERS,J'SHAUN",East Texas Baptist,ETB,636-5034,3,0,80,,0,WR,0,0,,,,,,,,,,1,36,0,36,36.0,,,,,,,,,,,,,,,,,,,,,,,,,,,,,,,,,,,,,,,,,,,,,,,,,,,,,,,,,,,,,,,,,,,,,,,,,,,1,11,0,11,11.0,1,12,0,12,12.0,,,,,,,,,,,,,,,,,,,,,,,,,,,,,,-1.115372768638242,321,63
2026-27,football,American Southwest Conference (ASC),asc,East Texas Baptist,"Newton,Keith",Keith,Newton,,1062,"Newton,Keith","NEWTON,KEITH",East Texas Baptist,ETB,636-5560,2,0,69,69,0,0,DL,0,,,,,,,,,,,,,,,,,,,0,1,2,3,3,.0,.0,.0,0,0,0,0,0,0,0,0,0,0,0,0,0,0,0,0,,,,,,,,,,,,,,,,,,,,,,,,,,,,,,,,,,,,,,,,,,,,,,,,,,,,,,,,,,,,,,,,,,,,,,,,,,,,,,,,,,,,,,-1.1751641377259894,322,63
2026-27,football,American Southwest Conference (ASC),asc,Mary Hardin-Baylor,"Norton,Landon",Landon,Norton,,1203,"Norton,Landon","NORTON,LANDON",Mary Hardin-Baylor,UMHB,641-6921,3,0,32,32,0,0,S,0,,,,,,,,,,,,,,,,,,,0,1,2,3,3,.0,.0,.0,0,0,0,0,0,0,0,0,0,0,0,0,0,0,0,0,,,,,,,,,,,,,,,,,,,,,,,,,,,,,,,,,,,,,,,,,,,,,,,,,,,,,,,,,,,,,,,,,,,,,,,,,,,,,,,,,,,,,,-1.1751641377259894,323,63
2026-27,football,American Southwest Conference (ASC),asc,Mary Hardin-Baylor,"Owens,Gavin",Gavin,Owens,,1203,"Owens,Gavin","OWENS,GAVIN",Mary Hardin-Baylor,UMHB,641-6923,2,0,44,44,0,0,LB,0,,,,,,,,,,,,,,,,,,,0,1,2,3,3,.0,.0,.0,0,0,0,0,0,0,0,0,0,0,0,0,0,0,0,0,,,,,,,,,,,,,,,,,,,,,,,,,,,,,,,,,,,,,,,,,,,,,,,,,,,,,,,,,,,,,,,,,,,,,,,,,,,,,,,,,,,,,,-1.1751641377259894,324,63
2026-27,football,American Southwest Conference (ASC),asc,Howard Payne,"Parker,Jerwayne",Jerwayne,Parker,,2741,"Parker,Jerwayne","PARKER,JERWAYNE",Howard Payne,HPU,639-3120,3,0,24,2T,0,0,DB,0,,,,,,,,,,,,,,,,,,,0,1,2,3,3,.0,.0,.0,0,0,0,0,0,0,0,0,0,0,0,0,0,0,0,0,,,,,,,,,,,,,,,,,,,,,,,,,,,,,,,,,,,,,,,,,,,,,,,,,,,,,,,,,,,,,,,,,,,,,,,,,,,,,,,,,,,,,,-1.1751641377259894,325,63
2026-27,football,American Southwest Conference (ASC),asc,East Texas Baptist,"Thomas,Ja'Kylon",Ja'Kylon,Thomas,,1062,"Thomas,Ja'Kylon","THOMAS,JA'KYLON",East Texas Baptist,ETB,636-4668,4,1,25,25,0,0,DB,0,,,,,,,,,,,,,,,,,,,0,1,2,3,3,.0,.0,.0,0,0,0,0,0,0,0,0,0,0,0,0,0,0,0,0,,,,,,,,,,,,,,,,,,,,,,,,,,,,,,,,,,,,,,,,,,,,,,,,,,,,,,,,,,,,,,,,,,,,,,,,,,,,,,,,,,,,,,-1.1751641377259894,326,63
2026-27,football,American Southwest Conference (ASC),asc,Mary Hardin-Baylor,"Williams,Nikk",Nikk,Williams,,1203,"Williams,Nikk","WILLIAMS,NIKK",Mary Hardin-Baylor,UMHB,641-7003,3,0,4,4,0,0,CB,0,,,,,,,,,,,,,,,,,,,0,1,2,3,3,.0,.0,.0,0,0,0,0,0,0,0,0,0,0,0,0,0,0,0,0,,,,,,,,,,,,,,,,,,,,,,,,,,,,,,,,,,,,,,,,,,,,,,,,,,,,,,,,,,,,,,,,,,,,,,,,,,,,,,,,,,,,,,-1.1751641377259894,327,62
2026-27,football,American Southwest Conference (ASC),asc,Hardin-Simmons,"Williams-Wright,Ethan",Ethan,Williams-Wright,,271,"Williams-Wright,Ethan","WILLIAMS-WRIGHT,ETHAN",Hardin-Simmons,HSU,637-3684,2,0,17,17,0,0,DB,0,,,,,,,,,,,,,,,,,,,0,2,0,2,2,.0,.0,.0,0,0,0,0,0,0,0,0,0,0,0,0,0,0,0,0,,,,,,,,,,,,,,,,,,,,,1,0,,,,,,,,,,,,,,,,,,,,,,,,,2,11,0,11,5.5,1,3,0,3,3.0,,,,,,,,,,,,,,,,,,,,,,,,,,,,,,-1.186819501554592,328,62
2026-27,football,American Southwest Conference (ASC),asc,Howard Payne,"Fucik,Bryce",Bryce,Fucik,,2741,"Fucik,Bryce","FUCIK,BRYCE",Howard Payne,HPU,639-3902,2,0,8,8,0,QB,0,0,,,,,,,,,,1,4,0,4,4.0,,,,,,,,,,,,,,,,,,,,,,,,,,,,,,,,,,,,,,,,,,,,,,,,,,,0,0,17,0,17,0,1,1,242.8,17.00,17.00,8.5,,,,,,,,,,,,,,,,,,,,,,,,,,,,,,,,,,,,,,,,,,,,,,,,,,,,-1.212044511430335,329,62
2026-27,football,American Southwest Conference (ASC),asc,Schreiner,"Warren,Bryce",Bryce,Warren,,1355,"Warren,Bryce","WARREN,BRYCE",Schreiner,SCH,0,4,0,18,18,0,0,0,0,,,,,,,,,,,,,,,,,,,0,0,0,0,0,.0,.0,.0,0,0,0,0,0,0,0,0,0,0,0,0,0,0,0,0,,,,,,10,0,1,0,0,0,0,0,0,13,13,3.25,,,,,,,,,,,,,,,,,,11,10,0,0,0,0,0,0,0,0,0,0,,,,,,,,,,,,,,,,,10,411,60,0,2,2,1,4,41.1,1,3,33,0,33.3,8,477,0,1,59.6,,,,,-1.2415022031047278,330,62
2026-27,football,American Southwest Conference (ASC),asc,Howard Payne,"Taylor,Jermaine",Jermaine,Taylor,,2741,"Taylor,Jermaine","TAYLOR,JERMAINE",Howard Payne,HPU,639-3861,3,0,3,3,0,WR,0,0,,,,,,,,,,9,116,0,41,12.9,,,,,0,1,1,2,2,.0,.0,.0,0,0,0,0,0,0,0,0,0,0,0,0,0,0,0,0,,,,,,,,,,,,,,,,,,,,,,,,,,,,,,,,,,,,,,,,,,,,,,,,,,,,,,,,,,,,,,,,,,,,,,,,,,,,,,,,,,,,,,-1.2833357270175632,331,62
2026-27,football,American Southwest Conference (ASC),asc,East Texas Baptist,"Reese,Dayshun",Dayshun,Reese,,1062,"Reese,Dayshun","REESE,DAYSHUN",East Texas Baptist,ETB,636-5025,4,0,23,23,0,RB,0,0,15,74,85,11,0,16,4.9,18.5,,0,0,0,0,.0,,,,,,,,,,,,,,,,,,,,,,,,,,,,,,,,,,,,,,,,,,,,,,,,,,,,,,,,,,,,,,,,,,,,,,,,,,,,,,,,,,,,,,,,,,,,,,,,,,,,,,,,,,,,,,,,,,-1.2864482530060923,332,62
2026-27,football,American Southwest Conference (ASC),asc,Howard Payne,"Bray,Jalen",Jalen,Bray,,2741,"Bray,Jalen","BRAY,JALEN",Howard Payne,HPU,639-3890,3,1,53,53,0,0,DL,0,,,,,,,,,,,,,,,,,,,0,0,2,2,2,.0,.0,.0,0,0,0,0,0,0,0,0,0,0,0,0,0,0,0,0,,,,,,,,,,,,,,,,,,,,,,,,,,,,,,,,,,,,,,,,,,,,,,,,,,,,,,,,,,,,,,,,,,,,,,,,,,,,,,,,,,,,,,-1.2895671050447135,333,62
2026-27,football,American Southwest Conference (ASC),asc,McMurry,"Collins,Kwame",Kwame,Collins,,8530,"Collins,Kwame","COLLINS,KWAME",McMurry,MCM,643-6243,2,0,4,4D,0,0,DB,0,,,,,,,,,,,,,,,,,,,0,1,1,2,2,.0,.0,.0,0,0,0,0,0,0,0,0,0,0,0,0,0,0,0,0,,,,,,,,,,,,,,,,,,,,,,,,,,,,,,,,,,,,,,,,,,,,,,,,,,,,,,,,,,,,,,,,,,,,,,,,,,,,,,,,,,,,,,-1.2895671050447135,334,62
2026-27,football,American Southwest Conference (ASC),asc,Mary Hardin-Baylor,"Ellison,Daylan",Daylan,Ellison,,1203,"Ellison,Daylan","ELLISON,DAYLAN",Mary Hardin-Baylor,UMHB,641-6877,2,0,43,43,0,OL,0,0,,,,,,,,,,,,,,,,,,,0,0,2,2,2,.0,.0,.0,0,0,0,0,0,0,0,0,0,0,0,0,0,0,0,0,,,,,,,,,,,,,,,,,,,,,,,,,,,,,,,,,,,,,,,,,,,,,,,,,,,,,,,,,,,,,,,,,,,,,,,,,,,,,,,,,,,,,,-1.2895671050447135,335,62
2026-27,football,American Southwest Conference (ASC),asc,McMurry,"Foster,Micah",Micah,Foster,,8530,"Foster,Micah","FOSTER,MICAH",McMurry,MCM,643-6251,1,0,13,1E,0,0,DB,0,,,,,,,,,,,,,,,,,,,0,1,1,2,2,.0,.0,.0,0,0,0,0,0,0,0,0,0,0,0,0,0,0,0,0,,,,,,,,,,,,,,,,,,,,,,,,,,,,,,,,,,,,,,,,,,,,,,,,,,,,,,,,,,,,,,,,,,,,,,,,,,,,,,,,,,,,,,-1.2895671050447135,336,62
2026-27,football,American Southwest Conference (ASC),asc,Mary Hardin-Baylor,"Foster,Sa'kuan",Sa'kuan,Foster,,1203,"Foster,Sa'kuan","FOSTER,SA'KUAN",Mary Hardin-Baylor,UMHB,641-6980,3,1,25,25,0,0,DB,0,,,,,,,,,,,,,,,,,,,0,1,1,2,2,.0,.0,.0,0,0,0,0,0,0,0,0,0,0,0,0,0,0,0,0,,,,,,,,,,,,,,,,,,,,,,,,,,,,,,,,,,,,,,,,,,,,,,,,,,,,,,,,,,,,,,,,,,,,,,,,,,,,,,,,,,,,,,-1.2895671050447135,337,61
2026-27,football,American Southwest Conference (ASC),asc,East Texas Baptist,"Hinton,Torryan",Torryan,Hinton,,1062,"Hinton,Torryan","HINTON,TORRYAN",East Texas Baptist,ETB,636-4996,2,0,7,7,0,0,CB,0,,,,,,,,,,,,,,,,,,,0,2,0,2,2,.0,.0,.0,0,0,0,0,0,0,0,0,0,0,0,0,0,0,0,0,,,,,,,,,,,,,,,,,,,,,,,,,,,,,,,,,,,,,,,,,,,,,,,,,,,,,,,,,,,,,,,,,,,,,,,,,,,,,,,,,,,,,,-1.2895671050447135,338,61
2026-27,football,American Southwest Conference (ASC),asc,Mary Hardin-Baylor,"Johnson,Javion",Javion,Johnson,,1203,"Johnson,Javion","JOHNSON,JAVION",Mary Hardin-Baylor,UMHB,641-6901,3,0,35,35,0,0,CB,0,,,,,,,,,,,,,,,,,,,0,2,0,2,2,.0,.0,.0,0,0,0,0,0,0,0,0,0,0,0,0,0,0,0,0,,,,,,,,,,,,,,,,,,,,,,,,,,,,,,,,,,,,,,,,,,,,,,,,,,,,,,,,,,,,,,,,,,,,,,,,,,,,,,,,,,,,,,-1.2895671050447135,339,61
2026-27,football,American Southwest Conference (ASC),asc,Schreiner,"Martinez,Orlando",Orlando,Martinez,,1355,"Martinez,Orlando","MARTINEZ,ORLANDO",Schreiner,SCH,0,1,0,48,4M,0,0,LB,0,,,,,,,,,,,,,,,,,,,0,2,0,2,2,.0,.0,.0,0,0,0,0,0,0,0,0,0,0,0,0,0,0,0,0,,,,,,,,,,,,,,,,,,,,,,,,,,,,,,,,,,,,,,,,,,,,,,,,,,,,,,,,,,,,,,,,,,,,,,,,,,,,,,,,,,,,,,-1.2895671050447135,340,61
2026-27,football,American Southwest Conference (ASC),asc,Howard Payne,"Powell,Gage",Gage,Powell,,2741,"Powell,Gage","POWELL,GAGE",Howard Payne,HPU,639-3137,1,0,15,1T,0,0,DB,0,,,,,,,,,,,,,,,,,,,0,0,2,2,2,.0,.0,.0,0,0,0,0,0,0,0,0,0,0,0,0,0,0,0,0,,,,,,,,,,,,,,,,,,,,,,,,,,,,,,,,,,,,,,,,,,,,,,,,,,,,,,,,,,,,,,,,,,,,,,,,,,,,,,,,,,,,,,-1.2895671050447135,341,61
2026-27,football,American Southwest Conference (ASC),asc,East Texas Baptist,"Stroman,Joe",Joe,Stroman,,1062,"Stroman,Joe","STROMAN,JOE",East Texas Baptist,ETB,636-5046,2,0,22,22,0,0,CB,0,,,,,,,,,,,,,,,,,,,0,1,1,2,2,.0,.0,.0,0,0,0,0,0,0,0,0,0,0,0,0,0,0,0,0,,,,,,,,,,,,,,,,,,,,,,,,,,,,,,,,,,,,,,,,,,,,,,,,,,,,,,,,,,,,,,,,,,,,,,,,,,,,,,,,,,,,,,-1.2895671050447135,342,61
2026-27,football,American Southwest Conference (ASC),asc,McMurry,"Terrell,Alex",Alex,Terrell,,8530,"Terrell,Alex","TERRELL,ALEX",McMurry,MCM,643-6047,2,0,14,1Y,0,0,DB,0,,,,,,,,,,,,,,,,,,,0,0,2,2,2,.0,.0,.0,0,0,0,0,0,0,0,0,0,0,0,0,0,0,0,0,,,,,,,,,,,,,,,,,,,,,,,,,,,,,,,,,,,,,,,,,,,,,,,,,,,,,,,,,,,,,,,,,,,,,,,,,,,,,,,,,,,,,,-1.2895671050447135,343,61
2026-27,football,American Southwest Conference (ASC),asc,Schreiner,Ty Weaver,Ty,Weaver,,1355,Ty Weaver,"WEAVER,TY",Schreiner,SCH,0,1,0,47,47,0,0,0,0,,,,,,,,,,,,,,,,,,,0,0,2,2,2,.0,.0,.0,0,0,0,0,0,0,0,0,0,0,0,0,0,0,0,0,,,,,,,,,,,,,,,,,,,,,,,,,,,,,,,,,,,,,,,,,,,,,,,,,,,,,,,,,,,,,,,,,,,,,,,,,,,,,,,,,,,,,,-1.2895671050447135,344,61
2026-27,football,American Southwest Conference (ASC),asc,McMurry,"Veasley,Quay",Quay,Veasley,,8530,"Veasley,Quay","VEASLEY,QUAY",McMurry,MCM,643-6050,1,0,29,29,0,0,DB,0,,,,,,,,,,,,,,,,,,,0,0,2,2,2,.0,.0,.0,0,0,0,0,0,0,0,0,0,0,0,0,0,0,0,0,,,,,,,,,,,,,,,,,,,,,,,,,,,,,,,,,,,,,,,,,,,,,,,,,,,,,,,,,,,,,,,,,,,,,,,,,,,,,,,,,,,,,,-1.2895671050447135,345,61
2026-27,football,American Southwest Conference (ASC),asc,McMurry,"Wells,Landrum",Landrum,Wells,,8530,"Wells,Landrum","WELLS,LANDRUM",McMurry,MCM,643-5511,4,0,46,46,0,0,0,0,,,,,,,,,,,,,,,,,,,0,1,1,2,2,.0,.0,.0,0,0,0,0,0,0,0,0,0,0,0,0,0,0,0,0,,,,,,,,,,,,,,,,,,,,,,,,,,,,,,,,,,,,,,,,,,,,,,,,,,,,,,,,,,,,,,,,,,,,,,,,,,,,,,,,,,,,,,-1.2895671050447135,346,60
2026-27,football,American Southwest Conference (ASC),asc,Howard Payne,"Williams,Iantavion",Iantavion,Williams,,2741,"Williams,Iantavion","WILLIAMS,IANTAVION",Howard Payne,HPU,639-3777,1,0,36,36,0,0,DB,0,,,,,,,,,,,,,,,,,,,0,0,2,2,2,.0,.0,.0,0,0,0,0,0,0,0,0,0,0,0,0,0,0,0,0,,,,,,,,,,,,,,,,,,,,,,,,,,,,,,,,,,,,,,,,,,,,,,,,,,,,,,,,,,,,,,,,,,,,,,,,,,,,,,,,,,,,,,-1.2895671050447135,347,60
2026-27,football,American Southwest Conference (ASC),asc,Schreiner,"Collins,Gabriel",Gabriel,Collins,,1355,"Collins,Gabriel","COLLINS,GABRIEL",Schreiner,SCH,0,1,0,12,1C,0,0,DB,0,,,,,,,,,,,,,,,,,,,0,4,1,5,5,.0,.0,.0,0,0,0,0,0,0,0,0,0,0,0,0,0,0,0,0,,,,,,,,,,,,,,,,,,,,,,,,,,,,,,,,,,,,,,,,,,,,,,,1,0,0,0,.0,,,,,,,,,,,,,,,,,,,,,,,,,,,,,,,,,,,-1.3162376034366388,348,60
2026-27,football,American Southwest Conference (ASC),asc,Howard Payne,"Barnes,Omarion",Omarion,Barnes,,2741,"Barnes,Omarion","BARNES,OMARION",Howard Payne,HPU,639-3819,1,0,27,27,0,0,DB,0,,,,,,,,,,,,,,,,,,,0,0,1,1,1,.0,.0,.0,0,0,0,0,0,0,0,0,0,0,0,0,0,0,0,0,,,,,,,,,,,,,,,,,,,,,,,,,,,,,,,,,,,,,,,,,,,,,,,,,,,,,,,,,,,,,,,,,,,,,,,,,,,,,,,,,,,,,,-1.4039700723634378,349,60
2026-27,football,American Southwest Conference (ASC),asc,Schreiner,"Blanchard,Zakary",Zakary,Blanchard,,1355,"Blanchard,Zakary","BLANCHARD,ZAKARY",Schreiner,SCH,0,1,0,23,2Z,0,0,DB,0,,,,,,,,,,,,,,,,,,,0,1,0,1,1,.0,.0,.0,0,0,0,0,0,0,0,0,0,0,0,0,0,0,0,0,,,,,,,,,,,,,,,,,,,,,,,,,,,,,,,,,,,,,,,,,,,,,,,,,,,,,,,,,,,,,,,,,,,,,,,,,,,,,,,,,,,,,,-1.4039700723634378,350,60
2026-27,football,American Southwest Conference (ASC),asc,McMurry,"Boima,Jim",Jim,Boima,,8530,"Boima,Jim","BOIMA,JIM",McMurry,MCM,643-6398,1,0,95,95,0,0,DL,0,,,,,,,,,,,,,,,,,,,0,1,0,1,1,.0,.0,.0,0,0,0,0,0,0,0,0,0,1,0,0,0,0,0,0,,,,,,,,,,,,,,,,,,,,,,,,,,,,,,,,,,,,,,,,,,,,,,,,,,,,,,,,,,,,,,,,,,,,,,,,,,,,,,,,,,,,,,-1.4039700723634378,351,60
2026-27,football,American Southwest Conference (ASC),asc,McMurry,"Brown,Cortez",Cortez,Brown,,8530,"Brown,Cortez","BROWN,CORTEZ",McMurry,MCM,643-5988,1,0,38,38,0,0,DB,0,,,,,,,,,,,,,,,,,,,0,1,0,1,1,.0,.0,.0,0,0,0,0,0,0,0,0,0,0,0,0,0,0,0,0,,,,,,,,,,,,,,,,,,,,,,,,,,,,,,,,,,,,,,,,,,,,,,,,,,,,,,,,,,,,,,,,,,,,,,,,,,,,,,,,,,,,,,-1.4039700723634378,352,60
2026-27,football,American Southwest Conference (ASC),asc,Hardin-Simmons,"Bullard,Dawson",Dawson,Bullard,,271,"Bullard,Dawson","BULLARD,DAWSON",Hardin-Simmons,HSU,637-3970,2,0,39,39,0,0,DB,0,,,,,,,,,,,,,,,,,,,0,1,0,1,1,.0,.0,.0,0,0,0,0,0,0,0,0,0,0,0,0,0,0,0,0,,,,,,,,,,,,,,,,,,,,,,,,,,,,,,,,,,,,,,,,,,,,,,,,,,,,,,,,,,,,,,,,,,,,,,,,,,,,,,,,,,,,,,-1.4039700723634378,353,60
2026-27,football,American Southwest Conference (ASC),asc,Hardin-Simmons,"Carney,Casen",Casen,Carney,,271,"Carney,Casen","CARNEY,CASEN",Hardin-Simmons,HSU,637-3975,2,0,86,86,0,WR,0,0,,,,,,,,,,,,,,,,,,,0,0,1,1,1,.0,.0,.0,0,0,0,0,0,0,0,0,0,0,0,0,0,0,0,0,,,,,,,,,,,,,,,,,,,,,,,,,,,,,,,,,,,,,,,,,,,,,,,,,,,,,,,,,,,,,,,,,,,,,,,,,,,,,,,,,,,,,,-1.4039700723634378,354,60
2026-27,football,American Southwest Conference (ASC),asc,Mary Hardin-Baylor,"Craig,Colin",Colin,Craig,,1203,"Craig,Colin","CRAIG,COLIN",Mary Hardin-Baylor,UMHB,641-6553,3,0,40,4O,0,0,LB,0,,,,,,,,,,,,,,,,,,,0,1,0,1,1,.0,.0,.0,0,0,0,0,0,0,0,0,0,0,0,0,0,0,0,0,,,,,,,,,,,,,,,,,,,,,,,,,,,,,,,,,,,,,,,,,,,,,,,,,,,,,,,,,,,,,,,,,,,,,,,,,,,,,,,,,,,,,,-1.4039700723634378,355,60
2026-27,football,American Southwest Conference (ASC),asc,Hardin-Simmons,"DeVivo,Brighton",Brighton,DeVivo,,271,"DeVivo,Brighton","DEVIVO,BRIGHTON",Hardin-Simmons,HSU,637-3908,2,0,88,88,0,WR,0,0,,,,,,,,,,,,,,,,,,,0,1,0,1,1,.0,.0,.0,0,0,0,0,0,0,0,0,0,0,0,0,0,0,0,0,,,,,,,,,,,,,,,,,,,,,,,,,,,,,,,,,,,,,,,,,,,,,,,,,,,,,,,,,,,,,,,,,,,,,,,,,,,,,,,,,,,,,,-1.4039700723634378,356,59
2026-27,football,American Southwest Conference (ASC),asc,Mary Hardin-Baylor,"Drinkard,Deion",Deion,Drinkard,,1203,"Drinkard,Deion","DRINKARD,DEION",Mary Hardin-Baylor,UMHB,641-6196,2,0,20,20,0,0,S,0,,,,,,,,,,,,,,,,,,,0,0,1,1,1,.0,.0,.0,0,0,0,0,0,0,0,0,0,0,0,0,0,0,0,0,,,,,,,,,,,,,,,,,,,,,,,,,,,,,,,,,,,,,,,,,,,,,,,,,,,,,,,,,,,,,,,,,,,,,,,,,,,,,,,,,,,,,,-1.4039700723634378,357,59
2026-27,football,American Southwest Conference (ASC),asc,East Texas Baptist,"Eagans,Jayrn",Jayrn,Eagans,,1062,"Eagans,Jayrn","EAGANS,JAYRN",East Texas Baptist,ETB,636-4982,2,0,49,49,0,0,DL,0,,,,,,,,,,,,,,,,,,,0,0,1,1,1,.0,.0,.0,0,0,0,0,0,0,0,0,0,0,0,0,0,0,0,0,,,,,,,,,,,,,,,,,,,,,,,,,,,,,,,,,,,,,,,,,,,,,,,,,,,,,,,,,,,,,,,,,,,,,,,,,,,,,,,,,,,,,,-1.4039700723634378,358,59
2026-27,football,American Southwest Conference (ASC),asc,East Texas Baptist,"Erb,Christian",Christian,Erb,,1062,"Erb,Christian","ERB,CHRISTIAN",East Texas Baptist,ETB,636-5617,4,0,31,31,0,0,LB,0,,,,,,,,,,,,,,,,,,,0,1,0,1,1,.0,.0,.0,0,0,0,0,0,0,0,0,0,0,0,0,0,0,0,0,,,,,,,,,,,,,,,,,,,,,,,,,,,,,,,,,,,,,,,,,,,,,,,,,,,,,,,,,,,,,,,,,,,,,,,,,,,,,,,,,,,,,,-1.4039700723634378,359,59
2026-27,football,American Southwest Conference (ASC),asc,Howard Payne,"Erilus,Jha'Mauri",Jha'Mauri,Erilus,,2741,"Erilus,Jha'Mauri","ERILUS,JHA'MAURI",Howard Payne,HPU,639-3527,1,0,35,35,0,0,DB,0,,,,,,,,,,,,,,,,,,,0,1,0,1,1,.0,.0,.0,0,0,0,0,0,0,0,0,0,0,0,0,0,0,0,0,,,,,,,,,,,,,,,,,,,,,,,,,,,,,,,,,,,,,,,,,,,,,,,,,,,,,,,,,,,,,,,,,,,,,,,,,,,,,,,,,,,,,,-1.4039700723634378,360,59
2026-27,football,American Southwest Conference (ASC),asc,Hardin-Simmons,"Evans,Micah",Micah,Evans,,271,"Evans,Micah","EVANS,MICAH",Hardin-Simmons,HSU,637-3383,2,0,18,18,0,0,DB,0,,,,,,,,,,,,,,,,,,,0,1,0,1,1,.0,.0,.0,0,0,0,0,0,0,0,0,0,0,0,0,0,0,0,0,,,,,,,,,,,,,,,,,,,,,,,,,,,,,,,,,,,,,,,,,,,,,,,,,,,,,,,,,,,,,,,,,,,,,,,,,,,,,,,,,,,,,,-1.4039700723634378,361,59
2026-27,football,American Southwest Conference (ASC),asc,Hardin-Simmons,"Fleming,Kaden",Kaden,Fleming,,271,"Fleming,Kaden","FLEMING,KADEN",Hardin-Simmons,HSU,637-3892,2,0,91,91,0,0,DT,0,,,,,,,,,,,,,,,,,,,0,0,1,1,1,.0,.0,.0,0,0,0,0,0,0,0,0,0,0,0,0,0,0,0,0,,,,,,,,,,,,,,,,,,,,,,,,,,,,,,,,,,,,,,,,,,,,,,,,,,,,,,,,,,,,,,,,,,,,,,,,,,,,,,,,,,,,,,-1.4039700723634378,362,59
2026-27,football,American Southwest Conference (ASC),asc,Mary Hardin-Baylor,"Gasque,Noah",Noah,Gasque,,1203,"Gasque,Noah","GASQUE,NOAH",Mary Hardin-Baylor,UMHB,641-5033,3,0,50,50,0,WR,0,0,,,,,,,,,,,,,,,,,,,0,1,0,1,1,.0,.0,.0,0,0,0,0,0,0,0,0,0,0,0,0,0,0,0,0,,,,,,,,,,,,,,,,,,,,,,,,,,,,,,,,,,,,,,,,,,,,,,,,,,,,,,,,,,,,,,,,,,,,,,,,,,,,,,,,,,,,,,-1.4039700723634378,363,59
2026-27,football,American Southwest Conference (ASC),asc,Mary Hardin-Baylor,"Grant,Jordan",Jordan,Grant,,1203,"Grant,Jordan","GRANT,JORDAN",Mary Hardin-Baylor,UMHB,641-6884,3,0,26,26,0,0,DB,0,,,,,,,,,,,,,,,,,,,0,0,1,1,1,.0,.0,.0,0,0,0,0,0,0,0,0,0,0,0,0,0,0,0,0,,,,,,,,,,,,,,,,,,,,,,,,,,,,,,,,,,,,,,,,,,,,,,,,,,,,,,,,,,,,,,,,,,,,,,,,,,,,,,,,,,,,,,-1.4039700723634378,364,59
2026-27,football,American Southwest Conference (ASC),asc,Howard Payne,"Griffin,Tyreik",Tyreik,Griffin,,2741,"Griffin,Tyreik","GRIFFIN,TYREIK",Howard Payne,HPU,639-3287,1,0,47,47,0,0,DL,0,,,,,,,,,,,,,,,,,,,0,1,0,1,1,.0,.0,.0,0,0,0,0,0,0,0,0,0,0,0,0,0,0,0,0,,,,,,,,,,,,,,,,,,,,,,,,,,,,,,,,,,,,,,,,,,,,,,,,,,,,,,,,,,,,,,,,,,,,,,,,,,,,,,,,,,,,,,-1.4039700723634378,365,59
2026-27,football,American Southwest Conference (ASC),asc,Mary Hardin-Baylor,"Hafford,Ty'Zavion",Ty'Zavion,Hafford,,1203,"Hafford,Ty'Zavion","HAFFORD,TY'ZAVION",Mary Hardin-Baylor,UMHB,641-6887,1,0,7,7,0,WR,0,0,,,,,,,,,,,,,,,,,,,0,0,1,1,1,.0,.0,.0,0,0,0,0,0,0,0,0,0,0,0,0,0,0,0,0,,,,,,,,,,,,,,,,,,,,,,,,,,,,,,,,,,,,,,,,,,,,,,,,,,,,,,,,,,,,,,,,,,,,,,,,,,,,,,,,,,,,,,-1.4039700723634378,366,58
2026-27,football,American Southwest Conference (ASC),asc,Schreiner,"Hallock,Jaydon",Jaydon,Hallock,,1355,"Hallock,Jaydon","HALLOCK,JAYDON",Schreiner,SCH,0,1,0,31,31,0,0,CB,0,,,,,,,,,,,,,,,,,,,0,1,0,1,1,.0,.0,.0,0,0,0,0,0,0,0,0,0,0,0,0,0,0,0,0,,,,,,,,,,,,,,,,,,,,,,,,,,,,,,,,,,,,,,,,,,,,,,,,,,,,,,,,,,,,,,,,,,,,,,,,,,,,,,,,,,,,,,-1.4039700723634378,367,58
2026-27,football,American Southwest Conference (ASC),asc,East Texas Baptist,"Hanks,Konnor",Konnor,Hanks,,1062,"Hanks,Konnor","HANKS,KONNOR",East Texas Baptist,ETB,636-4991,1,0,43,43,0,0,DB,0,,,,,,,,,,,,,,,,,,,0,0,1,1,1,.0,.0,.0,0,0,0,0,0,0,0,0,0,0,0,0,0,0,0,0,,,,,,,,,,,,,,,,,,,,,,,,,,,,,,,,,,,,,,,,,,,,,,,,,,,,,,,,,,,,,,,,,,,,,,,,,,,,,,,,,,,,,,-1.4039700723634378,368,58
2026-27,football,American Southwest Conference (ASC),asc,Schreiner,"Hayes,Nicholas",Nicholas,Hayes,,1355,"Hayes,Nicholas","HAYES,NICHOLAS",Schreiner,SCH,0,1,0,24,38,0,0,CB,0,,,,,,,,,,,,,,,,,,,0,1,0,1,1,.0,.0,.0,0,0,0,0,0,0,0,0,0,0,0,0,0,0,0,0,,,,,,,,,,,,,,,,,,,,,,,,,,,,,,,,,,,,,,,,,,,,,,,,,,,,,,,,,,,,,,,,,,,,,,,,,,,,,,,,,,,,,,-1.4039700723634378,369,58
2026-27,football,American Southwest Conference (ASC),asc,Mary Hardin-Baylor,"Hicks,Campton",Campton,Hicks,,1203,"Hicks,Campton","HICKS,CAMPTON",Mary Hardin-Baylor,UMHB,641-6983,2,0,41,41,0,0,S,0,,,,,,,,,,,,,,,,,,,0,0,1,1,1,.0,.0,.0,0,0,0,0,0,0,0,0,0,0,0,0,0,0,0,0,,,,,,,,,,,,,,,,,,,,,,,,,,,,,,,,,,,,,,,,,,,,,,,,,,,,,,,,,,,,,,,,,,,,,,,,,,,,,,,,,,,,,,-1.4039700723634378,370,58
2026-27,football,American Southwest Conference (ASC),asc,Schreiner,"Holland,Major",Major,Holland,,1355,"Holland,Major","HOLLAND,MAJOR",Schreiner,SCH,0,1,0,21,2M,0,0,DB,0,,,,,,,,,,,,,,,,,,,0,0,1,1,1,.0,.0,.0,0,0,0,0,0,0,0,0,0,0,0,0,0,0,0,0,,,,,,,,,,,,,,,,,,,,,,,,,,,,,,,,,,,,,,,,,,,,,,,,,,,,,,,,,,,,,,,,,,,,,,,,,,,,,,,,,,,,,,-1.4039700723634378,371,58
2026-27,football,American Southwest Conference (ASC),asc,East Texas Baptist,"Holley,Caison",Caison,Holley,,1062,"Holley,Caison","HOLLEY,CAISON",East Texas Baptist,ETB,636-4997,4,0,51,51,0,0,0,0,,,,,,,,,,,,,,,,,,,0,1,0,1,1,.0,.0,.0,0,0,0,0,0,0,0,0,0,0,0,0,0,0,0,0,,,,,,,,,,,,,,,,,,,,,,,,,,,,,,,,,,,,,,,,,,,,,,,,,,,,,,,,,,,,,,,,,,,,,,,,,,,,,,,,,,,,,,-1.4039700723634378,372,58
2026-27,football,American Southwest Conference (ASC),asc,Schreiner,Ja&#39;kiree Te,Ja&#39;kiree,Te,,1355,Ja&#39;kiree Te,"TE,JA&#39;KIREE",Schreiner,SCH,0,1,0,92,92,0,0,0,0,,,,,,,,,,,,,,,,,,,0,0,1,1,1,.0,.0,.0,0,0,0,0,0,0,0,0,0,0,0,0,0,0,0,0,,,,,,,,,,,,,,,,,,,,,,,,,,,,,,,,,,,,,,,,,,,,,,,,,,,,,,,,,,,,,,,,,,,,,,,,,,,,,,,,,,,,,,-1.4039700723634378,373,58
2026-27,football,American Southwest Conference (ASC),asc,East Texas Baptist,"Jackson, Jr.,Jamaal","Jr.,Jamaal",Jackson,,1062,"Jackson, Jr.,Jamaal","JACKSON, JR.,JAMAAL",East Texas Baptist,ETB,636-5000,1,0,96,96,0,0,DE,0,,,,,,,,,,,,,,,,,,,0,1,0,1,1,.0,.0,.0,0,0,0,0,0,0,0,0,0,0,0,0,0,0,0,0,,,,,,,,,,,,,,,,,,,,,,,,,,,,,,,,,,,,,,,,,,,,,,,,,,,,,,,,,,,,,,,,,,,,,,,,,,,,,,,,,,,,,,-1.4039700723634378,374,58
2026-27,football,American Southwest Conference (ASC),asc,East Texas Baptist,"Jacobs,Tanner",Tanner,Jacobs,,1062,"Jacobs,Tanner","JACOBS,TANNER",East Texas Baptist,ETB,636-4188,1,0,17,17,0,0,S,0,,,,,,,,,,,,,,,,,,,0,1,0,1,1,.0,.0,.0,0,0,0,0,0,0,0,0,0,0,0,0,0,0,0,0,,,,,,,,,,,,,,,,,,,,,,,,,,,,,,,,,,,,,,,,,,,,,,,,,,,,,,,,,,,,,,,,,,,,,,,,,,,,,,,,,,,,,,-1.4039700723634378,375,57
2026-27,football,American Southwest Conference (ASC),asc,Hardin-Simmons,"Lain,Levi",Levi,Lain,,271,"Lain,Levi","LAIN,LEVI",Hardin-Simmons,HSU,637-3412,2,0,46,46,0,0,LB,0,,,,,,,,,,,,,,,,,,,0,1,0,1,1,.0,.0,.0,0,0,0,0,0,0,0,0,0,0,0,0,0,0,0,0,,,,,,,,,,,,,,,,,,,,,,,,,,,,,,,,,,,,,,,,,,,,,,,,,,,,,,,,,,,,,,,,,,,,,,,,,,,,,,,,,,,,,,-1.4039700723634378,376,57
2026-27,football,American Southwest Conference (ASC),asc,McMurry,"Logan,Jamal",Jamal,Logan,,8530,"Logan,Jamal","LOGAN,JAMAL",McMurry,MCM,643-6265,2,0,31,3I,0,0,DB,0,,,,,,,,,,,,,,,,,,,0,1,0,1,1,.0,.0,.0,0,0,0,0,0,0,0,0,0,0,0,0,0,0,0,0,,,,,,,,,,,,,,,,,,,,,,,,,,,,,,,,,,,,,,,,,,,,,,,,,,,,,,,,,,,,,,,,,,,,,,,,,,,,,,,,,,,,,,-1.4039700723634378,377,57
2026-27,football,American Southwest Conference (ASC),asc,Howard Payne,"Marin,Constantin",Constantin,Marin,,2741,"Marin,Constantin","MARIN,CONSTANTIN",Howard Payne,HPU,639-3278,3,0,29,29,0,0,DB,0,,,,,,,,,,,,,,,,,,,0,0,1,1,1,.0,.0,.0,0,0,0,0,0,0,0,0,0,0,0,0,0,0,0,0,,,,,,,,,,,,,,,,,,,,,,,,,,,,,,,,,,,,,,,,,,,,,,,,,,,,,,,,,,,,,,,,,,,,,,,,,,,,,,,,,,,,,,-1.4039700723634378,378,57
2026-27,football,American Southwest Conference (ASC),asc,Hardin-Simmons,"McDonald,Casen",Casen,McDonald,,271,"McDonald,Casen","MCDONALD,CASEN",Hardin-Simmons,HSU,637-3658,1,0,51,51,0,0,DE,0,,,,,,,,,,,,,,,,,,,0,0,1,1,1,.0,.0,.0,0,0,0,0,0,0,0,0,0,0,0,0,0,0,0,0,,,,,,,,,,,,,,,,,,,,,,,,,,,,,,,,,,,,,,,,,,,,,,,,,,,,,,,,,,,,,,,,,,,,,,,,,,,,,,,,,,,,,,-1.4039700723634378,379,57
2026-27,football,American Southwest Conference (ASC),asc,Schreiner,"Medrano,Bubba",Bubba,Medrano,,1355,"Medrano,Bubba","MEDRANO,BUBBA",Schreiner,SCH,0,1,0,28,2D,0,0,CB,0,,,,,,,,,,,,,,,,,,,0,1,0,1,1,.0,.0,.0,0,0,0,0,0,0,0,0,0,0,0,0,0,0,0,0,,,,,,,,,,,,,,,,,,,,,,,,,,,,,,,,,,,,,,,,,,,,,,,,,,,,,,,,,,,,,,,,,,,,,,,,,,,,,,,,,,,,,,-1.4039700723634378,380,57
2026-27,football,American Southwest Conference (ASC),asc,Schreiner,"Meyers,Cash",Cash,Meyers,,1355,"Meyers,Cash","MEYERS,CASH",Schreiner,SCH,0,1,0,83,83,0,WR,0,0,,,,,,,,,,,,,,,,,,,0,1,0,1,1,.0,.0,.0,0,0,0,0,0,0,0,0,0,0,0,0,0,0,0,0,,,,,,,,,,,,,,,,,,,,,,,,,,,,,,,,,,,,,,,,,,,,,,,,,,,,,,,,,,,,,,,,,,,,,,,,,,,,,,,,,,,,,,-1.4039700723634378,381,57
2026-27,football,American Southwest Conference (ASC),asc,East Texas Baptist,"Owens,Beres",Beres,Owens,,1062,"Owens,Beres","OWENS,BERES",East Texas Baptist,ETB,636-5019,2,0,90,90,0,0,DE,0,,,,,,,,,,,,,,,,,,,0,0,1,1,1,.0,.0,.0,0,0,0,0,0,0,0,0,0,0,0,0,0,0,0,0,,,,,,,,,,,,,,,,,,,,,,,,,,,,,,,,,,,,,,,,,,,,,,,,,,,,,,,,,,,,,,,,,,,,,,,,,,,,,,,,,,,,,,-1.4039700723634378,382,57
2026-27,football,American Southwest Conference (ASC),asc,East Texas Baptist,"Pearley,Zakarian",Zakarian,Pearley,,1062,"Pearley,Zakarian","PEARLEY,ZAKARIAN",East Texas Baptist,ETB,636-5574,1,0,50,50,0,0,LB,0,,,,,,,,,,,,,,,,,,,0,1,0,1,1,.0,.0,.0,0,0,0,0,0,0,0,0,0,0,0,0,0,0,0,0,,,,,,,,,,,,,,,,,,,,,,,,,,,,,,,,,,,,,,,,,,,,,,,,,,,,,,,,,,,,,,,,,,,,,,,,,,,,,,,,,,,,,,-1.4039700723634378,383,57
2026-27,football,American Southwest Conference (ASC),asc,East Texas Baptist,"Poe,Anthony",Anthony,Poe,,1062,"Poe,Anthony","POE,ANTHONY",East Texas Baptist,ETB,636-5576,1,0,85,,0,WR,0,0,,,,,,,,,,,,,,,,,,,0,1,0,1,1,.0,.0,.0,0,0,0,0,0,0,0,0,0,0,0,0,0,0,0,0,,,,,,,,,,,,,,,,,,,,,,,,,,,,,,,,,,,,,,,,,,,,,,,,,,,,,,,,,,,,,,,,,,,,,,,,,,,,,,,,,,,,,,-1.4039700723634378,384,57
2026-27,football,American Southwest Conference (ASC),asc,Hardin-Simmons,"Ralston,Deandre",Deandre,Ralston,,271,"Ralston,Deandre","RALSTON,DEANDRE",Hardin-Simmons,HSU,637-3185,2,0,80,80,0,WR,0,0,,,,,,,,,,,,,,,,,,,0,1,0,1,1,.0,.0,.0,0,0,0,0,0,0,0,0,0,0,0,0,0,0,0,0,,,,,,,,,,,,,,,,,,,,,,,,,,,,,,,,,,,,,,,,,,,,,,,,,,,,,,,,,,,,,,,,,,,,,,,,,,,,,,,,,,,,,,-1.4039700723634378,385,56
2026-27,football,American Southwest Conference (ASC),asc,Hardin-Simmons,"Sampson-Stuckey,Caden",Caden,Sampson-Stuckey,,271,"Sampson-Stuckey,Caden","SAMPSON-STUCKEY,CADEN",Hardin-Simmons,HSU,637-3116,2,2,55,55,0,0,DT,0,,,,,,,,,,,,,,,,,,,0,0,1,1,1,.0,.0,.0,0,0,0,0,0,0,0,0,0,0,0,0,0,0,0,0,,,,,,,,,,,,,,,,,,,,,,,,,,,,,,,,,,,,,,,,,,,,,,,,,,,,,,,,,,,,,,,,,,,,,,,,,,,,,,,,,,,,,,-1.4039700723634378,386,56
2026-27,football,American Southwest Conference (ASC),asc,McMurry,"Sanders,Bryan",Bryan,Sanders,,8530,"Sanders,Bryan","SANDERS,BRYAN",McMurry,MCM,643-5774,2,0,10,I0,0,0,LB,0,,,,,,,,,,,,,,,,,,,0,1,0,1,1,.0,.0,.0,0,0,0,0,0,0,0,0,0,0,0,0,0,0,0,0,,,,,,,,,,,,,,,,,,,,,,,,,,,,,,,,,,,,,,,,,,,,,,,,,,,,,,,,,,,,,,,,,,,,,,,,,,,,,,,,,,,,,,-1.4039700723634378,387,56
2026-27,football,American Southwest Conference (ASC),asc,Mary Hardin-Baylor,"Sanders,Gaige",Gaige,Sanders,,1203,"Sanders,Gaige","SANDERS,GAIGE",Mary Hardin-Baylor,UMHB,641-6266,3,3,47,47,0,0,DE,0,,,,,,,,,,,,,,,,,,,0,0,1,1,1,.0,.0,.0,0,0,0,0,0,0,0,0,0,0,0,0,0,0,0,0,,,,,,,,,,,,,,,,,,,,,,,,,,,,,,,,,,,,,,,,,,,,,,,,,,,,,,,,,,,,,,,,,,,,,,,,,,,,,,,,,,,,,,-1.4039700723634378,388,56
2026-27,football,American Southwest Conference (ASC),asc,Howard Payne,"Sellers,Dylan",Dylan,Sellers,,2741,"Sellers,Dylan","SELLERS,DYLAN",Howard Payne,HPU,639-3756,1,0,98,98,0,0,DL,0,,,,,,,,,,,,,,,,,,,0,0,1,1,1,.0,.0,.0,0,0,0,0,0,0,0,0,0,0,0,0,0,0,0,0,,,,,,,,,,,,,,,,,,,,,,,,,,,,,,,,,,,,,,,,,,,,,,,,,,,,,,,,,,,,,,,,,,,,,,,,,,,,,,,,,,,,,,-1.4039700723634378,389,56
2026-27,football,American Southwest Conference (ASC),asc,Mary Hardin-Baylor,"Shepherd,Jake",Jake,Shepherd,,1203,"Shepherd,Jake","SHEPHERD,JAKE",Mary Hardin-Baylor,UMHB,641-6998,3,0,52,52,0,0,LB,0,,,,,,,,,,,,,,,,,,,0,0,1,1,1,.0,.0,.0,0,0,0,0,0,0,0,0,0,0,0,0,0,0,0,0,,,,,,,,,,,,,,,,,,,,,,,,,,,,,,,,,,,,,,,,,,,,,,,,,,,,,,,,,,,,,,,,,,,,,,,,,,,,,,,,,,,,,,-1.4039700723634378,390,56
2026-27,football,American Southwest Conference (ASC),asc,McMurry,"Whitfield,Cai",Cai,Whitfield,,8530,"Whitfield,Cai","WHITFIELD,CAI",McMurry,MCM,643-5787,2,2,1,1D,0,0,DB,0,,,,,,,,,,,,,,,,,,,0,1,0,1,1,.0,.0,.0,0,0,0,0,0,0,0,0,0,0,0,0,0,0,0,0,,,,,,,,,,,,,,,,,,,,,,,,,,,,,,,,,,,,,,,,,,,,,,,,,,,,,,,,,,,,,,,,,,,,,,,,,,,,,,,,,,,,,,-1.4039700723634378,391,56
2026-27,football,American Southwest Conference (ASC),asc,Hardin-Simmons,"Williams,Caleb",Caleb,Williams,,271,"Williams,Caleb","WILLIAMS,CALEB",Hardin-Simmons,HSU,637-3644,2,0,54,54,0,0,0,0,,,,,,,,,,,,,,,,,,,0,0,1,1,1,.0,.0,.0,0,0,0,0,0,0,0,0,0,0,0,0,0,0,0,0,,,,,,,,,,,,,,,,,,,,,,,,,,,,,,,,,,,,,,,,,,,,,,,,,,,,,,,,,,,,,,,,,,,,,,,,,,,,,,,,,,,,,,-1.4039700723634378,392,56
2026-27,football,American Southwest Conference (ASC),asc,East Texas Baptist,"Moore,Christopher",Christopher,Moore,,1062,"Moore,Christopher","MOORE,CHRISTOPHER",East Texas Baptist,ETB,636-5556,4,2,84,84,0,TE,0,0,,,,,,,,,,6,35,1,13,5.8,,,,,0,0,0,0,0,.0,.0,.0,0,0,0,0,0,0,0,0,0,0,0,0,0,0,0,0,,,,,,0,1,0,0,0,1,0,0,0,8,8,2,,,,,,,,,,,,,,,,,,,,,,,,,,,,,,,,,,,,,,,,,,,,,,,,,,,,,,,,,,,,,,,,,,,,,-1.4083624702746358,393,56
2026-27,football,American Southwest Conference (ASC),asc,East Texas Baptist,"Linnear,Bryson",Bryson,Linnear,,1062,"Linnear,Bryson","LINNEAR,BRYSON",East Texas Baptist,ETB,636-5005,4,0,24,24,0,RB,0,0,13,57,60,3,1,27,4.4,14.3,,,,,,,,,,,0,0,1,1,1,.0,.0,.0,0,0,0,0,0,0,0,0,0,0,0,0,0,0,0,0,,,,,,0,1,0,0,0,0,0,0,0,6,6,1.5,,,,,,,,,,,,,,,,,,,,,,,,,,,,,,1,18,0,18,18.0,,,,,,,,,,,,,,,,,,,,,,,,,,,,,,,,,,,-1.5036140665705318,394,55
2026-27,football,American Southwest Conference (ASC),asc,East Texas Baptist,"Smith,Cassidi",Cassidi,Smith,,1062,"Smith,Cassidi","SMITH,CASSIDI",East Texas Baptist,ETB,636-4211,4,0,44,44,0,0,LB,0,,,,,,,,,,,,,,,,,,,0,2,0,2,2,.0,.0,.0,0,0,0,0,0,0,0,0,0,0,0,0,0,0,0,0,,,,,,,,,,,,,,,,,,,,,,,,,,,,,,,,,,,,,,,,,,,,,,,,,,,,0,0,0,0,.0,,,,,,,,,,,,,,,,,,,,,,,,,,,,,,-1.5095810077067553,395,55
2026-27,football,American Southwest Conference (ASC),asc,Hardin-Simmons,"Howard,Hunter",Hunter,Howard,,271,"Howard,Hunter","HOWARD,HUNTER",Hardin-Simmons,HSU,637-3402,1,0,41,41,0,0,LB,0,,,,,,,,,,,,,,,,,,,0,0,0,0,0,.0,.0,.0,0,0,0,0,0,0,0,0,0,1,0,0,0,0,0,0,,,,,,,,,,,,,,,,,,,,,,,,,,,,,,,,,,,,,,,,,,,,,,,,,,,,,,,,,,,,,,,,,,,,,,,,,,,,,,,,,,,,,,-1.518373039682162,396,55
2026-27,football,American Southwest Conference (ASC),asc,Howard Payne,SirChristian Kirkwood,SirChristian,Kirkwood,,2741,SirChristian Kirkwood,"KIRKWOOD,SIRCHRISTIAN",Howard Payne,HPU,639-3847,1,0,51,51,0,0,0,0,,,,,,,,,,,,,,,,,,,0,0,0,0,0,.0,.0,.0,0,0,0,0,0,0,0,0,0,0,0,0,0,0,0,0,,,,,,,,,,,,,,,,,,,,,,,,,,,,,,,,,,,,,,,,,,,,,,,,,,,,,,,,,,,,,,,,,,,,,,,,,,,,,,,,,,,,,,-1.518373039682162,397,55
2026-27,football,American Southwest Conference (ASC),asc,Hardin-Simmons,"Smith-Bell,Larry",Larry,Smith-Bell,,271,"Smith-Bell,Larry","SMITH-BELL,LARRY",Hardin-Simmons,HSU,637-3360,2,0,90,90,0,0,DE,0,,,,,,,,,,,,,,,,,,,0,0,0,0,0,.0,.0,.0,0,0,0,0,0,0,0,0,0,1,0,0,0,0,0,0,,,,,,,,,,,,,,,,,,,,,,,,,,,,,,,,,,,,,,,,,,,,,,,,,,,,,,,,,,,,,,,,,,,,,,,,,,,,,,,,,,,,,,-1.518373039682162,398,55
2026-27,football,American Southwest Conference (ASC),asc,Howard Payne,"Toney-Black,Jamel",Jamel,Toney-Black,,2741,"Toney-Black,Jamel","TONEY-BLACK,JAMEL",Howard Payne,HPU,639-3529,0,0,7,7,0,WR,0,0,,,,,,,,,,,,,,,,,,,0,0,0,0,0,.0,.0,.0,0,0,0,0,0,0,0,0,0,0,0,0,0,0,0,0,,,,,,,,,,,,,,,,,,,,,,,,,,,,,,,,,,,,,,,,,,,,,,,,,,,,,,,,,,,,,,,,,,,,,,,,,,,,,,,,,,,,,,-1.518373039682162,399,55
2026-27,football,American Southwest Conference (ASC),asc,McMurry,"Rodriguez,Jax",Jax,Rodriguez,,8530,"Rodriguez,Jax","RODRIGUEZ,JAX",McMurry,MCM,643-5773,4,0,49,49,0,0,0,0,,,,,,,,,,,,,,,,,,,0,0,0,0,0,.0,.0,.0,0,0,0,0,0,0,0,0,0,0,0,0,0,0,0,0,,,,,,15,0,2,0,0,0,0,0,0,21,21,5.25,,,,,,,,,,,,,,,,,,16,15,0,0,0,0,0,0,0,0,0,0,,,,,,,,,,,,,,,,,15,571,58,0,0,4,1,2,38.1,2,4,36,1,50.0,20,1180,0,4,59.0,,,,,-1.537412957221919,400,55
2026-27,football,American Southwest Conference (ASC),asc,Howard Payne,Davyon Mapps,Davyon,Mapps,,2741,Davyon Mapps,"MAPPS,DAVYON",Howard Payne,HPU,639-3537,2,0,20,20,0,0,0,0,11,36,41,5,1,18,3.3,18.0,,,,,,,,,,,0,0,0,0,0,.0,.0,.0,0,0,0,0,0,0,0,0,0,0,0,0,0,0,0,0,,,,,,0,1,0,0,0,0,0,0,0,6,6,3,,,,,,,,,,,,,,,,,,,,,,,,,,,,,,,,,,,,,,,,,,,,,,,,,,,,,,,,,,,,,,,,,,,,,-1.5443034543775591,401,55
2026-27,football,American Southwest Conference (ASC),asc,McMurry,"Stroud,Jackson",Jackson,Stroud,,8530,"Stroud,Jackson","STROUD,JACKSON",McMurry,MCM,643-5487,3,0,42,42,0,RB,0,0,,,,,,,,,,,,,,,,,,,0,1,1,2,2,.0,.0,.0,0,0,0,0,0,0,0,0,0,0,0,0,0,0,0,0,,,,,,,,,,,,,,,,,,,,,,,,,,,,,,,,,,,,,,,,,,,,,,,4,24,0,12,6.0,,,,,,,,,,,,,,,,,,,,,,,,,,,,,,,,,,,-1.551607563712085,402,55
2026-27,football,American Southwest Conference (ASC),asc,East Texas Baptist,"Prier,Kyreon",Kyreon,Prier,,1062,"Prier,Kyreon","PRIER,KYREON",East Texas Baptist,ETB,636-5024,2,1,27,27,0,0,DB,0,0,0,0,0,0,0,.0,.0,,,,,,,,,,,0,7,1,8,8,.0,.0,.0,0,0,0,0,0,0,0,0,0,0,0,0,0,0,0,0,,,,,,,,,,,,,,,,,,,,,,,,,,,,,,,,,,,,,,,,,,,,,,,,,,,,,,,,,,,,,,,,,,,,,,,,,,,,,,,,,,,,,,-1.6161435708971814,403,55
2026-27,football,American Southwest Conference (ASC),asc,McMurry,"Jerome,Malachi",Malachi,Jerome,,8530,"Jerome,Malachi","JEROME,MALACHI",McMurry,MCM,643-6009,3,0,21,21,0,WR,0,0,,,,,,,,,,0,0,0,0,.0,,,,,0,0,0,0,0,.0,.0,.0,0,0,0,0,0,0,0,0,0,0,0,0,0,0,0,0,,,,,,0,1,0,0,0,0,0,0,0,6,6,2,,,,1,0,,,,,,,,,,,,,,,,,,,,,,,,,3,123,1,97,41.0,4,30,0,36,7.5,,,,,,,,,,,,,,,,,,,,,,,,,,,,,,-1.6408408620407573,404,54
2026-27,football,American Southwest Conference (ASC),asc,Schreiner,"Alvarado,Traey",Traey,Alvarado,,1355,"Alvarado,Traey","ALVARADO,TRAEY",Schreiner,SCH,0,3,0,32,32,0,RB,0,0,4,24,24,0,1,17,6.0,8.0,,,,,,,,,,,0,0,0,0,0,.0,.0,.0,0,0,0,0,0,0,0,0,0,0,0,0,0,0,0,0,,,,,,0,1,0,0,0,0,0,0,0,6,6,2,,,,,,,,,,,,,,,,,,,,,,,,,,,,,,,,,,,,,,,,,,,,,,,,,,,,,,,,,,,,,,,,,,,,,-1.667324376992334,405,54
2026-27,football,American Southwest Conference (ASC),asc,Hardin-Simmons,"Jones,Cayden",Cayden,Jones,,271,"Jones,Cayden","JONES,CAYDEN",Hardin-Simmons,HSU,637-3886,2,0,30,30,0,RB,0,0,32,140,154,14,1,45,4.4,70.0,,2,9,0,6,4.5,,,,,0,1,0,1,1,.0,.0,.0,0,0,0,0,0,0,0,0,0,0,0,0,0,0,0,0,,,,,,0,1,0,0,0,0,0,0,0,6,6,3,,,,1,1,,,,,,,,,,,,,,,,,,,,,,,,,,,,,,,,,,,,,,,,,,,,,,,,,,,,,,,,,,,,,,,,-1.6877028368067133,406,54
2026-27,football,American Southwest Conference (ASC),asc,Schreiner,"Ford,Markel",Markel,Ford,,1355,"Ford,Markel","FORD,MARKEL",Schreiner,SCH,0,3,0,6,6,0,WR,0,0,0,0,0,0,0,0,.0,.0,,2,45,0,39,22.5,,,,,,,,,,,,,,,,,,,,,,,,,,,,,,,,,,,,,,,,,,,,,,,,,,,,,,,,,,,,,,,,,,,,,,,,,,,,,,,,2,11,0,11,5.5,,,,,,,,,,,,,,,,,,,,,,,,,,,,,,-1.7386001000582632,407,54
2026-27,football,American Southwest Conference (ASC),asc,Hardin-Simmons,"Ables,Keagan",Keagan,Ables,,271,"Ables,Keagan","ABLES,KEAGAN",Hardin-Simmons,HSU,637-3591,2,0,13,13,0,QB,0,0,5,16,16,0,1,8,3.2,8.0,,,,,,,,,,,0,0,0,0,0,.0,.0,.0,0,0,0,0,0,0,0,0,0,0,0,0,0,0,0,0,,,,,,0,1,0,0,0,0,0,0,0,6,6,3,,,,,,,,,,,,,,,,,,,,,,,,,,,,,,,,,,,,,,,,,,,,,,,,,,,,,,,,,,,,,,,,,,,,,-1.749338325402184,408,54
2026-27,football,American Southwest Conference (ASC),asc,Howard Payne,"Tate,Kaleb",Kaleb,Tate,,2741,"Tate,Kaleb","TATE,KALEB",Howard Payne,HPU,639-3273,1,0,24,24,0,RB,0,0,4,11,11,0,1,5,2.8,11.0,,,,,,,,,,,0,0,0,0,0,.0,.0,.0,0,0,0,0,0,0,0,0,0,0,0,0,0,0,0,0,,,,,,0,1,0,0,0,0,0,0,0,6,6,6,,,,,,,,,,,,,,,,,,,,,,,,,,,,,,,,,,,,,,,,,,,,,,,,,,,,,,,,,,,,,,,,,,,,,-1.8005970431583402,409,54
2026-27,football,American Southwest Conference (ASC),asc,Schreiner,"Luna,Major",Major,Luna,,1355,"Luna,Major","LUNA,MAJOR",Schreiner,SCH,0,4,0,12,12,0,QB,0,0,15,77,104,27,0,21,5.1,19.3,,,,,,,,,,,,,,,,,,,,,,,,,,,,,,,,,,,,,,,,0,0,0,0,0,0,0,0,0,0,0,0,,,,,,27,2,54,2,276,3,41,21,109.2,6.73,13.14,69.0,0,0,0,0,2,1,0,0,0,0,0,0,,,,,,,,,,,,,,,,,,,,,,,,,,,,,,,,,,,,,,,,-1.820578659868204,410,54
2026-27,football,American Southwest Conference (ASC),asc,Mary Hardin-Baylor,"Vidal,Luke",Luke,Vidal,,1203,"Vidal,Luke","VIDAL,LUKE",Mary Hardin-Baylor,UMHB,641-6323,2,2,17,17,0,WR,0,0,,,,,,,,,,2,22,0,17,11.0,,,,,0,0,0,0,0,.0,.0,.0,0,0,0,0,0,0,0,0,0,0,0,0,0,0,0,0,,,,,,0,1,0,0,0,0,0,0,0,6,6,3,,,,,,,,,,,,,,,,,,,,,,,,,,,,,,,,,,,2,63,1,54,31.5,,,,,,,,,,,,,,,,,,,,,,,,,,,,,,-1.865103488276287,411,54
2026-27,football,American Southwest Conference (ASC),asc,Howard Payne,"Sauceda,Lathan",Lathan,Sauceda,,2741,"Sauceda,Lathan","SAUCEDA,LATHAN",Howard Payne,HPU,639-3898,3,0,83,83,0,WR,0,0,,,,,,,,,,1,36,0,36,36.0,,,,,0,1,2,3,3,.0,.0,.0,0,0,0,0,0,0,0,0,0,0,0,0,0,0,0,0,,,,,,,,,,,,,,,,,,,,,,,,,,,,,,,,,,,,,,,,,,,,,,,,,,,,,,,,,,,,,,,,,,,,,,,,,,,,,,,,,,,,,,-1.8850116452571435,412,54
2026-27,football,American Southwest Conference (ASC),asc,Hardin-Simmons,"Hardin,Dylan",Dylan,Hardin,,271,"Hardin,Dylan","HARDIN,DYLAN",Hardin-Simmons,HSU,637-3883,2,0,3,3,0,WR,0,0,,,,,,,,,,5,31,0,13,6.2,,,,,0,0,0,0,0,.0,.0,.0,0,0,0,0,0,0,0,0,0,0,0,0,0,0,0,0,,,,,,0,1,0,0,0,0,0,0,0,6,6,3,,,,,,,,,,,,,,,,,,,,,,,,,,,,,,3,122,1,94,40.7,3,37,0,21,12.3,,,,,,,,,,,,,,,,,,,,,,,,,,,,,,-1.898616757770718,413,54
2026-27,football,American Southwest Conference (ASC),asc,Mary Hardin-Baylor,"Horton,Carson",Carson,Horton,,1203,"Horton,Carson","HORTON,CARSON",Mary Hardin-Baylor,UMHB,641-6594,3,3,14,14,0,QB,0,0,16,7,38,31,0,11,.4,2.3,,,,,,,,,,,0,0,0,0,0,.0,.0,.0,0,0,0,0,0,0,0,0,0,0,0,0,0,0,0,0,,,,,,,,,,,,,,,,,,,,,2,2,14,3,84,8,829,3,84,52,169.1,9.87,15.94,276.3,,,,,,,,,,,,,,,,,,,,,,,,,,,,,,,,,,,,,,,,,,,,,,,,,,,,-1.9058057026346873,414,53
2026-27,football,American Southwest Conference (ASC),asc,Mary Hardin-Baylor,"Hayes,Jet",Jet,Hayes,,1203,"Hayes,Jet","HAYES,JET",Mary Hardin-Baylor,UMHB,641-6982,2,2,3,3,0,RB,0,0,19,67,75,8,1,9,3.5,33.5,,4,39,0,16,9.8,,,,,0,0,0,0,0,.0,.0,.0,0,0,0,0,0,0,0,0,0,0,0,0,0,0,0,0,,,,,,0,1,0,0,0,0,0,0,0,6,6,3,,,,,,,,,,,,,,,,,,,,,,,,,,,,,,,,,,,,,,,,,,,,,,,,,,,,,,,,,,,,,,,,,,,,,-1.9094939536121083,415,53
2026-27,football,American Southwest Conference (ASC),asc,East Texas Baptist,"Martin,Vontez",Vontez,Martin,,1062,"Martin,Vontez","MARTIN,VONTEZ",East Texas Baptist,ETB,636-5009,4,1,88,88,0,WR,0,0,,,,,,,,,,5,58,0,27,11.6,,,,,0,1,0,1,1,.0,.0,.0,0,0,0,0,0,0,0,0,0,0,0,0,0,0,0,0,,,,,,,,,,,,,,,,,,,,,,,,,,,,,,,,,,,,,,,,,,,,,,,,,,,,,,,,,,,,,,,,,,,,,,,,,,,,,,,,,,,,,,-1.9168958863660583,416,53
2026-27,football,American Southwest Conference (ASC),asc,East Texas Baptist,"Cooper,Ja'Michael",Ja'Michael,Cooper,,1062,"Cooper,Ja'Michael","COOPER,JA'MICHAEL",East Texas Baptist,ETB,636-5605,3,0,20,20,0,RB,0,0,11,86,86,0,1,16,7.8,28.7,,1,8,0,8,8.0,,,,,0,0,0,0,0,.0,.0,.0,0,0,0,0,0,0,0,0,0,0,0,0,0,0,0,0,,,,,,0,1,0,0,0,0,0,0,0,6,6,2,,,,,,,,,,,,,,,,,,,,,,,,,,,,,,,,,,,,,,,,,,,,,,,,,,,,,,,,,,,,,,,,,,,,,-1.9921913942925575,417,53
2026-27,football,American Southwest Conference (ASC),asc,Schreiner,"Vasquez,Domynik",Domynik,Vasquez,,1355,"Vasquez,Domynik","VASQUEZ,DOMYNIK",Schreiner,SCH,0,4,0,23,23,0,RB,0,0,34,129,130,1,0,13,3.8,32.3,,4,81,1,41,20.3,,,,,0,1,0,1,1,.0,.0,.0,0,0,0,0,0,0,0,0,0,0,0,0,0,0,0,0,,,,,,0,1,0,0,0,0,0,0,0,6,6,1.5,,,,,,0,0,0,0,0,0,1,0,.0,.00,.00,.0,,,,,,,,,,,,,,,,,,,,,,,,,,,,,,,,,,,,,,,,,,,,,,,,,,,,-2.0273520422248286,418,53
2026-27,football,American Southwest Conference (ASC),asc,McMurry,"Martinez,Kaleb",Kaleb,Martinez,,8530,"Martinez,Kaleb","MARTINEZ,KALEB",McMurry,MCM,643-6019,1,0,32,32,0,RB,0,0,1,1,1,0,0,1,1.0,1.0,,0,0,0,0,.0,,,,,,,,,,,,,,,,,,,,,,,,,,,,,,,,,,,,,,,,,,,,,,,,,,,,,,,,,,,,,,,,,,,,,,,,,,,,,,,,,,,,,,,,,,,,,,,,,,,,,,,,,,,,,,,,,,-2.0348255322459736,419,53
2026-27,football,American Southwest Conference (ASC),asc,Mary Hardin-Baylor,"Purser,Rance",Rance,Purser,,1203,"Purser,Rance","PURSER,RANCE",Mary Hardin-Baylor,UMHB,641-6994,3,0,49,49,0,0,0,0,,,,,,,,,,,,,,,,,,,0,0,0,0,0,.0,.0,.0,0,0,0,0,0,0,0,0,0,0,0,0,0,0,0,0,,,,,,10,0,1,0,0,0,0,0,0,13,13,4.33,,,,,,,,,,,,,,,,,,12,10,0,0,0,0,0,0,0,0,0,0,,,,,,,,,,,,,,,,,,,,,,,,,,1,3,36,0,33.3,,,,,,,,,,-2.0386570492361766,420,53
2026-27,football,American Southwest Conference (ASC),asc,Hardin-Simmons,"Washington,J.T.",J.T.,Washington,,271,"Washington,J.T.","WASHINGTON,J.T.",Hardin-Simmons,HSU,637-3635,2,2,26,26,0,RB,0,0,14,84,84,0,1,27,6.0,42.0,,1,-1,0,0,-1.0,,,,,0,0,0,0,0,.0,.0,.0,0,0,0,0,0,0,0,0,0,0,0,0,0,0,0,0,,,,,,0,1,0,0,0,0,0,0,0,6,6,3,,,,,,,,,,,,,,,,,,,,,,,,,,,,,,,,,,,,,,,,,,,,,,,,,,,,,,,,,,,,,,,,,,,,,-2.0932537560203297,421,53
2026-27,football,American Southwest Conference (ASC),asc,Schreiner,"Grant,Javien",Javien,Grant,,1355,"Grant,Javien","GRANT,JAVIEN",Schreiner,SCH,0,1,0,39,39,0,0,DB,0,3,37,37,0,0,37,12.3,37.0,,,,,,,,,,,0,0,0,0,0,.0,.0,.0,0,0,0,0,0,0,0,0,0,0,0,0,0,0,0,0,,,,,,0,0,0,0,0,0,0,0,0,0,0,0,,,,,,,,,,,,,,,,,,,,,,,,,,,,,,,,,,,,,,,,,,,,,,,,,,,,,,,,,,,,,,,,,,,,,-2.1520527980514195,422,53
2026-27,football,American Southwest Conference (ASC),asc,McMurry,"Hullaby,Nyles",Nyles,Hullaby,,8530,"Hullaby,Nyles","HULLABY,NYLES",McMurry,MCM,643-6006,3,0,25,25,0,RB,0,0,7,11,12,1,1,5,1.6,3.7,,,,,,,,,,,0,0,0,0,0,.0,.0,.0,0,0,0,0,0,0,0,0,0,0,0,0,0,0,0,0,,,,,,0,1,0,0,0,0,0,0,0,6,6,2,,,,1,1,,,,,,,,,,,,,,,,,,,,,,,,,,,,,,,,,,,,,,,,,,,,,,,,,,,,,,,,,,,,,,,,-2.1730565908271866,423,52
2026-27,football,American Southwest Conference (ASC),asc,Schreiner,"Varwig,Aidan",Aidan,Varwig,,1355,"Varwig,Aidan","VARWIG,AIDAN",Schreiner,SCH,0,3,0,33,33,0,RB,0,0,16,65,66,1,1,12,4.1,21.7,,2,11,0,9,5.5,,,,,0,0,0,0,0,.0,.0,.0,0,0,0,0,0,0,0,0,0,0,0,0,0,0,0,0,,,,,,0,1,0,0,0,0,0,0,0,6,6,2,,,,,,,,,,,,,,,,,,,,,,,,,,,,,,,,,,,,,,,,,,,,,,,,,,,,,,,,,,,,,,,,,,,,,-2.1806250506599776,424,52
2026-27,football,American Southwest Conference (ASC),asc,East Texas Baptist,"Spriggs,Jaylen",Jaylen,Spriggs,,1062,"Spriggs,Jaylen","SPRIGGS,JAYLEN",East Texas Baptist,ETB,636-5041,2,0,15,15,0,QB,0,0,,,,,,,,,,,,,,,,,,,0,0,0,0,0,.0,.0,.0,0,0,0,0,0,0,0,0,0,0,0,0,0,0,0,0,,,,,,0,1,0,0,0,0,0,0,0,6,6,3,,,,,,0,0,49,1,125,1,10,5,168.0,12.50,25.00,62.5,,,,,,,,,,,,,,,,,,,,,,,,,,,,,,,,,,,,,,,,,,,,,,,,,,,,-2.1889701194381797,425,52
2026-27,football,American Southwest Conference (ASC),asc,McMurry,"Perez,Bryson",Bryson,Perez,,8530,"Perez,Bryson","PEREZ,BRYSON",McMurry,MCM,643-6275,4,0,18,18,0,WR,0,0,,,,,,,,,,5,107,0,67,21.4,,,,,0,0,0,0,0,.0,.0,.0,0,0,0,0,0,0,0,0,0,0,0,0,0,0,0,0,,,,,,,,,,,,,,,,,,,,,1,1,,,,,,,,,,,,,,,,,,,,,,,,,,,,,,1,-5,0,0,-5.0,,,,,,,,,,,,,,,,,,,,,,,,,,,,,,-2.241399761735953,426,52
2026-27,football,American Southwest Conference (ASC),asc,Howard Payne,"Guillory,Devin",Devin,Guillory,,2741,"Guillory,Devin","GUILLORY,DEVIN",Howard Payne,HPU,639-3260,2,0,19,19,0,WR,0,0,,,,,,,,,,1,5,0,5,5.0,,,,,0,1,1,2,2,.0,.0,.0,0,0,0,0,0,0,0,0,0,0,0,0,0,0,0,0,,,,,,,,,,,,,,,,,,,,,,,,,,,,,,,,,,,,,,,,,,,,,,,,,,,,,,,,,,,,,,,,,,,,,,,,,,,,,,,,,,,,,,-2.276895180729711,427,52
2026-27,football,American Southwest Conference (ASC),asc,Mary Hardin-Baylor,"Silas,Ja'Quaylon",Ja'Quaylon,Silas,,1203,"Silas,Ja'Quaylon","SILAS,JA'QUAYLON",Mary Hardin-Baylor,UMHB,641-6938,2,0,22,22,0,WR,0,0,2,0,0,0,0,0,.0,.0,,,,,,,,,,,0,0,2,2,2,.0,.0,.0,0,0,0,0,0,0,0,0,0,0,0,0,0,0,0,0,,,,,,,,,,,,,,,,,,,,,,,,,,,,,,,,,,,,,,,,,,,,,,,,,,,,,,,,,,,,,,,,,,,,,,,,,,,,,,,,,,,,,,-2.3025613748095273,428,52
2026-27,football,American Southwest Conference (ASC),asc,McMurry,"Williams,Tedrick",Tedrick,Williams,,8530,"Williams,Tedrick","WILLIAMS,TEDRICK",McMurry,MCM,643-5714,4,0,0,0,0,RB,0,0,14,50,60,10,1,16,3.6,12.5,,3,5,0,3,1.7,,,,,0,0,0,0,0,.0,.0,.0,0,0,0,0,0,0,0,0,0,0,0,0,0,0,0,0,,,,,,0,1,0,0,0,0,0,0,0,6,6,1.5,,,,,,,,,,,,,,,,,,,,,,,,,,,,,,,,,,,,,,,,,,,,,,,,,,,,,,,,,,,,,,,,,,,,,-2.3881071203453192,429,52
2026-27,football,American Southwest Conference (ASC),asc,McMurry,"Kensley,CJ",CJ,Kensley,,8530,"Kensley,CJ","KENSLEY,CJ",McMurry,MCM,643-6262,1,0,82,82,0,WR,0,0,,,,,,,,,,0,0,0,0,.0,,,,,0,1,0,1,1,.0,.0,.0,0,0,0,0,0,0,0,0,0,0,0,0,0,0,0,0,,,,,,,,,,,,,,,,,,,,,,,,,,,,,,,,,,,,,,,,,,,,,,,,,,,,,,,,,,,,,,,,,,,,,,,,,,,,,,,,,,,,,,-2.436053078395829,430,52
2026-27,football,American Southwest Conference (ASC),asc,McMurry,"Thurman,Bryce",Bryce,Thurman,,8530,"Thurman,Bryce","THURMAN,BRYCE",McMurry,MCM,643-6285,3,0,23,23,0,WR,0,0,,,,,,,,,,1,10,0,10,10.0,,,,,0,0,1,1,1,.0,.0,.0,0,0,0,0,0,0,0,0,0,0,0,0,0,0,0,0,,,,,,,,,,,,,,,,,,,,,,,,,,,,,,,,,,,,,,,,,,,,,,,,,,,,3,11,0,10,3.7,,,,,,,,,,,,,,,,,,,,,,,,,,,,,,-2.442860415088646,431,52
2026-27,football,American Southwest Conference (ASC),asc,East Texas Baptist,"Red,David",David,Red,,1062,"Red,David","RED,DAVID",East Texas Baptist,ETB,636-5577,3,0,42,42,0,TE,0,0,,,,,,,,,,2,10,0,7,5.0,,,,,0,0,0,0,0,.0,.0,.0,0,0,0,0,0,0,0,0,0,0,0,0,0,0,0,0,,,,,,0,0,0,0,0,2,0,0,0,4,4,1.33,,,,,,,,,,,,,,,,,,,,,,,,,,,,,,,,,,,,,,,,,,,,,,,,,,,,,,,,,,,,,,,,,,,,,-2.4609461850197656,432,52
2026-27,football,American Southwest Conference (ASC),asc,Mary Hardin-Baylor,"Granger,Gibson",Gibson,Granger,,1203,"Granger,Gibson","GRANGER,GIBSON",Mary Hardin-Baylor,UMHB,641-6576,3,0,51,51,0,0,0,0,,,,,,,,,,,,,,,,,,,0,2,0,2,2,.0,.0,.0,0,0,0,0,0,0,0,0,0,0,0,0,0,0,0,0,,,,,,,,,,,,,,,,,,,,,,,,,,,,,,,,,,,1,0,0,0,0,0,0,0,0,0,0,0,,,,,,,,,,,,,,,,,,,,,,,,,,0,2,0,0,.0,16,879,0,0,54.9,,,,,-2.4616274717803464,433,51
2026-27,football,American Southwest Conference (ASC),asc,Schreiner,"Collida,Ethan",Ethan,Collida,,1355,"Collida,Ethan","COLLIDA,ETHAN",Schreiner,SCH,0,4,2,3,3,0,WR,0,0,2,-1,3,4,0,3,-.5,-.3,,10,67,1,15,6.7,,,,,0,0,0,0,0,.0,.0,.0,0,0,0,0,0,0,0,0,0,0,0,0,0,0,0,0,,,,,,0,1,0,0,0,0,0,0,0,6,6,1.5,,,,1,1,,,,,,,,,,,,,,,,,,,,,,,,,5,105,0,25,21.0,3,11,0,13,3.7,,,,,,,,,,,,,,,,,,,,,,,,,,,,,,-2.512037704918729,434,51
2026-27,football,American Southwest Conference (ASC),asc,Howard Payne,"Thomas,Jalen",Jalen,Thomas,,2741,"Thomas,Jalen","THOMAS,JALEN",Howard Payne,HPU,639-3901,3,0,80,80,0,WR,0,0,2,13,15,2,0,15,6.5,4.3,,3,38,1,28,12.7,,,,,0,0,0,0,0,.0,.0,.0,0,0,0,0,0,0,0,0,0,0,0,0,0,0,0,0,,,,,,0,1,0,0,0,0,0,0,0,6,6,2,,,,1,1,,,,,,,,,,,,,,,,,,,,,,,,,,,,,,,,,,,,,,,,,,,,,,,,,,,,,,,,,,,,,,,,-2.6336906633338533,435,51
2026-27,football,American Southwest Conference (ASC),asc,Howard Payne,"Casas-Willis,Glendon",Glendon,Casas-Willis,,2741,"Casas-Willis,Glendon","CASAS-WILLIS,GLENDON",Howard Payne,HPU,639-3136,3,0,9,9,0,QB,0,0,0,0,0,0,0,0,.0,.0,,,,,,,,,,,,,,,,,,,,,,,,,,,,,,,,,,,,,,,,,,,,,,,,,,,,,,,,,0,0,41,0,45,1,5,2,75.6,9.00,22.50,15.0,,,,,,,,,,,,,,,,,,,,,,,,,,,,,,,,,,,,,,,,,,,,,,,,,,,,-2.6408062875566625,436,51
2026-27,football,American Southwest Conference (ASC),asc,Schreiner,Jason Ortiz,Jason,Ortiz,,1355,Jason Ortiz,"ORTIZ,JASON",Schreiner,SCH,0,2,0,24,24,0,0,0,0,9,23,29,6,0,7,2.6,11.5,,1,4,0,4,4.0,,,,,0,0,0,0,0,.0,.0,.0,0,0,0,0,0,0,0,0,0,0,0,0,1,0,0,0,,,,,,,,,,,,,,,,,,,,,0,0,,,,,,,,,,,,,,,,,,,,,,,,,,,,,,,,,,,,,,,,,,,,,,,,,,,,,,,,,,,,,,,,-2.6823770097013844,437,51
2026-27,football,American Southwest Conference (ASC),asc,East Texas Baptist,"Cavazos,Pedro",Pedro,Cavazos,,1062,"Cavazos,Pedro","CAVAZOS,PEDRO",East Texas Baptist,ETB,636-4172,4,0,46,46,0,0,0,0,,,,,,,,,,,,,,,,,,,0,0,0,0,0,.0,.0,.0,0,0,0,0,0,0,0,0,0,0,0,0,0,0,0,0,,,,,,12,0,0,0,0,0,0,0,0,12,12,3,,,,,,,,,,,,,,,,,,16,12,0,0,1,1,1,1,0,0,0,0,,,,,,,,,,,,,,,,,,,,,,,,,,0,0,0,0,.0,,,,,,,,,,-2.690433406417795,438,51
2026-27,football,American Southwest Conference (ASC),asc,Howard Payne,"Phillips,Michael",Michael,Phillips,,2741,"Phillips,Michael","PHILLIPS,MICHAEL",Howard Payne,HPU,639-3823,2,0,10,10,0,QB,0,0,4,2,5,3,1,3,.5,1.0,,,,,,,,,,,0,0,0,0,0,.0,.0,.0,0,0,0,0,0,0,0,0,0,0,0,0,0,0,0,0,,,,,,0,1,0,0,0,0,0,0,0,6,6,3,,,,,,3,1,0,0,0,0,0,0,NaN,.00,.00,.0,,,,,,,,,,,,,,,,,,,,,,,,,,,,,,,,,,,,,,,,,,,,,,,,,,,,-2.7952420561973,439,51
2026-27,football,American Southwest Conference (ASC),asc,Mary Hardin-Baylor,"Solomon,Deuce",Deuce,Solomon,,1203,"Solomon,Deuce","SOLOMON,DEUCE",Mary Hardin-Baylor,UMHB,641-6275,3,0,28,28,0,WR,0,0,13,25,25,0,0,5,1.9,8.3,,1,13,0,13,13.0,,,,,0,0,1,1,1,.0,.0,.0,0,0,0,0,0,0,0,0,0,0,0,0,0,0,0,0,,,,,,,,,,,,,,,,,,,,,,,,,,,,,,,,,,,,,,,,,,,,,,,,,,,,,,,,,,,,,,,,,,,,,,,,,,,,,,,,,,,,,,-3.076390940476637,440,51
2026-27,football,American Southwest Conference (ASC),asc,Hardin-Simmons,"Powell,Guy",Guy,Powell,,271,"Powell,Guy","POWELL,GUY",Hardin-Simmons,HSU,637-3681,2,0,16,16,0,RB,0,0,13,49,49,0,0,11,3.8,24.5,,7,45,0,12,6.4,,,,,0,0,0,0,0,.0,.0,.0,0,0,0,0,0,0,0,0,0,0,0,0,0,0,0,0,,,,,,,,,,,,,,,,,,,,,1,1,,,,,,,,,,,,,,,,,,,,,,,,,,,,,,2,14,0,8,7.0,,,,,,,,,,,,,,,,,,,,,,,,,,,,,,-3.0933617883240947,441,51
2026-27,football,American Southwest Conference (ASC),asc,East Texas Baptist,"Markajani,Shai",Shai,Markajani,,1062,"Markajani,Shai","MARKAJANI,SHAI",East Texas Baptist,ETB,636-5008,2,0,12,12,0,QB,0,0,,,,,,,,,,,,,,,,,,,,,,,,,,,,,,,,,,,,,,,,,,,,,,,,,,,,,,,,,,,,,,,,,0,0,0,0,0,1,1,0,-200.0,.00,.00,.0,,,,,,,,,,,,,,,,,,,,,,,,,,,,,,,,,,,,,,,,,,,,,,,,,,,,-3.1020871784651787,442,51
2026-27,football,American Southwest Conference (ASC),asc,East Texas Baptist,"Hernandez,Aidan",Aidan,Hernandez,,1062,"Hernandez,Aidan","HERNANDEZ,AIDAN",East Texas Baptist,ETB,636-4514,4,0,45,45,0,0,0,0,1,-10,0,10,0,0,-10.0,-2.5,,,,,,,,,,,0,0,0,0,0,.0,.0,.0,0,0,0,0,0,0,0,0,0,0,0,0,0,0,0,0,,,,,,,,,,,,,,,,,,,,,1,1,,,,,,,,,,,,,,,,,,,,,,,,,,,,,,,,,,,,,,,,,6,190,42,0,0,1,0,2,31.7,,,,,,,,,,,,,,,-3.310706529020024,443,50
2026-27,football,American Southwest Conference (ASC),asc,McMurry,"Broadway,Isaiah",Isaiah,Broadway,,8530,"Broadway,Isaiah","BROADWAY,ISAIAH",McMurry,MCM,643-6352,3,0,20,20,0,RB,0,0,3,-1,2,3,0,2,-.3,-.3,,1,0,0,0,.0,,,,,0,1,0,1,1,.0,.0,.0,0,0,0,0,0,0,0,0,0,0,0,0,0,0,0,0,,,,,,,,,,,,,,,,,,,,,,,,,,,,,,,,,,,,,,,,,,,,,,,,,,,,,,,,,,,,,,,,,,,,,,,,,,,,,,,,,,,,,,-3.459299091711874,444,50
2026-27,football,American Southwest Conference (ASC),asc,McMurry,"Pruitt,Jadyn",Jadyn,Pruitt,,8530,"Pruitt,Jadyn","PRUITT,JADYN",McMurry,MCM,643-6029,5,4,8,8,0,WR,0,0,3,12,16,4,0,13,4.0,2.4,,13,142,0,24,10.9,,,,,0,0,1,1,1,.0,.0,.0,0,0,0,0,0,0,0,0,0,0,0,0,0,0,0,0,,,,,,,,,,,,,,,,,,,,,3,2,,,,,,,,,,,,,,,,,,,,,,,,,,,,,,3,-2,0,1,-.7,,,,,,,,,,,,,,,,,,,,,,,,,,,,,,-3.6518889715512577,445,50
2026-27,football,American Southwest Conference (ASC),asc,McMurry,"Plake,Dylan",Dylan,Plake,,8530,"Plake,Dylan","PLAKE,DYLAN",McMurry,MCM,643-6027,3,1,9,9,0,QB,0,0,4,6,16,10,0,16,1.5,2.0,,0,0,0,0,.0,,,,,0,0,0,0,0,.0,.0,.0,0,0,0,0,0,0,0,0,0,0,0,0,0,0,0,0,,,,,,,,,,,,,,,,,,,,,1,1,13,2,16,0,51,2,11,6,57.1,4.64,8.50,17.0,,,,,,,,,,,,,,,,,,,,,,,,,,,,,,,,,,,,,,,,,,,,,,,,,,,,-6.2413648937407205,446,50
