season,sport,conference,conference_code,team,player_name,first_name,last_name,position,team_code,name,checkname,team_name,team_id,sdrm_id,games_played,games_started,uniform,code,year,offensive_position,defensive_position,active,rush_stats,pass_stats,receiving_stats,punt_stats,kickoff_stats,fieldgoal_stats,pat_stats_kick_attempts,pat_stats_kicks_made,pat_stats_rush_attempts,pat_stats_rushes_made,pat_stats_pass_attempts,pat_stats_passes_made,pat_stats_reception_attempts,pat_stats_receptions_made,pat_stats_defensive_return_attempts,pat_stats_defensive_returns_made,pat_stats_defensive_blocked_kick_return_attempts,pat_stats_devensive_blocked_kick_returns_made,defense_stats_interception_return_yards,defense_stats_unassisted_tackles,defense_stats_assisted_tackles,defense_stats_tackles,defense_stats_total_tackles,defense_stats_tackles_for_loss,defense_stats_tackles_for_loss_per_game,defense_stats_tackles_per_game,defense_stats_unassisted_tackles_for_loss,defense_stats_assisted_tackles_for_loss,defense_stats_tackle_yards_for_loss,defense_stats_sacks,defense_stats_unassisted_sacks,defense_stats_assisted_sacks,defense_stats_sack_yards_for_loss,defense_stats_pass_breakups,defense_stats_fumbles_forced,defense_stats_quarterback_hurries,defense_stats_safeties_scored,defense_stats_blocked_kicks,defense_stats_fumbles_recovered,defense_stats_fumble_return_yards,defense_stats_interceptions,defense_stats_passes_defended,kickreturn_stats,puntreturn_stats,interception_return_stats_number,interception_return_stats_yards,interception_return_stats_touchdowns,interception_return_stats_longest,interception_return_stats_avg_per_return,fumblereturn_stats,fumble_stats,scoring_stats,pat_stats,interception_return_stats,rush_stats_attempts,rush_stats_net_yards,rush_stats_yards_gained,rush_stats_yards_lost,rush_stats_touchdowns,rush_stats_longest_rush,rush_stats_avg_per_play,rush_stats_avg_per_game,receiving_stats_number,receiving_stats_yards,receiving_stats_touchdowns,receiving_stats_longest_reception,receiving_stats_avg_per_reception,kickreturn_stats_number,kickreturn_stats_yards,kickreturn_stats_touchdowns,kickreturn_stats_longest_kickoff_return,kickreturn_stats_avg_per_return,fumble_stats_number,fumble_stats_number_lost,scoring_stats_pat_kicks,scoring_stats_touchdowns,scoring_stats_fieldgoals,scoring_stats_safeties,scoring_stats_pat_rushes,scoring_stats_pat_receptions,scoring_stats_pat_kick_returns,scoring_stats_pat_fumble_returns,scoring_stats_rouges,scoring_stats_points,scoring_stats_all_points,scoring_stats_points_per_game,puntreturn_stats_number,puntreturn_stats_yards,puntreturn_stats_touchdowns,puntreturn_stats_longest_punt_return,puntreturn_stats_avg_per_return,defense_stats,pass_stats_yards_lost_by_sacks,pass_stats_sacked,pass_stats_longest_pass,pass_stats_touchdowns,pass_stats_yards,pass_stats_interceptions,pass_stats_attempts,pass_stats_completions,pass_stats_efficiency,pass_stats_avg_per_pass,pass_stats_avg_per_catch,pass_stats_avg_per_game,punt_stats_number,punt_stats_yards,punt_stats_longest_punt,punt_stats_blocked,punt_stats_touchbacks,punt_stats_fair_catches,punt_stats_fifty_plus_yards,punt_stats_inside_twenty,punt_stats_avg_per_punt,kickoff_stats_number,kickoff_stats_yards,kickoff_stats_out_of_bounds,kickoff_stats_touchbacks,kickoff_stats_avg_per_kickoff,fieldgoal_stats_made,fieldgoal_stats_attempts,fieldgoal_stats_longest_fieldgoal,fieldgoal_stats_blocked,fieldgoal_stats_percentage,fumblereturn_stats_number,fumblereturn_stats_yards,fumblereturn_stats_touchdowns,fumblereturn_stats_longest_interception_return
2026-27,football,Conference of New England (CCC),ccc,Curry College,Lucas Leander,Lucas,Leander,,170,Lucas Leander,"LEANDER,LUCAS",Curry College,CUR,0,4,4,0,0,0,0,DB,0,,,,,,,0,0,0,0,0,0,0,0,1,0,0,0,0,17,14,31,31,.5,.0,.0,0,1,1,0,0,0,0,0,0,0,0,0,0,0,1,1,,,1,0,0,0,.0,,,,,,,,,,,,,,,,,,,,,,,,,,,,,,,,,,,,,,,,,,,,,,,,,,,,,,,,,,,,,,,,,,,,,,,,,,,,,,
2026-27,football,Conference of New England (CCC),ccc,Curry College,Jaden Scott,Jaden,Scott,,170,Jaden Scott,"SCOTT,JADEN",Curry College,CUR,0,3,3,1,1,0,0,DL,0,,,,,,,,,,,,,,,,,,,0,5,0,5,5,3.0,.0,.0,3,0,8,0,0,0,0,0,0,0,0,0,0,0,0,0,,,,,,,,,,,,,,,,,,,,,,,,,,,,,,,,,,,,,,,,,,,,,,,,,,,,,,,,,,,,,,,,,,,,,,,,,,,,,,,,,,,,,
2026-27,football,Conference of New England (CCC),ccc,Curry College,Jordan Depina,Jordan,Depina,,170,Jordan Depina,"DEPINA,JORDAN",Curry College,CUR,0,4,4,2,2,0,RB,0,0,,,,,,,,,,,,,,,,,,,0,0,1,1,1,.0,.0,.0,0,0,0,0,0,0,0,0,0,0,0,0,0,0,0,0,,,,,,,,,,,,,78,453,463,10,3,36,5.8,113.3,1,0,0,0,.0,2,55,0,50,27.5,1,0,0,3,0,0,0,0,0,0,0,18,18,4.5,,,,,,,,,,,,,,,,,,,,,,,,,,,,,,,,,,,,,,,,,
2026-27,football,Conference of New England (CCC),ccc,Curry College,Wesley Williams,Wesley,Williams,,170,Wesley Williams,"WILLIAMS,WESLEY",Curry College,CUR,0,3,2,3,3,0,WR,0,0,,,,,,,,,,,,,,,,,,,0,0,0,0,0,.0,.0,.0,0,0,0,0,0,0,0,0,0,0,0,0,0,0,0,0,,,,,,,,,,,,,,,,,,,,,9,183,5,53,20.3,,,,,,,,0,5,0,0,0,0,0,0,0,30,30,10,,,,,,,,,,,,,,,,,,,,,,,,,,,,,,,,,,,,,,,,,
2026-27,football,Conference of New England (CCC),ccc,Curry College,Colin Ridley,Colin,Ridley,,170,Colin Ridley,"RIDLEY,COLIN",Curry College,CUR,0,4,4,4,4,0,WR,0,0,,,,,,,,,,,,,,,,,,,0,0,0,0,0,.0,.0,.0,0,0,0,0,0,0,0,0,0,1,0,0,0,0,0,0,,,,,,,,,,,,,1,-10,0,10,0,0,-10.0,-2.5,18,224,3,28,12.4,3,55,0,22,18.3,,,0,4,0,0,0,0,0,0,0,24,24,6,3,100,1,65,33.3,,,,,,,,,,,,,,,,,,,,,,,,,,,,,,,,,,,,
2026-27,football,Conference of New England (CCC),ccc,Curry College,Elia Bahuma,Elia,Bahuma,,170,Elia Bahuma,"BAHUMA,ELIA",Curry College,CUR,0,4,0,5,5,0,0,0,0,,,,,,,,,,,,,,,,,,,0,1,0,1,1,.0,.0,.0,0,0,0,0,0,0,0,0,0,0,0,0,0,0,0,0,,,,,,,,,,,,,26,174,180,6,1,50,6.7,43.5,,,,,,,,,,,,,0,1,0,0,0,0,0,0,0,6,6,1.5,,,,,,,,,,,,,,,,,,,,,,,,,,,,,,,,,,,,,,,,,
2026-27,football,Conference of New England (CCC),ccc,Curry College,Kamari Hayes,Kamari,Hayes,,170,Kamari Hayes,"HAYES,KAMARI",Curry College,CUR,0,2,0,6,6,0,0,0,0,,,,,,,,,,,,,,,,,,,,,,,,,,,,,,,,,,,,,,,,,,,,,,,,,,,,,,,,,,,,,,,,,,,,,,,,,,,,,,,,,,,,,,,,,,,,,,,,,,,,,,,,,,,,,,,,,,,,,,,,,,,,,,,
2026-27,football,Conference of New England (CCC),ccc,Curry College,Gabe Santos,Gabe,Santos,,170,Gabe Santos,"SANTOS,GABE",Curry College,CUR,0,4,4,7,7,0,0,LB,0,,,,,,,,,,,,,,,,,,,0,21,12,33,33,2.5,.0,.0,2,1,5,0,0,0,0,0,0,0,0,0,0,0,0,0,,,,,,,,,,,,,,,,,,,,,,,,,,1,1,0,1,1.0,,,,,,,,,,,,,,,,,,,,,,,,,,,,,,,,,,,,,,,,,,,,,,,,,,,,,,,
2026-27,football,Conference of New England (CCC),ccc,Curry College,Nachbi Chery,Nachbi,Chery,,170,Nachbi Chery,"CHERY,NACHBI",Curry College,CUR,0,3,3,8,8,0,0,DB,0,,,,,,,,,,,,,,,,,,,0,6,1,7,7,.0,.0,.0,0,0,0,0,0,0,0,0,0,0,0,0,0,0,0,0,,,,,,,,,,,,,,,,,,,,,,,,,,,,,,,,,,,,,,,,,,,,,,,,,,,,,,,,,,,,,,,,,,,,,,,,,,,,,,,,,,,,,
2026-27,football,Conference of New England (CCC),ccc,Curry College,Shane Field,Shane,Field,,170,Shane Field,"FIELD,SHANE",Curry College,CUR,0,3,2,9,9,0,0,LB,0,,,,,,,,,,,,,,,,,,,0,3,8,11,11,.0,.0,.0,0,0,0,0,0,0,0,0,0,0,0,0,0,0,0,0,,,,,,,,,,,,,,,,,,,,,,,,,,,,,,,,,,,,,,,,,,,,,,,,,,,,,,,,,,,,,,,,,,,,,,,,,,,,,,,,,,,,,
2026-27,football,Conference of New England (CCC),ccc,Curry College,Luke Fernald,Luke,Fernald,,170,Luke Fernald,"FERNALD,LUKE",Curry College,CUR,0,1,0,10,10,0,0,0,0,,,,,,,,,,,,,,,,,,,,,,,,,,,,,,,,,,,,,,,,,,,,,,,,,,,,,,,1,5,5,0,0,5,5.0,5.0,,,,,,,,,,,,,,,,,,,,,,,,,,,,,,,0,0,27,0,27,0,1,1,326.8,27.00,27.00,27.0,,,,,,,,,,,,,,,,,,,,,,,
2026-27,football,Conference of New England (CCC),ccc,Curry College,L. Thomas III,L. Thomas,III,,170,L. Thomas III,"III,L THOMAS",Curry College,CUR,0,1,0,11,11,0,0,0,0,,,,,,,,,,,,,,,,,,,0,1,0,1,1,.0,.0,.0,0,0,0,0,0,0,0,0,0,0,0,0,0,0,0,0,,,,,,,,,,,,,,,,,,,,,,,,,,,,,,,,,,,,,,,,,,,,,,,,,,,,,,,,,,,,,,,,,,,,,,,,,,,,,,,,,,,,,
2026-27,football,Conference of New England (CCC),ccc,Curry College,Ferrante Anthony,Ferrante,Anthony,,170,Ferrante Anthony,"FERRANTE,A",Curry College,CUR,0,4,0,12,12,0,0,0,0,,,,,,,,,,,,,,,,,,,,,,,,,,,,,,,,,,,,,,,,,,,,,,,,,,,,,,,,,,,,,,,2,25,0,13,12.5,,,,,,,,,,,,,,,,,,,,,,,,,,,,,,,,,,,,,,,,,,,,,,,,,,,,,,,,,,,,
2026-27,football,Conference of New England (CCC),ccc,Curry College,Ty Tedesco,Ty,Tedesco,,170,Ty Tedesco,"TEDESCO,TY",Curry College,CUR,0,4,1,13,13,0,QB,0,0,,,,,,,,,,,,,,,,,,,,,,,,,,,,,,,,,,,,,,,,,,,,,,,,,,,,,,,2,7,9,2,0,9,3.5,1.8,,,,,,,,,,,1,1,,,,,,,,,,,,,,,,,,,0,0,5,0,5,1,4,1,-14.5,1.25,5.00,1.3,,,,,,,,,,,,,,,,,,,,,,,
2026-27,football,Conference of New England (CCC),ccc,Curry College,Liam Harris,Liam,Harris,,170,Liam Harris,"HARRIS,LIAM",Curry College,CUR,0,1,0,14,14,0,0,0,0,,,,,,,,,,,,,,,,,,,,,,,,,,,,,,,,,,,,,,,,,,,,,,,,,,,,,,,,,,,,,,,1,27,0,27,27.0,,,,,,,,,,,,,,,,,,,,,,,,,,,,,,,,,,,,,,,,,,,,,,,,,,,,,,,,,,,,
2026-27,football,Conference of New England (CCC),ccc,Curry College,Caden Borges,Caden,Borges,,170,Caden Borges,"BORGES,CADEN",Curry College,CUR,0,4,3,17,17,0,0,0,0,,,,,,,,,,,,,,,,,,,0,0,0,0,0,.0,.0,.0,0,0,0,0,0,0,0,0,0,0,0,0,0,0,0,0,,,,,,,,,,,,,14,68,98,30,1,26,4.9,17.0,,,,,,,,,,,,,0,1,0,0,0,0,0,0,0,6,6,1.5,,,,,,,30,6,53,12,759,3,73,46,196.4,10.40,16.50,189.8,,,,,,,,,,,,,,,,,,,,,,,
2026-27,football,Conference of New England (CCC),ccc,Curry College,Delucia Pasquale,Delucia,Pasquale,,170,Delucia Pasquale,"DELUCIA,P",Curry College,CUR,0,4,1,18,18,0,0,0,0,,,,,,,,,,,,,,,,,,,0,3,9,12,12,1.0,.0,.0,1,0,2,0,0,0,0,1,0,0,0,0,0,0,0,1,,,,,,,,,,,,,,,,,,,,,,,,,,,,,,,,,,,,,,,,,,,,,,,,,,,,,,,,,,,,,,,,,,,,,,,,,,,,,,,,,,,,,
2026-27,football,Conference of New England (CCC),ccc,Curry College,Sam DeAngelis,Sam,DeAngelis,,170,Sam DeAngelis,"DEANGELIS,SAM",Curry College,CUR,0,3,0,19,19,0,0,0,0,,,,,,,,,,,,,,,,,,,0,0,0,0,0,.0,.0,.0,0,0,0,0,0,0,0,0,0,0,0,0,0,0,0,0,,,,,,,,,,,,,,,,,,,,,3,80,1,46,26.7,,,,,,,,0,1,0,0,0,0,0,0,0,6,6,2,,,,,,,,,,,,,,,,,,,,,,,,,,,,,,,,,,,,,,,,,
2026-27,football,Conference of New England (CCC),ccc,Curry College,Mcallister Travis,Mcallister,Travis,,170,Mcallister Travis,"MCALLISTER,T",Curry College,CUR,0,4,4,22,22,0,0,DB,0,,,,,,,,,,,,,,,,,,,0,11,11,22,22,.0,.0,.0,0,0,0,0,0,0,0,1,0,0,0,0,0,0,0,1,,,,,,,,,,,,,,,,,,,,,,,,,,,,,,,,,,,,,,,,,,,,,,,,,,,,,,,,,,,,,,,,,,,,,,,,,,,,,,,,,,,,,
2026-27,football,Conference of New England (CCC),ccc,Curry College,Mekhi Lumsden,Mekhi,Lumsden,,170,Mekhi Lumsden,"LUMSDEN,MEKHI",Curry College,CUR,0,3,0,23,23,0,0,0,0,,,,,,,,,,,,,,,,,,,0,3,0,3,3,.0,.0,.0,0,0,0,0,0,0,0,0,0,0,0,0,0,0,0,0,,,,,,,,,,,,,,,,,,,,,,,,,,,,,,,,,,,,,,,,,,,,,,,,,,,,,,,,,,,,,,,,,,,,,,,,,,,,,,,,,,,,,
2026-27,football,Conference of New England (CCC),ccc,Curry College,Nathan Sampson,Nathan,Sampson,,170,Nathan Sampson,"SAMPSON,NATHAN",Curry College,CUR,0,4,2,26,26,0,0,DB,0,,,,,,,,,,,,,,,,,,,0,3,0,3,3,.0,.0,.0,0,0,0,0,0,0,0,1,0,0,0,0,0,0,0,1,,,,,,,,,,,,,,,,,,,,,,,,,,,,,,,,,,,,,,,,,,,,,,,,,,,,,,,,,,,,,,,,,,,,,,,,,,,,,,,,,,,,,
2026-27,football,Conference of New England (CCC),ccc,Curry College,Omar Lee,Omar,Lee,,170,Omar Lee,"LEE,OMAR",Curry College,CUR,0,2,0,27,27,0,0,0,0,,,,,,,,,,,,,,,,,,,,,,,,,,,,,,,,,,,,,,,,,,,,,,,,,,,,,,,9,21,23,2,1,7,2.3,10.5,,,,,,,,,,,,,0,1,0,0,0,0,0,0,0,6,6,3,,,,,,,,,,,,,,,,,,,,,,,,,,,,,,,,,,,,,,,,,
2026-27,football,Conference of New England (CCC),ccc,Curry College,Justin Dube,Justin,Dube,,170,Justin Dube,"DUBE,JUSTIN",Curry College,CUR,0,4,2,28,28,0,0,0,0,,,,,,,,,,,,,,,,,,,0,11,4,15,15,.0,.0,.0,0,0,0,0,0,0,0,1,1,0,0,0,0,0,1,2,,,1,0,0,0,.0,,,,,,,,,,,,,,,,,,,1,17,0,17,17.0,,,,,,,,,,,,,,,,,,,,,,,,,,,,,,,,,,,,,,,,,,,,,,,,,,,,,,,
2026-27,football,Conference of New England (CCC),ccc,Curry College,K. Chaplin II,K. Chaplin,II,,170,K. Chaplin II,"II,K CHAPLIN",Curry College,CUR,0,1,1,29,29,0,WR,0,0,,,,,,,,,,,,,,,,,,,,,,,,,,,,,,,,,,,,,,,,,,,,,,,,,,,,,,,,,,,,,,,2,16,0,11,8.0,6,218,0,49,36.3,,,,,,,,,,,,,,,,,,,,,,,,,,,,,,,,,,,,,,,,,,,,,,,,,,,,,,,
2026-27,football,Conference of New England (CCC),ccc,Curry College,Nicholas Walkowski,Nicholas,Walkowski,,170,Nicholas Walkowski,"WALKOWSKI,N",Curry College,CUR,0,3,1,30,30,0,0,0,0,,,,,,,,,,,,,,,,,,,0,4,12,16,16,.0,.0,.0,0,0,0,0,0,0,0,0,0,0,0,0,0,0,0,0,,,,,,,,,,,,,,,,,,,,,,,,,,,,,,,,,,,,,,,,,,,,,,,,,,,,,,,,,,,,,,,,,,,,,,,,,,,,,,,,,,,,,
2026-27,football,Conference of New England (CCC),ccc,Curry College,B. Santana Rami,B. Santana,Rami,,170,B. Santana Rami,"RAMI,B SANTANA",Curry College,CUR,0,1,0,32,32,0,0,0,0,,,,,,,,,,,,,,,,,,,,,,,,,,,,,,,,,,,,,,,,,,,,,,,,,,,,,,,,,,,,,,,,,,,,,,,,,,,,,,,,,,,,,,,,,,,,,,,,,,,,,,,,,,,,,,,,,,,,,,,,,,,,,,,
2026-27,football,Conference of New England (CCC),ccc,Curry College,Monbleau Michael,Monbleau,Michael,,170,Monbleau Michael,"MONBLEAU,M",Curry College,CUR,0,4,3,33,33,0,0,LB,0,,,,,,,,,,,,,,,,,,,0,14,13,27,27,.0,.0,.0,0,0,0,0,0,0,0,0,0,0,0,0,0,0,0,0,,,,,,,,,,,,,,,,,,,,,,,,,,,,,,,,,,,,,,,,,,,,,,,,,,,,,,,,,,,,,,,,,,,,,,,,,,,,,,,,,,,,,
2026-27,football,Conference of New England (CCC),ccc,Curry College,Zachery Nathaniel,Zachery,Nathaniel,,170,Zachery Nathaniel,"ZACHERY,N",Curry College,CUR,0,4,0,34,34,0,0,0,0,,,,,,,,,,,,,,,,,,,0,1,1,2,2,.0,.0,.0,0,0,0,0,0,0,0,0,0,0,0,0,0,0,0,0,,,,,,,,,,,,,7,57,60,3,1,20,8.1,14.3,,,,,,,,,,,,,0,1,0,0,0,0,0,0,0,6,6,1.5,,,,,,,,,,,,,,,,,,,,,,,,,,,,,,,,,,,,,,,,,
2026-27,football,Conference of New England (CCC),ccc,Curry College,Jaylen Walker,Jaylen,Walker,,170,Jaylen Walker,"WALKER,JAYLEN",Curry College,CUR,0,4,1,37,37,0,0,0,0,,,,,,,,,,,,,,,,,,,25,10,4,14,14,.0,.0,.0,0,0,0,0,0,0,0,1,1,0,0,1,0,0,2,3,,,2,25,1,25,12.5,,,,,,,,,,,,,,,,,,,,,,,,,,0,1,0,0,0,0,0,0,0,6,6,1.5,,,,,,,,,,,,,,,,,,,,,,,,,,,,,,,,,,,,,,,,,
2026-27,football,Conference of New England (CCC),ccc,Curry College,Sanderson Wesley,Sanderson,Wesley,,170,Sanderson Wesley,"SANDERSON,W",Curry College,CUR,0,4,2,41,41,0,0,0,0,,,,,,,,,,,,,,,,,,,0,11,7,18,18,.0,.0,.0,0,0,0,0,0,0,0,1,0,0,0,0,1,0,0,1,,,,,,,,,,,,,,,,,,,,,,,,,,,,,,,0,0,,,,,,,,,,,,,,,,,,,,,,,,,,,,,,,,,,,,,,,,,,,,,,,,,,,,,
2026-27,football,Conference of New England (CCC),ccc,Curry College,Danny Doris,Danny,Doris,,170,Danny Doris,"DORIS,DANNY",Curry College,CUR,0,4,4,44,44,0,TE,0,0,,,,,,,,,,,,,,,,,,,,,,,,,,,,,,,,,,,,,,,,,,,,,,,,,,,,,,,,,,,,,,,0,0,0,0,.0,,,,,,,,,,,,,,,,,,,,,,,,,,,,,,,,,,,,,,,,,,,,,,,,,,,,,,,,,,,,
2026-27,football,Conference of New England (CCC),ccc,Curry College,Mason Nardi,Mason,Nardi,,170,Mason Nardi,"NARDI,MASON",Curry College,CUR,0,2,0,45,45,0,0,0,0,,,,,,,,,,,,,,,,,,,,,,,,,,,,,,,,,,,,,,,,,,,,,,,,,,,,,,,,,,,,,,,,,,,,,,,,,,,,,,,,,,,,,,,,,,,,,,,,,,,,,,,,,,,,,,,,,,,,,,,,,,,,,,,
2026-27,football,Conference of New England (CCC),ccc,Curry College,Ason Jones,Ason,Jones,,170,Ason Jones,"JONES,ASON",Curry College,CUR,0,4,0,51,51,0,0,0,0,,,,,,,,,,,,,,,,,,,0,2,3,5,5,.0,.0,.0,0,0,0,0,0,0,0,0,0,0,0,0,0,0,0,0,,,,,,,,,,,,,,,,,,,,,,,,,,,,,,,,,,,,,,,,,,,,,,,,,,,,,,,,,,,,,,,,,,,,,,,,,,,,,,,,,,,,,
2026-27,football,Conference of New England (CCC),ccc,Curry College,Cameron Yates,Cameron,Yates,,170,Cameron Yates,"YATES,CAMERON",Curry College,CUR,0,2,0,52,52,0,0,0,0,,,,,,,,,,,,,,,,,,,,,,,,,,,,,,,,,,,,,,,,,,,,,,,,,,,,,,,,,,,,,,,,,,,,,,,,,,,,,,,,,,,,,,,,,,,,,,,,,,,,,,,,,,,,,,,,,,,,,,,,,,,,,,,
2026-27,football,Conference of New England (CCC),ccc,Curry College,Dominick Parry,Dominick,Parry,,170,Dominick Parry,"PARRY,DOMINICK",Curry College,CUR,0,4,4,53,53,0,RG,0,0,,,,,,,,,,,,,,,,,,,,,,,,,,,,,,,,,,,,,,,,,,,,,,,,,,,,,,,,,,,,,,,,,,,,,,,,,,,,,,,,,,,,,,,,,,,,,,,,,,,,,,,,,,,,,,,,,,,,,,,,,,,,,,,
2026-27,football,Conference of New England (CCC),ccc,Curry College,Gabriel Grein,Gabriel,Grein,,170,Gabriel Grein,"GREIN,GABRIEL",Curry College,CUR,0,3,2,54,54,0,0,DL,0,,,,,,,,,,,,,,,,,,,0,0,1,1,1,.0,.0,.0,0,0,0,0,0,0,0,0,0,0,0,0,0,0,0,0,,,,,,,,,,,,,,,,,,,,,,,,,,,,,,,,,,,,,,,,,,,,,,,,,,,,,,,,,,,,,,,,,,,,,,,,,,,,,,,,,,,,,
2026-27,football,Conference of New England (CCC),ccc,Curry College,Alex Smith,Alex,Smith,,170,Alex Smith,"SMITH,ALEX",Curry College,CUR,0,1,0,60,60,0,0,0,0,,,,,,,,,,,,,,,,,,,,,,,,,,,,,,,,,,,,,,,,,,,,,,,,,,,,,,,,,,,,,,,,,,,,,,,,,,,,,,,,,,,,,,,,,,,,,,,,,,,,,,,,,,,,,,,,,,,,,,,,,,,,,,,
2026-27,football,Conference of New England (CCC),ccc,Curry College,Ramirez Jhonnyel,Ramirez,Jhonnyel,,170,Ramirez Jhonnyel,"RAMIREZ,J",Curry College,CUR,0,4,4,64,64,0,C,0,0,,,,,,,,,,,,,,,,,,,,,,,,,,,,,,,,,,,,,,,,,,,,,,,,,,,,,,,,,,,,,,,,,,,,,,,,,,,,,,,,,,,,,,,,,,,,,,,,,,,,,,,,,,,,,,,,,,,,,,,,,,,,,,,
2026-27,football,Conference of New England (CCC),ccc,Curry College,Lukas Maynard,Lukas,Maynard,,170,Lukas Maynard,"MAYNARD,LUKAS",Curry College,CUR,0,4,4,66,66,0,LG,0,0,,,,,,,,,,,,,,,,,,,0,1,0,1,1,.0,.0,.0,0,0,0,0,0,0,0,0,0,0,0,0,0,0,0,0,,,,,,,,,,,,,,,,,,,,,,,,,,,,,,,,,,,,,,,,,,,,,,,,,,,,,,,,,,,,,,,,,,,,,,,,,,,,,,,,,,,,,
2026-27,football,Conference of New England (CCC),ccc,Curry College,Oscar Li,Oscar,Li,,170,Oscar Li,"LI,OSCAR",Curry College,CUR,0,4,3,67,67,0,0,0,0,,,,,,,,,,,,,,,,,,,,,,,,,,,,,,,,,,,,,,,,,,,,,,,,,,,,,,,,,,,,,,,,,,,,,,,,,,,,,,,,,,,,,,,,,,,,,,,,,,,,,,,,,,,,,,,,,,,,,,,,,,,,,,,
2026-27,football,Conference of New England (CCC),ccc,Curry College,Daniel Sims,Daniel,Sims,,170,Daniel Sims,"SIMS,DANIEL",Curry College,CUR,0,2,2,73,73,0,LT,0,0,,,,,,,,,,,,,,,,,,,,,,,,,,,,,,,,,,,,,,,,,,,,,,,,,,,,,,,,,,,,,,,,,,,,,,,,,,,,,,,,,,,,,,,,,,,,,,,,,,,,,,,,,,,,,,,,,,,,,,,,,,,,,,,
2026-27,football,Conference of New England (CCC),ccc,Curry College,Ethan Motyl,Ethan,Motyl,,170,Ethan Motyl,"MOTYL,ETHAN",Curry College,CUR,0,3,1,74,74,0,RT,0,0,,,,,,,,,,,,,,,,,,,,,,,,,,,,,,,,,,,,,,,,,,,,,,,,,,,,,,,,,,,,,,,,,,,,,,,,,,,,,,,,,,,,,,,,,,,,,,,,,,,,,,,,,,,,,,,,,,,,,,,,,,,,,,,
2026-27,football,Conference of New England (CCC),ccc,Curry College,Dembowski Thomas,Dembowski,Thomas,,170,Dembowski Thomas,"DEMBOWSKI,T",Curry College,CUR,0,2,0,75,75,0,0,0,0,,,,,,,,,,,,,,,,,,,,,,,,,,,,,,,,,,,,,,,,,,,,,,,,,,,,,,,,,,,,,,,,,,,,,,,,,,,,,,,,,,,,,,,,,,,,,,,,,,,,,,,,,,,,,,,,,,,,,,,,,,,,,,,
2026-27,football,Conference of New England (CCC),ccc,Curry College,Weston Cooper,Weston,Cooper,,170,Weston Cooper,"COOPER,WESTON",Curry College,CUR,0,4,0,81,81,0,0,0,0,,,,,,,,,,,,,,,,,,,0,2,0,2,2,.0,.0,.0,0,0,0,0,0,0,0,0,0,0,0,0,0,0,0,0,,,,,,,,,,,,,,,,,,,,,,,,,,,,,,,,,,,,,,,,,,,,,,,,,,,,,,,,,,,,,,,7,222,39,0,0,1,0,0,31.7,25,1438,2,3,57.5,,,,,,,,,
2026-27,football,Conference of New England (CCC),ccc,Curry College,Griffin Landry,Griffin,Landry,,170,Griffin Landry,"LANDRY,GRIFFIN",Curry College,CUR,0,4,2,84,84,0,0,0,0,,,,,,,,,,,,,,,,,,,0,1,0,1,1,.0,.0,.0,0,0,0,0,0,0,0,0,0,0,0,0,0,0,0,0,,,,,,,,,,,,,,,,,,,,,3,54,1,34,18.0,,,,,,,,0,1,0,0,0,0,0,0,0,6,6,1.5,,,,,,,,,,,,,,,,,,,,,,,,,,,,,,,,,,,,,,,,,
2026-27,football,Conference of New England (CCC),ccc,Curry College,Dennis Glidden,Dennis,Glidden,,170,Dennis Glidden,"GLIDDEN,DENNIS",Curry College,CUR,0,2,0,88,88,0,0,0,0,,,,,,,,,,,,,,,,,,,0,1,1,2,2,.0,.0,.0,0,0,0,0,0,0,0,0,0,0,0,0,0,0,0,0,,,,,,,,,,,,,,,,,,,,,0,0,0,0,.0,1,-16,0,0,-16.0,1,0,,,,,,,,,,,,,,,,,,,,,,,,,,,,,,,,,,,,,,,,,,,,,,,,,,,,,
2026-27,football,Conference of New England (CCC),ccc,Curry College,William Emmons,William,Emmons,,170,William Emmons,"EMMONS,WILLIAM",Curry College,CUR,0,4,0,89,89,0,0,0,0,,,,,,,22,20,0,0,0,0,0,0,0,0,0,0,0,0,0,0,0,.0,.0,.0,0,0,0,0,0,0,0,0,0,0,0,0,0,0,0,0,,,,,,,,,,,,,,,,,,,,,,,,,,,,,,,,,20,0,0,0,0,0,0,0,0,20,20,5,,,,,,,,,,,,,,,,,,,,,,,,,,,,,,,,,0,0,0,0,.0,,,,
2026-27,football,Conference of New England (CCC),ccc,Curry College,Jaden Doman,Jaden,Doman,,170,Jaden Doman,"DOMAN,JADEN",Curry College,CUR,0,3,0,89,89,0,0,0,0,,,,,,,,,,,,,,,,,,,0,2,0,2,2,1.0,.0,.0,1,0,23,1,1,0,23,0,0,0,0,0,0,0,0,0,,,,,,,,,,,,,,,,,,,,,,,,,,,,,,,,,,,,,,,,,,,,,,,,,,,,,,,,,,,,,,,,,,,,,,,,,,,,,,,,,,,,,
2026-27,football,Conference of New England (CCC),ccc,Curry College,Norman Stanley,Norman,Stanley,,170,Norman Stanley,"STANLEY,NORMAN",Curry College,CUR,0,3,0,91,91,0,0,0,0,,,,,,,,,,,,,,,,,,,0,2,3,5,5,.0,.0,.0,0,0,0,0,0,0,0,0,0,0,0,0,0,0,0,0,,,,,,,,,,,,,,,,,,,,,,,,,,,,,,,,,,,,,,,,,,,,,,,,,,,,,,,,,,,,,,,,,,,,,,,,,,,,,,,,,,,,,
2026-27,football,Conference of New England (CCC),ccc,Curry College,Michael Burke,Michael,Burke,,170,Michael Burke,"BURKE,MICHAEL",Curry College,CUR,0,4,2,97,97,0,0,0,0,,,,,,,,,,,,,,,,,,,0,4,5,9,9,.0,.0,.0,0,0,0,0,0,0,0,0,0,0,0,0,0,0,0,0,,,,,,,,,,,,,,,,,,,,,,,,,,,,,,,,,,,,,,,,,,,,,,,,,,,,,,,,,,,,,,,,,,,,,,,,,,,,,,,,,,,,,
2026-27,football,Conference of New England (CCC),ccc,Curry College,E. R Vasquez-Ba,E. R,Vasquez-Ba,,170,E. R Vasquez-Ba,"VASQUEZ-BA,E R",Curry College,CUR,0,1,1,98,98,0,0,DL,0,,,,,,,,,,,,,,,,,,,0,2,1,3,3,.0,.0,.0,0,0,0,0,0,0,0,0,0,0,0,0,0,0,0,0,,,,,,,,,,,,,,,,,,,,,,,,,,,,,,,,,,,,,,,,,,,,,,,,,,,,,,,,,,,,,,,,,,,,,,,,,,,,,,,,,,,,,
2026-27,football,Conference of New England (CCC),ccc,Curry College,Ryan Yates,Ryan,Yates,,170,Ryan Yates,"YATES,RYAN",Curry College,CUR,0,4,4,99,99,0,0,DL,0,,,,,,,,,,,,,,,,,,,0,6,2,8,8,1.5,.0,.0,1,1,3,0,0,0,0,1,0,0,0,0,0,0,0,1,,,,,,,,,,,,,,,,,,,,,,,,,,,,,,,,,,,,,,,,,,,,,,,,,,,,,,,,,,,,,,,,,,,,,,,,,,,,,,,,,,,,,
2026-27,football,Conference of New England (CCC),ccc,Curry College,"Clifford,Brayden",Brayden,Clifford,,170,"Clifford,Brayden","CLIFFORD,BRAYDEN",Curry College,CUR,0,3,0,15,15,0,QB,0,0,,,,,,,,,,,,,,,,,,,0,1,0,1,1,.0,.0,.0,0,0,0,0,0,0,0,0,0,0,0,0,1,0,0,0,,,,,,,,,,,,,,,,,,,,,,,,,,,,,,,,,,,,,,,,,,,,,,,,,,,,,,,,,,,,,,,,,,,,,,,,,,,,,,,,,,,,,
2026-27,football,Conference of New England (CCC),ccc,Curry College,"Ssengonzi,Lyle",Lyle,Ssengonzi,,170,"Ssengonzi,Lyle","SSENGONZI,LYLE",Curry College,CUR,0,1,0,20,20,0,0,0,0,,,,,,,,,,,,,,,,,,,,,,,,,,,,,,,,,,,,,,,,,,,,,,,,,,,,,,,,,,,,,,,1,28,0,28,28.0,,,,,,,,,,,,,,,,,,,,,,,,,,,,,,,,,,,,,,,,,,,,,,,,,,,,,,,,,,,,
2026-27,football,Conference of New England (CCC),ccc,Curry College,"Chaplin II,Kareem",Kareem,Chaplin II,,170,"Chaplin II,Kareem","CHAPLIN II,KAREEM",Curry College,CUR,0,3,3,29,29,0,WR,0,0,,,,,,,,,,,,,,,,,,,0,0,0,0,0,.0,.0,.0,0,0,0,0,0,0,0,0,0,0,0,0,0,0,0,0,,,,,,,,,,,,,1,-4,0,4,0,0,-4.0,-1.3,8,154,2,36,19.3,8,169,1,80,21.1,,,0,3,0,0,0,0,0,0,0,18,18,6,,,,,,,,,,,,,,,,,,,,,,,,,,,,,,,,,,,,,,,,,
2026-27,football,Conference of New England (CCC),ccc,Curry College,"David,Tyler J.",Tyler J.,David,,170,"David,Tyler J.","DAVID,TYLER J.",Curry College,CUR,0,1,0,42,42,0,0,LB,0,,,,,,,,,,,,,,,,,,,0,1,1,2,2,.0,.0,.0,0,0,0,0,0,0,0,0,0,0,0,0,0,0,0,0,,,,,,,,,,,,,,,,,,,,,,,,,,,,,,,,,,,,,,,,,,,,,,,,,,,,,,,,,,,,,,,,,,,,,,,,,,,,,,,,,,,,,
2026-27,football,Conference of New England (CCC),ccc,Curry College,"DeMarco,Jack",Jack,DeMarco,,170,"DeMarco,Jack","DEMARCO,JACK",Curry College,CUR,0,1,0,43,43,0,0,LB,0,,,,,,,,,,,,,,,,,,,0,0,1,1,1,.0,.0,.0,0,0,0,0,0,0,0,0,0,0,0,0,0,0,0,0,,,,,,,,,,,,,,,,,,,,,,,,,,,,,,,,,,,,,,,,,,,,,,,,,,,,,,,,,,,,,,,,,,,,,,,,,,,,,,,,,,,,,
2026-27,football,Conference of New England (CCC),ccc,Curry College,"Bradshaw,Conway",Conway,Bradshaw,,170,"Bradshaw,Conway","BRADSHAW,CONWAY",Curry College,CUR,0,2,0,46,46,0,0,0,0,,,,,,,,,,,,,,,,,,,,,,,,,,,,,,,,,,,,,,,,,,,,,,,,,,,,,,,,,,,,,,,,,,,,,,,,,,,,,,,,,,,,,,,,,,,,,,,,,,,,,,,,,,,,,,,,,,,,,,,,,,,,,,,
2026-27,football,Conference of New England (CCC),ccc,Curry College,"Sutton,Jerome",Jerome,Sutton,,170,"Sutton,Jerome","SUTTON,JEROME",Curry College,CUR,0,2,0,63,63,0,0,LB,0,,,,,,,,,,,,,,,,,,,0,0,1,1,1,.0,.0,.0,0,0,0,0,0,0,0,0,0,0,0,0,0,0,0,0,,,,,,,,,,,,,,,,,,,,,,,,,,,,,,,,,,,,,,,,,,,,,,,,,,,,,,,,,,,,,,,,,,,,,,,,,,,,,,,,,,,,,
2026-27,football,Conference of New England (CCC),ccc,Curry College,"Sims,Danny",Danny,Sims,,170,"Sims,Danny","SIMS,DANNY",Curry College,CUR,0,2,2,73,73,0,OL,0,0,,,,,,,,,,,,,,,,,,,,,,,,,,,,,,,,,,,,,,,,,,,,,,,,,,,,,,,,,,,,,,,,,,,,,,,,,,,,,,,,,,,,,,,,,,,,,,,,,,,,,,,,,,,,,,,,,,,,,,,,,,,,,,,
2026-27,football,Conference of New England (CCC),ccc,Curry College,"Germain,Matthew",Matthew,Germain,,170,"Germain,Matthew","GERMAIN,MATTHEW",Curry College,CUR,0,3,0,93,93,0,0,DL,0,,,,,,,,,,,,,,,,,,,0,4,4,8,8,.5,.0,.0,0,1,1,0,0,0,0,0,0,0,0,0,0,0,0,0,,,,,,,,,,,,,,,,,,,,,,,,,,,,,,,,,,,,,,,,,,,,,,,,,,,,,,,,,,,,,,,,,,,,,,,,,,,,,,,,,,,,,
2026-27,football,Conference of New England (CCC),ccc,Curry College,"Vasquez-Bastardo,Eli",Eli,Vasquez-Bastardo,,170,"Vasquez-Bastardo,Eli","VASQUEZ-BASTARDO,ELI",Curry College,CUR,0,3,3,98,98,0,0,DL,0,,,,,,,,,,,,,,,,,,,0,6,6,12,12,.0,.0,.0,0,0,0,0,0,0,0,1,1,0,0,0,1,99,0,1,,,,,,,,,,,,,,,,,,,,,,,,,,,,,,,0,0,0,1,0,0,0,0,0,0,0,6,6,2,,,,,,,,,,,,,,,,,,,,,,,,,,,,,,,,,,,,,,1,99,1,99
2026-27,football,Conference of New England (CCC),ccc,Curry College,Limbert Thomas III,Limbert Thomas,III,,170,Limbert Thomas III,"III,LIMBERT THOMAS",Curry College,CUR,0,1,0,11,11,0,0,0,0,,,,,,,,,,,,,,,,,,,,,,,,,,,,,,,,,,,,,,,,,,,,,,,,,,,,,,,,,,,,,,,,,,,,,,,,,,,,,,,,,,,,,,,,,,,,,,,,,,,,,,,,,,,,,,,,,,,,,,,,,,,,,,,
2026-27,football,Conference of New England (CCC),ccc,Curry College,Jaquan Peters-Wolfe,Jaquan,Peters-Wolfe,,170,Jaquan Peters-Wolfe,"PETERS-WOLFE,JAQUAN",Curry College,CUR,0,0,0,21,21,0,0,0,0,,,,,,,,,,,,,,,,,,,0,0,0,0,0,.0,.0,.0,0,0,0,0,0,0,0,0,0,0,0,0,0,0,0,0,,,,,,,,,,,,,,,,,,,,,,,,,,,,,,,,,,,,,,,,,,,,,,,,,,,,,,,,,,,,,,,,,,,,,,,,,,,,,,,,,,,,,
2026-27,football,Conference of New England (CCC),ccc,Curry College,Tahji Johnson,Tahji,Johnson,,170,Tahji Johnson,"JOHNSON,TAHJI",Curry College,CUR,0,2,0,25,25,0,0,0,0,,,,,,,,,,,,,,,,,,,,,,,,,,,,,,,,,,,,,,,,,,,,,,,,,,,,,,,,,,,,,,,,,,,,,,,,,,,,,,,,,,,,,,,,,,,,,,,,,,,,,,,,,,,,,,,,,,,,,,,,,,,,,,,
2026-27,football,Conference of New England (CCC),ccc,Curry College,Brandon Santana Ramirez,Brandon Santana,Ramirez,,170,Brandon Santana Ramirez,"RAMIREZ,BRANDON SANTANA",Curry College,CUR,0,1,0,32,32,0,0,0,0,,,,,,,,,,,,,,,,,,,,,,,,,,,,,,,,,,,,,,,,,,,,,,,,,,,,,,,,,,,,,,,,,,,,,,,,,,,,,,,,,,,,,,,,,,,,,,,,,,,,,,,,,,,,,,,,,,,,,,,,,,,,,,,
2026-27,football,Conference of New England (CCC),ccc,Curry College,Samuel Figueiredo,Samuel,Figueiredo,,170,Samuel Figueiredo,"FIGUEIREDO,SAMUEL",Curry College,CUR,0,1,0,47,47,0,0,0,0,,,,,,,,,,,,,,,,,,,,,,,,,,,,,,,,,,,,,,,,,,,,,,,,,,,,,,,,,,,,,,,,,,,,,,,,,,,,,,,,,,,,,,,,,,,,,,,,,,,,,,,,,,,,,,,,,,1,56,0,0,56.0,,,,,,,,,
2026-27,football,Conference of New England (CCC),ccc,Curry College,Ethan Jean Francois,Ethan Jean,Francois,,170,Ethan Jean Francois,"FRANCOIS,ETHAN JEAN",Curry College,CUR,0,1,0,68,68,0,0,0,0,,,,,,,,,,,,,,,,,,,,,,,,,,,,,,,,,,,,,,,,,,,,,,,,,,,,,,,,,,,,,,,,,,,,,,,,,,,,,,,,,,,,,,,,,,,,,,,,,,,,,,,,,,,,,,,,,,,,,,,,,,,,,,,
2026-27,football,Conference of New England (CCC),ccc,Curry College,Brody Hines,Brody,Hines,,170,Brody Hines,"HINES,BRODY",Curry College,CUR,0,1,0,70,70,0,0,0,0,,,,,,,,,,,,,,,,,,,,,,,,,,,,,,,,,,,,,,,,,,,,,,,,,,,,,,,,,,,,,,,,,,,,,,,,,,,,,,,,,,,,,,,,,,,,,,,,,,,,,,,,,,,,,,,,,,,,,,,,,,,,,,,
2026-27,football,Conference of New England (CCC),ccc,Curry College,Elias Ortiz,Elias,Ortiz,,170,Elias Ortiz,"ORTIZ,ELIAS",Curry College,CUR,0,2,0,77,77,0,0,0,0,,,,,,,,,,,,,,,,,,,0,0,2,2,2,.0,.0,.0,0,0,0,0,0,0,0,0,0,0,0,0,0,0,0,0,,,,,,,,,,,,,,,,,,,,,,,,,,,,,,,,,,,,,,,,,,,,,,,,,,,,,,,,,,,,,,,,,,,,,,,,,,,,,,,,,,,,,
2026-27,football,Conference of New England (CCC),ccc,Curry College,Landon Barry,Landon,Barry,,170,Landon Barry,"BARRY,LANDON",Curry College,CUR,0,2,0,85,85,0,0,0,0,,,,,,,,,,,,,,,,,,,,,,,,,,,,,,,,,,,,,,,,,,,,,,,,,,,,,,,,,,,,,,,,,,,,,,,,,,,,,,,,,,,,,,,,,,,,,,,,,,,,,,,,,,,,,,,,,,,,,,,,,,,,,,,
2026-27,football,Conference of New England (CCC),ccc,Curry College,"Thomas III,Linbert",Linbert,Thomas III,,170,"Thomas III,Linbert","THOMAS III,LINBERT",Curry College,CUR,0,1,0,11,11,0,WR,0,0,,,,,,,,,,,,,,,,,,,0,1,0,1,1,.0,.0,.0,0,0,0,0,0,0,0,0,0,0,0,0,0,0,0,0,,,,,,,,,,,,,,,,,,,,,,,,,,,,,,,,,,,,,,,,,,,,,,,,,,,,,,,,,,,,,,,,,,,,,,,,,,,,,,,,,,,,,
2026-27,football,Conference of New England (CCC),ccc,Curry College,"Leviner,Timel",Timel,Leviner,,170,"Leviner,Timel","LEVINER,TIMEL",Curry College,CUR,0,1,0,35,35,0,0,DB,0,,,,,,,,,,,,,,,,,,,0,1,0,1,1,.0,.0,.0,0,0,0,0,0,0,0,0,0,0,0,0,0,0,0,0,,,,,,,,,,,,,,,,,,,,,,,,,,,,,,,,,,,,,,,,,,,,,,,,,,,,,,,,,,,,,,,,,,,,,,,,,,,,,,,,,,,,,
2026-27,football,Conference of New England (CCC),ccc,Curry College,"Celia,Joseph",Joseph,Celia,,170,"Celia,Joseph","CELIA,JOSEPH",Curry College,CUR,0,1,0,36,3D,0,0,DB,0,,,,,,,,,,,,,,,,,,,,,,,,,,,,,,,,,,,,,,,,,,,,,,,,,,,,,,,,,,,,,,,,,,,,,,,,,,,,,,,,,,,,,,,,,,,,,,,,,,,,,,,,,,,,,,,,,,,,,,,,,,,,,,,
2026-27,football,Conference of New England (CCC),ccc,Curry College,"Ariza,Darwin",Darwin,Ariza,,170,"Ariza,Darwin","ARIZA,DARWIN",Curry College,CUR,0,1,0,62,62,0,OL,0,0,,,,,,,,,,,,,,,,,,,,,,,,,,,,,,,,,,,,,,,,,,,,,,,,,,,,,,,,,,,,,,,,,,,,,,,,,,,,,,,,,,,,,,,,,,,,,,,,,,,,,,,,,,,,,,,,,,,,,,,,,,,,,,,
2026-27,football,Conference of New England (CCC),ccc,Curry College,"Piraino,Tye",Tye,Piraino,,170,"Piraino,Tye","PIRAINO,TYE",Curry College,CUR,0,1,0,65,65,0,OL,0,0,,,,,,,,,,,,,,,,,,,,,,,,,,,,,,,,,,,,,,,,,,,,,,,,,,,,,,,,,,,,,,,,,,,,,,,,,,,,,,,,,,,,,,,,,,,,,,,,,,,,,,,,,,,,,,,,,,,,,,,,,,,,,,,
2026-27,football,Conference of New England (CCC),ccc,Curry College,"Torres,Frankie",Frankie,Torres,,170,"Torres,Frankie","TORRES,FRANKIE",Curry College,CUR,0,1,0,83,83,0,TE,0,0,,,,,,,,,,,,,,,,,,,0,1,0,1,1,.0,.0,.0,0,0,0,0,0,0,0,0,0,0,0,0,0,0,0,0,,,,,,,,,,,,,,,,,,,,,,,,,,,,,,,,,,,,,,,,,,,,,,,,,,,,,,,,,,,,,,,,,,,,,,,,,,,,,,,,,,,,,
2026-27,football,Conference of New England (CCC),ccc,Endicott College,"Luz,Caleb",Caleb,Luz,,8981,"Luz,Caleb","LUZ,CALEB",Endicott College,ECM,0,4,4,0,0,0,0,DL,0,,,,,,,,,,,,,,,,,,,0,15,9,24,24,9.0,.0,.0,8,2,33,1,1,0,10,0,0,2,0,1,0,0,0,0,,,,,,,,,,,,,,,,,,,,,,,,,,,,,,,,,,,,,,,,,,,,,,,,,,,,,,,,,,,,,,,,,,,,,,,,,,,,,,,,,,,,,
2026-27,football,Conference of New England (CCC),ccc,Endicott College,"Bridgewater,Markys",Markys,Bridgewater,,8981,"Bridgewater,Markys","BRIDGEWATER,MARKYS",Endicott College,ECM,0,4,3,1,1,0,RB,0,0,,,,,,,,,,,,,,,,,,,0,0,0,0,0,.0,.0,.0,0,0,0,0,0,0,0,0,0,0,0,0,0,0,0,0,,,,,,,,,,,,,52,304,333,29,2,40,5.8,76.0,4,24,0,20,6.0,2,39,0,21,19.5,1,1,0,2,0,0,0,0,0,0,0,12,12,3,,,,,,,,,,,,,,,,,,,,,,,,,,,,,,,,,,,,,,,,,
2026-27,football,Conference of New England (CCC),ccc,Endicott College,"O'Driscoll,Finn",Finn,O'Driscoll,,8981,"O'Driscoll,Finn","O'DRISCOLL,FINN",Endicott College,ECM,0,4,4,1,1D,0,0,DB,0,,,,,,,,,,,,,,,,,,,0,12,11,23,23,1.0,.0,.0,0,2,2,0,0,0,0,0,1,0,0,0,1,0,0,0,,,,,,,,,,,,,,,,,,,,,,,,,,,,,,,0,0,,,,,,,,,,,,,,,,,,,,,,,,,,,,,,,,,,,,,,,,,,,,,,,,,,,,,
2026-27,football,Conference of New England (CCC),ccc,Endicott College,"Constantine,David",David,Constantine,,8981,"Constantine,David","CONSTANTINE,DAVID",Endicott College,ECM,0,2,2,2,2C,0,0,DB,0,,,,,,,,,,,,,,,,,,,0,8,1,9,9,1.0,.0,.0,1,0,1,0,0,0,0,0,0,0,0,0,0,0,0,0,,,,,,,,,,,,,,,,,,,,,,,,,,,,,,,,,,,,,,,,,,,,,,,,,,,,,,,,,,,,,,,,,,,,,,,,,,,,,,,,,,,,,
2026-27,football,Conference of New England (CCC),ccc,Endicott College,"Barrett,Owen",Owen,Barrett,,8981,"Barrett,Owen","BARRETT,OWEN",Endicott College,ECM,0,3,0,3,3D,0,0,LB,0,,,,,,,,,,,,,,,,,,,0,2,2,4,4,.0,.0,.0,0,0,0,0,0,0,0,0,0,1,0,0,0,0,0,0,,,,,,,,,,,,,,,,,,,,,,,,,,,,,,,,,,,,,,,,,,,,,,,,,,,,,,,,,,,,,,,,,,,,,,,,,,,,,,,,,,,,,
2026-27,football,Conference of New England (CCC),ccc,Endicott College,"Bachry,Mason",Mason,Bachry,,8981,"Bachry,Mason","BACHRY,MASON",Endicott College,ECM,0,4,4,4,4,0,0,DB,0,,,,,,,,,,,,,,,,,,,0,10,9,19,19,1.5,.0,.0,0,3,4,0,0,0,0,3,0,0,0,0,0,0,0,3,,,,,,,,,,,,,,,,,,,,,,,,,,,,,,,,,,,,,,,,,,,,,,,,,,,,,,,,,,,,,,,,,,,,,,,,,,,,,,,,,,,,,
2026-27,football,Conference of New England (CCC),ccc,Endicott College,"Daly,Brian",Brian,Daly,,8981,"Daly,Brian","DALY,BRIAN",Endicott College,ECM,0,4,3,5,5,0,0,DL,0,,,,,,,,,,,,,,,,,,,0,6,12,18,18,2.5,.0,.0,1,3,4,0,0,0,0,1,0,1,0,0,0,0,0,1,,,,,,,,,,,,,,,,,,,,,,,,,,,,,,,,,,,,,,,,,,,,,,,,,,,,,,,,,,,,,,,,,,,,,,,,,,,,,,,,,,,,,
2026-27,football,Conference of New England (CCC),ccc,Endicott College,"O'Brien,Michael",Michael,O'Brien,,8981,"O'Brien,Michael","O'BRIEN,MICHAEL",Endicott College,ECM,0,3,0,6,6,0,RB,0,0,,,,,,,,,,,,,,,,,,,0,1,2,3,3,.0,.0,.0,0,0,0,0,0,0,0,0,0,0,0,0,0,0,0,0,,,,,,,,,,,,,3,2,4,2,0,2,.7,.7,,,,,,,,,,,,,,,,,,,,,,,,,,,,,,,,,,,,,,,,,,,,,,,,,,,,,,,,,,,,,,,,,
2026-27,football,Conference of New England (CCC),ccc,Endicott College,"Bartley,Mike",Mike,Bartley,,8981,"Bartley,Mike","BARTLEY,MIKE",Endicott College,ECM,0,4,0,7,7K,0,0,0,0,,,,,,,,,,,,,,,,,,,,,,,,,,,,,,,,,,,,,,,,,,,,,,,,,,,,,,,,,,,,,,,,,,,,,,,,,,,,,,,,,,,,,,,,,,,,,,,,,,,,,,,,,,,,,,,,,,24,1318,1,0,54.9,,,,,,,,,
2026-27,football,Conference of New England (CCC),ccc,Endicott College,"Lynch,Shea",Shea,Lynch,,8981,"Lynch,Shea","LYNCH,SHEA",Endicott College,ECM,0,4,4,7,7,0,QB,0,0,,,,,,,,,,,,,,,,,,,0,0,0,0,0,.0,.0,.0,0,0,0,0,0,0,0,0,0,0,0,0,0,0,0,0,,,,,,,,,,,,,24,152,174,22,3,23,6.3,38.0,,,,,,,,,,,2,0,0,3,0,0,0,0,0,0,0,18,18,4.5,,,,,,,10,2,70,9,727,1,88,56,164.5,8.26,12.98,181.8,,,,,,,,,,,,,,,,,,,,,,,
2026-27,football,Conference of New England (CCC),ccc,Endicott College,"Barrett,Danny",Danny,Barrett,,8981,"Barrett,Danny","BARRETT,DANNY",Endicott College,ECM,0,3,0,8,8,0,WR,0,0,,,,,,,,,,,,,,,,,,,,,,,,,,,,,,,,,,,,,,,,,,,,,,,,,,,,,,,,,,,,,,,0,0,0,0,.0,,,,,,,,,,,,,,,,,,,,,,,,,,,,,,,,,,,,,,,,,,,,,,,,,,,,,,,,,,,,
2026-27,football,Conference of New England (CCC),ccc,Endicott College,"Ferguson,Nick",Nick,Ferguson,,8981,"Ferguson,Nick","FERGUSON,NICK",Endicott College,ECM,0,4,3,9,9,0,0,DL,0,,,,,,,,,,,,,,,,,,,0,7,10,17,17,2.0,.0,.0,1,2,3,0,0,0,0,0,0,0,0,0,0,0,0,0,,,,,,,,,,,,,,,,,,,,,,,,,,,,,,,,,,,,,,,,,,,,,,,,,,,,,,,,,,,,,,,,,,,,,,,,,,,,,,,,,,,,,
2026-27,football,Conference of New England (CCC),ccc,Endicott College,"Brown,Garron",Garron,Brown,,8981,"Brown,Garron","BROWN,GARRON",Endicott College,ECM,0,2,0,9,9W,0,WR,0,0,,,,,,,,,,,,,,,,,,,,,,,,,,,,,,,,,,,,,,,,,,,,,,,,,,,,,,,6,27,28,1,0,12,4.5,13.5,,,,,,,,,,,,,,,,,,,,,,,,,,,,,,,,,,,,,,,,,,,,,,,,,,,,,,,,,,,,,,,,,
2026-27,football,Conference of New England (CCC),ccc,Endicott College,"Marino,Justin",Justin,Marino,,8981,"Marino,Justin","MARINO,JUSTIN",Endicott College,ECM,0,4,1,10,10,0,WR,0,0,,,,,,,,,,,,,,,,,,,0,0,0,0,0,.0,.0,.0,0,0,0,0,0,0,0,0,0,0,0,0,0,0,0,0,,,,,,,,,,,,,,,,,,,,,5,77,2,24,15.4,,,,,,,,0,2,0,0,0,0,0,0,0,12,12,3,,,,,,,,,,,,,,,,,,,,,,,,,,,,,,,,,,,,,,,,,
2026-27,football,Conference of New England (CCC),ccc,Endicott College,"Carrara,Joe",Joe,Carrara,,8981,"Carrara,Joe","CARRARA,JOE",Endicott College,ECM,0,4,0,11,1W,0,WR,0,0,,,,,,,,,,,,,,,,,,,,,,,,,,,,,,,,,,,,,,,,,,,,,,,,,,,,,,,,,,,,,,,6,64,0,24,10.7,,,,,,,,,,,,,,,,,,,,,,,,,,,,,,,,,,,,,,,,,,,,,,,,,,,,,,,,,,,,
2026-27,football,Conference of New England (CCC),ccc,Endicott College,"Adams,Jackson",Jackson,Adams,,8981,"Adams,Jackson","ADAMS,JACKSON",Endicott College,ECM,0,4,4,11,11,0,0,DL,0,,,,,,,,,,,,,,,,,,,0,11,10,21,21,4.5,.0,.0,4,1,39,3,3,0,36,0,0,2,0,1,0,0,0,0,,,,,,,,,,,,,,,,,,,,,,,,,,,,,,,,,,,,,,,,,,,,,,,,,,,,,,,,,,,,,,,,,,,,,,,,,,,,,,,,,,,,,
2026-27,football,Conference of New England (CCC),ccc,Endicott College,"Daughtry,Jarred",Jarred,Daughtry,,8981,"Daughtry,Jarred","DAUGHTRY,JARRED",Endicott College,ECM,0,3,2,12,12,0,0,DB,0,,,,,,,,,,,,,,,,,,,0,1,0,1,1,.0,.0,.0,0,0,0,0,0,0,0,1,0,0,0,0,0,0,1,2,,,1,0,0,0,.0,,,,,,,,,,,,,,,,,,,,,,,,,,,,,,,,,,,,,,,,,,,,,,,,,,,,,,,,,,,,,,,,,,,,,,,,,,,,,,
2026-27,football,Conference of New England (CCC),ccc,Endicott College,"Greene,Mike",Mike,Greene,,8981,"Greene,Mike","GREENE,MIKE",Endicott College,ECM,0,4,3,14,14,0,WR,0,0,,,,,,,,,,,,,,,,,,,,,,,,,,,,,,,,,,,,,,,,,,,,,,,,,,,,,,,,,,,,,,,2,41,0,34,20.5,,,,,,,,,,,,,,,,,,,,,,,,,,,,,,,,,,,,,,,,,,,,,,,,,,,,,,,,,,,,
2026-27,football,Conference of New England (CCC),ccc,Endicott College,"Conza,Michael",Michael,Conza,,8981,"Conza,Michael","CONZA,MICHAEL",Endicott College,ECM,0,4,0,15,1C,0,WR,0,0,,,,,,,,,,,,,,,,,,,0,2,1,3,3,.0,.0,.0,0,0,0,0,0,0,0,0,0,0,0,0,0,0,0,0,,,,,,,,,,,,,,,,,,,,,1,-5,0,0,-5.0,,,,,,,,,,,,,,,,,,,,,,,,,,,,,,,,,,,,,,,,,,,,,,,,,,,,,,,,,,,,
2026-27,football,Conference of New England (CCC),ccc,Endicott College,"Leone,Mat",Mat,Leone,,8981,"Leone,Mat","LEONE,MAT",Endicott College,ECM,0,4,4,16,16,0,WR,0,0,,,,,,,,,,,,,,,,,,,0,0,1,1,1,.0,.0,.0,0,0,0,0,0,0,0,0,0,0,0,0,0,0,0,0,,,,,,,,,,,,,,,,,,,,,13,213,2,70,16.4,,,,,,,,0,2,0,0,0,0,0,0,0,12,12,3,,,,,,,,,,,,,,,,,,,,,,,,,,,,,,,,,,,,,,,,,
2026-27,football,Conference of New England (CCC),ccc,Endicott College,"Steen,Jack",Jack,Steen,,8981,"Steen,Jack","STEEN,JACK",Endicott College,ECM,0,4,2,17,17,0,WR,0,0,,,,,,,,,,,,,,,,,,,,,,,,,,,,,,,,,,,,,,,,,,,,,,,,,,,,,,,,,,,,,,,1,8,0,8,8.0,,,,,,,,,,,,,,,,,,,,7,90,0,36,12.9,,,,,,,,,,,,,,,,,,,,,,,,,,,,,,,,,,,,
2026-27,football,Conference of New England (CCC),ccc,Endicott College,"Cannistraro,Ty",Ty,Cannistraro,,8981,"Cannistraro,Ty","CANNISTRARO,TY",Endicott College,ECM,0,4,4,18,18,0,0,DB,0,,,,,,,0,0,0,0,0,0,0,0,0,0,1,0,0,11,1,12,12,.0,.0,.0,0,0,0,0,0,0,0,3,0,0,0,0,0,0,1,4,,,1,0,0,0,.0,,,,,,,,,,,,,,,,,,,,,,,,,,,,,,,,,,,,,,,,,,,,,,,,,,,,,,,,,,,,,,,,,,,,,,,,,,,,,,
2026-27,football,Conference of New England (CCC),ccc,Endicott College,"Stones,Garoid",Garoid,Stones,,8981,"Stones,Garoid","STONES,GAROID",Endicott College,ECM,0,4,0,19,19,0,0,0,0,,,,,,,,,,,,,,,,,,,,,,,,,,,,,,,,,,,,,,,,,,,,,,,,,,,,,,,,,,,,,,,,,,,,,,,,,,,,,,,,,,,,,,,,,,,,,,,,,,,,,,,,,12,475,52,0,2,1,1,1,39.6,,,,,,,,,,,,,,
2026-27,football,Conference of New England (CCC),ccc,Endicott College,"Jean,Ethan",Ethan,Jean,,8981,"Jean,Ethan","JEAN,ETHAN",Endicott College,ECM,0,1,0,20,2J,0,0,LB,0,,,,,,,,,,,,,,,,,,,0,1,0,1,1,.0,.0,.0,0,0,0,0,0,0,0,0,0,0,0,0,0,0,0,0,,,,,,,,,,,,,,,,,,,,,,,,,,,,,,,,,,,,,,,,,,,,,,,,,,,,,,,,,,,,,,,,,,,,,,,,,,,,,,,,,,,,,
2026-27,football,Conference of New England (CCC),ccc,Endicott College,"Ferreira,Bryan",Bryan,Ferreira,,8981,"Ferreira,Bryan","FERREIRA,BRYAN",Endicott College,ECM,0,4,2,21,21,0,RB,0,0,,,,,,,,,,,,,,,,,,,0,0,0,0,0,.0,.0,.0,0,0,0,0,0,0,0,0,0,0,0,0,0,0,0,0,,,,,,,,,,,,,54,369,388,19,4,54,6.8,92.3,2,12,1,16,6.0,4,92,0,53,23.0,,,0,5,0,0,0,0,0,0,0,30,30,7.5,,,,,,,,,,,,,,,,,,,,,,,,,,,,,,,,,,,,,,,,,
2026-27,football,Conference of New England (CCC),ccc,Endicott College,"Tirrell,Will",Will,Tirrell,,8981,"Tirrell,Will","TIRRELL,WILL",Endicott College,ECM,0,4,4,21,2D,0,0,LB,0,,,,,,,,,,,,,,,,,,,50,7,12,19,19,.0,.0,.0,0,0,0,0,0,0,0,0,0,0,0,0,0,0,1,1,,,1,50,1,50,50.0,,,,,,,,,,,,,,,,,,,,,,,,,,0,1,0,0,0,0,0,0,0,6,6,1.5,,,,,,,,,,,,,,,,,,,,,,,,,,,,,,,,,,,,,,,,,
2026-27,football,Conference of New England (CCC),ccc,Endicott College,"Hubbard,Sam",Sam,Hubbard,,8981,"Hubbard,Sam","HUBBARD,SAM",Endicott College,ECM,0,3,0,26,26,0,RB,0,0,,,,,,,,,,,,,,,,,,,0,0,0,0,0,.0,.0,.0,0,0,0,0,0,0,0,0,0,0,0,0,0,0,0,0,,,,,,,,,,,,,6,41,43,2,0,19,6.8,13.7,,,,,,,,,,,1,1,,,,,,,,,,,,,,,,,,,,,,,,,,,,,,,,,,,,,,,,,,,,,,,,,,,,,
2026-27,football,Conference of New England (CCC),ccc,Endicott College,"Phelps,Jacob",Jacob,Phelps,,8981,"Phelps,Jacob","PHELPS,JACOB",Endicott College,ECM,0,4,0,28,28,0,0,DB,0,,,,,,,,,,,,,,,,,,,10,2,0,2,2,.0,.0,.0,0,0,0,0,0,0,0,0,0,0,0,0,0,0,1,1,,,1,10,0,10,10.0,,,,,,,,,,,,,,,,,,,,,,,,,,,,,,,,,,,,,,,,,,,,,,,,,,,,,,,,,,,,,,,,,,,,,,,,,,,,,,
2026-27,football,Conference of New England (CCC),ccc,Endicott College,"Shannon,Will",Will,Shannon,,8981,"Shannon,Will","SHANNON,WILL",Endicott College,ECM,0,4,4,30,30,0,0,DB,0,,,,,,,,,,,,,,,,,,,0,12,4,16,16,.0,.0,.0,0,0,0,0,0,0,0,2,0,0,0,0,0,0,0,2,,,,,,,,,,,,,,,,,,,,,,,,,,,,,,,,,,,,,,,,,,,,,,,,,,,,,,,,,,,,,,,,,,,,,,,,,,,,,,,,,,,,,
2026-27,football,Conference of New England (CCC),ccc,Endicott College,"Tucci,AJ",AJ,Tucci,,8981,"Tucci,AJ","TUCCI,AJ",Endicott College,ECM,0,4,1,33,3T,0,0,DL,0,,,,,,,,,,,,,,,,,,,0,4,4,8,8,.5,.0,.0,0,1,2,0,0,0,0,0,0,0,0,0,0,0,0,0,,,,,,,,,,,,,,,,,,,,,,,,,,,,,,,,,,,,,,,,,,,,,,,,,,,,,,,,,,,,,,,,,,,,,,,,,,,,,,,,,,,,,
2026-27,football,Conference of New England (CCC),ccc,Endicott College,"Forest,Ori",Ori,Forest,,8981,"Forest,Ori","FOREST,ORI",Endicott College,ECM,0,1,0,43,43,0,0,LB,0,,,,,,,,,,,,,,,,,,,,,,,,,,,,,,,,,,,,,,,,,,,,,,,,,,,,,,,,,,,,,,,,,,,,,,,,,,,,,,,,,,,,,,,,,,,,,,,,,,,,,,,,,,,,,,,,,,,,,,,,,,,,,,,
2026-27,football,Conference of New England (CCC),ccc,Endicott College,"Piropato,Chris",Chris,Piropato,,8981,"Piropato,Chris","PIROPATO,CHRIS",Endicott College,ECM,0,4,0,44,44,0,0,LB,0,,,,,,,,,,,,,,,,,,,0,0,1,1,1,.0,.0,.0,0,0,0,0,0,0,0,0,0,0,0,0,0,0,0,0,,,,,,,,,,,,,,,,,,,,,,,,,,,,,,,,,,,,,,,,,,,,,,,,,,,,,,,,,,,,,,,,,,,,,,,,,,,,,,,,,,,,,
2026-27,football,Conference of New England (CCC),ccc,Endicott College,"Rizzo,Paul",Paul,Rizzo,,8981,"Rizzo,Paul","RIZZO,PAUL",Endicott College,ECM,0,4,4,45,45,0,0,LB,0,,,,,,,,,,,,,,,,,,,0,11,9,20,20,.0,.0,.0,0,0,0,0,0,0,0,0,0,0,0,0,0,0,0,0,,,,,,,,,,,,,,,,,,,,,,,,,,,,,,,,,,,,,,,,,,,,,,,,,,,,,,,,,,,,,,,,,,,,,,,,,,,,,,,,,,,,,
2026-27,football,Conference of New England (CCC),ccc,Endicott College,"Bossey,Bronson",Bronson,Bossey,,8981,"Bossey,Bronson","BOSSEY,BRONSON",Endicott College,ECM,0,4,0,46,46,0,0,LB,0,,,,,,,,,,,,,,,,,,,0,0,1,1,1,.0,.0,.0,0,0,0,0,0,0,0,0,0,0,0,0,0,0,0,0,,,,,,,,,,,,,,,,,,,,,,,,,,,,,,,,,,,,,,,,,,,,,,,,,,,,,,,,,,,,,,,,,,,,,,,,,,,,,,,,,,,,,
2026-27,football,Conference of New England (CCC),ccc,Endicott College,"Johnson,Will",Will,Johnson,,8981,"Johnson,Will","JOHNSON,WILL",Endicott College,ECM,0,4,0,47,47,0,0,LB,0,,,,,,,,,,,,,,,,,,,0,9,7,16,16,.0,.0,.0,0,0,0,0,0,0,0,0,0,0,0,0,0,0,0,0,,,,,,,,,,,,,,,,,,,,,,,,,,,,,,,,,,,,,,,,,,,,,,,,,,,,,,,,,,,,,,,,,,,,,,,,,,,,,,,,,,,,,
2026-27,football,Conference of New England (CCC),ccc,Endicott College,"Jackson,Trent",Trent,Jackson,,8981,"Jackson,Trent","JACKSON,TRENT",Endicott College,ECM,0,4,1,51,51,0,0,DL,0,,,,,,,,,,,,,,,,,,,0,7,6,13,13,.0,.0,.0,0,0,0,0,0,0,0,0,0,0,0,0,0,0,0,0,,,,,,,,,,,,,,,,,,,,,,,,,,,,,,,,,,,,,,,,,,,,,,,,,,,,,,,,,,,,,,,,,,,,,,,,,,,,,,,,,,,,,
2026-27,football,Conference of New England (CCC),ccc,Endicott College,"Bucholz,James",James,Bucholz,,8981,"Bucholz,James","BUCHOLZ,JAMES",Endicott College,ECM,0,3,3,52,52,0,OL,0,0,,,,,,,,,,,,,,,,,,,,,,,,,,,,,,,,,,,,,,,,,,,,,,,,,,,,,,,,,,,,,,,,,,,,,,,,,,,,,,,,,,,,,,,,,,,,,,,,,,,,,,,,,,,,,,,,,,,,,,,,,,,,,,,
2026-27,football,Conference of New England (CCC),ccc,Endicott College,"Danson,Luke",Luke,Danson,,8981,"Danson,Luke","DANSON,LUKE",Endicott College,ECM,0,4,0,53,53,0,0,DL,0,,,,,,,,,,,,,,,,,,,0,2,2,4,4,.0,.0,.0,0,0,0,0,0,0,0,0,0,1,0,0,0,0,0,0,,,,,,,,,,,,,,,,,,,,,,,,,,,,,,,,,,,,,,,,,,,,,,,,,,,,,,,,,,,,,,,,,,,,,,,,,,,,,,,,,,,,,
2026-27,football,Conference of New England (CCC),ccc,Endicott College,"Fitzgerald,Shane",Shane,Fitzgerald,,8981,"Fitzgerald,Shane","FITZGERALD,SHANE",Endicott College,ECM,0,3,3,59,59,0,OL,0,0,,,,,,,,,,,,,,,,,,,,,,,,,,,,,,,,,,,,,,,,,,,,,,,,,,,,,,,,,,,,,,,,,,,,,,,,,,,,,,,,,,,,,,,,,,,,,,,,,,,,,,,,,,,,,,,,,,,,,,,,,,,,,,,
2026-27,football,Conference of New England (CCC),ccc,Endicott College,"Ritchie,Michael",Michael,Ritchie,,8981,"Ritchie,Michael","RITCHIE,MICHAEL",Endicott College,ECM,0,4,3,62,62,0,0,DL,0,,,,,,,,,,,,,,,,,,,,,,,,,,,,,,,,,,,,,,,,,,,,,,,,,,,,,,,,,,,,,,,,,,,,,,,,,,,,,,,,,,,,,,,,,,,,,,,,,,,,,,,,,,,,,,,,,,,,,,,,,,,,,,,
2026-27,football,Conference of New England (CCC),ccc,Endicott College,"Insinga,Vincent",Vincent,Insinga,,8981,"Insinga,Vincent","INSINGA,VINCENT",Endicott College,ECM,0,4,4,63,63,0,OL,0,0,,,,,,,,,,,,,,,,,,,,,,,,,,,,,,,,,,,,,,,,,,,,,,,,,,,,,,,,,,,,,,,,,,,,,,,,,,,,,,,,,,,,,,,,,,,,,,,,,,,,,,,,,,,,,,,,,,,,,,,,,,,,,,,
2026-27,football,Conference of New England (CCC),ccc,Endicott College,"King,Sean",Sean,King,,8981,"King,Sean","KING,SEAN",Endicott College,ECM,0,4,4,74,74,0,OL,0,0,,,,,,,,,,,,,,,,,,,,,,,,,,,,,,,,,,,,,,,,,,,,,,,,,,,,,,,0,0,0,0,0,0,.0,.0,,,,,,,,,,,,,,,,,,,,,,,,,,,,,,,,,,,,,,,,,,,,,,,,,,,,,,,,,,,,,,,,,
2026-27,football,Conference of New England (CCC),ccc,Endicott College,"Alvarez-Lopez,Geo",Geo,Alvarez-Lopez,,8981,"Alvarez-Lopez,Geo","ALVAREZ-LOPEZ,GEO",Endicott College,ECM,0,2,0,81,81,0,WR,0,0,,,,,,,,,,,,,,,,,,,0,1,0,1,1,.0,.0,.0,0,0,0,0,0,0,0,0,0,0,0,0,0,0,0,0,,,,,,,,,,,,,,,,,,,,,1,3,0,3,3.0,,,,,,,,,,,,,,,,,,,,,,,,,,,,,,,,,,,,,,,,,,,,,,,,,,,,,,,,,,,,
2026-27,football,Conference of New England (CCC),ccc,Endicott College,"Pantera,Sam",Sam,Pantera,,8981,"Pantera,Sam","PANTERA,SAM",Endicott College,ECM,0,4,0,83,83,0,WR,0,0,,,,,,,,,,,,,,,,,,,0,0,0,0,0,.0,.0,.0,0,0,0,0,0,0,0,0,0,0,0,0,0,0,0,0,,,,,,,,,,,,,,,,,,,,,,,,,,,,,,,,,,,,,,,,,,,,,,,,,,,,,,,,,,,,,,,,,,,,,,,,,,,,,,,,,,,,,
2026-27,football,Conference of New England (CCC),ccc,Endicott College,"Ward,Jacob",Jacob,Ward,,8981,"Ward,Jacob","WARD,JACOB",Endicott College,ECM,0,4,3,86,86,0,TE,0,0,,,,,,,,,,,,,,,,,,,0,0,0,0,0,.0,.0,.0,0,0,0,0,0,0,0,0,0,0,0,0,0,0,0,0,,,,,,,,,,,,,0,0,0,0,0,0,.0,.0,9,79,1,29,8.8,,,,,,,,0,1,0,0,0,0,0,0,0,6,6,1.5,,,,,,,,,,,,,,,,,,,,,,,,,,,,,,,,,,,,,,,,,
2026-27,football,Conference of New England (CCC),ccc,Endicott College,"Pombriant,Robert",Robert,Pombriant,,8981,"Pombriant,Robert","POMBRIANT,ROBERT",Endicott College,ECM,0,4,0,87,87,0,TE,0,0,,,,,,,,,,,,,,,,,,,,,,,,,,,,,,,,,,,,,,,,,,,,,,,,,,,,,,,,,,,,,,,,,,,,,,,,,,,,,,,,,,,,,,,,,,,,,,,,,,,,,,,,,,,,,,,,,,,,,,,,,,,,,,,
2026-27,football,Conference of New England (CCC),ccc,Endicott College,"Drosopoulos,Nick",Nick,Drosopoulos,,8981,"Drosopoulos,Nick","DROSOPOULOS,NICK",Endicott College,ECM,0,4,0,97,9K,0,0,0,0,,,,,,,19,16,0,0,0,0,0,0,0,0,0,0,0,0,0,0,0,.0,.0,.0,0,0,0,0,0,0,0,0,0,0,0,0,0,0,0,0,,,,,,,,,,,,,,,,,,,,,,,,,,,,,,,,,16,0,2,0,0,0,0,0,0,22,22,5.5,,,,,,,,,,,,,,,,,,,,,,,,,,,,,,,,,2,4,30,1,50.0,,,,
2026-27,football,Conference of New England (CCC),ccc,Endicott College,"Flauto-Nicklas,Ricky",Ricky,Flauto-Nicklas,,8981,"Flauto-Nicklas,Ricky","FLAUTO-NICKLAS,RICKY",Endicott College,ECM,0,1,0,98,98,0,0,DL,0,,,,,,,,,,,,,,,,,,,,,,,,,,,,,,,,,,,,,,,,,,,,,,,,,,,,,,,,,,,,,,,,,,,,,,,,,,,,,,,,,,,,,,,,,,,,,,,,,,,,,,,,,,,,,,,,,,,,,,,,,,,,,,,
2026-27,football,Conference of New England (CCC),ccc,Endicott College,"Gannon,PJ",PJ,Gannon,,8981,"Gannon,PJ","GANNON,PJ",Endicott College,ECM,0,4,0,20,20,0,0,LB,0,,,,,,,,,,,,,,,,,,,0,2,4,6,6,.0,.0,.0,0,0,0,0,0,0,0,1,0,0,0,0,0,0,0,1,,,,,,,,,,,,,,,,,,,,,,,,,,,,,,,,,,,,,,,,,,,,,,,,,,,,,,,,,,,,,,,,,,,,,,,,,,,,,,,,,,,,,
2026-27,football,Conference of New England (CCC),ccc,Endicott College,"Charles,Kennedy",Kennedy,Charles,,8981,"Charles,Kennedy","CHARLES,KENNEDY",Endicott College,ECM,0,3,2,2,2,0,WR,0,0,,,,,,,,,,,,,,,,,,,0,0,0,0,0,.0,.0,.0,0,0,0,0,0,0,0,0,0,0,0,0,0,0,0,0,,,,,,,,,,,,,1,20,20,0,0,20,20.0,6.7,13,206,3,62,15.8,2,30,0,21,15.0,,,0,3,0,0,0,0,0,0,0,18,18,6,,,,,,,,,,,,,,,,,,,,,,,,,,,,,,,,,,,,,,,,,
2026-27,football,Conference of New England (CCC),ccc,Endicott College,"Alfaro Mateo,Brandon",Brandon,Alfaro Mateo,,8981,"Alfaro Mateo,Brandon","ALFARO MATEO,BRANDON",Endicott College,ECM,0,0,0,8,8D,0,0,DB,0,,,,,,,,,,,,,,,,,,,,,,,,,,,,,,,,,,,,,,,,,,,,,,,,,,,,,,,,,,,,,,,,,,,,,,,,,,,,,,,,,,,,,,,,,,,,,,,,,,,,,,,,,,,,,,,,,,,,,,,,,,,,,,,
2026-27,football,Conference of New England (CCC),ccc,Endicott College,"Duke,Jason",Jason,Duke,,8981,"Duke,Jason","DUKE,JASON",Endicott College,ECM,0,3,0,58,58,0,OL,0,0,,,,,,,,,,,,,,,,,,,,,,,,,,,,,,,,,,,,,,,,,,,,,,,,,,,,,,,,,,,,,,,,,,,,,,,,,,,,,,,,,,,,,,,,,,,,,,,,,,,,,,,,,,,,,,,,,,,,,,,,,,,,,,,
2026-27,football,Conference of New England (CCC),ccc,Endicott College,"Richardson,Matthew",Matthew,Richardson,,8981,"Richardson,Matthew","RICHARDSON,MATTHEW",Endicott College,ECM,0,3,0,88,88,0,WR,0,0,,,,,,,,,,,,,,,,,,,,,,,,,,,,,,,,,,,,,,,,,,,,,,,,,,,,,,,,,,,,,,,1,27,0,27,27.0,,,,,,,,,,,,,,,,,,,,,,,,,,,,,,,,,,,,,,,,,,,,,,,,,,,,,,,,,,,,
2026-27,football,Conference of New England (CCC),ccc,Endicott College,"Pepitone,Nick",Nick,Pepitone,,8981,"Pepitone,Nick","PEPITONE,NICK",Endicott College,ECM,0,2,0,5,5Q,0,QB,0,0,,,,,,,,,,,,,,,,,,,,,,,,,,,,,,,,,,,,,,,,,,,,,,,,,,,,,,,1,-8,0,8,0,0,-8.0,-4.0,,,,,,,,,,,,,,,,,,,,,,,,,,,,,,,0,0,27,0,22,0,3,2,128.3,7.33,11.00,11.0,,,,,,,,,,,,,,,,,,,,,,,
2026-27,football,Conference of New England (CCC),ccc,Endicott College,"Chiulli,Nico",Nico,Chiulli,,8981,"Chiulli,Nico","CHIULLI,NICO",Endicott College,ECM,0,1,0,34,34,0,0,LB,0,,,,,,,,,,,,,,,,,,,,,,,,,,,,,,,,,,,,,,,,,,,,,,,,,,,,,,,,,,,,,,,,,,,,,,,,,,,,,,,,,,,,,,,,,,,,,,,,,,,,,,,,,,,,,,,,,,,,,,,,,,,,,,,
2026-27,football,Conference of New England (CCC),ccc,Endicott College,"Lett,TJ",TJ,Lett,,8981,"Lett,TJ","LETT,TJ",Endicott College,ECM,0,1,0,10,1L,0,0,DB,0,,,,,,,,,,,,,,,,,,,0,2,1,3,3,.0,.0,.0,0,0,0,0,0,0,0,0,0,0,0,0,0,0,0,0,,,,,,,,,,,,,,,,,,,,,,,,,,,,,,,,,,,,,,,,,,,,,,,,,,,,,,,,,,,,,,,,,,,,,,,,,,,,,,,,,,,,,
2026-27,football,Conference of New England (CCC),ccc,Endicott College,"Scullin,Keenan",Keenan,Scullin,,8981,"Scullin,Keenan","SCULLIN,KEENAN",Endicott College,ECM,0,2,0,25,25,0,0,LB,0,,,,,,,,,,,,,,,,,,,0,0,1,1,1,.0,.0,.0,0,0,0,0,0,0,0,0,0,0,0,0,0,0,0,0,,,,,,,,,,,,,,,,,,,,,,,,,,,,,,,,,,,,,,,,,,,,,,,,,,,,,,,,,,,,,,,,,,,,,,,,,,,,,,,,,,,,,
2026-27,football,Conference of New England (CCC),ccc,Endicott College,"Howard,Cody",Cody,Howard,,8981,"Howard,Cody","HOWARD,CODY",Endicott College,ECM,0,2,0,22,22,0,0,DL,0,,,,,,,,,,,,,,,,,,,0,0,2,2,2,.0,.0,.0,0,0,0,0,0,0,0,0,0,0,0,0,0,0,0,0,,,,,,,,,,,,,,,,,,,,,,,,,,,,,,,,,,,,,,,,,,,,,,,,,,,,,,,,,,,,,,,,,,,,,,,,,,,,,,,,,,,,,
2026-27,football,Conference of New England (CCC),ccc,Endicott College,"Clawson,Jason",Jason,Clawson,,8981,"Clawson,Jason","CLAWSON,JASON",Endicott College,ECM,0,0,0,42,42,0,0,LB,0,,,,,,,,,,,,,,,,,,,0,0,0,0,0,.0,.0,.0,0,0,0,0,0,0,0,0,0,0,0,0,0,0,0,0,,,,,,,,,,,,,,,,,,,,,,,,,,,,,,,,,,,,,,,,,,,,,,,,,,,,,,,,,,,,,,,,,,,,,,,,,,,,,,,,,,,,,
2026-27,football,Conference of New England (CCC),ccc,Endicott College,"Nigro,Chris",Chris,Nigro,,8981,"Nigro,Chris","NIGRO,CHRIS",Endicott College,ECM,0,3,0,71,71,0,0,DL,0,,,,,,,,,,,,,,,,,,,,,,,,,,,,,,,,,,,,,,,,,,,,,,,,,,,,,,,,,,,,,,,,,,,,,,,,,,,,,,,,,,,,,,,,,,,,,,,,,,,,,,,,,,,,,,,,,,,,,,,,,,,,,,,
2026-27,football,Conference of New England (CCC),ccc,Endicott College,"Davis,Caeden",Caeden,Davis,,8981,"Davis,Caeden","DAVIS,CAEDEN",Endicott College,ECM,0,2,0,36,36,0,0,LB,0,,,,,,,,,,,,,,,,,,,,,,,,,,,,,,,,,,,,,,,,,,,,,,,,,,,,,,,,,,,,,,,,,,,,,,,,,,,,,,,,,,,,,,,,,,,,,,,,,,,,,,,,,,,,,,,,,,,,,,,,,,,,,,,
2026-27,football,Conference of New England (CCC),ccc,Endicott College,"Dietz,James",James,Dietz,,8981,"Dietz,James","DIETZ,JAMES",Endicott College,ECM,0,0,0,53,5J,0,0,DL,0,,,,,,,,,,,,,,,,,,,0,0,0,0,0,.0,.0,.0,0,0,0,0,0,0,0,0,0,0,0,0,0,0,0,0,,,,,,,,,,,,,,,,,,,,,,,,,,,,,,,,,,,,,,,,,,,,,,,,,,,,,,,,,,,,,,,,,,,,,,,,,,,,,,,,,,,,,
2026-27,football,Conference of New England (CCC),ccc,Endicott College,"Tenney,Nathan",Nathan,Tenney,,8981,"Tenney,Nathan","TENNEY,NATHAN",Endicott College,ECM,0,3,1,55,55,0,OL,0,0,,,,,,,,,,,,,,,,,,,,,,,,,,,,,,,,,,,,,,,,,,,,,,,,,,,,,,,,,,,,,,,,,,,,,,,,,,,,,,,,,,,,,,,,,,,,,,,,,,,,,,,,,,,,,,,,,,,,,,,,,,,,,,,
2026-27,football,Conference of New England (CCC),ccc,Endicott College,"Annaloro,Cody",Cody,Annaloro,,8981,"Annaloro,Cody","ANNALORO,CODY",Endicott College,ECM,0,2,1,77,77,0,OL,0,0,,,,,,,,,,,,,,,,,,,,,,,,,,,,,,,,,,,,,,,,,,,,,,,,,,,,,,,,,,,,,,,,,,,,,,,,,,,,,,,,,,,,,,,,,,,,,,,,,,,,,,,,,,,,,,,,,,,,,,,,,,,,,,,
2026-27,football,Conference of New England (CCC),ccc,Endicott College,"Campo,Cooper",Cooper,Campo,,8981,"Campo,Cooper","CAMPO,COOPER",Endicott College,ECM,0,2,0,40,40,0,0,LB,0,,,,,,,,,,,,,,,,,,,0,1,0,1,1,.0,.0,.0,0,0,0,0,0,0,0,0,0,0,0,0,0,0,0,0,,,,,,,,,,,,,,,,,,,,,,,,,,,,,,,,,,,,,,,,,,,,,,,,,,,,,,,,,,,,,,,,,,,,,,,,,,,,,,,,,,,,,
2026-27,football,Conference of New England (CCC),ccc,Endicott College,"Higgs,Ambrose",Ambrose,Higgs,,8981,"Higgs,Ambrose","HIGGS,AMBROSE",Endicott College,ECM,0,1,0,26,2H,0,0,DB,0,,,,,,,,,,,,,,,,,,,0,1,0,1,1,.0,.0,.0,0,0,0,0,0,0,0,0,0,0,0,0,0,0,0,0,,,,,,,,,,,,,,,,,,,,,,,,,,,,,,,,,,,,,,,,,,,,,,,,,,,,,,,,,,,,,,,,,,,,,,,,,,,,,,,,,,,,,
2026-27,football,Conference of New England (CCC),ccc,Endicott College,"Johnson,Max",Max,Johnson,,8981,"Johnson,Max","JOHNSON,MAX",Endicott College,ECM,0,0,0,51,5L,0,0,LB,0,,,,,,,,,,,,,,,,,,,0,0,0,0,0,.0,.0,.0,0,0,0,0,0,0,0,0,0,0,0,0,0,0,0,0,,,,,,,,,,,,,,,,,,,,,,,,,,,,,,,,,,,,,,,,,,,,,,,,,,,,,,,,,,,,,,,,,,,,,,,,,,,,,,,,,,,,,
2026-27,football,Conference of New England (CCC),ccc,Endicott College,"Harrison,Matt",Matt,Harrison,,8981,"Harrison,Matt","HARRISON,MATT",Endicott College,ECM,0,2,1,65,65,0,OL,0,0,,,,,,,,,,,,,,,,,,,,,,,,,,,,,,,,,,,,,,,,,,,,,,,,,,,,,,,,,,,,,,,,,,,,,,,,,,,,,,,,,,,,,,,,,,,,,,,,,,,,,,,,,,,,,,,,,,,,,,,,,,,,,,,
2026-27,football,Conference of New England (CCC),ccc,Endicott College,"Knief,Jeremy",Jeremy,Knief,,8981,"Knief,Jeremy","KNIEF,JEREMY",Endicott College,ECM,0,0,0,2K,2K,0,0,DB,0,,,,,,,,,,,,,,,,,,,,,,,,,,,,,,,,,,,,,,,,,,,,,,,,,,,,,,,,,,,,,,,,,,,,,,,,,,,,,,,,,,,,,,,,,,,,,,,,,,,,,,,,,,,,,,,,,,,,,,,,,,,,,,,
2026-27,football,Conference of New England (CCC),ccc,Endicott College,"Thompson,Jake",Jake,Thompson,,8981,"Thompson,Jake","THOMPSON,JAKE",Endicott College,ECM,0,1,0,2T,2T,0,WR,0,0,,,,,,,,,,,,,,,,,,,0,0,1,1,1,.0,.0,.0,0,0,0,0,0,0,0,0,0,0,0,0,0,0,0,0,,,,,,,,,,,,,,,,,,,,,,,,,,,,,,,,,,,,,,,,,,,,,,,,,,,,,,,,,,,,,,,,,,,,,,,,,,,,,,,,,,,,,
2026-27,football,Conference of New England (CCC),ccc,Endicott College,"Gillingham,Brody",Brody,Gillingham,,8981,"Gillingham,Brody","GILLINGHAM,BRODY",Endicott College,ECM,0,2,0,89,89,0,TE,0,0,,,,,,,,,,,,,,,,,,,,,,,,,,,,,,,,,,,,,,,,,,,,,,,,,,,,,,,,,,,,,,,,,,,,,,,,,,,,,,,,,,,,,,,,,,,,,,,,,,,,,,,,,,,,,,,,,,,,,,,,,,,,,,,
2026-27,football,Conference of New England (CCC),ccc,Endicott College,"Andriolo,Charlie",Charlie,Andriolo,,8981,"Andriolo,Charlie","ANDRIOLO,CHARLIE",Endicott College,ECM,0,2,0,90,90,0,0,DL,0,,,,,,,,,,,,,,,,,,,,,,,,,,,,,,,,,,,,,,,,,,,,,,,,,,,,,,,,,,,,,,,,,,,,,,,,,,,,,,,,,,,,,,,,,,,,,,,,,,,,,,,,,,,,,,,,,,,,,,,,,,,,,,,
2026-27,football,Conference of New England (CCC),ccc,Endicott College,"Rodgers,George",George,Rodgers,,8981,"Rodgers,George","RODGERS,GEORGE",Endicott College,ECM,0,1,0,6,3,0,QB,0,0,,,,,,,,,,,,,,,,,,,0,0,1,1,1,.0,.0,.0,0,0,0,0,0,0,0,0,0,0,0,0,0,0,0,0,,,,,,,,,,,,,,,,,,,,,,,,,,,,,,,,,,,,,,,,,,,,,,,,,,,,,,,,,,,,,,,,,,,,,,,,,,,,,,,,,,,,,
2026-27,football,Conference of New England (CCC),ccc,Endicott College,"Aston,Chase",Chase,Aston,,8981,"Aston,Chase","ASTON,CHASE",Endicott College,ECM,0,1,0,39,39,0,0,DB,0,,,,,,,,,,,,,,,,,,,,,,,,,,,,,,,,,,,,,,,,,,,,,,,,,,,,,,,,,,,,,,,,,,,,,,,,,,,,,,,,,,,,,,,,,,,,,,,,,,,,,,,,,,,,,,,,,,,,,,,,,,,,,,,
2026-27,football,Conference of New England (CCC),ccc,Endicott College,"Glencross,Quinn",Quinn,Glencross,,8981,"Glencross,Quinn","GLENCROSS,QUINN",Endicott College,ECM,0,1,0,64,64,0,OL,0,0,,,,,,,,,,,,,,,,,,,,,,,,,,,,,,,,,,,,,,,,,,,,,,,,,,,,,,,,,,,,,,,,,,,,,,,,,,,,,,,,,,,,,,,,,,,,,,,,,,,,,,,,,,,,,,,,,,,,,,,,,,,,,,,
2026-27,football,Conference of New England (CCC),ccc,Endicott College,"Skeen,Taylor",Taylor,Skeen,,8981,"Skeen,Taylor","SKEEN,TAYLOR",Endicott College,ECM,0,1,0,72,72,0,OL,0,0,,,,,,,,,,,,,,,,,,,,,,,,,,,,,,,,,,,,,,,,,,,,,,,,,,,,,,,,,,,,,,,,,,,,,,,,,,,,,,,,,,,,,,,,,,,,,,,,,,,,,,,,,,,,,,,,,,,,,,,,,,,,,,,
2026-27,football,Conference of New England (CCC),ccc,Endicott College,"Chaves,Damian",Damian,Chaves,,8981,"Chaves,Damian","CHAVES,DAMIAN",Endicott College,ECM,0,0,0,90,9D,0,0,DL,0,,,,,,,,,,,,,,,,,,,,,,,,,,,,,,,,,,,,,,,,,,,,,,,,,,,,,,,,,,,,,,,,,,,,,,,,,,,,,,,,,,,,,,,,,,,,,,,,,,,,,,,,,,,,,,,,,,,,,,,,,,,,,,,
2026-27,football,Conference of New England (CCC),ccc,Endicott College,"Ragosa,Anthony",Anthony,Ragosa,,8981,"Ragosa,Anthony","RAGOSA,ANTHONY",Endicott College,ECM,0,1,0,99,99,0,0,DL,0,,,,,,,,,,,,,,,,,,,0,0,1,1,1,.0,.0,.0,0,0,0,0,0,0,0,0,0,1,0,0,0,0,0,0,,,,,,,,,,,,,,,,,,,,,,,,,,,,,,,,,,,,,,,,,,,,,,,,,,,,,,,,,,,,,,,,,,,,,,,,,,,,,,,,,,,,,
2026-27,football,Conference of New England (CCC),ccc,Endicott College,"Simon,Josh",Josh,Simon,,8981,"Simon,Josh","SIMON,JOSH",Endicott College,ECM,0,1,0,97,97,0,0,DL,0,,,,,,,,,,,,,,,,,,,,,,,,,,,,,,,,,,,,,,,,,,,,,,,,,,,,,,,,,,,,,,,,,,,,,,,,,,,,,,,,,,,,,,,,,,,,,,,,,,,,,,,,,,,,,,,,,,,,,,,,,,,,,,,
2026-27,football,Conference of New England (CCC),ccc,Western New England University,"Shelton,Rashawn",Rashawn,Shelton,,775,"Shelton,Rashawn","SHELTON,RASHAWN",Western New England University,WNE,1022-4455,4,4,0,0,0,0,DB,0,,,,,,,,,,,,,,,,,,,0,11,7,18,18,1.0,.0,.0,1,0,4,0,0,0,0,1,1,0,0,0,1,0,0,1,,,,,,,,,,,,,,,,,,,,,,,,,,,,,,,0,0,,,,,,,,,,,,,,,,,,,,,,,,,,,,,,,,,,,,,,,,,,,,,,,,,,,,,
2026-27,football,Conference of New England (CCC),ccc,Western New England University,"De Camps,John",John,De Camps,,775,"De Camps,John","DE CAMPS,JOHN",Western New England University,WNE,1022-3953,4,4,1,1,0,WR,0,0,,,,,,,,,,,,,,,,,,,,,,,,,,,,,,,,,,,,,,,,,,,,,,,,,,,,,,,,,,,,,,,7,146,0,37,20.9,,,,,,,,,,,,,,,,,,,,,,,,,,,,,,,,,,,,,,,,,,,,,,,,,,,,,,,,,,,,
2026-27,football,Conference of New England (CCC),ccc,Western New England University,"Delgado,Christian",Christian,Delgado,,775,"Delgado,Christian","DELGADO,CHRISTIAN",Western New England University,WNE,1022-3934,4,4,2,2,0,WR,0,0,,,,,,,,,,,,,,,,,,,,,,,,,,,,,,,,,,,,,,,,,,,,,,,,,,,,,,,2,10,10,0,0,8,5.0,2.5,8,60,0,16,7.5,2,31,0,18,15.5,,,,,,,,,,,,,,,2,11,0,8,5.5,,,,,,,,,,,,,,,,,,,,,,,,,,,,,,,,,,,,
2026-27,football,Conference of New England (CCC),ccc,Western New England University,"Caouette,Drew",Drew,Caouette,,775,"Caouette,Drew","CAOUETTE,DREW",Western New England University,WNE,1022-4458,4,1,3,3X,0,QB,0,0,,,,,,,0,0,0,0,1,1,0,0,0,0,0,0,,,,,,,,,,,,,,,,,,,,,,,,,,,,,,,,,,,,,5,3,13,10,0,9,.6,.8,,,,,,,,,,,1,0,0,0,0,0,0,0,0,0,0,0,0,0,,,,,,,10,1,44,1,236,2,42,17,86.0,5.62,13.88,59.0,,,,,,,,,,,,,,,,,,,,,,,
2026-27,football,Conference of New England (CCC),ccc,Western New England University,"Gordon,DJ",DJ,Gordon,,775,"Gordon,DJ","GORDON,DJ",Western New England University,WNE,1022-4138,4,4,3,3,0,0,DB,0,,,,,,,,,,,,,,,,,,,0,7,6,13,13,.0,.0,.0,0,0,0,0,0,0,0,0,0,0,0,0,0,0,0,0,,,,,,,,,,,,,,,,,,,,,,,,,,,,,,,,,,,,,,,,,,,,,,,,,,,,,,,,,,,,,,,,,,,,,,,,,,,,,,,,,,,,,
2026-27,football,Conference of New England (CCC),ccc,Western New England University,"Acosta,Kevin",Kevin,Acosta,,775,"Acosta,Kevin","ACOSTA,KEVIN",Western New England University,WNE,1022-4462,4,4,4,4,0,WR,0,0,,,,,,,,,,,,,,,,,,,0,1,0,1,1,.0,.0,.0,0,0,0,0,0,0,0,0,0,0,0,0,0,0,0,0,,,,,,,,,,,,,,,,,,,,,12,223,3,58,18.6,,,,,,,,0,3,0,0,0,0,0,0,0,18,18,4.5,,,,,,,,,,,,,,,,,,,,,,,,,,,,,,,,,,,,,,,,,
2026-27,football,Conference of New England (CCC),ccc,Western New England University,"Hill,Jova'n",Jova'n,Hill,,775,"Hill,Jova'n","HILL,JOVA'N",Western New England University,WNE,1022-4124,4,0,5,5,0,WR,0,0,,,,,,,,,,,,,,,,,,,0,1,0,1,1,.0,.0,.0,0,0,0,0,0,0,0,0,0,0,0,0,0,0,0,0,,,,,,,,,,,,,,,,,,,,,5,58,0,44,11.6,3,71,0,30,23.7,,,,,,,,,,,,,,,,,,,,,,,,,,,,,,,,,,,,,,,,,,,,,,,,,,,,,,,
2026-27,football,Conference of New England (CCC),ccc,Western New England University,"LaMontagne,Matt",Matt,LaMontagne,,775,"LaMontagne,Matt","LAMONTAGNE,MATT",Western New England University,WNE,1022-3935,3,3,6,6,0,RB,0,0,,,,,,,,,,,,,,,,,,,0,1,0,1,1,.0,.0,.0,0,0,0,0,0,0,0,0,0,0,0,0,0,0,0,0,,,,,,,,,,,,,42,214,218,4,3,22,5.1,71.3,1,0,0,0,.0,,,,,,,,0,3,0,0,0,0,0,0,0,18,18,6,,,,,,,,,,,,,,,,,,,,,,,,,,,,,,,,,,,,,,,,,
2026-27,football,Conference of New England (CCC),ccc,Western New England University,"Caulfield,Ben",Ben,Caulfield,,775,"Caulfield,Ben","CAULFIELD,BEN",Western New England University,WNE,1022-3924,1,1,7,7,0,0,DB,0,,,,,,,,,,,,,,,,,,,0,4,2,6,6,.0,.0,.0,0,0,0,0,0,0,0,0,0,0,0,0,0,0,0,0,,,,,,,,,,,,,,,,,,,,,,,,,,,,,,,,,,,,,,,,,,,,,,,,,,,,,,,,,,,,,,,,,,,,,,,,,,,,,,,,,,,,,
2026-27,football,Conference of New England (CCC),ccc,Western New England University,"Kilroy,Corey",Corey,Kilroy,,775,"Kilroy,Corey","KILROY,COREY",Western New England University,WNE,1022-4127,4,1,7,7X,0,QB,0,0,,,,,,,,,,,,,,,,,,,0,1,0,1,1,.0,.0,.0,0,0,0,0,0,0,0,0,0,0,0,0,0,0,0,0,,,,,,,,,,,,,27,153,153,0,5,16,5.7,38.3,,,,,,,,,,,,,0,5,0,0,0,0,0,0,0,30,30,7.5,,,,,,,0,0,58,2,213,3,25,11,118.0,8.52,19.36,53.3,,,,,,,,,,,,,,,,,,,,,,,
2026-27,football,Conference of New England (CCC),ccc,Western New England University,"Pszczolkowski,Austin",Austin,Pszczolkowski,,775,"Pszczolkowski,Austin","PSZCZOLKOWSKI,AUSTIN",Western New England University,WNE,1022-4162,4,4,8,8,0,0,DL,0,,,,,,,,,,,,,,,,,,,0,8,15,23,23,6.0,.0,.0,4,4,16,1.5,1,1,7,0,0,3,0,0,0,0,0,0,,,,,,,,,,,,,,,,,,,,,,,,,,,,,,,,,,,,,,,,,,,,,,,,,,,,,,,,,,,,,,,,,,,,,,,,,,,,,,,,,,,,,
2026-27,football,Conference of New England (CCC),ccc,Western New England University,"Nelson,Davis",Davis,Nelson,,775,"Nelson,Davis","NELSON,DAVIS",Western New England University,WNE,1022-4158,3,0,9,9,0,WR,0,0,,,,,,,,,,,,,,,,,,,,,,,,,,,,,,,,,,,,,,,,,,,,,,,,,,,,,,,,,,,,,,,2,35,0,24,17.5,,,,,,,,,,,,,,,,,,,,,,,,,,,,,,,,,,,,,,,,,,,,,,,,,,,,,,,,,,,,
2026-27,football,Conference of New England (CCC),ccc,Western New England University,"LaBonte,CJ",CJ,LaBonte,,775,"LaBonte,CJ","LABONTE,CJ",Western New England University,WNE,1022-4464,2,0,10,10,0,WR,0,0,,,,,,,,,,,,,,,,,,,0,0,3,3,3,.0,.0,.0,0,0,0,0,0,0,0,0,0,0,0,0,0,0,0,0,,,,,,,,,,,,,,,,,,,,,,,,,,,,,,,,,,,,,,,,,,,,,,,,,,,,,,,,,,,,,,,,,,,,,,,,,,,,,,,,,,,,,
2026-27,football,Conference of New England (CCC),ccc,Western New England University,"McGuire,Matthew",Matthew,McGuire,,775,"McGuire,Matthew","MCGUIRE,MATTHEW",Western New England University,WNE,1022-4133,4,0,14,14,0,RB,0,0,,,,,,,,,,,,,,,,,,,0,0,0,0,0,.0,.0,.0,0,0,0,0,0,0,0,0,0,0,0,0,0,0,0,0,,,,,,,,,,,,,37,160,165,5,3,18,4.3,40.0,2,40,1,31,20.0,,,,,,,,0,4,0,0,0,0,0,0,0,24,24,6,,,,,,,,,,,,,,,,,,,,,,,,,,,,,,,,,,,,,,,,,
2026-27,football,Conference of New England (CCC),ccc,Western New England University,"Caramanica,Jackson",Jackson,Caramanica,,775,"Caramanica,Jackson","CARAMANICA,JACKSON",Western New England University,WNE,1022-4142,4,1,16,16,0,0,DB,0,,,,,,,,,,,,,,,,,,,0,4,1,5,5,.0,.0,.0,0,0,0,0,0,0,0,1,0,0,0,1,0,0,0,1,,,,,,,,,,,,,,,,,,,,,,,,,,,,,,,,,,,,,,,,,,,,,,,,,,,,,,,,,,,,,,,,,,,,,,,,,,,,,,,,,,,,,
2026-27,football,Conference of New England (CCC),ccc,Western New England University,"Gorry,Paul",Paul,Gorry,,775,"Gorry,Paul","GORRY,PAUL",Western New England University,WNE,1022-4131,2,2,17,17,0,QB,0,0,,,,,,,,,,,,,,,,,,,0,0,0,0,0,.0,.0,.0,0,0,0,0,0,0,0,0,0,0,0,0,0,0,0,0,,,,,,,,,,,,,7,4,23,19,0,8,.6,2.0,,,,,,,,,,,1,1,,,,,,,,,,,,,,,,,,,15,2,42,1,219,0,20,17,193.5,10.95,12.88,109.5,,,,,,,,,,,,,,,,,,,,,,,
2026-27,football,Conference of New England (CCC),ccc,Western New England University,"Clark,Ryan",Ryan,Clark,,775,"Clark,Ryan","CLARK,RYAN",Western New England University,WNE,1022-3942,4,0,18,18,0,0,LB,0,,,,,,,,,,,,,,,,,,,0,6,7,13,13,.5,.0,.0,0,1,0,0,0,0,0,0,0,0,0,0,0,0,0,0,,,,,,,,,,,,,,,,,,,,,,,,,,,,,,,,,,,,,,,,,,,,,,,,,,,,,,,,,,,,,,,,,,,,,,,,,,,,,,,,,,,,,
2026-27,football,Conference of New England (CCC),ccc,Western New England University,"Levesque,Colvin",Colvin,Levesque,,775,"Levesque,Colvin","LEVESQUE,COLVIN",Western New England University,WNE,1022-4748,4,2,19,9X,0,0,DB,0,,,,,,,,,,,,,,,,,,,0,5,3,8,8,.5,.0,.0,0,1,1,0,0,0,0,4,0,0,0,0,0,0,0,4,,,,,,,,,,,,,,,,,,,,,,,,,,,,,,,,,,,,,,,,,,,,,,,,,,,,,,,,,,,,,,,,,,,,,,,,,,,,,,,,,,,,,
2026-27,football,Conference of New England (CCC),ccc,Western New England University,"Watts,Logan",Logan,Watts,,775,"Watts,Logan","WATTS,LOGAN",Western New England University,WNE,1022-4478,3,0,20,20,0,0,LB,0,,,,,,,,,,,,,,,,,,,0,1,1,2,2,.0,.0,.0,0,0,0,0,0,0,0,0,0,0,0,1,0,0,0,0,,,,,,,,,,,,,,,,,,,,,,,,,,,,,,,,,0,1,0,0,0,0,0,0,0,6,6,2,1,21,1,11,21.0,,,,,,,,,,,,,,,,,,,,,,,,,,,,,,,,,,,,
2026-27,football,Conference of New England (CCC),ccc,Western New England University,"Canavatchel,Michael",Michael,Canavatchel,,775,"Canavatchel,Michael","CANAVATCHEL,MICHAEL",Western New England University,WNE,1022-3939,4,4,23,23,0,0,LB,0,,,,,,,,,,,,,,,,,,,0,4,11,15,15,3.5,.0,.0,2,3,13,0.5,0,1,2,0,0,0,0,0,0,0,0,0,,,,,,,,,,,,,,,,,,,,,,,,,,,,,,,,,,,,,,,,,,,,,,,,,,,,,,,,,,,,,,,,,,,,,,,,,,,,,,,,,,,,,
2026-27,football,Conference of New England (CCC),ccc,Western New England University,"Crawford,Marcus",Marcus,Crawford,,775,"Crawford,Marcus","CRAWFORD,MARCUS",Western New England University,WNE,1022-4729,2,0,24,24,0,RB,0,0,,,,,,,,,,,,,,,,,,,0,0,0,0,0,.0,.0,.0,0,0,0,0,0,0,0,0,0,0,0,0,0,0,0,0,,,,,,,,,,,,,20,139,145,6,1,30,7.0,69.5,,,,,,2,54,0,43,27.0,,,0,1,0,0,0,0,0,0,0,6,6,3,,,,,,,,,,,,,,,,,,,,,,,,,,,,,,,,,,,,,,,,,
2026-27,football,Conference of New England (CCC),ccc,Western New England University,"Greggs,Xavier",Xavier,Greggs,,775,"Greggs,Xavier","GREGGS,XAVIER",Western New England University,WNE,1022-4463,2,0,25,2E,0,0,DB,0,,,,,,,,,,,,,,,,,,,,,,,,,,,,,,,,,,,,,,,,,,,,,,,,,,,,,,,,,,,,,,,,,,,,,,,,,,,,,,,,,,,,,,,,,,,,,,,,,,,,,,,,,,,,,,,,,,,,,,,,,,,,,,,
2026-27,football,Conference of New England (CCC),ccc,Western New England University,"LoGrasso,Max",Max,LoGrasso,,775,"LoGrasso,Max","LOGRASSO,MAX",Western New England University,WNE,1022-4476,4,0,26,26,0,0,0,0,,,,,,,15,15,0,0,0,0,0,0,0,0,0,0,0,0,0,0,0,.0,.0,.0,0,0,0,0,0,0,0,0,0,0,0,0,0,0,0,0,,,,,,,,,,,,,,,,,,,,,,,,,,,,,,,,,15,0,0,0,0,0,0,0,0,15,15,3.75,,,,,,,,,,,,,,,,,,,,,,,,,,,,19,975,0,1,51.3,0,1,0,0,.0,,,,
2026-27,football,Conference of New England (CCC),ccc,Western New England University,"Bunnell,Brayden",Brayden,Bunnell,,775,"Bunnell,Brayden","BUNNELL,BRAYDEN",Western New England University,WNE,1022-3936,3,2,28,28,0,0,DB,0,,,,,,,,,,,,,,,,,,,0,2,2,4,4,.0,.0,.0,0,0,0,0,0,0,0,0,0,0,0,0,0,0,0,0,,,,,,,,,,,,,,,,,,,,,,,,,,,,,,,,,,,,,,,,,,,,,,,,,,,,,,,,,,,,,,,,,,,,,,,,,,,,,,,,,,,,,
2026-27,football,Conference of New England (CCC),ccc,Western New England University,"Zaremba,Mike",Mike,Zaremba,,775,"Zaremba,Mike","ZAREMBA,MIKE",Western New England University,WNE,1022-4485,4,0,29,29,0,0,LB,0,,,,,,,,,,,,,,,,,,,0,3,2,5,5,.0,.0,.0,0,0,0,0,0,0,0,0,0,0,0,0,0,0,0,0,,,,,,,,,,,,,,,,,,,,,,,,,,,,,,,,,,,,,,,,,,,,,,,,,,,,,,,,,,,,,,,,,,,,,,,,,,,,,,,,,,,,,
2026-27,football,Conference of New England (CCC),ccc,Western New England University,"Sturniolo,Anthony",Anthony,Sturniolo,,775,"Sturniolo,Anthony","STURNIOLO,ANTHONY",Western New England University,WNE,1022-4141,4,4,34,34,0,RB,0,0,,,,,,,,,,,,,,,,,,,0,17,20,37,37,2.0,.0,.0,2,0,2,0,0,0,0,1,0,0,0,0,0,0,0,1,,,,,,,,,,,,,,,,,,,,,,,,,,,,,,,,,,,,,,,,,,,,,,,,,,,,,,,,,,,,,,,,,,,,,,,,,,,,,,,,,,,,,
2026-27,football,Conference of New England (CCC),ccc,Western New England University,"Rowden,Devin",Devin,Rowden,,775,"Rowden,Devin","ROWDEN,DEVIN",Western New England University,WNE,1022-4762,3,0,39,3B,0,RB,0,0,,,,,,,,,,,,,,,,,,,0,1,1,2,2,.0,.0,.0,0,0,0,0,0,0,0,0,0,0,0,0,0,0,0,0,,,,,,,,,,,,,,,,,,,,,,,,,,,,,,,,,,,,,,,,,,,,,,,,,,,,,,,,,,,,,,,,,,,,,,,,,,,,,,,,,,,,,
2026-27,football,Conference of New England (CCC),ccc,Western New England University,"Moss,John",John,Moss,,775,"Moss,John","MOSS,JOHN",Western New England University,WNE,1022-4144,1,0,40,40,0,0,0,0,,,,,,,,,,,,,,,,,,,,,,,,,,,,,,,,,,,,,,,,,,,,,,,,,,,,,,,,,,,,,,,,,,,,,,,,,,,,,,,,,,,,,,,,,,,,,,,,,,,,,,,,,,,,,,,,,,,,,,,,,,,,,,,
2026-27,football,Conference of New England (CCC),ccc,Western New England University,"Pulkkinen,Erik",Erik,Pulkkinen,,775,"Pulkkinen,Erik","PULKKINEN,ERIK",Western New England University,WNE,1022-4759,2,0,43,43,0,0,LB,0,,,,,,,,,,,,,,,,,,,0,2,4,6,6,.5,.0,.0,0,1,4,0.5,0,1,4,0,0,0,0,0,0,0,0,0,,,,,,,,,,,,,,,,,,,,,,,,,,,,,,,,,,,,,,,,,,,,,,,,,,,,,,,,,,,,,,,,,,,,,,,,,,,,,,,,,,,,,
2026-27,football,Conference of New England (CCC),ccc,Western New England University,"Russo,Gavin",Gavin,Russo,,775,"Russo,Gavin","RUSSO,GAVIN",Western New England University,WNE,1022-3943,4,4,44,44,0,0,DL,0,,,,,,,,,,,,,,,,,,,0,6,13,19,19,2.0,.0,.0,1,2,7,0,0,0,0,0,0,0,0,0,0,0,0,0,,,,,,,,,,,,,,,,,,,,,,,,,,,,,,,,,,,,,,,,,,,,,,,,,,,,,,,,,,,,,,,,,,,,,,,,,,,,,,,,,,,,,
2026-27,football,Conference of New England (CCC),ccc,Western New England University,"Lawson,Quincy",Quincy,Lawson,,775,"Lawson,Quincy","LAWSON,QUINCY",Western New England University,WNE,1022-4746,1,0,49,49,0,0,DL,0,,,,,,,,,,,,,,,,,,,0,1,0,1,1,.0,.0,.0,0,0,0,0,0,0,0,0,0,0,0,0,0,0,0,0,,,,,,,,,,,,,,,,,,,,,,,,,,,,,,,,,,,,,,,,,,,,,,,,,,,,,,,,,,,,,,,,,,,,,,,,,,,,,,,,,,,,,
2026-27,football,Conference of New England (CCC),ccc,Western New England University,"Rodrigues,Henry",Henry,Rodrigues,,775,"Rodrigues,Henry","RODRIGUES,HENRY",Western New England University,WNE,1022-3945,4,0,51,51,0,0,LB,0,,,,,,,,,,,,,,,,,,,0,3,8,11,11,.0,.0,.0,0,0,0,0,0,0,0,0,0,0,0,0,0,0,0,0,,,,,,,,,,,,,,,,,,,,,,,,,,,,,,,,,,,,,,,,,,,,,,,,,,,,,,,,,,,,,,,,,,,,,,,,,,,,,,,,,,,,,
2026-27,football,Conference of New England (CCC),ccc,Western New England University,"Bartucca,Drew",Drew,Bartucca,,775,"Bartucca,Drew","BARTUCCA,DREW",Western New England University,WNE,1022-4490,4,0,52,52,0,0,LB,0,,,,,,,,,,,,,,,,,,,0,2,7,9,9,.0,.0,.0,0,0,0,0,0,0,0,0,0,0,0,0,0,0,0,0,,,,,,,,,,,,,,,,,,,,,,,,,,,,,,,,,,,,,,,,,,,,,,,,,,,,,,,,,,,,,,,,,,,,,,,,,,,,,,,,,,,,,
2026-27,football,Conference of New England (CCC),ccc,Western New England University,"Ferrara,Dimaggio",Dimaggio,Ferrara,,775,"Ferrara,Dimaggio","FERRARA,DIMAGGIO",Western New England University,WNE,1022-4491,4,4,53,53,0,0,LB,0,,,,,,,,,,,,,,,,,,,0,9,9,18,18,1.0,.0,.0,0,2,2,0,0,0,0,0,0,0,0,0,0,0,0,0,,,,,,,,,,,,,,,,,,,,,,,,,,,,,,,,,,,,,,,,,,,,,,,,,,,,,,,,,,,,,,,,,,,,,,,,,,,,,,,,,,,,,
2026-27,football,Conference of New England (CCC),ccc,Western New England University,"Feliz,Will",Will,Feliz,,775,"Feliz,Will","FELIZ,WILL",Western New England University,WNE,1022-3937,1,0,54,54,0,0,LB,0,,,,,,,,,,,,,,,,,,,0,0,1,1,1,.0,.0,.0,0,0,0,0,0,0,0,0,0,0,0,0,0,0,0,0,,,,,,,,,,,,,,,,,,,,,,,,,,,,,,,,,,,,,,,,,,,,,,,,,,,,,,,,,,,,,,,,,,,,,,,,,,,,,,,,,,,,,
2026-27,football,Conference of New England (CCC),ccc,Western New England University,"Donahue,Garrett",Garrett,Donahue,,775,"Donahue,Garrett","DONAHUE,GARRETT",Western New England University,WNE,1022-4150,3,2,55,55,0,OL,0,0,,,,,,,,,,,,,,,,,,,,,,,,,,,,,,,,,,,,,,,,,,,,,,,,,,,,,,,,,,,,,,,,,,,,,,,,,,,,,,,,,,,,,,,,,,,,,,,,,,,,,,,,,,,,,,,,,,,,,,,,,,,,,,,
2026-27,football,Conference of New England (CCC),ccc,Western New England University,"Malone,Joe",Joe,Malone,,775,"Malone,Joe","MALONE,JOE",Western New England University,WNE,1022-4492,3,0,55,5E,0,0,DL,0,,,,,,,,,,,,,,,,,,,0,4,1,5,5,2.5,.0,.0,2,1,7,0,0,0,0,0,0,0,0,0,0,0,0,0,,,,,,,,,,,,,,,,,,,,,,,,,,,,,,,,,,,,,,,,,,,,,,,,,,,,,,,,,,,,,,,,,,,,,,,,,,,,,,,,,,,,,
2026-27,football,Conference of New England (CCC),ccc,Western New England University,"Kolifrath,Nick",Nick,Kolifrath,,775,"Kolifrath,Nick","KOLIFRATH,NICK",Western New England University,WNE,1022-3947,4,4,59,59,0,0,LB,0,,,,,,,,,,,,,,,,,,,0,13,18,31,31,1.5,.0,.0,0,3,5,0.5,0,1,5,0,1,1,0,0,0,0,1,1,,,1,0,0,0,.0,,,,,,,,,,,,,,,,,,,,,,,,,,,,,,,,,,,,,,,,,,,,,,,,,,,,,,,,,,,,,,,,,,,,,,,,,,,,,,
2026-27,football,Conference of New England (CCC),ccc,Western New England University,"Shivas,Don",Don,Shivas,,775,"Shivas,Don","SHIVAS,DON",Western New England University,WNE,1022-3949,4,3,62,62,0,OL,0,0,,,,,,,,,,,,,,,,,,,,,,,,,,,,,,,,,,,,,,,,,,,,,,,,,,,,,,,,,,,,,,,,,,,,,,,,,,,,,,,,,,,,,,,,,,,,,,,,,,,,,,,,,,,,,,,,,,,,,,,,,,,,,,,
2026-27,football,Conference of New England (CCC),ccc,Western New England University,"Colclough,Maddox",Maddox,Colclough,,775,"Colclough,Maddox","COLCLOUGH,MADDOX",Western New England University,WNE,1022-3944,1,1,70,70,0,OL,0,0,,,,,,,,,,,,,,,,,,,,,,,,,,,,,,,,,,,,,,,,,,,,,,,,,,,,,,,,,,,,,,,,,,,,,,,,,,,,,,,,,,,,,,,,,,,,,,,,,,,,,,,,,,,,,,,,,,,,,,,,,,,,,,,
2026-27,football,Conference of New England (CCC),ccc,Western New England University,"Gertsacov,Jackson",Jackson,Gertsacov,,775,"Gertsacov,Jackson","GERTSACOV,JACKSON",Western New England University,WNE,1022-4154,4,4,71,71,0,OL,0,0,,,,,,,,,,,,,,,,,,,,,,,,,,,,,,,,,,,,,,,,,,,,,,,,,,,,,,,,,,,,,,,,,,,,,,,,,,,,,,,,,,,,,,,,,,,,,,,,,,,,,,,,,,,,,,,,,,,,,,,,,,,,,,,
2026-27,football,Conference of New England (CCC),ccc,Western New England University,"Carino,Anthony",Anthony,Carino,,775,"Carino,Anthony","CARINO,ANTHONY",Western New England University,WNE,1022-4727,1,1,72,72,0,OL,0,0,,,,,,,,,,,,,,,,,,,,,,,,,,,,,,,,,,,,,,,,,,,,,,,,,,,,,,,,,,,,,,,,,,,,,,,,,,,,,,,,,,,,,,,,,,,,,,,,,,,,,,,,,,,,,,,,,,,,,,,,,,,,,,,
2026-27,football,Conference of New England (CCC),ccc,Western New England University,"Quinn,Brady",Brady,Quinn,,775,"Quinn,Brady","QUINN,BRADY",Western New England University,WNE,1022-4156,4,4,75,75,0,OL,0,0,,,,,,,,,,,,,,,,,,,,,,,,,,,,,,,,,,,,,,,,,,,,,,,,,,,,,,,,,,,,,,,,,,,,,,,,,,,,,,,,,,,,,,,,,,,,,,,,,,,,,,,,,,,,,,,,,,,,,,,,,,,,,,,
2026-27,football,Conference of New England (CCC),ccc,Western New England University,"Schaefer,Charles",Charles,Schaefer,,775,"Schaefer,Charles","SCHAEFER,CHARLES",Western New England University,WNE,1022-4157,4,3,78,78,0,OL,0,0,,,,,,,,,,,,,,,,,,,,,,,,,,,,,,,,,,,,,,,,,,,,,,,,,,,,,,,,,,,,,,,,,,,,,,,,,,,,,,,,,,,,,,,,,,,,,,,,,,,,,,,,,,,,,,,,,,,,,,,,,,,,,,,
2026-27,football,Conference of New England (CCC),ccc,Western New England University,"Bielawa,Gavin",Gavin,Bielawa,,775,"Bielawa,Gavin","BIELAWA,GAVIN",Western New England University,WNE,1022-4501,3,0,81,81,0,WR,0,0,,,,,,,,,,,,,,,,,,,,,,,,,,,,,,,,,,,,,,,,,,,,,,,,,,,,,,,,,,,,,,,3,36,0,16,12.0,,,,,,,,,,,,,,,,,,,,,,,,,,,,,,,,,,,,,,,,,,,,,,,,,,,,,,,,,,,,
2026-27,football,Conference of New England (CCC),ccc,Western New England University,"Burg,James",James,Burg,,775,"Burg,James","BURG,JAMES",Western New England University,WNE,1022-4159,4,4,84,84,0,TE,0,0,,,,,,,0,0,0,0,0,0,0,1,0,0,0,0,,,,,,,,,,,,,,,,,,,,,,,,,,,,,,,,,,,,,,,,,,,,,4,54,0,25,13.5,,,,,,,,0,0,0,0,0,1,0,0,0,2,2,0.5,,,,,,,,,,,,,,,,,,,,,,,,,,,,,,,,,,,,,,,,,
2026-27,football,Conference of New England (CCC),ccc,Western New England University,"Jolly,Isaiah",Isaiah,Jolly,,775,"Jolly,Isaiah","JOLLY,ISAIAH",Western New England University,WNE,1022-4503,3,0,85,85,0,WR,0,0,,,,,,,,,,,,,,,,,,,,,,,,,,,,,,,,,,,,,,,,,,,,,,,,,,,,,,,1,1,1,0,0,1,1.0,.3,,,,,,2,20,0,17,10.0,1,1,,,,,,,,,,,,,,,,,,,,,,,,,,,,,,,,,,,,,,,,,,,,,,,,,,,,,
2026-27,football,Conference of New England (CCC),ccc,Western New England University,"Walker,Keegan",Keegan,Walker,,775,"Walker,Keegan","WALKER,KEEGAN",Western New England University,WNE,1022-4160,3,0,88,88,0,TE,0,0,,,,,,,,,,,,,,,,,,,,,,,,,,,,,,,,,,,,,,,,,,,,,,,,,,,,,,,,,,,,,,,,,,,,,,,,,,,,,,,,,,,,,,,,,,,,,,,,,,,,,,,,,,,,,,,,,,,,,,,,,,,,,,,
2026-27,football,Conference of New England (CCC),ccc,Western New England University,"Tokarev,Ben",Ben,Tokarev,,775,"Tokarev,Ben","TOKAREV,BEN",Western New England University,WNE,1022-4767,3,0,90,90,0,0,DL,0,,,,,,,,,,,,,,,,,,,0,2,2,4,4,1.5,.0,.0,1,1,8,0,0,0,0,0,1,1,0,0,0,0,0,0,,,,,,,,,,,,,,,,,,,,,,,,,,,,,,,,,,,,,,,,,,,,,,,,,,,,,,,,,,,,,,,,,,,,,,,,,,,,,,,,,,,,,
2026-27,football,Conference of New England (CCC),ccc,Western New England University,"Surprenant,Rhys",Rhys,Surprenant,,775,"Surprenant,Rhys","SURPRENANT,RHYS",Western New England University,WNE,1022-4166,4,0,95,95,0,0,0,0,,,,,,,,,,,,,,,,,,,,,,,,,,,,,,,,,,,,,,,,,,,,,,,,,,,,,,,,,,,,,,,,,,,,,,,,,,,,,,,,,,,,,,,,,,,,,,,,,,,,,,,,,13,493,66,1,0,3,2,2,37.9,,,,,,,,,,,,,,
2026-27,football,Conference of New England (CCC),ccc,Western New England University,"Digiacomo,Chris",Chris,Digiacomo,,775,"Digiacomo,Chris","DIGIACOMO,CHRIS",Western New England University,WNE,1022-4136,1,0,96,25,0,0,0,0,,,,,,,,,,,,,,,,,,,,,,,,,,,,,,,,,,,,,,,,,,,,,,,,,,,,,,,,,,,,,,,,,,,,,,,,,,,,,,,,,,,,,,,,,,,,,,,,,,,,,,,,,,,,,,,,,,,,,,,,,,,,,,,
2026-27,football,Conference of New England (CCC),ccc,Western New England University,"DuTremble,Sean",Sean,DuTremble,,775,"DuTremble,Sean","DUTREMBLE,SEAN",Western New England University,WNE,1022-4151,4,4,97,97,0,0,DL,0,,,,,,,,,,,,,,,,,,,0,3,7,10,10,1.5,.0,.0,1,1,3,0,0,0,0,0,0,1,0,0,0,0,0,0,,,,,,,,,,,,,,,,,,,,,,,,,,,,,,,,,,,,,,,,,,,,,,,,,,,,,,,,,,,,,,,,,,,,,,,,,,,,,,,,,,,,,
2026-27,football,Conference of New England (CCC),ccc,Western New England University,"Caron,Sam",Sam,Caron,,775,"Caron,Sam","CARON,SAM",Western New England University,WNE,1022-4130,2,2,13,13,0,0,LB,0,,,,,,,,,,,,,,,,,,,0,0,2,2,2,.0,.0,.0,0,0,0,0,0,0,0,1,0,0,0,0,0,0,0,1,,,,,,,,,,,,,,,,,,,,,,,,,,,,,,,,,,,,,,,,,,,,,,,,,,,,,,,,,,,,,,,,,,,,,,,,,,,,,,,,,,,,,
2026-27,football,Conference of New England (CCC),ccc,Western New England University,"Royal,Chase",Chase,Royal,,775,"Royal,Chase","ROYAL,CHASE",Western New England University,WNE,1022-4763,2,0,17,1H,0,0,DB,0,,,,,,,,,,,,,,,,,,,0,4,0,4,4,.0,.0,.0,0,0,0,0,0,0,0,0,0,0,0,0,0,0,0,0,,,,,,,,,,,,,,,,,,,,,,,,,,,,,,,,,,,,,,,,,,,,,,,,,,,,,,,,,,,,,,,,,,,,,,,,,,,,,,,,,,,,,
2026-27,football,Conference of New England (CCC),ccc,Western New England University,"Manuel,Jayden",Jayden,Manuel,,775,"Manuel,Jayden","MANUEL,JAYDEN",Western New England University,WNE,1022-4456,2,0,30,1X,0,0,DB,0,,,,,,,,,,,,,,,,,,,0,0,1,1,1,.0,.0,.0,0,0,0,0,0,0,0,0,0,0,0,0,0,0,0,0,,,,,,,,,,,,,0,0,0,0,0,0,.0,.0,,,,,,,,,,,,,0,0,0,0,0,0,0,0,0,0,0,0,,,,,,,,,,,,,,,,,,,,,,,,,,,,,,,,,,,,,,,,,
2026-27,football,Conference of New England (CCC),ccc,Western New England University,"Albert,Noah",Noah,Albert,,775,"Albert,Noah","ALBERT,NOAH",Western New England University,WNE,1022-4717,2,0,35,1A,0,0,DB,0,,,,,,,,,,,,,,,,,,,0,0,2,2,2,.0,.0,.0,0,0,0,0,0,0,0,0,0,0,0,0,0,0,0,0,,,,,,,,,,,,,,,,,,,,,,,,,,,,,,,,,,,,,,,,,,,,,,,,,,,,,,,,,,,,,,,,,,,,,,,,,,,,,,,,,,,,,
2026-27,football,Conference of New England (CCC),ccc,Western New England University,"Palmieri,David",David,Palmieri,,775,"Palmieri,David","PALMIERI,DAVID",Western New England University,WNE,1022-4756,1,0,38,38,0,0,LB,0,,,,,,,,,,,,,,,,,,,,,,,,,,,,,,,,,,,,,,,,,,,,,,,,,,,,,,,,,,,,,,,,,,,,,,,,,,,,,,,,,,,,,,,,,,,,,,,,,,,,,,,,,,,,,,,,,,,,,,,,,,,,,,,
2026-27,football,Conference of New England (CCC),ccc,Western New England University,"Brooks,Will",Will,Brooks,,775,"Brooks,Will","BROOKS,WILL",Western New England University,WNE,1022-4488,3,0,48,48,0,0,DL,0,,,,,,,,,,,,,,,,,,,0,2,4,6,6,1.0,.0,.0,1,0,2,0,0,0,0,0,0,1,0,0,0,0,0,0,,,,,,,,,,,,,,,,,,,,,,,,,,,,,,,,,,,,,,,,,,,,,,,,,,,,,,,,,,,,,,,,,,,,,,,,,,,,,,,,,,,,,
2026-27,football,Conference of New England (CCC),ccc,Western New England University,"Henigman,Connor",Connor,Henigman,,775,"Henigman,Connor","HENIGMAN,CONNOR",Western New England University,WNE,1022-4489,3,2,50,50,0,OL,0,0,,,,,,,,,,,,,,,,,,,,,,,,,,,,,,,,,,,,,,,,,,,,,,,,,,,,,,,,,,,,,,,,,,,,,,,,,,,,,,,,,,,,,,,,,,,,,,,,,,,,,,,,,,,,,,,,,,,,,,,,,,,,,,,
2026-27,football,Conference of New England (CCC),ccc,Western New England University,"Robinson,Zion",Zion,Robinson,,775,"Robinson,Zion","ROBINSON,ZION",Western New England University,WNE,1022-4761,1,0,57,57,0,OL,0,0,,,,,,,,,,,,,,,,,,,,,,,,,,,,,,,,,,,,,,,,,,,,,,,,,,,,,,,,,,,,,,,,,,,,,,,,,,,,,,,,,,,,,,,,,,,,,,,,,,,,,,,,,,,,,,,,,,,,,,,,,,,,,,,
2026-27,football,Conference of New England (CCC),ccc,Western New England University,"Larkin,Ryan",Ryan,Larkin,,775,"Larkin,Ryan","LARKIN,RYAN",Western New England University,WNE,1022-4506,1,0,58,58,0,OL,0,0,,,,,,,,,,,,,,,,,,,,,,,,,,,,,,,,,,,,,,,,,,,,,,,,,,,,,,,,,,,,,,,,,,,,,,,,,,,,,,,,,,,,,,,,,,,,,,,,,,,,,,,,,,,,,,,,,,,,,,,,,,,,,,,
2026-27,football,Conference of New England (CCC),ccc,Western New England University,"Thompson,Peyton",Peyton,Thompson,,775,"Thompson,Peyton","THOMPSON,PEYTON",Western New England University,WNE,1022-4766,1,0,73,73,0,OL,0,0,,,,,,,,,,,,,,,,,,,,,,,,,,,,,,,,,,,,,,,,,,,,,,,,,,,,,,,,,,,,,,,,,,,,,,,,,,,,,,,,,,,,,,,,,,,,,,,,,,,,,,,,,,,,,,,,,,,,,,,,,,,,,,,
2026-27,football,Conference of New England (CCC),ccc,Western New England University,"Anderson,Christian",Christian,Anderson,,775,"Anderson,Christian","ANDERSON,CHRISTIAN",Western New England University,WNE,1022-4721,2,0,82,82,0,WR,0,0,,,,,,,,,,,,,,,,,,,,,,,,,,,,,,,,,,,,,,,,,,,,,,,,,,,,,,,,,,,,,,,,,,,,,,,,,,,,,,,,,,,,,,,,,,,,,,,,,,,,,,,,,,,,,,,,,,,,,,,,,,,,,,,
2026-27,football,Conference of New England (CCC),ccc,Western New England University,"Bordieri,Mason",Mason,Bordieri,,775,"Bordieri,Mason","BORDIERI,MASON",Western New England University,WNE,1022-4723,2,0,83,83,0,WR,0,0,,,,,,,,,,,,,,,,,,,,,,,,,,,,,,,,,,,,,,,,,,,,,,,,,,,,,,,,,,,,,,,1,16,0,16,16.0,,,,,,,,,,,,,,,,,,,,,,,,,,,,,,,,,,,,,,,,,,,,,,,,,,,,,,,,,,,,
2026-27,football,Conference of New England (CCC),ccc,Western New England University,"Gonitski,Joseph",Joseph,Gonitski,,775,"Gonitski,Joseph","GONITSKI,JOSEPH",Western New England University,WNE,1022-4737,2,0,91,91,0,0,DL,0,,,,,,,,,,,,,,,,,,,,,,,,,,,,,,,,,,,,,,,,,,,,,,,,,,,,,,,,,,,,,,,,,,,,,,,,,,,,,,,,,,,,,,,,,,,,,,,,,,,,,,,,,,,,,,,,,,,,,,,,,,,,,,,
2026-27,football,Conference of New England (CCC),ccc,Western New England University,Alex Silva,Alex,Silva,,775,Alex Silva,"SILVA,ALEX",Western New England University,WNE,1022-4134,2,1,22,22,0,0,0,0,,,,,,,,,,,,,,,,,,,,,,,,,,,,,,,,,,,,,,,,,,,,,,,,,,,,,,,10,36,38,2,0,14,3.6,18.0,,,,,,,,,,,,,,,,,,,,,,,,,,,,,,,,,,,,,,,,,,,,,,,,,,,,,,,,,,,,,,,,,
2026-27,football,Conference of New England (CCC),ccc,Western New England University,Anthony Silva,Anthony,Silva,,775,Anthony Silva,"SILVA,ANTHONY",Western New England University,WNE,1022-4480,1,0,32,32,0,0,0,0,,,,,,,,,,,,,,,,,,,0,1,1,2,2,.0,.0,.0,0,0,0,0,0,0,0,0,0,0,0,0,0,0,0,0,,,,,,,,,,,,,,,,,,,,,,,,,,,,,,,,,,,,,,,,,,,,,,,,,,,,,,,,,,,,,,,,,,,,,,,,,,,,,,,,,,,,,
2026-27,football,Conference of New England (CCC),ccc,Western New England University,Jason Pratt,Jason,Pratt,,775,Jason Pratt,"PRATT,JASON",Western New England University,WNE,1022-4145,2,0,46,46,0,0,0,0,,,,,,,,,,,,,,,,,,,0,1,0,1,1,.0,.0,.0,0,0,0,0,0,0,0,0,0,0,0,0,0,0,0,0,,,,,,,,,,,,,9,33,33,0,0,7,3.7,16.5,,,,,,,,,,,,,,,,,,,,,,,,,,,,,,,,,,,,,,,,,,,,,,,,,,,,,,,,,,,,,,,,,
2026-27,football,Conference of New England (CCC),ccc,Western New England University,"Mapp,Rondale",Rondale,Mapp,,775,"Mapp,Rondale","MAPP,RONDALE",Western New England University,WNE,1022-4750,1,0,9,1E,0,0,DB,0,,,,,,,,,,,,,,,,,,,,,,,,,,,,,,,,,,,,,,,,,,,,,,,,,,,,,,,,,,,,,,,,,,,,,,,,,,,,,,,,,,,,,,,,,,,,,,,,,,,,,,,,,,,,,,,,,,,,,,,,,,,,,,,
2026-27,football,Conference of New England (CCC),ccc,Western New England University,"Jones,Yasir",Yasir,Jones,,775,"Jones,Yasir","JONES,YASIR",Western New England University,WNE,1022-4745,1,0,27,27,0,RB,0,0,,,,,,,,,,,,,,,,,,,,,,,,,,,,,,,,,,,,,,,,,,,,,,,,,,,,,,,4,23,23,0,0,11,5.8,23.0,,,,,,,,,,,,,,,,,,,,,,,,,,,,,,,,,,,,,,,,,,,,,,,,,,,,,,,,,,,,,,,,,
2026-27,football,Conference of New England (CCC),ccc,Western New England University,"Morrow,Owen",Owen,Morrow,,775,"Morrow,Owen","MORROW,OWEN",Western New England University,WNE,1022-4753,1,0,45,45,0,TE,0,0,,,,,,,,,,,,,,,,,,,,,,,,,,,,,,,,,,,,,,,,,,,,,,,,,,,,,,,,,,,,,,,,,,,,,,,,,,,,,,,,,,,,,,,,,,,,,,,,,,,,,,,,,,,,,,,,,,,,,,,,,,,,,,,
2026-27,football,Conference of New England (CCC),ccc,Western New England University,"LaBarbera,Jason",Jason,LaBarbera,,775,"LaBarbera,Jason","LABARBERA,JASON",Western New England University,WNE,1022-3948,1,0,76,76,0,OL,0,0,,,,,,,,,,,,,,,,,,,,,,,,,,,,,,,,,,,,,,,,,,,,,,,,,,,,,,,,,,,,,,,,,,,,,,,,,,,,,,,,,,,,,,,,,,,,,,,,,,,,,,,,,,,,,,,,,,,,,,,,,,,,,,,
2026-27,football,Conference of New England (CCC),ccc,Western New England University,"Belton,Donovan",Donovan,Belton,,775,"Belton,Donovan","BELTON,DONOVAN",Western New England University,WNE,1022-4722,1,0,99,99,0,0,DL,0,,,,,,,,,,,,,,,,,,,0,0,1,1,1,.0,.0,.0,0,0,0,0,0,0,0,0,0,0,0,0,0,0,0,0,,,,,,,,,,,,,,,,,,,,,,,,,,,,,,,,,,,,,,,,,,,,,,,,,,,,,,,,,,,,,,,,,,,,,,,,,,,,,,,,,,,,,
2026-27,football,Conference of New England (CCC),ccc,University of New England,"Franzini,Jeremy",Jeremy,Franzini,,1255,"Franzini,Jeremy","FRANZINI,JEREMY",University of New England,UNE,990-2457,4,4,1,1D,0,0,DB,0,,,,,,,,,,,,,,,,,,,0,24,9,33,33,2.0,.0,.0,2,0,9,1,1,0,8,0,0,2,0,0,0,0,0,0,,,,,,,,,,,,,,,,,,,,,,,,,,,,,,,,,,,,,,,,,,,,,,,,,,,,,,,,,,,,,,,,,,,,,,,,,,,,,,,,,,,,,
2026-27,football,Conference of New England (CCC),ccc,University of New England,"Temple,Hunter",Hunter,Temple,,1255,"Temple,Hunter","TEMPLE,HUNTER",University of New England,UNE,990-3048,4,4,2,2D,0,0,DB,0,,,,,,,,,,,,,,,,,,,0,10,5,15,15,.0,.0,.0,0,0,0,0,0,0,0,3,0,0,0,0,0,0,0,3,,,,,,,,,,,,,,,,,,,,,,,,,,,,,,,,,,,,,,,,,,,,,,,,,,,,,,,,,,,,,,,,,,,,,,,,,,,,,,,,,,,,,
2026-27,football,Conference of New England (CCC),ccc,University of New England,"Gomes,Tyron",Tyron,Gomes,,1255,"Gomes,Tyron","GOMES,TYRON",University of New England,UNE,990-2828,0,0,3,3D,0,0,LB,0,,,,,,,,,,,,,,,,,,,,,,,,,,,,,,,,,,,,,,,,,,,,,,,,,,,,,,,,,,,,,,,,,,,,,,,,,,,,,,,,,,,,,,,,,,,,,,,,,,,,,,,,,,,,,,,,,,,,,,,,,,,,,,,
2026-27,football,Conference of New England (CCC),ccc,University of New England,"Sullivan,Michael",Michael,Sullivan,,1255,"Sullivan,Michael","SULLIVAN,MICHAEL",University of New England,UNE,990-2848,4,4,7,7D,0,0,LB,0,,,,,,,,,,,,,,,,,,,0,17,3,20,20,5.0,.0,.0,5,0,16,1,1,0,12,1,0,0,0,0,1,0,0,1,,,,,,,,,,,,,,,,,,,,,,,,,,,,,,,0,0,,,,,,,,,,,,,,,,,,,,,,,,,,,,,,,,,,,,,,,,,,,,,,,,,,,,,
2026-27,football,Conference of New England (CCC),ccc,University of New England,"Villis,George",George,Villis,,1255,"Villis,George","VILLIS,GEORGE",University of New England,UNE,990-2647,3,3,9,9D,0,0,LB,0,,,,,,,,,,,,,,,,,,,0,6,11,17,17,3.0,.0,.0,3,0,13,2,2,0,12,0,0,0,0,0,0,0,0,0,,,,,,,,,,,,,,,,,,,,,,,,,,,,,,,,,,,,,,,,,,,,,,,,,,,,,,,,,,,,,,,,,,,,,,,,,,,,,,,,,,,,,
2026-27,football,Conference of New England (CCC),ccc,University of New England,"Cardoso,Ben",Ben,Cardoso,,1255,"Cardoso,Ben","CARDOSO,BEN",University of New England,UNE,990-3010,4,4,10,1C,0,0,DB,0,,,,,,,,,,,,,,,,,,,0,7,12,19,19,.5,.0,.0,0,1,1,0,0,0,0,1,0,0,0,0,0,0,0,1,,,,,,,,,,,,,,,,,,,,,,,,,,,,,,,,,,,,,,,,,,,,,,,,,,,,,,,,,,,,,,,,,,,,,,,,,,,,,,,,,,,,,
2026-27,football,Conference of New England (CCC),ccc,University of New England,"Brooks,Jake",Jake,Brooks,,1255,"Brooks,Jake","BROOKS,JAKE",University of New England,UNE,990-3196,4,4,12,1B,0,0,DB,0,,,,,,,,,,,,,,,,,,,0,9,7,16,16,.0,.0,.0,0,0,0,0,0,0,0,3,0,0,0,0,0,0,0,3,,,,,,,,,,,,,,,,,,,,,,,,,,,,,,,,,,,,,,,,,,,,,,,,,,,,,,,,,,,,,,,,,,,,,,,,,,,,,,,,,,,,,
2026-27,football,Conference of New England (CCC),ccc,University of New England,"Mugaga,Colin",Colin,Mugaga,,1255,"Mugaga,Colin","MUGAGA,COLIN",University of New England,UNE,990-2840,3,3,35,35,0,0,DL,0,,,,,,,,,,,,,,,,,,,0,4,1,5,5,.0,.0,.0,0,0,0,0,0,0,0,0,0,0,0,0,0,0,0,0,,,,,,,,,,,,,,,,,,,,,,,,,,,,,,,,,,,,,,,,,,,,,,,,,,,,,,,,,,,,,,,,,,,,,,,,,,,,,,,,,,,,,
2026-27,football,Conference of New England (CCC),ccc,University of New England,"Sherck,Spencer",Spencer,Sherck,,1255,"Sherck,Spencer","SHERCK,SPENCER",University of New England,UNE,990-2845,4,4,37,37,0,0,DB,0,,,,,,,,,,,,,,,,,,,0,9,8,17,17,.0,.0,.0,0,0,0,0,0,0,0,0,0,0,0,0,0,0,0,0,,,,,,,,,,,,,,,,,,,,,,,,,,,,,,,,,,,,,,,,,,,,,,,,,,,,,,,,,,,,,,,,,,,,,,,,,,,,,,,,,,,,,
2026-27,football,Conference of New England (CCC),ccc,University of New England,"Wonson,Ashton",Ashton,Wonson,,1255,"Wonson,Ashton","WONSON,ASHTON",University of New England,UNE,990-2852,4,4,62,62,0,0,DL,0,,,,,,,,,,,,,,,,,,,0,4,3,7,7,2.5,.0,.0,2,1,2,0,0,0,0,0,0,1,0,0,0,0,0,0,,,,,,,,,,,,,,,,,,,,,,,,,,,,,,,,,,,,,,,,,,,,,,,,,,,,,,,,,,,,,,,,,,,,,,,,,,,,,,,,,,,,,
2026-27,football,Conference of New England (CCC),ccc,University of New England,"LaBrecque,Spencer",Spencer,LaBrecque,,1255,"LaBrecque,Spencer","LABRECQUE,SPENCER",University of New England,UNE,990-2835,4,4,99,99,0,0,DL,0,,,,,,,,,,,,,,,,,,,0,4,9,13,13,3.0,.0,.0,3,0,14,1,1,0,9,0,0,1,0,1,0,0,0,0,,,,,,,,,,,,,,,,,,,,,,,,,,,,,,,,,,,,,,,,,,,,,,,,,,,,,,,,,,,,,,,,,,,,,,,,,,,,,,,,,,,,,
2026-27,football,Conference of New England (CCC),ccc,University of New England,"Grant,Jack",Jack,Grant,,1255,"Grant,Jack","GRANT,JACK",University of New England,UNE,990-3191,4,0,0,0,0,0,LB,0,,,,,,,,,,,,,,,,,,,0,6,10,16,16,1.0,.0,.0,1,0,2,0,0,0,0,0,0,0,0,0,0,0,0,0,,,,,,,,,,,,,,,,,,,,,,,,,,,,,,,,,,,,,,,,,,,,,,,,,,,,,,,,,,,,,,,,,,,,,,,,,,,,,,,,,,,,,
2026-27,football,Conference of New England (CCC),ccc,University of New England,"Cornett,Cameron",Cameron,Cornett,,1255,"Cornett,Cameron","CORNETT,CAMERON",University of New England,UNE,990-3187,3,0,1,1,0,WR,0,0,,,,,,,,,,,,,,,,,,,,,,,,,,,,,,,,,,,,,,,,,,,,,,,,,,,,,,,,,,,,,,,1,28,0,28,28.0,,,,,,,,,,,,,,,,,,,,,,,,,,,,,,,,,,,,,,,,,,,,,,,,,,,,,,,,,,,,
2026-27,football,Conference of New England (CCC),ccc,University of New England,"Tejada,Darien",Darien,Tejada,,1255,"Tejada,Darien","TEJADA,DARIEN",University of New England,UNE,990-3210,3,0,2,2,0,WR,0,0,,,,,,,,,,,,,,,,,,,0,0,0,0,0,.0,.0,.0,0,0,0,0,0,0,0,0,0,0,0,0,0,0,0,0,,,,,,,,,,,,,,,,,,,,,0,0,0,0,.0,,,,,,,,,,,,,,,,,,,,,,,,,,,,,,,,,,,,,,,,,,,,,,,,,,,,,,,,,,,,
2026-27,football,Conference of New England (CCC),ccc,University of New England,"Viglione,Max",Max,Viglione,,1255,"Viglione,Max","VIGLIONE,MAX",University of New England,UNE,990-3209,4,2,3,3,0,WR,0,0,,,,,,,,,,,,,,,,,,,,,,,,,,,,,,,,,,,,,,,,,,,,,,,,,,,,,,,,,,,,,,,2,87,1,53,43.5,1,16,0,16,16.0,,,0,1,0,0,0,0,0,0,0,6,6,1.5,,,,,,,,,,,,,,,,,,,,,,,,,,,,,,,,,,,,,,,,,
2026-27,football,Conference of New England (CCC),ccc,University of New England,"Jones,Damien",Damien,Jones,,1255,"Jones,Damien","JONES,DAMIEN",University of New England,UNE,990-2833,4,4,4,4,0,RB,0,0,,,,,,,0,0,1,0,0,0,0,0,0,0,0,0,0,0,0,0,0,.0,.0,.0,0,0,0,0,0,0,0,0,0,0,0,0,0,0,0,0,,,,,,,,,,,,,81,487,497,10,3,58,6.0,121.8,5,69,0,22,13.8,10,198,0,35,19.8,1,1,0,3,0,0,0,0,0,0,0,18,18,4.5,5,51,0,21,10.2,,,,,,,,,,,,,,,,,,,,,,,,,,,,,,,,,,,,
2026-27,football,Conference of New England (CCC),ccc,University of New England,"Boyd,Jaydin",Jaydin,Boyd,,1255,"Boyd,Jaydin","BOYD,JAYDIN",University of New England,UNE,990-3186,4,0,5,5D,0,0,DB,0,,,,,,,,,,,,,,,,,,,0,12,1,13,13,1.0,.0,.0,1,0,3,0,0,0,0,2,0,0,0,0,0,0,0,2,,,,,,,,,,,,,,,,,,,,,,,,,,,,,,,,,,,,,,,,,,,,,,,,,,,,,,,,,,,,,,,,,,,,,,,,,,,,,,,,,,,,,
2026-27,football,Conference of New England (CCC),ccc,University of New England,"Gagne,Cooper",Cooper,Gagne,,1255,"Gagne,Cooper","GAGNE,COOPER",University of New England,UNE,990-3352,0,0,7,7,0,QB,0,0,,,,,,,,,,,,,,,,,,,0,0,0,0,0,.0,.0,.0,0,0,0,0,0,0,0,0,0,0,0,0,0,0,0,0,,,,,,,,,,,,,,,,,,,,,,,,,,,,,,,,,,,,,,,,,,,,,,,,,,,,,,,,,,,,,,,,,,,,,,,,,,,,,,,,,,,,,
2026-27,football,Conference of New England (CCC),ccc,University of New England,"Blankenship,Danny",Danny,Blankenship,,1255,"Blankenship,Danny","BLANKENSHIP,DANNY",University of New England,UNE,990-2816,0,0,8,8D,0,0,DB,0,,,,,,,,,,,,,,,,,,,0,0,0,0,0,.0,.0,.0,0,0,0,0,0,0,0,0,0,0,0,0,0,0,0,0,,,,,,,,,,,,,,,,,,,,,,,,,,,,,,,,,,,,,,,,,,,,,,,,,,,,,,,,,,,,,,,,,,,,,,,,,,,,,,,,,,,,,
2026-27,football,Conference of New England (CCC),ccc,University of New England,"Profit,Zion",Zion,Profit,,1255,"Profit,Zion","PROFIT,ZION",University of New England,UNE,990-2856,4,0,8,8,0,0,DB,0,,,,,,,,,,,,,,,,,,,0,2,3,5,5,.0,.0,.0,0,0,0,0,0,0,0,0,0,0,0,0,1,0,0,0,,,,,,,,,,,,,,,,,,,,,,,,,,,,,,,0,0,,,,,,,,,,,,,,,,,,,,,,,,,,,,,,,,,,,,,,,,,,,,,,,,,,,,,
2026-27,football,Conference of New England (CCC),ccc,University of New England,"Kearney,Cam",Cam,Kearney,,1255,"Kearney,Cam","KEARNEY,CAM",University of New England,UNE,990-3024,4,0,9,9,0,WR,0,0,,,,,,,,,,,,,,,,,,,0,0,0,0,0,.0,.0,.0,0,0,0,0,0,0,0,0,0,0,0,0,0,0,0,0,,,,,,,,,,,,,,,,,,,,,1,33,1,33,33.0,,,,,,,,0,1,0,0,0,0,0,0,0,6,6,1.5,,,,,,,,,,,,,,,,,,,,,,,,,,,,,,,,,,,,,,,,,
2026-27,football,Conference of New England (CCC),ccc,University of New England,"Carlson,Quinn",Quinn,Carlson,,1255,"Carlson,Quinn","CARLSON,QUINN",University of New England,UNE,990-3011,4,4,10,10,0,WR,0,0,,,,,,,,,,,,,,,,,,,0,0,0,0,0,.0,.0,.0,0,0,0,0,0,0,0,0,0,0,0,0,0,0,0,0,,,,,,,,,,,,,,,,,,,,,8,130,3,30,16.3,,,,,,,,0,3,0,0,0,0,0,0,0,18,18,4.5,,,,,,,,,,,,,,,,,,,,,,,,,,,,,,,,,,,,,,,,,
2026-27,football,Conference of New England (CCC),ccc,University of New England,"Willis,Javin",Javin,Willis,,1255,"Willis,Javin","WILLIS,JAVIN",University of New England,UNE,990-2850,4,0,11,11,0,RB,0,0,,,,,,,,,,,,,,,,,,,0,0,0,0,0,.0,.0,.0,0,0,0,0,0,0,0,0,0,0,0,0,0,0,0,0,,,,,,,,,,,,,37,190,199,9,3,31,5.1,47.5,5,24,1,22,4.8,8,148,0,22,18.5,,,0,4,0,0,0,0,0,0,0,24,24,6,,,,,,,,,,,,,,,,,,,1,23,23,0,0,0,0,0,23.0,,,,,,,,,,,,,,
2026-27,football,Conference of New England (CCC),ccc,University of New England,"Durkin,Cam",Cam,Durkin,,1255,"Durkin,Cam","DURKIN,CAM",University of New England,UNE,990-3016,4,0,11,1P,0,0,0,0,,,,,,,,,,,,,,,,,,,0,1,0,1,1,.0,.0,.0,0,0,0,0,0,0,0,0,0,0,0,0,0,0,0,0,,,,,,,,,,,,,1,-10,0,10,0,0,-10.0,-2.5,,,,,,,,,,,,,,,,,,,,,,,,,,,,,,,,,,,,,,,,,,,14,560,63,1,0,2,2,6,40.0,2,99,0,0,49.5,,,,,,,,,
2026-27,football,Conference of New England (CCC),ccc,University of New England,"Russ,Tanner",Tanner,Russ,,1255,"Russ,Tanner","RUSS,TANNER",University of New England,UNE,990-2844,1,0,13,13,0,WR,0,0,,,,,,,,,,,,,,,,,,,0,0,0,0,0,.0,.0,.0,0,0,0,0,0,0,0,0,0,0,0,0,0,0,0,0,,,,,,,,,,,,,,,,,,,,,0,0,0,0,.0,,,,,,,,,,,,,,,,,,,,,,,,,,,,,,,,,,,,,,,,,,,,,,,,,,,,,,,,,,,,
2026-27,football,Conference of New England (CCC),ccc,University of New England,"France,Tajardo",Tajardo,France,,1255,"France,Tajardo","FRANCE,TAJARDO",University of New England,UNE,990-3017,4,0,13,1F,0,0,DB,0,,,,,,,,,,,,,,,,,,,0,13,9,22,22,1.0,.0,.0,1,0,3,0,0,0,0,0,0,0,0,0,0,0,0,0,,,,,,,,,,,,,,,,,,,,,,,,,,,,,,,,,,,,,,,,,,,,,,,,,,,,,,,,,,,,,,,,,,,,,,,,,,,,,,,,,,,,,
2026-27,football,Conference of New England (CCC),ccc,University of New England,"McLoughlin,Will",Will,McLoughlin,,1255,"McLoughlin,Will","MCLOUGHLIN,WILL",University of New England,UNE,990-3211,2,2,14,14,0,WR,0,0,,,,,,,,,,,,,,,,,,,0,0,0,0,0,.0,.0,.0,0,0,0,0,0,0,0,0,0,0,0,0,0,0,0,0,,,,,,,,,,,,,,,,,,,,,8,89,0,29,11.1,,,,,,,,,,,,,,,,,,,,,,,,,,,,,,,,,,,,,,,,,,,,,,,,,,,,,,,,,,,,
2026-27,football,Conference of New England (CCC),ccc,University of New England,"Reny,Parker",Parker,Reny,,1255,"Reny,Parker","RENY,PARKER",University of New England,UNE,990-3385,0,0,15,1R,0,QB,0,0,,,,,,,,,,,,,,,,,,,0,0,0,0,0,.0,.0,.0,0,0,0,0,0,0,0,0,0,0,0,0,0,0,0,0,,,,,,,,,,,,,,,,,,,,,,,,,,,,,,,,,,,,,,,,,,,,,,,,,,,,,,,,,,,,,,,,,,,,,,,,,,,,,,,,,,,,,
2026-27,football,Conference of New England (CCC),ccc,University of New England,"Yeaton,Alex",Alex,Yeaton,,1255,"Yeaton,Alex","YEATON,ALEX",University of New England,UNE,990-2853,4,4,15,15,0,WR,0,0,,,,,,,,,,,,,,,,,,,0,0,0,0,0,.0,.0,.0,0,0,0,0,0,0,0,0,0,0,0,0,0,0,0,0,,,,,,,,,,,,,,,,,,,,,4,29,1,21,7.3,1,15,0,15,15.0,,,0,1,0,0,0,0,0,0,0,6,6,1.5,,,,,,,,,,,,,,,,,,,,,,,,,,,,,,,,,,,,,,,,,
2026-27,football,Conference of New England (CCC),ccc,University of New England,"Lang,Chris",Chris,Lang,,1255,"Lang,Chris","LANG,CHRIS",University of New England,UNE,990-2837,4,4,17,17,0,QB,0,0,,,,,,,0,0,1,0,1,0,1,0,0,0,0,0,0,0,0,0,0,.0,.0,.0,0,0,0,0,0,0,0,0,0,0,0,0,0,0,0,0,,,,,,,,,,,,,34,10,62,52,0,7,.3,2.5,,,,,,,,,,,3,2,,,,,,,,,,,,,,,,,,,46,9,53,8,650,2,94,43,127.7,6.91,15.12,162.5,2,63,48,0,0,0,0,1,31.5,,,,,,,,,,,,,,
2026-27,football,Conference of New England (CCC),ccc,University of New England,"Delgado,Nathan",Nathan,Delgado,,1255,"Delgado,Nathan","DELGADO,NATHAN",University of New England,UNE,990-2823,4,4,24,24,0,RB,0,0,,,,,,,,,,,,,,,,,,,0,0,0,0,0,.0,.0,.0,0,0,0,0,0,0,0,0,0,0,0,0,0,0,0,0,,,,,,,,,,,,,52,241,248,7,3,20,4.6,60.3,4,20,0,13,5.0,3,73,0,41,24.3,,,0,3,0,0,0,0,0,0,0,18,18,4.5,,,,,,,,,,,,,,,,,,,,,,,,,,,,,,,,,,,,,,,,,
2026-27,football,Conference of New England (CCC),ccc,University of New England,"McLaughlin,Cole",Cole,McLaughlin,,1255,"McLaughlin,Cole","MCLAUGHLIN,COLE",University of New England,UNE,990-3032,4,4,25,25,0,0,LB,0,,,,,,,,,,,,,,,,,,,0,9,14,23,23,3.0,.0,.0,3,0,9,2,2,0,8,0,1,3,0,0,0,0,0,0,,,,,,,,,,,,,,,,,,,,,,,,,,,,,,,,,,,,,,,,,,,,,,,,,,,,,,,,,,,,,,,,,,,,,,,,,,,,,,,,,,,,,
2026-27,football,Conference of New England (CCC),ccc,University of New England,"St. Louis,Jordan",Jordan,St. Louis,,1255,"St. Louis,Jordan","ST. LOUIS,JORDAN",University of New England,UNE,990-3044,0,0,26,26,0,0,DB,0,,,,,,,,,,,,,,,,,,,0,0,0,0,0,.0,.0,.0,0,0,0,0,0,0,0,0,0,0,0,0,0,0,0,0,,,,,,,,,,,,,,,,,,,,,,,,,,,,,,,,,,,,,,,,,,,,,,,,,,,,,,,,,,,,,,,,,,,,,,,,,,,,,,,,,,,,,
2026-27,football,Conference of New England (CCC),ccc,University of New England,"Brennan,Luke",Luke,Brennan,,1255,"Brennan,Luke","BRENNAN,LUKE",University of New England,UNE,990-2818,4,0,27,27,0,0,LB,0,,,,,,,,,,,,,,,,,,,0,5,5,10,10,1.0,.0,.0,1,0,3,0,0,0,0,1,0,1,0,0,0,0,0,1,,,,,,,,,,,,,,,,,,,,,,,,,,,,,,,,,,,,,,,,,,,,,,,,,,,,,,,,,,,,,,,,,,,,,,,,,,,,,,,,,,,,,
2026-27,football,Conference of New England (CCC),ccc,University of New England,"Cooper,CJ",CJ,Cooper,,1255,"Cooper,CJ","COOPER,CJ",University of New England,UNE,990-3214,3,0,28,28,0,0,DB,0,,,,,,,,,,,,,,,,,,,0,1,1,2,2,.0,.0,.0,0,0,0,0,0,0,0,0,0,0,0,0,0,0,0,0,,,,,,,,,,,,,,,,,,,,,,,,,,,,,,,,,,,,,,,,,,,,,,,,,,,,,,,,,,,,,,,,,,,,,,,,,,,,,,,,,,,,,
2026-27,football,Conference of New England (CCC),ccc,University of New England,"Cornet,Abe",Abe,Cornet,,1255,"Cornet,Abe","CORNET,ABE",University of New England,UNE,990-3343,0,0,31,31,0,0,DB,0,,,,,,,,,,,,,,,,,,,0,0,0,0,0,.0,.0,.0,0,0,0,0,0,0,0,0,0,0,0,0,0,0,0,0,,,,,,,,,,,,,,,,,,,,,,,,,,,,,,,,,,,,,,,,,,,,,,,,,,,,,,,,,,,,,,,,,,,,,,,,,,,,,,,,,,,,,
2026-27,football,Conference of New England (CCC),ccc,University of New England,"Dumont,Dominic",Dominic,Dumont,,1255,"Dumont,Dominic","DUMONT,DOMINIC",University of New England,UNE,990-3383,0,0,42,42,0,0,LB,0,,,,,,,,,,,,,,,,,,,0,0,0,0,0,.0,.0,.0,0,0,0,0,0,0,0,0,0,0,0,0,0,0,0,0,,,,,,,,,,,,,,,,,,,,,,,,,,,,,,,,,,,,,,,,,,,,,,,,,,,,,,,,,,,,,,,,,,,,,,,,,,,,,,,,,,,,,
2026-27,football,Conference of New England (CCC),ccc,University of New England,"Durkin,Ben",Ben,Durkin,,1255,"Durkin,Ben","DURKIN,BEN",University of New England,UNE,990-3347,3,0,49,49,0,0,0,0,,,,,,,11,10,0,0,0,0,0,0,0,0,0,0,0,0,0,0,0,.0,.0,.0,0,0,0,0,0,0,0,0,0,0,0,0,0,0,0,0,,,,,,,,,,,,,,,,,,,,,,,,,,,,,,,,,10,0,1,0,0,0,0,0,0,13,13,4.33,,,,,,,,,,,,,,,,,,,,,,,,,,,,,,,,,1,3,23,0,33.3,,,,
2026-27,football,Conference of New England (CCC),ccc,University of New England,"Blood,Aidan",Aidan,Blood,,1255,"Blood,Aidan","BLOOD,AIDAN",University of New England,UNE,990-3008,4,1,54,54,0,0,LB,0,,,,,,,,,,,,,,,,,,,3,14,13,27,27,1.0,.0,.0,0,2,1,0,0,0,0,0,0,2,0,0,0,0,1,1,,,1,3,0,3,3.0,,,,,,,,,,,,,,,,,,,,,,,,,,,,,,,,,,,,,,,,,,,,,,,,,,,,,,,,,,,,,,,,,,,,,,,,,,,,,,
2026-27,football,Conference of New England (CCC),ccc,University of New England,"Montalvo,Miguel",Miguel,Montalvo,,1255,"Montalvo,Miguel","MONTALVO,MIGUEL",University of New England,UNE,990-3366,3,1,55,55,0,0,DL,0,,,,,,,,,,,,,,,,,,,0,2,8,10,10,2.5,.0,.0,2,1,3,1,1,0,1,0,0,2,0,0,1,0,0,0,,,,,,,,,,,,,,,,,,,,,,,,,,,,,,,0,0,,,,,,,,,,,,,,,,,,,,,,,,,,,,,,,,,,,,,,,,,,,,,,,,,,,,,
2026-27,football,Conference of New England (CCC),ccc,University of New England,"Nicholson,Brody",Brody,Nicholson,,1255,"Nicholson,Brody","NICHOLSON,BRODY",University of New England,UNE,990-3368,3,0,58,58,0,0,DL,0,,,,,,,,,,,,,,,,,,,0,1,3,4,4,1.0,.0,.0,1,0,3,1,1,0,3,0,0,0,0,0,0,0,0,0,,,,,,,,,,,,,,,,,,,,,,,,,,,,,,,,,,,,,,,,,,,,,,,,,,,,,,,,,,,,,,,,,,,,,,,,,,,,,,,,,,,,,
2026-27,football,Conference of New England (CCC),ccc,University of New England,"Hayden,Joe",Joe,Hayden,,1255,"Hayden,Joe","HAYDEN,JOE",University of New England,UNE,990-3353,4,4,60,60,0,OL,0,0,,,,,,,,,,,,,,,,,,,,,,,,,,,,,,,,,,,,,,,,,,,,,,,,,,,,,,,,,,,,,,,,,,,,,,,,,,,,,,,,,,,,,,,,,,,,,,,,,,,,,,,,,,,,,,,,,,,,,,,,,,,,,,,
2026-27,football,Conference of New England (CCC),ccc,University of New England,"Czachor,John",John,Czachor,,1255,"Czachor,John","CZACHOR,JOHN",University of New England,UNE,990-3201,4,4,70,70,0,OL,0,0,,,,,,,,,,,,,,,,,,,,,,,,,,,,,,,,,,,,,,,,,,,,,,,,,,,,,,,,,,,,,,,,,,,,,,,,,,,,,,,,,,,,,,,,,,,,,,,,,,,,,,,,,,,,,,,,,,,,,,,,,,,,,,,
2026-27,football,Conference of New England (CCC),ccc,University of New England,"Muoio,Ily",Ily,Muoio,,1255,"Muoio,Ily","MUOIO,ILY",University of New England,UNE,990-3034,4,4,71,71,0,OL,0,0,,,,,,,,,,,,,,,,,,,,,,,,,,,,,,,,,,,,,,,,,,,,,,,,,,,,,,,,,,,,,,,,,,,,,,,,,,,,,,,,,,,,,,,,,,,,,,,,,,,,,,,,,,,,,,,,,,,,,,,,,,,,,,,
2026-27,football,Conference of New England (CCC),ccc,University of New England,"Gherard,Sean",Sean,Gherard,,1255,"Gherard,Sean","GHERARD,SEAN",University of New England,UNE,990-3208,2,1,73,73,0,OL,0,0,,,,,,,,,,,,,,,,,,,,,,,,,,,,,,,,,,,,,,,,,,,,,,,,,,,,,,,,,,,,,,,,,,,,,,,,,,,,,,,,,,,,,,,,,,,,,,,,,,,,,,,,,,,,,,,,,,,,,,,,,,,,,,,
2026-27,football,Conference of New England (CCC),ccc,University of New England,"Lahiff,Colin",Colin,Lahiff,,1255,"Lahiff,Colin","LAHIFF,COLIN",University of New England,UNE,990-3360,3,0,74,74,0,OL,0,0,,,,,,,,,,,,,,,,,,,,,,,,,,,,,,,,,,,,,,,,,,,,,,,,,,,,,,,,,,,,,,,,,,,,,,,,,,,,,,,,,,,,,,,,,,,,,,,,,,,,,,,,,,,,,,,,,,,,,,,,,,,,,,,
2026-27,football,Conference of New England (CCC),ccc,University of New England,"Dew,Tony",Tony,Dew,,1255,"Dew,Tony","DEW,TONY",University of New England,UNE,990-3015,4,4,75,75,0,0,DL,0,,,,,,,,,,,,,,,,,,,,,,,,,,,,,,,,,,,,,,,,,,,,,,,,,,,,,,,,,,,,,,,,,,,,,,,,,,,,,,,,,,,,,,,,,,,,,,,,,,,,,,,,,,,,,,,,,,,,,,,,,,,,,,,
2026-27,football,Conference of New England (CCC),ccc,University of New England,"Castriotta,Jayden",Jayden,Castriotta,,1255,"Castriotta,Jayden","CASTRIOTTA,JAYDEN",University of New England,UNE,990-3206,3,3,77,77,0,OL,0,0,,,,,,,,,,,,,,,,,,,,,,,,,,,,,,,,,,,,,,,,,,,,,,,,,,,,,,,,,,,,,,,,,,,,,,,,,,,,,,,,,,,,,,,,,,,,,,,,,,,,,,,,,,,,,,,,,,,,,,,,,,,,,,,
2026-27,football,Conference of New England (CCC),ccc,University of New England,"Horton,Alex",Alex,Horton,,1255,"Horton,Alex","HORTON,ALEX",University of New England,UNE,990-3356,1,0,84,84,0,WR,0,0,,,,,,,,,,,,,,,,,,,,,,,,,,,,,,,,,,,,,,,,,,,,,,,,,,,,,,,,,,,,,,,1,38,0,38,38.0,,,,,,,,,,,,,,,,,,,,,,,,,,,,,,,,,,,,,,,,,,,,,,,,,,,,,,,,,,,,
2026-27,football,Conference of New England (CCC),ccc,University of New England,"Knox,Hunter",Hunter,Knox,,1255,"Knox,Hunter","KNOX,HUNTER",University of New England,UNE,990-3215,4,0,90,90,0,0,DL,0,,,,,,,,,,,,,,,,,,,0,1,0,1,1,.0,.0,.0,0,0,0,0,0,0,0,0,0,1,0,0,0,0,0,0,,,,,,,,,,,,,,,,,,,,,,,,,,,,,,,,,,,,,,,,,,,,,,,,,,,,,,,,,,,,,,,,,,,,,,,,,,,,,,,,,,,,,
2026-27,football,Conference of New England (CCC),ccc,University of New England,"Hanecak,Brody",Brody,Hanecak,,1255,"Hanecak,Brody","HANECAK,BRODY",University of New England,UNE,990-3202,3,0,91,91,0,0,DL,0,,,,,,,,,,,,,,,,,,,0,0,1,1,1,.0,.0,.0,0,0,0,0,0,0,0,0,0,0,0,0,0,0,0,0,,,,,,,,,,,,,,,,,,,,,,,,,,,,,,,,,,,,,,,,,,,,,,,,,,,,,,,,,,,,,,,,,,,,,,,,,,,,,,,,,,,,,
2026-27,football,Conference of New England (CCC),ccc,University of New England,"Adams,Jonathan",Jonathan,Adams,,1255,"Adams,Jonathan","ADAMS,JONATHAN",University of New England,UNE,990-3334,4,0,94,94,0,0,0,0,,,,,,,,,,,,,,,,,,,0,2,1,3,3,.0,.0,.0,0,0,0,0,0,0,0,0,0,0,0,0,0,0,0,0,,,,,,,,,,,,,,,,,,,,,,,,,,,,,,,,,,,,,,,,,,,,,,,,,,,,,,,,,,,,,,,,,,,,,,,,20,1038,0,1,51.9,,,,,,,,,
2026-27,football,Conference of New England (CCC),ccc,University of New England,"Rofino,Corey",Corey,Rofino,,1255,"Rofino,Corey","ROFINO,COREY",University of New England,UNE,990-3373,1,0,29,29,0,RB,0,0,,,,,,,,,,,,,,,,,,,,,,,,,,,,,,,,,,,,,,,,,,,,,,,,,,,,,,,,,,,,,,,,,,,,,,,,,,,,,,,,,,,,,,,,,,,,,,,,,,,,,,,,,,,,,,,,,,,,,,,,,,,,,,,
2026-27,football,Conference of New England (CCC),ccc,University of New England,"LeDonne,Jake",Jake,LeDonne,,1255,"LeDonne,Jake","LEDONNE,JAKE",University of New England,UNE,990-3026,2,0,32,32,0,FB,0,0,,,,,,,,,,,,,,,,,,,,,,,,,,,,,,,,,,,,,,,,,,,,,,,,,,,,,,,,,,,,,,,,,,,,,,,,,,,,,,,,,,,,,,,,,,,,,,,,,,,,,,,,,,,,,,,,,,,,,,,,,,,,,,,
2026-27,football,Conference of New England (CCC),ccc,University of New England,"Jeanpierre,Jayce",Jayce,Jeanpierre,,1255,"Jeanpierre,Jayce","JEANPIERRE,JAYCE",University of New England,UNE,990-3192,4,0,33,33,0,0,DB,0,,,,,,,,,,,,,,,,,,,0,4,3,7,7,.0,.0,.0,0,0,0,0,0,0,0,0,0,0,0,0,0,0,0,0,,,,,,,,,,,,,,,,,,,,,,,,,,,,,,,,,,,,,,,,,,,,,,,,,,,,,,,,,,,,,,,,,,,,,,,,,,,,,,,,,,,,,
2026-27,football,Conference of New England (CCC),ccc,University of New England,"Stone,Brady",Brady,Stone,,1255,"Stone,Brady","STONE,BRADY",University of New England,UNE,990-3195,4,0,38,38,0,RB,0,0,,,,,,,,,,,,,,,,,,,0,1,0,1,1,.0,.0,.0,0,0,0,0,0,0,0,0,0,0,0,0,0,0,0,0,,,,,,,,,,,,,,,,,,,,,,,,,,,,,,,,,,,,,,,,,,,,,,,,,,,,,,,,,,,,,,,,,,,,,,,,,,,,,,,,,,,,,
2026-27,football,Conference of New England (CCC),ccc,University of New England,"Leslie,Brandon",Brandon,Leslie,,1255,"Leslie,Brandon","LESLIE,BRANDON",University of New England,UNE,990-2859,2,0,64,64,0,0,DL,0,,,,,,,,,,,,,,,,,,,0,0,1,1,1,.0,.0,.0,0,0,0,0,0,0,0,0,0,0,0,0,0,0,0,0,,,,,,,,,,,,,,,,,,,,,,,,,,,,,,,,,,,,,,,,,,,,,,,,,,,,,,,,,,,,,,,,,,,,,,,,,,,,,,,,,,,,,
2026-27,football,Conference of New England (CCC),ccc,University of New England,"Lowe,Dylan",Dylan,Lowe,,1255,"Lowe,Dylan","LOWE,DYLAN",University of New England,UNE,990-3027,4,0,95,95,0,0,DL,0,,,,,,,,,,,,,,,,,,,0,2,4,6,6,.5,.0,.0,0,1,1,0,0,0,0,1,0,0,0,0,0,0,0,1,,,,,,,,,,,,,,,,,,,,,,,,,,,,,,,,,,,,,,,,,,,,,,,,,,,,,,,,,,,,,,,,,,,,,,,,,,,,,,,,,,,,,
2026-27,football,Conference of New England (CCC),ccc,University of New England,"Weldon,Hunter",Hunter,Weldon,,1255,"Weldon,Hunter","WELDON,HUNTER",University of New England,UNE,990-2849,2,0,98,98,0,0,DL,0,,,,,,,,,,,,,,,,,,,0,1,0,1,1,1.0,.0,.0,1,0,1,1,1,0,1,0,0,0,0,0,0,0,0,0,,,,,,,,,,,,,,,,,,,,,,,,,,,,,,,,,,,,,,,,,,,,,,,,,,,,,,,,,,,,,,,,,,,,,,,,,,,,,,,,,,,,,
2026-27,football,Conference of New England (CCC),ccc,University of New England,Dante Howard,Dante,Howard,,1255,Dante Howard,"HOWARD,DANTE",University of New England,UNE,990-3188,3,0,12,12,0,0,0,0,,,,,,,,,,,,,,,,,,,0,0,0,0,0,.0,.0,.0,0,0,0,0,0,0,0,0,0,0,0,0,0,0,0,0,,,,,,,,,,,,,1,23,23,0,0,23,23.0,7.7,4,103,1,35,25.8,,,,,,,,0,1,0,0,0,0,0,0,0,6,6,2,,,,,,,,,,,,,,,,,,,,,,,,,,,,,,,,,,,,,,,,,
2026-27,football,Conference of New England (CCC),ccc,University of New England,Gavin Martin,Gavin,Martin,,1255,Gavin Martin,"MARTIN,GAVIN",University of New England,UNE,990-3190,1,0,16,16,0,0,0,0,,,,,,,,,,,,,,,,,,,,,,,,,,,,,,,,,,,,,,,,,,,,,,,,,,,,,,,1,3,3,0,0,3,3.0,3.0,,,,,,,,,,,,,,,,,,,,,,,,,,,,,,,0,0,0,0,0,0,1,0,.0,.00,.00,.0,1,22,22,0,0,0,0,0,22.0,,,,,,,,,,,,,,
2026-27,football,Conference of New England (CCC),ccc,University of New England,Jace Bisnov,Jace,Bisnov,,1255,Jace Bisnov,"BISNOV,JACE",University of New England,UNE,990-3337,0,0,21,21,0,0,0,0,,,,,,,,,,,,,,,,,,,,,,,,,,,,,,,,,,,,,,,,,,,,,,,,,,,,,,,,,,,,,,,,,,,,,,,,,,,,,,,,,,,,,,,,,,,,,,,,,,,,,,,,,,,,,,,,,,,,,,,,,,,,,,,
2026-27,football,Conference of New England (CCC),ccc,University of New England,Steven Rosario,Steven,Rosario,,1255,Steven Rosario,"ROSARIO,STEVEN",University of New England,UNE,990-3042,3,0,34,34,0,0,0,0,,,,,,,,,,,,,,,,,,,0,1,0,1,1,.0,.0,.0,0,0,0,0,0,0,0,0,0,0,0,0,1,0,0,0,,,,,,,,,,,,,,,,,,,,,,,,,,,,,,,,,,,,,,,,,,,,,,,,,,,,,,,,,,,,,,,,,,,,,,,,,,,,,,,,,,,,,
2026-27,football,Conference of New England (CCC),ccc,University of New England,Charlie Cornell,Charlie,Cornell,,1255,Charlie Cornell,"CORNELL,CHARLIE",University of New England,UNE,990-3342,2,0,39,39,0,0,0,0,,,,,,,,,,,,,,,,,,,,,,,,,,,,,,,,,,,,,,,,,,,,,,,,,,,,,,,,,,,,,,,,,,,,,,,,,,,,,,,,,,,,,,,,,,,,,,,,,,,,,,,,,,,,,,,,,,,,,,,,,,,,,,,
2026-27,football,Conference of New England (CCC),ccc,University of New England,Kyle Danson,Kyle,Danson,,1255,Kyle Danson,"DANSON,KYLE",University of New England,UNE,990-3344,3,0,44,44,0,0,0,0,,,,,,,,,,,,,,,,,,,0,2,3,5,5,.0,.0,.0,0,0,0,0,0,0,0,0,0,0,0,0,0,0,0,0,,,,,,,,,,,,,0,0,0,0,0,0,.0,.0,,,,,,,,,,,,,,,,,,,,,,,,,,,,,,,,,,,,,,,,,,,,,,,,,,,,,,,,,,,,,,,,,
2026-27,football,Conference of New England (CCC),ccc,University of New England,Nick Riker,Nick,Riker,,1255,Nick Riker,"RIKER,NICK",University of New England,UNE,990-2857,2,0,52,52,0,0,0,0,,,,,,,,,,,,,,,,,,,0,0,1,1,1,.0,.0,.0,0,0,0,0,0,0,0,0,0,0,0,0,0,0,0,0,,,,,,,,,,,,,,,,,,,,,,,,,,,,,,,,,,,,,,,,,,,,,,,,,,,,,,,,,,,,,,,,,,,,,,,,,,,,,,,,,,,,,
2026-27,football,Conference of New England (CCC),ccc,University of New England,Joseph Osanya,Joseph,Osanya,,1255,Joseph Osanya,"OSANYA,JOSEPH",University of New England,UNE,990-3370,3,0,59,59,0,0,0,0,,,,,,,,,,,,,,,,,,,0,4,1,5,5,.0,.0,.0,0,0,0,0,0,0,0,0,0,0,0,0,0,0,0,0,,,,,,,,,,,,,,,,,,,,,,,,,,,,,,,,,,,,,,,,,,,,,,,,,,,,,,,,,,,,,,,,,,,,,,,,,,,,,,,,,,,,,
2026-27,football,Conference of New England (CCC),ccc,University of New England,Gavin Sheehy,Gavin,Sheehy,,1255,Gavin Sheehy,"SHEEHY,GAVIN",University of New England,UNE,990-3375,0,0,67,67,0,0,0,0,,,,,,,,,,,,,,,,,,,0,0,0,0,0,.0,.0,.0,0,0,0,0,0,0,0,0,0,0,0,0,0,0,0,0,,,,,,,,,,,,,,,,,,,,,,,,,,,,,,,,,,,,,,,,,,,,,,,,,,,,,,,,,,,,,,,,,,,,,,,,,,,,,,,,,,,,,
2026-27,football,Conference of New England (CCC),ccc,University of New England,Casey Jordan,Casey,Jordan,,1255,Casey Jordan,"JORDAN,CASEY",University of New England,UNE,990-2834,1,0,81,81,0,0,0,0,,,,,,,,,,,,,,,,,,,,,,,,,,,,,,,,,,,,,,,,,,,,,,,,,,,,,,,,,,,,,,,,,,,,,,,,,,,,,,,,,,,,,,,,,,,,,,,,,,,,,,,,,,,,,,,,,,,,,,,,,,,,,,,
2026-27,football,Conference of New England (CCC),ccc,University of New England,Jacob Armstrong,Jacob,Armstrong,,1255,Jacob Armstrong,"ARMSTRONG,JACOB",University of New England,UNE,990-3212,1,0,89,89,0,0,0,0,,,,,,,,,,,,,,,,,,,,,,,,,,,,,,,,,,,,,,,,,,,,,,,,,,,,,,,,,,,,,,,,,,,,,,,,,,,,,,,,,,,,,,,,,,,,,,,,,,,,,,,,,,,,,,,,,,,,,,,,,,,,,,,
2026-27,football,Conference of New England (CCC),ccc,University of New England,Charles Cristoforo,Charles,Cristoforo,,1255,Charles Cristoforo,"CRISTOFORO,CHARLES",University of New England,UNE,990-2821,3,0,93,93,0,0,0,0,,,,,,,,,,,,,,,,,,,0,0,1,1,1,.0,.0,.0,0,0,0,0,0,0,0,0,0,0,0,0,0,0,0,0,,,,,,,,,,,,,,,,,,,,,,,,,,,,,,,,,,,,,,,,,,,,,,,,,,,,,,,,,,,,,,,,,,,,,,,,,,,,,,,,,,,,,
2026-27,football,Conference of New England (CCC),ccc,University of New England,Anton Sodervall,Anton,Sodervall,,1255,Anton Sodervall,"SODERVALL,ANTON",University of New England,UNE,990-3376,3,0,97,97,0,0,0,0,,,,,,,,,,,,,,,,,,,0,1,3,4,4,.0,.0,.0,0,0,0,0,0,0,0,0,0,0,0,0,0,0,0,0,,,,,,,,,,,,,,,,,,,,,,,,,,,,,,,,,,,,,,,,,,,,,,,,,,,,,,,,,,,,,,,,,,,,,,,,,,,,,,,,,,,,,
2026-27,football,Conference of New England (CCC),ccc,University of New England,Liam Overton,Liam,Overton,,1255,Liam Overton,"OVERTON,LIAM",University of New England,UNE,990-3199,2,0,87,87,0,0,0,0,,,,,,,,,,,,,,,,,,,0,0,1,1,1,.0,.0,.0,0,0,0,0,0,0,0,0,0,0,0,0,0,0,0,0,,,,,,,,,,,,,,,,,,,,,,,,,,,,,,,,,,,,,,,,,,,,,,,,,,,,,,,,,,,,,,,,,,,,,,,,,,,,,,,,,,,,,
2026-27,football,Conference of New England (CCC),ccc,University of New England,"Henderson,Mason",Mason,Henderson,,1255,"Henderson,Mason","HENDERSON,MASON",University of New England,UNE,990-3354,2,0,86,86,0,WR,0,0,,,,,,,,,,,,,,,,,,,0,0,1,1,1,.0,.0,.0,0,0,0,0,0,0,0,0,0,0,0,0,0,0,0,0,,,,,,,,,,,,,,,,,,,,,,,,,,,,,,,,,,,,,,,,,,,,,,,,,,,,,,,,,,,,,,,,,,,,,,,,,,,,,,,,,,,,,
2026-27,football,Conference of New England (CCC),ccc,University of New England,"Mastrioanni,Anthony",Anthony,Mastrioanni,,1255,"Mastrioanni,Anthony","MASTRIOANNI,ANTHONY",University of New England,UNE,990-3364,1,0,61,61,0,OL,0,0,,,,,,,,,,,,,,,,,,,,,,,,,,,,,,,,,,,,,,,,,,,,,,,,,,,,,,,,,,,,,,,,,,,,,,,,,,,,,,,,,,,,,,,,,,,,,,,,,,,,,,,,,,,,,,,,,,,,,,,,,,,,,,,
2026-27,football,Conference of New England (CCC),ccc,University of New England,"Black,C.J.",C.J.,Black,,1255,"Black,C.J.","BLACK,C.J.",University of New England,UNE,990-3338,1,0,96,96,0,0,DL,0,,,,,,,,,,,,,,,,,,,,,,,,,,,,,,,,,,,,,,,,,,,,,,,,,,,,,,,,,,,,,,,,,,,,,,,,,,,,,,,,,,,,,,,,,,,,,,,,,,,,,,,,,,,,,,,,,,,,,,,,,,,,,,,
2026-27,football,Conference of New England (CCC),ccc,University of New England,"Matteodo,Dominic",Dominic,Matteodo,,1255,"Matteodo,Dominic","MATTEODO,DOMINIC",University of New England,UNE,0,1,0,18,18,0,0,DB,0,,,,,,,,,,,,,,,,,,,,,,,,,,,,,,,,,,,,,,,,,,,,,,,,,,,,,,,,,,,,,,,,,,,,,,,,,,,,,,,,,,,,,,,,,,,,,,,,,,,,,,,,,,,,,,,,,,,,,,,,,,,,,,,
2026-27,football,Conference of New England (CCC),ccc,University of New England,"Zipper,Jaden",Jaden,Zipper,,1255,"Zipper,Jaden","ZIPPER,JADEN",University of New England,UNE,0,1,0,47,47,0,0,0,0,,,,,,,3,3,0,0,0,0,0,0,0,0,0,0,0,0,0,0,0,.0,.0,.0,0,0,0,0,0,0,0,0,0,0,0,0,0,0,0,0,,,,,,,,,,,,,,,,,,,,,,,,,,,,,,,,,3,0,0,0,0,0,0,0,0,3,3,3,,,,,,,,,,,,,,,,,,,,,,,,,,,,,,,,,0,0,0,0,.0,,,,
2026-27,football,Conference of New England (CCC),ccc,University of New England,"MacKinnon,Stephen",Stephen,MacKinnon,,1255,"MacKinnon,Stephen","MACKINNON,STEPHEN",University of New England,UNE,0,1,0,50,50,0,0,LB,0,,,,,,,,,,,,,,,,,,,,,,,,,,,,,,,,,,,,,,,,,,,,,,,,,,,,,,,,,,,,,,,,,,,,,,,,,,,,,,,,,,,,,,,,,,,,,,,,,,,,,,,,,,,,,,,,,,,,,,,,,,,,,,,
2026-27,football,Conference of New England (CCC),ccc,University of New England,"Bachia,Bryce",Bryce,Bachia,,1255,"Bachia,Bryce","BACHIA,BRYCE",University of New England,UNE,0,1,0,63,63,0,OL,0,0,,,,,,,,,,,,,,,,,,,,,,,,,,,,,,,,,,,,,,,,,,,,,,,,,,,,,,,,,,,,,,,,,,,,,,,,,,,,,,,,,,,,,,,,,,,,,,,,,,,,,,,,,,,,,,,,,,,,,,,,,,,,,,,
2026-27,football,Conference of New England (CCC),ccc,University of New England,"Wolfertz,Josh",Josh,Wolfertz,,1255,"Wolfertz,Josh","WOLFERTZ,JOSH",University of New England,UNE,0,1,0,66,66,0,OL,0,0,,,,,,,,,,,,,,,,,,,,,,,,,,,,,,,,,,,,,,,,,,,,,,,,,,,,,,,,,,,,,,,,,,,,,,,,,,,,,,,,,,,,,,,,,,,,,,,,,,,,,,,,,,,,,,,,,,,,,,,,,,,,,,,
2026-27,football,Conference of New England (CCC),ccc,University of New England,"Hinton,Eli",Eli,Hinton,,1255,"Hinton,Eli","HINTON,ELI",University of New England,UNE,0,1,0,76,76,0,OL,0,0,,,,,,,,,,,,,,,,,,,,,,,,,,,,,,,,,,,,,,,,,,,,,,,,,,,,,,,,,,,,,,,,,,,,,,,,,,,,,,,,,,,,,,,,,,,,,,,,,,,,,,,,,,,,,,,,,,,,,,,,,,,,,,,
2026-27,football,Conference of New England (CCC),ccc,Nichols College,"Abney,Marcus",Marcus,Abney,,484,"Abney,Marcus","ABNEY,MARCUS",Nichols College,NIC,695-4898,3,3,98,98,0,0,DL,0,,,,,,,,,,,,,,,,,,,0,4,6,10,10,1.0,.0,.0,1,0,1,0,0,0,0,0,0,0,0,0,0,0,0,0,,,,,,,,,,,,,,,,,,,,,,,,,,,,,,,,,,,,,,,,,,,,,,,,,,,,,,,,,,,,,,,,,,,,,,,,,,,,,,,,,,,,,
2026-27,football,Conference of New England (CCC),ccc,Nichols College,"Aguirre,Derek",Derek,Aguirre,,484,"Aguirre,Derek","AGUIRRE,DEREK",Nichols College,NIC,695-5180,3,0,50,50,0,0,LB,0,,,,,,,,,,,,,,,,,,,0,3,5,8,8,.0,.0,.0,0,0,0,0,0,0,0,0,0,0,0,0,0,0,0,0,,,,,,,,,,,,,,,,,,,,,,,,,,,,,,,,,,,,,,,,,,,,,,,,,,,,,,,,,,,,,,,,,,,,,,,,,,,,,,,,,,,,,
2026-27,football,Conference of New England (CCC),ccc,Nichols College,"Allen,Joseph",Joseph,Allen,,484,"Allen,Joseph","ALLEN,JOSEPH",Nichols College,NIC,695-5146,2,0,21,21,0,RB,0,0,,,,,,,,,,,,,,,,,,,0,4,0,4,4,.0,.0,.0,0,0,0,0,0,0,0,0,0,0,0,0,0,0,0,0,,,,,,,,,,,,,10,3,19,16,0,5,.3,1.5,1,18,0,18,18.0,,,,,,,,,,,,,,,,,,,,,,,,,,,,,,,,,,,,,,,,,,,,,,,,,,,,,,,,,,,,
2026-27,football,Conference of New England (CCC),ccc,Nichols College,"Alvia,Aiden",Aiden,Alvia,,484,"Alvia,Aiden","ALVIA,AIDEN",Nichols College,NIC,695-5147,2,0,58,58,0,0,LB,0,,,,,,,,,,,,,,,,,,,0,1,0,1,1,.0,.0,.0,0,0,0,0,0,0,0,0,0,0,0,0,0,0,0,0,,,,,,,,,,,,,,,,,,,,,,,,,,,,,,,,,,,,,,,,,,,,,,,,,,,,,,,,,,,,,,,,,,,,,,,,,,,,,,,,,,,,,
2026-27,football,Conference of New England (CCC),ccc,Nichols College,"Aylward,Braydon",Braydon,Aylward,,484,"Aylward,Braydon","AYLWARD,BRAYDON",Nichols College,NIC,695-4582,4,0,32,32,0,0,DB,0,,,,,,,,,,,,,,,,,,,0,1,3,4,4,.0,.0,.0,0,0,0,0,0,0,0,1,0,0,0,0,0,0,0,1,,,,,,,,,,,,,,,,,,,,,,,,,,,,,,,,,,,,,,,,,,,,,,,,,,,,,,,,,,,,,,,,,,,,,,,,,,,,,,,,,,,,,
2026-27,football,Conference of New England (CCC),ccc,Nichols College,"Beebe,Jack",Jack,Beebe,,484,"Beebe,Jack","BEEBE,JACK",Nichols College,NIC,695-4899,3,0,41,41,0,0,LB,0,,,,,,,,,,,,,,,,,,,0,5,4,9,9,2.0,.0,.0,1,2,14,1,1,0,11,0,1,0,0,0,0,0,0,0,,,,,,,,,,,,,,,,,,,,,,,,,,,,,,,,,,,,,,,,,,,,,,,,,,,,,,,,,,,,,,,,,,,,,,,,,,,,,,,,,,,,,
2026-27,football,Conference of New England (CCC),ccc,Nichols College,"Bolton,Ja'Tavien",Ja'Tavien,Bolton,,484,"Bolton,Ja'Tavien","BOLTON,JA'TAVIEN",Nichols College,NIC,695-4584,3,3,4,4A,0,0,DB,0,,,,,,,,,,,,,,,,,,,0,3,5,8,8,.0,.0,.0,0,0,0,0,0,0,0,1,0,0,0,0,0,0,0,1,,,,,,,,,,,,,,,,,,,,,,,,,,,,,,,,,,,,,,,,,,,,,,,,,,,,,,,,,,,,,,,,,,,,,,,,,,,,,,,,,,,,,
2026-27,football,Conference of New England (CCC),ccc,Nichols College,"Bresnahan,JT",JT,Bresnahan,,484,"Bresnahan,JT","BRESNAHAN,JT",Nichols College,NIC,695-4903,3,3,2,2A,0,0,LB,0,,,,,,,,,,,,,,,,,,,0,3,3,6,6,.5,.0,.0,0,1,1,0,0,0,0,0,0,0,0,0,0,0,0,0,,,,,,,,,,,,,,,,,,,,,,,,,,,,,,,,,,,,,,,,,,,,,,,,,,,,,,,,,,,,,,,,,,,,,,,,,,,,,,,,,,,,,
2026-27,football,Conference of New England (CCC),ccc,Nichols College,"Burgess,Skyler",Skyler,Burgess,,484,"Burgess,Skyler","BURGESS,SKYLER",Nichols College,NIC,695-5190,4,1,1,1,0,WR,0,0,,,,,,,,,,,,,,,,,,,0,2,0,2,2,.0,.0,.0,0,0,0,0,0,0,0,0,0,0,0,0,0,0,0,0,,,,,,,,,,,,,,,,,,,,,7,119,2,55,17.0,14,262,0,30,18.7,,,0,2,0,0,0,0,0,0,0,12,12,3,,,,,,,,,,,,,,,,,,,,,,,,,,,,,,,,,,,,,,,,,
2026-27,football,Conference of New England (CCC),ccc,Nichols College,"Clark,Carson",Carson,Clark,,484,"Clark,Carson","CLARK,CARSON",Nichols College,NIC,695-4904,2,2,44,44,0,RB,0,0,,,,,,,,,,,,,,,,,,,,,,,,,,,,,,,,,,,,,,,,,,,,,,,,,,,,,,,4,35,35,0,0,28,8.8,17.5,1,7,0,7,7.0,,,,,,,,,,,,,,,,,,,,,,,,,,,,,,,,,,,,,,,,,,,,,,,,,,,,,,,,,,,,
2026-27,football,Conference of New England (CCC),ccc,Nichols College,"Cook,Nate",Nate,Cook,,484,"Cook,Nate","COOK,NATE",Nichols College,NIC,695-5194,4,4,28,28,0,0,LB,0,,,,,,,,,,,,,,,,,,,0,5,6,11,11,1.0,.0,.0,1,0,1,1,1,0,1,0,0,0,0,0,0,0,0,0,,,,,,,,,,,,,,,,,,,,,,,,,,,,,,,,,,,,,,,,,,,,,,,,,,,,,,,,,,,,,,,,,,,,,,,,,,,,,,,,,,,,,
2026-27,football,Conference of New England (CCC),ccc,Nichols College,"Davis,Mason",Mason,Davis,,484,"Davis,Mason","DAVIS,MASON",Nichols College,NIC,695-5197,4,0,2,2,0,WR,0,0,,,,,,,,,,,,,,,,,,,0,1,0,1,1,.0,.0,.0,0,0,0,0,0,0,0,0,0,0,0,0,0,0,0,0,,,,,,,,,,,,,15,31,39,8,0,9,2.1,7.8,4,17,0,8,4.3,,,,,,,,,,,,,,,,,,,,,,,,,,,,,,,,,,,,,,,,,,,,,,,,,,,,,,,,,,,,
2026-27,football,Conference of New England (CCC),ccc,Nichols College,"Delgado Morales,Johniel",Johniel,Delgado Morales,,484,"Delgado Morales,Johniel","DELGADO MORALES,JOHNIEL",Nichols College,NIC,695-5199,1,0,42,42,0,0,DB,0,,,,,,,,,,,,,,,,,,,0,0,1,1,1,.0,.0,.0,0,0,0,0,0,0,0,0,0,0,0,0,0,0,0,0,,,,,,,,,,,,,,,,,,,,,,,,,,,,,,,,,,,,,,,,,,,,,,,,,,,,,,,,,,,,,,,,,,,,,,,,,,,,,,,,,,,,,
2026-27,football,Conference of New England (CCC),ccc,Nichols College,"DeMartino,Charles",Charles,DeMartino,,484,"DeMartino,Charles","DEMARTINO,CHARLES",Nichols College,NIC,695-5201,3,3,7,7A,0,0,LB,0,,,,,,,,,,,,,,,,,,,0,13,11,24,24,4.0,.0,.0,3,2,24,1.5,1,1,20,1,0,0,0,0,0,0,0,1,,,,,,,,,,,,,,,,,,,,,,,,,,,,,,,,,,,,,,,,,,,,,,,,,,,,,,,,,,,,,,,,,,,,,,,,,,,,,,,,,,,,,
2026-27,football,Conference of New England (CCC),ccc,Nichols College,"Farnese,Adrian",Adrian,Farnese,,484,"Farnese,Adrian","FARNESE,ADRIAN",Nichols College,NIC,695-4911,3,0,12,1C,0,0,DB,0,,,,,,,,,,,,,,,,,,,0,2,2,4,4,.0,.0,.0,0,0,0,0,0,0,0,0,0,0,0,0,0,0,0,0,,,,,,,,,,,,,,,,,,,,,,,,,,,,,,,,,,,,,,,,,,,,,,,,,,,,,,,,,,,,,,,,,,,,,,,,,,,,,,,,,,,,,
2026-27,football,Conference of New England (CCC),ccc,Nichols College,"Ferrara,Jonathan",Jonathan,Ferrara,,484,"Ferrara,Jonathan","FERRARA,JONATHAN",Nichols College,NIC,695-4339,4,4,6,6,0,0,DB,0,,,,,,,,,,,,,,,,,,,0,20,8,28,28,.0,.0,.0,0,0,0,0,0,0,0,3,0,0,0,0,1,0,0,3,,,,,,,,,,,,,,,,,,,,,,,,,,,,,,,0,0,,,,,,,,,,,,,,,,,,,,,,,,,,,,,,,,,,,,,,,,,,,,,,,,,,,,,
2026-27,football,Conference of New England (CCC),ccc,Nichols College,"Fiorito,Matt",Matt,Fiorito,,484,"Fiorito,Matt","FIORITO,MATT",Nichols College,NIC,695-5207,3,0,93,93,0,0,DL,0,,,,,,,,,,,,,,,,,,,0,4,4,8,8,1.0,.0,.0,1,0,3,0,0,0,0,0,0,0,0,0,0,0,0,0,,,,,,,,,,,,,,,,,,,,,,,,,,,,,,,,,,,,,,,,,,,,,,,,,,,,,,,,,,,,,,,,,,,,,,,,,,,,,,,,,,,,,
2026-27,football,Conference of New England (CCC),ccc,Nichols College,"Foynes,Nick",Nick,Foynes,,484,"Foynes,Nick","FOYNES,NICK",Nichols College,NIC,695-4636,4,0,56,56,0,0,0,0,,,,,,,,,,,,,,,,,,,,,,,,,,,,,,,,,,,,,,,,,,,,,,,,,,,,,,,,,,,,,,,,,,,,,,,,,,,,,,,,,,,,,,,,,,,,,,,,,,,,,,,,,22,817,58,0,0,5,1,4,37.1,,,,,,,,,,,,,,
2026-27,football,Conference of New England (CCC),ccc,Nichols College,"Gates,Clark",Clark,Gates,,484,"Gates,Clark","GATES,CLARK",Nichols College,NIC,695-4637,1,0,17,1E,0,0,DB,0,,,,,,,,,,,,,,,,,,,0,0,1,1,1,.0,.0,.0,0,0,0,0,0,0,0,0,0,0,0,0,0,0,0,0,,,,,,,,,,,,,,,,,,,,,,,,,,,,,,,,,,,,,,,,,,,,,,,,,,,,,,,,,,,,,,,,,,,,,,,,,,,,,,,,,,,,,
2026-27,football,Conference of New England (CCC),ccc,Nichols College,"Gincastro,Noah",Noah,Gincastro,,484,"Gincastro,Noah","GINCASTRO,NOAH",Nichols College,NIC,695-4947,4,4,11,11,0,WR,0,0,,,,,,,,,,,,,,,,,,,0,0,1,1,1,.0,.0,.0,0,0,0,0,0,0,0,0,0,0,0,0,0,0,0,0,,,,,,,,,,,,,,,,,,,,,10,191,1,72,19.1,1,27,0,27,27.0,,,0,1,0,0,0,2,0,0,0,10,10,2.5,,,,,,,,,,,,,,,,,,,,,,,,,,,,,,,,,,,,,,,,,
2026-27,football,Conference of New England (CCC),ccc,Nichols College,"Gurley,Michael",Michael,Gurley,,484,"Gurley,Michael","GURLEY,MICHAEL",Nichols College,NIC,695-4914,3,2,3,3A,0,0,DB,0,,,,,,,,,,,,,,,,,,,0,1,2,3,3,.0,.0,.0,0,0,0,0,0,0,0,0,0,0,0,0,0,0,0,0,,,,,,,,,,,,,,,,,,,,,,,,,,,,,,,,,,,,,,,,,,,,,,,,,,,,,,,,,,,,,,,,,,,,,,,,,,,,,,,,,,,,,
2026-27,football,Conference of New England (CCC),ccc,Nichols College,"Hally,Keevan",Keevan,Hally,,484,"Hally,Keevan","HALLY,KEEVAN",Nichols College,NIC,695-4600,2,0,29,29,0,0,DB,0,,,,,,,,,,,,,,,,,,,,,,,,,,,,,,,,,,,,,,,,,,,,,,,,,,,,,,,,,,,,,,,,,,,,,,,,,,,,,,,,,,,,,,,,,,,,,,,,,,,,,,,,,,,,,,,,,,,,,,,,,,,,,,,
2026-27,football,Conference of New England (CCC),ccc,Nichols College,"Harris,Darrell",Darrell,Harris,,484,"Harris,Darrell","HARRIS,DARRELL",Nichols College,NIC,695-5212,3,0,11,1B,0,0,LB,0,,,,,,,,,,,,,,,,,,,0,0,3,3,3,.0,.0,.0,0,0,0,0,0,0,0,0,0,0,0,0,0,0,0,0,,,,,,,,,,,,,,,,,,,,,,,,,,,,,,,,,,,,,,,,,,,,,,,,,,,,,,,,,,,,,,,,,,,,,,,,,,,,,,,,,,,,,
2026-27,football,Conference of New England (CCC),ccc,Nichols College,"Hooper,Bailey",Bailey,Hooper,,484,"Hooper,Bailey","HOOPER,BAILEY",Nichols College,NIC,695-4347,4,4,61,61,0,OL,0,0,,,,,,,,,,,,,,,,,,,0,1,0,1,1,.0,.0,.0,0,0,0,0,0,0,0,0,0,0,0,0,0,0,0,0,,,,,,,,,,,,,0,0,0,0,0,0,.0,.0,,,,,,,,,,,,,,,,,,,,,,,,,,,,,,,,,,,,,,,,,,,,,,,,,,,,,,,,,,,,,,,,,
2026-27,football,Conference of New England (CCC),ccc,Nichols College,"Jennings,Andrew",Andrew,Jennings,,484,"Jennings,Andrew","JENNINGS,ANDREW",Nichols College,NIC,695-4917,3,2,64,64,0,OL,0,0,,,,,,,,,,,,,,,,,,,,,,,,,,,,,,,,,,,,,,,,,,,,,,,,,,,,,,,,,,,,,,,,,,,,,,,,,,,,,,,,,,,,,,,,,,,,,,,,,,,,,,,,,,,,,,,,,,,,,,,,,,,,,,,
2026-27,football,Conference of New England (CCC),ccc,Nichols College,"Jones,Kelan",Kelan,Jones,,484,"Jones,Kelan","JONES,KELAN",Nichols College,NIC,695-4918,4,0,9,9,0,WR,0,0,,,,,,,,,,,,,,,,,,,0,2,0,2,2,.0,.0,.0,0,0,0,0,0,0,0,0,0,0,0,0,0,0,0,0,,,,,,,,,,,,,,,,,,,,,1,5,0,5,5.0,,,,,,,,,,,,,,,,,,,,,,,,,,,,,,,,,,,,,,,,,,,,,,,,,,,,,,,,,,,,
2026-27,football,Conference of New England (CCC),ccc,Nichols College,"Kehoe,Caden",Caden,Kehoe,,484,"Kehoe,Caden","KEHOE,CADEN",Nichols College,NIC,695-4604,3,0,5,5A,0,0,LB,0,,,,,,,,,,,,,,,,,,,0,3,8,11,11,1.0,.0,.0,1,0,3,0,0,0,0,0,0,0,0,0,0,0,0,0,,,,,,,,,,,,,,,,,,,,,,,,,,,,,,,,,,,,,,,,,,,,,,,,,,,,,,,,,,,,,,,,,,,,,,,,,,,,,,,,,,,,,
2026-27,football,Conference of New England (CCC),ccc,Nichols College,"Kesell,Dominic",Dominic,Kesell,,484,"Kesell,Dominic","KESELL,DOMINIC",Nichols College,NIC,695-4350,3,3,1,1A,0,0,DL,0,,,,,,,,,,,,,,,,,,,0,4,5,9,9,.0,.0,.0,0,0,0,0,0,0,0,0,0,0,0,0,0,0,0,0,,,,,,,,,,,,,,,,,,,,,,,,,,,,,,,,,,,,,,,,,,,,,,,,,,,,,,,,,,,,,,,,,,,,,,,,,,,,,,,,,,,,,
2026-27,football,Conference of New England (CCC),ccc,Nichols College,"LaGuardia,Ethan",Ethan,LaGuardia,,484,"LaGuardia,Ethan","LAGUARDIA,ETHAN",Nichols College,NIC,695-4920,3,1,5,5,0,WR,0,0,,,,,,,,,,,,,,,,,,,0,0,1,1,1,.5,.0,.0,0,1,2,0,0,0,0,0,0,0,0,0,0,0,0,0,,,,,,,,,,,,,1,5,5,0,0,5,5.0,1.7,7,136,1,65,19.4,,,,,,,,0,1,0,0,0,0,0,0,0,6,6,2,,,,,,,,,,,,,,,,,,,,,,,,,,,,,,,,,,,,,,,,,
2026-27,football,Conference of New England (CCC),ccc,Nichols College,"Lato,Brett",Brett,Lato,,484,"Lato,Brett","LATO,BRETT",Nichols College,NIC,695-5217,4,0,87,87,0,TE,0,0,,,,,,,,,,,,,,,,,,,0,0,0,0,0,.0,.0,.0,0,0,0,0,0,0,0,0,0,0,0,0,0,0,0,0,,,,,,,,,,,,,,,,,,,,,9,96,2,20,10.7,,,,,,,,0,2,0,0,0,0,0,0,0,12,12,3,,,,,,,,,,,,,,,,,,,,,,,,,,,,,,,,,,,,,,,,,
2026-27,football,Conference of New England (CCC),ccc,Nichols College,"Lopez,Ryan",Ryan,Lopez,,484,"Lopez,Ryan","LOPEZ,RYAN",Nichols College,NIC,695-5218,4,0,53,53,0,0,LB,0,,,,,,,,,,,,,,,,,,,0,2,0,2,2,1.0,.0,.0,1,0,0,1,1,0,0,0,0,0,0,0,0,0,0,0,,,,,,,,,,,,,,,,,,,,,,,,,,,,,,,,,,,,,,,,,,,,,,,,,,,,,,,,,,,,,,,,,,,,,,,,,,,,,,,,,,,,,
2026-27,football,Conference of New England (CCC),ccc,Nichols College,"Lumpkin,Zay",Zay,Lumpkin,,484,"Lumpkin,Zay","LUMPKIN,ZAY",Nichols College,NIC,695-5219,3,3,21,2B,0,0,DB,0,,,,,,,,,,,,,,,,,,,0,6,5,11,11,.0,.0,.0,0,0,0,0,0,0,0,1,0,0,0,0,0,0,0,1,,,,,,,,,,,,,,,,,,,,,,,,,,,,,,,,,,,,,,,,,,,,,,,,,,,,,,,,,,,,,,,,,,,,,,,,,,,,,,,,,,,,,
2026-27,football,Conference of New England (CCC),ccc,Nichols College,"McCarron,Jace",Jace,McCarron,,484,"McCarron,Jace","MCCARRON,JACE",Nichols College,NIC,695-5221,4,0,27,27,0,0,0,0,,,,,,,10,7,0,0,0,0,0,0,0,0,0,0,0,3,0,3,3,.0,.0,.0,0,0,0,0,0,0,0,0,0,0,0,0,0,0,0,0,,,,,,,,,,,,,,,,,,,,,,,,,,,,,,,,,7,0,1,0,0,0,0,0,0,10,10,2.5,,,,,,,,,,,,,,,,,,,,,,,,,,,,18,1065,3,1,59.2,1,1,33,0,100.0,,,,
2026-27,football,Conference of New England (CCC),ccc,Nichols College,"McGee,Teyshon",Teyshon,McGee,,484,"McGee,Teyshon","MCGEE,TEYSHON",Nichols College,NIC,695-4641,4,4,4,4,0,TE,0,0,,,,,,,,,,,,,,,,,,,0,2,0,2,2,.0,.0,.0,0,0,0,0,0,0,0,0,0,0,0,0,0,0,0,0,,,,,,,,,,,,,10,61,61,0,1,16,6.1,15.3,2,10,0,9,5.0,,,,,,1,0,0,1,0,0,0,0,0,0,0,6,6,1.5,,,,,,,,,,,,,,,,,,,,,,,,,,,,,,,,,,,,,,,,,
2026-27,football,Conference of New England (CCC),ccc,Nichols College,"Migliaccio,Will",Will,Migliaccio,,484,"Migliaccio,Will","MIGLIACCIO,WILL",Nichols College,NIC,695-4613,4,4,10,10,0,QB,0,0,,,,,,,0,0,0,0,3,3,2,2,0,0,0,0,0,0,0,0,0,.0,.0,.0,0,0,0,0,0,0,0,0,0,0,0,0,0,0,0,0,,,,,,,,,,,,,20,-37,29,66,2,9,-1.9,-9.3,,,,,,,,,,,,,0,2,0,0,0,0,0,0,0,12,12,3,,,,,,,63,10,99,8,945,2,104,64,159.4,9.09,14.77,236.3,,,,,,,,,,,,,,,,,,,,,,,
2026-27,football,Conference of New England (CCC),ccc,Nichols College,"Murphy,Justyn",Justyn,Murphy,,484,"Murphy,Justyn","MURPHY,JUSTYN",Nichols College,NIC,695-4615,4,4,3,3,0,WR,0,0,,,,,,,,,,,,,,,,,,,0,2,0,2,2,.0,.0,.0,0,0,0,0,0,0,0,0,0,0,0,0,0,0,0,0,,,,,,,,,,,,,,,,,,,,,8,96,0,50,12.0,,,,,,,,,,,,,,,,,,,,,,,,,,,,,,,,,,,,,,,,,,,,,,,,,,,,,,,,,,,,
2026-27,football,Conference of New England (CCC),ccc,Nichols College,"Nash,Evan",Evan,Nash,,484,"Nash,Evan","NASH,EVAN",Nichols College,NIC,695-4924,3,0,65,65,0,OL,0,0,,,,,,,,,,,,,,,,,,,0,1,2,3,3,1.0,.0,.0,1,0,3,0,0,0,0,0,0,0,0,0,0,0,0,0,,,,,,,,,,,,,,,,,,,,,,,,,,,,,,,,,,,,,,,,,,,,,,,,,,,,,,,,,,,,,,,,,,,,,,,,,,,,,,,,,,,,,
2026-27,football,Conference of New England (CCC),ccc,Nichols College,"Navedo,Ricardo",Ricardo,Navedo,,484,"Navedo,Ricardo","NAVEDO,RICARDO",Nichols College,NIC,695-4925,4,1,20,20,0,RB,0,0,,,,,,,,,,,,,,,,,,,0,0,0,0,0,.0,.0,.0,0,0,0,0,0,0,0,0,0,0,0,0,0,0,0,0,,,,,,,,,,,,,63,245,259,14,2,19,3.9,61.3,5,24,0,18,4.8,,,,,,1,1,0,2,0,0,0,0,0,0,0,12,12,3,,,,,,,,,,,,,,,,,,,,,,,,,,,,,,,,,,,,,,,,,
2026-27,football,Conference of New England (CCC),ccc,Nichols College,"O'Neill,Aidan",Aidan,O'Neill,,484,"O'Neill,Aidan","O'NEILL,AIDAN",Nichols College,NIC,695-4386,3,3,66,66,0,OL,0,0,,,,,,,,,,,,,,,,,,,,,,,,,,,,,,,,,,,,,,,,,,,,,,,,,,,,,,,,,,,,,,,,,,,,,,,,,,,,,,,,,,,,,,,,,,,,,,,,,,,,,,,,,,,,,,,,,,,,,,,,,,,,,,,
2026-27,football,Conference of New England (CCC),ccc,Nichols College,"Orvil,Mike",Mike,Orvil,,484,"Orvil,Mike","ORVIL,MIKE",Nichols College,NIC,695-4618,4,0,8,8,0,0,DB,0,,,,,,,,,,,,,,,,,,,0,9,7,16,16,.0,.0,.0,0,0,0,0,0,0,0,0,0,0,0,0,0,0,0,0,,,,,,,,,,,,,,,,,,,,,,,,,,1,17,0,17,17.0,,,,,,,,,,,,,,,,,,,,,,,,,,,,,,,,,,,,,,,,,,,,,,,,,,,,,,,
2026-27,football,Conference of New England (CCC),ccc,Nichols College,"Pettit,Collin",Collin,Pettit,,484,"Pettit,Collin","PETTIT,COLLIN",Nichols College,NIC,695-5226,3,3,76,76,0,OL,0,0,,,,,,,,,,,,,,,,,,,,,,,,,,,,,,,,,,,,,,,,,,,,,,,,,,,,,,,,,,,,,,,,,,,,,,,,,,,,,,,,,,,,,,,,,,,,,,,,,,,,,,,,,,,,,,,,,,,,,,,,,,,,,,,
2026-27,football,Conference of New England (CCC),ccc,Nichols College,"Pickering,Kyle",Kyle,Pickering,,484,"Pickering,Kyle","PICKERING,KYLE",Nichols College,NIC,695-5227,4,3,7,7,0,WR,0,0,,,,,,,,,,,,,,,,,,,0,2,0,2,2,.0,.0,.0,0,0,0,0,0,0,0,0,0,0,0,0,0,0,0,0,,,,,,,,,,,,,,,,,,,,,3,70,1,43,23.3,,,,,,,,0,1,0,0,0,0,0,0,0,6,6,1.5,,,,,,,,,,,,,,,,,,,,,,,,,,,,,,,,,,,,,,,,,
2026-27,football,Conference of New England (CCC),ccc,Nichols College,"Prum,Ethan",Ethan,Prum,,484,"Prum,Ethan","PRUM,ETHAN",Nichols College,NIC,695-5229,4,0,33,33,0,0,DB,0,,,,,,,,,,,,,,,,,,,0,2,2,4,4,.0,.0,.0,0,0,0,0,0,0,0,0,0,0,0,0,0,0,0,0,,,,,,,,,,,,,,,,,,,,,,,,,,,,,,,,,,,,,,,,,,,,,,,,,,,,,,,,,,,,,,,,,,,,,,,,,,,,,,,,,,,,,
2026-27,football,Conference of New England (CCC),ccc,Nichols College,"Puello,Miguel",Miguel,Puello,,484,"Puello,Miguel","PUELLO,MIGUEL",Nichols College,NIC,695-5230,4,0,95,95,0,0,DL,0,,,,,,,,,,,,,,,,,,,0,3,4,7,7,.5,.0,.0,0,1,1,0,0,0,0,0,0,0,0,0,1,0,0,0,,,,,,,,,,,,,,,,,,,,,,,,,,,,,,,,,,,,,,,,,,,,,,,,,,,,,,,,,,,,,,,,,,,,,,,,,,,,,,,,,,,,,
2026-27,football,Conference of New England (CCC),ccc,Nichols College,"Roberts,Noah",Noah,Roberts,,484,"Roberts,Noah","ROBERTS,NOAH",Nichols College,NIC,695-5233,4,1,25,25,0,0,DB,0,,,,,,,,,,,,,,,,,,,0,17,5,22,22,.5,.0,.0,0,1,1,0,0,0,0,1,0,0,0,0,0,0,1,2,,,1,0,0,0,.0,,,,,,,,,,,,,,,,,,,,,,,,,,,,,,,,,,,,,,,,,,,,,,,,,,,,,,,,,,,,,,,,,,,,,,,,,,,,,,
2026-27,football,Conference of New England (CCC),ccc,Nichols College,"Rusczyk,Ben",Ben,Rusczyk,,484,"Rusczyk,Ben","RUSCZYK,BEN",Nichols College,NIC,695-4623,3,3,70,70,0,OL,0,0,,,,,,,,,,,,,,,,,,,,,,,,,,,,,,,,,,,,,,,,,,,,,,,,,,,,,,,,,,,,,,,,,,,,,,,,,,,,,,,,,,,,,,,,,,,,,,,,,,,,,,,,,,,,,,,,,,,,,,,,,,,,,,,
2026-27,football,Conference of New England (CCC),ccc,Nichols College,"Samuel,AJ",AJ,Samuel,,484,"Samuel,AJ","SAMUEL,AJ",Nichols College,NIC,695-4364,4,4,99,99,0,0,DL,0,,,,,,,,,,,,,,,,,,,0,5,9,14,14,1.0,.0,.0,1,0,2,0,0,0,0,0,0,0,0,0,0,0,0,0,,,,,,,,,,,,,,,,,,,,,,,,,,,,,,,,,,,,,,,,,,,,,,,,,,,,,,,,,,,,,,,,,,,,,,,,,,,,,,,,,,,,,
2026-27,football,Conference of New England (CCC),ccc,Nichols College,"Shorter,Anthony",Anthony,Shorter,,484,"Shorter,Anthony","SHORTER,ANTHONY",Nichols College,NIC,695-4626,3,3,13,1D,0,0,LB,0,,,,,,,,,,,,,,,,,,,0,10,6,16,16,3.0,.0,.0,2,2,24,1.5,1,1,19,1,0,0,0,0,0,0,0,1,,,,,,,,,,,,,,,,,,,,,,,,,,,,,,,,,,,,,,,,,,,,,,,,,,,,,,,,,,,,,,,,,,,,,,,,,,,,,,,,,,,,,
2026-27,football,Conference of New England (CCC),ccc,Nichols College,"Talley,Kahlil",Kahlil,Talley,,484,"Talley,Kahlil","TALLEY,KAHLIL",Nichols College,NIC,695-5240,4,0,82,82,0,WR,0,0,,,,,,,0,0,0,0,0,0,1,1,0,0,0,0,0,0,1,1,1,.0,.0,.0,0,0,0,0,0,0,0,0,0,0,0,0,1,0,0,0,,,,,,,,,,,,,,,,,,,,,6,156,1,99,26.0,,,,,,0,0,0,1,0,0,0,1,0,0,0,8,8,2,,,,,,,,,,,,,,,,,,,,,,,,,,,,,,,,,,,,,,,,,
2026-27,football,Conference of New England (CCC),ccc,Nichols College,"Voss,Damien",Damien,Voss,,484,"Voss,Damien","VOSS,DAMIEN",Nichols College,NIC,695-4934,2,0,55,55,0,OL,0,0,,,,,,,,,,,,,,,,,,,,,,,,,,,,,,,,,,,,,,,,,,,,,,,,,,,,,,,,,,,,,,,,,,,,,,,,,,,,,,,,,,,,,,,,,,,,,,,,,,,,,,,,,,,,,,,,,,,,,,,,,,,,,,,
2026-27,football,Conference of New England (CCC),ccc,Nichols College,"Zivojinovic,Jacob",Jacob,Zivojinovic,,484,"Zivojinovic,Jacob","ZIVOJINOVIC,JACOB",Nichols College,NIC,695-5247,3,0,48,48,0,0,DL,0,,,,,,,,,,,,,,,,,,,,,,,,,,,,,,,,,,,,,,,,,,,,,,,,,,,,,,,,,,,,,,,,,,,,,,,,,,,,,,,,,,,,,,,,,,,,,,,,,,,,,,,,,,,,,,,,,,,,,,,,,,,,,,,
2026-27,football,Conference of New England (CCC),ccc,Nichols College,Faria Samuel bryan,Faria Samuel,bryan,,484,Faria Samuel bryan,"FARIA,SAMUEL B",Nichols College,NIC,695-5205,2,0,13,13,0,0,0,0,,,,,,,,,,,,,,,,,,,0,3,0,3,3,1.0,.0,.0,1,0,6,0,0,0,0,0,1,0,0,0,0,0,0,0,,,,,,,,,,,,,,,,,,,,,,,,,,,,,,,,,,,,,,,,,,,,,,,,,,,,,,,,,,,,,,,,,,,,,,,,,,,,,,,,,,,,,
2026-27,football,Conference of New England (CCC),ccc,Nichols College,Mouhamed Souare,Mouhamed,Souare,,484,Mouhamed Souare,"SOUARE,MOUHAMED",Nichols College,NIC,695-5237,1,0,34,34,0,0,0,0,,,,,,,,,,,,,,,,,,,0,0,0,0,0,.0,.0,.0,0,0,0,0,0,0,0,1,0,0,0,0,0,0,0,1,,,,,,,,,,,,,,,,,,,,,,,,,,,,,,,,,,,,,,,,,,,,,,,,,,,,,,,,,,,,,,,,,,,,,,,,,,,,,,,,,,,,,
2026-27,football,Conference of New England (CCC),ccc,Nichols College,Cesar Irizarry,Cesar,Irizarry,,484,Cesar Irizarry,"IRIZARRY,CESAR",Nichols College,NIC,695-5249,2,0,49,49,0,0,0,0,,,,,,,,,,,,,,,,,,,0,2,0,2,2,.0,.0,.0,0,0,0,0,0,0,0,0,0,0,0,0,0,0,0,0,,,,,,,,,,,,,,,,,,,,,,,,,,,,,,,,,,,,,,,,,,,,,,,,,,,,,,,,,,,,,,,,,,,,,,,,,,,,,,,,,,,,,
2026-27,football,Conference of New England (CCC),ccc,Nichols College,"Deer,Jarell",Jarell,Deer,,484,"Deer,Jarell","DEER,JARELL",Nichols College,NIC,695-5198,2,0,14,14,0,WR,0,0,,,,,,,,,,,,,,,,,,,,,,,,,,,,,,,,,,,,,,,,,,,,,,,,,,,,,,,,,,,,,,,,,,,,,,,,,,,,,,,,,,,,,,,,,,,,,,,,,,,,,,,,,,,,,,,,,,,,,,,,,,,,,,,
2026-27,football,Conference of New England (CCC),ccc,Nichols College,"Washington,Makhy",Makhy,Washington,,484,"Washington,Makhy","WASHINGTON,MAKHY",Nichols College,NIC,695-5243,2,0,24,24,0,0,DB,0,,,,,,,,,,,,,,,,,,,,,,,,,,,,,,,,,,,,,,,,,,,,,,,,,,,,,,,,,,,,,,,,,,,,,,,,,,,,,,,,,,,,,,,,,,,,,,,,,,,,,,,,,,,,,,,,,,,,,,,,,,,,,,,
2026-27,football,Conference of New England (CCC),ccc,Nichols College,"Normyle,Brady",Brady,Normyle,,484,"Normyle,Brady","NORMYLE,BRADY",Nichols College,NIC,695-5223,1,0,38,38,0,0,DB,0,,,,,,,,,,,,,,,,,,,,,,,,,,,,,,,,,,,,,,,,,,,,,,,,,,,,,,,,,,,,,,,,,,,,,,,,,,,,,,,,,,,,,,,,,,,,,,,,,,,,,,,,,,,,,,,,,,,,,,,,,,,,,,,
2026-27,football,Conference of New England (CCC),ccc,Nichols College,"St. Thomas,Dwayne",Dwayne,St. Thomas,,484,"St. Thomas,Dwayne","ST. THOMAS,DWAYNE",Nichols College,NIC,695-5238,1,0,52,52,0,OL,0,0,,,,,,,,,,,,,,,,,,,,,,,,,,,,,,,,,,,,,,,,,,,,,,,,,,,,,,,,,,,,,,,,,,,,,,,,,,,,,,,,,,,,,,,,,,,,,,,,,,,,,,,,,,,,,,,,,,,,,,,,,,,,,,,
2026-27,football,Conference of New England (CCC),ccc,Nichols College,"Everett,Mason",Mason,Everett,,484,"Everett,Mason","EVERETT,MASON",Nichols College,NIC,695-4910,2,1,62,62,0,OL,0,0,,,,,,,,,,,,,,,,,,,,,,,,,,,,,,,,,,,,,,,,,,,,,,,,,,,,,,,,,,,,,,,,,,,,,,,,,,,,,,,,,,,,,,,,,,,,,,,,,,,,,,,,,,,,,,,,,,,,,,,,,,,,,,,
2026-27,football,Conference of New England (CCC),ccc,Nichols College,"Corriveau,Ethan",Ethan,Corriveau,,484,"Corriveau,Ethan","CORRIVEAU,ETHAN",Nichols College,NIC,695-5195,2,0,86,86,0,WR,0,0,,,,,,,,,,,,,,,,,,,,,,,,,,,,,,,,,,,,,,,,,,,,,,,,,,,,,,,,,,,,,,,,,,,,,,,,,,,,,,,,,,,,,,,,,,,,,,,,,,,,,,,,,,,,,,,,,,,,,,,,,,,,,,,
2026-27,football,Conference of New England (CCC),ccc,Nichols College,"Carstensen,David",David,Carstensen,,484,"Carstensen,David","CARSTENSEN,DAVID",Nichols College,NIC,0,1,0,35,35,0,RB,0,0,,,,,,,,,,,,,,,,,,,,,,,,,,,,,,,,,,,,,,,,,,,,,,,,,,,,,,,,,,,,,,,,,,,,,,,,,,,,,,,,,,,,,,,,,,,,,,,,,,,,,,,,,,,,,,,,,,,,,,,,,,,,,,,
2026-27,football,Conference of New England (CCC),ccc,Nichols College,"Patnaud,Joseph",Joseph,Patnaud,,484,"Patnaud,Joseph","PATNAUD,JOSEPH",Nichols College,NIC,0,1,0,55,5C,0,0,LB,0,,,,,,,,,,,,,,,,,,,,,,,,,,,,,,,,,,,,,,,,,,,,,,,,,,,,,,,,,,,,,,,,,,,,,,,,,,,,,,,,,,,,,,,,,,,,,,,,,,,,,,,,,,,,,,,,,,,,,,,,,,,,,,,
2026-27,football,Conference of New England (CCC),ccc,New England College,"Roy,Ben",Ben,Roy,,467,"Roy,Ben","ROY,BEN",New England College,NEC,694-3687,4,0,0,0,0,TE,0,0,,,,,,,,,,,,,,,,,,,0,0,0,0,0,.0,.0,.0,0,0,0,0,0,0,0,0,0,0,0,0,0,0,0,0,,,,,,,,,,,,,2,-45,0,45,0,0,-22.5,-11.3,3,31,0,23,10.3,,,,,,2,2,,,,,,,,,,,,,,,,,,,,,,,,,,,,,,,20,705,54,0,1,6,1,1,35.3,,,,,,,,,,,,,,
2026-27,football,Conference of New England (CCC),ccc,New England College,"Anderson,Fire",Fire,Anderson,,467,"Anderson,Fire","ANDERSON,FIRE",New England College,NEC,694-3673,4,1,1,1,0,RB,0,0,,,,,,,,,,,,,,,,,,,0,1,0,1,1,.0,.0,.0,0,0,0,0,0,0,0,0,0,0,0,0,0,0,0,0,,,,,,,,,,,,,36,77,116,39,2,28,2.1,19.3,2,11,0,14,5.5,,,,,,0,0,0,2,0,0,0,0,0,0,0,12,12,3,,,,,,,,,,,,,,,,,,,,,,,,,,,,,,,,,,,,,,,,,
2026-27,football,Conference of New England (CCC),ccc,New England College,"Taylor,CJ",CJ,Taylor,,467,"Taylor,CJ","TAYLOR,CJ",New England College,NEC,694-3660,4,4,2,2,0,0,DB,0,,,,,,,,,,,,,,,,,,,0,8,5,13,13,1.0,.0,.0,1,0,10,0,0,0,0,2,0,0,0,0,0,0,0,2,,,,,,,,,,,,,,,,,,,,,,,,,,,,,,,,,,,,,,,,,,,,,,,,,,,,,,,,,,,,,,,,,,,,,,,,,,,,,,,,,,,,,
2026-27,football,Conference of New England (CCC),ccc,New England College,"Roy,Dylan",Dylan,Roy,,467,"Roy,Dylan","ROY,DYLAN",New England College,NEC,694-3661,4,4,3,3,0,0,DB,0,,,,,,,,,,,,,,,,,,,32,5,9,14,14,.0,.0,.0,0,0,0,0,0,0,0,2,0,0,0,0,1,0,1,3,,,1,32,0,32,32.0,,,,,,,,,,,,,,,,,,,,,,,,0,0,,,,,,,,,,,,,,,,,,,,,,,,,,,,,,,,,,,,,,,,,,,,,,,,,,,,,
2026-27,football,Conference of New England (CCC),ccc,New England College,"Turner,Isaiah",Isaiah,Turner,,467,"Turner,Isaiah","TURNER,ISAIAH",New England College,NEC,694-3667,4,4,3,3A,0,WR,0,0,,,,,,,,,,,,,,,,,,,0,1,0,1,1,.0,.0,.0,0,0,0,0,0,0,0,0,0,0,0,0,0,0,0,0,,,,,,,,,,,,,,,,,,,,,9,67,0,17,7.4,,,,,,,,,,,,,,,,,,,,,,,,,,,,,,,,,,,,,,,,,,,,,,,,,,,,,,,,,,,,
2026-27,football,Conference of New England (CCC),ccc,New England College,"Jones,Jayman",Jayman,Jones,,467,"Jones,Jayman","JONES,JAYMAN",New England College,NEC,694-3675,4,4,4,4,0,0,DL,0,,,,,,,,,,,,,,,,,,,0,10,12,22,22,6.0,.0,.0,5,2,29,1,1,0,9,0,0,0,0,0,0,0,0,0,,,,,,,,,,,,,,,,,,,,,,,,,,,,,,,,,,,,,,,,,,,,,,,,,,,,,,,,,,,,,,,,,,,,,,,,,,,,,,,,,,,,,
2026-27,football,Conference of New England (CCC),ccc,New England College,"Madison,Kaevryel",Kaevryel,Madison,,467,"Madison,Kaevryel","MADISON,KAEVRYEL",New England College,NEC,694-3663,4,4,5,5,0,0,DB,0,,,,,,,,,,,,,,,,,,,0,9,18,27,27,1.0,.0,.0,1,0,2,0,0,0,0,1,0,0,0,0,0,0,0,1,,,,,,,,,,,,,,,,,,,,,,,,,,,,,,,,,,,,,,,,,,,,,,,,,,,,,,,,,,,,,,,,,,,,,,,,,,,,,,,,,,,,,
2026-27,football,Conference of New England (CCC),ccc,New England College,"Lombardo,Jack",Jack,Lombardo,,467,"Lombardo,Jack","LOMBARDO,JACK",New England College,NEC,694-3668,2,2,6,6,0,QB,0,0,,,,,,,,,,,,,,,,,,,,,,,,,,,,,,,,,,,,,,,,,,,,,,,,,,,,,,,2,2,6,4,0,6,1.0,1.0,,,,,,,,,,,,,,,,,,,,,,,,,,,,,,,4,1,7,0,35,0,12,8,91.2,2.92,4.38,17.5,,,,,,,,,,,,,,,,,,,,,,,
2026-27,football,Conference of New England (CCC),ccc,New England College,"Philbrook,Gavin",Gavin,Philbrook,,467,"Philbrook,Gavin","PHILBROOK,GAVIN",New England College,NEC,694-3892,4,4,7,7,0,0,DB,0,,,,,,,,,,,,,,,,,,,0,8,16,24,24,.5,.0,.0,0,1,2,0,0,0,0,1,0,0,0,0,0,0,0,1,,,,,,,,,,,,,,,,,,,,,,,,,,,,,,,,,,,,,,,,,,,,,,,,,,,,,,,,,,,,,,,,,,,,,,,,,,,,,,,,,,,,,
2026-27,football,Conference of New England (CCC),ccc,New England College,"Cenesca,Ethan",Ethan,Cenesca,,467,"Cenesca,Ethan","CENESCA,ETHAN",New England College,NEC,694-3665,4,4,8,8,0,0,LB,0,,,,,,,,,,,,,,,,,,,74,23,29,52,52,10.5,.0,.0,8,5,36,2,2,0,14,0,1,1,0,0,0,0,2,2,,,2,74,0,50,37.0,,,,,,,,,,,,,,,,,,,,,,,,,,,,,,,,,,,,,,,,,,,,,,,,,,,,,,,,,,,,,,,,,,,,,,,,,,,,,,
2026-27,football,Conference of New England (CCC),ccc,New England College,"Jones,Hollis",Hollis,Jones,,467,"Jones,Hollis","JONES,HOLLIS",New England College,NEC,694-4173,4,0,9,9,0,0,LB,0,,,,,,,,,,,,,,,,,,,0,8,19,27,27,4.5,.0,.0,3,3,11,2,2,0,7,0,0,0,0,0,0,0,1,1,,,1,0,0,0,.0,,,,,,,,,,,,,,,,,,,,,,,,,,,,,,,,,,,,,,,,,,,,,,,,,,,,,,,,,,,,,,,,,,,,,,,,,,,,,,
2026-27,football,Conference of New England (CCC),ccc,New England College,"Hughes,Aidan",Aidan,Hughes,,467,"Hughes,Aidan","HUGHES,AIDAN",New England College,NEC,694-3887,3,0,10,10,0,QB,0,0,,,,,,,,,,,,,,,,,,,,,,,,,,,,,,,,,,,,,,,,,,,,,,,,,,,,,,,1,-7,0,7,0,0,-7.0,-2.3,0,0,0,0,.0,,,,,,,,,,,,,,,,,,,,,,,,,,7,1,18,1,85,3,23,11,67.1,3.70,7.73,28.3,,,,,,,,,,,,,,,,,,,,,,,
2026-27,football,Conference of New England (CCC),ccc,New England College,"Lago,Conrado",Conrado,Lago,,467,"Lago,Conrado","LAGO,CONRADO",New England College,NEC,694-3712,4,4,11,11,0,WR,0,0,,,,,,,,,,,,,,,,,,,0,2,1,3,3,.0,.0,.0,0,0,0,0,0,0,0,0,0,0,0,0,0,0,0,0,,,,,,,,,,,,,1,3,3,0,0,3,3.0,.8,15,142,2,37,9.5,,,,,,,,0,2,0,0,0,0,0,0,0,12,12,3,,,,,,,,,,,,,,,,,,,,,,,,,,,,,,,,,,,,,,,,,
2026-27,football,Conference of New England (CCC),ccc,New England College,"Auger,Gavin",Gavin,Auger,,467,"Auger,Gavin","AUGER,GAVIN",New England College,NEC,694-3669,4,4,14,14,0,WR,0,0,,,,,,,,,,,,,,,,,,,0,0,0,0,0,.0,.0,.0,0,0,0,0,0,0,0,0,0,0,0,0,0,0,0,0,,,,,,,,,,,,,,,,,,,,,6,33,0,7,5.5,,,,,,1,1,,,,,,,,,,,,,3,3,0,11,1.0,,0,0,8,0,8,0,2,1,83.6,4.00,8.00,2.0,,,,,,,,,,,,,,,,,,,,,,,
2026-27,football,Conference of New England (CCC),ccc,New England College,"Ortiz,Alexys",Alexys,Ortiz,,467,"Ortiz,Alexys","ORTIZ,ALEXYS",New England College,NEC,694-4186,3,0,20,20,0,0,DB,0,,,,,,,,,,,,,,,,,,,0,2,0,2,2,.0,.0,.0,0,0,0,0,0,0,0,0,0,0,0,0,0,0,0,0,,,,,,,,,,,,,,,,,,,,,,,,,,,,,,,,,,,,,,,,,,,,,,,,,,,,,,,,,,,,,,,,,,,,,,,,,,,,,,,,,,,,,
2026-27,football,Conference of New England (CCC),ccc,New England College,"Brien,Spencer",Spencer,Brien,,467,"Brien,Spencer","BRIEN,SPENCER",New England College,NEC,694-3902,4,0,21,21,0,WR,0,0,,,,,,,,,,,,,,,,,,,0,1,0,1,1,.0,.0,.0,0,0,0,0,0,0,0,0,0,0,0,0,0,0,0,0,,,,,,,,,,,,,1,1,1,0,0,1,1.0,.3,2,11,0,6,5.5,9,258,0,58,28.7,,,,,,,,,,,,,,,,,,,,,,,,,,,,,,,,,,,,,,,,,,,,,,,,,,,,,,,
2026-27,football,Conference of New England (CCC),ccc,New England College,"Fairfax,DaShawn",DaShawn,Fairfax,,467,"Fairfax,DaShawn","FAIRFAX,DASHAWN",New England College,NEC,694-4196,4,4,22,22,0,0,LB,0,,,,,,,,,,,,,,,,,,,0,3,1,4,4,.0,.0,.0,0,0,0,0,0,0,0,0,1,0,0,0,0,0,0,0,,,,,,,,,,,,,,,,,,,,,,,,,,,,,,,,,,,,,,,,,,,,,,,,,,,,,,,,,,,,,,,,,,,,,,,,,,,,,,,,,,,,,
2026-27,football,Conference of New England (CCC),ccc,New England College,"Kimball,Kody",Kody,Kimball,,467,"Kimball,Kody","KIMBALL,KODY",New England College,NEC,694-4175,4,0,23,23,0,WR,0,0,,,,,,,,,,,,,,,,,,,0,1,1,2,2,.0,.0,.0,0,0,0,0,0,0,0,0,0,0,0,0,0,0,0,0,,,,,,,,,,,,,,,,,,,,,1,0,0,0,.0,,,,,,,,,,,,,,,,,,,,,,,,,,,,,,,,,,,,,,,,,,,,,,,,,,,,,,,,,,,,
2026-27,football,Conference of New England (CCC),ccc,New England College,"Borkush,Jackson",Jackson,Borkush,,467,"Borkush,Jackson","BORKUSH,JACKSON",New England College,NEC,694-3678,4,3,25,25,0,RB,0,0,,,,,,,,,,,,,,,,,,,0,0,0,0,0,.0,.0,.0,0,0,0,0,0,0,0,0,0,0,0,0,0,0,0,0,,,,,,,,,,,,,30,75,86,11,1,9,2.5,18.8,5,16,0,11,3.2,5,66,0,21,13.2,,,0,1,0,0,0,0,0,0,0,6,6,1.5,,,,,,,,,,,,,,,,,,,,,,,,,,,,,,,,,,,,,,,,,
2026-27,football,Conference of New England (CCC),ccc,New England College,"McDonough,Owen",Owen,McDonough,,467,"McDonough,Owen","MCDONOUGH,OWEN",New England College,NEC,694-3990,3,0,29,29,0,0,DB,0,,,,,,,,,,,,,,,,,,,0,2,2,4,4,.0,.0,.0,0,0,0,0,0,0,0,0,0,0,0,0,0,0,0,0,,,,,,,,,,,,,,,,,,,,,,,,,,,,,,,,,,,,,,,,,,,,,,,,,,,,,,,,,,,,,,,,,,,,,,,,,,,,,,,,,,,,,
2026-27,football,Conference of New England (CCC),ccc,New England College,"Madison,Levi",Levi,Madison,,467,"Madison,Levi","MADISON,LEVI",New England College,NEC,694-3684,4,4,32,32,0,0,DB,0,,,,,,,,,,,,,,,,,,,7,3,7,10,10,.0,.0,.0,0,0,0,0,0,0,0,2,0,0,0,0,0,0,1,3,,,1,7,0,7,7.0,,,,,,,,,,,,,,,,,,,,,,,,,,,,,,,,,,,,,,,,,,,,,,,,,,,,,,,,,,,,,,,,,,,,,,,,,,,,,,
2026-27,football,Conference of New England (CCC),ccc,New England College,"Szynal,Lucas",Lucas,Szynal,,467,"Szynal,Lucas","SZYNAL,LUCAS",New England College,NEC,694-3899,4,0,34,34,0,0,DB,0,,,,,,,,,,,,,,,,,,,0,2,1,3,3,.0,.0,.0,0,0,0,0,0,0,0,1,0,0,0,0,0,0,0,1,,,,,,,,,,,,,,,,,,,,,,,,,,,,,,,,,,,,,,,,,,,,,,,,,,,,,,,,,,,,,,,,,,,,,,,,,,,,,,,,,,,,,
2026-27,football,Conference of New England (CCC),ccc,New England College,"Burgio,Johnathon",Johnathon,Burgio,,467,"Burgio,Johnathon","BURGIO,JOHNATHON",New England College,NEC,694-4158,2,0,40,40,0,RB,0,0,,,,,,,,,,,,,,,,,,,0,0,0,0,0,.0,.0,.0,0,0,0,0,0,0,0,0,0,0,0,0,0,0,0,0,,,,,,,,,,,,,,,,,,,,,,,,,,,,,,,,,,,,,,,,,,,,,,,,,,,,,,,,,,,,,,,,,,,,,,,,,,,,,,,,,,,,,
2026-27,football,Conference of New England (CCC),ccc,New England College,"VanPembrook,Brayden",Brayden,VanPembrook,,467,"VanPembrook,Brayden","VANPEMBROOK,BRAYDEN",New England College,NEC,694-4194,2,0,42,42,0,TE,0,0,,,,,,,,,,,,,,,,,,,,,,,,,,,,,,,,,,,,,,,,,,,,,,,,,,,,,,,,,,,,,,,,,,,,,,,,,,,,,,,,,,,,,,,,,,,,,,,,,,,,,,,,,,,,,,,,,,,,,,,,,,,,,,,
2026-27,football,Conference of New England (CCC),ccc,New England College,"Sadia,Nate",Nate,Sadia,,467,"Sadia,Nate","SADIA,NATE",New England College,NEC,694-3900,4,4,44,44,0,0,DL,0,,,,,,,,,,,,,,,,,,,0,2,3,5,5,.0,.0,.0,0,0,0,0,0,0,0,0,0,0,0,0,0,0,0,0,,,,,,,,,,,,,,,,,,,,,,,,,,,,,,,,,,,,,,,,,,,,,,,,,,,,,,,,,,,,,,,,,,,,,,,,,,,,,,,,,,,,,
2026-27,football,Conference of New England (CCC),ccc,New England College,"Sohn,Brayden",Brayden,Sohn,,467,"Sohn,Brayden","SOHN,BRAYDEN",New England College,NEC,694-3910,4,4,50,50,0,OL,0,0,,,,,,,,,,,,,,,,,,,,,,,,,,,,,,,,,,,,,,,,,,,,,,,,,,,,,,,,,,,,,,,,,,,,,,,,,,,,,,,,,,,,,,,,,,,,,,,,,,,,,,,,,,,,,,,,,,,,,,,,,,,,,,,
2026-27,football,Conference of New England (CCC),ccc,New England College,"Gourley,Brady",Brady,Gourley,,467,"Gourley,Brady","GOURLEY,BRADY",New England College,NEC,694-3709,4,3,55,55,0,OL,0,0,,,,,,,,,,,,,,,,,,,,,,,,,,,,,,,,,,,,,,,,,,,,,,,,,,,,,,,,,,,,,,,,,,,,,,,,,,,,,,,,,,,,,,,,,,,,,,,,,,,,,,,,,,,,,,,,,,,,,,,,,,,,,,,
2026-27,football,Conference of New England (CCC),ccc,New England College,"Tapia,Jared",Jared,Tapia,,467,"Tapia,Jared","TAPIA,JARED",New England College,NEC,694-4192,3,0,57,57,0,0,LB,0,,,,,,,,,,,,,,,,,,,0,5,3,8,8,.0,.0,.0,0,0,0,0,0,0,0,0,0,0,0,0,0,0,0,0,,,,,,,,,,,,,,,,,,,,,,,,,,,,,,,,,,,,,,,,,,,,,,,,,,,,,,,,,,,,,,,,,,,,,,,,,,,,,,,,,,,,,
2026-27,football,Conference of New England (CCC),ccc,New England College,"Jones,David",David,Jones,,467,"Jones,David","JONES,DAVID",New England College,NEC,694-3928,3,0,59,59,0,0,LB,0,,,,,,,,,,,,,,,,,,,0,1,7,8,8,.0,.0,.0,0,0,0,0,0,0,0,0,0,0,0,0,0,0,0,0,,,,,,,,,,,,,,,,,,,,,,,,,,,,,,,,,,,,,,,,,,,,,,,,,,,,,,,,,,,,,,,,,,,,,,,,,,,,,,,,,,,,,
2026-27,football,Conference of New England (CCC),ccc,New England College,"Madera,Christian",Christian,Madera,,467,"Madera,Christian","MADERA,CHRISTIAN",New England College,NEC,694-4182,3,0,60,60,0,0,0,0,,,,,,,,,,,,,,,,,,,,,,,,,,,,,,,,,,,,,,,,,,,,,,,,,,,,,,,,,,,,,,,,,,,,,,,,,,,,,,,,,,,,,,,,,,,,,,,,,,,,,,,,,,,,,,,,,,,,,,,,,,,,,,,
2026-27,football,Conference of New England (CCC),ccc,New England College,"Allen,Ethan",Ethan,Allen,,467,"Allen,Ethan","ALLEN,ETHAN",New England College,NEC,694-4155,1,0,64,64,0,OL,0,0,,,,,,,,,,,,,,,,,,,,,,,,,,,,,,,,,,,,,,,,,,,,,,,,,,,,,,,,,,,,,,,,,,,,,,,,,,,,,,,,,,,,,,,,,,,,,,,,,,,,,,,,,,,,,,,,,,,,,,,,,,,,,,,
2026-27,football,Conference of New England (CCC),ccc,New England College,"Domond,Joshua",Joshua,Domond,,467,"Domond,Joshua","DOMOND,JOSHUA",New England College,NEC,694-4197,4,4,65,65,0,0,DL,0,,,,,,,,,,,,,,,,,,,0,2,4,6,6,.5,.0,.0,0,1,0,0,0,0,0,0,0,1,0,0,0,0,0,0,,,,,,,,,,,,,,,,,,,,,,,,,,,,,,,,,,,,,,,,,,,,,,,,,,,,,,,,,,,,,,,,,,,,,,,,,,,,,,,,,,,,,
2026-27,football,Conference of New England (CCC),ccc,New England College,"Dickerson,Holden",Holden,Dickerson,,467,"Dickerson,Holden","DICKERSON,HOLDEN",New England College,NEC,694-4162,3,3,66,66,0,0,DL,0,,,,,,,,,,,,,,,,,,,0,2,3,5,5,.0,.0,.0,0,0,0,0,0,0,0,0,0,0,0,0,0,0,0,0,,,,,,,,,,,,,,,,,,,,,,,,,,,,,,,,,,,,,,,,,,,,,,,,,,,,,,,,,,,,,,,,,,,,,,,,,,,,,,,,,,,,,
2026-27,football,Conference of New England (CCC),ccc,New England College,"Healey,James",James,Healey,,467,"Healey,James","HEALEY,JAMES",New England College,NEC,694-3918,4,4,70,70,0,OL,0,0,,,,,,,,,,,,,,,,,,,,,,,,,,,,,,,,,,,,,,,,,,,,,,,,,,,,,,,,,,,,,,,,,,,,,,,,,,,,,,,,,,,,,,,,,,,,,,,,,,,,,,,,,,,,,,,,,,,,,,,,,,,,,,,
2026-27,football,Conference of New England (CCC),ccc,New England College,"Lavallee,Alex",Alex,Lavallee,,467,"Lavallee,Alex","LAVALLEE,ALEX",New England College,NEC,694-4177,3,0,71,71,0,OL,0,0,,,,,,,,,,,,,,,,,,,,,,,,,,,,,,,,,,,,,,,,,,,,,,,,,,,,,,,,,,,,,,,,,,,,,,,,,,,,,,,,,,,,,,,,,,,,,,,,,,,,,,,,,,,,,,,,,,,,,,,,,,,,,,,
2026-27,football,Conference of New England (CCC),ccc,New England College,"Maldonado,Miguel",Miguel,Maldonado,,467,"Maldonado,Miguel","MALDONADO,MIGUEL",New England College,NEC,694-3919,4,4,73,73,0,OL,0,0,,,,,,,,,,,,,,,,,,,,,,,,,,,,,,,,,,,,,,,,,,,,,,,,,,,,,,,,,,,,,,,,,,,,,,,,,,,,,,,,,,,,,,,,,,,,,,,,,,,,,,,,,,,,,,,,,,,,,,,,,,,,,,,
2026-27,football,Conference of New England (CCC),ccc,New England College,"Hodges,Duwaine",Duwaine,Hodges,,467,"Hodges,Duwaine","HODGES,DUWAINE",New England College,NEC,694-4169,4,1,75,75,0,OL,0,0,,,,,,,,,,,,,,,,,,,,,,,,,,,,,,,,,,,,,,,,,,,,,,,,,,,,,,,,,,,,,,,,,,,,,,,,,,,,,,,,,,,,,,,,,,,,,,,,,,,,,,,,,,,,,,,,,,,,,,,,,,,,,,,
2026-27,football,Conference of New England (CCC),ccc,New England College,"Adumene,Mene",Mene,Adumene,,467,"Adumene,Mene","ADUMENE,MENE",New England College,NEC,694-3708,4,4,78,78,0,OL,0,0,,,,,,,,,,,,,,,,,,,,,,,,,,,,,,,,,,,,,,,,,,,,,,,,,,,,,,,,,,,,,,,,,,,,,,,,,,,,,,,,,,,,,,,,,,,,,,,,,,,,,,,,,,,,,,,,,,,,,,,,,,,,,,,
2026-27,football,Conference of New England (CCC),ccc,New England College,"Melanson,Andruw",Andruw,Melanson,,467,"Melanson,Andruw","MELANSON,ANDRUW",New England College,NEC,694-4184,3,0,79,79,0,OL,0,0,,,,,,,,,,,,,,,,,,,,,,,,,,,,,,,,,,,,,,,,,,,,,,,,,,,,,,,,,,,,,,,,,,,,,,,,,,,,,,,,,,,,,,,,,,,,,,,,,,,,,,,,,,,,,,,,,,,,,,,,,,,,,,,
2026-27,football,Conference of New England (CCC),ccc,New England College,"Hilton Velazquez,Izaiha",Izaiha,Hilton Velazquez,,467,"Hilton Velazquez,Izaiha","HILTON VELAZQUEZ,IZAIHA",New England College,NEC,694-4168,2,0,82,82,0,WR,0,0,,,,,,,,,,,,,,,,,,,,,,,,,,,,,,,,,,,,,,,,,,,,,,,,,,,,,,,,,,,,,,,,,,,,,,,,,,,,,,,,,,,,,,,,,,,,,,,,,,,,,,,,,,,,,,,,,,,,,,,,,,,,,,,
2026-27,football,Conference of New England (CCC),ccc,New England College,"Hughes,Chuck",Chuck,Hughes,,467,"Hughes,Chuck","HUGHES,CHUCK",New England College,NEC,694-4171,0,0,85,85,0,WR,0,0,,,,,,,,,,,,,,,,,,,,,,,,,,,,,,,,,,,,,,,,,,,,,,,,,,,,,,,,,,,,,,,,,,,,,,,,,,,,,,,,,,,,,,,,,,,,,,,,,,,,,,,,,,,,,,,,,,,,,,,0,0,0,0,.0,,,,
2026-27,football,Conference of New England (CCC),ccc,New England College,"Normandin,Austin",Austin,Normandin,,467,"Normandin,Austin","NORMANDIN,AUSTIN",New England College,NEC,694-3713,4,4,87,87,0,TE,0,0,,,,,,,,,,,,,,,,,,,,,,,,,,,,,,,,,,,,,,,,,,,,,,,,,,,,,,,,,,,,,,,5,34,0,8,6.8,,,,,,,,,,,,,,,,,,,,,,,,,,,,,,,,,,,,,,,,,,,,,,,,,,,,,,,,,,,,
2026-27,football,Conference of New England (CCC),ccc,New England College,"Panas,Dylan",Dylan,Panas,,467,"Panas,Dylan","PANAS,DYLAN",New England College,NEC,694-3925,3,0,88,88,0,TE,0,0,,,,,,,,,,,,,,,,,,,,,,,,,,,,,,,,,,,,,,,,,,,,,,,,,,,,,,,,,,,,,,,,,,,,1,0,0,0,.0,,,,,,,,,,,,,,,,,,,,,,,,,,,,,,,,,,,,,,,,,,,,,,,,,,,,,,,
2026-27,football,Conference of New England (CCC),ccc,New England College,"Breton,Daniel",Daniel,Breton,,467,"Breton,Daniel","BRETON,DANIEL",New England College,NEC,694-4157,4,1,93,93,0,0,DL,0,,,,,,,,,,,,,,,,,,,0,3,9,12,12,.0,.0,.0,0,0,0,0,0,0,0,0,0,1,0,0,0,0,0,0,,,,,,,,,,,,,,,,,,,,,,,,,,,,,,,,,,,,,,,,,,,,,,,,,,,,,,,,,,,,,,,,,,,,,,,,,,,,,,,,,,,,,
2026-27,football,Conference of New England (CCC),ccc,New England College,"Ford,Gavin",Gavin,Ford,,467,"Ford,Gavin","FORD,GAVIN",New England College,NEC,694-4114,3,0,95,95,0,0,0,0,,,,,,,2,2,0,0,0,0,0,0,0,0,0,0,0,0,0,0,0,.0,.0,.0,0,0,0,0,0,0,0,0,0,0,0,0,0,0,0,0,,,,,,,,,,,,,,,,,,,,,,,,,,,,,,,,,2,0,0,0,0,0,0,0,0,2,2,0.67,,,,,,,,,,,,,,,,,,,,,,,,,,,,7,389,0,0,55.6,0,1,0,0,.0,,,,
2026-27,football,Conference of New England (CCC),ccc,New England College,"McClurkin,Decovin",Decovin,McClurkin,,467,"McClurkin,Decovin","MCCLURKIN,DECOVIN",New England College,NEC,694-4183,3,0,97,97,0,0,DL,0,,,,,,,,,,,,,,,,,,,0,3,6,9,9,2.0,.0,.0,2,0,3,0,0,0,0,0,0,0,0,0,0,0,0,0,,,,,,,,,,,,,,,,,,,,,,,,,,,,,,,,,,,,,,,,,,,,,,,,,,,,,,,,,,,,,,,,,,,,,,,,,,,,,,,,,,,,,
2026-27,football,Conference of New England (CCC),ccc,New England College,"Pappas,John",John,Pappas,,467,"Pappas,John","PAPPAS,JOHN",New England College,NEC,694-4187,4,0,99,99,0,0,0,0,,,,,,,4,3,0,0,0,0,0,0,0,0,0,0,0,0,0,0,0,.0,.0,.0,0,0,0,0,0,0,0,0,0,0,0,0,0,0,0,0,,,,,,,,,,,,,,,,,,,,,,,,,,,,,,,,,3,0,1,0,0,0,0,0,0,6,6,1.5,,,,,,,,,,,,,,,,,,,,,,,,,,,,4,216,0,0,54.0,1,2,31,0,50.0,,,,
2026-27,football,Conference of New England (CCC),ccc,New England College,"DeSena,DeAnjelo",DeAnjelo,DeSena,,467,"DeSena,DeAnjelo","DESENA,DEANJELO",New England College,NEC,694-4161,1,0,2,2A,0,QB,0,0,,,,,,,,,,,,,,,,,,,0,1,0,1,1,.0,.0,.0,0,0,0,0,0,0,0,0,0,0,0,0,0,0,0,0,,,,,,,,,,,,,1,-11,0,11,0,0,-11.0,-11.0,,,,,,,,,,,,,,,,,,,,,,,,,,,,,,,11,1,8,0,15,2,10,5,22.6,1.50,3.00,15.0,,,,,,,,,,,,,,,,,,,,,,,
2026-27,football,Conference of New England (CCC),ccc,New England College,"Paradis,Logan",Logan,Paradis,,467,"Paradis,Logan","PARADIS,LOGAN",New England College,NEC,694-3950,2,0,15,15,0,0,LB,0,,,,,,,,,,,,,,,,,,,,,,,,,,,,,,,,,,,,,,,,,,,,,,,,,,,,,,,4,13,16,3,0,13,3.3,6.5,,,,,,,,,,,,,,,,,,,,,,,,,,,,,,,,,,,,,,,,,,,,,,,,,,,,,,,,,,,,,,,,,
2026-27,football,Conference of New England (CCC),ccc,New England College,"Abiraad,Michael",Michael,Abiraad,,467,"Abiraad,Michael","ABIRAAD,MICHAEL",New England College,NEC,694-3890,2,0,18,18,0,0,DB,0,,,,,,,,,,,,,,,,,,,0,0,1,1,1,.0,.0,.0,0,0,0,0,0,0,0,0,0,0,0,0,0,0,0,0,,,,,,,,,,,,,,,,,,,,,,,,,,,,,,,,,,,,,,,,,,,,,,,,,,,,,,,,,,,,,,,,,,,,,,,,,,,,,,,,,,,,,
2026-27,football,Conference of New England (CCC),ccc,New England College,"Femmer,Nathan",Nathan,Femmer,,467,"Femmer,Nathan","FEMMER,NATHAN",New England College,NEC,694-3679,3,0,26,26,0,RB,0,0,,,,,,,,,,,,,,,,,,,0,2,0,2,2,.0,.0,.0,0,0,0,0,0,0,0,0,0,0,0,0,0,0,0,0,,,,,,,,,,,,,,,,,,,,,1,8,0,8,8.0,,,,,,,,,,,,,,,,,,,,,,,,,,,,,,,,,,,,,,,,,,,,,,,,,,,,,,,,,,,,
2026-27,football,Conference of New England (CCC),ccc,New England College,"Johnson,Elijah",Elijah,Johnson,,467,"Johnson,Elijah","JOHNSON,ELIJAH",New England College,NEC,694-4172,1,0,27,27,0,0,DB,0,,,,,,,,,,,,,,,,,,,0,0,1,1,1,.0,.0,.0,0,0,0,0,0,0,0,0,0,0,0,0,0,0,0,0,,,,,,,,,,,,,,,,,,,,,,,,,,,,,,,,,,,,,,,,,,,,,,,,,,,,,,,,,,,,,,,,,,,,,,,,,,,,,,,,,,,,,
2026-27,football,Conference of New England (CCC),ccc,New England College,"Leonard,Edward",Edward,Leonard,,467,"Leonard,Edward","LEONARD,EDWARD",New England College,NEC,694-4179,3,0,33,33,0,RB,0,0,,,,,,,,,,,,,,,,,,,,,,,,,,,,,,,,,,,,,,,,,,,,,,,,,,,,,,,2,-2,0,2,0,0,-1.0,-.7,,,,,,,,,,,,,,,,,,,,,,,,,,,,,,,,,,,,,,,,,,,,,,,,,,,,,,,,,,,,,,,,,
2026-27,football,Conference of New England (CCC),ccc,New England College,"King,Liam",Liam,King,,467,"King,Liam","KING,LIAM",New England College,NEC,694-4176,3,0,36,36,0,WR,0,0,,,,,,,,,,,,,,,,,,,0,1,0,1,1,.0,.0,.0,0,0,0,0,0,0,0,0,0,0,0,0,0,0,0,0,,,,,,,,,,,,,,,,,,,,,3,73,0,40,24.3,,,,,,,,,,,,,,,,,,,,,,,,,,,,,,,,,,,,,,,,,,,,,,,,,,,,,,,,,,,,
2026-27,football,Conference of New England (CCC),ccc,New England College,"Lynn,Shane",Shane,Lynn,,467,"Lynn,Shane","LYNN,SHANE",New England College,NEC,694-4181,2,0,45,45,0,0,DB,0,,,,,,,,,,,,,,,,,,,0,1,2,3,3,.0,.0,.0,0,0,0,0,0,0,0,0,0,0,0,0,0,0,0,0,,,,,,,,,,,,,,,,,,,,,,,,,,,,,,,,,,,,,,,,,,,,,,,,,,,,,,,,,,,,,,,,,,,,,,,,,,,,,,,,,,,,,
2026-27,football,Conference of New England (CCC),ccc,New England College,"Keresey,Oscar",Oscar,Keresey,,467,"Keresey,Oscar","KERESEY,OSCAR",New England College,NEC,694-3914,3,0,61,61,0,0,DL,0,,,,,,,,,,,,,,,,,,,0,0,4,4,4,.0,.0,.0,0,0,0,0,0,0,0,0,0,0,0,0,0,0,0,0,,,,,,,,,,,,,,,,,,,,,,,,,,1,0,0,0,.0,,,,,,,,,,,,,,,,,,,,,,,,,,,,,,,,,,,,,,,,,,,,,,,,,,,,,,,
2026-27,football,Conference of New England (CCC),ccc,New England College,"Rosser,Trevor",Trevor,Rosser,,467,"Rosser,Trevor","ROSSER,TREVOR",New England College,NEC,694-4189,1,0,98,98,0,0,DL,0,,,,,,,,,,,,,,,,,,,0,0,1,1,1,.0,.0,.0,0,0,0,0,0,0,0,0,0,0,0,0,0,0,0,0,,,,,,,,,,,,,,,,,,,,,,,,,,,,,,,,,,,,,,,,,,,,,,,,,,,,,,,,,,,,,,,,,,,,,,,,,,,,,,,,,,,,,
2026-27,football,Conference of New England (CCC),ccc,New England College,"Sobotka,Brody",Brody,Sobotka,,467,"Sobotka,Brody","SOBOTKA,BRODY",New England College,NEC,694-4191,2,2,12,12,0,QB,0,0,,,,,,,,,,,,,,,,,,,0,0,0,0,0,.0,.0,.0,0,0,0,0,0,0,0,0,0,0,0,0,0,0,0,0,,,,,,,,,,,,,20,-23,53,76,1,20,-1.2,-11.5,,,,,,,,,,,1,1,0,1,0,0,0,0,0,0,0,6,6,3,,,,,,,57,7,40,1,287,1,43,28,124.2,6.67,10.25,143.5,,,,,,,,,,,,,,,,,,,,,,,
2026-27,football,Conference of New England (CCC),ccc,New England College,"Lefsrud,Eamon",Eamon,Lefsrud,,467,"Lefsrud,Eamon","LEFSRUD,EAMON",New England College,NEC,694-4178,1,0,13,13,0,WR,0,0,,,,,,,,,,,,,,,,,,,,,,,,,,,,,,,,,,,,,,,,,,,,,,,,,,,,,,,,,,,,,,,,,,,,,,,,,,,,,,,,,,,,,,,,,,,,,,,,,,,,,,,,,,,,,,,,,,,,,,,,,,,,,,,
2026-27,football,Conference of New England (CCC),ccc,New England College,"Murdough,Gabe",Gabe,Murdough,,467,"Murdough,Gabe","MURDOUGH,GABE",New England College,NEC,694-3893,2,0,24,24,0,RB,0,0,,,,,,,,,,,,,,,,,,,0,1,0,1,1,.0,.0,.0,0,0,0,0,0,0,0,0,0,0,0,0,0,0,0,0,,,,,,,,,,,,,9,34,36,2,0,11,3.8,17.0,,,,,,,,,,,,,,,,,,,,,,,,,,,,,,,,,,,,,,,,,,,,,,,,,,,,,,,,,,,,,,,,,
2026-27,football,Conference of New England (CCC),ccc,New England College,"Nelson,John David",John David,Nelson,,467,"Nelson,John David","NELSON,JOHN DAVID",New England College,NEC,694-4185,1,0,35,35,0,RB,0,0,,,,,,,,,,,,,,,,,,,,,,,,,,,,,,,,,,,,,,,,,,,,,,,,,,,,,,,,,,,,,,,,,,,,,,,,,,,,,,,,,,,,,,,,,,,,,,,,,,,,,,,,,,,,,,,,,,,,,,,,,,,,,,,
2026-27,football,Conference of New England (CCC),ccc,New England College,"Hubacher,Philip",Philip,Hubacher,,467,"Hubacher,Philip","HUBACHER,PHILIP",New England College,NEC,694-4170,2,0,43,43,0,0,DB,0,,,,,,,,,,,,,,,,,,,,,,,,,,,,,,,,,,,,,,,,,,,,,,,,,,,,,,,,,,,,,,,,,,,,,,,,,,,,,,,,,,,,,,,,,,,,,,,,,,,,,,,,,,,,,,,,,,,,,,,,,,,,,,,
2026-27,football,Conference of New England (CCC),ccc,New England College,"Kaplan,Harrison",Harrison,Kaplan,,467,"Kaplan,Harrison","KAPLAN,HARRISON",New England College,NEC,694-4174,1,0,49,49,0,0,0,0,,,,,,,,,,,,,,,,,,,,,,,,,,,,,,,,,,,,,,,,,,,,,,,,,,,,,,,,,,,,,,,,,,,,,,,,,,,,,,,,,,,,,,,,,,,,,,,,,,,,,,,,,,,,,,,,,,,,,,,,,,,,,,,
2026-27,football,Conference of New England (CCC),ccc,New England College,"Draper,Justin",Justin,Draper,,467,"Draper,Justin","DRAPER,JUSTIN",New England College,NEC,694-3903,2,0,41,,0,0,DB,0,,,,,,,,,,,,,,,,,,,0,4,1,5,5,1.0,.0,.0,1,0,13,1,1,0,13,0,0,2,0,0,0,0,0,0,,,,,,,,,,,,,,,,,,,,,,,,,,,,,,,,,,,,,,,,,,,,,,,,,,,,,,,,,,,,,,,,,,,,,,,,,,,,,,,,,,,,,
2026-27,football,Conference of New England (CCC),ccc,New England College,"Long,Hunter",Hunter,Long,,467,"Long,Hunter","LONG,HUNTER",New England College,NEC,694-4180,1,0,46,46,0,0,DB,0,,,,,,,,,,,,,,,,,,,,,,,,,,,,,,,,,,,,,,,,,,,,,,,,,,,,,,,,,,,,,,,,,,,,,,,,,,,,,,,,,,,,,,,,,,,,,,,,,,,,,,,,,,,,,,,,,,,,,,,,,,,,,,,
2026-27,football,Conference of New England (CCC),ccc,New England College,"Hill,Kendrick",Kendrick,Hill,,467,"Hill,Kendrick","HILL,KENDRICK",New England College,NEC,694-4167,1,0,63,63,0,0,DL,0,,,,,,,,,,,,,,,,,,,,,,,,,,,,,,,,,,,,,,,,,,,,,,,,,,,,,,,,,,,,,,,,,,,,,,,,,,,,,,,,,,,,,,,,,,,,,,,,,,,,,,,,,,,,,,,,,,,,,,,,,,,,,,,
2026-27,football,Conference of New England (CCC),ccc,New England College,"Redman,Noah",Noah,Redman,,467,"Redman,Noah","REDMAN,NOAH",New England College,NEC,694-3924,1,0,81,81,0,WR,0,0,,,,,,,,,,,,,,,,,,,,,,,,,,,,,,,,,,,,,,,,,,,,,,,,,,,,,,,,,,,,,,,1,4,0,4,4.0,,,,,,,,,,,,,,,,,,,,,,,,,,,,,,,,,,,,,,,,,,,,,,,,,,,,,,,,,,,,
2026-27,football,Conference of New England (CCC),ccc,Husson University,"Paul,Jeremiah",Jeremiah,Paul,,1133,"Paul,Jeremiah","PAUL,JEREMIAH",Husson University,HUS,1201-3794,4,4,1,1,0,0,DB,0,,,,,,,,,,,,,,,,,,,0,3,1,4,4,.0,.0,.0,0,0,0,0,0,0,0,1,0,0,0,0,0,0,0,1,,,,,,,,,,,,,,,,,,,,,,,,,,,,,,,,,,,,,,,,,,,,,,,,,,,,,,,,,,,,,,,,,,,,,,,,,,,,,,,,,,,,,
2026-27,football,Conference of New England (CCC),ccc,Husson University,"Telisca,Melvyn",Melvyn,Telisca,,1133,"Telisca,Melvyn","TELISCA,MELVYN",Husson University,HUS,1201-4762,4,4,9,9A,0,0,DB,0,,,,,,,,,,,,,,,,,,,0,15,4,19,19,.0,.0,.0,0,0,0,0,0,0,0,4,0,0,0,0,0,0,0,4,,,,,,,,,,,,,,,,,,,,,,,,,,,,,,,,,,,,,,,,,,,,,,,,,,,,,,,,,,,,,,,,,,,,,,,,,,,,,,,,,,,,,
2026-27,football,Conference of New England (CCC),ccc,Husson University,"Trombly,Brayden",Brayden,Trombly,,1133,"Trombly,Brayden","TROMBLY,BRAYDEN",Husson University,HUS,1201-4219,4,4,10,10,0,0,DB,0,,,,,,,,,,,,,,,,,,,0,23,12,35,35,3.0,.0,.0,3,0,7,0,0,0,0,1,1,0,0,1,0,0,1,2,,,1,0,0,0,.0,,,,,,,,,,,,,,,,,,,,,,,,,,,,,,,,,,,,,,,,,,,,,,,,,,,,,,,,,,,,,,,,,,,,,,,,,,,,,,
2026-27,football,Conference of New England (CCC),ccc,Husson University,"Yates,Nolan",Nolan,Yates,,1133,"Yates,Nolan","YATES,NOLAN",Husson University,HUS,1201-4445,4,3,19,19,0,0,DB,0,,,,,,,,,,,,,,,,,,,0,7,6,13,13,.5,.0,.0,0,1,0,0,0,0,0,0,0,0,0,0,0,0,0,0,,,,,,,,,,,,,,,,,,,,,,,,,,,,,,,,,,,,,,,,,,,,,,,,,,,,,,,,,,,,,,,,,,,,,,,,,,,,,,,,,,,,,
2026-27,football,Conference of New England (CCC),ccc,Husson University,"Menger,Erik",Erik,Menger,,1133,"Menger,Erik","MENGER,ERIK",Husson University,HUS,1201-4747,4,4,37,37,0,0,LB,0,,,,,,,,,,,,,,,,,,,0,13,16,29,29,2.0,.0,.0,1,2,13,1,1,0,9,0,0,1,0,0,0,0,0,0,,,,,,,,,,,,,,,,,,,,,,,,,,,,,,,,,,,,,,,,,,,,,,,,,,,,,,,,,,,,,,,,,,,,,,,,,,,,,,,,,,,,,
2026-27,football,Conference of New England (CCC),ccc,Husson University,"Wright,JT",JT,Wright,,1133,"Wright,JT","WRIGHT,JT",Husson University,HUS,1201-4222,4,4,50,50,0,0,LB,0,,,,,,,,,,,,,,,,,,,0,13,21,34,34,3.0,.0,.0,2,2,7,0,0,0,0,0,1,0,0,0,0,0,0,0,,,,,,,,,,,,,,,,,,,,,,,,,,,,,,,,,,,,,,,,,,,,,,,,,,,,,,,,,,,,,,,,,,,,,,,,,,,,,,,,,,,,,
2026-27,football,Conference of New England (CCC),ccc,Husson University,"Casavant,Calvin",Calvin,Casavant,,1133,"Casavant,Calvin","CASAVANT,CALVIN",Husson University,HUS,1201-4721,4,4,51,51,0,0,LB,0,,,,,,,,,,,,,,,,,,,0,9,8,17,17,4.0,.0,.0,3,2,22,2.5,2,1,19,1,0,2,0,0,0,0,0,1,,,,,,,,,,,,,,,,,,,,,,,,,,,,,,,,,,,,,,,,,,,,,,,,,,,,,,,,,,,,,,,,,,,,,,,,,,,,,,,,,,,,,
2026-27,football,Conference of New England (CCC),ccc,Husson University,"McNamara,Cooper",Cooper,McNamara,,1133,"McNamara,Cooper","MCNAMARA,COOPER",Husson University,HUS,1201-4420,4,4,59,59,0,0,LB,0,,,,,,,,,,,,,,,,,,,0,10,18,28,28,1.5,.0,.0,1,1,7,0,0,0,0,0,0,0,0,0,1,0,0,0,,,,,,,,,,,,,,,,,,,,,,,,,,,,,,,0,0,,,,,,,,,,,,,,,,,,,,,,,,,,,,,,,,,,,,,,,,,,,,,,,,,,,,,
2026-27,football,Conference of New England (CCC),ccc,Husson University,"Crouse,Drew",Drew,Crouse,,1133,"Crouse,Drew","CROUSE,DREW",Husson University,HUS,1201-3772,4,4,90,90,0,0,DL,0,,,,,,,,,,,,,,,,,,,0,3,10,13,13,2.0,.0,.0,1,2,10,0.5,0,1,2,1,1,0,0,0,1,0,0,1,,,,,,,,,,,,,,,,,,,,,,,,,,,,,,,0,0,,,,,,,,,,,,,,,,,,,,,,,,,,,,,,,,,,,,,,,,,,,,,,,,,,,,,
2026-27,football,Conference of New England (CCC),ccc,Husson University,"Stotler,Lopati",Lopati,Stotler,,1133,"Stotler,Lopati","STOTLER,LOPATI",Husson University,HUS,1201-4393,4,4,93,93,0,0,DL,0,,,,,,,,,,,,,,,,,,,0,2,15,17,17,1.0,.0,.0,1,0,3,1,1,0,3,0,0,0,0,0,0,0,0,0,,,,,,,,,,,,,,,,,,,,,,,,,,,,,,,,,,,,,,,,,,,,,,,,,,,,,,,,,,,,,,,,,,,,,,,,,,,,,,,,,,,,,
2026-27,football,Conference of New England (CCC),ccc,Husson University,"Dube,Joseph",Joseph,Dube,,1133,"Dube,Joseph","DUBE,JOSEPH",Husson University,HUS,1201-4403,4,4,96,96,0,0,DL,0,,,,,,,,,,,,,,,,,,,0,4,12,16,16,1.0,.0,.0,0,2,4,0,0,0,0,0,0,1,0,0,0,0,0,0,,,,,,,,,,,,,,,,,,,,,,,,,,,,,,,,,,,,,,,,,,,,,,,,,,,,,,,,,,,,,,,,,,,,,,,,,,,,,,,,,,,,,
2026-27,football,Conference of New England (CCC),ccc,Husson University,"Barrett,Connor",Connor,Barrett,,1133,"Barrett,Connor","BARRETT,CONNOR",Husson University,HUS,1201-3767,4,0,0,0,0,0,LB,0,,,,,,,,,,,,,,,,,,,0,0,1,1,1,.0,.0,.0,0,0,0,0,0,0,0,0,0,0,0,0,0,0,0,0,,,,,,,,,,,,,,,,,,,,,,,,,,,,,,,,,,,,,,,,,,,,,,,,,,,,,,,,,,,,,,,,,,,,,,,,,,,,,,,,,,,,,
2026-27,football,Conference of New England (CCC),ccc,Husson University,"Rolle,Dom",Dom,Rolle,,1133,"Rolle,Dom","ROLLE,DOM",Husson University,HUS,1201-4490,4,2,1,1A,0,WR,0,0,,,,,,,,,,,,,,,,,,,,,,,,,,,,,,,,,,,,,,,,,,,,,,,,,,,,,,,,,,,,,,,8,99,0,30,12.4,,,,,,1,0,,,,,,,,,,,,,,,,,,,,,,,,,,,,,,,,,,,,,,,,,,,,,,,,,,,,,
2026-27,football,Conference of New England (CCC),ccc,Husson University,"Crocker,Caden",Caden,Crocker,,1133,"Crocker,Caden","CROCKER,CADEN",Husson University,HUS,1201-4479,4,3,2,2,0,WR,0,0,,,,,,,,,,,,,,,,,,,,,,,,,,,,,,,,,,,,,,,,,,,,,,,,,,,,,,,,,,,,,,,8,44,0,12,5.5,,,,,,,,,,,,,,,,,,,,,,,,,,,,,,,,,,,,,,,,,,,,,,,,,,,,,,,,,,,,
2026-27,football,Conference of New England (CCC),ccc,Husson University,"Davis,Brett",Brett,Davis,,1133,"Davis,Brett","DAVIS,BRETT",Husson University,HUS,1201-3775,4,1,3,3,0,WR,0,0,,,,,,,,,,,,,,,,,,,0,2,1,3,3,.0,.0,.0,0,0,0,0,0,0,0,0,0,0,0,0,0,0,0,0,,,,,,,,,,,,,,,,,,,,,8,75,2,31,9.4,8,155,0,26,19.4,,,0,2,0,0,0,0,0,0,0,12,12,3,3,58,0,34,19.3,,,,,,,,,,,,,,,,,,,,,,,,,,,,,,,,,,,,
2026-27,football,Conference of New England (CCC),ccc,Husson University,"Hunter,Parker",Parker,Hunter,,1133,"Hunter,Parker","HUNTER,PARKER",Husson University,HUS,1201-4477,4,0,4,4,0,0,0,0,,,,,,,,,,,,,,,,,,,,,,,,,,,,,,,,,,,,,,,,,,,,,,,,,,,,,,,,,,,,,,,,,,,,,,,,,,,,,,,,,,,,,,,,,,,,,,,,,,,,,,,,,15,556,51,0,0,7,1,1,37.1,,,,,,,,,,,,,,
2026-27,football,Conference of New England (CCC),ccc,Husson University,"Lenz,Jacob",Jacob,Lenz,,1133,"Lenz,Jacob","LENZ,JACOB",Husson University,HUS,1201-3789,4,4,5,5,0,WR,0,0,,,,,,,,,,,,,,,,,,,0,0,1,1,1,.0,.0,.0,0,0,0,0,0,0,0,0,0,0,0,0,0,0,0,0,,,,,,,,,,,,,,,,,,,,,17,234,1,31,13.8,,,,,,,,0,1,0,0,0,0,0,0,0,6,6,1.5,,,,,,,,,,,,,,,,,,,,,,,,,,,,,,,,,,,,,,,,,
2026-27,football,Conference of New England (CCC),ccc,Husson University,"Schulz,Ricardo",Ricardo,Schulz,,1133,"Schulz,Ricardo","SCHULZ,RICARDO",Husson University,HUS,1201-4780,4,0,6,6,0,0,DB,0,,,,,,,,,,,,,,,,,,,,,,,,,,,,,,,,,,,,,,,,,,,,,,,,,,,,,,,,,,,,,,,,,,,,,,,,,,,,,,,,,,,,,,,,,,,,,,,,,,,,,,,,,,,,,,,,,,8,469,0,1,58.6,,,,,,,,,
2026-27,football,Conference of New England (CCC),ccc,Husson University,"Oliver,AJ",AJ,Oliver,,1133,"Oliver,AJ","OLIVER,AJ",Husson University,HUS,1201-4754,4,0,7,7A,0,0,DB,0,,,,,,,,,,,,,,,,,,,0,7,8,15,15,.0,.0,.0,0,0,0,0,0,0,0,4,0,0,0,0,0,0,0,4,,,,,,,,,,,,,,,,,,,,,,,,,,,,,,,,,,,,,,,,,,,,,,,,,,,,,,,,,,,,,,,,,,,,,,,,,,,,,,,,,,,,,
2026-27,football,Conference of New England (CCC),ccc,Husson University,"Kochendoerfer,Aiden",Aiden,Kochendoerfer,,1133,"Kochendoerfer,Aiden","KOCHENDOERFER,AIDEN",Husson University,HUS,1201-4485,2,0,9,9,0,WR,0,0,,,,,,,,,,,,,,,,,,,,,,,,,,,,,,,,,,,,,,,,,,,,,,,,,,,,,,,,,,,,,,,1,3,0,3,3.0,,,,,,,,,,,,,,,,,,,,,,,,,,,,,,,,,,,,,,,,,,,,,,,,,,,,,,,,,,,,
2026-27,football,Conference of New England (CCC),ccc,Husson University,"Young,Izak",Izak,Young,,1133,"Young,Izak","YOUNG,IZAK",Husson University,HUS,1201-4223,2,0,11,11,0,0,DB,0,,,,,,,,,,,,,,,,,,,0,0,2,2,2,.0,.0,.0,0,0,0,0,0,0,0,0,0,0,0,0,0,0,0,0,,,,,,,,,,,,,,,,,,,,,,,,,,,,,,,,,,,,,,,,,,,,,,,,,,,,,,,,,,,,,,,,,,,,,,,,,,,,,,,,,,,,,
2026-27,football,Conference of New England (CCC),ccc,Husson University,"Gibson,Brody",Brody,Gibson,,1133,"Gibson,Brody","GIBSON,BRODY",Husson University,HUS,1201-3882,4,4,12,12,0,QB,0,0,,,,,,,,,,,,,,,,,,,0,0,0,0,0,.0,.0,.0,0,0,0,0,0,0,0,0,0,0,0,0,0,0,0,0,,,,,,,,,,,,,13,21,50,29,0,17,1.6,5.3,,,,,,,,,,,1,0,,,,,,,,,,,,,,,,,,,22,3,31,3,576,5,115,61,95.0,5.01,9.44,144.0,,,,,,,,,,,,,,,,,,,,,,,
2026-27,football,Conference of New England (CCC),ccc,Husson University,"Peguero,Jonathan",Jonathan,Peguero,,1133,"Peguero,Jonathan","PEGUERO,JONATHAN",Husson University,HUS,1201-4203,4,0,22,22,0,RB,0,0,,,,,,,,,,,,,,,,,,,,,,,,,,,,,,,,,,,,,,,,,,,,,,,,,,,,,,,,,,,,,,,,,,,,1,10,0,10,10.0,,,,,,,,,,,,,,,,,,,,,,,,,,,,,,,,,,,,,,,,,,,,,,,,,,,,,,,
2026-27,football,Conference of New England (CCC),ccc,Husson University,"Santacroce,Anthony",Anthony,Santacroce,,1133,"Santacroce,Anthony","SANTACROCE,ANTHONY",Husson University,HUS,1201-4436,4,4,23,23,0,RB,0,0,,,,,,,,,,,,,,,,,,,0,0,0,0,0,.0,.0,.0,0,0,0,0,0,0,0,0,0,0,0,0,0,0,0,0,,,,,,,,,,,,,60,222,229,7,2,15,3.7,55.5,4,21,0,11,5.3,,,,,,2,2,0,2,0,0,0,0,0,0,0,12,12,3,,,,,,,,,,,,,,,,,,,,,,,,,,,,,,,,,,,,,,,,,
2026-27,football,Conference of New England (CCC),ccc,Husson University,"Leavitt,Ethan",Ethan,Leavitt,,1133,"Leavitt,Ethan","LEAVITT,ETHAN",Husson University,HUS,1201-4417,4,0,24,24,0,0,DB,0,,,,,,,,,,,,,,,,,,,0,1,3,4,4,.0,.0,.0,0,0,0,0,0,0,0,0,0,0,0,0,1,0,0,0,,,,,,,,,,,,,,,,,,,,,,,,,,,,,,,0,0,,,,,,,,,,,,,,,,,,,,,,,,,,,,,,,,,,,,,,,,,,,,,,,,,,,,,
2026-27,football,Conference of New England (CCC),ccc,Husson University,"Ruiz Cantu,Daniel",Daniel,Ruiz Cantu,,1133,"Ruiz Cantu,Daniel","RUIZ CANTU,DANIEL",Husson University,HUS,1201-4435,4,0,26,26,0,RB,0,0,,,,,,,,,,,,,,,,,,,0,0,0,0,0,.0,.0,.0,0,0,0,0,0,0,0,0,0,0,0,0,0,0,0,0,,,,,,,,,,,,,39,121,138,17,0,26,3.1,30.3,6,18,0,10,3.0,4,69,0,22,17.3,1,0,,,,,,,,,,,,,,,,,,,,,,,,,,,,,,,,,,,,,,,,,,,,,,,,,,,,,
2026-27,football,Conference of New England (CCC),ccc,Husson University,"Acosta,Adrian",Adrian,Acosta,,1133,"Acosta,Adrian","ACOSTA,ADRIAN",Husson University,HUS,1201-4394,3,0,27,27,0,0,LB,0,,,,,,,,,,,,,,,,,,,,,,,,,,,,,,,,,,,,,,,,,,,,,,,,,,,,,,,,,,,,,,,,,,,,,,,,,,,,,,,,,,,,,,,,,,,,,,,,,,,,,,,,,,,,,,,,,,,,,,,,,,,,,,,
2026-27,football,Conference of New England (CCC),ccc,Husson University,"Koutsouflakis,DK",DK,Koutsouflakis,,1133,"Koutsouflakis,DK","KOUTSOUFLAKIS,DK",Husson University,HUS,1201-4414,4,0,28,28,0,RB,0,0,,,,,,,,,,,,,,,,,,,0,0,0,0,0,.0,.0,.0,0,0,0,0,0,0,0,0,0,0,0,0,0,0,0,0,,,,,,,,,,,,,7,23,23,0,0,7,3.3,5.8,,,,,,1,23,0,23,23.0,,,,,,,,,,,,,,,,,,,,,,,,,,,,,,,,,,,,,,,,,,,,,,,,,,,,,,,
2026-27,football,Conference of New England (CCC),ccc,Husson University,"Sow,Malik",Malik,Sow,,1133,"Sow,Malik","SOW,MALIK",Husson University,HUS,1201-4439,4,0,33,33,0,0,DL,0,,,,,,,,,,,,,,,,,,,0,2,5,7,7,.0,.0,.0,0,0,0,0,0,0,0,0,0,0,0,0,0,0,0,0,,,,,,,,,,,,,,,,,,,,,,,,,,,,,,,,,,,,,,,,,,,,,,,,,,,,,,,,,,,,,,,,,,,,,,,,,,,,,,,,,,,,,
2026-27,football,Conference of New England (CCC),ccc,Husson University,"Judkins,Morgan",Morgan,Judkins,,1133,"Judkins,Morgan","JUDKINS,MORGAN",Husson University,HUS,1201-4776,1,0,39,39,0,0,LB,0,,,,,,,,,,,,,,,,,,,,,,,,,,,,,,,,,,,,,,,,,,,,,,,,,,,,,,,,,,,,,,,,,,,,,,,,,,,,,,,,,,,,,,,,,,,,,,,,,,,,,,,,,,,,,,,,,,,,,,,,,,,,,,,
2026-27,football,Conference of New England (CCC),ccc,Husson University,"Trott,Dominic",Dominic,Trott,,1133,"Trott,Dominic","TROTT,DOMINIC",Husson University,HUS,1201-4235,4,3,42,42,0,TE,0,0,,,,,,,,,,,,,,,,,,,,,,,,,,,,,,,,,,,,,,,,,,,,,,,,,,,,,,,,,,,,,,,8,61,0,21,7.6,1,0,0,0,.0,1,0,,,,,,,,,,,,,,,,,,,,,,,,,,,,,,,,,,,,,,,,,,,,,,,,,,,,,
2026-27,football,Conference of New England (CCC),ccc,Husson University,"McNulty,Gavin",Gavin,McNulty,,1133,"McNulty,Gavin","MCNULTY,GAVIN",Husson University,HUS,1201-4199,4,1,53,53,0,0,LB,0,,,,,,,,,,,,,,,,,,,0,1,3,4,4,.0,.0,.0,0,0,0,0,0,0,0,0,0,0,0,0,0,0,0,0,,,,,,,,,,,,,,,,,,,,,,,,,,,,,,,,,,,,,,,,,,,,,,,,,,,,,,,,,,,,,,,,,,,,,,,,,,,,,,,,,,,,,
2026-27,football,Conference of New England (CCC),ccc,Husson University,"Snyder,Noah",Noah,Snyder,,1133,"Snyder,Noah","SNYDER,NOAH",Husson University,HUS,1201-4392,4,0,54,54,0,0,LB,0,,,,,,,,,,,,,,,,,,,0,2,5,7,7,.0,.0,.0,0,0,0,0,0,0,0,0,0,1,0,0,0,0,0,0,,,,,,,,,,,,,,,,,,,,,,,,,,,,,,,,,,,,,,,,,,,,,,,,,,,,,,,,,,,,,,,,,,,,,,,,,,,,,,,,,,,,,
2026-27,football,Conference of New England (CCC),ccc,Husson University,"Quirion,Matt",Matt,Quirion,,1133,"Quirion,Matt","QUIRION,MATT",Husson University,HUS,1201-4206,4,4,55,55,0,OL,0,0,,,,,,,,,,,,,,,,,,,0,1,0,1,1,.0,.0,.0,0,0,0,0,0,0,0,0,0,0,0,0,0,0,0,0,,,,,,,,,,,,,,,,,,,,,,,,,,,,,,,,,,,,,,,,,,,,,,,,,,,,,,,,,,,,,,,,,,,,,,,,,,,,,,,,,,,,,
2026-27,football,Conference of New England (CCC),ccc,Husson University,"Hanson,Shane",Shane,Hanson,,1133,"Hanson,Shane","HANSON,SHANE",Husson University,HUS,1201-4737,0,0,55,5C,0,0,DL,0,,,,,,,,,,,,,,,,,,,,,,,,,,,,,,,,,,,,,,,,,,,,,,,,,,,,,,,,,,,,,,,,,,,,,,,,,,,,,,,,,,,,,,,,,,,,,,,,,,,,,,,,,,,,,,,,,,,,,,,,,,,,,,,
2026-27,football,Conference of New England (CCC),ccc,Husson University,"Charitopoulos,Panos",Panos,Charitopoulos,,1133,"Charitopoulos,Panos","CHARITOPOULOS,PANOS",Husson University,HUS,1201-4180,4,4,60,60,0,OL,0,0,,,,,,,,,,,,,,,,,,,,,,,,,,,,,,,,,,,,,,,,,,,,,,,,,,,,,,,,,,,,,,,,,,,,,,,,,,,,,,,,,,,,,,,,,,,,,,,,,,,,,,,,,,,,,,,,,,,,,,,,,,,,,,,
2026-27,football,Conference of New England (CCC),ccc,Husson University,"Nee,Daniel",Daniel,Nee,,1133,"Nee,Daniel","NEE,DANIEL",Husson University,HUS,1201-4446,4,3,67,67,0,OL,0,0,,,,,,,,,,,,,,,,,,,,,,,,,,,,,,,,,,,,,,,,,,,,,,,,,,,,,,,,,,,,,,,,,,,,,,,,,,,,,,,,,,,,,,,,,,,,,,,,,,,,,,,,,,,,,,,,,,,,,,,,,,,,,,,
2026-27,football,Conference of New England (CCC),ccc,Husson University,"Ramos,CJ",CJ,Ramos,,1133,"Ramos,CJ","RAMOS,CJ",Husson University,HUS,1201-4432,4,2,71,71,0,OL,0,0,,,,,,,,,,,,,,,,,,,,,,,,,,,,,,,,,,,,,,,,,,,,,,,,,,,,,,,,,,,,,,,,,,,,,,,,,,,,,,,,,,,,,,,,,,,,,,,,,,,,,,,,,,,,,,,,,,,,,,,,,,,,,,,
2026-27,football,Conference of New England (CCC),ccc,Husson University,"Perry,Aidan",Aidan,Perry,,1133,"Perry,Aidan","PERRY,AIDAN",Husson University,HUS,1201-4430,1,1,73,73,0,OL,0,0,,,,,,,,,,,,,,,,,,,,,,,,,,,,,,,,,,,,,,,,,,,,,,,,,,,,,,,,,,,,,,,,,,,,,,,,,,,,,,,,,,,,,,,,,,,,,,,,,,,,,,,,,,,,,,,,,,,,,,,,,,,,,,,
2026-27,football,Conference of New England (CCC),ccc,Husson University,"Tolliver,Jeremiah",Jeremiah,Tolliver,,1133,"Tolliver,Jeremiah","TOLLIVER,JEREMIAH",Husson University,HUS,1201-4447,4,4,76,76,0,OL,0,0,,,,,,,,,,,,,,,,,,,,,,,,,,,,,,,,,,,,,,,,,,,,,,,,,,,,,,,0,0,0,0,0,0,.0,.0,,,,,,,,,,,,,,,,,,,,,,,,,,,,,,,,,,,,,,,,,,,,,,,,,,,,,,,,,,,,,,,,,
2026-27,football,Conference of New England (CCC),ccc,Husson University,"Bickford,Jeff",Jeff,Bickford,,1133,"Bickford,Jeff","BICKFORD,JEFF",Husson University,HUS,1201-4177,3,3,77,77,0,OL,0,0,,,,,,,,,,,,,,,,,,,0,1,0,1,1,.0,.0,.0,0,0,0,0,0,0,0,0,0,0,0,0,0,0,0,0,,,,,,,,,,,,,,,,,,,,,,,,,,,,,,,,,,,,,,,,,,,,,,,,,,,,,,,,,,,,,,,,,,,,,,,,,,,,,,,,,,,,,
2026-27,football,Conference of New England (CCC),ccc,Husson University,"Waterman,Shane",Shane,Waterman,,1133,"Waterman,Shane","WATERMAN,SHANE",Husson University,HUS,1201-4442,4,0,92,92,0,0,DL,0,,,,,,,,,,,,,,,,,,,0,1,7,8,8,.0,.0,.0,0,0,0,0,0,0,0,0,0,0,0,0,0,0,0,0,,,,,,,,,,,,,,,,,,,,,,,,,,,,,,,,,,,,,,,,,,,,,,,,,,,,,,,,,,,,,,,,,,,,,,,,,,,,,,,,,,,,,
2026-27,football,Conference of New England (CCC),ccc,Husson University,"Egan,Patrick",Patrick,Egan,,1133,"Egan,Patrick","EGAN,PATRICK",Husson University,HUS,1201-4727,4,0,95,95,0,0,DL,0,,,,,,,,,,,,,,,,,,,0,2,3,5,5,.0,.0,.0,0,0,0,0,0,0,0,0,1,0,0,0,0,0,0,0,,,,,,,,,,,,,,,,,,,,,,,,,,,,,,,,,,,,,,,,,,,,,,,,,,,,,,,,,,,,,,,,,,,,,,,,,,,,,,,,,,,,,
2026-27,football,Conference of New England (CCC),ccc,Husson University,"Henry,Alexander",Alexander,Henry,,1133,"Henry,Alexander","HENRY,ALEXANDER",Husson University,HUS,1201-4390,3,0,97,97,0,0,0,0,,,,,,,5,4,0,0,0,0,0,0,0,0,0,0,0,0,0,0,0,.0,.0,.0,0,0,0,0,0,0,0,0,0,0,0,0,0,0,0,0,,,,,,,,,,,,,,,,,,,,,,,,,,,,,,,,,4,0,0,0,0,0,0,0,0,4,4,1.33,,,,,,,,,,,,,,,,,,,,,,,,,,,,,,,,,0,0,0,0,.0,,,,
2026-27,football,Conference of New England (CCC),ccc,Husson University,"Papa,Dominic",Dominic,Papa,,1133,"Papa,Dominic","PAPA,DOMINIC",Husson University,HUS,1201-4427,1,0,6,6A,0,QB,0,0,,,,,,,,,,,,,,,,,,,,,,,,,,,,,,,,,,,,,,,,,,,,,,,,,,,,,,,,,,,,,,,,,,,,,,,,,,,,,,,,,,,,,,,,,,,,,0,0,0,0,0,1,1,0,-200.0,.00,.00,.0,,,,,,,,,,,,,,,,,,,,,,,
2026-27,football,Conference of New England (CCC),ccc,Husson University,"Stewart,Aubrey",Aubrey,Stewart,,1133,"Stewart,Aubrey","STEWART,AUBREY",Husson University,HUS,1201-4216,3,2,7,7,0,WR,0,0,,,,,,,,,,,,,,,,,,,,,,,,,,,,,,,,,,,,,,,,,,,,,,,,,,,,,,,,,,,,,,,0,0,0,0,.0,,,,,,,,,,,,,,,,,,,,,,,,,,,,,,,,,,,,,,,,,,,,,,,,,,,,,,,,,,,,
2026-27,football,Conference of New England (CCC),ccc,Husson University,"Hollis,Landon",Landon,Hollis,,1133,"Hollis,Landon","HOLLIS,LANDON",Husson University,HUS,1201-4739,2,0,79,79,0,OL,0,0,,,,,,,,,,,,,,,,,,,,,,,,,,,,,,,,,,,,,,,,,,,,,,,,,,,,,,,,,,,,,,,,,,,,,,,,,,,,,,,,,,,,,,,,,,,,,,,,,,,,,,,,,,,,,,,,,,,,,,,,,,,,,,,
2026-27,football,Conference of New England (CCC),ccc,Husson University,"Wilson,Roger",Roger,Wilson,,1133,"Wilson,Roger","WILSON,ROGER",Husson University,HUS,1201-4769,3,0,85,85,0,TE,0,0,,,,,,,,,,,,,,,,,,,,,,,,,,,,,,,,,,,,,,,,,,,,,,,,,,,,,,,,,,,,,,,0,0,0,0,.0,,,,,,,,,,,,,,,,,,,,,,,,,,,,,,,,,,,,,,,,,,,,,,,,,,,,,,,,,,,,
2026-27,football,Conference of New England (CCC),ccc,Husson University,"Doe-Bruce,Bryan",Bryan,Doe-Bruce,,1133,"Doe-Bruce,Bryan","DOE-BRUCE,BRYAN",Husson University,HUS,1201-4726,1,0,98,98,0,0,DL,0,,,,,,,,,,,,,,,,,,,,,,,,,,,,,,,,,,,,,,,,,,,,,,,,,,,,,,,,,,,,,,,,,,,,,,,,,,,,,,,,,,,,,,,,,,,,,,,,,,,,,,,,,,,,,,,,,,,,,,,,,,,,,,,
2026-27,football,Conference of New England (CCC),ccc,Husson University,"Tennett,Trey",Trey,Tennett,,1133,"Tennett,Trey","TENNETT,TREY",Husson University,HUS,1201-4763,2,0,13,13,0,WR,0,0,,,,,,,,,,,,,,,,,,,,,,,,,,,,,,,,,,,,,,,,,,,,,,,,,,,,,,,,,,,,,,,,,,,,,,,,,,,,,,,,,,,,,,,,,,,,,,,,,,,,,,,,,,,,,,,,,,,,,,,,,,,,,,,
2026-27,football,Conference of New England (CCC),ccc,Husson University,Adrian Lule,Adrian,Lule,,1133,Adrian Lule,"LULE,ADRIAN",Husson University,HUS,1201-4418,2,0,52,52,0,0,0,0,,,,,,,,,,,,,,,,,,,,,,,,,,,,,,,,,,,,,,,,,,,,,,,,,,,,,,,,,,,,,,,,,,,,,,,,,,,,,,,,,,,,,,,,,,,,,,,,,,,,,,,,,,,,,,,,,,,,,,,,,,,,,,,
2026-27,football,Conference of New England (CCC),ccc,Husson University,Marvens Dallemand,Marvens,Dallemand,,1133,Marvens Dallemand,"DALLEMAND,MARVENS",Husson University,HUS,1201-4725,1,0,56,56,0,0,0,0,,,,,,,,,,,,,,,,,,,,,,,,,,,,,,,,,,,,,,,,,,,,,,,,,,,,,,,,,,,,,,,,,,,,,,,,,,,,,,,,,,,,,,,,,,,,,,,,,,,,,,,,,,,,,,,,,,,,,,,,,,,,,,,
2026-27,football,Conference of New England (CCC),ccc,Husson University,Sam Jacobs,Sam,Jacobs,,1133,Sam Jacobs,"JACOBS,SAM",Husson University,HUS,1201-4412,1,0,83,83,0,0,0,0,,,,,,,,,,,,,,,,,,,,,,,,,,,,,,,,,,,,,,,,,,,,,,,,,,,,,,,,,,,,,,,,,,,,,,,,,,,,,,,,,,,,,,,,,,,,,,,,,,,,,,,,,,,,,,,,,,,,,,,,,,,,,,,
2026-27,football,Conference of New England (CCC),ccc,Husson University,Brady Ramsdell,Brady,Ramsdell,,1133,Brady Ramsdell,"RAMSDELL,BRADY",Husson University,HUS,1201-4433,2,0,8,8,0,0,0,0,,,,,,,,,,,,,,,,,,,,,,,,,,,,,,,,,,,,,,,,,,,,,,,,,,,,,,,,,,,,,,,,,,,,,,,,,,,,,,,,,,,,,,,,,,,,,,,,,,,,,,,,,,,,,,,,,,,,,,,,,,,,,,,
2026-27,football,Conference of New England (CCC),ccc,Husson University,Brody Roberts,Brody,Roberts,,1133,Brody Roberts,"ROBERTS,BRODY",Husson University,HUS,1201-4759,1,0,21,21,0,0,0,0,,,,,,,,,,,,,,,,,,,,,,,,,,,,,,,,,,,,,,,,,,,,,,,,,,,,,,,,,,,,,,,,,,,,,,,,,,,,,,,,,,,,,,,,,,,,,,,,,,,,,,,,,,,,,,,,,,,,,,,,,,,,,,,
2026-27,football,Conference of New England (CCC),ccc,Husson University,Logan Wilson,Logan,Wilson,,1133,Logan Wilson,"WILSON,LOGAN",Husson University,HUS,1201-4768,0,0,34,34,0,0,0,0,,,,,,,,,,,,,,,,,,,,,,,,,,,,,,,,,,,,,,,,,,,,,,,,,,,,,,,,,,,,,,,,,,,,,,,,,,,,,,,,,,,,,,,,,,,,,,,,,,,,,,,,,,,,,,,,,,,,,,,,,,,,,,,
2026-27,football,Conference of New England (CCC),ccc,Husson University,Chad Monty,Chad,Monty,,1133,Chad Monty,"MONTY,CHAD",Husson University,HUS,1201-4748,2,0,36,36,0,0,0,0,,,,,,,,,,,,,,,,,,,,,,,,,,,,,,,,,,,,,,,,,,,,,,,,,,,,,,,3,10,10,0,0,5,3.3,5.0,,,,,,1,18,0,18,18.0,,,,,,,,,,,,,,,,,,,,,,,,,,,,,,,,,,,,,,,,,,,,,,,,,,,,,,,
2026-27,football,Conference of New England (CCC),ccc,Husson University,George Hernandez,George,Hernandez,,1133,George Hernandez,"HERNANDEZ,GEORGE",Husson University,HUS,1201-4409,2,0,78,78,0,0,0,0,,,,,,,,,,,,,,,,,,,,,,,,,,,,,,,,,,,,,,,,,,,,,,,,,,,,,,,,,,,,,,,,,,,,,,,,,,,,,,,,,,,,,,,,,,,,,,,,,,,,,,,,,,,,,,,,,,,,,,,,,,,,,,,
2026-27,football,Conference of New England (CCC),ccc,Husson University,Aron Gadolla,Aron,Gadolla,,1133,Aron Gadolla,"GADOLLA,ARON",Husson University,HUS,1201-4407,2,0,3E,3E,0,0,0,0,,,,,,,,,,,,,,,,,,,,,,,,,,,,,,,,,,,,,,,,,,,,,,,,,,,,,,,,,,,,,,,,,,,,,,,,,,,,,,,,,,,,,,,,,,,,,,,,,,,,,,,,,,,,,,,,,,,,,,,,,,,,,,,
2026-27,football,Conference of New England (CCC),ccc,Husson University,"Griffin,Sean",Sean,Griffin,,1133,"Griffin,Sean","GRIFFIN,SEAN",Husson University,HUS,1201-4735,1,0,17,1E,0,QB,0,0,,,,,,,,,,,,,,,,,,,,,,,,,,,,,,,,,,,,,,,,,,,,,,,,,,,,,,,,,,,,,,,,,,,,,,,,,,,,,,,,,,,,,,,,,,,,,0,0,0,0,0,0,1,0,.0,.00,.00,.0,,,,,,,,,,,,,,,,,,,,,,,
2026-27,football,Conference of New England (CCC),ccc,Husson University,"Harvey,Joshua",Joshua,Harvey,,1133,"Harvey,Joshua","HARVEY,JOSHUA",Husson University,HUS,1201-3885,1,0,29,29,0,0,0,0,,,,,,,,,,,,,,,,,,,,,,,,,,,,,,,,,,,,,,,,,,,,,,,,,,,,,,,,,,,,,,,,,,,,,,,,,,,,,,,,,,,,,,,,,,,,,,,,,,,,,,,,,,,,,,,,,,1,43,0,0,43.0,,,,,,,,,
2026-27,football,Conference of New England (CCC),ccc,Husson University,"Cortina,Seth",Seth,Cortina,,1133,"Cortina,Seth","CORTINA,SETH",Husson University,HUS,1201-4401,1,0,35,35,0,RB,0,0,,,,,,,,,,,,,,,,,,,,,,,,,,,,,,,,,,,,,,,,,,,,,,,,,,,,,,,,,,,,,,,1,21,0,21,21.0,,,,,,,,,,,,,,,,,,,,,,,,,,,,,,,,,,,,,,,,,,,,,,,,,,,,,,,,,,,,
2026-27,football,Conference of New England (CCC),ccc,Husson University,"Melendez,Jose",Jose,Melendez,,1133,"Melendez,Jose","MELENDEZ,JOSE",Husson University,HUS,1201-4746,1,0,58,58,0,OL,0,0,,,,,,,,,,,,,,,,,,,,,,,,,,,,,,,,,,,,,,,,,,,,,,,,,,,,,,,,,,,,,,,,,,,,,,,,,,,,,,,,,,,,,,,,,,,,,,,,,,,,,,,,,,,,,,,,,,,,,,,,,,,,,,,
2026-27,football,Conference of New England (CCC),ccc,Husson University,"Witchley,Greyson",Greyson,Witchley,,1133,"Witchley,Greyson","WITCHLEY,GREYSON",Husson University,HUS,1201-4444,1,0,62,62,0,OL,0,0,,,,,,,,,,,,,,,,,,,,,,,,,,,,,,,,,,,,,,,,,,,,,,,,,,,,,,,,,,,,,,,,,,,,,,,,,,,,,,,,,,,,,,,,,,,,,,,,,,,,,,,,,,,,,,,,,,,,,,,,,,,,,,,
2026-27,football,Conference of New England (CCC),ccc,Husson University,"O'Connell,Matt",Matt,O'Connell,,1133,"O'Connell,Matt","O'CONNELL,MATT",Husson University,HUS,0,1,0,72,72,0,OL,0,0,,,,,,,,,,,,,,,,,,,,,,,,,,,,,,,,,,,,,,,,,,,,,,,,,,,,,,,,,,,,,,,,,,,,,,,,,,,,,,,,,,,,,,,,,,,,,,,,,,,,,,,,,,,,,,,,,,,,,,,,,,,,,,,
2026-27,football,Conference of New England (CCC),ccc,Husson University,"Ngongo,Glaia",Glaia,Ngongo,,1133,"Ngongo,Glaia","NGONGO,GLAIA",Husson University,HUS,0,1,0,74,74,0,OL,0,0,,,,,,,,,,,,,,,,,,,,,,,,,,,,,,,,,,,,,,,,,,,,,,,,,,,,,,,,,,,,,,,,,,,,,,,,,,,,,,,,,,,,,,,,,,,,,,,,,,,,,,,,,,,,,,,,,,,,,,,,,,,,,,,
2026-27,football,Conference of New England (CCC),ccc,Maine Maritime Academy,Lucas Houghton,Lucas,Houghton,,378,Lucas Houghton,"HOUGHTON,LUCAS",Maine Maritime Academy,MEM,1208-1978,3,2,0,0,0,0,0,0,,,,,,,,,,,,,,,,,,,0,14,16,30,30,1.0,.0,.0,1,0,3,0,0,0,0,0,0,0,0,1,0,0,0,0,,,,,,,,,,,,,,,,,,,,,,,,,,,,,,,,,,,,,,,,,,,,,,,,,,,,,,,,,,,,,,,,,,,,,,,,,,,,,,,,,,,,,
2026-27,football,Conference of New England (CCC),ccc,Maine Maritime Academy,James Boyer-Russell,James,Boyer-Russell,,378,James Boyer-Russell,"BOYER-RUSSELL,JAMES",Maine Maritime Academy,MEM,1208-2331,3,2,1,1,0,0,0,0,,,,,,,,,,,,,,,,,,,0,9,10,19,19,2.5,.0,.0,2,1,3,2,2,0,8,0,0,0,0,0,0,0,0,0,,,,,,,,,,,,,,,,,,,,,,,,,,,,,,,,,,,,,,,,,,,,,,,,,,,,,,,,,,,,,,,,,,,,,,,,,,,,,,,,,,,,,
2026-27,football,Conference of New England (CCC),ccc,Maine Maritime Academy,Ty Regis,Ty,Regis,,378,Ty Regis,"REGIS,TY",Maine Maritime Academy,MEM,1208-2144,3,2,2,2,0,0,0,0,,,,,,,,,,,,,,,,,,,,,,,,,,,,,,,,,,,,,,,,,,,,,,,,,,,,,,,,,,,,,,,5,99,0,37,19.8,,,,,,,,,,,,,,,,,,,,,,,,,,,,,,,,,,,,,,,,,,,,,,,,,,,,,,,,,,,,
2026-27,football,Conference of New England (CCC),ccc,Maine Maritime Academy,Connor Cuba,Connor,Cuba,,378,Connor Cuba,"CUBA,CONNOR",Maine Maritime Academy,MEM,1208-2329,3,2,3,3,0,0,0,0,,,,,,,,,,,,,,,,,,,0,7,13,20,20,.5,.0,.0,0,1,1,0,0,0,0,0,0,1,0,0,0,0,0,0,,,,,,,,,,,,,,,,,,,,,,,,,,,,,,,,,,,,,,,,,,,,,,,,,,,,,,,,,,,,,,,,,,,,,,,,,,,,,,,,,,,,,
2026-27,football,Conference of New England (CCC),ccc,Maine Maritime Academy,Auston Harris,Auston,Harris,,378,Auston Harris,"HARRIS,AUSTON",Maine Maritime Academy,MEM,1208-2033,3,2,4,4,0,0,0,0,,,,,,,,,,,,,,,,,,,0,1,0,1,1,1.0,.0,.0,1,0,3,0,0,0,0,0,0,0,0,0,0,0,0,0,,,,,,,,,,,,,44,149,161,12,0,13,3.4,49.7,15,157,2,36,10.5,,,,,,1,1,0,2,0,0,0,0,0,0,0,12,12,4,,,,,,,,,,,,,,,,,,,,,,,,,,,,,,,,,,,,,,,,,
2026-27,football,Conference of New England (CCC),ccc,Maine Maritime Academy,Matt Gagin,Matt,Gagin,,378,Matt Gagin,"GAGIN,MATT",Maine Maritime Academy,MEM,1208-1976,3,1,5,5,0,0,0,0,,,,,,,,,,,,,,,,,,,0,8,21,29,29,.5,.0,.0,0,1,1,0,0,0,0,1,0,0,0,0,0,0,0,1,,,,,,,,,,,,,,,,,,,,,,,,,,,,,,,,,,,,,,,,,,,,,,,,,,,,,,,,,,,,,,,,,,,,,,,,,,,,,,,,,,,,,
2026-27,football,Conference of New England (CCC),ccc,Maine Maritime Academy,Jack Coleman,Jack,Coleman,,378,Jack Coleman,"COLEMAN,JACK",Maine Maritime Academy,MEM,1208-1885,3,1,6,6,0,0,0,0,,,,,,,,,,,,,,,,,,,0,5,5,10,10,.0,.0,.0,0,0,0,0,0,0,0,1,0,0,0,0,0,0,0,1,,,,,,,,,,,,,,,,,,,,,,,,,,,,,,,,,,,,,,,,,,,,,,,,,,,,,,,,,,,,,,,,,,,,,,,,,,,,,,,,,,,,,
2026-27,football,Conference of New England (CCC),ccc,Maine Maritime Academy,Daryl Hooper,Daryl,Hooper,,378,Daryl Hooper,"HOOPER,DARYL",Maine Maritime Academy,MEM,1208-1987,1,0,7,7,0,0,0,0,,,,,,,,,,,,,,,,,,,0,2,3,5,5,1.0,.0,.0,1,0,0,0,0,0,0,0,0,0,0,0,0,0,0,0,,,,,,,,,,,,,,,,,,,,,,,,,,,,,,,,,,,,,,,,,,,,,,,,,,,,,,,,,,,,,,,,,,,,,,,,,,,,,,,,,,,,,
2026-27,football,Conference of New England (CCC),ccc,Maine Maritime Academy,Jack Austin,Jack,Austin,,378,Jack Austin,"AUSTIN,JACK",Maine Maritime Academy,MEM,1208-2197,3,2,8,8,0,0,0,0,,,,,,,,,,,,,,,,,,,0,0,0,0,0,.0,.0,.0,0,0,0,0,0,0,0,1,0,0,0,0,0,0,0,1,,,,,,,,,,,,,4,9,9,0,0,5,2.3,3.0,10,60,0,23,6.0,,,,,,,,,,,,,,,,,,,,,,,,,,,,,,,,,,,,,,,,,,,,,,,,,,,,,,,,,,,,
2026-27,football,Conference of New England (CCC),ccc,Maine Maritime Academy,Eli Bennett,Eli,Bennett,,378,Eli Bennett,"BENNETT,ELI",Maine Maritime Academy,MEM,1208-2199,3,1,12,12,0,0,0,0,,,,,,,,,,,,,,,,,,,,,,,,,,,,,,,,,,,,,,,,,,,,,,,,,,,,,,,,,,,,,,,3,9,0,7,3.0,,,,,,,,,,,,,,,,,,,,,,,,,,,,,,,,,,,,,,,,,,,,,,,,,,,,,,,,,,,,
2026-27,football,Conference of New England (CCC),ccc,Maine Maritime Academy,Harris Stone,Harris,Stone,,378,Harris Stone,"STONE,HARRIS",Maine Maritime Academy,MEM,1208-2545,3,2,13,13,0,0,0,0,,,,,,,,,,,,,,,,,,,0,0,0,0,0,.0,.0,.0,0,0,0,0,0,0,0,0,0,0,0,0,0,0,0,0,,,,,,,,,,,,,15,-2,31,33,0,13,-.1,-.7,,,,,,,,,,,1,1,,,,,,,,,,,,,,,,,,,43,4,37,2,336,2,73,35,90.2,4.60,9.60,112.0,15,523,46,0,2,0,0,6,34.9,,,,,,,,,,,,,,
2026-27,football,Conference of New England (CCC),ccc,Maine Maritime Academy,Anthony Mazza,Anthony,Mazza,,378,Anthony Mazza,"MAZZA,ANTHONY",Maine Maritime Academy,MEM,1208-2507,3,2,17,17,0,0,0,0,,,,,,,,,,,,,,,,,,,0,12,12,24,24,.0,.0,.0,0,0,0,0,0,0,0,0,0,0,0,0,0,0,0,0,,,,,,,,,,,,,,,,,,,,,,,,,,,,,,,,,,,,,,,,,,,,,,,,,,,,,,,,,,,,,,,,,,,,,,,,,,,,,,,,,,,,,
2026-27,football,Conference of New England (CCC),ccc,Maine Maritime Academy,Kurt Coen,Kurt,Coen,,378,Kurt Coen,"COEN,KURT",Maine Maritime Academy,MEM,1208-2311,3,0,20,20,0,0,0,0,,,,,,,,,,,,,,,,,,,0,1,2,3,3,.0,.0,.0,0,0,0,0,0,0,0,0,0,0,0,0,0,0,0,0,,,,,,,,,,,,,,,,,,,,,,,,,,,,,,,1,1,,,,,,,,,,,,,1,0,0,0,.0,,,,,,,,,,,,,,,,,,,,,,,,,,,,,,,,,,,,
2026-27,football,Conference of New England (CCC),ccc,Maine Maritime Academy,Aidan DeBeck,Aidan,DeBeck,,378,Aidan DeBeck,"DEBECK,AIDAN",Maine Maritime Academy,MEM,1208-2207,3,2,24,24,0,0,0,0,,,,,,,,,,,,,,,,,,,0,3,3,6,6,.0,.0,.0,0,0,0,0,0,0,0,0,0,0,0,0,0,0,0,0,,,,,,,,,,,,,,,,,,,,,,,,,,,,,,,,,,,,,,,,,,,,,,,,,,,,,,,,,,,,,,,,,,,,,,,,,,,,,,,,,,,,,
2026-27,football,Conference of New England (CCC),ccc,Maine Maritime Academy,Nick Eremita,Nick,Eremita,,378,Nick Eremita,"EREMITA,NICK",Maine Maritime Academy,MEM,1208-2492,2,0,25,25,0,0,0,0,,,,,,,,,,,,,,,,,,,0,1,2,3,3,.0,.0,.0,0,0,0,0,0,0,0,0,0,0,0,0,0,0,0,0,,,,,,,,,,,,,,,,,,,,,,,,,,,,,,,,,,,,,,,,,,,,,,,,,,,,,,,,,,,,,,,,,,,,,,,,,,,,,,,,,,,,,
2026-27,football,Conference of New England (CCC),ccc,Maine Maritime Academy,St john Dominic,St john,Dominic,,378,St john Dominic,"JOHN,DOMINIC ST",Maine Maritime Academy,MEM,1208-2520,3,2,28,28,0,0,0,0,,,,,,,0,0,0,0,0,0,0,0,0,0,1,0,15,7,3,10,10,.0,.0,.0,0,0,0,0,0,0,0,0,0,0,0,0,0,0,1,1,,,1,15,0,15,15.0,,,,,,,,,,,,,,,,,,,,,,,,,,,,,,,,,,,,,,,,,,,,,,,,,,,,,,,,,,,,,,,,,,,,,,,,,,,,,,
2026-27,football,Conference of New England (CCC),ccc,Maine Maritime Academy,Brady Smith,Brady,Smith,,378,Brady Smith,"SMITH,BRADY",Maine Maritime Academy,MEM,1208-2518,2,0,31,31,0,0,0,0,,,,,,,,,,,,,,,,,,,0,2,1,3,3,.0,.0,.0,0,0,0,0,0,0,0,0,0,0,0,0,0,0,0,0,,,,,,,,,,,,,,,,,,,,,,,,,,,,,,,,,,,,,,,,,,,,,,,,,,,,,,,,,,,,,,,,,,,,,,,,,,,,,,,,,,,,,
2026-27,football,Conference of New England (CCC),ccc,Maine Maritime Academy,Tyler Parsons,Tyler,Parsons,,378,Tyler Parsons,"PARSONS,TYLER",Maine Maritime Academy,MEM,1208-2511,3,0,42,42,0,0,0,0,,,,,,,,,,,,,,,,,,,0,1,1,2,2,.0,.0,.0,0,0,0,0,0,0,0,0,0,0,0,0,0,0,0,0,,,,,,,,,,,,,,,,,,,,,,,,,,,,,,,,,,,,,,,,,,,,,,,,,,,,,,,,,,,,,,,,,,,,,,,,,,,,,,,,,,,,,
2026-27,football,Conference of New England (CCC),ccc,Maine Maritime Academy,Karmanii Williams,Karmanii,Williams,,378,Karmanii Williams,"WILLIAMS,KARMANII",Maine Maritime Academy,MEM,1208-2523,2,0,44,44,0,0,0,0,,,,,,,,,,,,,,,,,,,0,2,1,3,3,1.0,.0,.0,1,0,0,0,0,0,0,0,0,0,0,0,0,0,0,0,,,,,,,,,,,,,,,,,,,,,,,,,,,,,,,,,,,,,,,,,,,,,,,,,,,,,,,,,,,,,,,,,,,,,,,,,,,,,,,,,,,,,
2026-27,football,Conference of New England (CCC),ccc,Maine Maritime Academy,Manny Perez,Manny,Perez,,378,Manny Perez,"PEREZ,MANNY",Maine Maritime Academy,MEM,1208-2513,3,2,52,52,0,0,0,0,,,,,,,,,,,,,,,,,,,0,4,3,7,7,.0,.0,.0,0,0,0,0,0,0,0,1,0,0,0,0,0,0,0,1,,,,,,,,,,,,,,,,,,,,,,,,,,,,,,,,,,,,,,,,,,,,,,,,,,,,,,,,,,,,,,,,,,,,,,,,,,,,,,,,,,,,,
2026-27,football,Conference of New England (CCC),ccc,Maine Maritime Academy,Theo Blanke,Theo,Blanke,,378,Theo Blanke,"BLANKE,THEO",Maine Maritime Academy,MEM,1208-2202,3,2,54,54,0,0,0,0,,,,,,,,,,,,,,,,,,,0,5,13,18,18,.0,.0,.0,0,0,0,0,0,0,0,0,0,0,0,0,0,0,0,0,,,,,,,,,,,,,,,,,,,,,,,,,,,,,,,,,,,,,,,,,,,,,,,,,,,,,,,,,,,,,,,,,,,,,,,,,,,,,,,,,,,,,
2026-27,football,Conference of New England (CCC),ccc,Maine Maritime Academy,Liam Sullivan,Liam,Sullivan,,378,Liam Sullivan,"SULLIVAN,LIAM",Maine Maritime Academy,MEM,1208-2309,2,1,56,56,0,0,0,0,,,,,,,,,,,,,,,,,,,0,7,4,11,11,.0,.0,.0,0,0,0,0,0,0,0,0,0,0,0,0,0,0,0,0,,,,,,,,,,,,,,,,,,,,,,,,,,,,,,,,,,,,,,,,,,,,,,,,,,,,,,,,,,,,,,,,,,,,,,,,,,,,,,,,,,,,,
2026-27,football,Conference of New England (CCC),ccc,Maine Maritime Academy,DJ Baron,DJ,Baron,,378,DJ Baron,"BARON,DJ",Maine Maritime Academy,MEM,1208-2485,3,0,69,69,0,0,0,0,,,,,,,,,,,,,,,,,,,0,1,1,2,2,.0,.0,.0,0,0,0,0,0,0,0,0,0,0,0,0,0,0,0,0,,,,,,,,,,,,,,,,,,,,,,,,,,,,,,,,,,,,,,,,,,,,,,,,,,,,,,,,,,,,,,,,,,,,,,,,,,,,,,,,,,,,,
2026-27,football,Conference of New England (CCC),ccc,Maine Maritime Academy,RJ Foxx,RJ,Foxx,,378,RJ Foxx,"FOXX,RJ",Maine Maritime Academy,MEM,1208-2494,3,0,80,80,0,0,0,0,,,,,,,2,2,0,0,0,0,0,0,0,0,0,0,0,0,0,0,0,.0,.0,.0,0,0,0,0,0,0,0,0,0,0,0,0,0,0,0,0,,,,,,,,,,,,,,,,,,,,,,,,,,,,,,,,,2,0,0,0,0,0,0,0,0,2,2,0.67,,,,,,,,,,,,,,,,,,,,,,,,,,,,4,189,0,0,47.3,0,0,0,0,.0,,,,
2026-27,football,Conference of New England (CCC),ccc,Maine Maritime Academy,Evan Flowers,Evan,Flowers,,378,Evan Flowers,"FLOWERS,EVAN",Maine Maritime Academy,MEM,1208-2493,3,2,81,81,0,0,0,0,,,,,,,,,,,,,,,,,,,0,0,1,1,1,.0,.0,.0,0,0,0,0,0,0,0,0,0,0,0,0,0,0,0,0,,,,,,,,,,,,,,,,,,,,,2,11,0,8,5.5,14,236,0,35,16.9,1,1,,,,,,,,,,,,,1,11,0,11,11.0,,,,,,,,,,,,,,,,,,,,,,,,,,,,,,,,,,,,
2026-27,football,Conference of New England (CCC),ccc,Maine Maritime Academy,Chance Grant,Chance,Grant,,378,Chance Grant,"GRANT,CHANCE",Maine Maritime Academy,MEM,1208-2498,2,0,97,97,0,0,0,0,,,,,,,,,,,,,,,,,,,0,2,2,4,4,.0,.0,.0,0,0,0,0,0,0,0,0,0,0,0,0,0,0,0,0,,,,,,,,,,,,,,,,,,,,,,,,,,,,,,,,,,,,,,,,,,,,,,,,,,,,,,,,,,,,,,,,,,,,,,,,,,,,,,,,,,,,,
2026-27,football,Conference of New England (CCC),ccc,Maine Maritime Academy,"Dieng,Oumar",Oumar,Dieng,,378,"Dieng,Oumar","DIENG,OUMAR",Maine Maritime Academy,MEM,1208-2530,2,0,11,11,0,QB,0,0,,,,,,,,,,,,,,,,,,,0,0,1,1,1,.0,.0,.0,0,0,0,0,0,0,0,0,0,0,0,0,0,0,0,0,,,,,,,,,,,,,,,,,,,,,,,,,,1,0,0,0,.0,,,,,,,,,,,,,,,,,,,,,,,,,,,,,,,,,,,,,,,,,,,,,,,,,,,,,,,
2026-27,football,Conference of New England (CCC),ccc,Maine Maritime Academy,"Grass,Noah",Noah,Grass,,378,"Grass,Noah","GRASS,NOAH",Maine Maritime Academy,MEM,1208-1677,2,1,10,10,0,WR,0,0,,,,,,,,,,,,,,,,,,,,,,,,,,,,,,,,,,,,,,,,,,,,,,,,,,,,,,,,,,,,,,,,,,,,,,,,,,,,,,,,,,,,,,,,,,,,,,,,,,,,,,,,,,,,,,,,,,,,,,,,,,,,,,,
2026-27,football,Conference of New England (CCC),ccc,Maine Maritime Academy,"Tibbetts,Daniel",Daniel,Tibbetts,,378,"Tibbetts,Daniel","TIBBETTS,DANIEL",Maine Maritime Academy,MEM,1208-1838,1,0,67,67,0,OL,0,0,,,,,,,,,,,,,,,,,,,,,,,,,,,,,,,,,,,,,,,,,,,,,,,,,,,,,,,,,,,,,,,,,,,,,,,,,,,,,,,,,,,,,,,,,,,,,,,,,,,,,,,,,,,,,,,,,,,,,,,,,,,,,,,
2026-27,football,Conference of New England (CCC),ccc,Maine Maritime Academy,"Pollard,Jackson",Jackson,Pollard,,378,"Pollard,Jackson","POLLARD,JACKSON",Maine Maritime Academy,MEM,1208-2078,2,2,66,66,0,OL,0,0,,,,,,,,,,,,,,,,,,,,,,,,,,,,,,,,,,,,,,,,,,,,,,,,,,,,,,,,,,,,,,,,,,,,,,,,,,,,,,,,,,,,,,,,,,,,,,,,,,,,,,,,,,,,,,,,,,,,,,,,,,,,,,,
2026-27,football,Conference of New England (CCC),ccc,Maine Maritime Academy,"Sullivan,Aiden",Aiden,Sullivan,,378,"Sullivan,Aiden","SULLIVAN,AIDEN",Maine Maritime Academy,MEM,1208-2087,2,0,15,15,0,0,0,0,,,,,,,,,,,,,,,,,,,,,,,,,,,,,,,,,,,,,,,,,,,,,,,,,,,,,,,,,,,,,,,0,0,0,0,.0,,,,,,,,,,,,,,,,,,,,,,,,,,,,,,,,,,,,,,3,124,64,0,1,1,1,0,41.3,,,,,,,,,,,,,,
2026-27,football,Conference of New England (CCC),ccc,Maine Maritime Academy,"Levesque,Aiden",Aiden,Levesque,,378,"Levesque,Aiden","LEVESQUE,AIDEN",Maine Maritime Academy,MEM,1208-2223,2,2,72,72,0,OL,0,0,,,,,,,,,,,,,,,,,,,,,,,,,,,,,,,,,,,,,,,,,,,,,,,,,,,,,,,,,,,,,,,,,,,,,,,,,,,,,,,,,,,,,,,,,,,,,,,,,,,,,,,,,,,,,,,,,,,,,,,,,,,,,,,
2026-27,football,Conference of New England (CCC),ccc,Maine Maritime Academy,"Ouellette,Aiden",Aiden,Ouellette,,378,"Ouellette,Aiden","OUELLETTE,AIDEN",Maine Maritime Academy,MEM,1208-2510,2,0,16,16,0,QB,0,0,,,,,,,,,,,,,,,,,,,,,,,,,,,,,,,,,,,,,,,,,,,,,,,,,,,,,,,3,1,3,2,0,2,.3,.5,,,,,,,,,,,,,,,,,,,,,,,,,,,,,,,,,,,,,,,,,,,,,,,,,,,,,,,,,,,,,,,,,
2026-27,football,Conference of New England (CCC),ccc,Maine Maritime Academy,"Pelkey,Lucas",Lucas,Pelkey,,378,"Pelkey,Lucas","PELKEY,LUCAS",Maine Maritime Academy,MEM,1208-2512,2,0,41,41,0,0,DB,0,,,,,,,,,,,,,,,,,,,,,,,,,,,,,,,,,,,,,,,,,,,,,,,,,,,,,,,5,-1,6,7,0,3,-.2,-.5,,,,,,1,2,0,2,2.0,,,,,,,,,,,,,,,,,,,,,,,,,,,,,,,,,,,,,,,,,,,,,,,,,,,,,,,
2026-27,football,Conference of New England (CCC),ccc,Maine Maritime Academy,"Engelmann,Wyatt",Wyatt,Engelmann,,378,"Engelmann,Wyatt","ENGELMANN,WYATT",Maine Maritime Academy,MEM,1208-2490,2,2,51,51,0,OL,0,0,,,,,,,,,,,,,,,,,,,,,,,,,,,,,,,,,,,,,,,,,,,,,,,,,,,,,,,,,,,,,,,,,,,,,,,,,,,,,,,,,,,,,,,,,,,,,,,,,,,,,,,,,,,,,,,,,,,,,,,,,,,,,,,
2026-27,football,Conference of New England (CCC),ccc,Maine Maritime Academy,"Gaudette,Zach",Zach,Gaudette,,378,"Gaudette,Zach","GAUDETTE,ZACH",Maine Maritime Academy,MEM,1208-2496,2,1,55,55,0,0,LB,0,,,,,,,,,,,,,,,,,,,0,2,1,3,3,.0,.0,.0,0,0,0,0,0,0,0,0,0,0,0,0,0,0,0,0,,,,,,,,,,,,,,,,,,,,,,,,,,,,,,,,,,,,,,,,,,,,,,,,,,,,,,,,,,,,,,,,,,,,,,,,,,,,,,,,,,,,,
2026-27,football,Conference of New England (CCC),ccc,Maine Maritime Academy,"Duffy,Nick",Nick,Duffy,,378,"Duffy,Nick","DUFFY,NICK",Maine Maritime Academy,MEM,1208-2488,2,2,65,65,0,OL,0,0,,,,,,,,,,,,,,,,,,,,,,,,,,,,,,,,,,,,,,,,,,,,,,,,,,,,,,,,,,,,,,,,,,,,,,,,,,,,,,,,,,,,,,,,,,,,,,,,,,,,,,,,,,,,,,,,,,,,,,,,,,,,,,,
2026-27,football,Conference of New England (CCC),ccc,Maine Maritime Academy,"Gale,Thomas",Thomas,Gale,,378,"Gale,Thomas","GALE,THOMAS",Maine Maritime Academy,MEM,1208-2495,2,2,77,77,0,OL,0,0,,,,,,,,,,,,,,,,,,,,,,,,,,,,,,,,,,,,,,,,,,,,,,,,,,,,,,,,,,,,,,,,,,,,,,,,,,,,,,,,,,,,,,,,,,,,,,,,,,,,,,,,,,,,,,,,,,,,,,,,,,,,,,,
2026-27,football,Conference of New England (CCC),ccc,Maine Maritime Academy,"Gregory,Micah",Micah,Gregory,,378,"Gregory,Micah","GREGORY,MICAH",Maine Maritime Academy,MEM,1208-2553,1,0,84,84,0,WR,0,0,,,,,,,,,,,,,,,,,,,,,,,,,,,,,,,,,,,,,,,,,,,,,,,,,,,,,,,,,,,,,,,0,0,0,0,.0,,,,,,,,,,,,,,,,,,,,,,,,,,,,,,,,,,,,,,,,,,,,,,,,,,,,,,,,,,,,
2026-27,football,Conference of New England (CCC),ccc,Maine Maritime Academy,"Hopper Jr.,Daryl",Daryl,Hopper Jr.,,378,"Hopper Jr.,Daryl","HOPPER JR.,DARYL",Maine Maritime Academy,MEM,0,2,2,7,7,0,0,DL,0,,,,,,,,,,,,,,,,,,,0,1,3,4,4,.0,.0,.0,0,0,0,0,0,0,0,0,0,1,0,0,0,0,0,0,,,,,,,,,,,,,,,,,,,,,,,,,,,,,,,,,,,,,,,,,,,,,,,,,,,,,,,,,,,,,,,,,,,,,,,,,,,,,,,,,,,,,
2026-27,football,Conference of New England (CCC),ccc,Maine Maritime Academy,"Durgan,Tyler",Tyler,Durgan,,378,"Durgan,Tyler","DURGAN,TYLER",Maine Maritime Academy,MEM,1208-2489,1,0,34,34,0,RB,0,0,,,,,,,,,,,,,,,,,,,,,,,,,,,,,,,,,,,,,,,,,,,,,,,,,,,,,,,3,20,20,0,0,11,6.7,20.0,,,,,,,,,,,,,,,,,,,,,,,,,,,,,,,,,,,,,,,,,,,,,,,,,,,,,,,,,,,,,,,,,
