season,sport,conference,conference_code,team,player_name,first_name,last_name,position,team_code,name,checkname,linkup_name,games_played,games_started,uniform,year,team_name,team_id,sdrm_id,goal_stats_shootout_goals,goal_stats_free_positiong_goals,goal_stats_game_tying_goals,goal_stats_empty_net_goals,goal_stats_overtime_goals,goal_stats_first_goals,goal_stats_unassisted_goals,goal_stats_short_handed_goals,goal_stats_power_play_goals,goal_stats_game_winning_goals,penalty_stats_number,penalty_stats_minutes,penalty_stats_fouls,penalty_stats_green_cards,penalty_stats_yellow_cards,penalty_stats_red_cards,penalty_stats_match,penalty_stats_major,penalty_stats_minor,misc_stats_powerplay_opps,misc_stats_powerplay_goals,misc_stats_faceoffs_won,misc_stats_faceoffs_lost,misc_stats_ground_balls,misc_stats_draw_controls,misc_stats_turnovers,misc_stats_caused_turnovers,misc_stats_minutes_played,misc_stats_seconds,misc_stats_faceoffs_taken,misc_stats_penalty_killing_pct,goalie_stats,shot_stats_shots_on_goal,shot_stats_shots,shot_stats_free_position_shots,shot_stats_points,shot_stats_assists,shot_stats_goals,shot_stats_shots_on_goal_pct,avg_points_game,goalie_stats_games_played,goalie_stats_minutes,goalie_stats_goals_allowed,goalie_stats_saves,goalie_stats_shutouts,goalie_stats_win,goalie_stats_loss,goalie_stats_tie,goalie_stats_powerplay_goals_allowed,goalie_stats_shorthanded_goals_allowed,goalie_stats_emptynet_goals_allowed,goalie_stats_shots_faced,goalie_stats_goals_against_avg,goalie_stats_save_pct,goal_stats,penalty_stats,misc_stats,shot_stats,composite_score,global_rank,rating
2026-27,mlax,Conference of New England (CCC),ccc,Endicott College,Tommy Tyksinski,Tommy,Tyksinski,,8981,Tommy Tyksinski,"TYKSINSKI,TOMMY",TYKSINSKITOMMYENDICOTT,17,17,,,Endicott College,ENDICOTT,0,0,0,0,0,0,3,33,1,5,1,0,0,0,0,0,0,0,3,3,0,0,0,0,31,0,40,7,1006:00,30,0,1.000,,82,167,0,80,29,51,.491,4.71,,,,,,,,,,,,,,,,,,,17.1124271103238,1,99
2026-27,mlax,Conference of New England (CCC),ccc,Western New England University,Jacob Roy,Jacob,Roy,,775,Jacob Roy,"ROY,JACOB",ROYJACOBWNE,20,19,,,Western New England University,WNE,1022-2214,0,0,0,0,0,1,21,0,2,1,0,0,0,0,0,0,0,3,0,0,0,0,0,24,0,40,3,1140:00,51,0,1.000,,88,170,0,78,35,43,.518,3.90,,,,,,,,,,,,,,,,,,,16.452768721447075,2,99
2026-27,mlax,Conference of New England (CCC),ccc,Endicott College,Nick Graap,Nick,Graap,,8981,Nick Graap,"GRAAP,NICK",GRAAPNICKENDICOTT,18,18,,,Endicott College,ENDICOTT,0,0,0,0,0,0,4,18,0,8,4,0,0,0,0,0,0,0,1,0,0,0,0,0,35,0,22,8,1066:00,30,0,1.000,,110,198,0,81,7,74,.556,4.50,,,,,,,,,,,,,,,,,,,16.10077761370093,3,99
2026-27,mlax,Conference of New England (CCC),ccc,University of Hartford,Shaun Wright,Shaun,Wright,,272,Shaun Wright,"WRIGHT,SHAUN",WRIGHTSHAUNHARTFORD,17,17,,,University of Hartford,HARTFORD,6-3116,0,0,0,0,0,1,6,0,1,0,0,0,0,0,0,0,0,1,0,0,0,0,0,29,0,27,3,1020:00,75,0,1.000,,42,61,0,56,38,18,.689,3.29,,,,,,,,,,,,,,,,,,,12.456649817592838,4,98
2026-27,mlax,Conference of New England (CCC),ccc,University of Hartford,Michael Novotny,Michael,Novotny,,272,Michael Novotny,"NOVOTNY,MICHAEL",NOVOTNYMICHAELHARTFORD,17,17,,,University of Hartford,HARTFORD,6-2758,0,0,0,0,0,5,11,0,5,4,0,0,0,0,0,0,0,0,0,0,0,0,0,24,0,27,8,1020:00,75,0,1.000,,72,111,0,60,20,40,.649,3.53,,,,,,,,,,,,,,,,,,,12.389685982871553,5,98
2026-27,mlax,Conference of New England (CCC),ccc,University of New England,Shea Fogarty,Shea,Fogarty,,1255,Shea Fogarty,"FOGARTY,SHEA",FOGARTYSHEAUNE,17,16,,,University of New England,UNE,990-2748,0,0,0,0,0,0,20,0,3,0,0,0,0,0,0,0,0,3,3,0,0,0,0,48,0,35,17,954:00,212,0,1.000,,65,122,0,47,18,29,.533,2.76,,,,,,,,,,,,,,,,,,,11.452193678347772,6,98
2026-27,mlax,Conference of New England (CCC),ccc,Nichols College,Conor Doherty,Conor,Doherty,,484,Conor Doherty,"DOHERTY,CONOR",DOHERTYCONORNICHOLS,18,18,,,Nichols College,NICHOLS,695-4459,0,0,0,0,0,1,29,0,7,3,0,0,0,0,0,0,1,5,1,0,0,0,0,23,0,50,4,1066:00,24,0,1.000,,64,112,0,55,17,38,.571,3.06,,,,,,,,,,,,,,,,,,,10.753658906187216,7,97
2026-27,mlax,Conference of New England (CCC),ccc,Wentworth Institute of Technology,Tyler Longo,Tyler,Longo,,762,Tyler Longo,"LONGO,TYLER",LONGOTYLERWIT,16,15,,,Wentworth Institute of Technology,WIT,0,0,0,0,0,0,1,16,1,4,1,0,0,0,0,0,0,0,1,2,0,0,0,0,28,0,28,13,885:00,22,0,1.000,,56,100,0,47,16,31,.560,2.94,,,,,,,,,,,,,,,,,,,10.192891629373342,8,97
2026-27,mlax,Conference of New England (CCC),ccc,Wentworth Institute of Technology,Brendan Kroll,Brendan,Kroll,,762,Brendan Kroll,"KROLL,BRENDAN",KROLLBRENDANWIT,16,15,,,Wentworth Institute of Technology,WIT,0,0,0,0,0,0,1,2,0,5,2,0,0,0,0,0,0,0,2,2,0,0,0,0,13,0,15,6,885:00,22,0,1.000,,61,98,0,51,21,30,.622,3.19,,,,,,,,,,,,,,,,,,,10.066819861937912,9,97
2026-27,mlax,Conference of New England (CCC),ccc,University of Hartford,Colin Reilly,Colin,Reilly,,272,Colin Reilly,"REILLY,COLIN",REILLYCOLINHARTFORD,16,15,,,University of Hartford,HARTFORD,6-2752,0,0,0,0,0,2,10,0,7,1,0,0,0,0,0,0,0,0,2,0,0,0,0,33,0,12,6,900:00,51,0,1.000,,71,93,0,51,8,43,.763,3.19,,,,,,,,,,,,,,,,,,,9.925997231228596,10,96
2026-27,mlax,Conference of New England (CCC),ccc,Wentworth Institute of Technology,Gabe Cobham,Gabe,Cobham,,762,Gabe Cobham,"COBHAM,GABE",COBHAMGABEWIT,16,0,,,Wentworth Institute of Technology,WIT,0,0,0,0,0,0,1,13,0,7,1,0,0,0,0,0,0,0,2,0,0,0,0,0,20,0,20,5,00:00,0,0,1.000,,78,152,0,51,14,37,.513,3.19,,,,,,,,,,,,,,,,,,,9.753551360346393,11,96
2026-27,mlax,Conference of New England (CCC),ccc,University of Hartford,Aidan Ezra,Aidan,Ezra,,272,Aidan Ezra,"EZRA,AIDAN",EZRAAIDANHARTFORD,17,17,,,University of Hartford,HARTFORD,6-2742,0,0,0,0,0,1,20,0,2,1,0,0,0,0,0,0,0,0,1,0,0,0,1,13,0,10,3,1020:00,75,1,1.000,,53,85,0,50,21,29,.624,2.94,,,,,,,,,,,,,,,,,,,9.562548638712155,12,96
2026-27,mlax,Conference of New England (CCC),ccc,Curry College,Nicholas Cole,Nicholas,Cole,,170,Nicholas Cole,"COLE,NICHOLAS",COLENICHOLASCURRY,16,16,,,Curry College,CURRY,0,0,0,0,0,0,2,25,1,5,3,0,0,0,0,0,0,0,3,2,0,0,0,0,24,0,47,5,960:00,0,0,1.000,,91,147,0,49,12,37,.619,3.06,,,,,,,,,,,,,,,,,,,9.367409945123914,13,95
2026-27,mlax,Conference of New England (CCC),ccc,Wentworth Institute of Technology,Tony Corrado,Tony,Corrado,,762,Tony Corrado,"CORRADO,TONY",CORRADOTONYWIT,16,1,,,Wentworth Institute of Technology,WIT,0,0,0,0,0,0,1,22,0,1,2,0,0,0,0,0,0,0,0,1,0,0,0,0,17,0,31,3,60:00,0,0,1.000,,82,155,0,49,13,36,.529,3.06,,,,,,,,,,,,,,,,,,,8.978096931304782,14,95
2026-27,mlax,Conference of New England (CCC),ccc,Western New England University,Logan Jenkins,Logan,Jenkins,,775,Logan Jenkins,"JENKINS,LOGAN",JENKINSLOGANWNE,17,14,,,Western New England University,WNE,1022-4285,0,0,0,0,1,3,15,0,0,3,0,0,0,0,0,0,0,0,0,0,0,0,0,23,0,43,2,840:00,51,0,1.000,,65,127,0,45,13,32,.512,2.65,,,,,,,,,,,,,,,,,,,8.296808501356761,15,95
2026-27,mlax,Conference of New England (CCC),ccc,Endicott College,Manny Marshall,Manny,Marshall,,8981,Manny Marshall,"MARSHALL,MANNY",MARSHALLMANNYENDICOTT,18,0,,,Endicott College,ENDICOTT,0,0,0,0,0,1,1,8,0,0,1,0,0,0,0,0,0,0,2,1,0,0,0,0,14,0,27,3,00:00,0,0,1.000,,37,67,0,41,26,15,.552,2.28,,,,,,,,,,,,,,,,,,,8.139880150759419,16,95
2026-27,mlax,Conference of New England (CCC),ccc,Endicott College,Adam Priest,Adam,Priest,,8981,Adam Priest,"PRIEST,ADAM",PRIESTADAMENDICOTT,17,14,,,Endicott College,ENDICOTT,0,0,0,0,0,0,3,8,0,2,4,0,0,0,0,0,0,0,2,2,0,0,0,0,27,0,17,7,825:00,22,0,1.000,,42,61,0,40,15,25,.689,2.35,,,,,,,,,,,,,,,,,,,8.087940895144463,17,94
2026-27,mlax,Conference of New England (CCC),ccc,Nichols College,Kane Williams,Kane,Williams,,484,Kane Williams,"WILLIAMS,KANE",WILLIAMSKANENICHOLS,18,18,,,Nichols College,NICHOLS,695-4808,0,0,0,0,0,1,2,2,6,1,0,0,0,0,0,0,0,0,1,0,0,0,0,26,0,37,6,1066:00,24,0,1.000,,42,70,0,40,17,23,.600,2.22,,,,,,,,,,,,,,,,,,,8.082533936986804,18,94
2026-27,mlax,Conference of New England (CCC),ccc,University of New England,Preston Briggs,Preston,Briggs,,1255,Preston Briggs,"BRIGGS,PRESTON",BRIGGSPRESTONUNE,17,17,,,University of New England,UNE,990-3115,0,0,0,0,0,0,17,0,4,3,0,0,0,0,0,0,0,3,4,0,0,0,0,34,0,42,5,1059:00,212,0,1.000,,56,110,0,40,9,31,.509,2.35,,,,,,,,,,,,,,,,,,,7.739056837569676,19,94
2026-27,mlax,Conference of New England (CCC),ccc,Roger Williams University,Caleb McKeown,Caleb,McKeown,,583,Caleb McKeown,"MCKEOWN,CALEB",MCKEOWNCALEBROGER,19,15,,,Roger Williams University,ROGER,697-9927,0,0,0,0,1,3,8,1,3,2,0,0,0,0,0,0,0,0,2,0,0,0,0,35,0,47,5,895:00,156,0,1.000,,58,88,0,40,8,32,.659,2.11,,,,,,,,,,,,,,,,,,,7.708848239744066,20,94
2026-27,mlax,Conference of New England (CCC),ccc,Western New England University,Thomas Labbe,Thomas,Labbe,,775,Thomas Labbe,"LABBE,THOMAS",LABBETHOMASWNE,20,7,,,Western New England University,WNE,1022-2208,0,0,0,0,0,0,13,0,1,1,0,0,0,0,0,0,0,2,1,0,0,0,0,20,0,30,3,420:00,0,0,1.000,,49,91,0,41,14,27,.538,2.05,,,,,,,,,,,,,,,,,,,7.561471998831868,21,94
2026-27,mlax,Conference of New England (CCC),ccc,Nichols College,Shea Ullo,Shea,Ullo,,484,Shea Ullo,"ULLO,SHEA",ULLOSHEANICHOLS,18,18,,,Nichols College,NICHOLS,695-4309,0,0,0,0,0,0,16,0,0,1,0,0,0,0,0,0,0,3,2,0,0,0,0,33,0,42,7,1066:00,24,0,1.000,,72,117,0,37,12,25,.615,2.06,,,,,,,,,,,,,,,,,,,7.508728772310746,22,94
2026-27,mlax,Conference of New England (CCC),ccc,Gordon College,Kennedy Opie,Kennedy,Opie,,1099,Kennedy Opie,"OPIE,KENNEDY",OPIEKENNEDYGORDON,12,10,,,Gordon College,GORDON,693-3297,0,0,0,0,0,3,22,0,1,0,0,0,0,0,0,0,0,2,1,0,0,0,0,23,0,42,5,599:00,59,0,1.000,,65,99,0,41,8,33,.657,3.42,,,,,,,,,,,,,,,,,,,7.475884556492593,23,94
2026-27,mlax,Conference of New England (CCC),ccc,University of New England,Stephen Fogarty,Stephen,Fogarty,,1255,Stephen Fogarty,"FOGARTY,STEPHEN",FOGARTYSTEPHENUNE,17,17,,,University of New England,UNE,990-2941,0,0,0,0,0,5,19,1,2,2,0,0,0,0,0,0,0,2,3,0,0,0,0,35,0,40,3,1014:00,212,0,1.000,,75,139,0,38,7,31,.540,2.24,,,,,,,,,,,,,,,,,,,7.0413462997125755,24,94
2026-27,mlax,Conference of New England (CCC),ccc,University of New England,Kyle Dunn,Kyle,Dunn,,1255,Kyle Dunn,"DUNN,KYLE",DUNNKYLEUNE,17,17,,,University of New England,UNE,990-2945,0,0,0,0,0,0,4,1,1,0,0,0,0,0,0,0,0,2,1,0,0,0,0,25,0,28,4,1029:00,212,0,1.000,,29,53,0,34,21,13,.547,2.00,,,,,,,,,,,,,,,,,,,6.914626546940846,25,93
2026-27,mlax,Conference of New England (CCC),ccc,Gordon College,Jackson Wright,Jackson,Wright,,1099,Jackson Wright,"WRIGHT,JACKSON",WRIGHTJACKSONGORDON,13,13,,,Gordon College,GORDON,693-2840,0,0,0,0,0,0,13,0,5,0,0,0,0,0,0,0,0,2,2,0,0,0,0,34,0,35,7,779:00,59,0,1.000,,51,104,0,35,8,27,.490,2.69,,,,,,,,,,,,,,,,,,,6.882249346420184,26,93
2026-27,mlax,Conference of New England (CCC),ccc,Endicott College,Donovan Devellis,Donovan,Devellis,,8981,Donovan Devellis,"DEVELLIS,DONOVAN",DEVELLISDONOVANENDICOTT,18,0,,,Endicott College,ENDICOTT,0,0,0,0,0,0,2,19,0,2,0,0,0,0,0,0,0,0,0,0,0,0,0,0,20,0,23,4,00:00,0,0,1.000,,46,71,0,38,11,27,.648,2.11,,,,,,,,,,,,,,,,,,,6.8681632147901635,27,93
2026-27,mlax,Conference of New England (CCC),ccc,Roger Williams University,Kyle Zirn,Kyle,Zirn,,583,Kyle Zirn,"ZIRN,KYLE",ZIRNKYLEROGER,19,19,,,Roger Williams University,ROGER,697-9005,0,0,0,0,0,0,0,0,0,0,0,0,0,0,0,0,0,6,5,0,0,0,0,90,0,27,55,1135:00,156,0,1.000,,4,12,0,2,2,0,.333,0.11,,,,,,,,,,,,,,,,,,,6.825078114586163,28,93
2026-27,mlax,Conference of New England (CCC),ccc,Western New England University,David Noel,David,Noel,,775,David Noel,"NOEL,DAVID",NOELDAVIDWNE,19,18,,,Western New England University,WNE,1022-4064,0,0,0,0,0,0,1,0,0,0,0,0,0,0,0,0,0,7,5,0,0,2,5,78,0,28,53,1080:00,51,7,1.000,,12,15,0,5,2,3,.800,0.26,,,,,,,,,,,,,,,,,,,6.786190343288192,29,93
2026-27,mlax,Conference of New England (CCC),ccc,Roger Williams University,Carter Shelton,Carter,Shelton,,583,Carter Shelton,"SHELTON,CARTER",SHELTONCARTERROGER,17,16,,,Roger Williams University,ROGER,697-9142,0,0,0,0,0,1,3,0,1,0,0,0,0,0,0,0,0,0,0,0,0,0,0,29,0,21,4,955:00,156,0,1.000,,38,58,0,33,12,21,.655,1.94,,,,,,,,,,,,,,,,,,,6.263982078704491,30,93
2026-27,mlax,Conference of New England (CCC),ccc,Nichols College,Jonah Libby,Jonah,Libby,,484,Jonah Libby,"LIBBY,JONAH",LIBBYJONAHNICHOLS,18,11,,,Nichols College,NICHOLS,695-4794,0,0,0,0,0,1,5,1,4,0,0,0,0,0,0,0,0,3,4,0,0,0,0,24,0,35,8,646:00,24,0,1.000,,36,68,0,29,12,17,.529,1.61,,,,,,,,,,,,,,,,,,,5.695909439780623,31,93
2026-27,mlax,Conference of New England (CCC),ccc,University of Hartford,Gavin Pelletier,Gavin,Pelletier,,272,Gavin Pelletier,"PELLETIER,GAVIN",PELLETIERGAVINHARTFORD,17,16,,,University of Hartford,HARTFORD,6-3115,0,0,0,0,0,0,12,0,3,3,0,0,0,0,0,0,0,2,2,0,0,0,0,14,0,16,2,960:00,75,0,1.000,,45,74,0,34,9,25,.608,2.00,,,,,,,,,,,,,,,,,,,5.520870990331451,32,93
2026-27,mlax,Conference of New England (CCC),ccc,Wentworth Institute of Technology,Jake Caraluzzi,Jake,Caraluzzi,,762,Jake Caraluzzi,"CARALUZZI,JAKE",CARALUZZIJAKEWIT,16,0,,,Wentworth Institute of Technology,WIT,0,0,0,0,0,0,0,14,0,0,0,0,0,0,0,0,0,0,0,0,0,0,0,0,23,0,26,5,00:00,0,0,1.000,,41,84,0,29,11,18,.488,1.81,,,,,,,,,,,,,,,,,,,5.288307565511514,33,92
2026-27,mlax,Conference of New England (CCC),ccc,Endicott College,Chris Hughes,Chris,Hughes,,8981,Chris Hughes,"HUGHES,CHRIS",HUGHESCHRISENDICOTT,18,3,,,Endicott College,ENDICOTT,0,0,0,0,0,0,0,4,0,2,0,0,0,0,0,0,0,0,1,0,0,0,0,0,12,0,17,3,180:00,0,0,1.000,,20,34,0,30,17,13,.588,1.67,,,,,,,,,,,,,,,,,,,5.284867976612807,34,92
2026-27,mlax,Conference of New England (CCC),ccc,Nichols College,John Caserta,John,Caserta,,484,John Caserta,"CASERTA,JOHN",CASERTAJOHNNICHOLS,18,18,,,Nichols College,NICHOLS,695-4208,0,0,0,0,0,1,6,0,2,1,0,0,0,0,0,0,0,1,1,0,0,0,0,26,0,24,2,1066:00,24,0,1.000,,42,75,0,29,13,16,.560,1.61,,,,,,,,,,,,,,,,,,,5.223220625742844,35,92
2026-27,mlax,Conference of New England (CCC),ccc,Western New England University,Max Rudgers,Max,Rudgers,,775,Max Rudgers,"RUDGERS,MAX",RUDGERSMAXWNE,20,18,,,Western New England University,WNE,1022-2215,0,0,0,0,0,0,7,0,0,3,0,0,0,0,0,0,0,0,2,0,0,0,0,19,0,33,2,1080:00,51,0,1.000,,32,67,0,30,13,17,.478,1.50,,,,,,,,,,,,,,,,,,,5.170177757508236,36,92
2026-27,mlax,Conference of New England (CCC),ccc,Roger Williams University,Brady Lee,Brady,Lee,,583,Brady Lee,"LEE,BRADY",LEEBRADYROGER,15,8,,,Roger Williams University,ROGER,697-9141,0,0,0,0,0,1,14,0,2,1,0,0,0,0,0,0,0,1,0,0,0,0,0,19,0,23,5,482:00,57,0,1.000,,46,69,0,28,11,17,.667,1.87,,,,,,,,,,,,,,,,,,,4.945524640709021,37,92
2026-27,mlax,Conference of New England (CCC),ccc,Nichols College,Jack Campbell,Jack,Campbell,,484,Jack Campbell,"CAMPBELL,JACK",CAMPBELLJACKNICHOLS,18,17,,,Nichols College,NICHOLS,695-4790,0,0,0,0,0,0,8,0,3,1,0,0,0,0,0,0,0,0,0,0,0,0,0,18,0,27,2,1020:00,0,0,1.000,,44,66,0,31,7,24,.667,1.72,,,,,,,,,,,,,,,,,,,4.9358833023199695,38,92
2026-27,mlax,Conference of New England (CCC),ccc,Roger Williams University,Reece Moore,Reece,Moore,,583,Reece Moore,"MOORE,REECE",MOOREREECEROGER,18,18,,,Roger Williams University,ROGER,697-9875,0,0,0,0,0,0,3,0,0,0,0,0,0,0,0,0,0,0,0,0,0,0,0,28,0,43,3,1075:00,156,0,1.000,,54,91,0,28,8,20,.593,1.56,,,,,,,,,,,,,,,,,,,4.867187191627926,39,92
2026-27,mlax,Conference of New England (CCC),ccc,Endicott College,Brody MacDonald,Brody,MacDonald,,8981,Brody MacDonald,"MACDONALD,BRODY",MACDONALDBRODYENDICOTT,17,0,,,Endicott College,ENDICOTT,0,0,0,0,0,0,0,14,0,0,0,0,0,0,0,0,0,0,3,1,0,0,0,0,12,0,15,4,00:00,0,0,1.000,,38,58,0,28,10,18,.655,1.65,,,,,,,,,,,,,,,,,,,4.525634422044176,40,92
2026-27,mlax,Conference of New England (CCC),ccc,Curry College,Donovan Mawhinney,Donovan,Mawhinney,,170,Donovan Mawhinney,"MAWHINNEY,DONOVAN",MAWHINNEYDONOVANCURRY,16,16,,,Curry College,CURRY,0,0,0,0,0,0,1,4,0,5,0,0,0,0,0,0,0,0,1,1,0,0,0,0,14,0,24,5,960:00,0,0,1.000,,47,73,0,27,7,20,.644,1.69,,,,,,,,,,,,,,,,,,,4.301986509587223,41,91
2026-27,mlax,Conference of New England (CCC),ccc,Western New England University,Logan Proctor,Logan,Proctor,,775,Logan Proctor,"PROCTOR,LOGAN",PROCTORLOGANWNE,18,1,,,Western New England University,WNE,1022-4619,0,0,0,0,0,0,8,0,0,1,0,0,0,0,0,0,0,3,1,0,0,0,0,12,0,20,1,60:00,0,0,1.000,,39,55,0,29,8,21,.709,1.61,,,,,,,,,,,,,,,,,,,4.286670222738458,42,91
2026-27,mlax,Conference of New England (CCC),ccc,Endicott College,Joseph Tumolo,Joseph,Tumolo,,8981,Joseph Tumolo,"TUMOLO,JOSEPH",TUMOLOJOSEPHENDICOTT,18,0,,,Endicott College,ENDICOTT,0,0,0,0,0,0,0,14,0,3,1,0,0,0,0,0,0,0,2,0,0,0,0,0,11,0,16,5,00:00,0,0,1.000,,45,91,0,28,5,23,.495,1.56,,,,,,,,,,,,,,,,,,,4.260494771708141,43,91
2026-27,mlax,Conference of New England (CCC),ccc,University of New England,Chris Gottlieb,Chris,Gottlieb,,1255,Chris Gottlieb,"GOTTLIEB,CHRIS",GOTTLIEBCHRISUNE,17,17,,,University of New England,UNE,990-2755,0,0,0,0,0,0,1,0,1,0,0,0,0,0,0,0,0,6,3,0,0,0,0,64,0,14,32,1059:00,212,0,1.000,,4,8,0,5,2,3,.500,0.29,,,,,,,,,,,,,,,,,,,4.144437408183693,44,91
2026-27,mlax,Conference of New England (CCC),ccc,Nichols College,Travis Arnold,Travis,Arnold,,484,Travis Arnold,"ARNOLD,TRAVIS",ARNOLDTRAVISNICHOLS,18,0,,,Nichols College,NICHOLS,695-4206,0,0,0,0,0,0,5,0,0,1,0,0,0,0,0,0,0,3,1,0,0,245,152,141,0,11,3,00:00,0,397,1.000,,16,17,0,6,0,6,.941,0.33,,,,,,,,,,,,,,,,,,,4.0292375230191535,45,91
2026-27,mlax,Conference of New England (CCC),ccc,Gordon College,Ryan Arthur,Ryan,Arthur,,1099,Ryan Arthur,"ARTHUR,RYAN",ARTHURRYANGORDON,13,13,,,Gordon College,GORDON,693-2844,0,0,0,0,0,0,8,0,4,0,0,0,0,0,0,0,1,1,0,0,0,0,0,21,0,15,4,779:00,59,0,1.000,,39,69,0,25,5,20,.565,1.92,,,,,,,,,,,,,,,,,,,3.921989266562613,46,91
2026-27,mlax,Conference of New England (CCC),ccc,Western New England University,Josh Gagnon,Josh,Gagnon,,775,Josh Gagnon,"GAGNON,JOSH",GAGNONJOSHWNE,20,0,,,Western New England University,WNE,1022-2205,0,0,0,0,0,2,8,0,2,1,0,0,0,0,0,0,0,0,0,0,0,0,0,12,0,23,3,00:00,0,0,1.000,,52,96,0,27,5,22,.542,1.35,,,,,,,,,,,,,,,,,,,3.894016028298009,47,91
2026-27,mlax,Conference of New England (CCC),ccc,Wentworth Institute of Technology,Chuck Urda,Chuck,Urda,,762,Chuck Urda,"URDA,CHUCK",URDACHUCKWIT,16,15,,,Wentworth Institute of Technology,WIT,0,0,0,0,0,0,0,0,0,0,0,0,0,0,0,0,0,0,1,1,0,0,0,0,61,0,8,27,885:00,22,0,1.000,,4,8,0,6,4,2,.500,0.38,,,,,,,,,,,,,,,,,,,3.858675129559285,48,91
2026-27,mlax,Conference of New England (CCC),ccc,Curry College,Jed Cappuccino,Jed,Cappuccino,,170,Jed Cappuccino,"CAPPUCCINO,JED",CAPPUCCINOJEDCURRY,14,14,,,Curry College,CURRY,0,0,0,0,0,0,1,6,1,0,0,0,0,0,0,0,0,0,1,0,0,0,0,0,22,0,41,5,840:00,0,0,1.000,,33,51,0,23,4,19,.647,1.64,,,,,,,,,,,,,,,,,,,3.5958964399712494,49,90
2026-27,mlax,Conference of New England (CCC),ccc,Western New England University,Chris Catuosco,Chris,Catuosco,,775,Chris Catuosco,"CATUOSCO,CHRIS",CATUOSCOCHRISWNE,17,16,,,Western New England University,WNE,1022-2201,0,0,0,0,0,0,1,0,0,0,0,0,0,0,0,0,0,1,0,0,0,218,124,152,0,10,4,960:00,51,342,1.000,,6,15,0,1,0,1,.400,0.06,,,,,,,,,,,,,,,,,,,3.5326402689234957,50,90
2026-27,mlax,Conference of New England (CCC),ccc,Nichols College,Tyler Olivo,Tyler,Olivo,,484,Tyler Olivo,"OLIVO,TYLER",OLIVOTYLERNICHOLS,17,8,,,Nichols College,NICHOLS,695-4799,0,0,0,0,0,2,2,0,1,0,0,0,0,0,0,0,0,0,0,0,0,0,0,11,0,20,3,466:00,24,0,1.000,,28,34,0,23,10,13,.824,1.35,,,,,,,,,,,,,,,,,,,3.3936105782835404,51,90
2026-27,mlax,Conference of New England (CCC),ccc,Roger Williams University,Harrison Steffens,Harrison,Steffens,,583,Harrison Steffens,"STEFFENS,HARRISON",STEFFENSHARRISONROGER,18,2,,,Roger Williams University,ROGER,697-9003,0,0,0,0,0,0,4,0,2,0,0,0,0,0,0,0,0,0,2,0,0,0,0,9,0,22,5,120:00,0,0,1.000,,19,36,0,21,13,8,.528,1.17,,,,,,,,,,,,,,,,,,,3.3261446228102405,52,90
2026-27,mlax,Conference of New England (CCC),ccc,Endicott College,Travis Foster,Travis,Foster,,8981,Travis Foster,"FOSTER,TRAVIS",FOSTERTRAVISENDICOTT,18,18,,,Endicott College,ENDICOTT,0,0,0,0,0,0,0,4,0,0,0,0,0,0,0,0,0,0,3,0,0,0,209,204,68,0,10,2,1066:00,30,413,1.000,,7,10,0,13,9,4,.700,0.72,,,,,,,,,,,,,,,,,,,3.2882440639445396,53,90
2026-27,mlax,Conference of New England (CCC),ccc,Gordon College,Ryan Long,Ryan,Long,,1099,Ryan Long,"LONG,RYAN",LONGRYANGORDON,11,11,,,Gordon College,GORDON,693-2837,0,0,0,0,0,0,3,0,1,0,0,0,0,0,0,0,1,0,1,0,0,0,0,16,0,26,1,659:00,59,0,1.000,,21,41,0,21,13,8,.512,1.91,,,,,,,,,,,,,,,,,,,3.1708004965848455,54,90
2026-27,mlax,Conference of New England (CCC),ccc,Roger Williams University,Connor Russell,Connor,Russell,,583,Connor Russell,"RUSSELL,CONNOR",RUSSELLCONNORROGER,15,3,,,Roger Williams University,ROGER,697-9879,0,0,0,0,0,0,4,0,0,0,0,0,0,0,0,0,0,0,0,0,0,0,0,3,0,19,0,182:00,57,0,1.000,,17,33,0,23,15,8,.515,1.53,,,,,,,,,,,,,,,,,,,3.131276127964716,55,90
2026-27,mlax,Conference of New England (CCC),ccc,Roger Williams University,Eric Izzo,Eric,Izzo,,583,Eric Izzo,"IZZO,ERIC",IZZOERICROGER,19,10,,,Roger Williams University,ROGER,697-9140,0,0,0,0,0,0,0,0,0,0,0,0,0,0,0,0,0,12,6,0,0,0,0,48,0,6,25,593:00,99,0,1.000,,5,14,0,5,3,2,.357,0.26,,,,,,,,,,,,,,,,,,,2.9222253432729492,56,90
2026-27,mlax,Conference of New England (CCC),ccc,University of Hartford,Nick Ugolini,Nick,Ugolini,,272,Nick Ugolini,"UGOLINI,NICK",UGOLININICKHARTFORD,17,0,,,University of Hartford,HARTFORD,6-3125,0,0,0,0,0,0,17,0,0,2,0,0,0,0,0,0,0,1,0,0,0,0,0,19,0,19,4,00:00,0,0,1.000,,28,56,0,20,2,18,.500,1.18,,,,,,,,,,,,,,,,,,,2.657211294123908,57,89
2026-27,mlax,Conference of New England (CCC),ccc,Western New England University,Tj Dalicandro,Tj,Dalicandro,,775,Tj Dalicandro,"DALICANDRO,TJ",DALICANDROTJWNE,20,0,,,Western New England University,WNE,1022-1196,0,0,0,0,0,1,7,0,3,1,0,0,0,0,0,0,0,3,1,0,0,0,0,25,0,18,5,00:00,0,0,1.000,,23,47,0,17,6,11,.489,0.85,,,,,,,,,,,,,,,,,,,2.64315681390532,58,89
2026-27,mlax,Conference of New England (CCC),ccc,University of Hartford,Nick Forgione,Nick,Forgione,,272,Nick Forgione,"FORGIONE,NICK",FORGIONENICKHARTFORD,17,16,,,University of Hartford,HARTFORD,6-2736,0,0,0,0,0,2,3,0,1,0,0,0,0,0,0,0,0,3,0,0,0,0,0,10,0,8,2,960:00,75,0,1.000,,30,59,0,21,6,15,.508,1.24,,,,,,,,,,,,,,,,,,,2.5933545095739814,59,89
2026-27,mlax,Conference of New England (CCC),ccc,Endicott College,Gio Panicola,Gio,Panicola,,8981,Gio Panicola,"PANICOLA,GIO",PANICOLAGIOENDICOTT,18,18,,,Endicott College,ENDICOTT,0,0,0,0,0,0,0,0,0,0,0,0,0,0,0,0,0,0,0,0,0,0,0,0,63,0,24,13,1051:00,30,0,1.000,,0,0,0,0,0,0,.000,0.00,18,930:11,136,175,0,14,4,0,1,0,0,589,8.77,.563,,,,,2.492817098525008,60,89
2026-27,mlax,Conference of New England (CCC),ccc,Western New England University,Dylan Nardone,Dylan,Nardone,,775,Dylan Nardone,"NARDONE,DYLAN",NARDONEDYLANWNE,20,7,,,Western New England University,WNE,1022-2212,0,0,0,0,0,0,1,1,0,0,0,0,0,0,0,0,0,1,0,0,0,0,0,20,0,17,1,420:00,0,0,1.000,,32,52,0,19,6,13,.615,0.95,,,,,,,,,,,,,,,,,,,2.4536952772174545,61,89
2026-27,mlax,Conference of New England (CCC),ccc,Curry College,Kyle Bouley,Kyle,Bouley,,170,Kyle Bouley,"BOULEY,KYLE",BOULEYKYLECURRY,16,0,,,Curry College,CURRY,0,0,0,0,0,0,0,3,0,0,0,0,0,0,0,0,0,0,2,3,0,0,0,0,37,0,8,22,00:00,0,0,1.000,,9,12,0,5,2,3,.750,0.31,,,,,,,,,,,,,,,,,,,2.154781838970111,62,89
2026-27,mlax,Conference of New England (CCC),ccc,Roger Williams University,Matt Kennedy,Matt,Kennedy,,583,Matt Kennedy,"KENNEDY,MATT",KENNEDYMATTROGER,18,7,,,Roger Williams University,ROGER,697-9327,0,0,0,0,0,1,8,0,0,1,0,0,0,0,0,0,0,0,0,0,0,0,0,8,0,16,2,420:00,0,0,1.000,,31,59,0,19,5,14,.525,1.06,,,,,,,,,,,,,,,,,,,2.057500877160249,63,89
2026-27,mlax,Conference of New England (CCC),ccc,University of Hartford,Ian Reynolds,Ian,Reynolds,,272,Ian Reynolds,"REYNOLDS,IAN",REYNOLDSIANHARTFORD,17,0,,,University of Hartford,HARTFORD,6-3119,0,0,0,0,0,0,1,0,0,0,0,0,0,0,0,0,0,0,1,0,0,153,106,90,0,7,0,00:00,0,259,1.000,,7,11,0,5,4,1,.636,0.29,,,,,,,,,,,,,,,,,,,1.9545450299373097,64,89
2026-27,mlax,Conference of New England (CCC),ccc,Gordon College,Caden Lake,Caden,Lake,,1099,Caden Lake,"LAKE,CADEN",LAKECADENGORDON,13,1,,,Gordon College,GORDON,693-2999,0,0,0,0,0,0,2,0,2,0,0,0,0,0,0,0,0,1,0,0,0,0,0,11,0,20,4,60:00,0,0,1.000,,21,34,0,16,6,10,.618,1.23,,,,,,,,,,,,,,,,,,,1.8387239422568458,65,88
2026-27,mlax,Conference of New England (CCC),ccc,Nichols College,Jackson Hernandez,Jackson,Hernandez,,484,Jackson Hernandez,"HERNANDEZ,JACKSON",HERNANDEZJACKSONNICHOLS,18,0,,,Nichols College,NICHOLS,695-4793,0,0,0,0,0,1,5,0,0,0,0,0,0,0,0,0,0,0,1,0,0,0,0,40,0,25,7,00:00,0,0,1.000,,36,72,0,11,0,11,.500,0.61,,,,,,,,,,,,,,,,,,,1.7963016908725078,66,88
2026-27,mlax,Conference of New England (CCC),ccc,Roger Williams University,Alex Daigneault,Alex,Daigneault,,583,Alex Daigneault,"DAIGNEAULT,ALEX",DAIGNEAULTALEXROGER,19,9,,,Roger Williams University,ROGER,697-9928,0,0,0,0,0,1,1,0,0,0,0,0,0,0,1,0,0,0,1,0,0,0,0,42,0,12,16,533:00,99,0,1.000,,7,8,0,5,3,2,.875,0.26,,,,,,,,,,,,,,,,,,,1.7900455139424498,67,88
2026-27,mlax,Conference of New England (CCC),ccc,Nichols College,Carter Renaud,Carter,Renaud,,484,Carter Renaud,"RENAUD,CARTER",RENAUDCARTERNICHOLS,17,17,,,Nichols College,NICHOLS,695-4463,0,0,0,0,0,0,0,0,0,0,0,0,0,0,0,0,0,0,0,0,0,0,0,35,0,11,17,1000:00,30,0,1.000,,0,0,0,1,1,0,.000,0.06,17,961:11,193,209,0,8,10,0,0,0,0,665,12.05,.520,,,,,1.7760369201763393,68,88
2026-27,mlax,Conference of New England (CCC),ccc,Curry College,Joey Pinto,Joey,Pinto,,170,Joey Pinto,"PINTO,JOEY",PINTOJOEYCURRY,16,16,,,Curry College,CURRY,0,0,0,0,0,0,0,1,0,0,0,0,0,0,0,0,0,0,4,1,0,0,1,3,46,0,20,24,960:00,0,4,1.000,,2,4,0,1,0,1,.500,0.06,,,,,,,,,,,,,,,,,,,1.754485326810996,69,88
2026-27,mlax,Conference of New England (CCC),ccc,University of Hartford,Tobias Ballester,Tobias,Ballester,,272,Tobias Ballester,"BALLESTER,TOBIAS",BALLESTERTOBIASHARTFORD,17,17,,,University of Hartford,HARTFORD,6-3123,0,0,0,0,0,0,3,0,0,0,0,0,0,0,0,0,0,0,0,0,0,0,0,51,0,10,18,1020:00,75,0,1.000,,6,8,0,3,0,3,.750,0.18,,,,,,,,,,,,,,,,,,,1.7212487865323567,70,88
2026-27,mlax,Conference of New England (CCC),ccc,Western New England University,Jack Gara,Jack,Gara,,775,Jack Gara,"GARA,JACK",GARAJACKWNE,20,20,,,Western New England University,WNE,1022-2206,0,0,0,0,0,0,1,0,0,0,0,0,0,0,0,0,0,2,1,0,0,0,0,45,0,13,24,1200:00,51,0,1.000,,2,2,0,1,0,1,1.000,0.05,,,,,,,,,,,,,,,,,,,1.718501163807623,71,88
2026-27,mlax,Conference of New England (CCC),ccc,Endicott College,Andrew Schlipf,Andrew,Schlipf,,8981,Andrew Schlipf,"SCHLIPF,ANDREW",SCHLIPFANDREWENDICOTT,18,18,,,Endicott College,ENDICOTT,0,0,0,0,0,0,0,0,0,0,0,0,0,0,0,0,0,0,2,2,0,0,0,0,38,0,15,28,1066:00,30,0,1.000,,0,0,0,0,0,0,.000,0.00,,,,,,,,,,,,,,,,,,,1.6749990172440161,72,88
2026-27,mlax,Conference of New England (CCC),ccc,Roger Williams University,Alex Burrill,Alex,Burrill,,583,Alex Burrill,"BURRILL,ALEX",BURRILLALEXROGER,19,2,,,Roger Williams University,ROGER,697-9551,0,0,0,0,0,0,1,0,0,0,0,0,0,0,0,0,0,5,1,0,0,5,15,46,0,7,22,120:00,0,20,1.000,,4,8,0,1,0,1,.500,0.05,,,,,,,,,,,,,,,,,,,1.5508686931864932,73,87
2026-27,mlax,Conference of New England (CCC),ccc,Roger Williams University,Carter Frank,Carter,Frank,,583,Carter Frank,"FRANK,CARTER",FRANKCARTERROGER,7,0,,,Roger Williams University,ROGER,697-9557,0,0,0,0,0,0,0,0,0,0,0,0,0,0,0,0,0,0,0,0,0,0,0,1,0,0,1,00:00,0,0,1.000,,0,0,0,0,0,0,.000,0.00,5,09:30,0,3,0,0,0,0,0,0,0,4,.00,1.000,,,,,1.5039119271203343,74,87
2026-27,mlax,Conference of New England (CCC),ccc,Wentworth Institute of Technology,Colin Blackburn,Colin,Blackburn,,762,Colin Blackburn,"BLACKBURN,COLIN",BLACKBURNCOLINWIT,16,16,,,Wentworth Institute of Technology,WIT,0,0,0,0,0,0,0,0,0,0,0,0,0,0,0,0,0,0,8,3,0,0,0,0,53,0,7,19,945:00,22,0,1.000,,1,6,0,1,0,1,.167,0.06,,,,,,,,,,,,,,,,,,,1.4973328837733497,75,87
2026-27,mlax,Conference of New England (CCC),ccc,Gordon College,Wyatt Lake,Wyatt,Lake,,1099,Wyatt Lake,"LAKE,WYATT",LAKEWYATTGORDON,13,0,,,Gordon College,GORDON,693-3298,0,0,0,0,0,1,4,0,1,1,0,0,0,0,0,0,0,4,0,0,0,0,0,8,0,19,1,00:00,0,0,1.000,,21,41,0,15,9,6,.512,1.15,,,,,,,,,,,,,,,,,,,1.4250785125079188,76,87
2026-27,mlax,Conference of New England (CCC),ccc,Endicott College,Aidan Kellachan,Aidan,Kellachan,,8981,Aidan Kellachan,"KELLACHAN,AIDAN",KELLACHANAIDANENDICOTT,18,15,,,Endicott College,ENDICOTT,0,0,0,0,0,0,0,1,0,0,0,0,0,0,0,0,0,0,0,3,0,0,0,0,33,0,3,9,886:00,30,0,1.000,,6,13,0,7,5,2,.462,0.39,,,,,,,,,,,,,,,,,,,1.2836078964623039,77,87
2026-27,mlax,Conference of New England (CCC),ccc,Gordon College,Aidan Walsh,Aidan,Walsh,,1099,Aidan Walsh,"WALSH,AIDAN",WALSHAIDANGORDON,13,13,,,Gordon College,GORDON,693-2834,0,0,0,0,0,0,0,0,0,0,0,0,0,0,0,0,0,3,2,0,0,176,140,93,0,19,2,779:00,59,316,1.000,,2,6,0,1,1,0,.333,0.08,,,,,,,,,,,,,,,,,,,1.2721507789289748,78,87
2026-27,mlax,Conference of New England (CCC),ccc,Wentworth Institute of Technology,Keegan Buffa,Keegan,Buffa,,762,Keegan Buffa,"BUFFA,KEEGAN",BUFFAKEEGANWIT,16,16,,,Wentworth Institute of Technology,WIT,0,0,0,0,0,0,1,2,0,0,0,0,0,0,0,0,0,0,1,0,0,0,161,163,70,0,19,1,945:00,22,324,1.000,,4,6,0,5,3,2,.667,0.31,,,,,,,,,,,,,,,,,,,1.2704773258531206,79,87
2026-27,mlax,Conference of New England (CCC),ccc,University of New England,Declan Mulkerin,Declan,Mulkerin,,1255,Declan Mulkerin,"MULKERIN,DECLAN",MULKERINDECLANUNE,16,16,,,University of New England,UNE,990-3286,0,0,0,0,0,1,3,0,0,0,0,0,0,0,0,0,0,3,1,0,0,0,0,21,0,28,2,999:00,212,0,1.000,,34,62,0,13,3,10,.548,0.81,,,,,,,,,,,,,,,,,,,1.199831837812118,80,86
2026-27,mlax,Conference of New England (CCC),ccc,Curry College,Blake Rothstein,Blake,Rothstein,,170,Blake Rothstein,"ROTHSTEIN,BLAKE",ROTHSTEINBLAKECURRY,12,9,,,Curry College,CURRY,0,0,0,0,0,0,0,8,0,0,0,0,0,0,0,0,0,0,0,0,0,0,0,1,12,0,15,4,540:00,0,1,1.000,,21,52,0,13,4,9,.404,1.08,,,,,,,,,,,,,,,,,,,1.1457837652352472,81,86
2026-27,mlax,Conference of New England (CCC),ccc,Roger Williams University,David Rizzo,David,Rizzo,,583,David Rizzo,"RIZZO,DAVID",RIZZODAVIDROGER,19,1,,,Roger Williams University,ROGER,697-9328,0,0,0,0,0,0,1,0,0,0,0,0,0,0,0,0,0,2,0,0,0,145,154,81,0,10,3,60:00,0,299,1.000,,4,8,0,2,1,1,.500,0.11,,,,,,,,,,,,,,,,,,,1.1409954124897534,82,86
2026-27,mlax,Conference of New England (CCC),ccc,Western New England University,Kevin Morina,Kevin,Morina,,775,Kevin Morina,"MORINA,KEVIN",MORINAKEVINWNE,20,1,,,Western New England University,WNE,1022-2211,0,0,0,0,0,0,1,0,0,0,0,0,0,0,0,0,0,0,0,0,0,0,0,5,0,14,1,60:00,0,0,1.000,,13,17,0,14,9,5,.765,0.70,,,,,,,,,,,,,,,,,,,1.1182797507087978,83,86
2026-27,mlax,Conference of New England (CCC),ccc,Wentworth Institute of Technology,Colin Ocampo,Colin,Ocampo,,762,Colin Ocampo,"OCAMPO,COLIN",OCAMPOCOLINWIT,12,6,,,Wentworth Institute of Technology,WIT,0,0,0,0,0,0,0,5,0,1,0,0,0,0,0,0,0,0,1,2,0,0,0,0,8,0,14,2,360:00,0,0,1.000,,13,32,0,14,5,9,.406,1.17,,,,,,,,,,,,,,,,,,,1.0632695132152374,84,86
2026-27,mlax,Conference of New England (CCC),ccc,Nichols College,Cam Ayotte,Cam,Ayotte,,484,Cam Ayotte,"AYOTTE,CAM",AYOTTECAMNICHOLS,16,16,,,Nichols College,NICHOLS,695-5036,0,0,0,0,0,0,0,0,0,0,0,0,0,0,0,0,1,8,2,0,0,0,0,31,0,18,24,946:00,24,0,1.000,,2,4,0,0,0,0,.500,0.00,,,,,,,,,,,,,,,,,,,1.0158766089714,85,86
2026-27,mlax,Conference of New England (CCC),ccc,Wentworth Institute of Technology,Dante Strong,Dante,Strong,,762,Dante Strong,"STRONG,DANTE",STRONGDANTEWIT,16,16,,,Wentworth Institute of Technology,WIT,0,0,0,0,0,0,0,0,0,0,0,0,0,0,0,0,0,0,0,1,0,0,0,0,41,0,9,17,945:00,22,0,1.000,,1,1,0,1,1,0,1.000,0.06,,,,,,,,,,,,,,,,,,,0.9280990549373543,86,86
2026-27,mlax,Conference of New England (CCC),ccc,University of Hartford,Nick DiDomizio,Nick,DiDomizio,,272,Nick DiDomizio,"DIDOMIZIO,NICK",DIDOMIZIONICKHARTFORD,17,17,,,University of Hartford,HARTFORD,6-2769,0,0,0,0,0,0,1,0,0,0,0,0,0,0,0,0,1,6,2,0,0,0,0,22,0,14,24,1020:00,75,0,1.000,,2,4,0,1,0,1,.500,0.06,,,,,,,,,,,,,,,,,,,0.8908654147300461,87,86
2026-27,mlax,Conference of New England (CCC),ccc,University of Hartford,Aidan Kemp,Aidan,Kemp,,272,Aidan Kemp,"KEMP,AIDAN",KEMPAIDANHARTFORD,17,2,,,University of Hartford,HARTFORD,6-2738,0,0,0,0,0,1,3,0,1,0,0,0,0,0,0,0,0,0,0,0,0,0,0,5,0,6,2,120:00,0,0,1.000,,17,33,0,13,7,6,.515,0.76,,,,,,,,,,,,,,,,,,,0.8888562730740818,88,85
2026-27,mlax,Conference of New England (CCC),ccc,Curry College,Niko DeCola,Niko,DeCola,,170,Niko DeCola,"DECOLA,NIKO",DECOLANIKOCURRY,16,16,,,Curry College,CURRY,0,0,0,0,0,0,0,0,0,0,0,0,0,0,0,0,0,0,1,1,0,0,0,0,32,0,32,4,960:00,0,0,1.000,,1,1,0,1,1,0,1.000,0.06,16,901:13,166,223,0,3,13,0,2,0,0,629,11.05,.573,,,,,0.8669724292518026,89,85
2026-27,mlax,Conference of New England (CCC),ccc,Western New England University,Kai McDonald,Kai,McDonald,,775,Kai McDonald,"MCDONALD,KAI",MCDONALDKAIWNE,20,18,,,Western New England University,WNE,1022-2210,0,0,0,0,0,0,0,0,0,0,0,0,0,0,0,0,0,1,0,0,0,0,0,63,0,8,11,1080:00,51,0,1.000,,1,2,0,0,0,0,.500,0.00,,,,,,,,,,,,,,,,,,,0.8438617065200651,90,85
2026-27,mlax,Conference of New England (CCC),ccc,Wentworth Institute of Technology,Kyle Leger,Kyle,Leger,,762,Kyle Leger,"LEGER,KYLE",LEGERKYLEWIT,16,16,,,Wentworth Institute of Technology,WIT,0,0,0,0,0,0,0,0,0,0,0,0,0,0,0,0,0,0,8,1,0,0,1,1,37,0,9,20,945:00,22,2,1.000,,0,2,0,0,0,0,.000,0.00,,,,,,,,,,,,,,,,,,,0.8245483197426323,91,85
2026-27,mlax,Conference of New England (CCC),ccc,Nichols College,Colin Bunkley,Colin,Bunkley,,484,Colin Bunkley,"BUNKLEY,COLIN",BUNKLEYCOLINNICHOLS,18,18,,,Nichols College,NICHOLS,695-4456,0,0,0,0,0,0,0,0,0,0,0,0,0,0,0,0,0,3,6,0,0,0,0,28,0,17,23,1066:00,24,0,1.000,,0,0,0,0,0,0,.000,0.00,,,,,,,,,,,,,,,,,,,0.8061158031490299,92,85
2026-27,mlax,Conference of New England (CCC),ccc,University of Hartford,Trent Beggs,Trent,Beggs,,272,Trent Beggs,"BEGGS,TRENT",BEGGSTRENTHARTFORD,17,0,,,University of Hartford,HARTFORD,6-2762,0,0,0,0,0,2,2,0,0,0,0,0,0,0,0,0,0,0,1,0,0,0,0,11,0,7,6,00:00,0,0,1.000,,6,8,0,10,5,5,.750,0.59,,,,,,,,,,,,,,,,,,,0.7830701783183528,93,85
2026-27,mlax,Conference of New England (CCC),ccc,University of New England,Ean LaRochelle,Ean,LaRochelle,,1255,Ean LaRochelle,"LAROCHELLE,EAN",LAROCHELLEEANUNE,15,11,,,University of New England,UNE,990-2950,0,0,0,0,0,2,3,0,0,0,0,0,0,0,0,0,0,0,0,0,0,78,105,37,0,14,4,676:00,170,183,1.000,,16,31,0,7,2,5,.516,0.47,,,,,,,,,,,,,,,,,,,0.7199246819275912,94,85
2026-27,mlax,Conference of New England (CCC),ccc,Endicott College,Shane Dean,Shane,Dean,,8981,Shane Dean,"DEAN,SHANE",DEANSHANEENDICOTT,18,0,,,Endicott College,ENDICOTT,0,0,0,0,0,0,0,3,0,0,1,0,0,0,0,0,0,1,2,0,0,0,0,0,11,0,9,0,00:00,0,0,1.000,,12,32,0,13,4,9,.375,0.72,,,,,,,,,,,,,,,,,,,0.7025663349828686,95,85
2026-27,mlax,Conference of New England (CCC),ccc,Wentworth Institute of Technology,Boden Landers,Boden,Landers,,762,Boden Landers,"LANDERS,BODEN",LANDERSBODENWIT,16,0,,,Wentworth Institute of Technology,WIT,0,0,0,0,0,0,0,3,0,0,0,0,0,0,0,0,0,0,1,1,0,0,0,0,10,0,6,2,00:00,0,0,1.000,,15,34,0,11,6,5,.441,0.69,,,,,,,,,,,,,,,,,,,0.6048917816839591,96,84
2026-27,mlax,Conference of New England (CCC),ccc,University of New England,Eben Fagonde,Eben,Fagonde,,1255,Eben Fagonde,"FAGONDE,EBEN",FAGONDEEBENUNE,16,0,,,University of New England,UNE,990-2747,0,0,0,0,0,0,1,0,0,0,0,0,0,0,0,0,2,2,1,0,0,0,0,31,0,11,18,30:00,0,0,1.000,,2,6,0,1,0,1,.333,0.06,,,,,,,,,,,,,,,,,,,0.6038729808868943,97,84
2026-27,mlax,Conference of New England (CCC),ccc,Endicott College,Wyatt Iantosca,Wyatt,Iantosca,,8981,Wyatt Iantosca,"IANTOSCA,WYATT",IANTOSCAWYATTENDICOTT,18,18,,,Endicott College,ENDICOTT,0,0,0,0,0,0,0,0,0,0,0,0,0,0,0,0,0,0,8,3,0,0,0,0,45,0,7,15,1066:00,30,0,1.000,,0,0,0,0,0,0,.000,0.00,,,,,,,,,,,,,,,,,,,0.6033800397083586,98,84
2026-27,mlax,Conference of New England (CCC),ccc,Roger Williams University,Drew LaChapelle,Drew,LaChapelle,,583,Drew LaChapelle,"LACHAPELLE,DREW",LACHAPELLEDREWROGER,17,4,,,Roger Williams University,ROGER,697-9873,0,0,0,0,0,0,3,0,1,2,0,0,0,0,0,0,0,0,1,0,0,0,0,18,0,12,1,240:00,0,0,1.000,,13,18,0,11,2,9,.722,0.65,,,,,,,,,,,,,,,,,,,0.5261857255827608,99,84
2026-27,mlax,Conference of New England (CCC),ccc,Curry College,Kai Johnson,Kai,Johnson,,170,Kai Johnson,"JOHNSON,KAI",JOHNSONKAICURRY,13,13,,,Curry College,CURRY,0,0,0,0,0,0,0,4,0,0,0,0,0,0,0,0,0,0,0,0,0,0,0,0,8,0,15,1,780:00,0,0,1.000,,8,14,0,11,7,4,.571,0.85,,,,,,,,,,,,,,,,,,,0.49730789969394473,100,84
2026-27,mlax,Conference of New England (CCC),ccc,Endicott College,Jesse Woodill,Jesse,Woodill,,8981,Jesse Woodill,"WOODILL,JESSE",WOODILLJESSEENDICOTT,14,14,,,Endicott College,ENDICOTT,0,0,0,0,0,0,0,0,0,0,0,0,0,0,0,0,0,0,2,1,0,0,0,0,30,0,5,19,841:00,8,0,1.000,,0,0,0,0,0,0,.000,0.00,,,,,,,,,,,,,,,,,,,0.4708508619067704,101,84
2026-27,mlax,Conference of New England (CCC),ccc,Curry College,Matt Pfister,Matt,Pfister,,170,Matt Pfister,"PFISTER,MATT",PFISTERMATTCURRY,13,12,,,Curry College,CURRY,0,0,0,0,0,0,0,1,0,0,0,0,0,0,0,0,0,0,2,4,0,0,1,0,32,0,9,16,720:00,0,1,1.000,,3,6,0,1,0,1,.500,0.08,,,,,,,,,,,,,,,,,,,0.4362405102657644,102,84
2026-27,mlax,Conference of New England (CCC),ccc,University of New England,Nate Hunt,Nate,Hunt,,1255,Nate Hunt,"HUNT,NATE",HUNTNATEUNE,16,16,,,University of New England,UNE,990-2753,0,0,0,0,0,0,1,0,0,0,0,0,0,0,0,0,0,7,2,0,0,0,0,26,0,9,16,999:00,212,0,1.000,,3,8,0,2,0,2,.375,0.13,,,,,,,,,,,,,,,,,,,0.41918180503452906,103,84
2026-27,mlax,Conference of New England (CCC),ccc,University of New England,August Hand,August,Hand,,1255,August Hand,"HAND,AUGUST",HANDAUGUSTUNE,16,16,,,University of New England,UNE,990-2750,0,0,0,0,0,0,0,0,0,0,0,0,0,0,0,0,0,3,0,0,0,0,0,30,0,23,15,999:00,212,0,1.000,,1,2,0,1,1,0,.500,0.06,,,,,,,,,,,,,,,,,,,0.3286566282757498,104,83
2026-27,mlax,Conference of New England (CCC),ccc,Roger Williams University,Ethan Mahoney,Ethan,Mahoney,,583,Ethan Mahoney,"MAHONEY,ETHAN",MAHONEYETHANROGER,15,1,,,Roger Williams University,ROGER,697-9567,0,0,0,0,0,0,4,0,0,0,0,0,0,0,0,0,0,1,3,0,0,0,0,9,0,14,2,60:00,0,0,1.000,,13,19,0,10,5,5,.684,0.67,,,,,,,,,,,,,,,,,,,0.3038685850626015,105,83
2026-27,mlax,Conference of New England (CCC),ccc,Wentworth Institute of Technology,Richard Roy,Richard,Roy,,762,Richard Roy,"ROY,RICHARD",ROYRICHARDWIT,16,0,,,Wentworth Institute of Technology,WIT,0,0,0,0,0,0,0,5,0,0,1,0,0,0,0,0,0,0,0,0,0,0,0,0,8,0,14,2,00:00,0,0,1.000,,15,38,0,10,5,5,.395,0.63,,,,,,,,,,,,,,,,,,,0.2678844220592287,106,83
2026-27,mlax,Conference of New England (CCC),ccc,Nichols College,Cole Goudreau,Cole,Goudreau,,484,Cole Goudreau,"GOUDREAU,COLE",GOUDREAUCOLENICHOLS,17,0,,,Nichols College,NICHOLS,695-5040,0,0,0,0,0,0,0,0,0,0,0,0,0,0,0,0,0,1,1,0,0,0,0,33,0,6,8,00:00,0,0,1.000,,1,5,0,3,3,0,.200,0.18,,,,,,,,,,,,,,,,,,,0.2540289668360786,107,83
2026-27,mlax,Conference of New England (CCC),ccc,Wentworth Institute of Technology,Gavin Lawrence,Gavin,Lawrence,,762,Gavin Lawrence,"LAWRENCE,GAVIN",LAWRENCEGAVINWIT,10,6,,,Wentworth Institute of Technology,WIT,0,0,0,0,0,0,0,3,0,0,0,0,0,0,0,0,0,0,0,0,0,0,0,0,13,0,10,3,345:00,22,0,1.000,,11,14,0,9,3,6,.786,0.90,,,,,,,,,,,,,,,,,,,0.21838175944137717,108,83
2026-27,mlax,Conference of New England (CCC),ccc,Curry College,Jack McCarthy,Jack,McCarthy,,170,Jack McCarthy,"MCCARTHY,JACK",MCCARTHYJACKCURRY,14,2,,,Curry College,CURRY,0,0,0,0,0,0,0,0,0,0,0,0,0,0,0,0,0,2,7,0,0,0,0,0,25,0,5,18,120:00,0,0,1.000,,0,0,0,0,0,0,.000,0.00,,,,,,,,,,,,,,,,,,,0.18912173007765465,109,83
2026-27,mlax,Conference of New England (CCC),ccc,University of Hartford,Maxton McPhee,Maxton,McPhee,,272,Maxton McPhee,"MCPHEE,MAXTON",MCPHEEMAXTONHARTFORD,17,1,,,University of Hartford,HARTFORD,6-2746,0,0,0,0,0,0,3,0,0,0,0,0,0,0,0,0,0,0,0,0,0,0,0,8,0,16,0,60:00,0,0,1.000,,14,23,0,11,2,9,.609,0.65,,,,,,,,,,,,,,,,,,,0.06453577873678046,110,83
2026-27,mlax,Conference of New England (CCC),ccc,Wentworth Institute of Technology,Beau Lamontagne,Beau,Lamontagne,,762,Beau Lamontagne,"LAMONTAGNE,BEAU",LAMONTAGNEBEAUWIT,0,0,,,Wentworth Institute of Technology,WIT,0,,,,,,,,,,,,,,,,,,,,,,,,,,,,,,,,,,,,,,,,0,,,,,,,,,,,,,,,,,,,0.0,111,83
2026-27,mlax,Conference of New England (CCC),ccc,Wentworth Institute of Technology,Bode Brenek,Bode,Brenek,,762,Bode Brenek,"BRENEK,BODE",BRENEKBODEWIT,0,0,,,Wentworth Institute of Technology,WIT,0,,,,,,,,,,,,,,,,,,,,,,,,,,,,,,,,,,,,,,,,0,,,,,,,,,,,,,,,,,,,0.0,112,82
2026-27,mlax,Conference of New England (CCC),ccc,University of New England,Braeden Veno,Braeden,Veno,,1255,Braeden Veno,"VENO,BRAEDEN",VENOBRAEDENUNE,0,0,,,University of New England,UNE,990-2646,,,,,,,,,,,,,,,,,,,,,,,,,,,,,,,,,,,,,,,,0,,,,,,,,,,,,,,,,,,,0.0,113,82
2026-27,mlax,Conference of New England (CCC),ccc,University of Hartford,Drew Theriault,Drew,Theriault,,272,Drew Theriault,"THERIAULT,DREW",THERIAULTDREWHARTFORD,0,0,,,University of Hartford,HARTFORD,6-3310,,,,,,,,,,,,,,,,,,,,,,,,,,,,,,,,,,,,,,,,0,,,,,,,,,,,,,,,,,,,0.0,114,82
2026-27,mlax,Conference of New England (CCC),ccc,Wentworth Institute of Technology,Elton Dutil,Elton,Dutil,,762,Elton Dutil,"DUTIL,ELTON",DUTILELTONWIT,0,0,,,Wentworth Institute of Technology,WIT,0,,,,,,,,,,,,,,,,,,,,,,,,,,,,,,,,,,,,,,,,0,,,,,,,,,,,,,,,,,,,0.0,115,82
2026-27,mlax,Conference of New England (CCC),ccc,University of New England,Erwin Sanchez,Erwin,Sanchez,,1255,Erwin Sanchez,"SANCHEZ,ERWIN",SANCHEZERWINUNE,0,0,,,University of New England,UNE,990-3287,,,,,,,,,,,,,,,,,,,,,,,,,,,,,,,,,,,,,,,,0,,,,,,,,,,,,,,,,,,,0.0,116,82
2026-27,mlax,Conference of New England (CCC),ccc,University of New England,Hunter Christian,Hunter,Christian,,1255,Hunter Christian,"CHRISTIAN,HUNTER",CHRISTIANHUNTERUNE,0,0,,,University of New England,UNE,990-3117,,,,,,,,,,,,,,,,,,,,,,,,,,,,,,,,,,,,,,,,0,,,,,,,,,,,,,,,,,,,0.0,117,82
2026-27,mlax,Conference of New England (CCC),ccc,Endicott College,Ian Loenard,Ian,Loenard,,8981,Ian Loenard,"LOENARD,IAN",LOENARDIANENDICOTT,0,0,,,Endicott College,ENDICOTT,0,,,,,,,,,,,,,,,,,,,,,,,,,,,,,,,,,,,,,,,,0,,,,,,,,,,,,,,,,,,,0.0,118,82
2026-27,mlax,Conference of New England (CCC),ccc,Wentworth Institute of Technology,Jack Chudzinski,Jack,Chudzinski,,762,Jack Chudzinski,"CHUDZINSKI,JACK",CHUDZINSKIJACKWIT,0,0,,,Wentworth Institute of Technology,WIT,0,,,,,,,,,,,,,,,,,,,,,,,,,,,,,,,,,,,,,,,,0,,,,,,,,,,,,,,,,,,,0.0,119,82
2026-27,mlax,Conference of New England (CCC),ccc,Wentworth Institute of Technology,Jason Ocampo,Jason,Ocampo,,762,Jason Ocampo,"OCAMPO,JASON",OCAMPOJASONWIT,0,0,,,Wentworth Institute of Technology,WIT,0,,,,,,,,,,,,,,,,,,,,,,,,,,,,,,,,,,,,,,,,0,,,,,,,,,,,,,,,,,,,0.0,120,81
2026-27,mlax,Conference of New England (CCC),ccc,Roger Williams University,Matt Powers,Matt,Powers,,583,Matt Powers,"POWERS,MATT",POWERSMATTROGER,0,0,,,Roger Williams University,ROGER,697-9878,,,,,,,,,,,,,,,,,,,,,,,,,,,,,,,,,,,,,,,,0,,,,,,,,,,,,,,,,,,,0.0,121,81
2026-27,mlax,Conference of New England (CCC),ccc,University of Hartford,Nick Donlon,Nick,Donlon,,272,Nick Donlon,"DONLON,NICK",DONLONNICKHARTFORD,0,0,,,University of Hartford,HARTFORD,6-3304,,,,,,,,,,,,,,,,,,,,,,,,,,,,,,,,,,,,,,,,0,,,,,,,,,,,,,,,,,,,0.0,122,81
2026-27,mlax,Conference of New England (CCC),ccc,Nichols College,Riley Jorgensen,Riley,Jorgensen,,484,Riley Jorgensen,"JORGENSEN,RILEY",JORGENSENRILEYNICHOLS,0,0,,,Nichols College,NICHOLS,695-5042,,,,,,,,,,,,,,,,,,,,,,,,,,,,,,,,,,,,,,,,0,,,,,,,,,,,,,,,,,,,0.0,123,81
2026-27,mlax,Conference of New England (CCC),ccc,Nichols College,Shaler Larmon,Shaler,Larmon,,484,Shaler Larmon,"LARMON,SHALER",LARMONSHALERNICHOLS,0,0,,,Nichols College,NICHOLS,695-5044,,,,,,,,,,,,,,,,,,,,,,,,,,,,,,,,,,,,,,,,0,,,,,,,,,,,,,,,,,,,0.0,124,81
2026-27,mlax,Conference of New England (CCC),ccc,Endicott College,Daniel DeBetta,Daniel,DeBetta,,8981,Daniel DeBetta,"DEBETTA,DANIEL",DEBETTADANIELENDICOTT,18,18,,,Endicott College,ENDICOTT,0,0,0,0,0,0,0,3,0,0,0,0,0,0,0,0,0,0,2,1,0,0,0,0,31,0,5,8,1066:00,30,0,1.000,,3,6,0,3,0,3,.500,0.17,,,,,,,,,,,,,,,,,,,-0.01651764165761488,125,81
2026-27,mlax,Conference of New England (CCC),ccc,Roger Williams University,Aidan Koster,Aidan,Koster,,583,Aidan Koster,"KOSTER,AIDAN",KOSTERAIDANROGER,18,5,,,Roger Williams University,ROGER,697-9559,0,0,0,0,0,0,4,0,1,1,0,0,0,0,0,0,0,0,0,0,0,0,0,9,0,18,0,300:00,0,0,1.000,,21,37,0,10,3,7,.568,0.56,,,,,,,,,,,,,,,,,,,-0.03213357021986635,126,81
2026-27,mlax,Conference of New England (CCC),ccc,Nichols College,Max Leavitt,Max,Leavitt,,484,Max Leavitt,"LEAVITT,MAX",LEAVITTMAXNICHOLS,18,0,,,Nichols College,NICHOLS,695-5043,0,0,0,0,0,0,0,0,0,0,0,0,0,0,0,0,0,2,4,0,0,0,0,20,0,8,7,00:00,0,0,1.000,,4,8,0,5,1,4,.500,0.28,,,,,,,,,,,,,,,,,,,-0.05026644509998118,127,81
2026-27,mlax,Conference of New England (CCC),ccc,Gordon College,CJ Veader,CJ,Veader,,1099,CJ Veader,"VEADER,CJ",VEADERCJGORDON,13,13,,,Gordon College,GORDON,693-3296,0,0,0,0,0,0,1,0,0,0,0,0,0,0,0,0,0,0,0,0,0,0,0,39,0,36,4,779:00,59,0,1.000,,1,1,0,2,1,1,1.000,0.15,13,776:46,211,190,0,2,13,0,2,0,0,636,16.30,.474,,,,,-0.0556865023844032,128,80
2026-27,mlax,Conference of New England (CCC),ccc,University of New England,Eli Allaire,Eli,Allaire,,1255,Eli Allaire,"ALLAIRE,ELI",ALLAIREELIUNE,12,10,,,University of New England,UNE,990-3292,0,0,0,0,0,0,0,0,0,0,0,0,0,0,0,0,0,0,1,0,0,0,0,25,0,18,2,633:00,121,0,1.000,,0,0,0,0,0,0,.000,0.00,12,611:03,95,140,0,4,7,0,7,1,0,421,9.33,.596,,,,,-0.08112152822796281,129,80
2026-27,mlax,Conference of New England (CCC),ccc,Curry College,Bryce Hagerty,Bryce,Hagerty,,170,Bryce Hagerty,"HAGERTY,BRYCE",HAGERTYBRYCECURRY,12,0,,,Curry College,CURRY,0,0,0,0,0,0,0,1,0,0,0,0,0,0,0,0,0,0,1,2,0,0,0,0,14,0,5,12,00:00,0,0,1.000,,3,5,0,3,2,1,.600,0.25,,,,,,,,,,,,,,,,,,,-0.08862962380798378,130,80
2026-27,mlax,Conference of New England (CCC),ccc,Western New England University,Connor Callahan,Connor,Callahan,,775,Connor Callahan,"CALLAHAN,CONNOR",CALLAHANCONNORWNE,19,4,,,Western New England University,WNE,1022-2200,0,0,0,0,0,1,3,0,0,1,0,0,0,0,0,0,0,0,2,0,0,0,0,26,0,10,9,240:00,0,0,1.000,,3,5,0,3,0,3,.600,0.16,,,,,,,,,,,,,,,,,,,-0.09463013986222807,131,80
2026-27,mlax,Conference of New England (CCC),ccc,Endicott College,Andrew Aylwin,Andrew,Aylwin,,8981,Andrew Aylwin,"AYLWIN,ANDREW",AYLWINANDREWENDICOTT,17,0,,,Endicott College,ENDICOTT,0,0,0,0,0,0,0,1,0,0,0,0,0,0,0,0,0,0,1,1,0,0,0,0,15,0,1,7,00:00,0,0,1.000,,2,2,0,5,3,2,1.000,0.29,,,,,,,,,,,,,,,,,,,-0.09780173845888057,132,80
2026-27,mlax,Conference of New England (CCC),ccc,Gordon College,Cullen Davey,Cullen,Davey,,1099,Cullen Davey,"DAVEY,CULLEN",DAVEYCULLENGORDON,11,10,,,Gordon College,GORDON,693-3006,0,0,0,0,0,0,0,0,0,0,0,0,0,0,0,0,1,5,4,0,0,0,0,32,0,19,10,599:00,59,0,1.000,,2,3,0,1,1,0,.667,0.09,,,,,,,,,,,,,,,,,,,-0.10841662977876121,133,80
2026-27,mlax,Conference of New England (CCC),ccc,Roger Williams University,Caden Mitchell,Caden,Mitchell,,583,Caden Mitchell,"MITCHELL,CADEN",MITCHELLCADENROGER,16,4,,,Roger Williams University,ROGER,697-9874,0,0,0,0,0,0,0,0,0,0,0,0,0,0,0,0,2,5,0,0,0,0,0,20,0,9,14,240:00,0,0,1.000,,0,0,0,1,1,0,.000,0.06,,,,,,,,,,,,,,,,,,,-0.13299331857023033,134,80
2026-27,mlax,Conference of New England (CCC),ccc,Endicott College,Ryan Rooney,Ryan,Rooney,,8981,Ryan Rooney,"ROONEY,RYAN",ROONEYRYANENDICOTT,18,3,,,Endicott College,ENDICOTT,0,0,0,0,0,0,0,0,0,0,0,0,0,0,0,0,0,0,2,1,0,0,0,0,19,0,4,15,165:00,22,0,1.000,,1,1,0,1,0,1,1.000,0.06,,,,,,,,,,,,,,,,,,,-0.13336192559033466,135,79
2026-27,mlax,Conference of New England (CCC),ccc,University of Hartford,Tarin Prior,Tarin,Prior,,272,Tarin Prior,"PRIOR,TARIN",PRIORTARINHARTFORD,17,1,,,University of Hartford,HARTFORD,6-2767,0,0,0,0,0,0,0,0,0,0,0,0,0,0,0,0,0,3,1,0,0,0,0,31,0,10,10,60:00,24,0,1.000,,3,6,0,1,1,0,.500,0.06,,,,,,,,,,,,,,,,,,,-0.14440079278213414,136,79
2026-27,mlax,Conference of New England (CCC),ccc,Gordon College,Caleb Parambil,Caleb,Parambil,,1099,Caleb Parambil,"PARAMBIL,CALEB",PARAMBILCALEBGORDON,13,13,,,Gordon College,GORDON,693-3000,0,0,0,0,0,0,0,0,0,0,0,0,0,0,0,0,0,1,2,0,0,0,11,18,0,12,14,779:00,59,11,1.000,,0,0,0,1,1,0,.000,0.08,,,,,,,,,,,,,,,,,,,-0.2049616445769762,137,79
2026-27,mlax,Conference of New England (CCC),ccc,Gordon College,Finn Smith,Finn,Smith,,1099,Finn Smith,"SMITH,FINN",SMITHFINNGORDON,13,10,,,Gordon College,GORDON,693-3151,0,0,0,0,0,0,0,0,0,0,0,0,0,0,0,0,0,3,2,0,0,0,0,29,0,24,8,600:00,0,0,1.000,,1,3,0,2,1,1,.333,0.15,,,,,,,,,,,,,,,,,,,-0.22113947962438057,138,79
2026-27,mlax,Conference of New England (CCC),ccc,Endicott College,Nic Cupples,Nic,Cupples,,8981,Nic Cupples,"CUPPLES,NIC",CUPPLESNICENDICOTT,18,3,,,Endicott College,ENDICOTT,0,0,0,0,0,0,0,0,0,0,0,0,0,0,0,0,0,0,0,0,0,0,1,2,56,0,11,3,180:00,0,3,1.000,,0,0,0,0,0,0,.000,0.00,,,,,,,,,,,,,,,,,,,-0.2224939690015561,139,79
2026-27,mlax,Conference of New England (CCC),ccc,University of New England,Brady Angell,Brady,Angell,,1255,Brady Angell,"ANGELL,BRADY",ANGELLBRADYUNE,17,0,,,University of New England,UNE,990-2936,0,0,0,0,0,0,0,0,0,0,0,0,0,0,0,0,0,1,0,0,0,0,0,29,0,5,12,30:00,0,0,1.000,,1,4,0,0,0,0,.250,0.00,,,,,,,,,,,,,,,,,,,-0.2777915187823622,140,79
2026-27,mlax,Conference of New England (CCC),ccc,Western New England University,Chance Starrett,Chance,Starrett,,775,Chance Starrett,"STARRETT,CHANCE",STARRETTCHANCEWNE,20,17,,,Western New England University,WNE,1022-4069,0,0,0,0,0,0,0,0,0,0,0,0,0,0,0,0,0,6,2,0,0,0,0,29,0,8,12,1020:00,51,0,1.000,,0,2,0,0,0,0,.000,0.00,,,,,,,,,,,,,,,,,,,-0.2777915187823622,141,79
2026-27,mlax,Conference of New England (CCC),ccc,Wentworth Institute of Technology,Sal Panetta,Sal,Panetta,,762,Sal Panetta,"PANETTA,SAL",PANETTASALWIT,16,1,,,Wentworth Institute of Technology,WIT,0,0,0,0,0,0,0,0,0,0,0,0,0,0,0,0,0,0,1,3,0,0,0,0,22,0,4,14,60:00,0,0,1.000,,0,3,0,0,0,0,.000,0.00,,,,,,,,,,,,,,,,,,,-0.32606402618146935,142,79
2026-27,mlax,Conference of New England (CCC),ccc,Gordon College,Michael Shaner,Michael,Shaner,,1099,Michael Shaner,"SHANER,MICHAEL",SHANERMICHAELGORDON,8,7,,,Gordon College,GORDON,693-3002,0,0,0,0,0,0,2,0,0,0,0,0,0,0,0,0,0,0,1,0,0,0,0,19,0,5,7,420:00,0,0,1.000,,4,4,0,3,1,2,1.000,0.38,,,,,,,,,,,,,,,,,,,-0.48394315368135854,143,78
2026-27,mlax,Conference of New England (CCC),ccc,Curry College,Max Ritt,Max,Ritt,,170,Max Ritt,"RITT,MAX",RITTMAXCURRY,15,11,,,Curry College,CURRY,0,0,0,0,0,0,0,1,0,0,0,0,0,0,0,0,0,0,0,2,0,0,0,0,10,0,20,2,660:00,0,0,1.000,,13,26,0,6,4,2,.500,0.40,,,,,,,,,,,,,,,,,,,-0.521725103919017,144,78
2026-27,mlax,Conference of New England (CCC),ccc,Wentworth Institute of Technology,Alex Wignall,Alex,Wignall,,762,Alex Wignall,"WIGNALL,ALEX",WIGNALLALEXWIT,15,0,,,Wentworth Institute of Technology,WIT,0,0,0,0,0,0,0,0,0,0,0,0,0,0,0,0,0,0,3,1,0,0,1,2,21,0,6,12,00:00,0,3,1.000,,0,1,0,0,0,0,.000,0.00,,,,,,,,,,,,,,,,,,,-0.5656648228093454,145,78
2026-27,mlax,Conference of New England (CCC),ccc,Gordon College,Thomas De haes,Thomas De,haes,,1099,Thomas De haes,"HAES,THOMAS DE",HAESTHOMASDEGORDON,13,12,,,Gordon College,GORDON,693-3148,0,0,0,0,0,0,0,0,0,0,0,0,0,0,0,0,0,8,0,0,0,0,0,19,0,16,8,719:00,59,0,1.000,,1,2,0,2,1,1,.500,0.15,,,,,,,,,,,,,,,,,,,-0.5809811096581095,146,78
2026-27,mlax,Conference of New England (CCC),ccc,Roger Williams University,Aaron D'Aversa,Aaron,D'Aversa,,583,Aaron D'Aversa,"D'AVERSA,AARON",D'AVERSAAARONROGER,16,12,,,Roger Williams University,ROGER,697-9135,0,0,0,0,0,0,0,0,0,0,0,0,0,0,0,0,0,0,0,0,0,0,0,23,0,18,1,744:00,113,0,1.000,,0,2,0,0,0,0,.000,0.00,16,821:11,121,139,0,7,7,0,0,0,0,498,8.84,.535,,,,,-0.5853769573535457,147,78
2026-27,mlax,Conference of New England (CCC),ccc,Endicott College,Bennett Bartlett,Bennett,Bartlett,,8981,Bennett Bartlett,"BARTLETT,BENNETT",BARTLETTBENNETTENDICOTT,18,0,,,Endicott College,ENDICOTT,0,0,0,0,0,0,0,1,0,0,0,0,0,0,0,0,0,0,0,2,0,0,0,2,26,0,4,8,00:00,0,2,1.000,,1,3,0,1,0,1,.333,0.06,,,,,,,,,,,,,,,,,,,-0.5941310022524839,148,78
2026-27,mlax,Conference of New England (CCC),ccc,Western New England University,Nathan Leone,Nathan,Leone,,775,Nathan Leone,"LEONE,NATHAN",LEONENATHANWNE,17,2,,,Western New England University,WNE,1022-2209,0,0,0,0,0,0,0,0,1,0,0,0,0,0,0,0,0,0,0,0,0,0,0,11,0,6,2,120:00,0,0,1.000,,7,9,0,6,2,4,.778,0.35,,,,,,,,,,,,,,,,,,,-0.6181264625736093,149,78
2026-27,mlax,Conference of New England (CCC),ccc,Nichols College,Ethan Todd,Ethan,Todd,,484,Ethan Todd,"TODD,ETHAN",TODDETHANNICHOLS,15,13,,,Nichols College,NICHOLS,695-4467,0,0,0,0,0,0,0,0,0,0,0,0,0,0,0,0,0,4,2,0,0,0,0,22,0,8,11,766:00,24,0,1.000,,0,0,0,0,0,0,.000,0.00,,,,,,,,,,,,,,,,,,,-0.6314889766182237,150,78
2026-27,mlax,Conference of New England (CCC),ccc,Nichols College,Tyler Barents,Tyler,Barents,,484,Tyler Barents,"BARENTS,TYLER",BARENTSTYLERNICHOLS,18,0,,,Nichols College,NICHOLS,695-4207,0,0,0,0,0,0,0,0,0,0,0,0,0,0,0,0,1,14,5,0,0,0,0,22,0,10,11,00:00,0,0,1.000,,1,3,0,0,0,0,.333,0.00,,,,,,,,,,,,,,,,,,,-0.6314889766182237,151,77
2026-27,mlax,Conference of New England (CCC),ccc,Nichols College,Jared Van cor,Jared Van,cor,,484,Jared Van cor,"COR,JARED VAN",CORJAREDVANNICHOLS,18,0,,,Nichols College,NICHOLS,695-4806,0,0,0,0,0,0,1,0,0,0,0,0,0,0,0,0,0,1,0,0,0,0,0,18,0,8,10,00:00,0,0,1.000,,1,2,0,1,0,1,.500,0.06,,,,,,,,,,,,,,,,,,,-0.6783876726549644,152,77
2026-27,mlax,Conference of New England (CCC),ccc,Curry College,Aidan Clement,Aidan,Clement,,170,Aidan Clement,"CLEMENT,AIDAN",CLEMENTAIDANCURRY,14,6,,,Curry College,CURRY,0,0,0,0,0,0,0,0,0,0,0,0,0,0,0,0,0,0,2,0,0,0,0,0,27,0,17,6,360:00,0,0,1.000,,0,1,0,1,1,0,.000,0.07,,,,,,,,,,,,,,,,,,,-0.6955707120446313,153,77
2026-27,mlax,Conference of New England (CCC),ccc,Wentworth Institute of Technology,Anthony Ballestrini,Anthony,Ballestrini,,762,Anthony Ballestrini,"BALLESTRINI,ANTHONY",BALLESTRINIANTHONYWIT,8,3,,,Wentworth Institute of Technology,WIT,0,0,0,0,0,0,0,1,0,0,1,0,0,0,0,0,0,0,2,0,0,0,0,0,5,0,3,2,180:00,0,0,1.000,,8,11,0,7,1,6,.727,0.88,,,,,,,,,,,,,,,,,,,-0.701377928633827,154,77
2026-27,mlax,Conference of New England (CCC),ccc,Nichols College,Joey Lachance,Joey,Lachance,,484,Joey Lachance,"LACHANCE,JOEY",LACHANCEJOEYNICHOLS,18,0,,,Nichols College,NICHOLS,695-4210,0,0,0,0,0,0,2,0,0,0,0,0,0,0,0,0,0,2,0,0,0,0,0,9,0,15,1,00:00,0,0,1.000,,8,16,0,6,3,3,.500,0.33,,,,,,,,,,,,,,,,,,,-0.7257103445636239,155,77
2026-27,mlax,Conference of New England (CCC),ccc,Western New England University,Anthony Gesino,Anthony,Gesino,,775,Anthony Gesino,"GESINO,ANTHONY",GESINOANTHONYWNE,15,3,,,Western New England University,WNE,1022-2207,0,0,0,0,0,0,1,0,0,0,0,0,0,0,0,0,0,1,2,0,0,0,0,20,0,7,6,180:00,0,0,1.000,,4,4,0,2,1,1,1.000,0.13,,,,,,,,,,,,,,,,,,,-0.7486135802792393,156,77
2026-27,mlax,Conference of New England (CCC),ccc,Endicott College,Jack Peterson,Jack,Peterson,,8981,Jack Peterson,"PETERSON,JACK",PETERSONJACKENDICOTT,17,0,,,Endicott College,ENDICOTT,0,0,0,0,0,0,0,1,0,0,0,0,0,0,0,0,0,0,1,1,0,0,0,0,18,0,8,9,00:00,0,0,1.000,,1,3,0,1,0,1,.333,0.06,,,,,,,,,,,,,,,,,,,-0.7801959894672157,157,77
2026-27,mlax,Conference of New England (CCC),ccc,Western New England University,Rafe Grant,Rafe,Grant,,775,Rafe Grant,"GRANT,RAFE",GRANTRAFEWNE,18,0,,,Western New England University,WNE,1022-4063,0,0,0,0,0,0,3,0,0,0,0,0,0,0,0,0,0,1,1,0,0,2,9,2,0,3,2,00:00,0,11,1.000,,9,16,0,7,1,6,.563,0.39,,,,,,,,,,,,,,,,,,,-0.8093304176439458,158,77
2026-27,mlax,Conference of New England (CCC),ccc,Endicott College,Ben Merena,Ben,Merena,,8981,Ben Merena,"MERENA,BEN",MERENABENENDICOTT,8,0,,,Endicott College,ENDICOTT,0,0,0,0,0,0,0,1,0,0,0,0,0,0,0,0,0,0,0,2,0,0,0,0,8,0,5,3,00:00,0,0,1.000,,5,13,0,5,2,3,.385,0.63,,,,,,,,,,,,,,,,,,,-0.823116907560479,159,76
2026-27,mlax,Conference of New England (CCC),ccc,Curry College,Tyler Pizzano,Tyler,Pizzano,,170,Tyler Pizzano,"PIZZANO,TYLER",PIZZANOTYLERCURRY,16,8,,,Curry College,CURRY,0,0,0,0,0,0,0,0,0,0,0,0,0,0,0,0,0,0,0,1,0,0,0,1,16,0,11,11,480:00,0,1,1.000,,0,0,0,0,0,0,.000,0.00,,,,,,,,,,,,,,,,,,,-0.8473939546384612,160,76
2026-27,mlax,Conference of New England (CCC),ccc,Western New England University,Jeffrey Wojtowicz,Jeffrey,Wojtowicz,,775,Jeffrey Wojtowicz,"WOJTOWICZ,JEFFREY",WOJTOWICZJEFFREYWNE,18,17,,,Western New England University,WNE,1022-4066,0,0,0,0,0,0,0,0,0,0,0,0,0,0,0,0,0,0,0,0,0,0,0,32,0,5,0,990:00,51,0,1.000,,0,0,0,0,0,0,.000,0.00,18,962:53,155,138,0,13,5,0,1,0,0,523,9.66,.471,,,,,-0.8487304384265104,161,76
2026-27,mlax,Conference of New England (CCC),ccc,Wentworth Institute of Technology,Trevor Guilmette,Trevor,Guilmette,,762,Trevor Guilmette,"GUILMETTE,TREVOR",GUILMETTETREVORWIT,16,16,,,Wentworth Institute of Technology,WIT,0,0,0,0,0,0,0,0,0,0,0,0,0,0,0,0,0,0,5,3,0,0,0,0,27,0,11,7,945:00,22,0,1.000,,0,1,0,0,0,0,.000,0.00,,,,,,,,,,,,,,,,,,,-0.8588014288503648,162,76
2026-27,mlax,Conference of New England (CCC),ccc,Nichols College,Mason Little,Mason,Little,,484,Mason Little,"LITTLE,MASON",LITTLEMASONNICHOLS,14,0,,,Nichols College,NICHOLS,695-4795,0,0,0,0,0,1,1,0,0,0,0,0,0,0,0,0,0,0,0,0,0,0,0,11,0,6,8,00:00,0,0,1.000,,3,7,0,2,1,1,.429,0.14,,,,,,,,,,,,,,,,,,,-0.8688544136850929,163,76
2026-27,mlax,Conference of New England (CCC),ccc,Roger Williams University,Tj Sullivan,Tj,Sullivan,,583,Tj Sullivan,"SULLIVAN,TJ",SULLIVANTJROGER,15,14,,,Roger Williams University,ROGER,697-9881,0,0,0,0,0,0,0,0,0,0,0,0,0,0,0,0,1,3,2,0,0,0,0,21,0,9,9,835:00,156,0,1.000,,0,1,0,0,0,0,.000,0.00,,,,,,,,,,,,,,,,,,,-0.8710897732460994,164,76
2026-27,mlax,Conference of New England (CCC),ccc,University of Hartford,CJ Ledwick,CJ,Ledwick,,272,CJ Ledwick,"LEDWICK,CJ",LEDWICKCJHARTFORD,14,14,,,University of Hartford,HARTFORD,6-2756,0,0,0,0,0,0,0,0,0,0,0,0,0,0,0,0,0,0,0,0,0,0,0,24,0,5,1,815:00,30,0,1.000,,0,0,0,0,0,0,.000,0.00,14,735:20,118,124,0,8,5,0,2,0,0,405,9.63,.512,,,,,-0.8721233658671226,165,76
2026-27,mlax,Conference of New England (CCC),ccc,Gordon College,Rocco Kraunelis,Rocco,Kraunelis,,1099,Rocco Kraunelis,"KRAUNELIS,ROCCO",KRAUNELISROCCOGORDON,12,0,,,Gordon College,GORDON,693-3295,0,0,0,0,0,0,1,0,0,0,0,0,0,0,0,0,0,1,2,0,0,0,0,18,0,13,4,00:00,0,0,1.000,,5,10,0,3,0,3,.500,0.25,,,,,,,,,,,,,,,,,,,-0.891545027950468,166,76
2026-27,mlax,Conference of New England (CCC),ccc,Endicott College,Owen Meczkowski,Owen,Meczkowski,,8981,Owen Meczkowski,"MECZKOWSKI,OWEN",MECZKOWSKIOWENENDICOTT,7,0,,,Endicott College,ENDICOTT,0,0,0,0,0,0,0,1,0,0,0,0,0,0,0,0,0,0,0,0,0,0,0,0,3,0,1,2,00:00,0,0,1.000,,6,14,0,6,2,4,.429,0.86,,,,,,,,,,,,,,,,,,,-0.9059997666005924,167,75
2026-27,mlax,Conference of New England (CCC),ccc,Endicott College,Tyler Williams,Tyler,Williams,,8981,Tyler Williams,"WILLIAMS,TYLER",WILLIAMSTYLERENDICOTT,13,0,,,Endicott College,ENDICOTT,0,0,0,0,0,0,0,3,0,0,0,0,0,0,0,0,0,0,0,0,0,0,0,0,3,0,7,0,00:00,0,0,1.000,,8,14,0,7,2,5,.571,0.54,,,,,,,,,,,,,,,,,,,-0.910770127436093,168,75
2026-27,mlax,Conference of New England (CCC),ccc,Endicott College,Zachary Licavoli,Zachary,Licavoli,,8981,Zachary Licavoli,"LICAVOLI,ZACHARY",LICAVOLIZACHARYENDICOTT,7,0,,,Endicott College,ENDICOTT,0,0,0,0,0,0,0,0,0,0,0,0,0,0,0,0,0,0,0,0,0,0,0,0,4,0,3,0,05:00,41,0,1.000,,0,0,0,0,0,0,.000,0.00,6,65:02,5,10,0,0,0,0,0,0,0,24,4.61,.667,,,,,-0.9707490156946195,169,75
2026-27,mlax,Conference of New England (CCC),ccc,Roger Williams University,Matt Whitaker,Matt,Whitaker,,583,Matt Whitaker,"WHITAKER,MATT",WHITAKERMATTROGER,18,8,,,Roger Williams University,ROGER,697-9563,0,0,0,0,0,0,0,0,0,0,0,0,0,0,0,0,0,1,4,0,0,0,0,12,0,6,11,473:00,99,0,1.000,,0,3,0,0,0,0,.000,0.00,,,,,,,,,,,,,,,,,,,-0.9913306066519527,170,75
2026-27,mlax,Conference of New England (CCC),ccc,University of New England,Christian Berluti,Christian,Berluti,,1255,Christian Berluti,"BERLUTI,CHRISTIAN",BERLUTICHRISTIANUNE,9,5,,,University of New England,UNE,990-2938,0,0,0,0,0,0,0,0,0,0,0,0,0,0,0,0,0,0,0,0,0,0,0,19,0,4,1,305:00,151,0,1.000,,0,0,0,0,0,0,.000,0.00,8,306:54,43,57,0,4,3,0,4,0,0,177,8.41,.570,,,,,-1.0109039998242606,171,75
2026-27,mlax,Conference of New England (CCC),ccc,University of New England,Hogan Corona,Hogan,Corona,,1255,Hogan Corona,"CORONA,HOGAN",CORONAHOGANUNE,17,7,,,University of New England,UNE,990-2940,0,0,0,0,0,1,5,0,0,1,0,0,0,0,0,0,0,0,0,0,0,0,0,1,0,15,1,413:00,42,0,1.000,,20,39,0,7,0,7,.513,0.41,,,,,,,,,,,,,,,,,,,-1.0133156582885525,172,75
2026-27,mlax,Conference of New England (CCC),ccc,Gordon College,Caden Ellis,Caden,Ellis,,1099,Caden Ellis,"ELLIS,CADEN",ELLISCADENGORDON,12,0,,,Gordon College,GORDON,693-3149,0,0,0,0,0,0,4,0,0,0,0,0,0,0,0,0,0,0,2,0,0,0,0,6,0,5,1,00:00,0,0,1.000,,9,15,0,6,0,6,.600,0.50,,,,,,,,,,,,,,,,,,,-1.0322411160606904,173,75
2026-27,mlax,Conference of New England (CCC),ccc,Western New England University,Bryce Busa,Bryce,Busa,,775,Bryce Busa,"BUSA,BRYCE",BUSABRYCEWNE,19,1,,,Western New England University,WNE,1022-2199,0,0,0,0,0,0,0,0,0,0,0,0,0,0,0,0,0,0,0,0,0,0,0,26,0,7,3,60:00,0,0,1.000,,2,11,0,1,1,0,.182,0.05,,,,,,,,,,,,,,,,,,,-1.0369798254847582,174,75
2026-27,mlax,Conference of New England (CCC),ccc,Roger Williams University,Matthew Araneo,Matthew,Araneo,,583,Matthew Araneo,"ARANEO,MATTHEW",ARANEOMATTHEWROGER,17,16,,,Roger Williams University,ROGER,697-9133,0,0,0,0,0,0,0,0,0,0,0,0,0,0,0,0,0,1,0,0,0,0,0,13,0,7,10,955:00,156,0,1.000,,0,1,0,0,0,0,.000,0.00,,,,,,,,,,,,,,,,,,,-1.0571547604608313,175,74
2026-27,mlax,Conference of New England (CCC),ccc,Nichols College,Shea Buckley,Shea,Buckley,,484,Shea Buckley,"BUCKLEY,SHEA",BUCKLEYSHEANICHOLS,14,7,,,Nichols College,NICHOLS,695-5037,0,0,0,0,0,0,0,0,0,0,0,0,0,0,0,0,0,8,2,0,0,0,0,14,0,8,7,420:00,0,0,1.000,,0,1,0,1,1,0,.000,0.07,,,,,,,,,,,,,,,,,,,-1.0615565142762273,176,74
2026-27,mlax,Conference of New England (CCC),ccc,Nichols College,Juan Morales,Juan,Morales,,484,Juan Morales,"MORALES,JUAN",MORALESJUANNICHOLS,18,0,,,Nichols College,NICHOLS,695-4798,0,0,0,0,0,0,1,0,0,0,0,0,0,0,0,0,0,1,2,0,0,0,0,7,0,9,1,00:00,0,0,1.000,,8,16,0,5,2,3,.500,0.28,,,,,,,,,,,,,,,,,,,-1.0627177041883544,177,74
2026-27,mlax,Conference of New England (CCC),ccc,University of New England,David Wilcox,David,Wilcox,,1255,David Wilcox,"WILCOX,DAVID",WILCOXDAVIDUNE,7,0,,,University of New England,UNE,990-2704,0,0,0,0,0,0,0,0,0,0,0,0,0,0,0,0,0,2,0,0,0,0,0,8,0,4,7,00:00,0,0,1.000,,5,5,0,2,1,1,1.000,0.29,,,,,,,,,,,,,,,,,,,-1.078615219507463,178,74
2026-27,mlax,Conference of New England (CCC),ccc,University of New England,Dominic Matteodo,Dominic,Matteodo,,1255,Dominic Matteodo,"MATTEODO,DOMINIC",MATTEODODOMINICUNE,16,0,,,University of New England,UNE,990-3189,0,0,0,0,0,0,0,0,0,0,0,0,0,0,0,0,0,0,2,0,0,0,0,18,0,6,8,30:00,0,0,1.000,,0,0,0,0,0,0,.000,0.00,,,,,,,,,,,,,,,,,,,-1.0808505790684695,179,74
2026-27,mlax,Conference of New England (CCC),ccc,Wentworth Institute of Technology,A.J. Smith,A.J.,Smith,,762,A.J. Smith,"SMITH,AJ",SMITHAJWIT,16,15,,,Wentworth Institute of Technology,WIT,0,0,0,0,0,0,0,0,0,0,0,0,0,0,0,0,0,0,0,0,0,0,0,0,18,0,9,2,885:00,22,0,1.000,,0,0,0,0,0,0,.000,0.00,16,914:35,174,163,0,8,8,0,4,0,0,565,11.42,.484,,,,,-1.0872633546160877,180,74
2026-27,mlax,Conference of New England (CCC),ccc,Roger Williams University,Thomas Kennedy,Thomas,Kennedy,,583,Thomas Kennedy,"KENNEDY,THOMAS",KENNEDYTHOMASROGER,18,0,,,Roger Williams University,ROGER,697-9000,0,0,0,0,0,0,0,0,0,0,0,0,0,0,0,0,0,0,0,0,0,0,0,16,0,12,4,00:00,0,0,1.000,,1,2,0,2,1,1,.500,0.11,,,,,,,,,,,,,,,,,,,-1.0961668659172337,181,74
2026-27,mlax,Conference of New England (CCC),ccc,University of Hartford,Caleb LeVasseur,Caleb,LeVasseur,,272,Caleb LeVasseur,"LEVASSEUR,CALEB",LEVASSEURCALEBHARTFORD,17,0,,,University of Hartford,HARTFORD,6-2745,0,0,0,0,0,0,0,0,0,0,0,0,0,0,0,0,0,0,0,0,0,0,0,20,0,9,5,00:00,0,0,1.000,,4,6,0,1,0,1,.667,0.06,,,,,,,,,,,,,,,,,,,-1.1154609307094754,182,74
2026-27,mlax,Conference of New England (CCC),ccc,Endicott College,Jack Ballinger,Jack,Ballinger,,8981,Jack Ballinger,"BALLINGER,JACK",BALLINGERJACKENDICOTT,9,0,,,Endicott College,ENDICOTT,0,0,0,0,0,0,0,1,0,0,0,0,0,0,0,0,0,0,0,0,0,0,0,0,2,0,4,0,00:00,0,0,1.000,,10,13,0,6,2,4,.769,0.67,,,,,,,,,,,,,,,,,,,-1.145600563228468,183,73
2026-27,mlax,Conference of New England (CCC),ccc,Endicott College,Matt Wright,Matt,Wright,,8981,Matt Wright,"WRIGHT,MATT",WRIGHTMATTENDICOTT,15,2,,,Endicott College,ENDICOTT,0,0,0,0,0,0,0,0,0,0,0,0,0,0,0,0,0,0,1,0,0,0,0,0,9,0,5,1,121:00,8,0,1.000,,9,12,0,4,2,2,.750,0.27,,,,,,,,,,,,,,,,,,,-1.189595650970611,184,73
2026-27,mlax,Conference of New England (CCC),ccc,Roger Williams University,Nick Cotting,Nick,Cotting,,583,Nick Cotting,"COTTING,NICK",COTTINGNICKROGER,12,2,,,Roger Williams University,ROGER,697-9868,0,0,0,0,0,0,1,0,0,0,0,0,0,0,0,0,0,0,0,0,0,0,0,3,0,7,1,120:00,0,0,1.000,,16,27,0,5,2,3,.593,0.42,,,,,,,,,,,,,,,,,,,-1.2066543562018461,185,73
2026-27,mlax,Conference of New England (CCC),ccc,Western New England University,Levi Kelly-Smith,Levi,Kelly-Smith,,775,Levi Kelly-Smith,"KELLY-SMITH,LEVI",KELLY-SMITHLEVIWNE,17,2,,,Western New England University,WNE,1022-4293,0,0,0,0,0,0,0,0,0,0,0,0,0,0,0,0,0,0,0,0,0,73,42,34,0,10,1,120:00,0,115,1.000,,0,1,0,0,0,0,.000,0.00,,,,,,,,,,,,,,,,,,,-1.2177621887002625,186,73
2026-27,mlax,Conference of New England (CCC),ccc,Gordon College,Soren Glaser,Soren,Glaser,,1099,Soren Glaser,"GLASER,SOREN",GLASERSORENGORDON,13,0,,,Gordon College,GORDON,693-3293,0,0,0,0,0,0,0,0,0,0,0,0,0,0,0,0,0,0,1,0,0,0,1,16,0,8,4,00:00,0,1,1.000,,1,1,0,1,1,0,1.000,0.08,,,,,,,,,,,,,,,,,,,-1.2950131387062358,187,73
2026-27,mlax,Conference of New England (CCC),ccc,University of New England,Brennan Chane,Brennan,Chane,,1255,Brennan Chane,"CHANE,BRENNAN",CHANEBRENNANUNE,10,0,,,University of New England,UNE,990-2939,0,0,0,0,0,0,3,0,0,0,0,0,0,0,0,0,0,0,0,0,0,0,0,4,0,4,1,30:00,0,0,1.000,,7,8,0,5,0,5,.875,0.50,,,,,,,,,,,,,,,,,,,-1.3030557148564383,188,73
2026-27,mlax,Conference of New England (CCC),ccc,University of Hartford,Ben Costanzo,Ben,Costanzo,,272,Ben Costanzo,"COSTANZO,BEN",COSTANZOBENHARTFORD,14,0,,,University of Hartford,HARTFORD,6-2744,0,0,0,0,0,0,1,0,0,0,0,0,0,0,0,0,0,0,0,0,0,39,44,21,0,2,0,00:00,0,83,1.000,,4,6,0,2,1,1,.667,0.14,,,,,,,,,,,,,,,,,,,-1.3234793181493747,189,73
2026-27,mlax,Conference of New England (CCC),ccc,Roger Williams University,Nick Katsaros,Nick,Katsaros,,583,Nick Katsaros,"KATSAROS,NICK",KATSAROSNICKROGER,9,0,,,Roger Williams University,ROGER,697-9871,0,0,0,0,0,0,0,0,0,0,0,0,0,0,0,0,0,1,0,0,0,0,0,5,0,8,1,00:00,0,0,1.000,,11,24,0,4,2,2,.458,0.44,,,,,,,,,,,,,,,,,,,-1.3335323029841024,190,72
2026-27,mlax,Conference of New England (CCC),ccc,Roger Williams University,Jacob Parenteau,Jacob,Parenteau,,583,Jacob Parenteau,"PARENTEAU,JACOB",PARENTEAUJACOBROGER,4,4,,,Roger Williams University,ROGER,697-9549,0,0,0,0,0,2,0,0,1,2,0,0,0,0,0,0,0,0,0,0,0,0,0,3,0,4,1,242:00,57,0,1.000,,9,14,0,5,0,5,.643,1.25,,,,,,,,,,,,,,,,,,,-1.3390398778598112,191,72
2026-27,mlax,Conference of New England (CCC),ccc,Curry College,Jared Reardon,Jared,Reardon,,170,Jared Reardon,"REARDON,JARED",REARDONJAREDCURRY,14,0,,,Curry College,CURRY,0,0,0,0,0,0,0,0,0,0,0,0,0,0,0,0,0,0,1,0,0,0,0,0,9,0,5,4,00:00,0,0,1.000,,5,9,0,2,1,1,.556,0.14,,,,,,,,,,,,,,,,,,,-1.3480560069408438,192,72
2026-27,mlax,Conference of New England (CCC),ccc,Curry College,Harry Michaud,Harry,Michaud,,170,Harry Michaud,"MICHAUD,HARRY",MICHAUDHARRYCURRY,13,13,,,Curry College,CURRY,0,0,0,0,0,0,0,2,0,0,0,0,0,0,0,0,0,0,0,1,0,0,0,1,9,0,23,0,780:00,0,1,1.000,,14,26,0,4,1,3,.538,0.31,,,,,,,,,,,,,,,,,,,-1.3575967286118449,193,72
2026-27,mlax,Conference of New England (CCC),ccc,Endicott College,Derek Thompson,Derek,Thompson,,8981,Derek Thompson,"THOMPSON,DEREK",THOMPSONDEREKENDICOTT,11,0,,,Endicott College,ENDICOTT,0,0,0,0,0,0,0,2,0,0,0,0,0,0,0,0,0,0,0,0,0,0,0,0,1,0,4,0,00:00,0,0,1.000,,7,11,0,5,2,3,.636,0.45,,,,,,,,,,,,,,,,,,,-1.3804309990208432,194,72
2026-27,mlax,Conference of New England (CCC),ccc,University of Hartford,Jaxson Vogel,Jaxson,Vogel,,272,Jaxson Vogel,"VOGEL,JAXSON",VOGELJAXSONHARTFORD,13,0,,,University of Hartford,HARTFORD,6-2759,0,0,0,0,0,0,0,0,0,0,0,0,0,0,0,0,0,0,0,0,0,0,0,11,0,2,7,00:00,0,0,1.000,,1,1,0,0,0,0,1.000,0.00,,,,,,,,,,,,,,,,,,,-1.434548036904331,195,72
2026-27,mlax,Conference of New England (CCC),ccc,University of Hartford,Andrew Leibold,Andrew,Leibold,,272,Andrew Leibold,"LEIBOLD,ANDREW",LEIBOLDANDREWHARTFORD,9,3,,,University of Hartford,HARTFORD,6-2773,0,0,0,0,0,0,0,0,0,0,0,0,0,0,0,0,0,0,0,0,0,0,0,6,0,3,0,199:00,139,0,1.000,,0,0,0,0,0,0,.000,0.00,9,258:28,30,42,0,4,2,0,0,0,0,125,6.96,.583,,,,,-1.448590229335657,196,72
2026-27,mlax,Conference of New England (CCC),ccc,Endicott College,Kelan Cardinal,Kelan,Cardinal,,8981,Kelan Cardinal,"CARDINAL,KELAN",CARDINALKELANENDICOTT,7,0,,,Endicott College,ENDICOTT,0,0,0,0,0,0,0,1,0,0,0,0,0,0,0,0,0,0,0,0,0,0,0,0,3,0,2,1,00:00,0,0,1.000,,4,8,0,4,1,3,.500,0.57,,,,,,,,,,,,,,,,,,,-1.4716933898198308,197,72
2026-27,mlax,Conference of New England (CCC),ccc,University of Hartford,Emil Johnson,Emil,Johnson,,272,Emil Johnson,"JOHNSON,EMIL",JOHNSONEMILHARTFORD,16,0,,,University of Hartford,HARTFORD,6-3293,0,0,0,0,0,0,1,0,0,0,0,0,0,0,0,0,0,0,1,0,0,1,0,23,0,7,0,00:00,0,1,1.000,,1,1,0,1,0,1,1.000,0.06,,,,,,,,,,,,,,,,,,,-1.5165500257606135,198,71
2026-27,mlax,Conference of New England (CCC),ccc,University of New England,Grant Isdale,Grant,Isdale,,1255,Grant Isdale,"ISDALE,GRANT",ISDALEGRANTUNE,1,1,,,University of New England,UNE,990-3109,0,0,0,0,0,0,0,0,0,0,0,0,0,0,0,0,0,0,0,0,0,0,0,0,0,1,0,60:00,0,0,1.000,,0,0,0,0,0,0,.000,0.00,1,60:00,6,10,0,0,2,0,0,0,0,27,6.00,.625,,,,,-1.5176516054219673,199,71
2026-27,mlax,Conference of New England (CCC),ccc,University of New England,Finn McCoy,Finn,McCoy,,1255,Finn McCoy,"MCCOY,FINN",MCCOYFINNUNE,10,0,,,University of New England,UNE,990-2757,0,0,0,0,0,0,1,0,2,0,0,0,0,0,0,0,0,0,0,0,0,0,0,4,0,3,0,00:00,0,0,1.000,,8,11,0,4,1,3,.727,0.40,,,,,,,,,,,,,,,,,,,-1.5375175436287094,200,71
2026-27,mlax,Conference of New England (CCC),ccc,Western New England University,Connor Balletto,Connor,Balletto,,775,Connor Balletto,"BALLETTO,CONNOR",BALLETTOCONNORWNE,13,1,,,Western New England University,WNE,1022-4289,0,0,0,0,0,0,1,0,0,0,0,0,0,0,0,0,0,2,0,0,0,0,0,9,0,4,2,60:00,0,0,1.000,,2,2,0,2,1,1,1.000,0.15,,,,,,,,,,,,,,,,,,,-1.5516726405653465,201,71
2026-27,mlax,Conference of New England (CCC),ccc,University of Hartford,Jack Hart,Jack,Hart,,272,Jack Hart,"HART,JACK",HARTJACKHARTFORD,16,2,,,University of Hartford,HARTFORD,6-2741,0,0,0,0,0,0,0,0,0,0,0,0,0,0,0,0,0,0,1,0,0,0,0,13,0,0,3,120:00,0,0,1.000,,2,2,0,1,0,1,1.000,0.06,,,,,,,,,,,,,,,,,,,-1.5709667053575884,202,71
2026-27,mlax,Conference of New England (CCC),ccc,Roger Williams University,Joe Castelli,Joe,Castelli,,583,Joe Castelli,"CASTELLI,JOE",CASTELLIJOEROGER,11,1,,,Roger Williams University,ROGER,697-9867,0,0,0,0,0,0,0,0,1,0,0,0,0,0,0,0,0,0,0,0,0,0,0,1,0,3,0,60:00,0,0,1.000,,5,10,0,4,2,2,.500,0.36,,,,,,,,,,,,,,,,,,,-1.5792772718098456,203,71
2026-27,mlax,Conference of New England (CCC),ccc,Endicott College,Brady Stone,Brady,Stone,,8981,Brady Stone,"STONE,BRADY",STONEBRADYENDICOTT,16,0,,,Endicott College,ENDICOTT,0,0,0,0,0,0,0,1,0,0,0,0,0,0,0,0,0,0,0,1,0,0,0,0,7,0,2,5,00:00,0,0,1.000,,2,2,0,1,0,1,1.000,0.06,,,,,,,,,,,,,,,,,,,-1.583255049753323,204,71
2026-27,mlax,Conference of New England (CCC),ccc,Endicott College,Liam Podmore,Liam,Podmore,,8981,Liam Podmore,"PODMORE,LIAM",PODMORELIAMENDICOTT,4,0,,,Endicott College,ENDICOTT,0,0,0,0,0,0,0,1,0,0,0,0,0,0,0,0,0,0,0,0,0,0,0,0,2,0,0,0,00:00,0,0,1.000,,4,6,0,4,1,3,.667,1.00,,,,,,,,,,,,,,,,,,,-1.6094858696354553,205,71
2026-27,mlax,Conference of New England (CCC),ccc,University of New England,Nate Howe,Nate,Howe,,1255,Nate Howe,"HOWE,NATE",HOWENATEUNE,14,2,,,University of New England,UNE,990-3118,0,0,0,0,0,0,0,0,0,0,0,0,0,0,0,0,1,2,2,0,0,0,0,14,0,5,4,105:00,0,0,1.000,,2,2,0,0,0,0,1.000,0.00,,,,,,,,,,,,,,,,,,,-1.6320204983309663,206,70
2026-27,mlax,Conference of New England (CCC),ccc,Curry College,Khai Baldwin,Khai,Baldwin,,170,Khai Baldwin,"BALDWIN,KHAI",BALDWINKHAICURRY,12,1,,,Curry College,CURRY,0,0,0,0,0,0,0,0,0,1,0,0,0,0,0,0,0,0,1,0,0,0,0,0,4,0,3,1,60:00,0,0,1.000,,8,11,0,3,1,2,.727,0.25,,,,,,,,,,,,,,,,,,,-1.63455549960546,207,70
2026-27,mlax,Conference of New England (CCC),ccc,Western New England University,Jack Suomala,Jack,Suomala,,775,Jack Suomala,"SUOMALA,JACK",SUOMALAJACKWNE,20,8,,,Western New England University,WNE,1022-4287,0,0,0,0,0,0,1,0,0,0,0,0,0,0,0,0,0,3,1,0,0,0,0,11,0,6,3,480:00,51,0,1.000,,1,1,0,1,0,1,1.000,0.05,,,,,,,,,,,,,,,,,,,-1.6429350313643343,208,70
2026-27,mlax,Conference of New England (CCC),ccc,University of Hartford,Cam Costanzo,Cam,Costanzo,,272,Cam Costanzo,"COSTANZO,CAM",COSTANZOCAMHARTFORD,14,0,,,University of Hartford,HARTFORD,6-3303,0,0,0,0,0,0,0,0,0,0,0,0,0,0,0,0,0,1,0,0,0,39,27,22,0,1,1,00:00,0,66,1.000,,1,1,0,0,0,0,1.000,0.00,,,,,,,,,,,,,,,,,,,-1.6495721447407372,209,70
2026-27,mlax,Conference of New England (CCC),ccc,University of New England,Patrick Stevens,Patrick,Stevens,,1255,Patrick Stevens,"STEVENS,PATRICK",STEVENSPATRICKUNE,15,0,,,University of New England,UNE,990-2754,0,0,0,0,0,0,0,0,0,0,0,0,0,0,0,0,0,1,1,0,0,29,91,13,0,4,4,30:00,0,120,1.000,,0,1,0,0,0,0,.000,0.00,,,,,,,,,,,,,,,,,,,-1.6680046613343393,210,70
2026-27,mlax,Conference of New England (CCC),ccc,Curry College,Nick Flanigan,Nick,Flanigan,,170,Nick Flanigan,"FLANIGAN,NICK",FLANIGANNICKCURRY,16,0,,,Curry College,CURRY,0,0,0,0,0,0,0,0,0,0,0,0,0,0,0,0,0,0,0,1,0,0,58,113,18,0,4,2,00:00,0,171,1.000,,1,1,0,0,0,0,1.000,0.00,,,,,,,,,,,,,,,,,,,-1.6917004799419775,211,70
2026-27,mlax,Conference of New England (CCC),ccc,University of Hartford,Eddie Sadowski,Eddie,Sadowski,,272,Eddie Sadowski,"SADOWSKI,EDDIE",SADOWSKIEDDIEHARTFORD,15,0,,,University of Hartford,HARTFORD,6-2750,0,0,0,0,0,0,0,0,0,0,0,0,0,0,0,0,0,0,2,0,0,0,0,9,0,2,5,00:00,0,0,1.000,,1,2,0,0,0,0,.500,0.00,,,,,,,,,,,,,,,,,,,-1.7101329965355796,212,70
2026-27,mlax,Conference of New England (CCC),ccc,University of Hartford,Sean Braunwart,Sean,Braunwart,,272,Sean Braunwart,"BRAUNWART,SEAN",BRAUNWARTSEANHARTFORD,17,15,,,University of Hartford,HARTFORD,6-3299,0,0,0,0,0,0,0,0,0,0,0,0,0,0,0,0,0,2,2,0,0,0,0,9,0,4,5,900:00,75,0,1.000,,0,0,0,0,0,0,.000,0.00,,,,,,,,,,,,,,,,,,,-1.7101329965355796,213,70
2026-27,mlax,Conference of New England (CCC),ccc,Western New England University,Connor Cusolito,Connor,Cusolito,,775,Connor Cusolito,"CUSOLITO,CONNOR",CUSOLITOCONNORWNE,8,1,,,Western New England University,WNE,1022-4623,0,0,0,0,0,0,0,0,0,0,0,0,0,0,0,0,0,0,0,0,0,0,0,1,0,1,0,60:00,0,0,1.000,,3,5,0,3,3,0,.600,0.38,,,,,,,,,,,,,,,,,,,-1.711930783769865,214,69
2026-27,mlax,Conference of New England (CCC),ccc,Roger Williams University,Leo Anthony,Leo,Anthony,,583,Leo Anthony,"ANTHONY,LEO",ANTHONYLEOROGER,13,0,,,Roger Williams University,ROGER,697-9864,0,0,0,0,0,0,0,0,0,0,0,0,0,0,0,0,1,0,0,0,0,33,41,14,0,4,0,00:00,0,74,1.000,,0,0,0,1,1,0,.000,0.08,,,,,,,,,,,,,,,,,,,-1.774214731961987,215,69
2026-27,mlax,Conference of New England (CCC),ccc,University of New England,Cam Whitlock,Cam,Whitlock,,1255,Cam Whitlock,"WHITLOCK,CAM",WHITLOCKCAMUNE,12,0,,,University of New England,UNE,990-3291,0,0,0,0,0,0,0,0,0,0,0,0,0,0,0,0,0,0,1,0,0,13,25,7,0,2,5,00:00,0,38,1.000,,0,0,0,0,0,0,.000,0.00,,,,,,,,,,,,,,,,,,,-1.7821013225423255,216,69
2026-27,mlax,Conference of New England (CCC),ccc,Roger Williams University,Ben Andersen,Ben,Andersen,,583,Ben Andersen,"ANDERSEN,BEN",ANDERSENBENROGER,15,0,,,Roger Williams University,ROGER,697-9558,0,0,0,0,0,0,0,0,0,0,0,0,0,0,0,0,0,0,0,0,0,0,0,12,0,11,3,00:00,0,0,1.000,,1,5,0,0,0,0,.200,0.00,,,,,,,,,,,,,,,,,,,-1.8057971411499636,217,69
2026-27,mlax,Conference of New England (CCC),ccc,Western New England University,Owen Griggs,Owen,Griggs,,775,Owen Griggs,"GRIGGS,OWEN",GRIGGSOWENWNE,8,0,,,Western New England University,WNE,1022-4626,0,0,0,0,0,0,0,0,0,0,0,0,0,0,0,0,0,0,0,0,0,0,0,2,0,1,0,00:00,0,0,1.000,,2,4,0,3,1,2,.500,0.38,,,,,,,,,,,,,,,,,,,-1.8083321424244574,218,69
2026-27,mlax,Conference of New England (CCC),ccc,Nichols College,Evan Anderson,Evan,Anderson,,484,Evan Anderson,"ANDERSON,EVAN",ANDERSONEVANNICHOLS,9,0,,,Nichols College,NICHOLS,695-4455,0,0,0,0,0,0,0,0,0,0,0,0,0,0,0,0,0,1,0,0,0,0,0,4,0,4,3,00:00,0,0,1.000,,0,1,0,1,1,0,.000,0.11,,,,,,,,,,,,,,,,,,,-1.828631411558962,219,69
2026-27,mlax,Conference of New England (CCC),ccc,Curry College,Dartagnan Boudreau,Dartagnan,Boudreau,,170,Dartagnan Boudreau,"BOUDREAU,DARTAGNAN",BOUDREAUDARTAGNANCURRY,11,4,,,Curry College,CURRY,0,0,0,0,0,0,0,0,0,0,0,0,0,0,0,0,0,0,0,1,0,0,0,0,8,0,6,4,240:00,0,0,1.000,,1,1,0,0,0,0,1.000,0.00,,,,,,,,,,,,,,,,,,,-1.8479254763512039,220,69
2026-27,mlax,Conference of New England (CCC),ccc,Endicott College,Joey Bonanno,Joey,Bonanno,,8981,Joey Bonanno,"BONANNO,JOEY",BONANNOJOEYENDICOTT,14,0,,,Endicott College,ENDICOTT,0,0,0,0,0,0,0,3,0,0,1,0,0,0,0,0,0,0,0,0,0,0,0,0,2,0,4,0,00:00,0,0,1.000,,5,13,0,3,0,3,.385,0.21,,,,,,,,,,,,,,,,,,,-1.87452490325344,221,69
2026-27,mlax,Conference of New England (CCC),ccc,Nichols College,Spencer Sherman,Spencer,Sherman,,484,Spencer Sherman,"SHERMAN,SPENCER",SHERMANSPENCERNICHOLS,2,0,,,Nichols College,NICHOLS,695-4465,0,0,0,0,0,0,0,0,0,0,0,0,0,0,0,0,0,0,0,0,0,0,0,0,0,0,0,00:00,0,0,1.000,,0,0,0,0,0,0,.000,0.00,2,15:58,2,3,0,0,0,0,0,0,0,7,7.52,.600,,,,,-1.875900792533297,222,68
2026-27,mlax,Conference of New England (CCC),ccc,Nichols College,Heath Gamarel,Heath,Gamarel,,484,Heath Gamarel,"GAMAREL,HEATH",GAMARELHEATHNICHOLS,14,0,,,Nichols College,NICHOLS,695-5085,0,0,0,0,0,0,1,0,0,0,0,0,0,0,0,0,0,0,0,0,0,28,22,12,0,2,0,00:00,0,50,1.000,,1,3,0,1,0,1,.333,0.07,,,,,,,,,,,,,,,,,,,-1.9123758187977153,223,68
2026-27,mlax,Conference of New England (CCC),ccc,Curry College,Connor Harney,Connor,Harney,,170,Connor Harney,"HARNEY,CONNOR",HARNEYCONNORCURRY,13,0,,,Curry College,CURRY,0,0,0,0,0,0,0,0,0,0,0,0,0,0,0,0,0,0,3,2,0,0,0,0,6,0,8,4,00:00,0,0,1.000,,0,0,0,0,0,0,.000,0.00,,,,,,,,,,,,,,,,,,,-1.9198938023579495,224,68
2026-27,mlax,Conference of New England (CCC),ccc,University of Hartford,Andrew Cardwell,Andrew,Cardwell,,272,Andrew Cardwell,"CARDWELL,ANDREW",CARDWELLANDREWHARTFORD,12,0,,,University of Hartford,HARTFORD,6-3301,0,0,0,0,0,0,2,0,0,0,0,0,0,0,0,0,0,0,0,0,0,0,0,6,0,2,0,00:00,0,0,1.000,,3,4,0,2,0,2,.750,0.17,,,,,,,,,,,,,,,,,,,-1.9294345240289508,225,68
2026-27,mlax,Conference of New England (CCC),ccc,Endicott College,Brendan Batchen,Brendan,Batchen,,8981,Brendan Batchen,"BATCHEN,BRENDAN",BATCHENBRENDANENDICOTT,10,0,,,Endicott College,ENDICOTT,0,0,0,0,0,0,0,1,0,0,0,0,0,0,0,0,0,0,0,0,0,0,0,0,3,0,2,1,00:00,0,0,1.000,,6,9,0,2,0,2,.667,0.20,,,,,,,,,,,,,,,,,,,-1.935578696226818,226,68
2026-27,mlax,Conference of New England (CCC),ccc,Roger Williams University,Matt Craig,Matt,Craig,,583,Matt Craig,"CRAIG,MATT",CRAIGMATTROGER,7,0,,,Roger Williams University,ROGER,697-8997,0,0,0,0,0,0,1,0,0,0,0,0,0,0,0,0,0,0,0,0,0,0,0,1,0,4,1,00:00,0,0,1.000,,1,2,0,2,1,1,.500,0.29,,,,,,,,,,,,,,,,,,,-1.9413542614045811,227,68
2026-27,mlax,Conference of New England (CCC),ccc,University of Hartford,Ryan Strait,Ryan,Strait,,272,Ryan Strait,"STRAIT,RYAN",STRAITRYANHARTFORD,10,0,,,University of Hartford,HARTFORD,6-3309,0,0,0,0,0,0,2,0,0,0,0,0,0,0,0,0,0,0,1,0,0,0,0,0,0,3,0,00:00,0,0,1.000,,7,9,0,3,0,3,.778,0.30,,,,,,,,,,,,,,,,,,,-1.9464932292601855,228,68
2026-27,mlax,Conference of New England (CCC),ccc,Nichols College,Jameson Pirro,Jameson,Pirro,,484,Jameson Pirro,"PIRRO,JAMESON",PIRROJAMESONNICHOLS,2,0,,,Nichols College,NICHOLS,695-5045,0,0,0,0,0,0,0,0,0,0,0,0,0,0,0,0,0,0,0,0,0,0,0,2,0,4,3,00:00,0,0,1.000,,2,4,0,1,0,1,.500,0.50,,,,,,,,,,,,,,,,,,,-1.9667924983946903,229,68
2026-27,mlax,Conference of New England (CCC),ccc,Wentworth Institute of Technology,Jaiden Solitro,Jaiden,Solitro,,762,Jaiden Solitro,"SOLITRO,JAIDEN",SOLITROJAIDENWIT,5,1,,,Wentworth Institute of Technology,WIT,0,0,0,0,0,0,0,1,0,0,0,0,0,0,0,0,0,0,0,0,0,0,0,0,2,0,5,0,60:00,0,0,1.000,,4,7,0,2,1,1,.571,0.40,,,,,,,,,,,,,,,,,,,-2.0071784152134597,230,67
2026-27,mlax,Conference of New England (CCC),ccc,Curry College,Sam Melia,Sam,Melia,,170,Sam Melia,"MELIA,SAM",MELIASAMCURRY,13,3,,,Curry College,CURRY,0,0,0,0,0,0,0,0,0,0,0,0,0,0,0,0,0,0,0,0,0,0,0,0,2,0,3,0,180:00,0,0,1.000,,4,6,0,2,1,1,.667,0.15,,,,,,,,,,,,,,,,,,,-2.0071784152134597,231,67
2026-27,mlax,Conference of New England (CCC),ccc,Wentworth Institute of Technology,Carter Jozokos,Carter,Jozokos,,762,Carter Jozokos,"JOZOKOS,CARTER",JOZOKOSCARTERWIT,4,0,,,Wentworth Institute of Technology,WIT,0,0,0,0,0,0,0,0,0,1,0,0,0,0,0,0,0,0,0,0,0,0,0,0,1,0,0,1,00:00,0,0,1.000,,3,4,0,2,0,2,.750,0.50,,,,,,,,,,,,,,,,,,,-2.0075470222335636,232,67
2026-27,mlax,Conference of New England (CCC),ccc,Curry College,Logan DeVeau,Logan,DeVeau,,170,Logan DeVeau,"DEVEAU,LOGAN",DEVEAULOGANCURRY,16,0,,,Curry College,CURRY,0,0,0,0,0,0,0,0,0,0,0,0,0,0,0,0,0,0,1,2,0,0,34,99,12,0,3,1,00:00,0,133,1.000,,0,1,0,0,0,0,.000,0.00,,,,,,,,,,,,,,,,,,,-2.0094137747744663,233,67
2026-27,mlax,Conference of New England (CCC),ccc,Endicott College,Dylan Larabee,Dylan,Larabee,,8981,Dylan Larabee,"LARABEE,DYLAN",LARABEEDYLANENDICOTT,14,0,,,Endicott College,ENDICOTT,0,0,0,0,0,0,0,1,0,0,0,0,0,0,0,0,0,0,0,0,0,0,13,16,9,0,0,0,00:00,0,29,1.000,,2,3,0,1,0,1,.667,0.07,,,,,,,,,,,,,,,,,,,-2.020328307807834,234,67
2026-27,mlax,Conference of New England (CCC),ccc,Wentworth Institute of Technology,Jack Gentile,Jack,Gentile,,762,Jack Gentile,"GENTILE,JACK",GENTILEJACKWIT,8,0,,,Wentworth Institute of Technology,WIT,0,0,0,0,0,0,0,0,0,0,0,0,0,0,0,0,0,0,1,1,0,0,0,0,6,0,3,3,00:00,0,0,1.000,,0,1,0,0,0,0,.000,0.00,,,,,,,,,,,,,,,,,,,-2.0217021191702007,235,67
2026-27,mlax,Conference of New England (CCC),ccc,University of New England,Quin Gleason,Quin,Gleason,,1255,Quin Gleason,"GLEASON,QUIN",GLEASONQUINUNE,8,0,,,University of New England,UNE,990-3289,0,0,0,0,0,0,0,0,0,0,0,0,0,0,0,0,0,0,0,0,0,0,0,2,0,2,0,00:00,0,0,1.000,,2,8,0,2,0,2,.250,0.25,,,,,,,,,,,,,,,,,,,-2.0733711760424423,236,67
2026-27,mlax,Conference of New England (CCC),ccc,Nichols College,Fionn O'Rahilly,Fionn,O'Rahilly,,484,Fionn O'Rahilly,"O'RAHILLY,FIONN",O'RAHILLYFIONNNICHOLS,11,0,,,Nichols College,NICHOLS,695-4212,0,0,0,0,0,0,0,0,0,0,0,0,0,0,0,0,0,1,1,0,0,0,0,0,0,1,2,00:00,0,0,1.000,,0,0,0,1,1,0,.000,0.09,,,,,,,,,,,,,,,,,,,-2.074376380384705,237,67
2026-27,mlax,Conference of New England (CCC),ccc,University of New England,Jack Fearney,Jack,Fearney,,1255,Jack Fearney,"FEARNEY,JACK",FEARNEYJACKUNE,14,0,,,University of New England,UNE,990-3110,0,0,0,0,0,0,0,0,0,0,0,0,0,0,0,0,0,0,2,0,0,0,0,10,0,1,1,00:00,0,0,1.000,,0,0,0,0,0,0,.000,0.00,,,,,,,,,,,,,,,,,,,-2.0813821007812123,238,66
2026-27,mlax,Conference of New England (CCC),ccc,Endicott College,James Ellis,James,Ellis,,8981,James Ellis,"ELLIS,JAMES",ELLISJAMESENDICOTT,6,0,,,Endicott College,ENDICOTT,0,0,0,0,0,0,0,0,0,0,0,0,0,0,0,0,0,0,0,0,0,0,0,0,4,0,3,3,00:00,0,0,1.000,,0,0,0,0,0,0,.000,0.00,,,,,,,,,,,,,,,,,,,-2.093670445176947,239,66
2026-27,mlax,Conference of New England (CCC),ccc,Western New England University,Marcus Ciarcia,Marcus,Ciarcia,,775,Marcus Ciarcia,"CIARCIA,MARCUS",CIARCIAMARCUSWNE,17,0,,,Western New England University,WNE,1022-4292,0,0,0,0,0,0,0,0,0,0,0,0,0,0,0,0,0,4,2,0,0,0,0,4,0,1,3,00:00,0,0,1.000,,1,1,0,0,0,0,1.000,0.00,,,,,,,,,,,,,,,,,,,-2.093670445176947,240,66
2026-27,mlax,Conference of New England (CCC),ccc,Endicott College,Nate Parreira,Nate,Parreira,,8981,Nate Parreira,"PARREIRA,NATE",PARREIRANATEENDICOTT,4,0,,,Endicott College,ENDICOTT,0,0,0,0,0,0,0,0,0,0,0,0,0,0,0,0,0,0,2,0,0,0,0,0,4,0,1,3,00:00,0,0,1.000,,0,0,0,0,0,0,.000,0.00,,,,,,,,,,,,,,,,,,,-2.093670445176947,241,66
2026-27,mlax,Conference of New England (CCC),ccc,Roger Williams University,Logan Dudley,Logan,Dudley,,583,Logan Dudley,"DUDLEY,LOGAN",DUDLEYLOGANROGER,10,7,,,Roger Williams University,ROGER,697-9568,0,0,0,0,0,0,0,0,0,0,0,0,0,0,0,0,0,0,1,0,0,0,0,8,0,9,1,391:00,43,0,1.000,,0,0,0,0,0,0,.000,0.00,9,306:55,53,52,0,2,4,0,1,0,0,192,10.36,.495,,,,,-2.1038885696974186,242,66
2026-27,mlax,Conference of New England (CCC),ccc,University of Hartford,Thomas O'Toole,Thomas,O'Toole,,272,Thomas O'Toole,"O'TOOLE,THOMAS",O'TOOLETHOMASHARTFORD,6,0,,,University of Hartford,HARTFORD,6-3292,0,0,0,0,0,0,2,0,0,0,0,0,0,0,0,0,0,0,0,0,0,0,0,1,0,2,0,00:00,0,0,1.000,,3,5,0,2,0,2,.600,0.33,,,,,,,,,,,,,,,,,,,-2.109355339045815,243,66
2026-27,mlax,Conference of New England (CCC),ccc,Endicott College,Michael Winn,Michael,Winn,,8981,Michael Winn,"WINN,MICHAEL",WINNMICHAELENDICOTT,6,0,,,Endicott College,ENDICOTT,0,0,0,0,0,0,0,0,0,0,0,0,0,0,0,0,0,0,0,0,0,0,0,0,6,0,2,2,00:00,0,0,1.000,,1,1,0,0,0,0,1.000,0.00,,,,,,,,,,,,,,,,,,,-2.1235104359824524,244,66
2026-27,mlax,Conference of New England (CCC),ccc,University of New England,Trot Smith,Trot,Smith,,1255,Trot Smith,"SMITH,TROT",SMITHTROTUNE,6,1,,,University of New England,UNE,990-2943,0,0,0,0,0,0,0,0,0,0,0,0,0,0,0,0,0,0,0,0,0,0,0,1,0,3,1,60:00,0,0,1.000,,1,1,0,1,1,0,1.000,0.17,,,,,,,,,,,,,,,,,,,-2.1402005341935832,245,66
2026-27,mlax,Conference of New England (CCC),ccc,Wentworth Institute of Technology,Liam Martin,Liam,Martin,,762,Liam Martin,"MARTIN,LIAM",MARTINLIAMWIT,11,0,,,Wentworth Institute of Technology,WIT,0,0,0,0,0,0,0,0,0,0,0,0,0,0,0,0,0,0,0,1,0,0,31,27,11,0,3,0,00:00,0,58,1.000,,0,1,0,0,0,0,.000,0.00,,,,,,,,,,,,,,,,,,,-2.1472062545900905,246,65
2026-27,mlax,Conference of New England (CCC),ccc,Endicott College,Henry Trimpi,Henry,Trimpi,,8981,Henry Trimpi,"TRIMPI,HENRY",TRIMPIHENRYENDICOTT,9,0,,,Endicott College,ENDICOTT,0,0,0,0,0,0,0,0,0,0,0,0,0,0,0,0,0,0,0,0,0,0,0,0,8,0,1,1,00:00,0,0,1.000,,0,0,0,0,0,0,.000,0.00,,,,,,,,,,,,,,,,,,,-2.153350426787958,247,65
2026-27,mlax,Conference of New England (CCC),ccc,Endicott College,Campbell Allardi,Campbell,Allardi,,8981,Campbell Allardi,"ALLARDI,CAMPBELL",ALLARDICAMPBELLENDICOTT,6,0,,,Endicott College,ENDICOTT,0,0,0,0,0,0,0,1,0,0,0,0,0,0,0,0,0,0,0,0,0,0,0,0,2,0,0,1,00:00,0,0,1.000,,1,1,0,1,0,1,1.000,0.17,,,,,,,,,,,,,,,,,,,-2.170409132019193,248,65
2026-27,mlax,Conference of New England (CCC),ccc,Nichols College,Bryce Soboleski,Bryce,Soboleski,,484,Bryce Soboleski,"SOBOLESKI,BRYCE",SOBOLESKIBRYCENICHOLS,6,0,,,Nichols College,NICHOLS,695-4804,0,0,0,0,0,0,1,0,0,0,0,0,0,0,0,0,0,0,0,0,0,0,0,1,0,2,1,00:00,0,0,1.000,,2,3,0,1,0,1,.667,0.17,,,,,,,,,,,,,,,,,,,-2.2063932950225658,249,65
2026-27,mlax,Conference of New England (CCC),ccc,Wentworth Institute of Technology,Owen Birch,Owen,Birch,,762,Owen Birch,"BIRCH,OWEN",BIRCHOWENWIT,16,0,,,Wentworth Institute of Technology,WIT,0,0,0,0,0,0,0,0,0,0,0,0,0,0,0,0,0,0,0,0,0,0,0,0,6,0,4,1,00:00,0,0,1.000,,0,1,0,0,0,0,.000,0.00,,,,,,,,,,,,,,,,,,,-2.2253187527947036,250,65
2026-27,mlax,Conference of New England (CCC),ccc,Roger Williams University,Tyler Narracci,Tyler,Narracci,,583,Tyler Narracci,"NARRACCI,TYLER",NARRACCITYLERROGER,11,0,,,Roger Williams University,ROGER,697-9877,0,0,0,0,0,0,0,0,0,0,0,0,0,0,0,0,0,0,0,0,0,0,0,6,0,1,1,00:00,0,0,1.000,,0,2,0,0,0,0,.000,0.00,,,,,,,,,,,,,,,,,,,-2.2253187527947036,251,65
2026-27,mlax,Conference of New England (CCC),ccc,University of Hartford,Cooper Young,Cooper,Young,,272,Cooper Young,"YOUNG,COOPER",YOUNGCOOPERHARTFORD,8,0,,,University of Hartford,HARTFORD,6-3311,0,0,0,0,0,0,0,0,0,0,0,0,0,0,0,0,0,0,0,0,0,0,0,3,0,1,2,00:00,0,0,1.000,,0,0,0,0,0,0,.000,0.00,,,,,,,,,,,,,,,,,,,-2.231462924992571,252,65
2026-27,mlax,Conference of New England (CCC),ccc,Endicott College,Dom Maldari,Dom,Maldari,,8981,Dom Maldari,"MALDARI,DOM",MALDARIDOMENDICOTT,8,0,,,Endicott College,ENDICOTT,0,0,0,0,0,0,0,0,0,0,0,0,0,0,0,0,0,0,0,0,0,0,0,0,3,0,1,2,00:00,0,0,1.000,,1,1,0,0,0,0,1.000,0.00,,,,,,,,,,,,,,,,,,,-2.231462924992571,253,64
2026-27,mlax,Conference of New England (CCC),ccc,Gordon College,John Mungai,John,Mungai,,1099,John Mungai,"MUNGAI,JOHN",MUNGAIJOHNGORDON,12,1,,,Gordon College,GORDON,693-3150,0,0,0,0,0,0,0,0,0,0,0,0,0,0,0,0,0,0,0,0,0,0,0,3,0,1,2,60:00,0,0,1.000,,0,0,0,0,0,0,.000,0.00,,,,,,,,,,,,,,,,,,,-2.231462924992571,254,64
2026-27,mlax,Conference of New England (CCC),ccc,Western New England University,Andrew Nolan,Andrew,Nolan,,775,Andrew Nolan,"NOLAN,ANDREW",NOLANANDREWWNE,10,0,,,Western New England University,WNE,1022-4070,0,0,0,0,0,0,0,0,0,0,0,0,0,0,0,0,0,0,0,0,0,0,0,1,0,5,0,00:00,0,0,1.000,,7,8,0,1,1,0,.875,0.10,,,,,,,,,,,,,,,,,,,-2.2420088510058345,255,64
2026-27,mlax,Conference of New England (CCC),ccc,University of Hartford,James Murphy,James,Murphy,,272,James Murphy,"MURPHY,JAMES",MURPHYJAMESHARTFORD,5,0,,,University of Hartford,HARTFORD,6-3307,0,0,0,0,0,0,0,0,0,0,0,0,0,0,0,0,0,0,1,0,0,0,0,1,0,0,0,00:00,0,0,1.000,,1,4,0,1,1,0,.250,0.20,,,,,,,,,,,,,,,,,,,-2.2420088510058345,256,64
2026-27,mlax,Conference of New England (CCC),ccc,University of New England,Joe O'Keefe,Joe,O'Keefe,,1255,Joe O'Keefe,"O'KEEFE,JOE",O'KEEFEJOEUNE,5,0,,,University of New England,UNE,990-2756,0,0,0,0,0,0,0,0,0,0,0,0,0,0,0,0,0,0,0,0,0,0,0,1,0,3,0,00:00,0,0,1.000,,1,1,0,1,1,0,1.000,0.20,,,,,,,,,,,,,,,,,,,-2.2420088510058345,257,64
2026-27,mlax,Conference of New England (CCC),ccc,Nichols College,Keaghan Gassler,Keaghan,Gassler,,484,Keaghan Gassler,"GASSLER,KEAGHAN",GASSLERKEAGHANNICHOLS,2,0,,,Nichols College,NICHOLS,695-5041,0,0,0,0,0,0,0,0,0,0,0,0,0,0,0,0,0,0,0,0,0,0,0,1,0,0,0,00:00,0,0,1.000,,1,4,0,1,1,0,.250,0.50,,,,,,,,,,,,,,,,,,,-2.2420088510058345,258,64
2026-27,mlax,Conference of New England (CCC),ccc,University of Hartford,Patrick Giroux,Patrick,Giroux,,272,Patrick Giroux,"GIROUX,PATRICK",GIROUXPATRICKHARTFORD,6,0,,,University of Hartford,HARTFORD,6-3121,0,0,0,0,0,0,0,0,0,0,0,0,0,0,0,0,0,2,0,0,0,0,0,2,0,1,2,00:00,0,0,1.000,,0,0,0,0,0,0,.000,0.00,,,,,,,,,,,,,,,,,,,-2.267447087995944,259,64
2026-27,mlax,Conference of New England (CCC),ccc,Wentworth Institute of Technology,Bryce Kubas,Bryce,Kubas,,762,Bryce Kubas,"KUBAS,BRYCE",KUBASBRYCEWIT,11,0,,,Wentworth Institute of Technology,WIT,0,0,0,0,0,0,0,1,0,0,0,0,0,0,0,0,0,0,0,0,0,0,0,0,2,0,9,0,00:00,0,0,1.000,,1,2,0,1,0,1,.500,0.09,,,,,,,,,,,,,,,,,,,-2.2722174488314444,260,64
2026-27,mlax,Conference of New England (CCC),ccc,Gordon College,Owen Croak,Owen,Croak,,1099,Owen Croak,"CROAK,OWEN",CROAKOWENGORDON,3,0,,,Gordon College,GORDON,693-3294,0,0,0,0,0,0,0,0,0,0,0,0,0,0,0,0,0,0,0,0,0,0,0,0,0,0,0,00:00,0,0,1.000,,0,0,0,1,1,0,.000,0.33,,,,,,,,,,,,,,,,,,,-2.2779930140092075,261,63
2026-27,mlax,Conference of New England (CCC),ccc,University of Hartford,Massimo Cappoza,Massimo,Cappoza,,272,Massimo Cappoza,"CAPPOZA,MASSIMO",CAPPOZAMASSIMOHARTFORD,9,0,,,University of Hartford,HARTFORD,6-3300,0,0,0,0,0,0,0,0,0,0,0,0,0,0,0,0,0,0,0,0,0,13,9,7,0,1,0,00:00,0,22,1.000,,0,0,0,0,0,0,.000,0.00,,,,,,,,,,,,,,,,,,,-2.291142906603582,262,63
2026-27,mlax,Conference of New England (CCC),ccc,Endicott College,Will Carey,Will,Carey,,8981,Will Carey,"CAREY,WILL",CAREYWILLENDICOTT,5,0,,,Endicott College,ENDICOTT,0,0,0,0,0,0,0,0,0,0,0,0,0,0,0,0,0,0,0,0,0,0,13,7,7,0,0,0,00:00,0,20,1.000,,1,2,0,0,0,0,.500,0.00,,,,,,,,,,,,,,,,,,,-2.291142906603582,263,63
2026-27,mlax,Conference of New England (CCC),ccc,Western New England University,Carter Gilgen,Carter,Gilgen,,775,Carter Gilgen,"GILGEN,CARTER",GILGENCARTERWNE,9,0,,,Western New England University,WNE,1022-4067,0,0,0,0,0,0,0,0,0,0,0,0,0,0,0,0,0,0,0,0,0,0,0,4,0,1,1,00:00,0,0,1.000,,0,0,0,0,0,0,.000,0.00,,,,,,,,,,,,,,,,,,,-2.2972870788014497,264,63
2026-27,mlax,Conference of New England (CCC),ccc,Endicott College,Jack Filipski,Jack,Filipski,,8981,Jack Filipski,"FILIPSKI,JACK",FILIPSKIJACKENDICOTT,12,1,,,Endicott College,ENDICOTT,0,0,0,0,0,0,0,0,0,0,0,0,0,0,0,0,0,1,1,3,0,0,0,0,4,0,2,1,60:00,0,0,1.000,,0,2,0,0,0,0,.000,0.00,,,,,,,,,,,,,,,,,,,-2.2972870788014497,265,63
2026-27,mlax,Conference of New England (CCC),ccc,Wentworth Institute of Technology,Benjamin Tower,Benjamin,Tower,,762,Benjamin Tower,"TOWER,BENJAMIN",TOWERBENJAMINWIT,7,0,,,Wentworth Institute of Technology,WIT,0,0,0,0,0,0,0,1,0,1,0,0,0,0,0,0,0,0,0,0,0,0,0,0,1,0,3,0,00:00,0,0,1.000,,2,6,0,1,0,1,.333,0.14,,,,,,,,,,,,,,,,,,,-2.308201611834817,266,63
2026-27,mlax,Conference of New England (CCC),ccc,Western New England University,Cameron Penti,Cameron,Penti,,775,Cameron Penti,"PENTI,CAMERON",PENTICAMERONWNE,2,0,,,Western New England University,WNE,1022-4618,0,0,0,0,0,0,0,0,0,1,0,0,0,0,0,0,0,0,0,0,0,0,0,1,0,0,0,00:00,0,0,1.000,,2,5,0,1,0,1,.400,0.50,,,,,,,,,,,,,,,,,,,-2.308201611834817,267,63
2026-27,mlax,Conference of New England (CCC),ccc,University of New England,Colin Moore,Colin,Moore,,1255,Colin Moore,"MOORE,COLIN",MOORECOLINUNE,5,0,,,University of New England,UNE,990-3293,0,0,0,0,0,0,0,0,0,0,0,0,0,0,0,0,0,0,0,0,0,0,0,1,0,0,0,00:00,0,0,1.000,,1,1,0,1,0,1,1.000,0.20,,,,,,,,,,,,,,,,,,,-2.308201611834817,268,63
2026-27,mlax,Conference of New England (CCC),ccc,Endicott College,Jeffrey Gomes,Jeffrey,Gomes,,8981,Jeffrey Gomes,"GOMES,JEFFREY",GOMESJEFFREYENDICOTT,12,0,,,Endicott College,ENDICOTT,0,0,0,0,0,0,0,0,0,0,0,0,0,0,0,0,0,0,0,0,0,0,16,24,6,0,0,0,00:00,0,40,1.000,,1,2,0,0,0,0,.500,0.00,,,,,,,,,,,,,,,,,,,-2.327127069606955,269,62
2026-27,mlax,Conference of New England (CCC),ccc,Western New England University,Cooper McConaghy,Cooper,McConaghy,,775,Cooper McConaghy,"MCCONAGHY,COOPER",MCCONAGHYCOOPERWNE,12,0,,,Western New England University,WNE,1022-4621,0,0,0,0,0,0,0,0,0,0,0,0,0,0,0,0,0,0,0,0,0,0,0,3,0,11,1,00:00,0,0,1.000,,6,12,0,0,0,0,.500,0.00,,,,,,,,,,,,,,,,,,,-2.3332712418048223,270,62
2026-27,mlax,Conference of New England (CCC),ccc,University of New England,Sean Moore,Sean,Moore,,1255,Sean Moore,"MOORE,SEAN",MOORESEANUNE,5,0,,,University of New England,UNE,990-2749,0,0,0,0,0,0,0,0,0,0,0,0,0,0,0,0,0,0,0,0,0,0,0,3,0,2,1,15:00,0,0,1.000,,0,0,0,0,0,0,.000,0.00,,,,,,,,,,,,,,,,,,,-2.3332712418048223,271,62
2026-27,mlax,Conference of New England (CCC),ccc,University of Hartford,Andrew Willnus,Andrew,Willnus,,272,Andrew Willnus,"WILLNUS,ANDREW",WILLNUSANDREWHARTFORD,5,0,,,University of Hartford,HARTFORD,6-3118,0,0,0,0,0,0,1,0,0,0,0,0,0,0,0,0,0,0,0,0,0,0,0,0,0,4,0,00:00,0,0,1.000,,3,4,0,1,0,1,.750,0.20,,,,,,,,,,,,,,,,,,,-2.34418577483819,272,62
2026-27,mlax,Conference of New England (CCC),ccc,University of Hartford,Mario Alfieri,Mario,Alfieri,,272,Mario Alfieri,"ALFIERI,MARIO",ALFIERIMARIOHARTFORD,4,0,,,University of Hartford,HARTFORD,6-2737,0,0,0,0,0,0,0,0,0,0,0,0,0,0,0,0,0,0,0,0,0,0,0,0,0,2,0,00:00,0,0,1.000,,1,1,0,1,0,1,1.000,0.25,,,,,,,,,,,,,,,,,,,-2.34418577483819,273,62
2026-27,mlax,Conference of New England (CCC),ccc,University of New England,Owen Matatall,Owen,Matatall,,1255,Owen Matatall,"MATATALL,OWEN",MATATALLOWENUNE,3,0,,,University of New England,UNE,990-3107,0,0,0,0,0,0,0,0,0,0,0,0,0,0,0,0,0,0,0,0,0,0,0,0,0,3,0,00:00,0,0,1.000,,1,1,0,1,0,1,1.000,0.33,,,,,,,,,,,,,,,,,,,-2.34418577483819,274,62
2026-27,mlax,Conference of New England (CCC),ccc,Curry College,Edgar Klosi,Edgar,Klosi,,170,Edgar Klosi,"KLOSI,EDGAR",KLOSIEDGARCURRY,11,0,,,Curry College,CURRY,0,0,0,0,0,0,0,0,0,0,0,0,0,0,0,0,0,0,0,1,0,0,0,0,5,0,2,0,00:00,0,0,1.000,,0,0,0,0,0,0,.000,0.00,,,,,,,,,,,,,,,,,,,-2.363111232610328,275,62
2026-27,mlax,Conference of New England (CCC),ccc,Endicott College,Jack Luttmer,Jack,Luttmer,,8981,Jack Luttmer,"LUTTMER,JACK",LUTTMERJACKENDICOTT,5,0,,,Endicott College,ENDICOTT,0,0,0,0,0,0,0,0,0,0,0,0,0,0,0,0,0,0,1,0,0,0,0,0,5,0,2,0,00:00,0,0,1.000,,0,0,0,0,0,0,.000,0.00,,,,,,,,,,,,,,,,,,,-2.363111232610328,276,62
2026-27,mlax,Conference of New England (CCC),ccc,Wentworth Institute of Technology,Dylan Sullivan,Dylan,Sullivan,,762,Dylan Sullivan,"SULLIVAN,DYLAN",SULLIVANDYLANWIT,7,0,,,Wentworth Institute of Technology,WIT,0,0,0,0,0,0,0,0,0,0,0,0,0,0,0,0,0,0,0,0,0,0,4,16,4,0,2,0,00:00,0,20,1.000,,0,0,0,0,0,0,.000,0.00,,,,,,,,,,,,,,,,,,,-2.399095395613701,277,61
2026-27,mlax,Conference of New England (CCC),ccc,Wentworth Institute of Technology,Alex Bedoni,Alex,Bedoni,,762,Alex Bedoni,"BEDONI,ALEX",BEDONIALEXWIT,4,0,,,Wentworth Institute of Technology,WIT,0,0,0,0,0,0,0,0,0,0,0,0,0,0,0,0,0,0,0,0,0,0,0,0,1,0,3,1,00:00,0,0,1.000,,0,1,0,0,0,0,.000,0.00,,,,,,,,,,,,,,,,,,,-2.4052395678115683,278,61
2026-27,mlax,Conference of New England (CCC),ccc,Endicott College,Colin McManus,Colin,McManus,,8981,Colin McManus,"MCMANUS,COLIN",MCMANUSCOLINENDICOTT,6,0,,,Endicott College,ENDICOTT,0,0,0,0,0,0,0,0,0,0,0,0,0,0,0,0,0,0,0,0,0,0,0,0,1,0,0,1,00:00,0,0,1.000,,0,0,0,0,0,0,.000,0.00,,,,,,,,,,,,,,,,,,,-2.4052395678115683,279,61
2026-27,mlax,Conference of New England (CCC),ccc,Western New England University,Connor Mahan,Connor,Mahan,,775,Connor Mahan,"MAHAN,CONNOR",MAHANCONNORWNE,6,0,,,Western New England University,WNE,1022-4290,0,0,0,0,0,0,0,0,0,0,0,0,0,0,0,0,0,1,0,0,0,0,0,1,0,1,1,00:00,0,0,1.000,,0,1,0,0,0,0,.000,0.00,,,,,,,,,,,,,,,,,,,-2.4052395678115683,280,61
2026-27,mlax,Conference of New England (CCC),ccc,Curry College,Derrick Wood,Derrick,Wood,,170,Derrick Wood,"WOOD,DERRICK",WOODDERRICKCURRY,2,0,,,Curry College,CURRY,0,0,0,0,0,0,0,0,0,0,0,0,0,0,0,0,0,0,0,0,0,0,0,0,1,0,2,1,00:00,0,0,1.000,,1,1,0,0,0,0,1.000,0.00,,,,,,,,,,,,,,,,,,,-2.4052395678115683,281,61
2026-27,mlax,Conference of New England (CCC),ccc,Roger Williams University,Matt Cain,Matt,Cain,,583,Matt Cain,"CAIN,MATT",CAINMATTROGER,2,0,,,Roger Williams University,ROGER,697-9865,0,0,0,0,0,0,0,0,0,0,0,0,0,0,0,0,0,0,0,0,0,0,0,1,0,0,1,00:00,0,0,1.000,,0,0,0,0,0,0,.000,0.00,,,,,,,,,,,,,,,,,,,-2.4052395678115683,282,61
2026-27,mlax,Conference of New England (CCC),ccc,Roger Williams University,Matt Ruck,Matt,Ruck,,583,Matt Ruck,"RUCK,MATT",RUCKMATTROGER,7,1,,,Roger Williams University,ROGER,697-9562,0,0,0,0,0,0,0,0,0,0,0,0,0,0,0,0,0,0,0,0,0,0,0,1,0,5,1,60:00,0,0,1.000,,3,12,0,0,0,0,.250,0.00,,,,,,,,,,,,,,,,,,,-2.4052395678115683,283,61
2026-27,mlax,Conference of New England (CCC),ccc,Nichols College,Thomas Arthur,Thomas,Arthur,,484,Thomas Arthur,"ARTHUR,THOMAS",ARTHURTHOMASNICHOLS,4,0,,,Nichols College,NICHOLS,695-4789,0,0,0,0,0,0,0,0,0,0,0,0,0,0,0,0,0,0,0,0,0,0,0,1,0,1,1,00:00,0,0,1.000,,0,0,0,0,0,0,.000,0.00,,,,,,,,,,,,,,,,,,,-2.4052395678115683,284,61
2026-27,mlax,Conference of New England (CCC),ccc,Endicott College,Cayden Infantino,Cayden,Infantino,,8981,Cayden Infantino,"INFANTINO,CAYDEN",INFANTINOCAYDENENDICOTT,3,0,,,Endicott College,ENDICOTT,0,0,0,0,0,0,0,0,0,0,0,0,0,0,0,0,0,0,0,0,0,0,0,0,0,0,1,0,00:00,0,0,1.000,,0,0,0,0,0,0,.000,0.00,3,26:30,3,3,0,0,0,0,0,0,0,16,6.79,.500,,,,,-2.4144780531830725,285,60
2026-27,mlax,Conference of New England (CCC),ccc,Curry College,Cam Bagley,Cam,Bagley,,170,Cam Bagley,"BAGLEY,CAM",BAGLEYCAMCURRY,12,0,,,Curry College,CURRY,0,0,0,0,0,0,0,0,0,0,0,0,0,0,0,0,0,0,0,0,0,0,0,0,3,0,6,0,00:00,0,0,1.000,,1,1,0,0,0,0,1.000,0.00,,,,,,,,,,,,,,,,,,,-2.4350795586170735,286,60
2026-27,mlax,Conference of New England (CCC),ccc,Gordon College,Thomas Waldron,Thomas,Waldron,,1099,Thomas Waldron,"WALDRON,THOMAS",WALDRONTHOMASGORDON,8,2,,,Gordon College,GORDON,693-2843,0,0,0,0,0,0,0,0,0,0,0,0,0,0,0,0,0,0,0,0,0,9,34,3,0,0,0,119:00,59,43,1.000,,0,0,0,0,0,0,.000,0.00,,,,,,,,,,,,,,,,,,,-2.4350795586170735,287,60
2026-27,mlax,Conference of New England (CCC),ccc,Roger Williams University,Trey Carbone,Trey,Carbone,,583,Trey Carbone,"CARBONE,TREY",CARBONETREYROGER,4,0,,,Roger Williams University,ROGER,697-9866,0,0,0,0,0,0,0,0,0,0,0,0,0,0,0,0,0,0,0,0,0,0,0,3,0,0,0,00:00,0,0,1.000,,0,0,0,0,0,0,.000,0.00,,,,,,,,,,,,,,,,,,,-2.4350795586170735,288,60
2026-27,mlax,Conference of New England (CCC),ccc,Western New England University,Alexander Rice,Alexander,Rice,,775,Alexander Rice,"RICE,ALEXANDER",RICEALEXANDERWNE,2,0,,,Western New England University,WNE,1022-4622,0,0,0,0,0,0,0,0,0,0,0,0,0,0,0,0,0,0,1,0,0,0,0,0,0,1,1,00:00,0,0,1.000,,0,0,0,0,0,0,.000,0.00,,,,,,,,,,,,,,,,,,,-2.441223730814941,289,60
2026-27,mlax,Conference of New England (CCC),ccc,Curry College,Braden McGarr,Braden,McGarr,,170,Braden McGarr,"MCGARR,BRADEN",MCGARRBRADENCURRY,9,0,,,Curry College,CURRY,0,0,0,0,0,0,0,0,0,0,0,0,0,0,0,0,0,0,0,0,0,0,0,0,0,0,3,1,00:00,0,0,1.000,,1,2,0,0,0,0,.500,0.00,,,,,,,,,,,,,,,,,,,-2.441223730814941,290,60
2026-27,mlax,Conference of New England (CCC),ccc,Curry College,Brady Elio,Brady,Elio,,170,Brady Elio,"ELIO,BRADY",ELIOBRADYCURRY,8,0,,,Curry College,CURRY,0,0,0,0,0,0,0,0,0,0,0,0,0,0,0,0,0,0,0,0,0,0,0,0,0,0,2,1,00:00,0,0,1.000,,2,3,0,0,0,0,.667,0.00,,,,,,,,,,,,,,,,,,,-2.441223730814941,291,60
2026-27,mlax,Conference of New England (CCC),ccc,Roger Williams University,Johnny Giertl,Johnny,Giertl,,583,Johnny Giertl,"GIERTL,JOHNNY",GIERTLJOHNNYROGER,2,0,,,Roger Williams University,ROGER,697-9564,0,0,0,0,0,0,0,0,0,0,0,0,0,0,0,0,0,0,0,0,0,0,0,0,0,0,1,00:00,0,0,1.000,,0,0,0,0,0,0,.000,0.00,,,,,,,,,,,,,,,,,,,-2.441223730814941,292,60
2026-27,mlax,Conference of New England (CCC),ccc,Gordon College,Luke Hadley,Luke,Hadley,,1099,Luke Hadley,"HADLEY,LUKE",HADLEYLUKEGORDON,6,0,,,Gordon College,GORDON,0,0,0,0,0,0,0,0,0,0,0,0,0,0,0,0,0,0,0,0,0,0,0,0,0,0,0,1,00:00,0,0,1.000,,0,0,0,0,0,0,.000,0.00,,,,,,,,,,,,,,,,,,,-2.441223730814941,293,59
2026-27,mlax,Conference of New England (CCC),ccc,Roger Williams University,Michael Salvati,Michael,Salvati,,583,Michael Salvati,"SALVATI,MICHAEL",SALVATIMICHAELROGER,4,1,,,Roger Williams University,ROGER,697-9880,0,0,0,0,0,0,0,0,0,0,0,0,0,0,0,0,0,0,0,0,0,0,0,0,0,0,1,60:00,0,0,1.000,,0,0,0,0,0,0,.000,0.00,,,,,,,,,,,,,,,,,,,-2.441223730814941,294,59
2026-27,mlax,Conference of New England (CCC),ccc,Curry College,Roosevelt McMillan,Roosevelt,McMillan,,170,Roosevelt McMillan,"MCMILLAN,ROOSEVELT",MCMILLANROOSEVELTCURRY,3,0,,,Curry College,CURRY,0,0,0,0,0,0,0,0,0,0,0,0,0,0,0,0,0,0,1,0,0,0,0,0,0,0,0,1,00:00,0,0,1.000,,0,0,0,0,0,0,.000,0.00,,,,,,,,,,,,,,,,,,,-2.441223730814941,295,59
2026-27,mlax,Conference of New England (CCC),ccc,University of New England,Sam LaCreta,Sam,LaCreta,,1255,Sam LaCreta,"LACRETA,SAM",LACRETASAMUNE,3,0,,,University of New England,UNE,990-3285,0,0,0,0,0,0,0,0,0,0,0,0,0,0,0,0,1,0,0,0,0,0,0,0,0,0,1,00:00,0,0,1.000,,0,0,0,0,0,0,.000,0.00,,,,,,,,,,,,,,,,,,,-2.441223730814941,296,59
2026-27,mlax,Conference of New England (CCC),ccc,Wentworth Institute of Technology,Sebastian Brown,Sebastian,Brown,,762,Sebastian Brown,"BROWN,SEBASTIAN",BROWNSEBASTIANWIT,10,0,,,Wentworth Institute of Technology,WIT,0,0,0,0,0,0,0,0,0,0,0,0,0,0,0,0,0,0,2,0,0,0,0,0,0,0,2,1,00:00,0,0,1.000,,0,0,0,0,0,0,.000,0.00,,,,,,,,,,,,,,,,,,,-2.441223730814941,297,59
2026-27,mlax,Conference of New England (CCC),ccc,University of New England,Tristan Moe,Tristan,Moe,,1255,Tristan Moe,"MOE,TRISTAN",MOETRISTANUNE,1,0,,,University of New England,UNE,990-3290,0,0,0,0,0,0,0,0,0,0,0,0,0,0,0,0,0,0,0,0,0,0,0,0,0,0,1,00:00,0,0,1.000,,0,0,0,0,0,0,.000,0.00,,,,,,,,,,,,,,,,,,,-2.441223730814941,298,59
2026-27,mlax,Conference of New England (CCC),ccc,Western New England University,Alex Martinez,Alex,Martinez,,775,Alex Martinez,"MARTINEZ,ALEX",MARTINEZALEXWNE,3,1,,,Western New England University,WNE,1022-4688,0,0,0,0,0,0,0,0,0,0,0,0,0,0,0,0,0,0,0,0,0,6,6,2,0,0,0,60:00,0,12,1.000,,1,1,0,0,0,0,1.000,0.00,,,,,,,,,,,,,,,,,,,-2.4710637216204465,299,59
2026-27,mlax,Conference of New England (CCC),ccc,Wentworth Institute of Technology,Jonah Austin,Jonah,Austin,,762,Jonah Austin,"AUSTIN,JONAH",AUSTINJONAHWIT,4,0,,,Wentworth Institute of Technology,WIT,0,0,0,0,0,0,0,0,0,0,0,0,0,0,0,0,0,0,0,0,0,0,0,0,2,0,1,0,00:00,0,0,1.000,,0,0,0,0,0,0,.000,0.00,,,,,,,,,,,,,,,,,,,-2.4710637216204465,300,59
2026-27,mlax,Conference of New England (CCC),ccc,Nichols College,Keegan Rose,Keegan,Rose,,484,Keegan Rose,"ROSE,KEEGAN",ROSEKEEGANNICHOLS,5,0,,,Nichols College,NICHOLS,695-5086,0,0,0,0,0,0,0,0,0,0,0,0,0,0,0,0,0,0,0,0,0,0,0,2,0,0,0,00:00,0,0,1.000,,0,0,0,0,0,0,.000,0.00,,,,,,,,,,,,,,,,,,,-2.4710637216204465,301,58
2026-27,mlax,Conference of New England (CCC),ccc,University of New England,Max Barrett,Max,Barrett,,1255,Max Barrett,"BARRETT,MAX",BARRETTMAXUNE,8,0,,,University of New England,UNE,990-3116,0,0,0,0,0,0,0,0,0,0,0,0,0,0,0,0,0,0,1,0,0,0,0,2,0,1,0,00:00,0,0,1.000,,0,0,0,0,0,0,.000,0.00,,,,,,,,,,,,,,,,,,,-2.4710637216204465,302,58
2026-27,mlax,Conference of New England (CCC),ccc,Nichols College,Nathan Conroy,Nathan,Conroy,,484,Nathan Conroy,"CONROY,NATHAN",CONROYNATHANNICHOLS,4,0,,,Nichols College,NICHOLS,695-5039,0,0,0,0,0,0,0,0,0,0,0,0,0,0,0,0,0,0,0,0,0,0,0,2,0,1,0,00:00,0,0,1.000,,2,5,0,0,0,0,.400,0.00,,,,,,,,,,,,,,,,,,,-2.4710637216204465,303,58
2026-27,mlax,Conference of New England (CCC),ccc,Western New England University,Richard Fedele,Richard,Fedele,,775,Richard Fedele,"FEDELE,RICHARD",FEDELERICHARDWNE,9,0,,,Western New England University,WNE,1022-4074,0,0,0,0,0,0,0,0,0,0,0,0,0,0,0,0,0,0,0,0,0,0,0,2,0,1,0,00:00,0,0,1.000,,0,0,0,0,0,0,.000,0.00,,,,,,,,,,,,,,,,,,,-2.4710637216204465,304,58
2026-27,mlax,Conference of New England (CCC),ccc,Curry College,Ace Robotham-Jackson,Ace,Robotham-Jackson,,170,Ace Robotham-Jackson,"ROBOTHAM-JACKSON,ACE",ROBOTHAM-JACKSONACECURRY,1,0,,,Curry College,CURRY,0,0,0,0,0,0,0,0,0,0,0,0,0,0,0,0,0,0,0,0,0,0,0,0,1,0,1,0,0,0,0,1.000,,0,0,0,0,0,0,.000,0.00,,,,,,,,,,,,,,,,,,,-2.5070478846238196,305,58
2026-27,mlax,Conference of New England (CCC),ccc,Curry College,Adonnys Banks,Adonnys,Banks,,170,Adonnys Banks,"BANKS,ADONNYS",BANKSADONNYSCURRY,10,0,,,Curry College,CURRY,0,0,0,0,0,0,0,0,0,0,0,0,0,0,0,0,0,0,0,0,0,0,6,15,1,0,0,0,00:00,0,21,1.000,,1,1,0,0,0,0,1.000,0.00,,,,,,,,,,,,,,,,,,,-2.5070478846238196,306,58
2026-27,mlax,Conference of New England (CCC),ccc,University of Hartford,Ben Lukens,Ben,Lukens,,272,Ben Lukens,"LUKENS,BEN",LUKENSBENHARTFORD,5,0,,,University of Hartford,HARTFORD,6-3306,0,0,0,0,0,0,0,0,0,0,0,0,0,0,0,0,0,0,0,0,0,0,0,1,0,0,0,00:00,0,0,1.000,,0,0,0,0,0,0,.000,0.00,,,,,,,,,,,,,,,,,,,-2.5070478846238196,307,58
2026-27,mlax,Conference of New England (CCC),ccc,Wentworth Institute of Technology,Camden Streifel,Camden,Streifel,,762,Camden Streifel,"STREIFEL,CAMDEN",STREIFELCAMDENWIT,1,0,,,Wentworth Institute of Technology,WIT,0,0,0,0,0,0,0,0,0,0,0,0,0,0,0,0,0,0,0,0,0,0,0,0,1,0,0,0,0,0,0,1.000,,0,0,0,0,0,0,.000,0.00,,,,,,,,,,,,,,,,,,,-2.5070478846238196,308,58
2026-27,mlax,Conference of New England (CCC),ccc,Western New England University,Cooper Dimmick,Cooper,Dimmick,,775,Cooper Dimmick,"DIMMICK,COOPER",DIMMICKCOOPERWNE,5,1,,,Western New England University,WNE,1022-2204,0,0,0,0,0,0,0,0,0,0,0,0,0,0,0,0,0,0,0,0,0,0,0,1,0,0,0,60:00,0,0,1.000,,0,0,0,0,0,0,.000,0.00,,,,,,,,,,,,,,,,,,,-2.5070478846238196,309,57
2026-27,mlax,Conference of New England (CCC),ccc,Wentworth Institute of Technology,Cruz Sandquist,Cruz,Sandquist,,762,Cruz Sandquist,"SANDQUIST,CRUZ",SANDQUISTCRUZWIT,4,0,,,Wentworth Institute of Technology,WIT,0,0,0,0,0,0,0,0,0,0,0,0,0,0,0,0,0,0,0,0,0,0,0,0,1,0,1,0,00:00,0,0,1.000,,0,0,0,0,0,0,.000,0.00,,,,,,,,,,,,,,,,,,,-2.5070478846238196,310,57
2026-27,mlax,Conference of New England (CCC),ccc,Endicott College,Jack Wajda,Jack,Wajda,,8981,Jack Wajda,"WAJDA,JACK",WAJDAJACKENDICOTT,5,0,,,Endicott College,ENDICOTT,0,0,0,0,0,0,0,0,0,0,0,0,0,0,0,0,0,0,0,0,0,0,0,0,1,0,0,0,00:00,0,0,1.000,,0,0,0,0,0,0,.000,0.00,,,,,,,,,,,,,,,,,,,-2.5070478846238196,311,57
2026-27,mlax,Conference of New England (CCC),ccc,Wentworth Institute of Technology,Kaj Yagoda,Kaj,Yagoda,,762,Kaj Yagoda,"YAGODA,KAJ",YAGODAKAJWIT,3,0,,,Wentworth Institute of Technology,WIT,0,0,0,0,0,0,0,0,0,0,0,0,0,0,0,0,0,0,0,0,0,0,0,0,1,0,2,0,00:00,0,0,1.000,,0,1,0,0,0,0,.000,0.00,,,,,,,,,,,,,,,,,,,-2.5070478846238196,312,57
2026-27,mlax,Conference of New England (CCC),ccc,University of New England,Lawson Dunn,Lawson,Dunn,,1255,Lawson Dunn,"DUNN,LAWSON",DUNNLAWSONUNE,4,0,,,University of New England,UNE,990-3112,0,0,0,0,0,0,0,0,0,0,0,0,0,0,0,0,0,0,0,0,0,0,0,1,0,1,0,00:00,0,0,1.000,,0,0,0,0,0,0,.000,0.00,,,,,,,,,,,,,,,,,,,-2.5070478846238196,313,57
2026-27,mlax,Conference of New England (CCC),ccc,Curry College,Misael Dominguez,Misael,Dominguez,,170,Misael Dominguez,"DOMINGUEZ,MISAEL",DOMINGUEZMISAELCURRY,12,0,,,Curry College,CURRY,0,0,0,0,0,0,0,0,0,0,0,0,0,0,0,0,0,0,0,1,0,0,0,0,1,0,3,0,00:00,0,0,1.000,,1,1,0,0,0,0,1.000,0.00,,,,,,,,,,,,,,,,,,,-2.5070478846238196,314,57
2026-27,mlax,Conference of New England (CCC),ccc,Roger Williams University,Tommy Iasello,Tommy,Iasello,,583,Tommy Iasello,"IASELLO,TOMMY",IASELLOTOMMYROGER,2,0,,,Roger Williams University,ROGER,697-9870,0,0,0,0,0,0,0,0,0,0,0,0,0,0,0,0,0,0,0,0,0,1,0,1,0,1,0,00:00,0,1,1.000,,0,0,0,0,0,0,.000,0.00,,,,,,,,,,,,,,,,,,,-2.5070478846238196,315,57
2026-27,mlax,Conference of New England (CCC),ccc,Roger Williams University,Zac Boguszewski,Zac,Boguszewski,,583,Zac Boguszewski,"BOGUSZEWSKI,ZAC",BOGUSZEWSKIZACROGER,7,0,,,Roger Williams University,ROGER,697-8993,0,0,0,0,0,0,0,0,0,0,0,0,0,0,0,0,0,0,0,0,0,3,8,1,0,0,0,00:00,0,11,1.000,,1,1,0,0,0,0,1.000,0.00,,,,,,,,,,,,,,,,,,,-2.5070478846238196,316,56
2026-27,mlax,Conference of New England (CCC),ccc,Wentworth Institute of Technology,Adam Clough,Adam,Clough,,762,Adam Clough,"CLOUGH,ADAM",CLOUGHADAMWIT,1,0,,,Wentworth Institute of Technology,WIT,0,0,0,0,0,0,0,0,0,0,0,0,0,0,0,0,0,0,0,0,0,0,0,0,0,0,0,0,00:00,0,0,1.000,,0,0,0,0,0,0,.000,0.00,,,,,,,,,,,,,,,,,,,-2.543032047627192,317,56
2026-27,mlax,Conference of New England (CCC),ccc,Wentworth Institute of Technology,Aiden Leduc,Aiden,Leduc,,762,Aiden Leduc,"LEDUC,AIDEN",LEDUCAIDENWIT,7,0,,,Wentworth Institute of Technology,WIT,0,0,0,0,0,0,0,0,0,0,0,0,0,0,0,0,0,0,0,0,0,0,0,0,0,0,1,0,00:00,0,0,1.000,,1,1,0,0,0,0,1.000,0.00,,,,,,,,,,,,,,,,,,,-2.543032047627192,318,56
2026-27,mlax,Conference of New England (CCC),ccc,Wentworth Institute of Technology,Aiden Scully,Aiden,Scully,,762,Aiden Scully,"SCULLY,AIDEN",SCULLYAIDENWIT,1,0,,,Wentworth Institute of Technology,WIT,0,0,0,0,0,0,0,0,0,0,0,0,0,0,0,0,0,0,0,0,0,0,0,0,0,0,0,0,00:00,0,0,1.000,,0,0,0,0,0,0,.000,0.00,,,,,,,,,,,,,,,,,,,-2.543032047627192,319,56
2026-27,mlax,Conference of New England (CCC),ccc,University of Hartford,Andrew DiCianni,Andrew,DiCianni,,272,Andrew DiCianni,"DICIANNI,ANDREW",DICIANNIANDREWHARTFORD,5,0,,,University of Hartford,HARTFORD,6-2766,0,0,0,0,0,0,0,0,0,0,0,0,0,0,0,0,0,0,0,0,0,0,0,0,0,2,0,00:00,0,0,1.000,,0,3,0,0,0,0,.000,0.00,,,,,,,,,,,,,,,,,,,-2.543032047627192,320,56
2026-27,mlax,Conference of New England (CCC),ccc,Western New England University,Austin Blumenstock,Austin,Blumenstock,,775,Austin Blumenstock,"BLUMENSTOCK,AUSTIN",BLUMENSTOCKAUSTINWNE,2,0,,,Western New England University,WNE,1022-4624,0,0,0,0,0,0,0,0,0,0,0,0,0,0,0,0,0,0,0,0,0,0,0,0,0,0,0,00:00,0,0,1.000,,0,0,0,0,0,0,.000,0.00,,,,,,,,,,,,,,,,,,,-2.543032047627192,321,56
2026-27,mlax,Conference of New England (CCC),ccc,University of New England,Bobby Hamwey,Bobby,Hamwey,,1255,Bobby Hamwey,"HAMWEY,BOBBY",HAMWEYBOBBYUNE,4,0,,,University of New England,UNE,990-3284,0,0,0,0,0,0,0,0,0,0,0,0,0,0,0,0,0,0,0,0,0,0,0,0,0,1,0,00:00,0,0,1.000,,0,0,0,0,0,0,.000,0.00,,,,,,,,,,,,,,,,,,,-2.543032047627192,322,56
2026-27,mlax,Conference of New England (CCC),ccc,Roger Williams University,Brendan Donohue,Brendan,Donohue,,583,Brendan Donohue,"DONOHUE,BRENDAN",DONOHUEBRENDANROGER,2,0,,,Roger Williams University,ROGER,697-9869,0,0,0,0,0,0,0,0,0,0,0,0,0,0,0,0,0,0,0,0,0,0,0,0,0,0,0,00:00,0,0,1.000,,0,0,0,0,0,0,.000,0.00,,,,,,,,,,,,,,,,,,,-2.543032047627192,323,56
2026-27,mlax,Conference of New England (CCC),ccc,Nichols College,Brendan Roach,Brendan,Roach,,484,Brendan Roach,"ROACH,BRENDAN",ROACHBRENDANNICHOLS,1,0,,,Nichols College,NICHOLS,695-4801,0,0,0,0,0,0,0,0,0,0,0,0,0,0,0,0,0,0,0,0,0,0,0,0,0,1,0,00:00,0,0,1.000,,0,1,0,0,0,0,.000,0.00,,,,,,,,,,,,,,,,,,,-2.543032047627192,324,55
2026-27,mlax,Conference of New England (CCC),ccc,University of Hartford,Callum Labonte,Callum,Labonte,,272,Callum Labonte,"LABONTE,CALLUM",LABONTECALLUMHARTFORD,6,0,,,University of Hartford,HARTFORD,6-3117,0,0,0,0,0,0,0,0,0,0,0,0,0,0,0,0,0,0,0,0,0,0,0,0,0,1,0,00:00,0,0,1.000,,0,0,0,0,0,0,.000,0.00,,,,,,,,,,,,,,,,,,,-2.543032047627192,325,55
2026-27,mlax,Conference of New England (CCC),ccc,Wentworth Institute of Technology,Charlie Rose,Charlie,Rose,,762,Charlie Rose,"ROSE,CHARLIE",ROSECHARLIEWIT,2,0,,,Wentworth Institute of Technology,WIT,0,0,0,0,0,0,0,0,0,0,0,0,0,0,0,0,0,0,0,0,0,0,0,0,0,0,0,0,00:00,0,0,1.000,,0,0,0,0,0,0,.000,0.00,,,,,,,,,,,,,,,,,,,-2.543032047627192,326,55
2026-27,mlax,Conference of New England (CCC),ccc,Western New England University,Christopher Crozier,Christopher,Crozier,,775,Christopher Crozier,"CROZIER,CHRISTOPHER",CROZIERCHRISTOPHERWNE,2,0,,,Western New England University,WNE,1022-4295,0,0,0,0,0,0,0,0,0,0,0,0,0,0,0,0,0,0,0,0,0,0,0,0,0,0,0,00:00,0,0,1.000,,0,0,0,0,0,0,.000,0.00,,,,,,,,,,,,,,,,,,,-2.543032047627192,327,55
2026-27,mlax,Conference of New England (CCC),ccc,Western New England University,Declan Connally,Declan,Connally,,775,Declan Connally,"CONNALLY,DECLAN",CONNALLYDECLANWNE,3,0,,,Western New England University,WNE,1022-4625,0,0,0,0,0,0,0,0,0,0,0,0,0,0,0,0,0,0,0,0,0,0,1,0,0,0,0,00:00,0,1,1.000,,1,2,0,0,0,0,.500,0.00,,,,,,,,,,,,,,,,,,,-2.543032047627192,328,55
2026-27,mlax,Conference of New England (CCC),ccc,Western New England University,Devin Richard,Devin,Richard,,775,Devin Richard,"RICHARD,DEVIN",RICHARDDEVINWNE,1,0,,,Western New England University,WNE,1022-2213,0,0,0,0,0,0,0,0,0,0,0,0,0,0,0,0,0,0,0,0,0,0,0,0,0,1,0,00:00,0,0,1.000,,0,0,0,0,0,0,.000,0.00,,,,,,,,,,,,,,,,,,,-2.543032047627192,329,55
2026-27,mlax,Conference of New England (CCC),ccc,Nichols College,Garrett Chamberlin,Garrett,Chamberlin,,484,Garrett Chamberlin,"CHAMBERLIN,GARRETT",CHAMBERLINGARRETTNICHOLS,2,0,,,Nichols College,NICHOLS,695-5038,0,0,0,0,0,0,0,0,0,0,0,0,0,0,0,0,0,0,0,0,0,0,0,0,0,0,0,00:00,0,0,1.000,,0,0,0,0,0,0,.000,0.00,,,,,,,,,,,,,,,,,,,-2.543032047627192,330,55
2026-27,mlax,Conference of New England (CCC),ccc,Endicott College,Gavin O'Donoghue,Gavin,O'Donoghue,,8981,Gavin O'Donoghue,"O'DONOGHUE,GAVIN",O'DONOGHUEGAVINENDICOTT,5,0,,,Endicott College,ENDICOTT,0,0,0,0,0,0,0,0,0,0,0,0,0,0,0,0,0,0,1,0,0,0,0,0,0,0,0,0,00:00,0,0,1.000,,0,0,0,0,0,0,.000,0.00,,,,,,,,,,,,,,,,,,,-2.543032047627192,331,55
2026-27,mlax,Conference of New England (CCC),ccc,Wentworth Institute of Technology,Henry Milnes,Henry,Milnes,,762,Henry Milnes,"MILNES,HENRY",MILNESHENRYWIT,3,0,,,Wentworth Institute of Technology,WIT,0,0,0,0,0,0,0,0,0,0,0,0,0,0,0,0,0,0,0,0,0,0,0,0,0,0,1,0,00:00,0,0,1.000,,0,0,0,0,0,0,.000,0.00,,,,,,,,,,,,,,,,,,,-2.543032047627192,332,54
2026-27,mlax,Conference of New England (CCC),ccc,Wentworth Institute of Technology,Hugh Trexler,Hugh,Trexler,,762,Hugh Trexler,"TREXLER,HUGH",TREXLERHUGHWIT,2,0,,,Wentworth Institute of Technology,WIT,0,0,0,0,0,0,0,0,0,0,0,0,0,0,0,0,0,0,0,0,0,0,0,0,0,0,0,0,00:00,0,0,1.000,,0,0,0,0,0,0,.000,0.00,,,,,,,,,,,,,,,,,,,-2.543032047627192,333,54
2026-27,mlax,Conference of New England (CCC),ccc,Endicott College,Ian Leonard,Ian,Leonard,,8981,Ian Leonard,"LEONARD,IAN",LEONARDIANENDICOTT,0,0,,,Endicott College,ENDICOTT,0,0,0,0,0,0,0,0,0,0,0,0,0,0,0,0,0,0,0,0,0,0,0,0,0,0,0,0,00:00,0,0,1.000,,0,0,0,0,0,0,.000,0,,,,,,,,,,,,,,,,,,,-2.543032047627192,334,54
2026-27,mlax,Conference of New England (CCC),ccc,Western New England University,Jamison Murphy,Jamison,Murphy,,775,Jamison Murphy,"MURPHY,JAMISON",MURPHYJAMISONWNE,2,0,,,Western New England University,WNE,1022-4620,0,0,0,0,0,0,0,0,0,0,0,0,0,0,0,0,0,0,0,0,0,0,0,0,0,1,0,00:00,0,0,1.000,,0,0,0,0,0,0,.000,0.00,,,,,,,,,,,,,,,,,,,-2.543032047627192,335,54
2026-27,mlax,Conference of New England (CCC),ccc,University of New England,Joe Ribeck,Joe,Ribeck,,1255,Joe Ribeck,"RIBECK,JOE",RIBECKJOEUNE,3,0,,,University of New England,UNE,990-2952,0,0,0,0,0,0,0,0,0,0,0,0,0,0,0,0,0,0,0,0,0,5,5,0,0,0,0,00:00,0,10,1.000,,0,0,0,0,0,0,.000,0.00,,,,,,,,,,,,,,,,,,,-2.543032047627192,336,54
2026-27,mlax,Conference of New England (CCC),ccc,Endicott College,Joey Bonnano,Joey,Bonnano,,8981,Joey Bonnano,"BONNANO,JOEY",BONNANOJOEYENDICOTT,2,0,,,Endicott College,ENDICOTT,0,0,0,0,0,0,0,0,0,0,0,0,0,0,0,0,0,0,0,0,0,0,0,0,0,0,3,0,00:00,0,0,1.000,,0,1,0,0,0,0,.000,0.00,,,,,,,,,,,,,,,,,,,-2.543032047627192,337,54
2026-27,mlax,Conference of New England (CCC),ccc,Curry College,Joseph Phillips,Joseph,Phillips,,170,Joseph Phillips,"PHILLIPS,JOSEPH",PHILLIPSJOSEPHCURRY,3,0,,,Curry College,CURRY,0,0,0,0,0,0,0,0,0,0,0,0,0,0,0,0,0,0,0,0,0,0,0,1,0,0,0,0,00:00,0,1,1.000,,0,0,0,0,0,0,.000,0.00,,,,,,,,,,,,,,,,,,,-2.543032047627192,338,54
2026-27,mlax,Conference of New England (CCC),ccc,Nichols College,Josh Davis,Josh,Davis,,484,Josh Davis,"DAVIS,JOSH",DAVISJOSHNICHOLS,2,0,,,Nichols College,NICHOLS,695-4791,0,0,0,0,0,0,0,0,0,0,0,0,0,0,0,0,0,0,0,0,0,0,0,0,0,0,0,00:00,0,0,1.000,,0,0,0,0,0,0,.000,0.00,,,,,,,,,,,,,,,,,,,-2.543032047627192,339,54
2026-27,mlax,Conference of New England (CCC),ccc,Curry College,Julian Henehan,Julian,Henehan,,170,Julian Henehan,"HENEHAN,JULIAN",HENEHANJULIANCURRY,5,0,,,Curry College,CURRY,0,0,0,0,0,0,0,0,0,0,0,0,0,0,0,0,0,0,0,0,0,0,2,10,0,0,1,0,00:00,0,12,1.000,,0,0,0,0,0,0,.000,0.00,,,,,,,,,,,,,,,,,,,-2.543032047627192,340,53
2026-27,mlax,Conference of New England (CCC),ccc,Endicott College,Kyle Ando,Kyle,Ando,,8981,Kyle Ando,"ANDO,KYLE",ANDOKYLEENDICOTT,2,0,,,Endicott College,ENDICOTT,0,0,0,0,0,0,0,0,0,0,0,0,0,0,0,0,0,0,0,0,0,0,0,0,0,0,0,0,00:00,0,0,1.000,,0,0,0,0,0,0,.000,0.00,,,,,,,,,,,,,,,,,,,-2.543032047627192,341,53
2026-27,mlax,Conference of New England (CCC),ccc,Roger Williams University,Liam Flynn,Liam,Flynn,,583,Liam Flynn,"FLYNN,LIAM",FLYNNLIAMROGER,2,0,,,Roger Williams University,ROGER,697-9136,0,0,0,0,0,0,0,0,0,0,0,0,0,0,0,0,0,0,0,0,0,0,0,0,0,0,0,00:00,0,0,1.000,,0,2,0,0,0,0,.000,0.00,,,,,,,,,,,,,,,,,,,-2.543032047627192,342,53
2026-27,mlax,Conference of New England (CCC),ccc,University of Hartford,Liam Rainville,Liam,Rainville,,272,Liam Rainville,"RAINVILLE,LIAM",RAINVILLELIAMHARTFORD,6,0,,,University of Hartford,HARTFORD,6-3308,0,0,0,0,0,0,0,0,0,0,0,0,0,0,0,0,0,0,1,0,0,0,0,0,0,3,0,00:00,0,0,1.000,,2,2,0,0,0,0,1.000,0.00,,,,,,,,,,,,,,,,,,,-2.543032047627192,343,53
2026-27,mlax,Conference of New England (CCC),ccc,University of Hartford,Lucas Chymbor,Lucas,Chymbor,,272,Lucas Chymbor,"CHYMBOR,LUCAS",CHYMBORLUCASHARTFORD,2,0,,,University of Hartford,HARTFORD,6-3302,0,0,0,0,0,0,0,0,0,0,0,0,0,0,0,0,0,0,0,0,0,0,0,0,0,0,0,00:00,0,0,1.000,,0,0,0,0,0,0,.000,0.00,,,,,,,,,,,,,,,,,,,-2.543032047627192,344,53
2026-27,mlax,Conference of New England (CCC),ccc,University of Hartford,Mateo Montano,Mateo,Montano,,272,Mateo Montano,"MONTANO,MATEO",MONTANOMATEOHARTFORD,4,0,,,University of Hartford,HARTFORD,6-2748,0,0,0,0,0,0,0,0,0,0,0,0,0,0,0,0,0,0,0,0,0,0,0,0,0,2,0,00:00,0,0,1.000,,0,0,0,0,0,0,.000,0.00,,,,,,,,,,,,,,,,,,,-2.543032047627192,345,53
2026-27,mlax,Conference of New England (CCC),ccc,Western New England University,Max Schwartz,Max,Schwartz,,775,Max Schwartz,"SCHWARTZ,MAX",SCHWARTZMAXWNE,1,0,,,Western New England University,WNE,1022-4283,0,0,0,0,0,0,0,0,0,0,0,0,0,0,0,0,0,0,0,0,0,0,0,0,0,0,0,00:00,0,0,1.000,,0,1,0,0,0,0,.000,0.00,,,,,,,,,,,,,,,,,,,-2.543032047627192,346,53
2026-27,mlax,Conference of New England (CCC),ccc,Roger Williams University,Mike Moschitto,Mike,Moschitto,,583,Mike Moschitto,"MOSCHITTO,MIKE",MOSCHITTOMIKEROGER,1,0,,,Roger Williams University,ROGER,697-9876,0,0,0,0,0,0,0,0,0,0,0,0,0,0,0,0,0,0,0,0,0,0,0,0,0,1,0,00:00,0,0,1.000,,0,0,0,0,0,0,.000,0.00,,,,,,,,,,,,,,,,,,,-2.543032047627192,347,53
2026-27,mlax,Conference of New England (CCC),ccc,University of New England,Nathan Iliffe,Nathan,Iliffe,,1255,Nathan Iliffe,"ILIFFE,NATHAN",ILIFFENATHANUNE,6,0,,,University of New England,UNE,990-3114,0,0,0,0,0,0,0,0,0,0,0,0,0,0,0,0,0,0,0,0,0,0,0,0,0,0,0,00:00,0,0,1.000,,1,1,0,0,0,0,1.000,0.00,,,,,,,,,,,,,,,,,,,-2.543032047627192,348,52
2026-27,mlax,Conference of New England (CCC),ccc,University of New England,Noah Whipple,Noah,Whipple,,1255,Noah Whipple,"WHIPPLE,NOAH",WHIPPLENOAHUNE,0,0,,,University of New England,UNE,990-3288,0,0,0,0,0,0,0,0,0,0,0,0,0,0,0,0,0,0,0,0,0,0,0,0,0,0,0,00:00,0,0,1.000,,0,0,0,0,0,0,.000,0,,,,,,,,,,,,,,,,,,,-2.543032047627192,349,52
2026-27,mlax,Conference of New England (CCC),ccc,Nichols College,Riley Dionne,Riley,Dionne,,484,Riley Dionne,"DIONNE,RILEY",DIONNERILEYNICHOLS,0,0,,,Nichols College,NICHOLS,695-4458,0,0,0,0,0,0,0,0,0,0,0,0,0,0,0,0,0,0,0,0,0,0,0,0,0,0,0,00:00,0,0,1.000,,0,0,0,0,0,0,.000,0,,,,,,,,,,,,,,,,,,,-2.543032047627192,350,52
2026-27,mlax,Conference of New England (CCC),ccc,Wentworth Institute of Technology,Samuel Silva,Samuel,Silva,,762,Samuel Silva,"SILVA,SAMUEL",SILVASAMUELWIT,2,0,,,Wentworth Institute of Technology,WIT,0,0,0,0,0,0,0,0,0,0,0,0,0,0,0,0,0,0,0,0,0,0,1,8,0,0,0,0,00:00,0,9,1.000,,0,0,0,0,0,0,.000,0.00,,,,,,,,,,,,,,,,,,,-2.543032047627192,351,52
2026-27,mlax,Conference of New England (CCC),ccc,Wentworth Institute of Technology,Scott Rich,Scott,Rich,,762,Scott Rich,"RICH,SCOTT",RICHSCOTTWIT,1,0,,,Wentworth Institute of Technology,WIT,0,0,0,0,0,0,0,0,0,0,0,0,0,0,0,0,0,0,0,0,0,0,2,0,0,0,0,0,00:00,0,2,1.000,,0,0,0,0,0,0,.000,0.00,,,,,,,,,,,,,,,,,,,-2.543032047627192,352,52
2026-27,mlax,Conference of New England (CCC),ccc,Curry College,Sebastian Reid,Sebastian,Reid,,170,Sebastian Reid,"REID,SEBASTIAN",REIDSEBASTIANCURRY,2,0,,,Curry College,CURRY,0,0,0,0,0,0,0,0,0,0,0,0,0,0,0,0,0,0,0,0,0,0,0,0,0,0,1,0,00:00,0,0,1.000,,0,0,0,0,0,0,.000,0.00,,,,,,,,,,,,,,,,,,,-2.543032047627192,353,52
2026-27,mlax,Conference of New England (CCC),ccc,University of Hartford,Thomas Brunelli,Thomas,Brunelli,,272,Thomas Brunelli,"BRUNELLI,THOMAS",BRUNELLITHOMASHARTFORD,1,0,,,University of Hartford,HARTFORD,6-2743,0,0,0,0,0,0,0,0,0,0,0,0,0,0,0,0,0,0,0,0,0,0,0,0,0,0,0,00:00,0,0,1.000,,0,0,0,0,0,0,.000,0.00,,,,,,,,,,,,,,,,,,,-2.543032047627192,354,52
2026-27,mlax,Conference of New England (CCC),ccc,Wentworth Institute of Technology,Trout Marnell,Trout,Marnell,,762,Trout Marnell,"MARNELL,TROUT",MARNELLTROUTWIT,2,0,,,Wentworth Institute of Technology,WIT,0,0,0,0,0,0,0,0,0,0,0,0,0,0,0,0,0,0,0,0,0,0,0,0,0,0,0,0,00:00,0,0,1.000,,0,0,0,0,0,0,.000,0.00,,,,,,,,,,,,,,,,,,,-2.543032047627192,355,52
2026-27,mlax,Conference of New England (CCC),ccc,Roger Williams University,Wilson Bullard,Wilson,Bullard,,583,Wilson Bullard,"BULLARD,WILSON",BULLARDWILSONROGER,2,0,,,Roger Williams University,ROGER,697-9560,0,0,0,0,0,0,0,0,0,0,0,0,0,0,0,0,0,0,0,0,0,0,0,0,0,0,0,00:00,0,0,1.000,,0,0,0,0,0,0,.000,0.00,,,,,,,,,,,,,,,,,,,-2.543032047627192,356,51
2026-27,mlax,Conference of New England (CCC),ccc,Endicott College,Mikey Coletti,Mikey,Coletti,,8981,Mikey Coletti,"COLETTI,MIKEY",COLETTIMIKEYENDICOTT,5,0,,,Endicott College,ENDICOTT,0,0,0,0,0,0,0,0,0,0,0,0,0,0,0,0,0,0,0,0,0,0,0,0,1,0,0,0,09:00,19,0,1.000,,0,0,0,0,0,0,.000,0.00,5,44:47,7,7,0,0,0,0,0,0,0,23,9.38,.500,,,,,-2.6219227052666296,357,51
2026-27,mlax,Conference of New England (CCC),ccc,University of New England,Connor Gaughan,Connor,Gaughan,,1255,Connor Gaughan,"GAUGHAN,CONNOR",GAUGHANCONNORUNE,2,1,,,University of New England,UNE,990-2942,0,0,0,0,0,0,0,0,0,0,0,0,0,0,0,0,0,0,0,0,0,0,0,0,0,2,0,60:00,0,0,1.000,,0,0,0,0,0,0,.000,0.00,1,45:00,8,7,0,0,2,0,0,0,0,29,10.67,.467,,,,,-2.9951370838105813,358,51
2026-27,mlax,Conference of New England (CCC),ccc,University of Hartford,John Hintze,John,Hintze,,272,John Hintze,"HINTZE,JOHN",HINTZEJOHNHARTFORD,5,0,,,University of Hartford,HARTFORD,6-2761,0,0,0,0,0,0,0,0,0,0,0,0,0,0,0,0,0,0,0,0,0,0,0,0,0,0,0,04:00,26,0,1.000,,0,0,0,0,0,0,.000,0.00,3,27:03,4,3,0,0,0,0,0,0,0,14,8.87,.429,,,,,-3.0675767208675784,359,51
2026-27,mlax,Conference of New England (CCC),ccc,Western New England University,Chase Beyus,Chase,Beyus,,775,Chase Beyus,"BEYUS,CHASE",BEYUSCHASEWNE,8,3,,,Western New England University,WNE,1022-4288,0,0,0,0,0,0,0,0,0,0,0,0,0,0,0,0,0,0,0,0,0,0,0,11,0,1,1,180:00,0,0,1.000,,0,0,0,0,0,0,.000,0.00,7,181:36,43,28,0,2,2,0,0,0,0,108,14.21,.394,,,,,-3.17632714106439,360,51
2026-27,mlax,Conference of New England (CCC),ccc,Nichols College,Andrew Whitman,Andrew,Whitman,,484,Andrew Whitman,"WHITMAN,ANDREW",WHITMANANDREWNICHOLS,5,1,,,Nichols College,NICHOLS,695-4807,0,0,0,0,0,0,0,0,0,0,0,0,0,0,0,0,0,0,0,0,0,0,0,2,0,5,2,65:00,54,0,1.000,,0,0,0,0,0,0,.000,0.00,5,89:15,17,10,0,2,0,0,0,0,0,37,11.43,.370,,,,,-3.375117414726141,361,51
2026-27,mlax,Conference of New England (CCC),ccc,Western New England University,Matthew Davis,Matthew,Davis,,775,Matthew Davis,"DAVIS,MATTHEW",DAVISMATTHEWWNE,4,0,,,Western New England University,WNE,1022-4617,0,0,0,0,0,0,0,0,0,0,0,0,0,0,0,0,0,0,0,0,0,0,0,2,0,0,0,30:00,0,0,1.000,,1,1,0,0,0,0,1.000,0.00,4,56:22,12,6,0,0,0,0,0,0,0,29,12.77,.333,,,,,-3.9721742028002147,362,51
2026-27,mlax,Conference of New England (CCC),ccc,Wentworth Institute of Technology,Riley Abbott,Riley,Abbott,,762,Riley Abbott,"ABBOTT,RILEY",ABBOTTRILEYWIT,3,0,,,Wentworth Institute of Technology,WIT,0,0,0,0,0,0,0,0,0,0,0,0,0,0,0,0,0,0,0,0,0,0,0,0,0,0,0,0,00:00,0,0,1.000,,0,0,0,0,0,0,.000,0.00,3,19:32,4,1,0,0,0,0,0,0,0,5,12.29,.200,,,,,-4.844614690729888,363,51
2026-27,mlax,Conference of New England (CCC),ccc,Curry College,Logan Gibbons,Logan,Gibbons,,170,Logan Gibbons,"GIBBONS,LOGAN",GIBBONSLOGANCURRY,9,0,,,Curry College,CURRY,0,0,0,0,0,0,0,0,0,0,0,0,0,0,0,0,0,0,0,0,0,0,0,0,3,0,6,0,00:00,0,0,1.000,,0,0,0,0,0,0,.000,0.00,4,58:47,24,9,0,0,0,0,0,0,0,61,24.50,.273,,,,,-5.5072711154871925,364,50
2026-27,mlax,Conference of New England (CCC),ccc,Wentworth Institute of Technology,Matthew Russo,Matthew,Russo,,762,Matthew Russo,"RUSSO,MATTHEW",RUSSOMATTHEWWIT,1,0,,,Wentworth Institute of Technology,WIT,0,0,0,0,0,0,0,0,0,0,0,0,0,0,0,0,0,0,0,0,0,0,0,0,0,0,0,0,00:00,0,0,1.000,,0,0,0,0,0,0,.000,0.00,1,11:15,6,4,0,0,0,0,0,0,0,11,32.00,.400,,,,,-5.649059591949884,365,50
2026-27,mlax,Conference of New England (CCC),ccc,Gordon College,Jacob Brown,Jacob,Brown,,1099,Jacob Brown,"BROWN,JACOB",BROWNJACOBGORDON,7,0,,,Gordon College,GORDON,693-2997,0,0,0,0,0,0,0,0,0,0,0,0,0,0,0,0,0,3,2,0,0,0,0,4,0,2,1,00:00,0,0,1.000,,0,1,0,0,0,0,.000,0.00,1,03:14,2,1,0,0,0,0,0,0,0,4,37.11,.333,,,,,-6.3673256734842285,366,50
