season,sport,conference,conference_code,team,player_name,first_name,last_name,position,team_code,name,checkname,team_name,team_id,sdrm_id,games_played,games_started,uniform,code,year,offensive_position,defensive_position,active,rush_stats,pass_stats,receiving_stats,punt_stats,kickoff_stats,fieldgoal_stats,pat_stats,defense_stats_interception_return_yards,defense_stats_unassisted_tackles,defense_stats_assisted_tackles,defense_stats_tackles,defense_stats_total_tackles,defense_stats_tackles_for_loss,defense_stats_tackles_for_loss_per_game,defense_stats_tackles_per_game,defense_stats_unassisted_tackles_for_loss,defense_stats_assisted_tackles_for_loss,defense_stats_tackle_yards_for_loss,defense_stats_sacks,defense_stats_unassisted_sacks,defense_stats_assisted_sacks,defense_stats_sack_yards_for_loss,defense_stats_pass_breakups,defense_stats_fumbles_forced,defense_stats_quarterback_hurries,defense_stats_safeties_scored,defense_stats_blocked_kicks,defense_stats_fumbles_recovered,defense_stats_fumble_return_yards,defense_stats_interceptions,defense_stats_passes_defended,kickreturn_stats,puntreturn_stats_number,puntreturn_stats_yards,puntreturn_stats_touchdowns,puntreturn_stats_longest_punt_return,puntreturn_stats_avg_per_return,interception_return_stats_number,interception_return_stats_yards,interception_return_stats_touchdowns,interception_return_stats_longest,interception_return_stats_avg_per_return,fumblereturn_stats,fumble_stats,scoring_stats_pat_kicks,scoring_stats_touchdowns,scoring_stats_fieldgoals,scoring_stats_safeties,scoring_stats_pat_rushes,scoring_stats_pat_receptions,scoring_stats_pat_kick_returns,scoring_stats_pat_fumble_returns,scoring_stats_rouges,scoring_stats_points,scoring_stats_all_points,scoring_stats_points_per_game,rush_stats_attempts,rush_stats_net_yards,rush_stats_yards_gained,rush_stats_yards_lost,rush_stats_touchdowns,rush_stats_longest_rush,rush_stats_avg_per_play,rush_stats_avg_per_game,pass_stats_yards_lost_by_sacks,pass_stats_sacked,pass_stats_longest_pass,pass_stats_touchdowns,pass_stats_yards,pass_stats_interceptions,pass_stats_attempts,pass_stats_completions,pass_stats_efficiency,pass_stats_avg_per_pass,pass_stats_avg_per_catch,pass_stats_avg_per_game,puntreturn_stats,interception_return_stats,fumble_stats_number,fumble_stats_number_lost,receiving_stats_number,receiving_stats_yards,receiving_stats_touchdowns,receiving_stats_longest_reception,receiving_stats_avg_per_reception,punt_stats_number,punt_stats_yards,punt_stats_longest_punt,punt_stats_blocked,punt_stats_touchbacks,punt_stats_fair_catches,punt_stats_fifty_plus_yards,punt_stats_inside_twenty,punt_stats_avg_per_punt,defense_stats,scoring_stats,kickreturn_stats_number,kickreturn_stats_yards,kickreturn_stats_touchdowns,kickreturn_stats_longest_kickoff_return,kickreturn_stats_avg_per_return,pat_stats_kick_attempts,pat_stats_kicks_made,pat_stats_rush_attempts,pat_stats_rushes_made,pat_stats_pass_attempts,pat_stats_passes_made,pat_stats_reception_attempts,pat_stats_receptions_made,pat_stats_defensive_return_attempts,pat_stats_defensive_returns_made,pat_stats_defensive_blocked_kick_return_attempts,pat_stats_devensive_blocked_kick_returns_made,fumblereturn_stats_number,fumblereturn_stats_yards,fumblereturn_stats_touchdowns,fumblereturn_stats_longest_interception_return,fieldgoal_stats_made,fieldgoal_stats_attempts,fieldgoal_stats_longest_fieldgoal,fieldgoal_stats_blocked,fieldgoal_stats_percentage,kickoff_stats_number,kickoff_stats_yards,kickoff_stats_out_of_bounds,kickoff_stats_touchbacks,kickoff_stats_avg_per_kickoff,composite_score,global_rank,rating
2026-27,football,Empire 8 (E8),e8,Hartwick,"O'Connor,Billy",Billy,O'Connor,,273,"O'Connor,Billy","O'CONNOR,BILLY",Hartwick,HC,1005-3475,4,4,20,20,0,0,LB,0,,,,,,,,0,22,7,29,29,9.0,.0,.0,8,2,39,5,5,0,29,0,2,0,0,0,0,0,0,0,,,,,,,,,,,,,,,,,,,,,,,,,,,,,,,,,,,,,,,,,,,,,,,,,,,,,,,,,,,,,,,,,,,,,,,,,,,,,,,,,,,,,,,,,,,,,,,,,11.265158726932862,1,99
2026-27,football,Empire 8 (E8),e8,Morrisville,"Daniels,Zavion",Zavion,Daniels,,30067,"Daniels,Zavion","DANIELS,ZAVION",Morrisville,MOR,1388-2513,4,4,5,5,0,0,DB,0,,,,,,,,0,5,8,13,13,.0,.0,.0,0,0,0,0,0,0,0,5,0,0,0,0,0,0,3,8,,,,,,,3,0,0,0,.0,,,,,,,,,,,,,,,,,,,,,,,,,,,,,,,,,,,,,,,,,,,,,,,,,,,,,,,,,,,,,,,,,,,,,,,,,,,,,,,,,,,,,,10.872720294743926,2,99
2026-27,football,Empire 8 (E8),e8,Cortland,Joe Galea,Joe,Galea,,168,Joe Galea,"GALEA,JOE",Cortland,COR,1168-6305,4,4,3,3,0,0,DRAG,0,,,,,,,,3,12,6,18,18,6.0,.0,.0,5,2,25,3.5,3,1,20,1,0,0,0,0,0,0,1,2,,,,,,,1,3,0,3,3.0,,,,,,,,,,,,,,,,,,,,,,,,,,,,,,,,,,,,,,,,,,,,,,,,,,,,,,,,,,,,,,,,,,,,,,,,,,,,,,,,,,,,,,10.515458244627029,3,99
2026-27,football,Empire 8 (E8),e8,Alfred St.,"Currier,Noah",Noah,Currier,,30170,"Currier,Noah","CURRIER,NOAH",Alfred St.,ASC,1447-2399,4,4,36,36,0,RB,0,0,,,,,,,,0,0,0,0,0,.0,.0,.0,0,0,0,0,0,0,0,0,0,0,0,0,0,0,0,0,,,,,,,,,,,,,,0,12,0,0,0,0,0,0,0,72,72,18,51,682,698,16,11,96,13.4,170.5,,,,,,,,,,,,,,,1,0,8,57,1,14,7.1,,,,,,,,,,,,2,42,0,25,21.0,,,,,,,,,,,,,,,,,,,,,,,,,,,10.462696798786377,4,98
2026-27,football,Empire 8 (E8),e8,Utica,"Hernandez,Nathan",Nathan,Hernandez,,733,"Hernandez,Nathan","HERNANDEZ,NATHAN",Utica,UTC,1010-7037,4,4,24,24,0,0,DB,0,,,,,,,,32,6,11,17,17,.5,.0,.0,0,1,0,0,0,0,0,1,0,0,0,0,0,0,3,4,,,,,,,3,32,0,32,10.7,,,,,,,,,,,,,,,,,,,,,,,,,,,,,,,,,,,,,,,,,,,,,,,,,,,,,,,,,,,,,,,,,,,,,,,,,,,,,,,,,,,,,,9.482398040277836,5,98
2026-27,football,Empire 8 (E8),e8,Brockport,"Gollnitz,Austyn",Austyn,Gollnitz,,78,"Gollnitz,Austyn","GOLLNITZ,AUSTYN",Brockport,BPT,652-7971,4,4,1,1A,0,0,LB,0,,,,,,,,0,10,12,22,22,6.0,.0,.0,5,2,26,2,2,0,13,0,2,2,0,0,1,0,1,1,,,,,,,1,0,0,0,.0,,,,,,,,,,,,,,,,,,,,,,,,,,,,,,,,,,,,,0,0,,,,,,,,,,,,,,,,,,,,,,,,,,,,,,,,,,1,0,0,0,,,,,,,,,,,8.895778887160033,6,98
2026-27,football,Empire 8 (E8),e8,Alfred,"Flanders Jr,Martin",Martin,Flanders Jr,,18,"Flanders Jr,Martin","FLANDERS JR,MARTIN",Alfred,ALF,1003-5883,4,3,7,7,0,0,DL,0,,,,,,,,0,10,8,18,18,6.5,.0,.0,6,1,30,3.5,3,1,20,1,1,10,0,0,2,33,0,1,,,,,,,,,,,,,,,,,,,,,,,,,,,,,,,,,,,,,,,,,,,,,,,,0,0,,,,,,,,,,,,,,,,,,,,,,,,,,,,,,,,,,1,33,0,33,,,,,,,,,,,8.184809363176369,7,97
2026-27,football,Empire 8 (E8),e8,Alfred St.,"Heinz,Ryan",Ryan,Heinz,,30170,"Heinz,Ryan","HEINZ,RYAN",Alfred St.,ASC,1447-3111,4,4,50,50,0,0,LB,0,,,,,,,,43,10,7,17,17,4.5,.0,.0,3,3,12,2,1,2,7,1,1,0,0,0,0,0,1,2,,,,,,,1,43,0,43,43.0,,,,,,,,,,,,,,,,,,,,,,,,,,,,,,,,,,,,,,,,,,,,,,,,,,,,,,,,,,,,,,,,,,,,,,,,,,,,,,,,,,,,,,7.872332140910431,8,97
2026-27,football,Empire 8 (E8),e8,Utica,"Thomas,Isaiah",Isaiah,Thomas,,733,"Thomas,Isaiah","THOMAS,ISAIAH",Utica,UTC,1010-7081,4,4,23,23,0,0,LB,0,,,,,,,,0,14,33,47,47,3.5,.0,.0,2,3,21,1.5,1,1,14,3,0,1,0,0,0,0,0,3,,,,,,,,,,,,,,,,,,,,,,,,,,,,,,,,,,,,,,,,,,,,,,,,,,,,,,,,,,,,,,,,,,,,,,,,,,,,,,,,,,,,,,,,,,,,,,,,,7.471753533231594,9,97
2026-27,football,Empire 8 (E8),e8,St. John Fisher,Jack Bierman,Jack,Bierman,,601,Jack Bierman,"BIERMAN,JACK",St. John Fisher,ST. JOHN,1009-6136,4,4,20,20,0,0,LB,0,,,,,,,,0,20,2,22,22,5.0,.0,.0,5,0,35,3,3,0,31,1,0,0,0,0,0,0,0,1,,,,,,,,,,,,,,,,,,,,,,,,,,,,,,,,,,,,,,,,,,,,,,,,,,,,,,,,,,,,,,,,,,,,,,,,,,,,,,,,,,,,,,,,,,,,,,,,,6.836328998062849,10,96
2026-27,football,Empire 8 (E8),e8,Alfred St.,"Roney,Marcus",Marcus,Roney,,30170,"Roney,Marcus","RONEY,MARCUS",Alfred St.,ASC,1447-3069,4,0,3,3,0,0,DB,0,,,,,,,,0,18,9,27,27,8.0,.0,.0,7,2,18,1.5,1,1,2,1,1,0,0,0,0,0,0,1,,,,,,,,,,,,,,,,,,,,,,,,,,,,,,,,,,,,,,,,,,,,,,,,,,,,,,,,,,,,,,,,,,3,44,0,17,14.7,,,,,,,,,,,,,,,,,,,,,,,,,,,6.743769895117995,11,96
2026-27,football,Empire 8 (E8),e8,Alfred St.,"Pratton,Thomas",Thomas,Pratton,,30170,"Pratton,Thomas","PRATTON,THOMAS",Alfred St.,ASC,1447-3085,4,4,57,57,0,0,DE,0,,,,,,,,0,5,6,11,11,5.5,.0,.0,4,3,25,3.5,3,1,17,1,1,0,1,0,0,0,0,1,,,,,,,,,,,,,,0,0,0,1,0,0,0,0,0,2,2,0.5,,,,,,,,,,,,,,,,,,,,,,,,,,,,,,,,,,,,,,,,,,,,,,,,,,,,,,,,,,,,,,,,,,,,,,,,6.717065688108079,12,96
2026-27,football,Empire 8 (E8),e8,St. John Fisher,Ryan Whitney,Ryan,Whitney,,601,Ryan Whitney,"WHITNEY,RYAN",St. John Fisher,ST. JOHN,1009-5901,4,4,10,10,0,QB,0,0,,,,,,,,0,0,0,0,0,.0,.0,.0,0,0,0,0,0,0,0,0,0,0,0,0,0,0,0,0,,,,,,,,,,,,,,0,5,0,0,0,0,0,0,0,30,30,7.5,63,214,251,37,5,28,3.4,53.5,20,4,82,9,1007,2,114,76,163.4,8.83,13.25,251.8,,,,,,,,,,4,111,37,0,0,0,0,4,27.8,,,,,,,,,,,,,,,,,,,,,,,,,,,,,,,,,,5.893376868116038,13,95
2026-27,football,Empire 8 (E8),e8,Morrisville,"Wingate,Bruce",Bruce,Wingate,,30067,"Wingate,Bruce","WINGATE,BRUCE",Morrisville,MOR,1388-2990,3,0,9,9,0,0,LB,0,,,,,,,,32,8,3,11,11,2.5,.0,.0,2,1,12,1.5,1,1,11,1,0,0,0,0,0,0,1,2,,,,,,,1,32,1,32,32.0,,,0,1,0,0,0,0,0,0,0,6,6,2,,,,,,,,,,,,,,,,,,,,,,,,,,,,,,,,,,,,,,,,,,,,,,,,,,,,,,,,,,,,,,,,,,,,,,,,5.81885605950191,14,95
2026-27,football,Empire 8 (E8),e8,Brockport,"Wilson,Nazhier",Nazhier,Wilson,,78,"Wilson,Nazhier","WILSON,NAZHIER",Brockport,BPT,652-8024,4,4,7,7D,0,0,LB,0,,,,,,,,0,20,21,41,41,5.5,.0,.0,4,3,24,1,0,2,8,0,0,3,0,0,0,0,0,0,,,,,,,,,,,,,,,,,,,,,,,,,,,,,,,,,,,,,,,,,,,,,,,,,,,,,,,,,,,,,,,,,,1,11,0,11,11.0,,,,,,,,,,,,,,,,,,,,,,,,,,,5.4400394023119905,15,95
2026-27,football,Empire 8 (E8),e8,Alfred St.,"Maly,Trevor",Trevor,Maly,,30170,"Maly,Trevor","MALY,TREVOR",Alfred St.,ASC,1447-3932,4,4,19,19,0,0,DB,0,,,,,,,,56,16,8,24,24,1.0,.0,.0,1,0,3,0,0,0,0,2,0,0,0,0,1,2,1,3,,,,,,,1,56,1,56,56.0,,,0,1,0,0,0,0,0,0,0,6,6,1.5,,,,,,,,,,,,,,,,,,,,,,,0,0,,,,,,,,,,,,,,,,,,,,,,,,,,,,,,,,,,1,2,0,2,,,,,,,,,,,5.304987949556966,16,95
2026-27,football,Empire 8 (E8),e8,Cortland,Mike Rescigno,Mike,Rescigno,,168,Mike Rescigno,"RESCIGNO,MIKE",Cortland,COR,1168-6307,4,4,1,1,0,QB,0,0,,,,,,,,0,0,0,0,0,.0,.0,.0,0,0,0,0,0,0,0,0,0,0,0,0,0,0,0,0,,,,,,,,,,,,,,0,4,0,0,0,0,0,0,0,24,24,6,51,378,409,31,4,60,7.4,94.5,23,3,57,8,785,1,96,58,154.5,8.18,13.53,196.3,,,2,1,,,,,,,,,,,,,,,,,,,,,,,,,,,,,,,,,,,,,,,,,,,,,,,,5.299173765680073,17,95
2026-27,football,Empire 8 (E8),e8,Utica,"Gentile,Joseph",Joseph,Gentile,,733,"Gentile,Joseph","GENTILE,JOSEPH",Utica,UTC,1010-6640,4,4,21,21,0,0,S,0,,,,,,,,0,14,9,23,23,3.0,.0,.0,3,0,3,0,0,0,0,1,0,1,0,0,0,0,1,2,,,,,,,1,0,0,0,.0,,,,,,,,,,,,,,,,,,,,,,,,,,,,,,,,,,,,,,,,,,,,,,,,,,,,,,,,,,,,,,,,,,,,,,,,,,,,,,,,,,,,,,5.219514193545714,18,95
2026-27,football,Empire 8 (E8),e8,Utica,"Zawolo,Gabriel",Gabriel,Zawolo,,733,"Zawolo,Gabriel","ZAWOLO,GABRIEL",Utica,UTC,1010-6570,4,4,2,2X,0,WR,0,0,,,,,,,,0,0,0,0,0,.0,.0,.0,0,0,0,0,0,0,0,0,0,0,0,0,0,0,0,0,,6,72,0,27,12.0,,,,,,,,0,5,0,0,0,0,0,0,0,30,30,7.5,,,,,,,,,,,,,,,,,,,,,,,,,34,369,5,36,10.9,,,,,,,,,,,,4,71,0,34,17.8,,,,,,,,,,,,,,,,,,,,,,0,0,0,0,.0,5.152455008896601,19,95
2026-27,football,Empire 8 (E8),e8,Utica,"Davis,Jordyn",Jordyn,Davis,,733,"Davis,Jordyn","DAVIS,JORDYN",Utica,UTC,1010-6658,4,4,0,0Y,0,0,DL,0,,,,,,,,0,2,9,11,11,3.5,.0,.0,2,3,16,2.5,2,1,15,2,0,2,0,0,0,0,0,2,,,,,,,,,,,,,,,,,,,,,,,,,,,,,,,,,,,,,,,,,,,,,,,,,,,,,,,,,,,,,,,,,,,,,,,,,,,,,,,,,,,,,,,,,,,,,,,,,5.057501774549034,20,94
2026-27,football,Empire 8 (E8),e8,Hartwick,"Mack,Montega",Montega,Mack,,273,"Mack,Montega","MACK,MONTEGA",Hartwick,HC,1005-3093,4,0,0,0,0,0,DB,0,,,,,,,,32,2,1,3,3,1.0,.0,.0,1,0,7,0,0,0,0,0,0,0,0,0,0,0,2,2,,,,,,,2,32,0,17,16.0,,,,,,,,,,,,,,,,,,,,,,,,,,,,,,,,,,,,,,,,,,,,,,,,,,,,,,,,,,,,,,,,,,,,,,,,,,,,,,,,,,,,,,5.022491165055519,21,94
2026-27,football,Empire 8 (E8),e8,Alfred,"Marcus Jr,Auben",Auben,Marcus Jr,,18,"Marcus Jr,Auben","MARCUS JR,AUBEN",Alfred,ALF,1003-4872,4,3,1,1,0,0,DB,0,,,,,,,,0,15,8,23,23,.0,.0,.0,0,0,0,0,0,0,0,3,0,0,0,0,0,0,1,4,,,,,,,1,0,0,0,.0,,,,,,,,,,,,,,,,,,,,,,,,,,,,,,,,,,,,,,,,,,,,,,,,,,,,,,,,,,,,,,,,,,,,,,,,,,,,,,,,,,,,,,4.8586839399588095,22,94
2026-27,football,Empire 8 (E8),e8,Hartwick,"Slomka,Tyler",Tyler,Slomka,,273,"Slomka,Tyler","SLOMKA,TYLER",Hartwick,HC,1005-3648,4,3,34,34,0,0,DB,0,,,,,,,,2,5,3,8,8,1.5,.0,.0,1,1,4,0,0,0,0,3,0,0,0,0,0,0,1,4,,,,,,,1,2,0,2,2.0,,,,,,,,,,,,,,,,,,,,,,,,,,,,,,,,,,,,,,,,,,,,,,,,,,,,,,,5,91,0,24,18.2,,,,,,,,,,,,,,,,,,,,,,,,,,,4.637797520373129,23,94
2026-27,football,Empire 8 (E8),e8,Utica,"Fernand,Tahjir",Tahjir,Fernand,,733,"Fernand,Tahjir","FERNAND,TAHJIR",Utica,UTC,1010-7433,4,4,8,2Y,0,0,DB,0,,,,,,,,2,11,6,17,17,1.5,.0,.0,1,1,4,0,0,0,0,2,0,0,0,0,0,0,1,3,,,,,,,1,2,0,2,2.0,,,,,,,,,,,,,,,,,,,,,,,,,,,,,,,,,,,,,,,,,,,,,,,,,,,,,,,,,,,,,,,,,,,,,,,,,,,,,,,,,,,,,,4.509525649061513,24,94
2026-27,football,Empire 8 (E8),e8,Brockport,"Slywka,Nolan",Nolan,Slywka,,78,"Slywka,Nolan","SLYWKA,NOLAN",Brockport,BPT,652-6993,4,4,6,6,0,WR,0,0,,,,,,,,0,0,0,0,0,.0,.0,.0,0,0,0,0,0,0,0,0,0,0,0,0,0,0,0,0,,7,34,0,11,4.9,,,,,,,,0,5,0,0,0,0,0,0,0,30,30,7.5,,,,,,,,,,,,,,,,,,,,,,,,,25,402,5,64,16.1,,,,,,,,,,,,0,0,0,0,.0,,,,,,,,,,,,,,,,,,,,,,,,,,,4.440234514435657,25,94
2026-27,football,Empire 8 (E8),e8,Brockport,"Battle,Derrion",Derrion,Battle,,78,"Battle,Derrion","BATTLE,DERRION",Brockport,BPT,652-8350,4,3,24,24,0,RB,0,0,,,,,,,,0,0,0,0,0,.0,.0,.0,0,0,0,0,0,0,0,0,0,0,0,0,0,0,0,0,,,,,,,,,,,,,,0,5,0,0,0,0,0,0,0,30,30,7.5,49,445,454,9,4,74,9.1,111.3,,,,,,,,,,,,,,,,,5,98,1,45,19.6,,,,,,,,,,,,,,,,,,,,,,,,,,,,,,,,,,,,,,,,,,,4.358151609796134,26,94
2026-27,football,Empire 8 (E8),e8,Alfred St.,"Ellis,Aaron",Aaron,Ellis,,30170,"Ellis,Aaron","ELLIS,AARON",Alfred St.,ASC,1447-2774,3,3,45,45,0,0,LB,0,,,,,,,,0,6,8,14,14,2.5,.0,.0,1,3,8,0.5,0,1,5,0,0,0,0,0,0,0,1,1,,,,,,,1,0,0,0,.0,,,,,,,,,,,,,,,,,,,,,,,,,,,,,,,,,,,,,,,,,,,,,,,,,,,,,,,,,,,,,,,,,,,,,,,,,,,,,,,,,,,,,,4.3367215253265865,27,94
2026-27,football,Empire 8 (E8),e8,Alfred St.,"Hall,Donnell",Donnell,Hall,,30170,"Hall,Donnell","HALL,DONNELL",Alfred St.,ASC,1447-2404,4,4,0,0,0,0,CB,0,,,,,,,,40,18,9,27,27,.0,.0,.0,0,0,0,0,0,0,0,1,0,0,0,0,0,0,1,2,,2,7,0,7,3.5,1,40,1,40,40.0,,,0,1,0,0,0,0,0,0,0,6,6,1.5,,,,,,,,,,,,,,,,,,,,,,,,,,,,,,,,,,,,,,,,,,,,,,,,,,,,,,,,,,,,,,,,,,,,,,,,4.041997055505978,28,94
2026-27,football,Empire 8 (E8),e8,Brockport,"Schnell,Brady",Brady,Schnell,,78,"Schnell,Brady","SCHNELL,BRADY",Brockport,BPT,652-7371,4,4,26,26,0,0,DB,0,,,,,,,,0,11,3,14,14,1.0,.0,.0,1,0,1,0,0,0,0,2,0,0,0,0,0,0,1,3,,,,,,,1,0,0,0,.0,,,,,,,,,,,,,,,,,,,,,,,,,,,,,,,,,,,,,,,,,,,,,,,,,,,,,,,,,,,,,,,,,,,,,,,,,,,,,,,,,,,,,,4.02064514869186,29,94
2026-27,football,Empire 8 (E8),e8,Brockport,"Gefell,Ari",Ari,Gefell,,78,"Gefell,Ari","GEFELL,ARI",Brockport,BPT,652-8367,4,4,11,1D,0,0,DE,0,,,,,,,,0,4,16,20,20,3.5,.0,.0,2,3,15,1.5,1,1,12,0,0,0,0,0,1,0,0,0,,,,,,,,,,,,,,0,1,0,0,0,0,0,0,0,6,6,1.5,,,,,,,,,,,,,,,,,,,,,,,0,0,,,,,,,,,,,,,,,,,,,,,,,,,,,,,,,,,,1,0,1,0,,,,,,,,,,,4.014794848332267,30,94
2026-27,football,Empire 8 (E8),e8,Morrisville,"Eison,Thomas",Thomas,Eison,,30067,"Eison,Thomas","EISON,THOMAS",Morrisville,MOR,1388-2515,4,4,2,2,0,0,DB,0,,,,,,,,0,13,5,18,18,1.0,.0,.0,1,0,7,0,0,0,0,1,0,0,0,0,0,0,1,2,,,,,,,1,0,0,0,.0,,,,,,,,,,,,,,,,,,,,,,,,,,,,,,,,,,,,,,,,,,,,,,,,,,,,,,,,,,,,,,,,,,,,,,,,,,,,,,,,,,,,,,3.8818278460396423,31,94
2026-27,football,Empire 8 (E8),e8,St. John Fisher,Gavin Horton,Gavin,Horton,,601,Gavin Horton,"HORTON,GAVIN",St. John Fisher,ST. JOHN,1009-6158,4,4,81,81,0,WR,0,0,,,,,,,,,,,,,,,,,,,,,,,,,,,,,,,,,,,,,,,,,,,,,0,2,0,0,0,0,0,0,0,12,12,3,,,,,,,,,,,,,,,,,,,,,,,,,22,340,2,82,15.5,,,,,,,,,,,,5,74,0,21,14.8,,,,,,,,,,,,,,,,,,,,,,,,,,,3.8446783965255023,32,93
2026-27,football,Empire 8 (E8),e8,Alfred,"Bestpitch,Jack",Jack,Bestpitch,,18,"Bestpitch,Jack","BESTPITCH,JACK",Alfred,ALF,1003-5871,4,2,3,3,0,0,DB,0,,,,,,,,0,19,18,37,37,1.5,.0,.0,1,1,16,0,0,0,0,3,0,0,0,0,0,0,0,3,,,,,,,,,,,,,,,,,,,,,,,,,,,,,,,,,,,,,,,,,,,,,,,,,,,,,,,,,,,,,,,,,,,,,,,,,,,,,,,,,,,,,,,,,,,,,,,,,3.810173511454594,33,93
2026-27,football,Empire 8 (E8),e8,Hartwick,"Kennedy,Robert",Robert,Kennedy,,273,"Kennedy,Robert","KENNEDY,ROBERT",Hartwick,HC,1005-3090,3,3,1,1,0,0,LB,0,,,,,,,,17,4,13,17,17,.0,.0,.0,0,0,0,0,0,0,0,1,0,1,0,0,1,0,1,2,,,,,,,1,17,0,17,17.0,,,,,,,,,,,,,,,,,,,,,,,,,,,,,,,,,,,,,0,0,,,,,,,,,,,,,,,,,,,,,,,,,,,,,,,,,,,,,,,,,,,,,,,,3.7470984647564842,34,93
2026-27,football,Empire 8 (E8),e8,Alfred,"Stewart Jr,DJ",DJ,Stewart Jr,,18,"Stewart Jr,DJ","STEWART JR,DJ",Alfred,ALF,1003-6108,4,3,24,24,0,0,DB,0,,,,,,,,0,7,3,10,10,.0,.0,.0,0,0,0,0,0,0,0,3,0,0,0,0,0,0,1,4,,,,,,,1,0,0,0,.0,,,,,,,,,,,,,,,,,,,,,,,,,,,,,,,,,,,,,,,,,,,,,,,,,,,,,,,,,,,,,,,,,,,,,,,,,,,,,,,,,,,,,,3.7112748682955203,35,93
2026-27,football,Empire 8 (E8),e8,Utica,"Sheldon,Luke",Luke,Sheldon,,733,"Sheldon,Luke","SHELDON,LUKE",Utica,UTC,1010-6657,3,2,19,19,0,0,LB,0,,,,,,,,1,3,18,21,21,1.0,.0,.0,1,0,2,0,0,0,0,0,0,0,0,0,0,0,1,1,,,,,,,1,1,0,1,1.0,,,,,,,,,,,,,,,,,,,,,,,,,,,,,,,,,,,,,,,,,,,,,,,,,,,,,,,,,,,,,,,,,,,,,,,,,,,,,,,,,,,,,,3.654748307105633,36,93
2026-27,football,Empire 8 (E8),e8,St. John Fisher,Micah Harshfield,Micah,Harshfield,,601,Micah Harshfield,"HARSHFIELD,MICAH",St. John Fisher,ST. JOHN,1009-6154,4,4,26,26,0,0,CB,0,,,,,,,,0,20,4,24,24,1.5,.0,.0,1,1,4,0,0,0,0,5,0,0,0,0,0,0,0,5,,,,,,,,,,,,,,,,,,,,,,,,,,,,,,,,,,,,,,,,,,,,,,,,,,,,,,,,,,,,,,,,,,,,,,,,,,,,,,,,,,,,,,,,,,,,,,,,,3.646496935350072,37,93
2026-27,football,Empire 8 (E8),e8,Utica,"Insogna,Darrien",Darrien,Insogna,,733,"Insogna,Darrien","INSOGNA,DARRIEN",Utica,UTC,1010-6651,4,0,15,15,0,0,DL,0,,,,,,,,0,2,4,6,6,2.5,.0,.0,2,1,15,2.5,2,1,15,0,0,2,0,0,1,0,0,0,,,,,,,,,,,,,,,,,,,,,,,,,,,,,,,,,,,,,,,,,,,,,,,,0,0,,,,,,,,,,,,,,,,,,,,,,,,,,,,,,,,,,,,,,,,,,,,,,,,3.585990952579943,38,93
2026-27,football,Empire 8 (E8),e8,Cortland,Sonny Mayo,Sonny,Mayo,,168,Sonny Mayo,"MAYO,SONNY",Cortland,COR,1168-6627,4,4,9,9,0,0,SS,0,,,,,,,,25,13,2,15,15,.0,.0,.0,0,0,0,0,0,0,0,1,0,2,0,0,1,0,1,2,,,,,,,1,25,0,25,25.0,,,,,,,,,,,,,,,,,,,,,,,,,,,,,,,,,,,,,0,0,,,,,,,,,,,,,,,,,,,,,,,,,,,,,,,,,,,,,,,,,,,,,,,,3.5705739921929016,39,93
2026-27,football,Empire 8 (E8),e8,Utica,"Taylor,Tyshawn",Tyshawn,Taylor,,733,"Taylor,Tyshawn","TAYLOR,TYSHAWN",Utica,UTC,1010-6648,4,4,13,13,0,WR,0,0,,,,,,,,0,0,0,0,0,.0,.0,.0,0,0,0,0,0,0,0,0,0,0,0,0,0,0,0,0,,,,,,,,,,,,,,0,3,0,0,0,0,0,0,0,18,18,4.5,,,,,,,,,,,,,,,,,,,,,,,,,20,432,3,69,21.6,,,,,,,,,,,,,,,,,,,,,,,,,,,,,,,,,,,,,,,,,,,3.564193454296417,40,93
2026-27,football,Empire 8 (E8),e8,Utica,"Miranowicz,Mason",Mason,Miranowicz,,733,"Miranowicz,Mason","MIRANOWICZ,MASON",Utica,UTC,1010-6633,4,4,91,91,0,0,DE,0,,,,,,,,0,2,8,10,10,2.5,.0,.0,2,1,10,2.5,2,1,10,0,0,0,0,0,0,0,0,0,,,,,,,,,,,,,,,,,,,,,,,,,,,,,,,,,,,,,,,,,,,,,,,,,,,,,,,,,,,,,,,,,,,,,,,,,,,,,,,,,,,,,,,,,,,,,,,,,3.5373194596599173,41,93
2026-27,football,Empire 8 (E8),e8,Alfred,"Clark,Domanik",Domanik,Clark,,18,"Clark,Domanik","CLARK,DOMANIK",Alfred,ALF,1003-6070,4,3,23,23,0,0,DB,0,,,,,,,,6,10,9,19,19,.0,.0,.0,0,0,0,0,0,0,0,1,0,0,0,0,0,0,1,2,,,,,,,1,6,0,6,6.0,,,,,,,,,,,,,,,,,,,,,,,,,,,,,,,,,,,,,,,,,,,,,,,,,,,,,,,,,,,,,,,,,,,,,,,,,,,,,,,,,,,,,,3.5219024992728762,42,93
2026-27,football,Empire 8 (E8),e8,Hartwick,"Acompora-Miller,John",John,Acompora-Miller,,273,"Acompora-Miller,John","ACOMPORA-MILLER,JOHN",Hartwick,HC,1005-3265,4,4,8,8,0,0,LB,0,,,,,,,,0,10,8,18,18,3.5,.0,.0,2,3,13,1.5,1,1,8,0,0,0,0,0,0,0,0,0,,,,,,,,,,,,,,,,,,,,,,,,,,,,,,,,,,,,,,,,,,,,,,,,,,,,,,,,,,,,,,,,,,,,,,,,,,,,,,,,,,,,,,,,,,,,,,,,,3.436549937721492,43,93
2026-27,football,Empire 8 (E8),e8,Morrisville,"Baker,Israel",Israel,Baker,,30067,"Baker,Israel","BAKER,ISRAEL",Morrisville,MOR,1388-2519,4,4,33,33,0,0,LB,0,,,,,,,,0,9,19,28,28,4.5,.0,.0,3,3,6,0,0,0,0,1,1,5,0,0,0,0,0,1,,,,,,,,,,,,,,,,,,,,,,,,,,,,,,,,,,,,,,,,,,,,,,,,,,,,,,,,,,,,,,,,,,,,,,,,,,,,,,,,,,,,,,,,,,,,,,,,,3.376643638505376,44,93
2026-27,football,Empire 8 (E8),e8,Cortland,Shane Reilly,Shane,Reilly,,168,Shane Reilly,"REILLY,SHANE",Cortland,COR,1168-6316,4,1,16,16,0,0,0,0,,,,,,,,0,4,3,7,7,2.0,.0,.0,2,0,2,0,0,0,0,1,0,0,0,0,0,0,1,2,,,,,,,1,0,0,0,.0,,,,,,,,,,,,,,,,,,,,,,,,,,,,,,,,,,,,,,,,,,,,,,,,,,,,,,,,,,,,,,,,,,,,,,,,,,,,,,,,,,,,,,3.3591308299884934,45,92
2026-27,football,Empire 8 (E8),e8,Utica,"DeForrest,Nicholas",Nicholas,DeForrest,,733,"DeForrest,Nicholas","DEFORREST,NICHOLAS",Utica,UTC,1010-6626,4,4,11,11,0,0,DL,0,,,,,,,,0,3,7,10,10,3.0,.0,.0,2,2,16,2,1,2,12,0,1,1,0,0,0,0,0,0,,,,,,,,,,,,,,,,,,,,,,,,,,,,,,,,,,,,,,,,,,,,,,,,,,,,,,,,,,,,,,,,,,,,,,,,,,,,,,,,,,,,,,,,,,,,,,,,,3.133885753563539,46,92
2026-27,football,Empire 8 (E8),e8,Cortland,Joe Russo,Joe,Russo,,168,Joe Russo,"RUSSO,JOE",Cortland,COR,1168-6613,4,4,54,54,0,0,DT,0,,,,,,,,0,4,7,11,11,3.0,.0,.0,2,2,9,1.5,1,1,8,1,0,2,0,0,0,0,0,1,,,,,,,,,,,,,,,,,,,,,,,,,,,,,,,,,,,,,,,,,,,,,,,,,,,,,,,,,,,,,,,,,,,,,,,,,,,,,,,,,,,,,,,,,,,,,,,,,3.086486740004056,47,92
2026-27,football,Empire 8 (E8),e8,Morrisville,"Morris,Carson",Carson,Morris,,30067,"Morris,Carson","MORRIS,CARSON",Morrisville,MOR,1388-2773,4,3,54,54,0,0,LB,0,,,,,,,,0,7,7,14,14,3.5,.0,.0,3,1,18,1,1,0,11,1,1,0,0,0,0,0,0,1,,,,,,,,,,,,,,,,,,,,,,,,,,,,,,,,,,,,,,,,,,,,,,,,,,,,,,,,,,,,,,,,,,,,,,,,,,,,,,,,,,,,,,,,,,,,,,,,,2.947839742753053,48,92
2026-27,football,Empire 8 (E8),e8,Cortland,Ethan Gallo,Ethan,Gallo,,168,Ethan Gallo,"GALLO,ETHAN",Cortland,COR,1168-6016,4,4,23,23,0,TB,0,0,,,,,,,,0,0,0,0,0,.0,.0,.0,0,0,0,0,0,0,0,0,0,0,0,0,0,0,0,0,,,,,,,,,,,,,,0,6,0,0,0,0,0,0,0,36,36,9,53,281,289,8,6,28,5.3,70.3,,,,,,,,,,,,,,,,,3,55,0,45,18.3,,,,,,,,,,,,,,,,,,,,,,,,,,,,,,,,,,,,,,,,,,,2.8584288181131066,49,92
2026-27,football,Empire 8 (E8),e8,Utica,"Cancer,Jah-Kobiah",Jah-Kobiah,Cancer,,733,"Cancer,Jah-Kobiah","CANCER,JAH-KOBIAH",Utica,UTC,1010-7091,4,4,3,3Y,0,0,DB,0,,,,,,,,0,9,10,19,19,4.0,.0,.0,4,0,9,0,0,0,0,2,1,0,0,0,0,0,0,2,,,,,,,,,,,,,,,,,,,,,,,,,,,,,,,,,,,,,,,,,,,,,,,,,,,,,,,,,,,,,,,,,,,,,,,,,,,,,,,,,,,,,,,,,,,,,,,,,2.850055968224358,50,92
2026-27,football,Empire 8 (E8),e8,Morrisville,"Terry,Kahlil",Kahlil,Terry,,30067,"Terry,Kahlil","TERRY,KAHLIL",Morrisville,MOR,1388-2764,4,3,7,7,0,0,LB,0,,,,,,,,0,13,13,26,26,1.0,.0,.0,1,0,8,1,1,0,8,0,2,0,0,1,1,0,0,0,,,,,,,,,,,,,,,,,,,,,,,,,,,,,,,,,,,,,,,,,,,,,,,,0,0,,,,,,,,,,,,,,,,,,,,,,,,,,,,,,,,,,1,0,0,0,,,,,,,,,,,2.7963718107809643,51,92
2026-27,football,Empire 8 (E8),e8,St. John Fisher,Colin Clark,Colin,Clark,,601,Colin Clark,"CLARK,COLIN",St. John Fisher,ST. JOHN,1009-6449,4,4,30,30,0,0,SAF,0,,,,,,,,0,9,1,10,10,.0,.0,.0,0,0,0,0,0,0,0,1,0,0,0,0,0,0,1,2,,,,,,,1,0,0,0,.0,,,,,,,,,,,,,,,,,,,,,,,,,,,,,,,,,,,,,,,,,,,,,,,,,,,,,,,,,,,,,,,,,,,,,,,,,,,,,,,,,,,,,,2.727542372736753,52,92
2026-27,football,Empire 8 (E8),e8,Utica,"Frazier,Eze",Eze,Frazier,,733,"Frazier,Eze","FRAZIER,EZE",Utica,UTC,1010-6595,4,4,28,28,0,RB,0,0,,,,,,,,0,0,0,0,0,.0,.0,.0,0,0,0,0,0,0,0,0,0,0,0,0,0,0,0,0,,,,,,,,,,,,,,0,4,0,0,0,0,0,0,0,24,24,6,69,307,316,9,4,31,4.4,76.8,,,,,,,,,,,,,,,1,0,10,89,0,26,8.9,,,,,,,,,,,,,,,,,,,,,,,,,,,,,,,,,,,,,,,,,,,2.6869853272855857,53,92
2026-27,football,Empire 8 (E8),e8,St. John Fisher,Jedrek Olkowski,Jedrek,Olkowski,,601,Jedrek Olkowski,"OLKOWSKI,JEDREK",St. John Fisher,ST. JOHN,1009-5878,4,4,55,55,0,0,DL,0,,,,,,,,0,5,7,12,12,3.0,.0,.0,1,4,11,1.5,1,1,8,0,0,2,0,0,0,0,0,0,,,,,,,,,,,,,,,,,,,,,,,,,,,,,,,,,,,,,,,,,,,,,,,,,,,,,,,,,,,,,,,,,,,,,,,,,,,,,,,,,,,,,,,,,,,,,,,,,2.6828827285064643,54,92
2026-27,football,Empire 8 (E8),e8,Hartwick,"Sanon,Isaiah",Isaiah,Sanon,,273,"Sanon,Isaiah","SANON,ISAIAH",Hartwick,HC,1005-3480,4,1,42,42,0,0,LB,0,,,,,,,,0,3,1,4,4,2.0,.0,.0,2,0,9,2,2,0,9,1,0,1,0,0,0,0,0,1,,,,,,,,,,,,,,,,,,,,,,,,,,,,,,,,,,,,,,,,,,,,,,,,,,,,,,,,,,,,,,,,,,,,,,,,,,,,,,,,,,,,,,,,,,,,,,,,,2.647991000603616,55,92
2026-27,football,Empire 8 (E8),e8,Cortland,Memphis Ferguson,Memphis,Ferguson,,168,Memphis Ferguson,MEMPHISFERGUSON,Cortland,COR,1168-6592,4,4,15,15,0,0,MIKE,0,,,,,,,,0,10,6,16,16,3.0,.0,.0,3,0,5,0,0,0,0,3,0,0,0,0,0,0,0,3,,,,,,,,,,,,,,,,,,,,,,,,,,,,,,,,,,,,,,,,,,,,,,,,,,,,,,,,,,,,,,,,,,,,,,,,,,,,,,,,,,,,,,,,,,,,,,,,,2.6289479241098093,56,92
2026-27,football,Empire 8 (E8),e8,Morrisville,"Abbott,Kadofi",Kadofi,Abbott,,30067,"Abbott,Kadofi","ABBOTT,KADOFI",Morrisville,MOR,1388-2520,3,3,4,4,0,0,LB,0,,,,,,,,0,5,14,19,19,1.5,.0,.0,1,1,16,1.5,1,1,16,0,0,0,0,0,0,0,0,0,,,,,,,,,,,,,,,,,,,,,,,,,,,,,,,,,,,,,,,,,,,,,,,,,,,,,,,,,,,,,,,,,,,,,,,,,,,,,,,,,,,,,,,,,,,,,,,,,2.6284370079061685,57,92
2026-27,football,Empire 8 (E8),e8,Hartwick,"Algieri,Joseph",Joseph,Algieri,,273,"Algieri,Joseph","ALGIERI,JOSEPH",Hartwick,HC,1005-3116,4,4,56,56,0,0,LB,0,,,,,,,,0,14,16,30,30,3.5,.0,.0,2,3,8,0,0,0,0,0,0,0,0,0,0,0,0,0,,,,,,,,,,,,,,,,,,,,,,,,,,,,,,,,,,,,,,,,,,,,,,,,,,,,,,,,,,,,,,,,,,,,,,,,,,,,,,,,,,,,,,,,,,,,,,,,,2.613114280241018,58,91
2026-27,football,Empire 8 (E8),e8,Alfred St.,"Santiago,Julio",Julio,Santiago,,30170,"Santiago,Julio","SANTIAGO,JULIO",Alfred St.,ASC,1447-3967,4,0,92,92,0,0,DL,0,,,,,,,,0,5,5,10,10,3.5,.0,.0,2,3,8,1,1,0,1,1,0,0,0,0,0,0,0,1,,,,,,,,,,,,,,,,,,,,,,,,,,,,,,,,,,,,,,,,,,,,,,,,,,,,,,,,,,,,,,,,,,,,,,,,,,,,,,,,,,,,,,,,,,,,,,,,,2.594790797625887,59,91
2026-27,football,Empire 8 (E8),e8,Alfred,"Rodriguez Jr,Jesse",Jesse,Rodriguez Jr,,18,"Rodriguez Jr,Jesse","RODRIGUEZ JR,JESSE",Alfred,ALF,1003-6506,4,1,46,46,0,0,LB,0,,,,,,,,0,11,12,23,23,2.0,.0,.0,1,2,3,1,1,0,1,0,0,1,0,0,0,0,0,0,,,,,,,,,,,,,,,,,,,,,,,,,,,,,,,,,,,,,,,,,,,,,,,,,,,,,,,,,,,,,,,,,,,,,,,,,,,,,,,,,,,,,,,,,,,,,,,,,2.5780522469369562,60,91
2026-27,football,Empire 8 (E8),e8,Alfred St.,"Thompson,Demarii",Demarii,Thompson,,30170,"Thompson,Demarii","THOMPSON,DEMARII",Alfred St.,ASC,1447-3962,4,4,42,42,0,0,LB,0,,,,,,,,0,14,9,23,23,2.0,.0,.0,1,2,8,1,1,0,6,0,0,0,0,0,0,0,0,0,,,,,,,,,,,,,,,,,,,,,,,,,,,,,,,,,,,,,,,,,,,,,,,,,,,,,,,,,,,,,,,,,,,,,,,,,,,,,,,,,,,,,,,,,,,,,,,,,2.5780522469369562,61,91
2026-27,football,Empire 8 (E8),e8,Cortland,Nazair Jean-Lubin,Nazair,Jean-Lubin,,168,Nazair Jean-Lubin,"JEAN-LUBIN,NAZ",Cortland,COR,1168-6019,4,4,7,7,0,0,CB,0,,,,,,,,0,7,1,8,8,.0,.0,.0,0,0,0,0,0,0,0,1,0,0,0,0,0,0,1,2,,,,,,,1,0,0,0,.0,,,,,,,,,,,,,,,,,,,,,,,,,,,,,,,,,,,,,,,,,,,,,,,,,,,,,,,,,,,,,,,,,,,,,,,,,,,,,,,,,,,,,,2.5510179001731705,62,91
2026-27,football,Empire 8 (E8),e8,Brockport,"Montaperto Jr,Sal",Sal,Montaperto Jr,,78,"Montaperto Jr,Sal","MONTAPERTO JR,SAL",Brockport,BPT,652-8036,2,0,3,3,0,0,LB,0,,,,,,,,0,3,5,8,8,2.0,.0,.0,2,0,17,2,2,0,17,0,0,0,0,0,0,0,0,0,,,,,,,,,,,,,,,,,,,,,,,,,,,,,,,,,,,,,,,,,,,,,,,,,,,,,,,,,,,,,,,,,,,,,,,,,,,,,,,,,,,,,,,,,,,,,,,,,2.5091736979513986,63,91
2026-27,football,Empire 8 (E8),e8,St. John Fisher,Timothy Vanderbrink,Timothy,Vanderbrink,,601,Timothy Vanderbrink,"VANDERBRINK,TIMOTHY",St. John Fisher,ST. JOHN,1009-5897,4,4,32,32,0,0,SAF,0,,,,,,,,0,18,10,28,28,2.5,.0,.0,2,1,5,0,0,0,0,1,0,0,0,0,0,0,0,1,,,,,,,,,,,,,,,,,,,,,,,,,,,,,,,,,,,,,,,,,,,,,,,,,,,,,,,,,,,,,,,,,,,,,,,,,,,,,,,,,,,,,,,,,,,,,,,,,2.4802684724082606,64,91
2026-27,football,Empire 8 (E8),e8,Morrisville,"Harvey,Ja'Mar",Ja'Mar,Harvey,,30067,"Harvey,Ja'Mar","HARVEY,JA'MAR",Morrisville,MOR,1388-2316,4,4,98,98,0,0,DL,0,,,,,,,,0,2,11,13,13,2.5,.0,.0,1,3,9,1,0,2,7,0,0,0,0,2,1,0,0,0,,,,,,,,,,,,,,,,,,,,,,,,,,,,,,,,,,,,,,,,,,,,,,,,0,0,,,,,,,,,,,,,,,,,,,,,,,,,,,,,,,,,,,,,,,,,,,,,,,,2.3212441136905118,65,91
2026-27,football,Empire 8 (E8),e8,St. John Fisher,Colin Faust,Colin,Faust,,601,Colin Faust,"FAUST,COLIN",St. John Fisher,ST. JOHN,1009-5860,4,3,11,11,0,0,LB,0,,,,,,,,0,8,6,14,14,2.0,.0,.0,2,0,13,1,1,0,9,1,0,0,0,0,0,0,0,1,,,,,,,,,,,,,,,,,,,,,,,,,,,,,,,,,,,,,,,,,,,,,,,,,,,,,,,,,,,,,,,,,,,,,,,,,,,,,,,,,,,,,,,,,,,,,,,,,2.2755583681802163,66,91
2026-27,football,Empire 8 (E8),e8,St. John Fisher,Eric Sparkman,Eric,Sparkman,,601,Eric Sparkman,"SPARKMAN,ERIC",St. John Fisher,ST. JOHN,1009-6895,4,4,0,0,0,0,SAF,0,,,,,,,,0,18,2,20,20,.0,.0,.0,0,0,0,0,0,0,0,4,0,0,0,0,0,0,0,4,,,,,,,,,,,,,,,,,,,,,,,,,,,,,,,,,,,,,,,,,,,,,,,,,,,,,,,,,,,,,,,,,,,,,,,,,,,,,,,,,,,,,,,,,,,,,,,,,2.1293003678706866,67,91
2026-27,football,Empire 8 (E8),e8,Hartwick,"Hartman,Nathan",Nathan,Hartman,,273,"Hartman,Nathan","HARTMAN,NATHAN",Hartwick,HC,1005-3299,4,4,66,66,0,0,DL,0,,,,,,,,0,6,9,15,15,3.5,.0,.0,2,3,9,1,1,0,1,1,0,1,0,1,0,0,0,1,,,,,,,,,,,,,,,,,,,,,,,,,,1,-8,0,8,0,0,-8.0,-2.0,,,,,,,,,,,,,,,,,,,,,,,,,,,,,,,,,,,,,,,,,,,,,,,,,,,,,,,,,,,,,,,,2.0672883237679467,68,91
2026-27,football,Empire 8 (E8),e8,Brockport,"Hansen,Benjamin",Benjamin,Hansen,,78,"Hansen,Benjamin","HANSEN,BENJAMIN",Brockport,BPT,652-7974,3,0,23,23,0,0,DB,0,,,,,,,,15,3,0,3,3,1.0,.0,.0,1,0,2,0,0,0,0,0,0,0,0,0,0,0,1,1,,,,,,,1,15,0,15,15.0,,,,,,,,,,,,,,,,,,,,,,,,,,,,,,,,,,,,,,,,,,,,,,,,,,,,,,,,,,,,,,,,,,,,,,,,,,,,,,,,,,,,,,2.066028054033387,69,91
2026-27,football,Empire 8 (E8),e8,Brockport,"Winter,Brady",Brady,Winter,,78,"Winter,Brady","WINTER,BRADY",Brockport,BPT,652-7015,4,4,56,5D,0,0,LB,0,,,,,,,,0,8,21,29,29,1.5,.0,.0,1,1,4,0,0,0,0,0,0,1,0,1,1,7,0,0,,,,,,,,,,,,,,,,,,,,,,,,,,,,,,,,,,,,,,,,,,,,,,,,0,0,,,,,,,,,,,,,,,,,,,,,,,,,,,,,,,,,,1,7,0,7,,,,,,,,,,,2.030197315909303,70,90
2026-27,football,Empire 8 (E8),e8,St. John Fisher,Jack Tanoory,Jack,Tanoory,,601,Jack Tanoory,"TANOORY,JACK",St. John Fisher,ST. JOHN,1009-6191,2,2,21,21,0,0,LB,0,,,,,,,,0,10,1,11,11,2.0,.0,.0,2,0,8,1,1,0,5,1,0,1,0,0,0,0,0,1,,,,,,,,,,,,,,,,,,,,,,,,,,,,,,,,,,,,,,,,,,,,,,,,,,,,,,,,,,,,,,,,,,,,,,,,,,,,,,,,,,,,,,,,,,,,,,,,,2.010771659334842,71,90
2026-27,football,Empire 8 (E8),e8,Cortland,Aidan Lochner,Aidan,Lochner,,168,Aidan Lochner,"LOCHNER,AIDAN",Cortland,COR,1168-6023,4,4,11,11,0,0,WILL,0,,,,,,,,0,7,15,22,22,1.5,.0,.0,1,1,4,0,0,0,0,2,1,1,0,0,0,0,0,2,,,,,,,,,,,,,,,,,,,,,,,,,,,,,,,,,,,,,,,,,,,,,,,,,,,,,,,,,,,,,,,,,,,,,,,,,,,,,,,,,,,,,,,,,,,,,,,,,1.9943737194483382,72,90
2026-27,football,Empire 8 (E8),e8,St. John Fisher,Kyle DaMore,Kyle,DaMore,,601,Kyle DaMore,"DAMORE,KYLE",St. John Fisher,ST. JOHN,1009-5854,4,3,5,5,0,0,0,0,,,,,,,,0,20,8,28,28,2.5,.0,.0,2,1,8,0,0,0,0,0,0,0,0,0,0,0,0,0,,,,,,,,,,,,,,,,,,,,,,,,,,,,,,,,,,,,,,,,,,,,,,,,,,,,,,,,,,,,,,,,,,,,,,,,,,,,,,,,,,,,,,,,,,,,,,,,,1.9884022246288773,73,90
2026-27,football,Empire 8 (E8),e8,Alfred St.,"Bergman,Andrew",Andrew,Bergman,,30170,"Bergman,Andrew","BERGMAN,ANDREW",Alfred St.,ASC,1447-3114,2,0,27,27,0,0,DB,0,,,,,,,,22,0,1,1,1,.0,.0,.0,0,0,0,0,0,0,0,1,0,0,0,0,0,0,1,2,,,,,,,1,22,0,22,22.0,,,,,,,,,,,,,,,,,,,,,,,,,,,,,,,,,,,,,,,,,,,,,,,,,,,,,,,,,,,,,,,,,,,,,,,,,,,,,,,,,,,,,,1.93318224620063,74,90
2026-27,football,Empire 8 (E8),e8,Alfred St.,"Georges,Elijah",Elijah,Georges,,30170,"Georges,Elijah","GEORGES,ELIJAH",Alfred St.,ASC,1447-2702,4,4,11,11,0,WR,0,0,,,,,,,,0,1,0,1,1,.0,.0,.0,0,0,0,0,0,0,0,0,0,0,0,0,0,0,0,0,,2,49,1,44,24.5,,,,,,,,0,4,0,0,0,0,0,0,0,24,24,6,1,3,3,0,0,3,3.0,.8,,,,,,,,,,,,,,,1,1,12,334,3,84,27.8,,,,,,,,,,,,5,119,0,35,23.8,,,,,,,,,,,,,,,,,,,,,,,,,,,1.8833404581544497,75,90
2026-27,football,Empire 8 (E8),e8,Hartwick,"Ladopoulos,Zachary",Zachary,Ladopoulos,,273,"Ladopoulos,Zachary","LADOPOULOS,ZACHARY",Hartwick,HC,1005-3125,4,4,57,57,0,0,DL,0,,,,,,,,0,3,5,8,8,2.0,.0,.0,1,2,18,1.5,1,1,16,0,0,0,0,0,0,0,0,0,,,,,,,,,,,,,,,,,,,,,,,,,,,,,,,,,,,,,,,,,,,,,,,,,,,,,,,,,,,,,,,,,,,,,,,,,,,,,,,,,,,,,,,,,,,,,,,,,1.881646200330741,76,90
2026-27,football,Empire 8 (E8),e8,St. John Fisher,Ty Rader,Ty,Rader,,601,Ty Rader,"RADER,TY",St. John Fisher,ST. JOHN,1009-5883,4,4,99,99,0,0,DL,0,,,,,,,,0,6,4,10,10,2.0,.0,.0,1,2,4,0.5,0,1,2,2,0,2,0,0,0,0,0,2,,,,,,,,,,,,,,0,0,0,0,0,0,0,0,0,0,0,0,,,,,,,,,,,,,,,,,,,,,,,,,,,,,,,,,,,,,,,,,,,,,,0,0,0,0,0,0,0,0,0,0,0,0,,,,,,,,,,,,,,,1.7868481732117767,77,90
2026-27,football,Empire 8 (E8),e8,Morrisville,"Bruce,DeSean",DeSean,Bruce,,30067,"Bruce,DeSean","BRUCE,DESEAN",Morrisville,MOR,1388-2512,4,3,11,11,0,0,DB,0,,,,,,,,0,12,10,22,22,2.0,.0,.0,1,2,3,0,0,0,0,1,0,0,0,0,0,0,0,1,,,,,,,,,,,,,,,,,,,,,,,,,,,,,,,,,,,,,,,,,,,,,,,,,,,,,,,,,,,,,,,,,,,,,,,,,,,,,,,,,,,,,,,,,,,,,,,,,1.7266012631932333,78,90
2026-27,football,Empire 8 (E8),e8,Utica,"Clarey,Logan",Logan,Clarey,,733,"Clarey,Logan","CLAREY,LOGAN",Utica,UTC,1010-7387,2,0,38,38,0,0,LB,0,,,,,,,,13,2,0,2,2,.0,.0,.0,0,0,0,0,0,0,0,0,0,0,0,0,0,0,1,1,,,,,,,1,13,0,13,13.0,,,,,,,,,,,,,,,,,,,,,,,,,,,,,,,,,,,,,,,,,,,,,,,,,,,,,,,,,,,,,,,,,,,,,,,,,,,,,,,,,,,,,,1.529578234703038,79,90
2026-27,football,Empire 8 (E8),e8,Brockport,"Kelly,Malik",Malik,Kelly,,78,"Kelly,Malik","KELLY,MALIK",Brockport,BPT,652-6704,2,0,13,13,0,0,DB,0,,,,,,,,35,0,2,2,2,.0,.0,.0,0,0,0,0,0,0,0,0,0,0,0,0,0,0,1,1,,,,,,,1,35,1,35,35.0,,,0,1,0,0,0,0,0,0,0,6,6,3,,,,,,,,,,,,,,,,,,,,,,,,,,,,,,,,,,,,,,,,,,,,,,,,,,,,,,,,,,,,,,,,,,,,,,,,1.529578234703038,80,90
2026-27,football,Empire 8 (E8),e8,Hartwick,"Vurchio,Michael",Michael,Vurchio,,273,"Vurchio,Michael","VURCHIO,MICHAEL",Hartwick,HC,1005-3104,1,1,13,13,0,0,DB,0,,,,,,,,0,0,2,2,2,.0,.0,.0,0,0,0,0,0,0,0,0,0,0,0,0,0,0,1,1,,,,,,,1,0,0,0,.0,,,,,,,,,,,,,,,,,,,,,,,,,,,,,,,,,,,,,,,,,,,,,,,,,,,,,,,,,,,,,,,,,,,,,,,,,,,,,,,,,,,,,,1.529578234703038,81,90
2026-27,football,Empire 8 (E8),e8,Brockport,"Cervi,Darius",Darius,Cervi,,78,"Cervi,Darius","CERVI,DARIUS",Brockport,BPT,652-7087,4,4,0,0,0,0,LB,0,,,,,,,,0,6,16,22,22,4.5,.0,.0,4,1,7,0,0,0,0,0,0,0,0,0,1,7,0,0,,,,,,,,,,,,,,,,,,,,,,,,,,,,,,,,,,,,,,,,,,,,,,,,1,1,,,,,,,,,,,,,,,,,,,,,,,,,,,,,,,,,,1,7,0,7,,,,,,,,,,,1.4590583804684318,82,90
2026-27,football,Empire 8 (E8),e8,Morrisville,"Ondreyko,Mason",Mason,Ondreyko,,30067,"Ondreyko,Mason","ONDREYKO,MASON",Morrisville,MOR,1388-2299,4,4,8,8,0,WR,0,0,,,,,,,,0,2,0,2,2,.0,.0,.0,0,0,0,0,0,0,0,0,0,0,0,0,0,0,0,0,,,,,,,,,,,,,,0,2,0,0,0,1,0,0,0,14,14,3.5,,,,,,,,,,,,,,,,,,,,,,,,,19,252,2,78,13.3,,,,,,,,,,,,,,,,,,,,,,,,,,,,,,,,,,,,,,,,,,,1.3148595983587532,83,89
2026-27,football,Empire 8 (E8),e8,Hartwick,"Phraner,Colby",Colby,Phraner,,273,"Phraner,Colby","PHRANER,COLBY",Hartwick,HC,1005-3308,4,4,91,91,0,0,DL,0,,,,,,,,0,6,5,11,11,1.5,.0,.0,0,3,11,1,0,2,10,0,0,0,0,0,0,0,0,0,,,,,,,,,,,,,,,,,,,,,,,,,,,,,,,,,,,,,,,,,,,,,,,,,,,,,,,,,,,,,,,,,,,,,,,,,,,,,,,,,,,,,,,,,,,,,,,,,1.2948116200311794,84,89
2026-27,football,Empire 8 (E8),e8,Brockport,"Clarke,Jahmere",Jahmere,Clarke,,78,"Clarke,Jahmere","CLARKE,JAHMERE",Brockport,BPT,652-7161,4,2,4,4,0,0,DB,0,,,,,,,,0,6,4,10,10,.0,.0,.0,0,0,0,0,0,0,0,4,0,0,0,0,0,0,0,4,,,,,,,,,,,,,,,,,,,,,,,,,,,,,,,,,,,,,,,,,,,,,,,,,,,,,,,,,,,,,,,,,,,,,,,,,,,,,,,,,,,,,,,,,,,,,,,,,1.246678005052772,85,89
2026-27,football,Empire 8 (E8),e8,Alfred St.,"Doiron,Virgil",Virgil,Doiron,,30170,"Doiron,Virgil","DOIRON,VIRGIL",Alfred St.,ASC,1447-3907,4,4,90,90,0,0,DL,0,,,,,,,,0,3,5,8,8,1.0,.0,.0,1,0,9,1,1,0,9,0,0,1,0,0,1,31,0,0,,,,,,,,,,,,,,0,1,0,0,0,0,0,0,0,6,6,1.5,,,,,,,,,,,,,,,,,,,,,,,0,0,,,,,,,,,,,,,,,,,,,,,,,,,,,,,,,,,,1,31,1,31,,,,,,,,,,,1.2076515577087181,86,89
2026-27,football,Empire 8 (E8),e8,Hartwick,"Miller,Jayden",Jayden,Miller,,273,"Miller,Jayden","MILLER,JAYDEN",Hartwick,HC,1005-3310,4,0,27,27,0,0,0,0,,,,,,,,,,,,,,,,,,,,,,,,,,,,,,,,,,,,,,,,,,,,,,,,,,,,,,,,,,,,,,,,,,,,,,,,,,,,,,,,,,,,,,23,900,57,0,1,5,2,7,39.1,,,,,,,,,,,,,,,,,,,,,,,,,,,,,,,,,,1.0941506733526303,87,89
2026-27,football,Empire 8 (E8),e8,Alfred,"Littlejohn,Joe",Joe,Littlejohn,,18,"Littlejohn,Joe","LITTLEJOHN,JOE",Alfred,ALF,1003-6085,4,1,81,81,0,WR,0,0,,,,,,,,,,,,,,,,,,,,,,,,,,,,,,,,,,,,,,,,,,,,,0,1,0,0,0,0,0,0,0,6,6,1.5,,,,,,,,,,,,,,,,,,,,,,,,,4,151,1,72,37.8,,,,,,,,,,,,,,,,,,,,,,,,,,,,,,,,,,,,,,,,,,,1.0578363638348494,88,89
2026-27,football,Empire 8 (E8),e8,Brockport,"Jackson,Zymier",Zymier,Jackson,,78,"Jackson,Zymier","JACKSON,ZYMIER",Brockport,BPT,652-7977,4,1,5,5,0,QB,0,0,,,,,,,,0,0,0,0,0,.0,.0,.0,0,0,0,0,0,0,0,0,0,0,0,0,0,0,0,0,,,,,,,,,,,,,,0,3,0,0,0,0,0,0,0,18,18,4.5,30,97,145,48,2,31,3.2,24.3,30,5,75,5,528,1,58,32,156.6,9.10,16.50,132.0,,,1,0,,,,,,1,34,34,0,1,0,0,0,34.0,,,,,,,,,,,,,,,,,,,,,,,,,,,,,,,,,,0.9980959734035388,89,89
2026-27,football,Empire 8 (E8),e8,Morrisville,"Burke,Tyler",Tyler,Burke,,30067,"Burke,Tyler","BURKE,TYLER",Morrisville,MOR,1388-2298,3,0,23,23,0,0,DB,0,,,,,,,,0,2,8,10,10,1.0,.0,.0,0,2,6,1,0,2,6,0,0,0,0,0,0,0,0,0,,,,,,,,,,,,,,,,,,,,,,,,,,,,,,,,,,,,,,,,,,,,,,,,,,,,,,,,,,,,,,,,,,,,,,,,,,,,,,,,,,,,,,,,,,,,,,,,,0.9824555922251093,90,89
2026-27,football,Empire 8 (E8),e8,St. John Fisher,Mykel White,Mykel,White,,601,Mykel White,"WHITE,MYKEL",St. John Fisher,ST. JOHN,1009-5900,4,4,88,88,0,WR,0,0,,,,,,,,0,1,0,1,1,.0,.0,.0,0,0,0,0,0,0,0,0,0,0,0,0,0,0,0,0,,,,,,,,,,,,,,0,3,0,0,0,0,0,0,0,18,18,4.5,,,,,,,,,,,,,,,,,,,,,,,,,8,147,3,45,18.4,,,,,,,,,,,,,,,,,,,,,,,,,,,,,,,,,,,,,,,,,,,0.9757998420642742,91,89
2026-27,football,Empire 8 (E8),e8,Alfred St.,"Shepanski,Chase",Chase,Shepanski,,30170,"Shepanski,Chase","SHEPANSKI,CHASE",Alfred St.,ASC,1447-2707,4,4,1,1,0,QB,0,0,,,,,,,,0,2,0,2,2,.0,.0,.0,0,0,0,0,0,0,0,0,0,0,0,0,0,0,0,0,,,,,,,,,,,,,,0,1,0,0,0,0,0,0,0,6,6,1.5,19,77,101,24,1,18,4.1,19.3,19,4,84,7,685,3,79,48,155.2,8.67,14.27,171.3,,,1,0,,,,,,,,,,,,,,,,,,,,,,,,,,,,,,,,,,,,,,,,,,,,,,,,0.9265219518890189,92,89
2026-27,football,Empire 8 (E8),e8,Morrisville,"Greaves,Aaron",Aaron,Greaves,,30067,"Greaves,Aaron","GREAVES,AARON",Morrisville,MOR,1388-2314,4,4,0,0,0,0,DL,0,,,,,,,,0,5,4,9,9,1.0,.0,.0,1,0,6,1,1,0,6,0,0,0,0,0,0,0,0,0,,,,,,,,,,,,,,,,,,,,,,,,,,,,,,,,,,,,,,,,,,,,,,,,,,,,,,,,,,,,,,,,,,,,,,,,,,,,,,,,,,,,,,,,,,,,,,,,,0.894193355943318,93,89
2026-27,football,Empire 8 (E8),e8,Morrisville,"Sciallo,Anthony",Anthony,Sciallo,,30067,"Sciallo,Anthony","SCIALLO,ANTHONY",Morrisville,MOR,1388-2791,4,4,95,95,0,0,DL,0,,,,,,,,0,1,12,13,13,.5,.0,.0,0,1,2,0.5,0,1,2,1,0,0,0,0,0,0,0,1,,,,,,,,,,,,,,,,,,,,,,,,,,,,,,,,,,,,,,,,,,,,,,,,,,,,,,,,,,,,,,,,,,,,,,,,,,,,,,,,,,,,,,,,,,,,,,,,,0.8874872597049315,94,89
2026-27,football,Empire 8 (E8),e8,Alfred St.,"Hornquist,Zackery",Zackery,Hornquist,,30170,"Hornquist,Zackery","HORNQUIST,ZACKERY",Alfred St.,ASC,1447-2703,2,1,58,58,0,0,LB,0,,,,,,,,0,8,8,16,16,1.0,.0,.0,0,2,1,0.5,0,1,1,0,0,0,0,0,0,0,0,0,,,,,,,,,,,,,,,,,,,,,,,,,,,,,,,,,,,,,,,,,,,,,,,,,,,,,,,,,,,,,,,,,,,,,,,,,,,,,,,,,,,,,,,,,,,,,,,,,0.8845015122952009,95,88
2026-27,football,Empire 8 (E8),e8,Morrisville,"Burke,Brad",Brad,Burke,,30067,"Burke,Brad","BURKE,BRAD",Morrisville,MOR,1388-2302,4,0,10,10,0,0,DL,0,,,,,,,,0,5,5,10,10,2.0,.0,.0,1,2,4,0.5,0,1,2,0,0,0,0,0,0,0,0,0,,,,,,,,,,,,,,,,,,,,,,,,,,,,,,,,,,,,,,,,,,,,,,,,,,,,,,,,,,,,,,,,,,,,,,,,,,,,,,,,,,,,,,,,,,,,,,,,,0.8031156776530095,96,88
2026-27,football,Empire 8 (E8),e8,Alfred,"Nyquist,Tommy",Tommy,Nyquist,,18,"Nyquist,Tommy","NYQUIST,TOMMY",Alfred,ALF,1003-5904,4,3,22,22,0,RB,0,0,,,,,,,,0,0,0,0,0,.0,.0,.0,0,0,0,0,0,0,0,0,0,0,0,0,0,0,0,0,,,,,,,,,,,,,,0,2,0,0,0,1,0,0,0,14,14,3.5,66,178,193,15,2,20,2.7,44.5,,,,,,,,,,,,,,,1,0,21,133,0,20,6.3,,,,,,,,,,,,,,,,,0,0,0,0,0,0,0,1,0,0,0,0,,,,,,,,,,,,,,,0.8003594758833352,97,88
2026-27,football,Empire 8 (E8),e8,Alfred St.,"Slavinski,William",William,Slavinski,,30170,"Slavinski,William","SLAVINSKI,WILLIAM",Alfred St.,ASC,1447-3066,3,0,40,40,0,0,DE,0,,,,,,,,0,6,6,12,12,3.0,.0,.0,2,2,10,0,0,0,0,0,0,0,0,0,0,0,0,0,,,,,,,,,,,,,,,,,,,,,,,,,,,,,,,,,,,,,,,,,,,,,,,,,,,,,,,,,,,,,,,,,,,,,,,,,,,,,,,,,,,,,,,,,,,,,,,,,0.8003002356444926,98,88
2026-27,football,Empire 8 (E8),e8,Cortland,Dass jr Ravi,Dass jr,Ravi,,168,Dass jr Ravi,",RAVI DASS JR",Cortland,COR,1168-6008,4,0,82,82,0,0,0,0,,,,,,,,,,,,,,,,,,,,,,,,,,,,,,,,,14,106,0,23,7.6,,,,,,,,,,,,,,,,,,,,,,,,,,,,,,,,,,,,,,,,,,,,,,,,,,,,,,,,,,,,,,,,,,,,,,,,,,,,,,,,,,,,,,,,,,,0.7979685016788629,99,88
2026-27,football,Empire 8 (E8),e8,Brockport,"Frias,Nelson",Nelson,Frias,,78,"Frias,Nelson","FRIAS,NELSON",Brockport,BPT,652-8352,2,0,42,42,0,0,LB,0,,,,,,,,0,1,0,1,1,1.0,.0,.0,1,0,9,1,1,0,9,1,0,0,0,0,0,0,0,1,,,,,,,,,,,,,,,,,,,,,,,,,,,,,,,,,,,,,,,,,,,,,,,,,,,,,,,,,,,,,,,,,,,,,,,,,,,,,,,,,,,,,,,,,,,,,,,,,0.67996171346837,100,88
2026-27,football,Empire 8 (E8),e8,Utica,"Duarte,Nico",Nico,Duarte,,733,"Duarte,Nico","DUARTE,NICO",Utica,UTC,1010-7419,4,0,34,34,0,0,0,0,,,,,,,,0,0,0,0,0,.0,.0,.0,0,0,0,0,0,0,0,0,0,0,0,0,0,0,0,0,,,,,,,,,,,,,,15,0,11,0,0,0,0,0,0,48,48,12,,,,,,,,,,,,,,,,,,,,,,,,,,,,,,5,207,49,0,0,1,0,3,41.4,,,,,,,,17,15,0,0,0,0,0,0,0,0,0,0,,,,,11,11,38,0,100.0,11,601,0,3,54.6,0.6729522245584956,101,88
2026-27,football,Empire 8 (E8),e8,Cortland,George Gjelaj,George,Gjelaj,,168,George Gjelaj,"GJELAJ,GEORGE",Cortland,COR,1168-6017,4,4,13,13,0,0,DE,0,,,,,,,,0,3,4,7,7,1.5,.0,.0,1,1,6,0,0,0,0,2,0,3,0,0,0,0,0,2,,,,,,,,,,,,,,,,,,,,,,,,,,,,,,,,,,,,,,,,,,,,,,,,,,,,,,,,,,,,,,,,,,,,,,,,,,,,,,,,,,,,,,,,,,,,,,,,,0.6704401752214666,102,88
2026-27,football,Empire 8 (E8),e8,Hartwick,"Lynch,Lincoln",Lincoln,Lynch,,273,"Lynch,Lincoln","LYNCH,LINCOLN",Hartwick,HC,1005-3469,3,2,7,7,0,0,DB,0,,,,,,,,0,12,9,21,21,2.0,.0,.0,1,2,4,0,0,0,0,1,0,0,0,0,0,0,0,1,,,,,,,,,,,,,,,,,,,,,,,,,,,,,,,,,,,,,,,,,,,,,,,,,,1,12,0,12,12.0,,,,,,,,,,,,,,,,,,,,,,,,,,,,,,,,,,,,,,,,,,,0.6553798334347685,103,88
2026-27,football,Empire 8 (E8),e8,Utica,"Lake,Andrew",Andrew,Lake,,733,"Lake,Andrew","LAKE,ANDREW",Utica,UTC,1010-7071,4,3,20,20,0,0,LB,0,,,,,,,,0,10,10,20,20,.0,.0,.0,0,0,0,0,0,0,0,1,0,3,0,0,0,0,0,1,,,,,,,,,,,,,,,,,,,,,,,,,,,,,,,,,,,,,,,,,,,,,,,,,,,,,,,,,,,,,,,,,,,,,,,,,,,,,,,,,,,,,,,,,,,,,,,,,0.6537016245325356,104,88
2026-27,football,Empire 8 (E8),e8,Brockport,"Thorp,Colton",Colton,Thorp,,78,"Thorp,Colton","THORP,COLTON",Brockport,BPT,652-7494,4,4,21,2D,0,0,DB,0,,,,,,,,0,10,10,20,20,.0,.0,.0,0,0,0,0,0,0,0,1,0,0,0,0,0,0,0,1,,,,,,,,,,,,,,,,,,,,,,,,,,,,,,,,,,,,,,,,,,,,,,,,,,,,,,,,,,,,,,,,,,,,,,,,,,,,,,,,,,,,,,,,,,,,,,,,,0.6537016245325356,105,88
2026-27,football,Empire 8 (E8),e8,Cortland,Brian Bailey,Brian,Bailey,,168,Brian Bailey,"BAILEY,BRIAN",Cortland,COR,1168-6337,4,0,95,95,0,0,0,0,,,,,,,,0,1,4,5,5,1.5,.0,.0,0,3,5,0.5,0,1,3,1,0,1,0,0,0,0,0,1,,,,,,,,,,,,,,,,,,,,,,,,,,,,,,,,,,,,,,,,,,,,,,,,,,,,,,,,,,,,,,,,,,,,,,,,,,,,,,,,,,,,,,,,,,,,,,,,,0.6295769524991572,106,88
2026-27,football,Empire 8 (E8),e8,Alfred St.,"Miles III,Ceon",Ceon,Miles III,,30170,"Miles III,Ceon","MILES III,CEON",Alfred St.,ASC,1447-3056,4,0,64,64,0,0,DE,0,,,,,,,,0,3,3,6,6,1.0,.0,.0,1,0,10,1,1,0,10,0,1,0,0,0,0,0,0,0,,,,,,,,,,,,,,,,,,,,,,,,,,,,,,,,,,,,,,,,,,,,,,,,,,,,,,,,,,,,,,,,,,,,,,,,,,,,,,,,,,,,,,,,,,,,,,,,,0.6294066470979436,107,88
2026-27,football,Empire 8 (E8),e8,Hartwick,"Gallagher,Liam",Liam,Gallagher,,273,"Gallagher,Liam","GALLAGHER,LIAM",Hartwick,HC,1005-3102,4,0,28,28,0,0,DB,0,,,,,,,,0,9,3,12,12,1.5,.0,.0,1,1,5,0,0,0,0,1,0,0,0,0,0,0,0,1,,,,,,,,,,,,,,,,,,,,,,,,,,,,,,,,,,,,,,,,,,,,,,,,,,,,,,,,,,,,,,,,,,,,,,,,,,,,,,,,,,,,,,,,,,,,,,,,,0.6198851088510402,108,87
2026-27,football,Empire 8 (E8),e8,Utica,"Graziano,Nick",Nick,Graziano,,733,"Graziano,Nick","GRAZIANO,NICK",Utica,UTC,1010-7361,4,1,22,22,0,0,LB,0,,,,,,,,0,4,4,8,8,1.0,.0,.0,1,0,6,1,1,0,6,1,0,1,0,0,0,0,0,1,,,,,,,,,,,,,,,,,,,,,,,,,,,,,,,,,,,,,,,,,,,,,,,,0,0,0,0,0,0,.0,,,,,,,,,,,,,,,,,,,,,,,,,,,,,,,,,,,,,,,,,,,0.6038573131266312,109,87
2026-27,football,Empire 8 (E8),e8,St. John Fisher,Jackson Cusack,Jackson,Cusack,,601,Jackson Cusack,"CUSACK,JACKSON",St. John Fisher,ST. JOHN,1009-5853,3,3,4,4,0,WR,0,0,,,,,,,,0,1,0,1,1,.0,.0,.0,0,0,0,0,0,0,0,0,0,0,0,0,0,0,0,0,,3,33,0,14,11.0,,,,,,,,0,3,0,0,0,0,0,0,0,18,18,6,0,0,0,0,0,0,.0,.0,0,0,0,0,0,0,0,0,NaN,.00,.00,.0,,,0,0,16,261,3,52,16.3,,,,,,,,,,,,,,,,,,,,,,,,,,,,,,,,,,,,,,,,,,,0.5808131965709478,110,87
2026-27,football,Empire 8 (E8),e8,Hartwick,"Sinclair,Miles",Miles,Sinclair,,273,"Sinclair,Miles","SINCLAIR,MILES",Hartwick,HC,1005-3699,4,4,12,1C,0,WR,0,0,,,,,,,,0,0,0,0,0,.0,.0,.0,0,0,0,0,0,0,0,0,0,0,0,0,0,0,0,0,,,,,,,,,,,,,,0,3,0,0,0,1,0,0,0,20,20,5,,,,,,,,,,,,,,,,,,,,,,,,,10,114,3,35,11.4,,,,,,,,,,,,,,,,,,,,,,,,,,,,,,,,,,,,,,,,,,,0.5776090338492905,111,87
2026-27,football,Empire 8 (E8),e8,Alfred St.,"McQuiggan,Liam",Liam,McQuiggan,,30170,"McQuiggan,Liam","MCQUIGGAN,LIAM",Alfred St.,ASC,1447-3973,4,3,23,23,0,0,DB,0,,,,,,,,0,13,6,19,19,.0,.0,.0,0,0,0,0,0,0,0,1,0,0,0,0,0,0,0,1,,,,,,,,,,,,,,,,,,,,,,,,,,,,,,,,,,,,,,,,,,,,,,,,,,,,,,,,,,,,,,,,,,,,,,,,,,,,,,,,,,,,,,,,,,,,,,,,,0.5654393882507442,112,87
2026-27,football,Empire 8 (E8),e8,Utica,"DeGroat,Austin",Austin,DeGroat,,733,"DeGroat,Austin","DEGROAT,AUSTIN",Utica,UTC,1010-7336,4,4,7,7Y,0,0,DL,0,,,,,,,,0,7,9,16,16,.5,.0,.0,0,1,1,0,0,0,0,1,0,2,0,0,0,0,0,1,,,,,,,,,,,,,,,,,,,,,,,,,,,,,,,,,,,,,,,,,,,,,,,,,,,,,,,,,,,,,,,,,,,,,,,,,,,,,,,,,,,,,,,,,,,,,,,,,0.5247464709296485,113,87
2026-27,football,Empire 8 (E8),e8,Cortland,Jacque LaPrarie,Jacque,LaPrarie,,168,Jacque LaPrarie,"LAPRARIE,JACQUE",Cortland,COR,1168-6608,4,4,12,12,0,WR,0,0,,,,,,,,0,0,0,0,0,.0,.0,.0,0,0,0,0,0,0,0,0,0,0,0,0,0,0,0,0,,,,,,,,,,,,,,0,3,0,0,0,0,0,0,0,18,18,4.5,1,-6,0,6,0,0,-6.0,-1.5,,,,,,,,,,,,,,,,,9,208,3,57,23.1,,,,,,,,,,,,,,,,,,,,,,,,,,,,,,,,,,,,,,,,,,,0.5097819575446796,114,87
2026-27,football,Empire 8 (E8),e8,Utica,"Frederick,Logan",Logan,Frederick,,733,"Frederick,Logan","FREDERICK,LOGAN",Utica,UTC,1010-6619,4,3,9,9X,0,TE,0,0,,,,,,,,0,1,0,1,1,.0,.0,.0,0,0,0,0,0,0,0,0,0,0,0,0,0,0,0,0,,,,,,,,,,,,,,0,1,0,0,0,1,0,0,0,8,8,2,,,,,,,,,,,,,,,,,,,,,,,,,25,253,1,39,10.1,,,,,,,,,,,,,,,,,,,,,,,,,,,,,,,,,,,,,,,,,,,0.5006502917547404,115,87
2026-27,football,Empire 8 (E8),e8,Alfred,"Lew,Cameron",Cameron,Lew,,18,"Lew,Cameron","LEW,CAMERON",Alfred,ALF,1003-5896,4,1,0,0,0,WR,0,0,,,,,,,,0,0,0,0,0,.0,.0,.0,0,0,0,0,0,0,0,0,0,0,0,0,0,0,0,0,,4,12,0,13,3.0,,,,,,,,0,2,0,0,0,0,0,0,0,12,12,3,1,5,5,0,0,5,5.0,1.3,,,,,,,,,,,,,,,1,0,8,208,2,63,26.0,,,,,,,,,,,,5,83,0,22,16.6,,,,,,,,,,,,,,,,,,,,,,,,,,,0.4978845321629655,116,87
2026-27,football,Empire 8 (E8),e8,Hartwick,"Aguillard,Jeremiah",Jeremiah,Aguillard,,273,"Aguillard,Jeremiah","AGUILLARD,JEREMIAH",Hartwick,HC,1005-3434,3,0,55,55,0,0,DE,0,,,,,,,,0,1,3,4,4,2.5,.0,.0,1,3,13,0.5,0,1,5,0,0,1,0,0,0,0,0,0,,,,,,,,,,,,,,,,,,,,,,,,,,,,,,,,,,,,,,,,,,,,,,,,,,,,,,,,,,,,,,,,,,,,,,,,,,,,,,,,,,,,,,,,,,,,,,,,,0.49763605148653967,117,87
2026-27,football,Empire 8 (E8),e8,Utica,"Lamphere,Jack",Jack,Lamphere,,733,"Lamphere,Jack","LAMPHERE,JACK",Utica,UTC,1010-7030,3,0,6,6Y,0,0,DB,0,,,,,,,,0,5,3,8,8,.0,.0,.0,0,0,0,0,0,0,0,2,1,0,0,0,1,24,0,2,,,,,,,,,,,,,,0,1,0,0,0,0,0,0,0,6,6,2,,,,,,,,,,,,,,,,,,,,,,,0,0,,,,,,,,,,,,,,,,,,,,,,,,,,,,,,,,,,1,24,1,24,,,,,,,,,,,0.48814147497761357,118,87
2026-27,football,Empire 8 (E8),e8,Cortland,Jayson Zeva,Jayson,Zeva,,168,Jayson Zeva,"ZEVA,JAYSON",Cortland,COR,1168-6037,4,4,4,4,0,WR,0,0,,,,,,,,0,0,1,1,1,.0,.0,.0,0,0,0,0,0,0,0,0,0,0,0,0,0,0,0,0,,,,,,,,,,,,,,0,3,0,0,0,0,0,0,0,18,18,4.5,2,3,3,0,0,3,1.5,.8,,,,,,,,,,,,,,,,,13,187,3,33,14.4,,,,,,,,,,,,,,,,,,,,,,,,,,,,,,,,,,,,,,,,,,,0.48253574041926206,119,87
2026-27,football,Empire 8 (E8),e8,Brockport,"Ferrell,Jayden",Jayden,Ferrell,,78,"Ferrell,Jayden","FERRELL,JAYDEN",Brockport,BPT,652-7968,3,2,9,9,0,0,DL,0,,,,,,,,0,3,1,4,4,1.0,.0,.0,1,0,15,1,1,0,15,0,1,1,0,0,0,0,0,0,,,,,,,,,,,,,,,,,,,,,,,,,,,,,,,,,,,,,,,,,,,,,,,,,,,,,,,,,,,,,,,,,,,,,,,,,,,,,,,,,,,,,,,,,,,,,,,,,0.4528821745343605,120,86
2026-27,football,Empire 8 (E8),e8,Cortland,Hayden Lovinsky,Hayden,Lovinsky,,168,Hayden Lovinsky,"LOVINSKY,HAYDEN",Cortland,COR,1168-6312,4,2,27,27,0,0,0,0,,,,,,,,0,4,3,7,7,1.0,.0,.0,1,0,5,0,0,0,0,2,0,0,0,0,0,0,0,2,,,,,,,,,,,,,,,,,,,,,,,,,,,,,,,,,,,,,,,,,,,,,,,,,,,,,,,,,,,,,,,,,,,,,,,,,,,,,,,,,,,,,,,,,,,,,,,,,0.4463463836971879,121,86
2026-27,football,Empire 8 (E8),e8,Brockport,"McGuire,Chris",Chris,McGuire,,78,"McGuire,Chris","MCGUIRE,CHRIS",Brockport,BPT,652-6713,3,0,10,1Q,0,QB,0,0,,,,,,,,,,,,,,,,,,,,,,,,,,,,,,,,,,,,,,,,,,,,,,,,,,,,,,,,,4,17,17,0,0,13,4.3,5.7,0,0,25,1,25,0,1,1,640.0,25.00,25.00,8.3,,,,,,,,,,,,,,,,,,,,,,,,,,,,,,,,,,,,,,,,,,,,,,,,,,,,0.39848114407598384,122,86
2026-27,football,Empire 8 (E8),e8,Cortland,James Davenport,James,Davenport,,168,James Davenport,"DAVENPORT,JAMES",Cortland,COR,1168-6315,4,0,26,26,0,0,0,0,,,,,,,,0,2,1,3,3,1.0,.0,.0,1,0,9,1,1,0,9,0,0,0,0,0,0,0,0,0,,,,,,,,,,,,,,,,,,,,,,,,,,,,,,,,,,,,,,,,,,,,,,,,,,,,,,,,,,,,,,,,,,,,,,,,,,,,,,,,,,,,,,,,,,,,,,,,,0.3646199382525692,123,86
2026-27,football,Empire 8 (E8),e8,Alfred,"Wilcox,John Requis",John Requis,Wilcox,,18,"Wilcox,John Requis","WILCOX,JOHN REQUIS",Alfred,ALF,1003-6190,4,1,27,27,0,0,DB,0,,,,,,,,0,7,10,17,17,1.0,.0,.0,1,0,3,0,0,0,0,0,0,0,0,0,0,0,0,0,,,,,,,,,,,,,,,,,,,,,,,,,,,,,,,,,,,,,,,,,,,,,,,,,,,,,,,,,,,,,,,,,,,,,,,,,,,,,,,,,,,,,,,,,,,,,,,,,0.34523625095633514,124,86
2026-27,football,Empire 8 (E8),e8,Utica,"Nembhard,Jerome",Jerome,Nembhard,,733,"Nembhard,Jerome","NEMBHARD,JEROME",Utica,UTC,1010-6659,3,0,88,88,0,0,DL,0,,,,,,,,0,2,5,7,7,1.5,.0,.0,1,1,4,0.5,0,1,3,0,0,0,0,0,0,0,0,0,,,,,,,,,,,,,,,,,,,,,,,,,,,,,,,,,,,,,,,,,,,,,,,,,,,,,,,,,,,,,,,,,,,,,,,,,,,,,,,,,,,,,,,,,,,,,,,,,0.3142351772833565,125,86
2026-27,football,Empire 8 (E8),e8,Alfred,"Poggi,Leonardo",Leonardo,Poggi,,18,"Poggi,Leonardo","POGGI,LEONARDO",Alfred,ALF,1003-6099,4,3,95,95,0,0,DL,0,,,,,,,,0,1,7,8,8,.5,.0,.0,0,1,0,0,0,0,0,2,0,2,0,0,0,0,0,2,,,,,,,,,,,,,,,,,,,,,,,,,,,,,,,,,,,,,,,,,,,,,,,,,,,,,,,,,,,,,,,,,,,,,,,,,,,,,,,,,,,,,,,,,,,,,,,,,0.3105148284547006,126,86
2026-27,football,Empire 8 (E8),e8,Utica,"Szalkowski,Tyler",Tyler,Szalkowski,,733,"Szalkowski,Tyler","SZALKOWSKI,TYLER",Utica,UTC,1010-7372,4,4,18,18,0,QB,0,0,,,,,,,,0,0,0,0,0,.0,.0,.0,0,0,0,0,0,0,0,0,0,0,0,0,0,0,0,0,,,,,,,,,,,,,,,,,,,,,,,,,,12,-44,19,63,0,10,-3.7,-11.0,33,5,69,9,1343,3,140,106,173.2,9.59,12.67,335.8,,,4,1,,,,,,2,90,50,0,2,0,1,0,45.0,,,,,,,,0,0,0,0,1,1,1,1,0,0,0,0,,,,,,,,,,,,,,,0.23684360869684196,127,86
2026-27,football,Empire 8 (E8),e8,Utica,"Crews,Calvin",Calvin,Crews,,733,"Crews,Calvin","CREWS,CALVIN",Utica,UTC,1010-6596,3,0,1,1Y,0,0,DB,0,,,,,,,,0,3,2,5,5,.0,.0,.0,0,0,0,0,0,0,0,2,0,0,0,0,1,0,0,2,,,,,,,,,,,,,,,,,,,,,,,,,,,,,,,,,,,,,,,,,,,,,,,,0,0,,,,,,,,,,,,,,,,,,,,,,,,,,,,,,,,,,,,,,,,,,,,,,,,0.2233547661322392,128,86
2026-27,football,Empire 8 (E8),e8,Alfred St.,"Monserrat,Jayden",Jayden,Monserrat,,30170,"Monserrat,Jayden","MONSERRAT,JAYDEN",Alfred St.,ASC,1447-3936,3,0,93,93,0,0,DL,0,,,,,,,,0,2,6,8,8,2.5,.0,.0,1,3,3,0,0,0,0,0,0,0,0,0,0,0,0,0,,,,,,,,,,,,,,,,,,,,,,,,,,,,,,,,,,,,,,,,,,,,,,,,,,,,,,,,,,,,,,,,,,,,,,,,,,,,,,,,,,,,,,,,,,,,,,,,,0.22315749899304835,129,86
2026-27,football,Empire 8 (E8),e8,Alfred St.,"Jackson,Jordan",Jordan,Jackson,,30170,"Jackson,Jordan","JACKSON,JORDAN",Alfred St.,ASC,1447-3909,4,4,9,9,0,WR,0,0,,,,,,,,0,0,0,0,0,.0,.0,.0,0,0,0,0,0,0,0,0,0,0,0,0,0,0,0,0,,,,,,,,,,,,,,0,2,0,0,0,0,0,0,0,12,12,3,,,,,,,,,,,,,,,,,,,,,,,,,14,152,2,35,10.9,,,,,,,,,,,,,,,,,,,,,,,,,,,,,,,,,,,,,,,,,,,0.199157635088527,130,86
2026-27,football,Empire 8 (E8),e8,Morrisville,"Lester,Bran'Dale",Bran'Dale,Lester,,30067,"Lester,Bran'Dale","LESTER,BRAN'DALE",Morrisville,MOR,1388-2765,4,0,20,20,0,0,S,0,,,,,,,,0,5,4,9,9,.0,.0,.0,0,0,0,0,0,0,0,3,0,0,0,0,0,0,0,3,,,,,,,,,,,,,,,,,,,,,,,,,,,,,,,,,,,,,,,,,,,,,,,,1,1,,,,,,24,893,53,0,1,3,2,3,37.2,,,3,51,0,23,17.0,,,,,,,,,,,,,,,,,,,,,,,,,,,0.14961419013072774,131,86
2026-27,football,Empire 8 (E8),e8,Brockport,"Diaz,Anthony",Anthony,Diaz,,78,"Diaz,Anthony","DIAZ,ANTHONY",Brockport,BPT,652-8401,4,4,2,,0,WR,0,0,,,,,,,,0,1,0,1,1,.0,.0,.0,0,0,0,0,0,0,0,0,0,0,0,0,0,0,0,0,,,,,,,,,,,,,,0,1,0,0,0,0,0,0,0,6,6,1.5,,,,,,,,,,,,,,,,,,,,,,,,,12,138,1,34,11.5,,,,,,,,,,,,6,120,0,26,20.0,,,,,,,,,,,,,,,,,,,,,,,,,,,0.11459325581833235,132,86
2026-27,football,Empire 8 (E8),e8,Alfred,Kenneth Brassfield-Dailey,Kenneth,Brassfield-Dailey,,18,Kenneth Brassfield-Dailey,"BRASSFIELD-DAILEY,KENNETH",Alfred,ALF,1003-6491,1,0,20,20,0,0,0,0,,,,,,,,,,,,,,,,,,,,,,,,,,,,,,,,,,,,,,,,,,,,,,,,,,,,,,,,,,,,,,,,,,,,,,,,,,,,,,,1,0,,,,,,,,,,,,,,,,,2,2,0,2,1.0,,,,,,,,,,,,,,,,,,,,,,,,,,,0.024638318481032706,133,85
2026-27,football,Empire 8 (E8),e8,Alfred St.,"Abani,Iniko",Iniko,Abani,,30170,"Abani,Iniko","ABANI,INIKO",Alfred St.,ASC,1447-3940,1,0,80,80,0,WR,0,0,,,,,,,,,,,,,,,,,,,,,,,,,,,,,,,,,,,,,,,,,,,,,,,,,,,,,,,,,,,,,,,,,,,,,,,,,,,,,,,,,,,,,,,,,,,,,,,,,3,46,0,21,15.3,,,,,,,,,,,,,,,,,,,,,,,,,,,0.02230334407337665,134,85
2026-27,football,Empire 8 (E8),e8,Brockport,"Ramirez-Jimenez,Alan",Alan,Ramirez-Jimenez,,78,"Ramirez-Jimenez,Alan","RAMIREZ-JIMENEZ,ALAN",Brockport,BPT,652-7021,3,2,90,90,0,0,DL,0,,,,,,,,0,1,5,6,6,1.0,.0,.0,0,2,5,0.5,0,1,4,0,0,0,0,0,0,0,0,0,,,,,,,,,,,,,,,,,,,,,,,,,,,,,,,,,,,,,,,,,,,,,,,,,,,,,,,,,,,,,,,,,,,,,,,,,,,,,,,,,,,,,,,,,,,,,,,,,0.0018791494772863737,135,85
2026-27,football,Empire 8 (E8),e8,Hartwick,"Abreu,Angel",Angel,Abreu,,273,"Abreu,Angel","ABREU,ANGEL",Hartwick,HC,1005-3431,1,0,53,53,0,OL,0,0,,,,,,,,,,,,,,,,,,,,,,,,,,,,,,,,,,,,,,,,,,,,,,,,,,,,,,,,,,,,,,,,,,,,,,,,,,,,,,,,,,,,,,,,,,,,,,,,,,,,,,,,,,,,,,,,,,,,,,,,,,,,,,,,0.0,136,85
2026-27,football,Empire 8 (E8),e8,Utica,"Abreu,Emil",Emil,Abreu,,733,"Abreu,Emil","ABREU,EMIL",Utica,UTC,1010-6590,4,4,51,51,0,OL,0,0,,,,,,,,,,,,,,,,,,,,,,,,,,,,,,,,,,,,,,,,,,,,,,,,,,,,,,,,,,,,,,,,,,,,,,,,,,,,,,,,,,,,,,,,,,,,,,,,,,,,,,,,,,,,,,,,,,,,,,,,,,,,,,,,0.0,137,85
2026-27,football,Empire 8 (E8),e8,Alfred St.,"Addotta,AJ",AJ,Addotta,,30170,"Addotta,AJ","ADDOTTA,AJ",Alfred St.,ASC,1447-2695,4,4,68,68,0,OL,0,0,,,,,,,,,,,,,,,,,,,,,,,,,,,,,,,,,,,,,,,,,,,,,,,,,,,,,,,,,,,,,,,,,,,,,,,,,,,,,,,,,,,,,,,,,,,,,,,,,,,,,,,,,,,,,,,,,,,,,,,,,,,,,,,,0.0,138,85
2026-27,football,Empire 8 (E8),e8,Cortland,"Aldino,Nick",Nick,Aldino,,168,"Aldino,Nick","ALDINO,NICK",Cortland,COR,1168-6002,2,0,77,77,0,OL,0,0,,,,,,,,,,,,,,,,,,,,,,,,,,,,,,,,,,,,,,,,,,,,,,,,,,,,,,,,,,,,,,,,,,,,,,,,,,,,,,,,,,,,,,,,,,,,,,,,,,,,,,,,,,,,,,,,,,,,,,,,,,,,,,,,0.0,139,85
2026-27,football,Empire 8 (E8),e8,St. John Fisher,Alexander Hofmann,Alexander,Hofmann,,601,Alexander Hofmann,"HOFMANN,ALEXANDER",St. John Fisher,ST. JOHN,1009-5865,2,0,54,54,0,0,0,0,,,,,,,,,,,,,,,,,,,,,,,,,,,,,,,,,,,,,,,,,,,,,,,,,,,,,,,,,,,,,,,,,,,,,,,,,,,,,,,,,,,,,,,,,,,,,,,,,,,,,,,,,,,,,,,,,,,,,,,,,,,,,,,,0.0,140,85
2026-27,football,Empire 8 (E8),e8,Alfred St.,"Allen,Ryan",Ryan,Allen,,30170,"Allen,Ryan","ALLEN,RYAN",Alfred St.,ASC,1447-3938,1,0,84,84,0,WR,0,0,,,,,,,,,,,,,,,,,,,,,,,,,,,,,,,,,,,,,,,,,,,,,,,,,,,,,,,,,,,,,,,,,,,,,,,,,,,,,,,,,,,,,,,,,,,,,,,,,,,,,,,,,,,,,,,,,,,,,,,,,,,,,,,,0.0,141,85
2026-27,football,Empire 8 (E8),e8,Cortland,Andrew Dabulewicz,Andrew,Dabulewicz,,168,Andrew Dabulewicz,ANDRWDABULEWICZ,Cortland,COR,1168-6322,4,4,73,73,0,RG,0,0,,,,,,,,,,,,,,,,,,,,,,,,,,,,,,,,,,,,,,,,,,,,,,,,,,,,,,,,,,,,,,,,,,,,,,,,,,,,,,,,,,,,,,,,,,,,,,,,,,,,,,,,,,,,,,,,,,,,,,,,,,,,,,,,0.0,142,85
2026-27,football,Empire 8 (E8),e8,Morrisville,"Angell,Jayden",Jayden,Angell,,30067,"Angell,Jayden","ANGELL,JAYDEN",Morrisville,MOR,1388-3020,2,0,74,74,0,OL,0,0,,,,,,,,,,,,,,,,,,,,,,,,,,,,,,,,,,,,,,,,,,,,,,,,,,,,,,,,,,,,,,,,,,,,,,,,,,,,,,,,,,,,,,,,,,,,,,,,,,,,,,,,,,,,,,,,,,,,,,,,,,,,,,,,0.0,143,85
2026-27,football,Empire 8 (E8),e8,Hartwick,"Angelletta,Joseph",Joseph,Angelletta,,273,"Angelletta,Joseph","ANGELLETTA,JOSEPH",Hartwick,HC,1005-3660,1,0,69,69,0,OL,0,0,,,,,,,,,,,,,,,,,,,,,,,,,,,,,,,,,,,,,,,,,,,,,,,,,,,,,,,,,,,,,,,,,,,,,,,,,,,,,,,,,,,,,,,,,,,,,,,,,,,,,,,,,,,,,,,,,,,,,,,,,,,,,,,,0.0,144,85
2026-27,football,Empire 8 (E8),e8,Hartwick,"Angioletti,Vinny",Vinny,Angioletti,,273,"Angioletti,Vinny","ANGIOLETTI,VINNY",Hartwick,HC,1005-3661,2,0,85,85,0,WR,0,0,,,,,,,,,,,,,,,,,,,,,,,,,,,,,,,,,,,,,,,,,,,,,,,,,,,,,,,,,,,,,,,,,,,,,,,,,,,,,,,,,,,,,,,,,,,,,,,,,,,,,,,,,,,,,,,,,,,,,,,,,,,,,,,,0.0,145,85
2026-27,football,Empire 8 (E8),e8,Brockport,"Beattie,Luke",Luke,Beattie,,78,"Beattie,Luke","BEATTIE,LUKE",Brockport,BPT,652-8380,1,0,64,64,0,OL,0,0,,,,,,,,,,,,,,,,,,,,,,,,,,,,,,,,,,,,,,,,,,,,,,,,,,,,,,,,,,,,,,,,,,,,,,,,,,,,,,,,,,,,,,,,,,,,,,,,,,,,,,,,,,,,,,,,,,,,,,,,,,,,,,,,0.0,146,84
2026-27,football,Empire 8 (E8),e8,Morrisville,"Bell,Erik",Erik,Bell,,30067,"Bell,Erik","BELL,ERIK",Morrisville,MOR,1388-2996,2,0,37,37,0,0,DB,0,,,,,,,,,,,,,,,,,,,,,,,,,,,,,,,,,,,,,,,,,,,,,,,,,,,,,,,,,,,,,,,,,,,,,,,,,,,,,,,,,,,,,,,,,,,,,,,,,,,,,,,,,,,,,,,,,,,,,,,,,,,,,,,,0.0,147,84
2026-27,football,Empire 8 (E8),e8,Brockport,"Bernas,Jaxon",Jaxon,Bernas,,78,"Bernas,Jaxon","BERNAS,JAXON",Brockport,BPT,652-8377,1,0,40,40,0,0,LB,0,,,,,,,,,,,,,,,,,,,,,,,,,,,,,,,,,,,,,,,,,,,,,,,,,,,,,,,,,,,,,,,,,,,,,,,,,,,,,,,,,,,,,,,,,,,,,,,,,,,,,,,,,,,,,,,,,,,,,,,,,,,,,,,,0.0,148,84
2026-27,football,Empire 8 (E8),e8,Utica,"Bianchino,ADante",ADante,Bianchino,,733,"Bianchino,ADante","BIANCHINO,ADANTE",Utica,UTC,1010-6576,4,4,71,71,0,OL,0,0,,,,,,,,,,,,,,,,,,,,,,,,,,,,,,,,,,,,,,,,,,,,,,,,,,,,,,,,,,,,,,,,,,,,,,,,,,,,,,,,,,,,,,,,,,,,,,,,,,,,,,,,,,,,,,,,,,,,,,,,,,,,,,,,0.0,149,84
2026-27,football,Empire 8 (E8),e8,Alfred St.,"Bieling,Owen",Owen,Bieling,,30170,"Bieling,Owen","BIELING,OWEN",Alfred St.,ASC,1447-3966,2,0,73,73,0,OL,0,0,,,,,,,,,,,,,,,,,,,,,,,,,,,,,,,,,,,,,,,,,,,,,,,,,,,,,,,,,,,,,,,,,,,,,,,,,,,,,,,,,,,,,,,,,,,,,,,,,,,,,,,,,,,,,,,,,,,,,,,,,,,,,,,,0.0,150,84
2026-27,football,Empire 8 (E8),e8,Alfred,"Bishop,Owen",Owen,Bishop,,18,"Bishop,Owen","BISHOP,OWEN",Alfred,ALF,1003-4841,4,0,6,6,0,0,0,0,,,,,,,,,,,,,,,,,,,,,,,,,,,,,,,,,,,,,,,,,,,,,,,,,,,,,,,,,,,,,,,,,,,,,,,,,,,,,,,,,,,,,,,,,,,,,,,,,,,,,,,,,,,,,,,,,,,,,,,,,,,17,922,3,5,54.2,0.0,151,84
2026-27,football,Empire 8 (E8),e8,Alfred,"Blakley,Sean",Sean,Blakley,,18,"Blakley,Sean","BLAKLEY,SEAN",Alfred,ALF,1003-5872,3,3,72,72,0,OL,0,0,,,,,,,,,,,,,,,,,,,,,,,,,,,,,,,,,,,,,,,,,,,,,,,,,,,,,,,,,,,,,,,,,,,,,,,,,,,,,,,,,,,,,,,,,,,,,,,,,,,,,,,,,,,,,,,,,,,,,,,,,,,,,,,,0.0,152,84
2026-27,football,Empire 8 (E8),e8,Cortland,"Bligen,Zahmair",Zahmair,Bligen,,168,"Bligen,Zahmair","BLIGEN,ZAHMAIR",Cortland,COR,1168-6576,1,0,96,96,0,0,DL,0,,,,,,,,,,,,,,,,,,,,,,,,,,,,,,,,,,,,,,,,,,,,,,,,,,,,,,,,,,,,,,,,,,,,,,,,,,,,,,,,,,,,,,,,,,,,,,,,,,,,,,,,,,,,,,,,,,,,,,,,,,,,,,,,0.0,153,84
2026-27,football,Empire 8 (E8),e8,Utica,"Boss,William",William,Boss,,733,"Boss,William","BOSS,WILLIAM",Utica,UTC,1010-6616,4,0,69,69,0,0,0,0,,,,,,,,,,,,,,,,,,,,,,,,,,,,,,,,,,,,,,,,,,,,,,,,,,,,,,,,,,,,,,,,,,,,,,,,,,,,,,,,,,,,,,,,,,,,,,,,,,,,,,,,,,,,,,,,,,,,,,,,,,,,,,,,0.0,154,84
2026-27,football,Empire 8 (E8),e8,Alfred,"Brown,Da'Vonte",Da'Vonte,Brown,,18,"Brown,Da'Vonte","BROWN,DA'VONTE",Alfred,ALF,1003-6514,3,3,64,64,0,OL,0,0,,,,,,,,,,,,,,,,,,,,,,,,,,,,,,,,,,,,,,,,,,,,,,,,,,,,,,,,,,,,,,,,,,,,,,,,,,,,,,,,,,,,,,,,,,,,,,,,,,,,,,,,,,,,,,,,,,,,,,,,,,,,,,,,0.0,155,84
2026-27,football,Empire 8 (E8),e8,Morrisville,"Broyles,Shawn",Shawn,Broyles,,30067,"Broyles,Shawn","BROYLES,SHAWN",Morrisville,MOR,0,1,0,30,30,0,0,DB,0,,,,,,,,,,,,,,,,,,,,,,,,,,,,,,,,,,,,,,,,,,,,,,,,,,,,,,,,,,,,,,,,,,,,,,,,,,,,,,,,,,,,,,,,,,,,,,,,,,,,,,,,,,,,,,,,,,,,,,,,,,,,,,,,0.0,156,84
2026-27,football,Empire 8 (E8),e8,Cortland,Cam Freeman,Cam,Freeman,,168,Cam Freeman,"FREEMAN,CAM",Cortland,COR,1168-6593,4,0,36,36,0,0,0,0,,,,,,,,,,,,,,,,,,,,,,,,,,,,,,,,,,,,,,,,,,,,,,,,,,,,,,,,,,,,,,,,,,,,,,,,,,,,,,,,,,,,,,,,,,,,,,,,,,,,,,,,,,,,,,,,,,,,,,,,,,,,,,,,0.0,157,84
2026-27,football,Empire 8 (E8),e8,St. John Fisher,Camron Quick,Camron,Quick,,601,Camron Quick,"QUICK,CAMRON",St. John Fisher,ST. JOHN,1009-6870,1,0,35,35,0,0,0,0,,,,,,,,,,,,,,,,,,,,,,,,,,,,,,,,,,,,,,,,,,,,,,,,,,,,,,,,,,,,,,,,,,,,,,,,,,,,,,,,,,,,,,,,,,,,,,,,,,,,,,,,,,,,,,,,,,,,,,,,,,,,,,,,0.0,158,83
2026-27,football,Empire 8 (E8),e8,Utica,"Chester,Taden",Taden,Chester,,733,"Chester,Taden","CHESTER,TADEN",Utica,UTC,0,1,0,39,39,0,0,DB,0,,,,,,,,,,,,,,,,,,,,,,,,,,,,,,,,,,,,,,,,,,,,,,,,,,,,,,,,,,,,,,,,,,,,,,,,,,,,,,,,,,,,,,,,,,,,,,,,,,,,,,,,,,,,,,,,,,,,,,,,,,,,,,,,0.0,159,83
2026-27,football,Empire 8 (E8),e8,Alfred St.,"Clar,Maxwell",Maxwell,Clar,,30170,"Clar,Maxwell","CLAR,MAXWELL",Alfred St.,ASC,1447-2396,4,4,71,71,0,OL,0,0,,,,,,,,,,,,,,,,,,,,,,,,,,,,,,,,,,,,,,,,,,,,,,,,,,,,,,,,,,,,,,,,,,,,,,,,,,,,,,,,,,,,,,,,,,,,,,,,,,,,,,,,,,,,,,,,,,,,,,,,,,,,,,,,0.0,160,83
2026-27,football,Empire 8 (E8),e8,Brockport,"Cole,Nate",Nate,Cole,,78,"Cole,Nate","COLE,NATE",Brockport,BPT,652-8403,2,1,72,72,0,OL,0,0,,,,,,,,,,,,,,,,,,,,,,,,,,,,,,,,,,,,,,,,,,,,,,,,,,,,,,,,,,,,,,,,,,,,,,,,,,,,,,,,,,,,,,,,,,,,,,,,,,,,,,,,,,,,,,,,,,,,,,,,,,,,,,,,0.0,161,83
2026-27,football,Empire 8 (E8),e8,Morrisville,"Copperwheat,Stephen",Stephen,Copperwheat,,30067,"Copperwheat,Stephen","COPPERWHEAT,STEPHEN",Morrisville,MOR,1388-2291,2,0,67,67,0,OL,0,0,,,,,,,,,,,,,,,,,,,,,,,,,,,,,,,,,,,,,,,,,,,,,,,,,,,,,,,,,,,,,,,,,,,,,,,,,,,,,,,,,,,,,,,,,,,,,,,,,,,,,,,,,,,,,,,,,,,,,,,,,,,,,,,,0.0,162,83
2026-27,football,Empire 8 (E8),e8,Hartwick,"Cummings,Austin",Austin,Cummings,,273,"Cummings,Austin","CUMMINGS,AUSTIN",Hartwick,HC,1005-3302,4,4,71,71,0,OL,0,0,,,,,,,,,,,,,,,,,,,,,,,,,,,,,,,,,,,,,,,,,,,,,,,,,,,,,,,,,,,,,,,,,,,,,,,,,,,,,,,,,,,,,,,,,,,,,,,,,,,,,,,,,,,,,,,,,,,,,,,,,,,,,,,,0.0,163,83
2026-27,football,Empire 8 (E8),e8,Alfred St.,"Curran,Patrick",Patrick,Curran,,30170,"Curran,Patrick","CURRAN,PATRICK",Alfred St.,ASC,1447-3982,2,0,75,75,0,OL,0,0,,,,,,,,,,,,,,,,,,,,,,,,,,,,,,,,,,,,,,,,,,,,,,,,,,,,,,,,,,,,,,,,,,,,,,,,,,,,,,,,,,,,,,,,,,,,,,,,,,,,,,,,,,,,,,,,,,,,,,,,,,,,,,,,0.0,164,83
2026-27,football,Empire 8 (E8),e8,Morrisville,"D'Avanzo,Eddie",Eddie,D'Avanzo,,30067,"D'Avanzo,Eddie","D'AVANZO,EDDIE",Morrisville,MOR,1388-2281,4,4,68,68,0,OL,0,0,,,,,,,,,,,,,,,,,,,,,,,,,,,,,,,,,,,,,,,,,,,,,,,,,,,,,,,,,,,,,,,,,,,,,,,,,,,,,,,,,,,,,,,,,,,,,,,,,,,,,,,,,,,,,,,,,,,,,,,,,,,,,,,,0.0,165,83
2026-27,football,Empire 8 (E8),e8,Alfred,Daniel Nwosu Jr,Daniel Nwosu,Jr,,18,Daniel Nwosu Jr,"JR,DANIEL NWOSU",Alfred,ALF,1003-6495,1,0,2O,2O,0,0,0,0,,,,,,,,,,,,,,,,,,,,,,,,,,,,,,,,,,,,,,,,,,,,,,,,,,,,,,,,,,,,,,,,,,,,,,,,,,,,,,,,,,,,,,,,,,,,,,,,,,,,,,,,,,,,,,,,,,,,,,,,,,,,,,,,0.0,166,83
2026-27,football,Empire 8 (E8),e8,Hartwick,"Darcey,Colin",Colin,Darcey,,273,"Darcey,Colin","DARCEY,COLIN",Hartwick,HC,1005-3665,3,2,72,72,0,OL,0,0,,,,,,,,,,,,,,,,,,,,,,,,,,,,,,,,,,,,,,,,,,,,,,,,,,,,,,,,,,,,,,,,,,,,,,,,,,,,,,,,,,,,,,,,,,,,,,,,,,,,,,,,,,,,,,,,,,,,,,,,,,,,,,,,0.0,167,83
2026-27,football,Empire 8 (E8),e8,St. John Fisher,Davis Damelio,Davis,Damelio,,601,Davis Damelio,"DAMELIO,DAVIS",St. John Fisher,ST. JOHN,1009-6117,2,2,58,58,0,LG,0,0,,,,,,,,,,,,,,,,,,,,,,,,,,,,,,,,,,,,,,,,,,,,,,,,,,,,,,,,,,,,,,,,,,,,,,,,,,,,,,,,,,,,,,,,,,,,,,,,,,,,,,,,,,,,,,,,,,,,,,,,,,,,,,,,0.0,168,83
2026-27,football,Empire 8 (E8),e8,St. John Fisher,"DeVito,Joe",Joe,DeVito,,601,"DeVito,Joe","DEVITO,JOE",St. John Fisher,ST. JOHN,1009-6144,2,0,89,89,0,TE,0,0,,,,,,,,,,,,,,,,,,,,,,,,,,,,,,,,,,,,,,,,,,,,,,,,,,,,,,,,,,,,,,,,,,,,,,,,,,,,,,,,,,,,,,,,,,,,,,,,,,,,,,,,,,,,,,,,,,,,,,,,,,,,,,,,0.0,169,83
2026-27,football,Empire 8 (E8),e8,Alfred,"Deans,Ian",Ian,Deans,,18,"Deans,Ian","DEANS,IAN",Alfred,ALF,1003-5879,2,1,60,60,0,OL,0,0,,,,,,,,,,,,,,,,,,,,,,,,,,,,,,,,,,,,,,,,,,,,,,,,,,,,,,,,,,,,,,,,,,,,,,,,,,,,,,,,,,,,,,,,,,,,,,,,,,,,,,,,,,,,,,,,,,,,,,,,,,,,,,,,0.0,170,83
2026-27,football,Empire 8 (E8),e8,Hartwick,"Dempsey,Matthew",Matthew,Dempsey,,273,"Dempsey,Matthew","DEMPSEY,MATTHEW",Hartwick,HC,1005-3666,1,1,14,1E,0,0,CB,0,,,,,,,,,,,,,,,,,,,,,,,,,,,,,,,,,,,,,,,,,,,,,,,,,,,,,,,,,,,,,,,,,,,,,,,,,,,,,,,,,,,,,,,,,,,,,,,,,,,,,,,,,,,,,,,,,,,,,,,,,,,,,,,,0.0,171,82
2026-27,football,Empire 8 (E8),e8,Alfred St.,"Denue,Cadyn",Cadyn,Denue,,30170,"Denue,Cadyn","DENUE,CADYN",Alfred St.,ASC,1447-3939,1,0,78,78,0,OL,0,0,,,,,,,,,,,,,,,,,,,,,,,,,,,,,,,,,,,,,,,,,,,,,,,,,,,,,,,,,,,,,,,,,,,,,,,,,,,,,,,,,,,,,,,,,,,,,,,,,,,,,,,,,,,,,,,,,,,,,,,,,,,,,,,,0.0,172,82
2026-27,football,Empire 8 (E8),e8,Utica,"Devlin,Michael",Michael,Devlin,,733,"Devlin,Michael","DEVLIN,MICHAEL",Utica,UTC,0,1,0,55,55,0,OL,0,0,,,,,,,,,,,,,,,,,,,,,,,,,,,,,,,,,,,,,,,,,,,,,,,,,,,,,,,,,,,,,,,,,,,,,,,,,,,,,,,,,,,,,,,,,,,,,,,,,,,,,,,,,,,,,,,,,,,,,,,,,,,,,,,,0.0,173,82
2026-27,football,Empire 8 (E8),e8,Cortland,"Dietz,Mason",Mason,Dietz,,168,"Dietz,Mason","DIETZ,MASON",Cortland,COR,1168-6589,2,0,55,55,0,OL,0,0,,,,,,,,,,,,,,,,,,,,,,,,,,,,,,,,,,,,,,,,,,,,,,,,,,,,,,,,,,,,,,,,,,,,,,,,,,,,,,,,,,,,,,,,,,,,,,,,,,,,,,,,,,,,,,,,,,,,,,,,,,,,,,,,0.0,174,82
2026-27,football,Empire 8 (E8),e8,Hartwick,"Donovan,Sam",Sam,Donovan,,273,"Donovan,Sam","DONOVAN,SAM",Hartwick,HC,0,1,0,80,80,0,WR,0,0,,,,,,,,,,,,,,,,,,,,,,,,,,,,,,,,,,,,,,,,,,,,,,,,,,,,,,,,,,,,,,,,,,,,,,,,,,,,,,,,,,,,,,,,,,,,,,,,,,,,,,,,,,,,,,,,,,,,,,,,,,,,,,,,0.0,175,82
2026-27,football,Empire 8 (E8),e8,Brockport,"Ellis,Owen",Owen,Ellis,,78,"Ellis,Owen","ELLIS,OWEN",Brockport,BPT,652-7966,1,0,48,48,0,0,DB,0,,,,,,,,,,,,,,,,,,,,,,,,,,,,,,,,,,,,,,,,,,,,,,,,,,,,,,,,,,,,,,,,,,,,,,,,,,,,,,,,,,,,,,,,,,,,,,,,,,,,,,,,,,,,,,,,,,,,,,,,,,,,,,,,0.0,176,82
2026-27,football,Empire 8 (E8),e8,Alfred,Eric Hoffman,Eric,Hoffman,,18,Eric Hoffman,"HOFFMAN,ERIC",Alfred,ALF,1003-5891,1,0,11,11,0,0,0,0,,,,,,,,,,,,,,,,,,,,,,,,,,,,,,,,,,,,,,,,,,,,,,,,,,,,,,,,,,,,,,,,,,,,,,,,,,,,,,,,,,,,,,,,,,,,,,,,,,,,,,,,,,,,,,,,,,,,,,,,,,,,,,,,0.0,177,82
2026-27,football,Empire 8 (E8),e8,Cortland,Evan English,Evan,English,,168,Evan English,"ENGLISH,EVAN",Cortland,COR,1168-6591,4,0,86,86,0,0,0,0,,,,,,,,,,,,,,,,,,,,,,,,,,,,,,,,,,,,,,,,,,,,,,,,,,,,,,,,,,,,,,,,,,,,,,,,,,,,,,,,,,,,,,,,,,,,,,,,,,,,,,,,,,,,,,,,,,,,,,,,,,,,,,,,0.0,178,82
2026-27,football,Empire 8 (E8),e8,Cortland,"Fardellone,Anthony",Anthony,Fardellone,,168,"Fardellone,Anthony","FARDELLONE,ANTHONY",Cortland,COR,1168-6964,1,0,93,93,0,0,DL,0,,,,,,,,,,,,,,,,,,,,,,,,,,,,,,,,,,,,,,,,,,,,,,,,,,,,,,,,,,,,,,,,,,,,,,,,,,,,,,,,,,,,,,,,,,,,,,,,,,,,,,,,,,,,,,,,,,,,,,,,,,,,,,,,0.0,179,82
2026-27,football,Empire 8 (E8),e8,Brockport,"Feeney,William",William,Feeney,,78,"Feeney,William","FEENEY,WILLIAM",Brockport,BPT,652-7967,4,3,56,56,0,OL,0,0,,,,,,,,,,,,,,,,,,,,,,,,,,,,,,,,,,,,,,,,,,,,,,,,,,,,,,,,,,,,,,,,,,,,,,,,,,,,,,,,,,,,,,,,,,,,,,,,,,,,,,,,,,,,,,,,,,,,,,,,,,,,,,,,0.0,180,82
2026-27,football,Empire 8 (E8),e8,Alfred St.,"Fiscus,Austin",Austin,Fiscus,,30170,"Fiscus,Austin","FISCUS,AUSTIN",Alfred St.,ASC,1447-3956,1,0,85,85,0,TE,0,0,,,,,,,,,,,,,,,,,,,,,,,,,,,,,,,,,,,,,,,,,,,,,,,,,,,,,,,,,,,,,,,,,,,,,,,,,,,,,,,,,,,,,,,,,,,,,,,,,,,,,,,,,,,,,,,,,,,,,,,,,,,,,,,,0.0,181,82
2026-27,football,Empire 8 (E8),e8,Cortland,"Fleischmann,Ryan",Ryan,Fleischmann,,168,"Fleischmann,Ryan","FLEISCHMANN,RYAN",Cortland,COR,1168-6965,2,0,76,76,0,OL,0,0,,,,,,,,,,,,,,,,,,,,,,,,,,,,,,,,,,,,,,,,,,,,,,,,,,,,,,,,,,,,,,,,,,,,,,,,,,,,,,,,,,,,,,,,,,,,,,,,,,,,,,,,,,,,,,,,,,,,,,,,,,,,,,,,0.0,182,82
2026-27,football,Empire 8 (E8),e8,Cortland,Frankie Colon,Frankie,Colon,,168,Frankie Colon,"COLON,FRANKIE",Cortland,COR,1168-6960,3,0,56,56,0,0,0,0,,,,,,,,,,,,,,,,,,,,,,,,,,,,,,,,,,,,,,,,,,,,,,,,,,,,,,,,,,,,,,,,,,,,,,,,,,,,,,,,,,,,,,,,,,,,,,,,,,,,,,,,,,,,,,,,,,,,,,,,,,,,,,,,0.0,183,81
2026-27,football,Empire 8 (E8),e8,Cortland,"Freeman,Cristian",Cristian,Freeman,,168,"Freeman,Cristian","FREEMAN,CRISTIAN",Cortland,COR,1168-6967,2,0,52,52,0,0,DB,0,,,,,,,,,,,,,,,,,,,,,,,,,,,,,,,,,,,,,,,,,,,,,,,,,,,,,,,,,,,,,,,,,,,,,,,,,,,,,,,,,,,,,,,,,,,,,,,,,,,,,,,,,,,,,,,,,,,,,,,,,,,,,,,,0.0,184,81
2026-27,football,Empire 8 (E8),e8,Alfred St.,"Fulton,Everett",Everett,Fulton,,30170,"Fulton,Everett","FULTON,EVERETT",Alfred St.,ASC,1447-3941,2,0,72,72,0,OL,0,0,,,,,,,,,,,,,,,,,,,,,,,,,,,,,,,,,,,,,,,,,,,,,,,,,,,,,,,,,,,,,,,,,,,,,,,,,,,,,,,,,,,,,,,,,,,,,,,,,,,,,,,,,,,,,,,,,,,,,,,,,,,,,,,,0.0,185,81
2026-27,football,Empire 8 (E8),e8,Brockport,"Gabbey Jr.,Jeremy",Jeremy,Gabbey Jr.,,78,"Gabbey Jr.,Jeremy","GABBEY JR.,JEREMY",Brockport,BPT,652-7381,3,3,52,52,0,OL,0,0,,,,,,,,,,,,,,,,,,,,,,,,,,,,,,,,,,,,,,,,,,,,,,,,,,,,,,,,,,,,,,,,,,,,,,,,,,,,,,,,,,,,,,,,,,,,,,,,,,,,,,,,,,,,,,,,,,,,,,,,,,,,,,,,0.0,186,81
2026-27,football,Empire 8 (E8),e8,Hartwick,"Gaddy,Javion",Javion,Gaddy,,273,"Gaddy,Javion","GADDY,JAVION",Hartwick,HC,1005-3458,1,0,87,87,0,WR,0,0,,,,,,,,,,,,,,,,,,,,,,,,,,,,,,,,,,,,,,,,,,,,,,,,,,,,,,,,,,,,,,,,,,,,,,,,,,,,,,,,,,,,,,,,,,,,,,,,,,,,,,,,,,,,,,,,,,,,,,,,,,,,,,,,0.0,187,81
2026-27,football,Empire 8 (E8),e8,Alfred,"Gaglio,Nick",Nick,Gaglio,,18,"Gaglio,Nick","GAGLIO,NICK",Alfred,ALF,1003-5884,2,2,79,79,0,OL,0,0,,,,,,,,,,,,,,,,,,,,,,,,,,,,,,,,,,,,,,,,,,,,,,,,,,,,,,,,,,,,,,,,,,,,,,,,,,,,,,,,,,,,,,,,,,,,,,,,,,,,,,,,,,,,,,,,,,,,,,,,,,,,,,,,0.0,188,81
2026-27,football,Empire 8 (E8),e8,Cortland,"Galuski,Mark",Mark,Galuski,,168,"Galuski,Mark","GALUSKI,MARK",Cortland,COR,1168-6969,1,0,51,51,0,0,DB,0,,,,,,,,,,,,,,,,,,,,,,,,,,,,,,,,,,,,,,,,,,,,,,,,,,,,,,,,,,,,,,,,,,,,,,,,,,,,,,,,,,,,,,,,,,,,,,,,,,,,,,,,,,,,,,,,,,,,,,,,,,,,,,,,0.0,189,81
2026-27,football,Empire 8 (E8),e8,Alfred St.,"Gamache Jr.,Chad",Chad,Gamache Jr.,,30170,"Gamache Jr.,Chad","GAMACHE JR.,CHAD",Alfred St.,ASC,1447-3946,1,0,87,87,0,TE,0,0,,,,,,,,,,,,,,,,,,,,,,,,,,,,,,,,,,,,,,,,,,,,,,,,,,,,,,,,,,,,,,,,,,,,,,,,,,,,,,,,,,,,,,,,,,,,,,,,,,,,,,,,,,,,,,,,,,,,,,,,,,,,,,,,0.0,190,81
2026-27,football,Empire 8 (E8),e8,Cortland,"Glover,Carson",Carson,Glover,,168,"Glover,Carson","GLOVER,CARSON",Cortland,COR,1168-6595,3,0,87,87,0,WR,0,0,,,,,,,,,,,,,,,,,,,,,,,,,,,,,,,,,,,,,,,,,,,,,,,,,,,,,,,,,,,,,,,,,,,,,,,,,,,,,,,,,,,,,,,,,,,,,,,,,,,,,,,,,,,,,,,,,,,,,,,,,,,,,,,,0.0,191,81
2026-27,football,Empire 8 (E8),e8,Utica,"Grech,Gavin",Gavin,Grech,,733,"Grech,Gavin","GRECH,GAVIN",Utica,UTC,1010-6297,4,2,79,79,0,OL,0,0,,,,,,,,,,,,,,,,,,,,,,,,,,,,,,,,,,,,,,,,,,,,,,,,,,,,,,,,,,,,,,,,,,,,,,,,,,,,,,,,,,,,,,,,,,,,,,,,,,,,,,,,,,,,,,,,,,,,,,,,,,,,,,,,0.0,192,81
2026-27,football,Empire 8 (E8),e8,Cortland,"Greco,Gino",Gino,Greco,,168,"Greco,Gino","GRECO,GINO",Cortland,COR,1168-6971,1,0,47,47,0,0,LB,0,,,,,,,,,,,,,,,,,,,,,,,,,,,,,,,,,,,,,,,,,,,,,,,,,,,,,,,,,,,,,,,,,,,,,,,,,,,,,,,,,,,,,,,,,,,,,,,,,,,,,,,,,,,,,,,,,,,,,,,,,,,,,,,,0.0,193,81
2026-27,football,Empire 8 (E8),e8,Alfred St.,"Grenier,Astryn",Astryn,Grenier,,30170,"Grenier,Astryn","GRENIER,ASTRYN",Alfred St.,ASC,1447-3958,1,0,44,44,0,RB,0,0,,,,,,,,,,,,,,,,,,,,,,,,,,,,,,,,,,,,,,,,,,,,,,,,,,,,,,,,,,,,,,,,,,,,,,,,,,,,,,,,,,,,,,,,,,,,,,,,,,,,,,,,,,,,,,,,,,,,,,,,,,,,,,,,0.0,194,81
2026-27,football,Empire 8 (E8),e8,Utica,"Griffey,Brendan",Brendan,Griffey,,733,"Griffey,Brendan","GRIFFEY,BRENDAN",Utica,UTC,1010-7338,4,0,90,90,0,0,0,0,,,,,,,,,,,,,,,,,,,,,,,,,,,,,,,,,,,,,,,,,,,,,,,,,,,,,,,,,,,,,,,,,,,,,,,,,,,,,,,,,,,,,,,,,,,,,,,,,,,,,,,,,,,,,,,,,,,,,,,,,,,19,1080,2,0,56.8,0.0,195,81
2026-27,football,Empire 8 (E8),e8,Cortland,"Grishaj,Peter",Peter,Grishaj,,168,"Grishaj,Peter","GRISHAJ,PETER",Cortland,COR,1168-6972,2,0,61,61,0,OL,0,0,,,,,,,,,,,,,,,,,,,,,,,,,,,,,,,,,,,,,,,,,,,,,,,,,,,,,,,,,,,,,,,,,,,,,,,,,,,,,,,,,,,,,,,,,,,,,,,,,,,,,,,,,,,,,,,,,,,,,,,,,,,,,,,,0.0,196,80
2026-27,football,Empire 8 (E8),e8,Cortland,"Guida,Andrew",Andrew,Guida,,168,"Guida,Andrew","GUIDA,ANDREW",Cortland,COR,1168-6974,3,0,79,79,0,OL,0,0,,,,,,,,,,,,,,,,,,,,,,,,,,,,,,,,,,,,,,,,,,,,,,,,,,,,,,,,,,,,,,,,,,,,,,,,,,,,,,,,,,,,,,,,,,,,,,,,,,,,,,,,,,,,,,,,,,,,,,,,,,,,,,,,0.0,197,80
2026-27,football,Empire 8 (E8),e8,Utica,"Hanson,Justin",Justin,Hanson,,733,"Hanson,Justin","HANSON,JUSTIN",Utica,UTC,0,1,0,76,76,0,OL,0,0,,,,,,,,,,,,,,,,,,,,,,,,,,,,,,,,,,,,,,,,,,,,,,,,,,,,,,,,,,,,,,,,,,,,,,,,,,,,,,,,,,,,,,,,,,,,,,,,,,,,,,,,,,,,,,,,,,,,,,,,,,,,,,,,0.0,198,80
2026-27,football,Empire 8 (E8),e8,Morrisville,"Hartley,William",William,Hartley,,30067,"Hartley,William","HARTLEY,WILLIAM",Morrisville,MOR,1388-2518,2,0,87,87,0,TE,0,0,,,,,,,,,,,,,,,,,,,,,,,,,,,,,,,,,,,,,,,,,,,,,,,,,,,,,,,,,,,,,,,,,,,,,,,,,,,,,,,,,,,,,,,,,,,,,,,,,,,,,,,,,,,,,,,,,,,,,,,,,,,,,,,,0.0,199,80
2026-27,football,Empire 8 (E8),e8,Alfred St.,"Heagney,Reed",Reed,Heagney,,30170,"Heagney,Reed","HEAGNEY,REED",Alfred St.,ASC,1447-3920,2,0,89,89,0,TE,0,0,,,,,,,,,,,,,,,,,,,,,,,,,,,,,,,,,,,,,,,,,,,,,,,,,,,,,,,,,,,,,,,,,,,,,,,,,,,,,,,,,,,,,,,,,,,,,,,,,,,,,,,,,,,,,,,,,,,,,,,,,,,,,,,,0.0,200,80
2026-27,football,Empire 8 (E8),e8,Alfred St.,"Hector,Xavier",Xavier,Hector,,30170,"Hector,Xavier","HECTOR,XAVIER",Alfred St.,ASC,1447-3930,1,0,82,82,0,WR,0,0,,,,,,,,,,,,,,,,,,,,,,,,,,,,,,,,,,,,,,,,,,,,,,,,,,,,,,,,,,,,,,,,,,,,,,,,,,,,,,,,,,,,,,,,,,,,,,,,,,,,,,,,,,,,,,,,,,,,,,,,,,,,,,,,0.0,201,80
2026-27,football,Empire 8 (E8),e8,Alfred St.,"Hennessy,Maleek",Maleek,Hennessy,,30170,"Hennessy,Maleek","HENNESSY,MALEEK",Alfred St.,ASC,1447-3904,2,0,76,76,0,OL,0,0,,,,,,,,,,,,,,,,,,,,,,,,,,,,,,,,,,,,,,,,,,,,,,,,,,,,,,,,,,,,,,,,,,,,,,,,,,,,,,,,,,,,,,,,,,,,,,,,,,,,,,,,,,,,,,,,,,,,,,,,,,,,,,,,0.0,202,80
2026-27,football,Empire 8 (E8),e8,Utica,"Henriquez,Jaiden",Jaiden,Henriquez,,733,"Henriquez,Jaiden","HENRIQUEZ,JAIDEN",Utica,UTC,0,1,0,99,99,0,0,DL,0,,,,,,,,,,,,,,,,,,,,,,,,,,,,,,,,,,,,,,,,,,,,,,,,,,,,,,,,,,,,,,,,,,,,,,,,,,,,,,,,,,,,,,,,,,,,,,,,,,,,,,,,,,,,,,,,,,,,,,,,,,,,,,,,0.0,203,80
2026-27,football,Empire 8 (E8),e8,Alfred St.,"Houde,Griffin",Griffin,Houde,,30170,"Houde,Griffin","HOUDE,GRIFFIN",Alfred St.,ASC,1447-3970,1,0,48,48,0,RB,0,0,,,,,,,,,,,,,,,,,,,,,,,,,,,,,,,,,,,,,,,,,,,,,,,,,,,,,,,,,,,,,,,,,,,,,,,,,,,,,,,,,,,,,,,,,,,,,,,,,,,,,,,,,,,,,,,,,,,,,,,,,,,,,,,,0.0,204,80
2026-27,football,Empire 8 (E8),e8,Utica,"Igneri,Tim",Tim,Igneri,,733,"Igneri,Tim","IGNERI,TIM",Utica,UTC,1010-7370,2,0,80,80,0,TE,0,0,,,,,,,,,,,,,,,,,,,,,,,,,,,,,,,,,,,,,,,,,,,,,,,,,,,,,,,,,,,,,,,,,,,,,,,,,,,,,,,,,,,,,,,,,,,,,,,,,,,,,,,,,,,,,,,,,,,,,,,,,,,,,,,,0.0,205,80
2026-27,football,Empire 8 (E8),e8,St. John Fisher,Ivan Pusloskie,Ivan,Pusloskie,,601,Ivan Pusloskie,"PUSLOSKIE,IVAN",St. John Fisher,ST. JOHN,1009-6868,1,0,63,63,0,0,0,0,,,,,,,,,,,,,,,,,,,,,,,,,,,,,,,,,,,,,,,,,,,,,,,,,,,,,,,,,,,,,,,,,,,,,,,,,,,,,,,,,,,,,,,,,,,,,,,,,,,,,,,,,,,,,,,,,,,,,,,,,,,,,,,,0.0,206,80
2026-27,football,Empire 8 (E8),e8,St. John Fisher,Jacob Sturgis,Jacob,Sturgis,,601,Jacob Sturgis,"STURGIS,JACOB",St. John Fisher,ST. JOHN,1009-5895,4,4,73,73,0,RG,0,0,,,,,,,,,,,,,,,,,,,,,,,,,,,,,,,,,,,,,,,,,,,,,,,,,,,,,,,,,,,,,,,,,,,,,,,,,,,,,,,,,,,,,,,,,,,,,,,,,,,,,,,,,,,,,,,,,,,,,,,,,,,,,,,,0.0,207,80
2026-27,football,Empire 8 (E8),e8,Cortland,Jake Schlipf,Jake,Schlipf,,168,Jake Schlipf,"SCHLIPF,JAKE",Cortland,COR,1168-6614,4,0,46,46,0,0,0,0,,,,,,,,,,,,,,,,,,,,,,,,,,,,,,,,,,,,,,,,,,,,,,,,,,,,,,,,,,,,,,,,,,,,,,,,,,,,,,,,,,,,,,,,,,,,,,,,,,,,,,,,,,,,,,,,,,,,,,,,,,,,,,,,0.0,208,79
2026-27,football,Empire 8 (E8),e8,St. John Fisher,Jameson Quinn,Jameson,Quinn,,601,Jameson Quinn,"QUINN,JAMESON",St. John Fisher,ST. JOHN,1009-6185,1,0,27,27,0,0,0,0,,,,,,,,,,,,,,,,,,,,,,,,,,,,,,,,,,,,,,,,,,,,,,,,,,,,,,,,,,,,,,,,,,,,,,,,,,,,,,,,,,,,,,,,,,,,,,,,,,,,,,,,,,,,,,,,,,,,,,,,,,,,,,,,0.0,209,79
2026-27,football,Empire 8 (E8),e8,St. John Fisher,Jared Curcio,Jared,Curcio,,601,Jared Curcio,"CURCIO,JARED",St. John Fisher,ST. JOHN,1009-6463,4,3,75,75,0,0,0,0,,,,,,,,,,,,,,,,,,,,,,,,,,,,,,,,,,,,,,,,,,,,,,,,,,,,,,,,,,,,,,,,,,,,,,,,,,,,,,,,,,,,,,,,,,,,,,,,,,,,,,,,,,,,,,,,,,,,,,,,,,,,,,,,0.0,210,79
2026-27,football,Empire 8 (E8),e8,St. John Fisher,Jason Kovaluskie,Jason,Kovaluskie,,601,Jason Kovaluskie,"KOVALUSKIE,JASON",St. John Fisher,ST. JOHN,1009-6162,4,4,65,65,0,RT,0,0,,,,,,,,,,,,,,,,,,,,,,,,,,,,,,,,,,,,,,,,,,,,,,,,,,,,,,,,,,,,,,,,,,,,,,,,,,,,,,,,,,,,,,,,,,,,,,,,,,,,,,,,,,,,,,,,,,,,,,,,,,,,,,,,0.0,211,79
2026-27,football,Empire 8 (E8),e8,St. John Fisher,Jason Sherburne,Jason,Sherburne,,601,Jason Sherburne,"SHERBURNE,JASON",St. John Fisher,ST. JOHN,1009-6883,1,0,87,87,0,0,0,0,,,,,,,,,,,,,,,,,,,,,,,,,,,,,,,,,,,,,,,,,,,,,,,,,,,,,,,,,,,,,,,,,,,,,,,,,,,,,,,,,,,,,,,,,,,,,,,,,,,,,,,,,,,,,,,,,,,,,,,,,,,,,,,,0.0,212,79
2026-27,football,Empire 8 (E8),e8,Alfred,"Jeffers,Andrew",Andrew,Jeffers,,18,"Jeffers,Andrew","JEFFERS,ANDREW",Alfred,ALF,1003-6502,2,0,30,30,0,0,LB,0,,,,,,,,,,,,,,,,,,,,,,,,,,,,,,,,,,,,,,,,,,,,,,,,,,,,,,,,,,,,,,,,,,,,,,,,,,,,,,,,,,,,,,,,,,,,,,,,,,,,,,,,,,,,,,,,,,,,,,,,,,,,,,,,0.0,213,79
2026-27,football,Empire 8 (E8),e8,St. John Fisher,Joe Main,Joe,Main,,601,Joe Main,"MAIN,JOE",St. John Fisher,ST. JOHN,1009-6168,4,4,61,61,0,C,0,0,,,,,,,,,,,,,,,,,,,,,,,,,,,,,,,,,,,,,,,,,,,,,,,,,,,,,,,,,,,,,,,,,,,,,,,,,,,,,,,,,,,,,,,,,,,,,,,,,,,,,,,,,,,,,,,,,,,,,,,,,,,,,,,,0.0,214,79
2026-27,football,Empire 8 (E8),e8,St. John Fisher,Joey Rightmyre,Joey,Rightmyre,,601,Joey Rightmyre,"RIGHTMYRE,JOEY",St. John Fisher,ST. JOHN,1009-5888,1,0,74,74,0,0,0,0,,,,,,,,,,,,,,,,,,,,,,,,,,,,,,,,,,,,,,,,,,,,,,,,,,,,,,,,,,,,,,,,,,,,,,,,,,,,,,,,,,,,,,,,,,,,,,,,,,,,,,,,,,,,,,,,,,,,,,,,,,,,,,,,0.0,215,79
2026-27,football,Empire 8 (E8),e8,Morrisville,"Jordan,Derek",Derek,Jordan,,30067,"Jordan,Derek","JORDAN,DEREK",Morrisville,MOR,0,1,0,64,64,0,OL,0,0,,,,,,,,,,,,,,,,,,,,,,,,,,,,,,,,,,,,,,,,,,,,,,,,,,,,,,,,,,,,,,,,,,,,,,,,,,,,,,,,,,,,,,,,,,,,,,,,,,,,,,,,,,,,,,,,,,,,,,,,,,,,,,,,0.0,216,79
2026-27,football,Empire 8 (E8),e8,Morrisville,"Kaba,Cherinoh",Cherinoh,Kaba,,30067,"Kaba,Cherinoh","KABA,CHERINOH",Morrisville,MOR,1388-2108,4,4,77,77,0,OL,0,0,,,,,,,,,,,,,,,,,,,,,,,,,,,,,,,,,,,,,,,,,,,,,,,,,,,,,,,,,,,,,,,,,,,,,,,,,,,,,,,,,,,,,,,,,,,,,,,,,,,,,,,,,,,,,,,,,,,,,,,,,,,,,,,,0.0,217,79
2026-27,football,Empire 8 (E8),e8,Alfred St.,"Karp,Caleb",Caleb,Karp,,30170,"Karp,Caleb","KARP,CALEB",Alfred St.,ASC,1447-2407,4,4,55,55,0,OL,0,0,,,,,,,,,,,,,,,,,,,,,,,,,,,,,,,,,,,,,,,,,,,,,,,,,,,,,,,,,,,,,,,,,,,,,,,,,,,,,,,,,,,,,,,,,,,,,,,,,,,,,,,,,,,,,,,,,,,,,,,,,,,,,,,,0.0,218,79
2026-27,football,Empire 8 (E8),e8,Utica,"Keats,Brody",Brody,Keats,,733,"Keats,Brody","KEATS,BRODY",Utica,UTC,0,1,0,64,64,0,OL,0,0,,,,,,,,,,,,,,,,,,,,,,,,,,,,,,,,,,,,,,,,,,,,,,,,,,,,,,,,,,,,,,,,,,,,,,,,,,,,,,,,,,,,,,,,,,,,,,,,,,,,,,,,,,,,,,,,,,,,,,,,,,,,,,,,0.0,219,79
2026-27,football,Empire 8 (E8),e8,Cortland,Kevin Whalen,Kevin,Whalen,,168,Kevin Whalen,"WHALEN,KEVIN",Cortland,COR,1168-5675,4,4,75,75,0,RT,0,0,,,,,,,,,,,,,,,,,,,,,,,,,,,,,,,,,,,,,,,,,,,,,,,,,,,,,,,,,,,,,,,,,,,,,,,,,,,,,,,,,,,,,,,,,,,,,,,,,,,,,,,,,,,,,,,,,,,,,,,,,,,,,,,,0.0,220,79
2026-27,football,Empire 8 (E8),e8,Cortland,"King,Brayden",Brayden,King,,168,"King,Brayden","KING,BRAYDEN",Cortland,COR,1168-6980,2,0,43,43,0,TE,0,0,,,,,,,,,,,,,,,,,,,,,,,,,,,,,,,,,,,,,,,,,,,,,,,,,,,,,,,,,,,,,,,,,,,,,,,,,,,,,,,,,,,,,,,,,,,,,,,,,,,,,,,,,,,,,,,,,,,,,,,,,,,,,,,,0.0,221,78
2026-27,football,Empire 8 (E8),e8,Cortland,"Kiszelewski,Matt",Matt,Kiszelewski,,168,"Kiszelewski,Matt","KISZELEWSKI,MATT",Cortland,COR,1168-6982,1,0,65,65,0,OL,0,0,,,,,,,,,,,,,,,,,,,,,,,,,,,,,,,,,,,,,,,,,,,,,,,,,,,,,,,,,,,,,,,,,,,,,,,,,,,,,,,,,,,,,,,,,,,,,,,,,,,,,,,,,,,,,,,,,,,,,,,,,,,,,,,,0.0,222,78
2026-27,football,Empire 8 (E8),e8,Hartwick,"Kresge,Ben",Ben,Kresge,,273,"Kresge,Ben","KRESGE,BEN",Hartwick,HC,1005-3679,1,0,82,82,0,TE,0,0,,,,,,,,,,,,,,,,,,,,,,,,,,,,,,,,,,,,,,,,,,,,,,,,,,,,,,,,,,,,,,,,,,,,,,,,,,,,,,,,,,,,,,,,,,,,,,,,,,,,,,,,,,,,,,,,,,,,,,,,,,,,,,,,0.0,223,78
2026-27,football,Empire 8 (E8),e8,Hartwick,"Kuruc,Max",Max,Kuruc,,273,"Kuruc,Max","KURUC,MAX",Hartwick,HC,1005-3467,3,2,65,65,0,OL,0,0,,,,,,,,,,,,,,,,,,,,,,,,,,,,,,,,,,,,,,,,,,,,,,,,,,,,,,,,,,,,,,,,,,,,,,,,,,,,,,,,,,,,,,,,,,,,,,,,,,,,,,,,,,,,,,,,,,,,,,,,,,,,,,,,0.0,224,78
2026-27,football,Empire 8 (E8),e8,Cortland,Kyle Ronk,Kyle,Ronk,,168,Kyle Ronk,"RONK,KYLE",Cortland,COR,1168-6998,4,0,70,70,0,0,0,0,,,,,,,,,,,,,,,,,,,,,,,,,,,,,,,,,,,,,,,,,,,,,,,,,,,,,,,,,,,,,,,,,,,,,,,,,,,,,,,,,,,,,,,,,,,,,,,,,,,,,,,,,,,,,,,,,,,,,,,,,,,,,,,,0.0,225,78
2026-27,football,Empire 8 (E8),e8,Brockport,"LaCasse,Isaiah",Isaiah,LaCasse,,78,"LaCasse,Isaiah","LACASSE,ISAIAH",Brockport,BPT,652-7495,1,1,63,63,0,OL,0,0,,,,,,,,,,,,,,,,,,,,,,,,,,,,,,,,,,,,,,,,,,,,,,,,,,,,,,,,,,,,,,,,,,,,,,,,,,,,,,,,,,,,,,,,,,,,,,,,,,,,,,,,,,,,,,,,,,,,,,,,,,,,,,,,0.0,226,78
2026-27,football,Empire 8 (E8),e8,Utica,"Loomis,Owen",Owen,Loomis,,733,"Loomis,Owen","LOOMIS,OWEN",Utica,UTC,0,1,0,97,97,0,0,0,0,,,,,,,,,,,,,,,,,,,,,,,,,,,,,,,,,,,,,,,,,,,,,,,,,,,,,,,,,,,,,,,,,,,,,,,,,,,,,,,,,,,,,,,,,,,,,,,,,,,,,,,,,,,,,,,,,,,,,,,,,,,3,161,0,0,53.7,0.0,227,78
2026-27,football,Empire 8 (E8),e8,Brockport,"Louer,Patrick",Patrick,Louer,,78,"Louer,Patrick","LOUER,PATRICK",Brockport,BPT,652-7032,1,0,88,88,0,TE,0,0,,,,,,,,,,,,,,,,,,,,,,,,,,,,,,,,,,,,,,,,,,,,,,,,,,,,,,,,,,,,,,,,,,,,,,,,,,,,,,,,,,,,,,,,,,,,,,,,,,,,,,,,,,,,,,,,,,,,,,,,,,,,,,,,0.0,228,78
2026-27,football,Empire 8 (E8),e8,Cortland,Lucas Houghton,Lucas,Houghton,,168,Lucas Houghton,"HOUGHTON,LUCAS",Cortland,COR,1168-6323,4,4,72,72,0,LG,0,0,,,,,,,,,,,,,,,,,,,,,,,,,,,,,,,,,,,,,,,,,,,,,,,,,,,,,,,,,,,,,,,,,,,,,,,,,,,,,,,,,,,,,,,,,,,,,,,,,,,,,,,,,,,,,,,,,,,,,,,,,,,,,,,,0.0,229,78
2026-27,football,Empire 8 (E8),e8,Brockport,"Madura,David",David,Madura,,78,"Madura,David","MADURA,DAVID",Brockport,BPT,652-7488,2,0,70,70,0,OL,0,0,,,,,,,,,,,,,,,,,,,,,,,,,,,,,,,,,,,,,,,,,,,,,,,,,,,,,,,,,,,,,,,,,,,,,,,,,,,,,,,,,,,,,,,,,,,,,,,,,,,,,,,,,,,,,,,,,,,,,,,,,,,,,,,,0.0,230,78
2026-27,football,Empire 8 (E8),e8,Brockport,"Malgieri,Liam",Liam,Malgieri,,78,"Malgieri,Liam","MALGIERI,LIAM",Brockport,BPT,652-7083,4,4,74,74,0,OL,0,0,,,,,,,,,,,,,,,,,,,,,,,,,,,,,,,,,,,,,,,,,,,,,,,,,,,,,,,,,,,,,,,,,,,,,,,,,,,,,,,,,,,,,,,,,,,,,,,,,,,,,,,,,,,,,,,,,,,,,,,,,,,,,,,,0.0,231,78
2026-27,football,Empire 8 (E8),e8,Cortland,"Mann,Kevin",Kevin,Mann,,168,"Mann,Kevin","MANN,KEVIN",Cortland,COR,1168-6985,2,0,53,53,0,OL,0,0,,,,,,,,,,,,,,,,,,,,,,,,,,,,,,,,,,,,,,,,,,,,,,,,,,,,,,,,,,,,,,,,,,,,,,,,,,,,,,,,,,,,,,,,,,,,,,,,,,,,,,,,,,,,,,,,,,,,,,,,,,,,,,,,0.0,232,78
2026-27,football,Empire 8 (E8),e8,Morrisville,"Marseille,Brian",Brian,Marseille,,30067,"Marseille,Brian","MARSEILLE,BRIAN",Morrisville,MOR,0,1,0,69,69,0,OL,0,0,,,,,,,,,,,,,,,,,,,,,,,,,,,,,,,,,,,,,,,,,,,,,,,,,,,,,,,,,,,,,,,,,,,,,,,,,,,,,,,,,,,,,,,,,,,,,,,,,,,,,,,,,,,,,,,,,,,,,,,,,,,,,,,,0.0,233,78
2026-27,football,Empire 8 (E8),e8,Alfred St.,"Martino,Karvel",Karvel,Martino,,30170,"Martino,Karvel","MARTINO,KARVEL",Alfred St.,ASC,1447-3922,2,0,99,99,0,0,DL,0,,,,,,,,,,,,,,,,,,,,,,,,,,,,,,,,,,,,,,,,,,,,,,,,,,,,,,,,,,,,,,,,,,,,,,,,,,,,,,,,,,,,,,,,,,,,,,,,,,,,,,,,,,,,,,,,,,,,,,,,,,,,,,,,0.0,234,77
2026-27,football,Empire 8 (E8),e8,St. John Fisher,Mason McGloin,Mason,McGloin,,601,Mason McGloin,"MCGLOIN,MASON",St. John Fisher,ST. JOHN,1009-6851,1,0,67,67,0,0,0,0,,,,,,,,,,,,,,,,,,,,,,,,,,,,,,,,,,,,,,,,,,,,,,,,,,,,,,,,,,,,,,,,,,,,,,,,,,,,,,,,,,,,,,,,,,,,,,,,,,,,,,,,,,,,,,,,,,,,,,,,,,,,,,,,0.0,235,77
2026-27,football,Empire 8 (E8),e8,Alfred,"Massacesi,Cesar",Cesar,Massacesi,,18,"Massacesi,Cesar","MASSACESI,CESAR",Alfred,ALF,1003-6089,3,1,85,85,0,TE,0,0,,,,,,,,,,,,,,,,,,,,,,,,,,,,,,,,,,,,,,,,,,,,,,,,,,,,,,,,,,,,,,,,,,,,,,,,,,,,,,,,,,,,,,,,,,,,,,,,,,,,,,,,,,,,,,,,,,,,,,,,,,,,,,,,0.0,236,77
2026-27,football,Empire 8 (E8),e8,Alfred,"Matheis,Luke",Luke,Matheis,,18,"Matheis,Luke","MATHEIS,LUKE",Alfred,ALF,1003-5899,4,3,74,74,0,OL,0,0,,,,,,,,,,,,,,,,,,,,,,,,,,,,,,,,,,,,,,,,,,,,,,,,,,,,,,,,,,,,,,,,,,,,,,,,,,,,,,,,,,,,,,,,,,,,,,,,,,,,,,,,,,,,,,,,,,,,,,,,,,,,,,,,0.0,237,77
2026-27,football,Empire 8 (E8),e8,St. John Fisher,Matt Bonk,Matt,Bonk,,601,Matt Bonk,"BONK,MATT",St. John Fisher,ST. JOHN,1009-5844,2,0,39,39,0,0,0,0,,,,,,,,,,,,,,,,,,,,,,,,,,,,,,,,,,,,,,,,,,,,,,,,,,,,,,,,,,,,,,,,,,,,,,,,,,,,,,,,,,,,,,,,,,,,,,,,,,,,,,,,,,,,,,,,,,,,,,,,,,,,,,,,0.0,238,77
2026-27,football,Empire 8 (E8),e8,St. John Fisher,Matthew Bennett,Matthew,Bennett,,601,Matthew Bennett,"BENNETT,MATTHEW",St. John Fisher,ST. JOHN,1009-6135,2,0,6,6,0,0,0,0,,,,,,,,,,,,,,,,,,,,,,,,,,,,,,,,,,,,,,,,,,,,,,,,,,,,,,,,,,,,,,,,,,,,,,,,,,,,,,,,,,,,,,,,,,,,,,,,,,,,,,,,,,,,,,,,,,,,,,,,,,,,,,,,0.0,239,77
2026-27,football,Empire 8 (E8),e8,Alfred St.,"Maurer,Xander",Xander,Maurer,,30170,"Maurer,Xander","MAURER,XANDER",Alfred St.,ASC,1447-3906,1,0,7,7,0,WR,0,0,,,,,,,,,,,,,,,,,,,,,,,,,,,,,,,,,,,,,,,,,,,,,,,,,,,,,,,,,,,,,,,,,,,,,,,,,,,,,,,,,,,,,,,,,,,,,,,,,,,,,,,,,,,,,,,,,,,,,,,,,,,,,,,,0.0,240,77
2026-27,football,Empire 8 (E8),e8,St. John Fisher,Max O'Connor,Max,O'Connor,,601,Max O'Connor,"O'CONNOR,MAX",St. John Fisher,ST. JOHN,1009-6115,1,0,86,86,0,0,0,0,,,,,,,,,,,,,,,,,,,,,,,,,,,,,,,,,,,,,,,,,,,,,,,,,,,,,,,,,,,,,,,,,,,,,,,,,,,,,,,,,,,,,,,,,,,,,,,,,,,,,,,,,,,,,,,,,,,,,,,,,,,,,,,,0.0,241,77
2026-27,football,Empire 8 (E8),e8,Brockport,"McFarlan,Jacob",Jacob,McFarlan,,78,"McFarlan,Jacob","MCFARLAN,JACOB",Brockport,BPT,652-7504,1,0,54,54,0,OL,0,0,,,,,,,,,,,,,,,,,,,,,,,,,,,,,,,,,,,,,,,,,,,,,,,,,,,,,,,,,,,,,,,,,,,,,,,,,,,,,,,,,,,,,,,,,,,,,,,,,,,,,,,,,,,,,,,,,,,,,,,,,,,,,,,,0.0,242,77
2026-27,football,Empire 8 (E8),e8,Utica,"Miller,Jack",Jack,Miller,,733,"Miller,Jack","MILLER,JACK",Utica,UTC,1010-8054,1,1,9,9Y,0,0,DB,0,,,,,,,,,,,,,,,,,,,,,,,,,,,,,,,,,,,,,,,,,,,,,,,,,,,,,,,,,,,,,,,,,,,,,,,,,,,,,,,,,,,,,,,,,,,,,,,,,,,,,,,,,,,,,,,,,,,,,,,,,,,,,,,,0.0,243,77
2026-27,football,Empire 8 (E8),e8,Hartwick,"Miller,Tanner",Tanner,Miller,,273,"Miller,Tanner","MILLER,TANNER",Hartwick,HC,1005-3687,1,0,63,63,0,0,DL,0,,,,,,,,,,,,,,,,,,,,,,,,,,,,,,,,,,,,,,,,,,,,,,,,,,,,,,,,,,,,,,,,,,,,,,,,,,,,,,,,,,,,,,,,,,,,,,,,,,,,,,,,,,,,,,,,,,,,,,,,,,,,,,,,0.0,244,77
2026-27,football,Empire 8 (E8),e8,Cortland,"Moloney,Brandon",Brandon,Moloney,,168,"Moloney,Brandon","MOLONEY,BRANDON",Cortland,COR,1168-6991,1,0,59,59,0,0,DL,0,,,,,,,,,,,,,,,,,,,,,,,,,,,,,,,,,,,,,,,,,,,,,,,,,,,,,,,,,,,,,,,,,,,,,,,,,,,,,,,,,,,,,,,,,,,,,,,,,,,,,,,,,,,,,,,,,,,,,,,,,,,,,,,,0.0,245,77
2026-27,football,Empire 8 (E8),e8,Cortland,"Moody,Wesley",Wesley,Moody,,168,"Moody,Wesley","MOODY,WESLEY",Cortland,COR,1168-6992,1,0,68,68,0,OL,0,0,,,,,,,,,,,,,,,,,,,,,,,,,,,,,,,,,,,,,,,,,,,,,,,,,,,,,,,,,,,,,,,,,,,,,,,,,,,,,,,,,,,,,,,,,,,,,,,,,,,,,,,,,,,,,,,,,,,,,,,,,,,,,,,,0.0,246,76
2026-27,football,Empire 8 (E8),e8,Hartwick,"Morgan,Daniel",Daniel,Morgan,,273,"Morgan,Daniel","MORGAN,DANIEL",Hartwick,HC,1005-3124,3,3,73,73,0,OL,0,0,,,,,,,,,,,,,,,,,,,,,,,,,,,,,,,,,,,,,,,,,,,,,,,,,,,,,,,,,,,,,,,,,,,,,,,,,,,,,,,,,,,,,,,,,,,,,,,,,,,,,,,,,,,,,,,,,,,,,,,,,,,,,,,,0.0,247,76
2026-27,football,Empire 8 (E8),e8,Morrisville,"Mosley,Naji",Naji,Mosley,,30067,"Mosley,Naji","MOSLEY,NAJI",Morrisville,MOR,1388-2809,2,0,89,89,0,TE,0,0,,,,,,,,,,,,,,,,,,,,,,,,,,,,,,,,,,,,,,,,,,,,,,,,,,,,,,,,,,,,,,,,,,,,,,,,,,,,,,,,,,,,,,,,,,,,,,,,,,,,,,,,,,,,,,,,,,,,,,,,,,,,,,,,0.0,248,76
2026-27,football,Empire 8 (E8),e8,Cortland,Nate Parsons,Nate,Parsons,,168,Nate Parsons,"PARSONS,NATE",Cortland,COR,1168-6038,4,4,64,64,0,C,0,0,,,,,,,,,,,,,,,,,,,,,,,,,,,,,,,,,,,,,,,,,,,,,,,,,,,,,,,,,,,,,,,,,,,,,,,,,,,,,,,,,,,,,,,,,,,,,,,,,,,,,,,,,,,,,,,,,,,,,,,,,,,,,,,,0.0,249,76
2026-27,football,Empire 8 (E8),e8,Brockport,"Nazaruk,Tom",Tom,Nazaruk,,78,"Nazaruk,Tom","NAZARUK,TOM",Brockport,BPT,652-7029,3,3,65,65,0,OL,0,0,,,,,,,,,,,,,,,,,,,,,,,,,,,,,,,,,,,,,,,,,,,,,,,,,,,,,,,,,,,,,,,,,,,,,,,,,,,,,,,,,,,,,,,,,,,,,,,,,,,,,,,,,,,,,,,,,,,,,,,,,,,,,,,,0.0,250,76
2026-27,football,Empire 8 (E8),e8,St. John Fisher,Nick Politowski,Nick,Politowski,,601,Nick Politowski,"POLITOWSKI,NICK",St. John Fisher,ST. JOHN,1009-5882,1,0,98,98,0,0,0,0,,,,,,,,,,,,,,,,,,,,,,,,,,,,,,,,,,,,,,,,,,,,,,,,,,,,,,,,,,,,,,,,,,,,,,,,,,,,,,,,,,,,,,,,,,,,,,,,,,,,,,,,,,,,,,,,,,,,,,,,,,,,,,,,0.0,251,76
2026-27,football,Empire 8 (E8),e8,Alfred St.,"Olaifa,Israel",Israel,Olaifa,,30170,"Olaifa,Israel","OLAIFA,ISRAEL",Alfred St.,ASC,1447-3986,1,0,81,81,0,WR,0,0,,,,,,,,,,,,,,,,,,,,,,,,,,,,,,,,,,,,,,,,,,,,,,,,,,,,,,,,,,,,,,,,,,,,,,,,,,,,,,,,,,,,,,,,,,,,,,,,,,,,,,,,,,,,,,,,,,,,,,,,,,,,,,,,0.0,252,76
2026-27,football,Empire 8 (E8),e8,Hartwick,"Olivera,Marcos",Marcos,Olivera,,273,"Olivera,Marcos","OLIVERA,MARCOS",Hartwick,HC,1005-3284,1,1,88,88,0,TE,0,0,,,,,,,,,,,,,,,,,,,,,,,,,,,,,,,,,,,,,,,,,,,,,,,,,,,,,,,,,,,,,,,,,,,,,,,,,,,,,,,,,,,,,,,,,,,,,,,,,,,,,,,,,,,,,,,,,,,,,,,,,,,,,,,,0.0,253,76
2026-27,football,Empire 8 (E8),e8,Utica,"Olsen,Aidan",Aidan,Olsen,,733,"Olsen,Aidan","OLSEN,AIDAN",Utica,UTC,1010-6577,4,4,65,65,0,0,DL,0,,,,,,,,,,,,,,,,,,,,,,,,,,,,,,,,,,,,,,,,,,,,,,,,,,,,,,,,,,,,,,,,,,,,,,,,,,,,,,,,,,,,,,,,,,,,,,,,,,,,,,,,,,,,,,,,,,,,,,,,,,,,,,,,0.0,254,76
2026-27,football,Empire 8 (E8),e8,Cortland,"Oswald,Finbar",Finbar,Oswald,,168,"Oswald,Finbar","OSWALD,FINBAR",Cortland,COR,1168-6324,2,0,69,69,0,OL,0,0,,,,,,,,,,,,,,,,,,,,,,,,,,,,,,,,,,,,,,,,,,,,,,,,,,,,,,,,,,,,,,,,,,,,,,,,,,,,,,,,,,,,,,,,,,,,,,,,,,,,,,,,,,,,,,,,,,,,,,,,,,,,,,,,0.0,255,76
2026-27,football,Empire 8 (E8),e8,Cortland,"Otremba,Steve",Steve,Otremba,,168,"Otremba,Steve","OTREMBA,STEVE",Cortland,COR,1168-6029,1,0,10,10,0,QB,0,0,,,,,,,,,,,,,,,,,,,,,,,,,,,,,,,,,,,,,,,,,,,,,,,,,,,,,,,,,,,,,,,,,,,,,,,,,,,,,,,,,,,,,,,,,,,,,,,,,,,,,,,,,,,,,,,,,,,,,,,,,,,,,,,,0.0,256,76
2026-27,football,Empire 8 (E8),e8,Utica,"Ott,Caiden",Caiden,Ott,,733,"Ott,Caiden","OTT,CAIDEN",Utica,UTC,1010-7061,4,4,67,67,0,OL,0,0,,,,,,,,,,,,,,,,,,,,,,,,,,,,,,,,,,,,,,,,,,,,,,,,,,,,,,,,,,,,,,,,,,,,,,,,,,,,,,,,,,,,,,,,,,,,,,,,,,,,,,,,,,,,,,,,,,,,,,,,,,,,,,,,0.0,257,76
2026-27,football,Empire 8 (E8),e8,Alfred St.,"Peoples,Roderick",Roderick,Peoples,,30170,"Peoples,Roderick","PEOPLES,RODERICK",Alfred St.,ASC,1447-3101,4,4,69,69,0,OL,0,0,,,,,,,,,,,,,,,,,,,,,,,,,,,,,,,,,,,,,,,,,,,,,,,,,,,,,,,,,,,,,,,,,,,,,,,,,,,,,,,,,,,,,,,,,,,,,,,,,,,,,,,,,,,,,,,,,,,,,,,,,,,,,,,,0.0,258,76
2026-27,football,Empire 8 (E8),e8,Alfred,"Pierce,Aidan",Aidan,Pierce,,18,"Pierce,Aidan","PIERCE,AIDAN",Alfred,ALF,1003-4881,2,2,73,73,0,OL,0,0,,,,,,,,,,,,,,,,,,,,,,,,,,,,,,,,,,,,,,,,,,,,,,,,,,,,,,,,,,,,,,,,,,,,,,,,,,,,,,,,,,,,,,,,,,,,,,,,,,,,,,,,,,,,,,,,,,,,,,,,,,,,,,,,0.0,259,75
2026-27,football,Empire 8 (E8),e8,Morrisville,"Porter,Hunter",Hunter,Porter,,30067,"Porter,Hunter","PORTER,HUNTER",Morrisville,MOR,1388-2998,1,0,39,39,0,0,DB,0,,,,,,,,,,,,,,,,,,,,,,,,,,,,,,,,,,,,,,,,,,,,,,,,,,,,,,,,,,,,,,,,,,,,,,,,,,,,,,,,,,,,,,,,,,,,,,,,,,,,,,,,,,,,,,,,,,,,,,,,,,,,,,,,0.0,260,75
2026-27,football,Empire 8 (E8),e8,Brockport,"Prouty,Austin",Austin,Prouty,,78,"Prouty,Austin","PROUTY,AUSTIN",Brockport,BPT,652-7019,4,4,67,67,0,OL,0,0,,,,,,,,,,,,,,,,,,,,,,,,,,,,,,,,,,,,,,,,,,,,,,,,,,,,,,,,,,,,,,,,,,,,,,,,,,,,,,,,,,,,,,,,,,,,,,,,,,,,,,,,,,,,,,,,,,,,,,,,,,,,,,,,0.0,261,75
2026-27,football,Empire 8 (E8),e8,Cortland,"Reilly,Logan",Logan,Reilly,,168,"Reilly,Logan","REILLY,LOGAN",Cortland,COR,1168-6624,1,0,83,83,0,WR,0,0,,,,,,,,,,,,,,,,,,,,,,,,,,,,,,,,,,,,,,,,,,,,,,,,,,,,,,,,,,,,,,,,,,,,,,,,,,,,,,,,,,,,,,,,,,,,,,,,,,,,,,,,,,,,,,,,,,,,,,,,,,,,,,,,0.0,262,75
2026-27,football,Empire 8 (E8),e8,St. John Fisher,Richard Vanatta,Richard,Vanatta,,601,Richard Vanatta,"VANATTA,RICHARD",St. John Fisher,ST. JOHN,1009-6466,2,2,79,79,0,LT,0,0,,,,,,,,,,,,,,,,,,,,,,,,,,,,,,,,,,,,,,,,,,,,,,,,,,,,,,,,,,,,,,,,,,,,,,,,,,,,,,,,,,,,,,,,,,,,,,,,,,,,,,,,,,,,,,,,,,,,,,,,,,,,,,,,0.0,263,75
2026-27,football,Empire 8 (E8),e8,Hartwick,"Richards,Jason",Jason,Richards,,273,"Richards,Jason","RICHARDS,JASON",Hartwick,HC,1005-3694,4,4,62,62,0,OL,0,0,,,,,,,,,,,,,,,,,,,,,,,,,,,,,,,,,,,,,,,,,,,,,,,,,,,,,,,,,,,,,,,,,,,,,,,,,,,,,,,,,,,,,,,,,,,,,,,,,,,,,,,,,,,,,,,,,,,,,,,,,,,,,,,,0.0,264,75
2026-27,football,Empire 8 (E8),e8,Morrisville,"Riggi,Ayden",Ayden,Riggi,,30067,"Riggi,Ayden","RIGGI,AYDEN",Morrisville,MOR,1388-2293,3,3,63,63,0,OL,0,0,,,,,,,,,,,,,,,,,,,,,,,,,,,,,,,,,,,,,,,,,,,,,,,,,,,,,,,,,,,,,,,,,,,,,,,,,,,,,,,,,,,,,,,,,,,,,,,,,,,,,,,,,,,,,,,,,,,,,,,,,,,,,,,,0.0,265,75
2026-27,football,Empire 8 (E8),e8,Utica,"Rivera,Tyler",Tyler,Rivera,,733,"Rivera,Tyler","RIVERA,TYLER",Utica,UTC,0,1,0,72,72,0,OL,0,0,,,,,,,,,,,,,,,,,,,,,,,,,,,,,,,,,,,,,,,,,,,,,,,,,,,,,,,,,,,,,,,,,,,,,,,,,,,,,,,,,,,,,,,,,,,,,,,,,,,,,,,,,,,,,,,,,,,,,,,,,,,,,,,,0.0,266,75
2026-27,football,Empire 8 (E8),e8,Alfred,"Rogers,Christian",Christian,Rogers,,18,"Rogers,Christian","ROGERS,CHRISTIAN",Alfred,ALF,1003-5907,2,0,38,38,0,0,DL,0,,,,,,,,,,,,,,,,,,,,,,,,,,,,,,,,,,,,,,,,,,,,,,,,,,,,,,,,,,,,,,,,,,,,,,,,,,,,,,,,,,,,,,,,,,,,,,,,,,,,,,,,,,,,,,,,,,,,,,,,,,,,,,,,0.0,267,75
2026-27,football,Empire 8 (E8),e8,Alfred St.,"Rola,James",James,Rola,,30170,"Rola,James","ROLA,JAMES",Alfred St.,ASC,1447-3963,2,1,5,5O,0,QB,0,0,,,,,,,,,,,,,,,,,,,,,,,,,,,,,,,,,,,,,,,,,,,,,,,,,,,,,,,,,,,,,,,,,,,,,,,,,,,,,,,,,,,,,,,,,,,,,,,,,,,,,,,,,,,,,,,,,,,,,,,,,,,,,,,,0.0,268,75
2026-27,football,Empire 8 (E8),e8,St. John Fisher,Ryan Healey,Ryan,Healey,,601,Ryan Healey,"HEALEY,RYAN",St. John Fisher,ST. JOHN,1009-6878,2,1,70,70,0,LG,0,0,,,,,,,,,,,,,,,,,,,,,,,,,,,,,,,,,,,,,,,,,,,,,,,,,,,,,,,,,,,,,,,,,,,,,,,,,,,,,,,,,,,,,,,,,,,,,,,,,,,,,,,,,,,,,,,,,,,,,,,,,,,,,,,,0.0,269,75
2026-27,football,Empire 8 (E8),e8,Cortland,Ryan Shannon,Ryan,Shannon,,168,Ryan Shannon,"SHANNON,RYAN",Cortland,COR,1168-6325,4,0,60,60,0,LG,0,0,,,,,,,,,,,,,,,,,,,,,,,,,,,,,,,,,,,,,,,,,,,,,,,,,,,,,,,,,,,,,,,,,,,,,,,,,,,,,,,,,,,,,,,,,,,,,,,,,,,,,,,,,,,,,,,,,,,,,,,,,,,,,,,,0.0,270,75
2026-27,football,Empire 8 (E8),e8,St. John Fisher,Santino Perri,Santino,Perri,,601,Santino Perri,"PERRI,SANTINO",St. John Fisher,ST. JOHN,1009-6865,1,0,68,68,0,0,0,0,,,,,,,,,,,,,,,,,,,,,,,,,,,,,,,,,,,,,,,,,,,,,,,,,,,,,,,,,,,,,,,,,,,,,,,,,,,,,,,,,,,,,,,,,,,,,,,,,,,,,,,,,,,,,,,,,,,,,,,,,,,,,,,,0.0,271,74
2026-27,football,Empire 8 (E8),e8,Cortland,"Schneeberger,Ian",Ian,Schneeberger,,168,"Schneeberger,Ian","SCHNEEBERGER,IAN",Cortland,COR,1168-6999,2,0,94,94,0,0,DL,0,,,,,,,,,,,,,,,,,,,,,,,,,,,,,,,,,,,,,,,,,,,,,,,,,,,,,,,,,,,,,,,,,,,,,,,,,,,,,,,,,,,,,,,,,,,,,,,,,,,,,,,,,,,,,,,,,,,,,,,,,,,,,,,,0.0,272,74
2026-27,football,Empire 8 (E8),e8,Hartwick,"Shafer Mooney,David",David,Shafer Mooney,,273,"Shafer Mooney,David","SHAFER MOONEY,DAVID",Hartwick,HC,1005-3107,1,1,4,4,0,0,DB,0,,,,,,,,,,,,,,,,,,,,,,,,,,,,,,,,,,,,,,,,,,,,,,,,,,,,,,,,,,,,,,,,,,,,,,,,,,,,,,,,,,,,,,,,,,,,,,,,,,,,,,,,,,,,,,,,,,,,,,,,,,,,,,,,0.0,273,74
2026-27,football,Empire 8 (E8),e8,Utica,"Singletary,Adonis",Adonis,Singletary,,733,"Singletary,Adonis","SINGLETARY,ADONIS",Utica,UTC,0,1,0,31,31,0,0,DB,0,,,,,,,,,,,,,,,,,,,,,,,,,,,,,,,,,,,,,,,,,,,,,,,,,,,,,,,,,,,,,,,,,,,,,,,,,,,,,,,,,,,,,,,,,,,,,,,,,,,,,,,,,,,,,,,,,,,,,,,,,,,,,,,,0.0,274,74
2026-27,football,Empire 8 (E8),e8,Alfred St.,"Smith,Alex",Alex,Smith,,30170,"Smith,Alex","SMITH,ALEX",Alfred St.,ASC,1447-3913,1,0,59,59,0,0,LB,0,,,,,,,,,,,,,,,,,,,,,,,,,,,,,,,,,,,,,,,,,,,,,,,,,,,,,,,,,,,,,,,,,,,,,,,,,,,,,,,,,,,,,,,,,,,,,,,,,,,,,,,,,,,,,,,,,,,,,,,,,,,,,,,,0.0,275,74
2026-27,football,Empire 8 (E8),e8,Morrisville,"Stevens,Jonathan",Jonathan,Stevens,,30067,"Stevens,Jonathan","STEVENS,JONATHAN",Morrisville,MOR,1388-3010,4,4,55,55,0,OL,0,0,,,,,,,,,,,,,,,,,,,,,,,,,,,,,,,,,,,,,,,,,,,,,,,,,,,,,,,,,,,,,,,,,,,,,,,,,,,,,,,,,,,,,,,,,,,,,,,,,,,,,,,,,,,,,,,,,,,,,,,,,,,,,,,,0.0,276,74
2026-27,football,Empire 8 (E8),e8,Morrisville,"Stoss,Ryan",Ryan,Stoss,,30067,"Stoss,Ryan","STOSS,RYAN",Morrisville,MOR,1388-2803,1,0,60,60,0,OL,0,0,,,,,,,,,,,,,,,,,,,,,,,,,,,,,,,,,,,,,,,,,,,,,,,,,,,,,,,,,,,,,,,,,,,,,,,,,,,,,,,,,,,,,,,,,,,,,,,,,,,,,,,,,,,,,,,,,,,,,,,,,,,,,,,,0.0,277,74
2026-27,football,Empire 8 (E8),e8,Brockport,"Sullivan,Joe",Joe,Sullivan,,78,"Sullivan,Joe","SULLIVAN,JOE",Brockport,BPT,652-7447,4,0,39,39,0,0,0,0,,,,,,,,,,,,,,,,,,,,,,,,,,,,,,,,,,,,,,,,,,,,,,,,,,,,,,,,,,,,,,,,,,,,,,,,,,,,,,,,,,,,,,,,,,,,,,,,,,,,,,,,,,,,,,,,,,,,,,,,,,,,,,,,0.0,278,74
2026-27,football,Empire 8 (E8),e8,Cortland,"Theokas,Charlie",Charlie,Theokas,,168,"Theokas,Charlie","THEOKAS,CHARLIE",Cortland,COR,1168-7002,2,0,46,46,0,TE,0,0,,,,,,,,,,,,,,,,,,,,,,,,,,,,,,,,,,,,,,,,,,,,,,,,,,,,,,,,,,,,,,,,,,,,,,,,,,,,,,,,,,,,,,,,,,,,,,,,,,,,,,,,,,,,,,,,,,,,,,,,,,,,,,,,0.0,279,74
2026-27,football,Empire 8 (E8),e8,Cortland,Tyler DeRue,Tyler,DeRue,,168,Tyler DeRue,"DERUE,TYLER",Cortland,COR,1168-6321,4,4,78,78,0,LT,0,0,,,,,,,,,,,,,,,,,,,,,,,,,,,,,,,,,,,,,,,,,,,,,,,,,,,,,,,,,,,,,,,,,,,,,,,,,,,,,,,,,,,,,,,,,,,,,,,,,,,,,,,,,,,,,,,,,,,,,,,,,,,,,,,,0.0,280,74
2026-27,football,Empire 8 (E8),e8,Alfred St.,"Valentino,Anthony",Anthony,Valentino,,30170,"Valentino,Anthony","VALENTINO,ANTHONY",Alfred St.,ASC,1447-2880,3,0,41,41,0,TE,0,0,,,,,,,,,,,,,,,,,,,,,,,,,,,,,,,,,,,,,,,,,,,,,,,,,,,,,,,,,,,,,,,,,,,,,,,,,,,,,,,,,,,,,,,,,,,,,,,,,,,,,,0,0,0,0,1,0,1,0,0,0,0,0,,,,,,,,,,,,,,,0.0,281,74
2026-27,football,Empire 8 (E8),e8,Alfred St.,"Vega,Gabriel",Gabriel,Vega,,30170,"Vega,Gabriel","VEGA,GABRIEL",Alfred St.,ASC,1447-3925,1,0,74,74,0,OL,0,0,,,,,,,,,,,,,,,,,,,,,,,,,,,,,,,,,,,,,,,,,,,,,,,,,,,,,,,,,,,,,,,,,,,,,,,,,,,,,,,,,,,,,,,,,,,,,,,,,,,,,,,,,,,,,,,,,,,,,,,,,,,,,,,,0.0,282,74
2026-27,football,Empire 8 (E8),e8,Alfred St.,"Vega,Talen",Talen,Vega,,30170,"Vega,Talen","VEGA,TALEN",Alfred St.,ASC,1447-3918,1,0,94,94,0,0,DL,0,,,,,,,,,,,,,,,,,,,,,,,,,,,,,,,,,,,,,,,,,,,,,,,,,,,,,,,,,,,,,,,,,,,,,,,,,,,,,,,,,,,,,,,,,,,,,,,,,,,,,,,,,,,,,,,,,,,,,,,,,,,,,,,,0.0,283,74
2026-27,football,Empire 8 (E8),e8,Morrisville,"Weston,Anthony",Anthony,Weston,,30067,"Weston,Anthony","WESTON,ANTHONY",Morrisville,MOR,1388-2782,2,1,72,72,0,OL,0,0,,,,,,,,,,,,,,,,,,,,,,,,,,,,,,,,,,,,,,,,,,,,,,,,,,,,,,,,,,,,,,,,,,,,,,,,,,,,,,,,,,,,,,,,,,,,,,,,,,,,,,,,,,,,,,,,,,,,,,,,,,,,,,,,0.0,284,73
2026-27,football,Empire 8 (E8),e8,Brockport,"Whittaker,Cameron",Cameron,Whittaker,,78,"Whittaker,Cameron","WHITTAKER,CAMERON",Brockport,BPT,652-7464,1,0,91,91,0,0,DL,0,,,,,,,,,,,,,,,,,,,,,,,,,,,,,,,,,,,,,,,,,,,,,,,,,,,,,,,,,,,,,,,,,,,,,,,,,,,,,,,,,,,,,,,,,,,,,,,,,,,,,,,,,,,,,,,,,,,,,,,,,,,,,,,,0.0,285,73
2026-27,football,Empire 8 (E8),e8,Brockport,"Wiley,Landen",Landen,Wiley,,78,"Wiley,Landen","WILEY,LANDEN",Brockport,BPT,652-8379,1,0,17,17,0,WR,0,0,,,,,,,,,,,,,,,,,,,,,,,,,,,,,,,,,,,,,,,,,,,,,,,,,,,,,,,,,,,,,,,,,,,,,,,,,,,,,,,,,,,,,,,,,,,,,,,,,,,,,,,,,,,,,,,,,,,,,,,,,,,,,,,,0.0,286,73
2026-27,football,Empire 8 (E8),e8,Cortland,Wilson iii Wallace,Wilson iii,Wallace,,168,Wilson iii Wallace,"WILSON,WALLACE",Cortland,COR,1168-6034,4,0,71,71,0,0,0,0,,,,,,,,,,,,,,,,,,,,,,,,,,,,,,,,,,,,,,,,,,,,,,,,,,,,,,,,,,,,,,,,,,,,,,,,,,,,,,,,,,,,,,,,,,,,,,,,,,,,,,,,,,,,,,,,,,,,,,,,,,,,,,,,0.0,287,73
2026-27,football,Empire 8 (E8),e8,Hartwick,"Witkowski,Mason",Mason,Witkowski,,273,"Witkowski,Mason","WITKOWSKI,MASON",Hartwick,HC,1005-3707,2,0,54,54,0,0,LB,0,,,,,,,,,,,,,,,,,,,,,,,,,,,,,,,,,,,,,,,,,,,,,,,,,,,,,,,,,,,,,,,,,,,,,,,,,,,,,,,,,,,,,,,,,,,,,,,,,,,,,,,,,,,,,,,,,,,,,,,,,,,,,,,,0.0,288,73
2026-27,football,Empire 8 (E8),e8,Cortland,"Woodard,Quinn",Quinn,Woodard,,168,"Woodard,Quinn","WOODARD,QUINN",Cortland,COR,1168-6620,1,0,66,66,0,OL,0,0,,,,,,,,,,,,,,,,,,,,,,,,,,,,,,,,,,,,,,,,,,,,,,,,,,,,,,,,,,,,,,,,,,,,,,,,,,,,,,,,,,,,,,,,,,,,,,,,,,,,,,,,,,,,,,,,,,,,,,,,,,,,,,,,0.0,289,73
2026-27,football,Empire 8 (E8),e8,St. John Fisher,Wyatt Wilbur,Wyatt,Wilbur,,601,Wyatt Wilbur,"WILBUR,WYATT",St. John Fisher,ST. JOHN,1009-6441,1,0,85,85,0,0,0,0,,,,,,,,,,,,,,,,,,,,,,,,,,,,,,,,,,,,,,,,,,,,,,,,,,,,,,,,,,,,,,,,,,,,,,,,,,,,,,,,,,,,,,,,,,,,,,,,,,,,,,,,,,,,,,,,,,,,,,,,,,,,,,,,0.0,290,73
2026-27,football,Empire 8 (E8),e8,Hartwick,"Zido,Vinny",Vinny,Zido,,273,"Zido,Vinny","ZIDO,VINNY",Hartwick,HC,0,1,0,51,5B,0,0,LB,0,,,,,,,,,,,,,,,,,,,,,,,,,,,,,,,,,,,,,,,,,,,,,,,,,,,,,,,,,,,,,,,,,,,,,,,,,,,,,,,,,,,,,,,,,,,,,,,,,,,,,,,,,,,,,,,,,,,,,,,,,,,,,,,,0.0,291,73
2026-27,football,Empire 8 (E8),e8,Morrisville,"medley,kasmir",kasmir,medley,,30067,"medley,kasmir","MEDLEY,KASMIR",Morrisville,MOR,1388-2999,1,0,41,41,0,0,LB,0,,,,,,,,,,,,,,,,,,,,,,,,,,,,,,,,,,,,,,,,,,,,,,,,,,,,,,,,,,,,,,,,,,,,,,,,,,,,,,,,,,,,,,,,,,,,,,,,,,,,,,,,,,,,,,,,,,,,,,,,,,,,,,,,0.0,292,73
2026-27,football,Empire 8 (E8),e8,Morrisville,"Parker,Marquis",Marquis,Parker,,30067,"Parker,Marquis","PARKER,MARQUIS",Morrisville,MOR,1388-2271,4,4,6,6,0,0,DB,0,,,,,,,,0,9,3,12,12,.0,.0,.0,0,0,0,0,0,0,0,1,0,0,0,0,0,0,0,1,,,,,,,,,,,,,,,,,,,,,,,,,,,,,,,,,,,,,,,,,,,,,,,,,,,,,,,,,,,,,,,,,,,,,,,,,,,,,,,,,,,,,,,,,,,,,,,,,-0.05239626572179584,293,73
2026-27,football,Empire 8 (E8),e8,Alfred St.,"Senear,Aidan",Aidan,Senear,,30170,"Senear,Aidan","SENEAR,AIDAN",Alfred St.,ASC,1447-3071,4,3,5,5D,0,0,DB,0,,,,,,,,0,8,4,12,12,.0,.0,.0,0,0,0,0,0,0,0,1,0,0,0,0,0,0,0,1,,,,,,,,,,,,,,,,,,,,,,,,,,,,,,,,,,,,,,,,,,,,,,,,,,,,,,,,,,,,,,,,,,,,,,,,,,,,,,,,,,,,,,,,,,,,,,,,,-0.05239626572179584,294,73
2026-27,football,Empire 8 (E8),e8,Alfred,"Spencer,Landon",Landon,Spencer,,18,"Spencer,Landon","SPENCER,LANDON",Alfred,ALF,1003-4889,2,2,31,31,0,0,LB,0,,,,,,,,0,6,6,12,12,.0,.0,.0,0,0,0,0,0,0,0,1,0,0,0,0,0,0,0,1,,,,,,,,,,,,,,,,,,,,,,,,,,,,,,,,,,,,,,,,,,,,,,,,,,,,,,,,,,,,,,,,,,,,,,,,,,,,,,,,,,,,,,,,,,,,,,,,,-0.05239626572179584,295,73
2026-27,football,Empire 8 (E8),e8,Alfred,"Buchsbaum,Jack",Jack,Buchsbaum,,18,"Buchsbaum,Jack","BUCHSBAUM,JACK",Alfred,ALF,1003-6068,3,2,5,5,0,WR,0,0,,,,,,,,,,,,,,,,,,,,,,,,,,,,,,,,,,,,,,,,,,,,,,,,,,,,,,,,,,,,,,,,,,,,,,,,,,,,,,,,,7,63,0,27,9.0,,,,,,,,,,,,6,93,0,31,15.5,,,,,,,,,,,,,,,,,,,,,,,,,,,-0.05505903843704102,296,72
2026-27,football,Empire 8 (E8),e8,Cortland,Gavin Dandrea,Gavin,Dandrea,,168,Gavin Dandrea,"DANDREA,GAVIN",Cortland,COR,1168-6588,4,0,85,85,0,0,0,0,,,,,,,,,,,,,,,,,,,,,,,,,,,,,,,,,,,,,,,,,,,,,,,,,,,,,,,,,1,10,10,0,0,10,10.0,2.5,,,,,,,,,,,,,,,,,,,,,,11,433,58,0,1,2,1,5,39.4,,,,,,,,,,,,,,,,,,,,,,,,,,,,,,,,,,-0.05591647096279817,297,72
2026-27,football,Empire 8 (E8),e8,Cortland,Joe Iadevaio,Joe,Iadevaio,,168,Joe Iadevaio,"IADEVAIO,JOE",Cortland,COR,1168-5657,4,4,6,6,0,WR,0,0,,,,,,,,,,,,,,,,,,,,,,,,,,,,,,,,,,,,,,,,,,,,,,,,,,,,,,,,,1,1,1,0,0,1,1.0,.3,,,,,,,,,,,,,,,,,20,201,0,20,10.1,,,,,,,,,,,,,,,,,,,,,,,,,,,,,,,,,,,,,,,,,,,-0.09500857166682808,298,72
2026-27,football,Empire 8 (E8),e8,Utica,"Dorozynski,Tony",Tony,Dorozynski,,733,"Dorozynski,Tony","DOROZYNSKI,TONY",Utica,UTC,1010-7066,3,0,4,4X,0,WR,0,0,,,,,,,,,,,,,,,,,,,,,,,,,,,,,,,,,,,,,,,,,,,,,,,,,,,,,,,,,,,,,,,,,,,,,,,,,,,,,,,,,7,105,0,28,15.0,,,,,,,,,,,,,,,,,,,,,,,,,,,,,,,,,,,,,,,,,,,-0.10952412711949483,299,72
2026-27,football,Empire 8 (E8),e8,Utica,"DiStefano,Nick",Nick,DiStefano,,733,"DiStefano,Nick","DISTEFANO,NICK",Utica,UTC,1010-6585,3,0,42,42,0,0,LB,0,,,,,,,,0,4,3,7,7,.5,.0,.0,0,1,2,0.5,0,1,2,0,0,0,0,0,0,0,0,0,,,,,,,,,,,,,,,,,,,,,,,,,,,,,,,,,,,,,,,,,,,,,,,,,,,,,,,,,,,,,,,,,,,,,,,,,,,,,,,,,,,,,,,,,,,,,,,,,-0.13395240576520087,300,72
2026-27,football,Empire 8 (E8),e8,Alfred,Caden Allen,Caden,Allen,,18,Caden Allen,"ALLEN,CADEN",Alfred,ALF,1003-5869,2,0,92,92,0,0,0,0,,,,,,,,,,,,,,,,,,,,,,,,,,,,,,,,,,,,,,,,,,,,,0,1,0,0,0,0,0,0,0,6,6,3,,,,,,,,,,,,,,,,,,,,,,,,,3,23,1,15,7.7,,,,,,,,,,,,,,,,,,,,,,,,,,,,,,,,,,,,,,,,,,,-0.14431082426965447,301,72
2026-27,football,Empire 8 (E8),e8,Brockport,"Slywka,Kyle",Kyle,Slywka,,78,"Slywka,Kyle","SLYWKA,KYLE",Brockport,BPT,652-8010,4,4,8,8,0,0,CB,0,,,,,,,,0,1,3,4,4,.0,.0,.0,0,0,0,0,0,0,0,1,0,0,0,2,0,0,0,1,,1,11,0,11,11.0,,,,,,,,,,,,,,,,,,,,,,,,,,,,,,,,,,,,,,,,,,,,2,102,1,75,51.0,,,,,,,,,,,,2,59,0,36,29.5,,,,,,,,,,,,,,,,,,,,,,,,,,,-0.16679806410855036,302,72
2026-27,football,Empire 8 (E8),e8,Alfred St.,"Martinez,Mateo",Mateo,Martinez,,30170,"Martinez,Mateo","MARTINEZ,MATEO",Alfred St.,ASC,1447-3929,4,0,43,43,0,0,LB,0,,,,,,,,0,2,6,8,8,.5,.0,.0,0,1,3,0,0,0,0,1,0,0,0,0,0,0,0,1,,,,,,,,,,,,,,,,,,,,,,,,,,,,,,,,,,,,,,,,,,,,,,,,,,,,,,,,,,,,,,,,,,,,,,,,,,,,,,,,,,,,,,,,,,,,,,,,,-0.18135141932468302,303,72
2026-27,football,Empire 8 (E8),e8,St. John Fisher,Nate Parliament,Nate,Parliament,,601,Nate Parliament,"PARLIAMENT,NATE",St. John Fisher,ST. JOHN,1009-6178,4,4,3,3,0,0,CB,0,,,,,,,,0,3,3,6,6,.0,.0,.0,0,0,0,0,0,0,0,4,0,0,0,0,0,0,0,4,,,,,,,,,,,,,,,,,,,,,,,,,,,,,,,,,,,,,,,,,,,,,,,,,,0,0,0,0,.0,,,,,,,,,,,,,,,,,,,,,,,,,,,,,,,,,,,,,,,,,,,-0.20203143243586452,304,72
2026-27,football,Empire 8 (E8),e8,Brockport,"Murrell,Madison",Madison,Murrell,,78,"Murrell,Madison","MURRELL,MADISON",Brockport,BPT,652-8342,2,0,11,,0,RB,0,0,,,,,,,,,,,,,,,,,,,,,,,,,,,,,,,,,,,,,,,,,,,,,,,,,,,,,,,,,9,75,75,0,0,36,8.3,37.5,,,,,,,,,,,,,,,,,,,,,,,,,,,,,,,,,,,,,,,,,,,,,,,,,,,,,,,,,,,,,,,,-0.2151845407981817,305,72
2026-27,football,Empire 8 (E8),e8,Alfred St.,"Dias,Nathan",Nathan,Dias,,30170,"Dias,Nathan","DIAS,NATHAN",Alfred St.,ASC,1447-3978,3,0,29,29,0,0,DB,0,,,,,,,,0,0,2,2,2,.5,.0,.0,0,1,1,0,0,0,0,2,0,0,0,0,0,0,0,2,,,,,,,,,,,,,,0,0,0,0,0,0,1,0,0,2,2,0.67,,,,,,,,,,,,,,,,,,,,,,,,,,,,,,,,,,,,,,,,,,,,,,0,0,0,0,0,0,0,0,0,0,1,1,,,,,,,,,,,,,,,-0.21905858923604815,306,72
2026-27,football,Empire 8 (E8),e8,Utica,"Silva,Zachary",Zachary,Silva,,733,"Silva,Zachary","SILVA,ZACHARY",Utica,UTC,1010-8022,1,0,5,5X,0,WR,0,0,,,,,,,,,,,,,,,,,,,,,,,,,,,,,,,,,,,,,,,,,,,,,,,,,,,,,,,,,,,,,,,,,,,,,,,,,,,,,,,,,,,,,,,,,,,,,,,,,1,19,0,19,19.0,,,,,,,,,,,,,,,,,,,,,,,,,,,-0.22277409952361113,307,72
2026-27,football,Empire 8 (E8),e8,Alfred,"Guerrero,Emmanuel",Emmanuel,Guerrero,,18,"Guerrero,Emmanuel","GUERRERO,EMMANUEL",Alfred,ALF,1003-5888,4,1,48,48,0,0,LB,0,,,,,,,,0,4,6,10,10,.0,.0,.0,0,0,0,0,0,0,0,1,1,0,0,0,0,0,0,1,,,,,,,,,,,,,,,,,,,,,,,,,,,,,,,,,,,,,,,,,,,,,,,,,,,,,,,,,,,,,,,,,,,,,,,,,,,,,,,,,,,,,,,,,,,,,,,,,-0.2289207382853788,308,72
2026-27,football,Empire 8 (E8),e8,Hartwick,"Marrone,Antonio",Antonio,Marrone,,273,"Marrone,Antonio","MARRONE,ANTONIO",Hartwick,HC,1005-3682,1,0,17,1H,0,QB,0,0,,,,,,,,,,,,,,,,,,,,,,,,,,,,,,,,,,,,,,,,,,,,,,,,,,,,,,,,,,,,,,,,,0,0,29,0,29,0,1,1,343.6,29.00,29.00,29.0,,,,,,,,,,,,,,,,,,,,,,,,,,,,,,,,,,,,,,,,,,,,,,,,,,,,-0.266522753352372,309,71
2026-27,football,Empire 8 (E8),e8,Hartwick,"White,Colin",Colin,White,,273,"White,Colin","WHITE,COLIN",Hartwick,HC,1005-3655,3,0,81,81,0,WR,0,0,,,,,,,,,,,,,,,,,,,,,,,,,,,,,,,,,,,,,,,,,,,,,,,,,,,,,,,,,,,,,,,,,,,,,,,,,,,,,,,,,,,,,,,,,,,,,,,,,1,13,0,13,13.0,,,,,,,,,,,,,,,,,,,,,,,,,,,-0.27723575365627506,310,71
2026-27,football,Empire 8 (E8),e8,Cortland,Anthony Luciano,Anthony,Luciano,,168,Anthony Luciano,"LUCIANO,ANTHONY",Cortland,COR,1168-6024,3,3,8,8,0,0,FS,0,,,,,,,,0,6,9,15,15,.0,.0,.0,0,0,0,0,0,0,0,0,0,1,0,0,0,0,0,0,,,,,,,,,,,,,,,,,,,,,,,,,,,,,,,,,,,,,,,,,,,,,,,,,,,,,,,,,,,,,,,,,,,,,,,,,,,,,,,,,,,,,,,,,,,,,,,,,-0.279475804655805,311,71
2026-27,football,Empire 8 (E8),e8,Hartwick,"Blackwell-Williams,Ty'Lyn",Ty'Lyn,Blackwell-Williams,,273,"Blackwell-Williams,Ty'Lyn","BLACKWELL-WILLIAMS,TY'LYN",Hartwick,HC,1005-3653,4,3,15,1F,0,QB,0,0,,,,,,,,,,,,,,,,,,,,,,,,,,,,,,,,,,,,,,,,,,,,,,,,,,,,,,,,,16,41,69,28,0,26,2.6,10.3,26,4,44,6,518,4,101,54,108.2,5.13,9.59,129.5,,,,,,,,,,,,,,,,,,,,,,,,,,0,0,0,0,1,1,1,1,0,0,0,0,,,,,,,,,,,,,,,-0.28274645677177057,312,71
2026-27,football,Empire 8 (E8),e8,Brockport,"Blahowicz,David",David,Blahowicz,,78,"Blahowicz,David","BLAHOWICZ,DAVID",Brockport,BPT,652-8375,1,0,41,41,0,0,LB,0,,,,,,,,,,,,,,,,,,,,,,,,,,,,,,,,,,,,,,,,,,,,,,,,,,,,,,,,,,,,,,,,,,,,,,,,,,,,,,,,,,,,,,,,,,,,,,,,,1,12,0,12,12.0,,,,,,,,,,,,,,,,,,,,,,,,,,,-0.28631269601171905,313,71
2026-27,football,Empire 8 (E8),e8,Alfred,"Schafer,Aiden",Aiden,Schafer,,18,"Schafer,Aiden","SCHAFER,AIDEN",Alfred,ALF,1003-6103,4,2,51,51,0,0,LB,0,,,,,,,,0,1,4,5,5,.5,.0,.0,0,1,4,0.5,0,1,4,0,0,0,0,0,0,0,0,0,,,,,,,,,,,,,,,,,,,,,,,,,,,,,,,,,,,,,,,,,,,,,,,,,,,,,,,,,,,,,,,,,,,,,,,,,,,,,,,,,,,,,,,,,,,,,,,,,-0.3104768783287838,314,71
2026-27,football,Empire 8 (E8),e8,Alfred St.,"Lecceardone,Kyle",Kyle,Lecceardone,,30170,"Lecceardone,Kyle","LECCEARDONE,KYLE",Alfred St.,ASC,1447-3078,3,0,28,28,0,0,DB,0,,,,,,,,0,5,4,9,9,.0,.0,.0,0,0,0,0,0,0,0,1,0,0,0,0,0,0,0,1,,,,,,,,,,,,,,,,,,,,,,,,,,,,,,,,,,,,,,,,,,,,,,,,,,,,,,,,,,,,,,,,,,,,,,,,,,,,,,,,,,,,,,,,,,,,,,,,,-0.31718297456717026,315,71
2026-27,football,Empire 8 (E8),e8,Morrisville,"Duncan,Lawrence",Lawrence,Duncan,,30067,"Duncan,Lawrence","DUNCAN,LAWRENCE",Morrisville,MOR,1388-2788,3,3,12,12,0,TE,0,0,,,,,,,,,,,,,,,,,,,,,,,,,,,,,,,,,,,,,,,,,,,,,,,,,,,,,,,,,,,,,,,,,,,,,,,,,,,,,,,,,11,79,0,33,7.2,,,,,,,,,,,,,,,,,,,,,,,,,,,,,,,,,,,,,,,,,,,-0.3537102747032222,316,71
2026-27,football,Empire 8 (E8),e8,Cortland,Shane Patterson,Shane,Patterson,,168,Shane Patterson,"PATTERSON,SHANE",Cortland,COR,1168-5655,3,2,22,22,0,0,CB,0,,,,,,,,0,4,2,6,6,.5,.0,.0,0,1,1,0,0,0,0,1,0,0,0,0,0,0,0,1,,,,,,,,,,,,,,,,,,,,,,,,,,,,,,,,,,,,,,,,,,,,,,,,,,,,,,,,,,,,,,,,,,,,,,,,,,,,,,,,,,,,,,,,,,,,,,,,,-0.35787589188826585,317,71
2026-27,football,Empire 8 (E8),e8,Hartwick,"Willis,Latrell",Latrell,Willis,,273,"Willis,Latrell","WILLIS,LATRELL",Hartwick,HC,1005-3305,4,4,2,2,0,WR,0,0,,,,,,,,,,,,,,,,,,,,,,,,,,,,,,,,,,,,,,,,,,,,,,,,,,,,,,,,,1,0,0,0,0,0,.0,.0,,,,,,,,,,,,,,,,,18,172,0,27,9.6,,,,,,,,,,,,,,,,,,,,,,,,,,,,,,,,,,,,,,,,,,,-0.37644991282077533,318,71
2026-27,football,Empire 8 (E8),e8,Utica,"Velez,Lorenzo",Lorenzo,Velez,,733,"Velez,Lorenzo","VELEZ,LORENZO",Utica,UTC,1010-6622,4,4,8,8,0,WR,0,0,,,,,,,,,,,,,,,,,,,,,,,,,,,,,,,,,,,,,,,,,,,,,,,,,,,,,,,,,,,,,,,,,,,,,,,,,,,,,,,,,6,76,0,22,12.7,,,,,,,,,,,,,,,,,,,,,,,,,,,,,,,,,,,,,,,,,,,-0.38188559942442146,319,71
2026-27,football,Empire 8 (E8),e8,Alfred,Quincy Carter,Quincy,Carter,,18,Quincy Carter,"CARTER,QUINCY",Alfred,ALF,1003-6523,1,0,83,83,0,0,0,0,,,,,,,,,,,,,,,,,,,,,,,,,,,,,,,,,,,,,,,,,,,,,,,,,,,,,,,,,,,,,,,,,,,,,,,,,,,,,,,,,,,,,,,,,,,,,,,,,1,0,0,0,.0,,,,,,,,,,,,,,,,,,,,,,,,,,,-0.3952360042770469,320,71
2026-27,football,Empire 8 (E8),e8,St. John Fisher,Kieran Patel,Kieran,Patel,,601,Kieran Patel,"PATEL,KIERAN",St. John Fisher,ST. JOHN,1009-6180,4,0,19,19,0,0,0,0,,,,,,,,,,,,,,,,,,,,,,,,,,,,,,,,,,,,,,,,,,,,,,,,,,,,,,,,,,,,,,,,,,,,,,,,,,,,,,,,,,,,,,7,226,40,0,0,2,0,0,32.3,,,,,,,,,,,,,,,,,,,,,,,,,,,,,,,,,,-0.4050613778289309,321,71
2026-27,football,Empire 8 (E8),e8,Alfred,"Parker,Matt",Matt,Parker,,18,"Parker,Matt","PARKER,MATT",Alfred,ALF,1003-6487,4,3,8,8,0,QB,0,0,,,,,,,,0,0,0,0,0,.0,.0,.0,0,0,0,0,0,0,0,0,0,0,0,0,0,0,0,0,,,,,,,,,,,,,,0,0,0,0,0,0,0,0,0,0,0,0,32,-18,94,112,0,15,-.6,-4.5,112,18,72,6,899,0,111,77,155.2,8.10,11.68,224.8,,,1,1,,,,,,,,,,,,,,,,,,,,,,0,0,0,0,1,1,0,0,0,0,0,0,,,,,,,,,,,,,,,-0.4427657405548683,322,70
2026-27,football,Empire 8 (E8),e8,Alfred St.,"Freeman,Jarod",Jarod,Freeman,,30170,"Freeman,Jarod","FREEMAN,JAROD",Alfred St.,ASC,1447-3948,3,0,46,46,0,0,LB,0,,,,,,,,0,1,4,5,5,.5,.0,.0,0,1,1,0,0,0,0,1,0,0,0,0,0,0,0,1,,,,,,,,,,,,,,,,,,,,,,,,,,,,,,,,,,,,,,,,,,,,,,,,,,,,,,,,,,,,,,,,,,,,,,,,,,,,,,,,,,,,,,,,,,,,,,,,,-0.4461381281700574,323,70
2026-27,football,Empire 8 (E8),e8,Alfred,"Meredith-Smith,Arshad",Arshad,Meredith-Smith,,18,"Meredith-Smith,Arshad","MEREDITH-SMITH,ARSHAD",Alfred,ALF,1003-4875,4,2,50,50,0,0,DL,0,,,,,,,,0,1,7,8,8,1.0,.0,.0,0,2,2,0,0,0,0,0,0,0,0,0,0,0,0,0,,,,,,,,,,,,,,,,,,,,,,,,,,,,,,,,,,,,,,,,,,,,,,,,,,,,,,,,,,,,,,,,,,,,,,,,,,,,,,,,,,,,,,,,,,,,,,,,,-0.44912387557978783,324,70
2026-27,football,Empire 8 (E8),e8,Alfred,Micheal Davis,Micheal,Davis,,18,Micheal Davis,"DAVIS,MICHEAL",Alfred,ALF,0,1,0,32,32,0,0,0,0,,,,,,,,0,5,2,7,7,.0,.0,.0,0,0,0,0,0,0,0,1,0,1,0,0,0,0,0,1,,,,,,,,,,,,,,,,,,,,,,,,,,,,,,,,,,,,,,,,,,,,,,,,,,,,,,,,,,,,,,,,,,,,,,,,,,,,,,,,,,,,,,,,,,,,,,,,,-0.4937074471307532,325,70
2026-27,football,Empire 8 (E8),e8,Hartwick,"Lazzaro,Dominic",Dominic,Lazzaro,,273,"Lazzaro,Dominic","LAZZARO,DOMINIC",Hartwick,HC,1005-3100,4,0,84,84,0,WR,0,0,,,,,,,,,,,,,,,,,,,,,,,,,,,,,,,,,1,1,0,1,1.0,,,,,,,,,,,,,,,,,,,,,,,,,,,,,,,,,,,,,,,,,,,,,,,,,,,,,,,,,,,,1,16,0,16,16.0,,,,,,,,,,,,,,,,,,,,,,,,,,,-0.4956429173202692,326,70
2026-27,football,Empire 8 (E8),e8,Morrisville,"Sylvain,Isaac",Isaac,Sylvain,,30067,"Sylvain,Isaac","SYLVAIN,ISAAC",Morrisville,MOR,1388-2334,4,4,1,1,0,RB,0,0,,,,,,,,0,0,0,0,0,.0,.0,.0,0,0,0,0,0,0,0,0,0,0,0,0,0,0,0,0,,,,,,,,,,,,,,0,2,0,0,0,0,0,0,0,12,12,3,51,197,223,26,2,49,3.9,49.3,,,,,,,,,,,,,,,,,7,16,0,8,2.3,,,,,,,,,,,,,,,,,,,,,,,,,,,,,,,,,,,,,,,,,,,-0.527681118159237,327,70
2026-27,football,Empire 8 (E8),e8,Utica,"Rhatigan,Brady",Brady,Rhatigan,,733,"Rhatigan,Brady","RHATIGAN,BRADY",Utica,UTC,1010-7047,4,0,10,10,0,0,LB,0,,,,,,,,0,0,5,5,5,.5,.0,.0,0,1,0,0,0,0,0,0,0,0,0,0,1,0,0,0,,,,,,,,,,,,,,,,,,,,,,,,,,,,,,,,,,,,,,,,,,,,,,,,0,0,,,,,,,,,,,,,,,,,,,,,,,,,,,,,,,,,,,,,,,,,,,,,,,,-0.5362839379022493,328,70
2026-27,football,Empire 8 (E8),e8,Alfred,"Almendarez-Yanez,Joshua",Joshua,Almendarez-Yanez,,18,"Almendarez-Yanez,Joshua","ALMENDAREZ-YANEZ,JOSHUA",Alfred,ALF,1003-6063,4,0,10,10,0,0,0,0,,,,,,,,,,,,,,,,,,,,,,,,,,,,,,,,,,,,,,,,,,,,,,,,,,,,,,,,,2,-52,0,52,0,0,-26.0,-13.0,,,,,,,,,,,,,,,2,0,,,,,,19,677,47,0,0,11,0,4,35.6,,,,,,,,,,,,,,,,,,,,,,,,,,,,,,,,,,-0.5368224788403939,329,70
2026-27,football,Empire 8 (E8),e8,Morrisville,"Augustin,Xavier",Xavier,Augustin,,30067,"Augustin,Xavier","AUGUSTIN,XAVIER",Morrisville,MOR,1388-2129,3,1,29,29,0,0,DB,0,,,,,,,,0,5,2,7,7,1.0,.0,.0,1,0,1,0,0,0,0,0,0,0,0,0,0,0,0,0,,,,,,,,,,,,,,,,,,,,,,,,,,,,,,,,,,,,,,,,,,,,,,,,,,,,,,,,,,,,,,,,,,,,,,,,,,,,,,,,,,,,,,,,,,,,,,,,,-0.5373861118615793,330,70
2026-27,football,Empire 8 (E8),e8,Brockport,"Lockhart,Luke",Luke,Lockhart,,78,"Lockhart,Luke","LOCKHART,LUKE",Brockport,BPT,652-7502,4,4,3,3W,0,WR,0,0,,,,,,,,,,,,,,,,,,,,,,,,,,,,,,,,,,,,,,,,,,,,,,,,,,,,,,,,,,,,,,,,,,,,,,,,,,,,,,,,,8,59,0,13,7.4,,,,,,,,,,,,,,,,,,,,,,,,,,,,,,,,,,,,,,,,,,,-0.5415457728445509,331,70
2026-27,football,Empire 8 (E8),e8,Hartwick,"Bender,James",James,Bender,,273,"Bender,James","BENDER,JAMES",Hartwick,HC,1005-3273,4,4,21,21,0,0,DB,0,,,,,,,,0,8,4,12,12,.0,.0,.0,0,0,0,0,0,0,0,0,0,0,0,0,0,0,0,0,,,,,,,,,,,,,,,,,,,,,,,,,,,,,,,,,,,,,,,,,,,,,,,,,,,,,,,,,,,,,,,,,,,,,,,,,,,,,,,,,,,,,,,,,,,,,,,,,-0.5442625135011794,332,70
2026-27,football,Empire 8 (E8),e8,Hartwick,"Perry,Miles",Miles,Perry,,273,"Perry,Miles","PERRY,MILES",Hartwick,HC,1005-3128,4,4,3,3,0,WR,0,0,,,,,,,,0,0,1,1,1,.0,.0,.0,0,0,0,0,0,0,0,0,0,0,0,0,0,0,0,0,,,,,,,,,,,,,,0,2,0,0,0,0,0,0,0,12,12,3,3,4,5,1,0,5,1.3,1.0,,,,,,,,,,,,,,,,,13,167,2,44,12.8,,,,,,,,,,,,2,29,0,18,14.5,,,,,,,,,,,,,,,,,,,,,,,,,,,-0.5635634100715055,333,70
2026-27,football,Empire 8 (E8),e8,Alfred,"Allen,Damone",Damone,Allen,,18,"Allen,Damone","ALLEN,DAMONE",Alfred,ALF,1003-6529,4,1,89,89,0,WR,0,0,,,,,,,,0,0,1,1,1,.0,.0,.0,0,0,0,0,0,0,0,0,0,0,0,0,0,0,0,0,,,,,,,,,,,,,,0,2,0,0,0,0,0,0,0,12,12,3,0,35,35,0,0,35,.0,8.8,,,,,,,,,,,,,,,,,7,155,2,50,22.1,,,,,,,,,,,,1,10,0,10,10.0,,,,,,,,,,,,,,,,,,,,,,,,,,,-0.5672506793900978,334,69
2026-27,football,Empire 8 (E8),e8,Cortland,Frankie Burgess,Frankie,Burgess,,168,Frankie Burgess,FRANKIEBURGESS,Cortland,COR,1168-6958,4,0,91,91,0,0,0,0,,,,,,,,0,1,1,2,2,.5,.0,.0,0,1,4,0.5,0,1,4,0,0,0,0,0,0,0,0,0,,,,,,,,,,,,,,,,,,,,,,,,,,,,,,,,,,,,,,,,,,,,,,,,,,,,,,,,,,,,,,,,,,,,,,,,,,,,,,,,,,,,,,,,,,,,,,,,,-0.575263587174158,335,69
2026-27,football,Empire 8 (E8),e8,Alfred,"Allen,Ethyn",Ethyn,Allen,,18,"Allen,Ethyn","ALLEN,ETHYN",Alfred,ALF,1003-6062,4,0,52,52,0,0,DL,0,,,,,,,,0,2,4,6,6,1.0,.0,.0,1,0,3,0,0,0,0,0,0,0,0,0,0,0,0,0,,,,,,,,,,,,,,,,,,,,,,,,,,,,,,,,,,,,,,,,,,,,,,,,,,,,,,,,,,,,,,,,,,,,,,,,,,,,,,,,,,,,,,,,,,,,,,,,,-0.6256483481433708,336,69
2026-27,football,Empire 8 (E8),e8,St. John Fisher,Brendan Toomey,Brendan,Toomey,,601,Brendan Toomey,"TOOMEY,BRENDAN",St. John Fisher,ST. JOHN,1009-6193,4,0,93,93,0,0,0,0,,,,,,,,0,5,1,6,6,1.0,.0,.0,1,0,2,0,0,0,0,0,0,0,0,0,0,0,0,0,,,,,,,,,,,,,,,,,,,,,,,,,,,,,,,,,,,,,,,,,,,,,,,,,,,,,,,,,,,,,,,,,,,,,,,,,,,,,,,,,,,,,,,,,,,,,,,,,-0.6256483481433708,337,69
2026-27,football,Empire 8 (E8),e8,Morrisville,"Middlebrooks,Tyree",Tyree,Middlebrooks,,30067,"Middlebrooks,Tyree","MIDDLEBROOKS,TYREE",Morrisville,MOR,1388-2522,4,1,32,32,0,0,LB,0,,,,,,,,0,4,7,11,11,.0,.0,.0,0,0,0,0,0,0,0,0,0,1,0,0,0,0,0,0,,,,,,,,,,,,,,,,,,,,,,,,,,,,,,,,,,,,,,,,,,,,,,,,,,,,,,,,,,,,,,,,,,,,,,,,,,,,,,,,,,,,,,,,,,,,,,,,,-0.6325247497829709,338,69
2026-27,football,Empire 8 (E8),e8,Alfred,"Staneart,Benjamin",Benjamin,Staneart,,18,"Staneart,Benjamin","STANEART,BENJAMIN",Alfred,ALF,1003-6107,4,0,88,88,0,TE,0,0,,,,,,,,,,,,,,,,,,,,,,,,,,,,,,,,,,,,,,,,,,,,,,,,,,,,,,,,,,,,,,,,,,,,,,,,,,,,,,,,,7,48,0,11,6.9,,,,,,,,,,,,,,,,,,,,,,,,,,,,,,,,,,,,,,,,,,,-0.6448552968222817,339,69
2026-27,football,Empire 8 (E8),e8,Alfred St.,"Braley,Connor",Connor,Braley,,30170,"Braley,Connor","BRALEY,CONNOR",Alfred St.,ASC,1447-3077,2,0,31,31,0,RB,0,0,,,,,,,,,,,,,,,,,,,,,,,,,,,,,,,,,,,,,,,,,,,,,,,,,,,,,,,,,7,27,27,0,0,13,3.9,13.5,,,,,,,,,,,,,,,,,,,,,,,,,,,,,,,,,,,,,,,,,,,,,,,,,,,,,,,,,,,,,,,,-0.6510182455511737,340,69
2026-27,football,Empire 8 (E8),e8,Alfred,"Mucica,Dan",Dan,Mucica,,18,"Mucica,Dan","MUCICA,DAN",Alfred,ALF,1003-5903,4,2,2,2,0,WR,0,0,,,,,,,,,,,,,,,,,,,,,,,,,,,,,,,,,,,,,,,,,,,,,,,,,,,,,,,,,,,,,,,,,,,,,,,,,,,,,,,,,5,47,0,13,9.4,,,,,,,,,,,,,,,,,,,,,,,,,,,,,,,,,,,,,,,,,,,-0.6542470717293482,341,69
2026-27,football,Empire 8 (E8),e8,Hartwick,"Young,Michael",Michael,Young,,273,"Young,Michael","YOUNG,MICHAEL",Hartwick,HC,1005-3485,4,1,58,58,0,OL,0,0,,,,,,,,0,0,1,1,1,.5,.0,.0,0,1,6,0.5,0,1,6,0,0,0,0,0,0,0,0,0,,,,,,,,,,,,,,,,,,,,,,,,,,,,,,,,,,,,,,,,,,,,,,,,,,,,,,,,,,,,,,,,,,,,,,,,,,,,,,,,,,,,,,,,,,,,,,,,,-0.6635258234559496,342,69
2026-27,football,Empire 8 (E8),e8,Cortland,"Henry,Kyber",Kyber,Henry,,168,"Henry,Kyber","HENRY,KYBER",Cortland,COR,1168-6598,2,0,41,41,0,RB,0,0,,,,,,,,,,,,,,,,,,,,,,,,,,,,,,,,,,,,,,,,,,,,,,,,,,,,,,,,,5,23,23,0,0,8,4.6,11.5,,,,,,,,,,,,,,,,,,,,,,,,,,,,,,,,,,,,,,,,,,,,,,,,,,,,,,,,,,,,,,,,-0.6873377209472564,343,69
2026-27,football,Empire 8 (E8),e8,Cortland,Lucas Singleton,Lucas,Singleton,,168,Lucas Singleton,"SINGLETON,LUCAS",Cortland,COR,1168-7001,4,0,18,18,0,0,0,0,,,,,,,,0,0,0,0,0,.0,.0,.0,0,0,0,0,0,0,0,0,0,0,0,0,0,0,0,0,,,,,,,,,,,,,,0,2,0,0,0,0,0,0,0,12,12,3,23,134,139,5,1,21,5.8,33.5,,,,,,,,,,,,,,,,,3,54,1,25,18.0,,,,,,,,,,,,1,29,0,29,29.0,,,,,,,,,,,,,,,,,,,,,,,,,,,-0.7037716728136514,344,69
2026-27,football,Empire 8 (E8),e8,Alfred St.,"Marasco,Dominic",Dominic,Marasco,,30170,"Marasco,Dominic","MARASCO,DOMINIC",Alfred St.,ASC,1447-3102,4,4,54,54,0,0,DL,0,,,,,,,,0,1,4,5,5,1.0,.0,.0,0,2,2,0,0,0,0,0,0,3,0,0,0,0,0,0,,,,,,,,,,,,,,,,,,,,,,,,,,,,,,,,,,,,,,,,,,,,,,,,,,,,,,,,,,,,,,,,,,,,,,,,,,,,,,,,,,,,,,,,,,,,,,,,,-0.7139105844251622,345,69
2026-27,football,Empire 8 (E8),e8,Hartwick,"Addo,Matthew",Matthew,Addo,,273,"Addo,Matthew","ADDO,MATTHEW",Hartwick,HC,1005-3654,4,4,35,35,0,WR,0,0,,,,,,,,0,8,2,10,10,.0,.0,.0,0,0,0,0,0,0,0,0,0,0,0,0,0,0,0,0,,,,,,,,,,,,,,,,,,,,,,,,,,,,,,,,,,,,,,,,,,,,,,,,,,,,,,,,,,,,,,,,,,,,,,,,,,,,,,,,,,,,,,,,,,,,,,,,,-0.7207869860647623,346,69
2026-27,football,Empire 8 (E8),e8,Morrisville,"Archibald,Carter",Carter,Archibald,,30067,"Archibald,Carter","ARCHIBALD,CARTER",Morrisville,MOR,1388-2825,3,1,36,36,0,0,DB,0,,,,,,,,0,3,7,10,10,.0,.0,.0,0,0,0,0,0,0,0,0,0,0,0,0,0,0,0,0,,,,,,,,,,,,,,,,,,,,,,,,,,,,,,,,,,,,,,,,,,,,,,,,,,,,,,,,,,,,,,,,,,,,,,,,,,,,,,,,,,,,,,,,,,,,,,,,,-0.7207869860647623,347,68
2026-27,football,Empire 8 (E8),e8,Hartwick,"Petronella,Rocco",Rocco,Petronella,,273,"Petronella,Rocco","PETRONELLA,ROCCO",Hartwick,HC,1005-3692,2,0,89,89,0,WR,0,0,,,,,,,,,,,,,,,,,,,,,,,,,,,,,,,,,,,,,,,,,,,,,,,,,,,,,,,,,,,,,,,,,,,,,,,,,,,,,,,,,2,36,0,29,18.0,,,,,,,,,,,,,,,,,,,,,,,,,,,,,,,,,,,,,,,,,,,-0.7575565957070789,348,68
2026-27,football,Empire 8 (E8),e8,Cortland,Tyson Taylor,Tyson,Taylor,,168,Tyson Taylor,"TAYLOR,TYSON",Cortland,COR,1168-5662,3,0,0,0,0,0,0,0,,,,,,,,0,3,1,4,4,.0,.0,.0,0,0,0,0,0,0,0,1,0,0,0,0,0,0,0,1,,,,,,,,,,,,,,,,,,,,,,,,,,,,,,,,,,,,,,,,,,,,,,,,,,,,,,,,,,,,,,,,,,,,,,,,,,,,,,,,,,,,,,,,,,,,,,,,,-0.7584941559761276,349,68
2026-27,football,Empire 8 (E8),e8,Hartwick,"Velazquez,Alex",Alex,Velazquez,,273,"Velazquez,Alex","VELAZQUEZ,ALEX",Hartwick,HC,1005-3483,4,0,40,40,0,0,DB,0,,,,,,,,0,3,1,4,4,.0,.0,.0,0,0,0,0,0,0,0,1,0,0,0,0,0,0,0,1,,,,,,,,,,,,,,,,,,,,,,,,,,,,,,,,,,,,,,,,,,,,,,,,,,,,,,,,,,,,,,,,,,,,,,,,,,,,,,,,,,,,,,,,,,,,,,,,,-0.7584941559761276,350,68
2026-27,football,Empire 8 (E8),e8,St. John Fisher,Michael LoRusso,Michael,LoRusso,,601,Michael LoRusso,"LORUSSO,MICHAEL",St. John Fisher,ST. JOHN,1009-6165,4,1,13,13,0,0,0,0,,,,,,,,,,,,,,,,,,,,,,,,,,,,,,,,,,,,,,,,,,,,,,,,,,,,,,,,,,,,,,,,,,,,,,,,,,,,,,,,,6,35,0,13,5.8,,,,,,,,,,,,,,,,,,,,,,,,,,,,,,,,,,,,,,,,,,,-0.7669483706141453,351,68
2026-27,football,Empire 8 (E8),e8,Cortland,"DeVito,Nick",Nick,DeVito,,168,"DeVito,Nick","DEVITO,NICK",Cortland,COR,1168-6963,1,0,38,38,0,QB,0,0,,,,,,,,,,,,,,,,,,,,,,,,,,,,,,,,,,,,,,,,,,,,,,,,,,,,,,,,,1,11,11,0,0,11,11.0,11.0,,,,,,,,,,,,,,,,,,,,,,,,,,,,,,,,,,,,,,,,,,,,,,,,,,,,,,,,,,,,,,,,-0.7962961471355043,352,68
2026-27,football,Empire 8 (E8),e8,Cortland,Sean O'Brien,Sean,O'Brien,,168,Sean O'Brien,"O'BRIEN,SEAN",Cortland,COR,1168-6028,4,0,40,40,0,0,0,0,,,,,,,,0,2,2,4,4,1.0,.0,.0,1,0,4,0,0,0,0,0,0,0,0,0,0,0,0,0,,,,,,,,,,,,,,,,,,,,,,,,,,,,,,,,,,,,,,,,,,,,,,,,,,,,,,,,,,,,,,,,,,,,,,,,,,,,,,,,,,,,,,,,,,,,,,,,,-0.8021728207069536,353,68
2026-27,football,Empire 8 (E8),e8,Hartwick,"Acompora-Miller,Christopher",Christopher,Acompora-Miller,,273,"Acompora-Miller,Christopher","ACOMPORA-MILLER,CHRISTOPHER",Hartwick,HC,1005-3275,4,0,23,23,0,0,DB,0,,,,,,,,0,7,2,9,9,.0,.0,.0,0,0,0,0,0,0,0,0,0,0,0,0,0,0,0,0,,,,,,,0,0,0,0,.0,,,,,,,,,,,,,,,,,,,,,,,,,,,,,,,,,,,,,,,,,,,,,,,,,,,,,,,,,,,,,,,,,,,,,,,,,,,,,,,,,,,,,,-0.8090492223465539,354,68
2026-27,football,Empire 8 (E8),e8,Cortland,Carter jr Chris,Carter jr,Chris,,168,Carter jr Chris,"JR,CHRIS CARTER",Cortland,COR,1168-6581,4,4,14,14,0,0,STAR,0,,,,,,,,0,5,4,9,9,.0,.0,.0,0,0,0,0,0,0,0,0,0,0,0,0,1,0,0,0,,,,,,,,,,,,,,,,,,,,,,,,,,,,,,,,,,,,,,,,,,,,,,,,,,,,,,,,,,,,,,,,,,,,,,,,,,,,,,,,,,,,,,,,,,,,,,,,,-0.8090492223465539,355,68
2026-27,football,Empire 8 (E8),e8,Alfred,"Gittens,Isaiah",Isaiah,Gittens,,18,"Gittens,Isaiah","GITTENS,ISAIAH",Alfred,ALF,1003-6079,4,3,91,91,0,0,DL,0,,,,,,,,0,4,5,9,9,.0,.0,.0,0,0,0,0,0,0,0,0,0,0,0,0,0,0,0,0,,,,,,,,,,,,,,,,,,,,,,,,,,,,,,,,,,,,,,,,,,,,,,,,,,,,,,,,,,,,,,,,,,,,,,,,,,,,,,,,,,,,,,,,,,,,,,,,,-0.8090492223465539,356,68
2026-27,football,Empire 8 (E8),e8,Alfred,"Adams,Maverick",Maverick,Adams,,18,"Adams,Maverick","ADAMS,MAVERICK",Alfred,ALF,1003-5868,4,3,44,44,0,0,LB,0,,,,,,,,,,,,,,,,,,,,,,,,,,,,,,,,,,,,,,,,,,,,,,,,,,,,,,,,,,,,,,,,,,,,,,,,,,,,,,,,,7,29,0,14,4.1,,,,,,,,,,,,,,,,,,,,,,,,,,,,,,,,,,,,,,,,,,,-0.823299020056544,357,68
2026-27,football,Empire 8 (E8),e8,Cortland,Samuel Jacquays,Samuel,Jacquays,,168,Samuel Jacquays,"JACQUAYS,SAMUEL",Cortland,COR,1168-6302,4,0,24,24,0,0,0,0,,,,,,,,,,,,,,,,,,,,,,,,,,,,,,,,,,,,,,,,,,,,,,,,,,,,,,,,,5,7,8,1,0,4,1.4,1.8,,,,,,,,,,,,,,,,,,,,,,,,,,,,,,,,,,,,,,,,,,,,,,,,,,,,,,,,,,,,,,,,-0.832615622531587,358,68
2026-27,football,Empire 8 (E8),e8,Cortland,"Jentz,Aaron",Aaron,Jentz,,168,"Jentz,Aaron","JENTZ,AARON",Cortland,COR,1168-6020,1,0,39,39,0,0,DB,0,,,,,,,,0,2,1,3,3,.0,.0,.0,0,0,0,0,0,0,0,1,0,0,0,0,0,0,0,1,,,,,,,,,,,,,,,,,,,,,,,,,,,,,,,,,,,,,,,,,,,,,,,,,,,,,,,,,,,,,,,,,,,,,,,,,,,,,,,,,,,,,,,,,,,,,,,,,-0.8467563922579189,359,67
2026-27,football,Empire 8 (E8),e8,Alfred St.,"Flecha Jr.,Gilbert",Gilbert,Flecha Jr.,,30170,"Flecha Jr.,Gilbert","FLECHA JR.,GILBERT",Alfred St.,ASC,1447-3905,1,0,22,22,0,RB,0,0,,,,,,,,,,,,,,,,,,,,,,,,,,,,,,,,,,,,,,,,,,,,,,,,,,,,,,,,,3,5,8,3,0,5,1.7,5.0,,,,,,,,,,,,,,,,,,,,,,,,,,,,,,,,,,,,,,,,,,,,,,,,,,,,,,,,,,,,,,,,-0.8507753602296284,360,67
2026-27,football,Empire 8 (E8),e8,Alfred St.,"Dejoie,Marcus",Marcus,Dejoie,,30170,"Dejoie,Marcus","DEJOIE,MARCUS",Alfred St.,ASC,1447-3076,1,0,37,37,0,RB,0,0,,,,,,,,,,,,,,,,,,,,,,,,,,,,,,,,,,,,,,,,,,,,,,,,,,,,,,,,,4,4,7,3,0,4,1.0,4.0,,,,,,,,,,,,,,,,,,,,,,,,,,,,,,,,,,,,,,,,,,,,,,,,,,,,,,,,,,,,,,,,-0.8598552290786491,361,67
2026-27,football,Empire 8 (E8),e8,Alfred,Eddie Diaz,Eddie,Diaz,,18,Eddie Diaz,"DIAZ,EDDIE",Alfred,ALF,1003-6494,1,0,26,26,0,0,0,0,,,,,,,,,,,,,,,,,,,,,,,,,,,,,,,,,,,,,,,,,,,,,,,,,,,,,,,,,1,4,4,0,0,4,4.0,4.0,,,,,,,,,,,,,,,,,,,,,,,,,,,,,,,,,,,,,,,,,,,,,,,,,,,,,,,,,,,,,,,,-0.8598552290786491,362,67
2026-27,football,Empire 8 (E8),e8,Hartwick,"Mazzie,Justin",Justin,Mazzie,,273,"Mazzie,Justin","MAZZIE,JUSTIN",Hartwick,HC,1005-3472,2,0,41,41,0,RB,0,0,,,,,,,,,,,,,,,,,,,,,,,,,,,,,,,,,,,,,,,,,,,,,,,,,,,,,,,,,2,4,6,2,0,6,2.0,2.0,,,,,,,,,,,,,,,,,,,,,,,,,,,,,,,,,,,,,,,,,,,,,,,,,,,,,,,,,,,,,,,,-0.8598552290786491,363,67
2026-27,football,Empire 8 (E8),e8,Alfred,"Croucher,Jackson",Jackson,Croucher,,18,"Croucher,Jackson","CROUCHER,JACKSON",Alfred,ALF,1003-4849,2,2,87,87,0,WR,0,0,,,,,,,,,,,,,,,,,,,,,,,,,,,,,,,,,,,,,,,,,,,,,,,,,,,,,,,,,,,,,,,,,,,,,,,,,,,,,,,,,4,25,0,13,6.3,,,,,,,,,,,,,,,,,,,,,,,,,,,,,,,,,,,,,,,,,,,-0.8608661196848097,364,67
2026-27,football,Empire 8 (E8),e8,Morrisville,"German,Larry",Larry,German,,30067,"German,Larry","GERMAN,LARRY",Morrisville,MOR,1388-2807,4,4,83,83,0,WR,0,0,,,,,,,,0,1,1,2,2,.0,.0,.0,0,0,0,0,0,0,0,0,0,0,0,0,0,0,0,0,,,,,,,,,,,,,,0,1,0,0,0,0,0,0,0,6,6,1.5,,,,,,,,,,,,,,,,,,,,,,,,,12,98,1,27,8.2,,,,,,,,,,,,,,,,,,,,,,,,,,,,,,,,,,,,,,,,,,,-0.8668125825587658,365,67
2026-27,football,Empire 8 (E8),e8,Morrisville,"Perrin,Sean",Sean,Perrin,,30067,"Perrin,Sean","PERRIN,SEAN",Morrisville,MOR,1388-2274,2,0,28,28,0,RB,0,0,,,,,,,,,,,,,,,,,,,,,,,,,,,,,,,,,,,,,,,,,,,,,,,,,,,,,,,,,2,2,2,0,0,1,1.0,1.0,,,,,,,,,,,,,,,,,,,,,,,,,,,,,,,,,,,,,,,,,,,,,,,,,,,,,,,,,,,,,,,,-0.8780149667766904,366,67
2026-27,football,Empire 8 (E8),e8,Alfred St.,"Campbell,Joshua",Joshua,Campbell,,30170,"Campbell,Joshua","CAMPBELL,JOSHUA",Alfred St.,ASC,1447-2688,2,0,13,13,0,WR,0,0,,,,,,,,,,,,,,,,,,,,,,,,,,,,,,,,,,,,,,,,,,,,,,,,,,,,,,,,,,,,,,,,,,,,,,,,,,,,,,,,,2,23,0,16,11.5,,,,,,,,,,,,,,,,,,,,,,,,,,,,,,,,,,,,,,,,,,,-0.8796496694989426,367,67
2026-27,football,Empire 8 (E8),e8,Utica,"Cobb,Anthony",Anthony,Cobb,,733,"Cobb,Anthony","COBB,ANTHONY",Utica,UTC,1010-7332,3,2,63,63,0,OL,0,0,,,,,,,,,,,,,,,,,,,,,,,,,,,,,,,,,,,,,,,,,,,,,,,,,,,,,,,,,0,0,0,0,0,0,.0,.0,,,,,,,,,,,,,,,,,,,,,,,,,,,,,,,,,,,,,,,,,,,,,,,,,,,,,,,,,,,,,,,,-0.8961747044747317,368,67
2026-27,football,Empire 8 (E8),e8,Alfred,"Eastman,Caleb",Caleb,Eastman,,18,"Eastman,Caleb","EASTMAN,CALEB",Alfred,ALF,1003-5882,3,0,9,9,0,QB,0,0,,,,,,,,,,,,,,,,,,,,,,,,,,,,,,,,,,,,,,,,,,,,,,,,,,,,,,,,,1,0,0,0,0,0,.0,.0,,,,,,,,,,,,,,,,,,,,,,,,,,,,,,,,,,,,,,,,,,,,,,,,,,,,,,,,,,,,,,,,-0.8961747044747317,369,67
2026-27,football,Empire 8 (E8),e8,Alfred St.,"Rynkevic,Adrian",Adrian,Rynkevic,,30170,"Rynkevic,Adrian","RYNKEVIC,ADRIAN",Alfred St.,ASC,1447-3089,4,4,77,77,0,OL,0,0,,,,,,,,,,,,,,,,,,,,,,,,,,,,,,,,,,,,,,,,,,,,,,,,,,,,,,,,,0,0,0,0,0,0,.0,.0,,,,,,,,,,,,,,,,,,,,,,,,,,,,,,,,,,,,,,,,,,,,,,,,,,,,,,,,,,,,,,,,-0.8961747044747317,370,67
2026-27,football,Empire 8 (E8),e8,Brockport,"Falu,Luis",Luis,Falu,,78,"Falu,Luis","FALU,LUIS",Brockport,BPT,652-8378,4,0,7,7,0,WR,0,0,,,,,,,,,,,,,,,,,,,,,,,,,,,,,,,,,,,,,,,,,,,,,,,,,,,,,,,,,,,,,,,,,,,,,,,,,,,,,,,,,1,19,0,19,19.0,,,,,,,,,,,,,,,,,,,,,,,,,,,,,,,,,,,,,,,,,,,-0.9172167691272084,371,67
2026-27,football,Empire 8 (E8),e8,Hartwick,"Morales,Alex",Alex,Morales,,273,"Morales,Alex","MORALES,ALEX",Hartwick,HC,0,1,0,87,8A,0,WR,0,0,,,,,,,,,,,,,,,,,,,,,,,,,,,,,,,,,,,,,,,,,,,,,,,,,,,,,,,,,,,,,,,,,,,,,,,,,,,,,,,,,1,19,0,19,19.0,,,,,,,,,,,,,,,,,,,,,,,,,,,,,,,,,,,,,,,,,,,-0.9172167691272084,372,66
2026-27,football,Empire 8 (E8),e8,Utica,"Thompson,Scotty",Scotty,Thompson,,733,"Thompson,Scotty","THOMPSON,SCOTTY",Utica,UTC,1010-6600,2,0,82,82,0,TE,0,0,,,,,,,,,,,,,,,,,,,,,,,,,,,,,,,,,,,,,,,,,,,,,,,,,,,,,,,,,,,,,,,,,,,,,,,,,,,,,,,,,3,19,0,11,6.3,,,,,,,,,,,,,,,,,,,,,,,,,,,,,,,,,,,,,,,,,,,-0.9172167691272084,373,66
2026-27,football,Empire 8 (E8),e8,Hartwick,"Modeste,Aidyn",Aidyn,Modeste,,273,"Modeste,Aidyn","MODESTE,AIDYN",Hartwick,HC,1005-3689,2,0,45,45,0,RB,0,0,,,,,,,,,,,,,,,,,,,,,,,,,,,,,,,,,,,,,,,,,,,,,,,,,,,,,,,,,3,-4,1,5,0,1,-1.3,-2.0,,,,,,,,,,,,,,,,,,,,,,,,,,,,,,,,,,,,,,,,,,,,,,,,,,,,,,,,,,,,,,,,-0.9324941798708144,374,66
2026-27,football,Empire 8 (E8),e8,Cortland,Jack Ciano,Jack,Ciano,,168,Jack Ciano,"CIANO,JACK",Cortland,COR,1168-6586,4,0,81,81,0,0,0,0,,,,,,,,,,,,,,,,,,,,,,,,,,,,,,,,,,,,,,,,,,,,,,,,,,,,,,,,,,,,,,,,,,,,,,,,,,,,,,,,,2,17,0,11,8.5,,,,,,,,,,,,,,,,,,,,,,,,,,,,,,,,,,,,,,,,,,,-0.9360003189413413,375,66
2026-27,football,Empire 8 (E8),e8,Alfred St.,"Driscoll,Brady",Brady,Driscoll,,30170,"Driscoll,Brady","DRISCOLL,BRADY",Alfred St.,ASC,1447-3115,3,0,51,51,0,0,DE,0,,,,,,,,0,3,2,5,5,.5,.0,.0,0,1,1,0,0,0,0,0,0,0,0,0,0,0,0,0,,,,,,,,,,,,,,,,,,,,,,,,,,,,,,,,,,,,,,,,,,,,,,,,,,,,,,,,,,,,,,,,,,,,,,,,,,,,,,,,,,,,,,,,,,,,,,,,,-0.938004375949441,376,66
2026-27,football,Empire 8 (E8),e8,Cortland,Jackson Cypher,Jackson,Cypher,,168,Jackson Cypher,"CYPHER,JACKSON",Cortland,COR,1168-6007,4,0,20,20,0,0,0,0,,,,,,,,0,2,3,5,5,.5,.0,.0,0,1,1,0,0,0,0,0,0,0,0,0,0,0,0,0,,,,,,,,,,,,,,,,,,,,,,,,,,,,,,,,,,,,,,,,,,,,,,,,,,,,,,,,,,,,,,,,,,,,,,,,,,,,,,,,,,,,,,,,,,,,,,,,,-0.938004375949441,377,66
2026-27,football,Empire 8 (E8),e8,Alfred St.,"Olmstead,Tanner",Tanner,Olmstead,,30170,"Olmstead,Tanner","OLMSTEAD,TANNER",Alfred St.,ASC,1447-3919,4,4,97,97,0,0,DL,0,,,,,,,,0,2,3,5,5,.5,.0,.0,0,1,2,0,0,0,0,0,0,0,0,0,0,0,0,0,,,,,,,,,,,,,,,,,,,,,,,,,,,,,,,,,,,,,,,,,,,,,,,,,,,,,,,,,,,,,,,,,,,,,,,,,,,,,,,,,,,,,,,,,,,,,,,,,-0.938004375949441,378,66
2026-27,football,Empire 8 (E8),e8,Alfred,"Waddell,Ryan",Ryan,Waddell,,18,"Waddell,Ryan","WADDELL,RYAN",Alfred,ALF,1003-6111,4,0,42,42,0,0,LB,0,,,,,,,,0,2,3,5,5,.5,.0,.0,0,1,0,0,0,0,0,0,0,0,0,0,0,0,0,0,,,,,,,,,,,,,,,,,,,,,,,,,,,,,,,,,,,,,,,,,,,,,,,,,,,,,,,,,,,,,,,,,,,,,,,,,,,,,,,,,,,,,,,,,,,,,,,,,-0.938004375949441,379,66
2026-27,football,Empire 8 (E8),e8,Cortland,Wilkenson Joseph,Wilkenson,Joseph,,168,Wilkenson Joseph,WILKENSONJOSEPH,Cortland,COR,1168-6602,4,0,44,44,0,0,0,0,,,,,,,,0,4,1,5,5,.5,.0,.0,0,1,2,0,0,0,0,0,1,3,0,0,0,0,0,0,,,,,,,,,,,,,,,,,,,,,,,,,,,,,,,,,,,,,,,,,,,,,,,,,,,,,,,,,,,,,,,,,,,,,,,,,,,,,,,,,,,,,,,,,,,,,,,,,-0.938004375949441,380,66
2026-27,football,Empire 8 (E8),e8,St. John Fisher,Jack McCoy,Jack,McCoy,,601,Jack McCoy,"MCCOY,JACK",St. John Fisher,ST. JOHN,1009-6173,3,0,17,17,0,0,0,0,,,,,,,,,,,,,,,,,,,,,,,,,,,,,,,,,,,,,,,,,,,,,,,,,,,,,,,,,1,-5,0,5,0,0,-5.0,-1.7,,,,,,,,,,,,,,,,,,,,,,,,,,,,,,,,,,,,,,,,,,,,,,,,,,,,,,,,,,,,,,,,-0.9415740487198352,381,66
2026-27,football,Empire 8 (E8),e8,St. John Fisher,Nathan Delill,Nathan,Delill,,601,Nathan Delill,"DELILL,NATHAN",St. John Fisher,ST. JOHN,1009-5856,3,0,40,40,0,0,0,0,,,,,,,,,,,,,,,,,,,,,,,,,,,,,,,,,,,,,,,,,,,,,,,,,,,,,,,,,,,,,,,,,,,,,,,,,,,,,,,,,3,16,0,9,5.3,,,,,,,,,,,,,,,,,,,,,,,,,,,,,,,,,,,,,,,,,,,-0.9453920938484076,382,66
2026-27,football,Empire 8 (E8),e8,Alfred St.,"Joseph,Ryan",Ryan,Joseph,,30170,"Joseph,Ryan","JOSEPH,RYAN",Alfred St.,ASC,1447-3968,3,0,26,26,0,RB,0,0,,,,,,,,0,0,0,0,0,.0,.0,.0,0,0,0,0,0,0,0,0,0,0,0,0,0,0,0,0,,,,,,,,,,,,,,0,1,0,0,0,0,0,0,0,6,6,2,13,109,111,2,1,42,8.4,36.3,,,,,,,,,,,,,,,,,,,,,,,,,,,,,,,,,,,,,,,,,,,,,,,,,,,,,,,,,,,,,,,,-0.9455979159194019,383,66
2026-27,football,Empire 8 (E8),e8,St. John Fisher,Dominic Giunta,Dominic,Giunta,,601,Dominic Giunta,"GIUNTA,DOMINIC",St. John Fisher,ST. JOHN,1009-6874,1,0,59,59,0,0,0,0,,,,,,,,0,2,0,2,2,1.0,.0,.0,1,0,3,0,0,0,0,0,0,0,0,0,0,0,0,0,,,,,,,,,,,,,,,,,,,,,,,,,,,,,,,,,,,,,,,,,,,,,,,,,,,,,,,,,,,,,,,,,,,,,,,,,,,,,,,,,,,,,,,,,,,,,,,,,-0.9786972932705365,384,66
2026-27,football,Empire 8 (E8),e8,St. John Fisher,Alex Miller,Alex,Miller,,601,Alex Miller,"MILLER,ALEX",St. John Fisher,ST. JOHN,1009-6114,4,0,33,33,0,0,0,0,,,,,,,,0,4,3,7,7,.0,.0,.0,0,0,0,0,0,0,0,0,0,0,0,0,0,0,0,0,,,,,,,,,,,,,,,,,,,,,,,,,,,,,,,,,,,,,,,,,,,,,,,,,,,,,,,,,,,,,,,,,,,,,,,,,,,,,,,,,,,,,,,,,,,,,,,,,-0.9855736949101368,385,65
2026-27,football,Empire 8 (E8),e8,Morrisville,"Everett,Corey",Corey,Everett,,30067,"Everett,Corey","EVERETT,COREY",Morrisville,MOR,1388-2531,4,1,34,34,0,0,DL,0,,,,,,,,0,2,5,7,7,.0,.0,.0,0,0,0,0,0,0,0,0,0,0,0,0,0,0,0,0,,,,,,,,,,,,,,,,,,,,,,,,,,,,,,,,,,,,,,,,,,,,,,,,,,,,,,,,,,,,,,,,,,,,,,,,,,,,,,,,,,,,,,,,,,,,,,,,,-0.9855736949101368,386,65
2026-27,football,Empire 8 (E8),e8,Alfred,"Lutz,Matt",Matt,Lutz,,18,"Lutz,Matt","LUTZ,MATT",Alfred,ALF,1003-6086,4,0,93,93,0,0,DL,0,,,,,,,,0,1,6,7,7,.0,.0,.0,0,0,0,0,0,0,0,0,0,1,0,0,0,0,0,0,,,,,,,,,,,,,,,,,,,,,,,,,,,,,,,,,,,,,,,,,,,,,,,,,,,,,,,,,,,,,,,,,,,,,,,,,,,,,,,,,,,,,,,,,,,,,,,,,-0.9855736949101368,387,65
2026-27,football,Empire 8 (E8),e8,St. John Fisher,Ryan Ross,Ryan,Ross,,601,Ryan Ross,"ROSS,RYAN",St. John Fisher,ST. JOHN,1009-6190,3,0,34,34,0,0,0,0,,,,,,,,0,3,4,7,7,.0,.0,.0,0,0,0,0,0,0,0,0,0,0,0,0,0,0,0,0,,,,,,,,,,,,,,,,,,,,,,,,,,,,,,,,,,,,,,,,,,,,,,,,,,,,,,,,,,,,,,,,,,,,,,,,,,,,,,,,,,,,,,,,,,,,,,,,,-0.9855736949101368,388,65
2026-27,football,Empire 8 (E8),e8,Morrisville,"Shaw,Zymiere",Zymiere,Shaw,,30067,"Shaw,Zymiere","SHAW,ZYMIERE",Morrisville,MOR,1388-3046,3,0,45,45,0,WR,0,0,,,,,,,,,,,,,,,,,,,,,,,,,,,,,,,,,,,,,,,,,,,,,,,,,,,,,,,,,,,,,,,,,,,,,,,,,,,,,,,,,1,9,0,9,9.0,,,,,,,,,,,,,,,,,,,,,,,,,,,,,,,,,,,,,,,,,,,-1.0111345181978728,389,65
2026-27,football,Empire 8 (E8),e8,Morrisville,"Arius,Oliver",Oliver,Arius,,30067,"Arius,Oliver","ARIUS,OLIVER",Morrisville,MOR,1388-2995,3,0,27,27,0,0,DB,0,,,,,,,,0,0,1,1,1,.0,.0,.0,0,0,0,0,0,0,0,1,0,0,0,0,0,0,0,1,,,,,,,,,,,,,,,,,,,,,,,,,,,,,,,,,,,,,,,,,,,,,,,,,,,,,,,,,,,,,,,,,,,,,,,,,,,,,,,,,,,,,,,,,,,,,,,,,-1.023280864821502,390,65
2026-27,football,Empire 8 (E8),e8,Cortland,Jayden Locke,Jayden,Locke,,168,Jayden Locke,"LOCKE,JAYDEN",Cortland,COR,1168-6609,3,0,21,21,0,0,0,0,,,,,,,,0,1,0,1,1,.0,.0,.0,0,0,0,0,0,0,0,1,0,0,0,0,0,0,0,1,,,,,,,,,,,,,,,,,,,,,,,,,,,,,,,,,,,,,,,,,,,,,,,,,,,,,,,,,,,,,,,,,,,,,,,,,,,,,,,,,,,,,,,,,,,,,,,,,-1.023280864821502,391,65
2026-27,football,Empire 8 (E8),e8,Utica,"Nolan,Mason",Mason,Nolan,,733,"Nolan,Mason","NOLAN,MASON",Utica,UTC,1010-7059,2,2,5,5Y,0,0,LB,0,,,,,,,,0,0,1,1,1,.0,.0,.0,0,0,0,0,0,0,0,1,0,0,0,0,0,0,0,1,,,,,,,,,,,,,,,,,,,,,,,,,,,,,,,,,,,,,,,,,,,,,,,,,,,,,,,,,,,,,,,,,,,,,,,,,,,,,,,,,,,,,,,,,,,,,,,,,-1.023280864821502,392,65
2026-27,football,Empire 8 (E8),e8,Morrisville,"Gilbert,Chaunsey",Chaunsey,Gilbert,,30067,"Gilbert,Chaunsey","GILBERT,CHAUNSEY",Morrisville,MOR,1388-2136,4,0,3,3,0,WR,0,0,,,,,,,,0,0,0,0,0,.0,.0,.0,0,0,0,0,0,0,0,0,0,0,0,0,0,0,0,0,,,,,,,,,,,,,,,,,,,,,,,,,,0,0,0,0,0,0,.0,.0,,,,,,,,,,,,,,,,,4,110,0,82,27.5,,,,,,,,,,,,12,213,0,28,17.8,,,,,,,,,,,,,,,,,,,,,,,,,,,-1.0239965885090476,393,65
2026-27,football,Empire 8 (E8),e8,St. John Fisher,Greg Rayl,Greg,Rayl,,601,Greg Rayl,"RAYL,GREG",St. John Fisher,ST. JOHN,1009-5885,4,4,97,97,0,0,DL,0,,,,,,,,0,1,3,4,4,.5,.0,.0,0,1,1,0,0,0,0,0,0,1,0,0,0,0,0,0,,,,,,,,,,,,,,,,,,,,,,,,,,,,,,,,,,,,,,,,,,,,,,,,,,,,,,,,,,,,,,,,,,,,,,,,,,,,,,,,,,,,,,,,,,,,,,,,,-1.0262666122312325,394,65
2026-27,football,Empire 8 (E8),e8,Brockport,"Smith,Xavier",Xavier,Smith,,78,"Smith,Xavier","SMITH,XAVIER",Brockport,BPT,652-8011,4,4,9,9O,0,TE,0,0,,,,,,,,,,,,,,,,,,,,,,,,,,,,,,,,,,,,,,,,,,,,,,,,,,,,,,,,,,,,,,,,,,,,,,,,,,,,,,,,,2,6,0,4,3.0,,,,,,,,,,,,,,,,,,,,,,,,,,,,,,,,,,,,,,,,,,,-1.0393098429190721,395,65
2026-27,football,Empire 8 (E8),e8,Alfred,"Davis,Michael",Michael,Davis,,18,"Davis,Michael","DAVIS,MICHAEL",Alfred,ALF,1003-5878,-1,3,32,32,0,0,DL,0,,,,,,,,0,-10,6,-4,-4,2.5,.0,.0,2,1,15,1,1,0,11,-3,0,0,0,0,0,0,0,-3,,,,,,,,,,,,,,,,,,,,,,,,,,,,,,,,,,,,,,,,,,,,,,,,,,,,,,,,,,,,,,,,,,,,,,,,,,,,,,,,,,,,,,,,,,,,,,,,,-1.0565330844852852,396,65
2026-27,football,Empire 8 (E8),e8,Alfred St.,"Firenze,Chase",Chase,Firenze,,30170,"Firenze,Chase","FIRENZE,CHASE",Alfred St.,ASC,1447-3979,1,0,32,32,0,RB,0,0,,,,,,,,,,,,,,,,,,,,,,,,,,,,,,,,,,,,,,,,,,,,,,,,,,,,,,,,,4,3,5,2,0,4,.8,3.0,,,,,,,,,,,,,,,,,,,,,,,,,,,,,,,,,1,22,0,22,22.0,,,,,,,,,,,,,,,,,,,,,,,,,,,-1.064478370384949,397,64
2026-27,football,Empire 8 (E8),e8,Morrisville,"Daughton,Ty",Ty,Daughton,,30067,"Daughton,Ty","DAUGHTON,TY",Morrisville,MOR,1388-3011,4,0,59,59,0,0,DL,0,,,,,,,,0,0,6,6,6,.0,.0,.0,0,0,0,0,0,0,0,0,0,0,0,0,0,0,0,0,,,,,,,,,,,,,,,,,,,,,,,,,,,,,,,,,,,,,,,,,,,,,,,,,,,,,,,,,,,,,,,,,,,,,,,,,,,,,,,,,,,,,,,,,,,,,,,,,-1.073835931191928,398,64
2026-27,football,Empire 8 (E8),e8,Hartwick,"Forlivio,Michael",Michael,Forlivio,,273,"Forlivio,Michael","FORLIVIO,MICHAEL",Hartwick,HC,1005-3669,3,0,50,50,0,0,LB,0,,,,,,,,0,1,5,6,6,.0,.0,.0,0,0,0,0,0,0,0,0,0,0,0,0,0,0,0,0,,,,,,,,,,,,,,,,,,,,,,,,,,,,,,,,,,,,,,,,,,,,,,,,,,,,,,,,,,,,,,,,,,,,,,,,,,,,,,,,,,,,,,,,,,,,,,,,,-1.073835931191928,399,64
2026-27,football,Empire 8 (E8),e8,Morrisville,"Hassall,Braydon",Braydon,Hassall,,30067,"Hassall,Braydon","HASSALL,BRAYDON",Morrisville,MOR,1388-3008,3,0,52,52,0,0,DL,0,,,,,,,,0,4,2,6,6,.0,.0,.0,0,0,0,0,0,0,0,0,0,0,0,0,0,0,0,0,,,,,,,,,,,,,,,,,,,,,,,,,,,,,,,,,,,,,,,,,,,,,,,,,,,,,,,,,,,,,,,,,,,,,,,,,,,,,,,,,,,,,,,,,,,,,,,,,-1.073835931191928,400,64
2026-27,football,Empire 8 (E8),e8,Cortland,Jayden Robles,Jayden,Robles,,168,Jayden Robles,"ROBLES,JAYDEN",Cortland,COR,1168-6334,4,4,99,99,0,0,NT,0,,,,,,,,0,1,5,6,6,.0,.0,.0,0,0,0,0,0,0,0,0,0,1,0,0,0,0,0,0,,,,,,,,,,,,,,,,,,,,,,,,,,,,,,,,,,,,,,,,,,,,,,,,,,,,,,,,,,,,,,,,,,,,,,,,,,,,,,,,,,,,,,,,,,,,,,,,,-1.073835931191928,401,64
2026-27,football,Empire 8 (E8),e8,St. John Fisher,Justin Maier,Justin,Maier,,601,Justin Maier,"MAIER,JUSTIN",St. John Fisher,ST. JOHN,1009-6167,4,0,7,7,0,0,0,0,,,,,,,,,,,,,,,,,,,,,,,,,,,,,,,,,,,,,,,,,,,,,,,,,,,,,,,,,8,27,27,0,0,8,3.4,6.8,,,,,,,,,,,,,,,,,12,100,0,31,8.3,,,,,,,,,,,,1,14,0,14,14.0,,,,,,,,,,,,,,,,,,,,,,,,,,,-1.0756600585068319,402,64
2026-27,football,Empire 8 (E8),e8,Alfred St.,"Blecha,Bretton",Bretton,Blecha,,30170,"Blecha,Bretton","BLECHA,BRETTON",Alfred St.,ASC,1447-3083,4,4,8,8,0,WR,0,0,,,,,,,,0,0,0,0,0,.0,.0,.0,0,0,0,0,0,0,0,0,0,0,0,0,0,0,0,0,,,,,,,,,,,,,,0,1,0,0,0,0,0,0,0,6,6,1.5,,,,,,,,,,,,,,,,,,,,,,,,,10,93,1,17,9.3,,,,,,,,,,,,,,,,,,,,,,,,,,,,,,,,,,,,,,,,,,,-1.0902959296576806,403,64
2026-27,football,Empire 8 (E8),e8,Cortland,"Andrews,Nico",Nico,Andrews,,168,"Andrews,Nico","ANDREWS,NICO",Cortland,COR,1168-6326,2,0,84,84,0,WR,0,0,,,,,,,,,,,,,,,,,,,,,,,,,,,,,,,,,,,,,,,,,,,,,,,,,,,,,,,,,,,,,,,,,,,,,,,,,,,,,,,,,0,0,0,0,.0,,,,,,,,,,,,,,,,,,,,,,,,,,,,,,,,,,,,,,,,,,,-1.0956604923614706,404,64
2026-27,football,Empire 8 (E8),e8,Hartwick,"Constable,Nate",Nate,Constable,,273,"Constable,Nate","CONSTABLE,NATE",Hartwick,HC,1005-3723,1,0,83,83,0,WR,0,0,,,,,,,,,,,,,,,,,,,,,,,,,,,,,,,,,,,,,,,,,,,,,,,,,,,,,,,,,,,,,,,,,,,,,,,,,,,,,,,,,0,0,0,0,.0,,,,,,,,,,,,,,,,,,,,,,,,,,,,,,,,,,,,,,,,,,,-1.0956604923614706,405,64
2026-27,football,Empire 8 (E8),e8,Morrisville,"Highers,Carter",Carter,Highers,,30067,"Highers,Carter","HIGHERS,CARTER",Morrisville,MOR,1388-2800,2,0,85,85,0,WR,0,0,,,,,,,,,,,,,,,,,,,,,,,,,,,,,,,,,,,,,,,,,,,,,,,,,,,,,,,,,,,,,,,,,,,,,,,,,,,,,,,,,0,0,0,0,.0,,,,,,,,,,,,,,,,,,,,,,,,,,,,,,,,,,,,,,,,,,,-1.0956604923614706,406,64
2026-27,football,Empire 8 (E8),e8,Cortland,Jack Kavanagh,Jack,Kavanagh,,168,Jack Kavanagh,"KAVANAGH,JACK",Cortland,COR,1168-6978,4,0,84,84,0,0,0,0,,,,,,,,,,,,,,,,,,,,,,,,,,,,,,,,,,,,,,,,,,,,,,,,,,,,,,,,,,,,,,,,,,,,,,,,,,,,,,,,,0,0,0,0,.0,,,,,,,,,,,,,,,,,,,,,,,,,,,,,,,,,,,,,,,,,,,-1.0956604923614706,407,64
2026-27,football,Empire 8 (E8),e8,Utica,"Laniyan,Justin",Justin,Laniyan,,733,"Laniyan,Justin","LANIYAN,JUSTIN",Utica,UTC,1010-7042,2,0,14,14,0,WR,0,0,,,,,,,,,,,,,,,,,,,,,,,,,,,,,,,,,,,,,,,,,,,,,,,,,,,,,,,,,,,,,,,,,,,,,,,,,,,,,,,,,0,0,0,0,.0,,,,,,,,,,,,,,,,,,,,,,,,,,,,,,,,,,,,,,,,,,,-1.0956604923614706,408,64
2026-27,football,Empire 8 (E8),e8,Cortland,"Mehm,Braden",Braden,Mehm,,168,"Mehm,Braden","MEHM,BRADEN",Cortland,COR,1168-6329,2,0,80,80,0,WR,0,0,,,,,,,,,,,,,,,,,,,,,,,,,,,,,,,,,,,,,,,,,,,,,,,,,,,,,,,,,,,,,,,,,,,,,,,,,,,,,,,,,0,0,0,0,.0,,,,,,,,,,,,,,,,,,,,,,,,,,,,,,,,,,,,,,,,,,,-1.0956604923614706,409,64
2026-27,football,Empire 8 (E8),e8,St. John Fisher,"Olson,Asher",Asher,Olson,,601,"Olson,Asher","OLSON,ASHER",St. John Fisher,ST. JOHN,1009-6856,0,0,49,49,0,TE,0,0,,,,,,,,,,,,,,,,,,,,,,,,,,,,,,,,,,,,,,,,,,,,,,,,,,,,,,,,,,,,,,,,,,,,,,,,,,,,,,,,,0,0,0,0,.0,,,,,,,,,,,,,,,,,,,,,,,,,,,,,,,,,,,,,,,,,,,-1.0956604923614706,410,63
2026-27,football,Empire 8 (E8),e8,Utica,"Pucci,Sam",Sam,Pucci,,733,"Pucci,Sam","PUCCI,SAM",Utica,UTC,0,1,0,85,85,0,WR,0,0,,,,,,,,,,,,,,,,,,,,,,,,,,,,,,,,,,,,,,,,,,,,,,,,,,,,,,,,,,,,,,,,,,,,,,,,,,,,,,,,,0,0,0,0,.0,,,,,,,,,,,,,,,,,,,,,,,,,,,,,,,,,,,,,,,,,,,-1.0956604923614706,411,63
2026-27,football,Empire 8 (E8),e8,Utica,"Rocco,Martino",Martino,Rocco,,733,"Rocco,Martino","ROCCO,MARTINO",Utica,UTC,1010-7423,4,0,26,26,0,WR,0,0,,,,,,,,,,,,,,,,,,,,,,,,,,,,,,,,,,,,,,,,,,,,,,,,,,,,,,,,,,,,,,,,,,,,,,,,,,,,,,,,,0,0,0,0,.0,,,,,,,,,,,,,,,,,,,,,,,,,,,,,,,,,,,,,,,,,,,-1.0956604923614706,412,63
2026-27,football,Empire 8 (E8),e8,St. John Fisher,Shawn Watson,Shawn,Watson,,601,Shawn Watson,"WATSON,SHAWN",St. John Fisher,ST. JOHN,1009-6197,2,0,1,1,0,0,0,0,,,,,,,,,,,,,,,,,,,,,,,,,,,,,,,,,,,,,,,,,,,,,,,,,,,,,,,,,,,,,,,,,,,,,,,,,,,,,,,,,0,0,0,0,.0,,,,,,,,,,,,,,,,,,,,,,,,,,,,,,,,,,,,,,,,,,,-1.0956604923614706,413,63
2026-27,football,Empire 8 (E8),e8,Morrisville,"Slesinski,Zach",Zach,Slesinski,,30067,"Slesinski,Zach","SLESINSKI,ZACH",Morrisville,MOR,1388-2280,3,0,88,88,0,TE,0,0,,,,,,,,,,,,,,,,,,,,,,,,,,,,,,,,,,,,,,,,,,,,,,,,,,,,,,,,,,,,,,,,,,,,,,,,,,,,,,,,,0,0,0,0,.0,,,,,,,,,,,,,,,,,,,,,,,,,,,,,,,,,,,,,,,,,,,-1.0956604923614706,414,63
2026-27,football,Empire 8 (E8),e8,Utica,"Strong,Jani",Jani,Strong,,733,"Strong,Jani","STRONG,JANI",Utica,UTC,0,0,0,32,32,0,RB,0,0,,,,,,,,,,,,,,,,,,,,,,,,,,,,,,,,,,,,,,,,,,,,,,,,,,,,,,,,,,,,,,,,,,,,,,,,,,,,,,,,,0,0,0,0,.0,,,,,,,,,,,,,,,,,,,,,,,,,,,,,,,,,,,,,,,,,,,-1.0956604923614706,415,63
2026-27,football,Empire 8 (E8),e8,Morrisville,"Versweyveld,Dylan",Dylan,Versweyveld,,30067,"Versweyveld,Dylan","VERSWEYVELD,DYLAN",Morrisville,MOR,1388-2573,1,1,80,80,0,WR,0,0,,,,,,,,,,,,,,,,,,,,,,,,,,,,,,,,,,,,,,,,,,,,,,,,,,,,,,,,,,,,,,,,,,,,,,,,,,,,,,,,,0,0,0,0,.0,,,,,,,,,,,,,,,,,,,,,,,,,,,,,,,,,,,,,,,,,,,-1.0956604923614706,416,63
2026-27,football,Empire 8 (E8),e8,Brockport,"Ladson,Darien",Darien,Ladson,,78,"Ladson,Darien","LADSON,DARIEN",Brockport,BPT,652-8381,1,0,28,28,0,WR,0,0,,,,,,,,0,0,0,0,0,.0,.0,.0,0,0,0,0,0,0,0,1,0,0,0,0,0,0,0,1,,,,,,,,,,,,,,,,,,,,,,,,,,,,,,,,,,,,,,,,,,,,,,,,,,,,,,,,,,,,,,,,,,,,,,,,,,,,,,,,,,,,,,,,,,,,,,,,,-1.1115431011032932,417,63
2026-27,football,Empire 8 (E8),e8,Alfred St.,"Price,Hadden",Hadden,Price,,30170,"Price,Hadden","PRICE,HADDEN",Alfred St.,ASC,1447-3915,3,0,24,24,0,0,DB,0,,,,,,,,0,2,1,3,3,.5,.0,.0,0,1,0,0,0,0,0,0,0,0,0,0,0,0,0,0,,,,,,,,,,,,,,,,,,,,,,,,,,,,,,,,,,,,,,,,,,,,,,,,,,,,,,,,,,,,,,,,,,,,,,,,,,,,,,,,,,,,,,,,,,,,,,,,,-1.1145288485130238,418,63
2026-27,football,Empire 8 (E8),e8,Hartwick,"Massaregli,Nicholas",Nicholas,Massaregli,,273,"Massaregli,Nicholas","MASSAREGLI,NICHOLAS",Hartwick,HC,1005-3277,3,0,9,9,0,RB,0,0,,,,,,,,,,,,,,,,,,,,,,,,,,,,,,,,,,,,,,,,,,,,,,,,,,,,,,,,,11,43,43,0,0,14,3.9,14.3,,,,,,,,,,,,,,,,,10,49,0,16,4.9,,,,,,,,,,,,,,,,,,,,,,,,,,,,,,,,,,,,,,,,,,,-1.1412038658820585,419,63
2026-27,football,Empire 8 (E8),e8,St. John Fisher,Charlie Ratigan,Charlie,Ratigan,,601,Charlie Ratigan,"RATIGAN,CHARLIE",St. John Fisher,ST. JOHN,1009-6186,1,0,51,51,0,0,0,0,,,,,,,,,,,,,,,,,,,,,,,,,,,,,,,,,1,1,0,1,1.0,,,,,,,,,,,,,,,,,,,,,,,,,,,,,,,,,,,,,,,,,,1,1,,,,,,,,,,,,,,,,,,,,,,,,,,,,,,,,,,,,,,,,,,,,,,,,-1.1417835832971381,420,63
2026-27,football,Empire 8 (E8),e8,Hartwick,"Williams,Akil",Akil,Williams,,273,"Williams,Akil","WILLIAMS,AKIL",Hartwick,HC,1005-3095,4,4,6,6,0,RB,0,0,,,,,,,,0,0,0,0,0,.0,.0,.0,0,0,0,0,0,0,0,0,0,0,0,0,0,0,0,0,,,,,,,,,,,,,,0,2,0,0,0,0,0,0,0,12,12,3,59,235,260,25,2,54,4.0,58.8,,,,,,,,,,,,,,,1,1,3,12,0,10,4.0,,,,,,,,,,,,2,40,0,24,20.0,,,,,,,,,,,,,,,,,,,,,,,,,,,-1.148517104150817,421,63
2026-27,football,Empire 8 (E8),e8,Brockport,"Parker,Connor",Connor,Parker,,78,"Parker,Connor","PARKER,CONNOR",Brockport,BPT,652-7986,4,0,50,50,0,0,0,0,,,,,,,,,,,,,,,,,,,,,,,,,,,,,,,,,,,,,,,,,,,,,,,,,,,,,,,,,1,-7,0,7,0,0,-7.0,-1.8,,,,,,,,,,,,,,,,,,,,,,9,300,48,0,0,4,0,1,33.3,,,,,,,,,,,,,,,,,,,,,,,,,,,,,,,,,,-1.149556343097036,422,62
2026-27,football,Empire 8 (E8),e8,Morrisville,"Apps,Elijah",Elijah,Apps,,30067,"Apps,Elijah","APPS,ELIJAH",Morrisville,MOR,1388-2772,2,0,51,51,0,0,LB,0,,,,,,,,0,2,3,5,5,.0,.0,.0,0,0,0,0,0,0,0,0,0,0,0,0,0,0,0,0,,,,,,,,,,,,,,,,,,,,,,,,,,,,,,,,,,,,,,,,,,,,,,,,,,,,,,,,,,,,,,,,,,,,,,,,,,,,,,,,,,,,,,,,,,,,,,,,,-1.1620981674737196,423,62
2026-27,football,Empire 8 (E8),e8,Morrisville,"Bautista,Jayden",Jayden,Bautista,,30067,"Bautista,Jayden","BAUTISTA,JAYDEN",Morrisville,MOR,1388-2526,4,0,40,40,0,0,DL,0,,,,,,,,0,2,3,5,5,.0,.0,.0,0,0,0,0,0,0,0,0,0,1,0,0,0,0,0,0,,,,,,,,,,,,,,,,,,,,,,,,,,,,,,,,,,,,,,,,,,,,,,,,,,,,,,,,,,,,,,,,,,,,,,,,,,,,,,,,,,,,,,,,,,,,,,,,,-1.1620981674737196,424,62
2026-27,football,Empire 8 (E8),e8,St. John Fisher,Dom London,Dom,London,,601,Dom London,"LONDON,DOM",St. John Fisher,ST. JOHN,1009-6221,3,0,72,72,0,0,0,0,,,,,,,,0,2,3,5,5,.0,.0,.0,0,0,0,0,0,0,0,0,0,0,0,0,0,0,0,0,,,,,,,,,,,,,,,,,,,,,,,,,,,,,,,,,,,,,,,,,,,,,,,,,,,,,,,,,,,,,,,,,,,,,,,,,,,,,,,,,,,,,,,,,,,,,,,,,-1.1620981674737196,425,62
2026-27,football,Empire 8 (E8),e8,Cortland,Patrick Moloney,Patrick,Moloney,,168,Patrick Moloney,"MOLONEY,PATRICK",Cortland,COR,1168-6026,4,0,35,35,0,0,0,0,,,,,,,,0,4,1,5,5,.0,.0,.0,0,0,0,0,0,0,0,0,0,0,0,0,0,0,0,0,,,,,,,,,,,,,,,,,,,,,,,,,,,,,,,,,,,,,,,,,,,,,,,,,,,,,,,,,,,,,,,,,,,,,,,,,,,,,,,,,,,,,,,,,,,,,,,,,-1.1620981674737196,426,62
2026-27,football,Empire 8 (E8),e8,Utica,"Higgins,Charlie",Charlie,Higgins,,733,"Higgins,Charlie","HIGGINS,CHARLIE",Utica,UTC,0,1,0,49,49,0,0,DB,0,,,,,,,,0,0,0,0,0,.0,.0,.0,0,0,0,0,0,0,0,0,0,0,0,0,1,0,0,0,,,,,,,,,,,,,,,,,,,,,,,,,,,,,,,,,,,,,,,,,,,,,,,,0,0,,,,,,,,,,,,,,,,,,,,,,,,,,,,,,,,,,,,,,,,,,,,,,,,-1.2016889108354851,427,62
2026-27,football,Empire 8 (E8),e8,Utica,"Weathers Jr.,Devon",Devon,Weathers Jr.,,733,"Weathers Jr.,Devon","WEATHERS JR.,DEVON",Utica,UTC,0,0,0,48,48,0,0,DB,0,,,,,,,,0,0,0,0,0,.0,.0,.0,0,0,0,0,0,0,0,0,0,0,0,0,0,0,0,0,,,,,,,,,,,,,,,,,,,,,,,,,,,,,,,,,,,,,,,,,,,,,,,,0,0,,,,,,,,,,,,,,,,,,,,,,,,,,,,,,,,,,,,,,,,,,,,,,,,-1.2016889108354851,428,62
2026-27,football,Empire 8 (E8),e8,Cortland,Jake Ward,Jake,Ward,,168,Jake Ward,"WARD,JAKE",Cortland,COR,1168-5700,4,0,37,37,0,0,0,0,,,,,,,,0,0,2,2,2,.5,.0,.0,0,1,1,0,0,0,0,0,0,0,0,0,0,0,0,0,,,,,,,,,,,,,,,,,,,,,,,,,,,,,,,,,,,,,,,,,,,,,,,,,,,,,,,,,,,,,,,,,,,,,,,,,,,,,,,,,,,,,,,,,,,,,,,,,-1.2027910847948153,429,62
2026-27,football,Empire 8 (E8),e8,St. John Fisher,Brayden Mangan,Brayden,Mangan,,601,Brayden Mangan,"MANGAN,BRAYDEN",St. John Fisher,ST. JOHN,1009-6444,4,0,84,84,0,0,0,0,,,,,,,,,,,,,,,,,,,,,,,,,,,,,,,,,,,,,,,,,,,,,,,,,,,,,,,,,,,,,,,,,,,,,,,,,,,,,,,,,3,30,0,12,10.0,,,,,,,,,,,,1,0,0,0,.0,,,,,,,,,,,,,,,,,,,,,,,,,,,-1.2091432494265244,430,62
2026-27,football,Empire 8 (E8),e8,Brockport,"Vino,Anthony",Anthony,Vino,,78,"Vino,Anthony","VINO,ANTHONY",Brockport,BPT,652-7369,3,0,12,12,0,QB,0,0,,,,,,,,0,0,0,0,0,.0,.0,.0,0,0,0,0,0,0,0,0,0,0,0,0,0,0,0,0,,,,,,,,,,,,,,0,2,0,0,0,0,0,0,0,12,12,4,13,132,135,3,2,60,10.2,44.0,0,0,24,0,54,0,8,5,119.2,6.75,10.80,18.0,,,,,,,,,,,,,,,,,,,,,,,,,,,,,,,,,,,,,,,,,,,,,,,,,,,,-1.214635852445863,431,62
2026-27,football,Empire 8 (E8),e8,Alfred St.,"Bergman,Chris",Chris,Bergman,,30170,"Bergman,Chris","BERGMAN,CHRIS",Alfred St.,ASC,1447-2735,1,1,21,21,0,0,DB,0,,,,,,,,0,0,0,0,0,.0,.0,.0,0,0,0,0,0,0,0,0,0,0,0,0,1,0,0,0,,1,23,0,23,23.0,,,,,,,,,,,,,,,,,,,,,,,,,,,,,,,,,,,,,,,,,,0,0,,,,,,,,,,,,,,,,,,,,,,,,,,,,,,,,,,,,,,,,,,,,,,,,-1.2286664936324574,432,62
2026-27,football,Empire 8 (E8),e8,Brockport,"Nealy,Liam",Liam,Nealy,,78,"Nealy,Liam","NEALY,LIAM",Brockport,BPT,652-7462,2,2,33,33,0,0,DB,0,,,,,,,,0,1,5,6,6,.0,.0,.0,0,0,0,0,0,0,0,0,0,0,0,0,0,0,0,0,,1,10,0,10,10.0,,,,,,,,,,,,,,,,,,,,,,,,,,,,,,,,,,,,,,,,,,,,,,,,,,,,,,,,,,,,,,,,,,,,,,,,,,,,,,,,,,,,,,,,,,,-1.2300219368586094,433,62
2026-27,football,Empire 8 (E8),e8,Utica,"Bawa-Allah,Khalid",Khalid,Bawa-Allah,,733,"Bawa-Allah,Khalid","BAWA-ALLAH,KHALID",Utica,UTC,1010-7046,3,0,53,53,0,0,DL,0,,,,,,,,0,1,3,4,4,.0,.0,.0,0,0,0,0,0,0,0,0,0,0,0,0,0,0,0,0,,,,,,,,,,,,,,,,,,,,,,,,,,,,,,,,,,,,,,,,,,,,,,,,,,,,,,,,,,,,,,,,,,,,,,,,,,,,,,,,,,,,,,,,,,,,,,,,,-1.2503604037555112,434,62
2026-27,football,Empire 8 (E8),e8,Brockport,"Condello,Kaleb",Kaleb,Condello,,78,"Condello,Kaleb","CONDELLO,KALEB",Brockport,BPT,652-7959,4,4,73,73,0,0,DL,0,,,,,,,,0,0,4,4,4,.0,.0,.0,0,0,0,0,0,0,0,0,0,0,0,0,0,0,0,0,,,,,,,,,,,,,,,,,,,,,,,,,,,,,,,,,,,,,,,,,,,,,,,,,,,,,,,,,,,,,,,,,,,,,,,,,,,,,,,,,,,,,,,,,,,,,,,,,-1.2503604037555112,435,61
2026-27,football,Empire 8 (E8),e8,Alfred St.,"Gnerre,Nicholas",Nicholas,Gnerre,,30170,"Gnerre,Nicholas","GNERRE,NICHOLAS",Alfred St.,ASC,1447-3937,2,0,38,38,0,0,DB,0,,,,,,,,0,2,2,4,4,.0,.0,.0,0,0,0,0,0,0,0,0,0,0,0,0,0,0,0,0,,,,,,,,,,,,,,,,,,,,,,,,,,,,,,,,,,,,,,,,,,,,,,,,,,,,,,,,,,,,,,,,,,,,,,,,,,,,,,,,,,,,,,,,,,,,,,,,,-1.2503604037555112,436,61
2026-27,football,Empire 8 (E8),e8,Alfred St.,"Granger,Quinn",Quinn,Granger,,30170,"Granger,Quinn","GRANGER,QUINN",Alfred St.,ASC,1447-3108,2,0,98,98,0,0,DL,0,,,,,,,,0,3,1,4,4,.0,.0,.0,0,0,0,0,0,0,0,0,0,0,0,0,0,0,0,0,,,,,,,,,,,,,,,,,,,,,,,,,,,,,,,,,,,,,,,,,,,,,,,,,,,,,,,,,,,,,,,,,,,,,,,,,,,,,,,,,,,,,,,,,,,,,,,,,-1.2503604037555112,437,61
2026-27,football,Empire 8 (E8),e8,Brockport,"Otoo,Jonathan",Jonathan,Otoo,,78,"Otoo,Jonathan","OTOO,JONATHAN",Brockport,BPT,652-7412,3,0,29,29,0,0,DB,0,,,,,,,,0,0,4,4,4,.0,.0,.0,0,0,0,0,0,0,0,0,0,0,0,0,0,0,0,0,,,,,,,,,,,,,,,,,,,,,,,,,,,,,,,,,,,,,,,,,,,,,,,,,,,,,,,,,,,,,,,,,,,,,,,,,,,,,,,,,,,,,,,,,,,,,,,,,-1.2503604037555112,438,61
2026-27,football,Empire 8 (E8),e8,Alfred,"Wypij,Alex",Alex,Wypij,,18,"Wypij,Alex","WYPIJ,ALEX",Alfred,ALF,1003-4900,3,0,45,45,0,0,LB,0,,,,,,,,0,2,2,4,4,.0,.0,.0,0,0,0,0,0,0,0,0,0,0,0,0,0,0,0,0,,,,,,,,,,,,,,,,,,,,,,,,,,,,,,,,,,,,,,,,,,,,,,,,,,,,,,,,,,,,,,,,,,,,,,,,,,,,,,,,,,,,,,,,,,,,,,,,,-1.2503604037555112,439,61
2026-27,football,Empire 8 (E8),e8,Alfred St.,"Hurlbut,Brian",Brian,Hurlbut,,30170,"Hurlbut,Brian","HURLBUT,BRIAN",Alfred St.,ASC,1447-2405,2,0,10,10,0,0,DL,0,,,,,,,,0,0,1,1,1,.5,.0,.0,0,1,0,0,0,0,0,0,0,0,0,0,0,0,0,0,,,,,,,,,,,,,,,,,,,,,,,,,,,,,,,,,,,,,,,,,,,,,,,,,,,,,,,,,,,,,,,,,,,,,,,,,,,,,,,,,,,,,,,,,,,,,,,,,-1.2910533210766069,440,61
2026-27,football,Empire 8 (E8),e8,St. John Fisher,Bradford Coleman,Bradford,Coleman,,601,Bradford Coleman,"COLEMAN,BRADFORD",St. John Fisher,ST. JOHN,1009-5850,3,0,52,52,0,0,0,0,,,,,,,,0,2,1,3,3,.0,.0,.0,0,0,0,0,0,0,0,0,0,0,0,0,0,0,0,0,,,,,,,,,,,,,,,,,,,,,,,,,,,,,,,,,,,,,,,,,,,,,,,,,,,,,,,,,,,,,,,,,,,,,,,0,0,0,0,0,0,0,0,1,0,0,0,,,,,,,,,,,,,,,-1.3386226400373025,441,61
2026-27,football,Empire 8 (E8),e8,Hartwick,"Ford,Le'Kye",Le'Kye,Ford,,273,"Ford,Le'Kye","FORD,LE'KYE",Hartwick,HC,1005-3457,2,0,36,36,0,0,DB,0,,,,,,,,0,3,0,3,3,.0,.0,.0,0,0,0,0,0,0,0,0,0,0,0,0,0,0,0,0,,,,,,,,,,,,,,,,,,,,,,,,,,,,,,,,,,,,,,,,,,,,,,,,,,,,,,,,,,,,,,,,,,,,,,,,,,,,,,,,,,,,,,,,,,,,,,,,,-1.3386226400373025,442,61
2026-27,football,Empire 8 (E8),e8,Alfred,"Hogan,Justin",Justin,Hogan,,18,"Hogan,Justin","HOGAN,JUSTIN",Alfred,ALF,1003-6083,3,1,55,55,0,0,DL,0,,,,,,,,0,0,3,3,3,.0,.0,.0,0,0,0,0,0,0,0,0,0,1,0,0,0,0,0,0,,,,,,,,,,,,,,,,,,,,,,,,,,,,,,,,,,,,,,,,,,,,,,,,,,,,,,,,,,,,,,,,,,,,,,,,,,,,,,,,,,,,,,,,,,,,,,,,,-1.3386226400373025,443,61
2026-27,football,Empire 8 (E8),e8,Cortland,Jake Marra,Jake,Marra,,168,Jake Marra,"MARRA,JAKE",Cortland,COR,1168-6986,4,0,29,29,0,0,0,0,,,,,,,,0,3,0,3,3,.0,.0,.0,0,0,0,0,0,0,0,0,0,1,0,0,0,0,0,0,,,,,,,,,,,,,,,,,,,,,,,,,,,,,,,,,,,,,,,,,,,,,,,,,,,,,,,,,,,,,,,,,,,,,,,,,,,,,,,,,,,,,,,,,,,,,,,,,-1.3386226400373025,444,61
2026-27,football,Empire 8 (E8),e8,Alfred St.,"Pierre,Giovani",Giovani,Pierre,,30170,"Pierre,Giovani","PIERRE,GIOVANI",Alfred St.,ASC,1447-3944,2,0,95,95,0,0,DL,0,,,,,,,,0,3,0,3,3,.0,.0,.0,0,0,0,0,0,0,0,0,0,0,0,0,0,0,0,0,,,,,,,,,,,,,,,,,,,,,,,,,,,,,,,,,,,,,,,,,,,,,,,,,,,,,,,,,,,,,,,,,,,,,,,,,,,,,,,,,,,,,,,,,,,,,,,,,-1.3386226400373025,445,61
2026-27,football,Empire 8 (E8),e8,Utica,"Royal Jr.,Dame",Dame,Royal Jr.,,733,"Royal Jr.,Dame","ROYAL JR.,DAME",Utica,UTC,1010-6602,3,0,93,93,0,0,DL,0,,,,,,,,0,0,3,3,3,.0,.0,.0,0,0,0,0,0,0,0,0,0,0,0,0,0,0,0,0,,,,,,,,,,,,,,,,,,,,,,,,,,,,,,,,,,,,,,,,,,,,,,,,,,,,,,,,,,,,,,,,,,,,,,,,,,,,,,,,,,,,,,,,,,,,,,,,,-1.3386226400373025,446,61
2026-27,football,Empire 8 (E8),e8,Hartwick,"Gennarelli Jr.,Joey",Joey,Gennarelli Jr.,,273,"Gennarelli Jr.,Joey","GENNARELLI JR.,JOEY",Hartwick,HC,1005-3673,2,0,16,1G,0,WR,0,0,,,,,,,,,,,,,,,,,,,,,,,,,,,,,,,,,,,,,,,,,,,,,,,,,,,,,,,,,3,-4,3,7,0,2,-1.3,-2.0,,,,,,,,,,,,,,,,,2,54,0,29,27.0,,,,,,,,,,,,2,62,0,31,31.0,,,,,,,,,,,,,,,,,,,,,,,,,,,-1.3534644054902167,447,60
2026-27,football,Empire 8 (E8),e8,Morrisville,"Dorman,Dom",Dom,Dorman,,30067,"Dorman,Dom","DORMAN,DOM",Morrisville,MOR,1388-2554,4,3,82,82,0,WR,0,0,,,,,,,,0,1,1,2,2,.0,.0,.0,0,0,0,0,0,0,0,0,0,0,0,0,2,0,0,0,,,,,,,,,,,,,,0,1,0,0,0,0,0,0,0,6,6,1.5,,,,,,,,,0,0,27,0,27,0,1,1,326.8,27.00,27.00,6.8,,,0,0,3,38,1,23,12.7,,,,,,,,,,,,,,,,,,,,,,,,,,,,,2,0,0,0,,,,,,,,,,,-1.3631732514186554,448,60
2026-27,football,Empire 8 (E8),e8,Hartwick,"Smith,Landon",Landon,Smith,,273,"Smith,Landon","SMITH,LANDON",Hartwick,HC,1005-3701,4,0,44,44,0,0,0,0,,,,,,,,0,0,0,0,0,.0,.0,.0,0,0,0,0,0,0,0,0,0,0,0,0,0,0,0,0,,,,,,,,,,,,,,7,0,5,0,0,0,0,0,0,22,22,5.5,,,,,,,,,,,,,,,,,,,,,,,,,,,,,,,,,,,,,,,,,,,,,,7,7,0,0,0,0,0,0,0,0,0,0,,,,,5,7,39,1,71.4,17,1065,0,7,62.6,-1.4071030315250077,449,60
2026-27,football,Empire 8 (E8),e8,Brockport,"Paul,Allan",Allan,Paul,,78,"Paul,Allan","PAUL,ALLAN",Brockport,BPT,652-8369,4,1,21,21,0,RB,0,0,,,,,,,,0,0,0,0,0,.0,.0,.0,0,0,0,0,0,0,0,0,0,0,0,0,0,0,0,0,,,,,,,,,,,,,,0,2,0,0,0,0,0,0,0,12,12,3,20,110,115,5,2,19,5.5,27.5,,,,,,,,,,,,,,,,,1,6,0,6,6.0,,,,,,,,,,,,,,,,,,,,,,,,,,,,,,,,,,,,,,,,,,,-1.411547457094699,450,60
2026-27,football,Empire 8 (E8),e8,Cortland,Alex Gecaj,Alex,Gecaj,,168,Alex Gecaj,"GECAJ,ALEX",Cortland,COR,1168-6335,4,0,90,90,0,0,0,0,,,,,,,,0,0,2,2,2,.0,.0,.0,0,0,0,0,0,0,0,0,0,2,0,0,0,0,0,0,,,,,,,,,,,,,,,,,,,,,,,,,,,,,,,,,,,,,,,,,,,,,,,,,,,,,,,,,,,,,,,,,,,,,,,,,,,,,,,,,,,,,,,,,,,,,,,,,-1.426884876319094,451,60
2026-27,football,Empire 8 (E8),e8,Hartwick,"Atkinson,Caden",Caden,Atkinson,,273,"Atkinson,Caden","ATKINSON,CADEN",Hartwick,HC,1005-3280,2,0,30,30,0,RB,0,0,,,,,,,,0,2,0,2,2,.0,.0,.0,0,0,0,0,0,0,0,0,0,0,0,0,0,0,0,0,,,,,,,,,,,,,,,,,,,,,,,,,,,,,,,,,,,,,,,,,,,,,,,,,,,,,,,,,,,,,,,,,,,,,,,,,,,,,,,,,,,,,,,,,,,,,,,,,-1.426884876319094,452,60
2026-27,football,Empire 8 (E8),e8,Cortland,Brady Feliciotto,Brady,Feliciotto,,168,Brady Feliciotto,BRADYFELICIOTTO,Cortland,COR,1168-6317,4,0,42,42,0,0,0,0,,,,,,,,0,0,2,2,2,.0,.0,.0,0,0,0,0,0,0,0,0,0,0,0,0,0,0,0,0,,,,,,,,,,,,,,,,,,,,,,,,,,,,,,,,,,,,,,,,,,,,,,,,,,,,,,,,,,,,,,,,,,,,,,,,,,,,,,,,,,,,,,,,,,,,,,,,,-1.426884876319094,453,60
2026-27,football,Empire 8 (E8),e8,Hartwick,"Brogan,Connor",Connor,Brogan,,273,"Brogan,Connor","BROGAN,CONNOR",Hartwick,HC,1005-3274,3,0,22,22,0,0,DB,0,,,,,,,,0,2,0,2,2,.0,.0,.0,0,0,0,0,0,0,0,0,0,0,0,0,0,0,0,0,,,,,,,,,,,,,,,,,,,,,,,,,,,,,,,,,,,,,,,,,,,,,,,,,,,,,,,,,,,,,,,,,,,,,,,,,,,,,,,,,,,,,,,,,,,,,,,,,-1.426884876319094,454,60
2026-27,football,Empire 8 (E8),e8,Hartwick,"Carter III,Gary",Gary,Carter III,,273,"Carter III,Gary","CARTER III,GARY",Hartwick,HC,1005-3663,3,0,19,1J,0,0,LB,0,,,,,,,,0,1,1,2,2,.0,.0,.0,0,0,0,0,0,0,0,0,0,0,0,0,0,0,0,0,,,,,,,,,,,,,,,,,,,,,,,,,,,,,,,,,,,,,,,,,,,,,,,,,,,,,,,,,,,,,,,,,,,,,,,,,,,,,,,,,,,,,,,,,,,,,,,,,-1.426884876319094,455,60
2026-27,football,Empire 8 (E8),e8,Cortland,Eli Alvarez,Eli,Alvarez,,168,Eli Alvarez,"ALVAREZ,ELI",Cortland,COR,1168-6003,4,0,30,30,0,0,0,0,,,,,,,,0,1,1,2,2,.0,.0,.0,0,0,0,0,0,0,0,0,0,0,0,0,0,0,0,0,,,,,,,,,,,,,,,,,,,,,,,,,,,,,,,,,,,,,,,,,,,,,,,,,,,,,,,,,,,,,,,,,,,,,,,,,,,,,,,,,,,,,,,,,,,,,,,,,-1.426884876319094,456,60
2026-27,football,Empire 8 (E8),e8,Brockport,"Ennist,Mason",Mason,Ennist,,78,"Ennist,Mason","ENNIST,MASON",Brockport,BPT,652-7476,3,0,36,36,0,RB,0,0,,,,,,,,0,2,0,2,2,.0,.0,.0,0,0,0,0,0,0,0,0,0,0,0,0,0,0,0,0,,,,,,,,,,,,,,,,,,,,,,,,,,,,,,,,,,,,,,,,,,,,,,,,,,,,,,,,,,,,,,,,,,,,,,,,,,,,,,,,,,,,,,,,,,,,,,,,,-1.426884876319094,457,60
2026-27,football,Empire 8 (E8),e8,Brockport,"Ernst,Kyle",Kyle,Ernst,,78,"Ernst,Kyle","ERNST,KYLE",Brockport,BPT,0,1,0,46,46,0,0,LB,0,,,,,,,,0,2,0,2,2,.0,.0,.0,0,0,0,0,0,0,0,0,0,1,0,0,0,0,0,0,,,,,,,,,,,,,,,,,,,,,,,,,,,,,,,,,,,,,,,,,,,,,,,,,,,,,,,,,,,,,,,,,,,,,,,,,,,,,,,,,,,,,,,,,,,,,,,,,-1.426884876319094,458,60
2026-27,football,Empire 8 (E8),e8,St. John Fisher,Garrett Conger,Garrett,Conger,,601,Garrett Conger,"CONGER,GARRETT",St. John Fisher,ST. JOHN,1009-6442,2,0,38,38,0,0,0,0,,,,,,,,0,2,0,2,2,.0,.0,.0,0,0,0,0,0,0,0,0,0,0,0,0,0,0,0,0,,,,,,,,,,,,,,,,,,,,,,,,,,,,,,,,,,,,,,,,,,,,,,,,,,,,,,,,,,,,,,,,,,,,,,,,,,,,,,,,,,,,,,,,,,,,,,,,,-1.426884876319094,459,60
2026-27,football,Empire 8 (E8),e8,Hartwick,"Gottler,Tyler",Tyler,Gottler,,273,"Gottler,Tyler","GOTTLER,TYLER",Hartwick,HC,1005-3487,3,0,43,43,0,0,DB,0,,,,,,,,0,1,1,2,2,.0,.0,.0,0,0,0,0,0,0,0,0,0,0,0,0,0,0,0,0,,,,,,,,,,,,,,,,,,,,,,,,,,,,,,,,,,,,,,,,,,,,,,,,,,,,,,,,,,,,,,,,,,,,,,,,,,,,,,,,,,,,,,,,,,,,,,,,,-1.426884876319094,460,59
2026-27,football,Empire 8 (E8),e8,Cortland,"Grzymala,Jason",Jason,Grzymala,,168,"Grzymala,Jason","GRZYMALA,JASON",Cortland,COR,1168-6973,2,0,49,49,0,0,DB,0,,,,,,,,0,1,1,2,2,.0,.0,.0,0,0,0,0,0,0,0,0,0,0,0,0,0,0,0,0,,,,,,,,,,,,,,,,,,,,,,,,,,,,,,,,,,,,,,,,,,,,,,,,,,,,,,,,,,,,,,,,,,,,,,,,,,,,,,,,,,,,,,,,,,,,,,,,,-1.426884876319094,461,59
2026-27,football,Empire 8 (E8),e8,Brockport,"Hammond,Landon",Landon,Hammond,,78,"Hammond,Landon","HAMMOND,LANDON",Brockport,BPT,652-7973,3,0,82,82,0,WR,0,0,,,,,,,,0,1,1,2,2,.0,.0,.0,0,0,0,0,0,0,0,0,0,0,0,0,0,0,0,0,,,,,,,,,,,,,,,,,,,,,,,,,,,,,,,,,,,,,,,,,,,,,,,,,,,,,,,,,,,,,,,,,,,,,,,,,,,,,,,,,,,,,,,,,,,,,,,,,-1.426884876319094,462,59
2026-27,football,Empire 8 (E8),e8,Morrisville,"Hite,Jack",Jack,Hite,,30067,"Hite,Jack","HITE,JACK",Morrisville,MOR,0,1,0,35,35,0,0,DB,0,,,,,,,,0,1,1,2,2,.0,.0,.0,0,0,0,0,0,0,0,0,0,0,0,0,0,0,0,0,,,,,,,,,,,,,,,,,,,,,,,,,,,,,,,,,,,,,,,,,,,,,,,,,,,,,,,,,,,,,,,,,,,,,,,,,,,,,,,,,,,,,,,,,,,,,,,,,-1.426884876319094,463,59
2026-27,football,Empire 8 (E8),e8,Utica,"Kahan,Key",Key,Kahan,,733,"Kahan,Key","KAHAN,KEY",Utica,UTC,0,1,0,30,30,0,0,LB,0,,,,,,,,0,1,1,2,2,.0,.0,.0,0,0,0,0,0,0,0,0,0,0,0,0,0,0,0,0,,,,,,,,,,,,,,,,,,,,,,,,,,,,,,,,,,,,,,,,,,,,,,,,,,,,,,,,,,,,,,,,,,,,,,,,,,,,,,,,,,,,,,,,,,,,,,,,,-1.426884876319094,464,59
2026-27,football,Empire 8 (E8),e8,St. John Fisher,Michael Thomas,Michael,Thomas,,601,Michael Thomas,"THOMAS,MICHAEL",St. John Fisher,ST. JOHN,1009-6433,3,0,96,96,0,0,0,0,,,,,,,,0,1,1,2,2,.0,.0,.0,0,0,0,0,0,0,0,0,0,0,0,0,0,0,0,0,,,,,,,,,,,,,,,,,,,,,,,,,,,,,,,,,,,,,,,,,,,,,,,,,,,,,,,,,,,,,,,,,,,,,,,,,,,,,,,,,,,,,,,,,,,,,,,,,-1.426884876319094,465,59
2026-27,football,Empire 8 (E8),e8,Hartwick,"Motley,Nasir",Nasir,Motley,,273,"Motley,Nasir","MOTLEY,NASIR",Hartwick,HC,1005-3474,1,0,92,92,0,0,DL,0,,,,,,,,0,0,2,2,2,.0,.0,.0,0,0,0,0,0,0,0,0,0,0,0,0,0,0,0,0,,,,,,,,,,,,,,,,,,,,,,,,,,,,,,,,,,,,,,,,,,,,,,,,,,,,,,,,,,,,,,,,,,,,,,,,,,,,,,,,,,,,,,,,,,,,,,,,,-1.426884876319094,466,59
2026-27,football,Empire 8 (E8),e8,Brockport,"Ragone,Nicholas",Nicholas,Ragone,,78,"Ragone,Nicholas","RAGONE,NICHOLAS",Brockport,BPT,652-7987,2,0,10,10,0,0,DB,0,,,,,,,,0,0,2,2,2,.0,.0,.0,0,0,0,0,0,0,0,0,0,0,0,0,0,0,0,0,,,,,,,,,,,,,,,,,,,,,,,,,,,,,,,,,,,,,,,,,,,,,,,,,,,,,,,,,,,,,,,,,,,,,,,,,,,,,,,,,,,,,,,,,,,,,,,,,-1.426884876319094,467,59
2026-27,football,Empire 8 (E8),e8,Alfred St.,"Shanahan,Joshua",Joshua,Shanahan,,30170,"Shanahan,Joshua","SHANAHAN,JOSHUA",Alfred St.,ASC,1447-3959,2,0,52,52,0,0,LB,0,,,,,,,,0,0,2,2,2,.0,.0,.0,0,0,0,0,0,0,0,0,0,0,0,0,0,0,0,0,,,,,,,,,,,,,,,,,,,,,,,,,,,,,,,,,,,,,,,,,,,,,,,,,,,,,,,,,,,,,,,,,,,,,,,,,,,,,,,,,,,,,,,,,,,,,,,,,-1.426884876319094,468,59
2026-27,football,Empire 8 (E8),e8,Morrisville,"St. Jean,Jason",Jason,St. Jean,,30067,"St. Jean,Jason","ST. JEAN,JASON",Morrisville,MOR,1388-3001,3,0,43,43,0,RB,0,0,,,,,,,,0,1,1,2,2,.0,.0,.0,0,0,0,0,0,0,0,0,0,0,0,0,0,0,0,0,,,,,,,,,,,,,,,,,,,,,,,,,,,,,,,,,,,,,,,,,,,,,,,,,,,,,,,,,,,,,,,,,,,,,,,,,,,,,,,,,,,,,,,,,,,,,,,,,-1.426884876319094,469,59
2026-27,football,Empire 8 (E8),e8,Brockport,"Williams,Zayden",Zayden,Williams,,78,"Williams,Zayden","WILLIAMS,ZAYDEN",Brockport,BPT,0,1,0,34,34,0,0,DB,0,,,,,,,,0,2,0,2,2,.0,.0,.0,0,0,0,0,0,0,0,0,0,0,0,0,0,0,0,0,,,,,,,,,,,,,,,,,,,,,,,,,,,,,,,,,,,,,,,,,,,,,,,,,,,,,,,,,,,,,,,,,,,,,,,,,,,,,,,,,,,,,,,,,,,,,,,,,-1.426884876319094,470,59
2026-27,football,Empire 8 (E8),e8,St. John Fisher,Marco Morelli,Marco,Morelli,,601,Marco Morelli,"MORELLI,MARCO",St. John Fisher,ST. JOHN,1009-6470,4,1,23,23,0,RB,0,0,,,,,,,,0,1,0,1,1,.0,.0,.0,0,0,0,0,0,0,0,0,0,0,0,0,0,0,0,0,,,,,,,,,,,,,,,,,,,,,,,,,,29,108,116,8,0,26,3.7,27.0,,,,,,,,,,,,,,,,,,,,,,,,,,,,,,,,,,,,,,,,,,,,,,,,,,,,,,,,,,,,,,,,-1.430695981381385,471,59
2026-27,football,Empire 8 (E8),e8,Brockport,"Bascetta,Christopher",Christopher,Bascetta,,78,"Bascetta,Christopher","BASCETTA,CHRISTOPHER",Brockport,BPT,652-8339,4,0,97,97,0,0,0,0,,,,,,,,0,0,0,0,0,.0,.0,.0,0,0,0,0,0,0,0,0,0,0,0,0,0,0,0,0,,,,,,,,,,,,,,21,0,3,0,0,0,0,0,0,30,30,7.5,,,,,,,,,,,,,,,,,,,,,,,,,,,,,,,,,,,,,,,,,,,,,,22,21,0,0,0,0,0,0,0,0,0,0,,,,,3,3,34,0,100.0,29,1775,0,5,61.2,-1.4310592393188457,472,59
2026-27,football,Empire 8 (E8),e8,St. John Fisher,Logan Laratta,Logan,Laratta,,601,Logan Laratta,"LARATTA,LOGAN",St. John Fisher,ST. JOHN,1009-5869,4,0,90,90,0,0,0,0,,,,,,,,0,0,0,0,0,.0,.0,.0,0,0,0,0,0,0,0,0,0,0,0,0,0,0,0,0,,,,,,,,,,,,,,14,0,3,0,0,0,0,0,0,23,23,5.75,,,,,,,,,,,,,,,,,,,,,,,,,,,,,,,,,,,,,,,,,,,,,,15,14,0,0,0,0,0,0,0,0,0,0,,,,,3,3,40,0,100.0,21,1180,0,0,56.2,-1.4310592393188457,473,58
2026-27,football,Empire 8 (E8),e8,St. John Fisher,Nate McGoldrick,Nate,McGoldrick,,601,Nate McGoldrick,"MCGOLDRICK,NATE",St. John Fisher,ST. JOHN,1009-5874,4,4,15,15,0,TE,0,0,,,,,,,,0,0,0,0,0,.0,.0,.0,0,0,0,0,0,0,0,0,0,0,0,0,0,0,0,0,,,,,,,,,,,,,,0,1,0,0,0,0,0,0,0,6,6,1.5,,,,,,,,,,,,,,,,,,,,,,,,,3,56,1,25,18.7,,,,,,,,,,,,,,,,,,,,,,,,,,,,,,,,,,,,,,,,,,,-1.4377916012191387,474,58
2026-27,football,Empire 8 (E8),e8,Hartwick,"Walker,Jaylin",Jaylin,Walker,,273,"Walker,Jaylin","WALKER,JAYLIN",Hartwick,HC,1005-3127,3,0,5,5,0,WR,0,0,,,,,,,,0,1,0,1,1,.0,.0,.0,0,0,0,0,0,0,0,0,0,0,0,0,0,0,0,0,,,,,,,,,,,,,,0,1,0,0,0,0,0,0,0,6,6,2,,,,,,,,,,,,,,,,,,,,,,,,,6,45,1,12,7.5,,,,,,,,,,,,,,,,,,,,,,,,,,,,,,,,,,,,,,,,,,,-1.4528388889150783,475,58
2026-27,football,Empire 8 (E8),e8,Cortland,Cole Callard,Cole,Callard,,168,Cole Callard,"CALLARD,COLE",Cortland,COR,1168-6579,4,0,31,31,0,0,0,0,,,,,,,,0,0,0,0,0,.0,.0,.0,0,0,0,0,0,0,0,0,0,0,0,0,0,0,0,0,,,,,,,,,,,,,,21,0,4,0,0,0,0,0,0,33,33,8.25,,,,,,,,,,,,,,,,,,,,,,,,,,,,,,,,,,,,,,,,,,,,,,23,21,0,0,0,0,0,0,0,0,0,0,,,,,4,5,34,0,80.0,31,1797,2,12,58.0,-1.4958124423980221,476,58
2026-27,football,Empire 8 (E8),e8,Brockport,"Harry,Micah",Micah,Harry,,78,"Harry,Micah","HARRY,MICAH",Brockport,BPT,652-7010,3,0,22,22,0,RB,0,0,,,,,,,,0,0,0,0,0,.0,.0,.0,0,0,0,0,0,0,0,0,0,0,0,0,0,0,0,0,,,,,,,,,,,,,,0,1,0,0,0,0,0,0,0,6,6,2,6,47,47,0,1,21,7.8,15.7,,,,,,,,,,,,,,,,,,,,,,,,,,,,,,,,,,,,,,,,,,,,,,,,,,,,,,,,,,,,,,,,-1.5085497845586833,477,58
2026-27,football,Empire 8 (E8),e8,Morrisville,"Arbitello,Joseph",Joseph,Arbitello,,30067,"Arbitello,Joseph","ARBITELLO,JOSEPH",Morrisville,MOR,1388-2529,4,4,57,57,0,OL,0,0,,,,,,,,0,0,1,1,1,.0,.0,.0,0,0,0,0,0,0,0,0,0,0,0,0,0,0,0,0,,,,,,,,,,,,,,,,,,,,,,,,,,,,,,,,,,,,,,,,,,,,,,,,,,,,,,,,,,,,,,,,,,,,,,,,,,,,,,,,,,,,,,,,,,,,,,,,,-1.5151471126008855,478,58
2026-27,football,Empire 8 (E8),e8,Cortland,Bodie Hyde,Bodie,Hyde,,168,Bodie Hyde,"HYDE,BODIE",Cortland,COR,1168-6308,4,0,32,32,0,0,0,0,,,,,,,,0,0,1,1,1,.0,.0,.0,0,0,0,0,0,0,0,0,0,0,0,0,0,0,0,0,,,,,,,,,,,,,,,,,,,,,,,,,,,,,,,,,,,,,,,,,,,,,,,,,,,,,,,,,,,,,,,,,,,,,,,,,,,,,,,,,,,,,,,,,,,,,,,,,-1.5151471126008855,479,58
2026-27,football,Empire 8 (E8),e8,Alfred St.,"Carr Jr,Patrick",Patrick,Carr Jr,,30170,"Carr Jr,Patrick","CARR JR,PATRICK",Alfred St.,ASC,1447-3954,3,0,12,2D,0,0,DB,0,,,,,,,,0,1,0,1,1,.0,.0,.0,0,0,0,0,0,0,0,0,0,0,0,0,0,0,0,0,,,,,,,,,,,,,,,,,,,,,,,,,,,,,,,,,,,,,,,,,,,,,,,,,,,,,,,,,,,,,,,,,,,,,,,,,,,,,,,,,,,,,,,,,,,,,,,,,-1.5151471126008855,480,58
2026-27,football,Empire 8 (E8),e8,Hartwick,"Donnelly,Aidan",Aidan,Donnelly,,273,"Donnelly,Aidan","DONNELLY,AIDAN",Hartwick,HC,1005-3651,2,0,25,25,0,0,LB,0,,,,,,,,0,1,0,1,1,.0,.0,.0,0,0,0,0,0,0,0,0,0,0,0,0,0,0,0,0,,,,,,,,,,,,,,,,,,,,,,,,,,,,,,,,,,,,,,,,,,,,,,,,,,,,,,,,,,,,,,,,,,,,,,,,,,,,,,,,,,,,,,,,,,,,,,,,,-1.5151471126008855,481,58
2026-27,football,Empire 8 (E8),e8,Hartwick,"Dontae,Rufus",Rufus,Dontae,,273,"Dontae,Rufus","DONTAE,RUFUS",Hartwick,HC,1005-3697,1,0,59,59,0,0,DL,0,,,,,,,,0,0,1,1,1,.0,.0,.0,0,0,0,0,0,0,0,0,0,0,0,0,0,0,0,0,,,,,,,,,,,,,,,,,,,,,,,,,,,,,,,,,,,,,,,,,,,,,,,,,,,,,,,,,,,,,,,,,,,,,,,,,,,,,,,,,,,,,,,,,,,,,,,,,-1.5151471126008855,482,58
2026-27,football,Empire 8 (E8),e8,Alfred St.,"Downs,Aiden",Aiden,Downs,,30170,"Downs,Aiden","DOWNS,AIDEN",Alfred St.,ASC,1447-3981,4,0,49,49,0,0,0,0,,,,,,,,0,0,1,1,1,.0,.0,.0,0,0,0,0,0,0,0,0,0,0,0,0,0,0,0,0,,,,,,,,,,,,,,,,,,,,,,,,,,,,,,,,,,,,,,,,,,,,,,,,,,,,,,,,,,,,,,,,,,,,,,,,,,,,,,,,,,,,,,,,,,,,31,1794,3,7,57.9,-1.5151471126008855,483,58
2026-27,football,Empire 8 (E8),e8,Alfred,"Edwards,Nolan",Nolan,Edwards,,18,"Edwards,Nolan","EDWARDS,NOLAN",Alfred,ALF,1003-6075,3,0,25,25,0,0,DB,0,,,,,,,,0,0,1,1,1,.0,.0,.0,0,0,0,0,0,0,0,0,0,0,0,0,0,0,0,0,,,,,,,,,,,,,,,,,,,,,,,,,,,,,,,,,,,,,,,,,,,,,,,,,,,,,,,,,,,,,,,,,,,,,,,,,,,,,,,,,,,,,,,,,,,,,,,,,-1.5151471126008855,484,58
2026-27,football,Empire 8 (E8),e8,Morrisville,"Fabel,Abraham",Abraham,Fabel,,30067,"Fabel,Abraham","FABEL,ABRAHAM",Morrisville,MOR,1388-2993,1,0,19,19,0,QB,0,0,,,,,,,,0,1,0,1,1,.0,.0,.0,0,0,0,0,0,0,0,0,0,0,0,0,0,0,0,0,,,,,,,,,,,,,,,,,,,,,,,,,,,,,,,,,,,,,,,,,,,,,,,,,,,,,,,,,,,,,,,,,,,,,,,,,,,,,,,,,,,,,,,,,,,,,,,,,-1.5151471126008855,485,57
2026-27,football,Empire 8 (E8),e8,Alfred St.,"Fields,Jeramiah",Jeramiah,Fields,,30170,"Fields,Jeramiah","FIELDS,JERAMIAH",Alfred St.,ASC,1447-3947,1,0,15,15,0,0,DB,0,,,,,,,,0,1,0,1,1,.0,.0,.0,0,0,0,0,0,0,0,0,0,0,0,0,0,0,0,0,,,,,,,,,,,,,,,,,,,,,,,,,,,,,,,,,,,,,,,,,,,,,,,,,,,,,,,,,,,,,,,,,,,,,,,,,,,,,,,,,,,,,,,,,,,,,,,,,-1.5151471126008855,486,57
2026-27,football,Empire 8 (E8),e8,Alfred,"Gillis,Bradley",Bradley,Gillis,,18,"Gillis,Bradley","GILLIS,BRADLEY",Alfred,ALF,1003-5887,2,0,34,34,0,0,DB,0,,,,,,,,0,1,0,1,1,.0,.0,.0,0,0,0,0,0,0,0,0,0,0,0,0,0,0,0,0,,,,,,,,,,,,,,,,,,,,,,,,,,,,,,,,,,,,,,,,,,,,,,,,,,,,,,,,,,,,,,,,,,,,,,,,,,,,,,,,,,,,,,,,,,,,,,,,,-1.5151471126008855,487,57
2026-27,football,Empire 8 (E8),e8,Morrisville,"Grant,Myles",Myles,Grant,,30067,"Grant,Myles","GRANT,MYLES",Morrisville,MOR,1388-2768,3,0,21,21,0,0,DB,0,,,,,,,,0,1,0,1,1,.0,.0,.0,0,0,0,0,0,0,0,0,0,0,0,0,0,0,0,0,,,,,,,,,,,,,,,,,,,,,,,,,,,,,,,,,,,,,,,,,,,,,,,,,,,,,,,,,,,,,,,,,,,,,,,,,,,,,,,,,,,,,,,,,,,,,,,,,-1.5151471126008855,488,57
2026-27,football,Empire 8 (E8),e8,Morrisville,"Hardy,Nieem",Nieem,Hardy,,30067,"Hardy,Nieem","HARDY,NIEEM",Morrisville,MOR,1388-3006,1,0,48,48,0,0,LB,0,,,,,,,,0,0,1,1,1,.0,.0,.0,0,0,0,0,0,0,0,0,0,0,0,0,0,0,0,0,,,,,,,,,,,,,,,,,,,,,,,,,,,,,,,,,,,,,,,,,,,,,,,,,,,,,,,,,,,,,,,,,,,,,,,,,,,,,,,,,,,,,,,,,,,,,,,,,-1.5151471126008855,489,57
2026-27,football,Empire 8 (E8),e8,Morrisville,"Hawn,Micah",Micah,Hawn,,30067,"Hawn,Micah","HAWN,MICAH",Morrisville,MOR,1388-3039,2,0,44,44,0,0,DB,0,,,,,,,,0,1,0,1,1,.0,.0,.0,0,0,0,0,0,0,0,0,0,0,0,0,0,0,0,0,,,,,,,,,,,,,,,,,,,,,,,,,,,,,,,,,,,,,,,,,,,,,,,,,,,,,,,,,,,,,,,,,,,,,,,,,,,,,,,,,,,,,,,,,,,,,,,,,-1.5151471126008855,490,57
2026-27,football,Empire 8 (E8),e8,Utica,"Herrera,Miguel",Miguel,Herrera,,733,"Herrera,Miguel","HERRERA,MIGUEL",Utica,UTC,1010-7426,1,0,4,4Y,0,0,LB,0,,,,,,,,0,0,1,1,1,.0,.0,.0,0,0,0,0,0,0,0,0,0,0,0,0,0,0,0,0,,,,,,,,,,,,,,,,,,,,,,,,,,,,,,,,,,,,,,,,,,,,,,,,,,,,,,,,,,,,,,,,,,,,,,,,,,,,,,,,,,,,,,,,,,,,,,,,,-1.5151471126008855,491,57
2026-27,football,Empire 8 (E8),e8,St. John Fisher,Isaiah Bretz,Isaiah,Bretz,,601,Isaiah Bretz,"BRETZ,ISAIAH",St. John Fisher,ST. JOHN,1009-5846,3,0,31,31,0,0,0,0,,,,,,,,0,0,1,1,1,.0,.0,.0,0,0,0,0,0,0,0,0,0,0,0,0,0,0,0,0,,,,,,,,,,,,,,,,,,,,,,,,,,,,,,,,,,,,,,,,,,,,,,,,,,,,,,,,,,,,,,,,,,,,,,,,,,,,,,,,,,,,,,,,,,,,,,,,,-1.5151471126008855,492,57
2026-27,football,Empire 8 (E8),e8,Cortland,"Johnson,Jacob",Jacob,Johnson,,168,"Johnson,Jacob","JOHNSON,JACOB",Cortland,COR,1168-6976,2,0,92,92,0,0,DL,0,,,,,,,,0,0,1,1,1,.0,.0,.0,0,0,0,0,0,0,0,0,0,1,0,0,0,0,0,0,,,,,,,,,,,,,,,,,,,,,,,,,,,,,,,,,,,,,,,,,,,,,,,,,,,,,,,,,,,,,,,,,,,,,,,,,,,,,,,,,,,,,,,,,,,,,,,,,-1.5151471126008855,493,57
2026-27,football,Empire 8 (E8),e8,Morrisville,"Jones,Elijah",Elijah,Jones,,30067,"Jones,Elijah","JONES,ELIJAH",Morrisville,MOR,1388-3029,2,0,96,96,0,0,DL,0,,,,,,,,0,1,0,1,1,.0,.0,.0,0,0,0,0,0,0,0,0,0,0,0,0,0,0,0,0,,,,,,,,,,,,,,,,,,,,,,,,,,,,,,,,,,,,,,,,,,,,,,,,,,,,,,,,,,,,,,,,,,,,,,,,,,,,,,,,,,,,,,,,,,,,,,,,,-1.5151471126008855,494,57
2026-27,football,Empire 8 (E8),e8,Brockport,"Kukielczak,Noah",Noah,Kukielczak,,78,"Kukielczak,Noah","KUKIELCZAK,NOAH",Brockport,BPT,652-8356,2,0,95,95,0,0,DE,0,,,,,,,,0,0,1,1,1,.0,.0,.0,0,0,0,0,0,0,0,0,0,0,0,0,0,0,0,0,,,,,,,,,,,,,,,,,,,,,,,,,,,,,,,,,,,,,,,,,,,,,,,,,,,,,,,,,,,,,,,,,,,,,,,,,,,,,,,,,,,,,,,,,,,,,,,,,-1.5151471126008855,495,57
2026-27,football,Empire 8 (E8),e8,Brockport,"Lauf,Cameron",Cameron,Lauf,,78,"Lauf,Cameron","LAUF,CAMERON",Brockport,BPT,652-7016,1,0,48,4C,0,0,DB,0,,,,,,,,0,0,1,1,1,.0,.0,.0,0,0,0,0,0,0,0,0,0,0,0,0,0,0,0,0,,,,,,,,,,,,,,,,,,,,,,,,,,,,,,,,,,,,,,,,,,,,,,,,,,,,,,,,,,,,,,,,,,,,,,,,,,,,,,,,,,,,,,,,,,,,,,,,,-1.5151471126008855,496,57
2026-27,football,Empire 8 (E8),e8,Hartwick,"Lee,Jeremiah",Jeremiah,Lee,,273,"Lee,Jeremiah","LEE,JEREMIAH",Hartwick,HC,1005-3300,4,4,68,68,0,OL,0,0,,,,,,,,0,1,0,1,1,.0,.0,.0,0,0,0,0,0,0,0,0,0,0,0,0,0,0,0,0,,,,,,,,,,,,,,,,,,,,,,,,,,,,,,,,,,,,,,,,,,,,,,,,,,,,,,,,,,,,,,,,,,,,,,,,,,,,,,,,,,,,,,,,,,,,,,,,,-1.5151471126008855,497,57
2026-27,football,Empire 8 (E8),e8,Brockport,"Lewis,Tim",Tim,Lewis,,78,"Lewis,Tim","LEWIS,TIM",Brockport,BPT,652-7370,3,0,85,85,0,TE,0,0,,,,,,,,0,0,1,1,1,.0,.0,.0,0,0,0,0,0,0,0,0,0,0,0,0,0,0,0,0,,,,,,,,,,,,,,,,,,,,,,,,,,,,,,,,,,,,,,,,,,,,,,,,,,,,,,,,,,,,,,,,,,,,,,,,,,,,,,,,,,,,,,,,,,,,,,,,,-1.5151471126008855,498,56
2026-27,football,Empire 8 (E8),e8,Morrisville,"Luna,Yandel",Yandel,Luna,,30067,"Luna,Yandel","LUNA,YANDEL",Morrisville,MOR,1388-2564,4,0,86,86,0,TE,0,0,,,,,,,,0,1,0,1,1,.0,.0,.0,0,0,0,0,0,0,0,0,0,0,0,0,0,0,0,0,,,,,,,,,,,,,,,,,,,,,,,,,,,,,,,,,,,,,,,,,,,,,,,,,,,,,,,,,,,,,,,,,,,,,,,,,,,,,,,,,,,,,,,,,,,,,,,,,-1.5151471126008855,499,56
2026-27,football,Empire 8 (E8),e8,Brockport,"Maniaci,Joseph",Joseph,Maniaci,,78,"Maniaci,Joseph","MANIACI,JOSEPH",Brockport,BPT,652-7375,3,0,94,94,0,0,DL,0,,,,,,,,0,0,1,1,1,.0,.0,.0,0,0,0,0,0,0,0,0,0,0,0,0,0,0,0,0,,,,,,,,,,,,,,0,0,0,0,0,0,0,0,0,0,0,0,,,,,,,,,,,,,,,,,,,,,,,,,,,,,,,,,,,,,,,,,,,,,,,,,,,,,,,,,,,,,,,,,,,,,,,,-1.5151471126008855,500,56
2026-27,football,Empire 8 (E8),e8,Morrisville,"Martinez,Daniel",Daniel,Martinez,,30067,"Martinez,Daniel","MARTINEZ,DANIEL",Morrisville,MOR,1388-2790,2,0,90,90,0,0,DL,0,,,,,,,,0,1,0,1,1,.0,.0,.0,0,0,0,0,0,0,0,0,0,0,0,0,0,0,0,0,,,,,,,,,,,,,,,,,,,,,,,,,,,,,,,,,,,,,,,,,,,,,,,,,,,,,,,,,,,,,,,,,,,,,,,,,,,,,,,,,,,,,,,,,,,,,,,,,-1.5151471126008855,501,56
2026-27,football,Empire 8 (E8),e8,Morrisville,"Medina,Jeremy",Jeremy,Medina,,30067,"Medina,Jeremy","MEDINA,JEREMY",Morrisville,MOR,1388-2326,2,0,25,25,0,0,DB,0,,,,,,,,0,1,0,1,1,.0,.0,.0,0,0,0,0,0,0,0,0,0,0,0,0,0,0,0,0,,,,,,,,,,,,,,,,,,,,,,,,,,,,,,,,,,,,,,,,,,,,,,,,,,,,,,,,,,,,,,,,,,,,,,,,,,,,,,,,,,,,,,,,,,,,,,,,,-1.5151471126008855,502,56
2026-27,football,Empire 8 (E8),e8,Brockport,"Meilleur,Mason",Mason,Meilleur,,78,"Meilleur,Mason","MEILLEUR,MASON",Brockport,BPT,652-8402,1,0,44,44,0,0,LB,0,,,,,,,,0,1,0,1,1,.0,.0,.0,0,0,0,0,0,0,0,0,0,0,0,0,0,0,0,0,,,,,,,,,,,,,,,,,,,,,,,,,,,,,,,,,,,,,,,,,,,,,,,,,,,,,,,,,,,,,,,,,,,,,,,,,,,,,,,,,,,,,,,,,,,,,,,,,-1.5151471126008855,503,56
2026-27,football,Empire 8 (E8),e8,Alfred St.,"Miles,Skyler",Skyler,Miles,,30170,"Miles,Skyler","MILES,SKYLER",Alfred St.,ASC,1447-3984,1,0,53,53,0,0,LB,0,,,,,,,,0,1,0,1,1,.0,.0,.0,0,0,0,0,0,0,0,0,0,0,0,0,0,0,0,0,,,,,,,,,,,,,,,,,,,,,,,,,,,,,,,,,,,,,,,,,,,,,,,,,,,,,,,,,,,,,,,,,,,,,,,,,,,,,,,,,,,,,,,,,,,,,,,,,-1.5151471126008855,504,56
2026-27,football,Empire 8 (E8),e8,Cortland,"Peralta,Cris",Cris,Peralta,,168,"Peralta,Cris","PERALTA,CRIS",Cortland,COR,1168-6995,1,0,48,48,0,0,LB,0,,,,,,,,0,0,1,1,1,.0,.0,.0,0,0,0,0,0,0,0,0,0,0,0,0,0,0,0,0,,,,,,,,,,,,,,,,,,,,,,,,,,,,,,,,,,,,,,,,,,,,,,,,,,,,,,,,,,,,,,,,,,,,,,,,,,,,,,,,,,,,,,,,,,,,,,,,,-1.5151471126008855,505,56
2026-27,football,Empire 8 (E8),e8,Brockport,"Poppe,Jack",Jack,Poppe,,78,"Poppe,Jack","POPPE,JACK",Brockport,BPT,652-8348,2,0,55,55,0,0,LB,0,,,,,,,,0,1,0,1,1,.0,.0,.0,0,0,0,0,0,0,0,0,0,0,0,0,0,0,0,0,,,,,,,,,,,,,,,,,,,,,,,,,,,,,,,,,,,,,,,,,,,,,,,,,,,,,,,,,,,,,,,,,,,,,,,,,,,,,,,,,,,,,,,,,,,,,,,,,-1.5151471126008855,506,56
2026-27,football,Empire 8 (E8),e8,Hartwick,"Reeves,Henry",Henry,Reeves,,273,"Reeves,Henry","REEVES,HENRY",Hartwick,HC,1005-3693,1,0,99,99,0,0,DL,0,,,,,,,,0,0,1,1,1,.0,.0,.0,0,0,0,0,0,0,0,0,0,0,0,0,0,0,0,0,,,,,,,,,,,,,,,,,,,,,,,,,,,,,,,,,,,,,,,,,,,,,,,,,,,,,,,,,,,,,,,,,,,,,,,,,,,,,,,,,,,,,,,,,,,,,,,,,-1.5151471126008855,507,56
2026-27,football,Empire 8 (E8),e8,Alfred St.,"Rule,Chase",Chase,Rule,,30170,"Rule,Chase","RULE,CHASE",Alfred St.,ASC,1447-3923,1,0,61,61,0,0,LB,0,,,,,,,,0,1,0,1,1,.0,.0,.0,0,0,0,0,0,0,0,0,0,0,0,0,0,0,0,0,,,,,,,,,,,,,,,,,,,,,,,,,,,,,,,,,,,,,,,,,,,,,,,,,,,,,,,,,,,,,,,,,,,,,,,,,,,,,,,,,,,,,,,,,,,,,,,,,-1.5151471126008855,508,56
2026-27,football,Empire 8 (E8),e8,Utica,"Smith,Jayden",Jayden,Smith,,733,"Smith,Jayden","SMITH,JAYDEN",Utica,UTC,1010-8162,1,0,36,36,0,RB,0,0,,,,,,,,0,0,1,1,1,.0,.0,.0,0,0,0,0,0,0,0,0,0,0,0,0,0,0,0,0,,,,,,,,,,,,,,,,,,,,,,,,,,,,,,,,,,,,,,,,,,,,,,,,,,,,,,,,,,,,,,,,,,,,,,,,,,,,,,,,,,,,,,,,,,,,,,,,,-1.5151471126008855,509,56
2026-27,football,Empire 8 (E8),e8,Utica,"Terry,Aidan",Aidan,Terry,,733,"Terry,Aidan","TERRY,AIDAN",Utica,UTC,0,1,0,57,57,0,0,DL,0,,,,,,,,0,1,0,1,1,.0,.0,.0,0,0,0,0,0,0,0,0,0,0,0,0,0,0,0,0,,,,,,,,,,,,,,,,,,,,,,,,,,,,,,,,,,,,,,,,,,,,,,,,,,,,,,,,,,,,,,,,,,,,,,,,,,,,,,,,,,,,,,,,,,,,,,,,,-1.5151471126008855,510,55
2026-27,football,Empire 8 (E8),e8,Cortland,Tom Jacquays,Tom,Jacquays,,168,Tom Jacquays,"JACQUAYS,TOM",Cortland,COR,1168-6314,3,0,33,33,0,0,0,0,,,,,,,,0,1,0,1,1,.0,.0,.0,0,0,0,0,0,0,0,0,0,0,0,0,0,0,0,0,,,,,,,,,,,,,,,,,,,,,,,,,,,,,,,,,,,,,,,,,,,,,,,,,,,,,,,,,,,,,,,,,,,,,,,,,,,,,,,,,,,,,,,,,,,,,,,,,-1.5151471126008855,511,55
2026-27,football,Empire 8 (E8),e8,Cortland,"Ventura,Jack",Jack,Ventura,,168,"Ventura,Jack","VENTURA,JACK",Cortland,COR,1168-7004,2,0,98,98,0,0,DL,0,,,,,,,,0,1,0,1,1,.0,.0,.0,0,0,0,0,0,0,0,0,0,0,0,0,0,0,0,0,,,,,,,,,,,,,,,,,,,,,,,,,,,,,,,,,,,,,,,,,,,,,,,,,,,,,,,,,,,,,,,,,,,,,,,,,,,,,,,,,,,,,,,,,,,,,,,,,-1.5151471126008855,512,55
2026-27,football,Empire 8 (E8),e8,Morrisville,"Woolard,Thomas",Thomas,Woolard,,30067,"Woolard,Thomas","WOOLARD,THOMAS",Morrisville,MOR,1388-2771,4,0,49,49,0,TE,0,0,,,,,,,,0,1,0,1,1,.0,.0,.0,0,0,0,0,0,0,0,0,0,0,0,0,0,0,0,0,,,,,,,,,,,,,,,,,,,,,,,,,,,,,,,,,,,,,,,,,,,,,,,,,,,,,,,,,,,,,,,,,,,,,,,,,,,,,,,,,,,,,,,,,,,,,,,,,-1.5151471126008855,513,55
2026-27,football,Empire 8 (E8),e8,Morrisville,"Mejias,Louis",Louis,Mejias,,30067,"Mejias,Louis","MEJIAS,LOUIS",Morrisville,MOR,1388-2786,4,0,84,84,0,WR,0,0,,,,,,,,,,,,,,,,,,,,,,,,,,,,,,,,,,,,,,,,,,,,,,,,,,,,,,,,,1,9,9,0,0,9,9.0,2.3,,,,,,,,,,,,,,,,,6,40,0,14,6.7,,,,,,,,,,,,,,,,,,,,,,,,,,,,,,,,,,,,,,,,,,,-1.5344453809123588,514,55
2026-27,football,Empire 8 (E8),e8,Cortland,Travis Carlucci,Travis,Carlucci,,168,Travis Carlucci,"CARLUCCI,TRAVIS",Cortland,COR,1168-6580,3,0,28,28,0,0,0,0,,,,,,,,0,1,0,1,1,.0,.0,.0,0,0,0,0,0,0,0,0,0,0,0,0,0,0,0,0,,,,,,,,,,,,,,,,,,,,,,,,,,,,,,,,,,,,,,,,,,,,,,,,,,,,,,,,,,,,,,,,,,2,41,0,25,20.5,,,,,,,,,,,,,,,,,,,,,,,,,,,-1.5382284803047288,515,55
2026-27,football,Empire 8 (E8),e8,St. John Fisher,Christian Beason,Christian,Beason,,601,Christian Beason,"BEASON,CHRISTIAN",St. John Fisher,ST. JOHN,1009-6438,4,3,29,29,0,0,0,0,,,,,,,,0,0,0,0,0,.0,.0,.0,0,0,0,0,0,0,0,0,0,0,0,0,0,0,0,0,,,,,,,,,,,,,,0,1,0,0,0,0,0,0,0,6,6,1.5,31,140,146,6,1,21,4.5,35.0,,,,,,,,,,,,,,,,,3,22,0,9,7.3,,,,,,,,,,,,,,,,,,,,,,,,,,,,,,,,,,,,,,,,,,,-1.5531634260057703,516,55
2026-27,football,Empire 8 (E8),e8,Utica,"Bosinski,Jack",Jack,Bosinski,,733,"Bosinski,Jack","BOSINSKI,JACK",Utica,UTC,0,0,0,37,37,0,0,LB,0,,,,,,,,0,0,0,0,0,.0,.0,.0,0,0,0,0,0,0,0,0,0,0,0,0,0,0,0,0,,,,,,,,,,,,,,,,,,,,,,,,,,,,,,,,,,,,,,,,,,,,,,,,,,,,,,,,,,,,,,,,,,,,,,,,,,,,,,,,,,,,,,,,,,,,,,,,,-1.6034093488826768,517,55
2026-27,football,Empire 8 (E8),e8,St. John Fisher,"Cartwright,Taylor",Taylor,Cartwright,,601,"Cartwright,Taylor","CARTWRIGHT,TAYLOR",St. John Fisher,ST. JOHN,1009-6848,0,0,42,42,0,0,DB,0,,,,,,,,0,0,0,0,0,.0,.0,.0,0,0,0,0,0,0,0,0,0,0,0,0,0,0,0,0,,,,,,,,,,,,,,,,,,,,,,,,,,,,,,,,,,,,,,,,,,,,,,,,,,,,,,,,,,,,,,,,,,,,,,,,,,,,,,,,,,,,,,,,,,,,,,,,,-1.6034093488826768,518,55
2026-27,football,Empire 8 (E8),e8,St. John Fisher,"Czekaj,Miles",Miles,Czekaj,,601,"Czekaj,Miles","CZEKAJ,MILES",St. John Fisher,ST. JOHN,1009-6443,0,0,36,36,0,0,0,0,,,,,,,,0,0,0,0,0,.0,.0,.0,0,0,0,0,0,0,0,0,0,0,0,0,0,0,0,0,,,,,,,,,,,,,,,,,,,,,,,,,,,,,,,,,,,,,,,,,,,,,,,,,,,,,,,,,,,,,,,,,,,,,,,,,,,,,,,,,,,,,,,,,,,,,,,,,-1.6034093488826768,519,55
2026-27,football,Empire 8 (E8),e8,Utica,"Higgins,Aidan",Aidan,Higgins,,733,"Higgins,Aidan","HIGGINS,AIDAN",Utica,UTC,0,0,0,35,35,0,0,DB,0,,,,,,,,0,0,0,0,0,.0,.0,.0,0,0,0,0,0,0,0,0,0,0,0,0,0,0,0,0,,,,,,,,,,,,,,,,,,,,,,,,,,,,,,,,,,,,,,,,,,,,,,,,,,,,,,,,,,,,,,,,,,,,,,,,,,,,,,,,,,,,,,,,,,,,,,,,,-1.6034093488826768,520,55
2026-27,football,Empire 8 (E8),e8,St. John Fisher,Jamison Pierce,Jamison,Pierce,,601,Jamison Pierce,"PIERCE,JAMISON",St. John Fisher,ST. JOHN,1009-6459,1,0,92,92,0,0,0,0,,,,,,,,0,0,0,0,0,.0,.0,.0,0,0,0,0,0,0,0,0,0,0,0,0,0,0,0,0,,,,,,,,,,,,,,,,,,,,,,,,,,,,,,,,,,,,,,,,,,,,,,,,,,,,,,,,,,,,,,,,,,,,,,,,,,,,,,,,,,,,,,,,,,,,,,,,,-1.6034093488826768,521,55
2026-27,football,Empire 8 (E8),e8,Brockport,"Kamano,Alima",Alima,Kamano,,78,"Kamano,Alima","KAMANO,ALIMA",Brockport,BPT,652-8454,1,0,23,2K,0,0,DB,0,,,,,,,,0,0,0,0,0,.0,.0,.0,0,0,0,0,0,0,0,0,0,0,0,0,0,0,0,0,,,,,,,0,0,0,0,.0,,,,,,,,,,,,,,,,,,,,,,,,,,,,,,,,,,,,,,,,,,,,,,,,,,,,,,,,,,,,,,,,,,,,,,,,,,,,,,,,,,,,,,-1.6034093488826768,522,55
2026-27,football,Empire 8 (E8),e8,Alfred St.,"Montroy,David",David,Montroy,,30170,"Montroy,David","MONTROY,DAVID",Alfred St.,ASC,1447-3950,1,0,47,47,0,0,LB,0,,,,,,,,0,0,0,0,0,.0,.0,.0,0,0,0,0,0,0,0,0,0,0,0,1,0,0,0,0,,,,,,,,,,,,,,,,,,,,,,,,,,,,,,,,,,,,,,,,,,,,,,,,,,,,,,,,,,,,,,,,,,,,,,,,,,,,,,,,,,,,,,,,,,,,,,,,,-1.6034093488826768,523,54
2026-27,football,Empire 8 (E8),e8,Utica,"Squalli,Jad",Jad,Squalli,,733,"Squalli,Jad","SQUALLI,JAD",Utica,UTC,0,0,0,33,33,0,0,DE,0,,,,,,,,0,0,0,0,0,.0,.0,.0,0,0,0,0,0,0,0,0,0,0,0,0,0,0,0,0,,,,,,,,,,,,,,,,,,,,,,,,,,,,,,,,,,,,,,,,,,,,,,,,,,,,,,,,,,,,,,,,,,,,,,,,,,,,,,,,,,,,,,,,,,,,,,,,,-1.6034093488826768,524,54
2026-27,football,Empire 8 (E8),e8,Alfred,Thomas Gabriele,Thomas,Gabriele,,18,Thomas Gabriele,"GABRIELE,THOMAS",Alfred,ALF,1003-4856,0,0,4,4,0,0,0,0,,,,,,,,0,0,0,0,0,.0,.0,.0,0,0,0,0,0,0,0,0,0,0,0,0,0,0,0,0,,,,,,,,,,,,,,,,,,,,,,,,,,,,,,,,,,,,,,,,,,,,,,,,,,,,,,,,,,,,,,,,,,,,,,,,,,,,,,,,,,,,,,,,,,,,,,,,,-1.6034093488826768,525,54
2026-27,football,Empire 8 (E8),e8,St. John Fisher,Tyler Estelle,Tyler,Estelle,,601,Tyler Estelle,"ESTELLE,TYLER",St. John Fisher,ST. JOHN,1009-6869,1,0,50,50,0,0,0,0,,,,,,,,0,0,0,0,0,.0,.0,.0,0,0,0,0,0,0,0,0,0,0,0,0,0,0,0,0,,,,,,,,,,,,,,,,,,,,,,,,,,,,,,,,,,,,,,,,,,,,,,,,,,,,,,,,,,,,,,,,,,,,,,,,,,,,,,,,,,,,,,,,,,,,,,,,,-1.6034093488826768,526,54
2026-27,football,Empire 8 (E8),e8,Utica,"White,Xavier",Xavier,White,,733,"White,Xavier","WHITE,XAVIER",Utica,UTC,1010-7447,1,0,52,52,0,OL,0,0,,,,,,,,0,0,0,0,0,.0,.0,.0,0,0,0,0,0,0,0,0,0,0,0,0,0,0,0,0,,,,,,,,,,,,,,,,,,,,,,,,,,,,,,,,,,,,,,,,,,,,,,,,,,,,,,,,,,,,,,,,,,,,,,,,,,,,,,,,,,,,,,,,,,,,,,,,,-1.6034093488826768,527,54
2026-27,football,Empire 8 (E8),e8,St. John Fisher,Jon Sindoni,Jon,Sindoni,,601,Jon Sindoni,"SINDONI,JON",St. John Fisher,ST. JOHN,1009-6885,0,0,9,9,0,0,0,0,,,,,,,,,,,,,,,,,,,,,,,,,,,,,,,,,,,,,,,,,,,,,,,,,,,,,,,,,,,,,,,,,,,,,,,,,,,,,,,,,,,,,,0,0,0,0,0,0,0,0,.0,,,,,,,,,,,,,,,,,,,,,,,,,,,,,,,,,,-1.6098024218233018,528,54
2026-27,football,Empire 8 (E8),e8,Utica,"Hall,Tyler",Tyler,Hall,,733,"Hall,Tyler","HALL,TYLER",Utica,UTC,1010-6629,4,0,27,27,0,RB,0,0,,,,,,,,0,2,2,4,4,.0,.0,.0,0,0,0,0,0,0,0,0,1,0,0,0,0,0,0,0,,,,,,,,,,,,,,,,,,,,,,,,,,10,59,61,2,0,16,5.9,14.8,,,,,,,,,,,,,,,,,,,,,,,,,,,,,,,,,,,,,,,,,,,,,,,,,,,,,,,,,,,,,,,,-1.6108228461380234,529,54
2026-27,football,Empire 8 (E8),e8,Alfred St.,"Bagnato,Sevin",Sevin,Bagnato,,30170,"Bagnato,Sevin","BAGNATO,SEVIN",Alfred St.,ASC,1447-3974,4,0,14,14,0,QB,0,0,,,,,,,,,,,,,,,,,,,,,,,,,,,,,,,,,,,,,,,,,,,,,,,,,,,,,,,,,,,,,,,,,0,0,0,0,0,0,1,0,.0,.00,.00,.0,,,,,,,,,,,,,,,,,,,,,,,,,,0,0,2,0,0,0,0,0,0,0,0,0,,,,,,,,,,,,,,,-1.6276487528128605,530,54
2026-27,football,Empire 8 (E8),e8,Morrisville,"Cediel,Jesus",Jesus,Cediel,,30067,"Cediel,Jesus","CEDIEL,JESUS",Morrisville,MOR,1388-2796,4,0,99,99,0,0,0,0,,,,,,,,0,0,0,0,0,.0,.0,.0,0,0,0,0,0,0,0,0,0,0,0,0,0,0,0,0,,,,,,,,,,,,,,1,0,2,0,0,0,0,0,0,7,7,1.75,,,,,,,,,,,,,,,,,,,,,,,,,,,,,,,,,,,,,,,,,,,,,,3,1,0,0,0,0,0,0,0,0,0,0,,,,,2,2,23,0,100.0,16,753,1,0,47.1,-1.6355386922961448,531,54
2026-27,football,Empire 8 (E8),e8,Cortland,Sam Cotton,Sam,Cotton,,168,Sam Cotton,"COTTON,SAM",Cortland,COR,1168-6006,4,4,5,5,0,WR,0,0,,,,,,,,0,1,0,1,1,.0,.0,.0,0,0,0,0,0,0,0,0,0,0,0,0,0,0,0,0,,,,,,,,,,,,,,0,1,0,0,0,0,0,0,0,6,6,1.5,1,5,5,0,0,5,5.0,1.3,,,,,,,,,,,,,,,,,9,113,1,26,12.6,,,,,,,,,,,,,,,,,,,,,,,,,,,,,,,,,,,,,,,,,,,-1.6649735554641891,532,54
2026-27,football,Empire 8 (E8),e8,Utica,"Yeomas,Drevariis",Drevariis,Yeomas,,733,"Yeomas,Drevariis","YEOMAS,DREVARIIS",Utica,UTC,1010-7353,4,0,1,1X,0,RB,0,0,,,,,,,,0,0,0,0,0,.0,.0,.0,0,0,0,0,0,0,0,0,0,0,0,0,0,0,0,0,,,,,,,,,,,,,,0,1,0,0,0,0,0,0,0,6,6,1.5,23,149,156,7,1,56,6.5,37.3,,,,,,,,,,,,,,,,,1,0,0,0,.0,,,,,,,,,,,,,,,,,,,,,,,,,,,,,,,,,,,,,,,,,,,-1.6780636543200458,533,54
2026-27,football,Empire 8 (E8),e8,Utica,"Davis,Micah",Micah,Davis,,733,"Davis,Micah","DAVIS,MICAH",Utica,UTC,0,1,0,25,25,0,RB,0,0,,,,,,,,0,0,0,0,0,.0,.0,.0,0,0,0,0,0,0,0,0,0,0,0,0,0,0,0,0,,,,,,,,,,,,,,0,1,0,0,0,0,0,0,0,6,6,6,4,22,25,3,1,15,5.5,22.0,,,,,,,,,,,,,,,,,,,,,,,,,,,,,,,,,,,,,,,,,,,,,,,,,,,,,,,,,,,,,,,,-1.7355465057841999,534,54
2026-27,football,Empire 8 (E8),e8,Hartwick,"Moreau,Braden",Braden,Moreau,,273,"Moreau,Braden","MOREAU,BRADEN",Hartwick,HC,1005-3263,4,1,11,11,0,QB,0,0,,,,,,,,,,,,,,,,,,,,,,,,,,,,,,,,,,,,,,,,,,,,,,,,,,,,,,,,,13,-2,20,22,0,6,-.2,-.5,9,1,29,0,146,0,24,14,109.4,6.08,10.43,36.5,,,,,,,,,,,,,,,,,,,,,,,,,,,,,,,,,,,,,,,,,,,,,,,,,,,,-1.7559555283088792,535,53
2026-27,football,Empire 8 (E8),e8,Utica,"Hewitt,Logan",Logan,Hewitt,,733,"Hewitt,Logan","HEWITT,LOGAN",Utica,UTC,1010-7388,3,0,86,86,0,TE,0,0,,,,,,,,0,2,0,2,2,.0,.0,.0,0,0,0,0,0,0,0,0,0,0,0,0,0,0,0,0,,,,,,,,,,,,,,0,1,0,0,0,0,0,0,0,6,6,2,0,0,0,0,1,0,.0,.0,,,,,,,,,,,,,,,,,,,,,,,,,,,,,,,,,,,,,,,,,,,,,,,,,,,,,,,,,,,,,,,,-1.7587791478990717,536,53
2026-27,football,Empire 8 (E8),e8,Brockport,"Thomas,Sameer",Sameer,Thomas,,78,"Thomas,Sameer","THOMAS,SAMEER",Brockport,BPT,652-8015,3,0,30,30,0,RB,0,0,,,,,,,,0,0,0,0,0,.0,.0,.0,0,0,0,0,0,0,0,0,0,0,0,0,0,0,0,0,,,,,,,,,,,,,,0,1,0,0,0,0,0,0,0,6,6,2,10,16,22,6,1,5,1.6,5.3,,,,,,,,,,,,,,,,,,,,,,,,,,,,,,,,,,,,,,,,,,,,,,,,,,,,,,,,,,,,,,,,-1.790025718878324,537,53
2026-27,football,Empire 8 (E8),e8,Morrisville,"Jacques,Jalyn",Jalyn,Jacques,,30067,"Jacques,Jalyn","JACQUES,JALYN",Morrisville,MOR,1388-2319,4,0,14,14,0,RB,0,0,,,,,,,,0,0,0,0,0,.0,.0,.0,0,0,0,0,0,0,0,0,0,0,0,0,0,0,0,0,,,,,,,,,,,,,,0,1,0,0,0,0,0,0,0,6,6,1.5,31,57,73,16,1,10,1.8,14.3,,,,,,,,,,,,,,,,,4,73,0,42,18.3,,,,,,,,,,,,,,,,,,,,,,,,,,,,,,,,,,,,,,,,,,,-1.8278120202140973,538,53
2026-27,football,Empire 8 (E8),e8,Hartwick,"Amundson,Braden",Braden,Amundson,,273,"Amundson,Braden","AMUNDSON,BRADEN",Hartwick,HC,1005-3659,1,0,49,49,0,0,0,0,,,,,,,,0,0,0,0,0,.0,.0,.0,0,0,0,0,0,0,0,0,0,0,0,0,0,0,0,0,,,,,,,,,,,,,,0,0,1,0,0,0,0,0,0,3,3,3,,,,,,,,,,,,,,,,,,,,,,,,,,,,,,,,,,,,,,,,,,,,,,,,,,,,,,,,,,,,,,1,1,36,0,100.0,1,51,0,0,51.0,-1.8400181452734437,539,53
2026-27,football,Empire 8 (E8),e8,Alfred St.,"Perry,Matthew",Matthew,Perry,,30170,"Perry,Matthew","PERRY,MATTHEW",Alfred St.,ASC,1447-3090,4,0,33,33,0,0,0,0,,,,,,,,0,0,0,0,0,.0,.0,.0,0,0,0,0,0,0,0,0,0,0,0,0,0,0,0,0,,,,,,,,,,,,,,22,0,1,0,0,0,0,0,0,25,25,6.25,,,,,,,,,,,,,,,,,,,,,,,,,,,,,,,,,,,,,,,,,,,,,,23,22,0,0,0,0,0,0,0,0,0,0,,,,,1,1,29,0,100.0,,,,,,-1.8400181452734437,540,53
2026-27,football,Empire 8 (E8),e8,Alfred St.,"Bennett,Jovan",Jovan,Bennett,,30170,"Bennett,Jovan","BENNETT,JOVAN",Alfred St.,ASC,1447-3975,3,0,25,25,0,0,DB,0,,,,,,,,0,3,1,4,4,.0,.0,.0,0,0,0,0,0,0,0,1,0,0,0,0,0,0,0,1,,,,,,,,,,,,,,,,,,,,,,,,,,,,,,,,,,,,,,,,,,,,,,,,1,1,,,,,,,,,,,,,,,,,2,23,0,13,11.5,,,,,,,,,,,,,,,,,,,,,,,,,,,-1.8411060786447746,541,53
2026-27,football,Empire 8 (E8),e8,Alfred St.,"White,Carson",Carson,White,,30170,"White,Carson","WHITE,CARSON",Alfred St.,ASC,1447-3933,2,0,6,6,0,QB,0,0,,,,,,,,,,,,,,,,,,,,,,,,,,,,,,,,,,,,,,,,,,,,,,,,,,,,,,,,,2,5,5,0,0,3,2.5,2.5,0,0,7,0,7,0,1,1,158.8,7.00,7.00,3.5,,,,,,,,,,,,,,,,,,,,,,,,,,,,,,,,,,,,,,,,,,,,,,,,,,,,-1.8658685640199575,542,53
2026-27,football,Empire 8 (E8),e8,Cortland,Gamie Sauveur,Gamie,Sauveur,,168,Gamie Sauveur,"SAUVEUR,GAMIE",Cortland,COR,1168-6309,4,0,2,2,0,0,0,0,,,,,,,,,,,,,,,,,,,,,,,,,,,,,,,,,,,,,,,,,,,,,,,,,,,,,,,,,3,10,13,3,0,12,3.3,2.5,,,,,,,,,,,,,,,,,0,0,0,0,.0,,,,,,,,,,,,,,,,,,,,,,,,,,,,,,,,,,,,,,,,,,,-1.9010365083459957,543,53
2026-27,football,Empire 8 (E8),e8,Cortland,Zach Couch,Zach,Couch,,168,Zach Couch,"COUCH,ZACH",Cortland,COR,1168-6962,4,0,88,88,0,0,0,0,,,,,,,,0,0,0,0,0,.0,.0,.0,0,0,0,0,0,0,0,0,0,0,0,0,0,0,0,0,,,,,,,,,,,,,,0,1,0,0,0,0,0,0,0,6,6,1.5,,,,,,,,,,,,,,,,,,,,,,,,,1,5,1,5,5.0,,,,,,,,,,,,,,,,,,,,,,,,,,,,,,,,,,,,,,,,,,,-1.916772121479527,544,53
2026-27,football,Empire 8 (E8),e8,Alfred St.,"Maurer,Benjamin",Benjamin,Maurer,,30170,"Maurer,Benjamin","MAURER,BENJAMIN",Alfred St.,ASC,1447-3103,4,0,2,2,0,WR,0,0,,,,,,,,,,,,,,,,,,,,,,,,,,,,,,,,,,,,,,,,,,,,,,,,,,,,,,,,,1,-4,0,4,0,0,-4.0,-1.0,,,,,,,,,,,,,,,,,1,18,0,18,18.0,7,255,46,0,1,1,0,1,36.4,,,,,,,,,,,,,,,,,,,,,,,,,,,,,,,,,,-1.9332999791482566,545,53
2026-27,football,Empire 8 (E8),e8,Morrisville,"Reid,Marquis",Marquis,Reid,,30067,"Reid,Marquis","REID,MARQUIS",Morrisville,MOR,1388-2569,3,0,22,22,0,RB,0,0,,,,,,,,,,,,,,,,,,,,,,,,,,,,,,,,,,,,,,,,,,,,,,,,,,,,,,,,,4,2,5,3,0,2,.5,.7,,,,,,,,,,,,,,,,,2,0,0,5,.0,,,,,,,,,,,,,,,,,,,,,,,,,,,,,,,,,,,,,,,,,,,-1.973675459138161,546,53
2026-27,football,Empire 8 (E8),e8,Hartwick,"Rivera,Alle",Alle,Rivera,,273,"Rivera,Alle","RIVERA,ALLE",Hartwick,HC,1005-3695,2,0,46,,0,RB,0,0,,,,,,,,,,,,,,,,,,,,,,,,,,,,,,,,,,,,,,,,,,,,,,,,,,,,,,,,,1,3,3,0,0,3,3.0,1.5,,,,,,,,,,,,,,,,,1,-5,0,0,-5.0,,,,,,,,,,,,,,,,,,,,,,,,,,,,,,,,,,,,,,,,,,,-2.0115544648244725,547,53
2026-27,football,Empire 8 (E8),e8,Cortland,Josh Kama,Josh,Kama,,168,Josh Kama,"KAMA,JOSH",Cortland,COR,1168-6977,4,0,34,34,0,0,0,0,,,,,,,,0,0,0,0,0,.0,.0,.0,0,0,0,0,0,0,0,0,0,0,0,0,0,0,0,0,,,,,,,,,,,,,,0,1,0,0,0,0,0,0,0,6,6,1.5,12,112,116,4,1,43,9.3,28.0,,,,,,,,,,,,,,,,,1,-3,0,0,-3.0,,,,,,,,,,,,,,,,,,,,,,,,,,,,,,,,,,,,,,,,,,,-2.04219412645501,548,52
2026-27,football,Empire 8 (E8),e8,Hartwick,"Rama,Kaine",Kaine,Rama,,273,"Rama,Kaine","RAMA,KAINE",Hartwick,HC,1005-3268,1,0,18,18,0,QB,0,0,,,,,,,,,,,,,,,,,,,,,,,,,,,,,,,,,,,,,,,,,,,,,,,,,,,,,,,,,2,-13,0,13,0,0,-6.5,-13.0,0,0,25,0,22,0,3,2,128.3,7.33,11.00,22.0,,,,,,,,,,,,,,,,,,,,,,,,,,,,,,,,,,,,,,,,,,,,,,,,,,,,-2.104812635653629,549,52
2026-27,football,Empire 8 (E8),e8,Hartwick,"Dempsey,Connor",Connor,Dempsey,,273,"Dempsey,Connor","DEMPSEY,CONNOR",Hartwick,HC,1005-3264,4,0,14,14,0,WR,0,0,,,,,,,,0,2,0,2,2,.0,.0,.0,0,0,0,0,0,0,0,0,0,0,0,0,0,0,0,0,,,,,,,,,,,,,,,,,,,,,,,,,,,,,,,,,,,,,,,,,,,,,,,,,,3,43,0,21,14.3,,,,,,,,,,,,,,,,,,,,,,,,,,,,,,,,,,,,,,,,,,,-2.118699047676708,550,52
2026-27,football,Empire 8 (E8),e8,Alfred St.,"Patrick,Xzavier",Xzavier,Patrick,,30170,"Patrick,Xzavier","PATRICK,XZAVIER",Alfred St.,ASC,1447-3910,1,0,30,30,0,RB,0,0,,,,,,,,0,0,0,0,0,.0,.0,.0,0,0,0,0,0,0,0,0,0,0,0,0,0,0,0,0,,,,,,,,,,,,,,0,1,0,0,0,0,0,0,0,6,6,6,15,87,87,0,1,14,5.8,87.0,,,,,,,,,,,,,,,,,1,12,0,12,12.0,,,,,,,,,,,,,,,,,,,,,,,,,,,,,,,,,,,,,,,,,,,-2.12831422407453,551,52
2026-27,football,Empire 8 (E8),e8,Brockport,"Campbell,Elijah",Elijah,Campbell,,78,"Campbell,Elijah","CAMPBELL,ELIJAH",Brockport,BPT,652-7955,2,0,84,84,0,WR,0,0,,,,,,,,0,1,0,1,1,1.0,.0,.0,1,0,12,0,0,0,0,0,0,0,1,0,0,0,0,0,,,,,,,,,,,,,,0,0,0,1,0,0,0,0,0,2,2,1,,,,,,,,,,,,,,,,,,,,,,,,,0,0,0,0,.0,,,,,,,,,,,,,,,,,,,,,,,,,,,,,,,,,,,,,,,,,,,-2.1626200219137983,552,52
2026-27,football,Empire 8 (E8),e8,Cortland,"Coffil,Amare",Amare,Coffil,,168,"Coffil,Amare","COFFIL,AMARE",Cortland,COR,1168-6959,1,0,45,45,0,WR,0,0,,,,,,,,,,,,,,,,,,,,,,,,,,,,,,,,,1,1,0,1,1.0,,,,,,,,,,,,,,,,,,,,1,0,0,0,0,0,.0,.0,,,,,,,,,,,,,,,,,1,-1,0,0,-1.0,,,,,,,,,,,,2,47,0,25,23.5,,,,,,,,,,,,,,,,,,,,,,,,,,,-2.2154846760447744,553,52
2026-27,football,Empire 8 (E8),e8,St. John Fisher,Trent Hill,Trent,Hill,,601,Trent Hill,"HILL,TRENT",St. John Fisher,ST. JOHN,1009-6156,4,0,2,2,0,0,0,0,,,,,,,,0,3,0,3,3,.0,.0,.0,0,0,0,0,0,0,0,0,0,0,0,0,0,0,0,0,,,,,,,,,,,,,,,,,,,,,,,,,,0,0,0,0,0,0,.0,.0,,,,,,,,,,,,,,,,,,,,,,,,,,,,,,,,,,,,,,,,,,,,,,,,,,,,,,,,,,,,,,,,-2.234797344512034,554,52
2026-27,football,Empire 8 (E8),e8,Cortland,Ja'Quan Thomas,Ja'Quan,Thomas,,168,Ja'Quan Thomas,"THOMAS,JA'QUAN",Cortland,COR,1168-7003,4,0,25,25,0,0,0,0,,,,,,,,0,2,0,2,2,.0,.0,.0,0,0,0,0,0,0,0,0,0,0,0,0,0,0,0,0,,,,,,,,,,,,,,,,,,,,,,,,,,2,9,9,0,0,6,4.5,2.3,,,,,,,,,,,,,,,,,,,,,,,,,,,,,,,,,,,,,,,,,,,,,,,,,,,,,,,,,,,,,,,,-2.2413407611526392,555,52
2026-27,football,Empire 8 (E8),e8,Alfred St.,"Bigelow,Alex",Alex,Bigelow,,30170,"Bigelow,Alex","BIGELOW,ALEX",Alfred St.,ASC,1447-3957,3,0,39,39,0,0,LB,0,,,,,,,,0,2,0,2,2,.0,.0,.0,0,0,0,0,0,0,0,0,0,0,0,0,0,0,0,0,,,,,,,,,,,,,,,,,,,,,,,,,,1,3,3,0,0,3,3.0,1.0,,,,,,,,,,,,,,,,,,,,,,,,,,,,,,,,,,,,,,,,,,,,,,,,,,,,,,,,,,,,,,,,-2.2958199742467635,556,52
2026-27,football,Empire 8 (E8),e8,Brockport,"Caraballo,Dylan",Dylan,Caraballo,,78,"Caraballo,Dylan","CARABALLO,DYLAN",Brockport,BPT,652-7956,4,0,1,1,0,WR,0,0,,,,,,,,0,1,0,1,1,.0,.0,.0,0,0,0,0,0,0,0,0,0,0,0,0,0,0,0,0,,,,,,,,,,,,,,,,,,,,,,,,,,,,,,,,,,,,,,,,,,,,,,,,,,5,33,0,14,6.6,,,,,,,,,,,,,,,,,,,,,,,,,,,,,,,,,,,,,,,,,,,-2.3008790330291635,557,52
2026-27,football,Empire 8 (E8),e8,St. John Fisher,Shane Zaletofsky,Shane,Zaletofsky,,601,Shane Zaletofsky,"ZALETOFSKY,SHANE",St. John Fisher,ST. JOHN,1009-5904,2,0,22,22,0,0,0,0,,,,,,,,0,0,1,1,1,.0,.0,.0,0,0,0,0,0,0,0,0,0,0,0,0,0,0,0,0,,,,,,,,,,,,,,,,,,,,,,,,,,2,1,3,2,0,3,.5,.5,,,,,,,,,,,,,,,,,,,,,,,,,,,,,,,,,,,,,,,,,,,,,,,,,,,,,,,,,,,,,,,,-2.4022419482265964,558,52
2026-27,football,Empire 8 (E8),e8,Utica,"Pallouras,Matthew",Matthew,Pallouras,,733,"Pallouras,Matthew","PALLOURAS,MATTHEW",Utica,UTC,1010-6632,4,0,16,16,0,QB,0,0,,,,,,,,0,0,0,0,0,.0,.0,.0,0,0,0,0,0,0,0,0,0,0,0,0,0,0,0,0,,,,,,,,,,,,,,0,1,0,0,0,0,0,0,0,6,6,1.5,7,10,16,6,1,7,1.4,2.5,6,1,0,0,0,0,0,0,NaN,.00,.00,.0,,,1,0,,,,,,,,,,,,,,,,,,,,,,,,,,,,,,,,,,,,,,,,,,,,,,,,-2.4863927241148045,559,52
2026-27,football,Empire 8 (E8),e8,Utica,"Kiernan,Shane",Shane,Kiernan,,733,"Kiernan,Shane","KIERNAN,SHANE",Utica,UTC,0,1,0,7,7X,0,QB,0,0,,,,,,,,,,,,,,,,,,,,,,,,,,,,,,,,,,,,,,,,,,,,,,,,,,,,,,,,,1,2,2,0,0,2,2.0,2.0,0,0,0,0,0,0,5,0,.0,.00,.00,.0,,,,,,,,,,,,,,,,,,,,,,,,,,,,,,,,,,,,,,,,,,,,,,,,,,,,-2.505663719589551,560,52
2026-27,football,Empire 8 (E8),e8,Alfred St.,"Rogers,Liam",Liam,Rogers,,30170,"Rogers,Liam","ROGERS,LIAM",Alfred St.,ASC,1447-2776,4,4,88,88,0,TE,0,0,,,,,,,,0,1,2,3,3,.0,.0,.0,0,0,0,0,0,0,0,0,1,0,0,0,0,0,0,0,,,,,,,,,,,,,,,,,,,,,,,,,,,,,,,,,,,,,,,,,,,,,,,,,,2,32,0,32,16.0,,,,,,,,,,,,1,0,0,0,.0,,,,,,,,,,,,,,,,,,,,,,,,,,,-2.528982339649694,561,51
2026-27,football,Empire 8 (E8),e8,Alfred St.,"Asberry,Marcus",Marcus,Asberry,,30170,"Asberry,Marcus","ASBERRY,MARCUS",Alfred St.,ASC,1447-3113,3,0,4,4,0,WR,0,0,,,,,,,,0,1,0,1,1,.0,.0,.0,0,0,0,0,0,0,0,0,0,0,0,0,0,0,0,0,,,,,,,,,,,,,,,,,,,,,,,,,,,,,,,,,,,,,,,,,,,,,,,,,,1,5,0,5,5.0,,,,,,,,,,,,,,,,,,,,,,,,,,,,,,,,,,,,,,,,,,,-2.563848730427024,562,51
2026-27,football,Empire 8 (E8),e8,Brockport,"Fleischmann,Richard",Richard,Fleischmann,,78,"Fleischmann,Richard","FLEISCHMANN,RICHARD",Brockport,BPT,652-6991,2,0,47,47,0,FB,0,0,,,,,,,,0,1,0,1,1,.0,.0,.0,0,0,0,0,0,0,0,0,0,0,0,0,0,0,0,0,,,,,,,,,,,,,,,,,,,,,,,,,,,,,,,,,,,,,,,,,,,,,,,,,,0,0,0,0,.0,,,,,,,,,,,,,,,,,,,,,,,,,,,,,,,,,,,,,,,,,,,-2.6108076049623556,563,51
2026-27,football,Empire 8 (E8),e8,Alfred,"Bidwell,Steven",Steven,Bidwell,,18,"Bidwell,Steven","BIDWELL,STEVEN",Alfred,ALF,1003-4840,4,0,33,33,0,RB,0,0,,,,,,,,0,0,1,1,1,.0,.0,.0,0,0,0,0,0,0,0,0,0,0,0,0,0,0,0,0,,,,,,,,,,,,,,,,,,,,,,,,,,23,81,85,4,0,17,3.5,20.3,,,,,,,,,,,,,,,,,4,17,0,9,4.3,,,,,,,,,,,,,,,,,,,,,,,,,,,,,,,,,,,,,,,,,,,-2.6118527592462844,564,51
2026-27,football,Empire 8 (E8),e8,Hartwick,"Posillico,Alex",Alex,Posillico,,273,"Posillico,Alex","POSILLICO,ALEX",Hartwick,HC,1005-3478,4,3,47,47,0,TE,0,0,,,,,,,,0,0,1,1,1,.0,.0,.0,0,0,0,0,0,0,0,0,0,0,0,0,0,0,0,0,,,,,,,,,,,,,,,,,,,,,,,,,,,,,,,,,,,,,,,,,,,,,,,,,,1,-3,0,0,-3.0,,,,,,,,,,,,,,,,,,,,,,,,,,,,,,,,,,,,,,,,,,,-2.6389829296835554,565,51
2026-27,football,Empire 8 (E8),e8,Alfred,"Bronco,Dominic",Dominic,Bronco,,18,"Bronco,Dominic","BRONCO,DOMINIC",Alfred,ALF,1003-4857,4,0,12,12,0,0,0,0,,,,,,,,0,0,0,0,0,.0,.0,.0,0,0,0,0,0,0,0,0,0,0,0,0,0,0,0,0,,,,,,,,,,,,,,7,0,3,0,0,0,0,0,0,16,16,4,0,0,0,0,0,0,.0,.0,,,,,,,,,,,,,,,,,,,,,,,,,,,,,,,,,,,,,,7,7,0,0,0,0,0,0,0,0,0,0,,,,,3,4,41,0,75.0,,,,,,-2.6637747638641716,566,51
2026-27,football,Empire 8 (E8),e8,Alfred St.,"Isaac,Maddox",Maddox,Isaac,,30170,"Isaac,Maddox","ISAAC,MADDOX",Alfred St.,ASC,1447-3908,2,0,18,18,0,QB,0,0,,,,,,,,0,0,0,0,0,.0,.0,.0,0,0,0,0,0,0,0,0,0,0,0,0,0,0,0,0,,,,,,,,,,,,,,0,1,0,0,0,0,0,0,0,6,6,3,5,38,38,0,1,19,7.6,19.0,0,0,18,0,34,0,4,2,121.4,8.50,17.00,17.0,,,,,,,,,,,,,,,,,,,,,,,,,,,,,,,,,,,,,,,,,,,,,,,,,,,,-2.675757928861162,567,51
2026-27,football,Empire 8 (E8),e8,Morrisville,"Marland,Cale",Cale,Marland,,30067,"Marland,Cale","MARLAND,CALE",Morrisville,MOR,1388-2527,4,1,18,18,0,TE,0,0,,,,,,,,0,0,0,0,0,.0,.0,.0,0,0,0,0,0,0,0,0,0,0,0,0,0,0,0,0,,,,,,,,,,,,,,,,,,,,,,,,,,,,,,,,,,,,,,,,,,,,,,,,,,2,-1,0,1,-.5,,,,,,,,,,,,,,,,,,,,,,,,,,,,,,,,,,,,,,,,,,,-2.708461616151214,568,51
2026-27,football,Empire 8 (E8),e8,Brockport,"Matthew,John",John,Matthew,,78,"Matthew,John","MATTHEW,JOHN",Brockport,BPT,652-6998,3,0,8,8O,0,FB,0,0,,,,,,,,0,1,1,2,2,.0,.0,.0,0,0,0,0,0,0,0,0,0,0,0,0,0,0,0,0,,,,,,,,,,,,,,,,,,,,,,,,,,0,0,0,0,0,0,.0,.0,,,,,,,,,,,,,,,,,,,,,,,,,,,,,,,,,0,0,0,0,.0,,,,,,,,,,,,,,,,,,,,,,,,,,,-2.718295585070872,569,51
2026-27,football,Empire 8 (E8),e8,Cortland,Brady Ciano,Brady,Ciano,,168,Brady Ciano,"CIANO,BRADY",Cortland,COR,1168-6585,4,0,19,19,0,0,0,0,,,,,,,,0,0,0,0,0,.0,.0,.0,0,0,0,0,0,0,0,0,0,0,0,0,0,0,0,0,,,,,,,,,,,,,,0,1,0,0,0,0,0,0,0,6,6,1.5,5,91,91,0,1,47,18.2,22.8,0,0,0,0,0,0,1,0,.0,.00,.00,.0,,,,,,,,,,,,,,,,,,,,,,,,,,,,,,,,,,,,,,,,,,,,,,,,,,,,-2.7366843080146337,570,51
2026-27,football,Empire 8 (E8),e8,Morrisville,"Watson,Logan",Logan,Watson,,30067,"Watson,Logan","WATSON,LOGAN",Morrisville,MOR,1388-2574,4,4,16,16,0,QB,0,0,,,,,,,,0,1,0,1,1,.0,.0,.0,0,0,0,0,0,0,0,0,0,0,0,0,0,0,0,0,,,,,,,,,,,,,,0,1,0,0,0,0,0,0,0,6,6,1.5,17,41,65,24,1,13,2.4,10.3,24,4,82,4,591,5,94,60,120.0,6.29,9.85,147.8,,,1,1,,,,,,,,,,,,,,,,,,,,,,0,0,0,0,2,1,2,1,0,0,0,0,,,,,,,,,,,,,,,-2.941551731043969,571,51
2026-27,football,Empire 8 (E8),e8,Brockport,"Gocella,Ben",Ben,Gocella,,78,"Gocella,Ben","GOCELLA,BEN",Brockport,BPT,652-7014,4,3,14,14,0,QB,0,0,,,,,,,,,,,,,,,,,,,,,,,,,,,,,,,,,,,,,,,,,,,,,,,,,,,,,,,,,3,-9,1,10,0,1,-3.0,-2.3,10,2,43,2,278,5,36,25,124.9,7.72,11.12,69.5,,,,,,,,,,,,,,,,,,,,,,,,,,,,,,,,,,,,,,,,,,,,,,,,,,,,-2.952242634979464,572,51
2026-27,football,Empire 8 (E8),e8,Utica,"Schaefer,Colton",Colton,Schaefer,,733,"Schaefer,Colton","SCHAEFER,COLTON",Utica,UTC,0,1,0,3,3X,0,WR,0,0,,,,,,,,0,0,0,0,0,.0,.0,.0,0,0,0,0,0,0,0,0,0,0,0,0,0,0,0,0,,0,0,0,0,.0,,,,,,,,,,,,,,,,,,,,,,,,,,,,,,,,,,,,,,,,,,,,0,0,0,0,.0,,,,,,,,,,,,,,,,,,,,,,,,,,,,,,,,,,,,,,,,,,,-2.954646941425989,573,50
2026-27,football,Empire 8 (E8),e8,Cortland,"Galea,Craig",Craig,Galea,,168,"Galea,Craig","GALEA,CRAIG",Cortland,COR,1168-6015,3,0,17,17,0,QB,0,0,,,,,,,,0,0,0,0,0,.0,.0,.0,0,0,0,0,0,0,0,0,0,0,0,0,0,0,0,0,,,,,,,,,,,,,,0,1,0,0,0,0,0,0,0,6,6,2,4,-1,8,9,1,7,-.3,-.3,5,1,39,1,51,1,9,4,106.5,5.67,12.75,17.0,,,,,,,,,,,,,,,,,,,,,,,,,,,,,,,,,,,,,,,,,,,,,,,,,,,,-3.163549614240022,574,50
2026-27,football,Empire 8 (E8),e8,Brockport,"Williams,Nathan",Nathan,Williams,,78,"Williams,Nathan","WILLIAMS,NATHAN",Brockport,BPT,652-7441,2,0,18,18,0,WR,0,0,,,,,,,,0,0,0,0,0,.0,.0,.0,0,0,0,0,0,0,0,0,0,0,0,0,0,0,0,0,,,,,,,,,,,,,,,,,,,,,,,,,,,,,,,,,,,,,,,,,,,,,,,,1,1,2,22,0,21,11.0,,,,,,,,,,,,,,,,,,,,,,,,,,,,,,,,,,,,,,,,,,,-3.3885963858554975,575,50
2026-27,football,Empire 8 (E8),e8,Alfred St.,"Henderson,Gevonne",Gevonne,Henderson,,30170,"Henderson,Gevonne","HENDERSON,GEVONNE",Alfred St.,ASC,1447-3931,4,0,35,35,0,RB,0,0,,,,,,,,0,0,0,0,0,.0,.0,.0,0,0,0,0,0,0,0,0,0,0,0,0,0,0,0,0,,,,,,,,,,,,,,,,,,,,,,,,,,3,15,15,0,0,10,5.0,3.8,,,,,,,,,,,,,,,1,1,,,,,,,,,,,,,,,,,2,28,0,27,14.0,,,,,,,,,,,,,,,,,,,,,,,,,,,-3.4006132315135256,576,50
2026-27,football,Empire 8 (E8),e8,Morrisville,"Augustin,Christ",Christ,Augustin,,30067,"Augustin,Christ","AUGUSTIN,CHRIST",Morrisville,MOR,1388-3007,2,0,50,50,0,0,0,0,,,,,,,,0,0,0,0,0,.0,.0,.0,0,0,0,0,0,0,0,0,0,0,0,0,0,0,0,0,,,,,,,,,,,,,,3,0,0,0,0,0,0,0,0,3,3,1.5,,,,,,,,,,,,,,,,,,,,,,,,,,,,,,1,26,26,0,0,1,0,0,26.0,,,,,,,,4,3,0,0,0,0,0,0,0,0,0,0,,,,,0,1,0,0,.0,,,,,,-4.030702707667456,577,50
2026-27,football,Empire 8 (E8),e8,Morrisville,"Forte,William",William,Forte,,30067,"Forte,William","FORTE,WILLIAM",Morrisville,MOR,1388-2991,2,0,13,13,0,QB,0,0,,,,,,,,0,0,0,0,0,.0,.0,.0,0,0,0,0,0,0,0,0,0,0,0,0,0,0,0,0,,,,,,,,,,,,,,,,,,,,,,,,,,4,-6,4,10,0,3,-1.5,-3.0,8,2,40,0,96,1,24,10,66.9,4.00,9.60,48.0,,,1,1,,,,,,,,,,,,,,,,,,,,,,,,,,,,,,,,,,,,,,,,,,,,,,,,-5.00908436408554,578,50
