season,sport,conference,conference_code,team,player_name,first_name,last_name,position,team_code,name,checkname,team_name,team_id,sdrm_id,games_played,games_started,uniform,code,year,offensive_position,defensive_position,active,rush_stats,pass_stats,receiving_stats_number,receiving_stats_yards,receiving_stats_touchdowns,receiving_stats_longest_reception,receiving_stats_avg_per_reception,punt_stats,kickoff_stats,fieldgoal_stats,pat_stats,defense_stats_interception_return_yards,defense_stats_unassisted_tackles,defense_stats_assisted_tackles,defense_stats_tackles,defense_stats_total_tackles,defense_stats_tackles_for_loss,defense_stats_tackles_for_loss_per_game,defense_stats_tackles_per_game,defense_stats_unassisted_tackles_for_loss,defense_stats_assisted_tackles_for_loss,defense_stats_tackle_yards_for_loss,defense_stats_sacks,defense_stats_unassisted_sacks,defense_stats_assisted_sacks,defense_stats_sack_yards_for_loss,defense_stats_pass_breakups,defense_stats_fumbles_forced,defense_stats_quarterback_hurries,defense_stats_safeties_scored,defense_stats_blocked_kicks,defense_stats_fumbles_recovered,defense_stats_fumble_return_yards,defense_stats_interceptions,defense_stats_passes_defended,kickreturn_stats,puntreturn_stats_number,puntreturn_stats_yards,puntreturn_stats_touchdowns,puntreturn_stats_longest_punt_return,puntreturn_stats_avg_per_return,interception_return_stats,fumblereturn_stats,fumble_stats_number,fumble_stats_number_lost,scoring_stats_pat_kicks,scoring_stats_touchdowns,scoring_stats_fieldgoals,scoring_stats_safeties,scoring_stats_pat_rushes,scoring_stats_pat_receptions,scoring_stats_pat_kick_returns,scoring_stats_pat_fumble_returns,scoring_stats_rouges,scoring_stats_points,scoring_stats_all_points,scoring_stats_points_per_game,rush_stats_attempts,rush_stats_net_yards,rush_stats_yards_gained,rush_stats_yards_lost,rush_stats_touchdowns,rush_stats_longest_rush,rush_stats_avg_per_play,rush_stats_avg_per_game,punt_stats_number,punt_stats_yards,punt_stats_longest_punt,punt_stats_blocked,punt_stats_touchbacks,punt_stats_fair_catches,punt_stats_fifty_plus_yards,punt_stats_inside_twenty,punt_stats_avg_per_punt,kickreturn_stats_number,kickreturn_stats_yards,kickreturn_stats_touchdowns,kickreturn_stats_longest_kickoff_return,kickreturn_stats_avg_per_return,receiving_stats,puntreturn_stats,fumble_stats,scoring_stats,pass_stats_yards_lost_by_sacks,pass_stats_sacked,pass_stats_longest_pass,pass_stats_touchdowns,pass_stats_yards,pass_stats_interceptions,pass_stats_attempts,pass_stats_completions,pass_stats_efficiency,pass_stats_avg_per_pass,pass_stats_avg_per_catch,pass_stats_avg_per_game,interception_return_stats_number,interception_return_stats_yards,interception_return_stats_touchdowns,interception_return_stats_longest,interception_return_stats_avg_per_return,defense_stats,kickoff_stats_number,kickoff_stats_yards,kickoff_stats_out_of_bounds,kickoff_stats_touchbacks,kickoff_stats_avg_per_kickoff,fieldgoal_stats_made,fieldgoal_stats_attempts,fieldgoal_stats_longest_fieldgoal,fieldgoal_stats_blocked,fieldgoal_stats_percentage,pat_stats_kick_attempts,pat_stats_kicks_made,pat_stats_rush_attempts,pat_stats_rushes_made,pat_stats_pass_attempts,pat_stats_passes_made,pat_stats_reception_attempts,pat_stats_receptions_made,pat_stats_defensive_return_attempts,pat_stats_defensive_returns_made,pat_stats_defensive_blocked_kick_return_attempts,pat_stats_devensive_blocked_kick_returns_made,fumblereturn_stats_number,fumblereturn_stats_yards,fumblereturn_stats_touchdowns,fumblereturn_stats_longest_interception_return,composite_score,global_rank,rating
2026-27,football,Heartland Collegiate Athletic Conference (HCAC),hcac,Rose-Hulman,"Fleck,William",William,Fleck,,585,"Fleck,William","FLECK,WILLIAM",Rose-Hulman,RHI,1038-5023,3,3,43,43,0,0,DL,0,,,,,,,,,,,,0,10,2,12,12,7.0,.0,.0,7,0,33,6,6,0,31,1,2,1,0,0,0,0,0,1,,,,,,,,,,,,,,,,,,,,,,,,,,,,,,,,,,,,,,,,,,,,,,,,,,,,,,,,,,,,,,,,,,,,,,,,,,,,,,,,,,,,,,,,,,,,,12.53374216060644,1,99
2026-27,football,Heartland Collegiate Athletic Conference (HCAC),hcac,Anderson,"Jackson,Azhari",Azhari,Jackson,,939,"Jackson,Azhari","JACKSON,AZHARI",Anderson,AND,0,3,2,94,94,0,0,DL,0,,,,,,,,,,,,0,7,6,13,13,5.0,.0,.0,5,0,35,5,5,0,35,0,0,7,0,0,0,0,0,0,,,,,,,,,,,,,,,,,,,,,,,,,,,,,,,,,,,,,,,,,,,,,,,,,,,,,,,,,,,,,,,,,,,,,,,,,,,,,,,,,,,,,,,,,,,,,9.458787628793283,2,99
2026-27,football,Heartland Collegiate Athletic Conference (HCAC),hcac,Hanover,"Shively,Cole",Cole,Shively,,1115,"Shively,Cole","SHIVELY,COLE",Hanover,HAN,1035-2701,2,2,2,2A,0,0,DB,0,,,,,,,,,,,,21,8,1,9,9,2.0,.0,.0,2,0,2,0,0,0,0,1,1,0,0,0,0,0,2,3,,,,,,,,,,,,,,,,,,,,,,,,,,,,,,,,,,,,,,,,,,,,,,,,,,,,,,,,,,,,,2,21,0,21,10.5,,,,,,,,,,,,,,,,,,,,,,,,,,,,8.53875973385873,3,99
2026-27,football,Heartland Collegiate Athletic Conference (HCAC),hcac,Rose-Hulman,"Hastings,Austin",Austin,Hastings,,585,"Hastings,Austin","HASTINGS,AUSTIN",Rose-Hulman,RHI,1038-4990,3,3,40,40,0,0,LB,0,,,,,,,,,,,,0,7,9,16,16,.0,.0,.0,0,0,0,0,0,0,0,0,1,0,0,0,2,0,2,2,,,,,,,,,0,0,,,,,,,,,,,,,,,,,,,,,,,,,,,,,,,,,,,,,,,,,,,,,,,,,,,2,0,0,0,.0,,,,,,,,,,,,,,,,,,,,,,,,,,,,7.873701700826131,4,98
2026-27,football,Heartland Collegiate Athletic Conference (HCAC),hcac,Mount St. Joseph,"Blevins,Brady",Brady,Blevins,,8567,"Blevins,Brady","BLEVINS,BRADY",Mount St. Joseph,MSJ,1037-2955,3,3,8,8,0,0,DB,0,,,,,,,,,,,,-7,8,3,11,11,3.0,.0,.0,3,0,9,0,0,0,0,4,0,0,0,0,0,0,1,5,,,,,,,,,,,,,,,,,,,,,,,,,,,,,,,,,,,,,,,,,,,,,,,,,,,,,,,,,,,,,1,-7,0,0,-7.0,,,,,,,,,,,,,,,,,,,,,,,,,,,,7.83497472179158,5,98
2026-27,football,Heartland Collegiate Athletic Conference (HCAC),hcac,Anderson,"Hayes,Jaylen",Jaylen,Hayes,,939,"Hayes,Jaylen","HAYES,JAYLEN",Anderson,AND,0,3,2,0,00,0,0,DL,0,,,,,,,,,,,,0,10,13,23,23,5.5,.0,.0,4,3,22,2,1,2,9,1,0,8,0,0,0,0,0,1,,,,,,,,,,,,,,,,,,,,,,,,,,,,,,,,,,,,,,,,,,,,,,,,,,,,,,,,,,,,,,,,,,,,,,,,,,,,,,,,,,,,,,,,,,,,,7.709792688561482,6,98
2026-27,football,Heartland Collegiate Athletic Conference (HCAC),hcac,Mount St. Joseph,"De La Cruz,Dallas",Dallas,De La Cruz,,8567,"De La Cruz,Dallas","DE LA CRUZ,DALLAS",Mount St. Joseph,MSJ,1037-2965,3,3,27,27,0,0,0,0,,,8,62,2,16,7.8,,,,,0,0,1,1,1,.5,.0,.0,0,1,0,0,0,0,0,0,0,0,0,0,0,0,0,0,,,,,,,,,,,0,4,0,0,0,0,0,0,0,24,24,8,70,372,373,1,2,40,5.3,124.0,,,,,,,,,,,,,,,,,,,,,,,,,,,,,,,,,,,,,,,,,,,,,,,,,,,,,,,,,,,,,,,7.071794858481047,7,97
2026-27,football,Heartland Collegiate Athletic Conference (HCAC),hcac,Manchester,"Peruski,Canden",Canden,Peruski,,1192,"Peruski,Canden","PERUSKI,CANDEN",Manchester,MAN,1036-3026,3,3,0,0,0,0,LB,0,,,,,,,,,,,,0,16,6,22,22,5.0,.0,.0,4,2,26,2,2,0,17,1,0,0,0,0,0,0,0,1,,,,,,,,,,,,,,,,,,,,,,,,,,,,,,,,,,,,,,,,1,18,0,18,18.0,,,,,,,,,,,,,,,,,,,,,,,,,,,,,,,,,,,,,,,,,,,,,,,,,7.035581101755446,8,97
2026-27,football,Heartland Collegiate Athletic Conference (HCAC),hcac,Manchester,"Stephens,De'Marreia",De'Marreia,Stephens,,1192,"Stephens,De'Marreia","STEPHENS,DE'MARREIA",Manchester,MAN,1036-3096,3,3,4,4,0,0,DB,0,,,,,,,,,,,,0,17,11,28,28,1.0,.0,.0,1,0,2,0,0,0,0,1,0,0,0,0,0,0,1,2,,1,1,0,1,1.0,,,,,,,,,,,,,,,,,,,,,,,,,,,,,,,,,,,,,,,,,,,,,,,,,,,,,,,1,0,0,0,.0,,,,,,,,,,,,,,,,,,,,,,,,,,,,6.307398087326172,9,97
2026-27,football,Heartland Collegiate Athletic Conference (HCAC),hcac,Rose-Hulman,"Mauro,Anthony",Anthony,Mauro,,585,"Mauro,Anthony","MAURO,ANTHONY",Rose-Hulman,RHI,1038-4988,3,3,11,11,0,0,DB,0,,,,,,,,,,,,16,7,9,16,16,.0,.0,.0,0,0,0,0,0,0,0,3,0,0,0,0,0,0,1,4,,,,,,,,,,,,,,,,,,,,,,,,,,,,,,,,,,,,,,,,,,,,,,,,,,,,,,,,,,,,,1,16,0,16,16.0,,,,,,,,,,,,,,,,,,,,,,,,,,,,5.907986932258046,10,96
2026-27,football,Heartland Collegiate Athletic Conference (HCAC),hcac,Mount St. Joseph,"Schreiber,Jaxon",Jaxon,Schreiber,,8567,"Schreiber,Jaxon","SCHREIBER,JAXON",Mount St. Joseph,MSJ,1037-2533,3,3,2,2,0,QB,0,0,,,,,,,,,,,,0,0,0,0,0,.0,.0,.0,0,0,0,0,0,0,0,0,0,0,0,0,0,0,0,0,,,,,,,,,1,0,0,1,0,0,0,0,0,0,0,6,6,2,19,87,130,43,1,27,4.6,29.0,,,,,,,,,,,,,,,,,,,33,6,72,13,833,1,96,55,172.8,8.68,15.15,277.7,,,,,,,,,,,,,,,,,,,,,,,,,,,,,,,,,5.527597941538179,11,96
2026-27,football,Heartland Collegiate Athletic Conference (HCAC),hcac,Manchester,"Frazer,Bryson",Bryson,Frazer,,1192,"Frazer,Bryson","FRAZER,BRYSON",Manchester,MAN,1036-3001,3,2,15,15,0,0,DB,0,,,,,,,,,,,,33,5,5,10,10,2.0,.0,.0,2,0,10,0,0,0,0,1,0,0,0,0,0,0,1,2,,,,,,,,,,,,,,,,,,,,,,,,,,,,,,,,,,,,,,,,,,,,,,,,,,,,,,,,,,,,,1,33,0,33,33.0,,,,,,,,,,,,,,,,,,,,,,,,,,,,5.07384304833867,12,96
2026-27,football,Heartland Collegiate Athletic Conference (HCAC),hcac,Anderson,"Starks-Scott,Jarvis",Jarvis,Starks-Scott,,939,"Starks-Scott,Jarvis","STARKS-SCOTT,JARVIS",Anderson,AND,0,3,3,18,18,0,0,DB,0,,,,,,,,,,,,0,9,3,12,12,.5,.0,.0,0,1,1,0,0,0,0,2,0,0,0,0,0,0,1,3,,,,,,,,,,,,,,,,,,,,,,,,,,,,,,,,,,,,,,,,,,,,,,,,,,,,,,,,,,,,,1,0,0,0,.0,,,,,,,,,,,,,,,,,,,,,,,,,,,,5.071669035915681,13,95
2026-27,football,Heartland Collegiate Athletic Conference (HCAC),hcac,Rose-Hulman,"Coveliers,Joseph",Joseph,Coveliers,,585,"Coveliers,Joseph","COVELIERS,JOSEPH",Rose-Hulman,RHI,1038-5009,3,3,15,15,0,0,LB,0,,,,,,,,,,,,0,12,7,19,19,4.0,.0,.0,4,0,10,1,1,0,6,1,0,0,0,0,0,0,0,1,,,,,,,,,,,,,,,,,,,,,,,,,,,,,,,,,,,,,,,,,,,,,,,,,,,,,,,,,,,,,,,,,,,,,,,,,,,,,,,,,,,,,,,,,,,,,5.041862357958342,14,95
2026-27,football,Heartland Collegiate Athletic Conference (HCAC),hcac,Rose-Hulman,"Marsteller,Alexander",Alexander,Marsteller,,585,"Marsteller,Alexander","MARSTELLER,ALEXANDER",Rose-Hulman,RHI,1038-4865,3,3,5,5,0,RB,0,0,,,9,62,0,17,6.9,,,,,0,0,0,0,0,.0,.0,.0,0,0,0,0,0,0,0,0,0,0,0,0,0,0,0,0,,,,,,,,,,,0,4,0,0,0,0,0,0,0,24,24,8,45,188,197,9,4,22,4.2,62.7,,,,,,,,,,,,,,,,,,,,,,,,,,,,,,,,,,,,,,,,,,,,,,,,,,,,,,,,,,,,,,,4.5579665875280355,15,95
2026-27,football,Heartland Collegiate Athletic Conference (HCAC),hcac,Rose-Hulman,"Barnes,Antonio",Antonio,Barnes,,585,"Barnes,Antonio","BARNES,ANTONIO",Rose-Hulman,RHI,1038-4877,3,3,20,20,0,0,DB,0,,,,,,,,,,,,53,5,13,18,18,.5,.0,.0,0,1,0,0,0,0,0,0,0,0,0,0,0,0,1,1,,,,,,,,,,,0,1,0,0,0,0,0,0,0,6,6,2,,,,,,,,,,,,,,,,,,,,,,,,,,,,,,,,,,,,,,,1,53,1,53,53.0,,,,,,,,,,,,,,,,,,,,,,,,,,,,4.404593121953164,16,95
2026-27,football,Heartland Collegiate Athletic Conference (HCAC),hcac,Mount St. Joseph,"Rachel,Royce",Royce,Rachel,,8567,"Rachel,Royce","RACHEL,ROYCE",Mount St. Joseph,MSJ,1037-3627,3,3,10,1R,0,0,DL,0,,,,,,,,,,,,0,4,5,9,9,2.5,.0,.0,2,1,8,2.5,2,1,8,0,0,1,0,0,0,0,0,0,,,,,,,,,,,,,,,,,,,,,,,,,,,,,,,,,,,,,,,,,,,,,,,,,,,,,,,,,,,,,,,,,,,,,,,,,,,,,,,,,,,,,,,,,,,,,4.240463016755032,17,95
2026-27,football,Heartland Collegiate Athletic Conference (HCAC),hcac,Mount St. Joseph,"Pierce,Brady",Brady,Pierce,,8567,"Pierce,Brady","PIERCE,BRADY",Mount St. Joseph,MSJ,1037-2526,3,3,7,7D,0,0,S,0,,,,,,,,,,,,0,13,8,21,21,1.0,.0,.0,1,0,4,0,0,0,0,4,0,0,0,0,0,0,0,4,,,,,,,,,,,,,,,,,,,,,,,,,,,,,,,,,,,,,,,,,,,,,,,,,,,,,,,,,,,,,,,,,,,,,,,,,,,,,,,,,,,,,,,,,,,,,4.1913662960744595,18,94
2026-27,football,Heartland Collegiate Athletic Conference (HCAC),hcac,Hanover,"Roudebush,Eian",Eian,Roudebush,,1115,"Roudebush,Eian","ROUDEBUSH,EIAN",Hanover,HAN,1035-2239,3,3,17,17,0,QB,0,0,,,,,,,,,,,,0,0,0,0,0,.0,.0,.0,0,0,0,0,0,0,0,0,0,0,0,0,0,0,0,0,,,,,,,,,,,0,3,0,0,0,0,0,0,0,18,18,6,40,120,173,53,3,55,3.0,40.0,,,,,,,,,,,,,,,,,,,40,5,76,4,725,2,103,64,130.2,7.04,11.33,241.7,,,,,,,,,,,,,,,,,,,,,,,,,,,,,,,,,3.975163686648709,19,94
2026-27,football,Heartland Collegiate Athletic Conference (HCAC),hcac,Bluffton,"Carter,Zack",Zack,Carter,,987,"Carter,Zack","CARTER,ZACK",Bluffton,BLF,0,3,3,1,1,0,0,DB,0,,,,,,,,,,,,0,12,4,16,16,.0,.0,.0,0,0,0,0,0,0,0,0,0,0,0,0,0,0,1,1,,,,,,,,,,,0,0,0,0,0,0,1,0,0,2,2,0.67,,,,,,,,,,,,,,,,,,,,,,,,,,,,,,,,,,,,,,,1,0,0,0,.0,,,,,,,,,,,,0,0,0,0,0,0,0,0,0,0,1,1,,,,,3.8700939308525157,20,94
2026-27,football,Heartland Collegiate Athletic Conference (HCAC),hcac,Manchester,"Garner,Talen",Talen,Garner,,1192,"Garner,Talen","GARNER,TALEN",Manchester,MAN,1036-2836,3,3,54,54,0,0,DL,0,,,,,,,,,,,,0,3,9,12,12,3.0,.0,.0,1,4,20,1.5,1,1,19,0,0,0,0,0,0,0,0,0,,,,,,,,,,,,,,,,,,,,,,,,,,,,,,,,,,,,,,,,,,,,,,,,,,,,,,,,,,,,,,,,,,,,,,,,,,,,,,,,,,,,,,,,,,,,,3.5952762138365184,21,94
2026-27,football,Heartland Collegiate Athletic Conference (HCAC),hcac,Mount St. Joseph,"Fortkamp,Luke",Luke,Fortkamp,,8567,"Fortkamp,Luke","FORTKAMP,LUKE",Mount St. Joseph,MSJ,1037-2971,3,3,11,1F,0,0,LB,0,,,,,,,,,,,,0,6,12,18,18,1.5,.0,.0,1,1,2,0,0,0,0,3,0,0,0,0,0,0,0,3,,,,,,,,,,,,,,,,,,,,,,,,,,,,,,,,,,,,,,,,,,,,,,,,,,,,,,,,,,,,,,,,,,,,,,,,,,,,,,,,,,,,,,,,,,,,,3.470301636450068,22,94
2026-27,football,Heartland Collegiate Athletic Conference (HCAC),hcac,Mount St. Joseph,"Davis,Pryce",Pryce,Davis,,8567,"Davis,Pryce","DAVIS,PRYCE",Mount St. Joseph,MSJ,1037-2963,3,3,5,5D,0,0,DB,0,,,,,,,,,,,,67,5,2,7,7,1.0,.0,.0,1,0,1,0,0,0,0,0,0,0,0,0,0,0,1,1,,,,,,,,,,,,,,,,,,,,,,,,,,,,,,,,,,,,,,,,,,,,,,,,,,,,,,,,,,,,,1,67,0,67,67.0,,,,,,,,,,,,,,,,,,,,,,,,,,,,3.440800235720168,23,94
2026-27,football,Heartland Collegiate Athletic Conference (HCAC),hcac,Hanover,"Burchman-Jones,Keetan",Keetan,Burchman-Jones,,1115,"Burchman-Jones,Keetan","BURCHMAN-JONES,KEETAN",Hanover,HAN,1035-2409,3,3,90,90,0,0,DL,0,,,,,,,,,,,,0,4,1,5,5,3.0,.0,.0,3,0,19,2,2,0,18,0,1,1,0,0,0,0,0,0,,,,,,,,,,,,,,,,,,,,,,,,,,,,,,,,,,,,,,,,,,,,,,,,,,,,,,,,,,,,,,,,,,,,,,,,,,,,,,,,,,,,,,,,,,,,,3.4359731721792777,24,94
2026-27,football,Heartland Collegiate Athletic Conference (HCAC),hcac,Rose-Hulman,"LeCrone,Jack",Jack,LeCrone,,585,"LeCrone,Jack","LECRONE,JACK",Rose-Hulman,RHI,1038-4867,3,0,44,44,0,0,LB,0,,,,,,,,,,,,0,9,3,12,12,.0,.0,.0,0,0,0,0,0,0,0,0,0,0,0,0,0,0,1,1,,,,,,,,,,,,,,,,,,,,,,,,,,,,,,,,,,,,,,,,,,,,,,,,,,,,,,,,,,,,,1,0,0,0,.0,,,,,,,,,,,,,,,,,,,,,,,,,,,,3.4090809839806244,25,94
2026-27,football,Heartland Collegiate Athletic Conference (HCAC),hcac,Anderson,"Watkins,Kurtis",Kurtis,Watkins,,939,"Watkins,Kurtis","WATKINS,KURTIS",Anderson,AND,0,3,2,1,01,0,0,LB,0,,,,,,,,,,,,0,13,5,18,18,2.5,.0,.0,2,1,5,1,1,0,3,0,0,4,0,0,0,0,0,0,,,,,,,,,,,,,,,,,,,,,,,,,,,,,,,,,,,,,,,,,,,,,,,,,,,,,,,,,,,,,,,,,,,,,,,,,,,,,,,,,,,,,,,,,,,,,3.335333301111082,26,93
2026-27,football,Heartland Collegiate Athletic Conference (HCAC),hcac,Franklin,"Servies,Drew",Drew,Servies,,2694,"Servies,Drew","SERVIES,DREW",Franklin,FRA,1034-2018,3,3,31,31,0,0,LB,0,,,,,,,,,,,,0,17,14,31,31,1.0,.0,.0,0,2,3,0,0,0,0,1,0,0,0,0,0,0,0,1,,,,,,,,,,,,,,,,,,,,,,,,,,,,,,,,,,,,,,,,,,,,,,,,,,,,,,,,,,,,,,,,,,,,,,,,,,,,,,,,,,,,,,,,,,,,,3.3060056618486566,27,93
2026-27,football,Heartland Collegiate Athletic Conference (HCAC),hcac,Anderson,"Kelly,Brayden",Brayden,Kelly,,939,"Kelly,Brayden","KELLY,BRAYDEN",Anderson,AND,0,3,1,8,08,0,0,DB,0,,,,,,,,,,,,0,2,3,5,5,.0,.0,.0,0,0,0,0,0,0,0,1,0,0,0,0,0,0,1,2,,,,,,,,,,,,,,,,,,,,,,,,,,,,,,,,,,,,,,,,,,,,,,,,,,,,,,,,,,,,,1,0,0,0,.0,,,,,,,,,,,,,,,,,,,,,,,,,,,,3.281605994089992,28,93
2026-27,football,Heartland Collegiate Athletic Conference (HCAC),hcac,Bluffton,"Brown,Tallon",Tallon,Brown,,987,"Brown,Tallon","BROWN,TALLON",Bluffton,BLF,0,3,0,29,29,0,0,DL,0,,,,,,,,,,,,0,3,0,3,3,2.0,.0,.0,2,0,17,2,2,0,17,1,0,1,0,0,0,0,0,1,,,,,,,,,,,,,,,,,,,,,,,,,,,,,,,,,,,,,,,,,,,,,,,,,,,,,,,,,,,,,,,,,,,,,,,,,,,,,,,,,,,,,,,,,,,,,3.276778930549101,29,93
2026-27,football,Heartland Collegiate Athletic Conference (HCAC),hcac,Hanover,"Smith,Hosia",Hosia,Smith,,1115,"Smith,Hosia","SMITH,HOSIA",Hanover,HAN,1035-2466,3,3,95,95,0,0,DL,0,,,,,,,,,,,,0,5,8,13,13,2.5,.0,.0,1,3,4,0.5,0,1,0,1,0,2,0,0,1,4,0,1,,,,,,,,,0,0,0,1,0,0,0,0,0,0,0,6,6,2,,,,,,,,,,,,,,,,,,,,,,,,,,,,,,,,,,,,,,,,,,,,,,,,,,,,,,,,,,,,,,,,,,,1,4,1,4,3.2143330170234083,30,93
2026-27,football,Heartland Collegiate Athletic Conference (HCAC),hcac,Mount St. Joseph,"Julian,Logan",Logan,Julian,,8567,"Julian,Logan","JULIAN,LOGAN",Mount St. Joseph,MSJ,1037-2983,3,3,34,34,0,0,LB,0,,,,,,,,,,,,0,7,12,19,19,3.0,.0,.0,3,0,4,0,0,0,0,1,0,2,0,0,0,0,0,1,,,,,,,,,,,,,,,,,,,,,,,,,,,,,,,,,,,,,,,,,,,,,,,,,,,,,,,,,,,,,,,,,,,,,,,,,,,,,,,,,,,,,,,,,,,,,3.1389376918917984,31,93
2026-27,football,Heartland Collegiate Athletic Conference (HCAC),hcac,Manchester,"Moore,Steaver",Steaver,Moore,,1192,"Moore,Steaver","MOORE,STEAVER",Manchester,MAN,1036-3021,3,3,6,6X,0,WR,0,0,,,9,217,4,49,24.1,,,,,0,0,1,1,1,.0,.0,.0,0,0,0,0,0,0,0,0,0,0,0,0,0,0,0,0,,,,,,,,,,,0,4,0,0,0,0,0,0,0,24,24,8,,,,,,,,,,,,,,,,,,,,,,,,,,,,,,,,,,,,,,,,,,,,,,,,,,,,,,,,,,,,,,,,,,,,,,,2.909000605151745,32,93
2026-27,football,Heartland Collegiate Athletic Conference (HCAC),hcac,Bluffton,"Stribling,Tre",Tre,Stribling,,987,"Stribling,Tre","STRIBLING,TRE",Bluffton,BLF,0,3,3,11,11,0,0,DB,0,,,,,,,,,,,,0,1,4,5,5,.5,.0,.0,0,1,1,0,0,0,0,0,0,0,0,0,0,0,1,1,,,,,,,,,,,,,,,,,,,,,,,,,,,,,,,,,,,,,,,,,,,,,,,,,,,,,,,,,,,,,1,0,0,0,.0,,,,,,,,,,,,,,,,,,,,,,,,,,,,2.906301044619519,33,93
2026-27,football,Heartland Collegiate Athletic Conference (HCAC),hcac,Anderson,"Alexander,Kristrin",Kristrin,Alexander,,939,"Alexander,Kristrin","ALEXANDER,KRISTRIN",Anderson,AND,0,2,2,3,03,0,0,DB,0,,,,,,,,,,,,7,5,2,7,7,.0,.0,.0,0,0,0,0,0,0,0,0,0,0,0,0,0,0,1,1,,,,,,,,,,,,,,,,,,,,,,,,,,,,,,,,,,,,,,,,,,,,,,,,,,,,,,,,,,,,,1,7,0,7,7.0,,,,,,,,,,,,,,,,,,,,,,,,,,,,2.832814800390761,34,93
2026-27,football,Heartland Collegiate Athletic Conference (HCAC),hcac,Anderson,"Mackey,Shy",Shy,Mackey,,939,"Mackey,Shy","MACKEY,SHY",Anderson,AND,0,2,1,7,07,0,0,DB,0,,,,,,,,,,,,0,0,1,1,1,.0,.0,.0,0,0,0,0,0,0,0,1,0,0,0,0,0,0,1,2,,,,,,,,,,,,,,,,,,,,,,,,,,,,,,,,,,,,,,,,,,,,,,,,,,,,,,,,,,,,,1,0,0,0,.0,,,,,,,,,,,,,,,,,,,,,,,,,,,,2.820593047218101,35,92
2026-27,football,Heartland Collegiate Athletic Conference (HCAC),hcac,Mount St. Joseph,"Aston,Eli",Eli,Aston,,8567,"Aston,Eli","ASTON,ELI",Mount St. Joseph,MSJ,1037-2948,3,3,1,1,0,WR,0,0,,,15,326,5,72,21.7,,,,,0,0,0,0,0,.0,.0,.0,0,0,0,0,0,0,0,0,0,0,0,0,0,0,0,0,,3,84,1,69,28.0,,,1,1,0,6,0,0,0,0,0,0,0,36,36,12,1,0,0,0,0,0,.0,.0,2,49,41,0,0,0,0,1,24.5,2,36,0,22,18.0,,,,,,,,,,,,,,,,,,,,,,,,,,,,,,,,,,,,,,,,,,,,,,,,,2.7700137325303515,36,92
2026-27,football,Heartland Collegiate Athletic Conference (HCAC),hcac,Anderson,"Matthews,Gerald",Gerald,Matthews,,939,"Matthews,Gerald","MATTHEWS,GERALD",Anderson,AND,0,3,1,16,16,0,0,DB,0,,,,,,,,,,,,0,6,0,6,6,.0,.0,.0,0,0,0,0,0,0,0,0,0,0,0,0,0,0,1,1,,,,,,,,,,,,,,,,,,,,,,,,,,,,,,,,,,,,,,,,,,,,,,,,,,,,,,,,,,,,,1,0,0,0,.0,,,,,,,,,,,,,,,,,,,,,,,,,,,,2.7175615636727883,37,92
2026-27,football,Heartland Collegiate Athletic Conference (HCAC),hcac,Rose-Hulman,"Shryock,Alex",Alex,Shryock,,585,"Shryock,Alex","SHRYOCK,ALEX",Rose-Hulman,RHI,1038-5276,2,0,25,25,0,0,DB,0,,,,,,,,,,,,56,3,3,6,6,.0,.0,.0,0,0,0,0,0,0,0,0,0,0,0,0,0,0,1,1,,,,,,,,,,,0,1,0,0,0,0,0,0,0,6,6,3,,,,,,,,,,,,,,,,,,,,,,,,,,,,,,,,,,,,,,,1,56,1,56,56.0,,,,,,,,,,,,,,,,,,,,,,,,,,,,2.7175615636727883,38,92
2026-27,football,Heartland Collegiate Athletic Conference (HCAC),hcac,Manchester,"Landrum,Kameron",Kameron,Landrum,,1192,"Landrum,Kameron","LANDRUM,KAMERON",Manchester,MAN,1036-2662,2,1,9,9,0,0,LB,0,,,,,,,,,,,,0,2,1,3,3,2.0,.0,.0,2,0,9,2,2,0,9,0,0,0,0,0,0,0,0,0,,,,,,,,,,,,,,,,,,,,,,,,,,,,,,,,,,,,,,,,,,,,,,,,,,,,,,,,,,,,,,,,,,,,,,,,,,,,,,,,,,,,,,,,,,,,,2.5974812634139246,39,92
2026-27,football,Heartland Collegiate Athletic Conference (HCAC),hcac,Anderson,"Pleasant Jr.,Jayjouir",Jayjouir,Pleasant Jr.,,939,"Pleasant Jr.,Jayjouir","PLEASANT JR.,JAYJOUIR",Anderson,AND,0,3,3,19,19,0,0,LB,0,,,,,,,,,,,,0,8,3,11,11,2.5,.0,.0,2,1,10,1,1,0,5,0,0,1,0,0,0,0,0,0,,,,,,,,,,,,,,,,,,,,,,,,,,,,,,,,,,,,,,,,,,,,,,,,,,,,,,,,,,,,,,,,,,,,,,,,,,,,,,,,,,,,,,,,,,,,,2.5285606440852737,40,92
2026-27,football,Heartland Collegiate Athletic Conference (HCAC),hcac,Bluffton,"Wright,Dh'mari",Dh'mari,Wright,,987,"Wright,Dh'mari","WRIGHT,DH'MARI",Bluffton,BLF,0,3,3,14,14,0,0,DL,0,,,,,,,,,,,,0,4,7,11,11,2.5,.0,.0,2,1,3,1,1,0,1,0,0,0,0,0,0,0,0,0,,,,,,,,,,,,,,,,,,,,,,,,,,,,,,,,,,,,,,,,,,,,,,,,,,,,,,,,,,,,,,,,,,,,,,,,,,,,,,,,,,,,,,,,,,,,,2.5285606440852737,41,92
2026-27,football,Heartland Collegiate Athletic Conference (HCAC),hcac,Franklin,"Dorsey,Jace",Jace,Dorsey,,2694,"Dorsey,Jace","DORSEY,JACE",Franklin,FRA,1034-2579,3,0,4,4A,0,0,DB,0,,,,,,,,,,,,0,3,1,4,4,.0,.0,.0,0,0,0,0,0,0,0,0,0,0,0,0,0,0,1,1,,,,,,,,,,,,,,,,,,,,,,,,,,,,,,,,,,,,,,,,,,,,,,,,,,,,,,,,,,,,,1,0,0,0,.0,,,,,,,,,,,,,,,,,,,,,,,,,,,,2.4870550902368427,42,92
2026-27,football,Heartland Collegiate Athletic Conference (HCAC),hcac,Anderson,"Herron,Cam",Cam,Herron,,939,"Herron,Cam","HERRON,CAM",Anderson,AND,0,3,3,7,J7,0,WR,0,0,,,22,259,2,39,11.8,,,,,0,2,0,2,2,.0,.0,.0,0,0,0,0,0,0,0,0,0,0,0,0,0,0,0,0,,,,,,,,,1,0,0,2,0,0,0,0,0,0,0,12,12,4,,,,,,,,,,,,,,,,,,,,,,,,,,,,,,,,,,,,,,,,,,,,,,,,,,,,,,,,,,,,,,,,,,,,,,,2.4747156911071544,43,91
2026-27,football,Heartland Collegiate Athletic Conference (HCAC),hcac,Franklin,"Baker,Brayden",Brayden,Baker,,2694,"Baker,Brayden","BAKER,BRAYDEN",Franklin,FRA,1034-2574,3,3,11,11,0,0,LB,0,,,,,,,,,,,,0,14,7,21,21,2.5,.0,.0,2,1,5,0,0,0,0,0,0,1,0,0,0,0,0,0,,,,,,,,,,,,,,,,,,,,,,,,,,,,,,,,,,,,,,,,,,,,,,,,,,,,,,,,,,,,,,,,,,,,,,,,,,,,,,,,,,,,,,,,,,,,,2.386153780527864,44,91
2026-27,football,Heartland Collegiate Athletic Conference (HCAC),hcac,Mount St. Joseph,"Groeber,Josh",Josh,Groeber,,8567,"Groeber,Josh","GROEBER,JOSH",Mount St. Joseph,MSJ,1037-3190,2,0,32,3G,0,0,LB,0,,,,,,,,,,,,0,1,1,2,2,.0,.0,.0,0,0,0,0,0,0,0,0,0,0,0,0,0,0,1,1,,,,,,,,,,,,,,,,,,,,,,,,,,,,,,,,,,,,,,,,,,,,,,,,,,,,,,,,,,,,,1,0,0,0,.0,,,,,,,,,,,,,,,,,,,,,,,,,,,,2.2565486168008975,45,91
2026-27,football,Heartland Collegiate Athletic Conference (HCAC),hcac,Hanover,"Gyebi,Jason",Jason,Gyebi,,1115,"Gyebi,Jason","GYEBI,JASON",Hanover,HAN,1035-2659,3,3,35,3J,0,0,LB,0,,,,,,,,,,,,0,1,1,2,2,.0,.0,.0,0,0,0,0,0,0,0,0,0,0,0,0,0,0,1,1,,,,,,,,,,,,,,,,,,,,,,,,,,,,,,,,,,,,,,,,,,,,,,,,,,,,,,,,,,,,,1,0,0,0,.0,,,,,,,,,,,,,,,,,,,,,,,,,,,,2.2565486168008975,46,91
2026-27,football,Heartland Collegiate Athletic Conference (HCAC),hcac,Bluffton,"Walker,Quentin",Quentin,Walker,,987,"Walker,Quentin","WALKER,QUENTIN",Bluffton,BLF,0,3,3,32,32,0,0,DB,0,,,,,,,,,,,,0,13,6,19,19,1.5,.0,.0,1,1,5,0,0,0,0,1,1,0,0,0,1,0,0,1,,,,,,,,,,,,,,,,,,,,,,,,,,,,,,,,,,,,,,,,,,,,,,,,,,,,,,,,,,,,,,,,,,,,,,,,,,,,,,,,,,,,,,,,,,,,,2.2269595388976877,47,91
2026-27,football,Heartland Collegiate Athletic Conference (HCAC),hcac,Hanover,"Wall,Brian",Brian,Wall,,1115,"Wall,Brian","WALL,BRIAN",Hanover,HAN,1035-2474,3,3,28,28,0,0,DB,0,,,,,,,,,,,,0,12,7,19,19,1.5,.0,.0,1,1,5,0,0,0,0,1,0,0,0,0,0,0,0,1,,,,,,,,,,,,,,,,,,,,,,,,,,,,,,,,,,,,,,,,,,,,,,,,,,,,,,,,,,,,,,,,,,,,,,,,,,,,,,,,,,,,,,,,,,,,,2.2269595388976877,48,91
2026-27,football,Heartland Collegiate Athletic Conference (HCAC),hcac,Bluffton,"Gatlin,Savon",Savon,Gatlin,,987,"Gatlin,Savon","GATLIN,SAVON",Bluffton,BLF,0,3,3,90,90,0,0,DL,0,,,,,,,,,,,,0,7,4,11,11,1.0,.0,.0,1,0,7,1,1,0,7,0,0,0,0,0,1,4,0,0,,,,,,,,,0,0,,,,,,,,,,,,,,,,,,,,,,,,,,,,,,,,,,,,,,,,,,,,,,,,,,,,,,,,,,,,,,,,,,,,,,,,,,,,,,,1,4,0,4,2.040020338826744,49,91
2026-27,football,Heartland Collegiate Athletic Conference (HCAC),hcac,Manchester,"Gilbert,Culvin",Culvin,Gilbert,,1192,"Gilbert,Culvin","GILBERT,CULVIN",Manchester,MAN,1036-2661,3,3,89,89,0,0,DL,0,,,,,,,,,,,,0,6,5,11,11,1.5,.0,.0,1,1,15,1,1,0,14,0,0,1,0,0,0,0,0,0,,,,,,,,,,,,,,,,,,,,,,,,,,,,,,,,,,,,,,,,,,,,,,,,,,,,,,,,,,,,,,,,,,,,,,,,,,,,,,,,,,,,,,,,,,,,,1.920575208755866,50,91
2026-27,football,Heartland Collegiate Athletic Conference (HCAC),hcac,Mount St. Joseph,"Hunkus,Michael",Michael,Hunkus,,8567,"Hunkus,Michael","HUNKUS,MICHAEL",Mount St. Joseph,MSJ,1037-2503,3,3,0,0,0,WR,0,0,,,10,161,4,38,16.1,,,,,0,1,0,1,1,.0,.0,.0,0,0,0,0,0,0,0,0,0,0,0,0,0,0,0,0,,3,31,0,14,10.3,,,1,1,0,4,0,0,0,0,0,0,0,24,24,8,,,,,,,,,,,,,,,,,,,,,,,,,,,,,,,,,,,,,,,,,,,,,,,,,,,,,,,,,,,,,,,,,,,,,,,1.8983830127031696,51,91
2026-27,football,Heartland Collegiate Athletic Conference (HCAC),hcac,Franklin,"Durnil,Haden",Haden,Durnil,,2694,"Durnil,Haden","DURNIL,HADEN",Franklin,FRA,1034-2571,3,3,45,45,0,0,LB,0,,,,,,,,,,,,0,13,10,23,23,.5,.0,.0,0,1,1,0,0,0,0,0,0,1,0,0,1,0,0,0,,,,,,,,,0,0,,,,,,,,,,,,,,,,,,,,,,,,,,,,,,,,,,,,,,,,,,,,,,,,,,,,,,,,,,,,,,,,,,,,,,,,,,,,,,,,,,,1.8241272310405765,52,90
2026-27,football,Heartland Collegiate Athletic Conference (HCAC),hcac,Mount St. Joseph,"Sohns,Hunter",Hunter,Sohns,,8567,"Sohns,Hunter","SOHNS,HUNTER",Mount St. Joseph,MSJ,1037-3152,3,1,22,22,0,0,LB,0,,,,,,,,,,,,0,3,7,10,10,1.5,.0,.0,1,1,10,1,1,0,9,0,0,0,0,0,0,0,0,0,,,,,,,,,,,,,,,,,,,,,,,,,,,,,,,,,,,,,,,,,,,,,,,,,,,,,,,,,,,,,,,,,,,,,,,,,,,,,,,,,,,,,,,,,,,,,1.8053219720378932,53,90
2026-27,football,Heartland Collegiate Athletic Conference (HCAC),hcac,Rose-Hulman,"Shryock,Augustus",Augustus,Shryock,,585,"Shryock,Augustus","SHRYOCK,AUGUSTUS",Rose-Hulman,RHI,1038-4851,3,3,97,97,0,0,DL,0,,,,,,,,,,,,0,5,5,10,10,2.5,.0,.0,2,1,4,0,0,0,0,1,0,0,0,0,0,0,0,1,,,,,,,,,,,,,,,,,,,,,,,,,,,,,,,,,,,,,,,,,,,,,,,,,,,,,,,,,,,,,,,,,,,,,,,,,,,,,,,,,,,,,,,,,,,,,1.7976658437653406,54,90
2026-27,football,Heartland Collegiate Athletic Conference (HCAC),hcac,Rose-Hulman,"Cody,Avery",Avery,Cody,,585,"Cody,Avery","CODY,AVERY",Rose-Hulman,RHI,1038-5292,3,3,9,9,0,WR,0,0,,,18,248,2,37,13.8,,,,,0,0,0,0,0,.0,.0,.0,0,0,0,0,0,0,0,0,0,0,0,0,0,0,0,0,,,,,,,,,,,0,2,0,0,0,0,0,0,0,12,12,4,,,,,,,,,,,,,,,,,,,,,,,,,,,,,,,,,,,,,,,,,,,,,,,,,,,,,,,,,,,,,,,,,,,,,,,1.6887798614161726,55,90
2026-27,football,Heartland Collegiate Athletic Conference (HCAC),hcac,Anderson,"Yoder,Preston",Preston,Yoder,,939,"Yoder,Preston","YODER,PRESTON",Anderson,AND,0,3,3,17,A7,0,WR,0,0,,,16,244,2,37,15.3,,,,,0,0,0,0,0,.0,.0,.0,0,0,0,0,0,0,0,0,0,0,0,0,0,0,0,0,,,,,,,,,,,0,2,0,0,0,0,0,0,0,12,12,4,,,,,,,,,,,,,,,,,,,,,,,,,,,,,,,,,,,,,,,,,,,,,,,,,,,,,,,,,,,,,,,,,,,,,,,1.6407829492272807,56,90
2026-27,football,Heartland Collegiate Athletic Conference (HCAC),hcac,Hanover,"Lafferty,Ben",Ben,Lafferty,,1115,"Lafferty,Ben","LAFFERTY,BEN",Hanover,HAN,1035-2226,3,3,97,97,0,0,DL,0,,,,,,,,,,,,0,7,3,10,10,1.0,.0,.0,1,0,5,1,1,0,5,0,0,1,0,0,0,0,0,0,,,,,,,,,,,,,,,,,,,,,,,,,,,,,,,,,,,,,,,,,,,,,,,,,,,,,,,,,,,,,,,,,,,,,,,,,,,,,,,,,,,,,,,,,,,,,1.5013292543731895,57,90
2026-27,football,Heartland Collegiate Athletic Conference (HCAC),hcac,Franklin,"Bulmer,Haidyn",Haidyn,Bulmer,,2694,"Bulmer,Haidyn","BULMER,HAIDYN",Franklin,FRA,1034-2338,3,3,5,5,0,0,DB,0,,,,,,,,,,,,0,11,9,20,20,.0,.0,.0,0,0,0,0,0,0,0,1,1,0,0,1,0,0,0,1,,,,,,,,,,,,,,,,,,,,,,,,,,,,,,,,,,,,,,,,,,,,,,,,,,,,,,,,,,,,,,,,,,,,,,,,,,,,,,,,,,,,,,,,,,,,,1.4302346226215494,58,90
2026-27,football,Heartland Collegiate Athletic Conference (HCAC),hcac,Bluffton,"Bailey,Bradan",Bradan,Bailey,,987,"Bailey,Bradan","BAILEY,BRADAN",Bluffton,BLF,0,3,3,54,54,0,0,DL,0,,,,,,,,,,,,0,6,3,9,9,1.0,.0,.0,1,0,6,1,1,0,6,0,0,1,0,0,0,0,0,0,,,,,,,,,,,,,,,,,,,,,,,,,,,,,,,,,,,,,,,,,,,,,,,,,,,,,,,,,,,,,,,,,,,,,,,,,,,,,,,,,,,,,,,,,,,,,1.386076017655217,59,90
2026-27,football,Heartland Collegiate Athletic Conference (HCAC),hcac,Mount St. Joseph,"Nicholls,Riley",Riley,Nicholls,,8567,"Nicholls,Riley","NICHOLLS,RILEY",Mount St. Joseph,MSJ,1037-3198,3,0,42,42,0,0,DB,0,,,,,,,,,,,,0,6,8,14,14,1.0,.0,.0,0,2,6,0.5,0,1,5,0,0,0,0,0,0,0,0,0,,,,,,,,,,,,,,,,,,,,,,,,,,,,,,,,,,,,,,,,,,,,,,,,,,,,,,,,,,,,,,,,,,,,,,,,,,,,,,,,,,,,,,,,,,,,,1.3148725858765122,60,89
2026-27,football,Heartland Collegiate Athletic Conference (HCAC),hcac,Bluffton,"LePla,Adam",Adam,LePla,,987,"LePla,Adam","LEPLA,ADAM",Bluffton,BLF,0,3,3,19,1L,0,WR,0,0,,,6,102,1,34,17.0,,,,,,,,,,,,,,,,,,,,,,,,,,,,,,,,,,,,,,,0,1,0,0,0,0,0,0,0,6,6,2,,,,,,,,,,,,,,,,,,8,128,0,26,16.0,,,,,,,,,,,,,,,,,,,,,,,,,,,,,,,,,,,,,,,,,,,,,,,,,1.245881205588871,61,89
2026-27,football,Heartland Collegiate Athletic Conference (HCAC),hcac,Manchester,"Hagen,Shane",Shane,Hagen,,1192,"Hagen,Shane","HAGEN,SHANE",Manchester,MAN,1036-2421,3,3,25,25,0,0,LB,0,,,,,,,,,,,,0,7,12,19,19,1.0,.0,.0,0,2,3,0,0,0,0,0,0,2,0,0,0,0,0,0,,,,,,,,,,,,,,,,,,,,,,,,,,,,,,,,,,,,,,,,,,,,,,,,,,,,,,,,,,,,,,,,,,,,,,,,,,,,,,,,,,,,,,,,,,,,,1.2436691540978073,62,89
2026-27,football,Heartland Collegiate Athletic Conference (HCAC),hcac,Rose-Hulman,"Griffing,Rudy",Rudy,Griffing,,585,"Griffing,Rudy","GRIFFING,RUDY",Rose-Hulman,RHI,1038-5018,3,3,57,57,0,0,LB,0,,,,,,,,,,,,0,3,9,12,12,.5,.0,.0,0,1,1,0,0,0,0,1,1,1,0,0,1,0,0,1,,,,,,,,,0,0,0,1,0,0,0,0,0,0,0,6,6,2,,,,,,,,,,,,,,,,,,,,,,,,,,,,,,,,,,,,,,,,,,,,,,,,,,,,,,,,,,,,,,,,,,,1,0,1,0,1.235639294278053,63,89
2026-27,football,Heartland Collegiate Athletic Conference (HCAC),hcac,Anderson,"Gates,Cayden",Cayden,Gates,,939,"Gates,Cayden","GATES,CAYDEN",Anderson,AND,0,3,2,4,04,0,0,LB,0,,,,,,,,,,,,0,5,7,12,12,.0,.0,.0,0,0,0,0,0,0,0,2,0,0,0,1,0,0,0,2,,,,,,,,,,,,,,,,,,,,,,,,,,,,,,,,,,,,,,,,,,,,,,,,,,,,,,,,,,,,,,,,,,,,,,,,,,,,,,,,,,,,,,,,,,,,,1.1875063960129442,64,89
2026-27,football,Heartland Collegiate Athletic Conference (HCAC),hcac,Bluffton,"Curry,Travion",Travion,Curry,,987,"Curry,Travion","CURRY,TRAVION",Bluffton,BLF,0,3,1,8,8,0,0,LB,0,,,,,,,,,,,,0,10,3,13,13,2.0,.0,.0,2,0,2,0,0,0,0,0,0,1,0,0,0,0,0,0,,,,,,,,,,,,,,,,,,,,,,,,,,,,,,,,,,,,,,,,,,,,,,,,,,,,,,,,,,,,,,,,,,,,,,,,,,,,,,,,,,,,,,,,,,,,,1.1601351691193782,65,89
2026-27,football,Heartland Collegiate Athletic Conference (HCAC),hcac,Manchester,"Gaines,Dennis",Dennis,Gaines,,1192,"Gaines,Dennis","GAINES,DENNIS",Manchester,MAN,1036-3003,2,2,31,31,0,RB,0,0,,,,,,,,,,,,,,,,,,,,,,,,,,,,,,,,,,,,,,,,,,,,,,,,,,,,,,,,,,28,130,133,3,0,31,4.6,65.0,,,,,,,,,,,,,,,,,,,,,,,,,,,,,,,,,,,,,,,,,,,,,,,,,,,,,,,,,,,,,,,1.077973324433354,66,89
2026-27,football,Heartland Collegiate Athletic Conference (HCAC),hcac,Manchester,"Estrada,Angel",Angel,Estrada,,1192,"Estrada,Angel","ESTRADA,ANGEL",Manchester,MAN,1036-2419,3,0,83,83,0,0,0,0,,,,,,,,,,,,,,,,,,,,,,,,,,,,,,,,,,,,,,,,,,,,,,,,,,,,,,,,,,,,,,,,,,13,608,69,0,1,2,5,5,46.8,,,,,,,,,,,,,,,,,,,,,,,,,,,,,,,,,,,,,,,,,,,,,,,,,,,,,,1.054354461825962,67,89
2026-27,football,Heartland Collegiate Athletic Conference (HCAC),hcac,Manchester,"Hicks,Landon",Landon,Hicks,,1192,"Hicks,Landon","HICKS,LANDON",Manchester,MAN,1036-2620,3,3,7,7,0,0,DB,0,,,,,,,,,,,,0,7,6,13,13,.0,.0,.0,0,0,0,0,0,0,0,1,0,0,0,0,1,8,0,1,,,,,,,,,0,0,,,,,,,,,,,,,,,,,,,,,,,,,,,,,,,,,,,,,,,,,,,,,,,,,,,,,,,,,,,,,,,,,,,,,,,,,,,,,,,1,8,0,8,1.046899813331322,68,89
2026-27,football,Heartland Collegiate Athletic Conference (HCAC),hcac,Mount St. Joseph,"Walker,Ailjah",Ailjah,Walker,,8567,"Walker,Ailjah","WALKER,AILJAH",Mount St. Joseph,MSJ,1037-3454,3,3,95,95,0,0,DL,0,,,,,,,,,,,,0,1,7,8,8,1.0,.0,.0,0,2,2,0.5,0,1,1,0,0,0,0,0,1,0,0,0,,,,,,,,,0,0,,,,,,,,,,,,,,,,,,,,,,,,,,,,,,,,,,,,,,,,,,,,,,,,,,,,,,,,,,,,,,,,,,,,,,,,,,,,,,,,,,,1.0467910133042573,69,88
2026-27,football,Heartland Collegiate Athletic Conference (HCAC),hcac,Hanover,"Conover,Axel",Axel,Conover,,1115,"Conover,Axel","CONOVER,AXEL",Hanover,HAN,1035-2413,3,0,13,13,0,0,DB,0,,,,,,,,,,,,0,7,4,11,11,1.0,.0,.0,1,0,2,0,0,0,0,1,0,0,0,0,0,0,0,1,,,,,,,,,,,,,,,,,,,,,,,,,,,,,,,,,,,,,,,,,,,,,,,,,,,,,,,,,,,,,,,,,,,,,,,,,,,,,,,,,,,,,,,,,,,,,1.0009409274892023,70,88
2026-27,football,Heartland Collegiate Athletic Conference (HCAC),hcac,Rose-Hulman,"Zielke,Trevor",Trevor,Zielke,,585,"Zielke,Trevor","ZIELKE,TREVOR",Rose-Hulman,RHI,1038-4838,3,3,45,45,0,0,LB,0,,,,,,,,,,,,0,6,8,14,14,1.5,.0,.0,1,1,3,0,0,0,0,0,0,3,0,0,0,0,0,0,,,,,,,,,,,,,,,,,,,,,,,,,,,,,,,,,,,,,,,,,,,,,,,,,,,,,,,,,,,,,,,,,,,,,,,,,,,,,,,,,,,,,,,,,,,,,0.9713956881726475,71,88
2026-27,football,Heartland Collegiate Athletic Conference (HCAC),hcac,Anderson,"Hernandez,Damian",Damian,Hernandez,,939,"Hernandez,Damian","HERNANDEZ,DAMIAN",Anderson,AND,0,3,3,6,06,0,0,LB,0,,,,,,,,,,,,0,6,10,16,16,.0,.0,.0,0,0,0,0,0,0,0,1,0,1,0,0,0,0,0,1,,,,,,,,,,,,,,,,,,,,,,,,,,,,,,,,,,,,,,,,,,,,,,,,,,,,,,,,,,,,,,,,,,,,,,,,,,,,,,,,,,,,,,,,,,,,,0.9692216757496587,72,88
2026-27,football,Heartland Collegiate Athletic Conference (HCAC),hcac,Hanover,"Rand,Gavin",Gavin,Rand,,1115,"Rand,Gavin","RAND,GAVIN",Hanover,HAN,1035-2660,3,3,45,45,0,0,LB,0,,,,,,,,,,,,0,11,5,16,16,.0,.0,.0,0,0,0,0,0,0,0,1,0,0,0,0,0,0,0,1,,,,,,,,,,,,,,,,,,,,,,,,,,,,,,,,,,,,,,,,,,,,,,,,,,,,,,,,,,,,,,,,,,,,,,,,,,,,,,,,,,,,,,,,,,,,,0.9692216757496587,73,88
2026-27,football,Heartland Collegiate Athletic Conference (HCAC),hcac,Rose-Hulman,"Bell,Wyatt",Wyatt,Bell,,585,"Bell,Wyatt","BELL,WYATT",Rose-Hulman,RHI,1038-4876,3,3,22,22,0,0,DB,0,,,,,,,,,,,,0,5,5,10,10,.0,.0,.0,0,0,0,0,0,0,0,2,0,0,0,0,0,0,0,2,,,,,,,,,,,,,,,,,,,,,,,,,,,,,,,,,,,,,,,,,,,,,,,,,,,,,,,,,,,,,,,,,,,,,,,,,,,,,,,,,,,,,,,,,,,,,0.956999922576999,74,88
2026-27,football,Heartland Collegiate Athletic Conference (HCAC),hcac,Manchester,"Williams,Donovan",Donovan,Williams,,1192,"Williams,Donovan","WILLIAMS,DONOVAN",Manchester,MAN,1036-2866,3,3,1,1X,0,QB,0,0,,,,,,,,,,,,0,0,0,0,0,.0,.0,.0,0,0,0,0,0,0,0,0,0,0,0,0,0,0,0,0,,,,,,,,,2,0,0,1,0,0,0,0,0,0,0,6,6,2,28,82,126,44,1,24,2.9,27.3,,,,,,,,,,,,,,,,,,,31,6,59,6,555,3,75,40,133.9,7.40,13.88,185.0,,,,,,,,,,,,,,,,,0,0,0,0,1,1,1,1,0,0,0,0,,,,,0.9102464966273409,75,88
2026-27,football,Heartland Collegiate Athletic Conference (HCAC),hcac,Anderson,"Foor,Caleb",Caleb,Foor,,939,"Foor,Caleb","FOOR,CALEB",Anderson,AND,0,3,2,4,J4,0,QB,0,0,,,,,,,,,,,,0,0,0,0,0,.0,.0,.0,0,0,0,0,0,0,0,0,0,0,0,0,0,0,0,0,,,,,,,,,,,0,1,0,0,0,0,0,0,0,6,6,2,23,26,89,63,1,27,1.1,8.7,,,,,,,,,,,,,,,,,,,63,11,39,7,873,3,119,70,134.8,7.34,12.47,291.0,,,,,,,,,,,,,,,,,0,0,0,0,1,0,1,0,0,0,0,0,,,,,0.8713979956923257,76,88
2026-27,football,Heartland Collegiate Athletic Conference (HCAC),hcac,Hanover,"Marten,George",George,Marten,,1115,"Marten,George","MARTEN,GEORGE",Hanover,HAN,1035-2229,3,3,3,3A,0,0,DB,0,,,,,,,,,,,,0,12,6,18,18,.5,.0,.0,0,1,2,0,0,0,0,0,1,1,0,0,0,0,0,0,,,,,,,,,,,,,,,,,,,,,,,,,,,,,,,,,,,,,,,,,,,,,,,,,,,,,,,,,,,,,,,,,,,,,,,,,,,,,,,,,,,,,,,,,,,,,0.824423199715131,77,87
2026-27,football,Heartland Collegiate Athletic Conference (HCAC),hcac,Hanover,"Pasha,Saadiq",Saadiq,Pasha,,1115,"Pasha,Saadiq","PASHA,SAADIQ",Hanover,HAN,1035-2233,3,3,1,1,0,0,DB,0,,,,,,,,,,,,0,3,2,5,5,.0,.0,.0,0,0,0,0,0,0,0,2,0,0,0,0,1,0,0,2,,,,,,,,,0,0,,,,,,,,,,,,,,,,,,,,,,,,,,,,,,,,,,,,,,,,,,,,,,,,,,,,,,,,,,,,,,,,,,,,,,,,,,,,,,,,,,,0.804171586722717,78,87
2026-27,football,Heartland Collegiate Athletic Conference (HCAC),hcac,Manchester,"Puryear,Cameron",Cameron,Puryear,,1192,"Puryear,Cameron","PURYEAR,CAMERON",Manchester,MAN,1036-2851,3,0,2,2,0,0,DB,0,,,,,,,,,,,,0,7,5,12,12,1.5,.0,.0,1,1,3,0,0,0,0,0,0,0,0,0,0,0,0,0,,,,,,,,,,,,,,,,,,,,,,,,,,,,,,,,,,,,,,,,,,,,,,,,,,,,,,,,,,,,,,,,,,,,,,,,,,,,,,,,,,,,,,,,,,,,,0.7408892147367021,79,87
2026-27,football,Heartland Collegiate Athletic Conference (HCAC),hcac,Mount St. Joseph,"McClaude,Jadyn",Jadyn,McClaude,,8567,"McClaude,Jadyn","MCCLAUDE,JADYN",Mount St. Joseph,MSJ,1037-2991,2,0,15,1J,0,0,DL,0,,,,,,,,,,,,0,2,4,6,6,1.5,.0,.0,1,1,6,0.5,0,1,4,0,0,0,0,0,0,0,0,0,,,,,,,,,,,,,,,,,,,,,,,,,,,,,,,,,,,,,,,,,,,,,,,,,,,,,,,,,,,,,,,,,,,,,,,,,,,,,,,,,,,,,,,,,,,,,0.6968394097974342,80,87
2026-27,football,Heartland Collegiate Athletic Conference (HCAC),hcac,Mount St. Joseph,"Oprisek,Jason",Jason,Oprisek,,8567,"Oprisek,Jason","OPRISEK,JASON",Mount St. Joseph,MSJ,1037-3110,3,3,33,33,0,0,DL,0,,,,,,,,,,,,0,1,2,3,3,1.0,.0,.0,1,0,2,1,1,0,2,0,1,0,0,0,0,0,0,0,,,,,,,,,,,,,,,,,,,,,,,,,,,,,,,,,,,,,,,,,,,,,,,,,,,,,,,,,,,,,,,,,,,,,,,,,,,,,,,,,,,,,,,,,,,,,0.6945565973473806,81,87
2026-27,football,Heartland Collegiate Athletic Conference (HCAC),hcac,Mount St. Joseph,"White,Jaylen",Jaylen,White,,8567,"White,Jaylen","WHITE,JAYLEN",Mount St. Joseph,MSJ,1037-3052,3,3,1,1D,0,0,DB,0,,,,,,,,,,,,0,8,5,13,13,.0,.0,.0,0,0,0,0,0,0,0,1,0,0,0,0,0,0,0,1,,,,,,,,,,,,,,,,,,,,,,,,,,,,,,,,,,,,,,,,,,,,,,,,,,,,,,,,,,,,,,,,,,,,,,,,,,,,,,,,,,,,,,,,,,,,,0.6234619655957404,82,87
2026-27,football,Heartland Collegiate Athletic Conference (HCAC),hcac,Bluffton,"Hollingsworth,Lelend",Lelend,Hollingsworth,,987,"Hollingsworth,Lelend","HOLLINGSWORTH,LELEND",Bluffton,BLF,0,3,1,9,9,0,RB,0,0,,,1,5,0,5,5.0,,,,,,,,,,,,,,,,,,,,,,,,,,,,,,4,33,0,16,8.3,,,1,0,,,,,,,,,,,,,15,100,101,1,0,40,6.7,33.3,,,,,,,,,,8,131,0,23,16.4,,,,,,,,,,,,,,,,,,,,,,,,,,,,,,,,,,,,,,,,,,,,,,,,,0.5816382613720477,83,87
2026-27,football,Heartland Collegiate Athletic Conference (HCAC),hcac,Franklin,"Wright,Owen",Owen,Wright,,2694,"Wright,Owen","WRIGHT,OWEN",Franklin,FRA,1034-2379,3,3,3,3,0,WR,0,0,,,10,136,3,31,13.6,,,,,0,0,0,0,0,.0,.0,.0,0,0,0,0,0,0,0,0,0,0,0,0,0,0,0,0,,,,,,,,,1,1,0,3,0,0,0,0,0,0,0,18,18,6,,,,,,,,,,,,,,,,,,,,,,,,,,,,,,,,,,,,,,,,,,,,,,,,,,,,,,,,,,,,,,,,,,,,,,,0.5805056641819386,84,87
2026-27,football,Heartland Collegiate Athletic Conference (HCAC),hcac,Hanover,"Pennington,Jack",Jack,Pennington,,1115,"Pennington,Jack","PENNINGTON,JACK",Hanover,HAN,1035-2452,3,3,2,2,0,WR,0,0,,,12,155,2,76,12.9,,,,,0,0,0,0,0,.0,.0,.0,0,0,0,0,0,0,0,0,0,0,0,0,0,0,0,0,,,,,,,,,,,0,2,0,0,0,0,0,0,0,12,12,4,,,,,,,,,,,,,,,,,,,,,,,,,,,,,,,,,,,,,,,,,,,,,,,,,,,,,,,,,,,,,,,,,,,,,,,0.5728516530244234,85,87
2026-27,football,Heartland Collegiate Athletic Conference (HCAC),hcac,Franklin,"Rindfuss,Seth",Seth,Rindfuss,,2694,"Rindfuss,Seth","RINDFUSS,SETH",Franklin,FRA,1034-2565,3,2,93,93,0,0,DL,0,,,,,,,,,,,,0,9,4,13,13,1.0,.0,.0,0,2,1,0,0,0,0,0,0,1,0,0,0,0,0,0,,,,,,,,,,,,,,,,,,,,,,,,,,,,,,,,,,,,,,,,,,,,,,,,,,,,,,,,,,,,,,,,,,,,,,,,,,,,,,,,,,,,,,,,,,,,,0.5521497337899712,86,86
2026-27,football,Heartland Collegiate Athletic Conference (HCAC),hcac,Manchester,"Witz,Ethan",Ethan,Witz,,1192,"Witz,Ethan","WITZ,ETHAN",Manchester,MAN,1036-2867,3,3,6,6,0,0,LB,0,,,,,,,,,,,,0,4,6,10,10,.5,.0,.0,0,1,5,0.5,0,1,5,0,0,5,0,0,0,0,0,0,,,,,,,,,,,,,,,,,,,,,,,,,,,,,,,,,,,,,,,,,,,,,,,,,,,,,,,,,,,,,,,,,,,,,,,,,,,,,,,,,,,,,,,,,,,,,0.5498669213399177,87,86
2026-27,football,Heartland Collegiate Athletic Conference (HCAC),hcac,Bluffton,"McElroy,Jaylen",Jaylen,McElroy,,987,"McElroy,Jaylen","MCELROY,JAYLEN",Bluffton,BLF,0,3,3,6,6,0,0,DB,0,,,,,,,,,,,,0,4,3,7,7,1.0,.0,.0,1,0,2,0,0,0,0,1,0,0,0,1,0,0,0,1,,,,,,,,,,,,,,,,,,,,,,,,,,,,,,,,,,,,,,,,,,,,,,,,,,,,,,,,,,,,,,,,,,,,,,,,,,,,,,,,,,,,,,,,,,,,,0.5399279806173115,88,86
2026-27,football,Heartland Collegiate Athletic Conference (HCAC),hcac,Bluffton,"Resnover,Brandon",Brandon,Resnover,,987,"Resnover,Brandon","RESNOVER,BRANDON",Bluffton,BLF,0,3,3,28,28,0,0,DB,0,,,,,,,,,,,,0,9,3,12,12,.0,.0,.0,0,0,0,0,0,0,0,1,0,0,0,0,0,0,0,1,,,,,,,,,,,,,,,,,,,,,,,,,,,,,,,,,,,,,,,,,,,,,,,,,,,,,,,,,,,,,,,,,,,,,,,,,,,,,,,,,,,,,,,,,,,,,0.5082087288777676,89,86
2026-27,football,Heartland Collegiate Athletic Conference (HCAC),hcac,Hanover,"Grinter,DJ",DJ,Grinter,,1115,"Grinter,DJ","GRINTER,DJ",Hanover,HAN,1035-2425,3,3,7,7,0,WR,0,0,,,16,211,1,64,13.2,,,,,0,0,0,0,0,.0,.0,.0,0,0,0,0,0,0,0,0,0,0,0,0,0,0,0,0,,,,,,,,,,,0,1,0,0,0,0,0,0,0,6,6,2,,,,,,,,,,,,,,,,,,,,,,,,,,,,,,,,,,,,,,,,,,,,,,,,,,,,,,,,,,,,,,,,,,,,,,,0.5063366354281604,90,86
2026-27,football,Heartland Collegiate Athletic Conference (HCAC),hcac,Bluffton,"Wyckoff,Jashawn",Jashawn,Wyckoff,,987,"Wyckoff,Jashawn","WYCKOFF,JASHAWN",Bluffton,BLF,0,3,3,2,2,0,WR,0,0,,,12,145,2,30,12.1,,,,,0,0,0,0,0,.0,.0,.0,0,0,0,0,0,0,0,0,0,0,0,0,0,0,0,0,,,,,,,,,,,0,2,0,0,0,0,0,0,0,12,12,4,,,,,,,,,,,,,,,,,,,,,,,,,,,,,,,,,,,,,,,,,,,,,,,,,,,,,,,,,,,,,,,,,,,,,,,0.45285937255219194,91,86
2026-27,football,Heartland Collegiate Athletic Conference (HCAC),hcac,Bluffton,"Bennett,Jayden",Jayden,Bennett,,987,"Bennett,Jayden","BENNETT,JAYDEN",Bluffton,BLF,0,3,0,43,43,0,0,LB,0,,,,,,,,,,,,0,4,2,6,6,2.0,.0,.0,2,0,3,0,0,0,0,0,0,0,0,0,0,0,0,0,,,,,,,,,,,,,,,,,,,,,,,,,,,,,,,,,,,,,,,,,,,,,,,,,,,,,,,,,,,,,,,,,,,,,,,,,,,,,,,,,,,,,,,,,,,,,0.35336251209356934,92,86
2026-27,football,Heartland Collegiate Athletic Conference (HCAC),hcac,Franklin,"Haston,Jackson",Jackson,Haston,,2694,"Haston,Jackson","HASTON,JACKSON",Franklin,FRA,1034-2824,3,0,21,21,0,0,DB,0,,,,,,,,,,,,0,8,2,10,10,.0,.0,.0,0,0,0,0,0,0,0,1,0,0,0,0,0,0,0,1,,,,,,,,,,,,,,,,,,,,,,,,,,,,,,,,,,,,,,,,,,,,,,,,,,,,,,,,,,,,,,,,,,,,,,,,,,,,,,,,,,,,,,,,,,,,,0.2777022554418223,93,86
2026-27,football,Heartland Collegiate Athletic Conference (HCAC),hcac,Franklin,"Loehmer,Michael",Michael,Loehmer,,2694,"Loehmer,Michael","LOEHMER,MICHAEL",Franklin,FRA,1034-2358,3,3,2,2,0,0,DB,0,,,,,,,,,,,,0,6,4,10,10,.0,.0,.0,0,0,0,0,0,0,0,1,0,0,0,0,0,0,0,1,,,,,,,,,,,,,,,,,,,,,,,,,,,,,,,,,,,,,,,,,,,,,,,,,,,,,,,,,,,,,,,,,,,,,,,,,,,,,,,,,,,,,,,,,,,,,0.2777022554418223,94,85
2026-27,football,Heartland Collegiate Athletic Conference (HCAC),hcac,Franklin,"Amanfo,Eric",Eric,Amanfo,,2694,"Amanfo,Eric","AMANFO,ERIC",Franklin,FRA,1034-3016,3,3,6,6A,0,0,DB,0,,,,,,,,,,,,0,8,5,13,13,.5,.0,.0,0,1,0,0,0,0,0,0,0,0,0,0,0,0,0,0,,,,,,,,,,,,,,,,,,,,,,,,,,,,,,,,,,,,,,,,,,,,,,,,,,,,,,,,,,,,,,,,,,,,,,,,,,,,,,,,,,,,,,,,,,,,,0.24815701612526758,95,85
2026-27,football,Heartland Collegiate Athletic Conference (HCAC),hcac,Anderson,"Urbanec,Cole",Cole,Urbanec,,939,"Urbanec,Cole","URBANEC,COLE",Anderson,AND,0,3,3,8,J8,0,RB,0,0,,,6,20,1,9,3.3,,,,,0,0,0,0,0,.0,.0,.0,0,0,0,0,0,0,0,0,0,0,0,0,0,0,0,0,,,,,,,,,1,0,0,2,0,0,0,0,0,0,0,12,12,4,25,87,90,3,1,37,3.5,29.0,,,,,,,,,,,,,,,,,,,,,,,,,,,,,,,,,,,,,,,,,,,,,,,,,,,,,,,,,,,,,,,0.18179243659160865,96,85
2026-27,football,Heartland Collegiate Athletic Conference (HCAC),hcac,Manchester,"Holland,Myles",Myles,Holland,,1192,"Holland,Myles","HOLLAND,MYLES",Manchester,MAN,1036-3010,2,0,30,30,0,0,DB,0,,,,,,,,,,,,0,0,0,0,0,.0,.0,.0,0,0,0,0,0,0,0,0,0,0,0,0,0,0,0,0,,,,,,,,,1,0,,,,,,,,,,,,,,,,,,,,,,,,,,,,,,10,248,0,72,24.8,,,,,,,,,,,,,,,,,,,,,,,,,,,,,,,,,,,,,,,,,,,,,,,,,0.17896811459742118,97,85
2026-27,football,Heartland Collegiate Athletic Conference (HCAC),hcac,Mount St. Joseph,"Haselrig,Daethan",Daethan,Haselrig,,8567,"Haselrig,Daethan","HASELRIG,DAETHAN",Mount St. Joseph,MSJ,1037-3248,3,3,96,91,0,0,DL,0,,,,,,,,,,,,0,1,8,9,9,.0,.0,.0,0,0,0,0,0,0,0,1,0,0,0,0,0,0,0,1,,,,,,,,,,,,,,,,,,,,,,,,,,,,,,,,,,,,,,,,,,,,,,,,,,,,,,,,,,,,,,,,,,,,,,,,,,,,,,,,,,,,,,,,,,,,,0.1624490187238496,98,85
2026-27,football,Heartland Collegiate Athletic Conference (HCAC),hcac,Hanover,"Hospelhorn,Kasey",Kasey,Hospelhorn,,1115,"Hospelhorn,Kasey","HOSPELHORN,KASEY",Hanover,HAN,1035-2434,3,1,25,25,0,0,DB,0,,,,,,,,,,,,0,8,1,9,9,.0,.0,.0,0,0,0,0,0,0,0,1,0,0,0,0,0,0,0,1,,,,,,,,,,,,,,,,,,,,,,,,,,,,,,,,,,,,,,,,,,,,,,,,,,,,,,,,,,,,,,,,,,,,,,,,,,,,,,,,,,,,,,,,,,,,,0.1624490187238496,99,85
2026-27,football,Heartland Collegiate Athletic Conference (HCAC),hcac,Bluffton,"Brockington,Damien",Damien,Brockington,,987,"Brockington,Damien","BROCKINGTON,DAMIEN",Bluffton,BLF,0,2,2,23,23,0,RB,0,0,,,11,112,0,26,10.2,,,,,,,,,,,,,,,,,,,,,,,,,,,,,,,,,,,,,,,,,,,,,,,,,,,20,61,65,4,0,10,3.1,30.5,,,,,,,,,,,,,,,,,,,,,,,,,,,,,,,,,,,,,,,,,,,,,,,,,,,,,,,,,,,,,,,0.12111497855264547,100,85
2026-27,football,Heartland Collegiate Athletic Conference (HCAC),hcac,Hanover,"Williams,Josh",Josh,Williams,,1115,"Williams,Josh","WILLIAMS,JOSH",Hanover,HAN,1035-2682,3,3,19,19,0,RB,0,0,,,8,49,0,19,6.1,,,,,,,,,,,,,,,,,,,,,,,,,,,,,,,,,,,,,,,,,,,,,,,,,,,26,106,111,5,0,13,4.1,35.3,,,,,,,,,,,,,,,,,,,,,,,,,,,,,,,,,,,,,,,,,,,,,,,,,,,,,,,,,,,,,,,0.07663799979461322,101,85
2026-27,football,Heartland Collegiate Athletic Conference (HCAC),hcac,Bluffton,"Michael,Drew",Drew,Michael,,987,"Michael,Drew","MICHAEL,DREW",Bluffton,BLF,0,3,0,94,94,0,0,0,0,,,,,,,,,,,,,,,,,,,,,,,,,,,,,,,,,,,,,,,,,,,,,,,,,,,,,,,,,,,,,,,,,,23,802,51,0,2,7,2,4,34.9,,,,,,,,,,,,,,,,,,,,,,,,,,,,,,,,,,,,,,,,,,,,,,,,,,,,,,0.042876158625124866,102,85
2026-27,football,Heartland Collegiate Athletic Conference (HCAC),hcac,Mount St. Joseph,"Pierce,Dillon",Dillon,Pierce,,8567,"Pierce,Dillon","PIERCE,DILLON",Mount St. Joseph,MSJ,1037-3159,3,0,13,1P,0,0,LB,0,,,,,,,,,,,,0,4,7,11,11,.5,.0,.0,0,1,1,0,0,0,0,0,0,0,0,0,0,0,0,0,,,,,,,,,,,,,,,,,,,,,,,,,,,,,,,,,,,,,,,,,,,,,,,,,,,,,,,,,,,,,,,,,,,,,,,,,,,,,,,,,,,,,,,,,,,,,0.017650542689322146,103,84
2026-27,football,Heartland Collegiate Athletic Conference (HCAC),hcac,Manchester,"Campbell,Levarian",Levarian,Campbell,,1192,"Campbell,Levarian","CAMPBELL,LEVARIAN",Manchester,MAN,1036-2655,3,3,3,3,0,WR,0,0,,,9,108,2,37,12.0,,,,,0,0,0,0,0,.0,.0,.0,0,0,0,0,0,0,0,0,0,0,0,0,0,0,0,0,,,,,,,,,,,0,2,0,0,0,0,0,0,0,12,12,4,,,,,,,,,,,,,,,,,,,,,,,,,,,,,,,,,,,,,,,,,,,,,,,,,,,,,,,,,,,,,,,,,,,,,,,0.008887934804936715,104,84
2026-27,football,Heartland Collegiate Athletic Conference (HCAC),hcac,Anderson,"Adkins,Marquis",Marquis,Adkins,,939,"Adkins,Marquis","ADKINS,MARQUIS",Anderson,AND,0,0,0,3,J3,0,RB,0,0,,,,,,,,,,,,,,,,,,,,,,,,,,,,,,,,,,,,,,,,,,,,,,,,,,,,,,,,,,,,,,,,,,,,,,,,,,,,,,,,,,,,,,,,,,,,,,,,,,,,,,,,,,,,,,,,,,,,,,,,,,,,,,,,0.0,105,84
2026-27,football,Heartland Collegiate Athletic Conference (HCAC),hcac,Anderson,"Alexander,Ephrem",Ephrem,Alexander,,939,"Alexander,Ephrem","ALEXANDER,EPHREM",Anderson,AND,0,0,0,10,A0,0,RB,0,0,,,,,,,,,,,,,,,,,,,,,,,,,,,,,,,,,,,,,,,,,,,,,,,,,,,,,,,,,,,,,,,,,,,,,,,,,,,,,,,,,,,,,,,,,,,,,,,,,,,,,,,,,,,,,,,,,,,,,,,,,,,,,,,,0.0,106,84
2026-27,football,Heartland Collegiate Athletic Conference (HCAC),hcac,Mount St. Joseph,"Anderson,Dalando",Dalando,Anderson,,8567,"Anderson,Dalando","ANDERSON,DALANDO",Mount St. Joseph,MSJ,1037-3227,3,3,79,,0,OG,0,0,,,,,,,,,,,,,,,,,,,,,,,,,,,,,,,,,,,,,,,,,,,,,,,,,,,,,,,,,,,,,,,,,,,,,,,,,,,,,,,,,,,,,,,,,,,,,,,,,,,,,,,,,,,,,,,,,,,,,,,,,,,,,,,,0.0,107,84
2026-27,football,Heartland Collegiate Athletic Conference (HCAC),hcac,Mount St. Joseph,"Batchanga,Andrew",Andrew,Batchanga,,8567,"Batchanga,Andrew","BATCHANGA,ANDREW",Mount St. Joseph,MSJ,1037-3217,1,0,60,60,0,OL,0,0,,,,,,,,,,,,,,,,,,,,,,,,,,,,,,,,,,,,,,,,,,,,,,,,,,,,,,,,,,,,,,,,,,,,,,,,,,,,,,,,,,,,,,,,,,,,,,,,,,,,,,,,,,,,,,,,,,,,,,,,,,,,,,,,0.0,108,84
2026-27,football,Heartland Collegiate Athletic Conference (HCAC),hcac,Mount St. Joseph,"Becker,Jacob",Jacob,Becker,,8567,"Becker,Jacob","BECKER,JACOB",Mount St. Joseph,MSJ,1037-3587,1,0,20,20,0,0,LB,0,,,,,,,,,,,,,,,,,,,,,,,,,,,,,,,,,,,,,,,,,,,,,,,,,,,,,,,,,,,,,,,,,,,,,,,,,,,,,,,,,,,,,,,,,,,,,,,,,,,,,,,,,,,,,,,,,,,,,,,,,,,,,,,,0.0,109,84
2026-27,football,Heartland Collegiate Athletic Conference (HCAC),hcac,Anderson,"Bennett,Braden",Braden,Bennett,,939,"Bennett,Braden","BENNETT,BRADEN",Anderson,AND,0,2,2,68,68,0,OL,0,0,,,,,,,,,,,,,,,,,,,,,,,,,,,,,,,,,,,,,,,,,,,,,,,,,,,,,,,,,,,,,,,,,,,,,,,,,,,,,,,,,,,,,,,,,,,,,,,,,,,,,,,,,,,,,,,,,,,,,,,,,,,,,,,,0.0,110,84
2026-27,football,Heartland Collegiate Athletic Conference (HCAC),hcac,Anderson,"Bianco,Jack",Jack,Bianco,,939,"Bianco,Jack","BIANCO,JACK",Anderson,AND,0,3,1,72,72,0,OL,0,0,,,,,,,,,,,,,,,,,,,,,,,,,,,,,,,,,,,,,,,,,,,,,,,,,,,,,,,,,,,,,,,,,,,,,,,,,,,,,,,,,,,,,,,,,,,,,,,,,,,,,,,,,,,,,,,,,,,,,,,,,,,,,,,,0.0,111,83
2026-27,football,Heartland Collegiate Athletic Conference (HCAC),hcac,Franklin,"Blankman,Noah",Noah,Blankman,,2694,"Blankman,Noah","BLANKMAN,NOAH",Franklin,FRA,1034-2591,1,0,67,67,0,OL,0,0,,,,,,,,,,,,,,,,,,,,,,,,,,,,,,,,,,,,,,,,,,,,,,,,,,,,,,,,,,,,,,,,,,,,,,,,,,,,,,,,,,,,,,,,,,,,,,,,,,,,,,,,,,,,,,,,,,,,,,,,,,,,,,,,0.0,112,83
2026-27,football,Heartland Collegiate Athletic Conference (HCAC),hcac,Mount St. Joseph,"Bleh,Robbie",Robbie,Bleh,,8567,"Bleh,Robbie","BLEH,ROBBIE",Mount St. Joseph,MSJ,1037-2954,1,0,15,15,0,WR,0,0,,,,,,,,,,,,,,,,,,,,,,,,,,,,,,,,,,,,,,,,,,,,,,,,,,,,,,,,,,,,,,,,,,,,,,,,,,,,,,,,,,,,,,,,,,,,,,,,,,,,,,,,,,,,,,,,,,,,,,,,,,,,,,,,0.0,113,83
2026-27,football,Heartland Collegiate Athletic Conference (HCAC),hcac,Anderson,"Boelens,Patrick",Patrick,Boelens,,939,"Boelens,Patrick","BOELENS,PATRICK",Anderson,AND,0,1,0,63,63,0,OL,0,0,,,,,,,,,,,,,,,,,,,,,,,,,,,,,,,,,,,,,,,,,,,,,,,,,,,,,,,,,,,,,,,,,,,,,,,,,,,,,,,,,,,,,,,,,,,,,,,,,,,,,,,,,,,,,,,,,,,,,,,,,,,,,,,,0.0,114,83
2026-27,football,Heartland Collegiate Athletic Conference (HCAC),hcac,Bluffton,"Bova,Seth",Seth,Bova,,987,"Bova,Seth","BOVA,SETH",Bluffton,BLF,0,1,0,47,47,0,0,LB,0,,,,,,,,,,,,,,,,,,,,,,,,,,,,,,,,,,,,,,,,,,,,,,,,,,,,,,,,,,,,,,,,,,,,,,,,,,,,,,,,,,,,,,,,,,,,,,,,,,,,,,,,,,,,,,,,,,,,,,,,,,,,,,,,0.0,115,83
2026-27,football,Heartland Collegiate Athletic Conference (HCAC),hcac,Rose-Hulman,"Breland,Ethan",Ethan,Breland,,585,"Breland,Ethan","BRELAND,ETHAN",Rose-Hulman,RHI,1038-5004,3,3,75,75,0,TE,0,0,,,,,,,,,,,,,,,,,,,,,,,,,,,,,,,,,,,,,,,,,,,,,,,,,,,,,,,,,,,,,,,,,,,,,,,,,,,,,,,,,,,,,,,,,,,,,,,,,,,,,,,,,,,,,,,,,,,,,,,,,,,,,,,,0.0,116,83
2026-27,football,Heartland Collegiate Athletic Conference (HCAC),hcac,Anderson,"Burgin,Reagan",Reagan,Burgin,,939,"Burgin,Reagan","BURGIN,REAGAN",Anderson,AND,0,2,0,46,46,0,0,LB,0,,,,,,,,,,,,,,,,,,,,,,,,,,,,,,,,,,,,,,,,,,,,,,,,,,,,,,,,,,,,,,,,,,,,,,,,,,,,,,,,,,,,,,,,,,,,,,,,,,,,,,,,,,,,,,,,,,,,,,,,,,,,,,,,0.0,117,83
2026-27,football,Heartland Collegiate Athletic Conference (HCAC),hcac,Manchester,"Butt,Ryne",Ryne,Butt,,1192,"Butt,Ryne","BUTT,RYNE",Manchester,MAN,1036-2826,3,3,75,7B,0,OL,0,0,,,,,,,,,,,,,,,,,,,,,,,,,,,,,,,,,,,,,,,,,,,,,,,,,,,,,,,,,,,,,,,,,,,,,,,,,,,,,,,,,,,,,,,,,,,,,,,,,,,,,,,,,,,,,,,,,,,,,,,,,,,,,,,,0.0,118,83
2026-27,football,Heartland Collegiate Athletic Conference (HCAC),hcac,Manchester,"Campbell,Thomas",Thomas,Campbell,,1192,"Campbell,Thomas","CAMPBELL,THOMAS",Manchester,MAN,1036-2992,1,1,53,53,0,OL,0,0,,,,,,,,,,,,,,,,,,,,,,,,,,,,,,,,,,,,,,,,,,,,,,,,,,,,,,,,,,,,,,,,,,,,,,,,,,,,,,,,,,,,,,,,,,,,,,,,,,,,,,,,,,,,,,,,,,,,,,,,,,,,,,,,0.0,119,83
2026-27,football,Heartland Collegiate Athletic Conference (HCAC),hcac,Anderson,"Carroll,Triston",Triston,Carroll,,939,"Carroll,Triston","CARROLL,TRISTON",Anderson,AND,0,1,0,88,88,0,0,LB,0,,,,,,,,,,,,,,,,,,,,,,,,,,,,,,,,,,,,,,,,,,,,,,,,,,,,,,,,,,,,,,,,,,,,,,,,,,,,,,,,,,,,,,,,,,,,,,,,,,,,,,,,,,,,,,,,,,,,,,,,,,,,,,,,0.0,120,82
2026-27,football,Heartland Collegiate Athletic Conference (HCAC),hcac,Franklin,"Carter,Wesley",Wesley,Carter,,2694,"Carter,Wesley","CARTER,WESLEY",Franklin,FRA,1034-2572,1,0,38,38,0,0,LB,0,,,,,,,,,,,,,,,,,,,,,,,,,,,,,,,,,,,,,,,,,,,,,,,,,,,,,,,,,,,,,,,,,,,,,,,,,,,,,,,,,,,,,,,,,,,,,,,,,,,,,,,,,,,,,,,,,,,,,,,,,,,,,,,,0.0,121,82
2026-27,football,Heartland Collegiate Athletic Conference (HCAC),hcac,Anderson,"Clinton,Darrion",Darrion,Clinton,,939,"Clinton,Darrion","CLINTON,DARRION",Anderson,AND,0,1,0,87,87,0,WR,0,0,,,,,,,,,,,,,,,,,,,,,,,,,,,,,,,,,,,,,,,,,,,,,,,,,,,,,,,,,,,,,,,,,,,,,,,,,,,,,,,,,,,,,,,,,,,,,,,,,,,,,,,,,,,,,,,,,,,,,,,,,,,,,,,,0.0,122,82
2026-27,football,Heartland Collegiate Athletic Conference (HCAC),hcac,Anderson,"Cole,Camerin",Camerin,Cole,,939,"Cole,Camerin","COLE,CAMERIN",Anderson,AND,0,3,0,74,74,0,OL,0,0,,,,,,,,,,,,,,,,,,,,,,,,,,,,,,,,,,,,,,,,,,,,,,,,,,,,,,,,,,,,,,,,,,,,,,,,,,,,,,,,,,,,,,,,,,,,,,,,,,,,,,,,,,,,,,,,,,,,,,,,,,,,,,,,0.0,123,82
2026-27,football,Heartland Collegiate Athletic Conference (HCAC),hcac,Franklin,"Colvin,Clayton",Clayton,Colvin,,2694,"Colvin,Clayton","COLVIN,CLAYTON",Franklin,FRA,1034-3061,1,0,73,73,0,OL,0,0,,,,,,,,,,,,,,,,,,,,,,,,,,,,,,,,,,,,,,,,,,,,,,,,,,,,,,,,,,,,,,,,,,,,,,,,,,,,,,,,,,,,,,,,,,,,,,,,,,,,,,,,,,,,,,,,,,,,,,,,,,,,,,,,0.0,124,82
2026-27,football,Heartland Collegiate Athletic Conference (HCAC),hcac,Anderson,"Corwin,Garrett",Garrett,Corwin,,939,"Corwin,Garrett","CORWIN,GARRETT",Anderson,AND,0,3,3,77,77,0,OL,0,0,,,,,,,,,,,,,,,,,,,,,,,,,,,,,,,,,,,,,,,,,,,,,,,,,,,,,,,,,,,,,,,,,,,,,,,,,,,,,,,,,,,,,,,,,,,,,,,,,,,,,,,,,,,,,,,,,,,,,,,,,,,,,,,,0.0,125,82
2026-27,football,Heartland Collegiate Athletic Conference (HCAC),hcac,Bluffton,"Cottrell,Jarrett",Jarrett,Cottrell,,987,"Cottrell,Jarrett","COTTRELL,JARRETT",Bluffton,BLF,0,1,0,86,86,0,TE,0,0,,,,,,,,,,,,,,,,,,,,,,,,,,,,,,,,,,,,,,,,,,,,,,,,,,,,,,,,,,,,,,,,,,,,,,,,,,,,,,,,,,,,,,,,,,,,,,,,,,,,,,,,,,,,,,,,,,,,,,,,,,,,,,,,0.0,126,82
2026-27,football,Heartland Collegiate Athletic Conference (HCAC),hcac,Mount St. Joseph,"Davis Jr.,Erick",Erick,Davis Jr.,,8567,"Davis Jr.,Erick","DAVIS JR.,ERICK",Mount St. Joseph,MSJ,1037-3213,3,3,61,61,0,OG,0,0,,,,,,,,,,,,,,,,,,,,,,,,,,,,,,,,,,,,,,,,,,,,,,,,,,,,,,,,,,,,,,,,,,,,,,,,,,,,,,,,,,,,,,,,,,,,,,,,,,,,,,,,,,,,,,,,,,,,,,,,,,,,,,,,0.0,127,82
2026-27,football,Heartland Collegiate Athletic Conference (HCAC),hcac,Anderson,"Davis,Connor",Connor,Davis,,939,"Davis,Connor","DAVIS,CONNOR",Anderson,AND,0,1,0,56,56,0,OL,0,0,,,,,,,,,,,,,,,,,,,,,,,,,,,,,,,,,,,,,,,,,,,,,,,,,,,,,,,,,,,,,,,,,,,,,,,,,,,,,,,,,,,,,,,,,,,,,,,,,,,,,,,,,,,,,,,,,,,,,,,,,,,,,,,,0.0,128,81
2026-27,football,Heartland Collegiate Athletic Conference (HCAC),hcac,Anderson,"Davis,Craig",Craig,Davis,,939,"Davis,Craig","DAVIS,CRAIG",Anderson,AND,0,2,0,57,57,0,OL,0,0,,,,,,,,,,,,,,,,,,,,,,,,,,,,,,,,,,,,,,,,,,,,,,,,,,,,,,,,,,,,,,,,,,,,,,,,,,,,,,,,,,,,,,,,,,,,,,,,,,,,,,,,,,,,,,,,,,,,,,,,,,,,,,,,0.0,129,81
2026-27,football,Heartland Collegiate Athletic Conference (HCAC),hcac,Franklin,"Epperson,Reise",Reise,Epperson,,2694,"Epperson,Reise","EPPERSON,REISE",Franklin,FRA,1034-3045,1,0,30,3B,0,0,LB,0,,,,,,,,,,,,,,,,,,,,,,,,,,,,,,,,,,,,,,,,,,,,,,,,,,,,,,,,,,,,,,,,,,,,,,,,,,,,,,,,,,,,,,,,,,,,,,,,,,,,,,,,,,,,,,,,,,,,,,,,,,,,,,,,0.0,130,81
2026-27,football,Heartland Collegiate Athletic Conference (HCAC),hcac,Anderson,"Fausnaugh,Caden",Caden,Fausnaugh,,939,"Fausnaugh,Caden","FAUSNAUGH,CADEN",Anderson,AND,0,1,0,71,71,0,OL,0,0,,,,,,,,,,,,,,,,,,,,,,,,,,,,,,,,,,,,,,,,,,,,,,,,,,,,,,,,,,,,,,,,,,,,,,,,,,,,,,,,,,,,,,,,,,,,,,,,,,,,,,,,,,,,,,,,,,,,,,,,,,,,,,,,0.0,131,81
2026-27,football,Heartland Collegiate Athletic Conference (HCAC),hcac,Franklin,"Fischer,Isaak",Isaak,Fischer,,2694,"Fischer,Isaak","FISCHER,ISAAK",Franklin,FRA,1034-2345,3,3,52,52,0,OL,0,0,,,,,,,,,,,,,,,,,,,,,,,,,,,,,,,,,,,,,,,,,,,,,,,,,,,,,,,,,,,,,,,,,,,,,,,,,,,,,,,,,,,,,,,,,,,,,,,,,,,,,,,,,,,,,,,,,,,,,,,,,,,,,,,,0.0,132,81
2026-27,football,Heartland Collegiate Athletic Conference (HCAC),hcac,Bluffton,"Garcia,Jose",Jose,Garcia,,987,"Garcia,Jose","GARCIA,JOSE",Bluffton,BLF,0,1,1,51,51,0,OL,0,0,,,,,,,,,,,,,,,,,,,,,,,,,,,,,,,,,,,,,,,,,,,,,,,,,,,,,,,,,,,,,,,,,,,,,,,,,,,,,,,,,,,,,,,,,,,,,,,,,,,,,,,,,,,,,,,,,,,,,,,,,,,,,,,,0.0,133,81
2026-27,football,Heartland Collegiate Athletic Conference (HCAC),hcac,Franklin,"Garl,Harley",Harley,Garl,,2694,"Garl,Harley","GARL,HARLEY",Franklin,FRA,1034-3055,2,0,47,47,0,0,DL,0,,,,,,,,,,,,,,,,,,,,,,,,,,,,,,,,,,,,,,,,,,,,,,,,,,,,,,,,,,,,,,,,,,,,,,,,,,,,,,,,,,,,,,,,,,,,,,,,,,,,,,,,,,,,,,,,,,,,,,,,,,,,,,,,0.0,134,81
2026-27,football,Heartland Collegiate Athletic Conference (HCAC),hcac,Bluffton,"Garrett,Antonio",Antonio,Garrett,,987,"Garrett,Antonio","GARRETT,ANTONIO",Bluffton,BLF,0,3,3,71,71,0,OL,0,0,,,,,,,,,,,,,,,,,,,,,,,,,,,,,,,,,,,,,,,,,,,,,,,,,,,,,,,,,,,,,,,,,,,,,,,,,,,,,,,,,,,,,,,,,,,,,,,,,,,,,,,,,,,,,,,,,,,,,,,,,,,,,,,,0.0,135,81
2026-27,football,Heartland Collegiate Athletic Conference (HCAC),hcac,Anderson,"Godfrey,Micah",Micah,Godfrey,,939,"Godfrey,Micah","GODFREY,MICAH",Anderson,AND,0,1,0,24,B4,0,RB,0,0,,,,,,,,,,,,,,,,,,,,,,,,,,,,,,,,,,,,,,,,,,,,,,,,,,,,,,,,,,,,,,,,,,,,,,,,,,,,,,,,,,,,,,,,,,,,,,,,,,,,,,,,,,,,,,,,,,,,,,,,,,,,,,,,0.0,136,81
2026-27,football,Heartland Collegiate Athletic Conference (HCAC),hcac,Franklin,"Gomes,Gabriel",Gabriel,Gomes,,2694,"Gomes,Gabriel","GOMES,GABRIEL",Franklin,FRA,1034-2613,1,0,87,87,0,WR,0,0,,,,,,,,,,,,,,,,,,,,,,,,,,,,,,,,,,,,,,,,,,,,,,,,,,,,,,,,,,,,,,,,,,,,,,,,,,,,,,,,,,,,,,,,,,,,,,,,,,,,,,,,,,,,,,,,,,,,,,,,,,,,,,,,0.0,137,80
2026-27,football,Heartland Collegiate Athletic Conference (HCAC),hcac,Hanover,"Holloway,David",David,Holloway,,1115,"Holloway,David","HOLLOWAY,DAVID",Hanover,HAN,1035-2433,3,3,64,64,0,OL,0,0,,,,,,,,,,,,,,,,,,,,,,,,,,,,,,,,,,,,,,,,,,,,,,,,,,,,,,,,,,,,,,,,,,,,,,,,,,,,,,,,,,,,,,,,,,,,,,,,,,,,,,,,,,,,,,,,,,,,,,,,,,,,,,,,0.0,138,80
2026-27,football,Heartland Collegiate Athletic Conference (HCAC),hcac,Rose-Hulman,"Jank,Karson",Karson,Jank,,585,"Jank,Karson","JANK,KARSON",Rose-Hulman,RHI,1038-5011,3,3,73,73,0,OL,0,0,,,,,,,,,,,,,,,,,,,,,,,,,,,,,,,,,,,,,,,,,,,,,,,,,,,,,,,,,,,,,,,,,,,,,,,,,,,,,,,,,,,,,,,,,,,,,,,,,,,,,,,,,,,,,,,,,,,,,,,,,,,,,,,,0.0,139,80
2026-27,football,Heartland Collegiate Athletic Conference (HCAC),hcac,Bluffton,"Johnson,Kenny",Kenny,Johnson,,987,"Johnson,Kenny","JOHNSON,KENNY",Bluffton,BLF,0,3,3,79,79,0,OL,0,0,,,,,,,,,,,,,,,,,,,,,,,,,,,,,,,,,,,,,,,,,,,,,,,,,,,,,,,,,,,,,,,,,,,,,,,,,,,,,,,,,,,,,,,,,,,,,,,,,,,,,,,,,,,,,,,,,,,,,,,,,,,,,,,,0.0,140,80
2026-27,football,Heartland Collegiate Athletic Conference (HCAC),hcac,Bluffton,"Jones Jr.,Robert",Robert,Jones Jr.,,987,"Jones Jr.,Robert","JONES JR.,ROBERT",Bluffton,BLF,0,1,0,15,15,0,0,DB,0,,,,,,,,,,,,,,,,,,,,,,,,,,,,,,,,,,,,,,,,,,,,,,,,,,,,,,,,,,,,,,,,,,,,,,,,,,,,,,,,,,,,,,,,,,,,,,,,,,,,,,,,,,,,,,,,,,,,,,,,,,,,,,,,0.0,141,80
2026-27,football,Heartland Collegiate Athletic Conference (HCAC),hcac,Hanover,"Jones,Joshua",Joshua,Jones,,1115,"Jones,Joshua","JONES,JOSHUA",Hanover,HAN,1035-2665,3,3,77,77,0,OL,0,0,,,,,,,,,,,,,,,,,,,,,,,,,,,,,,,,,,,,,,,,,,,,,,,,,,,,,,,,,,,,,,,,,,,,,,,,,,,,,,,,,,,,,,,,,,,,,,,,,,,,,,,,,,,,,,,,,,,,,,,,,,,,,,,,0.0,142,80
2026-27,football,Heartland Collegiate Athletic Conference (HCAC),hcac,Franklin,"Kalwinski,Brody",Brody,Kalwinski,,2694,"Kalwinski,Brody","KALWINSKI,BRODY",Franklin,FRA,1034-3035,1,0,19,1J,0,0,DB,0,,,,,,,,,,,,,,,,,,,,,,,,,,,,,,,,,,,,,,,,,,,,,,,,,,,,,,,,,,,,,,,,,,,,,,,,,,,,,,,,,,,,,,,,,,,,,,,,,,,,,,,,,,,,,,,,,,,,,,,,,,,,,,,,0.0,143,80
2026-27,football,Heartland Collegiate Athletic Conference (HCAC),hcac,Anderson,"Kidd,Jayron",Jayron,Kidd,,939,"Kidd,Jayron","KIDD,JAYRON",Anderson,AND,0,1,0,5,05,0,0,DB,0,,,,,,,,,,,,,,,,,,,,,,,,,,,,,,,,,,,,,,,,,,,,,,,,,,,,,,,,,,,,,,,,,,,,,,,,,,,,,,,,,,,,,,,,,,,,,,,,,,,,,,,,,,,,,,,,,,,,,,,,,,,,,,,,0.0,144,80
2026-27,football,Heartland Collegiate Athletic Conference (HCAC),hcac,Bluffton,"King,Nathan",Nathan,King,,987,"King,Nathan","KING,NATHAN",Bluffton,BLF,0,3,3,70,70,0,OL,0,0,,,,,,,,,,,,,,,,,,,,,,,,,,,,,,,,,,,,,,,,,,,,,,,,,,,,,,,,,,,,,,,,,,,,,,,,,,,,,,,,,,,,,,,,,,,,,,,,,,,,,,,,,,,,,,,,,,,,,,,,,,,,,,,,0.0,145,79
2026-27,football,Heartland Collegiate Athletic Conference (HCAC),hcac,Mount St. Joseph,"Knotts,Darren",Darren,Knotts,,8567,"Knotts,Darren","KNOTTS,DARREN",Mount St. Joseph,MSJ,1037-3614,1,0,14,1K,0,0,DB,0,,,,,,,,,,,,,,,,,,,,,,,,,,,,,,,,,,,,,,,,,,,,,,,,,,,,,,,,,,,,,,,,,,,,,,,,,,,,,,,,,,,,,,,,,,,,,,,,,,,,,,,,,,,,,,,,,,,,,,,,,,,,,,,,0.0,146,79
2026-27,football,Heartland Collegiate Athletic Conference (HCAC),hcac,Hanover,"Kruse,Owen",Owen,Kruse,,1115,"Kruse,Owen","KRUSE,OWEN",Hanover,HAN,1035-2442,3,3,63,63,0,OL,0,0,,,,,,,,,,,,,,,,,,,,,,,,,,,,,,,,,,,,,,,,,,,,,,,,,,,,,,,,,,,,,,,,,,,,,,,,,,,,,,,,,,,,,,,,,,,,,,,,,,,,,,,,,,,,,,,,,,,,,,,,,,,,,,,,0.0,147,79
2026-27,football,Heartland Collegiate Athletic Conference (HCAC),hcac,Mount St. Joseph,"Lewis,Donnie",Donnie,Lewis,,8567,"Lewis,Donnie","LEWIS,DONNIE",Mount St. Joseph,MSJ,1037-2512,3,3,56,56,0,OT,0,0,,,,,,,,,,,,,,,,,,,,,,,,,,,,,,,,,,,,,,,,,,,,,,,,,,,,,,,,,,,,,,,,,,,,,,,,,,,,,,,,,,,,,,,,,,,,,,,,,,,,,,,,,,,,,,,,,,,,,,,,,,,,,,,,0.0,148,79
2026-27,football,Heartland Collegiate Athletic Conference (HCAC),hcac,Anderson,"Libler,Eli",Eli,Libler,,939,"Libler,Eli","LIBLER,ELI",Anderson,AND,0,2,0,90,90,0,0,DL,0,,,,,,,,,,,,,,,,,,,,,,,,,,,,,,,,,,,,,,,,,,,,,,,,,,,,,,,,,,,,,,,,,,,,,,,,,,,,,,,,,,,,,,,,,,,,,,,,,,,,,,,,,,,,,,,,,,,,,,,,,,,,,,,,0.0,149,79
2026-27,football,Heartland Collegiate Athletic Conference (HCAC),hcac,Bluffton,"Longoria,Santi",Santi,Longoria,,987,"Longoria,Santi","LONGORIA,SANTI",Bluffton,BLF,0,1,0,48,48,0,TE,0,0,,,,,,,,,,,,,,,,,,,,,,,,,,,,,,,,,,,,,,,,,,,,,,,,,,,,,,,,,,,,,,,,,,,,,,,,,,,,,,,,,,,,,,,,,,,,,,,,,,,,,,,,,,,,,,,,,,,,,,,,,,,,,,,,0.0,150,79
2026-27,football,Heartland Collegiate Athletic Conference (HCAC),hcac,Anderson,"Lopez,Daniel",Daniel,Lopez,,939,"Lopez,Daniel","LOPEZ,DANIEL",Anderson,AND,0,1,0,83,83,0,TE,0,0,,,,,,,,,,,,,,,,,,,,,,,,,,,,,,,,,,,,,,,,,,,,,,,,,,,,,,,,,,,,,,,,,,,,,,,,,,,,,,,,,,,,,,,,,,,,,,,,,,,,,,,,,,,,,,,,,,,,,,,,,,,,,,,,0.0,151,79
2026-27,football,Heartland Collegiate Athletic Conference (HCAC),hcac,Anderson,"Maina,Justus",Justus,Maina,,939,"Maina,Justus","MAINA,JUSTUS",Anderson,AND,0,2,0,24,24,0,0,LB,0,,,,,,,,,,,,,,,,,,,,,,,,,,,,,,,,,,,,,,,,,,,,,,,,,,,,,,,,,,,,,,,,,,,,,,,,,,,,,,,,,,,,,,,,,,,,,,,,,,,,,,,,,,,,,,,,,,,,,,,,,,,,,,,,0.0,152,79
2026-27,football,Heartland Collegiate Athletic Conference (HCAC),hcac,Anderson,"Martin,Trevor",Trevor,Martin,,939,"Martin,Trevor","MARTIN,TREVOR",Anderson,AND,0,3,3,78,78,0,OL,0,0,,,,,,,,,,,,,,,,,,,,,,,,,,,,,,,,,,,,,,,,,,,,,,,,,,,,,,,,,,,,,,,,,,,,,,,,,,,,,,,,,,,,,,,,,,,,,,,,,,,,,,,,,,,,,,,,,,,,,,,,,,,,,,,,0.0,153,79
2026-27,football,Heartland Collegiate Athletic Conference (HCAC),hcac,Franklin,"Meseberg,Leo",Leo,Meseberg,,2694,"Meseberg,Leo","MESEBERG,LEO",Franklin,FRA,1034-2821,3,2,65,65,0,OL,0,0,,,,,,,,,,,,,,,,,,,,,,,,,,,,,,,,,,,,,,,,,,,,,,,,,,,,,,,,,,,,,,,,,,,,,,,,,,,,,,,,,,,,,,,,,,,,,,,,,,,,,,,,,,,,,,,,,,,,,,,,,,,,,,,,0.0,154,78
2026-27,football,Heartland Collegiate Athletic Conference (HCAC),hcac,Franklin,"Meyer,Haden",Haden,Meyer,,2694,"Meyer,Haden","MEYER,HADEN",Franklin,FRA,1034-3059,1,0,56,56,0,OL,0,0,,,,,,,,,,,,,,,,,,,,,,,,,,,,,,,,,,,,,,,,,,,,,,,,,,,,,,,,,,,,,,,,,,,,,,,,,,,,,,,,,,,,,,,,,,,,,,,,,,,,,,,,,,,,,,,,,,,,,,,,,,,,,,,,0.0,155,78
2026-27,football,Heartland Collegiate Athletic Conference (HCAC),hcac,Franklin,"Miller,Carson",Carson,Miller,,2694,"Miller,Carson","MILLER,CARSON",Franklin,FRA,1034-2807,1,0,15,15,0,0,DL,0,,,,,,,,,,,,,,,,,,,,,,,,,,,,,,,,,,,,,,,,,,,,,,,,,,,,,,,,,,,,,,,,,,,,,,,,,,,,,,,,,,,,,,,,,,,,,,,,,,,,,,,,,,,,,,,,,,,,,,,,,,,,,,,,0.0,156,78
2026-27,football,Heartland Collegiate Athletic Conference (HCAC),hcac,Manchester,"Moody,Frank",Frank,Moody,,1192,"Moody,Frank","MOODY,FRANK",Manchester,MAN,1036-2616,2,2,4,4X,0,WR,0,0,,,,,,,,,,,,,,,,,,,,,,,,,,,,,,,,,,,,,,,,,,,,,,,,,,,,,,,,,,,,,,,,,,,,,,,,,,,,,,,,,,,,,,,,,,,,,,,,,,,,,,,,,,,,,,,,,,,,,,,,,,,,,,,,0.0,157,78
2026-27,football,Heartland Collegiate Athletic Conference (HCAC),hcac,Rose-Hulman,"Naas,Blake",Blake,Naas,,585,"Naas,Blake","NAAS,BLAKE",Rose-Hulman,RHI,1038-5287,3,3,70,70,0,OL,0,0,,,,,,,,,,,,,,,,,,,,,,,,,,,,,,,,,,,,,,,,,,,,,,,,,,,,,,,,,,,,,,,,,,,,,,,,,,,,,,,,,,,,,,,,,,,,,,,,,,,,,,,,,,,,,,,,,,,,,,,,,,,,,,,,0.0,158,78
2026-27,football,Heartland Collegiate Athletic Conference (HCAC),hcac,Manchester,"Nank,Rylee",Rylee,Nank,,1192,"Nank,Rylee","NANK,RYLEE",Manchester,MAN,1036-2848,3,3,70,7N,0,OL,0,0,,,,,,,,,,,,,,,,,,,,,,,,,,,,,,,,,,,,,,,,,,,,,,,,,,,,,,,,,,,,,,,,,,,,,,,,,,,,,,,,,,,,,,,,,,,,,,,,,,,,,,,,,,,,,,,,,,,,,,,,,,,,,,,,0.0,159,78
2026-27,football,Heartland Collegiate Athletic Conference (HCAC),hcac,Anderson,"O'Dell,Thomas",Thomas,O'Dell,,939,"O'Dell,Thomas","O'DELL,THOMAS",Anderson,AND,0,2,0,54,54,0,OL,0,0,,,,,,,,,,,,,,,,,,,,,,,,,,,,,,,,,,,,,,,,,,,,,,,,,,,,,,,,,,,,,,,,,,,,,,,,,,,,,,,,,,,,,,,,,,,,,,,,,,,,,,,,,,,,,,,,,,,,,,,,,,,,,,,,0.0,160,78
2026-27,football,Heartland Collegiate Athletic Conference (HCAC),hcac,Mount St. Joseph,"Owens-Rice,Marcus",Marcus,Owens-Rice,,8567,"Owens-Rice,Marcus","OWENS-RICE,MARCUS",Mount St. Joseph,MSJ,1037-3649,1,0,32,3O,0,0,DB,0,,,,,,,,,,,,,,,,,,,,,,,,,,,,,,,,,,,,,,,,,,,,,,,,,,,,,,,,,,,,,,,,,,,,,,,,,,,,,,,,,,,,,,,,,,,,,,,,,,,,,,,,,,,,,,,,,,,,,,,,,,,,,,,,0.0,161,78
2026-27,football,Heartland Collegiate Athletic Conference (HCAC),hcac,Mount St. Joseph,"Partin,Austin",Austin,Partin,,8567,"Partin,Austin","PARTIN,AUSTIN",Mount St. Joseph,MSJ,1037-2995,3,3,55,55,0,OL,0,0,,,,,,,,,,,,,,,,,,,,,,,,,,,,,,,,,,,,,,,,,,,,,,,,,,,,,,,,,,,,,,,,,,,,,,,,,,,,,,,,,,,,,,,,,,,,,,,,,,,,,,,,,,,,,,,,,,,,,,,,,,,,,,,,0.0,162,77
2026-27,football,Heartland Collegiate Athletic Conference (HCAC),hcac,Hanover,"Paul,Jordan",Jordan,Paul,,1115,"Paul,Jordan","PAUL,JORDAN",Hanover,HAN,1035-2880,1,0,27,2P,0,0,DB,0,,,,,,,,,,,,,,,,,,,,,,,,,,,,,,,,,,,,,,,,,,,,,,,,,,,,,,,,,,,,,,,,,,,,,,,,,,,,,,,,,,,,,,,,,,,,,,,,,,,,,,,,,,,,,,,,,,,,,,,,,,,,,,,,0.0,163,77
2026-27,football,Heartland Collegiate Athletic Conference (HCAC),hcac,Bluffton,"Pennington,Caron",Caron,Pennington,,987,"Pennington,Caron","PENNINGTON,CARON",Bluffton,BLF,0,1,0,42,42,0,0,LB,0,,,,,,,,,,,,,,,,,,,,,,,,,,,,,,,,,,,,,,,,,,,,,,,,,,,,,,,,,,,,,,,,,,,,,,,,,,,,,,,,,,,,,,,,,,,,,,,,,,,,,,,,,,,,,,,,,,,,,,,,,,,,,,,,0.0,164,77
2026-27,football,Heartland Collegiate Athletic Conference (HCAC),hcac,Bluffton,"Penny,Austin",Austin,Penny,,987,"Penny,Austin","PENNY,AUSTIN",Bluffton,BLF,0,1,0,92,92,0,0,DL,0,,,,,,,,,,,,,,,,,,,,,,,,,,,,,,,,,,,,,,,,,,,,,,,,,,,,,,,,,,,,,,,,,,,,,,,,,,,,,,,,,,,,,,,,,,,,,,,,,,,,,,,,,,,,,,,,,,,,,,,,,,,,,,,,0.0,165,77
2026-27,football,Heartland Collegiate Athletic Conference (HCAC),hcac,Franklin,"Pippenger,Keatz",Keatz,Pippenger,,2694,"Pippenger,Keatz","PIPPENGER,KEATZ",Franklin,FRA,1034-2367,1,0,69,69,0,OL,0,0,,,,,,,,,,,,,,,,,,,,,,,,,,,,,,,,,,,,,,,,,,,,,,,,,,,,,,,,,,,,,,,,,,,,,,,,,,,,,,,,,,,,,,,,,,,,,,,,,,,,,,,,,,,,,,,,,,,,,,,,,,,,,,,,0.0,166,77
2026-27,football,Heartland Collegiate Athletic Conference (HCAC),hcac,Hanover,"Purciful,Ben",Ben,Purciful,,1115,"Purciful,Ben","PURCIFUL,BEN",Hanover,HAN,1035-2235,3,3,65,65,0,OL,0,0,,,,,,,,,,,,,,,,,,,,,,,,,,,,,,,,,,,,,,,,,,,,,,,,,,,,,,,,,,,,,,,,,,,,,,,,,,,,,,,,,,,,,,,,,,,,,,,,,,,,,,,,,,,,,,,,,,,,,,,,,,,,,,,,0.0,167,77
2026-27,football,Heartland Collegiate Athletic Conference (HCAC),hcac,Anderson,"Rand,Leonard",Leonard,Rand,,939,"Rand,Leonard","RAND,LEONARD",Anderson,AND,0,2,0,52,52,0,0,DL,0,,,,,,,,,,,,,,,,,,,,,,,,,,,,,,,,,,,,,,,,,,,,,,,,,,,,,,,,,,,,,,,,,,,,,,,,,,,,,,,,,,,,,,,,,,,,,,,,,,,,,,,,,,,,,,,,,,,,,,,,,,,,,,,,0.0,168,77
2026-27,football,Heartland Collegiate Athletic Conference (HCAC),hcac,Manchester,"Rincon,Jimmy",Jimmy,Rincon,,1192,"Rincon,Jimmy","RINCON,JIMMY",Manchester,MAN,1036-2855,2,2,69,69,0,OL,0,0,,,,,,,,,,,,,,,,,,,,,,,,,,,,,,,,,,,,,,,,,,,,,,,,,,,,,,,,,,,,,,,,,,,,,,,,,,,,,,,,,,,,,,,,,,,,,,,,,,,,,,,,,,,,,,,,,,,,,,,,,,,,,,,,0.0,169,77
2026-27,football,Heartland Collegiate Athletic Conference (HCAC),hcac,Mount St. Joseph,"Rockholt,Lucas",Lucas,Rockholt,,8567,"Rockholt,Lucas","ROCKHOLT,LUCAS",Mount St. Joseph,MSJ,1037-3199,2,0,49,49,0,0,DL,0,,,,,,,,,,,,,,,,,,,,,,,,,,,,,,,,,,,,,,,,,,,,,,,,,,,,,,,,,,,,,,,,,,,,,,,,,,,,,,,,,,,,,,,,,,,,,,,,,,,,,,,,,,,,,,,,,,,,,,,,,,,,,,,,0.0,170,77
2026-27,football,Heartland Collegiate Athletic Conference (HCAC),hcac,Franklin,"Roembke,Ben",Ben,Roembke,,2694,"Roembke,Ben","ROEMBKE,BEN",Franklin,FRA,1034-2368,3,3,77,77,0,OL,0,0,,,,,,,,,,,,,,,,,,,,,,,,,,,,,,,,,,,,,,,,,,,,,,,,,,,,,,,,,,,,,,,,,,,,,,,,,,,,,,,,,,,,,,,,,,,,,,,,,,,,,,,,,,,,,,,,,,,,,,,,,,,,,,,,0.0,171,76
2026-27,football,Heartland Collegiate Athletic Conference (HCAC),hcac,Mount St. Joseph,"Routt,Teegin",Teegin,Routt,,8567,"Routt,Teegin","ROUTT,TEEGIN",Mount St. Joseph,MSJ,1037-3155,3,0,9,9,0,0,0,0,,,,,,,,,,,,,,,,,,,,,,,,,,,,,,,,,,,,,,,,,,,,,,,,,,,,,,,,,,,,,,,,,,,,,,,,,,,,,,,,,,,,,,,,,,,,,,,,,,,,,,,,,,,,,,,,,,,,,,,,,,,,,,,,0.0,172,76
2026-27,football,Heartland Collegiate Athletic Conference (HCAC),hcac,Franklin,"Sam,Malcolm",Malcolm,Sam,,2694,"Sam,Malcolm","SAM,MALCOLM",Franklin,FRA,1034-2388,1,0,88,88,0,TE,0,0,,,,,,,,,,,,,,,,,,,,,,,,,,,,,,,,,,,,,,,,,,,,,,,,,,,,,,,,,,,,,,,,,,,,,,,,,,,,,,,,,,,,,,,,,,,,,,,,,,,,,,,,,,,,,,,,,,,,,,,,,,,,,,,,0.0,173,76
2026-27,football,Heartland Collegiate Athletic Conference (HCAC),hcac,Mount St. Joseph,"Shipp,Josh",Josh,Shipp,,8567,"Shipp,Josh","SHIPP,JOSH",Mount St. Joseph,MSJ,1037-2534,1,0,65,65,0,OL,0,0,,,,,,,,,,,,,,,,,,,,,,,,,,,,,,,,,,,,,,,,,,,,,,,,,,,,,,,,,,,,,,,,,,,,,,,,,,,,,,,,,,,,,,,,,,,,,,,,,,,,,,,,,,,,,,,,,,,,,,,,,,,,,,,,0.0,174,76
2026-27,football,Heartland Collegiate Athletic Conference (HCAC),hcac,Anderson,"Shupe,Kaiden",Kaiden,Shupe,,939,"Shupe,Kaiden","SHUPE,KAIDEN",Anderson,AND,0,2,0,58,58,0,OL,0,0,,,,,,,,,,,,,,,,,,,,,,,,,,,,,,,,,,,,,,,,,,,,,,,,,,,,,,,,,,,,,,,,,,,,,,,,,,,,,,,,,,,,,,,,,,,,,,,,,,,,,,,,,,,,,,,,,,,,,,,,,,,,,,,,0.0,175,76
2026-27,football,Heartland Collegiate Athletic Conference (HCAC),hcac,Rose-Hulman,"Simone,Antonio",Antonio,Simone,,585,"Simone,Antonio","SIMONE,ANTONIO",Rose-Hulman,RHI,1038-4989,3,3,71,71,0,OL,0,0,,,,,,,,,,,,,,,,,,,,,,,,,,,,,,,,,,,,,,,,,,,,,,,,,,,,,,,,,,,,,,,,,,,,,,,,,,,,,,,,,,,,,,,,,,,,,,,,,,,,,,,,,,,,,,,,,,,,,,,,,,,,,,,,0.0,176,76
2026-27,football,Heartland Collegiate Athletic Conference (HCAC),hcac,Mount St. Joseph,"Singh,Morgan",Morgan,Singh,,8567,"Singh,Morgan","SINGH,MORGAN",Mount St. Joseph,MSJ,1037-3635,2,0,45,4L,0,0,0,0,,,,,,,,,,,,,,,,,,,,,,,,,,,,,,,,,,,,,,,,,,,,,,,,,,,,,,,,,,,,,,,,,,,,,,,,,,,,,,,,,,,,,,,,,,,,,,,,,,,,,,,,,,,,,,,,,,,,,,,,,,,,,,,,0.0,177,76
2026-27,football,Heartland Collegiate Athletic Conference (HCAC),hcac,Franklin,"Sisk,Peyton",Peyton,Sisk,,2694,"Sisk,Peyton","SISK,PEYTON",Franklin,FRA,1034-2828,3,3,63,63,0,OL,0,0,,,,,,,,,,,,,,,,,,,,,,,,,,,,,,,,,,,,,,,,,,,,,,,,,,,,,,,,,,,,,,,,,,,,,,,,,,,,,,,,,,,,,,,,,,,,,,,,,,,,,,,,,,,,,,,,,,,,,,,,,,,,,,,,0.0,178,76
2026-27,football,Heartland Collegiate Athletic Conference (HCAC),hcac,Anderson,"Smoak,Edgar",Edgar,Smoak,,939,"Smoak,Edgar","SMOAK,EDGAR",Anderson,AND,0,2,0,70,70,0,OL,0,0,,,,,,,,,,,,,,,,,,,,,,,,,,,,,,,,,,,,,,,,,,,,,,,,,,,,,,,,,,,,,,,,,,,,,,,,,,,,,,,,,,,,,,,,,,,,,,,,,,,,,,,,,,,,,,,,,,,,,,,,,,,,,,,,0.0,179,75
2026-27,football,Heartland Collegiate Athletic Conference (HCAC),hcac,Hanover,"Story,Gabe",Gabe,Story,,1115,"Story,Gabe","STORY,GABE",Hanover,HAN,1035-2243,3,3,56,56,0,OL,0,0,,,,,,,,,,,,,,,,,,,,,,,,,,,,,,,,,,,,,,,,,,,,,,,,,,,,,,,,,,,,,,,,,,,,,,,,,,,,,,,,,,,,,,,,,,,,,,,,,,,,,,,,,,,,,,,,,,,,,,,,,,,,,,,,0.0,180,75
2026-27,football,Heartland Collegiate Athletic Conference (HCAC),hcac,Bluffton,"Stuckey,Arion",Arion,Stuckey,,987,"Stuckey,Arion","STUCKEY,ARION",Bluffton,BLF,0,3,3,56,5S,0,OL,0,0,,,,,,,,,,,,,,,,,,,,,,,,,,,,,,,,,,,,,,,,,,,,,,,,,,,,,,,,,,,,,,,,,,,,,,,,,,,,,,,,,,,,,,,,,,,,,,,,,,,,,,,,,,,,,,,,,,,,,,,,,,,,,,,,0.0,181,75
2026-27,football,Heartland Collegiate Athletic Conference (HCAC),hcac,Bluffton,"Susko,John",John,Susko,,987,"Susko,John","SUSKO,JOHN",Bluffton,BLF,0,2,2,72,72,0,OL,0,0,,,,,,,,,,,,,,,,,,,,,,,,,,,,,,,,,,,,,,,,,,,,,,,,,,,,,,,,,,,,,,,,,,,,,,,,,,,,,,,,,,,,,,,,,,,,,,,,,,,,,,,,,,,,,,,,,,,,,,,,,,,,,,,,0.0,182,75
2026-27,football,Heartland Collegiate Athletic Conference (HCAC),hcac,Manchester,"Thatcher,Andrew",Andrew,Thatcher,,1192,"Thatcher,Andrew","THATCHER,ANDREW",Manchester,MAN,1036-3034,3,3,57,57,0,OL,0,0,,,,,,,,,,,,,,,,,,,,,,,,,,,,,,,,,,,,,,,,,,,,,,,,,,,,,,,,,,,,,,,,,,,,,,,,,,,,,,,,,,,,,,,,,,,,,,,,,,,,,,,,,,,,,,,,,,,,,,,,,,,,,,,,0.0,183,75
2026-27,football,Heartland Collegiate Athletic Conference (HCAC),hcac,Mount St. Joseph,"Toon,Kyle",Kyle,Toon,,8567,"Toon,Kyle","TOON,KYLE",Mount St. Joseph,MSJ,1037-2537,3,0,13,13,0,WR,0,0,,,,,,,,,,,,,,,,,,,,,,,,,,,,,,,,,,,,,,,,,,,,,,,,,,,,,,,,,,,,,,,,,,,,,,,,,,,,,,,,,,,,,,,,,,,,,,,,,,,,,,,,,,,,,,,,,,,,,,,,,,,,,,,,0.0,184,75
2026-27,football,Heartland Collegiate Athletic Conference (HCAC),hcac,Franklin,"Upchurch,Jonah",Jonah,Upchurch,,2694,"Upchurch,Jonah","UPCHURCH,JONAH",Franklin,FRA,1034-3052,1,0,41,41,0,0,DB,0,,,,,,,,,,,,,,,,,,,,,,,,,,,,,,,,,,,,,,,,,,,,,,,,,,,,,,,,,,,,,,,,,,,,,,,,,,,,,,,,,,,,,,,,,,,,,,,,,,,,,,,,,,,,,,,,,,,,,,,,,,,,,,,,0.0,185,75
2026-27,football,Heartland Collegiate Athletic Conference (HCAC),hcac,Franklin,"Vandenburg,Blake",Blake,Vandenburg,,2694,"Vandenburg,Blake","VANDENBURG,BLAKE",Franklin,FRA,1034-3048,3,0,33,33,0,0,0,0,,,,,,,,,,,,,,,,,,,,,,,,,,,,,,,,,,,,,,,,,,,,,,,,,,,,,,,,,,,,,,,,,,,,,,,,,,,,,,,,,,,,,,,,,,,,,,,,,,,,,,9,412,0,0,45.8,,,,,,,,,,,,,,,,,,,,,,0.0,186,75
2026-27,football,Heartland Collegiate Athletic Conference (HCAC),hcac,Anderson,"Viverette,DaeQuan",DaeQuan,Viverette,,939,"Viverette,DaeQuan","VIVERETTE,DAEQUAN",Anderson,AND,0,3,3,55,55,0,OL,0,0,,,,,,,,,,,,,,,,,,,,,,,,,,,,,,,,,,,,,,,,,,,,,,,,,,,,,,,,,,,,,,,,,,,,,,,,,,,,,,,,,,,,,,,,,,,,,,,,,,,,,,,,,,,,,,,,,,,,,,,,,,,,,,,,0.0,187,75
2026-27,football,Heartland Collegiate Athletic Conference (HCAC),hcac,Mount St. Joseph,"Wagner,Zane",Zane,Wagner,,8567,"Wagner,Zane","WAGNER,ZANE",Mount St. Joseph,MSJ,1037-3640,1,0,62,62,0,OL,0,0,,,,,,,,,,,,,,,,,,,,,,,,,,,,,,,,,,,,,,,,,,,,,,,,,,,,,,,,,,,,,,,,,,,,,,,,,,,,,,,,,,,,,,,,,,,,,,,,,,,,,,,,,,,,,,,,,,,,,,,,,,,,,,,,0.0,188,74
2026-27,football,Heartland Collegiate Athletic Conference (HCAC),hcac,Franklin,"Washington,JT",JT,Washington,,2694,"Washington,JT","WASHINGTON,JT",Franklin,FRA,1034-2596,2,1,55,55,0,OL,0,0,,,,,,,,,,,,,,,,,,,,,,,,,,,,,,,,,,,,,,,,,,,,,,,,,,,,,,,,,,,,,,,,,,,,,,,,,,,,,,,,,,,,,,,,,,,,,,,,,,,,,,,,,,,,,,,,,,,,,,,,,,,,,,,,0.0,189,74
2026-27,football,Heartland Collegiate Athletic Conference (HCAC),hcac,Anderson,"Whitaker,Luke",Luke,Whitaker,,939,"Whitaker,Luke","WHITAKER,LUKE",Anderson,AND,0,2,0,5,J5,0,QB,0,0,,,,,,,,,,,,,,,,,,,,,,,,,,,,,,,,,,,,,,,,,,,,,,,,,,,,,,,,,,,,,,,,,,,,,,,,,,,,,,,,,,,,,,,,,,,,,,,,,,,,,,,,,,,,,,,,,,,,,,,,,,,,,,,,0.0,190,74
2026-27,football,Heartland Collegiate Athletic Conference (HCAC),hcac,Bluffton,"Williams,Mikell",Mikell,Williams,,987,"Williams,Mikell","WILLIAMS,MIKELL",Bluffton,BLF,0,1,1,96,96,0,0,DL,0,,,,,,,,,,,,,,,,,,,,,,,,,,,,,,,,,,,,,,,,,,,,,,,,,,,,,,,,,,,,,,,,,,,,,,,,,,,,,,,,,,,,,,,,,,,,,,,,,,,,,,,,,,,,,,,,,,,,,,,,,,,,,,,,0.0,191,74
2026-27,football,Heartland Collegiate Athletic Conference (HCAC),hcac,Rose-Hulman,"Willis,Gabriel",Gabriel,Willis,,585,"Willis,Gabriel","WILLIS,GABRIEL",Rose-Hulman,RHI,1038-5424,3,3,78,78,0,OL,0,0,,,,,,,,,,,,,,,,,,,,,,,,,,,,,,,,,,,,,,,,,,,,,,,,,,,,,,,,,,,,,,,,,,,,,,,,,,,,,,,,,,,,,,,,,,,,,,,,,,,,,,,,,,,,,,,,,,,,,,,,,,,,,,,,0.0,192,74
2026-27,football,Heartland Collegiate Athletic Conference (HCAC),hcac,Franklin,"Winchester,Alex",Alex,Winchester,,2694,"Winchester,Alex","WINCHESTER,ALEX",Franklin,FRA,1034-2826,1,0,29,2J,0,0,DB,0,,,,,,,,,,,,,,,,,,,,,,,,,,,,,,,,,,,,,,,,,,,,,,,,,,,,,,,,,,,,,,,,,,,,,,,,,,,,,,,,,,,,,,,,,,,,,,,,,,,,,,,,,,,,,,,,,,,,,,,,,,,,,,,,0.0,193,74
2026-27,football,Heartland Collegiate Athletic Conference (HCAC),hcac,Anderson,"Woodson,Tyrin",Tyrin,Woodson,,939,"Woodson,Tyrin","WOODSON,TYRIN",Anderson,AND,0,2,0,36,36,0,0,DB,0,,,,,,,,,,,,,,,,,,,,,,,,,,,,,,,,,,,,,,,,,,,,,,,,,,,,,,,,,,,,,,,,,,,,,,,,,,,,,,,,,,,,,,,,,,,,,,,,,,,,,,,,,,,,,,,,,,,,,,,,,,,,,,,,0.0,194,74
2026-27,football,Heartland Collegiate Athletic Conference (HCAC),hcac,Franklin,"Janisse,Gabriel",Gabriel,Janisse,,2694,"Janisse,Gabriel","JANISSE,GABRIEL",Franklin,FRA,1034-2806,1,0,83,83,0,WR,0,0,,,,,,,,,,,,,,,,,,,,,,,,,,,,,,,,,,,,,,,,,,,,,,,,,,,,,,,,,,,,,,,,,,,,,,,,,,,3,54,0,23,18.0,,,,,,,,,,,,,,,,,,,,,,,,,,,,,,,,,,,,,,,,,,,,,,,,,-0.010068013233366294,195,74
2026-27,football,Heartland Collegiate Athletic Conference (HCAC),hcac,Hanover,"Lecher,Owen",Owen,Lecher,,1115,"Lecher,Owen","LECHER,OWEN",Hanover,HAN,1035-2649,3,0,7,7A,0,0,DL,0,,,,,,,,,,,,0,7,1,8,8,1.0,.0,.0,1,0,4,0,0,0,0,0,1,2,0,0,0,0,0,0,,,,,,,,,,,,,,,,,,,,,,,,,,,,,,,,,,,,,,,,,,,,,,,,,,,,,,,,,,,,,,,,,,,,,,,,,,,,,,,,,,,,,,,,,,,,,-0.024116449799892414,196,73
2026-27,football,Heartland Collegiate Athletic Conference (HCAC),hcac,Bluffton,"Celestine,Israel",Israel,Celestine,,987,"Celestine,Israel","CELESTINE,ISRAEL",Bluffton,BLF,0,3,1,4,4,0,0,DL,0,,,,,,,,,,,,0,7,6,13,13,.0,.0,.0,0,0,0,0,0,0,0,0,0,0,0,0,0,0,0,0,,,,,,,,,,,,,,,,,,,,,,,,,,,,,,,,,,,,,,,,,,,,,,,,,,,,,,,,,,,,,,,,,,,,,,,,,,,,,,,,,,,,,,,,,,,,,-0.05583570153943612,197,73
2026-27,football,Heartland Collegiate Athletic Conference (HCAC),hcac,Anderson,"DeLucio,Ja'Riyah",Ja'Riyah,DeLucio,,939,"DeLucio,Ja'Riyah","DELUCIO,JA'RIYAH",Anderson,AND,0,3,0,12,A2,0,WR,0,0,,,11,144,2,19,13.1,,,,,0,0,0,0,0,.0,.0,.0,0,0,0,0,0,0,0,0,0,0,0,0,0,0,0,0,,,,,,,,,1,1,0,2,0,0,0,0,0,0,0,12,12,4,,,,,,,,,,,,,,,,,,,,,,,,,,,,,,,,,,,,,,,,,,,,,,,,,,,,,,,,,,,,,,,,,,,,,,,-0.061972299681034515,198,73
2026-27,football,Heartland Collegiate Athletic Conference (HCAC),hcac,Hanover,"Stoner,Nick",Nick,Stoner,,1115,"Stoner,Nick","STONER,NICK",Hanover,HAN,1035-2671,3,0,43,43,0,0,0,0,,,,,,,,,,,,,,,,,,,,,,,,,,,,,,,,,,,,,,,,,,,,,,,,,,,,,,,,,,,,,,,,,,19,759,60,0,1,6,1,2,39.9,,,,,,,,,,,,,,,,,,,,,,,,,,,,,,,,,,,,,,,,,,,,,,,,,,,,,,-0.08097548655094747,199,73
2026-27,football,Heartland Collegiate Athletic Conference (HCAC),hcac,Mount St. Joseph,"Paff,Luke",Luke,Paff,,8567,"Paff,Luke","PAFF,LUKE",Mount St. Joseph,MSJ,1037-2524,2,2,23,23,0,0,LB,0,,,,,,,,,,,,0,4,6,10,10,.5,.0,.0,0,1,2,0,0,0,0,0,1,0,0,0,0,0,0,0,,,,,,,,,,,,,,,,,,,,,,,,,,,,,,,,,,,,,,,,,,,,,,,,,,,,,,,,,,,,,,,,,,,,,,,,,,,,,,,,,,,,,,,,,,,,,-0.09760269402865057,200,73
2026-27,football,Heartland Collegiate Athletic Conference (HCAC),hcac,Rose-Hulman,"Behrend,Brock",Brock,Behrend,,585,"Behrend,Brock","BEHREND,BROCK",Rose-Hulman,RHI,1038-4994,3,3,50,50,0,0,LB,0,,,,,,,,,,,,0,3,9,12,12,.0,.0,.0,0,0,0,0,0,0,0,0,0,3,0,0,0,0,0,0,,,,,,,,,,,,,,,,,,,,,,,,,,,,,,,,,,,,,,,,,,,,,,,,,,,,,,,,,,,,,,,,,,,,,,,,,,,,,,,,,,,,,,,,,,,,,-0.17108893825740895,201,73
2026-27,football,Heartland Collegiate Athletic Conference (HCAC),hcac,Manchester,"Abdulameer,Abdullah",Abdullah,Abdulameer,,1192,"Abdulameer,Abdullah","ABDULAMEER,ABDULLAH",Manchester,MAN,1036-2660,3,1,2,2X,0,WR,0,0,,,3,86,0,59,28.7,,,,,,,,,,,,,,,,,,,,,,,,,,,,,,,,,,,,,,,,,,,,,,,,,,,,,,,,,,,,,,,,,,,,,,,,,,,,,,,,,,,,,,,,,,,,,,,,,,,,,,,,,,,,,,,,,,,,,,,,,-0.17791087984240594,202,73
2026-27,football,Heartland Collegiate Athletic Conference (HCAC),hcac,Rose-Hulman,"Ploetz,Grant",Grant,Ploetz,,585,"Ploetz,Grant","PLOETZ,GRANT",Rose-Hulman,RHI,1038-5414,2,0,39,39,0,0,0,0,,,,,,,,,,,,,,,,,,,,,,,,,,,,,,,,,,,,,,,,,,,,,,,,,,,,,,,,,,,,,,,,,,10,416,63,0,0,1,2,1,41.6,,,,,,,,,,,,,,,,,,,,,,,,,,,,,,,,,,,,,,,,,,,,,,,,,,,,,,-0.19565422472858351,203,73
2026-27,football,Heartland Collegiate Athletic Conference (HCAC),hcac,Franklin,"Dittmer,Trenton",Trenton,Dittmer,,2694,"Dittmer,Trenton","DITTMER,TRENTON",Franklin,FRA,1034-2608,6,0,27,27,0,0,0,0,,,1,4,0,4,4.0,,,,,,,,,,,,,,,,,,,,,,,,,,,,,,,,,,,,,,,,,,,,,,,,,,,,,,,,,,,19,798,53,0,1,1,2,6,42.0,,,,,,,,,,,,,,,,,,,,,,,,,,,,,,,,,,,,,,,,,,,,,,,,,,,,,,-0.19723192762080322,204,73
2026-27,football,Heartland Collegiate Athletic Conference (HCAC),hcac,Mount St. Joseph,"Pittman,Keymari",Keymari,Pittman,,8567,"Pittman,Keymari","PITTMAN,KEYMARI",Mount St. Joseph,MSJ,1037-2528,3,1,6,6,0,WR,0,0,,,5,83,0,35,16.6,,,,,,,,,,,,,,,,,,,,,,,,,,,,,,,,,,,,,,,,,,,,,,,,,,,,,,,,,,,,,,,,,,,,,,,,,,,,,,,,,,,,,,,,,,,,,,,,,,,,,,,,,,,,,,,,,,,,,,,,,-0.2139085639840753,205,72
2026-27,football,Heartland Collegiate Athletic Conference (HCAC),hcac,Bluffton,"Williford,Elijah",Elijah,Williford,,987,"Williford,Elijah","WILLIFORD,ELIJAH",Bluffton,BLF,0,1,0,10,1W,0,WR,0,0,,,,,,,,,,,,,,,,,,,,,,,,,,,,,,,,,,,,,,,,,,,,,,,,,,,,,,,,,,,,,,,,,,,,,,,,,,,1,23,0,23,23.0,,,,,,,,,,,,,,,,,,,,,,,,,,,,,,,,,,,,,,,,,,,,,,,,,-0.2209520742025256,206,72
2026-27,football,Heartland Collegiate Athletic Conference (HCAC),hcac,Rose-Hulman,"Culotta,Joseph",Joseph,Culotta,,585,"Culotta,Joseph","CULOTTA,JOSEPH",Rose-Hulman,RHI,1038-5010,3,3,47,47,0,TE,0,0,,,10,113,1,20,11.3,,,,,0,0,0,0,0,.0,.0,.0,0,0,0,0,0,0,0,0,0,0,0,0,0,0,0,0,,,,,,,,,1,0,0,1,0,0,0,0,0,0,0,6,6,2,,,,,,,,,,,,,,,,,,,,,,,,,,,,,,,,,,,,,,,,,,,,,,,,,,,,,,,,,,,,,,,,,,,,,,,-0.24614986546412382,207,72
2026-27,football,Heartland Collegiate Athletic Conference (HCAC),hcac,Anderson,"Rayburn,Brandon",Brandon,Rayburn,,939,"Rayburn,Brandon","RAYBURN,BRANDON",Anderson,AND,0,3,3,9,J9,0,WR,0,0,,,8,116,0,36,14.5,,,,,0,0,0,0,0,.0,.0,.0,0,0,0,0,0,0,0,0,0,0,0,0,0,0,0,0,,5,48,0,20,9.6,,,1,0,,,,,,,,,,,,,,,,,,,,,,,,,,,,,,6,99,0,28,16.5,,,,,,,,,,,,,,,,,,,,,,,,,,,,,,,,,,,,,,,,,,,,,,,,,-0.263324338000337,208,72
2026-27,football,Heartland Collegiate Athletic Conference (HCAC),hcac,Manchester,"Blue,William",William,Blue,,1192,"Blue,William","BLUE,WILLIAM",Manchester,MAN,1036-2990,3,0,42,42,0,0,LB,0,,,,,,,,,,,,0,7,4,11,11,.0,.0,.0,0,0,0,0,0,0,0,0,0,0,0,0,0,0,0,0,,,,,,,,,,,,,,,,,,,,,,,,,,,,,,,,,,,,,,,,,,,,,,,,,,,,,,,,,,,,,,,,,,,,,,,,,,,,,,,,,,,,,,,,,,,,,-0.2863421749753815,209,72
2026-27,football,Heartland Collegiate Athletic Conference (HCAC),hcac,Rose-Hulman,"Strongheart,Tristan",Tristan,Strongheart,,585,"Strongheart,Tristan","STRONGHEART,TRISTAN",Rose-Hulman,RHI,1038-4848,3,3,2,2,0,0,DB,0,,,,,,,,,,,,0,5,0,5,5,.0,.0,.0,0,0,0,0,0,0,0,1,0,0,0,0,0,0,0,1,,,,,,,,,,,,,,,,,,,,,,,,,,,,,,,,,,,,,,,,,,,,,,,,,,,,,,,,,,,,,,,,,,,,,,,,,,,,,,,,,,,,,,,,,,,,,-0.2985639281480412,210,72
2026-27,football,Heartland Collegiate Athletic Conference (HCAC),hcac,Bluffton,"Bratcher,Jesse",Jesse,Bratcher,,987,"Bratcher,Jesse","BRATCHER,JESSE",Bluffton,BLF,0,1,0,11,1B,0,WR,0,0,,,,,,,,,,,,,,,,,,,,,,,,,,,,,,,,,,,,,,,,,,,,,,,,,,,,,,,,,,,,,,,,,,,,,,,,,,,1,10,0,10,10.0,,,,,,,,,,,,,,,,,,,,,,,,,,,,,,,,,,,,,,,,,,,,,,,,,-0.3093873255766892,211,72
2026-27,football,Heartland Collegiate Athletic Conference (HCAC),hcac,Mount St. Joseph,"Yeager,Connor",Connor,Yeager,,8567,"Yeager,Connor","YEAGER,CONNOR",Mount St. Joseph,MSJ,1037-3236,3,0,43,43,0,0,0,0,,,,,,,,,,,,,,,,,,,,,,,,,,,,,,,,,,,,,,,,,,,,,,,,,,,,,,,,,,1,16,16,0,0,16,16.0,5.3,7,283,73,0,0,0,1,4,40.4,,,,,,,,,,,,,,,,,,,,,,,,,,,,,,,,,,,,,,,,,,,,,,,,,,,,,,-0.3188760057461484,212,72
2026-27,football,Heartland Collegiate Athletic Conference (HCAC),hcac,Franklin,"Miller,Isaiah",Isaiah,Miller,,2694,"Miller,Isaiah","MILLER,ISAIAH",Franklin,FRA,1034-2840,3,3,13,13,0,WR,0,0,,,10,103,1,31,10.3,,,,,0,0,0,0,0,.0,.0,.0,0,0,0,0,0,0,0,0,0,0,0,0,0,0,0,0,,,,,,,,,1,0,0,1,0,0,0,0,0,0,0,6,6,2,,,,,,,,,,,,,,,,,,,,,,,,,,,,,,,,,,,,,,,,,,,,,,,,,,,,,,,,,,,,,,,,,,,,,,,-0.3661421459363549,213,72
2026-27,football,Heartland Collegiate Athletic Conference (HCAC),hcac,Manchester,"Odle,Troy",Troy,Odle,,1192,"Odle,Troy","ODLE,TROY",Manchester,MAN,1036-3023,3,3,8,8,0,0,DB,0,,,,,,,,,,,,0,5,2,7,7,.0,.0,.0,0,0,0,0,0,0,0,2,0,0,0,0,0,0,0,2,,,,,,,,,,,,,,,,,,,,,,,0,0,0,0,0,0,.0,.0,,,,,,,,,,,,,,,,,,,,,,,,,,,,,,,,,,,,,,,,,,,,,,,,,,,,,,,,,,,,,,,-0.36615691799274597,214,71
2026-27,football,Heartland Collegiate Athletic Conference (HCAC),hcac,Anderson,"Wakolee,Hawk",Hawk,Wakolee,,939,"Wakolee,Hawk","WAKOLEE,HAWK",Anderson,AND,0,3,1,98,98,0,0,DL,0,,,,,,,,,,,,0,1,1,2,2,.5,.0,.0,0,1,3,0.5,0,1,3,0,0,0,0,0,0,0,0,0,,,,,,,,,,,,,,,,,,,,,,,,,,,,,,,,,,,,,,,,,,,,,,,,,,,,,,,,,,,,,,,,,,,,,,,,,,,,,,,,,,,,,,,,,,,,,-0.37215897240386403,215,71
2026-27,football,Heartland Collegiate Athletic Conference (HCAC),hcac,Rose-Hulman,"Jansen,Andrew",Andrew,Jansen,,585,"Jansen,Andrew","JANSEN,ANDREW",Rose-Hulman,RHI,1038-4987,3,0,42,42,0,0,DL,0,,,,,,,,,,,,0,1,3,4,4,.0,.0,.0,0,0,0,0,0,0,0,1,0,0,0,0,0,0,0,1,,,,,,,,,,,,,,,,,,,,,,,,,,,,,,,,,,,,,,,,,,,,,,,,,,,,,,,,,,,,,,,,,,,,,,,,,,,,,,,,,,,,,,,,,,,,,-0.41381716486601394,216,71
2026-27,football,Heartland Collegiate Athletic Conference (HCAC),hcac,Mount St. Joseph,"Cruse,Daveion",Daveion,Cruse,,8567,"Cruse,Daveion","CRUSE,DAVEION",Mount St. Joseph,MSJ,1037-3599,2,0,3,3,0,WR,0,0,,,3,66,0,49,22.0,,,,,,,,,,,,,,,,,,,,,,,,,,,,,,,,,,,,,,,,,,,,,,,,,,,,,,,,,,,,,,,,,,,,,,,,,,,,,,,,,,,,,,,,,,,,,,,,,,,,,,,,,,,,,,,,,,,,,,,,,-0.41789544078686824,217,71
2026-27,football,Heartland Collegiate Athletic Conference (HCAC),hcac,Manchester,"Skinner,Ethan",Ethan,Skinner,,1192,"Skinner,Ethan","SKINNER,ETHAN",Manchester,MAN,1036-2441,3,3,40,4S,0,TE,0,0,,,15,166,0,25,11.1,,,,,0,3,0,3,3,.0,.0,.0,0,0,0,0,0,0,0,0,0,0,0,0,0,0,0,0,,,,,,,,,,,0,0,0,0,0,1,0,0,0,2,2,0.67,,,,,,,,,,,,,,,,,,,,,,,,,,,,,,,,,,,,,,,,,,,,,,,,,,,,,,,,,,,,,,,,,,,,,,,-0.42634070478371977,218,71
2026-27,football,Heartland Collegiate Athletic Conference (HCAC),hcac,Mount St. Joseph,"Kemp,Jabari",Jabari,Kemp,,8567,"Kemp,Jabari","KEMP,JABARI",Mount St. Joseph,MSJ,1037-3612,2,0,28,2E,0,RB,0,0,,,,,,,,,,,,,,,,,,,,,,,,,,,,,,,,,,,,,,,,,,,,,,,,,,,,,,,,,,10,34,41,7,0,24,3.4,17.0,,,,,,,,,,,,,,,,,,,,,,,,,,,,,,,,,,,,,,,,,,,,,,,,,,,,,,,,,,,,,,,-0.439838703762964,219,71
2026-27,football,Heartland Collegiate Athletic Conference (HCAC),hcac,Franklin,"Patton,Kaden",Kaden,Patton,,2694,"Patton,Kaden","PATTON,KADEN",Franklin,FRA,1034-2588,3,3,10,1B,0,0,DL,0,,,,,,,,,,,,0,2,5,7,7,.5,.0,.0,0,1,1,0,0,0,0,0,0,0,0,0,0,0,0,0,,,,,,,,,,,,,,,,,,,,,,,,,,,,,,,,,,,,,,,,,,,,,,,,,,,,,,,,,,,,,,,,,,,,,,,,,,,,,,,,,,,,,,,,,,,,,-0.4433624041825688,220,71
2026-27,football,Heartland Collegiate Athletic Conference (HCAC),hcac,Hanover,"Key,Jayce",Jayce,Key,,1115,"Key,Jayce","KEY,JAYCE",Hanover,HAN,1035-2440,1,0,0,0A,0,0,LB,0,,,,,,,,,,,,0,0,1,1,1,.5,.0,.0,0,1,1,0.5,0,1,1,0,0,0,0,0,0,0,0,0,,,,,,,,,,,,,,,,,,,,,,,,,,,,,,,,,,,,,,,,,,,,,,,,,,,,,,,,,,,,,,,,,,,,,,,,,,,,,,,,,,,,,,,,,,,,,-0.4874122091218367,221,71
2026-27,football,Heartland Collegiate Athletic Conference (HCAC),hcac,Bluffton,"Sarpong Jr.,Eric",Eric,Sarpong Jr.,,987,"Sarpong Jr.,Eric","SARPONG JR.,ERIC",Bluffton,BLF,0,3,2,19,19,0,0,LB,0,,,,,,,,,,,,0,8,1,9,9,.0,.0,.0,0,0,0,0,0,0,0,0,0,0,0,0,0,0,0,0,,,,,,,,,,,,,,,,,,,,,,,,,,,,,,,,,,,,,,,,,,,,,,,,,,,,,,,,,,,,,,,,,,,,,,,,,,,,,,,,,,,,,,,,,,,,,-0.5168486484113269,222,70
2026-27,football,Heartland Collegiate Athletic Conference (HCAC),hcac,Rose-Hulman,"Huegen,Anthony",Anthony,Huegen,,585,"Huegen,Anthony","HUEGEN,ANTHONY",Rose-Hulman,RHI,1038-5295,2,0,0,0,0,0,DL,0,,,,,,,,,,,,0,1,2,3,3,.0,.0,.0,0,0,0,0,0,0,0,1,0,0,0,0,0,0,0,1,,,,,,,,,,,,,,,,,,,,,,,,,,,,,,,,,,,,,,,,,,,,,,,,,,,,,,,,,,,,,,,,,,,,,,,,,,,,,,,,,,,,,,,,,,,,,-0.5290704015839867,223,70
2026-27,football,Heartland Collegiate Athletic Conference (HCAC),hcac,Franklin,"Hochstetler,Ethan",Ethan,Hochstetler,,2694,"Hochstetler,Ethan","HOCHSTETLER,ETHAN",Franklin,FRA,1034-2567,3,2,97,97,0,0,DL,0,,,,,,,,,,,,0,1,5,6,6,.5,.0,.0,0,1,1,0,0,0,0,0,0,1,0,0,0,0,0,0,,,,,,,,,,,,,,,,,,,,,,,,,,,,,,,,,,,,,,,,,,,,,,,,,,,,,,,,,,,,,,,,,,,,,,,,,,,,,,,,,,,,,,,,,,,,,-0.5586156409005414,224,70
2026-27,football,Heartland Collegiate Athletic Conference (HCAC),hcac,Mount St. Joseph,"Rack,Derrick",Derrick,Rack,,8567,"Rack,Derrick","RACK,DERRICK",Mount St. Joseph,MSJ,1037-2998,3,0,44,44,0,0,LB,0,,,,,,,,,,,,0,1,5,6,6,.5,.0,.0,0,1,0,0,0,0,0,0,0,0,0,0,0,0,0,0,,,,,,,,,,,,,,,,,,,,,,,,,,,,,,,,,,,,,,,,,,,,,,,,,,,,,,,,,,,,,,,,,,,,,,,,,,,,,,,,,,,,,,,,,,,,,-0.5586156409005414,225,70
2026-27,football,Heartland Collegiate Athletic Conference (HCAC),hcac,Franklin,"McIntire,Evan",Evan,McIntire,,2694,"McIntire,Evan","MCINTIRE,EVAN",Franklin,FRA,1034-3020,3,0,26,26,0,RB,0,0,,,,,,,,,,,,,,,,,,,,,,,,,,,,,,,,,,,,,,,,,,,,,,,,,,,,,,,,,,10,25,29,4,0,6,2.5,8.3,,,,,,,,,,,,,,,,,,,,,,,,,,,,,,,,,,,,,,,,,,,,,,,,,,,,,,,,,,,,,,,-0.5821335814063688,226,70
2026-27,football,Heartland Collegiate Athletic Conference (HCAC),hcac,Hanover,"Young,Malachi",Malachi,Young,,1115,"Young,Malachi","YOUNG,MALACHI",Hanover,HAN,1035-2661,1,0,11,1E,0,0,LB,0,,,,,,,,,,,,0,0,3,3,3,1.0,.0,.0,0,2,4,0,0,0,0,0,0,0,0,0,0,0,0,0,,,,,,,,,,,,,,,,,,,,,,,,,,,,,,,,,,,,,,,,,,,,,,,,,,,,,,,,,,,,,,,,,,,,,,,,,,,,,,,,,,,,,,,,,,,,,-0.600382633389756,227,70
2026-27,football,Heartland Collegiate Athletic Conference (HCAC),hcac,Rose-Hulman,"Mrozinske,Andrew",Andrew,Mrozinske,,585,"Mrozinske,Andrew","MROZINSKE,ANDREW",Rose-Hulman,RHI,1038-5396,2,0,0,0A,0,0,0,0,,,,,,,,,,,,,,,,,,,,,,,,,,,,,,,,,,,,,,,,,,,,,,,,,,,,,,,,,,,,,,,,,,9,316,44,0,0,0,0,1,35.1,,,,,,,,,,,,,,,,,,,,,,,,,,,,,,,,,,,,,,,,,,,,,,,,,,,,,,-0.624271663894084,228,70
2026-27,football,Heartland Collegiate Athletic Conference (HCAC),hcac,Manchester,"Cherry,Frankie",Frankie,Cherry,,1192,"Cherry,Frankie","CHERRY,FRANKIE",Manchester,MAN,1036-2995,2,0,16,16,0,QB,0,0,,,,,,,,,,,,,,,,,,,,,,,,,,,,,,,,,,,,,,,,,,,,,,,,,,,,,,,,,,,,,,,,,,,,,,,,,,,,,,,,,,,,0,0,36,0,60,0,6,3,134.0,10.00,20.00,30.0,,,,,,,,,,,,,,,,,,,,,,,,,,,,,,,,,-0.6245828287306406,229,70
2026-27,football,Heartland Collegiate Athletic Conference (HCAC),hcac,Hanover,"Roth,Colton",Colton,Roth,,1115,"Roth,Colton","ROTH,COLTON",Hanover,HAN,1035-2238,3,3,52,52,0,0,DL,0,,,,,,,,,,,,0,6,2,8,8,.0,.0,.0,0,0,0,0,0,0,0,0,0,1,0,0,0,0,0,0,,,,,,,,,,,,,,,,,,,,,,,,,,,,,,,,,,,,,,,,,,,,,,,,,,,,,,,,,,,,,,,,,,,,,,,,,,,,,,,,,,,,,,,,,,,,,-0.6321018851292997,230,70
2026-27,football,Heartland Collegiate Athletic Conference (HCAC),hcac,Rose-Hulman,"Schulte,Tate",Tate,Schulte,,585,"Schulte,Tate","SCHULTE,TATE",Rose-Hulman,RHI,1038-5403,3,0,13,13,0,0,DB,0,,,,,,,,,,,,0,1,1,2,2,.0,.0,.0,0,0,0,0,0,0,0,0,0,0,0,0,0,0,0,0,,2,19,0,17,9.5,,,,,,,,,,,,,,,,,,,,,,,,,,,,,,,,,,9,156,0,23,17.3,,,,,,,,,,,,,,,,,,,,,,,,,,,,,,,,,,,,,,,,,,,,,,,,,-0.6345168721790129,231,69
2026-27,football,Heartland Collegiate Athletic Conference (HCAC),hcac,Anderson,"Rozier,Anthony",Anthony,Rozier,,939,"Rozier,Anthony","ROZIER,ANTHONY",Anderson,AND,0,3,0,31,31,0,0,DB,0,,,,,,,,,,,,0,2,0,2,2,.0,.0,.0,0,0,0,0,0,0,0,1,1,0,0,0,0,0,0,1,,,,,,,,,,,,,,,,,,,,,,,,,,,,,,,,,,,,,,,,,,,,,,,,,,,,,,,,,,,,,,,,,,,,,,,,,,,,,,,,,,,,,,,,,,,,,-0.6443236383019594,232,69
2026-27,football,Heartland Collegiate Athletic Conference (HCAC),hcac,Franklin,"Kendrick,Justin",Justin,Kendrick,,2694,"Kendrick,Justin","KENDRICK,JUSTIN",Franklin,FRA,1034-2355,3,1,59,59,0,0,DL,0,,,,,,,,,,,,0,3,2,5,5,.5,.0,.0,0,1,0,0,0,0,0,0,0,0,0,0,0,0,0,0,,,,,,,,,,,,,,,,,,,,,,,,,,,,,,,,,,,,,,,,,,,,,,,,,,,,,,,,,,,,,,,,,,,,,,,,,,,,,,,,,,,,,,,,,,,,,-0.6738688776185142,233,69
2026-27,football,Heartland Collegiate Athletic Conference (HCAC),hcac,Rose-Hulman,"Zanetell,Brock",Brock,Zanetell,,585,"Zanetell,Brock","ZANETELL,BROCK",Rose-Hulman,RHI,1038-5398,3,3,3,3,0,QB,0,0,,,,,,,,,,,,0,0,0,0,0,.0,.0,.0,0,0,0,0,0,0,0,0,0,0,0,0,0,0,0,0,,,,,,,,,3,3,0,1,0,0,0,0,0,0,0,6,6,2,38,58,129,71,1,13,1.5,19.3,,,,,,,,,,,,,,,,,,,61,9,37,4,619,0,99,61,127.5,6.25,10.15,206.3,,,,,,,,,,,,,,,,,,,,,,,,,,,,,,,,,-0.6886637596957788,234,69
2026-27,football,Heartland Collegiate Athletic Conference (HCAC),hcac,Franklin,"Kmiecik,Marshall",Marshall,Kmiecik,,2694,"Kmiecik,Marshall","KMIECIK,MARSHALL",Franklin,FRA,1034-2587,2,2,7,7,0,QB,0,0,,,,,,,,,,,,0,1,0,1,1,.0,.0,.0,0,0,0,0,0,0,0,0,0,0,0,0,0,0,0,0,,,,,,,,,1,1,,,,,,,,,,,,,18,93,102,9,0,24,5.2,46.5,,,,,,,,,,,,,,,,,,,8,2,34,5,441,2,57,34,146.6,7.74,12.97,220.5,,,,,,,,,,,,,,,,,,,,,,,,,,,,,,,,,-0.6997725962643422,235,69
2026-27,football,Heartland Collegiate Athletic Conference (HCAC),hcac,Rose-Hulman,"Peters,Cohen",Cohen,Peters,,585,"Peters,Cohen","PETERS,COHEN",Rose-Hulman,RHI,1038-5431,3,0,86,86,0,0,0,0,,,,,,,,,,,,0,0,0,0,0,.0,.0,.0,0,0,0,0,0,0,0,0,0,0,0,0,0,0,0,0,,,,,,,,,,,10,0,2,0,0,0,0,0,0,16,16,5.33,,,,,,,,,,,,,,,,,,,,,,,,,,,,,,,,,,,,,,,,,,,,,16,930,2,1,58.1,2,4,51,1,50.0,12,10,0,0,0,0,0,0,0,0,0,0,,,,,-0.7055996414492245,236,69
2026-27,football,Heartland Collegiate Athletic Conference (HCAC),hcac,Manchester,"Ridgway,Grant",Grant,Ridgway,,1192,"Ridgway,Grant","RIDGWAY,GRANT",Manchester,MAN,1036-2853,3,0,81,81,0,0,0,0,,,,,,,,,,,,0,0,0,0,0,.0,.0,.0,0,0,0,0,0,0,0,0,0,0,0,0,0,0,0,0,,,,,,,,,,,5,0,2,0,0,0,0,0,0,11,11,3.67,,,,,,,,,,,,,,,,,,,,,,,,,,,,,,,,,,,,,,,,,,,,,14,680,1,0,48.6,2,4,23,1,50.0,7,5,0,0,0,0,0,0,0,0,0,0,,,,,-0.7055996414492245,237,69
2026-27,football,Heartland Collegiate Athletic Conference (HCAC),hcac,Franklin,"Wilkins,Brayden",Brayden,Wilkins,,2694,"Wilkins,Brayden","WILKINS,BRAYDEN",Franklin,FRA,1034-2601,3,0,1,1,0,WR,0,0,,,10,130,0,34,13.0,,,,,,,,,,,,,,,,,,,,,,,,,,,,,,,,,,,,,,,,,,,,,,,,,,,1,-5,0,5,0,0,-5.0,-1.7,,,,,,,,,,4,53,0,22,13.3,,,,,,,,,,,,,,,,,,,,,,,,,,,,,,,,,,,,,,,,,,,,,,,,,-0.7232654108598399,238,69
2026-27,football,Heartland Collegiate Athletic Conference (HCAC),hcac,Anderson,"Clemons,Brehdyn",Brehdyn,Clemons,,939,"Clemons,Brehdyn","CLEMONS,BREHDYN",Anderson,AND,0,2,2,17,17,0,0,DB,0,,,,,,,,,,,,0,2,5,7,7,.0,.0,.0,0,0,0,0,0,0,0,0,0,0,0,1,0,0,0,0,,1,19,0,19,19.0,,,,,,,,,,,,,,,,,,,,,,,,,,,,,,,,,,,,,,,,,,,,,,,,,,,,,,,,,,,,,,,,,,,,,,,,,,,,,,,,,,,,,,,-0.7420592630607586,239,68
2026-27,football,Heartland Collegiate Athletic Conference (HCAC),hcac,Franklin,"Lukacsko,Pilot",Pilot,Lukacsko,,2694,"Lukacsko,Pilot","LUKACSKO,PILOT",Franklin,FRA,1034-2360,2,0,9,9,0,0,DL,0,,,,,,,,,,,,0,3,4,7,7,.0,.0,.0,0,0,0,0,0,0,0,0,0,1,0,0,0,0,0,0,,,,,,,,,,,,,,,,,,,,,,,,,,,,,,,,,,,,,,,,,,,,,,,,,,,,,,,,,,,,,,,,,,,,,,,,,,,,,,,,,,,,,,,,,,,,,-0.7473551218472723,240,68
2026-27,football,Heartland Collegiate Athletic Conference (HCAC),hcac,Bluffton,"Pettis,Marshan",Marshan,Pettis,,987,"Pettis,Marshan","PETTIS,MARSHAN",Bluffton,BLF,0,2,0,10,10,0,0,DB,0,,,,,,,,,,,,0,3,4,7,7,.0,.0,.0,0,0,0,0,0,0,0,0,0,0,0,0,0,0,0,0,,,,,,,,,,,,,,,,,,,,,,,,,,,,,,,,,,,,,,,,,,,,,,,,,,,,,,,,,,,,,,,,,,,,,,,,,,,,,,,,,,,,,,,,,,,,,-0.7473551218472723,241,68
2026-27,football,Heartland Collegiate Athletic Conference (HCAC),hcac,Franklin,"Perry,Gunnar",Gunnar,Perry,,2694,"Perry,Gunnar","PERRY,GUNNAR",Franklin,FRA,1034-3027,3,0,12,1D,0,0,DL,0,,,,,,,,,,,,0,1,0,1,1,.0,.0,.0,0,0,0,0,0,0,0,1,0,0,0,0,0,0,0,1,,,,,,,,,,,,,,,,,,,,,,,,,,,,,,,,,,,,,,,,,,,,,,,,,,,,,,,,,,,,,,,,,,,,,,,,,,,,,,,,,,,,,,,,,,,,,-0.759576875019932,242,68
2026-27,football,Heartland Collegiate Athletic Conference (HCAC),hcac,Hanover,"Satchwell,Zayn",Zayn,Satchwell,,1115,"Satchwell,Zayn","SATCHWELL,ZAYN",Hanover,HAN,1035-2463,1,0,31,31,0,0,DB,0,,,,,,,,,,,,,,,,,,,,,,,,,,,,,,,,,,,,,,,,,,,,,,,,,,,,,,,,,,4,13,13,0,0,5,3.3,13.0,,,,,,,,,,,,,,,,,,,,,,,,,,,,,,,,,,,,,,,,,,,,,,,,,,,,,,,,,,,,,,,-0.7718600849309086,243,68
2026-27,football,Heartland Collegiate Athletic Conference (HCAC),hcac,Mount St. Joseph,"Morris,Mason",Mason,Morris,,8567,"Morris,Mason","MORRIS,MASON",Mount St. Joseph,MSJ,1037-3162,2,0,4,4D,0,0,DB,0,,,,,,,,,,,,0,0,2,2,2,.0,.0,.0,0,0,0,0,0,0,0,1,0,0,0,0,0,0,0,1,,0,8,0,8,.0,,,,,,,,,,,,,,,,,,,,,,,,,,,,,,,,,,,,,,,,,,,,,,,,,,,,,,,,,,,,,,,,,,,,,,,,,,,,,,,,,,,,,,,-0.7846638961445707,244,68
2026-27,football,Heartland Collegiate Athletic Conference (HCAC),hcac,Rose-Hulman,"Bueno,Nick",Nick,Bueno,,585,"Bueno,Nick","BUENO,NICK",Rose-Hulman,RHI,1038-5281,2,0,35,35,0,0,LB,0,,,,,,,,,,,,0,0,3,3,3,.0,.0,.0,0,0,0,0,0,0,0,0,0,0,0,0,1,0,0,0,,,,,,,,,0,0,,,,,,,,,,,,,,,,,,,,,,,,,,,,,,,,,,,,,,,,,,,,,,,,,,,,,,,,,,,,,,,,,,,,,,,,,,,,,,,,,,,-0.7849302209835816,245,68
2026-27,football,Heartland Collegiate Athletic Conference (HCAC),hcac,Mount St. Joseph,"Tincher,Tristan",Tristan,Tincher,,8567,"Tincher,Tristan","TINCHER,TRISTAN",Mount St. Joseph,MSJ,1037-3208,3,0,55,5N,0,0,DL,0,,,,,,,,,,,,0,0,3,3,3,.0,.0,.0,0,0,0,0,0,0,0,0,0,0,0,0,1,4,0,0,,,,,,,,,0,0,,,,,,,,,,,,,,,,,,,,,,,,,,,,,,,,,,,,,,,,,,,,,,,,,,,,,,,,,,,,,,,,,,,,,,,,,,,,,,,1,4,0,4,-0.7849302209835816,246,68
2026-27,football,Heartland Collegiate Athletic Conference (HCAC),hcac,Manchester,"Dippon,Hunter",Hunter,Dippon,,1192,"Dippon,Hunter","DIPPON,HUNTER",Manchester,MAN,1036-2833,3,3,94,94,0,0,DL,0,,,,,,,,,,,,0,1,3,4,4,.5,.0,.0,0,1,1,0,0,0,0,0,0,0,0,0,0,0,0,0,,,,,,,,,,,,,,,,,,,,,,,,,,,,,,,,,,,,,,,,,,,,,,,,,,,,,,,,,,,,,,,,,,,,,,,,,,,,,,,,,,,,,,,,,,,,,-0.7891221143364868,247,68
2026-27,football,Heartland Collegiate Athletic Conference (HCAC),hcac,Franklin,"Folco,Gabe",Gabe,Folco,,2694,"Folco,Gabe","FOLCO,GABE",Franklin,FRA,1034-2561,3,0,54,54,0,0,DL,0,,,,,,,,,,,,0,1,0,1,1,1.0,.0,.0,1,0,1,0,0,0,0,0,0,0,0,0,0,0,0,0,,,,,,,,,,,,,,,,,,,,,,,,,,,,,,,,,,,,,,,,,,,,,,,,,,,,,,,,,,,,,,,,,,,,,,,,,,,,,,,,,,,,,,,,,,,,,-0.8308891068257014,248,67
2026-27,football,Heartland Collegiate Athletic Conference (HCAC),hcac,Hanover,"Moore,Tucker",Tucker,Moore,,1115,"Moore,Tucker","MOORE,TUCKER",Hanover,HAN,1035-2450,1,0,10,10,0,0,LB,0,,,,,,,,,,,,0,1,0,1,1,1.0,.0,.0,1,0,1,0,0,0,0,0,0,0,0,0,0,0,0,0,,,,,,,,,,,,,,,,,,,,,,,,,,,,,,,,,,,,,,,,,,,,,,,,,,,,,,,,,,,,,,,,,,,,,,,,,,,,,,,,,,,,,,,,,,,,,-0.8308891068257014,249,67
2026-27,football,Heartland Collegiate Athletic Conference (HCAC),hcac,Rose-Hulman,"Omole,Temidayo",Temidayo,Omole,,585,"Omole,Temidayo","OMOLE,TEMIDAYO",Rose-Hulman,RHI,1038-5294,1,0,90,90,0,0,DL,0,,,,,,,,,,,,0,1,0,1,1,1.0,.0,.0,1,0,3,0,0,0,0,0,0,0,0,0,0,0,0,0,,,,,,,,,,,,,,,,,,,,,,,,,,,,,,,,,,,,,,,,,,,,,,,,,,,,,,,,,,,,,,,,,,,,,,,,,,,,,,,,,,,,,,,,,,,,,-0.8308891068257014,250,67
2026-27,football,Heartland Collegiate Athletic Conference (HCAC),hcac,Rose-Hulman,"Dalton,Drew",Drew,Dalton,,585,"Dalton,Drew","DALTON,DREW",Rose-Hulman,RHI,1038-5002,3,3,10,10,0,WR,0,0,,,9,88,1,25,9.8,,,,,0,0,1,1,1,.0,.0,.0,0,0,0,0,0,0,0,0,0,0,0,0,0,0,0,0,,,,,,,,,,,0,1,0,0,0,0,0,0,0,6,6,2,,,,,,,,,,,,,,,,,,,,,,,,,,,,,,,,,,,,,,,,,,,,,,,,,,,,,,,,,,,,,,,,,,,,,,,-0.8543151776623106,251,67
2026-27,football,Heartland Collegiate Athletic Conference (HCAC),hcac,Franklin,"Clark,Greyson",Greyson,Clark,,2694,"Clark,Greyson","CLARK,GREYSON",Franklin,FRA,1034-3017,3,1,23,23,0,RB,0,0,,,3,32,0,24,10.7,,,,,,,,,,,,,,,,,,,,,,,,,,,,,,,,,,,,,,,,,,,,,,,,,,,9,80,80,0,0,50,8.9,26.7,,,,,,,,,,1,8,0,8,8.0,,,,,,,,,,,,,,,,,,,,,,,,,,,,,,,,,,,,,,,,,,,,,,,,,-0.8614157168430377,252,67
2026-27,football,Heartland Collegiate Athletic Conference (HCAC),hcac,Rose-Hulman,"Cochonour,Grant",Grant,Cochonour,,585,"Cochonour,Grant","COCHONOUR,GRANT",Rose-Hulman,RHI,1038-5007,3,0,32,32,0,0,DB,0,,,,,,,,,,,,0,3,3,6,6,.0,.0,.0,0,0,0,0,0,0,0,0,0,0,0,0,0,0,0,0,,,,,,,,,,,,,,,,,,,,,,,,,,,,,,,,,,,,,,,,,,,,,,,,,,,,,,,,,,,,,,,,,,,,,,,,,,,,,,,,,,,,,,,,,,,,,-0.8626083585652451,253,67
2026-27,football,Heartland Collegiate Athletic Conference (HCAC),hcac,Franklin,"Gittings,Amari",Amari,Gittings,,2694,"Gittings,Amari","GITTINGS,AMARI",Franklin,FRA,1034-2348,3,0,0,0,0,0,DB,0,,,,,,,,,,,,0,3,3,6,6,.0,.0,.0,0,0,0,0,0,0,0,0,0,0,0,0,0,0,0,0,,,,,,,,,,,,,,,,,,,,,,,,,,,,,,,,,,,,,,,,,,,,,,,,,,,,,,,,,,,,,,,,,,,,,,,,,,,,,,,,,,,,,,,,,,,,,-0.8626083585652451,254,67
2026-27,football,Heartland Collegiate Athletic Conference (HCAC),hcac,Franklin,"Gittings,Shamari",Shamari,Gittings,,2694,"Gittings,Shamari","GITTINGS,SHAMARI",Franklin,FRA,1034-2387,3,2,1,1A,0,0,DB,0,,,,,,,,,,,,0,5,1,6,6,.0,.0,.0,0,0,0,0,0,0,0,0,0,0,0,0,0,0,0,0,,,,,,,,,,,,,,,,,,,,,,,,,,,,,,,,,,,,,,,,,,,,,,,,,,,,,,,,,,,,,,,,,,,,,,,,,,,,,,,,,,,,,,,,,,,,,-0.8626083585652451,255,67
2026-27,football,Heartland Collegiate Athletic Conference (HCAC),hcac,Franklin,"Young,Adam",Adam,Young,,2694,"Young,Adam","YOUNG,ADAM",Franklin,FRA,1034-2381,3,1,95,95,0,0,DL,0,,,,,,,,,,,,0,2,4,6,6,.0,.0,.0,0,0,0,0,0,0,0,0,0,0,0,0,0,0,0,0,,,,,,,,,,,,,,,,,,,,,,,,,,,,,,,,,,,,,,,,,,,,,,,,,,,,,,,,,,,,,,,,,,,,,,,,,,,,,,,,,,,,,,,,,,,,,-0.8626083585652451,256,66
2026-27,football,Heartland Collegiate Athletic Conference (HCAC),hcac,Franklin,"Thackery,Corbin",Corbin,Thackery,,2694,"Thackery,Corbin","THACKERY,CORBIN",Franklin,FRA,1034-3043,1,0,28,2H,0,RB,0,0,,,,,,,,,,,,,,,,,,,,,,,,,,,,,,,,,,,,,,,,,,,,,,,,,,,,,,,,,,2,7,7,0,0,4,3.5,7.0,,,,,,,,,,,,,,,,,,,,,,,,,,,,,,,,,,,,,,,,,,,,,,,,,,,,,,,,,,,,,,,-0.8667233366931785,257,66
2026-27,football,Heartland Collegiate Athletic Conference (HCAC),hcac,Mount St. Joseph,"Meyer,Trenton",Trenton,Meyer,,8567,"Meyer,Trenton","MEYER,TRENTON",Mount St. Joseph,MSJ,1037-3176,1,0,24,24,0,RB,0,0,,,,,,,,,,,,,,,,,,,,,,,,,,,,,,,,,,,,,,,,,,,,,,,,,,,,,,,,,,1,5,5,0,0,5,5.0,5.0,,,,,,,,,,,,,,,,,,,,,,,,,,,,,,,,,,,,,,,,,,,,,,,,,,,,,,,,,,,,,,,-0.898344420613935,258,66
2026-27,football,Heartland Collegiate Athletic Conference (HCAC),hcac,Anderson,"Valentine,Malik",Malik,Valentine,,939,"Valentine,Malik","VALENTINE,MALIK",Anderson,AND,0,3,0,2,J2,0,RB,0,0,,,,,,,,,,,,,,,,,,,,,,,,,,,,,,,,,,,,,,,,,,,,,,,,,,,,,,,,,,2,5,5,0,0,4,2.5,1.7,,,,,,,,,,,,,,,,,,,,,,,,,,,,,,,,,,,,,,,,,,,,,,,,,,,,,,,,,,,,,,,-0.898344420613935,259,66
2026-27,football,Heartland Collegiate Athletic Conference (HCAC),hcac,Rose-Hulman,"Lanham,Aiden",Aiden,Lanham,,585,"Lanham,Aiden","LANHAM,AIDEN",Rose-Hulman,RHI,1038-5275,1,0,17,17,0,RB,0,0,,,,,,,,,,,,,,,,,,,,,,,,,,,,,,,,,,,,,,,,,,,,,,,,,,,,,,,,,,3,2,5,3,0,5,.7,2.0,,,,,,,,,,,,,,,,,,,,,,,,,,,,,,,,,,,,,,,,,,,,,,,,,,,,,,,,,,,,,,,-0.94577604649507,260,66
2026-27,football,Heartland Collegiate Athletic Conference (HCAC),hcac,Rose-Hulman,"Tomita,Ryu",Ryu,Tomita,,585,"Tomita,Ryu","TOMITA,RYU",Rose-Hulman,RHI,1038-5397,1,0,1,1,0,WR,0,0,,,,,,,,,,,,,,,,,,,,,,,,,,,,,,,,,,,,,,,,,,,,,,,,,,,,,,,,,,1,2,2,0,0,2,2.0,2.0,,,,,,,,,,,,,,,,,,,,,,,,,,,,,,,,,,,,,,,,,,,,,,,,,,,,,,,,,,,,,,,-0.94577604649507,261,66
2026-27,football,Heartland Collegiate Athletic Conference (HCAC),hcac,Hanover,"Johnson,Scotty",Scotty,Johnson,,1115,"Johnson,Scotty","JOHNSON,SCOTTY",Hanover,HAN,1035-2222,3,2,18,18,0,WR,0,0,,,9,89,1,38,9.9,,,,,0,0,0,0,0,.0,.0,.0,0,0,0,0,0,0,0,0,0,0,0,0,0,0,0,0,,,,,,,,,,,0,1,0,0,0,0,0,0,0,6,6,2,,,,,,,,,,,,,,,,,,,,,,,,,,,,,,,,,,,,,,,,,,,,,,,,,,,,,,,,,,,,,,,,,,,,,,,-0.9575691863330602,262,66
2026-27,football,Heartland Collegiate Athletic Conference (HCAC),hcac,Mount St. Joseph,"Connor,Gavin",Gavin,Connor,,8567,"Connor,Gavin","CONNOR,GAVIN",Mount St. Joseph,MSJ,1037-3157,1,0,7,7,0,QB,0,0,,,,,,,,,,,,,,,,,,,,,,,,,,,,,,,,,,,,,,,,,,,,,,,,,,,,,,,,,,1,1,1,0,0,1,1.0,1.0,,,,,,,,,,,,,,,,,,,,,,,,,,,,,,,,,,,,,,,,,,,,,,,,,,,,,,,,,,,,,,,-0.9615865884554484,263,66
2026-27,football,Heartland Collegiate Athletic Conference (HCAC),hcac,Manchester,"Lee,Chase",Chase,Lee,,1192,"Lee,Chase","LEE,CHASE",Manchester,MAN,1036-2844,3,3,51,5L,0,OL,0,0,,,,,,,,,,,,,,,,,,,,,,,,,,,,,,,,,,,,,,,,,,,,,,,,,,,,,,,,,,0,0,0,0,0,0,.0,.0,,,,,,,,,,,,,,,,,,,,,,,,,,,,,,,,,,,,,,,,,,,,,,,,,,,,,,,,,,,,,,,-0.9773971304158267,264,66
2026-27,football,Heartland Collegiate Athletic Conference (HCAC),hcac,Mount St. Joseph,"Ludd,Elijah",Elijah,Ludd,,8567,"Ludd,Elijah","LUDD,ELIJAH",Mount St. Joseph,MSJ,1037-3247,3,3,50,50,0,OL,0,0,,,,,,,,,,,,,,,,,,,,,,,,,,,,,,,,,,,,,,,,,,,,,,,,,,,,,,,,,,0,0,0,0,0,0,.0,.0,,,,,,,,,,,,,,,,,,,,,,,,,,,,,,,,,,,,,,,,,,,,,,,,,,,,,,,,,,,,,,,-0.9773971304158267,265,65
2026-27,football,Heartland Collegiate Athletic Conference (HCAC),hcac,Manchester,"Alsup,Lathan",Lathan,Alsup,,1192,"Alsup,Lathan","ALSUP,LATHAN",Manchester,MAN,1036-2986,1,0,27,27,0,0,DB,0,,,,,,,,,,,,0,3,2,5,5,.0,.0,.0,0,0,0,0,0,0,0,0,0,0,0,0,0,0,0,0,,,,,,,,,,,,,,,,,,,,,,,,,,,,,,,,,,,,,,,,,,,,,,,,,,,,,,,,,,,,,,,,,,,,,,,,,,,,,,,,,,,,,,,,,,,,,-0.9778615952832177,266,65
2026-27,football,Heartland Collegiate Athletic Conference (HCAC),hcac,Franklin,"Elliott,Dyreese",Dyreese,Elliott,,2694,"Elliott,Dyreese","ELLIOTT,DYREESE",Franklin,FRA,1034-2834,3,1,8,8,0,0,DB,0,,,,,,,,,,,,0,4,1,5,5,.0,.0,.0,0,0,0,0,0,0,0,0,0,0,0,0,0,0,0,0,,,,,,,,,,,,,,,,,,,,,,,,,,,,,,,,,,,,,,,,,,,,,,,,,,,,,,,,,,,,,,,,,,,,,,,,,,,,,,,,,,,,,,,,,,,,,-0.9778615952832177,267,65
2026-27,football,Heartland Collegiate Athletic Conference (HCAC),hcac,Manchester,"Harris,Rex",Rex,Harris,,1192,"Harris,Rex","HARRIS,REX",Manchester,MAN,1036-2663,3,0,91,91,0,0,DL,0,,,,,,,,,,,,0,3,2,5,5,.0,.0,.0,0,0,0,0,0,0,0,0,0,2,0,0,0,0,0,0,,,,,,,,,,,,,,,,,,,,,,,,,,,,,,,,,,,,,,,,,,,,,,,,,,,,,,,,,,,,,,,,,,,,,,,,,,,,,,,,,,,,,,,,,,,,,-0.9778615952832177,268,65
2026-27,football,Heartland Collegiate Athletic Conference (HCAC),hcac,Franklin,"Ritchie,Isaac",Isaac,Ritchie,,2694,"Ritchie,Isaac","RITCHIE,ISAAC",Franklin,FRA,1034-2564,2,0,3,3A,0,0,LB,0,,,,,,,,,,,,0,2,3,5,5,.0,.0,.0,0,0,0,0,0,0,0,0,0,0,0,0,0,0,0,0,,,,,,,,,,,,,,,,,,,,,,,,,,,,,,,,,,,,,,,,,,,,,,,,,,,,,,,,,,,,,,,,,,,,,,,,,,,,,,,,,,,,,,,,,,,,,-0.9778615952832177,269,65
2026-27,football,Heartland Collegiate Athletic Conference (HCAC),hcac,Franklin,"Slaughter,Dawson",Dawson,Slaughter,,2694,"Slaughter,Dawson","SLAUGHTER,DAWSON",Franklin,FRA,1034-2617,3,3,6,6,0,WR,0,0,,,4,37,2,16,9.3,,,,,0,0,0,0,0,.0,.0,.0,0,0,0,0,0,0,0,0,0,0,0,0,0,0,0,0,,1,8,0,8,8.0,,,,,0,1,0,0,0,0,0,0,0,6,6,2,,,,,,,,,,,,,,,,,,,,,,,,,,,,,,,,,,,,,,,,,,,,,,,,,,,,,,,,,,,,,,,,,,,,,,,-0.983397514390516,270,65
2026-27,football,Heartland Collegiate Athletic Conference (HCAC),hcac,Bluffton,"Ramsdail,Ethan",Ethan,Ramsdail,,987,"Ramsdail,Ethan","RAMSDAIL,ETHAN",Bluffton,BLF,0,3,0,2,2X,0,0,0,0,,,,,,,,,,,,0,0,0,0,0,.0,.0,.0,0,0,0,0,0,0,0,0,0,0,0,0,0,0,0,0,,,,,,,,,,,3,0,1,0,0,0,0,0,0,6,6,2,,,,,,,,,,,,,,,,,,,,,,,,,,,,,,,,,,,,,,,,,,,,,8,399,0,0,49.9,1,1,33,0,100.0,4,3,0,0,0,0,0,0,0,0,0,0,,,,,-0.9884423539238434,271,65
2026-27,football,Heartland Collegiate Athletic Conference (HCAC),hcac,Hanover,"Weitzel,Andrew",Andrew,Weitzel,,1115,"Weitzel,Andrew","WEITZEL,ANDREW",Hanover,HAN,1035-2654,2,0,37,37,0,0,0,0,,,,,,,,,,,,0,0,0,0,0,.0,.0,.0,0,0,0,0,0,0,0,0,0,0,0,0,0,0,0,0,,,,,,,,,,,6,0,1,0,0,0,0,0,0,9,9,4.5,,,,,,,,,,,,,,,,,,,,,,,,,,,,,,,,,,,,,,,,,,,,,,,,,,1,1,27,0,100.0,6,6,0,0,0,0,0,0,0,0,0,0,,,,,-0.9884423539238434,272,65
2026-27,football,Heartland Collegiate Athletic Conference (HCAC),hcac,Rose-Hulman,"Gall,Colton",Colton,Gall,,585,"Gall,Colton","GALL,COLTON",Rose-Hulman,RHI,1038-4999,1,0,85,85,0,TE,0,0,,,1,18,0,18,18.0,,,,,,,,,,,,,,,,,,,,,,,,,,,,,,,,,,,,,,,,,,,,,,,,,,,,,,,,,,,,,,,,,,,,,,,,,,,,,,,,,,,,,,,,,,,,,,,,,,,,,,,,,,,,,,,,,,,,,,,,,-0.9938583870535778,273,64
2026-27,football,Heartland Collegiate Athletic Conference (HCAC),hcac,Anderson,"Simmons,Qi'Yam",Qi'Yam,Simmons,,939,"Simmons,Qi'Yam","SIMMONS,QI'YAM",Anderson,AND,0,3,3,84,84,0,TE,0,0,,,0,0,0,0,.0,,,,,0,5,2,7,7,.5,.0,.0,0,1,2,0.5,0,1,2,0,0,1,0,0,0,0,0,0,,,,,,,,,,,,,,,,,,,,,,,,,,,,,,,,,,,,,,,,,,,,,,,,,,,,,,,,,,,,,,,,,,,,,,,,,,,,,,,,,,,,,,,,,,,,,-1.0057372807175944,274,64
2026-27,football,Heartland Collegiate Athletic Conference (HCAC),hcac,Bluffton,"Bogner,Andrew",Andrew,Bogner,,987,"Bogner,Andrew","BOGNER,ANDREW",Bluffton,BLF,0,2,0,98,98,0,0,0,0,,,,,,,,,,,,0,0,1,1,1,.0,.0,.0,0,0,0,0,0,0,0,0,0,0,0,0,1,0,0,0,,,,,,,,,0,0,,,,,,,,,,,,,,,,,,,,,,,,,,,,,,,,,,,,,,,,,,,,,,,,,,,,,,,,,,,,,,,,,,,,,,,,,,,,,,,1,0,0,0,-1.015436694419527,275,64
2026-27,football,Heartland Collegiate Athletic Conference (HCAC),hcac,Bluffton,Ja'Rell Melton,Ja'Rell,Melton,,987,Ja'Rell Melton,"MELTON,JA'RELL",Bluffton,BLF,0,1,0,27,27,0,0,0,0,,,,,,,,,,,,0,1,1,2,2,.5,.0,.0,0,1,1,0,0,0,0,0,0,0,0,0,0,0,0,0,,,,,,,,,,,,,,,,,,,,,,,,,,,,,,,,,,,,,,,,,,,,,,,,,,,,,,,,,,,,,,,,,,,,,,,,,,,,,,,,,,,,,,,,,,,,,-1.0196285877724323,276,64
2026-27,football,Heartland Collegiate Athletic Conference (HCAC),hcac,Hanover,"Rexroat,Clark",Clark,Rexroat,,1115,"Rexroat,Clark","REXROAT,CLARK",Hanover,HAN,1035-2457,3,3,9,9,0,WR,0,0,,,7,144,0,74,20.6,,,,,0,0,0,0,0,.0,.0,.0,0,0,0,0,0,0,0,0,0,0,0,0,0,0,0,0,,,,,,,,,,,0,0,0,0,1,0,0,0,0,2,2,0.67,,,,,,,,,,,,,,,,,,,,,,,,,,,,,,,,,,,,,,,,,,,,,,,,,,,,,,,0,0,1,1,0,0,0,0,0,0,0,0,,,,,-1.0360834319765466,277,64
2026-27,football,Heartland Collegiate Athletic Conference (HCAC),hcac,Anderson,"O'Brien,Justice",Justice,O'Brien,,939,"O'Brien,Justice","O'BRIEN,JUSTICE",Anderson,AND,0,3,0,22,B2,0,RB,0,0,,,1,6,0,6,6.0,,,,,0,0,0,0,0,.0,.0,.0,0,0,0,0,0,0,0,0,0,0,0,0,0,0,0,0,,,,,,,,,,,0,2,0,0,0,0,0,0,0,12,12,4,8,20,21,1,2,8,2.5,6.7,,,,,,,,,,3,59,0,22,19.7,,,,,,,,,,,,,,,,,,,,,,,,,,,,,,,,,,,,,,,,,,,,,,,,,-1.03771666809334,278,64
2026-27,football,Heartland Collegiate Athletic Conference (HCAC),hcac,Hanover,"Powell-Smith,Kane",Kane,Powell-Smith,,1115,"Powell-Smith,Kane","POWELL-SMITH,KANE",Hanover,HAN,1035-2637,3,3,5,5,0,0,DB,0,,,,,,,,,,,,0,5,0,5,5,.0,.0,.0,0,0,0,0,0,0,0,1,0,0,0,0,1,0,0,1,,2,0,0,0,.0,,,2,1,,,,,,,,,,,,,,,,,,,,,,,,,,,,,,,,,,,,,,,,,,,,,,,,,,,,,,,,,,,,,,,,,,,,,,,,,,,,,,,,,,,-1.0476538059069285,279,64
2026-27,football,Heartland Collegiate Athletic Conference (HCAC),hcac,Anderson,"White,Torington",Torington,White,,939,"White,Torington","WHITE,TORINGTON",Anderson,AND,0,2,0,0,J0,0,RB,0,0,,,,,,,,,,,,,,,,,,,,,,,,,,,,,,,,,,,,,,,,,,,,,,,,,,,,,,,,,,3,14,15,1,0,8,4.7,7.0,,,,,,,,,,1,9,0,9,9.0,,,,,,,,,,,,,,,,,,,,,,,,,,,,,,,,,,,,,,,,,,,,,,,,,-1.0722395801913858,280,64
2026-27,football,Heartland Collegiate Athletic Conference (HCAC),hcac,Bluffton,"Carter Jr.,Andre",Andre,Carter Jr.,,987,"Carter Jr.,Andre","CARTER JR.,ANDRE",Bluffton,BLF,0,3,2,65,65,0,0,DL,0,,,,,,,,,,,,0,1,3,4,4,.0,.0,.0,0,0,0,0,0,0,0,0,0,1,0,0,0,0,0,0,,,,,,,,,,,,,,,,,,,,,,,,,,,,,,,,,,,,,,,,,,,,,,,,,,,,,,,,,,,,,,,,,,,,,,,,,,,,,,,,,,,,,,,,,,,,,-1.0931148320011905,281,64
2026-27,football,Heartland Collegiate Athletic Conference (HCAC),hcac,Anderson,"Chambers,Jamal",Jamal,Chambers,,939,"Chambers,Jamal","CHAMBERS,JAMAL",Anderson,AND,0,3,0,9,09,0,0,LB,0,,,,,,,,,,,,0,2,2,4,4,.0,.0,.0,0,0,0,0,0,0,0,0,0,0,0,0,0,0,0,0,,,,,,,,,,,,,,,,,,,,,,,,,,,,,,,,,,,,,,,,,,,,,,,,,,,,,,,,,,,,,,,,,,,,,,,,,,,,,,,,,,,,,,,,,,,,,-1.0931148320011905,282,63
2026-27,football,Heartland Collegiate Athletic Conference (HCAC),hcac,Bluffton,"Fullen,Kyle",Kyle,Fullen,,987,"Fullen,Kyle","FULLEN,KYLE",Bluffton,BLF,0,2,0,91,91,0,0,DL,0,,,,,,,,,,,,0,3,1,4,4,.0,.0,.0,0,0,0,0,0,0,0,0,0,0,0,0,0,0,0,0,,,,,,,,,,,,,,,,,,,,,,,,,,,,,,,,,,,,,,,,,,,,,,,,,,,,,,,,,,,,,,,,,,,,,,,,,,,,,,,,,,,,,,,,,,,,,-1.0931148320011905,283,63
2026-27,football,Heartland Collegiate Athletic Conference (HCAC),hcac,Bluffton,"Gilead,Drevantez",Drevantez,Gilead,,987,"Gilead,Drevantez","GILEAD,DREVANTEZ",Bluffton,BLF,0,2,0,12,12,0,0,DB,0,,,,,,,,,,,,0,2,2,4,4,.0,.0,.0,0,0,0,0,0,0,0,0,0,0,0,0,0,0,0,0,,,,,,,,,,,,,,,,,,,,,,,,,,,,,,,,,,,,,,,,,,,,,,,,,,,,,,,,,,,,,,,,,,,,,,,,,,,,,,,,,,,,,,,,,,,,,-1.0931148320011905,284,63
2026-27,football,Heartland Collegiate Athletic Conference (HCAC),hcac,Hanover,"Ison,Blaine",Blaine,Ison,,1115,"Ison,Blaine","ISON,BLAINE",Hanover,HAN,1035-2435,2,0,37,3I,0,0,DB,0,,,,,,,,,,,,0,1,3,4,4,.0,.0,.0,0,0,0,0,0,0,0,0,0,0,0,0,0,0,0,0,,,,,,,,,,,,,,,,,,,,,,,,,,,,,,,,,,,,,,,,,,,,,,,,,,,,,,,,,,,,,,,,,,,,,,,,,,,,,,,,,,,,,,,,,,,,,-1.0931148320011905,285,63
2026-27,football,Heartland Collegiate Athletic Conference (HCAC),hcac,Rose-Hulman,"Jenkins,Kayden",Kayden,Jenkins,,585,"Jenkins,Kayden","JENKINS,KAYDEN",Rose-Hulman,RHI,1038-5012,2,0,98,98,0,0,DL,0,,,,,,,,,,,,0,2,2,4,4,.0,.0,.0,0,0,0,0,0,0,0,0,1,0,0,0,0,0,0,0,,,,,,,,,,,,,,,,,,,,,,,,,,,,,,,,,,,,,,,,,,,,,,,,,,,,,,,,,,,,,,,,,,,,,,,,,,,,,,,,,,,,,,,,,,,,,-1.0931148320011905,286,63
2026-27,football,Heartland Collegiate Athletic Conference (HCAC),hcac,Hanover,"Royer,Evan",Evan,Royer,,1115,"Royer,Evan","ROYER,EVAN",Hanover,HAN,1035-2462,2,0,96,96,0,0,DL,0,,,,,,,,,,,,0,1,3,4,4,.0,.0,.0,0,0,0,0,0,0,0,0,0,1,0,0,0,0,0,0,,,,,,,,,,,,,,,,,,,,,,,,,,,,,,,,,,,,,,,,,,,,,,,,,,,,,,,,,,,,,,,,,,,,,,,,,,,,,,,,,,,,,,,,,,,,,-1.0931148320011905,287,63
2026-27,football,Heartland Collegiate Athletic Conference (HCAC),hcac,Franklin,"Stroud,Nash",Nash,Stroud,,2694,"Stroud,Nash","STROUD,NASH",Franklin,FRA,1034-2560,3,3,48,48,0,0,DL,0,,,,,,,,,,,,0,0,4,4,4,.0,.0,.0,0,0,0,0,0,0,0,0,0,0,0,0,0,0,0,0,,,,,,,,,,,,,,,,,,,,,,,,,,,,,,,,,,,,,,,,,,,,,,,,,,,,,,,,,,,,,,,,,,,,,,,,,,,,,,,,,,,,,,,,,,,,,-1.0931148320011905,288,63
2026-27,football,Heartland Collegiate Athletic Conference (HCAC),hcac,Franklin,"Supinger,Trent",Trent,Supinger,,2694,"Supinger,Trent","SUPINGER,TRENT",Franklin,FRA,1034-3054,3,0,44,44,0,0,DL,0,,,,,,,,,,,,0,2,2,4,4,.0,.0,.0,0,0,0,0,0,0,0,0,0,0,0,0,0,0,0,0,,,,,,,,,,,,,,,,,,,,,,,,,,,,,,,,,,,,,,,,,,,,,,,,,,,,,,,,,,,,,,,,,,,,,,,,,,,,,,,,,,,,,,,,,,,,,-1.0931148320011905,289,63
2026-27,football,Heartland Collegiate Athletic Conference (HCAC),hcac,Bluffton,"Hower,Braydon",Braydon,Hower,,987,"Hower,Braydon","HOWER,BRAYDON",Bluffton,BLF,0,3,3,80,80,0,TE,0,0,,,2,8,0,4,4.0,,,,,,,,,,,,,,,,,,,,,,,,,,,,,,,,,,,,,,,,,,,,,,,,,,,,,,,,,,,,,,,,,,,,,,,,,,,,,,,,,,,,,,,,,,,,,,,,,,,,,,,,,,,,,,,,,,,,,,,,,-1.113850667525809,290,62
2026-27,football,Heartland Collegiate Athletic Conference (HCAC),hcac,Rose-Hulman,"Alexion,Joseph",Joseph,Alexion,,585,"Alexion,Joseph","ALEXION,JOSEPH",Rose-Hulman,RHI,1038-4878,3,3,7,7,0,WR,0,0,,,10,77,0,21,7.7,,,,,,,,,,,,,,,,,,,,,,,,,,,,,,1,7,0,7,7.0,,,,,,,,,,,,,,,,,2,17,18,1,0,9,8.5,5.7,,,,,,,,,,,,,,,,,,,,,,,,,,,,,,,,,,,,,,,,,,,,,,,,,,,,,,,,,,,,,,,-1.1481017541657048,291,62
2026-27,football,Heartland Collegiate Athletic Conference (HCAC),hcac,Bluffton,"Olabisi,Tade",Tade,Olabisi,,987,"Olabisi,Tade","OLABISI,TADE",Bluffton,BLF,0,2,0,5,5,0,WR,0,0,,,1,2,0,2,2.0,,,,,,,,,,,,,,,,,,,,,,,,,,,,,,,,,,,,,,,,,,,,,,,,,,,,,,,,,,,,,,,,,,,,,,,,,,,,,,,,,,,,,,,,,,,,,,,,,,,,,,,,,,,,,,,,,,,,,,,,,-1.1858460358091476,292,62
2026-27,football,Heartland Collegiate Athletic Conference (HCAC),hcac,Mount St. Joseph,"Adams,Austin",Austin,Adams,,8567,"Adams,Austin","ADAMS,AUSTIN",Mount St. Joseph,MSJ,1037-2473,2,0,2,2N,0,0,DB,0,,,,,,,,,,,,0,2,1,3,3,.0,.0,.0,0,0,0,0,0,0,0,0,0,0,0,0,0,0,0,0,,,,,,,,,,,,,,,,,,,,,,,,,,,,,,,,,,,,,,,,,,,,,,,,,,,,,,,,,,,,,,,,,,,,,,,,,,,,,,,,,,,,,,,,,,,,,-1.2083680687191631,293,62
2026-27,football,Heartland Collegiate Athletic Conference (HCAC),hcac,Anderson,"Anderson,Carson",Carson,Anderson,,939,"Anderson,Carson","ANDERSON,CARSON",Anderson,AND,0,3,0,26,26,0,0,DB,0,,,,,,,,,,,,0,2,1,3,3,.0,.0,.0,0,0,0,0,0,0,0,0,0,0,0,0,0,0,0,0,,,,,,,,,,,,,,,,,,,,,,,,,,,,,,,,,,,,,,,,,,,,,,,,,,,,,,,,,,,,,,,,,,,,,,,,,,,,,,,,,,,,,,,,,,,,,-1.2083680687191631,294,62
2026-27,football,Heartland Collegiate Athletic Conference (HCAC),hcac,Hanover,"Cail,Trenten",Trenten,Cail,,1115,"Cail,Trenten","CAIL,TRENTEN",Hanover,HAN,1035-2205,2,0,27,27,0,RB,0,0,,,,,,,,,,,,0,0,3,3,3,.0,.0,.0,0,0,0,0,0,0,0,0,0,0,0,0,0,0,0,0,,,,,,,,,,,,,,,,,,,,,,,,,,,,,,,,,,,,,,,,,,,,,,,,,,,,,,,,,,,,,,,,,,,,,,,,,,,,,,,,,,,,,,,,,,,,,-1.2083680687191631,295,62
2026-27,football,Heartland Collegiate Athletic Conference (HCAC),hcac,Manchester,"Crabtree,Hunter",Hunter,Crabtree,,1192,"Crabtree,Hunter","CRABTREE,HUNTER",Manchester,MAN,1036-2837,2,0,90,90,0,0,LB,0,,,,,,,,,,,,0,2,1,3,3,.0,.0,.0,0,0,0,0,0,0,0,0,0,0,0,0,0,0,0,0,,,,,,,,,,,,,,,,,,,,,,,,,,,,,,,,,,,,,,,,,,,,,,,,,,,,,,,,,,,,,,,,,,,,,,,,,,,,,,,,,,,,,,,,,,,,,-1.2083680687191631,296,62
2026-27,football,Heartland Collegiate Athletic Conference (HCAC),hcac,Anderson,"Darden,Kayden",Kayden,Darden,,939,"Darden,Kayden","DARDEN,KAYDEN",Anderson,AND,0,2,2,53,53,0,0,DB,0,,,,,,,,,,,,0,1,2,3,3,.0,.0,.0,0,0,0,0,0,0,0,0,0,3,0,0,0,0,0,0,,,,,,,,,,,,,,,,,,,,,,,,,,,,,,,,,,,,,,,,,,,,,,,,,,,,,,,,,,,,,,,,,,,,,,,,,,,,,,,,,,,,,,,,,,,,,-1.2083680687191631,297,62
2026-27,football,Heartland Collegiate Athletic Conference (HCAC),hcac,Anderson,"Dorsett,Bryce",Bryce,Dorsett,,939,"Dorsett,Bryce","DORSETT,BRYCE",Anderson,AND,0,2,1,35,35,0,0,DL,0,,,,,,,,,,,,0,2,1,3,3,.0,.0,.0,0,0,0,0,0,0,0,0,0,0,0,0,0,0,0,0,,,,,,,,,,,,,,,,,,,,,,,,,,,,,,,,,,,,,,,,,,,,,,,,,,,,,,,,,,,,,,,,,,,,,,,,,,,,,,,,,,,,,,,,,,,,,-1.2083680687191631,298,62
2026-27,football,Heartland Collegiate Athletic Conference (HCAC),hcac,Bluffton,"Foy,Lucas",Lucas,Foy,,987,"Foy,Lucas","FOY,LUCAS",Bluffton,BLF,0,2,0,13,13,0,0,DB,0,,,,,,,,,,,,0,1,2,3,3,.0,.0,.0,0,0,0,0,0,0,0,0,0,0,0,0,0,0,0,0,,,,,,,,,,,,,,,,,,,,,,,,,,,,,,,,,,,,,,,,,,,,,,,,,,,,,,,,,,,,,,,,,,,,,,,,,,,,,,,,,,,,,,,,,,,,,-1.2083680687191631,299,61
2026-27,football,Heartland Collegiate Athletic Conference (HCAC),hcac,Rose-Hulman,"Gault,Curtis",Curtis,Gault,,585,"Gault,Curtis","GAULT,CURTIS",Rose-Hulman,RHI,1038-5000,2,0,38,38,0,0,LB,0,,,,,,,,,,,,0,2,1,3,3,.0,.0,.0,0,0,0,0,0,0,0,0,0,0,0,0,0,0,0,0,,,,,,,,,,,,,,,,,,,,,,,,,,,,,,,,,,,,,,,,,,,,,,,,,,,,,,,,,,,,,,,,,,,,,,,,,,,,,,,,,,,,,,,,,,,,,-1.2083680687191631,300,61
2026-27,football,Heartland Collegiate Athletic Conference (HCAC),hcac,Bluffton,"Jackson,Marquese",Marquese,Jackson,,987,"Jackson,Marquese","JACKSON,MARQUESE",Bluffton,BLF,0,3,2,17,17,0,0,DB,0,,,,,,,,,,,,0,2,1,3,3,.0,.0,.0,0,0,0,0,0,0,0,0,0,0,0,0,0,0,0,0,,,,,,,,,,,,,,,,,,,,,,,,,,,,,,,,,,,,,,,,,,,,,,,,,,,,,,,,,,,,,,,,,,,,,,,,,,,,,,,,,,,,,,,,,,,,,-1.2083680687191631,301,61
2026-27,football,Heartland Collegiate Athletic Conference (HCAC),hcac,Manchester,"Lee,Jason",Jason,Lee,,1192,"Lee,Jason","LEE,JASON",Manchester,MAN,1036-2845,3,3,1,1,0,0,DB,0,,,,,,,,,,,,0,3,0,3,3,.0,.0,.0,0,0,0,0,0,0,0,0,0,0,0,0,0,0,0,0,,,,,,,,,,,,,,,,,,,,,,,,,,,,,,,,,,,,,,,,,,,,,,,,,,,,,,,,,,,,,,,,,,,,,,,,,,,,,,,,,,,,,,,,,,,,,-1.2083680687191631,302,61
2026-27,football,Heartland Collegiate Athletic Conference (HCAC),hcac,Hanover,"Theobald,Elijah",Elijah,Theobald,,1115,"Theobald,Elijah","THEOBALD,ELIJAH",Hanover,HAN,1035-2470,2,0,8,8,0,0,DB,0,,,,,,,,,,,,0,2,1,3,3,.0,.0,.0,0,0,0,0,0,0,0,0,0,0,0,0,0,0,0,0,,,,,,,,,,,,,,,,,,,,,,,,,,,,,,,,,,,,,,,,,,,,,,,,,,,,,,,,,,,,,,,,,,,,,,,,,,,,,,,,,,,,,,,,,,,,,-1.2083680687191631,303,61
2026-27,football,Heartland Collegiate Athletic Conference (HCAC),hcac,Franklin,"Bowling,Gabe",Gabe,Bowling,,2694,"Bowling,Gabe","BOWLING,GABE",Franklin,FRA,1034-2337,2,0,19,19,0,WR,0,0,,,0,0,0,0,.0,,,,,,,,,,,,,,,,,,,,,,,,,,,,,,,,,,,,,,,,,,,,,,,,,,,,,,,,,,,,,,,,,,,,,,,,,,,,,,,,,,,,,,,,,,,,,,,,,,,,,,,,,,,,,,,,,,,,,,,,,-1.209844491903594,304,61
2026-27,football,Heartland Collegiate Athletic Conference (HCAC),hcac,Franklin,"Fleming,Cam",Cam,Fleming,,2694,"Fleming,Cam","FLEMING,CAM",Franklin,FRA,1034-3024,0,0,9,9A,0,WR,0,0,,,0,0,0,0,.0,,,,,,,,,,,,,,,,,,,,,,,,,,,,,,,,,,,,,,,,,,,,,,,,,,,,,,,,,,,,,,,,,,,,,,,,,,,,,,,,,,,,,,,,,,,,,,,,,,,,,,,,,,,,,,,,,,,,,,,,,-1.209844491903594,305,61
2026-27,football,Heartland Collegiate Athletic Conference (HCAC),hcac,Manchester,"Grant,James",James,Grant,,1192,"Grant,James","GRANT,JAMES",Manchester,MAN,1036-3005,1,0,86,86,0,WR,0,0,,,0,0,0,0,.0,,,,,,,,,,,,,,,,,,,,,,,,,,,,,,,,,,,,,,,,,,,,,,,,,,,,,,,,,,,,,,,,,,,,,,,,,,,,,,,,,,,,,,,,,,,,,,,,,,,,,,,,,,,,,,,,,,,,,,,,,-1.209844491903594,306,61
2026-27,football,Heartland Collegiate Athletic Conference (HCAC),hcac,Anderson,"Randle,Thomas",Thomas,Randle,,939,"Randle,Thomas","RANDLE,THOMAS",Anderson,AND,0,2,0,23,B3,0,WR,0,0,,,0,0,0,0,.0,,,,,,,,,,,,,,,,,,,,,,,,,,,,,,,,,,,,,,,,,,,,,,,,,,,,,,,,,,,,,,,,,,,,,,,,,,,,,,,,,,,,,,,,,,,,,,,,,,,,,,,,,,,,,,,,,,,,,,,,,-1.209844491903594,307,60
2026-27,football,Heartland Collegiate Athletic Conference (HCAC),hcac,Bluffton,"Carswell,Cadence",Cadence,Carswell,,987,"Carswell,Cadence","CARSWELL,CADENCE",Bluffton,BLF,0,3,1,4,4X,0,RB,0,0,,,8,40,0,14,5.0,,,,,,,,,,,,,,,,,,,,,,,,,,,,,,,,,,,,,,,,,,,,,,,,,,,17,27,36,9,0,8,1.6,9.0,,,,,,,,,,,,,,,,,,,,,,,,,,,,,,,,,,,,,,,,,,,,,,,,,,,,,,,,,,,,,,,-1.2803878675002813,308,60
2026-27,football,Heartland Collegiate Athletic Conference (HCAC),hcac,Bluffton,"Johnson,Landan",Landan,Johnson,,987,"Johnson,Landan","JOHNSON,LANDAN",Bluffton,BLF,0,2,0,33,33,0,RB,0,0,,,1,38,0,38,38.0,,,,,0,0,0,0,0,.0,.0,.0,0,0,0,0,0,0,0,0,0,0,0,0,0,0,0,0,,,,,,,,,,,0,1,0,0,0,0,0,0,0,6,6,3,15,54,58,4,1,19,3.6,27.0,,,,,,,,,,,,,,,,,,,,,,,,,,,,,,,,,,,,,,,,,,,,,,,,,,,,,,,,,,,,,,,-1.2858789792271994,309,60
2026-27,football,Heartland Collegiate Athletic Conference (HCAC),hcac,Franklin,"Morgan,Boden",Boden,Morgan,,2694,"Morgan,Boden","MORGAN,BODEN",Franklin,FRA,1034-3026,1,0,12,12,0,QB,0,0,,,,,,,,,,,,,,,,,,,,,,,,,,,,,,,,,,,,,,,,,,,,,,,,,,,,,,,,,,,,,,,,,,,,,,,,,,,,,,,,,,,,0,0,8,0,7,0,3,2,86.3,2.33,3.50,7.0,,,,,,,,,,,,,,,,,,,,,,,,,,,,,,,,,-1.3158177039370598,310,60
2026-27,football,Heartland Collegiate Athletic Conference (HCAC),hcac,Hanover,"Allgood,Lukas",Lukas,Allgood,,1115,"Allgood,Lukas","ALLGOOD,LUKAS",Hanover,HAN,1035-2647,1,0,98,98,0,0,DL,0,,,,,,,,,,,,0,0,2,2,2,.0,.0,.0,0,0,0,0,0,0,0,0,0,0,0,0,0,0,0,0,,,,,,,,,,,,,,,,,,,,,,,,,,,,,,,,,,,,,,,,,,,,,,,,,,,,,,,,,,,,,,,,,,,,,,,,,,,,,,,,,,,,,,,,,,,,,-1.323621305437136,311,60
2026-27,football,Heartland Collegiate Athletic Conference (HCAC),hcac,Bluffton,"Booker,Ishmael",Ishmael,Booker,,987,"Booker,Ishmael","BOOKER,ISHMAEL",Bluffton,BLF,0,1,0,31,31,0,0,DB,0,,,,,,,,,,,,0,0,2,2,2,.0,.0,.0,0,0,0,0,0,0,0,0,0,0,0,0,0,0,0,0,,,,,,,,,,,,,,,,,,,,,,,,,,,,,,,,,,,,,,,,,,,,,,,,,,,,,,,,,,,,,,,,,,,,,,,,,,,,,,,,,,,,,,,,,,,,,-1.323621305437136,312,60
2026-27,football,Heartland Collegiate Athletic Conference (HCAC),hcac,Hanover,"Brunes,Cannon",Cannon,Brunes,,1115,"Brunes,Cannon","BRUNES,CANNON",Hanover,HAN,1035-2408,3,0,4,4,0,0,LB,0,,,,,,,,,,,,0,0,2,2,2,.0,.0,.0,0,0,0,0,0,0,0,0,0,0,0,0,0,0,0,0,,,,,,,,,,,,,,,,,,,,,,,,,,,,,,,,,,,,,,,,,,,,,,,,,,,,,,,,,,,,,,,,,,,,,,,,,,,,,,,,,,,,,,,,,,,,,-1.323621305437136,313,60
2026-27,football,Heartland Collegiate Athletic Conference (HCAC),hcac,Rose-Hulman,"Cooks,Geno",Geno,Cooks,,585,"Cooks,Geno","COOKS,GENO",Rose-Hulman,RHI,1038-5400,2,0,4,4,0,0,DB,0,,,,,,,,,,,,0,2,0,2,2,.0,.0,.0,0,0,0,0,0,0,0,0,0,0,0,0,0,0,0,0,,,,,,,,,,,,,,,,,,,,,,,,,,,,,,,,,,,,,,,,,,,,,,,,,,,,,,,,,,,,,,,,,,,,,,,,,,,,,,,,,,,,,,,,,,,,,-1.323621305437136,314,60
2026-27,football,Heartland Collegiate Athletic Conference (HCAC),hcac,Rose-Hulman,"Gospodarek,Finley",Finley,Gospodarek,,585,"Gospodarek,Finley","GOSPODAREK,FINLEY",Rose-Hulman,RHI,1038-5402,1,0,12,12,0,0,LB,0,,,,,,,,,,,,0,1,1,2,2,.0,.0,.0,0,0,0,0,0,0,0,0,0,0,0,0,0,0,0,0,,,,,,,,,,,,,,,,,,,,,,,,,,,,,,,,,,,,,,,,,,,,,,,,,,,,,,,,,,,,,,,,,,,,,,,,,,,,,,,,,,,,,,,,,,,,,-1.323621305437136,315,60
2026-27,football,Heartland Collegiate Athletic Conference (HCAC),hcac,Anderson,"Long,Timothy",Timothy,Long,,939,"Long,Timothy","LONG,TIMOTHY",Anderson,AND,0,3,1,91,91,0,0,DL,0,,,,,,,,,,,,0,0,2,2,2,.0,.0,.0,0,0,0,0,0,0,0,0,0,3,0,0,0,0,0,0,,,,,,,,,,,,,,,,,,,,,,,,,,,,,,,,,,,,,,,,,,,,,,,,,,,,,,,,,,,,,,,,,,,,,,,,,,,,,,,,,,,,,,,,,,,,,-1.323621305437136,316,59
2026-27,football,Heartland Collegiate Athletic Conference (HCAC),hcac,Rose-Hulman,"Meighan,Hugh",Hugh,Meighan,,585,"Meighan,Hugh","MEIGHAN,HUGH",Rose-Hulman,RHI,1038-4863,2,0,29,29,0,0,DB,0,,,,,,,,,,,,0,1,1,2,2,.0,.0,.0,0,0,0,0,0,0,0,0,0,0,0,0,0,0,0,0,,,,,,,,,,,,,,,,,,,,,,,,,,,,,,,,,,,,,,,,,,,,,,,,,,,,,,,,,,,,,,,,,,,,,,,,,,,,,,,,,,,,,,,,,,,,,-1.323621305437136,317,59
2026-27,football,Heartland Collegiate Athletic Conference (HCAC),hcac,Bluffton,"Perez,Frank",Frank,Perez,,987,"Perez,Frank","PEREZ,FRANK",Bluffton,BLF,0,1,0,52,52,0,0,LB,0,,,,,,,,,,,,0,0,2,2,2,.0,.0,.0,0,0,0,0,0,0,0,0,0,0,0,0,0,0,0,0,,,,,,,,,,,,,,,,,,,,,,,,,,,,,,,,,,,,,,,,,,,,,,,,,,,,,,,,,,,,,,,,,,,,,,,,,,,,,,,,,,,,,,,,,,,,,-1.323621305437136,318,59
2026-27,football,Heartland Collegiate Athletic Conference (HCAC),hcac,Rose-Hulman,"Pitchford,William",William,Pitchford,,585,"Pitchford,William","PITCHFORD,WILLIAM",Rose-Hulman,RHI,1038-4857,3,0,24,24,0,0,0,0,,,,,,,,,,,,0,1,1,2,2,.0,.0,.0,0,0,0,0,0,0,0,0,0,0,0,0,0,0,0,0,,,,,,,,,,,,,,,,,,,,,,,,,,,,,,,,,,,,,,,,,,,,,,,,,,,,,,,,,,,,,,,,,,,,,,,,,,,,,,,,,,,,,,,,,,,,,-1.323621305437136,319,59
2026-27,football,Heartland Collegiate Athletic Conference (HCAC),hcac,Mount St. Joseph,"Powell,Jaylen",Jaylen,Powell,,8567,"Powell,Jaylen","POWELL,JAYLEN",Mount St. Joseph,MSJ,1037-3625,2,0,26,26,0,0,LB,0,,,,,,,,,,,,0,1,1,2,2,.0,.0,.0,0,0,0,0,0,0,0,0,0,0,0,0,0,0,0,0,,,,,,,,,,,,,,,,,,,,,,,,,,,,,,,,,,,,,,,,,,,,,,,,,,,,,,,,,,,,,,,,,,,,,,,,,,,,,,,,,,,,,,,,,,,,,-1.323621305437136,320,59
2026-27,football,Heartland Collegiate Athletic Conference (HCAC),hcac,Rose-Hulman,"Rivers,Jorden",Jorden,Rivers,,585,"Rivers,Jorden","RIVERS,JORDEN",Rose-Hulman,RHI,1038-5273,1,0,3,3C,0,0,DB,0,,,,,,,,,,,,0,2,0,2,2,.0,.0,.0,0,0,0,0,0,0,0,0,0,0,0,0,0,0,0,0,,,,,,,,,,,,,,,,,,,,,,,,,,,,,,,,,,,,,,,,,,,,,,,,,,,,,,,,,,,,,,,,,,,,,,,,,,,,,,,,,,,,,,,,,,,,,-1.323621305437136,321,59
2026-27,football,Heartland Collegiate Athletic Conference (HCAC),hcac,Rose-Hulman,"Ronn,Wyatt",Wyatt,Ronn,,585,"Ronn,Wyatt","RONN,WYATT",Rose-Hulman,RHI,1038-4853,2,0,54,54,0,0,DL,0,,,,,,,,,,,,0,0,2,2,2,.0,.0,.0,0,0,0,0,0,0,0,0,0,0,0,0,0,0,0,0,,,,,,,,,,,,,,,,,,,,,,,,,,,,,,,,,,,,,,,,,,,,,,,,,,,,,,,,,,,,,,,,,,,,,,,,,,,,,,,,,,,,,,,,,,,,,-1.323621305437136,322,59
2026-27,football,Heartland Collegiate Athletic Conference (HCAC),hcac,Mount St. Joseph,"Decker,Logan",Logan,Decker,,8567,"Decker,Logan","DECKER,LOGAN",Mount St. Joseph,MSJ,1037-3232,3,0,87,87,0,TE,0,0,,,,,,,,,,,,0,0,1,1,1,.0,.0,.0,0,0,0,0,0,0,0,0,0,0,0,1,0,0,0,0,,1,20,0,20,20.0,,,,,,,,,,,,,,,,,,,,,,,,,,,,,,,,,,,,,,,,,,,,,,,,,,,,,,,,,,,,,,,,,,,,,,,,,,,,,,,,,,,,,,,-1.420339036402311,323,59
2026-27,football,Heartland Collegiate Athletic Conference (HCAC),hcac,Franklin,"Thrash,Jake",Jake,Thrash,,2694,"Thrash,Jake","THRASH,JAKE",Franklin,FRA,1034-2825,3,0,5,5A,0,RB,0,0,,,4,25,0,14,6.3,,,,,,,,,,,,,,,,,,,,,,,,,,,,,,,,,,,,,,,,,,,,,,,,,,,11,49,49,0,0,13,4.5,16.3,,,,,,,,,,1,10,0,10,10.0,,,,,,,,,,,,,,,,,,,,,,,,,,,,,,,,,,,,,,,,,,,,,,,,,-1.4219316906569945,324,58
2026-27,football,Heartland Collegiate Athletic Conference (HCAC),hcac,Rose-Hulman,"Cress,Matthew",Matthew,Cress,,585,"Cress,Matthew","CRESS,MATTHEW",Rose-Hulman,RHI,1038-5406,2,0,21,21,0,WR,0,0,,,1,2,0,2,2.0,,,,,,,,,,,,,,,,,,,,,,,,,,,,,,,,,,,,,,,,,,,,,,,,,,,,,,,,,,,,,,,,,,,,1,19,0,19,19.0,,,,,,,,,,,,,,,,,,,,,,,,,,,,,,,,,,,,,,,,,,,,,,,,,-1.434008956588339,325,58
2026-27,football,Heartland Collegiate Athletic Conference (HCAC),hcac,Anderson,"Adams,Dylan",Dylan,Adams,,939,"Adams,Dylan","ADAMS,DYLAN",Anderson,AND,0,2,0,37,37,0,0,LB,0,,,,,,,,,,,,0,1,0,1,1,.0,.0,.0,0,0,0,0,0,0,0,0,0,0,0,0,0,0,0,0,,,,,,,,,,,,,,,,,,,,,,,,,,,,,,,,,,,,,,,,,,,,,,,,,,,,,,,,,,,,,,,,,,,,,,,,,,,,,,,,,,,,,,,,,,,,,-1.4388745421551086,326,58
2026-27,football,Heartland Collegiate Athletic Conference (HCAC),hcac,Bluffton,Ahmar Atwell,Ahmar,Atwell,,987,Ahmar Atwell,"ATWELL,AHMAR",Bluffton,BLF,0,2,1,7,7,0,WR,0,0,,,,,,,,,,,,0,0,1,1,1,.0,.0,.0,0,0,0,0,0,0,0,0,0,0,0,0,0,0,0,0,,,,,,,,,,,,,,,,,,,,,,,,,,,,,,,,,,,,,,,,,,,,,,,,,,,,,,,,,,,,,,,,,,,,,,,,,,,,,,,,,,,,,,,,,,,,,-1.4388745421551086,327,58
2026-27,football,Heartland Collegiate Athletic Conference (HCAC),hcac,Franklin,"Barker,Colton",Colton,Barker,,2694,"Barker,Colton","BARKER,COLTON",Franklin,FRA,1034-3033,1,0,17,1G,0,0,DB,0,,,,,,,,,,,,0,1,0,1,1,.0,.0,.0,0,0,0,0,0,0,0,0,0,0,0,0,0,0,0,0,,,,,,,,,,,,,,,,,,,,,,,,,,,,,,,,,,,,,,,,,,,,,,,,,,,,,,,,,,,,,,,,,,,,,,,,,,,,,,,,,,,,,,,,,,,,,-1.4388745421551086,328,58
2026-27,football,Heartland Collegiate Athletic Conference (HCAC),hcac,Franklin,"Branigan,Corey",Corey,Branigan,,2694,"Branigan,Corey","BRANIGAN,COREY",Franklin,FRA,1034-2819,3,3,76,76,0,OL,0,0,,,,,,,,,,,,0,1,0,1,1,.0,.0,.0,0,0,0,0,0,0,0,0,0,0,0,0,0,0,0,0,,,,,,,,,,,,,,,,,,,,,,,,,,,,,,,,,,,,,,,,,,,,,,,,,,,,,,,,,,,,,,,,,,,,,,,,,,,,,,,,,,,,,,,,,,,,,-1.4388745421551086,329,58
2026-27,football,Heartland Collegiate Athletic Conference (HCAC),hcac,Mount St. Joseph,"Buck-Barber,Kendell",Kendell,Buck-Barber,,8567,"Buck-Barber,Kendell","BUCK-BARBER,KENDELL",Mount St. Joseph,MSJ,1037-3592,1,0,23,2L,0,RB,0,0,,,,,,,,,,,,0,0,1,1,1,.0,.0,.0,0,0,0,0,0,0,0,0,0,0,0,0,0,0,0,0,,,,,,,,,,,,,,,,,,,,,,,,,,,,,,,,,,,,,,,,,,,,,,,,,,,,,,,,,,,,,,,,,,,,,,,,,,,,,,,,,,,,,,,,,,,,,-1.4388745421551086,330,58
2026-27,football,Heartland Collegiate Athletic Conference (HCAC),hcac,Mount St. Joseph,"Burke,Alvin",Alvin,Burke,,8567,"Burke,Alvin","BURKE,ALVIN",Mount St. Joseph,MSJ,1037-1501,2,0,99,99,0,0,DL,0,,,,,,,,,,,,0,1,0,1,1,.0,.0,.0,0,0,0,0,0,0,0,0,0,1,0,0,0,0,0,0,,,,,,,,,,,,,,,,,,,,,,,,,,,,,,,,,,,,,,,,,,,,,,,,,,,,,,,,,,,,,,,,,,,,,,,,,,,,,,,,,,,,,,,,,,,,,-1.4388745421551086,331,58
2026-27,football,Heartland Collegiate Athletic Conference (HCAC),hcac,Rose-Hulman,"Chan,Brandon",Brandon,Chan,,585,"Chan,Brandon","CHAN,BRANDON",Rose-Hulman,RHI,1038-5411,1,0,33,33,0,0,LB,0,,,,,,,,,,,,0,0,1,1,1,.0,.0,.0,0,0,0,0,0,0,0,0,0,0,0,0,0,0,0,0,,,,,,,,,,,,,,,,,,,,,,,,,,,,,,,,,,,,,,,,,,,,,,,,,,,,,,,,,,,,,,,,,,,,,,,,,,,,,,,,,,,,,,,,,,,,,-1.4388745421551086,332,58
2026-27,football,Heartland Collegiate Athletic Conference (HCAC),hcac,Franklin,"Daubenmier,Clayton",Clayton,Daubenmier,,2694,"Daubenmier,Clayton","DAUBENMIER,CLAYTON",Franklin,FRA,1034-3038,2,0,22,2C,0,0,LB,0,,,,,,,,,,,,0,0,1,1,1,.0,.0,.0,0,0,0,0,0,0,0,0,0,0,0,0,0,0,0,0,,,,,,,,,,,,,,,,,,,,,,,,,,,,,,,,,,,,,,,,,,,,,,,,,,,,,,,,,,,,,,,,,,,,,,,,,,,,,,,,,,,,,,,,,,,,,-1.4388745421551086,333,57
2026-27,football,Heartland Collegiate Athletic Conference (HCAC),hcac,Manchester,"Davis,Luke",Luke,Davis,,1192,"Davis,Luke","DAVIS,LUKE",Manchester,MAN,1036-2830,3,0,33,33,0,0,LB,0,,,,,,,,,,,,0,1,0,1,1,.0,.0,.0,0,0,0,0,0,0,0,0,0,0,0,0,0,0,0,0,,,,,,,,,,,,,,,,,,,,,,,,,,,,,,,,,,,,,,,,,,,,,,,,,,,,,,,,,,,,,,,,,,,,,,,,,,,,,,,,,,,,,,,,,,,,,-1.4388745421551086,334,57
2026-27,football,Heartland Collegiate Athletic Conference (HCAC),hcac,Manchester,"Duncan,Brody",Brody,Duncan,,1192,"Duncan,Brody","DUNCAN,BRODY",Manchester,MAN,1036-3000,1,0,43,43,0,RB,0,0,,,,,,,,,,,,0,1,0,1,1,.0,.0,.0,0,0,0,0,0,0,0,0,0,0,0,0,0,0,0,0,,,,,,,,,,,,,,,,,,,,,,,,,,,,,,,,,,,,,,,,,,,,,,,,,,,,,,,,,,,,,,,,,,,,,,,,,,,,,,,,,,,,,,,,,,,,,-1.4388745421551086,335,57
2026-27,football,Heartland Collegiate Athletic Conference (HCAC),hcac,Anderson,"Everson,Ty",Ty,Everson,,939,"Everson,Ty","EVERSON,TY",Anderson,AND,0,3,3,73,73,0,OL,0,0,,,,,,,,,,,,0,1,0,1,1,.0,.0,.0,0,0,0,0,0,0,0,0,0,0,0,0,0,0,0,0,,,,,,,,,,,,,,,,,,,,,,,,,,,,,,,,,,,,,,,,,,,,,,,,,,,,,,,,,,,,,,,,,,,,,,,,,,,,,,,,,,,,,,,,,,,,,-1.4388745421551086,336,57
2026-27,football,Heartland Collegiate Athletic Conference (HCAC),hcac,Mount St. Joseph,"Fowler,Mario",Mario,Fowler,,8567,"Fowler,Mario","FOWLER,MARIO",Mount St. Joseph,MSJ,1037-2972,1,0,92,92,0,0,DL,0,,,,,,,,,,,,0,0,1,1,1,.0,.0,.0,0,0,0,0,0,0,0,0,0,0,0,0,0,0,0,0,,,,,,,,,,,,,,,,,,,,,,,,,,,,,,,,,,,,,,,,,,,,,,,,,,,,,,,,,,,,,,,,,,,,,,,,,,,,,,,,,,,,,,,,,,,,,-1.4388745421551086,337,57
2026-27,football,Heartland Collegiate Athletic Conference (HCAC),hcac,Hanover,"Gaines,DJ",DJ,Gaines,,1115,"Gaines,DJ","GAINES,DJ",Hanover,HAN,1035-2657,1,0,31,3D,0,0,LB,0,,,,,,,,,,,,0,1,0,1,1,.0,.0,.0,0,0,0,0,0,0,0,0,0,0,0,0,0,0,0,0,,,,,,,,,,,,,,,,,,,,,,,,,,,,,,,,,,,,,,,,,,,,,,,,,,,,,,,,,,,,,,,,,,,,,,,,,,,,,,,,,,,,,,,,,,,,,-1.4388745421551086,338,57
2026-27,football,Heartland Collegiate Athletic Conference (HCAC),hcac,Mount St. Joseph,"Gray,Daniel",Daniel,Gray,,8567,"Gray,Daniel","GRAY,DANIEL",Mount St. Joseph,MSJ,1037-2494,1,0,98,98,0,0,DL,0,,,,,,,,,,,,0,0,1,1,1,.0,.0,.0,0,0,0,0,0,0,0,0,0,0,0,0,0,0,0,0,,,,,,,,,,,,,,,,,,,,,,,,,,,,,,,,,,,,,,,,,,,,,,,,,,,,,,,,,,,,,,,,,,,,,,,,,,,,,,,,,,,,,,,,,,,,,-1.4388745421551086,339,57
2026-27,football,Heartland Collegiate Athletic Conference (HCAC),hcac,Franklin,"Harris,Kaiden",Kaiden,Harris,,2694,"Harris,Kaiden","HARRIS,KAIDEN",Franklin,FRA,1034-3057,3,0,50,50,0,0,0,0,,,,,,,,,,,,0,1,0,1,1,.0,.0,.0,0,0,0,0,0,0,0,0,0,0,0,0,0,0,0,0,,,,,,,,,,,,,,,,,,,,,,,,,,,,,,,,,,,,,,,,,,,,,,,,,,,,,,,,,,,,,,,,,,,,,,,,,,,,,,,,,,,,,,,,,,,,,-1.4388745421551086,340,57
2026-27,football,Heartland Collegiate Athletic Conference (HCAC),hcac,Franklin,"Harris,Parker",Parker,Harris,,2694,"Harris,Parker","HARRIS,PARKER",Franklin,FRA,1034-3018,1,0,99,99,0,0,DL,0,,,,,,,,,,,,0,0,1,1,1,.0,.0,.0,0,0,0,0,0,0,0,0,0,0,0,0,0,0,0,0,,,,,,,,,,,,,,,,,,,,,,,,,,,,,,,,,,,,,,,,,,,,,,,,,,,,,,,,,,,,,,,,,,,,,,,,,,,,,,,,,,,,,,,,,,,,,-1.4388745421551086,341,56
2026-27,football,Heartland Collegiate Athletic Conference (HCAC),hcac,Hanover,"Harrison,Austin",Austin,Harrison,,1115,"Harrison,Austin","HARRISON,AUSTIN",Hanover,HAN,1035-2867,1,0,8,8A,0,QB,0,0,,,,,,,,,,,,0,1,0,1,1,.0,.0,.0,0,0,0,0,0,0,0,0,0,0,0,0,0,0,0,0,,,,,,,,,,,,,,,,,,,,,,,,,,,,,,,,,,,,,,,,,,,,,,,,,,,,,,,,,,,,,,,,,,,,,,,,,,,,,,,,,,,,,,,,,,,,,-1.4388745421551086,342,56
2026-27,football,Heartland Collegiate Athletic Conference (HCAC),hcac,Hanover,"Hazelwood,Landyn",Landyn,Hazelwood,,1115,"Hazelwood,Landyn","HAZELWOOD,LANDYN",Hanover,HAN,1035-2869,1,0,16,1L,0,0,DB,0,,,,,,,,,,,,0,0,1,1,1,.0,.0,.0,0,0,0,0,0,0,0,0,0,0,0,0,0,0,0,0,,,,,,,,,,,,,,,,,,,,,,,,,,,,,,,,,,,,,,,,,,,,,,,,,,,,,,,,,,,,,,,,,,,,,,,,,,,,,,,,,,,,,,,,,,,,,-1.4388745421551086,343,56
2026-27,football,Heartland Collegiate Athletic Conference (HCAC),hcac,Franklin,"Hoelscher,Aiden",Aiden,Hoelscher,,2694,"Hoelscher,Aiden","HOELSCHER,AIDEN",Franklin,FRA,1034-2837,2,0,28,28,0,0,LB,0,,,,,,,,,,,,0,1,0,1,1,.0,.0,.0,0,0,0,0,0,0,0,0,0,0,0,0,0,0,0,0,,,,,,,,,,,,,,,,,,,,,,,,,,,,,,,,,,,,,,,,,,,,,,,,,,,,,,,,,,,,,,,,,,,,,,,,,,,,,,,,,,,,,,,,,,,,,-1.4388745421551086,344,56
2026-27,football,Heartland Collegiate Athletic Conference (HCAC),hcac,Anderson,"Jones,Elijah",Elijah,Jones,,939,"Jones,Elijah","JONES,ELIJAH",Anderson,AND,0,3,0,12,12,0,0,LB,0,,,,,,,,,,,,0,0,1,1,1,.0,.0,.0,0,0,0,0,0,0,0,0,0,0,0,0,0,0,0,0,,,,,,,,,,,,,,,,,,,,,,,,,,,,,,,,,,,,,,,,,,,,,,,,,,,,,,,,,,,,,,,,,,,,,,,,,,,,,,,,,,,,,,,,,,,,,-1.4388745421551086,345,56
2026-27,football,Heartland Collegiate Athletic Conference (HCAC),hcac,Bluffton,"Jones,Robert",Robert,Jones,,987,"Jones,Robert","JONES,ROBERT",Bluffton,BLF,0,1,0,28,2J,0,RB,0,0,,,,,,,,,,,,0,1,0,1,1,.0,.0,.0,0,0,0,0,0,0,0,0,0,0,0,0,0,0,0,0,,,,,,,,,,,,,,,,,,,,,,,,,,,,,,,,,,,,,,,,,,,,,,,,,,,,,,,,,,,,,,,,,,,,,,,,,,,,,,,,,,,,,,,,,,,,,-1.4388745421551086,346,56
2026-27,football,Heartland Collegiate Athletic Conference (HCAC),hcac,Hanover,"Joy,Gavin",Gavin,Joy,,1115,"Joy,Gavin","JOY,GAVIN",Hanover,HAN,1035-2688,1,0,86,86,0,WR,0,0,,,,,,,,,,,,0,0,1,1,1,.0,.0,.0,0,0,0,0,0,0,0,0,0,0,0,0,0,0,0,0,,,,,,,,,,,,,,,,,,,,,,,,,,,,,,,,,,,,,,,,,,,,,,,,,,,,,,,,,,,,,,,,,,,,,,,,,,,,,,,,,,,,,,,,,,,,,-1.4388745421551086,347,56
2026-27,football,Heartland Collegiate Athletic Conference (HCAC),hcac,Mount St. Joseph,"Kidwell,Carson",Carson,Kidwell,,8567,"Kidwell,Carson","KIDWELL,CARSON",Mount St. Joseph,MSJ,1037-3235,2,0,88,8P,0,0,DL,0,,,,,,,,,,,,0,0,1,1,1,.0,.0,.0,0,0,0,0,0,0,0,0,0,0,0,0,0,0,0,0,,,,,,,,,,,,,,,,,,,,,,,,,,,,,,,,,,,,,,,,,,,,,,,,,,,,,,,,,,,,,,,,,,,,,,,,,,,,,,,,,,,,,,,,,,,,,-1.4388745421551086,348,56
2026-27,football,Heartland Collegiate Athletic Conference (HCAC),hcac,Bluffton,"Milburn,Devyn",Devyn,Milburn,,987,"Milburn,Devyn","MILBURN,DEVYN",Bluffton,BLF,0,1,0,58,58,0,OL,0,0,,,,,,,,,,,,0,0,1,1,1,.0,.0,.0,0,0,0,0,0,0,0,0,0,0,0,0,0,0,0,0,,,,,,,,,,,,,,,,,,,,,,,,,,,,,,,,,,,,,,,,,,,,,,,,,,,,,,,,,,,,,,,,,,,,,,,,,,,,,,,,,,,,,,,,,,,,,-1.4388745421551086,349,56
2026-27,football,Heartland Collegiate Athletic Conference (HCAC),hcac,Franklin,"Mozee,Asaph",Asaph,Mozee,,2694,"Mozee,Asaph","MOZEE,ASAPH",Franklin,FRA,1034-2836,2,0,35,35,0,0,LB,0,,,,,,,,,,,,0,1,0,1,1,.0,.0,.0,0,0,0,0,0,0,0,0,0,0,0,0,0,0,0,0,,,,,,,,,,,,,,,,,,,,,,,,,,,,,,,,,,,,,,,,,,,,,,,,,,,,,,,,,,,,,,,,,,,,,,,,,,,,,,,,,,,,,,,,,,,,,-1.4388745421551086,350,55
2026-27,football,Heartland Collegiate Athletic Conference (HCAC),hcac,Anderson,"Pendleton,Elijah",Elijah,Pendleton,,939,"Pendleton,Elijah","PENDLETON,ELIJAH",Anderson,AND,0,2,0,82,82,0,WR,0,0,,,,,,,,,,,,0,0,1,1,1,.0,.0,.0,0,0,0,0,0,0,0,0,0,0,0,0,0,0,0,0,,,,,,,,,,,,,,,,,,,,,,,,,,,,,,,,,,,,,,,,,,,,,,,,,,,,,,,,,,,,,,,,,,,,,,,,,,,,,,,,,,,,,,,,,,,,,-1.4388745421551086,351,55
2026-27,football,Heartland Collegiate Athletic Conference (HCAC),hcac,Mount St. Joseph,"Smith,Lamar",Lamar,Smith,,8567,"Smith,Lamar","SMITH,LAMAR",Mount St. Joseph,MSJ,1037-3002,2,0,64,64,0,OL,0,0,,,,,,,,,,,,0,1,0,1,1,.0,.0,.0,0,0,0,0,0,0,0,0,0,0,0,0,0,0,0,0,,,,,,,,,,,,,,,,,,,,,,,,,,,,,,,,,,,,,,,,,,,,,,,,,,,,,,,,,,,,,,,,,,,,,,,,,,,,,,,,,,,,,,,,,,,,,-1.4388745421551086,352,55
2026-27,football,Heartland Collegiate Athletic Conference (HCAC),hcac,Bluffton,"Smith,Tony",Tony,Smith,,987,"Smith,Tony","SMITH,TONY",Bluffton,BLF,0,1,0,45,45,0,0,DL,0,,,,,,,,,,,,0,0,1,1,1,.0,.0,.0,0,0,0,0,0,0,0,0,0,0,0,0,0,0,0,0,,,,,,,,,,,,,,,,,,,,,,,,,,,,,,,,,,,,,,,,,,,,,,,,,,,,,,,,,,,,,,,,,,,,,,,,,,,,,,,,,,,,,,,,,,,,,-1.4388745421551086,353,55
2026-27,football,Heartland Collegiate Athletic Conference (HCAC),hcac,Mount St. Joseph,"Walden,Barron",Barron,Walden,,8567,"Walden,Barron","WALDEN,BARRON",Mount St. Joseph,MSJ,1037-3234,1,0,90,9W,0,0,DL,0,,,,,,,,,,,,0,0,1,1,1,.0,.0,.0,0,0,0,0,0,0,0,0,0,0,0,0,0,0,0,0,,,,,,,,,,,,,,,,,,,,,,,,,,,,,,,,,,,,,,,,,,,,,,,,,,,,,,,,,,,,,,,,,,,,,,,,,,,,,,,,,,,,,,,,,,,,,-1.4388745421551086,354,55
2026-27,football,Heartland Collegiate Athletic Conference (HCAC),hcac,Mount St. Joseph,"Young,Anthony",Anthony,Young,,8567,"Young,Anthony","YOUNG,ANTHONY",Mount St. Joseph,MSJ,1037-3643,1,0,3,3D,0,0,DB,0,,,,,,,,,,,,0,0,1,1,1,.0,.0,.0,0,0,0,0,0,0,0,0,0,0,0,0,0,0,0,0,,,,,,,,,,,,,,,,,,,,,,,,,,,,,,,,,,,,,,,,,,,,,,,,,,,,,,,,,,,,,,,,,,,,,,,,,,,,,,,,,,,,,,,,,,,,,-1.4388745421551086,355,55
2026-27,football,Heartland Collegiate Athletic Conference (HCAC),hcac,Hanover,"Nation,Blaik",Blaik,Nation,,1115,"Nation,Blaik","NATION,BLAIK",Hanover,HAN,1035-2451,3,0,0,0,0,RB,0,0,,,3,49,0,35,16.3,,,,,,,,,,,,,,,,,,,,,,,,,,,,,,,,,,,,,,,,,,,,,,,,,,,6,10,10,0,0,3,1.7,3.3,,,,,,,,,,,,,,,,,,,,,,,,,,,,,,,,,,,,,,,,,,,,,,,,,,,,,,,,,,,,,,,-1.4411740284017047,356,55
2026-27,football,Heartland Collegiate Athletic Conference (HCAC),hcac,Anderson,"Howell,Mason",Mason,Howell,,939,"Howell,Mason","HOWELL,MASON",Anderson,AND,0,3,0,44,44,0,TE,0,0,,,0,0,0,0,.0,,,,,,,,,,,,,,,,,,,,,,,,,,,,,,,,,,,,,,,,,,,,,,,,,,,,,,,,,,,,,,,,,,,,1,16,0,16,16.0,,,,,,,,,,,,,,,,,,,,,,,,,,,,,,,,,,,,,,,,,,,,,,,,,-1.4784155476152847,357,55
2026-27,football,Heartland Collegiate Athletic Conference (HCAC),hcac,Anderson,"Vetter,Caleb",Caleb,Vetter,,939,"Vetter,Caleb","VETTER,CALEB",Anderson,AND,0,1,0,15,A5,0,QB,0,0,,,,,,,,,,,,,,,,,,,,,,,,,,,,,,,,,,,,,,,,,,,,,,,,,,,,,,,,,,,,,,,,,,,,,,,,,,,,,,,,,,,,0,0,12,0,23,0,6,2,65.5,3.83,11.50,23.0,,,,,,,,,,,,,,,,,,,,,,,,,,,,,,,,,-1.4961042335933268,358,54
2026-27,football,Heartland Collegiate Athletic Conference (HCAC),hcac,Anderson,"Brittle,Jaxon",Jaxon,Brittle,,939,"Brittle,Jaxon","BRITTLE,JAXON",Anderson,AND,0,3,0,27,27,0,0,DL,0,,,,,,,,,,,,0,0,0,0,0,.0,.0,.0,0,0,0,0,0,0,0,0,0,1,0,0,0,0,0,0,,,,,,,,,,,,,,,,,,,,,,,,,,,,,,,,,,,,,,,,,,,,,,,,,,,,,,,,,,,,,,,,,,,,,,,,,,,,,,,,,,,,,,,,,,,,,-1.5541277788730814,359,54
2026-27,football,Heartland Collegiate Athletic Conference (HCAC),hcac,Anderson,"Layton,Corey",Corey,Layton,,939,"Layton,Corey","LAYTON,COREY",Anderson,AND,0,3,0,15,1E,0,0,0,0,,,,,,,,,,,,0,0,0,0,0,.0,.0,.0,0,0,0,0,0,0,0,0,0,0,0,0,0,0,0,0,,,,,,,,,,,9,0,1,0,0,0,0,0,0,12,12,4,,,,,,,,,,,,,,,,,,,,,,,,,,,,,,,,,,,,,,,,,,,,,15,779,0,0,51.9,1,2,33,0,50.0,10,9,0,0,0,0,0,0,0,0,0,0,,,,,-1.5541277788730814,360,54
2026-27,football,Heartland Collegiate Athletic Conference (HCAC),hcac,Hanover,"Tally,Johnathan",Johnathan,Tally,,1115,"Tally,Johnathan","TALLY,JOHNATHAN",Hanover,HAN,1035-2468,3,0,26,26,0,0,0,0,,,,,,,,,,,,0,0,0,0,0,.0,.0,.0,0,0,0,0,0,0,0,0,0,0,0,0,0,0,0,0,,,,,,,,,,,2,0,1,0,0,0,0,0,0,5,5,1.67,,,,,,,,,,,,,,,,,,,,,,,,,,,,,,,,,,,,,,,,,,,,,14,694,2,3,49.6,1,2,19,0,50.0,2,2,0,0,0,0,0,0,0,0,0,0,,,,,-1.5541277788730814,361,54
2026-27,football,Heartland Collegiate Athletic Conference (HCAC),hcac,Hanover,"Kempf,Preston",Preston,Kempf,,1115,"Kempf,Preston","KEMPF,PRESTON",Hanover,HAN,1035-2677,3,0,5,5A,0,QB,0,0,,,5,25,0,9,5.0,,,,,,,,,,,,,,,,,,,,,,,,,,,,,,1,10,0,10,10.0,,,,,,,,,,,,,,,,,3,12,20,8,0,18,4.0,4.0,,,,,,,,,,6,93,0,26,15.5,,,,,,,,,,,,,,,,,,,,,,,,,,,,,,,,,,,,,,,,,,,,,,,,,-1.5561576406352218,362,54
2026-27,football,Heartland Collegiate Athletic Conference (HCAC),hcac,Manchester,"Mack,Jonathan",Jonathan,Mack,,1192,"Mack,Jonathan","MACK,JONATHAN",Manchester,MAN,1036-2846,3,0,44,2M,0,TE,0,0,,,,,,,,,,,,0,2,0,2,2,.0,.0,.0,0,0,0,0,0,0,0,0,0,0,0,0,0,0,0,0,,,,,,,,,,,,,,,,,,,,,,,,,,,,,,,,,,,,,,,,1,1,0,1,1.0,,,,,,,,,,,,,,,,,,,,,,,,,,,,,,,,,,,,,,,,,,,,,,,,,-1.694233035811323,363,54
2026-27,football,Heartland Collegiate Athletic Conference (HCAC),hcac,Anderson,"Gipson,Ryder",Ryder,Gipson,,939,"Gipson,Ryder","GIPSON,RYDER",Anderson,AND,0,2,0,33,33,0,RB,0,0,,,,,,,,,,,,0,1,0,1,1,.0,.0,.0,0,0,0,0,0,0,0,0,0,0,0,0,0,0,0,0,,,,,,,,,,,,,,,,,,,,,,,,,,,,,,,,,,,,,,,,1,14,0,14,14.0,,,,,,,,,,,,,,,,,,,,,,,,,,,,,,,,,,,,,,,,,,,,,,,,,-1.721051021155132,364,54
2026-27,football,Heartland Collegiate Athletic Conference (HCAC),hcac,Manchester,"Williams,Rashawn",Rashawn,Williams,,1192,"Williams,Rashawn","WILLIAMS,RASHAWN",Manchester,MAN,1036-2865,3,0,5,5,0,RB,0,0,,,2,6,0,5,3.0,,,,,0,0,1,1,1,.0,.0,.0,0,0,0,0,0,0,0,0,0,0,0,0,0,0,0,0,,,,,,,,,1,1,0,1,0,0,0,0,0,0,0,6,6,2,17,75,81,6,1,29,4.4,25.0,,,,,,,,,,,,,,,,,,,,,,,,,,,,,,,,,,,,,,,,,,,,,,,,,,,,,,,,,,,,,,,-1.7254121030384246,365,54
2026-27,football,Heartland Collegiate Athletic Conference (HCAC),hcac,Franklin,"Lien,Noah",Noah,Lien,,2694,"Lien,Noah","LIEN,NOAH",Franklin,FRA,1034-3019,3,3,4,4,0,WR,0,0,,,1,13,0,13,13.0,,,,,,,,,,,,,,,,,,,,,,,,,,,,,,,,,,,,,,,,,,,,,,,,,,,1,-4,0,4,0,0,-4.0,-1.3,,,,,,,,,,6,99,0,29,16.5,,,,,,,,,,,,,,,,,,,,,,,,,,,,,,,,,,,,,,,,,,,,,,,,,-1.7984398147929104,366,54
2026-27,football,Heartland Collegiate Athletic Conference (HCAC),hcac,Mount St. Joseph,"Wheeler,Elias",Elias,Wheeler,,8567,"Wheeler,Elias","WHEELER,ELIAS",Mount St. Joseph,MSJ,1037-3461,1,0,88,8W,0,WR,0,0,,,1,15,1,15,15.0,,,,,0,0,0,0,0,.0,.0,.0,0,0,0,0,0,0,0,0,0,0,0,0,0,0,0,0,,,,,,,,,,,0,1,0,0,0,0,0,0,0,6,6,6,,,,,,,,,,,,,,,,,,,,,,,,,,,,,,,,,,,,,,,,,,,,,,,,,,,,,,,,,,,,,,,,,,,,,,,-1.8455120618275709,367,53
2026-27,football,Heartland Collegiate Athletic Conference (HCAC),hcac,Bluffton,"Gray,Elijah",Elijah,Gray,,987,"Gray,Elijah","GRAY,ELIJAH",Bluffton,BLF,0,1,0,36,36,0,TE,0,0,,,1,9,0,9,9.0,,,,,0,0,0,0,0,.0,.0,.0,0,0,0,0,0,0,0,1,0,0,0,0,0,0,0,1,,,,,,,,,,,,,,,,,,,,,,,,,,,,,,,,,,,,,,,,,,,,,,,,,,,,,,,,,,,,,,,,,,,,,,,,,,,,,,,,,,,,,,,,,,,,,-1.9766815512164904,368,53
2026-27,football,Heartland Collegiate Athletic Conference (HCAC),hcac,Anderson,"DiRuzza,Eli",Eli,DiRuzza,,939,"DiRuzza,Eli","DIRUZZA,ELI",Anderson,AND,0,3,2,89,89,0,TE,0,0,,,3,15,0,6,5.0,,,,,,,,,,,,,,,,,,,,,,,,,,,,,,,,,,,,,,,,,,,,,,,,,,,0,0,0,0,0,0,.0,.0,,,,,,,,,,,,,,,,,,,,,,,,,,,,,,,,,,,,,,,,,,,,,,,,,,,,,,,,,,,,,,,-2.007253201611074,369,53
2026-27,football,Heartland Collegiate Athletic Conference (HCAC),hcac,Franklin,"Honore,Nelson",Nelson,Honore,,2694,"Honore,Nelson","HONORE,NELSON",Franklin,FRA,1034-2354,3,0,2,2A,0,RB,0,0,,,1,-1,0,0,-1.0,,,,,,,,,,,,,,,,,,,,,,,,,,,,,,,,,,,,,,,,,,,,,,,,,,,5,10,10,0,0,5,2.0,3.3,,,,,,,,,,,,,,,,,,,,,,,,,,,,,,,,,,,,,,,,,,,,,,,,,,,,,,,,,,,,,,,-2.0411354307628606,370,53
2026-27,football,Heartland Collegiate Athletic Conference (HCAC),hcac,Hanover,"Jones,Spencer",Spencer,Jones,,1115,"Jones,Spencer","JONES,SPENCER",Hanover,HAN,1035-2437,2,0,28,2J,0,TE,0,0,,,0,0,0,0,.0,,,,,,,,,,,,,,,,,,,,,,,,,,,,,,,,,,,,,,,,,,,,,,,,,,,1,9,9,0,0,9,9.0,4.5,,,,,,,,,,,,,,,,,,,,,,,,,,,,,,,,,,,,,,,,,,,,,,,,,,,,,,,,,,,,,,,-2.044946744676016,371,53
2026-27,football,Heartland Collegiate Athletic Conference (HCAC),hcac,Hanover,"Dugan,Kingston",Kingston,Dugan,,1115,"Dugan,Kingston","DUGAN,KINGSTON",Hanover,HAN,1035-2679,3,0,26,2K,0,RB,0,0,,,,,,,,,,,,0,0,2,2,2,.0,.0,.0,0,0,0,0,0,0,0,0,0,0,0,0,0,0,0,0,,,,,,,,,,,,,,,,,,,,,,,3,13,13,0,0,9,4.3,4.3,,,,,,,,,,,,,,,,,,,,,,,,,,,,,,,,,,,,,,,,,,,,,,,,,,,,,,,,,,,,,,,-2.0954813903680445,372,53
2026-27,football,Heartland Collegiate Athletic Conference (HCAC),hcac,Hanover,"Dunning,Don",Don,Dunning,,1115,"Dunning,Don","DUNNING,DON",Hanover,HAN,1035-2636,3,0,35,35,0,RB,0,0,,,2,0,0,1,.0,,,,,0,0,0,0,0,.0,.0,.0,0,0,0,0,0,0,0,0,0,0,0,0,0,0,0,0,,,,,,,,,,,0,1,0,0,0,0,0,0,0,6,6,2,15,25,29,4,1,6,1.7,8.3,,,,,,,,,,,,,,,,,,,,,,,,,,,,,,,,,,,,,,,,,,,,,,,,,,,,,,,,,,,,,,,-2.200355361872649,373,53
2026-27,football,Heartland Collegiate Athletic Conference (HCAC),hcac,Mount St. Joseph,"Couch,Brandon",Brandon,Couch,,8567,"Couch,Brandon","COUCH,BRANDON",Mount St. Joseph,MSJ,1037-3229,3,3,81,81,0,TE,0,0,,,3,9,1,6,3.0,,,,,0,0,0,0,0,.0,.0,.0,0,0,0,0,0,0,0,0,0,0,0,0,0,0,0,0,,,,,,,,,,,0,1,0,0,0,0,0,0,0,6,6,2,,,,,,,,,,,,,,,,,,1,9,0,9,9.0,,,,,,,,,,,,,,,,,,,,,,,,,,,,,,,,,,,,,,,,,,,,,,,,,-2.233697467331765,374,53
2026-27,football,Heartland Collegiate Athletic Conference (HCAC),hcac,Manchester,"Koch,Justice",Justice,Koch,,1192,"Koch,Justice","KOCH,JUSTICE",Manchester,MAN,1036-2842,1,0,85,85,0,WR,0,0,,,4,28,0,14,7.0,,,,,0,1,0,1,1,.0,.0,.0,0,0,0,0,0,0,0,0,0,0,0,0,0,0,0,0,,,,,,,,,,,,,,,,,,,,,,,,,,,,,,,,,,,,,,,,,,,,,,,,,,,,,,,,,,,,,,,,,,,,,,,,,,,,,,,,,,,,,,,,,,,,,-2.312740648736455,375,52
2026-27,football,Heartland Collegiate Athletic Conference (HCAC),hcac,Anderson,"Phillips,Marshall",Marshall,Phillips,,939,"Phillips,Marshall","PHILLIPS,MARSHALL",Anderson,AND,0,3,1,21,21,0,0,DB,0,,,,,,,,,,,,0,4,1,5,5,.0,.0,.0,0,0,0,0,0,0,0,0,0,0,0,0,0,0,0,0,,,,,,,,,,,,,,,,,,,,,,,2,-9,7,16,0,7,-4.5,-3.0,11,374,57,0,0,2,1,3,34.0,,,,,,,,,,,,,,,,,,,,,,,,,,,,,,,,,,,,,,,,,,,,,,,,,,,,,,-2.3408031585611604,376,52
2026-27,football,Heartland Collegiate Athletic Conference (HCAC),hcac,Manchester,"Hilton,JD",JD,Hilton,,1192,"Hilton,JD","HILTON,JD",Manchester,MAN,1036-3093,2,1,26,26,0,RB,0,0,,,1,4,0,4,4.0,,,,,0,0,0,0,0,.0,.0,.0,0,0,0,0,0,0,0,0,0,0,0,0,0,0,0,0,,,,,,,,,1,1,,,,,,,,,,,,,21,103,107,4,0,15,4.9,51.5,,,,,,,,,,,,,,,,,,,,,,,,,,,,,,,,,,,,,,,,,,,,,,,,,,,,,,,,,,,,,,,-2.5677191112706463,377,52
2026-27,football,Heartland Collegiate Athletic Conference (HCAC),hcac,Anderson,"Hayes,Aaron",Aaron,Hayes,,939,"Hayes,Aaron","HAYES,AARON",Anderson,AND,0,2,0,14,A4,0,WR,0,0,,,3,34,0,18,11.3,,,,,0,0,0,0,0,.0,.0,.0,0,0,0,0,0,0,0,0,0,0,0,0,0,0,0,0,,0,0,0,0,.0,,,,,,,,,,,,,,,,,,,,,,,,,,,,,,,,,,,,,,,,,,,,,,,,,,,,,,,,,,,,,,,,,,,,,,,,,,,,,,,,,,,,,,,-2.6022559507439733,378,52
2026-27,football,Heartland Collegiate Athletic Conference (HCAC),hcac,Hanover,"Brink,James",James,Brink,,1115,"Brink,James","BRINK,JAMES",Hanover,HAN,1035-2902,3,1,4,4A,0,WR,0,0,,,2,3,0,6,1.5,,,,,0,1,0,1,1,.0,.0,.0,0,0,0,0,0,0,0,0,0,0,0,0,0,0,0,0,,,,,,,,,,,,,,,,,,,,,,,,,,,,,,,,,,,,,,,,,,,,,,,,,,,,,,,,,,,,,,,,,,,,,,,,,,,,,,,,,,,,,,,,,,,,,-2.6127213499170328,379,52
2026-27,football,Heartland Collegiate Athletic Conference (HCAC),hcac,Mount St. Joseph,"Keller,Tanner",Tanner,Keller,,8567,"Keller,Tanner","KELLER,TANNER",Mount St. Joseph,MSJ,1037-2984,2,0,19,19,0,TE,0,0,,,0,0,0,0,.0,,,,,0,0,1,1,1,.0,.0,.0,0,0,0,0,0,0,0,0,0,0,0,0,0,0,0,0,,,,,,,,,,,,,,,,,,,,,,,,,,,,,,,,,,,,,,,,,,,,,,,,,,,,,,,,,,,,,,,,,,,,,,,,,,,,,,,,,,,,,,,,,,,,,-2.6487190340587023,380,52
2026-27,football,Heartland Collegiate Athletic Conference (HCAC),hcac,Franklin,"Brooks,Jared",Jared,Brooks,,2694,"Brooks,Jared","BROOKS,JARED",Franklin,FRA,1034-2823,3,0,0,0A,0,TE,0,0,,,3,44,0,22,14.7,,,,,0,0,0,0,0,.0,.0,.0,0,0,0,0,0,0,0,0,0,0,0,0,0,0,0,0,,,,,,,,,1,1,,,,,,,,,,,,,,,,,,,,,,,,,,,,,,,,,,,,,,,,,,,,,,,,,,,,,,,,,,,,,,,,,,,,,,,,,,,,,,,,,,,-2.7388386808848613,381,52
2026-27,football,Heartland Collegiate Athletic Conference (HCAC),hcac,Anderson,"Brookbank,Carson",Carson,Brookbank,,939,"Brookbank,Carson","BROOKBANK,CARSON",Anderson,AND,0,3,1,6,J6,0,TE,0,0,,,5,66,0,22,13.2,,,,,0,1,0,1,1,.0,.0,.0,0,0,0,0,0,0,0,0,0,0,0,0,0,0,0,0,,,,,,,,,,,,,,,,,,,,,,,0,0,0,0,0,0,.0,.0,,,,,,,,,,,,,,,,,,,,,,,,,,,,,,,,,,,,,,,,,,,,,,,,,,,,,,,,,,,,,,,-2.8341671133578035,382,52
2026-27,football,Heartland Collegiate Athletic Conference (HCAC),hcac,Mount St. Joseph,"Cox,Liam",Liam,Cox,,8567,"Cox,Liam","COX,LIAM",Mount St. Joseph,MSJ,1037-3598,3,0,44,4K,0,0,0,0,,,,,,,,,,,,0,0,0,0,0,.0,.0,.0,0,0,0,0,0,0,0,0,0,0,0,0,0,0,0,0,,,,,,,,,,,16,0,0,0,0,0,0,0,0,16,16,5.33,,,,,,,,,,,,,,,,,,,,,,,,,,,,,,,,,,,,,,,,,,,,,20,1081,2,1,54.1,0,0,0,0,.0,17,16,0,0,0,0,0,0,0,0,0,0,,,,,-2.968341341246176,383,52
2026-27,football,Heartland Collegiate Athletic Conference (HCAC),hcac,Franklin,"Overton,Charlie",Charlie,Overton,,2694,"Overton,Charlie","OVERTON,CHARLIE",Franklin,FRA,1034-2585,2,0,40,40,0,0,0,0,,,,,,,,,,,,0,0,0,0,0,.0,.0,.0,0,0,0,0,0,0,0,0,0,0,0,0,0,0,0,0,,,,,,,,,,,5,0,0,0,0,0,0,0,0,5,5,2.5,,,,,,,,,,,,,,,,,,,,,,,,,,,,,,,,,,,,,,,,,,,,,,,,,,0,0,0,0,.0,6,5,0,0,0,0,0,0,0,0,0,0,,,,,-2.968341341246176,384,51
2026-27,football,Heartland Collegiate Athletic Conference (HCAC),hcac,Manchester,"Parker,Zayden",Zayden,Parker,,1192,"Parker,Zayden","PARKER,ZAYDEN",Manchester,MAN,1036-3095,2,0,10,10,0,WR,0,0,,,0,0,0,0,.0,,,,,0,1,0,1,1,.0,.0,.0,0,0,0,0,0,0,0,0,0,0,0,0,0,0,0,0,,2,-9,0,3,-4.5,,,,,,,,,,,,,,,,,,,,,,,,,,,,,,,,,,,,,,,,,,,,,,,,,,,,,,,,,,,,,,,,,,,,,,,,,,,,,,,,,,,,,,,-3.014133290328143,385,51
2026-27,football,Heartland Collegiate Athletic Conference (HCAC),hcac,Mount St. Joseph,"Thamann,Joey",Joey,Thamann,,8567,"Thamann,Joey","THAMANN,JOEY",Mount St. Joseph,MSJ,1037-3151,3,2,5,5,0,WR,0,0,,,10,111,0,33,11.1,,,,,0,0,0,0,0,.0,.0,.0,0,0,0,0,0,0,0,0,0,0,0,0,0,0,0,0,,,,,,,,,1,1,,,,,,,,,,,,,2,5,5,0,0,4,2.5,1.7,,,,,,,,,,1,20,0,20,20.0,,,,,,,,,,,,,,,,,,,,,,,,,,,,,,,,,,,,,,,,,,,,,,,,,-3.0745950314698725,386,51
2026-27,football,Heartland Collegiate Athletic Conference (HCAC),hcac,Anderson,"Trent,Noah",Noah,Trent,,939,"Trent,Noah","TRENT,NOAH",Anderson,AND,0,1,0,1,J1,0,QB,0,0,,,1,16,0,16,16.0,,,,,0,0,0,0,0,.0,.0,.0,0,0,0,0,0,0,0,0,0,0,0,0,0,0,0,0,,,,,,,,,1,1,,,,,,,,,,,,,,,,,,,,,,,,,,,,,,,,,,,,,,,,,,,,,,,,,,,,,,,,,,,,,,,,,,,,,,,,,,,,,,,,,,,-3.0748170662071086,387,51
2026-27,football,Heartland Collegiate Athletic Conference (HCAC),hcac,Bluffton,"Shehee,Dallas",Dallas,Shehee,,987,"Shehee,Dallas","SHEHEE,DALLAS",Bluffton,BLF,0,2,1,14,1S,0,QB,0,0,,,,,,,,,,,,,,,,,,,,,,,,,,,,,,,,,,,,,,,,,,,,,,,,,,,,,,,,,,12,15,44,29,0,10,1.3,7.5,,,,,,,,,,,,,,,,,,,23,3,30,1,67,2,14,5,70.9,4.79,13.40,33.5,,,,,,,,,,,,,,,,,,,,,,,,,,,,,,,,,-3.0866855274210927,388,51
2026-27,football,Heartland Collegiate Athletic Conference (HCAC),hcac,Franklin,"Johnson,Levi",Levi,Johnson,,2694,"Johnson,Levi","JOHNSON,LEVI",Franklin,FRA,1034-2820,3,2,24,24,0,RB,0,0,,,2,6,0,5,3.0,,,,,0,0,0,0,0,.0,.0,.0,0,0,0,0,0,0,0,0,0,0,0,0,0,0,0,0,,,,,,,,,1,0,,,,,,,,,,,,,7,-9,6,15,0,3,-1.3,-3.0,,,,,,,,,,,,,,,,,,,,,,,,,,,,,,,,,,,,,,,,,,,,,,,,,,,,,,,,,,,,,,,-3.3882310628169865,389,51
2026-27,football,Heartland Collegiate Athletic Conference (HCAC),hcac,Bluffton,"Gholson,Deontai",Deontai,Gholson,,987,"Gholson,Deontai","GHOLSON,DEONTAI",Bluffton,BLF,0,2,1,3,3,0,WR,0,0,,,1,12,0,12,12.0,,,,,0,1,0,1,1,.0,.0,.0,0,0,0,0,0,0,0,0,0,0,0,0,0,0,0,0,,,,,,,,,,,,,,,,,,,,,,,2,8,8,0,0,8,4.0,4.0,,,,,,,,,,2,40,0,27,20.0,,,,,,,,,,,,,,,,,,,,,,,,,,,,,,,,,,,,,,,,,,,,,,,,,-3.4609470684765213,390,51
2026-27,football,Heartland Collegiate Athletic Conference (HCAC),hcac,Bluffton,"Evans,Kaleb",Kaleb,Evans,,987,"Evans,Kaleb","EVANS,KALEB",Bluffton,BLF,0,3,2,15,1E,0,QB,0,0,,,,,,,,,,,,0,0,0,0,0,.0,.0,.0,0,0,0,0,0,0,0,0,0,0,0,0,0,0,0,0,,,,,,,,,3,1,,,,,,,,,,,,,18,-43,17,60,0,8,-2.4,-14.3,,,,,,,,,,,,,,,,,,,55,9,38,2,406,1,70,39,111.0,5.80,10.41,135.3,,,,,,,,,,,,,,,,,,,,,,,,,,,,,,,,,-3.631760408580211,391,51
2026-27,football,Heartland Collegiate Athletic Conference (HCAC),hcac,Rose-Hulman,"Porter,Austin",Austin,Porter,,585,"Porter,Austin","PORTER,AUSTIN",Rose-Hulman,RHI,1038-5274,3,0,6,6,0,WR,0,0,,,3,11,0,6,3.7,,,,,0,0,0,0,0,.0,.0,.0,0,0,0,0,0,0,0,0,0,0,0,0,0,0,0,0,,,,,,,,,1,1,,,,,,,,,,,,,17,31,35,4,0,7,1.8,10.3,,,,,,,,,,1,34,0,34,34.0,,,,,,,,,,,,,,,,,,,,,,,,,,,,,,,,,,,,,,,,,,,,,,,,,-3.7682057822040176,392,50
2026-27,football,Heartland Collegiate Athletic Conference (HCAC),hcac,Franklin,"Wetzel,Harrison",Harrison,Wetzel,,2694,"Wetzel,Harrison","WETZEL,HARRISON",Franklin,FRA,1034-3031,1,0,16,16,0,QB,0,0,,,,,,,,,,,,,,,,,,,,,,,,,,,,,,,,,,,,,,,,,,,,,,,,,,,,,,,,,,2,-6,1,7,0,1,-3.0,-6.0,,,,,,,,,,,,,,,,,,,7,1,8,0,8,1,2,1,-16.4,4.00,8.00,8.0,,,,,,,,,,,,,,,,,,,,,,,,,,,,,,,,,-4.180535342072876,393,50
2026-27,football,Heartland Collegiate Athletic Conference (HCAC),hcac,Franklin,"Bruner,Josh",Josh,Bruner,,2694,"Bruner,Josh","BRUNER,JOSH",Franklin,FRA,1034-2815,3,1,18,18,0,QB,0,0,,,,,,,,,,,,0,0,0,0,0,.0,.0,.0,0,0,0,0,0,0,0,0,0,0,0,0,0,0,0,0,,,,,,,,,,,0,1,0,0,0,0,0,0,0,6,6,2,6,-20,8,28,0,7,-3.3,-6.7,,,,,,,,,,,,,,,,,,,28,3,22,1,73,1,23,12,84.5,3.17,6.08,24.3,,,,,,,,,,,,,,,,,,,,,,,,,,,,,,,,,-4.364603123319461,394,50
2026-27,football,Heartland Collegiate Athletic Conference (HCAC),hcac,Anderson,"Manning,Luke",Luke,Manning,,939,"Manning,Luke","MANNING,LUKE",Anderson,AND,0,1,1,11,A1,0,QB,0,0,,,0,0,0,0,.0,,,,,0,0,0,0,0,.0,.0,.0,0,0,0,0,0,0,0,0,0,0,0,0,0,0,0,0,,,,,,,,,,,0,0,0,0,0,0,0,0,0,0,0,0,7,-16,9,25,0,6,-2.3,-16.0,,,,,,,,,,,,,,,,,,,25,5,9,0,24,0,7,4,85.9,3.43,6.00,24.0,,,,,,,,,,,,,,,,,,,,,,,,,,,,,,,,,-5.261924468956652,395,50
