season,sport,conference,conference_code,team,player_name,first_name,last_name,position,team_code,name,checkname,team_name,team_id,sdrm_id,games_played,games_started,uniform,code,year,offensive_position,defensive_position,active,rush_stats,pass_stats,receiving_stats,punt_stats,kickoff_stats,fieldgoal_stats,pat_stats,defense_stats_interception_return_yards,defense_stats_unassisted_tackles,defense_stats_assisted_tackles,defense_stats_tackles,defense_stats_total_tackles,defense_stats_tackles_for_loss,defense_stats_tackles_for_loss_per_game,defense_stats_tackles_per_game,defense_stats_unassisted_tackles_for_loss,defense_stats_assisted_tackles_for_loss,defense_stats_tackle_yards_for_loss,defense_stats_sacks,defense_stats_unassisted_sacks,defense_stats_assisted_sacks,defense_stats_sack_yards_for_loss,defense_stats_pass_breakups,defense_stats_fumbles_forced,defense_stats_quarterback_hurries,defense_stats_safeties_scored,defense_stats_blocked_kicks,defense_stats_fumbles_recovered,defense_stats_fumble_return_yards,defense_stats_interceptions,defense_stats_passes_defended,kickreturn_stats,puntreturn_stats,interception_return_stats,fumblereturn_stats,fumble_stats,scoring_stats,defense_stats,receiving_stats_number,receiving_stats_yards,receiving_stats_touchdowns,receiving_stats_longest_reception,receiving_stats_avg_per_reception,rush_stats_attempts,rush_stats_net_yards,rush_stats_yards_gained,rush_stats_yards_lost,rush_stats_touchdowns,rush_stats_longest_rush,rush_stats_avg_per_play,rush_stats_avg_per_game,puntreturn_stats_number,puntreturn_stats_yards,puntreturn_stats_touchdowns,puntreturn_stats_longest_punt_return,puntreturn_stats_avg_per_return,interception_return_stats_number,interception_return_stats_yards,interception_return_stats_touchdowns,interception_return_stats_longest,interception_return_stats_avg_per_return,fumble_stats_number,fumble_stats_number_lost,scoring_stats_pat_kicks,scoring_stats_touchdowns,scoring_stats_fieldgoals,scoring_stats_safeties,scoring_stats_pat_rushes,scoring_stats_pat_receptions,scoring_stats_pat_kick_returns,scoring_stats_pat_fumble_returns,scoring_stats_rouges,scoring_stats_points,scoring_stats_all_points,scoring_stats_points_per_game,pass_stats_yards_lost_by_sacks,pass_stats_sacked,pass_stats_longest_pass,pass_stats_touchdowns,pass_stats_yards,pass_stats_interceptions,pass_stats_attempts,pass_stats_completions,pass_stats_efficiency,pass_stats_avg_per_pass,pass_stats_avg_per_catch,pass_stats_avg_per_game,kickreturn_stats_number,kickreturn_stats_yards,kickreturn_stats_touchdowns,kickreturn_stats_longest_kickoff_return,kickreturn_stats_avg_per_return,kickoff_stats_number,kickoff_stats_yards,kickoff_stats_out_of_bounds,kickoff_stats_touchbacks,kickoff_stats_avg_per_kickoff,fieldgoal_stats_made,fieldgoal_stats_attempts,fieldgoal_stats_longest_fieldgoal,fieldgoal_stats_blocked,fieldgoal_stats_percentage,pat_stats_kick_attempts,pat_stats_kicks_made,pat_stats_rush_attempts,pat_stats_rushes_made,pat_stats_pass_attempts,pat_stats_passes_made,pat_stats_reception_attempts,pat_stats_receptions_made,pat_stats_defensive_return_attempts,pat_stats_defensive_returns_made,pat_stats_defensive_blocked_kick_return_attempts,pat_stats_devensive_blocked_kick_returns_made,punt_stats_number,punt_stats_yards,punt_stats_longest_punt,punt_stats_blocked,punt_stats_touchbacks,punt_stats_fair_catches,punt_stats_fifty_plus_yards,punt_stats_inside_twenty,punt_stats_avg_per_punt,fumblereturn_stats_number,fumblereturn_stats_yards,fumblereturn_stats_touchdowns,fumblereturn_stats_longest_interception_return,composite_score,global_rank,rating
2026-27,football,Minnesota Intercollegiate Athletic Conference (MIAC),miac,Carleton,"Reinke,Jake",Jake,Reinke,,118,"Reinke,Jake","REINKE,JAKE",Carleton,CAR,1105-1031,1,1,5,5,0,0,DB,0,,,,,,,,0,7,4,11,11,.5,.0,.0,0,1,1,0,0,0,0,2,0,0,0,0,0,0,1,3,,,,,,,,,,,,,,,,,,,,,,,,,,1,0,0,0,.0,,,,,,,,,,,,,,,,,,,,,,,,,,,,,,,,,,,,,,,,,,,,,,,,,,,,,,,,,,,,,,,,,,,12.414217753285602,1,99
2026-27,football,Minnesota Intercollegiate Athletic Conference (MIAC),miac,Gustavus,"Smith,Torrin",Torrin,Smith,,266,"Smith,Torrin","SMITH,TORRIN",Gustavus,GAC,1108-9202,1,0,20,20,0,0,DL,0,,,,,,,,0,2,1,3,3,2.5,.0,.0,2,1,19,2.5,2,1,19,0,0,1,0,0,0,0,0,0,,,,,,,,,,,,,,,,,,,,,,,,,,,,,,,,,,,,,,,,,,,,,,,,,,,,,,,,,,,,,,,,,,,,,,,,,,,,,,,,,,,,,,,,,,,,,,,,,9.82812014693816,2,99
2026-27,football,Minnesota Intercollegiate Athletic Conference (MIAC),miac,St. Scholastica,"Haug,Samuel",Samuel,Haug,,618,"Haug,Samuel","HAUG,SAMUEL",St. Scholastica,CSS,1402-7485,1,1,3,3A,0,0,LB,0,,,,,,,,0,5,3,8,8,.0,.0,.0,0,0,0,0,0,0,0,0,0,1,0,0,0,0,1,1,,,,,,,,,,,,,,,,,,,,,,,,,,1,0,0,0,.0,,,,,,,,,,,,,,,,,,,,,,,,,,,,,,,,,,,,,,,,,,,,,,,,,,,,,,,,,,,,,,,,,,,9.039183418401363,3,99
2026-27,football,Minnesota Intercollegiate Athletic Conference (MIAC),miac,Augsburg,"Chakolis,RJ",RJ,Chakolis,,38,"Chakolis,RJ","CHAKOLIS,RJ",Augsburg,AU,1103-13387,1,1,44,44,0,0,LB,0,,,,,,,,0,5,9,14,14,2.5,.0,.0,2,1,5,1,1,0,0,0,1,1,0,0,1,0,0,0,,,,,,,,,,,,,,,,,,,,,,,,,,,,,,,0,0,,,,,,,,,,,,,,,,,,,,,,,,,,,,,,,,,,,,,,,,,,,,,,,,,,,,,,,,,,,,,1,0,0,0,8.657232441027348,4,98
2026-27,football,Minnesota Intercollegiate Athletic Conference (MIAC),miac,Macalester,"Weaver,Jason",Jason,Weaver,,376,"Weaver,Jason","WEAVER,JASON",Macalester,MAC,0,1,1,30,30,0,0,LB,0,,,,,,,,0,13,0,13,13,2.0,.0,.0,2,0,9,1,1,0,7,0,1,0,0,0,1,0,0,0,,,,,,,,,,,,,,,,,,,,,,,,,,,,,,,0,0,,,,,,,,,,,,,,,,,,,,,,,,,,,,,,,,,,,,,,,,,,,,,,,,,,,,,,,,,,,,,,,,,7.7767922818777935,5,98
2026-27,football,Minnesota Intercollegiate Athletic Conference (MIAC),miac,Concordia,"Hansen,Troy",Troy,Hansen,,161,"Hansen,Troy","HANSEN,TROY",Concordia,CON,0,1,1,54,54,0,0,DL,0,,,,,,,,0,2,1,3,3,2.0,.0,.0,2,0,12,2,2,0,12,0,0,0,0,0,0,0,0,0,,,,,,,,,,,,,,,,,,,,,,,,,,,,,,,,,,,,,,,,,,,,,,,,,,,,,,,,,,,,,,,,,,,,,,,,,,,,,,,,,,,,,,,,,,,,,,,,,7.751141677233156,6,98
2026-27,football,Minnesota Intercollegiate Athletic Conference (MIAC),miac,Macalester,"Stirling,Addison",Addison,Stirling,,376,"Stirling,Addison","STIRLING,ADDISON",Macalester,MAC,0,1,1,20,20,0,0,DB,0,,,,,,,,0,2,1,3,3,.0,.0,.0,0,0,0,0,0,0,0,0,0,0,0,0,0,0,1,1,,,,,,,,,,,,,,,,,,,,,,,,,,1,0,0,0,.0,,,,,,,,,,,,,,,,,,,,,,,,,,,,,,,,,,,,,,,,,,,,,,,,,,,,,,,,,,,,,,,,,,,7.743985253250263,7,97
2026-27,football,Minnesota Intercollegiate Athletic Conference (MIAC),miac,Concordia,"Tanner,Hyrum",Hyrum,Tanner,,161,"Tanner,Hyrum","TANNER,HYRUM",Concordia,CON,0,1,0,33,33,0,0,DB,0,,,,,,,,0,0,1,1,1,.0,.0,.0,0,0,0,0,0,0,0,0,0,0,0,0,0,0,1,1,,,,,,,,,,,,,,,,,,,,,,,,,,1,0,0,0,.0,,,,,,,,,,,,,,,,,,,,,,,,,,,,,,,,,,,,,,,,,,,,,,,,,,,,,,,,,,,,,,,,,,,7.225905987189822,8,97
2026-27,football,Minnesota Intercollegiate Athletic Conference (MIAC),miac,Saint John's,Andrew Lipke,Andrew,Lipke,,602,Andrew Lipke,"LIPKE,ANDREW",Saint John's,SJU,1115-8514,1,0,22,22,0,0,0,0,,,,,,,,0,1,1,2,2,1.5,.0,.0,1,1,9,1.5,1,1,9,0,0,0,0,0,0,0,0,0,,,,,,,,,,,,,,,,,,,,,,,,,,,,,,,,,,,,,,,,,,,,,,,,,,,,,,,,,,,,,,,,,,,,,,,,,,,,,,,,,,,,,,,,,,,,,,,,,5.415123574497932,9,97
2026-27,football,Minnesota Intercollegiate Athletic Conference (MIAC),miac,Concordia,"Lecy,Tayte",Tayte,Lecy,,161,"Lecy,Tayte","LECY,TAYTE",Concordia,CON,0,1,1,95,95,0,0,DL,0,,,,,,,,0,1,4,5,5,2.0,.0,.0,1,2,10,1,1,0,8,0,0,1,0,0,0,0,0,0,,,,,,,,,,,,,,,,,,,,,,,,,,,,,,,,,,,,,,,,,,,,,,,,,,,,,,,,,,,,,,,,,,,,,,,,,,,,,,,,,,,,,,,,,,,,,,,,,5.358065056122258,10,96
2026-27,football,Minnesota Intercollegiate Athletic Conference (MIAC),miac,Concordia,"Springer,Jace",Jace,Springer,,161,"Springer,Jace","SPRINGER,JACE",Concordia,CON,0,1,1,57,57,0,0,DL,0,,,,,,,,0,1,5,6,6,2.0,.0,.0,1,2,7,0.5,0,1,3,1,0,1,0,0,0,0,0,1,,,,,,,,,,,,,,,,,,,,,,,,,,,,,,,,,,,,,,,,,,,,,,,,,,,,,,,,,,,,,,,,,,,,,,,,,,,,,,,,,,,,,,,,,,,,,,,,,5.149784200403931,11,96
2026-27,football,Minnesota Intercollegiate Athletic Conference (MIAC),miac,Saint John's,Andrew Molenaar,Andrew,Molenaar,,602,Andrew Molenaar,"MOLENAAR,ANDREW",Saint John's,SJU,1115-7961,1,1,44,44,0,0,LB,0,,,,,,,,0,5,3,8,8,1.0,.0,.0,1,0,9,1,1,0,9,0,0,0,0,0,0,0,0,0,,,,,,,,,,,,,,,,,,,,,,,,,,,,,,,,,,,,,,,,,,,,,,,,,,,,,,,,,,,,,,,,,,,,,,,,,,,,,,,,,,,,,,,,,,,,,,,,,4.892382902974249,12,96
2026-27,football,Minnesota Intercollegiate Athletic Conference (MIAC),miac,St. Scholastica,"Fenton,Matthew",Matthew,Fenton,,618,"Fenton,Matthew","FENTON,MATTHEW",St. Scholastica,CSS,1402-7665,1,0,2,2,0,0,LB,0,,,,,,,,0,2,2,4,4,1.5,.0,.0,1,1,19,1,1,0,18,0,0,0,0,0,0,0,0,0,,,,,,,,,,,,,,,,,,,,,,,,,,,,,,,,,,,,,,,,,,,,,,,,,,,,,,,,,,,,,,,,,,,,,,,,,,,,,,,,,,,,,,,,,,,,,,,,,4.477624896972704,13,95
2026-27,football,Minnesota Intercollegiate Athletic Conference (MIAC),miac,Macalester,"Storms,Kelly",Kelly,Storms,,376,"Storms,Kelly","STORMS,KELLY",Macalester,MAC,0,1,1,10,10,0,WR,0,0,,,,,,,,0,0,0,0,0,.0,.0,.0,0,0,0,0,0,0,0,0,0,0,0,0,0,0,0,0,,,,,,,,5,122,2,80,24.4,,,,,,,,,,,,,,,,,,,,,0,2,0,0,0,0,0,0,0,12,12,12,,,,,,,,,,,,,,,,,,,,,,,,,,,,,,,,,,,,,,,,,,,,,,,,,,,,,4.272769197650458,14,95
2026-27,football,Minnesota Intercollegiate Athletic Conference (MIAC),miac,Gustavus,"Kretlow,Drew",Drew,Kretlow,,266,"Kretlow,Drew","KRETLOW,DREW",Gustavus,GAC,1108-8577,1,1,33,33,0,0,LB,0,,,,,,,,0,4,8,12,12,2.0,.0,.0,2,0,6,0,0,0,0,0,0,0,0,0,0,0,0,0,,,,,,,,,,,,,,,,,,,,,,,,,,,,,,,,,,,,,,,,,,,,,,,,,,,,,,,,,,,,,,,,,,,,,,,,,,,,,,,,,,,,,,,,,,,,,,,,,4.26018660016246,15,95
2026-27,football,Minnesota Intercollegiate Athletic Conference (MIAC),miac,Gustavus,"Zea,Samuel",Samuel,Zea,,266,"Zea,Samuel","ZEA,SAMUEL",Gustavus,GAC,1108-9204,1,0,26,2F,0,0,LB,0,,,,,,,,0,3,2,5,5,1.0,.0,.0,1,0,5,1,1,0,5,0,0,0,0,0,0,0,0,0,,,,,,,,,,,,,,,,,,,,,,,,,,,,,,,,,,,,,,,,,,,,,,,,,,,,,,,,,,,,,,,,,,,,,,,,,,,,,,,,,,,,,,,,,,,,,,,,,4.115264003883589,16,95
2026-27,football,Minnesota Intercollegiate Athletic Conference (MIAC),miac,St. Scholastica,"Dent,Brayden",Brayden,Dent,,618,"Dent,Brayden","DENT,BRAYDEN",St. Scholastica,CSS,1402-7849,1,1,15,15,0,WR,0,0,,,,,,,,0,0,0,0,0,.0,.0,.0,0,0,0,0,0,0,0,0,0,0,0,0,0,0,0,0,,,,,,,,3,117,2,59,39.0,,,,,,,,,,,,,,,,,,,,,0,2,0,0,0,0,0,0,0,12,12,12,,,,,,,,,,,,,2,29,0,19,14.5,,,,,,,,,,,,,,,,,,,,,,,,,,,,,,,,,,,,4.017655554314585,17,95
2026-27,football,Minnesota Intercollegiate Athletic Conference (MIAC),miac,Gustavus,"Aflakpi,Caleb",Caleb,Aflakpi,,266,"Aflakpi,Caleb","AFLAKPI,CALEB",Gustavus,GAC,1108-8593,1,0,90,90,0,0,DL,0,,,,,,,,0,2,2,4,4,1.0,.0,.0,1,0,9,1,1,0,9,0,0,0,0,0,0,0,0,0,,,,,,,,,,,,,,,,,,,,,,,,,,,,,,,,,,,,,,,,,,,,,,,,,,,,,,,,,,,,,,,,,,,,,,,,,,,,,,,,,,,,,,,,,,,,,,,,,3.856224370853369,18,95
2026-27,football,Minnesota Intercollegiate Athletic Conference (MIAC),miac,Concordia,"Mages,Kyle",Kyle,Mages,,161,"Mages,Kyle","MAGES,KYLE",Concordia,CON,0,1,1,11,11,0,0,LB,0,,,,,,,,0,1,8,9,9,1.5,.0,.0,1,1,6,0,0,0,0,1,0,0,0,0,0,0,0,1,,,,,,,,,,,,,,,,,,,,,,,,,,,,,,,,,,,,,,,,,,,,,,,,,,,,,,,,,,,,,,,,,,,,,,,,,,,,,,,,,,,,,,,,,,,,,,,,,3.8499246297895873,19,94
2026-27,football,Minnesota Intercollegiate Athletic Conference (MIAC),miac,Bethel,"Braun,Jackson",Jackson,Braun,,60,"Braun,Jackson","BRAUN,JACKSON",Bethel,BET,1104-7620,1,1,4,4A,0,0,DB,0,,,,,,,,0,4,2,6,6,2.0,.0,.0,2,0,4,0,0,0,0,1,0,0,0,0,0,0,0,1,,,,,,,,,,,,,,,,,,,,,,,,,,,,,,,,,,,,,,,,,,,,,,,,,,,,,,,,,,,,,,,,,,,,,,,,,,,,,,,,,,,,,,,,,,,,,,,,,3.694206256818262,20,94
2026-27,football,Minnesota Intercollegiate Athletic Conference (MIAC),miac,Concordia,"Walter,Nick",Nick,Walter,,161,"Walter,Nick","WALTER,NICK",Concordia,CON,0,1,1,8,08,0,QB,0,0,,,,,,,,0,0,0,0,0,.0,.0,.0,0,0,0,0,0,0,0,0,0,0,0,0,0,0,0,0,,,,,,,,,,,,,10,26,30,4,2,14,2.6,26.0,,,,,,,,,,,,,0,2,0,0,0,0,0,0,0,12,12,12,4,2,52,2,142,0,19,12,160.7,7.47,11.83,142.0,,,,,,,,,,,,,,,,,,,,,,,,,,,,,,,,,,,,,,,,,3.6155126878079504,21,94
2026-27,football,Minnesota Intercollegiate Athletic Conference (MIAC),miac,Hamline,"Priest,Will",Will,Priest,,268,"Priest,Will","PRIEST,WILL",Hamline,HAM,0,1,0,34,34,0,RB,0,0,,,,,,,,0,0,0,0,0,.0,.0,.0,0,0,0,0,0,0,0,0,0,0,0,0,0,0,0,0,,,,,,,,4,37,0,13,9.3,9,59,62,3,2,20,6.6,59.0,,,,,,,,,,,,,0,2,0,0,0,0,0,0,0,12,12,12,,,,,,,,,,,,,,,,,,,,,,,,,,,,,,,,,,,,,,,,,,,,,,,,,,,,,3.5966529430017142,22,94
2026-27,football,Minnesota Intercollegiate Athletic Conference (MIAC),miac,Saint John's,Peyton Goettlicher,Peyton,Goettlicher,,602,Peyton Goettlicher,"GOETTLICHER,P",Saint John's,SJU,1115-8177,1,1,8G,8G,0,0,DB,0,,,,,,,,0,2,5,7,7,.0,.0,.0,0,0,0,0,0,0,0,3,0,0,0,0,0,0,0,3,,,,,,,,,,,,,,,,,,,,,,,,,,,,,,,,,,,,,,,,,,,,,,,,,,,,,,,,,,,,,,,,,,,,,,,,,,,,,,,,,,,,,,,,,,,,,,,,,3.444158695045387,23,94
2026-27,football,Minnesota Intercollegiate Athletic Conference (MIAC),miac,Bethel,"Eckert,Aiden",Aiden,Eckert,,60,"Eckert,Aiden","ECKERT,AIDEN",Bethel,BET,1104-7989,1,1,10,1X,0,WR,0,0,,,,,,,,,,,,,,,,,,,,,,,,,,,,,,,,,,,,,,,7,125,0,46,17.9,,,,,,,,,,,,,,,,,,,,,,,,,,,,,,,,,,,,,,,,,,,,,5,89,0,28,17.8,,,,,,,,,,,,,,,,,,,,,,,,,,,,,,,,,,,,3.219477311826338,24,94
2026-27,football,Minnesota Intercollegiate Athletic Conference (MIAC),miac,Saint John's,Riley Schwellenbach,Riley,Schwellenbach,,602,Riley Schwellenbach,RSCHWELLENBACH,Saint John's,SJU,1115-8528,1,1,4,4,0,WR,0,0,,,,,,,,,,,,,,,,,,,,,,,,,,,,,,,,,,,,,,,4,91,1,43,22.8,,,,,,,,,,,,,,,,,,,,,0,1,0,0,0,0,0,0,0,6,6,6,,,,,,,,,,,,,,,,,,,,,,,,,,,,,,,,,,,,,,,,,,,,,,,,,,,,,3.1319174527442053,25,94
2026-27,football,Minnesota Intercollegiate Athletic Conference (MIAC),miac,Macalester,"Troeger,Zach",Zach,Troeger,,376,"Troeger,Zach","TROEGER,ZACH",Macalester,MAC,0,1,1,24,24,0,0,LB,0,,,,,,,,0,6,6,12,12,1.0,.0,.0,1,0,3,0,0,0,0,0,0,0,0,0,0,0,0,0,,,,,,,,,,,,,,,,,,,,,,,,,,0,0,0,0,.0,,,,,,,,,,,,,,,,,,,,,,,,,,,,,,,,,,,,,,,,,,,,,,,,,,,,,,,,,,,,,,,,,,,3.0173855479237908,26,94
2026-27,football,Minnesota Intercollegiate Athletic Conference (MIAC),miac,Augsburg,"Oseth,Avery",Avery,Oseth,,38,"Oseth,Avery","OSETH,AVERY",Augsburg,AU,1103-13415,1,1,52,52,0,0,LB,0,,,,,,,,0,1,5,6,6,1.0,.0,.0,1,0,1,0,0,0,0,1,1,1,0,0,1,0,0,1,,,,,,,,,,,,,,,,,,,,,,,,,,,,,,,0,0,,,,,,,,,,,,,,,,,,,,,,,,,,,,,,,,,,,,,,,,,,,,,,,,,,,,4,127,39,0,0,1,0,1,31.8,,,,,2.9010821241705553,27,94
2026-27,football,Minnesota Intercollegiate Athletic Conference (MIAC),miac,St. Olaf,"Mahoney,Alec",Alec,Mahoney,,615,"Mahoney,Alec","MAHONEY,ALEC",St. Olaf,STO,1117-5321,1,1,16,16,0,0,DB,0,,,,,,,,0,8,1,9,9,.0,.0,.0,0,0,0,0,0,0,0,1,0,0,0,0,0,0,0,1,,,,,,,,,,,,,,,,,,,,,,,,,,,,,,,,,,,,,,,,,,,,,,,,,,,,,,,,,3,91,0,39,30.3,,,,,,,,,,,,,,,,,,,,,,,,,,,,,,,,,,,,2.6836774173925413,28,94
2026-27,football,Minnesota Intercollegiate Athletic Conference (MIAC),miac,Saint John's,Trey Feeney,Trey,Feeney,,602,Trey Feeney,"FEENEY,TREY",Saint John's,SJU,1115-8711,1,1,1,1,0,QB,0,0,,,,,,,,,,,,,,,,,,,,,,,,,,,,,,,,,,,,,,,,,,,,1,0,0,0,0,0,.0,.0,,,,,,,,,,,,,,,,,,,,,,,,,0,0,57,3,386,1,51,36,149.7,7.57,10.72,386.0,,,,,,,,,,,,,,,,,,,,,,,,,,,,,,,,,,,,,,,,,2.5633351795895667,29,94
2026-27,football,Minnesota Intercollegiate Athletic Conference (MIAC),miac,Gustavus,"Ginskey,Jacob",Jacob,Ginskey,,266,"Ginskey,Jacob","GINSKEY,JACOB",Gustavus,GAC,1108-9165,1,1,2,2,0,QB,0,0,,,,,,,,0,0,0,0,0,.0,.0,.0,0,0,0,0,0,0,0,0,0,0,0,0,0,0,0,0,,,,,,,,8,117,1,26,14.6,,,,,,,,,,,,,,,,,,,,,0,1,0,0,0,0,0,0,0,6,6,6,,,,,,,,,,,,,,,,,,,,,,,,,,,,,,,,,,,,,,,,,,,,,,,,,,,,,2.5541870101052533,30,93
2026-27,football,Minnesota Intercollegiate Athletic Conference (MIAC),miac,Saint John's,Vincent Pyne,Vincent,Pyne,,602,Vincent Pyne,"PYNE,VINCENT",Saint John's,SJU,1115-8208,1,1,7,7,0,0,DB,0,,,,,,,,0,7,4,11,11,.0,.0,.0,0,0,0,0,0,0,0,1,0,0,0,0,0,0,0,1,,,,,,,,,,,,,,,,,,,,,,,,,,,,,,,,,,,,,,,,,,,,,,,,,,,,,,,,,,,,,,,,,,,,,,,,,,,,,,,,,,,,,,,,,,,,,,,,,2.503802317492023,31,93
2026-27,football,Minnesota Intercollegiate Athletic Conference (MIAC),miac,Bethel,"Viebrock,Teagan",Teagan,Viebrock,,60,"Viebrock,Teagan","VIEBROCK,TEAGAN",Bethel,BET,1104-7783,1,1,22,22,0,WR,0,0,,,,,,,,0,0,0,0,0,.0,.0,.0,0,0,0,0,0,0,0,0,0,0,0,0,0,0,0,0,,,,,,,,5,57,2,30,11.4,,,,,,,,,,,,,,,,,,,,,0,2,0,0,0,0,0,0,0,12,12,12,,,,,,,,,,,,,,,,,,,,,,,,,,,,,,,,,,,,,,,,,,,,,,,,,,,,,2.382367552554041,32,93
2026-27,football,Minnesota Intercollegiate Athletic Conference (MIAC),miac,Saint John's,Matt Hansen,Matt,Hansen,,602,Matt Hansen,"HANSEN,MATT",Saint John's,SJU,1115-8179,1,0,9H,9H,0,0,0,0,,,,,,,,,,,,,,,,,,,,,,,,,,,,,,,,,,,,,,,,,,,,,,,,,,,,,,,,,,,,,,,,3,0,1,0,0,0,0,0,0,6,6,6,,,,,,,,,,,,,,,,,,5,313,0,1,62.6,1,1,21,0,100.0,3,3,0,0,0,0,0,0,0,0,0,0,3,158,55,0,1,0,3,1,52.7,,,,,2.3227358233901225,33,93
2026-27,football,Minnesota Intercollegiate Athletic Conference (MIAC),miac,Saint John's,Charlie Plum,Charlie,Plum,,602,Charlie Plum,"PLUM,CHARLIE",Saint John's,SJU,1115-7966,1,1,88,88,0,TE,0,0,,,,,,,,,,,,,,,,,,,,,,,,,,,,,,,,,,,,,,,7,59,1,21,8.4,,,,,,,,,,,,,,,,,,,,,0,1,0,0,0,0,0,0,0,6,6,6,,,,,,,,,,,,,,,,,,,,,,,,,,,,,,,,,,,,,,,,,,,,,,,,,,,,,2.201258181312123,34,93
2026-27,football,Minnesota Intercollegiate Athletic Conference (MIAC),miac,St. Scholastica,"Norgbean,Christopher",Christopher,Norgbean,,618,"Norgbean,Christopher","NORGBEAN,CHRISTOPHER",St. Scholastica,CSS,1402-7868,1,1,13,13,0,0,DB,0,,,,,,,,0,5,0,5,5,1.0,.0,.0,1,0,1,0,0,0,0,1,0,0,0,0,0,0,0,1,,,,,,,,,,,,,,,,,,,,,,,,,,,,,,,,,,,,,,,,,,,,,,,,,,,,,,,,,,,,,,,,,,,,,,,,,,,,,,,,,,,,,,,,,,,,,,,,,2.192365571549372,35,93
2026-27,football,Minnesota Intercollegiate Athletic Conference (MIAC),miac,Concordia,"Brown,Ezy",Ezy,Brown,,161,"Brown,Ezy","BROWN,EZY",Concordia,CON,0,1,1,18,18,0,0,DB,0,,,,,,,,0,2,0,2,2,.0,.0,.0,0,0,0,0,0,0,0,3,0,0,0,0,0,0,0,3,,,,,,,,,,,,,,,,,,,,,,,,,,,,,,,,,,,,,,,,,,,,,,,,,,,,,,,,,,,,,,,,,,,,,,,,,,,,,,,,,,,,,,,,,,,,,,,,,2.148960529894287,36,93
2026-27,football,Minnesota Intercollegiate Athletic Conference (MIAC),miac,Bethel,"Borman,Jake",Jake,Borman,,60,"Borman,Jake","BORMAN,JAKE",Bethel,BET,1104-7619,1,1,28,28,0,0,LB,0,,,,,,,,0,4,2,6,6,1.5,.0,.0,1,1,3,0,0,0,0,0,0,2,0,0,0,0,0,0,,,,,,,,,,,,,,,,,,,,,,,,,,,,,,,,,,,,,,,,,,,,,,,,,,,,,,,,,,,,,,,,,,,,,,,,,,,,,,,,,,,,,,,,,,,,,,,,,2.0845482758618052,37,93
2026-27,football,Minnesota Intercollegiate Athletic Conference (MIAC),miac,Concordia,"Anderson,Ethan",Ethan,Anderson,,161,"Anderson,Ethan","ANDERSON,ETHAN",Concordia,CON,0,1,1,5,05,0,0,DB,0,,,,,,,,0,0,3,3,3,.5,.0,.0,0,1,2,0,0,0,0,2,0,0,0,0,0,0,0,2,,,,,,,,,,,,,,,,,,,,,,,,,,,,,,,,,,,,,,,,,,,,,,,,,,,,,,,,,,,,,,,,,,,,,,,,,,,,,,,,,,,,,,,,,,,,,,,,,2.0411432342067193,38,93
2026-27,football,Minnesota Intercollegiate Athletic Conference (MIAC),miac,St. Scholastica,"Johnson,Isaac",Isaac,Johnson,,618,"Johnson,Isaac","JOHNSON,ISAAC",St. Scholastica,CSS,1402-7675,1,1,22,22,0,0,LB,0,,,,,,,,0,3,10,13,13,.0,.0,.0,0,0,0,0,0,0,0,0,0,1,0,0,0,0,0,0,,,,,,,,,,,,,,,,,,,,,,,,,,,,,,,,,,,,,,,,,,,,,,,,,,,,,,,,,,,,,,,,,,,,,,,,,,,,,,,,,,,,,,,,,,,,,,,,,2.033624128715341,39,93
2026-27,football,Minnesota Intercollegiate Athletic Conference (MIAC),miac,Macalester,"Hernandez,Matt",Matt,Hernandez,,376,"Hernandez,Matt","HERNANDEZ,MATT",Macalester,MAC,0,1,1,92,92,0,0,DL,0,,,,,,,,0,1,3,4,4,1.5,.0,.0,1,1,3,0,0,0,0,0,0,0,0,0,0,0,0,0,,,,,,,,,,,,,,,,,,,,,,,,,,,,,,,0,0,,,,,,,,,,,,,,,,,,,,,,,,,,,,,,,,,,,,,,,,,,,,,,,,,,,,,,,,,,,,,,,,,1.9128791713151403,40,93
2026-27,football,Minnesota Intercollegiate Athletic Conference (MIAC),miac,Hamline,"Burgoon,Ty",Ty,Burgoon,,268,"Burgoon,Ty","BURGOON,TY",Hamline,HAM,1109-5663,1,1,4,4,0,WR,0,0,,,,,,,,0,1,0,1,1,.0,.0,.0,0,0,0,0,0,0,0,0,0,0,0,0,0,0,0,0,,,,,,,,5,31,2,17,6.2,,,,,,,,,,,,,,,,,,,,,0,2,0,0,0,0,0,0,0,12,12,12,,,,,,,,,,,,,,,,,,,,,,,,,,,,,,,,,,,,,,,,,,,,,,,,,,,,,1.8852465275456942,41,92
2026-27,football,Minnesota Intercollegiate Athletic Conference (MIAC),miac,Gustavus,"Olson,Max",Max,Olson,,266,"Olson,Max","OLSON,MAX",Gustavus,GAC,1108-8596,1,1,99,99,0,0,DL,0,,,,,,,,0,0,4,4,4,.5,.0,.0,0,1,5,0.5,0,1,5,0,0,4,0,0,0,0,0,0,,,,,,,,,,,,,,,,,,,,,,,,,,,,,,,,,,,,,,,,,,,,,,,,,,,,,,,,,,,,,,,,,,,,,,,,,,,,,,,,,,,,,,,,,,,,,,,,,1.7792459011483641,42,92
2026-27,football,Minnesota Intercollegiate Athletic Conference (MIAC),miac,Saint John's,Thomas Jacobs,Thomas,Jacobs,,602,Thomas Jacobs,"JACOBS,THOMAS",Saint John's,SJU,1115-8186,1,1,6,6,0,WR,0,0,,,,,,,,,,,,,,,,,,,,,,,,,,,,,,,,,,,,,,,7,96,0,23,13.7,,,,,,,,,,,,,,,,,,,,,,,,,,,,,,,,,,,,,,,,,,,,,,,,,,,,,,,,,,,,,,,,,,,,,,,,,,,,,,,,,,,,,1.7041662875215242,43,92
2026-27,football,Minnesota Intercollegiate Athletic Conference (MIAC),miac,St. Olaf,"Sauvy,Bryon",Bryon,Sauvy,,615,"Sauvy,Bryon","SAUVY,BRYON",St. Olaf,STO,1117-5084,1,1,0,0,0,RB,0,0,,,,,,,,0,0,0,0,0,.0,.0,.0,0,0,0,0,0,0,0,0,0,0,0,0,0,0,0,0,,,,,,,,0,0,0,0,.0,18,81,81,0,1,14,4.5,81.0,,,,,,,,,,,,,0,1,0,0,0,0,0,0,0,6,6,6,,,,,,,,,,,,,,,,,,,,,,,,,,,,,,,,,,,,,,,,,,,,,,,,,,,,,1.5321347838713402,44,92
2026-27,football,Minnesota Intercollegiate Athletic Conference (MIAC),miac,St. Olaf,"Chell,Sawyer",Sawyer,Chell,,615,"Chell,Sawyer","CHELL,SAWYER",St. Olaf,STO,1117-5096,1,0,37,37,0,0,DB,0,,,,,,,,0,2,0,2,2,.0,.0,.0,0,0,0,0,0,0,0,2,0,0,0,0,1,0,0,2,,,,,,,,,,,,,,,,,,,,,,,,,,,,,,,0,0,,,,,,,,,,,,,,,,,,,,,,,,,,,,,,,,,,,,,,,,,,,,,,,,,,,,,,,,,,,,,1,0,0,0,1.5071132365709403,45,92
2026-27,football,Minnesota Intercollegiate Athletic Conference (MIAC),miac,Gustavus,"Gross,Alex",Alex,Gross,,266,"Gross,Alex","GROSS,ALEX",Gustavus,GAC,1108-9171,1,1,22,22,0,RB,0,0,,,,,,,,0,0,0,0,0,.0,.0,.0,0,0,0,0,0,0,0,0,0,0,0,0,0,0,0,0,,,,,,,,1,8,0,8,8.0,10,25,29,4,2,13,2.5,25.0,,,,,,,,,,,,,0,2,0,0,0,0,0,0,0,12,12,12,,,,,,,,,,,,,,,,,,,,,,,,,,,,,,,,,,,,,,,,,,,,,,,,,,,,,1.4535764028995704,46,92
2026-27,football,Minnesota Intercollegiate Athletic Conference (MIAC),miac,Macalester,"Scully,Jack",Jack,Scully,,376,"Scully,Jack","SCULLY,JACK",Macalester,MAC,0,1,1,8,8,0,QB,0,0,,,,,,,,0,1,0,1,1,.0,.0,.0,0,0,0,0,0,0,0,0,0,0,0,0,0,0,0,0,,,,,,,,,,,,,5,5,14,9,0,14,1.0,5.0,,,,,,,,,,,1,0,,,,,,,,,,,,,8,1,80,4,257,2,27,15,169.6,9.52,17.13,257.0,,,,,,,,,,,,,,,,,,,,,,,,,,,,,,,,,,,,,,,,,1.3961914838125868,47,92
2026-27,football,Minnesota Intercollegiate Athletic Conference (MIAC),miac,Concordia,"Hughes,Mason",Mason,Hughes,,161,"Hughes,Mason","HUGHES,MASON",Concordia,CON,0,1,1,3,03,0,RB,0,0,,,,,,,,,,,,,,,,,,,,,,,,,,,,,,,,,,,,,,,1,11,0,11,11.0,16,82,82,0,0,19,5.1,82.0,,,,,,,,,,,,,,,,,,,,,,,,,,,,,,,,,,,,,,,,,,,,,,,,,,,,,,,,,,,,,,,,,,,,,,,,,,,,,1.3947613948400444,48,92
2026-27,football,Minnesota Intercollegiate Athletic Conference (MIAC),miac,Macalester,"Boyd,Paxton",Paxton,Boyd,,376,"Boyd,Paxton","BOYD,PAXTON",Macalester,MAC,0,1,1,4,4,0,WR,0,0,,,,,,,,0,0,0,0,0,.0,.0,.0,0,0,0,0,0,0,0,0,0,0,0,0,0,0,0,0,,,,,,,,4,77,1,30,19.3,,,,,,,,,,,,,,,,,,,,,0,1,0,0,0,0,0,0,0,6,6,6,,,,,,,,,,,,,,,,,,,,,,,,,,,,,,,,,,,,,,,,,,,,,,,,,,,,,1.390862920815149,49,92
2026-27,football,Minnesota Intercollegiate Athletic Conference (MIAC),miac,St. Olaf,"Brunsvold,Erick",Erick,Brunsvold,,615,"Brunsvold,Erick","BRUNSVOLD,ERICK",St. Olaf,STO,1117-5349,1,1,83,83,0,WR,0,0,,,,,,,,,,,,,,,,,,,,,,,,,,,,,,,,,,,,,,,7,85,0,33,12.1,,,,,,,,,,,,,,,,,,,,,,,,,,,,,,,,,,,,,,,,,,,,,,,,,,,,,,,,,,,,,,,,,,,,,,,,,,,,,,,,,,,,,1.3842521629667461,50,92
2026-27,football,Minnesota Intercollegiate Athletic Conference (MIAC),miac,Hamline,"Gingras,Elijah",Elijah,Gingras,,268,"Gingras,Elijah","GINGRAS,ELIJAH",Hamline,HAM,0,1,1,7,7,0,0,LB,0,,,,,,,,0,4,4,8,8,.5,.0,.0,0,1,1,0,0,0,0,0,0,0,0,0,0,0,0,0,,,,,,,,,,,,,,,,,,,,,,,,,,,,,,,,,,,,,,,,,,,,,,,,,,,,,,,,,,,,,,,,,,,,,,,,,,,,,,,,,,,,,,,,,,,,,,,,,1.3598264896835754,51,92
2026-27,football,Minnesota Intercollegiate Athletic Conference (MIAC),miac,Hamline,"Watson,Isaiah",Isaiah,Watson,,268,"Watson,Isaiah","WATSON,ISAIAH",Hamline,HAM,0,1,1,15,15,0,WR,0,0,,,,,,,,0,4,2,6,6,.0,.0,.0,0,0,0,0,0,0,0,1,0,0,0,0,0,0,0,1,,,,,,,,,,,,,,,,,,,,,1,13,0,13,13.0,,,,,,,,,,,,,,,,,,,,,,,,,,,,,,,,,,,,,,,,,,,,,,,,,,,,,,,,,,,,,,,,,,,,,,,,1.34085994167752,52,91
2026-27,football,Minnesota Intercollegiate Athletic Conference (MIAC),miac,Saint John's,Corey Bohmert,Corey,Bohmert,,602,Corey Bohmert,"BOHMERT,COREY",Saint John's,SJU,1115-8166,1,1,8,8,0,RB,0,0,,,,,,,,,,,,,,,,,,,,,,,,,,,,,,,,,,,,,,,8,37,0,9,4.6,14,59,61,2,0,11,4.2,59.0,,,,,,,,,,,,,,,,,,,,,,,,,,,,,,,,,,,,,,,,,,,,,,,,,,,,,,,,,,,,,,,,,,,,,,,,,,,,,1.2717358401304693,53,91
2026-27,football,Minnesota Intercollegiate Athletic Conference (MIAC),miac,Concordia,"Sosa,Victor",Victor,Sosa,,161,"Sosa,Victor","SOSA,VICTOR",Concordia,CON,0,1,0,98,98,0,0,DL,0,,,,,,,,0,0,2,2,2,.5,.0,.0,0,1,3,0.5,0,1,3,0,0,0,0,0,0,0,0,0,,,,,,,,,,,,,,,,,,,,,,,,,,,,,,,,,,,,,,,,,,,,,,,,,,,,,,,,,,,,,,,,,,,,,,,,,,,,,,,,,,,,,,,,,,,,,,,,,1.261166635087924,54,91
2026-27,football,Minnesota Intercollegiate Athletic Conference (MIAC),miac,Macalester,"Jeppe,Dylan",Dylan,Jeppe,,376,"Jeppe,Dylan","JEPPE,DYLAN",Macalester,MAC,0,1,1,43,43,0,0,LB,0,,,,,,,,0,4,2,6,6,.0,.0,.0,0,0,0,0,0,0,0,1,0,0,0,0,0,0,0,1,,,,,,,,,,,,,,,,,,,,,,,,,,,,,,,,,,,,,,,,,,,,,,,,,,,,,,,,,,,,,,,,,,,,,,,,,,,,,,,,,,,,,,,,,,,,,,,,,1.2086041523409228,55,91
2026-27,football,Minnesota Intercollegiate Athletic Conference (MIAC),miac,Bethel,"Glynn,Taylor",Taylor,Glynn,,60,"Glynn,Taylor","GLYNN,TAYLOR",Bethel,BET,1104-7377,1,1,11,1E,0,0,LB,0,,,,,,,,0,3,2,5,5,1.0,.0,.0,1,0,4,0,0,0,0,0,0,0,0,0,0,0,0,0,,,,,,,,,,,,,,,,,,,,,,,,,,,,,,,,,,,,,,,,,,,,,,,,,,,,,,,,,,,,,,,,,,,,,,,,,,,,,,,,,,,,,,,,,,,,,,,,,1.20410811671225,56,91
2026-27,football,Minnesota Intercollegiate Athletic Conference (MIAC),miac,Saint John's,Landon Danner,Landon,Danner,,602,Landon Danner,"DANNER,LANDON",Saint John's,SJU,1115-8488,1,1,5,5,0,0,DL,0,,,,,,,,0,3,2,5,5,1.0,.0,.0,1,0,3,0,0,0,0,0,0,1,0,0,0,0,0,0,,,,,,,,,,,,,,,,,,,,,,,,,,,,,,,,,,,,,,,,,,,,,,,,,,,,,,,,,,,,,,,,,,,,,,,,,,,,,,,,,,,,,,,,,,,,,,,,,1.20410811671225,57,91
2026-27,football,Minnesota Intercollegiate Athletic Conference (MIAC),miac,Macalester,"Stewart,Elijah",Elijah,Stewart,,376,"Stewart,Elijah","STEWART,ELIJAH",Macalester,MAC,1110-5679,1,0,19,19,0,0,DB,0,,,,,,,,0,2,0,2,2,.0,.0,.0,0,0,0,0,0,0,0,2,0,0,0,0,0,0,0,2,,,,,,,,,,,,,,,,,,,,,,,,,,,,,,,,,,,,,,,,,,,,,,,,,,,,,,,,,,,,,,,,,,,,,,,,,,,,,,,,,,,,,,,,,,,,,,,,,1.1607030750571647,58,91
2026-27,football,Minnesota Intercollegiate Athletic Conference (MIAC),miac,Concordia,"Wadena,Brady",Brady,Wadena,,161,"Wadena,Brady","WADENA,BRADY",Concordia,CON,0,1,0,36,36,0,0,DB,0,,,,,,,,0,1,1,2,2,.0,.0,.0,0,0,0,0,0,0,0,2,0,1,0,0,0,0,0,2,,,,,,,,,,,,,,,,,,,,,,,,,,,,,,,,,,,,,,,,,,,,,,,,,,,,,,,,,,,,,,,,,,,,,,,,,,,,,,,,,,,,,,,,,,,,,,,,,1.1607030750571647,59,91
2026-27,football,Minnesota Intercollegiate Athletic Conference (MIAC),miac,Saint John's,Westin Hoyt,Westin,Hoyt,,602,Westin Hoyt,"HOYT,WESTIN",Saint John's,SJU,1115-8185,1,1,9,9,0,0,DB,0,,,,,,,,0,2,0,2,2,.0,.0,.0,0,0,0,0,0,0,0,2,0,0,0,0,0,0,0,2,,,,,,,,,,,,,,,,,,,,,,,,,,,,,,,,,,,,,,,,,,,,,,,,,,,,,,,,,,,,,,,,,,,,,,,,,,,,,,,,,,,,,,,,,,,,,,,,,1.1607030750571647,60,91
2026-27,football,Minnesota Intercollegiate Athletic Conference (MIAC),miac,Hamline,"Jarmon,Keishion",Keishion,Jarmon,,268,"Jarmon,Keishion","JARMON,KEISHION",Hamline,HAM,1109-5629,1,1,13,13,0,0,DB,0,,,,,,,,0,1,2,3,3,.5,.0,.0,0,1,1,0,0,0,0,1,0,0,0,0,0,0,0,1,,,,,,,,,,,,,,,,,,,,,,,,,,,,,,,,,,,,,,,,,,,,,,,,,,,,,,,,,,,,,,,,,,,,,,,,,,,,,,,,,,,,,,,,,,,,,,,,,1.0528857793695974,61,91
2026-27,football,Minnesota Intercollegiate Athletic Conference (MIAC),miac,Saint John's,Jawahn Cockfield,Jawahn,Cockfield,,602,Jawahn Cockfield,"COCKFIELD,J",Saint John's,SJU,1115-8173,1,0,99,99,0,0,0,0,,,,,,,,0,0,1,1,1,.5,.0,.0,0,1,3,0.5,0,1,3,0,0,0,0,0,0,0,0,0,,,,,,,,,,,,,,,,,,,,,,,,,,,,,,,,,,,,,,,,,,,,,,,,,,,,,,,,,,,,,,,,,,,,,,,,,,,,,,,,,,,,,,,,,,,,,,,,,1.002127002057704,62,91
2026-27,football,Minnesota Intercollegiate Athletic Conference (MIAC),miac,Gustavus,"Boike,Carson",Carson,Boike,,266,"Boike,Carson","BOIKE,CARSON",Gustavus,GAC,1108-9191,1,1,34,34,0,0,LB,0,,,,,,,,0,4,5,9,9,.0,.0,.0,0,0,0,0,0,0,0,0,0,0,0,0,0,0,0,0,,,,,,,,,,,,,,,,,,,,,,,,,,,,,,,,,,,,,,,,,,,,,,,,,,,,,,,,,,,,,,,,,,,,,,,,,,,,,,,,,,,,,,,,,,,,,,,,,0.9974655965944605,63,90
2026-27,football,Minnesota Intercollegiate Athletic Conference (MIAC),miac,Augsburg,"Mulvehill,Foster",Foster,Mulvehill,,38,"Mulvehill,Foster","MULVEHILL,FOSTER",Augsburg,AU,1103-13412,1,1,20,20,0,0,LB,0,,,,,,,,0,3,2,5,5,.0,.0,.0,0,0,0,0,0,0,0,1,0,0,0,0,0,0,0,1,,,,,,,,,,,,,,,,,,,,,,,,,,,,,,,,,,,,,,,,,,,,,,,,,,,,,,,,,,,,,,,,,,,,,,,,,,,,,,,,,,,,,,,,,,,,,,,,,0.9495645193107025,64,90
2026-27,football,Minnesota Intercollegiate Athletic Conference (MIAC),miac,Saint John's,Nolan Dumonceaux,Nolan,Dumonceaux,,602,Nolan Dumonceaux,"DUMONCEAUX,N",Saint John's,SJU,1115-8495,1,0,2,2,0,0,0,0,,,,,,,,0,2,3,5,5,.0,.0,.0,0,0,0,0,0,0,0,1,0,0,0,0,0,0,0,1,,,,,,,,,,,,,,,,,,,,,,,,,,,,,,,,,,,,,,,,,,,,,,,,,,,,,,,,,,,,,,,,,,,,,,,,,,,,,,,,,,,,,,,,,,,,,,,,,0.9495645193107025,65,90
2026-27,football,Minnesota Intercollegiate Athletic Conference (MIAC),miac,Gustavus,"Bartell,Ethan",Ethan,Bartell,,266,"Bartell,Ethan","BARTELL,ETHAN",Gustavus,GAC,1108-8589,1,1,21,21,0,0,LB,0,,,,,,,,0,3,1,4,4,1.0,.0,.0,1,0,5,0,0,0,0,0,0,1,0,0,0,0,0,0,,,,,,,,,,,,,,,,,,,,,,,,,,,,,,,,,,,,,,,,,,,,,,,,,,,,,,,,,,,,,,,,,,,,,,,,,,,,,,,,,,,,,,,,,,,,,,,,,0.94506848368203,66,90
2026-27,football,Minnesota Intercollegiate Athletic Conference (MIAC),miac,Hamline,"Schmitz,Peter",Peter,Schmitz,,268,"Schmitz,Peter","SCHMITZ,PETER",Hamline,HAM,0,1,1,90,90,0,0,DL,0,,,,,,,,0,1,3,4,4,1.0,.0,.0,1,0,1,0,0,0,0,0,0,0,0,0,0,0,0,0,,,,,,,,,,,,,,,,,,,,,,,,,,,,,,,,,,,,,,,,,,,,,,,,,,,,,,,,,,,,,,,,,,,,,,,,,,,,,,,,,,,,,,,,,,,,,,,,,0.94506848368203,67,90
2026-27,football,Minnesota Intercollegiate Athletic Conference (MIAC),miac,Saint John's,Andrew Harren,Andrew,Harren,,602,Andrew Harren,"HARREN,ANDREW",Saint John's,SJU,1115-8181,1,0,89,89,0,0,0,0,,,,,,,,,,,,,,,,,,,,,,,,,,,,,,,,,,,,,,,2,14,1,8,7.0,,,,,,,,,,,,,,,,,,,,,0,1,0,0,0,0,0,0,0,6,6,6,,,,,,,,,,,,,,,,,,,,,,,,,,,,,,,,,,,,,,,,,,,,,,,,,,,,,0.8925185808607567,68,90
2026-27,football,Minnesota Intercollegiate Athletic Conference (MIAC),miac,Saint John's,Griffin Murray,Griffin,Murray,,602,Griffin Murray,"MURRAY,GRIFFIN",Saint John's,SJU,1115-8741,1,0,17,17,0,0,0,0,,,,,,,,,,,,,,,,,,,,,,,,,,,,,,,,,,,,,,,2,58,0,57,29.0,,,,,,,,,,,,,,,,,,,,,,,,,,,,,,,,,,,,,,,,,,,,,3,56,0,25,18.7,,,,,,,,,,,,,,,,,,,,,,,,,,,,,,,,,,,,0.8410299068061609,69,90
2026-27,football,Minnesota Intercollegiate Athletic Conference (MIAC),miac,Concordia,"Klang,Jed",Jed,Klang,,161,"Klang,Jed","KLANG,JED",Concordia,CON,0,1,1,7,07,0,WR,0,0,,,,,,,,0,0,1,1,1,.0,.0,.0,0,0,0,0,0,0,0,0,0,0,0,0,0,0,0,0,,,,,,,,3,48,1,29,16.0,,,,,,,,,,,,,,,,,,,,,0,1,0,0,0,0,0,0,0,6,6,6,,,,,,,,,,,,,,,,,,,,,,,,,,,,,,,,,,,,,,,,,,,,,,,,,,,,,0.8064925891100445,70,90
2026-27,football,Minnesota Intercollegiate Athletic Conference (MIAC),miac,Macalester,"Frechette,David",David,Frechette,,376,"Frechette,David","FRECHETTE,DAVID",Macalester,MAC,0,1,0,33,33,0,RB,0,0,,,,,,,,0,1,0,1,1,.0,.0,.0,0,0,0,0,0,0,0,0,0,0,0,0,0,0,0,0,,,,,,,,2,22,0,16,11.0,10,29,30,1,1,7,2.9,29.0,,,,,,,,,,,0,0,0,1,0,0,0,0,0,0,0,6,6,6,,,,,,,,,,,,,,,,,,,,,,,,,,,,,,,,,,,,,,,,,,,,,,,,,,,,,0.7896874769638755,71,90
2026-27,football,Minnesota Intercollegiate Athletic Conference (MIAC),miac,Hamline,"Cummings,Daylen",Daylen,Cummings,,268,"Cummings,Daylen","CUMMINGS,DAYLEN",Hamline,HAM,1109-5664,1,1,8,8,0,QB,0,0,,,,,,,,0,0,0,0,0,.0,.0,.0,0,0,0,0,0,0,0,0,0,0,0,0,0,0,0,0,,,,,,,,,,,,,11,55,68,13,0,21,5.0,55.0,,,,,,,,,,,1,1,,,,,,,,,,,,,13,1,27,2,249,0,39,29,144.9,6.38,8.59,249.0,,,,,,,,,,,,,,,,,,,,,,,,,,,,,,,,,,,,,,,,,0.778093681381034,72,90
2026-27,football,Minnesota Intercollegiate Athletic Conference (MIAC),miac,St. Scholastica,"Neaves,Maximilian",Maximilian,Neaves,,618,"Neaves,Maximilian","NEAVES,MAXIMILIAN",St. Scholastica,CSS,1402-7270,1,1,11,11,0,0,LB,0,,,,,,,,0,3,5,8,8,.0,.0,.0,0,0,0,0,0,0,0,0,0,0,0,0,0,0,0,0,,,,,,,,,,,,,,,,,,,,,,,,,,,,,,,,,,,,,,,,,,,,,,,,,,,,,,,,,,,,,,,,,,,,,,,,,,,,,,,,,,,,,,,,,,,,,,,,,0.7384259635642405,73,90
2026-27,football,Minnesota Intercollegiate Athletic Conference (MIAC),miac,Carleton,"Thomas,Ronan",Ronan,Thomas,,118,"Thomas,Ronan","THOMAS,RONAN",Carleton,CAR,1105-1161,1,1,6,6,0,0,DB,0,,,,,,,,0,3,5,8,8,.0,.0,.0,0,0,0,0,0,0,0,0,0,0,0,0,0,0,0,0,,,,,,,,,,,,,,,,,,,,,,,,,,,,,,,,,,,,,,,,,,,,,,,,,,,,,,,,,,,,,,,,,,,,,,,,,,,,,,,,,,,,,,,,,,,,,,,,,0.7384259635642405,74,89
2026-27,football,Minnesota Intercollegiate Athletic Conference (MIAC),miac,Bethel,"Barthel,Will",Will,Barthel,,60,"Barthel,Will","BARTHEL,WILL",Bethel,BET,1104-7755,1,1,8,8A,0,0,DB,0,,,,,,,,0,2,1,3,3,1.0,.0,.0,1,0,1,0,0,0,0,0,0,0,0,0,0,0,0,0,,,,,,,,,,,,,,,,,,,,,,,,,,,,,,,,,,,,,,,,,,,,,,,,,,,,,,,,,,,,,,,,,,,,,,,,,,,,,,,,,,,,,,,,,,,,,,,,,0.68602885065181,75,89
2026-27,football,Minnesota Intercollegiate Athletic Conference (MIAC),miac,Saint John's,Charlie King,Charlie,King,,602,Charlie King,"KING,CHARLIE",Saint John's,SJU,1115-8512,1,1,15,15,0,0,DL,0,,,,,,,,0,1,2,3,3,1.0,.0,.0,1,0,7,0,0,0,0,0,0,1,0,0,0,0,0,0,,,,,,,,,,,,,,,,,,,,,,,,,,,,,,,,,,,,,,,,,,,,,,,,,,,,,,,,,,,,,,,,,,,,,,,,,,,,,,,,,,,,,,,,,,,,,,,,,0.68602885065181,76,89
2026-27,football,Minnesota Intercollegiate Athletic Conference (MIAC),miac,St. Olaf,"Howell,William",William,Howell,,615,"Howell,William","HOWELL,WILLIAM",St. Olaf,STO,1117-5113,1,1,92,92,0,0,DL,0,,,,,,,,0,2,1,3,3,1.0,.0,.0,1,0,1,0,0,0,0,0,0,0,0,0,0,0,0,0,,,,,,,,,,,,,,,,,,,,,,,,,,,,,,,,,,,,,,,,,,,,,,,,,,,,,,,,,,,,,,,,,,,,,,,,,,,,,,,,,,,,,,,,,,,,,,,,,0.68602885065181,77,89
2026-27,football,Minnesota Intercollegiate Athletic Conference (MIAC),miac,St. Olaf,"Small,Tytan",Tytan,Small,,615,"Small,Tytan","SMALL,TYTAN",St. Olaf,STO,1117-5101,1,1,8,8D,0,0,LB,0,,,,,,,,0,2,1,3,3,1.0,.0,.0,1,0,3,0,0,0,0,0,0,0,0,0,0,0,0,0,,,,,,,,,,,,,,,,,,,,,,,,,,,,,,,,,,,,,,,,,,,,,,,,,,,,,,,,,,,,,,,,,,,,,,,,,,,,,,,,,,,,,,,,,,,,,,,,,0.68602885065181,78,89
2026-27,football,Minnesota Intercollegiate Athletic Conference (MIAC),miac,Macalester,"Litchford,Brennan",Brennan,Litchford,,376,"Litchford,Brennan","LITCHFORD,BRENNAN",Macalester,MAC,0,1,1,32,32,0,RB,0,0,,,,,,,,0,0,0,0,0,.0,.0,.0,0,0,0,0,0,0,0,0,0,0,0,0,0,0,0,0,,,,,,,,2,19,1,16,9.5,12,42,50,8,0,33,3.5,42.0,,,,,,,,,,,0,0,0,1,0,0,0,0,0,0,0,6,6,6,,,,,,,,,,,,,,,,,,,,,,,,,,,,,,,,,,,,,,,,,,,,,,,,,,,,,0.6840924494867131,79,89
2026-27,football,Minnesota Intercollegiate Athletic Conference (MIAC),miac,Gustavus,"Swansson,Chance",Chance,Swansson,,266,"Swansson,Chance","SWANSSON,CHANCE",Gustavus,GAC,1108-8573,1,1,17,17,0,0,DB,0,,,,,,,,0,0,0,0,0,.0,.0,.0,0,0,0,0,0,0,0,2,0,0,0,0,0,0,0,2,,,,,,,,,,,,,,,,,,,,,,,,,,,,,,,,,,,,,,,,,,,,,,,,,,,,,,,,,,,,,,,,,,,,,,,,,,,,,,,,,,,,,,,,,,,,,,,,,0.6426238089967247,80,89
2026-27,football,Minnesota Intercollegiate Athletic Conference (MIAC),miac,Hamline,"Herz,Aiden",Aiden,Herz,,268,"Herz,Aiden","HERZ,AIDEN",Hamline,HAM,1109-5666,1,1,14,14,0,WR,0,0,,,,,,,,,,,,,,,,,,,,,,,,,,,,,,,,,,,,,,,6,60,0,27,10.0,,,,,,,,,1,7,0,7,7.0,,,,,,,,,,,,,,,,,,,,,,,,,,,,,,,,,,,,,,,,,,,,,,,,,,,,,,,,,,,,,,,,,,,,,,,,0.6027163409630096,81,89
2026-27,football,Minnesota Intercollegiate Athletic Conference (MIAC),miac,Bethel,"Durgin,Max",Max,Durgin,,60,"Durgin,Max","DURGIN,MAX",Bethel,BET,1104-8195,1,1,9,9C,0,0,DB,0,,,,,,,,0,4,1,5,5,.5,.0,.0,0,1,0,0,0,0,0,0,0,0,0,0,0,0,0,0,,,,,,,,,,,,,,,,,,,,,,,,,,,,,,,,,,,,,,,,,,,,,,,,,,,,,,,,,,,,,,,,,,,,,,,,,,,,,,,,,,,,,,,,,,,,,,,,,0.5827075905929151,82,89
2026-27,football,Minnesota Intercollegiate Athletic Conference (MIAC),miac,Macalester,"Niemi,Asher",Asher,Niemi,,376,"Niemi,Asher","NIEMI,ASHER",Macalester,MAC,0,1,1,45,45,0,0,LB,0,,,,,,,,0,2,3,5,5,.5,.0,.0,0,1,2,0,0,0,0,0,0,1,0,0,0,0,0,0,,,,,,,,,,,,,,,,,,,,,,,,,,,,,,,,,,,,,,,,,,,,,,,,,,,,,,,,,,,,,,,,,,,,,,,,,,,,,,,,,,,,,,,,,,,,,,,,,0.5827075905929151,83,89
2026-27,football,Minnesota Intercollegiate Athletic Conference (MIAC),miac,St. Scholastica,"Plumley,Connor",Connor,Plumley,,618,"Plumley,Connor","PLUMLEY,CONNOR",St. Scholastica,CSS,1402-7602,1,1,40,40,0,0,LB,0,,,,,,,,0,1,4,5,5,.5,.0,.0,0,1,0,0,0,0,0,0,0,0,0,0,0,0,0,0,,,,,,,,,,,,,,,,,,,,,,,,,,,,,,,,,,,,,,,,,,,,,,,,,,,,,,,,,,,,,,,,,,,,,,,,,,,,,,,,,,,,,,,,,,,,,,,,,0.5827075905929151,84,89
2026-27,football,Minnesota Intercollegiate Athletic Conference (MIAC),miac,Gustavus,"Blount,Dylan",Dylan,Blount,,266,"Blount,Dylan","BLOUNT,DYLAN",Gustavus,GAC,1108-9195,1,1,18,1H,0,QB,0,0,,,,,,,,0,0,0,0,0,.0,.0,.0,0,0,0,0,0,0,0,0,0,0,0,0,0,0,0,0,,,,,,,,,,,,,6,-3,19,22,0,8,-.5,-3.0,,,,,,,,,,,1,0,,,,,,,,,,,,,0,0,26,2,270,0,29,21,173.4,9.31,12.86,270.0,,,,,,,,,,,,,,,,,,,,,,,,,,,,1,29,29,0,0,0,0,1,29.0,,,,,0.49636897275958186,85,88
2026-27,football,Minnesota Intercollegiate Athletic Conference (MIAC),miac,St. Olaf,"Pribyl,Taevin",Taevin,Pribyl,,615,"Pribyl,Taevin","PRIBYL,TAEVIN",St. Olaf,STO,1117-5515,1,1,3,3,0,WR,0,0,,,,,,,,,,,,,,,,,,,,,,,,,,,,,,,,,,,,,,,4,54,0,17,13.5,,,,,,,,,,,,,,,,,,,,,,,,,,,,,,,,,,,,,,,,,,,,,,,,,,,,,,,,,,,,,,,,,,,,,,,,,,,,,,,,,,,,,0.4826759937669164,86,88
2026-27,football,Minnesota Intercollegiate Athletic Conference (MIAC),miac,Concordia,"Dilly,Lane",Lane,Dilly,,161,"Dilly,Lane","DILLY,LANE",Concordia,CON,0,1,1,39,39,0,0,LB,0,,,,,,,,0,0,7,7,7,.0,.0,.0,0,0,0,0,0,0,0,0,0,0,0,0,0,0,0,0,,,,,,,,,,,,,,,,,,,,,,,,,,,,,,,,,,,,,,,,,,,,,,,,,,,,,,,,,,,,,,,,,,,,,,,,,,,,,,,,,,,,,,,,,,,,,,,,,0.4793863305340206,87,88
2026-27,football,Minnesota Intercollegiate Athletic Conference (MIAC),miac,St. Scholastica,"Gross,Ashton",Ashton,Gross,,618,"Gross,Ashton","GROSS,ASHTON",St. Scholastica,CSS,1402-7482,1,1,5,5,0,0,DB,0,,,,,,,,0,3,4,7,7,.0,.0,.0,0,0,0,0,0,0,0,0,0,0,0,0,0,0,0,0,,,,,,,,,,,,,,,,,,,,,,,,,,,,,,,,,,,,,,,,,,,,,,,,,,,,,,,,,,,,,,,,,,,,,,,,,,,,,,,,,,,,,,,,,,,,,,,,,0.4793863305340206,88,88
2026-27,football,Minnesota Intercollegiate Athletic Conference (MIAC),miac,Saint John's,Will Peroutka,Will,Peroutka,,602,Will Peroutka,"PEROUTKA,WILL",Saint John's,SJU,1115-8528,1,1,4P,4P,0,0,DB,0,,,,,,,,0,6,1,7,7,.0,.0,.0,0,0,0,0,0,0,0,0,0,0,0,0,0,0,0,0,,,,,,,,,,,,,,,,,,,,,,,,,,,,,,,,,,,,,,,,,,,,,,,,,,,,,,,,,,,,,,,,,,,,,,,,,,,,,,,,,,,,,,,,,,,,,,,,,0.4793863305340206,89,88
2026-27,football,Minnesota Intercollegiate Athletic Conference (MIAC),miac,Hamline,"Barrientos,Kieran",Kieran,Barrientos,,268,"Barrientos,Kieran","BARRIENTOS,KIERAN",Hamline,HAM,0,1,0,38,38,0,0,0,0,,,,,,,,0,0,0,0,0,.0,.0,.0,0,0,0,0,0,0,0,0,0,0,0,0,0,0,0,0,,,,,,,,,,,,,,,,,,,,,,,,,,,,,,,,,4,0,1,0,0,0,0,0,0,7,7,7,,,,,,,,,,,,,,,,,,6,365,1,0,60.8,1,1,22,0,100.0,4,4,0,0,0,0,0,0,0,0,0,0,,,,,,,,,,,,,,0.43638873989372284,90,88
2026-27,football,Minnesota Intercollegiate Athletic Conference (MIAC),miac,St. Scholastica,"Flaa,Logan",Logan,Flaa,,618,"Flaa,Logan","FLAA,LOGAN",St. Scholastica,CSS,1402-7666,1,1,7,7,0,0,DB,0,,,,,,,,0,3,0,3,3,.0,.0,.0,0,0,0,0,0,0,0,1,0,0,0,0,0,0,0,1,,,,,,,,,,,,,,,,,,,,,,,,,,,,,,,,,,,,,,,,,,,,,,,,,,,,,,,,,,,,,,,,,,,,,,,,,,,,,,,,,,,,,,,,,,,,,,,,,0.4314852532502626,91,88
2026-27,football,Minnesota Intercollegiate Athletic Conference (MIAC),miac,Carleton,"Baldenegro,Anthony",Anthony,Baldenegro,,118,"Baldenegro,Anthony","BALDENEGRO,ANTHONY",Carleton,CAR,1105-1015,1,0,99,99,0,0,DL,0,,,,,,,,0,1,1,2,2,1.0,.0,.0,1,0,1,0,0,0,0,0,0,0,0,0,0,0,0,0,,,,,,,,,,,,,,,,,,,,,,,,,,,,,,,,,,,,,,,,,,,,,,,,,,,,,,,,,,,,,,,,,,,,,,,,,,,,,,,,,,,,,,,,,,,,,,,,,0.42698921762159003,92,88
2026-27,football,Minnesota Intercollegiate Athletic Conference (MIAC),miac,Augsburg,"Hyshaw-Moore,Tykelian",Tykelian,Hyshaw-Moore,,38,"Hyshaw-Moore,Tykelian","HYSHAW-MOORE,TYKELIAN",Augsburg,AU,1103-13594,1,1,7,7,0,0,DB,0,,,,,,,,0,0,2,2,2,.0,.0,.0,0,0,0,0,0,0,0,0,0,0,0,0,0,0,0,0,,,,,,,,1,25,1,25,25.0,,,,,,,,,,,,,,,,,,,,,0,1,0,0,0,0,0,0,0,6,6,6,,,,,,,,,,,,,,,,,,,,,,,,,,,,,,,,,,,,,,,,,,,,,,,,,,,,,0.3966208707984554,93,88
2026-27,football,Minnesota Intercollegiate Athletic Conference (MIAC),miac,Bethel,"Geebli,David",David,Geebli,,60,"Geebli,David","GEEBLI,DAVID",Bethel,BET,1104-7376,1,0,1,1,0,RB,0,0,,,,,,,,0,0,0,0,0,.0,.0,.0,0,0,0,0,0,0,0,0,0,0,0,0,0,0,0,0,,,,,,,,1,0,0,0,.0,13,51,51,0,1,23,3.9,51.0,,,,,,,,,,,,,0,1,0,0,0,0,0,0,0,6,6,6,,,,,,,,,,,,,,,,,,,,,,,,,,,,,,,,,,,,,,,,,,,,,,,,,,,,,0.3853701585476762,94,88
2026-27,football,Minnesota Intercollegiate Athletic Conference (MIAC),miac,Concordia,"Henderson,Davion",Davion,Henderson,,161,"Henderson,Davion","HENDERSON,DAVION",Concordia,CON,0,1,1,1,01,0,WR,0,0,,,,,,,,,,,,,,,,,,,,,,,,,,,,,,,,,,,,,,,2,50,0,35,25.0,,,,,,,,,,,,,,,,,,,,,,,,,,,,,,,,,,,,,,,,,,,,,,,,,,,,,,,,,,,,,,,,,,,,,,,,,,,,,,,,,,,,,0.36634358483790597,95,88
2026-27,football,Minnesota Intercollegiate Athletic Conference (MIAC),miac,Carleton,"Pollard,Cooper",Cooper,Pollard,,118,"Pollard,Cooper","POLLARD,COOPER",Carleton,CAR,1105-1029,1,1,14,14,0,WR,0,0,,,,,,,,,,,,,,,,,,,,,,,,,,,,,,,,,,,,,,,3,50,0,33,16.7,,,,,,,,,,,,,,,,,,,,,,,,,,,,,,,,,,,,,,,,,,,,,,,,,,,,,,,,,,,,,,,,,,,,,,,,,,,,,,,,,,,,,0.36634358483790597,96,87
2026-27,football,Minnesota Intercollegiate Athletic Conference (MIAC),miac,Bethel,"Drews,Cooper",Cooper,Drews,,60,"Drews,Cooper","DREWS,COOPER",Bethel,BET,1104-7857,1,1,9,9,0,QB,0,0,,,,,,,,0,1,0,1,1,.0,.0,.0,0,0,0,0,0,0,0,0,0,0,0,0,0,0,0,0,,,,,,,,,,,,,18,59,65,6,0,9,3.3,59.0,,,,,,,,,,,,,,,,,,,,,,,,,4,2,46,2,278,3,43,22,106.9,6.47,12.64,278.0,,,,,,,,,,,,,,,,,,,,,,,,,,,,,,,,,,,,,,,,,0.35166511283026725,97,87
2026-27,football,Minnesota Intercollegiate Athletic Conference (MIAC),miac,Carleton,"Reade,Jackson",Jackson,Reade,,118,"Reade,Jackson","READE,JACKSON",Carleton,CAR,1105-1156,1,0,1,1,0,0,DB,0,,,,,,,,0,1,3,4,4,.5,.0,.0,0,1,2,0,0,0,0,0,0,0,0,0,0,0,0,0,,,,,,,,,,,,,,,,,,,,,,,,,,,,,,,,,,,,,,,,,,,,,,,,,,,,,,,,,,,,,,,,,,,,,,,,,,,,,,,,,,,,,,,,,,,,,,,,,0.3236679575626952,98,87
2026-27,football,Minnesota Intercollegiate Athletic Conference (MIAC),miac,Augsburg,"Shaban,Mustafa",Mustafa,Shaban,,38,"Shaban,Mustafa","SHABAN,MUSTAFA",Augsburg,AU,1103-13623,1,0,97,97,0,0,DL,0,,,,,,,,0,1,3,4,4,.5,.0,.0,0,1,3,0,0,0,0,0,0,0,0,0,0,0,0,0,,,,,,,,,,,,,,,,,,,,,,,,,,,,,,,,,,,,,,,,,,,,,,,,,,,,,,,,,,,,,,,,,,,,,,,,,,,,,,,,,,,,,,,,,,,,,,,,,0.3236679575626952,99,87
2026-27,football,Minnesota Intercollegiate Athletic Conference (MIAC),miac,Bethel,"Whiting,Marcus",Marcus,Whiting,,60,"Whiting,Marcus","WHITING,MARCUS",Bethel,BET,1104-7784,1,1,0,0A,0,0,DL,0,,,,,,,,0,3,1,4,4,.5,.0,.0,0,1,1,0,0,0,0,0,0,1,0,0,0,0,0,0,,,,,,,,,,,,,,,,,,,,,,,,,,,,,,,,,,,,,,,,,,,,,,,,,,,,,,,,,,,,,,,,,,,,,,,,,,,,,,,,,,,,,,,,,,,,,,,,,0.3236679575626952,100,87
2026-27,football,Minnesota Intercollegiate Athletic Conference (MIAC),miac,Hamline,"Kujawa,Chris",Chris,Kujawa,,268,"Kujawa,Chris","KUJAWA,CHRIS",Hamline,HAM,0,1,1,33,33,0,0,LB,0,,,,,,,,0,4,1,5,5,.0,.0,.0,0,0,0,0,0,0,0,0,0,0,0,0,0,0,0,0,,,,,,,,,,,,,,,,,,,,,,,,,,,,,,,0,0,,,,,,,,,,,,,,,,,,,,,,,,,,,,,,,,,,,,,,,,,,,,,,,,,,,,,,,,,,,,,,,,,0.30771722598735596,101,87
2026-27,football,Minnesota Intercollegiate Athletic Conference (MIAC),miac,Augsburg,"Howze-Sandifer,Kobey",Kobey,Howze-Sandifer,,38,"Howze-Sandifer,Kobey","HOWZE-SANDIFER,KOBEY",Augsburg,AU,1103-13226,1,0,13,13,0,WR,0,0,,,,,,,,0,0,0,0,0,.0,.0,.0,0,0,0,0,0,0,0,0,0,0,0,0,0,0,0,0,,,,,,,,1,12,1,12,12.0,,,,,,,,,,,,,,,,,,,,,0,1,0,0,0,0,0,0,0,6,6,6,,,,,,,,,,,,,4,95,0,32,23.8,,,,,,,,,,,,,,,,,,,,,,,,,,,,,,,,,,,,0.25052225446263054,102,87
2026-27,football,Minnesota Intercollegiate Athletic Conference (MIAC),miac,Concordia,"Sanchez,Alejandro",Alejandro,Sanchez,,161,"Sanchez,Alejandro","SANCHEZ,ALEJANDRO",Concordia,CON,0,1,0,88,88,0,WR,0,0,,,,,,,,0,1,0,1,1,.0,.0,.0,0,0,0,0,0,0,0,0,0,0,0,0,0,0,0,0,,,,,,,,1,28,1,28,28.0,,,,,,,,,,,,,,,,,,,,,0,1,0,0,0,0,0,0,0,6,6,6,,,,,,,,,,,,,,,,,,,,,,,,,,,,,,,,,,,,,,,,,,,,,,,,,,,,,0.22483054446499315,103,87
2026-27,football,Minnesota Intercollegiate Athletic Conference (MIAC),miac,Gustavus,"Anderson,Nick",Nick,Anderson,,266,"Anderson,Nick","ANDERSON,NICK",Gustavus,GAC,1108-9543,1,1,6,6X,0,0,DB,0,,,,,,,,0,4,2,6,6,.0,.0,.0,0,0,0,0,0,0,0,0,0,0,0,0,0,0,0,0,,,,,,,,,,,,,,,,,,,,,,,,,,,,,,,,,,,,,,,,,,,,,,,,,,,,,,,,,,,,,,,,,,,,,,,,,,,,,,,,,,,,,,,,,,,,,,,,,0.22034669750380062,104,87
2026-27,football,Minnesota Intercollegiate Athletic Conference (MIAC),miac,Carleton,"Centurelli,Jack",Jack,Centurelli,,118,"Centurelli,Jack","CENTURELLI,JACK",Carleton,CAR,1105-1148,1,1,4,4,0,0,LB,0,,,,,,,,0,1,5,6,6,.0,.0,.0,0,0,0,0,0,0,0,0,0,0,0,0,0,0,0,0,,,,,,,,,,,,,,,,,,,,,,,,,,,,,,,,,,,,,,,,,,,,,,,,,,,,,,,,,,,,,,,,,,,,,,,,,,,,,,,,,,,,,,,,,,,,,,,,,0.22034669750380062,105,87
2026-27,football,Minnesota Intercollegiate Athletic Conference (MIAC),miac,Augsburg,"Marquez-Reagan,Anselmo",Anselmo,Marquez-Reagan,,38,"Marquez-Reagan,Anselmo","MARQUEZ-REAGAN,ANSELMO",Augsburg,AU,1103-13063,1,1,8,8,0,0,LB,0,,,,,,,,0,1,5,6,6,.0,.0,.0,0,0,0,0,0,0,0,0,0,0,0,0,0,0,0,0,,,,,,,,,,,,,,,,,,,,,,,,,,,,,,,,,,,,,,,,,,,,,,,,,,,,,,,,,,,,,,,,,,,,,,,,,,,,,,,,,,,,,,,,,,,,,,,,,0.22034669750380062,106,87
2026-27,football,Minnesota Intercollegiate Athletic Conference (MIAC),miac,Hamline,"Venne,Aiden",Aiden,Venne,,268,"Venne,Aiden","VENNE,AIDEN",Hamline,HAM,1109-5644,1,0,45,45,0,OL,0,0,,,,,,,,0,3,3,6,6,.0,.0,.0,0,0,0,0,0,0,0,0,0,0,0,0,0,0,0,0,,,,,,,,,,,,,,,,,,,,,,,,,,,,,,,,,,,,,,,,,,,,,,,,,,,,,,,,,,,,,,,,,,,,,,,,,,,,,,,,,,,,,,,,,,,,,,,,,0.22034669750380062,107,86
2026-27,football,Minnesota Intercollegiate Athletic Conference (MIAC),miac,Carleton,"Ventura,Zach",Zach,Ventura,,118,"Ventura,Zach","VENTURA,ZACH",Carleton,CAR,1105-899,1,0,44,44,0,0,LB,0,,,,,,,,0,1,5,6,6,.0,.0,.0,0,0,0,0,0,0,0,0,0,0,0,0,0,0,0,0,,,,,,,,,,,,,,,,,,,,,,,,,,,,,,,,,,,,,,,,,,,,,,,,,,,,,,,,,,,,,,,,,,,,,,,,,,,,,,,,,,,,,,,,,,,,,,,,,0.22034669750380062,108,86
2026-27,football,Minnesota Intercollegiate Athletic Conference (MIAC),miac,Augsburg,"Johnson,Carter",Carter,Johnson,,38,"Johnson,Carter","JOHNSON,CARTER",Augsburg,AU,1103-13057,1,0,23,23,0,RB,0,0,,,,,,,,,,,,,,,,,,,,,,,,,,,,,,,,,,,,,,,,,,,,6,31,32,1,0,21,5.2,31.0,,,,,,,,,,,,,,,,,,,,,,,,,,,,,,,,,,,,,,,,,,,,,,,,,,,,,,,,,,,,,,,,,,,,,,,,,,,,,0.21315893400976105,109,86
2026-27,football,Minnesota Intercollegiate Athletic Conference (MIAC),miac,Bethel,"Nowacki,Eli",Eli,Nowacki,,60,"Nowacki,Eli","NOWACKI,ELI",Bethel,BET,1104-7638,1,0,36,36,0,0,0,0,,,,,,,,,,,,,,,,,,,,,,,,,,,,,,,,,,,,,,,,,,,,,,,,,,,,,,,,,,,,,,,,,,,,,,,,,,,,,,,,,,,,,,,,,,,,,2,114,0,0,57.0,,,,,,,,,,,,,,,,,,2,72,37,0,0,1,0,1,36.0,,,,,0.19353444917360457,110,86
2026-27,football,Minnesota Intercollegiate Athletic Conference (MIAC),miac,Concordia,"Griffin,Jaden",Jaden,Griffin,,161,"Griffin,Jaden","GRIFFIN,JADEN",Concordia,CON,0,1,1,00,00,0,0,DB,0,,,,,,,,0,1,1,2,2,.0,.0,.0,0,0,0,0,0,0,0,1,0,0,0,0,0,0,0,1,,,,,,,,,,,,,,,,,,,,,,,,,,,,,,,,,,,,,,,,,,,,,,,,,,,,,,,,,,,,,,,,,,,,,,,,,,,,,,,,,,,,,,,,,,,,,,,,,0.1724456202200425,111,86
2026-27,football,Minnesota Intercollegiate Athletic Conference (MIAC),miac,Hamline,"Maes,Gabriel",Gabriel,Maes,,268,"Maes,Gabriel","MAES,GABRIEL",Hamline,HAM,0,1,1,94,94,0,0,DL,0,,,,,,,,0,0,2,2,2,.0,.0,.0,0,0,0,0,0,0,0,1,0,2,0,0,0,0,0,1,,,,,,,,,,,,,,,,,,,,,,,,,,,,,,,,,,,,,,,,,,,,,,,,,,,,,,,,,,,,,,,,,,,,,,,,,,,,,,,,,,,,,,,,,,,,,,,,,0.1724456202200425,112,86
2026-27,football,Minnesota Intercollegiate Athletic Conference (MIAC),miac,Saint John's,Mark Rogalski,Mark,Rogalski,,602,Mark Rogalski,"ROGALSKI,MARK",Saint John's,SJU,1115-8746,1,1,0,0,0,0,DB,0,,,,,,,,0,1,1,2,2,.0,.0,.0,0,0,0,0,0,0,0,1,0,0,0,0,0,0,0,1,,,,,,,,,,,,,,,,,,,,,,,,,,,,,,,,,,,,,,,,,,,,,,,,,,,,,,,,,,,,,,,,,,,,,,,,,,,,,,,,,,,,,,,,,,,,,,,,,0.1724456202200425,113,86
2026-27,football,Minnesota Intercollegiate Athletic Conference (MIAC),miac,Macalester,"Webster,Patrick",Patrick,Webster,,376,"Webster,Patrick","WEBSTER,PATRICK",Macalester,MAC,1110-5670,1,1,29,29,0,0,DB,0,,,,,,,,0,2,0,2,2,.0,.0,.0,0,0,0,0,0,0,0,1,0,0,0,0,0,0,0,1,,,,,,,,,,,,,,,,,,,,,,,,,,,,,,,,,,,,,,,,,,,,,,,,,,,,,,,,,,,,,,,,,,,,,,,,,,,,,,,,,,,,,,,,,,,,,,,,,0.1724456202200425,114,86
2026-27,football,Minnesota Intercollegiate Athletic Conference (MIAC),miac,Bethel,"Daniel,William",William,Daniel,,60,"Daniel,William","DANIEL,WILLIAM",Bethel,BET,1104-7985,1,0,27,27,0,0,LB,0,,,,,,,,0,1,0,1,1,1.0,.0,.0,1,0,1,0,0,0,0,0,0,0,0,0,0,0,0,0,,,,,,,,,,,,,,,,,,,,,,,,,,,,,,,,,,,,,,,,,,,,,,,,,,,,,,,,,,,,,,,,,,,,,,,,,,,,,,,,,,,,,,,,,,,,,,,,,0.16794958459136997,115,86
2026-27,football,Minnesota Intercollegiate Athletic Conference (MIAC),miac,Macalester,"Frechette,Andrew",Andrew,Frechette,,376,"Frechette,Andrew","FRECHETTE,ANDREW",Macalester,MAC,0,1,0,42,42,0,0,LB,0,,,,,,,,0,1,0,1,1,1.0,.0,.0,1,0,2,0,0,0,0,0,0,0,0,0,0,0,0,0,,,,,,,,,,,,,,,,,,,,,,,,,,,,,,,,,,,,,,,,,,,,,,,,,,,,,,,,,,,,,,,,,,,,,,,,,,,,,,,,,,,,,,,,,,,,,,,,,0.16794958459136997,116,86
2026-27,football,Minnesota Intercollegiate Athletic Conference (MIAC),miac,St. Olaf,"Furness,Mateo",Mateo,Furness,,615,"Furness,Mateo","FURNESS,MATEO",St. Olaf,STO,1117-5531,1,1,3,3D,0,0,LB,0,,,,,,,,0,1,0,1,1,1.0,.0,.0,1,0,1,0,0,0,0,0,0,0,0,0,0,0,0,0,,,,,,,,,,,,,,,,,,,,,,,,,,,,,,,,,,,,,,,,,,,,,,,,,,,,,,,,,,,,,,,,,,,,,,,,,,,,,,,,,,,,,,,,,,,,,,,,,0.16794958459136997,117,86
2026-27,football,Minnesota Intercollegiate Athletic Conference (MIAC),miac,Hamline,"Xiong,Devin",Devin,Xiong,,268,"Xiong,Devin","XIONG,DEVIN",Hamline,HAM,1109-5635,1,0,24,24,0,0,DB,0,,,,,,,,0,1,0,1,1,1.0,.0,.0,1,0,2,0,0,0,0,0,0,0,0,0,0,0,0,0,,,,,,,,,,,,,,,,,,,,,,,,,,,,,,,,,,,,,,,,,,,,,,,,,,,,,,,,,,,,,,,,,,,,,,,,,,,,,,,,,,,,,,,,,,,,,,,,,0.16794958459136997,118,85
2026-27,football,Minnesota Intercollegiate Athletic Conference (MIAC),miac,Hamline,"Falkowski,Tristan",Tristan,Falkowski,,268,"Falkowski,Tristan","FALKOWSKI,TRISTAN",Hamline,HAM,0,1,1,15,1E,0,WR,0,0,,,,,,,,,,,,,,,,,,,,,,,,,,,,,,,,,,,,,,,6,73,0,17,12.2,,,,,,,,,,,,,,,,,,,,,,,,,,,,,,,,,,,,,,,,,,,,,,,,,,,,,,,,,,,,,,,,,,,,,,,,0,0,0,0,0,0,0,0,.0,,,,,0.11798593017245235,119,85
2026-27,football,Minnesota Intercollegiate Athletic Conference (MIAC),miac,St. Olaf,"Kauck,Jackson",Jackson,Kauck,,615,"Kauck,Jackson","KAUCK,JACKSON",St. Olaf,STO,1117-5350,1,1,87,87,0,TE,0,0,,,,,,,,,,,,,,,,,,,,,,,,,,,,,,,,,,,,,,,3,41,0,26,13.7,,,,,,,,,,,,,,,,,,,,,,,,,,,,,,,,,,,,,,,,,,,,,,,,,,,,,,,,,,,,,,,,,,,,,,,,,,,,,,,,,,,,,0.10459566474763293,120,85
2026-27,football,Minnesota Intercollegiate Athletic Conference (MIAC),miac,Bethel,"Colyer,Nick",Nick,Colyer,,60,"Colyer,Nick","COLYER,NICK",Bethel,BET,1104-7760,1,1,6,6A,0,0,DB,0,,,,,,,,0,2,1,3,3,.5,.0,.0,0,1,1,0,0,0,0,0,0,0,0,0,0,0,0,0,,,,,,,,,,,,,,,,,,,,,,,,,,,,,,,,,,,,,,,,,,,,,,,,,,,,,,,,,,,,,,,,,,,,,,,,,,,,,,,,,,,,,,,,,,,,,,,,,0.06462832453247522,121,85
2026-27,football,Minnesota Intercollegiate Athletic Conference (MIAC),miac,Augsburg,"Horton,Jamir",Jamir,Horton,,38,"Horton,Jamir","HORTON,JAMIR",Augsburg,AU,1103-13225,1,1,33,33,0,0,DB,0,,,,,,,,0,1,2,3,3,.5,.0,.0,0,1,6,0,0,0,0,0,0,0,0,0,0,0,0,0,,,,,,,,,,,,,,,,,,,,,,,,,,,,,,,,,,,,,,,,,,,,,,,,,,,,,,,,,,,,,,,,,,,,,,,,,,,,,,,,,,,,,,,,,,,,,,,,,0.06462832453247522,122,85
2026-27,football,Minnesota Intercollegiate Athletic Conference (MIAC),miac,Concordia,"Jones,Ryan",Ryan,Jones,,161,"Jones,Ryan","JONES,RYAN",Concordia,CON,0,1,1,42,42,0,0,LB,0,,,,,,,,0,0,3,3,3,.5,.0,.0,0,1,0,0,0,0,0,0,0,0,0,0,0,0,0,0,,,,,,,,,,,,,,,,,,,,,,,,,,,,,,,,,,,,,,,,,,,,,,,,,,,,,,,,,,,,,,,,,,,,,,,,,,,,,,,,,,,,,,,,,,,,,,,,,0.06462832453247522,123,85
2026-27,football,Minnesota Intercollegiate Athletic Conference (MIAC),miac,Augsburg,"Toe,Kevin",Kevin,Toe,,38,"Toe,Kevin","TOE,KEVIN",Augsburg,AU,1103-13427,1,1,45,45,0,0,DL,0,,,,,,,,0,1,2,3,3,.5,.0,.0,0,1,6,0,0,0,0,0,0,1,0,0,0,0,0,0,,,,,,,,,,,,,,,,,,,,,,,,,,,,,,,,,,,,,,,,,,,,,,,,,,,,,,,,,,,,,,,,,,,,,,,,,,,,,,,,,,,,,,,,,,,,,,,,,0.06462832453247522,124,85
2026-27,football,Minnesota Intercollegiate Athletic Conference (MIAC),miac,Augsburg,"Aguilar,Cruz",Cruz,Aguilar,,38,"Aguilar,Cruz","AGUILAR,CRUZ",Augsburg,AU,1103-13381,1,0,72,72,0,OL,0,0,,,,,,,,,,,,,,,,,,,,,,,,,,,,,,,,,,,,,,,,,,,,,,,,,,,,,,,,,,,,,,,,,,,,,,,,,,,,,,,,,,,,,,,,,,,,,,,,,,,,,,,,,,,,,,,,,,,,,,,,,,,,,,,,0.0,125,85
2026-27,football,Minnesota Intercollegiate Athletic Conference (MIAC),miac,Saint John's,Aiden de Oliveira,Aiden de,Oliveira,,602,Aiden de Oliveira,"OLIVEIRA,A DE",Saint John's,SJU,1115-8708,1,0,70,70,0,0,0,0,,,,,,,,,,,,,,,,,,,,,,,,,,,,,,,,,,,,,,,,,,,,,,,,,,,,,,,,,,,,,,,,,,,,,,,,,,,,,,,,,,,,,,,,,,,,,,,,,,,,,,,,,,,,,,,,,,,,,,,,,,,,,,,,0.0,126,85
2026-27,football,Minnesota Intercollegiate Athletic Conference (MIAC),miac,Augsburg,"Alemu,Ahadu",Ahadu,Alemu,,38,"Alemu,Ahadu","ALEMU,AHADU",Augsburg,AU,1103-13029,1,1,74,74,0,OL,0,0,,,,,,,,,,,,,,,,,,,,,,,,,,,,,,,,,,,,,,,,,,,,,,,,,,,,,,,,,,,,,,,,,,,,,,,,,,,,,,,,,,,,,,,,,,,,,,,,,,,,,,,,,,,,,,,,,,,,,,,,,,,,,,,,0.0,127,85
2026-27,football,Minnesota Intercollegiate Athletic Conference (MIAC),miac,Saint John's,Andrew Flaten,Andrew,Flaten,,602,Andrew Flaten,"FLATEN,ANDREW",Saint John's,SJU,1115-8498,1,0,2F,2F,0,0,0,0,,,,,,,,,,,,,,,,,,,,,,,,,,,,,,,,,,,,,,,,,,,,,,,,,,,,,,,,,,,,,,,,,,,,,,,,,,,,,,,,,,,,,,,,,,,,,,,,,,,,,,,,,,,,,,,,,,,,,,,,,,,,,,,,0.0,128,85
2026-27,football,Minnesota Intercollegiate Athletic Conference (MIAC),miac,Hamline,"Arca,Jace",Jace,Arca,,268,"Arca,Jace","ARCA,JACE",Hamline,HAM,0,0,0,35,35,0,RB,0,0,,,,,,,,,,,,,,,,,,,,,,,,,,,,,,,,,,,,,,,,,,,,,,,,,,,,,,,,,,,,,,,,,,,,,,,,,,,,,,,,,,,,,,,,,,,,,,,,,,,,,,,,,,,,,,,,,,,,,,,,,,,,,,,,0.0,129,84
2026-27,football,Minnesota Intercollegiate Athletic Conference (MIAC),miac,Bethel,"Ash,Jaegar",Jaegar,Ash,,60,"Ash,Jaegar","ASH,JAEGAR",Bethel,BET,1104-7616,1,1,73,73,0,OL,0,0,,,,,,,,,,,,,,,,,,,,,,,,,,,,,,,,,,,,,,,,,,,,,,,,,,,,,,,,,,,,,,,,,,,,,,,,,,,,,,,,,,,,,,,,,,,,,,,,,,,,,,,,,,,,,,,,,,,,,,,,,,,,,,,,0.0,130,84
2026-27,football,Minnesota Intercollegiate Athletic Conference (MIAC),miac,Bethel,"Auld,Josh",Josh,Auld,,60,"Auld,Josh","AULD,JOSH",Bethel,BET,1104-7977,1,1,62,62,0,OL,0,0,,,,,,,,,,,,,,,,,,,,,,,,,,,,,,,,,,,,,,,,,,,,,,,,,,,,,,,,,,,,,,,,,,,,,,,,,,,,,,,,,,,,,,,,,,,,,,,,,,,,,,,,,,,,,,,,,,,,,,,,,,,,,,,,0.0,131,84
2026-27,football,Minnesota Intercollegiate Athletic Conference (MIAC),miac,Hamline,"Aune,Erik",Erik,Aune,,268,"Aune,Erik","AUNE,ERIK",Hamline,HAM,0,0,0,8,8,0,0,DB,0,,,,,,,,,,,,,,,,,,,,,,,,,,,,,,,,,,,,,,,,,,,,,,,,,,,,,,,,,,,,,,,,,,,,,,,,,,,,,,,,,,,,,,,,,,,,,,,,,,,,,,,,,,,,,,,,,,,,,,,,,,,,,,,,0.0,132,84
2026-27,football,Minnesota Intercollegiate Athletic Conference (MIAC),miac,Augsburg,"Bamidele,Adam",Adam,Bamidele,,38,"Bamidele,Adam","BAMIDELE,ADAM",Augsburg,AU,1103-13574,1,0,90,90,0,0,DL,0,,,,,,,,,,,,,,,,,,,,,,,,,,,,,,,,,,,,,,,,,,,,,,,,,,,,,,,,,,,,,,,,,,,,,,,,,,,,,,,,,,,,,,,,,,,,,,,,,,,,,,,,,,,,,,,,,,,,,,,,,,,,,,,,0.0,133,84
2026-27,football,Minnesota Intercollegiate Athletic Conference (MIAC),miac,Carleton,"Barrera,Antonio",Antonio,Barrera,,118,"Barrera,Antonio","BARRERA,ANTONIO",Carleton,CAR,1105-1016,1,1,33,33,0,0,LB,0,,,,,,,,,,,,,,,,,,,,,,,,,,,,,,,,,,,,,,,,,,,,,,,,,,,,,,,,,,,,,,,,,,,,,,,,,,,,,,,,,,,,,,,,,,,,,,,,,,,,,,,,,,,,,,,,,,,,,,,,,,,,,,,,0.0,134,84
2026-27,football,Minnesota Intercollegiate Athletic Conference (MIAC),miac,Carleton,"Bartling,Brad",Brad,Bartling,,118,"Bartling,Brad","BARTLING,BRAD",Carleton,CAR,1105-1017,1,1,53,53,0,OL,0,0,,,,,,,,,,,,,,,,,,,,,,,,,,,,,,,,,,,,,,,,,,,,,,,,,,,,,,,,,,,,,,,,,,,,,,,,,,,,,,,,,,,,,,,,,,,,,,,,,,,,,,,,,,,,,,,,,,,,,,,,,,,,,,,,0.0,135,84
2026-27,football,Minnesota Intercollegiate Athletic Conference (MIAC),miac,Gustavus,"Bartnes,Andrew",Andrew,Bartnes,,266,"Bartnes,Andrew","BARTNES,ANDREW",Gustavus,GAC,1108-9544,1,0,1,1X,0,0,DB,0,,,,,,,,,,,,,,,,,,,,,,,,,,,,,,,,,,,,,,,,,,,,,,,,,,,,,,,,,,,,,,,,,,,,,,,,,,,,,,,,,,,,,,,,,,,,,,,,,,,,,,,,,,,,,,,,,,,,,,,,,,,,,,,,0.0,136,84
2026-27,football,Minnesota Intercollegiate Athletic Conference (MIAC),miac,Augsburg,"Batz-Rogers,Ade",Ade,Batz-Rogers,,38,"Batz-Rogers,Ade","BATZ-ROGERS,ADE",Augsburg,AU,1103-13032,1,0,9,9,0,0,DB,0,,,,,,,,,,,,,,,,,,,,,,,,,,,,,,,,,,,,,,,,,,,,,,,,,,,,,,,,,,,,,,,,,,,,,,,,,,,,,,,,,,,,,,,,,,,,,,,,,,,,,,,,,,,,,,,,,,,,,,,,,,,,,,,,0.0,137,84
2026-27,football,Minnesota Intercollegiate Athletic Conference (MIAC),miac,Concordia,"Baumgartner,Max",Max,Baumgartner,,161,"Baumgartner,Max","BAUMGARTNER,MAX",Concordia,CON,0,1,1,75,75,0,OL,0,0,,,,,,,,,,,,,,,,,,,,,,,,,,,,,,,,,,,,,,,,,,,,,,,,,,,,,,,,,,,,,,,,,,,,,,,,,,,,,,,,,,,,,,,,,,,,,,,,,,,,,,,,,,,,,,,,,,,,,,,,,,,,,,,,0.0,138,84
2026-27,football,Minnesota Intercollegiate Athletic Conference (MIAC),miac,St. Olaf,"Bearth,Noah",Noah,Bearth,,615,"Bearth,Noah","BEARTH,NOAH",St. Olaf,STO,1117-5340,1,1,62,62,0,OG,0,0,,,,,,,,,,,,,,,,,,,,,,,,,,,,,,,,,,,,,,,,,,,,,,,,,,,,,,,,,,,,,,,,,,,,,,,,,,,,,,,,,,,,,,,,,,,,,,,,,,,,,,,,,,,,,,,,,,,,,,,,,,,,,,,,0.0,139,84
2026-27,football,Minnesota Intercollegiate Athletic Conference (MIAC),miac,Carleton,"Becker,Kaden",Kaden,Becker,,118,"Becker,Kaden","BECKER,KADEN",Carleton,CAR,1105-1018,1,0,12,12,0,QB,0,0,,,,,,,,,,,,,,,,,,,,,,,,,,,,,,,,,,,,,,,,,,,,,,,,,,,,,,,,,,,,,,,,,,,,,,,,,,,,,,,,,,,,,,,,,,,,,,,,,,,,,,,,,,,,,,,,,,,,,,,,,,,,,,,,0.0,140,84
2026-27,football,Minnesota Intercollegiate Athletic Conference (MIAC),miac,Hamline,"Belete,Kidus",Kidus,Belete,,268,"Belete,Kidus","BELETE,KIDUS",Hamline,HAM,1109-4677,1,0,12,12,0,QB,0,0,,,,,,,,,,,,,,,,,,,,,,,,,,,,,,,,,,,,,,,,,,,,,,,,,,,,,,,,,,,,,,,,,,,,,,,,,,,,,,,,,,,,,,,,,,,,,,,,,,,,,,,,,,,,,,,,,,,,,,,,,,,,,,,,0.0,141,83
2026-27,football,Minnesota Intercollegiate Athletic Conference (MIAC),miac,Hamline,"Berger,Preston",Preston,Berger,,268,"Berger,Preston","BERGER,PRESTON",Hamline,HAM,0,0,0,22,22,0,0,DB,0,,,,,,,,,,,,,,,,,,,,,,,,,,,,,,,,,,,,,,,,,,,,,,,,,,,,,,,,,,,,,,,,,,,,,,,,,,,,,,,,,,,,,,,,,,,,,,,,,,,,,,,,,,,,,,,,,,,,,,,,,,,,,,,,0.0,142,83
2026-27,football,Minnesota Intercollegiate Athletic Conference (MIAC),miac,Hamline,"Bertaud,Juan",Juan,Bertaud,,268,"Bertaud,Juan","BERTAUD,JUAN",Hamline,HAM,0,0,0,24,24,0,0,DB,0,,,,,,,,,,,,,,,,,,,,,,,,,,,,,,,,,,,,,,,,,,,,,,,,,,,,,,,,,,,,,,,,,,,,,,,,,,,,,,,,,,,,,,,,,,,,,,,,,,,,,,,,,,,,,,,,,,,,,,,,,,,,,,,,0.0,143,83
2026-27,football,Minnesota Intercollegiate Athletic Conference (MIAC),miac,Augsburg,"Biglow,James",James,Biglow,,38,"Biglow,James","BIGLOW,JAMES",Augsburg,AU,1103-13575,1,0,86,86,0,0,DB,0,,,,,,,,,,,,,,,,,,,,,,,,,,,,,,,,,,,,,,,,,,,,,,,,,,,,,,,,,,,,,,,,,,,,,,,,,,,,,,,,,,,,,,,,,,,,,,,,,,,,,,,,,,,,,,,,,,,,,,,,,,,,,,,,0.0,144,83
2026-27,football,Minnesota Intercollegiate Athletic Conference (MIAC),miac,Augsburg,"Bohanon,Kaveon",Kaveon,Bohanon,,38,"Bohanon,Kaveon","BOHANON,KAVEON",Augsburg,AU,1103-13384,1,1,98,98,0,0,DL,0,,,,,,,,,,,,,,,,,,,,,,,,,,,,,,,,,,,,,,,,,,,,,,,,,,,,,,,,,,,,,,,,,,,,,,,,,,,,,,,,,,,,,,,,,,,,,,,,,,,,,,,,,,,,,,,,,,,,,,,,,,,,,,,,0.0,145,83
2026-27,football,Minnesota Intercollegiate Athletic Conference (MIAC),miac,Hamline,"Breaux,Noah",Noah,Breaux,,268,"Breaux,Noah","BREAUX,NOAH",Hamline,HAM,0,0,0,31,31,0,0,DB,0,,,,,,,,,,,,,,,,,,,,,,,,,,,,,,,,,,,,,,,,,,,,,,,,,,,,,,,,,,,,,,,,,,,,,,,,,,,,,,,,,,,,,,,,,,,,,,,,,,,,,,,,,,,,,,,,,,,,,,,,,,,,,,,,0.0,146,83
2026-27,football,Minnesota Intercollegiate Athletic Conference (MIAC),miac,Carleton,"Breazeale,Jake",Jake,Breazeale,,118,"Breazeale,Jake","BREAZEALE,JAKE",Carleton,CAR,1105-1145,1,1,61,61,0,OL,0,0,,,,,,,,,,,,,,,,,,,,,,,,,,,,,,,,,,,,,,,,,,,,,,,,,,,,,,,,,,,,,,,,,,,,,,,,,,,,,,,,,,,,,,,,,,,,,,,,,,,,,,,,,,,,,,,,,,,,,,,,,,,,,,,,0.0,147,83
2026-27,football,Minnesota Intercollegiate Athletic Conference (MIAC),miac,Hamline,"Broveleit,Charlie",Charlie,Broveleit,,268,"Broveleit,Charlie","BROVELEIT,CHARLIE",Hamline,HAM,0,0,0,63,63,0,OL,0,0,,,,,,,,,,,,,,,,,,,,,,,,,,,,,,,,,,,,,,,,,,,,,,,,,,,,,,,,,,,,,,,,,,,,,,,,,,,,,,,,,,,,,,,,,,,,,,,,,,,,,,,,,,,,,,,,,,,,,,,,,,,,,,,,0.0,148,83
2026-27,football,Minnesota Intercollegiate Athletic Conference (MIAC),miac,St. Olaf,"Brumbaugh,Sam",Sam,Brumbaugh,,615,"Brumbaugh,Sam","BRUMBAUGH,SAM",St. Olaf,STO,1117-5351,1,1,73,73,0,OL,0,0,,,,,,,,,,,,,,,,,,,,,,,,,,,,,,,,,,,,,,,,,,,,,,,,,,,,,,,,,,,,,,,,,,,,,,,,,,,,,,,,,,,,,,,,,,,,,,,,,,,,,,,,,,,,,,,,,,,,,,,,,,,,,,,,0.0,149,83
2026-27,football,Minnesota Intercollegiate Athletic Conference (MIAC),miac,Bethel,"Buntin,Daniel",Daniel,Buntin,,60,"Buntin,Daniel","BUNTIN,DANIEL",Bethel,BET,1104-8191,1,0,34,34,0,0,DB,0,,,,,,,,,,,,,,,,,,,,,,,,,,,,,,,,,,,,,,,,,,,,,,,,,,,,,,,,,,,,,,,,,,,,,,,,,,,,,,,,,,,,,,,,,,,,,,,,,,,,,,,,,,,,,,,,,,,,,,,,,,,,,,,,0.0,150,83
2026-27,football,Minnesota Intercollegiate Athletic Conference (MIAC),miac,Carleton,"Byford,Henry",Henry,Byford,,118,"Byford,Henry","BYFORD,HENRY",Carleton,CAR,1105-1147,1,1,50,50,0,OL,0,0,,,,,,,,,,,,,,,,,,,,,,,,,,,,,,,,,,,,,,,,,,,,,,,,,,,,,,,,,,,,,,,,,,,,,,,,,,,,,,,,,,,,,,,,,,,,,,,,,,,,,,,,,,,,,,,,,,,,,,,,,,,,,,,,0.0,151,83
2026-27,football,Minnesota Intercollegiate Athletic Conference (MIAC),miac,Bethel,"Cantu,Tristen",Tristen,Cantu,,60,"Cantu,Tristen","CANTU,TRISTEN",Bethel,BET,1104-7621,1,1,77,77,0,OL,0,0,,,,,,,,,,,,,,,,,,,,,,,,,,,,,,,,,,,,,,,,,,,,,,,,,,,,,,,,,,,,,,,,,,,,,,,,,,,,,,,,,,,,,,,,,,,,,,,,,,,,,,,,,,,,,,,,,,,,,,,,,,,,,,,,0.0,152,82
2026-27,football,Minnesota Intercollegiate Athletic Conference (MIAC),miac,Macalester,"Casillas,Sam",Sam,Casillas,,376,"Casillas,Sam","CASILLAS,SAM",Macalester,MAC,0,0,0,76,76,0,OL,0,0,,,,,,,,,,,,,,,,,,,,,,,,,,,,,,,,,,,,,,,,,,,,,,,,,,,,,,,,,,,,,,,,,,,,,,,,,,,,,,,,,,,,,,,,,,,,,,,,,,,,,,,,,,,,,,,,,,,,,,,,,,,,,,,,0.0,153,82
2026-27,football,Minnesota Intercollegiate Athletic Conference (MIAC),miac,Macalester,"Clifford,Max",Max,Clifford,,376,"Clifford,Max","CLIFFORD,MAX",Macalester,MAC,0,0,0,72,72,0,OL,0,0,,,,,,,,,,,,,,,,,,,,,,,,,,,,,,,,,,,,,,,,,,,,,,,,,,,,,,,,,,,,,,,,,,,,,,,,,,,,,,,,,,,,,,,,,,,,,,,,,,,,,,,,,,,,,,,,,,,,,,,,,,,,,,,,0.0,154,82
2026-27,football,Minnesota Intercollegiate Athletic Conference (MIAC),miac,St. Scholastica,"Collins,Zechariah",Zechariah,Collins,,618,"Collins,Zechariah","COLLINS,ZECHARIAH",St. Scholastica,CSS,1402-7664,1,0,18,1D,0,0,DB,0,,,,,,,,,,,,,,,,,,,,,,,,,,,,,,,,,,,,,,,,,,,,,,,,,,,,,,,,,,,,,,,,,,,,,,,,,,,,,,,,,,,,,,,,,,,,,,,,,,,,,,,,,,,,,,,,,,,,,,,,,,,,,,,,0.0,155,82
2026-27,football,Minnesota Intercollegiate Athletic Conference (MIAC),miac,Hamline,"Converse,Andrew",Andrew,Converse,,268,"Converse,Andrew","CONVERSE,ANDREW",Hamline,HAM,0,1,1,68,68,0,OL,0,0,,,,,,,,,,,,,,,,,,,,,,,,,,,,,,,,,,,,,,,,,,,,,,,,,,,,,,,,,,,,,,,,,,,,,,,,,,,,,,,,,,,,,,,,,,,,,,,,,,,,,,,,,,,,,,,,,,,,,,,,,,,,,,,,0.0,156,82
2026-27,football,Minnesota Intercollegiate Athletic Conference (MIAC),miac,Gustavus,"Curry,Quinn",Quinn,Curry,,266,"Curry,Quinn","CURRY,QUINN",Gustavus,GAC,1108-10007,1,0,15,15,0,QB,0,0,,,,,,,,,,,,,,,,,,,,,,,,,,,,,,,,,,,,,,,,,,,,,,,,,,,,,,,,,,,,,,,,,,,,,,,,,,,,,,,,,,,,,,,,,,,,,,,,,,,,,,,,,,,,,,,,,,,,,,,,,,,,,,,,0.0,157,82
2026-27,football,Minnesota Intercollegiate Athletic Conference (MIAC),miac,Macalester,"DeLoach,Justus",Justus,DeLoach,,376,"DeLoach,Justus","DELOACH,JUSTUS",Macalester,MAC,0,0,0,73,73,0,OL,0,0,,,,,,,,,,,,,,,,,,,,,,,,,,,,,,,,,,,,,,,,,,,,,,,,,,,,,,,,,,,,,,,,,,,,,,,,,,,,,,,,,,,,,,,,,,,,,,,,,,,,,,,,,,,,,,,,,,,,,,,,,,,,,,,,0.0,158,82
2026-27,football,Minnesota Intercollegiate Athletic Conference (MIAC),miac,Bethel,"Dillet,Diego",Diego,Dillet,,60,"Dillet,Diego","DILLET,DIEGO",Bethel,BET,1104-7761,1,1,74,74,0,OL,0,0,,,,,,,,,,,,,,,,,,,,,,,,,,,,,,,,,,,,,,,,,,,,,,,,,,,,,,,,,,,,,,,,,,,,,,,,,,,,,,,,,,,,,,,,,,,,,,,,,,,,,,,,,,,,,,,,,,,,,,,,,,,,,,,,0.0,159,82
2026-27,football,Minnesota Intercollegiate Athletic Conference (MIAC),miac,Concordia,"Dioszeghy,Sam",Sam,Dioszeghy,,161,"Dioszeghy,Sam","DIOSZEGHY,SAM",Concordia,CON,0,1,1,74,74,0,OL,0,0,,,,,,,,,,,,,,,,,,,,,,,,,,,,,,,,,,,,,,,,,,,,,,,,,,,,,,,,,,,,,,,,,,,,,,,,,,,,,,,,,,,,,,,,,,,,,,,,,,,,,,,,,,,,,,,,,,,,,,,,,,,,,,,,0.0,160,82
2026-27,football,Minnesota Intercollegiate Athletic Conference (MIAC),miac,Augsburg,"Dunn-Tornatore,Dominic",Dominic,Dunn-Tornatore,,38,"Dunn-Tornatore,Dominic","DUNN-TORNATORE,DOMINIC",Augsburg,AU,1103-13394,1,0,80,80,0,WR,0,0,,,,,,,,,,,,,,,,,,,,,,,,,,,,,,,,,,,,,,,,,,,,,,,,,,,,,,,,,,,,,,,,,,,,,,,,,,,,,,,,,,,,,,,,,,,,,,,,,,,,,,,,,,,,,,,,,,,,,,,,,,,,,,,,0.0,161,82
2026-27,football,Minnesota Intercollegiate Athletic Conference (MIAC),miac,St. Scholastica,"Dush,Leo",Leo,Dush,,618,"Dush,Leo","DUSH,LEO",St. Scholastica,CSS,1402-7287,1,1,64,64,0,OL,0,0,,,,,,,,,,,,,,,,,,,,,,,,,,,,,,,,,,,,,,,,,,,,,,,,,,,,,,,,,,,,,,,,,,,,,,,,,,,,,,,,,,,,,,,,,,,,,,,,,,,,,,,,,,,,,,,,,,,,,,,,,,,,,,,,0.0,162,82
2026-27,football,Minnesota Intercollegiate Athletic Conference (MIAC),miac,Gustavus,"Ellis Altoro,Sebastian",Sebastian,Ellis Altoro,,266,"Ellis Altoro,Sebastian","ELLIS ALTORO,SEBASTIAN",Gustavus,GAC,1108-10009,1,0,92,92,0,0,0,0,,,,,,,,,,,,,,,,,,,,,,,,,,,,,,,,,,,,,,,,,,,,,,,,,,,,,,,,,,,,,,,,,,,,,,,,,,,,,,,,,,,,,,,,,,,,,,,,,,,,,,,,,,,,,,,,,,,,,,,,,,,,,,,,0.0,163,81
2026-27,football,Minnesota Intercollegiate Athletic Conference (MIAC),miac,Hamline,"Ewing,Jacob",Jacob,Ewing,,268,"Ewing,Jacob","EWING,JACOB",Hamline,HAM,0,1,1,66,66,0,OL,0,0,,,,,,,,,,,,,,,,,,,,,,,,,,,,,,,,,,,,,,,,,,,,,,,,,,,,,,,,,,,,,,,,,,,,,,,,,,,,,,,,,,,,,,,,,,,,,,,,,,,,,,,,,,,,,,,,,,,,,,,,,,,,,,,,0.0,164,81
2026-27,football,Minnesota Intercollegiate Athletic Conference (MIAC),miac,Bethel,"Fadden,Jace",Jace,Fadden,,60,"Fadden,Jace","FADDEN,JACE",Bethel,BET,1104-7991,1,0,46,46,0,0,LB,0,,,,,,,,,,,,,,,,,,,,,,,,,,,,,,,,,,,,,,,,,,,,,,,,,,,,,,,,,,,,,,,,,,,,,,,,,,,,,,,,,,,,,,,,,,,,,,,,,,,,,,,,,,,,,,,,,,,,,,,,,,,,,,,,0.0,165,81
2026-27,football,Minnesota Intercollegiate Athletic Conference (MIAC),miac,Macalester,"Falls,Joey",Joey,Falls,,376,"Falls,Joey","FALLS,JOEY",Macalester,MAC,0,1,1,62,62,0,OL,0,0,,,,,,,,,,,,,,,,,,,,,,,,,,,,,,,,,,,,,,,,,,,,,,,,,,,,,,,,,,,,,,,,,,,,,,,,,,,,,,,,,,,,,,,,,,,,,,,,,,,,,,,,,,,,,,,,,,,,,,,,,,,,,,,,0.0,166,81
2026-27,football,Minnesota Intercollegiate Athletic Conference (MIAC),miac,Gustavus,"Fitcher,Blake",Blake,Fitcher,,266,"Fitcher,Blake","FITCHER,BLAKE",Gustavus,GAC,1108-9548,1,0,15,10,0,0,LB,0,,,,,,,,,,,,,,,,,,,,,,,,,,,,,,,,,,,,,,,,,,,,,,,,,,,,,,,,,,,,,,,,,,,,,,,,,,,,,,,,,,,,,,,,,,,,,,,,,,,,,,,,,,,,,,,,,,,,,,,,,,,,,,,,0.0,167,81
2026-27,football,Minnesota Intercollegiate Athletic Conference (MIAC),miac,Hamline,"Flores,Sam",Sam,Flores,,268,"Flores,Sam","FLORES,SAM",Hamline,HAM,0,0,0,62,62,0,OL,0,0,,,,,,,,,,,,,,,,,,,,,,,,,,,,,,,,,,,,,,,,,,,,,,,,,,,,,,,,,,,,,,,,,,,,,,,,,,,,,,,,,,,,,,,,,,,,,,,,,,,,,,,,,,,,,,,,,,,,,,,,,,,,,,,,0.0,168,81
2026-27,football,Minnesota Intercollegiate Athletic Conference (MIAC),miac,Augsburg,"Fowler,Alfredo",Alfredo,Fowler,,38,"Fowler,Alfredo","FOWLER,ALFREDO",Augsburg,AU,1103-13586,1,0,66,66,0,OL,0,0,,,,,,,,,,,,,,,,,,,,,,,,,,,,,,,,,,,,,,,,,,,,,,,,,,,,,,,,,,,,,,,,,,,,,,,,,,,,,,,,,,,,,,,,,,,,,,,,,,,,,,,,,,,,,,,,,,,,,,,,,,,,,,,,0.0,169,81
2026-27,football,Minnesota Intercollegiate Athletic Conference (MIAC),miac,Hamline,"Fox,Andrew",Andrew,Fox,,268,"Fox,Andrew","FOX,ANDREW",Hamline,HAM,0,1,1,77,77,0,OL,0,0,,,,,,,,,,,,,,,,,,,,,,,,,,,,,,,,,,,,,,,,,,,,,,,,,,,,,,,,,,,,,,,,,,,,,,,,,,,,,,,,,,,,,,,,,,,,,,,,,,,,,,,,,,,,,,,,,,,,,,,,,,,,,,,,0.0,170,81
2026-27,football,Minnesota Intercollegiate Athletic Conference (MIAC),miac,Gustavus,"Frey,Tyler",Tyler,Frey,,266,"Frey,Tyler","FREY,TYLER",Gustavus,GAC,1108-9200,1,1,65,65,0,OL,0,0,,,,,,,,,,,,,,,,,,,,,,,,,,,,,,,,,,,,,,,,,,,,,,,,,,,,,,,,,,,,,,,,,,,,,,,,,,,,,,,,,,,,,,,,,,,,,,,,,,,,,,,,,,,,,,,,,,,,,,,,,,,,,,,,0.0,171,81
2026-27,football,Minnesota Intercollegiate Athletic Conference (MIAC),miac,Saint John's,Geno Bieter,Geno,Bieter,,602,Geno Bieter,"BIETER,GENO",Saint John's,SJU,1115-8699,1,0,67,67,0,0,0,0,,,,,,,,,,,,,,,,,,,,,,,,,,,,,,,,,,,,,,,,,,,,,,,,,,,,,,,,,,,,,,,,,,,,,,,,,,,,,,,,,,,,,,,,,,,,,,,,,,,,,,,,,,,,,,,,,,,,,,,,,,,,,,,,0.0,172,81
2026-27,football,Minnesota Intercollegiate Athletic Conference (MIAC),miac,Gustavus,"Gilman,Charlie",Charlie,Gilman,,266,"Gilman,Charlie","GILMAN,CHARLIE",Gustavus,GAC,1108-9550,1,0,51,5A,0,OL,0,0,,,,,,,,,,,,,,,,,,,,,,,,,,,,,,,,,,,,,,,,,,,,,,,,,,,,,,,,,,,,,,,,,,,,,,,,,,,,,,,,,,,,,,,,,,,,,,,,,,,,,,,,,,,,,,,,,,,,,,,,,,,,,,,,0.0,173,81
2026-27,football,Minnesota Intercollegiate Athletic Conference (MIAC),miac,Augsburg,"Gilmore,Griffin",Griffin,Gilmore,,38,"Gilmore,Griffin","GILMORE,GRIFFIN",Augsburg,AU,1103-13588,1,0,40,40,0,0,0,0,,,,,,,,,,,,,,,,,,,,,,,,,,,,,,,,,,,,,,,,,,,,,,,,,,,,,,,,,,,,,,,,,,,,,,,,,,,,,,,,,,,,,,,,,,,,,,,,,,,,,,,,,,,,,,,,,,,,,,,,,,,,,,,,0.0,174,80
2026-27,football,Minnesota Intercollegiate Athletic Conference (MIAC),miac,Gustavus,"Glover,Makale",Makale,Glover,,266,"Glover,Makale","GLOVER,MAKALE",Gustavus,GAC,1108-9551,1,0,73,73,0,OL,0,0,,,,,,,,,,,,,,,,,,,,,,,,,,,,,,,,,,,,,,,,,,,,,,,,,,,,,,,,,,,,,,,,,,,,,,,,,,,,,,,,,,,,,,,,,,,,,,,,,,,,,,,,,,,,,,,,,,,,,,,,,,,,,,,,0.0,175,80
2026-27,football,Minnesota Intercollegiate Athletic Conference (MIAC),miac,Macalester,"Goldsmith,Bram",Bram,Goldsmith,,376,"Goldsmith,Bram","GOLDSMITH,BRAM",Macalester,MAC,0,1,1,70,70,0,OL,0,0,,,,,,,,,,,,,,,,,,,,,,,,,,,,,,,,,,,,,,,,,,,,,,,,,,,,,,,,,,,,,,,,,,,,,,,,,,,,,,,,,,,,,,,,,,,,,,,,,,,,,,,,,,,,,,,,,,,,,,,,,,,,,,,,0.0,176,80
2026-27,football,Minnesota Intercollegiate Athletic Conference (MIAC),miac,Gustavus,"Gonzalez,Ayden",Ayden,Gonzalez,,266,"Gonzalez,Ayden","GONZALEZ,AYDEN",Gustavus,GAC,1108-9552,1,0,11,1A,0,TE,0,0,,,,,,,,,,,,,,,,,,,,,,,,,,,,,,,,,,,,,,,,,,,,,,,,,,,,,,,,,,,,,,,,,,,,,,,,,,,,,,,,,,,,,,,,,,,,,,,,,,,,,,,,,,,,,,,,,,,,,,,,,,,,,,,,0.0,177,80
2026-27,football,Minnesota Intercollegiate Athletic Conference (MIAC),miac,Augsburg,"Griess,MacIntyre",MacIntyre,Griess,,38,"Griess,MacIntyre","GRIESS,MACINTYRE",Augsburg,AU,1103-13398,1,0,29,29,0,0,DB,0,,,,,,,,,,,,,,,,,,,,,,,,,,,,,,,,,,,,,,,,,,,,,,,,,,,,,,,,,,,,,,,,,,,,,,,,,,,,,,,,,,,,,,,,,,,,,,,,,,,,,,,,,,,,,,,,,,,,,,,,,,,,,,,,0.0,178,80
2026-27,football,Minnesota Intercollegiate Athletic Conference (MIAC),miac,Gustavus,"Grosslein,Lowell",Lowell,Grosslein,,266,"Grosslein,Lowell","GROSSLEIN,LOWELL",Gustavus,GAC,1108-9184,1,0,58,58,0,OL,0,0,,,,,,,,,,,,,,,,,,,,,,,,,,,,,,,,,,,,,,,,,,,,,,,,,,,,,,,,,,,,,,,,,,,,,,,,,,,,,,,,,,,,,,,,,,,,,,,,,,,,,,,,,,,,,,,,,,,,,,,,,,,,,,,,0.0,179,80
2026-27,football,Minnesota Intercollegiate Athletic Conference (MIAC),miac,Gustavus,"Hagen,Luke",Luke,Hagen,,266,"Hagen,Luke","HAGEN,LUKE",Gustavus,GAC,1108-8595,1,1,74,74,0,OL,0,0,,,,,,,,,,,,,,,,,,,,,,,,,,,,,,,,,,,,,,,,,,,,,,,,,,,,,,,,,,,,,,,,,,,,,,,,,,,,,,,,,,,,,,,,,,,,,,,,,,,,,,,,,,,,,,,,,,,,,,,,,,,,,,,,0.0,180,80
2026-27,football,Minnesota Intercollegiate Athletic Conference (MIAC),miac,St. Scholastica,"Hannah,Camron",Camron,Hannah,,618,"Hannah,Camron","HANNAH,CAMRON",St. Scholastica,CSS,1402-7601,1,1,58,58,0,OL,0,0,,,,,,,,,,,,,,,,,,,,,,,,,,,,,,,,,,,,,,,,,,,,,,,,,,,,,,,,,,,,,,,,,,,,,,,,,,,,,,,,,,,,,,,,,,,,,,,,,,,,,,,,,,,,,,,,,,,,,,,,,,,,,,,,0.0,181,80
2026-27,football,Minnesota Intercollegiate Athletic Conference (MIAC),miac,Hamline,"Harless,Donovan",Donovan,Harless,,268,"Harless,Donovan","HARLESS,DONOVAN",Hamline,HAM,0,0,0,74,74,0,OL,0,0,,,,,,,,,,,,,,,,,,,,,,,,,,,,,,,,,,,,,,,,,,,,,,,,,,,,,,,,,,,,,,,,,,,,,,,,,,,,,,,,,,,,,,,,,,,,,,,,,,,,,,,,,,,,,,,,,,,,,,,,,,,,,,,,0.0,182,80
2026-27,football,Minnesota Intercollegiate Athletic Conference (MIAC),miac,Augsburg,"Harper,Jaelen",Jaelen,Harper,,38,"Harper,Jaelen","HARPER,JAELEN",Augsburg,AU,1103-13399,1,0,84,84,0,TE,0,0,,,,,,,,,,,,,,,,,,,,,,,,,,,,,,,,,,,,,,,,,,,,,,,,,,,,,,,,,,,,,,,,,,,,,,,,,,,,,,,,,,,,,,,,,,,,,,,,,,,,,,,,,,,,,,,,,,,,,,,,,,,,,,,,0.0,183,80
2026-27,football,Minnesota Intercollegiate Athletic Conference (MIAC),miac,Augsburg,"Herrera,Alejandro",Alejandro,Herrera,,38,"Herrera,Alejandro","HERRERA,ALEJANDRO",Augsburg,AU,1103-13051,1,1,70,70,0,OL,0,0,,,,,,,,,,,,,,,,,,,,,,,,,,,,,,,,,,,,,,,,,,,,,,,,,,,,,,,,,,,,,,,,,,,,,,,,,,,,,,,,,,,,,,,,,,,,,,,,,,,,,,,,,,,,,,,,,,,,,,,,,,,,,,,,0.0,184,80
2026-27,football,Minnesota Intercollegiate Athletic Conference (MIAC),miac,Bethel,"Hesse,Sawyer",Sawyer,Hesse,,60,"Hesse,Sawyer","HESSE,SAWYER",Bethel,BET,1104-8204,1,0,26,26,0,RB,0,0,,,,,,,,,,,,,,,,,,,,,,,,,,,,,,,,,,,,,,,,,,,,,,,,,,,,,,,,,,,,,,,,,,,,,,,,,,,,,,,,,,,,,,,,,,,,,,,,,,,,,,,,,,,,,,,,,,,,,,,,,,,,,,,,0.0,185,79
2026-27,football,Minnesota Intercollegiate Athletic Conference (MIAC),miac,Concordia,"Hiebert,Peter",Peter,Hiebert,,161,"Hiebert,Peter","HIEBERT,PETER",Concordia,CON,0,1,1,56,56,0,OL,0,0,,,,,,,,,,,,,,,,,,,,,,,,,,,,,,,,,,,,,,,,,,,,,,,,,,,,,,,,,,,,,,,,,,,,,,,,,,,,,,,,,,,,,,,,,,,,,,,,,,,,,,,,,,,,,,,,,,,,,,,,,,,,,,,,0.0,186,79
2026-27,football,Minnesota Intercollegiate Athletic Conference (MIAC),miac,Augsburg,"Hill-Smith,Jamir",Jamir,Hill-Smith,,38,"Hill-Smith,Jamir","HILL-SMITH,JAMIR",Augsburg,AU,1103-13592,1,1,55,55,0,OL,0,0,,,,,,,,,,,,,,,,,,,,,,,,,,,,,,,,,,,,,,,,,,,,,,,,,,,,,,,,,,,,,,,,,,,,,,,,,,,,,,,,,,,,,,,,,,,,,,,,,,,,,,,,,,,,,,,,,,,,,,,,,,,,,,,,0.0,187,79
2026-27,football,Minnesota Intercollegiate Athletic Conference (MIAC),miac,Saint John's,Hunter Nething,Hunter,Nething,,602,Hunter Nething,"NETHING,HUNTER",Saint John's,SJU,1115-8523,1,0,64,64,0,0,0,0,,,,,,,,,,,,,,,,,,,,,,,,,,,,,,,,,,,,,,,,,,,,,,,,,,,,,,,,,,,,,,,,,,,,,,,,,,,,,,,,,,,,,,,,,,,,,,,,,,,,,,,,,,,,,,,,,,,,,,,,,,,,,,,,0.0,188,79
2026-27,football,Minnesota Intercollegiate Athletic Conference (MIAC),miac,Saint John's,Isaak Nowak,Isaak,Nowak,,602,Isaak Nowak,"NOWAK,ISAAK",Saint John's,SJU,1115-8205,1,0,58,58,0,0,0,0,,,,,,,,,,,,,,,,,,,,,,,,,,,,,,,,,,,,,,,,,,,,,,,,,,,,,,,,,,,,,,,,,,,,,,,,,,,,,,,,,,,,,,,,,,,,,,,,,,,,,,,,,,,,,,,,,,,,,,,,,,,,,,,,0.0,189,79
2026-27,football,Minnesota Intercollegiate Athletic Conference (MIAC),miac,Saint John's,Jacob Lopau,Jacob,Lopau,,602,Jacob Lopau,"LOPAU,JACOB",Saint John's,SJU,1115-8734,1,1,72,72,0,OL,0,0,,,,,,,,,,,,,,,,,,,,,,,,,,,,,,,,,,,,,,,,,,,,,,,,,,,,,,,,,,,,,,,,,,,,,,,,,,,,,,,,,,,,,,,,,,,,,,,,,,,,,,,,,,,,,,,,,,,,,,,,,,,,,,,,0.0,190,79
2026-27,football,Minnesota Intercollegiate Athletic Conference (MIAC),miac,Macalester,"Janes,Jackson",Jackson,Janes,,376,"Janes,Jackson","JANES,JACKSON",Macalester,MAC,0,1,0,12,12,0,WR,0,0,,,,,,,,,,,,,,,,,,,,,,,,,,,,,,,,,,,,,,,,,,,,,,,,,,,,,,,,,,,,,,,,,,,,,,,,,,,,,,,,,,,,,,,,,,,,,,,,,,,,,,,,,,,,,,,,,,,,,,,,,,,,,,,,0.0,191,79
2026-27,football,Minnesota Intercollegiate Athletic Conference (MIAC),miac,Saint John's,Joe Gillis,Joe,Gillis,,602,Joe Gillis,"GILLIS,JOE",Saint John's,SJU,1115-8716,1,0,40,40,0,0,0,0,,,,,,,,,,,,,,,,,,,,,,,,,,,,,,,,,,,,,,,,,,,,,,,,,,,,,,,,,,,,,,,,,,,,,,,,,,,,,,,,,,,,,,,,,,,,,,,,,,,,,,,,,,,,,,,,,,,,,,,,,,,,,,,,0.0,192,79
2026-27,football,Minnesota Intercollegiate Athletic Conference (MIAC),miac,Saint John's,Joey Nelson,Joey,Nelson,,602,Joey Nelson,"NELSON,JOEY",Saint John's,SJU,1115-8522,1,0,68,68,0,0,0,0,,,,,,,,,,,,,,,,,,,,,,,,,,,,,,,,,,,,,,,,,,,,,,,,,,,,,,,,,,,,,,,,,,,,,,,,,,,,,,,,,,,,,,,,,,,,,,,,,,,,,,,,,,,,,,,,,,,,,,,,,,,,,,,,0.0,193,79
2026-27,football,Minnesota Intercollegiate Athletic Conference (MIAC),miac,Carleton,"Johansen,Sam",Sam,Johansen,,118,"Johansen,Sam","JOHANSEN,SAM",Carleton,CAR,1105-1023,1,1,32,32,0,0,DL,0,,,,,,,,,,,,,,,,,,,,,,,,,,,,,,,,,,,,,,,,,,,,,,,,,,,,,,,,,,,,,,,,,,,,,,,,,,,,,,,,,,,,,,,,,,,,,,,,,,,,,,,,,,,,,,,,,,,,,,,,,,,,,,,,0.0,194,79
2026-27,football,Minnesota Intercollegiate Athletic Conference (MIAC),miac,Saint John's,John Karkula,John,Karkula,,602,John Karkula,"KARKULA,JOHN",Saint John's,SJU,1115-8728,1,0,28,28,0,0,0,0,,,,,,,,,,,,,,,,,,,,,,,,,,,,,,,,,,,,,,,,,,,,,,,,,,,,,,,,,,,,,,,,,,,,,,,,,,,,,,,,,,,,,,,,,,,,,,,,,,,,,,,,,,,,,,,,,,,,,,,,,,,,,,,,0.0,195,79
2026-27,football,Minnesota Intercollegiate Athletic Conference (MIAC),miac,Gustavus,"Johnson,Brody",Brody,Johnson,,266,"Johnson,Brody","JOHNSON,BRODY",Gustavus,GAC,1108-9585,1,0,79,79,0,OL,0,0,,,,,,,,,,,,,,,,,,,,,,,,,,,,,,,,,,,,,,,,,,,,,,,,,,,,,,,,,,,,,,,,,,,,,,,,,,,,,,,,,,,,,,,,,,,,,,,,,,,,,,,,,,,,,,,,,,,,,,,,,,,,,,,,0.0,196,78
2026-27,football,Minnesota Intercollegiate Athletic Conference (MIAC),miac,Gustavus,"Johnson,Paytin",Paytin,Johnson,,266,"Johnson,Paytin","JOHNSON,PAYTIN",Gustavus,GAC,1108-10017,1,1,57,57,0,0,LB,0,,,,,,,,,,,,,,,,,,,,,,,,,,,,,,,,,,,,,,,,,,,,,,,,,,,,,,,,,,,,,,,,,,,,,,,,,,,,,,,,,,,,,,,,,,,,,,,,,,,,,,,,,,,,,,,,,,,,,,,,,,,,,,,,0.0,197,78
2026-27,football,Minnesota Intercollegiate Athletic Conference (MIAC),miac,Bethel,"Johnson,Stryker",Stryker,Johnson,,60,"Johnson,Stryker","JOHNSON,STRYKER",Bethel,BET,1104-8208,1,0,76,76,0,OL,0,0,,,,,,,,,,,,,,,,,,,,,,,,,,,,,,,,,,,,,,,,,,,,,,,,,,,,,,,,,,,,,,,,,,,,,,,,,,,,,,,,,,,,,,,,,,,,,,,,,,,,,,,,,,,,,,,,,,,,,,,,,,,,,,,,0.0,198,78
2026-27,football,Minnesota Intercollegiate Athletic Conference (MIAC),miac,Gustavus,"Kaderlik,Brecken",Brecken,Kaderlik,,266,"Kaderlik,Brecken","KADERLIK,BRECKEN",Gustavus,GAC,1108-10020,1,0,25,2E,0,TE,0,0,,,,,,,,,,,,,,,,,,,,,,,,,,,,,,,,,,,,,,,,,,,,,,,,,,,,,,,,,,,,,,,,,,,,,,,,,,,,,,,,,,,,,,,,,,,,,,,,,,,,,,,,,,,,,,,,,,,,,,,,,,,,,,,,0.0,199,78
2026-27,football,Minnesota Intercollegiate Athletic Conference (MIAC),miac,Gustavus,"Kahlow,Lucas",Lucas,Kahlow,,266,"Kahlow,Lucas","KAHLOW,LUCAS",Gustavus,GAC,1108-10021,1,0,66,66,0,OL,0,0,,,,,,,,,,,,,,,,,,,,,,,,,,,,,,,,,,,,,,,,,,,,,,,,,,,,,,,,,,,,,,,,,,,,,,,,,,,,,,,,,,,,,,,,,,,,,,,,,,,,,,,,,,,,,,,,,,,,,,,,,,,,,,,,0.0,200,78
2026-27,football,Minnesota Intercollegiate Athletic Conference (MIAC),miac,Macalester,"Kaplan,Lucas",Lucas,Kaplan,,376,"Kaplan,Lucas","KAPLAN,LUCAS",Macalester,MAC,1110-5649,1,0,3,3,0,QB,0,0,,,,,,,,,,,,,,,,,,,,,,,,,,,,,,,,,,,,,,,,,,,,,,,,,,,,,,,,,,,,,,,,,,,,,,,,,,,,,,,,,,,,,,,,,,,,,,,,,,,,,,,,,,,,,,,,,,,,,,,,,,,,,,,,0.0,201,78
2026-27,football,Minnesota Intercollegiate Athletic Conference (MIAC),miac,Gustavus,"Kelly,Konnor",Konnor,Kelly,,266,"Kelly,Konnor","KELLY,KONNOR",Gustavus,GAC,1108-9185,1,0,4,4X,0,0,DB,0,,,,,,,,,,,,,,,,,,,,,,,,,,,,,,,,,,,,,,,,,,,,,,,,,,,,,,,,,,,,,,,,,,,,,,,,,,,,,,,,,,,,,,,,,,,,,,,,,,,,,,,,,,,,,,,,,,,,,,,,,,,,,,,,0.0,202,78
2026-27,football,Minnesota Intercollegiate Athletic Conference (MIAC),miac,Gustavus,"Kelvie,Kyler",Kyler,Kelvie,,266,"Kelvie,Kyler","KELVIE,KYLER",Gustavus,GAC,1108-9163,1,0,4,4,0,QB,0,0,,,,,,,,,,,,,,,,,,,,,,,,,,,,,,,,,,,,,,,,,,,,,,,,,,,,,,,,,,,,,,,,,,,,,,,,,,,,,,,,,,,,,,,,,,,,,,,,,,,,,,,,,,,,,,,,,,,,,,,,,,,,,,,,0.0,203,78
2026-27,football,Minnesota Intercollegiate Athletic Conference (MIAC),miac,Augsburg,"Kilgore,EJ",EJ,Kilgore,,38,"Kilgore,EJ","KILGORE,EJ",Augsburg,AU,1103-13060,1,0,83,83,0,WR,0,0,,,,,,,,,,,,,,,,,,,,,,,,,,,,,,,,,,,,,,,,,,,,,,,,,,,,,,,,,,,,,,,,,,,,,,,,,,,,,,,,,,,,,,,,,,,,,,,,,,,,,,,,,,,,,,,,,,,,,,,,,,,,,,,,0.0,204,78
2026-27,football,Minnesota Intercollegiate Athletic Conference (MIAC),miac,Augsburg,"Kimbrough,JT",JT,Kimbrough,,38,"Kimbrough,JT","KIMBROUGH,JT",Augsburg,AU,1103-13432,1,0,42,42,0,0,DB,0,,,,,,,,,,,,,,,,,,,,,,,,,,,,,,,,,,,,,,,,,,,,,,,,,,,,,,,,,,,,,,,,,,,,,,,,,,,,,,,,,,,,,,,,,,,,,,,,,,,,,,,,,,,,,,,,,,,,,,,,,,,,,,,,0.0,205,78
2026-27,football,Minnesota Intercollegiate Athletic Conference (MIAC),miac,Bethel,"Kothbauer,Rich",Rich,Kothbauer,,60,"Kothbauer,Rich","KOTHBAUER,RICH",Bethel,BET,1104-8211,1,0,64,64,0,OL,0,0,,,,,,,,,,,,,,,,,,,,,,,,,,,,,,,,,,,,,,,,,,,,,,,,,,,,,,,,,,,,,,,,,,,,,,,,,,,,,,,,,,,,,,,,,,,,,,,,,,,,,,,,,,,,,,,,,,,,,,,,,,,,,,,,0.0,206,78
2026-27,football,Minnesota Intercollegiate Athletic Conference (MIAC),miac,Macalester,"Lail,Adam",Adam,Lail,,376,"Lail,Adam","LAIL,ADAM",Macalester,MAC,0,1,1,79,79,0,OL,0,0,,,,,,,,,,,,,,,,,,,,,,,,,,,,,,,,,,,,,,,,,,,,,,,,,,,,,,,,,,,,,,,,,,,,,,,,,,,,,,,,,,,,,,,,,,,,,,,,,,,,,,,,,,,,,,,,,,,,,,,,,,,,,,,,0.0,207,77
2026-27,football,Minnesota Intercollegiate Athletic Conference (MIAC),miac,Saint John's,Laklen Vogel,Laklen,Vogel,,602,Laklen Vogel,"VOGEL,LAKLEN",Saint John's,SJU,1115-8755,1,0,79,79,0,0,0,0,,,,,,,,,,,,,,,,,,,,,,,,,,,,,,,,,,,,,,,,,,,,,,,,,,,,,,,,,,,,,,,,,,,,,,,,,,,,,,,,,,,,,,,,,,,,,,,,,,,,,,,,,,,,,,,,,,,,,,,,,,,,,,,,0.0,208,77
2026-27,football,Minnesota Intercollegiate Athletic Conference (MIAC),miac,Macalester,"Lawson,Keaton",Keaton,Lawson,,376,"Lawson,Keaton","LAWSON,KEATON",Macalester,MAC,0,0,0,25,25,0,0,DE,0,,,,,,,,,,,,,,,,,,,,,,,,,,,,,,,,,,,,,,,,,,,,,,,,,,,,,,,,,,,,,,,,,,,,,,,,,,,,,,,,,,,,,,,,,,,,,,,,,,,,,,,,,,,,,,,,,,,,,,,,,,,,,,,,0.0,209,77
2026-27,football,Minnesota Intercollegiate Athletic Conference (MIAC),miac,Macalester,"Lee,Noah",Noah,Lee,,376,"Lee,Noah","LEE,NOAH",Macalester,MAC,0,0,0,35,35,0,WR,0,0,,,,,,,,,,,,,,,,,,,,,,,,,,,,,,,,,,,,,,,,,,,,,,,,,,,,,,,,,,,,,,,,,,,,,,,,,,,,,,,,,,,,,,,,,,,,,,,,,,,,,,,,,,,,,,,,,,,,,,,,,,,,,,,,0.0,210,77
2026-27,football,Minnesota Intercollegiate Athletic Conference (MIAC),miac,Hamline,"Lenior,Emil",Emil,Lenior,,268,"Lenior,Emil","LENIOR,EMIL",Hamline,HAM,0,0,0,82,82,0,WR,0,0,,,,,,,,,,,,,,,,,,,,,,,,,,,,,,,,,,,,,,,,,,,,,,,,,,,,,,,,,,,,,,,,,,,,,,,,,,,,,,,,,,,,,,,,,,,,,,,,,,,,,,,,,,,,,,,,,,,,,,,,,,,,,,,,0.0,211,77
2026-27,football,Minnesota Intercollegiate Athletic Conference (MIAC),miac,Bethel,"Lind,Jacob",Jacob,Lind,,60,"Lind,Jacob","LIND,JACOB",Bethel,BET,1104-8214,1,0,98,98,0,0,DL,0,,,,,,,,,,,,,,,,,,,,,,,,,,,,,,,,,,,,,,,,,,,,,,,,,,,,,,,,,,,,,,,,,,,,,,,,,,,,,,,,,,,,,,,,,,,,,,,,,,,,,,,,,,,,,,,,,,,,,,,,,,,,,,,,0.0,212,77
2026-27,football,Minnesota Intercollegiate Athletic Conference (MIAC),miac,Gustavus,"Liston,Brady",Brady,Liston,,266,"Liston,Brady","LISTON,BRADY",Gustavus,GAC,1108-9563,1,0,5,5X,0,0,DB,0,,,,,,,,,,,,,,,,,,,,,,,,,,,,,,,,,,,,,,,,,,,,,,,,,,,,,,,,,,,,,,,,,,,,,,,,,,,,,,,,,,,,,,,,,,,,,,,,,,,,,,,,,,,,,,,,,,,,,,,,,,,,,,,,0.0,213,77
2026-27,football,Minnesota Intercollegiate Athletic Conference (MIAC),miac,Saint John's,Logan Suggs,Logan,Suggs,,602,Logan Suggs,"SUGGS,LOGAN",Saint John's,SJU,1115-8750,1,0,3,3,0,0,0,0,,,,,,,,,,,,,,,,,,,,,,,,,,,,,,,,,,,,,,,,,,,,,,,,,,,,,,,,,,,,,,,,,,,,,,,,,,,,,,,,,,,,,,,,,,,,,,,,,,,,,,,,,,,,,,,,,,,,,,,,,,,,,,,,0.0,214,77
2026-27,football,Minnesota Intercollegiate Athletic Conference (MIAC),miac,Concordia,"Long,Jake",Jake,Long,,161,"Long,Jake","LONG,JAKE",Concordia,CON,0,1,1,78,78,0,OL,0,0,,,,,,,,,,,,,,,,,,,,,,,,,,,,,,,,,,,,,,,,,,,,,,,,,,,,,,,,,,,,,,,,,,,,,,,,,,,,,,,,,,,,,,,,,,,,,,,,,,,,,,,,,,,,,,,,,,,,,,,,,,,,,,,,0.0,215,77
2026-27,football,Minnesota Intercollegiate Athletic Conference (MIAC),miac,Macalester,"Marchertas,Timas",Timas,Marchertas,,376,"Marchertas,Timas","MARCHERTAS,TIMAS",Macalester,MAC,1110-5659,1,0,46,46,0,0,LB,0,,,,,,,,,,,,,,,,,,,,,,,,,,,,,,,,,,,,,,,,,,,,,,,,,,,,,,,,,,,,,,,,,,,,,,,,,,,,,,,,,,,,,,,,,,,,,,,,,,,,,,,,,,,,,,,,,,,,,,,,,,,,,,,,0.0,216,77
2026-27,football,Minnesota Intercollegiate Athletic Conference (MIAC),miac,Gustavus,"Martens,Conner",Conner,Martens,,266,"Martens,Conner","MARTENS,CONNER",Gustavus,GAC,1108-9189,1,0,36,36,0,0,DB,0,,,,,,,,,,,,,,,,,,,,,,,,,,,,,,,,,,,,,,,,,,,,,,,,,,,,,,,,,,,,,,,,,,,,,,,,,,,,,,,,,,,,,,,,,,,,,,,,,,,,,,,,,,,,,,,,,,,,,,,,,,,,,,,,0.0,217,77
2026-27,football,Minnesota Intercollegiate Athletic Conference (MIAC),miac,Hamline,"McCoy,Robert",Robert,McCoy,,268,"McCoy,Robert","MCCOY,ROBERT",Hamline,HAM,1109-5648,1,1,54,54,0,0,LB,0,,,,,,,,,,,,,,,,,,,,,,,,,,,,,,,,,,,,,,,,,,,,,,,,,,,,,,,,,,,,,,,,,,,,,,,,,,,,,,,,,,,,,,,,,,,,,,,,,,,,,,,,,,,,,,,,,,,,,,,,,,,,,,,,0.0,218,76
2026-27,football,Minnesota Intercollegiate Athletic Conference (MIAC),miac,Macalester,"Meairs,Jake",Jake,Meairs,,376,"Meairs,Jake","MEAIRS,JAKE",Macalester,MAC,1110-5660,1,0,47,47,0,0,0,0,,,,,,,,,,,,,,,,,,,,,,,,,,,,,,,,,,,,,,,,,,,,,,,,,,,,,,,,,,,,,,,,,,,,,,,,,,,,,,,,,,,,,,,,,,,,,,,,,,,,,,,,,,,,,,,,,,,,,,,,,,,,,,,,0.0,219,76
2026-27,football,Minnesota Intercollegiate Athletic Conference (MIAC),miac,Saint John's,Michael Bougie,Michael,Bougie,,602,Michael Bougie,"BOUGIE,MICHAEL",Saint John's,SJU,1115-8168,1,1,78,78,0,OL,0,0,,,,,,,,,,,,,,,,,,,,,,,,,,,,,,,,,,,,,,,,,,,,,,,,,,,,,,,,,,,,,,,,,,,,,,,,,,,,,,,,,,,,,,,,,,,,,,,,,,,,,,,,,,,,,,,,,,,,,,,,,,,,,,,,0.0,220,76
2026-27,football,Minnesota Intercollegiate Athletic Conference (MIAC),miac,Concordia,"Micheli,Anthony",Anthony,Micheli,,161,"Micheli,Anthony","MICHELI,ANTHONY",Concordia,CON,0,1,0,13,13,0,WR,0,0,,,,,,,,,,,,,,,,,,,,,,,,,,,,,,,,,,,,,,,,,,,,,,,,,,,,,,,,,,,,,,,,,,,,,,,,,,,,,,,,,,,,,,,,,,,,,,,,,,,,,,,,,,,,,,,,,,,,,,,,,,,,,,,,0.0,221,76
2026-27,football,Minnesota Intercollegiate Athletic Conference (MIAC),miac,Saint John's,Mikey Oftedahl,Mikey,Oftedahl,,602,Mikey Oftedahl,"OFTEDAHL,MIKEY",Saint John's,SJU,1115-8525,1,1,77,77,0,OL,0,0,,,,,,,,,,,,,,,,,,,,,,,,,,,,,,,,,,,,,,,,,,,,,,,,,,,,,,,,,,,,,,,,,,,,,,,,,,,,,,,,,,,,,,,,,,,,,,,,,,,,,,,,,,,,,,,,,,,,,,,,,,,,,,,,0.0,222,76
2026-27,football,Minnesota Intercollegiate Athletic Conference (MIAC),miac,Augsburg,"Montano,Frankie",Frankie,Montano,,38,"Montano,Frankie","MONTANO,FRANKIE",Augsburg,AU,1103-13234,1,0,50,48,0,0,DL,0,,,,,,,,,,,,,,,,,,,,,,,,,,,,,,,,,,,,,,,,,,,,,,,,,,,,,,,,,,,,,,,,,,,,,,,,,,,,,,,,,,,,,,,,,,,,,,,,,,,,,,,,,,,,,,,,,,,,,,,,,,,,,,,,0.0,223,76
2026-27,football,Minnesota Intercollegiate Athletic Conference (MIAC),miac,Macalester,"Morral,Drew",Drew,Morral,,376,"Morral,Drew","MORRAL,DREW",Macalester,MAC,1110-5500,1,0,38,38,0,0,DB,0,,,,,,,,,,,,,,,,,,,,,,,,,,,,,,,,,,,,,,,,,,,,,,,,,,,,,,,,,,,,,,,,,,,,,,,,,,,,,,,,,,,,,,,,,,,,,,,,,,,,,,,,,,,,,,,,,,,,,,,,,,,,,,,,0.0,224,76
2026-27,football,Minnesota Intercollegiate Athletic Conference (MIAC),miac,Gustavus,"Nalty,Sam",Sam,Nalty,,266,"Nalty,Sam","NALTY,SAM",Gustavus,GAC,1108-9179,1,0,78,78,0,OL,0,0,,,,,,,,,,,,,,,,,,,,,,,,,,,,,,,,,,,,,,,,,,,,,,,,,,,,,,,,,,,,,,,,,,,,,,,,,,,,,,,,,,,,,,,,,,,,,,,,,,,,,,,,,,,,,,,,,,,,,,,,,,,,,,,,0.0,225,76
2026-27,football,Minnesota Intercollegiate Athletic Conference (MIAC),miac,Gustavus,"Nase,Nolan",Nolan,Nase,,266,"Nase,Nolan","NASE,NOLAN",Gustavus,GAC,1108-10029,1,0,88,88,0,TE,0,0,,,,,,,,,,,,,,,,,,,,,,,,,,,,,,,,,,,,,,,,,,,,,,,,,,,,,,,,,,,,,,,,,,,,,,,,,,,,,,,,,,,,,,,,,,,,,,,,,,,,,,,,,,,,,,,,,,,,,,,,,,,,,,,,0.0,226,76
2026-27,football,Minnesota Intercollegiate Athletic Conference (MIAC),miac,Macalester,"Newman,Eitan",Eitan,Newman,,376,"Newman,Eitan","NEWMAN,EITAN",Macalester,MAC,1110-5663,1,0,55,55,0,0,LB,0,,,,,,,,,,,,,,,,,,,,,,,,,,,,,,,,,,,,,,,,,,,,,,,,,,,,,,,,,,,,,,,,,,,,,,,,,,,,,,,,,,,,,,,,,,,,,,,,,,,,,,,,,,,,,,,,,,,,,,,,,,,,,,,,0.0,227,76
2026-27,football,Minnesota Intercollegiate Athletic Conference (MIAC),miac,St. Scholastica,"Newman,Siam",Siam,Newman,,618,"Newman,Siam","NEWMAN,SIAM",St. Scholastica,CSS,1402-7867,1,0,25,25,0,0,LB,0,,,,,,,,,,,,,,,,,,,,,,,,,,,,,,,,,,,,,,,,,,,,,,,,,,,,,,,,,,,,,,,,,,,,,,,,,,,,,,,,,,,,,,,,,,,,,,,,,,,,,,,,,,,,,,,,,,,,,,,,,,,,,,,,0.0,228,76
2026-27,football,Minnesota Intercollegiate Athletic Conference (MIAC),miac,Gustavus,"Nicholas,Oliver",Oliver,Nicholas,,266,"Nicholas,Oliver","NICHOLAS,OLIVER",Gustavus,GAC,1108-10032,1,0,76,76,0,0,DL,0,,,,,,,,,,,,,,,,,,,,,,,,,,,,,,,,,,,,,,,,,,,,,,,,,,,,,,,,,,,,,,,,,,,,,,,,,,,,,,,,,,,,,,,,,,,,,,,,,,,,,,,,,,,,,,,,,,,,,,,,,,,,,,,,0.0,229,75
2026-27,football,Minnesota Intercollegiate Athletic Conference (MIAC),miac,Bethel,"Noot,Tanner",Tanner,Noot,,60,"Noot,Tanner","NOOT,TANNER",Bethel,BET,1104-7775,1,0,23,23,0,0,DB,0,,,,,,,,,,,,,,,,,,,,,,,,,,,,,,,,,,,,,,,,,,,,,,,,,,,,,,,,,,,,,,,,,,,,,,,,,,,,,,,,,,,,,,,,,,,,,,,,,,,,,,,,,,,,,,,,,,,,,,,,,,,,,,,,0.0,230,75
2026-27,football,Minnesota Intercollegiate Athletic Conference (MIAC),miac,Gustavus,"Nur,Abdullahi",Abdullahi,Nur,,266,"Nur,Abdullahi","NUR,ABDULLAHI",Gustavus,GAC,1108-9569,1,1,75,75,0,OL,0,0,,,,,,,,,,,,,,,,,,,,,,,,,,,,,,,,,,,,,,,,,,,,,,,,,,,,,,,,,,,,,,,,,,,,,,,,,,,,,,,,,,,,,,,,,,,,,,,,,,,,,,,,,,,,,,,,,,,,,,,,,,,,,,,,0.0,231,75
2026-27,football,Minnesota Intercollegiate Athletic Conference (MIAC),miac,Augsburg,"Nygaard,Jaedon",Jaedon,Nygaard,,38,"Nygaard,Jaedon","NYGAARD,JAEDON",Augsburg,AU,1103-13068,1,1,77,77,0,OL,0,0,,,,,,,,,,,,,,,,,,,,,,,,,,,,,,,,,,,,,,,,,,,,,,,,,,,,,,,,,,,,,,,,,,,,,,,,,,,,,,,,,,,,,,,,,,,,,,,,,,,,,,,,,,,,,,,,,,,,,,,,,,,,,,,,0.0,232,75
2026-27,football,Minnesota Intercollegiate Athletic Conference (MIAC),miac,Carleton,"Olson,Jace",Jace,Olson,,118,"Olson,Jace","OLSON,JACE",Carleton,CAR,1105-1265,1,0,37,37,0,0,0,0,,,,,,,,,,,,,,,,,,,,,,,,,,,,,,,,,,,,,,,,,,,,,,,,,,,,,,,,,,,,,,,,,,,,,,,,,,,,,,,,,,,,,,,,,,,,,,,,,,,,,,,,,,,,,,,,,,,,,,,,,,,,,,,,0.0,233,75
2026-27,football,Minnesota Intercollegiate Athletic Conference (MIAC),miac,Hamline,"Osio Morales,Esteban",Esteban,Osio Morales,,268,"Osio Morales,Esteban","OSIO MORALES,ESTEBAN",Hamline,HAM,0,1,1,92,92,0,OL,0,0,,,,,,,,,,,,,,,,,,,,,,,,,,,,,,,,,,,,,,,,,,,,,,,,,,,,,,,,,,,,,,,,,,,,,,,,,,,,,,,,,,,,,,,,,,,,,,,,,,,,,,,,,,,,,,,,,,,,,,,,,,,,,,,,0.0,234,75
2026-27,football,Minnesota Intercollegiate Athletic Conference (MIAC),miac,St. Scholastica,"Oulman,Fergus",Fergus,Oulman,,618,"Oulman,Fergus","OULMAN,FERGUS",St. Scholastica,CSS,1402-7492,1,1,77,77,0,OL,0,0,,,,,,,,,,,,,,,,,,,,,,,,,,,,,,,,,,,,,,,,,,,,,,,,,,,,,,,,,,,,,,,,,,,,,,,,,,,,,,,,,,,,,,,,,,,,,,,,,,,,,,,,,,,,,,,,,,,,,,,,,,,,,,,,0.0,235,75
2026-27,football,Minnesota Intercollegiate Athletic Conference (MIAC),miac,St. Olaf,"Packer,Cody",Cody,Packer,,615,"Packer,Cody","PACKER,CODY",St. Olaf,STO,1117-5325,1,1,31,31,0,FB,0,0,,,,,,,,,,,,,,,,,,,,,,,,,,,,,,,,,,,,,,,,,,,,,,,,,,,,,,,,,,,,,,,,,,,,,,,,,,,,,,,,,,,,,,,,,,,,,,,,,,,,,,,,,,,,,,,,,,,,,,,,,,,,,,,,0.0,236,75
2026-27,football,Minnesota Intercollegiate Athletic Conference (MIAC),miac,Augsburg,"Paige,Josiah",Josiah,Paige,,38,"Paige,Josiah","PAIGE,JOSIAH",Augsburg,AU,1103-13604,1,0,43,43,0,0,DL,0,,,,,,,,,,,,,,,,,,,,,,,,,,,,,,,,,,,,,,,,,,,,,,,,,,,,,,,,,,,,,,,,,,,,,,,,,,,,,,,,,,,,,,,,,,,,,,,,,,,,,,,,,,,,,,,,,,,,,,,,,,,,,,,,0.0,237,75
2026-27,football,Minnesota Intercollegiate Athletic Conference (MIAC),miac,St. Olaf,"Pickard,Jake",Jake,Pickard,,615,"Pickard,Jake","PICKARD,JAKE",St. Olaf,STO,1117-5343,1,1,70,70,0,OL,0,0,,,,,,,,,,,,,,,,,,,,,,,,,,,,,,,,,,,,,,,,,,,,,,,,,,,,,,,,,,,,,,,,,,,,,,,,,,,,,,,,,,,,,,,,,,,,,,,,,,,,,,,,,,,,,,,,,,,,,,,,,,,,,,,,0.0,238,75
2026-27,football,Minnesota Intercollegiate Athletic Conference (MIAC),miac,Hamline,"Pickett,Davis",Davis,Pickett,,268,"Pickett,Davis","PICKETT,DAVIS",Hamline,HAM,0,0,0,75,75,0,OL,0,0,,,,,,,,,,,,,,,,,,,,,,,,,,,,,,,,,,,,,,,,,,,,,,,,,,,,,,,,,,,,,,,,,,,,,,,,,,,,,,,,,,,,,,,,,,,,,,,,,,,,,,,,,,,,,,,,,,,,,,,,,,,,,,,,0.0,239,75
2026-27,football,Minnesota Intercollegiate Athletic Conference (MIAC),miac,Bethel,"Platek,Christian",Christian,Platek,,60,"Platek,Christian","PLATEK,CHRISTIAN",Bethel,BET,1104-7643,1,0,82,82,0,TE,0,0,,,,,,,,,,,,,,,,,,,,,,,,,,,,,,,,,,,,,,,,,,,,,,,,,,,,,,,,,,,,,,,,,,,,,,,,,,,,,,,,,,,,,,,,,,,,,,,,,,,,,,,,,,,,,,,,,,,,,,,,,,,,,,,,0.0,240,74
2026-27,football,Minnesota Intercollegiate Athletic Conference (MIAC),miac,Macalester,"Pohl,Ethan",Ethan,Pohl,,376,"Pohl,Ethan","POHL,ETHAN",Macalester,MAC,0,0,0,6,6,0,QB,0,0,,,,,,,,,,,,,,,,,,,,,,,,,,,,,,,,,,,,,,,,,,,,,,,,,,,,,,,,,,,,,,,,,,,,,,,,,,,,,,,,,,,,,,,,,,,,,,,,,,,,,,,,,,,,,,,,,,,,,,,,,,,,,,,,0.0,241,74
2026-27,football,Minnesota Intercollegiate Athletic Conference (MIAC),miac,Macalester,"Porto,Artur",Artur,Porto,,376,"Porto,Artur","PORTO,ARTUR",Macalester,MAC,0,0,0,77,77,0,OL,0,0,,,,,,,,,,,,,,,,,,,,,,,,,,,,,,,,,,,,,,,,,,,,,,,,,,,,,,,,,,,,,,,,,,,,,,,,,,,,,,,,,,,,,,,,,,,,,,,,,,,,,,,,,,,,,,,,,,,,,,,,,,,,,,,,0.0,242,74
2026-27,football,Minnesota Intercollegiate Athletic Conference (MIAC),miac,Macalester,"Powell,Danny",Danny,Powell,,376,"Powell,Danny","POWELL,DANNY",Macalester,MAC,1110-5250,1,0,83,83,0,WR,0,0,,,,,,,,,,,,,,,,,,,,,,,,,,,,,,,,,,,,,,,,,,,,,,,,,,,,,,,,,,,,,,,,,,,,,,,,,,,,,,,,,,,,,,,,,,,,,,,,,,,,,,,,,,,,,,,,,,,,,,,,,,,,,,,,0.0,243,74
2026-27,football,Minnesota Intercollegiate Athletic Conference (MIAC),miac,St. Scholastica,"Prorok,Braylen",Braylen,Prorok,,618,"Prorok,Braylen","PROROK,BRAYLEN",St. Scholastica,CSS,1402-7871,1,0,14,1U,0,WR,0,0,,,,,,,,,,,,,,,,,,,,,,,,,,,,,,,,,,,,,,,,,,,,,,,,,,,,,,,,,,,,,,,,,,,,,,,,,,,,,,,,,,,,,,,,,,,,,,,,,,,,,,,,,,,,,,,,,,,,,,,,,,,,,,,,0.0,244,74
2026-27,football,Minnesota Intercollegiate Athletic Conference (MIAC),miac,Macalester,"Raehl,Noel",Noel,Raehl,,376,"Raehl,Noel","RAEHL,NOEL",Macalester,MAC,0,0,0,71,71,0,OL,0,0,,,,,,,,,,,,,,,,,,,,,,,,,,,,,,,,,,,,,,,,,,,,,,,,,,,,,,,,,,,,,,,,,,,,,,,,,,,,,,,,,,,,,,,,,,,,,,,,,,,,,,,,,,,,,,,,,,,,,,,,,,,,,,,,0.0,245,74
2026-27,football,Minnesota Intercollegiate Athletic Conference (MIAC),miac,Hamline,"Rebollar,Mario",Mario,Rebollar,,268,"Rebollar,Mario","REBOLLAR,MARIO",Hamline,HAM,0,1,1,67,67,0,OL,0,0,,,,,,,,,,,,,,,,,,,,,,,,,,,,,,,,,,,,,,,,,,,,,,,,,,,,,,,,,,,,,,,,,,,,,,,,,,,,,,,,,,,,,,,,,,,,,,,,,,,,,,,,,,,,,,,,,,,,,,,,,,,,,,,,0.0,246,74
2026-27,football,Minnesota Intercollegiate Athletic Conference (MIAC),miac,Concordia,"Reyes,Angel",Angel,Reyes,,161,"Reyes,Angel","REYES,ANGEL",Concordia,CON,0,1,1,72,72,0,OL,0,0,,,,,,,,,,,,,,,,,,,,,,,,,,,,,,,,,,,,,,,,,,,,,,,,,,,,,,,,,,,,,,,,,,,,,,,,,,,,,,,,,,,,,,,,,,,,,,,,,,,,,,,,,,,,,,,,,,,,,,,,,,,,,,,,0.0,247,74
2026-27,football,Minnesota Intercollegiate Athletic Conference (MIAC),miac,St. Scholastica,"Richardson,William",William,Richardson,,618,"Richardson,William","RICHARDSON,WILLIAM",St. Scholastica,CSS,1402-7686,1,0,24,24,0,WR,0,0,,,,,,,,,,,,,,,,,,,,,,,,,,,,,,,,,,,,,,,,,,,,,,,,,,,,,,,,,,,,,,,,,,,,,,,,,,,,,,,,,,,,,,,,,,,,,,,,,,,,,,,,,,,,,,,,,,,,,,,,,,,,,,,,0.0,248,74
2026-27,football,Minnesota Intercollegiate Athletic Conference (MIAC),miac,Saint John's,Riley Peters,Riley,Peters,,602,Riley Peters,"PETERS,RILEY",Saint John's,SJU,1115-9053,1,0,96,96,0,0,0,0,,,,,,,,,,,,,,,,,,,,,,,,,,,,,,,,,,,,,,,,,,,,,,,,,,,,,,,,,,,,,,,,,,,,,,,,,,,,,,,,,,,,,,,,,,,,,,,,,,,,,,,,,,,,,,,,,,,,,,,,,,,,,,,,0.0,249,74
2026-27,football,Minnesota Intercollegiate Athletic Conference (MIAC),miac,St. Olaf,"Risin Jr.,Alton",Alton,Risin Jr.,,615,"Risin Jr.,Alton","RISIN JR.,ALTON",St. Olaf,STO,1117-5337,1,1,54,54,0,OL,0,0,,,,,,,,,,,,,,,,,,,,,,,,,,,,,,,,,,,,,,,,,,,,,,,,,,,,,,,,,,,,,,,,,,,,,,,,,,,,,,,,,,,,,,,,,,,,,,,,,,,,,,,,,,,,,,,,,,,,,,,,,,,,,,,,0.0,250,74
2026-27,football,Minnesota Intercollegiate Athletic Conference (MIAC),miac,Gustavus,"Rockwell,Matt",Matt,Rockwell,,266,"Rockwell,Matt","ROCKWELL,MATT",Gustavus,GAC,1108-8569,1,0,19,19,0,0,DB,0,,,,,,,,,,,,,,,,,,,,,,,,,,,,,,,,,,,,,,,,,,,,,,,,,,,,,,,,,,,,,,,,,,,,,,,,,,,,,,,,,,,,,,,,,,,,,,,,,,,,,,,,,,,,,,,,,,,,,,,,,,,,,,,,0.0,251,73
2026-27,football,Minnesota Intercollegiate Athletic Conference (MIAC),miac,Bethel,"Rundell,Albert",Albert,Rundell,,60,"Rundell,Albert","RUNDELL,ALBERT",Bethel,BET,1104-7645,0,0,5,5,0,WR,0,0,,,,,,,,,,,,,,,,,,,,,,,,,,,,,,,,,,,,,,,,,,,,,,,,,,,,,,,,,,,,,,,,,,,,,,,,,,,,,,,,,,,,,,,,,,,,,,,,,,,,,,,,,,,,,,,,,,,,,,,,,,,,,,,,0.0,252,73
2026-27,football,Minnesota Intercollegiate Athletic Conference (MIAC),miac,Hamline,"Schaffer,Dawson",Dawson,Schaffer,,268,"Schaffer,Dawson","SCHAFFER,DAWSON",Hamline,HAM,0,0,0,1,1,0,WR,0,0,,,,,,,,,,,,,,,,,,,,,,,,,,,,,,,,,,,,,,,,,,,,,,,,,,,,,,,,,,,,,,,,,,,,,,,,,,,,,,,,,,,,,,,,,,,,,,,,,,,,,,,,,,,,,,,,,,,,,,,,,,,,,,,,0.0,253,73
2026-27,football,Minnesota Intercollegiate Athletic Conference (MIAC),miac,Bethel,"Scheideman,Eli",Eli,Scheideman,,60,"Scheideman,Eli","SCHEIDEMAN,ELI",Bethel,BET,1104-7646,1,0,41,41,0,0,0,0,,,,,,,,,,,,,,,,,,,,,,,,,,,,,,,,,,,,,,,,,,,,,,,,,,,,,,,,,,,,,,,,,,,,,,,,,,,,,,,,,,,,,,,,,,,,,,,,,,,,,,,,,,,,,,,,,,,,,,,,,,,,,,,,0.0,254,73
2026-27,football,Minnesota Intercollegiate Athletic Conference (MIAC),miac,Bethel,"Scheierl,Blake",Blake,Scheierl,,60,"Scheierl,Blake","SCHEIERL,BLAKE",Bethel,BET,1104-7778,1,1,57,57,0,OL,0,0,,,,,,,,,,,,,,,,,,,,,,,,,,,,,,,,,,,,,,,,,,,,,,,,,,,,,,,,,,,,,,,,,,,,,,,,,,,,,,,,,,,,,,,,,,,,,,,,,,,,,,,,,,,,,,,,,,,,,,,,,,,,,,,,0.0,255,73
2026-27,football,Minnesota Intercollegiate Athletic Conference (MIAC),miac,Gustavus,"Scholl,Carson",Carson,Scholl,,266,"Scholl,Carson","SCHOLL,CARSON",Gustavus,GAC,1108-10037,1,0,63,63,0,OL,0,0,,,,,,,,,,,,,,,,,,,,,,,,,,,,,,,,,,,,,,,,,,,,,,,,,,,,,,,,,,,,,,,,,,,,,,,,,,,,,,,,,,,,,,,,,,,,,,,,,,,,,,,,,,,,,,,,,,,,,,,,,,,,,,,,0.0,256,73
2026-27,football,Minnesota Intercollegiate Athletic Conference (MIAC),miac,Carleton,"Schultz,Jackson",Jackson,Schultz,,118,"Schultz,Jackson","SCHULTZ,JACKSON",Carleton,CAR,1105-1380,1,0,41,41,0,WR,0,0,,,,,,,,,,,,,,,,,,,,,,,,,,,,,,,,,,,,,,,,,,,,,,,,,,,,,,,,,,,,,,,,,,,,,,,,,,,,,,,,,,,,,,,,,,,,,,,,,,,,,,,,,,,,,,,,,,,,,,,,,,,,,,,,0.0,257,73
2026-27,football,Minnesota Intercollegiate Athletic Conference (MIAC),miac,Macalester,"Sedlmayer,Kellen",Kellen,Sedlmayer,,376,"Sedlmayer,Kellen","SEDLMAYER,KELLEN",Macalester,MAC,0,0,0,16,16,0,QB,0,0,,,,,,,,,,,,,,,,,,,,,,,,,,,,,,,,,,,,,,,,,,,,,,,,,,,,,,,,,,,,,,,,,,,,,,,,,,,,,,,,,,,,,,,,,,,,,,,,,,,,,,,,,,,,,,,,,,,,,,,,,,,,,,,,0.0,258,73
2026-27,football,Minnesota Intercollegiate Athletic Conference (MIAC),miac,Carleton,"Shobe,Patrick",Patrick,Shobe,,118,"Shobe,Patrick","SHOBE,PATRICK",Carleton,CAR,1105-1160,1,1,76,76,0,OL,0,0,,,,,,,,,,,,,,,,,,,,,,,,,,,,,,,,,,,,,,,,,,,,,,,,,,,,,,,,,,,,,,,,,,,,,,,,,,,,,,,,,,,,,,,,,,,,,,,,,,,,,,,,,,,,,,,,,,,,,,,,,,,,,,,,0.0,259,73
2026-27,football,Minnesota Intercollegiate Athletic Conference (MIAC),miac,Hamline,"Simmons,Elijah",Elijah,Simmons,,268,"Simmons,Elijah","SIMMONS,ELIJAH",Hamline,HAM,0,0,0,30,30,0,RB,0,0,,,,,,,,,,,,,,,,,,,,,,,,,,,,,,,,,,,,,,,,,,,,,,,,,,,,,,,,,,,,,,,,,,,,,,,,,,,,,,,,,,,,,,,,,,,,,,,,,,,,,,,,,,,,,,,,,,,,,,,,,,,,,,,,0.0,260,73
2026-27,football,Minnesota Intercollegiate Athletic Conference (MIAC),miac,Macalester,"Siodlarz,Sennet",Sennet,Siodlarz,,376,"Siodlarz,Sennet","SIODLARZ,SENNET",Macalester,MAC,0,1,0,84,84,0,WR,0,0,,,,,,,,,,,,,,,,,,,,,,,,,,,,,,,,,,,,,,,,,,,,,,,,,,,,,,,,,,,,,,,,,,,,,,,,,,,,,,,,,,,,,,,,,,,,,,,,,,,,,,,,,,,,,,,,,,,,,,,,,,,,,,,,0.0,261,73
2026-27,football,Minnesota Intercollegiate Athletic Conference (MIAC),miac,Concordia,"Sisneros,Isaac",Isaac,Sisneros,,161,"Sisneros,Isaac","SISNEROS,ISAAC",Concordia,CON,0,1,0,8,8,0,QB,0,0,,,,,,,,,,,,,,,,,,,,,,,,,,,,,,,,,,,,,,,,,,,,,,,,,,,,,,,,,,,,,,,,,,,,,,,,,,,,,,,,,,,,,,,,,,,,,,,,,,,,,,,,,,,,,,,,,,,,,,,,,,,,,,,,0.0,262,72
2026-27,football,Minnesota Intercollegiate Athletic Conference (MIAC),miac,Bethel,"Skelly,Cade",Cade,Skelly,,60,"Skelly,Cade","SKELLY,CADE",Bethel,BET,1104-8219,1,0,29,29,0,0,LB,0,,,,,,,,,,,,,,,,,,,,,,,,,,,,,,,,,,,,,,,,,,,,,,,,,,,,,,,,,,,,,,,,,,,,,,,,,,,,,,,,,,,,,,,,,,,,,,,,,,,,,,,,,,,,,,,,,,,,,,,,,,,,,,,,0.0,263,72
2026-27,football,Minnesota Intercollegiate Athletic Conference (MIAC),miac,Augsburg,"Smith,Jaiden",Jaiden,Smith,,38,"Smith,Jaiden","SMITH,JAIDEN",Augsburg,AU,1103-13606,1,0,6,6,0,WR,0,0,,,,,,,,,,,,,,,,,,,,,,,,,,,,,,,,,,,,,,,,,,,,,,,,,,,,,,,,,,,,,,,,,,,,,,,,,,,,,,,,,,,,,,,,,,,,,,,,,,,,,,,,,,,,,,,,,,,,,,,,,,,,,,,,0.0,264,72
2026-27,football,Minnesota Intercollegiate Athletic Conference (MIAC),miac,Gustavus,"Stahl,Zach",Zach,Stahl,,266,"Stahl,Zach","STAHL,ZACH",Gustavus,GAC,1108-9577,1,0,55,5E,0,OL,0,0,,,,,,,,,,,,,,,,,,,,,,,,,,,,,,,,,,,,,,,,,,,,,,,,,,,,,,,,,,,,,,,,,,,,,,,,,,,,,,,,,,,,,,,,,,,,,,,,,,,,,,,,,,,,,,,,,,,,,,,,,,,,,,,,0.0,265,72
2026-27,football,Minnesota Intercollegiate Athletic Conference (MIAC),miac,Gustavus,"Sturm,Brayden",Brayden,Sturm,,266,"Sturm,Brayden","STURM,BRAYDEN",Gustavus,GAC,1108-9578,1,0,9,9,0,WR,0,0,,,,,,,,,,,,,,,,,,,,,,,,,,,,,,,,,,,,,,,,,,,,,,,,,,,,,,,,,,,,,,,,,,,,,,,,,,,,,,,,,,,,,,,,,,,,,,,,,,,,,,,,,,,,,,,,,,,,,,,,,,,,,,,,0.0,266,72
2026-27,football,Minnesota Intercollegiate Athletic Conference (MIAC),miac,Carleton,"Sullivan,Liam",Liam,Sullivan,,118,"Sullivan,Liam","SULLIVAN,LIAM",Carleton,CAR,1105-141,1,1,67,67,0,OL,0,0,,,,,,,,,,,,,,,,,,,,,,,,,,,,,,,,,,,,,,,,,,,,,,,,,,,,,,,,,,,,,,,,,,,,,,,,,,,,,,,,,,,,,,,,,,,,,,,,,,,,,,,,,,,,,,,,,,,,,,,,,,,,,,,,0.0,267,72
2026-27,football,Minnesota Intercollegiate Athletic Conference (MIAC),miac,Macalester,"Swarbrick,Griffin",Griffin,Swarbrick,,376,"Swarbrick,Griffin","SWARBRICK,GRIFFIN",Macalester,MAC,0,0,0,26,26,0,0,LB,0,,,,,,,,,,,,,,,,,,,,,,,,,,,,,,,,,,,,,,,,,,,,,,,,,,,,,,,,,,,,,,,,,,,,,,,,,,,,,,,,,,,,,,,,,,,,,,,,,,,,,,,,,,,,,,,,,,,,,,,,,,,,,,,,0.0,268,72
2026-27,football,Minnesota Intercollegiate Athletic Conference (MIAC),miac,St. Olaf,"Swedberg,Owen",Owen,Swedberg,,615,"Swedberg,Owen","SWEDBERG,OWEN",St. Olaf,STO,1117-5348,1,1,79,79,0,OL,0,0,,,,,,,,,,,,,,,,,,,,,,,,,,,,,,,,,,,,,,,,,,,,,,,,,,,,,,,,,,,,,,,,,,,,,,,,,,,,,,,,,,,,,,,,,,,,,,,,,,,,,,,,,,,,,,,,,,,,,,,,,,,,,,,,0.0,269,72
2026-27,football,Minnesota Intercollegiate Athletic Conference (MIAC),miac,Saint John's,Tanner Davis,Tanner,Davis,,602,Tanner Davis,"DAVIS,TANNER",Saint John's,SJU,1115-8707,1,0,18,18,0,0,0,0,,,,,,,,,,,,,,,,,,,,,,,,,,,,,,,,,,,,,,,,,,,,,,,,,,,,,,,,,,,,,,,,,,,,,,,,,,,,,,,,,,,,,,,,,,,,,,,,,,,,,,,,,,,,,,,,,,,,,,,,,,,,,,,,0.0,270,72
2026-27,football,Minnesota Intercollegiate Athletic Conference (MIAC),miac,Saint John's,Thomas Graves,Thomas,Graves,,602,Thomas Graves,"GRAVES,THOMAS",Saint John's,SJU,1115-8502,1,1,71,71,0,OL,0,0,,,,,,,,,,,,,,,,,,,,,,,,,,,,,,,,,,,,,,,,,,,,,,,,,,,,,,,,,,,,,,,,,,,,,,,,,,,,,,,,,,,,,,,,,,,,,,,,,,,,,,,,,,,,,,,,,,,,,,,,,,,,,,,,0.0,271,72
2026-27,football,Minnesota Intercollegiate Athletic Conference (MIAC),miac,Saint John's,Tyler Smith,Tyler,Smith,,602,Tyler Smith,"SMITH,TYLER",Saint John's,SJU,1115-8782,1,0,35,35,0,0,0,0,,,,,,,,,,,,,,,,,,,,,,,,,,,,,,,,,,,,,,,,,,,,,,,,,,,,,,,,,,,,,,,,,,,,,,,,,,,,,,,,,,,,,,,,,,,,,,,,,,,,,,,,,,,,,,,,,,,,,,,,,,,,,,,,0.0,272,72
2026-27,football,Minnesota Intercollegiate Athletic Conference (MIAC),miac,Concordia,"Uttech,Drew",Drew,Uttech,,161,"Uttech,Drew","UTTECH,DREW",Concordia,CON,0,1,0,47,47,0,0,0,0,,,,,,,,,,,,,,,,,,,,,,,,,,,,,,,,,,,,,,,,,,,,,,,,,,,,,,,,,,,,,,,,,,,,,,,,,,,,,,,,,,,,,,,,,,,,,,,,,,,,,,,,,,,,,,,,,,,,,,,,,,,,,,,,0.0,273,71
2026-27,football,Minnesota Intercollegiate Athletic Conference (MIAC),miac,Gustavus,"Van Patten,Blake",Blake,Van Patten,,266,"Van Patten,Blake","VAN PATTEN,BLAKE",Gustavus,GAC,1108-9580,1,1,68,68,0,OL,0,0,,,,,,,,,,,,,,,,,,,,,,,,,,,,,,,,,,,,,,,,,,,,,,,,,,,,,,,,,,,,,,,,,,,,,,,,,,,,,,,,,,,,,,,,,,,,,,,,,,,,,,,,,,,,,,,,,,,,,,,,,,,,,,,,0.0,274,71
2026-27,football,Minnesota Intercollegiate Athletic Conference (MIAC),miac,Gustavus,"Vang,Camron",Camron,Vang,,266,"Vang,Camron","VANG,CAMRON",Gustavus,GAC,1108-8566,1,0,3,3,0,WR,0,0,,,,,,,,,,,,,,,,,,,,,,,,,,,,,,,,,,,,,,,,,,,,,,,,,,,,,,,,,,,,,,,,,,,,,,,,,,,,,,,,,,,,,,,,,,,,,,,,,,,,,,,,,,,,,,,,,,,,,,,,,,,,,,,,0.0,275,71
2026-27,football,Minnesota Intercollegiate Athletic Conference (MIAC),miac,Gustavus,"Vollertson,Hurley",Hurley,Vollertson,,266,"Vollertson,Hurley","VOLLERTSON,HURLEY",Gustavus,GAC,1108-9192,1,0,25,25,0,0,LB,0,,,,,,,,,,,,,,,,,,,,,,,,,,,,,,,,,,,,,,,,,,,,,,,,,,,,,,,,,,,,,,,,,,,,,,,,,,,,,,,,,,,,,,,,,,,,,,,,,,,,,,,,,,,,,,,,,,,,,,,,,,,,,,,,0.0,276,71
2026-27,football,Minnesota Intercollegiate Athletic Conference (MIAC),miac,Gustavus,"Walrack,Tysen",Tysen,Walrack,,266,"Walrack,Tysen","WALRACK,TYSEN",Gustavus,GAC,1108-9581,1,1,71,71,0,OL,0,0,,,,,,,,,,,,,,,,,,,,,,,,,,,,,,,,,,,,,,,,,,,,,,,,,,,,,,,,,,,,,,,,,,,,,,,,,,,,,,,,,,,,,,,,,,,,,,,,,,,,,,,,,,,,,,,,,,,,,,,,,,,,,,,,0.0,277,71
2026-27,football,Minnesota Intercollegiate Athletic Conference (MIAC),miac,Gustavus,"Watson,Owen",Owen,Watson,,266,"Watson,Owen","WATSON,OWEN",Gustavus,GAC,1108-8568,1,1,5,5,0,TE,0,0,,,,,,,,,,,,,,,,,,,,,,,,,,,,,,,,,,,,,,,,,,,,,,,,,,,,,,,,,,,,,,,,,,,,,,,,,,,,,,,,,,,,,,,,,,,,,,,,,,,,,,,,,,,,,,,,,,,,,,,,,,,,,,,,0.0,278,71
2026-27,football,Minnesota Intercollegiate Athletic Conference (MIAC),miac,St. Scholastica,"Werk,Layne",Layne,Werk,,618,"Werk,Layne","WERK,LAYNE",St. Scholastica,CSS,1402-7288,1,1,66,66,0,OL,0,0,,,,,,,,,,,,,,,,,,,,,,,,,,,,,,,,,,,,,,,,,,,,,,,,,,,,,,,,,,,,,,,,,,,,,,,,,,,,,,,,,,,,,,,,,,,,,,,,,,,,,,,,,,,,,,,,,,,,,,,,,,,,,,,,0.0,279,71
2026-27,football,Minnesota Intercollegiate Athletic Conference (MIAC),miac,Saint John's,Will Seymour,Will,Seymour,,602,Will Seymour,"SEYMOUR,WILL",Saint John's,SJU,1115-8536,1,0,1S,1S,0,0,0,0,,,,,,,,,,,,,,,,,,,,,,,,,,,,,,,,,,,,,,,,,,,,,,,,,,,,,,,,,,,,,,,,,,,,,,,,,,,,,,,,,,,,,,,,,,,,,,,,,,,,,,,,,,,,,,,,,,,,,,,,,,,,,,,,0.0,280,71
2026-27,football,Minnesota Intercollegiate Athletic Conference (MIAC),miac,Macalester,"Wilson,Seth",Seth,Wilson,,376,"Wilson,Seth","WILSON,SETH",Macalester,MAC,0,0,0,90,90,0,0,DL,0,,,,,,,,,,,,,,,,,,,,,,,,,,,,,,,,,,,,,,,,,,,,,,,,,,,,,,,,,,,,,,,,,,,,,,,,,,,,,,,,,,,,,,,,,,,,,,,,,,,,,,,,,,,,,,,,,,,,,,,,,,,,,,,,0.0,281,71
2026-27,football,Minnesota Intercollegiate Athletic Conference (MIAC),miac,Macalester,"Wyatt,Jason",Jason,Wyatt,,376,"Wyatt,Jason","WYATT,JASON",Macalester,MAC,0,1,1,65,65,0,OL,0,0,,,,,,,,,,,,,,,,,,,,,,,,,,,,,,,,,,,,,,,,,,,,,,,,,,,,,,,,,,,,,,,,,,,,,,,,,,,,,,,,,,,,,,,,,,,,,,,,,,,,,,,,,,,,,,,,,,,,,,,,,,,,,,,,0.0,282,71
2026-27,football,Minnesota Intercollegiate Athletic Conference (MIAC),miac,Hamline,"Yates,Cooper",Cooper,Yates,,268,"Yates,Cooper","YATES,COOPER",Hamline,HAM,0,0,0,72,72,0,OL,0,0,,,,,,,,,,,,,,,,,,,,,,,,,,,,,,,,,,,,,,,,,,,,,,,,,,,,,,,,,,,,,,,,,,,,,,,,,,,,,,,,,,,,,,,,,,,,,,,,,,,,,,,,,,,,,,,,,,,,,,,,,,,,,,,,0.0,283,71
2026-27,football,Minnesota Intercollegiate Athletic Conference (MIAC),miac,Bethel,"Yunker,Kaleb",Kaleb,Yunker,,60,"Yunker,Kaleb","YUNKER,KALEB",Bethel,BET,1104-8029,1,0,87,87,0,TE,0,0,,,,,,,,,,,,,,,,,,,,,,,,,,,,,,,,,,,,,,,,,,,,,,,,,,,,,,,,,,,,,,,,,,,,,,,,,,,,,,,,,,,,,,,,,,,,,,,,,,,,,,,,,,,,,,,,,,,,,,,,,,,,,,,,0.0,284,70
2026-27,football,Minnesota Intercollegiate Athletic Conference (MIAC),miac,Macalester,"Zapzalka,Elijah",Elijah,Zapzalka,,376,"Zapzalka,Elijah","ZAPZALKA,ELIJAH",Macalester,MAC,1110-5368,1,1,66,66,0,OL,0,0,,,,,,,,,,,,,,,,,,,,,,,,,,,,,,,,,,,,,,,,,,,,,,,,,,,,,,,,,,,,,,,,,,,,,,,,,,,,,,,,,,,,,,,,,,,,,,,,,,,,,,,,,,,,,,,,,,,,,,,,,,,,,,,,0.0,285,70
2026-27,football,Minnesota Intercollegiate Athletic Conference (MIAC),miac,Gustavus,"Boutwell,Zach",Zach,Boutwell,,266,"Boutwell,Zach","BOUTWELL,ZACH",Gustavus,GAC,1108-8575,1,1,0,0,0,0,DB,0,,,,,,,,0,3,2,5,5,.0,.0,.0,0,0,0,0,0,0,0,0,0,0,0,0,0,0,0,0,,,,,,,,,,,,,,,,,,,,,,,,,,,,,,,,,,,,,,,,,,,,,,,,,,,,,,,,,,,,,,,,,,,,,,,,,,,,,,,,,,,,,,,,,,,,,,,,,-0.03869293552641953,286,70
2026-27,football,Minnesota Intercollegiate Athletic Conference (MIAC),miac,Augsburg,"Dickerson,CJ",CJ,Dickerson,,38,"Dickerson,CJ","DICKERSON,CJ",Augsburg,AU,1103-13220,1,0,95,95,0,0,DL,0,,,,,,,,0,0,5,5,5,.0,.0,.0,0,0,0,0,0,0,0,0,0,0,0,0,0,0,0,0,,,,,,,,,,,,,,,,,,,,,,,,,,,,,,,,,,,,,,,,,,,,,,,,,,,,,,,,,,,,,,,,,,,,,,,,,,,,,,,,,,,,,,,,,,,,,,,,,-0.03869293552641953,287,70
2026-27,football,Minnesota Intercollegiate Athletic Conference (MIAC),miac,St. Scholastica,"Kattchee,Gabe",Gabe,Kattchee,,618,"Kattchee,Gabe","KATTCHEE,GABE",St. Scholastica,CSS,1402-7464,1,1,9,9A,0,0,DL,0,,,,,,,,0,1,4,5,5,.0,.0,.0,0,0,0,0,0,0,0,0,0,0,0,0,0,0,0,0,,,,,,,,,,,,,,,,,,,,,,,,,,,,,,,,,,,,,,,,,,,,,,,,,,,,,,,,,,,,,,,,,,,,,,,,,,,,,,,,,,,,,,,,,,,,,,,,,-0.03869293552641953,288,70
2026-27,football,Minnesota Intercollegiate Athletic Conference (MIAC),miac,St. Scholastica,"Lassila,John",John,Lassila,,618,"Lassila,John","LASSILA,JOHN",St. Scholastica,CSS,1402-7285,1,1,98,98,0,0,DL,0,,,,,,,,0,1,4,5,5,.0,.0,.0,0,0,0,0,0,0,0,0,0,0,0,0,0,0,0,0,,,,,,,,,,,,,,,,,,,,,,,,,,,,,,,,,,,,,,,,,,,,,,,,,,,,,,,,,,,,,,,,,,,,,,,,,,,,,,,,,,,,,,,,,,,,,,,,,-0.03869293552641953,289,70
2026-27,football,Minnesota Intercollegiate Athletic Conference (MIAC),miac,Carleton,"McKinley,Brayden",Brayden,McKinley,,118,"McKinley,Brayden","MCKINLEY,BRAYDEN",Carleton,CAR,1105-1263,1,1,26,26,0,0,DB,0,,,,,,,,0,1,4,5,5,.0,.0,.0,0,0,0,0,0,0,0,0,0,0,0,0,0,0,0,0,,,,,,,,,,,,,,,,,,,,,,,,,,,,,,,,,,,,,,,,,,,,,,,,,,,,,,,,,,,,,,,,,,,,,,,,,,,,,,,,,,,,,,,,,,,,,,,,,-0.03869293552641953,290,70
2026-27,football,Minnesota Intercollegiate Athletic Conference (MIAC),miac,Concordia,"Rittenbach,Maxwell",Maxwell,Rittenbach,,161,"Rittenbach,Maxwell","RITTENBACH,MAXWELL",Concordia,CON,0,1,0,28,28,0,0,LB,0,,,,,,,,0,2,3,5,5,.0,.0,.0,0,0,0,0,0,0,0,0,0,0,0,0,0,0,0,0,,,,,,,,,,,,,,,,,,,,,,,,,,,,,,,,,,,,,,,,,,,,,,,,,,,,,,,,,,,,,,,,,,,,,,,,,,,,,,,,,,,,,,,,,,,,,,,,,-0.03869293552641953,291,70
2026-27,football,Minnesota Intercollegiate Athletic Conference (MIAC),miac,Augsburg,"Sherwood,Rashad",Rashad,Sherwood,,38,"Sherwood,Rashad","SHERWOOD,RASHAD",Augsburg,AU,1103-13423,1,1,5,5,0,0,DB,0,,,,,,,,0,3,2,5,5,.0,.0,.0,0,0,0,0,0,0,0,0,0,0,0,0,0,0,0,0,,,,,,,,,,,,,,,,,,,,,,,,,,,,,,,,,,,,,,,,,,,,,,,,,,,,,,,,,,,,,,,,,,,,,,,,,,,,,,,,,,,,,,,,,,,,,,,,,-0.03869293552641953,292,70
2026-27,football,Minnesota Intercollegiate Athletic Conference (MIAC),miac,Carleton,"Williams,Cordae",Cordae,Williams,,118,"Williams,Cordae","WILLIAMS,CORDAE",Carleton,CAR,1105-1385,1,1,11,28,0,0,DB,0,,,,,,,,0,1,4,5,5,.0,.0,.0,0,0,0,0,0,0,0,0,0,0,0,0,0,0,0,0,,,,,,,,,,,,,,,,,,,,,,,,,,,,,,,,,,,,,,,,,,,,,,,,,,,,,,,,,,,,,,,,,,,,,,,,,,,,,,,,,,,,,,,,,,,,,,,,,-0.03869293552641953,293,70
2026-27,football,Minnesota Intercollegiate Athletic Conference (MIAC),miac,St. Olaf,"Floden,Soren",Soren,Floden,,615,"Floden,Soren","FLODEN,SOREN",St. Olaf,STO,1117-5338,1,0,49,49,0,0,0,0,,,,,,,,,,,,,,,,,,,,,,,,,,,,,,,,,,,,,,,,,,,,,,,,,,,,,,,,,,,,,,,,,,,,,,,,,,,,,,,,,,,,,,,,,,,,,,,,,,,,,,,,,,,,,,,,,,,4,158,44,0,0,0,0,0,39.5,,,,,-0.06832286355286873,294,70
2026-27,football,Minnesota Intercollegiate Athletic Conference (MIAC),miac,St. Olaf,"Gardner,Patty",Patty,Gardner,,615,"Gardner,Patty","GARDNER,PATTY",St. Olaf,STO,1117-5519,1,0,35,1A,0,0,0,0,,,,,,,,0,0,0,0,0,.0,.0,.0,0,0,0,0,0,0,0,0,0,0,0,0,0,0,0,0,,,,,,,,,,,,,,,,,,,,,,,,,,,,,,,,,1,0,1,0,0,0,0,0,0,4,4,4,,,,,,,,,,,,,,,,,,4,216,0,0,54.0,1,2,37,0,50.0,2,1,0,0,0,0,0,0,0,0,0,0,,,,,,,,,,,,,,-0.07510087057908216,295,69
2026-27,football,Minnesota Intercollegiate Athletic Conference (MIAC),miac,St. Olaf,"Harris,Will",Will,Harris,,615,"Harris,Will","HARRIS,WILL",St. Olaf,STO,1117-5098,1,1,10,10,0,0,DB,0,,,,,,,,0,1,0,1,1,.0,.0,.0,0,0,0,0,0,0,0,1,0,0,0,0,0,0,0,1,,,,,,,,,,,,,,,,,,,,,,,,,,,,,,,,,,,,,,,,,,,,,,,,,,,,,,,,,,,,,,,,,,,,,,,,,,,,,,,,,,,,,,,,,,,,,,,,,-0.08659401281017765,296,69
2026-27,football,Minnesota Intercollegiate Athletic Conference (MIAC),miac,St. Olaf,"Blackburn,Jason",Jason,Blackburn,,615,"Blackburn,Jason","BLACKBURN,JASON",St. Olaf,STO,1117-5729,1,0,7,1F,0,RB,0,0,,,,,,,,,,,,,,,,,,,,,,,,,,,,,,,,,,,,,,,,,,,,,,,,,,,,2,5,0,5,2.5,,,,,,,,,,,,,,,,,,,,,,,,,,,,,,,,,,,,,,,,,,,,,,,,,,,,,,,,,,,,,,,,,,,,,,,,-0.11669628470876231,297,69
2026-27,football,Minnesota Intercollegiate Athletic Conference (MIAC),miac,Augsburg,"Ritchie,CJ",CJ,Ritchie,,38,"Ritchie,CJ","RITCHIE,CJ",Augsburg,AU,1103-13091,1,0,1,1,0,WR,0,0,,,,,,,,,,,,,,,,,,,,,,,,,,,,,,,,,,,,,,,2,33,0,20,16.5,,,,,,,,,,,,,,,,,,,,,,,,,,,,,,,,,,,,,,,,,,,,,,,,,,,,,,,,,,,,,,,,,,,,,,,,,,,,,,,,,,,,,-0.1280691531103877,298,69
2026-27,football,Minnesota Intercollegiate Athletic Conference (MIAC),miac,Bethel,"Cox,Lavontae",Lavontae,Cox,,60,"Cox,Lavontae","COX,LAVONTAE",Bethel,BET,1104-7983,1,0,20,20,0,RB,0,0,,,,,,,,,,,,,,,,,,,,,,,,,,,,,,,,,,,,,,,,,,,,,,,,,,,,,,,,,,,,,,,,,,,,,,,,,,,,,,,,,,,,,,,,1,26,0,26,26.0,,,,,,,,,,,,,,,,,,,,,,,,,,,,,,,,,,,,-0.1487780917618153,299,69
2026-27,football,Minnesota Intercollegiate Athletic Conference (MIAC),miac,St. Scholastica,"Jackson,Jeremiah",Jeremiah,Jackson,,618,"Jackson,Jeremiah","JACKSON,JEREMIAH",St. Scholastica,CSS,1402-7859,1,1,8,8C,0,WR,0,0,,,,,,,,,,,,,,,,,,,,,,,,,,,,,,,,,,,,,,,3,31,0,21,10.3,,,,,,,,,,,,,,,,,,,,,,,,,,,,,,,,,,,,,,,,,,,,,,,,,,,,,,,,,,,,,,,,,,,,,,,,,,,,,,,,,,,,,-0.18623535757489285,300,69
2026-27,football,Minnesota Intercollegiate Athletic Conference (MIAC),miac,Carleton,"Dimond,Tyler",Tyler,Dimond,,118,"Dimond,Tyler","DIMOND,TYLER",Carleton,CAR,1105-886,1,1,80,80,0,WR,0,0,,,,,,,,0,0,0,0,0,.0,.0,.0,0,0,0,0,0,0,0,0,0,0,0,0,0,0,0,0,,,,,,,,2,37,1,37,18.5,2,4,6,2,0,6,2.0,4.0,,,,,,,,,,,,,0,1,0,0,0,0,0,0,0,6,6,6,,,,,,,,,,,,,3,67,0,34,22.3,,,,,,,,,,,,,,,,,,,,,,,,,,,,,,,,,,,,-0.20607570799317054,301,69
2026-27,football,Minnesota Intercollegiate Athletic Conference (MIAC),miac,Concordia,"Mattern,Jax",Jax,Mattern,,161,"Mattern,Jax","MATTERN,JAX",Concordia,CON,0,1,0,11,1M,0,QB,0,0,,,,,,,,,,,,,,,,,,,,,,,,,,,,,,,,,,,,,,,,,,,,10,93,97,4,0,51,9.3,93.0,,,,,,,,,,,,,,,,,,,,,,,,,3,1,35,0,64,1,9,2,59.7,7.11,32.00,64.0,,,,,,,,,,,,,,,,,,,,,,,,,,,,,,,,,,,,,,,,,-0.20765180109671583,302,69
2026-27,football,Minnesota Intercollegiate Athletic Conference (MIAC),miac,Saint John's,Hudson Poole,Hudson,Poole,,602,Hudson Poole,"POOLE,HUDSON",Saint John's,SJU,1115-8529,1,0,20,20,0,0,0,0,,,,,,,,,,,,,,,,,,,,,,,,,,,,,,,,,,,,,,,,,,,,,,,,,,,,1,2,0,2,2.0,,,,,,,,,,,,,,,,,,,,,,,,,,,,,,,,,,,,,,,,,,,,,,,,,,,,,,,,,,,,,,,,,,,,,,,,-0.21005331247577216,303,69
2026-27,football,Minnesota Intercollegiate Athletic Conference (MIAC),miac,Hamline,"Dart,Eliyas",Eliyas,Dart,,268,"Dart,Eliyas","DART,ELIYAS",Hamline,HAM,1109-5657,1,0,93,93,0,0,DL,0,,,,,,,,0,1,2,3,3,.0,.0,.0,0,0,0,0,0,0,0,0,1,0,0,0,1,0,0,0,,,,,,,,,,,,,,,,,,,,,,,,,,,,,,,0,0,,,,,,,,,,,,,,,,,,,,,,,,,,,,,,,,,,,,,,,,,,,,,,,,,,,,,,,,,,,,,,,,,-0.21036204007308396,304,69
2026-27,football,Minnesota Intercollegiate Athletic Conference (MIAC),miac,Bethel,"Janes,Roman",Roman,Janes,,60,"Janes,Roman","JANES,ROMAN",Bethel,BET,1104-7631,1,1,44,44,0,TE,0,0,,,,,,,,,,,,,,,,,,,,,,,,,,,,,,,,,,,,,,,3,30,0,14,10.0,,,,,,,,,,,,,,,,,,,,,,,,,,,,,,,,,,,,,,,,,,,,,,,,,,,,,,,,,,,,,,,,,,,,,,,,,,,,,,,,,,,,,-0.21531845980714542,305,69
2026-27,football,Minnesota Intercollegiate Athletic Conference (MIAC),miac,Concordia,"Gravink,Collin",Collin,Gravink,,161,"Gravink,Collin","GRAVINK,COLLIN",Concordia,CON,0,1,0,24,2G,0,RB,0,0,,,,,,,,,,,,,,,,,,,,,,,,,,,,,,,,,,,,,,,,,,,,3,19,19,0,0,11,6.3,19.0,,,,,,,,,,,,,,,,,,,,,,,,,,,,,,,,,,,,,,,,,,,,,,,,,,,,,,,,,,,,,,,,,,,,,,,,,,,,,-0.24554691611970425,306,68
2026-27,football,Minnesota Intercollegiate Athletic Conference (MIAC),miac,Hamline,"Doan,Ryan",Ryan,Doan,,268,"Doan,Ryan","DOAN,RYAN",Hamline,HAM,1109-5627,1,0,80,80,0,WR,0,0,,,,,,,,,,,,,,,,,,,,,,,,,,,,,,,,,,,,,,,2,28,0,18,14.0,,,,,,,,,,,,,,,,,,,,,,,,,,,,,,,,,,,,,,,,,,,,,,,,,,,,,,,,,,,,,,,,,,,,,,,,,,,,,,,,,,,,,-0.2734846642716506,307,68
2026-27,football,Minnesota Intercollegiate Athletic Conference (MIAC),miac,Hamline,"Augustine,Alex",Alex,Augustine,,268,"Augustine,Alex","AUGUSTINE,ALEX",Hamline,HAM,0,1,0,26,26,0,0,DB,0,,,,,,,,0,3,1,4,4,.0,.0,.0,0,0,0,0,0,0,0,0,0,0,0,0,0,0,0,0,,,,,,,,,,,,,,,,,,,,,,,,,,,,,,,,,,,,,,,,,,,,,,,,,,,,,,,,,,,,,,,,,,,,,,,,,,,,,,,,,,,,,,,,,,,,,,,,,-0.29773256855663954,308,68
2026-27,football,Minnesota Intercollegiate Athletic Conference (MIAC),miac,Carleton,"Bevan,Bryce",Bryce,Bevan,,118,"Bevan,Bryce","BEVAN,BRYCE",Carleton,CAR,1105-1143,1,0,36,36,0,0,DB,0,,,,,,,,0,1,3,4,4,.0,.0,.0,0,0,0,0,0,0,0,0,0,0,0,0,0,0,0,0,,,,,,,,,,,,,,,,,,,,,,,,,,,,,,,,,,,,,,,,,,,,,,,,,,,,,,,,,,,,,,,,,,,,,,,,,,,,,,,,,,,,,,,,,,,,,,,,,-0.29773256855663954,309,68
2026-27,football,Minnesota Intercollegiate Athletic Conference (MIAC),miac,St. Olaf,"Bosch,Logan",Logan,Bosch,,615,"Bosch,Logan","BOSCH,LOGAN",St. Olaf,STO,1117-5323,1,0,26,26,0,0,LB,0,,,,,,,,0,3,1,4,4,.0,.0,.0,0,0,0,0,0,0,0,0,0,0,0,0,0,0,0,0,,,,,,,,,,,,,,,,,,,,,,,,,,,,,,,,,,,,,,,,,,,,,,,,,,,,,,,,,,,,,,,,,,,,,,,,,,,,,,,,,,,,,,,,,,,,,,,,,-0.29773256855663954,310,68
2026-27,football,Minnesota Intercollegiate Athletic Conference (MIAC),miac,Bethel,"Conant,Phil",Phil,Conant,,60,"Conant,Phil","CONANT,PHIL",Bethel,BET,1104-7623,1,1,47,47,0,0,DL,0,,,,,,,,0,4,0,4,4,.0,.0,.0,0,0,0,0,0,0,0,0,0,0,0,0,0,0,0,0,,,,,,,,,,,,,,,,,,,,,,,,,,,,,,,,,,,,,,,,,,,,,,,,,,,,,,,,,,,,,,,,,,,,,,,,,,,,,,,,,,,,,,,,,,,,,,,,,-0.29773256855663954,311,68
2026-27,football,Minnesota Intercollegiate Athletic Conference (MIAC),miac,Carleton,"Dharmarajan,Anil",Anil,Dharmarajan,,118,"Dharmarajan,Anil","DHARMARAJAN,ANIL",Carleton,CAR,1105-1020,1,1,30,30,0,0,LB,0,,,,,,,,0,1,3,4,4,.0,.0,.0,0,0,0,0,0,0,0,0,0,0,0,0,0,0,0,0,,,,,,,,,,,,,,,,,,,,,,,,,,,,,,,,,,,,,,,,,,,,,,,,,,,,,,,,,,,,,,,,,,,,,,,,,,,,,,,,,,,,,,,,,,,,,,,,,-0.29773256855663954,312,68
2026-27,football,Minnesota Intercollegiate Athletic Conference (MIAC),miac,Saint John's,Grady Minnerath,Grady,Minnerath,,602,Grady Minnerath,"MINNERATH,GRADY",Saint John's,SJU,1115-8520,1,1,97,97,0,0,DL,0,,,,,,,,0,2,2,4,4,.0,.0,.0,0,0,0,0,0,0,0,0,0,0,0,0,0,0,0,0,,,,,,,,,,,,,,,,,,,,,,,,,,,,,,,,,,,,,,,,,,,,,,,,,,,,,,,,,,,,,,,,,,,,,,,,,,,,,,,,,,,,,,,,,,,,,,,,,-0.29773256855663954,313,68
2026-27,football,Minnesota Intercollegiate Athletic Conference (MIAC),miac,St. Olaf,"Kerber,Josh",Josh,Kerber,,615,"Kerber,Josh","KERBER,JOSH",St. Olaf,STO,1117-5333,1,1,44,44,0,0,LB,0,,,,,,,,0,2,2,4,4,.0,.0,.0,0,0,0,0,0,0,0,0,0,0,0,0,0,0,0,0,,,,,,,,,,,,,,,,,,,,,,,,,,,,,,,,,,,,,,,,,,,,,,,,,,,,,,,,,,,,,,,,,,,,,,,,,,,,,,,,,,,,,,,,,,,,,,,,,-0.29773256855663954,314,68
2026-27,football,Minnesota Intercollegiate Athletic Conference (MIAC),miac,Carleton,"Pavlovich,Stefan",Stefan,Pavlovich,,118,"Pavlovich,Stefan","PAVLOVICH,STEFAN",Carleton,CAR,1105-1155,1,0,34,34,0,0,DB,0,,,,,,,,0,1,3,4,4,.0,.0,.0,0,0,0,0,0,0,0,0,0,0,0,0,0,0,0,0,,,,,,,,,,,,,,,,,,,,,,,,,,,,,,,,,,,,,,,,,,,,,,,,,,,,,,,,,,,,,,,,,,,,,,,,,,,,,,,,,,,,,,,,,,,,,,,,,-0.29773256855663954,315,68
2026-27,football,Minnesota Intercollegiate Athletic Conference (MIAC),miac,Macalester,"Pierce,Hayden",Hayden,Pierce,,376,"Pierce,Hayden","PIERCE,HAYDEN",Macalester,MAC,1110-5127,1,0,23,23,0,0,DB,0,,,,,,,,0,2,2,4,4,.0,.0,.0,0,0,0,0,0,0,0,0,0,0,0,0,0,0,0,0,,,,,,,,,,,,,,,,,,,,,,,,,,,,,,,,,,,,,,,,,,,,,,,,,,,,,,,,,,,,,,,,,,,,,,,,,,,,,,,,,,,,,,,,,,,,,,,,,-0.29773256855663954,316,68
2026-27,football,Minnesota Intercollegiate Athletic Conference (MIAC),miac,St. Olaf,"Rollinger,Nick",Nick,Rollinger,,615,"Rollinger,Nick","ROLLINGER,NICK",St. Olaf,STO,1117-5097,1,1,28,28,0,0,DB,0,,,,,,,,0,4,0,4,4,.0,.0,.0,0,0,0,0,0,0,0,0,0,0,0,0,0,0,0,0,,,,,,,,,,,,,,,,,,,,,,,,,,,,,,,,,,,,,,,,,,,,,,,,,,,,,,,,,,,,,,,,,,,,,,,,,,,,,,,,,,,,,,,,,,,,,,,,,-0.29773256855663954,317,67
2026-27,football,Minnesota Intercollegiate Athletic Conference (MIAC),miac,Carleton,"Turner,Kai",Kai,Turner,,118,"Turner,Kai","TURNER,KAI",Carleton,CAR,1105-1383,1,0,45,45,0,0,LB,0,,,,,,,,,,,,,,,,,,,,,,,,,,,,,,,,,,,,,,,,,,,,,,,,,,,,,,,,,,,,,,,,,,,,,,,,,,,,,,,,,,,,,,,,1,14,0,14,14.0,,,,,,,,,,,,,,,,,,,,,,,,,,,,,,,,,,,,-0.30509793011063513,318,67
2026-27,football,Minnesota Intercollegiate Athletic Conference (MIAC),miac,Augsburg,"Sando,Derrick",Derrick,Sando,,38,"Sando,Derrick","SANDO,DERRICK",Augsburg,AU,1103-13422,1,1,36,36,0,RB,0,0,,,,,,,,,,,,,,,,,,,,,,,,,,,,,,,,,,,,,,,0,0,0,0,.0,19,45,48,3,0,8,2.4,45.0,,,,,,,,,,,,,,,,,,,,,,,,,,,,,,,,,,,,,,,,,,,,,,,,,,,,,,,,,,,,,,,,,,,,,,,,,,,,,-0.33949576761391875,319,67
2026-27,football,Minnesota Intercollegiate Athletic Conference (MIAC),miac,St. Olaf,"Olson,Carter",Carter,Olson,,615,"Olson,Carter","OLSON,CARTER",St. Olaf,STO,1117-5318,1,1,13,13,0,0,DB,0,,,,,,,,0,0,0,0,0,.0,.0,.0,0,0,0,0,0,0,0,1,0,0,0,0,0,0,0,1,,,,,,,,,,,,,,,,,,,,,,,,,,,,,,,,,,,,,,,,,,,,,,,,,,,,,,,,,,,,,,,,,,,,,,,,,,,,,,,,,,,,,,,,,,,,,,,,,-0.34563364584039746,320,67
2026-27,football,Minnesota Intercollegiate Athletic Conference (MIAC),miac,Gustavus,"Soto,Ethan",Ethan,Soto,,266,"Soto,Ethan","SOTO,ETHAN",Gustavus,GAC,1108-10041,1,0,18,18,0,0,DB,0,,,,,,,,0,0,0,0,0,.0,.0,.0,0,0,0,0,0,0,0,1,0,0,0,0,0,0,0,1,,,,,,,,,,,,,,,,,,,,,,,,,,,,,,,,,,,,,,,,,,,,,,,,,,,,,,,,,,,,,,,,,,,,,,,,,,,,,,,,,,,,,,,,,,,,,,,,,-0.34563364584039746,321,67
2026-27,football,Minnesota Intercollegiate Athletic Conference (MIAC),miac,Gustavus,"Frommelt,Liam",Liam,Frommelt,,266,"Frommelt,Liam","FROMMELT,LIAM",Gustavus,GAC,1108-9187,1,0,1,1,0,WR,0,0,,,,,,,,0,0,0,0,0,.0,.0,.0,0,0,0,0,0,0,0,0,0,0,0,0,0,0,0,0,,,,,,,,4,56,0,21,14.0,,,,,,,,,2,32,0,31,16.0,,,,,,,,0,0,0,0,1,0,0,0,0,2,2,2,,,,,,,,,,,,,1,15,0,15,15.0,,,,,,,,,,,0,0,1,1,0,0,0,0,0,0,0,0,,,,,,,,,,,,,,-0.36160321416667207,322,67
2026-27,football,Minnesota Intercollegiate Athletic Conference (MIAC),miac,Augsburg,"Davis,Ben",Ben,Davis,,38,"Davis,Ben","DAVIS,BEN",Augsburg,AU,1103-13036,1,1,2,2,0,WR,0,0,,,,,,,,,,,,,,,,,,,,,,,,,,,,,,,,,,,,,,,4,57,0,22,14.3,1,1,1,0,0,1,1.0,1.0,,,,,,,,,,,,,,,,,,,,,,,,,,,,,,,,,,,,,,,,,,,,,,,,,,,,,,,,,,,,,,,,,,,,,,,,,,,,,-0.3636803908502281,323,67
2026-27,football,Minnesota Intercollegiate Athletic Conference (MIAC),miac,Gustavus,"Hennen,Walker",Walker,Hennen,,266,"Hennen,Walker","HENNEN,WALKER",Gustavus,GAC,1108-9170,1,0,23,23,0,RB,0,0,,,,,,,,,,,,,,,,,,,,,,,,,,,,,,,,,,,,,,,,,,,,3,23,25,2,0,15,7.7,23.0,,,,,,,,,,,,,,,,,,,,,,,,,,,,,,,,,,,,,1,16,0,16,16.0,,,,,,,,,,,,,,,,,,,,,,,,,,,,,,,,,,,,-0.3716895897957142,324,67
2026-27,football,Minnesota Intercollegiate Athletic Conference (MIAC),miac,Augsburg,"Webster,Dominic",Dominic,Webster,,38,"Webster,Dominic","WEBSTER,DOMINIC",Augsburg,AU,1103-13609,1,1,88,88,0,TE,0,0,,,,,,,,,,,,,,,,,,,,,,,,,,,,,,,,,,,,,,,1,24,0,24,24.0,,,,,,,,,,,,,,,,,,,,,,,,,,,,,,,,,,,,,,,,,,,,,,,,,,,,,,,,,,,,,,,,,,,,,,,,,,,,,,,,,,,,,-0.3898170732006609,325,67
2026-27,football,Minnesota Intercollegiate Athletic Conference (MIAC),miac,St. Olaf,"Pinkney Jr.,Tory",Tory,Pinkney Jr.,,615,"Pinkney Jr.,Tory","PINKNEY JR.,TORY",St. Olaf,STO,1117-5315,1,0,1,1,0,WR,0,0,,,,,,,,,,,,,,,,,,,,,,,,,,,,,,,,,,,,,,,1,22,0,22,22.0,,,,,,,,,,,,,,,,,,,,,,,,,,,,,,,,,,,,,,,,,,,,,,,,,,,,,,,,,,,,,,,,,,,,,,,,,,,,,,,,,,,,,-0.447983277665166,326,67
2026-27,football,Minnesota Intercollegiate Athletic Conference (MIAC),miac,Augsburg,"Hubbard,Nathan",Nathan,Hubbard,,38,"Hubbard,Nathan","HUBBARD,NATHAN",Augsburg,AU,1103-13620,1,0,41,41,0,0,DB,0,,,,,,,,,,,,,,,,,,,,,,,,,,,,,,,,,,,,,,,1,0,0,0,.0,7,42,42,0,0,13,6.0,42.0,,,,,,,,,,,,,,,,,,,,,,,,,,,,,,,,,,,,,,,,,,,,,,,,,,,,,,,,,,,,,,,,,,,,,,,,,,,,,-0.45417223014628494,327,67
2026-27,football,Minnesota Intercollegiate Athletic Conference (MIAC),miac,Gustavus,"Wold,Jordan",Jordan,Wold,,266,"Wold,Jordan","WOLD,JORDAN",Gustavus,GAC,1108-8602,1,1,87,87,0,TE,0,0,,,,,,,,0,0,0,0,0,.0,.0,.0,0,0,0,0,0,0,0,0,0,0,0,0,0,0,0,0,,,,,,,,4,32,1,14,8.0,3,11,11,0,0,7,3.7,11.0,,,,,,,,,,,,,0,1,0,0,0,0,0,0,0,6,6,6,,,,,,,,,,,,,,,,,,,,,,,,,,,,,,,,,,,,,,,,,,,,,,,,,,,,,-0.4692274958422309,328,66
2026-27,football,Minnesota Intercollegiate Athletic Conference (MIAC),miac,St. Olaf,"Phillips,Jaedon",Jaedon,Phillips,,615,"Phillips,Jaedon","PHILLIPS,JAEDON",St. Olaf,STO,1117-5728,1,0,15,15,0,0,LB,0,,,,,,,,0,1,1,2,2,.0,.0,.0,0,0,0,0,0,0,0,0,1,0,0,0,1,0,0,0,,,,,,,,,,,,,,,,,,,,,,,,,,,,,,,0,0,,,,,,,,,,,,,,,,,,,,,,,,,,,,,,,,,,,,,,,,,,,,,,,,,,,,,,,,,,,,,1,0,0,0,-0.4694016731033041,329,66
2026-27,football,Minnesota Intercollegiate Athletic Conference (MIAC),miac,Macalester,"Lieberman,Boaz",Boaz,Lieberman,,376,"Lieberman,Boaz","LIEBERMAN,BOAZ",Macalester,MAC,0,1,0,28,28,0,0,DB,0,,,,,,,,0,2,1,3,3,.0,.0,.0,0,0,0,0,0,0,0,0,0,0,0,0,0,0,0,0,,,,,,,,,,,,,,,,,,,,,1,0,0,0,.0,0,0,0,0,.0,0,0,,,,,,,,,,,,,,,,,,,,,,,,,,,,,,,,,,,,,,,,,,,,,,,,,,,,,,,,,,,,,,,,,-0.48265337106019596,330,66
2026-27,football,Minnesota Intercollegiate Athletic Conference (MIAC),miac,Hamline,"Dunkins,Drevonnte",Drevonnte,Dunkins,,268,"Dunkins,Drevonnte","DUNKINS,DREVONNTE",Hamline,HAM,0,0,0,81,81,0,WR,0,0,,,,,,,,,,,,,,,,,,,,,,,,,,,,,,,,,,,,,,,,,,,,,,,,,,,,,,,,,,,,,,,,,,,,,,,,,,,,,,,,,,,,,,,,0,0,0,0,.0,,,,,,,,,,,,,,,,,,,,,,,,,,,,,,,,,,,,-0.4874710748509249,331,66
2026-27,football,Minnesota Intercollegiate Athletic Conference (MIAC),miac,Hamline,"Minh,Hai",Hai,Minh,,268,"Minh,Hai","MINH,HAI",Hamline,HAM,0,0,0,17,,0,0,LB,0,,,,,,,,,,,,,,,,,,,,,,,,,,,,,,,,,,,,,,,,,,,,,,,,,,,,,,,,,,,,,,,,,,,,,,,,,,,,,,,,,,,,,,,,0,0,0,0,.0,,,,,,,,,,,,,,,,,,,,,,,,,,,,,,,,,,,,-0.4874710748509249,332,66
2026-27,football,Minnesota Intercollegiate Athletic Conference (MIAC),miac,Gustavus,"Morton,Cale",Cale,Morton,,266,"Morton,Cale","MORTON,CALE",Gustavus,GAC,1108-9173,1,1,14,14,0,WR,0,0,,,,,,,,,,,,,,,,,,,,,,,,,,,,,,,,,,,,,,,3,54,0,23,18.0,0,0,0,0,0,0,.0,.0,,,,,,,,,,,,,,,,,,,,,,,,,,,,,,,,,,,,,,,,,,,,,,,,,,,,,,,,,,,,,,,,,,,,,,,,,,,,,-0.48915518505777456,333,66
2026-27,football,Minnesota Intercollegiate Athletic Conference (MIAC),miac,Bethel,"Abed,Abdallah",Abdallah,Abed,,60,"Abed,Abdallah","ABED,ABDALLAH",Bethel,BET,1104-7614,1,1,92,92,0,0,LB,0,,,,,,,,0,1,2,3,3,.0,.0,.0,0,0,0,0,0,0,0,0,0,1,0,0,0,0,0,0,,,,,,,,,,,,,,,,,,,,,,,,,,,,,,,,,,,,,,,,,,,,,,,,,,,,,,,,,,,,,,,,,,,,,,,,,,,,,,,,,,,,,,,,,,,,,,,,,-0.5567722015868595,334,66
2026-27,football,Minnesota Intercollegiate Athletic Conference (MIAC),miac,St. Scholastica,"Blomberg,Ben",Ben,Blomberg,,618,"Blomberg,Ben","BLOMBERG,BEN",St. Scholastica,CSS,1402-7658,1,1,47,47,0,0,DL,0,,,,,,,,0,1,2,3,3,.0,.0,.0,0,0,0,0,0,0,0,0,0,0,0,0,0,0,0,0,,,,,,,,,,,,,,,,,,,,,,,,,,,,,,,,,,,,,,,,,,,,,,,,,,,,,,,,,,,,,,,,,,,,,,,,,,,,,,,,,,,,,,,,,,,,,,,,,-0.5567722015868595,335,66
2026-27,football,Minnesota Intercollegiate Athletic Conference (MIAC),miac,Gustavus,"DeRoo,Brett",Brett,DeRoo,,266,"DeRoo,Brett","DEROO,BRETT",Gustavus,GAC,1108-9547,1,0,40,40,0,0,LB,0,,,,,,,,0,2,1,3,3,.0,.0,.0,0,0,0,0,0,0,0,0,0,0,0,0,0,0,0,0,,,,,,,,,,,,,,,,,,,,,,,,,,,,,,,,,,,,,,,,,,,,,,,,,,,,,,,,,,,,,,,,,,,,,,,,,,,,,,,,,,,,,,,,,,,,,,,,,-0.5567722015868595,336,66
2026-27,football,Minnesota Intercollegiate Athletic Conference (MIAC),miac,Hamline,"Denhardt,Eric",Eric,Denhardt,,268,"Denhardt,Eric","DENHARDT,ERIC",Hamline,HAM,1109-5639,1,1,31,31,0,0,DB,0,,,,,,,,0,2,1,3,3,.0,.0,.0,0,0,0,0,0,0,0,0,0,0,0,0,0,0,0,0,,,,,,,,,,,,,,,,,,,,,,,,,,,,,,,,,,,,,,,,,,,,,,,,,,,,,,,,,,,,,,,,,,,,,,,,,,,,,,,,,,,,,,,,,,,,,,,,,-0.5567722015868595,337,66
2026-27,football,Minnesota Intercollegiate Athletic Conference (MIAC),miac,St. Olaf,"Glascock,Neilsen",Neilsen,Glascock,,615,"Glascock,Neilsen","GLASCOCK,NEILSEN",St. Olaf,STO,1117-5342,1,1,67,67,0,0,DL,0,,,,,,,,0,3,0,3,3,.0,.0,.0,0,0,0,0,0,0,0,0,0,0,0,0,0,0,0,0,,,,,,,,,,,,,,,,,,,,,,,,,,,,,,,,,,,,,,,,,,,,,,,,,,,,,,,,,,,,,,,,,,,,,,,,,,,,,,,,,,,,,,,,,,,,,,,,,-0.5567722015868595,338,66
2026-27,football,Minnesota Intercollegiate Athletic Conference (MIAC),miac,Gustavus,"Goodland,Charlie",Charlie,Goodland,,266,"Goodland,Charlie","GOODLAND,CHARLIE",Gustavus,GAC,1108-9194,1,1,97,97,0,0,DL,0,,,,,,,,0,1,2,3,3,.0,.0,.0,0,0,0,0,0,0,0,0,0,0,0,0,0,0,0,0,,,,,,,,,,,,,,,,,,,,,,,,,,,,,,,,,,,,,,,,,,,,,,,,,,,,,,,,,,,,,,,,,,,,,,,,,,,,,,,,,,,,,,,,,,,,,,,,,-0.5567722015868595,339,65
2026-27,football,Minnesota Intercollegiate Athletic Conference (MIAC),miac,Concordia,"Hamann,Hunter",Hunter,Hamann,,161,"Hamann,Hunter","HAMANN,HUNTER",Concordia,CON,0,1,0,52,5H,0,0,LB,0,,,,,,,,0,1,2,3,3,.0,.0,.0,0,0,0,0,0,0,0,0,0,2,0,0,0,0,0,0,,,,,,,,,,,,,,,,,,,,,,,,,,,,,,,,,,,,,,,,,,,,,,,,,,,,,,,,,,,,,,,,,,,,,,,,,,,,,,,,,,,,,,,,,,,,,,,,,-0.5567722015868595,340,65
2026-27,football,Minnesota Intercollegiate Athletic Conference (MIAC),miac,Carleton,"LeBlanc,Jackson",Jackson,LeBlanc,,118,"LeBlanc,Jackson","LEBLANC,JACKSON",Carleton,CAR,1105-1025,1,0,47,47,0,0,LB,0,,,,,,,,0,0,3,3,3,.0,.0,.0,0,0,0,0,0,0,0,0,0,0,0,0,0,0,0,0,,,,,,,,,,,,,,,,,,,,,,,,,,,,,,,,,,,,,,,,,,,,,,,,,,,,,,,,,,,,,,,,,,,,,,,,,,,,,,,,,,,,,,,,,,,,,,,,,-0.5567722015868595,341,65
2026-27,football,Minnesota Intercollegiate Athletic Conference (MIAC),miac,Augsburg,"Miller,Joe",Joe,Miller,,38,"Miller,Joe","MILLER,JOE",Augsburg,AU,1103-13410,1,0,82,82,0,0,DL,0,,,,,,,,0,0,3,3,3,.0,.0,.0,0,0,0,0,0,0,0,0,0,0,0,0,0,0,0,0,,,,,,,,,,,,,,,,,,,,,,,,,,,,,,,,,,,,,,,,,,,,,,,,,,,,,,,,,,,,,,,,,,,,,,,,,,,,,,,,,,,,,,,,,,,,,,,,,-0.5567722015868595,342,65
2026-27,football,Minnesota Intercollegiate Athletic Conference (MIAC),miac,Macalester,"Mills,Austin",Austin,Mills,,376,"Mills,Austin","MILLS,AUSTIN",Macalester,MAC,0,1,1,22,22,0,0,DL,0,,,,,,,,0,0,3,3,3,.0,.0,.0,0,0,0,0,0,0,0,0,0,0,0,0,0,0,0,0,,,,,,,,,,,,,,,,,,,,,,,,,,,,,,,,,,,,,,,,,,,,,,,,,,,,,,,,,,,,,,,,,,,,,,,,,,,,,,,,,,,,,,,,,,,,,,,,,-0.5567722015868595,343,65
2026-27,football,Minnesota Intercollegiate Athletic Conference (MIAC),miac,Gustavus,"O'Rourke,Cullen",Cullen,O'Rourke,,266,"O'Rourke,Cullen","O'ROURKE,CULLEN",Gustavus,GAC,1108-9571,1,0,8,8X,0,0,DB,0,,,,,,,,0,1,2,3,3,.0,.0,.0,0,0,0,0,0,0,0,0,0,0,0,0,0,0,0,0,,,,,,,,,,,,,,,,,,,,,,,,,,,,,,,,,,,,,,,,,,,,,,,,,,,,,,,,,,,,,,,,,,,,,,,,,,,,,,,,,,,,,,,,,,,,,,,,,-0.5567722015868595,344,65
2026-27,football,Minnesota Intercollegiate Athletic Conference (MIAC),miac,St. Olaf,"Qualls,Finn",Finn,Qualls,,615,"Qualls,Finn","QUALLS,FINN",St. Olaf,STO,1117-5115,1,1,97,97,0,0,DL,0,,,,,,,,0,3,0,3,3,.0,.0,.0,0,0,0,0,0,0,0,0,0,0,0,0,0,0,0,0,,,,,,,,,,,,,,,,,,,,,,,,,,,,,,,,,,,,,,,,,,,,,,,,,,,,,,,,,,,,,,,,,,,,,,,,,,,,,,,,,,,,,,,,,,,,,,,,,-0.5567722015868595,345,65
2026-27,football,Minnesota Intercollegiate Athletic Conference (MIAC),miac,Carleton,"Rheaume,Carson",Carson,Rheaume,,118,"Rheaume,Carson","RHEAUME,CARSON",Carleton,CAR,1105-1158,1,1,91,91,0,0,DL,0,,,,,,,,0,1,2,3,3,.0,.0,.0,0,0,0,0,0,0,0,0,0,0,0,0,0,0,0,0,,,,,,,,,,,,,,,,,,,,,,,,,,,,,,,,,,,,,,,,,,,,,,,,,,,,,,,,,,,,,,,,,,,,,,,,,,,,,,,,,,,,,,,,,,,,,,,,,-0.5567722015868595,346,65
2026-27,football,Minnesota Intercollegiate Athletic Conference (MIAC),miac,Gustavus,"Smith,Dalen",Dalen,Smith,,266,"Smith,Dalen","SMITH,DALEN",Gustavus,GAC,1108-9212,1,1,95,95,0,0,DL,0,,,,,,,,0,0,3,3,3,.0,.0,.0,0,0,0,0,0,0,0,0,0,0,0,0,0,0,0,0,,,,,,,,,,,,,,,,,,,,,,,,,,,,,,,,,,,,,,,,,,,,,,,,,,,,,,,,,,,,,,,,,,,,,,,,,,,,,,,,,,,,,,,,,,,,,,,,,-0.5567722015868595,347,65
2026-27,football,Minnesota Intercollegiate Athletic Conference (MIAC),miac,Concordia,"Swenson,Kade",Kade,Swenson,,161,"Swenson,Kade","SWENSON,KADE",Concordia,CON,0,1,0,2,02,0,0,DB,0,,,,,,,,0,3,0,3,3,.0,.0,.0,0,0,0,0,0,0,0,0,0,0,0,0,0,0,0,0,,,,,,,,,,,,,,,,,,,,,,,,,,,,,,,,,,,,,,,,,,,,,,,,,,,,,,,,,,,,,,,,,,,,,,,,,,,,,,,,,,,,,,,,,,,,,,,,,-0.5567722015868595,348,65
2026-27,football,Minnesota Intercollegiate Athletic Conference (MIAC),miac,Bethel,"Staska,Dylan",Dylan,Staska,,60,"Staska,Dylan","STASKA,DYLAN",Bethel,BET,1104-7780,1,1,17,17,0,WR,0,0,,,,,,,,,,,,,,,,,,,,,,,,,,,,,,,,,,,,,,,2,17,0,13,8.5,,,,,,,,,,,,,,,,,,,,,,,,,,,,,,,,,,,,,,,,,,,,,,,,,,,,,,,,,,,,,,,,,,,,,,,,,,,,,,,,,,,,,-0.5933987888264289,349,65
2026-27,football,Minnesota Intercollegiate Athletic Conference (MIAC),miac,Augsburg,"Kargozar,Kevin",Kevin,Kargozar,,38,"Kargozar,Kevin","KARGOZAR,KEVIN",Augsburg,AU,1103-13596,1,0,91,91,0,0,0,0,,,,,,,,,,,,,,,,,,,,,,,,,,,,,,,,,,,,,,,,,,,,,,,,,,,,,,,,,,,,,,,,,,,,,,,,,,,,,,,,,,,,,,,,,,,,,3,83,1,0,27.7,0,1,0,0,.0,1,0,0,0,0,0,0,0,0,0,0,0,,,,,,,,,,,,,,-0.5999187389051153,350,64
2026-27,football,Minnesota Intercollegiate Athletic Conference (MIAC),miac,Concordia,"Gallegos,Ron",Ron,Gallegos,,161,"Gallegos,Ron","GALLEGOS,RON",Concordia,CON,0,1,1,4,04,0,WR,0,0,,,,,,,,0,0,1,1,1,.0,.0,.0,0,0,0,0,0,0,0,0,0,0,0,0,0,0,0,0,,,,,,,,1,52,0,52,52.0,,,,,,,,,,,,,,,,,,,,,,,,,,,,,,,,,,,,,,,,,,,,,,,,,,,,,,,,,,,,,,,,,,,,,,,,,,,,,,,,,,,,,-0.6503416783448884,351,64
2026-27,football,Minnesota Intercollegiate Athletic Conference (MIAC),miac,Carleton,"Alexander,James",James,Alexander,,118,"Alexander,James","ALEXANDER,JAMES",Carleton,CAR,1105-1141,1,1,18,18,0,WR,0,0,,,,,,,,,,,,,,,,,,,,,,,,,,,,,,,,,,,,,,,4,15,0,7,3.8,,,,,,,,,,,,,,,,,,,,,,,,,,,,,,,,,,,,,,,,,,,,,,,,,,,,,,,,,,,,,,,,,,,,,,,,,,,,,,,,,,,,,-0.651564993290934,352,64
2026-27,football,Minnesota Intercollegiate Athletic Conference (MIAC),miac,Carleton,"Geivett,Matt",Matt,Geivett,,118,"Geivett,Matt","GEIVETT,MATT",Carleton,CAR,1105-1371,1,0,90,90,0,0,0,0,,,,,,,,0,0,0,0,0,.0,.0,.0,0,0,0,0,0,0,0,0,0,0,0,0,0,0,0,0,,,,,,,,,,,,,,,,,,,,,,,,,,,,,,,,,1,0,0,0,0,0,0,0,0,1,1,1,,,,,,,,,,,,,,,,,,2,129,0,1,64.5,0,0,0,0,.0,1,1,0,0,0,0,0,0,0,0,0,0,9,353,49,0,0,5,0,4,39.2,,,,,-0.660258840796061,353,64
2026-27,football,Minnesota Intercollegiate Athletic Conference (MIAC),miac,Hamline,"McCarthy,Joseph",Joseph,McCarthy,,268,"McCarthy,Joseph","MCCARTHY,JOSEPH",Hamline,HAM,1109-5665,1,0,10,10,0,QB,0,0,,,,,,,,,,,,,,,,,,,,,,,,,,,,,,,,,,,,,,,1,14,0,14,14.0,,,,,,,,,,,,,,,,,,,,,,,,,,,,,,,,,,,,,,,,,,,,,,,,,,,,,,,,,,,,,,,,,,,,,,,,,,,,,,,,,,,,,-0.6806480955231866,354,64
2026-27,football,Minnesota Intercollegiate Athletic Conference (MIAC),miac,Carleton,"Ashinhurst,Jake",Jake,Ashinhurst,,118,"Ashinhurst,Jake","ASHINHURST,JAKE",Carleton,CAR,1105-1362,1,0,84,84,0,WR,0,0,,,,,,,,,,,,,,,,,,,,,,,,,,,,,,,,,,,,,,,1,12,0,12,12.0,,,,,,,,,,,,,,,,,,,,,,,,,,,,,,,,,,,,,,,,,,,,,,,,,,,,,,,,,,,,,,,,,,,,,,,,,,,,,,,,,,,,,-0.7388142999876918,355,64
2026-27,football,Minnesota Intercollegiate Athletic Conference (MIAC),miac,St. Olaf,"Rizzuto,William",William,Rizzuto,,615,"Rizzuto,William","RIZZUTO,WILLIAM",St. Olaf,STO,1117-5732,1,0,22,22,0,WR,0,0,,,,,,,,,,,,,,,,,,,,,,,,,,,,,,,,,,,,,,,1,12,0,12,12.0,,,,,,,,,,,,,,,,,,,,,,,,,,,,,,,,,,,,,,,,,,,,,,,,,,,,,,,,,,,,,,,,,,,,,,,,,,,,,,,,,,,,,-0.7388142999876918,356,64
2026-27,football,Minnesota Intercollegiate Athletic Conference (MIAC),miac,Macalester,"Willis,Teagan",Teagan,Willis,,376,"Willis,Teagan","WILLIS,TEAGAN",Macalester,MAC,1110-5668,1,0,91,91,0,0,0,0,,,,,,,,,,,,,,,,,,,,,,,,,,,,,,,,,,,,,,,,,,,,,,,,,,,,,,,,,,,,,,,,,,,,,,,,,,,,,,,,,,,,,,,,,,,,,,,,,,0,1,0,0,.0,,,,,,,,,,,,,3,108,38,0,0,2,0,0,36.0,,,,,-0.7434646783716645,357,64
2026-27,football,Minnesota Intercollegiate Athletic Conference (MIAC),miac,Macalester,"Hayden,Carter",Carter,Hayden,,376,"Hayden,Carter","HAYDEN,CARTER",Macalester,MAC,1110-5651,1,1,14,14,0,WR,0,0,,,,,,,,,,,,,,,,,,,,,,,,,,,,,,,,,,,,,,,2,17,0,13,8.5,,,,,,,,,,,,,,,,,,,,,,,,,,,,,,,,,,,,,,,,,,,,,1,23,0,23,23.0,,,,,,,,,,,,,,,,,,,,,,,,,,,,,,,,,,,,-0.7812568401754492,358,64
2026-27,football,Minnesota Intercollegiate Athletic Conference (MIAC),miac,Carleton,"Lombard,Josh",Josh,Lombard,,118,"Lombard,Josh","LOMBARD,JOSH",Carleton,CAR,1105-1377,1,0,19,19,0,WR,0,0,,,,,,,,0,1,2,3,3,.0,.0,.0,0,0,0,0,0,0,0,0,0,0,0,0,0,0,0,0,,,,,,,,,,,,,,,,,,,,,,,,,,,,,,,,,,,,,,,,,,,,,,,,,,,,,,,,,1,20,0,20,20.0,,,,,,,,,,,,,,,,,,,,,,,,,,,,,,,,,,,,-0.7837102125230846,359,64
2026-27,football,Minnesota Intercollegiate Athletic Conference (MIAC),miac,St. Olaf,"Kramer,Jack",Jack,Kramer,,615,"Kramer,Jack","KRAMER,JACK",St. Olaf,STO,1117-5547,1,0,85,85,0,TE,0,0,,,,,,,,0,0,0,0,0,.0,.0,.0,0,0,0,0,0,0,0,0,0,0,0,0,0,0,0,0,,,,,,,,1,2,1,2,2.0,,,,,,,,,,,,,,,,,,,,,0,1,0,0,0,0,0,0,0,6,6,6,,,,,,,,,,,,,,,,,,,,,,,,,,,,,,,,,,,,,,,,,,,,,,,,,,,,,-0.7903697466037938,360,64
2026-27,football,Minnesota Intercollegiate Athletic Conference (MIAC),miac,Bethel,"Haring,Ty",Ty,Haring,,60,"Haring,Ty","HARING,TY",Bethel,BET,1104-8203,1,0,11,1D,0,WR,0,0,,,,,,,,,,,,,,,,,,,,,,,,,,,,,,,,,,,,,,,1,10,0,10,10.0,,,,,,,,,,,,,,,,,,,,,,,,,,,,,,,,,,,,,,,,,,,,,,,,,,,,,,,,,,,,,,,,,,,,,,,,,,,,,,,,,,,,,-0.7969805044521969,361,63
2026-27,football,Minnesota Intercollegiate Athletic Conference (MIAC),miac,Saint John's,Sam Nolan,Sam,Nolan,,602,Sam Nolan,"NOLAN,SAM",Saint John's,SJU,1115-8204,1,1,10,10,0,WR,0,0,,,,,,,,,,,,,,,,,,,,,,,,,,,,,,,,,,,,,,,2,10,0,6,5.0,,,,,,,,,,,,,,,,,,,,,,,,,,,,,,,,,,,,,,,,,,,,,,,,,,,,,,,,,,,,,,,,,,,,,,,,,,,,,,,,,,,,,-0.7969805044521969,362,63
2026-27,football,Minnesota Intercollegiate Athletic Conference (MIAC),miac,Gustavus,"Bartnes,Cody",Cody,Bartnes,,266,"Bartnes,Cody","BARTNES,CODY",Gustavus,GAC,1108-9213,1,1,2,2X,0,0,DB,0,,,,,,,,0,2,0,2,2,.0,.0,.0,0,0,0,0,0,0,0,0,0,0,0,0,0,0,0,0,,,,,,,,,,,,,,,,,,,,,,,,,,,,,,,,,,,,,,,,,,,,,,,,,,,,,,,,,,,,,,,,,,,,,,,,,,,,,,,,,,,,,,,,,,,,,,,,,-0.8158118346170796,363,63
2026-27,football,Minnesota Intercollegiate Athletic Conference (MIAC),miac,Hamline,"Beaudin,John",John,Beaudin,,268,"Beaudin,John","BEAUDIN,JOHN",Hamline,HAM,0,1,1,28,28,0,0,LB,0,,,,,,,,0,2,0,2,2,.0,.0,.0,0,0,0,0,0,0,0,0,0,0,0,0,0,0,0,0,,,,,,,,,,,,,,,,,,,,,,,,,,,,,,,,,,,,,,,,,,,,,,,,,,,,,,,,,,,,,,,,,,,,,,,,,,,,,,,,,,,,,,,,,,,,,,,,,-0.8158118346170796,364,63
2026-27,football,Minnesota Intercollegiate Athletic Conference (MIAC),miac,Bethel,"Bergan,Josh",Josh,Bergan,,60,"Bergan,Josh","BERGAN,JOSH",Bethel,BET,1104-8188,1,0,53,53,0,0,LB,0,,,,,,,,0,1,1,2,2,.0,.0,.0,0,0,0,0,0,0,0,0,0,0,0,0,0,0,0,0,,,,,,,,,,,,,,,,,,,,,,,,,,,,,,,,,,,,,,,,,,,,,,,,,,,,,,,,,,,,,,,,,,,,,,,,,,,,,,,,,,,,,,,,,,,,,,,,,-0.8158118346170796,365,63
2026-27,football,Minnesota Intercollegiate Athletic Conference (MIAC),miac,Concordia,"Buchholtz,Cedric",Cedric,Buchholtz,,161,"Buchholtz,Cedric","BUCHHOLTZ,CEDRIC",Concordia,CON,0,1,1,26,26,0,0,DB,0,,,,,,,,0,0,2,2,2,.0,.0,.0,0,0,0,0,0,0,0,0,0,0,0,0,0,0,0,0,,,,,,,,,,,,,,,,,,,,,,,,,,,,,,,,,,,,,,,,,,,,,,,,,,,,,,,,,,,,,,,,,,,,,,,,,,,,,,,,,,,,,,,,,,,,,,,,,-0.8158118346170796,366,63
2026-27,football,Minnesota Intercollegiate Athletic Conference (MIAC),miac,Saint John's,Chandler Obering,Chandler,Obering,,602,Chandler Obering,"OBERING,C",Saint John's,SJU,1115-7963,1,1,92,92,0,0,DL,0,,,,,,,,0,0,2,2,2,.0,.0,.0,0,0,0,0,0,0,0,0,0,1,0,0,0,0,0,0,,,,,,,,,,,,,,,,,,,,,,,,,,,,,,,,,,,,,,,,,,,,,,,,,,,,,,,,,,,,,,,,,,,,,,,,,,,,,,,,,,,,,,,,,,,,,,,,,-0.8158118346170796,367,63
2026-27,football,Minnesota Intercollegiate Athletic Conference (MIAC),miac,Bethel,"Claussen,Elijah",Elijah,Claussen,,60,"Claussen,Elijah","CLAUSSEN,ELIJAH",Bethel,BET,1104-7982,1,1,93,93,0,0,DL,0,,,,,,,,0,1,1,2,2,.0,.0,.0,0,0,0,0,0,0,0,0,0,0,0,0,0,0,0,0,,,,,,,,,,,,,,,,,,,,,,,,,,,,,,,,,,,,,,,,,,,,,,,,,,,,,,,,,,,,,,,,,,,,,,,,,,,,,,,,,,,,,,,,,,,,,,,,,-0.8158118346170796,368,63
2026-27,football,Minnesota Intercollegiate Athletic Conference (MIAC),miac,St. Scholastica,"Estrin,Declan",Declan,Estrin,,618,"Estrin,Declan","ESTRIN,DECLAN",St. Scholastica,CSS,1402-7480,1,0,95,95,0,0,DL,0,,,,,,,,0,0,2,2,2,.0,.0,.0,0,0,0,0,0,0,0,0,0,0,0,0,0,0,0,0,,,,,,,,,,,,,,,,,,,,,,,,,,,,,,,,,,,,,,,,,,,,,,,,,,,,,,,,,,,,,,,,,,,,,,,,,,,,,,,,,,,,,,,,,,,,,,,,,-0.8158118346170796,369,63
2026-27,football,Minnesota Intercollegiate Athletic Conference (MIAC),miac,Bethel,"Hageman,Dylan",Dylan,Hageman,,60,"Hageman,Dylan","HAGEMAN,DYLAN",Bethel,BET,1104-7994,1,0,42,42,0,0,DL,0,,,,,,,,0,0,2,2,2,.0,.0,.0,0,0,0,0,0,0,0,0,0,0,0,0,0,0,0,0,,,,,,,,,,,,,,,,,,,,,,,,,,,,,,,,,,,,,,,,,,,,,,,,,,,,,,,,,,,,,,,,,,,,,,,,,,,,,,,,,,,,,,,,,,,,,,,,,-0.8158118346170796,370,63
2026-27,football,Minnesota Intercollegiate Athletic Conference (MIAC),miac,Carleton,"Kurtz,Liam",Liam,Kurtz,,118,"Kurtz,Liam","KURTZ,LIAM",Carleton,CAR,1105-1374,1,0,98,98,0,0,DL,0,,,,,,,,0,0,2,2,2,.0,.0,.0,0,0,0,0,0,0,0,0,0,0,0,0,0,0,0,0,,,,,,,,,,,,,,,,,,,,,,,,,,,,,,,,,,,,,,,,,,,,,,,,,,,,,,,,,,,,,,,,,,,,,,,,,,,,,,,,,,,,,,,,,,,,,,,,,-0.8158118346170796,371,63
2026-27,football,Minnesota Intercollegiate Athletic Conference (MIAC),miac,St. Olaf,"Lee,Ciaran",Ciaran,Lee,,615,"Lee,Ciaran","LEE,CIARAN",St. Olaf,STO,1117-5527,1,0,20,20,0,0,DB,0,,,,,,,,0,1,1,2,2,.0,.0,.0,0,0,0,0,0,0,0,0,0,0,0,0,0,0,0,0,,,,,,,,,,,,,,,,,,,,,,,,,,,,,,,,,,,,,,,,,,,,,,,,,,,,,,,,,,,,,,,,,,,,,,,,,,,,,,,,,,,,,,,,,,,,,,,,,-0.8158118346170796,372,62
2026-27,football,Minnesota Intercollegiate Athletic Conference (MIAC),miac,Gustavus,"Lerfald,Brody",Brody,Lerfald,,266,"Lerfald,Brody","LERFALD,BRODY",Gustavus,GAC,1108-9181,1,0,45,45,0,0,DL,0,,,,,,,,0,0,2,2,2,.0,.0,.0,0,0,0,0,0,0,0,0,0,1,0,0,0,0,0,0,,,,,,,,,,,,,,,,,,,,,,,,,,,,,,,,,,,,,,,,,,,,,,,,,,,,,,,,,,,,,,,,,,,,,,,,,,,,,,,,,,,,,,,,,,,,,,,,,-0.8158118346170796,373,62
2026-27,football,Minnesota Intercollegiate Athletic Conference (MIAC),miac,Carleton,"McCormick,Rider",Rider,McCormick,,118,"McCormick,Rider","MCCORMICK,RIDER",Carleton,CAR,1105-1028,1,1,21,21,0,0,DB,0,,,,,,,,0,2,0,2,2,.0,.0,.0,0,0,0,0,0,0,0,0,0,0,0,0,0,0,0,0,,,,,,,,,,,,,,,,,,,,,,,,,,,,,,,,,,,,,,,,,,,,,,,,,,,,,,,,,,,,,,,,,,,,,,,,,,,,,,,,,,,,,,,,,,,,,,,,,-0.8158118346170796,374,62
2026-27,football,Minnesota Intercollegiate Athletic Conference (MIAC),miac,Concordia,"Murphy,Cooper",Cooper,Murphy,,161,"Murphy,Cooper","MURPHY,COOPER",Concordia,CON,0,1,0,7,7,0,0,DB,0,,,,,,,,0,1,1,2,2,.0,.0,.0,0,0,0,0,0,0,0,0,0,0,0,0,0,0,0,0,,,,,,,,,,,,,,,,,,,,,,,,,,,,,,,,,,,,,,,,,,,,,,,,,,,,,,,,,,,,,,,,,,,,,,,,,,,,,,,,,,,,,,,,,,,,,,,,,-0.8158118346170796,375,62
2026-27,football,Minnesota Intercollegiate Athletic Conference (MIAC),miac,Carleton,"Roberts,Faimon",Faimon,Roberts,,118,"Roberts,Faimon","ROBERTS,FAIMON",Carleton,CAR,1105-1159,1,0,94,70,0,0,DL,0,,,,,,,,0,0,2,2,2,.0,.0,.0,0,0,0,0,0,0,0,0,0,0,0,0,0,0,0,0,,,,,,,,,,,,,,,,,,,,,,,,,,,,,,,,,,,,,,,,,,,,,,,,,,,,,,,,,,,,,,,,,,,,,,,,,,,,,,,,,,,,,,,,,,,,,,,,,-0.8158118346170796,376,62
2026-27,football,Minnesota Intercollegiate Athletic Conference (MIAC),miac,St. Olaf,"Schull,Chad",Chad,Schull,,615,"Schull,Chad","SCHULL,CHAD",St. Olaf,STO,1117-5322,1,0,0,0D,0,0,S,0,,,,,,,,0,2,0,2,2,.0,.0,.0,0,0,0,0,0,0,0,0,0,0,0,0,0,0,0,0,,,,,,,,,,,,,,,,,,,,,,,,,,,,,,,,,,,,,,,,,,,,,,,,,,,,,,,,,,,,,,,,,,,,,,,,,,,,,,,,,,,,,,,,,,,,,,,,,-0.8158118346170796,377,62
2026-27,football,Minnesota Intercollegiate Athletic Conference (MIAC),miac,Hamline,"Walker,Allen",Allen,Walker,,268,"Walker,Allen","WALKER,ALLEN",Hamline,HAM,0,1,1,95,95,0,0,DL,0,,,,,,,,0,1,1,2,2,.0,.0,.0,0,0,0,0,0,0,0,0,0,0,0,0,0,0,0,0,,,,,,,,,,,,,,,,,,,,,,,,,,,,,,,,,,,,,,,,,,,,,,,,,,,,,,,,,,,,,,,,,,,,,,,,,,,,,,,,,,,,,,,,,,,,,,,,,-0.8158118346170796,378,62
2026-27,football,Minnesota Intercollegiate Athletic Conference (MIAC),miac,St. Scholastica,"Behrens,Nathan",Nathan,Behrens,,618,"Behrens,Nathan","BEHRENS,NATHAN",St. Scholastica,CSS,1402-7477,1,1,12,12,0,WR,0,0,,,,,,,,,,,,,,,,,,,,,,,,,,,,,,,,,,,,,,,1,9,0,9,9.0,,,,,,,,,,,,,,,,,,,,,,,,,,,,,,,,,,,,,,,,,,,,,,,,,,,,,,,,,,,,,,,,,,,,,,,,,,,,,,,,,,,,,-0.8260636066844494,379,62
2026-27,football,Minnesota Intercollegiate Athletic Conference (MIAC),miac,Saint John's,Cade Berg,Cade,Berg,,602,Cade Berg,"BERG,CADE",Saint John's,SJU,1115-8164,1,0,19,19,0,0,0,0,,,,,,,,,,,,,,,,,,,,,,,,,,,,,,,,,,,,,,,2,8,0,6,4.0,,,,,,,,,,,,,,,,,,,,,,,,,,,,,,,,,,,,,,,,,,,,,,,,,,,,,,,,,,,,,,,,,,,,,,,,,,,,,,,,,,,,,-0.8551467089167021,380,62
2026-27,football,Minnesota Intercollegiate Athletic Conference (MIAC),miac,Gustavus,"Birkey,Cal",Cal,Birkey,,266,"Birkey,Cal","BIRKEY,CAL",Gustavus,GAC,1108-8582,1,0,30,30,0,RB,0,0,,,,,,,,,,,,,,,,,,,,,,,,,,,,,,,,,,,,,,,,,,,,1,3,3,0,0,3,3.0,3.0,,,,,,,,,,,,,,,,,,,,,,,,,,,,,,,,,,,,,,,,,,,,,,,,,,,,,,,,,,,,,,,,,,,,,,,,,,,,,-0.8571547162923246,381,62
2026-27,football,Minnesota Intercollegiate Athletic Conference (MIAC),miac,St. Scholastica,"Fox,Blake",Blake,Fox,,618,"Fox,Blake","FOX,BLAKE",St. Scholastica,CSS,1402-7854,1,0,2,2C,0,RB,0,0,,,,,,,,,,,,,,,,,,,,,,,,,,,,,,,,,,,,,,,1,3,0,3,3.0,4,29,29,0,0,13,7.3,29.0,,,,,,,,,,,,,,,,,,,,,,,,,,,,,,,,,,,,,,,,,,,,,,,,,,,,,,,,,,,,,,,,,,,,,,,,,,,,,-0.8638542610897815,382,62
2026-27,football,Minnesota Intercollegiate Athletic Conference (MIAC),miac,Concordia,"Mages,Grant",Grant,Mages,,161,"Mages,Grant","MAGES,GRANT",Concordia,CON,0,1,1,9,09,0,TE,0,0,,,,,,,,,,,,,,,,,,,,,,,,,,,,,,,,,,,,,,,2,7,0,5,3.5,,,,,,,,,,,,,,,,,,,,,,,,,,,,,,,,,,,,,,,,,,,,,,,,,,,,,,,,,,,,,,,,,,,,,,,,,,,,,,,,,,,,,-0.8842298111489546,383,61
2026-27,football,Minnesota Intercollegiate Athletic Conference (MIAC),miac,Bethel,"Weiss,Alex",Alex,Weiss,,60,"Weiss,Alex","WEISS,ALEX",Bethel,BET,1104-7650,1,0,3,3,0,WR,0,0,,,,,,,,,,,,,,,,,,,,,,,,,,,,,,,,,,,,,,,1,7,0,7,7.0,,,,,,,,,,,,,,,,,,,,,,,,,,,,,,,,,,,,,,,,,,,,,,,,,,,,,,,,,,,,,,,,,,,,,,,,,,,,,,,,,,,,,-0.8842298111489546,384,61
2026-27,football,Minnesota Intercollegiate Athletic Conference (MIAC),miac,Concordia,"Druley,Mitchell",Mitchell,Druley,,161,"Druley,Mitchell","DRULEY,MITCHELL",Concordia,CON,0,1,0,25,25,0,0,0,0,,,,,,,,0,0,0,0,0,.0,.0,.0,0,0,0,0,0,0,0,0,0,0,0,0,0,0,0,0,,,,,,,,,,,,,,,,,,,,,,,,,,,,,,,,,4,0,0,0,0,0,0,0,0,4,4,4,,,,,,,,,,,,,,,,,,5,314,0,3,62.8,0,1,0,0,.0,4,4,0,0,0,0,0,0,0,0,0,0,5,221,52,0,0,1,2,3,44.2,,,,,-0.8898776924166711,385,61
2026-27,football,Minnesota Intercollegiate Athletic Conference (MIAC),miac,Carleton,"Mastronardi,Tyler",Tyler,Mastronardi,,118,"Mastronardi,Tyler","MASTRONARDI,TYLER",Carleton,CAR,1105-1154,1,1,10,10,0,QB,0,0,,,,,,,,,,,,,,,,,,,,,,,,,,,,,,,,,,,,,,,,,,,,3,6,6,0,0,5,2.0,6.0,,,,,,,,,,,,,,,,,,,,,,,,,0,0,37,1,114,0,23,17,129.9,4.96,6.71,114.0,,,,,,,,,,,,,,,,,,,,,,,,,,,,,,,,,,,,,,,,,-0.900947383644194,386,61
2026-27,football,Minnesota Intercollegiate Athletic Conference (MIAC),miac,Macalester,"Basballe,Owen",Owen,Basballe,,376,"Basballe,Owen","BASBALLE,OWEN",Macalester,MAC,0,0,0,34,34,0,RB,0,0,,,,,,,,,,,,,,,,,,,,,,,,,,,,,,,,,,,,,,,,,,,,0,0,0,0,0,0,.0,.0,,,,,,,,,,,,,,,,,,,,,,,,,,,,,,,,,,,,,,,,,,,,,,,,,,,,,,,,,,,,,,,,,,,,,,,,,,,,,-0.9718311788246909,387,61
2026-27,football,Minnesota Intercollegiate Athletic Conference (MIAC),miac,Hamline,"Henry Jr.,Dukenson",Dukenson,Henry Jr.,,268,"Henry Jr.,Dukenson","HENRY JR.,DUKENSON",Hamline,HAM,0,0,0,32,32,0,WR,0,0,,,,,,,,,,,,,,,,,,,,,,,,,,,,,,,,,,,,,,,,,,,,0,0,0,0,0,0,.0,.0,,,,,,,,,,,,,,,,,,,,,,,,,,,,,,,,,,,,,,,,,,,,,,,,,,,,,,,,,,,,,,,,,,,,,,,,,,,,,-0.9718311788246909,388,61
2026-27,football,Minnesota Intercollegiate Athletic Conference (MIAC),miac,Macalester,"Snow,Tucker",Tucker,Snow,,376,"Snow,Tucker","SNOW,TUCKER",Macalester,MAC,0,0,0,21,21,0,RB,0,0,,,,,,,,,,,,,,,,,,,,,,,,,,,,,,,,,,,,,,,,,,,,0,0,0,0,0,0,.0,.0,,,,,,,,,,,,,,,,,,,,,,,,,,,,,,,,,,,,,,,,,,,,,,,,,,,,,,,,,,,,,,,,,,,,,,,,,,,,,-0.9718311788246909,389,61
2026-27,football,Minnesota Intercollegiate Athletic Conference (MIAC),miac,Bethel,"Drews,Cullen",Cullen,Drews,,60,"Drews,Cullen","DREWS,CULLEN",Bethel,BET,1104-7987,1,0,15,1U,0,WR,0,0,,,,,,,,0,2,0,2,2,.0,.0,.0,0,0,0,0,0,0,0,0,0,0,0,0,0,0,0,0,,,,,,,,2,32,0,24,16.0,,,,,,,,,,,,,,,,,,,,,,,,,,,,,,,,,,,,,,,,,,,,,,,,,,,,,,,,,,,,,,,,,,,,,,,,,,,,,,,,,,,,,-0.97296408995972,390,61
2026-27,football,Minnesota Intercollegiate Athletic Conference (MIAC),miac,Hamline,"Hall,Joshua",Joshua,Hall,,268,"Hall,Joshua","HALL,JOSHUA",Hamline,HAM,0,0,0,97,97,0,0,DL,0,,,,,,,,0,0,0,0,0,.0,.0,.0,0,0,0,0,0,0,0,0,0,0,0,0,0,0,0,0,,,,,,,,,,,,,,,,,,,,,,,,,,,,,,,0,0,,,,,,,,,,,,,,,,,,,,,,,,,,,,,,,,,,,,,,,,,,,,,,,,,,,,,,,,,,,,,,,,,-0.987480939163744,391,61
2026-27,football,Minnesota Intercollegiate Athletic Conference (MIAC),miac,Gustavus,"Roback,Dane",Dane,Roback,,266,"Roback,Dane","ROBACK,DANE",Gustavus,GAC,1108-9199,1,0,8,8,0,WR,0,0,,,,,,,,,,,,,,,,,,,,,,,,,,,,,,,,,,,,,,,1,3,0,3,3.0,,,,,,,,,,,,,,,,,,,,,,,,,,,,,,,,,,,,,,,,,,,,,,,,,,,,,,,,,,,,,,,,,,,,,,,,,,,,,,,,,,,,,-1.000562220077965,392,61
2026-27,football,Minnesota Intercollegiate Athletic Conference (MIAC),miac,Bethel,"Manns,Taye",Taye,Manns,,60,"Manns,Taye","MANNS,TAYE",Bethel,BET,1104-8001,1,1,4,4B,0,RB,0,0,,,,,,,,0,0,0,0,0,.0,.0,.0,0,0,0,0,0,0,0,0,0,0,0,0,0,0,0,0,,,,,,,,,,,,,17,61,71,10,0,15,3.6,61.0,,,,,,,,,,,1,1,,,,,,,,,,,,,,,,,,,,,,,,,,,,,,,,,,,,,,,,,,,,,,,,,,,,,,,,,,,,,,,,,-1.0131980258854218,393,61
2026-27,football,Minnesota Intercollegiate Athletic Conference (MIAC),miac,Hamline,"Chanthanavong,Aaron",Aaron,Chanthanavong,,268,"Chanthanavong,Aaron","CHANTHANAVONG,AARON",Hamline,HAM,1109-5669,1,1,83,83,0,TE,0,0,,,,,,,,,,,,,,,,,,,,,,,,,,,,,,,,,,,,,,,2,1,0,2,.5,,,,,,,,,,,,,,,,,,,,,,,,,,,,,,,,,,,,,,,,,,,,,,,,,,,,,,,,,,,,,,,,,,,,,,,,,,,,,,,,,,,,,-1.05872842454247,394,61
2026-27,football,Minnesota Intercollegiate Athletic Conference (MIAC),miac,Saint John's,A.J. Fider,A.J.,Fider,,602,A.J. Fider,"FIDER,AJ",Saint John's,SJU,1115-8713,1,0,13,13,0,0,0,0,,,,,,,,0,1,0,1,1,.0,.0,.0,0,0,0,0,0,0,0,0,0,0,0,0,0,0,0,0,,,,,,,,,,,,,,,,,,,,,,,,,,,,,,,,,,,,,,,,,,,,,,,,,,,,,,,,,,,,,,,,,,,,,,,,,,,,,,,,,,,,,,,,,,,,,,,,,-1.0748514676472998,395,60
2026-27,football,Minnesota Intercollegiate Athletic Conference (MIAC),miac,Saint John's,Aaron Baisley,Aaron,Baisley,,602,Aaron Baisley,"BAISLEY,AARON",Saint John's,SJU,1115-8697,1,1,32,32,0,0,LB,0,,,,,,,,0,1,0,1,1,.0,.0,.0,0,0,0,0,0,0,0,0,0,0,0,0,0,0,0,0,,,,,,,,,,,,,,,,,,,,,,,,,,,,,,,,,,,,,,,,,,,,,,,,,,,,,,,,,,,,,,,,,,,,,,,,,,,,,,,,,,,,,,,,,,,,,,,,,-1.0748514676472998,396,60
2026-27,football,Minnesota Intercollegiate Athletic Conference (MIAC),miac,Macalester,"Agustin,Diego",Diego,Agustin,,376,"Agustin,Diego","AGUSTIN,DIEGO",Macalester,MAC,0,1,0,58,58,0,0,DL,0,,,,,,,,0,0,1,1,1,.0,.0,.0,0,0,0,0,0,0,0,0,0,0,0,0,0,0,0,0,,,,,,,,,,,,,,,,,,,,,,,,,,,,,,,,,,,,,,,,,,,,,,,,,,,,,,,,,,,,,,,,,,,,,,,,,,,,,,,,,,,,,,,,,,,,,,,,,-1.0748514676472998,397,60
2026-27,football,Minnesota Intercollegiate Athletic Conference (MIAC),miac,Bethel,"Ball,Tim",Tim,Ball,,60,"Ball,Tim","BALL,TIM",Bethel,BET,1104-7753,1,0,5,5C,0,0,LB,0,,,,,,,,0,1,0,1,1,.0,.0,.0,0,0,0,0,0,0,0,0,0,0,0,0,0,0,0,0,,,,,,,,,,,,,,,,,,,,,,,,,,,,,,,,,,,,,,,,,,,,,,,,,,,,,,,,,,,,,,,,,,,,,,,,,,,,,,,,,,,,,,,,,,,,,,,,,-1.0748514676472998,398,60
2026-27,football,Minnesota Intercollegiate Athletic Conference (MIAC),miac,Saint John's,Barrett Van Deun,Barrett Van,Deun,,602,Barrett Van Deun,"DEUN,B VAN",Saint John's,SJU,1115-8163,1,1,51,51,0,OL,0,0,,,,,,,,0,1,0,1,1,.0,.0,.0,0,0,0,0,0,0,0,0,0,0,0,0,0,0,0,0,,,,,,,,,,,,,,,,,,,,,,,,,,,,,,,,,,,,,,,,,,,,,,,,,,,,,,,,,,,,,,,,,,,,,,,,,,,,,,,,,,,,,,,,,,,,,,,,,-1.0748514676472998,399,60
2026-27,football,Minnesota Intercollegiate Athletic Conference (MIAC),miac,St. Olaf,"Blackman,Jonah",Jonah,Blackman,,615,"Blackman,Jonah","BLACKMAN,JONAH",St. Olaf,STO,1117-5355,1,1,99,99,0,0,DL,0,,,,,,,,0,1,0,1,1,.0,.0,.0,0,0,0,0,0,0,0,0,0,0,0,0,0,0,0,0,,,,,,,,,,,,,,,,,,,,,,,,,,,,,,,,,,,,,,,,,,,,,,,,,,,,,,,,,,,,,,,,,,,,,,,,,,,,,,,,,,,,,,,,,,,,,,,,,-1.0748514676472998,400,60
2026-27,football,Minnesota Intercollegiate Athletic Conference (MIAC),miac,Gustavus,"Bockoven,Hunter",Hunter,Bockoven,,266,"Bockoven,Hunter","BOCKOVEN,HUNTER",Gustavus,GAC,1108-8590,1,0,51,51,0,0,DL,0,,,,,,,,0,0,1,1,1,.0,.0,.0,0,0,0,0,0,0,0,0,0,0,0,0,0,0,0,0,,,,,,,,,,,,,,,,,,,,,,,,,,,,,,,,,,,,,,,,,,,,,,,,,,,,,,,,,,,,,,,,,,,,,,,,,,,,,,,,,,,,,,,,,,,,,,,,,-1.0748514676472998,401,60
2026-27,football,Minnesota Intercollegiate Athletic Conference (MIAC),miac,Gustavus,"Brandl,Jack",Jack,Brandl,,266,"Brandl,Jack","BRANDL,JACK",Gustavus,GAC,1108-10005,1,0,89,89,0,WR,0,0,,,,,,,,0,0,1,1,1,.0,.0,.0,0,0,0,0,0,0,0,0,0,0,0,0,0,0,0,0,,,,,,,,,,,,,,,,,,,,,,,,,,,,,,,,,,,,,,,,,,,,,,,,,,,,,,,,,,,,,,,,,,,,,,,,,,,,,,,,,,,,,,,,,,,,,,,,,-1.0748514676472998,402,60
2026-27,football,Minnesota Intercollegiate Athletic Conference (MIAC),miac,St. Scholastica,"Brenengen,Sawyer",Sawyer,Brenengen,,618,"Brenengen,Sawyer","BRENENGEN,SAWYER",St. Scholastica,CSS,1402-7848,1,0,79,79,0,0,DL,0,,,,,,,,0,0,1,1,1,.0,.0,.0,0,0,0,0,0,0,0,0,0,0,0,0,0,0,0,0,,,,,,,,,,,,,,,,,,,,,,,,,,,,,,,,,,,,,,,,,,,,,,,,,,,,,,,,,,,,,,,,,,,,,,,,,,,,,,,,,,,,,,,,,,,,,,,,,-1.0748514676472998,403,60
2026-27,football,Minnesota Intercollegiate Athletic Conference (MIAC),miac,Carleton,"Carroll,Hugh",Hugh,Carroll,,118,"Carroll,Hugh","CARROLL,HUGH",Carleton,CAR,1105-1365,1,0,22,22,0,0,DB,0,,,,,,,,0,0,1,1,1,.0,.0,.0,0,0,0,0,0,0,0,0,0,0,0,0,0,0,0,0,,,,,,,,,,,,,,,,,,,,,,,,,,,,,,,,,,,,,,,,,,,,,,,,,,,,,,,,,,,,,,,,,,,,,,,,,,,,,,,,,,,,,,,,,,,,,,,,,-1.0748514676472998,404,60
2026-27,football,Minnesota Intercollegiate Athletic Conference (MIAC),miac,St. Olaf,"Christianson,Dylan",Dylan,Christianson,,615,"Christianson,Dylan","CHRISTIANSON,DYLAN",St. Olaf,STO,1117-5549,1,0,96,96,0,0,DL,0,,,,,,,,0,1,0,1,1,.0,.0,.0,0,0,0,0,0,0,0,0,0,0,0,0,0,0,0,0,,,,,,,,,,,,,,,,,,,,,,,,,,,,,,,,,,,,,,,,,,,,,,,,,,,,,,,,,,,,,,,,,,,,,,,,,,,,,,,,,,,,,,,,,,,,,,,,,-1.0748514676472998,405,60
2026-27,football,Minnesota Intercollegiate Athletic Conference (MIAC),miac,Macalester,"Cogan,Grady",Grady,Cogan,,376,"Cogan,Grady","COGAN,GRADY",Macalester,MAC,1110-5505,1,0,36,36,0,0,LB,0,,,,,,,,0,1,0,1,1,.0,.0,.0,0,0,0,0,0,0,0,0,0,0,0,0,0,0,0,0,,,,,,,,,,,,,,,,,,,,,,,,,,,,,,,,,,,,,,,,,,,,,,,,,,,,,,,,,,,,,,,,,,,,,,,,,,,,,,,,,,,,,,,,,,,,,,,,,-1.0748514676472998,406,59
2026-27,football,Minnesota Intercollegiate Athletic Conference (MIAC),miac,Augsburg,"DeLoach,Corey",Corey,DeLoach,,38,"DeLoach,Corey","DELOACH,COREY",Augsburg,AU,1103-13037,1,1,56,56,0,OL,0,0,,,,,,,,0,0,1,1,1,.0,.0,.0,0,0,0,0,0,0,0,0,0,0,0,0,0,0,0,0,,,,,,,,,,,,,,,,,,,,,,,,,,,,,,,,,,,,,,,,,,,,,,,,,,,,,,,,,,,,,,,,,,,,,,,,,,,,,,,,,,,,,,,,,,,,,,,,,-1.0748514676472998,407,59
2026-27,football,Minnesota Intercollegiate Athletic Conference (MIAC),miac,Carleton,"Dimond,Chase",Chase,Dimond,,118,"Dimond,Chase","DIMOND,CHASE",Carleton,CAR,1105-1269,1,1,0,0,0,0,DL,0,,,,,,,,0,0,1,1,1,.0,.0,.0,0,0,0,0,0,0,0,0,0,0,0,0,0,0,0,0,,,,,,,,,,,,,,,,,,,,,,,,,,,,,,,,,,,,,,,,,,,,,,,,,,,,,,,,,,,,,,,,,,,,,,,,,,,,,,,,,,,,,,,,,,,,,,,,,-1.0748514676472998,408,59
2026-27,football,Minnesota Intercollegiate Athletic Conference (MIAC),miac,Bethel,"Drury,Tyler",Tyler,Drury,,60,"Drury,Tyler","DRURY,TYLER",Bethel,BET,1104-7626,1,1,19,1O,0,0,DB,0,,,,,,,,0,1,0,1,1,.0,.0,.0,0,0,0,0,0,0,0,0,0,0,0,0,0,0,0,0,,,,,,,,,,,,,,,,,,,,,,,,,,,,,,,,,,,,,,,,,,,,,,,,,,,,,,,,,,,,,,,,,,,,,,,,,,,,,,,,,,,,,,,,,,,,,,,,,-1.0748514676472998,409,59
2026-27,football,Minnesota Intercollegiate Athletic Conference (MIAC),miac,St. Scholastica,"Farwenel,Moses",Moses,Farwenel,,618,"Farwenel,Moses","FARWENEL,MOSES",St. Scholastica,CSS,1402-7481,1,0,10,10,0,0,LB,0,,,,,,,,0,0,1,1,1,.0,.0,.0,0,0,0,0,0,0,0,0,0,0,0,0,0,0,0,0,,,,,,,,,,,,,,,,,,,,,,,,,,,,,,,,,,,,,,,,,,,,,,,,,,,,,,,,,,,,,,,,,,,,,,,,,,,,,,,,,,,,,,,,,,,,,,,,,-1.0748514676472998,410,59
2026-27,football,Minnesota Intercollegiate Athletic Conference (MIAC),miac,Augsburg,"Fitzgerald-Rosa,Daniel",Daniel,Fitzgerald-Rosa,,38,"Fitzgerald-Rosa,Daniel","FITZGERALD-ROSA,DANIEL",Augsburg,AU,1103-13585,1,0,46,46,0,0,LB,0,,,,,,,,0,1,0,1,1,.0,.0,.0,0,0,0,0,0,0,0,0,0,0,0,0,0,0,0,0,,,,,,,,,,,,,,,,,,,,,,,,,,,,,,,,,,,,,,,,,,,,,,,,,,,,,,,,,,,,,,,,,,,,,,,,,,,,,,,,,,,,,,,,,,,,,,,,,-1.0748514676472998,411,59
2026-27,football,Minnesota Intercollegiate Athletic Conference (MIAC),miac,Bethel,"Ganske,Fisher",Fisher,Ganske,,60,"Ganske,Fisher","GANSKE,FISHER",Bethel,BET,1104-7765,1,0,2,2H,0,0,DB,0,,,,,,,,0,1,0,1,1,.0,.0,.0,0,0,0,0,0,0,0,0,0,0,0,0,0,0,0,0,,,,,,,,,,,,,,,,,,,,,,,,,,,,,,,,,,,,,,,,,,,,,,,,,,,,,,,,,,,,,,,,,,,,,,,,,,,,,,,,,,,,,,,,,,,,,,,,,-1.0748514676472998,412,59
2026-27,football,Minnesota Intercollegiate Athletic Conference (MIAC),miac,Hamline,"Goodwin,Johnathan",Johnathan,Goodwin,,268,"Goodwin,Johnathan","GOODWIN,JOHNATHAN",Hamline,HAM,1109-5671,1,0,92,92,0,0,DL,0,,,,,,,,0,0,1,1,1,.0,.0,.0,0,0,0,0,0,0,0,0,0,0,0,0,0,0,0,0,,,,,,,,,,,,,,,,,,,,,,,,,,,,,,,,,,,,,,,,,,,,,,,,,,,,,,,,,,,,,,,,,,,,,,,,,,,,,,,,,,,,,,,,,,,,,,,,,-1.0748514676472998,413,59
2026-27,football,Minnesota Intercollegiate Athletic Conference (MIAC),miac,St. Scholastica,"Ham,Ethan",Ethan,Ham,,618,"Ham,Ethan","HAM,ETHAN",St. Scholastica,CSS,1402-7670,1,0,12,1A,0,0,DB,0,,,,,,,,0,1,0,1,1,.0,.0,.0,0,0,0,0,0,0,0,0,0,0,0,0,0,0,0,0,,,,,,,,,,,,,,,,,,,,,,,,,,,,,,,,,,,,,,,,,,,,,,,,,,,,,,,,,,,,,,,,,,,,,,,,,,,,,,,,,,,,,,,,,,,,,,,,,-1.0748514676472998,414,59
2026-27,football,Minnesota Intercollegiate Athletic Conference (MIAC),miac,St. Scholastica,"Hammel,Logan",Logan,Hammel,,618,"Hammel,Logan","HAMMEL,LOGAN",St. Scholastica,CSS,1402-7858,1,0,45,45,0,0,LB,0,,,,,,,,0,0,1,1,1,.0,.0,.0,0,0,0,0,0,0,0,0,0,0,0,0,0,0,0,0,,,,,,,,,,,,,,,,,,,,,,,,,,,,,,,,,,,,,,,,,,,,,,,,,,,,,,,,,,,,,,,,,,,,,,,,,,,,,,,,,,,,,,,,,,,,,,,,,-1.0748514676472998,415,59
2026-27,football,Minnesota Intercollegiate Athletic Conference (MIAC),miac,St. Scholastica,"Hannah,Javon",Javon,Hannah,,618,"Hannah,Javon","HANNAH,JAVON",St. Scholastica,CSS,1402-7290,1,1,55,55,0,OL,0,0,,,,,,,,0,1,0,1,1,.0,.0,.0,0,0,0,0,0,0,0,0,0,0,0,0,0,0,0,0,,,,,,,,,,,,,,,,,,,,,,,,,,,,,,,,,,,,,,,,,,,,,,,,,,,,,,,,,,,,,,,,,,,,,,,,,,,,,,,,,,,,,,,,,,,,,,,,,-1.0748514676472998,416,59
2026-27,football,Minnesota Intercollegiate Athletic Conference (MIAC),miac,Bethel,"Johnson,Caden",Caden,Johnson,,60,"Johnson,Caden","JOHNSON,CADEN",Bethel,BET,1104-8223,1,0,12,1E,0,0,DB,0,,,,,,,,0,1,0,1,1,.0,.0,.0,0,0,0,0,0,0,0,0,0,0,0,0,0,0,0,0,,,,,,,,,,,,,,,,,,,,,,,,,,,,,,,,,,,,,,,,,,,,,,,,,,,,,,,,,,,,,,,,,,,,,,,,,,,,,,,,,,,,,,,,,,,,,,,,,-1.0748514676472998,417,58
2026-27,football,Minnesota Intercollegiate Athletic Conference (MIAC),miac,Carleton,"Kim,Zander",Zander,Kim,,118,"Kim,Zander","KIM,ZANDER",Carleton,CAR,1105-1151,1,0,42,42,0,0,LB,0,,,,,,,,0,0,1,1,1,.0,.0,.0,0,0,0,0,0,0,0,0,0,0,0,0,0,0,0,0,,,,,,,,,,,,,,,,,,,,,,,,,,,,,,,,,,,,,,,,,,,,,,,,,,,,,,,,,,,,,,,,,,,,,,,,,,,,,,,,,,,,,,,,,,,,,,,,,-1.0748514676472998,418,58
2026-27,football,Minnesota Intercollegiate Athletic Conference (MIAC),miac,Carleton,"Kniep,Cole",Cole,Kniep,,118,"Kniep,Cole","KNIEP,COLE",Carleton,CAR,1105-1152,1,0,97,97,0,0,DL,0,,,,,,,,0,0,1,1,1,.0,.0,.0,0,0,0,0,0,0,0,0,0,0,0,0,0,0,0,0,,,,,,,,,,,,,,,,,,,,,,,,,,,,,,,,,,,,,,,,,,,,,,,,,,,,,,,,,,,,,,,,,,,,,,,,,,,,,,,,,,,,,,,,,,,,,,,,,-1.0748514676472998,419,58
2026-27,football,Minnesota Intercollegiate Athletic Conference (MIAC),miac,Carleton,"Lin,Charles",Charles,Lin,,118,"Lin,Charles","LIN,CHARLES",Carleton,CAR,1105-1153,1,0,8,8,0,0,LB,0,,,,,,,,0,0,1,1,1,.0,.0,.0,0,0,0,0,0,0,0,0,0,0,0,0,0,0,0,0,,,,,,,,,,,,,,,,,,,,,,,,,,,,,,,,,,,,,,,,,,,,,,,,,,,,,,,,,,,,,,,,,,,,,,,,,,,,,,,,,,,,,,,,,,,,,,,,,-1.0748514676472998,420,58
2026-27,football,Minnesota Intercollegiate Athletic Conference (MIAC),miac,Augsburg,"Lindsey,Rasheen",Rasheen,Lindsey,,38,"Lindsey,Rasheen","LINDSEY,RASHEEN",Augsburg,AU,1103-13601,1,0,35,35,0,0,LB,0,,,,,,,,0,0,1,1,1,.0,.0,.0,0,0,0,0,0,0,0,0,0,0,0,0,0,0,0,0,,,,,,,,,,,,,,,,,,,,,,,,,,,,,,,,,,,,,,,,,,,,,,,,,,,,,,,,,,,,,,,,,,,,,,,,,,,,,,,,,,,,,,,,,,,,,,,,,-1.0748514676472998,421,58
2026-27,football,Minnesota Intercollegiate Athletic Conference (MIAC),miac,Concordia,"Lopez,Christopher",Christopher,Lopez,,161,"Lopez,Christopher","LOPEZ,CHRISTOPHER",Concordia,CON,0,1,0,23,23,0,0,DB,0,,,,,,,,0,0,1,1,1,.0,.0,.0,0,0,0,0,0,0,0,0,0,0,0,0,0,0,0,0,,,,,,,,,,,,,,,,,,,,,,,,,,,,,,,,,,,,,,,,,,,,,,,,,,,,,,,,,,,,,,,,,,,,,,,,,,,,,,,,,,,,,,,,,,,,,,,,,-1.0748514676472998,422,58
2026-27,football,Minnesota Intercollegiate Athletic Conference (MIAC),miac,Saint John's,Melvin Wallace,Melvin,Wallace,,602,Melvin Wallace,"WALLACE,MELVIN",Saint John's,SJU,1115-8758,1,0,8W,8W,0,0,0,0,,,,,,,,0,1,0,1,1,.0,.0,.0,0,0,0,0,0,0,0,0,0,3,0,0,0,0,0,0,,,,,,,,,,,,,,,,,,,,,,,,,,,,,,,,,,,,,,,,,,,,,,,,,,,,,,,,,,,,,,,,,,,,,,,,,,,,,,,,,,,,,,,,,,,,,,,,,-1.0748514676472998,423,58
2026-27,football,Minnesota Intercollegiate Athletic Conference (MIAC),miac,St. Scholastica,"Nelson,Aiden",Aiden,Nelson,,618,"Nelson,Aiden","NELSON,AIDEN",St. Scholastica,CSS,1402-7866,1,0,21,2I,0,0,DB,0,,,,,,,,0,1,0,1,1,.0,.0,.0,0,0,0,0,0,0,0,0,0,0,0,1,0,0,0,0,,,,,,,,,,,,,,,,,,,,,,,,,,,,,,,,,,,,,,,,,,,,,,,,,,,,,,,,,,,,,,,,,,,,,,,,,,,,,,,,,,,,,,,,,,,,,,,,,-1.0748514676472998,424,58
2026-27,football,Minnesota Intercollegiate Athletic Conference (MIAC),miac,Gustavus,"O'Neil,Ben",Ben,O'Neil,,266,"O'Neil,Ben","O'NEIL,BEN",Gustavus,GAC,1108-10033,1,0,86,86,0,WR,0,0,,,,,,,,0,1,0,1,1,.0,.0,.0,0,0,0,0,0,0,0,0,0,0,0,0,0,0,0,0,,,,,,,,,,,,,,,,,,,,,,,,,,,,,,,,,,,,,,,,,,,,,,,,,,,,,,,,,,,,,,,,,,,,,,,,,,,,,,,,,,,,,,,,,,,,,,,,,-1.0748514676472998,425,58
2026-27,football,Minnesota Intercollegiate Athletic Conference (MIAC),miac,Augsburg,"Robinson,Sean",Sean,Robinson,,38,"Robinson,Sean","ROBINSON,SEAN",Augsburg,AU,1103-13419,1,0,19,19,0,0,DB,0,,,,,,,,0,0,1,1,1,.0,.0,.0,0,0,0,0,0,0,0,0,0,0,0,0,0,0,0,0,,,,,,,,,,,,,,,,,,,,,,,,,,,,,,,,,,,,,,,,,,,,,,,,,,,,,,,,,,,,,,,,,,,,,,,,,,,,,,,,,,,,,,,,,,,,,,,,,-1.0748514676472998,426,58
2026-27,football,Minnesota Intercollegiate Athletic Conference (MIAC),miac,St. Scholastica,"Simon,Bennett",Bennett,Simon,,618,"Simon,Bennett","SIMON,BENNETT",St. Scholastica,CSS,1402-7689,1,0,41,41,0,0,LB,0,,,,,,,,0,1,0,1,1,.0,.0,.0,0,0,0,0,0,0,0,0,0,0,0,0,0,0,0,0,,,,,,,,,,,,,,,,,,,,,,,,,,,,,,,,,,,,,,,,,,,,,,,,,,,,,,,,,,,,,,,,,,,,,,,,,,,,,,,,,,,,,,,,,,,,,,,,,-1.0748514676472998,427,58
2026-27,football,Minnesota Intercollegiate Athletic Conference (MIAC),miac,Carleton,"Sullivan,John",John,Sullivan,,118,"Sullivan,John","SULLIVAN,JOHN",Carleton,CAR,1105-1382,1,0,24,24,0,0,DB,0,,,,,,,,0,1,0,1,1,.0,.0,.0,0,0,0,0,0,0,0,0,0,0,0,0,0,0,0,0,,,,,,,,,,,,,,,,,,,,,,,,,,,,,,,,,,,,,,,,,,,,,,,,,,,,,,,,,,,,,,,,,,,,,,,,,,,,,,,,,,,,,,,,,,,,,,,,,-1.0748514676472998,428,57
2026-27,football,Minnesota Intercollegiate Athletic Conference (MIAC),miac,Saint John's,Teddy Wackman,Teddy,Wackman,,602,Teddy Wackman,"WACKMAN,TEDDY",Saint John's,SJU,1115-8757,1,0,11,11,0,0,0,0,,,,,,,,0,1,0,1,1,.0,.0,.0,0,0,0,0,0,0,0,0,0,0,0,0,0,0,0,0,,,,,,,,,,,,,,,,,,,,,,,,,,,,,,,,,,,,,,,,,,,,,,,,,,,,,,,,,,,,,,,,,,,,,,,,,,,,,,,,,,,,,,,,,,,,,,,,,-1.0748514676472998,429,57
2026-27,football,Minnesota Intercollegiate Athletic Conference (MIAC),miac,Augsburg,"Thomas,JT",JT,Thomas,,38,"Thomas,JT","THOMAS,JT",Augsburg,AU,1103-13608,1,1,32,32,0,0,DL,0,,,,,,,,0,1,0,1,1,.0,.0,.0,0,0,0,0,0,0,0,0,1,0,0,0,0,0,0,0,,,,,,,,,,,,,,,,,,,,,,,,,,,,,,,,,,,,,,,,,,,,,,,,,,,,,,,,,,,,,,,,,,,,,,,,,,,,,,,,,,,,,,,,,,,,,,,,,-1.0748514676472998,430,57
2026-27,football,Minnesota Intercollegiate Athletic Conference (MIAC),miac,Concordia,"Walter,Ben",Ben,Walter,,161,"Walter,Ben","WALTER,BEN",Concordia,CON,0,1,0,22,22,0,RB,0,0,,,,,,,,0,0,1,1,1,.0,.0,.0,0,0,0,0,0,0,0,0,0,0,0,0,0,0,0,0,,,,,,,,,,,,,,,,,,,,,,,,,,,,,,,,,,,,,,,,,,,,,,,,,,,,,,,,,,,,,,,,,,,,,,,,,,,,,,,,,,,,,,,,,,,,,,,,,-1.0748514676472998,431,57
2026-27,football,Minnesota Intercollegiate Athletic Conference (MIAC),miac,Hamline,"Warren,Amere",Amere,Warren,,268,"Warren,Amere","WARREN,AMERE",Hamline,HAM,0,1,0,43,43,0,0,LB,0,,,,,,,,0,0,1,1,1,.0,.0,.0,0,0,0,0,0,0,0,0,0,0,0,0,0,0,0,0,,,,,,,,,,,,,,,,,,,,,,,,,,,,,,,,,,,,,,,,,,,,,,,,,,,,,,,,,,,,,,,,,,,,,,,,,,,,,,,,,,,,,,,,,,,,,,,,,-1.0748514676472998,432,57
2026-27,football,Minnesota Intercollegiate Athletic Conference (MIAC),miac,Saint John's,Will Quick,Will,Quick,,602,Will Quick,"QUICK,WILL",Saint John's,SJU,1115-8963,1,0,1Q,1Q,0,0,0,0,,,,,,,,0,1,0,1,1,.0,.0,.0,0,0,0,0,0,0,0,0,0,0,0,0,0,0,0,0,,,,,,,,,,,,,,,,,,,,,,,,,,,,,,,,,,,,,,,,,,,,,,,,,,,,,,,,,,,,,,,,,,,,,,,,,,,,,,,,,,,,,,,,,,,,,,,,,-1.0748514676472998,433,57
2026-27,football,Minnesota Intercollegiate Athletic Conference (MIAC),miac,Saint John's,Will Souba,Will,Souba,,602,Will Souba,"SOUBA,WILL",Saint John's,SJU,1115-9052,1,0,94,94,0,0,0,0,,,,,,,,0,0,1,1,1,.0,.0,.0,0,0,0,0,0,0,0,0,0,0,0,0,0,0,0,0,,,,,,,,,,,,,,,,,,,,,,,,,,,,,,,,,,,,,,,,,,,,,,,,,,,,,,,,,,,,,,,,,,,,,,,,,,,,,,,,,,,,,,,,,,,,,,,,,-1.0748514676472998,434,57
2026-27,football,Minnesota Intercollegiate Athletic Conference (MIAC),miac,Gustavus,"Will,Carter",Carter,Will,,266,"Will,Carter","WILL,CARTER",Gustavus,GAC,1108-9582,1,0,82,82,0,0,DL,0,,,,,,,,0,0,1,1,1,.0,.0,.0,0,0,0,0,0,0,0,0,0,1,0,0,0,0,0,0,,,,,,,,,,,,,,,,,,,,,,,,,,,,,,,,,,,,,,,,,,,,,,,,,,,,,,,,,,,,,,,,,,,,,,,,,,,,,,,,,,,,,,,,,,,,,,,,,-1.0748514676472998,435,57
2026-27,football,Minnesota Intercollegiate Athletic Conference (MIAC),miac,St. Scholastica,"Yeats,Payden",Payden,Yeats,,618,"Yeats,Payden","YEATS,PAYDEN",St. Scholastica,CSS,1402-7697,1,1,94,94,0,0,DL,0,,,,,,,,0,0,1,1,1,.0,.0,.0,0,0,0,0,0,0,0,0,0,0,0,0,0,0,0,0,,,,,,,,,,,,,,,,,,,,,,,,,,,,,,,,,,,,,,,,,,,,,,,,,,,,,,,,,,,,,,,,,,,,,,,,,,,,,,,,,,,,,,,,,,,,,,,,,-1.0748514676472998,436,57
2026-27,football,Minnesota Intercollegiate Athletic Conference (MIAC),miac,Hamline,"Blackshere,JuKari",JuKari,Blackshere,,268,"Blackshere,JuKari","BLACKSHERE,JUKARI",Hamline,HAM,0,0,0,14,14,0,WR,0,0,,,,,,,,,,,,,,,,,,,,,,,,,,,,,,,,,,,,,,,0,0,0,0,.0,,,,,,,,,,,,,,,,,,,,,,,,,,,,,,,,,,,,,,,,,,,,,,,,,,,,,,,,,,,,,,,,,,,,,,,,,,,,,,,,,,,,,-1.0878115267747226,437,57
2026-27,football,Minnesota Intercollegiate Athletic Conference (MIAC),miac,Hamline,"Coleman,Peter",Peter,Coleman,,268,"Coleman,Peter","COLEMAN,PETER",Hamline,HAM,0,0,0,11,11,0,WR,0,0,,,,,,,,,,,,,,,,,,,,,,,,,,,,,,,,,,,,,,,0,0,0,0,.0,,,,,,,,,,,,,,,,,,,,,,,,,,,,,,,,,,,,,,,,,,,,,,,,,,,,,,,,,,,,,,,,,,,,,,,,,,,,,,,,,,,,,-1.0878115267747226,438,57
2026-27,football,Minnesota Intercollegiate Athletic Conference (MIAC),miac,Concordia,"Hayes,Elijah",Elijah,Hayes,,161,"Hayes,Elijah","HAYES,ELIJAH",Concordia,CON,0,1,0,31,31,0,RB,0,0,,,,,,,,,,,,,,,,,,,,,,,,,,,,,,,,,,,,,,,1,0,0,0,.0,,,,,,,,,,,,,,,,,,,,,,,,,,,,,,,,,,,,,,,,,,,,,,,,,,,,,,,,,,,,,,,,,,,,,,,,,,,,,,,,,,,,,-1.0878115267747226,439,56
2026-27,football,Minnesota Intercollegiate Athletic Conference (MIAC),miac,Macalester,"Jones,Christian",Christian,Jones,,376,"Jones,Christian","JONES,CHRISTIAN",Macalester,MAC,0,0,0,87,87,0,WR,0,0,,,,,,,,,,,,,,,,,,,,,,,,,,,,,,,,,,,,,,,0,0,0,0,.0,,,,,,,,,,,,,,,,,,,,,,,,,,,,,,,,,,,,,,,,,,,,,,,,,,,,,,,,,,,,,,,,,,,,,,,,,,,,,,,,,,,,,-1.0878115267747226,440,56
2026-27,football,Minnesota Intercollegiate Athletic Conference (MIAC),miac,Hamline,"Langman,Mitchell",Mitchell,Langman,,268,"Langman,Mitchell","LANGMAN,MITCHELL",Hamline,HAM,0,0,0,84,84,0,TE,0,0,,,,,,,,,,,,,,,,,,,,,,,,,,,,,,,,,,,,,,,0,0,0,0,.0,,,,,,,,,,,,,,,,,,,,,,,,,,,,,,,,,,,,,,,,,,,,,,,,,,,,,,,,,,,,,,,,,,,,,,,,,,,,,,,,,,,,,-1.0878115267747226,441,56
2026-27,football,Minnesota Intercollegiate Athletic Conference (MIAC),miac,St. Scholastica,"McDonald,Radley",Radley,McDonald,,618,"McDonald,Radley","MCDONALD,RADLEY",St. Scholastica,CSS,1402-7863,1,0,5,5D,0,WR,0,0,,,,,,,,,,,,,,,,,,,,,,,,,,,,,,,,,,,,,,,0,0,0,0,.0,,,,,,,,,,,,,,,,,,,,,,,,,,,,,,,,,,,,,,,,,,,,,,,,,,,,,,,,,,,,,,,,,,,,,,,,,,,,,,,,,,,,,-1.0878115267747226,442,56
2026-27,football,Minnesota Intercollegiate Athletic Conference (MIAC),miac,Hamline,"Pachuta,Samuel",Samuel,Pachuta,,268,"Pachuta,Samuel","PACHUTA,SAMUEL",Hamline,HAM,0,0,0,2,2,0,WR,0,0,,,,,,,,,,,,,,,,,,,,,,,,,,,,,,,,,,,,,,,0,0,0,0,.0,,,,,,,,,,,,,,,,,,,,,,,,,,,,,,,,,,,,,,,,,,,,,,,,,,,,,,,,,,,,,,,,,,,,,,,,,,,,,,,,,,,,,-1.0878115267747226,443,56
2026-27,football,Minnesota Intercollegiate Athletic Conference (MIAC),miac,Hamline,"Pittman,Miquel",Miquel,Pittman,,268,"Pittman,Miquel","PITTMAN,MIQUEL",Hamline,HAM,0,0,0,17,1A,0,WR,0,0,,,,,,,,,,,,,,,,,,,,,,,,,,,,,,,,,,,,,,,0,0,0,0,.0,,,,,,,,,,,,,,,,,,,,,,,,,,,,,,,,,,,,,,,,,,,,,,,,,,,,,,,,,,,,,,,,,,,,,,,,,,,,,,,,,,,,,-1.0878115267747226,444,56
2026-27,football,Minnesota Intercollegiate Athletic Conference (MIAC),miac,Augsburg,"Seley,Kato",Kato,Seley,,38,"Seley,Kato","SELEY,KATO",Augsburg,AU,1103-13622,1,0,85,85,0,TE,0,0,,,,,,,,,,,,,,,,,,,,,,,,,,,,,,,,,,,,,,,0,0,0,0,.0,,,,,,,,,,,,,,,,,,,,,,,,,,,,,,,,,,,,,,,,,,,,,,,,,,,,,,,,,,,,,,,,,,,,,,,,,,,,,,,,,,,,,-1.0878115267747226,445,56
2026-27,football,Minnesota Intercollegiate Athletic Conference (MIAC),miac,Bethel,"Terry,Tyler",Tyler,Terry,,60,"Terry,Tyler","TERRY,TYLER",Bethel,BET,1104-7648,1,0,7,7,0,WR,0,0,,,,,,,,,,,,,,,,,,,,,,,,,,,,,,,,,,,,,,,0,0,0,0,.0,,,,,,,,,,,,,,,,,,,,,,,,,,,,,,,,,,,,,,,,,,,,,,,,,,,,,,,,,,,,,,,,,,,,,,,,,,,,,,,,,,,,,-1.0878115267747226,446,56
2026-27,football,Minnesota Intercollegiate Athletic Conference (MIAC),miac,St. Olaf,"Tran,Cayden",Cayden,Tran,,615,"Tran,Cayden","TRAN,CAYDEN",St. Olaf,STO,1117-5724,1,0,7,7,0,RB,0,0,,,,,,,,,,,,,,,,,,,,,,,,,,,,,,,,,,,,,,,1,0,0,0,.0,,,,,,,,,,,,,,,,,,,,,,,,,,,,,,,,,,,,,,,,,,,,,,,,,,,,,,,,,,,,,,,,,,,,,,,,,,,,,,,,,,,,,-1.0878115267747226,447,56
2026-27,football,Minnesota Intercollegiate Athletic Conference (MIAC),miac,Macalester,"Watson,Will",Will,Watson,,376,"Watson,Will","WATSON,WILL",Macalester,MAC,0,1,1,88,88,0,TE,0,0,,,,,,,,,,,,,,,,,,,,,,,,,,,,,,,,,,,,,,,0,0,0,0,.0,,,,,,,,,,,,,,,,,,,,,,,,,,,,,,,,,,,,,,,,,,,,,,,,,,,,,,,,,,,,,,,,,,,,,,,,,,,,,,,,,,,,,-1.0878115267747226,448,56
2026-27,football,Minnesota Intercollegiate Athletic Conference (MIAC),miac,Concordia,"Gall,Gavin",Gavin,Gall,,161,"Gall,Gavin","GALL,GAVIN",Concordia,CON,0,1,0,12,12,0,WR,0,0,,,,,,,,,,,,,,,,,,,,,,,,,,,,,,,,,,,,,,,1,2,0,2,2.0,,,,,,,,,1,9,0,9,9.0,,,,,,,,,,,,,,,,,,,,,,,,,,,,,,,,1,21,0,21,21.0,,,,,,,,,,,,,,,,,,,,,,,,,,,,,,,,,,,,-1.2357769277367903,449,56
2026-27,football,Minnesota Intercollegiate Athletic Conference (MIAC),miac,Hamline,"Casarez McCampbell,Sincere",Sincere,Casarez McCampbell,,268,"Casarez McCampbell,Sincere","CASAREZ MCCAMPBELL,SINCERE",Hamline,HAM,1109-5630,1,0,16,16,0,QB,0,0,,,,,,,,,,,,,,,,,,,,,,,,,,,,,,,,,,,,,,,,,,,,1,-7,0,7,0,0,-7.0,-7.0,,,,,,,,,,,,,,,,,,,,,,,,,,,,,,,,,,,,,,,,,,,,,,,,,,,,,,,,,,,,,,,,,,,,,,,,,,,,,-1.2394095914002126,450,55
2026-27,football,Minnesota Intercollegiate Athletic Conference (MIAC),miac,Concordia,"Gorghuber,Mason",Mason,Gorghuber,,161,"Gorghuber,Mason","GORGHUBER,MASON",Concordia,CON,0,1,0,5,5,0,WR,0,0,,,,,,,,,,,,,,,,,,,,,,,,,,,,,,,,,,,,,,,0,0,0,0,.0,,,,,,,,,1,2,0,2,2.0,,,,,,,,,,,,,,,,,,,,,,,,,,,,,,,,,,,,,,,,,,,,,,,,,,,,,,,,,,,,,,,,,,,,,,,,-1.2978648392504948,451,55
2026-27,football,Minnesota Intercollegiate Athletic Conference (MIAC),miac,Hamline,"Abundis,Steve",Steve,Abundis,,268,"Abundis,Steve","ABUNDIS,STEVE",Hamline,HAM,0,0,0,99,99,0,0,DL,0,,,,,,,,0,0,0,0,0,.0,.0,.0,0,0,0,0,0,0,0,0,0,0,0,0,0,0,0,0,,,,,,,,,,,,,,,,,,,,,,,,,,,,,,,,,,,,,,,,,,,,,,,,,,,,,,,,,,,,,,,,,,,,,,,,,,,,,,,,,,,,,,,,,,,,,,,,,-1.3338911006775196,452,55
2026-27,football,Minnesota Intercollegiate Athletic Conference (MIAC),miac,Hamline,"Attama,Chiduben",Chiduben,Attama,,268,"Attama,Chiduben","ATTAMA,CHIDUBEN",Hamline,HAM,0,0,0,9,9,0,0,LB,0,,,,,,,,0,0,0,0,0,.0,.0,.0,0,0,0,0,0,0,0,0,0,0,0,0,0,0,0,0,,,,,,,,,,,,,,,,,,,,,,,,,,,,,,,,,,,,,,,,,,,,,,,,,,,,,,,,,,,,,,,,,,,,,,,,,,,,,,,,,,,,,,,,,,,,,,,,,-1.3338911006775196,453,55
2026-27,football,Minnesota Intercollegiate Athletic Conference (MIAC),miac,Macalester,"Cogan,Riley",Riley,Cogan,,376,"Cogan,Riley","COGAN,RILEY",Macalester,MAC,0,0,0,0,0,0,0,DL,0,,,,,,,,0,0,0,0,0,.0,.0,.0,0,0,0,0,0,0,0,0,0,0,0,0,0,0,0,0,,,,,,,,,,,,,,,,,,,,,,,,,,,,,,,,,,,,,,,,,,,,,,,,,,,,,,,,,,,,,,,,,,,,,,,,,,,,,,,,,,,,,,,,,,,,,,,,,-1.3338911006775196,454,55
2026-27,football,Minnesota Intercollegiate Athletic Conference (MIAC),miac,Macalester,"Degnan,Jacob",Jacob,Degnan,,376,"Degnan,Jacob","DEGNAN,JACOB",Macalester,MAC,0,0,0,1,1,0,0,DB,0,,,,,,,,0,0,0,0,0,.0,.0,.0,0,0,0,0,0,0,0,0,0,0,0,0,0,0,0,0,,,,,,,,,,,,,,,,,,,,,,,,,,,,,,,,,,,,,,,,,,,,,,,,,,,,,,,,,,,,,,,,,,,,,,,,,,,,,,,,,,,,,,,,,,,,,,,,,-1.3338911006775196,455,55
2026-27,football,Minnesota Intercollegiate Athletic Conference (MIAC),miac,Hamline,"Deloach,Isaiah",Isaiah,Deloach,,268,"Deloach,Isaiah","DELOACH,ISAIAH",Hamline,HAM,0,0,0,11,1B,0,0,DL,0,,,,,,,,0,0,0,0,0,.0,.0,.0,0,0,0,0,0,0,0,0,0,0,0,0,0,0,0,0,,,,,,,,,,,,,,,,,,,,,,,,,,,,,,,,,,,,,,,,,,,,,,,,,,,,,,,,,,,,,,,,,,,,,,,,,,,,,,,,,,,,,,,,,,,,,,,,,-1.3338911006775196,456,55
2026-27,football,Minnesota Intercollegiate Athletic Conference (MIAC),miac,Augsburg,"Deloach,Isaiah",Isaiah,Deloach,,38,"Deloach,Isaiah","DELOACH,ISAIAH",Augsburg,AU,1103-13584,1,1,11,11,0,0,DL,0,,,,,,,,0,0,0,0,0,.0,.0,.0,0,0,0,0,0,0,0,0,0,1,0,0,0,0,0,0,,,,,,,,,,,,,,,,,,,,,,,,,,,,,,,,,,,,,,,,,,,,,,,,,,,,,,,,,,,,,,,,,,,,,,,,,,,,,,,,,,,,,,,,,,,,,,,,,-1.3338911006775196,457,55
2026-27,football,Minnesota Intercollegiate Athletic Conference (MIAC),miac,Hamline,"Kowarsch,Chris",Chris,Kowarsch,,268,"Kowarsch,Chris","KOWARSCH,CHRIS",Hamline,HAM,0,0,0,58,58,0,0,LB,0,,,,,,,,0,0,0,0,0,.0,.0,.0,0,0,0,0,0,0,0,0,0,0,0,0,0,0,0,0,,,,,,,,,,,,,,,,,,,,,,,,,,,,,,,,,,,,,,,,,,,,,,,,,,,,,,,,,,,,,,,,,,,,,,,,,,,,,,,,,,,,,,,,,,,,,,,,,-1.3338911006775196,458,55
2026-27,football,Minnesota Intercollegiate Athletic Conference (MIAC),miac,Concordia,"Larson,Ethan",Ethan,Larson,,161,"Larson,Ethan","LARSON,ETHAN",Concordia,CON,0,1,1,45,45,0,0,LB,0,,,,,,,,0,0,0,0,0,.0,.0,.0,0,0,0,0,0,0,0,0,0,1,0,0,0,0,0,0,,,,,,,,,,,,,,,,,,,,,,,,,,,,,,,,,,,,,,,,,,,,,,,,,,,,,,,,,,,,,,,,,,,,,,,,,,,,,,,,,,,,,,,,,,,,,,,,,-1.3338911006775196,459,55
2026-27,football,Minnesota Intercollegiate Athletic Conference (MIAC),miac,Macalester,"Matlack,William",William,Matlack,,376,"Matlack,William","MATLACK,WILLIAM",Macalester,MAC,0,0,0,50,50,0,0,DL,0,,,,,,,,0,0,0,0,0,.0,.0,.0,0,0,0,0,0,0,0,0,0,0,0,0,0,0,0,0,,,,,,,,,,,,,,,,,,,,,,,,,,,,,,,,,,,,,,,,,,,,,,,,,,,,,,,,,,,,,,,,,,,,,,,,,,,,,,,,,,,,,,,,,,,,,,,,,-1.3338911006775196,460,55
2026-27,football,Minnesota Intercollegiate Athletic Conference (MIAC),miac,Macalester,"McKissick,Tommy",Tommy,McKissick,,376,"McKissick,Tommy","MCKISSICK,TOMMY",Macalester,MAC,0,0,0,69,69,0,0,DL,0,,,,,,,,0,0,0,0,0,.0,.0,.0,0,0,0,0,0,0,0,0,0,0,0,0,0,0,0,0,,,,,,,,,,,,,,,,,,,,,,,,,,,,,,,,,,,,,,,,,,,,,,,,,,,,,,,,,,,,,,,,,,,,,,,,,,,,,,,,,,,,,,,,,,,,,,,,,-1.3338911006775196,461,54
2026-27,football,Minnesota Intercollegiate Athletic Conference (MIAC),miac,Hamline,"Mendoza,KC",KC,Mendoza,,268,"Mendoza,KC","MENDOZA,KC",Hamline,HAM,0,0,0,29,29,0,0,DB,0,,,,,,,,0,0,0,0,0,.0,.0,.0,0,0,0,0,0,0,0,0,0,0,0,0,0,0,0,0,,,,,,,,,,,,,,,,,,,,,,,,,,,,,,,,,,,,,,,,,,,,,,,,,,,,,,,,,,,,,,,,,,,,,,,,,,,,,,,,,,,,,,,,,,,,,,,,,-1.3338911006775196,462,54
2026-27,football,Minnesota Intercollegiate Athletic Conference (MIAC),miac,Hamline,"Mills,Max",Max,Mills,,268,"Mills,Max","MILLS,MAX",Hamline,HAM,0,1,1,51,51,0,0,LB,0,,,,,,,,0,0,0,0,0,.0,.0,.0,0,0,0,0,0,0,0,0,0,0,0,0,0,0,0,0,,,,,,,,,,,,,,,,,,,,,,,,,,,,,,,,,,,,,,,,,,,,,,,,,,,,,,,,,,,,,,,,,,,,,,,,,,,,,,,,,,,,,,,,,,,,,,,,,-1.3338911006775196,463,54
2026-27,football,Minnesota Intercollegiate Athletic Conference (MIAC),miac,Hamline,"Nowell,Anthony",Anthony,Nowell,,268,"Nowell,Anthony","NOWELL,ANTHONY",Hamline,HAM,0,0,0,21,21,0,0,DB,0,,,,,,,,0,0,0,0,0,.0,.0,.0,0,0,0,0,0,0,0,0,0,0,0,0,0,0,0,0,,,,,,,,,,,,,,,,,,,,,,,,,,,,,,,,,,,,,,,,,,,,,,,,,,,,,,,,,,,,,,,,,,,,,,,,,,,,,,,,,,,,,,,,,,,,,,,,,-1.3338911006775196,464,54
2026-27,football,Minnesota Intercollegiate Athletic Conference (MIAC),miac,Macalester,"Pearce,Riley",Riley,Pearce,,376,"Pearce,Riley","PEARCE,RILEY",Macalester,MAC,0,0,0,2,2,0,0,LB,0,,,,,,,,0,0,0,0,0,.0,.0,.0,0,0,0,0,0,0,0,0,0,0,0,0,0,0,0,0,,,,,,,,,,,,,,,,,,,,,,,,,,,,,,,,,,,,,,,,,,,,,,,,,,,,,,,,,,,,,,,,,,,,,,,,,,,,,,,,,,,,,,,,,,,,,,,,,-1.3338911006775196,465,54
2026-27,football,Minnesota Intercollegiate Athletic Conference (MIAC),miac,Macalester,"Rafidi,Issam",Issam,Rafidi,,376,"Rafidi,Issam","RAFIDI,ISSAM",Macalester,MAC,0,0,0,53,53,0,0,LB,0,,,,,,,,0,0,0,0,0,.0,.0,.0,0,0,0,0,0,0,0,0,0,0,0,0,0,0,0,0,,,,,,,,,,,,,,,,,,,,,,,,,,,,,,,,,,,,,,,,,,,,,,,,,,,,,,,,,,,,,,,,,,,,,,,,,,,,,,,,,,,,,,,,,,,,,,,,,-1.3338911006775196,466,54
2026-27,football,Minnesota Intercollegiate Athletic Conference (MIAC),miac,Macalester,"Ray,Jake",Jake,Ray,,376,"Ray,Jake","RAY,JAKE",Macalester,MAC,0,1,1,7,7,0,0,DL,0,,,,,,,,0,0,0,0,0,.0,.0,.0,0,0,0,0,0,0,0,0,0,1,0,0,0,0,0,0,,,,,,,,,,,,,,,,,,,,,,,,,,,,,,,,,,,,,,,,,,,,,,,,,,,,,,,,,,,,,,,,,,,,,,,,,,,,,,,,,,,,,,,,,,,,,,,,,-1.3338911006775196,467,54
2026-27,football,Minnesota Intercollegiate Athletic Conference (MIAC),miac,Concordia,"Riley,Ethan",Ethan,Riley,,161,"Riley,Ethan","RILEY,ETHAN",Concordia,CON,0,1,0,92,92,0,0,DL,0,,,,,,,,0,0,0,0,0,.0,.0,.0,0,0,0,0,0,0,0,0,0,1,0,0,0,0,0,0,,,,,,,,,,,,,,,,,,,,,,,,,,,,,,,,,,,,,,,,,,,,,,,,,,,,,,,,,,,,,,,,,,,,,,,,,,,,,,,,,,,,,,,,,,,,,,,,,-1.3338911006775196,468,54
2026-27,football,Minnesota Intercollegiate Athletic Conference (MIAC),miac,Hamline,"Sandoval,Dominic",Dominic,Sandoval,,268,"Sandoval,Dominic","SANDOVAL,DOMINIC",Hamline,HAM,0,0,0,4,4,0,0,LB,0,,,,,,,,0,0,0,0,0,.0,.0,.0,0,0,0,0,0,0,0,0,0,0,0,0,0,0,0,0,,,,,,,,,,,,,,,,,,,,,,,,,,,,,,,,,,,,,,,,,,,,,,,,,,,,,,,,,,,,,,,,,,,,,,,,,,,,,,,,,,,,,,,,,,,,,,,,,-1.3338911006775196,469,54
2026-27,football,Minnesota Intercollegiate Athletic Conference (MIAC),miac,Macalester,"Schnase,Elijah",Elijah,Schnase,,376,"Schnase,Elijah","SCHNASE,ELIJAH",Macalester,MAC,0,1,0,38,38,0,0,LB,0,,,,,,,,0,0,0,0,0,.0,.0,.0,0,0,0,0,0,0,0,0,0,0,0,0,0,0,0,0,,,,,,,,,,,,,,,,,,,,,,,,,,,,,,,,,,,,,,,,,,,,,,,,,,,,,,,,,,,,,,,,,,,,,,,,,,,,,,,,,,,,,,,,,,,,,,,,,-1.3338911006775196,470,54
2026-27,football,Minnesota Intercollegiate Athletic Conference (MIAC),miac,Hamline,"Spellman,Troy",Troy,Spellman,,268,"Spellman,Troy","SPELLMAN,TROY",Hamline,HAM,0,0,0,3,3,0,0,S,0,,,,,,,,0,0,0,0,0,.0,.0,.0,0,0,0,0,0,0,0,0,0,0,0,0,0,0,0,0,,,,,,,,,,,,,,,,,,,,,,,,,,,,,,,,,,,,,,,,,,,,,,,,,,,,,,,,,,,,,,,,,,,,,,,,,,,,,,,,,,,,,,,,,,,,,,,,,-1.3338911006775196,471,54
2026-27,football,Minnesota Intercollegiate Athletic Conference (MIAC),miac,Macalester,"Wallin,Jude",Jude,Wallin,,376,"Wallin,Jude","WALLIN,JUDE",Macalester,MAC,0,0,0,13,13,0,0,DB,0,,,,,,,,0,0,0,0,0,.0,.0,.0,0,0,0,0,0,0,0,0,0,0,0,0,0,0,0,0,,,,,,,,,,,,,,,,,,,,,,,,,,,,,,,,,,,,,,,,,,,,,,,,,,,,,,,,,,,,,,,,,,,,,,,,,,,,,,,,,,,,,,,,,,,,,,,,,-1.3338911006775196,472,53
2026-27,football,Minnesota Intercollegiate Athletic Conference (MIAC),miac,Macalester,"Weese,Ben",Ben,Weese,,376,"Weese,Ben","WEESE,BEN",Macalester,MAC,0,0,0,44,44,0,0,DB,0,,,,,,,,0,0,0,0,0,.0,.0,.0,0,0,0,0,0,0,0,0,0,0,0,0,0,0,0,0,,,,,,,,,,,,,,,,,,,,,,,,,,,,,,,,,,,,,,,,,,,,,,,,,,,,,,,,,,,,,,,,,,,,,,,,,,,,,,,,,,,,,,,,,,,,,,,,,-1.3338911006775196,473,53
2026-27,football,Minnesota Intercollegiate Athletic Conference (MIAC),miac,Hamline,"Zacharias,Croix",Croix,Zacharias,,268,"Zacharias,Croix","ZACHARIAS,CROIX",Hamline,HAM,0,0,0,0,0,0,0,LB,0,,,,,,,,0,0,0,0,0,.0,.0,.0,0,0,0,0,0,0,0,0,0,0,0,0,0,0,0,0,,,,,,,,,,,,,,,,,,,,,,,,,,,,,,,,,,,,,,,,,,,,,,,,,,,,,,,,,,,,,,,,,,,,,,,,,,,,,,,,,,,,,,,,,,,,,,,,,-1.3338911006775196,474,53
2026-27,football,Minnesota Intercollegiate Athletic Conference (MIAC),miac,Macalester,"Zacharias,Niko",Niko,Zacharias,,376,"Zacharias,Niko","ZACHARIAS,NIKO",Macalester,MAC,0,1,1,19,19,0,0,DB,0,,,,,,,,0,0,0,0,0,.0,.0,.0,0,0,0,0,0,0,0,0,0,0,0,0,0,0,0,0,,,,,,,,,,,,,,,,,,,,,,,,,,,,,,,,,,,,,,,,,,,,,,,,,,,,,,,,,,,,,,,,,,,,,,,,,,,,,,,,,,,,,,,,,,,,,,,,,-1.3338911006775196,475,53
2026-27,football,Minnesota Intercollegiate Athletic Conference (MIAC),miac,Augsburg,"Rodkewich,Caden",Caden,Rodkewich,,38,"Rodkewich,Caden","RODKEWICH,CADEN",Augsburg,AU,1103-13072,1,1,3,3,0,QB,0,0,,,,,,,,,,,,,,,,,,,,,,,,,,,,,,,,,,,,,,,,,,,,1,0,0,0,0,0,.0,.0,,,,,,,,,,,,,,,,,,,,,,,,,0,0,25,2,158,2,29,12,96.1,5.45,13.17,158.0,,,,,,,,,,,,,,,,0,0,0,0,1,0,1,0,0,0,0,0,,,,,,,,,,,,,,-1.4301330481064065,476,53
2026-27,football,Minnesota Intercollegiate Athletic Conference (MIAC),miac,Macalester,"Green,Jay",Jay,Green,,376,"Green,Jay","GREEN,JAY",Macalester,MAC,0,1,1,5,5,0,0,DB,0,,,,,,,,0,1,0,1,1,.0,.0,.0,0,0,0,0,0,0,0,0,0,0,0,0,0,0,0,0,,,,,,,,,,,,,,,,,,,,,,,,,,0,0,0,0,.0,,,,,,,,,,,,,,,,,,,,,,,,,,,1,10,0,10,10.0,,,,,,,,,,,,,,,,,,,,,,,,,,,,,,,,,,,,-1.4320560105408748,477,53
2026-27,football,Minnesota Intercollegiate Athletic Conference (MIAC),miac,Saint John's,Wyatt McCabe,Wyatt,McCabe,,602,Wyatt McCabe,"MCCABE,WYATT",Saint John's,SJU,1115-8516,1,0,24,24,0,0,0,0,,,,,,,,,,,,,,,,,,,,,,,,,,,,,,,,,,,,,,,2,13,0,7,6.5,1,4,4,0,0,4,4.0,4.0,,,,,,,,,,,,,,,,,,,,,,,,,,,,,,,,,,,,,,,,,,,,,,,,,,,,,,,,,,,,,,,,,,,,,,,,,,,,,-1.528660426536975,478,53
2026-27,football,Minnesota Intercollegiate Athletic Conference (MIAC),miac,St. Olaf,"Htoo,Rob",Rob,Htoo,,615,"Htoo,Rob","HTOO,ROB",St. Olaf,STO,1117-5086,1,0,2,2,0,RB,0,0,,,,,,,,0,1,0,1,1,.0,.0,.0,0,0,0,0,0,0,0,0,0,0,0,0,0,0,0,0,,,,,,,,3,19,0,8,6.3,,,,,,,,,,,,,,,,,,,,,,,,,,,,,,,,,,,,,,,,,,,,,,,,,,,,,,,,,,,,,,,,,,,,,,,,,,,,,,,,,,,,,-1.6100840520092234,479,53
2026-27,football,Minnesota Intercollegiate Athletic Conference (MIAC),miac,St. Scholastica,"Webb,Griffin",Griffin,Webb,,618,"Webb,Griffin","WEBB,GRIFFIN",St. Scholastica,CSS,1402-7695,1,1,23,2E,0,RB,0,0,,,,,,,,0,0,0,0,0,.0,.0,.0,0,0,0,0,0,0,0,0,0,0,0,0,0,0,0,0,,,,,,,,3,26,0,28,8.7,8,1,22,21,0,9,.1,1.0,,,,,,,,,,,1,0,,,,,,,,,,,,,,,,,,,,,,,,,,,,,,,,,,,,,,,,,,,,,,,,,,,,1,53,53,0,0,0,1,1,53.0,,,,,-1.6938338241737487,480,53
2026-27,football,Minnesota Intercollegiate Athletic Conference (MIAC),miac,Hamline,"Stepp,Elijah",Elijah,Stepp,,268,"Stepp,Elijah","STEPP,ELIJAH",Hamline,HAM,1109-5637,1,0,27,27,0,RB,0,0,,,,,,,,,,,,,,,,,,,,,,,,,,,,,,,,,,,,,,,0,0,0,0,.0,3,9,9,0,0,4,3.0,9.0,,,,,,,,,,,,,,,,,,,,,,,,,,,,,,,,,,,,,,,,,,,,,,,,,,,,,,,,,,,,,,,,,,,,,,,,,,,,,-1.7156133180023145,481,53
2026-27,football,Minnesota Intercollegiate Athletic Conference (MIAC),miac,Carleton,"Frechette,Luc",Luc,Frechette,,118,"Frechette,Luc","FRECHETTE,LUC",Carleton,CAR,1105-1259,1,0,29,29,0,RB,0,0,,,,,,,,,,,,,,,,,,,,,,,,,,,,,,,,,,,,,,,1,-2,0,0,-2.0,1,7,7,0,0,7,7.0,7.0,,,,,,,,,,,,,,,,,,,,,,,,,,,,,,,,,,,,,,,,,,,,,,,,,,,,,,,,,,,,,,,,,,,,,,,,,,,,,-1.8502304974883974,482,53
2026-27,football,Minnesota Intercollegiate Athletic Conference (MIAC),miac,Gustavus,"Rodriguez,Christian",Christian,Rodriguez,,266,"Rodriguez,Christian","RODRIGUEZ,CHRISTIAN",Gustavus,GAC,1108-8570,1,0,10,1J,0,RB,0,0,,,,,,,,0,1,0,1,1,.0,.0,.0,0,0,0,0,0,0,0,0,0,0,0,0,0,0,0,0,,,,,,,,,,,,,2,4,6,2,0,6,2.0,4.0,,,,,,,,,,,,,,,,,,,,,,,,,,,,,,,,,,,,,,,,,,,,,,,,,,,,,,,,,,,,,,,,,,,,,,,,,,,,,-1.8937806964288357,483,52
2026-27,football,Minnesota Intercollegiate Athletic Conference (MIAC),miac,Hamline,"Simmons-Dabney,Jah",Jah,Simmons-Dabney,,268,"Simmons-Dabney,Jah","SIMMONS-DABNEY,JAH",Hamline,HAM,1109-4526,1,1,2,2,0,RB,0,0,,,,,,,,,,,,,,,,,,,,,,,,,,,,,,,,,,,,,,,1,2,0,2,2.0,4,2,7,5,0,4,.5,2.0,,,,,,,,,,,,,,,,,,,,,,,,,,,,,,,,,,,,,,,,,,,,,,,,,,,,,,,,,,,,,,,,,,,,,,,,,,,,,-1.9250255261133309,484,52
2026-27,football,Minnesota Intercollegiate Athletic Conference (MIAC),miac,Bethel,"Bengston,Zach",Zach,Bengston,,60,"Bengston,Zach","BENGSTON,ZACH",Bethel,BET,1104-7756,1,0,30,30,0,0,0,0,,,,,,,,0,0,0,0,0,.0,.0,.0,0,0,0,0,0,0,0,0,0,0,0,0,0,0,0,0,,,,,,,,,,,,,,,,,,,,,,,,,,,,,,,,,3,0,0,0,0,0,0,0,0,3,3,3,,,,,,,,,,,,,,,,,,,,,,,0,1,0,0,.0,3,3,0,0,0,0,0,0,0,0,0,0,,,,,,,,,,,,,,-1.9338098395826349,485,52
2026-27,football,Minnesota Intercollegiate Athletic Conference (MIAC),miac,Macalester,"Wetherill,Andrew",Andrew,Wetherill,,376,"Wetherill,Andrew","WETHERILL,ANDREW",Macalester,MAC,0,1,0,40,40,0,0,0,0,,,,,,,,0,0,0,0,0,.0,.0,.0,0,0,0,0,0,0,0,0,0,0,0,0,0,0,0,0,,,,,,,,,,,,,,,,,,,,,,,,,,,,,,,,,4,0,0,0,0,0,0,0,0,4,4,4,,,,,,,,,,,,,,,,,,6,329,1,0,54.8,0,0,0,0,.0,5,4,0,0,0,0,0,0,0,0,0,0,,,,,,,,,,,,,,-1.9338098395826349,486,52
2026-27,football,Minnesota Intercollegiate Athletic Conference (MIAC),miac,Augsburg,"Cooper,Iggie",Iggie,Cooper,,38,"Cooper,Iggie","COOPER,IGGIE",Augsburg,AU,1103-13582,1,1,0,0,0,WR,0,0,,,,,,,,0,1,0,1,1,.0,.0,.0,0,0,0,0,0,0,0,0,0,0,0,0,0,0,0,0,,,,,,,,2,7,0,10,3.5,,,,,,,,,,,,,,,,,,,,,,,,,,,,,,,,,,,,,,,,,,,,,,,,,,,,,,,,,,,,,,,,,,,,,,,,,,,,,,,,,,,,,-1.9590812787962544,487,52
2026-27,football,Minnesota Intercollegiate Athletic Conference (MIAC),miac,Hamline,"Pfenning-Wendt,Eric",Eric,Pfenning-Wendt,,268,"Pfenning-Wendt,Eric","PFENNING-WENDT,ERIC",Hamline,HAM,0,0,0,6,6,0,WR,0,0,,,,,,,,,,,,,,,,,,,,,,,,,,,,,,,,,,,,,,,0,0,0,0,.0,,,,,,,,,,,,,,,,,,,,,,,,,,,,,,,,,,,,,,,,,,,,,,,,,,,,,,,,,,,,,,,,,,,,,,,,0,0,0,0,0,0,0,0,.0,,,,,-2.0050805327819856,488,52
2026-27,football,Minnesota Intercollegiate Athletic Conference (MIAC),miac,St. Olaf,"Crosby,Luke",Luke,Crosby,,615,"Crosby,Luke","CROSBY,LUKE",St. Olaf,STO,1117-5092,1,1,12,12,0,QB,0,0,,,,,,,,,,,,,,,,,,,,,,,,,,,,,,,,,,,,,,,,,,,,6,17,18,1,0,5,2.8,17.0,,,,,,,,,,,,,,,,,,,,,,,,,0,0,33,1,235,4,36,21,100.1,6.53,11.19,235.0,,,,,,,,,,,,,,,,,,,,,,,,,,,,,,,,,,,,,,,,,-2.0300398587788915,489,52
2026-27,football,Minnesota Intercollegiate Athletic Conference (MIAC),miac,Hamline,"Adams,D'Nari",D'Nari,Adams,,268,"Adams,D'Nari","ADAMS,D'NARI",Hamline,HAM,0,0,0,18,18,0,WR,0,0,,,,,,,,,,,,,,,,,,,,,,,,,,,,,,,,,,,,,,,0,0,0,0,.0,0,0,0,0,0,0,.0,.0,,,,,,,,,,,,,,,,,,,,,,,,,,,,,,,,,,,,,,,,,,,,,,,,,,,,,,,,,,,,,,,,,,,,,,,,,,,,,-2.0596427055994138,490,52
2026-27,football,Minnesota Intercollegiate Athletic Conference (MIAC),miac,Macalester,"Sierra,Vasco",Vasco,Sierra,,376,"Sierra,Vasco","SIERRA,VASCO",Macalester,MAC,0,0,0,9,9,0,RB,0,0,,,,,,,,,,,,,,,,,,,,,,,,,,,,,,,,,,,,,,,0,0,0,0,.0,0,0,0,0,0,0,.0,.0,,,,,,,,,,,,,,,,,,,,,,,,,,,,,,,,,,,,,,,,,,,,,,,,,,,,,,,,,,,,,,,,,,,,,,,,,,,,,-2.0596427055994138,491,52
2026-27,football,Minnesota Intercollegiate Athletic Conference (MIAC),miac,St. Olaf,"Dillon,Landon",Landon,Dillon,,615,"Dillon,Landon","DILLON,LANDON",St. Olaf,STO,1117-5316,1,0,6,6,0,RB,0,0,,,,,,,,0,1,0,1,1,.0,.0,.0,0,0,0,0,0,0,0,0,0,0,0,0,0,0,0,0,,,,,,,,0,0,0,0,.0,10,28,29,1,0,7,2.8,28.0,,,,,,,,,,,,,,,,,,,,,,,,,,,,,,,,,,,,,,,,,,,,,,,,,,,,,,,,,,,,,,,,,,,,,,,,,,,,,-2.0641805229446275,492,52
2026-27,football,Minnesota Intercollegiate Athletic Conference (MIAC),miac,Gustavus,"Sieben,Jack",Jack,Sieben,,266,"Sieben,Jack","SIEBEN,JACK",Gustavus,GAC,1108-9164,1,0,12,12,0,0,0,0,,,,,,,,0,0,0,0,0,.0,.0,.0,0,0,0,0,0,0,0,0,0,0,0,0,0,0,0,0,,,,,,,,,,,,,,,,,,,,,,,,,,,,,,,,,3,0,0,0,0,0,0,0,0,3,3,3,,,,,,,,,,,,,,,,,,5,284,0,0,56.8,0,1,0,1,.0,3,3,0,0,0,0,0,0,0,0,0,0,4,141,42,0,0,0,0,0,35.3,,,,,-2.09240039423192,493,52
2026-27,football,Minnesota Intercollegiate Athletic Conference (MIAC),miac,Augsburg,"Allah,Amir",Amir,Allah,,38,"Allah,Amir","ALLAH,AMIR",Augsburg,AU,1103-13572,1,1,17,17,0,WR,0,0,,,,,,,,0,0,1,1,1,.0,.0,.0,0,0,0,0,0,0,0,0,0,0,0,0,0,0,0,0,,,,,,,,0,0,0,0,.0,,,,,,,,,,,,,,,,,,,,,,,,,,,,,,,,,,,,,,,,,,,,,,,,,,,,,,,,,,,,,,,,,,,,,,,,,,,,,,,,,,,,,-2.162662994422022,494,51
2026-27,football,Minnesota Intercollegiate Athletic Conference (MIAC),miac,Hamline,"Smith,DeAndre",DeAndre,Smith,,268,"Smith,DeAndre","SMITH,DEANDRE",Hamline,HAM,1109-5655,1,0,88,88,0,WR,0,0,,,,,,,,0,0,0,0,0,.0,.0,.0,0,0,0,0,0,0,0,0,0,0,0,0,0,0,0,0,,,,,,,,1,1,0,1,1.0,,,,,,,,,,,,,,,,,,,1,0,,,,,,,,,,,,,,,,,,,,,,,,,2,25,0,16,12.5,,,,,,,,,,,,,,,,,,,,,,,,,,,,,,,,,,,,-2.2080141086637646,495,51
2026-27,football,Minnesota Intercollegiate Athletic Conference (MIAC),miac,Macalester,"Feliciano,Deijon",Deijon,Feliciano,,376,"Feliciano,Deijon","FELICIANO,DEIJON",Macalester,MAC,0,0,0,11,11,0,WR,0,0,,,,,,,,0,0,0,0,0,.0,.0,.0,0,0,0,0,0,0,0,0,0,0,0,0,0,0,0,0,,,,,,,,,,,,,0,0,0,0,0,0,.0,.0,,,,,,,,,,,,,0,0,0,0,0,0,0,0,0,0,0,0,,,,,,,,,,,,,,,,,,,,,,,,,,,,,,,,,,,,,,,,,,,,,,,,,,,,,-2.3057222795022105,496,51
2026-27,football,Minnesota Intercollegiate Athletic Conference (MIAC),miac,Hamline,"Wynn,Malik",Malik,Wynn,,268,"Wynn,Malik","WYNN,MALIK",Hamline,HAM,0,0,0,25,25,0,RB,0,0,,,,,,,,0,0,0,0,0,.0,.0,.0,0,0,0,0,0,0,0,0,0,0,0,0,0,0,0,0,,,,,,,,,,,,,0,0,0,0,0,0,.0,.0,,,,,,,,,,,,,,,,,,,,,,,,,,,,,,,,,,,,,,,,,,,,,,,,,,,,,,,,,,,,,,,,,,,,,,,,,,,,,-2.3057222795022105,497,51
2026-27,football,Minnesota Intercollegiate Athletic Conference (MIAC),miac,St. Scholastica,"Jackson,Stephan",Stephan,Jackson,,618,"Jackson,Stephan","JACKSON,STEPHAN",St. Scholastica,CSS,1402-7674,1,1,0,0,0,RB,0,0,,,,,,,,0,0,0,0,0,.0,.0,.0,0,0,0,0,0,0,0,0,0,0,0,0,0,0,0,0,,,,,,,,,,,,,3,11,13,2,0,7,3.7,11.0,,,,,,,,,,,1,1,,,,,,,,,,,,,,,,,,,,,,,,,3,78,0,41,26.0,,,,,,,,,,,,,,,,,,,,,,,,,,,,,,,,,,,,-2.395864527008457,498,51
2026-27,football,Minnesota Intercollegiate Athletic Conference (MIAC),miac,Hamline,"Nehwah,Wuoson",Wuoson,Nehwah,,268,"Nehwah,Wuoson","NEHWAH,WUOSON",Hamline,HAM,1109-5660,1,0,0,0,0,WR,0,0,,,,,,,,,,,,,,,,,,,,,,,,,,,,,,,,,,,,,,,1,2,0,2,2.0,1,-13,0,13,0,0,-13.0,-13.0,,,,,,,,,,,,,,,,,,,,,,,,,,,,,,,,,,,,,,,,,,,,,,,,,,,,,,,,,,,,,,,,,,,,,,,,,,,,,-2.4984078387751625,499,51
2026-27,football,Minnesota Intercollegiate Athletic Conference (MIAC),miac,Concordia,"Scheeler,Carter",Carter,Scheeler,,161,"Scheeler,Carter","SCHEELER,CARTER",Concordia,CON,0,1,0,33,3C,0,RB,0,0,,,,,,,,0,1,0,1,1,.0,.0,.0,0,0,0,0,0,0,0,0,0,0,0,0,0,0,0,0,,,,,,,,2,8,0,7,4.0,4,9,13,4,0,7,2.3,9.0,,,,,,,,,,,,,,,,,,,,,,,,,,,,,,,,,,,,,,,,,,,,,,,,,,,,,,,,,,,,,,,,,,,,,,,,,,,,,-2.5577999677915932,500,51
2026-27,football,Minnesota Intercollegiate Athletic Conference (MIAC),miac,Carleton,"Watson,Jaxon",Jaxon,Watson,,118,"Watson,Jaxon","WATSON,JAXON",Carleton,CAR,1105-1035,1,1,7,7,0,WR,0,0,,,,,,,,0,1,0,1,1,.0,.0,.0,0,0,0,0,0,0,0,0,0,0,0,0,0,0,0,0,,,,,,,,1,6,0,6,6.0,1,4,4,0,0,4,4.0,4.0,,,,,,,,,,,,,,,,,,,,,,,,,,,,,,,,,,,,,2,36,0,25,18.0,,,,,,,,,,,,,,,,,,,,,,,,,,,,,,,,,,,,-2.8256051696145077,501,51
2026-27,football,Minnesota Intercollegiate Athletic Conference (MIAC),miac,Hamline,"Stevens,Zayden",Zayden,Stevens,,268,"Stevens,Zayden","STEVENS,ZAYDEN",Hamline,HAM,0,0,0,10,10,0,QB,0,0,,,,,,,,,,,,,,,,,,,,,,,,,,,,,,,,,,,,,,,,,,,,0,0,0,0,0,0,.0,.0,,,,,,,,,,,,,,,,,,,,,,,,,0,0,0,0,0,0,0,0,NaN,.00,.00,.0,,,,,,,,,,,,,,,,,,,,,,,,,,,,,,,,,,,,,,,,,-2.9160504500828295,502,51
2026-27,football,Minnesota Intercollegiate Athletic Conference (MIAC),miac,St. Scholastica,"Schroeder,Jack",Jack,Schroeder,,618,"Schroeder,Jack","SCHROEDER,JACK",St. Scholastica,CSS,1402-7873,1,0,51,51,0,0,0,0,,,,,,,,0,0,0,0,0,.0,.0,.0,0,0,0,0,0,0,0,0,0,0,0,0,0,0,0,0,,,,,,,,,,,,,,,,,,,,,,,,,,,,,,,,,2,0,0,0,0,0,0,0,0,2,2,2,,,,,,,,,,,,,,,,,,4,255,1,1,63.8,0,0,0,0,.0,2,2,0,0,0,0,0,0,0,0,0,0,1,-8,0,0,0,0,0,0,-8.0,,,,,-3.0230173048211673,503,51
2026-27,football,Minnesota Intercollegiate Athletic Conference (MIAC),miac,Carleton,"Bergner,Deon",Deon,Bergner,,118,"Bergner,Deon","BERGNER,DEON",Carleton,CAR,1105-1364,1,0,2,38,0,RB,0,0,,,,,,,,0,0,0,0,0,.0,.0,.0,0,0,0,0,0,0,0,0,0,0,0,0,0,0,0,0,,,,,,,,3,6,0,5,2.0,6,26,26,0,0,7,4.3,26.0,,,,,,,,,,,1,1,,,,,,,,,,,,,,,,,,,,,,,,,,,,,,,,,,,,,,,,,,,,,,,,,,,,,,,,,,,,,,,,,-3.264403002144236,504,51
2026-27,football,Minnesota Intercollegiate Athletic Conference (MIAC),miac,Carleton,"Olds,Evan",Evan,Olds,,118,"Olds,Evan","OLDS,EVAN",Carleton,CAR,1105-1264,1,1,35,35,0,RB,0,0,,,,,,,,0,0,0,0,0,.0,.0,.0,0,0,0,0,0,0,0,0,0,0,0,0,0,0,0,0,,,,,,,,11,31,0,8,2.8,5,2,6,4,0,3,.4,2.0,,,,,,,,,,,1,1,,,,,,,,,,,,,,,,,,,,,,,,,,,,,,,,,,,,,,,,,,,,,,,,,,,,,,,,,,,,,,,,,-3.454737146596852,505,50
2026-27,football,Minnesota Intercollegiate Athletic Conference (MIAC),miac,Carleton,"Lachermeier,Logan",Logan,Lachermeier,,118,"Lachermeier,Logan","LACHERMEIER,LOGAN",Carleton,CAR,1105-1375,1,0,15,15,0,QB,0,0,,,,,,,,,,,,,,,,,,,,,,,,,,,,,,,,,,,,,,,,,,,,1,-4,0,4,0,0,-4.0,-4.0,,,,,,,,,,,,,,,,,,,,,,,,,4,1,12,0,41,1,12,9,87.0,3.42,4.56,41.0,,,,,,,,,,,,,,,,,,,,,,,,,,,,,,,,,,,,,,,,,-3.805614520097189,506,50
2026-27,football,Minnesota Intercollegiate Athletic Conference (MIAC),miac,St. Scholastica,"Dossantos,Eddie",Eddie,Dossantos,,618,"Dossantos,Eddie","DOSSANTOS,EDDIE",St. Scholastica,CSS,1402-7263,1,1,4,4,0,QB,0,0,,,,,,,,0,0,0,0,0,.0,.0,.0,0,0,0,0,0,0,0,0,0,0,0,0,0,0,0,0,,,,,,,,,,,,,5,-12,13,25,0,9,-2.4,-12.0,,,,,,,,,,,1,1,,,,,,,,,,,,,5,1,59,2,170,2,22,10,122.2,7.73,17.00,170.0,,,,,,,,,,,,,,,,,,,,,,,,,,,,,,,,,,,,,,,,,-3.8609600354366376,507,50
2026-27,football,Minnesota Intercollegiate Athletic Conference (MIAC),miac,St. Scholastica,"Adzimahe,Elijah",Elijah,Adzimahe,,618,"Adzimahe,Elijah","ADZIMAHE,ELIJAH",St. Scholastica,CSS,1402-7845,1,0,6,6,0,QB,0,0,,,,,,,,0,0,0,0,0,.0,.0,.0,0,0,0,0,0,0,0,0,0,0,0,0,0,0,0,0,,,,,,,,,,,,,3,-33,2,35,0,2,-11.0,-33.0,,,,,,,,,,,1,0,,,,,,,,,,,,,6,1,16,0,16,0,1,1,234.4,16.00,16.00,16.0,,,,,,,,,,,,,,,,,,,,,,,,,,,,,,,,,,,,,,,,,-3.8785527857993207,508,50
2026-27,football,Minnesota Intercollegiate Athletic Conference (MIAC),miac,Hamline,"Aki,Jacob",Jacob,Aki,,268,"Aki,Jacob","AKI,JACOB",Hamline,HAM,0,1,0,19,19,0,QB,0,0,,,,,,,,0,0,0,0,0,.0,.0,.0,0,0,0,0,0,0,0,0,0,0,0,0,0,0,0,0,,,,,,,,,,,,,0,0,0,0,0,0,.0,.0,,,,,,,,,,,0,0,,,,,,,,,,,,,0,0,0,0,0,0,0,0,NaN,.00,.00,.0,,,,,,,,,,,,,,,,,,,,,,,,,,,,5,103,31,0,0,1,0,0,20.6,,,,,-4.378058862733318,509,50
