season,sport,conference,conference_code,team,player_name,first_name,last_name,position,team_code,name,checkname,team_name,team_id,sdrm_id,games_played,games_started,uniform,year,code,shot_stats_penalty_kick_attempts,shot_stats_penalty_kick_goals,shot_stats_shots_on_goal,shot_stats_shots,shot_stats_points,shot_stats_assists,shot_stats_goals,shot_stats_penalty_shot_attempts,shot_stats_penalty_shot_goals,shot_stats_avg_shots_per_game,shot_stats_avg_sog_per_game,shot_stats_avg_points_per_game,shot_stats_avg_goals_per_game,shot_stats_avg_assists_per_game,shot_stats_shots_saved_by_goalie,goal_stats_game_tying,goal_stats_hattricks,goal_stats_overtime,goal_stats_first,goal_stats_unassisted,goal_stats_game_winning,goal_stats_avg_gw_per_game,caution_stats_fouls,caution_stats_red_cards,caution_stats_yellow_cards,caution_stats_green_cards,caution_stats_avg_fouls_per_game,caution_stats_avg_yc_per_game,caution_stats_avg_rc_per_game,caution_stats_avg_gc_per_game,misc_stats_offsides,misc_stats_corner_kicks,misc_stats_minutes_played,misc_stats_defensive_saves,misc_stats_avg_corners_per_game,misc_stats_avg_offsides_per_game,goalie_stats,goalie_stats_shots_faced,goalie_stats_ties,goalie_stats_losses,goalie_stats_wins,goalie_stats_shutouts,goalie_stats_save_percentage,goalie_stats_goals_against_avg,goalie_stats_saves,goalie_stats_goals_allowed,goalie_stats_minutes,goalie_stats_games_started,goalie_stats_games_played,goalie_stats_avg_ga_per_game,goalie_stats_save_percentage_calc,goalie_stats_avg_sho_per_game,goalie_stats_avg_saves_per_game,composite_score,global_rank,rating
2026-27,wsoc,Minnesota Intercollegiate Athletic Conference (MIAC),miac,St. Olaf,"Johnson, Emily",Emily,Johnson,,615,"Johnson, Emily","JOHNSON,EMILY",St. Olaf,STO,1117-5144,3,3,15,0,15,0,0,11,26,10,0,5,0,0,8.67,3.67,3.33,1.667,.000,6,0,1,0,2,2,1,.333,3,0,0,0,1.00,.00,.00,.00,0,,194:00,0,.00,.00,,,,,,,,,,,,,,,,,,29.099230000549376,1,99
2026-27,wsoc,Minnesota Intercollegiate Athletic Conference (MIAC),miac,St. Olaf,"Anderson, Rachel",Rachel,Anderson,,615,"Anderson, Rachel","ANDERSON,RACHEL",St. Olaf,STO,1117-5289,3,3,2,0,2,0,0,9,10,4,2,1,0,0,3.33,3.00,1.33,.333,.667,8,0,0,0,0,1,1,.333,5,0,0,0,1.67,.00,.00,.00,0,,220:00,0,.00,.00,,,,,,,,,,,,,,,,,,17.993529239968154,2,99
2026-27,wsoc,Minnesota Intercollegiate Athletic Conference (MIAC),miac,Saint Benedict,"Gower, Eva",Eva,Gower,,595,"Gower, Eva","GOWER,EVA",Saint Benedict,CSB,1111-8731,3,3,26,0,26,0,0,7,13,5,1,2,0,0,4.33,2.33,1.67,.667,.333,5,0,0,0,0,1,0,.000,1,0,0,0,.33,.00,.00,.00,0,,165:00,0,.00,.00,,,,,,,,,,,,,,,,,,17.17718174201094,3,99
2026-27,wsoc,Minnesota Intercollegiate Athletic Conference (MIAC),miac,St. Scholastica,"Manion, Anna",Anna,Manion,,618,"Manion, Anna","MANION,ANNA",St. Scholastica,CSS,1402-7638,1,1,18,0,18,0,0,4,6,5,1,2,0,0,6.00,4.00,5.00,2.000,1.000,2,0,0,0,1,0,1,1.000,0,0,0,0,.00,.00,.00,.00,0,,59:00,0,.00,.00,,,,,,,,,,,,,,,,,,15.912704267754673,4,98
2026-27,wsoc,Minnesota Intercollegiate Athletic Conference (MIAC),miac,Concordia,"Ellis, Kara",Kara,Ellis,,161,"Ellis, Kara","ELLIS,KARA",Concordia,CC,0,3,3,21,0,21,0,0,3,7,6,0,3,0,0,2.33,1.00,2.00,1.000,.000,0,1,1,0,0,0,0,.000,1,0,0,0,.33,.00,.00,.00,0,,231:00,0,.00,.00,,,,,,,,,,,,,,,,,,15.517849261216215,5,98
2026-27,wsoc,Minnesota Intercollegiate Athletic Conference (MIAC),miac,Saint Benedict,"Warren, Veronica",Veronica,Warren,,595,"Warren, Veronica","WARREN,VERONICA",Saint Benedict,CSB,1111-8535,3,3,10,0,10,0,0,5,5,3,1,1,0,0,1.67,1.67,1.00,.333,.333,4,0,0,0,1,1,1,.333,1,0,0,0,.33,.00,.00,.00,0,,158:00,0,.00,.00,,,,,,,,,,,,,,,,,,11.229476355181877,6,98
2026-27,wsoc,Minnesota Intercollegiate Athletic Conference (MIAC),miac,Saint Mary's,"Bradley, Hannah",Hannah,Bradley,,612,"Bradley, Hannah","BRADLEY,HANNAH",Saint Mary's,SMU,1116-6912,2,2,9,0,9,0,0,4,4,3,1,1,0,0,2.00,2.00,1.50,.500,.500,3,0,0,0,1,1,0,.000,3,0,0,0,1.50,.00,.00,.00,0,,180:00,0,.00,.00,,,,,,,,,,,,,,,,,,10.80798386376312,7,97
2026-27,wsoc,Minnesota Intercollegiate Athletic Conference (MIAC),miac,Gustavus,"Easley, Amara",Amara,Easley,,266,"Easley, Amara","EASLEY,AMARA",Gustavus,GAC,1108-9223,2,2,2,0,2,0,0,3,5,4,0,2,0,0,2.50,1.50,2.00,1.000,.000,1,0,0,0,1,0,1,.500,2,0,0,0,1.00,.00,.00,.00,0,,97:00,0,.00,.00,,,,,,,,,,,,,,,,,,10.413128857224663,8,97
2026-27,wsoc,Minnesota Intercollegiate Athletic Conference (MIAC),miac,Concordia,"Sheflo, Emma",Emma,Sheflo,,161,"Sheflo, Emma","SHEFLO,EMMA",Concordia,CC,0,3,3,19,0,19,0,0,3,9,3,1,1,0,0,3.00,1.00,1.00,.333,.333,2,0,0,0,0,1,0,.000,3,0,0,0,1.00,.00,.00,.00,0,,250:00,0,.00,.00,,,,,,,,,,,,,,,,,,10.386491372344363,9,97
2026-27,wsoc,Minnesota Intercollegiate Athletic Conference (MIAC),miac,Hamline,"Geary, Alexis",Alexis,Geary,,268,"Geary, Alexis","GEARY,ALEXIS",Hamline,HAM,1109-4488,2,2,23,0,23,0,0,2,4,3,1,1,0,0,2.00,1.00,1.50,.500,.500,1,0,0,0,0,1,0,.000,1,0,0,0,.50,.00,.00,.00,0,,117:00,0,.00,.00,,,,,,,,,,,,,,,,,,9.964998880925608,10,96
2026-27,wsoc,Minnesota Intercollegiate Athletic Conference (MIAC),miac,St. Scholastica,"Lewis, Julia",Julia,Lewis,,618,"Lewis, Julia","LEWIS,JULIA",St. Scholastica,CSS,1402-7473,1,1,25,0,25,0,0,2,5,3,1,1,0,0,5.00,2.00,3.00,1.000,1.000,1,0,0,0,0,0,0,.000,1,0,0,0,1.00,.00,.00,.00,0,,68:00,0,.00,.00,,,,,,,,,,,,,,,,,,9.964998880925608,11,96
2026-27,wsoc,Minnesota Intercollegiate Athletic Conference (MIAC),miac,Concordia,"Skjeret, Tyra",Tyra,Skjeret,,161,"Skjeret, Tyra","SKJERET,TYRA",Concordia,CC,0,3,3,23,0,23,0,0,2,2,3,1,1,0,0,.67,.67,1.00,.333,.333,1,0,0,0,0,1,1,.333,1,0,0,0,.33,.00,.00,.00,0,,211:00,0,.00,.00,,,,,,,,,,,,,,,,,,9.964998880925608,12,96
2026-27,wsoc,Minnesota Intercollegiate Athletic Conference (MIAC),miac,Saint Benedict,"Prairie, Elly",Elly,Prairie,,595,"Prairie, Elly","PRAIRIE,ELLY",Saint Benedict,CSB,1111-8514,3,0,20,0,20,0,0,1,1,3,1,1,0,0,.33,.33,1.00,.333,.333,0,0,0,0,0,0,0,.000,0,0,0,0,.00,.00,.00,.00,0,,53:00,0,.00,.00,,,,,,,,,,,,,,,,,,9.54350638950685,13,95
2026-27,wsoc,Minnesota Intercollegiate Athletic Conference (MIAC),miac,Hamline,"Barrett, Addyson",Addyson,Barrett,,268,"Barrett, Addyson","BARRETT,ADDYSON",Hamline,HAM,1109-4490,2,2,13,0,13,0,0,4,5,2,0,1,0,0,2.50,2.00,1.00,.500,.000,3,0,0,0,0,0,0,.000,2,0,0,0,1.00,.00,.00,.00,0,,84:00,0,.00,.00,,,,,,,,,,,,,,,,,,5.729900944651863,14,95
2026-27,wsoc,Minnesota Intercollegiate Athletic Conference (MIAC),miac,Saint Benedict,"Janezich, Tatum",Tatum,Janezich,,595,"Janezich, Tatum","JANEZICH,TATUM",Saint Benedict,CSB,1111-8735,3,3,27,0,27,0,0,4,8,2,0,1,0,0,2.67,1.33,.67,.333,.000,3,0,0,0,1,1,0,.000,2,0,0,0,.67,.00,.00,.00,0,,202:00,0,.00,.00,,,,,,,,,,,,,,,,,,5.729900944651863,15,95
2026-27,wsoc,Minnesota Intercollegiate Athletic Conference (MIAC),miac,Gustavus,"Chastey, Luci",Luci,Chastey,,266,"Chastey, Luci","CHASTEY,LUCI",Gustavus,GAC,1108-10095,3,0,31,0,31,0,0,3,3,2,0,1,0,0,1.00,1.00,.67,.333,.000,2,0,0,0,1,0,0,.000,0,0,0,0,.00,.00,.00,.00,0,,69:00,0,.00,.00,,,,,,,,,,,,,,,,,,5.308408453233107,16,95
2026-27,wsoc,Minnesota Intercollegiate Athletic Conference (MIAC),miac,St. Olaf,"VanDeWalker, Wren",Wren,VanDeWalker,,615,"VanDeWalker, Wren","VANDEWALKER,WREN",St. Olaf,STO,1117-5143,3,3,10,0,10,0,0,3,11,1,1,0,0,0,3.67,1.00,.33,.000,.333,3,0,0,0,0,0,0,.000,2,0,0,0,.67,.00,.00,.00,0,,225:00,0,.00,.00,,,,,,,,,,,,,,,,,,5.2817709683528085,17,95
2026-27,wsoc,Minnesota Intercollegiate Athletic Conference (MIAC),miac,Concordia,"Christ, Reese",Reese,Christ,,161,"Christ, Reese","CHRIST,REESE",Concordia,CC,0,2,2,12,0,12,0,0,2,5,2,0,1,0,0,2.50,1.00,1.00,.500,.000,1,0,0,0,0,1,0,.000,1,0,0,0,.50,.00,.00,.00,0,,92:00,0,.00,.00,,,,,,,,,,,,,,,,,,4.886915961814351,18,94
2026-27,wsoc,Minnesota Intercollegiate Athletic Conference (MIAC),miac,Saint Benedict,"DeRosier, Lilly",Lilly,DeRosier,,595,"DeRosier, Lilly","DEROSIER,LILLY",Saint Benedict,CSB,1111-8729,3,3,22,0,22,0,0,2,2,2,0,1,0,0,.67,.67,.67,.333,.000,1,0,0,0,1,0,0,.000,2,0,0,0,.67,.00,.00,.00,0,,165:00,0,.00,.00,,,,,,,,,,,,,,,,,,4.886915961814351,19,94
2026-27,wsoc,Minnesota Intercollegiate Athletic Conference (MIAC),miac,Macalester,"Edmunds, Mikayla",Mikayla,Edmunds,,376,"Edmunds, Mikayla","EDMUNDS,MIKAYLA",Macalester,MAC,1110-5469,2,1,30,0,30,0,0,2,4,2,0,1,0,0,2.00,1.00,1.00,.500,.000,1,0,0,0,0,1,0,.000,1,0,0,0,.50,.00,.00,.00,0,,72:00,0,.00,.00,,,,,,,,,,,,,,,,,,4.886915961814351,20,94
2026-27,wsoc,Minnesota Intercollegiate Athletic Conference (MIAC),miac,Hamline,"Garcia, Danna",Danna,Garcia,,268,"Garcia, Danna","GARCIA,DANNA",Hamline,HAM,1109-4818,2,2,10,0,10,0,0,2,3,2,0,1,0,0,1.50,1.00,1.00,.500,.000,1,0,0,0,1,0,1,.500,0,0,0,0,.00,.00,.00,.00,0,,132:00,0,.00,.00,,,,,,,,,,,,,,,,,,4.886915961814351,21,94
2026-27,wsoc,Minnesota Intercollegiate Athletic Conference (MIAC),miac,Hamline,"Garcia, Sharleen",Sharleen,Garcia,,268,"Garcia, Sharleen","GARCIA,SHARLEEN",Hamline,HAM,1109-5684,2,0,9,0,9,0,0,2,2,2,0,1,1,1,1.00,1.00,1.00,.500,.000,1,0,0,0,1,1,1,.500,0,0,0,0,.00,.00,.00,.00,0,,41:00,0,.00,.00,,,,,,,,,,,,,,,,,,4.886915961814351,22,94
2026-27,wsoc,Minnesota Intercollegiate Athletic Conference (MIAC),miac,St. Scholastica,"Hansen, Gianna",Gianna,Hansen,,618,"Hansen, Gianna","HANSEN,GIANNA",St. Scholastica,CSS,1402-7805,1,1,11,0,11,0,0,2,3,2,0,1,1,1,3.00,2.00,2.00,1.000,.000,1,0,0,0,0,1,0,.000,0,0,0,0,.00,.00,.00,.00,0,,39:00,0,.00,.00,,,,,,,,,,,,,,,,,,4.886915961814351,23,94
2026-27,wsoc,Minnesota Intercollegiate Athletic Conference (MIAC),miac,Macalester,"Savoie, Evelyn",Evelyn,Savoie,,376,"Savoie, Evelyn","SAVOIE,EVELYN",Macalester,MAC,1110-5463,2,1,11,0,11,0,0,2,2,2,0,1,0,0,1.00,1.00,1.00,.500,.000,1,0,0,0,1,0,1,.500,2,0,0,0,1.00,.00,.00,.00,0,,90:00,0,.00,.00,,,,,,,,,,,,,,,,,,4.886915961814351,24,94
2026-27,wsoc,Minnesota Intercollegiate Athletic Conference (MIAC),miac,Gustavus,"Colebeck, Meghan",Meghan,Colebeck,,266,"Colebeck, Meghan","COLEBECK,MEGHAN",Gustavus,GAC,1108-9217,2,2,22,0,22,0,0,2,2,1,1,0,0,0,1.00,1.00,.50,.000,.500,2,0,0,0,0,0,0,.000,2,0,0,0,1.00,.00,.00,.00,0,,71:00,0,.00,.00,,,,,,,,,,,,,,,,,,4.860278476934052,25,94
2026-27,wsoc,Minnesota Intercollegiate Athletic Conference (MIAC),miac,Gustavus,"Hamski, Kate",Kate,Hamski,,266,"Hamski, Kate","HAMSKI,KATE",Gustavus,GAC,1108-9224,3,3,21,0,21,0,0,2,6,1,1,0,0,0,2.00,.67,.33,.000,.333,2,0,0,0,0,0,0,.000,0,0,0,0,.00,.00,.00,.00,0,,252:00,0,.00,.00,,,,,,,,,,,,,,,,,,4.860278476934052,26,93
2026-27,wsoc,Minnesota Intercollegiate Athletic Conference (MIAC),miac,Concordia,"Schwieters, Nora",Nora,Schwieters,,161,"Schwieters, Nora","SCHWIETERS,NORA",Concordia,CC,0,3,3,22,0,22,0,0,2,5,1,1,0,0,0,1.67,.67,.33,.000,.333,2,0,0,0,0,0,0,.000,3,0,0,0,1.00,.00,.00,.00,0,,180:00,0,.00,.00,,,,,,,,,,,,,,,,,,4.860278476934052,27,93
2026-27,wsoc,Minnesota Intercollegiate Athletic Conference (MIAC),miac,Gustavus,"Sumner, Brayleigh",Brayleigh,Sumner,,266,"Sumner, Brayleigh","SUMNER,BRAYLEIGH",Gustavus,GAC,1108-10091,3,0,14,0,14,0,0,2,5,1,1,0,0,0,1.67,.67,.33,.000,.333,2,0,0,0,0,0,0,.000,0,0,0,0,.00,.00,.00,.00,0,,121:00,0,.00,.00,,,,,,,,,,,,,,,,,,4.860278476934052,28,93
2026-27,wsoc,Minnesota Intercollegiate Athletic Conference (MIAC),miac,Saint Mary's,"Beckman, Ana",Ana,Beckman,,612,"Beckman, Ana","BECKMAN,ANA",Saint Mary's,SMU,1116-7050,2,2,32,0,32,0,0,1,1,2,0,1,0,0,.50,.50,1.00,.500,.000,0,0,0,0,1,0,1,.500,0,0,0,0,.00,.00,.00,.00,0,,180:00,0,.00,.00,,,,,,,,,,,,,,,,,,4.465423470395595,29,93
2026-27,wsoc,Minnesota Intercollegiate Athletic Conference (MIAC),miac,Saint Benedict,"Cammerrer, Allison",Allison,Cammerrer,,595,"Cammerrer, Allison","CAMMERRER,ALLISON",Saint Benedict,CSB,1111-8513,3,0,19,0,19,0,0,1,3,2,0,1,0,0,1.00,.33,.67,.333,.000,0,0,0,0,0,0,1,.333,0,0,0,0,.00,.00,.00,.00,0,,105:00,0,.00,.00,,,,,,,,,,,,,,,,,,4.465423470395595,30,93
2026-27,wsoc,Minnesota Intercollegiate Athletic Conference (MIAC),miac,St. Scholastica,"Coole, Bailey",Bailey,Coole,,618,"Coole, Bailey","COOLE,BAILEY",St. Scholastica,CSS,1402-7317,1,1,32,0,32,0,0,1,1,2,0,1,0,0,1.00,1.00,2.00,1.000,.000,0,0,0,0,0,1,0,.000,2,0,0,0,2.00,.00,.00,.00,0,,64:00,0,.00,.00,,,,,,,,,,,,,,,,,,4.465423470395595,31,93
2026-27,wsoc,Minnesota Intercollegiate Athletic Conference (MIAC),miac,Gustavus,"Davis, Julia",Julia,Davis,,266,"Davis, Julia","DAVIS,JULIA",Gustavus,GAC,1108-10093,3,3,20,0,20,0,0,1,4,2,0,1,0,0,1.33,.33,.67,.333,.000,0,0,0,0,1,1,0,.000,2,0,0,0,.67,.00,.00,.00,0,,185:00,0,.00,.00,,,,,,,,,,,,,,,,,,4.465423470395595,32,93
2026-27,wsoc,Minnesota Intercollegiate Athletic Conference (MIAC),miac,Hamline,"Ehler, Addy",Addy,Ehler,,268,"Ehler, Addy","EHLER,ADDY",Hamline,HAM,1109-4702,2,0,3,0,3,0,0,1,1,2,0,1,0,0,.50,.50,1.00,.500,.000,0,0,0,0,0,0,0,.000,1,0,0,0,.50,.00,.00,.00,0,,29:00,0,.00,.00,,,,,,,,,,,,,,,,,,4.465423470395595,33,93
2026-27,wsoc,Minnesota Intercollegiate Athletic Conference (MIAC),miac,St. Olaf,"Gilmer, Anna",Anna,Gilmer,,615,"Gilmer, Anna","GILMER,ANNA",St. Olaf,STO,1117-5502,3,3,9,0,9,0,0,1,1,2,0,1,0,0,.33,.33,.67,.333,.000,0,1,0,0,0,0,0,.000,1,0,0,0,.33,.00,.00,.00,0,,158:00,0,.00,.00,,,,,,,,,,,,,,,,,,4.465423470395595,34,92
2026-27,wsoc,Minnesota Intercollegiate Athletic Conference (MIAC),miac,Macalester,"Hamilton, Erica",Erica,Hamilton,,376,"Hamilton, Erica","HAMILTON,ERICA",Macalester,MAC,1110-5334,2,2,22,0,22,0,0,1,1,2,0,1,0,0,.50,.50,1.00,.500,.000,0,0,0,0,0,1,0,.000,0,0,0,0,.00,.00,.00,.00,0,,93:00,0,.00,.00,,,,,,,,,,,,,,,,,,4.465423470395595,35,92
2026-27,wsoc,Minnesota Intercollegiate Athletic Conference (MIAC),miac,St. Olaf,"Miller, Lillian",Lillian,Miller,,615,"Miller, Lillian","MILLER,LILLIAN",St. Olaf,STO,1117-5714,3,0,19,0,19,0,0,1,2,2,0,1,0,0,.67,.33,.67,.333,.000,0,0,0,0,0,1,0,.000,0,0,0,0,.00,.00,.00,.00,0,,88:00,0,.00,.00,,,,,,,,,,,,,,,,,,4.465423470395595,36,92
2026-27,wsoc,Minnesota Intercollegiate Athletic Conference (MIAC),miac,Macalester,"Nhouyvanisvong, Adi",Adi,Nhouyvanisvong,,376,"Nhouyvanisvong, Adi","NHOUYVANISVONG,ADI",Macalester,MAC,1110-5240,2,0,16,0,16,0,0,1,2,2,0,1,0,0,1.00,.50,1.00,.500,.000,0,0,0,0,0,1,0,.000,0,0,0,0,.00,.00,.00,.00,0,,59:00,0,.00,.00,,,,,,,,,,,,,,,,,,4.465423470395595,37,92
2026-27,wsoc,Minnesota Intercollegiate Athletic Conference (MIAC),miac,Saint Benedict,"Totushek, Laila",Laila,Totushek,,595,"Totushek, Laila","TOTUSHEK,LAILA",Saint Benedict,CSB,1111-8509,3,2,5,0,5,0,0,1,2,2,0,1,0,0,.67,.33,.67,.333,.000,0,0,0,0,0,0,1,.333,1,0,0,0,.33,.00,.00,.00,0,,122:00,0,.00,.00,,,,,,,,,,,,,,,,,,4.465423470395595,38,92
2026-27,wsoc,Minnesota Intercollegiate Athletic Conference (MIAC),miac,Hamline,"Nhean, Ellie",Ellie,Nhean,,268,"Nhean, Ellie","NHEAN,ELLIE",Hamline,HAM,1109-4348,2,2,11,0,11,0,0,1,4,1,1,0,0,0,2.00,.50,.50,.000,.500,1,0,0,0,0,0,0,.000,1,0,1,0,.50,.50,.00,.00,0,,128:00,0,.00,.00,,,,,,,,,,,,,,,,,,4.438785985515296,39,92
2026-27,wsoc,Minnesota Intercollegiate Athletic Conference (MIAC),miac,St. Olaf,"Rediger, Lillian",Lillian,Rediger,,615,"Rediger, Lillian","REDIGER,LILLIAN",St. Olaf,STO,1117-5146,3,2,21,0,21,0,0,1,2,1,1,0,0,0,.67,.33,.33,.000,.333,1,0,0,0,0,0,0,.000,0,0,0,0,.00,.00,.00,.00,0,,147:00,0,.00,.00,,,,,,,,,,,,,,,,,,4.438785985515296,40,92
2026-27,wsoc,Minnesota Intercollegiate Athletic Conference (MIAC),miac,St. Olaf,"Boyle, Emma",Emma,Boyle,,615,"Boyle, Emma","BOYLE,EMMA",St. Olaf,STO,1117-5503,3,1,7,0,7,0,0,0,2,1,1,0,0,0,.67,.00,.33,.000,.333,0,0,0,0,0,0,0,.000,0,0,0,0,.00,.00,.00,.00,0,,171:00,0,.00,.00,,,,,,,,,,,,,,,,,,4.01729349409654,41,92
2026-27,wsoc,Minnesota Intercollegiate Athletic Conference (MIAC),miac,Saint Benedict,"Fernholz, Gabby",Gabby,Fernholz,,595,"Fernholz, Gabby","FERNHOLZ,GABBY",Saint Benedict,CSB,1111-8292,3,3,13,0,13,0,0,0,2,1,1,0,0,0,.67,.00,.33,.000,.333,0,0,0,0,0,0,0,.000,1,0,0,0,.33,.00,.00,.00,0,,178:00,0,.00,.00,,,,,,,,,,,,,,,,,,4.01729349409654,42,91
2026-27,wsoc,Minnesota Intercollegiate Athletic Conference (MIAC),miac,St. Scholastica,"Hughes, Lauren",Lauren,Hughes,,618,"Hughes, Lauren","HUGHES,LAUREN",St. Scholastica,CSS,1402-7808,1,1,21,0,21,0,0,0,1,1,1,0,0,0,1.00,.00,1.00,.000,1.000,0,0,0,0,0,0,0,.000,0,0,0,0,.00,.00,.00,.00,0,,39:00,0,.00,.00,,,,,,,,,,,,,,,,,,4.01729349409654,43,91
2026-27,wsoc,Minnesota Intercollegiate Athletic Conference (MIAC),miac,Saint Benedict,"Jackson, Mira",Mira,Jackson,,595,"Jackson, Mira","JACKSON,MIRA",Saint Benedict,CSB,1111-8734,3,0,25,0,25,0,0,0,0,1,1,0,0,0,.00,.00,.33,.000,.333,0,0,0,0,0,0,0,.000,1,0,0,0,.33,.00,.00,.00,0,,76:00,0,.00,.00,,,,,,,,,,,,,,,,,,4.01729349409654,44,91
2026-27,wsoc,Minnesota Intercollegiate Athletic Conference (MIAC),miac,Hamline,"Luciano, Sonnie",Sonnie,Luciano,,268,"Luciano, Sonnie","LUCIANO,SONNIE",Hamline,HAM,1109-4780,2,0,5,0,5,0,0,0,1,1,1,0,0,0,.50,.00,.50,.000,.500,0,0,0,0,0,0,0,.000,0,0,0,0,.00,.00,.00,.00,0,,38:00,0,.00,.00,,,,,,,,,,,,,,,,,,4.01729349409654,45,91
2026-27,wsoc,Minnesota Intercollegiate Athletic Conference (MIAC),miac,Macalester,"Martel, Charlotte",Charlotte,Martel,,376,"Martel, Charlotte","MARTEL,CHARLOTTE",Macalester,MAC,1110-5335,2,2,2,0,2,0,0,0,2,1,1,0,0,0,1.00,.00,.50,.000,.500,0,0,0,0,0,0,0,.000,2,0,0,0,1.00,.00,.00,.00,0,,151:00,0,.00,.00,,,,,,,,,,,,,,,,,,4.01729349409654,46,91
2026-27,wsoc,Minnesota Intercollegiate Athletic Conference (MIAC),miac,Saint Benedict,"Anya, Rhianna",Rhianna,Anya,,595,"Anya, Rhianna","ANYA,RHIANNA",Saint Benedict,CSB,1111-8040,2,2,31,0,31,0,0,0,0,0,0,0,0,0,.00,.00,.00,.000,.000,0,0,0,0,0,0,0,.000,0,0,0,0,.00,.00,.00,.00,0,,90:00,0,.00,.00,,12,0,0,1,0,1.000,0.00,6,0,90:00,2,2,.00,1.000,.000,3.00,0.7478068341622616,47,91
2026-27,wsoc,Minnesota Intercollegiate Athletic Conference (MIAC),miac,Hamline,"Garcia, Sharis",Sharis,Garcia,,268,"Garcia, Sharis","GARCIA,SHARIS",Hamline,HAM,1109-5683,2,2,99,0,99,0,0,0,0,0,0,0,0,0,.00,.00,.00,.000,.000,0,0,0,0,0,0,0,.000,0,0,0,0,.00,.00,.00,.00,0,,135:00,0,.00,.00,,4,0,0,2,1,1.000,0.00,4,0,135:00,2,2,.00,1.000,.500,2.00,0.7478068341622616,48,91
2026-27,wsoc,Minnesota Intercollegiate Athletic Conference (MIAC),miac,Saint Benedict,"McGrath, Claire",Claire,McGrath,,595,"McGrath, Claire","MCGRATH,CLAIRE",Saint Benedict,CSB,1111-8506,1,0,0,0,0,0,0,0,0,0,0,0,0,0,.00,.00,.00,.000,.000,0,0,0,0,0,0,0,.000,1,0,0,0,1.00,.00,.00,.00,0,,45:00,0,.00,.00,,5,0,0,0,0,1.000,0.00,2,0,45:00,0,1,.00,1.000,.000,2.00,0.7478068341622616,49,91
2026-27,wsoc,Minnesota Intercollegiate Athletic Conference (MIAC),miac,St. Scholastica,"Rylee, Senich",Senich,Rylee,,618,"Rylee, Senich","RYLEE,SENICH",St. Scholastica,CSS,1402-7642,1,1,1,0,1,0,0,0,0,0,0,0,0,0,.00,.00,.00,.000,.000,0,0,0,0,0,0,0,.000,0,0,0,0,.00,.00,.00,.00,0,,90:00,0,.00,.00,,3,0,0,1,1,1.000,0.00,2,0,90:00,1,1,.00,1.000,1.000,2.00,0.7478068341622616,50,90
2026-27,wsoc,Minnesota Intercollegiate Athletic Conference (MIAC),miac,Gustavus,"Ransanici, Armana",Armana,Ransanici,,266,"Ransanici, Armana","RANSANICI,ARMANA",Gustavus,GAC,1108-9601,3,1,10,0,10,0,0,4,5,0,0,0,0,0,1.67,1.33,.00,.000,.000,4,0,0,0,0,0,0,.000,1,0,0,0,.33,.00,.00,.00,0,,138:00,0,.00,.00,,,,,,,,,,,,,,,,,,0.6251805406603099,51,90
2026-27,wsoc,Minnesota Intercollegiate Athletic Conference (MIAC),miac,Gustavus,"Schilling, Taylor",Taylor,Schilling,,266,"Schilling, Taylor","SCHILLING,TAYLOR",Gustavus,GAC,1108-10090,3,0,9,0,9,0,0,4,6,0,0,0,0,0,2.00,1.33,.00,.000,.000,4,0,0,0,0,0,0,.000,0,0,0,0,.00,.00,.00,.00,0,,131:00,0,.00,.00,,,,,,,,,,,,,,,,,,0.6251805406603099,52,90
2026-27,wsoc,Minnesota Intercollegiate Athletic Conference (MIAC),miac,St. Catherine,"Meier, Bella",Bella,Meier,,597,"Meier, Bella","MEIER,BELLA",St. Catherine,SCU,1114-2151,2,2,8,0,8,0,0,3,4,0,0,0,0,0,2.00,1.50,.00,.000,.000,3,0,0,0,0,0,0,.000,2,0,0,0,1.00,.00,.00,.00,0,,164:00,0,.00,.00,,,,,,,,,,,,,,,,,,0.2036880492415536,53,90
2026-27,wsoc,Minnesota Intercollegiate Athletic Conference (MIAC),miac,St. Olaf,"Becker, Emmarie",Emmarie,Becker,,615,"Becker, Emmarie","BECKER,EMMARIE",St. Olaf,STO,1117-5717,3,3,24,0,24,0,0,2,2,0,0,0,0,0,.67,.67,.00,.000,.000,2,0,0,0,0,0,0,.000,0,0,0,0,.00,.00,.00,.00,0,,230:00,0,.00,.00,,,,,,,,,,,,,,,,,,-0.21780444217720263,54,90
2026-27,wsoc,Minnesota Intercollegiate Athletic Conference (MIAC),miac,Gustavus,"Coy, Lauren",Lauren,Coy,,266,"Coy, Lauren","COY,LAUREN",Gustavus,GAC,1108-9596,3,3,8,0,8,0,0,2,5,0,0,0,0,0,1.67,.67,.00,.000,.000,2,0,0,0,0,0,0,.000,3,0,1,0,1.00,.33,.00,.00,0,,177:00,0,.00,.00,,,,,,,,,,,,,,,,,,-0.21780444217720263,55,90
2026-27,wsoc,Minnesota Intercollegiate Athletic Conference (MIAC),miac,Bethel,"Ebner, Sydney",Sydney,Ebner,,60,"Ebner, Sydney","EBNER,SYDNEY",Bethel,BET,1104-7829,2,1,16,0,16,0,0,2,3,0,0,0,0,0,1.50,1.00,.00,.000,.000,2,0,0,0,0,0,0,.000,1,0,0,0,.50,.00,.00,.00,0,,88:00,0,.00,.00,,,,,,,,,,,,,,,,,,-0.21780444217720263,56,90
2026-27,wsoc,Minnesota Intercollegiate Athletic Conference (MIAC),miac,Macalester,"Edmonson, Lindsay",Lindsay,Edmonson,,376,"Edmonson, Lindsay","EDMONSON,LINDSAY",Macalester,MAC,1110-5464,2,2,13,0,13,0,0,2,4,0,0,0,0,0,2.00,1.00,.00,.000,.000,2,0,0,0,0,0,0,.000,2,0,0,0,1.00,.00,.00,.00,0,,105:00,0,.00,.00,,,,,,,,,,,,,,,,,,-0.21780444217720263,57,90
2026-27,wsoc,Minnesota Intercollegiate Athletic Conference (MIAC),miac,St. Olaf,"Leitner, Faye",Faye,Leitner,,615,"Leitner, Faye","LEITNER,FAYE",St. Olaf,STO,1117-5715,3,0,22,0,22,0,0,2,2,0,0,0,0,0,.67,.67,.00,.000,.000,2,0,0,0,0,0,0,.000,1,0,0,0,.33,.00,.00,.00,0,,100:00,0,.00,.00,,,,,,,,,,,,,,,,,,-0.21780444217720263,58,89
2026-27,wsoc,Minnesota Intercollegiate Athletic Conference (MIAC),miac,Bethel,"Motalebi, Sarah",Sarah,Motalebi,,60,"Motalebi, Sarah","MOTALEBI,SARAH",Bethel,BET,1104-7611,2,0,7,0,7,0,0,2,2,0,0,0,0,0,1.00,1.00,.00,.000,.000,2,0,0,0,0,0,0,.000,2,0,0,0,1.00,.00,.00,.00,0,,85:00,0,.00,.00,,,,,,,,,,,,,,,,,,-0.21780444217720263,59,89
2026-27,wsoc,Minnesota Intercollegiate Athletic Conference (MIAC),miac,St. Catherine,"Richter, Jaidyn",Jaidyn,Richter,,597,"Richter, Jaidyn","RICHTER,JAIDYN",St. Catherine,SCU,1114-2078,2,2,22,0,22,0,0,2,5,0,0,0,0,0,2.50,1.00,.00,.000,.000,2,0,0,0,0,0,0,.000,1,0,0,0,.50,.00,.00,.00,0,,180:00,0,.00,.00,,,,,,,,,,,,,,,,,,-0.21780444217720263,60,89
2026-27,wsoc,Minnesota Intercollegiate Athletic Conference (MIAC),miac,Gustavus,"Soli, Elly",Elly,Soli,,266,"Soli, Elly","SOLI,ELLY",Gustavus,GAC,1108-9603,3,0,25,0,25,0,0,2,2,0,0,0,0,0,.67,.67,.00,.000,.000,2,0,0,0,0,0,0,.000,0,0,0,0,.00,.00,.00,.00,0,,87:00,0,.00,.00,,,,,,,,,,,,,,,,,,-0.21780444217720263,61,89
2026-27,wsoc,Minnesota Intercollegiate Athletic Conference (MIAC),miac,Hamline,"Tanaka, Elysse",Elysse,Tanaka,,268,"Tanaka, Elysse","TANAKA,ELYSSE",Hamline,HAM,1109-4396,2,2,24,0,24,0,0,2,3,0,0,0,0,0,1.50,1.00,.00,.000,.000,2,0,0,0,0,0,0,.000,1,0,0,0,.50,.00,.00,.00,0,,130:00,0,.00,.00,,,,,,,,,,,,,,,,,,-0.21780444217720263,62,89
2026-27,wsoc,Minnesota Intercollegiate Athletic Conference (MIAC),miac,Saint Benedict,"Mollenhauser, Anna",Anna,Mollenhauser,,595,"Mollenhauser, Anna","MOLLENHAUSER,ANNA",Saint Benedict,CSB,1111-8507,2,1,1,0,1,0,0,0,0,0,0,0,0,0,.00,.00,.00,.000,.000,0,0,0,0,0,0,0,.000,0,0,0,0,.00,.00,.00,.00,0,,90:00,0,.00,.00,,25,0,0,1,0,.933,1.00,14,1,90:00,1,2,.50,0.933,.000,7.00,-0.446866584427409,63,89
2026-27,wsoc,Minnesota Intercollegiate Athletic Conference (MIAC),miac,Carleton,"Trapp, Avery",Avery,Trapp,,118,"Trapp, Avery","TRAPP,AVERY",Carleton,CC,1105-1053,1,1,1,0,1,0,0,0,0,0,0,0,0,0,.00,.00,.00,.000,.000,0,0,0,0,0,0,0,.000,0,0,0,0,.00,.00,.00,.00,0,,90:00,0,.00,.00,,16,0,1,0,0,.917,1.00,11,1,90:00,1,1,1.00,0.917,.000,11.00,-0.4895529377451229,64,89
2026-27,wsoc,Minnesota Intercollegiate Athletic Conference (MIAC),miac,Bethel,"Backous, Mia",Mia,Backous,,60,"Backous, Mia","BACKOUS,MIA",Bethel,BET,1104-7934,2,2,10,0,10,0,0,1,2,0,0,0,0,0,1.00,.50,.00,.000,.000,1,0,0,0,0,0,0,.000,1,0,0,0,.50,.00,.00,.00,0,,108:00,0,.00,.00,,,,,,,,,,,,,,,,,,-0.6392969335959588,65,89
2026-27,wsoc,Minnesota Intercollegiate Athletic Conference (MIAC),miac,Gustavus,"Bigirindavyi, Halima",Halima,Bigirindavyi,,266,"Bigirindavyi, Halima","BIGIRINDAVYI,HALIMA",Gustavus,GAC,1108-8648,3,3,24,0,24,0,0,1,2,0,0,0,0,0,.67,.33,.00,.000,.000,1,0,0,0,0,0,0,.000,0,0,0,0,.00,.00,.00,.00,0,,140:00,0,.00,.00,,,,,,,,,,,,,,,,,,-0.6392969335959588,66,88
2026-27,wsoc,Minnesota Intercollegiate Athletic Conference (MIAC),miac,Concordia,"Bodine, Allie",Allie,Bodine,,161,"Bodine, Allie","BODINE,ALLIE",Concordia,CC,0,3,3,25,0,25,0,0,1,6,0,0,0,0,0,2.00,.33,.00,.000,.000,1,0,0,0,0,0,0,.000,5,0,0,0,1.67,.00,.00,.00,0,,241:00,0,.00,.00,,,,,,,,,,,,,,,,,,-0.6392969335959588,67,88
2026-27,wsoc,Minnesota Intercollegiate Athletic Conference (MIAC),miac,St. Olaf,"Bourke, Blakeley",Blakeley,Bourke,,615,"Bourke, Blakeley","BOURKE,BLAKELEY",St. Olaf,STO,1117-5710,3,0,11,0,11,0,0,1,2,0,0,0,0,0,.67,.33,.00,.000,.000,1,0,0,0,0,0,0,.000,4,0,0,0,1.33,.00,.00,.00,0,,54:00,0,.00,.00,,,,,,,,,,,,,,,,,,-0.6392969335959588,68,88
2026-27,wsoc,Minnesota Intercollegiate Athletic Conference (MIAC),miac,St. Olaf,"Brandle, Gretchen",Gretchen,Brandle,,615,"Brandle, Gretchen","BRANDLE,GRETCHEN",St. Olaf,STO,1117-5709,3,0,4,0,4,0,0,1,1,0,0,0,0,0,.33,.33,.00,.000,.000,1,0,0,0,0,0,0,.000,0,0,0,0,.00,.00,.00,.00,0,,54:00,0,.00,.00,,,,,,,,,,,,,,,,,,-0.6392969335959588,69,88
2026-27,wsoc,Minnesota Intercollegiate Athletic Conference (MIAC),miac,St. Catherine,"Corona, Shannon",Shannon,Corona,,597,"Corona, Shannon","CORONA,SHANNON",St. Catherine,SCU,1114-2224,2,0,7,0,7,0,0,1,2,0,0,0,0,0,1.00,.50,.00,.000,.000,1,0,0,0,0,0,0,.000,1,0,0,0,.50,.00,.00,.00,0,,95:00,0,.00,.00,,,,,,,,,,,,,,,,,,-0.6392969335959588,70,88
2026-27,wsoc,Minnesota Intercollegiate Athletic Conference (MIAC),miac,Concordia,"Corradi, Kate",Kate,Corradi,,161,"Corradi, Kate","CORRADI,KATE",Concordia,CC,0,1,1,2,0,2,0,0,1,2,0,0,0,0,0,2.00,1.00,.00,.000,.000,1,0,0,0,0,0,0,.000,0,0,0,0,.00,.00,.00,.00,0,,70:00,0,.00,.00,,,,,,,,,,,,,,,,,,-0.6392969335959588,71,88
2026-27,wsoc,Minnesota Intercollegiate Athletic Conference (MIAC),miac,St. Catherine,"Douvier, Ari",Ari,Douvier,,597,"Douvier, Ari","DOUVIER,ARI",St. Catherine,SCU,1114-2079,2,2,30,0,30,0,0,1,2,0,0,0,0,0,1.00,.50,.00,.000,.000,1,0,0,0,0,0,0,.000,0,0,0,0,.00,.00,.00,.00,0,,180:00,0,.00,.00,,,,,,,,,,,,,,,,,,-0.6392969335959588,72,88
2026-27,wsoc,Minnesota Intercollegiate Athletic Conference (MIAC),miac,Saint Benedict,"Escamilla, Paige",Paige,Escamilla,,595,"Escamilla, Paige","ESCAMILLA,PAIGE",Saint Benedict,CSB,1111-8511,3,0,11,0,11,0,0,1,1,0,0,0,0,0,.33,.33,.00,.000,.000,1,0,0,0,0,0,0,.000,1,0,0,0,.33,.00,.00,.00,0,,75:00,0,.00,.00,,,,,,,,,,,,,,,,,,-0.6392969335959588,73,88
2026-27,wsoc,Minnesota Intercollegiate Athletic Conference (MIAC),miac,Bethel,"Evans, Hallie",Hallie,Evans,,60,"Evans, Hallie","EVANS,HALLIE",Bethel,BET,1104-8177,2,1,3,0,3,0,0,1,2,0,0,0,0,0,1.00,.50,.00,.000,.000,1,0,0,0,0,0,0,.000,0,0,0,0,.00,.00,.00,.00,0,,85:00,0,.00,.00,,,,,,,,,,,,,,,,,,-0.6392969335959588,74,87
2026-27,wsoc,Minnesota Intercollegiate Athletic Conference (MIAC),miac,Concordia,"Halverson, Lucy",Lucy,Halverson,,161,"Halverson, Lucy","HALVERSON,LUCY",Concordia,CC,0,2,2,5,0,5,0,0,1,1,0,0,0,0,0,.50,.50,.00,.000,.000,1,0,0,0,0,0,0,.000,0,0,0,0,.00,.00,.00,.00,0,,135:00,0,.00,.00,,,,,,,,,,,,,,,,,,-0.6392969335959588,75,87
2026-27,wsoc,Minnesota Intercollegiate Athletic Conference (MIAC),miac,Saint Mary's,"Hawkins, Lydia",Lydia,Hawkins,,612,"Hawkins, Lydia","HAWKINS,LYDIA",Saint Mary's,SMU,1116-7167,2,2,11,0,11,0,0,1,2,0,0,0,0,0,1.00,.50,.00,.000,.000,1,0,0,0,0,0,0,.000,0,0,0,0,.00,.00,.00,.00,0,,138:00,0,.00,.00,,,,,,,,,,,,,,,,,,-0.6392969335959588,76,87
2026-27,wsoc,Minnesota Intercollegiate Athletic Conference (MIAC),miac,Hamline,"Heil, Lorna",Lorna,Heil,,268,"Heil, Lorna","HEIL,LORNA",Hamline,HAM,1109-4492,1,0,15,0,15,0,0,1,1,0,0,0,0,0,1.00,1.00,.00,.000,.000,1,0,0,0,0,0,0,.000,0,0,0,0,.00,.00,.00,.00,0,,12:00,0,.00,.00,,,,,,,,,,,,,,,,,,-0.6392969335959588,77,87
2026-27,wsoc,Minnesota Intercollegiate Athletic Conference (MIAC),miac,St. Catherine,"Henaman, Emily",Emily,Henaman,,597,"Henaman, Emily","HENAMAN,EMILY",St. Catherine,SCU,1114-2145,2,1,3,0,3,0,0,1,1,0,0,0,0,0,.50,.50,.00,.000,.000,1,0,0,0,0,0,0,.000,1,0,0,0,.50,.00,.00,.00,0,,42:00,0,.00,.00,,,,,,,,,,,,,,,,,,-0.6392969335959588,78,87
2026-27,wsoc,Minnesota Intercollegiate Athletic Conference (MIAC),miac,St. Olaf,"Klassen, Tatum",Tatum,Klassen,,615,"Klassen, Tatum","KLASSEN,TATUM",St. Olaf,STO,1117-5292,2,0,17,0,17,0,0,1,2,0,0,0,0,0,1.00,.50,.00,.000,.000,1,0,0,0,0,0,0,.000,0,0,0,0,.00,.00,.00,.00,0,,29:00,0,.00,.00,,,,,,,,,,,,,,,,,,-0.6392969335959588,79,87
2026-27,wsoc,Minnesota Intercollegiate Athletic Conference (MIAC),miac,St. Scholastica,"McBroom, Zara",Zara,McBroom,,618,"McBroom, Zara","MCBROOM,ZARA",St. Scholastica,CSS,1402-7641,1,0,5,0,5,0,0,1,2,0,0,0,0,0,2.00,1.00,.00,.000,.000,1,0,0,0,0,0,0,.000,2,0,0,0,2.00,.00,.00,.00,0,,40:00,0,.00,.00,,,,,,,,,,,,,,,,,,-0.6392969335959588,80,87
2026-27,wsoc,Minnesota Intercollegiate Athletic Conference (MIAC),miac,Gustavus,"Post, Sophia",Sophia,Post,,266,"Post, Sophia","POST,SOPHIA",Gustavus,GAC,1108-9600,3,3,17,0,17,0,0,1,1,0,0,0,0,0,.33,.33,.00,.000,.000,1,0,0,0,0,0,0,.000,0,0,0,0,.00,.00,.00,.00,0,,262:00,0,.00,.00,,,,,,,,,,,,,,,,,,-0.6392969335959588,81,87
2026-27,wsoc,Minnesota Intercollegiate Athletic Conference (MIAC),miac,St. Scholastica,"Rippie, Lily",Lily,Rippie,,618,"Rippie, Lily","RIPPIE,LILY",St. Scholastica,CSS,1402-7467,1,1,8,0,8,0,0,1,2,0,0,0,0,0,2.00,1.00,.00,.000,.000,1,0,0,0,0,0,0,.000,0,0,0,0,.00,.00,.00,.00,0,,70:00,0,.00,.00,,,,,,,,,,,,,,,,,,-0.6392969335959588,82,86
2026-27,wsoc,Minnesota Intercollegiate Athletic Conference (MIAC),miac,St. Olaf,"Sames, Avery",Avery,Sames,,615,"Sames, Avery","SAMES,AVERY",St. Olaf,STO,1117-5293,2,2,28,0,28,0,0,1,1,0,0,0,0,0,.50,.50,.00,.000,.000,1,0,0,0,0,0,0,.000,0,0,0,0,.00,.00,.00,.00,0,,56:00,0,.00,.00,,,,,,,,,,,,,,,,,,-0.6392969335959588,83,86
2026-27,wsoc,Minnesota Intercollegiate Athletic Conference (MIAC),miac,Saint Benedict,"Schellenberg, Mia",Mia,Schellenberg,,595,"Schellenberg, Mia","SCHELLENBERG,MIA",Saint Benedict,CSB,1111-8738,3,3,8,0,8,0,0,1,2,0,0,0,0,0,.67,.33,.00,.000,.000,1,0,0,0,0,0,0,.000,4,0,0,0,1.33,.00,.00,.00,0,,229:00,0,.00,.00,,,,,,,,,,,,,,,,,,-0.6392969335959588,84,86
2026-27,wsoc,Minnesota Intercollegiate Athletic Conference (MIAC),miac,Gustavus,"Shear, Jordyn",Jordyn,Shear,,266,"Shear, Jordyn","SHEAR,JORDYN",Gustavus,GAC,1108-9602,2,0,16,0,16,0,0,1,2,0,0,0,0,0,1.00,.50,.00,.000,.000,1,0,0,0,0,0,0,.000,1,0,0,0,.50,.00,.00,.00,0,,44:00,0,.00,.00,,,,,,,,,,,,,,,,,,-0.6392969335959588,85,86
2026-27,wsoc,Minnesota Intercollegiate Athletic Conference (MIAC),miac,Macalester,"Staples, Lilly",Lilly,Staples,,376,"Staples, Lilly","STAPLES,LILLY",Macalester,MAC,1110-5462,2,2,20,0,20,0,0,1,1,0,0,0,0,0,.50,.50,.00,.000,.000,1,0,0,0,0,0,0,.000,3,0,0,0,1.50,.00,.00,.00,0,,130:00,0,.00,.00,,,,,,,,,,,,,,,,,,-0.6392969335959588,86,86
2026-27,wsoc,Minnesota Intercollegiate Athletic Conference (MIAC),miac,Hamline,"Woodson, Neva",Neva,Woodson,,268,"Woodson, Neva","WOODSON,NEVA",Hamline,HAM,1109-4771,2,2,36,0,36,0,0,1,2,0,0,0,0,0,1.00,.50,.00,.000,.000,1,0,0,0,0,0,0,.000,1,0,0,0,.50,.00,.00,.00,0,,157:00,0,.00,.00,,,,,,,,,,,,,,,,,,-0.6392969335959588,87,86
2026-27,wsoc,Minnesota Intercollegiate Athletic Conference (MIAC),miac,Gustavus,"Zachmann, Tessa",Tessa,Zachmann,,266,"Zachmann, Tessa","ZACHMANN,TESSA",Gustavus,GAC,1108-9219,3,3,6,0,6,0,0,1,1,0,0,0,0,0,.33,.33,.00,.000,.000,1,0,0,0,0,0,0,.000,3,0,0,0,1.00,.00,.00,.00,0,,109:00,0,.00,.00,,,,,,,,,,,,,,,,,,-0.6392969335959588,88,86
2026-27,wsoc,Minnesota Intercollegiate Athletic Conference (MIAC),miac,Bethel,"Wright, Abby",Abby,Wright,,60,"Wright, Abby","WRIGHT,ABBY",Bethel,BET,1104-7608,1,1,1,0,1,0,0,0,0,0,0,0,0,0,.00,.00,.00,.000,.000,0,0,0,0,0,0,0,.000,0,0,0,0,.00,.00,.00,.00,0,,90:00,0,.00,.00,,13,0,1,0,0,.857,1.00,6,1,90:00,1,1,1.00,0.857,.000,6.00,-0.6496267626865496,89,86
2026-27,wsoc,Minnesota Intercollegiate Athletic Conference (MIAC),miac,Saint Mary's,"Bremer, Payton",Payton,Bremer,,612,"Bremer, Payton","BREMER,PAYTON",Saint Mary's,SMU,1116-7173,1,1,1,0,1,0,0,0,0,0,0,0,0,0,.00,.00,.00,.000,.000,0,0,0,0,0,0,0,.000,0,0,0,0,.00,.00,.00,.00,0,,90:00,0,.00,.00,,10,1,0,0,0,.833,1.00,5,1,90:00,1,1,1.00,0.833,.000,5.00,-0.7136562926631204,90,86
2026-27,wsoc,Minnesota Intercollegiate Athletic Conference (MIAC),miac,Macalester,"Heuga, Abigail",Abigail,Heuga,,376,"Heuga, Abigail","HEUGA,ABIGAIL",Macalester,MAC,1110-5236,2,1,1,0,1,0,0,0,0,0,0,0,0,0,.00,.00,.00,.000,.000,0,0,0,0,0,0,0,.000,0,0,0,0,.00,.00,.00,.00,0,,90:00,0,.00,.00,,12,0,0,0,0,.800,1.00,4,1,90:00,1,2,.50,0.800,.000,2.00,-0.8016968963809047,91,85
2026-27,wsoc,Minnesota Intercollegiate Athletic Conference (MIAC),miac,St. Olaf,"Luger, Clara",Clara,Luger,,615,"Luger, Clara","LUGER,CLARA",St. Olaf,STO,1117-5141,2,2,1,0,1,0,0,0,0,0,0,0,0,0,.00,.00,.00,.000,.000,0,0,0,0,0,0,0,.000,0,0,0,0,.00,.00,.00,.00,0,,180:00,0,.00,.00,,19,0,0,2,1,.800,1.00,8,2,180:00,2,2,1.00,0.800,.500,4.00,-0.8016968963809047,92,85
2026-27,wsoc,Minnesota Intercollegiate Athletic Conference (MIAC),miac,St. Catherine,"Valdez, Brianna",Brianna,Valdez,,597,"Valdez, Brianna","VALDEZ,BRIANNA",St. Catherine,SCU,1114-2080,2,2,00,0,00,0,0,0,0,0,0,0,0,0,.00,.00,.00,.000,.000,0,0,0,0,0,0,0,.000,0,0,0,0,.00,.00,.00,.00,0,,180:00,0,.00,.00,,15,0,2,0,0,.778,1.00,7,2,180:00,2,2,1.00,0.778,.000,3.50,-0.8603906321927612,93,85
2026-27,wsoc,Minnesota Intercollegiate Athletic Conference (MIAC),miac,Bethel,"Maki, Autumn",Autumn,Maki,,60,"Maki, Autumn","MAKI,AUTUMN",Bethel,BET,1104-7831,1,1,99,0,99,0,0,0,0,0,0,0,0,0,.00,.00,.00,.000,.000,0,0,0,0,0,0,0,.000,0,0,0,0,.00,.00,.00,.00,0,,90:00,0,.00,.00,,9,0,1,0,0,.750,1.00,3,1,90:00,1,1,1.00,0.750,.000,3.00,-0.9350917504987604,94,85
2026-27,wsoc,Minnesota Intercollegiate Athletic Conference (MIAC),miac,St. Olaf,"Percy, Charlotte",Charlotte,Percy,,615,"Percy, Charlotte","PERCY,CHARLOTTE",St. Olaf,STO,1117-5506,1,1,0,0,0,0,0,0,0,0,0,0,0,0,.00,.00,.00,.000,.000,0,0,0,0,0,0,0,.000,0,0,0,0,.00,.00,.00,.00,0,,90:00,0,.00,.00,,6,1,0,0,0,.750,1.00,3,1,90:00,1,1,1.00,0.750,.000,3.00,-0.9350917504987604,95,85
2026-27,wsoc,Minnesota Intercollegiate Athletic Conference (MIAC),miac,St. Scholastica,"Aleshire, Addie",Addie,Aleshire,,618,"Aleshire, Addie","ALESHIRE,ADDIE",St. Scholastica,CSS,1402-7803,0,0,0,0,0,0,0,0,0,0,0,0,0,0,.00,.00,.00,.000,.000,0,0,0,0,0,0,0,.000,0,0,0,0,.00,.00,.00,.00,0,,00:00,0,.00,.00,,,,,,,,,,,,,,,,,,-1.0607894250147152,96,85
2026-27,wsoc,Minnesota Intercollegiate Athletic Conference (MIAC),miac,Bethel,"Anda, Olivia",Olivia,Anda,,60,"Anda, Olivia","ANDA,OLIVIA",Bethel,BET,1104-8179,0,0,17,0,17,0,0,0,0,0,0,0,0,0,.00,.00,.00,.000,.000,0,0,0,0,0,0,0,.000,0,0,0,0,.00,.00,.00,.00,0,,00:00,0,.00,.00,,,,,,,,,,,,,,,,,,-1.0607894250147152,97,85
2026-27,wsoc,Minnesota Intercollegiate Athletic Conference (MIAC),miac,Hamline,"Anderson, Maddy",Maddy,Anderson,,268,"Anderson, Maddy","ANDERSON,MADDY",Hamline,HAM,1109-5680,1,0,40,0,40,0,0,0,0,0,0,0,0,0,.00,.00,.00,.000,.000,0,0,0,0,0,0,0,.000,0,0,0,0,.00,.00,.00,.00,0,,03:00,0,.00,.00,,,,,,,,,,,,,,,,,,-1.0607894250147152,98,85
2026-27,wsoc,Minnesota Intercollegiate Athletic Conference (MIAC),miac,Saint Mary's,"Appert, Jersey",Jersey,Appert,,612,"Appert, Jersey","APPERT,JERSEY",Saint Mary's,SMU,1116-7315,0,0,40,0,40,0,0,0,0,0,0,0,0,0,.00,.00,.00,.000,.000,0,0,0,0,0,0,0,.000,0,0,0,0,.00,.00,.00,.00,0,,00:00,0,.00,.00,,,,,,,,,,,,,,,,,,-1.0607894250147152,99,84
2026-27,wsoc,Minnesota Intercollegiate Athletic Conference (MIAC),miac,Macalester,"Arredondo, Ava",Ava,Arredondo,,376,"Arredondo, Ava","ARREDONDO,AVA",Macalester,MAC,1110-5332,2,2,15,0,15,0,0,0,0,0,0,0,0,0,.00,.00,.00,.000,.000,0,0,0,0,0,0,0,.000,1,0,0,0,.50,.00,.00,.00,0,,138:00,0,.00,.00,,,,,,,,,,,,,,,,,,-1.0607894250147152,100,84
2026-27,wsoc,Minnesota Intercollegiate Athletic Conference (MIAC),miac,St. Scholastica,"Backstrom, Ella",Ella,Backstrom,,618,"Backstrom, Ella","BACKSTROM,ELLA",St. Scholastica,CSS,1402-7256,0,0,15,0,15,0,0,0,0,0,0,0,0,0,.00,.00,.00,.000,.000,0,0,0,0,0,0,0,.000,0,0,0,0,.00,.00,.00,.00,0,,00:00,0,.00,.00,,,,,,,,,,,,,,,,,,-1.0607894250147152,101,84
2026-27,wsoc,Minnesota Intercollegiate Athletic Conference (MIAC),miac,Macalester,"Bah, Ramatoulaye",Ramatoulaye,Bah,,376,"Bah, Ramatoulaye","BAH,RAMATOULAYE",Macalester,MAC,1110-5333,0,0,00,0,00,0,0,0,0,0,0,0,0,0,.00,.00,.00,.000,.000,0,0,0,0,0,0,0,.000,0,0,0,0,.00,.00,.00,.00,0,,00:00,0,.00,.00,,,,,,,,,,,,,,,,,,-1.0607894250147152,102,84
2026-27,wsoc,Minnesota Intercollegiate Athletic Conference (MIAC),miac,Concordia,"Barker, Maggie",Maggie,Barker,,161,"Barker, Maggie","BARKER,MAGGIE",Concordia,CC,0,3,1,3,0,3,0,0,0,0,0,0,0,0,0,.00,.00,.00,.000,.000,0,0,0,0,0,0,0,.000,0,0,0,0,.00,.00,.00,.00,0,,113:00,0,.00,.00,,,,,,,,,,,,,,,,,,-1.0607894250147152,103,84
2026-27,wsoc,Minnesota Intercollegiate Athletic Conference (MIAC),miac,St. Catherine,"Barnes, Natalie",Natalie,Barnes,,597,"Barnes, Natalie","BARNES,NATALIE",St. Catherine,SCU,1114-2225,1,0,10,0,10,0,0,0,1,0,0,0,0,0,1.00,.00,.00,.000,.000,0,0,0,0,0,0,0,.000,0,0,0,0,.00,.00,.00,.00,0,,16:00,0,.00,.00,,,,,,,,,,,,,,,,,,-1.0607894250147152,104,84
2026-27,wsoc,Minnesota Intercollegiate Athletic Conference (MIAC),miac,Carleton,"Barton, Eliza",Eliza,Barton,,118,"Barton, Eliza","BARTON,ELIZA",Carleton,CC,1105-1187,1,1,6,0,6,0,0,0,0,0,0,0,0,0,.00,.00,.00,.000,.000,0,0,0,0,0,0,0,.000,3,0,0,0,3.00,.00,.00,.00,0,,90:00,0,.00,.00,,,,,,,,,,,,,,,,,,-1.0607894250147152,105,84
2026-27,wsoc,Minnesota Intercollegiate Athletic Conference (MIAC),miac,Saint Mary's,"Bartz, Lexie",Lexie,Bartz,,612,"Bartz, Lexie","BARTZ,LEXIE",Saint Mary's,SMU,1116-7309,1,0,34,0,34,0,0,0,0,0,0,0,0,0,.00,.00,.00,.000,.000,0,0,0,0,0,0,0,.000,1,0,0,0,1.00,.00,.00,.00,0,,15:00,0,.00,.00,,,,,,,,,,,,,,,,,,-1.0607894250147152,106,84
2026-27,wsoc,Minnesota Intercollegiate Athletic Conference (MIAC),miac,Bethel,"Becker, Kora",Kora,Becker,,60,"Becker, Kora","BECKER,KORA",Bethel,BET,1104-7827,2,2,8,0,8,0,0,0,0,0,0,0,0,0,.00,.00,.00,.000,.000,0,0,0,0,0,0,0,.000,0,0,0,0,.00,.00,.00,.00,0,,88:00,0,.00,.00,,,,,,,,,,,,,,,,,,-1.0607894250147152,107,83
2026-27,wsoc,Minnesota Intercollegiate Athletic Conference (MIAC),miac,Saint Mary's,"Beix, Hannah",Hannah,Beix,,612,"Beix, Hannah","BEIX,HANNAH",Saint Mary's,SMU,1116-7048,2,2,4,0,4,0,0,0,0,0,0,0,0,0,.00,.00,.00,.000,.000,0,0,0,0,0,0,0,.000,2,0,0,0,1.00,.00,.00,.00,0,,155:00,0,.00,.00,,,,,,,,,,,,,,,,,,-1.0607894250147152,108,83
2026-27,wsoc,Minnesota Intercollegiate Athletic Conference (MIAC),miac,Augsburg,"Bell, Lucy",Lucy,Bell,,38,"Bell, Lucy","BELL,LUCY",Augsburg,AUG,1103-13559,1,0,19,0,19,0,0,0,0,0,0,0,0,0,.00,.00,.00,.000,.000,0,0,0,0,0,0,0,.000,0,0,0,0,.00,.00,.00,.00,0,,05:00,0,.00,.00,,,,,,,,,,,,,,,,,,-1.0607894250147152,109,83
2026-27,wsoc,Minnesota Intercollegiate Athletic Conference (MIAC),miac,St. Catherine,"Benson, Lydia",Lydia,Benson,,597,"Benson, Lydia","BENSON,LYDIA",St. Catherine,SCU,1114-2083,2,2,28,0,28,0,0,0,0,0,0,0,0,0,.00,.00,.00,.000,.000,0,0,0,0,0,0,0,.000,0,0,0,0,.00,.00,.00,.00,0,,104:00,0,.00,.00,,,,,,,,,,,,,,,,,,-1.0607894250147152,110,83
2026-27,wsoc,Minnesota Intercollegiate Athletic Conference (MIAC),miac,Bethel,"Bergan, Julie",Julie,Bergan,,60,"Bergan, Julie","BERGAN,JULIE",Bethel,BET,1104-8185,2,1,9,0,9,0,0,0,0,0,0,0,0,0,.00,.00,.00,.000,.000,0,0,0,0,0,0,0,.000,0,0,0,0,.00,.00,.00,.00,0,,89:00,0,.00,.00,,,,,,,,,,,,,,,,,,-1.0607894250147152,111,83
2026-27,wsoc,Minnesota Intercollegiate Athletic Conference (MIAC),miac,Saint Mary's,"Binder, Sophia",Sophia,Binder,,612,"Binder, Sophia","BINDER,SOPHIA",Saint Mary's,SMU,1116-6862,0,0,22,0,22,0,0,0,0,0,0,0,0,0,.00,.00,.00,.000,.000,0,0,0,0,0,0,0,.000,0,0,0,0,.00,.00,.00,.00,0,,00:00,0,.00,.00,,,,,,,,,,,,,,,,,,-1.0607894250147152,112,83
2026-27,wsoc,Minnesota Intercollegiate Athletic Conference (MIAC),miac,Macalester,"Birkey, Abbey",Abbey,Birkey,,376,"Birkey, Abbey","BIRKEY,ABBEY",Macalester,MAC,1110-5232,2,2,21,0,21,0,0,0,1,0,0,0,0,0,.50,.00,.00,.000,.000,0,0,0,0,0,0,0,.000,0,0,0,0,.00,.00,.00,.00,0,,146:00,0,.00,.00,,,,,,,,,,,,,,,,,,-1.0607894250147152,113,83
2026-27,wsoc,Minnesota Intercollegiate Athletic Conference (MIAC),miac,Hamline,"Boettcher, Kailey",Kailey,Boettcher,,268,"Boettcher, Kailey","BOETTCHER,KAILEY",Hamline,HAM,1109-4281,2,0,31,0,31,0,0,0,0,0,0,0,0,0,.00,.00,.00,.000,.000,0,0,0,0,0,0,0,.000,0,0,0,0,.00,.00,.00,.00,0,,81:00,0,.00,.00,,,,,,,,,,,,,,,,,,-1.0607894250147152,114,83
2026-27,wsoc,Minnesota Intercollegiate Athletic Conference (MIAC),miac,St. Olaf,"Bosshard, Avery",Avery,Bosshard,,615,"Bosshard, Avery","BOSSHARD,AVERY",St. Olaf,STO,1117-5501,0,0,6,0,6,0,0,0,0,0,0,0,0,0,.00,.00,.00,.000,.000,0,0,0,0,0,0,0,.000,0,0,0,0,.00,.00,.00,.00,0,,00:00,0,.00,.00,,,,,,,,,,,,,,,,,,-1.0607894250147152,115,82
2026-27,wsoc,Minnesota Intercollegiate Athletic Conference (MIAC),miac,St. Catherine,"Boys, Emma",Emma,Boys,,597,"Boys, Emma","BOYS,EMMA",St. Catherine,SCU,1114-2076,0,0,20,0,20,0,0,0,0,0,0,0,0,0,.00,.00,.00,.000,.000,0,0,0,0,0,0,0,.000,0,0,0,0,.00,.00,.00,.00,0,,00:00,0,.00,.00,,,,,,,,,,,,,,,,,,-1.0607894250147152,116,82
2026-27,wsoc,Minnesota Intercollegiate Athletic Conference (MIAC),miac,Gustavus,"Brazzell, Anthea",Anthea,Brazzell,,266,"Brazzell, Anthea","BRAZZELL,ANTHEA",Gustavus,GAC,1108-10096,0,0,34,0,34,0,0,0,0,0,0,0,0,0,.00,.00,.00,.000,.000,0,0,0,0,0,0,0,.000,0,0,0,0,.00,.00,.00,.00,0,,00:00,0,.00,.00,,,,,,,,,,,,,,,,,,-1.0607894250147152,117,82
2026-27,wsoc,Minnesota Intercollegiate Athletic Conference (MIAC),miac,St. Scholastica,"Breiland, Lyssa",Lyssa,Breiland,,618,"Breiland, Lyssa","BREILAND,LYSSA",St. Scholastica,CSS,1402-7807,1,0,20,0,20,0,0,0,0,0,0,0,0,0,.00,.00,.00,.000,.000,0,0,0,0,0,0,0,.000,0,0,0,0,.00,.00,.00,.00,0,,33:00,0,.00,.00,,,,,,,,,,,,,,,,,,-1.0607894250147152,118,82
2026-27,wsoc,Minnesota Intercollegiate Athletic Conference (MIAC),miac,Saint Mary's,"Bretton, Nadia",Nadia,Bretton,,612,"Bretton, Nadia","BRETTON,NADIA",Saint Mary's,SMU,1116-7303,1,0,21,0,21,0,0,0,0,0,0,0,0,0,.00,.00,.00,.000,.000,0,0,0,0,0,0,0,.000,0,0,0,0,.00,.00,.00,.00,0,,10:00,0,.00,.00,,,,,,,,,,,,,,,,,,-1.0607894250147152,119,82
2026-27,wsoc,Minnesota Intercollegiate Athletic Conference (MIAC),miac,Saint Mary's,"Brockopp, Maren",Maren,Brockopp,,612,"Brockopp, Maren","BROCKOPP,MAREN",Saint Mary's,SMU,1116-7306,0,0,29,0,29,0,0,0,0,0,0,0,0,0,.00,.00,.00,.000,.000,0,0,0,0,0,0,0,.000,0,0,0,0,.00,.00,.00,.00,0,,00:00,0,.00,.00,,,,,,,,,,,,,,,,,,-1.0607894250147152,120,82
2026-27,wsoc,Minnesota Intercollegiate Athletic Conference (MIAC),miac,Saint Mary's,"Brown, Avery",Avery,Brown,,612,"Brown, Avery","BROWN,AVERY",Saint Mary's,SMU,1116-7313,2,0,38,0,38,0,0,0,0,0,0,0,0,0,.00,.00,.00,.000,.000,0,0,0,0,0,0,0,.000,0,0,0,0,.00,.00,.00,.00,0,,48:00,0,.00,.00,,,,,,,,,,,,,,,,,,-1.0607894250147152,121,82
2026-27,wsoc,Minnesota Intercollegiate Athletic Conference (MIAC),miac,St. Olaf,"Brown, Natalie",Natalie,Brown,,615,"Brown, Natalie","BROWN,NATALIE",St. Olaf,STO,1117-5716,0,0,23,0,23,0,0,0,0,0,0,0,0,0,.00,.00,.00,.000,.000,0,0,0,0,0,0,0,.000,0,0,0,0,.00,.00,.00,.00,0,,00:00,0,.00,.00,,,,,,,,,,,,,,,,,,-1.0607894250147152,122,82
2026-27,wsoc,Minnesota Intercollegiate Athletic Conference (MIAC),miac,Concordia,"Bryn, Gabby",Gabby,Bryn,,161,"Bryn, Gabby","BRYN,GABBY",Concordia,CC,0,3,0,9,0,9,0,0,0,0,0,0,0,0,0,.00,.00,.00,.000,.000,0,0,0,0,0,0,0,.000,0,0,0,0,.00,.00,.00,.00,0,,64:00,0,.00,.00,,,,,,,,,,,,,,,,,,-1.0607894250147152,123,81
2026-27,wsoc,Minnesota Intercollegiate Athletic Conference (MIAC),miac,St. Catherine,"Burdash, Haley",Haley,Burdash,,597,"Burdash, Haley","BURDASH,HALEY",St. Catherine,SCU,1114-2227,1,0,17,0,17,0,0,0,0,0,0,0,0,0,.00,.00,.00,.000,.000,0,0,0,0,0,0,0,.000,1,0,0,0,1.00,.00,.00,.00,0,,16:00,0,.00,.00,,,,,,,,,,,,,,,,,,-1.0607894250147152,124,81
2026-27,wsoc,Minnesota Intercollegiate Athletic Conference (MIAC),miac,Bethel,"Burgwald, Kylie",Kylie,Burgwald,,60,"Burgwald, Kylie","BURGWALD,KYLIE",Bethel,BET,1104-8182,0,0,25,0,25,0,0,0,0,0,0,0,0,0,.00,.00,.00,.000,.000,0,0,0,0,0,0,0,.000,0,0,0,0,.00,.00,.00,.00,0,,00:00,0,.00,.00,,,,,,,,,,,,,,,,,,-1.0607894250147152,125,81
2026-27,wsoc,Minnesota Intercollegiate Athletic Conference (MIAC),miac,Concordia,"Cairns, Lily",Lily,Cairns,,161,"Cairns, Lily","CAIRNS,LILY",Concordia,CC,0,3,0,14,0,14,0,0,0,1,0,0,0,0,0,.33,.00,.00,.000,.000,0,0,0,0,0,0,0,.000,1,0,0,0,.33,.00,.00,.00,0,,49:00,0,.00,.00,,,,,,,,,,,,,,,,,,-1.0607894250147152,126,81
2026-27,wsoc,Minnesota Intercollegiate Athletic Conference (MIAC),miac,Carleton,"Caldwell, Lauren",Lauren,Caldwell,,118,"Caldwell, Lauren","CALDWELL,LAUREN",Carleton,CC,1105-1047,0,0,28,0,28,0,0,0,0,0,0,0,0,0,.00,.00,.00,.000,.000,0,0,0,0,0,0,0,.000,0,0,0,0,.00,.00,.00,.00,0,,00:00,0,.00,.00,,,,,,,,,,,,,,,,,,-1.0607894250147152,127,81
2026-27,wsoc,Minnesota Intercollegiate Athletic Conference (MIAC),miac,Augsburg,"Camp, Kaidin",Kaidin,Camp,,38,"Camp, Kaidin","CAMP,KAIDIN",Augsburg,AUG,1103-13370,1,0,7,0,7,0,0,0,0,0,0,0,0,0,.00,.00,.00,.000,.000,0,0,0,0,0,0,0,.000,0,0,0,0,.00,.00,.00,.00,0,,46:00,0,.00,.00,,,,,,,,,,,,,,,,,,-1.0607894250147152,128,81
2026-27,wsoc,Minnesota Intercollegiate Athletic Conference (MIAC),miac,Hamline,"Carlson, Josie",Josie,Carlson,,268,"Carlson, Josie","CARLSON,JOSIE",Hamline,HAM,1109-4275,1,0,14,0,14,0,0,0,0,0,0,0,0,0,.00,.00,.00,.000,.000,0,0,0,0,0,0,0,.000,0,0,0,0,.00,.00,.00,.00,0,,31:00,0,.00,.00,,,,,,,,,,,,,,,,,,-1.0607894250147152,129,81
2026-27,wsoc,Minnesota Intercollegiate Athletic Conference (MIAC),miac,Macalester,"Carrillo-Quinones, Gabriela",Gabriela,Carrillo-Quinones,,376,"Carrillo-Quinones, Gabriela","CARRILLO-QUINONES,GABRIELA",Macalester,MAC,1110-5233,0,0,10,0,10,0,0,0,0,0,0,0,0,0,.00,.00,.00,.000,.000,0,0,0,0,0,0,0,.000,0,0,0,0,.00,.00,.00,.00,0,,00:00,0,.00,.00,,,,,,,,,,,,,,,,,,-1.0607894250147152,130,81
2026-27,wsoc,Minnesota Intercollegiate Athletic Conference (MIAC),miac,St. Scholastica,"Carroll, Emily",Emily,Carroll,,618,"Carroll, Emily","CARROLL,EMILY",St. Scholastica,CSS,1402-7639,0,0,7,0,7,0,0,0,0,0,0,0,0,0,.00,.00,.00,.000,.000,0,0,0,0,0,0,0,.000,0,0,0,0,.00,.00,.00,.00,0,,00:00,0,.00,.00,,,,,,,,,,,,,,,,,,-1.0607894250147152,131,80
2026-27,wsoc,Minnesota Intercollegiate Athletic Conference (MIAC),miac,St. Olaf,"Carroll, Grace",Grace,Carroll,,615,"Carroll, Grace","CARROLL,GRACE",St. Olaf,STO,1117-5718,3,0,26,0,26,0,0,0,0,0,0,0,0,0,.00,.00,.00,.000,.000,0,0,0,0,0,0,0,.000,0,0,0,0,.00,.00,.00,.00,0,,144:00,0,.00,.00,,,,,,,,,,,,,,,,,,-1.0607894250147152,132,80
2026-27,wsoc,Minnesota Intercollegiate Athletic Conference (MIAC),miac,Hamline,"Caudana, Rosario",Rosario,Caudana,,268,"Caudana, Rosario","CAUDANA,ROSARIO",Hamline,HAM,1109-5681,1,0,12,0,12,0,0,0,0,0,0,0,0,0,.00,.00,.00,.000,.000,0,0,0,0,0,0,0,.000,0,0,0,0,.00,.00,.00,.00,0,,03:00,0,.00,.00,,,,,,,,,,,,,,,,,,-1.0607894250147152,133,80
2026-27,wsoc,Minnesota Intercollegiate Athletic Conference (MIAC),miac,Gustavus,"Chamorro, Natalia",Natalia,Chamorro,,266,"Chamorro, Natalia","CHAMORRO,NATALIA",Gustavus,GAC,1108-10092,0,0,18,0,18,0,0,0,0,0,0,0,0,0,.00,.00,.00,.000,.000,0,0,0,0,0,0,0,.000,0,0,0,0,.00,.00,.00,.00,0,,00:00,0,.00,.00,,,,,,,,,,,,,,,,,,-1.0607894250147152,134,80
2026-27,wsoc,Minnesota Intercollegiate Athletic Conference (MIAC),miac,Macalester,"Champaneri, Maisie",Maisie,Champaneri,,376,"Champaneri, Maisie","CHAMPANERI,MAISIE",Macalester,MAC,1110-5578,1,0,26,0,26,0,0,0,0,0,0,0,0,0,.00,.00,.00,.000,.000,0,0,0,0,0,0,0,.000,0,0,0,0,.00,.00,.00,.00,0,,06:00,0,.00,.00,,,,,,,,,,,,,,,,,,-1.0607894250147152,135,80
2026-27,wsoc,Minnesota Intercollegiate Athletic Conference (MIAC),miac,Saint Mary's,"Chaney, Kaylee",Kaylee,Chaney,,612,"Chaney, Kaylee","CHANEY,KAYLEE",Saint Mary's,SMU,1116-7312,0,0,37,0,37,0,0,0,0,0,0,0,0,0,.00,.00,.00,.000,.000,0,0,0,0,0,0,0,.000,0,0,0,0,.00,.00,.00,.00,0,,00:00,0,.00,.00,,,,,,,,,,,,,,,,,,-1.0607894250147152,136,80
2026-27,wsoc,Minnesota Intercollegiate Athletic Conference (MIAC),miac,Saint Benedict,"Chase, Sienna",Sienna,Chase,,595,"Chase, Sienna","CHASE,SIENNA",Saint Benedict,CSB,1111-8289,3,3,4,0,4,0,0,0,0,0,0,0,0,0,.00,.00,.00,.000,.000,0,0,0,0,0,0,0,.000,2,0,0,0,.67,.00,.00,.00,0,,159:00,0,.00,.00,,,,,,,,,,,,,,,,,,-1.0607894250147152,137,80
2026-27,wsoc,Minnesota Intercollegiate Athletic Conference (MIAC),miac,Saint Mary's,"Chavez, Anika",Anika,Chavez,,612,"Chavez, Anika","CHAVEZ,ANIKA",Saint Mary's,SMU,1116-6908,2,0,5,0,5,0,0,0,0,0,0,0,0,0,.00,.00,.00,.000,.000,0,0,0,0,0,0,0,.000,1,0,0,0,.50,.00,.00,.00,0,,52:00,0,.00,.00,,,,,,,,,,,,,,,,,,-1.0607894250147152,138,80
2026-27,wsoc,Minnesota Intercollegiate Athletic Conference (MIAC),miac,Carleton,"Cheng, Carson",Carson,Cheng,,118,"Cheng, Carson","CHENG,CARSON",Carleton,CC,1105-1188,0,0,13,0,13,0,0,0,0,0,0,0,0,0,.00,.00,.00,.000,.000,0,0,0,0,0,0,0,.000,0,0,0,0,.00,.00,.00,.00,0,,00:00,0,.00,.00,,,,,,,,,,,,,,,,,,-1.0607894250147152,139,79
2026-27,wsoc,Minnesota Intercollegiate Athletic Conference (MIAC),miac,Gustavus,"Chervany, Kyra",Kyra,Chervany,,266,"Chervany, Kyra","CHERVANY,KYRA",Gustavus,GAC,1108-9218,3,0,13,0,13,0,0,0,1,0,0,0,0,0,.33,.00,.00,.000,.000,0,0,0,0,0,0,0,.000,1,0,0,0,.33,.00,.00,.00,0,,80:00,0,.00,.00,,,,,,,,,,,,,,,,,,-1.0607894250147152,140,79
2026-27,wsoc,Minnesota Intercollegiate Athletic Conference (MIAC),miac,Saint Mary's,"Chrusciel, Sadie",Sadie,Chrusciel,,612,"Chrusciel, Sadie","CHRUSCIEL,SADIE",Saint Mary's,SMU,1116-6918,2,2,3,0,3,0,0,0,1,0,0,0,0,0,.50,.00,.00,.000,.000,0,0,0,0,0,0,0,.000,0,0,0,0,.00,.00,.00,.00,0,,180:00,0,.00,.00,,,,,,,,,,,,,,,,,,-1.0607894250147152,141,79
2026-27,wsoc,Minnesota Intercollegiate Athletic Conference (MIAC),miac,Saint Mary's,"Clow, Makayla",Makayla,Clow,,612,"Clow, Makayla","CLOW,MAKAYLA",Saint Mary's,SMU,1116-7052,2,2,7,0,7,0,0,0,0,0,0,0,0,0,.00,.00,.00,.000,.000,0,0,0,0,0,0,0,.000,1,0,0,0,.50,.00,.00,.00,0,,135:00,0,.00,.00,,,,,,,,,,,,,,,,,,-1.0607894250147152,142,79
2026-27,wsoc,Minnesota Intercollegiate Athletic Conference (MIAC),miac,Saint Mary's,"Clow, Maren",Maren,Clow,,612,"Clow, Maren","CLOW,MAREN",Saint Mary's,SMU,1116-7051,0,0,6,0,6,0,0,0,0,0,0,0,0,0,.00,.00,.00,.000,.000,0,0,0,0,0,0,0,.000,0,0,0,0,.00,.00,.00,.00,0,,00:00,0,.00,.00,,,,,,,,,,,,,,,,,,-1.0607894250147152,143,79
2026-27,wsoc,Minnesota Intercollegiate Athletic Conference (MIAC),miac,Augsburg,"Collins, Megan",Megan,Collins,,38,"Collins, Megan","COLLINS,MEGAN",Augsburg,AUG,1103-13560,1,0,10,0,10,0,0,0,0,0,0,0,0,0,.00,.00,.00,.000,.000,0,0,0,0,0,0,0,.000,0,0,0,0,.00,.00,.00,.00,0,,24:00,0,.00,.00,,,,,,,,,,,,,,,,,,-1.0607894250147152,144,79
2026-27,wsoc,Minnesota Intercollegiate Athletic Conference (MIAC),miac,Augsburg,"Colsant, Makenzie",Makenzie,Colsant,,38,"Colsant, Makenzie","COLSANT,MAKENZIE",Augsburg,AUG,1103-13561,0,0,8,0,8,0,0,0,0,0,0,0,0,0,.00,.00,.00,.000,.000,0,0,0,0,0,0,0,.000,0,0,0,0,.00,.00,.00,.00,0,,00:00,0,.00,.00,,,,,,,,,,,,,,,,,,-1.0607894250147152,145,79
2026-27,wsoc,Minnesota Intercollegiate Athletic Conference (MIAC),miac,Gustavus,"Conn, Griffin",Griffin,Conn,,266,"Conn, Griffin","CONN,GRIFFIN",Gustavus,GAC,1108-9595,3,1,19,0,19,0,0,0,1,0,0,0,0,0,.33,.00,.00,.000,.000,0,0,0,0,0,0,0,.000,1,0,0,0,.33,.00,.00,.00,0,,56:00,0,.00,.00,,,,,,,,,,,,,,,,,,-1.0607894250147152,146,79
2026-27,wsoc,Minnesota Intercollegiate Athletic Conference (MIAC),miac,Carleton,"Connolly, Isabelle",Isabelle,Connolly,,118,"Connolly, Isabelle","CONNOLLY,ISABELLE",Carleton,CC,1105-1048,1,1,11,0,11,0,0,0,0,0,0,0,0,0,.00,.00,.00,.000,.000,0,0,0,0,0,0,0,.000,1,0,0,0,1.00,.00,.00,.00,0,,48:00,0,.00,.00,,,,,,,,,,,,,,,,,,-1.0607894250147152,147,78
2026-27,wsoc,Minnesota Intercollegiate Athletic Conference (MIAC),miac,Augsburg,"Cordova, Ziviara",Ziviara,Cordova,,38,"Cordova, Ziviara","CORDOVA,ZIVIARA",Augsburg,AUG,1103-13562,1,1,21,0,21,0,0,0,0,0,0,0,0,0,.00,.00,.00,.000,.000,0,0,0,0,0,0,0,.000,1,0,0,0,1.00,.00,.00,.00,0,,90:00,0,.00,.00,,,,,,,,,,,,,,,,,,-1.0607894250147152,148,78
2026-27,wsoc,Minnesota Intercollegiate Athletic Conference (MIAC),miac,St. Olaf,"Cornish, Sophia",Sophia,Cornish,,615,"Cornish, Sophia","CORNISH,SOPHIA",St. Olaf,STO,1117-5505,0,0,14,0,14,0,0,0,0,0,0,0,0,0,.00,.00,.00,.000,.000,0,0,0,0,0,0,0,.000,0,0,0,0,.00,.00,.00,.00,0,,00:00,0,.00,.00,,,,,,,,,,,,,,,,,,-1.0607894250147152,149,78
2026-27,wsoc,Minnesota Intercollegiate Athletic Conference (MIAC),miac,Augsburg,"Cory, Eliza",Eliza,Cory,,38,"Cory, Eliza","CORY,ELIZA",Augsburg,AUG,1103-13371,1,1,6,0,6,0,0,0,1,0,0,0,0,0,1.00,.00,.00,.000,.000,0,0,0,0,0,0,0,.000,2,0,0,0,2.00,.00,.00,.00,0,,90:00,0,.00,.00,,,,,,,,,,,,,,,,,,-1.0607894250147152,150,78
2026-27,wsoc,Minnesota Intercollegiate Athletic Conference (MIAC),miac,Bethel,"Craigan, Kendall",Kendall,Craigan,,60,"Craigan, Kendall","CRAIGAN,KENDALL",Bethel,BET,1104-7828,2,2,21,0,21,0,0,0,1,0,0,0,0,0,.50,.00,.00,.000,.000,0,0,0,0,0,0,0,.000,0,0,0,0,.00,.00,.00,.00,0,,180:00,0,.00,.00,,,,,,,,,,,,,,,,,,-1.0607894250147152,151,78
2026-27,wsoc,Minnesota Intercollegiate Athletic Conference (MIAC),miac,Carleton,"Creswell, Miren",Miren,Creswell,,118,"Creswell, Miren","CRESWELL,MIREN",Carleton,CC,1105-1247,0,0,26,0,26,0,0,0,0,0,0,0,0,0,.00,.00,.00,.000,.000,0,0,0,0,0,0,0,.000,0,0,0,0,.00,.00,.00,.00,0,,00:00,0,.00,.00,,,,,,,,,,,,,,,,,,-1.0607894250147152,152,78
2026-27,wsoc,Minnesota Intercollegiate Athletic Conference (MIAC),miac,Hamline,"Criner, Addison",Addison,Criner,,268,"Criner, Addison","CRINER,ADDISON",Hamline,HAM,1109-5682,2,0,30,0,30,0,0,0,1,0,0,0,0,0,.50,.00,.00,.000,.000,0,0,0,0,0,0,0,.000,0,0,0,0,.00,.00,.00,.00,0,,75:00,0,.00,.00,,,,,,,,,,,,,,,,,,-1.0607894250147152,153,78
2026-27,wsoc,Minnesota Intercollegiate Athletic Conference (MIAC),miac,Augsburg,"Cross, Ciara",Ciara,Cross,,38,"Cross, Ciara","CROSS,CIARA",Augsburg,AUG,1103-13372,1,1,23,0,23,0,0,0,0,0,0,0,0,0,.00,.00,.00,.000,.000,0,0,0,0,0,0,0,.000,0,0,0,0,.00,.00,.00,.00,0,,39:00,0,.00,.00,,,,,,,,,,,,,,,,,,-1.0607894250147152,154,78
2026-27,wsoc,Minnesota Intercollegiate Athletic Conference (MIAC),miac,St. Scholastica,"Crutcher, Haylie",Haylie,Crutcher,,618,"Crutcher, Haylie","CRUTCHER,HAYLIE",St. Scholastica,CSS,1402-7644,1,0,2,0,2,0,0,0,0,0,0,0,0,0,.00,.00,.00,.000,.000,0,0,0,0,0,0,0,.000,0,0,0,0,.00,.00,.00,.00,0,,09:00,0,.00,.00,,,,,,,,,,,,,,,,,,-1.0607894250147152,155,77
2026-27,wsoc,Minnesota Intercollegiate Athletic Conference (MIAC),miac,Bethel,"Daniels, Natalie",Natalie,Daniels,,60,"Daniels, Natalie","DANIELS,NATALIE",Bethel,BET,1104-7833,0,0,20,0,20,0,0,0,0,0,0,0,0,0,.00,.00,.00,.000,.000,0,0,0,0,0,0,0,.000,0,0,0,0,.00,.00,.00,.00,0,,00:00,0,.00,.00,,,,,,,,,,,,,,,,,,-1.0607894250147152,156,77
2026-27,wsoc,Minnesota Intercollegiate Athletic Conference (MIAC),miac,Carleton,"DeBoer, Anya",Anya,DeBoer,,118,"DeBoer, Anya","DEBOER,ANYA",Carleton,CC,1105-1386,0,0,18,0,18,0,0,0,0,0,0,0,0,0,.00,.00,.00,.000,.000,0,0,0,0,0,0,0,.000,0,0,0,0,.00,.00,.00,.00,0,,00:00,0,.00,.00,,,,,,,,,,,,,,,,,,-1.0607894250147152,157,77
2026-27,wsoc,Minnesota Intercollegiate Athletic Conference (MIAC),miac,Saint Benedict,"Decowski, Jessica",Jessica,Decowski,,595,"Decowski, Jessica","DECOWSKI,JESSICA",Saint Benedict,CSB,1111-8293,3,0,18,0,18,0,0,0,2,0,0,0,0,0,.67,.00,.00,.000,.000,0,0,0,0,0,0,0,.000,1,0,0,0,.33,.00,.00,.00,0,,83:00,0,.00,.00,,,,,,,,,,,,,,,,,,-1.0607894250147152,158,77
2026-27,wsoc,Minnesota Intercollegiate Athletic Conference (MIAC),miac,St. Scholastica,"Deschamps, Taylor",Taylor,Deschamps,,618,"Deschamps, Taylor","DESCHAMPS,TAYLOR",St. Scholastica,CSS,1402-7809,0,0,24,0,24,0,0,0,0,0,0,0,0,0,.00,.00,.00,.000,.000,0,0,0,0,0,0,0,.000,0,0,0,0,.00,.00,.00,.00,0,,00:00,0,.00,.00,,,,,,,,,,,,,,,,,,-1.0607894250147152,159,77
2026-27,wsoc,Minnesota Intercollegiate Athletic Conference (MIAC),miac,Saint Mary's,"Diaz-Florez, Arianna",Arianna,Diaz-Florez,,612,"Diaz-Florez, Arianna","DIAZ-FLOREZ,ARIANNA",Saint Mary's,SMU,1116-7055,0,0,19,0,19,0,0,0,0,0,0,0,0,0,.00,.00,.00,.000,.000,0,0,0,0,0,0,0,.000,0,0,0,0,.00,.00,.00,.00,0,,00:00,0,.00,.00,,,,,,,,,,,,,,,,,,-1.0607894250147152,160,77
2026-27,wsoc,Minnesota Intercollegiate Athletic Conference (MIAC),miac,Gustavus,"Dlouhy, Grace",Grace,Dlouhy,,266,"Dlouhy, Grace","DLOUHY,GRACE",Gustavus,GAC,1108-8645,0,0,5,0,5,0,0,0,0,0,0,0,0,0,.00,.00,.00,.000,.000,0,0,0,0,0,0,0,.000,0,0,0,0,.00,.00,.00,.00,0,,00:00,0,.00,.00,,,,,,,,,,,,,,,,,,-1.0607894250147152,161,77
2026-27,wsoc,Minnesota Intercollegiate Athletic Conference (MIAC),miac,Carleton,"Eberhard, Claire",Claire,Eberhard,,118,"Eberhard, Claire","EBERHARD,CLAIRE",Carleton,CC,1105-1248,0,0,4,0,4,0,0,0,0,0,0,0,0,0,.00,.00,.00,.000,.000,0,0,0,0,0,0,0,.000,0,0,0,0,.00,.00,.00,.00,0,,00:00,0,.00,.00,,,,,,,,,,,,,,,,,,-1.0607894250147152,162,77
2026-27,wsoc,Minnesota Intercollegiate Athletic Conference (MIAC),miac,Saint Mary's,"Eleria-Yin, Angelina",Angelina,Eleria-Yin,,612,"Eleria-Yin, Angelina","ELERIA-YIN,ANGELINA",Saint Mary's,SMU,1116-7315,0,0,40,0,40,0,0,0,0,0,0,0,0,0,.00,.00,.00,.000,.000,0,0,0,0,0,0,0,.000,0,0,0,0,.00,.00,.00,.00,0,,00:00,0,.00,.00,,,,,,,,,,,,,,,,,,-1.0607894250147152,163,77
2026-27,wsoc,Minnesota Intercollegiate Athletic Conference (MIAC),miac,Macalester,"Ellis, Avery",Avery,Ellis,,376,"Ellis, Avery","ELLIS,AVERY",Macalester,MAC,1110-5234,2,0,18,0,18,0,0,0,0,0,0,0,0,0,.00,.00,.00,.000,.000,0,0,0,0,0,0,0,.000,0,0,0,0,.00,.00,.00,.00,0,,60:00,0,.00,.00,,,,,,,,,,,,,,,,,,-1.0607894250147152,164,76
2026-27,wsoc,Minnesota Intercollegiate Athletic Conference (MIAC),miac,St. Catherine,"Emery, Ceci",Ceci,Emery,,597,"Emery, Ceci","EMERY,CECI",St. Catherine,SCU,1114-2148,2,2,27,0,27,0,0,0,0,0,0,0,0,0,.00,.00,.00,.000,.000,0,0,0,0,0,0,0,.000,3,0,0,0,1.50,.00,.00,.00,0,,175:00,0,.00,.00,,,,,,,,,,,,,,,,,,-1.0607894250147152,165,76
2026-27,wsoc,Minnesota Intercollegiate Athletic Conference (MIAC),miac,Concordia,"Engel, Leighton",Leighton,Engel,,161,"Engel, Leighton","ENGEL,LEIGHTON",Concordia,CC,0,3,2,6,0,6,0,0,0,2,0,0,0,0,0,.67,.00,.00,.000,.000,0,0,0,0,0,0,0,.000,0,0,0,0,.00,.00,.00,.00,0,,116:00,0,.00,.00,,,,,,,,,,,,,,,,,,-1.0607894250147152,166,76
2026-27,wsoc,Minnesota Intercollegiate Athletic Conference (MIAC),miac,St. Olaf,"Engle, Aida",Aida,Engle,,615,"Engle, Aida","ENGLE,AIDA",St. Olaf,STO,1117-5708,3,0,3,0,3,0,0,0,1,0,0,0,0,0,.33,.00,.00,.000,.000,0,0,0,0,0,0,0,.000,1,0,0,0,.33,.00,.00,.00,0,,118:00,0,.00,.00,,,,,,,,,,,,,,,,,,-1.0607894250147152,167,76
2026-27,wsoc,Minnesota Intercollegiate Athletic Conference (MIAC),miac,Bethel,"Erickson, Chloe",Chloe,Erickson,,60,"Erickson, Chloe","ERICKSON,CHLOE",Bethel,BET,1104-7830,1,0,4,0,4,0,0,0,0,0,0,0,0,0,.00,.00,.00,.000,.000,0,0,0,0,0,0,0,.000,0,0,0,0,.00,.00,.00,.00,0,,09:00,0,.00,.00,,,,,,,,,,,,,,,,,,-1.0607894250147152,168,76
2026-27,wsoc,Minnesota Intercollegiate Athletic Conference (MIAC),miac,Gustavus,"Erickson, Claire",Claire,Erickson,,266,"Erickson, Claire","ERICKSON,CLAIRE",Gustavus,GAC,1108-9220,3,3,32,0,32,0,0,0,1,0,0,0,0,0,.33,.00,.00,.000,.000,0,0,0,0,0,0,0,.000,1,0,0,0,.33,.00,.00,.00,0,,236:00,0,.00,.00,,,,,,,,,,,,,,,,,,-1.0607894250147152,169,76
2026-27,wsoc,Minnesota Intercollegiate Athletic Conference (MIAC),miac,Saint Mary's,"Fabik, Ripley",Ripley,Fabik,,612,"Fabik, Ripley","FABIK,RIPLEY",Saint Mary's,SMU,1116-7304,0,0,27,0,27,0,0,0,0,0,0,0,0,0,.00,.00,.00,.000,.000,0,0,0,0,0,0,0,.000,0,0,0,0,.00,.00,.00,.00,0,,00:00,0,.00,.00,,,,,,,,,,,,,,,,,,-1.0607894250147152,170,76
2026-27,wsoc,Minnesota Intercollegiate Athletic Conference (MIAC),miac,St. Olaf,"Faulkner, Claire",Claire,Faulkner,,615,"Faulkner, Claire","FAULKNER,CLAIRE",St. Olaf,STO,1117-5290,3,3,5,0,5,0,0,0,0,0,0,0,0,0,.00,.00,.00,.000,.000,0,0,0,0,0,0,0,.000,1,0,0,0,.33,.00,.00,.00,0,,142:00,0,.00,.00,,,,,,,,,,,,,,,,,,-1.0607894250147152,171,76
2026-27,wsoc,Minnesota Intercollegiate Athletic Conference (MIAC),miac,Concordia,"Feddema, Abby",Abby,Feddema,,161,"Feddema, Abby","FEDDEMA,ABBY",Concordia,CC,0,3,0,13,0,13,0,0,0,1,0,0,0,0,0,.33,.00,.00,.000,.000,0,0,0,0,0,0,0,.000,0,0,0,0,.00,.00,.00,.00,0,,113:00,0,.00,.00,,,,,,,,,,,,,,,,,,-1.0607894250147152,172,75
2026-27,wsoc,Minnesota Intercollegiate Athletic Conference (MIAC),miac,Carleton,"Feldis, Kiana",Kiana,Feldis,,118,"Feldis, Kiana","FELDIS,KIANA",Carleton,CC,1105-1189,1,1,8,0,8,0,0,0,0,0,0,0,0,0,.00,.00,.00,.000,.000,0,0,0,0,0,0,0,.000,0,0,0,0,.00,.00,.00,.00,0,,37:00,0,.00,.00,,,,,,,,,,,,,,,,,,-1.0607894250147152,173,75
2026-27,wsoc,Minnesota Intercollegiate Athletic Conference (MIAC),miac,Hamline,"Fergus, Maddox",Maddox,Fergus,,268,"Fergus, Maddox","FERGUS,MADDOX",Hamline,HAM,1109-4701,0,0,00,0,00,0,0,0,0,0,0,0,0,0,.00,.00,.00,.000,.000,0,0,0,0,0,0,0,.000,0,0,0,0,.00,.00,.00,.00,0,,00:00,0,.00,.00,,,,,,,,,,,,,,,,,,-1.0607894250147152,174,75
2026-27,wsoc,Minnesota Intercollegiate Athletic Conference (MIAC),miac,Carleton,"Feurer, Lola",Lola,Feurer,,118,"Feurer, Lola","FEURER,LOLA",Carleton,CC,1105-1256,1,1,17,0,17,0,0,0,0,0,0,0,0,0,.00,.00,.00,.000,.000,0,0,0,0,0,0,0,.000,1,0,0,0,1.00,.00,.00,.00,0,,71:00,0,.00,.00,,,,,,,,,,,,,,,,,,-1.0607894250147152,175,75
2026-27,wsoc,Minnesota Intercollegiate Athletic Conference (MIAC),miac,Saint Mary's,"Fields, Lauren",Lauren,Fields,,612,"Fields, Lauren","FIELDS,LAUREN",Saint Mary's,SMU,1116-6915,2,2,14,0,14,0,0,0,0,0,0,0,0,0,.00,.00,.00,.000,.000,0,0,0,0,0,0,0,.000,4,0,0,0,2.00,.00,.00,.00,0,,109:00,0,.00,.00,,,,,,,,,,,,,,,,,,-1.0607894250147152,176,75
2026-27,wsoc,Minnesota Intercollegiate Athletic Conference (MIAC),miac,Gustavus,"Finney, Taylor",Taylor,Finney,,266,"Finney, Taylor","FINNEY,TAYLOR",Gustavus,GAC,1108-9226,3,3,3,0,3,0,0,0,0,0,0,0,0,0,.00,.00,.00,.000,.000,0,0,0,0,0,0,0,.000,0,0,0,0,.00,.00,.00,.00,0,,241:00,0,.00,.00,,,,,,,,,,,,,,,,,,-1.0607894250147152,177,75
2026-27,wsoc,Minnesota Intercollegiate Athletic Conference (MIAC),miac,Macalester,"Fischer, Ellen",Ellen,Fischer,,376,"Fischer, Ellen","FISCHER,ELLEN",Macalester,MAC,1110-5576,2,0,23,0,23,0,0,0,0,0,0,0,0,0,.00,.00,.00,.000,.000,0,0,0,0,0,0,0,.000,0,0,0,0,.00,.00,.00,.00,0,,16:00,0,.00,.00,,,,,,,,,,,,,,,,,,-1.0607894250147152,178,75
2026-27,wsoc,Minnesota Intercollegiate Athletic Conference (MIAC),miac,Bethel,"Flores, Izabela",Izabela,Flores,,60,"Flores, Izabela","FLORES,IZABELA",Bethel,BET,1104-7971,2,1,12,0,12,0,0,0,0,0,0,0,0,0,.00,.00,.00,.000,.000,0,0,0,0,0,0,0,.000,2,0,0,0,1.00,.00,.00,.00,0,,70:00,0,.00,.00,,,,,,,,,,,,,,,,,,-1.0607894250147152,179,75
2026-27,wsoc,Minnesota Intercollegiate Athletic Conference (MIAC),miac,St. Scholastica,"Folkestad, Sophie",Sophie,Folkestad,,618,"Folkestad, Sophie","FOLKESTAD,SOPHIE",St. Scholastica,CSS,1402-7814,0,0,33,0,33,0,0,0,0,0,0,0,0,0,.00,.00,.00,.000,.000,0,0,0,0,0,0,0,.000,0,0,0,0,.00,.00,.00,.00,0,,00:00,0,.00,.00,,,,,,,,,,,,,,,,,,-1.0607894250147152,180,74
2026-27,wsoc,Minnesota Intercollegiate Athletic Conference (MIAC),miac,Augsburg,"Folstad, Lennon",Lennon,Folstad,,38,"Folstad, Lennon","FOLSTAD,LENNON",Augsburg,AUG,1103-13373,1,1,12,0,12,0,0,0,0,0,0,0,0,0,.00,.00,.00,.000,.000,0,0,0,0,0,0,0,.000,2,0,0,0,2.00,.00,.00,.00,0,,81:00,0,.00,.00,,,,,,,,,,,,,,,,,,-1.0607894250147152,181,74
2026-27,wsoc,Minnesota Intercollegiate Athletic Conference (MIAC),miac,Macalester,"Friedman, Parker",Parker,Friedman,,376,"Friedman, Parker","FRIEDMAN,PARKER",Macalester,MAC,1110-5467,2,0,12,0,12,0,0,0,0,0,0,0,0,0,.00,.00,.00,.000,.000,0,0,0,0,0,0,0,.000,0,0,0,0,.00,.00,.00,.00,0,,46:00,0,.00,.00,,,,,,,,,,,,,,,,,,-1.0607894250147152,182,74
2026-27,wsoc,Minnesota Intercollegiate Athletic Conference (MIAC),miac,Saint Mary's,"Gay, Alyshia",Alyshia,Gay,,612,"Gay, Alyshia","GAY,ALYSHIA",Saint Mary's,SMU,1116-6910,0,0,25,0,25,0,0,0,0,0,0,0,0,0,.00,.00,.00,.000,.000,0,0,0,0,0,0,0,.000,0,0,0,0,.00,.00,.00,.00,0,,00:00,0,.00,.00,,,,,,,,,,,,,,,,,,-1.0607894250147152,183,74
2026-27,wsoc,Minnesota Intercollegiate Athletic Conference (MIAC),miac,Saint Benedict,"Gazdzik, Lauren",Lauren,Gazdzik,,595,"Gazdzik, Lauren","GAZDZIK,LAUREN",Saint Benedict,CSB,1111-8730,3,0,15,0,15,0,0,0,0,0,0,0,0,0,.00,.00,.00,.000,.000,0,0,0,0,0,0,0,.000,1,0,0,0,.33,.00,.00,.00,0,,99:00,0,.00,.00,,,,,,,,,,,,,,,,,,-1.0607894250147152,184,74
2026-27,wsoc,Minnesota Intercollegiate Athletic Conference (MIAC),miac,Carleton,"Gill, Isabella",Isabella,Gill,,118,"Gill, Isabella","GILL,ISABELLA",Carleton,CC,1105-1190,1,0,15,0,15,0,0,0,0,0,0,0,0,0,.00,.00,.00,.000,.000,0,0,0,0,0,0,0,.000,0,0,0,0,.00,.00,.00,.00,0,,05:00,0,.00,.00,,,,,,,,,,,,,,,,,,-1.0607894250147152,185,74
2026-27,wsoc,Minnesota Intercollegiate Athletic Conference (MIAC),miac,Hamline,"Gomez, Thelma",Thelma,Gomez,,268,"Gomez, Thelma","GOMEZ,THELMA",Hamline,HAM,1109-5685,2,0,38,0,38,0,0,0,0,0,0,0,0,0,.00,.00,.00,.000,.000,0,0,0,0,0,0,0,.000,0,0,0,0,.00,.00,.00,.00,0,,35:00,0,.00,.00,,,,,,,,,,,,,,,,,,-1.0607894250147152,186,74
2026-27,wsoc,Minnesota Intercollegiate Athletic Conference (MIAC),miac,Hamline,"Gonzalez, Maya",Maya,Gonzalez,,268,"Gonzalez, Maya","GONZALEZ,MAYA",Hamline,HAM,1109-4802,1,0,34,0,34,0,0,0,1,0,0,0,0,0,1.00,.00,.00,.000,.000,0,0,0,0,0,0,0,.000,0,0,0,0,.00,.00,.00,.00,0,,12:00,0,.00,.00,,,,,,,,,,,,,,,,,,-1.0607894250147152,187,74
2026-27,wsoc,Minnesota Intercollegiate Athletic Conference (MIAC),miac,St. Olaf,"Gravdal, Piper",Piper,Gravdal,,615,"Gravdal, Piper","GRAVDAL,PIPER",St. Olaf,STO,1117-5711,0,0,13,0,13,0,0,0,0,0,0,0,0,0,.00,.00,.00,.000,.000,0,0,0,0,0,0,0,.000,0,0,0,0,.00,.00,.00,.00,0,,00:00,0,.00,.00,,,,,,,,,,,,,,,,,,-1.0607894250147152,188,73
2026-27,wsoc,Minnesota Intercollegiate Athletic Conference (MIAC),miac,St. Catherine,"Gray, Lillia",Lillia,Gray,,597,"Gray, Lillia","GRAY,LILLIA",St. Catherine,SCU,1114-2077,2,1,6,0,6,0,0,0,1,0,0,0,0,0,.50,.00,.00,.000,.000,0,0,0,0,0,0,0,.000,1,0,0,0,.50,.00,.00,.00,0,,56:00,0,.00,.00,,,,,,,,,,,,,,,,,,-1.0607894250147152,189,73
2026-27,wsoc,Minnesota Intercollegiate Athletic Conference (MIAC),miac,Hamline,"Griffiths, Graycie",Graycie,Griffiths,,268,"Griffiths, Graycie","GRIFFITHS,GRAYCIE",Hamline,HAM,1109-4489,2,2,17,0,17,0,0,0,0,0,0,0,0,0,.00,.00,.00,.000,.000,0,0,0,0,0,0,0,.000,0,0,0,0,.00,.00,.00,.00,0,,138:00,0,.00,.00,,,,,,,,,,,,,,,,,,-1.0607894250147152,190,73
2026-27,wsoc,Minnesota Intercollegiate Athletic Conference (MIAC),miac,St. Catherine,"Hamlin, Alyssa",Alyssa,Hamlin,,597,"Hamlin, Alyssa","HAMLIN,ALYSSA",St. Catherine,SCU,1114-2150,1,1,19,0,19,0,0,0,0,0,0,0,0,0,.00,.00,.00,.000,.000,0,0,0,0,0,0,0,.000,0,0,0,0,.00,.00,.00,.00,0,,16:00,0,.00,.00,,,,,,,,,,,,,,,,,,-1.0607894250147152,191,73
2026-27,wsoc,Minnesota Intercollegiate Athletic Conference (MIAC),miac,Carleton,"Hanmer, Keira",Keira,Hanmer,,118,"Hanmer, Keira","HANMER,KEIRA",Carleton,CC,1105-1250,0,0,33,0,33,0,0,0,0,0,0,0,0,0,.00,.00,.00,.000,.000,0,0,0,0,0,0,0,.000,0,0,0,0,.00,.00,.00,.00,0,,00:00,0,.00,.00,,,,,,,,,,,,,,,,,,-1.0607894250147152,192,73
2026-27,wsoc,Minnesota Intercollegiate Athletic Conference (MIAC),miac,Macalester,"Hanson, Julia",Julia,Hanson,,376,"Hanson, Julia","HANSON,JULIA",Macalester,MAC,1110-5235,0,0,9,0,9,0,0,0,0,0,0,0,0,0,.00,.00,.00,.000,.000,0,0,0,0,0,0,0,.000,0,0,0,0,.00,.00,.00,.00,0,,00:00,0,.00,.00,,,,,,,,,,,,,,,,,,-1.0607894250147152,193,73
2026-27,wsoc,Minnesota Intercollegiate Athletic Conference (MIAC),miac,Bethel,"Haugo, Ahna",Ahna,Haugo,,60,"Haugo, Ahna","HAUGO,AHNA",Bethel,BET,1104-7936,0,0,0,0,0,0,0,0,0,0,0,0,0,0,.00,.00,.00,.000,.000,0,0,0,0,0,0,0,.000,0,0,0,0,.00,.00,.00,.00,0,,00:00,0,.00,.00,,,,,,,,,,,,,,,,,,-1.0607894250147152,194,73
2026-27,wsoc,Minnesota Intercollegiate Athletic Conference (MIAC),miac,Saint Mary's,"Heier, Caleia",Caleia,Heier,,612,"Heier, Caleia","HEIER,CALEIA",Saint Mary's,SMU,1116-7053,2,2,10,0,10,0,0,0,0,0,0,0,0,0,.00,.00,.00,.000,.000,0,0,0,0,0,0,0,.000,2,0,0,0,1.00,.00,.00,.00,0,,158:00,0,.00,.00,,,,,,,,,,,,,,,,,,-1.0607894250147152,195,73
2026-27,wsoc,Minnesota Intercollegiate Athletic Conference (MIAC),miac,Saint Benedict,"Heinz, Teagan",Teagan,Heinz,,595,"Heinz, Teagan","HEINZ,TEAGAN",Saint Benedict,CSB,0,0,0,97,0,97,0,0,0,0,0,0,0,0,0,.00,.00,.00,.000,.000,0,0,0,0,0,0,0,.000,0,0,0,0,.00,.00,.00,.00,0,,00:00,0,.00,.00,,,,,,,,,,,,,,,,,,-1.0607894250147152,196,72
2026-27,wsoc,Minnesota Intercollegiate Athletic Conference (MIAC),miac,Bethel,"Helberg, Hannah",Hannah,Helberg,,60,"Helberg, Hannah","HELBERG,HANNAH",Bethel,BET,1104-7937,1,0,5,0,5,0,0,0,0,0,0,0,0,0,.00,.00,.00,.000,.000,0,0,0,0,0,0,0,.000,0,0,0,0,.00,.00,.00,.00,0,,32:00,0,.00,.00,,,,,,,,,,,,,,,,,,-1.0607894250147152,197,72
2026-27,wsoc,Minnesota Intercollegiate Athletic Conference (MIAC),miac,St. Scholastica,"Hernesman, Mariah",Mariah,Hernesman,,618,"Hernesman, Mariah","HERNESMAN,MARIAH",St. Scholastica,CSS,1402-7474,1,0,9,0,9,0,0,0,1,0,0,0,0,0,1.00,.00,.00,.000,.000,0,0,0,0,0,0,0,.000,0,0,0,0,.00,.00,.00,.00,0,,51:00,0,.00,.00,,,,,,,,,,,,,,,,,,-1.0607894250147152,198,72
2026-27,wsoc,Minnesota Intercollegiate Athletic Conference (MIAC),miac,Carleton,"Hill, Lila",Lila,Hill,,118,"Hill, Lila","HILL,LILA",Carleton,CC,1105-1387,1,0,14,0,14,0,0,0,0,0,0,0,0,0,.00,.00,.00,.000,.000,0,0,0,0,0,0,0,.000,0,0,0,0,.00,.00,.00,.00,0,,19:00,0,.00,.00,,,,,,,,,,,,,,,,,,-1.0607894250147152,199,72
2026-27,wsoc,Minnesota Intercollegiate Athletic Conference (MIAC),miac,Saint Mary's,"Hillestad, Jordan",Jordan,Hillestad,,612,"Hillestad, Jordan","HILLESTAD,JORDAN",Saint Mary's,SMU,1116-7307,1,0,30,0,30,0,0,0,0,0,0,0,0,0,.00,.00,.00,.000,.000,0,0,0,0,0,0,0,.000,0,0,0,0,.00,.00,.00,.00,0,,11:00,0,.00,.00,,,,,,,,,,,,,,,,,,-1.0607894250147152,200,72
2026-27,wsoc,Minnesota Intercollegiate Athletic Conference (MIAC),miac,Gustavus,"Hillman, Laney",Laney,Hillman,,266,"Hillman, Laney","HILLMAN,LANEY",Gustavus,GAC,1108-9221,0,0,0,0,0,0,0,0,0,0,0,0,0,0,.00,.00,.00,.000,.000,0,0,0,0,0,0,0,.000,0,0,0,0,.00,.00,.00,.00,0,,00:00,0,.00,.00,,,,,,,,,,,,,,,,,,-1.0607894250147152,201,72
2026-27,wsoc,Minnesota Intercollegiate Athletic Conference (MIAC),miac,Bethel,"Hinson, Annika",Annika,Hinson,,60,"Hinson, Annika","HINSON,ANNIKA",Bethel,BET,1104-7938,0,0,24,0,24,0,0,0,0,0,0,0,0,0,.00,.00,.00,.000,.000,0,0,0,0,0,0,0,.000,0,0,0,0,.00,.00,.00,.00,0,,00:00,0,.00,.00,,,,,,,,,,,,,,,,,,-1.0607894250147152,202,72
2026-27,wsoc,Minnesota Intercollegiate Athletic Conference (MIAC),miac,St. Scholastica,"Hoard, Zoe",Zoe,Hoard,,618,"Hoard, Zoe","HOARD,ZOE",St. Scholastica,CSS,1402-7804,0,0,4,0,4,0,0,0,0,0,0,0,0,0,.00,.00,.00,.000,.000,0,0,0,0,0,0,0,.000,0,0,0,0,.00,.00,.00,.00,0,,00:00,0,.00,.00,,,,,,,,,,,,,,,,,,-1.0607894250147152,203,72
2026-27,wsoc,Minnesota Intercollegiate Athletic Conference (MIAC),miac,St. Scholastica,"Hogan, Kaisa",Kaisa,Hogan,,618,"Hogan, Kaisa","HOGAN,KAISA",St. Scholastica,CSS,1402-7469,1,0,17,0,17,0,0,0,0,0,0,0,0,0,.00,.00,.00,.000,.000,0,0,0,0,0,0,0,.000,0,0,0,0,.00,.00,.00,.00,0,,09:00,0,.00,.00,,,,,,,,,,,,,,,,,,-1.0607894250147152,204,71
2026-27,wsoc,Minnesota Intercollegiate Athletic Conference (MIAC),miac,St. Scholastica,"Holm, Hannah",Hannah,Holm,,618,"Holm, Hannah","HOLM,HANNAH",St. Scholastica,CSS,1402-7470,1,1,22,0,22,0,0,0,1,0,0,0,0,0,1.00,.00,.00,.000,.000,0,0,0,0,0,0,0,.000,0,0,0,0,.00,.00,.00,.00,0,,81:00,0,.00,.00,,,,,,,,,,,,,,,,,,-1.0607894250147152,205,71
2026-27,wsoc,Minnesota Intercollegiate Athletic Conference (MIAC),miac,Saint Mary's,"Holmes, Kaitlyn",Kaitlyn,Holmes,,612,"Holmes, Kaitlyn","HOLMES,KAITLYN",Saint Mary's,SMU,1116-6913,0,0,12,0,12,0,0,0,0,0,0,0,0,0,.00,.00,.00,.000,.000,0,0,0,0,0,0,0,.000,0,0,0,0,.00,.00,.00,.00,0,,00:00,0,.00,.00,,,,,,,,,,,,,,,,,,-1.0607894250147152,206,71
2026-27,wsoc,Minnesota Intercollegiate Athletic Conference (MIAC),miac,St. Scholastica,"Hunt, Lindsay",Lindsay,Hunt,,618,"Hunt, Lindsay","HUNT,LINDSAY",St. Scholastica,CSS,1402-7806,1,1,19,0,19,0,0,0,2,0,0,0,0,0,2.00,.00,.00,.000,.000,0,0,0,0,0,0,0,.000,0,0,0,0,.00,.00,.00,.00,0,,50:00,0,.00,.00,,,,,,,,,,,,,,,,,,-1.0607894250147152,207,71
2026-27,wsoc,Minnesota Intercollegiate Athletic Conference (MIAC),miac,St. Scholastica,"Inman, Taylor",Taylor,Inman,,618,"Inman, Taylor","INMAN,TAYLOR",St. Scholastica,CSS,1402-7813,1,0,31,0,31,0,0,0,0,0,0,0,0,0,.00,.00,.00,.000,.000,0,0,0,0,0,0,0,.000,0,0,0,0,.00,.00,.00,.00,0,,09:00,0,.00,.00,,,,,,,,,,,,,,,,,,-1.0607894250147152,208,71
2026-27,wsoc,Minnesota Intercollegiate Athletic Conference (MIAC),miac,Bethel,"Iwaszkowiec, Irene",Irene,Iwaszkowiec,,60,"Iwaszkowiec, Irene","IWASZKOWIEC,IRENE",Bethel,BET,1104-8180,0,0,18,0,18,0,0,0,0,0,0,0,0,0,.00,.00,.00,.000,.000,0,0,0,0,0,0,0,.000,0,0,0,0,.00,.00,.00,.00,0,,00:00,0,.00,.00,,,,,,,,,,,,,,,,,,-1.0607894250147152,209,71
2026-27,wsoc,Minnesota Intercollegiate Athletic Conference (MIAC),miac,Saint Benedict,"Johanson, Scarlett",Scarlett,Johanson,,595,"Johanson, Scarlett","JOHANSON,SCARLETT",Saint Benedict,CSB,1111-8508,3,3,2,0,2,0,0,0,0,0,0,0,0,0,.00,.00,.00,.000,.000,0,0,0,0,0,0,0,.000,1,0,0,0,.33,.00,.00,.00,0,,180:00,0,.00,.00,,,,,,,,,,,,,,,,,,-1.0607894250147152,210,71
2026-27,wsoc,Minnesota Intercollegiate Athletic Conference (MIAC),miac,Saint Mary's,"Johnson, Brooklyn",Brooklyn,Johnson,,612,"Johnson, Brooklyn","JOHNSON,BROOKLYN",Saint Mary's,SMU,1116-7316,0,0,95,0,95,0,0,0,0,0,0,0,0,0,.00,.00,.00,.000,.000,0,0,0,0,0,0,0,.000,0,0,0,0,.00,.00,.00,.00,0,,00:00,0,.00,.00,,,,,,,,,,,,,,,,,,-1.0607894250147152,211,71
2026-27,wsoc,Minnesota Intercollegiate Athletic Conference (MIAC),miac,Concordia,"Johnson, Elsie",Elsie,Johnson,,161,"Johnson, Elsie","JOHNSON,ELSIE",Concordia,CC,0,3,3,15,0,15,0,0,0,0,0,0,0,0,0,.00,.00,.00,.000,.000,0,0,0,0,0,0,0,.000,0,0,0,0,.00,.00,.00,.00,0,,211:00,0,.00,.00,,,,,,,,,,,,,,,,,,-1.0607894250147152,212,70
2026-27,wsoc,Minnesota Intercollegiate Athletic Conference (MIAC),miac,Saint Benedict,"Johnson, Emma",Emma,Johnson,,595,"Johnson, Emma","JOHNSON,EMMA",Saint Benedict,CSB,1111-8515,3,3,21,0,21,0,0,0,0,0,0,0,0,0,.00,.00,.00,.000,.000,0,0,0,0,0,0,0,.000,2,0,0,0,.67,.00,.00,.00,0,,221:00,0,.00,.00,,,,,,,,,,,,,,,,,,-1.0607894250147152,213,70
2026-27,wsoc,Minnesota Intercollegiate Athletic Conference (MIAC),miac,Gustavus,"Johnson, Riley",Riley,Johnson,,266,"Johnson, Riley","JOHNSON,RILEY",Gustavus,GAC,1108-9598,1,0,15,0,15,0,0,0,0,0,0,0,0,0,.00,.00,.00,.000,.000,0,0,0,0,0,0,0,.000,0,0,0,0,.00,.00,.00,.00,0,,08:00,0,.00,.00,,,,,,,,,,,,,,,,,,-1.0607894250147152,214,70
2026-27,wsoc,Minnesota Intercollegiate Athletic Conference (MIAC),miac,Saint Benedict,"Jones, Anna",Anna,Jones,,595,"Jones, Anna","JONES,ANNA",Saint Benedict,CSB,1111-8035,3,0,16,0,16,0,0,0,0,0,0,0,0,0,.00,.00,.00,.000,.000,0,0,0,0,0,0,0,.000,0,0,0,0,.00,.00,.00,.00,0,,52:00,0,.00,.00,,,,,,,,,,,,,,,,,,-1.0607894250147152,215,70
2026-27,wsoc,Minnesota Intercollegiate Athletic Conference (MIAC),miac,Saint Benedict,"Jonswold, Brynn",Brynn,Jonswold,,595,"Jonswold, Brynn","JONSWOLD,BRYNN",Saint Benedict,CSB,1111-8737,2,0,14,0,14,0,0,0,0,0,0,0,0,0,.00,.00,.00,.000,.000,0,0,0,0,0,0,0,.000,1,0,0,0,.50,.00,.00,.00,0,,55:00,0,.00,.00,,,,,,,,,,,,,,,,,,-1.0607894250147152,216,70
2026-27,wsoc,Minnesota Intercollegiate Athletic Conference (MIAC),miac,Saint Benedict,"Jonswold, Leah",Leah,Jonswold,,595,"Jonswold, Leah","JONSWOLD,LEAH",Saint Benedict,CSB,1111-8736,1,0,17,0,17,0,0,0,0,0,0,0,0,0,.00,.00,.00,.000,.000,0,0,0,0,0,0,0,.000,0,0,0,0,.00,.00,.00,.00,0,,14:00,0,.00,.00,,,,,,,,,,,,,,,,,,-1.0607894250147152,217,70
2026-27,wsoc,Minnesota Intercollegiate Athletic Conference (MIAC),miac,St. Olaf,"Jordan, Eva",Eva,Jordan,,615,"Jordan, Eva","JORDAN,EVA",St. Olaf,STO,1117-5719,0,0,99,0,99,0,0,0,0,0,0,0,0,0,.00,.00,.00,.000,.000,0,0,0,0,0,0,0,.000,0,0,0,0,.00,.00,.00,.00,0,,00:00,0,.00,.00,,,,,,,,,,,,,,,,,,-1.0607894250147152,218,70
2026-27,wsoc,Minnesota Intercollegiate Athletic Conference (MIAC),miac,Carleton,"Jordan, Zaraya",Zaraya,Jordan,,118,"Jordan, Zaraya","JORDAN,ZARAYA",Carleton,CC,1105-1049,1,1,2,0,2,0,0,0,0,0,0,0,0,0,.00,.00,.00,.000,.000,0,0,0,0,0,0,0,.000,0,0,0,0,.00,.00,.00,.00,0,,90:00,0,.00,.00,,,,,,,,,,,,,,,,,,-1.0607894250147152,219,70
2026-27,wsoc,Minnesota Intercollegiate Athletic Conference (MIAC),miac,Gustavus,"Joseph, Marlo",Marlo,Joseph,,266,"Joseph, Marlo","JOSEPH,MARLO",Gustavus,GAC,1108-10094,0,0,23,0,23,0,0,0,0,0,0,0,0,0,.00,.00,.00,.000,.000,0,0,0,0,0,0,0,.000,0,0,0,0,.00,.00,.00,.00,0,,00:00,0,.00,.00,,,,,,,,,,,,,,,,,,-1.0607894250147152,220,69
2026-27,wsoc,Minnesota Intercollegiate Athletic Conference (MIAC),miac,Augsburg,"Keegan, Millie",Millie,Keegan,,38,"Keegan, Millie","KEEGAN,MILLIE",Augsburg,AUG,1103-13563,1,0,5,0,5,0,0,0,0,0,0,0,0,0,.00,.00,.00,.000,.000,0,0,0,0,0,0,0,.000,0,0,0,0,.00,.00,.00,.00,0,,12:00,0,.00,.00,,,,,,,,,,,,,,,,,,-1.0607894250147152,221,69
2026-27,wsoc,Minnesota Intercollegiate Athletic Conference (MIAC),miac,Hamline,"Keiffer, Reese",Reese,Keiffer,,268,"Keiffer, Reese","KEIFFER,REESE",Hamline,HAM,1109-4706,2,2,7,0,7,0,0,0,0,0,0,0,0,0,.00,.00,.00,.000,.000,0,0,0,0,0,0,0,.000,1,0,0,0,.50,.00,.00,.00,0,,85:00,0,.00,.00,,,,,,,,,,,,,,,,,,-1.0607894250147152,222,69
2026-27,wsoc,Minnesota Intercollegiate Athletic Conference (MIAC),miac,Hamline,"Keiffer, Riley",Riley,Keiffer,,268,"Keiffer, Riley","KEIFFER,RILEY",Hamline,HAM,1109-4705,2,2,16,0,16,0,0,0,0,0,0,0,0,0,.00,.00,.00,.000,.000,0,0,0,0,0,0,0,.000,0,0,0,0,.00,.00,.00,.00,0,,71:00,0,.00,.00,,,,,,,,,,,,,,,,,,-1.0607894250147152,223,69
2026-27,wsoc,Minnesota Intercollegiate Athletic Conference (MIAC),miac,Carleton,"Ketcham, Madison",Madison,Ketcham,,118,"Ketcham, Madison","KETCHAM,MADISON",Carleton,CC,1105-1388,1,0,20,0,20,0,0,0,0,0,0,0,0,0,.00,.00,.00,.000,.000,0,0,0,0,0,0,0,.000,0,0,0,0,.00,.00,.00,.00,0,,10:00,0,.00,.00,,,,,,,,,,,,,,,,,,-1.0607894250147152,224,69
2026-27,wsoc,Minnesota Intercollegiate Athletic Conference (MIAC),miac,Saint Mary's,"Kettlewell, Emma",Emma,Kettlewell,,612,"Kettlewell, Emma","KETTLEWELL,EMMA",Saint Mary's,SMU,1116-7169,0,0,20,0,20,0,0,0,0,0,0,0,0,0,.00,.00,.00,.000,.000,0,0,0,0,0,0,0,.000,0,0,0,0,.00,.00,.00,.00,0,,00:00,0,.00,.00,,,,,,,,,,,,,,,,,,-1.0607894250147152,225,69
2026-27,wsoc,Minnesota Intercollegiate Athletic Conference (MIAC),miac,Concordia,"Kiley, Briella",Briella,Kiley,,161,"Kiley, Briella","KILEY,BRIELLA",Concordia,CC,0,2,1,8,0,8,0,0,0,0,0,0,0,0,0,.00,.00,.00,.000,.000,0,0,0,0,0,0,0,.000,0,0,0,0,.00,.00,.00,.00,0,,160:00,0,.00,.00,,,,,,,,,,,,,,,,,,-1.0607894250147152,226,69
2026-27,wsoc,Minnesota Intercollegiate Athletic Conference (MIAC),miac,St. Catherine,"King, Charlee",Charlee,King,,597,"King, Charlee","KING,CHARLEE",St. Catherine,SCU,1114-2226,2,1,12,0,12,0,0,0,0,0,0,0,0,0,.00,.00,.00,.000,.000,0,0,0,0,0,0,0,.000,1,0,2,0,.50,1.00,.00,.00,0,,164:00,0,.00,.00,,,,,,,,,,,,,,,,,,-1.0607894250147152,227,69
2026-27,wsoc,Minnesota Intercollegiate Athletic Conference (MIAC),miac,Augsburg,"Korioth, Lauren",Lauren,Korioth,,38,"Korioth, Lauren","KORIOTH,LAUREN",Augsburg,AUG,1103-13564,0,0,1,0,1,0,0,0,0,0,0,0,0,0,.00,.00,.00,.000,.000,0,0,0,0,0,0,0,.000,0,0,0,0,.00,.00,.00,.00,0,,00:00,0,.00,.00,,,,,,,,,,,,,,,,,,-1.0607894250147152,228,68
2026-27,wsoc,Minnesota Intercollegiate Athletic Conference (MIAC),miac,Augsburg,"Kosnick, Mia",Mia,Kosnick,,38,"Kosnick, Mia","KOSNICK,MIA",Augsburg,AUG,1103-13374,1,1,22,0,22,0,0,0,0,0,0,0,0,0,.00,.00,.00,.000,.000,0,0,0,0,0,0,0,.000,0,0,0,0,.00,.00,.00,.00,0,,85:00,0,.00,.00,,,,,,,,,,,,,,,,,,-1.0607894250147152,229,68
2026-27,wsoc,Minnesota Intercollegiate Athletic Conference (MIAC),miac,Bethel,"Kvant, Hannah",Hannah,Kvant,,60,"Kvant, Hannah","KVANT,HANNAH",Bethel,BET,1104-7606,2,2,6,0,6,0,0,0,6,0,0,0,0,0,3.00,.00,.00,.000,.000,0,0,0,0,0,0,0,.000,4,0,0,0,2.00,.00,.00,.00,0,,145:00,0,.00,.00,,,,,,,,,,,,,,,,,,-1.0607894250147152,230,68
2026-27,wsoc,Minnesota Intercollegiate Athletic Conference (MIAC),miac,St. Olaf,"Kvistad, Savannah",Savannah,Kvistad,,615,"Kvistad, Savannah","KVISTAD,SAVANNAH",St. Olaf,STO,1117-5294,2,0,20,0,20,0,0,0,0,0,0,0,0,0,.00,.00,.00,.000,.000,0,0,0,0,0,0,0,.000,1,0,0,0,.50,.00,.00,.00,0,,19:00,0,.00,.00,,,,,,,,,,,,,,,,,,-1.0607894250147152,231,68
2026-27,wsoc,Minnesota Intercollegiate Athletic Conference (MIAC),miac,Carleton,"Lacey, Maya",Maya,Lacey,,118,"Lacey, Maya","LACEY,MAYA",Carleton,CC,1105-1050,1,1,9,0,9,0,0,0,0,0,0,0,0,0,.00,.00,.00,.000,.000,0,0,0,0,0,0,0,.000,1,0,0,0,1.00,.00,.00,.00,0,,80:00,0,.00,.00,,,,,,,,,,,,,,,,,,-1.0607894250147152,232,68
2026-27,wsoc,Minnesota Intercollegiate Athletic Conference (MIAC),miac,St. Scholastica,"Lammi, Kenna",Kenna,Lammi,,618,"Lammi, Kenna","LAMMI,KENNA",St. Scholastica,CSS,1402-7645,0,0,13,0,13,0,0,0,0,0,0,0,0,0,.00,.00,.00,.000,.000,0,0,0,0,0,0,0,.000,0,0,0,0,.00,.00,.00,.00,0,,00:00,0,.00,.00,,,,,,,,,,,,,,,,,,-1.0607894250147152,233,68
2026-27,wsoc,Minnesota Intercollegiate Athletic Conference (MIAC),miac,Hamline,"Larsen, Autumn",Autumn,Larsen,,268,"Larsen, Autumn","LARSEN,AUTUMN",Hamline,HAM,1109-5686,1,0,20,0,20,0,0,0,1,0,0,0,0,0,1.00,.00,.00,.000,.000,0,0,0,0,0,0,0,.000,0,0,0,0,.00,.00,.00,.00,0,,08:00,0,.00,.00,,,,,,,,,,,,,,,,,,-1.0607894250147152,234,68
2026-27,wsoc,Minnesota Intercollegiate Athletic Conference (MIAC),miac,Hamline,"Larson, Allison",Allison,Larson,,268,"Larson, Allison","LARSON,ALLISON",Hamline,HAM,1109-4581,2,0,22,0,22,0,0,0,0,0,0,0,0,0,.00,.00,.00,.000,.000,0,0,0,0,0,0,0,.000,1,0,0,0,.50,.00,.00,.00,0,,57:00,0,.00,.00,,,,,,,,,,,,,,,,,,-1.0607894250147152,235,68
2026-27,wsoc,Minnesota Intercollegiate Athletic Conference (MIAC),miac,Macalester,"LeWin-Mills, Georgia",Georgia,LeWin-Mills,,376,"LeWin-Mills, Georgia","LEWIN-MILLS,GEORGIA",Macalester,MAC,1110-5237,0,0,6,0,6,0,0,0,0,0,0,0,0,0,.00,.00,.00,.000,.000,0,0,0,0,0,0,0,.000,0,0,0,0,.00,.00,.00,.00,0,,00:00,0,.00,.00,,,,,,,,,,,,,,,,,,-1.0607894250147152,236,68
2026-27,wsoc,Minnesota Intercollegiate Athletic Conference (MIAC),miac,Augsburg,"Lee, Amalia",Amalia,Lee,,38,"Lee, Amalia","LEE,AMALIA",Augsburg,AUG,1103-13201,0,0,9,0,9,0,0,0,0,0,0,0,0,0,.00,.00,.00,.000,.000,0,0,0,0,0,0,0,.000,0,0,0,0,.00,.00,.00,.00,0,,00:00,0,.00,.00,,,,,,,,,,,,,,,,,,-1.0607894250147152,237,67
2026-27,wsoc,Minnesota Intercollegiate Athletic Conference (MIAC),miac,Carleton,"Lehman, Sophia",Sophia,Lehman,,118,"Lehman, Sophia","LEHMAN,SOPHIA",Carleton,CC,1105-1191,0,0,00,0,00,0,0,0,0,0,0,0,0,0,.00,.00,.00,.000,.000,0,0,0,0,0,0,0,.000,0,0,0,0,.00,.00,.00,.00,0,,00:00,0,.00,.00,,,,,,,,,,,,,,,,,,-1.0607894250147152,238,67
2026-27,wsoc,Minnesota Intercollegiate Athletic Conference (MIAC),miac,St. Scholastica,"Lemon, Ali",Ali,Lemon,,618,"Lemon, Ali","LEMON,ALI",St. Scholastica,CSS,1402-7460,1,1,12,0,12,0,0,0,0,0,0,0,0,0,.00,.00,.00,.000,.000,0,0,0,0,0,0,0,.000,0,0,0,0,.00,.00,.00,.00,0,,64:00,0,.00,.00,,,,,,,,,,,,,,,,,,-1.0607894250147152,239,67
2026-27,wsoc,Minnesota Intercollegiate Athletic Conference (MIAC),miac,Augsburg,"Levin, Georgia",Georgia,Levin,,38,"Levin, Georgia","LEVIN,GEORGIA",Augsburg,AUG,1103-13565,1,1,2,0,2,0,0,0,0,0,0,0,0,0,.00,.00,.00,.000,.000,0,0,0,0,0,0,0,.000,0,0,0,0,.00,.00,.00,.00,0,,71:00,0,.00,.00,,,,,,,,,,,,,,,,,,-1.0607894250147152,240,67
2026-27,wsoc,Minnesota Intercollegiate Athletic Conference (MIAC),miac,Saint Mary's,"Linders, Cece",Cece,Linders,,612,"Linders, Cece","LINDERS,CECE",Saint Mary's,SMU,1116-7311,0,0,36,0,36,0,0,0,0,0,0,0,0,0,.00,.00,.00,.000,.000,0,0,0,0,0,0,0,.000,0,0,0,0,.00,.00,.00,.00,0,,00:00,0,.00,.00,,,,,,,,,,,,,,,,,,-1.0607894250147152,241,67
2026-27,wsoc,Minnesota Intercollegiate Athletic Conference (MIAC),miac,Hamline,"Lippen, Makenzie",Makenzie,Lippen,,268,"Lippen, Makenzie","LIPPEN,MAKENZIE",Hamline,HAM,1109-5687,1,0,39,0,39,0,0,0,1,0,0,0,0,0,1.00,.00,.00,.000,.000,0,0,0,0,0,0,0,.000,0,0,0,0,.00,.00,.00,.00,0,,47:00,0,.00,.00,,,,,,,,,,,,,,,,,,-1.0607894250147152,242,67
2026-27,wsoc,Minnesota Intercollegiate Athletic Conference (MIAC),miac,Hamline,"Lopez, Athena",Athena,Lopez,,268,"Lopez, Athena","LOPEZ,ATHENA",Hamline,HAM,1109-4484,2,2,2,0,2,0,0,0,1,0,0,0,0,0,.50,.00,.00,.000,.000,0,0,0,0,0,0,0,.000,1,0,0,0,.50,.00,.00,.00,0,,141:00,0,.00,.00,,,,,,,,,,,,,,,,,,-1.0607894250147152,243,67
2026-27,wsoc,Minnesota Intercollegiate Athletic Conference (MIAC),miac,Concordia,"Lowell, Addi",Addi,Lowell,,161,"Lowell, Addi","LOWELL,ADDI",Concordia,CC,0,3,0,27,0,27,0,0,0,0,0,0,0,0,0,.00,.00,.00,.000,.000,0,0,0,0,0,0,0,.000,1,0,0,0,.33,.00,.00,.00,0,,75:00,0,.00,.00,,,,,,,,,,,,,,,,,,-1.0607894250147152,244,67
2026-27,wsoc,Minnesota Intercollegiate Athletic Conference (MIAC),miac,Saint Mary's,"Lucatorto, Avery",Avery,Lucatorto,,612,"Lucatorto, Avery","LUCATORTO,AVERY",Saint Mary's,SMU,1116-7170,0,0,23,0,23,0,0,0,0,0,0,0,0,0,.00,.00,.00,.000,.000,0,0,0,0,0,0,0,.000,0,0,0,0,.00,.00,.00,.00,0,,00:00,0,.00,.00,,,,,,,,,,,,,,,,,,-1.0607894250147152,245,66
2026-27,wsoc,Minnesota Intercollegiate Athletic Conference (MIAC),miac,Carleton,"Mallon, Katherine",Katherine,Mallon,,118,"Mallon, Katherine","MALLON,KATHERINE",Carleton,CC,1105-1252,1,1,35,0,35,0,0,0,0,0,0,0,0,0,.00,.00,.00,.000,.000,0,0,0,0,0,0,0,.000,0,0,0,0,.00,.00,.00,.00,0,,90:00,0,.00,.00,,,,,,,,,,,,,,,,,,-1.0607894250147152,246,66
2026-27,wsoc,Minnesota Intercollegiate Athletic Conference (MIAC),miac,Macalester,"Maroon, Julia",Julia,Maroon,,376,"Maroon, Julia","MAROON,JULIA",Macalester,MAC,1110-5465,1,0,17,0,17,0,0,0,0,0,0,0,0,0,.00,.00,.00,.000,.000,0,0,0,0,0,0,0,.000,0,0,0,0,.00,.00,.00,.00,0,,09:00,0,.00,.00,,,,,,,,,,,,,,,,,,-1.0607894250147152,247,66
2026-27,wsoc,Minnesota Intercollegiate Athletic Conference (MIAC),miac,St. Catherine,"McCorkle, Navaya",Navaya,McCorkle,,597,"McCorkle, Navaya","MCCORKLE,NAVAYA",St. Catherine,SCU,1114-2149,2,0,35,0,35,0,0,0,0,0,0,0,0,0,.00,.00,.00,.000,.000,0,0,0,0,0,0,0,.000,0,0,0,0,.00,.00,.00,.00,0,,18:00,0,.00,.00,,,,,,,,,,,,,,,,,,-1.0607894250147152,248,66
2026-27,wsoc,Minnesota Intercollegiate Athletic Conference (MIAC),miac,St. Scholastica,"McDonald, Civeah",Civeah,McDonald,,618,"McDonald, Civeah","MCDONALD,CIVEAH",St. Scholastica,CSS,1402-7811,1,0,28,0,28,0,0,0,0,0,0,0,0,0,.00,.00,.00,.000,.000,0,0,0,0,0,0,0,.000,0,0,0,0,.00,.00,.00,.00,0,,28:00,0,.00,.00,,,,,,,,,,,,,,,,,,-1.0607894250147152,249,66
2026-27,wsoc,Minnesota Intercollegiate Athletic Conference (MIAC),miac,Macalester,"McGee, Annelise",Annelise,McGee,,376,"McGee, Annelise","MCGEE,ANNELISE",Macalester,MAC,1110-5238,2,1,28,0,28,0,0,0,0,0,0,0,0,0,.00,.00,.00,.000,.000,0,0,0,0,0,0,0,.000,2,0,0,0,1.00,.00,.00,.00,0,,86:00,0,.00,.00,,,,,,,,,,,,,,,,,,-1.0607894250147152,250,66
2026-27,wsoc,Minnesota Intercollegiate Athletic Conference (MIAC),miac,St. Catherine,"McGrath, Katie",Katie,McGrath,,597,"McGrath, Katie","MCGRATH,KATIE",St. Catherine,SCU,1114-2005,2,0,26,0,26,0,0,0,0,0,0,0,0,0,.00,.00,.00,.000,.000,0,0,0,0,0,0,0,.000,0,0,0,0,.00,.00,.00,.00,0,,39:00,0,.00,.00,,,,,,,,,,,,,,,,,,-1.0607894250147152,251,66
2026-27,wsoc,Minnesota Intercollegiate Athletic Conference (MIAC),miac,Concordia,"McKoy, Emma",Emma,McKoy,,161,"McKoy, Emma","MCKOY,EMMA",Concordia,CC,0,0,0,00,0,00,0,0,0,0,0,0,0,0,0,.00,.00,.00,.000,.000,0,0,0,0,0,0,0,.000,0,0,0,0,.00,.00,.00,.00,0,,00:00,0,.00,.00,,,,,,,,,,,,,,,,,,-1.0607894250147152,252,66
2026-27,wsoc,Minnesota Intercollegiate Athletic Conference (MIAC),miac,Hamline,"Miller, Avery",Avery,Miller,,268,"Miller, Avery","MILLER,AVERY",Hamline,HAM,1109-4543,0,0,19,0,19,0,0,0,0,0,0,0,0,0,.00,.00,.00,.000,.000,0,0,0,0,0,0,0,.000,0,0,0,0,.00,.00,.00,.00,0,,00:00,0,.00,.00,,,,,,,,,,,,,,,,,,-1.0607894250147152,253,65
2026-27,wsoc,Minnesota Intercollegiate Athletic Conference (MIAC),miac,St. Catherine,"Miller, Molly",Molly,Miller,,597,"Miller, Molly","MILLER,MOLLY",St. Catherine,SCU,1114-2228,2,0,5,0,5,0,0,0,1,0,0,0,0,0,.50,.00,.00,.000,.000,0,0,0,0,0,0,0,.000,0,0,0,0,.00,.00,.00,.00,0,,82:00,0,.00,.00,,,,,,,,,,,,,,,,,,-1.0607894250147152,254,65
2026-27,wsoc,Minnesota Intercollegiate Athletic Conference (MIAC),miac,Saint Mary's,"Moomaw, Shea",Shea,Moomaw,,612,"Moomaw, Shea","MOOMAW,SHEA",Saint Mary's,SMU,1116-7310,2,0,35,0,35,0,0,0,0,0,0,0,0,0,.00,.00,.00,.000,.000,0,0,0,0,0,0,0,.000,0,0,0,0,.00,.00,.00,.00,0,,28:00,0,.00,.00,,,,,,,,,,,,,,,,,,-1.0607894250147152,255,65
2026-27,wsoc,Minnesota Intercollegiate Athletic Conference (MIAC),miac,Hamline,"Moore, Addyson",Addyson,Moore,,268,"Moore, Addyson","MOORE,ADDYSON",Hamline,HAM,1109-5688,1,0,4,0,4,0,0,0,0,0,0,0,0,0,.00,.00,.00,.000,.000,0,0,0,0,0,0,0,.000,0,0,0,0,.00,.00,.00,.00,0,,03:00,0,.00,.00,,,,,,,,,,,,,,,,,,-1.0607894250147152,256,65
2026-27,wsoc,Minnesota Intercollegiate Athletic Conference (MIAC),miac,Gustavus,"Moore, Josie",Josie,Moore,,266,"Moore, Josie","MOORE,JOSIE",Gustavus,GAC,1108-8646,2,0,12,0,12,0,0,0,0,0,0,0,0,0,.00,.00,.00,.000,.000,0,0,0,0,0,0,0,.000,0,0,0,0,.00,.00,.00,.00,0,,42:00,0,.00,.00,,,,,,,,,,,,,,,,,,-1.0607894250147152,257,65
2026-27,wsoc,Minnesota Intercollegiate Athletic Conference (MIAC),miac,Gustavus,"Moore, Libby",Libby,Moore,,266,"Moore, Libby","MOORE,LIBBY",Gustavus,GAC,1108-8649,3,0,7,0,7,0,0,0,0,0,0,0,0,0,.00,.00,.00,.000,.000,0,0,0,0,0,0,0,.000,0,0,0,0,.00,.00,.00,.00,0,,66:00,0,.00,.00,,,,,,,,,,,,,,,,,,-1.0607894250147152,258,65
2026-27,wsoc,Minnesota Intercollegiate Athletic Conference (MIAC),miac,Augsburg,"Mothes, Anya",Anya,Mothes,,38,"Mothes, Anya","MOTHES,ANYA",Augsburg,AUG,1103-13377,1,0,20,0,20,0,0,0,0,0,0,0,0,0,.00,.00,.00,.000,.000,0,0,0,0,0,0,0,.000,1,0,0,0,1.00,.00,.00,.00,0,,13:00,0,.00,.00,,,,,,,,,,,,,,,,,,-1.0607894250147152,259,65
2026-27,wsoc,Minnesota Intercollegiate Athletic Conference (MIAC),miac,St. Catherine,"Mueller, Maggie",Maggie,Mueller,,597,"Mueller, Maggie","MUELLER,MAGGIE",St. Catherine,SCU,1114-2143,0,0,0,0,0,0,0,0,0,0,0,0,0,0,.00,.00,.00,.000,.000,0,0,0,0,0,0,0,.000,0,0,0,0,.00,.00,.00,.00,0,,00:00,0,.00,.00,,,,,,,,,,,,,,,,,,-1.0607894250147152,260,65
2026-27,wsoc,Minnesota Intercollegiate Athletic Conference (MIAC),miac,Augsburg,"Nachreiner, McKenna",McKenna,Nachreiner,,38,"Nachreiner, McKenna","NACHREINER,MCKENNA",Augsburg,AUG,1103-13024,1,1,16,0,16,0,0,0,0,0,0,0,0,0,.00,.00,.00,.000,.000,0,0,0,0,0,0,0,.000,2,0,0,0,2.00,.00,.00,.00,0,,81:00,0,.00,.00,,,,,,,,,,,,,,,,,,-1.0607894250147152,261,64
2026-27,wsoc,Minnesota Intercollegiate Athletic Conference (MIAC),miac,Saint Mary's,"Nell, Gracie",Gracie,Nell,,612,"Nell, Gracie","NELL,GRACIE",Saint Mary's,SMU,1116-7049,0,0,2,0,2,0,0,0,0,0,0,0,0,0,.00,.00,.00,.000,.000,0,0,0,0,0,0,0,.000,0,0,0,0,.00,.00,.00,.00,0,,00:00,0,.00,.00,,,,,,,,,,,,,,,,,,-1.0607894250147152,262,64
2026-27,wsoc,Minnesota Intercollegiate Athletic Conference (MIAC),miac,Macalester,"Nevo, Timna",Timna,Nevo,,376,"Nevo, Timna","NEVO,TIMNA",Macalester,MAC,1110-5239,1,1,3,0,3,0,0,0,0,0,0,0,0,0,.00,.00,.00,.000,.000,0,0,0,0,0,0,0,.000,0,0,0,0,.00,.00,.00,.00,0,,53:00,0,.00,.00,,,,,,,,,,,,,,,,,,-1.0607894250147152,263,64
2026-27,wsoc,Minnesota Intercollegiate Athletic Conference (MIAC),miac,Saint Mary's,"Newby, Abby",Abby,Newby,,612,"Newby, Abby","NEWBY,ABBY",Saint Mary's,SMU,1116-7054,0,0,18,0,18,0,0,0,0,0,0,0,0,0,.00,.00,.00,.000,.000,0,0,0,0,0,0,0,.000,0,0,0,0,.00,.00,.00,.00,0,,00:00,0,.00,.00,,,,,,,,,,,,,,,,,,-1.0607894250147152,264,64
2026-27,wsoc,Minnesota Intercollegiate Athletic Conference (MIAC),miac,St. Catherine,"Newes, Kylee",Kylee,Newes,,597,"Newes, Kylee","NEWES,KYLEE",St. Catherine,SCU,1114-2004,0,0,11,0,11,0,0,0,0,0,0,0,0,0,.00,.00,.00,.000,.000,0,0,0,0,0,0,0,.000,0,0,0,0,.00,.00,.00,.00,0,,00:00,0,.00,.00,,,,,,,,,,,,,,,,,,-1.0607894250147152,265,64
2026-27,wsoc,Minnesota Intercollegiate Athletic Conference (MIAC),miac,Macalester,"O'Grady, Shaylee",Shaylee,O'Grady,,376,"O'Grady, Shaylee","O'GRADY,SHAYLEE",Macalester,MAC,1110-5337,2,1,35,0,35,0,0,0,0,0,0,0,0,0,.00,.00,.00,.000,.000,0,0,0,0,0,0,0,.000,3,0,0,0,1.50,.00,.00,.00,0,,82:00,0,.00,.00,,,,,,,,,,,,,,,,,,-1.0607894250147152,266,64
2026-27,wsoc,Minnesota Intercollegiate Athletic Conference (MIAC),miac,Macalester,"O'Hagan, Catriona",Catriona,O'Hagan,,376,"O'Hagan, Catriona","O'HAGAN,CATRIONA",Macalester,MAC,1110-5466,0,0,8,0,8,0,0,0,0,0,0,0,0,0,.00,.00,.00,.000,.000,0,0,0,0,0,0,0,.000,0,0,0,0,.00,.00,.00,.00,0,,00:00,0,.00,.00,,,,,,,,,,,,,,,,,,-1.0607894250147152,267,64
2026-27,wsoc,Minnesota Intercollegiate Athletic Conference (MIAC),miac,Bethel,"Oliver, Jessica",Jessica,Oliver,,60,"Oliver, Jessica","OLIVER,JESSICA",Bethel,BET,1104-7607,1,1,2,0,2,0,0,0,2,0,0,0,0,0,2.00,.00,.00,.000,.000,0,0,0,0,0,0,0,.000,0,0,0,0,.00,.00,.00,.00,0,,76:00,0,.00,.00,,,,,,,,,,,,,,,,,,-1.0607894250147152,268,64
2026-27,wsoc,Minnesota Intercollegiate Athletic Conference (MIAC),miac,St. Catherine,"Olson, Emily",Emily,Olson,,597,"Olson, Emily","OLSON,EMILY",St. Catherine,SCU,1114-2082,2,2,14,0,14,0,0,0,2,0,0,0,0,0,1.00,.00,.00,.000,.000,0,0,0,0,0,0,0,.000,0,0,0,0,.00,.00,.00,.00,0,,131:00,0,.00,.00,,,,,,,,,,,,,,,,,,-1.0607894250147152,269,63
2026-27,wsoc,Minnesota Intercollegiate Athletic Conference (MIAC),miac,St. Catherine,"Owens, Ali",Ali,Owens,,597,"Owens, Ali","OWENS,ALI",St. Catherine,SCU,1114-2009,2,2,4,0,4,0,0,0,2,0,0,0,0,0,1.00,.00,.00,.000,.000,0,0,0,0,0,0,0,.000,0,0,0,0,.00,.00,.00,.00,0,,164:00,0,.00,.00,,,,,,,,,,,,,,,,,,-1.0607894250147152,270,63
2026-27,wsoc,Minnesota Intercollegiate Athletic Conference (MIAC),miac,Macalester,"Palmer, Eliza",Eliza,Palmer,,376,"Palmer, Eliza","PALMER,ELIZA",Macalester,MAC,1110-5338,1,0,19,0,19,0,0,0,0,0,0,0,0,0,.00,.00,.00,.000,.000,0,0,0,0,0,0,0,.000,0,0,0,0,.00,.00,.00,.00,0,,06:00,0,.00,.00,,,,,,,,,,,,,,,,,,-1.0607894250147152,271,63
2026-27,wsoc,Minnesota Intercollegiate Athletic Conference (MIAC),miac,Saint Benedict,"Paloranta, Abby",Abby,Paloranta,,595,"Paloranta, Abby","PALORANTA,ABBY",Saint Benedict,CSB,1111-8510,3,0,9,0,9,0,0,0,0,0,0,0,0,0,.00,.00,.00,.000,.000,0,0,0,0,0,0,0,.000,1,0,0,0,.33,.00,.00,.00,0,,86:00,0,.00,.00,,,,,,,,,,,,,,,,,,-1.0607894250147152,272,63
2026-27,wsoc,Minnesota Intercollegiate Athletic Conference (MIAC),miac,Macalester,"Pastan, Lily",Lily,Pastan,,376,"Pastan, Lily","PASTAN,LILY",Macalester,MAC,1110-5579,1,0,37,0,37,0,0,0,0,0,0,0,0,0,.00,.00,.00,.000,.000,0,0,0,0,0,0,0,.000,0,0,0,0,.00,.00,.00,.00,0,,18:00,0,.00,.00,,,,,,,,,,,,,,,,,,-1.0607894250147152,273,63
2026-27,wsoc,Minnesota Intercollegiate Athletic Conference (MIAC),miac,Bethel,"Patenaude, Eva",Eva,Patenaude,,60,"Patenaude, Eva","PATENAUDE,EVA",Bethel,BET,1104-7609,2,1,14,0,14,0,0,0,0,0,0,0,0,0,.00,.00,.00,.000,.000,0,0,0,0,0,0,0,.000,1,0,0,0,.50,.00,.00,.00,0,,86:00,0,.00,.00,,,,,,,,,,,,,,,,,,-1.0607894250147152,274,63
2026-27,wsoc,Minnesota Intercollegiate Athletic Conference (MIAC),miac,St. Scholastica,"Patrick, Chloe",Chloe,Patrick,,618,"Patrick, Chloe","PATRICK,CHLOE",St. Scholastica,CSS,1402-7815,0,0,35,0,35,0,0,0,0,0,0,0,0,0,.00,.00,.00,.000,.000,0,0,0,0,0,0,0,.000,0,0,0,0,.00,.00,.00,.00,0,,00:00,0,.00,.00,,,,,,,,,,,,,,,,,,-1.0607894250147152,275,63
2026-27,wsoc,Minnesota Intercollegiate Athletic Conference (MIAC),miac,Hamline,"Paumen, Morgan",Morgan,Paumen,,268,"Paumen, Morgan","PAUMEN,MORGAN",Hamline,HAM,1109-4487,1,0,32,0,32,0,0,0,0,0,0,0,0,0,.00,.00,.00,.000,.000,0,0,0,0,0,0,0,.000,0,0,0,0,.00,.00,.00,.00,0,,03:00,0,.00,.00,,,,,,,,,,,,,,,,,,-1.0607894250147152,276,63
2026-27,wsoc,Minnesota Intercollegiate Athletic Conference (MIAC),miac,St. Olaf,"Payne, Ashley",Ashley,Payne,,615,"Payne, Ashley","PAYNE,ASHLEY",St. Olaf,STO,1117-5504,3,3,12,0,12,0,0,0,0,0,0,0,0,0,.00,.00,.00,.000,.000,0,0,0,0,0,0,0,.000,1,0,0,0,.33,.00,.00,.00,0,,270:00,0,.00,.00,,,,,,,,,,,,,,,,,,-1.0607894250147152,277,62
2026-27,wsoc,Minnesota Intercollegiate Athletic Conference (MIAC),miac,Carleton,"Pennell, Isabella",Isabella,Pennell,,118,"Pennell, Isabella","PENNELL,ISABELLA",Carleton,CC,1105-1192,0,0,7,0,7,0,0,0,0,0,0,0,0,0,.00,.00,.00,.000,.000,0,0,0,0,0,0,0,.000,0,0,0,0,.00,.00,.00,.00,0,,00:00,0,.00,.00,,,,,,,,,,,,,,,,,,-1.0607894250147152,278,62
2026-27,wsoc,Minnesota Intercollegiate Athletic Conference (MIAC),miac,Bethel,"Peterson, Annika",Annika,Peterson,,60,"Peterson, Annika","PETERSON,ANNIKA",Bethel,BET,1104-8183,2,0,26,0,26,0,0,0,0,0,0,0,0,0,.00,.00,.00,.000,.000,0,0,0,0,0,0,0,.000,0,0,0,0,.00,.00,.00,.00,0,,11:00,0,.00,.00,,,,,,,,,,,,,,,,,,-1.0607894250147152,279,62
2026-27,wsoc,Minnesota Intercollegiate Athletic Conference (MIAC),miac,Bethel,"Petronack, Brook",Brook,Petronack,,60,"Petronack, Brook","PETRONACK,BROOK",Bethel,BET,1104-8184,2,0,30,0,30,0,0,0,0,0,0,0,0,0,.00,.00,.00,.000,.000,0,0,0,0,0,0,0,.000,0,0,0,0,.00,.00,.00,.00,0,,83:00,0,.00,.00,,,,,,,,,,,,,,,,,,-1.0607894250147152,280,62
2026-27,wsoc,Minnesota Intercollegiate Athletic Conference (MIAC),miac,Saint Benedict,"Petschel, Lucy",Lucy,Petschel,,595,"Petschel, Lucy","PETSCHEL,LUCY",Saint Benedict,CSB,0,0,0,98,0,98,0,0,0,0,0,0,0,0,0,.00,.00,.00,.000,.000,0,0,0,0,0,0,0,.000,0,0,0,0,.00,.00,.00,.00,0,,00:00,0,.00,.00,,,,,,,,,,,,,,,,,,-1.0607894250147152,281,62
2026-27,wsoc,Minnesota Intercollegiate Athletic Conference (MIAC),miac,Hamline,"Poulakos, Alyssa",Alyssa,Poulakos,,268,"Poulakos, Alyssa","POULAKOS,ALYSSA",Hamline,HAM,1109-4343,1,0,29,0,29,0,0,0,0,0,0,0,0,0,.00,.00,.00,.000,.000,0,0,0,0,0,0,0,.000,0,0,0,0,.00,.00,.00,.00,0,,03:00,0,.00,.00,,,,,,,,,,,,,,,,,,-1.0607894250147152,282,62
2026-27,wsoc,Minnesota Intercollegiate Athletic Conference (MIAC),miac,Saint Mary's,"Pray, Kaylen",Kaylen,Pray,,612,"Pray, Kaylen","PRAY,KAYLEN",Saint Mary's,SMU,1116-6920,2,2,8,0,8,0,0,0,1,0,0,0,0,0,.50,.00,.00,.000,.000,0,0,0,0,0,0,0,.000,2,0,0,0,1.00,.00,.00,.00,0,,142:00,0,.00,.00,,,,,,,,,,,,,,,,,,-1.0607894250147152,283,62
2026-27,wsoc,Minnesota Intercollegiate Athletic Conference (MIAC),miac,St. Scholastica,"Prenier, Celia",Celia,Prenier,,618,"Prenier, Celia","PRENIER,CELIA",St. Scholastica,CSS,1402-7649,1,0,27,0,27,0,0,0,0,0,0,0,0,0,.00,.00,.00,.000,.000,0,0,0,0,0,0,0,.000,0,0,0,0,.00,.00,.00,.00,0,,40:00,0,.00,.00,,,,,,,,,,,,,,,,,,-1.0607894250147152,284,62
2026-27,wsoc,Minnesota Intercollegiate Athletic Conference (MIAC),miac,Macalester,"Preston, Reese",Reese,Preston,,376,"Preston, Reese","PRESTON,REESE",Macalester,MAC,1110-5339,2,1,14,0,14,0,0,0,0,0,0,0,0,0,.00,.00,.00,.000,.000,0,0,0,0,0,0,0,.000,1,0,0,0,.50,.00,.00,.00,0,,93:00,0,.00,.00,,,,,,,,,,,,,,,,,,-1.0607894250147152,285,61
2026-27,wsoc,Minnesota Intercollegiate Athletic Conference (MIAC),miac,St. Scholastica,"Randa, Jordyn",Jordyn,Randa,,618,"Randa, Jordyn","RANDA,JORDYN",St. Scholastica,CSS,1402-7472,1,1,16,0,16,0,0,0,0,0,0,0,0,0,.00,.00,.00,.000,.000,0,0,0,0,0,0,0,.000,0,0,0,0,.00,.00,.00,.00,0,,74:00,0,.00,.00,,,,,,,,,,,,,,,,,,-1.0607894250147152,286,61
2026-27,wsoc,Minnesota Intercollegiate Athletic Conference (MIAC),miac,Gustavus,"Reierson, Ava",Ava,Reierson,,266,"Reierson, Ava","REIERSON,AVA",Gustavus,GAC,1108-8647,3,0,28,0,28,0,0,0,1,0,0,0,0,0,.33,.00,.00,.000,.000,0,0,0,0,0,0,0,.000,3,0,0,0,1.00,.00,.00,.00,0,,88:00,0,.00,.00,,,,,,,,,,,,,,,,,,-1.0607894250147152,287,61
2026-27,wsoc,Minnesota Intercollegiate Athletic Conference (MIAC),miac,St. Scholastica,"Rennan, Arna",Arna,Rennan,,618,"Rennan, Arna","RENNAN,ARNA",St. Scholastica,CSS,1402-7461,0,0,23,0,23,0,0,0,0,0,0,0,0,0,.00,.00,.00,.000,.000,0,0,0,0,0,0,0,.000,0,0,0,0,.00,.00,.00,.00,0,,00:00,0,.00,.00,,,,,,,,,,,,,,,,,,-1.0607894250147152,288,61
2026-27,wsoc,Minnesota Intercollegiate Athletic Conference (MIAC),miac,Hamline,"Rice, Mya",Mya,Rice,,268,"Rice, Mya","RICE,MYA",Hamline,HAM,1109-5689,1,0,25,0,25,0,0,0,1,0,0,0,0,0,1.00,.00,.00,.000,.000,0,0,0,0,0,0,0,.000,0,0,0,0,.00,.00,.00,.00,0,,18:00,0,.00,.00,,,,,,,,,,,,,,,,,,-1.0607894250147152,289,61
2026-27,wsoc,Minnesota Intercollegiate Athletic Conference (MIAC),miac,Saint Mary's,"Ringland, Sarah",Sarah,Ringland,,612,"Ringland, Sarah","RINGLAND,SARAH",Saint Mary's,SMU,1116-7172,0,0,41,0,41,0,0,0,0,0,0,0,0,0,.00,.00,.00,.000,.000,0,0,0,0,0,0,0,.000,0,0,0,0,.00,.00,.00,.00,0,,00:00,0,.00,.00,,,,,,,,,,,,,,,,,,-1.0607894250147152,290,61
2026-27,wsoc,Minnesota Intercollegiate Athletic Conference (MIAC),miac,St. Catherine,"Rodriquez, Iris",Iris,Rodriquez,,597,"Rodriquez, Iris","RODRIQUEZ,IRIS",St. Catherine,SCU,0,0,0,31,0,31,0,0,0,0,0,0,0,0,0,.00,.00,.00,.000,.000,0,0,0,0,0,0,0,.000,0,0,0,0,.00,.00,.00,.00,0,,00:00,0,.00,.00,,,,,,,,,,,,,,,,,,-1.0607894250147152,291,61
2026-27,wsoc,Minnesota Intercollegiate Athletic Conference (MIAC),miac,Macalester,"Rowe, Jane",Jane,Rowe,,376,"Rowe, Jane","ROWE,JANE",Macalester,MAC,1110-5580,1,0,32,0,32,0,0,0,0,0,0,0,0,0,.00,.00,.00,.000,.000,0,0,0,0,0,0,0,.000,0,0,0,0,.00,.00,.00,.00,0,,24:00,0,.00,.00,,,,,,,,,,,,,,,,,,-1.0607894250147152,292,61
2026-27,wsoc,Minnesota Intercollegiate Athletic Conference (MIAC),miac,Carleton,"Roy, Disha",Disha,Roy,,118,"Roy, Disha","ROY,DISHA",Carleton,CC,1105-1193,1,0,10,0,10,0,0,0,0,0,0,0,0,0,.00,.00,.00,.000,.000,0,0,0,0,0,0,0,.000,1,0,0,0,1.00,.00,.00,.00,0,,12:00,0,.00,.00,,,,,,,,,,,,,,,,,,-1.0607894250147152,293,60
2026-27,wsoc,Minnesota Intercollegiate Athletic Conference (MIAC),miac,Bethel,"Rundell, Eleanor",Eleanor,Rundell,,60,"Rundell, Eleanor","RUNDELL,ELEANOR",Bethel,BET,1104-7941,2,2,22,0,22,0,0,0,2,0,0,0,0,0,1.00,.00,.00,.000,.000,0,0,0,0,0,0,0,.000,1,0,0,0,.50,.00,.00,.00,0,,180:00,0,.00,.00,,,,,,,,,,,,,,,,,,-1.0607894250147152,294,60
2026-27,wsoc,Minnesota Intercollegiate Athletic Conference (MIAC),miac,St. Olaf,"Rundle, Roxanne",Roxanne,Rundle,,615,"Rundle, Roxanne","RUNDLE,ROXANNE",St. Olaf,STO,1117-5142,2,1,8,0,8,0,0,0,1,0,0,0,0,0,.50,.00,.00,.000,.000,0,0,0,0,0,0,0,.000,1,0,0,0,.50,.00,.00,.00,0,,47:00,0,.00,.00,,,,,,,,,,,,,,,,,,-1.0607894250147152,295,60
2026-27,wsoc,Minnesota Intercollegiate Athletic Conference (MIAC),miac,Saint Mary's,"Rupnow, Alexa",Alexa,Rupnow,,612,"Rupnow, Alexa","RUPNOW,ALEXA",Saint Mary's,SMU,1116-7314,2,0,39,0,39,0,0,0,0,0,0,0,0,0,.00,.00,.00,.000,.000,0,0,0,0,0,0,0,.000,0,0,0,0,.00,.00,.00,.00,0,,54:00,0,.00,.00,,,,,,,,,,,,,,,,,,-1.0607894250147152,296,60
2026-27,wsoc,Minnesota Intercollegiate Athletic Conference (MIAC),miac,Bethel,"Rupp, Elisabeth",Elisabeth,Rupp,,60,"Rupp, Elisabeth","RUPP,ELISABETH",Bethel,BET,1104-7942,2,0,15,0,15,0,0,0,1,0,0,0,0,0,.50,.00,.00,.000,.000,0,0,0,0,0,0,0,.000,1,0,0,0,.50,.00,.00,.00,0,,99:00,0,.00,.00,,,,,,,,,,,,,,,,,,-1.0607894250147152,297,60
2026-27,wsoc,Minnesota Intercollegiate Athletic Conference (MIAC),miac,Hamline,"Russell, Sarah",Sarah,Russell,,268,"Russell, Sarah","RUSSELL,SARAH",Hamline,HAM,1109-4494,0,0,0,0,0,0,0,0,0,0,0,0,0,0,.00,.00,.00,.000,.000,0,0,0,0,0,0,0,.000,0,0,0,0,.00,.00,.00,.00,0,,00:00,0,.00,.00,,,,,,,,,,,,,,,,,,-1.0607894250147152,298,60
2026-27,wsoc,Minnesota Intercollegiate Athletic Conference (MIAC),miac,Saint Mary's,"Saamanen, Jossy",Jossy,Saamanen,,612,"Saamanen, Jossy","SAAMANEN,JOSSY",Saint Mary's,SMU,1116-7168,2,2,15,0,15,0,0,0,0,0,0,0,0,0,.00,.00,.00,.000,.000,0,0,0,0,0,0,0,.000,0,0,0,0,.00,.00,.00,.00,0,,147:00,0,.00,.00,,,,,,,,,,,,,,,,,,-1.0607894250147152,299,60
2026-27,wsoc,Minnesota Intercollegiate Athletic Conference (MIAC),miac,Augsburg,"Sanchez Salazar, Natrizkol",Natrizkol,Sanchez Salazar,,38,"Sanchez Salazar, Natrizkol","SANCHEZ SALAZAR,NATRIZKOL",Augsburg,AUG,1103-13566,0,0,11,0,11,0,0,0,0,0,0,0,0,0,.00,.00,.00,.000,.000,0,0,0,0,0,0,0,.000,0,0,0,0,.00,.00,.00,.00,0,,00:00,0,.00,.00,,,,,,,,,,,,,,,,,,-1.0607894250147152,300,60
2026-27,wsoc,Minnesota Intercollegiate Athletic Conference (MIAC),miac,St. Olaf,"Scheider, Annalynn",Annalynn,Scheider,,615,"Scheider, Annalynn","SCHEIDER,ANNALYNN",St. Olaf,STO,1117-5712,3,3,16,0,16,0,0,0,0,0,0,0,0,0,.00,.00,.00,.000,.000,0,0,0,0,0,0,0,.000,0,0,0,0,.00,.00,.00,.00,0,,214:00,0,.00,.00,,,,,,,,,,,,,,,,,,-1.0607894250147152,301,59
2026-27,wsoc,Minnesota Intercollegiate Athletic Conference (MIAC),miac,St. Scholastica,"Schinigoi, Gianna",Gianna,Schinigoi,,618,"Schinigoi, Gianna","SCHINIGOI,GIANNA",St. Scholastica,CSS,1402-7810,0,0,26,0,26,0,0,0,0,0,0,0,0,0,.00,.00,.00,.000,.000,0,0,0,0,0,0,0,.000,0,0,0,0,.00,.00,.00,.00,0,,00:00,0,.00,.00,,,,,,,,,,,,,,,,,,-1.0607894250147152,302,59
2026-27,wsoc,Minnesota Intercollegiate Athletic Conference (MIAC),miac,Augsburg,"Schmidt, Piper",Piper,Schmidt,,38,"Schmidt, Piper","SCHMIDT,PIPER",Augsburg,AUG,1103-13567,1,0,13,0,13,0,0,0,0,0,0,0,0,0,.00,.00,.00,.000,.000,0,0,0,0,0,0,0,.000,2,0,0,0,2.00,.00,.00,.00,0,,48:00,0,.00,.00,,,,,,,,,,,,,,,,,,-1.0607894250147152,303,59
2026-27,wsoc,Minnesota Intercollegiate Athletic Conference (MIAC),miac,Hamline,"Schneider, Alexi",Alexi,Schneider,,268,"Schneider, Alexi","SCHNEIDER,ALEXI",Hamline,HAM,1109-4470,2,0,6,0,6,0,0,0,0,0,0,0,0,0,.00,.00,.00,.000,.000,0,0,0,0,0,0,0,.000,0,0,0,0,.00,.00,.00,.00,0,,60:00,0,.00,.00,,,,,,,,,,,,,,,,,,-1.0607894250147152,304,59
2026-27,wsoc,Minnesota Intercollegiate Athletic Conference (MIAC),miac,St. Scholastica,"Schneider, Bayley",Bayley,Schneider,,618,"Schneider, Bayley","SCHNEIDER,BAYLEY",St. Scholastica,CSS,1402-7812,0,0,29,0,29,0,0,0,0,0,0,0,0,0,.00,.00,.00,.000,.000,0,0,0,0,0,0,0,.000,0,0,0,0,.00,.00,.00,.00,0,,00:00,0,.00,.00,,,,,,,,,,,,,,,,,,-1.0607894250147152,305,59
2026-27,wsoc,Minnesota Intercollegiate Athletic Conference (MIAC),miac,Carleton,"Schuh, Haven",Haven,Schuh,,118,"Schuh, Haven","SCHUH,HAVEN",Carleton,CC,1105-1389,1,0,21,0,21,0,0,0,0,0,0,0,0,0,.00,.00,.00,.000,.000,0,0,0,0,0,0,0,.000,0,0,0,0,.00,.00,.00,.00,0,,42:00,0,.00,.00,,,,,,,,,,,,,,,,,,-1.0607894250147152,306,59
2026-27,wsoc,Minnesota Intercollegiate Athletic Conference (MIAC),miac,St. Scholastica,"Seals, Sophia",Sophia,Seals,,618,"Seals, Sophia","SEALS,SOPHIA",St. Scholastica,CSS,1402-7646,1,0,30,0,30,0,0,0,0,0,0,0,0,0,.00,.00,.00,.000,.000,0,0,0,0,0,0,0,.000,0,0,0,0,.00,.00,.00,.00,0,,09:00,0,.00,.00,,,,,,,,,,,,,,,,,,-1.0607894250147152,307,59
2026-27,wsoc,Minnesota Intercollegiate Athletic Conference (MIAC),miac,Hamline,"Senzamici, Paige",Paige,Senzamici,,268,"Senzamici, Paige","SENZAMICI,PAIGE",Hamline,HAM,1109-5690,1,0,8,0,8,0,0,0,0,0,0,0,0,0,.00,.00,.00,.000,.000,0,0,0,0,0,0,0,.000,0,0,0,0,.00,.00,.00,.00,0,,03:00,0,.00,.00,,,,,,,,,,,,,,,,,,-1.0607894250147152,308,59
2026-27,wsoc,Minnesota Intercollegiate Athletic Conference (MIAC),miac,Saint Mary's,"Serafin, Sofia",Sofia,Serafin,,612,"Serafin, Sofia","SERAFIN,SOFIA",Saint Mary's,SMU,1116-7302,1,0,13,0,13,0,0,0,0,0,0,0,0,0,.00,.00,.00,.000,.000,0,0,0,0,0,0,0,.000,0,0,0,0,.00,.00,.00,.00,0,,17:00,0,.00,.00,,,,,,,,,,,,,,,,,,-1.0607894250147152,309,59
2026-27,wsoc,Minnesota Intercollegiate Athletic Conference (MIAC),miac,St. Scholastica,"Sershon, Jordyn",Jordyn,Sershon,,618,"Sershon, Jordyn","SERSHON,JORDYN",St. Scholastica,CSS,1402-7643,1,0,10,0,10,0,0,0,0,0,0,0,0,0,.00,.00,.00,.000,.000,0,0,0,0,0,0,0,.000,0,0,0,0,.00,.00,.00,.00,0,,20:00,0,.00,.00,,,,,,,,,,,,,,,,,,-1.0607894250147152,310,58
2026-27,wsoc,Minnesota Intercollegiate Athletic Conference (MIAC),miac,Hamline,"Shoholm, Anikka",Anikka,Shoholm,,268,"Shoholm, Anikka","SHOHOLM,ANIKKA",Hamline,HAM,1109-4291,1,0,21,0,21,0,0,0,0,0,0,0,0,0,.00,.00,.00,.000,.000,0,0,0,0,0,0,0,.000,0,0,0,0,.00,.00,.00,.00,0,,11:00,0,.00,.00,,,,,,,,,,,,,,,,,,-1.0607894250147152,311,58
2026-27,wsoc,Minnesota Intercollegiate Athletic Conference (MIAC),miac,Carleton,"Shure, Lily",Lily,Shure,,118,"Shure, Lily","SHURE,LILY",Carleton,CC,1105-1052,1,1,5,0,5,0,0,0,1,0,0,0,0,0,1.00,.00,.00,.000,.000,0,0,0,0,0,0,0,.000,1,0,0,0,1.00,.00,.00,.00,0,,83:00,0,.00,.00,,,,,,,,,,,,,,,,,,-1.0607894250147152,312,58
2026-27,wsoc,Minnesota Intercollegiate Athletic Conference (MIAC),miac,Bethel,"Sievert, Taylor",Taylor,Sievert,,60,"Sievert, Taylor","SIEVERT,TAYLOR",Bethel,BET,1104-7610,2,2,19,0,19,0,0,0,0,0,0,0,0,0,.00,.00,.00,.000,.000,0,0,0,0,0,0,0,.000,1,0,0,0,.50,.00,.00,.00,0,,180:00,0,.00,.00,,,,,,,,,,,,,,,,,,-1.0607894250147152,313,58
2026-27,wsoc,Minnesota Intercollegiate Athletic Conference (MIAC),miac,Hamline,"Silva, Mia",Mia,Silva,,268,"Silva, Mia","SILVA,MIA",Hamline,HAM,1109-4606,1,0,26,0,26,0,0,0,0,0,0,0,0,0,.00,.00,.00,.000,.000,0,0,0,0,0,0,0,.000,0,0,0,0,.00,.00,.00,.00,0,,14:00,0,.00,.00,,,,,,,,,,,,,,,,,,-1.0607894250147152,314,58
2026-27,wsoc,Minnesota Intercollegiate Athletic Conference (MIAC),miac,Carleton,"Silver, Zoe",Zoe,Silver,,118,"Silver, Zoe","SILVER,ZOE",Carleton,CC,1105-1390,1,0,12,0,12,0,0,0,0,0,0,0,0,0,.00,.00,.00,.000,.000,0,0,0,0,0,0,0,.000,0,0,0,0,.00,.00,.00,.00,0,,53:00,0,.00,.00,,,,,,,,,,,,,,,,,,-1.0607894250147152,315,58
2026-27,wsoc,Minnesota Intercollegiate Athletic Conference (MIAC),miac,Saint Benedict,"Simmons, Autumn",Autumn,Simmons,,595,"Simmons, Autumn","SIMMONS,AUTUMN",Saint Benedict,CSB,1111-8739,3,0,3,0,3,0,0,0,0,0,0,0,0,0,.00,.00,.00,.000,.000,0,0,0,0,0,0,0,.000,2,0,0,0,.67,.00,.00,.00,0,,111:00,0,.00,.00,,,,,,,,,,,,,,,,,,-1.0607894250147152,316,58
2026-27,wsoc,Minnesota Intercollegiate Athletic Conference (MIAC),miac,Macalester,"Small, Eliza",Eliza,Small,,376,"Small, Eliza","SMALL,ELIZA",Macalester,MAC,1110-5468,1,0,29,0,29,0,0,0,0,0,0,0,0,0,.00,.00,.00,.000,.000,0,0,0,0,0,0,0,.000,0,0,0,0,.00,.00,.00,.00,0,,06:00,0,.00,.00,,,,,,,,,,,,,,,,,,-1.0607894250147152,317,58
2026-27,wsoc,Minnesota Intercollegiate Athletic Conference (MIAC),miac,Saint Mary's,"Smiley, Lily",Lily,Smiley,,612,"Smiley, Lily","SMILEY,LILY",Saint Mary's,SMU,1116-7308,1,0,33,0,33,0,0,0,0,0,0,0,0,0,.00,.00,.00,.000,.000,0,0,0,0,0,0,0,.000,0,0,0,0,.00,.00,.00,.00,0,,12:00,0,.00,.00,,,,,,,,,,,,,,,,,,-1.0607894250147152,318,57
2026-27,wsoc,Minnesota Intercollegiate Athletic Conference (MIAC),miac,St. Scholastica,"Smith, Kailey",Kailey,Smith,,618,"Smith, Kailey","SMITH,KAILEY",St. Scholastica,CSS,1402-7640,0,0,3,0,3,0,0,0,0,0,0,0,0,0,.00,.00,.00,.000,.000,0,0,0,0,0,0,0,.000,0,0,0,0,.00,.00,.00,.00,0,,00:00,0,.00,.00,,,,,,,,,,,,,,,,,,-1.0607894250147152,319,57
2026-27,wsoc,Minnesota Intercollegiate Athletic Conference (MIAC),miac,Saint Mary's,"Smith, Macava",Macava,Smith,,612,"Smith, Macava","SMITH,MACAVA",Saint Mary's,SMU,1116-6916,0,0,26,0,26,0,0,0,0,0,0,0,0,0,.00,.00,.00,.000,.000,0,0,0,0,0,0,0,.000,0,0,0,0,.00,.00,.00,.00,0,,00:00,0,.00,.00,,,,,,,,,,,,,,,,,,-1.0607894250147152,320,57
2026-27,wsoc,Minnesota Intercollegiate Athletic Conference (MIAC),miac,Saint Benedict,"Smith, Olivia",Olivia,Smith,,595,"Smith, Olivia","SMITH,OLIVIA",Saint Benedict,CSB,1111-8038,3,0,23,0,23,0,0,0,0,0,0,0,0,0,.00,.00,.00,.000,.000,0,0,0,0,0,0,0,.000,0,0,0,0,.00,.00,.00,.00,0,,37:00,0,.00,.00,,,,,,,,,,,,,,,,,,-1.0607894250147152,321,57
2026-27,wsoc,Minnesota Intercollegiate Athletic Conference (MIAC),miac,St. Catherine,"Snortum, Elyse",Elyse,Snortum,,597,"Snortum, Elyse","SNORTUM,ELYSE",St. Catherine,SCU,1114-2081,2,0,33,0,33,0,0,0,0,0,0,0,0,0,.00,.00,.00,.000,.000,0,0,0,0,0,0,0,.000,2,0,0,0,1.00,.00,.00,.00,0,,79:00,0,.00,.00,,,,,,,,,,,,,,,,,,-1.0607894250147152,322,57
2026-27,wsoc,Minnesota Intercollegiate Athletic Conference (MIAC),miac,Saint Benedict,"Soli, Avery",Avery,Soli,,595,"Soli, Avery","SOLI,AVERY",Saint Benedict,CSB,1111-8039,1,1,24,0,24,0,0,0,0,0,0,0,0,0,.00,.00,.00,.000,.000,0,0,0,0,0,0,0,.000,0,0,0,0,.00,.00,.00,.00,0,,33:00,0,.00,.00,,,,,,,,,,,,,,,,,,-1.0607894250147152,323,57
2026-27,wsoc,Minnesota Intercollegiate Athletic Conference (MIAC),miac,St. Olaf,"Spoerke, Lily",Lily,Spoerke,,615,"Spoerke, Lily","SPOERKE,LILY",St. Olaf,STO,1117-5287,0,0,00,0,00,0,0,0,0,0,0,0,0,0,.00,.00,.00,.000,.000,0,0,0,0,0,0,0,.000,0,0,0,0,.00,.00,.00,.00,0,,00:00,0,.00,.00,,,,,,,,,,,,,,,,,,-1.0607894250147152,324,57
2026-27,wsoc,Minnesota Intercollegiate Athletic Conference (MIAC),miac,Saint Mary's,"Stanoch, Janielle",Janielle,Stanoch,,612,"Stanoch, Janielle","STANOCH,JANIELLE",Saint Mary's,SMU,1116-6913,0,0,12,0,12,0,0,0,0,0,0,0,0,0,.00,.00,.00,.000,.000,0,0,0,0,0,0,0,.000,0,0,0,0,.00,.00,.00,.00,0,,00:00,0,.00,.00,,,,,,,,,,,,,,,,,,-1.0607894250147152,325,57
2026-27,wsoc,Minnesota Intercollegiate Athletic Conference (MIAC),miac,Macalester,"Steele, Karyna",Karyna,Steele,,376,"Steele, Karyna","STEELE,KARYNA",Macalester,MAC,1110-5241,2,0,24,0,24,0,0,0,0,0,0,0,0,0,.00,.00,.00,.000,.000,0,0,0,0,0,0,0,.000,0,0,0,0,.00,.00,.00,.00,0,,34:00,0,.00,.00,,,,,,,,,,,,,,,,,,-1.0607894250147152,326,56
2026-27,wsoc,Minnesota Intercollegiate Athletic Conference (MIAC),miac,Carleton,"Stern, Caroline",Caroline,Stern,,118,"Stern, Caroline","STERN,CAROLINE",Carleton,CC,1105-1391,0,0,99,0,99,0,0,0,0,0,0,0,0,0,.00,.00,.00,.000,.000,0,0,0,0,0,0,0,.000,0,0,0,0,.00,.00,.00,.00,0,,00:00,0,.00,.00,,,,,,,,,,,,,,,,,,-1.0607894250147152,327,56
2026-27,wsoc,Minnesota Intercollegiate Athletic Conference (MIAC),miac,Saint Mary's,"Sticha, Naomi",Naomi,Sticha,,612,"Sticha, Naomi","STICHA,NAOMI",Saint Mary's,SMU,1116-7317,0,0,24,0,24,0,0,0,0,0,0,0,0,0,.00,.00,.00,.000,.000,0,0,0,0,0,0,0,.000,0,0,0,0,.00,.00,.00,.00,0,,00:00,0,.00,.00,,,,,,,,,,,,,,,,,,-1.0607894250147152,328,56
2026-27,wsoc,Minnesota Intercollegiate Athletic Conference (MIAC),miac,Hamline,"Stout, Khalil",Khalil,Stout,,268,"Stout, Khalil","STOUT,KHALIL",Hamline,HAM,1109-5691,1,0,28,0,28,0,0,0,0,0,0,0,0,0,.00,.00,.00,.000,.000,0,0,0,0,0,0,0,.000,0,0,0,0,.00,.00,.00,.00,0,,18:00,0,.00,.00,,,,,,,,,,,,,,,,,,-1.0607894250147152,329,56
2026-27,wsoc,Minnesota Intercollegiate Athletic Conference (MIAC),miac,St. Scholastica,"Strand, Bethany",Bethany,Strand,,618,"Strand, Bethany","STRAND,BETHANY",St. Scholastica,CSS,1402-7650,1,0,6,0,6,0,0,0,0,0,0,0,0,0,.00,.00,.00,.000,.000,0,0,0,0,0,0,0,.000,2,0,1,0,2.00,1.00,.00,.00,0,,44:00,0,.00,.00,,,,,,,,,,,,,,,,,,-1.0607894250147152,330,56
2026-27,wsoc,Minnesota Intercollegiate Athletic Conference (MIAC),miac,Carleton,"Sturgill, Haley",Haley,Sturgill,,118,"Sturgill, Haley","STURGILL,HALEY",Carleton,CC,1105-1194,0,0,25,0,25,0,0,0,0,0,0,0,0,0,.00,.00,.00,.000,.000,0,0,0,0,0,0,0,.000,0,0,0,0,.00,.00,.00,.00,0,,00:00,0,.00,.00,,,,,,,,,,,,,,,,,,-1.0607894250147152,331,56
2026-27,wsoc,Minnesota Intercollegiate Athletic Conference (MIAC),miac,Augsburg,"Sussman, Charlotte",Charlotte,Sussman,,38,"Sussman, Charlotte","SUSSMAN,CHARLOTTE",Augsburg,AUG,1103-13568,1,1,4,0,4,0,0,0,1,0,0,0,0,0,1.00,.00,.00,.000,.000,0,0,0,0,0,0,0,.000,1,0,0,0,1.00,.00,.00,.00,0,,67:00,0,.00,.00,,,,,,,,,,,,,,,,,,-1.0607894250147152,332,56
2026-27,wsoc,Minnesota Intercollegiate Athletic Conference (MIAC),miac,Augsburg,"Swallen, Sierra",Sierra,Swallen,,38,"Swallen, Sierra","SWALLEN,SIERRA",Augsburg,AUG,1103-13204,1,1,3,0,3,0,0,0,0,0,0,0,0,0,.00,.00,.00,.000,.000,0,0,0,0,0,0,0,.000,0,0,0,0,.00,.00,.00,.00,0,,58:00,0,.00,.00,,,,,,,,,,,,,,,,,,-1.0607894250147152,333,56
2026-27,wsoc,Minnesota Intercollegiate Athletic Conference (MIAC),miac,Concordia,"Swiers, Kaydence",Kaydence,Swiers,,161,"Swiers, Kaydence","SWIERS,KAYDENCE",Concordia,CC,0,1,0,29,0,29,0,0,0,2,0,0,0,0,0,2.00,.00,.00,.000,.000,0,0,0,0,0,0,0,.000,0,0,0,0,.00,.00,.00,.00,0,,24:00,0,.00,.00,,,,,,,,,,,,,,,,,,-1.0607894250147152,334,55
2026-27,wsoc,Minnesota Intercollegiate Athletic Conference (MIAC),miac,Concordia,"Sylvester, Ava",Ava,Sylvester,,161,"Sylvester, Ava","SYLVESTER,AVA",Concordia,CC,0,2,0,4,0,4,0,0,0,0,0,0,0,0,0,.00,.00,.00,.000,.000,0,0,0,0,0,0,0,.000,2,0,1,0,1.00,.50,.00,.00,0,,94:00,0,.00,.00,,,,,,,,,,,,,,,,,,-1.0607894250147152,335,55
2026-27,wsoc,Minnesota Intercollegiate Athletic Conference (MIAC),miac,Carleton,"Symkowick, Louisa",Louisa,Symkowick,,118,"Symkowick, Louisa","SYMKOWICK,LOUISA",Carleton,CC,1105-1253,1,1,19,0,19,0,0,0,0,0,0,0,0,0,.00,.00,.00,.000,.000,0,0,0,0,0,0,0,.000,0,0,0,0,.00,.00,.00,.00,0,,85:00,0,.00,.00,,,,,,,,,,,,,,,,,,-1.0607894250147152,336,55
2026-27,wsoc,Minnesota Intercollegiate Athletic Conference (MIAC),miac,St. Catherine,"Tenesaca, Lesley",Lesley,Tenesaca,,597,"Tenesaca, Lesley","TENESACA,LESLEY",St. Catherine,SCU,1114-2181,0,0,29,0,29,0,0,0,0,0,0,0,0,0,.00,.00,.00,.000,.000,0,0,0,0,0,0,0,.000,0,0,0,0,.00,.00,.00,.00,0,,00:00,0,.00,.00,,,,,,,,,,,,,,,,,,-1.0607894250147152,337,55
2026-27,wsoc,Minnesota Intercollegiate Athletic Conference (MIAC),miac,Gustavus,"Thomas, Katie",Katie,Thomas,,266,"Thomas, Katie","THOMAS,KATIE",Gustavus,GAC,1108-9604,0,0,30,0,30,0,0,0,0,0,0,0,0,0,.00,.00,.00,.000,.000,0,0,0,0,0,0,0,.000,0,0,0,0,.00,.00,.00,.00,0,,00:00,0,.00,.00,,,,,,,,,,,,,,,,,,-1.0607894250147152,338,55
2026-27,wsoc,Minnesota Intercollegiate Athletic Conference (MIAC),miac,Concordia,"Thorvilson, Ella",Ella,Thorvilson,,161,"Thorvilson, Ella","THORVILSON,ELLA",Concordia,CC,0,3,3,26,0,26,0,0,0,0,0,0,0,0,0,.00,.00,.00,.000,.000,0,0,0,0,0,0,0,.000,1,0,0,0,.33,.00,.00,.00,0,,270:00,0,.00,.00,,,,,,,,,,,,,,,,,,-1.0607894250147152,339,55
2026-27,wsoc,Minnesota Intercollegiate Athletic Conference (MIAC),miac,Hamline,"Toal, Cate",Cate,Toal,,268,"Toal, Cate","TOAL,CATE",Hamline,HAM,1109-4479,0,0,33,0,33,0,0,0,0,0,0,0,0,0,.00,.00,.00,.000,.000,0,0,0,0,0,0,0,.000,0,0,0,0,.00,.00,.00,.00,0,,00:00,0,.00,.00,,,,,,,,,,,,,,,,,,-1.0607894250147152,340,55
2026-27,wsoc,Minnesota Intercollegiate Athletic Conference (MIAC),miac,Macalester,"Tobon, Christina",Christina,Tobon,,376,"Tobon, Christina","TOBON,CHRISTINA",Macalester,MAC,1110-5460,1,0,5,0,5,0,0,0,0,0,0,0,0,0,.00,.00,.00,.000,.000,0,0,0,0,0,0,0,.000,0,0,0,0,.00,.00,.00,.00,0,,06:00,0,.00,.00,,,,,,,,,,,,,,,,,,-1.0607894250147152,341,55
2026-27,wsoc,Minnesota Intercollegiate Athletic Conference (MIAC),miac,Hamline,"Toilolo, Kylie",Kylie,Toilolo,,268,"Toilolo, Kylie","TOILOLO,KYLIE",Hamline,HAM,1109-4699,0,0,27,0,27,0,0,0,0,0,0,0,0,0,.00,.00,.00,.000,.000,0,0,0,0,0,0,0,.000,0,0,0,0,.00,.00,.00,.00,0,,00:00,0,.00,.00,,,,,,,,,,,,,,,,,,-1.0607894250147152,342,54
2026-27,wsoc,Minnesota Intercollegiate Athletic Conference (MIAC),miac,Hamline,"Torres, Gabby",Gabby,Torres,,268,"Torres, Gabby","TORRES,GABBY",Hamline,HAM,1109-4387,1,0,18,0,18,0,0,0,0,0,0,0,0,0,.00,.00,.00,.000,.000,0,0,0,0,0,0,0,.000,0,0,0,0,.00,.00,.00,.00,0,,12:00,0,.00,.00,,,,,,,,,,,,,,,,,,-1.0607894250147152,343,54
2026-27,wsoc,Minnesota Intercollegiate Athletic Conference (MIAC),miac,Augsburg,"Tureson, Rosie",Rosie,Tureson,,38,"Tureson, Rosie","TURESON,ROSIE",Augsburg,AUG,1103-13378,0,0,15,0,15,0,0,0,0,0,0,0,0,0,.00,.00,.00,.000,.000,0,0,0,0,0,0,0,.000,0,0,0,0,.00,.00,.00,.00,0,,00:00,0,.00,.00,,,,,,,,,,,,,,,,,,-1.0607894250147152,344,54
2026-27,wsoc,Minnesota Intercollegiate Athletic Conference (MIAC),miac,Carleton,"Twichell, Hadley",Hadley,Twichell,,118,"Twichell, Hadley","TWICHELL,HADLEY",Carleton,CC,1105-925,1,1,16,0,16,0,0,0,0,0,0,0,0,0,.00,.00,.00,.000,.000,0,0,0,0,0,0,0,.000,0,0,0,0,.00,.00,.00,.00,0,,78:00,0,.00,.00,,,,,,,,,,,,,,,,,,-1.0607894250147152,345,54
2026-27,wsoc,Minnesota Intercollegiate Athletic Conference (MIAC),miac,Saint Benedict,"Verkinderen, Ella",Ella,Verkinderen,,595,"Verkinderen, Ella","VERKINDEREN,ELLA",Saint Benedict,CSB,1111-8766,2,0,6,0,6,0,0,0,0,0,0,0,0,0,.00,.00,.00,.000,.000,0,0,0,0,0,0,0,.000,0,0,0,0,.00,.00,.00,.00,0,,42:00,0,.00,.00,,,,,,,,,,,,,,,,,,-1.0607894250147152,346,54
2026-27,wsoc,Minnesota Intercollegiate Athletic Conference (MIAC),miac,Macalester,"Vieira, Ellie",Ellie,Vieira,,376,"Vieira, Ellie","VIEIRA,ELLIE",Macalester,MAC,1110-5577,2,0,25,0,25,0,0,0,0,0,0,0,0,0,.00,.00,.00,.000,.000,0,0,0,0,0,0,0,.000,0,0,0,0,.00,.00,.00,.00,0,,16:00,0,.00,.00,,,,,,,,,,,,,,,,,,-1.0607894250147152,347,54
2026-27,wsoc,Minnesota Intercollegiate Athletic Conference (MIAC),miac,Bethel,"Volstad, Jordan",Jordan,Volstad,,60,"Volstad, Jordan","VOLSTAD,JORDAN",Bethel,BET,1104-8181,2,2,23,0,23,0,0,0,0,0,0,0,0,0,.00,.00,.00,.000,.000,0,0,0,0,0,0,0,.000,1,0,0,0,.50,.00,.00,.00,0,,94:00,0,.00,.00,,,,,,,,,,,,,,,,,,-1.0607894250147152,348,54
2026-27,wsoc,Minnesota Intercollegiate Athletic Conference (MIAC),miac,Macalester,"Wang, Willa",Willa,Wang,,376,"Wang, Willa","WANG,WILLA",Macalester,MAC,1110-5581,1,0,33,0,33,0,0,0,0,0,0,0,0,0,.00,.00,.00,.000,.000,0,0,0,0,0,0,0,.000,0,0,0,0,.00,.00,.00,.00,0,,06:00,0,.00,.00,,,,,,,,,,,,,,,,,,-1.0607894250147152,349,54
2026-27,wsoc,Minnesota Intercollegiate Athletic Conference (MIAC),miac,Saint Mary's,"Warneke, Anna",Anna,Warneke,,612,"Warneke, Anna","WARNEKE,ANNA",Saint Mary's,SMU,1116-6909,2,0,17,0,17,0,0,0,0,0,0,0,0,0,.00,.00,.00,.000,.000,0,0,0,0,0,0,0,.000,0,0,0,0,.00,.00,.00,.00,0,,29:00,0,.00,.00,,,,,,,,,,,,,,,,,,-1.0607894250147152,350,53
2026-27,wsoc,Minnesota Intercollegiate Athletic Conference (MIAC),miac,Gustavus,"Wells, Benna",Benna,Wells,,266,"Wells, Benna","WELLS,BENNA",Gustavus,GAC,1108-9222,0,0,00,0,00,0,0,0,0,0,0,0,0,0,.00,.00,.00,.000,.000,0,0,0,0,0,0,0,.000,0,0,0,0,.00,.00,.00,.00,0,,00:00,0,.00,.00,,,,,,,,,,,,,,,,,,-1.0607894250147152,351,53
2026-27,wsoc,Minnesota Intercollegiate Athletic Conference (MIAC),miac,Bethel,"Westlund, Anya",Anya,Westlund,,60,"Westlund, Anya","WESTLUND,ANYA",Bethel,BET,1104-8178,0,0,11,0,11,0,0,0,0,0,0,0,0,0,.00,.00,.00,.000,.000,0,0,0,0,0,0,0,.000,0,0,0,0,.00,.00,.00,.00,0,,00:00,0,.00,.00,,,,,,,,,,,,,,,,,,-1.0607894250147152,352,53
2026-27,wsoc,Minnesota Intercollegiate Athletic Conference (MIAC),miac,Macalester,"Wetter, Nisha",Nisha,Wetter,,376,"Wetter, Nisha","WETTER,NISHA",Macalester,MAC,1110-5461,2,1,7,0,7,0,0,0,1,0,0,0,0,0,.50,.00,.00,.000,.000,0,0,0,0,0,0,0,.000,0,0,0,0,.00,.00,.00,.00,0,,133:00,0,.00,.00,,,,,,,,,,,,,,,,,,-1.0607894250147152,353,53
2026-27,wsoc,Minnesota Intercollegiate Athletic Conference (MIAC),miac,Gustavus,"Whipps, Jenna",Jenna,Whipps,,266,"Whipps, Jenna","WHIPPS,JENNA",Gustavus,GAC,1108-9606,0,0,4,0,4,0,0,0,0,0,0,0,0,0,.00,.00,.00,.000,.000,0,0,0,0,0,0,0,.000,0,0,0,0,.00,.00,.00,.00,0,,00:00,0,.00,.00,,,,,,,,,,,,,,,,,,-1.0607894250147152,354,53
2026-27,wsoc,Minnesota Intercollegiate Athletic Conference (MIAC),miac,Hamline,"White, Aella",Aella,White,,268,"White, Aella","WHITE,AELLA",Hamline,HAM,1109-4700,0,0,97,0,97,0,0,0,0,0,0,0,0,0,.00,.00,.00,.000,.000,0,0,0,0,0,0,0,.000,0,0,0,0,.00,.00,.00,.00,0,,00:00,0,.00,.00,,,,,,,,,,,,,,,,,,-1.0607894250147152,355,53
2026-27,wsoc,Minnesota Intercollegiate Athletic Conference (MIAC),miac,Carleton,"White, Mackenzie",Mackenzie,White,,118,"White, Mackenzie","WHITE,MACKENZIE",Carleton,CC,1105-1254,1,0,3,0,3,0,0,0,0,0,0,0,0,0,.00,.00,.00,.000,.000,0,0,0,0,0,0,0,.000,0,0,0,0,.00,.00,.00,.00,0,,07:00,0,.00,.00,,,,,,,,,,,,,,,,,,-1.0607894250147152,356,53
2026-27,wsoc,Minnesota Intercollegiate Athletic Conference (MIAC),miac,Macalester,"Whiteley, Miya",Miya,Whiteley,,376,"Whiteley, Miya","WHITELEY,MIYA",Macalester,MAC,1110-5274,2,1,4,0,4,0,0,0,0,0,0,0,0,0,.00,.00,.00,.000,.000,0,0,0,0,0,0,0,.000,0,0,0,0,.00,.00,.00,.00,0,,116:00,0,.00,.00,,,,,,,,,,,,,,,,,,-1.0607894250147152,357,53
2026-27,wsoc,Minnesota Intercollegiate Athletic Conference (MIAC),miac,St. Catherine,"Wilkinson, Brooke",Brooke,Wilkinson,,597,"Wilkinson, Brooke","WILKINSON,BROOKE",St. Catherine,SCU,1114-2147,0,0,23,0,23,0,0,0,0,0,0,0,0,0,.00,.00,.00,.000,.000,0,0,0,0,0,0,0,.000,0,0,0,0,.00,.00,.00,.00,0,,00:00,0,.00,.00,,,,,,,,,,,,,,,,,,-1.0607894250147152,358,52
2026-27,wsoc,Minnesota Intercollegiate Athletic Conference (MIAC),miac,St. Catherine,"Willems, Charlotte",Charlotte,Willems,,597,"Willems, Charlotte","WILLEMS,CHARLOTTE",St. Catherine,SCU,1114-2146,2,2,21,0,21,0,0,0,1,0,0,0,0,0,.50,.00,.00,.000,.000,0,0,0,0,0,0,0,.000,1,0,0,0,.50,.00,.00,.00,0,,79:00,0,.00,.00,,,,,,,,,,,,,,,,,,-1.0607894250147152,359,52
2026-27,wsoc,Minnesota Intercollegiate Athletic Conference (MIAC),miac,St. Olaf,"Williams, Ava",Ava,Williams,,615,"Williams, Ava","WILLIAMS,AVA",St. Olaf,STO,0,0,0,98,0,98,0,0,0,0,0,0,0,0,0,.00,.00,.00,.000,.000,0,0,0,0,0,0,0,.000,0,0,0,0,.00,.00,.00,.00,0,,00:00,0,.00,.00,,,,,,,,,,,,,,,,,,-1.0607894250147152,360,52
2026-27,wsoc,Minnesota Intercollegiate Athletic Conference (MIAC),miac,St. Catherine,"Williams, Payten",Payten,Williams,,597,"Williams, Payten","WILLIAMS,PAYTEN",St. Catherine,SCU,1114-2223,0,0,2,0,2,0,0,0,0,0,0,0,0,0,.00,.00,.00,.000,.000,0,0,0,0,0,0,0,.000,0,0,0,0,.00,.00,.00,.00,0,,00:00,0,.00,.00,,,,,,,,,,,,,,,,,,-1.0607894250147152,361,52
2026-27,wsoc,Minnesota Intercollegiate Athletic Conference (MIAC),miac,Carleton,"Wilson, Liv",Liv,Wilson,,118,"Wilson, Liv","WILSON,LIV",Carleton,CC,1105-1255,0,0,29,0,29,0,0,0,0,0,0,0,0,0,.00,.00,.00,.000,.000,0,0,0,0,0,0,0,.000,0,0,0,0,.00,.00,.00,.00,0,,00:00,0,.00,.00,,,,,,,,,,,,,,,,,,-1.0607894250147152,362,52
2026-27,wsoc,Minnesota Intercollegiate Athletic Conference (MIAC),miac,St. Olaf,"Winter, Avery",Avery,Winter,,615,"Winter, Avery","WINTER,AVERY",St. Olaf,STO,1117-5713,2,0,18,0,18,0,0,0,0,0,0,0,0,0,.00,.00,.00,.000,.000,0,0,0,0,0,0,0,.000,1,0,0,0,.50,.00,.00,.00,0,,21:00,0,.00,.00,,,,,,,,,,,,,,,,,,-1.0607894250147152,363,52
2026-27,wsoc,Minnesota Intercollegiate Athletic Conference (MIAC),miac,Carleton,"Wright, Natessa",Natessa,Wright,,118,"Wright, Natessa","WRIGHT,NATESSA",Carleton,CC,1105-1054,0,0,22,0,22,0,0,0,0,0,0,0,0,0,.00,.00,.00,.000,.000,0,0,0,0,0,0,0,.000,0,0,0,0,.00,.00,.00,.00,0,,00:00,0,.00,.00,,,,,,,,,,,,,,,,,,-1.0607894250147152,364,52
2026-27,wsoc,Minnesota Intercollegiate Athletic Conference (MIAC),miac,Augsburg,"Wulf, Brenna",Brenna,Wulf,,38,"Wulf, Brenna","WULF,BRENNA",Augsburg,AUG,1103-13569,1,1,17,0,17,0,0,0,0,0,0,0,0,0,.00,.00,.00,.000,.000,0,0,0,0,0,0,0,.000,1,0,0,0,1.00,.00,.00,.00,0,,90:00,0,.00,.00,,,,,,,,,,,,,,,,,,-1.0607894250147152,365,52
2026-27,wsoc,Minnesota Intercollegiate Athletic Conference (MIAC),miac,Saint Mary's,"Wunschel, Maya",Maya,Wunschel,,612,"Wunschel, Maya","WUNSCHEL,MAYA",Saint Mary's,SMU,1116-6917,0,0,16,0,16,0,0,0,0,0,0,0,0,0,.00,.00,.00,.000,.000,0,0,0,0,0,0,0,.000,0,0,0,0,.00,.00,.00,.00,0,,00:00,0,.00,.00,,,,,,,,,,,,,,,,,,-1.0607894250147152,366,51
2026-27,wsoc,Minnesota Intercollegiate Athletic Conference (MIAC),miac,Saint Mary's,"Ziegler, Aliana",Aliana,Ziegler,,612,"Ziegler, Aliana","ZIEGLER,ALIANA",Saint Mary's,SMU,1116-7305,0,0,28,0,28,0,0,0,0,0,0,0,0,0,.00,.00,.00,.000,.000,0,0,0,0,0,0,0,.000,0,0,0,0,.00,.00,.00,.00,0,,00:00,0,.00,.00,,,,,,,,,,,,,,,,,,-1.0607894250147152,367,51
2026-27,wsoc,Minnesota Intercollegiate Athletic Conference (MIAC),miac,Gustavus,"Olson, Katelyn",Katelyn,Olson,,266,"Olson, Katelyn","OLSON,KATELYN",Gustavus,GAC,1108-8650,3,3,1,0,1,0,0,0,0,0,0,0,0,0,.00,.00,.00,.000,.000,0,0,0,0,0,0,0,.000,0,0,0,0,.00,.00,.00,.00,0,,270:00,0,.00,.00,,30,1,1,1,0,.692,1.33,9,4,270:00,3,3,1.33,0.692,.000,3.00,-1.4250848049191487,368,51
2026-27,wsoc,Minnesota Intercollegiate Athletic Conference (MIAC),miac,Augsburg,"Smothers, Claire",Claire,Smothers,,38,"Smothers, Claire","SMOTHERS,CLAIRE",Augsburg,AUG,1103-13203,1,1,0,0,0,0,0,0,0,0,0,0,0,0,.00,.00,.00,.000,.000,0,0,0,0,0,0,0,.000,0,0,0,0,.00,.00,.00,.00,0,,90:00,0,.00,.00,,20,0,1,0,0,.778,2.00,7,2,90:00,1,1,2.00,0.778,.000,7.00,-1.8763149462645057,369,51
2026-27,wsoc,Minnesota Intercollegiate Athletic Conference (MIAC),miac,Concordia,"Anderson-Tibiatowski, Hailey",Hailey,Anderson-Tibiatowski,,161,"Anderson-Tibiatowski, Hailey","ANDERSON-TIBIATOWSKI,HAILEY",Concordia,CC,0,1,0,0,0,0,0,0,0,0,0,0,0,0,0,.00,.00,.00,.000,.000,0,0,0,0,0,0,0,.000,0,0,0,0,.00,.00,.00,.00,0,,14:00,0,.00,.00,,0,0,0,0,0,0.0,0.00,0,0,14:09,0,1,.00,0.000,.000,.00,-1.9200902481948492,370,51
2026-27,wsoc,Minnesota Intercollegiate Athletic Conference (MIAC),miac,Hamline,"Parsons, Sienna",Sienna,Parsons,,268,"Parsons, Sienna","PARSONS,SIENNA",Hamline,HAM,1109-4704,1,0,98,0,98,0,0,0,0,0,0,0,0,0,.00,.00,.00,.000,.000,0,0,0,0,0,0,0,.000,0,0,0,0,.00,.00,.00,.00,0,,34:00,0,.00,.00,,1,0,0,0,0,0.0,0.00,0,0,33:53,0,1,.00,0.000,.000,.00,-1.9200902481948492,371,51
2026-27,wsoc,Minnesota Intercollegiate Athletic Conference (MIAC),miac,Saint Mary's,"Siercks, Kelsy",Kelsy,Siercks,,612,"Siercks, Kelsy","SIERCKS,KELSY",Saint Mary's,SMU,1116-7301,1,1,00,0,00,0,0,0,0,0,0,0,0,0,.00,.00,.00,.000,.000,0,0,0,0,0,0,0,.000,0,0,0,0,.00,.00,.00,.00,0,,90:00,0,.00,.00,,5,0,0,1,1,0.0,0.00,0,0,90:00,1,1,.00,0.000,1.000,.00,-1.9200902481948492,372,51
2026-27,wsoc,Minnesota Intercollegiate Athletic Conference (MIAC),miac,Hamline,"Thompson, Brianna",Brianna,Thompson,,268,"Thompson, Brianna","THOMPSON,BRIANNA",Hamline,HAM,1109-4274,1,0,1,0,1,0,0,0,0,0,0,0,0,0,.00,.00,.00,.000,.000,0,0,0,0,0,0,0,.000,0,0,0,0,.00,.00,.00,.00,0,,11:00,0,.00,.00,,0,0,0,0,0,0.0,0.00,0,0,11:07,0,1,.00,0.000,.000,.00,-1.9200902481948492,373,51
2026-27,wsoc,Minnesota Intercollegiate Athletic Conference (MIAC),miac,Saint Benedict,"Hartnett, Samantha",Samantha,Hartnett,,595,"Hartnett, Samantha","HARTNETT,SAMANTHA",Saint Benedict,CSB,1111-8732,1,0,30,0,30,0,0,0,0,0,0,0,0,0,.00,.00,.00,.000,.000,0,0,0,0,0,0,0,.000,0,0,0,0,.00,.00,.00,.00,0,,45:00,0,.00,.00,,7,0,0,1,0,.667,2.00,2,1,45:00,0,1,1.00,0.667,.000,2.00,-2.1724515224061447,374,50
2026-27,wsoc,Minnesota Intercollegiate Athletic Conference (MIAC),miac,Concordia,"Roark, Julia",Julia,Roark,,161,"Roark, Julia","ROARK,JULIA",Concordia,CC,0,3,3,1,0,1,0,0,0,0,0,0,0,0,0,.00,.00,.00,.000,.000,0,0,0,0,0,0,0,.000,0,0,0,0,.00,.00,.00,.00,0,,256:00,0,.00,.00,,34,0,2,1,0,.579,2.82,11,8,255:51,3,3,2.67,0.579,.000,3.67,-3.240284403192401,375,50
2026-27,wsoc,Minnesota Intercollegiate Athletic Conference (MIAC),miac,Macalester,"Salazar, Lily",Lily,Salazar,,376,"Salazar, Lily","SALAZAR,LILY",Macalester,MAC,1110-5340,2,1,40,0,40,0,0,0,0,0,0,0,0,0,.00,.00,.00,.000,.000,0,0,0,0,0,0,0,.000,0,0,0,0,.00,.00,.00,.00,0,,90:00,0,.00,.00,,16,0,1,1,0,.625,3.00,5,3,90:00,1,2,1.50,0.625,.000,2.50,-3.3004275139368877,376,50
2026-27,wsoc,Minnesota Intercollegiate Athletic Conference (MIAC),miac,Saint Benedict,"Janezich, Tatum",Tatum,Janezich,,595,"Janezich, Tatum","JANEZICH,TATUM",Saint Benedict,CSB,1111-8735,-4,-4,99,0,99,0,0,-6,-8,0,0,0,0,0,2.00,1.50,.00,.000,.000,-6,0,0,0,0,0,0,.000,0,0,0,0,.00,.00,.00,.00,0,,-238:00,0,.00,.00,,,,,,,,,,,,,,,,,,-3.5897443735272523,377,50
