season,sport,conference,conference_code,team,player_name,first_name,last_name,position,team_code,name,checkname,team_name,team_id,sdrm_id,games_played,games_started,uniform,year,code,shot_stats_penalty_kick_attempts,shot_stats_penalty_kick_goals,shot_stats_shots_on_goal,shot_stats_shots,shot_stats_points,shot_stats_assists,shot_stats_goals,shot_stats_penalty_shot_attempts,shot_stats_penalty_shot_goals,shot_stats_avg_shots_per_game,shot_stats_avg_sog_per_game,shot_stats_avg_points_per_game,shot_stats_avg_goals_per_game,shot_stats_avg_assists_per_game,shot_stats_shots_saved_by_goalie,goal_stats_game_tying,goal_stats_hattricks,goal_stats_overtime,goal_stats_first,goal_stats_unassisted,goal_stats_game_winning,goal_stats_avg_gw_per_game,caution_stats_fouls,caution_stats_red_cards,caution_stats_yellow_cards,caution_stats_green_cards,caution_stats_avg_fouls_per_game,caution_stats_avg_yc_per_game,caution_stats_avg_rc_per_game,caution_stats_avg_gc_per_game,misc_stats_offsides,misc_stats_corner_kicks,misc_stats_minutes_played,misc_stats_defensive_saves,misc_stats_avg_corners_per_game,misc_stats_avg_offsides_per_game,goalie_stats_shots_faced,goalie_stats_ties,goalie_stats_losses,goalie_stats_wins,goalie_stats_shutouts,goalie_stats_save_percentage,goalie_stats_goals_against_avg,goalie_stats_saves,goalie_stats_goals_allowed,goalie_stats_minutes,goalie_stats_games_started,goalie_stats_games_played,goalie_stats_avg_ga_per_game,goalie_stats_save_percentage_calc,goalie_stats_avg_sho_per_game,goalie_stats_avg_saves_per_game,goalie_stats,composite_score,global_rank,rating
2026-27,msoc,Northern Athletics Collegiate Conference (NACC),nacc,Lakeland,"Wangu, Dunia",Dunia,Wangu,,1164,"Wangu, Dunia","WANGU,DUNIA",Lakeland,LAK,1253-4904,12,12,11,0,11,0,0,24,47,24,2,11,0,0,3.92,2.00,2.00,.917,.167,13,0,1,0,2,3,4,.333,9,0,1,0,.75,.08,.00,.00,0,,790:00,0,.00,.00,,,,,,,,,,,,,,,,,,27.91816158736835,1,99
2026-27,msoc,Northern Athletics Collegiate Conference (NACC),nacc,Lakeland,"Gil, Isai",Isai,Gil,,1164,"Gil, Isai","GIL,ISAI",Lakeland,LAK,1253-5289,12,12,10,0,10,0,0,23,39,18,8,5,0,0,3.25,1.92,1.50,.417,.667,18,0,0,0,0,0,1,.083,12,0,2,0,1.00,.17,.00,.00,0,,718:00,0,.00,.00,,,,,,,,,,,,,,,,,,26.143999401150563,2,99
2026-27,msoc,Northern Athletics Collegiate Conference (NACC),nacc,Lakeland,"Davis-Troller, Jordan",Jordan,Davis-Troller,,1164,"Davis-Troller, Jordan","DAVIS-TROLLER,JORDAN",Lakeland,LAK,1253-4543,12,12,18,0,18,0,0,13,22,14,4,5,0,0,1.83,1.08,1.17,.417,.333,8,2,0,0,0,1,1,.083,7,0,0,0,.58,.00,.00,.00,0,,779:00,0,.00,.00,,,,,,,,,,,,,,,,,,17.535054209275252,3,99
2026-27,msoc,Northern Athletics Collegiate Conference (NACC),nacc,Aurora,"Mnangwa, Issa",Issa,Mnangwa,,42,"Mnangwa, Issa","MNANGWA,ISSA",Aurora,AUR,1248-7348,9,9,9,0,9,0,0,10,20,15,1,7,1,1,2.22,1.11,1.67,.778,.111,3,1,1,0,2,2,2,.222,13,0,1,0,1.44,.11,.00,.00,0,,551:00,0,.00,.00,,,,,,,,,,,,,,,,,,15.829854041808499,4,98
2026-27,msoc,Northern Athletics Collegiate Conference (NACC),nacc,Aurora,"Viayra, Carlos",Carlos,Viayra,,42,"Viayra, Carlos","VIAYRA,CARLOS",Aurora,AUR,1248-6513,9,9,10,0,10,0,0,8,17,12,4,4,0,0,1.89,.89,1.33,.444,.444,4,2,0,0,1,1,0,.000,9,0,3,0,1.00,.33,.00,.00,0,,644:00,0,.00,.00,,,,,,,,,,,,,,,,,,14.682940671872663,5,98
2026-27,msoc,Northern Athletics Collegiate Conference (NACC),nacc,Lakeland,"Frederic, Woodlens",Woodlens,Frederic,,1164,"Frederic, Woodlens","FREDERIC,WOODLENS",Lakeland,LAK,1253-5288,12,0,3,0,3,0,0,12,24,12,2,5,0,0,2.00,1.00,1.00,.417,.167,7,0,0,0,0,0,0,.000,11,0,2,0,.92,.17,.00,.00,0,,511:00,0,.00,.00,,,,,,,,,,,,,,,,,,13.923467684876112,6,98
2026-27,msoc,Northern Athletics Collegiate Conference (NACC),nacc,Rockford,"Curiel, Dasha",Dasha,Curiel,,582,"Curiel, Dasha","CURIEL,DASHA",Rockford,ROC,1256-3122,3,3,11,0,11,0,0,8,16,12,0,6,0,0,5.33,2.67,4.00,2.000,.000,2,0,0,0,3,2,1,.333,1,0,1,0,.33,.33,.00,.00,0,,240:00,0,.00,.00,,,,,,,,,,,,,,,,,,11.778222554802538,7,97
2026-27,msoc,Northern Athletics Collegiate Conference (NACC),nacc,Illinois Tech,"Balea, Paul",Paul,Balea,,30172,"Balea, Paul","BALEA,PAUL",Illinois Tech,IIT,765-1355,9,9,10,0,10,0,0,7,14,12,0,6,1,1,1.56,.78,1.33,.667,.000,1,0,1,0,0,3,1,.111,8,0,1,0,.89,.11,.00,.00,0,,625:00,0,.00,.00,,,,,,,,,,,,,,,,,,11.605001036917908,8,97
2026-27,msoc,Northern Athletics Collegiate Conference (NACC),nacc,Edgewood,"Stiebel, Isaiah",Isaiah,Stiebel,,1066,"Stiebel, Isaiah","STIEBEL,ISAIAH",Edgewood,EDGEEv,1252-4273,9,9,9,0,9,0,0,8,12,8,4,2,0,0,1.33,.89,.89,.222,.444,6,0,0,0,1,1,1,.111,10,0,0,0,1.11,.00,.00,.00,0,,622:00,0,.00,.00,,,,,,,,,,,,,,,,,,10.71092877591376,9,97
2026-27,msoc,Northern Athletics Collegiate Conference (NACC),nacc,Illinois Tech,"Graham, Cal",Cal,Graham,,30172,"Graham, Cal","GRAHAM,CAL",Illinois Tech,IIT,765-1536,9,9,7,0,7,0,0,15,28,8,2,3,0,0,3.11,1.67,.89,.333,.222,12,1,0,0,1,3,1,.111,8,0,0,0,.89,.00,.00,.00,0,,627:00,0,.00,.00,,,,,,,,,,,,,,,,,,10.471120342571094,10,96
2026-27,msoc,Northern Athletics Collegiate Conference (NACC),nacc,Rockford,"Mendoza, Lane",Lane,Mendoza,,582,"Mendoza, Lane","MENDOZA,LANE",Rockford,ROC,1256-2914,9,9,10,0,10,0,0,13,23,9,1,4,0,0,2.56,1.44,1.00,.444,.111,9,0,0,0,2,1,2,.222,9,0,1,0,1.00,.11,.00,.00,0,,607:00,0,.00,.00,,,,,,,,,,,,,,,,,,10.391500751524033,11,96
2026-27,msoc,Northern Athletics Collegiate Conference (NACC),nacc,Lakeland,"DeJaynes, Andrew",Andrew,DeJaynes,,1164,"DeJaynes, Andrew","DEJAYNES,ANDREW",Lakeland,LAK,1253-5062,13,10,8,0,8,0,0,6,13,8,4,2,0,0,1.00,.46,.62,.154,.308,4,0,0,0,0,2,0,.000,9,0,2,0,.69,.15,.00,.00,0,,797:00,0,.00,.00,,,,,,,,,,,,,,,,,,10.364485740144504,12,96
2026-27,msoc,Northern Athletics Collegiate Conference (NACC),nacc,Dominican,"Banquil, Tristen",Tristen,Banquil,,1332,"Banquil, Tristen","BANQUIL,TRISTEN",Dominican,DOM,1251-2322,7,7,10,0,10,0,0,12,27,7,3,2,0,0,3.86,1.71,1.00,.286,.429,10,0,0,0,0,2,1,.143,9,0,0,0,1.29,.00,.00,.00,0,,603:00,0,.00,.00,,,,,,,,,,,,,,,,,,9.684632344195016,13,95
2026-27,msoc,Northern Athletics Collegiate Conference (NACC),nacc,Aurora,"Jacobo, Isaac",Isaac,Jacobo,,42,"Jacobo, Isaac","JACOBO,ISAAC",Aurora,AUR,1248-6728,9,8,12,0,12,0,0,9,18,8,2,3,0,0,2.00,1.00,.89,.333,.222,6,1,0,0,0,0,0,.000,5,0,0,0,.56,.00,.00,.00,0,,500:00,0,.00,.00,,,,,,,,,,,,,,,,,,9.431791235263326,14,95
2026-27,msoc,Northern Athletics Collegiate Conference (NACC),nacc,Lakeland,"Eigenberger-Vahsholtz, Austin",Austin,Eigenberger-Vahsholtz,,1164,"Eigenberger-Vahsholtz, Austin","EIGENBERGER-VAHSHOLTZ,AUSTIN",Lakeland,LAK,1253-4971,12,12,7,0,7,0,0,9,15,6,4,1,0,0,1.25,.75,.50,.083,.333,8,0,0,0,1,1,0,.000,4,0,2,0,.33,.17,.00,.00,0,,752:00,0,.00,.00,,,,,,,,,,,,,,,,,,8.898144345818938,15,95
2026-27,msoc,Northern Athletics Collegiate Conference (NACC),nacc,Lakeland,"Jacobson, Braedin",Braedin,Jacobson,,1164,"Jacobson, Braedin","JACOBSON,BRAEDIN",Lakeland,LAK,1253-5290,11,0,16,0,16,0,0,10,15,8,0,4,0,0,1.36,.91,.73,.364,.000,6,0,0,0,0,0,0,.000,1,0,0,0,.09,.00,.00,.00,0,,239:00,0,.00,.00,,,,,,,,,,,,,,,,,,8.15265369461289,16,95
2026-27,msoc,Northern Athletics Collegiate Conference (NACC),nacc,Edgewood,"Gage, Connor",Connor,Gage,,1066,"Gage, Connor","GAGE,CONNOR",Edgewood,EDGEEv,1252-4011,9,9,10,0,10,0,0,9,14,8,0,4,0,0,1.56,1.00,.89,.444,.000,5,1,0,0,2,2,1,.111,11,0,1,0,1.22,.11,.00,.00,0,,681:00,0,.00,.00,,,,,,,,,,,,,,,,,,7.979432176728263,17,95
2026-27,msoc,Northern Athletics Collegiate Conference (NACC),nacc,Aurora,"Jimenez, Frankie",Frankie,Jimenez,,42,"Jimenez, Frankie","JIMENEZ,FRANKIE",Aurora,AUR,1248-6712,9,2,11,0,11,0,0,9,13,8,0,4,0,0,1.44,1.00,.89,.444,.000,5,0,0,0,1,1,1,.111,4,0,2,0,.44,.22,.00,.00,0,,327:00,0,.00,.00,,,,,,,,,,,,,,,,,,7.979432176728263,18,95
2026-27,msoc,Northern Athletics Collegiate Conference (NACC),nacc,Rockford,"Jakupi, Rejhan",Rejhan,Jakupi,,582,"Jakupi, Rejhan","JAKUPI,REJHAN",Rockford,ROC,1256-2822,8,5,7,0,7,0,0,3,8,6,4,1,0,0,1.00,.38,.75,.125,.500,2,0,0,0,0,0,0,.000,6,0,1,0,.75,.13,.00,.00,0,,369:00,0,.00,.00,,,,,,,,,,,,,,,,,,7.858815238511169,19,94
2026-27,msoc,Northern Athletics Collegiate Conference (NACC),nacc,Illinois Tech,"Olree, Logan",Logan,Olree,,30172,"Olree, Logan","OLREE,LOGAN",Illinois Tech,IIT,765-1835,8,1,12,0,12,0,0,6,6,8,0,4,0,0,.75,.75,1.00,.500,.000,2,0,0,0,1,1,1,.125,8,0,1,0,1.00,.13,.00,.00,0,,337:00,0,.00,.00,,,,,,,,,,,,,,,,,,7.459767623074379,20,94
2026-27,msoc,Northern Athletics Collegiate Conference (NACC),nacc,St. Norbert,"Saeger, Everett",Everett,Saeger,,614,"Saeger, Everett","SAEGER,EVERETT",St. Norbert,SNC,1102-3422,10,10,7,0,7,0,0,8,17,6,2,2,0,0,1.70,.80,.60,.200,.200,6,0,0,0,2,0,1,.100,5,0,0,0,.50,.00,.00,.00,0,,720:00,0,.00,.00,,,,,,,,,,,,,,,,,,7.272563769399247,21,94
2026-27,msoc,Northern Athletics Collegiate Conference (NACC),nacc,Lakeland,"Davis, Colin",Colin,Davis,,1164,"Davis, Colin","DAVIS,COLIN",Lakeland,LAK,1253-5286,12,2,17,0,17,0,0,7,16,6,2,2,0,0,1.33,.58,.50,.167,.167,5,0,0,0,0,0,0,.000,3,0,0,0,.25,.00,.00,.00,0,,368:00,0,.00,.00,,,,,,,,,,,,,,,,,,7.099342251514619,22,94
2026-27,msoc,Northern Athletics Collegiate Conference (NACC),nacc,Illinois Tech,"Cogolludo, Adrian",Adrian,Cogolludo,,30172,"Cogolludo, Adrian","COGOLLUDO,ADRIAN",Illinois Tech,IIT,765-1534,9,9,6,0,6,0,0,4,12,6,2,2,1,1,1.33,.44,.67,.222,.222,2,0,0,0,1,2,0,.000,16,0,1,0,1.78,.11,.00,.00,0,,705:00,0,.00,.00,,,,,,,,,,,,,,,,,,6.579677697860735,23,94
2026-27,msoc,Northern Athletics Collegiate Conference (NACC),nacc,Lakeland,"Stevens, Luca",Luca,Stevens,,1164,"Stevens, Luca","STEVENS,LUCA",Lakeland,LAK,1253-5299,12,12,22,0,22,0,0,3,10,6,2,2,0,0,.83,.25,.50,.167,.167,1,0,0,0,1,0,1,.083,13,0,1,0,1.08,.08,.00,.00,0,,633:00,0,.00,.00,,,,,,,,,,,,,,,,,,6.406456179976106,24,94
2026-27,msoc,Northern Athletics Collegiate Conference (NACC),nacc,Benedictine,"Cicha, Krystof",Krystof,Cicha,,296,"Cicha, Krystof","CICHA,KRYSTOF",Benedictine,BENU,1249-7035,7,7,10,0,10,0,0,8,18,5,1,2,1,1,2.57,1.14,.71,.286,.143,6,0,0,0,1,2,0,.000,6,0,2,0,.86,.29,.00,.00,0,,489:00,0,.00,.00,,,,,,,,,,,,,,,,,,5.553381266141991,25,94
2026-27,msoc,Northern Athletics Collegiate Conference (NACC),nacc,Marian,"Pfister, Zac",Zac,Pfister,,1196,"Pfister, Zac","PFISTER,ZAC",Marian,MAR,1255-3321,8,8,9,0,9,0,0,8,15,5,1,2,1,0,1.88,1.00,.63,.250,.125,6,0,0,0,0,1,1,.125,7,0,2,0,.88,.25,.00,.00,0,,497:00,0,.00,.00,,,,,,,,,,,,,,,,,,5.553381266141991,26,94
2026-27,msoc,Northern Athletics Collegiate Conference (NACC),nacc,MSOE,"Calderon, Andrew",Andrew,Calderon,,20220,"Calderon, Andrew","CALDERON,ANDREW",MSOE,MSOE,1257-2492,9,8,27,0,27,0,0,6,12,6,0,3,0,0,1.33,.67,.67,.333,.000,3,0,0,0,2,0,1,.111,17,0,3,0,1.89,.33,.00,.00,0,,621:00,0,.00,.00,,,,,,,,,,,,,,,,,,5.473761675094929,27,94
2026-27,msoc,Northern Athletics Collegiate Conference (NACC),nacc,MSOE,"Picha, Nico",Nico,Picha,,20220,"Picha, Nico","PICHA,NICO",MSOE,MSOE,1257-1842,7,7,10,0,10,0,0,6,23,6,0,3,0,0,3.29,.86,.86,.429,.000,3,0,0,0,0,2,0,.000,9,0,1,0,1.29,.14,.00,.00,0,,489:00,0,.00,.00,,,,,,,,,,,,,,,,,,5.473761675094929,28,94
2026-27,msoc,Northern Athletics Collegiate Conference (NACC),nacc,Benedictine,"Bak, Kamil",Kamil,Bak,,296,"Bak, Kamil","BAK,KAMIL",Benedictine,BENU,1249-6173,7,7,11,0,11,0,0,7,12,5,1,2,0,0,1.71,1.00,.71,.286,.143,5,1,0,0,1,0,1,.143,8,0,2,0,1.14,.29,.00,.00,0,,442:00,0,.00,.00,,,,,,,,,,,,,,,,,,5.380159748257363,29,93
2026-27,msoc,Northern Athletics Collegiate Conference (NACC),nacc,Aurora,"Crawford, Max",Max,Crawford,,42,"Crawford, Max","CRAWFORD,MAX",Aurora,AUR,1248-6498,8,8,2,0,2,0,0,8,17,4,2,1,0,0,2.13,1.00,.50,.125,.250,7,0,0,0,0,0,1,.125,0,0,0,0,.00,.00,.00,.00,0,,466:00,0,.00,.00,,,,,,,,,,,,,,,,,,5.286557821419797,30,93
2026-27,msoc,Northern Athletics Collegiate Conference (NACC),nacc,Benedictine,"Andrewin, Kendall",Kendall,Andrewin,,296,"Andrewin, Kendall","ANDREWIN,KENDALL",Benedictine,BENU,1249-6625,8,7,9,0,9,0,0,4,7,6,0,3,0,0,.88,.50,.75,.375,.000,1,0,0,0,2,0,0,.000,6,0,4,0,.75,.50,.00,.00,0,,391:00,0,.00,.00,,,,,,,,,,,,,,,,,,5.127318639325672,31,93
2026-27,msoc,Northern Athletics Collegiate Conference (NACC),nacc,Dominican,"Lopez, Eduardo",Eduardo,Lopez,,1332,"Lopez, Eduardo","LOPEZ,EDUARDO",Dominican,DOM,1251-2336,7,7,20,0,20,0,0,5,8,5,1,2,0,0,1.14,.71,.71,.286,.143,3,0,0,0,0,0,0,.000,4,0,0,0,.57,.00,.00,.00,0,,340:00,0,.00,.00,,,,,,,,,,,,,,,,,,5.033716712488107,32,93
2026-27,msoc,Northern Athletics Collegiate Conference (NACC),nacc,Aurora,"Delapaz, Walter",Walter,Delapaz,,42,"Delapaz, Walter","DELAPAZ,WALTER",Aurora,AUR,1248-6710,9,9,6,0,6,0,0,4,7,5,1,2,1,1,.78,.44,.56,.222,.111,2,0,0,0,1,1,1,.111,6,0,0,0,.67,.00,.00,.00,0,,689:00,0,.00,.00,,,,,,,,,,,,,,,,,,4.8604951946034785,33,93
2026-27,msoc,Northern Athletics Collegiate Conference (NACC),nacc,St. Norbert,"Dunn, Hayden",Hayden,Dunn,,614,"Dunn, Hayden","DUNN,HAYDEN",St. Norbert,SNC,1102-3803,10,9,10,0,10,0,0,3,8,5,1,2,0,0,.80,.30,.50,.200,.100,1,1,0,0,1,0,1,.100,7,0,2,0,.70,.20,.00,.00,0,,501:00,0,.00,.00,,,,,,,,,,,,,,,,,,4.68727367671885,34,93
2026-27,msoc,Northern Athletics Collegiate Conference (NACC),nacc,Benedictine,"Kasiak, Jakub",Jakub,Kasiak,,296,"Kasiak, Jakub","KASIAK,JAKUB",Benedictine,BENU,1249-6636,8,8,24,0,24,0,0,3,7,4,2,1,0,0,.88,.38,.50,.125,.250,2,0,0,0,1,0,1,.125,1,0,2,0,.13,.25,.00,.00,0,,696:00,0,.00,.00,,,,,,,,,,,,,,,,,,4.420450231996656,35,93
2026-27,msoc,Northern Athletics Collegiate Conference (NACC),nacc,Marian,"Wolcott, Jay",Jay,Wolcott,,1196,"Wolcott, Jay","WOLCOTT,JAY",Marian,MAR,1255-3150,6,4,11,0,11,0,0,3,7,4,2,1,0,0,1.17,.50,.67,.167,.333,2,1,0,0,0,0,0,.000,3,0,0,0,.50,.00,.00,.00,0,,377:00,0,.00,.00,,,,,,,,,,,,,,,,,,4.420450231996656,36,93
2026-27,msoc,Northern Athletics Collegiate Conference (NACC),nacc,Concordia Wisconsin,"Acosta, Jahsiah",Jahsiah,Acosta,,1036,"Acosta, Jahsiah","ACOSTA,JAHSIAH",Concordia Wisconsin,CUW,1959-5882,7,7,11,0,11,0,0,11,12,4,0,2,3,2,1.71,1.57,.57,.286,.000,9,0,0,0,1,2,0,.000,7,0,1,0,1.00,.14,.00,.00,0,,565:00,0,.00,.00,,,,,,,,,,,,,,,,,,4.35386331653862,37,93
2026-27,msoc,Northern Athletics Collegiate Conference (NACC),nacc,Marian,"Johnson, Brayden",Brayden,Johnson,,1196,"Johnson, Brayden","JOHNSON,BRAYDEN",Marian,MAR,1255-3151,8,8,20,0,20,0,0,11,20,4,0,2,0,0,2.50,1.38,.50,.250,.000,9,0,0,0,0,0,0,.000,7,0,0,0,.88,.00,.00,.00,0,,626:00,0,.00,.00,,,,,,,,,,,,,,,,,,4.35386331653862,38,93
2026-27,msoc,Northern Athletics Collegiate Conference (NACC),nacc,Illinois Tech,"Balea, Theo",Theo,Balea,,30172,"Balea, Theo","BALEA,THEO",Illinois Tech,IIT,765-1702,9,9,8,0,8,0,0,2,8,4,2,1,0,0,.89,.22,.44,.111,.222,1,0,0,0,0,0,0,.000,8,0,2,0,.89,.22,.00,.00,0,,642:00,0,.00,.00,,,,,,,,,,,,,,,,,,4.247228714112028,39,92
2026-27,msoc,Northern Athletics Collegiate Conference (NACC),nacc,Illinois Tech,"Pineda-Alcala, Junior",Junior,Pineda-Alcala,,30172,"Pineda-Alcala, Junior","PINEDA-ALCALA,JUNIOR",Illinois Tech,IIT,765-1706,9,8,9,0,9,0,0,10,23,4,0,2,1,0,2.56,1.11,.44,.222,.000,8,0,0,0,2,2,2,.222,8,0,1,0,.89,.11,.00,.00,0,,469:00,0,.00,.00,,,,,,,,,,,,,,,,,,4.180641798653991,40,92
2026-27,msoc,Northern Athletics Collegiate Conference (NACC),nacc,MSOE,"Useni, Ditar",Ditar,Useni,,20220,"Useni, Ditar","USENI,DITAR",MSOE,MSOE,1257-2025,8,8,15,0,15,0,0,9,17,4,0,2,0,0,2.13,1.13,.50,.250,.000,7,1,0,0,0,1,1,.125,5,0,1,0,.63,.13,.00,.00,0,,467:00,0,.00,.00,,,,,,,,,,,,,,,,,,4.007420280769363,41,92
2026-27,msoc,Northern Athletics Collegiate Conference (NACC),nacc,MSOE,"Aniecko, Filip",Filip,Aniecko,,20220,"Aniecko, Filip","ANIECKO,FILIP",MSOE,MSOE,1257-2299,9,8,19,0,19,0,0,2,5,3,3,0,0,0,.56,.22,.33,.000,.333,2,0,0,0,0,0,0,.000,8,0,2,0,.89,.22,.00,.00,0,,606:00,0,.00,.00,,,,,,,,,,,,,,,,,,3.980405269389834,42,92
2026-27,msoc,Northern Athletics Collegiate Conference (NACC),nacc,Lakeland,"Aguirre, Victor",Victor,Aguirre,,1164,"Aguirre, Victor","AGUIRRE,VICTOR",Lakeland,LAK,1253-5303,11,2,14,0,14,0,0,8,21,4,0,2,0,0,1.91,.73,.36,.182,.000,6,0,0,0,1,0,0,.000,11,1,1,0,1.00,.09,.09,.00,0,,382:00,0,.00,.00,,,,,,,,,,,,,,,,,,3.8341987628847347,43,92
2026-27,msoc,Northern Athletics Collegiate Conference (NACC),nacc,Lakeland,"Gigstead, Porter",Porter,Gigstead,,1164,"Gigstead, Porter","GIGSTEAD,PORTER",Lakeland,LAK,1253-4910,12,10,34,0,34,0,0,8,16,4,0,2,0,0,1.33,.67,.33,.167,.000,6,0,0,0,0,0,0,.000,10,0,0,0,.83,.00,.00,.00,0,,422:00,0,.00,.00,,,,,,,,,,,,,,,,,,3.8341987628847347,44,92
2026-27,msoc,Northern Athletics Collegiate Conference (NACC),nacc,Wisconsin Lutheran,"King, Andrew",Andrew,King,,8911,"King, Andrew","KING,ANDREW",Wisconsin Lutheran,WLC,1092-3346,7,7,4,0,4,0,0,7,14,4,0,2,1,1,2.00,1.00,.57,.286,.000,5,1,0,0,1,1,0,.000,6,0,1,0,.86,.14,.00,.00,0,,575:00,0,.00,.00,,,,,,,,,,,,,,,,,,3.660977245000107,45,92
2026-27,msoc,Northern Athletics Collegiate Conference (NACC),nacc,St. Norbert,"Graham, Quinn",Quinn,Graham,,614,"Graham, Quinn","GRAHAM,QUINN",St. Norbert,SNC,1102-4138,10,10,19,0,19,0,0,6,16,4,0,2,0,0,1.60,.60,.40,.200,.000,4,0,0,0,2,1,1,.100,3,0,0,0,.30,.00,.00,.00,0,,610:00,0,.00,.00,,,,,,,,,,,,,,,,,,3.4877557271154784,46,92
2026-27,msoc,Northern Athletics Collegiate Conference (NACC),nacc,Rockford,"Hinko, Devon",Devon,Hinko,,582,"Hinko, Devon","HINKO,DEVON",Rockford,ROC,1256-2915,9,7,3,0,3,0,0,7,10,3,1,1,0,0,1.11,.78,.33,.111,.111,6,0,0,0,0,0,0,.000,7,0,2,0,.78,.22,.00,.00,0,,680:00,0,.00,.00,,,,,,,,,,,,,,,,,,3.3941538002779135,47,92
2026-27,msoc,Northern Athletics Collegiate Conference (NACC),nacc,Concordia Wisconsin,"Omary, Junior",Junior,Omary,,1036,"Omary, Junior","OMARY,JUNIOR",Concordia Wisconsin,CUW,1959-6295,8,6,26,0,26,0,0,5,11,4,0,2,0,0,1.38,.63,.50,.250,.000,3,0,0,0,1,2,0,.000,18,1,3,0,2.25,.38,.13,.00,0,,543:00,0,.00,.00,,,,,,,,,,,,,,,,,,3.3145342092308505,48,92
2026-27,msoc,Northern Athletics Collegiate Conference (NACC),nacc,Dominican,"Cinque, Enzo",Enzo,Cinque,,1332,"Cinque, Enzo","CINQUE,ENZO",Dominican,DOM,1251-2325,7,1,5,0,5,0,0,4,9,4,0,2,0,0,1.29,.57,.57,.286,.000,2,0,0,0,2,0,1,.143,12,0,2,0,1.71,.29,.00,.00,0,,340:00,0,.00,.00,,,,,,,,,,,,,,,,,,3.141312691346222,49,92
2026-27,msoc,Northern Athletics Collegiate Conference (NACC),nacc,Marian,"Alvarado, Esteban",Esteban,Alvarado,,1196,"Alvarado, Esteban","ALVARADO,ESTEBAN",Marian,MAR,1255-3143,8,6,5,0,5,0,0,5,9,3,1,1,1,1,1.13,.63,.38,.125,.125,4,0,0,0,0,1,0,.000,6,0,2,0,.75,.25,.00,.00,0,,441:00,0,.00,.00,,,,,,,,,,,,,,,,,,3.0477107645086567,50,91
2026-27,msoc,Northern Athletics Collegiate Conference (NACC),nacc,Benedictine,"Casillas, Manny",Manny,Casillas,,296,"Casillas, Manny","CASILLAS,MANNY",Benedictine,BENU,1249-6363,7,7,16,0,16,0,0,3,3,4,0,2,1,1,.43,.43,.57,.286,.000,1,2,0,0,0,2,0,.000,5,0,1,0,.71,.14,.00,.00,0,,562:00,0,.00,.00,,,,,,,,,,,,,,,,,,2.968091173461594,51,91
2026-27,msoc,Northern Athletics Collegiate Conference (NACC),nacc,Lakeland,"Cortez, Angel",Angel,Cortez,,1164,"Cortez, Angel","CORTEZ,ANGEL",Lakeland,LAK,1253-5284,10,1,19,0,19,0,0,3,3,4,0,2,0,0,.30,.30,.40,.200,.000,1,0,0,0,0,0,0,.000,2,0,0,0,.20,.00,.00,.00,0,,234:00,0,.00,.00,,,,,,,,,,,,,,,,,,2.968091173461594,52,91
2026-27,msoc,Northern Athletics Collegiate Conference (NACC),nacc,Lakeland,"Kettner, Bowen",Bowen,Kettner,,1164,"Kettner, Bowen","KETTNER,BOWEN",Lakeland,LAK,1253-5046,3,0,27,0,27,0,0,3,3,4,0,2,0,0,1.00,1.00,1.33,.667,.000,1,0,0,0,0,1,0,.000,1,0,0,0,.33,.00,.00,.00,0,,29:00,0,.00,.00,,,,,,,,,,,,,,,,,,2.968091173461594,53,91
2026-27,msoc,Northern Athletics Collegiate Conference (NACC),nacc,Illinois Tech,"Kroupa, Dominik",Dominik,Kroupa,,30172,"Kroupa, Dominik","KROUPA,DOMINIK",Illinois Tech,IIT,765-1361,7,7,25,0,25,0,0,3,7,4,0,2,0,0,1.00,.43,.57,.286,.000,1,0,0,0,0,0,0,.000,5,0,0,0,.71,.00,.00,.00,0,,468:00,0,.00,.00,,,,,,,,,,,,,,,,,,2.968091173461594,54,91
2026-27,msoc,Northern Athletics Collegiate Conference (NACC),nacc,Benedictine,"Molek, Eryk",Eryk,Molek,,296,"Molek, Eryk","MOLEK,ERYK",Benedictine,BENU,1249-7041,8,7,4,0,4,0,0,3,5,4,0,2,0,0,.63,.38,.50,.250,.000,1,0,0,0,0,0,1,.125,2,0,1,0,.25,.13,.00,.00,0,,649:00,0,.00,.00,,,,,,,,,,,,,,,,,,2.968091173461594,55,91
2026-27,msoc,Northern Athletics Collegiate Conference (NACC),nacc,Concordia Chicago,"Bardales, Ronald",Ronald,Bardales,,160,"Bardales, Ronald","BARDALES,RONALD",Concordia Chicago,CUC,1250-5159,8,8,30,0,30,0,0,4,8,3,1,1,0,0,1.00,.50,.38,.125,.125,3,0,0,0,0,0,0,.000,13,0,3,0,1.63,.38,.00,.00,0,,473:00,0,.00,.00,,,,,,,,,,,,,,,,,,2.874489246624029,56,91
2026-27,msoc,Northern Athletics Collegiate Conference (NACC),nacc,Lakeland,"Cortez, Aaron",Aaron,Cortez,,1164,"Cortez, Aaron","CORTEZ,AARON",Lakeland,LAK,1253-5283,11,11,13,0,13,0,0,4,5,3,1,1,0,0,.45,.36,.27,.091,.091,3,0,0,0,0,1,1,.091,11,0,1,0,1.00,.09,.00,.00,0,,831:00,0,.00,.00,,,,,,,,,,,,,,,,,,2.874489246624029,57,91
2026-27,msoc,Northern Athletics Collegiate Conference (NACC),nacc,Concordia Wisconsin,"Kilimila, Jamal",Jamal,Kilimila,,1036,"Kilimila, Jamal","KILIMILA,JAMAL",Concordia Wisconsin,CUW,1959-6287,7,4,21,0,21,0,0,4,7,3,1,1,0,0,1.00,.57,.43,.143,.143,3,0,0,0,0,0,0,.000,8,0,1,0,1.14,.14,.00,.00,0,,283:00,0,.00,.00,,,,,,,,,,,,,,,,,,2.874489246624029,58,91
2026-27,msoc,Northern Athletics Collegiate Conference (NACC),nacc,MSOE,"Loduca, Joey",Joey,Loduca,,20220,"Loduca, Joey","LODUCA,JOEY",MSOE,MSOE,1257-1839,9,0,14,0,14,0,0,2,2,4,0,2,0,0,.22,.22,.44,.222,.000,0,1,0,0,0,1,0,.000,7,0,0,0,.78,.00,.00,.00,0,,198:00,0,.00,.00,,,,,,,,,,,,,,,,,,2.7948696555769654,59,91
2026-27,msoc,Northern Athletics Collegiate Conference (NACC),nacc,Wisconsin Lutheran,"Gomez, Edgar",Edgar,Gomez,,8911,"Gomez, Edgar","GOMEZ,EDGAR",Wisconsin Lutheran,WLC,1092-3673,7,4,29,0,29,0,0,3,8,3,1,1,0,0,1.14,.43,.43,.143,.143,2,1,0,0,0,1,0,.000,8,0,2,0,1.14,.29,.00,.00,0,,408:00,0,.00,.00,,,,,,,,,,,,,,,,,,2.7012677287394005,60,90
2026-27,msoc,Northern Athletics Collegiate Conference (NACC),nacc,MSOE,"Ladd, Lachlan",Lachlan,Ladd,,20220,"Ladd, Lachlan","LADD,LACHLAN",MSOE,MSOE,1257-2298,9,2,17,0,17,0,0,3,6,3,1,1,0,0,.67,.33,.33,.111,.111,2,0,0,0,1,0,0,.000,8,1,0,0,.89,.00,.11,.00,0,,364:00,0,.00,.00,,,,,,,,,,,,,,,,,,2.7012677287394005,61,90
2026-27,msoc,Northern Athletics Collegiate Conference (NACC),nacc,St. Norbert,"Sada, Alex",Alex,Sada,,614,"Sada, Alex","SADA,ALEX",St. Norbert,SNC,1102-3806,10,0,16,0,16,0,0,3,7,3,1,1,0,0,.70,.30,.30,.100,.100,2,0,0,0,1,1,0,.000,6,0,0,0,.60,.00,.00,.00,0,,310:00,0,.00,.00,,,,,,,,,,,,,,,,,,2.7012677287394005,62,90
2026-27,msoc,Northern Athletics Collegiate Conference (NACC),nacc,Illinois Tech,"Rebelatto, Tomas",Tomas,Rebelatto,,30172,"Rebelatto, Tomas","REBELATTO,TOMAS",Illinois Tech,IIT,765-1364,8,8,17,0,17,0,0,4,13,2,2,0,0,0,1.63,.50,.25,.000,.250,4,0,0,0,0,0,0,.000,13,0,0,0,1.63,.00,.00,.00,0,,440:00,0,.00,.00,,,,,,,,,,,,,,,,,,2.607665801901835,63,90
2026-27,msoc,Northern Athletics Collegiate Conference (NACC),nacc,Lakeland,"Schroeder, Aiden",Aiden,Schroeder,,1164,"Schroeder, Aiden","SCHROEDER,AIDEN",Lakeland,LAK,1253-5298,2,0,28,0,28,0,0,4,8,2,2,0,0,0,4.00,2.00,1.00,.000,1.000,4,0,0,0,0,0,0,.000,0,0,0,0,.00,.00,.00,.00,0,,82:00,0,.00,.00,,,,,,,,,,,,,,,,,,2.607665801901835,64,90
2026-27,msoc,Northern Athletics Collegiate Conference (NACC),nacc,Benedictine,"Skupien, Jacob",Jacob,Skupien,,296,"Skupien, Jacob","SKUPIEN,JACOB",Benedictine,BENU,1249-7043,8,6,26,0,26,0,0,4,9,2,2,0,0,0,1.13,.50,.25,.000,.250,4,0,0,0,0,0,0,.000,6,0,2,0,.75,.25,.00,.00,0,,414:00,0,.00,.00,,,,,,,,,,,,,,,,,,2.607665801901835,65,90
2026-27,msoc,Northern Athletics Collegiate Conference (NACC),nacc,Rockford,"Carmona, Gabriel",Gabriel,Carmona,,582,"Carmona, Gabriel","CARMONA,GABRIEL",Rockford,ROC,1256-3112,8,8,9,0,9,0,0,2,5,3,1,1,0,0,.63,.25,.38,.125,.125,1,0,0,0,0,1,0,.000,6,0,1,0,.75,.13,.00,.00,0,,526:00,0,.00,.00,,,,,,,,,,,,,,,,,,2.528046210854772,66,90
2026-27,msoc,Northern Athletics Collegiate Conference (NACC),nacc,Edgewood,"Murrow, Beckham",Beckham,Murrow,,1066,"Murrow, Beckham","MURROW,BECKHAM",Edgewood,EDGEEv,1252-4029,9,1,13,0,13,0,0,2,3,3,1,1,0,0,.33,.22,.33,.111,.111,1,1,0,0,0,1,0,.000,4,0,0,0,.44,.00,.00,.00,0,,299:00,0,.00,.00,,,,,,,,,,,,,,,,,,2.528046210854772,67,90
2026-27,msoc,Northern Athletics Collegiate Conference (NACC),nacc,MSOE,"Thomas, Steven",Steven,Thomas,,20220,"Thomas, Steven","THOMAS,STEVEN",MSOE,MSOE,1257-2023,8,8,9,0,9,0,0,2,8,3,1,1,0,0,1.00,.25,.38,.125,.125,1,0,0,0,0,0,0,.000,5,0,0,0,.63,.00,.00,.00,0,,349:00,0,.00,.00,,,,,,,,,,,,,,,,,,2.528046210854772,68,90
2026-27,msoc,Northern Athletics Collegiate Conference (NACC),nacc,Concordia Chicago,"Balderas, Pierre",Pierre,Balderas,,160,"Balderas, Pierre","BALDERAS,PIERRE",Concordia Chicago,CUC,1250-5160,7,7,7,0,7,0,0,3,5,2,2,0,0,0,.71,.43,.29,.000,.286,3,0,0,0,0,0,0,.000,6,0,1,0,.86,.14,.00,.00,0,,446:00,0,.00,.00,,,,,,,,,,,,,,,,,,2.4344442840172067,69,90
2026-27,msoc,Northern Athletics Collegiate Conference (NACC),nacc,Aurora,"Saldana, Omar",Omar,Saldana,,42,"Saldana, Omar","SALDANA,OMAR",Aurora,AUR,1248-6510,9,9,7,0,7,0,0,3,5,2,2,0,0,0,.56,.33,.22,.000,.222,3,0,0,0,0,0,0,.000,4,0,0,0,.44,.00,.00,.00,0,,600:00,0,.00,.00,,,,,,,,,,,,,,,,,,2.4344442840172067,70,89
2026-27,msoc,Northern Athletics Collegiate Conference (NACC),nacc,Wisconsin Lutheran,"Tereshchenko, Bogdan",Bogdan,Tereshchenko,,8911,"Tereshchenko, Bogdan","TERESHCHENKO,BOGDAN",Wisconsin Lutheran,WLC,1092-3662,7,2,30,0,30,0,0,1,10,3,1,1,1,1,1.43,.14,.43,.143,.143,0,0,0,0,0,1,0,.000,7,0,0,0,1.00,.00,.00,.00,0,,338:00,0,.00,.00,,,,,,,,,,,,,,,,,,2.354824692970144,71,89
2026-27,msoc,Northern Athletics Collegiate Conference (NACC),nacc,St. Norbert,"Vega, Davis",Davis,Vega,,614,"Vega, Davis","VEGA,DAVIS",St. Norbert,SNC,1102-3421,10,10,6,0,6,0,0,1,7,3,1,1,0,0,.70,.10,.30,.100,.100,0,0,0,0,0,0,1,.100,9,0,1,0,.90,.10,.00,.00,0,,827:00,0,.00,.00,,,,,,,,,,,,,,,,,,2.354824692970144,72,89
2026-27,msoc,Northern Athletics Collegiate Conference (NACC),nacc,Edgewood,"Hardy, Ryan",Ryan,Hardy,,1066,"Hardy, Ryan","HARDY,RYAN",Edgewood,EDGEEv,1252-4120,6,6,15,0,15,0,0,2,5,2,2,0,0,0,.83,.33,.33,.000,.333,2,0,0,0,0,0,0,.000,7,0,1,0,1.17,.17,.00,.00,0,,453:00,0,.00,.00,,,,,,,,,,,,,,,,,,2.2612227661325783,73,89
2026-27,msoc,Northern Athletics Collegiate Conference (NACC),nacc,Aurora,"Lugo, Diego",Diego,Lugo,,42,"Lugo, Diego","LUGO,DIEGO",Aurora,AUR,1248-6727,9,0,19,0,19,0,0,2,4,2,2,0,0,0,.44,.22,.22,.000,.222,2,0,0,0,0,0,0,.000,1,0,0,0,.11,.00,.00,.00,0,,235:00,0,.00,.00,,,,,,,,,,,,,,,,,,2.2612227661325783,74,89
2026-27,msoc,Northern Athletics Collegiate Conference (NACC),nacc,MSOE,"Pacetti, Owen",Owen,Pacetti,,20220,"Pacetti, Owen","PACETTI,OWEN",MSOE,MSOE,1257-2294,9,4,7,0,7,0,0,2,5,2,2,0,0,0,.56,.22,.22,.000,.222,2,0,0,0,0,0,0,.000,7,0,0,0,.78,.00,.00,.00,0,,336:00,0,.00,.00,,,,,,,,,,,,,,,,,,2.2612227661325783,75,89
2026-27,msoc,Northern Athletics Collegiate Conference (NACC),nacc,Rockford,"Dorado, Nathan",Nathan,Dorado,,582,"Dorado, Nathan","DORADO,NATHAN",Rockford,ROC,1256-3109,9,8,19,0,19,0,0,1,2,2,2,0,0,0,.22,.11,.22,.000,.222,1,0,0,0,0,0,0,.000,16,0,4,0,1.78,.44,.00,.00,0,,675:00,0,.00,.00,,,,,,,,,,,,,,,,,,2.0880012482479504,76,89
2026-27,msoc,Northern Athletics Collegiate Conference (NACC),nacc,Aurora,"Karrer, Aiden",Aiden,Karrer,,42,"Karrer, Aiden","KARRER,AIDEN",Aurora,AUR,1248-6713,8,5,24,0,24,0,0,1,2,2,2,0,0,0,.25,.13,.25,.000,.250,1,0,0,0,0,0,0,.000,1,0,1,0,.13,.13,.00,.00,0,,374:00,0,.00,.00,,,,,,,,,,,,,,,,,,2.0880012482479504,77,89
2026-27,msoc,Northern Athletics Collegiate Conference (NACC),nacc,Lakeland,"Priester, Aaron",Aaron,Priester,,1164,"Priester, Aaron","PRIESTER,AARON",Lakeland,LAK,1253-4912,6,0,21,0,21,0,0,1,3,2,2,0,0,0,.50,.17,.33,.000,.333,1,0,0,0,0,0,0,.000,0,0,0,0,.00,.00,.00,.00,0,,108:00,0,.00,.00,,,,,,,,,,,,,,,,,,2.0880012482479504,78,89
2026-27,msoc,Northern Athletics Collegiate Conference (NACC),nacc,Lakeland,"Vences, Roman",Roman,Vences,,1164,"Vences, Roman","VENCES,ROMAN",Lakeland,LAK,1253-5300,5,0,9,0,9,0,0,1,4,2,2,0,0,0,.80,.20,.40,.000,.400,1,0,0,0,0,0,0,.000,1,0,0,0,.20,.00,.00,.00,0,,155:00,0,.00,.00,,,,,,,,,,,,,,,,,,2.0880012482479504,79,89
2026-27,msoc,Northern Athletics Collegiate Conference (NACC),nacc,Rockford,"Morales, Oziel",Oziel,Morales,,582,"Morales, Oziel","MORALES,OZIEL",Rockford,ROC,1256-3111,7,6,16,0,16,0,0,0,1,2,2,0,0,0,.14,.00,.29,.000,.286,0,0,0,0,0,0,0,.000,8,0,0,0,1.14,.00,.00,.00,0,,438:00,0,.00,.00,,,,,,,,,,,,,,,,,,1.914779730363322,80,89
2026-27,msoc,Northern Athletics Collegiate Conference (NACC),nacc,MSOE,"Peterson, Gunnar",Gunnar,Peterson,,20220,"Peterson, Gunnar","PETERSON,GUNNAR",MSOE,MSOE,1257-2497,9,8,18,0,18,0,0,0,1,2,2,0,0,0,.11,.00,.22,.000,.222,0,0,0,0,0,0,0,.000,8,0,2,0,.89,.22,.00,.00,0,,452:00,0,.00,.00,,,,,,,,,,,,,,,,,,1.914779730363322,81,88
2026-27,msoc,Northern Athletics Collegiate Conference (NACC),nacc,Edgewood,"Kann, Riley",Riley,Kann,,1066,"Kann, Riley","KANN,RILEY",Edgewood,EDGEEv,1252-4122,9,9,7,0,7,0,0,6,19,2,0,1,0,0,2.11,.67,.22,.111,.000,5,0,0,0,1,0,0,.000,9,0,1,0,1.00,.11,.00,.00,0,,698:00,0,.00,.00,,,,,,,,,,,,,,,,,,1.5017497791360286,82,88
2026-27,msoc,Northern Athletics Collegiate Conference (NACC),nacc,Concordia Wisconsin,"Kessler, Ronan",Ronan,Kessler,,1036,"Kessler, Ronan","KESSLER,RONAN",Concordia Wisconsin,CUW,1959-5721,8,8,22,0,22,0,0,6,10,2,0,1,0,0,1.25,.75,.25,.125,.000,5,0,0,0,0,0,0,.000,12,0,1,0,1.50,.13,.00,.00,0,,422:00,0,.00,.00,,,,,,,,,,,,,,,,,,1.5017497791360286,83,88
2026-27,msoc,Northern Athletics Collegiate Conference (NACC),nacc,Concordia Wisconsin,"Payne, Matthew",Matthew,Payne,,1036,"Payne, Matthew","PAYNE,MATTHEW",Concordia Wisconsin,CUW,1959-5725,8,7,9,0,9,0,0,6,13,2,0,1,0,0,1.63,.75,.25,.125,.000,5,0,0,0,1,0,1,.125,4,0,0,0,.50,.00,.00,.00,0,,438:00,0,.00,.00,,,,,,,,,,,,,,,,,,1.5017497791360286,84,88
2026-27,msoc,Northern Athletics Collegiate Conference (NACC),nacc,MSOE,"Gonzalo, Diego",Diego,Gonzalo,,20220,"Gonzalo, Diego","GONZALO,DIEGO",MSOE,MSOE,1257-2295,9,4,11,0,11,0,0,5,11,2,0,1,0,0,1.22,.56,.22,.111,.000,4,0,0,0,0,0,0,.000,13,0,0,0,1.44,.00,.00,.00,0,,473:00,0,.00,.00,,,,,,,,,,,,,,,,,,1.3285282612514004,85,88
2026-27,msoc,Northern Athletics Collegiate Conference (NACC),nacc,Rockford,"Jurgensen, Ian",Ian,Jurgensen,,582,"Jurgensen, Ian","JURGENSEN,IAN",Rockford,ROC,1256-2609,8,1,14,0,14,0,0,5,8,2,0,1,0,0,1.00,.63,.25,.125,.000,4,0,0,0,0,0,0,.000,1,0,0,0,.13,.00,.00,.00,0,,272:00,0,.00,.00,,,,,,,,,,,,,,,,,,1.3285282612514004,86,88
2026-27,msoc,Northern Athletics Collegiate Conference (NACC),nacc,Concordia Chicago,"Navas, Damian",Damian,Navas,,160,"Navas, Damian","NAVAS,DAMIAN",Concordia Chicago,CUC,1250-5166,8,8,15,0,15,0,0,5,19,2,0,1,0,0,2.38,.63,.25,.125,.000,4,0,0,0,1,0,1,.125,7,0,3,0,.88,.38,.00,.00,0,,618:00,0,.00,.00,,,,,,,,,,,,,,,,,,1.3285282612514004,87,88
2026-27,msoc,Northern Athletics Collegiate Conference (NACC),nacc,Concordia Wisconsin,"Stone, Eli",Eli,Stone,,1036,"Stone, Eli","STONE,ELI",Concordia Wisconsin,CUW,1959-6294,7,1,18,0,18,0,0,5,8,2,0,1,0,0,1.14,.71,.29,.143,.000,4,1,0,0,0,0,0,.000,4,0,1,0,.57,.14,.00,.00,0,,320:00,0,.00,.00,,,,,,,,,,,,,,,,,,1.3285282612514004,88,88
2026-27,msoc,Northern Athletics Collegiate Conference (NACC),nacc,St. Norbert,"Thompson, Sam",Sam,Thompson,,614,"Thompson, Sam","THOMPSON,SAM",St. Norbert,SNC,1102-4137,10,7,15,0,15,0,0,5,10,2,0,1,0,0,1.00,.50,.20,.100,.000,4,1,0,0,0,0,0,.000,21,0,0,0,2.10,.00,.00,.00,0,,643:00,0,.00,.00,,,,,,,,,,,,,,,,,,1.3285282612514004,89,88
2026-27,msoc,Northern Athletics Collegiate Conference (NACC),nacc,Marian,"Mota, Fernando",Fernando,Mota,,1196,"Mota, Fernando","MOTA,FERNANDO",Marian,MAR,1255-3471,8,8,10,0,10,0,0,4,12,2,0,1,1,1,1.50,.50,.25,.125,.000,3,0,0,0,0,1,0,.000,6,0,1,0,.75,.13,.00,.00,0,,648:00,0,.00,.00,,,,,,,,,,,,,,,,,,1.1553067433667723,90,88
2026-27,msoc,Northern Athletics Collegiate Conference (NACC),nacc,MSOE,"Smith, Braedon",Braedon,Smith,,20220,"Smith, Braedon","SMITH,BRAEDON",MSOE,MSOE,1257-2024,9,0,37,0,37,0,0,4,4,2,0,1,0,0,.44,.44,.22,.111,.000,3,0,0,0,1,0,1,.111,2,0,0,0,.22,.00,.00,.00,0,,213:00,0,.00,.00,,,,,,,,,,,,,,,,,,1.1553067433667723,91,87
2026-27,msoc,Northern Athletics Collegiate Conference (NACC),nacc,Aurora,"Terrazas, Mizael",Mizael,Terrazas,,42,"Terrazas, Mizael","TERRAZAS,MIZAEL",Aurora,AUR,1248-7006,8,0,15,0,15,0,0,4,6,2,0,1,0,0,.75,.50,.25,.125,.000,3,0,0,0,0,0,1,.125,3,0,0,0,.38,.00,.00,.00,0,,267:00,0,.00,.00,,,,,,,,,,,,,,,,,,1.1553067433667723,92,87
2026-27,msoc,Northern Athletics Collegiate Conference (NACC),nacc,Benedictine,"Hernandez, Ari",Ari,Hernandez,,296,"Hernandez, Ari","HERNANDEZ,ARI",Benedictine,BENU,1249-6637,8,8,21,0,21,0,0,5,10,1,1,0,0,0,1.25,.63,.13,.000,.125,5,0,0,0,0,0,0,.000,6,0,0,0,.75,.00,.00,.00,0,,562:00,0,.00,.00,,,,,,,,,,,,,,,,,,1.061704816529207,93,87
2026-27,msoc,Northern Athletics Collegiate Conference (NACC),nacc,Wisconsin Lutheran,"Colin, Rolando",Rolando,Colin,,8911,"Colin, Rolando","COLIN,ROLANDO",Wisconsin Lutheran,WLC,1092-3515,8,2,11,0,11,0,0,3,7,2,0,1,0,0,.88,.38,.25,.125,.000,2,0,0,0,0,0,0,.000,3,1,0,0,.38,.00,.13,.00,0,,288:00,0,.00,.00,,,,,,,,,,,,,,,,,,0.9820852254821439,94,87
2026-27,msoc,Northern Athletics Collegiate Conference (NACC),nacc,Wisconsin Lutheran,"O'Connor, George",George,O'Connor,,8911,"O'Connor, George","O'CONNOR,GEORGE",Wisconsin Lutheran,WLC,1092-3674,7,7,22,0,22,0,0,3,7,2,0,1,0,0,1.00,.43,.29,.143,.000,2,1,0,0,0,0,0,.000,4,0,0,0,.57,.00,.00,.00,0,,594:00,0,.00,.00,,,,,,,,,,,,,,,,,,0.9820852254821439,95,87
2026-27,msoc,Northern Athletics Collegiate Conference (NACC),nacc,Dominican,"Almaguer, Jonathan",Jonathan,Almaguer,,1332,"Almaguer, Jonathan","ALMAGUER,JONATHAN",Dominican,DOM,1251-2165,7,7,14,0,14,0,0,4,9,1,1,0,0,0,1.29,.57,.14,.000,.143,4,0,0,0,0,0,0,.000,2,0,0,0,.29,.00,.00,.00,0,,595:00,0,.00,.00,,,,,,,,,,,,,,,,,,0.8884832986445786,96,87
2026-27,msoc,Northern Athletics Collegiate Conference (NACC),nacc,Concordia Wisconsin,"Bumgarner, Hayden",Hayden,Bumgarner,,1036,"Bumgarner, Hayden","BUMGARNER,HAYDEN",Concordia Wisconsin,CUW,1959-6281,7,3,16,0,16,0,0,4,6,1,1,0,0,0,.86,.57,.14,.000,.143,4,0,0,0,0,0,0,.000,11,0,1,0,1.57,.14,.00,.00,0,,289:00,0,.00,.00,,,,,,,,,,,,,,,,,,0.8884832986445786,97,87
2026-27,msoc,Northern Athletics Collegiate Conference (NACC),nacc,Dominican,"Garcia, Cristian",Cristian,Garcia,,1332,"Garcia, Cristian","GARCIA,CRISTIAN",Dominican,DOM,1251-2464,6,4,50,0,50,0,0,4,6,1,1,0,0,0,1.00,.67,.17,.000,.167,4,0,0,0,0,0,0,.000,5,0,0,0,.83,.00,.00,.00,0,,319:00,0,.00,.00,,,,,,,,,,,,,,,,,,0.8884832986445786,98,87
2026-27,msoc,Northern Athletics Collegiate Conference (NACC),nacc,Wisconsin Lutheran,"Scortino, Aydan",Aydan,Scortino,,8911,"Scortino, Aydan","SCORTINO,AYDAN",Wisconsin Lutheran,WLC,1092-3356,8,8,17,0,17,0,0,4,11,1,1,0,0,0,1.38,.50,.13,.000,.125,4,0,0,0,0,0,0,.000,4,0,0,0,.50,.00,.00,.00,0,,710:00,0,.00,.00,,,,,,,,,,,,,,,,,,0.8884832986445786,99,87
2026-27,msoc,Northern Athletics Collegiate Conference (NACC),nacc,Benedictine,"Abouhouli, Malik",Malik,Abouhouli,,296,"Abouhouli, Malik","ABOUHOULI,MALIK",Benedictine,BENU,1249-7030,6,0,14,0,14,0,0,2,4,2,0,1,0,0,.67,.33,.33,.167,.000,1,0,0,0,0,1,0,.000,1,0,0,0,.17,.00,.00,.00,0,,134:00,0,.00,.00,,,,,,,,,,,,,,,,,,0.8088637075975158,100,87
2026-27,msoc,Northern Athletics Collegiate Conference (NACC),nacc,Rockford,"Chavez, Isaac",Isaac,Chavez,,582,"Chavez, Isaac","CHAVEZ,ISAAC",Rockford,ROC,1256-3127,8,2,27,0,27,0,0,2,4,2,0,1,0,0,.50,.25,.25,.125,.000,1,0,0,0,0,0,0,.000,10,1,1,0,1.25,.13,.13,.00,0,,371:00,0,.00,.00,,,,,,,,,,,,,,,,,,0.8088637075975158,101,87
2026-27,msoc,Northern Athletics Collegiate Conference (NACC),nacc,Edgewood,"Mullen, Austin",Austin,Mullen,,1066,"Mullen, Austin","MULLEN,AUSTIN",Edgewood,EDGEEv,1252-4264,7,1,14,0,14,0,0,2,2,2,0,1,0,0,.29,.29,.29,.143,.000,1,0,0,0,0,0,0,.000,5,0,1,0,.71,.14,.00,.00,0,,142:00,0,.00,.00,,,,,,,,,,,,,,,,,,0.8088637075975158,102,86
2026-27,msoc,Northern Athletics Collegiate Conference (NACC),nacc,Aurora,"Ramos, Jesus",Jesus,Ramos,,42,"Ramos, Jesus","RAMOS,JESUS",Aurora,AUR,1248-7004,8,0,22,0,22,0,0,2,3,2,0,1,0,0,.38,.25,.25,.125,.000,1,0,0,0,1,0,0,.000,3,0,0,0,.38,.00,.00,.00,0,,214:00,0,.00,.00,,,,,,,,,,,,,,,,,,0.8088637075975158,103,86
2026-27,msoc,Northern Athletics Collegiate Conference (NACC),nacc,Aurora,"Rueda, Adan",Adan,Rueda,,42,"Rueda, Adan","RUEDA,ADAN",Aurora,AUR,1248-7005,7,0,5,0,5,0,0,2,2,2,0,1,0,0,.29,.29,.29,.143,.000,1,1,0,0,0,1,0,.000,1,0,0,0,.14,.00,.00,.00,0,,144:00,0,.00,.00,,,,,,,,,,,,,,,,,,0.8088637075975158,104,86
2026-27,msoc,Northern Athletics Collegiate Conference (NACC),nacc,MSOE,"Shenouda, Jeremiah",Jeremiah,Shenouda,,20220,"Shenouda, Jeremiah","SHENOUDA,JEREMIAH",MSOE,MSOE,1257-2302,6,1,20,0,20,0,0,2,3,2,0,1,0,0,.50,.33,.33,.167,.000,1,0,0,0,0,0,0,.000,5,0,0,0,.83,.00,.00,.00,0,,122:00,0,.00,.00,,,,,,,,,,,,,,,,,,0.8088637075975158,105,86
2026-27,msoc,Northern Athletics Collegiate Conference (NACC),nacc,Wisconsin Lutheran,"Wilton-Tamayo, Matthew",Matthew,Wilton-Tamayo,,8911,"Wilton-Tamayo, Matthew","WILTON-TAMAYO,MATTHEW",Wisconsin Lutheran,WLC,1092-3860,5,4,23,0,23,0,0,2,3,2,0,1,0,0,.60,.40,.40,.200,.000,1,0,0,0,0,1,1,.200,2,0,1,0,.40,.20,.00,.00,0,,217:00,0,.00,.00,,,,,,,,,,,,,,,,,,0.8088637075975158,106,86
2026-27,msoc,Northern Athletics Collegiate Conference (NACC),nacc,Dominican,"Wood, Cole",Cole,Wood,,1332,"Wood, Cole","WOOD,COLE",Dominican,DOM,1251-2442,7,6,6,0,6,0,0,2,6,2,0,1,0,0,.86,.29,.29,.143,.000,1,0,0,0,1,0,1,.143,6,0,0,0,.86,.00,.00,.00,0,,572:00,0,.00,.00,,,,,,,,,,,,,,,,,,0.8088637075975158,107,86
2026-27,msoc,Northern Athletics Collegiate Conference (NACC),nacc,MSOE,"Escobar, Juan Pablo",Juan Pablo,Escobar,,20220,"Escobar, Juan Pablo","ESCOBAR,JUAN PABLO",MSOE,MSOE,1257-2301,9,2,8,0,8,0,0,3,3,1,1,0,0,0,.33,.33,.11,.000,.111,3,0,0,0,0,0,0,.000,2,0,0,0,.22,.00,.00,.00,0,,302:00,0,.00,.00,,,,,,,,,,,,,,,,,,0.7152617807599504,108,86
2026-27,msoc,Northern Athletics Collegiate Conference (NACC),nacc,Concordia Chicago,"Barragan Jr., Sergio",Sergio,Barragan Jr.,,160,"Barragan Jr., Sergio","BARRAGAN JR.,SERGIO",Concordia Chicago,CUC,1250-5162,8,4,32,0,32,0,0,1,3,2,0,1,0,0,.38,.13,.25,.125,.000,0,0,0,0,1,0,1,.125,5,0,1,0,.63,.13,.00,.00,0,,262:00,0,.00,.00,,,,,,,,,,,,,,,,,,0.6356421897128876,109,86
2026-27,msoc,Northern Athletics Collegiate Conference (NACC),nacc,Wisconsin Lutheran,"Fitz, Aiden",Aiden,Fitz,,8911,"Fitz, Aiden","FITZ,AIDEN",Wisconsin Lutheran,WLC,1092-3345,7,4,3,0,3,0,0,1,3,2,0,1,0,0,.43,.14,.29,.143,.000,0,0,0,0,0,1,1,.143,5,0,0,0,.71,.00,.00,.00,0,,217:00,0,.00,.00,,,,,,,,,,,,,,,,,,0.6356421897128876,110,86
2026-27,msoc,Northern Athletics Collegiate Conference (NACC),nacc,Dominican,"Fowler, Travis",Travis,Fowler,,1332,"Fowler, Travis","FOWLER,TRAVIS",Dominican,DOM,1251-2172,7,7,4,0,4,0,0,1,4,2,0,1,0,0,.57,.14,.29,.143,.000,0,0,0,0,1,0,0,.000,5,0,0,0,.71,.00,.00,.00,0,,630:00,0,.00,.00,,,,,,,,,,,,,,,,,,0.6356421897128876,111,86
2026-27,msoc,Northern Athletics Collegiate Conference (NACC),nacc,Marian,"Juergensen, Braeden",Braeden,Juergensen,,1196,"Juergensen, Braeden","JUERGENSEN,BRAEDEN",Marian,MAR,1255-3320,6,0,38,0,38,0,0,1,2,2,0,1,0,0,.33,.17,.33,.167,.000,0,1,0,0,0,1,0,.000,5,0,1,0,.83,.17,.00,.00,0,,128:00,0,.00,.00,,,,,,,,,,,,,,,,,,0.6356421897128876,112,85
2026-27,msoc,Northern Athletics Collegiate Conference (NACC),nacc,Edgewood,"Kaushik, Arjun",Arjun,Kaushik,,1066,"Kaushik, Arjun","KAUSHIK,ARJUN",Edgewood,EDGEEv,1252-4262,9,2,18,0,18,0,0,1,5,2,0,1,0,0,.56,.11,.22,.111,.000,0,0,0,0,0,0,0,.000,8,0,2,0,.89,.22,.00,.00,0,,431:00,0,.00,.00,,,,,,,,,,,,,,,,,,0.6356421897128876,113,85
2026-27,msoc,Northern Athletics Collegiate Conference (NACC),nacc,Marian,"Lutes, Jeremy",Jeremy,Lutes,,1196,"Lutes, Jeremy","LUTES,JEREMY",Marian,MAR,1255-3470,5,0,29,0,29,0,0,1,1,2,0,1,0,0,.20,.20,.40,.200,.000,0,0,0,0,0,0,0,.000,0,0,0,0,.00,.00,.00,.00,0,,128:00,0,.00,.00,,,,,,,,,,,,,,,,,,0.6356421897128876,114,85
2026-27,msoc,Northern Athletics Collegiate Conference (NACC),nacc,Lakeland,"Skurka, Madden",Madden,Skurka,,1164,"Skurka, Madden","SKURKA,MADDEN",Lakeland,LAK,1253-4913,10,8,23,0,23,0,0,1,3,2,0,1,0,0,.30,.10,.20,.100,.000,0,0,0,0,0,1,0,.000,2,0,0,0,.20,.00,.00,.00,0,,603:00,0,.00,.00,,,,,,,,,,,,,,,,,,0.6356421897128876,115,85
2026-27,msoc,Northern Athletics Collegiate Conference (NACC),nacc,Lakeland,"Steele, Tyler",Tyler,Steele,,1164,"Steele, Tyler","STEELE,TYLER",Lakeland,LAK,1253-5061,2,0,37,0,37,0,0,1,1,2,0,1,0,0,.50,.50,1.00,.500,.000,0,0,0,0,0,1,0,.000,0,0,1,0,.00,.50,.00,.00,0,,22:00,0,.00,.00,,,,,,,,,,,,,,,,,,0.6356421897128876,116,85
2026-27,msoc,Northern Athletics Collegiate Conference (NACC),nacc,Rockford,"Potter, Jack",Jack,Potter,,582,"Potter, Jack","POTTER,JACK",Rockford,ROC,1256-2924,1,0,40,0,40,0,0,0,0,0,0,0,0,0,.00,.00,.00,.000,.000,0,0,0,0,0,0,0,.000,0,0,0,0,.00,.00,.00,.00,0,,14:00,0,.00,.00,2,0,0,0,0,1.000,0.00,1,0,14:15,0,1,.00,1.000,.000,1.00,,0.5464840082063088,117,85
2026-27,msoc,Northern Athletics Collegiate Conference (NACC),nacc,Lakeland,"Reynolds, Jeremiah",Jeremiah,Reynolds,,1164,"Reynolds, Jeremiah","REYNOLDS,JEREMIAH",Lakeland,LAK,1253-5059,6,0,99,0,99,0,0,0,0,0,0,0,0,0,.00,.00,.00,.000,.000,0,0,0,0,0,0,0,.000,0,0,0,0,.00,.00,.00,.00,0,,160:00,0,.00,.00,10,0,0,0,0,1.000,0.00,6,0,160:18,0,6,.00,1.000,.000,1.00,,0.5464840082063088,118,85
2026-27,msoc,Northern Athletics Collegiate Conference (NACC),nacc,MSOE,"Schaefer, Dean",Dean,Schaefer,,20220,"Schaefer, Dean","SCHAEFER,DEAN",MSOE,MSOE,1257-2500,2,2,40,0,40,0,0,0,0,0,0,0,0,0,.00,.00,.00,.000,.000,0,0,0,0,0,0,0,.000,0,0,0,0,.00,.00,.00,.00,0,,90:00,0,.00,.00,7,0,0,2,0,1.000,0.00,4,0,90:00,2,2,.00,1.000,.000,2.00,,0.5464840082063088,119,85
2026-27,msoc,Northern Athletics Collegiate Conference (NACC),nacc,St. Norbert,"Anguil, Charlie",Charlie,Anguil,,614,"Anguil, Charlie","ANGUIL,CHARLIE",St. Norbert,SNC,1102-4141,6,6,25,0,25,0,0,2,5,1,1,0,0,0,.83,.33,.17,.000,.167,2,0,0,0,0,0,0,.000,4,0,2,0,.67,.33,.00,.00,0,,431:00,0,.00,.00,,,,,,,,,,,,,,,,,,0.5420402628753221,120,85
2026-27,msoc,Northern Athletics Collegiate Conference (NACC),nacc,Benedictine,"Avila, Xavier",Xavier,Avila,,296,"Avila, Xavier","AVILA,XAVIER",Benedictine,BENU,1249-7032,8,8,15,0,15,0,0,2,3,1,1,0,0,0,.38,.25,.13,.000,.125,2,0,0,0,0,0,0,.000,8,0,0,0,1.00,.00,.00,.00,0,,604:00,0,.00,.00,,,,,,,,,,,,,,,,,,0.5420402628753221,121,85
2026-27,msoc,Northern Athletics Collegiate Conference (NACC),nacc,Concordia Chicago,"Camacho, Victor",Victor,Camacho,,160,"Camacho, Victor","CAMACHO,VICTOR",Concordia Chicago,CUC,1250-5232,7,7,25,0,25,0,0,2,7,1,1,0,0,0,1.00,.29,.14,.000,.143,2,0,0,0,0,0,0,.000,6,0,1,0,.86,.14,.00,.00,0,,577:00,0,.00,.00,,,,,,,,,,,,,,,,,,0.5420402628753221,122,84
2026-27,msoc,Northern Athletics Collegiate Conference (NACC),nacc,Concordia Wisconsin,"Ortiz, Samuel",Samuel,Ortiz,,1036,"Ortiz, Samuel","ORTIZ,SAMUEL",Concordia Wisconsin,CUW,1959-5879,7,6,19,0,19,0,0,2,3,1,1,0,0,0,.43,.29,.14,.000,.143,2,0,0,0,0,0,0,.000,5,0,3,0,.71,.43,.00,.00,0,,447:00,0,.00,.00,,,,,,,,,,,,,,,,,,0.5420402628753221,123,84
2026-27,msoc,Northern Athletics Collegiate Conference (NACC),nacc,St. Norbert,"Coleman, Linus",Linus,Coleman,,614,"Coleman, Linus","COLEMAN,LINUS",St. Norbert,SNC,1102-3808,8,1,20,0,20,0,0,1,2,1,1,0,0,0,.25,.13,.13,.000,.125,1,0,0,0,0,0,0,.000,2,0,1,0,.25,.13,.00,.00,0,,209:00,0,.00,.00,,,,,,,,,,,,,,,,,,0.36881874499069395,124,84
2026-27,msoc,Northern Athletics Collegiate Conference (NACC),nacc,Aurora,"Reyes, Yandel",Yandel,Reyes,,42,"Reyes, Yandel","REYES,YANDEL",Aurora,AUR,1248-6718,7,0,17,0,17,0,0,1,1,1,1,0,0,0,.14,.14,.14,.000,.143,1,0,0,0,0,0,0,.000,7,0,0,0,1.00,.00,.00,.00,0,,117:00,0,.00,.00,,,,,,,,,,,,,,,,,,0.36881874499069395,125,84
2026-27,msoc,Northern Athletics Collegiate Conference (NACC),nacc,Edgewood,"Sarajlija, Haris",Haris,Sarajlija,,1066,"Sarajlija, Haris","SARAJLIJA,HARIS",Edgewood,EDGEEv,1252-4270,9,9,17,0,17,0,0,1,10,1,1,0,0,0,1.11,.11,.11,.000,.111,1,0,0,0,0,0,0,.000,5,0,0,0,.56,.00,.00,.00,0,,684:00,0,.00,.00,,,,,,,,,,,,,,,,,,0.36881874499069395,126,84
2026-27,msoc,Northern Athletics Collegiate Conference (NACC),nacc,Illinois Tech,"Alvarado, Enrique",Enrique,Alvarado,,30172,"Alvarado, Enrique","ALVARADO,ENRIQUE",Illinois Tech,IIT,765-1354,5,0,20,0,20,0,0,0,0,1,1,0,0,0,.00,.00,.20,.000,.200,0,0,0,0,0,0,0,.000,0,0,0,0,.00,.00,.00,.00,0,,46:00,0,.00,.00,,,,,,,,,,,,,,,,,,0.1955972271060657,127,84
2026-27,msoc,Northern Athletics Collegiate Conference (NACC),nacc,Aurora,"Fischer, Ray",Ray,Fischer,,42,"Fischer, Ray","FISCHER,RAY",Aurora,AUR,1248-6996,9,9,18,0,18,0,0,0,0,1,1,0,0,0,.00,.00,.11,.000,.111,0,0,0,0,0,0,0,.000,4,0,2,0,.44,.22,.00,.00,0,,710:00,0,.00,.00,,,,,,,,,,,,,,,,,,0.1955972271060657,128,84
2026-27,msoc,Northern Athletics Collegiate Conference (NACC),nacc,Lakeland,"Flores, Diego",Diego,Flores,,1164,"Flores, Diego","FLORES,DIEGO",Lakeland,LAK,1253-5052,4,0,24,0,24,0,0,0,2,1,1,0,0,0,.50,.00,.25,.000,.250,0,0,0,0,0,0,0,.000,0,0,0,0,.00,.00,.00,.00,0,,114:00,0,.00,.00,,,,,,,,,,,,,,,,,,0.1955972271060657,129,84
2026-27,msoc,Northern Athletics Collegiate Conference (NACC),nacc,MSOE,"Gendrich, Nate",Nate,Gendrich,,20220,"Gendrich, Nate","GENDRICH,NATE",MSOE,MSOE,1257-2022,9,1,3,0,3,0,0,0,1,1,1,0,0,0,.11,.00,.11,.000,.111,0,0,0,0,0,0,0,.000,4,0,1,0,.44,.11,.00,.00,0,,255:00,0,.00,.00,,,,,,,,,,,,,,,,,,0.1955972271060657,130,84
2026-27,msoc,Northern Athletics Collegiate Conference (NACC),nacc,Rockford,"Herrera, Sebastian",Sebastian,Herrera,,582,"Herrera, Sebastian","HERRERA,SEBASTIAN",Rockford,ROC,1256-2753,9,9,17,0,17,0,0,0,1,1,1,0,0,0,.11,.00,.11,.000,.111,0,0,0,0,0,0,0,.000,15,0,2,0,1.67,.22,.00,.00,0,,551:00,0,.00,.00,,,,,,,,,,,,,,,,,,0.1955972271060657,131,84
2026-27,msoc,Northern Athletics Collegiate Conference (NACC),nacc,Concordia Wisconsin,"Hessenthaler, Nolan",Nolan,Hessenthaler,,1036,"Hessenthaler, Nolan","HESSENTHALER,NOLAN",Concordia Wisconsin,CUW,1959-5720,2,2,5,0,5,0,0,0,1,1,1,0,0,0,.50,.00,.50,.000,.500,0,0,0,0,0,0,0,.000,1,0,0,0,.50,.00,.00,.00,0,,180:00,0,.00,.00,,,,,,,,,,,,,,,,,,0.1955972271060657,132,84
2026-27,msoc,Northern Athletics Collegiate Conference (NACC),nacc,Rockford,"Pollack, Thomas",Thomas,Pollack,,582,"Pollack, Thomas","POLLACK,THOMAS",Rockford,ROC,1256-3119,7,3,24,0,24,0,0,0,1,1,1,0,0,0,.14,.00,.14,.000,.143,0,0,0,0,0,0,0,.000,2,0,0,0,.29,.00,.00,.00,0,,367:00,0,.00,.00,,,,,,,,,,,,,,,,,,0.1955972271060657,133,83
2026-27,msoc,Northern Athletics Collegiate Conference (NACC),nacc,Marian,"Sus, JT",JT,Sus,,1196,"Sus, JT","SUS,JT",Marian,MAR,1255-3147,8,8,2,0,2,0,0,0,2,1,1,0,0,0,.25,.00,.13,.000,.125,0,0,0,0,0,0,0,.000,6,0,3,0,.75,.38,.00,.00,0,,698:00,0,.00,.00,,,,,,,,,,,,,,,,,,0.1955972271060657,134,83
2026-27,msoc,Northern Athletics Collegiate Conference (NACC),nacc,Aurora,"VanDrie, Logan",Logan,VanDrie,,42,"VanDrie, Logan","VANDRIE,LOGAN",Aurora,AUR,1248-7353,3,0,35,0,35,0,0,0,1,1,1,0,0,0,.33,.00,.33,.000,.333,0,0,0,0,0,0,0,.000,0,0,0,0,.00,.00,.00,.00,0,,48:00,0,.00,.00,,,,,,,,,,,,,,,,,,0.1955972271060657,135,83
2026-27,msoc,Northern Athletics Collegiate Conference (NACC),nacc,Dominican,"Villanueva, Josue",Josue,Villanueva,,1332,"Villanueva, Josue","VILLANUEVA,JOSUE",Dominican,DOM,1251-2345,3,2,22,0,22,0,0,0,0,1,1,0,0,0,.00,.00,.33,.000,.333,0,0,0,0,0,0,0,.000,2,0,0,0,.67,.00,.00,.00,0,,69:00,0,.00,.00,,,,,,,,,,,,,,,,,,0.1955972271060657,136,83
2026-27,msoc,Northern Athletics Collegiate Conference (NACC),nacc,Dominican,"Garcia, Alexander",Alexander,Garcia,,1332,"Garcia, Alexander","GARCIA,ALEXANDER",Dominican,DOM,1251-2454,6,4,37,0,37,0,0,0,0,0,0,0,0,0,.00,.00,.00,.000,.000,0,0,0,0,0,0,0,.000,0,0,0,0,.00,.00,.00,.00,0,,315:00,0,.00,.00,38,0,0,2,1,.857,0.29,6,1,315:00,4,6,.17,0.857,.167,1.00,,-0.07292844724061232,137,83
2026-27,msoc,Northern Athletics Collegiate Conference (NACC),nacc,Edgewood,"Meisterheim, Griffin",Griffin,Meisterheim,,1066,"Meisterheim, Griffin","MEISTERHEIM,GRIFFIN",Edgewood,EDGEEv,1252-4027,2,0,1,0,1,0,0,0,0,0,0,0,0,0,.00,.00,.00,.000,.000,0,0,0,0,0,0,0,.000,0,0,0,0,.00,.00,.00,.00,0,,90:00,0,.00,.00,18,1,0,0,0,.900,1.00,9,1,90:00,0,2,.50,0.900,.000,4.50,,-0.20965929837417607,138,83
2026-27,msoc,Northern Athletics Collegiate Conference (NACC),nacc,Illinois Tech,"Rodriguez, David",David,Rodriguez,,30172,"Rodriguez, David","RODRIGUEZ,DAVID",Illinois Tech,IIT,765-1365,6,5,1,0,1,0,0,0,0,0,0,0,0,0,.00,.00,.00,.000,.000,0,0,0,0,0,0,0,.000,0,0,0,0,.00,.00,.00,.00,0,,476:00,0,.00,.00,44,0,2,3,2,.821,0.95,23,5,476:24,5,6,.83,0.821,.333,3.83,,-0.4666854252314744,139,83
2026-27,msoc,Northern Athletics Collegiate Conference (NACC),nacc,St. Norbert,"Mathisen, Gabriel",Gabriel,Mathisen,,614,"Mathisen, Gabriel","MATHISEN,GABRIEL",St. Norbert,SNC,1102-4143,3,2,31,0,31,0,0,0,0,0,0,0,0,0,.00,.00,.00,.000,.000,0,0,0,0,0,0,0,.000,0,0,0,0,.00,.00,.00,.00,0,,224:00,0,.00,.00,24,1,0,1,0,.778,0.80,7,2,224:25,2,3,.67,0.778,.000,2.33,,-0.5568392976587669,140,83
2026-27,msoc,Northern Athletics Collegiate Conference (NACC),nacc,Wisconsin Lutheran,"Determan, Morgan",Morgan,Determan,,8911,"Determan, Morgan","DETERMAN,MORGAN",Wisconsin Lutheran,WLC,1092-3862,6,6,0,0,0,0,0,0,0,0,0,0,0,0,.00,.00,.00,.000,.000,0,0,0,0,0,0,0,.000,0,0,0,0,.00,.00,.00,.00,0,,460:00,0,.00,.00,70,1,3,1,0,.800,1.18,24,6,459:04,6,6,1.00,0.800,.000,4.00,,-0.6335785454548352,141,83
2026-27,msoc,Northern Athletics Collegiate Conference (NACC),nacc,Wisconsin Lutheran,"Galindo, Rafael",Rafael,Galindo,,8911,"Galindo, Rafael","GALINDO,RAFAEL",Wisconsin Lutheran,WLC,1092-3518,8,8,13,0,13,0,0,5,10,0,0,0,0,0,1.25,.63,.00,.000,.000,5,0,0,0,0,0,0,.000,16,0,2,0,2.00,.25,.00,.00,0,,477:00,0,.00,.00,,,,,,,,,,,,,,,,,,-0.6574776867280494,142,83
2026-27,msoc,Northern Athletics Collegiate Conference (NACC),nacc,Rockford,"Batres, Isaiah",Isaiah,Batres,,582,"Batres, Isaiah","BATRES,ISAIAH",Rockford,ROC,1256-3118,4,4,1,0,1,0,0,0,0,0,0,0,0,0,.00,.00,.00,.000,.000,0,0,0,0,0,0,0,.000,0,0,0,0,.00,.00,.00,.00,0,,306:00,0,.00,.00,53,0,2,0,1,.778,1.18,14,4,305:26,4,4,1.00,0.778,.250,3.50,,-0.7107967886464911,143,82
2026-27,msoc,Northern Athletics Collegiate Conference (NACC),nacc,St. Norbert,"Kiszka, Jackson",Jackson,Kiszka,,614,"Kiszka, Jackson","KISZKA,JACKSON",St. Norbert,SNC,1102-3657,9,8,0,0,0,0,0,0,0,0,0,0,0,0,.00,.00,.00,.000,.000,0,0,0,0,0,0,0,.000,1,0,0,0,.11,.00,.00,.00,0,,676:00,0,.00,.00,72,2,3,3,2,.765,1.07,26,8,675:35,8,9,.89,0.765,.222,2.89,,-0.7118591084044441,144,82
2026-27,msoc,Northern Athletics Collegiate Conference (NACC),nacc,Edgewood,"Wallace, Ezra",Ezra,Wallace,,1066,"Wallace, Ezra","WALLACE,EZRA",Edgewood,EDGEEv,1252-4274,9,9,0,0,0,0,0,0,0,0,0,0,0,0,.00,.00,.00,.000,.000,0,0,0,0,0,0,0,.000,0,0,0,0,.00,.00,.00,.00,0,,720:00,0,.00,.00,141,1,4,3,1,.771,1.38,37,11,720:00,9,9,1.22,0.771,.111,4.11,,-0.8163964880766096,145,82
2026-27,msoc,Northern Athletics Collegiate Conference (NACC),nacc,Dominican,"Navarro Mercado, Roberto",Roberto,Navarro Mercado,,1332,"Navarro Mercado, Roberto","NAVARRO MERCADO,ROBERTO",Dominican,DOM,1251-2456,6,3,99,0,99,0,0,0,0,0,0,0,0,0,.00,.00,.00,.000,.000,0,0,0,0,0,0,0,.000,0,0,0,0,.00,.00,.00,.00,0,,315:00,0,.00,.00,49,2,2,1,1,.773,1.43,17,5,315:00,3,6,.83,0.773,.167,2.83,,-0.829634212390107,146,82
2026-27,msoc,Northern Athletics Collegiate Conference (NACC),nacc,Lakeland,"Qandeel, Adam",Adam,Qandeel,,1164,"Qandeel, Adam","QANDEEL,ADAM",Lakeland,LAK,1253-5306,12,0,32,0,32,0,0,4,7,0,0,0,0,0,.58,.33,.00,.000,.000,4,0,0,0,0,0,0,.000,2,0,1,0,.17,.08,.00,.00,0,,217:00,0,.00,.00,,,,,,,,,,,,,,,,,,-0.8306992046126775,147,82
2026-27,msoc,Northern Athletics Collegiate Conference (NACC),nacc,Benedictine,"Tiburcio, Abraham",Abraham,Tiburcio,,296,"Tiburcio, Abraham","TIBURCIO,ABRAHAM",Benedictine,BENU,1249-6642,7,6,22,0,22,0,0,0,0,0,0,0,0,0,.00,.00,.00,.000,.000,0,0,0,0,0,0,0,.000,0,0,0,0,.00,.00,.00,.00,0,,541:00,0,.00,.00,59,1,2,3,2,.731,1.17,19,7,540:00,6,6,1.00,0.731,.286,2.71,,-0.8717115225442991,148,82
2026-27,msoc,Northern Athletics Collegiate Conference (NACC),nacc,Aurora,"Miller, Brett",Brett,Miller,,42,"Miller, Brett","MILLER,BRETT",Aurora,AUR,1248-7001,9,8,00,0,00,0,0,0,0,0,0,0,0,0,.00,.00,.00,.000,.000,0,0,0,0,0,0,0,.000,0,0,0,0,.00,.00,.00,.00,0,,765:00,0,.00,.00,68,1,2,5,3,.711,1.29,27,11,765:00,8,9,1.22,0.711,.333,3.00,,-0.9905280804945595,149,82
2026-27,msoc,Northern Athletics Collegiate Conference (NACC),nacc,St. Norbert,"Anguil, Joe",Joe,Anguil,,614,"Anguil, Joe","ANGUIL,JOE",St. Norbert,SNC,1102-3653,10,3,9,0,9,0,0,3,10,0,0,0,0,0,1.00,.30,.00,.000,.000,3,0,0,0,0,0,0,.000,8,0,1,0,.80,.10,.00,.00,0,,350:00,0,.00,.00,,,,,,,,,,,,,,,,,,-1.003920722497306,150,82
2026-27,msoc,Northern Athletics Collegiate Conference (NACC),nacc,Concordia Chicago,"Barrera, Alexander",Alexander,Barrera,,160,"Barrera, Alexander","BARRERA,ALEXANDER",Concordia Chicago,CUC,1250-5163,8,6,23,0,23,0,0,3,13,0,0,0,0,0,1.63,.38,.00,.000,.000,3,0,0,0,0,0,0,.000,7,0,0,0,.88,.00,.00,.00,0,,505:00,0,.00,.00,,,,,,,,,,,,,,,,,,-1.003920722497306,151,82
2026-27,msoc,Northern Athletics Collegiate Conference (NACC),nacc,Benedictine,"Gonzalez-Polar, Nico",Nico,Gonzalez-Polar,,296,"Gonzalez-Polar, Nico","GONZALEZ-POLAR,NICO",Benedictine,BENU,1249-7039,8,1,12,0,12,0,0,3,14,0,0,0,0,0,1.75,.38,.00,.000,.000,3,0,0,0,0,0,0,.000,3,0,0,0,.38,.00,.00,.00,0,,371:00,0,.00,.00,,,,,,,,,,,,,,,,,,-1.003920722497306,152,82
2026-27,msoc,Northern Athletics Collegiate Conference (NACC),nacc,Wisconsin Lutheran,"Guess, Drew",Drew,Guess,,8911,"Guess, Drew","GUESS,DREW",Wisconsin Lutheran,WLC,1092-3341,8,4,10,0,10,0,0,3,5,0,0,0,0,0,.63,.38,.00,.000,.000,3,0,0,0,0,0,0,.000,3,0,0,0,.38,.00,.00,.00,0,,182:00,0,.00,.00,,,,,,,,,,,,,,,,,,-1.003920722497306,153,81
2026-27,msoc,Northern Athletics Collegiate Conference (NACC),nacc,Concordia Wisconsin,"Hajdu, Huba",Huba,Hajdu,,1036,"Hajdu, Huba","HAJDU,HUBA",Concordia Wisconsin,CUW,1959-5571,4,4,7,0,7,0,0,3,5,0,0,0,0,0,1.25,.75,.00,.000,.000,3,0,0,0,0,0,0,.000,4,0,1,0,1.00,.25,.00,.00,0,,177:00,0,.00,.00,,,,,,,,,,,,,,,,,,-1.003920722497306,154,81
2026-27,msoc,Northern Athletics Collegiate Conference (NACC),nacc,Concordia Wisconsin,"Kinsey, Jonah",Jonah,Kinsey,,1036,"Kinsey, Jonah","KINSEY,JONAH",Concordia Wisconsin,CUW,1959-5722,8,4,28,0,28,0,0,3,4,0,0,0,0,0,.50,.38,.00,.000,.000,3,0,0,0,0,0,0,.000,1,0,0,0,.13,.00,.00,.00,0,,367:00,0,.00,.00,,,,,,,,,,,,,,,,,,-1.003920722497306,155,81
2026-27,msoc,Northern Athletics Collegiate Conference (NACC),nacc,Wisconsin Lutheran,"Pollnow, Max",Max,Pollnow,,8911,"Pollnow, Max","POLLNOW,MAX",Wisconsin Lutheran,WLC,1092-3866,8,3,20,0,20,0,0,3,5,0,0,0,0,0,.63,.38,.00,.000,.000,3,0,0,0,0,0,0,.000,6,0,0,0,.75,.00,.00,.00,0,,397:00,0,.00,.00,,,,,,,,,,,,,,,,,,-1.003920722497306,156,81
2026-27,msoc,Northern Athletics Collegiate Conference (NACC),nacc,Benedictine,"Rafacz, Krystian",Krystian,Rafacz,,296,"Rafacz, Krystian","RAFACZ,KRYSTIAN",Benedictine,BENU,1249-7042,8,3,36,0,36,0,0,3,9,0,0,0,0,0,1.13,.38,.00,.000,.000,3,0,0,0,0,0,0,.000,6,0,3,0,.75,.38,.00,.00,0,,394:00,0,.00,.00,,,,,,,,,,,,,,,,,,-1.003920722497306,157,81
2026-27,msoc,Northern Athletics Collegiate Conference (NACC),nacc,St. Norbert,"Swicionis, Ben",Ben,Swicionis,,614,"Swicionis, Ben","SWICIONIS,BEN",St. Norbert,SNC,1102-3425,9,0,8,0,8,0,0,3,5,0,0,0,0,0,.56,.33,.00,.000,.000,3,0,0,0,0,0,0,.000,2,0,1,0,.22,.11,.00,.00,0,,255:00,0,.00,.00,,,,,,,,,,,,,,,,,,-1.003920722497306,158,81
2026-27,msoc,Northern Athletics Collegiate Conference (NACC),nacc,Concordia Wisconsin,"Montgomery, Logan",Logan,Montgomery,,1036,"Montgomery, Logan","MONTGOMERY,LOGAN",Concordia Wisconsin,CUW,1959-5723,2,2,39,0,39,0,0,0,0,0,0,0,0,0,.00,.00,.00,.000,.000,0,0,0,0,0,0,0,.000,0,0,0,0,.00,.00,.00,.00,0,,180:00,0,.00,.00,27,0,2,0,0,.727,1.50,8,3,180:00,2,2,1.50,0.727,.000,4.00,,-1.0194511295086766,159,81
2026-27,msoc,Northern Athletics Collegiate Conference (NACC),nacc,Illinois Tech,"Thomas, Colin",Colin,Thomas,,30172,"Thomas, Colin","THOMAS,COLIN",Illinois Tech,IIT,765-1370,4,4,99,0,99,0,0,0,0,0,0,0,0,0,.00,.00,.00,.000,.000,0,0,0,0,0,0,0,.000,0,0,1,0,.00,.25,.00,.00,0,,334:00,0,.00,.00,46,0,2,2,1,.727,1.62,16,6,333:36,4,4,1.50,0.727,.250,4.00,,-1.0680692845574316,160,81
2026-27,msoc,Northern Athletics Collegiate Conference (NACC),nacc,Concordia Chicago,"Gudiel, Nethan",Nethan,Gudiel,,160,"Gudiel, Nethan","GUDIEL,NETHAN",Concordia Chicago,CUC,1250-4678,8,8,35,0,35,0,0,0,0,0,0,0,0,0,.00,.00,.00,.000,.000,0,0,0,0,0,0,0,.000,1,0,0,0,.13,.00,.00,.00,0,,684:00,0,.00,.00,113,1,5,2,2,.725,1.84,37,14,683:51,8,8,1.75,0.725,.250,4.63,,-1.1642224091036328,161,81
2026-27,msoc,Northern Athletics Collegiate Conference (NACC),nacc,Concordia Chicago,"Adame, Adrian",Adrian,Adame,,160,"Adame, Adrian","ADAME,ADRIAN",Concordia Chicago,CUC,1250-5233,7,0,31,0,31,0,0,2,3,0,0,0,0,0,.43,.29,.00,.000,.000,2,0,0,0,0,0,0,.000,5,0,1,0,.71,.14,.00,.00,0,,149:00,0,.00,.00,,,,,,,,,,,,,,,,,,-1.177142240381934,162,81
2026-27,msoc,Northern Athletics Collegiate Conference (NACC),nacc,Lakeland,"Cain, Justin",Justin,Cain,,1164,"Cain, Justin","CAIN,JUSTIN",Lakeland,LAK,1253-4905,11,4,25,0,25,0,0,2,5,0,0,0,0,0,.45,.18,.00,.000,.000,2,0,0,0,0,0,0,.000,1,0,0,0,.09,.00,.00,.00,0,,292:00,0,.00,.00,,,,,,,,,,,,,,,,,,-1.177142240381934,163,81
2026-27,msoc,Northern Athletics Collegiate Conference (NACC),nacc,Lakeland,"Conrardy, Breckon",Breckon,Conrardy,,1164,"Conrardy, Breckon","CONRARDY,BRECKON",Lakeland,LAK,1253-5282,1,0,12,0,12,0,0,2,2,0,0,0,0,0,2.00,2.00,.00,.000,.000,2,0,0,0,0,0,0,.000,0,0,0,0,.00,.00,.00,.00,0,,24:00,0,.00,.00,,,,,,,,,,,,,,,,,,-1.177142240381934,164,80
2026-27,msoc,Northern Athletics Collegiate Conference (NACC),nacc,Illinois Tech,"Floyd, Carson",Carson,Floyd,,30172,"Floyd, Carson","FLOYD,CARSON",Illinois Tech,IIT,765-1542,9,1,11,0,11,0,0,2,5,0,0,0,0,0,.56,.22,.00,.000,.000,2,0,0,0,0,0,0,.000,3,0,1,0,.33,.11,.00,.00,0,,264:00,0,.00,.00,,,,,,,,,,,,,,,,,,-1.177142240381934,165,80
2026-27,msoc,Northern Athletics Collegiate Conference (NACC),nacc,Edgewood,"Lewis, Gavin",Gavin,Lewis,,1066,"Lewis, Gavin","LEWIS,GAVIN",Edgewood,EDGEEv,1252-4023,9,7,6,0,6,0,0,2,2,0,0,0,0,0,.22,.22,.00,.000,.000,2,0,0,0,0,0,0,.000,10,0,2,0,1.11,.22,.00,.00,0,,389:00,0,.00,.00,,,,,,,,,,,,,,,,,,-1.177142240381934,166,80
2026-27,msoc,Northern Athletics Collegiate Conference (NACC),nacc,Concordia Chicago,"Pedraza, Leonardo",Leonardo,Pedraza,,160,"Pedraza, Leonardo","PEDRAZA,LEONARDO",Concordia Chicago,CUC,1250-5155,8,8,8,0,8,0,0,2,6,0,0,0,0,0,.75,.25,.00,.000,.000,2,0,0,0,0,0,0,.000,1,0,1,0,.13,.13,.00,.00,0,,593:00,0,.00,.00,,,,,,,,,,,,,,,,,,-1.177142240381934,167,80
2026-27,msoc,Northern Athletics Collegiate Conference (NACC),nacc,St. Norbert,"Planica, Pawel",Pawel,Planica,,614,"Planica, Pawel","PLANICA,PAWEL",St. Norbert,SNC,1102-4136,8,0,13,0,13,0,0,2,4,0,0,0,0,0,.50,.25,.00,.000,.000,2,0,0,0,0,0,0,.000,3,0,0,0,.38,.00,.00,.00,0,,127:00,0,.00,.00,,,,,,,,,,,,,,,,,,-1.177142240381934,168,80
2026-27,msoc,Northern Athletics Collegiate Conference (NACC),nacc,Lakeland,"Pocan, Desmond",Desmond,Pocan,,1164,"Pocan, Desmond","POCAN,DESMOND",Lakeland,LAK,1253-4900,6,0,4,0,4,0,0,2,2,0,0,0,0,0,.33,.33,.00,.000,.000,2,0,0,0,0,0,0,.000,0,0,0,0,.00,.00,.00,.00,0,,130:00,0,.00,.00,,,,,,,,,,,,,,,,,,-1.177142240381934,169,80
2026-27,msoc,Northern Athletics Collegiate Conference (NACC),nacc,Aurora,"Radcliffe, Kaeden",Kaeden,Radcliffe,,42,"Radcliffe, Kaeden","RADCLIFFE,KAEDEN",Aurora,AUR,1248-6716,6,0,25,0,25,0,0,2,2,0,0,0,0,0,.33,.33,.00,.000,.000,2,0,0,0,0,0,0,.000,0,0,0,0,.00,.00,.00,.00,0,,117:00,0,.00,.00,,,,,,,,,,,,,,,,,,-1.177142240381934,170,80
2026-27,msoc,Northern Athletics Collegiate Conference (NACC),nacc,Concordia Wisconsin,"Rios, Ramon",Ramon,Rios,,1036,"Rios, Ramon","RIOS,RAMON",Concordia Wisconsin,CUW,1959-3551,8,8,6,0,6,0,0,2,2,0,0,0,0,0,.25,.25,.00,.000,.000,2,0,0,0,0,0,0,.000,2,0,0,0,.25,.00,.00,.00,0,,439:00,0,.00,.00,,,,,,,,,,,,,,,,,,-1.177142240381934,171,80
2026-27,msoc,Northern Athletics Collegiate Conference (NACC),nacc,Aurora,"Rosiles, Adrian",Adrian,Rosiles,,42,"Rosiles, Adrian","ROSILES,ADRIAN",Aurora,AUR,1248-6720,8,3,3,0,3,0,0,2,5,0,0,0,0,0,.63,.25,.00,.000,.000,2,0,0,0,0,0,0,.000,6,0,1,0,.75,.13,.00,.00,0,,393:00,0,.00,.00,,,,,,,,,,,,,,,,,,-1.177142240381934,172,80
2026-27,msoc,Northern Athletics Collegiate Conference (NACC),nacc,Concordia Chicago,"Salamanca, Miguel",Miguel,Salamanca,,160,"Salamanca, Miguel","SALAMANCA,MIGUEL",Concordia Chicago,CUC,1250-5093,8,2,39,0,39,0,0,2,4,0,0,0,0,0,.50,.25,.00,.000,.000,2,0,0,0,0,0,0,.000,1,0,0,0,.13,.00,.00,.00,0,,299:00,0,.00,.00,,,,,,,,,,,,,,,,,,-1.177142240381934,173,80
2026-27,msoc,Northern Athletics Collegiate Conference (NACC),nacc,Aurora,"Saldana, Aaron",Aaron,Saldana,,42,"Saldana, Aaron","SALDANA,AARON",Aurora,AUR,1248-7347,9,8,8,0,8,0,0,2,4,0,0,0,0,0,.44,.22,.00,.000,.000,2,0,0,0,0,0,0,.000,8,0,1,0,.89,.11,.00,.00,0,,583:00,0,.00,.00,,,,,,,,,,,,,,,,,,-1.177142240381934,174,79
2026-27,msoc,Northern Athletics Collegiate Conference (NACC),nacc,Illinois Tech,"Skiba, Zach",Zach,Skiba,,30172,"Skiba, Zach","SKIBA,ZACH",Illinois Tech,IIT,765-1368,9,8,15,0,15,0,0,2,6,0,0,0,0,0,.67,.22,.00,.000,.000,2,0,0,0,0,0,0,.000,0,0,0,0,.00,.00,.00,.00,0,,687:00,0,.00,.00,,,,,,,,,,,,,,,,,,-1.177142240381934,175,79
2026-27,msoc,Northern Athletics Collegiate Conference (NACC),nacc,Edgewood,"Torres-Gale, Cristian",Cristian,Torres-Gale,,1066,"Torres-Gale, Cristian","TORRES-GALE,CRISTIAN",Edgewood,EDGEEv,1252-4007,5,5,8,0,8,0,0,2,4,0,0,0,0,0,.80,.40,.00,.000,.000,2,0,0,0,0,0,0,.000,2,0,0,0,.40,.00,.00,.00,0,,251:00,0,.00,.00,,,,,,,,,,,,,,,,,,-1.177142240381934,176,79
2026-27,msoc,Northern Athletics Collegiate Conference (NACC),nacc,Lakeland,"Vojta, Cody",Cody,Vojta,,1164,"Vojta, Cody","VOJTA,CODY",Lakeland,LAK,1253-5064,12,3,26,0,26,0,0,2,3,0,0,0,0,0,.25,.17,.00,.000,.000,2,0,0,0,0,0,0,.000,4,0,2,0,.33,.17,.00,.00,0,,391:00,0,.00,.00,,,,,,,,,,,,,,,,,,-1.177142240381934,177,79
2026-27,msoc,Northern Athletics Collegiate Conference (NACC),nacc,Rockford,"Pritzlaff, Wesley",Wesley,Pritzlaff,,582,"Pritzlaff, Wesley","PRITZLAFF,WESLEY",Rockford,ROC,1256-2750,6,5,0,0,0,0,0,0,0,0,0,0,0,0,.00,.00,.00,.000,.000,0,0,0,0,0,0,0,.000,0,0,1,0,.00,.17,.00,.00,0,,477:00,0,.00,.00,73,2,2,2,1,.744,2.08,32,11,477:11,5,6,1.83,0.744,.167,5.33,,-1.1947702364447128,178,79
2026-27,msoc,Northern Athletics Collegiate Conference (NACC),nacc,Lakeland,"Faiad, Ali",Ali,Faiad,,1164,"Faiad, Ali","FAIAD,ALI",Lakeland,LAK,1253-5287,12,12,1,0,1,0,0,0,0,0,0,0,0,0,.00,.00,.00,.000,.000,0,0,0,0,0,0,0,.000,1,0,0,0,.08,.00,.00,.00,0,,908:00,0,.00,.00,88,1,2,9,2,.643,1.49,27,15,907:03,12,12,1.25,0.643,.167,2.25,,-1.3102329087742692,179,79
2026-27,msoc,Northern Athletics Collegiate Conference (NACC),nacc,Edgewood,"Allnutt, Che",Che,Allnutt,,1066,"Allnutt, Che","ALLNUTT,CHE",Edgewood,EDGEEv,1252-4254,8,0,43,0,43,0,0,1,1,0,0,0,0,0,.13,.13,.00,.000,.000,1,0,0,0,0,0,0,.000,4,0,2,0,.50,.25,.00,.00,0,,229:00,0,.00,.00,,,,,,,,,,,,,,,,,,-1.3503637582665624,180,79
2026-27,msoc,Northern Athletics Collegiate Conference (NACC),nacc,Rockford,"Ayala, Matthew",Matthew,Ayala,,582,"Ayala, Matthew","AYALA,MATTHEW",Rockford,ROC,1256-3131,3,0,32,0,32,0,0,1,3,0,0,0,0,0,1.00,.33,.00,.000,.000,1,0,0,0,0,0,0,.000,0,0,1,0,.00,.33,.00,.00,0,,53:00,0,.00,.00,,,,,,,,,,,,,,,,,,-1.3503637582665624,181,79
2026-27,msoc,Northern Athletics Collegiate Conference (NACC),nacc,St. Norbert,"Baird, Evan",Evan,Baird,,614,"Baird, Evan","BAIRD,EVAN",St. Norbert,SNC,1102-3658,9,9,32,0,32,0,0,1,1,0,0,0,0,0,.11,.11,.00,.000,.000,1,0,0,0,0,0,0,.000,1,0,1,0,.11,.11,.00,.00,0,,762:00,0,.00,.00,,,,,,,,,,,,,,,,,,-1.3503637582665624,182,79
2026-27,msoc,Northern Athletics Collegiate Conference (NACC),nacc,Benedictine,"Callender, Fred",Fred,Callender,,296,"Callender, Fred","CALLENDER,FRED",Benedictine,BENU,1249-7034,2,0,31,0,31,0,0,1,1,0,0,0,0,0,.50,.50,.00,.000,.000,1,0,0,0,0,0,0,.000,0,0,0,0,.00,.00,.00,.00,0,,13:00,0,.00,.00,,,,,,,,,,,,,,,,,,-1.3503637582665624,183,79
2026-27,msoc,Northern Athletics Collegiate Conference (NACC),nacc,Dominican,"Cisneros, Rogelio",Rogelio,Cisneros,,1332,"Cisneros, Rogelio","CISNEROS,ROGELIO",Dominican,DOM,1251-2326,7,1,25,0,25,0,0,1,3,0,0,0,0,0,.43,.14,.00,.000,.000,1,0,0,0,0,0,0,.000,9,0,0,0,1.29,.00,.00,.00,0,,272:00,0,.00,.00,,,,,,,,,,,,,,,,,,-1.3503637582665624,184,78
2026-27,msoc,Northern Athletics Collegiate Conference (NACC),nacc,Aurora,"Clanin, Kolby",Kolby,Clanin,,42,"Clanin, Kolby","CLANIN,KOLBY",Aurora,AUR,1248-7349,4,0,16,0,16,0,0,1,2,0,0,0,0,0,.50,.25,.00,.000,.000,1,0,0,0,0,0,0,.000,0,0,0,0,.00,.00,.00,.00,0,,74:00,0,.00,.00,,,,,,,,,,,,,,,,,,-1.3503637582665624,185,78
2026-27,msoc,Northern Athletics Collegiate Conference (NACC),nacc,Concordia Wisconsin,"Cometa, Aidan",Aidan,Cometa,,1036,"Cometa, Aidan","COMETA,AIDAN",Concordia Wisconsin,CUW,1959-5715,6,1,15,0,15,0,0,1,1,0,0,0,0,0,.17,.17,.00,.000,.000,1,0,0,0,0,0,0,.000,1,0,0,0,.17,.00,.00,.00,0,,141:00,0,.00,.00,,,,,,,,,,,,,,,,,,-1.3503637582665624,186,78
2026-27,msoc,Northern Athletics Collegiate Conference (NACC),nacc,Benedictine,"Defensor, Justin",Justin,Defensor,,296,"Defensor, Justin","DEFENSOR,JUSTIN",Benedictine,BENU,1249-6632,6,1,3,0,3,0,0,1,1,0,0,0,0,0,.17,.17,.00,.000,.000,1,0,0,0,0,0,0,.000,1,0,0,0,.17,.00,.00,.00,0,,192:00,0,.00,.00,,,,,,,,,,,,,,,,,,-1.3503637582665624,187,78
2026-27,msoc,Northern Athletics Collegiate Conference (NACC),nacc,St. Norbert,"Durski, Kacper",Kacper,Durski,,614,"Durski, Kacper","DURSKI,KACPER",St. Norbert,SNC,1102-3655,9,7,14,0,14,0,0,1,4,0,0,0,0,0,.44,.11,.00,.000,.000,1,0,0,0,0,0,0,.000,1,0,1,0,.11,.11,.00,.00,0,,569:00,0,.00,.00,,,,,,,,,,,,,,,,,,-1.3503637582665624,188,78
2026-27,msoc,Northern Athletics Collegiate Conference (NACC),nacc,Concordia Chicago,"Flores, Giovanni",Giovanni,Flores,,160,"Flores, Giovanni","FLORES,GIOVANNI",Concordia Chicago,CUC,1250-5157,7,0,18,0,18,0,0,1,6,0,0,0,0,0,.86,.14,.00,.000,.000,1,0,0,0,0,0,0,.000,2,0,0,0,.29,.00,.00,.00,0,,200:00,0,.00,.00,,,,,,,,,,,,,,,,,,-1.3503637582665624,189,78
2026-27,msoc,Northern Athletics Collegiate Conference (NACC),nacc,Benedictine,"Gaytan, Alberto",Alberto,Gaytan,,296,"Gaytan, Alberto","GAYTAN,ALBERTO",Benedictine,BENU,1249-6634,1,0,25,0,25,0,0,1,1,0,0,0,0,0,1.00,1.00,.00,.000,.000,1,0,0,0,0,0,0,.000,1,0,0,0,1.00,.00,.00,.00,0,,34:00,0,.00,.00,,,,,,,,,,,,,,,,,,-1.3503637582665624,190,78
2026-27,msoc,Northern Athletics Collegiate Conference (NACC),nacc,Dominican,"Geraghty, Ciaran",Ciaran,Geraghty,,1332,"Geraghty, Ciaran","GERAGHTY,CIARAN",Dominican,DOM,1251-2065,7,7,8,0,8,0,0,1,1,0,0,0,0,0,.14,.14,.00,.000,.000,1,0,0,0,0,0,0,.000,1,0,0,0,.14,.00,.00,.00,0,,595:00,0,.00,.00,,,,,,,,,,,,,,,,,,-1.3503637582665624,191,78
2026-27,msoc,Northern Athletics Collegiate Conference (NACC),nacc,Dominican,"Hasting, Christopher",Christopher,Hasting,,1332,"Hasting, Christopher","HASTING,CHRISTOPHER",Dominican,DOM,1251-2334,7,3,16,0,16,0,0,1,1,0,0,0,0,0,.14,.14,.00,.000,.000,1,0,0,0,0,0,0,.000,6,0,0,0,.86,.00,.00,.00,0,,187:00,0,.00,.00,,,,,,,,,,,,,,,,,,-1.3503637582665624,192,78
2026-27,msoc,Northern Athletics Collegiate Conference (NACC),nacc,Edgewood,"Kaster, Stephen",Stephen,Kaster,,1066,"Kaster, Stephen","KASTER,STEPHEN",Edgewood,EDGEEv,1252-4008,7,1,20,0,20,0,0,1,1,0,0,0,0,0,.14,.14,.00,.000,.000,1,0,0,0,0,0,0,.000,1,0,1,0,.14,.14,.00,.00,0,,119:00,0,.00,.00,,,,,,,,,,,,,,,,,,-1.3503637582665624,193,78
2026-27,msoc,Northern Athletics Collegiate Conference (NACC),nacc,Illinois Tech,"Kishchak, Darii",Darii,Kishchak,,30172,"Kishchak, Darii","KISHCHAK,DARII",Illinois Tech,IIT,765-1834,4,0,26,0,26,0,0,1,1,0,0,0,0,0,.25,.25,.00,.000,.000,1,0,0,0,0,0,0,.000,3,0,0,0,.75,.00,.00,.00,0,,113:00,0,.00,.00,,,,,,,,,,,,,,,,,,-1.3503637582665624,194,78
2026-27,msoc,Northern Athletics Collegiate Conference (NACC),nacc,Concordia Wisconsin,"Madongo, Akram",Akram,Madongo,,1036,"Madongo, Akram","MADONGO,AKRAM",Concordia Wisconsin,CUW,1959-6278,6,0,30,0,30,0,0,1,6,0,0,0,0,0,1.00,.17,.00,.000,.000,1,0,0,0,0,0,0,.000,3,0,1,0,.50,.17,.00,.00,0,,166:00,0,.00,.00,,,,,,,,,,,,,,,,,,-1.3503637582665624,195,77
2026-27,msoc,Northern Athletics Collegiate Conference (NACC),nacc,Rockford,"Matoushek, Jordan",Jordan,Matoushek,,582,"Matoushek, Jordan","MATOUSHEK,JORDAN",Rockford,ROC,1256-3110,7,3,8,0,8,0,0,1,1,0,0,0,0,0,.14,.14,.00,.000,.000,1,0,0,0,0,0,0,.000,4,0,1,0,.57,.14,.00,.00,0,,218:00,0,.00,.00,,,,,,,,,,,,,,,,,,-1.3503637582665624,196,77
2026-27,msoc,Northern Athletics Collegiate Conference (NACC),nacc,Wisconsin Lutheran,"McLarty, Hayden",Hayden,McLarty,,8911,"McLarty, Hayden","MCLARTY,HAYDEN",Wisconsin Lutheran,WLC,1092-3867,8,8,27,0,27,0,0,1,4,0,0,0,0,0,.50,.13,.00,.000,.000,1,0,0,0,0,0,0,.000,7,0,1,0,.88,.13,.00,.00,0,,711:00,0,.00,.00,,,,,,,,,,,,,,,,,,-1.3503637582665624,197,77
2026-27,msoc,Northern Athletics Collegiate Conference (NACC),nacc,Rockford,"Millan, Jonathan",Jonathan,Millan,,582,"Millan, Jonathan","MILLAN,JONATHAN",Rockford,ROC,0,3,0,33,0,33,0,0,1,1,0,0,0,0,0,.33,.33,.00,.000,.000,1,0,0,0,0,0,0,.000,0,0,0,0,.00,.00,.00,.00,0,,70:00,0,.00,.00,,,,,,,,,,,,,,,,,,-1.3503637582665624,198,77
2026-27,msoc,Northern Athletics Collegiate Conference (NACC),nacc,Marian,"Momberg, Robert",Robert,Momberg,,1196,"Momberg, Robert","MOMBERG,ROBERT",Marian,MAR,1255-2901,8,3,18,0,18,0,0,1,1,0,0,0,0,0,.13,.13,.00,.000,.000,1,0,0,0,0,0,0,.000,2,0,0,0,.25,.00,.00,.00,0,,365:00,0,.00,.00,,,,,,,,,,,,,,,,,,-1.3503637582665624,199,77
2026-27,msoc,Northern Athletics Collegiate Conference (NACC),nacc,Aurora,"Orozco, Julian",Julian,Orozco,,42,"Orozco, Julian","OROZCO,JULIAN",Aurora,AUR,1248-6508,9,9,14,0,14,0,0,1,1,0,0,0,0,0,.11,.11,.00,.000,.000,1,0,0,0,0,0,0,.000,3,0,0,0,.33,.00,.00,.00,0,,784:00,0,.00,.00,,,,,,,,,,,,,,,,,,-1.3503637582665624,200,77
2026-27,msoc,Northern Athletics Collegiate Conference (NACC),nacc,Dominican,"Panora-Garcia, Angel",Angel,Panora-Garcia,,1332,"Panora-Garcia, Angel","PANORA-GARCIA,ANGEL",Dominican,DOM,1251-2452,4,0,34,0,34,0,0,1,1,0,0,0,0,0,.25,.25,.00,.000,.000,1,0,0,0,0,0,0,.000,1,0,0,0,.25,.00,.00,.00,0,,77:00,0,.00,.00,,,,,,,,,,,,,,,,,,-1.3503637582665624,201,77
2026-27,msoc,Northern Athletics Collegiate Conference (NACC),nacc,Illinois Tech,"Paradiso, Brennan",Brennan,Paradiso,,30172,"Paradiso, Brennan","PARADISO,BRENNAN",Illinois Tech,IIT,765-1363,9,1,5,0,5,0,0,1,2,0,0,0,0,0,.22,.11,.00,.000,.000,1,0,0,0,0,0,0,.000,0,0,0,0,.00,.00,.00,.00,0,,310:00,0,.00,.00,,,,,,,,,,,,,,,,,,-1.3503637582665624,202,77
2026-27,msoc,Northern Athletics Collegiate Conference (NACC),nacc,Dominican,"Raygoza, Isaac",Isaac,Raygoza,,1332,"Raygoza, Isaac","RAYGOZA,ISAAC",Dominican,DOM,1251-2450,7,5,32,0,32,0,0,1,3,0,0,0,0,0,.43,.14,.00,.000,.000,1,0,0,0,0,0,0,.000,5,0,0,0,.71,.00,.00,.00,0,,406:00,0,.00,.00,,,,,,,,,,,,,,,,,,-1.3503637582665624,203,77
2026-27,msoc,Northern Athletics Collegiate Conference (NACC),nacc,Edgewood,"Sabey, Ryan",Ryan,Sabey,,1066,"Sabey, Ryan","SABEY,RYAN",Edgewood,EDGEEv,1252-4269,9,6,26,0,26,0,0,1,2,0,0,0,0,0,.22,.11,.00,.000,.000,1,0,0,0,0,0,0,.000,5,0,0,0,.56,.00,.00,.00,0,,370:00,0,.00,.00,,,,,,,,,,,,,,,,,,-1.3503637582665624,204,77
2026-27,msoc,Northern Athletics Collegiate Conference (NACC),nacc,Edgewood,"Shook, Noah",Noah,Shook,,1066,"Shook, Noah","SHOOK,NOAH",Edgewood,EDGEEv,1252-4271,9,9,5,0,5,0,0,1,1,0,0,0,0,0,.11,.11,.00,.000,.000,1,0,0,0,0,0,0,.000,2,0,2,0,.22,.22,.00,.00,0,,741:00,0,.00,.00,,,,,,,,,,,,,,,,,,-1.3503637582665624,205,76
2026-27,msoc,Northern Athletics Collegiate Conference (NACC),nacc,MSOE,"Silvestri, Charlie",Charlie,Silvestri,,20220,"Silvestri, Charlie","SILVESTRI,CHARLIE",MSOE,MSOE,1257-2297,6,1,6,0,6,0,0,1,1,0,0,0,0,0,.17,.17,.00,.000,.000,1,0,0,0,0,0,0,.000,0,0,0,0,.00,.00,.00,.00,0,,100:00,0,.00,.00,,,,,,,,,,,,,,,,,,-1.3503637582665624,206,76
2026-27,msoc,Northern Athletics Collegiate Conference (NACC),nacc,Illinois Tech,"Skiba, Jake",Jake,Skiba,,30172,"Skiba, Jake","SKIBA,JAKE",Illinois Tech,IIT,765-1366,9,9,16,0,16,0,0,1,1,0,0,0,0,0,.11,.11,.00,.000,.000,1,0,0,0,0,0,0,.000,5,0,0,0,.56,.00,.00,.00,0,,752:00,0,.00,.00,,,,,,,,,,,,,,,,,,-1.3503637582665624,207,76
2026-27,msoc,Northern Athletics Collegiate Conference (NACC),nacc,Illinois Tech,"Skiba, Nick",Nick,Skiba,,30172,"Skiba, Nick","SKIBA,NICK",Illinois Tech,IIT,765-1367,9,9,14,0,14,0,0,1,1,0,0,0,0,0,.11,.11,.00,.000,.000,1,0,0,0,0,0,0,.000,7,0,0,0,.78,.00,.00,.00,0,,669:00,0,.00,.00,,,,,,,,,,,,,,,,,,-1.3503637582665624,208,76
2026-27,msoc,Northern Athletics Collegiate Conference (NACC),nacc,St. Norbert,"Sly-Umebayashi, Kenzo",Kenzo,Sly-Umebayashi,,614,"Sly-Umebayashi, Kenzo","SLY-UMEBAYASHI,KENZO",St. Norbert,SNC,1102-3805,10,7,5,0,5,0,0,1,3,0,0,0,0,0,.30,.10,.00,.000,.000,1,0,0,0,0,0,0,.000,3,0,0,0,.30,.00,.00,.00,0,,564:00,0,.00,.00,,,,,,,,,,,,,,,,,,-1.3503637582665624,209,76
2026-27,msoc,Northern Athletics Collegiate Conference (NACC),nacc,Concordia Wisconsin,"Sowadski, Shawn",Shawn,Sowadski,,1036,"Sowadski, Shawn","SOWADSKI,SHAWN",Concordia Wisconsin,CUW,1959-6274,4,0,25,0,25,0,0,1,1,0,0,0,0,0,.25,.25,.00,.000,.000,1,0,0,0,0,0,0,.000,3,0,0,0,.75,.00,.00,.00,0,,81:00,0,.00,.00,,,,,,,,,,,,,,,,,,-1.3503637582665624,210,76
2026-27,msoc,Northern Athletics Collegiate Conference (NACC),nacc,Concordia Wisconsin,"Stald, Grant",Grant,Stald,,1036,"Stald, Grant","STALD,GRANT",Concordia Wisconsin,CUW,1959-6300,6,5,33,0,33,0,0,1,3,0,0,0,0,0,.50,.17,.00,.000,.000,1,0,0,0,0,0,0,.000,1,0,1,0,.17,.17,.00,.00,0,,472:00,0,.00,.00,,,,,,,,,,,,,,,,,,-1.3503637582665624,211,76
2026-27,msoc,Northern Athletics Collegiate Conference (NACC),nacc,Aurora,"Torres, Diego",Diego,Torres,,42,"Torres, Diego","TORRES,DIEGO",Aurora,AUR,1248-7007,5,0,30,0,30,0,0,1,2,0,0,0,0,0,.40,.20,.00,.000,.000,1,0,0,0,0,0,0,.000,0,0,0,0,.00,.00,.00,.00,0,,67:00,0,.00,.00,,,,,,,,,,,,,,,,,,-1.3503637582665624,212,76
2026-27,msoc,Northern Athletics Collegiate Conference (NACC),nacc,Wisconsin Lutheran,"Vazquez-Aguilar, JC",JC,Vazquez-Aguilar,,8911,"Vazquez-Aguilar, JC","VAZQUEZ-AGUILAR,JC",Wisconsin Lutheran,WLC,1092-3859,6,0,16,0,16,0,0,1,4,0,0,0,0,0,.67,.17,.00,.000,.000,1,0,0,0,0,0,0,.000,1,0,0,0,.17,.00,.00,.00,0,,240:00,0,.00,.00,,,,,,,,,,,,,,,,,,-1.3503637582665624,213,76
2026-27,msoc,Northern Athletics Collegiate Conference (NACC),nacc,Concordia Wisconsin,"Volarath, Nevin",Nevin,Volarath,,1036,"Volarath, Nevin","VOLARATH,NEVIN",Concordia Wisconsin,CUW,1959-5577,6,1,10,0,10,0,0,1,4,0,0,0,0,0,.67,.17,.00,.000,.000,1,0,0,0,0,0,0,.000,3,0,1,0,.50,.17,.00,.00,0,,178:00,0,.00,.00,,,,,,,,,,,,,,,,,,-1.3503637582665624,214,76
2026-27,msoc,Northern Athletics Collegiate Conference (NACC),nacc,Concordia Wisconsin,"Walker, Logan",Logan,Walker,,1036,"Walker, Logan","WALKER,LOGAN",Concordia Wisconsin,CUW,1959-6293,5,1,17,0,17,0,0,1,2,0,0,0,0,0,.40,.20,.00,.000,.000,1,0,0,0,0,0,0,.000,0,0,0,0,.00,.00,.00,.00,0,,93:00,0,.00,.00,,,,,,,,,,,,,,,,,,-1.3503637582665624,215,75
2026-27,msoc,Northern Athletics Collegiate Conference (NACC),nacc,St. Norbert,"Wernig, Mathias",Mathias,Wernig,,614,"Wernig, Mathias","WERNIG,MATHIAS",St. Norbert,SNC,1102-3656,9,2,17,0,17,0,0,1,6,0,0,0,0,0,.67,.11,.00,.000,.000,1,0,0,0,0,0,0,.000,1,0,3,0,.11,.33,.00,.00,0,,291:00,0,.00,.00,,,,,,,,,,,,,,,,,,-1.3503637582665624,216,75
2026-27,msoc,Northern Athletics Collegiate Conference (NACC),nacc,Marian,"Williams, Jack",Jack,Williams,,1196,"Williams, Jack","WILLIAMS,JACK",Marian,MAR,1255-3318,8,7,15,0,15,0,0,1,2,0,0,0,0,0,.25,.13,.00,.000,.000,1,0,0,0,0,0,0,.000,11,0,3,0,1.38,.38,.00,.00,0,,604:00,0,.00,.00,,,,,,,,,,,,,,,,,,-1.3503637582665624,217,75
2026-27,msoc,Northern Athletics Collegiate Conference (NACC),nacc,MSOE,"Dershem, Christian",Christian,Dershem,,20220,"Dershem, Christian","DERSHEM,CHRISTIAN",MSOE,MSOE,1257-2020,9,7,44,0,44,0,0,0,0,0,0,0,0,0,.00,.00,.00,.000,.000,0,0,0,0,0,0,0,.000,1,0,0,0,.11,.00,.00,.00,0,,720:00,0,.00,.00,89,2,4,1,1,.634,1.88,26,15,720:00,7,9,1.67,0.634,.111,2.89,,-1.4998311939884001,218,75
2026-27,msoc,Northern Athletics Collegiate Conference (NACC),nacc,Marian,"Bohacek, Niko",Niko,Bohacek,,1196,"Bohacek, Niko","BOHACEK,NIKO",Marian,MAR,1255-3466,3,1,0,0,0,0,0,0,0,0,0,0,0,0,.00,.00,.00,.000,.000,0,0,0,0,0,0,0,.000,0,0,0,0,.00,.00,.00,.00,0,,145:00,0,.00,.00,26,0,0,1,0,.625,1.86,5,3,145:41,1,3,1.00,0.625,.000,1.67,,-1.5233174494526187,219,75
2026-27,msoc,Northern Athletics Collegiate Conference (NACC),nacc,Rockford,"Abler, Bennett",Bennett,Abler,,582,"Abler, Bennett","ABLER,BENNETT",Rockford,ROC,1256-2605,8,8,23,0,23,0,0,0,2,0,0,0,0,0,.25,.00,.00,.000,.000,0,0,0,0,0,0,0,.000,1,0,1,0,.13,.13,.00,.00,0,,697:00,0,.00,.00,,,,,,,,,,,,,,,,,,-1.5235852761511905,220,75
2026-27,msoc,Northern Athletics Collegiate Conference (NACC),nacc,Aurora,"Acevedo, Jose",Jose,Acevedo,,42,"Acevedo, Jose","ACEVEDO,JOSE",Aurora,AUR,1248-6496,2,1,27,0,27,0,0,0,0,0,0,0,0,0,.00,.00,.00,.000,.000,0,0,0,0,0,0,0,.000,0,0,0,0,.00,.00,.00,.00,0,,15:00,0,.00,.00,,,,,,,,,,,,,,,,,,-1.5235852761511905,221,75
2026-27,msoc,Northern Athletics Collegiate Conference (NACC),nacc,Dominican,"Aguilar, Ramon",Ramon,Aguilar,,1332,"Aguilar, Ramon","AGUILAR,RAMON",Dominican,DOM,1251-2321,0,0,3,0,3,0,0,0,0,0,0,0,0,0,.00,.00,.00,.000,.000,0,0,0,0,0,0,0,.000,0,0,0,0,.00,.00,.00,.00,0,,00:00,0,.00,.00,,,,,,,,,,,,,,,,,,-1.5235852761511905,222,75
2026-27,msoc,Northern Athletics Collegiate Conference (NACC),nacc,Lakeland,"Alfano, Michael",Michael,Alfano,,1164,"Alfano, Michael","ALFANO,MICHAEL",Lakeland,LAK,1253-5280,0,0,86,0,86,0,0,0,0,0,0,0,0,0,.00,.00,.00,.000,.000,0,0,0,0,0,0,0,.000,0,0,0,0,.00,.00,.00,.00,0,,00:00,0,.00,.00,,,,,,,,,,,,,,,,,,-1.5235852761511905,223,75
2026-27,msoc,Northern Athletics Collegiate Conference (NACC),nacc,Benedictine,"Andriano, Stefano",Stefano,Andriano,,296,"Andriano, Stefano","ANDRIANO,STEFANO",Benedictine,BENU,1249-7031,5,0,17,0,17,0,0,0,1,0,0,0,0,0,.20,.00,.00,.000,.000,0,0,0,0,0,0,0,.000,0,0,1,0,.00,.20,.00,.00,0,,94:00,0,.00,.00,,,,,,,,,,,,,,,,,,-1.5235852761511905,224,75
2026-27,msoc,Northern Athletics Collegiate Conference (NACC),nacc,Concordia Wisconsin,"Anglin, Jason",Jason,Anglin,,1036,"Anglin, Jason","ANGLIN,JASON",Concordia Wisconsin,CUW,0,4,2,34,0,34,0,0,0,1,0,0,0,0,0,.25,.00,.00,.000,.000,0,0,0,0,0,0,0,.000,1,0,0,0,.25,.00,.00,.00,0,,211:00,0,.00,.00,,,,,,,,,,,,,,,,,,-1.5235852761511905,225,75
2026-27,msoc,Northern Athletics Collegiate Conference (NACC),nacc,Concordia Wisconsin,"Anglin, Josh",Josh,Anglin,,1036,"Anglin, Josh","ANGLIN,JOSH",Concordia Wisconsin,CUW,1959-6285,3,0,34,0,34,0,0,0,0,0,0,0,0,0,.00,.00,.00,.000,.000,0,0,0,0,0,0,0,.000,0,0,0,0,.00,.00,.00,.00,0,,55:00,0,.00,.00,,,,,,,,,,,,,,,,,,-1.5235852761511905,226,74
2026-27,msoc,Northern Athletics Collegiate Conference (NACC),nacc,Illinois Tech,"Ash, Aidan",Aidan,Ash,,30172,"Ash, Aidan","ASH,AIDAN",Illinois Tech,IIT,765-1505,4,0,28,0,28,0,0,0,0,0,0,0,0,0,.00,.00,.00,.000,.000,0,0,0,0,0,0,0,.000,0,0,0,0,.00,.00,.00,.00,0,,64:00,0,.00,.00,,,,,,,,,,,,,,,,,,-1.5235852761511905,227,74
2026-27,msoc,Northern Athletics Collegiate Conference (NACC),nacc,Concordia Chicago,"Avalos, Juan",Juan,Avalos,,160,"Avalos, Juan","AVALOS,JUAN",Concordia Chicago,CUC,1250-5165,7,7,3,0,3,0,0,0,1,0,0,0,0,0,.14,.00,.00,.000,.000,0,0,0,0,0,0,0,.000,3,0,0,0,.43,.00,.00,.00,0,,544:00,0,.00,.00,,,,,,,,,,,,,,,,,,-1.5235852761511905,228,74
2026-27,msoc,Northern Athletics Collegiate Conference (NACC),nacc,St. Norbert,"Bach, CJ",CJ,Bach,,614,"Bach, CJ","BACH,CJ",St. Norbert,SNC,1102-3802,0,0,2,0,2,0,0,0,0,0,0,0,0,0,.00,.00,.00,.000,.000,0,0,0,0,0,0,0,.000,0,0,0,0,.00,.00,.00,.00,0,,00:00,0,.00,.00,,,,,,,,,,,,,,,,,,-1.5235852761511905,229,74
2026-27,msoc,Northern Athletics Collegiate Conference (NACC),nacc,Concordia Chicago,"Barajas Vargas, Cristian",Cristian,Barajas Vargas,,160,"Barajas Vargas, Cristian","BARAJAS VARGAS,CRISTIAN",Concordia Chicago,CUC,1250-5058,5,0,29,0,29,0,0,0,1,0,0,0,0,0,.20,.00,.00,.000,.000,0,0,0,0,0,0,0,.000,1,0,0,0,.20,.00,.00,.00,0,,131:00,0,.00,.00,,,,,,,,,,,,,,,,,,-1.5235852761511905,230,74
2026-27,msoc,Northern Athletics Collegiate Conference (NACC),nacc,Benedictine,"Barajas, Nico",Nico,Barajas,,296,"Barajas, Nico","BARAJAS,NICO",Benedictine,BENU,1249-7033,0,0,0,0,0,0,0,0,0,0,0,0,0,0,.00,.00,.00,.000,.000,0,0,0,0,0,0,0,.000,0,0,0,0,.00,.00,.00,.00,0,,00:00,0,.00,.00,,,,,,,,,,,,,,,,,,-1.5235852761511905,231,74
2026-27,msoc,Northern Athletics Collegiate Conference (NACC),nacc,Concordia Wisconsin,"Bautista, Mario",Mario,Bautista,,1036,"Bautista, Mario","BAUTISTA,MARIO",Concordia Wisconsin,CUW,1959-6282,0,0,47,0,47,0,0,0,0,0,0,0,0,0,.00,.00,.00,.000,.000,0,0,0,0,0,0,0,.000,0,0,0,0,.00,.00,.00,.00,0,,00:00,0,.00,.00,,,,,,,,,,,,,,,,,,-1.5235852761511905,232,74
2026-27,msoc,Northern Athletics Collegiate Conference (NACC),nacc,Wisconsin Lutheran,"Bishop, Owen",Owen,Bishop,,8911,"Bishop, Owen","BISHOP,OWEN",Wisconsin Lutheran,WLC,1092-3858,1,0,14,0,14,0,0,0,0,0,0,0,0,0,.00,.00,.00,.000,.000,0,0,0,0,0,0,0,.000,0,0,0,0,.00,.00,.00,.00,0,,04:00,0,.00,.00,,,,,,,,,,,,,,,,,,-1.5235852761511905,233,74
2026-27,msoc,Northern Athletics Collegiate Conference (NACC),nacc,Illinois Tech,"Bonsu, Adrian",Adrian,Bonsu,,30172,"Bonsu, Adrian","BONSU,ADRIAN",Illinois Tech,IIT,765-1829,1,0,33,0,33,0,0,0,0,0,0,0,0,0,.00,.00,.00,.000,.000,0,0,0,0,0,0,0,.000,0,0,0,0,.00,.00,.00,.00,0,,07:00,0,.00,.00,,,,,,,,,,,,,,,,,,-1.5235852761511905,234,74
2026-27,msoc,Northern Athletics Collegiate Conference (NACC),nacc,Benedictine,"Breunig, Jack",Jack,Breunig,,296,"Breunig, Jack","BREUNIG,JACK",Benedictine,BENU,1249-6362,3,1,19,0,19,0,0,0,1,0,0,0,0,0,.33,.00,.00,.000,.000,0,0,0,0,0,0,0,.000,0,0,0,0,.00,.00,.00,.00,0,,101:00,0,.00,.00,,,,,,,,,,,,,,,,,,-1.5235852761511905,235,74
2026-27,msoc,Northern Athletics Collegiate Conference (NACC),nacc,St. Norbert,"Brock, Joel",Joel,Brock,,614,"Brock, Joel","BROCK,JOEL",St. Norbert,SNC,1102-3812,0,0,99,0,99,0,0,0,0,0,0,0,0,0,.00,.00,.00,.000,.000,0,0,0,0,0,0,0,.000,0,0,0,0,.00,.00,.00,.00,0,,00:00,0,.00,.00,,,,,,,,,,,,,,,,,,-1.5235852761511905,236,73
2026-27,msoc,Northern Athletics Collegiate Conference (NACC),nacc,Lakeland,"Bueno, Juan",Juan,Bueno,,1164,"Bueno, Juan","BUENO,JUAN",Lakeland,LAK,1253-5281,2,0,29,0,29,0,0,0,0,0,0,0,0,0,.00,.00,.00,.000,.000,0,0,0,0,0,0,0,.000,1,0,0,0,.50,.00,.00,.00,0,,14:00,0,.00,.00,,,,,,,,,,,,,,,,,,-1.5235852761511905,237,73
2026-27,msoc,Northern Athletics Collegiate Conference (NACC),nacc,Dominican,"Bueno, Justin",Justin,Bueno,,1332,"Bueno, Justin","BUENO,JUSTIN",Dominican,DOM,1251-2462,0,0,48,0,48,0,0,0,0,0,0,0,0,0,.00,.00,.00,.000,.000,0,0,0,0,0,0,0,.000,0,0,0,0,.00,.00,.00,.00,0,,00:00,0,.00,.00,,,,,,,,,,,,,,,,,,-1.5235852761511905,238,73
2026-27,msoc,Northern Athletics Collegiate Conference (NACC),nacc,Benedictine,"Buthman, Tyler",Tyler,Buthman,,296,"Buthman, Tyler","BUTHMAN,TYLER",Benedictine,BENU,1249-6628,5,0,23,0,23,0,0,0,0,0,0,0,0,0,.00,.00,.00,.000,.000,0,0,0,0,0,0,0,.000,2,0,1,0,.40,.20,.00,.00,0,,148:00,0,.00,.00,,,,,,,,,,,,,,,,,,-1.5235852761511905,239,73
2026-27,msoc,Northern Athletics Collegiate Conference (NACC),nacc,Dominican,"Cahue, Guadalupe",Guadalupe,Cahue,,1332,"Cahue, Guadalupe","CAHUE,GUADALUPE",Dominican,DOM,1251-2460,0,0,46,0,46,0,0,0,0,0,0,0,0,0,.00,.00,.00,.000,.000,0,0,0,0,0,0,0,.000,0,0,0,0,.00,.00,.00,.00,0,,00:00,0,.00,.00,,,,,,,,,,,,,,,,,,-1.5235852761511905,240,73
2026-27,msoc,Northern Athletics Collegiate Conference (NACC),nacc,Wisconsin Lutheran,"Camacho, Oshmani",Oshmani,Camacho,,8911,"Camacho, Oshmani","CAMACHO,OSHMANI",Wisconsin Lutheran,WLC,1092-3855,4,0,7,0,7,0,0,0,2,0,0,0,0,0,.50,.00,.00,.000,.000,0,0,0,0,0,0,0,.000,1,0,0,0,.25,.00,.00,.00,0,,44:00,0,.00,.00,,,,,,,,,,,,,,,,,,-1.5235852761511905,241,73
2026-27,msoc,Northern Athletics Collegiate Conference (NACC),nacc,St. Norbert,"Capelle, Evan",Evan,Capelle,,614,"Capelle, Evan","CAPELLE,EVAN",St. Norbert,SNC,1102-3810,7,1,18,0,18,0,0,0,1,0,0,0,0,0,.14,.00,.00,.000,.000,0,0,0,0,0,0,0,.000,1,0,0,0,.14,.00,.00,.00,0,,225:00,0,.00,.00,,,,,,,,,,,,,,,,,,-1.5235852761511905,242,73
2026-27,msoc,Northern Athletics Collegiate Conference (NACC),nacc,Dominican,"Chacon, Jose",Jose,Chacon,,1332,"Chacon, Jose","CHACON,JOSE",Dominican,DOM,1251-2324,0,0,9,0,9,0,0,0,0,0,0,0,0,0,.00,.00,.00,.000,.000,0,0,0,0,0,0,0,.000,0,0,0,0,.00,.00,.00,.00,0,,00:00,0,.00,.00,,,,,,,,,,,,,,,,,,-1.5235852761511905,243,73
2026-27,msoc,Northern Athletics Collegiate Conference (NACC),nacc,Aurora,"Chojnacki, Jacob",Jacob,Chojnacki,,42,"Chojnacki, Jacob","CHOJNACKI,JACOB",Aurora,AUR,1248-7111,0,0,20,0,20,0,0,0,0,0,0,0,0,0,.00,.00,.00,.000,.000,0,0,0,0,0,0,0,.000,0,0,0,0,.00,.00,.00,.00,0,,00:00,0,.00,.00,,,,,,,,,,,,,,,,,,-1.5235852761511905,244,73
2026-27,msoc,Northern Athletics Collegiate Conference (NACC),nacc,Illinois Tech,"Chopra, Harjas Singh",Harjas Singh,Chopra,,30172,"Chopra, Harjas Singh","CHOPRA,HARJAS SINGH",Illinois Tech,IIT,765-1830,0,0,30,0,30,0,0,0,0,0,0,0,0,0,.00,.00,.00,.000,.000,0,0,0,0,0,0,0,.000,0,0,0,0,.00,.00,.00,.00,0,,00:00,0,.00,.00,,,,,,,,,,,,,,,,,,-1.5235852761511905,245,73
2026-27,msoc,Northern Athletics Collegiate Conference (NACC),nacc,MSOE,"Clevenstine, Cole",Cole,Clevenstine,,20220,"Clevenstine, Cole","CLEVENSTINE,COLE",MSOE,MSOE,1257-2493,7,0,21,0,21,0,0,0,0,0,0,0,0,0,.00,.00,.00,.000,.000,0,0,0,0,0,0,0,.000,0,0,1,0,.00,.14,.00,.00,0,,111:00,0,.00,.00,,,,,,,,,,,,,,,,,,-1.5235852761511905,246,72
2026-27,msoc,Northern Athletics Collegiate Conference (NACC),nacc,Concordia Wisconsin,"Clinton, Elias",Elias,Clinton,,1036,"Clinton, Elias","CLINTON,ELIAS",Concordia Wisconsin,CUW,1959-5714,0,0,40,0,40,0,0,0,0,0,0,0,0,0,.00,.00,.00,.000,.000,0,0,0,0,0,0,0,.000,0,0,0,0,.00,.00,.00,.00,0,,00:00,0,.00,.00,,,,,,,,,,,,,,,,,,-1.5235852761511905,247,72
2026-27,msoc,Northern Athletics Collegiate Conference (NACC),nacc,Edgewood,"Cole, Timmy",Timmy,Cole,,1066,"Cole, Timmy","COLE,TIMMY",Edgewood,EDGEEv,1252-4255,5,4,33,0,33,0,0,0,0,0,0,0,0,0,.00,.00,.00,.000,.000,0,0,0,0,0,0,0,.000,2,0,1,0,.40,.20,.00,.00,0,,336:00,0,.00,.00,,,,,,,,,,,,,,,,,,-1.5235852761511905,248,72
2026-27,msoc,Northern Athletics Collegiate Conference (NACC),nacc,Wisconsin Lutheran,"Collins, Declain",Declain,Collins,,8911,"Collins, Declain","COLLINS,DECLAIN",Wisconsin Lutheran,WLC,1092-3857,1,0,2,0,2,0,0,0,0,0,0,0,0,0,.00,.00,.00,.000,.000,0,0,0,0,0,0,0,.000,0,0,0,0,.00,.00,.00,.00,0,,08:00,0,.00,.00,,,,,,,,,,,,,,,,,,-1.5235852761511905,249,72
2026-27,msoc,Northern Athletics Collegiate Conference (NACC),nacc,Concordia Wisconsin,"Cook, Elliott",Elliott,Cook,,1036,"Cook, Elliott","COOK,ELLIOTT",Concordia Wisconsin,CUW,1959-3538,0,0,27,0,27,0,0,0,0,0,0,0,0,0,.00,.00,.00,.000,.000,0,0,0,0,0,0,0,.000,0,0,0,0,.00,.00,.00,.00,0,,00:00,0,.00,.00,,,,,,,,,,,,,,,,,,-1.5235852761511905,250,72
2026-27,msoc,Northern Athletics Collegiate Conference (NACC),nacc,Benedictine,"Cooper, Preston",Preston,Cooper,,296,"Cooper, Preston","COOPER,PRESTON",Benedictine,BENU,1249-7036,1,0,35,0,35,0,0,0,0,0,0,0,0,0,.00,.00,.00,.000,.000,0,0,0,0,0,0,0,.000,0,0,0,0,.00,.00,.00,.00,0,,09:00,0,.00,.00,,,,,,,,,,,,,,,,,,-1.5235852761511905,251,72
2026-27,msoc,Northern Athletics Collegiate Conference (NACC),nacc,Dominican,"Corbin, Dylan",Dylan,Corbin,,1332,"Corbin, Dylan","CORBIN,DYLAN",Dominican,DOM,1251-2327,0,0,44,0,44,0,0,0,0,0,0,0,0,0,.00,.00,.00,.000,.000,0,0,0,0,0,0,0,.000,0,0,0,0,.00,.00,.00,.00,0,,00:00,0,.00,.00,,,,,,,,,,,,,,,,,,-1.5235852761511905,252,72
2026-27,msoc,Northern Athletics Collegiate Conference (NACC),nacc,Dominican,"Correa, Pablo",Pablo,Correa,,1332,"Correa, Pablo","CORREA,PABLO",Dominican,DOM,1251-2446,1,0,24,0,24,0,0,0,0,0,0,0,0,0,.00,.00,.00,.000,.000,0,0,0,0,0,0,0,.000,0,0,0,0,.00,.00,.00,.00,0,,02:00,0,.00,.00,,,,,,,,,,,,,,,,,,-1.5235852761511905,253,72
2026-27,msoc,Northern Athletics Collegiate Conference (NACC),nacc,Marian,"Coyle, Avery",Avery,Coyle,,1196,"Coyle, Avery","COYLE,AVERY",Marian,MAR,1255-3467,8,8,16,0,16,0,0,0,1,0,0,0,0,0,.13,.00,.00,.000,.000,0,0,0,0,0,0,0,.000,11,0,3,0,1.38,.38,.00,.00,0,,516:00,0,.00,.00,,,,,,,,,,,,,,,,,,-1.5235852761511905,254,72
2026-27,msoc,Northern Athletics Collegiate Conference (NACC),nacc,Dominican,"Crowder, Thomas",Thomas,Crowder,,1332,"Crowder, Thomas","CROWDER,THOMAS",Dominican,DOM,1251-2328,0,0,12,0,12,0,0,0,0,0,0,0,0,0,.00,.00,.00,.000,.000,0,0,0,0,0,0,0,.000,0,0,0,0,.00,.00,.00,.00,0,,00:00,0,.00,.00,,,,,,,,,,,,,,,,,,-1.5235852761511905,255,72
2026-27,msoc,Northern Athletics Collegiate Conference (NACC),nacc,St. Norbert,"Da Silva, Ryan",Ryan,Da Silva,,614,"Da Silva, Ryan","DA SILVA,RYAN",St. Norbert,SNC,0,0,0,28,0,28,0,0,0,0,0,0,0,0,0,.00,.00,.00,.000,.000,0,0,0,0,0,0,0,.000,0,0,0,0,.00,.00,.00,.00,0,,00:00,0,.00,.00,,,,,,,,,,,,,,,,,,-1.5235852761511905,256,72
2026-27,msoc,Northern Athletics Collegiate Conference (NACC),nacc,Edgewood,"Danahar, Beckem",Beckem,Danahar,,1066,"Danahar, Beckem","DANAHAR,BECKEM",Edgewood,EDGEEv,1252-4256,1,0,16,0,16,0,0,0,0,0,0,0,0,0,.00,.00,.00,.000,.000,0,0,0,0,0,0,0,.000,0,0,0,0,.00,.00,.00,.00,0,,05:00,0,.00,.00,,,,,,,,,,,,,,,,,,-1.5235852761511905,257,71
2026-27,msoc,Northern Athletics Collegiate Conference (NACC),nacc,Wisconsin Lutheran,"Davister, Jacob",Jacob,Davister,,8911,"Davister, Jacob","DAVISTER,JACOB",Wisconsin Lutheran,WLC,1092-3864,7,5,18,0,18,0,0,0,3,0,0,0,0,0,.43,.00,.00,.000,.000,0,0,0,0,0,0,0,.000,3,0,0,0,.43,.00,.00,.00,0,,356:00,0,.00,.00,,,,,,,,,,,,,,,,,,-1.5235852761511905,258,71
2026-27,msoc,Northern Athletics Collegiate Conference (NACC),nacc,Illinois Tech,"De Veux, Cody",Cody,De Veux,,30172,"De Veux, Cody","DE VEUX,CODY",Illinois Tech,IIT,765-1831,1,0,29,0,29,0,0,0,0,0,0,0,0,0,.00,.00,.00,.000,.000,0,0,0,0,0,0,0,.000,0,0,0,0,.00,.00,.00,.00,0,,07:00,0,.00,.00,,,,,,,,,,,,,,,,,,-1.5235852761511905,259,71
2026-27,msoc,Northern Athletics Collegiate Conference (NACC),nacc,Aurora,"DeLaCruz, Yadier",Yadier,DeLaCruz,,42,"DeLaCruz, Yadier","DELACRUZ,YADIER",Aurora,AUR,1248-7352,3,0,33,0,33,0,0,0,0,0,0,0,0,0,.00,.00,.00,.000,.000,0,0,0,0,0,0,0,.000,0,0,0,0,.00,.00,.00,.00,0,,92:00,0,.00,.00,,,,,,,,,,,,,,,,,,-1.5235852761511905,260,71
2026-27,msoc,Northern Athletics Collegiate Conference (NACC),nacc,Benedictine,"Delatorre, Sebastian",Sebastian,Delatorre,,296,"Delatorre, Sebastian","DELATORRE,SEBASTIAN",Benedictine,BENU,1249-6365,0,0,32,0,32,0,0,0,0,0,0,0,0,0,.00,.00,.00,.000,.000,0,0,0,0,0,0,0,.000,0,0,0,0,.00,.00,.00,.00,0,,00:00,0,.00,.00,,,,,,,,,,,,,,,,,,-1.5235852761511905,261,71
2026-27,msoc,Northern Athletics Collegiate Conference (NACC),nacc,MSOE,"Delgado, Diego",Diego,Delgado,,20220,"Delgado, Diego","DELGADO,DIEGO",MSOE,MSOE,1257-1836,0,0,13,0,13,0,0,0,0,0,0,0,0,0,.00,.00,.00,.000,.000,0,0,0,0,0,0,0,.000,0,0,0,0,.00,.00,.00,.00,0,,00:00,0,.00,.00,,,,,,,,,,,,,,,,,,-1.5235852761511905,262,71
2026-27,msoc,Northern Athletics Collegiate Conference (NACC),nacc,Marian,"Desiderio, Leo",Leo,Desiderio,,1196,"Desiderio, Leo","DESIDERIO,LEO",Marian,MAR,1255-3468,1,0,32,0,32,0,0,0,0,0,0,0,0,0,.00,.00,.00,.000,.000,0,0,0,0,0,0,0,.000,0,0,0,0,.00,.00,.00,.00,0,,14:00,0,.00,.00,,,,,,,,,,,,,,,,,,-1.5235852761511905,263,71
2026-27,msoc,Northern Athletics Collegiate Conference (NACC),nacc,Edgewood,"Despathy, Nathan",Nathan,Despathy,,1066,"Despathy, Nathan","DESPATHY,NATHAN",Edgewood,EDGEEv,1252-4257,9,4,27,0,27,0,0,0,0,0,0,0,0,0,.00,.00,.00,.000,.000,0,0,0,0,0,0,0,.000,7,0,1,0,.78,.11,.00,.00,0,,423:00,0,.00,.00,,,,,,,,,,,,,,,,,,-1.5235852761511905,264,71
2026-27,msoc,Northern Athletics Collegiate Conference (NACC),nacc,Benedictine,"Dialektakos, Reaan",Reaan,Dialektakos,,296,"Dialektakos, Reaan","DIALEKTAKOS,REAAN",Benedictine,BENU,1249-6630,3,0,20,0,20,0,0,0,0,0,0,0,0,0,.00,.00,.00,.000,.000,0,0,0,0,0,0,0,.000,1,0,0,0,.33,.00,.00,.00,0,,30:00,0,.00,.00,,,,,,,,,,,,,,,,,,-1.5235852761511905,265,71
2026-27,msoc,Northern Athletics Collegiate Conference (NACC),nacc,Benedictine,"Dieterich, Carter",Carter,Dieterich,,296,"Dieterich, Carter","DIETERICH,CARTER",Benedictine,BENU,1249-7037,0,0,27,0,27,0,0,0,0,0,0,0,0,0,.00,.00,.00,.000,.000,0,0,0,0,0,0,0,.000,0,0,0,0,.00,.00,.00,.00,0,,00:00,0,.00,.00,,,,,,,,,,,,,,,,,,-1.5235852761511905,266,71
2026-27,msoc,Northern Athletics Collegiate Conference (NACC),nacc,Illinois Tech,"Dipzinski, Kyle",Kyle,Dipzinski,,30172,"Dipzinski, Kyle","DIPZINSKI,KYLE",Illinois Tech,IIT,765-1535,0,0,00,0,00,0,0,0,0,0,0,0,0,0,.00,.00,.00,.000,.000,0,0,0,0,0,0,0,.000,0,0,0,0,.00,.00,.00,.00,0,,00:00,0,.00,.00,,,,,,,,,,,,,,,,,,-1.5235852761511905,267,70
2026-27,msoc,Northern Athletics Collegiate Conference (NACC),nacc,St. Norbert,"Draz, Omar",Omar,Draz,,614,"Draz, Omar","DRAZ,OMAR",St. Norbert,SNC,1102-3813,0,0,24,0,24,0,0,0,0,0,0,0,0,0,.00,.00,.00,.000,.000,0,0,0,0,0,0,0,.000,0,0,0,0,.00,.00,.00,.00,0,,00:00,0,.00,.00,,,,,,,,,,,,,,,,,,-1.5235852761511905,268,70
2026-27,msoc,Northern Athletics Collegiate Conference (NACC),nacc,Dominican,"DuBoise, Brenton",Brenton,DuBoise,,1332,"DuBoise, Brenton","DUBOISE,BRENTON",Dominican,DOM,1251-2331,1,0,35,0,35,0,0,0,0,0,0,0,0,0,.00,.00,.00,.000,.000,0,0,0,0,0,0,0,.000,1,0,0,0,1.00,.00,.00,.00,0,,19:00,0,.00,.00,,,,,,,,,,,,,,,,,,-1.5235852761511905,269,70
2026-27,msoc,Northern Athletics Collegiate Conference (NACC),nacc,Edgewood,"Dubon, Francisco",Francisco,Dubon,,1066,"Dubon, Francisco","DUBON,FRANCISCO",Edgewood,EDGEEv,1252-4258,7,0,21,0,21,0,0,0,2,0,0,0,0,0,.29,.00,.00,.000,.000,0,0,0,0,0,0,0,.000,2,1,2,0,.29,.29,.14,.00,0,,170:00,0,.00,.00,,,,,,,,,,,,,,,,,,-1.5235852761511905,270,70
2026-27,msoc,Northern Athletics Collegiate Conference (NACC),nacc,Wisconsin Lutheran,"Elguero, Andy",Andy,Elguero,,8911,"Elguero, Andy","ELGUERO,ANDY",Wisconsin Lutheran,WLC,1092-3516,0,0,6,0,6,0,0,0,0,0,0,0,0,0,.00,.00,.00,.000,.000,0,0,0,0,0,0,0,.000,0,0,0,0,.00,.00,.00,.00,0,,00:00,0,.00,.00,,,,,,,,,,,,,,,,,,-1.5235852761511905,271,70
2026-27,msoc,Northern Athletics Collegiate Conference (NACC),nacc,Concordia Wisconsin,"Elizondo, Angel",Angel,Elizondo,,1036,"Elizondo, Angel","ELIZONDO,ANGEL",Concordia Wisconsin,CUW,1959-5717,0,0,12,0,12,0,0,0,0,0,0,0,0,0,.00,.00,.00,.000,.000,0,0,0,0,0,0,0,.000,0,0,0,0,.00,.00,.00,.00,0,,00:00,0,.00,.00,,,,,,,,,,,,,,,,,,-1.5235852761511905,272,70
2026-27,msoc,Northern Athletics Collegiate Conference (NACC),nacc,Edgewood,"Engel, Eli",Eli,Engel,,1066,"Engel, Eli","ENGEL,ELI",Edgewood,EDGEEv,1252-4015,1,0,23,0,23,0,0,0,0,0,0,0,0,0,.00,.00,.00,.000,.000,0,0,0,0,0,0,0,.000,0,0,0,0,.00,.00,.00,.00,0,,05:00,0,.00,.00,,,,,,,,,,,,,,,,,,-1.5235852761511905,273,70
2026-27,msoc,Northern Athletics Collegiate Conference (NACC),nacc,Concordia Wisconsin,"Ensaldo, James",James,Ensaldo,,1036,"Ensaldo, James","ENSALDO,JAMES",Concordia Wisconsin,CUW,1959-6283,8,8,4,0,4,0,0,0,0,0,0,0,0,0,.00,.00,.00,.000,.000,0,0,0,0,0,0,0,.000,1,0,0,0,.13,.00,.00,.00,0,,684:00,0,.00,.00,,,,,,,,,,,,,,,,,,-1.5235852761511905,274,70
2026-27,msoc,Northern Athletics Collegiate Conference (NACC),nacc,Concordia Chicago,"Escobar, Cristian",Cristian,Escobar,,160,"Escobar, Cristian","ESCOBAR,CRISTIAN",Concordia Chicago,CUC,1250-5060,2,0,6,0,6,0,0,0,0,0,0,0,0,0,.00,.00,.00,.000,.000,0,0,0,0,0,0,0,.000,0,0,0,0,.00,.00,.00,.00,0,,27:00,0,.00,.00,,,,,,,,,,,,,,,,,,-1.5235852761511905,275,70
2026-27,msoc,Northern Athletics Collegiate Conference (NACC),nacc,Aurora,"Farias, Adan",Adan,Farias,,42,"Farias, Adan","FARIAS,ADAN",Aurora,AUR,1248-6502,0,0,99,0,99,0,0,0,0,0,0,0,0,0,.00,.00,.00,.000,.000,0,0,0,0,0,0,0,.000,0,0,0,0,.00,.00,.00,.00,0,,00:00,0,.00,.00,,,,,,,,,,,,,,,,,,-1.5235852761511905,276,70
2026-27,msoc,Northern Athletics Collegiate Conference (NACC),nacc,Illinois Tech,"Fedele, Lorenzo",Lorenzo,Fedele,,30172,"Fedele, Lorenzo","FEDELE,LORENZO",Illinois Tech,IIT,765-1359,2,0,21,0,21,0,0,0,0,0,0,0,0,0,.00,.00,.00,.000,.000,0,0,0,0,0,0,0,.000,0,0,0,0,.00,.00,.00,.00,0,,39:00,0,.00,.00,,,,,,,,,,,,,,,,,,-1.5235852761511905,277,70
2026-27,msoc,Northern Athletics Collegiate Conference (NACC),nacc,Concordia Wisconsin,"Feeny, Evan",Evan,Feeny,,1036,"Feeny, Evan","FEENY,EVAN",Concordia Wisconsin,CUW,1959-6303,0,0,37,0,37,0,0,0,0,0,0,0,0,0,.00,.00,.00,.000,.000,0,0,0,0,0,0,0,.000,0,0,0,0,.00,.00,.00,.00,0,,00:00,0,.00,.00,,,,,,,,,,,,,,,,,,-1.5235852761511905,278,69
2026-27,msoc,Northern Athletics Collegiate Conference (NACC),nacc,Lakeland,"Fiedler, Josh",Josh,Fiedler,,1164,"Fiedler, Josh","FIEDLER,JOSH",Lakeland,LAK,1253-4907,0,0,87,0,87,0,0,0,0,0,0,0,0,0,.00,.00,.00,.000,.000,0,0,0,0,0,0,0,.000,0,0,0,0,.00,.00,.00,.00,0,,00:00,0,.00,.00,,,,,,,,,,,,,,,,,,-1.5235852761511905,279,69
2026-27,msoc,Northern Athletics Collegiate Conference (NACC),nacc,Benedictine,"Figus, Kacper",Kacper,Figus,,296,"Figus, Kacper","FIGUS,KACPER",Benedictine,BENU,1249-6633,0,0,6,0,6,0,0,0,0,0,0,0,0,0,.00,.00,.00,.000,.000,0,0,0,0,0,0,0,.000,0,0,0,0,.00,.00,.00,.00,0,,00:00,0,.00,.00,,,,,,,,,,,,,,,,,,-1.5235852761511905,280,69
2026-27,msoc,Northern Athletics Collegiate Conference (NACC),nacc,Concordia Wisconsin,"Fitzgerald, Nicholas",Nicholas,Fitzgerald,,1036,"Fitzgerald, Nicholas","FITZGERALD,NICHOLAS",Concordia Wisconsin,CUW,1959-6276,0,0,13,0,13,0,0,0,0,0,0,0,0,0,.00,.00,.00,.000,.000,0,0,0,0,0,0,0,.000,0,0,0,0,.00,.00,.00,.00,0,,00:00,0,.00,.00,,,,,,,,,,,,,,,,,,-1.5235852761511905,281,69
2026-27,msoc,Northern Athletics Collegiate Conference (NACC),nacc,Lakeland,"Flores, Ivan",Ivan,Flores,,1164,"Flores, Ivan","FLORES,IVAN",Lakeland,LAK,1253-5302,0,0,44,0,44,0,0,0,0,0,0,0,0,0,.00,.00,.00,.000,.000,0,0,0,0,0,0,0,.000,0,0,0,0,.00,.00,.00,.00,0,,00:00,0,.00,.00,,,,,,,,,,,,,,,,,,-1.5235852761511905,282,69
2026-27,msoc,Northern Athletics Collegiate Conference (NACC),nacc,MSOE,"Frea, Chase",Chase,Frea,,20220,"Frea, Chase","FREA,CHASE",MSOE,MSOE,1257-2292,7,7,2,0,2,0,0,0,1,0,0,0,0,0,.14,.00,.00,.000,.000,0,0,0,0,0,0,0,.000,7,0,0,0,1.00,.00,.00,.00,0,,447:00,0,.00,.00,,,,,,,,,,,,,,,,,,-1.5235852761511905,283,69
2026-27,msoc,Northern Athletics Collegiate Conference (NACC),nacc,Lakeland,"Fredric, Woodlens",Woodlens,Fredric,,1164,"Fredric, Woodlens","FREDRIC,WOODLENS",Lakeland,LAK,0,1,0,2,0,2,0,0,0,1,0,0,0,0,0,1.00,.00,.00,.000,.000,0,0,0,0,0,0,0,.000,0,0,0,0,.00,.00,.00,.00,0,,57:00,0,.00,.00,,,,,,,,,,,,,,,,,,-1.5235852761511905,284,69
2026-27,msoc,Northern Athletics Collegiate Conference (NACC),nacc,Benedictine,"Galeana, Josh",Josh,Galeana,,296,"Galeana, Josh","GALEANA,JOSH",Benedictine,BENU,1249-7038,0,0,28,0,28,0,0,0,0,0,0,0,0,0,.00,.00,.00,.000,.000,0,0,0,0,0,0,0,.000,0,0,0,0,.00,.00,.00,.00,0,,00:00,0,.00,.00,,,,,,,,,,,,,,,,,,-1.5235852761511905,285,69
2026-27,msoc,Northern Athletics Collegiate Conference (NACC),nacc,Lakeland,"Gallego, Chris",Chris,Gallego,,1164,"Gallego, Chris","GALLEGO,CHRIS",Lakeland,LAK,1253-4909,0,0,45,0,45,0,0,0,0,0,0,0,0,0,.00,.00,.00,.000,.000,0,0,0,0,0,0,0,.000,0,0,0,0,.00,.00,.00,.00,0,,00:00,0,.00,.00,,,,,,,,,,,,,,,,,,-1.5235852761511905,286,69
2026-27,msoc,Northern Athletics Collegiate Conference (NACC),nacc,Wisconsin Lutheran,"Garbelman, Jack",Jack,Garbelman,,8911,"Garbelman, Jack","GARBELMAN,JACK",Wisconsin Lutheran,WLC,1092-3863,8,7,12,0,12,0,0,0,4,0,0,0,0,0,.50,.00,.00,.000,.000,0,0,0,0,0,0,0,.000,11,0,1,0,1.38,.13,.00,.00,0,,576:00,0,.00,.00,,,,,,,,,,,,,,,,,,-1.5235852761511905,287,69
2026-27,msoc,Northern Athletics Collegiate Conference (NACC),nacc,Edgewood,"Garcia, Bryan",Bryan,Garcia,,1066,"Garcia, Bryan","GARCIA,BRYAN",Edgewood,EDGEEv,1252-4259,1,0,32,0,32,0,0,0,0,0,0,0,0,0,.00,.00,.00,.000,.000,0,0,0,0,0,0,0,.000,1,0,0,0,1.00,.00,.00,.00,0,,05:00,0,.00,.00,,,,,,,,,,,,,,,,,,-1.5235852761511905,288,68
2026-27,msoc,Northern Athletics Collegiate Conference (NACC),nacc,Aurora,"Garcia, Jayden",Jayden,Garcia,,42,"Garcia, Jayden","GARCIA,JAYDEN",Aurora,AUR,1248-7346,1,0,4,0,4,0,0,0,0,0,0,0,0,0,.00,.00,.00,.000,.000,0,0,0,0,0,0,0,.000,0,0,0,0,.00,.00,.00,.00,0,,05:00,0,.00,.00,,,,,,,,,,,,,,,,,,-1.5235852761511905,289,68
2026-27,msoc,Northern Athletics Collegiate Conference (NACC),nacc,Concordia Chicago,"Garcia, Jefferson",Jefferson,Garcia,,160,"Garcia, Jefferson","GARCIA,JEFFERSON",Concordia Chicago,CUC,1250-4963,3,0,9,0,9,0,0,0,0,0,0,0,0,0,.00,.00,.00,.000,.000,0,0,0,0,0,0,0,.000,1,0,0,0,.33,.00,.00,.00,0,,46:00,0,.00,.00,,,,,,,,,,,,,,,,,,-1.5235852761511905,290,68
2026-27,msoc,Northern Athletics Collegiate Conference (NACC),nacc,Edgewood,"Gill, Jackson",Jackson,Gill,,1066,"Gill, Jackson","GILL,JACKSON",Edgewood,EDGEEv,1252-4119,0,0,97,0,97,0,0,0,0,0,0,0,0,0,.00,.00,.00,.000,.000,0,0,0,0,0,0,0,.000,0,0,0,0,.00,.00,.00,.00,0,,00:00,0,.00,.00,,,,,,,,,,,,,,,,,,-1.5235852761511905,291,68
2026-27,msoc,Northern Athletics Collegiate Conference (NACC),nacc,Dominican,"Gines, Christian",Christian,Gines,,1332,"Gines, Christian","GINES,CHRISTIAN",Dominican,DOM,1251-2465,0,0,51,0,51,0,0,0,0,0,0,0,0,0,.00,.00,.00,.000,.000,0,0,0,0,0,0,0,.000,0,0,0,0,.00,.00,.00,.00,0,,00:00,0,.00,.00,,,,,,,,,,,,,,,,,,-1.5235852761511905,292,68
2026-27,msoc,Northern Athletics Collegiate Conference (NACC),nacc,Concordia Chicago,"Gonzalez, Jonathan",Jonathan,Gonzalez,,160,"Gonzalez, Jonathan","GONZALEZ,JONATHAN",Concordia Chicago,CUC,1250-5153,0,0,33,0,33,0,0,0,0,0,0,0,0,0,.00,.00,.00,.000,.000,0,0,0,0,0,0,0,.000,0,0,0,0,.00,.00,.00,.00,0,,00:00,0,.00,.00,,,,,,,,,,,,,,,,,,-1.5235852761511905,293,68
2026-27,msoc,Northern Athletics Collegiate Conference (NACC),nacc,Dominican,"Gonzalez, Yael",Yael,Gonzalez,,1332,"Gonzalez, Yael","GONZALEZ,YAEL",Dominican,DOM,1251-2062,0,0,11,0,11,0,0,0,0,0,0,0,0,0,.00,.00,.00,.000,.000,0,0,0,0,0,0,0,.000,0,0,0,0,.00,.00,.00,.00,0,,00:00,0,.00,.00,,,,,,,,,,,,,,,,,,-1.5235852761511905,294,68
2026-27,msoc,Northern Athletics Collegiate Conference (NACC),nacc,Edgewood,"Gorriceta, James",James,Gorriceta,,1066,"Gorriceta, James","GORRICETA,JAMES",Edgewood,EDGEEv,1252-4260,8,0,30,0,30,0,0,0,3,0,0,0,0,0,.38,.00,.00,.000,.000,0,0,0,0,0,0,0,.000,4,0,1,0,.50,.13,.00,.00,0,,165:00,0,.00,.00,,,,,,,,,,,,,,,,,,-1.5235852761511905,295,68
2026-27,msoc,Northern Athletics Collegiate Conference (NACC),nacc,Dominican,"Gray, Emery",Emery,Gray,,1332,"Gray, Emery","GRAY,EMERY",Dominican,DOM,1251-2457,0,0,41,0,41,0,0,0,0,0,0,0,0,0,.00,.00,.00,.000,.000,0,0,0,0,0,0,0,.000,0,0,0,0,.00,.00,.00,.00,0,,00:00,0,.00,.00,,,,,,,,,,,,,,,,,,-1.5235852761511905,296,68
2026-27,msoc,Northern Athletics Collegiate Conference (NACC),nacc,Concordia Wisconsin,"Green, Nathan",Nathan,Green,,1036,"Green, Nathan","GREEN,NATHAN",Concordia Wisconsin,CUW,1959-5719,0,0,29,0,29,0,0,0,0,0,0,0,0,0,.00,.00,.00,.000,.000,0,0,0,0,0,0,0,.000,0,0,0,0,.00,.00,.00,.00,0,,00:00,0,.00,.00,,,,,,,,,,,,,,,,,,-1.5235852761511905,297,68
2026-27,msoc,Northern Athletics Collegiate Conference (NACC),nacc,Benedictine,"Grele, Hubert",Hubert,Grele,,296,"Grele, Hubert","GRELE,HUBERT",Benedictine,BENU,1249-7047,0,0,7,0,7,0,0,0,0,0,0,0,0,0,.00,.00,.00,.000,.000,0,0,0,0,0,0,0,.000,0,0,0,0,.00,.00,.00,.00,0,,00:00,0,.00,.00,,,,,,,,,,,,,,,,,,-1.5235852761511905,298,67
2026-27,msoc,Northern Athletics Collegiate Conference (NACC),nacc,Edgewood,"Gurung, Koshis",Koshis,Gurung,,1066,"Gurung, Koshis","GURUNG,KOSHIS",Edgewood,EDGEEv,1252-4261,5,1,11,0,11,0,0,0,0,0,0,0,0,0,.00,.00,.00,.000,.000,0,0,0,0,0,0,0,.000,0,0,1,0,.00,.20,.00,.00,0,,133:00,0,.00,.00,,,,,,,,,,,,,,,,,,-1.5235852761511905,299,67
2026-27,msoc,Northern Athletics Collegiate Conference (NACC),nacc,Concordia Chicago,"Gutierrez, Daniel",Daniel,Gutierrez,,160,"Gutierrez, Daniel","GUTIERREZ,DANIEL",Concordia Chicago,CUC,1250-4684,8,8,2,0,2,0,0,0,1,0,0,0,0,0,.13,.00,.00,.000,.000,0,0,0,0,0,0,0,.000,1,0,0,0,.13,.00,.00,.00,0,,697:00,0,.00,.00,,,,,,,,,,,,,,,,,,-1.5235852761511905,300,67
2026-27,msoc,Northern Athletics Collegiate Conference (NACC),nacc,Rockford,"Gutierrez, Omar",Omar,Gutierrez,,582,"Gutierrez, Omar","GUTIERREZ,OMAR",Rockford,ROC,1256-2784,7,4,31,0,31,0,0,0,0,0,0,0,0,0,.00,.00,.00,.000,.000,0,0,0,0,0,0,0,.000,2,0,1,0,.29,.14,.00,.00,0,,319:00,0,.00,.00,,,,,,,,,,,,,,,,,,-1.5235852761511905,301,67
2026-27,msoc,Northern Athletics Collegiate Conference (NACC),nacc,MSOE,"Guzinski, Ryan",Ryan,Guzinski,,20220,"Guzinski, Ryan","GUZINSKI,RYAN",MSOE,MSOE,1257-2494,0,0,00,0,00,0,0,0,0,0,0,0,0,0,.00,.00,.00,.000,.000,0,0,0,0,0,0,0,.000,0,0,0,0,.00,.00,.00,.00,0,,00:00,0,.00,.00,,,,,,,,,,,,,,,,,,-1.5235852761511905,302,67
2026-27,msoc,Northern Athletics Collegiate Conference (NACC),nacc,Illinois Tech,"Hackford, Will",Will,Hackford,,30172,"Hackford, Will","HACKFORD,WILL",Illinois Tech,IIT,765-1537,1,0,22,0,22,0,0,0,0,0,0,0,0,0,.00,.00,.00,.000,.000,0,0,0,0,0,0,0,.000,1,0,0,0,1.00,.00,.00,.00,0,,07:00,0,.00,.00,,,,,,,,,,,,,,,,,,-1.5235852761511905,303,67
2026-27,msoc,Northern Athletics Collegiate Conference (NACC),nacc,Illinois Tech,"Hamdi, Karam",Karam,Hamdi,,30172,"Hamdi, Karam","HAMDI,KARAM",Illinois Tech,IIT,765-1832,2,0,3,0,3,0,0,0,0,0,0,0,0,0,.00,.00,.00,.000,.000,0,0,0,0,0,0,0,.000,0,0,0,0,.00,.00,.00,.00,0,,35:00,0,.00,.00,,,,,,,,,,,,,,,,,,-1.5235852761511905,304,67
2026-27,msoc,Northern Athletics Collegiate Conference (NACC),nacc,Dominican,"Harris, Brandon",Brandon,Harris,,1332,"Harris, Brandon","HARRIS,BRANDON",Dominican,DOM,1251-2333,0,0,18,0,18,0,0,0,0,0,0,0,0,0,.00,.00,.00,.000,.000,0,0,0,0,0,0,0,.000,0,0,0,0,.00,.00,.00,.00,0,,00:00,0,.00,.00,,,,,,,,,,,,,,,,,,-1.5235852761511905,305,67
2026-27,msoc,Northern Athletics Collegiate Conference (NACC),nacc,Dominican,"Held, Josh",Josh,Held,,1332,"Held, Josh","HELD,JOSH",Dominican,DOM,1251-2451,0,0,33,0,33,0,0,0,0,0,0,0,0,0,.00,.00,.00,.000,.000,0,0,0,0,0,0,0,.000,0,0,0,0,.00,.00,.00,.00,0,,00:00,0,.00,.00,,,,,,,,,,,,,,,,,,-1.5235852761511905,306,67
2026-27,msoc,Northern Athletics Collegiate Conference (NACC),nacc,Wisconsin Lutheran,"Hernandez, Carlos",Carlos,Hernandez,,8911,"Hernandez, Carlos","HERNANDEZ,CARLOS",Wisconsin Lutheran,WLC,1092-3098,7,7,5,0,5,0,0,0,0,0,0,0,0,0,.00,.00,.00,.000,.000,0,0,0,0,0,0,0,.000,9,0,1,0,1.29,.14,.00,.00,0,,542:00,0,.00,.00,,,,,,,,,,,,,,,,,,-1.5235852761511905,307,67
2026-27,msoc,Northern Athletics Collegiate Conference (NACC),nacc,Aurora,"Hernandez, Elder",Elder,Hernandez,,42,"Hernandez, Elder","HERNANDEZ,ELDER",Aurora,AUR,1248-6997,0,0,13,0,13,0,0,0,0,0,0,0,0,0,.00,.00,.00,.000,.000,0,0,0,0,0,0,0,.000,0,0,0,0,.00,.00,.00,.00,0,,00:00,0,.00,.00,,,,,,,,,,,,,,,,,,-1.5235852761511905,308,67
2026-27,msoc,Northern Athletics Collegiate Conference (NACC),nacc,Aurora,"Hernandez, Isaac",Isaac,Hernandez,,42,"Hernandez, Isaac","HERNANDEZ,ISAAC",Aurora,AUR,1248-7350,0,0,21,0,21,0,0,0,0,0,0,0,0,0,.00,.00,.00,.000,.000,0,0,0,0,0,0,0,.000,0,0,0,0,.00,.00,.00,.00,0,,00:00,0,.00,.00,,,,,,,,,,,,,,,,,,-1.5235852761511905,309,66
2026-27,msoc,Northern Athletics Collegiate Conference (NACC),nacc,Concordia Wisconsin,"Hoak, Orion",Orion,Hoak,,1036,"Hoak, Orion","HOAK,ORION",Concordia Wisconsin,CUW,1959-6297,0,0,32,0,32,0,0,0,0,0,0,0,0,0,.00,.00,.00,.000,.000,0,0,0,0,0,0,0,.000,0,0,0,0,.00,.00,.00,.00,0,,00:00,0,.00,.00,,,,,,,,,,,,,,,,,,-1.5235852761511905,310,66
2026-27,msoc,Northern Athletics Collegiate Conference (NACC),nacc,MSOE,"Hreska, Pawel",Pawel,Hreska,,20220,"Hreska, Pawel","HRESKA,PAWEL",MSOE,MSOE,1257-2495,0,0,35,0,35,0,0,0,0,0,0,0,0,0,.00,.00,.00,.000,.000,0,0,0,0,0,0,0,.000,0,0,0,0,.00,.00,.00,.00,0,,00:00,0,.00,.00,,,,,,,,,,,,,,,,,,-1.5235852761511905,311,66
2026-27,msoc,Northern Athletics Collegiate Conference (NACC),nacc,Concordia Wisconsin,"Hummer, Brenden",Brenden,Hummer,,1036,"Hummer, Brenden","HUMMER,BRENDEN",Concordia Wisconsin,CUW,1959-6275,0,0,0,0,0,0,0,0,0,0,0,0,0,0,.00,.00,.00,.000,.000,0,0,0,0,0,0,0,.000,0,0,0,0,.00,.00,.00,.00,0,,00:00,0,.00,.00,,,,,,,,,,,,,,,,,,-1.5235852761511905,312,66
2026-27,msoc,Northern Athletics Collegiate Conference (NACC),nacc,Aurora,"Humphrey, Robert",Robert,Humphrey,,42,"Humphrey, Robert","HUMPHREY,ROBERT",Aurora,AUR,1248-7354,0,0,50,0,50,0,0,0,0,0,0,0,0,0,.00,.00,.00,.000,.000,0,0,0,0,0,0,0,.000,0,0,0,0,.00,.00,.00,.00,0,,00:00,0,.00,.00,,,,,,,,,,,,,,,,,,-1.5235852761511905,313,66
2026-27,msoc,Northern Athletics Collegiate Conference (NACC),nacc,St. Norbert,"Hurley, Dane",Dane,Hurley,,614,"Hurley, Dane","HURLEY,DANE",St. Norbert,SNC,1102-4142,10,9,26,0,26,0,0,0,1,0,0,0,0,0,.10,.00,.00,.000,.000,0,0,0,0,0,0,0,.000,6,0,1,0,.60,.10,.00,.00,0,,795:00,0,.00,.00,,,,,,,,,,,,,,,,,,-1.5235852761511905,314,66
2026-27,msoc,Northern Athletics Collegiate Conference (NACC),nacc,Marian,"Jahnke, Mason",Mason,Jahnke,,1196,"Jahnke, Mason","JAHNKE,MASON",Marian,MAR,1255-3322,2,0,24,0,24,0,0,0,0,0,0,0,0,0,.00,.00,.00,.000,.000,0,0,0,0,0,0,0,.000,0,0,0,0,.00,.00,.00,.00,0,,15:00,0,.00,.00,,,,,,,,,,,,,,,,,,-1.5235852761511905,315,66
2026-27,msoc,Northern Athletics Collegiate Conference (NACC),nacc,Lakeland,"Jansen, Cade",Cade,Jansen,,1164,"Jansen, Cade","JANSEN,CADE",Lakeland,LAK,1253-5291,0,0,89,0,89,0,0,0,0,0,0,0,0,0,.00,.00,.00,.000,.000,0,0,0,0,0,0,0,.000,0,0,0,0,.00,.00,.00,.00,0,,00:00,0,.00,.00,,,,,,,,,,,,,,,,,,-1.5235852761511905,316,66
2026-27,msoc,Northern Athletics Collegiate Conference (NACC),nacc,Dominican,"Jaramillo, Marco",Marco,Jaramillo,,1332,"Jaramillo, Marco","JARAMILLO,MARCO",Dominican,DOM,1251-2443,0,0,7,0,7,0,0,0,0,0,0,0,0,0,.00,.00,.00,.000,.000,0,0,0,0,0,0,0,.000,0,0,0,0,.00,.00,.00,.00,0,,00:00,0,.00,.00,,,,,,,,,,,,,,,,,,-1.5235852761511905,317,66
2026-27,msoc,Northern Athletics Collegiate Conference (NACC),nacc,Rockford,"Jimenez Montes, Jourdain",Jourdain,Jimenez Montes,,582,"Jimenez Montes, Jourdain","JIMENEZ MONTES,JOURDAIN",Rockford,ROC,1256-2916,6,1,30,0,30,0,0,0,0,0,0,0,0,0,.00,.00,.00,.000,.000,0,0,0,0,0,0,0,.000,1,0,1,0,.17,.17,.00,.00,0,,229:00,0,.00,.00,,,,,,,,,,,,,,,,,,-1.5235852761511905,318,66
2026-27,msoc,Northern Athletics Collegiate Conference (NACC),nacc,St. Norbert,"Jodlowski, Victor",Victor,Jodlowski,,614,"Jodlowski, Victor","JODLOWSKI,VICTOR",St. Norbert,SNC,1102-4139,3,0,21,0,21,0,0,0,0,0,0,0,0,0,.00,.00,.00,.000,.000,0,0,0,0,0,0,0,.000,0,0,0,0,.00,.00,.00,.00,0,,11:00,0,.00,.00,,,,,,,,,,,,,,,,,,-1.5235852761511905,319,65
2026-27,msoc,Northern Athletics Collegiate Conference (NACC),nacc,Concordia Wisconsin,"Johanski, Baxter",Baxter,Johanski,,1036,"Johanski, Baxter","JOHANSKI,BAXTER",Concordia Wisconsin,CUW,1959-6277,0,0,50,0,50,0,0,0,0,0,0,0,0,0,.00,.00,.00,.000,.000,0,0,0,0,0,0,0,.000,0,0,0,0,.00,.00,.00,.00,0,,00:00,0,.00,.00,,,,,,,,,,,,,,,,,,-1.5235852761511905,320,65
2026-27,msoc,Northern Athletics Collegiate Conference (NACC),nacc,Rockford,Juan Grajales,Juan,Grajales,,582,Juan Grajales,"GRAJALES,JUAN",Rockford,ROC,1256-3148,0,0,41,0,41,0,0,0,0,0,0,0,0,0,.00,.00,.00,.000,.000,0,0,0,0,0,0,0,.000,0,0,0,0,.00,.00,.00,.00,0,,00:00,0,.00,.00,,,,,,,,,,,,,,,,,,-1.5235852761511905,321,65
2026-27,msoc,Northern Athletics Collegiate Conference (NACC),nacc,Concordia Chicago,"Kaltak, Armin",Armin,Kaltak,,160,"Kaltak, Armin","KALTAK,ARMIN",Concordia Chicago,CUC,1250-5255,0,0,10,0,10,0,0,0,0,0,0,0,0,0,.00,.00,.00,.000,.000,0,0,0,0,0,0,0,.000,0,0,0,0,.00,.00,.00,.00,0,,00:00,0,.00,.00,,,,,,,,,,,,,,,,,,-1.5235852761511905,322,65
2026-27,msoc,Northern Athletics Collegiate Conference (NACC),nacc,Illinois Tech,"Karagiannis, Athanasios",Athanasios,Karagiannis,,30172,"Karagiannis, Athanasios","KARAGIANNIS,ATHANASIOS",Illinois Tech,IIT,765-1538,4,0,24,0,24,0,0,0,0,0,0,0,0,0,.00,.00,.00,.000,.000,0,0,0,0,0,0,0,.000,1,0,0,0,.25,.00,.00,.00,0,,27:00,0,.00,.00,,,,,,,,,,,,,,,,,,-1.5235852761511905,323,65
2026-27,msoc,Northern Athletics Collegiate Conference (NACC),nacc,Concordia Wisconsin,"Kelly, Carson",Carson,Kelly,,1036,"Kelly, Carson","KELLY,CARSON",Concordia Wisconsin,CUW,1959-3530,6,0,67,0,67,0,0,0,1,0,0,0,0,0,.17,.00,.00,.000,.000,0,0,0,0,0,0,0,.000,4,0,0,0,.67,.00,.00,.00,0,,183:00,0,.00,.00,,,,,,,,,,,,,,,,,,-1.5235852761511905,324,65
2026-27,msoc,Northern Athletics Collegiate Conference (NACC),nacc,Illinois Tech,"Khan, Tariq",Tariq,Khan,,30172,"Khan, Tariq","KHAN,TARIQ",Illinois Tech,IIT,765-1833,8,0,19,0,19,0,0,0,3,0,0,0,0,0,.38,.00,.00,.000,.000,0,0,0,0,0,0,0,.000,3,0,0,0,.38,.00,.00,.00,0,,130:00,0,.00,.00,,,,,,,,,,,,,,,,,,-1.5235852761511905,325,65
2026-27,msoc,Northern Athletics Collegiate Conference (NACC),nacc,MSOE,"Kiger, Erik",Erik,Kiger,,20220,"Kiger, Erik","KIGER,ERIK",MSOE,MSOE,1257-1838,1,0,26,0,26,0,0,0,0,0,0,0,0,0,.00,.00,.00,.000,.000,0,0,0,0,0,0,0,.000,1,0,0,0,1.00,.00,.00,.00,0,,02:00,0,.00,.00,,,,,,,,,,,,,,,,,,-1.5235852761511905,326,65
2026-27,msoc,Northern Athletics Collegiate Conference (NACC),nacc,Concordia Chicago,"Klozik, Roman",Roman,Klozik,,160,"Klozik, Roman","KLOZIK,ROMAN",Concordia Chicago,CUC,1250-4681,4,0,20,0,20,0,0,0,0,0,0,0,0,0,.00,.00,.00,.000,.000,0,0,0,0,0,0,0,.000,1,0,0,0,.25,.00,.00,.00,0,,41:00,0,.00,.00,,,,,,,,,,,,,,,,,,-1.5235852761511905,327,65
2026-27,msoc,Northern Athletics Collegiate Conference (NACC),nacc,Dominican,"Knowlton, Ethan",Ethan,Knowlton,,1332,"Knowlton, Ethan","KNOWLTON,ETHAN",Dominican,DOM,1251-2461,0,0,47,0,47,0,0,0,0,0,0,0,0,0,.00,.00,.00,.000,.000,0,0,0,0,0,0,0,.000,0,0,0,0,.00,.00,.00,.00,0,,00:00,0,.00,.00,,,,,,,,,,,,,,,,,,-1.5235852761511905,328,65
2026-27,msoc,Northern Athletics Collegiate Conference (NACC),nacc,Illinois Tech,"Kumar, Ajitesh",Ajitesh,Kumar,,30172,"Kumar, Ajitesh","KUMAR,AJITESH",Illinois Tech,IIT,765-1704,3,0,31,0,31,0,0,0,1,0,0,0,0,0,.33,.00,.00,.000,.000,0,0,0,0,0,0,0,.000,0,0,0,0,.00,.00,.00,.00,0,,68:00,0,.00,.00,,,,,,,,,,,,,,,,,,-1.5235852761511905,329,64
2026-27,msoc,Northern Athletics Collegiate Conference (NACC),nacc,Concordia Wisconsin,"Kwingwa, Johnson",Johnson,Kwingwa,,1036,"Kwingwa, Johnson","KWINGWA,JOHNSON",Concordia Wisconsin,CUW,1959-6289,1,0,31,0,31,0,0,0,1,0,0,0,0,0,1.00,.00,.00,.000,.000,0,0,0,0,0,0,0,.000,0,0,1,0,.00,1.00,.00,.00,0,,20:00,0,.00,.00,,,,,,,,,,,,,,,,,,-1.5235852761511905,330,64
2026-27,msoc,Northern Athletics Collegiate Conference (NACC),nacc,St. Norbert,"Kyes, Joe",Joe,Kyes,,614,"Kyes, Joe","KYES,JOE",St. Norbert,SNC,1102-3804,2,0,11,0,11,0,0,0,0,0,0,0,0,0,.00,.00,.00,.000,.000,0,0,0,0,0,0,0,.000,0,0,0,0,.00,.00,.00,.00,0,,09:00,0,.00,.00,,,,,,,,,,,,,,,,,,-1.5235852761511905,331,64
2026-27,msoc,Northern Athletics Collegiate Conference (NACC),nacc,Concordia Chicago,"Laboy, Matthew",Matthew,Laboy,,160,"Laboy, Matthew","LABOY,MATTHEW",Concordia Chicago,CUC,1250-5092,0,0,22,0,22,0,0,0,0,0,0,0,0,0,.00,.00,.00,.000,.000,0,0,0,0,0,0,0,.000,0,0,0,0,.00,.00,.00,.00,0,,00:00,0,.00,.00,,,,,,,,,,,,,,,,,,-1.5235852761511905,332,64
2026-27,msoc,Northern Athletics Collegiate Conference (NACC),nacc,Benedictine,"Lara, Niko",Niko,Lara,,296,"Lara, Niko","LARA,NIKO",Benedictine,BENU,1249-6638,2,0,5,0,5,0,0,0,0,0,0,0,0,0,.00,.00,.00,.000,.000,0,0,0,0,0,0,0,.000,1,0,0,0,.50,.00,.00,.00,0,,25:00,0,.00,.00,,,,,,,,,,,,,,,,,,-1.5235852761511905,333,64
2026-27,msoc,Northern Athletics Collegiate Conference (NACC),nacc,Concordia Chicago,"Lechuga, Giovanni",Giovanni,Lechuga,,160,"Lechuga, Giovanni","LECHUGA,GIOVANNI",Concordia Chicago,CUC,1250-4673,0,0,11,0,11,0,0,0,0,0,0,0,0,0,.00,.00,.00,.000,.000,0,0,0,0,0,0,0,.000,0,0,0,0,.00,.00,.00,.00,0,,00:00,0,.00,.00,,,,,,,,,,,,,,,,,,-1.5235852761511905,334,64
2026-27,msoc,Northern Athletics Collegiate Conference (NACC),nacc,Lakeland,"Ledesma, Chris",Chris,Ledesma,,1164,"Ledesma, Chris","LEDESMA,CHRIS",Lakeland,LAK,1253-5055,6,0,15,0,15,0,0,0,0,0,0,0,0,0,.00,.00,.00,.000,.000,0,0,0,0,0,0,0,.000,1,0,0,0,.17,.00,.00,.00,0,,123:00,0,.00,.00,,,,,,,,,,,,,,,,,,-1.5235852761511905,335,64
2026-27,msoc,Northern Athletics Collegiate Conference (NACC),nacc,Dominican,"Leyba, Cody",Cody,Leyba,,1332,"Leyba, Cody","LEYBA,CODY",Dominican,DOM,1251-2335,0,0,1,0,1,0,0,0,0,0,0,0,0,0,.00,.00,.00,.000,.000,0,0,0,0,0,0,0,.000,0,0,0,0,.00,.00,.00,.00,0,,00:00,0,.00,.00,,,,,,,,,,,,,,,,,,-1.5235852761511905,336,64
2026-27,msoc,Northern Athletics Collegiate Conference (NACC),nacc,Concordia Wisconsin,"Linder, Caleb",Caleb,Linder,,1036,"Linder, Caleb","LINDER,CALEB",Concordia Wisconsin,CUW,1959-6298,1,0,35,0,35,0,0,0,0,0,0,0,0,0,.00,.00,.00,.000,.000,0,0,0,0,0,0,0,.000,0,0,0,0,.00,.00,.00,.00,0,,10:00,0,.00,.00,,,,,,,,,,,,,,,,,,-1.5235852761511905,337,64
2026-27,msoc,Northern Athletics Collegiate Conference (NACC),nacc,Edgewood,"Ljumani, Besian",Besian,Ljumani,,1066,"Ljumani, Besian","LJUMANI,BESIAN",Edgewood,EDGEEv,1252-4124,0,0,31,0,31,0,0,0,0,0,0,0,0,0,.00,.00,.00,.000,.000,0,0,0,0,0,0,0,.000,0,0,0,0,.00,.00,.00,.00,0,,00:00,0,.00,.00,,,,,,,,,,,,,,,,,,-1.5235852761511905,338,64
2026-27,msoc,Northern Athletics Collegiate Conference (NACC),nacc,Concordia Chicago,"Lorenzo, Elvin",Elvin,Lorenzo,,160,"Lorenzo, Elvin","LORENZO,ELVIN",Concordia Chicago,CUC,1250-5152,1,0,16,0,16,0,0,0,0,0,0,0,0,0,.00,.00,.00,.000,.000,0,0,0,0,0,0,0,.000,0,0,0,0,.00,.00,.00,.00,0,,20:00,0,.00,.00,,,,,,,,,,,,,,,,,,-1.5235852761511905,339,64
2026-27,msoc,Northern Athletics Collegiate Conference (NACC),nacc,St. Norbert,"Luchun-Ledvina, Brennen",Brennen,Luchun-Ledvina,,614,"Luchun-Ledvina, Brennen","LUCHUN-LEDVINA,BRENNEN",St. Norbert,SNC,1102-4135,5,0,12,0,12,0,0,0,0,0,0,0,0,0,.00,.00,.00,.000,.000,0,0,0,0,0,0,0,.000,1,0,0,0,.20,.00,.00,.00,0,,80:00,0,.00,.00,,,,,,,,,,,,,,,,,,-1.5235852761511905,340,63
2026-27,msoc,Northern Athletics Collegiate Conference (NACC),nacc,Dominican,"Lynch, Rowan",Rowan,Lynch,,1332,"Lynch, Rowan","LYNCH,ROWAN",Dominican,DOM,1251-2447,0,0,26,0,26,0,0,0,0,0,0,0,0,0,.00,.00,.00,.000,.000,0,0,0,0,0,0,0,.000,0,0,0,0,.00,.00,.00,.00,0,,00:00,0,.00,.00,,,,,,,,,,,,,,,,,,-1.5235852761511905,341,63
2026-27,msoc,Northern Athletics Collegiate Conference (NACC),nacc,Dominican,"MUNOZ, JUAN CARLOS",JUAN CARLOS,MUNOZ,,1332,"MUNOZ, JUAN CARLOS","MUNOZ,JUAN CARLOS",Dominican,DOM,1251-2445,1,0,21,0,21,0,0,0,0,0,0,0,0,0,.00,.00,.00,.000,.000,0,0,0,0,0,0,0,.000,0,0,0,0,.00,.00,.00,.00,0,,05:00,0,.00,.00,,,,,,,,,,,,,,,,,,-1.5235852761511905,342,63
2026-27,msoc,Northern Athletics Collegiate Conference (NACC),nacc,Marian,"Machuca, Kairo",Kairo,Machuca,,1196,"Machuca, Kairo","MACHUCA,KAIRO",Marian,MAR,1255-3144,1,1,21,0,21,0,0,0,0,0,0,0,0,0,.00,.00,.00,.000,.000,0,0,0,0,0,0,0,.000,0,0,0,0,.00,.00,.00,.00,0,,24:00,0,.00,.00,,,,,,,,,,,,,,,,,,-1.5235852761511905,343,63
2026-27,msoc,Northern Athletics Collegiate Conference (NACC),nacc,Concordia Wisconsin,"Maldonado, Jose",Jose,Maldonado,,1036,"Maldonado, Jose","MALDONADO,JOSE",Concordia Wisconsin,CUW,1959-6288,0,0,43,0,43,0,0,0,0,0,0,0,0,0,.00,.00,.00,.000,.000,0,0,0,0,0,0,0,.000,0,0,0,0,.00,.00,.00,.00,0,,00:00,0,.00,.00,,,,,,,,,,,,,,,,,,-1.5235852761511905,344,63
2026-27,msoc,Northern Athletics Collegiate Conference (NACC),nacc,Concordia Wisconsin,"Mannigel, Brett",Brett,Mannigel,,1036,"Mannigel, Brett","MANNIGEL,BRETT",Concordia Wisconsin,CUW,1959-3545,0,0,24,0,24,0,0,0,0,0,0,0,0,0,.00,.00,.00,.000,.000,0,0,0,0,0,0,0,.000,0,0,0,0,.00,.00,.00,.00,0,,00:00,0,.00,.00,,,,,,,,,,,,,,,,,,-1.5235852761511905,345,63
2026-27,msoc,Northern Athletics Collegiate Conference (NACC),nacc,Dominican,"Manuel, Tristan",Tristan,Manuel,,1332,"Manuel, Tristan","MANUEL,TRISTAN",Dominican,DOM,1251-2068,7,7,23,0,23,0,0,0,0,0,0,0,0,0,.00,.00,.00,.000,.000,0,0,0,0,0,0,0,.000,2,0,0,0,.29,.00,.00,.00,0,,554:00,0,.00,.00,,,,,,,,,,,,,,,,,,-1.5235852761511905,346,63
2026-27,msoc,Northern Athletics Collegiate Conference (NACC),nacc,Concordia Chicago,"Marchan-Salgado, Javier",Javier,Marchan-Salgado,,160,"Marchan-Salgado, Javier","MARCHAN-SALGADO,JAVIER",Concordia Chicago,CUC,1250-5164,6,0,21,0,21,0,0,0,1,0,0,0,0,0,.17,.00,.00,.000,.000,0,0,0,0,0,0,0,.000,3,0,0,0,.50,.00,.00,.00,0,,118:00,0,.00,.00,,,,,,,,,,,,,,,,,,-1.5235852761511905,347,63
2026-27,msoc,Northern Athletics Collegiate Conference (NACC),nacc,Rockford,"Martindale, Jackson",Jackson,Martindale,,582,"Martindale, Jackson","MARTINDALE,JACKSON",Rockford,ROC,1256-2751,4,1,13,0,13,0,0,0,0,0,0,0,0,0,.00,.00,.00,.000,.000,0,0,0,0,0,0,0,.000,1,0,0,0,.25,.00,.00,.00,0,,74:00,0,.00,.00,,,,,,,,,,,,,,,,,,-1.5235852761511905,348,63
2026-27,msoc,Northern Athletics Collegiate Conference (NACC),nacc,Lakeland,"Maschio, Cris",Cris,Maschio,,1164,"Maschio, Cris","MASCHIO,CRIS",Lakeland,LAK,1253-4538,9,9,30,0,30,0,0,0,0,0,0,0,0,0,.00,.00,.00,.000,.000,0,0,0,0,0,0,0,.000,5,0,2,0,.56,.22,.00,.00,0,,743:00,0,.00,.00,,,,,,,,,,,,,,,,,,-1.5235852761511905,349,63
2026-27,msoc,Northern Athletics Collegiate Conference (NACC),nacc,Benedictine,"McArdle, Brenden",Brenden,McArdle,,296,"McArdle, Brenden","MCARDLE,BRENDEN",Benedictine,BENU,1249-7040,7,0,33,0,33,0,0,0,1,0,0,0,0,0,.14,.00,.00,.000,.000,0,0,0,0,0,0,0,.000,0,0,1,0,.00,.14,.00,.00,0,,129:00,0,.00,.00,,,,,,,,,,,,,,,,,,-1.5235852761511905,350,62
2026-27,msoc,Northern Athletics Collegiate Conference (NACC),nacc,Edgewood,"Medina, Adler",Adler,Medina,,1066,"Medina, Adler","MEDINA,ADLER",Edgewood,EDGEEv,1252-4263,0,0,22,0,22,0,0,0,0,0,0,0,0,0,.00,.00,.00,.000,.000,0,0,0,0,0,0,0,.000,0,0,0,0,.00,.00,.00,.00,0,,00:00,0,.00,.00,,,,,,,,,,,,,,,,,,-1.5235852761511905,351,62
2026-27,msoc,Northern Athletics Collegiate Conference (NACC),nacc,Dominican,"Mendez-Luna, Luis",Luis,Mendez-Luna,,1332,"Mendez-Luna, Luis","MENDEZ-LUNA,LUIS",Dominican,DOM,1251-2449,0,0,29,0,29,0,0,0,0,0,0,0,0,0,.00,.00,.00,.000,.000,0,0,0,0,0,0,0,.000,0,0,0,0,.00,.00,.00,.00,0,,00:00,0,.00,.00,,,,,,,,,,,,,,,,,,-1.5235852761511905,352,62
2026-27,msoc,Northern Athletics Collegiate Conference (NACC),nacc,Rockford,"Militello-Salgado, Landyn",Landyn,Militello-Salgado,,582,"Militello-Salgado, Landyn","MILITELLO-SALGADO,LANDYN",Rockford,ROC,1256-3120,6,0,18,0,18,0,0,0,1,0,0,0,0,0,.17,.00,.00,.000,.000,0,0,0,0,0,0,0,.000,1,0,0,0,.17,.00,.00,.00,0,,101:00,0,.00,.00,,,,,,,,,,,,,,,,,,-1.5235852761511905,353,62
2026-27,msoc,Northern Athletics Collegiate Conference (NACC),nacc,Rockford,"Millen, Jonathan",Jonathan,Millen,,582,"Millen, Jonathan","MILLEN,JONATHAN",Rockford,ROC,1256-3121,3,0,33,0,33,0,0,0,2,0,0,0,0,0,.67,.00,.00,.000,.000,0,0,0,0,0,0,0,.000,6,0,0,0,2.00,.00,.00,.00,0,,137:00,0,.00,.00,,,,,,,,,,,,,,,,,,-1.5235852761511905,354,62
2026-27,msoc,Northern Athletics Collegiate Conference (NACC),nacc,Illinois Tech,"Miller, Tatum",Tatum,Miller,,30172,"Miller, Tatum","MILLER,TATUM",Illinois Tech,IIT,765-1539,9,0,18,0,18,0,0,0,2,0,0,0,0,0,.22,.00,.00,.000,.000,0,0,0,0,0,0,0,.000,3,0,0,0,.33,.00,.00,.00,0,,213:00,0,.00,.00,,,,,,,,,,,,,,,,,,-1.5235852761511905,355,62
2026-27,msoc,Northern Athletics Collegiate Conference (NACC),nacc,Concordia Chicago,"Miranda, Evan",Evan,Miranda,,160,"Miranda, Evan","MIRANDA,EVAN",Concordia Chicago,CUC,1250-5158,7,5,19,0,19,0,0,0,2,0,0,0,0,0,.29,.00,.00,.000,.000,0,0,0,0,0,0,0,.000,1,0,0,0,.14,.00,.00,.00,0,,456:00,0,.00,.00,,,,,,,,,,,,,,,,,,-1.5235852761511905,356,62
2026-27,msoc,Northern Athletics Collegiate Conference (NACC),nacc,Lakeland,"Mirhashemi, Max",Max,Mirhashemi,,1164,"Mirhashemi, Max","MIRHASHEMI,MAX",Lakeland,LAK,1253-4898,0,0,48,0,48,0,0,0,0,0,0,0,0,0,.00,.00,.00,.000,.000,0,0,0,0,0,0,0,.000,0,0,0,0,.00,.00,.00,.00,0,,00:00,0,.00,.00,,,,,,,,,,,,,,,,,,-1.5235852761511905,357,62
2026-27,msoc,Northern Athletics Collegiate Conference (NACC),nacc,Concordia Chicago,"Morales, Eric",Eric,Morales,,160,"Morales, Eric","MORALES,ERIC",Concordia Chicago,CUC,1250-5281,6,3,4,0,4,0,0,0,0,0,0,0,0,0,.00,.00,.00,.000,.000,0,0,0,0,0,0,0,.000,1,0,0,0,.17,.00,.00,.00,0,,199:00,0,.00,.00,,,,,,,,,,,,,,,,,,-1.5235852761511905,358,62
2026-27,msoc,Northern Athletics Collegiate Conference (NACC),nacc,Concordia Wisconsin,"Moreno, Ivan",Ivan,Moreno,,1036,"Moreno, Ivan","MORENO,IVAN",Concordia Wisconsin,CUW,1959-6280,0,0,51,0,51,0,0,0,0,0,0,0,0,0,.00,.00,.00,.000,.000,0,0,0,0,0,0,0,.000,0,0,0,0,.00,.00,.00,.00,0,,00:00,0,.00,.00,,,,,,,,,,,,,,,,,,-1.5235852761511905,359,62
2026-27,msoc,Northern Athletics Collegiate Conference (NACC),nacc,Marian,"Murillo, Diego",Diego,Murillo,,1196,"Murillo, Diego","MURILLO,DIEGO",Marian,MAR,1255-3472,2,1,12,0,12,0,0,0,0,0,0,0,0,0,.00,.00,.00,.000,.000,0,0,0,0,0,0,0,.000,0,0,0,0,.00,.00,.00,.00,0,,61:00,0,.00,.00,,,,,,,,,,,,,,,,,,-1.5235852761511905,360,61
2026-27,msoc,Northern Athletics Collegiate Conference (NACC),nacc,Wisconsin Lutheran,"Myers, Dominic",Dominic,Myers,,8911,"Myers, Dominic","MYERS,DOMINIC",Wisconsin Lutheran,WLC,1092-3856,1,0,8,0,8,0,0,0,0,0,0,0,0,0,.00,.00,.00,.000,.000,0,0,0,0,0,0,0,.000,0,0,0,0,.00,.00,.00,.00,0,,09:00,0,.00,.00,,,,,,,,,,,,,,,,,,-1.5235852761511905,361,61
2026-27,msoc,Northern Athletics Collegiate Conference (NACC),nacc,Illinois Tech,"Nagarahalli, Aakash",Aakash,Nagarahalli,,30172,"Nagarahalli, Aakash","NAGARAHALLI,AAKASH",Illinois Tech,IIT,765-1705,0,0,0,0,0,0,0,0,0,0,0,0,0,0,.00,.00,.00,.000,.000,0,0,0,0,0,0,0,.000,0,0,0,0,.00,.00,.00,.00,0,,00:00,0,.00,.00,,,,,,,,,,,,,,,,,,-1.5235852761511905,362,61
2026-27,msoc,Northern Athletics Collegiate Conference (NACC),nacc,Edgewood,"Najjar, Neo",Neo,Najjar,,1066,"Najjar, Neo","NAJJAR,NEO",Edgewood,EDGEEv,1252-4265,7,7,44,0,44,0,0,0,1,0,0,0,0,0,.14,.00,.00,.000,.000,0,0,0,0,0,0,0,.000,5,0,3,0,.71,.43,.00,.00,0,,611:00,0,.00,.00,,,,,,,,,,,,,,,,,,-1.5235852761511905,363,61
2026-27,msoc,Northern Athletics Collegiate Conference (NACC),nacc,Dominican,"Nanda, Rounak",Rounak,Nanda,,1332,"Nanda, Rounak","NANDA,ROUNAK",Dominican,DOM,1251-2458,6,3,43,0,43,0,0,0,0,0,0,0,0,0,.00,.00,.00,.000,.000,0,0,0,0,0,0,0,.000,2,0,1,0,.33,.17,.00,.00,0,,208:00,0,.00,.00,,,,,,,,,,,,,,,,,,-1.5235852761511905,364,61
2026-27,msoc,Northern Athletics Collegiate Conference (NACC),nacc,St. Norbert,"Natori, Hare",Hare,Natori,,614,"Natori, Hare","NATORI,HARE",St. Norbert,SNC,1102-4133,0,0,3,0,3,0,0,0,0,0,0,0,0,0,.00,.00,.00,.000,.000,0,0,0,0,0,0,0,.000,0,0,0,0,.00,.00,.00,.00,0,,00:00,0,.00,.00,,,,,,,,,,,,,,,,,,-1.5235852761511905,365,61
2026-27,msoc,Northern Athletics Collegiate Conference (NACC),nacc,Dominican,"Nevarez, Aaron",Aaron,Nevarez,,1332,"Nevarez, Aaron","NEVAREZ,AARON",Dominican,DOM,1251-2448,0,0,27,0,27,0,0,0,0,0,0,0,0,0,.00,.00,.00,.000,.000,0,0,0,0,0,0,0,.000,0,0,0,0,.00,.00,.00,.00,0,,00:00,0,.00,.00,,,,,,,,,,,,,,,,,,-1.5235852761511905,366,61
2026-27,msoc,Northern Athletics Collegiate Conference (NACC),nacc,Rockford,"Newman, Eli",Eli,Newman,,582,"Newman, Eli","NEWMAN,ELI",Rockford,ROC,1256-3113,4,0,2,0,2,0,0,0,1,0,0,0,0,0,.25,.00,.00,.000,.000,0,0,0,0,0,0,0,.000,3,0,1,0,.75,.25,.00,.00,0,,92:00,0,.00,.00,,,,,,,,,,,,,,,,,,-1.5235852761511905,367,61
2026-27,msoc,Northern Athletics Collegiate Conference (NACC),nacc,Dominican,"Newton, Matt",Matt,Newton,,1332,"Newton, Matt","NEWTON,MATT",Dominican,DOM,1251-2455,0,0,38,0,38,0,0,0,0,0,0,0,0,0,.00,.00,.00,.000,.000,0,0,0,0,0,0,0,.000,0,0,0,0,.00,.00,.00,.00,0,,00:00,0,.00,.00,,,,,,,,,,,,,,,,,,-1.5235852761511905,368,61
2026-27,msoc,Northern Athletics Collegiate Conference (NACC),nacc,Lakeland,"Nimmer, Cooper",Cooper,Nimmer,,1164,"Nimmer, Cooper","NIMMER,COOPER",Lakeland,LAK,1253-5292,0,0,35,0,35,0,0,0,0,0,0,0,0,0,.00,.00,.00,.000,.000,0,0,0,0,0,0,0,.000,0,0,0,0,.00,.00,.00,.00,0,,00:00,0,.00,.00,,,,,,,,,,,,,,,,,,-1.5235852761511905,369,61
2026-27,msoc,Northern Athletics Collegiate Conference (NACC),nacc,Dominican,"Oates, Nolan",Nolan,Oates,,1332,"Oates, Nolan","OATES,NOLAN",Dominican,DOM,1251-2163,7,0,13,0,13,0,0,0,2,0,0,0,0,0,.29,.00,.00,.000,.000,0,0,0,0,0,0,0,.000,3,0,0,0,.43,.00,.00,.00,0,,227:00,0,.00,.00,,,,,,,,,,,,,,,,,,-1.5235852761511905,370,61
2026-27,msoc,Northern Athletics Collegiate Conference (NACC),nacc,Edgewood,"Oberbroeckling, Greg",Greg,Oberbroeckling,,1066,"Oberbroeckling, Greg","OBERBROECKLING,GREG",Edgewood,EDGEEv,1252-4266,0,0,98,0,98,0,0,0,0,0,0,0,0,0,.00,.00,.00,.000,.000,0,0,0,0,0,0,0,.000,0,0,0,0,.00,.00,.00,.00,0,,00:00,0,.00,.00,,,,,,,,,,,,,,,,,,-1.5235852761511905,371,60
2026-27,msoc,Northern Athletics Collegiate Conference (NACC),nacc,Rockford,"Obieze, Charles",Charles,Obieze,,582,"Obieze, Charles","OBIEZE,CHARLES",Rockford,ROC,0,0,0,29,0,29,0,0,0,0,0,0,0,0,0,.00,.00,.00,.000,.000,0,0,0,0,0,0,0,.000,0,0,0,0,.00,.00,.00,.00,0,,00:00,0,.00,.00,,,,,,,,,,,,,,,,,,-1.5235852761511905,372,60
2026-27,msoc,Northern Athletics Collegiate Conference (NACC),nacc,Lakeland,"Olurankinse, Moses",Moses,Olurankinse,,1164,"Olurankinse, Moses","OLURANKINSE,MOSES",Lakeland,LAK,1253-5088,0,0,88,0,88,0,0,0,0,0,0,0,0,0,.00,.00,.00,.000,.000,0,0,0,0,0,0,0,.000,0,0,0,0,.00,.00,.00,.00,0,,00:00,0,.00,.00,,,,,,,,,,,,,,,,,,-1.5235852761511905,373,60
2026-27,msoc,Northern Athletics Collegiate Conference (NACC),nacc,Aurora,"Omernik, Ben",Ben,Omernik,,42,"Omernik, Ben","OMERNIK,BEN",Aurora,AUR,1248-6507,2,1,23,0,23,0,0,0,0,0,0,0,0,0,.00,.00,.00,.000,.000,0,0,0,0,0,0,0,.000,0,0,0,0,.00,.00,.00,.00,0,,71:00,0,.00,.00,,,,,,,,,,,,,,,,,,-1.5235852761511905,374,60
2026-27,msoc,Northern Athletics Collegiate Conference (NACC),nacc,Lakeland,"Outlaw, Jazyn",Jazyn,Outlaw,,1164,"Outlaw, Jazyn","OUTLAW,JAZYN",Lakeland,LAK,1253-5305,0,0,51,0,51,0,0,0,0,0,0,0,0,0,.00,.00,.00,.000,.000,0,0,0,0,0,0,0,.000,0,0,0,0,.00,.00,.00,.00,0,,00:00,0,.00,.00,,,,,,,,,,,,,,,,,,-1.5235852761511905,375,60
2026-27,msoc,Northern Athletics Collegiate Conference (NACC),nacc,Concordia Wisconsin,"Paler, Kyle",Kyle,Paler,,1036,"Paler, Kyle","PALER,KYLE",Concordia Wisconsin,CUW,1959-5572,4,1,3,0,3,0,0,0,0,0,0,0,0,0,.00,.00,.00,.000,.000,0,0,0,0,0,0,0,.000,1,0,1,0,.25,.25,.00,.00,0,,60:00,0,.00,.00,,,,,,,,,,,,,,,,,,-1.5235852761511905,376,60
2026-27,msoc,Northern Athletics Collegiate Conference (NACC),nacc,MSOE,"Palikot, Sebastian",Sebastian,Palikot,,20220,"Palikot, Sebastian","PALIKOT,SEBASTIAN",MSOE,MSOE,1257-2496,1,0,23,0,23,0,0,0,0,0,0,0,0,0,.00,.00,.00,.000,.000,0,0,0,0,0,0,0,.000,0,0,0,0,.00,.00,.00,.00,0,,07:00,0,.00,.00,,,,,,,,,,,,,,,,,,-1.5235852761511905,377,60
2026-27,msoc,Northern Athletics Collegiate Conference (NACC),nacc,Dominican,"Panora-Garcia, Emmanuel",Emmanuel,Panora-Garcia,,1332,"Panora-Garcia, Emmanuel","PANORA-GARCIA,EMMANUEL",Dominican,DOM,1251-2459,0,0,45,0,45,0,0,0,0,0,0,0,0,0,.00,.00,.00,.000,.000,0,0,0,0,0,0,0,.000,0,0,0,0,.00,.00,.00,.00,0,,00:00,0,.00,.00,,,,,,,,,,,,,,,,,,-1.5235852761511905,378,60
2026-27,msoc,Northern Athletics Collegiate Conference (NACC),nacc,Rockford,"Patino, Miguel",Miguel,Patino,,582,"Patino, Miguel","PATINO,MIGUEL",Rockford,ROC,1256-2626,2,0,20,0,20,0,0,0,0,0,0,0,0,0,.00,.00,.00,.000,.000,0,0,0,0,0,0,0,.000,3,0,0,0,1.50,.00,.00,.00,0,,56:00,0,.00,.00,,,,,,,,,,,,,,,,,,-1.5235852761511905,379,60
2026-27,msoc,Northern Athletics Collegiate Conference (NACC),nacc,Lakeland,"Perez, Brandon",Brandon,Perez,,1164,"Perez, Brandon","PEREZ,BRANDON",Lakeland,LAK,1253-5294,4,0,39,0,39,0,0,0,7,0,0,0,0,0,1.75,.00,.00,.000,.000,0,0,0,0,0,0,0,.000,1,0,0,0,.25,.00,.00,.00,0,,114:00,0,.00,.00,,,,,,,,,,,,,,,,,,-1.5235852761511905,380,60
2026-27,msoc,Northern Athletics Collegiate Conference (NACC),nacc,Illinois Tech,"Perez, Chriz",Chriz,Perez,,30172,"Perez, Chriz","PEREZ,CHRIZ",Illinois Tech,IIT,765-1836,1,0,13,0,13,0,0,0,0,0,0,0,0,0,.00,.00,.00,.000,.000,0,0,0,0,0,0,0,.000,0,0,0,0,.00,.00,.00,.00,0,,07:00,0,.00,.00,,,,,,,,,,,,,,,,,,-1.5235852761511905,381,59
2026-27,msoc,Northern Athletics Collegiate Conference (NACC),nacc,Concordia Chicago,"Perez, Evin",Evin,Perez,,160,"Perez, Evin","PEREZ,EVIN",Concordia Chicago,CUC,1250-4291,4,0,14,0,14,0,0,0,1,0,0,0,0,0,.25,.00,.00,.000,.000,0,0,0,0,0,0,0,.000,1,0,0,0,.25,.00,.00,.00,0,,94:00,0,.00,.00,,,,,,,,,,,,,,,,,,-1.5235852761511905,382,59
2026-27,msoc,Northern Athletics Collegiate Conference (NACC),nacc,Edgewood,"Phillips, Joseph",Joseph,Phillips,,1066,"Phillips, Joseph","PHILLIPS,JOSEPH",Edgewood,EDGEEv,1252-4267,0,0,99,0,99,0,0,0,0,0,0,0,0,0,.00,.00,.00,.000,.000,0,0,0,0,0,0,0,.000,0,0,0,0,.00,.00,.00,.00,0,,00:00,0,.00,.00,,,,,,,,,,,,,,,,,,-1.5235852761511905,383,59
2026-27,msoc,Northern Athletics Collegiate Conference (NACC),nacc,Lakeland,"Piekarski, Joey",Joey,Piekarski,,1164,"Piekarski, Joey","PIEKARSKI,JOEY",Lakeland,LAK,1253-5293,1,0,33,0,33,0,0,0,0,0,0,0,0,0,.00,.00,.00,.000,.000,0,0,0,0,0,0,0,.000,0,0,0,0,.00,.00,.00,.00,0,,24:00,0,.00,.00,,,,,,,,,,,,,,,,,,-1.5235852761511905,384,59
2026-27,msoc,Northern Athletics Collegiate Conference (NACC),nacc,Marian,"Pollock, Jayden",Jayden,Pollock,,1196,"Pollock, Jayden","POLLOCK,JAYDEN",Marian,MAR,1255-3473,6,2,33,0,33,0,0,0,0,0,0,0,0,0,.00,.00,.00,.000,.000,0,0,0,0,0,0,0,.000,6,0,1,0,1.00,.17,.00,.00,0,,268:00,0,.00,.00,,,,,,,,,,,,,,,,,,-1.5235852761511905,385,59
2026-27,msoc,Northern Athletics Collegiate Conference (NACC),nacc,Lakeland,"Ponce, Israel",Israel,Ponce,,1164,"Ponce, Israel","PONCE,ISRAEL",Lakeland,LAK,1253-5296,0,0,50,0,50,0,0,0,0,0,0,0,0,0,.00,.00,.00,.000,.000,0,0,0,0,0,0,0,.000,0,0,0,0,.00,.00,.00,.00,0,,00:00,0,.00,.00,,,,,,,,,,,,,,,,,,-1.5235852761511905,386,59
2026-27,msoc,Northern Athletics Collegiate Conference (NACC),nacc,Benedictine,"Ponce, Juan",Juan,Ponce,,296,"Ponce, Juan","PONCE,JUAN",Benedictine,BENU,1249-6639,0,0,29,0,29,0,0,0,0,0,0,0,0,0,.00,.00,.00,.000,.000,0,0,0,0,0,0,0,.000,0,0,0,0,.00,.00,.00,.00,0,,00:00,0,.00,.00,,,,,,,,,,,,,,,,,,-1.5235852761511905,387,59
2026-27,msoc,Northern Athletics Collegiate Conference (NACC),nacc,Dominican,"Portillo, Mateo",Mateo,Portillo,,1332,"Portillo, Mateo","PORTILLO,MATEO",Dominican,DOM,1251-2444,1,0,17,0,17,0,0,0,0,0,0,0,0,0,.00,.00,.00,.000,.000,0,0,0,0,0,0,0,.000,0,0,0,0,.00,.00,.00,.00,0,,17:00,0,.00,.00,,,,,,,,,,,,,,,,,,-1.5235852761511905,388,59
2026-27,msoc,Northern Athletics Collegiate Conference (NACC),nacc,St. Norbert,"Post, Jackson",Jackson,Post,,614,"Post, Jackson","POST,JACKSON",St. Norbert,SNC,1102-4144,8,8,34,0,34,0,0,0,2,0,0,0,0,0,.25,.00,.00,.000,.000,0,0,0,0,0,0,0,.000,3,0,1,0,.38,.13,.00,.00,0,,533:00,0,.00,.00,,,,,,,,,,,,,,,,,,-1.5235852761511905,389,59
2026-27,msoc,Northern Athletics Collegiate Conference (NACC),nacc,Lakeland,"Pozorski, Jeff",Jeff,Pozorski,,1164,"Pozorski, Jeff","POZORSKI,JEFF",Lakeland,LAK,1253-5297,-3,0,36,0,36,0,0,0,-12,0,0,0,0,0,4.00,.00,.00,.000,.000,0,0,0,0,0,0,0,.000,0,0,0,0,.00,.00,.00,.00,0,,-157:00,0,.00,.00,,,,,,,,,,,,,,,,,,-1.5235852761511905,390,59
2026-27,msoc,Northern Athletics Collegiate Conference (NACC),nacc,Lakeland,"Preston, Kellen",Kellen,Preston,,1164,"Preston, Kellen","PRESTON,KELLEN",Lakeland,LAK,1253-5295,6,0,38,0,38,0,0,0,0,0,0,0,0,0,.00,.00,.00,.000,.000,0,0,0,0,0,0,0,.000,0,0,0,0,.00,.00,.00,.00,0,,145:00,0,.00,.00,,,,,,,,,,,,,,,,,,-1.5235852761511905,391,58
2026-27,msoc,Northern Athletics Collegiate Conference (NACC),nacc,Concordia Wisconsin,"Price, Josh",Josh,Price,,1036,"Price, Josh","PRICE,JOSH",Concordia Wisconsin,CUW,1959-5574,0,0,14,0,14,0,0,0,0,0,0,0,0,0,.00,.00,.00,.000,.000,0,0,0,0,0,0,0,.000,0,0,0,0,.00,.00,.00,.00,0,,00:00,0,.00,.00,,,,,,,,,,,,,,,,,,-1.5235852761511905,392,58
2026-27,msoc,Northern Athletics Collegiate Conference (NACC),nacc,Rockford,"Pritzlaff, Mitchell",Mitchell,Pritzlaff,,582,"Pritzlaff, Mitchell","PRITZLAFF,MITCHELL",Rockford,ROC,1256-2951,4,0,6,0,6,0,0,0,1,0,0,0,0,0,.25,.00,.00,.000,.000,0,0,0,0,0,0,0,.000,1,0,0,0,.25,.00,.00,.00,0,,93:00,0,.00,.00,,,,,,,,,,,,,,,,,,-1.5235852761511905,393,58
2026-27,msoc,Northern Athletics Collegiate Conference (NACC),nacc,Marian,"Quinn, Landon",Landon,Quinn,,1196,"Quinn, Landon","QUINN,LANDON",Marian,MAR,1255-3469,7,2,25,0,25,0,0,0,1,0,0,0,0,0,.14,.00,.00,.000,.000,0,0,0,0,0,0,0,.000,1,0,2,0,.14,.29,.00,.00,0,,309:00,0,.00,.00,,,,,,,,,,,,,,,,,,-1.5235852761511905,394,58
2026-27,msoc,Northern Athletics Collegiate Conference (NACC),nacc,MSOE,"Quost, Julius",Julius,Quost,,20220,"Quost, Julius","QUOST,JULIUS",MSOE,MSOE,1257-2498,1,0,32,0,32,0,0,0,0,0,0,0,0,0,.00,.00,.00,.000,.000,0,0,0,0,0,0,0,.000,0,0,0,0,.00,.00,.00,.00,0,,03:00,0,.00,.00,,,,,,,,,,,,,,,,,,-1.5235852761511905,395,58
2026-27,msoc,Northern Athletics Collegiate Conference (NACC),nacc,Concordia Wisconsin,"Ramirez, Angel",Angel,Ramirez,,1036,"Ramirez, Angel","RAMIREZ,ANGEL",Concordia Wisconsin,CUW,1959-6279,0,0,53,0,53,0,0,0,0,0,0,0,0,0,.00,.00,.00,.000,.000,0,0,0,0,0,0,0,.000,0,0,0,0,.00,.00,.00,.00,0,,00:00,0,.00,.00,,,,,,,,,,,,,,,,,,-1.5235852761511905,396,58
2026-27,msoc,Northern Athletics Collegiate Conference (NACC),nacc,Lakeland,"Ramirez, Anthony",Anthony,Ramirez,,1164,"Ramirez, Anthony","RAMIREZ,ANTHONY",Lakeland,LAK,1253-5047,0,0,6,0,6,0,0,0,0,0,0,0,0,0,.00,.00,.00,.000,.000,0,0,0,0,0,0,0,.000,0,0,0,0,.00,.00,.00,.00,0,,00:00,0,.00,.00,,,,,,,,,,,,,,,,,,-1.5235852761511905,397,58
2026-27,msoc,Northern Athletics Collegiate Conference (NACC),nacc,Concordia Chicago,"Ramirez, Benjamin",Benjamin,Ramirez,,160,"Ramirez, Benjamin","RAMIREZ,BENJAMIN",Concordia Chicago,CUC,1250-5167,2,0,36,0,36,0,0,0,0,0,0,0,0,0,.00,.00,.00,.000,.000,0,0,0,0,0,0,0,.000,0,0,0,0,.00,.00,.00,.00,0,,26:00,0,.00,.00,,,,,,,,,,,,,,,,,,-1.5235852761511905,398,58
2026-27,msoc,Northern Athletics Collegiate Conference (NACC),nacc,Concordia Wisconsin,"Ramirez, Damian",Damian,Ramirez,,1036,"Ramirez, Damian","RAMIREZ,DAMIAN",Concordia Wisconsin,CUW,1959-6286,0,0,44,0,44,0,0,0,0,0,0,0,0,0,.00,.00,.00,.000,.000,0,0,0,0,0,0,0,.000,0,0,0,0,.00,.00,.00,.00,0,,00:00,0,.00,.00,,,,,,,,,,,,,,,,,,-1.5235852761511905,399,58
2026-27,msoc,Northern Athletics Collegiate Conference (NACC),nacc,Dominican,"Ramirez, Juan",Juan,Ramirez,,1332,"Ramirez, Juan","RAMIREZ,JUAN",Dominican,DOM,1251-2463,0,0,49,0,49,0,0,0,0,0,0,0,0,0,.00,.00,.00,.000,.000,0,0,0,0,0,0,0,.000,0,0,0,0,.00,.00,.00,.00,0,,00:00,0,.00,.00,,,,,,,,,,,,,,,,,,-1.5235852761511905,400,58
2026-27,msoc,Northern Athletics Collegiate Conference (NACC),nacc,Illinois Tech,"Ramos, Carlos",Carlos,Ramos,,30172,"Ramos, Carlos","RAMOS,CARLOS",Illinois Tech,IIT,765-1837,2,0,23,0,23,0,0,0,0,0,0,0,0,0,.00,.00,.00,.000,.000,0,0,0,0,0,0,0,.000,0,0,0,0,.00,.00,.00,.00,0,,32:00,0,.00,.00,,,,,,,,,,,,,,,,,,-1.5235852761511905,401,58
2026-27,msoc,Northern Athletics Collegiate Conference (NACC),nacc,St. Norbert,"Raundalen, Thomas",Thomas,Raundalen,,614,"Raundalen, Thomas","RAUNDALEN,THOMAS",St. Norbert,SNC,1102-3814,5,1,35,0,35,0,0,0,0,0,0,0,0,0,.00,.00,.00,.000,.000,0,0,0,0,0,0,0,.000,0,0,0,0,.00,.00,.00,.00,0,,69:00,0,.00,.00,,,,,,,,,,,,,,,,,,-1.5235852761511905,402,57
2026-27,msoc,Northern Athletics Collegiate Conference (NACC),nacc,Marian,"Reed, Preston",Preston,Reed,,1196,"Reed, Preston","REED,PRESTON",Marian,MAR,1255-3474,3,0,35,0,35,0,0,0,0,0,0,0,0,0,.00,.00,.00,.000,.000,0,0,0,0,0,0,0,.000,1,0,0,0,.33,.00,.00,.00,0,,62:00,0,.00,.00,,,,,,,,,,,,,,,,,,-1.5235852761511905,403,57
2026-27,msoc,Northern Athletics Collegiate Conference (NACC),nacc,Lakeland,"Reilly, Patrick",Patrick,Reilly,,1164,"Reilly, Patrick","REILLY,PATRICK",Lakeland,LAK,1253-5058,1,0,31,0,31,0,0,0,1,0,0,0,0,0,1.00,.00,.00,.000,.000,0,0,0,0,0,0,0,.000,0,0,0,0,.00,.00,.00,.00,0,,07:00,0,.00,.00,,,,,,,,,,,,,,,,,,-1.5235852761511905,404,57
2026-27,msoc,Northern Athletics Collegiate Conference (NACC),nacc,Wisconsin Lutheran,"Renaud, Connor",Connor,Renaud,,8911,"Renaud, Connor","RENAUD,CONNOR",Wisconsin Lutheran,WLC,1092-3522,0,0,21,0,21,0,0,0,0,0,0,0,0,0,.00,.00,.00,.000,.000,0,0,0,0,0,0,0,.000,0,0,0,0,.00,.00,.00,.00,0,,00:00,0,.00,.00,,,,,,,,,,,,,,,,,,-1.5235852761511905,405,57
2026-27,msoc,Northern Athletics Collegiate Conference (NACC),nacc,Aurora,"Reta, Jorge",Jorge,Reta,,42,"Reta, Jorge","RETA,JORGE",Aurora,AUR,1248-7355,0,0,60,0,60,0,0,0,0,0,0,0,0,0,.00,.00,.00,.000,.000,0,0,0,0,0,0,0,.000,0,0,0,0,.00,.00,.00,.00,0,,00:00,0,.00,.00,,,,,,,,,,,,,,,,,,-1.5235852761511905,406,57
2026-27,msoc,Northern Athletics Collegiate Conference (NACC),nacc,Concordia Wisconsin,"Richardson, Kaleb",Kaleb,Richardson,,1036,"Richardson, Kaleb","RICHARDSON,KALEB",Concordia Wisconsin,CUW,1959-6273,0,0,42,0,42,0,0,0,0,0,0,0,0,0,.00,.00,.00,.000,.000,0,0,0,0,0,0,0,.000,0,0,0,0,.00,.00,.00,.00,0,,00:00,0,.00,.00,,,,,,,,,,,,,,,,,,-1.5235852761511905,407,57
2026-27,msoc,Northern Athletics Collegiate Conference (NACC),nacc,Dominican,"Rocha, Johnny",Johnny,Rocha,,1332,"Rocha, Johnny","ROCHA,JOHNNY",Dominican,DOM,1251-2342,0,0,40,0,40,0,0,0,0,0,0,0,0,0,.00,.00,.00,.000,.000,0,0,0,0,0,0,0,.000,0,0,0,0,.00,.00,.00,.00,0,,00:00,0,.00,.00,,,,,,,,,,,,,,,,,,-1.5235852761511905,408,57
2026-27,msoc,Northern Athletics Collegiate Conference (NACC),nacc,Aurora,"Roman, Josue",Josue,Roman,,42,"Roman, Josue","ROMAN,JOSUE",Aurora,AUR,1248-6719,0,0,95,0,95,0,0,0,0,0,0,0,0,0,.00,.00,.00,.000,.000,0,0,0,0,0,0,0,.000,0,0,0,0,.00,.00,.00,.00,0,,00:00,0,.00,.00,,,,,,,,,,,,,,,,,,-1.5235852761511905,409,57
2026-27,msoc,Northern Athletics Collegiate Conference (NACC),nacc,Benedictine,"Romero, Diego",Diego,Romero,,296,"Romero, Diego","ROMERO,DIEGO",Benedictine,BENU,1249-6372,1,0,2,0,2,0,0,0,0,0,0,0,0,0,.00,.00,.00,.000,.000,0,0,0,0,0,0,0,.000,0,0,0,0,.00,.00,.00,.00,0,,04:00,0,.00,.00,,,,,,,,,,,,,,,,,,-1.5235852761511905,410,57
2026-27,msoc,Northern Athletics Collegiate Conference (NACC),nacc,Edgewood,"Ross, Dalvin",Dalvin,Ross,,1066,"Ross, Dalvin","ROSS,DALVIN",Edgewood,EDGEEv,1252-4268,7,0,19,0,19,0,0,0,3,0,0,0,0,0,.43,.00,.00,.000,.000,0,0,0,0,0,0,0,.000,4,0,1,0,.57,.14,.00,.00,0,,107:00,0,.00,.00,,,,,,,,,,,,,,,,,,-1.5235852761511905,411,57
2026-27,msoc,Northern Athletics Collegiate Conference (NACC),nacc,MSOE,"Rouamba, Wyatt",Wyatt,Rouamba,,20220,"Rouamba, Wyatt","ROUAMBA,WYATT",MSOE,MSOE,1257-2499,0,0,23,0,23,0,0,0,0,0,0,0,0,0,.00,.00,.00,.000,.000,0,0,0,0,0,0,0,.000,0,0,0,0,.00,.00,.00,.00,0,,00:00,0,.00,.00,,,,,,,,,,,,,,,,,,-1.5235852761511905,412,56
2026-27,msoc,Northern Athletics Collegiate Conference (NACC),nacc,MSOE,"Rush, Emerson",Emerson,Rush,,20220,"Rush, Emerson","RUSH,EMERSON",MSOE,MSOE,1257-2296,8,1,12,0,12,0,0,0,1,0,0,0,0,0,.13,.00,.00,.000,.000,0,0,0,0,0,0,0,.000,2,0,2,0,.25,.25,.00,.00,0,,195:00,0,.00,.00,,,,,,,,,,,,,,,,,,-1.5235852761511905,413,56
2026-27,msoc,Northern Athletics Collegiate Conference (NACC),nacc,Concordia Wisconsin,"Saladin, Parker",Parker,Saladin,,1036,"Saladin, Parker","SALADIN,PARKER",Concordia Wisconsin,CUW,1959-6299,6,0,20,0,20,0,0,0,0,0,0,0,0,0,.00,.00,.00,.000,.000,0,0,0,0,0,0,0,.000,3,0,0,0,.50,.00,.00,.00,0,,117:00,0,.00,.00,,,,,,,,,,,,,,,,,,-1.5235852761511905,414,56
2026-27,msoc,Northern Athletics Collegiate Conference (NACC),nacc,Dominican,"Salgado, Julian",Julian,Salgado,,1332,"Salgado, Julian","SALGADO,JULIAN",Dominican,DOM,1251-2075,0,0,42,0,42,0,0,0,0,0,0,0,0,0,.00,.00,.00,.000,.000,0,0,0,0,0,0,0,.000,0,0,0,0,.00,.00,.00,.00,0,,00:00,0,.00,.00,,,,,,,,,,,,,,,,,,-1.5235852761511905,415,56
2026-27,msoc,Northern Athletics Collegiate Conference (NACC),nacc,Benedictine,"Sanchez, Alan",Alan,Sanchez,,296,"Sanchez, Alan","SANCHEZ,ALAN",Benedictine,BENU,1249-6640,0,0,18,0,18,0,0,0,0,0,0,0,0,0,.00,.00,.00,.000,.000,0,0,0,0,0,0,0,.000,0,0,0,0,.00,.00,.00,.00,0,,00:00,0,.00,.00,,,,,,,,,,,,,,,,,,-1.5235852761511905,416,56
2026-27,msoc,Northern Athletics Collegiate Conference (NACC),nacc,Concordia Chicago,"Sanchez, Alberto",Alberto,Sanchez,,160,"Sanchez, Alberto","SANCHEZ,ALBERTO",Concordia Chicago,CUC,1250-5156,7,0,5,0,5,0,0,0,0,0,0,0,0,0,.00,.00,.00,.000,.000,0,0,0,0,0,0,0,.000,2,0,0,0,.29,.00,.00,.00,0,,100:00,0,.00,.00,,,,,,,,,,,,,,,,,,-1.5235852761511905,417,56
2026-27,msoc,Northern Athletics Collegiate Conference (NACC),nacc,Dominican,"Sanchez, David",David,Sanchez,,1332,"Sanchez, David","SANCHEZ,DAVID",Dominican,DOM,1251-2441,0,0,0,0,0,0,0,0,0,0,0,0,0,0,.00,.00,.00,.000,.000,0,0,0,0,0,0,0,.000,0,0,0,0,.00,.00,.00,.00,0,,00:00,0,.00,.00,,,,,,,,,,,,,,,,,,-1.5235852761511905,418,56
2026-27,msoc,Northern Athletics Collegiate Conference (NACC),nacc,Wisconsin Lutheran,"Sanchez-Flores, Marco",Marco,Sanchez-Flores,,8911,"Sanchez-Flores, Marco","SANCHEZ-FLORES,MARCO",Wisconsin Lutheran,WLC,1092-3360,8,0,15,0,15,0,0,0,0,0,0,0,0,0,.00,.00,.00,.000,.000,0,0,0,0,0,0,0,.000,2,0,0,0,.25,.00,.00,.00,0,,233:00,0,.00,.00,,,,,,,,,,,,,,,,,,-1.5235852761511905,419,56
2026-27,msoc,Northern Athletics Collegiate Conference (NACC),nacc,St. Norbert,"Sand, Teodor",Teodor,Sand,,614,"Sand, Teodor","SAND,TEODOR",St. Norbert,SNC,1102-3815,0,0,1,0,1,0,0,0,0,0,0,0,0,0,.00,.00,.00,.000,.000,0,0,0,0,0,0,0,.000,0,0,0,0,.00,.00,.00,.00,0,,00:00,0,.00,.00,,,,,,,,,,,,,,,,,,-1.5235852761511905,420,56
2026-27,msoc,Northern Athletics Collegiate Conference (NACC),nacc,Marian,"Santiago, Angel",Angel,Santiago,,1196,"Santiago, Angel","SANTIAGO,ANGEL",Marian,MAR,1255-3475,2,0,28,0,28,0,0,0,0,0,0,0,0,0,.00,.00,.00,.000,.000,0,0,0,0,0,0,0,.000,1,0,0,0,.50,.00,.00,.00,0,,21:00,0,.00,.00,,,,,,,,,,,,,,,,,,-1.5235852761511905,421,56
2026-27,msoc,Northern Athletics Collegiate Conference (NACC),nacc,MSOE,"Sarvan, Irfan",Irfan,Sarvan,,20220,"Sarvan, Irfan","SARVAN,IRFAN",MSOE,MSOE,1257-2300,7,7,5,0,5,0,0,0,3,0,0,0,0,0,.43,.00,.00,.000,.000,0,0,0,0,0,0,0,.000,6,1,1,0,.86,.14,.14,.00,0,,450:00,0,.00,.00,,,,,,,,,,,,,,,,,,-1.5235852761511905,422,56
2026-27,msoc,Northern Athletics Collegiate Conference (NACC),nacc,Concordia Chicago,"Scaletta, Salvatore",Salvatore,Scaletta,,160,"Scaletta, Salvatore","SCALETTA,SALVATORE",Concordia Chicago,CUC,1250-5154,0,0,26,0,26,0,0,0,0,0,0,0,0,0,.00,.00,.00,.000,.000,0,0,0,0,0,0,0,.000,0,0,0,0,.00,.00,.00,.00,0,,00:00,0,.00,.00,,,,,,,,,,,,,,,,,,-1.5235852761511905,423,55
2026-27,msoc,Northern Athletics Collegiate Conference (NACC),nacc,Wisconsin Lutheran,"Schrap, Josh",Josh,Schrap,,8911,"Schrap, Josh","SCHRAP,JOSH",Wisconsin Lutheran,WLC,1092-3703,0,0,99,0,99,0,0,0,0,0,0,0,0,0,.00,.00,.00,.000,.000,0,0,0,0,0,0,0,.000,0,0,0,0,.00,.00,.00,.00,0,,00:00,0,.00,.00,,,,,,,,,,,,,,,,,,-1.5235852761511905,424,55
2026-27,msoc,Northern Athletics Collegiate Conference (NACC),nacc,Illinois Tech,"Seibert, Troy",Troy,Seibert,,30172,"Seibert, Troy","SEIBERT,TROY",Illinois Tech,IIT,765-1708,6,0,32,0,32,0,0,0,1,0,0,0,0,0,.17,.00,.00,.000,.000,0,0,0,0,0,0,0,.000,0,0,0,0,.00,.00,.00,.00,0,,74:00,0,.00,.00,,,,,,,,,,,,,,,,,,-1.5235852761511905,425,55
2026-27,msoc,Northern Athletics Collegiate Conference (NACC),nacc,Lakeland,"Serna, Yovanni",Yovanni,Serna,,1164,"Serna, Yovanni","SERNA,YOVANNI",Lakeland,LAK,1253-5304,2,0,41,0,41,0,0,0,1,0,0,0,0,0,.50,.00,.00,.000,.000,0,0,0,0,0,0,0,.000,0,0,0,0,.00,.00,.00,.00,0,,36:00,0,.00,.00,,,,,,,,,,,,,,,,,,-1.5235852761511905,426,55
2026-27,msoc,Northern Athletics Collegiate Conference (NACC),nacc,Dominican,"Serrato Ruiz, Diego",Diego,Serrato Ruiz,,1332,"Serrato Ruiz, Diego","SERRATO RUIZ,DIEGO",Dominican,DOM,1251-2453,1,0,36,0,36,0,0,0,0,0,0,0,0,0,.00,.00,.00,.000,.000,0,0,0,0,0,0,0,.000,0,0,0,0,.00,.00,.00,.00,0,,10:00,0,.00,.00,,,,,,,,,,,,,,,,,,-1.5235852761511905,427,55
2026-27,msoc,Northern Athletics Collegiate Conference (NACC),nacc,Rockford,"Shabani, Saidi",Saidi,Shabani,,582,"Shabani, Saidi","SHABANI,SAIDI",Rockford,ROC,1256-3123,9,8,15,0,15,0,0,0,0,0,0,0,0,0,.00,.00,.00,.000,.000,0,0,0,0,0,0,0,.000,6,0,0,0,.67,.00,.00,.00,0,,748:00,0,.00,.00,,,,,,,,,,,,,,,,,,-1.5235852761511905,428,55
2026-27,msoc,Northern Athletics Collegiate Conference (NACC),nacc,St. Norbert,"Sheddan, Charlie",Charlie,Sheddan,,614,"Sheddan, Charlie","SHEDDAN,CHARLIE",St. Norbert,SNC,1102-4140,1,0,23,0,23,0,0,0,0,0,0,0,0,0,.00,.00,.00,.000,.000,0,0,0,0,0,0,0,.000,0,0,0,0,.00,.00,.00,.00,0,,03:00,0,.00,.00,,,,,,,,,,,,,,,,,,-1.5235852761511905,429,55
2026-27,msoc,Northern Athletics Collegiate Conference (NACC),nacc,Rockford,"Shema, Reponse",Reponse,Shema,,582,"Shema, Reponse","SHEMA,REPONSE",Rockford,ROC,1256-3147,5,4,21,0,21,0,0,0,0,0,0,0,0,0,.00,.00,.00,.000,.000,0,0,0,0,0,0,0,.000,4,0,2,0,.80,.40,.00,.00,0,,266:00,0,.00,.00,,,,,,,,,,,,,,,,,,-1.5235852761511905,430,55
2026-27,msoc,Northern Athletics Collegiate Conference (NACC),nacc,Marian,"Shenk, Hudson",Hudson,Shenk,,1196,"Shenk, Hudson","SHENK,HUDSON",Marian,MAR,1255-2896,8,8,4,0,4,0,0,0,1,0,0,0,0,0,.13,.00,.00,.000,.000,0,0,0,0,0,0,0,.000,0,0,1,0,.00,.13,.00,.00,0,,658:00,0,.00,.00,,,,,,,,,,,,,,,,,,-1.5235852761511905,431,55
2026-27,msoc,Northern Athletics Collegiate Conference (NACC),nacc,Concordia Wisconsin,"Smith, Griffin",Griffin,Smith,,1036,"Smith, Griffin","SMITH,GRIFFIN",Concordia Wisconsin,CUW,1959-6284,0,0,36,0,36,0,0,0,0,0,0,0,0,0,.00,.00,.00,.000,.000,0,0,0,0,0,0,0,.000,0,0,0,0,.00,.00,.00,.00,0,,00:00,0,.00,.00,,,,,,,,,,,,,,,,,,-1.5235852761511905,432,55
2026-27,msoc,Northern Athletics Collegiate Conference (NACC),nacc,Concordia Wisconsin,"Smith, Griffin",Griffin,Smith,,1036,"Smith, Griffin","SMITH,GRIFFIN",Concordia Wisconsin,CUW,1959-6284,0,0,45,0,45,0,0,0,0,0,0,0,0,0,.00,.00,.00,.000,.000,0,0,0,0,0,0,0,.000,0,0,0,0,.00,.00,.00,.00,0,,00:00,0,.00,.00,,,,,,,,,,,,,,,,,,-1.5235852761511905,433,54
2026-27,msoc,Northern Athletics Collegiate Conference (NACC),nacc,Benedictine,"Smith, Nick",Nick,Smith,,296,"Smith, Nick","SMITH,NICK",Benedictine,BENU,1249-6641,8,8,8,0,8,0,0,0,0,0,0,0,0,0,.00,.00,.00,.000,.000,0,0,0,0,0,0,0,.000,10,0,0,0,1.25,.00,.00,.00,0,,609:00,0,.00,.00,,,,,,,,,,,,,,,,,,-1.5235852761511905,434,54
2026-27,msoc,Northern Athletics Collegiate Conference (NACC),nacc,MSOE,"Sorensen, Andy",Andy,Sorensen,,20220,"Sorensen, Andy","SORENSEN,ANDY",MSOE,MSOE,1257-2501,0,0,22,0,22,0,0,0,0,0,0,0,0,0,.00,.00,.00,.000,.000,0,0,0,0,0,0,0,.000,0,0,0,0,.00,.00,.00,.00,0,,00:00,0,.00,.00,,,,,,,,,,,,,,,,,,-1.5235852761511905,435,54
2026-27,msoc,Northern Athletics Collegiate Conference (NACC),nacc,Benedictine,"Soriano, Imanol",Imanol,Soriano,,296,"Soriano, Imanol","SORIANO,IMANOL",Benedictine,BENU,1249-7044,0,0,1,0,1,0,0,0,0,0,0,0,0,0,.00,.00,.00,.000,.000,0,0,0,0,0,0,0,.000,0,0,0,0,.00,.00,.00,.00,0,,00:00,0,.00,.00,,,,,,,,,,,,,,,,,,-1.5235852761511905,436,54
2026-27,msoc,Northern Athletics Collegiate Conference (NACC),nacc,Illinois Tech,"Soto, Kevin",Kevin,Soto,,30172,"Soto, Kevin","SOTO,KEVIN",Illinois Tech,IIT,765-1709,0,0,2,0,2,0,0,0,0,0,0,0,0,0,.00,.00,.00,.000,.000,0,0,0,0,0,0,0,.000,0,0,0,0,.00,.00,.00,.00,0,,00:00,0,.00,.00,,,,,,,,,,,,,,,,,,-1.5235852761511905,437,54
2026-27,msoc,Northern Athletics Collegiate Conference (NACC),nacc,Wisconsin Lutheran,"Soukup, Elijah",Elijah,Soukup,,8911,"Soukup, Elijah","SOUKUP,ELIJAH",Wisconsin Lutheran,WLC,1092-3865,1,0,19,0,19,0,0,0,0,0,0,0,0,0,.00,.00,.00,.000,.000,0,0,0,0,0,0,0,.000,0,0,0,0,.00,.00,.00,.00,0,,28:00,0,.00,.00,,,,,,,,,,,,,,,,,,-1.5235852761511905,438,54
2026-27,msoc,Northern Athletics Collegiate Conference (NACC),nacc,St. Norbert,"Specht, Jordan",Jordan,Specht,,614,"Specht, Jordan","SPECHT,JORDAN",St. Norbert,SNC,1102-4134,6,0,4,0,4,0,0,0,1,0,0,0,0,0,.17,.00,.00,.000,.000,0,0,0,0,0,0,0,.000,3,0,1,0,.50,.17,.00,.00,0,,58:00,0,.00,.00,,,,,,,,,,,,,,,,,,-1.5235852761511905,439,54
2026-27,msoc,Northern Athletics Collegiate Conference (NACC),nacc,Wisconsin Lutheran,"Steger, Alexander",Alexander,Steger,,8911,"Steger, Alexander","STEGER,ALEXANDER",Wisconsin Lutheran,WLC,1092-3672,1,0,37,0,37,0,0,0,0,0,0,0,0,0,.00,.00,.00,.000,.000,0,0,0,0,0,0,0,.000,0,0,0,0,.00,.00,.00,.00,0,,09:00,0,.00,.00,,,,,,,,,,,,,,,,,,-1.5235852761511905,440,54
2026-27,msoc,Northern Athletics Collegiate Conference (NACC),nacc,Edgewood,"Steidle, Mike",Mike,Steidle,,1066,"Steidle, Mike","STEIDLE,MIKE",Edgewood,EDGEEv,1252-4272,0,0,25,0,25,0,0,0,0,0,0,0,0,0,.00,.00,.00,.000,.000,0,0,0,0,0,0,0,.000,0,0,0,0,.00,.00,.00,.00,0,,00:00,0,.00,.00,,,,,,,,,,,,,,,,,,-1.5235852761511905,441,54
2026-27,msoc,Northern Athletics Collegiate Conference (NACC),nacc,Illinois Tech,"Stewart, Daniel",Daniel,Stewart,,30172,"Stewart, Daniel","STEWART,DANIEL",Illinois Tech,IIT,765-1838,3,0,36,0,36,0,0,0,1,0,0,0,0,0,.33,.00,.00,.000,.000,0,0,0,0,0,0,0,.000,0,0,0,0,.00,.00,.00,.00,0,,57:00,0,.00,.00,,,,,,,,,,,,,,,,,,-1.5235852761511905,442,54
2026-27,msoc,Northern Athletics Collegiate Conference (NACC),nacc,Concordia Wisconsin,"Stillman, James",James,Stillman,,1036,"Stillman, James","STILLMAN,JAMES",Concordia Wisconsin,CUW,1959-5878,4,0,8,0,8,0,0,0,0,0,0,0,0,0,.00,.00,.00,.000,.000,0,0,0,0,0,0,0,.000,1,0,0,0,.25,.00,.00,.00,0,,65:00,0,.00,.00,,,,,,,,,,,,,,,,,,-1.5235852761511905,443,53
2026-27,msoc,Northern Athletics Collegiate Conference (NACC),nacc,St. Norbert,"Swicionis, Will",Will,Swicionis,,614,"Swicionis, Will","SWICIONIS,WILL",St. Norbert,SNC,1102-3424,0,0,22,0,22,0,0,0,0,0,0,0,0,0,.00,.00,.00,.000,.000,0,0,0,0,0,0,0,.000,0,0,0,0,.00,.00,.00,.00,0,,00:00,0,.00,.00,,,,,,,,,,,,,,,,,,-1.5235852761511905,444,53
2026-27,msoc,Northern Athletics Collegiate Conference (NACC),nacc,Marian,"Szymanski, Sol",Sol,Szymanski,,1196,"Szymanski, Sol","SZYMANSKI,SOL",Marian,MAR,1255-3149,4,0,19,0,19,0,0,0,0,0,0,0,0,0,.00,.00,.00,.000,.000,0,0,0,0,0,0,0,.000,3,0,0,0,.75,.00,.00,.00,0,,83:00,0,.00,.00,,,,,,,,,,,,,,,,,,-1.5235852761511905,445,53
2026-27,msoc,Northern Athletics Collegiate Conference (NACC),nacc,MSOE,"Teetzmann, Joris",Joris,Teetzmann,,20220,"Teetzmann, Joris","TEETZMANN,JORIS",MSOE,MSOE,1257-2503,4,0,36,0,36,0,0,0,0,0,0,0,0,0,.00,.00,.00,.000,.000,0,0,0,0,0,0,0,.000,3,0,0,0,.75,.00,.00,.00,0,,79:00,0,.00,.00,,,,,,,,,,,,,,,,,,-1.5235852761511905,446,53
2026-27,msoc,Northern Athletics Collegiate Conference (NACC),nacc,Benedictine,"Terrezas, Joaquin",Joaquin,Terrezas,,296,"Terrezas, Joaquin","TERREZAS,JOAQUIN",Benedictine,BENU,1249-7045,6,1,30,0,30,0,0,0,0,0,0,0,0,0,.00,.00,.00,.000,.000,0,0,0,0,0,0,0,.000,3,0,2,0,.50,.33,.00,.00,0,,89:00,0,.00,.00,,,,,,,,,,,,,,,,,,-1.5235852761511905,447,53
2026-27,msoc,Northern Athletics Collegiate Conference (NACC),nacc,Illinois Tech,"Thomas, Dylan",Dylan,Thomas,,30172,"Thomas, Dylan","THOMAS,DYLAN",Illinois Tech,IIT,765-1710,8,2,4,0,4,0,0,0,0,0,0,0,0,0,.00,.00,.00,.000,.000,0,0,0,0,0,0,0,.000,1,0,1,0,.13,.13,.00,.00,0,,171:00,0,.00,.00,,,,,,,,,,,,,,,,,,-1.5235852761511905,448,53
2026-27,msoc,Northern Athletics Collegiate Conference (NACC),nacc,Marian,"Thrall, Daltyn",Daltyn,Thrall,,1196,"Thrall, Daltyn","THRALL,DALTYN",Marian,MAR,1255-3317,0,0,26,0,26,0,0,0,0,0,0,0,0,0,.00,.00,.00,.000,.000,0,0,0,0,0,0,0,.000,0,0,0,0,.00,.00,.00,.00,0,,00:00,0,.00,.00,,,,,,,,,,,,,,,,,,-1.5235852761511905,449,53
2026-27,msoc,Northern Athletics Collegiate Conference (NACC),nacc,Marian,"Tran, Liam",Liam,Tran,,1196,"Tran, Liam","TRAN,LIAM",Marian,MAR,1255-3476,2,0,27,0,27,0,0,0,0,0,0,0,0,0,.00,.00,.00,.000,.000,0,0,0,0,0,0,0,.000,0,0,0,0,.00,.00,.00,.00,0,,30:00,0,.00,.00,,,,,,,,,,,,,,,,,,-1.5235852761511905,450,53
2026-27,msoc,Northern Athletics Collegiate Conference (NACC),nacc,Dominican,"Trujillo, Joshua",Joshua,Trujillo,,1332,"Trujillo, Joshua","TRUJILLO,JOSHUA",Dominican,DOM,1251-2159,3,3,19,0,19,0,0,0,0,0,0,0,0,0,.00,.00,.00,.000,.000,0,0,0,0,0,0,0,.000,2,0,0,0,.67,.00,.00,.00,0,,244:00,0,.00,.00,,,,,,,,,,,,,,,,,,-1.5235852761511905,451,53
2026-27,msoc,Northern Athletics Collegiate Conference (NACC),nacc,Concordia Wisconsin,"Valoe, Matthew",Matthew,Valoe,,1036,"Valoe, Matthew","VALOE,MATTHEW",Concordia Wisconsin,CUW,1959-6290,2,1,23,0,23,0,0,0,1,0,0,0,0,0,.50,.00,.00,.000,.000,0,0,0,0,0,0,0,.000,0,0,0,0,.00,.00,.00,.00,0,,104:00,0,.00,.00,,,,,,,,,,,,,,,,,,-1.5235852761511905,452,53
2026-27,msoc,Northern Athletics Collegiate Conference (NACC),nacc,Dominican,"Varela, Esteban",Esteban,Varela,,1332,"Varela, Esteban","VARELA,ESTEBAN",Dominican,DOM,1251-2344,0,0,28,0,28,0,0,0,0,0,0,0,0,0,.00,.00,.00,.000,.000,0,0,0,0,0,0,0,.000,0,0,0,0,.00,.00,.00,.00,0,,00:00,0,.00,.00,,,,,,,,,,,,,,,,,,-1.5235852761511905,453,53
2026-27,msoc,Northern Athletics Collegiate Conference (NACC),nacc,Edgewood,"Vazquez Trejo, Brian",Brian,Vazquez Trejo,,1066,"Vazquez Trejo, Brian","VAZQUEZ TREJO,BRIAN",Edgewood,EDGEEv,1252-4022,0,0,2,0,2,0,0,0,0,0,0,0,0,0,.00,.00,.00,.000,.000,0,0,0,0,0,0,0,.000,0,0,0,0,.00,.00,.00,.00,0,,00:00,0,.00,.00,,,,,,,,,,,,,,,,,,-1.5235852761511905,454,52
2026-27,msoc,Northern Athletics Collegiate Conference (NACC),nacc,Benedictine,"Villegas, Sergio",Sergio,Villegas,,296,"Villegas, Sergio","VILLEGAS,SERGIO",Benedictine,BENU,1249-7046,2,0,13,0,13,0,0,0,1,0,0,0,0,0,.50,.00,.00,.000,.000,0,0,0,0,0,0,0,.000,0,0,0,0,.00,.00,.00,.00,0,,15:00,0,.00,.00,,,,,,,,,,,,,,,,,,-1.5235852761511905,455,52
2026-27,msoc,Northern Athletics Collegiate Conference (NACC),nacc,Dominican,"Vogel, Quinn",Quinn,Vogel,,1332,"Vogel, Quinn","VOGEL,QUINN",Dominican,DOM,1251-2440,0,0,2,0,2,0,0,0,0,0,0,0,0,0,.00,.00,.00,.000,.000,0,0,0,0,0,0,0,.000,0,0,0,0,.00,.00,.00,.00,0,,00:00,0,.00,.00,,,,,,,,,,,,,,,,,,-1.5235852761511905,456,52
2026-27,msoc,Northern Athletics Collegiate Conference (NACC),nacc,MSOE,"Vogt, Bryce",Bryce,Vogt,,20220,"Vogt, Bryce","VOGT,BRYCE",MSOE,MSOE,1257-2504,8,2,30,0,30,0,0,0,1,0,0,0,0,0,.13,.00,.00,.000,.000,0,0,0,0,0,0,0,.000,3,0,0,0,.38,.00,.00,.00,0,,223:00,0,.00,.00,,,,,,,,,,,,,,,,,,-1.5235852761511905,457,52
2026-27,msoc,Northern Athletics Collegiate Conference (NACC),nacc,Dominican,"Voigt, Alexander",Alexander,Voigt,,1332,"Voigt, Alexander","VOIGT,ALEXANDER",Dominican,DOM,1251-2466,0,0,52,0,52,0,0,0,0,0,0,0,0,0,.00,.00,.00,.000,.000,0,0,0,0,0,0,0,.000,0,0,0,0,.00,.00,.00,.00,0,,00:00,0,.00,.00,,,,,,,,,,,,,,,,,,-1.5235852761511905,458,52
2026-27,msoc,Northern Athletics Collegiate Conference (NACC),nacc,Concordia Chicago,"Wangandu, Andre",Andre,Wangandu,,160,"Wangandu, Andre","WANGANDU,ANDRE",Concordia Chicago,CUC,1250-4965,7,7,28,0,28,0,0,0,2,0,0,0,0,0,.29,.00,.00,.000,.000,0,0,0,0,0,0,0,.000,3,0,2,0,.43,.29,.00,.00,0,,579:00,0,.00,.00,,,,,,,,,,,,,,,,,,-1.5235852761511905,459,52
2026-27,msoc,Northern Athletics Collegiate Conference (NACC),nacc,MSOE,"Weishaar, Landon",Landon,Weishaar,,20220,"Weishaar, Landon","WEISHAAR,LANDON",MSOE,MSOE,1257-2319,6,0,16,0,16,0,0,0,0,0,0,0,0,0,.00,.00,.00,.000,.000,0,0,0,0,0,0,0,.000,1,0,0,0,.17,.00,.00,.00,0,,44:00,0,.00,.00,,,,,,,,,,,,,,,,,,-1.5235852761511905,460,52
2026-27,msoc,Northern Athletics Collegiate Conference (NACC),nacc,Wisconsin Lutheran,"Wiedel, JJ",JJ,Wiedel,,8911,"Wiedel, JJ","WIEDEL,JJ",Wisconsin Lutheran,WLC,1092-3523,2,0,9,0,9,0,0,0,0,0,0,0,0,0,.00,.00,.00,.000,.000,0,0,0,0,0,0,0,.000,1,0,0,0,.50,.00,.00,.00,0,,26:00,0,.00,.00,,,,,,,,,,,,,,,,,,-1.5235852761511905,461,52
2026-27,msoc,Northern Athletics Collegiate Conference (NACC),nacc,Lakeland,"Wigg, Matthew",Matthew,Wigg,,1164,"Wigg, Matthew","WIGG,MATTHEW",Lakeland,LAK,1253-5301,0,0,90,0,90,0,0,0,0,0,0,0,0,0,.00,.00,.00,.000,.000,0,0,0,0,0,0,0,.000,0,0,0,0,.00,.00,.00,.00,0,,00:00,0,.00,.00,,,,,,,,,,,,,,,,,,-1.5235852761511905,462,52
2026-27,msoc,Northern Athletics Collegiate Conference (NACC),nacc,Marian,"Woitczak, Brody",Brody,Woitczak,,1196,"Woitczak, Brody","WOITCZAK,BRODY",Marian,MAR,1255-3477,6,0,31,0,31,0,0,0,0,0,0,0,0,0,.00,.00,.00,.000,.000,0,0,0,0,0,0,0,.000,0,0,0,0,.00,.00,.00,.00,0,,73:00,0,.00,.00,,,,,,,,,,,,,,,,,,-1.5235852761511905,463,52
2026-27,msoc,Northern Athletics Collegiate Conference (NACC),nacc,MSOE,"Wright, Wylie",Wylie,Wright,,20220,"Wright, Wylie","WRIGHT,WYLIE",MSOE,MSOE,1257-2293,8,2,4,0,4,0,0,0,3,0,0,0,0,0,.38,.00,.00,.000,.000,0,0,0,0,0,0,0,.000,2,0,0,0,.25,.00,.00,.00,0,,374:00,0,.00,.00,,,,,,,,,,,,,,,,,,-1.5235852761511905,464,51
2026-27,msoc,Northern Athletics Collegiate Conference (NACC),nacc,Concordia Wisconsin,"Yang, Ben",Ben,Yang,,1036,"Yang, Ben","YANG,BEN",Concordia Wisconsin,CUW,1959-3553,0,0,2,0,2,0,0,0,0,0,0,0,0,0,.00,.00,.00,.000,.000,0,0,0,0,0,0,0,.000,0,0,0,0,.00,.00,.00,.00,0,,00:00,0,.00,.00,,,,,,,,,,,,,,,,,,-1.5235852761511905,465,51
2026-27,msoc,Northern Athletics Collegiate Conference (NACC),nacc,MSOE,"Yehle, Peter",Peter,Yehle,,20220,"Yehle, Peter","YEHLE,PETER",MSOE,MSOE,1257-1843,9,9,25,0,25,0,0,0,0,0,0,0,0,0,.00,.00,.00,.000,.000,0,0,0,0,0,0,0,.000,5,0,0,0,.56,.00,.00,.00,0,,781:00,0,.00,.00,,,,,,,,,,,,,,,,,,-1.5235852761511905,466,51
2026-27,msoc,Northern Athletics Collegiate Conference (NACC),nacc,Marian,"Zeravsky, JR",JR,Zeravsky,,1196,"Zeravsky, JR","ZERAVSKY,JR",Marian,MAR,1255-3478,8,6,22,0,22,0,0,0,0,0,0,0,0,0,.00,.00,.00,.000,.000,0,0,0,0,0,0,0,.000,7,0,1,0,.88,.13,.00,.00,0,,554:00,0,.00,.00,,,,,,,,,,,,,,,,,,-1.5235852761511905,467,51
2026-27,msoc,Northern Athletics Collegiate Conference (NACC),nacc,Concordia Wisconsin,"Zersen, Aiden",Aiden,Zersen,,1036,"Zersen, Aiden","ZERSEN,AIDEN",Concordia Wisconsin,CUW,1959-6291,0,0,41,0,41,0,0,0,0,0,0,0,0,0,.00,.00,.00,.000,.000,0,0,0,0,0,0,0,.000,0,0,0,0,.00,.00,.00,.00,0,,00:00,0,.00,.00,,,,,,,,,,,,,,,,,,-1.5235852761511905,468,51
2026-27,msoc,Northern Athletics Collegiate Conference (NACC),nacc,Concordia Wisconsin,"Fitch, Connor",Connor,Fitch,,1036,"Fitch, Connor","FITCH,CONNOR",Concordia Wisconsin,CUW,1959-5718,6,6,1,0,1,0,0,0,0,0,0,0,0,0,.00,.00,.00,.000,.000,0,0,0,0,0,0,0,.000,0,0,0,0,.00,.00,.00,.00,0,,540:00,0,.00,.00,64,1,4,1,1,.577,1.83,15,11,540:00,6,6,1.83,0.577,.167,2.50,,-1.6796390776540429,469,51
2026-27,msoc,Northern Athletics Collegiate Conference (NACC),nacc,Benedictine,"Jasso, Raul",Raul,Jasso,,296,"Jasso, Raul","JASSO,RAUL",Benedictine,BENU,1249-6366,2,2,40,0,40,0,0,0,0,0,0,0,0,0,.00,.00,.00,.000,.000,0,0,0,0,0,0,0,.000,0,1,0,0,.00,.00,.50,.00,0,,180:00,0,.00,.00,35,1,1,0,0,.684,3.00,13,6,180:00,2,2,3.00,0.684,.000,6.50,,-1.7781046338563502,470,51
2026-27,msoc,Northern Athletics Collegiate Conference (NACC),nacc,Wisconsin Lutheran,"Gault, Owen",Owen,Gault,,8911,"Gault, Owen","GAULT,OWEN",Wisconsin Lutheran,WLC,1092-3519,4,2,88,0,88,0,0,0,0,0,0,0,0,0,.00,.00,.00,.000,.000,0,0,0,0,0,0,0,.000,0,0,0,0,.00,.00,.00,.00,0,,260:00,0,.00,.00,31,0,2,1,0,.526,3.12,10,9,260:56,2,4,2.25,0.526,.000,2.50,,-2.3812901718269974,471,51
2026-27,msoc,Northern Athletics Collegiate Conference (NACC),nacc,Marian,"Hall, Tyler",Tyler,Hall,,1196,"Hall, Tyler","HALL,TYLER",Marian,MAR,1255-2903,7,7,39,0,39,0,0,0,0,0,0,0,0,0,.00,.00,.00,.000,.000,0,0,0,0,0,0,0,.000,0,0,1,0,.00,.14,.00,.00,0,,495:00,0,.00,.00,88,1,5,0,0,.537,3.46,22,19,494:02,7,7,2.71,0.537,.000,3.14,,-2.4804324895359753,472,51
2026-27,msoc,Northern Athletics Collegiate Conference (NACC),nacc,Lakeland,"Crawford, Kaleb",Kaleb,Crawford,,1164,"Crawford, Kaleb","CRAWFORD,KALEB",Lakeland,LAK,1253-5285,1,0,97,0,97,0,0,0,0,0,0,0,0,0,.00,.00,.00,.000,.000,0,0,0,0,0,0,0,.000,0,0,0,0,.00,.00,.00,.00,0,,02:00,0,.00,.00,0,0,0,0,0,0.0,0.00,0,0,02:19,0,1,.00,0.000,.000,.00,,-2.9634361368689577,473,51
2026-27,msoc,Northern Athletics Collegiate Conference (NACC),nacc,Lakeland,"Sanchez, Diego",Diego,Sanchez,,1164,"Sanchez, Diego","SANCHEZ,DIEGO",Lakeland,LAK,1253-5060,1,0,0,0,0,0,0,0,0,0,0,0,0,0,.00,.00,.00,.000,.000,0,0,0,0,0,0,0,.000,0,0,0,0,.00,.00,.00,.00,0,,10:00,0,.00,.00,0,0,0,0,0,0.0,0.00,0,0,10:20,0,1,.00,0.000,.000,.00,,-2.9634361368689577,474,50
2026-27,msoc,Northern Athletics Collegiate Conference (NACC),nacc,Aurora,"Qorri, Eron",Eron,Qorri,,42,"Qorri, Eron","QORRI,ERON",Aurora,AUR,1248-6509,1,1,0,0,0,0,0,0,0,0,0,0,0,0,.00,.00,.00,.000,.000,0,0,0,0,0,0,0,.000,0,0,0,0,.00,.00,.00,.00,0,,44:00,0,.00,.00,8,0,0,1,0,.400,6.00,2,3,45:00,1,1,3.00,0.400,.000,2.00,,-3.9903758312766007,475,50
2026-27,msoc,Northern Athletics Collegiate Conference (NACC),nacc,Rockford,"Hernandez, Noah",Noah,Hernandez,,582,"Hernandez, Noah","HERNANDEZ,NOAH",Rockford,ROC,1256-3115,1,0,39,0,39,0,0,0,0,0,0,0,0,0,.00,.00,.00,.000,.000,0,0,0,0,0,0,0,.000,0,0,0,0,.00,.00,.00,.00,0,,13:00,0,.00,.00,4,0,0,0,0,.500,6.92,1,1,13:08,0,1,1.00,0.500,.000,1.00,,-4.012123005476196,476,50
2026-27,msoc,Northern Athletics Collegiate Conference (NACC),nacc,Marian,"Farrell, Connor",Connor,Farrell,,1196,"Farrell, Connor","FARRELL,CONNOR",Marian,MAR,1255-3152,3,0,30,0,30,0,0,0,0,0,0,0,0,0,.00,.00,.00,.000,.000,0,0,0,0,0,0,0,.000,0,0,0,0,.00,.00,.00,.00,0,,80:00,0,.00,.00,11,0,1,0,0,.167,5.63,1,5,80:17,0,3,1.67,0.167,.000,.33,,-4.658281247012143,477,50
2026-27,msoc,Northern Athletics Collegiate Conference (NACC),nacc,Concordia Chicago,"Zizak, Chase",Chase,Zizak,,160,"Zizak, Chase","ZIZAK,CHASE",Concordia Chicago,CUC,1250-4689,1,0,0,0,0,0,0,0,0,0,0,0,0,0,.00,.00,.00,.000,.000,0,0,0,0,0,0,0,.000,0,0,0,0,.00,.00,.00,.00,0,,36:00,0,.00,.00,7,0,0,0,0,.200,10.00,1,4,36:09,0,1,4.00,0.200,.000,1.00,,-6.312965028583488,478,50
