season,sport,conference,conference_code,team,player_name,first_name,last_name,position,team_code,name,checkname,linkup_name,games_played,games_started,uniform,year,team_name,team_id,sdrm_id,goal_stats_shootout_goals,goal_stats_free_positiong_goals,goal_stats_game_tying_goals,goal_stats_empty_net_goals,goal_stats_overtime_goals,goal_stats_first_goals,goal_stats_unassisted_goals,goal_stats_short_handed_goals,goal_stats_power_play_goals,goal_stats_game_winning_goals,penalty_stats_number,penalty_stats_minutes,penalty_stats_fouls,penalty_stats_green_cards,penalty_stats_yellow_cards,penalty_stats_red_cards,penalty_stats_match,penalty_stats_major,penalty_stats_minor,misc_stats_powerplay_opps,misc_stats_powerplay_goals,misc_stats_faceoffs_won,misc_stats_faceoffs_lost,misc_stats_ground_balls,misc_stats_draw_controls,misc_stats_turnovers,misc_stats_caused_turnovers,misc_stats_minutes_played,misc_stats_seconds,misc_stats_faceoffs_taken,misc_stats_penalty_killing_pct,goalie_stats,shot_stats_shots_on_goal,shot_stats_shots,shot_stats_free_position_shots,shot_stats_points,shot_stats_assists,shot_stats_goals,shot_stats_shots_on_goal_pct,avg_points_game,goalie_stats_games_played,goalie_stats_minutes,goalie_stats_goals_allowed,goalie_stats_saves,goalie_stats_shutouts,goalie_stats_win,goalie_stats_loss,goalie_stats_tie,goalie_stats_powerplay_goals_allowed,goalie_stats_shorthanded_goals_allowed,goalie_stats_emptynet_goals_allowed,goalie_stats_shots_faced,goalie_stats_goals_against_avg,goalie_stats_save_pct,goal_stats,penalty_stats,misc_stats,shot_stats,composite_score,global_rank,rating
2026-27,mlax,North Coast Athletic Conference (NCAC),ncac,Wooster,Lane Kellogg,Lane,Kellogg,,807,Lane Kellogg,"KELLOGG,LANE",KELLOGGLANEWOOSTER,18,18,,,Wooster,WOOSTER,1226-1345,0,0,0,0,0,2,18,0,4,1,0,0,0,0,0,0,0,0,1,0,0,0,0,41,0,37,5,1081:00,38,0,1.000,,79,139,0,98,59,39,.568,5.44,,,,,,,,,,,,,,,,,,,23.46488105172106,1,99
2026-27,mlax,North Coast Athletic Conference (NCAC),ncac,Ohio Wesleyan,Henry Ross,Henry,Ross,,520,Henry Ross,"ROSS,HENRY",ROSSHENRYOWU,18,18,,,Ohio Wesleyan,OWU,1222-3044,0,0,0,0,0,2,24,0,5,1,0,0,0,0,0,0,0,0,3,0,0,0,0,56,0,47,15,1070:00,87,0,1.000,,76,123,0,75,29,46,.618,4.17,,,,,,,,,,,,,,,,,,,18.51072834048248,2,99
2026-27,mlax,North Coast Athletic Conference (NCAC),ncac,Ohio Wesleyan,Wade Beckstrom,Wade,Beckstrom,,520,Wade Beckstrom,"BECKSTROM,WADE",BECKSTROMWADEOWU,18,18,,,Ohio Wesleyan,OWU,1222-3031,0,0,0,0,0,2,25,0,3,2,0,0,0,0,0,0,0,2,6,0,0,0,0,34,0,40,8,1070:00,87,0,1.000,,95,164,0,77,26,51,.579,4.28,,,,,,,,,,,,,,,,,,,17.397513064788946,3,99
2026-27,mlax,North Coast Athletic Conference (NCAC),ncac,Kenyon,David Chintala,David,Chintala,,335,David Chintala,"CHINTALA,DAVID",CHINTALADAVIDKENYON,17,17,,,Kenyon,KENYON,1219-2620,0,0,0,0,0,2,29,0,5,1,0,0,0,0,0,0,0,0,1,0,0,0,0,38,0,41,12,1033:00,47,0,1.000,,107,191,0,70,17,53,.560,4.12,,,,,,,,,,,,,,,,,,,15.967119242671487,4,98
2026-27,mlax,North Coast Athletic Conference (NCAC),ncac,Denison,Brady Monturio,Brady,Monturio,,182,Brady Monturio,"MONTURIO,BRADY",MONTURIOBRADYDENISON,17,15,,,Denison,DENISON,1214-3419,0,0,0,0,0,1,18,0,1,3,0,0,0,0,0,0,2,3,5,0,0,0,0,32,0,24,5,863:00,57,0,1.000,,56,87,0,64,36,28,.644,3.76,,,,,,,,,,,,,,,,,,,14.76674470258252,5,98
2026-27,mlax,North Coast Athletic Conference (NCAC),ncac,Wooster,Jack Holub,Jack,Holub,,807,Jack Holub,"HOLUB,JACK",HOLUBJACKWOOSTER,18,18,,,Wooster,WOOSTER,1226-3081,0,0,0,0,0,3,5,0,9,1,0,0,0,0,0,0,0,0,3,0,0,0,0,20,0,17,6,1081:00,38,0,1.000,,92,128,0,71,4,67,.719,3.94,,,,,,,,,,,,,,,,,,,14.373761800344505,6,98
2026-27,mlax,North Coast Athletic Conference (NCAC),ncac,Wooster,Domenic Cuda,Domenic,Cuda,,807,Domenic Cuda,"CUDA,DOMENIC",CUDADOMENICWOOSTER,18,18,,,Wooster,WOOSTER,1226-3076,0,0,0,0,0,0,0,0,0,0,0,0,0,0,0,0,0,1,1,0,0,22,68,137,0,15,93,1081:00,38,90,1.000,,5,11,0,8,6,2,.455,0.44,,,,,,,,,,,,,,,,,,,13.095640198361274,7,97
2026-27,mlax,North Coast Athletic Conference (NCAC),ncac,Oberlin,Jacob Starcke,Jacob,Starcke,,515,Jacob Starcke,"STARCKE,JACOB",STARCKEJACOBOBERLIN,17,17,,,Oberlin,OBERLIN,1221-3827,0,0,0,0,0,1,18,0,1,1,0,0,0,0,0,0,0,0,3,0,0,0,0,28,0,17,2,995:00,164,0,1.000,,109,169,0,62,10,52,.645,3.65,,,,,,,,,,,,,,,,,,,12.639693277769677,8,97
2026-27,mlax,North Coast Athletic Conference (NCAC),ncac,Kenyon,Tanner Lewis,Tanner,Lewis,,335,Tanner Lewis,"LEWIS,TANNER",LEWISTANNERKENYON,17,17,,,Kenyon,KENYON,1219-2768,0,0,0,0,0,1,11,0,3,1,0,0,0,0,0,0,0,1,1,0,0,0,0,18,0,30,1,1033:00,47,0,1.000,,66,116,0,55,30,25,.569,3.24,,,,,,,,,,,,,,,,,,,11.705014729851612,9,97
2026-27,mlax,North Coast Athletic Conference (NCAC),ncac,Oberlin,Nicholas Cuda,Nicholas,Cuda,,515,Nicholas Cuda,"CUDA,NICHOLAS",CUDANICHOLASOBERLIN,18,18,,,Oberlin,OBERLIN,1221-4052,0,0,0,0,0,0,12,0,1,0,0,0,0,0,0,0,0,4,1,0,0,0,0,39,0,30,4,1055:00,164,0,1.000,,57,83,0,48,19,29,.687,2.67,,,,,,,,,,,,,,,,,,,10.649670867199644,10,96
2026-27,mlax,North Coast Athletic Conference (NCAC),ncac,Oberlin,Solomon Brennan,Solomon,Brennan,,515,Solomon Brennan,"BRENNAN,SOLOMON",BRENNANSOLOMONOBERLIN,18,0,,,Oberlin,OBERLIN,1221-3727,0,0,0,0,0,2,18,0,3,5,0,0,0,0,0,0,0,3,2,0,0,0,0,9,0,39,2,00:00,0,0,1.000,,56,102,0,51,17,34,.549,2.83,,,,,,,,,,,,,,,,,,,10.001777696608496,11,96
2026-27,mlax,North Coast Athletic Conference (NCAC),ncac,Denison,Jonah Frank,Jonah,Frank,,182,Jonah Frank,"FRANK,JONAH",FRANKJONAHDENISON,16,16,,,Denison,DENISON,1214-3908,0,0,0,0,0,2,20,0,0,0,0,0,0,0,0,0,0,1,0,0,0,0,0,30,0,25,5,953:00,57,0,1.000,,73,122,0,45,15,30,.598,2.81,,,,,,,,,,,,,,,,,,,9.604669372178343,12,96
2026-27,mlax,North Coast Athletic Conference (NCAC),ncac,Ohio Wesleyan,Will Siegenthaler,Will,Siegenthaler,,520,Will Siegenthaler,"SIEGENTHALER,WILL",SIEGENTHALERWILLOWU,17,17,,,Ohio Wesleyan,OWU,1222-2846,0,0,0,0,0,0,20,0,6,0,0,0,0,0,0,0,0,0,0,0,0,0,0,7,0,29,2,1010:00,87,0,1.000,,55,76,0,48,21,27,.724,2.82,,,,,,,,,,,,,,,,,,,9.49192153359917,13,95
2026-27,mlax,North Coast Athletic Conference (NCAC),ncac,Kenyon,Gavin Gumucio,Gavin,Gumucio,,335,Gavin Gumucio,"GUMUCIO,GAVIN",GUMUCIOGAVINKENYON,17,17,,,Kenyon,KENYON,1219-2615,0,0,0,0,1,3,19,0,5,4,0,0,0,0,0,0,0,0,1,0,0,0,0,28,0,33,2,1033:00,47,0,1.000,,67,120,0,43,15,28,.558,2.53,,,,,,,,,,,,,,,,,,,8.829022271480724,14,95
2026-27,mlax,North Coast Athletic Conference (NCAC),ncac,Ohio Wesleyan,Garrett Smith,Garrett,Smith,,520,Garrett Smith,"SMITH,GARRETT",SMITHGARRETTOWU,18,18,,,Ohio Wesleyan,OWU,1222-2847,0,0,0,0,0,0,16,0,2,5,0,0,0,0,0,0,0,0,0,0,0,0,0,25,0,21,4,1070:00,87,0,1.000,,51,72,0,43,12,31,.708,2.39,,,,,,,,,,,,,,,,,,,8.768418182190945,15,95
2026-27,mlax,North Coast Athletic Conference (NCAC),ncac,Denison,Macky Peck,Macky,Peck,,182,Macky Peck,"PECK,MACKY",PECKMACKYDENISON,16,16,,,Denison,DENISON,1214-3218,0,0,0,0,0,2,7,1,8,1,0,0,0,0,0,0,0,1,3,0,0,0,0,17,0,9,4,953:00,57,0,1.000,,71,97,0,46,3,43,.732,2.88,,,,,,,,,,,,,,,,,,,8.697250039912193,16,95
2026-27,mlax,North Coast Athletic Conference (NCAC),ncac,Wooster,Owen Thompson,Owen,Thompson,,807,Owen Thompson,"THOMPSON,OWEN",THOMPSONOWENWOOSTER,16,16,,,Wooster,WOOSTER,1226-3340,0,0,0,0,0,1,10,0,3,2,0,0,0,0,0,0,0,1,1,0,0,1,10,34,0,34,13,961:00,38,11,1.000,,48,82,0,33,12,21,.585,2.06,,,,,,,,,,,,,,,,,,,7.778535103749517,17,95
2026-27,mlax,North Coast Athletic Conference (NCAC),ncac,Oberlin,Andrew Rosa,Andrew,Rosa,,515,Andrew Rosa,"ROSA,ANDREW",ROSAANDREWOBERLIN,18,1,,,Oberlin,OBERLIN,1221-3931,0,0,0,0,0,2,14,0,0,1,0,0,0,0,0,0,0,1,2,0,0,0,0,20,0,24,5,60:00,0,0,1.000,,48,99,0,35,11,24,.485,1.94,,,,,,,,,,,,,,,,,,,6.93741573020179,18,94
2026-27,mlax,North Coast Athletic Conference (NCAC),ncac,Oberlin,Asher Friedman,Asher,Friedman,,515,Asher Friedman,"FRIEDMAN,ASHER",FRIEDMANASHEROBERLIN,17,9,,,Oberlin,OBERLIN,1221-3922,0,0,0,0,0,1,12,0,2,1,0,0,0,0,0,0,0,0,0,0,0,0,0,17,0,22,2,527:00,120,0,1.000,,34,58,0,34,17,17,.586,2.00,,,,,,,,,,,,,,,,,,,6.638381790891421,19,94
2026-27,mlax,North Coast Athletic Conference (NCAC),ncac,Ohio Wesleyan,Carson Fialho,Carson,Fialho,,520,Carson Fialho,"FIALHO,CARSON",FIALHOCARSONOWU,18,17,,,Ohio Wesleyan,OWU,1222-3033,0,0,0,0,0,1,6,0,1,1,0,0,0,0,0,0,0,0,2,0,0,0,0,26,0,15,9,1010:00,45,0,1.000,,53,81,0,32,5,27,.654,1.78,,,,,,,,,,,,,,,,,,,6.576297652270865,20,94
2026-27,mlax,North Coast Athletic Conference (NCAC),ncac,Wittenberg,Ty Harris,Ty,Harris,,806,Ty Harris,"HARRIS,TY",HARRISTYWITTENBE,16,14,,,Wittenberg,WITTENBE,0,0,0,0,0,0,2,17,0,4,0,0,0,0,0,0,0,0,0,5,0,0,0,0,34,0,28,5,845:00,20,0,1.000,,65,118,0,32,6,26,.551,2.00,,,,,,,,,,,,,,,,,,,6.517262820774216,21,94
2026-27,mlax,North Coast Athletic Conference (NCAC),ncac,Wabash,"Bair, Evan",Evan,Bair,,747,"Bair, Evan","BAIR,EVAN",BAIREVANWABM,16,16,,,Wabash,WABM,1224-3788,0,0,0,0,0,1,8,0,3,0,0,0,0,0,0,0,0,1,3,0,0,0,0,23,0,42,2,965:00,55,0,1.000,,53,90,0,32,16,16,.589,2.00,,,,,,,,,,,,,,,,,,,6.3622369969328965,22,94
2026-27,mlax,North Coast Athletic Conference (NCAC),ncac,Denison,Jack Moellering,Jack,Moellering,,182,Jack Moellering,"MOELLERING,JACK",MOELLERINGJACKDENISON,14,14,,,Denison,DENISON,1214-3667,0,0,0,0,0,0,10,0,1,0,0,0,0,0,0,0,0,0,1,0,0,0,0,12,0,7,2,833:00,57,0,1.000,,35,59,0,33,18,15,.593,2.36,,,,,,,,,,,,,,,,,,,6.30723383155437,23,94
2026-27,mlax,North Coast Athletic Conference (NCAC),ncac,John Carroll,Braden Zarek,Braden,Zarek,,320,Braden Zarek,"ZAREK,BRADEN",ZAREKBRADENJOHN CAR,11,10,,,John Carroll,JOHN CAR,0,0,0,0,0,1,1,14,0,0,2,0,0,0,0,0,0,0,0,0,0,0,0,0,9,0,26,5,580:00,103,0,1.000,,40,82,0,33,14,19,.488,3.00,,,,,,,,,,,,,,,,,,,6.291129348782333,24,94
2026-27,mlax,North Coast Athletic Conference (NCAC),ncac,DePauw,Alex Sharma,Alex,Sharma,,177,Alex Sharma,"SHARMA,ALEX",SHARMAALEXDEPAUW,13,13,,,DePauw,DEPAUW,1274-6680,0,0,0,0,0,2,6,0,2,0,0,0,0,0,0,0,0,1,1,0,0,1,0,19,0,24,3,780:00,39,1,1.000,,30,47,0,32,15,17,.638,2.46,,,,,,,,,,,,,,,,,,,6.273142838380018,25,94
2026-27,mlax,North Coast Athletic Conference (NCAC),ncac,DePauw,Jack Neff,Jack,Neff,,177,Jack Neff,"NEFF,JACK",NEFFJACKDEPAUW,14,14,,,DePauw,DEPAUW,1274-6412,0,0,0,0,0,0,9,1,1,1,0,0,0,0,0,0,0,1,4,0,0,0,0,22,0,28,11,840:00,39,0,1.000,,38,74,0,29,10,19,.514,2.07,,,,,,,,,,,,,,,,,,,6.236867755328628,26,94
2026-27,mlax,North Coast Athletic Conference (NCAC),ncac,Ohio Wesleyan,Noah Citek,Noah,Citek,,520,Noah Citek,"CITEK,NOAH",CITEKNOAHOWU,18,0,,,Ohio Wesleyan,OWU,1222-2842,0,0,0,0,0,0,5,0,0,0,0,0,0,0,0,0,0,0,1,0,0,266,140,192,0,19,3,00:00,0,406,1.000,,16,26,0,6,1,5,.615,0.33,,,,,,,,,,,,,,,,,,,5.806704458824182,27,93
2026-27,mlax,North Coast Athletic Conference (NCAC),ncac,Kenyon,Alex Haag,Alex,Haag,,335,Alex Haag,"HAAG,ALEX",HAAGALEXKENYON,17,17,,,Kenyon,KENYON,1219-2920,0,0,0,0,0,0,12,0,1,0,0,0,0,0,0,0,0,0,0,0,0,0,0,15,0,22,2,1033:00,47,0,1.000,,61,113,0,32,9,23,.540,1.88,,,,,,,,,,,,,,,,,,,5.7491936171355205,28,93
2026-27,mlax,North Coast Athletic Conference (NCAC),ncac,Wooster,Austin Jourde,Austin,Jourde,,807,Austin Jourde,"JOURDE,AUSTIN",JOURDEAUSTINWOOSTER,18,17,,,Wooster,WOOSTER,1226-1344,0,0,0,0,0,0,4,0,1,1,0,0,0,0,0,0,0,0,1,0,0,0,0,22,0,19,1,1021:00,38,0,1.000,,29,52,0,29,19,10,.558,1.61,,,,,,,,,,,,,,,,,,,5.74246371162887,29,93
2026-27,mlax,North Coast Athletic Conference (NCAC),ncac,Oberlin,Cooper Zancosky,Cooper,Zancosky,,515,Cooper Zancosky,"ZANCOSKY,COOPER",ZANCOSKYCOOPEROBERLIN,18,0,,,Oberlin,OBERLIN,1221-4049,0,0,0,0,0,0,11,0,0,0,0,0,0,0,0,0,0,0,2,0,0,0,0,8,0,12,2,00:00,0,0,1.000,,60,108,0,32,10,22,.556,1.78,,,,,,,,,,,,,,,,,,,5.564812506784234,30,93
2026-27,mlax,North Coast Athletic Conference (NCAC),ncac,Kenyon,Mike Kapral,Mike,Kapral,,335,Mike Kapral,"KAPRAL,MIKE",KAPRALMIKEKENYON,17,17,,,Kenyon,KENYON,1219-2618,0,0,0,0,0,2,1,0,2,2,0,0,0,0,0,0,0,2,0,0,0,0,0,18,0,16,3,1033:00,47,0,1.000,,53,85,0,31,5,26,.624,1.82,,,,,,,,,,,,,,,,,,,5.532100880368241,31,93
2026-27,mlax,North Coast Athletic Conference (NCAC),ncac,Denison,Michael Cassidy,Michael,Cassidy,,182,Michael Cassidy,"CASSIDY,MICHAEL",CASSIDYMICHAELDENISON,14,14,,,Denison,DENISON,1214-3214,0,0,0,0,0,1,12,0,0,0,0,0,0,0,0,0,0,1,1,0,0,0,0,16,0,15,0,831:00,14,0,1.000,,44,80,0,32,6,26,.550,2.29,,,,,,,,,,,,,,,,,,,5.446552952756163,32,93
2026-27,mlax,North Coast Athletic Conference (NCAC),ncac,Wooster,Sam Green,Sam,Green,,807,Sam Green,"GREEN,SAM",GREENSAMWOOSTER,18,2,,,Wooster,WOOSTER,1226-1355,0,0,0,0,0,3,3,0,6,2,0,0,0,0,0,0,0,1,0,0,0,0,1,23,0,22,6,120:00,0,1,1.000,,35,53,0,27,11,16,.660,1.50,,,,,,,,,,,,,,,,,,,5.423008786876184,33,93
2026-27,mlax,North Coast Athletic Conference (NCAC),ncac,Wooster,Ginder John allen,Ginder John,allen,,807,Ginder John allen,"GINDER,JOHN ALLEN",GINDERJOHNALLENWOOSTER,18,17,,,Wooster,WOOSTER,1226-1354,0,0,0,0,0,3,9,0,0,1,0,0,0,0,0,0,0,1,2,0,0,0,0,25,0,26,10,984:00,56,0,1.000,,27,55,0,25,8,17,.491,1.39,,,,,,,,,,,,,,,,,,,5.2900846109626265,34,93
2026-27,mlax,North Coast Athletic Conference (NCAC),ncac,Wabash,"Pippen, Jake",Jake,Pippen,,747,"Pippen, Jake","PIPPEN,JAKE",PIPPENJAKEWABM,16,16,,,Wabash,WABM,1224-3439,0,0,0,0,0,3,1,0,3,2,0,0,0,0,0,0,0,2,0,0,0,0,0,15,0,13,3,965:00,55,0,1.000,,48,64,0,30,3,27,.750,1.88,,,,,,,,,,,,,,,,,,,5.119525867999588,35,92
2026-27,mlax,North Coast Athletic Conference (NCAC),ncac,Denison,Teddy Hardy,Teddy,Hardy,,182,Teddy Hardy,"HARDY,TEDDY",HARDYTEDDYDENISON,17,5,,,Denison,DENISON,1214-3901,0,0,0,0,0,0,5,0,1,1,0,0,0,0,0,0,0,0,0,0,0,0,0,12,0,10,3,300:00,0,0,1.000,,27,46,0,26,12,14,.587,1.53,,,,,,,,,,,,,,,,,,,4.609747424813049,36,92
2026-27,mlax,North Coast Athletic Conference (NCAC),ncac,Wabash,"Dybedock, Christian",Christian,Dybedock,,747,"Dybedock, Christian","DYBEDOCK,CHRISTIAN",DYBEDOCKCHRISTIANWABM,16,12,,,Wabash,WABM,1224-3597,0,0,0,0,0,0,5,0,3,0,0,0,0,0,0,0,0,0,0,0,0,0,0,19,0,27,3,725:00,55,0,1.000,,28,56,0,24,13,11,.500,1.50,,,,,,,,,,,,,,,,,,,4.4658170291667885,37,92
2026-27,mlax,North Coast Athletic Conference (NCAC),ncac,Oberlin,Evan Sardina,Evan,Sardina,,515,Evan Sardina,"SARDINA,EVAN",SARDINAEVANOBERLIN,18,18,,,Oberlin,OBERLIN,1221-4062,0,0,0,0,0,0,1,0,0,0,0,0,0,0,0,0,0,1,0,0,0,251,82,184,0,23,0,1055:00,164,333,1.000,,5,10,0,2,1,1,.500,0.11,,,,,,,,,,,,,,,,,,,4.403539247478475,38,92
2026-27,mlax,North Coast Athletic Conference (NCAC),ncac,Wittenberg,Tripp Salowich,Tripp,Salowich,,806,Tripp Salowich,"SALOWICH,TRIPP",SALOWICHTRIPPWITTENBE,15,11,,,Wittenberg,WITTENBE,0,0,0,0,0,0,2,16,0,3,1,0,0,0,0,0,0,0,0,5,0,0,0,0,24,0,29,1,665:00,20,0,1.000,,50,93,0,26,3,23,.538,1.73,,,,,,,,,,,,,,,,,,,4.37804174324408,39,92
2026-27,mlax,North Coast Athletic Conference (NCAC),ncac,Denison,Kevin Berutich,Kevin,Berutich,,182,Kevin Berutich,"BERUTICH,KEVIN",BERUTICHKEVINDENISON,15,12,,,Denison,DENISON,1214-3406,0,0,0,0,0,0,1,0,1,1,0,0,0,0,0,0,0,0,1,0,0,0,0,13,0,21,1,713:00,57,0,1.000,,17,26,0,25,14,11,.654,1.67,,,,,,,,,,,,,,,,,,,4.3405829215241365,40,92
2026-27,mlax,North Coast Athletic Conference (NCAC),ncac,DePauw,Oscar Kokke,Oscar,Kokke,,177,Oscar Kokke,"KOKKE,OSCAR",KOKKEOSCARDEPAUW,15,15,,,DePauw,DEPAUW,1274-6677,0,0,0,0,0,2,14,0,2,1,0,0,0,0,0,0,0,2,1,0,0,0,0,15,0,28,4,900:00,39,0,1.000,,49,103,0,25,5,20,.476,1.67,,,,,,,,,,,,,,,,,,,4.244430752478857,41,92
2026-27,mlax,North Coast Athletic Conference (NCAC),ncac,John Carroll,Josh Lombardo,Josh,Lombardo,,320,Josh Lombardo,"LOMBARDO,JOSH",LOMBARDOJOSHJOHN CAR,11,11,,,John Carroll,JOHN CAR,0,0,0,0,0,0,1,8,0,2,0,0,0,0,0,0,0,0,0,3,0,0,0,0,20,0,25,3,640:00,103,0,1.000,,45,95,0,24,5,19,.474,2.18,,,,,,,,,,,,,,,,,,,4.103951642256009,42,92
2026-27,mlax,North Coast Athletic Conference (NCAC),ncac,Wittenberg,Travis Demsher,Travis,Demsher,,806,Travis Demsher,"DEMSHER,TRAVIS",DEMSHERTRAVISWITTENBE,14,14,,,Wittenberg,WITTENBE,0,0,0,0,0,0,0,1,0,5,0,0,0,0,0,0,0,0,1,1,0,0,0,0,26,0,30,5,845:00,20,0,1.000,,41,74,0,21,8,13,.554,1.50,,,,,,,,,,,,,,,,,,,3.9996902009457234,43,92
2026-27,mlax,North Coast Athletic Conference (NCAC),ncac,Ohio Wesleyan,Blake Altman,Blake,Altman,,520,Blake Altman,"ALTMAN,BLAKE",ALTMANBLAKEOWU,18,18,,,Ohio Wesleyan,OWU,1222-3219,0,0,0,0,0,0,5,0,3,2,0,0,0,0,0,0,0,0,1,0,0,0,0,10,0,23,3,1070:00,87,0,1.000,,38,77,0,24,9,15,.494,1.33,,,,,,,,,,,,,,,,,,,3.96759914366867,44,91
2026-27,mlax,North Coast Athletic Conference (NCAC),ncac,DePauw,Kam Shiver,Kam,Shiver,,177,Kam Shiver,"SHIVER,KAM",SHIVERKAMDEPAUW,15,4,,,DePauw,DEPAUW,1274-6878,0,0,0,0,0,0,17,0,2,1,0,0,0,0,0,0,0,0,2,0,0,0,0,7,0,23,2,240:00,0,0,1.000,,36,57,0,26,3,23,.632,1.73,,,,,,,,,,,,,,,,,,,3.9041758267339817,45,91
2026-27,mlax,North Coast Athletic Conference (NCAC),ncac,Oberlin,Cooper Rand,Cooper,Rand,,515,Cooper Rand,"RAND,COOPER",RANDCOOPEROBERLIN,18,18,,,Oberlin,OBERLIN,1221-4060,0,0,0,0,0,0,2,0,0,0,0,0,0,0,0,0,1,5,2,0,0,0,0,59,0,15,34,1055:00,164,0,1.000,,6,9,0,4,1,3,.667,0.22,,,,,,,,,,,,,,,,,,,3.848719443425357,46,91
2026-27,mlax,North Coast Athletic Conference (NCAC),ncac,Wooster,Will Crane,Will,Crane,,807,Will Crane,"CRANE,WILL",CRANEWILLWOOSTER,18,1,,,Wooster,WOOSTER,1226-3075,0,0,0,0,0,0,6,1,3,0,0,0,0,0,0,0,0,0,1,0,0,0,1,21,0,14,2,91:00,39,1,1.000,,25,45,0,21,10,11,.556,1.17,,,,,,,,,,,,,,,,,,,3.6497911965319036,47,91
2026-27,mlax,North Coast Athletic Conference (NCAC),ncac,Wooster,Sutton Ursillo,Sutton,Ursillo,,807,Sutton Ursillo,"URSILLO,SUTTON",URSILLOSUTTONWOOSTER,18,18,,,Wooster,WOOSTER,1226-1351,0,0,0,0,0,0,1,0,0,0,0,0,0,0,0,0,0,3,2,0,0,0,5,37,0,9,40,1081:00,38,5,1.000,,1,7,0,3,2,1,.143,0.17,,,,,,,,,,,,,,,,,,,3.5132434927784546,48,91
2026-27,mlax,North Coast Athletic Conference (NCAC),ncac,DePauw,Brody Carlson,Brody,Carlson,,177,Brody Carlson,"CARLSON,BRODY",CARLSONBRODYDEPAUW,15,15,,,DePauw,DEPAUW,1274-6673,0,0,0,0,0,0,2,1,0,0,0,0,0,0,0,0,0,2,2,0,0,0,0,61,0,13,26,900:00,39,0,1.000,,4,8,0,5,3,2,.500,0.33,,,,,,,,,,,,,,,,,,,3.4766353342059557,49,91
2026-27,mlax,North Coast Athletic Conference (NCAC),ncac,DePauw,Gavin Berry,Gavin,Berry,,177,Gavin Berry,"BERRY,GAVIN",BERRYGAVINDEPAUW,14,14,,,DePauw,DEPAUW,1274-6411,0,0,0,0,0,1,8,0,0,1,0,0,0,0,0,0,0,1,0,0,0,0,0,12,0,19,3,840:00,39,0,1.000,,24,43,0,20,9,11,.558,1.43,,,,,,,,,,,,,,,,,,,3.1801411001196698,50,91
2026-27,mlax,North Coast Athletic Conference (NCAC),ncac,Kenyon,Will Jordan,Will,Jordan,,335,Will Jordan,"JORDAN,WILL",JORDANWILLKENYON,17,0,,,Kenyon,KENYON,1219-2617,0,0,0,0,0,0,1,0,0,0,0,0,0,0,0,0,0,0,1,0,0,232,128,136,0,5,3,00:00,0,360,1.000,,5,9,0,2,1,1,.556,0.12,,,,,,,,,,,,,,,,,,,3.082136821751149,51,91
2026-27,mlax,North Coast Athletic Conference (NCAC),ncac,DePauw,Nolan Childs,Nolan,Childs,,177,Nolan Childs,"CHILDS,NOLAN",CHILDSNOLANDEPAUW,15,15,,,DePauw,DEPAUW,1274-6675,0,0,0,0,0,0,0,0,0,0,0,0,0,0,0,0,0,6,5,0,0,15,54,52,0,17,29,900:00,39,69,1.000,,1,1,0,3,3,0,1.000,0.20,,,,,,,,,,,,,,,,,,,3.030644654875048,52,91
2026-27,mlax,North Coast Athletic Conference (NCAC),ncac,John Carroll,Larry Voss,Larry,Voss,,320,Larry Voss,"VOSS,LARRY",VOSSLARRYJOHN CAR,11,6,,,John Carroll,JOHN CAR,0,0,0,0,0,0,2,6,0,4,0,0,0,0,0,0,0,0,0,1,0,0,0,0,9,0,15,4,351:00,53,0,1.000,,24,36,0,19,6,13,.667,1.73,,,,,,,,,,,,,,,,,,,2.812065694268762,53,90
2026-27,mlax,North Coast Athletic Conference (NCAC),ncac,Kenyon,Harrison Curtiss,Harrison,Curtiss,,335,Harrison Curtiss,"CURTISS,HARRISON",CURTISSHARRISONKENYON,17,13,,,Kenyon,KENYON,1219-2924,0,0,0,0,0,1,7,0,0,0,0,0,0,0,0,0,0,1,0,0,0,0,3,12,0,17,1,791:00,30,3,1.000,,26,45,0,19,8,11,.578,1.12,,,,,,,,,,,,,,,,,,,2.729354219996188,54,90
2026-27,mlax,North Coast Athletic Conference (NCAC),ncac,Wabash,"Sorg, Will",Will,Sorg,,747,"Sorg, Will","SORG,WILL",SORGWILLWABM,16,12,,,Wabash,WABM,1224-3598,0,0,0,0,0,0,9,0,0,0,0,0,0,0,0,0,0,1,2,0,0,0,0,10,0,24,3,725:00,55,0,1.000,,33,57,0,18,6,12,.579,1.13,,,,,,,,,,,,,,,,,,,2.5379928189752903,55,90
2026-27,mlax,North Coast Athletic Conference (NCAC),ncac,Oberlin,Colin Taylor,Colin,Taylor,,515,Colin Taylor,"TAYLOR,COLIN",TAYLORCOLINOBERLIN,18,18,,,Oberlin,OBERLIN,1221-3934,0,0,0,0,0,0,1,0,0,0,0,0,0,0,0,0,0,2,2,0,0,0,0,56,0,9,24,1055:00,164,0,1.000,,5,14,0,2,1,1,.357,0.11,,,,,,,,,,,,,,,,,,,2.3823208061797363,56,90
2026-27,mlax,North Coast Athletic Conference (NCAC),ncac,Ohio Wesleyan,Max Kemp,Max,Kemp,,520,Max Kemp,"KEMP,MAX",KEMPMAXOWU,17,1,,,Ohio Wesleyan,OWU,1222-3450,0,0,0,0,0,1,4,0,4,0,0,0,0,0,0,0,0,1,0,0,0,0,0,12,0,18,2,60:00,42,0,1.000,,17,42,0,17,6,11,.405,1.00,,,,,,,,,,,,,,,,,,,2.297318384949474,57,90
2026-27,mlax,North Coast Athletic Conference (NCAC),ncac,Wooster,Luke Budd,Luke,Budd,,807,Luke Budd,"BUDD,LUKE",BUDDLUKEWOOSTER,18,17,,,Wooster,WOOSTER,1226-1340,0,0,0,0,0,0,8,0,0,1,0,0,0,0,0,0,0,0,0,0,0,0,0,11,0,12,3,984:00,47,0,1.000,,20,33,0,17,3,14,.606,0.94,,,,,,,,,,,,,,,,,,,2.2096035931549554,58,90
2026-27,mlax,North Coast Athletic Conference (NCAC),ncac,Denison,Liam Gillard,Liam,Gillard,,182,Liam Gillard,"GILLARD,LIAM",GILLARDLIAMDENISON,17,4,,,Denison,DENISON,1214-3413,0,0,0,0,0,0,4,0,0,1,0,0,0,0,0,0,0,0,1,0,0,0,0,7,0,11,2,242:00,43,0,1.000,,29,55,0,17,6,11,.527,1.00,,,,,,,,,,,,,,,,,,,2.1303261786111953,59,90
2026-27,mlax,North Coast Athletic Conference (NCAC),ncac,DePauw,Noah Sulpizio,Noah,Sulpizio,,177,Noah Sulpizio,"SULPIZIO,NOAH",SULPIZIONOAHDEPAUW,15,15,,,DePauw,DEPAUW,1274-6682,0,0,0,0,0,1,5,0,0,0,0,0,0,0,0,0,0,1,3,0,0,0,0,10,0,16,1,900:00,39,0,1.000,,27,57,0,16,6,10,.474,1.07,,,,,,,,,,,,,,,,,,,1.9230501858530353,60,90
2026-27,mlax,North Coast Athletic Conference (NCAC),ncac,Wabash,"Clark, Austin",Austin,Clark,,747,"Clark, Austin","CLARK,AUSTIN",CLARKAUSTINWABM,15,11,,,Wabash,WABM,1224-3904,0,0,0,0,0,1,8,0,0,0,0,0,0,0,0,0,0,0,1,0,0,1,0,18,0,26,3,665:00,55,1,1.000,,32,65,0,14,5,9,.492,0.93,,,,,,,,,,,,,,,,,,,1.9015174445099212,61,89
2026-27,mlax,North Coast Athletic Conference (NCAC),ncac,Wabash,"Santiago, Sam",Sam,Santiago,,747,"Santiago, Sam","SANTIAGO,SAM",SANTIAGOSAMWABM,16,6,,,Wabash,WABM,1224-3437,0,0,0,0,0,0,8,0,0,0,0,0,0,0,0,0,0,0,0,0,0,0,0,9,0,14,0,360:00,0,0,1.000,,25,52,0,16,6,10,.481,1.00,,,,,,,,,,,,,,,,,,,1.7957441595453298,62,89
2026-27,mlax,North Coast Athletic Conference (NCAC),ncac,Wabash,"Backus, Eli",Eli,Backus,,747,"Backus, Eli","BACKUS,ELI",BACKUSELIWABM,14,2,,,Wabash,WABM,1224-3801,0,0,0,0,0,1,1,0,0,0,0,0,0,0,0,0,0,0,0,0,0,28,52,37,0,11,24,120:00,0,80,1.000,,4,6,0,2,0,2,.667,0.14,,,,,,,,,,,,,,,,,,,1.6983424435719723,63,89
2026-27,mlax,North Coast Athletic Conference (NCAC),ncac,Ohio Wesleyan,Trey Weber,Trey,Weber,,520,Trey Weber,"WEBER,TREY",WEBERTREYOWU,18,18,,,Ohio Wesleyan,OWU,1222-2849,0,0,0,0,0,0,2,0,0,0,0,0,0,0,0,0,0,4,2,0,0,0,0,36,0,11,21,1070:00,87,0,1.000,,4,9,0,3,1,2,.444,0.17,,,,,,,,,,,,,,,,,,,1.646192957227549,64,89
2026-27,mlax,North Coast Athletic Conference (NCAC),ncac,Kenyon,Colin Williams,Colin,Williams,,335,Colin Williams,"WILLIAMS,COLIN",WILLIAMSCOLINKENYON,17,17,,,Kenyon,KENYON,1219-2769,0,0,0,0,0,0,0,0,0,0,0,0,0,0,0,0,1,1,4,0,0,0,0,51,0,10,23,1033:00,47,0,1.000,,1,2,0,0,0,0,.500,0.00,,,,,,,,,,,,,,,,,,,1.6448855732369476,65,89
2026-27,mlax,North Coast Athletic Conference (NCAC),ncac,Denison,Zach Warren,Zach,Warren,,182,Zach Warren,"WARREN,ZACH",WARRENZACHDENISON,12,3,,,Denison,DENISON,1214-3905,0,0,0,0,0,1,0,0,3,0,0,0,0,0,0,0,0,1,0,0,0,0,0,3,0,6,0,180:00,0,0,1.000,,23,28,0,16,7,9,.821,1.33,,,,,,,,,,,,,,,,,,,1.6447614904616996,66,89
2026-27,mlax,North Coast Athletic Conference (NCAC),ncac,Oberlin,Ryan Murphy,Ryan,Murphy,,515,Ryan Murphy,"MURPHY,RYAN",MURPHYRYANOBERLIN,16,0,,,Oberlin,OBERLIN,1221-4043,0,0,0,0,0,0,4,0,0,0,0,0,0,0,0,0,0,1,0,0,0,0,0,9,0,18,0,00:00,0,0,1.000,,16,41,0,14,8,6,.390,0.88,,,,,,,,,,,,,,,,,,,1.467432653547783,67,89
2026-27,mlax,North Coast Athletic Conference (NCAC),ncac,Wabash,"McMichael, Zach",Zach,McMichael,,747,"McMichael, Zach","MCMICHAEL,ZACH",MCMICHAELZACHWABM,14,5,,,Wabash,WABM,1224-3908,0,0,0,0,0,0,3,0,2,0,0,0,0,0,0,0,0,0,1,0,0,0,0,17,0,11,1,300:00,0,0,1.000,,19,41,0,13,5,8,.463,0.93,,,,,,,,,,,,,,,,,,,1.466740101641088,68,89
2026-27,mlax,North Coast Athletic Conference (NCAC),ncac,Kenyon,Jack Laganza,Jack,Laganza,,335,Jack Laganza,"LAGANZA,JACK",LAGANZAJACKKENYON,17,0,,,Kenyon,KENYON,1219-3114,0,0,0,0,0,0,0,0,0,0,0,0,0,0,0,0,0,3,5,0,0,0,0,46,0,6,20,00:00,0,0,1.000,,2,4,0,1,1,0,.500,0.06,,,,,,,,,,,,,,,,,,,1.4591423218219017,69,89
2026-27,mlax,North Coast Athletic Conference (NCAC),ncac,DePauw,Russ Nelson,Russ,Nelson,,177,Russ Nelson,"NELSON,RUSS",NELSONRUSSDEPAUW,15,0,,,DePauw,DEPAUW,1274-6191,0,0,0,0,0,0,0,0,0,0,0,0,0,0,0,0,0,1,0,0,0,0,0,35,0,10,24,00:00,0,0,1.000,,3,5,0,1,0,1,.600,0.07,,,,,,,,,,,,,,,,,,,1.417981829515583,70,88
2026-27,mlax,North Coast Athletic Conference (NCAC),ncac,John Carroll,Casey LaForce,Casey,LaForce,,320,Casey LaForce,"LAFORCE,CASEY",LAFORCECASEYJOHN CAR,11,6,,,John Carroll,JOHN CAR,0,0,0,0,0,0,0,4,0,1,0,0,0,0,0,0,0,0,0,2,0,0,0,0,5,0,9,0,349:00,89,0,1.000,,21,36,0,15,5,10,.583,1.36,,,,,,,,,,,,,,,,,,,1.399178684431325,71,88
2026-27,mlax,North Coast Athletic Conference (NCAC),ncac,Kenyon,Luke Riney,Luke,Riney,,335,Luke Riney,"RINEY,LUKE",RINEYLUKEKENYON,17,0,,,Kenyon,KENYON,1219-2621,0,0,0,0,0,0,0,0,0,0,0,0,0,0,0,0,0,1,6,0,0,0,0,50,0,11,13,00:00,0,0,1.000,,4,5,0,3,1,2,.800,0.18,,,,,,,,,,,,,,,,,,,1.3625104546543314,72,88
2026-27,mlax,North Coast Athletic Conference (NCAC),ncac,Wooster,Ian Marsland,Ian,Marsland,,807,Ian Marsland,"MARSLAND,IAN",MARSLANDIANWOOSTER,18,0,,,Wooster,WOOSTER,1226-3327,0,0,0,0,0,0,5,0,0,0,0,0,0,0,0,0,0,0,0,0,0,0,0,7,0,14,2,00:00,0,0,1.000,,14,28,0,13,7,6,.500,0.72,,,,,,,,,,,,,,,,,,,1.325479231049189,73,88
2026-27,mlax,North Coast Athletic Conference (NCAC),ncac,Wabash,"Poling, Bryce",Bryce,Poling,,747,"Poling, Bryce","POLING,BRYCE",POLINGBRYCEWABM,16,16,,,Wabash,WABM,1224-3441,0,0,0,0,0,0,0,0,0,0,0,0,0,0,0,0,0,3,0,0,0,0,0,38,0,15,24,965:00,55,0,1.000,,1,3,0,0,0,0,.333,0.00,,,,,,,,,,,,,,,,,,,1.3046134217974727,74,88
2026-27,mlax,North Coast Athletic Conference (NCAC),ncac,Denison,Khari Freeman,Khari,Freeman,,182,Khari Freeman,"FREEMAN,KHARI",FREEMANKHARIDENISON,16,0,,,Denison,DENISON,1214-3641,0,0,0,0,0,0,0,0,0,0,0,0,0,0,0,0,0,0,0,0,0,2,8,27,0,5,20,00:00,0,10,1.000,,2,6,0,3,2,1,.333,0.19,,,,,,,,,,,,,,,,,,,1.301107379300902,75,88
2026-27,mlax,North Coast Athletic Conference (NCAC),ncac,Denison,Luca Avelino,Luca,Avelino,,182,Luca Avelino,"AVELINO,LUCA",AVELINOLUCADENISON,15,7,,,Denison,DENISON,1214-3909,0,0,0,0,0,0,0,0,0,0,0,0,0,0,0,0,0,1,3,0,0,0,0,24,0,8,28,420:00,0,0,1.000,,1,1,0,0,0,0,1.000,0.00,,,,,,,,,,,,,,,,,,,1.2126655842104916,76,88
2026-27,mlax,North Coast Athletic Conference (NCAC),ncac,Wooster,Bennett Viverito,Bennett,Viverito,,807,Bennett Viverito,"VIVERITO,BENNETT",VIVERITOBENNETTWOOSTER,16,15,,,Wooster,WOOSTER,1226-3083,0,0,0,0,0,0,0,0,0,0,0,0,0,0,0,0,0,2,0,0,0,0,0,30,0,13,23,868:00,21,0,1.000,,0,1,0,1,1,0,.000,0.06,,,,,,,,,,,,,,,,,,,1.2064900166595587,77,88
2026-27,mlax,North Coast Athletic Conference (NCAC),ncac,Denison,Grant Larson,Grant,Larson,,182,Grant Larson,"LARSON,GRANT",LARSONGRANTDENISON,17,0,,,Denison,DENISON,1214-3215,0,0,0,0,0,0,1,0,0,0,0,0,0,0,0,0,0,1,1,0,0,137,110,75,0,6,2,00:00,0,247,1.000,,2,3,0,3,1,2,.667,0.18,,,,,,,,,,,,,,,,,,,1.164488050905177,78,88
2026-27,mlax,North Coast Athletic Conference (NCAC),ncac,DePauw,Jack Blum,Jack,Blum,,177,Jack Blum,"BLUM,JACK",BLUMJACKDEPAUW,15,15,,,DePauw,DEPAUW,1274-6421,0,0,0,0,0,1,0,0,0,0,0,0,0,0,0,0,1,8,4,0,0,0,0,27,0,11,24,900:00,39,0,1.000,,1,2,0,1,0,1,.500,0.07,,,,,,,,,,,,,,,,,,,1.1507942993743372,79,87
2026-27,mlax,North Coast Athletic Conference (NCAC),ncac,DePauw,Trevor Martay,Trevor,Martay,,177,Trevor Martay,"MARTAY,TREVOR",MARTAYTREVORDEPAUW,13,5,,,DePauw,DEPAUW,1274-6874,0,0,0,0,0,2,4,0,1,1,0,0,0,0,0,0,0,1,0,0,0,0,0,10,0,17,5,300:00,0,0,1.000,,23,40,0,12,0,12,.575,0.92,,,,,,,,,,,,,,,,,,,1.1479777287950976,80,87
2026-27,mlax,North Coast Athletic Conference (NCAC),ncac,Kenyon,Adam Hall,Adam,Hall,,335,Adam Hall,"HALL,ADAM",HALLADAMKENYON,17,17,,,Kenyon,KENYON,1219-2627,0,0,0,0,0,0,2,0,0,0,0,0,0,0,0,0,0,1,0,0,0,0,0,31,0,17,6,1033:00,47,0,1.000,,3,3,0,2,0,2,1.000,0.12,17,999:50,150,192,0,8,7,0,0,0,0,565,9.00,.561,,,,,1.1064514518863224,81,87
2026-27,mlax,North Coast Athletic Conference (NCAC),ncac,Denison,Charlie Haight,Charlie,Haight,,182,Charlie Haight,"HAIGHT,CHARLIE",HAIGHTCHARLIEDENISON,17,17,,,Denison,DENISON,1214-3415,0,0,0,0,0,1,1,0,0,0,0,0,0,0,0,0,0,2,0,0,0,0,0,36,0,4,20,1013:00,57,0,1.000,,1,1,0,1,0,1,1.000,0.06,,,,,,,,,,,,,,,,,,,1.07574993062304,82,87
2026-27,mlax,North Coast Athletic Conference (NCAC),ncac,Wittenberg,Charlie Frederick,Charlie,Frederick,,806,Charlie Frederick,"FREDERICK,CHARLIE",FREDERICKCHARLIEWITTENBE,16,0,,,Wittenberg,WITTENBE,0,0,0,0,0,0,0,3,0,0,0,0,0,0,0,0,0,0,0,1,0,0,118,66,67,0,8,1,00:00,0,184,1.000,,7,12,0,4,1,3,.583,0.25,,,,,,,,,,,,,,,,,,,1.016956667244959,83,87
2026-27,mlax,North Coast Athletic Conference (NCAC),ncac,Denison,Colin Swanson,Colin,Swanson,,182,Colin Swanson,"SWANSON,COLIN",SWANSONCOLINDENISON,17,0,,,Denison,DENISON,1214-3648,0,0,0,0,0,0,2,0,1,0,0,0,0,0,0,0,0,1,2,0,0,2,13,34,0,6,10,00:00,0,15,1.000,,5,11,0,5,1,4,.455,0.29,,,,,,,,,,,,,,,,,,,0.9735401022938451,84,87
2026-27,mlax,North Coast Athletic Conference (NCAC),ncac,Wooster,Matthew Shlofrock,Matthew,Shlofrock,,807,Matthew Shlofrock,"SHLOFROCK,MATTHEW",SHLOFROCKMATTHEWWOOSTER,3,0,,,Wooster,WOOSTER,1226-3382,0,0,0,0,0,0,0,0,0,0,0,0,0,0,0,0,0,0,0,0,0,0,0,0,0,1,0,00:00,0,0,1.000,,0,0,0,0,0,0,.000,0.00,2,11:21,0,1,0,0,0,0,0,0,0,3,.00,1.000,,,,,0.958256679833301,85,87
2026-27,mlax,North Coast Athletic Conference (NCAC),ncac,Kenyon,Henry Powell,Henry,Powell,,335,Henry Powell,"POWELL,HENRY",POWELLHENRYKENYON,8,0,,,Kenyon,KENYON,1219-2928,0,0,0,0,0,0,2,0,2,1,0,0,0,0,0,0,0,0,0,0,0,0,0,4,0,4,2,00:00,0,0,1.000,,14,30,0,12,5,7,.467,1.50,,,,,,,,,,,,,,,,,,,0.9129042186805355,86,87
2026-27,mlax,North Coast Athletic Conference (NCAC),ncac,John Carroll,Sean Hogan,Sean,Hogan,,320,Sean Hogan,"HOGAN,SEAN",HOGANSEANJOHN CAR,11,8,,,John Carroll,JOHN CAR,0,0,0,0,0,0,0,5,0,0,0,0,0,0,0,0,0,0,0,0,0,0,0,0,14,0,13,1,460:00,103,0,1.000,,15,27,0,11,4,7,.556,1.00,,,,,,,,,,,,,,,,,,,0.8900093362736612,87,86
2026-27,mlax,North Coast Athletic Conference (NCAC),ncac,Oberlin,Will Kohl,Will,Kohl,,515,Will Kohl,"KOHL,WILL",KOHLWILLOBERLIN,12,9,,,Oberlin,OBERLIN,1221-4279,0,0,0,0,0,0,1,0,0,0,0,0,0,0,0,0,0,0,1,0,0,0,0,20,0,7,2,528:00,44,0,1.000,,13,21,0,9,6,3,.619,0.75,,,,,,,,,,,,,,,,,,,0.8559960629220987,88,86
2026-27,mlax,North Coast Athletic Conference (NCAC),ncac,Kenyon,Owen Breen,Owen,Breen,,335,Owen Breen,"BREEN,OWEN",BREENOWENKENYON,17,17,,,Kenyon,KENYON,1219-2626,0,0,0,0,0,0,0,0,0,0,0,0,0,0,0,0,1,2,2,0,0,0,0,27,0,7,22,1033:00,47,0,1.000,,0,1,0,0,0,0,.000,0.00,,,,,,,,,,,,,,,,,,,0.7494153977731599,89,86
2026-27,mlax,North Coast Athletic Conference (NCAC),ncac,Denison,Anthony Savoy,Anthony,Savoy,,182,Anthony Savoy,"SAVOY,ANTHONY",SAVOYANTHONYDENISON,17,2,,,Denison,DENISON,1214-3422,0,0,0,0,0,0,3,0,0,1,0,0,0,0,0,0,1,1,0,0,0,0,0,9,0,16,4,120:00,0,0,1.000,,11,24,0,10,2,8,.458,0.59,,,,,,,,,,,,,,,,,,,0.6923601964898456,90,86
2026-27,mlax,North Coast Athletic Conference (NCAC),ncac,Wooster,Alec Siegel,Alec,Siegel,,807,Alec Siegel,"SIEGEL,ALEC",SIEGELALECWOOSTER,16,0,,,Wooster,WOOSTER,1226-3371,0,0,0,0,0,0,4,0,0,0,0,0,0,0,0,0,1,2,0,0,0,1,0,27,0,8,7,36:00,42,1,1.000,,13,26,0,6,1,5,.500,0.38,,,,,,,,,,,,,,,,,,,0.6715919898211833,91,86
2026-27,mlax,North Coast Athletic Conference (NCAC),ncac,DePauw,Anthony Reinhardt,Anthony,Reinhardt,,177,Anthony Reinhardt,"REINHARDT,ANTHONY",REINHARDTANTHONYDEPAUW,15,15,,,DePauw,DEPAUW,1274-6192,0,0,0,0,0,0,0,0,0,0,0,0,0,0,0,0,0,0,0,0,0,0,0,36,0,23,6,885:00,39,0,1.000,,0,4,0,0,0,0,.000,0.00,15,885:39,156,193,0,7,7,0,0,0,0,621,10.57,.553,,,,,0.6422447539445213,92,86
2026-27,mlax,North Coast Athletic Conference (NCAC),ncac,Wabash,"Navarro, Cooper",Cooper,Navarro,,747,"Navarro, Cooper","NAVARRO,COOPER",NAVARROCOOPERWABM,16,2,,,Wabash,WABM,1224-3798,0,0,0,0,0,0,2,0,0,0,0,0,0,0,0,0,0,0,0,0,0,0,0,39,0,18,9,120:00,0,0,1.000,,4,5,0,3,1,2,.800,0.19,,,,,,,,,,,,,,,,,,,0.6194972605499187,93,86
2026-27,mlax,North Coast Athletic Conference (NCAC),ncac,Wabash,"Cunningham, Lucas",Lucas,Cunningham,,747,"Cunningham, Lucas","CUNNINGHAM,LUCAS",CUNNINGHAMLUCASWABM,16,13,,,Wabash,WABM,1224-3443,0,0,0,0,0,0,0,0,0,0,0,0,0,0,0,0,0,3,1,0,0,0,0,31,0,14,19,785:00,55,0,1.000,,2,5,0,0,0,0,.400,0.00,,,,,,,,,,,,,,,,,,,0.6012864077236336,94,86
2026-27,mlax,North Coast Athletic Conference (NCAC),ncac,Wabash,"McCallum, Grayson",Grayson,McCallum,,747,"McCallum, Grayson","MCCALLUM,GRAYSON",MCCALLUMGRAYSONWABM,15,4,,,Wabash,WABM,1224-3916,0,0,0,0,0,0,5,0,0,0,0,0,0,0,0,0,0,0,3,0,0,0,0,10,0,14,1,240:00,0,0,1.000,,12,32,0,10,4,6,.375,0.67,,,,,,,,,,,,,,,,,,,0.5428518396819605,95,86
2026-27,mlax,North Coast Athletic Conference (NCAC),ncac,DePauw,Carter Cassidy,Carter,Cassidy,,177,Carter Cassidy,"CASSIDY,CARTER",CASSIDYCARTERDEPAUW,14,10,,,DePauw,DEPAUW,1274-6674,0,0,0,0,0,1,1,1,1,1,0,0,0,0,0,0,0,0,2,0,0,0,0,8,0,17,1,600:00,39,0,1.000,,13,27,0,11,1,10,.481,0.79,,,,,,,,,,,,,,,,,,,0.5413947531008138,96,85
2026-27,mlax,North Coast Athletic Conference (NCAC),ncac,Ohio Wesleyan,Tanner Hower,Tanner,Hower,,520,Tanner Hower,"HOWER,TANNER",HOWERTANNEROWU,18,0,,,Ohio Wesleyan,OWU,1222-3454,0,0,0,0,0,0,0,0,0,0,0,0,0,0,0,0,0,2,1,0,0,0,0,40,0,7,9,00:00,0,0,1.000,,3,4,0,2,2,0,.750,0.11,,,,,,,,,,,,,,,,,,,0.488739948818801,97,85
2026-27,mlax,North Coast Athletic Conference (NCAC),ncac,Wittenberg,Ethan Pac,Ethan,Pac,,806,Ethan Pac,"PAC,ETHAN",PACETHANWITTENBE,5,4,,,Wittenberg,WITTENBE,0,0,0,0,0,0,0,3,0,0,0,0,0,0,0,0,0,0,0,0,0,0,0,0,8,0,10,0,245:00,20,0,1.000,,14,29,0,10,6,4,.483,2.00,,,,,,,,,,,,,,,,,,,0.48096332915120776,98,85
2026-27,mlax,North Coast Athletic Conference (NCAC),ncac,Ohio Wesleyan,Luca DiCarlo,Luca,DiCarlo,,520,Luca DiCarlo,"DICARLO,LUCA",DICARLOLUCAOWU,17,6,,,Ohio Wesleyan,OWU,1222-3220,0,0,0,0,0,0,1,0,0,0,0,0,0,0,0,0,0,8,0,0,0,0,0,32,0,6,15,350:00,45,0,1.000,,1,1,0,1,0,1,1.000,0.06,,,,,,,,,,,,,,,,,,,0.4726182403521678,99,85
2026-27,mlax,North Coast Athletic Conference (NCAC),ncac,Wabash,"Krekeler, Colin",Colin,Krekeler,,747,"Krekeler, Colin","KREKELER,COLIN",KREKELERCOLINWABM,16,16,,,Wabash,WABM,1224-3608,0,0,0,0,0,0,0,0,0,0,0,0,0,0,0,0,0,0,0,0,0,0,0,52,0,13,1,950:00,55,0,1.000,,0,2,0,0,0,0,.000,0.00,16,950:55,198,214,0,4,11,0,11,2,0,702,12.49,.519,,,,,0.46625318434879603,100,85
2026-27,mlax,North Coast Athletic Conference (NCAC),ncac,Denison,Owen Holder,Owen,Holder,,182,Owen Holder,"HOLDER,OWEN",HOLDEROWENDENISON,17,17,,,Denison,DENISON,1214-3223,0,0,0,0,0,0,1,0,0,0,0,0,0,0,0,0,1,2,0,0,0,0,0,24,0,4,12,1013:00,57,0,1.000,,1,1,0,3,2,1,1.000,0.18,,,,,,,,,,,,,,,,,,,0.44965137517753623,101,85
2026-27,mlax,North Coast Athletic Conference (NCAC),ncac,Wittenberg,Quentin Rudolph,Quentin,Rudolph,,806,Quentin Rudolph,"RUDOLPH,QUENTIN",RUDOLPHQUENTINWITTENBE,16,8,,,Wittenberg,WITTENBE,0,0,0,0,0,0,1,4,0,0,0,0,0,0,0,0,0,0,2,2,0,0,0,0,37,0,20,6,480:00,0,0,1.000,,14,23,0,4,0,4,.609,0.25,,,,,,,,,,,,,,,,,,,0.4351333758932313,102,85
2026-27,mlax,North Coast Athletic Conference (NCAC),ncac,Wittenberg,Clay Habben,Clay,Habben,,806,Clay Habben,"HABBEN,CLAY",HABBENCLAYWITTENBE,12,4,,,Wittenberg,WITTENBE,0,0,0,0,0,0,0,2,0,0,0,0,0,0,0,0,0,0,0,0,0,0,0,0,15,0,17,7,245:00,20,0,1.000,,12,26,0,6,4,2,.462,0.50,,,,,,,,,,,,,,,,,,,0.4190346301762272,103,85
2026-27,mlax,North Coast Athletic Conference (NCAC),ncac,Kenyon,Ben Devitis,Ben,Devitis,,335,Ben Devitis,"DEVITIS,BEN",DEVITISBENKENYON,16,0,,,Kenyon,KENYON,1219-2761,0,0,0,0,0,0,0,0,0,0,0,0,0,0,0,0,0,0,1,0,0,0,0,21,0,4,15,00:00,0,0,1.000,,0,0,0,2,2,0,.000,0.13,,,,,,,,,,,,,,,,,,,0.4176150749736407,104,85
2026-27,mlax,North Coast Athletic Conference (NCAC),ncac,Ohio Wesleyan,Henry Pinamonti,Henry,Pinamonti,,520,Henry Pinamonti,"PINAMONTI,HENRY",PINAMONTIHENRYOWU,17,0,,,Ohio Wesleyan,OWU,1222-3043,0,0,0,0,0,0,0,0,0,0,0,0,0,0,0,0,0,1,2,0,0,0,0,31,0,6,9,00:00,0,0,1.000,,5,7,0,3,2,1,.714,0.18,,,,,,,,,,,,,,,,,,,0.401717708930977,105,84
2026-27,mlax,North Coast Athletic Conference (NCAC),ncac,Wittenberg,Colten Simkins,Colten,Simkins,,806,Colten Simkins,"SIMKINS,COLTEN",SIMKINSCOLTENWITTENBE,16,1,,,Wittenberg,WITTENBE,0,0,0,0,0,0,0,1,0,0,0,0,0,0,0,0,0,0,1,3,0,0,101,92,64,0,11,0,60:00,0,193,1.000,,7,12,0,2,1,1,.583,0.13,,,,,,,,,,,,,,,,,,,0.39572629535978654,106,84
2026-27,mlax,North Coast Athletic Conference (NCAC),ncac,DePauw,Jack Brand,Jack,Brand,,177,Jack Brand,"BRAND,JACK",BRANDJACKDEPAUW,15,0,,,DePauw,DEPAUW,1274-6415,0,0,0,0,0,0,0,0,0,0,0,0,0,0,0,0,0,0,0,0,0,0,0,34,0,8,10,00:00,0,0,1.000,,1,1,0,2,2,0,1.000,0.13,,,,,,,,,,,,,,,,,,,0.38225688625291643,107,84
2026-27,mlax,North Coast Athletic Conference (NCAC),ncac,Wabash,"Atkins, Monty",Monty,Atkins,,747,"Atkins, Monty","ATKINS,MONTY",ATKINSMONTYWABM,15,6,,,Wabash,WABM,1224-3911,0,0,0,0,0,0,0,0,0,0,0,0,0,0,0,0,1,6,4,0,0,0,0,35,0,6,15,360:00,0,0,1.000,,1,1,0,0,0,0,1.000,0.00,,,,,,,,,,,,,,,,,,,0.3592498326340573,108,84
2026-27,mlax,North Coast Athletic Conference (NCAC),ncac,John Carroll,Tyler Pirain,Tyler,Pirain,,320,Tyler Pirain,"PIRAIN,TYLER",PIRAINTYLERJOHN CAR,11,0,,,John Carroll,JOHN CAR,0,0,0,0,0,0,0,0,0,0,0,0,0,0,0,0,0,0,1,3,0,0,1,2,15,0,4,17,00:00,0,3,1.000,,2,3,0,2,1,1,.667,0.18,,,,,,,,,,,,,,,,,,,0.35563161892550166,109,84
2026-27,mlax,North Coast Athletic Conference (NCAC),ncac,Denison,Luke Marascio,Luke,Marascio,,182,Luke Marascio,"MARASCIO,LUKE",MARASCIOLUKEDENISON,17,0,,,Denison,DENISON,1214-3646,0,0,0,0,0,0,0,0,0,0,0,0,0,0,0,0,0,1,0,0,0,86,66,59,0,5,1,00:00,0,152,1.000,,2,2,0,2,1,1,1.000,0.12,,,,,,,,,,,,,,,,,,,0.32264167406155786,110,84
2026-27,mlax,North Coast Athletic Conference (NCAC),ncac,John Carroll,Camden Uchic,Camden,Uchic,,320,Camden Uchic,"UCHIC,CAMDEN",UCHICCAMDENJOHN CAR,11,11,,,John Carroll,JOHN CAR,0,0,0,0,0,0,0,1,0,0,0,0,0,0,0,0,0,0,1,1,0,0,0,1,29,0,6,11,640:00,103,1,1.000,,2,2,0,2,1,1,1.000,0.18,,,,,,,,,,,,,,,,,,,0.25976428643238325,111,84
2026-27,mlax,North Coast Athletic Conference (NCAC),ncac,Oberlin,Joe Chai,Joe,Chai,,515,Joe Chai,"CHAI,JOE",CHAIJOEOBERLIN,15,1,,,Oberlin,OBERLIN,1221-4035,0,0,0,0,0,0,0,0,0,0,0,0,0,0,0,0,0,0,8,0,0,0,0,20,0,9,16,60:00,0,0,1.000,,3,4,0,1,1,0,.750,0.07,,,,,,,,,,,,,,,,,,,0.2151525087026528,112,84
2026-27,mlax,North Coast Athletic Conference (NCAC),ncac,Oberlin,Nolan Grieshaber,Nolan,Grieshaber,,515,Nolan Grieshaber,"GRIESHABER,NOLAN",GRIESHABERNOLANOBERLIN,17,17,,,Oberlin,OBERLIN,1221-4283,0,0,0,0,0,0,0,0,0,0,0,0,0,0,0,0,0,1,0,0,0,0,0,43,0,9,3,995:00,164,0,1.000,,0,0,0,0,0,0,.000,0.00,17,965:35,144,144,0,9,6,0,0,0,0,523,8.95,.500,,,,,0.2138206273028893,113,83
2026-27,mlax,North Coast Athletic Conference (NCAC),ncac,Wooster,Case Lowery,Case,Lowery,,807,Case Lowery,"LOWERY,CASE",LOWERYCASEWOOSTER,18,18,,,Wooster,WOOSTER,1226-3082,0,0,0,0,0,0,0,0,0,0,0,0,0,0,0,0,0,0,0,0,0,0,0,32,0,17,3,1081:00,38,0,1.000,,0,0,0,0,0,0,.000,0.00,18,962:00,156,184,0,13,6,0,1,0,0,610,9.73,.541,,,,,0.20582661810460245,114,83
2026-27,mlax,North Coast Athletic Conference (NCAC),ncac,Wittenberg,Mikey Clark,Mikey,Clark,,806,Mikey Clark,"CLARK,MIKEY",CLARKMIKEYWITTENBE,16,7,,,Wittenberg,WITTENBE,0,0,0,0,0,0,0,2,0,0,0,0,0,0,0,0,0,0,0,0,0,0,0,0,17,0,18,5,420:00,0,0,1.000,,13,38,0,6,2,4,.342,0.38,,,,,,,,,,,,,,,,,,,0.1992003855868305,115,83
2026-27,mlax,North Coast Athletic Conference (NCAC),ncac,Ohio Wesleyan,Cole Tulgestke,Cole,Tulgestke,,520,Cole Tulgestke,"TULGESTKE,COLE",TULGESTKECOLEOWU,17,1,,,Ohio Wesleyan,OWU,1222-3050,0,0,0,0,0,0,2,0,1,0,0,0,0,0,0,0,0,0,0,0,0,0,0,12,0,6,2,60:00,0,0,1.000,,14,35,0,8,2,6,.400,0.47,,,,,,,,,,,,,,,,,,,0.17761288717055776,116,83
2026-27,mlax,North Coast Athletic Conference (NCAC),ncac,Wooster,Jack Nolan,Jack,Nolan,,807,Jack Nolan,"NOLAN,JACK",NOLANJACKWOOSTER,18,0,,,Wooster,WOOSTER,1226-3331,0,0,0,0,0,0,1,0,0,0,0,0,0,0,0,0,0,2,0,0,0,2,10,32,0,8,9,00:00,0,12,1.000,,1,1,0,2,1,1,1.000,0.11,,,,,,,,,,,,,,,,,,,0.17214444015525088,117,83
2026-27,mlax,North Coast Athletic Conference (NCAC),ncac,Denison,Andrew Albert,Andrew,Albert,,182,Andrew Albert,"ALBERT,ANDREW",ALBERTANDREWDENISON,17,17,,,Denison,DENISON,1214-3216,0,0,0,0,0,0,0,0,0,0,0,0,0,0,0,0,0,1,0,0,0,0,0,31,0,10,2,981:00,104,0,1.000,,1,1,0,0,0,0,1.000,0.00,17,922:53,139,173,0,8,9,0,1,0,0,530,9.04,.554,,,,,0.14717208558685058,118,83
2026-27,mlax,North Coast Athletic Conference (NCAC),ncac,Ohio Wesleyan,Matt Keeler,Matt,Keeler,,520,Matt Keeler,"KEELER,MATT",KEELERMATTOWU,18,0,,,Ohio Wesleyan,OWU,1222-3224,0,0,0,0,0,0,0,0,0,0,0,0,0,0,0,0,0,0,1,0,0,0,0,18,0,5,5,00:00,0,0,1.000,,1,4,0,5,4,1,.250,0.28,,,,,,,,,,,,,,,,,,,0.11785105237801718,119,83
2026-27,mlax,North Coast Athletic Conference (NCAC),ncac,John Carroll,Richard Moran,Richard,Moran,,320,Richard Moran,"MORAN,RICHARD",MORANRICHARDJOHN CAR,10,5,,,John Carroll,JOHN CAR,0,0,0,0,0,0,0,3,0,2,0,0,0,0,0,0,0,0,0,0,0,0,0,0,5,0,13,0,280:00,64,0,1.000,,11,21,0,9,4,5,.524,0.90,,,,,,,,,,,,,,,,,,,0.0683883167825543,120,83
2026-27,mlax,North Coast Athletic Conference (NCAC),ncac,Wittenberg,Tommy Kipfer,Tommy,Kipfer,,806,Tommy Kipfer,"KIPFER,TOMMY",KIPFERTOMMYWITTENBE,16,16,,,Wittenberg,WITTENBE,0,0,0,0,0,0,0,0,0,0,0,0,0,0,0,0,0,0,2,1,0,0,0,0,31,0,21,13,965:00,20,0,1.000,,3,11,0,0,0,0,.273,0.00,,,,,,,,,,,,,,,,,,,0.037840897483334746,121,83
2026-27,mlax,North Coast Athletic Conference (NCAC),ncac,Oberlin,Chris Totonis,Chris,Totonis,,515,Chris Totonis,"TOTONIS,CHRIS",TOTONISCHRISOBERLIN,18,18,,,Oberlin,OBERLIN,1221-4064,0,0,0,0,0,0,0,0,0,0,0,0,0,0,0,0,0,3,3,0,0,0,0,16,0,3,13,1055:00,164,0,1.000,,1,1,0,2,1,1,1.000,0.11,,,,,,,,,,,,,,,,,,,0.013399720032958196,122,82
2026-27,mlax,North Coast Athletic Conference (NCAC),ncac,John Carroll,Brody Biggs,Brody,Biggs,,320,Brody Biggs,"BIGGS,BRODY",BIGGSBRODYJOHN CAR,0,0,,,John Carroll,JOHN CAR,0,,,,,,,,,,,,,,,,,,,,,,,,,,,,,,,,,,,,,,,,0,,,,,,,,,,,,,,,,,,,0.0,123,82
2026-27,mlax,North Coast Athletic Conference (NCAC),ncac,Oberlin,Devon Debes,Devon,Debes,,515,Devon Debes,"DEBES,DEVON",DEBESDEVONOBERLIN,0,0,,,Oberlin,OBERLIN,1221-4275,,,,,,,,,,,,,,,,,,,,,,,,,,,,,,,,,,,,,,,,0,,,,,,,,,,,,,,,,,,,0.0,124,82
2026-27,mlax,North Coast Athletic Conference (NCAC),ncac,Oberlin,Dylan Hendrick,Dylan,Hendrick,,515,Dylan Hendrick,"HENDRICK,DYLAN",HENDRICKDYLANOBERLIN,0,0,,,Oberlin,OBERLIN,1221-3823,,,,,,,,,,,,,,,,,,,,,,,,,,,,,,,,,,,,,,,,0,,,,,,,,,,,,,,,,,,,0.0,125,82
2026-27,mlax,North Coast Athletic Conference (NCAC),ncac,John Carroll,Isaac Jacobs,Isaac,Jacobs,,320,Isaac Jacobs,"JACOBS,ISAAC",JACOBSISAACJOHN CAR,0,0,,,John Carroll,JOHN CAR,0,,,,,,,,,,,,,,,,,,,,,,,,,,,,,,,,,,,,,,,,0,,,,,,,,,,,,,,,,,,,0.0,126,82
2026-27,mlax,North Coast Athletic Conference (NCAC),ncac,John Carroll,Jack Mueller,Jack,Mueller,,320,Jack Mueller,"MUELLER,JACK",MUELLERJACKJOHN CAR,0,0,,,John Carroll,JOHN CAR,0,,,,,,,,,,,,,,,,,,,,,,,,,,,,,,,,,,,,,,,,0,,,,,,,,,,,,,,,,,,,0.0,127,82
2026-27,mlax,North Coast Athletic Conference (NCAC),ncac,Wabash,"Jones, Nate",Nate,Jones,,747,"Jones, Nate","JONES,NATE",JONESNATEWABM,0,0,,,Wabash,WABM,1224-3601,,,,,,,,,,,,,,,,,,,,,,,,,,,,,,,,,,,,,,,,0,,,,,,,,,,,,,,,,,,,0.0,128,82
2026-27,mlax,North Coast Athletic Conference (NCAC),ncac,Oberlin,Noah Moylan,Noah,Moylan,,515,Noah Moylan,"MOYLAN,NOAH",MOYLANNOAHOBERLIN,0,0,,,Oberlin,OBERLIN,1221-3825,,,,,,,,,,,,,,,,,,,,,,,,,,,,,,,,,,,,,,,,0,,,,,,,,,,,,,,,,,,,0.0,129,82
2026-27,mlax,North Coast Athletic Conference (NCAC),ncac,Wabash,"Rafalko, Charlie",Charlie,Rafalko,,747,"Rafalko, Charlie","RAFALKO,CHARLIE",RAFALKOCHARLIEWABM,0,0,,,Wabash,WABM,1224-3792,,,,,,,,,,,,,,,,,,,,,,,,,,,,,,,,,,,,,,,,0,,,,,,,,,,,,,,,,,,,0.0,130,82
2026-27,mlax,North Coast Athletic Conference (NCAC),ncac,Oberlin,Ryan Barrett,Ryan,Barrett,,515,Ryan Barrett,"BARRETT,RYAN",BARRETTRYANOBERLIN,0,0,,,Oberlin,OBERLIN,1221-3917,,,,,,,,,,,,,,,,,,,,,,,,,,,,,,,,,,,,,,,,0,,,,,,,,,,,,,,,,,,,0.0,131,81
2026-27,mlax,North Coast Athletic Conference (NCAC),ncac,John Carroll,Tucker Jobe,Tucker,Jobe,,320,Tucker Jobe,"JOBE,TUCKER",JOBETUCKERJOHN CAR,0,0,,,John Carroll,JOHN CAR,0,,,,,,,,,,,,,,,,,,,,,,,,,,,,,,,,,,,,,,,,0,,,,,,,,,,,,,,,,,,,0.0,132,81
2026-27,mlax,North Coast Athletic Conference (NCAC),ncac,Wabash,"Willis, Eddy",Eddy,Willis,,747,"Willis, Eddy","WILLIS,EDDY",WILLISEDDYWABM,0,0,,,Wabash,WABM,1224-3910,,,,,,,,,,,,,,,,,,,,,,,,,,,,,,,,,,,,,,,,0,,,,,,,,,,,,,,,,,,,0.0,133,81
2026-27,mlax,North Coast Athletic Conference (NCAC),ncac,Ohio Wesleyan,Xander Craven,Xander,Craven,,520,Xander Craven,"CRAVEN,XANDER",CRAVENXANDEROWU,0,0,,,Ohio Wesleyan,OWU,1222-2844,,,,,,,,,,,,,,,,,,,,,,,,,,,,,,,,,,,,,,,,0,,,,,,,,,,,,,,,,,,,0.0,134,81
2026-27,mlax,North Coast Athletic Conference (NCAC),ncac,Oberlin,Max Revis,Max,Revis,,515,Max Revis,"REVIS,MAX",REVISMAXOBERLIN,18,14,,,Oberlin,OBERLIN,1221-3930,0,0,0,0,0,0,0,0,0,0,0,0,0,0,0,0,0,1,0,0,0,0,0,24,0,13,15,815:00,164,0,1.000,,0,1,0,0,0,0,.000,0.00,,,,,,,,,,,,,,,,,,,-0.008133021310155808,135,81
2026-27,mlax,North Coast Athletic Conference (NCAC),ncac,Kenyon,Henry Moderelli,Henry,Moderelli,,335,Henry Moderelli,"MODERELLI,HENRY",MODERELLIHENRYKENYON,14,0,,,Kenyon,KENYON,1219-2771,0,0,0,0,0,0,0,0,0,0,0,0,0,0,0,0,0,3,0,0,0,0,0,29,0,1,13,00:00,0,0,1.000,,1,3,0,0,0,0,.333,0.00,,,,,,,,,,,,,,,,,,,-0.028955985051976718,136,81
2026-27,mlax,North Coast Athletic Conference (NCAC),ncac,Wabash,"Kerker, Will",Will,Kerker,,747,"Kerker, Will","KERKER,WILL",KERKERWILLWABM,15,7,,,Wabash,WABM,1224-3790,0,0,0,0,0,0,3,0,0,0,0,0,0,0,0,0,0,2,0,0,0,0,0,15,0,13,1,425:00,55,0,1.000,,21,35,0,7,2,5,.600,0.47,,,,,,,,,,,,,,,,,,,-0.029663105587602462,137,81
2026-27,mlax,North Coast Athletic Conference (NCAC),ncac,Wooster,Luke Peter,Luke,Peter,,807,Luke Peter,"PETER,LUKE",PETERLUKEWOOSTER,17,0,,,Wooster,WOOSTER,1226-1349,0,0,0,0,0,0,0,0,0,0,0,0,0,0,0,0,0,2,3,0,0,0,0,17,0,7,7,00:00,0,0,1.000,,4,10,0,4,2,2,.400,0.24,,,,,,,,,,,,,,,,,,,-0.04011190737522535,138,81
2026-27,mlax,North Coast Athletic Conference (NCAC),ncac,Denison,Aj Boxler,Aj,Boxler,,182,Aj Boxler,"BOXLER,AJ",BOXLERAJDENISON,16,0,,,Denison,DENISON,1214-3225,0,0,0,0,0,0,1,0,0,0,0,0,0,0,0,0,0,1,2,0,0,0,0,24,0,5,2,00:00,0,0,1.000,,3,4,0,5,2,3,.750,0.31,,,,,,,,,,,,,,,,,,,-0.06229701218080633,139,80
2026-27,mlax,North Coast Athletic Conference (NCAC),ncac,Wooster,Baird Hruska,Baird,Hruska,,807,Baird Hruska,"HRUSKA,BAIRD",HRUSKABAIRDWOOSTER,15,0,,,Wooster,WOOSTER,1226-1356,0,0,0,0,0,0,4,0,0,1,0,0,0,0,0,0,1,0,0,0,0,0,0,4,0,7,0,31:00,39,0,1.000,,13,21,0,9,2,7,.619,0.60,,,,,,,,,,,,,,,,,,,-0.06382608152971009,140,80
2026-27,mlax,North Coast Athletic Conference (NCAC),ncac,John Carroll,Ivan Roeder,Ivan,Roeder,,320,Ivan Roeder,"ROEDER,IVAN",ROEDERIVANJOHN CAR,11,10,,,John Carroll,JOHN CAR,0,0,0,0,0,0,0,0,0,0,0,0,0,0,0,0,0,0,2,5,0,0,0,0,20,0,3,13,580:00,103,0,1.000,,2,2,0,1,1,0,1.000,0.09,,,,,,,,,,,,,,,,,,,-0.06657024641749654,141,80
2026-27,mlax,North Coast Athletic Conference (NCAC),ncac,Oberlin,Anders Burrows,Anders,Burrows,,515,Anders Burrows,"BURROWS,ANDERS",BURROWSANDERSOBERLIN,16,0,,,Oberlin,OBERLIN,1221-4274,0,0,0,0,0,1,2,0,0,0,0,0,0,0,0,0,0,0,0,0,0,0,0,6,0,6,1,00:00,0,0,1.000,,18,35,0,8,2,6,.514,0.50,,,,,,,,,,,,,,,,,,,-0.1166853454754265,142,80
2026-27,mlax,North Coast Athletic Conference (NCAC),ncac,Denison,Cian Nicholas,Cian,Nicholas,,182,Cian Nicholas,"NICHOLAS,CIAN",NICHOLASCIANDENISON,17,0,,,Denison,DENISON,1214-3217,0,0,0,0,0,1,1,0,0,0,0,0,0,0,0,0,0,0,0,0,0,0,0,13,0,5,8,00:00,0,0,1.000,,5,8,0,4,1,3,.625,0.24,,,,,,,,,,,,,,,,,,,-0.12920606592810274,143,80
2026-27,mlax,North Coast Athletic Conference (NCAC),ncac,Wittenberg,Matthew Patterson,Matthew,Patterson,,806,Matthew Patterson,"PATTERSON,MATTHEW",PATTERSONMATTHEWWITTENBE,15,7,,,Wittenberg,WITTENBE,0,0,0,0,0,0,0,2,0,1,0,0,0,0,0,0,0,0,0,0,0,0,0,0,5,0,20,0,420:00,0,0,1.000,,10,23,0,8,3,5,.435,0.53,,,,,,,,,,,,,,,,,,,-0.1945833932608277,144,80
2026-27,mlax,North Coast Athletic Conference (NCAC),ncac,Ohio Wesleyan,Dean Shacklett,Dean,Shacklett,,520,Dean Shacklett,"SHACKLETT,DEAN",SHACKLETTDEANOWU,17,0,,,Ohio Wesleyan,OWU,1222-3045,0,0,0,0,0,0,1,0,0,0,0,0,0,0,0,0,0,0,1,0,0,1,0,17,0,4,3,00:00,0,1,1.000,,4,5,0,5,2,3,.800,0.29,,,,,,,,,,,,,,,,,,,-0.20217851601434675,145,80
2026-27,mlax,North Coast Athletic Conference (NCAC),ncac,Oberlin,Ryan Loughlin,Ryan,Loughlin,,515,Ryan Loughlin,"LOUGHLIN,RYAN",LOUGHLINRYANOBERLIN,10,0,,,Oberlin,OBERLIN,1221-3927,0,0,0,0,0,0,2,0,0,3,0,0,0,0,0,0,0,0,0,0,0,0,0,1,0,7,1,00:00,0,0,1.000,,10,16,0,8,3,5,.625,0.80,,,,,,,,,,,,,,,,,,,-0.23426957329140083,146,80
2026-27,mlax,North Coast Athletic Conference (NCAC),ncac,Kenyon,Lucas Flynn,Lucas,Flynn,,335,Lucas Flynn,"FLYNN,LUCAS",FLYNNLUCASKENYON,15,3,,,Kenyon,KENYON,1219-2757,0,0,0,0,0,0,2,0,0,0,0,0,0,0,0,0,0,0,0,0,0,0,0,3,0,4,0,182:00,17,0,1.000,,9,21,0,8,3,5,.429,0.53,,,,,,,,,,,,,,,,,,,-0.26138027579613915,147,80
2026-27,mlax,North Coast Athletic Conference (NCAC),ncac,John Carroll,William Dunn,William,Dunn,,320,William Dunn,"DUNN,WILLIAM",DUNNWILLIAMJOHN CAR,9,6,,,John Carroll,JOHN CAR,0,0,0,0,0,0,0,2,0,2,0,0,0,0,0,0,0,0,0,0,0,0,0,0,1,0,4,2,340:00,64,0,1.000,,11,14,0,8,0,8,.786,0.89,,,,,,,,,,,,,,,,,,,-0.28858592381826387,148,79
2026-27,mlax,North Coast Athletic Conference (NCAC),ncac,Wooster,Rowan Piani,Rowan,Piani,,807,Rowan Piani,"PIANI,ROWAN",PIANIROWANWOOSTER,14,1,,,Wooster,WOOSTER,1226-1350,0,0,0,0,0,0,1,0,0,0,0,0,0,0,0,0,0,1,0,0,0,0,0,9,0,4,2,60:00,0,0,1.000,,8,15,0,6,3,3,.533,0.43,,,,,,,,,,,,,,,,,,,-0.30030192115226045,149,79
2026-27,mlax,North Coast Athletic Conference (NCAC),ncac,John Carroll,Nicholas Yemma,Nicholas,Yemma,,320,Nicholas Yemma,"YEMMA,NICHOLAS",YEMMANICHOLASJOHN CAR,11,1,,,John Carroll,JOHN CAR,0,0,0,0,0,0,0,2,0,1,0,0,0,0,0,0,0,0,0,0,0,0,41,73,36,0,7,3,60:00,0,114,1.000,,3,5,0,2,0,2,.600,0.18,,,,,,,,,,,,,,,,,,,-0.3071152835367293,150,79
2026-27,mlax,North Coast Athletic Conference (NCAC),ncac,Wooster,Theo Weidinger,Theo,Weidinger,,807,Theo Weidinger,"WEIDINGER,THEO",WEIDINGERTHEOWOOSTER,5,0,,,Wooster,WOOSTER,1226-1352,0,0,0,0,0,0,0,0,0,0,0,0,0,0,0,0,0,0,0,0,0,0,0,3,0,3,0,00:00,0,0,1.000,,0,0,0,0,0,0,.000,0.00,4,33:54,2,7,0,0,0,0,0,0,0,18,3.54,.778,,,,,-0.34692452208066327,151,79
2026-27,mlax,North Coast Athletic Conference (NCAC),ncac,Oberlin,Thinley Edwards,Thinley,Edwards,,515,Thinley Edwards,"EDWARDS,THINLEY",EDWARDSTHINLEYOBERLIN,17,0,,,Oberlin,OBERLIN,1221-4054,0,0,0,0,0,0,0,0,0,0,0,0,0,0,0,0,0,0,1,0,0,55,41,39,0,2,0,00:00,0,96,1.000,,0,1,0,2,2,0,.000,0.12,,,,,,,,,,,,,,,,,,,-0.38982675780930276,152,79
2026-27,mlax,North Coast Athletic Conference (NCAC),ncac,Oberlin,Jackson Lu,Jackson,Lu,,515,Jackson Lu,"LU,JACKSON",LUJACKSONOBERLIN,17,0,,,Oberlin,OBERLIN,1221-4041,0,0,0,0,0,0,0,0,0,0,0,0,0,0,0,0,0,1,3,0,0,0,0,20,0,6,10,00:00,0,0,1.000,,1,4,0,1,0,1,.250,0.06,,,,,,,,,,,,,,,,,,,-0.39770098005995025,153,79
2026-27,mlax,North Coast Athletic Conference (NCAC),ncac,Ohio Wesleyan,Simon Hall,Simon,Hall,,520,Simon Hall,"HALL,SIMON",HALLSIMONOWU,16,0,,,Ohio Wesleyan,OWU,1222-3223,0,0,0,0,0,0,0,0,0,0,0,0,0,0,0,0,0,0,0,0,0,58,31,51,0,3,1,00:00,0,89,1.000,,1,1,0,0,0,0,1.000,0.00,,,,,,,,,,,,,,,,,,,-0.4210812976441478,154,79
2026-27,mlax,North Coast Athletic Conference (NCAC),ncac,Wittenberg,Ethan Amidon,Ethan,Amidon,,806,Ethan Amidon,"AMIDON,ETHAN",AMIDONETHANWITTENBE,16,15,,,Wittenberg,WITTENBE,0,0,0,0,0,0,0,1,0,0,0,0,0,0,0,0,0,0,3,1,0,0,0,0,16,0,16,11,905:00,20,0,1.000,,5,9,0,1,0,1,.556,0.06,,,,,,,,,,,,,,,,,,,-0.4373871600905235,155,79
2026-27,mlax,North Coast Athletic Conference (NCAC),ncac,Ohio Wesleyan,Ryan Zabatta,Ryan,Zabatta,,520,Ryan Zabatta,"ZABATTA,RYAN",ZABATTARYANOWU,5,0,,,Ohio Wesleyan,OWU,1222-3452,0,0,0,0,0,0,3,0,0,0,0,0,0,0,0,0,0,0,0,0,0,0,0,7,0,1,1,00:00,0,0,1.000,,3,6,0,6,3,3,.500,1.20,,,,,,,,,,,,,,,,,,,-0.4610063887276218,156,79
2026-27,mlax,North Coast Athletic Conference (NCAC),ncac,Wabash,"Flaim, Luca",Luca,Flaim,,747,"Flaim, Luca","FLAIM,LUCA",FLAIMLUCAWABM,15,0,,,Wabash,WABM,1224-3605,0,0,0,0,0,0,1,0,0,0,0,0,0,0,0,0,0,0,0,0,0,0,3,13,0,2,7,00:00,0,3,1.000,,3,3,0,3,0,3,1.000,0.20,,,,,,,,,,,,,,,,,,,-0.4860853610115345,157,78
2026-27,mlax,North Coast Athletic Conference (NCAC),ncac,Wittenberg,Tyler Bast,Tyler,Bast,,806,Tyler Bast,"BAST,TYLER",BASTTYLERWITTENBE,16,5,,,Wittenberg,WITTENBE,0,0,0,0,0,0,0,0,0,0,0,0,0,0,0,0,0,0,0,0,0,0,0,0,13,0,19,3,305:00,20,0,1.000,,7,14,0,4,3,1,.500,0.25,,,,,,,,,,,,,,,,,,,-0.49992803408374303,158,78
2026-27,mlax,North Coast Athletic Conference (NCAC),ncac,Ohio Wesleyan,Luke Miller,Luke,Miller,,520,Luke Miller,"MILLER,LUKE",MILLERLUKEOWU,18,18,,,Ohio Wesleyan,OWU,1222-3039,0,0,0,0,0,0,0,0,0,0,0,0,0,0,0,0,0,0,1,0,0,0,0,22,0,6,10,1070:00,87,0,1.000,,0,0,0,0,0,0,.000,0.00,,,,,,,,,,,,,,,,,,,-0.5444678290457164,159,78
2026-27,mlax,North Coast Athletic Conference (NCAC),ncac,Wabash,"Fecht, Cam",Cam,Fecht,,747,"Fecht, Cam","FECHT,CAM",FECHTCAMWABM,15,1,,,Wabash,WABM,1224-3802,0,0,0,0,0,0,2,0,0,0,0,0,0,0,0,0,0,1,1,0,0,0,0,15,0,10,5,60:00,0,0,1.000,,3,5,0,3,1,2,.600,0.20,,,,,,,,,,,,,,,,,,,-0.5576956700340183,160,78
2026-27,mlax,North Coast Athletic Conference (NCAC),ncac,Wooster,Braden Popper,Braden,Popper,,807,Braden Popper,"POPPER,BRADEN",POPPERBRADENWOOSTER,17,3,,,Wooster,WOOSTER,1226-3337,0,0,0,0,0,0,0,0,0,0,0,0,0,0,0,0,1,1,3,0,0,0,0,26,0,12,8,181:00,38,0,1.000,,1,2,0,0,0,0,.500,0.00,,,,,,,,,,,,,,,,,,,-0.598689234055193,161,78
2026-27,mlax,North Coast Athletic Conference (NCAC),ncac,Wooster,Samuel Briggs,Samuel,Briggs,,807,Samuel Briggs,"BRIGGS,SAMUEL",BRIGGSSAMUELWOOSTER,17,0,,,Wooster,WOOSTER,1226-3334,0,0,0,0,0,0,3,0,1,1,0,0,0,0,0,0,0,0,0,0,0,0,0,3,0,6,2,00:00,0,0,1.000,,8,17,0,6,1,5,.471,0.35,,,,,,,,,,,,,,,,,,,-0.5995085258028036,162,78
2026-27,mlax,North Coast Athletic Conference (NCAC),ncac,Ohio Wesleyan,Jason Mosher,Jason,Mosher,,520,Jason Mosher,"MOSHER,JASON",MOSHERJASONOWU,16,14,,,Ohio Wesleyan,OWU,1222-3041,0,0,0,0,0,0,0,0,0,0,0,0,0,0,0,0,0,0,0,0,0,0,0,26,0,9,3,782:00,76,0,1.000,,0,0,0,0,0,0,.000,0.00,16,743:27,138,138,0,9,6,0,0,0,0,459,11.14,.500,,,,,-0.6318855048469434,163,78
2026-27,mlax,North Coast Athletic Conference (NCAC),ncac,Wittenberg,Charlie Boucuvalas,Charlie,Boucuvalas,,806,Charlie Boucuvalas,"BOUCUVALAS,CHARLIE",BOUCUVALASCHARLIEWITTENBE,16,7,,,Wittenberg,WITTENBE,0,0,0,0,0,0,0,0,0,0,0,0,0,0,0,0,0,0,1,1,0,0,0,0,8,0,25,1,420:00,0,0,1.000,,7,13,0,5,3,2,.538,0.31,,,,,,,,,,,,,,,,,,,-0.6411716789810437,164,78
2026-27,mlax,North Coast Athletic Conference (NCAC),ncac,Denison,Charlie Pellegrino,Charlie,Pellegrino,,182,Charlie Pellegrino,"PELLEGRINO,CHARLIE",PELLEGRINOCHARLIEDENISON,17,10,,,Denison,DENISON,1214-3023,0,0,0,0,0,0,0,0,0,0,0,0,0,0,0,0,0,0,1,0,0,0,0,15,0,2,9,593:00,57,0,1.000,,2,2,0,1,0,1,1.000,0.06,,,,,,,,,,,,,,,,,,,-0.6586007714382787,165,78
2026-27,mlax,North Coast Athletic Conference (NCAC),ncac,Ohio Wesleyan,Nick Sauline,Nick,Sauline,,520,Nick Sauline,"SAULINE,NICK",SAULINENICKOWU,15,0,,,Ohio Wesleyan,OWU,1222-3229,0,0,0,0,0,1,1,0,0,0,0,0,0,0,0,0,0,0,1,0,0,0,0,6,0,4,0,00:00,0,0,1.000,,7,14,0,6,1,5,.500,0.40,,,,,,,,,,,,,,,,,,,-0.6871283720799359,166,77
2026-27,mlax,North Coast Athletic Conference (NCAC),ncac,John Carroll,Cameron Miller,Cameron,Miller,,320,Cameron Miller,"MILLER,CAMERON",MILLERCAMERONJOHN CAR,9,1,,,John Carroll,JOHN CAR,0,0,0,0,0,0,1,1,0,2,0,0,0,0,0,0,0,0,0,1,0,0,0,0,4,0,5,0,60:00,0,0,1.000,,11,15,0,6,2,4,.733,0.67,,,,,,,,,,,,,,,,,,,-0.7045172760929431,167,77
2026-27,mlax,North Coast Athletic Conference (NCAC),ncac,Wabash,"Hatchell, Keegan",Keegan,Hatchell,,747,"Hatchell, Keegan","HATCHELL,KEEGAN",HATCHELLKEEGANWABM,15,0,,,Wabash,WABM,1224-3918,0,0,0,0,0,0,1,0,0,1,0,0,0,0,0,0,0,0,0,0,0,0,1,4,0,6,0,00:00,0,1,1.000,,6,12,0,6,2,4,.500,0.40,,,,,,,,,,,,,,,,,,,-0.7045172760929431,168,77
2026-27,mlax,North Coast Athletic Conference (NCAC),ncac,Wabash,"Miltner, Logan",Logan,Miltner,,747,"Miltner, Logan","MILTNER,LOGAN",MILTNERLOGANWABM,16,1,,,Wabash,WABM,1224-3917,0,0,0,0,0,0,0,0,0,0,0,0,0,0,0,0,0,1,0,0,0,113,126,43,0,11,0,60:00,0,239,1.000,,2,2,0,0,0,0,1.000,0.00,,,,,,,,,,,,,,,,,,,-0.7821764128254437,169,77
2026-27,mlax,North Coast Athletic Conference (NCAC),ncac,Oberlin,Jake Fields,Jake,Fields,,515,Jake Fields,"FIELDS,JAKE",FIELDSJAKEOBERLIN,17,0,,,Oberlin,OBERLIN,1221-3821,0,0,0,0,0,0,0,0,0,0,0,0,0,0,0,0,0,0,1,0,0,0,0,17,0,4,9,00:00,0,0,1.000,,1,2,0,0,0,0,.500,0.00,,,,,,,,,,,,,,,,,,,-0.805367620424045,170,77
2026-27,mlax,North Coast Athletic Conference (NCAC),ncac,Denison,Jacob Campen,Jacob,Campen,,182,Jacob Campen,"CAMPEN,JACOB",CAMPENJACOBDENISON,17,0,,,Denison,DENISON,1214-3668,0,0,0,0,0,0,0,0,0,0,0,0,0,0,0,0,0,1,1,0,0,0,0,11,0,2,11,00:00,0,0,1.000,,0,0,0,0,0,0,.000,0.00,,,,,,,,,,,,,,,,,,,-0.8179430979498798,171,77
2026-27,mlax,North Coast Athletic Conference (NCAC),ncac,Oberlin,David Belisle,David,Belisle,,515,David Belisle,"BELISLE,DAVID",BELISLEDAVIDOBERLIN,11,11,,,Oberlin,OBERLIN,1221-3816,0,0,0,0,0,0,1,0,0,0,0,0,0,0,0,0,0,1,1,0,0,0,0,13,0,2,8,638:00,89,0,1.000,,2,2,0,1,0,1,1.000,0.09,,,,,,,,,,,,,,,,,,,-0.8193052390136399,172,77
2026-27,mlax,North Coast Athletic Conference (NCAC),ncac,John Carroll,Billy Paladino,Billy,Paladino,,320,Billy Paladino,"PALADINO,BILLY",PALADINOBILLYJOHN CAR,11,6,,,John Carroll,JOHN CAR,0,0,0,0,0,0,0,2,0,0,1,0,0,0,0,0,0,0,0,1,0,0,0,0,6,0,6,3,351:00,14,0,1.000,,7,15,0,4,1,3,.467,0.36,,,,,,,,,,,,,,,,,,,-0.832533080001942,173,77
2026-27,mlax,North Coast Athletic Conference (NCAC),ncac,John Carroll,Brandon Trottier,Brandon,Trottier,,320,Brandon Trottier,"TROTTIER,BRANDON",TROTTIERBRANDONJOHN CAR,8,1,,,John Carroll,JOHN CAR,0,0,0,0,0,0,0,2,0,0,0,0,0,0,0,0,0,0,0,0,0,0,0,0,3,0,9,1,60:00,39,0,1.000,,5,10,0,5,2,3,.500,0.63,,,,,,,,,,,,,,,,,,,-0.8575718638416268,174,76
2026-27,mlax,North Coast Athletic Conference (NCAC),ncac,Oberlin,Manolis Paragioudakis,Manolis,Paragioudakis,,515,Manolis Paragioudakis,"PARAGIOUDAKIS,MANOLIS",PARAGIOUDAKISMANOLISOBERLIN,16,0,,,Oberlin,OBERLIN,1221-4280,0,0,0,0,0,0,0,0,0,0,0,0,0,0,0,0,0,2,0,0,0,0,0,13,0,3,7,00:00,0,0,1.000,,0,1,0,1,1,0,.000,0.06,,,,,,,,,,,,,,,,,,,-0.8638048455313856,175,76
2026-27,mlax,North Coast Athletic Conference (NCAC),ncac,DePauw,Kaleb Harris,Kaleb,Harris,,177,Kaleb Harris,"HARRIS,KALEB",HARRISKALEBDEPAUW,15,0,,,DePauw,DEPAUW,1274-6145,0,0,0,0,0,0,0,0,0,0,0,0,0,0,0,0,0,2,2,0,0,1,5,18,0,9,8,00:00,0,6,1.000,,0,1,0,0,0,0,.000,0.00,,,,,,,,,,,,,,,,,,,-0.8658767641964389,176,76
2026-27,mlax,North Coast Athletic Conference (NCAC),ncac,Kenyon,Jac Dimaculangan,Jac,Dimaculangan,,335,Jac Dimaculangan,"DIMACULANGAN,JAC",DIMACULANGANJACKENYON,7,0,,,Kenyon,KENYON,1219-2758,0,0,0,0,0,0,0,0,0,0,0,0,0,0,0,0,0,0,0,0,0,0,0,2,0,0,0,00:00,0,0,1.000,,0,0,0,0,0,0,.000,0.00,4,19:22,1,2,0,0,0,0,0,0,0,4,3.10,.667,,,,,-0.890483315209227,177,76
2026-27,mlax,North Coast Athletic Conference (NCAC),ncac,Wittenberg,Noah Baker,Noah,Baker,,806,Noah Baker,"BAKER,NOAH",BAKERNOAHWITTENBE,11,4,,,Wittenberg,WITTENBE,0,0,0,0,0,0,0,2,0,0,0,0,0,0,0,0,0,0,0,1,0,0,0,0,7,0,12,2,240:00,0,0,1.000,,7,11,0,4,1,3,.636,0.36,,,,,,,,,,,,,,,,,,,-0.893042223774336,178,76
2026-27,mlax,North Coast Athletic Conference (NCAC),ncac,Wooster,Owen Bosland,Owen,Bosland,,807,Owen Bosland,"BOSLAND,OWEN",BOSLANDOWENWOOSTER,8,0,,,Wooster,WOOSTER,1226-1339,0,0,0,0,0,0,0,0,0,0,0,0,0,0,0,0,0,0,0,0,0,90,99,34,0,2,2,00:00,0,189,1.000,,0,0,0,0,0,0,.000,0.00,,,,,,,,,,,,,,,,,,,-0.8949472141542457,179,76
2026-27,mlax,North Coast Athletic Conference (NCAC),ncac,Wabash,"Henry, Hank",Hank,Henry,,747,"Henry, Hank","HENRY,HANK",HENRYHANKWABM,15,12,,,Wabash,WABM,1224-3791,0,0,0,0,0,0,0,0,0,0,0,0,0,0,0,0,1,10,5,0,0,0,0,14,0,10,9,725:00,55,0,1.000,,0,2,0,0,0,0,.000,0.00,,,,,,,,,,,,,,,,,,,-0.9055629442270121,180,76
2026-27,mlax,North Coast Athletic Conference (NCAC),ncac,Wittenberg,Griffin Howell,Griffin,Howell,,806,Griffin Howell,"HOWELL,GRIFFIN",HOWELLGRIFFINWITTENBE,13,13,,,Wittenberg,WITTENBE,0,0,0,0,0,0,0,0,0,0,0,0,0,0,0,0,0,0,0,0,0,0,0,0,23,0,7,1,780:00,0,0,1.000,,0,1,0,0,0,0,.000,0.00,13,748:06,186,195,0,1,12,0,0,0,0,638,14.92,.512,,,,,-0.921166324983079,181,76
2026-27,mlax,North Coast Athletic Conference (NCAC),ncac,Kenyon,Nathan Johnston,Nathan,Johnston,,335,Nathan Johnston,"JOHNSTON,NATHAN",JOHNSTONNATHANKENYON,17,15,,,Kenyon,KENYON,1219-3112,0,0,0,0,0,0,0,0,0,0,0,0,0,0,0,0,0,9,2,0,0,0,0,16,0,5,8,913:00,47,0,1.000,,0,0,0,0,0,0,.000,0.00,,,,,,,,,,,,,,,,,,,-0.9326736467317505,182,76
2026-27,mlax,North Coast Athletic Conference (NCAC),ncac,Oberlin,Levi Shoemaker,Levi,Shoemaker,,515,Levi Shoemaker,"SHOEMAKER,LEVI",SHOEMAKERLEVIOBERLIN,16,6,,,Oberlin,OBERLIN,1221-4282,0,0,0,0,0,0,0,0,0,0,0,0,0,0,0,0,0,0,5,0,0,3,0,18,0,2,5,357:00,75,3,1.000,,3,5,0,1,0,1,.600,0.06,,,,,,,,,,,,,,,,,,,-0.9340357877955107,183,75
2026-27,mlax,North Coast Athletic Conference (NCAC),ncac,DePauw,Cooper Kinney,Cooper,Kinney,,177,Cooper Kinney,"KINNEY,COOPER",KINNEYCOOPERDEPAUW,14,0,,,DePauw,DEPAUW,1274-6871,0,0,0,0,0,0,4,0,0,0,0,0,0,0,0,0,0,1,0,0,0,0,0,3,0,7,3,00:00,0,0,1.000,,10,12,0,4,0,4,.833,0.29,,,,,,,,,,,,,,,,,,,-0.9821363823272135,184,75
2026-27,mlax,North Coast Athletic Conference (NCAC),ncac,John Carroll,Carmine Periandri,Carmine,Periandri,,320,Carmine Periandri,"PERIANDRI,CARMINE",PERIANDRICARMINEJOHN CAR,10,0,,,John Carroll,JOHN CAR,0,0,0,0,0,0,0,1,0,0,0,0,0,0,0,0,0,0,0,1,0,0,49,74,22,0,5,3,00:00,0,123,1.000,,2,2,0,1,0,1,1.000,0.10,,,,,,,,,,,,,,,,,,,-0.9882571928049874,185,75
2026-27,mlax,North Coast Athletic Conference (NCAC),ncac,Kenyon,Charlie Fields,Charlie,Fields,,335,Charlie Fields,"FIELDS,CHARLIE",FIELDSCHARLIEKENYON,11,2,,,Kenyon,KENYON,1219-3109,0,0,0,0,0,0,1,0,0,0,0,0,0,0,0,0,0,0,3,0,0,0,0,13,0,1,6,120:00,0,0,1.000,,1,1,0,1,0,1,1.000,0.09,,,,,,,,,,,,,,,,,,,-1.0071204090937396,186,75
2026-27,mlax,North Coast Athletic Conference (NCAC),ncac,Denison,Connor Lis,Connor,Lis,,182,Connor Lis,"LIS,CONNOR",LISCONNORDENISON,4,0,,,Denison,DENISON,1214-3899,0,0,0,0,0,0,0,0,0,0,0,0,0,0,0,0,0,0,0,0,0,0,0,1,0,0,0,00:00,0,0,1.000,,4,6,0,5,2,3,.667,1.25,,,,,,,,,,,,,,,,,,,-1.0182763314169878,187,75
2026-27,mlax,North Coast Athletic Conference (NCAC),ncac,Kenyon,Will Setteducate,Will,Setteducate,,335,Will Setteducate,"SETTEDUCATE,WILL",SETTEDUCATEWILLKENYON,3,0,,,Kenyon,KENYON,1219-2931,0,0,0,0,0,0,0,0,0,0,0,0,0,0,0,0,0,0,0,0,0,0,0,1,0,0,0,00:00,0,0,1.000,,0,0,0,0,0,0,.000,0.00,3,14:35,1,2,0,0,0,0,0,0,0,8,4.11,.667,,,,,-1.0347464347059483,188,75
2026-27,mlax,North Coast Athletic Conference (NCAC),ncac,Oberlin,Jack Duffy,Jack,Duffy,,515,Jack Duffy,"DUFFY,JACK",DUFFYJACKOBERLIN,13,0,,,Oberlin,OBERLIN,1221-3819,0,0,0,0,0,0,1,0,0,0,0,0,0,0,0,0,0,0,2,0,0,0,0,3,0,1,2,00:00,0,0,1.000,,12,16,0,4,0,4,.750,0.31,,,,,,,,,,,,,,,,,,,-1.0760439673672633,189,75
2026-27,mlax,North Coast Athletic Conference (NCAC),ncac,Ohio Wesleyan,Aidan Flowers,Aidan,Flowers,,520,Aidan Flowers,"FLOWERS,AIDAN",FLOWERSAIDANOWU,11,0,,,Ohio Wesleyan,OWU,1222-3034,0,0,0,0,0,0,1,0,0,0,0,0,0,0,0,0,0,3,0,0,0,0,0,10,0,2,6,00:00,0,0,1.000,,1,2,0,1,0,1,.500,0.09,,,,,,,,,,,,,,,,,,,-1.1073157328967067,190,75
2026-27,mlax,North Coast Athletic Conference (NCAC),ncac,Ohio Wesleyan,Connor Lasch,Connor,Lasch,,520,Connor Lasch,"LASCH,CONNOR",LASCHCONNOROWU,4,0,,,Ohio Wesleyan,OWU,1222-3037,0,0,0,0,0,0,1,0,0,0,0,0,0,0,0,0,0,0,0,0,0,0,0,1,0,1,0,00:00,0,0,1.000,,7,12,0,5,0,5,.583,1.25,,,,,,,,,,,,,,,,,,,-1.1170922884615966,191,75
2026-27,mlax,North Coast Athletic Conference (NCAC),ncac,Wittenberg,Jackson Lane,Jackson,Lane,,806,Jackson Lane,"LANE,JACKSON",LANEJACKSONWITTENBE,12,4,,,Wittenberg,WITTENBE,0,0,0,0,0,0,0,1,0,0,0,0,0,0,0,0,0,0,1,0,0,0,0,0,7,0,12,2,240:00,0,0,1.000,,8,14,0,3,0,3,.571,0.25,,,,,,,,,,,,,,,,,,,-1.156013933817718,192,74
2026-27,mlax,North Coast Athletic Conference (NCAC),ncac,Wittenberg,Brayden Ballinger,Brayden,Ballinger,,806,Brayden Ballinger,"BALLINGER,BRAYDEN",BALLINGERBRAYDENWITTENBE,16,0,,,Wittenberg,WITTENBE,0,0,0,0,0,0,0,0,0,0,0,0,0,0,0,0,0,0,1,1,0,0,0,0,12,0,5,7,00:00,0,0,1.000,,2,3,0,0,0,0,.667,0.00,,,,,,,,,,,,,,,,,,,-1.1601749968424233,193,74
2026-27,mlax,North Coast Athletic Conference (NCAC),ncac,Wooster,Cooper Nichols,Cooper,Nichols,,807,Cooper Nichols,"NICHOLS,COOPER",NICHOLSCOOPERWOOSTER,15,0,,,Wooster,WOOSTER,1226-1348,0,0,0,0,0,0,1,0,0,0,0,0,0,0,0,0,0,1,1,0,0,0,0,14,0,13,4,00:00,0,0,1.000,,1,2,0,1,0,1,.500,0.07,,,,,,,,,,,,,,,,,,,-1.1615371379061834,194,74
2026-27,mlax,North Coast Athletic Conference (NCAC),ncac,Denison,Ryne Whitt,Ryne,Whitt,,182,Ryne Whitt,"WHITT,RYNE",WHITTRYNEDENISON,12,0,,,Denison,DENISON,1214-3651,0,0,0,0,0,0,1,0,0,0,0,0,0,0,0,0,0,0,0,0,0,0,0,3,0,4,0,00:00,0,0,1.000,,6,14,0,4,2,2,.429,0.33,,,,,,,,,,,,,,,,,,,-1.1650431804027543,195,74
2026-27,mlax,North Coast Athletic Conference (NCAC),ncac,Ohio Wesleyan,Cooper Heald,Cooper,Heald,,520,Cooper Heald,"HEALD,COOPER",HEALDCOOPEROWU,7,0,,,Ohio Wesleyan,OWU,1222-3036,0,0,0,0,0,0,2,0,0,0,0,0,0,0,0,0,0,0,0,0,0,0,0,3,0,2,1,00:00,0,0,1.000,,6,9,0,4,0,4,.667,0.57,,,,,,,,,,,,,,,,,,,-1.169951552407313,196,74
2026-27,mlax,North Coast Athletic Conference (NCAC),ncac,DePauw,Will Glimco,Will,Glimco,,177,Will Glimco,"GLIMCO,WILL",GLIMCOWILLDEPAUW,15,0,,,DePauw,DEPAUW,1274-6414,0,0,0,0,0,0,0,0,0,0,0,0,0,0,0,0,0,0,0,0,0,0,0,12,0,4,4,00:00,0,0,1.000,,1,1,0,1,1,0,1.000,0.07,,,,,,,,,,,,,,,,,,,-1.1789260419191907,197,74
2026-27,mlax,North Coast Athletic Conference (NCAC),ncac,John Carroll,Seamus Nicholson,Seamus,Nicholson,,320,Seamus Nicholson,"NICHOLSON,SEAMUS",NICHOLSONSEAMUSJOHN CAR,8,1,,,John Carroll,JOHN CAR,0,0,0,0,0,0,1,2,0,0,0,0,0,0,0,0,0,0,0,0,0,0,0,0,9,0,3,1,60:00,0,0,1.000,,4,6,0,3,0,3,.667,0.38,,,,,,,,,,,,,,,,,,,-1.1831246363224561,198,74
2026-27,mlax,North Coast Athletic Conference (NCAC),ncac,John Carroll,Devin Holder,Devin,Holder,,320,Devin Holder,"HOLDER,DEVIN",HOLDERDEVINJOHN CAR,11,11,,,John Carroll,JOHN CAR,0,0,0,0,0,0,0,0,0,0,0,0,0,0,0,0,0,0,1,0,0,0,0,0,23,0,6,2,640:00,103,0,1.000,,0,0,0,0,0,0,.000,0.00,11,635:52,148,140,0,4,8,0,0,0,0,484,13.97,.486,,,,,-1.190604927246986,199,74
2026-27,mlax,North Coast Athletic Conference (NCAC),ncac,Wooster,Max Phillips,Max,Phillips,,807,Max Phillips,"PHILLIPS,MAX",PHILLIPSMAXWOOSTER,18,0,,,Wooster,WOOSTER,1226-3341,0,0,0,0,0,0,0,0,0,0,0,0,0,0,0,0,0,0,0,0,0,52,115,19,0,0,4,00:00,0,167,1.000,,0,0,0,0,0,0,.000,0.00,,,,,,,,,,,,,,,,,,,-1.2081086630889823,200,73
2026-27,mlax,North Coast Athletic Conference (NCAC),ncac,Wooster,Jesse Fisher,Jesse,Fisher,,807,Jesse Fisher,"FISHER,JESSE",FISHERJESSEWOOSTER,14,0,,,Wooster,WOOSTER,1226-3077,0,0,0,0,0,0,0,0,0,0,0,0,0,0,0,0,0,0,0,0,0,0,0,4,0,4,0,05:00,12,0,1.000,,6,11,0,4,0,4,.545,0.29,,,,,,,,,,,,,,,,,,,-1.230460696179707,201,73
2026-27,mlax,North Coast Athletic Conference (NCAC),ncac,DePauw,Jake Heaton,Jake,Heaton,,177,Jake Heaton,"HEATON,JAKE",HEATONJAKEDEPAUW,11,0,,,DePauw,DEPAUW,1274-6698,0,0,0,0,0,0,0,0,0,0,0,0,0,0,0,0,0,0,0,0,0,0,0,7,0,3,5,00:00,0,0,1.000,,1,1,0,1,1,0,1.000,0.09,,,,,,,,,,,,,,,,,,,-1.2520106632174195,202,73
2026-27,mlax,North Coast Athletic Conference (NCAC),ncac,Wabash,"Shefferly, Quinn",Quinn,Shefferly,,747,"Shefferly, Quinn","SHEFFERLY,QUINN",SHEFFERLYQUINNWABM,16,0,,,Wabash,WABM,1224-3606,0,0,0,0,0,0,0,0,0,0,0,0,0,0,0,0,0,2,1,0,0,0,15,12,0,0,6,00:00,0,15,1.000,,1,1,0,0,0,0,1.000,0.00,,,,,,,,,,,,,,,,,,,-1.254082581882473,203,73
2026-27,mlax,North Coast Athletic Conference (NCAC),ncac,Wittenberg,Devin Wallace,Devin,Wallace,,806,Devin Wallace,"WALLACE,DEVIN",WALLACEDEVINWITTENBE,16,0,,,Wittenberg,WITTENBE,0,0,0,0,0,0,0,1,0,0,0,0,0,0,0,0,0,0,0,0,0,0,0,0,11,0,10,4,00:00,0,0,1.000,,3,3,0,1,0,1,1.000,0.06,,,,,,,,,,,,,,,,,,,-1.2617324617091508,204,73
2026-27,mlax,North Coast Athletic Conference (NCAC),ncac,Denison,Charlie Maloney,Charlie,Maloney,,182,Charlie Maloney,"MALONEY,CHARLIE",MALONEYCHARLIEDENISON,7,0,,,Denison,DENISON,1214-3645,0,0,0,0,0,0,0,0,0,0,0,0,0,0,0,0,0,0,0,0,0,0,0,1,0,0,0,00:00,0,0,1.000,,4,6,0,4,1,3,.667,0.57,,,,,,,,,,,,,,,,,,,-1.28124804146037,205,73
2026-27,mlax,North Coast Athletic Conference (NCAC),ncac,Ohio Wesleyan,Wes Starr,Wes,Starr,,520,Wes Starr,"STARR,WES",STARRWESOWU,5,0,,,Ohio Wesleyan,OWU,1222-3449,0,0,0,0,0,0,1,0,0,0,0,0,0,0,0,0,0,0,0,0,0,0,0,4,0,1,1,00:00,0,0,1.000,,7,12,0,3,1,2,.583,0.60,,,,,,,,,,,,,,,,,,,-1.3007088641384306,206,73
2026-27,mlax,North Coast Athletic Conference (NCAC),ncac,John Carroll,Brody Forrest,Brody,Forrest,,320,Brody Forrest,"FORREST,BRODY",FORRESTBRODYJOHN CAR,10,1,,,John Carroll,JOHN CAR,0,0,0,0,0,0,0,0,0,0,0,0,0,0,0,0,0,0,0,1,0,0,0,0,7,0,4,5,60:00,0,0,1.000,,2,3,0,1,0,1,.667,0.10,,,,,,,,,,,,,,,,,,,-1.301418641739724,207,73
2026-27,mlax,North Coast Athletic Conference (NCAC),ncac,Denison,Augie Oberting,Augie,Oberting,,182,Augie Oberting,"OBERTING,AUGIE",OBERTINGAUGIEDENISON,17,0,,,Denison,DENISON,1214-3420,0,0,0,0,0,0,0,0,0,0,0,0,0,0,0,0,0,0,0,0,0,0,0,11,0,3,3,00:00,0,0,1.000,,0,0,0,1,1,0,.000,0.06,,,,,,,,,,,,,,,,,,,-1.3062320682268962,208,73
2026-27,mlax,North Coast Athletic Conference (NCAC),ncac,Oberlin,Jake Pillsbury,Jake,Pillsbury,,515,Jake Pillsbury,"PILLSBURY,JAKE",PILLSBURYJAKEOBERLIN,3,1,,,Oberlin,OBERLIN,1221-3826,0,0,0,0,0,0,0,0,0,0,0,0,0,0,0,0,0,0,0,0,0,0,0,1,0,2,1,60:00,0,0,1.000,,0,0,0,0,0,0,.000,0.00,3,92:09,9,14,0,2,0,0,0,0,0,43,5.86,.609,,,,,-1.3333046438103275,209,72
2026-27,mlax,North Coast Athletic Conference (NCAC),ncac,Wooster,John Lloyd,John,Lloyd,,807,John Lloyd,"LLOYD,JOHN",LLOYDJOHNWOOSTER,14,0,,,Wooster,WOOSTER,1226-1359,0,0,0,0,0,0,0,0,0,1,0,0,0,0,0,0,0,0,0,0,0,0,0,4,0,3,0,00:00,0,0,1.000,,3,4,0,3,2,1,.750,0.21,,,,,,,,,,,,,,,,,,,-1.3452084706561762,210,72
2026-27,mlax,North Coast Athletic Conference (NCAC),ncac,Wooster,Harry Sorger,Harry,Sorger,,807,Harry Sorger,"SORGER,HARRY",SORGERHARRYWOOSTER,6,0,,,Wooster,WOOSTER,1226-3338,0,0,0,0,0,0,0,0,1,0,0,0,0,0,0,0,0,0,0,0,0,0,0,0,0,2,0,00:00,0,0,1.000,,5,6,0,4,0,4,.833,0.67,,,,,,,,,,,,,,,,,,,-1.3640544612503298,211,72
2026-27,mlax,North Coast Athletic Conference (NCAC),ncac,Oberlin,Alexander L'Hommedieu,Alexander,L'Hommedieu,,515,Alexander L'Hommedieu,"L'HOMMEDIEU,ALEXANDER",L'HOMMEDIEUALEXANDEROBERLIN,12,0,,,Oberlin,OBERLIN,1221-3926,0,0,0,0,0,0,0,0,0,0,0,0,0,0,0,0,0,0,1,0,0,0,0,12,0,5,2,00:00,0,0,1.000,,0,0,0,1,1,0,.000,0.08,,,,,,,,,,,,,,,,,,,-1.3667412119992903,212,72
2026-27,mlax,North Coast Athletic Conference (NCAC),ncac,Denison,Drew Merschel,Drew,Merschel,,182,Drew Merschel,"MERSCHEL,DREW",MERSCHELDREWDENISON,15,0,,,Denison,DENISON,1214-3417,0,0,0,0,0,0,0,0,0,0,0,0,0,0,0,0,0,1,0,0,0,0,0,2,0,2,1,00:00,0,0,1.000,,2,4,0,3,1,2,.500,0.20,,,,,,,,,,,,,,,,,,,-1.3675057466737421,213,72
2026-27,mlax,North Coast Athletic Conference (NCAC),ncac,Ohio Wesleyan,Jayden Franzen,Jayden,Franzen,,520,Jayden Franzen,"FRANZEN,JAYDEN",FRANZENJAYDENOWU,11,10,,,Ohio Wesleyan,OWU,1222-3035,0,0,0,0,0,0,0,0,0,0,0,0,0,0,0,0,0,1,0,0,0,0,0,14,0,4,4,600:00,42,0,1.000,,0,0,0,0,0,0,.000,0.00,,,,,,,,,,,,,,,,,,,-1.375100869427261,214,72
2026-27,mlax,North Coast Athletic Conference (NCAC),ncac,Wooster,Tim Higgin,Tim,Higgin,,807,Tim Higgin,"HIGGIN,TIM",HIGGINTIMWOOSTER,18,0,,,Wooster,WOOSTER,1226-3080,0,0,0,0,0,0,0,0,0,0,0,0,0,0,0,0,0,0,1,0,0,0,0,11,0,4,5,00:00,0,0,1.000,,0,0,0,0,0,0,.000,0.00,,,,,,,,,,,,,,,,,,,-1.3813886081901785,215,72
2026-27,mlax,North Coast Athletic Conference (NCAC),ncac,Wittenberg,Hunter Loucks,Hunter,Loucks,,806,Hunter Loucks,"LOUCKS,HUNTER",LOUCKSHUNTERWITTENBE,13,0,,,Wittenberg,WITTENBE,0,0,0,0,0,0,0,0,0,0,0,0,0,0,0,0,0,0,0,0,0,0,0,0,22,0,6,1,00:00,0,0,1.000,,1,1,0,0,0,0,1.000,0.00,,,,,,,,,,,,,,,,,,,-1.3896360944061645,216,72
2026-27,mlax,North Coast Athletic Conference (NCAC),ncac,Denison,Christian Lee,Christian,Lee,,182,Christian Lee,"LEE,CHRISTIAN",LEECHRISTIANDENISON,9,0,,,Denison,DENISON,1214-3898,0,0,0,0,0,0,0,0,0,0,0,0,0,0,0,0,0,0,1,0,0,0,0,2,0,1,0,00:00,0,0,1.000,,1,8,0,3,2,1,.125,0.33,,,,,,,,,,,,,,,,,,,-1.4120053531914878,217,72
2026-27,mlax,North Coast Athletic Conference (NCAC),ncac,DePauw,Paul Shuff,Paul,Shuff,,177,Paul Shuff,"SHUFF,PAUL",SHUFFPAULDEPAUW,14,0,,,DePauw,DEPAUW,1274-6681,0,0,0,0,0,0,0,0,0,0,0,0,0,0,0,0,0,1,0,0,0,0,0,5,0,3,4,00:00,0,0,1.000,,0,0,0,1,1,0,.000,0.07,,,,,,,,,,,,,,,,,,,-1.4127151307927808,218,71
2026-27,mlax,North Coast Athletic Conference (NCAC),ncac,John Carroll,Jared Connell,Jared,Connell,,320,Jared Connell,"CONNELL,JARED",CONNELLJAREDJOHN CAR,9,1,,,John Carroll,JOHN CAR,0,0,0,0,0,0,0,0,0,0,0,0,0,0,0,0,0,0,1,2,0,0,0,0,10,0,5,5,60:00,0,0,1.000,,1,2,0,0,0,0,.500,0.00,,,,,,,,,,,,,,,,,,,-1.4147870494578343,219,71
2026-27,mlax,North Coast Athletic Conference (NCAC),ncac,Wittenberg,Alex Roe,Alex,Roe,,806,Alex Roe,"ROE,ALEX",ROEALEXWITTENBE,14,9,,,Wittenberg,WITTENBE,0,0,0,0,0,0,0,0,0,0,0,0,0,0,0,0,0,0,1,1,0,0,1,0,7,0,6,6,545:00,20,1,1.000,,0,0,0,0,0,0,.000,0.00,,,,,,,,,,,,,,,,,,,-1.4210747882207517,220,71
2026-27,mlax,North Coast Athletic Conference (NCAC),ncac,Kenyon,Roger Muckenfuss,Roger,Muckenfuss,,335,Roger Muckenfuss,"MUCKENFUSS,ROGER",MUCKENFUSSROGERKENYON,6,0,,,Kenyon,KENYON,1219-3107,0,0,0,0,0,0,2,0,0,0,0,0,0,0,0,0,0,0,0,0,0,0,0,3,0,1,0,00:00,0,0,1.000,,2,6,0,3,1,2,.333,0.50,,,,,,,,,,,,,,,,,,,-1.428014890446136,221,71
2026-27,mlax,North Coast Athletic Conference (NCAC),ncac,John Carroll,Nicholas Gonzalez,Nicholas,Gonzalez,,320,Nicholas Gonzalez,"GONZALEZ,NICHOLAS",GONZALEZNICHOLASJOHN CAR,11,9,,,John Carroll,JOHN CAR,0,0,0,0,0,0,0,0,0,0,0,0,0,0,0,0,0,0,0,1,0,0,0,0,12,0,2,4,529:00,89,0,1.000,,0,0,0,0,0,0,.000,0.00,,,,,,,,,,,,,,,,,,,-1.4418977519625726,222,71
2026-27,mlax,North Coast Athletic Conference (NCAC),ncac,Kenyon,Henry Wooster,Henry,Wooster,,335,Henry Wooster,"WOOSTER,HENRY",WOOSTERHENRYKENYON,10,0,,,Kenyon,KENYON,1219-2922,0,0,0,0,0,0,1,0,0,0,0,0,0,0,0,0,0,0,0,0,0,0,0,4,0,3,0,00:00,0,0,1.000,,8,20,0,3,0,3,.400,0.30,,,,,,,,,,,,,,,,,,,-1.4440244277007848,223,71
2026-27,mlax,North Coast Athletic Conference (NCAC),ncac,DePauw,Hudson Murray,Hudson,Murray,,177,Hudson Murray,"MURRAY,HUDSON",MURRAYHUDSONDEPAUW,15,0,,,DePauw,DEPAUW,1274-6880,0,0,0,0,0,0,0,0,0,0,0,0,0,0,0,0,0,2,2,0,0,0,0,3,0,9,2,00:00,0,0,1.000,,2,4,0,2,1,1,.500,0.13,,,,,,,,,,,,,,,,,,,-1.4537634518871143,224,71
2026-27,mlax,North Coast Athletic Conference (NCAC),ncac,Ohio Wesleyan,Davis Brewster,Davis,Brewster,,520,Davis Brewster,"BREWSTER,DAVIS",BREWSTERDAVISOWU,7,0,,,Ohio Wesleyan,OWU,1222-3456,0,0,0,0,0,0,2,0,0,0,0,0,0,0,0,0,0,0,0,0,0,0,0,2,0,3,0,00:00,0,0,1.000,,4,8,0,3,1,2,.500,0.43,,,,,,,,,,,,,,,,,,,-1.4614133317137918,225,71
2026-27,mlax,North Coast Athletic Conference (NCAC),ncac,John Carroll,Sean Keane,Sean,Keane,,320,Sean Keane,"KEANE,SEAN",KEANESEANJOHN CAR,4,4,,,John Carroll,JOHN CAR,0,0,0,0,0,0,0,1,0,0,0,0,0,0,0,0,0,0,0,1,0,0,0,0,2,0,2,0,240:00,0,0,1.000,,7,12,0,3,1,2,.583,0.75,,,,,,,,,,,,,,,,,,,-1.4614133317137918,226,70
2026-27,mlax,North Coast Athletic Conference (NCAC),ncac,Wittenberg,Gunnar Winburn,Gunnar,Winburn,,806,Gunnar Winburn,"WINBURN,GUNNAR",WINBURNGUNNARWITTENBE,13,0,,,Wittenberg,WITTENBE,0,0,0,0,0,0,0,0,0,0,0,0,0,0,0,0,0,0,0,0,0,0,0,0,11,0,2,4,00:00,0,0,1.000,,1,1,0,0,0,0,1.000,0.00,,,,,,,,,,,,,,,,,,,-1.4752961932302284,227,70
2026-27,mlax,North Coast Athletic Conference (NCAC),ncac,John Carroll,Nicolas Alvarez,Nicolas,Alvarez,,320,Nicolas Alvarez,"ALVAREZ,NICOLAS",ALVAREZNICOLASJOHN CAR,7,0,,,John Carroll,JOHN CAR,0,0,0,0,0,0,0,0,0,0,0,0,0,0,0,0,0,0,1,1,0,0,0,0,8,0,7,5,00:00,0,0,1.000,,2,4,0,0,0,0,.500,0.00,,,,,,,,,,,,,,,,,,,-1.4815839319931459,228,70
2026-27,mlax,North Coast Athletic Conference (NCAC),ncac,Denison,Luca Sanders,Luca,Sanders,,182,Luca Sanders,"SANDERS,LUCA",SANDERSLUCADENISON,12,0,,,Denison,DENISON,1214-3647,0,0,0,0,0,0,0,0,2,0,0,0,0,0,0,0,0,0,0,0,0,0,0,2,0,1,0,00:00,0,0,1.000,,7,12,0,3,0,3,.583,0.25,,,,,,,,,,,,,,,,,,,-1.5108213102360963,229,70
2026-27,mlax,North Coast Athletic Conference (NCAC),ncac,Kenyon,Harry Clark,Harry,Clark,,335,Harry Clark,"CLARK,HARRY",CLARKHARRYKENYON,16,0,,,Kenyon,KENYON,1219-2929,0,0,0,0,0,0,0,0,0,0,0,0,0,0,0,0,0,1,2,0,0,0,0,7,0,1,5,00:00,0,0,1.000,,0,1,0,0,0,0,.000,0.00,,,,,,,,,,,,,,,,,,,-1.5149823732608017,230,70
2026-27,mlax,North Coast Athletic Conference (NCAC),ncac,Denison,Jack Erdmann,Jack,Erdmann,,182,Jack Erdmann,"ERDMANN,JACK",ERDMANNJACKDENISON,4,1,,,Denison,DENISON,1214-3412,0,0,0,0,0,1,1,0,1,0,0,0,0,0,0,0,0,0,0,0,0,0,0,0,0,0,0,60:00,0,0,1.000,,3,3,0,3,1,2,1.000,0.75,,,,,,,,,,,,,,,,,,,-1.5282102142491034,231,70
2026-27,mlax,North Coast Athletic Conference (NCAC),ncac,Wittenberg,Andrew Owen,Andrew,Owen,,806,Andrew Owen,"OWEN,ANDREW",OWENANDREWWITTENBE,5,3,,,Wittenberg,WITTENBE,0,0,0,0,0,0,0,2,0,0,0,0,0,0,0,0,0,0,1,2,0,0,0,0,5,0,10,1,180:00,0,0,1.000,,5,10,0,2,0,2,.500,0.40,,,,,,,,,,,,,,,,,,,-1.530282132914157,232,70
2026-27,mlax,North Coast Athletic Conference (NCAC),ncac,Kenyon,Will Dunhill,Will,Dunhill,,335,Will Dunhill,"DUNHILL,WILL",DUNHILLWILLKENYON,7,0,,,Kenyon,KENYON,1219-3104,0,0,0,0,0,0,0,0,0,0,0,0,0,0,0,0,0,0,0,0,0,0,0,2,0,1,1,00:00,0,0,1.000,,10,14,0,2,2,0,.714,0.29,,,,,,,,,,,,,,,,,,,-1.5316614996725155,233,70
2026-27,mlax,North Coast Athletic Conference (NCAC),ncac,Wooster,Grady Harban,Grady,Harban,,807,Grady Harban,"HARBAN,GRADY",HARBANGRADYWOOSTER,18,0,,,Wooster,WOOSTER,1226-3261,0,0,0,0,0,0,0,0,0,0,0,0,0,0,0,0,0,1,2,0,0,0,0,17,0,4,1,00:00,0,0,1.000,,2,2,0,0,0,0,1.000,0.00,,,,,,,,,,,,,,,,,,,-1.5566283007444432,234,70
2026-27,mlax,North Coast Athletic Conference (NCAC),ncac,Kenyon,Miles Malawer,Miles,Malawer,,335,Miles Malawer,"MALAWER,MILES",MALAWERMILESKENYON,9,0,,,Kenyon,KENYON,1219-2760,0,0,0,0,0,0,0,0,0,0,0,0,0,0,0,0,0,0,0,0,0,0,0,4,0,3,0,00:00,0,0,1.000,,1,4,0,2,2,0,.250,0.22,,,,,,,,,,,,,,,,,,,-1.5587722021772539,235,69
2026-27,mlax,North Coast Athletic Conference (NCAC),ncac,Oberlin,Jordan Fishback,Jordan,Fishback,,515,Jordan Fishback,"FISHBACK,JORDAN",FISHBACKJORDANOBERLIN,14,4,,,Oberlin,OBERLIN,1221-3919,0,0,0,0,0,0,0,0,0,0,0,0,0,0,0,0,0,1,0,0,0,0,0,11,0,5,3,240:00,0,0,1.000,,0,1,0,0,0,0,.000,0.00,,,,,,,,,,,,,,,,,,,-1.5692037782702781,236,69
2026-27,mlax,North Coast Athletic Conference (NCAC),ncac,Wittenberg,Jacob Turney,Jacob,Turney,,806,Jacob Turney,"TURNEY,JACOB",TURNEYJACOBWITTENBE,14,7,,,Wittenberg,WITTENBE,0,0,0,0,0,0,0,0,0,0,0,0,0,0,0,0,0,0,1,0,0,0,0,0,5,0,5,5,420:00,0,0,1.000,,0,0,0,0,0,0,.000,0.00,,,,,,,,,,,,,,,,,,,-1.5817792557961132,237,69
2026-27,mlax,North Coast Athletic Conference (NCAC),ncac,Kenyon,Davis Minzler,Davis,Minzler,,335,Davis Minzler,"MINZLER,DAVIS",MINZLERDAVISKENYON,13,0,,,Kenyon,KENYON,1219-2923,0,0,0,0,0,0,0,0,0,0,0,0,0,0,0,0,0,1,0,0,0,0,0,7,0,2,2,00:00,0,0,1.000,,1,1,0,1,0,1,1.000,0.08,,,,,,,,,,,,,,,,,,,-1.5831413968598733,238,69
2026-27,mlax,North Coast Athletic Conference (NCAC),ncac,Denison,Will Iacovelli,Will,Iacovelli,,182,Will Iacovelli,"IACOVELLI,WILL",IACOVELLIWILLDENISON,9,0,,,Denison,DENISON,1214-3904,0,0,0,0,0,0,0,0,1,0,0,0,0,0,0,0,0,0,0,0,0,0,0,3,0,3,1,00:00,0,0,1.000,,4,8,0,2,0,2,.500,0.22,,,,,,,,,,,,,,,,,,,-1.5970790154494685,239,69
2026-27,mlax,North Coast Athletic Conference (NCAC),ncac,Ohio Wesleyan,Luke Georgelakos,Luke,Georgelakos,,520,Luke Georgelakos,"GEORGELAKOS,LUKE",GEORGELAKOSLUKEOWU,7,0,,,Ohio Wesleyan,OWU,1222-3222,0,0,0,0,0,0,2,0,0,0,0,0,0,0,0,0,0,0,0,0,0,0,0,5,0,2,0,00:00,0,0,1.000,,4,11,0,2,0,2,.364,0.29,,,,,,,,,,,,,,,,,,,-1.6241897179542066,240,69
2026-27,mlax,North Coast Athletic Conference (NCAC),ncac,John Carroll,Noah Osmanski,Noah,Osmanski,,320,Noah Osmanski,"OSMANSKI,NOAH",OSMANSKINOAHJOHN CAR,9,0,,,John Carroll,JOHN CAR,0,0,0,0,0,0,0,0,0,0,0,0,0,0,0,0,0,0,1,0,0,0,0,0,7,0,4,1,00:00,0,0,1.000,,2,2,0,1,1,0,1.000,0.11,,,,,,,,,,,,,,,,,,,-1.6276410033776187,241,69
2026-27,mlax,North Coast Athletic Conference (NCAC),ncac,Oberlin,Luke Gerne,Luke,Gerne,,515,Luke Gerne,"GERNE,LUKE",GERNELUKEOBERLIN,5,0,,,Oberlin,OBERLIN,1221-4278,0,0,0,0,0,0,1,0,0,0,0,0,0,0,0,0,0,0,0,0,0,0,0,4,0,1,0,00:00,0,0,1.000,,2,3,0,2,0,2,.667,0.40,,,,,,,,,,,,,,,,,,,-1.6575881592218624,242,69
2026-27,mlax,North Coast Athletic Conference (NCAC),ncac,Denison,Marty Junkins,Marty,Junkins,,182,Marty Junkins,"JUNKINS,MARTY",JUNKINSMARTYDENISON,5,0,,,Denison,DENISON,1214-3897,0,0,0,0,0,0,1,0,0,0,0,0,0,0,0,0,0,0,1,0,0,0,0,2,0,2,0,00:00,0,0,1.000,,3,5,0,2,1,1,.600,0.40,,,,,,,,,,,,,,,,,,,-1.6749770632348695,243,69
2026-27,mlax,North Coast Athletic Conference (NCAC),ncac,DePauw,Evan Cleveland,Evan,Cleveland,,177,Evan Cleveland,"CLEVELAND,EVAN",CLEVELANDEVANDEPAUW,15,0,,,DePauw,DEPAUW,1274-6410,0,0,0,0,0,0,0,0,0,0,0,0,0,0,0,0,0,0,0,0,0,52,156,13,0,5,1,00:00,0,208,1.000,,0,0,0,0,0,0,.000,0.00,,,,,,,,,,,,,,,,,,,-1.6902220658150662,244,68
2026-27,mlax,North Coast Athletic Conference (NCAC),ncac,Wabash,"Jarosz, John",John,Jarosz,,747,"Jarosz, John","JAROSZ,JOHN",JAROSZJOHNWABM,15,0,,,Wabash,WABM,1224-3920,0,0,0,0,0,0,0,0,0,0,0,0,0,0,0,0,0,1,1,0,0,0,0,9,0,6,2,00:00,0,0,1.000,,0,0,0,0,0,0,.000,0.00,,,,,,,,,,,,,,,,,,,-1.7299082458456394,245,68
2026-27,mlax,North Coast Athletic Conference (NCAC),ncac,Ohio Wesleyan,Christian Caballero,Christian,Caballero,,520,Christian Caballero,"CABALLERO,CHRISTIAN",CABALLEROCHRISTIANOWU,10,0,,,Ohio Wesleyan,OWU,1222-3461,0,0,0,0,0,0,0,0,0,0,0,0,0,0,0,0,0,0,1,0,0,0,0,6,0,0,3,00:00,0,0,1.000,,0,0,0,0,0,0,.000,0.00,,,,,,,,,,,,,,,,,,,-1.7361959846085568,246,68
2026-27,mlax,North Coast Athletic Conference (NCAC),ncac,Wittenberg,Brody Mallo,Brody,Mallo,,806,Brody Mallo,"MALLO,BRODY",MALLOBRODYWITTENBE,11,0,,,Wittenberg,WITTENBE,0,0,0,0,0,0,0,0,0,0,0,0,0,0,0,0,0,0,0,0,0,0,0,0,0,0,5,0,00:00,0,0,1.000,,4,4,0,2,1,1,1.000,0.18,,,,,,,,,,,,,,,,,,,-1.741773945770181,247,68
2026-27,mlax,North Coast Athletic Conference (NCAC),ncac,Wooster,Evan Laudenslager,Evan,Laudenslager,,807,Evan Laudenslager,"LAUDENSLAGER,EVAN",LAUDENSLAGEREVANWOOSTER,11,0,,,Wooster,WOOSTER,1226-1358,0,0,0,0,0,0,0,0,0,0,0,0,0,0,0,0,0,0,0,0,0,0,0,0,0,1,0,00:00,0,0,1.000,,3,5,0,2,1,1,.600,0.18,,,,,,,,,,,,,,,,,,,-1.741773945770181,248,68
2026-27,mlax,North Coast Athletic Conference (NCAC),ncac,Wittenberg,Zach Gfell,Zach,Gfell,,806,Zach Gfell,"GFELL,ZACH",GFELLZACHWITTENBE,5,0,,,Wittenberg,WITTENBE,0,0,0,0,0,0,0,1,0,0,0,0,0,0,0,0,0,0,0,0,0,0,0,1,2,0,1,2,00:00,0,1,1.000,,1,1,0,1,0,1,1.000,0.20,,,,,,,,,,,,,,,,,,,-1.750133603198152,249,68
2026-27,mlax,North Coast Athletic Conference (NCAC),ncac,Wooster,Dylan Geary,Dylan,Geary,,807,Dylan Geary,"GEARY,DYLAN",GEARYDYLANWOOSTER,3,0,,,Wooster,WOOSTER,1226-3329,0,0,0,0,0,0,0,0,0,0,0,0,0,0,0,0,0,0,0,0,0,0,0,0,0,0,0,00:00,0,0,1.000,,0,0,0,0,0,0,.000,0.00,3,28:23,3,4,0,0,0,0,0,0,0,12,6.34,.571,,,,,-1.7563436367580032,250,68
2026-27,mlax,North Coast Athletic Conference (NCAC),ncac,Denison,Zou Ouattara,Zou,Ouattara,,182,Zou Ouattara,"OUATTARA,ZOU",OUATTARAZOUDENISON,5,0,,,Denison,DENISON,1214-3903,0,0,0,0,0,0,2,0,0,0,0,0,0,0,0,0,0,0,0,0,0,0,0,1,0,1,0,00:00,0,0,1.000,,2,5,0,2,0,2,.400,0.40,,,,,,,,,,,,,,,,,,,-1.7577834830248298,251,68
2026-27,mlax,North Coast Athletic Conference (NCAC),ncac,DePauw,Jailen Magai,Jailen,Magai,,177,Jailen Magai,"MAGAI,JAILEN",MAGAIJAILENDEPAUW,14,0,,,DePauw,DEPAUW,1274-6873,0,0,0,0,0,0,0,0,0,0,0,0,0,0,0,0,0,1,1,0,0,5,36,8,0,7,2,00:00,0,41,1.000,,0,1,0,0,0,0,.000,0.00,,,,,,,,,,,,,,,,,,,-1.7633066871132952,252,67
2026-27,mlax,North Coast Athletic Conference (NCAC),ncac,Kenyon,Jack Levitt,Jack,Levitt,,335,Jack Levitt,"LEVITT,JACK",LEVITTJACKKENYON,10,0,,,Kenyon,KENYON,1219-2921,0,0,0,0,0,0,0,0,0,0,0,0,0,0,0,0,0,0,0,0,0,16,12,10,0,0,1,00:00,0,28,1.000,,0,0,0,0,0,0,.000,0.00,,,,,,,,,,,,,,,,,,,-1.7904173896180333,253,67
2026-27,mlax,North Coast Athletic Conference (NCAC),ncac,Wittenberg,Dillon McKeigue,Dillon,McKeigue,,806,Dillon McKeigue,"MCKEIGUE,DILLON",MCKEIGUEDILLONWITTENBE,1,1,,,Wittenberg,WITTENBE,0,0,0,0,0,0,1,1,0,0,0,0,0,0,0,0,0,0,0,1,0,0,0,0,0,0,2,0,60,0,0,1.000,,3,3,0,2,0,2,1.000,2.00,,,,,,,,,,,,,,,,,,,-1.7911819242924856,254,67
2026-27,mlax,North Coast Athletic Conference (NCAC),ncac,Wooster,Matt Carroll,Matt,Carroll,,807,Matt Carroll,"CARROLL,MATT",CARROLLMATTWOOSTER,9,0,,,Wooster,WOOSTER,1226-3339,0,0,0,0,0,0,0,0,0,0,0,0,0,0,0,0,0,0,0,0,0,0,0,2,0,0,1,00:00,0,0,1.000,,0,1,0,1,1,0,.000,0.11,,,,,,,,,,,,,,,,,,,-1.7946332097158975,255,67
2026-27,mlax,North Coast Athletic Conference (NCAC),ncac,Wabash,"Bolen, Asher",Asher,Bolen,,747,"Bolen, Asher","BOLEN,ASHER",BOLENASHERWABM,14,0,,,Wabash,WABM,1224-3905,0,0,0,0,0,0,0,0,0,0,0,0,0,0,0,0,0,0,1,0,0,0,0,7,0,4,2,00:00,0,0,1.000,,0,1,0,0,0,0,.000,0.00,,,,,,,,,,,,,,,,,,,-1.796705128380951,256,67
2026-27,mlax,North Coast Athletic Conference (NCAC),ncac,Wabash,Ethan Veigel,Ethan,Veigel,,747,Ethan Veigel,"VEIGEL,ETHAN",VEIGELETHANWABM,8,0,,,Wabash,WABM,0,0,0,0,0,0,0,0,0,0,0,0,0,0,0,0,0,0,0,1,0,0,0,0,7,0,3,2,00:00,0,0,1.000,,0,0,0,0,0,0,.000,0.00,,,,,,,,,,,,,,,,,,,-1.796705128380951,257,67
2026-27,mlax,North Coast Athletic Conference (NCAC),ncac,Ohio Wesleyan,Aiden Gryzlo,Aiden,Gryzlo,,520,Aiden Gryzlo,"GRYZLO,AIDEN",GRYZLOAIDENOWU,9,0,,,Ohio Wesleyan,OWU,1222-3466,0,0,0,0,0,0,0,0,0,0,0,0,0,0,0,0,0,0,0,0,0,0,0,4,0,1,3,00:00,0,0,1.000,,0,0,0,0,0,0,.000,0.00,,,,,,,,,,,,,,,,,,,-1.8029928671438682,258,67
2026-27,mlax,North Coast Athletic Conference (NCAC),ncac,Kenyon,Finley Radding,Finley,Radding,,335,Finley Radding,"RADDING,FINLEY",RADDINGFINLEYKENYON,3,0,,,Kenyon,KENYON,1219-3110,0,0,0,0,0,0,1,0,0,0,0,0,0,0,0,0,0,0,0,0,0,0,0,2,0,1,1,00:00,0,0,1.000,,3,4,0,1,0,1,.750,0.33,,,,,,,,,,,,,,,,,,,-1.8440411882382017,259,67
2026-27,mlax,North Coast Athletic Conference (NCAC),ncac,Denison,Graham Harris,Graham,Harris,,182,Graham Harris,"HARRIS,GRAHAM",HARRISGRAHAMDENISON,7,0,,,Denison,DENISON,1214-3644,0,0,0,0,0,0,0,0,0,0,0,0,0,0,0,0,0,0,0,0,0,0,0,3,0,2,0,00:00,0,0,1.000,,2,3,0,1,1,0,.667,0.14,,,,,,,,,,,,,,,,,,,-1.8551423534882914,260,67
2026-27,mlax,North Coast Athletic Conference (NCAC),ncac,Oberlin,Cole Barnett,Cole,Barnett,,515,Cole Barnett,"BARNETT,COLE",BARNETTCOLEOBERLIN,8,0,,,Oberlin,OBERLIN,1221-4271,0,0,0,0,0,0,1,0,0,0,0,0,0,0,0,0,0,0,0,0,0,0,0,1,0,1,1,00:00,0,0,1.000,,10,13,0,1,0,1,.769,0.13,,,,,,,,,,,,,,,,,,,-1.8774396295058573,261,66
2026-27,mlax,North Coast Athletic Conference (NCAC),ncac,Kenyon,Mike D'Eletto,Mike,D'Eletto,,335,Mike D'Eletto,"D'ELETTO,MIKE",D'ELETTOMIKEKENYON,7,0,,,Kenyon,KENYON,1219-2624,0,0,0,0,0,0,0,0,0,0,0,0,0,0,0,0,0,0,0,0,0,0,0,1,0,1,3,00:00,0,0,1.000,,0,0,0,0,0,0,.000,0.00,,,,,,,,,,,,,,,,,,,-1.9031881909468353,262,66
2026-27,mlax,North Coast Athletic Conference (NCAC),ncac,Oberlin,David Rodriguez,David,Rodriguez,,515,David Rodriguez,"RODRIGUEZ,DAVID",RODRIGUEZDAVIDOBERLIN,5,0,,,Oberlin,OBERLIN,1221-4281,0,0,0,0,0,0,1,0,0,0,0,0,0,0,0,0,0,0,0,0,0,0,0,0,0,0,1,00:00,0,0,1.000,,4,5,0,1,0,1,.800,0.20,,,,,,,,,,,,,,,,,,,-1.910838070773513,263,66
2026-27,mlax,North Coast Athletic Conference (NCAC),ncac,Kenyon,Antonio Miguens,Antonio,Miguens,,335,Antonio Miguens,"MIGUENS,ANTONIO",MIGUENSANTONIOKENYON,4,0,,,Kenyon,KENYON,1219-2765,0,0,0,0,0,0,1,0,0,0,0,0,0,0,0,0,0,0,0,0,0,0,0,2,0,2,0,00:00,0,0,1.000,,5,8,0,1,0,1,.625,0.25,,,,,,,,,,,,,,,,,,,-1.9379487732782517,264,66
2026-27,mlax,North Coast Athletic Conference (NCAC),ncac,Kenyon,Cole Abel,Cole,Abel,,335,Cole Abel,"ABEL,COLE",ABELCOLEKENYON,5,0,,,Kenyon,KENYON,1219-2759,0,0,0,0,0,0,0,0,0,0,0,0,0,0,0,0,0,0,0,0,0,0,0,2,0,3,0,00:00,0,0,1.000,,8,12,0,1,0,1,.667,0.20,,,,,,,,,,,,,,,,,,,-1.9379487732782517,265,66
2026-27,mlax,North Coast Athletic Conference (NCAC),ncac,Ohio Wesleyan,Peter Sarnowski,Peter,Sarnowski,,520,Peter Sarnowski,"SARNOWSKI,PETER",SARNOWSKIPETEROWU,5,0,,,Ohio Wesleyan,OWU,1222-3457,0,0,0,0,0,0,1,0,0,0,0,0,0,0,0,0,0,0,1,0,0,0,0,2,0,3,0,00:00,0,0,1.000,,3,3,0,1,0,1,1.000,0.20,,,,,,,,,,,,,,,,,,,-1.9379487732782517,266,66
2026-27,mlax,North Coast Athletic Conference (NCAC),ncac,Ohio Wesleyan,Aidan Bates,Aidan,Bates,,520,Aidan Bates,"BATES,AIDAN",BATESAIDANOWU,5,0,,,Ohio Wesleyan,OWU,1222-3030,0,0,0,0,0,0,0,0,0,0,0,0,0,0,0,0,0,0,0,0,0,0,0,0,0,2,0,00:00,0,0,1.000,,1,2,0,1,1,0,.500,0.20,,,,,,,,,,,,,,,,,,,-1.9553376772912587,267,66
2026-27,mlax,North Coast Athletic Conference (NCAC),ncac,Denison,Connor Clark,Connor,Clark,,182,Connor Clark,"CLARK,CONNOR",CLARKCONNORDENISON,4,0,,,Denison,DENISON,1214-3410,0,0,0,0,0,0,0,0,0,0,0,0,0,0,0,0,0,0,0,0,0,0,0,0,0,3,0,00:00,0,0,1.000,,1,3,0,1,1,0,.333,0.25,,,,,,,,,,,,,,,,,,,-1.9553376772912587,268,66
2026-27,mlax,North Coast Athletic Conference (NCAC),ncac,Kenyon,Kevin McCarthy,Kevin,McCarthy,,335,Kevin McCarthy,"MCCARTHY,KEVIN",MCCARTHYKEVINKENYON,4,0,,,Kenyon,KENYON,1219-2763,0,0,0,0,0,0,0,0,0,0,0,0,0,0,0,0,0,0,0,0,0,0,0,0,0,0,0,00:00,0,0,1.000,,1,1,0,1,1,0,1.000,0.25,,,,,,,,,,,,,,,,,,,-1.9553376772912587,269,66
2026-27,mlax,North Coast Athletic Conference (NCAC),ncac,Kenyon,Charlie Ackermann,Charlie,Ackermann,,335,Charlie Ackermann,"ACKERMANN,CHARLIE",ACKERMANNCHARLIEKENYON,8,0,,,Kenyon,KENYON,1219-3103,0,0,0,0,0,0,0,0,0,0,0,0,0,0,0,0,0,0,1,0,0,0,0,5,0,4,1,00:00,0,0,1.000,,0,0,0,0,0,0,.000,0.00,,,,,,,,,,,,,,,,,,,-1.9574095959563123,270,65
2026-27,mlax,North Coast Athletic Conference (NCAC),ncac,Ohio Wesleyan,Kal Lonergan,Kal,Lonergan,,520,Kal Lonergan,"LONERGAN,KAL",LONERGANKALOWU,5,2,,,Ohio Wesleyan,OWU,1222-3226,0,0,0,0,0,0,0,0,0,0,0,0,0,0,0,0,0,0,0,0,0,0,0,3,0,2,0,136:00,45,0,1.000,,0,0,0,0,0,0,.000,0.00,5,148:26,20,22,0,3,0,0,0,0,0,76,8.08,.524,,,,,-1.957731274099633,271,65
2026-27,mlax,North Coast Athletic Conference (NCAC),ncac,Ohio Wesleyan,Michael Maffucci,Michael,Maffucci,,520,Michael Maffucci,"MAFFUCCI,MICHAEL",MAFFUCCIMICHAELOWU,8,0,,,Ohio Wesleyan,OWU,1222-3038,0,0,0,0,0,0,0,0,0,0,0,0,0,0,0,0,0,0,0,0,0,0,0,1,0,3,0,00:00,0,0,1.000,,3,5,0,1,0,1,.600,0.13,,,,,,,,,,,,,,,,,,,-1.971347214545907,272,65
2026-27,mlax,North Coast Athletic Conference (NCAC),ncac,Wabash,"Muncy, Aidan",Aidan,Muncy,,747,"Muncy, Aidan","MUNCY,AIDAN",MUNCYAIDANWABM,9,0,,,Wabash,WABM,1224-3907,0,0,0,0,0,0,0,0,0,0,0,0,0,0,0,0,0,0,0,0,0,0,0,1,0,2,0,00:00,0,0,1.000,,4,4,0,1,0,1,1.000,0.11,,,,,,,,,,,,,,,,,,,-1.971347214545907,273,65
2026-27,mlax,North Coast Athletic Conference (NCAC),ncac,Ohio Wesleyan,Riley Platter,Riley,Platter,,520,Riley Platter,"PLATTER,RILEY",PLATTERRILEYOWU,2,0,,,Ohio Wesleyan,OWU,1222-3227,0,0,0,0,0,0,0,0,0,0,0,0,0,0,0,0,0,0,0,0,0,0,0,1,0,1,0,00:00,0,0,1.000,,1,1,0,1,0,1,1.000,0.50,,,,,,,,,,,,,,,,,,,-1.971347214545907,274,65
2026-27,mlax,North Coast Athletic Conference (NCAC),ncac,Kenyon,Vincent Trueworthy,Vincent,Trueworthy,,335,Vincent Trueworthy,"TRUEWORTHY,VINCENT",TRUEWORTHYVINCENTKENYON,4,0,,,Kenyon,KENYON,1219-3105,0,0,0,0,0,0,0,0,0,0,0,0,0,0,0,0,0,0,0,0,0,0,0,1,0,0,0,00:00,0,0,1.000,,3,6,0,1,0,1,.500,0.25,,,,,,,,,,,,,,,,,,,-1.971347214545907,275,65
2026-27,mlax,North Coast Athletic Conference (NCAC),ncac,Wabash,"Wisler, Wade",Wade,Wisler,,747,"Wisler, Wade","WISLER,WADE",WISLERWADEWABM,12,0,,,Wabash,WABM,1224-3602,0,0,0,0,0,0,0,0,0,0,0,0,0,0,0,0,0,0,0,0,0,0,0,4,0,0,1,00:00,0,0,1.000,,0,0,0,0,0,0,.000,0.00,,,,,,,,,,,,,,,,,,,-1.9908080372239678,276,65
2026-27,mlax,North Coast Athletic Conference (NCAC),ncac,Ohio Wesleyan,Aidan Gennaro,Aidan,Gennaro,,520,Aidan Gennaro,"GENNARO,AIDAN",GENNAROAIDANOWU,5,0,,,Ohio Wesleyan,OWU,1222-2845,0,0,0,0,0,0,0,0,0,0,0,0,0,0,0,0,0,0,0,0,0,0,0,1,0,0,2,00:00,0,0,1.000,,1,3,0,0,0,0,.333,0.00,,,,,,,,,,,,,,,,,,,-1.9970957759868853,277,65
2026-27,mlax,North Coast Athletic Conference (NCAC),ncac,Ohio Wesleyan,Colin Counahan,Colin,Counahan,,520,Colin Counahan,"COUNAHAN,COLIN",COUNAHANCOLINOWU,5,0,,,Ohio Wesleyan,OWU,1222-2843,0,0,0,0,0,0,0,0,0,0,0,0,0,0,0,0,0,0,0,0,0,0,0,1,0,0,2,00:00,0,0,1.000,,0,1,0,0,0,0,.000,0.00,,,,,,,,,,,,,,,,,,,-1.9970957759868853,278,65
2026-27,mlax,North Coast Athletic Conference (NCAC),ncac,Ohio Wesleyan,Jed Tometsko,Jed,Tometsko,,520,Jed Tometsko,"TOMETSKO,JED",TOMETSKOJEDOWU,5,0,,,Ohio Wesleyan,OWU,1222-3049,0,0,0,0,0,0,0,0,0,0,0,0,0,0,0,0,0,0,0,0,0,0,0,1,0,0,2,00:00,0,0,1.000,,0,0,0,0,0,0,.000,0.00,,,,,,,,,,,,,,,,,,,-1.9970957759868853,279,64
2026-27,mlax,North Coast Athletic Conference (NCAC),ncac,DePauw,Ben Lupfer,Ben,Lupfer,,177,Ben Lupfer,"LUPFER,BEN",LUPFERBENDEPAUW,5,0,,,DePauw,DEPAUW,1274-6872,0,0,0,0,0,0,1,0,0,0,0,0,0,0,0,0,0,0,0,0,0,0,0,0,0,1,0,00:00,0,0,1.000,,2,5,0,1,0,1,.400,0.20,,,,,,,,,,,,,,,,,,,-2.004745655813563,280,64
2026-27,mlax,North Coast Athletic Conference (NCAC),ncac,Wooster,Brady Wallen,Brady,Wallen,,807,Brady Wallen,"WALLEN,BRADY",WALLENBRADYWOOSTER,8,0,,,Wooster,WOOSTER,1226-3332,0,0,0,0,0,0,0,0,0,0,0,0,0,0,0,0,0,0,1,0,0,0,0,0,0,1,0,00:00,0,0,1.000,,1,1,0,1,0,1,1.000,0.13,,,,,,,,,,,,,,,,,,,-2.004745655813563,281,64
2026-27,mlax,North Coast Athletic Conference (NCAC),ncac,Ohio Wesleyan,Colton Garner,Colton,Garner,,520,Colton Garner,"GARNER,COLTON",GARNERCOLTONOWU,2,0,,,Ohio Wesleyan,OWU,1222-3455,0,0,0,0,0,0,1,0,0,0,0,0,0,0,0,0,0,0,0,0,0,0,0,0,0,0,0,00:00,0,0,1.000,,1,2,0,1,0,1,.500,0.50,,,,,,,,,,,,,,,,,,,-2.004745655813563,282,64
2026-27,mlax,North Coast Athletic Conference (NCAC),ncac,Wabash,David Finestad,David,Finestad,,747,David Finestad,"FINESTAD,DAVID",FINESTADDAVIDWABM,2,0,,,Wabash,WABM,0,0,0,0,0,0,0,0,0,0,0,0,0,0,0,0,0,0,0,0,0,0,0,0,0,0,1,0,00:00,0,0,1.000,,1,2,0,1,0,1,.500,0.50,,,,,,,,,,,,,,,,,,,-2.004745655813563,283,64
2026-27,mlax,North Coast Athletic Conference (NCAC),ncac,Oberlin,Edward Totry,Edward,Totry,,515,Edward Totry,"TOTRY,EDWARD",TOTRYEDWARDOBERLIN,4,0,,,Oberlin,OBERLIN,1221-3935,0,0,0,0,0,0,1,0,0,0,0,0,0,0,0,0,0,0,0,0,0,0,0,0,0,0,0,00:00,0,0,1.000,,1,1,0,1,0,1,1.000,0.25,,,,,,,,,,,,,,,,,,,-2.004745655813563,284,64
2026-27,mlax,North Coast Athletic Conference (NCAC),ncac,Kenyon,Gavin Collins,Gavin,Collins,,335,Gavin Collins,"COLLINS,GAVIN",COLLINSGAVINKENYON,8,1,,,Kenyon,KENYON,1219-2764,0,0,0,0,0,0,0,0,0,0,0,0,0,0,0,0,0,0,0,0,0,0,0,0,0,3,0,60:00,0,0,1.000,,1,8,0,1,0,1,.125,0.13,,,,,,,,,,,,,,,,,,,-2.004745655813563,285,64
2026-27,mlax,North Coast Athletic Conference (NCAC),ncac,Denison,Gunnar Young,Gunnar,Young,,182,Gunnar Young,"YOUNG,GUNNAR",YOUNGGUNNARDENISON,5,0,,,Denison,DENISON,1214-3222,0,0,0,0,0,0,0,0,0,0,0,0,0,0,0,0,0,0,0,0,0,0,0,0,0,0,0,00:00,0,0,1.000,,1,2,0,1,0,1,.500,0.20,,,,,,,,,,,,,,,,,,,-2.004745655813563,286,64
2026-27,mlax,North Coast Athletic Conference (NCAC),ncac,Denison,Ty Minton,Ty,Minton,,182,Ty Minton,"MINTON,TY",MINTONTYDENISON,3,0,,,Denison,DENISON,1214-3907,0,0,0,0,0,0,1,0,0,0,0,0,0,0,0,0,0,0,0,0,0,0,0,0,0,0,0,00:00,0,0,1.000,,1,2,0,1,0,1,.500,0.33,,,,,,,,,,,,,,,,,,,-2.004745655813563,287,63
2026-27,mlax,North Coast Athletic Conference (NCAC),ncac,Kenyon,Jack Berman,Jack,Berman,,335,Jack Berman,"BERMAN,JACK",BERMANJACKKENYON,6,0,,,Kenyon,KENYON,1219-3111,0,0,0,0,0,0,0,0,0,0,0,0,0,0,0,0,0,0,0,0,0,9,8,6,0,0,0,00:00,0,17,1.000,,0,0,0,0,0,0,.000,0.00,,,,,,,,,,,,,,,,,,,-2.017918739728706,288,63
2026-27,mlax,North Coast Athletic Conference (NCAC),ncac,Ohio Wesleyan,Chris Restaino,Chris,Restaino,,520,Chris Restaino,"RESTAINO,CHRIS",RESTAINOCHRISOWU,6,0,,,Ohio Wesleyan,OWU,1222-3453,0,0,0,0,0,0,0,0,0,0,0,0,0,0,0,0,0,0,0,0,0,3,2,3,0,0,1,00:00,0,5,1.000,,0,0,0,0,0,0,.000,0.00,,,,,,,,,,,,,,,,,,,-2.0242064784916236,289,63
2026-27,mlax,North Coast Athletic Conference (NCAC),ncac,Denison,Jaden Goodsell,Jaden,Goodsell,,182,Jaden Goodsell,"GOODSELL,JADEN",GOODSELLJADENDENISON,5,0,,,Denison,DENISON,1214-3414,0,0,0,0,0,0,0,0,0,0,0,0,0,0,0,0,0,0,1,0,0,13,7,5,0,1,0,00:00,0,20,1.000,,0,0,0,0,0,0,.000,0.00,,,,,,,,,,,,,,,,,,,-2.051317180996362,290,63
2026-27,mlax,North Coast Athletic Conference (NCAC),ncac,Wittenberg,Landon Blount,Landon,Blount,,806,Landon Blount,"BLOUNT,LANDON",BLOUNTLANDONWITTENBE,5,0,,,Wittenberg,WITTENBE,0,0,0,0,0,0,0,0,0,0,0,0,0,0,0,0,0,0,0,0,0,0,0,0,2,0,2,1,00:00,0,0,1.000,,0,0,0,0,0,0,.000,0.00,,,,,,,,,,,,,,,,,,,-2.0576049197592794,291,63
2026-27,mlax,North Coast Athletic Conference (NCAC),ncac,Oberlin,Sam Duffy,Sam,Duffy,,515,Sam Duffy,"DUFFY,SAM",DUFFYSAMOBERLIN,5,0,,,Oberlin,OBERLIN,1221-3820,0,0,0,0,0,0,0,0,0,0,0,0,0,0,0,0,1,0,1,0,0,0,0,2,0,0,1,00:00,0,0,1.000,,0,0,0,0,0,0,.000,0.00,,,,,,,,,,,,,,,,,,,-2.0576049197592794,292,63
2026-27,mlax,North Coast Athletic Conference (NCAC),ncac,Denison,Thomas Hancock,Thomas,Hancock,,182,Thomas Hancock,"HANCOCK,THOMAS",HANCOCKTHOMASDENISON,4,0,,,Denison,DENISON,1214-3642,0,0,0,0,0,0,0,0,0,0,0,0,0,0,0,0,0,0,0,0,0,0,0,0,0,0,0,14:00,33,0,1.000,,0,0,0,0,0,0,.000,0.00,4,39:34,4,4,0,0,0,0,0,0,0,14,6.07,.500,,,,,-2.063906716512188,293,63
2026-27,mlax,North Coast Athletic Conference (NCAC),ncac,Ohio Wesleyan,Cam Friedman,Cam,Friedman,,520,Cam Friedman,"FRIEDMAN,CAM",FRIEDMANCAMOWU,3,0,,,Ohio Wesleyan,OWU,1222-3221,0,0,0,0,0,0,0,0,0,0,0,0,0,0,0,0,0,0,0,0,0,0,0,1,0,0,1,00:00,0,0,1.000,,0,0,0,0,0,0,.000,0.00,,,,,,,,,,,,,,,,,,,-2.091003361026935,294,63
2026-27,mlax,North Coast Athletic Conference (NCAC),ncac,Ohio Wesleyan,Connor Morley,Connor,Morley,,520,Connor Morley,"MORLEY,CONNOR",MORLEYCONNOROWU,4,0,,,Ohio Wesleyan,OWU,1222-3463,0,0,0,0,0,0,0,0,0,0,0,0,0,0,0,0,0,0,0,0,0,0,0,1,0,0,1,00:00,0,0,1.000,,0,1,0,0,0,0,.000,0.00,,,,,,,,,,,,,,,,,,,-2.091003361026935,295,63
2026-27,mlax,North Coast Athletic Conference (NCAC),ncac,Wooster,Harry Brinkman,Harry,Brinkman,,807,Harry Brinkman,"BRINKMAN,HARRY",BRINKMANHARRYWOOSTER,5,0,,,Wooster,WOOSTER,1226-3074,0,0,0,0,0,0,0,0,0,0,0,0,0,0,0,0,0,0,0,0,0,0,0,1,0,0,1,00:00,0,0,1.000,,0,0,0,0,0,0,.000,0.00,,,,,,,,,,,,,,,,,,,-2.091003361026935,296,62
2026-27,mlax,North Coast Athletic Conference (NCAC),ncac,Oberlin,Max Johnson,Max,Johnson,,515,Max Johnson,"JOHNSON,MAX",JOHNSONMAXOBERLIN,2,0,,,Oberlin,OBERLIN,1221-3923,0,0,0,0,0,0,0,0,0,0,0,0,0,0,0,0,0,0,0,0,0,0,0,1,0,0,1,00:00,0,0,1.000,,0,0,0,0,0,0,.000,0.00,,,,,,,,,,,,,,,,,,,-2.091003361026935,297,62
2026-27,mlax,North Coast Athletic Conference (NCAC),ncac,DePauw,Peter Skardon,Peter,Skardon,,177,Peter Skardon,"SKARDON,PETER",SKARDONPETERDEPAUW,3,0,,,DePauw,DEPAUW,1274-6419,0,0,0,0,0,0,0,0,0,0,0,0,0,0,0,0,0,0,0,0,0,0,0,1,0,0,1,00:00,0,0,1.000,,0,0,0,0,0,0,.000,0.00,,,,,,,,,,,,,,,,,,,-2.091003361026935,298,62
2026-27,mlax,North Coast Athletic Conference (NCAC),ncac,John Carroll,Gabe Oliver,Gabe,Oliver,,320,Gabe Oliver,"OLIVER,GABE",OLIVERGABEJOHN CAR,9,0,,,John Carroll,JOHN CAR,0,0,0,0,0,0,0,0,0,0,0,0,0,0,0,0,0,0,0,0,0,0,7,33,3,0,1,0,00:00,0,40,1.000,,0,0,0,0,0,0,.000,0.00,,,,,,,,,,,,,,,,,,,-2.1181140635316735,299,62
2026-27,mlax,North Coast Athletic Conference (NCAC),ncac,Kenyon,Jackson Ezgar,Jackson,Ezgar,,335,Jackson Ezgar,"EZGAR,JACKSON",EZGARJACKSONKENYON,4,0,,,Kenyon,KENYON,1219-3113,0,0,0,0,0,0,0,0,0,0,0,0,0,0,0,0,0,0,0,0,0,0,0,3,0,2,0,00:00,0,0,1.000,,2,4,0,0,0,0,.500,0.00,,,,,,,,,,,,,,,,,,,-2.1181140635316735,300,62
2026-27,mlax,North Coast Athletic Conference (NCAC),ncac,Denison,Joseph Holtzer,Joseph,Holtzer,,182,Joseph Holtzer,"HOLTZER,JOSEPH",HOLTZERJOSEPHDENISON,4,0,,,Denison,DENISON,1214-3416,0,0,0,0,0,0,0,0,0,0,0,0,0,0,0,0,0,0,0,0,0,0,0,3,0,0,0,00:00,0,0,1.000,,1,1,0,0,0,0,1.000,0.00,,,,,,,,,,,,,,,,,,,-2.1181140635316735,301,62
2026-27,mlax,North Coast Athletic Conference (NCAC),ncac,John Carroll,Michael Godleski,Michael,Godleski,,320,Michael Godleski,"GODLESKI,MICHAEL",GODLESKIMICHAELJOHN CAR,4,0,,,John Carroll,JOHN CAR,0,0,0,0,0,0,0,0,0,0,0,0,0,0,0,0,0,0,0,0,0,0,0,1,3,0,1,0,00:00,0,1,1.000,,0,0,0,0,0,0,.000,0.00,,,,,,,,,,,,,,,,,,,-2.1181140635316735,302,62
2026-27,mlax,North Coast Athletic Conference (NCAC),ncac,DePauw,JP Berdichevsky,JP,Berdichevsky,,177,JP Berdichevsky,"BERDICHEVSKY,JP",BERDICHEVSKYJPDEPAUW,6,0,,,DePauw,DEPAUW,1274-6868,0,0,0,0,0,0,0,0,0,0,0,0,0,0,0,0,0,0,0,0,0,7,12,0,0,0,1,00:00,0,19,1.000,,0,0,0,0,0,0,.000,0.00,,,,,,,,,,,,,,,,,,,-2.124401802294591,303,62
2026-27,mlax,North Coast Athletic Conference (NCAC),ncac,John Carroll,Jason Xiao,Jason,Xiao,,320,Jason Xiao,"XIAO,JASON",XIAOJASONJOHN CAR,4,0,,,John Carroll,JOHN CAR,0,0,0,0,0,0,0,0,0,0,0,0,0,0,0,0,0,0,0,0,0,0,0,0,0,0,0,1,00:00,0,0,1.000,,0,0,0,0,0,0,.000,0.00,,,,,,,,,,,,,,,,,,,-2.124401802294591,304,62
2026-27,mlax,North Coast Athletic Conference (NCAC),ncac,John Carroll,Kiernan Lembke,Kiernan,Lembke,,320,Kiernan Lembke,"LEMBKE,KIERNAN",LEMBKEKIERNANJOHN CAR,3,0,,,John Carroll,JOHN CAR,0,0,0,0,0,0,0,0,0,0,0,0,0,0,0,0,0,0,0,0,0,0,0,0,0,0,0,1,00:00,0,0,1.000,,0,1,0,0,0,0,.000,0.00,,,,,,,,,,,,,,,,,,,-2.124401802294591,305,61
2026-27,mlax,North Coast Athletic Conference (NCAC),ncac,Wabash,"Licea, Adrian",Adrian,Licea,,747,"Licea, Adrian","LICEA,ADRIAN",LICEAADRIANWABM,2,0,,,Wabash,WABM,1224-3913,0,0,0,0,0,0,0,0,0,0,0,0,0,0,0,0,0,0,0,0,0,0,0,0,0,0,1,00:00,0,0,1.000,,0,0,0,0,0,0,.000,0.00,,,,,,,,,,,,,,,,,,,-2.124401802294591,306,61
2026-27,mlax,North Coast Athletic Conference (NCAC),ncac,Wittenberg,Luke Stanfield,Luke,Stanfield,,806,Luke Stanfield,"STANFIELD,LUKE",STANFIELDLUKEWITTENBE,6,1,,,Wittenberg,WITTENBE,0,0,0,0,0,0,0,0,0,0,0,0,0,0,0,0,0,0,0,0,0,0,0,0,0,0,2,1,60:00,0,0,1.000,,2,2,0,0,0,0,1.000,0.00,,,,,,,,,,,,,,,,,,,-2.124401802294591,307,61
2026-27,mlax,North Coast Athletic Conference (NCAC),ncac,Denison,Matthew Bonasera,Matthew,Bonasera,,182,Matthew Bonasera,"BONASERA,MATTHEW",BONASERAMATTHEWDENISON,3,0,,,Denison,DENISON,1214-3640,0,0,0,0,0,0,0,0,0,0,0,0,0,0,0,0,0,0,0,0,0,0,0,0,0,0,1,00:00,0,0,1.000,,0,0,0,0,0,0,.000,0.00,,,,,,,,,,,,,,,,,,,-2.124401802294591,308,61
2026-27,mlax,North Coast Athletic Conference (NCAC),ncac,Ohio Wesleyan,Zach Dilauro,Zach,Dilauro,,520,Zach Dilauro,"DILAURO,ZACH",DILAUROZACHOWU,5,0,,,Ohio Wesleyan,OWU,1222-3460,0,0,0,0,0,0,0,0,0,0,0,0,0,0,0,0,0,0,0,0,0,0,0,0,0,0,1,00:00,0,0,1.000,,0,0,0,0,0,0,.000,0.00,,,,,,,,,,,,,,,,,,,-2.124401802294591,309,61
2026-27,mlax,North Coast Athletic Conference (NCAC),ncac,Ohio Wesleyan,Brock Rose,Brock,Rose,,520,Brock Rose,"ROSE,BROCK",ROSEBROCKOWU,7,0,,,Ohio Wesleyan,OWU,1222-3459,0,0,0,0,0,0,0,0,0,0,0,0,0,0,0,0,0,0,0,0,0,0,0,2,0,2,0,00:00,0,0,1.000,,1,1,0,0,0,0,1.000,0.00,,,,,,,,,,,,,,,,,,,-2.1515125047993293,310,61
2026-27,mlax,North Coast Athletic Conference (NCAC),ncac,Denison,Declan Kelley,Declan,Kelley,,182,Declan Kelley,"KELLEY,DECLAN",KELLEYDECLANDENISON,5,0,,,Denison,DENISON,1214-3902,0,0,0,0,0,0,0,0,0,0,0,0,0,0,0,0,0,1,0,0,0,0,0,2,0,2,0,00:00,0,0,1.000,,0,0,0,0,0,0,.000,0.00,,,,,,,,,,,,,,,,,,,-2.1515125047993293,311,61
2026-27,mlax,North Coast Athletic Conference (NCAC),ncac,Oberlin,Evan Bekos,Evan,Bekos,,515,Evan Bekos,"BEKOS,EVAN",BEKOSEVANOBERLIN,3,0,,,Oberlin,OBERLIN,1221-4272,0,0,0,0,0,0,0,0,0,0,0,0,0,0,0,0,0,0,0,0,0,0,0,2,0,0,0,00:00,0,0,1.000,,0,0,0,0,0,0,.000,0.00,,,,,,,,,,,,,,,,,,,-2.1515125047993293,312,61
2026-27,mlax,North Coast Athletic Conference (NCAC),ncac,Ohio Wesleyan,Graham Stadtler,Graham,Stadtler,,520,Graham Stadtler,"STADTLER,GRAHAM",STADTLERGRAHAMOWU,5,0,,,Ohio Wesleyan,OWU,1222-3047,0,0,0,0,0,0,0,0,0,0,0,0,0,0,0,0,0,0,0,0,0,0,0,2,0,1,0,00:00,0,0,1.000,,0,0,0,0,0,0,.000,0.00,,,,,,,,,,,,,,,,,,,-2.1515125047993293,313,60
2026-27,mlax,North Coast Athletic Conference (NCAC),ncac,Kenyon,Jack Michaels,Jack,Michaels,,335,Jack Michaels,"MICHAELS,JACK",MICHAELSJACKKENYON,5,0,,,Kenyon,KENYON,1219-2927,0,0,0,0,0,0,0,0,0,0,0,0,0,0,0,0,0,1,0,0,0,1,0,2,0,1,0,00:00,0,1,1.000,,0,0,0,0,0,0,.000,0.00,,,,,,,,,,,,,,,,,,,-2.1515125047993293,314,60
2026-27,mlax,North Coast Athletic Conference (NCAC),ncac,Denison,Mason Ball,Mason,Ball,,182,Mason Ball,"BALL,MASON",BALLMASONDENISON,3,0,,,Denison,DENISON,1214-3408,0,0,0,0,0,0,0,0,0,0,0,0,0,0,0,0,0,0,0,0,0,0,0,2,0,0,0,00:00,0,0,1.000,,0,1,0,0,0,0,.000,0.00,,,,,,,,,,,,,,,,,,,-2.1515125047993293,315,60
2026-27,mlax,North Coast Athletic Conference (NCAC),ncac,Oberlin,Quaadir Durden,Quaadir,Durden,,515,Quaadir Durden,"DURDEN,QUAADIR",DURDENQUAADIROBERLIN,5,0,,,Oberlin,OBERLIN,1221-4276,0,0,0,0,0,0,0,0,0,0,0,0,0,0,0,0,0,1,0,0,0,3,3,2,0,1,0,00:00,0,6,1.000,,0,0,0,0,0,0,.000,0.00,,,,,,,,,,,,,,,,,,,-2.1515125047993293,316,60
2026-27,mlax,North Coast Athletic Conference (NCAC),ncac,Denison,Quinlan Toelke,Quinlan,Toelke,,182,Quinlan Toelke,"TOELKE,QUINLAN",TOELKEQUINLANDENISON,4,0,,,Denison,DENISON,1214-3650,0,0,0,0,0,0,0,0,0,0,0,0,0,0,0,0,0,0,0,0,0,0,0,2,0,0,0,00:00,0,0,1.000,,0,0,0,0,0,0,.000,0.00,,,,,,,,,,,,,,,,,,,-2.1515125047993293,317,60
2026-27,mlax,North Coast Athletic Conference (NCAC),ncac,Kenyon,Scott Speaker,Scott,Speaker,,335,Scott Speaker,"SPEAKER,SCOTT",SPEAKERSCOTTKENYON,9,0,,,Kenyon,KENYON,1219-2767,0,0,0,0,0,0,0,0,0,0,0,0,0,0,0,0,0,0,1,0,0,0,0,2,0,0,0,00:00,0,0,1.000,,0,0,0,0,0,0,.000,0.00,,,,,,,,,,,,,,,,,,,-2.1515125047993293,318,60
2026-27,mlax,North Coast Athletic Conference (NCAC),ncac,Oberlin,Seamus Story,Seamus,Story,,515,Seamus Story,"STORY,SEAMUS",STORYSEAMUSOBERLIN,6,0,,,Oberlin,OBERLIN,1221-3932,0,0,0,0,0,0,0,0,0,0,0,0,0,0,0,0,0,0,1,0,0,0,0,2,0,0,0,00:00,0,0,1.000,,0,0,0,0,0,0,.000,0.00,,,,,,,,,,,,,,,,,,,-2.1515125047993293,319,60
2026-27,mlax,North Coast Athletic Conference (NCAC),ncac,Wooster,Tobi Aina,Tobi,Aina,,807,Tobi Aina,"AINA,TOBI",AINATOBIWOOSTER,6,0,,,Wooster,WOOSTER,1226-3073,0,0,0,0,0,0,0,0,0,0,0,0,0,0,0,0,0,0,0,0,0,0,0,2,0,1,0,00:00,0,0,1.000,,0,0,0,0,0,0,.000,0.00,,,,,,,,,,,,,,,,,,,-2.1515125047993293,320,60
2026-27,mlax,North Coast Athletic Conference (NCAC),ncac,Denison,Beckley Waldrop,Beckley,Waldrop,,182,Beckley Waldrop,"WALDROP,BECKLEY",WALDROPBECKLEYDENISON,3,0,,,Denison,DENISON,1214-3910,0,0,0,0,0,0,0,0,0,0,0,0,0,0,0,0,0,0,0,0,0,1,1,1,0,0,0,00:00,0,2,1.000,,0,0,0,0,0,0,.000,0.00,,,,,,,,,,,,,,,,,,,-2.1849109460669847,321,60
2026-27,mlax,North Coast Athletic Conference (NCAC),ncac,John Carroll,Brennan Frazier,Brennan,Frazier,,320,Brennan Frazier,"FRAZIER,BRENNAN",FRAZIERBRENNANJOHN CAR,1,0,,,John Carroll,JOHN CAR,0,0,0,0,0,0,0,0,0,0,0,0,0,0,0,0,0,0,0,0,0,0,0,0,1,0,1,0,0,0,0,1.000,,0,0,0,0,0,0,.000,0.00,,,,,,,,,,,,,,,,,,,-2.1849109460669847,322,59
2026-27,mlax,North Coast Athletic Conference (NCAC),ncac,Wooster,CJ Collins,CJ,Collins,,807,CJ Collins,"COLLINS,CJ",COLLINSCJWOOSTER,8,0,,,Wooster,WOOSTER,1226-3328,0,0,0,0,0,0,0,0,0,0,0,0,0,0,0,0,0,0,0,0,0,0,0,1,0,1,0,00:00,0,0,1.000,,0,0,0,0,0,0,.000,0.00,,,,,,,,,,,,,,,,,,,-2.1849109460669847,323,59
2026-27,mlax,North Coast Athletic Conference (NCAC),ncac,Wabash,"Finnegan, JR",JR,Finnegan,,747,"Finnegan, JR","FINNEGAN,JR",FINNEGANJRWABM,2,1,,,Wabash,WABM,1224-3903,0,0,0,0,0,0,0,0,0,0,0,0,0,0,0,0,0,0,0,0,0,0,0,1,0,0,0,60:00,0,0,1.000,,0,0,0,0,0,0,.000,0.00,,,,,,,,,,,,,,,,,,,-2.1849109460669847,324,59
2026-27,mlax,North Coast Athletic Conference (NCAC),ncac,Wittenberg,Grahm Casey,Grahm,Casey,,806,Grahm Casey,"CASEY,GRAHM",CASEYGRAHMWITTENBE,11,2,,,Wittenberg,WITTENBE,0,0,0,0,0,0,0,0,0,0,0,0,0,0,0,0,0,0,0,0,0,0,0,0,1,0,5,0,120:00,0,0,1.000,,3,6,0,0,0,0,.500,0.00,,,,,,,,,,,,,,,,,,,-2.1849109460669847,325,59
2026-27,mlax,North Coast Athletic Conference (NCAC),ncac,John Carroll,Harrison Williams,Harrison,Williams,,320,Harrison Williams,"WILLIAMS,HARRISON",WILLIAMSHARRISONJOHN CAR,2,0,,,John Carroll,JOHN CAR,0,0,0,0,0,0,0,0,0,0,0,0,0,0,0,0,0,0,0,0,0,0,0,0,1,0,0,0,00:00,0,0,1.000,,0,0,0,0,0,0,.000,0.00,,,,,,,,,,,,,,,,,,,-2.1849109460669847,326,59
2026-27,mlax,North Coast Athletic Conference (NCAC),ncac,Wittenberg,Henry Mehlberg,Henry,Mehlberg,,806,Henry Mehlberg,"MEHLBERG,HENRY",MEHLBERGHENRYWITTENBE,1,0,,,Wittenberg,WITTENBE,0,0,0,0,0,0,0,0,0,0,0,0,0,0,0,0,0,0,0,0,0,0,0,0,1,0,0,0,00:00,0,0,1.000,,0,0,0,0,0,0,.000,0.00,,,,,,,,,,,,,,,,,,,-2.1849109460669847,327,59
2026-27,mlax,North Coast Athletic Conference (NCAC),ncac,Oberlin,Jackson Davies,Jackson,Davies,,515,Jackson Davies,"DAVIES,JACKSON",DAVIESJACKSONOBERLIN,3,0,,,Oberlin,OBERLIN,1221-3818,0,0,0,0,0,0,0,0,0,0,0,0,0,0,0,0,0,0,0,0,0,0,0,1,0,0,0,00:00,0,0,1.000,,0,0,0,0,0,0,.000,0.00,,,,,,,,,,,,,,,,,,,-2.1849109460669847,328,59
2026-27,mlax,North Coast Athletic Conference (NCAC),ncac,DePauw,Joseph Jones,Joseph,Jones,,177,Joseph Jones,"JONES,JOSEPH",JONESJOSEPHDEPAUW,6,0,,,DePauw,DEPAUW,1274-6417,0,0,0,0,0,0,0,0,0,0,0,0,0,0,0,0,0,1,0,0,0,0,0,1,0,2,0,00:00,0,0,1.000,,0,0,0,0,0,0,.000,0.00,,,,,,,,,,,,,,,,,,,-2.1849109460669847,329,59
2026-27,mlax,North Coast Athletic Conference (NCAC),ncac,Wittenberg,Logan Kallenbach,Logan,Kallenbach,,806,Logan Kallenbach,"KALLENBACH,LOGAN",KALLENBACHLOGANWITTENBE,1,0,,,Wittenberg,WITTENBE,0,0,0,0,0,0,0,0,0,0,0,0,0,0,0,0,0,0,0,0,0,0,0,0,1,0,0,0,00:00,0,0,1.000,,0,0,0,0,0,0,.000,0.00,,,,,,,,,,,,,,,,,,,-2.1849109460669847,330,59
2026-27,mlax,North Coast Athletic Conference (NCAC),ncac,Wooster,Mac Dwyer,Mac,Dwyer,,807,Mac Dwyer,"DWYER,MAC",DWYERMACWOOSTER,6,0,,,Wooster,WOOSTER,1226-3330,0,0,0,0,0,0,0,0,0,0,0,0,0,0,0,0,0,0,0,0,0,0,0,1,0,0,0,00:00,0,0,1.000,,0,0,0,0,0,0,.000,0.00,,,,,,,,,,,,,,,,,,,-2.1849109460669847,331,58
2026-27,mlax,North Coast Athletic Conference (NCAC),ncac,John Carroll,Mark Logan,Mark,Logan,,320,Mark Logan,"LOGAN,MARK",LOGANMARKJOHN CAR,1,0,,,John Carroll,JOHN CAR,0,0,0,0,0,0,0,0,0,0,0,0,0,0,0,0,0,0,0,0,0,0,0,0,1,0,0,0,0,0,0,1.000,,0,1,0,0,0,0,.000,0.00,,,,,,,,,,,,,,,,,,,-2.1849109460669847,332,58
2026-27,mlax,North Coast Athletic Conference (NCAC),ncac,Wooster,Patrick Kane,Patrick,Kane,,807,Patrick Kane,"KANE,PATRICK",KANEPATRICKWOOSTER,9,0,,,Wooster,WOOSTER,1226-1357,0,0,0,0,0,0,0,0,0,0,0,0,0,0,0,0,0,1,0,0,0,0,0,1,0,0,0,00:00,0,0,1.000,,0,1,0,0,0,0,.000,0.00,,,,,,,,,,,,,,,,,,,-2.1849109460669847,333,58
2026-27,mlax,North Coast Athletic Conference (NCAC),ncac,Ohio Wesleyan,Simon Stoller,Simon,Stoller,,520,Simon Stoller,"STOLLER,SIMON",STOLLERSIMONOWU,3,0,,,Ohio Wesleyan,OWU,1222-3451,0,0,0,0,0,0,0,0,0,0,0,0,0,0,0,0,0,0,0,0,0,2,0,1,0,1,0,00:00,0,2,1.000,,1,1,0,0,0,0,1.000,0.00,,,,,,,,,,,,,,,,,,,-2.1849109460669847,334,58
2026-27,mlax,North Coast Athletic Conference (NCAC),ncac,Denison,Tucker Paxson,Tucker,Paxson,,182,Tucker Paxson,"PAXSON,TUCKER",PAXSONTUCKERDENISON,2,0,,,Denison,DENISON,1214-3906,0,0,0,0,0,0,0,0,0,0,0,0,0,0,0,0,0,0,0,0,0,0,0,1,0,0,0,00:00,0,0,1.000,,0,0,0,0,0,0,.000,0.00,,,,,,,,,,,,,,,,,,,-2.1849109460669847,335,58
2026-27,mlax,North Coast Athletic Conference (NCAC),ncac,Wabash,"White, Logan",Logan,White,,747,"White, Logan","WHITE,LOGAN",WHITELOGANWABM,4,0,,,Wabash,WABM,1224-3906,0,0,0,0,0,0,0,0,0,0,0,0,0,0,0,0,0,0,0,0,0,0,0,1,0,0,0,00:00,0,0,1.000,,1,1,0,0,0,0,1.000,0.00,,,,,,,,,,,,,,,,,,,-2.1849109460669847,336,58
2026-27,mlax,North Coast Athletic Conference (NCAC),ncac,DePauw,Aaron Zimmet,Aaron,Zimmet,,177,Aaron Zimmet,"ZIMMET,AARON",ZIMMETAARONDEPAUW,1,0,,,DePauw,DEPAUW,1274-6420,0,0,0,0,0,0,0,0,0,0,0,0,0,0,0,0,0,0,0,0,0,0,0,0,0,0,0,00:00,0,0,1.000,,0,0,0,0,0,0,.000,0.00,,,,,,,,,,,,,,,,,,,-2.2183093873346404,337,58
2026-27,mlax,North Coast Athletic Conference (NCAC),ncac,John Carroll,Alexander Shaffer,Alexander,Shaffer,,320,Alexander Shaffer,"SHAFFER,ALEXANDER",SHAFFERALEXANDERJOHN CAR,2,1,,,John Carroll,JOHN CAR,0,0,0,0,0,0,0,0,0,0,0,0,0,0,0,0,0,0,0,0,0,0,0,0,0,0,1,0,60:00,0,0,1.000,,0,1,0,0,0,0,.000,0.00,,,,,,,,,,,,,,,,,,,-2.2183093873346404,338,58
2026-27,mlax,North Coast Athletic Conference (NCAC),ncac,DePauw,Anton Berg,Anton,Berg,,177,Anton Berg,"BERG,ANTON",BERGANTONDEPAUW,2,0,,,DePauw,DEPAUW,1274-6413,0,0,0,0,0,0,0,0,0,0,0,0,0,0,0,0,0,0,0,0,0,0,0,0,0,0,0,00:00,0,0,1.000,,0,0,0,0,0,0,.000,0.00,,,,,,,,,,,,,,,,,,,-2.2183093873346404,339,57
2026-27,mlax,North Coast Athletic Conference (NCAC),ncac,Denison,Augustus Swartwood,Augustus,Swartwood,,182,Augustus Swartwood,"SWARTWOOD,AUGUSTUS",SWARTWOODAUGUSTUSDENISON,3,0,,,Denison,DENISON,1214-3649,0,0,0,0,0,0,0,0,0,0,0,0,0,0,0,0,0,0,0,0,0,0,0,0,0,0,0,00:00,0,0,1.000,,0,0,0,0,0,0,.000,0.00,,,,,,,,,,,,,,,,,,,-2.2183093873346404,340,57
2026-27,mlax,North Coast Athletic Conference (NCAC),ncac,Oberlin,Ben Geist,Ben,Geist,,515,Ben Geist,"GEIST,BEN",GEISTBENOBERLIN,3,0,,,Oberlin,OBERLIN,1221-4277,0,0,0,0,0,0,0,0,0,0,0,0,0,0,0,0,0,0,0,0,0,0,0,0,0,0,0,00:00,0,0,1.000,,0,0,0,0,0,0,.000,0.00,,,,,,,,,,,,,,,,,,,-2.2183093873346404,341,57
2026-27,mlax,North Coast Athletic Conference (NCAC),ncac,Oberlin,Bobby Brock,Bobby,Brock,,515,Bobby Brock,"BROCK,BOBBY",BROCKBOBBYOBERLIN,3,0,,,Oberlin,OBERLIN,1221-4273,0,0,0,0,0,0,0,0,0,0,0,0,0,0,0,0,0,0,0,0,0,0,0,0,0,0,0,00:00,0,0,1.000,,0,0,0,0,0,0,.000,0.00,,,,,,,,,,,,,,,,,,,-2.2183093873346404,342,57
2026-27,mlax,North Coast Athletic Conference (NCAC),ncac,Wabash,"Bohrer, Jack",Jack,Bohrer,,747,"Bohrer, Jack","BOHRER,JACK",BOHRERJACKWABM,7,1,,,Wabash,WABM,1224-3440,0,0,0,0,0,0,0,0,0,0,0,0,0,0,0,0,0,0,0,0,0,0,0,0,0,0,0,60:00,0,0,1.000,,0,0,0,0,0,0,.000,0.00,,,,,,,,,,,,,,,,,,,-2.2183093873346404,343,57
2026-27,mlax,North Coast Athletic Conference (NCAC),ncac,DePauw,Carter Blum,Carter,Blum,,177,Carter Blum,"BLUM,CARTER",BLUMCARTERDEPAUW,3,0,,,DePauw,DEPAUW,1274-6869,0,0,0,0,0,0,0,0,0,0,0,0,0,0,0,0,0,0,0,0,0,0,0,0,0,0,0,00:00,0,0,1.000,,0,0,0,0,0,0,.000,0.00,,,,,,,,,,,,,,,,,,,-2.2183093873346404,344,57
2026-27,mlax,North Coast Athletic Conference (NCAC),ncac,Oberlin,Charles Raymond,Charles,Raymond,,515,Charles Raymond,"RAYMOND,CHARLES",RAYMONDCHARLESOBERLIN,2,0,,,Oberlin,OBERLIN,1221-4045,0,0,0,0,0,0,0,0,0,0,0,0,0,0,0,0,0,0,0,0,0,0,0,0,0,0,0,00:00,0,0,1.000,,0,0,0,0,0,0,.000,0.00,,,,,,,,,,,,,,,,,,,-2.2183093873346404,345,57
2026-27,mlax,North Coast Athletic Conference (NCAC),ncac,Kenyon,Charlie Dailey,Charlie,Dailey,,335,Charlie Dailey,"DAILEY,CHARLIE",DAILEYCHARLIEKENYON,4,0,,,Kenyon,KENYON,1219-3106,0,0,0,0,0,0,0,0,0,0,0,0,0,0,0,0,0,0,1,0,0,0,0,0,0,1,0,00:00,0,0,1.000,,1,1,0,0,0,0,1.000,0.00,,,,,,,,,,,,,,,,,,,-2.2183093873346404,346,57
2026-27,mlax,North Coast Athletic Conference (NCAC),ncac,Kenyon,Charlie Spottiswoode,Charlie,Spottiswoode,,335,Charlie Spottiswoode,"SPOTTISWOODE,CHARLIE",SPOTTISWOODECHARLIEKENYON,6,0,,,Kenyon,KENYON,1219-3102,0,0,0,0,0,0,0,0,0,0,0,0,0,0,0,0,0,1,1,0,0,0,0,0,0,3,0,00:00,0,0,1.000,,0,0,0,0,0,0,.000,0.00,,,,,,,,,,,,,,,,,,,-2.2183093873346404,347,57
2026-27,mlax,North Coast Athletic Conference (NCAC),ncac,John Carroll,Charlie Williams,Charlie,Williams,,320,Charlie Williams,"WILLIAMS,CHARLIE",WILLIAMSCHARLIEJOHN CAR,2,0,,,John Carroll,JOHN CAR,0,0,0,0,0,0,0,0,0,0,0,0,0,0,0,0,0,0,0,0,0,0,0,0,0,0,1,0,00:00,0,0,1.000,,0,1,0,0,0,0,.000,0.00,,,,,,,,,,,,,,,,,,,-2.2183093873346404,348,56
2026-27,mlax,North Coast Athletic Conference (NCAC),ncac,DePauw,Elijah O'Neal,Elijah,O'Neal,,177,Elijah O'Neal,"O'NEAL,ELIJAH",O'NEALELIJAHDEPAUW,4,0,,,DePauw,DEPAUW,1274-6893,0,0,0,0,0,0,0,0,0,0,0,0,0,0,0,0,0,0,0,0,0,0,1,0,0,0,0,00:00,0,1,1.000,,0,0,0,0,0,0,.000,0.00,,,,,,,,,,,,,,,,,,,-2.2183093873346404,349,56
2026-27,mlax,North Coast Athletic Conference (NCAC),ncac,Denison,Ellis Halpin,Ellis,Halpin,,182,Ellis Halpin,"HALPIN,ELLIS",HALPINELLISDENISON,5,0,,,Denison,DENISON,1214-3911,0,0,0,0,0,0,0,0,0,0,0,0,0,0,0,0,0,0,0,0,0,0,0,0,0,1,0,00:00,0,0,1.000,,1,2,0,0,0,0,.500,0.00,,,,,,,,,,,,,,,,,,,-2.2183093873346404,350,56
2026-27,mlax,North Coast Athletic Conference (NCAC),ncac,John Carroll,Emmet Griffin,Emmet,Griffin,,320,Emmet Griffin,"GRIFFIN,EMMET",GRIFFINEMMETJOHN CAR,1,0,,,John Carroll,JOHN CAR,0,0,0,0,0,0,0,0,0,0,0,0,0,0,0,0,0,0,0,0,0,0,0,0,0,0,0,0,00:00,0,0,1.000,,1,1,0,0,0,0,1.000,0.00,,,,,,,,,,,,,,,,,,,-2.2183093873346404,351,56
2026-27,mlax,North Coast Athletic Conference (NCAC),ncac,Wabash,"Finnestad, David",David,Finnestad,,747,"Finnestad, David","FINNESTAD,DAVID",FINNESTADDAVIDWABM,3,0,,,Wabash,WABM,1224-3915,0,0,0,0,0,0,0,0,1,0,0,0,0,0,0,0,0,0,0,0,0,0,0,0,0,1,0,00:00,0,0,1.000,,1,2,0,0,0,0,.500,0.00,,,,,,,,,,,,,,,,,,,-2.2183093873346404,352,56
2026-27,mlax,North Coast Athletic Conference (NCAC),ncac,Wabash,"Foley, Liam",Liam,Foley,,747,"Foley, Liam","FOLEY,LIAM",FOLEYLIAMWABM,11,0,,,Wabash,WABM,1224-3796,0,0,0,0,0,0,0,0,0,0,0,0,0,0,0,0,0,0,0,0,0,9,28,0,0,0,0,00:00,0,37,1.000,,0,0,0,0,0,0,.000,0.00,,,,,,,,,,,,,,,,,,,-2.2183093873346404,353,56
2026-27,mlax,North Coast Athletic Conference (NCAC),ncac,Wabash,"Fry, Gavin",Gavin,Fry,,747,"Fry, Gavin","FRY,GAVIN",FRYGAVINWABM,1,0,,,Wabash,WABM,1224-3793,0,0,0,0,0,0,0,0,0,0,0,0,0,0,0,0,0,0,0,0,0,0,0,0,0,0,0,00:00,0,0,1.000,,0,0,0,0,0,0,.000,0.00,,,,,,,,,,,,,,,,,,,-2.2183093873346404,354,56
2026-27,mlax,North Coast Athletic Conference (NCAC),ncac,DePauw,George Wehbe,George,Wehbe,,177,George Wehbe,"WEHBE,GEORGE",WEHBEGEORGEDEPAUW,2,0,,,DePauw,DEPAUW,1274-6879,0,0,0,0,0,0,0,0,0,0,0,0,0,0,0,0,0,0,0,0,0,0,0,0,0,0,0,00:00,0,0,1.000,,0,0,0,0,0,0,.000,0.00,,,,,,,,,,,,,,,,,,,-2.2183093873346404,355,56
2026-27,mlax,North Coast Athletic Conference (NCAC),ncac,Denison,Graham Michener,Graham,Michener,,182,Graham Michener,"MICHENER,GRAHAM",MICHENERGRAHAMDENISON,4,0,,,Denison,DENISON,1214-3418,0,0,0,0,0,0,0,0,0,0,0,0,0,0,0,0,0,0,0,0,0,0,0,0,0,0,0,00:00,0,0,1.000,,1,1,0,0,0,0,1.000,0.00,,,,,,,,,,,,,,,,,,,-2.2183093873346404,356,56
2026-27,mlax,North Coast Athletic Conference (NCAC),ncac,Kenyon,Grayson Goodman,Grayson,Goodman,,335,Grayson Goodman,"GOODMAN,GRAYSON",GOODMANGRAYSONKENYON,0,0,,,Kenyon,KENYON,1219-2930,0,0,0,0,0,0,0,0,0,0,0,0,0,0,0,0,0,0,0,0,0,0,0,0,0,0,0,00:00,0,0,1.000,,0,0,0,0,0,0,.000,0,,,,,,,,,,,,,,,,,,,-2.2183093873346404,357,55
2026-27,mlax,North Coast Athletic Conference (NCAC),ncac,Kenyon,Henry Murchinson,Henry,Murchinson,,335,Henry Murchinson,"MURCHINSON,HENRY",MURCHINSONHENRYKENYON,4,0,,,Kenyon,KENYON,1219-3108,0,0,0,0,0,0,0,0,0,0,0,0,0,0,0,0,0,0,0,0,0,0,0,0,0,2,0,00:00,0,0,1.000,,0,0,0,0,0,0,.000,0.00,,,,,,,,,,,,,,,,,,,-2.2183093873346404,358,55
2026-27,mlax,North Coast Athletic Conference (NCAC),ncac,Ohio Wesleyan,Henry Zuccardy,Henry,Zuccardy,,520,Henry Zuccardy,"ZUCCARDY,HENRY",ZUCCARDYHENRYOWU,1,0,,,Ohio Wesleyan,OWU,1222-3462,0,0,0,0,0,0,0,0,0,0,0,0,0,0,0,0,0,0,0,0,0,0,0,0,0,0,0,00:00,0,0,1.000,,0,0,0,0,0,0,.000,0.00,,,,,,,,,,,,,,,,,,,-2.2183093873346404,359,55
2026-27,mlax,North Coast Athletic Conference (NCAC),ncac,Oberlin,Hwaejin Chung,Hwaejin,Chung,,515,Hwaejin Chung,"CHUNG,HWAEJIN",CHUNGHWAEJINOBERLIN,3,0,,,Oberlin,OBERLIN,1221-3557,0,0,0,0,0,0,0,0,0,0,0,0,0,0,0,0,0,0,0,0,0,0,0,0,0,2,0,00:00,0,0,1.000,,0,0,0,0,0,0,.000,0.00,,,,,,,,,,,,,,,,,,,-2.2183093873346404,360,55
2026-27,mlax,North Coast Athletic Conference (NCAC),ncac,Kenyon,Jake Newman,Jake,Newman,,335,Jake Newman,"NEWMAN,JAKE",NEWMANJAKEKENYON,1,0,,,Kenyon,KENYON,0,0,0,0,0,0,0,0,0,0,0,0,0,0,0,0,0,0,0,0,0,0,0,0,0,0,0,0,00:00,0,0,1.000,,0,0,0,0,0,0,.000,0.00,,,,,,,,,,,,,,,,,,,-2.2183093873346404,361,55
2026-27,mlax,North Coast Athletic Conference (NCAC),ncac,Kenyon,Jakob Andreassen,Jakob,Andreassen,,335,Jakob Andreassen,"ANDREASSEN,JAKOB",ANDREASSENJAKOBKENYON,4,0,,,Kenyon,KENYON,1219-2770,0,0,0,0,0,0,0,0,0,0,0,0,0,0,0,0,0,0,0,0,0,0,0,0,0,0,0,00:00,0,0,1.000,,0,0,0,0,0,0,.000,0.00,,,,,,,,,,,,,,,,,,,-2.2183093873346404,362,55
2026-27,mlax,North Coast Athletic Conference (NCAC),ncac,John Carroll,Jimmy Xiao,Jimmy,Xiao,,320,Jimmy Xiao,"XIAO,JIMMY",XIAOJIMMYJOHN CAR,1,0,,,John Carroll,JOHN CAR,0,0,0,0,0,0,0,0,0,0,0,0,0,0,0,0,0,0,0,0,0,0,0,0,0,0,0,0,00:00,0,0,1.000,,0,0,0,0,0,0,.000,0.00,,,,,,,,,,,,,,,,,,,-2.2183093873346404,363,55
2026-27,mlax,North Coast Athletic Conference (NCAC),ncac,DePauw,Julian Mulholland,Julian,Mulholland,,177,Julian Mulholland,"MULHOLLAND,JULIAN",MULHOLLANDJULIANDEPAUW,3,0,,,DePauw,DEPAUW,1274-6875,0,0,0,0,0,0,0,0,0,0,0,0,0,0,0,0,0,0,0,0,0,1,0,0,0,0,0,00:00,0,1,1.000,,0,0,0,0,0,0,.000,0.00,,,,,,,,,,,,,,,,,,,-2.2183093873346404,364,55
2026-27,mlax,North Coast Athletic Conference (NCAC),ncac,Kenyon,Kieran Hoffman,Kieran,Hoffman,,335,Kieran Hoffman,"HOFFMAN,KIERAN",HOFFMANKIERANKENYON,2,0,,,Kenyon,KENYON,1219-2925,0,0,0,0,0,0,0,0,0,0,0,0,0,0,0,0,0,0,0,0,0,0,0,0,0,0,0,00:00,0,0,1.000,,0,0,0,0,0,0,.000,0.00,,,,,,,,,,,,,,,,,,,-2.2183093873346404,365,54
2026-27,mlax,North Coast Athletic Conference (NCAC),ncac,Wabash,"Lindeman, Colby",Colby,Lindeman,,747,"Lindeman, Colby","LINDEMAN,COLBY",LINDEMANCOLBYWABM,1,0,,,Wabash,WABM,1224-3909,0,0,0,0,0,0,0,0,0,0,0,0,0,0,0,0,0,0,0,0,0,0,0,0,0,0,0,0,0,0,1.000,,0,0,0,0,0,0,.000,0.00,,,,,,,,,,,,,,,,,,,-2.2183093873346404,366,54
2026-27,mlax,North Coast Athletic Conference (NCAC),ncac,DePauw,Luka Ratarac,Luka,Ratarac,,177,Luka Ratarac,"RATARAC,LUKA",RATARACLUKADEPAUW,2,0,,,DePauw,DEPAUW,1274-6877,0,0,0,0,0,0,0,0,0,0,0,0,0,0,0,0,0,0,0,0,0,0,0,0,0,0,0,00:00,0,0,1.000,,0,0,0,0,0,0,.000,0.00,,,,,,,,,,,,,,,,,,,-2.2183093873346404,367,54
2026-27,mlax,North Coast Athletic Conference (NCAC),ncac,DePauw,Max Vanderwiel,Max,Vanderwiel,,177,Max Vanderwiel,"VANDERWIEL,MAX",VANDERWIELMAXDEPAUW,3,0,,,DePauw,DEPAUW,1274-6683,0,0,0,0,0,0,0,0,0,0,0,0,0,0,0,0,0,0,0,0,0,0,0,0,0,1,0,00:00,0,0,1.000,,0,0,0,0,0,0,.000,0.00,,,,,,,,,,,,,,,,,,,-2.2183093873346404,368,54
2026-27,mlax,North Coast Athletic Conference (NCAC),ncac,John Carroll,Michael Barton,Michael,Barton,,320,Michael Barton,"BARTON,MICHAEL",BARTONMICHAELJOHN CAR,1,0,,,John Carroll,JOHN CAR,0,0,0,0,0,0,0,0,0,0,0,0,0,0,0,0,0,0,0,0,0,0,0,0,0,0,0,0,0,0,0,1.000,,0,0,0,0,0,0,.000,0.00,,,,,,,,,,,,,,,,,,,-2.2183093873346404,369,54
2026-27,mlax,North Coast Athletic Conference (NCAC),ncac,Oberlin,Michael Dinkel,Michael,Dinkel,,515,Michael Dinkel,"DINKEL,MICHAEL",DINKELMICHAELOBERLIN,4,0,,,Oberlin,OBERLIN,1221-3762,0,0,0,0,0,0,0,0,0,0,0,0,0,0,0,0,0,0,0,0,0,0,0,0,0,0,0,00:00,0,0,1.000,,0,1,0,0,0,0,.000,0.00,,,,,,,,,,,,,,,,,,,-2.2183093873346404,370,54
2026-27,mlax,North Coast Athletic Conference (NCAC),ncac,Kenyon,Michael Matlow,Michael,Matlow,,335,Michael Matlow,"MATLOW,MICHAEL",MATLOWMICHAELKENYON,1,0,,,Kenyon,KENYON,1219-2932,0,0,0,0,0,0,0,0,0,0,0,0,0,0,0,0,0,0,0,0,0,0,0,0,0,0,0,00:00,0,0,1.000,,0,0,0,0,0,0,.000,0.00,,,,,,,,,,,,,,,,,,,-2.2183093873346404,371,54
2026-27,mlax,North Coast Athletic Conference (NCAC),ncac,Wooster,Mo Bajinka,Mo,Bajinka,,807,Mo Bajinka,"BAJINKA,MO",BAJINKAMOWOOSTER,3,0,,,Wooster,WOOSTER,1226-739,0,0,0,0,0,0,0,0,0,0,0,0,0,0,0,0,0,0,0,0,0,0,0,0,0,0,0,00:00,0,0,1.000,,0,0,0,0,0,0,.000,0.00,,,,,,,,,,,,,,,,,,,-2.2183093873346404,372,54
2026-27,mlax,North Coast Athletic Conference (NCAC),ncac,John Carroll,Nate Klan,Nate,Klan,,320,Nate Klan,"KLAN,NATE",KLANNATEJOHN CAR,1,0,,,John Carroll,JOHN CAR,0,0,0,0,0,0,0,0,0,0,0,0,0,0,0,0,0,0,0,0,0,0,0,0,0,0,0,0,0,0,0,1.000,,0,0,0,0,0,0,.000,0.00,,,,,,,,,,,,,,,,,,,-2.2183093873346404,373,54
2026-27,mlax,North Coast Athletic Conference (NCAC),ncac,Ohio Wesleyan,Oram Wood,Oram,Wood,,520,Oram Wood,"WOOD,ORAM",WOODORAMOWU,3,0,,,Ohio Wesleyan,OWU,1222-3465,0,0,0,0,0,0,0,0,0,0,0,0,0,0,0,0,0,0,0,0,0,0,0,0,0,0,0,00:00,0,0,1.000,,0,0,0,0,0,0,.000,0.00,,,,,,,,,,,,,,,,,,,-2.2183093873346404,374,53
2026-27,mlax,North Coast Athletic Conference (NCAC),ncac,Wooster,Oscar Gerlach,Oscar,Gerlach,,807,Oscar Gerlach,"GERLACH,OSCAR",GERLACHOSCARWOOSTER,4,0,,,Wooster,WOOSTER,1226-3333,0,0,0,0,0,0,0,0,0,0,0,0,0,0,0,0,0,0,1,0,0,0,0,0,0,0,0,00:00,0,0,1.000,,3,4,0,0,0,0,.750,0.00,,,,,,,,,,,,,,,,,,,-2.2183093873346404,375,53
2026-27,mlax,North Coast Athletic Conference (NCAC),ncac,John Carroll,Patrick Frazier,Patrick,Frazier,,320,Patrick Frazier,"FRAZIER,PATRICK",FRAZIERPATRICKJOHN CAR,1,0,,,John Carroll,JOHN CAR,0,0,0,0,0,0,0,0,0,0,0,0,0,0,0,0,0,0,0,0,0,0,0,0,0,0,0,0,00:00,0,0,1.000,,0,0,0,0,0,0,.000,0.00,,,,,,,,,,,,,,,,,,,-2.2183093873346404,376,53
2026-27,mlax,North Coast Athletic Conference (NCAC),ncac,Oberlin,Peyton Lee,Peyton,Lee,,515,Peyton Lee,"LEE,PEYTON",LEEPEYTONOBERLIN,1,0,,,Oberlin,OBERLIN,1221-3925,0,0,0,0,0,0,0,0,0,0,0,0,0,0,0,0,0,0,0,0,0,0,0,0,0,0,0,00:00,0,0,1.000,,0,0,0,0,0,0,.000,0.00,,,,,,,,,,,,,,,,,,,-2.2183093873346404,377,53
2026-27,mlax,North Coast Athletic Conference (NCAC),ncac,Wabash,"Quayle, Harrison",Harrison,Quayle,,747,"Quayle, Harrison","QUAYLE,HARRISON",QUAYLEHARRISONWABM,2,0,,,Wabash,WABM,1224-3914,0,0,0,0,0,0,0,0,0,0,0,0,0,0,0,0,0,0,0,0,0,0,0,0,0,0,0,00:00,0,0,1.000,,0,0,0,0,0,0,.000,0.00,,,,,,,,,,,,,,,,,,,-2.2183093873346404,378,53
2026-27,mlax,North Coast Athletic Conference (NCAC),ncac,DePauw,Quin O'Malley,Quin,O'Malley,,177,Quin O'Malley,"O'MALLEY,QUIN",O'MALLEYQUINDEPAUW,4,0,,,DePauw,DEPAUW,1274-6876,0,0,0,0,0,0,0,0,0,0,0,0,0,0,0,0,0,0,0,0,0,0,0,0,0,0,0,00:00,0,0,1.000,,0,0,0,0,0,0,.000,0.00,,,,,,,,,,,,,,,,,,,-2.2183093873346404,379,53
2026-27,mlax,North Coast Athletic Conference (NCAC),ncac,John Carroll,Quinn Wiklendt,Quinn,Wiklendt,,320,Quinn Wiklendt,"WIKLENDT,QUINN",WIKLENDTQUINNJOHN CAR,2,0,,,John Carroll,JOHN CAR,0,0,0,0,0,0,0,0,0,0,0,0,0,0,0,0,0,0,0,1,0,0,0,0,0,0,1,0,00:00,0,0,1.000,,0,0,0,0,0,0,.000,0.00,,,,,,,,,,,,,,,,,,,-2.2183093873346404,380,53
2026-27,mlax,North Coast Athletic Conference (NCAC),ncac,John Carroll,Rylan Sorge,Rylan,Sorge,,320,Rylan Sorge,"SORGE,RYLAN",SORGERYLANJOHN CAR,1,0,,,John Carroll,JOHN CAR,0,0,0,0,0,0,0,0,0,0,0,0,0,0,0,0,0,0,1,0,0,0,0,0,0,0,0,0,00:00,0,0,1.000,,0,0,0,0,0,0,.000,0.00,,,,,,,,,,,,,,,,,,,-2.2183093873346404,381,53
2026-27,mlax,North Coast Athletic Conference (NCAC),ncac,Oberlin,Sam DeGrappo,Sam,DeGrappo,,515,Sam DeGrappo,"DEGRAPPO,SAM",DEGRAPPOSAMOBERLIN,0,0,,,Oberlin,OBERLIN,1221-4053,0,0,0,0,0,0,0,0,0,0,0,0,0,0,0,0,0,0,0,0,0,0,0,0,0,0,0,00:00,0,0,1.000,,0,0,0,0,0,0,.000,0,,,,,,,,,,,,,,,,,,,-2.2183093873346404,382,53
2026-27,mlax,North Coast Athletic Conference (NCAC),ncac,Ohio Wesleyan,Sam Lockwood,Sam,Lockwood,,520,Sam Lockwood,"LOCKWOOD,SAM",LOCKWOODSAMOWU,7,0,,,Ohio Wesleyan,OWU,1222-3225,0,0,0,0,0,0,0,0,0,0,0,0,0,0,0,0,0,0,0,0,0,0,0,0,0,2,0,00:00,0,0,1.000,,0,1,0,0,0,0,.000,0.00,,,,,,,,,,,,,,,,,,,-2.2183093873346404,383,52
2026-27,mlax,North Coast Athletic Conference (NCAC),ncac,Wabash,"Sweeney, Brady",Brady,Sweeney,,747,"Sweeney, Brady","SWEENEY,BRADY",SWEENEYBRADYWABM,2,0,,,Wabash,WABM,1224-3912,0,0,0,0,0,0,0,0,0,0,0,0,0,0,0,0,0,0,0,0,0,0,0,0,0,1,0,00:00,0,0,1.000,,0,1,0,0,0,0,.000,0.00,,,,,,,,,,,,,,,,,,,-2.2183093873346404,384,52
2026-27,mlax,North Coast Athletic Conference (NCAC),ncac,Wabash,"Sweeney, John",John,Sweeney,,747,"Sweeney, John","SWEENEY,JOHN",SWEENEYJOHNWABM,1,0,,,Wabash,WABM,1224-3902,0,0,0,0,0,0,0,0,0,0,0,0,0,0,0,0,0,0,0,0,0,0,0,0,0,1,0,00:00,0,0,1.000,,0,0,0,0,0,0,.000,0.00,,,,,,,,,,,,,,,,,,,-2.2183093873346404,385,52
2026-27,mlax,North Coast Athletic Conference (NCAC),ncac,Ohio Wesleyan,T.J. Goberville,T.J.,Goberville,,520,T.J. Goberville,"GOBERVILLE,TJ",GOBERVILLETJOWU,5,2,,,Ohio Wesleyan,OWU,1222-3464,0,0,0,0,0,0,0,0,0,0,0,0,0,0,0,0,0,0,1,0,0,0,0,0,0,0,0,120:00,0,0,1.000,,0,0,0,0,0,0,.000,0.00,,,,,,,,,,,,,,,,,,,-2.2183093873346404,386,52
2026-27,mlax,North Coast Athletic Conference (NCAC),ncac,DePauw,Tyler Kenyon,Tyler,Kenyon,,177,Tyler Kenyon,"KENYON,TYLER",KENYONTYLERDEPAUW,1,0,,,DePauw,DEPAUW,1274-6870,0,0,0,0,0,0,0,0,0,0,0,0,0,0,0,0,0,0,0,0,0,0,0,0,0,0,0,00:00,0,0,1.000,,0,0,0,0,0,0,.000,0.00,,,,,,,,,,,,,,,,,,,-2.2183093873346404,387,52
2026-27,mlax,North Coast Athletic Conference (NCAC),ncac,DePauw,Tyler Nass,Tyler,Nass,,177,Tyler Nass,"NASS,TYLER",NASSTYLERDEPAUW,3,0,,,DePauw,DEPAUW,1274-6678,0,0,0,0,0,0,0,0,0,0,0,0,0,0,0,0,0,0,0,0,0,0,0,0,0,0,0,00:00,0,0,1.000,,0,0,0,0,0,0,.000,0.00,,,,,,,,,,,,,,,,,,,-2.2183093873346404,388,52
2026-27,mlax,North Coast Athletic Conference (NCAC),ncac,Oberlin,Walker Johnson,Walker,Johnson,,515,Walker Johnson,"JOHNSON,WALKER",JOHNSONWALKEROBERLIN,3,0,,,Oberlin,OBERLIN,1221-3824,0,0,0,0,0,0,0,0,0,0,0,0,0,0,0,0,0,0,0,0,0,0,0,0,0,1,0,00:00,0,0,1.000,,0,0,0,0,0,0,.000,0.00,,,,,,,,,,,,,,,,,,,-2.2183093873346404,389,52
2026-27,mlax,North Coast Athletic Conference (NCAC),ncac,Wittenberg,Will Zavala,Will,Zavala,,806,Will Zavala,"ZAVALA,WILL",ZAVALAWILLWITTENBE,7,0,,,Wittenberg,WITTENBE,0,0,0,0,0,0,0,0,0,0,0,0,0,0,0,0,0,0,0,0,0,0,2,11,0,0,0,0,00:00,0,13,1.000,,0,0,0,0,0,0,.000,0.00,,,,,,,,,,,,,,,,,,,-2.2183093873346404,390,52
2026-27,mlax,North Coast Athletic Conference (NCAC),ncac,Wittenberg,Zach Turney,Zach,Turney,,806,Zach Turney,"TURNEY,ZACH",TURNEYZACHWITTENBE,3,0,,,Wittenberg,WITTENBE,0,0,0,0,0,0,0,0,0,0,0,0,0,0,0,0,0,0,0,0,0,0,0,0,0,0,0,0,00:00,0,0,1.000,,0,0,0,0,0,0,.000,0.00,,,,,,,,,,,,,,,,,,,-2.2183093873346404,391,51
2026-27,mlax,North Coast Athletic Conference (NCAC),ncac,Ohio Wesleyan,Jack Hartman,Jack,Hartman,,520,Jack Hartman,"HARTMAN,JACK",HARTMANJACKOWU,5,2,,,Ohio Wesleyan,OWU,1222-3458,0,0,0,0,0,0,0,0,0,0,0,0,0,0,0,0,0,0,0,0,0,0,0,5,0,0,1,109:00,88,0,1.000,,0,0,0,0,0,0,.000,0.00,5,116:58,20,18,0,2,2,0,3,0,0,72,10.26,.474,,,,,-2.2988123826171116,392,51
2026-27,mlax,North Coast Athletic Conference (NCAC),ncac,Denison,Brant Satterly,Brant,Satterly,,182,Brant Satterly,"SATTERLY,BRANT",SATTERLYBRANTDENISON,6,0,,,Denison,DENISON,1214-3421,0,0,0,0,0,0,0,0,0,0,0,0,0,0,0,0,0,0,0,0,0,0,0,2,0,0,0,31:00,13,0,1.000,,0,0,0,0,0,0,.000,0.00,5,46:34,6,5,0,0,0,0,0,0,0,19,7.73,.455,,,,,-2.3867843392199055,393,51
2026-27,mlax,North Coast Athletic Conference (NCAC),ncac,Ohio Wesleyan,John Allen,John,Allen,,520,John Allen,"ALLEN,JOHN",ALLENJOHNOWU,1,0,,,Ohio Wesleyan,OWU,1222-3218,0,0,0,0,0,0,0,0,0,0,0,0,0,0,0,0,0,0,0,0,0,0,0,0,0,1,0,13:00,15,0,1.000,,0,0,0,0,0,0,.000,0.00,1,13:15,2,2,0,0,0,0,0,0,0,4,9.06,.500,,,,,-2.404624365125637,394,51
2026-27,mlax,North Coast Athletic Conference (NCAC),ncac,John Carroll,Josh Wade,Josh,Wade,,320,Josh Wade,"WADE,JOSH",WADEJOSHJOHN CAR,2,0,,,John Carroll,JOHN CAR,0,0,0,0,0,0,0,0,0,0,0,0,0,0,0,0,0,0,0,0,0,0,0,0,0,0,0,0,00:00,0,0,1.000,,0,0,0,0,0,0,.000,0.00,1,05:51,1,1,0,0,0,0,0,0,0,6,10.26,.500,,,,,-2.5426019220288216,395,51
2026-27,mlax,North Coast Athletic Conference (NCAC),ncac,Wittenberg,Chase Singleton,Chase,Singleton,,806,Chase Singleton,"SINGLETON,CHASE",SINGLETONCHASEWITTENBE,4,3,,,Wittenberg,WITTENBE,0,0,0,0,0,0,0,0,0,0,0,0,0,0,0,0,0,0,0,0,0,0,0,0,4,0,1,0,185:00,20,0,1.000,,0,0,0,0,0,0,.000,0.00,4,209:50,51,46,0,0,2,0,0,0,0,154,14.58,.474,,,,,-2.7251117645922482,396,51
2026-27,mlax,North Coast Athletic Conference (NCAC),ncac,Wabash,"Viegel, Ethan",Ethan,Viegel,,747,"Viegel, Ethan","VIEGEL,ETHAN",VIEGELETHANWABM,-19,0,,,Wabash,WABM,1224-3919,0,0,0,0,0,0,0,0,0,0,0,0,0,0,0,0,0,2,-2,0,0,0,0,-13,0,-4,-4,00:00,0,0,1.000,,1,1,0,1,0,1,1.000,-0.05,,,,,,,,,,,,,,,,,,,-2.814555732453287,397,51
2026-27,mlax,North Coast Athletic Conference (NCAC),ncac,Wabash,"Hand, Kade",Kade,Hand,,747,"Hand, Kade","HAND,KADE",HANDKADEWABM,2,0,,,Wabash,WABM,1224-3901,0,0,0,0,0,0,0,0,0,0,0,0,0,0,0,0,0,0,0,0,0,0,0,1,0,0,0,15:00,0,0,1.000,,0,0,0,0,0,0,.000,0.00,1,15:00,3,2,0,0,0,0,0,0,0,13,12.00,.400,,,,,-3.168870747465465,398,51
2026-27,mlax,North Coast Athletic Conference (NCAC),ncac,Ohio Wesleyan,Will White,Will,White,,520,Will White,"WHITE,WILL",WHITEWILLOWU,5,0,,,Ohio Wesleyan,OWU,1222-2850,0,0,0,0,0,0,0,0,0,0,0,0,0,0,0,0,0,0,0,0,0,0,0,2,0,2,2,26:00,103,0,1.000,,0,0,0,0,0,0,.000,0.00,5,49:21,12,8,0,0,0,0,0,0,0,28,14.59,.400,,,,,-3.1944108044635064,399,51
2026-27,mlax,North Coast Athletic Conference (NCAC),ncac,Wooster,Charlie Zabatta,Charlie,Zabatta,,807,Charlie Zabatta,"ZABATTA,CHARLIE",ZABATTACHARLIEWOOSTER,4,0,,,Wooster,WOOSTER,1226-3084,0,0,0,0,0,0,0,0,0,0,0,0,0,0,0,0,0,0,0,0,0,0,0,6,0,4,3,00:00,0,0,1.000,,0,0,0,0,0,0,.000,0.00,4,46:00,12,5,0,0,,0,0,0,0,25,15.65,.294,,,,,-3.6054595332002943,400,50
2026-27,mlax,North Coast Athletic Conference (NCAC),ncac,Denison,Alex Gutierrez,Alex,Gutierrez,,182,Alex Gutierrez,"GUTIERREZ,ALEX",GUTIERREZALEXDENISON,5,0,,,Denison,DENISON,1214-3896,0,0,0,0,0,0,0,0,0,0,0,0,0,0,0,0,0,0,0,0,0,0,0,2,0,0,0,15:00,27,0,1.000,,0,0,0,0,0,0,.000,0.00,3,04:56,0,0,0,0,0,0,0,0,0,1,.00,.000,,,,,-3.7305017812931616,401,50
2026-27,mlax,North Coast Athletic Conference (NCAC),ncac,DePauw,Emmett Abar,Emmett,Abar,,177,Emmett Abar,"ABAR,EMMETT",ABAREMMETTDEPAUW,4,0,,,DePauw,DEPAUW,1274-6671,0,0,0,0,0,0,0,0,0,0,0,0,0,0,0,0,0,0,0,0,0,0,0,1,0,1,0,15:00,0,0,1.000,,0,0,0,0,0,0,.000,0.00,1,15:00,8,4,0,0,0,0,0,0,0,15,32.00,.333,,,,,-5.669899595333005,402,50
2026-27,mlax,North Coast Athletic Conference (NCAC),ncac,Wittenberg,Andrew Hibbitts,Andrew,Hibbitts,,806,Andrew Hibbitts,"HIBBITTS,ANDREW",HIBBITTSANDREWWITTENBE,1,0,,,Wittenberg,WITTENBE,0,0,0,0,0,0,0,0,0,0,0,0,0,0,0,0,0,0,0,0,0,0,0,0,0,0,0,0,00:00,0,0,1.000,,0,0,0,0,0,0,.000,0.00,1,07:24,4,0,0,0,0,0,0,0,0,7,32.43,.000,,,,,-7.357042738054821,403,50
