season,sport,conference,conference_code,team,player_name,first_name,last_name,position,team_code,name,checkname,linkup_name,games_played,games_started,uniform,year,team_name,team_id,sdrm_id,goal_stats_shootout_goals,goal_stats_free_positiong_goals,goal_stats_game_tying_goals,goal_stats_empty_net_goals,goal_stats_overtime_goals,goal_stats_first_goals,goal_stats_unassisted_goals,goal_stats_short_handed_goals,goal_stats_power_play_goals,goal_stats_game_winning_goals,penalty_stats_number,penalty_stats_minutes,penalty_stats_fouls,penalty_stats_green_cards,penalty_stats_yellow_cards,penalty_stats_red_cards,penalty_stats_match,penalty_stats_major,penalty_stats_minor,misc_stats_powerplay_opps,misc_stats_powerplay_goals,misc_stats_faceoffs_won,misc_stats_faceoffs_lost,misc_stats_ground_balls,misc_stats_draw_controls,misc_stats_turnovers,misc_stats_caused_turnovers,misc_stats_minutes_played,misc_stats_seconds,misc_stats_faceoffs_taken,misc_stats_penalty_killing_pct,goalie_stats_games_played,goalie_stats_minutes,goalie_stats_goals_allowed,goalie_stats_saves,goalie_stats_shutouts,goalie_stats_win,goalie_stats_loss,goalie_stats_tie,goalie_stats_powerplay_goals_allowed,goalie_stats_shorthanded_goals_allowed,goalie_stats_emptynet_goals_allowed,goalie_stats_shots_faced,goalie_stats_goals_against_avg,goalie_stats_save_pct,shot_stats_shots_on_goal,shot_stats_shots,shot_stats_free_position_shots,shot_stats_points,shot_stats_assists,shot_stats_goals,shot_stats_shots_on_goal_pct,avg_points_game,goalie_stats,goal_stats,penalty_stats,misc_stats,shot_stats,composite_score,global_rank,rating
2026-27,mlax,New England Small College Athletic Conference (NESCAC),nescac,Bowdoin,Casey Ryan,Casey,Ryan,,69,Casey Ryan,"RYAN,CASEY",RYANCASEYBOWDOIN,21,21,,,Bowdoin,BOWDOIN,0,0,0,0,0,0,3,34,0,4,2,0,0,0,0,0,0,0,0,2,0,0,0,0,40,0,35,6,1260:00,0,0,1.000,,,,,,,,,,,,,,,120,208,0,125,52,73,.577,5.95,,,,,,25.84034760112913,1,99
2026-27,mlax,New England Small College Athletic Conference (NESCAC),nescac,Tufts,Jack Regnery,Jack,Regnery,,717,Jack Regnery,"REGNERY,JACK",REGNERYJACKTUFTS,23,23,,,Tufts,TUFTS,1129-4400,0,0,0,0,0,4,38,0,6,5,0,0,0,0,0,0,0,2,1,0,0,0,0,42,0,42,9,1380:00,0,0,1.000,,,,,,,,,,,,,,,134,225,0,122,48,74,.596,5.30,,,,,,25.539537577069822,2,99
2026-27,mlax,New England Small College Athletic Conference (NESCAC),nescac,Bowdoin,Chris Berry,Chris,Berry,,69,Chris Berry,"BERRY,CHRIS",BERRYCHRISBOWDOIN,21,21,,,Bowdoin,BOWDOIN,0,0,0,0,0,0,4,20,0,5,4,0,0,0,0,0,0,0,3,2,0,0,0,0,48,0,43,10,1260:00,0,0,1.000,,,,,,,,,,,,,,,126,201,0,105,46,59,.627,5.00,,,,,,22.623953393081685,3,99
2026-27,mlax,New England Small College Athletic Conference (NESCAC),nescac,Tufts,Brooks Hauser,Brooks,Hauser,,717,Brooks Hauser,"HAUSER,BROOKS",HAUSERBROOKSTUFTS,23,23,,,Tufts,TUFTS,1129-4396,0,0,0,0,0,4,16,0,3,4,0,0,0,0,0,0,0,2,4,0,0,0,0,37,0,30,10,1380:00,0,0,1.000,,,,,,,,,,,,,,,124,189,0,105,31,74,.656,4.57,,,,,,21.493448700502345,4,98
2026-27,mlax,New England Small College Athletic Conference (NESCAC),nescac,Tufts,Chase Beyer,Chase,Beyer,,717,Chase Beyer,"BEYER,CHASE",BEYERCHASETUFTS,23,23,,,Tufts,TUFTS,1129-4658,0,0,0,0,0,1,11,0,4,4,0,0,0,0,0,0,0,0,1,0,0,0,0,56,0,40,7,1380:00,0,0,1.000,,,,,,,,,,,,,,,92,123,0,87,32,55,.748,3.78,,,,,,18.553795684615363,5,98
2026-27,mlax,New England Small College Athletic Conference (NESCAC),nescac,Tufts,Will Emsing,Will,Emsing,,717,Will Emsing,"EMSING,WILL",EMSINGWILLTUFTS,23,1,,,Tufts,TUFTS,1129-4661,0,0,0,0,0,0,16,0,1,1,0,0,0,0,0,0,0,0,1,0,0,0,0,35,0,13,2,60:00,0,0,1.000,,,,,,,,,,,,,,,59,94,0,80,46,34,.628,3.48,,,,,,16.45087747626951,6,98
2026-27,mlax,New England Small College Athletic Conference (NESCAC),nescac,Bowdoin,Sam Raye-Steiner,Sam,Raye-Steiner,,69,Sam Raye-Steiner,"RAYE-STEINER,SAM",RAYE-STEINERSAMBOWDOIN,21,21,,,Bowdoin,BOWDOIN,0,0,0,0,0,0,1,31,0,9,4,0,0,0,0,0,0,0,1,0,0,0,0,0,39,0,25,6,1260:00,0,0,1.000,,,,,,,,,,,,,,,104,156,0,80,24,56,.667,3.81,,,,,,16.07811651678312,7,97
2026-27,mlax,New England Small College Athletic Conference (NESCAC),nescac,Williams,Will Doran,Will,Doran,,789,Will Doran,"DORAN,WILL",DORANWILLWILLIAMS,18,18,,,Williams,WILLIAMS,0,0,0,0,0,0,2,22,0,2,0,0,0,0,0,0,0,0,0,3,0,0,0,0,29,0,27,4,1080:00,40,0,1.000,,,,,,,,,,,,,,,80,124,0,66,22,44,.645,3.67,,,,,,12.724572185041962,8,97
2026-27,mlax,New England Small College Athletic Conference (NESCAC),nescac,Bates,Riley McClure,Riley,McClure,,50,Riley McClure,"MCCLURE,RILEY",MCCLURERILEYBATES,18,17,,,Bates,BATES,1120-5680,0,0,0,0,0,4,15,0,5,0,0,0,0,0,0,0,0,0,1,0,0,0,0,45,0,29,2,1020:00,0,0,1.000,,,,,,,,,,,,,,,85,141,0,63,15,48,.603,3.50,,,,,,12.225635235293307,9,97
2026-27,mlax,New England Small College Athletic Conference (NESCAC),nescac,Middlebury,Logan White,Logan,White,,420,Logan White,"WHITE,LOGAN",WHITELOGANMIDD,17,17,,,Middlebury,MIDD,1126-5731,0,0,0,0,0,2,24,0,1,1,0,0,0,0,0,0,0,1,1,0,0,0,0,15,0,20,1,1020:00,0,0,1.000,,,,,,,,,,,,,,,57,90,0,60,25,35,.633,3.53,,,,,,10.82004582709573,10,96
2026-27,mlax,New England Small College Athletic Conference (NESCAC),nescac,Tufts,Garrett Kelly,Garrett,Kelly,,717,Garrett Kelly,"KELLY,GARRETT",KELLYGARRETTTUFTS,23,1,,,Tufts,TUFTS,1129-4398,0,0,0,0,0,0,23,0,11,4,0,0,0,0,0,0,0,0,0,0,0,0,0,18,0,20,3,60:00,0,0,1.000,,,,,,,,,,,,,,,73,107,0,61,13,48,.682,2.65,,,,,,10.813987502593879,11,96
2026-27,mlax,New England Small College Athletic Conference (NESCAC),nescac,Hamilton,Carson Kraus,Carson,Kraus,,267,Carson Kraus,"KRAUS,CARSON",KRAUSCARSONHAMILTON,16,16,,,Hamilton,HAMILTON,1058-2989,0,0,0,0,1,4,19,0,3,2,0,0,0,0,0,0,0,0,1,0,0,0,0,30,0,9,9,961:00,42,0,1.000,,,,,,,,,,,,,,,78,149,0,55,11,44,.523,3.44,,,,,,10.80682428153545,12,96
2026-27,mlax,New England Small College Athletic Conference (NESCAC),nescac,Bates,Jack Goldbach,Jack,Goldbach,,50,Jack Goldbach,"GOLDBACH,JACK",GOLDBACHJACKBATES,18,15,,,Bates,BATES,1120-5913,0,0,0,0,0,0,11,0,0,1,0,0,0,0,0,0,0,3,2,0,0,0,0,22,0,23,9,900:00,0,0,1.000,,,,,,,,,,,,,,,55,100,0,53,23,30,.550,2.94,,,,,,10.67297958081509,13,95
2026-27,mlax,New England Small College Athletic Conference (NESCAC),nescac,Wesleyan,Gavin Lechner,Gavin,Lechner,,764,Gavin Lechner,"LECHNER,GAVIN",LECHNERGAVINWESLEYAN,19,18,,,Wesleyan,WESLEYAN,0,0,0,0,0,0,1,8,0,2,1,0,0,0,0,0,0,0,1,3,0,0,0,0,27,0,21,5,1077:00,101,0,1.000,,,,,,,,,,,,,,,52,85,0,53,19,34,.612,2.79,,,,,,10.195260813200605,14,95
2026-27,mlax,New England Small College Athletic Conference (NESCAC),nescac,Bates,Gray Doyle,Gray,Doyle,,50,Gray Doyle,"DOYLE,GRAY",DOYLEGRAYBATES,18,16,,,Bates,BATES,1120-5676,0,0,0,0,0,3,11,0,0,0,0,0,0,0,0,0,0,0,1,0,0,0,0,38,0,22,4,960:00,0,0,1.000,,,,,,,,,,,,,,,58,96,0,51,19,32,.604,2.83,,,,,,10.133102042287303,15,95
2026-27,mlax,New England Small College Athletic Conference (NESCAC),nescac,Wesleyan,Matt Morrow,Matt,Morrow,,764,Matt Morrow,"MORROW,MATT",MORROWMATTWESLEYAN,19,13,,,Wesleyan,WESLEYAN,0,0,0,0,0,1,1,21,0,0,1,0,0,0,0,0,0,0,0,1,0,0,0,0,6,0,24,8,777:00,101,0,1.000,,,,,,,,,,,,,,,70,109,0,51,17,34,.642,2.68,,,,,,9.265573968802542,16,95
2026-27,mlax,New England Small College Athletic Conference (NESCAC),nescac,Bates,Connor Hartman,Connor,Hartman,,50,Connor Hartman,"HARTMAN,CONNOR",HARTMANCONNORBATES,18,1,,,Bates,BATES,1120-5290,0,0,0,0,0,1,25,0,4,2,0,0,0,0,0,0,0,0,1,0,0,0,0,34,0,16,3,60:00,0,0,1.000,,,,,,,,,,,,,,,81,139,0,50,6,44,.583,2.78,,,,,,9.06235177249497,17,95
2026-27,mlax,New England Small College Athletic Conference (NESCAC),nescac,Tufts,Jackson Redd,Jackson,Redd,,717,Jackson Redd,"REDD,JACKSON",REDDJACKSONTUFTS,23,1,,,Tufts,TUFTS,1129-4653,0,0,0,0,0,1,10,0,0,1,0,0,0,0,0,0,0,1,0,0,0,0,0,16,0,17,2,60:00,0,0,1.000,,,,,,,,,,,,,,,53,76,0,48,24,24,.697,2.09,,,,,,8.689254496232225,18,95
2026-27,mlax,New England Small College Athletic Conference (NESCAC),nescac,Conn. College,Andrew Rainville,Andrew,Rainville,,163,Andrew Rainville,"RAINVILLE,ANDREW",RAINVILLEANDREWCONN,14,14,,,Conn. College,CONN,1125-2944,0,0,0,0,0,2,17,0,2,1,0,0,0,0,0,0,0,4,0,0,0,0,0,23,0,20,3,842:00,104,0,1.000,,,,,,,,,,,,,,,61,94,0,48,14,34,.649,3.43,,,,,,8.624404802827,19,95
2026-27,mlax,New England Small College Athletic Conference (NESCAC),nescac,Trinity,Bo Page,Bo,Page,,713,Bo Page,"PAGE,BO",PAGEBOTRINITY,15,15,,,Trinity,TRINITY,1127-5191,0,0,0,0,0,1,3,1,4,2,0,0,0,0,0,0,0,1,2,0,0,0,0,23,0,20,5,894:00,88,0,1.000,,,,,,,,,,,,,,,62,104,0,46,16,30,.596,3.07,,,,,,8.587660325058508,20,94
2026-27,mlax,New England Small College Athletic Conference (NESCAC),nescac,Wesleyan,Will Miller,Will,Miller,,764,Will Miller,"MILLER,WILL",MILLERWILLWESLEYAN,19,18,,,Wesleyan,WESLEYAN,0,0,0,0,0,0,0,18,0,1,1,0,0,0,0,0,0,1,1,1,0,0,0,0,11,0,27,1,1077:00,101,0,1.000,,,,,,,,,,,,,,,67,120,0,50,12,38,.558,2.63,,,,,,8.186966113833979,21,94
2026-27,mlax,New England Small College Athletic Conference (NESCAC),nescac,Colby,Eli Chilicki,Eli,Chilicki,,151,Eli Chilicki,"CHILICKI,ELI",CHILICKIELICOLBY,13,13,,,Colby,COLBY,0,0,0,0,0,0,3,16,1,2,1,0,0,0,0,0,0,0,0,2,0,0,0,0,31,0,19,4,775:00,11,0,1.000,,,,,,,,,,,,,,,62,96,0,42,11,31,.646,3.23,,,,,,7.800618144565576,22,94
2026-27,mlax,New England Small College Athletic Conference (NESCAC),nescac,Middlebury,Will Ford,Will,Ford,,420,Will Ford,"FORD,WILL",FORDWILLMIDD,17,17,,,Middlebury,MIDD,1126-5925,0,0,0,0,0,2,9,0,0,2,0,0,0,0,0,0,0,0,1,0,0,0,0,24,0,25,4,1020:00,0,0,1.000,,,,,,,,,,,,,,,56,87,0,42,13,29,.644,2.47,,,,,,7.6167895359166415,23,94
2026-27,mlax,New England Small College Athletic Conference (NESCAC),nescac,Amherst,Brendan Reilly,Brendan,Reilly,,24,Brendan Reilly,"REILLY,BRENDAN",REILLYBRENDANAMHERST,16,15,,,Amherst,AMHERST,0,0,0,0,0,0,1,8,0,1,0,0,0,0,0,0,0,0,2,2,0,0,0,0,39,0,24,5,900:00,6,0,1.000,,,,,,,,,,,,,,,35,76,0,36,18,18,.461,2.25,,,,,,7.440722679447229,24,94
2026-27,mlax,New England Small College Athletic Conference (NESCAC),nescac,Hamilton,Thomas Healy,Thomas,Healy,,267,Thomas Healy,"HEALY,THOMAS",HEALYTHOMASHAMILTON,14,13,,,Hamilton,HAMILTON,1058-2522,0,0,0,0,0,0,19,0,0,2,0,0,0,0,0,0,0,0,1,0,0,0,0,34,0,30,2,781:00,42,0,1.000,,,,,,,,,,,,,,,47,70,0,40,14,26,.671,2.86,,,,,,7.439069967960552,25,94
2026-27,mlax,New England Small College Athletic Conference (NESCAC),nescac,Bowdoin,Hudson Greene,Hudson,Greene,,69,Hudson Greene,"GREENE,HUDSON",GREENEHUDSONBOWDOIN,21,9,,,Bowdoin,BOWDOIN,0,0,0,0,0,0,1,2,0,3,0,0,0,0,0,0,0,0,0,1,0,0,0,0,8,0,13,7,540:00,0,0,1.000,,,,,,,,,,,,,,,40,57,0,41,15,26,.702,1.95,,,,,,7.257431498918629,26,94
2026-27,mlax,New England Small College Athletic Conference (NESCAC),nescac,Wesleyan,James Bailey,James,Bailey,,764,James Bailey,"BAILEY,JAMES",BAILEYJAMESWESLEYAN,17,16,,,Wesleyan,WESLEYAN,0,0,0,0,0,0,0,12,1,1,2,0,0,0,0,0,0,0,0,0,0,0,0,0,14,0,23,0,956:00,45,0,1.000,,,,,,,,,,,,,,,40,81,0,41,22,19,.494,2.41,,,,,,6.962204350277414,27,94
2026-27,mlax,New England Small College Athletic Conference (NESCAC),nescac,Bates,Henry McCann,Henry,McCann,,50,Henry McCann,"MCCANN,HENRY",MCCANNHENRYBATES,18,0,,,Bates,BATES,1120-6184,0,0,0,0,0,1,7,0,3,1,0,0,0,0,0,0,0,0,0,0,0,0,0,21,0,22,0,00:00,0,0,1.000,,,,,,,,,,,,,,,33,71,0,40,18,22,.465,2.22,,,,,,6.866058709638873,28,94
2026-27,mlax,New England Small College Athletic Conference (NESCAC),nescac,Bowdoin,Nico Schermer,Nico,Schermer,,69,Nico Schermer,"SCHERMER,NICO",SCHERMERNICOBOWDOIN,21,18,,,Bowdoin,BOWDOIN,0,0,0,0,0,0,1,6,1,0,1,0,0,0,0,0,0,0,10,3,0,0,0,0,77,0,8,25,1080:00,0,0,1.000,,,,,,,,,,,,,,,19,25,0,15,5,10,.760,0.71,,,,,,6.8568209818094115,29,94
2026-27,mlax,New England Small College Athletic Conference (NESCAC),nescac,Wesleyan,Ben Burns,Ben,Burns,,764,Ben Burns,"BURNS,BEN",BURNSBENWESLEYAN,15,15,,,Wesleyan,WESLEYAN,0,0,0,0,0,1,3,6,0,4,6,0,0,0,0,0,0,0,0,0,0,0,0,0,15,0,11,4,894:00,96,0,1.000,,,,,,,,,,,,,,,61,120,0,42,4,38,.508,2.80,,,,,,6.843650087016736,30,94
2026-27,mlax,New England Small College Athletic Conference (NESCAC),nescac,Tufts,Davis Owens,Davis,Owens,,717,Davis Owens,"OWENS,DAVIS",OWENSDAVISTUFTS,23,0,,,Tufts,TUFTS,1129-4906,0,0,0,0,0,1,3,1,0,1,0,0,0,0,0,0,0,1,0,0,0,0,0,57,0,4,25,00:00,0,0,1.000,,,,,,,,,,,,,,,15,25,0,18,6,12,.600,0.78,,,,,,6.67449285516444,31,94
2026-27,mlax,New England Small College Athletic Conference (NESCAC),nescac,Amherst,Bob Gross,Bob,Gross,,24,Bob Gross,"GROSS,BOB",GROSSBOBAMHERST,16,16,,,Amherst,AMHERST,0,0,0,0,0,0,0,9,0,1,1,0,0,0,0,0,0,0,1,1,0,0,0,0,28,0,26,3,960:00,6,0,1.000,,,,,,,,,,,,,,,67,127,0,37,11,26,.528,2.31,,,,,,6.623657647120604,32,94
2026-27,mlax,New England Small College Athletic Conference (NESCAC),nescac,Williams,Aidan Housenbold,Aidan,Housenbold,,789,Aidan Housenbold,"HOUSENBOLD,AIDAN",HOUSENBOLDAIDANWILLIAMS,18,6,,,Williams,WILLIAMS,0,0,0,0,0,0,0,2,0,0,1,0,0,0,0,0,0,0,3,2,0,0,1,7,66,0,20,33,360:00,40,8,1.000,,,,,,,,,,,,,,,7,21,0,8,4,4,.333,0.44,,,,,,6.044869104700812,33,94
2026-27,mlax,New England Small College Athletic Conference (NESCAC),nescac,Wesleyan,Thomas Girimonti,Thomas,Girimonti,,764,Thomas Girimonti,"GIRIMONTI,THOMAS",GIRIMONTITHOMASWESLEYAN,19,9,,,Wesleyan,WESLEYAN,0,0,0,0,0,0,1,4,0,2,1,0,0,0,0,0,0,0,0,2,0,0,0,0,25,0,16,7,543:00,5,0,1.000,,,,,,,,,,,,,,,40,79,0,31,13,18,.506,1.63,,,,,,5.964452639946911,34,93
2026-27,mlax,New England Small College Athletic Conference (NESCAC),nescac,Bowdoin,Huck Trafton,Huck,Trafton,,69,Huck Trafton,"TRAFTON,HUCK",TRAFTONHUCKBOWDOIN,21,21,,,Bowdoin,BOWDOIN,0,0,0,0,0,0,1,16,0,0,3,0,0,0,0,0,0,0,3,1,0,0,0,0,19,0,20,4,1260:00,0,0,1.000,,,,,,,,,,,,,,,59,104,0,35,9,26,.567,1.67,,,,,,5.923284664563443,35,93
2026-27,mlax,New England Small College Athletic Conference (NESCAC),nescac,Williams,Ryan Johnson,Ryan,Johnson,,789,Ryan Johnson,"JOHNSON,RYAN",JOHNSONRYANWILLIAMS,15,15,,,Williams,WILLIAMS,0,0,0,0,0,0,1,10,0,3,1,0,0,0,0,0,0,0,1,2,0,0,0,0,19,0,21,6,900:00,40,0,1.000,,,,,,,,,,,,,,,56,101,0,33,9,24,.554,2.20,,,,,,5.793761948166336,36,93
2026-27,mlax,New England Small College Athletic Conference (NESCAC),nescac,Bowdoin,Alex Byrne,Alex,Byrne,,69,Alex Byrne,"BYRNE,ALEX",BYRNEALEXBOWDOIN,21,7,,,Bowdoin,BOWDOIN,0,0,0,0,0,0,0,3,0,0,1,0,0,0,0,0,0,0,2,3,0,0,0,0,83,0,12,25,420:00,0,0,1.000,,,,,,,,,,,,,,,14,20,0,9,1,8,.700,0.43,,,,,,5.785180023979789,37,93
2026-27,mlax,New England Small College Athletic Conference (NESCAC),nescac,Trinity,Conley Bohan,Conley,Bohan,,713,Conley Bohan,"BOHAN,CONLEY",BOHANCONLEYTRINITY,15,12,,,Trinity,TRINITY,1127-5464,0,0,0,0,0,1,5,0,0,0,0,0,0,0,0,0,0,2,1,0,0,0,0,23,0,37,4,714:00,88,0,1.000,,,,,,,,,,,,,,,29,62,0,30,20,10,.468,2.00,,,,,,5.6556459793137135,38,93
2026-27,mlax,New England Small College Athletic Conference (NESCAC),nescac,Williams,Jack Sartorius,Jack,Sartorius,,789,Jack Sartorius,"SARTORIUS,JACK",SARTORIUSJACKWILLIAMS,17,17,,,Williams,WILLIAMS,0,0,0,0,0,0,3,8,0,2,0,0,0,0,0,0,0,0,0,1,0,0,0,0,34,0,35,1,1020:00,40,0,1.000,,,,,,,,,,,,,,,69,122,0,33,6,27,.566,1.94,,,,,,5.635150286373781,39,93
2026-27,mlax,New England Small College Athletic Conference (NESCAC),nescac,Bates,Charles Lowe,Charles,Lowe,,50,Charles Lowe,"LOWE,CHARLES",LOWECHARLESBATES,18,3,,,Bates,BATES,1120-6182,0,0,0,0,0,1,2,0,0,1,0,0,0,0,0,0,0,1,0,0,0,0,0,25,0,15,0,180:00,0,0,1.000,,,,,,,,,,,,,,,18,31,0,32,20,12,.581,1.78,,,,,,5.619329918583798,40,93
2026-27,mlax,New England Small College Athletic Conference (NESCAC),nescac,Colby,Gavin Rothenberg,Gavin,Rothenberg,,151,Gavin Rothenberg,"ROTHENBERG,GAVIN",ROTHENBERGGAVINCOLBY,13,13,,,Colby,COLBY,0,0,0,0,0,0,1,5,0,2,0,0,0,0,0,0,0,0,0,0,0,0,0,0,24,0,12,6,775:00,11,0,1.000,,,,,,,,,,,,,,,36,62,0,29,15,14,.581,2.23,,,,,,5.520888940900715,41,93
2026-27,mlax,New England Small College Athletic Conference (NESCAC),nescac,Conn. College,Liam Horkan,Liam,Horkan,,163,Liam Horkan,"HORKAN,LIAM",HORKANLIAMCONN,14,14,,,Conn. College,CONN,1125-2497,0,0,0,0,1,0,3,0,3,1,0,0,0,0,0,0,0,0,1,0,0,0,0,20,0,25,3,842:00,104,0,1.000,,,,,,,,,,,,,,,45,70,0,33,8,25,.643,2.36,,,,,,5.4195841353679075,42,93
2026-27,mlax,New England Small College Athletic Conference (NESCAC),nescac,Trinity,Miles Harvey,Miles,Harvey,,713,Miles Harvey,"HARVEY,MILES",HARVEYMILESTRINITY,15,1,,,Trinity,TRINITY,1127-5468,0,0,0,0,0,1,8,0,1,0,0,0,0,0,0,0,0,1,3,0,0,0,0,14,0,12,1,60:00,0,0,1.000,,,,,,,,,,,,,,,67,101,0,35,10,25,.663,2.33,,,,,,5.404793507012877,43,93
2026-27,mlax,New England Small College Athletic Conference (NESCAC),nescac,Hamilton,Frank Coyle,Frank,Coyle,,267,Frank Coyle,"COYLE,FRANK",COYLEFRANKHAMILTON,14,14,,,Hamilton,HAMILTON,1058-2525,0,0,0,0,0,3,6,0,1,1,0,0,0,0,0,0,0,1,1,0,0,0,0,19,0,10,4,841:00,42,0,1.000,,,,,,,,,,,,,,,26,54,0,30,13,17,.481,2.14,,,,,,5.172861088526387,44,93
2026-27,mlax,New England Small College Athletic Conference (NESCAC),nescac,Bates,Xander Frey,Xander,Frey,,50,Xander Frey,"FREY,XANDER",FREYXANDERBATES,18,0,,,Bates,BATES,1120-5910,0,0,0,0,0,2,11,0,1,0,0,0,0,0,0,0,0,2,0,0,0,0,0,20,0,16,0,00:00,0,0,1.000,,,,,,,,,,,,,,,44,74,0,32,13,19,.595,1.78,,,,,,5.097029763899679,45,93
2026-27,mlax,New England Small College Athletic Conference (NESCAC),nescac,Conn. College,Matthew Sofarelli,Matthew,Sofarelli,,163,Matthew Sofarelli,"SOFARELLI,MATTHEW",SOFARELLIMATTHEWCONN,14,14,,,Conn. College,CONN,1125-3132,0,0,0,0,0,1,0,1,0,1,0,0,0,0,0,0,0,0,0,0,0,0,0,9,0,17,0,842:00,104,0,1.000,,,,,,,,,,,,,,,28,46,0,33,18,15,.609,2.36,,,,,,5.081503468265357,46,93
2026-27,mlax,New England Small College Athletic Conference (NESCAC),nescac,Amherst,Ben Wick,Ben,Wick,,24,Ben Wick,"WICK,BEN",WICKBENAMHERST,10,8,,,Amherst,AMHERST,0,0,0,0,0,0,1,2,0,3,1,0,0,0,0,0,0,0,0,1,0,0,0,0,10,0,3,1,480:00,0,0,1.000,,,,,,,,,,,,,,,45,71,0,34,10,24,.634,3.40,,,,,,5.0595364407668475,47,92
2026-27,mlax,New England Small College Athletic Conference (NESCAC),nescac,Hamilton,Finn Vaccaro,Finn,Vaccaro,,267,Finn Vaccaro,"VACCARO,FINN",VACCAROFINNHAMILTON,15,14,,,Hamilton,HAMILTON,1058-3234,0,0,0,0,0,0,1,0,3,1,0,0,0,0,0,0,0,0,0,0,0,0,0,16,0,18,0,841:00,42,0,1.000,,,,,,,,,,,,,,,26,46,0,31,18,13,.565,2.07,,,,,,4.9837182942251905,48,92
2026-27,mlax,New England Small College Athletic Conference (NESCAC),nescac,Trinity,Jay Ottomanelli,Jay,Ottomanelli,,713,Jay Ottomanelli,"OTTOMANELLI,JAY",OTTOMANELLIJAYTRINITY,14,14,,,Trinity,TRINITY,1127-4922,0,0,0,0,0,1,2,1,0,1,0,0,0,0,0,0,0,0,2,0,0,0,0,32,0,23,3,841:00,48,0,1.000,,,,,,,,,,,,,,,52,106,0,27,8,19,.491,1.93,,,,,,4.770591238176273,49,92
2026-27,mlax,New England Small College Athletic Conference (NESCAC),nescac,Hamilton,Jesse Delinsky,Jesse,Delinsky,,267,Jesse Delinsky,"DELINSKY,JESSE",DELINSKYJESSEHAMILTON,16,16,,,Hamilton,HAMILTON,1058-2518,0,0,0,0,0,0,8,0,0,0,0,0,0,0,0,0,0,0,0,0,0,0,0,13,0,22,5,961:00,42,0,1.000,,,,,,,,,,,,,,,35,58,0,28,14,14,.603,1.75,,,,,,4.730201255602527,50,92
2026-27,mlax,New England Small College Athletic Conference (NESCAC),nescac,Colby,Daniel O'Connor,Daniel,O'Connor,,151,Daniel O'Connor,"O'CONNOR,DANIEL",O'CONNORDANIELCOLBY,13,8,,,Colby,COLBY,0,0,0,0,0,0,0,12,0,4,1,0,0,0,0,0,0,0,2,0,0,0,0,0,10,0,10,3,475:00,11,0,1.000,,,,,,,,,,,,,,,34,56,0,31,9,22,.607,2.38,,,,,,4.696428594396575,51,92
2026-27,mlax,New England Small College Athletic Conference (NESCAC),nescac,Williams,Cade Schuckman,Cade,Schuckman,,789,Cade Schuckman,"SCHUCKMAN,CADE",SCHUCKMANCADEWILLIAMS,18,16,,,Williams,WILLIAMS,0,0,0,0,0,0,2,5,0,4,0,0,0,0,0,0,0,0,0,0,0,0,0,0,13,0,18,1,960:00,40,0,1.000,,,,,,,,,,,,,,,30,52,0,29,13,16,.577,1.61,,,,,,4.381269537105861,52,92
2026-27,mlax,New England Small College Athletic Conference (NESCAC),nescac,Tufts,Victor Salcedo,Victor,Salcedo,,717,Victor Salcedo,"SALCEDO,VICTOR",SALCEDOVICTORTUFTS,22,21,,,Tufts,TUFTS,1129-4399,0,0,0,0,0,0,2,0,0,0,0,0,0,0,0,0,0,0,0,0,0,168,120,113,0,3,11,1260:00,0,288,1.000,,,,,,,,,,,,,,,6,11,0,4,1,3,.545,0.18,,,,,,4.320572753145024,53,92
2026-27,mlax,New England Small College Athletic Conference (NESCAC),nescac,Bates,Miles Schmidt,Miles,Schmidt,,50,Miles Schmidt,"SCHMIDT,MILES",SCHMIDTMILESBATES,18,18,,,Bates,BATES,1120-5685,0,0,0,0,0,0,1,0,0,0,0,0,0,0,0,0,0,2,2,0,0,211,140,134,0,10,3,1080:00,0,351,1.000,,,,,,,,,,,,,,,4,9,0,4,2,2,.444,0.22,,,,,,4.217305194609545,54,92
2026-27,mlax,New England Small College Athletic Conference (NESCAC),nescac,Williams,Ryan Nagle,Ryan,Nagle,,789,Ryan Nagle,"NAGLE,RYAN",NAGLERYANWILLIAMS,14,12,,,Williams,WILLIAMS,0,0,0,0,0,0,1,11,0,0,2,0,0,0,0,0,0,0,0,0,0,0,0,0,23,0,20,2,720:00,0,0,1.000,,,,,,,,,,,,,,,47,76,0,27,6,21,.618,1.93,,,,,,4.199740972016221,55,92
2026-27,mlax,New England Small College Athletic Conference (NESCAC),nescac,Wesleyan,Joe Hurton,Joe,Hurton,,764,Joe Hurton,"HURTON,JOE",HURTONJOEWESLEYAN,19,2,,,Wesleyan,WESLEYAN,0,0,0,0,0,0,0,2,0,0,1,0,0,0,0,0,0,0,11,1,0,0,0,0,47,0,11,33,120:00,0,0,1.000,,,,,,,,,,,,,,,4,11,0,3,0,3,.364,0.16,,,,,,4.172542560110232,56,92
2026-27,mlax,New England Small College Athletic Conference (NESCAC),nescac,Amherst,Bennett Chow,Bennett,Chow,,24,Bennett Chow,"CHOW,BENNETT",CHOWBENNETTAMHERST,16,2,,,Amherst,AMHERST,0,0,0,0,0,0,3,10,0,1,2,0,0,0,0,0,0,1,0,2,0,0,0,0,9,0,22,0,120:00,0,0,1.000,,,,,,,,,,,,,,,39,87,0,30,10,20,.448,1.88,,,,,,4.148802481774321,57,92
2026-27,mlax,New England Small College Athletic Conference (NESCAC),nescac,Middlebury,Cooper DeMallie,Cooper,DeMallie,,420,Cooper DeMallie,"DEMALLIE,COOPER",DEMALLIECOOPERMIDD,16,15,,,Middlebury,MIDD,1126-5733,0,0,0,0,0,0,3,0,4,0,0,0,0,0,0,0,0,3,2,0,0,0,0,13,0,19,0,900:00,0,0,1.000,,,,,,,,,,,,,,,30,44,0,29,8,21,.682,1.81,,,,,,4.026889288074018,58,92
2026-27,mlax,New England Small College Athletic Conference (NESCAC),nescac,Amherst,Matthew Sheinberg,Matthew,Sheinberg,,24,Matthew Sheinberg,"SHEINBERG,MATTHEW",SHEINBERGMATTHEWAMHERST,16,16,,,Amherst,AMHERST,0,0,0,0,0,0,1,5,0,0,1,0,0,0,0,0,0,0,1,0,0,0,0,0,35,0,10,10,960:00,6,0,1.000,,,,,,,,,,,,,,,16,33,0,17,8,9,.485,1.06,,,,,,3.8742194905002014,59,92
2026-27,mlax,New England Small College Athletic Conference (NESCAC),nescac,Amherst,Alex Vlacich,Alex,Vlacich,,24,Alex Vlacich,"VLACICH,ALEX",VLACICHALEXAMHERST,16,0,,,Amherst,AMHERST,0,0,0,0,0,0,1,2,0,0,0,0,0,0,0,0,0,0,0,0,0,0,0,0,7,0,16,1,00:00,0,0,1.000,,,,,,,,,,,,,,,31,56,0,27,14,13,.554,1.69,,,,,,3.8161750517216975,60,91
2026-27,mlax,New England Small College Athletic Conference (NESCAC),nescac,Amherst,Willie Doyle,Willie,Doyle,,24,Willie Doyle,"DOYLE,WILLIE",DOYLEWILLIEAMHERST,16,0,,,Amherst,AMHERST,0,0,0,0,0,0,0,4,0,3,1,0,0,0,0,0,0,0,1,0,0,0,0,1,5,0,27,0,00:00,0,1,1.000,,,,,,,,,,,,,,,41,73,0,28,13,15,.562,1.75,,,,,,3.755516762812358,61,91
2026-27,mlax,New England Small College Athletic Conference (NESCAC),nescac,Tufts,Peter Kraemer,Peter,Kraemer,,717,Peter Kraemer,"KRAEMER,PETER",KRAEMERPETERTUFTS,23,0,,,Tufts,TUFTS,1129-4656,0,0,0,0,0,2,8,0,3,0,0,0,0,0,0,0,0,0,0,0,0,1,0,12,0,16,2,00:00,0,1,1.000,,,,,,,,,,,,,,,37,64,0,27,5,22,.578,1.17,,,,,,3.7186839498371933,62,91
2026-27,mlax,New England Small College Athletic Conference (NESCAC),nescac,Middlebury,Drew Dummer,Drew,Dummer,,420,Drew Dummer,"DUMMER,DREW",DUMMERDREWMIDD,17,17,,,Middlebury,MIDD,1126-5735,0,0,0,0,0,0,0,0,0,0,0,0,0,0,0,0,0,1,0,0,0,0,0,33,0,14,36,1020:00,0,0,1.000,,,,,,,,,,,,,,,1,3,0,1,1,0,.333,0.06,,,,,,3.658629920932639,63,91
2026-27,mlax,New England Small College Athletic Conference (NESCAC),nescac,Hamilton,Maddux Little,Maddux,Little,,267,Maddux Little,"LITTLE,MADDUX",LITTLEMADDUXHAMILTON,16,9,,,Hamilton,HAMILTON,1058-2783,0,0,0,0,0,1,2,0,1,2,0,0,0,0,0,0,0,0,0,0,0,0,0,13,0,14,1,540:00,0,0,1.000,,,,,,,,,,,,,,,43,61,0,27,5,22,.705,1.69,,,,,,3.635764561273682,64,91
2026-27,mlax,New England Small College Athletic Conference (NESCAC),nescac,Wesleyan,Charlie Hill,Charlie,Hill,,764,Charlie Hill,"HILL,CHARLIE",HILLCHARLIEWESLEYAN,19,19,,,Wesleyan,WESLEYAN,0,0,0,0,0,0,0,3,0,0,0,0,0,0,0,0,0,0,2,0,0,0,0,0,34,0,5,25,1137:00,101,0,1.000,,,,,,,,,,,,,,,4,6,0,7,4,3,.667,0.37,,,,,,3.6137074296621594,65,91
2026-27,mlax,New England Small College Athletic Conference (NESCAC),nescac,Tufts,Logan Lee,Logan,Lee,,717,Logan Lee,"LEE,LOGAN",LEELOGANTUFTS,22,20,,,Tufts,TUFTS,1129-4665,0,0,0,0,0,0,0,0,0,0,0,0,0,0,0,0,0,1,2,0,0,0,0,35,0,7,29,1200:00,0,0,1.000,,,,,,,,,,,,,,,1,2,0,4,4,0,.500,0.18,,,,,,3.581373271423595,66,91
2026-27,mlax,New England Small College Athletic Conference (NESCAC),nescac,Bates,Liam Rule,Liam,Rule,,50,Liam Rule,"RULE,LIAM",RULELIAMBATES,18,1,,,Bates,BATES,1120-5286,0,0,0,0,0,1,4,0,0,1,0,0,0,0,0,0,0,0,0,0,0,0,0,6,0,11,0,60:00,0,0,1.000,,,,,,,,,,,,,,,26,46,0,26,16,10,.565,1.44,,,,,,3.5598073633343597,67,91
2026-27,mlax,New England Small College Athletic Conference (NESCAC),nescac,Wesleyan,Kyle Short,Kyle,Short,,764,Kyle Short,"SHORT,KYLE",SHORTKYLEWESLEYAN,12,9,,,Wesleyan,WESLEYAN,0,0,0,0,0,0,0,6,1,0,0,0,0,0,0,0,0,0,0,2,0,0,0,0,7,0,18,3,534:00,96,0,1.000,,,,,,,,,,,,,,,34,58,0,25,10,15,.586,2.08,,,,,,3.501095858067359,68,91
2026-27,mlax,New England Small College Athletic Conference (NESCAC),nescac,Trinity,Carter Barford,Carter,Barford,,713,Carter Barford,"BARFORD,CARTER",BARFORDCARTERTRINITY,15,15,,,Trinity,TRINITY,1127-4906,0,0,0,0,0,0,0,0,0,0,0,0,0,0,0,0,0,2,2,0,0,0,0,46,0,14,18,894:00,88,0,1.000,,,,,,,,,,,,,,,6,8,0,8,4,4,.750,0.53,,,,,,3.4180440398604013,69,91
2026-27,mlax,New England Small College Athletic Conference (NESCAC),nescac,Bates,Teddy Rosen,Teddy,Rosen,,50,Teddy Rosen,"ROSEN,TEDDY",ROSENTEDDYBATES,18,18,,,Bates,BATES,1120-5684,0,0,0,0,0,0,0,0,0,0,0,0,0,0,0,0,0,3,2,0,0,0,0,45,0,9,32,1080:00,0,0,1.000,,,,,,,,,,,,,,,2,2,0,0,0,0,1.000,0.00,,,,,,3.40948934787977,70,91
2026-27,mlax,New England Small College Athletic Conference (NESCAC),nescac,Tufts,Jack Donovan,Jack,Donovan,,717,Jack Donovan,"DONOVAN,JACK",DONOVANJACKTUFTS,23,23,,,Tufts,TUFTS,1129-5141,0,0,0,0,0,0,1,0,0,0,0,0,0,0,0,0,0,3,3,0,0,0,0,29,0,8,30,1380:00,0,0,1.000,,,,,,,,,,,,,,,3,4,0,3,1,2,.750,0.13,,,,,,3.1403529719013616,71,91
2026-27,mlax,New England Small College Athletic Conference (NESCAC),nescac,Trinity,Billy Gerne,Billy,Gerne,,713,Billy Gerne,"GERNE,BILLY",GERNEBILLYTRINITY,14,1,,,Trinity,TRINITY,1127-5763,0,0,0,0,0,0,12,0,0,0,0,0,0,0,0,0,0,2,0,0,0,0,0,10,0,7,5,60:00,0,0,1.000,,,,,,,,,,,,,,,38,71,0,22,6,16,.535,1.57,,,,,,3.1173664454445396,72,91
2026-27,mlax,New England Small College Athletic Conference (NESCAC),nescac,Hamilton,Ryan Olivo,Ryan,Olivo,,267,Ryan Olivo,"OLIVO,RYAN",OLIVORYANHAMILTON,15,14,,,Hamilton,HAMILTON,1058-2994,0,0,0,0,0,1,7,0,1,0,0,0,0,0,0,0,0,0,1,0,0,0,0,8,0,15,1,841:00,42,0,1.000,,,,,,,,,,,,,,,35,58,0,24,10,14,.603,1.60,,,,,,3.1085458063846856,73,90
2026-27,mlax,New England Small College Athletic Conference (NESCAC),nescac,Amherst,Thompson Lau,Thompson,Lau,,24,Thompson Lau,"LAU,THOMPSON",LAUTHOMPSONAMHERST,14,14,,,Amherst,AMHERST,0,0,0,0,0,0,0,0,1,0,0,0,0,0,0,0,0,0,2,0,0,0,0,0,39,0,7,28,840:00,6,0,1.000,,,,,,,,,,,,,,,4,5,0,2,1,1,.800,0.14,,,,,,3.1034402952898223,74,90
2026-27,mlax,New England Small College Athletic Conference (NESCAC),nescac,Trinity,Jake Connors,Jake,Connors,,713,Jake Connors,"CONNORS,JAKE",CONNORSJAKETRINITY,15,1,,,Trinity,TRINITY,1127-4909,0,0,0,0,0,0,8,0,1,1,0,0,0,0,0,0,0,0,0,0,0,0,0,10,0,17,2,60:00,0,0,1.000,,,,,,,,,,,,,,,33,56,0,22,9,13,.589,1.47,,,,,,2.889229846006551,75,90
2026-27,mlax,New England Small College Athletic Conference (NESCAC),nescac,Bates,Dane Jones,Dane,Jones,,50,Dane Jones,"JONES,DANE",JONESDANEBATES,18,17,,,Bates,BATES,1120-5914,0,0,0,0,0,0,1,0,0,1,0,0,0,0,0,0,0,2,2,0,0,0,0,51,0,10,10,1020:00,0,0,1.000,,,,,,,,,,,,,,,10,18,0,9,4,5,.556,0.50,,,,,,2.8233391503207903,76,90
2026-27,mlax,New England Small College Athletic Conference (NESCAC),nescac,Williams,Nick Reich,Nick,Reich,,789,Nick Reich,"REICH,NICK",REICHNICKWILLIAMS,17,5,,,Williams,WILLIAMS,0,0,0,0,0,0,0,3,0,1,2,0,0,0,0,0,0,0,0,0,0,0,0,0,8,0,12,1,300:00,0,0,1.000,,,,,,,,,,,,,,,19,30,0,21,13,8,.633,1.24,,,,,,2.6861251323510364,77,90
2026-27,mlax,New England Small College Athletic Conference (NESCAC),nescac,Hamilton,Riley Chai-Onn,Riley,Chai-Onn,,267,Riley Chai-Onn,"CHAI-ONN,RILEY",CHAI-ONNRILEYHAMILTON,15,15,,,Hamilton,HAMILTON,1058-2781,0,0,0,0,0,0,0,0,0,0,0,0,0,0,0,0,0,4,0,0,0,0,0,32,0,10,30,901:00,42,0,1.000,,,,,,,,,,,,,,,1,3,0,0,0,0,.333,0.00,,,,,,2.6509216123008583,78,90
2026-27,mlax,New England Small College Athletic Conference (NESCAC),nescac,Bowdoin,Brooks Kitchel,Brooks,Kitchel,,69,Brooks Kitchel,"KITCHEL,BROOKS",KITCHELBROOKSBOWDOIN,20,20,,,Bowdoin,BOWDOIN,0,0,0,0,0,0,0,0,0,0,0,0,0,0,0,0,0,0,1,0,0,0,0,0,31,0,5,23,1200:00,0,0,1.000,,,,,,,,,,,,,,,2,3,0,4,3,1,.667,0.20,,,,,,2.6423151817602926,79,90
2026-27,mlax,New England Small College Athletic Conference (NESCAC),nescac,Williams,Ian Kim,Ian,Kim,,789,Ian Kim,"KIM,IAN",KIMIANWILLIAMS,18,1,,,Williams,WILLIAMS,0,0,0,0,0,0,0,3,0,0,0,0,0,0,0,0,0,0,0,0,0,0,178,163,86,0,12,2,60:00,0,341,1.000,,,,,,,,,,,,,,,5,15,0,6,3,3,.333,0.33,,,,,,2.6189190157352193,80,90
2026-27,mlax,New England Small College Athletic Conference (NESCAC),nescac,Tufts,William Bonner,William,Bonner,,717,William Bonner,"BONNER,WILLIAM",BONNERWILLIAMTUFTS,23,23,,,Tufts,TUFTS,1129-4897,0,0,0,0,0,0,3,0,0,0,0,0,0,0,0,0,0,2,1,0,0,0,0,32,0,11,23,1380:00,0,0,1.000,,,,,,,,,,,,,,,5,7,0,4,1,3,.714,0.17,,,,,,2.5890522070284696,81,90
2026-27,mlax,New England Small College Athletic Conference (NESCAC),nescac,Conn. College,Graydon Diamond,Graydon,Diamond,,163,Graydon Diamond,"DIAMOND,GRAYDON",DIAMONDGRAYDONCONN,14,5,,,Conn. College,CONN,1125-2503,0,0,0,0,0,0,9,0,0,0,0,0,0,0,0,0,0,0,0,0,0,0,0,5,0,13,2,302:00,104,0,1.000,,,,,,,,,,,,,,,25,43,0,21,10,11,.581,1.50,,,,,,2.5508466351780386,82,90
2026-27,mlax,New England Small College Athletic Conference (NESCAC),nescac,Williams,Brody Page,Brody,Page,,789,Brody Page,"PAGE,BRODY",PAGEBRODYWILLIAMS,18,16,,,Williams,WILLIAMS,0,0,0,0,0,0,0,0,0,0,0,0,0,0,0,0,0,0,1,0,0,0,0,0,54,0,12,22,960:00,40,0,1.000,,,,,,,,,,,,,,,2,3,0,0,0,0,.667,0.00,,,,,,2.540780198347864,83,90
2026-27,mlax,New England Small College Athletic Conference (NESCAC),nescac,Tufts,Henry Tweedy,Henry,Tweedy,,717,Henry Tweedy,"TWEEDY,HENRY",TWEEDYHENRYTUFTS,22,0,,,Tufts,TUFTS,1129-4900,0,0,0,0,0,0,8,0,1,0,0,0,0,0,0,0,0,2,1,0,0,0,0,17,0,18,4,00:00,0,0,1.000,,,,,,,,,,,,,,,26,48,0,18,6,12,.542,0.82,,,,,,2.522754597626353,84,90
2026-27,mlax,New England Small College Athletic Conference (NESCAC),nescac,Tufts,Ben Frisoli,Ben,Frisoli,,717,Ben Frisoli,"FRISOLI,BEN",FRISOLIBENTUFTS,18,15,,,Tufts,TUFTS,1129-4397,0,0,0,0,0,0,5,0,1,2,0,0,0,0,0,0,0,3,3,0,0,0,0,39,0,10,10,900:00,0,0,1.000,,,,,,,,,,,,,,,20,29,0,10,2,8,.690,0.56,,,,,,2.443573755589521,85,90
2026-27,mlax,New England Small College Athletic Conference (NESCAC),nescac,Bowdoin,Cormac Walsh,Cormac,Walsh,,69,Cormac Walsh,"WALSH,CORMAC",WALSHCORMACBOWDOIN,21,15,,,Bowdoin,BOWDOIN,0,0,0,0,0,0,0,5,1,0,0,0,0,0,0,0,0,0,0,1,0,0,0,0,17,0,14,1,900:00,0,0,1.000,,,,,,,,,,,,,,,31,51,0,19,8,11,.608,0.90,,,,,,2.4354248895329147,86,90
2026-27,mlax,New England Small College Athletic Conference (NESCAC),nescac,Bowdoin,Troy Ulisney,Troy,Ulisney,,69,Troy Ulisney,"ULISNEY,TROY",ULISNEYTROYBOWDOIN,21,0,,,Bowdoin,BOWDOIN,0,0,0,0,0,0,2,5,0,0,1,0,0,0,0,0,0,0,0,1,0,0,0,0,7,0,6,0,00:00,0,0,1.000,,,,,,,,,,,,,,,26,43,0,22,6,16,.605,1.05,,,,,,2.386647391452642,87,89
2026-27,mlax,New England Small College Athletic Conference (NESCAC),nescac,Wesleyan,Charlie Wilmot,Charlie,Wilmot,,764,Charlie Wilmot,"WILMOT,CHARLIE",WILMOTCHARLIEWESLEYAN,19,3,,,Wesleyan,WESLEYAN,0,0,0,0,0,0,0,1,0,0,1,0,0,0,0,0,0,0,3,4,0,0,0,0,44,0,11,6,180:00,0,0,1.000,,,,,,,,,,,,,,,4,13,0,10,7,3,.308,0.53,,,,,,2.3833570618038076,88,89
2026-27,mlax,New England Small College Athletic Conference (NESCAC),nescac,Colby,Will Steele,Will,Steele,,151,Will Steele,"STEELE,WILL",STEELEWILLCOLBY,14,1,,,Colby,COLBY,0,0,0,0,0,0,0,7,0,1,0,0,0,0,0,0,0,0,0,1,0,0,0,0,12,0,11,1,60:00,0,0,1.000,,,,,,,,,,,,,,,26,36,0,20,7,13,.722,1.43,,,,,,2.3786554613935014,89,89
2026-27,mlax,New England Small College Athletic Conference (NESCAC),nescac,Wesleyan,Lucca Casagrande,Lucca,Casagrande,,764,Lucca Casagrande,"CASAGRANDE,LUCCA",CASAGRANDELUCCAWESLEYAN,19,19,,,Wesleyan,WESLEYAN,0,0,0,0,0,0,0,0,0,0,0,0,0,0,0,0,0,0,4,2,0,0,0,0,23,0,4,29,1137:00,101,0,1.000,,,,,,,,,,,,,,,0,1,0,0,0,0,.000,0.00,,,,,,2.1728495847694207,90,89
2026-27,mlax,New England Small College Athletic Conference (NESCAC),nescac,Tufts,Lucas De La Paz,Lucas De La,Paz,,717,Lucas De La Paz,"PAZ,LUCAS DE LA",PAZLUCASDELATUFTS,20,0,,,Tufts,TUFTS,1129-4664,0,0,0,0,0,0,0,0,0,0,0,0,0,0,0,0,0,0,0,0,0,134,108,95,0,4,0,00:00,0,242,1.000,,,,,,,,,,,,,,,1,2,0,3,3,0,.500,0.15,,,,,,2.168099053909172,91,89
2026-27,mlax,New England Small College Athletic Conference (NESCAC),nescac,Colby,Easton Bello,Easton,Bello,,151,Easton Bello,"BELLO,EASTON",BELLOEASTONCOLBY,14,1,,,Colby,COLBY,0,0,0,0,0,0,0,4,0,1,1,0,0,0,0,0,0,0,3,1,0,0,0,0,12,0,9,6,60:00,0,0,1.000,,,,,,,,,,,,,,,28,50,0,16,5,11,.560,1.14,,,,,,2.1492664424309744,92,89
2026-27,mlax,New England Small College Athletic Conference (NESCAC),nescac,Middlebury,Nick Marvin,Nick,Marvin,,420,Nick Marvin,"MARVIN,NICK",MARVINNICKMIDD,15,10,,,Middlebury,MIDD,1126-6136,0,0,0,0,0,1,7,0,2,2,0,0,0,0,0,0,0,0,0,0,0,0,0,23,0,15,5,600:00,0,0,1.000,,,,,,,,,,,,,,,35,65,0,15,2,13,.538,1.00,,,,,,2.1351363242336077,93,89
2026-27,mlax,New England Small College Athletic Conference (NESCAC),nescac,Williams,Tucker Graham,Tucker,Graham,,789,Tucker Graham,"GRAHAM,TUCKER",GRAHAMTUCKERWILLIAMS,18,1,,,Williams,WILLIAMS,0,0,0,0,0,0,0,1,0,0,0,0,0,0,0,0,0,0,3,3,0,0,0,0,48,0,8,7,60:00,0,0,1.000,,,,,,,,,,,,,,,14,20,0,8,3,5,.700,0.44,,,,,,2.1039042712763347,94,89
2026-27,mlax,New England Small College Athletic Conference (NESCAC),nescac,Tufts,Nick George,Nick,George,,717,Nick George,"GEORGE,NICK",GEORGENICKTUFTS,23,0,,,Tufts,TUFTS,1129-4895,0,0,0,0,0,0,1,0,0,0,0,0,0,0,0,0,0,0,0,0,0,0,0,13,0,10,3,00:00,0,0,1.000,,,,,,,,,,,,,,,16,25,0,16,11,5,.640,0.70,,,,,,2.099812464832703,95,89
2026-27,mlax,New England Small College Athletic Conference (NESCAC),nescac,Trinity,William Lavallee,William,Lavallee,,713,William Lavallee,"LAVALLEE,WILLIAM",LAVALLEEWILLIAMTRINITY,15,13,,,Trinity,TRINITY,1127-5471,0,0,0,0,0,0,0,0,0,0,0,0,0,0,0,0,0,0,0,0,0,156,102,92,0,8,2,774:00,88,258,1.000,,,,,,,,,,,,,,,0,0,0,2,2,0,.000,0.13,,,,,,2.0608374371662364,96,89
2026-27,mlax,New England Small College Athletic Conference (NESCAC),nescac,Conn. College,Hayden Carpenter,Hayden,Carpenter,,163,Hayden Carpenter,"CARPENTER,HAYDEN",CARPENTERHAYDENCONN,14,8,,,Conn. College,CONN,1125-2772,0,0,0,0,0,0,1,0,0,0,0,0,0,0,0,0,0,0,0,0,0,0,0,39,0,6,15,482:00,104,0,1.000,,,,,,,,,,,,,,,1,2,0,4,3,1,.500,0.29,,,,,,1.9789600732522024,97,89
2026-27,mlax,New England Small College Athletic Conference (NESCAC),nescac,Middlebury,Noah Filippelli,Noah,Filippelli,,420,Noah Filippelli,"FILIPPELLI,NOAH",FILIPPELLINOAHMIDD,17,1,,,Middlebury,MIDD,1126-5923,0,0,0,0,0,0,1,0,0,0,0,0,0,0,0,0,0,0,1,0,0,206,122,103,0,12,0,60:00,0,328,1.000,,,,,,,,,,,,,,,3,3,0,1,0,1,1.000,0.06,,,,,,1.9706617858228737,98,89
2026-27,mlax,New England Small College Athletic Conference (NESCAC),nescac,Tufts,Cole Friedlander,Cole,Friedlander,,717,Cole Friedlander,"FRIEDLANDER,COLE",FRIEDLANDERCOLETUFTS,21,3,,,Tufts,TUFTS,1129-4405,0,0,0,0,0,0,0,1,0,0,0,0,0,0,0,0,0,0,0,0,0,0,0,24,0,4,17,180:00,0,0,1.000,,,,,,,,,,,,,,,6,7,0,6,2,4,.857,0.29,,,,,,1.9591033217243283,99,89
2026-27,mlax,New England Small College Athletic Conference (NESCAC),nescac,Williams,Drew Nicholson,Drew,Nicholson,,789,Drew Nicholson,"NICHOLSON,DREW",NICHOLSONDREWWILLIAMS,17,16,,,Williams,WILLIAMS,0,0,0,0,0,0,0,2,0,0,0,0,0,0,0,0,0,0,2,1,0,0,0,0,39,0,15,17,960:00,40,0,1.000,,,,,,,,,,,,,,,5,8,0,3,0,3,.625,0.18,,,,,,1.8974660095710287,100,88
2026-27,mlax,New England Small College Athletic Conference (NESCAC),nescac,Williams,Gavin Timoney,Gavin,Timoney,,789,Gavin Timoney,"TIMONEY,GAVIN",TIMONEYGAVINWILLIAMS,15,11,,,Williams,WILLIAMS,0,0,0,0,0,0,0,8,0,0,1,0,0,0,0,0,0,0,1,2,0,0,0,0,16,0,23,1,660:00,40,0,1.000,,,,,,,,,,,,,,,33,68,0,17,5,12,.485,1.13,,,,,,1.8823502463754826,101,88
2026-27,mlax,New England Small College Athletic Conference (NESCAC),nescac,Middlebury,Gavin Romweber,Gavin,Romweber,,420,Gavin Romweber,"ROMWEBER,GAVIN",ROMWEBERGAVINMIDD,5,5,,,Middlebury,MIDD,1126-6640,0,0,0,0,0,0,9,0,0,0,0,0,0,0,0,0,0,0,0,0,0,0,0,19,0,16,1,300:00,0,0,1.000,,,,,,,,,,,,,,,15,26,0,16,6,10,.577,3.20,,,,,,1.8600891467213112,102,88
2026-27,mlax,New England Small College Athletic Conference (NESCAC),nescac,Middlebury,Charlie O'Connor,Charlie,O'Connor,,420,Charlie O'Connor,"O'CONNOR,CHARLIE",O'CONNORCHARLIEMIDD,17,8,,,Middlebury,MIDD,1126-6134,0,0,0,0,0,0,4,0,0,0,0,0,0,0,0,0,0,2,1,0,0,0,0,19,0,9,2,480:00,0,0,1.000,,,,,,,,,,,,,,,13,26,0,15,7,8,.500,0.88,,,,,,1.841716907837065,103,88
2026-27,mlax,New England Small College Athletic Conference (NESCAC),nescac,Trinity,Makin Blalock,Makin,Blalock,,713,Makin Blalock,"BLALOCK,MAKIN",BLALOCKMAKINTRINITY,15,14,,,Trinity,TRINITY,1127-5463,0,0,0,0,0,0,0,0,0,0,0,0,0,0,0,0,0,1,3,0,0,0,0,36,0,12,20,834:00,88,0,1.000,,,,,,,,,,,,,,,0,1,0,1,1,0,.000,0.07,,,,,,1.818221273258155,104,88
2026-27,mlax,New England Small College Athletic Conference (NESCAC),nescac,Conn. College,Isaiah Kozub,Isaiah,Kozub,,163,Isaiah Kozub,"KOZUB,ISAIAH",KOZUBISAIAHCONN,14,4,,,Conn. College,CONN,1125-2771,0,0,0,0,0,0,3,0,3,1,0,0,0,0,0,0,0,0,0,0,0,0,0,13,0,11,2,241:00,56,0,1.000,,,,,,,,,,,,,,,23,38,0,16,7,9,.605,1.14,,,,,,1.791821335115167,105,88
2026-27,mlax,New England Small College Athletic Conference (NESCAC),nescac,Middlebury,Ged Gengras,Ged,Gengras,,420,Ged Gengras,"GENGRAS,GED",GENGRASGEDMIDD,17,5,,,Middlebury,MIDD,1126-5928,0,0,0,0,0,0,6,0,1,1,0,0,0,0,0,0,0,1,1,0,0,0,0,12,0,16,0,300:00,0,0,1.000,,,,,,,,,,,,,,,26,50,0,18,4,14,.520,1.06,,,,,,1.7426614296725584,106,88
2026-27,mlax,New England Small College Athletic Conference (NESCAC),nescac,Amherst,Luciano Chadha,Luciano,Chadha,,24,Luciano Chadha,"CHADHA,LUCIANO",CHADHALUCIANOAMHERST,14,13,,,Amherst,AMHERST,0,0,0,0,0,0,0,0,0,0,0,0,0,0,0,0,0,0,2,1,0,0,0,0,29,0,10,22,780:00,6,0,1.000,,,,,,,,,,,,,,,3,3,0,1,0,1,1.000,0.07,,,,,,1.7400946115869065,107,88
2026-27,mlax,New England Small College Athletic Conference (NESCAC),nescac,Wesleyan,Doug Rabin,Doug,Rabin,,764,Doug Rabin,"RABIN,DOUG",RABINDOUGWESLEYAN,18,0,,,Wesleyan,WESLEYAN,0,0,0,0,0,0,0,0,0,0,0,0,0,0,0,0,0,0,0,1,0,0,1,0,30,0,8,18,00:00,0,1,1.000,,,,,,,,,,,,,,,3,3,0,3,1,2,1.000,0.17,,,,,,1.710652406274507,108,88
2026-27,mlax,New England Small College Athletic Conference (NESCAC),nescac,Wesleyan,Charlie Knapp,Charlie,Knapp,,764,Charlie Knapp,"KNAPP,CHARLIE",KNAPPCHARLIEWESLEYAN,9,4,,,Wesleyan,WESLEYAN,0,0,0,0,0,0,1,8,0,0,0,0,0,0,0,0,0,0,1,0,0,0,0,0,4,0,14,3,241:00,56,0,1.000,,,,,,,,,,,,,,,24,36,0,17,6,11,.667,1.89,,,,,,1.699425503848887,109,88
2026-27,mlax,New England Small College Athletic Conference (NESCAC),nescac,Bowdoin,Alex Choi,Alex,Choi,,69,Alex Choi,"CHOI,ALEX",CHOIALEXBOWDOIN,21,0,,,Bowdoin,BOWDOIN,0,0,0,0,0,0,0,1,1,0,0,0,0,0,0,0,0,0,1,0,0,0,148,83,77,0,8,0,00:00,0,231,1.000,,,,,,,,,,,,,,,6,7,0,4,3,1,.857,0.19,,,,,,1.6440203144257626,110,88
2026-27,mlax,New England Small College Athletic Conference (NESCAC),nescac,Conn. College,Henry Dumler,Henry,Dumler,,163,Henry Dumler,"DUMLER,HENRY",DUMLERHENRYCONN,14,14,,,Conn. College,CONN,1125-2958,0,0,0,0,0,0,0,0,0,0,0,0,0,0,0,0,0,2,1,0,0,0,0,34,0,12,19,842:00,104,0,1.000,,,,,,,,,,,,,,,0,2,0,1,1,0,.000,0.07,,,,,,1.6167560930042657,111,88
2026-27,mlax,New England Small College Athletic Conference (NESCAC),nescac,Hamilton,Andrew Higgins,Andrew,Higgins,,267,Andrew Higgins,"HIGGINS,ANDREW",HIGGINSANDREWHAMILTON,16,0,,,Hamilton,HAMILTON,1058-2985,0,0,0,0,0,1,2,0,0,0,0,0,0,0,0,0,0,1,0,0,0,155,141,74,0,6,1,00:00,0,296,1.000,,,,,,,,,,,,,,,4,9,0,4,2,2,.444,0.25,,,,,,1.601520055881381,112,88
2026-27,mlax,New England Small College Athletic Conference (NESCAC),nescac,Colby,Joey Hagerty,Joey,Hagerty,,151,Joey Hagerty,"HAGERTY,JOEY",HAGERTYJOEYCOLBY,14,3,,,Colby,COLBY,0,0,0,0,0,0,1,4,0,0,0,0,0,0,0,0,0,0,0,1,0,0,0,0,13,0,16,2,180:00,0,0,1.000,,,,,,,,,,,,,,,34,52,0,16,2,14,.654,1.14,,,,,,1.5598757385436273,113,88
2026-27,mlax,New England Small College Athletic Conference (NESCAC),nescac,Tufts,Jack Old,Jack,Old,,717,Jack Old,"OLD,JACK",OLDJACKTUFTS,22,20,,,Tufts,TUFTS,1129-4898,0,0,0,0,0,0,0,0,0,0,0,0,0,0,0,0,0,0,0,0,0,0,0,46,0,10,5,1200:00,0,0,1.000,21,1058:47,157,214,0,21,2,0,0,0,0,629,8.90,.577,0,2,0,0,0,0,.000,0.00,,,,,,1.5537962684496573,114,87
2026-27,mlax,New England Small College Athletic Conference (NESCAC),nescac,Middlebury,Will Leahy,Will,Leahy,,420,Will Leahy,"LEAHY,WILL",LEAHYWILLMIDD,17,0,,,Middlebury,MIDD,1126-6635,0,0,0,0,0,0,1,0,2,1,0,0,0,0,0,0,1,1,1,0,0,0,0,48,0,10,6,00:00,0,0,1.000,,,,,,,,,,,,,,,15,32,0,6,1,5,.469,0.35,,,,,,1.5142993588696998,115,87
2026-27,mlax,New England Small College Athletic Conference (NESCAC),nescac,Tufts,Ethan O'Neill,Ethan,O'Neill,,717,Ethan O'Neill,"O'NEILL,ETHAN",O'NEILLETHANTUFTS,23,21,,,Tufts,TUFTS,1129-4395,0,0,0,0,0,0,0,1,0,0,0,0,0,0,0,0,0,0,1,0,0,0,0,20,0,4,7,1260:00,0,0,1.000,,,,,,,,,,,,,,,9,13,0,10,6,4,.692,0.43,,,,,,1.5110362614267812,116,87
2026-27,mlax,New England Small College Athletic Conference (NESCAC),nescac,Middlebury,John McCarthy,John,McCarthy,,420,John McCarthy,"MCCARTHY,JOHN",MCCARTHYJOHNMIDD,10,3,,,Middlebury,MIDD,1126-5922,0,0,0,0,0,0,4,0,0,1,0,0,0,0,0,0,0,0,1,0,0,0,0,9,0,9,2,180:00,0,0,1.000,,,,,,,,,,,,,,,19,40,0,15,8,7,.475,1.50,,,,,,1.492953388183447,117,87
2026-27,mlax,New England Small College Athletic Conference (NESCAC),nescac,Hamilton,Lukas Takvor,Lukas,Takvor,,267,Lukas Takvor,"TAKVOR,LUKAS",TAKVORLUKASHAMILTON,1,0,,,Hamilton,HAMILTON,1058-3233,0,0,0,0,0,0,0,0,0,0,0,0,0,0,0,0,0,0,0,0,0,0,0,0,0,0,0,15:00,0,0,1.000,1,15:00,0,4,0,0,0,0,0,0,0,10,.00,1.000,0,0,0,0,0,0,.000,0.00,,,,,,1.4328509927742359,118,87
2026-27,mlax,New England Small College Athletic Conference (NESCAC),nescac,Wesleyan,Jackson Raymond,Jackson,Raymond,,764,Jackson Raymond,"RAYMOND,JACKSON",RAYMONDJACKSONWESLEYAN,1,0,,,Wesleyan,WESLEYAN,0,0,0,0,0,0,0,0,0,0,0,0,0,0,0,0,0,0,0,0,0,0,0,0,0,0,0,0,00:00,0,0,1.000,1,02:01,0,1,0,0,0,0,0,0,0,3,.00,1.000,0,0,0,0,0,0,.000,0.00,,,,,,1.4137265693262693,119,87
2026-27,mlax,New England Small College Athletic Conference (NESCAC),nescac,Bates,Nolan Deehan,Nolan,Deehan,,50,Nolan Deehan,"DEEHAN,NOLAN",DEEHANNOLANBATES,2,0,,,Bates,BATES,1120-5908,0,0,0,0,0,0,0,0,0,0,0,0,0,0,0,0,0,0,0,0,0,0,0,0,0,0,0,00:00,0,0,1.000,2,18:23,0,1,0,0,0,0,0,0,0,5,.00,1.000,0,0,0,0,0,0,.000,0.00,,,,,,1.4137265693262693,120,87
2026-27,mlax,New England Small College Athletic Conference (NESCAC),nescac,Middlebury,Brendan Hickey,Brendan,Hickey,,420,Brendan Hickey,"HICKEY,BRENDAN",HICKEYBRENDANMIDD,17,2,,,Middlebury,MIDD,1126-5730,0,0,0,0,0,1,5,0,0,1,0,0,0,0,0,0,0,0,0,0,0,0,0,5,0,15,1,120:00,0,0,1.000,,,,,,,,,,,,,,,32,57,0,17,4,13,.561,1.00,,,,,,1.4012932241964562,121,87
2026-27,mlax,New England Small College Athletic Conference (NESCAC),nescac,Bowdoin,Cam Wietfeldt,Cam,Wietfeldt,,69,Cam Wietfeldt,"WIETFELDT,CAM",WIETFELDTCAMBOWDOIN,20,0,,,Bowdoin,BOWDOIN,0,0,0,0,0,0,0,1,0,0,1,0,0,0,0,0,0,0,0,0,0,0,189,106,88,0,5,0,00:00,0,295,1.000,,,,,,,,,,,,,,,1,1,0,1,0,1,1.000,0.05,,,,,,1.3779328273709845,122,87
2026-27,mlax,New England Small College Athletic Conference (NESCAC),nescac,Colby,Tyler Katt,Tyler,Katt,,151,Tyler Katt,"KATT,TYLER",KATTTYLERCOLBY,12,11,,,Colby,COLBY,0,0,0,0,0,0,0,0,0,0,0,0,0,0,0,0,0,0,0,0,0,0,0,0,25,0,8,18,655:00,11,0,1.000,,,,,,,,,,,,,,,0,0,0,2,2,0,.000,0.17,,,,,,1.3722691954459938,123,87
2026-27,mlax,New England Small College Athletic Conference (NESCAC),nescac,Williams,Davis Miller,Davis,Miller,,789,Davis Miller,"MILLER,DAVIS",MILLERDAVISWILLIAMS,18,7,,,Williams,WILLIAMS,0,0,0,0,0,0,0,5,0,0,0,0,0,0,0,0,0,0,0,1,0,0,0,0,21,0,16,1,420:00,0,0,1.000,,,,,,,,,,,,,,,17,20,0,13,5,8,.850,0.72,,,,,,1.331142523224015,124,87
2026-27,mlax,New England Small College Athletic Conference (NESCAC),nescac,Colby,Drew Gannon,Drew,Gannon,,151,Drew Gannon,"GANNON,DREW",GANNONDREWCOLBY,13,13,,,Colby,COLBY,0,0,0,0,0,0,0,2,0,0,0,0,0,0,0,0,0,0,0,2,0,0,0,1,40,0,7,10,775:00,11,1,1.000,,,,,,,,,,,,,,,8,15,0,4,1,3,.533,0.31,,,,,,1.3135238362188595,125,87
2026-27,mlax,New England Small College Athletic Conference (NESCAC),nescac,Colby,Jacob Thibodeau,Jacob,Thibodeau,,151,Jacob Thibodeau,"THIBODEAU,JACOB",THIBODEAUJACOBCOLBY,11,0,,,Colby,COLBY,0,0,0,0,0,0,0,5,0,0,0,0,0,0,0,0,0,0,0,0,0,0,0,0,10,0,10,2,00:00,0,0,1.000,,,,,,,,,,,,,,,17,32,0,14,6,8,.531,1.27,,,,,,1.252494402792766,126,87
2026-27,mlax,New England Small College Athletic Conference (NESCAC),nescac,Wesleyan,Griffyn Flood,Griffyn,Flood,,764,Griffyn Flood,"FLOOD,GRIFFYN",FLOODGRIFFYNWESLEYAN,18,3,,,Wesleyan,WESLEYAN,0,0,0,0,0,0,0,1,0,1,0,0,0,0,0,0,0,0,1,0,0,0,0,0,11,0,6,0,180:00,0,0,1.000,,,,,,,,,,,,,,,19,34,0,15,6,9,.559,0.83,,,,,,1.2343363724278085,127,86
2026-27,mlax,New England Small College Athletic Conference (NESCAC),nescac,Wesleyan,Ryan Aabel,Ryan,Aabel,,764,Ryan Aabel,"AABEL,RYAN",AABELRYANWESLEYAN,19,0,,,Wesleyan,WESLEYAN,0,0,0,0,0,0,0,2,0,0,0,0,0,0,0,0,0,0,0,0,0,0,0,0,29,0,6,12,00:00,0,0,1.000,,,,,,,,,,,,,,,2,5,0,4,2,2,.400,0.21,,,,,,1.1701143575890562,128,86
2026-27,mlax,New England Small College Athletic Conference (NESCAC),nescac,Bowdoin,Luke Bernasek,Luke,Bernasek,,69,Luke Bernasek,"BERNASEK,LUKE",BERNASEKLUKEBOWDOIN,15,9,,,Bowdoin,BOWDOIN,0,0,0,0,0,0,0,1,0,0,0,0,0,0,0,0,0,0,0,0,0,0,0,0,31,0,8,13,540:00,0,0,1.000,,,,,,,,,,,,,,,2,2,0,3,1,2,1.000,0.20,,,,,,1.1379944078697801,129,86
2026-27,mlax,New England Small College Athletic Conference (NESCAC),nescac,Amherst,Patrick Arnold,Patrick,Arnold,,24,Patrick Arnold,"ARNOLD,PATRICK",ARNOLDPATRICKAMHERST,10,6,,,Amherst,AMHERST,0,0,0,0,0,0,0,7,0,1,1,0,0,0,0,0,0,0,0,1,0,0,0,0,12,0,8,0,360:00,6,0,1.000,,,,,,,,,,,,,,,22,42,0,15,3,12,.524,1.50,,,,,,1.1346842783816773,130,86
2026-27,mlax,New England Small College Athletic Conference (NESCAC),nescac,Amherst,Max Youssefnia,Max,Youssefnia,,24,Max Youssefnia,"YOUSSEFNIA,MAX",YOUSSEFNIAMAXAMHERST,16,0,,,Amherst,AMHERST,0,0,0,0,0,0,0,8,0,0,1,0,0,0,0,0,0,0,0,0,0,0,0,0,5,0,12,0,00:00,0,0,1.000,,,,,,,,,,,,,,,22,42,0,16,4,12,.524,1.00,,,,,,1.0916625610772948,131,86
2026-27,mlax,New England Small College Athletic Conference (NESCAC),nescac,Williams,Finn Leamy,Finn,Leamy,,789,Finn Leamy,"LEAMY,FINN",LEAMYFINNWILLIAMS,17,16,,,Williams,WILLIAMS,0,0,0,0,0,0,0,0,0,0,0,0,0,0,0,0,0,0,1,1,0,0,0,1,33,0,5,15,960:00,40,1,1.000,,,,,,,,,,,,,,,0,0,0,1,1,0,.000,0.06,,,,,,1.0875022192662578,132,86
2026-27,mlax,New England Small College Athletic Conference (NESCAC),nescac,Williams,Charlie Medd,Charlie,Medd,,789,Charlie Medd,"MEDD,CHARLIE",MEDDCHARLIEWILLIAMS,18,18,,,Williams,WILLIAMS,0,0,0,0,0,0,0,0,0,0,0,0,0,0,0,0,0,0,0,0,0,0,0,0,38,0,11,6,1080:00,40,0,1.000,18,1001:08,197,230,0,9,10,0,0,0,0,739,11.81,.539,1,2,0,1,1,0,.500,0.06,,,,,,1.058804021451616,133,86
2026-27,mlax,New England Small College Athletic Conference (NESCAC),nescac,Middlebury,Ryan Colella,Ryan,Colella,,420,Ryan Colella,"COLELLA,RYAN",COLELLARYANMIDD,17,17,,,Middlebury,MIDD,1126-5929,0,0,0,0,0,0,1,1,0,0,0,0,0,0,0,0,0,5,2,0,0,0,0,27,0,9,17,1020:00,0,0,1.000,,,,,,,,,,,,,,,1,1,0,1,0,1,1.000,0.06,,,,,,1.0488908214918018,134,86
2026-27,mlax,New England Small College Athletic Conference (NESCAC),nescac,Conn. College,Harrison Zmijewski,Harrison,Zmijewski,,163,Harrison Zmijewski,"ZMIJEWSKI,HARRISON",ZMIJEWSKIHARRISONCONN,14,7,,,Conn. College,CONN,1125-3129,0,0,0,0,0,0,7,0,0,0,0,0,0,0,0,0,0,0,0,0,0,0,0,15,0,9,1,422:00,104,0,1.000,,,,,,,,,,,,,,,27,46,0,13,3,10,.587,0.93,,,,,,1.0012727012146436,135,86
2026-27,mlax,New England Small College Athletic Conference (NESCAC),nescac,Trinity,Andrew Finn,Andrew,Finn,,713,Andrew Finn,"FINN,ANDREW",FINNANDREWTRINITY,15,0,,,Trinity,TRINITY,1127-5196,0,0,0,0,0,0,5,0,0,0,0,0,0,0,0,0,0,1,1,0,0,0,0,10,0,11,1,00:00,0,0,1.000,,,,,,,,,,,,,,,19,43,0,13,7,6,.442,0.87,,,,,,0.9892528589879122,136,86
2026-27,mlax,New England Small College Athletic Conference (NESCAC),nescac,Middlebury,Hayden Kern,Hayden,Kern,,420,Hayden Kern,"KERN,HAYDEN",KERNHAYDENMIDD,17,17,,,Middlebury,MIDD,1126-5729,0,0,0,0,0,0,0,0,0,0,0,0,0,0,0,0,0,0,0,0,0,0,0,44,0,9,6,1020:00,0,0,1.000,17,997:23,189,213,0,10,9,0,0,0,0,680,11.37,.530,1,4,0,0,0,0,.250,0.00,,,,,,0.9685364288744485,137,86
2026-27,mlax,New England Small College Athletic Conference (NESCAC),nescac,Trinity,Colin Sullivan,Colin,Sullivan,,713,Colin Sullivan,"SULLIVAN,COLIN",SULLIVANCOLINTRINITY,10,0,,,Trinity,TRINITY,1127-5194,0,0,0,0,0,0,4,0,0,0,0,0,0,0,0,0,0,1,1,0,0,0,0,3,0,3,3,00:00,0,0,1.000,,,,,,,,,,,,,,,21,46,0,14,2,12,.457,1.40,,,,,,0.9127657307182899,138,86
2026-27,mlax,New England Small College Athletic Conference (NESCAC),nescac,Trinity,Ethan Lung,Ethan,Lung,,713,Ethan Lung,"LUNG,ETHAN",LUNGETHANTRINITY,15,14,,,Trinity,TRINITY,1127-4917,0,0,0,0,0,0,0,0,0,0,0,0,0,0,0,0,0,1,3,0,0,0,0,30,0,8,13,833:00,40,0,1.000,,,,,,,,,,,,,,,1,2,0,2,1,1,.500,0.13,,,,,,0.9112831333141298,139,86
2026-27,mlax,New England Small College Athletic Conference (NESCAC),nescac,Wesleyan,Peter Rossi,Peter,Rossi,,764,Peter Rossi,"ROSSI,PETER",ROSSIPETERWESLEYAN,19,19,,,Wesleyan,WESLEYAN,0,0,0,0,0,0,0,0,0,0,0,0,0,0,0,0,0,1,5,0,0,0,0,0,40,0,6,12,1137:00,101,0,1.000,,,,,,,,,,,,,,,1,1,0,0,0,0,1.000,0.00,,,,,,0.7632199791897283,140,85
2026-27,mlax,New England Small College Athletic Conference (NESCAC),nescac,Wesleyan,Jack Doherty,Jack,Doherty,,764,Jack Doherty,"DOHERTY,JACK",DOHERTYJACKWESLEYAN,16,0,,,Wesleyan,WESLEYAN,0,0,0,0,0,0,1,1,0,0,0,0,0,0,0,0,0,0,2,3,0,0,96,98,57,0,10,3,00:00,0,194,1.000,,,,,,,,,,,,,,,2,5,0,2,1,1,.400,0.13,,,,,,0.753848733924491,141,85
2026-27,mlax,New England Small College Athletic Conference (NESCAC),nescac,Tufts,Ben Clarke,Ben,Clarke,,717,Ben Clarke,"CLARKE,BEN",CLARKEBENTUFTS,23,7,,,Tufts,TUFTS,1129-4655,0,0,0,0,0,0,1,0,0,0,0,0,0,0,0,0,0,0,1,0,0,0,0,35,0,5,5,420:00,0,0,1.000,,,,,,,,,,,,,,,5,6,0,5,2,3,.833,0.22,,,,,,0.7373593844065423,142,85
2026-27,mlax,New England Small College Athletic Conference (NESCAC),nescac,Bates,Benjamin Kondner,Benjamin,Kondner,,50,Benjamin Kondner,"KONDNER,BENJAMIN",KONDNERBENJAMINBATES,14,9,,,Bates,BATES,1120-5677,0,0,0,0,0,0,1,0,0,0,0,0,0,0,0,0,0,0,2,0,0,0,0,28,0,3,12,540:00,0,0,1.000,,,,,,,,,,,,,,,1,3,0,2,1,1,.333,0.14,,,,,,0.7098179530602403,143,85
2026-27,mlax,New England Small College Athletic Conference (NESCAC),nescac,Bowdoin,Alec Delgado,Alec,Delgado,,69,Alec Delgado,"DELGADO,ALEC",DELGADOALECBOWDOIN,21,21,,,Bowdoin,BOWDOIN,0,0,0,0,0,0,0,0,0,0,0,0,0,0,0,0,0,0,0,0,0,0,0,0,26,0,8,3,1260:00,0,0,1.000,21,1191:03,183,229,0,16,2,0,0,0,0,723,9.22,.556,0,0,0,1,1,0,.000,0.05,,,,,,0.684591650871164,144,85
2026-27,mlax,New England Small College Athletic Conference (NESCAC),nescac,Wesleyan,Tyler Vitale,Tyler,Vitale,,764,Tyler Vitale,"VITALE,TYLER",VITALETYLERWESLEYAN,19,0,,,Wesleyan,WESLEYAN,0,0,0,0,0,0,0,0,0,0,0,0,0,0,0,0,0,0,0,1,0,0,0,0,18,0,3,13,00:00,0,0,1.000,,,,,,,,,,,,,,,2,3,0,3,2,1,.667,0.16,,,,,,0.6706850965257839,145,85
2026-27,mlax,New England Small College Athletic Conference (NESCAC),nescac,Trinity,Finn O'Callaghan,Finn,O'Callaghan,,713,Finn O'Callaghan,"O'CALLAGHAN,FINN",O'CALLAGHANFINNTRINITY,15,14,,,Trinity,TRINITY,1127-4920,0,0,0,0,0,0,0,0,0,0,0,0,0,0,0,0,0,2,1,0,0,0,0,23,0,9,11,834:00,88,0,1.000,,,,,,,,,,,,,,,4,5,0,3,3,0,.800,0.20,,,,,,0.669781230403447,146,85
2026-27,mlax,New England Small College Athletic Conference (NESCAC),nescac,Middlebury,JD Farkas,JD,Farkas,,420,JD Farkas,"FARKAS,JD",FARKASJDMIDD,14,12,,,Middlebury,MIDD,1126-5734,0,0,0,0,0,0,0,0,0,0,0,0,0,0,0,0,0,1,0,0,0,0,0,20,0,2,5,720:00,0,0,1.000,,,,,,,,,,,,,,,4,4,0,7,5,2,1.000,0.50,,,,,,0.6581898052152922,147,85
2026-27,mlax,New England Small College Athletic Conference (NESCAC),nescac,Conn. College,Liam Doherty,Liam,Doherty,,163,Liam Doherty,"DOHERTY,LIAM",DOHERTYLIAMCONN,14,13,,,Conn. College,CONN,1125-2502,0,0,0,0,0,0,0,0,0,0,0,0,0,0,0,0,0,1,0,0,0,0,0,34,0,15,13,782:00,104,0,1.000,,,,,,,,,,,,,,,0,2,0,0,0,0,.000,0.00,,,,,,0.6485630482692767,148,85
2026-27,mlax,New England Small College Athletic Conference (NESCAC),nescac,Amherst,Sam Sneider,Sam,Sneider,,24,Sam Sneider,"SNEIDER,SAM",SNEIDERSAMAMHERST,16,4,,,Amherst,AMHERST,0,0,0,0,0,0,0,0,1,0,0,0,0,0,0,0,0,0,0,0,0,0,0,0,32,0,4,12,240:00,0,0,1.000,,,,,,,,,,,,,,,4,9,0,1,0,1,.444,0.06,,,,,,0.6342938786742451,149,85
2026-27,mlax,New England Small College Athletic Conference (NESCAC),nescac,Trinity,Rory McAloon,Rory,McAloon,,713,Rory McAloon,"MCALOON,RORY",MCALOONRORYTRINITY,15,0,,,Trinity,TRINITY,1127-4918,0,0,0,0,0,0,0,0,0,0,0,0,0,0,0,0,0,0,1,0,0,0,0,8,0,4,16,00:00,0,0,1.000,,,,,,,,,,,,,,,5,7,0,3,1,2,.714,0.20,,,,,,0.5964472956244617,150,85
2026-27,mlax,New England Small College Athletic Conference (NESCAC),nescac,Amherst,Andrew Hahm,Andrew,Hahm,,24,Andrew Hahm,"HAHM,ANDREW",HAHMANDREWAMHERST,16,16,,,Amherst,AMHERST,0,0,0,0,0,0,0,0,0,0,0,0,0,0,0,0,0,0,1,0,0,0,0,0,30,0,12,8,960:00,6,0,1.000,,,,,,,,,,,,,,,2,3,0,3,3,0,.667,0.19,,,,,,0.5790841203000837,151,85
2026-27,mlax,New England Small College Athletic Conference (NESCAC),nescac,Middlebury,Ryan McGloin,Ryan,McGloin,,420,Ryan McGloin,"MCGLOIN,RYAN",MCGLOINRYANMIDD,16,0,,,Middlebury,MIDD,1126-6137,0,0,0,0,0,0,0,0,0,0,0,0,0,0,0,0,0,5,4,0,0,0,0,33,0,5,7,00:00,0,0,1.000,,,,,,,,,,,,,,,4,11,0,3,3,0,.364,0.19,,,,,,0.5751952595301576,152,85
2026-27,mlax,New England Small College Athletic Conference (NESCAC),nescac,Amherst,Carter Cave,Carter,Cave,,24,Carter Cave,"CAVE,CARTER",CAVECARTERAMHERST,16,15,,,Amherst,AMHERST,0,0,0,0,0,0,0,0,0,0,0,0,0,0,0,0,0,0,1,0,0,0,154,123,72,0,7,0,900:00,6,277,1.000,,,,,,,,,,,,,,,1,1,0,0,0,0,1.000,0.00,,,,,,0.558492594363445,153,84
2026-27,mlax,New England Small College Athletic Conference (NESCAC),nescac,Williams,Andrew Johnson,Andrew,Johnson,,789,Andrew Johnson,"JOHNSON,ANDREW",JOHNSONANDREWWILLIAMS,18,3,,,Williams,WILLIAMS,0,0,0,0,0,0,0,1,0,0,0,0,0,0,0,0,0,0,0,1,0,0,0,0,20,0,11,6,180:00,0,0,1.000,,,,,,,,,,,,,,,12,24,0,6,4,2,.500,0.33,,,,,,0.5470393277024305,154,84
2026-27,mlax,New England Small College Athletic Conference (NESCAC),nescac,Conn. College,Ryan Breheny,Ryan,Breheny,,163,Ryan Breheny,"BREHENY,RYAN",BREHENYRYANCONN,14,4,,,Conn. College,CONN,1125-2501,0,0,0,0,0,1,4,0,0,0,0,0,0,0,0,0,0,1,1,0,0,0,0,9,0,8,1,240:00,0,0,1.000,,,,,,,,,,,,,,,20,29,0,11,6,5,.690,0.79,,,,,,0.5289564544590966,155,84
2026-27,mlax,New England Small College Athletic Conference (NESCAC),nescac,Tufts,Mason Theis,Mason,Theis,,717,Mason Theis,"THEIS,MASON",THEISMASONTUFTS,22,0,,,Tufts,TUFTS,1129-5135,0,0,0,0,0,0,2,0,0,0,0,0,0,0,0,0,0,0,0,0,0,0,0,18,0,1,7,00:00,0,0,1.000,,,,,,,,,,,,,,,10,15,0,6,2,4,.667,0.27,,,,,,0.4976652137405333,156,84
2026-27,mlax,New England Small College Athletic Conference (NESCAC),nescac,Bates,Drew McClutchy,Drew,McClutchy,,50,Drew McClutchy,"MCCLUTCHY,DREW",MCCLUTCHYDREWBATES,18,17,,,Bates,BATES,1120-5681,0,0,0,0,0,0,0,0,0,0,0,0,0,0,0,0,0,2,5,0,0,0,0,30,0,11,13,1020:00,0,0,1.000,,,,,,,,,,,,,,,0,2,0,0,0,0,.000,0.00,,,,,,0.49050199268210637,157,84
2026-27,mlax,New England Small College Athletic Conference (NESCAC),nescac,Tufts,Drew Bossi,Drew,Bossi,,717,Drew Bossi,"BOSSI,DREW",BOSSIDREWTUFTS,18,0,,,Tufts,TUFTS,1129-5140,0,0,0,0,0,0,2,1,0,0,0,0,0,0,0,0,0,0,1,0,0,0,0,7,0,14,2,00:00,0,0,1.000,,,,,,,,,,,,,,,16,25,0,11,4,7,.640,0.61,,,,,,0.47958234049719933,158,84
2026-27,mlax,New England Small College Athletic Conference (NESCAC),nescac,Bates,Alex Irisari,Alex,Irisari,,50,Alex Irisari,"IRISARI,ALEX",IRISARIALEXBATES,18,17,,,Bates,BATES,1120-6180,0,0,0,0,0,0,0,0,0,0,0,0,0,0,0,0,0,1,1,0,0,0,0,42,0,8,9,1020:00,0,0,1.000,,,,,,,,,,,,,,,0,0,0,0,0,0,.000,0.00,,,,,,0.4749465496024019,159,84
2026-27,mlax,New England Small College Athletic Conference (NESCAC),nescac,Hamilton,Jack Williams,Jack,Williams,,267,Jack Williams,"WILLIAMS,JACK",WILLIAMSJACKHAMILTON,16,16,,,Hamilton,HAMILTON,1058-2993,0,0,0,0,0,0,0,0,0,0,0,0,0,0,0,0,0,0,0,0,0,0,0,36,0,3,5,912:00,42,0,1.000,16,881:00,170,199,0,9,8,0,0,0,0,618,11.58,.539,0,0,0,0,0,0,.000,0.00,,,,,,0.4598316987366612,160,84
2026-27,mlax,New England Small College Athletic Conference (NESCAC),nescac,Tufts,Mack Leonhartt,Mack,Leonhartt,,717,Mack Leonhartt,"LEONHARTT,MACK",LEONHARTTMACKTUFTS,23,0,,,Tufts,TUFTS,1129-4896,0,0,0,0,0,0,0,0,0,0,0,0,0,0,0,0,0,0,1,0,0,0,0,21,0,3,12,00:00,0,0,1.000,,,,,,,,,,,,,,,5,9,0,2,1,1,.556,0.09,,,,,,0.43321110578269195,161,84
2026-27,mlax,New England Small College Athletic Conference (NESCAC),nescac,Bowdoin,Colin Campbell,Colin,Campbell,,69,Colin Campbell,"CAMPBELL,COLIN",CAMPBELLCOLINBOWDOIN,21,0,,,Bowdoin,BOWDOIN,0,0,0,0,0,0,0,0,0,0,0,0,0,0,0,0,0,0,1,2,0,0,0,0,16,0,3,10,00:00,0,0,1.000,,,,,,,,,,,,,,,4,11,0,4,2,2,.364,0.19,,,,,,0.4115466220101446,162,84
2026-27,mlax,New England Small College Athletic Conference (NESCAC),nescac,Hamilton,Evan deBerjeois,Evan,deBerjeois,,267,Evan deBerjeois,"DEBERJEOIS,EVAN",DEBERJEOISEVANHAMILTON,16,0,,,Hamilton,HAMILTON,1058-2773,0,0,0,0,0,0,1,0,0,0,0,0,0,0,0,0,0,0,1,0,0,0,0,30,0,11,5,00:00,0,0,1.000,,,,,,,,,,,,,,,4,6,0,4,3,1,.667,0.25,,,,,,0.3989761735780295,163,84
2026-27,mlax,New England Small College Athletic Conference (NESCAC),nescac,Bowdoin,Owen Majit,Owen,Majit,,69,Owen Majit,"MAJIT,OWEN",MAJITOWENBOWDOIN,20,0,,,Bowdoin,BOWDOIN,0,0,0,0,0,0,0,1,0,0,1,0,0,0,0,0,0,0,0,0,0,0,0,0,11,0,8,0,00:00,0,0,1.000,,,,,,,,,,,,,,,20,36,0,11,4,7,.556,0.55,,,,,,0.39277409116376194,164,84
2026-27,mlax,New England Small College Athletic Conference (NESCAC),nescac,Amherst,Brayden Stroh,Brayden,Stroh,,24,Brayden Stroh,"STROH,BRAYDEN",STROHBRAYDENAMHERST,16,0,,,Amherst,AMHERST,0,0,0,0,0,0,0,3,0,0,0,0,0,0,0,0,0,0,1,2,0,0,0,0,22,0,10,10,00:00,0,0,1.000,,,,,,,,,,,,,,,6,11,0,3,0,3,.545,0.19,,,,,,0.36866395610342667,165,84
2026-27,mlax,New England Small College Athletic Conference (NESCAC),nescac,Hamilton,John McKinnon,John,McKinnon,,267,John McKinnon,"MCKINNON,JOHN",MCKINNONJOHNHAMILTON,15,0,,,Hamilton,HAMILTON,1058-2779,0,0,0,0,0,0,0,0,0,0,0,0,0,0,0,0,0,0,1,0,0,0,0,19,0,5,10,00:00,0,0,1.000,,,,,,,,,,,,,,,1,2,0,3,2,1,.500,0.20,,,,,,0.3428964030416648,166,84
2026-27,mlax,New England Small College Athletic Conference (NESCAC),nescac,Conn. College,Jack Walker,Jack,Walker,,163,Jack Walker,"WALKER,JACK",WALKERJACKCONN,13,9,,,Conn. College,CONN,1125-3127,0,0,0,0,0,0,0,0,0,0,0,0,0,0,0,0,0,1,0,0,0,10,27,26,0,5,10,540:00,0,37,1.000,,,,,,,,,,,,,,,3,8,0,2,0,2,.375,0.15,,,,,,0.33952900103173944,167,83
2026-27,mlax,New England Small College Athletic Conference (NESCAC),nescac,Williams,Wyatt Cotton,Wyatt,Cotton,,789,Wyatt Cotton,"COTTON,WYATT",COTTONWYATTWILLIAMS,17,0,,,Williams,WILLIAMS,0,0,0,0,0,0,1,2,0,0,0,0,0,0,0,0,0,0,0,3,0,0,0,0,23,0,5,6,00:00,0,0,1.000,,,,,,,,,,,,,,,6,13,0,5,1,4,.462,0.29,,,,,,0.33922175079102673,168,83
2026-27,mlax,New England Small College Athletic Conference (NESCAC),nescac,Bates,Charlie Hepp,Charlie,Hepp,,50,Charlie Hepp,"HEPP,CHARLIE",HEPPCHARLIEBATES,11,0,,,Bates,BATES,1120-6178,0,0,0,0,0,0,3,0,0,0,0,0,0,0,0,0,0,0,0,0,0,0,0,7,0,7,1,00:00,0,0,1.000,,,,,,,,,,,,,,,14,32,0,11,3,8,.438,1.00,,,,,,0.3107585687225874,169,83
2026-27,mlax,New England Small College Athletic Conference (NESCAC),nescac,Middlebury,Bryan Henry,Bryan,Henry,,420,Bryan Henry,"HENRY,BRYAN",HENRYBRYANMIDD,17,1,,,Middlebury,MIDD,1126-6138,0,0,0,0,0,0,0,0,0,0,0,0,0,0,0,0,0,0,0,0,0,0,0,25,0,5,11,60:00,0,0,1.000,,,,,,,,,,,,,,,0,2,0,1,1,0,.000,0.06,,,,,,0.28164149825070084,170,83
2026-27,mlax,New England Small College Athletic Conference (NESCAC),nescac,Tufts,Harrison Stockdale,Harrison,Stockdale,,717,Harrison Stockdale,"STOCKDALE,HARRISON",STOCKDALEHARRISONTUFTS,21,1,,,Tufts,TUFTS,1129-4407,0,0,0,0,0,0,0,0,0,0,0,0,0,0,0,0,0,2,1,0,0,0,0,18,0,7,10,60:00,0,0,1.000,,,,,,,,,,,,,,,2,8,0,3,1,2,.250,0.14,,,,,,0.2569920198305642,171,83
2026-27,mlax,New England Small College Athletic Conference (NESCAC),nescac,Amherst,Dutch Lohnes,Dutch,Lohnes,,24,Dutch Lohnes,"LOHNES,DUTCH",LOHNESDUTCHAMHERST,16,15,,,Amherst,AMHERST,0,0,0,0,0,0,0,0,0,0,0,0,0,0,0,0,0,0,0,1,0,0,0,8,28,0,7,8,900:00,6,8,1.000,,,,,,,,,,,,,,,3,5,0,2,1,1,.600,0.13,,,,,,0.22007934321902478,172,83
2026-27,mlax,New England Small College Athletic Conference (NESCAC),nescac,Middlebury,Owen Halter,Owen,Halter,,420,Owen Halter,"HALTER,OWEN",HALTEROWENMIDD,17,16,,,Middlebury,MIDD,1126-5736,0,0,0,0,0,0,0,0,0,0,0,0,0,0,0,0,1,2,0,0,0,0,0,25,0,8,12,960:00,0,0,1.000,,,,,,,,,,,,,,,0,0,0,0,0,0,.000,0.00,,,,,,0.17049102073783895,173,83
2026-27,mlax,New England Small College Athletic Conference (NESCAC),nescac,Conn. College,Will Zaslow,Will,Zaslow,,163,Will Zaslow,"ZASLOW,WILL",ZASLOWWILLCONN,14,3,,,Conn. College,CONN,1125-2761,0,0,0,0,0,1,5,0,0,0,0,0,0,0,0,0,0,1,0,0,0,0,0,7,0,11,1,181:00,48,0,1.000,,,,,,,,,,,,,,,19,26,0,10,4,6,.731,0.71,,,,,,0.16995167737803768,174,83
2026-27,mlax,New England Small College Athletic Conference (NESCAC),nescac,Williams,Henry Faulkner,Henry,Faulkner,,789,Henry Faulkner,"FAULKNER,HENRY",FAULKNERHENRYWILLIAMS,18,0,,,Williams,WILLIAMS,0,0,0,0,0,0,0,0,0,0,0,0,0,0,0,0,0,0,0,2,0,0,0,1,33,0,4,9,00:00,0,1,1.000,,,,,,,,,,,,,,,0,1,0,0,0,0,.000,0.00,,,,,,0.11930917453126844,175,83
2026-27,mlax,New England Small College Athletic Conference (NESCAC),nescac,Colby,Matias Williams,Matias,Williams,,151,Matias Williams,"WILLIAMS,MATIAS",WILLIAMSMATIASCOLBY,9,2,,,Colby,COLBY,0,0,0,0,0,0,0,4,0,0,0,0,0,0,0,0,0,0,0,0,0,0,0,0,7,0,10,3,120:00,0,0,1.000,,,,,,,,,,,,,,,16,21,0,9,1,8,.762,1.00,,,,,,0.08845761369686396,176,83
2026-27,mlax,New England Small College Athletic Conference (NESCAC),nescac,Hamilton,Lance Dominick,Lance,Dominick,,267,Lance Dominick,"DOMINICK,LANCE",DOMINICKLANCEHAMILTON,16,12,,,Hamilton,HAMILTON,1058-2784,0,0,0,0,0,0,0,0,0,0,0,0,0,0,0,0,0,0,0,0,0,0,0,26,0,6,11,721:00,42,0,1.000,,,,,,,,,,,,,,,0,0,0,0,0,0,.000,0.00,,,,,,0.08757163217432784,177,83
2026-27,mlax,New England Small College Athletic Conference (NESCAC),nescac,Tufts,Tommy McCool,Tommy,McCool,,717,Tommy McCool,"MCCOOL,TOMMY",MCCOOLTOMMYTUFTS,12,0,,,Tufts,TUFTS,1129-5136,0,0,0,0,0,0,1,0,1,0,0,0,0,0,0,0,0,0,0,0,0,0,0,7,0,7,0,00:00,0,0,1.000,,,,,,,,,,,,,,,14,26,0,10,4,6,.538,0.83,,,,,,0.0475170249177338,178,83
2026-27,mlax,New England Small College Athletic Conference (NESCAC),nescac,Colby,Tristan Bassett,Tristan,Bassett,,151,Tristan Bassett,"BASSETT,TRISTAN",BASSETTTRISTANCOLBY,12,11,,,Colby,COLBY,0,0,0,0,0,0,0,1,0,0,0,0,0,0,0,0,0,0,0,0,0,0,111,103,48,0,6,0,660:00,0,214,1.000,,,,,,,,,,,,,,,2,2,0,2,1,1,1.000,0.17,,,,,,0.03090740147244564,179,83
2026-27,mlax,New England Small College Athletic Conference (NESCAC),nescac,Middlebury,Aidan Dever,Aidan,Dever,,420,Aidan Dever,"DEVER,AIDAN",DEVERAIDANMIDD,0,0,,,Middlebury,MIDD,1126-5919,,,,,,,,,,,,,,,,,,,,,,,,,,,,,,,,,,,,,,,,,,,,,,,,,,,,,0,,,,,,0.0,180,82
2026-27,mlax,New England Small College Athletic Conference (NESCAC),nescac,Conn. College,Aidan Shea,Aidan,Shea,,163,Aidan Shea,"SHEA,AIDAN",SHEAAIDANCONN,0,0,,,Conn. College,CONN,1125-2499,,,,,,,,,,,,,,,,,,,,,,,,,,,,,,,,,,,,,,,,,,,,,,,,,,,,,0,,,,,,0.0,181,82
2026-27,mlax,New England Small College Athletic Conference (NESCAC),nescac,Hamilton,Andrew Maneggia,Andrew,Maneggia,,267,Andrew Maneggia,"MANEGGIA,ANDREW",MANEGGIAANDREWHAMILTON,0,0,,,Hamilton,HAMILTON,0,,,,,,,,,,,,,,,,,,,,,,,,,,,,,,,,,,,,,,,,,,,,,,,,,,,,,0,,,,,,0.0,182,82
2026-27,mlax,New England Small College Athletic Conference (NESCAC),nescac,Tufts,Beau Keough,Beau,Keough,,717,Beau Keough,"KEOUGH,BEAU",KEOUGHBEAUTUFTS,0,0,,,Tufts,TUFTS,1129-4409,,,,,,,,,,,,,,,,,,,,,,,,,,,,,,,,,,,,,,,,,,,,,,,,,,,,,0,,,,,,0.0,183,82
2026-27,mlax,New England Small College Athletic Conference (NESCAC),nescac,Conn. College,Braeden Saunders,Braeden,Saunders,,163,Braeden Saunders,"SAUNDERS,BRAEDEN",SAUNDERSBRAEDENCONN,0,0,,,Conn. College,CONN,1125-2947,,,,,,,,,,,,,,,,,,,,,,,,,,,,,,,,,,,,,,,,,,,,,,,,,,,,,0,,,,,,0.0,184,82
2026-27,mlax,New England Small College Athletic Conference (NESCAC),nescac,Tufts,Brayden Beyer,Brayden,Beyer,,717,Brayden Beyer,"BEYER,BRAYDEN",BEYERBRAYDENTUFTS,0,0,,,Tufts,TUFTS,1129-4905,,,,,,,,,,,,,,,,,,,,,,,,,,,,,,,,,,,,,,,,,,,,,,,,,,,,,0,,,,,,0.0,185,82
2026-27,mlax,New England Small College Athletic Conference (NESCAC),nescac,Hamilton,Ceron White,Ceron,White,,267,Ceron White,"WHITE,CERON",WHITECERONHAMILTON,0,0,,,Hamilton,HAMILTON,0,,,,,,,,,,,,,,,,,,,,,,,,,,,,,,,,,,,,,,,,,,,,,,,,,,,,,0,,,,,,0.0,186,82
2026-27,mlax,New England Small College Athletic Conference (NESCAC),nescac,Hamilton,Chad Bartlett,Chad,Bartlett,,267,Chad Bartlett,"BARTLETT,CHAD",BARTLETTCHADHAMILTON,0,0,,,Hamilton,HAMILTON,0,,,,,,,,,,,,,,,,,,,,,,,,,,,,,,,,,,,,,,,,,,,,,,,,,,,,,0,,,,,,0.0,187,82
2026-27,mlax,New England Small College Athletic Conference (NESCAC),nescac,Hamilton,Charlie DeMore,Charlie,DeMore,,267,Charlie DeMore,"DEMORE,CHARLIE",DEMORECHARLIEHAMILTON,0,0,,,Hamilton,HAMILTON,0,,,,,,,,,,,,,,,,,,,,,,,,,,,,,,,,,,,,,,,,,,,,,,,,,,,,,0,,,,,,0.0,188,82
2026-27,mlax,New England Small College Athletic Conference (NESCAC),nescac,Hamilton,Chauncey Payne,Chauncey,Payne,,267,Chauncey Payne,"PAYNE,CHAUNCEY",PAYNECHAUNCEYHAMILTON,0,0,,,Hamilton,HAMILTON,0,,,,,,,,,,,,,,,,,,,,,,,,,,,,,,,,,,,,,,,,,,,,,,,,,,,,,0,,,,,,0.0,189,82
2026-27,mlax,New England Small College Athletic Conference (NESCAC),nescac,Hamilton,Chris Caiazzo,Chris,Caiazzo,,267,Chris Caiazzo,"CAIAZZO,CHRIS",CAIAZZOCHRISHAMILTON,0,0,,,Hamilton,HAMILTON,0,,,,,,,,,,,,,,,,,,,,,,,,,,,,,,,,,,,,,,,,,,,,,,,,,,,,,0,,,,,,0.0,190,82
2026-27,mlax,New England Small College Athletic Conference (NESCAC),nescac,Bates,Connor Lee,Connor,Lee,,50,Connor Lee,"LEE,CONNOR",LEECONNORBATES,0,0,,,Bates,BATES,1120-6181,,,,,,,,,,,,,,,,,,,,,,,,,,,,,,,,,,,,,,,,,,,,,,,,,,,,,0,,,,,,0.0,191,82
2026-27,mlax,New England Small College Athletic Conference (NESCAC),nescac,Wesleyan,Devin Prettyman,Devin,Prettyman,,764,Devin Prettyman,"PRETTYMAN,DEVIN",PRETTYMANDEVINWESLEYAN,0,0,,,Wesleyan,WESLEYAN,0,,,,,,,,,,,,,,,,,,,,,,,,,,,,,,,,,,,,,,,,,,,,,,,,,,,,,0,,,,,,0.0,192,82
2026-27,mlax,New England Small College Athletic Conference (NESCAC),nescac,Hamilton,Devon Higgins,Devon,Higgins,,267,Devon Higgins,"HIGGINS,DEVON",HIGGINSDEVONHAMILTON,0,0,,,Hamilton,HAMILTON,0,,,,,,,,,,,,,,,,,,,,,,,,,,,,,,,,,,,,,,,,,,,,,,,,,,,,,0,,,,,,0.0,193,82
2026-27,mlax,New England Small College Athletic Conference (NESCAC),nescac,Hamilton,Dylan Smith,Dylan,Smith,,267,Dylan Smith,"SMITH,DYLAN",SMITHDYLANHAMILTON,0,0,,,Hamilton,HAMILTON,1058-3235,,,,,,,,,,,,,,,,,,,,,,,,,,,,,,,,,,,,,,,,,,,,,,,,,,,,,0,,,,,,0.0,194,81
2026-27,mlax,New England Small College Athletic Conference (NESCAC),nescac,Bowdoin,Eddie McElory,Eddie,McElory,,69,Eddie McElory,"MCELORY,EDDIE",MCELORYEDDIEBOWDOIN,0,0,,,Bowdoin,BOWDOIN,0,,,,,,,,,,,,,,,,,,,,,,,,,,,,,,,,,,,,,,,,,,,,,,,,,,,,,0,,,,,,0.0,195,81
2026-27,mlax,New England Small College Athletic Conference (NESCAC),nescac,Middlebury,Edson Nunez,Edson,Nunez,,420,Edson Nunez,"NUNEZ,EDSON",NUNEZEDSONMIDD,0,0,,,Middlebury,MIDD,1126-6144,,,,,,,,,,,,,,,,,,,,,,,,,,,,,,,,,,,,,,,,,,,,,,,,,,,,,0,,,,,,0.0,196,81
2026-27,mlax,New England Small College Athletic Conference (NESCAC),nescac,Middlebury,Fisher Winslow,Fisher,Winslow,,420,Fisher Winslow,"WINSLOW,FISHER",WINSLOWFISHERMIDD,0,0,,,Middlebury,MIDD,1126-6641,,,,,,,,,,,,,,,,,,,,,,,,,,,,,,,,,,,,,,,,,,,,,,,,,,,,,0,,,,,,0.0,197,81
2026-27,mlax,New England Small College Athletic Conference (NESCAC),nescac,Williams,Garrett Ip,Garrett,Ip,,789,Garrett Ip,"IP,GARRETT",IPGARRETTWILLIAMS,0,0,,,Williams,WILLIAMS,0,,,,,,,,,,,,,,,,,,,,,,,,,,,,,,,,,,,,,,,,,,,,,,,,,,,,,0,,,,,,0.0,198,81
2026-27,mlax,New England Small College Athletic Conference (NESCAC),nescac,Hamilton,George Persinger,George,Persinger,,267,George Persinger,"PERSINGER,GEORGE",PERSINGERGEORGEHAMILTON,0,0,,,Hamilton,HAMILTON,0,,,,,,,,,,,,,,,,,,,,,,,,,,,,,,,,,,,,,,,,,,,,,,,,,,,,,0,,,,,,0.0,199,81
2026-27,mlax,New England Small College Athletic Conference (NESCAC),nescac,Wesleyan,Hamilton Tevis,Hamilton,Tevis,,764,Hamilton Tevis,"TEVIS,HAMILTON",TEVISHAMILTONWESLEYAN,0,0,,,Wesleyan,WESLEYAN,0,,,,,,,,,,,,,,,,,,,,,,,,,,,,,,,,,,,,,,,,,,,,,,,,,,,,,0,,,,,,0.0,200,81
2026-27,mlax,New England Small College Athletic Conference (NESCAC),nescac,Wesleyan,Harry Larbalestier,Harry,Larbalestier,,764,Harry Larbalestier,"LARBALESTIER,HARRY",LARBALESTIERHARRYWESLEYAN,0,0,,,Wesleyan,WESLEYAN,0,,,,,,,,,,,,,,,,,,,,,,,,,,,,,,,,,,,,,,,,,,,,,,,,,,,,,0,,,,,,0.0,201,81
2026-27,mlax,New England Small College Athletic Conference (NESCAC),nescac,Hamilton,Harry Polito,Harry,Polito,,267,Harry Polito,"POLITO,HARRY",POLITOHARRYHAMILTON,0,0,,,Hamilton,HAMILTON,0,,,,,,,,,,,,,,,,,,,,,,,,,,,,,,,,,,,,,,,,,,,,,,,,,,,,,0,,,,,,0.0,202,81
2026-27,mlax,New England Small College Athletic Conference (NESCAC),nescac,Conn. College,Jack Colman,Jack,Colman,,163,Jack Colman,"COLMAN,JACK",COLMANJACKCONN,0,0,,,Conn. College,CONN,1125-3142,,,,,,,,,,,,,,,,,,,,,,,,,,,,,,,,,,,,,,,,,,,,,,,,,,,,,0,,,,,,0.0,203,81
2026-27,mlax,New England Small College Athletic Conference (NESCAC),nescac,Amherst,Jack Neiger,Jack,Neiger,,24,Jack Neiger,"NEIGER,JACK",NEIGERJACKAMHERST,0,0,,,Amherst,AMHERST,0,,,,,,,,,,,,,,,,,,,,,,,,,,,,,,,,,,,,,,,,,,,,,,,,,,,,,0,,,,,,0.0,204,81
2026-27,mlax,New England Small College Athletic Conference (NESCAC),nescac,Hamilton,Jack Schneider,Jack,Schneider,,267,Jack Schneider,"SCHNEIDER,JACK",SCHNEIDERJACKHAMILTON,0,0,,,Hamilton,HAMILTON,0,,,,,,,,,,,,,,,,,,,,,,,,,,,,,,,,,,,,,,,,,,,,,,,,,,,,,0,,,,,,0.0,205,81
2026-27,mlax,New England Small College Athletic Conference (NESCAC),nescac,Conn. College,Jacob Yakatan,Jacob,Yakatan,,163,Jacob Yakatan,"YAKATAN,JACOB",YAKATANJACOBCONN,0,0,,,Conn. College,CONN,1125-3143,,,,,,,,,,,,,,,,,,,,,,,,,,,,,,,,,,,,,,,,,,,,,,,,,,,,,0,,,,,,0.0,206,81
2026-27,mlax,New England Small College Athletic Conference (NESCAC),nescac,Bates,Jameson Eigel,Jameson,Eigel,,50,Jameson Eigel,"EIGEL,JAMESON",EIGELJAMESONBATES,0,0,,,Bates,BATES,1120-5285,,,,,,,,,,,,,,,,,,,,,,,,,,,,,,,,,,,,,,,,,,,,,,,,,,,,,0,,,,,,0.0,207,80
2026-27,mlax,New England Small College Athletic Conference (NESCAC),nescac,Conn. College,Jimmy Carlin,Jimmy,Carlin,,163,Jimmy Carlin,"CARLIN,JIMMY",CARLINJIMMYCONN,0,0,,,Conn. College,CONN,1125-2959,,,,,,,,,,,,,,,,,,,,,,,,,,,,,,,,,,,,,,,,,,,,,,,,,,,,,0,,,,,,0.0,208,80
2026-27,mlax,New England Small College Athletic Conference (NESCAC),nescac,Bates,Johnny Nunez,Johnny,Nunez,,50,Johnny Nunez,"NUNEZ,JOHNNY",NUNEZJOHNNYBATES,0,0,,,Bates,BATES,1120-5291,,,,,,,,,,,,,,,,,,,,,,,,,,,,,,,,,,,,,,,,,,,,,,,,,,,,,0,,,,,,0.0,209,80
2026-27,mlax,New England Small College Athletic Conference (NESCAC),nescac,Conn. College,Joseph Mainente,Joseph,Mainente,,163,Joseph Mainente,"MAINENTE,JOSEPH",MAINENTEJOSEPHCONN,0,0,,,Conn. College,CONN,1125-3130,,,,,,,,,,,,,,,,,,,,,,,,,,,,,,,,,,,,,,,,,,,,,,,,,,,,,0,,,,,,0.0,210,80
2026-27,mlax,New England Small College Athletic Conference (NESCAC),nescac,Conn. College,Josh Haarmann,Josh,Haarmann,,163,Josh Haarmann,"HAARMANN,JOSH",HAARMANNJOSHCONN,0,0,,,Conn. College,CONN,1125-3131,,,,,,,,,,,,,,,,,,,,,,,,,,,,,,,,,,,,,,,,,,,,,,,,,,,,,0,,,,,,0.0,211,80
2026-27,mlax,New England Small College Athletic Conference (NESCAC),nescac,Hamilton,Kieran Heaney,Kieran,Heaney,,267,Kieran Heaney,"HEANEY,KIERAN",HEANEYKIERANHAMILTON,0,0,,,Hamilton,HAMILTON,0,,,,,,,,,,,,,,,,,,,,,,,,,,,,,,,,,,,,,,,,,,,,,,,,,,,,,0,,,,,,0.0,212,80
2026-27,mlax,New England Small College Athletic Conference (NESCAC),nescac,Hamilton,Liam Flaherty,Liam,Flaherty,,267,Liam Flaherty,"FLAHERTY,LIAM",FLAHERTYLIAMHAMILTON,0,0,,,Hamilton,HAMILTON,0,,,,,,,,,,,,,,,,,,,,,,,,,,,,,,,,,,,,,,,,,,,,,,,,,,,,,0,,,,,,0.0,213,80
2026-27,mlax,New England Small College Athletic Conference (NESCAC),nescac,Tufts,Luke Theberge,Luke,Theberge,,717,Luke Theberge,"THEBERGE,LUKE",THEBERGELUKETUFTS,0,0,,,Tufts,TUFTS,1129-4654,,,,,,,,,,,,,,,,,,,,,,,,,,,,,,,,,,,,,,,,,,,,,,,,,,,,,0,,,,,,0.0,214,80
2026-27,mlax,New England Small College Athletic Conference (NESCAC),nescac,Hamilton,Mac Priesing,Mac,Priesing,,267,Mac Priesing,"PRIESING,MAC",PRIESINGMACHAMILTON,0,0,,,Hamilton,HAMILTON,0,,,,,,,,,,,,,,,,,,,,,,,,,,,,,,,,,,,,,,,,,,,,,,,,,,,,,0,,,,,,0.0,215,80
2026-27,mlax,New England Small College Athletic Conference (NESCAC),nescac,Amherst,Max Lowe,Max,Lowe,,24,Max Lowe,"LOWE,MAX",LOWEMAXAMHERST,0,0,,,Amherst,AMHERST,0,,,,,,,,,,,,,,,,,,,,,,,,,,,,,,,,,,,,,,,,,,,,,,,,,,,,,0,,,,,,0.0,216,80
2026-27,mlax,New England Small College Athletic Conference (NESCAC),nescac,Wesleyan,Nate Stickle,Nate,Stickle,,764,Nate Stickle,"STICKLE,NATE",STICKLENATEWESLEYAN,0,0,,,Wesleyan,WESLEYAN,0,,,,,,,,,,,,,,,,,,,,,,,,,,,,,,,,,,,,,,,,,,,,,,,,,,,,,0,,,,,,0.0,217,80
2026-27,mlax,New England Small College Athletic Conference (NESCAC),nescac,Hamilton,Nathan Coghlin,Nathan,Coghlin,,267,Nathan Coghlin,"COGHLIN,NATHAN",COGHLINNATHANHAMILTON,0,0,,,Hamilton,HAMILTON,0,,,,,,,,,,,,,,,,,,,,,,,,,,,,,,,,,,,,,,,,,,,,,,,,,,,,,0,,,,,,0.0,218,80
2026-27,mlax,New England Small College Athletic Conference (NESCAC),nescac,Bowdoin,Nico Conway,Nico,Conway,,69,Nico Conway,"CONWAY,NICO",CONWAYNICOBOWDOIN,0,0,,,Bowdoin,BOWDOIN,0,,,,,,,,,,,,,,,,,,,,,,,,,,,,,,,,,,,,,,,,,,,,,,,,,,,,,0,,,,,,0.0,219,80
2026-27,mlax,New England Small College Athletic Conference (NESCAC),nescac,Hamilton,Owen Pence,Owen,Pence,,267,Owen Pence,"PENCE,OWEN",PENCEOWENHAMILTON,0,0,,,Hamilton,HAMILTON,0,,,,,,,,,,,,,,,,,,,,,,,,,,,,,,,,,,,,,,,,,,,,,,,,,,,,,0,,,,,,0.0,220,79
2026-27,mlax,New England Small College Athletic Conference (NESCAC),nescac,Hamilton,Patrick Murray,Patrick,Murray,,267,Patrick Murray,"MURRAY,PATRICK",MURRAYPATRICKHAMILTON,0,0,,,Hamilton,HAMILTON,0,,,,,,,,,,,,,,,,,,,,,,,,,,,,,,,,,,,,,,,,,,,,,,,,,,,,,0,,,,,,0.0,221,79
2026-27,mlax,New England Small College Athletic Conference (NESCAC),nescac,Bowdoin,Pierson Delcristo,Pierson,Delcristo,,69,Pierson Delcristo,"DELCRISTO,PIERSON",DELCRISTOPIERSONBOWDOIN,0,0,,,Bowdoin,BOWDOIN,0,,,,,,,,,,,,,,,,,,,,,,,,,,,,,,,,,,,,,,,,,,,,,,,,,,,,,0,,,,,,0.0,222,79
2026-27,mlax,New England Small College Athletic Conference (NESCAC),nescac,Hamilton,Rafferty Callahan,Rafferty,Callahan,,267,Rafferty Callahan,"CALLAHAN,RAFFERTY",CALLAHANRAFFERTYHAMILTON,0,0,,,Hamilton,HAMILTON,0,,,,,,,,,,,,,,,,,,,,,,,,,,,,,,,,,,,,,,,,,,,,,,,,,,,,,0,,,,,,0.0,223,79
2026-27,mlax,New England Small College Athletic Conference (NESCAC),nescac,Hamilton,Ray Hagios,Ray,Hagios,,267,Ray Hagios,"HAGIOS,RAY",HAGIOSRAYHAMILTON,0,0,,,Hamilton,HAMILTON,0,,,,,,,,,,,,,,,,,,,,,,,,,,,,,,,,,,,,,,,,,,,,,,,,,,,,,0,,,,,,0.0,224,79
2026-27,mlax,New England Small College Athletic Conference (NESCAC),nescac,Hamilton,Ryan Powers,Ryan,Powers,,267,Ryan Powers,"POWERS,RYAN",POWERSRYANHAMILTON,0,0,,,Hamilton,HAMILTON,0,,,,,,,,,,,,,,,,,,,,,,,,,,,,,,,,,,,,,,,,,,,,,,,,,,,,,0,,,,,,0.0,225,79
2026-27,mlax,New England Small College Athletic Conference (NESCAC),nescac,Middlebury,Santino Gambardella,Santino,Gambardella,,420,Santino Gambardella,"GAMBARDELLA,SANTINO",GAMBARDELLASANTINOMIDD,0,0,,,Middlebury,MIDD,1126-5783,,,,,,,,,,,,,,,,,,,,,,,,,,,,,,,,,,,,,,,,,,,,,,,,,,,,,0,,,,,,0.0,226,79
2026-27,mlax,New England Small College Athletic Conference (NESCAC),nescac,Hamilton,Silas Jackson,Silas,Jackson,,267,Silas Jackson,"JACKSON,SILAS",JACKSONSILASHAMILTON,0,0,,,Hamilton,HAMILTON,0,,,,,,,,,,,,,,,,,,,,,,,,,,,,,,,,,,,,,,,,,,,,,,,,,,,,,0,,,,,,0.0,227,79
2026-27,mlax,New England Small College Athletic Conference (NESCAC),nescac,Conn. College,Tatum Walker,Tatum,Walker,,163,Tatum Walker,"WALKER,TATUM",WALKERTATUMCONN,0,0,,,Conn. College,CONN,1125-3138,,,,,,,,,,,,,,,,,,,,,,,,,,,,,,,,,,,,,,,,,,,,,,,,,,,,,0,,,,,,0.0,228,79
2026-27,mlax,New England Small College Athletic Conference (NESCAC),nescac,Hamilton,Thomas Duane,Thomas,Duane,,267,Thomas Duane,"DUANE,THOMAS",DUANETHOMASHAMILTON,0,0,,,Hamilton,HAMILTON,0,,,,,,,,,,,,,,,,,,,,,,,,,,,,,,,,,,,,,,,,,,,,,,,,,,,,,0,,,,,,0.0,229,79
2026-27,mlax,New England Small College Athletic Conference (NESCAC),nescac,Conn. College,Trevor Perkins,Trevor,Perkins,,163,Trevor Perkins,"PERKINS,TREVOR",PERKINSTREVORCONN,0,0,,,Conn. College,CONN,1125-2948,,,,,,,,,,,,,,,,,,,,,,,,,,,,,,,,,,,,,,,,,,,,,,,,,,,,,0,,,,,,0.0,230,79
2026-27,mlax,New England Small College Athletic Conference (NESCAC),nescac,Conn. College,Tyler Zilinski,Tyler,Zilinski,,163,Tyler Zilinski,"ZILINSKI,TYLER",ZILINSKITYLERCONN,0,0,,,Conn. College,CONN,1125-3141,,,,,,,,,,,,,,,,,,,,,,,,,,,,,,,,,,,,,,,,,,,,,,,,,,,,,0,,,,,,0.0,231,79
2026-27,mlax,New England Small College Athletic Conference (NESCAC),nescac,Hamilton,Will Harris,Will,Harris,,267,Will Harris,"HARRIS,WILL",HARRISWILLHAMILTON,0,0,,,Hamilton,HAMILTON,0,,,,,,,,,,,,,,,,,,,,,,,,,,,,,,,,,,,,,,,,,,,,,,,,,,,,,0,,,,,,0.0,232,79
2026-27,mlax,New England Small College Athletic Conference (NESCAC),nescac,Colby,Macon Burgess,Macon,Burgess,,151,Macon Burgess,"BURGESS,MACON",BURGESSMACONCOLBY,13,13,,,Colby,COLBY,0,0,0,0,0,0,0,0,0,0,0,0,0,0,0,0,0,0,2,0,0,0,0,0,27,0,4,8,775:00,11,0,1.000,,,,,,,,,,,,,,,0,2,0,1,1,0,.000,0.08,,,,,,-0.006631931336625541,233,78
2026-27,mlax,New England Small College Athletic Conference (NESCAC),nescac,Middlebury,Justin DeLucia,Justin,DeLucia,,420,Justin DeLucia,"DELUCIA,JUSTIN",DELUCIAJUSTINMIDD,15,2,,,Middlebury,MIDD,1126-5924,0,0,0,0,0,0,0,0,0,0,0,0,0,0,0,0,0,0,0,0,0,0,0,36,0,7,7,120:00,0,0,1.000,,,,,,,,,,,,,,,1,2,0,0,0,0,.500,0.00,,,,,,-0.007014338698961731,234,78
2026-27,mlax,New England Small College Athletic Conference (NESCAC),nescac,Bates,Ryan Chung,Ryan,Chung,,50,Ryan Chung,"CHUNG,RYAN",CHUNGRYANBATES,14,0,,,Bates,BATES,1120-6177,0,0,0,0,0,0,2,0,0,0,0,0,0,0,0,0,0,0,0,0,0,61,46,36,0,3,2,00:00,0,107,1.000,,,,,,,,,,,,,,,2,7,0,3,1,2,.286,0.21,,,,,,-0.011210449709600223,235,78
2026-27,mlax,New England Small College Athletic Conference (NESCAC),nescac,Amherst,Nate Cootauco,Nate,Cootauco,,24,Nate Cootauco,"COOTAUCO,NATE",COOTAUCONATEAMHERST,16,0,,,Amherst,AMHERST,0,0,0,0,0,0,0,3,0,1,0,0,0,0,0,0,0,0,0,0,0,0,0,0,9,0,7,0,00:00,0,0,1.000,,,,,,,,,,,,,,,11,23,0,9,4,5,.478,0.56,,,,,,-0.0606484579475387,236,78
2026-27,mlax,New England Small College Athletic Conference (NESCAC),nescac,Trinity,Jack Mundy,Jack,Mundy,,713,Jack Mundy,"MUNDY,JACK",MUNDYJACKTRINITY,15,14,,,Trinity,TRINITY,1127-5769,0,0,0,0,0,0,0,0,0,0,0,0,0,0,0,0,0,1,2,0,0,0,0,29,0,11,5,834:00,88,0,1.000,,,,,,,,,,,,,,,4,9,0,2,2,0,.444,0.13,,,,,,-0.06132023095078651,237,78
2026-27,mlax,New England Small College Athletic Conference (NESCAC),nescac,Colby,Quinton Delorey,Quinton,Delorey,,151,Quinton Delorey,"DELOREY,QUINTON",DELOREYQUINTONCOLBY,14,0,,,Colby,COLBY,0,0,0,0,0,0,0,5,0,0,0,0,0,0,0,0,0,1,0,2,0,0,1,0,14,0,6,4,00:00,0,1,1.000,,,,,,,,,,,,,,,9,12,0,6,0,6,.750,0.43,,,,,,-0.12047803785616487,238,78
2026-27,mlax,New England Small College Athletic Conference (NESCAC),nescac,Bates,Andrew Toland,Andrew,Toland,,50,Andrew Toland,"TOLAND,ANDREW",TOLANDANDREWBATES,18,17,,,Bates,BATES,1120-5686,0,0,0,0,0,0,0,0,0,0,0,0,0,0,0,0,0,1,0,0,0,0,0,37,0,9,2,1020:00,0,0,1.000,18,959:28,184,184,0,12,6,0,0,0,0,622,11.51,.500,0,0,0,0,0,0,.000,0.00,,,,,,-0.1694103445212587,239,78
2026-27,mlax,New England Small College Athletic Conference (NESCAC),nescac,Bowdoin,Jack Frischmann,Jack,Frischmann,,69,Jack Frischmann,"FRISCHMANN,JACK",FRISCHMANNJACKBOWDOIN,16,11,,,Bowdoin,BOWDOIN,0,0,0,0,0,0,0,3,0,0,0,0,0,0,0,0,0,0,0,1,0,0,0,0,5,0,7,0,660:00,0,0,1.000,,,,,,,,,,,,,,,12,15,0,9,5,4,.800,0.56,,,,,,-0.17232039422040119,240,78
2026-27,mlax,New England Small College Athletic Conference (NESCAC),nescac,Hamilton,PJ Flood,PJ,Flood,,267,PJ Flood,"FLOOD,PJ",FLOODPJHAMILTON,15,0,,,Hamilton,HAMILTON,1058-2780,0,0,0,0,0,0,0,0,0,0,0,0,0,0,0,0,0,0,2,0,0,0,0,21,0,3,10,00:00,0,0,1.000,,,,,,,,,,,,,,,0,0,0,0,0,0,.000,0.00,,,,,,-0.23243933976993914,241,78
2026-27,mlax,New England Small College Athletic Conference (NESCAC),nescac,Wesleyan,Nolan Samson,Nolan,Samson,,764,Nolan Samson,"SAMSON,NOLAN",SAMSONNOLANWESLEYAN,8,0,,,Wesleyan,WESLEYAN,0,0,0,0,0,0,0,2,0,0,0,0,0,0,0,0,0,0,1,0,0,0,0,0,4,0,5,1,00:00,0,0,1.000,,,,,,,,,,,,,,,7,15,0,8,5,3,.467,1.00,,,,,,-0.27659701631574757,242,78
2026-27,mlax,New England Small College Athletic Conference (NESCAC),nescac,Wesleyan,Conor Selfridge,Conor,Selfridge,,764,Conor Selfridge,"SELFRIDGE,CONOR",SELFRIDGECONORWESLEYAN,19,19,,,Wesleyan,WESLEYAN,0,0,0,0,0,0,0,0,0,0,0,0,0,0,0,0,0,0,0,0,0,0,0,0,33,0,1,1,1137:00,101,0,1.000,19,966:55,164,155,0,13,5,0,0,0,0,591,10.18,.486,0,0,0,1,1,0,.000,0.05,,,,,,-0.28390325024505914,243,78
2026-27,mlax,New England Small College Athletic Conference (NESCAC),nescac,Tufts,Jordan Ito,Jordan,Ito,,717,Jordan Ito,"ITO,JORDAN",ITOJORDANTUFTS,21,0,,,Tufts,TUFTS,1129-4667,0,0,0,0,0,0,0,0,0,0,0,0,0,0,0,0,0,0,1,0,0,0,0,12,0,5,7,00:00,0,0,1.000,,,,,,,,,,,,,,,7,12,0,3,2,1,.583,0.14,,,,,,-0.3010144016167954,244,78
2026-27,mlax,New England Small College Athletic Conference (NESCAC),nescac,Wesleyan,Justin Meyreles,Justin,Meyreles,,764,Justin Meyreles,"MEYRELES,JUSTIN",MEYRELESJUSTINWESLEYAN,15,1,,,Wesleyan,WESLEYAN,0,0,0,0,0,0,0,0,0,0,0,0,0,0,0,0,0,1,0,0,0,0,0,0,13,0,5,10,60:00,0,0,1.000,,,,,,,,,,,,,,,0,2,0,1,1,0,.000,0.07,,,,,,-0.3149763209711143,245,78
2026-27,mlax,New England Small College Athletic Conference (NESCAC),nescac,Trinity,Ben Wong,Ben,Wong,,713,Ben Wong,"WONG,BEN",WONGBENTRINITY,14,3,,,Trinity,TRINITY,1127-5189,0,0,0,0,0,0,0,0,1,1,0,0,0,0,0,0,0,0,0,0,0,0,0,1,0,8,0,180:00,0,0,1.000,,,,,,,,,,,,,,,10,19,0,9,5,4,.526,0.64,,,,,,-0.33038144980757167,246,78
2026-27,mlax,New England Small College Athletic Conference (NESCAC),nescac,Wesleyan,Drew Zyskowski,Drew,Zyskowski,,764,Drew Zyskowski,"ZYSKOWSKI,DREW",ZYSKOWSKIDREWWESLEYAN,15,0,,,Wesleyan,WESLEYAN,0,0,0,0,0,0,0,1,0,0,0,0,0,0,0,0,0,0,0,0,0,0,0,0,4,0,6,0,00:00,0,0,1.000,,,,,,,,,,,,,,,5,9,0,8,6,2,.556,0.53,,,,,,-0.35264254946174356,247,77
2026-27,mlax,New England Small College Athletic Conference (NESCAC),nescac,Bowdoin,Ryan Winters,Ryan,Winters,,69,Ryan Winters,"WINTERS,RYAN",WINTERSRYANBOWDOIN,19,2,,,Bowdoin,BOWDOIN,0,0,0,0,0,0,0,0,0,6,0,0,0,0,0,0,0,0,0,0,0,0,0,0,5,0,0,0,120:00,0,0,1.000,,,,,,,,,,,,,,,17,23,0,9,1,8,.739,0.47,,,,,,-0.35787687147763303,248,77
2026-27,mlax,New England Small College Athletic Conference (NESCAC),nescac,Bowdoin,Kevin Sandor,Kevin,Sandor,,69,Kevin Sandor,"SANDOR,KEVIN",SANDORKEVINBOWDOIN,20,0,,,Bowdoin,BOWDOIN,0,0,0,0,0,0,1,1,0,0,0,0,0,0,0,0,0,0,0,1,0,0,0,0,19,0,4,5,00:00,0,0,1.000,,,,,,,,,,,,,,,8,12,0,3,0,3,.667,0.15,,,,,,-0.3620550978884709,249,77
2026-27,mlax,New England Small College Athletic Conference (NESCAC),nescac,Hamilton,Kieran Hughes,Kieran,Hughes,,267,Kieran Hughes,"HUGHES,KIERAN",HUGHESKIERANHAMILTON,16,0,,,Hamilton,HAMILTON,1058-2995,0,0,0,0,0,0,0,0,0,0,0,0,0,0,0,0,0,0,0,0,0,0,0,24,0,2,6,00:00,0,0,1.000,,,,,,,,,,,,,,,0,2,0,1,1,0,.000,0.06,,,,,,-0.3700470279476114,250,77
2026-27,mlax,New England Small College Athletic Conference (NESCAC),nescac,Conn. College,Ardem Sarajian,Ardem,Sarajian,,163,Ardem Sarajian,"SARAJIAN,ARDEM",SARAJIANARDEMCONN,10,3,,,Conn. College,CONN,1125-3140,0,0,0,0,0,0,0,0,0,0,0,0,0,0,0,0,0,0,1,0,0,63,76,42,0,1,2,180:00,0,139,1.000,,,,,,,,,,,,,,,0,1,0,0,0,0,.000,0.00,,,,,,-0.3820960176197256,251,77
2026-27,mlax,New England Small College Athletic Conference (NESCAC),nescac,Bowdoin,Will Lesko,Will,Lesko,,69,Will Lesko,"LESKO,WILL",LESKOWILLBOWDOIN,18,0,,,Bowdoin,BOWDOIN,0,0,0,0,0,0,0,0,0,3,0,0,0,0,0,0,0,0,0,0,0,0,0,0,2,0,2,0,00:00,0,0,1.000,,,,,,,,,,,,,,,9,17,0,9,3,6,.529,0.50,,,,,,-0.38364442453939496,252,77
2026-27,mlax,New England Small College Athletic Conference (NESCAC),nescac,Amherst,Sam Schafer,Sam,Schafer,,24,Sam Schafer,"SCHAFER,SAM",SCHAFERSAMAMHERST,13,0,,,Amherst,AMHERST,0,0,0,0,0,0,0,4,0,0,0,0,0,0,0,0,0,0,0,2,0,0,0,0,3,0,11,0,00:00,0,0,1.000,,,,,,,,,,,,,,,16,27,0,9,2,7,.593,0.69,,,,,,-0.3905182799569103,253,77
2026-27,mlax,New England Small College Athletic Conference (NESCAC),nescac,Colby,Cormac Wright,Cormac,Wright,,151,Cormac Wright,"WRIGHT,CORMAC",WRIGHTCORMACCOLBY,13,13,,,Colby,COLBY,0,0,0,0,0,0,0,1,0,0,0,0,0,0,0,0,0,0,1,1,0,0,0,0,8,0,3,6,775:00,11,0,1.000,,,,,,,,,,,,,,,3,7,0,4,2,2,.429,0.31,,,,,,-0.3943140990054122,254,77
2026-27,mlax,New England Small College Athletic Conference (NESCAC),nescac,Middlebury,Misha Trupo,Misha,Trupo,,420,Misha Trupo,"TRUPO,MISHA",TRUPOMISHAMIDD,14,0,,,Middlebury,MIDD,1126-5732,0,0,0,0,0,0,4,0,0,0,0,0,0,0,0,0,0,0,0,0,0,0,0,8,0,18,0,00:00,0,0,1.000,,,,,,,,,,,,,,,19,41,0,8,1,7,.463,0.57,,,,,,-0.4265270904461129,255,77
2026-27,mlax,New England Small College Athletic Conference (NESCAC),nescac,Trinity,Theodore Sachs,Theodore,Sachs,,713,Theodore Sachs,"SACHS,THEODORE",SACHSTHEODORETRINITY,13,0,,,Trinity,TRINITY,1127-5474,0,0,0,0,0,0,1,0,0,0,0,0,0,0,0,0,0,3,0,0,0,0,0,10,0,2,10,00:00,0,0,1.000,,,,,,,,,,,,,,,3,4,0,1,0,1,.750,0.08,,,,,,-0.4799112319758001,256,77
2026-27,mlax,New England Small College Athletic Conference (NESCAC),nescac,Colby,Thacher McCoy,Thacher,McCoy,,151,Thacher McCoy,"MCCOY,THACHER",MCCOYTHACHERCOLBY,12,0,,,Colby,COLBY,0,0,0,0,0,0,0,4,0,0,0,0,0,0,0,0,0,0,0,1,0,0,0,0,4,0,7,2,00:00,0,0,1.000,,,,,,,,,,,,,,,14,20,0,7,2,5,.700,0.58,,,,,,-0.48052573245722524,257,77
2026-27,mlax,New England Small College Athletic Conference (NESCAC),nescac,Amherst,Dylan Kelleher,Dylan,Kelleher,,24,Dylan Kelleher,"KELLEHER,DYLAN",KELLEHERDYLANAMHERST,12,1,,,Amherst,AMHERST,0,0,0,0,0,0,0,1,0,0,0,0,0,0,0,0,0,0,0,0,0,0,51,63,26,0,3,1,60:00,0,114,1.000,,,,,,,,,,,,,,,1,3,0,3,2,1,.333,0.25,,,,,,-0.48240862182352234,258,77
2026-27,mlax,New England Small College Athletic Conference (NESCAC),nescac,Bowdoin,Alex Kenerson,Alex,Kenerson,,69,Alex Kenerson,"KENERSON,ALEX",KENERSONALEXBOWDOIN,21,0,,,Bowdoin,BOWDOIN,0,0,0,0,0,0,0,0,0,0,0,0,0,0,0,0,0,0,0,1,0,0,0,0,21,0,4,6,00:00,0,0,1.000,,,,,,,,,,,,,,,1,1,0,1,1,0,1.000,0.05,,,,,,-0.48859281963798923,259,77
2026-27,mlax,New England Small College Athletic Conference (NESCAC),nescac,Middlebury,Jackson Hanson,Jackson,Hanson,,420,Jackson Hanson,"HANSON,JACKSON",HANSONJACKSONMIDD,15,5,,,Middlebury,MIDD,1126-5728,0,0,0,0,0,0,1,0,2,0,0,0,0,0,0,0,0,0,0,0,0,0,0,10,0,8,1,300:00,0,0,1.000,,,,,,,,,,,,,,,10,15,0,6,3,3,.667,0.40,,,,,,-0.5066756928813232,260,76
2026-27,mlax,New England Small College Athletic Conference (NESCAC),nescac,Wesleyan,Jackson Tinari,Jackson,Tinari,,764,Jackson Tinari,"TINARI,JACKSON",TINARIJACKSONWESLEYAN,19,1,,,Wesleyan,WESLEYAN,0,0,0,0,0,0,0,0,0,0,0,0,0,0,0,0,0,0,0,0,0,0,87,104,36,0,5,1,60:00,0,191,1.000,,,,,,,,,,,,,,,1,2,0,1,1,0,.500,0.05,,,,,,-0.5080371234876195,261,76
2026-27,mlax,New England Small College Athletic Conference (NESCAC),nescac,Colby,James Counselman,James,Counselman,,151,James Counselman,"COUNSELMAN,JAMES",COUNSELMANJAMESCOLBY,13,0,,,Colby,COLBY,0,0,0,0,0,0,0,1,0,0,0,0,0,0,0,0,0,0,0,1,0,0,0,0,3,0,12,3,00:00,0,0,1.000,,,,,,,,,,,,,,,12,24,0,6,3,3,.500,0.46,,,,,,-0.5384132352382637,262,76
2026-27,mlax,New England Small College Athletic Conference (NESCAC),nescac,Hamilton,Charlie Boon,Charlie,Boon,,267,Charlie Boon,"BOON,CHARLIE",BOONCHARLIEHAMILTON,16,0,,,Hamilton,HAMILTON,1058-3236,0,0,0,0,0,1,0,0,0,0,0,0,0,0,0,0,0,0,0,0,0,0,0,6,0,4,0,00:00,0,0,1.000,,,,,,,,,,,,,,,7,15,0,7,4,3,.467,0.44,,,,,,-0.5535862709556318,263,76
2026-27,mlax,New England Small College Athletic Conference (NESCAC),nescac,Conn. College,Patrick Hogan,Patrick,Hogan,,163,Patrick Hogan,"HOGAN,PATRICK",HOGANPATRICKCONN,14,12,,,Conn. College,CONN,1125-2955,0,0,0,0,0,0,0,0,0,0,0,0,0,0,0,0,0,0,0,0,0,0,0,25,0,13,4,721:00,56,0,1.000,14,737:33,132,134,0,5,9,0,0,0,0,519,10.74,.504,2,7,0,0,0,0,.286,0.00,,,,,,-0.5824900478411719,264,76
2026-27,mlax,New England Small College Athletic Conference (NESCAC),nescac,Conn. College,Hugh Gates,Hugh,Gates,,163,Hugh Gates,"GATES,HUGH",GATESHUGHCONN,12,0,,,Conn. College,CONN,1125-3137,0,0,0,0,0,0,0,0,2,0,0,0,0,0,0,0,0,0,0,0,0,0,0,3,0,1,1,00:00,0,0,1.000,,,,,,,,,,,,,,,6,10,0,7,3,4,.600,0.58,,,,,,-0.5960865295000137,265,76
2026-27,mlax,New England Small College Athletic Conference (NESCAC),nescac,Hamilton,Reece Hickey,Reece,Hickey,,267,Reece Hickey,"HICKEY,REECE",HICKEYREECEHAMILTON,16,0,,,Hamilton,HAMILTON,1058-2526,0,0,0,0,0,0,2,0,0,0,0,0,0,0,0,0,0,0,0,0,0,45,57,24,0,1,3,00:00,0,102,1.000,,,,,,,,,,,,,,,2,3,0,2,0,2,.667,0.13,,,,,,-0.5965440939839735,266,76
2026-27,mlax,New England Small College Athletic Conference (NESCAC),nescac,Amherst,Brooks Catlin,Brooks,Catlin,,24,Brooks Catlin,"CATLIN,BROOKS",CATLINBROOKSAMHERST,11,11,,,Amherst,AMHERST,0,0,0,0,0,0,0,0,0,0,0,0,0,0,0,0,0,0,0,0,0,0,0,0,18,0,5,4,660:00,0,0,1.000,11,636:33,110,130,0,7,5,0,0,0,0,424,10.37,.542,2,3,0,0,0,0,.667,0.00,,,,,,-0.6198416992074911,267,76
2026-27,mlax,New England Small College Athletic Conference (NESCAC),nescac,Hamilton,Bryce Babich,Bryce,Babich,,267,Bryce Babich,"BABICH,BRYCE",BABICHBRYCEHAMILTON,15,0,,,Hamilton,HAMILTON,1058-3237,0,0,0,0,0,0,0,0,0,0,0,0,0,0,0,0,0,2,0,0,0,0,0,17,0,2,6,00:00,0,0,1.000,,,,,,,,,,,,,,,2,3,0,1,0,1,.667,0.07,,,,,,-0.6930429945394676,268,76
2026-27,mlax,New England Small College Athletic Conference (NESCAC),nescac,Trinity,Henry Schoettle,Henry,Schoettle,,713,Henry Schoettle,"SCHOETTLE,HENRY",SCHOETTLEHENRYTRINITY,12,0,,,Trinity,TRINITY,1127-5200,0,0,0,0,0,0,3,0,1,0,0,0,0,0,0,0,0,4,4,0,0,0,0,6,0,4,3,00:00,0,0,1.000,,,,,,,,,,,,,,,5,8,0,5,1,4,.625,0.42,,,,,,-0.6998416928353595,269,76
2026-27,mlax,New England Small College Athletic Conference (NESCAC),nescac,Tufts,Erik Helgeson,Erik,Helgeson,,717,Erik Helgeson,"HELGESON,ERIK",HELGESONERIKTUFTS,17,1,,,Tufts,TUFTS,1129-4404,0,0,0,0,0,0,1,0,0,0,0,0,0,0,0,0,0,0,1,0,0,55,35,32,0,1,1,60:00,0,90,1.000,,,,,,,,,,,,,,,1,1,0,1,0,1,1.000,0.06,,,,,,-0.712487298389098,270,76
2026-27,mlax,New England Small College Athletic Conference (NESCAC),nescac,Trinity,Davis Ike,Davis,Ike,,713,Davis Ike,"IKE,DAVIS",IKEDAVISTRINITY,13,9,,,Trinity,TRINITY,1127-4912,0,0,0,0,0,0,0,0,0,0,0,0,0,0,0,0,0,0,0,0,0,0,0,22,0,3,4,559:00,90,0,1.000,11,511:27,98,116,0,2,6,0,0,0,0,347,11.50,.542,0,0,0,0,0,0,.000,0.00,,,,,,-0.7165829255779139,271,76
2026-27,mlax,New England Small College Athletic Conference (NESCAC),nescac,Middlebury,Michael Muscarella,Michael,Muscarella,,420,Michael Muscarella,"MUSCARELLA,MICHAEL",MUSCARELLAMICHAELMIDD,3,0,,,Middlebury,MIDD,1126-6143,0,0,0,0,0,0,0,0,0,0,0,0,0,0,0,0,0,0,0,0,0,0,0,0,0,1,0,00:00,0,0,1.000,3,22:37,2,6,0,0,0,0,0,0,0,17,5.31,.750,0,0,0,0,0,0,.000,0.00,,,,,,-0.7175333709947549,272,76
2026-27,mlax,New England Small College Athletic Conference (NESCAC),nescac,Bates,Mason Proutt,Mason,Proutt,,50,Mason Proutt,"PROUTT,MASON",PROUTTMASONBATES,13,0,,,Bates,BATES,1120-5917,0,0,0,0,0,0,0,0,0,0,0,0,0,0,0,0,0,1,0,0,0,0,0,10,0,3,8,00:00,0,0,1.000,,,,,,,,,,,,,,,3,5,0,1,0,1,.600,0.08,,,,,,-0.724780536896408,273,76
2026-27,mlax,New England Small College Athletic Conference (NESCAC),nescac,Colby,Will Bainbridge,Will,Bainbridge,,151,Will Bainbridge,"BAINBRIDGE,WILL",BAINBRIDGEWILLCOLBY,13,11,,,Colby,COLBY,0,0,0,0,0,0,0,0,0,0,0,0,0,0,0,0,0,0,0,0,0,0,0,0,14,0,7,8,655:00,11,0,1.000,,,,,,,,,,,,,,,0,0,0,0,0,0,.000,0.00,,,,,,-0.7539154919680953,274,75
2026-27,mlax,New England Small College Athletic Conference (NESCAC),nescac,Wesleyan,Jack Stanislaw,Jack,Stanislaw,,764,Jack Stanislaw,"STANISLAW,JACK",STANISLAWJACKWESLEYAN,16,0,,,Wesleyan,WESLEYAN,0,0,0,0,0,0,0,1,0,0,0,0,0,0,0,0,0,0,0,0,0,0,48,65,25,0,4,1,00:00,0,113,1.000,,,,,,,,,,,,,,,1,1,0,2,1,1,1.000,0.13,,,,,,-0.7555090156934807,275,75
2026-27,mlax,New England Small College Athletic Conference (NESCAC),nescac,Hamilton,Wyatt Estepp,Wyatt,Estepp,,267,Wyatt Estepp,"ESTEPP,WYATT",ESTEPPWYATTHAMILTON,15,0,,,Hamilton,HAMILTON,1058-2775,0,0,0,0,0,0,3,0,0,0,0,0,0,0,0,0,0,0,0,0,0,0,0,3,0,9,0,00:00,0,0,1.000,,,,,,,,,,,,,,,9,18,0,7,1,6,.500,0.47,,,,,,-0.8112994205889337,276,75
2026-27,mlax,New England Small College Athletic Conference (NESCAC),nescac,Amherst,Nico Berger,Nico,Berger,,24,Nico Berger,"BERGER,NICO",BERGERNICOAMHERST,15,0,,,Amherst,AMHERST,0,0,0,0,0,0,0,1,0,0,0,0,0,0,0,0,0,0,0,1,0,0,0,0,11,0,3,5,00:00,0,0,1.000,,,,,,,,,,,,,,,2,3,0,2,1,1,.667,0.13,,,,,,-0.8189841004073615,277,75
2026-27,mlax,New England Small College Athletic Conference (NESCAC),nescac,Hamilton,David Petz,David,Petz,,267,David Petz,"PETZ,DAVID",PETZDAVIDHAMILTON,4,0,,,Hamilton,HAMILTON,1058-2520,0,0,0,0,0,0,0,0,0,0,0,0,0,0,0,0,0,0,0,0,0,0,0,5,0,3,0,00:00,0,0,1.000,,,,,,,,,,,,,,,6,6,0,6,3,3,1.000,1.50,,,,,,-0.8266866648255902,278,75
2026-27,mlax,New England Small College Athletic Conference (NESCAC),nescac,Bowdoin,Isaac Abbott,Isaac,Abbott,,69,Isaac Abbott,"ABBOTT,ISAAC",ABBOTTISAACBOWDOIN,13,3,,,Bowdoin,BOWDOIN,0,0,0,0,0,0,0,0,0,0,0,0,0,0,0,0,0,0,1,0,0,0,0,0,9,0,1,7,180:00,0,0,1.000,,,,,,,,,,,,,,,0,1,0,1,1,0,.000,0.08,,,,,,-0.8403413339391965,279,75
2026-27,mlax,New England Small College Athletic Conference (NESCAC),nescac,Bates,Sam Scola,Sam,Scola,,50,Sam Scola,"SCOLA,SAM",SCOLASAMBATES,18,1,,,Bates,BATES,1120-5288,0,0,0,0,0,1,0,0,0,0,0,0,0,0,0,0,0,0,0,0,0,0,0,19,0,6,4,60:00,0,0,1.000,,,,,,,,,,,,,,,1,1,0,1,0,1,1.000,0.06,,,,,,-0.8588817716664903,280,75
2026-27,mlax,New England Small College Athletic Conference (NESCAC),nescac,Conn. College,Ryan Frank,Ryan,Frank,,163,Ryan Frank,"FRANK,RYAN",FRANKRYANCONN,14,0,,,Conn. College,CONN,1125-2511,0,0,0,0,0,0,1,0,0,0,0,0,0,0,0,0,0,0,0,0,0,0,0,13,0,0,4,00:00,0,0,1.000,,,,,,,,,,,,,,,2,2,0,2,1,1,1.000,0.14,,,,,,-0.8623882250740802,281,75
2026-27,mlax,New England Small College Athletic Conference (NESCAC),nescac,Tufts,Blake Washburn,Blake,Washburn,,717,Blake Washburn,"WASHBURN,BLAKE",WASHBURNBLAKETUFTS,12,0,,,Tufts,TUFTS,1129-4901,0,0,0,0,0,0,2,0,0,0,0,0,0,0,0,0,0,0,0,0,0,0,0,4,0,2,0,00:00,0,0,1.000,,,,,,,,,,,,,,,6,8,0,6,3,3,.750,0.50,,,,,,-0.8662019287223828,282,75
2026-27,mlax,New England Small College Athletic Conference (NESCAC),nescac,Colby,Emmet Meagher,Emmet,Meagher,,151,Emmet Meagher,"MEAGHER,EMMET",MEAGHEREMMETCOLBY,4,1,,,Colby,COLBY,0,0,0,0,0,0,0,1,0,0,0,0,0,0,0,0,0,0,0,3,0,0,0,0,5,0,6,0,60:00,0,0,1.000,,,,,,,,,,,,,,,6,11,0,6,2,4,.545,1.50,,,,,,-0.8730757841398982,283,75
2026-27,mlax,New England Small College Athletic Conference (NESCAC),nescac,Bowdoin,Patrick Albers,Patrick,Albers,,69,Patrick Albers,"ALBERS,PATRICK",ALBERSPATRICKBOWDOIN,21,0,,,Bowdoin,BOWDOIN,0,0,0,0,0,0,0,0,0,0,1,0,0,0,0,0,0,0,1,1,0,0,0,0,3,0,1,4,00:00,0,0,1.000,,,,,,,,,,,,,,,6,7,0,4,1,3,.857,0.19,,,,,,-0.8831488427242911,284,75
2026-27,mlax,New England Small College Athletic Conference (NESCAC),nescac,Bowdoin,Luke Harrington,Luke,Harrington,,69,Luke Harrington,"HARRINGTON,LUKE",HARRINGTONLUKEBOWDOIN,15,7,,,Bowdoin,BOWDOIN,0,0,0,0,0,0,0,0,0,0,0,0,0,0,0,0,0,0,0,2,0,0,0,0,26,0,1,3,420:00,0,0,1.000,,,,,,,,,,,,,,,1,4,0,0,0,0,.250,0.00,,,,,,-0.8919055875081036,285,75
2026-27,mlax,New England Small College Athletic Conference (NESCAC),nescac,Colby,Matthew George,Matthew,George,,151,Matthew George,"GEORGE,MATTHEW",GEORGEMATTHEWCOLBY,10,0,,,Colby,COLBY,0,0,0,0,0,0,1,5,0,0,0,0,0,0,0,0,0,0,0,2,0,0,0,0,2,0,9,0,00:00,0,0,1.000,,,,,,,,,,,,,,,9,17,0,7,0,7,.529,0.70,,,,,,-0.8972038038000342,286,75
2026-27,mlax,New England Small College Athletic Conference (NESCAC),nescac,Colby,Marek Elia,Marek,Elia,,151,Marek Elia,"ELIA,MAREK",ELIAMAREKCOLBY,6,1,,,Colby,COLBY,0,0,0,0,0,0,0,0,0,0,0,0,0,0,0,0,0,0,1,0,0,0,0,0,10,0,2,6,60:00,0,0,1.000,,,,,,,,,,,,,,,1,1,0,1,1,0,1.000,0.17,,,,,,-0.9232607225027079,287,74
2026-27,mlax,New England Small College Athletic Conference (NESCAC),nescac,Hamilton,Charlie Rooney,Charlie,Rooney,,267,Charlie Rooney,"ROONEY,CHARLIE",ROONEYCHARLIEHAMILTON,15,0,,,Hamilton,HAMILTON,1058-2774,0,0,0,0,0,0,0,0,0,0,0,0,0,0,0,0,0,2,0,0,0,0,0,3,0,8,1,00:00,0,0,1.000,,,,,,,,,,,,,,,3,11,0,5,4,1,.273,0.33,,,,,,-0.9240894315034212,288,74
2026-27,mlax,New England Small College Athletic Conference (NESCAC),nescac,Bates,Jack Morrison,Jack,Morrison,,50,Jack Morrison,"MORRISON,JACK",MORRISONJACKBATES,15,0,,,Bates,BATES,1120-5682,0,0,0,0,0,0,1,0,0,0,0,0,0,0,0,0,0,2,0,0,0,0,0,12,0,4,4,00:00,0,0,1.000,,,,,,,,,,,,,,,3,3,0,2,0,2,1.000,0.13,,,,,,-0.9482926082851808,289,74
2026-27,mlax,New England Small College Athletic Conference (NESCAC),nescac,Wesleyan,Cooper Mendelsohn,Cooper,Mendelsohn,,764,Cooper Mendelsohn,"MENDELSOHN,COOPER",MENDELSOHNCOOPERWESLEYAN,15,0,,,Wesleyan,WESLEYAN,0,0,0,0,0,0,0,3,0,0,0,0,0,0,0,0,0,0,0,0,0,0,0,0,4,0,9,0,00:00,0,0,1.000,,,,,,,,,,,,,,,13,19,0,6,1,5,.684,0.40,,,,,,-0.9589801673509987,290,74
2026-27,mlax,New England Small College Athletic Conference (NESCAC),nescac,Conn. College,Sean McCarthy,Sean,McCarthy,,163,Sean McCarthy,"MCCARTHY,SEAN",MCCARTHYSEANCONN,13,4,,,Conn. College,CONN,1125-2946,0,0,0,0,0,0,2,0,0,0,0,0,0,0,0,0,0,1,0,0,0,0,0,7,0,12,0,240:00,0,0,1.000,,,,,,,,,,,,,,,11,23,0,5,2,3,.478,0.38,,,,,,-0.9812412670051706,291,74
2026-27,mlax,New England Small College Athletic Conference (NESCAC),nescac,Bowdoin,Michael Norton,Michael,Norton,,69,Michael Norton,"NORTON,MICHAEL",NORTONMICHAELBOWDOIN,15,4,,,Bowdoin,BOWDOIN,0,0,0,0,0,0,0,3,0,0,0,0,0,0,0,0,0,0,0,1,0,0,0,0,2,0,3,0,240:00,0,0,1.000,,,,,,,,,,,,,,,12,21,0,6,2,4,.571,0.40,,,,,,-0.9916215758302759,292,74
2026-27,mlax,New England Small College Athletic Conference (NESCAC),nescac,Colby,Ethan Taerstein,Ethan,Taerstein,,151,Ethan Taerstein,"TAERSTEIN,ETHAN",TAERSTEINETHANCOLBY,5,0,,,Colby,COLBY,0,0,0,0,0,0,1,2,0,0,0,0,0,0,0,0,0,0,0,0,0,0,0,0,1,0,0,0,00:00,0,0,1.000,,,,,,,,,,,,,,,6,15,0,6,2,4,.400,1.20,,,,,,-1.0311368397270686,293,74
2026-27,mlax,New England Small College Athletic Conference (NESCAC),nescac,Wesleyan,Paul Boghosian,Paul,Boghosian,,764,Paul Boghosian,"BOGHOSIAN,PAUL",BOGHOSIANPAULWESLEYAN,10,0,,,Wesleyan,WESLEYAN,0,0,0,0,0,0,0,0,0,0,0,0,0,0,0,0,0,0,0,0,0,0,0,0,1,0,7,3,00:00,0,0,1.000,,,,,,,,,,,,,,,6,11,0,4,2,2,.545,0.40,,,,,,-1.0382249036638722,294,74
2026-27,mlax,New England Small College Athletic Conference (NESCAC),nescac,Hamilton,Peter Canterino,Peter,Canterino,,267,Peter Canterino,"CANTERINO,PETER",CANTERINOPETERHAMILTON,16,16,,,Hamilton,HAMILTON,1058-2527,0,0,0,0,0,0,0,0,0,0,0,0,0,0,0,0,0,0,1,0,0,0,0,16,0,7,5,961:00,42,0,1.000,,,,,,,,,,,,,,,0,0,0,0,0,0,.000,0.00,,,,,,-1.0421889215554219,295,74
2026-27,mlax,New England Small College Athletic Conference (NESCAC),nescac,Trinity,Duncan Rider,Duncan,Rider,,713,Duncan Rider,"RIDER,DUNCAN",RIDERDUNCANTRINITY,15,0,,,Trinity,TRINITY,1127-5473,0,0,0,0,0,0,0,0,0,0,0,0,0,0,0,0,0,0,0,0,0,0,0,4,0,7,5,00:00,0,0,1.000,,,,,,,,,,,,,,,0,1,0,2,2,0,.000,0.13,,,,,,-1.049201828370602,296,74
2026-27,mlax,New England Small College Athletic Conference (NESCAC),nescac,Tufts,Elliot Rutherford,Elliot,Rutherford,,717,Elliot Rutherford,"RUTHERFORD,ELLIOT",RUTHERFORDELLIOTTUFTS,19,0,,,Tufts,TUFTS,1129-4657,0,0,0,0,0,0,0,0,0,0,0,0,0,0,0,0,0,1,2,0,0,0,0,11,0,4,5,00:00,0,0,1.000,,,,,,,,,,,,,,,5,5,0,1,0,1,1.000,0.05,,,,,,-1.0525692303805272,297,74
2026-27,mlax,New England Small College Athletic Conference (NESCAC),nescac,Conn. College,Lorenzo Vogliano,Lorenzo,Vogliano,,163,Lorenzo Vogliano,"VOGLIANO,LORENZO",VOGLIANOLORENZOCONN,13,0,,,Conn. College,CONN,1125-2496,0,0,0,0,0,0,1,0,0,1,0,0,0,0,0,0,0,0,0,0,0,0,0,3,0,3,1,00:00,0,0,1.000,,,,,,,,,,,,,,,12,19,0,5,1,4,.632,0.38,,,,,,-1.0632567894463452,298,74
2026-27,mlax,New England Small College Athletic Conference (NESCAC),nescac,Colby,JT O'Neil,JT,O'Neil,,151,JT O'Neil,"O'NEIL,JT",O'NEILJTCOLBY,10,0,,,Colby,COLBY,0,0,0,0,0,0,0,1,0,0,0,0,0,0,0,0,0,0,1,1,0,0,39,39,20,0,0,0,00:00,0,78,1.000,,,,,,,,,,,,,,,4,4,0,2,1,1,1.000,0.20,,,,,,-1.0755199876377475,299,74
2026-27,mlax,New England Small College Athletic Conference (NESCAC),nescac,Bates,Eddie Lin,Eddie,Lin,,50,Eddie Lin,"LIN,EDDIE",LINEDDIEBATES,15,0,,,Bates,BATES,1120-5916,0,0,0,0,0,0,0,0,0,0,0,0,0,0,0,0,0,1,0,0,0,0,0,12,0,2,6,00:00,0,0,1.000,,,,,,,,,,,,,,,0,0,0,0,0,0,.000,0.00,,,,,,-1.0778153246822884,300,73
2026-27,mlax,New England Small College Athletic Conference (NESCAC),nescac,Trinity,Ethan Cobb,Ethan,Cobb,,713,Ethan Cobb,"COBB,ETHAN",COBBETHANTRINITY,13,1,,,Trinity,TRINITY,1127-4908,0,0,0,0,0,0,0,0,1,0,0,0,0,0,0,0,0,0,0,0,0,0,0,6,0,5,1,53:00,40,0,1.000,,,,,,,,,,,,,,,4,5,0,4,2,2,.800,0.31,,,,,,-1.085517889100517,301,73
2026-27,mlax,New England Small College Athletic Conference (NESCAC),nescac,Bowdoin,Peter Flannery,Peter,Flannery,,69,Peter Flannery,"FLANNERY,PETER",FLANNERYPETERBOWDOIN,5,0,,,Bowdoin,BOWDOIN,0,0,0,0,0,0,0,0,0,0,0,0,0,0,0,0,0,0,0,0,0,0,0,0,0,0,0,0,00:00,0,0,1.000,3,24:47,2,4,0,0,0,0,0,0,0,17,4.84,.667,0,0,0,0,0,0,.000,0.00,,,,,,-1.1213009817081556,302,73
2026-27,mlax,New England Small College Athletic Conference (NESCAC),nescac,Conn. College,Becan O'Brien,Becan,O'Brien,,163,Becan O'Brien,"O'BRIEN,BECAN",O'BRIENBECANCONN,14,4,,,Conn. College,CONN,1125-2760,0,0,0,0,0,0,0,0,0,0,0,0,0,0,0,0,0,0,0,0,0,0,0,17,0,5,4,240:00,0,0,1.000,,,,,,,,,,,,,,,1,3,0,0,0,0,.333,0.00,,,,,,-1.1251083101189332,303,73
2026-27,mlax,New England Small College Athletic Conference (NESCAC),nescac,Colby,Preston Maze,Preston,Maze,,151,Preston Maze,"MAZE,PRESTON",MAZEPRESTONCOLBY,8,3,,,Colby,COLBY,0,0,0,0,0,0,0,0,0,0,0,0,0,0,0,0,0,0,0,0,0,0,0,0,10,0,3,6,180:00,0,0,1.000,,,,,,,,,,,,,,,0,0,0,0,0,0,.000,0.00,,,,,,-1.1568458524758736,304,73
2026-27,mlax,New England Small College Athletic Conference (NESCAC),nescac,Colby,Carson Ahola,Carson,Ahola,,151,Carson Ahola,"AHOLA,CARSON",AHOLACARSONCOLBY,14,2,,,Colby,COLBY,0,0,0,0,0,0,0,0,0,0,0,0,0,0,0,0,0,0,0,0,0,0,0,0,13,0,1,5,120:00,0,0,1.000,,,,,,,,,,,,,,,0,2,0,0,0,0,.000,0.00,,,,,,-1.1607347132457997,305,73
2026-27,mlax,New England Small College Athletic Conference (NESCAC),nescac,Williams,Ethan Filler,Ethan,Filler,,789,Ethan Filler,"FILLER,ETHAN",FILLERETHANWILLIAMS,16,0,,,Williams,WILLIAMS,0,0,0,0,0,0,0,0,0,0,0,0,0,0,0,0,0,0,0,0,0,0,41,50,22,0,5,2,00:00,0,91,1.000,,,,,,,,,,,,,,,0,0,0,0,0,0,.000,0.00,,,,,,-1.172401295555578,306,73
2026-27,mlax,New England Small College Athletic Conference (NESCAC),nescac,Middlebury,James Farinacci,James,Farinacci,,420,James Farinacci,"FARINACCI,JAMES",FARINACCIJAMESMIDD,6,0,,,Middlebury,MIDD,1126-5921,0,0,0,0,0,1,0,0,0,0,0,0,0,0,0,0,0,0,0,0,0,0,0,3,0,4,0,00:00,0,0,1.000,,,,,,,,,,,,,,,7,10,0,5,1,4,.700,0.83,,,,,,-1.1856914419066489,307,73
2026-27,mlax,New England Small College Athletic Conference (NESCAC),nescac,Hamilton,Ford Collins,Ford,Collins,,267,Ford Collins,"COLLINS,FORD",COLLINSFORDHAMILTON,16,0,,,Hamilton,HAMILTON,1058-2776,0,0,0,0,0,0,0,0,0,0,0,0,0,0,0,0,0,0,1,0,0,0,0,21,0,5,2,00:00,0,0,1.000,,,,,,,,,,,,,,,1,1,0,0,0,0,1.000,0.00,,,,,,-1.2119165594523706,308,73
2026-27,mlax,New England Small College Athletic Conference (NESCAC),nescac,Amherst,Michael Li,Michael,Li,,24,Michael Li,"LI,MICHAEL",LIMICHAELAMHERST,15,0,,,Amherst,AMHERST,0,0,0,0,0,0,1,0,0,0,0,0,0,0,0,0,0,0,2,0,0,0,0,0,10,0,3,4,00:00,0,0,1.000,,,,,,,,,,,,,,,2,2,0,1,0,1,1.000,0.07,,,,,,-1.2145191467376237,309,73
2026-27,mlax,New England Small College Athletic Conference (NESCAC),nescac,Bowdoin,Phoenix Kelly-Zuckerman,Phoenix,Kelly-Zuckerman,,69,Phoenix Kelly-Zuckerman,"KELLY-ZUCKERMAN,PHOENIX",KELLY-ZUCKERMANPHOENIXBOWDOIN,13,0,,,Bowdoin,BOWDOIN,0,0,0,0,0,0,0,0,0,0,0,0,0,0,0,0,0,0,0,0,0,0,36,25,21,0,2,0,00:00,0,61,1.000,,,,,,,,,,,,,,,2,3,0,1,1,0,.667,0.08,,,,,,-1.2232007343998128,310,73
2026-27,mlax,New England Small College Athletic Conference (NESCAC),nescac,Bates,Jack Markert,Jack,Markert,,50,Jack Markert,"MARKERT,JACK",MARKERTJACKBATES,11,0,,,Bates,BATES,1120-5679,0,0,0,0,0,0,1,0,0,1,0,0,0,0,0,0,0,0,0,0,0,0,0,5,0,3,0,00:00,0,0,1.000,,,,,,,,,,,,,,,3,10,0,4,2,2,.300,0.36,,,,,,-1.2474678054576134,311,73
2026-27,mlax,New England Small College Athletic Conference (NESCAC),nescac,Trinity,Austin Kitces,Austin,Kitces,,713,Austin Kitces,"KITCES,AUSTIN",KITCESAUSTINTRINITY,1,0,,,Trinity,TRINITY,1127-5754,0,0,0,0,0,0,0,0,0,0,0,0,0,0,0,0,0,0,0,0,0,0,0,0,0,0,0,00:00,0,0,1.000,1,10:32,1,2,0,0,0,0,0,0,0,4,5.70,.667,0,0,0,0,0,0,.000,0.00,,,,,,-1.260048187056084,312,73
2026-27,mlax,New England Small College Athletic Conference (NESCAC),nescac,Tufts,PJ Haskell,PJ,Haskell,,717,PJ Haskell,"HASKELL,PJ",HASKELLPJTUFTS,9,0,,,Tufts,TUFTS,1129-5138,0,0,0,0,0,0,1,0,0,0,0,0,0,0,0,0,0,0,0,0,0,0,0,7,0,3,0,00:00,0,0,1.000,,,,,,,,,,,,,,,9,12,0,4,0,4,.750,0.44,,,,,,-1.2612155162926442,313,72
2026-27,mlax,New England Small College Athletic Conference (NESCAC),nescac,Hamilton,Jake Goldstein,Jake,Goldstein,,267,Jake Goldstein,"GOLDSTEIN,JAKE",GOLDSTEINJAKEHAMILTON,7,0,,,Hamilton,HAMILTON,1058-2991,0,0,0,0,0,0,0,0,0,0,0,0,0,0,0,0,0,0,0,0,0,0,0,1,0,5,0,00:00,0,0,1.000,,,,,,,,,,,,,,,8,10,0,5,1,4,.800,0.71,,,,,,-1.264721969700234,314,72
2026-27,mlax,New England Small College Athletic Conference (NESCAC),nescac,Trinity,Taylor Cotton,Taylor,Cotton,,713,Taylor Cotton,"COTTON,TAYLOR",COTTONTAYLORTRINITY,7,0,,,Trinity,TRINITY,1127-5758,0,0,0,0,0,0,2,0,0,0,0,0,0,0,0,0,0,0,0,0,0,0,0,2,0,1,1,00:00,0,0,1.000,,,,,,,,,,,,,,,4,8,0,4,1,3,.500,0.57,,,,,,-1.2899680640019955,315,72
2026-27,mlax,New England Small College Athletic Conference (NESCAC),nescac,Hamilton,Ted Wilson,Ted,Wilson,,267,Ted Wilson,"WILSON,TED",WILSONTEDHAMILTON,1,1,,,Hamilton,HAMILTON,0,0,0,0,0,0,1,3,0,0,1,0,0,0,0,0,0,0,0,0,0,0,0,0,0,0,3,0,60:00,0,0,1.000,,,,,,,,,,,,,,,4,6,0,5,1,4,.667,5.00,,,,,,-1.3042372335970267,316,72
2026-27,mlax,New England Small College Athletic Conference (NESCAC),nescac,Bates,Rye Kushner,Rye,Kushner,,50,Rye Kushner,"KUSHNER,RYE",KUSHNERRYEBATES,15,0,,,Bates,BATES,1120-5678,0,0,0,0,0,0,1,0,0,0,0,0,0,0,0,0,0,0,0,0,0,0,0,11,0,5,1,00:00,0,0,1.000,,,,,,,,,,,,,,,2,6,0,2,1,1,.333,0.13,,,,,,-1.3087227102485772,317,72
2026-27,mlax,New England Small College Athletic Conference (NESCAC),nescac,Wesleyan,Brian Reilly,Brian,Reilly,,764,Brian Reilly,"REILLY,BRIAN",REILLYBRIANWESLEYAN,11,2,,,Wesleyan,WESLEYAN,0,0,0,0,0,0,0,0,0,0,0,0,0,0,0,0,0,0,0,0,0,0,0,0,3,0,4,0,123:00,5,0,1.000,,,,,,,,,,,,,,,6,10,0,4,2,2,.600,0.36,,,,,,-1.3264983332511986,318,72
2026-27,mlax,New England Small College Athletic Conference (NESCAC),nescac,Tufts,Chris Tsetsekos,Chris,Tsetsekos,,717,Chris Tsetsekos,"TSETSEKOS,CHRIS",TSETSEKOSCHRISTUFTS,15,0,,,Tufts,TUFTS,1129-4403,0,0,0,0,0,0,0,0,0,0,0,0,0,0,0,0,0,2,0,0,0,32,26,18,0,3,2,00:00,0,58,1.000,,,,,,,,,,,,,,,1,2,0,0,0,0,.500,0.00,,,,,,-1.3304623511427485,319,72
2026-27,mlax,New England Small College Athletic Conference (NESCAC),nescac,Bates,George Angelopoulos,George,Angelopoulos,,50,George Angelopoulos,"ANGELOPOULOS,GEORGE",ANGELOPOULOSGEORGEBATES,8,0,,,Bates,BATES,1120-6176,0,0,0,0,0,0,1,0,0,0,0,0,0,0,0,0,0,4,0,0,0,0,0,7,0,2,2,00:00,0,0,1.000,,,,,,,,,,,,,,,2,7,0,2,1,1,.286,0.25,,,,,,-1.3443491133754437,320,72
2026-27,mlax,New England Small College Athletic Conference (NESCAC),nescac,Colby,Anthony Long,Anthony,Long,,151,Anthony Long,"LONG,ANTHONY",LONGANTHONYCOLBY,4,0,,,Colby,COLBY,0,0,0,0,0,0,0,2,0,0,0,0,0,0,0,0,0,0,0,0,0,0,0,0,5,0,1,3,00:00,0,0,1.000,,,,,,,,,,,,,,,3,3,0,2,0,2,1.000,0.50,,,,,,-1.347334108023033,321,72
2026-27,mlax,New England Small College Athletic Conference (NESCAC),nescac,Williams,Matthew Dunn,Matthew,Dunn,,789,Matthew Dunn,"DUNN,MATTHEW",DUNNMATTHEWWILLIAMS,14,0,,,Williams,WILLIAMS,0,0,0,0,0,0,0,0,0,0,0,0,0,0,0,0,0,0,1,0,0,0,0,0,8,0,2,5,00:00,0,0,1.000,,,,,,,,,,,,,,,1,3,0,0,0,0,.333,0.00,,,,,,-1.3583110327297627,322,72
2026-27,mlax,New England Small College Athletic Conference (NESCAC),nescac,Middlebury,Nicky Cairo,Nicky,Cairo,,420,Nicky Cairo,"CAIRO,NICKY",CAIRONICKYMIDD,13,0,,,Middlebury,MIDD,1126-5926,0,0,0,0,0,0,1,0,0,0,0,0,0,0,0,0,0,0,2,0,0,0,0,3,0,7,0,00:00,0,0,1.000,,,,,,,,,,,,,,,7,7,0,4,1,3,1.000,0.31,,,,,,-1.3728874525655068,323,72
2026-27,mlax,New England Small College Athletic Conference (NESCAC),nescac,Hamilton,Troy Fredrickson,Troy,Fredrickson,,267,Troy Fredrickson,"FREDRICKSON,TROY",FREDRICKSONTROYHAMILTON,8,0,,,Hamilton,HAMILTON,1058-3240,0,0,0,0,0,0,1,0,0,0,0,0,0,0,0,0,0,0,0,0,0,0,0,3,0,6,0,00:00,0,0,1.000,,,,,,,,,,,,,,,11,16,0,4,1,3,.688,0.50,,,,,,-1.3728874525655068,324,72
2026-27,mlax,New England Small College Athletic Conference (NESCAC),nescac,Conn. College,Cooper Growney,Cooper,Growney,,163,Cooper Growney,"GROWNEY,COOPER",GROWNEYCOOPERCONN,12,0,,,Conn. College,CONN,1125-2766,0,0,0,0,0,0,0,0,0,0,0,0,0,0,0,0,0,0,2,0,0,0,0,12,0,3,2,00:00,0,0,1.000,,,,,,,,,,,,,,,1,1,0,1,0,1,1.000,0.08,,,,,,-1.3803579238646464,325,72
2026-27,mlax,New England Small College Athletic Conference (NESCAC),nescac,Wesleyan,Liam McCarthy,Liam,McCarthy,,764,Liam McCarthy,"MCCARTHY,LIAM",MCCARTHYLIAMWESLEYAN,3,0,,,Wesleyan,WESLEYAN,0,0,0,0,0,0,0,0,0,0,0,0,0,0,0,0,0,0,0,0,0,0,0,0,2,0,0,0,00:00,0,0,1.000,3,50:36,4,6,0,0,0,0,0,0,0,22,4.74,.600,0,0,0,0,0,0,.000,0.00,,,,,,-1.386096083198599,326,72
2026-27,mlax,New England Small College Athletic Conference (NESCAC),nescac,Williams,Joe Ladocsi,Joe,Ladocsi,,789,Joe Ladocsi,"LADOCSI,JOE",LADOCSIJOEWILLIAMS,11,0,,,Williams,WILLIAMS,0,0,0,0,0,0,0,0,0,0,1,0,0,0,0,0,0,0,0,0,0,0,0,0,1,0,1,0,00:00,0,0,1.000,,,,,,,,,,,,,,,5,9,0,4,2,2,.556,0.36,,,,,,-1.4055288610447838,327,71
2026-27,mlax,New England Small College Athletic Conference (NESCAC),nescac,Middlebury,Peyton Jordan,Peyton,Jordan,,420,Peyton Jordan,"JORDAN,PEYTON",JORDANPEYTONMIDD,4,0,,,Middlebury,MIDD,1126-6135,0,0,0,0,0,0,0,0,0,0,0,0,0,0,0,0,0,0,1,0,0,0,0,1,0,2,1,00:00,0,0,1.000,,,,,,,,,,,,,,,2,4,0,3,3,0,.500,0.75,,,,,,-1.4239010999290298,328,71
2026-27,mlax,New England Small College Athletic Conference (NESCAC),nescac,Hamilton,Matteo Pavan,Matteo,Pavan,,267,Matteo Pavan,"PAVAN,MATTEO",PAVANMATTEOHAMILTON,10,5,,,Hamilton,HAMILTON,1058-3246,0,0,0,0,0,0,0,0,0,0,0,0,0,0,0,0,1,2,0,0,0,0,0,3,0,3,6,300:00,0,0,1.000,,,,,,,,,,,,,,,0,0,0,0,0,0,.000,0.00,,,,,,-1.4334526997534218,329,71
2026-27,mlax,New England Small College Athletic Conference (NESCAC),nescac,Bates,Cooper Ray,Cooper,Ray,,50,Cooper Ray,"RAY,COOPER",RAYCOOPERBATES,15,8,,,Bates,BATES,1120-6185,0,0,0,0,0,0,0,0,0,0,0,0,0,0,0,0,0,1,0,0,0,0,0,6,0,1,5,480:00,0,0,1.000,,,,,,,,,,,,,,,0,0,0,0,0,0,.000,0.00,,,,,,-1.437341560523348,330,71
2026-27,mlax,New England Small College Athletic Conference (NESCAC),nescac,Conn. College,Liam Schwartz,Liam,Schwartz,,163,Liam Schwartz,"SCHWARTZ,LIAM",SCHWARTZLIAMCONN,9,0,,,Conn. College,CONN,1125-2758,0,0,0,0,0,0,0,0,0,0,0,0,0,0,0,0,0,2,0,0,0,0,0,6,0,2,5,00:00,0,0,1.000,,,,,,,,,,,,,,,1,2,0,0,0,0,.500,0.00,,,,,,-1.437341560523348,331,71
2026-27,mlax,New England Small College Athletic Conference (NESCAC),nescac,Williams,Ralph Vogel,Ralph,Vogel,,789,Ralph Vogel,"VOGEL,RALPH",VOGELRALPHWILLIAMS,9,0,,,Williams,WILLIAMS,0,0,0,0,0,0,0,1,0,0,0,0,0,0,0,0,0,0,0,0,0,0,0,0,0,0,1,0,00:00,0,0,1.000,,,,,,,,,,,,,,,3,4,0,4,2,2,.750,0.44,,,,,,-1.4450441249415764,332,71
2026-27,mlax,New England Small College Athletic Conference (NESCAC),nescac,Tufts,Brooks Byrnes,Brooks,Byrnes,,717,Brooks Byrnes,"BYRNES,BROOKS",BYRNESBROOKSTUFTS,22,0,,,Tufts,TUFTS,1129-4408,0,0,0,0,0,0,0,0,0,0,0,0,0,0,0,0,1,1,1,0,0,0,0,12,0,5,3,00:00,0,0,1.000,,,,,,,,,,,,,,,1,1,0,0,0,0,1.000,0.00,,,,,,-1.4451192820632002,333,71
2026-27,mlax,New England Small College Athletic Conference (NESCAC),nescac,Hamilton,Ty Green,Ty,Green,,267,Ty Green,"GREEN,TY",GREENTYHAMILTON,15,0,,,Hamilton,HAMILTON,1058-3238,0,0,0,0,0,0,0,0,0,0,0,0,0,0,0,0,0,0,0,0,0,0,0,6,0,1,3,00:00,0,0,1.000,,,,,,,,,,,,,,,2,3,0,1,1,0,.667,0.07,,,,,,-1.44862573547079,334,71
2026-27,mlax,New England Small College Athletic Conference (NESCAC),nescac,Colby,Blake Ingold,Blake,Ingold,,151,Blake Ingold,"INGOLD,BLAKE",INGOLDBLAKECOLBY,5,0,,,Colby,COLBY,0,0,0,0,0,0,0,2,0,0,0,0,0,0,0,0,0,0,0,0,0,0,0,0,1,0,2,0,00:00,0,0,1.000,,,,,,,,,,,,,,,5,6,0,4,1,3,.833,0.80,,,,,,-1.451917980359092,335,71
2026-27,mlax,New England Small College Athletic Conference (NESCAC),nescac,Hamilton,Jamie Rosenzweig,Jamie,Rosenzweig,,267,Jamie Rosenzweig,"ROSENZWEIG,JAMIE",ROSENZWEIGJAMIEHAMILTON,1,1,,,Hamilton,HAMILTON,0,0,0,0,0,0,0,0,0,0,0,0,0,0,0,0,0,0,0,0,0,0,0,0,5,0,2,0,60:00,0,0,1.000,,,,,,,,,,,,,,,4,4,0,3,1,2,1.000,3.00,,,,,,-1.481052935430779,336,71
2026-27,mlax,New England Small College Athletic Conference (NESCAC),nescac,Hamilton,Drew Knight,Drew,Knight,,267,Drew Knight,"KNIGHT,DREW",KNIGHTDREWHAMILTON,1,1,,,Hamilton,HAMILTON,0,0,0,0,0,0,0,1,0,0,0,0,0,0,0,0,0,0,0,0,0,0,0,0,6,0,1,3,60:00,0,0,1.000,,,,,,,,,,,,,,,1,1,0,1,0,1,1.000,1.00,,,,,,-1.495014854785098,337,71
2026-27,mlax,New England Small College Athletic Conference (NESCAC),nescac,Conn. College,Jack Anglim,Jack,Anglim,,163,Jack Anglim,"ANGLIM,JACK",ANGLIMJACKCONN,8,0,,,Conn. College,CONN,1125-2757,0,0,0,0,0,0,0,0,0,0,0,0,0,0,0,0,0,0,0,0,0,0,0,6,0,5,3,00:00,0,0,1.000,,,,,,,,,,,,,,,1,2,0,1,0,1,.500,0.13,,,,,,-1.495014854785098,338,71
2026-27,mlax,New England Small College Athletic Conference (NESCAC),nescac,Conn. College,Dylan McGuirk,Dylan,McGuirk,,163,Dylan McGuirk,"MCGUIRK,DYLAN",MCGUIRKDYLANCONN,9,2,,,Conn. College,CONN,1125-2952,0,0,0,0,0,0,0,0,0,0,0,0,0,0,0,0,0,1,0,0,0,2,12,9,0,3,2,120:00,0,14,1.000,,,,,,,,,,,,,,,1,1,0,1,0,1,1.000,0.11,,,,,,-1.4989037155550242,339,71
2026-27,mlax,New England Small College Athletic Conference (NESCAC),nescac,Williams,Nate Felsenthal,Nate,Felsenthal,,789,Nate Felsenthal,"FELSENTHAL,NATE",FELSENTHALNATEWILLIAMS,8,0,,,Williams,WILLIAMS,0,0,0,0,0,0,0,0,0,0,0,0,0,0,0,0,0,0,0,0,0,0,0,0,3,0,3,0,00:00,0,0,1.000,,,,,,,,,,,,,,,2,5,0,3,2,1,.400,0.38,,,,,,-1.5136943439100565,340,70
2026-27,mlax,New England Small College Athletic Conference (NESCAC),nescac,Tufts,Sean Sheehan,Sean,Sheehan,,717,Sean Sheehan,"SHEEHAN,SEAN",SHEEHANSEANTUFTS,17,0,,,Tufts,TUFTS,1129-5134,0,0,0,0,0,0,2,0,0,0,0,0,0,0,0,0,0,0,1,0,0,0,0,5,0,6,0,00:00,0,0,1.000,,,,,,,,,,,,,,,5,8,0,3,0,3,.625,0.18,,,,,,-1.5274420547450869,341,70
2026-27,mlax,New England Small College Athletic Conference (NESCAC),nescac,Bowdoin,Hayes McCarron,Hayes,McCarron,,69,Hayes McCarron,"MCCARRON,HAYES",MCCARRONHAYESBOWDOIN,20,0,,,Bowdoin,BOWDOIN,0,0,0,0,0,0,0,0,0,0,0,0,0,0,0,0,0,0,0,0,0,0,0,0,11,0,1,1,00:00,0,0,1.000,,,,,,,,,,,,,,,2,3,0,1,0,1,.667,0.05,,,,,,-1.542307840221743,342,70
2026-27,mlax,New England Small College Athletic Conference (NESCAC),nescac,Trinity,Fitz Frechette,Fitz,Frechette,,713,Fitz Frechette,"FRECHETTE,FITZ",FRECHETTEFITZTRINITY,14,1,,,Trinity,TRINITY,1127-5219,0,0,0,0,0,0,0,0,0,0,0,0,0,0,0,0,0,1,0,0,0,45,58,14,0,2,0,60:00,0,103,1.000,,,,,,,,,,,,,,,1,1,0,1,0,1,1.000,0.07,,,,,,-1.5461967009916688,343,70
2026-27,mlax,New England Small College Athletic Conference (NESCAC),nescac,Wesleyan,Tommy Kilroy,Tommy,Kilroy,,764,Tommy Kilroy,"KILROY,TOMMY",KILROYTOMMYWESLEYAN,7,0,,,Wesleyan,WESLEYAN,0,0,0,0,0,0,0,2,0,0,0,0,0,0,0,0,0,0,0,0,0,0,0,0,3,0,0,2,00:00,0,0,1.000,,,,,,,,,,,,,,,2,2,0,2,0,2,1.000,0.29,,,,,,-1.5487992882769221,344,70
2026-27,mlax,New England Small College Athletic Conference (NESCAC),nescac,Hamilton,Daniel Mahoney,Daniel,Mahoney,,267,Daniel Mahoney,"MAHONEY,DANIEL",MAHONEYDANIELHAMILTON,1,1,,,Hamilton,HAMILTON,0,0,0,0,0,0,0,1,0,0,0,0,0,0,0,0,0,0,0,0,0,0,0,0,3,0,3,0,60:00,0,0,1.000,,,,,,,,,,,,,,,4,5,0,3,1,2,.800,3.00,,,,,,-1.5600834632243643,345,70
2026-27,mlax,New England Small College Athletic Conference (NESCAC),nescac,Wesleyan,Will Hansen,Will,Hansen,,764,Will Hansen,"HANSEN,WILL",HANSENWILLWESLEYAN,16,0,,,Wesleyan,WESLEYAN,0,0,0,0,0,0,0,0,0,0,0,0,0,0,0,0,0,0,0,1,0,0,0,0,6,0,3,2,00:00,0,0,1.000,,,,,,,,,,,,,,,0,0,0,1,1,0,.000,0.06,,,,,,-1.571060387931094,346,70
2026-27,mlax,New England Small College Athletic Conference (NESCAC),nescac,Tufts,Carter Fears,Carter,Fears,,717,Carter Fears,"FEARS,CARTER",FEARSCARTERTUFTS,11,0,,,Tufts,TUFTS,1129-5139,0,0,0,0,0,0,0,0,0,0,0,0,0,0,0,0,0,0,0,0,0,21,11,18,0,2,0,00:00,0,32,1.000,,,,,,,,,,,,,,,1,1,0,0,0,0,1.000,0.00,,,,,,-1.5753316560633563,347,70
2026-27,mlax,New England Small College Athletic Conference (NESCAC),nescac,Colby,Matthew Trimmer,Matthew,Trimmer,,151,Matthew Trimmer,"TRIMMER,MATTHEW",TRIMMERMATTHEWCOLBY,13,0,,,Colby,COLBY,0,0,0,0,0,0,0,1,0,0,0,0,0,0,0,0,0,0,1,0,0,0,0,0,7,0,3,2,00:00,0,0,1.000,,,,,,,,,,,,,,,1,1,0,1,0,1,1.000,0.08,,,,,,-1.5779342433486094,348,70
2026-27,mlax,New England Small College Athletic Conference (NESCAC),nescac,Tufts,Bowman Rhinesmith,Bowman,Rhinesmith,,717,Bowman Rhinesmith,"RHINESMITH,BOWMAN",RHINESMITHBOWMANTUFTS,16,0,,,Tufts,TUFTS,1129-4228,0,0,0,0,0,0,1,0,0,0,0,0,0,0,0,0,0,0,1,0,0,0,0,2,0,7,0,00:00,0,0,1.000,,,,,,,,,,,,,,,5,7,0,3,1,2,.714,0.19,,,,,,-1.599598727121157,349,70
2026-27,mlax,New England Small College Athletic Conference (NESCAC),nescac,Colby,Brian Bowler,Brian,Bowler,,151,Brian Bowler,"BOWLER,BRIAN",BOWLERBRIANCOLBY,13,0,,,Colby,COLBY,0,0,0,0,0,0,0,0,0,0,0,0,0,0,0,0,0,0,1,3,0,0,0,0,6,0,2,2,00:00,0,0,1.000,,,,,,,,,,,,,,,4,6,0,1,0,1,.667,0.08,,,,,,-1.617449507245402,350,70
2026-27,mlax,New England Small College Athletic Conference (NESCAC),nescac,Bowdoin,Aj McBorrough,Aj,McBorrough,,69,Aj McBorrough,"MCBORROUGH,AJ",MCBORROUGHAJBOWDOIN,10,0,,,Bowdoin,BOWDOIN,0,0,0,0,0,0,0,2,0,0,0,0,0,0,0,0,0,0,0,1,0,0,0,0,1,0,3,2,00:00,0,0,1.000,,,,,,,,,,,,,,,3,5,0,2,0,2,.600,0.20,,,,,,-1.6278298160705074,351,70
2026-27,mlax,New England Small College Athletic Conference (NESCAC),nescac,Amherst,Mike Hanlon,Mike,Hanlon,,24,Mike Hanlon,"HANLON,MIKE",HANLONMIKEAMHERST,5,0,,,Amherst,AMHERST,0,0,0,0,0,0,0,0,0,1,0,0,0,0,0,0,0,0,0,0,0,0,0,0,2,0,1,1,00:00,0,0,1.000,,,,,,,,,,,,,,,2,5,0,2,1,1,.400,0.40,,,,,,-1.6643600853197107,352,70
2026-27,mlax,New England Small College Athletic Conference (NESCAC),nescac,Bowdoin,Seb Gonzalez,Seb,Gonzalez,,69,Seb Gonzalez,"GONZALEZ,SEB",GONZALEZSEBBOWDOIN,9,0,,,Bowdoin,BOWDOIN,0,0,0,0,0,0,0,0,0,0,0,0,0,0,0,0,0,0,1,0,0,0,0,0,6,0,3,3,00:00,0,0,1.000,,,,,,,,,,,,,,,1,1,0,0,0,0,1.000,0.00,,,,,,-1.6822108654439558,353,70
2026-27,mlax,New England Small College Athletic Conference (NESCAC),nescac,Tufts,Jules Capone,Jules,Capone,,717,Jules Capone,"CAPONE,JULES",CAPONEJULESTUFTS,12,0,,,Tufts,TUFTS,1129-5143,0,0,0,0,0,0,0,0,0,0,0,0,0,0,0,0,0,0,0,0,0,0,0,9,0,1,2,00:00,0,0,1.000,,,,,,,,,,,,,,,1,1,0,0,0,0,1.000,0.00,,,,,,-1.686099726213882,354,69
2026-27,mlax,New England Small College Athletic Conference (NESCAC),nescac,Tufts,Brian Winters,Brian,Winters,,717,Brian Winters,"WINTERS,BRIAN",WINTERSBRIANTUFTS,13,0,,,Tufts,TUFTS,1129-4406,0,0,0,0,0,0,0,0,0,0,0,0,0,0,0,0,0,0,1,0,0,0,0,4,0,1,2,00:00,0,0,1.000,,,,,,,,,,,,,,,1,1,0,1,0,1,1.000,0.08,,,,,,-1.6964800350389873,355,69
2026-27,mlax,New England Small College Athletic Conference (NESCAC),nescac,Hamilton,Henry Crean,Henry,Crean,,267,Henry Crean,"CREAN,HENRY",CREANHENRYHAMILTON,1,1,,,Hamilton,HAMILTON,0,0,0,0,0,0,0,1,0,0,0,0,0,0,0,0,0,0,0,0,0,0,0,0,1,0,1,1,60:00,0,0,1.000,,,,,,,,,,,,,,,2,3,0,2,1,1,.667,2.00,,,,,,-1.7038753492165035,356,69
2026-27,mlax,New England Small College Athletic Conference (NESCAC),nescac,Trinity,William Chiasson,William,Chiasson,,713,William Chiasson,"CHIASSON,WILLIAM",CHIASSONWILLIAMTRINITY,7,0,,,Trinity,TRINITY,1127-5757,0,0,0,0,0,0,1,0,0,0,0,0,0,0,0,0,0,0,0,0,0,0,0,10,0,0,0,00:00,0,0,1.000,,,,,,,,,,,,,,,2,4,0,1,0,1,.500,0.14,,,,,,-1.7042577565788393,357,69
2026-27,mlax,New England Small College Athletic Conference (NESCAC),nescac,Trinity,Peter Hopkins,Peter,Hopkins,,713,Peter Hopkins,"HOPKINS,PETER",HOPKINSPETERTRINITY,8,1,,,Trinity,TRINITY,1127-5765,0,0,0,0,0,0,0,0,0,0,0,0,0,0,0,0,0,0,1,0,0,0,0,5,0,0,3,61:00,48,0,1.000,,,,,,,,,,,,,,,0,0,0,0,0,0,.000,0.00,,,,,,-1.7217261293407484,358,69
2026-27,mlax,New England Small College Athletic Conference (NESCAC),nescac,Conn. College,Max Garro,Max,Garro,,163,Max Garro,"GARRO,MAX",GARROMAXCONN,8,1,,,Conn. College,CONN,1125-3136,0,0,0,0,0,0,0,0,0,0,0,0,0,0,0,0,0,0,0,0,0,54,51,14,0,0,0,60:00,0,105,1.000,,,,,,,,,,,,,,,1,2,0,0,0,0,.500,0.00,,,,,,-1.7333927116505268,359,69
2026-27,mlax,New England Small College Athletic Conference (NESCAC),nescac,Middlebury,Brady Boudreau,Brady,Boudreau,,420,Brady Boudreau,"BOUDREAU,BRADY",BOUDREAUBRADYMIDD,9,0,,,Middlebury,MIDD,1126-6644,0,0,0,0,0,0,0,0,0,0,0,0,0,0,0,0,0,0,0,0,0,0,0,6,0,2,1,00:00,0,0,1.000,,,,,,,,,,,,,,,1,1,0,1,0,1,1.000,0.11,,,,,,-1.739884159705706,360,69
2026-27,mlax,New England Small College Athletic Conference (NESCAC),nescac,Colby,Rusty Chandler,Rusty,Chandler,,151,Rusty Chandler,"CHANDLER,RUSTY",CHANDLERRUSTYCOLBY,13,1,,,Colby,COLBY,0,0,0,0,0,0,0,0,0,0,1,0,0,0,0,0,0,0,0,0,0,0,0,0,6,0,3,1,60:00,0,0,1.000,,,,,,,,,,,,,,,1,1,0,1,0,1,1.000,0.08,,,,,,-1.739884159705706,361,69
2026-27,mlax,New England Small College Athletic Conference (NESCAC),nescac,Colby,Luke Lombardo,Luke,Lombardo,,151,Luke Lombardo,"LOMBARDO,LUKE",LOMBARDOLUKECOLBY,3,0,,,Colby,COLBY,0,0,0,0,0,0,0,1,0,0,0,0,0,0,0,0,0,0,0,0,0,0,0,0,3,0,1,0,00:00,0,0,1.000,,,,,,,,,,,,,,,4,5,0,2,1,1,.800,0.67,,,,,,-1.7472794738832218,362,69
2026-27,mlax,New England Small College Athletic Conference (NESCAC),nescac,Bates,Owen Iles,Owen,Iles,,50,Owen Iles,"ILES,OWEN",ILESOWENBATES,6,0,,,Bates,BATES,1120-6179,0,0,0,0,0,0,0,0,0,0,0,0,0,0,0,0,0,0,0,0,0,0,0,3,0,3,0,00:00,0,0,1.000,,,,,,,,,,,,,,,5,7,0,2,1,1,.714,0.33,,,,,,-1.7472794738832218,363,69
2026-27,mlax,New England Small College Athletic Conference (NESCAC),nescac,Trinity,Logan Mueller,Logan,Mueller,,713,Logan Mueller,"MUELLER,LOGAN",MUELLERLOGANTRINITY,6,0,,,Trinity,TRINITY,1127-5185,0,0,0,0,0,0,0,0,0,0,0,0,0,0,0,0,0,0,0,0,0,0,0,4,0,0,3,00:00,0,0,1.000,,,,,,,,,,,,,,,0,0,0,0,0,0,.000,0.00,,,,,,-1.761241393237541,364,69
2026-27,mlax,New England Small College Athletic Conference (NESCAC),nescac,Williams,Cooper Tilden,Cooper,Tilden,,789,Cooper Tilden,"TILDEN,COOPER",TILDENCOOPERWILLIAMS,13,0,,,Williams,WILLIAMS,0,0,0,0,0,0,0,0,0,0,0,0,0,0,0,0,0,0,0,2,0,0,0,0,7,0,2,2,00:00,0,0,1.000,,,,,,,,,,,,,,,0,0,0,0,0,0,.000,0.00,,,,,,-1.7651302540074671,365,69
2026-27,mlax,New England Small College Athletic Conference (NESCAC),nescac,Middlebury,Hunter Earle,Hunter,Earle,,420,Hunter Earle,"EARLE,HUNTER",EARLEHUNTERMIDD,10,0,,,Middlebury,MIDD,1126-6638,0,0,0,0,0,0,0,0,0,0,0,0,0,0,0,0,0,0,0,0,0,0,0,7,0,2,2,00:00,0,0,1.000,,,,,,,,,,,,,,,1,2,0,0,0,0,.500,0.00,,,,,,-1.7651302540074671,366,69
2026-27,mlax,New England Small College Athletic Conference (NESCAC),nescac,Colby,Will Heisler,Will,Heisler,,151,Will Heisler,"HEISLER,WILL",HEISLERWILLCOLBY,14,13,,,Colby,COLBY,0,0,0,0,0,0,0,0,0,0,0,0,0,0,0,0,0,0,0,0,0,0,0,0,18,0,7,0,775:00,11,0,1.000,13,678:08,154,136,0,3,11,0,0,0,0,506,13.63,.469,1,1,0,1,0,1,1.000,0.07,,,,,,-1.7662244800692593,367,68
2026-27,mlax,New England Small College Athletic Conference (NESCAC),nescac,Conn. College,Jack Halpin,Jack,Halpin,,163,Jack Halpin,"HALPIN,JACK",HALPINJACKCONN,13,1,,,Conn. College,CONN,1125-2951,0,0,0,0,0,0,0,0,0,0,0,0,0,0,0,0,0,1,0,0,0,0,0,10,0,3,1,60:00,0,0,1.000,,,,,,,,,,,,,,,2,5,0,0,0,0,.400,0.00,,,,,,-1.7690191147773933,368,68
2026-27,mlax,New England Small College Athletic Conference (NESCAC),nescac,Bates,Max Galvin,Max,Galvin,,50,Max Galvin,"GALVIN,MAX",GALVINMAXBATES,3,0,,,Bates,BATES,1120-5911,0,0,0,0,0,0,1,0,0,0,0,0,0,0,0,0,0,0,0,0,0,0,0,2,0,2,0,00:00,0,0,1.000,,,,,,,,,,,,,,,1,3,0,2,1,1,.333,0.67,,,,,,-1.7867947377800144,369,68
2026-27,mlax,New England Small College Athletic Conference (NESCAC),nescac,Bowdoin,Ryan Landa,Ryan,Landa,,69,Ryan Landa,"LANDA,RYAN",LANDARYANBOWDOIN,9,0,,,Bowdoin,BOWDOIN,0,0,0,0,0,0,0,0,0,0,0,0,0,0,0,0,0,0,0,0,0,0,0,0,2,0,3,0,00:00,0,0,1.000,,,,,,,,,,,,,,,4,5,0,2,1,1,.800,0.22,,,,,,-1.7867947377800144,370,68
2026-27,mlax,New England Small College Athletic Conference (NESCAC),nescac,Middlebury,Jack Gunning,Jack,Gunning,,420,Jack Gunning,"GUNNING,JACK",GUNNINGJACKMIDD,6,0,,,Middlebury,MIDD,1126-6142,0,0,0,0,0,0,2,0,0,0,0,0,0,0,0,0,0,0,1,0,0,0,0,3,0,4,0,00:00,0,0,1.000,,,,,,,,,,,,,,,2,4,0,2,0,2,.500,0.33,,,,,,-1.79366859319753,371,68
2026-27,mlax,New England Small College Athletic Conference (NESCAC),nescac,Middlebury,Nate Holliday,Nate,Holliday,,420,Nate Holliday,"HOLLIDAY,NATE",HOLLIDAYNATEMIDD,13,0,,,Middlebury,MIDD,1126-5920,0,0,0,0,0,0,0,0,0,0,0,0,0,0,0,0,0,0,0,0,0,0,0,3,0,1,3,00:00,0,0,1.000,,,,,,,,,,,,,,,0,0,0,0,0,0,.000,0.00,,,,,,-1.8007566571343336,372,68
2026-27,mlax,New England Small College Athletic Conference (NESCAC),nescac,Bates,Jacob Kodjababian,Jacob,Kodjababian,,50,Jacob Kodjababian,"KODJABABIAN,JACOB",KODJABABIANJACOBBATES,15,1,,,Bates,BATES,1120-5292,0,0,0,0,0,0,0,0,0,0,0,0,0,0,0,0,0,1,0,0,0,0,0,6,0,4,2,60:00,0,0,1.000,,,,,,,,,,,,,,,0,0,0,0,0,0,.000,0.00,,,,,,-1.8046455179042598,373,68
2026-27,mlax,New England Small College Athletic Conference (NESCAC),nescac,Amherst,Oliver Pritchard,Oliver,Pritchard,,24,Oliver Pritchard,"PRITCHARD,OLIVER",PRITCHARDOLIVERAMHERST,8,0,,,Amherst,AMHERST,0,0,0,0,0,0,0,0,0,0,0,0,0,0,0,0,0,0,2,0,0,0,0,0,4,0,0,1,00:00,0,0,1.000,,,,,,,,,,,,,,,1,2,0,1,0,1,.500,0.13,,,,,,-1.8189146874992912,374,68
2026-27,mlax,New England Small College Athletic Conference (NESCAC),nescac,Colby,Nick Sokolosky,Nick,Sokolosky,,151,Nick Sokolosky,"SOKOLOSKY,NICK",SOKOLOSKYNICKCOLBY,9,0,,,Colby,COLBY,0,0,0,0,0,0,0,0,0,0,0,0,0,0,0,0,0,0,0,0,0,0,0,0,0,0,2,0,00:00,0,0,1.000,,,,,,,,,,,,,,,1,3,0,2,2,0,.333,0.22,,,,,,-1.8194361462592918,375,68
2026-27,mlax,New England Small College Athletic Conference (NESCAC),nescac,Hamilton,Cam Croasdaile,Cam,Croasdaile,,267,Cam Croasdaile,"CROASDAILE,CAM",CROASDAILECAMHAMILTON,1,1,,,Hamilton,HAMILTON,0,0,0,0,0,0,0,0,0,0,0,0,0,0,0,0,0,0,0,0,0,0,0,0,1,0,0,0,60:00,0,0,1.000,,,,,,,,,,,,,,,2,4,0,2,1,1,.500,2.00,,,,,,-1.8263100016768075,376,68
2026-27,mlax,New England Small College Athletic Conference (NESCAC),nescac,Trinity,Benjamin Horowitz,Benjamin,Horowitz,,713,Benjamin Horowitz,"HOROWITZ,BENJAMIN",HOROWITZBENJAMINTRINITY,10,0,,,Trinity,TRINITY,1127-5469,0,0,0,0,0,0,1,0,1,0,0,0,0,0,0,0,0,0,0,0,0,1,0,2,0,1,0,00:00,0,1,1.000,,,,,,,,,,,,,,,2,4,0,2,0,2,.500,0.20,,,,,,-1.8331838570943226,377,68
2026-27,mlax,New England Small College Athletic Conference (NESCAC),nescac,Williams,Zach Falls,Zach,Falls,,789,Zach Falls,"FALLS,ZACH",FALLSZACHWILLIAMS,4,0,,,Williams,WILLIAMS,0,0,0,0,0,0,0,2,0,0,0,0,0,0,0,0,0,0,0,0,0,0,0,0,2,0,0,0,00:00,0,0,1.000,,,,,,,,,,,,,,,3,4,0,2,0,2,.750,0.50,,,,,,-1.8331838570943226,378,68
2026-27,mlax,New England Small College Athletic Conference (NESCAC),nescac,Hamilton,Grayson Sisley,Grayson,Sisley,,267,Grayson Sisley,"SISLEY,GRAYSON",SISLEYGRAYSONHAMILTON,1,0,,,Hamilton,HAMILTON,1058-3242,0,0,0,0,0,0,0,0,0,0,0,0,0,0,0,0,0,0,0,0,0,0,0,5,0,1,2,00:00,0,0,1.000,,,,,,,,,,,,,,,0,0,0,0,0,0,.000,0.00,,,,,,-1.8441607818010524,379,68
2026-27,mlax,New England Small College Athletic Conference (NESCAC),nescac,Trinity,Eammon Donovan,Eammon,Donovan,,713,Eammon Donovan,"DONOVAN,EAMMON",DONOVANEAMMONTRINITY,5,0,,,Trinity,TRINITY,1127-5760,0,0,0,0,0,0,0,0,0,0,0,0,0,0,0,0,0,0,0,0,0,0,0,2,0,1,1,00:00,0,0,1.000,,,,,,,,,,,,,,,0,0,0,1,1,0,.000,0.20,,,,,,-1.8515560959785684,380,67
2026-27,mlax,New England Small College Athletic Conference (NESCAC),nescac,Trinity,Julian Singh,Julian,Singh,,713,Julian Singh,"SINGH,JULIAN",SINGHJULIANTRINITY,4,0,,,Trinity,TRINITY,1127-5772,0,0,0,0,0,0,0,0,0,0,0,0,0,0,0,0,0,0,0,0,0,0,0,2,0,1,1,00:00,0,0,1.000,,,,,,,,,,,,,,,1,1,0,1,1,0,1.000,0.25,,,,,,-1.8515560959785684,381,67
2026-27,mlax,New England Small College Athletic Conference (NESCAC),nescac,Colby,Blake Riley,Blake,Riley,,151,Blake Riley,"RILEY,BLAKE",RILEYBLAKECOLBY,9,2,,,Colby,COLBY,0,0,0,0,0,0,0,0,0,0,0,0,0,0,0,0,0,0,0,0,0,0,22,43,11,0,1,0,115:00,11,65,1.000,,,,,,,,,,,,,,,2,3,0,0,0,0,.667,0.00,,,,,,-1.8519385033409046,382,67
2026-27,mlax,New England Small College Athletic Conference (NESCAC),nescac,Colby,Chase Coleman,Chase,Coleman,,151,Chase Coleman,"COLEMAN,CHASE",COLEMANCHASECOLBY,6,1,,,Colby,COLBY,0,0,0,0,0,0,0,0,0,0,0,0,0,0,0,0,0,0,0,0,0,0,0,0,5,0,0,0,60:00,0,0,1.000,,,,,,,,,,,,,,,0,0,0,1,1,0,.000,0.17,,,,,,-1.8554449567484945,383,67
2026-27,mlax,New England Small College Athletic Conference (NESCAC),nescac,Colby,Oliver Aaron,Oliver,Aaron,,151,Oliver Aaron,"AARON,OLIVER",AARONOLIVERCOLBY,3,0,,,Colby,COLBY,0,0,0,0,0,0,0,1,0,0,0,0,0,0,0,0,0,0,0,0,0,0,0,1,0,0,2,0,00:00,0,1,1.000,,,,,,,,,,,,,,,3,5,0,2,1,1,.600,0.67,,,,,,-1.8658252655736,384,67
2026-27,mlax,New England Small College Athletic Conference (NESCAC),nescac,Bates,Jake Anastas,Jake,Anastas,,50,Jake Anastas,"ANASTAS,JAKE",ANASTASJAKEBATES,3,0,,,Bates,BATES,1120-5284,0,0,0,0,0,0,1,0,0,0,0,0,0,0,0,0,0,0,0,0,0,0,0,1,0,1,0,00:00,0,0,1.000,,,,,,,,,,,,,,,3,8,0,2,0,2,.375,0.67,,,,,,-1.8726991209911152,385,67
2026-27,mlax,New England Small College Athletic Conference (NESCAC),nescac,Conn. College,Chris Tavers,Chris,Tavers,,163,Chris Tavers,"TAVERS,CHRIS",TAVERSCHRISCONN,2,0,,,Conn. College,CONN,1125-2759,0,0,0,0,0,0,0,0,0,0,0,0,0,0,0,0,0,0,0,0,0,0,0,7,0,2,1,00:00,0,0,1.000,,,,,,,,,,,,,,,0,1,0,0,0,0,.000,0.00,,,,,,-1.887564906467771,386,67
2026-27,mlax,New England Small College Athletic Conference (NESCAC),nescac,Middlebury,Teddy Coyle,Teddy,Coyle,,420,Teddy Coyle,"COYLE,TEDDY",COYLETEDDYMIDD,16,0,,,Middlebury,MIDD,1126-6639,0,0,0,0,0,0,0,0,0,0,0,0,0,0,0,0,0,0,0,0,0,18,29,7,0,2,1,00:00,0,47,1.000,,,,,,,,,,,,,,,0,0,0,0,0,0,.000,0.00,,,,,,-1.887564906467771,387,67
2026-27,mlax,New England Small College Athletic Conference (NESCAC),nescac,Colby,Trevor Payne,Trevor,Payne,,151,Trevor Payne,"PAYNE,TREVOR",PAYNETREVORCOLBY,3,0,,,Colby,COLBY,0,0,0,0,0,0,0,0,0,0,0,0,0,0,0,0,0,0,0,0,0,0,0,0,1,0,0,1,00:00,0,0,1.000,,,,,,,,,,,,,,,0,0,0,1,1,0,.000,0.33,,,,,,-1.891071359875361,388,67
2026-27,mlax,New England Small College Athletic Conference (NESCAC),nescac,Hamilton,David Russell,David,Russell,,267,David Russell,"RUSSELL,DAVID",RUSSELLDAVIDHAMILTON,5,0,,,Hamilton,HAMILTON,1058-2519,0,0,0,0,0,0,1,0,0,0,0,0,0,0,0,0,0,0,0,0,0,0,0,0,0,0,0,00:00,0,0,1.000,,,,,,,,,,,,,,,5,5,0,2,0,2,1.000,0.40,,,,,,-1.9122143848879078,389,67
2026-27,mlax,New England Small College Athletic Conference (NESCAC),nescac,Hamilton,Joey Hetz,Joey,Hetz,,267,Joey Hetz,"HETZ,JOEY",HETZJOEYHAMILTON,5,0,,,Hamilton,HAMILTON,1058-3243,0,0,0,0,0,0,0,0,1,0,0,0,0,0,0,0,0,0,0,0,0,0,0,0,0,0,0,00:00,0,0,1.000,,,,,,,,,,,,,,,2,3,0,2,0,2,.667,0.40,,,,,,-1.9122143848879078,390,67
2026-27,mlax,New England Small College Athletic Conference (NESCAC),nescac,Trinity,Ryan Challice,Ryan,Challice,,713,Ryan Challice,"CHALLICE,RYAN",CHALLICERYANTRINITY,2,0,,,Trinity,TRINITY,1127-4907,0,0,0,0,0,0,0,0,1,0,0,0,0,0,0,0,0,0,0,0,0,0,0,0,0,1,0,00:00,0,0,1.000,,,,,,,,,,,,,,,2,2,0,2,0,2,1.000,1.00,,,,,,-1.9122143848879078,391,67
2026-27,mlax,New England Small College Athletic Conference (NESCAC),nescac,Trinity,Gavin Korpi,Gavin,Korpi,,713,Gavin Korpi,"KORPI,GAVIN",KORPIGAVINTRINITY,3,0,,,Trinity,TRINITY,1127-5767,0,0,0,0,0,0,0,0,0,0,0,0,0,0,0,0,0,0,0,0,0,0,0,3,0,0,2,00:00,0,0,1.000,,,,,,,,,,,,,,,0,1,0,0,0,0,.000,0.00,,,,,,-1.9231913095946376,392,67
2026-27,mlax,New England Small College Athletic Conference (NESCAC),nescac,Conn. College,Grady Brandstatter,Grady,Brandstatter,,163,Grady Brandstatter,"BRANDSTATTER,GRADY",BRANDSTATTERGRADYCONN,8,0,,,Conn. College,CONN,1125-2763,0,0,0,0,0,0,0,0,0,0,0,0,0,0,0,0,0,0,0,0,0,0,0,3,0,1,2,00:00,0,0,1.000,,,,,,,,,,,,,,,0,0,0,0,0,0,.000,0.00,,,,,,-1.9231913095946376,393,66
2026-27,mlax,New England Small College Athletic Conference (NESCAC),nescac,Tufts,Max Kukla,Max,Kukla,,717,Max Kukla,"KUKLA,MAX",KUKLAMAXTUFTS,11,0,,,Tufts,TUFTS,1129-5133,0,0,0,0,0,0,0,0,0,0,0,0,0,0,0,0,0,0,0,0,0,0,0,3,0,0,2,00:00,0,0,1.000,,,,,,,,,,,,,,,1,1,0,0,0,0,1.000,0.00,,,,,,-1.9231913095946376,394,66
2026-27,mlax,New England Small College Athletic Conference (NESCAC),nescac,Tufts,Tej Gadhavi,Tej,Gadhavi,,717,Tej Gadhavi,"GADHAVI,TEJ",GADHAVITEJTUFTS,10,0,,,Tufts,TUFTS,1129-4660,0,0,0,0,0,0,0,0,0,0,0,0,0,0,0,0,0,0,0,0,0,1,0,3,0,2,2,00:00,0,1,1.000,,,,,,,,,,,,,,,0,0,0,0,0,0,.000,0.00,,,,,,-1.9231913095946376,395,66
2026-27,mlax,New England Small College Athletic Conference (NESCAC),nescac,Middlebury,Angus Frew,Angus,Frew,,420,Angus Frew,"FREW,ANGUS",FREWANGUSMIDD,14,0,,,Middlebury,MIDD,1126-6636,0,0,0,0,0,0,0,0,0,0,0,0,0,0,0,0,0,0,0,0,0,25,30,9,0,1,0,00:00,0,55,1.000,,,,,,,,,,,,,,,0,0,0,0,0,0,.000,0.00,,,,,,-1.9309690311344898,396,66
2026-27,mlax,New England Small College Athletic Conference (NESCAC),nescac,Hamilton,Asa Beach,Asa,Beach,,267,Asa Beach,"BEACH,ASA",BEACHASAHAMILTON,1,1,,,Hamilton,HAMILTON,0,0,0,0,0,0,0,0,0,0,0,0,0,0,0,0,0,0,0,0,0,0,0,0,1,0,0,1,60:00,0,0,1.000,,,,,,,,,,,,,,,2,4,0,1,0,1,.500,1.00,,,,,,-1.9374604791896692,397,66
2026-27,mlax,New England Small College Athletic Conference (NESCAC),nescac,Trinity,Dylan Feeks,Dylan,Feeks,,713,Dylan Feeks,"FEEKS,DYLAN",FEEKSDYLANTRINITY,5,0,,,Trinity,TRINITY,1127-5466,0,0,0,0,0,0,0,0,0,0,0,0,0,0,0,0,0,0,0,0,0,0,0,1,0,0,1,00:00,0,0,1.000,,,,,,,,,,,,,,,2,3,0,1,0,1,.667,0.20,,,,,,-1.9374604791896692,398,66
2026-27,mlax,New England Small College Athletic Conference (NESCAC),nescac,Amherst,Gus Singh,Gus,Singh,,24,Gus Singh,"SINGH,GUS",SINGHGUSAMHERST,5,0,,,Amherst,AMHERST,0,0,0,0,0,0,0,0,0,0,0,0,0,0,0,0,0,0,0,0,0,0,0,0,2,0,0,2,00:00,0,0,1.000,,,,,,,,,,,,,,,0,0,0,0,0,0,.000,0.00,,,,,,-1.9627065734914302,399,66
2026-27,mlax,New England Small College Athletic Conference (NESCAC),nescac,Hamilton,Jake Hornick,Jake,Hornick,,267,Jake Hornick,"HORNICK,JAKE",HORNICKJAKEHAMILTON,1,0,,,Hamilton,HAMILTON,1058-3244,0,0,0,0,0,0,0,0,0,0,0,0,0,0,0,0,0,0,0,0,0,0,0,2,0,0,2,00:00,0,0,1.000,,,,,,,,,,,,,,,1,1,0,0,0,0,1.000,0.00,,,,,,-1.9627065734914302,400,66
2026-27,mlax,New England Small College Athletic Conference (NESCAC),nescac,Bowdoin,Matthew Fierro,Matthew,Fierro,,69,Matthew Fierro,"FIERRO,MATTHEW",FIERROMATTHEWBOWDOIN,10,0,,,Bowdoin,BOWDOIN,0,0,0,0,0,0,0,0,0,0,0,0,0,0,0,0,0,0,0,0,0,0,1,3,5,0,0,1,00:00,0,4,1.000,,,,,,,,,,,,,,,0,1,0,0,0,0,.000,0.00,,,,,,-1.9665954342613563,401,66
2026-27,mlax,New England Small College Athletic Conference (NESCAC),nescac,Amherst,Patrick Leder,Patrick,Leder,,24,Patrick Leder,"LEDER,PATRICK",LEDERPATRICKAMHERST,5,2,,,Amherst,AMHERST,0,0,0,0,0,0,0,0,0,0,0,0,0,0,0,0,0,0,1,0,0,0,0,0,5,0,3,1,120:00,0,0,1.000,,,,,,,,,,,,,,,0,0,0,0,0,0,.000,0.00,,,,,,-1.9665954342613563,402,66
2026-27,mlax,New England Small College Athletic Conference (NESCAC),nescac,Colby,Graham Wiggenhauser,Graham,Wiggenhauser,,151,Graham Wiggenhauser,"WIGGENHAUSER,GRAHAM",WIGGENHAUSERGRAHAMCOLBY,8,1,,,Colby,COLBY,0,0,0,0,0,0,0,0,0,0,0,0,0,0,0,0,0,0,1,0,0,0,1,1,8,0,0,0,60:00,0,2,1.000,,,,,,,,,,,,,,,0,0,0,0,0,0,.000,0.00,,,,,,-1.9704842950312824,403,66
2026-27,mlax,New England Small College Athletic Conference (NESCAC),nescac,Colby,Kyle Skop,Kyle,Skop,,151,Kyle Skop,"SKOP,KYLE",SKOPKYLECOLBY,5,1,,,Colby,COLBY,0,0,0,0,0,0,0,0,0,0,0,0,0,0,0,0,0,0,0,1,0,0,20,16,8,0,2,0,60:00,0,36,1.000,,,,,,,,,,,,,,,0,0,0,0,0,0,.000,0.00,,,,,,-1.9704842950312824,404,66
2026-27,mlax,New England Small College Athletic Conference (NESCAC),nescac,Amherst,Sam Gerber,Sam,Gerber,,24,Sam Gerber,"GERBER,SAM",GERBERSAMAMHERST,11,0,,,Amherst,AMHERST,0,0,0,0,0,0,0,0,0,0,0,0,0,0,0,0,0,0,1,0,0,0,0,0,2,0,0,0,00:00,0,0,1.000,,,,,,,,,,,,,,,1,1,0,1,1,0,1.000,0.09,,,,,,-1.9739907484388723,405,66
2026-27,mlax,New England Small College Athletic Conference (NESCAC),nescac,Bates,Kevin Burke,Kevin,Burke,,50,Kevin Burke,"BURKE,KEVIN",BURKEKEVINBATES,4,0,,,Bates,BATES,1120-5675,0,0,0,0,0,0,1,0,0,0,0,0,0,0,0,0,0,0,0,0,0,0,0,3,0,0,0,00:00,0,0,1.000,,,,,,,,,,,,,,,4,4,0,1,0,1,1.000,0.25,,,,,,-1.9808646038563875,406,66
2026-27,mlax,New England Small College Athletic Conference (NESCAC),nescac,Hamilton,Dominic Mauretti,Dominic,Mauretti,,267,Dominic Mauretti,"MAURETTI,DOMINIC",MAURETTIDOMINICHAMILTON,7,0,,,Hamilton,HAMILTON,1058-2528,0,0,0,0,0,0,0,0,0,0,0,0,0,0,0,0,0,0,1,0,0,0,0,1,0,1,2,00:00,0,0,1.000,,,,,,,,,,,,,,,0,0,0,0,0,0,.000,0.00,,,,,,-2.002221837388223,407,65
2026-27,mlax,New England Small College Athletic Conference (NESCAC),nescac,Bowdoin,Bez Mendelsohn,Bez,Mendelsohn,,69,Bez Mendelsohn,"MENDELSOHN,BEZ",MENDELSOHNBEZBOWDOIN,10,0,,,Bowdoin,BOWDOIN,0,0,0,0,0,0,0,0,0,0,0,0,0,0,0,0,0,0,0,0,0,0,0,0,4,0,1,1,00:00,0,0,1.000,,,,,,,,,,,,,,,1,2,0,0,0,0,.500,0.00,,,,,,-2.0061106981581487,408,65
2026-27,mlax,New England Small College Athletic Conference (NESCAC),nescac,Williams,Brendan Cooleen,Brendan,Cooleen,,789,Brendan Cooleen,"COOLEEN,BRENDAN",COOLEENBRENDANWILLIAMS,7,1,,,Williams,WILLIAMS,0,0,0,0,0,0,0,0,0,0,0,0,0,0,0,0,0,0,0,1,0,0,0,0,4,0,2,1,60:00,0,0,1.000,,,,,,,,,,,,,,,0,0,0,0,0,0,.000,0.00,,,,,,-2.0061106981581487,409,65
2026-27,mlax,New England Small College Athletic Conference (NESCAC),nescac,Colby,Max Proia,Max,Proia,,151,Max Proia,"PROIA,MAX",PROIAMAXCOLBY,13,0,,,Colby,COLBY,0,0,0,0,0,0,0,0,0,0,0,0,0,0,0,0,0,0,0,0,0,0,0,0,4,0,1,1,00:00,0,0,1.000,,,,,,,,,,,,,,,2,3,0,0,0,0,.667,0.00,,,,,,-2.0061106981581487,410,65
2026-27,mlax,New England Small College Athletic Conference (NESCAC),nescac,Middlebury,Zach Bernstein,Zach,Bernstein,,420,Zach Bernstein,"BERNSTEIN,ZACH",BERNSTEINZACHMIDD,7,0,,,Middlebury,MIDD,1126-6642,0,0,0,0,0,0,0,0,0,0,0,0,0,0,0,0,0,0,0,0,0,0,0,4,0,2,1,00:00,0,0,1.000,,,,,,,,,,,,,,,1,1,0,0,0,0,1.000,0.00,,,,,,-2.0061106981581487,411,65
2026-27,mlax,New England Small College Athletic Conference (NESCAC),nescac,Williams,Aj Zuleta,Aj,Zuleta,,789,Aj Zuleta,"ZULETA,AJ",ZULETAAJWILLIAMS,3,0,,,Williams,WILLIAMS,0,0,0,0,0,0,0,0,0,0,0,0,0,0,0,0,0,0,0,0,0,0,0,0,1,0,1,0,00:00,0,0,1.000,,,,,,,,,,,,,,,1,1,0,1,1,0,1.000,0.33,,,,,,-2.013506012335665,412,65
2026-27,mlax,New England Small College Athletic Conference (NESCAC),nescac,Bates,Colin Eaton,Colin,Eaton,,50,Colin Eaton,"EATON,COLIN",EATONCOLINBATES,5,1,,,Bates,BATES,1120-5293,0,0,0,0,0,0,0,0,0,0,0,0,0,0,0,0,0,0,0,0,0,0,0,1,0,1,0,60:00,0,0,1.000,,,,,,,,,,,,,,,1,4,0,1,1,0,.250,0.20,,,,,,-2.013506012335665,413,65
2026-27,mlax,New England Small College Athletic Conference (NESCAC),nescac,Tufts,Drew Haugen,Drew,Haugen,,717,Drew Haugen,"HAUGEN,DREW",HAUGENDREWTUFTS,8,0,,,Tufts,TUFTS,1129-4659,0,0,0,0,0,0,0,0,0,0,0,0,0,0,0,0,0,0,0,0,0,0,0,1,0,2,0,00:00,0,0,1.000,,,,,,,,,,,,,,,2,3,0,1,1,0,.667,0.13,,,,,,-2.013506012335665,414,65
2026-27,mlax,New England Small College Athletic Conference (NESCAC),nescac,Amherst,Ethan Tanner,Ethan,Tanner,,24,Ethan Tanner,"TANNER,ETHAN",TANNERETHANAMHERST,5,0,,,Amherst,AMHERST,0,0,0,0,0,0,0,0,0,0,0,0,0,0,0,0,0,0,1,0,0,0,0,0,1,0,0,0,00:00,0,0,1.000,,,,,,,,,,,,,,,0,1,0,1,1,0,.000,0.20,,,,,,-2.013506012335665,415,65
2026-27,mlax,New England Small College Athletic Conference (NESCAC),nescac,Bowdoin,Alec Davis,Alec,Davis,,69,Alec Davis,"DAVIS,ALEC",DAVISALECBOWDOIN,4,0,,,Bowdoin,BOWDOIN,0,0,0,0,0,0,0,1,0,0,0,0,0,0,0,0,0,0,0,0,0,0,0,0,2,0,0,0,00:00,0,0,1.000,,,,,,,,,,,,,,,3,3,0,1,0,1,1.000,0.25,,,,,,-2.02037986775318,416,65
2026-27,mlax,New England Small College Athletic Conference (NESCAC),nescac,Amherst,Braden Poon,Braden,Poon,,24,Braden Poon,"POON,BRADEN",POONBRADENAMHERST,6,0,,,Amherst,AMHERST,0,0,0,0,0,0,0,0,0,0,0,0,0,0,0,0,0,0,0,0,0,0,2,6,2,0,0,0,00:00,0,8,1.000,,,,,,,,,,,,,,,1,2,0,1,0,1,.500,0.17,,,,,,-2.02037986775318,417,65
2026-27,mlax,New England Small College Athletic Conference (NESCAC),nescac,Middlebury,Bradford Tudor,Bradford,Tudor,,420,Bradford Tudor,"TUDOR,BRADFORD",TUDORBRADFORDMIDD,7,0,,,Middlebury,MIDD,1126-6139,0,0,0,0,0,0,1,0,0,0,0,0,0,0,0,0,0,0,0,0,0,0,0,2,0,1,0,00:00,0,0,1.000,,,,,,,,,,,,,,,4,6,0,1,0,1,.667,0.14,,,,,,-2.02037986775318,418,65
2026-27,mlax,New England Small College Athletic Conference (NESCAC),nescac,Bates,Morgan Ruppenstein,Morgan,Ruppenstein,,50,Morgan Ruppenstein,"RUPPENSTEIN,MORGAN",RUPPENSTEINMORGANBATES,6,0,,,Bates,BATES,1120-5918,0,0,0,0,0,0,1,0,0,0,0,0,0,0,0,0,0,0,0,0,0,0,0,2,0,1,0,00:00,0,0,1.000,,,,,,,,,,,,,,,1,1,0,1,0,1,1.000,0.17,,,,,,-2.02037986775318,419,65
2026-27,mlax,New England Small College Athletic Conference (NESCAC),nescac,Wesleyan,Sam Wien,Sam,Wien,,764,Sam Wien,"WIEN,SAM",WIENSAMWESLEYAN,7,0,,,Wesleyan,WESLEYAN,0,0,0,0,0,0,0,0,0,0,0,0,0,0,0,0,0,0,0,0,0,0,0,0,0,0,2,2,00:00,0,0,1.000,,,,,,,,,,,,,,,2,3,0,0,0,0,.667,0.00,,,,,,-2.0417371012850154,420,64
2026-27,mlax,New England Small College Athletic Conference (NESCAC),nescac,Tufts,Sean Collins,Sean,Collins,,717,Sean Collins,"COLLINS,SEAN",COLLINSSEANTUFTS,9,0,,,Tufts,TUFTS,1129-5147,0,0,0,0,0,0,0,0,0,0,0,0,0,0,0,0,0,0,1,0,0,0,0,0,0,2,2,00:00,0,0,1.000,,,,,,,,,,,,,,,0,0,0,0,0,0,.000,0.00,,,,,,-2.0417371012850154,421,64
2026-27,mlax,New England Small College Athletic Conference (NESCAC),nescac,Hamilton,Ben Anderson,Ben,Anderson,,267,Ben Anderson,"ANDERSON,BEN",ANDERSONBENHAMILTON,1,0,,,Hamilton,HAMILTON,0,0,0,0,0,0,0,0,0,0,0,0,0,0,0,0,0,0,0,0,0,0,0,0,3,0,1,1,00:00,0,0,1.000,,,,,,,,,,,,,,,0,0,0,0,0,0,.000,0.00,,,,,,-2.0456259620549413,422,64
2026-27,mlax,New England Small College Athletic Conference (NESCAC),nescac,Tufts,David Levine,David,Levine,,717,David Levine,"LEVINE,DAVID",LEVINEDAVIDTUFTS,8,0,,,Tufts,TUFTS,1129-4903,0,0,0,0,0,0,0,0,0,0,0,0,0,0,0,0,0,0,0,0,0,0,0,3,0,0,1,00:00,0,0,1.000,,,,,,,,,,,,,,,0,0,0,0,0,0,.000,0.00,,,,,,-2.0456259620549413,423,64
2026-27,mlax,New England Small College Athletic Conference (NESCAC),nescac,Hamilton,Jack Calichman,Jack,Calichman,,267,Jack Calichman,"CALICHMAN,JACK",CALICHMANJACKHAMILTON,7,0,,,Hamilton,HAMILTON,1058-2987,0,0,0,0,0,0,0,0,0,0,0,0,0,0,0,0,0,0,0,0,0,0,0,3,0,1,1,00:00,0,0,1.000,,,,,,,,,,,,,,,0,0,0,0,0,0,.000,0.00,,,,,,-2.0456259620549413,424,64
2026-27,mlax,New England Small College Athletic Conference (NESCAC),nescac,Wesleyan,Michael Garrity,Michael,Garrity,,764,Michael Garrity,"GARRITY,MICHAEL",GARRITYMICHAELWESLEYAN,6,0,,,Wesleyan,WESLEYAN,0,0,0,0,0,0,0,0,0,0,0,0,0,0,0,0,0,0,0,0,0,0,0,0,3,0,0,1,00:00,0,0,1.000,,,,,,,,,,,,,,,2,2,0,0,0,0,1.000,0.00,,,,,,-2.0456259620549413,425,64
2026-27,mlax,New England Small College Athletic Conference (NESCAC),nescac,Williams,Bobby McCarthy,Bobby,McCarthy,,789,Bobby McCarthy,"MCCARTHY,BOBBY",MCCARTHYBOBBYWILLIAMS,5,0,,,Williams,WILLIAMS,0,0,0,0,0,0,0,0,0,0,0,0,0,0,0,0,0,0,0,0,0,0,13,20,6,0,1,0,00:00,0,33,1.000,,,,,,,,,,,,,,,0,1,0,0,0,0,.000,0.00,,,,,,-2.0495148228248676,426,64
2026-27,mlax,New England Small College Athletic Conference (NESCAC),nescac,Bates,Graham Ray,Graham,Ray,,50,Graham Ray,"RAY,GRAHAM",RAYGRAHAMBATES,9,0,,,Bates,BATES,1120-5683,0,0,0,0,0,0,0,0,0,0,0,0,0,0,0,0,0,0,0,0,0,15,20,6,0,2,0,00:00,0,35,1.000,,,,,,,,,,,,,,,0,0,0,0,0,0,.000,0.00,,,,,,-2.0495148228248676,427,64
2026-27,mlax,New England Small College Athletic Conference (NESCAC),nescac,Hamilton,Ben Greco,Ben,Greco,,267,Ben Greco,"GRECO,BEN",GRECOBENHAMILTON,3,0,,,Hamilton,HAMILTON,1058-2778,0,0,0,0,0,0,0,0,0,0,0,0,0,0,0,0,0,0,0,0,0,0,0,0,0,0,0,15:00,0,0,1.000,2,45:00,5,6,0,2,0,0,0,0,0,19,6.67,.545,0,0,0,0,0,0,.000,0.00,,,,,,-2.052626509536689,428,64
2026-27,mlax,New England Small College Athletic Conference (NESCAC),nescac,Hamilton,Ben Ryan,Ben,Ryan,,267,Ben Ryan,"RYAN,BEN",RYANBENHAMILTON,3,0,,,Hamilton,HAMILTON,1058-2521,0,0,0,0,0,0,0,0,0,0,0,0,0,0,0,0,0,1,0,0,0,0,0,0,0,0,0,00:00,0,0,1.000,,,,,,,,,,,,,,,2,3,0,1,1,0,.667,0.33,,,,,,-2.0530212762324576,429,64
2026-27,mlax,New England Small College Athletic Conference (NESCAC),nescac,Hamilton,David Herlihy,David,Herlihy,,267,David Herlihy,"HERLIHY,DAVID",HERLIHYDAVIDHAMILTON,1,0,,,Hamilton,HAMILTON,0,0,0,0,0,0,0,0,0,0,0,0,0,0,0,0,0,0,0,1,0,0,0,0,0,0,1,0,00:00,0,0,1.000,,,,,,,,,,,,,,,0,1,0,1,1,0,.000,1.00,,,,,,-2.0530212762324576,430,64
2026-27,mlax,New England Small College Athletic Conference (NESCAC),nescac,Tufts,Mason Moore,Mason,Moore,,717,Mason Moore,"MOORE,MASON",MOOREMASONTUFTS,4,0,,,Tufts,TUFTS,1129-5146,0,0,0,0,0,0,0,0,0,0,0,0,0,0,0,0,0,2,0,0,0,0,0,0,0,1,0,00:00,0,0,1.000,,,,,,,,,,,,,,,0,0,0,1,1,0,.000,0.25,,,,,,-2.0530212762324576,431,64
2026-27,mlax,New England Small College Athletic Conference (NESCAC),nescac,Amherst,Ayden Santi-Tillotson,Ayden,Santi-Tillotson,,24,Ayden Santi-Tillotson,"SANTI-TILLOTSON,AYDEN",SANTI-TILLOTSONAYDENAMHERST,3,0,,,Amherst,AMHERST,0,0,0,0,0,0,0,0,0,0,0,0,0,0,0,0,0,0,0,0,0,0,0,0,1,0,0,0,00:00,0,0,1.000,,,,,,,,,,,,,,,1,1,0,1,0,1,1.000,0.33,,,,,,-2.059895131649973,432,64
2026-27,mlax,New England Small College Athletic Conference (NESCAC),nescac,Hamilton,Dan Anderson,Dan,Anderson,,267,Dan Anderson,"ANDERSON,DAN",ANDERSONDANHAMILTON,1,0,,,Hamilton,HAMILTON,0,0,0,0,0,0,0,1,0,0,0,0,0,0,0,0,0,0,0,0,0,0,0,0,1,0,1,0,00:00,0,0,1.000,,,,,,,,,,,,,,,2,3,0,1,0,1,.667,1.00,,,,,,-2.059895131649973,433,64
2026-27,mlax,New England Small College Athletic Conference (NESCAC),nescac,Bates,Jack Wright,Jack,Wright,,50,Jack Wright,"WRIGHT,JACK",WRIGHTJACKBATES,4,0,,,Bates,BATES,1120-5688,0,0,0,0,0,0,0,0,0,0,0,0,0,0,0,0,0,0,0,0,0,0,0,1,0,2,0,00:00,0,0,1.000,,,,,,,,,,,,,,,2,3,0,1,0,1,.667,0.25,,,,,,-2.059895131649973,434,63
2026-27,mlax,New England Small College Athletic Conference (NESCAC),nescac,Bates,Max Kosicki,Max,Kosicki,,50,Max Kosicki,"KOSICKI,MAX",KOSICKIMAXBATES,3,0,,,Bates,BATES,1120-5915,0,0,0,0,0,0,1,0,0,0,0,0,0,0,0,0,0,0,0,0,0,0,0,1,0,1,0,00:00,0,0,1.000,,,,,,,,,,,,,,,1,1,0,1,0,1,1.000,0.33,,,,,,-2.059895131649973,435,63
2026-27,mlax,New England Small College Athletic Conference (NESCAC),nescac,Conn. College,Quinn Walenta,Quinn,Walenta,,163,Quinn Walenta,"WALENTA,QUINN",WALENTAQUINNCONN,7,0,,,Conn. College,CONN,1125-3128,0,0,0,0,0,0,0,0,1,0,0,0,0,0,0,0,0,0,0,0,0,0,0,1,0,0,0,00:00,0,0,1.000,,,,,,,,,,,,,,,1,2,0,1,0,1,.500,0.14,,,,,,-2.059895131649973,436,63
2026-27,mlax,New England Small College Athletic Conference (NESCAC),nescac,Williams,Tony Provenza,Tony,Provenza,,789,Tony Provenza,"PROVENZA,TONY",PROVENZATONYWILLIAMS,4,0,,,Williams,WILLIAMS,0,0,0,0,0,0,0,1,0,0,0,0,0,0,0,0,0,0,0,0,0,0,0,0,1,0,1,0,00:00,0,0,1.000,,,,,,,,,,,,,,,2,2,0,1,0,1,1.000,0.25,,,,,,-2.059895131649973,437,63
2026-27,mlax,New England Small College Athletic Conference (NESCAC),nescac,Bates,Aidan Cunningham,Aidan,Cunningham,,50,Aidan Cunningham,"CUNNINGHAM,AIDAN",CUNNINGHAMAIDANBATES,11,1,,,Bates,BATES,1120-5305,0,0,0,0,0,0,0,0,0,0,0,0,0,0,0,0,0,1,0,0,0,0,0,2,0,2,1,60:00,0,0,1.000,,,,,,,,,,,,,,,0,0,0,0,0,0,.000,0.00,,,,,,-2.085141225951734,438,63
2026-27,mlax,New England Small College Athletic Conference (NESCAC),nescac,Amherst,Devon Christian,Devon,Christian,,24,Devon Christian,"CHRISTIAN,DEVON",CHRISTIANDEVONAMHERST,4,0,,,Amherst,AMHERST,0,0,0,0,0,0,0,0,0,0,0,0,0,0,0,0,0,0,0,0,0,0,0,0,2,0,3,1,00:00,0,0,1.000,,,,,,,,,,,,,,,1,1,0,0,0,0,1.000,0.00,,,,,,-2.085141225951734,439,63
2026-27,mlax,New England Small College Athletic Conference (NESCAC),nescac,Bowdoin,Joe Berrien,Joe,Berrien,,69,Joe Berrien,"BERRIEN,JOE",BERRIENJOEBOWDOIN,6,0,,,Bowdoin,BOWDOIN,0,0,0,0,0,0,0,0,0,0,0,0,0,0,0,0,0,0,0,0,0,0,0,0,2,0,0,1,00:00,0,0,1.000,,,,,,,,,,,,,,,0,0,0,0,0,0,.000,0.00,,,,,,-2.085141225951734,440,63
2026-27,mlax,New England Small College Athletic Conference (NESCAC),nescac,Wesleyan,Lucas Rosato,Lucas,Rosato,,764,Lucas Rosato,"ROSATO,LUCAS",ROSATOLUCASWESLEYAN,6,0,,,Wesleyan,WESLEYAN,0,0,0,0,0,0,0,0,0,0,0,0,0,0,0,0,0,0,0,0,0,0,0,0,2,0,1,1,00:00,0,0,1.000,,,,,,,,,,,,,,,4,7,0,0,0,0,.571,0.00,,,,,,-2.085141225951734,441,63
2026-27,mlax,New England Small College Athletic Conference (NESCAC),nescac,Bates,Roan Hopkins,Roan,Hopkins,,50,Roan Hopkins,"HOPKINS,ROAN",HOPKINSROANBATES,3,0,,,Bates,BATES,1120-5763,0,0,0,0,0,0,0,0,0,0,0,0,0,0,0,0,0,0,0,0,0,0,0,2,0,0,1,00:00,0,0,1.000,,,,,,,,,,,,,,,0,1,0,0,0,0,.000,0.00,,,,,,-2.085141225951734,442,63
2026-27,mlax,New England Small College Athletic Conference (NESCAC),nescac,Wesleyan,Scott Cunningham,Scott,Cunningham,,764,Scott Cunningham,"CUNNINGHAM,SCOTT",CUNNINGHAMSCOTTWESLEYAN,1,0,,,Wesleyan,WESLEYAN,0,0,0,0,0,0,0,0,0,0,0,0,0,0,0,0,0,0,0,0,0,0,0,0,2,0,0,1,00:00,0,0,1.000,,,,,,,,,,,,,,,0,0,0,0,0,0,.000,0.00,,,,,,-2.085141225951734,443,63
2026-27,mlax,New England Small College Athletic Conference (NESCAC),nescac,Hamilton,Wylie Ocken,Wylie,Ocken,,267,Wylie Ocken,"OCKEN,WYLIE",OCKENWYLIEHAMILTON,3,0,,,Hamilton,HAMILTON,1058-2777,0,0,0,0,0,0,0,0,0,0,0,0,0,0,0,0,0,0,0,0,0,0,0,2,0,1,1,00:00,0,0,1.000,,,,,,,,,,,,,,,0,0,0,0,0,0,.000,0.00,,,,,,-2.085141225951734,444,63
2026-27,mlax,New England Small College Athletic Conference (NESCAC),nescac,Trinity,Anthony Miceli,Anthony,Miceli,,713,Anthony Miceli,"MICELI,ANTHONY",MICELIANTHONYTRINITY,1,0,,,Trinity,TRINITY,1127-5768,0,0,0,0,0,0,1,0,0,0,0,0,0,0,0,0,0,0,0,0,0,0,0,0,0,1,0,00:00,0,0,1.000,,,,,,,,,,,,,,,1,1,0,1,0,1,1.000,1.00,,,,,,-2.099410395546766,445,63
2026-27,mlax,New England Small College Athletic Conference (NESCAC),nescac,Hamilton,Charlie Cunningham,Charlie,Cunningham,,267,Charlie Cunningham,"CUNNINGHAM,CHARLIE",CUNNINGHAMCHARLIEHAMILTON,1,0,,,Hamilton,HAMILTON,0,0,0,0,0,0,0,1,0,0,0,0,0,0,0,0,0,0,0,0,0,0,0,0,0,0,0,0,00:00,0,0,1.000,,,,,,,,,,,,,,,1,1,0,1,0,1,1.000,1.00,,,,,,-2.099410395546766,446,63
2026-27,mlax,New England Small College Athletic Conference (NESCAC),nescac,Williams,Kai Switlick,Kai,Switlick,,789,Kai Switlick,"SWITLICK,KAI",SWITLICKKAIWILLIAMS,5,0,,,Williams,WILLIAMS,0,0,0,0,0,0,0,0,0,0,0,0,0,0,0,0,0,0,0,0,0,0,0,0,0,0,1,0,00:00,0,0,1.000,,,,,,,,,,,,,,,1,3,0,1,0,1,.333,0.20,,,,,,-2.099410395546766,447,62
2026-27,mlax,New England Small College Athletic Conference (NESCAC),nescac,Wesleyan,Lachlan Simmers,Lachlan,Simmers,,764,Lachlan Simmers,"SIMMERS,LACHLAN",SIMMERSLACHLANWESLEYAN,8,0,,,Wesleyan,WESLEYAN,0,0,0,0,0,0,0,0,0,0,0,0,0,0,0,0,0,0,0,0,0,0,0,0,0,0,0,0,00:00,0,0,1.000,,,,,,,,,,,,,,,3,6,0,1,0,1,.500,0.13,,,,,,-2.099410395546766,448,62
2026-27,mlax,New England Small College Athletic Conference (NESCAC),nescac,Amherst,Oscar Smink,Oscar,Smink,,24,Oscar Smink,"SMINK,OSCAR",SMINKOSCARAMHERST,5,0,,,Amherst,AMHERST,0,0,0,0,0,0,0,0,0,0,0,0,0,0,0,0,0,0,0,0,0,0,0,0,0,0,1,0,00:00,0,0,1.000,,,,,,,,,,,,,,,1,4,0,1,0,1,.250,0.20,,,,,,-2.099410395546766,449,62
2026-27,mlax,New England Small College Athletic Conference (NESCAC),nescac,Trinity,Will Tryder,Will,Tryder,,713,Will Tryder,"TRYDER,WILL",TRYDERWILLTRINITY,1,0,,,Trinity,TRINITY,1127-5192,0,0,0,0,0,0,0,0,0,0,0,0,0,0,0,0,0,0,0,0,0,0,0,0,0,0,0,00:00,0,0,1.000,,,,,,,,,,,,,,,1,1,0,1,0,1,1.000,1.00,,,,,,-2.099410395546766,450,62
2026-27,mlax,New England Small College Athletic Conference (NESCAC),nescac,Trinity,Jeb Slimbaugh,Jeb,Slimbaugh,,713,Jeb Slimbaugh,"SLIMBAUGH,JEB",SLIMBAUGHJEBTRINITY,3,0,,,Trinity,TRINITY,1127-4924,0,0,0,0,0,0,0,0,0,0,0,0,0,0,0,0,0,0,0,0,0,0,0,0,0,0,0,00:00,0,0,1.000,3,22:48,2,2,0,0,0,0,0,0,0,8,5.26,.500,0,0,0,0,0,0,.000,0.00,,,,,,-2.120879278313754,451,62
2026-27,mlax,New England Small College Athletic Conference (NESCAC),nescac,Wesleyan,Alec Easterby,Alec,Easterby,,764,Alec Easterby,"EASTERBY,ALEC",EASTERBYALECWESLEYAN,7,0,,,Wesleyan,WESLEYAN,0,0,0,0,0,0,0,0,0,0,0,0,0,0,0,0,0,0,0,0,0,0,0,0,1,0,1,1,00:00,0,0,1.000,,,,,,,,,,,,,,,0,0,0,0,0,0,.000,0.00,,,,,,-2.1246564898485265,452,62
2026-27,mlax,New England Small College Athletic Conference (NESCAC),nescac,Amherst,Ben Steingass,Ben,Steingass,,24,Ben Steingass,"STEINGASS,BEN",STEINGASSBENAMHERST,7,0,,,Amherst,AMHERST,0,0,0,0,0,0,0,0,0,0,0,0,0,0,0,0,0,0,0,0,0,0,0,0,1,0,1,1,00:00,0,0,1.000,,,,,,,,,,,,,,,0,0,0,0,0,0,.000,0.00,,,,,,-2.1246564898485265,453,62
2026-27,mlax,New England Small College Athletic Conference (NESCAC),nescac,Tufts,Brandon Rosenthal,Brandon,Rosenthal,,717,Brandon Rosenthal,"ROSENTHAL,BRANDON",ROSENTHALBRANDONTUFTS,10,0,,,Tufts,TUFTS,1129-4714,0,0,0,0,0,0,0,0,0,0,0,0,0,0,0,0,0,1,0,0,0,0,0,1,0,0,1,00:00,0,0,1.000,,,,,,,,,,,,,,,0,1,0,0,0,0,.000,0.00,,,,,,-2.1246564898485265,454,62
2026-27,mlax,New England Small College Athletic Conference (NESCAC),nescac,Tufts,Declan Murphy,Declan,Murphy,,717,Declan Murphy,"MURPHY,DECLAN",MURPHYDECLANTUFTS,4,0,,,Tufts,TUFTS,1129-4402,0,0,0,0,0,0,0,0,0,0,0,0,0,0,0,0,0,1,0,0,0,0,0,1,0,1,1,00:00,0,0,1.000,,,,,,,,,,,,,,,2,4,0,0,0,0,.500,0.00,,,,,,-2.1246564898485265,455,62
2026-27,mlax,New England Small College Athletic Conference (NESCAC),nescac,Colby,Matt Murer,Matt,Murer,,151,Matt Murer,"MURER,MATT",MURERMATTCOLBY,5,0,,,Colby,COLBY,0,0,0,0,0,0,0,0,0,0,0,0,0,0,0,0,0,0,0,0,0,0,0,0,1,0,0,1,00:00,0,0,1.000,,,,,,,,,,,,,,,0,0,0,0,0,0,.000,0.00,,,,,,-2.1246564898485265,456,62
2026-27,mlax,New England Small College Athletic Conference (NESCAC),nescac,Williams,Matthew Hofmann,Matthew,Hofmann,,789,Matthew Hofmann,"HOFMANN,MATTHEW",HOFMANNMATTHEWWILLIAMS,7,1,,,Williams,WILLIAMS,0,0,0,0,0,0,0,0,0,0,0,0,0,0,0,0,0,0,0,0,0,0,0,0,1,0,1,1,60:00,0,0,1.000,,,,,,,,,,,,,,,0,0,0,0,0,0,.000,0.00,,,,,,-2.1246564898485265,457,62
2026-27,mlax,New England Small College Athletic Conference (NESCAC),nescac,Wesleyan,Owen Williamson,Owen,Williamson,,764,Owen Williamson,"WILLIAMSON,OWEN",WILLIAMSONOWENWESLEYAN,4,0,,,Wesleyan,WESLEYAN,0,0,0,0,0,0,0,0,0,0,0,0,0,0,0,0,0,0,0,0,0,0,0,0,1,0,0,1,00:00,0,0,1.000,,,,,,,,,,,,,,,0,0,0,0,0,0,.000,0.00,,,,,,-2.1246564898485265,458,62
2026-27,mlax,New England Small College Athletic Conference (NESCAC),nescac,Hamilton,Quin Fedor,Quin,Fedor,,267,Quin Fedor,"FEDOR,QUIN",FEDORQUINHAMILTON,1,1,,,Hamilton,HAMILTON,0,0,0,0,0,0,0,0,0,0,0,0,0,0,0,0,0,0,0,1,0,0,0,0,1,0,0,1,60:00,0,0,1.000,,,,,,,,,,,,,,,1,1,0,0,0,0,1.000,0.00,,,,,,-2.1246564898485265,459,62
2026-27,mlax,New England Small College Athletic Conference (NESCAC),nescac,Hamilton,Rhett Palmer,Rhett,Palmer,,267,Rhett Palmer,"PALMER,RHETT",PALMERRHETTHAMILTON,1,0,,,Hamilton,HAMILTON,0,0,0,0,0,0,0,0,0,0,0,0,0,0,0,0,0,0,0,0,0,0,0,0,1,0,0,1,00:00,0,0,1.000,,,,,,,,,,,,,,,0,0,0,0,0,0,.000,0.00,,,,,,-2.1246564898485265,460,61
2026-27,mlax,New England Small College Athletic Conference (NESCAC),nescac,Hamilton,Sam Wade,Sam,Wade,,267,Sam Wade,"WADE,SAM",WADESAMHAMILTON,1,0,,,Hamilton,HAMILTON,0,0,0,0,0,0,0,0,0,0,0,0,0,0,0,0,0,0,0,0,0,0,0,0,1,0,0,1,00:00,0,0,1.000,,,,,,,,,,,,,,,0,0,0,0,0,0,.000,0.00,,,,,,-2.1246564898485265,461,61
2026-27,mlax,New England Small College Athletic Conference (NESCAC),nescac,Colby,Sean McGrath,Sean,McGrath,,151,Sean McGrath,"MCGRATH,SEAN",MCGRATHSEANCOLBY,4,0,,,Colby,COLBY,0,0,0,0,0,0,0,0,0,0,0,0,0,0,0,0,0,0,0,0,0,0,0,0,1,0,2,1,00:00,0,0,1.000,,,,,,,,,,,,,,,1,1,0,0,0,0,1.000,0.00,,,,,,-2.1246564898485265,462,61
2026-27,mlax,New England Small College Athletic Conference (NESCAC),nescac,Williams,Teddy Stonestreet,Teddy,Stonestreet,,789,Teddy Stonestreet,"STONESTREET,TEDDY",STONESTREETTEDDYWILLIAMS,2,0,,,Williams,WILLIAMS,0,0,0,0,0,0,0,0,0,0,0,0,0,0,0,0,0,0,0,0,0,0,0,0,1,0,0,1,00:00,0,0,1.000,,,,,,,,,,,,,,,0,0,0,0,0,0,.000,0.00,,,,,,-2.1246564898485265,463,61
2026-27,mlax,New England Small College Athletic Conference (NESCAC),nescac,Hamilton,Doug Cohen,Doug,Cohen,,267,Doug Cohen,"COHEN,DOUG",COHENDOUGHAMILTON,6,0,,,Hamilton,HAMILTON,1058-3245,0,0,0,0,0,0,0,0,0,0,0,0,0,0,0,0,0,0,0,0,0,8,6,4,0,0,0,00:00,0,14,1.000,,,,,,,,,,,,,,,1,1,0,0,0,0,1.000,0.00,,,,,,-2.128545350618453,464,61
2026-27,mlax,New England Small College Athletic Conference (NESCAC),nescac,Hamilton,Jackson Raleigh,Jackson,Raleigh,,267,Jackson Raleigh,"RALEIGH,JACKSON",RALEIGHJACKSONHAMILTON,10,0,,,Hamilton,HAMILTON,1058-2992,0,0,0,0,0,0,0,0,0,0,0,0,0,0,0,0,0,0,0,0,0,0,0,4,0,1,0,00:00,0,0,1.000,,,,,,,,,,,,,,,0,0,0,0,0,0,.000,0.00,,,,,,-2.128545350618453,465,61
2026-27,mlax,New England Small College Athletic Conference (NESCAC),nescac,Wesleyan,Nico Ianuly,Nico,Ianuly,,764,Nico Ianuly,"IANULY,NICO",IANULYNICOWESLEYAN,2,0,,,Wesleyan,WESLEYAN,0,0,0,0,0,0,0,0,0,0,0,0,0,0,0,0,0,0,0,1,0,0,4,4,4,0,1,0,00:00,0,8,1.000,,,,,,,,,,,,,,,0,1,0,0,0,0,.000,0.00,,,,,,-2.128545350618453,466,61
2026-27,mlax,New England Small College Athletic Conference (NESCAC),nescac,Hamilton,Wyatt Ryckert,Wyatt,Ryckert,,267,Wyatt Ryckert,"RYCKERT,WYATT",RYCKERTWYATTHAMILTON,1,0,,,Hamilton,HAMILTON,0,0,0,0,0,0,0,0,0,0,0,0,0,0,0,0,0,0,0,0,0,0,9,5,4,0,0,0,00:00,0,14,1.000,,,,,,,,,,,,,,,1,1,0,0,0,0,1.000,0.00,,,,,,-2.128545350618453,467,61
2026-27,mlax,New England Small College Athletic Conference (NESCAC),nescac,Tufts,Beau Ryan,Beau,Ryan,,717,Beau Ryan,"RYAN,BEAU",RYANBEAUTUFTS,9,0,,,Tufts,TUFTS,1129-4899,0,0,0,0,0,0,0,0,0,0,0,0,0,0,0,0,0,0,0,0,0,0,0,0,0,2,1,00:00,0,0,1.000,,,,,,,,,,,,,,,1,3,0,0,0,0,.333,0.00,,,,,,-2.164171753745319,468,61
2026-27,mlax,New England Small College Athletic Conference (NESCAC),nescac,Wesleyan,Brendan McCaffrey,Brendan,McCaffrey,,764,Brendan McCaffrey,"MCCAFFREY,BRENDAN",MCCAFFREYBRENDANWESLEYAN,2,0,,,Wesleyan,WESLEYAN,0,0,0,0,0,0,0,0,0,0,0,0,0,0,0,0,0,0,0,0,0,0,0,0,0,0,0,1,00:00,0,0,1.000,,,,,,,,,,,,,,,0,0,0,0,0,0,.000,0.00,,,,,,-2.164171753745319,469,61
2026-27,mlax,New England Small College Athletic Conference (NESCAC),nescac,Trinity,Dawson Brown,Dawson,Brown,,713,Dawson Brown,"BROWN,DAWSON",BROWNDAWSONTRINITY,3,0,,,Trinity,TRINITY,1127-5197,0,0,0,0,0,0,0,0,0,0,0,0,0,0,0,0,0,0,0,0,0,0,0,0,0,1,1,00:00,0,0,1.000,,,,,,,,,,,,,,,1,1,0,0,0,0,1.000,0.00,,,,,,-2.164171753745319,470,61
2026-27,mlax,New England Small College Athletic Conference (NESCAC),nescac,Wesleyan,Elliot Goldman,Elliot,Goldman,,764,Elliot Goldman,"GOLDMAN,ELLIOT",GOLDMANELLIOTWESLEYAN,1,0,,,Wesleyan,WESLEYAN,0,0,0,0,0,0,0,0,0,0,0,0,0,0,0,0,0,0,0,0,0,0,0,0,0,0,0,1,00:00,0,0,1.000,,,,,,,,,,,,,,,0,0,0,0,0,0,.000,0.00,,,,,,-2.164171753745319,471,61
2026-27,mlax,New England Small College Athletic Conference (NESCAC),nescac,Conn. College,Kiran Singh-Andrews,Kiran,Singh-Andrews,,163,Kiran Singh-Andrews,"SINGH-ANDREWS,KIRAN",SINGH-ANDREWSKIRANCONN,3,0,,,Conn. College,CONN,1125-2961,0,0,0,0,0,0,0,0,0,0,0,0,0,0,0,0,0,0,0,0,0,0,6,0,0,0,1,00:00,0,6,1.000,,,,,,,,,,,,,,,0,0,0,0,0,0,.000,0.00,,,,,,-2.164171753745319,472,61
2026-27,mlax,New England Small College Athletic Conference (NESCAC),nescac,Bowdoin,Lucas Abrams,Lucas,Abrams,,69,Lucas Abrams,"ABRAMS,LUCAS",ABRAMSLUCASBOWDOIN,2,0,,,Bowdoin,BOWDOIN,0,0,0,0,0,0,0,0,0,0,0,0,0,0,0,0,0,0,0,0,0,0,0,0,0,0,0,1,00:00,0,0,1.000,,,,,,,,,,,,,,,0,0,0,0,0,0,.000,0.00,,,,,,-2.164171753745319,473,60
2026-27,mlax,New England Small College Athletic Conference (NESCAC),nescac,Trinity,Ollie Lamadieu,Ollie,Lamadieu,,713,Ollie Lamadieu,"LAMADIEU,OLLIE",LAMADIEUOLLIETRINITY,1,0,,,Trinity,TRINITY,1127-5188,0,0,0,0,0,0,0,0,0,0,0,0,0,0,0,0,0,0,0,0,0,0,0,0,0,0,1,00:00,0,0,1.000,,,,,,,,,,,,,,,0,0,0,0,0,0,.000,0.00,,,,,,-2.164171753745319,474,60
2026-27,mlax,New England Small College Athletic Conference (NESCAC),nescac,Wesleyan,Palmer Zarzycki,Palmer,Zarzycki,,764,Palmer Zarzycki,"ZARZYCKI,PALMER",ZARZYCKIPALMERWESLEYAN,2,0,,,Wesleyan,WESLEYAN,0,0,0,0,0,0,0,0,0,0,0,0,0,0,0,0,0,0,0,0,0,0,0,0,0,0,0,1,00:00,0,0,1.000,,,,,,,,,,,,,,,0,1,0,0,0,0,.000,0.00,,,,,,-2.164171753745319,475,60
2026-27,mlax,New England Small College Athletic Conference (NESCAC),nescac,Williams,Seamus Regan,Seamus,Regan,,789,Seamus Regan,"REGAN,SEAMUS",REGANSEAMUSWILLIAMS,1,0,,,Williams,WILLIAMS,0,0,0,0,0,0,0,0,0,0,0,0,0,0,0,0,0,0,0,0,0,0,0,0,0,0,0,1,00:00,0,0,1.000,,,,,,,,,,,,,,,0,0,0,0,0,0,.000,0.00,,,,,,-2.164171753745319,476,60
2026-27,mlax,New England Small College Athletic Conference (NESCAC),nescac,Tufts,Bryce Hall-Knight,Bryce,Hall-Knight,,717,Bryce Hall-Knight,"HALL-KNIGHT,BRYCE",HALL-KNIGHTBRYCETUFTS,9,0,,,Tufts,TUFTS,1129-4666,0,0,0,0,0,0,0,0,0,0,0,0,0,0,0,0,0,0,0,0,0,0,0,3,0,0,0,00:00,0,0,1.000,,,,,,,,,,,,,,,0,0,0,0,0,0,.000,0.00,,,,,,-2.1680606145152455,477,60
2026-27,mlax,New England Small College Athletic Conference (NESCAC),nescac,Bates,Chris Capone,Chris,Capone,,50,Chris Capone,"CAPONE,CHRIS",CAPONECHRISBATES,2,0,,,Bates,BATES,1120-5787,0,0,0,0,0,0,0,0,0,0,0,0,0,0,0,0,0,0,0,0,0,0,0,3,0,2,0,00:00,0,0,1.000,,,,,,,,,,,,,,,0,1,0,0,0,0,.000,0.00,,,,,,-2.1680606145152455,478,60
2026-27,mlax,New England Small College Athletic Conference (NESCAC),nescac,Wesleyan,Finn Ahrens,Finn,Ahrens,,764,Finn Ahrens,"AHRENS,FINN",AHRENSFINNWESLEYAN,8,0,,,Wesleyan,WESLEYAN,0,0,0,0,0,0,0,0,0,0,0,0,0,0,0,0,0,0,0,0,0,0,0,0,3,0,0,0,00:00,0,0,1.000,,,,,,,,,,,,,,,1,2,0,0,0,0,.500,0.00,,,,,,-2.1680606145152455,479,60
2026-27,mlax,New England Small College Athletic Conference (NESCAC),nescac,Trinity,Rhys Amorosino,Rhys,Amorosino,,713,Rhys Amorosino,"AMOROSINO,RHYS",AMOROSINORHYSTRINITY,9,0,,,Trinity,TRINITY,1127-5755,0,0,0,0,0,0,0,0,0,0,0,0,0,0,0,0,0,0,0,0,0,7,11,3,0,1,0,00:00,0,18,1.000,,,,,,,,,,,,,,,1,1,0,0,0,0,1.000,0.00,,,,,,-2.1680606145152455,480,60
2026-27,mlax,New England Small College Athletic Conference (NESCAC),nescac,Tufts,Walter Osowski,Walter,Osowski,,717,Walter Osowski,"OSOWSKI,WALTER",OSOWSKIWALTERTUFTS,9,0,,,Tufts,TUFTS,1129-5137,0,0,0,0,0,0,0,0,0,0,0,0,0,0,0,0,0,0,1,0,0,0,0,3,0,1,0,00:00,0,0,1.000,,,,,,,,,,,,,,,1,1,0,0,0,0,1.000,0.00,,,,,,-2.1680606145152455,481,60
2026-27,mlax,New England Small College Athletic Conference (NESCAC),nescac,Tufts,Alex Dircks,Alex,Dircks,,717,Alex Dircks,"DIRCKS,ALEX",DIRCKSALEXTUFTS,16,2,,,Tufts,TUFTS,1129-4907,0,0,0,0,0,0,0,0,0,0,0,0,0,0,0,0,0,0,0,0,0,0,0,7,0,2,1,120:00,0,0,1.000,16,197:55,34,31,0,2,0,0,0,0,0,127,10.31,.477,0,0,0,1,1,0,.000,0.06,,,,,,-2.1706886242503614,482,60
2026-27,mlax,New England Small College Athletic Conference (NESCAC),nescac,Bates,Andrew Sullivan,Andrew,Sullivan,,50,Andrew Sullivan,"SULLIVAN,ANDREW",SULLIVANANDREWBATES,5,0,,,Bates,BATES,1120-5920,0,0,0,0,0,0,0,0,0,0,0,0,0,0,0,0,0,0,1,0,0,0,0,2,0,1,0,00:00,0,0,1.000,,,,,,,,,,,,,,,1,1,0,0,0,0,1.000,0.00,,,,,,-2.207575878412038,483,60
2026-27,mlax,New England Small College Athletic Conference (NESCAC),nescac,Tufts,Asher Lewis,Asher,Lewis,,717,Asher Lewis,"LEWIS,ASHER",LEWISASHERTUFTS,8,0,,,Tufts,TUFTS,1129-5145,0,0,0,0,0,0,0,0,0,0,0,0,0,0,0,0,0,0,0,0,0,3,10,2,0,3,0,00:00,0,13,1.000,,,,,,,,,,,,,,,0,0,0,0,0,0,.000,0.00,,,,,,-2.207575878412038,484,60
2026-27,mlax,New England Small College Athletic Conference (NESCAC),nescac,Bates,Finn Gibbons,Finn,Gibbons,,50,Finn Gibbons,"GIBBONS,FINN",GIBBONSFINNBATES,6,0,,,Bates,BATES,1120-5912,0,0,0,0,0,0,0,0,0,0,0,0,0,0,0,0,0,0,1,0,0,3,16,2,0,0,0,00:00,0,19,1.000,,,,,,,,,,,,,,,0,1,0,0,0,0,.000,0.00,,,,,,-2.207575878412038,485,60
2026-27,mlax,New England Small College Athletic Conference (NESCAC),nescac,Bowdoin,Gus Simanson,Gus,Simanson,,69,Gus Simanson,"SIMANSON,GUS",SIMANSONGUSBOWDOIN,4,0,,,Bowdoin,BOWDOIN,0,0,0,0,0,0,0,0,0,0,0,0,0,0,0,0,0,0,0,0,0,0,0,0,2,0,1,0,00:00,0,0,1.000,,,,,,,,,,,,,,,0,2,0,0,0,0,.000,0.00,,,,,,-2.207575878412038,486,60
2026-27,mlax,New England Small College Athletic Conference (NESCAC),nescac,Middlebury,Landon Brownlee,Landon,Brownlee,,420,Landon Brownlee,"BROWNLEE,LANDON",BROWNLEELANDONMIDD,5,0,,,Middlebury,MIDD,1126-6493,0,0,0,0,0,0,0,0,0,0,0,0,0,0,0,0,0,1,0,0,0,0,0,2,0,0,0,00:00,0,0,1.000,,,,,,,,,,,,,,,0,0,0,0,0,0,.000,0.00,,,,,,-2.207575878412038,487,59
2026-27,mlax,New England Small College Athletic Conference (NESCAC),nescac,Bates,Lucas Braun,Lucas,Braun,,50,Lucas Braun,"BRAUN,LUCAS",BRAUNLUCASBATES,3,0,,,Bates,BATES,1120-5674,0,0,0,0,0,0,0,0,0,0,0,0,0,0,0,0,0,0,0,0,0,0,0,2,0,0,0,00:00,0,0,1.000,,,,,,,,,,,,,,,1,2,0,0,0,0,.500,0.00,,,,,,-2.207575878412038,488,59
2026-27,mlax,New England Small College Athletic Conference (NESCAC),nescac,Bates,Luke Taylor,Luke,Taylor,,50,Luke Taylor,"TAYLOR,LUKE",TAYLORLUKEBATES,3,0,,,Bates,BATES,1120-6186,0,0,0,0,0,0,0,0,0,0,0,0,0,0,0,0,0,0,0,0,0,0,0,2,0,0,0,00:00,0,0,1.000,,,,,,,,,,,,,,,0,0,0,0,0,0,.000,0.00,,,,,,-2.207575878412038,489,59
2026-27,mlax,New England Small College Athletic Conference (NESCAC),nescac,Amherst,Peter Koren,Peter,Koren,,24,Peter Koren,"KOREN,PETER",KORENPETERAMHERST,5,0,,,Amherst,AMHERST,0,0,0,0,0,0,0,0,0,0,0,0,0,0,0,0,0,0,0,0,0,0,0,0,2,0,3,0,00:00,0,0,1.000,,,,,,,,,,,,,,,0,0,0,0,0,0,.000,0.00,,,,,,-2.207575878412038,490,59
2026-27,mlax,New England Small College Athletic Conference (NESCAC),nescac,Hamilton,Rogan Cardinal,Rogan,Cardinal,,267,Rogan Cardinal,"CARDINAL,ROGAN",CARDINALROGANHAMILTON,1,0,,,Hamilton,HAMILTON,0,0,0,0,0,0,0,0,0,0,0,0,0,0,0,0,0,0,0,0,0,0,0,0,2,0,0,0,00:00,0,0,1.000,,,,,,,,,,,,,,,0,0,0,0,0,0,.000,0.00,,,,,,-2.207575878412038,491,59
2026-27,mlax,New England Small College Athletic Conference (NESCAC),nescac,Hamilton,Heath Mann,Heath,Mann,,267,Heath Mann,"MANN,HEATH",MANNHEATHHAMILTON,1,1,,,Hamilton,HAMILTON,0,0,0,0,0,0,0,0,0,0,0,0,0,0,0,0,0,0,0,0,0,0,0,0,1,0,0,0,60:00,0,0,1.000,1,60:00,10,14,0,2,0,0,0,0,0,40,10.00,.583,0,0,0,0,0,0,.000,0.00,,,,,,-2.2394410093658923,492,59
2026-27,mlax,New England Small College Athletic Conference (NESCAC),nescac,Trinity,Alex Kim,Alex,Kim,,713,Alex Kim,"KIM,ALEX",KIMALEXTRINITY,1,0,,,Trinity,TRINITY,1127-5766,0,0,0,0,0,0,0,0,0,0,0,0,0,0,0,0,0,0,1,0,0,0,0,1,0,1,0,00:00,0,0,1.000,,,,,,,,,,,,,,,0,0,0,0,0,0,.000,0.00,,,,,,-2.2470911423088307,493,59
2026-27,mlax,New England Small College Athletic Conference (NESCAC),nescac,Conn. College,Austin Moore,Austin,Moore,,163,Austin Moore,"MOORE,AUSTIN",MOOREAUSTINCONN,3,0,,,Conn. College,CONN,1125-2770,0,0,0,0,0,0,0,0,0,0,0,0,0,0,0,0,0,0,0,0,0,0,0,1,0,0,0,00:00,0,0,1.000,,,,,,,,,,,,,,,0,0,0,0,0,0,.000,0.00,,,,,,-2.2470911423088307,494,59
2026-27,mlax,New England Small College Athletic Conference (NESCAC),nescac,Bates,Brian Hart,Brian,Hart,,50,Brian Hart,"HART,BRIAN",HARTBRIANBATES,3,1,,,Bates,BATES,1120-5287,0,0,0,0,0,0,0,0,0,0,0,0,0,0,0,0,0,0,0,0,0,0,0,1,0,2,0,60:00,0,0,1.000,,,,,,,,,,,,,,,0,2,0,0,0,0,.000,0.00,,,,,,-2.2470911423088307,495,59
2026-27,mlax,New England Small College Athletic Conference (NESCAC),nescac,Conn. College,Carmelo Higgins,Carmelo,Higgins,,163,Carmelo Higgins,"HIGGINS,CARMELO",HIGGINSCARMELOCONN,2,0,,,Conn. College,CONN,1125-2506,0,0,0,0,0,0,0,0,0,0,0,0,0,0,0,0,0,0,0,0,0,0,0,1,0,0,0,00:00,0,0,1.000,,,,,,,,,,,,,,,0,0,0,0,0,0,.000,0.00,,,,,,-2.2470911423088307,496,59
2026-27,mlax,New England Small College Athletic Conference (NESCAC),nescac,Wesleyan,Charlie Beasley,Charlie,Beasley,,764,Charlie Beasley,"BEASLEY,CHARLIE",BEASLEYCHARLIEWESLEYAN,1,0,,,Wesleyan,WESLEYAN,0,0,0,0,0,0,0,0,0,0,0,0,0,0,0,0,0,0,0,0,0,0,0,0,1,0,0,0,00:00,0,0,1.000,,,,,,,,,,,,,,,0,0,0,0,0,0,.000,0.00,,,,,,-2.2470911423088307,497,59
2026-27,mlax,New England Small College Athletic Conference (NESCAC),nescac,Hamilton,Collen Luzar,Collen,Luzar,,267,Collen Luzar,"LUZAR,COLLEN",LUZARCOLLENHAMILTON,4,0,,,Hamilton,HAMILTON,1058-2988,0,0,0,0,0,0,0,0,0,0,0,0,0,0,0,0,0,0,0,0,0,0,0,1,0,1,0,00:00,0,0,1.000,,,,,,,,,,,,,,,1,1,0,0,0,0,1.000,0.00,,,,,,-2.2470911423088307,498,59
2026-27,mlax,New England Small College Athletic Conference (NESCAC),nescac,Conn. College,Daniel Smith,Daniel,Smith,,163,Daniel Smith,"SMITH,DANIEL",SMITHDANIELCONN,4,0,,,Conn. College,CONN,1125-2498,0,0,0,0,0,0,0,0,0,0,0,0,0,0,0,0,0,0,0,0,0,0,0,1,0,0,0,00:00,0,0,1.000,,,,,,,,,,,,,,,0,1,0,0,0,0,.000,0.00,,,,,,-2.2470911423088307,499,59
2026-27,mlax,New England Small College Athletic Conference (NESCAC),nescac,Trinity,Elliot Detjens,Elliot,Detjens,,713,Elliot Detjens,"DETJENS,ELLIOT",DETJENSELLIOTTRINITY,4,0,,,Trinity,TRINITY,1127-4910,0,0,0,0,0,0,0,0,0,0,0,0,0,0,0,0,0,0,0,0,0,0,1,1,0,1,0,00:00,0,1,1.000,,,,,,,,,,,,,,,0,0,0,0,0,0,.000,0.00,,,,,,-2.2470911423088307,500,58
2026-27,mlax,New England Small College Athletic Conference (NESCAC),nescac,Bowdoin,Grayson Moniz,Grayson,Moniz,,69,Grayson Moniz,"MONIZ,GRAYSON",MONIZGRAYSONBOWDOIN,4,0,,,Bowdoin,BOWDOIN,0,0,0,0,0,0,0,0,0,0,0,0,0,0,0,0,0,0,0,0,0,0,0,0,1,0,0,0,00:00,0,0,1.000,,,,,,,,,,,,,,,1,1,0,0,0,0,1.000,0.00,,,,,,-2.2470911423088307,501,58
2026-27,mlax,New England Small College Athletic Conference (NESCAC),nescac,Hamilton,Griffen Bell,Griffen,Bell,,267,Griffen Bell,"BELL,GRIFFEN",BELLGRIFFENHAMILTON,1,0,,,Hamilton,HAMILTON,1058-2990,0,0,0,0,0,0,0,0,0,0,0,0,0,0,0,0,0,0,0,0,0,0,0,1,0,0,0,00:00,0,0,1.000,,,,,,,,,,,,,,,0,1,0,0,0,0,.000,0.00,,,,,,-2.2470911423088307,502,58
2026-27,mlax,New England Small College Athletic Conference (NESCAC),nescac,Trinity,JD Landstrom,JD,Landstrom,,713,JD Landstrom,"LANDSTROM,JD",LANDSTROMJDTRINITY,2,0,,,Trinity,TRINITY,1127-5186,0,0,0,0,0,0,0,0,0,0,0,0,0,0,0,0,0,0,0,0,0,0,0,1,0,0,0,00:00,0,0,1.000,,,,,,,,,,,,,,,0,1,0,0,0,0,.000,0.00,,,,,,-2.2470911423088307,503,58
2026-27,mlax,New England Small College Athletic Conference (NESCAC),nescac,Hamilton,Jack Pineau,Jack,Pineau,,267,Jack Pineau,"PINEAU,JACK",PINEAUJACKHAMILTON,8,0,,,Hamilton,HAMILTON,1058-2986,0,0,0,0,0,0,0,0,0,0,0,0,0,0,0,0,0,0,0,0,0,0,0,1,0,0,0,00:00,0,0,1.000,,,,,,,,,,,,,,,0,1,0,0,0,0,.000,0.00,,,,,,-2.2470911423088307,504,58
2026-27,mlax,New England Small College Athletic Conference (NESCAC),nescac,Conn. College,James Brennan,James,Brennan,,163,James Brennan,"BRENNAN,JAMES",BRENNANJAMESCONN,2,0,,,Conn. College,CONN,1125-2492,0,0,0,0,0,0,0,0,0,0,0,0,0,0,0,0,0,0,0,0,0,0,0,1,0,0,0,00:00,0,0,1.000,,,,,,,,,,,,,,,0,0,0,0,0,0,.000,0.00,,,,,,-2.2470911423088307,505,58
2026-27,mlax,New England Small College Athletic Conference (NESCAC),nescac,Conn. College,Jeffrey Hernandez,Jeffrey,Hernandez,,163,Jeffrey Hernandez,"HERNANDEZ,JEFFREY",HERNANDEZJEFFREYCONN,1,0,,,Conn. College,CONN,1125-3134,0,0,0,0,0,0,0,0,0,0,0,0,0,0,0,0,0,0,0,0,0,0,0,1,0,0,0,00:00,0,0,1.000,,,,,,,,,,,,,,,0,0,0,0,0,0,.000,0.00,,,,,,-2.2470911423088307,506,58
2026-27,mlax,New England Small College Athletic Conference (NESCAC),nescac,Amherst,Joshua Scott,Joshua,Scott,,24,Joshua Scott,"SCOTT,JOSHUA",SCOTTJOSHUAAMHERST,4,0,,,Amherst,AMHERST,0,0,0,0,0,0,0,0,0,0,0,0,0,0,0,0,0,0,0,0,0,0,0,0,1,0,3,0,00:00,0,0,1.000,,,,,,,,,,,,,,,0,2,0,0,0,0,.000,0.00,,,,,,-2.2470911423088307,507,58
2026-27,mlax,New England Small College Athletic Conference (NESCAC),nescac,Trinity,Kieran Shin,Kieran,Shin,,713,Kieran Shin,"SHIN,KIERAN",SHINKIERANTRINITY,1,0,,,Trinity,TRINITY,1127-5476,0,0,0,0,0,0,0,0,0,0,0,0,0,0,0,0,0,0,0,0,0,1,1,1,0,0,0,00:00,0,2,1.000,,,,,,,,,,,,,,,0,0,0,0,0,0,.000,0.00,,,,,,-2.2470911423088307,508,58
2026-27,mlax,New England Small College Athletic Conference (NESCAC),nescac,Hamilton,Michael Miele,Michael,Miele,,267,Michael Miele,"MIELE,MICHAEL",MIELEMICHAELHAMILTON,1,1,,,Hamilton,HAMILTON,0,0,0,0,0,0,0,0,0,0,0,0,0,0,0,0,0,0,0,0,0,0,0,0,1,0,0,0,60:00,0,0,1.000,,,,,,,,,,,,,,,0,0,0,0,0,0,.000,0.00,,,,,,-2.2470911423088307,509,58
2026-27,mlax,New England Small College Athletic Conference (NESCAC),nescac,Trinity,Nicholas Emsing,Nicholas,Emsing,,713,Nicholas Emsing,"EMSING,NICHOLAS",EMSINGNICHOLASTRINITY,3,0,,,Trinity,TRINITY,1127-5761,0,0,0,0,0,0,0,0,0,0,0,0,0,0,0,0,0,0,0,0,0,0,0,1,0,2,0,00:00,0,0,1.000,,,,,,,,,,,,,,,0,0,0,0,0,0,.000,0.00,,,,,,-2.2470911423088307,510,58
2026-27,mlax,New England Small College Athletic Conference (NESCAC),nescac,Conn. College,Noah Macielag,Noah,Macielag,,163,Noah Macielag,"MACIELAG,NOAH",MACIELAGNOAHCONN,9,1,,,Conn. College,CONN,1125-2957,0,0,0,0,0,0,0,0,0,0,0,0,0,0,0,0,0,0,0,0,0,10,33,1,0,0,0,60:00,0,43,1.000,,,,,,,,,,,,,,,0,0,0,0,0,0,.000,0.00,,,,,,-2.2470911423088307,511,58
2026-27,mlax,New England Small College Athletic Conference (NESCAC),nescac,Bates,TJ Underhill,TJ,Underhill,,50,TJ Underhill,"UNDERHILL,TJ",UNDERHILLTJBATES,2,0,,,Bates,BATES,1120-5687,0,0,0,0,0,0,0,0,0,0,0,0,0,0,0,0,0,0,0,0,0,0,0,1,0,3,0,00:00,0,0,1.000,,,,,,,,,,,,,,,0,2,0,0,0,0,.000,0.00,,,,,,-2.2470911423088307,512,58
2026-27,mlax,New England Small College Athletic Conference (NESCAC),nescac,Amherst,Tim Souza,Tim,Souza,,24,Tim Souza,"SOUZA,TIM",SOUZATIMAMHERST,4,0,,,Amherst,AMHERST,0,0,0,0,0,0,0,0,0,0,0,0,0,0,0,0,0,0,0,0,0,0,0,0,1,0,0,0,00:00,0,0,1.000,,,,,,,,,,,,,,,0,1,0,0,0,0,.000,0.00,,,,,,-2.2470911423088307,513,58
2026-27,mlax,New England Small College Athletic Conference (NESCAC),nescac,Middlebury,Tyler Pincelli,Tyler,Pincelli,,420,Tyler Pincelli,"PINCELLI,TYLER",PINCELLITYLERMIDD,7,0,,,Middlebury,MIDD,1126-6147,0,0,0,0,0,0,0,0,0,0,0,0,0,0,0,0,0,0,0,0,0,0,0,1,0,1,0,00:00,0,0,1.000,,,,,,,,,,,,,,,2,4,0,0,0,0,.500,0.00,,,,,,-2.2470911423088307,514,57
2026-27,mlax,New England Small College Athletic Conference (NESCAC),nescac,Middlebury,Tyler Wishart,Tyler,Wishart,,420,Tyler Wishart,"WISHART,TYLER",WISHARTTYLERMIDD,3,0,,,Middlebury,MIDD,1126-6500,0,0,0,0,0,0,0,0,0,0,0,0,0,0,0,0,0,0,0,0,0,0,0,1,0,2,0,00:00,0,0,1.000,,,,,,,,,,,,,,,1,3,0,0,0,0,.333,0.00,,,,,,-2.2470911423088307,515,57
2026-27,mlax,New England Small College Athletic Conference (NESCAC),nescac,Hamilton,Will Abplanalp,Will,Abplanalp,,267,Will Abplanalp,"ABPLANALP,WILL",ABPLANALPWILLHAMILTON,1,0,,,Hamilton,HAMILTON,0,0,0,0,0,0,0,0,0,0,0,0,0,0,0,0,0,0,0,0,0,0,3,9,1,0,1,0,00:00,0,12,1.000,,,,,,,,,,,,,,,0,0,0,0,0,0,.000,0.00,,,,,,-2.2470911423088307,516,57
2026-27,mlax,New England Small College Athletic Conference (NESCAC),nescac,Middlebury,Will Crispino,Will,Crispino,,420,Will Crispino,"CRISPINO,WILL",CRISPINOWILLMIDD,5,0,,,Middlebury,MIDD,1126-5927,0,0,0,0,0,0,0,0,0,0,0,0,0,0,0,0,0,1,0,0,0,0,0,1,0,0,0,00:00,0,0,1.000,,,,,,,,,,,,,,,2,2,0,0,0,0,1.000,0.00,,,,,,-2.2470911423088307,517,57
2026-27,mlax,New England Small College Athletic Conference (NESCAC),nescac,Williams,Will DiMarco,Will,DiMarco,,789,Will DiMarco,"DIMARCO,WILL",DIMARCOWILLWILLIAMS,6,0,,,Williams,WILLIAMS,0,0,0,0,0,0,0,0,0,0,0,0,0,0,0,0,0,0,0,0,0,0,0,0,1,0,0,0,00:00,0,0,1.000,,,,,,,,,,,,,,,0,1,0,0,0,0,.000,0.00,,,,,,-2.2470911423088307,518,57
2026-27,mlax,New England Small College Athletic Conference (NESCAC),nescac,Conn. College,Aidan Valeiko,Aidan,Valeiko,,163,Aidan Valeiko,"VALEIKO,AIDAN",VALEIKOAIDANCONN,1,0,,,Conn. College,CONN,1125-2768,0,0,0,0,0,0,0,0,0,0,0,0,0,0,0,0,0,0,0,0,0,0,1,0,0,0,0,00:00,0,1,1.000,,,,,,,,,,,,,,,0,0,0,0,0,0,.000,0.00,,,,,,-2.2866064062056233,519,57
2026-27,mlax,New England Small College Athletic Conference (NESCAC),nescac,Trinity,Anderson Chang,Anderson,Chang,,713,Anderson Chang,"CHANG,ANDERSON",CHANGANDERSONTRINITY,0,0,,,Trinity,TRINITY,1127-5465,0,0,0,0,0,0,0,0,0,0,0,0,0,0,0,0,0,0,0,0,0,0,0,0,0,0,0,00:00,0,0,1.000,,,,,,,,,,,,,,,0,0,0,0,0,0,.000,0,,,,,,-2.2866064062056233,520,57
2026-27,mlax,New England Small College Athletic Conference (NESCAC),nescac,Hamilton,Andrew Heneghan,Andrew,Heneghan,,267,Andrew Heneghan,"HENEGHAN,ANDREW",HENEGHANANDREWHAMILTON,1,0,,,Hamilton,HAMILTON,0,0,0,0,0,0,0,0,0,0,0,0,0,0,0,0,0,0,0,0,0,0,0,0,0,0,0,0,00:00,0,0,1.000,,,,,,,,,,,,,,,0,0,0,0,0,0,.000,0.00,,,,,,-2.2866064062056233,521,57
2026-27,mlax,New England Small College Athletic Conference (NESCAC),nescac,Trinity,Bear Soper,Bear,Soper,,713,Bear Soper,"SOPER,BEAR",SOPERBEARTRINITY,2,0,,,Trinity,TRINITY,1127-5773,0,0,0,0,0,0,0,0,0,0,0,0,0,0,0,0,0,0,0,0,0,0,0,0,0,0,0,00:00,0,0,1.000,,,,,,,,,,,,,,,0,1,0,0,0,0,.000,0.00,,,,,,-2.2866064062056233,522,57
2026-27,mlax,New England Small College Athletic Conference (NESCAC),nescac,Wesleyan,Ben Ehlers,Ben,Ehlers,,764,Ben Ehlers,"EHLERS,BEN",EHLERSBENWESLEYAN,2,0,,,Wesleyan,WESLEYAN,0,0,0,0,0,0,0,0,0,0,0,0,0,0,0,0,0,0,0,0,0,0,0,0,0,0,0,0,00:00,0,0,1.000,,,,,,,,,,,,,,,0,0,0,0,0,0,.000,0.00,,,,,,-2.2866064062056233,523,57
2026-27,mlax,New England Small College Athletic Conference (NESCAC),nescac,Bates,Ben Marvin,Ben,Marvin,,50,Ben Marvin,"MARVIN,BEN",MARVINBENBATES,1,0,,,Bates,BATES,1120-6183,0,0,0,0,0,0,0,0,0,0,0,0,0,0,0,0,0,0,0,0,0,0,0,0,0,0,0,0,0,0,1.000,,,,,,,,,,,,,,,0,0,0,0,0,0,.000,0.00,,,,,,-2.2866064062056233,524,57
2026-27,mlax,New England Small College Athletic Conference (NESCAC),nescac,Middlebury,Brandon Chan,Brandon,Chan,,420,Brandon Chan,"CHAN,BRANDON",CHANBRANDONMIDD,4,0,,,Middlebury,MIDD,1126-6637,0,0,0,0,0,0,0,0,0,0,0,0,0,0,0,0,0,0,0,0,0,1,0,0,0,0,0,00:00,0,1,1.000,,,,,,,,,,,,,,,0,0,0,0,0,0,.000,0.00,,,,,,-2.2866064062056233,525,57
2026-27,mlax,New England Small College Athletic Conference (NESCAC),nescac,Conn. College,Brayden Warde,Brayden,Warde,,163,Brayden Warde,"WARDE,BRAYDEN",WARDEBRAYDENCONN,1,0,,,Conn. College,CONN,1125-2762,0,0,0,0,0,0,0,0,0,0,0,0,0,0,0,0,0,0,0,0,0,0,0,0,0,0,0,00:00,0,0,1.000,,,,,,,,,,,,,,,0,0,0,0,0,0,.000,0.00,,,,,,-2.2866064062056233,526,57
2026-27,mlax,New England Small College Athletic Conference (NESCAC),nescac,Wesleyan,Brooks Danile,Brooks,Danile,,764,Brooks Danile,"DANILE,BROOKS",DANILEBROOKSWESLEYAN,1,0,,,Wesleyan,WESLEYAN,0,0,0,0,0,0,0,0,0,0,0,0,0,0,0,0,0,0,0,0,0,0,0,0,0,0,0,0,00:00,0,0,1.000,,,,,,,,,,,,,,,0,0,0,0,0,0,.000,0.00,,,,,,-2.2866064062056233,527,56
2026-27,mlax,New England Small College Athletic Conference (NESCAC),nescac,Trinity,Cam Elenteny,Cam,Elenteny,,713,Cam Elenteny,"ELENTENY,CAM",ELENTENYCAMTRINITY,0,0,,,Trinity,TRINITY,1127-5201,0,0,0,0,0,0,0,0,0,0,0,0,0,0,0,0,0,0,0,0,0,0,0,0,0,0,0,00:00,0,0,1.000,,,,,,,,,,,,,,,0,0,0,0,0,0,.000,0,,,,,,-2.2866064062056233,528,56
2026-27,mlax,New England Small College Athletic Conference (NESCAC),nescac,Bowdoin,Cam Wietfieldt,Cam,Wietfieldt,,69,Cam Wietfieldt,"WIETFIELDT,CAM",WIETFIELDTCAMBOWDOIN,1,0,,,Bowdoin,BOWDOIN,0,0,0,0,0,0,0,0,0,0,0,0,0,0,0,0,0,0,0,0,0,0,5,8,0,0,0,0,00:00,0,13,1.000,,,,,,,,,,,,,,,0,0,0,0,0,0,.000,0.00,,,,,,-2.2866064062056233,529,56
2026-27,mlax,New England Small College Athletic Conference (NESCAC),nescac,Hamilton,Charlie Higgins,Charlie,Higgins,,267,Charlie Higgins,"HIGGINS,CHARLIE",HIGGINSCHARLIEHAMILTON,1,0,,,Hamilton,HAMILTON,0,0,0,0,0,0,0,0,0,0,0,0,0,0,0,0,0,0,0,0,0,0,0,0,0,0,0,0,00:00,0,0,1.000,,,,,,,,,,,,,,,0,0,0,0,0,0,.000,0.00,,,,,,-2.2866064062056233,530,56
2026-27,mlax,New England Small College Athletic Conference (NESCAC),nescac,Wesleyan,Charlie Vidal,Charlie,Vidal,,764,Charlie Vidal,"VIDAL,CHARLIE",VIDALCHARLIEWESLEYAN,2,0,,,Wesleyan,WESLEYAN,0,0,0,0,0,0,0,0,0,0,0,0,0,0,0,0,0,0,0,0,0,0,0,0,0,0,2,0,00:00,0,0,1.000,,,,,,,,,,,,,,,1,1,0,0,0,0,1.000,0.00,,,,,,-2.2866064062056233,531,56
2026-27,mlax,New England Small College Athletic Conference (NESCAC),nescac,Wesleyan,Collin Gest,Collin,Gest,,764,Collin Gest,"GEST,COLLIN",GESTCOLLINWESLEYAN,2,0,,,Wesleyan,WESLEYAN,0,0,0,0,0,0,0,0,0,0,0,0,0,0,0,0,0,0,0,0,0,0,0,0,0,0,1,0,00:00,0,0,1.000,,,,,,,,,,,,,,,0,0,0,0,0,0,.000,0.00,,,,,,-2.2866064062056233,532,56
2026-27,mlax,New England Small College Athletic Conference (NESCAC),nescac,Trinity,Collin McCarthy,Collin,McCarthy,,713,Collin McCarthy,"MCCARTHY,COLLIN",MCCARTHYCOLLINTRINITY,3,0,,,Trinity,TRINITY,1127-5203,0,0,0,0,0,0,0,0,0,0,0,0,0,0,0,0,0,0,0,0,0,0,0,0,0,1,0,00:00,0,0,1.000,,,,,,,,,,,,,,,0,0,0,0,0,0,.000,0.00,,,,,,-2.2866064062056233,533,56
2026-27,mlax,New England Small College Athletic Conference (NESCAC),nescac,Conn. College,Connor Devir,Connor,Devir,,163,Connor Devir,"DEVIR,CONNOR",DEVIRCONNORCONN,1,0,,,Conn. College,CONN,1125-2494,0,0,0,0,0,0,0,0,0,0,0,0,0,0,0,0,0,0,0,0,0,0,0,0,0,0,0,0,0,0,1.000,,,,,,,,,,,,,,,0,0,0,0,0,0,.000,0.00,,,,,,-2.2866064062056233,534,56
2026-27,mlax,New England Small College Athletic Conference (NESCAC),nescac,Hamilton,Connor McMahon,Connor,McMahon,,267,Connor McMahon,"MCMAHON,CONNOR",MCMAHONCONNORHAMILTON,1,0,,,Hamilton,HAMILTON,0,0,0,0,0,0,0,0,0,0,0,0,0,0,0,0,0,0,0,0,0,0,0,0,0,0,0,0,00:00,0,0,1.000,,,,,,,,,,,,,,,0,0,0,0,0,0,.000,0.00,,,,,,-2.2866064062056233,535,56
2026-27,mlax,New England Small College Athletic Conference (NESCAC),nescac,Conn. College,Conor Matthews,Conor,Matthews,,163,Conor Matthews,"MATTHEWS,CONOR",MATTHEWSCONORCONN,5,0,,,Conn. College,CONN,1125-2490,0,0,0,0,0,0,0,0,0,0,0,0,0,0,0,0,0,0,0,0,0,0,0,0,0,0,0,00:00,0,0,1.000,,,,,,,,,,,,,,,0,0,0,0,0,0,.000,0.00,,,,,,-2.2866064062056233,536,56
2026-27,mlax,New England Small College Athletic Conference (NESCAC),nescac,Bowdoin,Cooper Stauffer,Cooper,Stauffer,,69,Cooper Stauffer,"STAUFFER,COOPER",STAUFFERCOOPERBOWDOIN,2,0,,,Bowdoin,BOWDOIN,0,0,0,0,0,0,0,0,0,0,0,0,0,0,0,0,0,0,0,0,0,0,0,1,0,0,0,0,00:00,0,1,1.000,,,,,,,,,,,,,,,0,0,0,0,0,0,.000,0.00,,,,,,-2.2866064062056233,537,56
2026-27,mlax,New England Small College Athletic Conference (NESCAC),nescac,Conn. College,Danny Magoon,Danny,Magoon,,163,Danny Magoon,"MAGOON,DANNY",MAGOONDANNYCONN,1,0,,,Conn. College,CONN,1125-3135,0,0,0,0,0,0,0,0,0,0,0,0,0,0,0,0,0,0,0,0,0,0,1,0,0,0,0,00:00,0,1,1.000,,,,,,,,,,,,,,,0,0,0,0,0,0,.000,0.00,,,,,,-2.2866064062056233,538,56
2026-27,mlax,New England Small College Athletic Conference (NESCAC),nescac,Middlebury,Dixon Pollard,Dixon,Pollard,,420,Dixon Pollard,"POLLARD,DIXON",POLLARDDIXONMIDD,1,0,,,Middlebury,MIDD,1126-6645,0,0,0,0,0,0,0,0,0,0,0,0,0,0,0,0,0,0,0,0,0,0,0,0,0,0,0,00:00,0,0,1.000,,,,,,,,,,,,,,,0,0,0,0,0,0,.000,0.00,,,,,,-2.2866064062056233,539,56
2026-27,mlax,New England Small College Athletic Conference (NESCAC),nescac,Wesleyan,Drew Ambrose,Drew,Ambrose,,764,Drew Ambrose,"AMBROSE,DREW",AMBROSEDREWWESLEYAN,0,0,,,Wesleyan,WESLEYAN,0,0,0,0,0,0,0,0,0,0,0,0,0,0,0,0,0,0,0,0,0,0,0,0,0,0,0,0,00:00,0,0,1.000,,,,,,,,,,,,,,,0,0,0,0,0,0,.000,0,,,,,,-2.2866064062056233,540,55
2026-27,mlax,New England Small College Athletic Conference (NESCAC),nescac,Trinity,Edward Schreiber,Edward,Schreiber,,713,Edward Schreiber,"SCHREIBER,EDWARD",SCHREIBEREDWARDTRINITY,4,1,,,Trinity,TRINITY,1127-5475,0,0,0,0,0,0,0,0,0,0,0,0,0,0,0,0,0,0,0,0,0,0,0,0,0,1,0,60:00,0,0,1.000,,,,,,,,,,,,,,,0,0,0,0,0,0,.000,0.00,,,,,,-2.2866064062056233,541,55
2026-27,mlax,New England Small College Athletic Conference (NESCAC),nescac,Hamilton,Ethan Friedberg,Ethan,Friedberg,,267,Ethan Friedberg,"FRIEDBERG,ETHAN",FRIEDBERGETHANHAMILTON,1,0,,,Hamilton,HAMILTON,0,0,0,0,0,0,0,0,0,0,0,0,0,0,0,0,0,0,0,0,0,0,0,0,0,0,0,0,00:00,0,0,1.000,,,,,,,,,,,,,,,0,0,0,0,0,0,.000,0.00,,,,,,-2.2866064062056233,542,55
2026-27,mlax,New England Small College Athletic Conference (NESCAC),nescac,Trinity,Ethan Opdenaker,Ethan,Opdenaker,,713,Ethan Opdenaker,"OPDENAKER,ETHAN",OPDENAKERETHANTRINITY,6,0,,,Trinity,TRINITY,1127-5472,0,0,0,0,0,0,0,0,0,0,0,0,0,0,0,0,0,0,0,0,0,0,0,0,0,0,0,00:00,0,0,1.000,,,,,,,,,,,,,,,1,1,0,0,0,0,1.000,0.00,,,,,,-2.2866064062056233,543,55
2026-27,mlax,New England Small College Athletic Conference (NESCAC),nescac,Wesleyan,Ford Cash,Ford,Cash,,764,Ford Cash,"CASH,FORD",CASHFORDWESLEYAN,2,0,,,Wesleyan,WESLEYAN,0,0,0,0,0,0,0,0,0,0,0,0,0,0,0,0,0,0,0,0,0,0,0,0,0,0,0,0,00:00,0,0,1.000,,,,,,,,,,,,,,,0,0,0,0,0,0,.000,0.00,,,,,,-2.2866064062056233,544,55
2026-27,mlax,New England Small College Athletic Conference (NESCAC),nescac,Bowdoin,Graeme Teal,Graeme,Teal,,69,Graeme Teal,"TEAL,GRAEME",TEALGRAEMEBOWDOIN,2,0,,,Bowdoin,BOWDOIN,0,0,0,0,0,0,0,0,0,0,0,0,0,0,0,0,0,0,0,0,0,0,0,0,0,0,0,0,00:00,0,0,1.000,,,,,,,,,,,,,,,0,1,0,0,0,0,.000,0.00,,,,,,-2.2866064062056233,545,55
2026-27,mlax,New England Small College Athletic Conference (NESCAC),nescac,Trinity,Henry Hladick,Henry,Hladick,,713,Henry Hladick,"HLADICK,HENRY",HLADICKHENRYTRINITY,1,0,,,Trinity,TRINITY,1127-5764,0,0,0,0,0,0,0,0,0,0,0,0,0,0,0,0,0,0,0,0,0,0,0,0,0,0,0,00:00,0,0,1.000,,,,,,,,,,,,,,,0,1,0,0,0,0,.000,0.00,,,,,,-2.2866064062056233,546,55
2026-27,mlax,New England Small College Athletic Conference (NESCAC),nescac,Middlebury,Jack Burke,Jack,Burke,,420,Jack Burke,"BURKE,JACK",BURKEJACKMIDD,2,0,,,Middlebury,MIDD,1126-6141,0,0,0,0,0,0,0,0,0,0,0,0,0,0,0,0,0,0,0,0,0,0,0,0,0,1,0,00:00,0,0,1.000,,,,,,,,,,,,,,,0,0,0,0,0,0,.000,0.00,,,,,,-2.2866064062056233,547,55
2026-27,mlax,New England Small College Athletic Conference (NESCAC),nescac,Amherst,Jack Morrison,Jack,Morrison,,24,Jack Morrison,"MORRISON,JACK",MORRISONJACKAMHERST,3,0,,,Amherst,AMHERST,0,0,0,0,0,0,0,0,0,0,0,0,0,0,0,0,0,0,0,0,0,0,0,0,0,0,0,0,00:00,0,0,1.000,,,,,,,,,,,,,,,0,0,0,0,0,0,.000,0.00,,,,,,-2.2866064062056233,548,55
2026-27,mlax,New England Small College Athletic Conference (NESCAC),nescac,Bowdoin,Jack Pyne,Jack,Pyne,,69,Jack Pyne,"PYNE,JACK",PYNEJACKBOWDOIN,0,0,,,Bowdoin,BOWDOIN,0,0,0,0,0,0,0,0,0,0,0,0,0,0,0,0,0,0,0,0,0,0,0,0,0,0,0,0,00:00,0,0,1.000,,,,,,,,,,,,,,,0,0,0,0,0,0,.000,0,,,,,,-2.2866064062056233,549,55
2026-27,mlax,New England Small College Athletic Conference (NESCAC),nescac,Trinity,James Falk,James,Falk,,713,James Falk,"FALK,JAMES",FALKJAMESTRINITY,2,0,,,Trinity,TRINITY,1127-5762,0,0,0,0,0,0,0,0,0,0,0,0,0,0,0,0,0,0,0,0,0,0,0,0,0,0,0,00:00,0,0,1.000,,,,,,,,,,,,,,,0,0,0,0,0,0,.000,0.00,,,,,,-2.2866064062056233,550,55
2026-27,mlax,New England Small College Athletic Conference (NESCAC),nescac,Trinity,James Jacob,James,Jacob,,713,James Jacob,"JACOB,JAMES",JACOBJAMESTRINITY,4,0,,,Trinity,TRINITY,1127-4913,0,0,0,0,0,0,0,0,0,0,0,0,0,0,0,0,0,0,0,0,0,0,0,0,0,2,0,00:00,0,0,1.000,,,,,,,,,,,,,,,0,0,0,0,0,0,.000,0.00,,,,,,-2.2866064062056233,551,55
2026-27,mlax,New England Small College Athletic Conference (NESCAC),nescac,Bowdoin,Jameson Lang,Jameson,Lang,,69,Jameson Lang,"LANG,JAMESON",LANGJAMESONBOWDOIN,2,0,,,Bowdoin,BOWDOIN,0,0,0,0,0,0,0,0,0,0,0,0,0,0,0,0,0,0,0,0,0,0,0,0,0,0,0,0,00:00,0,0,1.000,,,,,,,,,,,,,,,3,4,0,0,0,0,.750,0.00,,,,,,-2.2866064062056233,552,55
2026-27,mlax,New England Small College Athletic Conference (NESCAC),nescac,Williams,Jamie Mazzacco,Jamie,Mazzacco,,789,Jamie Mazzacco,"MAZZACCO,JAMIE",MAZZACCOJAMIEWILLIAMS,8,0,,,Williams,WILLIAMS,0,0,0,0,0,0,0,0,0,0,0,0,0,0,0,0,0,0,0,0,0,0,0,0,0,0,0,0,00:00,0,0,1.000,,,,,,,,,,,,,,,0,1,0,0,0,0,.000,0.00,,,,,,-2.2866064062056233,553,54
2026-27,mlax,New England Small College Athletic Conference (NESCAC),nescac,Middlebury,Jay Falk,Jay,Falk,,420,Jay Falk,"FALK,JAY",FALKJAYMIDD,8,0,,,Middlebury,MIDD,1126-6310,0,0,0,0,0,0,0,0,0,0,0,0,0,0,0,0,0,0,0,0,0,0,0,0,0,0,0,00:00,0,0,1.000,,,,,,,,,,,,,,,0,0,0,0,0,0,.000,0.00,,,,,,-2.2866064062056233,554,54
2026-27,mlax,New England Small College Athletic Conference (NESCAC),nescac,Hamilton,Jensen Kohler,Jensen,Kohler,,267,Jensen Kohler,"KOHLER,JENSEN",KOHLERJENSENHAMILTON,1,0,,,Hamilton,HAMILTON,0,0,0,0,0,0,0,0,0,0,0,0,0,0,0,0,0,0,0,0,0,0,0,0,0,0,1,0,00:00,0,0,1.000,,,,,,,,,,,,,,,0,0,0,0,0,0,.000,0.00,,,,,,-2.2866064062056233,555,54
2026-27,mlax,New England Small College Athletic Conference (NESCAC),nescac,Trinity,John Nagle,John,Nagle,,713,John Nagle,"NAGLE,JOHN",NAGLEJOHNTRINITY,1,0,,,Trinity,TRINITY,1127-4919,0,0,0,0,0,0,0,0,0,0,0,0,0,0,0,0,0,0,0,0,0,0,0,0,0,0,0,00:00,0,0,1.000,,,,,,,,,,,,,,,0,0,0,0,0,0,.000,0.00,,,,,,-2.2866064062056233,556,54
2026-27,mlax,New England Small College Athletic Conference (NESCAC),nescac,Trinity,Josh Gibbs,Josh,Gibbs,,713,Josh Gibbs,"GIBBS,JOSH",GIBBSJOSHTRINITY,4,0,,,Trinity,TRINITY,1127-5199,0,0,0,0,0,0,0,0,0,0,0,0,0,0,0,0,0,0,0,0,0,0,0,0,0,0,0,00:00,0,0,1.000,,,,,,,,,,,,,,,2,2,0,0,0,0,1.000,0.00,,,,,,-2.2866064062056233,557,54
2026-27,mlax,New England Small College Athletic Conference (NESCAC),nescac,Conn. College,Josh Kozub,Josh,Kozub,,163,Josh Kozub,"KOZUB,JOSH",KOZUBJOSHCONN,5,0,,,Conn. College,CONN,1125-2493,0,0,0,0,0,0,0,0,0,0,0,0,0,0,0,0,0,0,0,0,0,0,0,0,0,0,0,00:00,0,0,1.000,,,,,,,,,,,,,,,1,1,0,0,0,0,1.000,0.00,,,,,,-2.2866064062056233,558,54
2026-27,mlax,New England Small College Athletic Conference (NESCAC),nescac,Hamilton,Jp Charpentier,Jp,Charpentier,,267,Jp Charpentier,"CHARPENTIER,JP",CHARPENTIERJPHAMILTON,1,0,,,Hamilton,HAMILTON,0,0,0,0,0,0,0,0,0,0,0,0,0,0,0,0,0,0,0,0,0,0,0,0,0,0,0,0,00:00,0,0,1.000,,,,,,,,,,,,,,,0,0,0,0,0,0,.000,0.00,,,,,,-2.2866064062056233,559,54
2026-27,mlax,New England Small College Athletic Conference (NESCAC),nescac,Hamilton,Kip Rand,Kip,Rand,,267,Kip Rand,"RAND,KIP",RANDKIPHAMILTON,1,0,,,Hamilton,HAMILTON,1058-3241,0,0,0,0,0,0,0,0,0,0,0,0,0,0,0,0,0,0,0,0,0,0,0,0,0,0,0,00:00,0,0,1.000,,,,,,,,,,,,,,,0,0,0,0,0,0,.000,0.00,,,,,,-2.2866064062056233,560,54
2026-27,mlax,New England Small College Athletic Conference (NESCAC),nescac,Trinity,Lane Critchell,Lane,Critchell,,713,Lane Critchell,"CRITCHELL,LANE",CRITCHELLLANETRINITY,1,0,,,Trinity,TRINITY,1127-5759,0,0,0,0,0,0,0,0,0,0,0,0,0,0,0,0,0,0,0,0,0,0,0,0,0,0,0,00:00,0,0,1.000,,,,,,,,,,,,,,,0,0,0,0,0,0,.000,0.00,,,,,,-2.2866064062056233,561,54
2026-27,mlax,New England Small College Athletic Conference (NESCAC),nescac,Conn. College,Liam Doyle,Liam,Doyle,,163,Liam Doyle,"DOYLE,LIAM",DOYLELIAMCONN,1,0,,,Conn. College,CONN,1125-2945,0,0,0,0,0,0,0,0,0,0,0,0,0,0,0,0,0,0,0,0,0,0,0,0,0,1,0,00:00,0,0,1.000,,,,,,,,,,,,,,,0,0,0,0,0,0,.000,0.00,,,,,,-2.2866064062056233,562,54
2026-27,mlax,New England Small College Athletic Conference (NESCAC),nescac,Wesleyan,Mason Solomon,Mason,Solomon,,764,Mason Solomon,"SOLOMON,MASON",SOLOMONMASONWESLEYAN,3,0,,,Wesleyan,WESLEYAN,0,0,0,0,0,0,0,0,0,0,0,0,0,0,0,0,0,0,0,0,0,0,0,0,0,0,0,0,00:00,0,0,1.000,,,,,,,,,,,,,,,0,1,0,0,0,0,.000,0.00,,,,,,-2.2866064062056233,563,54
2026-27,mlax,New England Small College Athletic Conference (NESCAC),nescac,Wesleyan,Matty Liu,Matty,Liu,,764,Matty Liu,"LIU,MATTY",LIUMATTYWESLEYAN,2,0,,,Wesleyan,WESLEYAN,0,0,0,0,0,0,0,0,0,0,0,0,0,0,0,0,0,0,0,0,0,0,0,0,0,0,2,0,00:00,0,0,1.000,,,,,,,,,,,,,,,0,0,0,0,0,0,.000,0.00,,,,,,-2.2866064062056233,564,54
2026-27,mlax,New England Small College Athletic Conference (NESCAC),nescac,Tufts,Michael Kraemer,Michael,Kraemer,,717,Michael Kraemer,"KRAEMER,MICHAEL",KRAEMERMICHAELTUFTS,4,0,,,Tufts,TUFTS,1129-5144,0,0,0,0,0,0,0,0,0,0,0,0,0,0,0,0,0,0,0,0,0,0,0,0,0,0,0,00:00,0,0,1.000,,,,,,,,,,,,,,,0,0,0,0,0,0,.000,0.00,,,,,,-2.2866064062056233,565,54
2026-27,mlax,New England Small College Athletic Conference (NESCAC),nescac,Conn. College,Michael Moran,Michael,Moran,,163,Michael Moran,"MORAN,MICHAEL",MORANMICHAELCONN,3,0,,,Conn. College,CONN,1125-2508,0,0,0,0,0,0,0,0,0,0,0,0,0,0,0,0,0,0,0,0,0,0,0,0,0,1,0,00:00,0,0,1.000,,,,,,,,,,,,,,,0,0,0,0,0,0,.000,0.00,,,,,,-2.2866064062056233,566,54
2026-27,mlax,New England Small College Athletic Conference (NESCAC),nescac,Conn. College,Nate Elkin,Nate,Elkin,,163,Nate Elkin,"ELKIN,NATE",ELKINNATECONN,5,0,,,Conn. College,CONN,1125-2491,0,0,0,0,0,0,0,0,0,0,0,0,0,0,0,0,0,0,0,0,0,0,0,0,0,0,0,00:00,0,0,1.000,,,,,,,,,,,,,,,0,0,0,0,0,0,.000,0.00,,,,,,-2.2866064062056233,567,53
2026-27,mlax,New England Small College Athletic Conference (NESCAC),nescac,Trinity,Nicholas Sofer,Nicholas,Sofer,,713,Nicholas Sofer,"SOFER,NICHOLAS",SOFERNICHOLASTRINITY,1,0,,,Trinity,TRINITY,1127-5477,0,0,0,0,0,0,0,0,0,0,0,0,0,0,0,0,0,0,0,0,0,0,0,0,0,0,0,00:00,0,0,1.000,,,,,,,,,,,,,,,0,0,0,0,0,0,.000,0.00,,,,,,-2.2866064062056233,568,53
2026-27,mlax,New England Small College Athletic Conference (NESCAC),nescac,Colby,Nick Hoy,Nick,Hoy,,151,Nick Hoy,"HOY,NICK",HOYNICKCOLBY,2,0,,,Colby,COLBY,0,0,0,0,0,0,0,0,0,0,0,0,0,0,0,0,0,0,0,0,0,0,0,0,0,0,0,0,00:00,0,0,1.000,,,,,,,,,,,,,,,1,1,0,0,0,0,1.000,0.00,,,,,,-2.2866064062056233,569,53
2026-27,mlax,New England Small College Athletic Conference (NESCAC),nescac,Trinity,Nico Bilbao,Nico,Bilbao,,713,Nico Bilbao,"BILBAO,NICO",BILBAONICOTRINITY,1,0,,,Trinity,TRINITY,1127-5774,0,0,0,0,0,0,0,0,0,0,0,0,0,0,0,0,0,0,0,0,0,0,0,0,0,0,0,00:00,0,0,1.000,,,,,,,,,,,,,,,0,0,0,0,0,0,.000,0.00,,,,,,-2.2866064062056233,570,53
2026-27,mlax,New England Small College Athletic Conference (NESCAC),nescac,Amherst,Noah Chappell,Noah,Chappell,,24,Noah Chappell,"CHAPPELL,NOAH",CHAPPELLNOAHAMHERST,3,0,,,Amherst,AMHERST,0,0,0,0,0,0,0,0,0,0,0,0,0,0,0,0,0,0,0,0,0,0,0,0,0,0,0,0,00:00,0,0,1.000,,,,,,,,,,,,,,,0,0,0,0,0,0,.000,0.00,,,,,,-2.2866064062056233,571,53
2026-27,mlax,New England Small College Athletic Conference (NESCAC),nescac,Bowdoin,Noah Jones,Noah,Jones,,69,Noah Jones,"JONES,NOAH",JONESNOAHBOWDOIN,6,0,,,Bowdoin,BOWDOIN,0,0,0,0,0,0,0,0,0,0,0,0,0,0,0,0,0,0,0,0,0,0,0,0,0,0,0,0,00:00,0,0,1.000,,,,,,,,,,,,,,,0,4,0,0,0,0,.000,0.00,,,,,,-2.2866064062056233,572,53
2026-27,mlax,New England Small College Athletic Conference (NESCAC),nescac,Tufts,Noah Minkwitz,Noah,Minkwitz,,717,Noah Minkwitz,"MINKWITZ,NOAH",MINKWITZNOAHTUFTS,1,0,,,Tufts,TUFTS,1129-4902,0,0,0,0,0,0,0,0,0,0,0,0,0,0,0,0,0,0,0,0,0,0,0,0,0,0,0,00:00,0,0,1.000,,,,,,,,,,,,,,,0,0,0,0,0,0,.000,0.00,,,,,,-2.2866064062056233,573,53
2026-27,mlax,New England Small College Athletic Conference (NESCAC),nescac,Trinity,Owen Johnston,Owen,Johnston,,713,Owen Johnston,"JOHNSTON,OWEN",JOHNSTONOWENTRINITY,2,0,,,Trinity,TRINITY,1127-5187,0,0,0,0,0,0,0,0,0,0,0,0,0,0,0,0,0,0,0,0,0,0,1,0,0,0,0,00:00,0,1,1.000,,,,,,,,,,,,,,,0,0,0,0,0,0,.000,0.00,,,,,,-2.2866064062056233,574,53
2026-27,mlax,New England Small College Athletic Conference (NESCAC),nescac,Trinity,Owen Kiernan,Owen,Kiernan,,713,Owen Kiernan,"KIERNAN,OWEN",KIERNANOWENTRINITY,1,0,,,Trinity,TRINITY,1127-5493,0,0,0,0,0,0,0,0,0,0,0,0,0,0,0,0,0,0,0,0,0,0,0,0,0,0,0,00:00,0,0,1.000,,,,,,,,,,,,,,,0,0,0,0,0,0,.000,0.00,,,,,,-2.2866064062056233,575,53
2026-27,mlax,New England Small College Athletic Conference (NESCAC),nescac,Conn. College,Peyton Gray,Peyton,Gray,,163,Peyton Gray,"GRAY,PEYTON",GRAYPEYTONCONN,3,0,,,Conn. College,CONN,1125-2950,0,0,0,0,0,0,0,0,0,0,0,0,0,0,0,0,0,0,0,0,0,0,0,0,0,2,0,00:00,0,0,1.000,,,,,,,,,,,,,,,0,0,0,0,0,0,.000,0.00,,,,,,-2.2866064062056233,576,53
2026-27,mlax,New England Small College Athletic Conference (NESCAC),nescac,Middlebury,Quinn Green,Quinn,Green,,420,Quinn Green,"GREEN,QUINN",GREENQUINNMIDD,1,0,,,Middlebury,MIDD,1126-6140,0,0,0,0,0,0,0,0,0,0,0,0,0,0,0,0,0,0,0,0,0,0,0,0,0,0,0,0,0,0,1.000,,,,,,,,,,,,,,,1,1,0,0,0,0,1.000,0.00,,,,,,-2.2866064062056233,577,53
2026-27,mlax,New England Small College Athletic Conference (NESCAC),nescac,Middlebury,Rand Shepard,Rand,Shepard,,420,Rand Shepard,"SHEPARD,RAND",SHEPARDRANDMIDD,2,0,,,Middlebury,MIDD,1126-6323,0,0,0,0,0,0,0,0,0,0,0,0,0,0,0,0,0,0,0,0,0,0,0,0,0,0,0,00:00,0,0,1.000,,,,,,,,,,,,,,,0,0,0,0,0,0,.000,0.00,,,,,,-2.2866064062056233,578,53
2026-27,mlax,New England Small College Athletic Conference (NESCAC),nescac,Trinity,Reed Campbell,Reed,Campbell,,713,Reed Campbell,"CAMPBELL,REED",CAMPBELLREEDTRINITY,2,0,,,Trinity,TRINITY,1127-5756,0,0,0,0,0,0,0,0,0,0,0,0,0,0,0,0,0,0,0,0,0,0,0,0,0,0,0,00:00,0,0,1.000,,,,,,,,,,,,,,,0,1,0,0,0,0,.000,0.00,,,,,,-2.2866064062056233,579,53
2026-27,mlax,New England Small College Athletic Conference (NESCAC),nescac,Hamilton,Reid Mather,Reid,Mather,,267,Reid Mather,"MATHER,REID",MATHERREIDHAMILTON,1,0,,,Hamilton,HAMILTON,0,0,0,0,0,0,0,0,0,0,0,0,0,0,0,0,0,0,0,0,0,0,0,1,0,0,0,0,00:00,0,1,1.000,,,,,,,,,,,,,,,0,0,0,0,0,0,.000,0.00,,,,,,-2.2866064062056233,580,52
2026-27,mlax,New England Small College Athletic Conference (NESCAC),nescac,Wesleyan,Reis Conway,Reis,Conway,,764,Reis Conway,"CONWAY,REIS",CONWAYREISWESLEYAN,0,0,,,Wesleyan,WESLEYAN,0,0,0,0,0,0,0,0,0,0,0,0,0,0,0,0,0,0,0,0,0,0,0,0,0,0,0,0,00:00,0,0,1.000,,,,,,,,,,,,,,,0,0,0,0,0,0,.000,0,,,,,,-2.2866064062056233,581,52
2026-27,mlax,New England Small College Athletic Conference (NESCAC),nescac,Bowdoin,Rezin Wiegmann,Rezin,Wiegmann,,69,Rezin Wiegmann,"WIEGMANN,REZIN",WIEGMANNREZINBOWDOIN,1,0,,,Bowdoin,BOWDOIN,0,0,0,0,0,0,0,0,0,0,0,0,0,0,0,0,0,0,0,0,0,0,0,0,0,0,0,0,00:00,0,0,1.000,,,,,,,,,,,,,,,0,0,0,0,0,0,.000,0.00,,,,,,-2.2866064062056233,582,52
2026-27,mlax,New England Small College Athletic Conference (NESCAC),nescac,Conn. College,Sam Harley,Sam,Harley,,163,Sam Harley,"HARLEY,SAM",HARLEYSAMCONN,6,1,,,Conn. College,CONN,1125-2765,0,0,0,0,0,0,0,0,0,0,0,0,0,0,0,0,0,0,0,0,0,0,0,0,0,0,0,60:00,0,0,1.000,,,,,,,,,,,,,,,0,0,0,0,0,0,.000,0.00,,,,,,-2.2866064062056233,583,52
2026-27,mlax,New England Small College Athletic Conference (NESCAC),nescac,Conn. College,Sean Horkan,Sean,Horkan,,163,Sean Horkan,"HORKAN,SEAN",HORKANSEANCONN,1,0,,,Conn. College,CONN,1125-2949,0,0,0,0,0,0,0,0,0,0,0,0,0,0,0,0,0,0,0,0,0,0,0,0,0,1,0,00:00,0,0,1.000,,,,,,,,,,,,,,,0,1,0,0,0,0,.000,0.00,,,,,,-2.2866064062056233,584,52
2026-27,mlax,New England Small College Athletic Conference (NESCAC),nescac,Hamilton,Sean Wiseman,Sean,Wiseman,,267,Sean Wiseman,"WISEMAN,SEAN",WISEMANSEANHAMILTON,1,0,,,Hamilton,HAMILTON,0,0,0,0,0,0,0,0,0,0,0,0,0,0,0,0,0,0,0,0,0,0,0,0,0,0,0,0,00:00,0,0,1.000,,,,,,,,,,,,,,,0,0,0,0,0,0,.000,0.00,,,,,,-2.2866064062056233,585,52
2026-27,mlax,New England Small College Athletic Conference (NESCAC),nescac,Amherst,Shafeek Halabi,Shafeek,Halabi,,24,Shafeek Halabi,"HALABI,SHAFEEK",HALABISHAFEEKAMHERST,2,0,,,Amherst,AMHERST,0,0,0,0,0,0,0,0,0,0,0,0,0,0,0,0,0,0,0,0,0,0,0,0,0,0,0,0,00:00,0,0,1.000,,,,,,,,,,,,,,,0,0,0,0,0,0,.000,0.00,,,,,,-2.2866064062056233,586,52
2026-27,mlax,New England Small College Athletic Conference (NESCAC),nescac,Williams,Tommy Cottrell,Tommy,Cottrell,,789,Tommy Cottrell,"COTTRELL,TOMMY",COTTRELLTOMMYWILLIAMS,2,0,,,Williams,WILLIAMS,0,0,0,0,0,0,0,0,0,0,0,0,0,0,0,0,0,0,0,0,0,0,0,0,0,0,1,0,00:00,0,0,1.000,,,,,,,,,,,,,,,0,0,0,0,0,0,.000,0.00,,,,,,-2.2866064062056233,587,52
2026-27,mlax,New England Small College Athletic Conference (NESCAC),nescac,Middlebury,Tommy Schwartz,Tommy,Schwartz,,420,Tommy Schwartz,"SCHWARTZ,TOMMY",SCHWARTZTOMMYMIDD,0,0,,,Middlebury,MIDD,1126-6146,0,0,0,0,0,0,0,0,0,0,0,0,0,0,0,0,0,0,0,0,0,0,0,0,0,0,0,00:00,0,0,1.000,,,,,,,,,,,,,,,0,0,0,0,0,0,.000,0,,,,,,-2.2866064062056233,588,52
2026-27,mlax,New England Small College Athletic Conference (NESCAC),nescac,Conn. College,Trevor Potenti,Trevor,Potenti,,163,Trevor Potenti,"POTENTI,TREVOR",POTENTITREVORCONN,2,0,,,Conn. College,CONN,1125-3139,0,0,0,0,0,0,0,0,0,0,0,0,0,0,0,0,0,0,0,0,0,0,0,0,0,0,0,00:00,0,0,1.000,,,,,,,,,,,,,,,0,0,0,0,0,0,.000,0.00,,,,,,-2.2866064062056233,589,52
2026-27,mlax,New England Small College Athletic Conference (NESCAC),nescac,Middlebury,Turner Zapton,Turner,Zapton,,420,Turner Zapton,"ZAPTON,TURNER",ZAPTONTURNERMIDD,1,0,,,Middlebury,MIDD,1126-6634,0,0,0,0,0,0,0,0,0,0,0,0,0,0,0,0,0,0,0,0,0,0,0,0,0,0,0,00:00,0,0,1.000,,,,,,,,,,,,,,,0,0,0,0,0,0,.000,0.00,,,,,,-2.2866064062056233,590,52
2026-27,mlax,New England Small College Athletic Conference (NESCAC),nescac,Williams,Tyler Mook,Tyler,Mook,,789,Tyler Mook,"MOOK,TYLER",MOOKTYLERWILLIAMS,1,0,,,Williams,WILLIAMS,0,0,0,0,0,0,0,0,0,0,0,0,0,0,0,0,0,0,0,0,0,0,0,0,0,0,0,0,00:00,0,0,1.000,,,,,,,,,,,,,,,0,0,0,0,0,0,.000,0.00,,,,,,-2.2866064062056233,591,52
2026-27,mlax,New England Small College Athletic Conference (NESCAC),nescac,Bates,Wes Elkind,Wes,Elkind,,50,Wes Elkind,"ELKIND,WES",ELKINDWESBATES,5,0,,,Bates,BATES,1120-5909,0,0,0,0,0,0,0,0,0,0,0,0,0,0,0,0,0,0,0,0,0,0,0,0,0,0,0,00:00,0,0,1.000,,,,,,,,,,,,,,,0,0,0,0,0,0,.000,0.00,,,,,,-2.2866064062056233,592,52
2026-27,mlax,New England Small College Athletic Conference (NESCAC),nescac,Bowdoin,Will Childs,Will,Childs,,69,Will Childs,"CHILDS,WILL",CHILDSWILLBOWDOIN,1,0,,,Bowdoin,BOWDOIN,0,0,0,0,0,0,0,0,0,0,0,0,0,0,0,0,0,0,0,0,0,0,0,0,0,0,0,0,00:00,0,0,1.000,,,,,,,,,,,,,,,0,0,0,0,0,0,.000,0.00,,,,,,-2.2866064062056233,593,52
2026-27,mlax,New England Small College Athletic Conference (NESCAC),nescac,Williams,Will Erickson,Will,Erickson,,789,Will Erickson,"ERICKSON,WILL",ERICKSONWILLWILLIAMS,0,0,,,Williams,WILLIAMS,0,0,0,0,0,0,0,0,0,0,0,0,0,0,0,0,0,0,0,0,0,0,0,0,0,0,0,0,00:00,0,0,1.000,,,,,,,,,,,,,,,0,0,0,0,0,0,.000,0,,,,,,-2.2866064062056233,594,51
2026-27,mlax,New England Small College Athletic Conference (NESCAC),nescac,Hamilton,Will Gagnon,Will,Gagnon,,267,Will Gagnon,"GAGNON,WILL",GAGNONWILLHAMILTON,1,0,,,Hamilton,HAMILTON,0,0,0,0,0,0,0,0,0,0,0,0,0,0,0,0,0,0,0,0,0,0,0,0,0,0,0,0,00:00,0,0,1.000,,,,,,,,,,,,,,,0,0,0,0,0,0,.000,0.00,,,,,,-2.2866064062056233,595,51
2026-27,mlax,New England Small College Athletic Conference (NESCAC),nescac,Hamilton,William Villa,William,Villa,,267,William Villa,"VILLA,WILLIAM",VILLAWILLIAMHAMILTON,1,0,,,Hamilton,HAMILTON,0,0,0,0,0,0,0,0,0,0,0,0,0,0,0,0,0,0,0,0,0,0,0,0,0,0,0,0,00:00,0,0,1.000,,,,,,,,,,,,,,,0,0,0,0,0,0,.000,0.00,,,,,,-2.2866064062056233,596,51
2026-27,mlax,New England Small College Athletic Conference (NESCAC),nescac,Trinity,Matt Shepard,Matt,Shepard,,713,Matt Shepard,"SHEPARD,MATT",SHEPARDMATTTRINITY,6,3,,,Trinity,TRINITY,1127-5771,0,0,0,0,0,0,0,0,0,0,0,0,0,0,0,0,0,0,0,0,0,0,0,3,0,0,3,154:00,58,0,1.000,5,214:58,44,47,0,2,4,0,0,0,0,162,12.28,.516,0,0,0,0,0,0,.000,0.00,,,,,,-2.2880041152774,597,51
2026-27,mlax,New England Small College Athletic Conference (NESCAC),nescac,Hamilton,Ben Keppler,Ben,Keppler,,267,Ben Keppler,"KEPPLER,BEN",KEPPLERBENHAMILTON,3,0,,,Hamilton,HAMILTON,1058-2523,0,0,0,0,0,0,0,0,0,0,0,0,0,0,0,0,0,0,0,0,0,0,0,0,0,2,0,15:00,0,0,1.000,2,16:42,2,2,0,0,0,0,0,0,0,7,7.19,.500,0,0,0,0,0,0,.000,0.00,,,,,,-2.4036413110483874,598,51
2026-27,mlax,New England Small College Athletic Conference (NESCAC),nescac,Bates,Noah Wood,Noah,Wood,,50,Noah Wood,"WOOD,NOAH",WOODNOAHBATES,3,0,,,Bates,BATES,1120-6187,0,0,0,0,0,0,0,0,0,0,0,0,0,0,0,0,0,0,0,0,0,1,0,1,0,0,1,00:00,0,1,1.000,2,44:31,7,7,0,0,0,0,0,0,0,21,9.43,.500,0,0,0,0,0,0,.000,0.00,,,,,,-2.5379971241738226,599,51
2026-27,mlax,New England Small College Athletic Conference (NESCAC),nescac,Amherst,Spencer Will,Spencer,Will,,24,Spencer Will,"WILL,SPENCER",WILLSPENCERAMHERST,8,5,,,Amherst,AMHERST,0,0,0,0,0,0,0,0,0,0,0,0,0,0,0,0,0,0,0,0,0,0,0,0,7,0,7,0,300:00,6,0,1.000,8,309:44,62,56,0,3,3,0,0,0,0,198,12.01,.475,0,0,0,0,0,0,.000,0.00,,,,,,-2.62748459114953,600,51
2026-27,mlax,New England Small College Athletic Conference (NESCAC),nescac,Bates,Drew Nyhus,Drew,Nyhus,,50,Drew Nyhus,"NYHUS,DREW",NYHUSDREWBATES,6,1,,,Bates,BATES,1120-5294,0,0,0,0,0,0,0,0,0,0,0,0,0,0,0,0,0,0,0,0,0,0,0,0,0,2,0,60:00,0,0,1.000,6,57:38,9,9,0,0,0,0,0,0,0,30,9.37,.500,0,0,0,0,0,0,.000,0.00,,,,,,-2.6784068953838753,601,51
2026-27,mlax,New England Small College Athletic Conference (NESCAC),nescac,Trinity,Diego Gomez,Diego,Gomez,,713,Diego Gomez,"GOMEZ,DIEGO",GOMEZDIEGOTRINITY,4,3,,,Trinity,TRINITY,1127-5467,0,0,0,0,0,0,0,0,0,0,0,0,0,0,0,0,0,0,0,0,0,0,0,8,0,2,1,180:00,0,0,1.000,3,135:43,27,23,0,3,2,0,0,0,0,77,11.94,.460,0,0,0,0,0,0,.000,0.00,,,,,,-2.7487580419915436,602,51
2026-27,mlax,New England Small College Athletic Conference (NESCAC),nescac,Tufts,Will Anderson,Will,Anderson,,717,Will Anderson,"ANDERSON,WILL",ANDERSONWILLTUFTS,13,0,,,Tufts,TUFTS,1129-4663,0,0,0,0,0,0,0,0,0,0,0,0,0,0,0,0,0,0,0,0,0,0,0,4,0,4,0,00:00,0,0,1.000,11,78:24,17,19,0,0,0,0,0,0,0,57,13.01,.528,0,2,0,0,0,0,.000,0.00,,,,,,-2.834750608411269,603,51
2026-27,mlax,New England Small College Athletic Conference (NESCAC),nescac,Colby,Zachary Parks,Zachary,Parks,,151,Zachary Parks,"PARKS,ZACHARY",PARKSZACHARYCOLBY,6,1,,,Colby,COLBY,0,0,0,0,0,0,0,0,0,0,0,0,0,0,0,0,0,0,0,0,0,0,0,0,6,0,2,0,60:00,0,0,1.000,6,157:03,28,20,0,1,0,0,0,0,0,89,10.70,.417,0,0,0,0,0,0,.000,0.00,,,,,,-3.025926306560655,604,51
2026-27,mlax,New England Small College Athletic Conference (NESCAC),nescac,Amherst,Peter Mok,Peter,Mok,,24,Peter Mok,"MOK,PETER",MOKPETERAMHERST,2,0,,,Amherst,AMHERST,0,0,0,0,0,0,0,0,0,0,0,0,0,0,0,0,0,0,0,0,0,0,0,0,0,0,1,0,00:00,0,0,1.000,2,13:43,3,3,0,0,0,0,0,0,0,9,13.12,.500,0,0,0,1,1,0,.000,0.50,,,,,,-3.0324787069982886,605,51
2026-27,mlax,New England Small College Athletic Conference (NESCAC),nescac,Williams,Colin Decker,Colin,Decker,,789,Colin Decker,"DECKER,COLIN",DECKERCOLINWILLIAMS,3,0,,,Williams,WILLIAMS,0,0,0,0,0,0,0,0,0,0,0,0,0,0,0,0,0,0,0,0,0,0,0,0,2,0,1,1,00:00,0,0,1.000,3,55:12,14,12,0,0,0,0,0,0,0,44,15.22,.462,0,0,0,0,0,0,.000,0.00,,,,,,-3.5254400812332616,606,51
2026-27,mlax,New England Small College Athletic Conference (NESCAC),nescac,Wesleyan,Silas Hamblett,Silas,Hamblett,,764,Silas Hamblett,"HAMBLETT,SILAS",HAMBLETTSILASWESLEYAN,4,0,,,Wesleyan,WESLEYAN,0,0,0,0,0,0,0,0,0,0,0,0,0,0,0,0,0,0,0,0,0,0,0,0,2,0,1,0,00:00,0,0,1.000,4,119:09,28,20,0,2,2,0,0,0,0,71,14.10,.417,0,0,0,0,0,0,.000,0.00,,,,,,-3.6821173680015846,607,50
2026-27,mlax,New England Small College Athletic Conference (NESCAC),nescac,Conn. College,Nick Schiliro,Nick,Schiliro,,163,Nick Schiliro,"SCHILIRO,NICK",SCHILIRONICKCONN,3,0,,,Conn. College,CONN,1125-3133,0,0,0,0,0,0,0,0,0,0,0,0,0,0,0,0,0,0,0,0,0,0,0,0,0,0,0,00:00,0,0,1.000,3,19:17,4,2,0,0,0,0,0,0,0,8,12.45,.333,0,0,0,0,0,0,.000,0.00,,,,,,-4.099572706237358,608,50
2026-27,mlax,New England Small College Athletic Conference (NESCAC),nescac,Tufts,Sam Juhnke,Sam,Juhnke,,717,Sam Juhnke,"JUHNKE,SAM",JUHNKESAMTUFTS,12,0,,,Tufts,TUFTS,1129-5142,0,0,0,0,0,0,0,0,0,0,0,0,0,0,0,0,0,0,0,0,0,0,0,1,0,3,0,00:00,0,0,1.000,10,44:54,12,7,0,0,0,0,0,0,0,38,16.04,.368,1,1,0,0,0,0,1.000,0.00,,,,,,-4.360225989487626,609,50
2026-27,mlax,New England Small College Athletic Conference (NESCAC),nescac,Conn. College,Joey DeMarzo,Joey,DeMarzo,,163,Joey DeMarzo,"DEMARZO,JOEY",DEMARZOJOEYCONN,6,2,,,Conn. College,CONN,1125-2764,0,0,0,0,0,0,0,0,0,0,0,0,0,0,0,0,0,0,0,0,0,0,0,2,0,1,1,121:00,48,0,1.000,5,86:54,29,21,0,0,2,0,0,0,0,94,20.02,.420,0,0,0,0,0,0,.000,0.00,,,,,,-4.404018087804025,610,50
2026-27,mlax,New England Small College Athletic Conference (NESCAC),nescac,Bowdoin,Eddie McElroy,Eddie,McElroy,,69,Eddie McElroy,"MCELROY,EDDIE",MCELROYEDDIEBOWDOIN,7,0,,,Bowdoin,BOWDOIN,0,0,0,0,0,0,0,0,0,0,0,0,0,0,0,0,0,0,0,0,0,0,0,0,2,0,0,0,00:00,0,0,1.000,6,44:10,12,6,0,0,0,0,0,0,0,30,16.30,.333,0,0,0,0,0,0,.000,0.00,,,,,,-4.559101924396573,611,50
2026-27,mlax,New England Small College Athletic Conference (NESCAC),nescac,Williams,Lewis Schrock,Lewis,Schrock,,789,Lewis Schrock,"SCHROCK,LEWIS",SCHROCKLEWISWILLIAMS,4,0,,,Williams,WILLIAMS,0,0,0,0,0,0,0,0,0,0,0,0,0,0,0,0,0,0,0,0,0,0,0,0,0,0,0,0,00:00,0,0,1.000,3,23:40,12,4,0,0,0,0,0,0,0,21,30.42,.250,0,0,0,0,0,0,.000,0.00,,,,,,-7.17946382331719,612,50
