season,sport,conference,conference_code,team,player_name,first_name,last_name,position,team_code,name,checkname,team_name,team_id,sdrm_id,games_played,games_started,uniform,year,code,shot_stats_penalty_kick_attempts,shot_stats_penalty_kick_goals,shot_stats_shots_on_goal,shot_stats_shots,shot_stats_points,shot_stats_assists,shot_stats_goals,shot_stats_penalty_shot_attempts,shot_stats_penalty_shot_goals,shot_stats_avg_shots_per_game,shot_stats_avg_sog_per_game,shot_stats_avg_points_per_game,shot_stats_avg_goals_per_game,shot_stats_avg_assists_per_game,shot_stats_shots_saved_by_goalie,goal_stats_game_tying,goal_stats_hattricks,goal_stats_overtime,goal_stats_first,goal_stats_unassisted,goal_stats_game_winning,goal_stats_avg_gw_per_game,caution_stats_fouls,caution_stats_red_cards,caution_stats_yellow_cards,caution_stats_green_cards,caution_stats_avg_fouls_per_game,caution_stats_avg_yc_per_game,caution_stats_avg_rc_per_game,caution_stats_avg_gc_per_game,misc_stats_offsides,misc_stats_corner_kicks,misc_stats_minutes_played,misc_stats_defensive_saves,misc_stats_avg_corners_per_game,misc_stats_avg_offsides_per_game,goalie_stats_shots_faced,goalie_stats_ties,goalie_stats_losses,goalie_stats_wins,goalie_stats_shutouts,goalie_stats_save_percentage,goalie_stats_goals_against_avg,goalie_stats_saves,goalie_stats_goals_allowed,goalie_stats_minutes,goalie_stats_games_started,goalie_stats_games_played,goalie_stats_avg_ga_per_game,goalie_stats_save_percentage_calc,goalie_stats_avg_sho_per_game,goalie_stats_avg_saves_per_game,goalie_stats,composite_score,global_rank,rating
2026-27,wsoc,New England Small College Athletic Conference (NESCAC),nescac,Wesleyan,"Utz, Maria",Maria,Utz,,764,"Utz, Maria","UTZ,MARIA",Wesleyan,WES,1130-6564,8,8,23,0,23,0,0,24,40,22,4,9,0,0,5.00,3.00,2.75,1.125,.500,15,0,1,0,1,4,2,.250,13,0,1,0,1.63,.13,.00,.00,0,,592:00,0,.00,.00,,,,,,,,,,,,,,,,,,27.25328793454998,1,99
2026-27,wsoc,New England Small College Athletic Conference (NESCAC),nescac,Hamilton,Lila Sullivan,Lila,Sullivan,,267,Lila Sullivan,"SULLIVAN,LILA",Hamilton,HAMILTON,1058-3030,7,7,22,0,22,0,0,15,18,17,1,8,0,0,2.57,2.14,2.43,1.143,.143,7,1,1,0,3,3,3,.429,1,0,0,0,.14,.00,.00,.00,0,,407:00,0,.00,.00,,,,,,,,,,,,,,,,,,18.619810504983327,2,99
2026-27,wsoc,New England Small College Athletic Conference (NESCAC),nescac,Amherst,"Darling, Emma",Emma,Darling,,24,"Darling, Emma","DARLING,EMMA",Amherst,AMH,0,7,7,17,0,17,0,0,6,10,10,4,3,0,0,1.43,.86,1.43,.429,.571,3,1,0,0,0,1,0,.000,0,0,0,0,.00,.00,.00,.00,0,,413:00,0,.00,.00,,,,,,,,,,,,,,,,,,11.873412092506149,3,99
2026-27,wsoc,New England Small College Athletic Conference (NESCAC),nescac,Wesleyan,"Hill, Taylor",Taylor,Hill,,764,"Hill, Taylor","HILL,TAYLOR",Wesleyan,WES,1130-6770,8,8,18,0,18,0,0,6,19,10,4,3,0,0,2.38,.75,1.25,.375,.500,3,0,0,0,1,0,3,.375,2,0,0,0,.25,.00,.00,.00,0,,454:00,0,.00,.00,,,,,,,,,,,,,,,,,,11.873412092506149,4,98
2026-27,wsoc,New England Small College Athletic Conference (NESCAC),nescac,Bates,"Jamison, Gwyn",Gwyn,Jamison,,50,"Jamison, Gwyn","JAMISON,GWYN",Bates,BAT,1120-5829,6,6,12,0,12,0,0,11,14,8,4,2,0,0,2.33,1.83,1.33,.333,.667,9,0,0,0,0,2,0,.000,3,0,0,0,.50,.00,.00,.00,0,,494:00,0,.00,.00,,,,,,,,,,,,,,,,,,10.785982468135698,5,98
2026-27,wsoc,New England Small College Athletic Conference (NESCAC),nescac,Bowdoin,Jackie Shores,Jackie,Shores,,69,Jackie Shores,"SHORES,JACKIE",Bowdoin,BOWDOIN,1121-4448,8,8,5,0,5,0,0,11,18,10,0,5,0,0,2.25,1.38,1.25,.625,.000,6,1,0,0,1,1,1,.125,2,0,0,0,.25,.00,.00,.00,0,,523:00,0,.00,.00,,,,,,,,,,,,,,,,,,10.197881959859988,6,98
2026-27,wsoc,New England Small College Athletic Conference (NESCAC),nescac,Hamilton,Haley Cramer,Haley,Cramer,,267,Haley Cramer,"CRAMER,HALEY",Hamilton,HAMILTON,1058-2792,7,7,18,0,18,0,0,7,14,8,4,2,0,0,2.00,1.00,1.14,.286,.571,5,0,0,0,1,0,0,.000,6,0,1,0,.86,.14,.00,.00,0,,498:00,0,.00,.00,,,,,,,,,,,,,,,,,,10.048040960150605,7,97
2026-27,wsoc,New England Small College Athletic Conference (NESCAC),nescac,Tufts,"Jones, Maren",Maren,Jones,,717,"Jones, Maren","JONES,MAREN",Tufts,TUFTS,1129-4726,6,6,15,0,15,0,0,7,13,8,4,2,0,0,2.17,1.17,1.33,.333,.667,5,1,0,0,1,0,1,.167,3,0,0,0,.50,.00,.00,.00,0,,419:00,0,.00,.00,,,,,,,,,,,,,,,,,,10.048040960150605,8,97
2026-27,wsoc,New England Small College Athletic Conference (NESCAC),nescac,Bowdoin,Kayley Huleatt,Kayley,Huleatt,,69,Kayley Huleatt,"HULEATT,KAYLEY",Bowdoin,BOWDOIN,1121-4449,8,8,7,0,7,0,0,7,15,8,4,2,0,0,1.88,.88,1.00,.250,.500,5,0,0,0,1,0,1,.125,3,0,1,0,.38,.13,.00,.00,0,,546:00,0,.00,.00,,,,,,,,,,,,,,,,,,10.048040960150605,9,97
2026-27,wsoc,New England Small College Athletic Conference (NESCAC),nescac,Wesleyan,"Schreiber, Romi",Romi,Schreiber,,764,"Schreiber, Romi","SCHREIBER,ROMI",Wesleyan,WES,1130-6772,8,6,12,0,12,0,0,10,20,9,1,4,0,0,2.50,1.25,1.13,.500,.125,6,0,0,0,1,2,0,.000,1,0,0,0,.13,.00,.00,.00,0,,299:00,0,.00,.00,,,,,,,,,,,,,,,,,,9.657957582594687,10,96
2026-27,wsoc,New England Small College Athletic Conference (NESCAC),nescac,Amherst,"Lomo, Jessica",Jessica,Lomo,,24,"Lomo, Jessica","LOMO,JESSICA",Amherst,AMH,0,7,6,30,0,30,0,0,7,13,9,1,4,0,0,1.86,1.00,1.29,.571,.143,3,1,0,0,0,1,0,.000,0,0,0,0,.00,.00,.00,.00,0,,416:00,0,.00,.00,,,,,,,,,,,,,,,,,,9.104501451605866,11,96
2026-27,wsoc,New England Small College Athletic Conference (NESCAC),nescac,Bates,"Ladich, Whitney",Whitney,Ladich,,50,"Ladich, Whitney","LADICH,WHITNEY",Bates,BAT,1120-6397,6,6,30,0,30,0,0,6,11,9,1,4,0,0,1.83,1.00,1.50,.667,.167,2,1,0,0,1,1,1,.167,6,0,0,0,1.00,.00,.00,.00,0,,399:00,0,.00,.00,,,,,,,,,,,,,,,,,,8.920016074609594,12,96
2026-27,wsoc,New England Small College Athletic Conference (NESCAC),nescac,Wesleyan,"Leahey, Kerenza",Kerenza,Leahey,,764,"Leahey, Kerenza","LEAHEY,KERENZA",Wesleyan,WES,1130-6559,8,8,10,0,10,0,0,6,18,7,3,2,0,0,2.25,.75,.88,.250,.375,4,0,0,0,1,0,1,.125,9,0,0,0,1.13,.00,.00,.00,0,,487:00,0,.00,.00,,,,,,,,,,,,,,,,,,8.209138074071541,13,95
2026-27,wsoc,New England Small College Athletic Conference (NESCAC),nescac,Middlebury,"Mallory, Noelle",Noelle,Mallory,,420,"Mallory, Noelle","MALLORY,NOELLE",Middlebury,MIDD,0,7,5,14,0,14,0,0,6,13,7,3,2,0,0,1.86,.86,1.00,.286,.429,4,0,0,0,0,0,1,.143,5,0,0,0,.71,.00,.00,.00,0,,416:00,0,.00,.00,,,,,,,,,,,,,,,,,,8.209138074071541,14,95
2026-27,wsoc,New England Small College Athletic Conference (NESCAC),nescac,Bowdoin,Mary Rainey,Mary,Rainey,,69,Mary Rainey,"RAINEY,MARY",Bowdoin,BOWDOIN,1121-4306,8,8,11,0,11,0,0,11,20,6,2,2,0,0,2.50,1.38,.75,.250,.250,9,0,0,0,1,0,0,.000,1,0,0,0,.13,.00,.00,.00,0,,452:00,0,.00,.00,,,,,,,,,,,,,,,,,,7.477147449970115,15,95
2026-27,wsoc,New England Small College Athletic Conference (NESCAC),nescac,Middlebury,"McClennen, Taya",Taya,McClennen,,420,"McClennen, Taya","MCCLENNEN,TAYA",Middlebury,MIDD,0,7,6,21,0,21,0,0,9,19,7,1,3,2,1,2.71,1.29,1.00,.429,.143,6,1,0,0,1,1,0,.000,7,0,0,0,1.00,.00,.00,.00,0,,414:00,0,.00,.00,,,,,,,,,,,,,,,,,,7.463615696246596,16,95
2026-27,wsoc,New England Small College Athletic Conference (NESCAC),nescac,Tufts,"Sumner, Waverly",Waverly,Sumner,,717,"Sumner, Waverly","SUMNER,WAVERLY",Tufts,TUFTS,1129-4477,6,6,18,0,18,0,0,7,14,7,1,3,1,1,2.33,1.17,1.17,.500,.167,4,0,0,0,3,2,0,.000,3,0,0,0,.50,.00,.00,.00,0,,454:00,0,.00,.00,,,,,,,,,,,,,,,,,,7.09464494225405,17,94
2026-27,wsoc,New England Small College Athletic Conference (NESCAC),nescac,Conn. College,"Zicha, Danica",Danica,Zicha,,163,"Zicha, Danica","ZICHA,DANICA",Conn. College,CONN,1125-3156,7,6,3,0,3,0,0,6,10,7,1,3,0,0,1.43,.86,1.00,.429,.143,3,1,0,0,1,1,1,.143,2,0,0,0,.29,.00,.00,.00,0,,382:00,0,.00,.00,,,,,,,,,,,,,,,,,,6.910159565257777,18,94
2026-27,wsoc,New England Small College Athletic Conference (NESCAC),nescac,Williams,"Abbiati, Bria",Bria,Abbiati,,789,"Abbiati, Bria","ABBIATI,BRIA",Williams,WIL,0,6,6,19,0,19,0,0,7,14,6,2,2,0,0,2.33,1.17,1.00,.333,.333,5,0,0,0,1,0,1,.167,4,0,0,0,.67,.00,.00,.00,0,,282:00,0,.00,.00,,,,,,,,,,,,,,,,,,6.739205941985022,19,94
2026-27,wsoc,New England Small College Athletic Conference (NESCAC),nescac,Wesleyan,"Snow, Sheridan",Sheridan,Snow,,764,"Snow, Sheridan","SNOW,SHERIDAN",Wesleyan,WES,1130-6773,8,8,15,0,15,0,0,7,18,6,2,2,0,0,2.25,.88,.75,.250,.250,5,0,0,0,0,0,1,.125,6,0,3,0,.75,.38,.00,.00,0,,678:00,0,.00,.00,,,,,,,,,,,,,,,,,,6.739205941985022,20,94
2026-27,wsoc,New England Small College Athletic Conference (NESCAC),nescac,Williams,"Lloyd, Maya",Maya,Lloyd,,789,"Lloyd, Maya","LLOYD,MAYA",Williams,WIL,0,6,6,18,0,18,0,0,6,11,6,2,2,0,0,1.83,1.00,1.00,.333,.333,4,0,0,0,0,0,1,.167,4,0,0,0,.67,.00,.00,.00,0,,323:00,0,.00,.00,,,,,,,,,,,,,,,,,,6.554720564988749,21,94
2026-27,wsoc,New England Small College Athletic Conference (NESCAC),nescac,Colby,Ella Caraluzzi,Ella,Caraluzzi,,151,Ella Caraluzzi,"CARALUZZI,ELLA",Colby,COLBY,0,7,4,19,0,19,0,0,4,8,7,1,3,0,0,1.14,.57,1.00,.429,.143,1,0,0,0,1,1,2,.286,3,0,0,0,.43,.00,.00,.00,0,,310:00,0,.00,.00,,,,,,,,,,,,,,,,,,6.54118881126523,22,94
2026-27,wsoc,New England Small College Athletic Conference (NESCAC),nescac,Conn. College,"Lovell, Morgan",Morgan,Lovell,,163,"Lovell, Morgan","LOVELL,MORGAN",Conn. College,CONN,1125-3151,7,5,28,0,28,0,0,4,6,6,2,2,1,0,.86,.57,.86,.286,.286,2,1,0,0,1,1,0,.000,4,0,0,0,.57,.00,.00,.00,0,,343:00,0,.00,.00,,,,,,,,,,,,,,,,,,6.185749810996202,23,94
2026-27,wsoc,New England Small College Athletic Conference (NESCAC),nescac,Bates,"Martin, Eleanor",Eleanor,Martin,,50,"Martin, Eleanor","MARTIN,ELEANOR",Bates,BAT,1120-5831,5,4,23,0,23,0,0,4,15,6,2,2,0,0,3.00,.80,1.20,.400,.400,2,0,0,0,0,0,0,.000,4,0,1,0,.80,.20,.00,.00,0,,239:00,0,.00,.00,,,,,,,,,,,,,,,,,,6.185749810996202,24,93
2026-27,wsoc,New England Small College Athletic Conference (NESCAC),nescac,Hamilton,Kate Giglio,Kate,Giglio,,267,Kate Giglio,"GIGLIO,KATE",Hamilton,HAMILTON,1058-2788,7,7,6,0,6,0,0,3,4,5,3,1,0,0,.57,.43,.71,.143,.429,2,0,0,0,0,1,0,.000,4,0,0,0,.57,.00,.00,.00,0,,563:00,0,.00,.00,,,,,,,,,,,,,,,,,,5.645825433730902,25,93
2026-27,wsoc,New England Small College Athletic Conference (NESCAC),nescac,Colby,Abigail Jarvi,Abigail,Jarvi,,151,Abigail Jarvi,"JARVI,ABIGAIL",Colby,COLBY,0,7,7,32,0,32,0,0,7,14,6,0,3,0,0,2.00,1.00,.86,.429,.000,4,0,0,0,3,0,3,.429,9,0,0,0,1.29,.00,.00,.00,0,,417:00,0,.00,.00,,,,,,,,,,,,,,,,,,5.440227433171259,26,93
2026-27,wsoc,New England Small College Athletic Conference (NESCAC),nescac,Tufts,"Nicholas, Emily",Emily,Nicholas,,717,"Nicholas, Emily","NICHOLAS,EMILY",Tufts,TUFTS,1129-4475,6,6,11,0,11,0,0,7,10,6,0,3,0,0,1.67,1.17,1.00,.500,.000,4,0,0,0,1,0,0,.000,5,0,0,0,.83,.00,.00,.00,0,,471:00,0,.00,.00,,,,,,,,,,,,,,,,,,5.440227433171259,27,93
2026-27,wsoc,New England Small College Athletic Conference (NESCAC),nescac,Hamilton,Isabel Harvey,Isabel,Harvey,,267,Isabel Harvey,"HARVEY,ISABEL",Hamilton,HAMILTON,1058-2790,7,7,11,0,11,0,0,7,16,5,1,2,0,0,2.29,1.00,.71,.286,.143,5,0,0,0,1,1,1,.143,12,0,0,0,1.71,.00,.00,.00,0,,449:00,0,.00,.00,,,,,,,,,,,,,,,,,,5.084788432902231,28,93
2026-27,wsoc,New England Small College Athletic Conference (NESCAC),nescac,Amherst,"Coletti, Caroline",Caroline,Coletti,,24,"Coletti, Caroline","COLETTI,CAROLINE",Amherst,AMH,0,7,7,13,0,13,0,0,5,13,6,0,3,0,0,1.86,.71,.86,.429,.000,2,0,0,0,2,0,0,.000,2,0,0,0,.29,.00,.00,.00,0,,425:00,0,.00,.00,,,,,,,,,,,,,,,,,,5.071256679178712,29,93
2026-27,wsoc,New England Small College Athletic Conference (NESCAC),nescac,Colby,Eloisa Luczkow,Eloisa,Luczkow,,151,Eloisa Luczkow,"LUCZKOW,ELOISA",Colby,COLBY,0,7,6,10,0,10,0,0,6,11,4,2,1,0,0,1.57,.86,.57,.143,.286,5,0,0,0,1,0,1,.143,8,0,0,0,1.14,.00,.00,.00,0,,316:00,0,.00,.00,,,,,,,,,,,,,,,,,,4.544864055636931,30,93
2026-27,wsoc,New England Small College Athletic Conference (NESCAC),nescac,Tufts,"Cromett, Audrey",Audrey,Cromett,,717,"Cromett, Audrey","CROMETT,AUDREY",Tufts,TUFTS,1129-4733,6,6,30,0,30,0,0,3,12,5,1,2,0,0,2.00,.50,.83,.333,.167,1,0,0,0,0,1,2,.333,4,0,0,0,.67,.00,.00,.00,0,,439:00,0,.00,.00,,,,,,,,,,,,,,,,,,4.346846924917138,31,93
2026-27,wsoc,New England Small College Athletic Conference (NESCAC),nescac,Wesleyan,"Feiner, Meredith",Meredith,Feiner,,764,"Feiner, Meredith","FEINER,MEREDITH",Wesleyan,WES,1130-6767,8,1,24,0,24,0,0,3,8,5,1,2,0,0,1.00,.38,.63,.250,.125,1,0,0,0,0,0,0,.000,2,0,0,0,.25,.00,.00,.00,0,,293:00,0,.00,.00,,,,,,,,,,,,,,,,,,4.346846924917138,32,92
2026-27,wsoc,New England Small College Athletic Conference (NESCAC),nescac,Middlebury,"Rode, Mariana",Mariana,Rode,,420,"Rode, Mariana","RODE,MARIANA",Middlebury,MIDD,0,7,6,15,0,15,0,0,13,21,3,1,1,0,0,3.00,1.86,.43,.143,.143,12,0,0,0,0,0,0,.000,6,0,0,0,.86,.00,.00,.00,0,,488:00,0,.00,.00,,,,,,,,,,,,,,,,,,4.181844185528053,33,92
2026-27,wsoc,New England Small College Athletic Conference (NESCAC),nescac,Conn. College,"Hurlbut, Lucy",Lucy,Hurlbut,,163,"Hurlbut, Lucy","HURLBUT,LUCY",Conn. College,CONN,1125-2983,7,4,12,0,12,0,0,4,16,4,2,1,0,0,2.29,.57,.57,.143,.286,3,0,0,0,1,1,1,.143,5,0,0,0,.71,.00,.00,.00,0,,365:00,0,.00,.00,,,,,,,,,,,,,,,,,,4.175893301644384,34,92
2026-27,wsoc,New England Small College Athletic Conference (NESCAC),nescac,Amherst,"Davis, Katerina",Katerina,Davis,,24,"Davis, Katerina","DAVIS,KATERINA",Amherst,AMH,0,6,4,21,0,21,0,0,3,7,4,2,1,0,0,1.17,.50,.67,.167,.333,2,0,0,0,1,0,1,.167,0,0,0,0,.00,.00,.00,.00,0,,285:00,0,.00,.00,,,,,,,,,,,,,,,,,,3.991407924648111,35,92
2026-27,wsoc,New England Small College Athletic Conference (NESCAC),nescac,Colby,Madison Genser,Madison,Genser,,151,Madison Genser,"GENSER,MADISON",Colby,COLBY,0,7,4,24,0,24,0,0,4,9,3,3,0,0,0,1.29,.57,.43,.000,.429,4,0,0,0,0,0,0,.000,9,0,0,0,1.29,.00,.00,.00,0,,348:00,0,.00,.00,,,,,,,,,,,,,,,,,,3.820454301375357,36,92
2026-27,wsoc,New England Small College Athletic Conference (NESCAC),nescac,Wesleyan,"Hyon, Savannah",Savannah,Hyon,,764,"Hyon, Savannah","HYON,SAVANNAH",Wesleyan,WES,1130-7351,8,8,11,0,11,0,0,1,3,4,2,1,0,0,.38,.13,.50,.125,.250,0,0,0,0,0,1,0,.000,0,0,0,0,.00,.00,.00,.00,0,,554:00,0,.00,.00,,,,,,,,,,,,,,,,,,3.6224371706555645,37,92
2026-27,wsoc,New England Small College Athletic Conference (NESCAC),nescac,Wesleyan,"Katz, Rachel",Rachel,Katz,,764,"Katz, Rachel","KATZ,RACHEL",Wesleyan,WES,1130-6771,8,8,2,0,2,0,0,1,4,4,2,1,0,0,.50,.13,.50,.125,.250,0,0,0,0,0,0,0,.000,3,0,0,0,.38,.00,.00,.00,0,,585:00,0,.00,.00,,,,,,,,,,,,,,,,,,3.6224371706555645,38,92
2026-27,wsoc,New England Small College Athletic Conference (NESCAC),nescac,Middlebury,"Swindle, Chloe",Chloe,Swindle,,420,"Swindle, Chloe","SWINDLE,CHLOE",Middlebury,MIDD,0,7,7,10,0,10,0,0,7,11,3,1,1,0,0,1.57,1.00,.43,.143,.143,6,0,0,0,0,0,0,.000,6,0,0,0,.86,.00,.00,.00,0,,450:00,0,.00,.00,,,,,,,,,,,,,,,,,,3.0749319235504133,39,91
2026-27,wsoc,New England Small College Athletic Conference (NESCAC),nescac,Colby,Annie Liebich,Annie,Liebich,,151,Annie Liebich,"LIEBICH,ANNIE",Colby,COLBY,0,7,6,11,0,11,0,0,5,9,4,0,2,0,0,1.29,.71,.57,.286,.000,3,0,0,0,0,0,0,.000,14,0,1,0,2.00,.14,.00,.00,0,,425:00,0,.00,.00,,,,,,,,,,,,,,,,,,3.061400169826894,40,91
2026-27,wsoc,New England Small College Athletic Conference (NESCAC),nescac,Williams,"Carrel, Lucy",Lucy,Carrel,,789,"Carrel, Lucy","CARREL,LUCY",Williams,WIL,0,6,4,4,0,4,0,0,5,8,4,0,2,0,0,1.33,.83,.67,.333,.000,3,0,0,0,1,0,1,.167,0,0,0,0,.00,.00,.00,.00,0,,287:00,0,.00,.00,,,,,,,,,,,,,,,,,,3.061400169826894,41,91
2026-27,wsoc,New England Small College Athletic Conference (NESCAC),nescac,Wesleyan,"Delaney, Beatrix",Beatrix,Delaney,,764,"Delaney, Beatrix","DELANEY,BEATRIX",Wesleyan,WES,1130-6555,8,6,21,0,21,0,0,5,6,4,0,2,0,0,.75,.63,.50,.250,.000,3,0,0,0,2,0,0,.000,2,0,0,0,.25,.00,.00,.00,0,,298:00,0,.00,.00,,,,,,,,,,,,,,,,,,3.061400169826894,42,91
2026-27,wsoc,New England Small College Athletic Conference (NESCAC),nescac,Amherst,"Sutton, Mandy",Mandy,Sutton,,24,"Sutton, Mandy","SUTTON,MANDY",Amherst,AMH,0,7,1,7,0,7,0,0,5,6,4,0,2,0,0,.86,.71,.57,.286,.000,3,0,0,0,0,0,1,.143,1,0,0,0,.14,.00,.00,.00,0,,261:00,0,.00,.00,,,,,,,,,,,,,,,,,,3.061400169826894,43,91
2026-27,wsoc,New England Small College Athletic Conference (NESCAC),nescac,Colby,Avery Barton,Avery,Barton,,151,Avery Barton,"BARTON,AVERY",Colby,COLBY,0,7,4,12,0,12,0,0,4,9,4,0,2,0,0,1.29,.57,.57,.286,.000,2,0,0,0,1,1,0,.000,5,0,0,0,.71,.00,.00,.00,0,,302:00,0,.00,.00,,,,,,,,,,,,,,,,,,2.8769147928306205,44,91
2026-27,wsoc,New England Small College Athletic Conference (NESCAC),nescac,Trinity,"Hammond, Makena",Makena,Hammond,,713,"Hammond, Makena","HAMMOND,MAKENA",Trinity,TRIN,1127-5522,6,5,27,0,27,0,0,4,5,4,0,2,0,0,.83,.67,.67,.333,.000,2,0,0,0,0,0,0,.000,2,0,0,0,.33,.00,.00,.00,0,,299:00,0,.00,.00,,,,,,,,,,,,,,,,,,2.8769147928306205,45,91
2026-27,wsoc,New England Small College Athletic Conference (NESCAC),nescac,Middlebury,"Linnau, Fiona",Fiona,Linnau,,420,"Linnau, Fiona","LINNAU,FIONA",Middlebury,MIDD,0,7,3,13,0,13,0,0,4,7,4,0,2,1,1,1.00,.57,.57,.286,.000,2,0,0,0,2,1,2,.286,4,0,1,0,.57,.14,.00,.00,0,,369:00,0,.00,.00,,,,,,,,,,,,,,,,,,2.8769147928306205,46,90
2026-27,wsoc,New England Small College Athletic Conference (NESCAC),nescac,Bowdoin,Annabel Callahan,Annabel,Callahan,,69,Annabel Callahan,"CALLAHAN,ANNABEL",Bowdoin,BOWDOIN,1121-4658,8,4,19,0,19,0,0,5,6,3,1,1,0,0,.75,.63,.38,.125,.125,4,0,0,0,0,1,0,.000,3,0,0,0,.38,.00,.00,.00,0,,212:00,0,.00,.00,,,,,,,,,,,,,,,,,,2.7059611695578667,47,90
2026-27,wsoc,New England Small College Athletic Conference (NESCAC),nescac,Conn. College,"Kieh, Blessing",Blessing,Kieh,,163,"Kieh, Blessing","KIEH,BLESSING",Conn. College,CONN,1125-2787,7,3,10,0,10,0,0,3,8,4,0,2,0,0,1.14,.43,.57,.286,.000,1,0,0,0,0,1,1,.143,4,0,0,0,.57,.00,.00,.00,0,,279:00,0,.00,.00,,,,,,,,,,,,,,,,,,2.692429415834347,48,90
2026-27,wsoc,New England Small College Athletic Conference (NESCAC),nescac,Trinity,"Covey, Addie",Addie,Covey,,713,"Covey, Addie","COVEY,ADDIE",Trinity,TRIN,1127-5515,6,6,2,0,2,0,0,6,11,2,2,0,0,0,1.83,1.00,.33,.000,.333,6,0,0,0,0,0,0,.000,4,0,0,0,.67,.00,.00,.00,0,,257:00,0,.00,.00,,,,,,,,,,,,,,,,,,2.535007546285113,49,90
2026-27,wsoc,New England Small College Athletic Conference (NESCAC),nescac,Williams,"Aleman, Alli",Alli,Aleman,,789,"Aleman, Alli","ALEMAN,ALLI",Williams,WIL,0,6,0,6,0,6,0,0,4,6,3,1,1,0,0,1.00,.67,.50,.167,.167,3,0,0,0,0,0,0,.000,0,0,0,0,.00,.00,.00,.00,0,,249:00,0,.00,.00,,,,,,,,,,,,,,,,,,2.5214757925615934,50,90
2026-27,wsoc,New England Small College Athletic Conference (NESCAC),nescac,Bates,"Becker, Olivia",Olivia,Becker,,50,"Becker, Olivia","BECKER,OLIVIA",Bates,BAT,1120-5601,6,1,20,0,20,0,0,4,9,3,1,1,0,0,1.50,.67,.50,.167,.167,3,0,0,0,0,0,0,.000,1,0,0,0,.17,.00,.00,.00,0,,210:00,0,.00,.00,,,,,,,,,,,,,,,,,,2.5214757925615934,51,90
2026-27,wsoc,New England Small College Athletic Conference (NESCAC),nescac,Amherst,"Hayes, Allison",Allison,Hayes,,24,"Hayes, Allison","HAYES,ALLISON",Amherst,AMH,0,6,0,22,0,22,0,0,4,5,3,1,1,0,0,.83,.67,.50,.167,.167,3,0,0,0,0,1,1,.167,1,0,0,0,.17,.00,.00,.00,0,,185:00,0,.00,.00,,,,,,,,,,,,,,,,,,2.5214757925615934,52,90
2026-27,wsoc,New England Small College Athletic Conference (NESCAC),nescac,Trinity,"Carton, Iva",Iva,Carton,,713,"Carton, Iva","CARTON,IVA",Trinity,TRIN,1127-5342,6,6,16,0,16,0,0,5,12,2,2,0,0,0,2.00,.83,.33,.000,.333,5,0,0,0,0,0,0,.000,9,0,0,0,1.50,.00,.00,.00,0,,327:00,0,.00,.00,,,,,,,,,,,,,,,,,,2.3505221692888396,53,89
2026-27,wsoc,New England Small College Athletic Conference (NESCAC),nescac,Trinity,"Charette, Kyra",Kyra,Charette,,713,"Charette, Kyra","CHARETTE,KYRA",Trinity,TRIN,1127-5337,6,6,6,0,6,0,0,3,5,3,1,1,1,1,.83,.50,.50,.167,.167,2,0,0,0,1,1,0,.000,2,0,0,0,.33,.00,.00,.00,0,,454:00,0,.00,.00,,,,,,,,,,,,,,,,,,2.33699041556532,54,89
2026-27,wsoc,New England Small College Athletic Conference (NESCAC),nescac,Bowdoin,Knight bairstow Eliza,Knight bairstow,Eliza,,69,Knight bairstow Eliza,"BAIRSTOW,ELIZA KNIGHT",Bowdoin,BOWDOIN,1121-4864,8,0,24,0,24,0,0,3,5,3,1,1,0,0,.63,.38,.38,.125,.125,2,0,0,0,0,0,0,.000,1,0,0,0,.13,.00,.00,.00,0,,300:00,0,.00,.00,,,,,,,,,,,,,,,,,,2.33699041556532,55,89
2026-27,wsoc,New England Small College Athletic Conference (NESCAC),nescac,Tufts,"Birch, Reese",Reese,Birch,,717,"Birch, Reese","BIRCH,REESE",Tufts,TUFTS,1129-4472,6,6,5,0,5,0,0,4,17,2,2,0,0,0,2.83,.67,.33,.000,.333,4,0,0,0,0,0,0,.000,4,0,0,0,.67,.00,.00,.00,0,,457:00,0,.00,.00,,,,,,,,,,,,,,,,,,2.1660367922925663,56,89
2026-27,wsoc,New England Small College Athletic Conference (NESCAC),nescac,Amherst,"Pedersen, Katie",Katie,Pedersen,,24,"Pedersen, Katie","PEDERSEN,KATIE",Amherst,AMH,0,7,6,8,0,8,0,0,4,10,2,2,0,0,0,1.43,.57,.29,.000,.286,4,0,0,0,0,0,0,.000,1,0,1,0,.14,.14,.00,.00,0,,485:00,0,.00,.00,,,,,,,,,,,,,,,,,,2.1660367922925663,57,89
2026-27,wsoc,New England Small College Athletic Conference (NESCAC),nescac,Wesleyan,"Cohn, Harper",Harper,Cohn,,764,"Cohn, Harper","COHN,HARPER",Wesleyan,WES,1130-7346,8,4,31,0,31,0,0,2,3,3,1,1,0,0,.38,.25,.38,.125,.125,1,0,0,0,1,0,0,.000,2,0,0,0,.25,.00,.00,.00,0,,271:00,0,.00,.00,,,,,,,,,,,,,,,,,,2.1525050385690467,58,89
2026-27,wsoc,New England Small College Athletic Conference (NESCAC),nescac,Middlebury,"Day, Gigi",Gigi,Day,,420,"Day, Gigi","DAY,GIGI",Middlebury,MIDD,0,4,4,2,0,2,0,0,2,4,3,1,1,1,1,1.00,.50,.75,.250,.250,1,1,0,0,0,1,0,.000,2,0,1,0,.50,.25,.00,.00,0,,251:00,0,.00,.00,,,,,,,,,,,,,,,,,,2.1525050385690467,59,89
2026-27,wsoc,New England Small College Athletic Conference (NESCAC),nescac,Hamilton,Sarah Flood,Sarah,Flood,,267,Sarah Flood,"FLOOD,SARAH",Hamilton,HAMILTON,1058-2556,7,7,12,0,12,0,0,2,6,3,1,1,0,0,.86,.29,.43,.143,.143,1,0,0,0,0,0,0,.000,3,0,0,0,.43,.00,.00,.00,0,,485:00,0,.00,.00,,,,,,,,,,,,,,,,,,2.1525050385690467,60,89
2026-27,wsoc,New England Small College Athletic Conference (NESCAC),nescac,Amherst,"Siegel, Maya",Maya,Siegel,,24,"Siegel, Maya","SIEGEL,MAYA",Amherst,AMH,0,6,1,19,0,19,0,0,2,5,3,1,1,0,0,.83,.33,.50,.167,.167,1,0,0,0,0,0,0,.000,0,0,0,0,.00,.00,.00,.00,0,,142:00,0,.00,.00,,,,,,,,,,,,,,,,,,2.1525050385690467,61,88
2026-27,wsoc,New England Small College Athletic Conference (NESCAC),nescac,Bowdoin,Kendall Hacker,Kendall,Hacker,,69,Kendall Hacker,"HACKER,KENDALL",Bowdoin,BOWDOIN,1121-4662,8,8,22,0,22,0,0,3,6,2,2,0,0,0,.75,.38,.25,.000,.250,3,0,0,0,0,0,0,.000,0,0,0,0,.00,.00,.00,.00,0,,636:00,0,.00,.00,,,,,,,,,,,,,,,,,,1.981551415296293,62,88
2026-27,wsoc,New England Small College Athletic Conference (NESCAC),nescac,Trinity,"Almoney, Emma",Emma,Almoney,,713,"Almoney, Emma","ALMONEY,EMMA",Trinity,TRIN,1127-5001,6,1,11,0,11,0,0,1,10,3,1,1,0,0,1.67,.17,.50,.167,.167,0,0,0,0,0,0,0,.000,6,0,0,0,1.00,.00,.00,.00,0,,302:00,0,.00,.00,,,,,,,,,,,,,,,,,,1.9680196615727734,63,88
2026-27,wsoc,New England Small College Athletic Conference (NESCAC),nescac,Williams,"Bevilacqua, Olivia",Olivia,Bevilacqua,,789,"Bevilacqua, Olivia","BEVILACQUA,OLIVIA",Williams,WIL,0,6,2,8,0,8,0,0,2,4,2,2,0,0,0,.67,.33,.33,.000,.333,2,0,0,0,0,0,0,.000,4,0,0,0,.67,.00,.00,.00,0,,280:00,0,.00,.00,,,,,,,,,,,,,,,,,,1.7970660383000197,64,88
2026-27,wsoc,New England Small College Athletic Conference (NESCAC),nescac,Wesleyan,"Noe, Meghan",Meghan,Noe,,764,"Noe, Meghan","NOE,MEGHAN",Wesleyan,WES,1130-6562,5,0,8,0,8,0,0,1,2,2,2,0,0,0,.40,.20,.40,.000,.400,1,0,0,0,0,0,0,.000,2,0,0,0,.40,.00,.00,.00,0,,100:00,0,.00,.00,,,,,,,,,,,,,,,,,,1.6125806613037463,65,88
2026-27,wsoc,New England Small College Athletic Conference (NESCAC),nescac,Wesleyan,"Sullivan, Juliette",Juliette,Sullivan,,764,"Sullivan, Juliette","SULLIVAN,JULIETTE",Wesleyan,WES,1130-6563,8,2,19,0,19,0,0,0,3,2,2,0,0,0,.38,.00,.25,.000,.250,0,0,0,0,0,0,0,.000,1,0,0,0,.13,.00,.00,.00,0,,369:00,0,.00,.00,,,,,,,,,,,,,,,,,,1.428095284307473,66,88
2026-27,wsoc,New England Small College Athletic Conference (NESCAC),nescac,Hamilton,Aly Fernandes,Aly,Fernandes,,267,Aly Fernandes,"FERNANDES,ALY",Hamilton,HAMILTON,1058-3260,7,0,2,0,2,0,0,7,12,2,0,1,0,0,1.71,1.00,.29,.143,.000,6,0,0,0,0,0,0,.000,1,0,0,0,.14,.00,.00,.00,0,,294:00,0,.00,.00,,,,,,,,,,,,,,,,,,1.4205144144676225,67,88
2026-27,wsoc,New England Small College Athletic Conference (NESCAC),nescac,Bowdoin,Anna Lenschow,Anna,Lenschow,,69,Anna Lenschow,"LENSCHOW,ANNA",Bowdoin,BOWDOIN,1121-4863,8,4,6,0,6,0,0,6,17,2,0,1,0,0,2.13,.75,.25,.125,.000,5,0,0,0,0,1,1,.125,1,0,0,0,.13,.00,.00,.00,0,,428:00,0,.00,.00,,,,,,,,,,,,,,,,,,1.2360290374713492,68,87
2026-27,wsoc,New England Small College Athletic Conference (NESCAC),nescac,Amherst,"Monter, Pao",Pao,Monter,,24,"Monter, Pao","MONTER,PAO",Amherst,AMH,0,7,5,2,0,2,0,0,5,7,2,0,1,0,0,1.00,.71,.29,.143,.000,4,0,0,0,0,0,0,.000,1,0,0,0,.14,.00,.00,.00,0,,466:00,0,.00,.00,,,,,,,,,,,,,,,,,,1.051543660475076,69,87
2026-27,wsoc,New England Small College Athletic Conference (NESCAC),nescac,Conn. College,"Alcaro, Zola",Zola,Alcaro,,163,"Alcaro, Zola","ALCARO,ZOLA",Conn. College,CONN,1125-2568,7,4,14,0,14,0,0,4,7,2,0,1,0,0,1.00,.57,.29,.143,.000,3,0,0,0,0,0,0,.000,1,0,0,0,.14,.00,.00,.00,0,,272:00,0,.00,.00,,,,,,,,,,,,,,,,,,0.8670582834788026,70,87
2026-27,wsoc,New England Small College Athletic Conference (NESCAC),nescac,Bowdoin,Cadence Lee,Cadence,Lee,,69,Cadence Lee,"LEE,CADENCE",Bowdoin,BOWDOIN,1121-4303,8,8,9,0,9,0,0,4,6,2,0,1,0,0,.75,.50,.25,.125,.000,3,0,0,0,0,0,0,.000,2,0,0,0,.25,.00,.00,.00,0,,452:00,0,.00,.00,,,,,,,,,,,,,,,,,,0.8670582834788026,71,87
2026-27,wsoc,New England Small College Athletic Conference (NESCAC),nescac,Bates,"Oldenburg, Clara",Clara,Oldenburg,,50,"Oldenburg, Clara","OLDENBURG,CLARA",Bates,BAT,1120-6400,6,6,2,0,2,0,0,4,4,2,0,1,0,0,.67,.67,.33,.167,.000,3,0,0,0,0,0,0,.000,5,0,1,0,.83,.17,.00,.00,0,,353:00,0,.00,.00,,,,,,,,,,,,,,,,,,0.8670582834788026,72,87
2026-27,wsoc,New England Small College Athletic Conference (NESCAC),nescac,Trinity,"Troskey, Taylor",Taylor,Troskey,,713,"Troskey, Taylor","TROSKEY,TAYLOR",Trinity,TRIN,1127-5339,6,6,9,0,9,0,0,4,6,2,0,1,0,0,1.00,.67,.33,.167,.000,3,0,0,0,0,0,0,.000,2,0,1,0,.33,.17,.00,.00,0,,350:00,0,.00,.00,,,,,,,,,,,,,,,,,,0.8670582834788026,73,87
2026-27,wsoc,New England Small College Athletic Conference (NESCAC),nescac,Amherst,"Varela, Maddy",Maddy,Varela,,24,"Varela, Maddy","VARELA,MADDY",Amherst,AMH,0,7,3,23,0,23,0,0,4,7,2,0,1,0,0,1.00,.57,.29,.143,.000,3,0,0,0,0,1,0,.000,1,0,0,0,.14,.00,.00,.00,0,,289:00,0,.00,.00,,,,,,,,,,,,,,,,,,0.8670582834788026,74,87
2026-27,wsoc,New England Small College Athletic Conference (NESCAC),nescac,Hamilton,St john Brooke,St john,Brooke,,267,St john Brooke,"JOHN,BROOKE ST",Hamilton,HAMILTON,1058-3263,7,0,19,0,19,0,0,5,6,1,1,0,0,0,.86,.71,.14,.000,.143,5,0,0,0,0,0,0,.000,5,0,0,0,.71,.00,.00,.00,0,,183:00,0,.00,.00,,,,,,,,,,,,,,,,,,0.6961046602060488,75,86
2026-27,wsoc,New England Small College Athletic Conference (NESCAC),nescac,Trinity,"Nevins, Savannah",Savannah,Nevins,,713,"Nevins, Savannah","NEVINS,SAVANNAH",Trinity,TRIN,1127-5520,6,0,25,0,25,0,0,3,5,2,0,1,0,0,.83,.50,.33,.167,.000,2,0,0,0,0,0,0,.000,0,0,0,0,.00,.00,.00,.00,0,,84:00,0,.00,.00,,,,,,,,,,,,,,,,,,0.6825729064825293,76,86
2026-27,wsoc,New England Small College Athletic Conference (NESCAC),nescac,Amherst,"Populoh, Ani",Ani,Populoh,,24,"Populoh, Ani","POPULOH,ANI",Amherst,AMH,0,7,7,11,0,11,0,0,3,10,2,0,1,0,0,1.43,.43,.29,.143,.000,2,1,0,0,0,1,0,.000,1,0,0,0,.14,.00,.00,.00,0,,521:00,0,.00,.00,,,,,,,,,,,,,,,,,,0.6825729064825293,77,86
2026-27,wsoc,New England Small College Athletic Conference (NESCAC),nescac,Tufts,"Rogers, Maggie",Maggie,Rogers,,717,"Rogers, Maggie","ROGERS,MAGGIE",Tufts,TUFTS,1129-4476,5,5,14,0,14,0,0,3,3,2,0,1,0,0,.60,.60,.40,.200,.000,2,0,0,0,0,1,0,.000,1,0,0,0,.20,.00,.00,.00,0,,412:00,0,.00,.00,,,,,,,,,,,,,,,,,,0.6825729064825293,78,86
2026-27,wsoc,New England Small College Athletic Conference (NESCAC),nescac,Williams,"Willison, Reece",Reece,Willison,,789,"Willison, Reece","WILLISON,REECE",Williams,WIL,0,6,2,13,0,13,0,0,3,4,2,0,1,0,0,.67,.50,.33,.167,.000,2,0,0,0,1,1,0,.000,2,0,0,0,.33,.00,.00,.00,0,,313:00,0,.00,.00,,,,,,,,,,,,,,,,,,0.6825729064825293,79,86
2026-27,wsoc,New England Small College Athletic Conference (NESCAC),nescac,Amherst,"Zeitz, Amelie",Amelie,Zeitz,,24,"Zeitz, Amelie","ZEITZ,AMELIE",Amherst,AMH,0,6,0,3,0,3,0,0,3,4,2,0,1,0,0,.67,.50,.33,.167,.000,2,0,0,0,0,1,0,.000,0,0,0,0,.00,.00,.00,.00,0,,102:00,0,.00,.00,,,,,,,,,,,,,,,,,,0.6825729064825293,80,86
2026-27,wsoc,New England Small College Athletic Conference (NESCAC),nescac,Colby,Amanda Schneider,Amanda,Schneider,,151,Amanda Schneider,"SCHNEIDER,AMANDA",Colby,COLBY,0,7,6,14,0,14,0,0,4,12,1,1,0,0,0,1.71,.57,.14,.000,.143,4,0,0,0,0,0,0,.000,2,0,0,0,.29,.00,.00,.00,0,,303:00,0,.00,.00,,,,,,,,,,,,,,,,,,0.5116192832097755,81,86
2026-27,wsoc,New England Small College Athletic Conference (NESCAC),nescac,Tufts,"Miller, Jordyn",Jordyn,Miller,,717,"Miller, Jordyn","MILLER,JORDYN",Tufts,TUFTS,1129-4918,6,6,8,0,8,0,0,4,6,1,1,0,0,0,1.00,.67,.17,.000,.167,4,0,0,0,0,0,0,.000,4,0,0,0,.67,.00,.00,.00,0,,398:00,0,.00,.00,,,,,,,,,,,,,,,,,,0.5116192832097755,82,86
2026-27,wsoc,New England Small College Athletic Conference (NESCAC),nescac,Tufts,"Arcella, Rachel",Rachel,Arcella,,717,"Arcella, Rachel","ARCELLA,RACHEL",Tufts,TUFTS,1129-4470,6,6,25,0,25,0,0,2,2,2,0,1,0,0,.33,.33,.33,.167,.000,1,0,0,0,0,0,0,.000,1,0,0,0,.17,.00,.00,.00,0,,533:00,0,.00,.00,,,,,,,,,,,,,,,,,,0.498087529486256,83,85
2026-27,wsoc,New England Small College Athletic Conference (NESCAC),nescac,Wesleyan,"Farr, Lanee",Lanee,Farr,,764,"Farr, Lanee","FARR,LANEE",Wesleyan,WES,1130-6556,7,1,22,0,22,0,0,2,5,2,0,1,0,0,.71,.29,.29,.143,.000,1,0,0,0,0,0,0,.000,0,0,0,0,.00,.00,.00,.00,0,,204:00,0,.00,.00,,,,,,,,,,,,,,,,,,0.498087529486256,84,85
2026-27,wsoc,New England Small College Athletic Conference (NESCAC),nescac,Middlebury,"Hall, Sarah",Sarah,Hall,,420,"Hall, Sarah","HALL,SARAH",Middlebury,MIDD,0,6,2,27,0,27,0,0,2,3,2,0,1,0,0,.50,.33,.33,.167,.000,1,0,0,0,0,0,0,.000,4,0,0,0,.67,.00,.00,.00,0,,154:00,0,.00,.00,,,,,,,,,,,,,,,,,,0.498087529486256,85,85
2026-27,wsoc,New England Small College Athletic Conference (NESCAC),nescac,Middlebury,"King, Lucy",Lucy,King,,420,"King, Lucy","KING,LUCY",Middlebury,MIDD,0,5,0,24,0,24,0,0,2,2,2,0,1,0,0,.40,.40,.40,.200,.000,1,0,0,0,0,1,0,.000,1,0,0,0,.20,.00,.00,.00,0,,90:00,0,.00,.00,,,,,,,,,,,,,,,,,,0.498087529486256,86,85
2026-27,wsoc,New England Small College Athletic Conference (NESCAC),nescac,Williams,"Konijnenberg, Isabel",Isabel,Konijnenberg,,789,"Konijnenberg, Isabel","KONIJNENBERG,ISABEL",Williams,WIL,0,6,1,22,0,22,0,0,2,4,2,0,1,0,0,.67,.33,.33,.167,.000,1,0,0,0,1,0,1,.167,1,0,0,0,.17,.00,.00,.00,0,,147:00,0,.00,.00,,,,,,,,,,,,,,,,,,0.498087529486256,87,85
2026-27,wsoc,New England Small College Athletic Conference (NESCAC),nescac,Hamilton,Lydia DeTraglia,Lydia,DeTraglia,,267,Lydia DeTraglia,"DETRAGLIA,LYDIA",Hamilton,HAMILTON,1058-2789,6,0,8,0,8,0,0,2,2,2,0,1,0,0,.33,.33,.33,.167,.000,1,0,0,0,0,0,0,.000,2,0,1,0,.33,.17,.00,.00,0,,138:00,0,.00,.00,,,,,,,,,,,,,,,,,,0.498087529486256,88,85
2026-27,wsoc,New England Small College Athletic Conference (NESCAC),nescac,Conn. College,"McCorry, Una",Una,McCorry,,163,"McCorry, Una","MCCORRY,UNA",Conn. College,CONN,1125-2574,7,6,27,0,27,0,0,2,4,2,0,1,0,0,.57,.29,.29,.143,.000,1,0,0,0,0,1,0,.000,0,0,0,0,.00,.00,.00,.00,0,,532:00,0,.00,.00,,,,,,,,,,,,,,,,,,0.498087529486256,89,85
2026-27,wsoc,New England Small College Athletic Conference (NESCAC),nescac,Trinity,"McSweeney, Ashley",Ashley,McSweeney,,713,"McSweeney, Ashley","MCSWEENEY,ASHLEY",Trinity,TRIN,1127-5523,6,6,19,0,19,0,0,2,4,2,0,1,0,0,.67,.33,.33,.167,.000,1,0,0,0,1,0,1,.167,3,0,0,0,.50,.00,.00,.00,0,,429:00,0,.00,.00,,,,,,,,,,,,,,,,,,0.498087529486256,90,84
2026-27,wsoc,New England Small College Athletic Conference (NESCAC),nescac,Trinity,"Rose, Emma",Emma,Rose,,713,"Rose, Emma","ROSE,EMMA",Trinity,TRIN,1127-5518,6,0,5,0,5,0,0,2,9,2,0,1,0,0,1.50,.33,.33,.167,.000,1,0,0,0,1,0,1,.167,6,0,0,0,1.00,.00,.00,.00,0,,185:00,0,.00,.00,,,,,,,,,,,,,,,,,,0.498087529486256,91,84
2026-27,wsoc,New England Small College Athletic Conference (NESCAC),nescac,Hamilton,Samantha Tyska,Samantha,Tyska,,267,Samantha Tyska,"TYSKA,SAMANTHA",Hamilton,HAMILTON,1058-2558,7,5,16,0,16,0,0,2,4,2,0,1,0,0,.57,.29,.29,.143,.000,1,0,0,0,0,0,0,.000,3,0,0,0,.43,.00,.00,.00,0,,375:00,0,.00,.00,,,,,,,,,,,,,,,,,,0.498087529486256,92,84
2026-27,wsoc,New England Small College Athletic Conference (NESCAC),nescac,Bates,"Suh, Rachel",Rachel,Suh,,50,"Suh, Rachel","SUH,RACHEL",Bates,BAT,1120-5597,6,6,8,0,8,0,0,2,4,2,0,1,0,0,.67,.33,.33,.167,.000,1,0,0,0,0,0,0,.000,7,0,1,0,1.17,.17,.00,.00,0,,425:00,0,.00,.00,,,,,,,,,,,,,,,,,,0.498087529486256,93,84
2026-27,wsoc,New England Small College Athletic Conference (NESCAC),nescac,Hamilton,Diana Baffor,Diana,Baffor,,267,Diana Baffor,"BAFFOR,DIANA",Hamilton,HAMILTON,1058-3031,7,7,23,0,23,0,0,3,18,1,1,0,0,0,2.57,.43,.14,.000,.143,3,0,0,0,0,0,0,.000,5,0,1,0,.71,.14,.00,.00,0,,509:00,0,.00,.00,,,,,,,,,,,,,,,,,,0.3271339062135021,94,84
2026-27,wsoc,New England Small College Athletic Conference (NESCAC),nescac,Colby,Liz Brady,Liz,Brady,,151,Liz Brady,"BRADY,LIZ",Colby,COLBY,0,7,1,9,0,9,0,0,3,8,1,1,0,0,0,1.14,.43,.14,.000,.143,3,0,0,0,0,0,0,.000,5,0,0,0,.71,.00,.00,.00,0,,275:00,0,.00,.00,,,,,,,,,,,,,,,,,,0.3271339062135021,95,84
2026-27,wsoc,New England Small College Athletic Conference (NESCAC),nescac,Amherst,"McLeod, Millie",Millie,McLeod,,24,"McLeod, Millie","MCLEOD,MILLIE",Amherst,AMH,0,5,2,12,0,12,0,0,3,4,1,1,0,0,0,.80,.60,.20,.000,.200,3,0,0,0,0,0,0,.000,0,0,0,0,.00,.00,.00,.00,0,,104:00,0,.00,.00,,,,,,,,,,,,,,,,,,0.3271339062135021,96,84
2026-27,wsoc,New England Small College Athletic Conference (NESCAC),nescac,Trinity,"Petriello, Gabriella",Gabriella,Petriello,,713,"Petriello, Gabriella","PETRIELLO,GABRIELLA",Trinity,TRIN,1127-5803,6,0,22,0,22,0,0,3,6,1,1,0,0,0,1.00,.50,.17,.000,.167,3,0,0,0,0,0,0,.000,2,0,0,0,.33,.00,.00,.00,0,,248:00,0,.00,.00,,,,,,,,,,,,,,,,,,0.3271339062135021,97,83
2026-27,wsoc,New England Small College Athletic Conference (NESCAC),nescac,Trinity,"Simmons, Sophia",Sophia,Simmons,,713,"Simmons, Sophia","SIMMONS,SOPHIA",Trinity,TRIN,1127-5517,6,6,4,0,4,0,0,3,14,1,1,0,0,0,2.33,.50,.17,.000,.167,3,0,0,0,0,0,0,.000,8,0,1,0,1.33,.17,.00,.00,0,,428:00,0,.00,.00,,,,,,,,,,,,,,,,,,0.3271339062135021,98,83
2026-27,wsoc,New England Small College Athletic Conference (NESCAC),nescac,Williams,"Stophel, Elizabeth",Elizabeth,Stophel,,789,"Stophel, Elizabeth","STOPHEL,ELIZABETH",Williams,WIL,0,6,5,12,0,12,0,0,3,11,1,1,0,0,0,1.83,.50,.17,.000,.167,3,0,0,0,0,0,0,.000,3,0,0,0,.50,.00,.00,.00,0,,304:00,0,.00,.00,,,,,,,,,,,,,,,,,,0.3271339062135021,99,83
2026-27,wsoc,New England Small College Athletic Conference (NESCAC),nescac,Tufts,"Batt, Hannah",Hannah,Batt,,717,"Batt, Hannah","BATT,HANNAH",Tufts,TUFTS,1129-4471,6,0,22,0,22,0,0,1,2,2,0,1,0,0,.33,.17,.33,.167,.000,0,0,0,0,0,1,0,.000,2,0,0,0,.33,.00,.00,.00,0,,101:00,0,.00,.00,,,,,,,,,,,,,,,,,,0.3136021524899827,100,83
2026-27,wsoc,New England Small College Athletic Conference (NESCAC),nescac,Hamilton,Carly McMahon,Carly,McMahon,,267,Carly McMahon,"MCMAHON,CARLY",Hamilton,HAMILTON,1058-2554,5,4,5,0,5,0,0,1,1,2,0,1,0,0,.20,.20,.40,.200,.000,0,0,0,0,1,0,1,.200,2,0,1,0,.40,.20,.00,.00,0,,235:00,0,.00,.00,,,,,,,,,,,,,,,,,,0.3136021524899827,101,83
2026-27,wsoc,New England Small College Athletic Conference (NESCAC),nescac,Williams,"Chung, Emmy",Emmy,Chung,,789,"Chung, Emmy","CHUNG,EMMY",Williams,WIL,0,6,4,10,0,10,0,0,1,6,2,0,1,0,0,1.00,.17,.33,.167,.000,0,0,0,0,1,0,1,.167,3,0,0,0,.50,.00,.00,.00,0,,277:00,0,.00,.00,,,,,,,,,,,,,,,,,,0.3136021524899827,102,83
2026-27,wsoc,New England Small College Athletic Conference (NESCAC),nescac,Middlebury,"Cox, Avery",Avery,Cox,,420,"Cox, Avery","COX,AVERY",Middlebury,MIDD,0,2,0,26,0,26,0,0,1,2,2,0,1,0,0,1.00,.50,1.00,.500,.000,0,0,0,0,0,1,0,.000,0,0,0,0,.00,.00,.00,.00,0,,32:00,0,.00,.00,,,,,,,,,,,,,,,,,,0.3136021524899827,103,83
2026-27,wsoc,New England Small College Athletic Conference (NESCAC),nescac,Colby,Grace Missett,Grace,Missett,,151,Grace Missett,"MISSETT,GRACE",Colby,COLBY,0,6,3,26,0,26,0,0,1,4,2,0,1,0,0,.67,.17,.33,.167,.000,0,0,0,0,0,0,0,.000,4,0,0,0,.67,.00,.00,.00,0,,282:00,0,.00,.00,,,,,,,,,,,,,,,,,,0.3136021524899827,104,82
2026-27,wsoc,New England Small College Athletic Conference (NESCAC),nescac,Trinity,"Grattan, Lauren",Lauren,Grattan,,713,"Grattan, Lauren","GRATTAN,LAUREN",Trinity,TRIN,1127-5341,3,0,14,0,14,0,0,1,2,2,0,1,0,0,.67,.33,.67,.333,.000,0,0,0,0,0,0,0,.000,1,0,0,0,.33,.00,.00,.00,0,,56:00,0,.00,.00,,,,,,,,,,,,,,,,,,0.3136021524899827,105,82
2026-27,wsoc,New England Small College Athletic Conference (NESCAC),nescac,Conn. College,"Head, Virginia",Virginia,Head,,163,"Head, Virginia","HEAD,VIRGINIA",Conn. College,CONN,1125-2793,4,0,77,0,77,0,0,1,1,2,0,1,0,0,.25,.25,.50,.250,.000,0,0,0,0,0,0,0,.000,2,0,1,0,.50,.25,.00,.00,0,,97:00,0,.00,.00,,,,,,,,,,,,,,,,,,0.3136021524899827,106,82
2026-27,wsoc,New England Small College Athletic Conference (NESCAC),nescac,Hamilton,Helena Crate,Helena,Crate,,267,Helena Crate,"CRATE,HELENA",Hamilton,HAMILTON,1058-2791,3,0,15,0,15,0,0,1,1,2,0,1,0,0,.33,.33,.67,.333,.000,0,0,0,0,0,1,0,.000,1,0,0,0,.33,.00,.00,.00,0,,62:00,0,.00,.00,,,,,,,,,,,,,,,,,,0.3136021524899827,107,82
2026-27,wsoc,New England Small College Athletic Conference (NESCAC),nescac,Tufts,"Lung, Maile",Maile,Lung,,717,"Lung, Maile","LUNG,MAILE",Tufts,TUFTS,1129-5199,4,1,9,0,9,0,0,1,1,2,0,1,0,0,.25,.25,.50,.250,.000,0,0,0,0,0,0,0,.000,1,0,0,0,.25,.00,.00,.00,0,,173:00,0,.00,.00,,,,,,,,,,,,,,,,,,0.3136021524899827,108,82
2026-27,wsoc,New England Small College Athletic Conference (NESCAC),nescac,Bates,"Rudders, Izzy",Izzy,Rudders,,50,"Rudders, Izzy","RUDDERS,IZZY",Bates,BAT,1120-6402,4,0,19,0,19,0,0,1,3,2,0,1,0,0,.75,.25,.50,.250,.000,0,0,0,0,1,0,1,.250,1,0,0,0,.25,.00,.00,.00,0,,102:00,0,.00,.00,,,,,,,,,,,,,,,,,,0.3136021524899827,109,82
2026-27,wsoc,New England Small College Athletic Conference (NESCAC),nescac,Williams,"Stern, Lyyli",Lyyli,Stern,,789,"Stern, Lyyli","STERN,LYYLI",Williams,WIL,0,6,1,7,0,7,0,0,2,3,1,1,0,0,0,.50,.33,.17,.000,.167,2,0,0,0,0,0,0,.000,1,0,0,0,.17,.00,.00,.00,0,,268:00,0,.00,.00,,,,,,,,,,,,,,,,,,0.14264852921722876,110,82
2026-27,wsoc,New England Small College Athletic Conference (NESCAC),nescac,Williams,"Chomsky, Tessa",Tessa,Chomsky,,789,"Chomsky, Tessa","CHOMSKY,TESSA",Williams,WIL,0,1,0,33,0,33,0,0,0,0,0,0,0,0,0,.00,.00,.00,.000,.000,0,0,0,0,0,0,0,.000,0,0,0,0,.00,.00,.00,.00,0,,09:00,0,.00,.00,1,0,0,0,0,1.000,0.00,1,0,09:56,0,1,.00,1.000,.000,1.00,,0.08497980980020614,111,82
2026-27,wsoc,New England Small College Athletic Conference (NESCAC),nescac,Hamilton,Olivia Connolly,Olivia,Connolly,,267,Olivia Connolly,"CONNOLLY,OLIVIA",Hamilton,HAMILTON,1058-2560,5,3,30,0,30,0,0,0,0,0,0,0,0,0,.00,.00,.00,.000,.000,0,0,0,0,0,0,0,.000,0,0,0,0,.00,.00,.00,.00,0,,325:00,0,.00,.00,20,0,0,3,3,1.000,0.00,6,0,325:31,3,5,.00,1.000,.600,1.20,,0.08497980980020614,112,81
2026-27,wsoc,New England Small College Athletic Conference (NESCAC),nescac,Conn. College,"Redfearn, Saylor",Saylor,Redfearn,,163,"Redfearn, Saylor","REDFEARN,SAYLOR",Conn. College,CONN,1125-2794,2,0,07,0,07,0,0,0,0,0,0,0,0,0,.00,.00,.00,.000,.000,0,0,0,0,0,0,0,.000,0,0,0,0,.00,.00,.00,.00,0,,27:00,0,.00,.00,5,0,0,0,0,1.000,0.00,2,0,28:32,0,2,.00,1.000,.000,1.00,,0.08497980980020614,113,81
2026-27,wsoc,New England Small College Athletic Conference (NESCAC),nescac,Colby,Talia Thompson,Talia,Thompson,,151,Talia Thompson,"THOMPSON,TALIA",Colby,COLBY,0,3,1,00,0,00,0,0,0,0,0,0,0,0,0,.00,.00,.00,.000,.000,0,0,0,0,0,0,0,.000,0,0,0,0,.00,.00,.00,.00,0,,138:00,0,.00,.00,5,0,0,1,1,1.000,0.00,3,0,138:57,1,3,.00,1.000,.333,1.00,,0.08497980980020614,114,81
2026-27,wsoc,New England Small College Athletic Conference (NESCAC),nescac,Middlebury,"Fee, Suzanna",Suzanna,Fee,,420,"Fee, Suzanna","FEE,SUZANNA",Middlebury,MIDD,0,7,1,16,0,16,0,0,1,4,1,1,0,0,0,.57,.14,.14,.000,.143,1,0,0,0,0,0,0,.000,2,0,0,0,.29,.00,.00,.00,0,,237:00,0,.00,.00,,,,,,,,,,,,,,,,,,-0.04183684777904455,115,81
2026-27,wsoc,New England Small College Athletic Conference (NESCAC),nescac,Middlebury,"Feldman, Mia",Mia,Feldman,,420,"Feldman, Mia","FELDMAN,MIA",Middlebury,MIDD,0,7,5,8,0,8,0,0,1,2,1,1,0,0,0,.29,.14,.14,.000,.143,1,0,0,0,0,0,0,.000,2,0,0,0,.29,.00,.00,.00,0,,354:00,0,.00,.00,,,,,,,,,,,,,,,,,,-0.04183684777904455,116,81
2026-27,wsoc,New England Small College Athletic Conference (NESCAC),nescac,Bates,"Mader, Keelan",Keelan,Mader,,50,"Mader, Keelan","MADER,KEELAN",Bates,BAT,1120-6107,6,6,33,0,33,0,0,1,1,1,1,0,0,0,.17,.17,.17,.000,.167,1,0,0,0,0,0,0,.000,2,0,0,0,.33,.00,.00,.00,0,,522:00,0,.00,.00,,,,,,,,,,,,,,,,,,-0.04183684777904455,117,81
2026-27,wsoc,New England Small College Athletic Conference (NESCAC),nescac,Williams,"Rainville, Jackie",Jackie,Rainville,,789,"Rainville, Jackie","RAINVILLE,JACKIE",Williams,WIL,0,6,6,27,0,27,0,0,1,4,1,1,0,0,0,.67,.17,.17,.000,.167,1,0,0,0,0,0,0,.000,0,0,0,0,.00,.00,.00,.00,0,,368:00,0,.00,.00,,,,,,,,,,,,,,,,,,-0.04183684777904455,118,81
2026-27,wsoc,New England Small College Athletic Conference (NESCAC),nescac,Colby,Alagna Proskurowski,Alagna,Proskurowski,,151,Alagna Proskurowski,"PROSKUROWSKI,ALAGNA",Colby,COLBY,0,3,0,13,0,13,0,0,0,2,1,1,0,0,0,.67,.00,.33,.000,.333,0,0,0,0,0,0,0,.000,0,0,0,0,.00,.00,.00,.00,0,,59:00,0,.00,.00,,,,,,,,,,,,,,,,,,-0.22632222477531788,119,80
2026-27,wsoc,New England Small College Athletic Conference (NESCAC),nescac,Bowdoin,Ashley Ahn,Ashley,Ahn,,69,Ashley Ahn,"AHN,ASHLEY",Bowdoin,BOWDOIN,1121-4659,8,7,12,0,12,0,0,0,0,1,1,0,0,0,.00,.00,.13,.000,.125,0,0,0,0,0,0,0,.000,0,0,0,0,.00,.00,.00,.00,0,,479:00,0,.00,.00,,,,,,,,,,,,,,,,,,-0.22632222477531788,120,80
2026-27,wsoc,New England Small College Athletic Conference (NESCAC),nescac,Conn. College,"Berrien, Myla",Myla,Berrien,,163,"Berrien, Myla","BERRIEN,MYLA",Conn. College,CONN,1125-3145,2,0,9,0,9,0,0,0,1,1,1,0,0,0,.50,.00,.50,.000,.500,0,0,0,0,0,0,0,.000,2,0,0,0,1.00,.00,.00,.00,0,,30:00,0,.00,.00,,,,,,,,,,,,,,,,,,-0.22632222477531788,121,80
2026-27,wsoc,New England Small College Athletic Conference (NESCAC),nescac,Amherst,"Chen, Sophie",Sophie,Chen,,24,"Chen, Sophie","CHEN,SOPHIE",Amherst,AMH,0,7,3,18,0,18,0,0,0,0,1,1,0,0,0,.00,.00,.14,.000,.143,0,0,0,0,0,0,0,.000,0,0,0,0,.00,.00,.00,.00,0,,270:00,0,.00,.00,,,,,,,,,,,,,,,,,,-0.22632222477531788,122,80
2026-27,wsoc,New England Small College Athletic Conference (NESCAC),nescac,Trinity,"Cohen, Sydney",Sydney,Cohen,,713,"Cohen, Sydney","COHEN,SYDNEY",Trinity,TRIN,1127-5797,4,0,20,0,20,0,0,0,0,1,1,0,0,0,.00,.00,.25,.000,.250,0,0,0,0,0,0,0,.000,1,0,0,0,.25,.00,.00,.00,0,,92:00,0,.00,.00,,,,,,,,,,,,,,,,,,-0.22632222477531788,123,80
2026-27,wsoc,New England Small College Athletic Conference (NESCAC),nescac,Wesleyan,"Freeman, Gabriella",Gabriella,Freeman,,764,"Freeman, Gabriella","FREEMAN,GABRIELLA",Wesleyan,WES,1130-6768,7,0,16,0,16,0,0,0,0,1,1,0,0,0,.00,.00,.14,.000,.143,0,0,0,0,0,0,0,.000,0,0,0,0,.00,.00,.00,.00,0,,133:00,0,.00,.00,,,,,,,,,,,,,,,,,,-0.22632222477531788,124,80
2026-27,wsoc,New England Small College Athletic Conference (NESCAC),nescac,Trinity,"Hoh, Lauren",Lauren,Hoh,,713,"Hoh, Lauren","HOH,LAUREN",Trinity,TRIN,1127-5344,3,0,18,0,18,0,0,0,0,1,1,0,0,0,.00,.00,.33,.000,.333,0,0,0,0,0,0,0,.000,0,0,0,0,.00,.00,.00,.00,0,,47:00,0,.00,.00,,,,,,,,,,,,,,,,,,-0.22632222477531788,125,80
2026-27,wsoc,New England Small College Athletic Conference (NESCAC),nescac,Hamilton,Maddie Fernandes,Maddie,Fernandes,,267,Maddie Fernandes,"FERNANDES,MADDIE",Hamilton,HAMILTON,1058-3261,3,0,10,0,10,0,0,0,0,1,1,0,0,0,.00,.00,.33,.000,.333,0,0,0,0,0,0,0,.000,1,0,0,0,.33,.00,.00,.00,0,,65:00,0,.00,.00,,,,,,,,,,,,,,,,,,-0.22632222477531788,126,79
2026-27,wsoc,New England Small College Athletic Conference (NESCAC),nescac,Hamilton,Magdalena Curylo,Magdalena,Curylo,,267,Magdalena Curylo,"CURYLO,MAGDALENA",Hamilton,HAMILTON,1058-3262,7,2,17,0,17,0,0,0,1,1,1,0,0,0,.14,.00,.14,.000,.143,0,0,0,0,0,0,0,.000,3,0,0,0,.43,.00,.00,.00,0,,243:00,0,.00,.00,,,,,,,,,,,,,,,,,,-0.22632222477531788,127,79
2026-27,wsoc,New England Small College Athletic Conference (NESCAC),nescac,Colby,Mia Sullivan,Mia,Sullivan,,151,Mia Sullivan,"SULLIVAN,MIA",Colby,COLBY,0,7,7,5,0,5,0,0,0,1,1,1,0,0,0,.14,.00,.14,.000,.143,0,0,0,0,0,0,0,.000,2,0,0,0,.29,.00,.00,.00,0,,371:00,0,.00,.00,,,,,,,,,,,,,,,,,,-0.22632222477531788,128,79
2026-27,wsoc,New England Small College Athletic Conference (NESCAC),nescac,Williams,"Pew, Greta",Greta,Pew,,789,"Pew, Greta","PEW,GRETA",Williams,WIL,0,6,6,3,0,3,0,0,0,1,1,1,0,0,0,.17,.00,.17,.000,.167,0,0,0,0,0,0,0,.000,2,0,0,0,.33,.00,.00,.00,0,,367:00,0,.00,.00,,,,,,,,,,,,,,,,,,-0.22632222477531788,129,79
2026-27,wsoc,New England Small College Athletic Conference (NESCAC),nescac,Williams,"Reohr, Taryn",Taryn,Reohr,,789,"Reohr, Taryn","REOHR,TARYN",Williams,WIL,0,6,0,25,0,25,0,0,0,0,1,1,0,0,0,.00,.00,.17,.000,.167,0,0,0,0,0,0,0,.000,0,0,0,0,.00,.00,.00,.00,0,,95:00,0,.00,.00,,,,,,,,,,,,,,,,,,-0.22632222477531788,130,79
2026-27,wsoc,New England Small College Athletic Conference (NESCAC),nescac,Wesleyan,"Taketa, Bridget",Bridget,Taketa,,764,"Taketa, Bridget","TAKETA,BRIDGET",Wesleyan,WES,1130-7052,8,3,3,0,3,0,0,0,2,1,1,0,0,0,.25,.00,.13,.000,.125,0,0,0,0,0,0,0,.000,4,0,0,0,.50,.00,.00,.00,0,,369:00,0,.00,.00,,,,,,,,,,,,,,,,,,-0.22632222477531788,131,79
2026-27,wsoc,New England Small College Athletic Conference (NESCAC),nescac,Williams,"Mohammed, Chelsea",Chelsea,Mohammed,,789,"Mohammed, Chelsea","MOHAMMED,CHELSEA",Williams,WIL,0,6,6,1,0,1,0,0,0,0,0,0,0,0,0,.00,.00,.00,.000,.000,0,0,0,0,0,0,0,.000,0,0,0,0,.00,.00,.00,.00,0,,531:00,0,.00,.00,34,0,1,5,3,.875,0.34,14,2,530:04,6,6,.33,0.875,.500,2.33,,-0.6665859493855885,132,79
2026-27,wsoc,New England Small College Athletic Conference (NESCAC),nescac,Colby,Sadie Gardner,Sadie,Gardner,,151,Sadie Gardner,"GARDNER,SADIE",Colby,COLBY,0,6,6,99,0,99,0,0,0,0,0,0,0,0,0,.00,.00,.00,.000,.000,0,0,0,0,0,0,0,.000,0,0,0,0,.00,.00,.00,.00,0,,492:00,0,.00,.00,45,0,1,5,2,.813,0.55,13,3,491:03,6,6,.50,0.813,.333,2.17,,-1.0877345604040156,133,78
2026-27,wsoc,New England Small College Athletic Conference (NESCAC),nescac,Hamilton,Abby Douglass,Abby,Douglass,,267,Abby Douglass,"DOUGLASS,ABBY",Hamilton,HAMILTON,1058-2559,7,7,20,0,20,0,0,4,9,0,0,0,0,0,1.29,.57,.00,.000,.000,4,0,0,0,0,0,0,.000,7,0,0,0,1.00,.00,.00,.00,0,,524:00,0,.00,.00,,,,,,,,,,,,,,,,,,-1.1427982258730156,134,78
2026-27,wsoc,New England Small College Athletic Conference (NESCAC),nescac,Amherst,"Amaral, Aubrielle",Aubrielle,Amaral,,24,"Amaral, Aubrielle","AMARAL,AUBRIELLE",Amherst,AMH,0,6,0,15,0,15,0,0,4,6,0,0,0,0,0,1.00,.67,.00,.000,.000,4,0,0,0,0,0,0,.000,0,0,0,0,.00,.00,.00,.00,0,,176:00,0,.00,.00,,,,,,,,,,,,,,,,,,-1.1427982258730156,135,78
2026-27,wsoc,New England Small College Athletic Conference (NESCAC),nescac,Colby,Claire Walsh,Claire,Walsh,,151,Claire Walsh,"WALSH,CLAIRE",Colby,COLBY,0,7,1,23,0,23,0,0,4,6,0,0,0,0,0,.86,.57,.00,.000,.000,4,0,0,0,0,0,0,.000,6,0,0,0,.86,.00,.00,.00,0,,290:00,0,.00,.00,,,,,,,,,,,,,,,,,,-1.1427982258730156,136,78
2026-27,wsoc,New England Small College Athletic Conference (NESCAC),nescac,Bowdoin,Dani Musry,Dani,Musry,,69,Dani Musry,"MUSRY,DANI",Bowdoin,BOWDOIN,1121-4452,6,0,18,0,18,0,0,3,6,0,0,0,0,0,1.00,.50,.00,.000,.000,3,0,0,0,0,0,0,.000,8,0,0,0,1.33,.00,.00,.00,0,,129:00,0,.00,.00,,,,,,,,,,,,,,,,,,-1.327283602869289,137,78
2026-27,wsoc,New England Small College Athletic Conference (NESCAC),nescac,Conn. College,"Mastrullo, Mae",Mae,Mastrullo,,163,"Mastrullo, Mae","MASTRULLO,MAE",Conn. College,CONN,1125-2788,7,2,18,0,18,0,0,3,4,0,0,0,0,0,.57,.43,.00,.000,.000,3,0,0,0,0,0,0,.000,2,0,0,0,.29,.00,.00,.00,0,,321:00,0,.00,.00,,,,,,,,,,,,,,,,,,-1.327283602869289,138,78
2026-27,wsoc,New England Small College Athletic Conference (NESCAC),nescac,Tufts,"Edwards, Gigi",Gigi,Edwards,,717,"Edwards, Gigi","EDWARDS,GIGI",Tufts,TUFTS,1129-4473,5,5,0,0,0,0,0,0,0,0,0,0,0,0,.00,.00,.00,.000,.000,0,0,0,0,0,0,0,.000,1,0,0,0,.20,.00,.00,.00,0,,450:00,0,.00,.00,41,1,0,3,1,.810,0.80,17,4,450:00,5,5,.80,0.810,.200,3.40,,-1.3886126400934327,139,78
2026-27,wsoc,New England Small College Athletic Conference (NESCAC),nescac,Conn. College,"Chace, Claire",Claire,Chace,,163,"Chace, Claire","CHACE,CLAIRE",Conn. College,CONN,1125-2980,7,7,17,0,17,0,0,2,9,0,0,0,0,0,1.29,.29,.00,.000,.000,2,0,0,0,0,0,0,.000,2,0,0,0,.29,.00,.00,.00,0,,473:00,0,.00,.00,,,,,,,,,,,,,,,,,,-1.5117689798655622,140,78
2026-27,wsoc,New England Small College Athletic Conference (NESCAC),nescac,Wesleyan,"Goodwin, Brooke",Brooke,Goodwin,,764,"Goodwin, Brooke","GOODWIN,BROOKE",Wesleyan,WES,1130-6558,5,0,13,0,13,0,0,2,4,0,0,0,0,0,.80,.40,.00,.000,.000,2,0,0,0,0,0,0,.000,1,0,0,0,.20,.00,.00,.00,0,,106:00,0,.00,.00,,,,,,,,,,,,,,,,,,-1.5117689798655622,141,77
2026-27,wsoc,New England Small College Athletic Conference (NESCAC),nescac,Conn. College,"Iwakoshi, Colette",Colette,Iwakoshi,,163,"Iwakoshi, Colette","IWAKOSHI,COLETTE",Conn. College,CONN,1125-3150,6,2,36,0,36,0,0,2,3,0,0,0,0,0,.50,.33,.00,.000,.000,2,0,0,0,0,0,0,.000,2,0,0,0,.33,.00,.00,.00,0,,224:00,0,.00,.00,,,,,,,,,,,,,,,,,,-1.5117689798655622,142,77
2026-27,wsoc,New England Small College Athletic Conference (NESCAC),nescac,Conn. College,"Koubel, Chloe",Chloe,Koubel,,163,"Koubel, Chloe","KOUBEL,CHLOE",Conn. College,CONN,1125-2786,7,3,4,0,4,0,0,2,5,0,0,0,0,0,.71,.29,.00,.000,.000,2,0,0,0,0,0,0,.000,0,0,0,0,.00,.00,.00,.00,0,,257:00,0,.00,.00,,,,,,,,,,,,,,,,,,-1.5117689798655622,143,77
2026-27,wsoc,New England Small College Athletic Conference (NESCAC),nescac,Colby,Neve Taylor,Neve,Taylor,,151,Neve Taylor,"TAYLOR,NEVE",Colby,COLBY,0,7,4,3,0,3,0,0,2,4,0,0,0,0,0,.57,.29,.00,.000,.000,2,0,0,0,0,0,0,.000,4,0,1,0,.57,.14,.00,.00,0,,318:00,0,.00,.00,,,,,,,,,,,,,,,,,,-1.5117689798655622,144,77
2026-27,wsoc,New England Small College Athletic Conference (NESCAC),nescac,Tufts,"Robillard, Gussie",Gussie,Robillard,,717,"Robillard, Gussie","ROBILLARD,GUSSIE",Tufts,TUFTS,1129-5200,6,0,12,0,12,0,0,2,3,0,0,0,0,0,.50,.33,.00,.000,.000,2,0,0,0,0,0,0,.000,1,0,0,0,.17,.00,.00,.00,0,,133:00,0,.00,.00,,,,,,,,,,,,,,,,,,-1.5117689798655622,145,77
2026-27,wsoc,New England Small College Athletic Conference (NESCAC),nescac,Trinity,"Scobbo, Stella",Stella,Scobbo,,713,"Scobbo, Stella","SCOBBO,STELLA",Trinity,TRIN,1127-5805,5,0,26,0,26,0,0,2,2,0,0,0,0,0,.40,.40,.00,.000,.000,2,0,0,0,0,0,0,.000,1,0,0,0,.20,.00,.00,.00,0,,170:00,0,.00,.00,,,,,,,,,,,,,,,,,,-1.5117689798655622,146,77
2026-27,wsoc,New England Small College Athletic Conference (NESCAC),nescac,Bowdoin,Sofi Rua,Sofi,Rua,,69,Sofi Rua,"RUA,SOFI",Bowdoin,BOWDOIN,1121-4446,8,6,17,0,17,0,0,2,2,0,0,0,0,0,.25,.25,.00,.000,.000,2,0,0,0,0,0,0,.000,3,0,1,0,.38,.13,.00,.00,0,,424:00,0,.00,.00,,,,,,,,,,,,,,,,,,-1.5117689798655622,147,77
2026-27,wsoc,New England Small College Athletic Conference (NESCAC),nescac,Middlebury,"Marston, Frankie",Frankie,Marston,,420,"Marston, Frankie","MARSTON,FRANKIE",Middlebury,MIDD,0,7,7,1,0,1,0,0,0,0,0,0,0,0,0,.00,.00,.00,.000,.000,0,0,0,0,0,0,0,.000,0,0,0,0,.00,.00,.00,.00,0,,630:00,0,.00,.00,88,3,1,3,3,.825,1.00,33,7,630:00,7,7,1.00,0.825,.429,4.71,,-1.5800489333846421,148,76
2026-27,wsoc,New England Small College Athletic Conference (NESCAC),nescac,Bates,"Litney, Sydney",Sydney,Litney,,50,"Litney, Sydney","LITNEY,SYDNEY",Bates,BAT,1120-5594,5,3,1,0,1,0,0,0,0,0,0,0,0,0,.00,.00,.00,.000,.000,0,0,0,0,0,0,0,.000,0,0,0,0,.00,.00,.00,.00,0,,282:00,0,.00,.00,27,1,1,1,2,.786,0.95,11,3,283:33,3,5,.60,0.786,.400,2.20,,-1.6319963260806007,149,76
2026-27,wsoc,New England Small College Athletic Conference (NESCAC),nescac,Hamilton,Ava Chiappinelli,Ava,Chiappinelli,,267,Ava Chiappinelli,"CHIAPPINELLI,AVA",Hamilton,HAMILTON,1058-3028,7,3,14,0,14,0,0,1,3,0,0,0,0,0,.43,.14,.00,.000,.000,1,0,0,0,0,0,0,.000,0,0,0,0,.00,.00,.00,.00,0,,476:00,0,.00,.00,,,,,,,,,,,,,,,,,,-1.6962543568618356,150,76
2026-27,wsoc,New England Small College Athletic Conference (NESCAC),nescac,Bowdoin,Bea Wheeler,Bea,Wheeler,,69,Bea Wheeler,"WHEELER,BEA",Bowdoin,BOWDOIN,1121-4859,5,0,26,0,26,0,0,1,2,0,0,0,0,0,.40,.20,.00,.000,.000,1,0,0,0,0,0,0,.000,0,0,0,0,.00,.00,.00,.00,0,,30:00,0,.00,.00,,,,,,,,,,,,,,,,,,-1.6962543568618356,151,76
2026-27,wsoc,New England Small College Athletic Conference (NESCAC),nescac,Middlebury,"Braemer, Wynne",Wynne,Braemer,,420,"Braemer, Wynne","BRAEMER,WYNNE",Middlebury,MIDD,0,7,7,20,0,20,0,0,1,1,0,0,0,0,0,.14,.14,.00,.000,.000,1,0,0,0,0,0,0,.000,3,0,0,0,.43,.00,.00,.00,0,,590:00,0,.00,.00,,,,,,,,,,,,,,,,,,-1.6962543568618356,152,76
2026-27,wsoc,New England Small College Athletic Conference (NESCAC),nescac,Amherst,"Button, Becca",Becca,Button,,24,"Button, Becca","BUTTON,BECCA",Amherst,AMH,0,7,1,9,0,9,0,0,1,4,0,0,0,0,0,.57,.14,.00,.000,.000,1,0,0,0,0,0,0,.000,1,0,0,0,.14,.00,.00,.00,0,,179:00,0,.00,.00,,,,,,,,,,,,,,,,,,-1.6962543568618356,153,76
2026-27,wsoc,New England Small College Athletic Conference (NESCAC),nescac,Colby,Catherine Watrous,Catherine,Watrous,,151,Catherine Watrous,"WATROUS,CATHERINE",Colby,COLBY,0,7,0,20,0,20,0,0,1,1,0,0,0,0,0,.14,.14,.00,.000,.000,1,0,0,0,0,0,0,.000,4,0,0,0,.57,.00,.00,.00,0,,219:00,0,.00,.00,,,,,,,,,,,,,,,,,,-1.6962543568618356,154,76
2026-27,wsoc,New England Small College Athletic Conference (NESCAC),nescac,Middlebury,"Christopher, Emmy",Emmy,Christopher,,420,"Christopher, Emmy","CHRISTOPHER,EMMY",Middlebury,MIDD,0,2,0,6,0,6,0,0,1,1,0,0,0,0,0,.50,.50,.00,.000,.000,1,0,0,0,0,0,0,.000,0,0,0,0,.00,.00,.00,.00,0,,23:00,0,.00,.00,,,,,,,,,,,,,,,,,,-1.6962543568618356,155,75
2026-27,wsoc,New England Small College Athletic Conference (NESCAC),nescac,Colby,Ciara Morrissey,Ciara,Morrissey,,151,Ciara Morrissey,"MORRISSEY,CIARA",Colby,COLBY,0,5,0,31,0,31,0,0,1,4,0,0,0,0,0,.80,.20,.00,.000,.000,1,0,0,0,0,0,0,.000,2,0,0,0,.40,.00,.00,.00,0,,138:00,0,.00,.00,,,,,,,,,,,,,,,,,,-1.6962543568618356,156,75
2026-27,wsoc,New England Small College Athletic Conference (NESCAC),nescac,Middlebury,"Colby, Olivia",Olivia,Colby,,420,"Colby, Olivia","COLBY,OLIVIA",Middlebury,MIDD,0,6,1,7,0,7,0,0,1,3,0,0,0,0,0,.50,.17,.00,.000,.000,1,0,0,0,0,0,0,.000,0,0,0,0,.00,.00,.00,.00,0,,191:00,0,.00,.00,,,,,,,,,,,,,,,,,,-1.6962543568618356,157,75
2026-27,wsoc,New England Small College Athletic Conference (NESCAC),nescac,Trinity,"Correnti, Ava",Ava,Correnti,,713,"Correnti, Ava","CORRENTI,AVA",Trinity,TRIN,1127-5338,6,6,8,0,8,0,0,1,1,0,0,0,0,0,.17,.17,.00,.000,.000,1,0,0,0,0,0,0,.000,2,0,0,0,.33,.00,.00,.00,0,,487:00,0,.00,.00,,,,,,,,,,,,,,,,,,-1.6962543568618356,158,75
2026-27,wsoc,New England Small College Athletic Conference (NESCAC),nescac,Amherst,"Danso, Abigail",Abigail,Danso,,24,"Danso, Abigail","DANSO,ABIGAIL",Amherst,AMH,0,4,3,10,0,10,0,0,1,2,0,0,0,0,0,.50,.25,.00,.000,.000,1,0,0,0,0,0,0,.000,1,0,0,0,.25,.00,.00,.00,0,,258:00,0,.00,.00,,,,,,,,,,,,,,,,,,-1.6962543568618356,159,75
2026-27,wsoc,New England Small College Athletic Conference (NESCAC),nescac,Williams,"Dupies, Piper",Piper,Dupies,,789,"Dupies, Piper","DUPIES,PIPER",Williams,WIL,0,5,0,24,0,24,0,0,1,1,0,0,0,0,0,.20,.20,.00,.000,.000,1,0,0,0,0,0,0,.000,0,0,0,0,.00,.00,.00,.00,0,,109:00,0,.00,.00,,,,,,,,,,,,,,,,,,-1.6962543568618356,160,75
2026-27,wsoc,New England Small College Athletic Conference (NESCAC),nescac,Amherst,"Dwyer, Nell",Nell,Dwyer,,24,"Dwyer, Nell","DWYER,NELL",Amherst,AMH,0,7,7,5,0,5,0,0,1,3,0,0,0,0,0,.43,.14,.00,.000,.000,1,0,0,0,0,0,0,.000,1,0,0,0,.14,.00,.00,.00,0,,568:00,0,.00,.00,,,,,,,,,,,,,,,,,,-1.6962543568618356,161,75
2026-27,wsoc,New England Small College Athletic Conference (NESCAC),nescac,Middlebury,"Espinasse, Stella",Stella,Espinasse,,420,"Espinasse, Stella","ESPINASSE,STELLA",Middlebury,MIDD,0,7,6,23,0,23,0,0,1,6,0,0,0,0,0,.86,.14,.00,.000,.000,1,0,0,0,0,0,0,.000,2,0,0,0,.29,.00,.00,.00,0,,427:00,0,.00,.00,,,,,,,,,,,,,,,,,,-1.6962543568618356,162,74
2026-27,wsoc,New England Small College Athletic Conference (NESCAC),nescac,Middlebury,"Foose, Laila",Laila,Foose,,420,"Foose, Laila","FOOSE,LAILA",Middlebury,MIDD,0,6,0,25,0,25,0,0,1,2,0,0,0,0,0,.33,.17,.00,.000,.000,1,0,0,0,0,0,0,.000,0,0,0,0,.00,.00,.00,.00,0,,219:00,0,.00,.00,,,,,,,,,,,,,,,,,,-1.6962543568618356,163,74
2026-27,wsoc,New England Small College Athletic Conference (NESCAC),nescac,Wesleyan,"Franklin, Charlotte",Charlotte,Franklin,,764,"Franklin, Charlotte","FRANKLIN,CHARLOTTE",Wesleyan,WES,1130-6557,6,0,25,0,25,0,0,1,1,0,0,0,0,0,.17,.17,.00,.000,.000,1,0,0,0,0,0,0,.000,0,0,0,0,.00,.00,.00,.00,0,,143:00,0,.00,.00,,,,,,,,,,,,,,,,,,-1.6962543568618356,164,74
2026-27,wsoc,New England Small College Athletic Conference (NESCAC),nescac,Bowdoin,Grace Harvey,Grace,Harvey,,69,Grace Harvey,"HARVEY,GRACE",Bowdoin,BOWDOIN,1121-4302,8,8,23,0,23,0,0,1,1,0,0,0,0,0,.13,.13,.00,.000,.000,1,0,0,0,0,0,0,.000,1,0,0,0,.13,.00,.00,.00,0,,720:00,0,.00,.00,,,,,,,,,,,,,,,,,,-1.6962543568618356,165,74
2026-27,wsoc,New England Small College Athletic Conference (NESCAC),nescac,Conn. College,"Griffin, Maya",Maya,Griffin,,163,"Griffin, Maya","GRIFFIN,MAYA",Conn. College,CONN,1125-2569,3,0,7,0,7,0,0,1,1,0,0,0,0,0,.33,.33,.00,.000,.000,1,0,0,0,0,0,0,.000,1,0,0,0,.33,.00,.00,.00,0,,62:00,0,.00,.00,,,,,,,,,,,,,,,,,,-1.6962543568618356,166,74
2026-27,wsoc,New England Small College Athletic Conference (NESCAC),nescac,Colby,Hannah Donahue,Hannah,Donahue,,151,Hannah Donahue,"DONAHUE,HANNAH",Colby,COLBY,0,4,0,17,0,17,0,0,1,1,0,0,0,0,0,.25,.25,.00,.000,.000,1,0,0,0,0,0,0,.000,0,0,0,0,.00,.00,.00,.00,0,,64:00,0,.00,.00,,,,,,,,,,,,,,,,,,-1.6962543568618356,167,74
2026-27,wsoc,New England Small College Athletic Conference (NESCAC),nescac,Middlebury,"Irwin-Pokorny, Olivia",Olivia,Irwin-Pokorny,,420,"Irwin-Pokorny, Olivia","IRWIN-POKORNY,OLIVIA",Middlebury,MIDD,0,4,0,12,0,12,0,0,1,1,0,0,0,0,0,.25,.25,.00,.000,.000,1,0,0,0,0,0,0,.000,0,0,0,0,.00,.00,.00,.00,0,,44:00,0,.00,.00,,,,,,,,,,,,,,,,,,-1.6962543568618356,168,74
2026-27,wsoc,New England Small College Athletic Conference (NESCAC),nescac,Bates,"Kelly, Carolyn",Carolyn,Kelly,,50,"Kelly, Carolyn","KELLY,CAROLYN",Bates,BAT,1120-6106,6,6,21,0,21,0,0,1,2,0,0,0,0,0,.33,.17,.00,.000,.000,1,0,0,0,0,0,0,.000,3,0,0,0,.50,.00,.00,.00,0,,449:00,0,.00,.00,,,,,,,,,,,,,,,,,,-1.6962543568618356,169,74
2026-27,wsoc,New England Small College Athletic Conference (NESCAC),nescac,Bates,"Leland, Kate",Kate,Leland,,50,"Leland, Kate","LELAND,KATE",Bates,BAT,1120-5830,6,6,3,0,3,0,0,1,1,0,0,0,0,0,.17,.17,.00,.000,.000,1,0,0,0,0,0,0,.000,1,0,0,0,.17,.00,.00,.00,0,,400:00,0,.00,.00,,,,,,,,,,,,,,,,,,-1.6962543568618356,170,73
2026-27,wsoc,New England Small College Athletic Conference (NESCAC),nescac,Middlebury,"Lieberman, Alexandra",Alexandra,Lieberman,,420,"Lieberman, Alexandra","LIEBERMAN,ALEXANDRA",Middlebury,MIDD,0,3,0,28,0,28,0,0,1,2,0,0,0,0,0,.67,.33,.00,.000,.000,1,0,0,0,0,0,0,.000,1,0,0,0,.33,.00,.00,.00,0,,58:00,0,.00,.00,,,,,,,,,,,,,,,,,,-1.6962543568618356,171,73
2026-27,wsoc,New England Small College Athletic Conference (NESCAC),nescac,Williams,"Mark, Lily",Lily,Mark,,789,"Mark, Lily","MARK,LILY",Williams,WIL,0,6,6,9,0,9,0,0,1,5,0,0,0,0,0,.83,.17,.00,.000,.000,1,0,0,0,0,0,0,.000,0,0,0,0,.00,.00,.00,.00,0,,398:00,0,.00,.00,,,,,,,,,,,,,,,,,,-1.6962543568618356,172,73
2026-27,wsoc,New England Small College Athletic Conference (NESCAC),nescac,Middlebury,"Meehan, Delaney",Delaney,Meehan,,420,"Meehan, Delaney","MEEHAN,DELANEY",Middlebury,MIDD,0,6,1,3,0,3,0,0,1,1,0,0,0,0,0,.17,.17,.00,.000,.000,1,0,0,0,0,0,0,.000,0,0,0,0,.00,.00,.00,.00,0,,108:00,0,.00,.00,,,,,,,,,,,,,,,,,,-1.6962543568618356,173,73
2026-27,wsoc,New England Small College Athletic Conference (NESCAC),nescac,Conn. College,"Millard, Evan",Evan,Millard,,163,"Millard, Evan","MILLARD,EVAN",Conn. College,CONN,1125-3153,2,0,19,0,19,0,0,1,1,0,0,0,0,0,.50,.50,.00,.000,.000,1,0,0,0,0,0,0,.000,1,0,0,0,.50,.00,.00,.00,0,,64:00,0,.00,.00,,,,,,,,,,,,,,,,,,-1.6962543568618356,174,73
2026-27,wsoc,New England Small College Athletic Conference (NESCAC),nescac,Amherst,"Pesso, Olivia",Olivia,Pesso,,24,"Pesso, Olivia","PESSO,OLIVIA",Amherst,AMH,0,3,0,25,0,25,0,0,1,1,0,0,0,0,0,.33,.33,.00,.000,.000,1,0,0,0,0,0,0,.000,0,0,0,0,.00,.00,.00,.00,0,,32:00,0,.00,.00,,,,,,,,,,,,,,,,,,-1.6962543568618356,175,73
2026-27,wsoc,New England Small College Athletic Conference (NESCAC),nescac,Williams,"Porter, Kianna",Kianna,Porter,,789,"Porter, Kianna","PORTER,KIANNA",Williams,WIL,0,4,4,23,0,23,0,0,1,3,0,0,0,0,0,.75,.25,.00,.000,.000,1,0,0,0,0,0,0,.000,1,0,0,0,.25,.00,.00,.00,0,,276:00,0,.00,.00,,,,,,,,,,,,,,,,,,-1.6962543568618356,176,73
2026-27,wsoc,New England Small College Athletic Conference (NESCAC),nescac,Bates,"Rella-Neill, Aurora",Aurora,Rella-Neill,,50,"Rella-Neill, Aurora","RELLA-NEILL,AURORA",Bates,BAT,1120-6111,5,0,10,0,10,0,0,1,2,0,0,0,0,0,.40,.20,.00,.000,.000,1,0,0,0,0,0,0,.000,1,0,0,0,.20,.00,.00,.00,0,,165:00,0,.00,.00,,,,,,,,,,,,,,,,,,-1.6962543568618356,177,72
2026-27,wsoc,New England Small College Athletic Conference (NESCAC),nescac,Bates,"Rourke, Kayte",Kayte,Rourke,,50,"Rourke, Kayte","ROURKE,KAYTE",Bates,BAT,1120-5600,1,0,6,0,6,0,0,1,1,0,0,0,0,0,1.00,1.00,.00,.000,.000,1,0,0,0,0,0,0,.000,0,0,0,0,.00,.00,.00,.00,0,,28:00,0,.00,.00,,,,,,,,,,,,,,,,,,-1.6962543568618356,178,72
2026-27,wsoc,New England Small College Athletic Conference (NESCAC),nescac,Tufts,"Ruiz, Alyssa",Alyssa,Ruiz,,717,"Ruiz, Alyssa","RUIZ,ALYSSA",Tufts,TUFTS,1129-4922,6,6,23,0,23,0,0,1,4,0,0,0,0,0,.67,.17,.00,.000,.000,1,0,0,0,0,0,0,.000,0,0,0,0,.00,.00,.00,.00,0,,476:00,0,.00,.00,,,,,,,,,,,,,,,,,,-1.6962543568618356,179,72
2026-27,wsoc,New England Small College Athletic Conference (NESCAC),nescac,Hamilton,Ryan Manning,Ryan,Manning,,267,Ryan Manning,"MANNING,RYAN",Hamilton,HAMILTON,1058-2553,7,6,4,0,4,0,0,1,1,0,0,0,0,0,.14,.14,.00,.000,.000,1,0,0,0,0,0,0,.000,2,0,0,0,.29,.00,.00,.00,0,,392:00,0,.00,.00,,,,,,,,,,,,,,,,,,-1.6962543568618356,180,72
2026-27,wsoc,New England Small College Athletic Conference (NESCAC),nescac,Bowdoin,Sienna Masood,Sienna,Masood,,69,Sienna Masood,"MASOOD,SIENNA",Bowdoin,BOWDOIN,1121-4447,6,0,4,0,4,0,0,1,1,0,0,0,0,0,.17,.17,.00,.000,.000,1,0,0,0,0,0,0,.000,0,0,0,0,.00,.00,.00,.00,0,,144:00,0,.00,.00,,,,,,,,,,,,,,,,,,-1.6962543568618356,181,72
2026-27,wsoc,New England Small College Athletic Conference (NESCAC),nescac,Conn. College,"Stern, Hailey",Hailey,Stern,,163,"Stern, Hailey","STERN,HAILEY",Conn. College,CONN,1125-3155,3,0,21,0,21,0,0,1,3,0,0,0,0,0,1.00,.33,.00,.000,.000,1,0,0,0,0,0,0,.000,1,0,0,0,.33,.00,.00,.00,0,,48:00,0,.00,.00,,,,,,,,,,,,,,,,,,-1.6962543568618356,182,72
2026-27,wsoc,New England Small College Athletic Conference (NESCAC),nescac,Bowdoin,"Strong, Isabella",Isabella,Strong,,69,"Strong, Isabella","STRONG,ISABELLA",Bowdoin,BOWDOIN,0,2,0,3,0,3,0,0,1,1,0,0,0,0,0,.50,.50,.00,.000,.000,1,0,0,0,0,0,0,.000,0,0,0,0,.00,.00,.00,.00,0,,11:00,0,.00,.00,,,,,,,,,,,,,,,,,,-1.6962543568618356,183,72
2026-27,wsoc,New England Small College Athletic Conference (NESCAC),nescac,Wesleyan,"Sul, Cayla",Cayla,Sul,,764,"Sul, Cayla","SUL,CAYLA",Wesleyan,WES,1130-7353,6,2,33,0,33,0,0,1,2,0,0,0,0,0,.33,.17,.00,.000,.000,1,0,0,0,0,0,0,.000,0,0,1,0,.00,.17,.00,.00,0,,153:00,0,.00,.00,,,,,,,,,,,,,,,,,,-1.6962543568618356,184,71
2026-27,wsoc,New England Small College Athletic Conference (NESCAC),nescac,Bowdoin,Talia Shagrin,Talia,Shagrin,,69,Talia Shagrin,"SHAGRIN,TALIA",Bowdoin,BOWDOIN,1121-4861,5,0,25,0,25,0,0,1,2,0,0,0,0,0,.40,.20,.00,.000,.000,1,0,0,0,0,0,0,.000,0,0,0,0,.00,.00,.00,.00,0,,127:00,0,.00,.00,,,,,,,,,,,,,,,,,,-1.6962543568618356,185,71
2026-27,wsoc,New England Small College Athletic Conference (NESCAC),nescac,Colby,Taylor Oranellas,Taylor,Oranellas,,151,Taylor Oranellas,"ORANELLAS,TAYLOR",Colby,COLBY,0,4,0,8,0,8,0,0,1,2,0,0,0,0,0,.50,.25,.00,.000,.000,1,0,0,0,0,0,0,.000,1,0,0,0,.25,.00,.00,.00,0,,92:00,0,.00,.00,,,,,,,,,,,,,,,,,,-1.6962543568618356,186,71
2026-27,wsoc,New England Small College Athletic Conference (NESCAC),nescac,Wesleyan,"Tirabassi, Lola",Lola,Tirabassi,,764,"Tirabassi, Lola","TIRABASSI,LOLA",Wesleyan,WES,1130-7050,3,0,27,0,27,0,0,1,3,0,0,0,0,0,1.00,.33,.00,.000,.000,1,0,0,0,0,0,0,.000,0,0,0,0,.00,.00,.00,.00,0,,59:00,0,.00,.00,,,,,,,,,,,,,,,,,,-1.6962543568618356,187,71
2026-27,wsoc,New England Small College Athletic Conference (NESCAC),nescac,Middlebury,"Walker, Kacy",Kacy,Walker,,420,"Walker, Kacy","WALKER,KACY",Middlebury,MIDD,0,4,1,18,0,18,0,0,1,1,0,0,0,0,0,.25,.25,.00,.000,.000,1,0,0,0,0,0,0,.000,1,0,0,0,.25,.00,.00,.00,0,,131:00,0,.00,.00,,,,,,,,,,,,,,,,,,-1.6962543568618356,188,71
2026-27,wsoc,New England Small College Athletic Conference (NESCAC),nescac,Conn. College,"Ward, Emma",Emma,Ward,,163,"Ward, Emma","WARD,EMMA",Conn. College,CONN,1125-2580,7,5,22,0,22,0,0,1,2,0,0,0,0,0,.29,.14,.00,.000,.000,1,0,0,0,0,0,0,.000,3,0,1,0,.43,.14,.00,.00,0,,327:00,0,.00,.00,,,,,,,,,,,,,,,,,,-1.6962543568618356,189,71
2026-27,wsoc,New England Small College Athletic Conference (NESCAC),nescac,Bowdoin,Alexa Sheppard,Alexa,Sheppard,,69,Alexa Sheppard,"SHEPPARD,ALEXA",Bowdoin,BOWDOIN,1121-4450,0,0,13,0,13,0,0,0,0,0,0,0,0,0,.00,.00,.00,.000,.000,0,0,0,0,0,0,0,.000,0,0,0,0,.00,.00,.00,.00,0,,00:00,0,.00,.00,,,,,,,,,,,,,,,,,,-1.8807397338581089,190,71
2026-27,wsoc,New England Small College Athletic Conference (NESCAC),nescac,Trinity,"Alvarenga, Nat",Nat,Alvarenga,,713,"Alvarenga, Nat","ALVARENGA,NAT",Trinity,TRIN,1127-5795,3,0,21,0,21,0,0,0,1,0,0,0,0,0,.33,.00,.00,.000,.000,0,0,0,0,0,0,0,.000,1,0,0,0,.33,.00,.00,.00,0,,52:00,0,.00,.00,,,,,,,,,,,,,,,,,,-1.8807397338581089,191,71
2026-27,wsoc,New England Small College Athletic Conference (NESCAC),nescac,Williams,"Alvarez, Leila",Leila,Alvarez,,789,"Alvarez, Leila","ALVAREZ,LEILA",Williams,WIL,0,6,0,11,0,11,0,0,0,0,0,0,0,0,0,.00,.00,.00,.000,.000,0,0,0,0,0,0,0,.000,1,0,0,0,.17,.00,.00,.00,0,,149:00,0,.00,.00,,,,,,,,,,,,,,,,,,-1.8807397338581089,192,70
2026-27,wsoc,New England Small College Athletic Conference (NESCAC),nescac,Middlebury,"Amaditz, Sydney",Sydney,Amaditz,,420,"Amaditz, Sydney","AMADITZ,SYDNEY",Middlebury,MIDD,0,0,0,00,0,00,0,0,0,0,0,0,0,0,0,.00,.00,.00,.000,.000,0,0,0,0,0,0,0,.000,0,0,0,0,.00,.00,.00,.00,0,,00:00,0,.00,.00,,,,,,,,,,,,,,,,,,-1.8807397338581089,193,70
2026-27,wsoc,New England Small College Athletic Conference (NESCAC),nescac,Colby,Ami Vithiananthan,Ami,Vithiananthan,,151,Ami Vithiananthan,"VITHIANANTHAN,AMI",Colby,COLBY,0,7,7,2,0,2,0,0,0,3,0,0,0,0,0,.43,.00,.00,.000,.000,0,0,0,0,0,0,0,.000,2,0,1,0,.29,.14,.00,.00,0,,438:00,0,.00,.00,,,,,,,,,,,,,,,,,,-1.8807397338581089,194,70
2026-27,wsoc,New England Small College Athletic Conference (NESCAC),nescac,Bowdoin,Astrid McGuire,Astrid,McGuire,,69,Astrid McGuire,"MCGUIRE,ASTRID",Bowdoin,BOWDOIN,1121-4451,6,0,20,0,20,0,0,0,0,0,0,0,0,0,.00,.00,.00,.000,.000,0,0,0,0,0,0,0,.000,1,0,0,0,.17,.00,.00,.00,0,,138:00,0,.00,.00,,,,,,,,,,,,,,,,,,-1.8807397338581089,195,70
2026-27,wsoc,New England Small College Athletic Conference (NESCAC),nescac,Hamilton,Avery Musielak,Avery,Musielak,,267,Avery Musielak,"MUSIELAK,AVERY",Hamilton,HAMILTON,1058-3027,0,0,9,0,9,0,0,0,0,0,0,0,0,0,.00,.00,.00,.000,.000,0,0,0,0,0,0,0,.000,0,0,0,0,.00,.00,.00,.00,0,,00:00,0,.00,.00,,,,,,,,,,,,,,,,,,-1.8807397338581089,196,70
2026-27,wsoc,New England Small College Athletic Conference (NESCAC),nescac,Bates,"Bagg, Madelyn",Madelyn,Bagg,,50,"Bagg, Madelyn","BAGG,MADELYN",Bates,BAT,1120-6394,4,0,9,0,9,0,0,0,0,0,0,0,0,0,.00,.00,.00,.000,.000,0,0,0,0,0,0,0,.000,3,0,0,0,.75,.00,.00,.00,0,,145:00,0,.00,.00,,,,,,,,,,,,,,,,,,-1.8807397338581089,197,70
2026-27,wsoc,New England Small College Athletic Conference (NESCAC),nescac,Conn. College,"Barakat, Victoria",Victoria,Barakat,,163,"Barakat, Victoria","BARAKAT,VICTORIA",Conn. College,CONN,1125-2790,0,0,24,0,24,0,0,0,0,0,0,0,0,0,.00,.00,.00,.000,.000,0,0,0,0,0,0,0,.000,0,0,0,0,.00,.00,.00,.00,0,,00:00,0,.00,.00,,,,,,,,,,,,,,,,,,-1.8807397338581089,198,70
2026-27,wsoc,New England Small College Athletic Conference (NESCAC),nescac,Bates,"Bernal, Isabelle",Isabelle,Bernal,,50,"Bernal, Isabelle","BERNAL,ISABELLE",Bates,BAT,1120-5826,5,0,32,0,32,0,0,0,0,0,0,0,0,0,.00,.00,.00,.000,.000,0,0,0,0,0,0,0,.000,1,0,0,0,.20,.00,.00,.00,0,,70:00,0,.00,.00,,,,,,,,,,,,,,,,,,-1.8807397338581089,199,69
2026-27,wsoc,New England Small College Athletic Conference (NESCAC),nescac,Bowdoin,Bo Casey,Bo,Casey,,69,Bo Casey,"CASEY,BO",Bowdoin,BOWDOIN,1121-4868,8,0,8,0,8,0,0,0,1,0,0,0,0,0,.13,.00,.00,.000,.000,0,0,0,0,0,0,0,.000,4,0,0,0,.50,.00,.00,.00,0,,200:00,0,.00,.00,,,,,,,,,,,,,,,,,,-1.8807397338581089,200,69
2026-27,wsoc,New England Small College Athletic Conference (NESCAC),nescac,Wesleyan,"Bodner, Hannah",Hannah,Bodner,,764,"Bodner, Hannah","BODNER,HANNAH",Wesleyan,WES,1130-7048,0,0,6,0,6,0,0,0,0,0,0,0,0,0,.00,.00,.00,.000,.000,0,0,0,0,0,0,0,.000,0,0,0,0,.00,.00,.00,.00,0,,00:00,0,.00,.00,,,,,,,,,,,,,,,,,,-1.8807397338581089,201,69
2026-27,wsoc,New England Small College Athletic Conference (NESCAC),nescac,Bates,"Boyd, Nikki",Nikki,Boyd,,50,"Boyd, Nikki","BOYD,NIKKI",Bates,BAT,1120-5827,0,0,17,0,17,0,0,0,0,0,0,0,0,0,.00,.00,.00,.000,.000,0,0,0,0,0,0,0,.000,0,0,0,0,.00,.00,.00,.00,0,,00:00,0,.00,.00,,,,,,,,,,,,,,,,,,-1.8807397338581089,202,69
2026-27,wsoc,New England Small College Athletic Conference (NESCAC),nescac,Tufts,"Brady, Claire",Claire,Brady,,717,"Brady, Claire","BRADY,CLAIRE",Tufts,TUFTS,1129-4920,6,0,20,0,20,0,0,0,4,0,0,0,0,0,.67,.00,.00,.000,.000,0,0,0,0,0,0,0,.000,5,0,0,0,.83,.00,.00,.00,0,,150:00,0,.00,.00,,,,,,,,,,,,,,,,,,-1.8807397338581089,203,69
2026-27,wsoc,New England Small College Athletic Conference (NESCAC),nescac,Middlebury,"Broderick, Tessa",Tessa,Broderick,,420,"Broderick, Tessa","BRODERICK,TESSA",Middlebury,MIDD,0,7,7,22,0,22,0,0,0,0,0,0,0,0,0,.00,.00,.00,.000,.000,0,0,0,0,0,0,0,.000,3,0,0,0,.43,.00,.00,.00,0,,599:00,0,.00,.00,,,,,,,,,,,,,,,,,,-1.8807397338581089,204,69
2026-27,wsoc,New England Small College Athletic Conference (NESCAC),nescac,Williams,"Brown, Maddie",Maddie,Brown,,789,"Brown, Maddie","BROWN,MADDIE",Williams,WIL,0,2,0,26,0,26,0,0,0,2,0,0,0,0,0,1.00,.00,.00,.000,.000,0,0,0,0,0,0,0,.000,2,0,0,0,1.00,.00,.00,.00,0,,43:00,0,.00,.00,,,,,,,,,,,,,,,,,,-1.8807397338581089,205,69
2026-27,wsoc,New England Small College Athletic Conference (NESCAC),nescac,Bates,"Bullard, Zoe",Zoe,Bullard,,50,"Bullard, Zoe","BULLARD,ZOE",Bates,BAT,1120-5828,1,0,16,0,16,0,0,0,0,0,0,0,0,0,.00,.00,.00,.000,.000,0,0,0,0,0,0,0,.000,0,0,0,0,.00,.00,.00,.00,0,,17:00,0,.00,.00,,,,,,,,,,,,,,,,,,-1.8807397338581089,206,68
2026-27,wsoc,New England Small College Athletic Conference (NESCAC),nescac,Colby,Callie Schmidt,Callie,Schmidt,,151,Callie Schmidt,"SCHMIDT,CALLIE",Colby,COLBY,0,2,0,4,0,4,0,0,0,0,0,0,0,0,0,.00,.00,.00,.000,.000,0,0,0,0,0,0,0,.000,0,0,0,0,.00,.00,.00,.00,0,,44:00,0,.00,.00,,,,,,,,,,,,,,,,,,-1.8807397338581089,207,68
2026-27,wsoc,New England Small College Athletic Conference (NESCAC),nescac,Williams,"Calvo, Giovanna",Giovanna,Calvo,,789,"Calvo, Giovanna","CALVO,GIOVANNA",Williams,WIL,0,0,0,00,0,00,0,0,0,0,0,0,0,0,0,.00,.00,.00,.000,.000,0,0,0,0,0,0,0,.000,0,0,0,0,.00,.00,.00,.00,0,,00:00,0,.00,.00,,,,,,,,,,,,,,,,,,-1.8807397338581089,208,68
2026-27,wsoc,New England Small College Athletic Conference (NESCAC),nescac,Tufts,"Capitolo, Caitlin",Caitlin,Capitolo,,717,"Capitolo, Caitlin","CAPITOLO,CAITLIN",Tufts,TUFTS,1129-4731,0,0,27,0,27,0,0,0,0,0,0,0,0,0,.00,.00,.00,.000,.000,0,0,0,0,0,0,0,.000,0,0,0,0,.00,.00,.00,.00,0,,00:00,0,.00,.00,,,,,,,,,,,,,,,,,,-1.8807397338581089,209,68
2026-27,wsoc,New England Small College Athletic Conference (NESCAC),nescac,Bowdoin,Catherine Webster,Catherine,Webster,,69,Catherine Webster,"WEBSTER,CATHERINE",Bowdoin,BOWDOIN,1121-4660,0,0,15,0,15,0,0,0,0,0,0,0,0,0,.00,.00,.00,.000,.000,0,0,0,0,0,0,0,.000,0,0,0,0,.00,.00,.00,.00,0,,00:00,0,.00,.00,,,,,,,,,,,,,,,,,,-1.8807397338581089,210,68
2026-27,wsoc,New England Small College Athletic Conference (NESCAC),nescac,Conn. College,"Cervino, Lila",Lila,Cervino,,163,"Cervino, Lila","CERVINO,LILA",Conn. College,CONN,1125-3146,0,0,6,0,6,0,0,0,0,0,0,0,0,0,.00,.00,.00,.000,.000,0,0,0,0,0,0,0,.000,0,0,0,0,.00,.00,.00,.00,0,,00:00,0,.00,.00,,,,,,,,,,,,,,,,,,-1.8807397338581089,211,68
2026-27,wsoc,New England Small College Athletic Conference (NESCAC),nescac,Trinity,"Churchward, Izzy",Izzy,Churchward,,713,"Churchward, Izzy","CHURCHWARD,IZZY",Trinity,TRIN,1127-5796,6,6,23,0,23,0,0,0,2,0,0,0,0,0,.33,.00,.00,.000,.000,0,0,0,0,0,0,0,.000,1,0,0,0,.17,.00,.00,.00,0,,495:00,0,.00,.00,,,,,,,,,,,,,,,,,,-1.8807397338581089,212,68
2026-27,wsoc,New England Small College Athletic Conference (NESCAC),nescac,Bates,"Clarke, Alex",Alex,Clarke,,50,"Clarke, Alex","CLARKE,ALEX",Bates,BAT,1120-6395,0,0,28,0,28,0,0,0,0,0,0,0,0,0,.00,.00,.00,.000,.000,0,0,0,0,0,0,0,.000,0,0,0,0,.00,.00,.00,.00,0,,00:00,0,.00,.00,,,,,,,,,,,,,,,,,,-1.8807397338581089,213,67
2026-27,wsoc,New England Small College Athletic Conference (NESCAC),nescac,Wesleyan,"Collins, Taylor",Taylor,Collins,,764,"Collins, Taylor","COLLINS,TAYLOR",Wesleyan,WES,1130-7347,6,0,32,0,32,0,0,0,1,0,0,0,0,0,.17,.00,.00,.000,.000,0,0,0,0,0,0,0,.000,0,0,0,0,.00,.00,.00,.00,0,,95:00,0,.00,.00,,,,,,,,,,,,,,,,,,-1.8807397338581089,214,67
2026-27,wsoc,New England Small College Athletic Conference (NESCAC),nescac,Williams,"Collis, Abby",Abby,Collis,,789,"Collis, Abby","COLLIS,ABBY",Williams,WIL,0,6,5,5,0,5,0,0,0,0,0,0,0,0,0,.00,.00,.00,.000,.000,0,0,0,0,0,0,0,.000,1,0,0,0,.17,.00,.00,.00,0,,280:00,0,.00,.00,,,,,,,,,,,,,,,,,,-1.8807397338581089,215,67
2026-27,wsoc,New England Small College Athletic Conference (NESCAC),nescac,Wesleyan,"Connors, Kaitlyn",Kaitlyn,Connors,,764,"Connors, Kaitlyn","CONNORS,KAITLYN",Wesleyan,WES,1130-7049,1,0,26,0,26,0,0,0,0,0,0,0,0,0,.00,.00,.00,.000,.000,0,0,0,0,0,0,0,.000,0,0,0,0,.00,.00,.00,.00,0,,07:00,0,.00,.00,,,,,,,,,,,,,,,,,,-1.8807397338581089,216,67
2026-27,wsoc,New England Small College Athletic Conference (NESCAC),nescac,Amherst,"Costello, Mekhala",Mekhala,Costello,,24,"Costello, Mekhala","COSTELLO,MEKHALA",Amherst,AMH,0,0,0,4,0,4,0,0,0,0,0,0,0,0,0,.00,.00,.00,.000,.000,0,0,0,0,0,0,0,.000,0,0,0,0,.00,.00,.00,.00,0,,00:00,0,.00,.00,,,,,,,,,,,,,,,,,,-1.8807397338581089,217,67
2026-27,wsoc,New England Small College Athletic Conference (NESCAC),nescac,Bowdoin,Darcy Dwyer,Darcy,Dwyer,,69,Darcy Dwyer,"DWYER,DARCY",Bowdoin,BOWDOIN,1121-4866,8,8,21,0,21,0,0,0,0,0,0,0,0,0,.00,.00,.00,.000,.000,0,0,0,0,0,0,0,.000,1,0,0,0,.13,.00,.00,.00,0,,516:00,0,.00,.00,,,,,,,,,,,,,,,,,,-1.8807397338581089,218,67
2026-27,wsoc,New England Small College Athletic Conference (NESCAC),nescac,Middlebury,"DeShaw, Brooks",Brooks,DeShaw,,420,"DeShaw, Brooks","DESHAW,BROOKS",Middlebury,MIDD,0,1,0,4,0,4,0,0,0,1,0,0,0,0,0,1.00,.00,.00,.000,.000,0,0,0,0,0,0,0,.000,0,0,0,0,.00,.00,.00,.00,0,,14:00,0,.00,.00,,,,,,,,,,,,,,,,,,-1.8807397338581089,219,67
2026-27,wsoc,New England Small College Athletic Conference (NESCAC),nescac,Colby,Del col Avery,Del col,Avery,,151,Del col Avery,"COL,AVERY DEL",Colby,COLBY,0,7,3,22,0,22,0,0,0,0,0,0,0,0,0,.00,.00,.00,.000,.000,0,0,0,0,0,0,0,.000,0,0,0,0,.00,.00,.00,.00,0,,263:00,0,.00,.00,,,,,,,,,,,,,,,,,,-1.8807397338581089,220,67
2026-27,wsoc,New England Small College Athletic Conference (NESCAC),nescac,Conn. College,"Dygean, Gwyneth",Gwyneth,Dygean,,163,"Dygean, Gwyneth","DYGEAN,GWYNETH",Conn. College,CONN,1125-3147,2,0,33,0,33,0,0,0,0,0,0,0,0,0,.00,.00,.00,.000,.000,0,0,0,0,0,0,0,.000,1,0,0,0,.50,.00,.00,.00,0,,50:00,0,.00,.00,,,,,,,,,,,,,,,,,,-1.8807397338581089,221,66
2026-27,wsoc,New England Small College Athletic Conference (NESCAC),nescac,Hamilton,Emma Kelesoglu,Emma,Kelesoglu,,267,Emma Kelesoglu,"KELESOGLU,EMMA",Hamilton,HAMILTON,1058-2555,1,0,7,0,7,0,0,0,0,0,0,0,0,0,.00,.00,.00,.000,.000,0,0,0,0,0,0,0,.000,0,0,0,0,.00,.00,.00,.00,0,,04:00,0,.00,.00,,,,,,,,,,,,,,,,,,-1.8807397338581089,222,66
2026-27,wsoc,New England Small College Athletic Conference (NESCAC),nescac,Middlebury,"Feira, Catherine",Catherine,Feira,,420,"Feira, Catherine","FEIRA,CATHERINE",Middlebury,MIDD,0,0,0,37,0,37,0,0,0,0,0,0,0,0,0,.00,.00,.00,.000,.000,0,0,0,0,0,0,0,.000,0,0,0,0,.00,.00,.00,.00,0,,00:00,0,.00,.00,,,,,,,,,,,,,,,,,,-1.8807397338581089,223,66
2026-27,wsoc,New England Small College Athletic Conference (NESCAC),nescac,Tufts,"Finnerty, Emma",Emma,Finnerty,,717,"Finnerty, Emma","FINNERTY,EMMA",Tufts,TUFTS,1129-4727,5,0,16,0,16,0,0,0,0,0,0,0,0,0,.00,.00,.00,.000,.000,0,0,0,0,0,0,0,.000,2,0,0,0,.40,.00,.00,.00,0,,69:00,0,.00,.00,,,,,,,,,,,,,,,,,,-1.8807397338581089,224,66
2026-27,wsoc,New England Small College Athletic Conference (NESCAC),nescac,Tufts,"Fouche, Lindsay",Lindsay,Fouche,,717,"Fouche, Lindsay","FOUCHE,LINDSAY",Tufts,TUFTS,1129-4924,0,0,35,0,35,0,0,0,0,0,0,0,0,0,.00,.00,.00,.000,.000,0,0,0,0,0,0,0,.000,0,0,0,0,.00,.00,.00,.00,0,,00:00,0,.00,.00,,,,,,,,,,,,,,,,,,-1.8807397338581089,225,66
2026-27,wsoc,New England Small College Athletic Conference (NESCAC),nescac,Colby,Gabriella Hermsdorf,Gabriella,Hermsdorf,,151,Gabriella Hermsdorf,"HERMSDORF,GABRIELLA",Colby,COLBY,0,6,0,29,0,29,0,0,0,0,0,0,0,0,0,.00,.00,.00,.000,.000,0,0,0,0,0,0,0,.000,2,0,0,0,.33,.00,.00,.00,0,,200:00,0,.00,.00,,,,,,,,,,,,,,,,,,-1.8807397338581089,226,66
2026-27,wsoc,New England Small College Athletic Conference (NESCAC),nescac,Colby,Gabrielle Lazaro,Gabrielle,Lazaro,,151,Gabrielle Lazaro,"LAZARO,GABRIELLE",Colby,COLBY,0,2,0,6,0,6,0,0,0,0,0,0,0,0,0,.00,.00,.00,.000,.000,0,0,0,0,0,0,0,.000,0,0,0,0,.00,.00,.00,.00,0,,26:00,0,.00,.00,,,,,,,,,,,,,,,,,,-1.8807397338581089,227,66
2026-27,wsoc,New England Small College Athletic Conference (NESCAC),nescac,Wesleyan,"Garcia, Brianna",Brianna,Garcia,,764,"Garcia, Brianna","GARCIA,BRIANNA",Wesleyan,WES,1130-6769,8,7,7,0,7,0,0,0,0,0,0,0,0,0,.00,.00,.00,.000,.000,0,0,0,0,0,0,0,.000,2,0,0,0,.25,.00,.00,.00,0,,529:00,0,.00,.00,,,,,,,,,,,,,,,,,,-1.8807397338581089,228,65
2026-27,wsoc,New England Small College Athletic Conference (NESCAC),nescac,Conn. College,"Gardner, Juliet",Juliet,Gardner,,163,"Gardner, Juliet","GARDNER,JULIET",Conn. College,CONN,1125-3148,7,2,25,0,25,0,0,0,0,0,0,0,0,0,.00,.00,.00,.000,.000,0,0,0,0,0,0,0,.000,3,0,0,0,.43,.00,.00,.00,0,,317:00,0,.00,.00,,,,,,,,,,,,,,,,,,-1.8807397338581089,229,65
2026-27,wsoc,New England Small College Athletic Conference (NESCAC),nescac,Conn. College,"Goertz, Rian",Rian,Goertz,,163,"Goertz, Rian","GOERTZ,RIAN",Conn. College,CONN,1125-2792,5,0,11,0,11,0,0,0,1,0,0,0,0,0,.20,.00,.00,.000,.000,0,0,0,0,0,0,0,.000,2,0,0,0,.40,.00,.00,.00,0,,111:00,0,.00,.00,,,,,,,,,,,,,,,,,,-1.8807397338581089,230,65
2026-27,wsoc,New England Small College Athletic Conference (NESCAC),nescac,Bowdoin,Golden Brown,Golden,Brown,,69,Golden Brown,"BROWN,GOLDEN",Bowdoin,BOWDOIN,1121-4869,8,2,30,0,30,0,0,0,0,0,0,0,0,0,.00,.00,.00,.000,.000,0,0,0,0,0,0,0,.000,1,0,0,0,.13,.00,.00,.00,0,,396:00,0,.00,.00,,,,,,,,,,,,,,,,,,-1.8807397338581089,231,65
2026-27,wsoc,New England Small College Athletic Conference (NESCAC),nescac,Wesleyan,"Goldstein, Sienna",Sienna,Goldstein,,764,"Goldstein, Sienna","GOLDSTEIN,SIENNA",Wesleyan,WES,1130-7349,0,0,14,0,14,0,0,0,0,0,0,0,0,0,.00,.00,.00,.000,.000,0,0,0,0,0,0,0,.000,0,0,0,0,.00,.00,.00,.00,0,,00:00,0,.00,.00,,,,,,,,,,,,,,,,,,-1.8807397338581089,232,65
2026-27,wsoc,New England Small College Athletic Conference (NESCAC),nescac,Middlebury,"Goodman, Katherine",Katherine,Goodman,,420,"Goodman, Katherine","GOODMAN,KATHERINE",Middlebury,MIDD,0,0,0,9,0,9,0,0,0,0,0,0,0,0,0,.00,.00,.00,.000,.000,0,0,0,0,0,0,0,.000,0,0,0,0,.00,.00,.00,.00,0,,00:00,0,.00,.00,,,,,,,,,,,,,,,,,,-1.8807397338581089,233,65
2026-27,wsoc,New England Small College Athletic Conference (NESCAC),nescac,Wesleyan,"Gower, Emma",Emma,Gower,,764,"Gower, Emma","GOWER,EMMA",Wesleyan,WES,1130-7053,0,0,9,0,9,0,0,0,0,0,0,0,0,0,.00,.00,.00,.000,.000,0,0,0,0,0,0,0,.000,0,0,0,0,.00,.00,.00,.00,0,,00:00,0,.00,.00,,,,,,,,,,,,,,,,,,-1.8807397338581089,234,65
2026-27,wsoc,New England Small College Athletic Conference (NESCAC),nescac,Conn. College,"Graham, Jasmine",Jasmine,Graham,,163,"Graham, Jasmine","GRAHAM,JASMINE",Conn. College,CONN,1125-3149,0,0,88,0,88,0,0,0,0,0,0,0,0,0,.00,.00,.00,.000,.000,0,0,0,0,0,0,0,.000,0,0,0,0,.00,.00,.00,.00,0,,00:00,0,.00,.00,,,,,,,,,,,,,,,,,,-1.8807397338581089,235,64
2026-27,wsoc,New England Small College Athletic Conference (NESCAC),nescac,Conn. College,"Grontzos, Juliana",Juliana,Grontzos,,163,"Grontzos, Juliana","GRONTZOS,JULIANA",Conn. College,CONN,1125-2789,7,6,23,0,23,0,0,0,0,0,0,0,0,0,.00,.00,.00,.000,.000,0,0,0,0,0,0,0,.000,3,0,0,0,.43,.00,.00,.00,0,,485:00,0,.00,.00,,,,,,,,,,,,,,,,,,-1.8807397338581089,236,64
2026-27,wsoc,New England Small College Athletic Conference (NESCAC),nescac,Tufts,"Hauck, Sarah",Sarah,Hauck,,717,"Hauck, Sarah","HAUCK,SARAH",Tufts,TUFTS,1129-4728,6,0,17,0,17,0,0,0,2,0,0,0,0,0,.33,.00,.00,.000,.000,0,0,0,0,0,0,0,.000,5,0,0,0,.83,.00,.00,.00,0,,120:00,0,.00,.00,,,,,,,,,,,,,,,,,,-1.8807397338581089,237,64
2026-27,wsoc,New England Small College Athletic Conference (NESCAC),nescac,Middlebury,"Hessler, Corinne",Corinne,Hessler,,420,"Hessler, Corinne","HESSLER,CORINNE",Middlebury,MIDD,0,4,1,32,0,32,0,0,0,0,0,0,0,0,0,.00,.00,.00,.000,.000,0,0,0,0,0,0,0,.000,0,0,0,0,.00,.00,.00,.00,0,,118:00,0,.00,.00,,,,,,,,,,,,,,,,,,-1.8807397338581089,238,64
2026-27,wsoc,New England Small College Athletic Conference (NESCAC),nescac,Conn. College,"Hickman, Eleanore",Eleanore,Hickman,,163,"Hickman, Eleanore","HICKMAN,ELEANORE",Conn. College,CONN,1125-2982,2,1,30,0,30,0,0,0,0,0,0,0,0,0,.00,.00,.00,.000,.000,0,0,0,0,0,0,0,.000,0,0,0,0,.00,.00,.00,.00,0,,65:00,0,.00,.00,,,,,,,,,,,,,,,,,,-1.8807397338581089,239,64
2026-27,wsoc,New England Small College Athletic Conference (NESCAC),nescac,Amherst,"Hill, Emma",Emma,Hill,,24,"Hill, Emma","HILL,EMMA",Amherst,AMH,0,2,0,27,0,27,0,0,0,0,0,0,0,0,0,.00,.00,.00,.000,.000,0,0,0,0,0,0,0,.000,0,0,0,0,.00,.00,.00,.00,0,,16:00,0,.00,.00,,,,,,,,,,,,,,,,,,-1.8807397338581089,240,64
2026-27,wsoc,New England Small College Athletic Conference (NESCAC),nescac,Bates,"Hill, Ruby",Ruby,Hill,,50,"Hill, Ruby","HILL,RUBY",Bates,BAT,1120-5598,4,1,22,0,22,0,0,0,1,0,0,0,0,0,.25,.00,.00,.000,.000,0,0,0,0,0,0,0,.000,1,0,0,0,.25,.00,.00,.00,0,,172:00,0,.00,.00,,,,,,,,,,,,,,,,,,-1.8807397338581089,241,64
2026-27,wsoc,New England Small College Athletic Conference (NESCAC),nescac,Colby,Holly Davies,Holly,Davies,,151,Holly Davies,"DAVIES,HOLLY",Colby,COLBY,0,0,0,33,0,33,0,0,0,0,0,0,0,0,0,.00,.00,.00,.000,.000,0,0,0,0,0,0,0,.000,0,0,0,0,.00,.00,.00,.00,0,,00:00,0,.00,.00,,,,,,,,,,,,,,,,,,-1.8807397338581089,242,63
2026-27,wsoc,New England Small College Athletic Conference (NESCAC),nescac,Tufts,"Holzbeierlein, Cate",Cate,Holzbeierlein,,717,"Holzbeierlein, Cate","HOLZBEIERLEIN,CATE",Tufts,TUFTS,1129-4474,1,0,29,0,29,0,0,0,0,0,0,0,0,0,.00,.00,.00,.000,.000,0,0,0,0,0,0,0,.000,0,0,0,0,.00,.00,.00,.00,0,,07:00,0,.00,.00,,,,,,,,,,,,,,,,,,-1.8807397338581089,243,63
2026-27,wsoc,New England Small College Athletic Conference (NESCAC),nescac,Wesleyan,"Hunter, Grace",Grace,Hunter,,764,"Hunter, Grace","HUNTER,GRACE",Wesleyan,WES,1130-7350,3,0,28,0,28,0,0,0,0,0,0,0,0,0,.00,.00,.00,.000,.000,0,0,0,0,0,0,0,.000,0,0,0,0,.00,.00,.00,.00,0,,39:00,0,.00,.00,,,,,,,,,,,,,,,,,,-1.8807397338581089,244,63
2026-27,wsoc,New England Small College Athletic Conference (NESCAC),nescac,Trinity,"Hunter, Reese",Reese,Hunter,,713,"Hunter, Reese","HUNTER,REESE",Trinity,TRIN,1127-5799,6,6,7,0,7,0,0,0,3,0,0,0,0,0,.50,.00,.00,.000,.000,0,0,0,0,0,0,0,.000,3,0,0,0,.50,.00,.00,.00,0,,376:00,0,.00,.00,,,,,,,,,,,,,,,,,,-1.8807397338581089,245,63
2026-27,wsoc,New England Small College Athletic Conference (NESCAC),nescac,Bowdoin,Isablla Strong,Isablla,Strong,,69,Isablla Strong,"STRONG,ISABLLA",Bowdoin,BOWDOIN,1121-4860,4,0,3,0,3,0,0,0,0,0,0,0,0,0,.00,.00,.00,.000,.000,0,0,0,0,0,0,0,.000,0,0,0,0,.00,.00,.00,.00,0,,51:00,0,.00,.00,,,,,,,,,,,,,,,,,,-1.8807397338581089,246,63
2026-27,wsoc,New England Small College Athletic Conference (NESCAC),nescac,Amherst,"James, Jojo",Jojo,James,,24,"James, Jojo","JAMES,JOJO",Amherst,AMH,0,2,0,24,0,24,0,0,0,0,0,0,0,0,0,.00,.00,.00,.000,.000,0,0,0,0,0,0,0,.000,1,0,0,0,.50,.00,.00,.00,0,,33:00,0,.00,.00,,,,,,,,,,,,,,,,,,-1.8807397338581089,247,63
2026-27,wsoc,New England Small College Athletic Conference (NESCAC),nescac,Hamilton,Jillian Botti,Jillian,Botti,,267,Jillian Botti,"BOTTI,JILLIAN",Hamilton,HAMILTON,1058-3267,1,0,27,0,27,0,0,0,0,0,0,0,0,0,.00,.00,.00,.000,.000,0,0,0,0,0,0,0,.000,1,0,0,0,1.00,.00,.00,.00,0,,23:00,0,.00,.00,,,,,,,,,,,,,,,,,,-1.8807397338581089,248,63
2026-27,wsoc,New England Small College Athletic Conference (NESCAC),nescac,Conn. College,"Kalapatapu, Anna",Anna,Kalapatapu,,163,"Kalapatapu, Anna","KALAPATAPU,ANNA",Conn. College,CONN,1125-2571,3,0,16,0,16,0,0,0,0,0,0,0,0,0,.00,.00,.00,.000,.000,0,0,0,0,0,0,0,.000,0,0,0,0,.00,.00,.00,.00,0,,63:00,0,.00,.00,,,,,,,,,,,,,,,,,,-1.8807397338581089,249,63
2026-27,wsoc,New England Small College Athletic Conference (NESCAC),nescac,Tufts,"Kassel, Sydney",Sydney,Kassel,,717,"Kassel, Sydney","KASSEL,SYDNEY",Tufts,TUFTS,1129-4919,3,0,4,0,4,0,0,0,0,0,0,0,0,0,.00,.00,.00,.000,.000,0,0,0,0,0,0,0,.000,0,0,0,0,.00,.00,.00,.00,0,,19:00,0,.00,.00,,,,,,,,,,,,,,,,,,-1.8807397338581089,250,62
2026-27,wsoc,New England Small College Athletic Conference (NESCAC),nescac,Colby,Kaya Singh,Kaya,Singh,,151,Kaya Singh,"SINGH,KAYA",Colby,COLBY,0,0,0,7,0,7,0,0,0,0,0,0,0,0,0,.00,.00,.00,.000,.000,0,0,0,0,0,0,0,.000,0,0,0,0,.00,.00,.00,.00,0,,00:00,0,.00,.00,,,,,,,,,,,,,,,,,,-1.8807397338581089,251,62
2026-27,wsoc,New England Small College Athletic Conference (NESCAC),nescac,Hamilton,Keira Nyarady,Keira,Nyarady,,267,Keira Nyarady,"NYARADY,KEIRA",Hamilton,HAMILTON,1058-2793,0,0,28,0,28,0,0,0,0,0,0,0,0,0,.00,.00,.00,.000,.000,0,0,0,0,0,0,0,.000,0,0,0,0,.00,.00,.00,.00,0,,00:00,0,.00,.00,,,,,,,,,,,,,,,,,,-1.8807397338581089,252,62
2026-27,wsoc,New England Small College Athletic Conference (NESCAC),nescac,Trinity,"Kelleher, Caroline",Caroline,Kelleher,,713,"Kelleher, Caroline","KELLEHER,CAROLINE",Trinity,TRIN,1127-5800,1,0,3,0,3,0,0,0,0,0,0,0,0,0,.00,.00,.00,.000,.000,0,0,0,0,0,0,0,.000,1,0,0,0,1.00,.00,.00,.00,0,,42:00,0,.00,.00,,,,,,,,,,,,,,,,,,-1.8807397338581089,253,62
2026-27,wsoc,New England Small College Athletic Conference (NESCAC),nescac,Bates,"Kellett, Jane",Jane,Kellett,,50,"Kellett, Jane","KELLETT,JANE",Bates,BAT,1120-6396,1,0,14,0,14,0,0,0,0,0,0,0,0,0,.00,.00,.00,.000,.000,0,0,0,0,0,0,0,.000,0,0,0,0,.00,.00,.00,.00,0,,13:00,0,.00,.00,,,,,,,,,,,,,,,,,,-1.8807397338581089,254,62
2026-27,wsoc,New England Small College Athletic Conference (NESCAC),nescac,Bowdoin,Kendrick LaPrade,Kendrick,LaPrade,,69,Kendrick LaPrade,"LAPRADE,KENDRICK",Bowdoin,BOWDOIN,1121-4663,1,1,2,0,2,0,0,0,0,0,0,0,0,0,.00,.00,.00,.000,.000,0,0,0,0,0,0,0,.000,0,0,0,0,.00,.00,.00,.00,0,,83:00,0,.00,.00,,,,,,,,,,,,,,,,,,-1.8807397338581089,255,62
2026-27,wsoc,New England Small College Athletic Conference (NESCAC),nescac,Trinity,"Kerr, Mallory",Mallory,Kerr,,713,"Kerr, Mallory","KERR,MALLORY",Trinity,TRIN,1127-5346,3,0,24,0,24,0,0,0,1,0,0,0,0,0,.33,.00,.00,.000,.000,0,0,0,0,0,0,0,.000,0,0,0,0,.00,.00,.00,.00,0,,63:00,0,.00,.00,,,,,,,,,,,,,,,,,,-1.8807397338581089,256,62
2026-27,wsoc,New England Small College Athletic Conference (NESCAC),nescac,Tufts,"Kung, Chloe",Chloe,Kung,,717,"Kung, Chloe","KUNG,CHLOE",Tufts,TUFTS,1129-5198,1,0,3,0,3,0,0,0,0,0,0,0,0,0,.00,.00,.00,.000,.000,0,0,0,0,0,0,0,.000,0,0,0,0,.00,.00,.00,.00,0,,03:00,0,.00,.00,,,,,,,,,,,,,,,,,,-1.8807397338581089,257,61
2026-27,wsoc,New England Small College Athletic Conference (NESCAC),nescac,Bowdoin,Layla McBerry,Layla,McBerry,,69,Layla McBerry,"MCBERRY,LAYLA",Bowdoin,BOWDOIN,1121-4664,0,0,10,0,10,0,0,0,0,0,0,0,0,0,.00,.00,.00,.000,.000,0,0,0,0,0,0,0,.000,0,0,0,0,.00,.00,.00,.00,0,,00:00,0,.00,.00,,,,,,,,,,,,,,,,,,-1.8807397338581089,258,61
2026-27,wsoc,New England Small College Athletic Conference (NESCAC),nescac,Williams,"Lee, Chloe",Chloe,Lee,,789,"Lee, Chloe","LEE,CHLOE",Williams,WIL,0,0,0,16,0,16,0,0,0,0,0,0,0,0,0,.00,.00,.00,.000,.000,0,0,0,0,0,0,0,.000,0,0,0,0,.00,.00,.00,.00,0,,00:00,0,.00,.00,,,,,,,,,,,,,,,,,,-1.8807397338581089,259,61
2026-27,wsoc,New England Small College Athletic Conference (NESCAC),nescac,Williams,"Long, Elle",Elle,Long,,789,"Long, Elle","LONG,ELLE",Williams,WIL,0,6,2,20,0,20,0,0,0,4,0,0,0,0,0,.67,.00,.00,.000,.000,0,0,0,0,0,0,0,.000,2,0,0,0,.33,.00,.00,.00,0,,302:00,0,.00,.00,,,,,,,,,,,,,,,,,,-1.8807397338581089,260,61
2026-27,wsoc,New England Small College Athletic Conference (NESCAC),nescac,Tufts,"Loparco, Kate",Kate,Loparco,,717,"Loparco, Kate","LOPARCO,KATE",Tufts,TUFTS,1129-4921,0,0,21,0,21,0,0,0,0,0,0,0,0,0,.00,.00,.00,.000,.000,0,0,0,0,0,0,0,.000,0,0,0,0,.00,.00,.00,.00,0,,00:00,0,.00,.00,,,,,,,,,,,,,,,,,,-1.8807397338581089,261,61
2026-27,wsoc,New England Small College Athletic Conference (NESCAC),nescac,Colby,Lucy Waterstredt,Lucy,Waterstredt,,151,Lucy Waterstredt,"WATERSTREDT,LUCY",Colby,COLBY,0,1,0,30,0,30,0,0,0,0,0,0,0,0,0,.00,.00,.00,.000,.000,0,0,0,0,0,0,0,.000,0,0,0,0,.00,.00,.00,.00,0,,11:00,0,.00,.00,,,,,,,,,,,,,,,,,,-1.8807397338581089,262,61
2026-27,wsoc,New England Small College Athletic Conference (NESCAC),nescac,Hamilton,Maddie Buck,Maddie,Buck,,267,Maddie Buck,"BUCK,MADDIE",Hamilton,HAMILTON,1058-2557,6,1,13,0,13,0,0,0,0,0,0,0,0,0,.00,.00,.00,.000,.000,0,0,0,0,0,0,0,.000,0,0,0,0,.00,.00,.00,.00,0,,244:00,0,.00,.00,,,,,,,,,,,,,,,,,,-1.8807397338581089,263,61
2026-27,wsoc,New England Small College Athletic Conference (NESCAC),nescac,Conn. College,"Maffei, Paige",Paige,Maffei,,163,"Maffei, Paige","MAFFEI,PAIGE",Conn. College,CONN,1125-2572,7,6,20,0,20,0,0,0,0,0,0,0,0,0,.00,.00,.00,.000,.000,0,0,0,0,0,0,0,.000,3,0,0,0,.43,.00,.00,.00,0,,380:00,0,.00,.00,,,,,,,,,,,,,,,,,,-1.8807397338581089,264,60
2026-27,wsoc,New England Small College Athletic Conference (NESCAC),nescac,Wesleyan,"Majic, Ruby",Ruby,Majic,,764,"Majic, Ruby","MAJIC,RUBY",Wesleyan,WES,1130-7352,6,0,4,0,4,0,0,0,0,0,0,0,0,0,.00,.00,.00,.000,.000,0,0,0,0,0,0,0,.000,1,0,0,0,.17,.00,.00,.00,0,,107:00,0,.00,.00,,,,,,,,,,,,,,,,,,-1.8807397338581089,265,60
2026-27,wsoc,New England Small College Athletic Conference (NESCAC),nescac,Colby,Malika Hill,Malika,Hill,,151,Malika Hill,"HILL,MALIKA",Colby,COLBY,0,0,0,1,0,1,0,0,0,0,0,0,0,0,0,.00,.00,.00,.000,.000,0,0,0,0,0,0,0,.000,0,0,0,0,.00,.00,.00,.00,0,,00:00,0,.00,.00,,,,,,,,,,,,,,,,,,-1.8807397338581089,266,60
2026-27,wsoc,New England Small College Athletic Conference (NESCAC),nescac,Trinity,"Manning, Rhaya",Rhaya,Manning,,713,"Manning, Rhaya","MANNING,RHAYA",Trinity,TRIN,1127-5801,1,0,30,0,30,0,0,0,0,0,0,0,0,0,.00,.00,.00,.000,.000,0,0,0,0,0,0,0,.000,0,0,0,0,.00,.00,.00,.00,0,,10:00,0,.00,.00,,,,,,,,,,,,,,,,,,-1.8807397338581089,267,60
2026-27,wsoc,New England Small College Athletic Conference (NESCAC),nescac,Bates,"Marino, Jess",Jess,Marino,,50,"Marino, Jess","MARINO,JESS",Bates,BAT,1120-6398,0,0,99,0,99,0,0,0,0,0,0,0,0,0,.00,.00,.00,.000,.000,0,0,0,0,0,0,0,.000,0,0,0,0,.00,.00,.00,.00,0,,00:00,0,.00,.00,,,,,,,,,,,,,,,,,,-1.8807397338581089,268,60
2026-27,wsoc,New England Small College Athletic Conference (NESCAC),nescac,Tufts,"Marsick, Phoebe",Phoebe,Marsick,,717,"Marsick, Phoebe","MARSICK,PHOEBE",Tufts,TUFTS,1129-4730,6,6,24,0,24,0,0,0,1,0,0,0,0,0,.17,.00,.00,.000,.000,0,0,0,0,0,0,0,.000,1,0,0,0,.17,.00,.00,.00,0,,540:00,0,.00,.00,,,,,,,,,,,,,,,,,,-1.8807397338581089,269,60
2026-27,wsoc,New England Small College Athletic Conference (NESCAC),nescac,Williams,"Martinez, Addison",Addison,Martinez,,789,"Martinez, Addison","MARTINEZ,ADDISON",Williams,WIL,0,0,0,29,0,29,0,0,0,0,0,0,0,0,0,.00,.00,.00,.000,.000,0,0,0,0,0,0,0,.000,0,0,0,0,.00,.00,.00,.00,0,,00:00,0,.00,.00,,,,,,,,,,,,,,,,,,-1.8807397338581089,270,60
2026-27,wsoc,New England Small College Athletic Conference (NESCAC),nescac,Bowdoin,Maya Katsell,Maya,Katsell,,69,Maya Katsell,"KATSELL,MAYA",Bowdoin,BOWDOIN,1121-4865,2,0,29,0,29,0,0,0,0,0,0,0,0,0,.00,.00,.00,.000,.000,0,0,0,0,0,0,0,.000,0,0,0,0,.00,.00,.00,.00,0,,07:00,0,.00,.00,,,,,,,,,,,,,,,,,,-1.8807397338581089,271,59
2026-27,wsoc,New England Small College Athletic Conference (NESCAC),nescac,Colby,Maya Ouramdane,Maya,Ouramdane,,151,Maya Ouramdane,"OURAMDANE,MAYA",Colby,COLBY,0,2,0,21,0,21,0,0,0,1,0,0,0,0,0,.50,.00,.00,.000,.000,0,0,0,0,0,0,0,.000,0,0,0,0,.00,.00,.00,.00,0,,23:00,0,.00,.00,,,,,,,,,,,,,,,,,,-1.8807397338581089,272,59
2026-27,wsoc,New England Small College Athletic Conference (NESCAC),nescac,Amherst,"McDonald, Catherine",Catherine,McDonald,,24,"McDonald, Catherine","MCDONALD,CATHERINE",Amherst,AMH,0,4,0,16,0,16,0,0,0,0,0,0,0,0,0,.00,.00,.00,.000,.000,0,0,0,0,0,0,0,.000,0,0,0,0,.00,.00,.00,.00,0,,69:00,0,.00,.00,,,,,,,,,,,,,,,,,,-1.8807397338581089,273,59
2026-27,wsoc,New England Small College Athletic Conference (NESCAC),nescac,Colby,Melina Kennedy,Melina,Kennedy,,151,Melina Kennedy,"KENNEDY,MELINA",Colby,COLBY,0,2,0,25,0,25,0,0,0,0,0,0,0,0,0,.00,.00,.00,.000,.000,0,0,0,0,0,0,0,.000,0,0,0,0,.00,.00,.00,.00,0,,25:00,0,.00,.00,,,,,,,,,,,,,,,,,,-1.8807397338581089,274,59
2026-27,wsoc,New England Small College Athletic Conference (NESCAC),nescac,Colby,Melina Ouramdane,Melina,Ouramdane,,151,Melina Ouramdane,"OURAMDANE,MELINA",Colby,COLBY,0,3,0,18,0,18,0,0,0,2,0,0,0,0,0,.67,.00,.00,.000,.000,0,0,0,0,0,0,0,.000,1,0,0,0,.33,.00,.00,.00,0,,83:00,0,.00,.00,,,,,,,,,,,,,,,,,,-1.8807397338581089,275,59
2026-27,wsoc,New England Small College Athletic Conference (NESCAC),nescac,Conn. College,"Metz-Topodas, Talia",Talia,Metz-Topodas,,163,"Metz-Topodas, Talia","METZ-TOPODAS,TALIA",Conn. College,CONN,1125-2985,1,0,15,0,15,0,0,0,0,0,0,0,0,0,.00,.00,.00,.000,.000,0,0,0,0,0,0,0,.000,1,0,0,0,1.00,.00,.00,.00,0,,44:00,0,.00,.00,,,,,,,,,,,,,,,,,,-1.8807397338581089,276,59
2026-27,wsoc,New England Small College Athletic Conference (NESCAC),nescac,Middlebury,"Michalek, Sadie",Sadie,Michalek,,420,"Michalek, Sadie","MICHALEK,SADIE",Middlebury,MIDD,0,0,0,29,0,29,0,0,0,0,0,0,0,0,0,.00,.00,.00,.000,.000,0,0,0,0,0,0,0,.000,0,0,0,0,.00,.00,.00,.00,0,,00:00,0,.00,.00,,,,,,,,,,,,,,,,,,-1.8807397338581089,277,59
2026-27,wsoc,New England Small College Athletic Conference (NESCAC),nescac,Bates,"Mittelsteadt, Zoe",Zoe,Mittelsteadt,,50,"Mittelsteadt, Zoe","MITTELSTEADT,ZOE",Bates,BAT,1120-6108,1,1,13,0,13,0,0,0,0,0,0,0,0,0,.00,.00,.00,.000,.000,0,0,0,0,0,0,0,.000,0,0,0,0,.00,.00,.00,.00,0,,13:00,0,.00,.00,,,,,,,,,,,,,,,,,,-1.8807397338581089,278,59
2026-27,wsoc,New England Small College Athletic Conference (NESCAC),nescac,Bates,"Murphy, Brigid",Brigid,Murphy,,50,"Murphy, Brigid","MURPHY,BRIGID",Bates,BAT,1120-6109,2,0,15,0,15,0,0,0,0,0,0,0,0,0,.00,.00,.00,.000,.000,0,0,0,0,0,0,0,.000,1,0,1,0,.50,.50,.00,.00,0,,40:00,0,.00,.00,,,,,,,,,,,,,,,,,,-1.8807397338581089,279,58
2026-27,wsoc,New England Small College Athletic Conference (NESCAC),nescac,Hamilton,Natalia Libenson,Natalia,Libenson,,267,Natalia Libenson,"LIBENSON,NATALIA",Hamilton,HAMILTON,1058-3266,5,0,26,0,26,0,0,0,0,0,0,0,0,0,.00,.00,.00,.000,.000,0,0,0,0,0,0,0,.000,2,0,0,0,.40,.00,.00,.00,0,,90:00,0,.00,.00,,,,,,,,,,,,,,,,,,-1.8807397338581089,280,58
2026-27,wsoc,New England Small College Athletic Conference (NESCAC),nescac,Tufts,"Neville, Mazie",Mazie,Neville,,717,"Neville, Mazie","NEVILLE,MAZIE",Tufts,TUFTS,1129-4729,3,0,19,0,19,0,0,0,0,0,0,0,0,0,.00,.00,.00,.000,.000,0,0,0,0,0,0,0,.000,1,0,0,0,.33,.00,.00,.00,0,,20:00,0,.00,.00,,,,,,,,,,,,,,,,,,-1.8807397338581089,281,58
2026-27,wsoc,New England Small College Athletic Conference (NESCAC),nescac,Bates,"Nogueiro, Katie",Katie,Nogueiro,,50,"Nogueiro, Katie","NOGUEIRO,KATIE",Bates,BAT,1120-5595,1,0,7,0,7,0,0,0,0,0,0,0,0,0,.00,.00,.00,.000,.000,0,0,0,0,0,0,0,.000,0,0,0,0,.00,.00,.00,.00,0,,27:00,0,.00,.00,,,,,,,,,,,,,,,,,,-1.8807397338581089,282,58
2026-27,wsoc,New England Small College Athletic Conference (NESCAC),nescac,Bates,"Nosse, Kira",Kira,Nosse,,50,"Nosse, Kira","NOSSE,KIRA",Bates,BAT,1120-6399,1,0,5,0,5,0,0,0,0,0,0,0,0,0,.00,.00,.00,.000,.000,0,0,0,0,0,0,0,.000,0,0,0,0,.00,.00,.00,.00,0,,13:00,0,.00,.00,,,,,,,,,,,,,,,,,,-1.8807397338581089,283,58
2026-27,wsoc,New England Small College Athletic Conference (NESCAC),nescac,Middlebury,"O'Brien, Niamh",Niamh,O'Brien,,420,"O'Brien, Niamh","O'BRIEN,NIAMH",Middlebury,MIDD,0,5,0,33,0,33,0,0,0,0,0,0,0,0,0,.00,.00,.00,.000,.000,0,0,0,0,0,0,0,.000,0,0,0,0,.00,.00,.00,.00,0,,78:00,0,.00,.00,,,,,,,,,,,,,,,,,,-1.8807397338581089,284,58
2026-27,wsoc,New England Small College Athletic Conference (NESCAC),nescac,Trinity,"O'Connor, Mairin",Mairin,O'Connor,,713,"O'Connor, Mairin","O'CONNOR,MAIRIN",Trinity,TRIN,1127-5802,3,0,15,0,15,0,0,0,1,0,0,0,0,0,.33,.00,.00,.000,.000,0,0,0,0,0,0,0,.000,0,0,0,0,.00,.00,.00,.00,0,,48:00,0,.00,.00,,,,,,,,,,,,,,,,,,-1.8807397338581089,285,58
2026-27,wsoc,New England Small College Athletic Conference (NESCAC),nescac,Trinity,"O'Neill, Shea",Shea,O'Neill,,713,"O'Neill, Shea","O'NEILL,SHEA",Trinity,TRIN,1127-5003,0,0,29,0,29,0,0,0,0,0,0,0,0,0,.00,.00,.00,.000,.000,0,0,0,0,0,0,0,.000,0,0,0,0,.00,.00,.00,.00,0,,00:00,0,.00,.00,,,,,,,,,,,,,,,,,,-1.8807397338581089,286,57
2026-27,wsoc,New England Small College Athletic Conference (NESCAC),nescac,Bates,"Osborne, Carla",Carla,Osborne,,50,"Osborne, Carla","OSBORNE,CARLA",Bates,BAT,1120-6401,6,6,4,0,4,0,0,0,0,0,0,0,0,0,.00,.00,.00,.000,.000,0,0,0,0,0,0,0,.000,4,0,2,0,.67,.33,.00,.00,0,,523:00,0,.00,.00,,,,,,,,,,,,,,,,,,-1.8807397338581089,287,57
2026-27,wsoc,New England Small College Athletic Conference (NESCAC),nescac,Conn. College,"Parker, Lucy",Lucy,Parker,,163,"Parker, Lucy","PARKER,LUCY",Conn. College,CONN,1125-2791,7,7,2,0,2,0,0,0,0,0,0,0,0,0,.00,.00,.00,.000,.000,0,0,0,0,0,0,0,.000,3,0,1,0,.43,.14,.00,.00,0,,552:00,0,.00,.00,,,,,,,,,,,,,,,,,,-1.8807397338581089,288,57
2026-27,wsoc,New England Small College Athletic Conference (NESCAC),nescac,Williams,"Patterson, Claire",Claire,Patterson,,789,"Patterson, Claire","PATTERSON,CLAIRE",Williams,WIL,0,3,0,15,0,15,0,0,0,1,0,0,0,0,0,.33,.00,.00,.000,.000,0,0,0,0,0,0,0,.000,0,0,0,0,.00,.00,.00,.00,0,,30:00,0,.00,.00,,,,,,,,,,,,,,,,,,-1.8807397338581089,289,57
2026-27,wsoc,New England Small College Athletic Conference (NESCAC),nescac,Amherst,"Preuss, Sofia",Sofia,Preuss,,24,"Preuss, Sofia","PREUSS,SOFIA",Amherst,AMH,0,7,7,6,0,6,0,0,0,0,0,0,0,0,0,.00,.00,.00,.000,.000,0,0,0,0,0,0,0,.000,0,0,0,0,.00,.00,.00,.00,0,,605:00,0,.00,.00,,,,,,,,,,,,,,,,,,-1.8807397338581089,290,57
2026-27,wsoc,New England Small College Athletic Conference (NESCAC),nescac,Middlebury,"Quagrello, Victoria",Victoria,Quagrello,,420,"Quagrello, Victoria","QUAGRELLO,VICTORIA",Middlebury,MIDD,0,7,7,19,0,19,0,0,0,0,0,0,0,0,0,.00,.00,.00,.000,.000,0,0,0,0,0,0,0,.000,2,0,0,0,.29,.00,.00,.00,0,,411:00,0,.00,.00,,,,,,,,,,,,,,,,,,-1.8807397338581089,291,57
2026-27,wsoc,New England Small College Athletic Conference (NESCAC),nescac,Wesleyan,"Radosti, Payton",Payton,Radosti,,764,"Radosti, Payton","RADOSTI,PAYTON",Wesleyan,WES,1130-7046,8,0,5,0,5,0,0,0,0,0,0,0,0,0,.00,.00,.00,.000,.000,0,0,0,0,0,0,0,.000,1,0,0,0,.13,.00,.00,.00,0,,281:00,0,.00,.00,,,,,,,,,,,,,,,,,,-1.8807397338581089,292,57
2026-27,wsoc,New England Small College Athletic Conference (NESCAC),nescac,Bates,"Ribeiro, Hannah",Hannah,Ribeiro,,50,"Ribeiro, Hannah","RIBEIRO,HANNAH",Bates,BAT,1120-5832,6,0,24,0,24,0,0,0,3,0,0,0,0,0,.50,.00,.00,.000,.000,0,0,0,0,0,0,0,.000,0,0,0,0,.00,.00,.00,.00,0,,132:00,0,.00,.00,,,,,,,,,,,,,,,,,,-1.8807397338581089,293,56
2026-27,wsoc,New England Small College Athletic Conference (NESCAC),nescac,Bates,"Riddle, Lanie",Lanie,Riddle,,50,"Riddle, Lanie","RIDDLE,LANIE",Bates,BAT,1120-6113,6,5,26,0,26,0,0,0,1,0,0,0,0,0,.17,.00,.00,.000,.000,0,0,0,0,0,0,0,.000,0,0,0,0,.00,.00,.00,.00,0,,347:00,0,.00,.00,,,,,,,,,,,,,,,,,,-1.8807397338581089,294,56
2026-27,wsoc,New England Small College Athletic Conference (NESCAC),nescac,Williams,"Rosenberg, Lauren",Lauren,Rosenberg,,789,"Rosenberg, Lauren","ROSENBERG,LAUREN",Williams,WIL,0,6,0,17,0,17,0,0,0,1,0,0,0,0,0,.17,.00,.00,.000,.000,0,0,0,0,0,0,0,.000,3,0,0,0,.50,.00,.00,.00,0,,150:00,0,.00,.00,,,,,,,,,,,,,,,,,,-1.8807397338581089,295,56
2026-27,wsoc,New England Small College Athletic Conference (NESCAC),nescac,Conn. College,"Rothman, Piper",Piper,Rothman,,163,"Rothman, Piper","ROTHMAN,PIPER",Conn. College,CONN,1125-3154,4,1,13,0,13,0,0,0,0,0,0,0,0,0,.00,.00,.00,.000,.000,0,0,0,0,0,0,0,.000,0,0,0,0,.00,.00,.00,.00,0,,93:00,0,.00,.00,,,,,,,,,,,,,,,,,,-1.8807397338581089,296,56
2026-27,wsoc,New England Small College Athletic Conference (NESCAC),nescac,Middlebury,"Rowley, Emily",Emily,Rowley,,420,"Rowley, Emily","ROWLEY,EMILY",Middlebury,MIDD,0,0,0,35,0,35,0,0,0,0,0,0,0,0,0,.00,.00,.00,.000,.000,0,0,0,0,0,0,0,.000,0,0,0,0,.00,.00,.00,.00,0,,00:00,0,.00,.00,,,,,,,,,,,,,,,,,,-1.8807397338581089,297,56
2026-27,wsoc,New England Small College Athletic Conference (NESCAC),nescac,Trinity,"Rubeiz, Larissa",Larissa,Rubeiz,,713,"Rubeiz, Larissa","RUBEIZ,LARISSA",Trinity,TRIN,1127-5804,2,0,10,0,10,0,0,0,0,0,0,0,0,0,.00,.00,.00,.000,.000,0,0,0,0,0,0,0,.000,0,0,0,0,.00,.00,.00,.00,0,,38:00,0,.00,.00,,,,,,,,,,,,,,,,,,-1.8807397338581089,298,56
2026-27,wsoc,New England Small College Athletic Conference (NESCAC),nescac,Williams,"Ryan, Ella",Ella,Ryan,,789,"Ryan, Ella","RYAN,ELLA",Williams,WIL,0,0,0,28,0,28,0,0,0,0,0,0,0,0,0,.00,.00,.00,.000,.000,0,0,0,0,0,0,0,.000,0,0,0,0,.00,.00,.00,.00,0,,00:00,0,.00,.00,,,,,,,,,,,,,,,,,,-1.8807397338581089,299,56
2026-27,wsoc,New England Small College Athletic Conference (NESCAC),nescac,Colby,Samantha DeWitt,Samantha,DeWitt,,151,Samantha DeWitt,"DEWITT,SAMANTHA",Colby,COLBY,0,7,7,15,0,15,0,0,0,1,0,0,0,0,0,.14,.00,.00,.000,.000,0,0,0,0,0,0,0,.000,3,0,0,0,.43,.00,.00,.00,0,,544:00,0,.00,.00,,,,,,,,,,,,,,,,,,-1.8807397338581089,300,56
2026-27,wsoc,New England Small College Athletic Conference (NESCAC),nescac,Middlebury,"Savage, Lila",Lila,Savage,,420,"Savage, Lila","SAVAGE,LILA",Middlebury,MIDD,0,2,0,17,0,17,0,0,0,0,0,0,0,0,0,.00,.00,.00,.000,.000,0,0,0,0,0,0,0,.000,1,0,0,0,.50,.00,.00,.00,0,,36:00,0,.00,.00,,,,,,,,,,,,,,,,,,-1.8807397338581089,301,55
2026-27,wsoc,New England Small College Athletic Conference (NESCAC),nescac,Trinity,"Shannon, Adeline",Adeline,Shannon,,713,"Shannon, Adeline","SHANNON,ADELINE",Trinity,TRIN,1127-5343,3,0,17,0,17,0,0,0,2,0,0,0,0,0,.67,.00,.00,.000,.000,0,0,0,0,0,0,0,.000,1,0,0,0,.33,.00,.00,.00,0,,61:00,0,.00,.00,,,,,,,,,,,,,,,,,,-1.8807397338581089,302,55
2026-27,wsoc,New England Small College Athletic Conference (NESCAC),nescac,Williams,"Sicat, Emma",Emma,Sicat,,789,"Sicat, Emma","SICAT,EMMA",Williams,WIL,0,2,0,30,0,30,0,0,0,1,0,0,0,0,0,.50,.00,.00,.000,.000,0,0,0,0,0,0,0,.000,0,0,0,0,.00,.00,.00,.00,0,,24:00,0,.00,.00,,,,,,,,,,,,,,,,,,-1.8807397338581089,303,55
2026-27,wsoc,New England Small College Athletic Conference (NESCAC),nescac,Middlebury,"Silvestri, Aubrey",Aubrey,Silvestri,,420,"Silvestri, Aubrey","SILVESTRI,AUBREY",Middlebury,MIDD,0,0,0,0,0,0,0,0,0,0,0,0,0,0,0,.00,.00,.00,.000,.000,0,0,0,0,0,0,0,.000,0,0,0,0,.00,.00,.00,.00,0,,00:00,0,.00,.00,,,,,,,,,,,,,,,,,,-1.8807397338581089,304,55
2026-27,wsoc,New England Small College Athletic Conference (NESCAC),nescac,Colby,Skye Greenberg,Skye,Greenberg,,151,Skye Greenberg,"GREENBERG,SKYE",Colby,COLBY,0,0,0,0,0,0,0,0,0,0,0,0,0,0,0,.00,.00,.00,.000,.000,0,0,0,0,0,0,0,.000,0,0,0,0,.00,.00,.00,.00,0,,00:00,0,.00,.00,,,,,,,,,,,,,,,,,,-1.8807397338581089,305,55
2026-27,wsoc,New England Small College Athletic Conference (NESCAC),nescac,Conn. College,"Smith, Olivia",Olivia,Smith,,163,"Smith, Olivia","SMITH,OLIVIA",Conn. College,CONN,1125-2578,0,0,26,0,26,0,0,0,0,0,0,0,0,0,.00,.00,.00,.000,.000,0,0,0,0,0,0,0,.000,0,0,0,0,.00,.00,.00,.00,0,,00:00,0,.00,.00,,,,,,,,,,,,,,,,,,-1.8807397338581089,306,55
2026-27,wsoc,New England Small College Athletic Conference (NESCAC),nescac,Colby,Sophia Juhasz,Sophia,Juhasz,,151,Sophia Juhasz,"JUHASZ,SOPHIA",Colby,COLBY,0,5,0,27,0,27,0,0,0,1,0,0,0,0,0,.20,.00,.00,.000,.000,0,0,0,0,0,0,0,.000,3,0,0,0,.60,.00,.00,.00,0,,132:00,0,.00,.00,,,,,,,,,,,,,,,,,,-1.8807397338581089,307,55
2026-27,wsoc,New England Small College Athletic Conference (NESCAC),nescac,Hamilton,Sophie Whittaker,Sophie,Whittaker,,267,Sophie Whittaker,"WHITTAKER,SOPHIE",Hamilton,HAMILTON,1058-3264,1,0,24,0,24,0,0,0,1,0,0,0,0,0,1.00,.00,.00,.000,.000,0,0,0,0,0,0,0,.000,1,0,0,0,1.00,.00,.00,.00,0,,14:00,0,.00,.00,,,,,,,,,,,,,,,,,,-1.8807397338581089,308,54
2026-27,wsoc,New England Small College Athletic Conference (NESCAC),nescac,Bates,"Tandetnitskiy, Nicole",Nicole,Tandetnitskiy,,50,"Tandetnitskiy, Nicole","TANDETNITSKIY,NICOLE",Bates,BAT,1120-5599,6,0,27,0,27,0,0,0,0,0,0,0,0,0,.00,.00,.00,.000,.000,0,0,0,0,0,0,0,.000,0,0,0,0,.00,.00,.00,.00,0,,102:00,0,.00,.00,,,,,,,,,,,,,,,,,,-1.8807397338581089,309,54
2026-27,wsoc,New England Small College Athletic Conference (NESCAC),nescac,Bowdoin,Taylor Carrescia,Taylor,Carrescia,,69,Taylor Carrescia,"CARRESCIA,TAYLOR",Bowdoin,BOWDOIN,1121-4665,7,0,16,0,16,0,0,0,1,0,0,0,0,0,.14,.00,.00,.000,.000,0,0,0,0,0,0,0,.000,2,0,0,0,.29,.00,.00,.00,0,,166:00,0,.00,.00,,,,,,,,,,,,,,,,,,-1.8807397338581089,310,54
2026-27,wsoc,New England Small College Athletic Conference (NESCAC),nescac,Wesleyan,"Tessier, Jami",Jami,Tessier,,764,"Tessier, Jami","TESSIER,JAMI",Wesleyan,WES,1130-7354,2,0,20,0,20,0,0,0,2,0,0,0,0,0,1.00,.00,.00,.000,.000,0,0,0,0,0,0,0,.000,0,0,0,0,.00,.00,.00,.00,0,,43:00,0,.00,.00,,,,,,,,,,,,,,,,,,-1.8807397338581089,311,54
2026-27,wsoc,New England Small College Athletic Conference (NESCAC),nescac,Wesleyan,"Thibault, Sophie",Sophie,Thibault,,764,"Thibault, Sophie","THIBAULT,SOPHIE",Wesleyan,WES,1130-7355,0,0,30,0,30,0,0,0,0,0,0,0,0,0,.00,.00,.00,.000,.000,0,0,0,0,0,0,0,.000,0,0,0,0,.00,.00,.00,.00,0,,00:00,0,.00,.00,,,,,,,,,,,,,,,,,,-1.8807397338581089,312,54
2026-27,wsoc,New England Small College Athletic Conference (NESCAC),nescac,Middlebury,"Tracey, Lauren",Lauren,Tracey,,420,"Tracey, Lauren","TRACEY,LAUREN",Middlebury,MIDD,0,0,0,11,0,11,0,0,0,0,0,0,0,0,0,.00,.00,.00,.000,.000,0,0,0,0,0,0,0,.000,0,0,0,0,.00,.00,.00,.00,0,,00:00,0,.00,.00,,,,,,,,,,,,,,,,,,-1.8807397338581089,313,54
2026-27,wsoc,New England Small College Athletic Conference (NESCAC),nescac,Colby,Triantaphyllis Alexis,Triantaphyllis,Alexis,,151,Triantaphyllis Alexis,"TRIANTAPHYLLIS,A",Colby,COLBY,0,1,0,28,0,28,0,0,0,0,0,0,0,0,0,.00,.00,.00,.000,.000,0,0,0,0,0,0,0,.000,0,0,1,0,.00,1.00,.00,.00,0,,16:00,0,.00,.00,,,,,,,,,,,,,,,,,,-1.8807397338581089,314,54
2026-27,wsoc,New England Small College Athletic Conference (NESCAC),nescac,Conn. College,"Tucker, Lilla Kate",Lilla Kate,Tucker,,163,"Tucker, Lilla Kate","TUCKER,LILLA KATE",Conn. College,CONN,1125-2579,4,0,5,0,5,0,0,0,0,0,0,0,0,0,.00,.00,.00,.000,.000,0,0,0,0,0,0,0,.000,2,0,0,0,.50,.00,.00,.00,0,,64:00,0,.00,.00,,,,,,,,,,,,,,,,,,-1.8807397338581089,315,53
2026-27,wsoc,New England Small College Athletic Conference (NESCAC),nescac,Williams,"Tunney, Claire",Claire,Tunney,,789,"Tunney, Claire","TUNNEY,CLAIRE",Williams,WIL,0,4,0,21,0,21,0,0,0,0,0,0,0,0,0,.00,.00,.00,.000,.000,0,0,0,0,0,0,0,.000,0,0,0,0,.00,.00,.00,.00,0,,74:00,0,.00,.00,,,,,,,,,,,,,,,,,,-1.8807397338581089,316,53
2026-27,wsoc,New England Small College Athletic Conference (NESCAC),nescac,Tufts,"Usatin, Mia",Mia,Usatin,,717,"Usatin, Mia","USATIN,MIA",Tufts,TUFTS,1129-4923,1,0,26,0,26,0,0,0,0,0,0,0,0,0,.00,.00,.00,.000,.000,0,0,0,0,0,0,0,.000,0,0,0,0,.00,.00,.00,.00,0,,02:00,0,.00,.00,,,,,,,,,,,,,,,,,,-1.8807397338581089,317,53
2026-27,wsoc,New England Small College Athletic Conference (NESCAC),nescac,Hamilton,Van norman Ella,Van norman,Ella,,267,Van norman Ella,"NORMAN,ELLA VAN",Hamilton,HAMILTON,1058-3265,2,0,25,0,25,0,0,0,1,0,0,0,0,0,.50,.00,.00,.000,.000,0,0,0,0,0,0,0,.000,0,0,0,0,.00,.00,.00,.00,0,,44:00,0,.00,.00,,,,,,,,,,,,,,,,,,-1.8807397338581089,318,53
2026-27,wsoc,New England Small College Athletic Conference (NESCAC),nescac,Bates,"Walker, Sydney",Sydney,Walker,,50,"Walker, Sydney","WALKER,SYDNEY",Bates,BAT,1120-6120,0,0,18,0,18,0,0,0,0,0,0,0,0,0,.00,.00,.00,.000,.000,0,0,0,0,0,0,0,.000,0,0,0,0,.00,.00,.00,.00,0,,00:00,0,.00,.00,,,,,,,,,,,,,,,,,,-1.8807397338581089,319,53
2026-27,wsoc,New England Small College Athletic Conference (NESCAC),nescac,Williams,"Warmack, Sara",Sara,Warmack,,789,"Warmack, Sara","WARMACK,SARA",Williams,WIL,0,0,0,2,0,2,0,0,0,0,0,0,0,0,0,.00,.00,.00,.000,.000,0,0,0,0,0,0,0,.000,0,0,0,0,.00,.00,.00,.00,0,,00:00,0,.00,.00,,,,,,,,,,,,,,,,,,-1.8807397338581089,320,53
2026-27,wsoc,New England Small College Athletic Conference (NESCAC),nescac,Wesleyan,"White, Maisie",Maisie,White,,764,"White, Maisie","WHITE,MAISIE",Wesleyan,WES,1130-7047,0,0,17,0,17,0,0,0,0,0,0,0,0,0,.00,.00,.00,.000,.000,0,0,0,0,0,0,0,.000,0,0,0,0,.00,.00,.00,.00,0,,00:00,0,.00,.00,,,,,,,,,,,,,,,,,,-1.8807397338581089,321,53
2026-27,wsoc,New England Small College Athletic Conference (NESCAC),nescac,Tufts,"Yang, Mia",Mia,Yang,,717,"Yang, Mia","YANG,MIA",Tufts,TUFTS,1129-5201,1,0,7,0,7,0,0,0,0,0,0,0,0,0,.00,.00,.00,.000,.000,0,0,0,0,0,0,0,.000,0,0,0,0,.00,.00,.00,.00,0,,03:00,0,.00,.00,,,,,,,,,,,,,,,,,,-1.8807397338581089,322,52
2026-27,wsoc,New England Small College Athletic Conference (NESCAC),nescac,Bowdoin,Zoe Castrucci,Zoe,Castrucci,,69,Zoe Castrucci,"CASTRUCCI,ZOE",Bowdoin,BOWDOIN,1121-4666,2,0,14,0,14,0,0,0,2,0,0,0,0,0,1.00,.00,.00,.000,.000,0,0,0,0,0,0,0,.000,1,0,0,0,.50,.00,.00,.00,0,,12:00,0,.00,.00,,,,,,,,,,,,,,,,,,-1.8807397338581089,323,52
2026-27,wsoc,New England Small College Athletic Conference (NESCAC),nescac,Bates,"Zola, Cat",Cat,Zola,,50,"Zola, Cat","ZOLA,CAT",Bates,BAT,1120-5596,0,0,11,0,11,0,0,0,0,0,0,0,0,0,.00,.00,.00,.000,.000,0,0,0,0,0,0,0,.000,0,0,0,0,.00,.00,.00,.00,0,,00:00,0,.00,.00,,,,,,,,,,,,,,,,,,-1.8807397338581089,324,52
2026-27,wsoc,New England Small College Athletic Conference (NESCAC),nescac,Wesleyan,"Hansard, Marley",Marley,Hansard,,764,"Hansard, Marley","HANSARD,MARLEY",Wesleyan,WES,1130-7045,5,5,0,0,0,0,0,0,0,0,0,0,0,0,.00,.00,.00,.000,.000,0,0,0,0,0,0,0,.000,0,0,0,0,.00,.00,.00,.00,0,,338:00,0,.00,.00,17,0,1,3,0,.667,0.93,6,3,291:46,5,5,.60,0.667,.000,1.20,,-1.945540916814017,325,52
2026-27,wsoc,New England Small College Athletic Conference (NESCAC),nescac,Tufts,"Steege, Greta",Greta,Steege,,717,"Steege, Greta","STEEGE,GRETA",Tufts,TUFTS,1129-4732,1,1,28,0,28,0,0,0,0,0,0,0,0,0,.00,.00,.00,.000,.000,0,0,0,0,0,0,0,.000,0,0,0,0,.00,.00,.00,.00,0,,90:00,0,.00,.00,7,1,0,0,0,.667,1.00,2,1,90:00,1,1,1.00,0.667,.000,2.00,,-2.027408412277245,326,52
2026-27,wsoc,New England Small College Athletic Conference (NESCAC),nescac,Wesleyan,"di Rienzo, Maggie",Maggie,di Rienzo,,764,"di Rienzo, Maggie","DI RIENZO,MAGGIE",Wesleyan,WES,1130-7051,7,3,1,0,1,0,0,0,0,0,0,0,0,0,.00,.00,.00,.000,.000,0,0,0,0,0,0,0,.000,1,0,0,0,.14,.00,.00,.00,0,,417:00,0,.00,.00,43,0,0,4,1,.786,1.29,22,6,417:55,3,7,.86,0.786,.143,3.14,,-2.0296384469019944,327,52
2026-27,wsoc,New England Small College Athletic Conference (NESCAC),nescac,Bates,"Jacobson, Brady",Brady,Jacobson,,50,"Jacobson, Brady","JACOBSON,BRADY",Bates,BAT,1120-6105,3,3,0,0,0,0,0,0,0,0,0,0,0,0,.00,.00,.00,.000,.000,0,0,0,0,0,0,0,.000,0,0,0,0,.00,.00,.00,.00,0,,258:00,0,.00,.00,51,0,2,1,0,.818,1.41,18,4,256:27,3,3,1.33,0.818,.000,6.00,,-2.0793782734176705,328,52
2026-27,wsoc,New England Small College Athletic Conference (NESCAC),nescac,Amherst,"Bellermann, Corina",Corina,Bellermann,,24,"Bellermann, Corina","BELLERMANN,CORINA",Amherst,AMH,0,6,1,00,0,00,0,0,0,0,0,0,0,0,0,.00,.00,.00,.000,.000,0,0,0,0,0,0,0,.000,0,0,0,0,.00,.00,.00,.00,0,,233:00,0,.00,.00,31,0,2,0,0,.778,1.55,14,4,233:13,1,6,.67,0.778,.000,2.33,,-2.356368828620735,329,52
2026-27,wsoc,New England Small College Athletic Conference (NESCAC),nescac,Hamilton,Corah Boller,Corah,Boller,,267,Corah Boller,"BOLLER,CORAH",Hamilton,HAMILTON,1058-3025,4,4,0,0,0,0,0,0,0,0,0,0,0,0,.00,.00,.00,.000,.000,0,0,0,0,0,0,0,.000,0,0,0,0,.00,.00,.00,.00,0,,305:00,0,.00,.00,53,1,1,2,0,.806,1.78,25,6,304:29,4,4,1.50,0.806,.000,6.25,,-2.5460831330062867,330,51
2026-27,wsoc,New England Small College Athletic Conference (NESCAC),nescac,Bowdoin,Ilana Posner,Ilana,Posner,,69,Ilana Posner,"POSNER,ILANA",Bowdoin,BOWDOIN,1121-4304,6,6,0,0,0,0,0,0,0,0,0,0,0,0,.00,.00,.00,.000,.000,0,0,0,0,0,0,0,.000,0,0,0,0,.00,.00,.00,.00,0,,540:00,0,.00,.00,50,0,2,4,1,.735,1.63,25,9,497:02,6,6,1.50,0.735,.167,4.17,,-2.5716814121760634,331,51
2026-27,wsoc,New England Small College Athletic Conference (NESCAC),nescac,Trinity,"Tamborello, Zoe",Zoe,Tamborello,,713,"Tamborello, Zoe","TAMBORELLO,ZOE",Trinity,TRIN,1127-5347,6,6,00,0,00,0,0,0,0,0,0,0,0,0,.00,.00,.00,.000,.000,0,0,0,0,0,0,0,.000,0,0,0,0,.00,.00,.00,.00,0,,506:00,0,.00,.00,58,1,3,2,1,.652,1.43,15,8,505:34,6,6,1.33,0.652,.167,2.50,,-2.5727795781550884,332,51
2026-27,wsoc,New England Small College Athletic Conference (NESCAC),nescac,Wesleyan,"Dinnea, Grace",Grace,Dinnea,,764,"Dinnea, Grace","DINNEA,GRACE",Wesleyan,WES,1130-7348,1,0,35,0,35,0,0,0,0,0,0,0,0,0,.00,.00,.00,.000,.000,0,0,0,0,0,0,0,.000,0,0,0,0,.00,.00,.00,.00,0,,10:00,0,.00,.00,0,0,0,0,0,0.0,0.00,0,0,10:19,0,1,.00,0.000,.000,.00,,-2.746409297115002,333,51
2026-27,wsoc,New England Small College Athletic Conference (NESCAC),nescac,Trinity,"Guarini, Ella",Ella,Guarini,,713,"Guarini, Ella","GUARINI,ELLA",Trinity,TRIN,1127-5798,1,0,1,0,1,0,0,0,0,0,0,0,0,0,.00,.00,.00,.000,.000,0,0,0,0,0,0,0,.000,0,0,0,0,.00,.00,.00,.00,0,,23:00,0,.00,.00,0,0,0,0,0,0.0,0.00,0,0,22:55,0,1,.00,0.000,.000,.00,,-2.746409297115002,334,51
2026-27,wsoc,New England Small College Athletic Conference (NESCAC),nescac,Amherst,"Nagle, Sara",Sara,Nagle,,24,"Nagle, Sara","NAGLE,SARA",Amherst,AMH,0,2,0,1,0,1,0,0,0,0,0,0,0,0,0,.00,.00,.00,.000,.000,0,0,0,0,0,0,0,.000,0,0,0,0,.00,.00,.00,.00,0,,14:00,0,.00,.00,0,0,0,0,0,0.0,0.00,0,0,14:58,0,2,.00,0.000,.000,.00,,-2.746409297115002,335,51
2026-27,wsoc,New England Small College Athletic Conference (NESCAC),nescac,Trinity,"Shure, Ali",Ali,Shure,,713,"Shure, Ali","SHURE,ALI",Trinity,TRIN,1127-5514,1,0,0,0,0,0,0,0,0,0,0,0,0,0,.00,.00,.00,.000,.000,0,0,0,0,0,0,0,.000,0,0,0,0,.00,.00,.00,.00,0,,11:00,0,.00,.00,0,0,0,0,0,0.0,0.00,0,0,11:31,0,1,.00,0.000,.000,.00,,-2.746409297115002,336,51
2026-27,wsoc,New England Small College Athletic Conference (NESCAC),nescac,Conn. College,"Kafer, Maia",Maia,Kafer,,163,"Kafer, Maia","KAFER,MAIA",Conn. College,CONN,1125-2785,7,7,1,0,1,0,0,0,0,0,0,0,0,0,.00,.00,.00,.000,.000,0,0,0,0,0,0,0,.000,1,0,0,0,.14,.00,.00,.00,0,,603:00,0,.00,.00,103,1,3,3,1,.725,2.10,37,14,601:28,7,7,2.00,0.725,.143,5.29,,-3.1496770584983187,337,50
2026-27,wsoc,New England Small College Athletic Conference (NESCAC),nescac,Bowdoin,Natalie Cooke,Natalie,Cooke,,69,Natalie Cooke,"COOKE,NATALIE",Bowdoin,BOWDOIN,1121-4867,3,2,00,0,00,0,0,0,0,0,0,0,0,0,.00,.00,.00,.000,.000,0,0,0,0,0,0,0,.000,0,0,0,0,.00,.00,.00,.00,0,,180:00,0,.00,.00,14,0,2,0,1,.643,2.03,9,5,222:58,2,3,1.67,0.643,.333,3.00,,-3.299983469802137,338,50
2026-27,wsoc,New England Small College Athletic Conference (NESCAC),nescac,Amherst,"Davidson, Molly",Molly,Davidson,,24,"Davidson, Molly","DAVIDSON,MOLLY",Amherst,AMH,0,6,6,0,0,0,0,0,0,0,0,0,0,0,0,.00,.00,.00,.000,.000,0,0,0,0,0,0,0,.000,0,0,0,0,.00,.00,.00,.00,0,,383:00,0,.00,.00,58,0,2,3,0,.688,2.36,22,10,381:49,6,6,1.67,0.688,.000,3.67,,-3.5585177243176,339,50
