season,sport,conference,conference_code,team,player_name,first_name,last_name,position,team_code,name,checkname,team_name,team_id,sdrm_id,games_played,games_started,uniform,year,code,shot_stats_penalty_kick_attempts,shot_stats_penalty_kick_goals,shot_stats_shots_on_goal,shot_stats_shots,shot_stats_points,shot_stats_assists,shot_stats_goals,shot_stats_penalty_shot_attempts,shot_stats_penalty_shot_goals,shot_stats_avg_shots_per_game,shot_stats_avg_sog_per_game,shot_stats_avg_points_per_game,shot_stats_avg_goals_per_game,shot_stats_avg_assists_per_game,shot_stats_shots_saved_by_goalie,goal_stats_game_tying,goal_stats_hattricks,goal_stats_overtime,goal_stats_first,goal_stats_unassisted,goal_stats_game_winning,goal_stats_avg_gw_per_game,caution_stats_fouls,caution_stats_red_cards,caution_stats_yellow_cards,caution_stats_green_cards,caution_stats_avg_fouls_per_game,caution_stats_avg_yc_per_game,caution_stats_avg_rc_per_game,caution_stats_avg_gc_per_game,misc_stats_offsides,misc_stats_corner_kicks,misc_stats_minutes_played,misc_stats_defensive_saves,misc_stats_avg_corners_per_game,misc_stats_avg_offsides_per_game,goalie_stats,goalie_stats_shots_faced,goalie_stats_ties,goalie_stats_losses,goalie_stats_wins,goalie_stats_shutouts,goalie_stats_save_percentage,goalie_stats_goals_against_avg,goalie_stats_saves,goalie_stats_goals_allowed,goalie_stats_minutes,goalie_stats_games_started,goalie_stats_games_played,goalie_stats_avg_ga_per_game,goalie_stats_save_percentage_calc,goalie_stats_avg_sho_per_game,goalie_stats_avg_saves_per_game,shot_stats,goal_stats,caution_stats,misc_stats
2026-27,msoc,New England Small College Athletic Conference (NESCAC),nescac,Middlebury,Jd Ball,Jd,Ball,,420,Jd Ball,"BALL,JD",Middlebury,MIDDLEBU,1126-6351,0,0,00,0,00,0,0,0,0,0,0,0,0,0,.00,.00,.00,.000,.000,0,0,0,0,0,0,0,.000,0,0,0,0,.00,.00,.00,.00,0,,00:00,0,.00,.00,,,,,,,,,,,,,,,,,,,,,
2026-27,msoc,New England Small College Athletic Conference (NESCAC),nescac,Middlebury,Luca Jacobson,Luca,Jacobson,,420,Luca Jacobson,"JACOBSON,LUCA",Middlebury,MIDDLEBU,1126-6684,0,0,1,0,1,0,0,0,0,0,0,0,0,0,.00,.00,.00,.000,.000,0,0,0,0,0,0,0,.000,0,0,0,0,.00,.00,.00,.00,0,,00:00,0,.00,.00,,,,,,,,,,,,,,,,,,,,,
2026-27,msoc,New England Small College Athletic Conference (NESCAC),nescac,Middlebury,Antonio Cosentino,Antonio,Cosentino,,420,Antonio Cosentino,"COSENTINO,ANTONIO",Middlebury,MIDDLEBU,1126-5969,3,1,2,0,2,0,0,2,3,0,0,0,0,0,1.00,.67,.00,.000,.000,2,0,0,0,0,0,0,.000,2,0,2,0,.67,.67,.00,.00,0,,157:00,0,.00,.00,,,,,,,,,,,,,,,,,,,,,
2026-27,msoc,New England Small College Athletic Conference (NESCAC),nescac,Middlebury,Elias Androus,Elias,Androus,,420,Elias Androus,"ANDROUS,ELIAS",Middlebury,MIDDLEBU,1126-6350,6,6,3,0,3,0,0,1,6,3,1,1,0,0,1.00,.17,.50,.167,.167,0,0,0,0,0,0,0,.000,1,0,0,0,.17,.00,.00,.00,0,,366:00,0,.00,.00,,,,,,,,,,,,,,,,,,,,,
2026-27,msoc,New England Small College Athletic Conference (NESCAC),nescac,Middlebury,Owen Davis,Owen,Davis,,420,Owen Davis,"DAVIS,OWEN",Middlebury,MIDDLEBU,1126-5758,0,0,4,0,4,0,0,0,0,0,0,0,0,0,.00,.00,.00,.000,.000,0,0,0,0,0,0,0,.000,0,0,0,0,.00,.00,.00,.00,0,,00:00,0,.00,.00,,,,,,,,,,,,,,,,,,,,,
2026-27,msoc,New England Small College Athletic Conference (NESCAC),nescac,Middlebury,Sam Dolan,Sam,Dolan,,420,Sam Dolan,"DOLAN,SAM",Middlebury,MIDDLEBU,1126-5970,6,0,5,0,5,0,0,0,0,0,0,0,0,0,.00,.00,.00,.000,.000,0,0,0,0,0,0,0,.000,0,0,0,0,.00,.00,.00,.00,0,,204:00,0,.00,.00,,,,,,,,,,,,,,,,,,,,,
2026-27,msoc,New England Small College Athletic Conference (NESCAC),nescac,Middlebury,Dylan Payne,Dylan,Payne,,420,Dylan Payne,"PAYNE,DYLAN",Middlebury,MIDDLEBU,1126-6355,6,6,6,0,6,0,0,2,7,4,0,2,0,0,1.17,.33,.67,.333,.000,0,0,0,0,1,1,1,.167,7,0,1,0,1.17,.17,.00,.00,0,,500:00,0,.00,.00,,,,,,,,,,,,,,,,,,,,,
2026-27,msoc,New England Small College Athletic Conference (NESCAC),nescac,Middlebury,Harper Nicholl,Harper,Nicholl,,420,Harper Nicholl,"NICHOLL,HARPER",Middlebury,MIDDLEBU,1126-5763,6,6,7,0,7,0,0,4,7,4,4,0,0,0,1.17,.67,.67,.000,.667,4,0,0,0,0,0,0,.000,7,0,0,0,1.17,.00,.00,.00,0,,375:00,0,.00,.00,,,,,,,,,,,,,,,,,,,,,
2026-27,msoc,New England Small College Athletic Conference (NESCAC),nescac,Middlebury,Jay Hoke,Jay,Hoke,,420,Jay Hoke,"HOKE,JAY",Middlebury,MIDDLEBU,1126-5760,3,0,8,0,8,0,0,1,3,0,0,0,0,0,1.00,.33,.00,.000,.000,1,0,0,0,0,0,0,.000,0,0,0,0,.00,.00,.00,.00,0,,42:00,0,.00,.00,,,,,,,,,,,,,,,,,,,,,
2026-27,msoc,New England Small College Athletic Conference (NESCAC),nescac,Middlebury,Keagan Harder,Keagan,Harder,,420,Keagan Harder,"HARDER,KEAGAN",Middlebury,MIDDLEBU,1126-5973,5,0,9,0,9,0,0,4,8,4,2,1,0,0,1.60,.80,.80,.200,.400,3,0,0,0,1,0,1,.200,0,0,0,0,.00,.00,.00,.00,0,,193:00,0,.00,.00,,,,,,,,,,,,,,,,,,,,,
2026-27,msoc,New England Small College Athletic Conference (NESCAC),nescac,Middlebury,Colin Dugan,Colin,Dugan,,420,Colin Dugan,"DUGAN,COLIN",Middlebury,MIDDLEBU,1126-5759,5,5,10,0,10,0,0,4,4,7,1,3,0,0,.80,.80,1.40,.600,.200,1,0,0,0,1,2,1,.200,2,0,1,0,.40,.20,.00,.00,0,,209:00,0,.00,.00,,,,,,,,,,,,,,,,,,,,,
2026-27,msoc,New England Small College Athletic Conference (NESCAC),nescac,Middlebury,Will Sawin,Will,Sawin,,420,Will Sawin,"SAWIN,WILL",Middlebury,MIDDLEBU,1126-5765,6,6,11,0,11,0,0,5,19,8,0,4,0,0,3.17,.83,1.33,.667,.000,1,0,0,0,2,1,2,.333,2,0,0,0,.33,.00,.00,.00,0,,430:00,0,.00,.00,,,,,,,,,,,,,,,,,,,,,
2026-27,msoc,New England Small College Athletic Conference (NESCAC),nescac,Middlebury,Ben Shapiro,Ben,Shapiro,,420,Ben Shapiro,"SHAPIRO,BEN",Middlebury,MIDDLEBU,1126-6358,5,0,12,0,12,0,0,0,2,0,0,0,0,0,.40,.00,.00,.000,.000,0,0,0,0,0,0,0,.000,1,0,2,0,.20,.40,.00,.00,0,,121:00,0,.00,.00,,,,,,,,,,,,,,,,,,,,,
2026-27,msoc,New England Small College Athletic Conference (NESCAC),nescac,Middlebury,Anderson Gardner,Anderson,Gardner,,420,Anderson Gardner,"GARDNER,ANDERSON",Middlebury,MIDDLEBU,1126-5972,1,0,13,0,13,0,0,0,0,0,0,0,0,0,.00,.00,.00,.000,.000,0,0,0,0,0,0,0,.000,0,0,0,0,.00,.00,.00,.00,0,,02:00,0,.00,.00,,,,,,,,,,,,,,,,,,,,,
2026-27,msoc,New England Small College Athletic Conference (NESCAC),nescac,Middlebury,JT Federman,JT,Federman,,420,JT Federman,"FEDERMAN,JT",Middlebury,MIDDLEBU,1126-5971,6,6,14,0,14,0,0,2,3,2,0,1,0,0,.50,.33,.33,.167,.000,1,0,0,0,0,0,0,.000,6,0,0,0,1.00,.00,.00,.00,0,,540:00,0,.00,.00,,,,,,,,,,,,,,,,,,,,,
2026-27,msoc,New England Small College Athletic Conference (NESCAC),nescac,Middlebury,Charlie Johnson,Charlie,Johnson,,420,Charlie Johnson,"JOHNSON,CHARLIE",Middlebury,MIDDLEBU,1126-5974,6,6,15,0,15,0,0,5,8,2,0,1,0,0,1.33,.83,.33,.167,.000,4,0,0,0,0,0,0,.000,5,0,0,0,.83,.00,.00,.00,0,,384:00,0,.00,.00,,,,,,,,,,,,,,,,,,,,,
2026-27,msoc,New England Small College Athletic Conference (NESCAC),nescac,Middlebury,Felix Rubenstein,Felix,Rubenstein,,420,Felix Rubenstein,"RUBENSTEIN,FELIX",Middlebury,MIDDLEBU,1126-6357,0,0,16,0,16,0,0,1,2,2,0,1,0,0,.00,.00,.00,.000,.000,0,0,0,0,0,1,0,.000,1,0,0,0,.00,.00,.00,.00,0,,08:00,0,.00,.00,,,,,,,,,,,,,,,,,,,,,
2026-27,msoc,New England Small College Athletic Conference (NESCAC),nescac,Middlebury,Hugo Horwitz,Hugo,Horwitz,,420,Hugo Horwitz,"HORWITZ,HUGO",Middlebury,MIDDLEBU,1126-5761,6,0,17,0,17,0,0,0,4,0,0,0,0,0,.67,.00,.00,.000,.000,0,0,0,0,0,0,0,.000,0,0,0,0,.00,.00,.00,.00,0,,179:00,0,.00,.00,,,,,,,,,,,,,,,,,,,,,
2026-27,msoc,New England Small College Athletic Conference (NESCAC),nescac,Middlebury,Hamin Kim,Hamin,Kim,,420,Hamin Kim,"KIM,HAMIN",Middlebury,MIDDLEBU,1126-6353,6,6,18,0,18,0,0,0,0,2,2,0,0,0,.00,.00,.33,.000,.333,0,0,0,0,0,0,0,.000,1,0,1,0,.17,.17,.00,.00,0,,505:00,0,.00,.00,,,,,,,,,,,,,,,,,,,,,
2026-27,msoc,New England Small College Athletic Conference (NESCAC),nescac,Middlebury,Eric Outwater,Eric,Outwater,,420,Eric Outwater,"OUTWATER,ERIC",Middlebury,MIDDLEBU,1126-6688,2,0,19,0,19,0,0,1,1,0,0,0,0,0,.50,.50,.00,.000,.000,1,0,0,0,0,0,0,.000,1,0,0,0,.50,.00,.00,.00,0,,24:00,0,.00,.00,,,,,,,,,,,,,,,,,,,,,
2026-27,msoc,New England Small College Athletic Conference (NESCAC),nescac,Middlebury,Matteo Paganini,Matteo,Paganini,,420,Matteo Paganini,"PAGANINI,MATTEO",Middlebury,MIDDLEBU,1126-6354,0,0,20,0,20,0,0,0,0,0,0,0,0,0,.00,.00,.00,.000,.000,0,0,0,0,0,0,0,.000,0,0,0,0,.00,.00,.00,.00,0,,00:00,0,.00,.00,,,,,,,,,,,,,,,,,,,,,
2026-27,msoc,New England Small College Athletic Conference (NESCAC),nescac,Middlebury,Ajax Dau,Ajax,Dau,,420,Ajax Dau,"DAU,AJAX",Middlebury,MIDDLEBU,1126-6687,2,0,21,0,21,0,0,1,1,0,0,0,0,0,.50,.50,.00,.000,.000,1,0,0,0,0,0,0,.000,0,0,0,0,.00,.00,.00,.00,0,,40:00,0,.00,.00,,,,,,,,,,,,,,,,,,,,,
2026-27,msoc,New England Small College Athletic Conference (NESCAC),nescac,Middlebury,Theodore Haythe,Theodore,Haythe,,420,Theodore Haythe,"HAYTHE,THEODORE",Middlebury,MIDDLEBU,1126-6360,0,0,22,0,22,0,0,0,0,0,0,0,0,0,.00,.00,.00,.000,.000,0,0,0,0,0,0,0,.000,0,0,0,0,.00,.00,.00,.00,0,,00:00,0,.00,.00,,,,,,,,,,,,,,,,,,,,,
2026-27,msoc,New England Small College Athletic Conference (NESCAC),nescac,Middlebury,Ari Klayman,Ari,Klayman,,420,Ari Klayman,"KLAYMAN,ARI",Middlebury,MIDDLEBU,1126-5762,6,6,23,0,23,0,0,0,1,0,0,0,0,0,.17,.00,.00,.000,.000,0,0,0,0,0,0,0,.000,4,0,2,0,.67,.33,.00,.00,0,,383:00,0,.00,.00,,,,,,,,,,,,,,,,,,,,,
2026-27,msoc,New England Small College Athletic Conference (NESCAC),nescac,Middlebury,Jack Bartlett,Jack,Bartlett,,420,Jack Bartlett,"BARTLETT,JACK",Middlebury,MIDDLEBU,1126-6689,0,0,24,0,24,0,0,0,0,0,0,0,0,0,.00,.00,.00,.000,.000,0,0,0,0,0,0,0,.000,0,0,0,0,.00,.00,.00,.00,0,,00:00,0,.00,.00,,,,,,,,,,,,,,,,,,,,,
2026-27,msoc,New England Small College Athletic Conference (NESCAC),nescac,Middlebury,Samuel Leroyer,Samuel,Leroyer,,420,Samuel Leroyer,"LEROYER,SAMUEL",Middlebury,MIDDLEBU,1126-6690,4,0,25,0,25,0,0,1,1,2,0,1,0,0,.25,.25,.50,.250,.000,0,0,0,0,0,0,0,.000,1,0,0,0,.25,.00,.00,.00,0,,52:00,0,.00,.00,,,,,,,,,,,,,,,,,,,,,
2026-27,msoc,New England Small College Athletic Conference (NESCAC),nescac,Middlebury,Espinosa Jaime vega,Espinosa Jaime,vega,,420,Espinosa Jaime vega,"ESPINOSA,JAIME VEGA",Middlebury,MIDDLEBU,1126-6691,3,0,26,0,26,0,0,0,2,0,0,0,0,0,.67,.00,.00,.000,.000,0,0,0,0,0,0,0,.000,0,0,0,0,.00,.00,.00,.00,0,,67:00,0,.00,.00,,,,,,,,,,,,,,,,,,,,,
2026-27,msoc,New England Small College Athletic Conference (NESCAC),nescac,Middlebury,Macallister Graham,Macallister,Graham,,420,Macallister Graham,"GRAHAM,MACALLISTER",Middlebury,MIDDLEBU,1126-6694,0,0,27,0,27,0,0,0,0,0,0,0,0,0,.00,.00,.00,.000,.000,0,0,0,0,0,0,0,.000,0,0,0,0,.00,.00,.00,.00,0,,00:00,0,.00,.00,,,,,,,,,,,,,,,,,,,,,
2026-27,msoc,New England Small College Athletic Conference (NESCAC),nescac,Middlebury,Nate Dunlop,Nate,Dunlop,,420,Nate Dunlop,"DUNLOP,NATE",Middlebury,MIDDLEBU,1126-6693,6,0,28,0,28,0,0,2,4,3,1,1,0,0,.67,.33,.50,.167,.167,1,0,0,0,0,0,0,.000,1,0,0,0,.17,.00,.00,.00,0,,179:00,0,.00,.00,,,,,,,,,,,,,,,,,,,,,
2026-27,msoc,New England Small College Athletic Conference (NESCAC),nescac,Middlebury,Cavaceppi-dove Orlando,Cavaceppi-dove,Orlando,,420,Cavaceppi-dove Orlando,"CAVACEPPI-DOVE,O",Middlebury,MIDDLEBU,1126-6352,6,6,29,0,29,0,0,1,6,1,1,0,0,0,1.00,.17,.17,.000,.167,1,0,0,0,0,0,0,.000,4,0,1,0,.67,.17,.00,.00,0,,398:00,0,.00,.00,,,,,,,,,,,,,,,,,,,,,
2026-27,msoc,New England Small College Athletic Conference (NESCAC),nescac,Middlebury,Alex Perkin,Alex,Perkin,,420,Alex Perkin,"PERKIN,ALEX",Middlebury,MIDDLEBU,1126-6356,1,0,30,0,30,0,0,0,0,0,0,0,0,0,.00,.00,.00,.000,.000,0,0,0,0,0,0,0,.000,0,0,0,0,.00,.00,.00,.00,0,,02:00,0,.00,.00,,,,,,,,,,,,,,,,,,,,,
2026-27,msoc,New England Small College Athletic Conference (NESCAC),nescac,Middlebury,Max Cook,Max,Cook,,420,Max Cook,"COOK,MAX",Middlebury,MIDDLEBU,1126-6692,1,0,31,0,31,0,0,0,0,0,0,0,0,0,.00,.00,.00,.000,.000,0,0,0,0,0,0,0,.000,1,0,0,0,1.00,.00,.00,.00,0,,13:00,0,.00,.00,,,,,,,,,,,,,,,,,,,,,
2026-27,msoc,New England Small College Athletic Conference (NESCAC),nescac,Middlebury,Quinn Pappendick,Quinn,Pappendick,,420,Quinn Pappendick,"PAPPENDICK,QUINN",Middlebury,MIDDLEBU,1126-5975,4,0,32,0,32,0,0,1,1,0,0,0,0,0,.25,.25,.00,.000,.000,1,0,0,0,0,0,0,.000,2,0,0,0,.50,.00,.00,.00,0,,115:00,0,.00,.00,,,,,,,,,,,,,,,,,,,,,
2026-27,msoc,New England Small College Athletic Conference (NESCAC),nescac,Middlebury,Leon Brody,Leon,Brody,,420,Leon Brody,"BRODY,LEON",Middlebury,MIDDLEBU,1126-5968,6,6,33,0,33,0,0,0,0,0,0,0,0,0,.00,.00,.00,.000,.000,0,0,0,0,0,0,0,.000,0,0,0,0,.00,.00,.00,.00,0,,540:00,0,.00,.00,,46,1,0,5,6,1.000,0.00,15,0,540:00,6,6,.00,1.000,1.000,2.50,,,,
2026-27,msoc,New England Small College Athletic Conference (NESCAC),nescac,Middlebury,Tiger Xie,Tiger,Xie,,420,Tiger Xie,"XIE,TIGER",Middlebury,MIDDLEBU,1126-6018,0,0,34,0,34,0,0,0,0,0,0,0,0,0,.00,.00,.00,.000,.000,0,0,0,0,0,0,0,.000,0,0,0,0,.00,.00,.00,.00,0,,00:00,0,.00,.00,,,,,,,,,,,,,,,,,,,,,
2026-27,msoc,New England Small College Athletic Conference (NESCAC),nescac,Middlebury,"Rubinstein, Felix",Felix,Rubinstein,,420,"Rubinstein, Felix","RUBINSTEIN,FELIX",Middlebury,MIDDLEBU,0,2,0,16,0,16,0,0,0,0,0,0,0,0,0,.00,.00,.00,.000,.000,0,0,0,0,0,0,0,.000,0,0,0,0,.00,.00,.00,.00,0,,10:00,0,.00,.00,,,,,,,,,,,,,,,,,,,,,
2026-27,msoc,New England Small College Athletic Conference (NESCAC),nescac,Middlebury,"Dau, Ajak",Ajak,Dau,,420,"Dau, Ajak","DAU,AJAK",Middlebury,MIDDLEBU,0,0,0,21,0,21,0,0,0,0,0,0,0,0,0,.00,.00,.00,.000,.000,0,0,0,0,0,0,0,.000,0,0,0,0,.00,.00,.00,.00,0,,00:00,0,.00,.00,,,,,,,,,,,,,,,,,,,,,
2026-27,msoc,New England Small College Athletic Conference (NESCAC),nescac,Colby,"Comes, Jack",Jack,Comes,,151,"Comes, Jack","COMES,JACK",Colby,COLBY,1123-3457,1,0,00,0,00,0,0,0,0,0,0,0,0,0,.00,.00,.00,.000,.000,0,0,0,0,0,0,0,.000,0,0,0,0,.00,.00,.00,.00,0,,45:00,0,.00,.00,,6,0,0,0,0,0.0,0.00,0,0,45:00,0,1,.00,0.000,.000,.00,,,,
2026-27,msoc,New England Small College Athletic Conference (NESCAC),nescac,Colby,"Lamia, Winslow",Winslow,Lamia,,151,"Lamia, Winslow","LAMIA,WINSLOW",Colby,COLBY,1123-3060,1,1,0,0,0,0,0,0,0,0,0,0,0,0,.00,.00,.00,.000,.000,0,0,0,0,0,0,0,.000,0,0,0,0,.00,.00,.00,.00,0,,45:00,0,.00,.00,,2,0,0,1,0,1.000,0.00,2,0,45:00,1,1,.00,1.000,.000,2.00,,,,
2026-27,msoc,New England Small College Athletic Conference (NESCAC),nescac,Colby,"Canfalone, Gus",Gus,Canfalone,,151,"Canfalone, Gus","CANFALONE,GUS",Colby,COLBY,1123-2603,0,0,1,0,1,0,0,0,0,0,0,0,0,0,.00,.00,.00,.000,.000,0,0,0,0,0,0,0,.000,0,0,0,0,.00,.00,.00,.00,0,,00:00,0,.00,.00,,,,,,,,,,,,,,,,,,,,,
2026-27,msoc,New England Small College Athletic Conference (NESCAC),nescac,Colby,"Magee, Jackson",Jackson,Magee,,151,"Magee, Jackson","MAGEE,JACKSON",Colby,COLBY,1123-3061,7,7,33,0,33,0,0,0,0,0,0,0,0,0,.00,.00,.00,.000,.000,0,0,0,0,0,0,0,.000,1,0,0,0,.14,.00,.00,.00,0,,630:00,0,.00,.00,,84,3,2,2,2,.697,1.43,23,10,630:00,7,7,1.43,0.697,.286,3.29,,,,
2026-27,msoc,New England Small College Athletic Conference (NESCAC),nescac,Colby,"Supan, CJ",CJ,Supan,,151,"Supan, CJ","SUPAN,CJ",Colby,COLBY,1123-2866,2,2,2,0,2,0,0,0,0,0,0,0,0,0,.00,.00,.00,.000,.000,0,0,0,0,0,0,0,.000,0,0,0,0,.00,.00,.00,.00,0,,147:00,0,.00,.00,,,,,,,,,,,,,,,,,,,,,
2026-27,msoc,New England Small College Athletic Conference (NESCAC),nescac,Colby,"Gussen, Jude",Jude,Gussen,,151,"Gussen, Jude","GUSSEN,JUDE",Colby,COLBY,1123-3057,8,8,3,0,3,0,0,7,24,6,2,2,0,0,3.00,.88,.75,.250,.250,5,0,0,0,2,1,1,.125,12,0,1,0,1.50,.13,.00,.00,0,,566:00,0,.00,.00,,,,,,,,,,,,,,,,,,,,,
2026-27,msoc,New England Small College Athletic Conference (NESCAC),nescac,Colby,"Mohammed, Kameron",Kameron,Mohammed,,151,"Mohammed, Kameron","MOHAMMED,KAMERON",Colby,COLBY,1123-3063,7,5,4,0,4,0,0,1,4,0,0,0,0,0,.57,.14,.00,.000,.000,1,0,0,0,0,0,0,.000,10,0,2,0,1.43,.29,.00,.00,0,,394:00,0,.00,.00,,,,,,,,,,,,,,,,,,,,,
2026-27,msoc,New England Small College Athletic Conference (NESCAC),nescac,Colby,"Sams, Jacob",Jacob,Sams,,151,"Sams, Jacob","SAMS,JACOB",Colby,COLBY,1123-2595,8,8,5,0,5,0,0,1,2,0,0,0,0,0,.25,.13,.00,.000,.000,1,0,0,0,0,0,0,.000,1,0,0,0,.13,.00,.00,.00,0,,635:00,0,.00,.00,,,,,,,,,,,,,,,,,,,,,
2026-27,msoc,New England Small College Athletic Conference (NESCAC),nescac,Colby,"Beshel, Joseph",Joseph,Beshel,,151,"Beshel, Joseph","BESHEL,JOSEPH",Colby,COLBY,1123-2601,7,7,6,0,6,0,0,2,8,0,0,0,0,0,1.14,.29,.00,.000,.000,2,0,0,0,0,0,0,.000,8,0,2,0,1.14,.29,.00,.00,0,,526:00,0,.00,.00,,,,,,,,,,,,,,,,,,,,,
2026-27,msoc,New England Small College Athletic Conference (NESCAC),nescac,Colby,"Kirwan, Andrew",Andrew,Kirwan,,151,"Kirwan, Andrew","KIRWAN,ANDREW",Colby,COLBY,1123-2594,3,0,7,0,7,0,0,0,0,0,0,0,0,0,.00,.00,.00,.000,.000,0,0,0,0,0,0,0,.000,0,0,0,0,.00,.00,.00,.00,0,,65:00,0,.00,.00,,,,,,,,,,,,,,,,,,,,,
2026-27,msoc,New England Small College Athletic Conference (NESCAC),nescac,Colby,"Robinson, Leo",Leo,Robinson,,151,"Robinson, Leo","ROBINSON,LEO",Colby,COLBY,1123-3064,6,5,8,0,8,0,0,4,10,2,0,1,0,0,1.67,.67,.33,.167,.000,3,0,0,0,0,0,0,.000,4,0,1,0,.67,.17,.00,.00,0,,350:00,0,.00,.00,,,,,,,,,,,,,,,,,,,,,
2026-27,msoc,New England Small College Athletic Conference (NESCAC),nescac,Colby,"Bugliari, Anthony",Anthony,Bugliari,,151,"Bugliari, Anthony","BUGLIARI,ANTHONY",Colby,COLBY,1123-3053,8,5,9,0,9,0,0,5,9,9,1,4,0,0,1.13,.63,1.13,.500,.125,1,2,1,0,1,1,1,.125,2,0,0,0,.25,.00,.00,.00,0,,346:00,0,.00,.00,,,,,,,,,,,,,,,,,,,,,
2026-27,msoc,New England Small College Athletic Conference (NESCAC),nescac,Colby,"Scott, Charlie",Charlie,Scott,,151,"Scott, Charlie","SCOTT,CHARLIE",Colby,COLBY,1123-2596,7,7,10,0,10,0,0,4,8,3,1,1,0,0,1.14,.57,.43,.143,.143,3,0,0,0,1,0,0,.000,13,0,2,0,1.86,.29,.00,.00,0,,401:00,0,.00,.00,,,,,,,,,,,,,,,,,,,,,
2026-27,msoc,New England Small College Athletic Conference (NESCAC),nescac,Colby,"Vittal, Alexander",Alexander,Vittal,,151,"Vittal, Alexander","VITTAL,ALEXANDER",Colby,COLBY,1123-3066,6,2,11,0,11,0,0,1,3,0,0,0,0,0,.50,.17,.00,.000,.000,1,0,0,0,0,0,0,.000,5,0,0,0,.83,.00,.00,.00,0,,197:00,0,.00,.00,,,,,,,,,,,,,,,,,,,,,
2026-27,msoc,New England Small College Athletic Conference (NESCAC),nescac,Colby,"Kogelmann, Will",Will,Kogelmann,,151,"Kogelmann, Will","KOGELMANN,WILL",Colby,COLBY,1123-2861,8,5,12,0,12,0,0,1,2,0,0,0,0,0,.25,.13,.00,.000,.000,1,0,0,0,0,0,0,.000,4,0,0,0,.50,.00,.00,.00,0,,389:00,0,.00,.00,,,,,,,,,,,,,,,,,,,,,
2026-27,msoc,New England Small College Athletic Conference (NESCAC),nescac,Colby,"Yasuda, Ikkei",Ikkei,Yasuda,,151,"Yasuda, Ikkei","YASUDA,IKKEI",Colby,COLBY,1123-3454,4,2,13,0,13,0,0,1,2,2,0,1,0,0,.50,.25,.50,.250,.000,0,0,0,0,0,1,0,.000,4,0,0,0,1.00,.00,.00,.00,0,,175:00,0,.00,.00,,,,,,,,,,,,,,,,,,,,,
2026-27,msoc,New England Small College Athletic Conference (NESCAC),nescac,Colby,"Canencio Moreno, Santi",Santi,Canencio Moreno,,151,"Canencio Moreno, Santi","CANENCIO MORENO,SANTI",Colby,COLBY,1123-3054,5,0,14,0,14,0,0,2,9,3,1,1,0,0,1.80,.40,.60,.200,.200,1,0,0,0,0,0,0,.000,4,1,0,0,.80,.00,.20,.00,0,,149:00,0,.00,.00,,,,,,,,,,,,,,,,,,,,,
2026-27,msoc,New England Small College Athletic Conference (NESCAC),nescac,Colby,"Dawes, Justin",Justin,Dawes,,151,"Dawes, Justin","DAWES,JUSTIN",Colby,COLBY,1123-3056,6,0,15,0,15,0,0,3,3,4,0,2,0,0,.50,.50,.67,.333,.000,1,0,0,0,0,0,0,.000,3,0,1,0,.50,.17,.00,.00,0,,98:00,0,.00,.00,,,,,,,,,,,,,,,,,,,,,
2026-27,msoc,New England Small College Athletic Conference (NESCAC),nescac,Colby,"Kogelmann, Drew",Drew,Kogelmann,,151,"Kogelmann, Drew","KOGELMANN,DREW",Colby,COLBY,1123-2860,2,1,17,0,17,0,0,1,1,0,0,0,0,0,.50,.50,.00,.000,.000,1,0,0,0,0,0,0,.000,1,0,0,0,.50,.00,.00,.00,0,,52:00,0,.00,.00,,,,,,,,,,,,,,,,,,,,,
2026-27,msoc,New England Small College Athletic Conference (NESCAC),nescac,Colby,"Druker, Ilan",Ilan,Druker,,151,"Druker, Ilan","DRUKER,ILAN",Colby,COLBY,1123-3464,5,0,18,0,18,0,0,1,2,1,1,0,0,0,.40,.20,.20,.000,.200,1,0,0,0,0,0,0,.000,2,0,1,0,.40,.20,.00,.00,0,,60:00,0,.00,.00,,,,,,,,,,,,,,,,,,,,,
2026-27,msoc,New England Small College Athletic Conference (NESCAC),nescac,Colby,"Normandeau, Eric",Eric,Normandeau,,151,"Normandeau, Eric","NORMANDEAU,ERIC",Colby,COLBY,1123-3453,7,3,19,0,19,0,0,0,2,0,0,0,0,0,.29,.00,.00,.000,.000,0,0,0,0,0,0,0,.000,3,0,0,0,.43,.00,.00,.00,0,,282:00,0,.00,.00,,,,,,,,,,,,,,,,,,,,,
2026-27,msoc,New England Small College Athletic Conference (NESCAC),nescac,Colby,"Cunniffe, Luke",Luke,Cunniffe,,151,"Cunniffe, Luke","CUNNIFFE,LUKE",Colby,COLBY,1123-3455,6,5,20,0,20,0,0,5,10,3,1,1,1,1,1.67,.83,.50,.167,.167,4,0,0,0,0,1,0,.000,1,0,0,0,.17,.00,.00,.00,0,,346:00,0,.00,.00,,,,,,,,,,,,,,,,,,,,,
2026-27,msoc,New England Small College Athletic Conference (NESCAC),nescac,Colby,"Bejarano, Sasha",Sasha,Bejarano,,151,"Bejarano, Sasha","BEJARANO,SASHA",Colby,COLBY,1123-3456,1,0,21,0,21,0,0,0,0,0,0,0,0,0,.00,.00,.00,.000,.000,0,0,0,0,0,0,0,.000,1,0,0,0,1.00,.00,.00,.00,0,,45:00,0,.00,.00,,,,,,,,,,,,,,,,,,,,,
2026-27,msoc,New England Small College Athletic Conference (NESCAC),nescac,Colby,"Barry, Hudson",Hudson,Barry,,151,"Barry, Hudson","BARRY,HUDSON",Colby,COLBY,1123-3458,4,0,22,0,22,0,0,0,0,0,0,0,0,0,.00,.00,.00,.000,.000,0,0,0,0,0,0,0,.000,0,0,0,0,.00,.00,.00,.00,0,,69:00,0,.00,.00,,,,,,,,,,,,,,,,,,,,,
2026-27,msoc,New England Small College Athletic Conference (NESCAC),nescac,Colby,"Daboo, Oliver",Oliver,Daboo,,151,"Daboo, Oliver","DABOO,OLIVER",Colby,COLBY,1123-2762,7,7,23,0,23,0,0,3,6,2,0,1,0,0,.86,.43,.29,.143,.000,2,0,0,0,1,0,0,.000,6,0,0,0,.86,.00,.00,.00,0,,484:00,0,.00,.00,,,,,,,,,,,,,,,,,,,,,
2026-27,msoc,New England Small College Athletic Conference (NESCAC),nescac,Colby,"Pentikis, Luke",Luke,Pentikis,,151,"Pentikis, Luke","PENTIKIS,LUKE",Colby,COLBY,1123-2597,3,0,24,0,24,0,0,0,0,0,0,0,0,0,.00,.00,.00,.000,.000,0,0,0,0,0,0,0,.000,0,0,1,0,.00,.33,.00,.00,0,,55:00,0,.00,.00,,,,,,,,,,,,,,,,,,,,,
2026-27,msoc,New England Small College Athletic Conference (NESCAC),nescac,Colby,"Soroca, Ethan",Ethan,Soroca,,151,"Soroca, Ethan","SOROCA,ETHAN",Colby,COLBY,1123-3065,6,0,25,0,25,0,0,0,3,1,1,0,0,0,.50,.00,.17,.000,.167,0,0,0,0,0,0,0,.000,4,0,2,0,.67,.33,.00,.00,0,,136:00,0,.00,.00,,,,,,,,,,,,,,,,,,,,,
2026-27,msoc,New England Small College Athletic Conference (NESCAC),nescac,Colby,"Scott, Theo",Theo,Scott,,151,"Scott, Theo","SCOTT,THEO",Colby,COLBY,1123-2865,7,7,26,0,26,0,0,3,5,3,1,1,0,0,.71,.43,.43,.143,.143,2,0,0,0,0,1,1,.143,4,0,2,0,.57,.29,.00,.00,0,,571:00,0,.00,.00,,,,,,,,,,,,,,,,,,,,,
2026-27,msoc,New England Small College Athletic Conference (NESCAC),nescac,Colby,"Gibson, Miles",Miles,Gibson,,151,"Gibson, Miles","GIBSON,MILES",Colby,COLBY,1123-3465,0,0,27,0,27,0,0,0,0,0,0,0,0,0,.00,.00,.00,.000,.000,0,0,0,0,0,0,0,.000,0,0,0,0,.00,.00,.00,.00,0,,00:00,0,.00,.00,,,,,,,,,,,,,,,,,,,,,
2026-27,msoc,New England Small College Athletic Conference (NESCAC),nescac,Colby,"Oliver, Thomas",Thomas,Oliver,,151,"Oliver, Thomas","OLIVER,THOMAS",Colby,COLBY,1123-3460,0,0,28,0,28,0,0,0,0,0,0,0,0,0,.00,.00,.00,.000,.000,0,0,0,0,0,0,0,.000,0,0,0,0,.00,.00,.00,.00,0,,00:00,0,.00,.00,,,,,,,,,,,,,,,,,,,,,
2026-27,msoc,New England Small College Athletic Conference (NESCAC),nescac,Colby,"Callahan, Ryan",Ryan,Callahan,,151,"Callahan, Ryan","CALLAHAN,RYAN",Colby,COLBY,1123-3462,2,0,29,0,29,0,0,0,0,0,0,0,0,0,.00,.00,.00,.000,.000,0,0,0,0,0,0,0,.000,0,0,0,0,.00,.00,.00,.00,0,,34:00,0,.00,.00,,,,,,,,,,,,,,,,,,,,,
2026-27,msoc,New England Small College Athletic Conference (NESCAC),nescac,Colby,"Kirk, Grady",Grady,Kirk,,151,"Kirk, Grady","KIRK,GRADY",Colby,COLBY,1123-3059,8,1,30,0,30,0,0,2,4,2,0,1,0,0,.50,.25,.25,.125,.000,1,0,0,0,1,1,0,.000,3,0,0,0,.38,.00,.00,.00,0,,293:00,0,.00,.00,,,,,,,,,,,,,,,,,,,,,
2026-27,msoc,New England Small College Athletic Conference (NESCAC),nescac,Colby,"Sullivan, Nico",Nico,Sullivan,,151,"Sullivan, Nico","SULLIVAN,NICO",Colby,COLBY,1123-3463,1,0,32,0,32,0,0,0,0,0,0,0,0,0,.00,.00,.00,.000,.000,0,0,0,0,0,0,0,.000,0,0,0,0,.00,.00,.00,.00,0,,13:00,0,.00,.00,,,,,,,,,,,,,,,,,,,,,
2026-27,msoc,New England Small College Athletic Conference (NESCAC),nescac,Colby,"Vighetti, Owen",Owen,Vighetti,,151,"Vighetti, Owen","VIGHETTI,OWEN",Colby,COLBY,1123-3467,7,0,34,0,34,0,0,0,2,0,0,0,0,0,.29,.00,.00,.000,.000,0,0,0,0,0,0,0,.000,3,0,1,0,.43,.14,.00,.00,0,,168:00,0,.00,.00,,,,,,,,,,,,,,,,,,,,,
2026-27,msoc,New England Small College Athletic Conference (NESCAC),nescac,Colby,"Del Col, Austin",Austin,Del Col,,151,"Del Col, Austin","DEL COL,AUSTIN",Colby,COLBY,1123-3459,1,0,35,0,35,0,0,0,0,1,1,0,0,0,.00,.00,1.00,.000,1.000,0,0,0,0,0,0,0,.000,1,0,0,0,1.00,.00,.00,.00,0,,15:00,0,.00,.00,,,,,,,,,,,,,,,,,,,,,
2026-27,msoc,New England Small College Athletic Conference (NESCAC),nescac,Colby,"Hersh, Maxim",Maxim,Hersh,,151,"Hersh, Maxim","HERSH,MAXIM",Colby,COLBY,1123-3466,3,0,36,0,36,0,0,0,0,0,0,0,0,0,.00,.00,.00,.000,.000,0,0,0,0,0,0,0,.000,1,0,0,0,.33,.00,.00,.00,0,,104:00,0,.00,.00,,,,,,,,,,,,,,,,,,,,,
2026-27,msoc,New England Small College Athletic Conference (NESCAC),nescac,Colby,"Davenport, Stephen",Stephen,Davenport,,151,"Davenport, Stephen","DAVENPORT,STEPHEN",Colby,COLBY,1123-3461,2,0,38,0,38,0,0,0,0,0,0,0,0,0,.00,.00,.00,.000,.000,0,0,0,0,0,0,0,.000,0,0,0,0,.00,.00,.00,.00,0,,38:00,0,.00,.00,,,,,,,,,,,,,,,,,,,,,
2026-27,msoc,New England Small College Athletic Conference (NESCAC),nescac,Trinity,"Gebhardt, Julian",Julian,Gebhardt,,713,"Gebhardt, Julian","GEBHARDT,JULIAN",Trinity,TRIN,1127-5781,0,0,00,0,00,0,0,0,0,0,0,0,0,0,.00,.00,.00,.000,.000,0,0,0,0,0,0,0,.000,0,0,0,0,.00,.00,.00,.00,0,,00:00,0,.00,.00,,,,,,,,,,,,,,,,,,,,,
2026-27,msoc,New England Small College Athletic Conference (NESCAC),nescac,Trinity,"Leach, Jackson",Jackson,Leach,,713,"Leach, Jackson","LEACH,JACKSON",Trinity,TRIN,1127-5579,1,0,1,0,1,0,0,0,0,0,0,0,0,0,.00,.00,.00,.000,.000,0,0,0,0,0,0,0,.000,0,0,0,0,.00,.00,.00,.00,0,,28:00,0,.00,.00,,1,0,0,0,0,0.0,0.00,0,0,28:15,0,1,.00,0.000,.000,.00,,,,
2026-27,msoc,New England Small College Athletic Conference (NESCAC),nescac,Trinity,"Balzano, Gianluca",Gianluca,Balzano,,713,"Balzano, Gianluca","BALZANO,GIANLUCA",Trinity,TRIN,1127-5785,0,0,22,0,22,0,0,0,0,0,0,0,0,0,.00,.00,.00,.000,.000,0,0,0,0,0,0,0,.000,0,0,0,0,.00,.00,.00,.00,0,,00:00,0,.00,.00,,,,,,,,,,,,,,,,,,,,,
2026-27,msoc,New England Small College Athletic Conference (NESCAC),nescac,Trinity,"Davis, Jake",Jake,Davis,,713,"Davis, Jake","DAVIS,JAKE",Trinity,TRIN,1127-5792,8,8,50,0,50,0,0,0,0,1,1,0,0,0,.00,.00,.13,.000,.125,0,0,0,0,0,0,0,.000,1,0,1,0,.13,.13,.00,.00,0,,692:00,0,.00,.00,,75,0,3,5,4,.800,0.65,20,5,691:45,8,8,.63,0.800,.500,2.50,,,,
2026-27,msoc,New England Small College Athletic Conference (NESCAC),nescac,Trinity,"Myers, Owen",Owen,Myers,,713,"Myers, Owen","MYERS,OWEN",Trinity,TRIN,1127-4997,7,4,3,0,3,0,0,2,3,3,3,0,0,0,.43,.29,.43,.000,.429,2,0,0,0,0,0,0,.000,5,0,0,0,.71,.00,.00,.00,0,,299:00,0,.00,.00,,,,,,,,,,,,,,,,,,,,,
2026-27,msoc,New England Small College Athletic Conference (NESCAC),nescac,Trinity,"Duncanson, Sam",Sam,Duncanson,,713,"Duncanson, Sam","DUNCANSON,SAM",Trinity,TRIN,1127-5292,8,7,4,0,4,0,0,3,5,4,0,2,0,0,.63,.38,.50,.250,.000,1,0,0,0,0,0,0,.000,4,0,1,0,.50,.13,.00,.00,0,,301:00,0,.00,.00,,,,,,,,,,,,,,,,,,,,,
2026-27,msoc,New England Small College Athletic Conference (NESCAC),nescac,Trinity,"Buchanan, Graham",Graham,Buchanan,,713,"Buchanan, Graham","BUCHANAN,GRAHAM",Trinity,TRIN,1127-5289,7,6,5,0,5,0,0,0,0,0,0,0,0,0,.00,.00,.00,.000,.000,0,0,0,0,0,0,0,.000,3,0,1,0,.43,.14,.00,.00,0,,331:00,0,.00,.00,,,,,,,,,,,,,,,,,,,,,
2026-27,msoc,New England Small College Athletic Conference (NESCAC),nescac,Trinity,"Murphy, Jack",Jack,Murphy,,713,"Murphy, Jack","MURPHY,JACK",Trinity,TRIN,1127-4996,8,8,6,0,6,0,0,7,17,7,3,2,1,1,2.13,.88,.88,.250,.375,5,0,0,0,1,1,0,.000,5,0,1,0,.63,.13,.00,.00,0,,697:00,0,.00,.00,,,,,,,,,,,,,,,,,,,,,
2026-27,msoc,New England Small College Athletic Conference (NESCAC),nescac,Trinity,"Singer, Sam",Sam,Singer,,713,"Singer, Sam","SINGER,SAM",Trinity,TRIN,1127-4998,6,2,7,0,7,0,0,5,5,2,0,1,0,0,.83,.83,.33,.167,.000,4,0,0,0,0,0,0,.000,2,0,0,0,.33,.00,.00,.00,0,,179:00,0,.00,.00,,,,,,,,,,,,,,,,,,,,,
2026-27,msoc,New England Small College Athletic Conference (NESCAC),nescac,Trinity,"Spiro, Collin",Collin,Spiro,,713,"Spiro, Collin","SPIRO,COLLIN",Trinity,TRIN,1127-5297,4,1,8,0,8,0,0,0,1,0,0,0,0,0,.25,.00,.00,.000,.000,0,0,0,0,0,0,0,.000,0,0,0,0,.00,.00,.00,.00,0,,76:00,0,.00,.00,,,,,,,,,,,,,,,,,,,,,
2026-27,msoc,New England Small College Athletic Conference (NESCAC),nescac,Trinity,"Rizk, Nadeem",Nadeem,Rizk,,713,"Rizk, Nadeem","RIZK,NADEEM",Trinity,TRIN,1127-5294,3,2,9,0,9,0,0,1,3,0,0,0,0,0,1.00,.33,.00,.000,.000,1,0,0,0,0,0,0,.000,3,0,0,0,1.00,.00,.00,.00,0,,134:00,0,.00,.00,,,,,,,,,,,,,,,,,,,,,
2026-27,msoc,New England Small College Athletic Conference (NESCAC),nescac,Trinity,"Lawrence, Silas",Silas,Lawrence,,713,"Lawrence, Silas","LAWRENCE,SILAS",Trinity,TRIN,1127-5580,7,7,10,0,10,0,0,1,7,1,1,0,0,0,1.00,.14,.14,.000,.143,1,0,0,0,0,0,0,.000,8,0,1,0,1.14,.14,.00,.00,0,,501:00,0,.00,.00,,,,,,,,,,,,,,,,,,,,,
2026-27,msoc,New England Small College Athletic Conference (NESCAC),nescac,Trinity,"Ivey, Shane",Shane,Ivey,,713,"Ivey, Shane","IVEY,SHANE",Trinity,TRIN,1127-4995,5,2,11,0,11,0,0,5,6,3,1,1,0,0,1.20,1.00,.60,.200,.200,4,0,0,0,0,1,0,.000,3,0,0,0,.60,.00,.00,.00,0,,170:00,0,.00,.00,,,,,,,,,,,,,,,,,,,,,
2026-27,msoc,New England Small College Athletic Conference (NESCAC),nescac,Trinity,"Miller, Sebastian",Sebastian,Miller,,713,"Miller, Sebastian","MILLER,SEBASTIAN",Trinity,TRIN,1127-5293,3,0,12,0,12,0,0,1,1,2,0,1,0,0,.33,.33,.67,.333,.000,0,0,0,0,0,1,0,.000,0,0,0,0,.00,.00,.00,.00,0,,61:00,0,.00,.00,,,,,,,,,,,,,,,,,,,,,
2026-27,msoc,New England Small College Athletic Conference (NESCAC),nescac,Trinity,"Martinez-Moule, Sebastian",Sebastian,Martinez-Moule,,713,"Martinez-Moule, Sebastian","MARTINEZ-MOULE,SEBASTIAN",Trinity,TRIN,1127-5782,8,6,13,0,13,0,0,3,9,6,4,1,0,0,1.13,.38,.75,.125,.500,2,0,0,0,1,0,1,.125,2,0,0,0,.25,.00,.00,.00,0,,316:00,0,.00,.00,,,,,,,,,,,,,,,,,,,,,
2026-27,msoc,New England Small College Athletic Conference (NESCAC),nescac,Trinity,"Saruwaka, Trevor",Trevor,Saruwaka,,713,"Saruwaka, Trevor","SARUWAKA,TREVOR",Trinity,TRIN,1127-5581,8,8,14,0,14,0,0,6,17,5,1,2,1,1,2.13,.75,.63,.250,.125,4,0,0,0,1,1,1,.125,8,0,2,0,1.00,.25,.00,.00,0,,586:00,0,.00,.00,,,,,,,,,,,,,,,,,,,,,
2026-27,msoc,New England Small College Athletic Conference (NESCAC),nescac,Trinity,"Day, Olin",Olin,Day,,713,"Day, Olin","DAY,OLIN",Trinity,TRIN,1127-5582,7,1,15,0,15,0,0,0,0,0,0,0,0,0,.00,.00,.00,.000,.000,0,0,0,0,0,0,0,.000,3,0,0,0,.43,.00,.00,.00,0,,329:00,0,.00,.00,,,,,,,,,,,,,,,,,,,,,
2026-27,msoc,New England Small College Athletic Conference (NESCAC),nescac,Trinity,"Reilly, Dillon",Dillon,Reilly,,713,"Reilly, Dillon","REILLY,DILLON",Trinity,TRIN,1127-5576,8,1,16,0,16,0,0,5,12,0,0,0,0,0,1.50,.63,.00,.000,.000,5,0,0,0,0,0,0,.000,8,0,1,0,1.00,.13,.00,.00,0,,336:00,0,.00,.00,,,,,,,,,,,,,,,,,,,,,
2026-27,msoc,New England Small College Athletic Conference (NESCAC),nescac,Trinity,"Rupprecht, Boden",Boden,Rupprecht,,713,"Rupprecht, Boden","RUPPRECHT,BODEN",Trinity,TRIN,1127-5577,8,1,17,0,17,0,0,1,2,0,0,0,0,0,.25,.13,.00,.000,.000,1,0,0,0,0,0,0,.000,4,0,1,0,.50,.13,.00,.00,0,,185:00,0,.00,.00,,,,,,,,,,,,,,,,,,,,,
2026-27,msoc,New England Small College Athletic Conference (NESCAC),nescac,Trinity,"Crawford, Alexander",Alexander,Crawford,,713,"Crawford, Alexander","CRAWFORD,ALEXANDER",Trinity,TRIN,1127-5578,7,2,18,0,18,0,0,2,4,1,1,0,0,0,.57,.29,.14,.000,.143,2,0,0,0,0,0,0,.000,0,0,0,0,.00,.00,.00,.00,0,,220:00,0,.00,.00,,,,,,,,,,,,,,,,,,,,,
2026-27,msoc,New England Small College Athletic Conference (NESCAC),nescac,Trinity,"Desautels, Charles",Charles,Desautels,,713,"Desautels, Charles","DESAUTELS,CHARLES",Trinity,TRIN,1127-5783,8,0,19,0,19,0,0,9,14,10,0,5,0,0,1.75,1.13,1.25,.625,.000,4,0,1,0,2,0,2,.250,3,0,0,0,.38,.00,.00,.00,0,,304:00,0,.00,.00,,,,,,,,,,,,,,,,,,,,,
2026-27,msoc,New England Small College Athletic Conference (NESCAC),nescac,Trinity,"Wagner, Dieder",Dieder,Wagner,,713,"Wagner, Dieder","WAGNER,DIEDER",Trinity,TRIN,1127-5298,8,8,20,0,20,0,0,0,0,0,0,0,0,0,.00,.00,.00,.000,.000,0,0,0,0,0,0,0,.000,5,0,2,0,.63,.25,.00,.00,0,,675:00,0,.00,.00,,,,,,,,,,,,,,,,,,,,,
2026-27,msoc,New England Small College Athletic Conference (NESCAC),nescac,Trinity,"Manon, Joaquin",Joaquin,Manon,,713,"Manon, Joaquin","MANON,JOAQUIN",Trinity,TRIN,1127-5784,5,5,21,0,21,0,0,0,5,0,0,0,0,0,1.00,.00,.00,.000,.000,0,0,0,0,0,0,0,.000,10,0,1,0,2.00,.20,.00,.00,0,,423:00,0,.00,.00,,,,,,,,,,,,,,,,,,,,,
2026-27,msoc,New England Small College Athletic Conference (NESCAC),nescac,Trinity,"McLeod, Matt",Matt,McLeod,,713,"McLeod, Matt","MCLEOD,MATT",Trinity,TRIN,1127-5786,6,4,23,0,23,0,0,1,2,3,1,1,0,0,.33,.17,.50,.167,.167,0,0,0,0,0,1,0,.000,1,0,0,0,.17,.00,.00,.00,0,,374:00,0,.00,.00,,,,,,,,,,,,,,,,,,,,,
2026-27,msoc,New England Small College Athletic Conference (NESCAC),nescac,Trinity,"Lawrence, Wallace",Wallace,Lawrence,,713,"Lawrence, Wallace","LAWRENCE,WALLACE",Trinity,TRIN,1127-5787,8,3,24,0,24,0,0,3,8,0,0,0,0,0,1.00,.38,.00,.000,.000,3,0,0,0,0,0,0,.000,11,0,1,0,1.38,.13,.00,.00,0,,357:00,0,.00,.00,,,,,,,,,,,,,,,,,,,,,
2026-27,msoc,New England Small College Athletic Conference (NESCAC),nescac,Trinity,"Lyon, Andrew",Andrew,Lyon,,713,"Lyon, Andrew","LYON,ANDREW",Trinity,TRIN,1127-5788,4,0,25,0,25,0,0,0,0,0,0,0,0,0,.00,.00,.00,.000,.000,0,0,0,0,0,0,0,.000,0,0,1,0,.00,.25,.00,.00,0,,48:00,0,.00,.00,,,,,,,,,,,,,,,,,,,,,
2026-27,msoc,New England Small College Athletic Conference (NESCAC),nescac,Trinity,"Bannon, Marco",Marco,Bannon,,713,"Bannon, Marco","BANNON,MARCO",Trinity,TRIN,1127-5789,2,0,26,0,26,0,0,0,0,0,0,0,0,0,.00,.00,.00,.000,.000,0,0,0,0,0,0,0,.000,0,0,0,0,.00,.00,.00,.00,0,,59:00,0,.00,.00,,,,,,,,,,,,,,,,,,,,,
2026-27,msoc,New England Small College Athletic Conference (NESCAC),nescac,Trinity,"Abisogun, TJ",TJ,Abisogun,,713,"Abisogun, TJ","ABISOGUN,TJ",Trinity,TRIN,1127-5790,0,0,27,0,27,0,0,0,0,0,0,0,0,0,.00,.00,.00,.000,.000,0,0,0,0,0,0,0,.000,0,0,0,0,.00,.00,.00,.00,0,,00:00,0,.00,.00,,,,,,,,,,,,,,,,,,,,,
2026-27,msoc,New England Small College Athletic Conference (NESCAC),nescac,Trinity,"Linehan, Cameron",Cameron,Linehan,,713,"Linehan, Cameron","LINEHAN,CAMERON",Trinity,TRIN,1127-5791,7,2,28,0,28,0,0,5,7,2,0,1,0,0,1.00,.71,.29,.143,.000,4,0,0,0,1,0,1,.143,7,0,0,0,1.00,.00,.00,.00,0,,226:00,0,.00,.00,,,,,,,,,,,,,,,,,,,,,
2026-27,msoc,New England Small College Athletic Conference (NESCAC),nescac,Wesleyan,"Hayward, Alex",Alex,Hayward,,764,"Hayward, Alex","HAYWARD,ALEX",Wesleyan,WES,1130-6774,1,0,0,0,0,0,0,0,0,0,0,0,0,0,.00,.00,.00,.000,.000,0,0,0,0,0,0,0,.000,1,0,0,0,1.00,.00,.00,.00,0,,10:00,0,.00,.00,,1,0,0,0,0,0.0,0.00,0,0,10:56,0,1,.00,0.000,.000,.00,,,,
2026-27,msoc,New England Small College Athletic Conference (NESCAC),nescac,Wesleyan,"Rebstock, Simon",Simon,Rebstock,,764,"Rebstock, Simon","REBSTOCK,SIMON",Wesleyan,WES,1130-7089,1,1,1,0,1,0,0,0,0,0,0,0,0,0,.00,.00,.00,.000,.000,0,0,0,0,0,0,0,.000,0,0,0,0,.00,.00,.00,.00,0,,90:00,0,.00,.00,,10,0,0,1,0,.333,2.00,1,2,90:00,1,1,2.00,0.333,.000,1.00,,,,
2026-27,msoc,New England Small College Athletic Conference (NESCAC),nescac,Wesleyan,"White, Thayer",Thayer,White,,764,"White, Thayer","WHITE,THAYER",Wesleyan,WES,1130-7094,0,0,30,0,30,0,0,0,0,0,0,0,0,0,.00,.00,.00,.000,.000,0,0,0,0,0,0,0,.000,0,0,0,0,.00,.00,.00,.00,0,,00:00,0,.00,.00,,,,,,,,,,,,,,,,,,,,,
2026-27,msoc,New England Small College Athletic Conference (NESCAC),nescac,Wesleyan,"Reynolds, Sam",Sam,Reynolds,,764,"Reynolds, Sam","REYNOLDS,SAM",Wesleyan,WES,1130-7360,0,0,50,0,50,0,0,0,0,0,0,0,0,0,.00,.00,.00,.000,.000,0,0,0,0,0,0,0,.000,0,0,0,0,.00,.00,.00,.00,0,,00:00,0,.00,.00,,,,,,,,,,,,,,,,,,,,,
2026-27,msoc,New England Small College Athletic Conference (NESCAC),nescac,Wesleyan,"Adiutori, Sam",Sam,Adiutori,,764,"Adiutori, Sam","ADIUTORI,SAM",Wesleyan,WES,1130-6782,6,6,99,0,99,0,0,0,0,0,0,0,0,0,.00,.00,.00,.000,.000,0,0,0,0,0,0,0,.000,0,0,0,0,.00,.00,.00,.00,0,,530:00,0,.00,.00,,48,1,2,3,2,.833,0.68,20,4,529:04,6,6,.67,0.833,.333,3.33,,,,
2026-27,msoc,New England Small College Athletic Conference (NESCAC),nescac,Wesleyan,"Gonzales, Gabriel",Gabriel,Gonzales,,764,"Gonzales, Gabriel","GONZALES,GABRIEL",Wesleyan,WES,1130-6775,1,0,2,0,2,0,0,0,0,0,0,0,0,0,.00,.00,.00,.000,.000,0,0,0,0,0,0,0,.000,0,0,0,0,.00,.00,.00,.00,0,,03:00,0,.00,.00,,,,,,,,,,,,,,,,,,,,,
2026-27,msoc,New England Small College Athletic Conference (NESCAC),nescac,Wesleyan,"Short, Will",Will,Short,,764,"Short, Will","SHORT,WILL",Wesleyan,WES,1130-7361,2,0,3,0,3,0,0,0,0,0,0,0,0,0,.00,.00,.00,.000,.000,0,0,0,0,0,0,0,.000,0,0,0,0,.00,.00,.00,.00,0,,26:00,0,.00,.00,,,,,,,,,,,,,,,,,,,,,
2026-27,msoc,New England Small College Athletic Conference (NESCAC),nescac,Wesleyan,"Una, Felipe",Felipe,Una,,764,"Una, Felipe","UNA,FELIPE",Wesleyan,WES,1130-7364,4,1,4,0,4,0,0,0,1,0,0,0,0,0,.25,.00,.00,.000,.000,0,0,0,0,0,0,0,.000,1,0,0,0,.25,.00,.00,.00,0,,141:00,0,.00,.00,,,,,,,,,,,,,,,,,,,,,
2026-27,msoc,New England Small College Athletic Conference (NESCAC),nescac,Wesleyan,"Feldman, Zach",Zach,Feldman,,764,"Feldman, Zach","FELDMAN,ZACH",Wesleyan,WES,1130-6590,7,7,5,0,5,0,0,0,0,1,1,0,0,0,.00,.00,.14,.000,.143,0,0,0,0,0,0,0,.000,3,0,2,0,.43,.29,.00,.00,0,,609:00,0,.00,.00,,,,,,,,,,,,,,,,,,,,,
2026-27,msoc,New England Small College Athletic Conference (NESCAC),nescac,Wesleyan,"Clack, Dylan",Dylan,Clack,,764,"Clack, Dylan","CLACK,DYLAN",Wesleyan,WES,1130-6593,6,6,6,0,6,0,0,3,4,2,0,1,0,0,.67,.50,.33,.167,.000,2,0,0,0,0,0,0,.000,4,0,0,0,.67,.00,.00,.00,0,,465:00,0,.00,.00,,,,,,,,,,,,,,,,,,,,,
2026-27,msoc,New England Small College Athletic Conference (NESCAC),nescac,Wesleyan,"Zalatimo, Marwan",Marwan,Zalatimo,,764,"Zalatimo, Marwan","ZALATIMO,MARWAN",Wesleyan,WES,1130-7366,2,0,7,0,7,0,0,1,1,0,0,0,0,0,.50,.50,.00,.000,.000,1,0,0,0,0,0,0,.000,1,0,0,0,.50,.00,.00,.00,0,,44:00,0,.00,.00,,,,,,,,,,,,,,,,,,,,,
2026-27,msoc,New England Small College Athletic Conference (NESCAC),nescac,Wesleyan,"Saeed, Yousuf",Yousuf,Saeed,,764,"Saeed, Yousuf","SAEED,YOUSUF",Wesleyan,WES,1130-6592,7,7,8,0,8,0,0,11,29,9,1,4,0,0,4.14,1.57,1.29,.571,.143,7,1,0,0,1,1,1,.143,7,0,1,0,1.00,.14,.00,.00,0,,470:00,0,.00,.00,,,,,,,,,,,,,,,,,,,,,
2026-27,msoc,New England Small College Athletic Conference (NESCAC),nescac,Wesleyan,"Fergus, Niall",Niall,Fergus,,764,"Fergus, Niall","FERGUS,NIALL",Wesleyan,WES,1130-6591,7,2,9,0,9,0,0,1,7,4,2,1,0,0,1.00,.14,.57,.143,.286,0,0,0,0,1,0,1,.143,2,0,1,0,.29,.14,.00,.00,0,,273:00,0,.00,.00,,,,,,,,,,,,,,,,,,,,,
2026-27,msoc,New England Small College Athletic Conference (NESCAC),nescac,Wesleyan,"Jennings, Joshwin",Joshwin,Jennings,,764,"Jennings, Joshwin","JENNINGS,JOSHWIN",Wesleyan,WES,1130-6597,7,5,10,0,10,0,0,7,16,4,0,2,0,0,2.29,1.00,.57,.286,.000,5,1,0,0,1,1,0,.000,3,0,0,0,.43,.00,.00,.00,0,,370:00,0,.00,.00,,,,,,,,,,,,,,,,,,,,,
2026-27,msoc,New England Small College Athletic Conference (NESCAC),nescac,Wesleyan,"Berman, Jacob",Jacob,Berman,,764,"Berman, Jacob","BERMAN,JACOB",Wesleyan,WES,1130-7356,0,0,11,0,11,0,0,0,0,0,0,0,0,0,.00,.00,.00,.000,.000,0,0,0,0,0,0,0,.000,0,0,0,0,.00,.00,.00,.00,0,,00:00,0,.00,.00,,,,,,,,,,,,,,,,,,,,,
2026-27,msoc,New England Small College Athletic Conference (NESCAC),nescac,Wesleyan,"Watson, Connor",Connor,Watson,,764,"Watson, Connor","WATSON,CONNOR",Wesleyan,WES,1130-7093,4,0,12,0,12,0,0,1,2,0,0,0,0,0,.50,.25,.00,.000,.000,1,0,0,0,0,0,0,.000,1,0,0,0,.25,.00,.00,.00,0,,98:00,0,.00,.00,,,,,,,,,,,,,,,,,,,,,
2026-27,msoc,New England Small College Athletic Conference (NESCAC),nescac,Wesleyan,"Bates, Chris",Chris,Bates,,764,"Bates, Chris","BATES,CHRIS",Wesleyan,WES,1130-7081,0,0,13,0,13,0,0,0,0,0,0,0,0,0,.00,.00,.00,.000,.000,0,0,0,0,0,0,0,.000,0,0,0,0,.00,.00,.00,.00,0,,00:00,0,.00,.00,,,,,,,,,,,,,,,,,,,,,
2026-27,msoc,New England Small College Athletic Conference (NESCAC),nescac,Wesleyan,"Knotek, Will",Will,Knotek,,764,"Knotek, Will","KNOTEK,WILL",Wesleyan,WES,1130-7359,0,0,14,0,14,0,0,0,0,0,0,0,0,0,.00,.00,.00,.000,.000,0,0,0,0,0,0,0,.000,0,0,0,0,.00,.00,.00,.00,0,,00:00,0,.00,.00,,,,,,,,,,,,,,,,,,,,,
2026-27,msoc,New England Small College Athletic Conference (NESCAC),nescac,Wesleyan,"Carrillo, Nico",Nico,Carrillo,,764,"Carrillo, Nico","CARRILLO,NICO",Wesleyan,WES,1130-7082,1,0,15,0,15,0,0,0,0,0,0,0,0,0,.00,.00,.00,.000,.000,0,0,0,0,0,0,0,.000,0,0,0,0,.00,.00,.00,.00,0,,10:00,0,.00,.00,,,,,,,,,,,,,,,,,,,,,
2026-27,msoc,New England Small College Athletic Conference (NESCAC),nescac,Wesleyan,"Cauvin, Julian",Julian,Cauvin,,764,"Cauvin, Julian","CAUVIN,JULIAN",Wesleyan,WES,1130-7084,7,7,16,0,16,0,0,6,9,4,2,1,0,0,1.29,.86,.57,.143,.286,5,0,0,0,0,0,0,.000,2,0,0,0,.29,.00,.00,.00,0,,449:00,0,.00,.00,,,,,,,,,,,,,,,,,,,,,
2026-27,msoc,New England Small College Athletic Conference (NESCAC),nescac,Wesleyan,"Harvey, Riley",Riley,Harvey,,764,"Harvey, Riley","HARVEY,RILEY",Wesleyan,WES,1130-7087,7,7,17,0,17,0,0,4,5,1,1,0,0,0,.71,.57,.14,.000,.143,4,0,0,0,0,0,0,.000,5,0,0,0,.71,.00,.00,.00,0,,584:00,0,.00,.00,,,,,,,,,,,,,,,,,,,,,
2026-27,msoc,New England Small College Athletic Conference (NESCAC),nescac,Wesleyan,"SennMcNally, John",John,SennMcNally,,764,"SennMcNally, John","SENNMCNALLY,JOHN",Wesleyan,WES,1130-6777,6,6,18,0,18,0,0,2,2,0,0,0,0,0,.33,.33,.00,.000,.000,2,0,0,0,0,0,0,.000,4,0,0,0,.67,.00,.00,.00,0,,525:00,0,.00,.00,,,,,,,,,,,,,,,,,,,,,
2026-27,msoc,New England Small College Athletic Conference (NESCAC),nescac,Wesleyan,"Sprenkle, Wyatt",Wyatt,Sprenkle,,764,"Sprenkle, Wyatt","SPRENKLE,WYATT",Wesleyan,WES,1130-7091,2,0,19,0,19,0,0,0,0,0,0,0,0,0,.00,.00,.00,.000,.000,0,0,0,0,0,0,0,.000,0,0,0,0,.00,.00,.00,.00,0,,15:00,0,.00,.00,,,,,,,,,,,,,,,,,,,,,
2026-27,msoc,New England Small College Athletic Conference (NESCAC),nescac,Wesleyan,"Monaghan, Tyler",Tyler,Monaghan,,764,"Monaghan, Tyler","MONAGHAN,TYLER",Wesleyan,WES,1130-7095,1,0,21,0,21,0,0,0,0,0,0,0,0,0,.00,.00,.00,.000,.000,0,0,0,0,0,0,0,.000,0,0,0,0,.00,.00,.00,.00,0,,03:00,0,.00,.00,,,,,,,,,,,,,,,,,,,,,
2026-27,msoc,New England Small College Athletic Conference (NESCAC),nescac,Wesleyan,"Cash, Ford",Ford,Cash,,764,"Cash, Ford","CASH,FORD",Wesleyan,WES,1130-7083,7,7,22,0,22,0,0,6,12,9,3,3,0,0,1.71,.86,1.29,.429,.429,3,0,0,0,0,0,2,.286,4,0,0,0,.57,.00,.00,.00,0,,477:00,0,.00,.00,,,,,,,,,,,,,,,,,,,,,
2026-27,msoc,New England Small College Athletic Conference (NESCAC),nescac,Wesleyan,"Wheeler, Sam",Sam,Wheeler,,764,"Wheeler, Sam","WHEELER,SAM",Wesleyan,WES,1130-6598,7,0,23,0,23,0,0,1,5,2,0,1,0,0,.71,.14,.29,.143,.000,0,0,0,0,0,0,0,.000,2,0,0,0,.29,.00,.00,.00,0,,199:00,0,.00,.00,,,,,,,,,,,,,,,,,,,,,
2026-27,msoc,New England Small College Athletic Conference (NESCAC),nescac,Wesleyan,"Londergan, Aiden",Aiden,Londergan,,764,"Londergan, Aiden","LONDERGAN,AIDEN",Wesleyan,WES,1130-6599,7,7,24,0,24,0,0,5,8,4,2,1,1,1,1.14,.71,.57,.143,.286,4,0,0,0,0,1,0,.000,2,0,2,0,.29,.29,.00,.00,0,,512:00,0,.00,.00,,,,,,,,,,,,,,,,,,,,,
2026-27,msoc,New England Small College Athletic Conference (NESCAC),nescac,Wesleyan,"Emehelu, Nnamdi",Nnamdi,Emehelu,,764,"Emehelu, Nnamdi","EMEHELU,NNAMDI",Wesleyan,WES,1130-7085,7,6,25,0,25,0,0,1,5,1,1,0,0,0,.71,.14,.14,.000,.143,1,0,0,0,0,0,0,.000,3,0,1,0,.43,.14,.00,.00,0,,553:00,0,.00,.00,,,,,,,,,,,,,,,,,,,,,
2026-27,msoc,New England Small College Athletic Conference (NESCAC),nescac,Wesleyan,"Golosovker, Max",Max,Golosovker,,764,"Golosovker, Max","GOLOSOVKER,MAX",Wesleyan,WES,1130-7086,1,0,26,0,26,0,0,0,0,0,0,0,0,0,.00,.00,.00,.000,.000,0,0,0,0,0,0,0,.000,1,0,0,0,1.00,.00,.00,.00,0,,30:00,0,.00,.00,,,,,,,,,,,,,,,,,,,,,
2026-27,msoc,New England Small College Athletic Conference (NESCAC),nescac,Wesleyan,"Schindler, Jacob",Jacob,Schindler,,764,"Schindler, Jacob","SCHINDLER,JACOB",Wesleyan,WES,1130-7090,6,2,27,0,27,0,0,0,1,0,0,0,0,0,.17,.00,.00,.000,.000,0,0,0,0,0,0,0,.000,4,0,0,0,.67,.00,.00,.00,0,,268:00,0,.00,.00,,,,,,,,,,,,,,,,,,,,,
2026-27,msoc,New England Small College Athletic Conference (NESCAC),nescac,Wesleyan,"Tsay, Colin",Colin,Tsay,,764,"Tsay, Colin","TSAY,COLIN",Wesleyan,WES,1130-6595,0,0,28,0,28,0,0,0,0,0,0,0,0,0,.00,.00,.00,.000,.000,0,0,0,0,0,0,0,.000,0,0,0,0,.00,.00,.00,.00,0,,00:00,0,.00,.00,,,,,,,,,,,,,,,,,,,,,
2026-27,msoc,New England Small College Athletic Conference (NESCAC),nescac,Wesleyan,"Wilmot, Davis",Davis,Wilmot,,764,"Wilmot, Davis","WILMOT,DAVIS",Wesleyan,WES,1130-6781,0,0,29,0,29,0,0,0,0,0,0,0,0,0,.00,.00,.00,.000,.000,0,0,0,0,0,0,0,.000,0,0,0,0,.00,.00,.00,.00,0,,00:00,0,.00,.00,,,,,,,,,,,,,,,,,,,,,
2026-27,msoc,New England Small College Athletic Conference (NESCAC),nescac,Wesleyan,"Suarez, Gabriel",Gabriel,Suarez,,764,"Suarez, Gabriel","SUAREZ,GABRIEL",Wesleyan,WES,1130-7362,1,0,31,0,31,0,0,0,0,0,0,0,0,0,.00,.00,.00,.000,.000,0,0,0,0,0,0,0,.000,0,0,0,0,.00,.00,.00,.00,0,,10:00,0,.00,.00,,,,,,,,,,,,,,,,,,,,,
2026-27,msoc,New England Small College Athletic Conference (NESCAC),nescac,Wesleyan,"Jones, TJ",TJ,Jones,,764,"Jones, TJ","JONES,TJ",Wesleyan,WES,1130-7358,4,0,32,0,32,0,0,0,1,0,0,0,0,0,.25,.00,.00,.000,.000,0,0,0,0,0,0,0,.000,2,0,0,0,.50,.00,.00,.00,0,,66:00,0,.00,.00,,,,,,,,,,,,,,,,,,,,,
2026-27,msoc,New England Small College Athletic Conference (NESCAC),nescac,Wesleyan,"Tobias, Luke",Luke,Tobias,,764,"Tobias, Luke","TOBIAS,LUKE",Wesleyan,WES,1130-7363,0,0,33,0,33,0,0,0,0,0,0,0,0,0,.00,.00,.00,.000,.000,0,0,0,0,0,0,0,.000,0,0,0,0,.00,.00,.00,.00,0,,00:00,0,.00,.00,,,,,,,,,,,,,,,,,,,,,
2026-27,msoc,New England Small College Athletic Conference (NESCAC),nescac,Wesleyan,"Gibbons, Jack",Jack,Gibbons,,764,"Gibbons, Jack","GIBBONS,JACK",Wesleyan,WES,1130-7357,0,0,34,0,34,0,0,0,0,0,0,0,0,0,.00,.00,.00,.000,.000,0,0,0,0,0,0,0,.000,0,0,0,0,.00,.00,.00,.00,0,,00:00,0,.00,.00,,,,,,,,,,,,,,,,,,,,,
2026-27,msoc,New England Small College Athletic Conference (NESCAC),nescac,Wesleyan,"Naughton, Lucien",Lucien,Naughton,,764,"Naughton, Lucien","NAUGHTON,LUCIEN",Wesleyan,WES,1130-7088,0,0,35,0,35,0,0,0,0,0,0,0,0,0,.00,.00,.00,.000,.000,0,0,0,0,0,0,0,.000,0,0,0,0,.00,.00,.00,.00,0,,00:00,0,.00,.00,,,,,,,,,,,,,,,,,,,,,
2026-27,msoc,New England Small College Athletic Conference (NESCAC),nescac,Wesleyan,"Westlund, Rafe",Rafe,Westlund,,764,"Westlund, Rafe","WESTLUND,RAFE",Wesleyan,WES,1130-7365,0,0,36,0,36,0,0,0,0,0,0,0,0,0,.00,.00,.00,.000,.000,0,0,0,0,0,0,0,.000,0,0,0,0,.00,.00,.00,.00,0,,00:00,0,.00,.00,,,,,,,,,,,,,,,,,,,,,
2026-27,msoc,New England Small College Athletic Conference (NESCAC),nescac,Wesleyan,Samuel Vuvu,Samuel,Vuvu,,764,Samuel Vuvu,"VUVU,SAMUEL",Wesleyan,WES,0,0,0,20,0,20,,,,,,,,,,,,,,,,,,,,,,,,,,,,,,,,,,,,,,,,,,,,,,,,,,,,,,,,,
2026-27,msoc,New England Small College Athletic Conference (NESCAC),nescac,Wesleyan,Thomas Jones,Thomas,Jones,,764,Thomas Jones,"JONES,THOMAS",Wesleyan,WES,0,1,0,32,0,32,0,0,0,0,0,0,0,0,0,.00,.00,.00,.000,.000,0,0,0,0,0,0,0,.000,0,0,0,0,.00,.00,.00,.00,0,,38:00,0,.00,.00,,,,,,,,,,,,,,,,,,,,,
2026-27,msoc,New England Small College Athletic Conference (NESCAC),nescac,Tufts,"Kelley, Jack",Jack,Kelley,,717,"Kelley, Jack","KELLEY,JACK",Tufts,TUFT,0,1,0,0,0,0,0,0,0,0,0,0,0,0,0,.00,.00,.00,.000,.000,0,0,0,0,0,0,0,.000,0,0,0,0,.00,.00,.00,.00,0,,09:00,0,.00,.00,,4,0,0,0,0,1.000,0.00,2,0,09:44,0,1,.00,1.000,.000,2.00,,,,
2026-27,msoc,New England Small College Athletic Conference (NESCAC),nescac,Tufts,"Antic, Nikola",Nikola,Antic,,717,"Antic, Nikola","ANTIC,NIKOLA",Tufts,TUFT,0,7,7,1,0,1,0,0,0,0,0,0,0,0,0,.00,.00,.00,.000,.000,0,0,0,0,0,0,0,.000,0,0,0,0,.00,.00,.00,.00,0,,615:00,0,.00,.00,,55,2,1,4,3,.846,0.59,22,4,614:36,7,7,.57,0.846,.429,3.14,,,,
2026-27,msoc,New England Small College Athletic Conference (NESCAC),nescac,Tufts,"Marotta, David",David,Marotta,,717,"Marotta, David","MAROTTA,DAVID",Tufts,TUFT,0,0,0,36,0,36,0,0,0,0,0,0,0,0,0,.00,.00,.00,.000,.000,0,0,0,0,0,0,0,.000,0,0,0,0,.00,.00,.00,.00,0,,00:00,0,.00,.00,,,,,,,,,,,,,,,,,,,,,
2026-27,msoc,New England Small College Athletic Conference (NESCAC),nescac,Tufts,"Ballester, Julian",Julian,Ballester,,717,"Ballester, Julian","BALLESTER,JULIAN",Tufts,TUFT,0,2,1,38,0,38,0,0,0,0,0,0,0,0,0,.00,.00,.00,.000,.000,0,0,0,0,0,0,0,.000,0,0,0,0,.00,.00,.00,.00,0,,96:00,0,.00,.00,,11,0,0,1,0,1.000,0.00,3,0,95:40,1,2,.00,1.000,.000,1.50,,,,
2026-27,msoc,New England Small College Athletic Conference (NESCAC),nescac,Tufts,"Jones, Hayden",Hayden,Jones,,717,"Jones, Hayden","JONES,HAYDEN",Tufts,TUFT,0,0,0,2,0,2,0,0,0,0,0,0,0,0,0,.00,.00,.00,.000,.000,0,0,0,0,0,0,0,.000,0,0,0,0,.00,.00,.00,.00,0,,00:00,0,.00,.00,,,,,,,,,,,,,,,,,,,,,
2026-27,msoc,New England Small College Athletic Conference (NESCAC),nescac,Tufts,"Gray, Riley",Riley,Gray,,717,"Gray, Riley","GRAY,RILEY",Tufts,TUFT,0,8,6,3,0,3,0,0,0,0,1,1,0,0,0,.00,.00,.13,.000,.125,0,0,0,0,0,0,0,.000,5,0,0,0,.63,.00,.00,.00,0,,492:00,0,.00,.00,,,,,,,,,,,,,,,,,,,,,
2026-27,msoc,New England Small College Athletic Conference (NESCAC),nescac,Tufts,"Johnson, Alex",Alex,Johnson,,717,"Johnson, Alex","JOHNSON,ALEX",Tufts,TUFT,0,6,6,4,0,4,0,0,3,7,2,0,1,0,0,1.17,.50,.33,.167,.000,2,0,0,0,0,0,1,.167,5,0,0,0,.83,.00,.00,.00,0,,475:00,0,.00,.00,,,,,,,,,,,,,,,,,,,,,
2026-27,msoc,New England Small College Athletic Conference (NESCAC),nescac,Tufts,"Akhtarzandi-Das, Bijan",Bijan,Akhtarzandi-Das,,717,"Akhtarzandi-Das, Bijan","AKHTARZANDI-DAS,BIJAN",Tufts,TUFT,0,8,8,5,0,5,0,0,2,8,0,0,0,0,0,1.00,.25,.00,.000,.000,2,0,0,0,0,0,0,.000,3,0,0,0,.38,.00,.00,.00,0,,686:00,0,.00,.00,,,,,,,,,,,,,,,,,,,,,
2026-27,msoc,New England Small College Athletic Conference (NESCAC),nescac,Tufts,"Cornog, William",William,Cornog,,717,"Cornog, William","CORNOG,WILLIAM",Tufts,TUFT,0,8,8,6,0,6,0,0,2,4,3,1,1,1,1,.50,.25,.38,.125,.125,1,0,0,0,1,1,0,.000,8,0,1,0,1.00,.13,.00,.00,0,,599:00,0,.00,.00,,,,,,,,,,,,,,,,,,,,,
2026-27,msoc,New England Small College Athletic Conference (NESCAC),nescac,Tufts,"Denby, Ellis",Ellis,Denby,,717,"Denby, Ellis","DENBY,ELLIS",Tufts,TUFT,0,8,4,7,0,7,0,0,4,5,5,3,1,0,0,.63,.50,.63,.125,.375,3,0,0,0,0,0,0,.000,6,0,1,0,.75,.13,.00,.00,0,,479:00,0,.00,.00,,,,,,,,,,,,,,,,,,,,,
2026-27,msoc,New England Small College Athletic Conference (NESCAC),nescac,Tufts,"Yanez, Thomas",Thomas,Yanez,,717,"Yanez, Thomas","YANEZ,THOMAS",Tufts,TUFT,0,7,0,8,0,8,0,0,0,2,0,0,0,0,0,.29,.00,.00,.000,.000,0,0,0,0,0,0,0,.000,1,0,0,0,.14,.00,.00,.00,0,,87:00,0,.00,.00,,,,,,,,,,,,,,,,,,,,,
2026-27,msoc,New England Small College Athletic Conference (NESCAC),nescac,Tufts,"Jett, Ethan",Ethan,Jett,,717,"Jett, Ethan","JETT,ETHAN",Tufts,TUFT,0,7,7,10,0,10,0,0,3,6,2,0,1,0,0,.86,.43,.29,.143,.000,2,0,0,0,0,0,0,.000,11,0,0,0,1.57,.00,.00,.00,0,,400:00,0,.00,.00,,,,,,,,,,,,,,,,,,,,,
2026-27,msoc,New England Small College Athletic Conference (NESCAC),nescac,Tufts,"Fallone, Gianluca",Gianluca,Fallone,,717,"Fallone, Gianluca","FALLONE,GIANLUCA",Tufts,TUFT,0,8,3,11,0,11,0,0,5,10,1,1,0,0,0,1.25,.63,.13,.000,.125,5,0,0,0,0,0,0,.000,8,0,1,0,1.00,.13,.00,.00,0,,334:00,0,.00,.00,,,,,,,,,,,,,,,,,,,,,
2026-27,msoc,New England Small College Athletic Conference (NESCAC),nescac,Tufts,"Santana, Marcos",Marcos,Santana,,717,"Santana, Marcos","SANTANA,MARCOS",Tufts,TUFT,0,4,0,12,0,12,0,0,0,1,0,0,0,0,0,.25,.00,.00,.000,.000,0,0,0,0,0,0,0,.000,1,0,0,0,.25,.00,.00,.00,0,,106:00,0,.00,.00,,,,,,,,,,,,,,,,,,,,,
2026-27,msoc,New England Small College Athletic Conference (NESCAC),nescac,Tufts,"Garber, Zach",Zach,Garber,,717,"Garber, Zach","GARBER,ZACH",Tufts,TUFT,0,1,0,13,0,13,0,0,0,0,0,0,0,0,0,.00,.00,.00,.000,.000,0,0,0,0,0,0,0,.000,1,0,0,0,1.00,.00,.00,.00,0,,18:00,0,.00,.00,,,,,,,,,,,,,,,,,,,,,
2026-27,msoc,New England Small College Athletic Conference (NESCAC),nescac,Tufts,"Rizvi, Ryan",Ryan,Rizvi,,717,"Rizvi, Ryan","RIZVI,RYAN",Tufts,TUFT,0,7,2,14,0,14,0,0,2,5,0,0,0,0,0,.71,.29,.00,.000,.000,2,0,0,0,0,0,0,.000,2,0,0,0,.29,.00,.00,.00,0,,234:00,0,.00,.00,,,,,,,,,,,,,,,,,,,,,
2026-27,msoc,New England Small College Athletic Conference (NESCAC),nescac,Tufts,"Bone, Griffin",Griffin,Bone,,717,"Bone, Griffin","BONE,GRIFFIN",Tufts,TUFT,0,4,0,15,0,15,0,0,0,0,0,0,0,0,0,.00,.00,.00,.000,.000,0,0,0,0,0,0,0,.000,1,0,0,0,.25,.00,.00,.00,0,,38:00,0,.00,.00,,,,,,,,,,,,,,,,,,,,,
2026-27,msoc,New England Small College Athletic Conference (NESCAC),nescac,Tufts,"Bergin, Addison",Addison,Bergin,,717,"Bergin, Addison","BERGIN,ADDISON",Tufts,TUFT,0,0,0,16,0,16,0,0,0,0,0,0,0,0,0,.00,.00,.00,.000,.000,0,0,0,0,0,0,0,.000,0,0,0,0,.00,.00,.00,.00,0,,00:00,0,.00,.00,,,,,,,,,,,,,,,,,,,,,
2026-27,msoc,New England Small College Athletic Conference (NESCAC),nescac,Tufts,"Nicholas, Will",Will,Nicholas,,717,"Nicholas, Will","NICHOLAS,WILL",Tufts,TUFT,0,8,1,17,0,17,0,0,4,10,1,1,0,0,0,1.25,.50,.13,.000,.125,4,0,0,0,0,0,0,.000,3,0,0,0,.38,.00,.00,.00,0,,317:00,0,.00,.00,,,,,,,,,,,,,,,,,,,,,
2026-27,msoc,New England Small College Athletic Conference (NESCAC),nescac,Tufts,"Canfin, Xavier",Xavier,Canfin,,717,"Canfin, Xavier","CANFIN,XAVIER",Tufts,TUFT,0,8,8,18,0,18,0,0,6,24,7,3,2,0,0,3.00,.75,.88,.250,.375,4,1,0,0,1,0,1,.125,5,0,1,0,.63,.13,.00,.00,0,,561:00,0,.00,.00,,,,,,,,,,,,,,,,,,,,,
2026-27,msoc,New England Small College Athletic Conference (NESCAC),nescac,Tufts,"Novak, Davis",Davis,Novak,,717,"Novak, Davis","NOVAK,DAVIS",Tufts,TUFT,0,7,0,19,0,19,0,0,1,1,1,1,0,0,0,.14,.14,.14,.000,.143,1,0,0,0,0,0,0,.000,1,0,0,0,.14,.00,.00,.00,0,,147:00,0,.00,.00,,,,,,,,,,,,,,,,,,,,,
2026-27,msoc,New England Small College Athletic Conference (NESCAC),nescac,Tufts,"Brown, Henry",Henry,Brown,,717,"Brown, Henry","BROWN,HENRY",Tufts,TUFT,0,8,8,20,0,20,0,0,8,13,8,0,4,0,0,1.63,1.00,1.00,.500,.000,4,0,0,0,0,0,1,.125,9,0,0,0,1.13,.00,.00,.00,0,,500:00,0,.00,.00,,,,,,,,,,,,,,,,,,,,,
2026-27,msoc,New England Small College Athletic Conference (NESCAC),nescac,Tufts,"Fitzgerald III, Curtis",Curtis,Fitzgerald III,,717,"Fitzgerald III, Curtis","FITZGERALD III,CURTIS",Tufts,TUFT,0,2,0,21,0,21,0,0,0,0,0,0,0,0,0,.00,.00,.00,.000,.000,0,0,0,0,0,0,0,.000,1,0,0,0,.50,.00,.00,.00,0,,34:00,0,.00,.00,,,,,,,,,,,,,,,,,,,,,
2026-27,msoc,New England Small College Athletic Conference (NESCAC),nescac,Tufts,"Pensky, Ben",Ben,Pensky,,717,"Pensky, Ben","PENSKY,BEN",Tufts,TUFT,0,8,8,22,0,22,0,0,1,5,2,0,1,0,0,.63,.13,.25,.125,.000,0,0,0,0,1,0,1,.125,4,0,1,0,.50,.13,.00,.00,0,,476:00,0,.00,.00,,,,,,,,,,,,,,,,,,,,,
2026-27,msoc,New England Small College Athletic Conference (NESCAC),nescac,Tufts,"Swartz, John",John,Swartz,,717,"Swartz, John","SWARTZ,JOHN",Tufts,TUFT,0,0,0,23,0,23,0,0,0,0,0,0,0,0,0,.00,.00,.00,.000,.000,0,0,0,0,0,0,0,.000,0,0,0,0,.00,.00,.00,.00,0,,00:00,0,.00,.00,,,,,,,,,,,,,,,,,,,,,
2026-27,msoc,New England Small College Athletic Conference (NESCAC),nescac,Tufts,"Rafati, Cameron",Cameron,Rafati,,717,"Rafati, Cameron","RAFATI,CAMERON",Tufts,TUFT,0,8,2,24,0,24,0,0,0,0,0,0,0,0,0,.00,.00,.00,.000,.000,0,0,0,0,0,0,0,.000,2,0,0,0,.25,.00,.00,.00,0,,170:00,0,.00,.00,,,,,,,,,,,,,,,,,,,,,
2026-27,msoc,New England Small College Athletic Conference (NESCAC),nescac,Tufts,"Behe, Theo",Theo,Behe,,717,"Behe, Theo","BEHE,THEO",Tufts,TUFT,0,5,0,27,0,27,0,0,0,1,0,0,0,0,0,.20,.00,.00,.000,.000,0,0,0,0,0,0,0,.000,0,0,0,0,.00,.00,.00,.00,0,,84:00,0,.00,.00,,,,,,,,,,,,,,,,,,,,,
2026-27,msoc,New England Small College Athletic Conference (NESCAC),nescac,Tufts,"Suarez, Oscar",Oscar,Suarez,,717,"Suarez, Oscar","SUAREZ,OSCAR",Tufts,TUFT,0,5,0,30,0,30,0,0,1,3,2,0,1,0,0,.60,.20,.40,.200,.000,0,0,0,0,0,0,0,.000,4,0,0,0,.80,.00,.00,.00,0,,61:00,0,.00,.00,,,,,,,,,,,,,,,,,,,,,
2026-27,msoc,New England Small College Athletic Conference (NESCAC),nescac,Tufts,"Brislin, Hastings",Hastings,Brislin,,717,"Brislin, Hastings","BRISLIN,HASTINGS",Tufts,TUFT,0,4,0,32,0,32,0,0,0,0,0,0,0,0,0,.00,.00,.00,.000,.000,0,0,0,0,0,0,0,.000,3,0,0,0,.75,.00,.00,.00,0,,39:00,0,.00,.00,,,,,,,,,,,,,,,,,,,,,
2026-27,msoc,New England Small College Athletic Conference (NESCAC),nescac,Tufts,"Brown, Ben",Ben,Brown,,717,"Brown, Ben","BROWN,BEN",Tufts,TUFT,0,8,8,33,0,33,0,0,2,9,3,1,1,0,0,1.13,.25,.38,.125,.125,1,0,0,0,1,0,1,.125,5,0,1,0,.63,.13,.00,.00,0,,642:00,0,.00,.00,,,,,,,,,,,,,,,,,,,,,
2026-27,msoc,New England Small College Athletic Conference (NESCAC),nescac,Tufts,"Ortman, Ben",Ben,Ortman,,717,"Ortman, Ben","ORTMAN,BEN",Tufts,TUFT,0,8,1,34,0,34,0,0,2,2,2,0,1,1,1,.25,.25,.25,.125,.000,1,0,0,0,0,1,0,.000,9,0,0,0,1.13,.00,.00,.00,0,,225:00,0,.00,.00,,,,,,,,,,,,,,,,,,,,,
2026-27,msoc,New England Small College Athletic Conference (NESCAC),nescac,Williams,"Fireman, Henry",Henry,Fireman,,789,"Fireman, Henry","FIREMAN,HENRY",Williams,WIL,0,0,0,0,0,0,0,0,0,0,0,0,0,0,0,.00,.00,.00,.000,.000,0,0,0,0,0,0,0,.000,0,0,0,0,.00,.00,.00,.00,0,,00:00,0,.00,.00,,,,,,,,,,,,,,,,,,,,,
2026-27,msoc,New England Small College Athletic Conference (NESCAC),nescac,Williams,"Darrell, Kai",Kai,Darrell,,789,"Darrell, Kai","DARRELL,KAI",Williams,WIL,0,7,7,1,0,1,0,0,1,1,1,1,0,0,0,.14,.14,.14,.000,.143,1,0,0,0,0,0,0,.000,0,0,0,0,.00,.00,.00,.00,0,,630:00,0,.00,.00,,97,1,0,5,2,.818,0.86,27,6,630:00,7,7,.86,0.818,.286,3.86,,,,
2026-27,msoc,New England Small College Athletic Conference (NESCAC),nescac,Williams,"Anglada, Aleix",Aleix,Anglada,,789,"Anglada, Aleix","ANGLADA,ALEIX",Williams,WIL,0,0,0,30,0,30,0,0,0,0,0,0,0,0,0,.00,.00,.00,.000,.000,0,0,0,0,0,0,0,.000,0,0,0,0,.00,.00,.00,.00,0,,00:00,0,.00,.00,,,,,,,,,,,,,,,,,,,,,
2026-27,msoc,New England Small College Athletic Conference (NESCAC),nescac,Williams,"Labonski, Griffin",Griffin,Labonski,,789,"Labonski, Griffin","LABONSKI,GRIFFIN",Williams,WIL,0,5,1,3,0,3,0,0,1,1,2,0,1,0,0,.20,.20,.40,.200,.000,0,0,0,0,1,0,0,.000,0,0,0,0,.00,.00,.00,.00,0,,102:00,0,.00,.00,,,,,,,,,,,,,,,,,,,,,
2026-27,msoc,New England Small College Athletic Conference (NESCAC),nescac,Williams,"Farmer, Jake",Jake,Farmer,,789,"Farmer, Jake","FARMER,JAKE",Williams,WIL,0,7,7,4,0,4,0,0,1,3,2,2,0,0,0,.43,.14,.29,.000,.286,1,0,0,0,0,0,0,.000,3,0,0,0,.43,.00,.00,.00,0,,555:00,0,.00,.00,,,,,,,,,,,,,,,,,,,,,
2026-27,msoc,New England Small College Athletic Conference (NESCAC),nescac,Williams,"Convery, Finn",Finn,Convery,,789,"Convery, Finn","CONVERY,FINN",Williams,WIL,0,7,7,5,0,5,0,0,1,1,0,0,0,0,0,.14,.14,.00,.000,.000,1,0,0,0,0,0,0,.000,2,0,0,0,.29,.00,.00,.00,0,,498:00,0,.00,.00,,,,,,,,,,,,,,,,,,,,,
2026-27,msoc,New England Small College Athletic Conference (NESCAC),nescac,Williams,"Ross, Atticus",Atticus,Ross,,789,"Ross, Atticus","ROSS,ATTICUS",Williams,WIL,0,7,0,6,0,6,0,0,1,4,0,0,0,0,0,.57,.14,.00,.000,.000,1,0,0,0,0,0,0,.000,4,0,0,0,.57,.00,.00,.00,0,,263:00,0,.00,.00,,,,,,,,,,,,,,,,,,,,,
2026-27,msoc,New England Small College Athletic Conference (NESCAC),nescac,Williams,"Bethencourt, Alex",Alex,Bethencourt,,789,"Bethencourt, Alex","BETHENCOURT,ALEX",Williams,WIL,0,7,7,7,0,7,0,0,6,16,2,2,0,0,0,2.29,.86,.29,.000,.286,6,0,0,0,0,0,0,.000,4,0,0,0,.57,.00,.00,.00,0,,336:00,0,.00,.00,,,,,,,,,,,,,,,,,,,,,
2026-27,msoc,New England Small College Athletic Conference (NESCAC),nescac,Williams,"Brown, Ben",Ben,Brown,,789,"Brown, Ben","BROWN,BEN",Williams,WIL,0,7,7,8,0,8,0,0,3,6,3,1,1,0,0,.86,.43,.43,.143,.143,2,0,0,0,0,0,0,.000,2,0,2,0,.29,.29,.00,.00,0,,369:00,0,.00,.00,,,,,,,,,,,,,,,,,,,,,
2026-27,msoc,New England Small College Athletic Conference (NESCAC),nescac,Williams,"Mitchell, Lorcan",Lorcan,Mitchell,,789,"Mitchell, Lorcan","MITCHELL,LORCAN",Williams,WIL,0,7,0,9,0,9,0,0,8,14,6,0,3,0,0,2.00,1.14,.86,.429,.000,5,0,0,0,0,1,3,.429,2,0,1,0,.29,.14,.00,.00,0,,237:00,0,.00,.00,,,,,,,,,,,,,,,,,,,,,
2026-27,msoc,New England Small College Athletic Conference (NESCAC),nescac,Williams,"Ruta, Luca",Luca,Ruta,,789,"Ruta, Luca","RUTA,LUCA",Williams,WIL,0,7,7,11,0,11,0,0,4,7,0,0,0,0,0,1.00,.57,.00,.000,.000,4,0,0,0,0,0,0,.000,5,0,0,0,.71,.00,.00,.00,0,,354:00,0,.00,.00,,,,,,,,,,,,,,,,,,,,,
2026-27,msoc,New England Small College Athletic Conference (NESCAC),nescac,Williams,"Stauffer, Jeff",Jeff,Stauffer,,789,"Stauffer, Jeff","STAUFFER,JEFF",Williams,WIL,0,1,0,12,0,12,0,0,0,0,0,0,0,0,0,.00,.00,.00,.000,.000,0,0,0,0,0,0,0,.000,0,0,0,0,.00,.00,.00,.00,0,,22:00,0,.00,.00,,,,,,,,,,,,,,,,,,,,,
2026-27,msoc,New England Small College Athletic Conference (NESCAC),nescac,Williams,"Coelho, Andrew",Andrew,Coelho,,789,"Coelho, Andrew","COELHO,ANDREW",Williams,WIL,0,7,0,13,0,13,0,0,6,13,4,0,2,0,0,1.86,.86,.57,.286,.000,4,1,0,0,1,1,1,.143,7,0,0,0,1.00,.00,.00,.00,0,,278:00,0,.00,.00,,,,,,,,,,,,,,,,,,,,,
2026-27,msoc,New England Small College Athletic Conference (NESCAC),nescac,Williams,"Martins, Andrew",Andrew,Martins,,789,"Martins, Andrew","MARTINS,ANDREW",Williams,WIL,0,7,0,14,0,14,0,0,0,2,1,1,0,0,0,.29,.00,.14,.000,.143,0,0,0,0,0,0,0,.000,6,0,1,0,.86,.14,.00,.00,0,,169:00,0,.00,.00,,,,,,,,,,,,,,,,,,,,,
2026-27,msoc,New England Small College Athletic Conference (NESCAC),nescac,Williams,"Ruehlemann, JJ",JJ,Ruehlemann,,789,"Ruehlemann, JJ","RUEHLEMANN,JJ",Williams,WIL,0,7,7,15,0,15,0,0,7,20,3,1,1,0,0,2.86,1.00,.43,.143,.143,6,0,0,0,0,0,0,.000,5,0,0,0,.71,.00,.00,.00,0,,347:00,0,.00,.00,,,,,,,,,,,,,,,,,,,,,
2026-27,msoc,New England Small College Athletic Conference (NESCAC),nescac,Williams,"Le, Michael",Michael,Le,,789,"Le, Michael","LE,MICHAEL",Williams,WIL,0,5,0,16,0,16,0,0,1,2,0,0,0,0,0,.40,.20,.00,.000,.000,1,0,0,0,0,0,0,.000,1,0,0,0,.20,.00,.00,.00,0,,68:00,0,.00,.00,,,,,,,,,,,,,,,,,,,,,
2026-27,msoc,New England Small College Athletic Conference (NESCAC),nescac,Williams,"Caires, Chase",Chase,Caires,,789,"Caires, Chase","CAIRES,CHASE",Williams,WIL,0,7,7,18,0,18,0,0,0,0,0,0,0,0,0,.00,.00,.00,.000,.000,0,0,0,0,0,0,0,.000,8,0,1,0,1.14,.14,.00,.00,0,,525:00,0,.00,.00,,,,,,,,,,,,,,,,,,,,,
2026-27,msoc,New England Small College Athletic Conference (NESCAC),nescac,Williams,"Bali, Faris",Faris,Bali,,789,"Bali, Faris","BALI,FARIS",Williams,WIL,0,6,0,19,0,19,0,0,1,1,0,0,0,0,0,.17,.17,.00,.000,.000,1,0,0,0,0,0,0,.000,0,0,0,0,.00,.00,.00,.00,0,,125:00,0,.00,.00,,,,,,,,,,,,,,,,,,,,,
2026-27,msoc,New England Small College Athletic Conference (NESCAC),nescac,Williams,"Ma, Leon",Leon,Ma,,789,"Ma, Leon","MA,LEON",Williams,WIL,0,7,6,20,0,20,0,0,0,0,1,1,0,0,0,.00,.00,.14,.000,.143,0,0,0,0,0,0,0,.000,0,0,0,0,.00,.00,.00,.00,0,,526:00,0,.00,.00,,,,,,,,,,,,,,,,,,,,,
2026-27,msoc,New England Small College Athletic Conference (NESCAC),nescac,Williams,"Yi, Cooper",Cooper,Yi,,789,"Yi, Cooper","YI,COOPER",Williams,WIL,0,3,0,21,0,21,0,0,0,0,0,0,0,0,0,.00,.00,.00,.000,.000,0,0,0,0,0,0,0,.000,2,0,1,0,.67,.33,.00,.00,0,,20:00,0,.00,.00,,,,,,,,,,,,,,,,,,,,,
2026-27,msoc,New England Small College Athletic Conference (NESCAC),nescac,Williams,"Coleman, Ali",Ali,Coleman,,789,"Coleman, Ali","COLEMAN,ALI",Williams,WIL,0,6,0,22,0,22,0,0,1,2,1,1,0,0,0,.33,.17,.17,.000,.167,1,0,0,0,0,0,0,.000,4,0,0,0,.67,.00,.00,.00,0,,148:00,0,.00,.00,,,,,,,,,,,,,,,,,,,,,
2026-27,msoc,New England Small College Athletic Conference (NESCAC),nescac,Williams,"Desmangles, Kai",Kai,Desmangles,,789,"Desmangles, Kai","DESMANGLES,KAI",Williams,WIL,0,4,0,23,0,23,0,0,3,5,2,0,1,0,0,1.25,.75,.50,.250,.000,2,0,0,0,0,0,0,.000,2,0,1,0,.50,.25,.00,.00,0,,142:00,0,.00,.00,,,,,,,,,,,,,,,,,,,,,
2026-27,msoc,New England Small College Athletic Conference (NESCAC),nescac,Williams,"Mix, Spencer",Spencer,Mix,,789,"Mix, Spencer","MIX,SPENCER",Williams,WIL,0,7,7,24,0,24,0,0,3,5,2,0,1,0,0,.71,.43,.29,.143,.000,2,0,0,0,1,0,0,.000,4,0,0,0,.57,.00,.00,.00,0,,406:00,0,.00,.00,,,,,,,,,,,,,,,,,,,,,
2026-27,msoc,New England Small College Athletic Conference (NESCAC),nescac,Williams,"Fynn-Thompson, Julian",Julian,Fynn-Thompson,,789,"Fynn-Thompson, Julian","FYNN-THOMPSON,JULIAN",Williams,WIL,0,3,0,25,0,25,0,0,0,0,0,0,0,0,0,.00,.00,.00,.000,.000,0,0,0,0,0,0,0,.000,0,0,0,0,.00,.00,.00,.00,0,,43:00,0,.00,.00,,,,,,,,,,,,,,,,,,,,,
2026-27,msoc,New England Small College Athletic Conference (NESCAC),nescac,Williams,"Appleton, Nick",Nick,Appleton,,789,"Appleton, Nick","APPLETON,NICK",Williams,WIL,0,7,0,26,0,26,0,0,1,5,3,1,1,0,0,.71,.14,.43,.143,.143,0,0,0,0,1,0,1,.143,5,0,0,0,.71,.00,.00,.00,0,,263:00,0,.00,.00,,,,,,,,,,,,,,,,,,,,,
2026-27,msoc,New England Small College Athletic Conference (NESCAC),nescac,Williams,"Greer, Zach",Zach,Greer,,789,"Greer, Zach","GREER,ZACH",Williams,WIL,0,0,0,27,0,27,0,0,0,0,0,0,0,0,0,.00,.00,.00,.000,.000,0,0,0,0,0,0,0,.000,0,0,1,0,.00,.00,.00,.00,0,,00:00,0,.00,.00,,,,,,,,,,,,,,,,,,,,,
2026-27,msoc,New England Small College Athletic Conference (NESCAC),nescac,Williams,"Grace, Kellan",Kellan,Grace,,789,"Grace, Kellan","GRACE,KELLAN",Williams,WIL,0,7,7,31,0,31,0,0,1,2,0,0,0,0,0,.29,.14,.00,.000,.000,1,0,0,0,0,0,0,.000,4,0,0,0,.57,.00,.00,.00,0,,383:00,0,.00,.00,,,,,,,,,,,,,,,,,,,,,
2026-27,msoc,New England Small College Athletic Conference (NESCAC),nescac,Williams,"Walthers, Beck",Beck,Walthers,,789,"Walthers, Beck","WALTHERS,BECK",Williams,WIL,0,5,0,2,0,2,0,0,0,0,0,0,0,0,0,.00,.00,.00,.000,.000,0,0,0,0,0,0,0,.000,0,0,0,0,.00,.00,.00,.00,0,,106:00,0,.00,.00,,,,,,,,,,,,,,,,,,,,,
2026-27,msoc,New England Small College Athletic Conference (NESCAC),nescac,Conn. College,"Shea, Casey",Casey,Shea,,163,"Shea, Casey","SHEA,CASEY",Conn. College,CONN,0,4,4,00,0,00,0,0,0,0,0,0,0,0,0,.00,.00,.00,.000,.000,0,0,0,0,0,0,0,.000,0,0,0,0,.00,.00,.00,.00,0,,360:00,0,.00,.00,,42,1,1,2,2,.667,1.00,8,4,360:00,4,4,1.00,0.667,.500,2.00,,,,
2026-27,msoc,New England Small College Athletic Conference (NESCAC),nescac,Conn. College,"Smith, Connor",Connor,Smith,,163,"Smith, Connor","SMITH,CONNOR",Conn. College,CONN,0,3,3,1,0,1,0,0,0,0,0,0,0,0,0,.00,.00,.00,.000,.000,0,0,0,0,0,0,0,.000,0,0,0,0,.00,.00,.00,.00,0,,248:00,0,.00,.00,,24,0,0,3,1,.833,0.36,5,1,247:23,3,3,.33,0.833,.333,1.67,,,,
2026-27,msoc,New England Small College Athletic Conference (NESCAC),nescac,Conn. College,"Lowenhar, Andrew",Andrew,Lowenhar,,163,"Lowenhar, Andrew","LOWENHAR,ANDREW",Conn. College,CONN,0,1,0,50,0,50,0,0,0,0,0,0,0,0,0,.00,.00,.00,.000,.000,0,0,0,0,0,0,0,.000,0,0,0,0,.00,.00,.00,.00,0,,22:00,0,.00,.00,,0,0,0,0,0,0.0,0.00,0,0,22:37,0,1,.00,0.000,.000,.00,,,,
2026-27,msoc,New England Small College Athletic Conference (NESCAC),nescac,Conn. College,"Rooney, Thomas",Thomas,Rooney,,163,"Rooney, Thomas","ROONEY,THOMAS",Conn. College,CONN,0,7,7,2,0,2,0,0,1,2,1,1,0,0,0,.29,.14,.14,.000,.143,1,0,0,0,0,0,0,.000,3,0,3,0,.43,.43,.00,.00,0,,426:00,0,.00,.00,,,,,,,,,,,,,,,,,,,,,
2026-27,msoc,New England Small College Athletic Conference (NESCAC),nescac,Conn. College,"Fokuo, Jayden",Jayden,Fokuo,,163,"Fokuo, Jayden","FOKUO,JAYDEN",Conn. College,CONN,0,6,3,3,0,3,0,0,3,7,2,0,1,0,0,1.17,.50,.33,.167,.000,2,0,0,0,1,0,1,.167,2,0,0,0,.33,.00,.00,.00,0,,220:00,0,.00,.00,,,,,,,,,,,,,,,,,,,,,
2026-27,msoc,New England Small College Athletic Conference (NESCAC),nescac,Conn. College,"Hoke, Dylan",Dylan,Hoke,,163,"Hoke, Dylan","HOKE,DYLAN",Conn. College,CONN,0,6,6,5,0,5,0,0,2,2,0,0,0,0,0,.33,.33,.00,.000,.000,2,0,0,0,0,0,0,.000,5,0,1,0,.83,.17,.00,.00,0,,535:00,0,.00,.00,,,,,,,,,,,,,,,,,,,,,
2026-27,msoc,New England Small College Athletic Conference (NESCAC),nescac,Conn. College,"Taylor, Freddie",Freddie,Taylor,,163,"Taylor, Freddie","TAYLOR,FREDDIE",Conn. College,CONN,0,7,3,6,0,6,0,0,1,1,0,0,0,0,0,.14,.14,.00,.000,.000,1,0,0,0,0,0,0,.000,2,0,0,0,.29,.00,.00,.00,0,,330:00,0,.00,.00,,,,,,,,,,,,,,,,,,,,,
2026-27,msoc,New England Small College Athletic Conference (NESCAC),nescac,Conn. College,"Perugini, Marco",Marco,Perugini,,163,"Perugini, Marco","PERUGINI,MARCO",Conn. College,CONN,0,7,7,7,0,7,0,0,12,25,9,1,4,2,2,3.57,1.71,1.29,.571,.143,8,1,0,0,1,2,2,.286,5,0,1,0,.71,.14,.00,.00,0,,542:00,0,.00,.00,,,,,,,,,,,,,,,,,,,,,
2026-27,msoc,New England Small College Athletic Conference (NESCAC),nescac,Conn. College,"Eager, Callum",Callum,Eager,,163,"Eager, Callum","EAGER,CALLUM",Conn. College,CONN,0,7,1,8,0,8,0,0,0,0,0,0,0,0,0,.00,.00,.00,.000,.000,0,0,0,0,0,0,0,.000,2,0,1,0,.29,.14,.00,.00,0,,305:00,0,.00,.00,,,,,,,,,,,,,,,,,,,,,
2026-27,msoc,New England Small College Athletic Conference (NESCAC),nescac,Conn. College,"Hopps, Kimani",Kimani,Hopps,,163,"Hopps, Kimani","HOPPS,KIMANI",Conn. College,CONN,0,1,0,11,0,11,0,0,0,0,0,0,0,0,0,.00,.00,.00,.000,.000,0,0,0,0,0,0,0,.000,0,0,0,0,.00,.00,.00,.00,0,,22:00,0,.00,.00,,,,,,,,,,,,,,,,,,,,,
2026-27,msoc,New England Small College Athletic Conference (NESCAC),nescac,Conn. College,"Bantu, Oliver",Oliver,Bantu,,163,"Bantu, Oliver","BANTU,OLIVER",Conn. College,CONN,0,1,0,12,0,12,0,0,1,1,0,0,0,0,0,1.00,1.00,.00,.000,.000,1,0,0,0,0,0,0,.000,0,0,0,0,.00,.00,.00,.00,0,,22:00,0,.00,.00,,,,,,,,,,,,,,,,,,,,,
2026-27,msoc,New England Small College Athletic Conference (NESCAC),nescac,Conn. College,"Lee, Max",Max,Lee,,163,"Lee, Max","LEE,MAX",Conn. College,CONN,0,2,1,13,0,13,0,0,1,2,0,0,0,0,0,1.00,.50,.00,.000,.000,1,0,0,0,0,0,0,.000,0,0,0,0,.00,.00,.00,.00,0,,60:00,0,.00,.00,,,,,,,,,,,,,,,,,,,,,
2026-27,msoc,New England Small College Athletic Conference (NESCAC),nescac,Conn. College,"Mpiana, Gavin",Gavin,Mpiana,,163,"Mpiana, Gavin","MPIANA,GAVIN",Conn. College,CONN,0,6,3,14,0,14,0,0,2,4,0,0,0,0,0,.67,.33,.00,.000,.000,2,0,0,0,0,0,0,.000,5,0,1,0,.83,.17,.00,.00,0,,325:00,0,.00,.00,,,,,,,,,,,,,,,,,,,,,
2026-27,msoc,New England Small College Athletic Conference (NESCAC),nescac,Conn. College,"Woodward, Daniel",Daniel,Woodward,,163,"Woodward, Daniel","WOODWARD,DANIEL",Conn. College,CONN,0,1,0,15,0,15,0,0,0,0,0,0,0,0,0,.00,.00,.00,.000,.000,0,0,0,0,0,0,0,.000,0,0,0,0,.00,.00,.00,.00,0,,23:00,0,.00,.00,,,,,,,,,,,,,,,,,,,,,
2026-27,msoc,New England Small College Athletic Conference (NESCAC),nescac,Conn. College,"Haberman, Max",Max,Haberman,,163,"Haberman, Max","HABERMAN,MAX",Conn. College,CONN,0,6,6,16,0,16,0,0,1,5,1,1,0,0,0,.83,.17,.17,.000,.167,1,0,0,0,0,0,0,.000,4,1,0,0,.67,.00,.17,.00,0,,470:00,0,.00,.00,,,,,,,,,,,,,,,,,,,,,
2026-27,msoc,New England Small College Athletic Conference (NESCAC),nescac,Conn. College,"Lamptey, Ebenezer",Ebenezer,Lamptey,,163,"Lamptey, Ebenezer","LAMPTEY,EBENEZER",Conn. College,CONN,0,1,0,17,0,17,0,0,0,0,0,0,0,0,0,.00,.00,.00,.000,.000,0,0,0,0,0,0,0,.000,0,0,0,0,.00,.00,.00,.00,0,,22:00,0,.00,.00,,,,,,,,,,,,,,,,,,,,,
2026-27,msoc,New England Small College Athletic Conference (NESCAC),nescac,Conn. College,"Kellan, Devin",Devin,Kellan,,163,"Kellan, Devin","KELLAN,DEVIN",Conn. College,CONN,0,7,4,18,0,18,0,0,6,11,4,0,2,0,0,1.57,.86,.57,.286,.000,4,0,0,0,1,0,1,.143,1,0,0,0,.14,.00,.00,.00,0,,181:00,0,.00,.00,,,,,,,,,,,,,,,,,,,,,
2026-27,msoc,New England Small College Athletic Conference (NESCAC),nescac,Conn. College,"Warren, Nicholas",Nicholas,Warren,,163,"Warren, Nicholas","WARREN,NICHOLAS",Conn. College,CONN,0,1,0,20,0,20,0,0,0,0,0,0,0,0,0,.00,.00,.00,.000,.000,0,0,0,0,0,0,0,.000,0,0,0,0,.00,.00,.00,.00,0,,22:00,0,.00,.00,,,,,,,,,,,,,,,,,,,,,
2026-27,msoc,New England Small College Athletic Conference (NESCAC),nescac,Conn. College,"Emery, Charlie",Charlie,Emery,,163,"Emery, Charlie","EMERY,CHARLIE",Conn. College,CONN,0,2,1,21,0,21,0,0,0,0,0,0,0,0,0,.00,.00,.00,.000,.000,0,0,0,0,0,0,0,.000,0,0,0,0,.00,.00,.00,.00,0,,64:00,0,.00,.00,,,,,,,,,,,,,,,,,,,,,
2026-27,msoc,New England Small College Athletic Conference (NESCAC),nescac,Conn. College,"Riegel, Charlie",Charlie,Riegel,,163,"Riegel, Charlie","RIEGEL,CHARLIE",Conn. College,CONN,0,7,4,22,0,22,0,0,2,2,1,1,0,0,0,.29,.29,.14,.000,.143,2,0,0,0,0,0,0,.000,3,0,2,0,.43,.29,.00,.00,0,,304:00,0,.00,.00,,,,,,,,,,,,,,,,,,,,,
2026-27,msoc,New England Small College Athletic Conference (NESCAC),nescac,Conn. College,"Frank, Shinya",Shinya,Frank,,163,"Frank, Shinya","FRANK,SHINYA",Conn. College,CONN,0,4,2,23,0,23,0,0,1,2,0,0,0,0,0,.50,.25,.00,.000,.000,1,0,0,0,0,0,0,.000,1,0,0,0,.25,.00,.00,.00,0,,156:00,0,.00,.00,,,,,,,,,,,,,,,,,,,,,
2026-27,msoc,New England Small College Athletic Conference (NESCAC),nescac,Conn. College,"Bryant, Kimball",Kimball,Bryant,,163,"Bryant, Kimball","BRYANT,KIMBALL",Conn. College,CONN,0,6,0,24,0,24,0,0,0,0,0,0,0,0,0,.00,.00,.00,.000,.000,0,0,0,0,0,0,0,.000,2,0,0,0,.33,.00,.00,.00,0,,135:00,0,.00,.00,,,,,,,,,,,,,,,,,,,,,
2026-27,msoc,New England Small College Athletic Conference (NESCAC),nescac,Conn. College,"Fernandez-Davila, Sean",Sean,Fernandez-Davila,,163,"Fernandez-Davila, Sean","FERNANDEZ-DAVILA,SEAN",Conn. College,CONN,0,1,0,19,0,19,0,0,1,1,0,0,0,0,0,1.00,1.00,.00,.000,.000,1,0,0,0,0,0,0,.000,1,0,0,0,1.00,.00,.00,.00,0,,13:00,0,.00,.00,,,,,,,,,,,,,,,,,,,,,
2026-27,msoc,New England Small College Athletic Conference (NESCAC),nescac,Conn. College,"Turner, Cole",Cole,Turner,,163,"Turner, Cole","TURNER,COLE",Conn. College,CONN,0,2,0,25,0,25,0,0,0,3,0,0,0,0,0,1.50,.00,.00,.000,.000,0,0,0,0,0,0,0,.000,0,0,0,0,.00,.00,.00,.00,0,,55:00,0,.00,.00,,,,,,,,,,,,,,,,,,,,,
2026-27,msoc,New England Small College Athletic Conference (NESCAC),nescac,Conn. College,"Corcoran, Chase",Chase,Corcoran,,163,"Corcoran, Chase","CORCORAN,CHASE",Conn. College,CONN,0,7,6,26,0,26,0,0,1,1,1,1,0,0,0,.14,.14,.14,.000,.143,1,0,0,0,0,0,0,.000,3,0,0,0,.43,.00,.00,.00,0,,344:00,0,.00,.00,,,,,,,,,,,,,,,,,,,,,
2026-27,msoc,New England Small College Athletic Conference (NESCAC),nescac,Conn. College,"Nilsen, Axel",Axel,Nilsen,,163,"Nilsen, Axel","NILSEN,AXEL",Conn. College,CONN,0,3,2,27,0,27,0,0,1,1,0,0,0,0,0,.33,.33,.00,.000,.000,1,0,0,0,0,0,0,.000,0,0,0,0,.00,.00,.00,.00,0,,88:00,0,.00,.00,,,,,,,,,,,,,,,,,,,,,
2026-27,msoc,New England Small College Athletic Conference (NESCAC),nescac,Conn. College,"Miles, Charlie",Charlie,Miles,,163,"Miles, Charlie","MILES,CHARLIE",Conn. College,CONN,0,7,7,28,0,28,0,0,1,2,3,1,1,0,0,.29,.14,.43,.143,.143,0,0,0,0,1,0,0,.000,4,0,2,0,.57,.29,.00,.00,0,,573:00,0,.00,.00,,,,,,,,,,,,,,,,,,,,,
2026-27,msoc,New England Small College Athletic Conference (NESCAC),nescac,Conn. College,"Moro, Rafael",Rafael,Moro,,163,"Moro, Rafael","MORO,RAFAEL",Conn. College,CONN,0,6,3,29,0,29,0,0,0,0,0,0,0,0,0,.00,.00,.00,.000,.000,0,0,0,0,0,0,0,.000,0,0,0,0,.00,.00,.00,.00,0,,142:00,0,.00,.00,,,,,,,,,,,,,,,,,,,,,
2026-27,msoc,New England Small College Athletic Conference (NESCAC),nescac,Conn. College,"Reid, Anish",Anish,Reid,,163,"Reid, Anish","REID,ANISH",Conn. College,CONN,0,7,0,30,0,30,0,0,1,4,0,0,0,0,0,.57,.14,.00,.000,.000,1,0,0,0,0,0,0,.000,2,0,0,0,.29,.00,.00,.00,0,,147:00,0,.00,.00,,,,,,,,,,,,,,,,,,,,,
2026-27,msoc,New England Small College Athletic Conference (NESCAC),nescac,Conn. College,"Simmons, Quintus",Quintus,Simmons,,163,"Simmons, Quintus","SIMMONS,QUINTUS",Conn. College,CONN,0,3,0,31,0,31,0,0,0,1,0,0,0,0,0,.33,.00,.00,.000,.000,0,0,0,0,0,0,0,.000,1,0,0,0,.33,.00,.00,.00,0,,110:00,0,.00,.00,,,,,,,,,,,,,,,,,,,,,
2026-27,msoc,New England Small College Athletic Conference (NESCAC),nescac,Conn. College,"Taylor, Connor",Connor,Taylor,,163,"Taylor, Connor","TAYLOR,CONNOR",Conn. College,CONN,0,2,0,32,0,32,0,0,0,0,0,0,0,0,0,.00,.00,.00,.000,.000,0,0,0,0,0,0,0,.000,1,0,0,0,.50,.00,.00,.00,0,,51:00,0,.00,.00,,,,,,,,,,,,,,,,,,,,,
2026-27,msoc,New England Small College Athletic Conference (NESCAC),nescac,Conn. College,"Cosentino, Mateo",Mateo,Cosentino,,163,"Cosentino, Mateo","COSENTINO,MATEO",Conn. College,CONN,0,3,0,33,0,33,0,0,0,0,0,0,0,0,0,.00,.00,.00,.000,.000,0,0,0,0,0,0,0,.000,0,0,0,0,.00,.00,.00,.00,0,,40:00,0,.00,.00,,,,,,,,,,,,,,,,,,,,,
2026-27,msoc,New England Small College Athletic Conference (NESCAC),nescac,Conn. College,"Walloff, Matt",Matt,Walloff,,163,"Walloff, Matt","WALLOFF,MATT",Conn. College,CONN,0,2,0,9,0,9,0,0,0,0,1,1,0,0,0,.00,.00,.50,.000,.500,0,0,0,0,0,0,0,.000,0,0,0,0,.00,.00,.00,.00,0,,13:00,0,.00,.00,,,,,,,,,,,,,,,,,,,,,
2026-27,msoc,New England Small College Athletic Conference (NESCAC),nescac,Conn. College,"Childers, Boston",Boston,Childers,,163,"Childers, Boston","CHILDERS,BOSTON",Conn. College,CONN,0,4,0,35,0,35,0,0,1,3,2,0,1,0,0,.75,.25,.50,.250,.000,0,0,0,0,0,0,0,.000,1,0,0,0,.25,.00,.00,.00,0,,90:00,0,.00,.00,,,,,,,,,,,,,,,,,,,,,
2026-27,msoc,New England Small College Athletic Conference (NESCAC),nescac,Conn. College,"Hwong, Kevin",Kevin,Hwong,,163,"Hwong, Kevin","HWONG,KEVIN",Conn. College,CONN,0,7,0,36,0,36,0,0,0,1,0,0,0,0,0,.14,.00,.00,.000,.000,0,0,0,0,0,0,0,.000,5,0,0,0,.71,.00,.00,.00,0,,162:00,0,.00,.00,,,,,,,,,,,,,,,,,,,,,
2026-27,msoc,New England Small College Athletic Conference (NESCAC),nescac,Conn. College,"Weiss, Max",Max,Weiss,,163,"Weiss, Max","WEISS,MAX",Conn. College,CONN,0,7,4,37,0,37,0,0,10,14,9,3,3,0,0,2.00,1.43,1.29,.429,.429,7,0,0,0,0,1,1,.143,2,0,0,0,.29,.00,.00,.00,0,,305:00,0,.00,.00,,,,,,,,,,,,,,,,,,,,,
2026-27,msoc,New England Small College Athletic Conference (NESCAC),nescac,Conn. College,"Lester, Henry",Henry,Lester,,163,"Lester, Henry","LESTER,HENRY",Conn. College,CONN,0,0,0,39,0,39,0,0,0,0,0,0,0,0,0,.00,.00,.00,.000,.000,0,0,0,0,0,0,0,.000,0,0,0,0,.00,.00,.00,.00,0,,00:00,0,.00,.00,,,,,,,,,,,,,,,,,,,,,
2026-27,msoc,New England Small College Athletic Conference (NESCAC),nescac,Amherst,"Decatur, Connor",Connor,Decatur,,24,"Decatur, Connor","DECATUR,CONNOR",Amherst,AMH,1119-5718,1,0,1,0,1,0,0,0,0,0,0,0,0,0,.00,.00,.00,.000,.000,0,0,0,0,0,0,0,.000,0,0,0,0,.00,.00,.00,.00,0,,01:00,0,.00,.00,,0,0,0,0,0,0.0,0.00,0,0,00:56,0,1,.00,0.000,.000,.00,,,,
2026-27,msoc,New England Small College Athletic Conference (NESCAC),nescac,Amherst,"Sheppard, Trey",Trey,Sheppard,,24,"Sheppard, Trey","SHEPPARD,TREY",Amherst,AMH,1119-5349,6,5,50,0,50,0,0,0,0,0,0,0,0,0,.00,.00,.00,.000,.000,0,0,0,0,0,0,0,.000,0,0,0,0,.00,.00,.00,.00,0,,472:00,0,.00,.00,,30,1,2,2,1,.765,0.76,13,4,471:52,5,6,.67,0.765,.167,2.17,,,,
2026-27,msoc,New England Small College Athletic Conference (NESCAC),nescac,Amherst,"Kreitzer, Spencer",Spencer,Kreitzer,,24,"Kreitzer, Spencer","KREITZER,SPENCER",Amherst,AMH,1119-5524,2,1,99,0,99,0,0,0,0,0,0,0,0,0,.00,.00,.00,.000,.000,0,0,0,0,0,0,0,.000,0,0,0,0,.00,.00,.00,.00,0,,66:00,0,.00,.00,,8,0,1,0,0,.429,5.37,3,4,67:12,1,2,2.00,0.429,.000,1.50,,,,
2026-27,msoc,New England Small College Athletic Conference (NESCAC),nescac,Amherst,"Gonya, Carter",Carter,Gonya,,24,"Gonya, Carter","GONYA,CARTER",Amherst,AMH,1119-5159,1,1,2,0,2,0,0,0,0,1,1,0,0,0,.00,.00,1.00,.000,1.000,0,0,0,0,0,0,0,.000,0,0,1,0,.00,1.00,.00,.00,0,,56:00,0,.00,.00,,,,,,,,,,,,,,,,,,,,,
2026-27,msoc,New England Small College Athletic Conference (NESCAC),nescac,Amherst,"Davis, Sam",Sam,Davis,,24,"Davis, Sam","DAVIS,SAM",Amherst,AMH,1119-5346,5,1,3,0,3,0,0,1,1,2,0,1,0,0,.20,.20,.40,.200,.000,0,0,0,0,0,0,0,.000,1,0,0,0,.20,.00,.00,.00,0,,187:00,0,.00,.00,,,,,,,,,,,,,,,,,,,,,
2026-27,msoc,New England Small College Athletic Conference (NESCAC),nescac,Amherst,"Priddy, Riley",Riley,Priddy,,24,"Priddy, Riley","PRIDDY,RILEY",Amherst,AMH,1119-5163,6,5,4,0,4,0,0,3,10,0,0,0,0,0,1.67,.50,.00,.000,.000,3,0,0,0,0,0,0,.000,1,0,0,0,.17,.00,.00,.00,0,,480:00,0,.00,.00,,,,,,,,,,,,,,,,,,,,,
2026-27,msoc,New England Small College Athletic Conference (NESCAC),nescac,Amherst,"Duodu, Enoch",Enoch,Duodu,,24,"Duodu, Enoch","DUODU,ENOCH",Amherst,AMH,1119-5344,2,2,5,0,5,0,0,2,3,0,0,0,0,0,1.50,1.00,.00,.000,.000,2,0,0,0,0,0,0,.000,0,0,0,0,.00,.00,.00,.00,0,,111:00,0,.00,.00,,,,,,,,,,,,,,,,,,,,,
2026-27,msoc,New England Small College Athletic Conference (NESCAC),nescac,Amherst,"Judelson, Wilder",Wilder,Judelson,,24,"Judelson, Wilder","JUDELSON,WILDER",Amherst,AMH,1119-5719,6,5,6,0,6,0,0,3,6,4,0,2,0,0,1.00,.50,.67,.333,.000,1,0,0,0,1,0,0,.000,1,0,1,0,.17,.17,.00,.00,0,,463:00,0,.00,.00,,,,,,,,,,,,,,,,,,,,,
2026-27,msoc,New England Small College Athletic Conference (NESCAC),nescac,Amherst,"Ohadike, Luka",Luka,Ohadike,,24,"Ohadike, Luka","OHADIKE,LUKA",Amherst,AMH,1119-5162,4,3,7,0,7,0,0,0,2,0,0,0,0,0,.50,.00,.00,.000,.000,0,0,0,0,0,0,0,.000,2,0,3,0,.50,.75,.00,.00,0,,240:00,0,.00,.00,,,,,,,,,,,,,,,,,,,,,
2026-27,msoc,New England Small College Athletic Conference (NESCAC),nescac,Amherst,"Hoefer, Finn",Finn,Hoefer,,24,"Hoefer, Finn","HOEFER,FINN",Amherst,AMH,1119-5720,6,4,8,0,8,0,0,3,15,2,0,1,0,0,2.50,.50,.33,.167,.000,2,0,0,0,0,1,0,.000,0,0,0,0,.00,.00,.00,.00,0,,390:00,0,.00,.00,,,,,,,,,,,,,,,,,,,,,
2026-27,msoc,New England Small College Athletic Conference (NESCAC),nescac,Amherst,"Liu, Lucas",Lucas,Liu,,24,"Liu, Lucas","LIU,LUCAS",Amherst,AMH,1119-5160,0,0,9,0,9,0,0,0,0,0,0,0,0,0,.00,.00,.00,.000,.000,0,0,0,0,0,0,0,.000,0,0,0,0,.00,.00,.00,.00,0,,00:00,0,.00,.00,,,,,,,,,,,,,,,,,,,,,
2026-27,msoc,New England Small College Athletic Conference (NESCAC),nescac,Amherst,"Wilensky, Leo",Leo,Wilensky,,24,"Wilensky, Leo","WILENSKY,LEO",Amherst,AMH,1119-5520,4,2,10,0,10,0,0,2,5,2,0,1,0,0,1.25,.50,.50,.250,.000,1,0,0,0,1,1,1,.250,0,0,0,0,.00,.00,.00,.00,0,,114:00,0,.00,.00,,,,,,,,,,,,,,,,,,,,,
2026-27,msoc,New England Small College Athletic Conference (NESCAC),nescac,Amherst,"Opoku, Obed",Obed,Opoku,,24,"Opoku, Obed","OPOKU,OBED",Amherst,AMH,1119-5347,6,1,11,0,11,0,0,4,12,2,0,1,0,0,2.00,.67,.33,.167,.000,3,0,0,0,0,0,0,.000,0,0,0,0,.00,.00,.00,.00,0,,264:00,0,.00,.00,,,,,,,,,,,,,,,,,,,,,
2026-27,msoc,New England Small College Athletic Conference (NESCAC),nescac,Amherst,"Lonergan, Phineas",Phineas,Lonergan,,24,"Lonergan, Phineas","LONERGAN,PHINEAS",Amherst,AMH,1119-5516,1,0,12,0,12,0,0,0,0,0,0,0,0,0,.00,.00,.00,.000,.000,0,0,0,0,0,0,0,.000,0,0,0,0,.00,.00,.00,.00,0,,03:00,0,.00,.00,,,,,,,,,,,,,,,,,,,,,
2026-27,msoc,New England Small College Athletic Conference (NESCAC),nescac,Amherst,"Chow, Timothy",Timothy,Chow,,24,"Chow, Timothy","CHOW,TIMOTHY",Amherst,AMH,1119-5517,5,4,13,0,13,0,0,2,2,0,0,0,0,0,.40,.40,.00,.000,.000,2,0,0,0,0,0,0,.000,1,0,2,0,.20,.40,.00,.00,0,,405:00,0,.00,.00,,,,,,,,,,,,,,,,,,,,,
2026-27,msoc,New England Small College Athletic Conference (NESCAC),nescac,Amherst,"Akanbo, Vincent",Vincent,Akanbo,,24,"Akanbo, Vincent","AKANBO,VINCENT",Amherst,AMH,1119-5518,2,1,14,0,14,0,0,0,2,0,0,0,0,0,1.00,.00,.00,.000,.000,0,0,0,0,0,0,0,.000,2,0,0,0,1.00,.00,.00,.00,0,,117:00,0,.00,.00,,,,,,,,,,,,,,,,,,,,,
2026-27,msoc,New England Small College Athletic Conference (NESCAC),nescac,Amherst,"Anuarbek, Dimash",Dimash,Anuarbek,,24,"Anuarbek, Dimash","ANUARBEK,DIMASH",Amherst,AMH,1119-5721,6,6,15,0,15,0,0,2,6,0,0,0,0,0,1.00,.33,.00,.000,.000,2,0,0,0,0,0,0,.000,0,0,3,0,.00,.50,.00,.00,0,,482:00,0,.00,.00,,,,,,,,,,,,,,,,,,,,,
2026-27,msoc,New England Small College Athletic Conference (NESCAC),nescac,Amherst,"Shotts, Lucas",Lucas,Shotts,,24,"Shotts, Lucas","SHOTTS,LUCAS",Amherst,AMH,1119-5722,4,1,16,0,16,0,0,0,5,0,0,0,0,0,1.25,.00,.00,.000,.000,0,0,0,0,0,0,0,.000,0,0,0,0,.00,.00,.00,.00,0,,180:00,0,.00,.00,,,,,,,,,,,,,,,,,,,,,
2026-27,msoc,New England Small College Athletic Conference (NESCAC),nescac,Amherst,"Cherico, Michael",Michael,Cherico,,24,"Cherico, Michael","CHERICO,MICHAEL",Amherst,AMH,1119-5345,2,2,17,0,17,0,0,0,2,0,0,0,0,0,1.00,.00,.00,.000,.000,0,0,0,0,0,0,0,.000,0,0,0,0,.00,.00,.00,.00,0,,77:00,0,.00,.00,,,,,,,,,,,,,,,,,,,,,
2026-27,msoc,New England Small College Athletic Conference (NESCAC),nescac,Amherst,"Anum, Samuel",Samuel,Anum,,24,"Anum, Samuel","ANUM,SAMUEL",Amherst,AMH,1119-5519,1,1,18,0,18,0,0,0,0,0,0,0,0,0,.00,.00,.00,.000,.000,0,0,0,0,0,0,0,.000,0,0,0,0,.00,.00,.00,.00,0,,30:00,0,.00,.00,,,,,,,,,,,,,,,,,,,,,
2026-27,msoc,New England Small College Athletic Conference (NESCAC),nescac,Amherst,"Lahlou, Jacob",Jacob,Lahlou,,24,"Lahlou, Jacob","LAHLOU,JACOB",Amherst,AMH,1119-5348,2,2,19,0,19,0,0,0,5,0,0,0,0,0,2.50,.00,.00,.000,.000,0,0,0,0,0,0,0,.000,0,0,0,0,.00,.00,.00,.00,0,,110:00,0,.00,.00,,,,,,,,,,,,,,,,,,,,,
2026-27,msoc,New England Small College Athletic Conference (NESCAC),nescac,Amherst,"Hackett, Harrison",Harrison,Hackett,,24,"Hackett, Harrison","HACKETT,HARRISON",Amherst,AMH,1119-5723,6,2,20,0,20,0,0,0,0,2,2,0,0,0,.00,.00,.33,.000,.333,0,0,0,0,0,0,0,.000,0,0,0,0,.00,.00,.00,.00,0,,192:00,0,.00,.00,,,,,,,,,,,,,,,,,,,,,
2026-27,msoc,New England Small College Athletic Conference (NESCAC),nescac,Amherst,"Nuhu, Mohammed",Mohammed,Nuhu,,24,"Nuhu, Mohammed","NUHU,MOHAMMED",Amherst,AMH,1119-5161,6,6,21,0,21,0,0,11,28,5,3,1,0,0,4.67,1.83,.83,.167,.500,10,0,0,0,1,1,0,.000,1,0,1,0,.17,.17,.00,.00,0,,504:00,0,.00,.00,,,,,,,,,,,,,,,,,,,,,
2026-27,msoc,New England Small College Athletic Conference (NESCAC),nescac,Amherst,"Dinzeo, Jacob",Jacob,Dinzeo,,24,"Dinzeo, Jacob","DINZEO,JACOB",Amherst,AMH,1119-5343,5,4,22,0,22,0,0,2,5,2,0,1,0,0,1.00,.40,.40,.200,.000,1,0,0,0,0,0,1,.200,2,1,1,0,.40,.20,.20,.00,0,,372:00,0,.00,.00,,,,,,,,,,,,,,,,,,,,,
2026-27,msoc,New England Small College Athletic Conference (NESCAC),nescac,Amherst,"Price, Dylan",Dylan,Price,,24,"Price, Dylan","PRICE,DYLAN",Amherst,AMH,1119-5522,1,0,24,0,24,0,0,1,2,2,0,1,1,1,2.00,1.00,2.00,1.000,.000,0,0,0,0,0,1,0,.000,0,0,0,0,.00,.00,.00,.00,0,,27:00,0,.00,.00,,,,,,,,,,,,,,,,,,,,,
2026-27,msoc,New England Small College Athletic Conference (NESCAC),nescac,Amherst,"Stanger, Danny",Danny,Stanger,,24,"Stanger, Danny","STANGER,DANNY",Amherst,AMH,1119-5724,3,3,25,0,25,0,0,0,1,0,0,0,0,0,.33,.00,.00,.000,.000,0,0,0,0,0,0,0,.000,0,0,1,0,.00,.33,.00,.00,0,,185:00,0,.00,.00,,,,,,,,,,,,,,,,,,,,,
2026-27,msoc,New England Small College Athletic Conference (NESCAC),nescac,Amherst,"Krishnan, Kavi",Kavi,Krishnan,,24,"Krishnan, Kavi","KRISHNAN,KAVI",Amherst,AMH,1119-5523,3,2,27,0,27,0,0,0,0,0,0,0,0,0,.00,.00,.00,.000,.000,0,0,0,0,0,0,0,.000,0,0,0,0,.00,.00,.00,.00,0,,87:00,0,.00,.00,,,,,,,,,,,,,,,,,,,,,
2026-27,msoc,New England Small College Athletic Conference (NESCAC),nescac,Amherst,"Gramajo, Brandon",Brandon,Gramajo,,24,"Gramajo, Brandon","GRAMAJO,BRANDON",Amherst,AMH,1119-5535,4,1,31,0,31,0,0,0,0,0,0,0,0,0,.00,.00,.00,.000,.000,0,0,0,0,0,0,0,.000,0,0,0,0,.00,.00,.00,.00,0,,102:00,0,.00,.00,,,,,,,,,,,,,,,,,,,,,
2026-27,msoc,New England Small College Athletic Conference (NESCAC),nescac,Amherst,"Searl, Lucas",Lucas,Searl,,24,"Searl, Lucas","SEARL,LUCAS",Amherst,AMH,1119-5166,2,0,32,0,32,0,0,0,0,0,0,0,0,0,.00,.00,.00,.000,.000,0,0,0,0,0,0,0,.000,0,0,0,0,.00,.00,.00,.00,0,,24:00,0,.00,.00,,,,,,,,,,,,,,,,,,,,,
2026-27,msoc,New England Small College Athletic Conference (NESCAC),nescac,Amherst,"Wilkey, Edward",Edward,Wilkey,,24,"Wilkey, Edward","WILKEY,EDWARD",Amherst,AMH,1119-5725,5,1,33,0,33,0,0,3,3,2,0,1,0,0,.60,.60,.40,.200,.000,2,0,0,0,0,0,0,.000,0,0,0,0,.00,.00,.00,.00,0,,156:00,0,.00,.00,,,,,,,,,,,,,,,,,,,,,
2026-27,msoc,New England Small College Athletic Conference (NESCAC),nescac,Amherst,"Ansong, Stanley Obeng",Stanley Obeng,Ansong,,24,"Ansong, Stanley Obeng","ANSONG,STANLEY OBENG",Amherst,AMH,1119-5726,2,0,81,0,81,0,0,1,1,0,0,0,0,0,.50,.50,.00,.000,.000,1,0,0,0,0,0,0,.000,0,0,0,0,.00,.00,.00,.00,0,,25:00,0,.00,.00,,,,,,,,,,,,,,,,,,,,,
2026-27,msoc,New England Small College Athletic Conference (NESCAC),nescac,Bates,"Nassar, George",George,Nassar,,50,"Nassar, George","NASSAR,GEORGE",Bates,BAT,1120-5821,4,4,0,0,0,0,0,0,0,0,0,0,0,0,.00,.00,.00,.000,.000,0,0,0,0,0,0,0,.000,0,0,0,0,.00,.00,.00,.00,0,,315:00,0,.00,.00,,33,1,1,1,2,.615,1.43,8,5,315:00,4,4,1.25,0.615,.500,2.00,,,,
2026-27,msoc,New England Small College Athletic Conference (NESCAC),nescac,Bates,"Kolaczkowski, Isaac",Isaac,Kolaczkowski,,50,"Kolaczkowski, Isaac","KOLACZKOWSKI,ISAAC",Bates,BAT,1120-6389,3,2,1,0,1,0,0,0,0,0,0,0,0,0,.00,.00,.00,.000,.000,0,0,0,0,0,0,0,.000,0,0,0,0,.00,.00,.00,.00,0,,225:00,0,.00,.00,,14,0,1,2,1,.833,0.40,5,1,225:00,2,3,.33,0.833,.333,1.67,,,,
2026-27,msoc,New England Small College Athletic Conference (NESCAC),nescac,Bates,"Yu, Alden",Alden,Yu,,50,"Yu, Alden","YU,ALDEN",Bates,BAT,1120-6059,6,6,2,0,2,0,0,2,3,1,1,0,0,0,.50,.33,.17,.000,.167,2,0,0,0,0,0,0,.000,4,0,1,0,.67,.17,.00,.00,0,,498:00,0,.00,.00,,,,,,,,,,,,,,,,,,,,,
2026-27,msoc,New England Small College Athletic Conference (NESCAC),nescac,Bates,"Goddard, Andrew",Andrew,Goddard,,50,"Goddard, Andrew","GODDARD,ANDREW",Bates,BAT,1120-5566,0,0,3,0,3,0,0,0,0,0,0,0,0,0,.00,.00,.00,.000,.000,0,0,0,0,0,0,0,.000,0,0,0,0,.00,.00,.00,.00,0,,00:00,0,.00,.00,,,,,,,,,,,,,,,,,,,,,
2026-27,msoc,New England Small College Athletic Conference (NESCAC),nescac,Bates,"Gravereaux, Julian",Julian,Gravereaux,,50,"Gravereaux, Julian","GRAVEREAUX,JULIAN",Bates,BAT,1120-5817,5,5,4,0,4,0,0,1,2,0,0,0,0,0,.40,.20,.00,.000,.000,1,0,0,0,0,0,0,.000,2,0,0,0,.40,.00,.00,.00,0,,289:00,0,.00,.00,,,,,,,,,,,,,,,,,,,,,
2026-27,msoc,New England Small College Athletic Conference (NESCAC),nescac,Bates,"Fisher, Ethan",Ethan,Fisher,,50,"Fisher, Ethan","FISHER,ETHAN",Bates,BAT,1120-6054,1,0,5,0,5,0,0,0,0,0,0,0,0,0,.00,.00,.00,.000,.000,0,0,0,0,0,0,0,.000,0,0,0,0,.00,.00,.00,.00,0,,06:00,0,.00,.00,,,,,,,,,,,,,,,,,,,,,
2026-27,msoc,New England Small College Athletic Conference (NESCAC),nescac,Bates,"Bridge, Craddock",Craddock,Bridge,,50,"Bridge, Craddock","BRIDGE,CRADDOCK",Bates,BAT,1120-5564,4,0,6,0,6,0,0,1,1,0,0,0,0,0,.25,.25,.00,.000,.000,1,0,0,0,0,0,0,.000,2,0,0,0,.50,.00,.00,.00,0,,70:00,0,.00,.00,,,,,,,,,,,,,,,,,,,,,
2026-27,msoc,New England Small College Athletic Conference (NESCAC),nescac,Bates,"Jean Baptiste, Andrew",Andrew,Jean Baptiste,,50,"Jean Baptiste, Andrew","JEAN BAPTISTE,ANDREW",Bates,BAT,1120-5824,6,6,7,0,7,0,0,2,4,3,3,0,0,0,.67,.33,.50,.000,.500,2,0,0,0,0,0,0,.000,6,0,2,0,1.00,.33,.00,.00,0,,367:00,0,.00,.00,,,,,,,,,,,,,,,,,,,,,
2026-27,msoc,New England Small College Athletic Conference (NESCAC),nescac,Bates,"Perron, Zach",Zach,Perron,,50,"Perron, Zach","PERRON,ZACH",Bates,BAT,1120-5819,6,1,8,0,8,0,0,2,4,0,0,0,0,0,.67,.33,.00,.000,.000,2,0,0,0,0,0,0,.000,9,0,1,0,1.50,.17,.00,.00,0,,247:00,0,.00,.00,,,,,,,,,,,,,,,,,,,,,
2026-27,msoc,New England Small College Athletic Conference (NESCAC),nescac,Bates,"Mesa, Antonio",Antonio,Mesa,,50,"Mesa, Antonio","MESA,ANTONIO",Bates,BAT,1120-5569,6,1,9,0,9,0,0,3,5,2,0,1,1,1,.83,.50,.33,.167,.000,2,0,0,0,0,1,0,.000,8,0,0,0,1.33,.00,.00,.00,0,,211:00,0,.00,.00,,,,,,,,,,,,,,,,,,,,,
2026-27,msoc,New England Small College Athletic Conference (NESCAC),nescac,Bates,"Bianco, Chris",Chris,Bianco,,50,"Bianco, Chris","BIANCO,CHRIS",Bates,BAT,1120-6050,2,2,10,0,10,0,0,1,3,0,0,0,0,0,1.50,.50,.00,.000,.000,1,0,0,0,0,0,0,.000,5,0,0,0,2.50,.00,.00,.00,0,,127:00,0,.00,.00,,,,,,,,,,,,,,,,,,,,,
2026-27,msoc,New England Small College Athletic Conference (NESCAC),nescac,Bates,"Bogyo, Benny",Benny,Bogyo,,50,"Bogyo, Benny","BOGYO,BENNY",Bates,BAT,1120-5825,3,0,11,0,11,0,0,1,1,0,0,0,0,0,.33,.33,.00,.000,.000,1,0,0,0,0,0,0,.000,4,0,0,0,1.33,.00,.00,.00,0,,45:00,0,.00,.00,,,,,,,,,,,,,,,,,,,,,
2026-27,msoc,New England Small College Athletic Conference (NESCAC),nescac,Bates,"Parr, Luc",Luc,Parr,,50,"Parr, Luc","PARR,LUC",Bates,BAT,1120-5570,6,0,12,0,12,0,0,0,1,0,0,0,0,0,.17,.00,.00,.000,.000,0,0,0,0,0,0,0,.000,4,0,0,0,.67,.00,.00,.00,0,,154:00,0,.00,.00,,,,,,,,,,,,,,,,,,,,,
2026-27,msoc,New England Small College Athletic Conference (NESCAC),nescac,Bates,"Peercy, Jaden",Jaden,Peercy,,50,"Peercy, Jaden","PEERCY,JADEN",Bates,BAT,1120-6391,1,0,14,0,14,0,0,0,0,0,0,0,0,0,.00,.00,.00,.000,.000,0,0,0,0,0,0,0,.000,0,0,0,0,.00,.00,.00,.00,0,,17:00,0,.00,.00,,,,,,,,,,,,,,,,,,,,,
2026-27,msoc,New England Small College Athletic Conference (NESCAC),nescac,Bates,"Stevenson, Hewitt",Hewitt,Stevenson,,50,"Stevenson, Hewitt","STEVENSON,HEWITT",Bates,BAT,1120-5820,6,6,16,0,16,0,0,1,2,1,1,0,0,0,.33,.17,.17,.000,.167,1,0,0,0,0,0,0,.000,2,0,1,0,.33,.17,.00,.00,0,,467:00,0,.00,.00,,,,,,,,,,,,,,,,,,,,,
2026-27,msoc,New England Small College Athletic Conference (NESCAC),nescac,Bates,"Ceranoglu, Bora",Bora,Ceranoglu,,50,"Ceranoglu, Bora","CERANOGLU,BORA",Bates,BAT,1120-6385,6,5,17,0,17,0,0,6,12,4,0,2,0,0,2.00,1.00,.67,.333,.000,4,0,0,0,1,0,1,.167,4,0,0,0,.67,.00,.00,.00,0,,356:00,0,.00,.00,,,,,,,,,,,,,,,,,,,,,
2026-27,msoc,New England Small College Athletic Conference (NESCAC),nescac,Bates,"Haydar, Tully",Tully,Haydar,,50,"Haydar, Tully","HAYDAR,TULLY",Bates,BAT,1120-6055,3,0,18,0,18,0,0,0,0,0,0,0,0,0,.00,.00,.00,.000,.000,0,0,0,0,0,0,0,.000,1,0,0,0,.33,.00,.00,.00,0,,75:00,0,.00,.00,,,,,,,,,,,,,,,,,,,,,
2026-27,msoc,New England Small College Athletic Conference (NESCAC),nescac,Bates,"Rice, Colby",Colby,Rice,,50,"Rice, Colby","RICE,COLBY",Bates,BAT,1120-6392,3,0,19,0,19,0,0,0,1,0,0,0,0,0,.33,.00,.00,.000,.000,0,0,0,0,0,0,0,.000,0,0,0,0,.00,.00,.00,.00,0,,56:00,0,.00,.00,,,,,,,,,,,,,,,,,,,,,
2026-27,msoc,New England Small College Athletic Conference (NESCAC),nescac,Bates,"Coburn, Finn",Finn,Coburn,,50,"Coburn, Finn","COBURN,FINN",Bates,BAT,1120-6387,6,6,20,0,20,0,0,5,8,5,1,2,0,0,1.33,.83,.83,.333,.167,3,1,0,0,0,0,1,.167,0,0,0,0,.00,.00,.00,.00,0,,480:00,0,.00,.00,,,,,,,,,,,,,,,,,,,,,
2026-27,msoc,New England Small College Athletic Conference (NESCAC),nescac,Bates,"Burke, Danny",Danny,Burke,,50,"Burke, Danny","BURKE,DANNY",Bates,BAT,1120-6051,6,6,21,0,21,0,0,3,7,4,2,1,0,0,1.17,.50,.67,.167,.333,2,1,0,0,0,1,0,.000,5,0,0,0,.83,.00,.00,.00,0,,304:00,0,.00,.00,,,,,,,,,,,,,,,,,,,,,
2026-27,msoc,New England Small College Athletic Conference (NESCAC),nescac,Bates,"Seymour, Connor",Connor,Seymour,,50,"Seymour, Connor","SEYMOUR,CONNOR",Bates,BAT,1120-6393,5,0,22,0,22,0,0,0,2,1,1,0,0,0,.40,.00,.20,.000,.200,0,0,0,0,0,0,0,.000,2,0,0,0,.40,.00,.00,.00,0,,203:00,0,.00,.00,,,,,,,,,,,,,,,,,,,,,
2026-27,msoc,New England Small College Athletic Conference (NESCAC),nescac,Bates,"Stillman, Will",Will,Stillman,,50,"Stillman, Will","STILLMAN,WILL",Bates,BAT,1120-6058,5,3,23,0,23,0,0,4,5,2,0,1,0,0,1.00,.80,.40,.200,.000,3,0,0,0,1,0,1,.200,1,0,0,0,.20,.00,.00,.00,0,,275:00,0,.00,.00,,,,,,,,,,,,,,,,,,,,,
2026-27,msoc,New England Small College Athletic Conference (NESCAC),nescac,Bates,"Hensch, Alex",Alex,Hensch,,50,"Hensch, Alex","HENSCH,ALEX",Bates,BAT,1120-6388,6,5,24,0,24,0,0,3,10,2,0,1,0,0,1.67,.50,.33,.167,.000,2,0,0,0,1,0,0,.000,5,0,0,0,.83,.00,.00,.00,0,,371:00,0,.00,.00,,,,,,,,,,,,,,,,,,,,,
2026-27,msoc,New England Small College Athletic Conference (NESCAC),nescac,Bates,"Wendler, Asa",Asa,Wendler,,50,"Wendler, Asa","WENDLER,ASA",Bates,BAT,1120-6453,1,0,25,0,25,0,0,0,0,0,0,0,0,0,.00,.00,.00,.000,.000,0,0,0,0,0,0,0,.000,0,0,0,0,.00,.00,.00,.00,0,,01:00,0,.00,.00,,,,,,,,,,,,,,,,,,,,,
2026-27,msoc,New England Small College Athletic Conference (NESCAC),nescac,Bates,"Chedid, Marc",Marc,Chedid,,50,"Chedid, Marc","CHEDID,MARC",Bates,BAT,1120-6386,3,0,26,0,26,0,0,1,1,2,0,1,0,0,.33,.33,.67,.333,.000,0,1,0,0,0,1,0,.000,0,0,0,0,.00,.00,.00,.00,0,,90:00,0,.00,.00,,,,,,,,,,,,,,,,,,,,,
2026-27,msoc,New England Small College Athletic Conference (NESCAC),nescac,Bates,"Greiff, Noah",Noah,Greiff,,50,"Greiff, Noah","GREIFF,NOAH",Bates,BAT,1120-5567,6,6,27,0,27,0,0,0,2,0,0,0,0,0,.33,.00,.00,.000,.000,0,0,0,0,0,0,0,.000,1,0,0,0,.17,.00,.00,.00,0,,539:00,0,.00,.00,,,,,,,,,,,,,,,,,,,,,
2026-27,msoc,New England Small College Athletic Conference (NESCAC),nescac,Bates,"Liste, Balthazar",Balthazar,Liste,,50,"Liste, Balthazar","LISTE,BALTHAZAR",Bates,BAT,1120-6390,0,0,29,0,29,0,0,0,0,0,0,0,0,0,.00,.00,.00,.000,.000,0,0,0,0,0,0,0,.000,0,0,0,0,.00,.00,.00,.00,0,,00:00,0,.00,.00,,,,,,,,,,,,,,,,,,,,,
2026-27,msoc,New England Small College Athletic Conference (NESCAC),nescac,Bates,"McBean, Jackson",Jackson,McBean,,50,"McBean, Jackson","MCBEAN,JACKSON",Bates,BAT,1120-6056,0,0,30,0,30,0,0,0,0,0,0,0,0,0,.00,.00,.00,.000,.000,0,0,0,0,0,0,0,.000,0,0,0,0,.00,.00,.00,.00,0,,00:00,0,.00,.00,,,,,,,,,,,,,,,,,,,,,
2026-27,msoc,New England Small College Athletic Conference (NESCAC),nescac,Bates,"Nelson, Walter",Walter,Nelson,,50,"Nelson, Walter","NELSON,WALTER",Bates,BAT,1120-6057,4,2,31,0,31,0,0,2,3,0,0,0,0,0,.75,.50,.00,.000,.000,2,0,0,0,0,0,0,.000,4,0,1,0,1.00,.25,.00,.00,0,,179:00,0,.00,.00,,,,,,,,,,,,,,,,,,,,,
2026-27,msoc,New England Small College Athletic Conference (NESCAC),nescac,Bowdoin,Jon Perez,Jon,Perez,,69,Jon Perez,"PEREZ,JON",Bowdoin,BOWDOIN,1121-4442,0,0,1,0,1,0,0,0,0,0,0,0,0,0,.00,.00,.00,.000,.000,0,0,0,0,0,0,0,.000,0,0,0,0,.00,.00,.00,.00,0,,00:00,0,.00,.00,,,,,,,,,,,,,,,,,,,,,
2026-27,msoc,New England Small College Athletic Conference (NESCAC),nescac,Bowdoin,Patrick Ritter,Patrick,Ritter,,69,Patrick Ritter,"RITTER,PATRICK",Bowdoin,BOWDOIN,1121-4641,4,3,2,0,2,0,0,3,5,1,1,0,0,0,1.25,.75,.25,.000,.250,3,0,0,0,0,0,0,.000,0,0,0,0,.00,.00,.00,.00,0,,289:00,0,.00,.00,,,,,,,,,,,,,,,,,,,,,
2026-27,msoc,New England Small College Athletic Conference (NESCAC),nescac,Bowdoin,Luke Peltz,Luke,Peltz,,69,Luke Peltz,"PELTZ,LUKE",Bowdoin,BOWDOIN,1121-4241,4,3,3,0,3,0,0,0,0,0,0,0,0,0,.00,.00,.00,.000,.000,0,0,0,0,0,0,0,.000,0,0,0,0,.00,.00,.00,.00,0,,152:00,0,.00,.00,,,,,,,,,,,,,,,,,,,,,
2026-27,msoc,New England Small College Athletic Conference (NESCAC),nescac,Bowdoin,Holden Langlois,Holden,Langlois,,69,Holden Langlois,"LANGLOIS,HOLDEN",Bowdoin,BOWDOIN,1121-4875,6,5,4,0,4,0,0,2,5,1,1,0,0,0,.83,.33,.17,.000,.167,2,0,0,0,0,0,0,.000,2,0,1,0,.33,.17,.00,.00,0,,334:00,0,.00,.00,,,,,,,,,,,,,,,,,,,,,
2026-27,msoc,New England Small College Athletic Conference (NESCAC),nescac,Bowdoin,William Fowler,William,Fowler,,69,William Fowler,"FOWLER,WILLIAM",Bowdoin,BOWDOIN,1121-4240,7,2,5,0,5,0,0,2,3,4,0,2,0,0,.43,.29,.57,.286,.000,0,1,0,0,1,0,1,.143,5,0,0,0,.71,.00,.00,.00,0,,349:00,0,.00,.00,,,,,,,,,,,,,,,,,,,,,
2026-27,msoc,New England Small College Athletic Conference (NESCAC),nescac,Bowdoin,Masai Gordon,Masai,Gordon,,69,Masai Gordon,"GORDON,MASAI",Bowdoin,BOWDOIN,1121-4443,6,4,6,0,6,0,0,1,1,2,0,1,0,0,.17,.17,.33,.167,.000,0,0,0,0,1,0,1,.167,1,0,1,0,.17,.17,.00,.00,0,,149:00,0,.00,.00,,,,,,,,,,,,,,,,,,,,,
2026-27,msoc,New England Small College Athletic Conference (NESCAC),nescac,Bowdoin,Stefan Zehnacker,Stefan,Zehnacker,,69,Stefan Zehnacker,"ZEHNACKER,STEFAN",Bowdoin,BOWDOIN,1121-4643,7,4,7,0,7,0,0,0,3,1,1,0,0,0,.43,.00,.14,.000,.143,0,0,0,0,0,0,0,.000,3,0,1,0,.43,.14,.00,.00,0,,302:00,0,.00,.00,,,,,,,,,,,,,,,,,,,,,
2026-27,msoc,New England Small College Athletic Conference (NESCAC),nescac,Bowdoin,Jack Banks,Jack,Banks,,69,Jack Banks,"BANKS,JACK",Bowdoin,BOWDOIN,1121-4242,4,3,8,0,8,0,0,1,2,2,0,1,0,0,.50,.25,.50,.250,.000,0,0,0,0,0,0,0,.000,2,0,1,0,.50,.25,.00,.00,0,,272:00,0,.00,.00,,,,,,,,,,,,,,,,,,,,,
2026-27,msoc,New England Small College Athletic Conference (NESCAC),nescac,Bowdoin,Jasper Peters,Jasper,Peters,,69,Jasper Peters,"PETERS,JASPER",Bowdoin,BOWDOIN,1121-4646,0,0,9,0,9,0,0,0,0,0,0,0,0,0,.00,.00,.00,.000,.000,0,0,0,0,0,0,0,.000,0,0,0,0,.00,.00,.00,.00,0,,00:00,0,.00,.00,,,,,,,,,,,,,,,,,,,,,
2026-27,msoc,New England Small College Athletic Conference (NESCAC),nescac,Bowdoin,Adam Prince,Adam,Prince,,69,Adam Prince,"PRINCE,ADAM",Bowdoin,BOWDOIN,1121-4440,2,0,10,0,10,0,0,3,5,4,0,2,1,1,2.50,1.50,2.00,1.000,.000,1,1,0,0,0,0,1,.500,0,0,0,0,.00,.00,.00,.00,0,,64:00,0,.00,.00,,,,,,,,,,,,,,,,,,,,,
2026-27,msoc,New England Small College Athletic Conference (NESCAC),nescac,Bowdoin,Dos santos Arthur,Dos santos,Arthur,,69,Dos santos Arthur,"SANTOS,ARTHUR DOS",Bowdoin,BOWDOIN,1121-4441,2,2,11,0,11,0,0,1,4,0,0,0,0,0,2.00,.50,.00,.000,.000,1,0,0,0,0,0,0,.000,1,0,0,0,.50,.00,.00,.00,0,,68:00,0,.00,.00,,,,,,,,,,,,,,,,,,,,,
2026-27,msoc,New England Small College Athletic Conference (NESCAC),nescac,Bowdoin,Oliver King,Oliver,King,,69,Oliver King,"KING,OLIVER",Bowdoin,BOWDOIN,1121-4637,7,7,12,0,12,0,0,0,0,0,0,0,0,0,.00,.00,.00,.000,.000,0,0,0,0,0,0,0,.000,0,0,0,0,.00,.00,.00,.00,0,,630:00,0,.00,.00,,51,2,1,3,3,.853,0.71,29,5,630:00,7,7,.71,0.853,.429,4.14,,,,
2026-27,msoc,New England Small College Athletic Conference (NESCAC),nescac,Bowdoin,Owen Coffey,Owen,Coffey,,69,Owen Coffey,"COFFEY,OWEN",Bowdoin,BOWDOIN,1121-4876,4,0,13,0,13,0,0,1,2,0,0,0,0,0,.50,.25,.00,.000,.000,1,0,0,0,0,0,0,.000,0,0,0,0,.00,.00,.00,.00,0,,118:00,0,.00,.00,,,,,,,,,,,,,,,,,,,,,
2026-27,msoc,New England Small College Athletic Conference (NESCAC),nescac,Bowdoin,Liam Elias,Liam,Elias,,69,Liam Elias,"ELIAS,LIAM",Bowdoin,BOWDOIN,1121-4244,1,0,14,0,14,0,0,0,0,0,0,0,0,0,.00,.00,.00,.000,.000,0,0,0,0,0,0,0,.000,0,0,0,0,.00,.00,.00,.00,0,,54:00,0,.00,.00,,,,,,,,,,,,,,,,,,,,,
2026-27,msoc,New England Small College Athletic Conference (NESCAC),nescac,Bowdoin,Max Cook,Max,Cook,,69,Max Cook,"COOK,MAX",Bowdoin,BOWDOIN,1121-4638,7,6,15,0,15,0,0,2,3,0,0,0,0,0,.43,.29,.00,.000,.000,2,0,0,0,0,0,0,.000,6,0,2,0,.86,.29,.00,.00,0,,525:00,0,.00,.00,,,,,,,,,,,,,,,,,,,,,
2026-27,msoc,New England Small College Athletic Conference (NESCAC),nescac,Bowdoin,Lucas Nuernberg,Lucas,Nuernberg,,69,Lucas Nuernberg,"NUERNBERG,LUCAS",Bowdoin,BOWDOIN,1121-4644,7,5,16,0,16,0,0,0,2,0,0,0,0,0,.29,.00,.00,.000,.000,0,0,0,0,0,0,0,.000,0,0,1,0,.00,.14,.00,.00,0,,441:00,0,.00,.00,,,,,,,,,,,,,,,,,,,,,
2026-27,msoc,New England Small College Athletic Conference (NESCAC),nescac,Bowdoin,Donovan Sinicropi,Donovan,Sinicropi,,69,Donovan Sinicropi,"SINICROPI,DONOVAN",Bowdoin,BOWDOIN,1121-4645,5,4,17,0,17,0,0,3,8,2,0,1,0,0,1.60,.60,.40,.200,.000,2,0,0,0,1,0,1,.200,2,0,0,0,.40,.00,.00,.00,0,,383:00,0,.00,.00,,,,,,,,,,,,,,,,,,,,,
2026-27,msoc,New England Small College Athletic Conference (NESCAC),nescac,Bowdoin,Lukas Coetzee,Lukas,Coetzee,,69,Lukas Coetzee,"COETZEE,LUKAS",Bowdoin,BOWDOIN,1121-4877,0,0,18,0,18,0,0,0,0,0,0,0,0,0,.00,.00,.00,.000,.000,0,0,0,0,0,0,0,.000,0,0,0,0,.00,.00,.00,.00,0,,00:00,0,.00,.00,,,,,,,,,,,,,,,,,,,,,
2026-27,msoc,New England Small College Athletic Conference (NESCAC),nescac,Bowdoin,Peter Lines,Peter,Lines,,69,Peter Lines,"LINES,PETER",Bowdoin,BOWDOIN,1121-4878,5,5,19,0,19,0,0,0,1,0,0,0,0,0,.20,.00,.00,.000,.000,0,0,0,0,0,0,0,.000,2,0,1,0,.40,.20,.00,.00,0,,428:00,0,.00,.00,,,,,,,,,,,,,,,,,,,,,
2026-27,msoc,New England Small College Athletic Conference (NESCAC),nescac,Bowdoin,Noah Duffy,Noah,Duffy,,69,Noah Duffy,"DUFFY,NOAH",Bowdoin,BOWDOIN,1121-4879,5,0,20,0,20,0,0,1,2,0,0,0,0,0,.40,.20,.00,.000,.000,1,0,0,0,0,0,0,.000,0,0,0,0,.00,.00,.00,.00,0,,71:00,0,.00,.00,,,,,,,,,,,,,,,,,,,,,
2026-27,msoc,New England Small College Athletic Conference (NESCAC),nescac,Bowdoin,Alden Mehta,Alden,Mehta,,69,Alden Mehta,"MEHTA,ALDEN",Bowdoin,BOWDOIN,1121-4238,2,0,21,0,21,0,0,1,1,0,0,0,0,0,.50,.50,.00,.000,.000,1,0,0,0,0,0,0,.000,0,0,0,0,.00,.00,.00,.00,0,,61:00,0,.00,.00,,,,,,,,,,,,,,,,,,,,,
2026-27,msoc,New England Small College Athletic Conference (NESCAC),nescac,Bowdoin,Kofi Roberts,Kofi,Roberts,,69,Kofi Roberts,"ROBERTS,KOFI",Bowdoin,BOWDOIN,1121-4880,0,0,22,0,22,0,0,0,0,0,0,0,0,0,.00,.00,.00,.000,.000,0,0,0,0,0,0,0,.000,0,0,0,0,.00,.00,.00,.00,0,,00:00,0,.00,.00,,,,,,,,,,,,,,,,,,,,,
2026-27,msoc,New England Small College Athletic Conference (NESCAC),nescac,Bowdoin,Liam Myers,Liam,Myers,,69,Liam Myers,"MYERS,LIAM",Bowdoin,BOWDOIN,1121-4444,5,4,23,0,23,0,0,0,1,0,0,0,0,0,.20,.00,.00,.000,.000,0,0,0,0,0,0,0,.000,0,0,1,0,.00,.20,.00,.00,0,,393:00,0,.00,.00,,,,,,,,,,,,,,,,,,,,,
2026-27,msoc,New England Small College Athletic Conference (NESCAC),nescac,Bowdoin,Sam Ames,Sam,Ames,,69,Sam Ames,"AMES,SAM",Bowdoin,BOWDOIN,1121-4642,4,1,24,0,24,0,0,1,1,0,0,0,0,0,.25,.25,.00,.000,.000,1,0,0,0,0,0,0,.000,0,0,0,0,.00,.00,.00,.00,0,,56:00,0,.00,.00,,,,,,,,,,,,,,,,,,,,,
2026-27,msoc,New England Small College Athletic Conference (NESCAC),nescac,Bowdoin,Ben Reich,Ben,Reich,,69,Ben Reich,"REICH,BEN",Bowdoin,BOWDOIN,1121-4881,6,0,25,0,25,0,0,1,1,0,0,0,0,0,.17,.17,.00,.000,.000,1,0,0,0,0,0,0,.000,3,0,0,0,.50,.00,.00,.00,0,,135:00,0,.00,.00,,,,,,,,,,,,,,,,,,,,,
2026-27,msoc,New England Small College Athletic Conference (NESCAC),nescac,Bowdoin,George Lane,George,Lane,,69,George Lane,"LANE,GEORGE",Bowdoin,BOWDOIN,1121-4882,5,1,26,0,26,0,0,0,0,0,0,0,0,0,.00,.00,.00,.000,.000,0,0,0,0,0,0,0,.000,0,0,0,0,.00,.00,.00,.00,0,,247:00,0,.00,.00,,,,,,,,,,,,,,,,,,,,,
2026-27,msoc,New England Small College Athletic Conference (NESCAC),nescac,Bowdoin,Rocco Scenna,Rocco,Scenna,,69,Rocco Scenna,"SCENNA,ROCCO",Bowdoin,BOWDOIN,1121-4883,7,4,28,0,28,0,0,2,7,0,0,0,0,0,1.00,.29,.00,.000,.000,2,0,0,0,0,0,0,.000,0,0,0,0,.00,.00,.00,.00,0,,333:00,0,.00,.00,,,,,,,,,,,,,,,,,,,,,
2026-27,msoc,New England Small College Athletic Conference (NESCAC),nescac,Bowdoin,Patrick Brady,Patrick,Brady,,69,Patrick Brady,"BRADY,PATRICK",Bowdoin,BOWDOIN,1121-4884,7,7,29,0,29,0,0,10,16,5,1,2,0,0,2.29,1.43,.71,.286,.143,8,1,0,0,0,2,0,.000,2,0,1,0,.29,.14,.00,.00,0,,468:00,0,.00,.00,,,,,,,,,,,,,,,,,,,,,
2026-27,msoc,New England Small College Athletic Conference (NESCAC),nescac,Bowdoin,Keito Ishibashi,Keito,Ishibashi,,69,Keito Ishibashi,"ISHIBASHI,KEITO",Bowdoin,BOWDOIN,1121-4245,7,7,33,0,33,0,0,4,6,3,3,0,0,0,.86,.57,.43,.000,.429,4,0,0,0,0,0,0,.000,4,0,2,0,.57,.29,.00,.00,0,,619:00,0,.00,.00,,,,,,,,,,,,,,,,,,,,,
2026-27,msoc,New England Small College Athletic Conference (NESCAC),nescac,Hamilton,"Chipman, Sebastian",Sebastian,Chipman,,267,"Chipman, Sebastian","CHIPMAN,SEBASTIAN",Hamilton,HAM,1058-2801,0,0,0,0,0,0,0,0,0,0,0,0,0,0,.00,.00,.00,.000,.000,0,0,0,0,0,0,0,.000,0,0,0,0,.00,.00,.00,.00,0,,00:00,0,.00,.00,,,,,,,,,,,,,,,,,,,,,
2026-27,msoc,New England Small College Athletic Conference (NESCAC),nescac,Hamilton,"Walsh, Tobin",Tobin,Walsh,,267,"Walsh, Tobin","WALSH,TOBIN",Hamilton,HAM,1058-3032,4,3,00,0,00,0,0,0,0,0,0,0,0,0,.00,.00,.00,.000,.000,0,0,0,0,0,0,0,.000,0,0,0,0,.00,.00,.00,.00,0,,315:00,0,.00,.00,,46,2,1,1,1,.824,0.86,14,3,315:00,3,4,.75,0.824,.250,3.50,,,,
2026-27,msoc,New England Small College Athletic Conference (NESCAC),nescac,Hamilton,"Montesano Scheibe, Peter",Peter,Montesano Scheibe,,267,"Montesano Scheibe, Peter","MONTESANO SCHEIBE,PETER",Hamilton,HAM,1058-2561,3,3,1,0,1,0,0,0,0,0,0,0,0,0,.00,.00,.00,.000,.000,0,0,0,0,0,0,0,.000,0,0,0,0,.00,.00,.00,.00,0,,225:00,0,.00,.00,,30,0,2,0,0,.571,2.40,8,6,225:00,3,3,2.00,0.571,.000,2.67,,,,
2026-27,msoc,New England Small College Athletic Conference (NESCAC),nescac,Hamilton,"Wheeler, Finn",Finn,Wheeler,,267,"Wheeler, Finn","WHEELER,FINN",Hamilton,HAM,1058-2569,1,1,40,0,40,0,0,0,0,0,0,0,0,0,.00,.00,.00,.000,.000,0,0,0,0,0,0,0,.000,0,0,0,0,.00,.00,.00,.00,0,,90:00,0,.00,.00,,7,1,0,0,1,1.000,0.00,2,0,90:00,1,1,.00,1.000,1.000,2.00,,,,
2026-27,msoc,New England Small College Athletic Conference (NESCAC),nescac,Hamilton,"Doherty, Luke",Luke,Doherty,,267,"Doherty, Luke","DOHERTY,LUKE",Hamilton,HAM,1058-3042,0,0,50,0,50,0,0,0,0,0,0,0,0,0,.00,.00,.00,.000,.000,0,0,0,0,0,0,0,.000,0,0,0,0,.00,.00,.00,.00,0,,00:00,0,.00,.00,,,,,,,,,,,,,,,,,,,,,
2026-27,msoc,New England Small College Athletic Conference (NESCAC),nescac,Hamilton,"Babb, Owen",Owen,Babb,,267,"Babb, Owen","BABB,OWEN",Hamilton,HAM,1058-3259,0,0,55,0,55,0,0,0,0,0,0,0,0,0,.00,.00,.00,.000,.000,0,0,0,0,0,0,0,.000,0,0,0,0,.00,.00,.00,.00,0,,00:00,0,.00,.00,,,,,,,,,,,,,,,,,,,,,
2026-27,msoc,New England Small College Athletic Conference (NESCAC),nescac,Hamilton,"Hill, Brady",Brady,Hill,,267,"Hill, Brady","HILL,BRADY",Hamilton,HAM,1058-3252,7,4,2,0,2,0,0,0,2,0,0,0,0,0,.29,.00,.00,.000,.000,0,0,0,0,0,0,0,.000,4,0,0,0,.57,.00,.00,.00,0,,494:00,0,.00,.00,,,,,,,,,,,,,,,,,,,,,
2026-27,msoc,New England Small College Athletic Conference (NESCAC),nescac,Hamilton,"Hyland, Brady",Brady,Hyland,,267,"Hyland, Brady","HYLAND,BRADY",Hamilton,HAM,1058-3038,7,7,3,0,3,0,0,1,5,1,1,0,0,0,.71,.14,.14,.000,.143,1,0,0,0,0,0,0,.000,2,0,0,0,.29,.00,.00,.00,0,,559:00,0,.00,.00,,,,,,,,,,,,,,,,,,,,,
2026-27,msoc,New England Small College Athletic Conference (NESCAC),nescac,Hamilton,"Laidlaw, Zander",Zander,Laidlaw,,267,"Laidlaw, Zander","LAIDLAW,ZANDER",Hamilton,HAM,1058-2808,7,7,4,0,4,0,0,1,4,0,0,0,0,0,.57,.14,.00,.000,.000,1,0,0,0,0,0,0,.000,6,0,0,0,.86,.00,.00,.00,0,,543:00,0,.00,.00,,,,,,,,,,,,,,,,,,,,,
2026-27,msoc,New England Small College Athletic Conference (NESCAC),nescac,Hamilton,"Carol, Royce",Royce,Carol,,267,"Carol, Royce","CAROL,ROYCE",Hamilton,HAM,1058-2804,1,0,5,0,5,0,0,0,0,0,0,0,0,0,.00,.00,.00,.000,.000,0,0,0,0,0,0,0,.000,1,0,0,0,1.00,.00,.00,.00,0,,05:00,0,.00,.00,,,,,,,,,,,,,,,,,,,,,
2026-27,msoc,New England Small College Athletic Conference (NESCAC),nescac,Hamilton,"Fauth, William",William,Fauth,,267,"Fauth, William","FAUTH,WILLIAM",Hamilton,HAM,1058-3037,7,7,6,0,6,0,0,1,2,0,0,0,0,0,.29,.14,.00,.000,.000,1,0,0,0,0,0,0,.000,11,0,3,0,1.57,.43,.00,.00,0,,564:00,0,.00,.00,,,,,,,,,,,,,,,,,,,,,
2026-27,msoc,New England Small College Athletic Conference (NESCAC),nescac,Hamilton,"Falvey, Aidan",Aidan,Falvey,,267,"Falvey, Aidan","FALVEY,AIDAN",Hamilton,HAM,1058-2807,6,2,7,0,7,0,0,1,3,0,0,0,0,0,.50,.17,.00,.000,.000,1,0,0,0,0,0,0,.000,1,0,0,0,.17,.00,.00,.00,0,,134:00,0,.00,.00,,,,,,,,,,,,,,,,,,,,,
2026-27,msoc,New England Small College Athletic Conference (NESCAC),nescac,Hamilton,"Miller, Troy",Troy,Miller,,267,"Miller, Troy","MILLER,TROY",Hamilton,HAM,1058-2806,7,7,8,0,8,0,0,7,21,4,0,2,0,0,3.00,1.00,.57,.286,.000,5,0,0,0,1,0,1,.143,2,0,0,0,.29,.00,.00,.00,0,,475:00,0,.00,.00,,,,,,,,,,,,,,,,,,,,,
2026-27,msoc,New England Small College Athletic Conference (NESCAC),nescac,Hamilton,"Curran, Sean",Sean,Curran,,267,"Curran, Sean","CURRAN,SEAN",Hamilton,HAM,1058-3033,7,7,9,0,9,0,0,2,9,1,1,0,0,0,1.29,.29,.14,.000,.143,2,0,0,0,0,0,0,.000,12,0,2,0,1.71,.29,.00,.00,0,,363:00,0,.00,.00,,,,,,,,,,,,,,,,,,,,,
2026-27,msoc,New England Small College Athletic Conference (NESCAC),nescac,Hamilton,"Ferrare, Patrick",Patrick,Ferrare,,267,"Ferrare, Patrick","FERRARE,PATRICK",Hamilton,HAM,1058-2562,5,5,10,0,10,0,0,1,3,0,0,0,0,0,.60,.20,.00,.000,.000,1,0,0,0,0,0,0,.000,3,0,0,0,.60,.00,.00,.00,0,,283:00,0,.00,.00,,,,,,,,,,,,,,,,,,,,,
2026-27,msoc,New England Small College Athletic Conference (NESCAC),nescac,Hamilton,"Tracy, Zach",Zach,Tracy,,267,"Tracy, Zach","TRACY,ZACH",Hamilton,HAM,1058-2802,6,5,11,0,11,0,0,0,4,1,1,0,0,0,.67,.00,.17,.000,.167,0,0,0,0,0,0,0,.000,3,0,1,0,.50,.17,.00,.00,0,,387:00,0,.00,.00,,,,,,,,,,,,,,,,,,,,,
2026-27,msoc,New England Small College Athletic Conference (NESCAC),nescac,Hamilton,"Hehir, Michael",Michael,Hehir,,267,"Hehir, Michael","HEHIR,MICHAEL",Hamilton,HAM,1058-2809,0,0,12,0,12,0,0,0,0,0,0,0,0,0,.00,.00,.00,.000,.000,0,0,0,0,0,0,0,.000,0,0,0,0,.00,.00,.00,.00,0,,00:00,0,.00,.00,,,,,,,,,,,,,,,,,,,,,
2026-27,msoc,New England Small College Athletic Conference (NESCAC),nescac,Hamilton,"Rella-Neill, Silas",Silas,Rella-Neill,,267,"Rella-Neill, Silas","RELLA-NEILL,SILAS",Hamilton,HAM,1058-2566,7,2,13,0,13,0,0,0,2,0,0,0,0,0,.29,.00,.00,.000,.000,0,0,0,0,0,0,0,.000,8,0,0,0,1.14,.00,.00,.00,0,,209:00,0,.00,.00,,,,,,,,,,,,,,,,,,,,,
2026-27,msoc,New England Small College Athletic Conference (NESCAC),nescac,Hamilton,"Molusis, Adam",Adam,Molusis,,267,"Molusis, Adam","MOLUSIS,ADAM",Hamilton,HAM,1058-2565,7,7,14,0,14,0,0,1,3,1,1,0,0,0,.43,.14,.14,.000,.143,1,0,0,0,0,0,0,.000,1,0,0,0,.14,.00,.00,.00,0,,626:00,0,.00,.00,,,,,,,,,,,,,,,,,,,,,
2026-27,msoc,New England Small College Athletic Conference (NESCAC),nescac,Hamilton,"Alonso Mendoza, Mariano",Mariano,Alonso Mendoza,,267,"Alonso Mendoza, Mariano","ALONSO MENDOZA,MARIANO",Hamilton,HAM,1058-3253,4,0,15,0,15,0,0,0,1,0,0,0,0,0,.25,.00,.00,.000,.000,0,0,0,0,0,0,0,.000,0,0,0,0,.00,.00,.00,.00,0,,107:00,0,.00,.00,,,,,,,,,,,,,,,,,,,,,
2026-27,msoc,New England Small College Athletic Conference (NESCAC),nescac,Hamilton,"Becker, Bill",Bill,Becker,,267,"Becker, Bill","BECKER,BILL",Hamilton,HAM,1058-2355,0,0,16,0,16,0,0,0,0,0,0,0,0,0,.00,.00,.00,.000,.000,0,0,0,0,0,0,0,.000,0,0,0,0,.00,.00,.00,.00,0,,00:00,0,.00,.00,,,,,,,,,,,,,,,,,,,,,
2026-27,msoc,New England Small College Athletic Conference (NESCAC),nescac,Hamilton,"Cavalieri, Abe",Abe,Cavalieri,,267,"Cavalieri, Abe","CAVALIERI,ABE",Hamilton,HAM,1058-3254,6,0,17,0,17,0,0,0,1,0,0,0,0,0,.17,.00,.00,.000,.000,0,0,0,0,0,0,0,.000,4,0,0,0,.67,.00,.00,.00,0,,110:00,0,.00,.00,,,,,,,,,,,,,,,,,,,,,
2026-27,msoc,New England Small College Athletic Conference (NESCAC),nescac,Hamilton,"Rodriguez, Milo",Milo,Rodriguez,,267,"Rodriguez, Milo","RODRIGUEZ,MILO",Hamilton,HAM,1058-3034,0,0,18,0,18,0,0,0,0,0,0,0,0,0,.00,.00,.00,.000,.000,0,0,0,0,0,0,0,.000,0,0,0,0,.00,.00,.00,.00,0,,00:00,0,.00,.00,,,,,,,,,,,,,,,,,,,,,
2026-27,msoc,New England Small College Athletic Conference (NESCAC),nescac,Hamilton,"Antezana, Julian",Julian,Antezana,,267,"Antezana, Julian","ANTEZANA,JULIAN",Hamilton,HAM,1058-3255,7,0,19,0,19,0,0,2,4,2,0,1,0,0,.57,.29,.29,.143,.000,1,1,0,0,0,0,0,.000,3,0,1,0,.43,.14,.00,.00,0,,202:00,0,.00,.00,,,,,,,,,,,,,,,,,,,,,
2026-27,msoc,New England Small College Athletic Conference (NESCAC),nescac,Hamilton,"Lyubinsky, Ari",Ari,Lyubinsky,,267,"Lyubinsky, Ari","LYUBINSKY,ARI",Hamilton,HAM,1058-3256,6,0,20,0,20,0,0,0,1,0,0,0,0,0,.17,.00,.00,.000,.000,0,0,0,0,0,0,0,.000,4,0,0,0,.67,.00,.00,.00,0,,188:00,0,.00,.00,,,,,,,,,,,,,,,,,,,,,
2026-27,msoc,New England Small College Athletic Conference (NESCAC),nescac,Hamilton,"Becker, Daniel",Daniel,Becker,,267,"Becker, Daniel","BECKER,DANIEL",Hamilton,HAM,1058-2805,0,0,21,0,21,0,0,0,0,0,0,0,0,0,.00,.00,.00,.000,.000,0,0,0,0,0,0,0,.000,0,0,0,0,.00,.00,.00,.00,0,,00:00,0,.00,.00,,,,,,,,,,,,,,,,,,,,,
2026-27,msoc,New England Small College Athletic Conference (NESCAC),nescac,Hamilton,"Mylon, Oliver",Oliver,Mylon,,267,"Mylon, Oliver","MYLON,OLIVER",Hamilton,HAM,1058-3036,7,5,22,0,22,0,0,3,12,3,1,1,0,0,1.71,.43,.43,.143,.143,2,0,0,0,0,0,0,.000,3,0,0,0,.43,.00,.00,.00,0,,437:00,0,.00,.00,,,,,,,,,,,,,,,,,,,,,
2026-27,msoc,New England Small College Athletic Conference (NESCAC),nescac,Hamilton,"Mahe, Romaric",Romaric,Mahe,,267,"Mahe, Romaric","MAHE,ROMARIC",Hamilton,HAM,1058-3041,6,5,23,0,23,0,0,1,3,0,0,0,0,0,.50,.17,.00,.000,.000,1,0,0,0,0,0,0,.000,4,0,1,0,.67,.17,.00,.00,0,,254:00,0,.00,.00,,,,,,,,,,,,,,,,,,,,,
2026-27,msoc,New England Small College Athletic Conference (NESCAC),nescac,Hamilton,"Foster, Henry",Henry,Foster,,267,"Foster, Henry","FOSTER,HENRY",Hamilton,HAM,1058-3257,6,0,25,0,25,0,0,2,2,0,0,0,0,0,.33,.33,.00,.000,.000,2,0,0,0,0,0,0,.000,1,0,0,0,.17,.00,.00,.00,0,,120:00,0,.00,.00,,,,,,,,,,,,,,,,,,,,,
2026-27,msoc,New England Small College Athletic Conference (NESCAC),nescac,Hamilton,"Balbo, Christian",Christian,Balbo,,267,"Balbo, Christian","BALBO,CHRISTIAN",Hamilton,HAM,1058-2568,0,0,27,0,27,0,0,0,0,0,0,0,0,0,.00,.00,.00,.000,.000,0,0,0,0,0,0,0,.000,0,0,0,0,.00,.00,.00,.00,0,,00:00,0,.00,.00,,,,,,,,,,,,,,,,,,,,,
2026-27,msoc,New England Small College Athletic Conference (NESCAC),nescac,Hamilton,"Ndiolo, Anthony",Anthony,Ndiolo,,267,"Ndiolo, Anthony","NDIOLO,ANTHONY",Hamilton,HAM,1058-3039,4,0,30,0,30,0,0,1,1,0,0,0,0,0,.25,.25,.00,.000,.000,1,0,0,0,0,0,0,.000,2,0,1,0,.50,.25,.00,.00,0,,50:00,0,.00,.00,,,,,,,,,,,,,,,,,,,,,
2026-27,msoc,New England Small College Athletic Conference (NESCAC),nescac,Hamilton,"Abou, Bashir",Bashir,Abou,,267,"Abou, Bashir","ABOU,BASHIR",Hamilton,HAM,1058-3258,6,0,29,0,29,0,0,1,3,0,0,0,0,0,.50,.17,.00,.000,.000,1,0,0,0,0,0,0,.000,5,0,0,0,.83,.00,.00,.00,0,,190:00,0,.00,.00,,,,,,,,,,,,,,,,,,,,,
