season,sport,conference,conference_code,team,player_name,first_name,last_name,position,team_code,name,checkname,team_name,team_id,sdrm_id,games_played,games_started,uniform,year,code,shot_stats_penalty_kick_attempts,shot_stats_penalty_kick_goals,shot_stats_shots_on_goal,shot_stats_shots,shot_stats_points,shot_stats_assists,shot_stats_goals,shot_stats_penalty_shot_attempts,shot_stats_penalty_shot_goals,shot_stats_avg_shots_per_game,shot_stats_avg_sog_per_game,shot_stats_avg_points_per_game,shot_stats_avg_goals_per_game,shot_stats_avg_assists_per_game,shot_stats_shots_saved_by_goalie,goal_stats_game_tying,goal_stats_hattricks,goal_stats_overtime,goal_stats_first,goal_stats_unassisted,goal_stats_game_winning,goal_stats_avg_gw_per_game,caution_stats_fouls,caution_stats_red_cards,caution_stats_yellow_cards,caution_stats_green_cards,caution_stats_avg_fouls_per_game,caution_stats_avg_yc_per_game,caution_stats_avg_rc_per_game,caution_stats_avg_gc_per_game,misc_stats_offsides,misc_stats_corner_kicks,misc_stats_minutes_played,misc_stats_defensive_saves,misc_stats_avg_corners_per_game,misc_stats_avg_offsides_per_game,goalie_stats_shots_faced,goalie_stats_ties,goalie_stats_losses,goalie_stats_wins,goalie_stats_shutouts,goalie_stats_save_percentage,goalie_stats_goals_against_avg,goalie_stats_saves,goalie_stats_goals_allowed,goalie_stats_minutes,goalie_stats_games_started,goalie_stats_games_played,goalie_stats_avg_ga_per_game,goalie_stats_save_percentage_calc,goalie_stats_avg_sho_per_game,goalie_stats_avg_saves_per_game,goalie_stats,shot_stats,goal_stats,caution_stats,misc_stats,composite_score,global_rank,rating
2026-27,msoc,North Eastern Athletic Conference,north_eastern_athletic_c,Cairn University,"Miller, Alijah",Alijah,Miller,,1305,"Miller, Alijah","MILLER,ALIJAH",Cairn University,CAI,0,9,9,13,0,13,0,0,16,45,17,5,6,1,0,5.00,1.78,1.89,.667,.556,10,0,0,0,2,2,1,.111,6,0,0,0,.67,.00,.00,.00,0,,723:00,0,.00,.00,,,,,,,,,,,,,,,,,,,,,,26.032071729130994,1,99
2026-27,msoc,North Eastern Athletic Conference,north_eastern_athletic_c,St. Mary's (Md.),"Haney, Nick",Nick,Haney,,611,"Haney, Nick","HANEY,NICK",St. Mary's (Md.),SMC,0,9,8,18,0,18,0,0,11,30,12,2,5,1,1,3.33,1.22,1.33,.556,.222,6,0,0,0,0,4,0,.000,23,0,0,0,2.56,.00,.00,.00,0,,539:00,0,.00,.00,,,,,,,,,,,,,,,,,,,,,,16.46812310317628,2,99
2026-27,msoc,North Eastern Athletic Conference,north_eastern_athletic_c,Penn State Abington,"Rafferty, Frankie",Frankie,Rafferty,,30114,"Rafferty, Frankie","RAFFERTY,FRANKIE",Penn State Abington,PSA,2032-1675,9,9,22,0,22,0,0,11,13,10,2,4,0,0,1.44,1.22,1.11,.444,.222,7,1,0,0,3,1,0,.000,10,0,2,0,1.11,.22,.00,.00,0,,577:00,0,.00,.00,,,,,,,,,,,,,,,,,,,,,,14.097180624719783,3,99
2026-27,msoc,North Eastern Athletic Conference,north_eastern_athletic_c,St. Mary's (Md.),"Blaum, Zach",Zach,Blaum,,611,"Blaum, Zach","BLAUM,ZACH",St. Mary's (Md.),SMC,0,9,9,26,0,26,0,0,8,19,10,2,4,0,0,2.11,.89,1.11,.444,.222,4,1,0,0,0,0,1,.111,22,0,1,0,2.44,.11,.00,.00,0,,699:00,0,.00,.00,,,,,,,,,,,,,,,,,,,,,,13.46366821759611,4,98
2026-27,msoc,North Eastern Athletic Conference,north_eastern_athletic_c,Keystone College,"Cummings, Aiden",Aiden,Cummings,,30047,"Cummings, Aiden","CUMMINGS,AIDEN",Keystone College,KC,1242-3222,8,5,7,0,7,0,0,8,23,10,0,5,0,0,2.88,1.00,1.25,.625,.000,3,0,0,0,2,2,2,.250,5,1,1,0,.63,.13,.13,.00,0,,508:00,0,.00,.00,,,,,,,,,,,,,,,,,,,,,,11.743175938968983,5,98
2026-27,msoc,North Eastern Athletic Conference,north_eastern_athletic_c,Penn College,"Beachy, Warrick",Warrick,Beachy,,30190,"Beachy, Warrick","BEACHY,WARRICK",Penn College,PCT,2220-2108,10,7,15,0,15,0,0,9,12,9,1,4,0,0,1.20,.90,.90,.400,.100,5,0,0,0,1,1,1,.100,2,0,1,0,.20,.10,.00,.00,0,,428:00,0,.00,.00,,,,,,,,,,,,,,,,,,,,,,11.629121641428855,6,98
2026-27,msoc,North Eastern Athletic Conference,north_eastern_athletic_c,St. Mary's (Md.),"Evans, Lucas",Lucas,Evans,,611,"Evans, Lucas","EVANS,LUCAS",St. Mary's (Md.),SMC,0,9,9,7,0,7,0,0,8,14,7,3,2,0,0,1.56,.89,.78,.222,.333,6,1,0,0,0,0,0,.000,13,0,1,0,1.44,.11,.00,.00,0,,607:00,0,.00,.00,,,,,,,,,,,,,,,,,,,,,,10.767500639224929,7,97
2026-27,msoc,North Eastern Athletic Conference,north_eastern_athletic_c,Penn State Berks,"Grant, Terridine",Terridine,Grant,,30044,"Grant, Terridine","GRANT,TERRIDINE",Penn State Berks,PSU,1243-1936,10,9,10,0,10,0,0,12,18,8,0,4,0,0,1.80,1.20,.80,.400,.000,8,1,0,0,2,1,1,.100,11,0,2,0,1.10,.20,.00,.00,0,,676:00,0,.00,.00,,,,,,,,,,,,,,,,,,,,,,10.216916670010717,8,97
2026-27,msoc,North Eastern Athletic Conference,north_eastern_athletic_c,Cairn University,"Ejiofor, Elijah",Elijah,Ejiofor,,1305,"Ejiofor, Elijah","EJIOFOR,ELIJAH",Cairn University,CAI,0,9,9,9,0,9,0,0,7,21,8,0,4,0,0,2.33,.78,.89,.444,.000,3,0,0,0,1,2,0,.000,4,0,0,0,.44,.00,.00,.00,0,,615:00,0,.00,.00,,,,,,,,,,,,,,,,,,,,,,9.161062658137928,9,97
2026-27,msoc,North Eastern Athletic Conference,north_eastern_athletic_c,Penn State Berks,"Stuck, Callan",Callan,Stuck,,30044,"Stuck, Callan","STUCK,CALLAN",Penn State Berks,PSU,1243-2102,10,8,21,0,21,0,0,9,17,6,2,2,0,0,1.70,.90,.60,.200,.200,7,2,0,0,0,2,0,.000,6,0,0,0,.60,.00,.00,.00,0,,720:00,0,.00,.00,,,,,,,,,,,,,,,,,,,,,,8.932954063057675,10,96
2026-27,msoc,North Eastern Athletic Conference,north_eastern_athletic_c,Lancaster Bible College,"Lee, Jeremy",Jeremy,Lee,,30085,"Lee, Jeremy","LEE,JEREMY",Lancaster Bible College,LBC,1391-2619,8,4,23,0,23,0,0,7,9,6,2,2,0,0,1.13,.88,.75,.250,.250,5,0,0,0,1,0,0,.000,4,0,0,0,.50,.00,.00,.00,0,,407:00,0,.00,.00,,,,,,,,,,,,,,,,,,,,,,8.51061245830856,11,96
2026-27,msoc,North Eastern Athletic Conference,north_eastern_athletic_c,Lancaster Bible College,"Bormolini, Gabe",Gabe,Bormolini,,30085,"Bormolini, Gabe","BORMOLINI,GABE",Lancaster Bible College,LBC,1391-2620,9,6,11,0,11,0,0,4,8,7,1,3,0,0,.89,.44,.78,.333,.111,1,0,0,0,0,0,1,.111,6,0,0,0,.67,.00,.00,.00,0,,464:00,0,.00,.00,,,,,,,,,,,,,,,,,,,,,,8.202325151099572,12,96
2026-27,msoc,North Eastern Athletic Conference,north_eastern_athletic_c,Lancaster Bible College,"Dellaperute, Silas",Silas,Dellaperute,,30085,"Dellaperute, Silas","DELLAPERUTE,SILAS",Lancaster Bible College,LBC,1391-2479,9,8,10,0,10,0,0,6,18,5,3,1,0,0,2.00,.67,.56,.111,.333,5,1,0,0,0,0,0,.000,12,0,0,0,1.33,.00,.00,.00,0,,569:00,0,.00,.00,,,,,,,,,,,,,,,,,,,,,,7.974216556019318,13,95
2026-27,msoc,North Eastern Athletic Conference,north_eastern_athletic_c,St. Mary's (Md.),"Kindred, Braden",Braden,Kindred,,611,"Kindred, Braden","KINDRED,BRADEN",St. Mary's (Md.),SMC,0,7,7,17,0,17,0,0,5,15,5,3,1,0,0,2.14,.71,.71,.143,.429,4,0,0,0,1,0,0,.000,2,0,1,0,.29,.14,.00,.00,0,,322:00,0,.00,.00,,,,,,,,,,,,,,,,,,,,,,7.763045753644761,14,95
2026-27,msoc,North Eastern Athletic Conference,north_eastern_athletic_c,Lancaster Bible College,"Reyes, Ruben",Ruben,Reyes,,30085,"Reyes, Ruben","REYES,RUBEN",Lancaster Bible College,LBC,1391-2473,8,8,16,0,16,0,0,1,5,5,3,1,0,0,.63,.13,.63,.125,.375,0,0,0,0,1,0,0,.000,9,0,3,0,1.13,.38,.00,.00,0,,601:00,0,.00,.00,,,,,,,,,,,,,,,,,,,,,,6.918362544146531,15,95
2026-27,msoc,North Eastern Athletic Conference,north_eastern_athletic_c,Penn State Harrisburg,"Bhalla, Tai",Tai,Bhalla,,30081,"Bhalla, Tai","BHALLA,TAI",Penn State Harrisburg,PSH,1244-1780,8,8,7,0,7,0,0,7,13,6,0,3,1,1,1.63,.88,.75,.375,.000,4,0,0,0,0,1,0,.000,9,0,2,0,1.13,.25,.00,.00,0,,720:00,0,.00,.00,,,,,,,,,,,,,,,,,,,,,,6.790120179681433,16,95
2026-27,msoc,North Eastern Athletic Conference,north_eastern_athletic_c,Cairn University,"Babyak, Nathan",Nathan,Babyak,,1305,"Babyak, Nathan","BABYAK,NATHAN",Cairn University,CAI,0,9,9,6,0,6,0,0,8,19,5,1,2,0,0,2.11,.89,.56,.222,.111,6,0,0,0,0,2,0,.000,7,0,0,0,.78,.00,.00,.00,0,,697:00,0,.00,.00,,,,,,,,,,,,,,,,,,,,,,6.676065882141305,17,94
2026-27,msoc,North Eastern Athletic Conference,north_eastern_athletic_c,Penn College,"Watson, Will",Will,Watson,,30190,"Watson, Will","WATSON,WILL",Penn College,PCT,2220-1957,10,8,4,0,4,0,0,8,14,5,1,2,0,0,1.40,.80,.50,.200,.100,6,1,0,0,1,1,0,.000,2,0,3,0,.20,.30,.00,.00,0,,636:00,0,.00,.00,,,,,,,,,,,,,,,,,,,,,,6.676065882141305,18,94
2026-27,msoc,North Eastern Athletic Conference,north_eastern_athletic_c,Notre Dame of Maryland,Athanasios Ziliaskopoulos,Athanasios,Ziliaskopoulos,,8600,Athanasios Ziliaskopoulos ,",ATHANASIOS ZILIASKOPOULOS",Notre Dame of Maryland,NDMU,0,6,6,25,0,25,0,0,6,12,5,1,2,1,1,2.00,1.00,.83,.333,.167,4,0,0,0,0,1,1,.167,8,0,0,0,1.33,.00,.00,.00,0,,422:00,0,.00,.00,,,,,,,,,,,,,,,,,,,,,,6.25372427739219,19,94
2026-27,msoc,North Eastern Athletic Conference,north_eastern_athletic_c,Penn College,"Diaz, Diego",Diego,Diaz,,30190,"Diaz, Diego","DIAZ,DIEGO",Penn College,PCT,2220-1945,10,9,29,0,29,0,0,9,25,3,3,0,0,0,2.50,.90,.30,.000,.300,9,0,0,0,0,0,0,.000,5,0,2,0,.50,.20,.00,.00,0,,647:00,0,.00,.00,,,,,,,,,,,,,,,,,,,,,,6.236786484686495,20,94
2026-27,msoc,North Eastern Athletic Conference,north_eastern_athletic_c,Penn State Harrisburg,"Cherif, Moussa",Moussa,Cherif,,30081,"Cherif, Moussa","CHERIF,MOUSSA",Penn State Harrisburg,PSH,1244-2186,8,2,13,0,13,0,0,5,7,5,1,2,0,0,.88,.63,.63,.250,.125,3,0,0,0,1,1,0,.000,2,0,0,0,.25,.00,.00,.00,0,,268:00,0,.00,.00,,,,,,,,,,,,,,,,,,,,,,6.042553475017633,21,94
2026-27,msoc,North Eastern Athletic Conference,north_eastern_athletic_c,Penn College,"Hudak, Joshua",Joshua,Hudak,,30190,"Hudak, Joshua","HUDAK,JOSHUA",Penn College,PCT,2220-1950,10,2,9,0,9,0,0,3,4,6,0,3,0,0,.40,.30,.60,.300,.000,0,1,0,0,0,1,0,.000,5,0,1,0,.50,.10,.00,.00,0,,240:00,0,.00,.00,,,,,,,,,,,,,,,,,,,,,,5.945436970183203,22,94
2026-27,msoc,North Eastern Athletic Conference,north_eastern_athletic_c,Lancaster Bible College,"Melleby, Jacob",Jacob,Melleby,,30085,"Melleby, Jacob","MELLEBY,JACOB",Lancaster Bible College,LBC,1391-2622,8,6,18,0,18,0,0,3,8,6,0,3,0,0,1.00,.38,.75,.375,.000,0,0,0,0,0,0,1,.125,7,0,0,0,.88,.00,.00,.00,0,,409:00,0,.00,.00,,,,,,,,,,,,,,,,,,,,,,5.945436970183203,23,94
2026-27,msoc,North Eastern Athletic Conference,north_eastern_athletic_c,Penn State Brandywine,Brian Zuniga,Brian,Zuniga,,30189,Brian Zuniga,"ZUNIGA,BRIAN",Penn State Brandywine,PSW,0,7,7,21,0,21,0,0,4,7,5,1,2,1,1,1.00,.57,.71,.286,.143,2,0,0,0,0,1,0,.000,4,0,0,0,.57,.00,.00,.00,0,,575:00,0,.00,.00,,,,,,,,,,,,,,,,,,,,,,5.831382672643075,24,94
2026-27,msoc,North Eastern Athletic Conference,north_eastern_athletic_c,Penn College,"Goldfeder, Scott",Scott,Goldfeder,,30190,"Goldfeder, Scott","GOLDFEDER,SCOTT",Penn College,PCT,2220-1723,9,9,19,0,19,0,0,3,10,5,1,2,2,1,1.11,.33,.56,.222,.111,1,1,0,0,1,0,0,.000,1,0,1,0,.11,.11,.00,.00,0,,495:00,0,.00,.00,,,,,,,,,,,,,,,,,,,,,,5.620211870268518,25,93
2026-27,msoc,North Eastern Athletic Conference,north_eastern_athletic_c,Penn College,"Mathes, Andrew",Andrew,Mathes,,30190,"Mathes, Andrew","MATHES,ANDREW",Penn College,PCT,2220-2114,10,5,26,0,26,0,0,3,5,5,1,2,0,0,.50,.30,.50,.200,.100,1,0,0,0,1,0,0,.000,2,0,1,0,.20,.10,.00,.00,0,,403:00,0,.00,.00,,,,,,,,,,,,,,,,,,,,,,5.620211870268518,26,93
2026-27,msoc,North Eastern Athletic Conference,north_eastern_athletic_c,Penn State Harrisburg,"Quinton, Mason",Mason,Quinton,,30081,"Quinton, Mason","QUINTON,MASON",Penn State Harrisburg,PSH,1244-2124,8,7,12,0,12,0,0,3,7,5,1,2,0,0,.88,.38,.63,.250,.125,1,0,0,0,1,1,0,.000,4,0,0,0,.50,.00,.00,.00,0,,458:00,0,.00,.00,,,,,,,,,,,,,,,,,,,,,,5.620211870268518,27,93
2026-27,msoc,North Eastern Athletic Conference,north_eastern_athletic_c,Penn State Berks,"Harrison, Nicolas",Nicolas,Harrison,,30044,"Harrison, Nicolas","HARRISON,NICOLAS",Penn State Berks,PSU,1243-2008,10,9,8,0,8,0,0,4,7,4,2,1,0,0,.70,.40,.40,.100,.200,3,0,0,0,0,0,0,.000,6,0,1,0,.60,.10,.00,.00,0,,725:00,0,.00,.00,,,,,,,,,,,,,,,,,,,,,,5.50615757272839,28,93
2026-27,msoc,North Eastern Athletic Conference,north_eastern_athletic_c,Penn State Abington,"Shire, Aramis",Aramis,Shire,,30114,"Shire, Aramis","SHIRE,ARAMIS",Penn State Abington,PSA,2032-1807,9,9,33,0,33,0,0,4,10,4,2,1,0,0,1.11,.44,.44,.111,.222,3,1,0,0,0,1,0,.000,9,0,2,0,1.00,.22,.00,.00,0,,795:00,0,.00,.00,,,,,,,,,,,,,,,,,,,,,,5.50615757272839,29,93
2026-27,msoc,North Eastern Athletic Conference,north_eastern_athletic_c,Penn State Berks,"Rios, Sebastian",Sebastian,Rios,,30044,"Rios, Sebastian","RIOS,SEBASTIAN",Penn State Berks,PSU,1243-2184,8,5,22,0,22,0,0,2,3,5,1,2,0,0,.38,.25,.63,.250,.125,0,1,0,0,0,1,0,.000,3,0,1,0,.38,.13,.00,.00,0,,401:00,0,.00,.00,,,,,,,,,,,,,,,,,,,,,,5.40904106789396,30,93
2026-27,msoc,North Eastern Athletic Conference,north_eastern_athletic_c,Cairn University,"Warfield, Akiel",Akiel,Warfield,,1305,"Warfield, Akiel","WARFIELD,AKIEL",Cairn University,CAI,0,9,9,23,0,23,0,0,2,5,4,2,1,1,1,.56,.22,.44,.111,.222,1,0,0,0,0,1,0,.000,2,0,0,0,.22,.00,.00,.00,0,,728:00,1,.00,.00,,,,,,,,,,,,,,,,,,,,,,5.083815967979275,31,93
2026-27,msoc,North Eastern Athletic Conference,north_eastern_athletic_c,Penn State Berks,"Dai, Gavin",Gavin,Dai,,30044,"Dai, Gavin","DAI,GAVIN",Penn State Berks,PSU,1243-2007,10,7,15,0,15,0,0,10,12,3,1,1,0,0,1.20,1.00,.30,.100,.100,9,0,0,0,0,0,0,.000,1,0,0,0,.10,.00,.00,.00,0,,531:00,0,.00,.00,,,,,,,,,,,,,,,,,,,,,,4.727465008433924,32,93
2026-27,msoc,North Eastern Athletic Conference,north_eastern_athletic_c,Keystone College,"Louzada, Marcos",Marcos,Louzada,,30047,"Louzada, Marcos","LOUZADA,MARCOS",Keystone College,KC,1242-3162,9,9,2,0,2,0,0,1,7,3,3,0,0,0,.78,.11,.33,.000,.333,1,0,0,0,0,0,0,.000,5,0,2,0,.56,.22,.00,.00,0,,611:00,0,.00,.00,,,,,,,,,,,,,,,,,,,,,,4.5474200656900345,33,92
2026-27,msoc,North Eastern Athletic Conference,north_eastern_athletic_c,Keystone College,"Covert, John",John,Covert,,30047,"Covert, John","COVERT,JOHN",Keystone College,KC,1242-3153,9,9,17,0,17,0,0,7,14,4,0,2,0,0,1.56,.78,.44,.222,.000,5,0,0,0,0,1,1,.111,11,0,0,0,1.22,.00,.00,.00,0,,531:00,0,.00,.00,,,,,,,,,,,,,,,,,,,,,,4.419177701224936,34,92
2026-27,msoc,North Eastern Athletic Conference,north_eastern_athletic_c,Lancaster Bible College,"Bills, Riley",Riley,Bills,,30085,"Bills, Riley","BILLS,RILEY",Lancaster Bible College,LBC,1391-2623,9,9,6,0,6,0,0,7,18,3,1,1,0,0,2.00,.78,.33,.111,.111,6,0,0,0,1,0,1,.111,9,0,1,0,1.00,.11,.00,.00,0,,677:00,0,.00,.00,,,,,,,,,,,,,,,,,,,,,,4.093952601310252,35,92
2026-27,msoc,North Eastern Athletic Conference,north_eastern_athletic_c,Cairn University,"Babyak, Aaron",Aaron,Babyak,,1305,"Babyak, Aaron","BABYAK,AARON",Cairn University,CAI,0,9,9,10,0,10,0,0,5,6,4,0,2,0,0,.67,.56,.44,.222,.000,3,0,0,0,0,1,0,.000,12,0,1,0,1.33,.11,.00,.00,0,,738:00,0,.00,.00,,,,,,,,,,,,,,,,,,,,,,3.996836096475821,36,92
2026-27,msoc,North Eastern Athletic Conference,north_eastern_athletic_c,Cairn University,"Carabasi, Anthony",Anthony,Carabasi,,1305,"Carabasi, Anthony","CARABASI,ANTHONY",Cairn University,CAI,0,9,0,4,0,4,0,0,4,8,4,0,2,0,0,.89,.44,.44,.222,.000,2,0,0,0,0,0,0,.000,6,0,2,0,.67,.22,.00,.00,0,,312:00,0,.00,.00,,,,,,,,,,,,,,,,,,,,,,3.7856652941012636,37,92
2026-27,msoc,North Eastern Athletic Conference,north_eastern_athletic_c,Cairn University,"Wheeler, Zane",Zane,Wheeler,,1305,"Wheeler, Zane","WHEELER,ZANE",Cairn University,CAI,0,9,9,7,0,7,0,0,4,11,4,0,2,0,0,1.22,.44,.44,.222,.000,2,1,0,0,0,1,0,.000,2,0,0,0,.22,.00,.00,.00,0,,502:00,0,.00,.00,,,,,,,,,,,,,,,,,,,,,,3.7856652941012636,38,92
2026-27,msoc,North Eastern Athletic Conference,north_eastern_athletic_c,Penn State Abington,"Lachawiec, Shane",Shane,Lachawiec,,30114,"Lachawiec, Shane","LACHAWIEC,SHANE",Penn State Abington,PSA,2032-1957,9,5,14,0,14,0,0,3,5,4,0,2,0,0,.56,.33,.44,.222,.000,1,0,0,0,1,0,1,.111,9,0,2,0,1.00,.22,.00,.00,0,,552:00,0,.00,.00,,,,,,,,,,,,,,,,,,,,,,3.574494491726706,39,92
2026-27,msoc,North Eastern Athletic Conference,north_eastern_athletic_c,Penn State Berks,"Shupp, Logan",Logan,Shupp,,30044,"Shupp, Logan","SHUPP,LOGAN",Penn State Berks,PSU,1243-2100,8,5,2,0,2,0,0,3,3,4,0,2,0,0,.38,.38,.50,.250,.000,1,0,0,0,0,0,1,.125,0,0,1,0,.00,.13,.00,.00,0,,443:00,0,.00,.00,,,,,,,,,,,,,,,,,,,,,,3.574494491726706,40,91
2026-27,msoc,North Eastern Athletic Conference,north_eastern_athletic_c,Cairn University,"Andres, Aiden",Aiden,Andres,,1305,"Andres, Aiden","ANDRES,AIDEN",Cairn University,CAI,0,2,0,32,0,32,0,0,2,3,4,0,2,0,0,1.50,1.00,2.00,1.000,.000,0,0,0,0,0,2,0,.000,0,0,0,0,.00,.00,.00,.00,0,,43:00,0,.00,.00,,,,,,,,,,,,,,,,,,,,,,3.3633236893521485,41,91
2026-27,msoc,North Eastern Athletic Conference,north_eastern_athletic_c,Penn State Brandywine,Brady Houck,Brady,Houck,,30189,Brady Houck,"HOUCK,BRADY",Penn State Brandywine,PSW,0,6,5,04,0,04,0,0,2,6,4,0,2,0,0,1.00,.33,.67,.333,.000,0,0,0,0,2,1,0,.000,3,0,0,0,.50,.00,.00,.00,0,,332:00,0,.00,.00,,,,,,,,,,,,,,,,,,,,,,3.3633236893521485,42,91
2026-27,msoc,North Eastern Athletic Conference,north_eastern_athletic_c,Gallaudet University,"Matamoros, Eli",Eli,Matamoros,,245,"Matamoros, Eli","MATAMOROS,ELI",Gallaudet University,GALLA,141-2488,7,7,19,0,19,0,0,2,5,4,0,2,2,2,.71,.29,.57,.286,.000,0,1,0,0,0,2,0,.000,5,0,1,0,.71,.14,.00,.00,0,,575:00,0,.00,.00,,,,,,,,,,,,,,,,,,,,,,3.3633236893521485,43,91
2026-27,msoc,North Eastern Athletic Conference,north_eastern_athletic_c,Penn College,"Bressler, Christian",Christian,Bressler,,30190,"Bressler, Christian","BRESSLER,CHRISTIAN",Penn College,PCT,2220-2109,10,4,33,0,33,0,0,3,8,3,1,1,0,0,.80,.30,.30,.100,.100,2,0,0,0,0,1,0,.000,5,0,0,0,.50,.00,.00,.00,0,,384:00,0,.00,.00,,,,,,,,,,,,,,,,,,,,,,3.249269391812022,44,91
2026-27,msoc,North Eastern Athletic Conference,north_eastern_athletic_c,Wilson College,"DeVincent, Jordan",Jordan,DeVincent,,12973,"DeVincent, Jordan","DEVINCENT,JORDAN",Wilson College,Wilson,1246-777,7,7,28,0,28,0,0,3,7,3,1,1,0,0,1.00,.43,.43,.143,.143,2,0,0,0,0,1,0,.000,0,0,0,0,.00,.00,.00,.00,0,,496:00,0,.00,.00,,,,,,,,,,,,,,,,,,,,,,3.249269391812022,45,91
2026-27,msoc,North Eastern Athletic Conference,north_eastern_athletic_c,Penn State Abington,"Konneh, Mohamed",Mohamed,Konneh,,30114,"Konneh, Mohamed","KONNEH,MOHAMED",Penn State Abington,PSA,2032-1681,9,0,17,0,17,0,0,3,4,3,1,1,0,0,.44,.33,.33,.111,.111,2,0,0,0,0,1,0,.000,7,0,0,0,.78,.00,.00,.00,0,,305:00,0,.00,.00,,,,,,,,,,,,,,,,,,,,,,3.249269391812022,46,91
2026-27,msoc,North Eastern Athletic Conference,north_eastern_athletic_c,Notre Dame of Maryland,Maxime Baux,Maxime,Baux,,8600,Maxime Baux,"BAUX,MAXIME",Notre Dame of Maryland,NDMU,0,6,3,12,0,12,0,0,2,3,3,1,1,0,0,.50,.33,.50,.167,.167,1,1,0,0,0,0,0,.000,1,0,1,0,.17,.17,.00,.00,0,,229:00,0,.00,.00,,,,,,,,,,,,,,,,,,,,,,3.0380985894374644,47,91
2026-27,msoc,North Eastern Athletic Conference,north_eastern_athletic_c,Penn State Berks,"Redcay, Keegan",Keegan,Redcay,,30044,"Redcay, Keegan","REDCAY,KEEGAN",Penn State Berks,PSU,1243-1918,8,2,19,0,19,0,0,2,4,3,1,1,0,0,.50,.25,.38,.125,.125,1,0,0,0,0,0,0,.000,0,0,0,0,.00,.00,.00,.00,0,,185:00,0,.00,.00,,,,,,,,,,,,,,,,,,,,,,3.0380985894374644,48,90
2026-27,msoc,North Eastern Athletic Conference,north_eastern_athletic_c,St. Mary's (Md.),"Reyes, Franco",Franco,Reyes,,611,"Reyes, Franco","REYES,FRANCO",St. Mary's (Md.),SMC,0,9,2,11,0,11,0,0,3,9,2,2,0,0,0,1.00,.33,.22,.000,.222,3,0,0,0,0,0,0,.000,3,0,0,0,.33,.00,.00,.00,0,,295:00,0,.00,.00,,,,,,,,,,,,,,,,,,,,,,2.924044291897337,49,90
2026-27,msoc,North Eastern Athletic Conference,north_eastern_athletic_c,Lancaster Bible College,"Gehman, Taylor",Taylor,Gehman,,30085,"Gehman, Taylor","GEHMAN,TAYLOR",Lancaster Bible College,LBC,1391-2474,8,2,9,0,9,0,0,1,3,2,2,0,0,0,.38,.13,.25,.000,.250,1,0,0,0,0,0,0,.000,1,0,1,0,.13,.13,.00,.00,0,,288:00,0,.00,.00,,,,,,,,,,,,,,,,,,,,,,2.501702687148222,50,90
2026-27,msoc,North Eastern Athletic Conference,north_eastern_athletic_c,Penn State Berks,"Leeser, Sean",Sean,Leeser,,30044,"Leeser, Sean","LEESER,SEAN",Penn State Berks,PSU,1243-2183,9,3,20,0,20,0,0,1,2,2,2,0,0,0,.22,.11,.22,.000,.222,1,0,0,0,0,0,0,.000,5,0,0,0,.56,.00,.00,.00,0,,318:00,0,.00,.00,,,,,,,,,,,,,,,,,,,,,,2.501702687148222,51,90
2026-27,msoc,North Eastern Athletic Conference,north_eastern_athletic_c,Penn College,"Rattiram, Elliott",Elliott,Rattiram,,30190,"Rattiram, Elliott","RATTIRAM,ELLIOTT",Penn College,PCT,2220-1954,10,8,13,0,13,0,0,1,2,2,2,0,0,0,.20,.10,.20,.000,.200,1,0,0,0,0,0,0,.000,0,0,1,0,.00,.10,.00,.00,0,,607:00,0,.00,.00,,,,,,,,,,,,,,,,,,,,,,2.501702687148222,52,90
2026-27,msoc,North Eastern Athletic Conference,north_eastern_athletic_c,Cairn University,"Silva, Euan",Euan,Silva,,1305,"Silva, Euan","SILVA,EUAN",Cairn University,CAI,0,7,0,18,0,18,0,0,5,9,2,0,1,0,0,1.29,.71,.29,.143,.000,4,0,0,0,0,1,0,.000,0,0,0,0,.00,.00,.00,.00,0,,170:00,0,.00,.00,,,,,,,,,,,,,,,,,,,,,,1.625893618019325,53,90
2026-27,msoc,North Eastern Athletic Conference,north_eastern_athletic_c,Keystone College,"Hodge-Davila, Dary",Dary,Hodge-Davila,,30047,"Hodge-Davila, Dary","HODGE-DAVILA,DARY",Keystone College,KC,1242-3160,7,2,11,0,11,0,0,6,8,1,1,0,0,0,1.14,.86,.14,.000,.143,6,0,0,0,0,0,0,.000,6,0,0,0,.86,.00,.00,.00,0,,289:00,0,.00,.00,,,,,,,,,,,,,,,,,,,,,,1.511839320479198,54,90
2026-27,msoc,North Eastern Athletic Conference,north_eastern_athletic_c,Penn State Harrisburg,"Cantillo, Andres",Andres,Cantillo,,30081,"Cantillo, Andres","CANTILLO,ANDRES",Penn State Harrisburg,PSH,1244-1976,4,4,6,0,6,0,0,4,8,2,0,1,0,0,2.00,1.00,.50,.250,.000,3,0,0,0,0,1,0,.000,2,0,1,0,.50,.25,.00,.00,0,,286:00,0,.00,.00,,,,,,,,,,,,,,,,,,,,,,1.4147228156447675,55,90
2026-27,msoc,North Eastern Athletic Conference,north_eastern_athletic_c,Wilson College,"Cottone, Tyler",Tyler,Cottone,,12973,"Cottone, Tyler","COTTONE,TYLER",Wilson College,Wilson,1246-779,7,7,8,0,8,0,0,4,6,2,0,1,0,0,.86,.57,.29,.143,.000,3,0,0,0,1,0,0,.000,4,0,0,0,.57,.00,.00,.00,0,,504:00,0,.00,.00,,,,,,,,,,,,,,,,,,,,,,1.4147228156447675,56,89
2026-27,msoc,North Eastern Athletic Conference,north_eastern_athletic_c,Penn College,"Gabloff, Hunter",Hunter,Gabloff,,30190,"Gabloff, Hunter","GABLOFF,HUNTER",Penn College,PCT,2220-1527,8,6,10,0,10,0,0,4,7,2,0,1,0,0,.88,.50,.25,.125,.000,3,0,0,0,0,1,0,.000,0,0,0,0,.00,.00,.00,.00,0,,373:00,0,.00,.00,,,,,,,,,,,,,,,,,,,,,,1.4147228156447675,57,89
2026-27,msoc,North Eastern Athletic Conference,north_eastern_athletic_c,St. Mary's (Md.),"Kuwik, Matthew",Matthew,Kuwik,,611,"Kuwik, Matthew","KUWIK,MATTHEW",St. Mary's (Md.),SMC,0,7,2,19,0,19,0,0,4,8,2,0,1,0,0,1.14,.57,.29,.143,.000,3,0,0,0,1,0,1,.143,2,0,0,0,.29,.00,.00,.00,0,,280:00,0,.00,.00,,,,,,,,,,,,,,,,,,,,,,1.4147228156447675,58,89
2026-27,msoc,North Eastern Athletic Conference,north_eastern_athletic_c,Penn College,"Miller, Silas",Silas,Miller,,30190,"Miller, Silas","MILLER,SILAS",Penn College,PCT,2220-1933,7,5,27,0,27,0,0,4,7,2,0,1,0,0,1.00,.57,.29,.143,.000,3,0,0,0,0,0,1,.143,2,0,0,0,.29,.00,.00,.00,0,,326:00,0,.00,.00,,,,,,,,,,,,,,,,,,,,,,1.4147228156447675,59,89
2026-27,msoc,North Eastern Athletic Conference,north_eastern_athletic_c,Penn State Abington,"Robinson, Da'Vid",Da'Vid,Robinson,,30114,"Robinson, Da'Vid","ROBINSON,DA'VID",Penn State Abington,PSA,2032-1988,9,9,19,0,19,0,0,4,7,2,0,1,0,0,.78,.44,.22,.111,.000,3,0,0,0,0,0,0,.000,5,0,0,0,.56,.00,.00,.00,0,,527:00,0,.00,.00,,,,,,,,,,,,,,,,,,,,,,1.4147228156447675,60,89
2026-27,msoc,North Eastern Athletic Conference,north_eastern_athletic_c,Keystone College,"Raoul, Lenskey",Lenskey,Raoul,,30047,"Raoul, Lenskey","RAOUL,LENSKEY",Keystone College,KC,1242-2892,9,7,9,0,9,0,0,5,12,1,1,0,0,0,1.33,.56,.11,.000,.111,5,0,0,0,0,0,0,.000,4,0,0,0,.44,.00,.00,.00,0,,520:00,0,.00,.00,,,,,,,,,,,,,,,,,,,,,,1.3006685181046405,61,89
2026-27,msoc,North Eastern Athletic Conference,north_eastern_athletic_c,Penn State Harrisburg,"Shamberger, Josiah",Josiah,Shamberger,,30081,"Shamberger, Josiah","SHAMBERGER,JOSIAH",Penn State Harrisburg,PSH,1244-1980,7,5,9,0,9,0,0,5,13,1,1,0,0,0,1.86,.71,.14,.000,.143,5,0,0,0,0,0,0,.000,3,0,0,0,.43,.00,.00,.00,0,,433:00,0,.00,.00,,,,,,,,,,,,,,,,,,,,,,1.3006685181046405,62,89
2026-27,msoc,North Eastern Athletic Conference,north_eastern_athletic_c,Keystone College,"Bernardo, Nico",Nico,Bernardo,,30047,"Bernardo, Nico","BERNARDO,NICO",Keystone College,KC,1242-3148,8,4,22,0,22,0,0,3,8,2,0,1,0,0,1.00,.38,.25,.125,.000,2,0,0,0,0,1,0,.000,0,0,1,0,.00,.13,.00,.00,0,,252:00,0,.00,.00,,,,,,,,,,,,,,,,,,,,,,1.20355201327021,63,88
2026-27,msoc,North Eastern Athletic Conference,north_eastern_athletic_c,Wilson College,"Curtis, Bryson",Bryson,Curtis,,12973,"Curtis, Bryson","CURTIS,BRYSON",Wilson College,Wilson,1246-770,7,7,12,0,12,0,0,3,7,2,0,1,0,0,1.00,.43,.29,.143,.000,2,0,0,0,1,0,0,.000,2,0,1,0,.29,.14,.00,.00,0,,370:00,0,.00,.00,,,,,,,,,,,,,,,,,,,,,,1.20355201327021,64,88
2026-27,msoc,North Eastern Athletic Conference,north_eastern_athletic_c,Gallaudet University,"De Leon, Xavier",Xavier,De Leon,,245,"De Leon, Xavier","DE LEON,XAVIER",Gallaudet University,GALLA,141-2323,7,7,21,0,21,0,0,3,8,2,0,1,0,0,1.14,.43,.29,.143,.000,2,0,0,0,1,1,0,.000,1,0,0,0,.14,.00,.00,.00,0,,567:00,0,.00,.00,,,,,,,,,,,,,,,,,,,,,,1.20355201327021,65,88
2026-27,msoc,North Eastern Athletic Conference,north_eastern_athletic_c,Penn State Harrisburg,"Garcia, Ariel",Ariel,Garcia,,30081,"Garcia, Ariel","GARCIA,ARIEL",Penn State Harrisburg,PSH,1244-2184,8,6,25,0,25,0,0,3,11,2,0,1,0,0,1.38,.38,.25,.125,.000,2,0,0,0,1,0,1,.125,2,0,1,0,.25,.13,.00,.00,0,,487:00,0,.00,.00,,,,,,,,,,,,,,,,,,,,,,1.20355201327021,66,88
2026-27,msoc,North Eastern Athletic Conference,north_eastern_athletic_c,Penn State Brandywine,Luca Perillo,Luca,Perillo,,30189,Luca Perillo,"PERILLO,LUCA",Penn State Brandywine,PSW,0,7,7,14,0,14,0,0,3,5,2,0,1,0,0,.71,.43,.29,.143,.000,2,0,0,0,0,0,1,.143,6,0,4,0,.86,.57,.00,.00,0,,458:00,0,.00,.00,,,,,,,,,,,,,,,,,,,,,,1.20355201327021,67,88
2026-27,msoc,North Eastern Athletic Conference,north_eastern_athletic_c,Penn State Brandywine,Sebastian Caceres-Jaldin,Sebastian,Caceres-Jaldin,,30189,Sebastian Caceres-Jaldin,"CACERES-JALDIN,SEBASTIAN",Penn State Brandywine,PSW,0,7,7,08,0,08,0,0,3,6,2,0,1,0,0,.86,.43,.29,.143,.000,2,0,0,0,1,0,0,.000,11,0,0,0,1.57,.00,.00,.00,0,,575:00,0,.00,.00,,,,,,,,,,,,,,,,,,,,,,1.20355201327021,68,88
2026-27,msoc,North Eastern Athletic Conference,north_eastern_athletic_c,Penn State Harrisburg,"Tafese, Addis",Addis,Tafese,,30081,"Tafese, Addis","TAFESE,ADDIS",Penn State Harrisburg,PSH,1244-1790,8,4,11,0,11,0,0,3,8,2,0,1,0,0,1.00,.38,.25,.125,.000,2,0,0,0,0,1,0,.000,1,0,1,0,.13,.13,.00,.00,0,,383:00,0,.00,.00,,,,,,,,,,,,,,,,,,,,,,1.20355201327021,69,88
2026-27,msoc,North Eastern Athletic Conference,north_eastern_athletic_c,Notre Dame of Maryland,Tassilo Lehmkuhl,Tassilo,Lehmkuhl,,8600,Tassilo Lehmkuhl,"LEHMKUHL,TASSILO",Notre Dame of Maryland,NDMU,0,5,4,9,0,9,0,0,3,4,2,0,1,0,0,.80,.60,.40,.200,.000,2,0,0,0,0,0,0,.000,9,0,0,0,1.80,.00,.00,.00,0,,303:00,0,.00,.00,,,,,,,,,,,,,,,,,,,,,,1.20355201327021,70,88
2026-27,msoc,North Eastern Athletic Conference,north_eastern_athletic_c,Cairn University,"Diomande, Fah",Fah,Diomande,,1305,"Diomande, Fah","DIOMANDE,FAH",Cairn University,CAI,0,9,6,16,0,16,0,0,4,7,1,1,0,0,0,.78,.44,.11,.000,.111,4,0,0,0,0,0,0,.000,3,0,0,0,.33,.00,.00,.00,0,,528:00,0,.00,.00,,,,,,,,,,,,,,,,,,,,,,1.089497715730083,71,87
2026-27,msoc,North Eastern Athletic Conference,north_eastern_athletic_c,Cairn University,"Barkman, David",David,Barkman,,1305,"Barkman, David","BARKMAN,DAVID",Cairn University,CAI,0,6,0,3,0,3,0,0,2,4,2,0,1,0,0,.67,.33,.33,.167,.000,1,0,0,0,0,1,0,.000,0,0,0,0,.00,.00,.00,.00,0,,86:00,0,.00,.00,,,,,,,,,,,,,,,,,,,,,,0.9923812108956525,72,87
2026-27,msoc,North Eastern Athletic Conference,north_eastern_athletic_c,Keystone College,"Calle, Joel",Joel,Calle,,30047,"Calle, Joel","CALLE,JOEL",Keystone College,KC,1242-3151,9,8,8,0,8,0,0,2,8,2,0,1,0,0,.89,.22,.22,.111,.000,1,0,0,0,1,0,0,.000,5,0,1,0,.56,.11,.00,.00,0,,620:00,0,.00,.00,,,,,,,,,,,,,,,,,,,,,,0.9923812108956525,73,87
2026-27,msoc,North Eastern Athletic Conference,north_eastern_athletic_c,St. Mary's (Md.),"Cerulla, Maximus",Maximus,Cerulla,,611,"Cerulla, Maximus","CERULLA,MAXIMUS",St. Mary's (Md.),SMC,0,2,2,16,0,16,0,0,2,2,2,0,1,0,0,1.00,1.00,1.00,.500,.000,1,1,0,0,0,1,0,.000,1,0,0,0,.50,.00,.00,.00,0,,50:00,0,.00,.00,,,,,,,,,,,,,,,,,,,,,,0.9923812108956525,74,87
2026-27,msoc,North Eastern Athletic Conference,north_eastern_athletic_c,Notre Dame of Maryland,Kim O'Sullivan,Kim,O'Sullivan,,8600,Kim O'Sullivan,"O'SULLIVAN,KIM",Notre Dame of Maryland,NDMU,0,6,6,2,0,2,0,0,2,3,2,0,1,0,0,.50,.33,.33,.167,.000,1,0,0,0,0,0,0,.000,4,0,0,0,.67,.00,.00,.00,0,,511:00,0,.00,.00,,,,,,,,,,,,,,,,,,,,,,0.9923812108956525,75,87
2026-27,msoc,North Eastern Athletic Conference,north_eastern_athletic_c,Penn College,"Singley, Joey",Joey,Singley,,30190,"Singley, Joey","SINGLEY,JOEY",Penn College,PCT,2220-2118,9,0,36,0,36,0,0,2,3,2,0,1,0,0,.33,.22,.22,.111,.000,1,0,0,0,0,0,0,.000,0,0,0,0,.00,.00,.00,.00,0,,281:00,0,.00,.00,,,,,,,,,,,,,,,,,,,,,,0.9923812108956525,76,87
2026-27,msoc,North Eastern Athletic Conference,north_eastern_athletic_c,Penn College,"Berfield, Logan",Logan,Berfield,,30190,"Berfield, Logan","BERFIELD,LOGAN",Penn College,PCT,2220-1940,10,5,17,0,17,0,0,3,5,1,1,0,0,0,.50,.30,.10,.000,.100,3,0,0,0,0,0,0,.000,2,0,1,0,.20,.10,.00,.00,0,,576:00,0,.00,.00,,,,,,,,,,,,,,,,,,,,,,0.8783269133555254,77,87
2026-27,msoc,North Eastern Athletic Conference,north_eastern_athletic_c,Penn State Berks,"Hamzic, Emir",Emir,Hamzic,,30044,"Hamzic, Emir","HAMZIC,EMIR",Penn State Berks,PSU,1243-2112,10,4,7,0,7,0,0,3,4,1,1,0,0,0,.40,.30,.10,.000,.100,3,0,0,0,0,0,0,.000,2,0,1,0,.20,.10,.00,.00,0,,363:00,0,.00,.00,,,,,,,,,,,,,,,,,,,,,,0.8783269133555254,78,87
2026-27,msoc,North Eastern Athletic Conference,north_eastern_athletic_c,Notre Dame of Maryland,Arnaud Gerin,Arnaud,Gerin,,8600,Arnaud Gerin,"GERIN,ARNAUD",Notre Dame of Maryland,NDMU,0,6,4,8,0,8,0,0,1,4,2,0,1,0,0,.67,.17,.33,.167,.000,0,0,0,0,1,1,0,.000,7,0,3,0,1.17,.50,.00,.00,0,,320:00,0,.00,.00,,,,,,,,,,,,,,,,,,,,,,0.7812104085210949,79,86
2026-27,msoc,North Eastern Athletic Conference,north_eastern_athletic_c,Penn State Abington,"Attis, Liame",Liame,Attis,,30114,"Attis, Liame","ATTIS,LIAME",Penn State Abington,PSA,2032-1802,9,0,26,0,26,0,0,1,3,2,0,1,0,0,.33,.11,.22,.111,.000,0,0,0,0,0,0,1,.111,1,0,0,0,.11,.00,.00,.00,0,,343:00,0,.00,.00,,,,,,,,,,,,,,,,,,,,,,0.7812104085210949,80,86
2026-27,msoc,North Eastern Athletic Conference,north_eastern_athletic_c,Cairn University,"Booker, Caleb",Caleb,Booker,,1305,"Booker, Caleb","BOOKER,CALEB",Cairn University,CAI,0,1,0,37,0,37,0,0,1,1,2,0,1,0,0,1.00,1.00,2.00,1.000,.000,0,0,0,0,0,0,0,.000,1,0,0,0,1.00,.00,.00,.00,0,,17:00,0,.00,.00,,,,,,,,,,,,,,,,,,,,,,0.7812104085210949,81,86
2026-27,msoc,North Eastern Athletic Conference,north_eastern_athletic_c,St. Mary's (Md.),"Bruce, Tanner",Tanner,Bruce,,611,"Bruce, Tanner","BRUCE,TANNER",St. Mary's (Md.),SMC,0,7,0,9,0,9,0,0,1,4,2,0,1,0,0,.57,.14,.29,.143,.000,0,0,0,0,0,0,0,.000,2,0,0,0,.29,.00,.00,.00,0,,112:00,0,.00,.00,,,,,,,,,,,,,,,,,,,,,,0.7812104085210949,82,86
2026-27,msoc,North Eastern Athletic Conference,north_eastern_athletic_c,Lancaster Bible College,"Buss, Ethan",Ethan,Buss,,30085,"Buss, Ethan","BUSS,ETHAN",Lancaster Bible College,LBC,1391-2624,9,5,7,0,7,0,0,1,1,2,0,1,0,0,.11,.11,.22,.111,.000,0,0,0,0,0,1,0,.000,5,0,0,0,.56,.00,.00,.00,0,,532:00,0,.00,.00,,,,,,,,,,,,,,,,,,,,,,0.7812104085210949,83,86
2026-27,msoc,North Eastern Athletic Conference,north_eastern_athletic_c,St. Mary's (Md.),"Foti, Tyler",Tyler,Foti,,611,"Foti, Tyler","FOTI,TYLER",St. Mary's (Md.),SMC,0,7,7,29,0,29,0,0,1,5,2,0,1,0,0,.71,.14,.29,.143,.000,0,0,0,0,1,0,0,.000,8,1,2,0,1.14,.29,.14,.00,0,,463:00,0,.00,.00,,,,,,,,,,,,,,,,,,,,,,0.7812104085210949,84,86
2026-27,msoc,North Eastern Athletic Conference,north_eastern_athletic_c,Penn College,"Friedman, Jimmy",Jimmy,Friedman,,30190,"Friedman, Jimmy","FRIEDMAN,JIMMY",Penn College,PCT,2220-1559,9,0,22,0,22,0,0,1,1,2,0,1,0,0,.11,.11,.22,.111,.000,0,0,0,0,0,0,1,.111,0,0,2,0,.00,.22,.00,.00,0,,123:00,0,.00,.00,,,,,,,,,,,,,,,,,,,,,,0.7812104085210949,85,86
2026-27,msoc,North Eastern Athletic Conference,north_eastern_athletic_c,Lancaster Bible College,"Garrett, Jacob",Jacob,Garrett,,30085,"Garrett, Jacob","GARRETT,JACOB",Lancaster Bible College,LBC,1391-2626,3,0,17,0,17,0,0,1,1,2,0,1,0,0,.33,.33,.67,.333,.000,0,0,0,0,0,1,0,.000,4,0,1,0,1.33,.33,.00,.00,0,,56:00,0,.00,.00,,,,,,,,,,,,,,,,,,,,,,0.7812104085210949,86,85
2026-27,msoc,North Eastern Athletic Conference,north_eastern_athletic_c,Notre Dame of Maryland,Leon Awesso,Leon,Awesso,,8600,Leon Awesso,"AWESSO,LEON",Notre Dame of Maryland,NDMU,0,6,4,16,0,16,0,0,1,4,2,0,1,0,0,.67,.17,.33,.167,.000,0,0,0,0,0,0,0,.000,1,0,0,0,.17,.00,.00,.00,0,,421:00,0,.00,.00,,,,,,,,,,,,,,,,,,,,,,0.7812104085210949,87,85
2026-27,msoc,North Eastern Athletic Conference,north_eastern_athletic_c,Penn College,"Martinez, Marvin",Marvin,Martinez,,30190,"Martinez, Marvin","MARTINEZ,MARVIN",Penn College,PCT,2220-1952,4,0,28,0,28,0,0,1,2,2,0,1,0,0,.50,.25,.50,.250,.000,0,0,0,0,0,1,0,.000,0,0,0,0,.00,.00,.00,.00,0,,41:00,0,.00,.00,,,,,,,,,,,,,,,,,,,,,,0.7812104085210949,88,85
2026-27,msoc,North Eastern Athletic Conference,north_eastern_athletic_c,Penn College,"McGroarty, Sean",Sean,McGroarty,,30190,"McGroarty, Sean","MCGROARTY,SEAN",Penn College,PCT,2220-1932,8,1,2,0,2,0,0,1,1,2,0,1,0,0,.13,.13,.25,.125,.000,0,0,0,0,0,0,1,.125,1,0,1,0,.13,.13,.00,.00,0,,214:00,0,.00,.00,,,,,,,,,,,,,,,,,,,,,,0.7812104085210949,89,85
2026-27,msoc,North Eastern Athletic Conference,north_eastern_athletic_c,Lancaster Bible College,"Mosdell, Ryan",Ryan,Mosdell,,30085,"Mosdell, Ryan","MOSDELL,RYAN",Lancaster Bible College,LBC,1391-2316,6,0,22,0,22,0,0,1,1,2,0,1,0,0,.17,.17,.33,.167,.000,0,0,0,0,0,0,0,.000,1,0,0,0,.17,.00,.00,.00,0,,111:00,0,.00,.00,,,,,,,,,,,,,,,,,,,,,,0.7812104085210949,90,85
2026-27,msoc,North Eastern Athletic Conference,north_eastern_athletic_c,St. Mary's (Md.),"Phillips, Caleb",Caleb,Phillips,,611,"Phillips, Caleb","PHILLIPS,CALEB",St. Mary's (Md.),SMC,0,6,0,15,0,15,0,0,1,2,2,0,1,0,0,.33,.17,.33,.167,.000,0,0,0,0,0,0,0,.000,0,0,0,0,.00,.00,.00,.00,0,,69:00,0,.00,.00,,,,,,,,,,,,,,,,,,,,,,0.7812104085210949,91,85
2026-27,msoc,North Eastern Athletic Conference,north_eastern_athletic_c,St. Mary's (Md.),"Wright, Ethan",Ethan,Wright,,611,"Wright, Ethan","WRIGHT,ETHAN",St. Mary's (Md.),SMC,0,9,9,2,0,2,0,0,1,5,2,0,1,0,0,.56,.11,.22,.111,.000,0,0,0,0,0,0,1,.111,7,0,0,0,.78,.00,.00,.00,0,,662:00,0,.00,.00,,,,,,,,,,,,,,,,,,,,,,0.7812104085210949,92,85
2026-27,msoc,North Eastern Athletic Conference,north_eastern_athletic_c,Penn College,"Boring, Justin",Justin,Boring,,30190,"Boring, Justin","BORING,JUSTIN",Penn College,PCT,2220-1722,8,2,34,0,34,0,0,2,3,1,1,0,0,0,.38,.25,.13,.000,.125,2,0,0,0,0,0,0,.000,1,0,1,0,.13,.13,.00,.00,0,,511:00,0,.00,.00,,,,,,,,,,,,,,,,,,,,,,0.6671561109809678,93,85
2026-27,msoc,North Eastern Athletic Conference,north_eastern_athletic_c,Penn State Abington,"Halim, Rael",Rael,Halim,,30114,"Halim, Rael","HALIM,RAEL",Penn State Abington,PSA,2032-1670,9,7,31,0,31,0,0,2,2,1,1,0,0,0,.22,.22,.11,.000,.111,2,0,0,0,0,0,0,.000,7,0,2,0,.78,.22,.00,.00,0,,555:00,0,.00,.00,,,,,,,,,,,,,,,,,,,,,,0.6671561109809678,94,84
2026-27,msoc,North Eastern Athletic Conference,north_eastern_athletic_c,Notre Dame of Maryland,Martin Rasiwala,Martin,Rasiwala,,8600,Martin Rasiwala,"RASIWALA,MARTIN",Notre Dame of Maryland,NDMU,0,6,6,4,0,4,0,0,2,3,1,1,0,0,0,.50,.33,.17,.000,.167,2,0,0,0,0,0,0,.000,2,0,0,0,.33,.00,.00,.00,0,,540:00,0,.00,.00,,,,,,,,,,,,,,,,,,,,,,0.6671561109809678,95,84
2026-27,msoc,North Eastern Athletic Conference,north_eastern_athletic_c,Penn State Abington,"Nungessor, Hugh",Hugh,Nungessor,,30114,"Nungessor, Hugh","NUNGESSOR,HUGH",Penn State Abington,PSA,2032-1517,9,9,2,0,2,0,0,2,4,1,1,0,0,0,.44,.22,.11,.000,.111,2,0,0,0,0,0,0,.000,11,0,0,0,1.22,.00,.00,.00,0,,510:00,0,.00,.00,,,,,,,,,,,,,,,,,,,,,,0.6671561109809678,96,84
2026-27,msoc,North Eastern Athletic Conference,north_eastern_athletic_c,Lancaster Bible College,"Rhine, Derek",Derek,Rhine,,30085,"Rhine, Derek","RHINE,DEREK",Lancaster Bible College,LBC,1391-2159,9,9,4,0,4,0,0,2,6,1,1,0,0,0,.67,.22,.11,.000,.111,2,0,0,0,0,0,0,.000,8,0,1,0,.89,.11,.00,.00,0,,555:00,0,.00,.00,,,,,,,,,,,,,,,,,,,,,,0.6671561109809678,97,84
2026-27,msoc,North Eastern Athletic Conference,north_eastern_athletic_c,Wilson College,"Williams, Jace",Jace,Williams,,12973,"Williams, Jace","WILLIAMS,JACE",Wilson College,Wilson,1246-774,7,7,19,0,19,0,0,11,18,0,0,0,0,0,2.57,1.57,.00,.000,.000,11,0,0,0,0,0,0,.000,6,0,0,0,.86,.00,.00,.00,0,,615:00,0,.00,.00,,,,,,,,,,,,,,,,,,,,,,0.5219759538101745,98,84
2026-27,msoc,North Eastern Athletic Conference,north_eastern_athletic_c,Penn State Brandywine,Colin Berich,Colin,Berich,,30189,Colin Berich,"BERICH,COLIN",Penn State Brandywine,PSW,0,7,7,30,0,30,0,0,1,3,1,1,0,0,0,.43,.14,.14,.000,.143,1,0,0,0,0,0,0,.000,3,0,1,0,.43,.14,.00,.00,0,,504:00,0,.00,.00,,,,,,,,,,,,,,,,,,,,,,0.4559853086064103,99,84
2026-27,msoc,North Eastern Athletic Conference,north_eastern_athletic_c,Lancaster Bible College,"Madanat, Gabe",Gabe,Madanat,,30085,"Madanat, Gabe","MADANAT,GABE",Lancaster Bible College,LBC,1391-2322,9,0,25,0,25,0,0,1,4,1,1,0,0,0,.44,.11,.11,.000,.111,1,0,0,0,0,0,0,.000,4,0,0,0,.44,.00,.00,.00,0,,153:00,0,.00,.00,,,,,,,,,,,,,,,,,,,,,,0.4559853086064103,100,84
2026-27,msoc,North Eastern Athletic Conference,north_eastern_athletic_c,Penn State Brandywine,Mohamed Arhroud,Mohamed,Arhroud,,30189,Mohamed Arhroud,"ARHROUD,MOHAMED",Penn State Brandywine,PSW,0,7,0,07,0,07,0,0,1,3,1,1,0,0,0,.43,.14,.14,.000,.143,1,0,0,0,0,0,0,.000,4,0,1,0,.57,.14,.00,.00,0,,240:00,0,.00,.00,,,,,,,,,,,,,,,,,,,,,,0.4559853086064103,101,84
2026-27,msoc,North Eastern Athletic Conference,north_eastern_athletic_c,Wilson College,"Reall Jr., Wes",Wes,Reall Jr.,,12973,"Reall Jr., Wes","REALL JR.,WES",Wilson College,Wilson,1246-1075,7,0,5,0,5,0,0,1,2,1,1,0,0,0,.29,.14,.14,.000,.143,1,0,0,0,0,0,0,.000,1,0,0,0,.14,.00,.00,.00,0,,236:00,0,.00,.00,,,,,,,,,,,,,,,,,,,,,,0.4559853086064103,102,83
2026-27,msoc,North Eastern Athletic Conference,north_eastern_athletic_c,Penn State Berks,"Smith, Rylan",Rylan,Smith,,30044,"Smith, Rylan","SMITH,RYLAN",Penn State Berks,PSU,1243-2179,10,1,11,0,11,0,0,1,7,1,1,0,0,0,.70,.10,.10,.000,.100,1,0,0,0,0,0,0,.000,5,0,0,0,.50,.00,.00,.00,0,,328:00,0,.00,.00,,,,,,,,,,,,,,,,,,,,,,0.4559853086064103,103,83
2026-27,msoc,North Eastern Athletic Conference,north_eastern_athletic_c,Penn State Brandywine,Will Keith,Will,Keith,,30189,Will Keith,"KEITH,WILL",Penn State Brandywine,PSW,0,7,7,18,0,18,0,0,1,3,1,1,0,0,0,.43,.14,.14,.000,.143,1,0,0,0,0,0,0,.000,3,0,2,0,.43,.29,.00,.00,0,,584:00,0,.00,.00,,,,,,,,,,,,,,,,,,,,,,0.4559853086064103,104,83
2026-27,msoc,North Eastern Athletic Conference,north_eastern_athletic_c,Notre Dame of Maryland,Von mentlen David,Von mentlen,David,,8600,Von mentlen David,"MENTLEN,DAVID VON",Notre Dame of Maryland,NDMU,0,3,3,0,0,0,0,0,0,0,0,0,0,0,0,.00,.00,.00,.000,.000,0,0,0,0,0,0,0,.000,0,0,0,0,.00,.00,.00,.00,0,,225:00,0,.00,.00,37,1,0,1,1,.929,0.40,13,1,225:00,3,3,.33,0.929,.333,4.33,,,,,,0.3321217278038564,105,83
2026-27,msoc,North Eastern Athletic Conference,north_eastern_athletic_c,Penn State Abington,"Anagnostopoulos, Nico",Nico,Anagnostopoulos,,30114,"Anagnostopoulos, Nico","ANAGNOSTOPOULOS,NICO",Penn State Abington,PSA,2032-1644,9,4,6,0,6,0,0,0,0,1,1,0,0,0,.00,.00,.11,.000,.111,0,0,0,0,0,0,0,.000,3,0,1,0,.33,.11,.00,.00,0,,400:00,0,.00,.00,,,,,,,,,,,,,,,,,,,,,,0.2448145062318528,106,83
2026-27,msoc,North Eastern Athletic Conference,north_eastern_athletic_c,Penn State Harrisburg,"Armijos, Jonathan",Jonathan,Armijos,,30081,"Armijos, Jonathan","ARMIJOS,JONATHAN",Penn State Harrisburg,PSH,1244-2187,4,1,16,0,16,0,0,0,0,1,1,0,0,0,.00,.00,.25,.000,.250,0,0,0,0,0,0,0,.000,1,0,1,0,.25,.25,.00,.00,0,,176:00,0,.00,.00,,,,,,,,,,,,,,,,,,,,,,0.2448145062318528,107,83
2026-27,msoc,North Eastern Athletic Conference,north_eastern_athletic_c,Notre Dame of Maryland,Christopher Labra,Christopher,Labra,,8600,Christopher Labra,"LABRA,CHRISTOPHER",Notre Dame of Maryland,NDMU,0,1,1,23,0,23,0,0,0,0,1,1,0,0,0,.00,.00,1.00,.000,1.000,0,0,0,0,0,0,0,.000,0,0,0,0,.00,.00,.00,.00,0,,71:00,0,.00,.00,,,,,,,,,,,,,,,,,,,,,,0.2448145062318528,108,83
2026-27,msoc,North Eastern Athletic Conference,north_eastern_athletic_c,Notre Dame of Maryland,Cooper Thompson,Cooper,Thompson,,8600,Cooper Thompson,"THOMPSON,COOPER",Notre Dame of Maryland,NDMU,0,5,2,17,0,17,0,0,0,0,1,1,0,0,0,.00,.00,.20,.000,.200,0,0,0,0,0,0,0,.000,0,0,0,0,.00,.00,.00,.00,0,,221:00,0,.00,.00,,,,,,,,,,,,,,,,,,,,,,0.2448145062318528,109,82
2026-27,msoc,North Eastern Athletic Conference,north_eastern_athletic_c,St. Mary's (Md.),"Erly, Liam",Liam,Erly,,611,"Erly, Liam","ERLY,LIAM",St. Mary's (Md.),SMC,0,6,0,34,0,34,0,0,0,2,1,1,0,0,0,.33,.00,.17,.000,.167,0,0,0,0,0,0,0,.000,0,0,0,0,.00,.00,.00,.00,0,,114:00,0,.00,.00,,,,,,,,,,,,,,,,,,,,,,0.2448145062318528,110,82
2026-27,msoc,North Eastern Athletic Conference,north_eastern_athletic_c,Penn College,"Jones, Peyton",Peyton,Jones,,30190,"Jones, Peyton","JONES,PEYTON",Penn College,PCT,2220-1728,2,0,11,0,11,0,0,0,0,1,1,0,0,0,.00,.00,.50,.000,.500,0,0,0,0,0,0,0,.000,0,0,0,0,.00,.00,.00,.00,0,,27:00,0,.00,.00,,,,,,,,,,,,,,,,,,,,,,0.2448145062318528,111,82
2026-27,msoc,North Eastern Athletic Conference,north_eastern_athletic_c,Penn State Abington,"Mahon, Joe",Joe,Mahon,,30114,"Mahon, Joe","MAHON,JOE",Penn State Abington,PSA,2032-1806,9,3,9,0,9,0,0,0,2,1,1,0,0,0,.22,.00,.11,.000,.111,0,0,0,0,0,0,0,.000,2,0,0,0,.22,.00,.00,.00,0,,207:00,0,.00,.00,,,,,,,,,,,,,,,,,,,,,,0.2448145062318528,112,82
2026-27,msoc,North Eastern Athletic Conference,north_eastern_athletic_c,Cairn University,"Quick, Isaiah",Isaiah,Quick,,1305,"Quick, Isaiah","QUICK,ISAIAH",Cairn University,CAI,0,1,0,35,0,35,0,0,0,1,1,1,0,0,0,1.00,.00,1.00,.000,1.000,0,0,0,0,0,0,0,.000,0,0,0,0,.00,.00,.00,.00,0,,10:00,0,.00,.00,,,,,,,,,,,,,,,,,,,,,,0.2448145062318528,113,82
2026-27,msoc,North Eastern Athletic Conference,north_eastern_athletic_c,Cairn University,"Redante, Nolan",Nolan,Redante,,1305,"Redante, Nolan","REDANTE,NOLAN",Cairn University,CAI,0,7,0,11,0,11,0,0,0,1,1,1,0,0,0,.14,.00,.14,.000,.143,0,0,0,0,0,0,0,.000,1,0,0,0,.14,.00,.00,.00,0,,117:00,0,.00,.00,,,,,,,,,,,,,,,,,,,,,,0.2448145062318528,114,82
2026-27,msoc,North Eastern Athletic Conference,north_eastern_athletic_c,Penn State Berks,"Salguero, Christian",Christian,Salguero,,30044,"Salguero, Christian","SALGUERO,CHRISTIAN",Penn State Berks,PSU,1243-2016,5,0,18,0,18,0,0,0,1,1,1,0,0,0,.20,.00,.20,.000,.200,0,0,0,0,0,0,0,.000,1,0,1,0,.20,.20,.00,.00,0,,120:00,0,.00,.00,,,,,,,,,,,,,,,,,,,,,,0.2448145062318528,115,82
2026-27,msoc,North Eastern Athletic Conference,north_eastern_athletic_c,Penn State Berks,"Schadt, Landon",Landon,Schadt,,30044,"Schadt, Landon","SCHADT,LANDON",Penn State Berks,PSU,1243-2176,10,10,4,0,4,0,0,0,0,1,1,0,0,0,.00,.00,.10,.000,.100,0,0,0,0,0,0,0,.000,2,0,1,0,.20,.10,.00,.00,0,,705:00,0,.00,.00,,,,,,,,,,,,,,,,,,,,,,0.2448145062318528,116,82
2026-27,msoc,North Eastern Athletic Conference,north_eastern_athletic_c,St. Mary's (Md.),"Valenzuela, Wyatt",Wyatt,Valenzuela,,611,"Valenzuela, Wyatt","VALENZUELA,WYATT",St. Mary's (Md.),SMC,0,9,0,35,0,35,0,0,0,3,1,1,0,0,0,.33,.00,.11,.000,.111,0,0,0,0,0,0,0,.000,1,0,2,0,.11,.22,.00,.00,0,,276:00,0,.00,.00,,,,,,,,,,,,,,,,,,,,,,0.2448145062318528,117,81
2026-27,msoc,North Eastern Athletic Conference,north_eastern_athletic_c,Notre Dame of Maryland,Aaron Reynolds,Aaron,Reynolds,,8600,Aaron Reynolds,"REYNOLDS,AARON",Notre Dame of Maryland,NDMU,0,0,0,14,0,14,,,,,,,,,,,,,,,,,,,,,,,,,,,,,,,,,,,,,,,,,,,,,,,,,,,,,,,,,,0.0,118,81
2026-27,msoc,North Eastern Athletic Conference,north_eastern_athletic_c,Notre Dame of Maryland,Angel Franco,Angel,Franco,,8600,Angel Franco,"FRANCO,ANGEL",Notre Dame of Maryland,NDMU,0,0,0,20,0,20,,,,,,,,,,,,,,,,,,,,,,,,,,,,,,,,,,,,,,,,,,,,,,,,,,,,,,,,,,0.0,119,81
2026-27,msoc,North Eastern Athletic Conference,north_eastern_athletic_c,Notre Dame of Maryland,Anthony Willor,Anthony,Willor,,8600,Anthony Willor,"WILLOR,ANTHONY",Notre Dame of Maryland,NDMU,0,0,0,21,0,21,,,,,,,,,,,,,,,,,,,,,,,,,,,,,,,,,,,,,,,,,,,,,,,,,,,,,,,,,,0.0,120,81
2026-27,msoc,North Eastern Athletic Conference,north_eastern_athletic_c,Wilson College,Carson Cinqmars,Carson,Cinqmars,,12973,Carson Cinqmars,"CINQMARS,CARSON",Wilson College,Wilson,0,0,0,24,0,24,,,,,,,,,,,,,,,,,,,,,,,,,,,,,,,,,,,,,,,,,,,,,,,,,,,,,,,,,,0.0,121,81
2026-27,msoc,North Eastern Athletic Conference,north_eastern_athletic_c,Wilson College,Dylan Ennis,Dylan,Ennis,,12973,Dylan Ennis,"ENNIS,DYLAN",Wilson College,Wilson,0,0,0,47,0,47,,,,,,,,,,,,,,,,,,,,,,,,,,,,,,,,,,,,,,,,,,,,,,,,,,,,,,,,,,0.0,122,81
2026-27,msoc,North Eastern Athletic Conference,north_eastern_athletic_c,Wilson College,Jeron Fletcher,Jeron,Fletcher,,12973,Jeron Fletcher,"FLETCHER,JERON",Wilson College,Wilson,0,0,0,21,0,21,,,,,,,,,,,,,,,,,,,,,,,,,,,,,,,,,,,,,,,,,,,,,,,,,,,,,,,,,,0.0,123,81
2026-27,msoc,North Eastern Athletic Conference,north_eastern_athletic_c,Notre Dame of Maryland,Johannes Karlsen,Johannes,Karlsen,,8600,Johannes Karlsen,"KARLSEN,JOHANNES",Notre Dame of Maryland,NDMU,0,0,0,99,0,99,,,,,,,,,,,,,,,,,,,,,,,,,,,,,,,,,,,,,,,,,,,,,,,,,,,,,,,,,,0.0,124,81
2026-27,msoc,North Eastern Athletic Conference,north_eastern_athletic_c,Wilson College,Michael Light,Michael,Light,,12973,Michael Light,"LIGHT,MICHAEL",Wilson College,Wilson,0,0,0,9,0,9,,,,,,,,,,,,,,,,,,,,,,,,,,,,,,,,,,,,,,,,,,,,,,,,,,,,,,,,,,0.0,125,80
2026-27,msoc,North Eastern Athletic Conference,north_eastern_athletic_c,Penn State Berks,Nicholas McMasters,Nicholas,McMasters,,30044,Nicholas McMasters,"MCMASTERS,NICHOLAS",Penn State Berks,PSU,0,0,0,24,0,24,,,,,,,,,,,,,,,,,,,,,,,,,,,,,,,,,,,,,,,,,,,,,,,,,,,,,,,,,,0.0,126,80
2026-27,msoc,North Eastern Athletic Conference,north_eastern_athletic_c,Penn State Abington,"Ortiz, Hector",Hector,Ortiz,,30114,"Ortiz, Hector","ORTIZ,HECTOR",Penn State Abington,PSA,2032-1978,5,5,0,0,0,0,0,0,0,0,0,0,0,0,.00,.00,.00,.000,.000,0,0,0,0,0,0,0,.000,0,0,0,0,.00,.00,.00,.00,0,,405:00,0,.00,.00,58,2,1,1,1,.840,0.89,21,4,405:00,5,5,.80,0.840,.200,4.20,,,,,,-0.2038009330925794,127,80
2026-27,msoc,North Eastern Athletic Conference,north_eastern_athletic_c,Keystone College,"Richards, Christiano",Christiano,Richards,,30047,"Richards, Christiano","RICHARDS,CHRISTIANO",Keystone College,KC,1242-3163,8,8,18,0,18,0,0,7,10,0,0,0,0,0,1.25,.88,.00,.000,.000,7,0,0,0,0,0,0,.000,5,0,2,0,.63,.25,.00,.00,0,,513:00,0,.00,.00,,,,,,,,,,,,,,,,,,,,,,-0.3227072556880559,128,80
2026-27,msoc,North Eastern Athletic Conference,north_eastern_athletic_c,Keystone College,"Kallens, James",James,Kallens,,30047,"Kallens, James","KALLENS,JAMES",Keystone College,KC,1242-3161,7,7,1,0,1,0,0,0,0,0,0,0,0,0,.00,.00,.00,.000,.000,0,0,0,0,0,0,0,.000,0,0,0,0,.00,.00,.00,.00,0,,630:00,0,.00,.00,93,1,4,2,2,.813,1.29,39,9,630:00,7,7,1.29,0.813,.286,5.57,,,,,,-0.46783674599214686,129,80
2026-27,msoc,North Eastern Athletic Conference,north_eastern_athletic_c,Penn State Berks,"Martin, Patrick",Patrick,Martin,,30044,"Martin, Patrick","MARTIN,PATRICK",Penn State Berks,PSU,1243-2010,3,1,34,0,34,0,0,0,0,0,0,0,0,0,.00,.00,.00,.000,.000,0,0,0,0,0,0,0,.000,0,0,0,0,.00,.00,.00,.00,0,,151:00,0,.00,.00,15,0,1,0,0,.800,1.19,8,2,151:00,1,3,.67,0.800,.000,2.67,,,,,,-0.4768650051832706,130,80
2026-27,msoc,North Eastern Athletic Conference,north_eastern_athletic_c,Penn College,"Crismale, Justin",Justin,Crismale,,30190,"Crismale, Justin","CRISMALE,JUSTIN",Penn College,PCT,2220-1944,8,8,00,0,00,0,0,1,1,0,0,0,0,0,.13,.13,.00,.000,.000,1,0,0,0,0,0,0,.000,0,0,0,0,.00,.00,.00,.00,0,,656:00,0,.00,.00,54,2,2,3,0,.690,1.23,20,9,656:05,8,8,1.13,0.690,.000,2.50,,,,,,-0.6997683102879617,131,80
2026-27,msoc,North Eastern Athletic Conference,north_eastern_athletic_c,Cairn University,"Clark, Naseen",Naseen,Clark,,1305,"Clark, Naseen","CLARK,NASEEN",Cairn University,CAI,0,3,1,0,0,0,0,0,0,0,0,0,0,0,0,.00,.00,.00,.000,.000,0,0,0,0,0,0,0,.000,0,0,0,0,.00,.00,.00,.00,0,,180:00,0,.00,.00,3,1,0,0,0,.667,0.50,2,1,179:59,1,3,.33,0.667,.000,.67,,,,,,-0.7036719580381532,132,79
2026-27,msoc,North Eastern Athletic Conference,north_eastern_athletic_c,Keystone College,"McVean, Kolten",Kolten,McVean,,30047,"McVean, Kolten","MCVEAN,KOLTEN",Keystone College,KC,1242-2897,2,2,99,0,99,0,0,0,0,0,0,0,0,0,.00,.00,.00,.000,.000,0,0,0,0,0,0,0,.000,0,0,0,0,.00,.00,.00,.00,0,,135:00,0,.00,.00,8,0,1,1,0,.750,1.33,6,2,135:00,2,2,1.00,0.750,.000,3.00,,,,,,-0.723341284683914,133,79
2026-27,msoc,North Eastern Athletic Conference,north_eastern_athletic_c,Penn State Harrisburg,"O'Hara, Colin",Colin,O'Hara,,30081,"O'Hara, Colin","O'HARA,COLIN",Penn State Harrisburg,PSH,1244-1774,7,3,17,0,17,0,0,5,9,0,0,0,0,0,1.29,.71,.00,.000,.000,5,0,0,0,0,0,0,.000,1,0,0,0,.14,.00,.00,.00,0,,293:00,0,.00,.00,,,,,,,,,,,,,,,,,,,,,,-0.7450488604371709,134,79
2026-27,msoc,North Eastern Athletic Conference,north_eastern_athletic_c,St. Mary's (Md.),"Reed, Zack",Zack,Reed,,611,"Reed, Zack","REED,ZACK",St. Mary's (Md.),SMC,0,5,5,99,0,99,0,0,0,0,0,0,0,0,0,.00,.00,.00,.000,.000,0,0,0,0,0,0,0,.000,0,0,0,0,.00,.00,.00,.00,0,,450:00,0,.00,.00,67,0,3,2,1,.742,1.60,23,8,450:00,5,5,1.60,0.742,.200,4.60,,,,,,-0.8627170787985264,135,79
2026-27,msoc,North Eastern Athletic Conference,north_eastern_athletic_c,Wilson College,"Navarro, Gerson",Gerson,Navarro,,12973,"Navarro, Gerson","NAVARRO,GERSON",Wilson College,Wilson,1246-780,6,6,1,0,1,0,0,0,0,0,0,0,0,0,.00,.00,.00,.000,.000,0,0,0,0,0,0,0,.000,0,0,0,0,.00,.00,.00,.00,0,,495:00,0,.00,.00,91,2,4,0,1,.762,2.00,32,10,450:00,6,6,1.67,0.762,.167,5.33,,,,,,-0.9481833229106128,136,79
2026-27,msoc,North Eastern Athletic Conference,north_eastern_athletic_c,Lancaster Bible College,"Coryell, Zach",Zach,Coryell,,30085,"Coryell, Zach","CORYELL,ZACH",Lancaster Bible College,LBC,1391-2157,9,9,15,0,15,0,0,4,5,0,0,0,0,0,.56,.44,.00,.000,.000,4,0,0,0,0,0,0,.000,5,0,1,0,.56,.11,.00,.00,0,,769:00,0,.00,.00,,,,,,,,,,,,,,,,,,,,,,-0.9562196628117284,137,79
2026-27,msoc,North Eastern Athletic Conference,north_eastern_athletic_c,Penn State Abington,"Lachawiec, Nick",Nick,Lachawiec,,30114,"Lachawiec, Nick","LACHAWIEC,NICK",Penn State Abington,PSA,2032-1809,9,9,4,0,4,0,0,4,9,0,0,0,0,0,1.00,.44,.00,.000,.000,4,0,0,0,0,0,0,.000,6,0,4,0,.67,.44,.00,.00,0,,712:00,0,.00,.00,,,,,,,,,,,,,,,,,,,,,,-0.9562196628117284,138,79
2026-27,msoc,North Eastern Athletic Conference,north_eastern_athletic_c,Cairn University,"Jakeway, Xander",Xander,Jakeway,,1305,"Jakeway, Xander","JAKEWAY,XANDER",Cairn University,CAI,0,8,8,33,0,33,0,0,0,0,0,0,0,0,0,.00,.00,.00,.000,.000,0,0,0,0,0,0,0,.000,0,0,0,0,.00,.00,.00,.00,0,,618:00,0,.00,.00,70,4,2,2,2,.711,1.60,27,11,617:03,8,8,1.38,0.711,.250,3.38,,,,,,-0.980497007147716,139,79
2026-27,msoc,North Eastern Athletic Conference,north_eastern_athletic_c,Penn College,"Ragula, Owen",Owen,Ragula,,30190,"Ragula, Owen","RAGULA,OWEN",Penn College,PCT,2220-2116,3,1,1,0,1,0,0,0,0,0,0,0,0,0,.00,.00,.00,.000,.000,0,0,0,0,0,0,0,.000,0,0,0,0,.00,.00,.00,.00,0,,154:00,0,.00,.00,17,0,1,1,0,.750,2.35,12,4,153:55,1,3,1.33,0.750,.000,4.00,,,,,,-1.135047186066788,140,78
2026-27,msoc,North Eastern Athletic Conference,north_eastern_athletic_c,Penn State Abington,"Abreu, Anthony",Anthony,Abreu,,30114,"Abreu, Anthony","ABREU,ANTHONY",Penn State Abington,PSA,2032-1799,9,0,10,0,10,0,0,3,3,0,0,0,0,0,.33,.33,.00,.000,.000,3,0,0,0,0,0,0,.000,2,0,1,0,.22,.11,.00,.00,0,,327:00,0,.00,.00,,,,,,,,,,,,,,,,,,,,,,-1.167390465186286,141,78
2026-27,msoc,North Eastern Athletic Conference,north_eastern_athletic_c,Wilson College,"Howe, Landon",Landon,Howe,,12973,"Howe, Landon","HOWE,LANDON",Wilson College,Wilson,1246-778,6,6,4,0,4,0,0,3,7,0,0,0,0,0,1.17,.50,.00,.000,.000,3,0,0,0,0,0,0,.000,2,0,2,0,.33,.33,.00,.00,0,,505:00,0,.00,.00,,,,,,,,,,,,,,,,,,,,,,-1.167390465186286,142,78
2026-27,msoc,North Eastern Athletic Conference,north_eastern_athletic_c,Penn College,"Kahmar, Miller",Miller,Kahmar,,30190,"Kahmar, Miller","KAHMAR,MILLER",Penn College,PCT,2220-1951,7,1,3,0,3,0,0,3,6,0,0,0,0,0,.86,.43,.00,.000,.000,3,0,0,0,0,0,0,.000,0,0,2,0,.00,.29,.00,.00,0,,143:00,0,.00,.00,,,,,,,,,,,,,,,,,,,,,,-1.167390465186286,143,78
2026-27,msoc,North Eastern Athletic Conference,north_eastern_athletic_c,Penn State Harrisburg,"Lage, Kristopher",Kristopher,Lage,,30081,"Lage, Kristopher","LAGE,KRISTOPHER",Penn State Harrisburg,PSH,1244-1787,7,3,5,0,5,0,0,3,6,0,0,0,0,0,.86,.43,.00,.000,.000,3,0,0,0,0,0,0,.000,2,0,1,0,.29,.14,.00,.00,0,,399:00,0,.00,.00,,,,,,,,,,,,,,,,,,,,,,-1.167390465186286,144,78
2026-27,msoc,North Eastern Athletic Conference,north_eastern_athletic_c,Penn State Harrisburg,"Menendez, Diego",Diego,Menendez,,30081,"Menendez, Diego","MENENDEZ,DIEGO",Penn State Harrisburg,PSH,1244-1975,7,6,15,0,15,0,0,3,5,0,0,0,0,0,.71,.43,.00,.000,.000,3,0,0,0,0,0,0,.000,0,0,2,0,.00,.29,.00,.00,0,,450:00,0,.00,.00,,,,,,,,,,,,,,,,,,,,,,-1.167390465186286,145,78
2026-27,msoc,North Eastern Athletic Conference,north_eastern_athletic_c,Notre Dame of Maryland,Pedro Lima,Pedro,Lima,,8600,Pedro Lima,"LIMA,PEDRO",Notre Dame of Maryland,NDMU,0,5,2,19,0,19,0,0,3,5,0,0,0,0,0,1.00,.60,.00,.000,.000,3,0,0,0,0,0,0,.000,2,0,1,0,.40,.20,.00,.00,0,,154:00,0,.00,.00,,,,,,,,,,,,,,,,,,,,,,-1.167390465186286,146,78
2026-27,msoc,North Eastern Athletic Conference,north_eastern_athletic_c,Penn State Berks,"Pierre, Amani",Amani,Pierre,,30044,"Pierre, Amani","PIERRE,AMANI",Penn State Berks,PSU,1243-2178,3,2,9,0,9,0,0,3,4,0,0,0,1,0,1.33,1.00,.00,.000,.000,3,0,0,0,0,0,0,.000,1,0,0,0,.33,.00,.00,.00,0,,135:00,0,.00,.00,,,,,,,,,,,,,,,,,,,,,,-1.167390465186286,147,78
2026-27,msoc,North Eastern Athletic Conference,north_eastern_athletic_c,Lancaster Bible College,"Straubel, Michael",Michael,Straubel,,30085,"Straubel, Michael","STRAUBEL,MICHAEL",Lancaster Bible College,LBC,1391-2621,9,7,8,0,8,0,0,3,10,0,0,0,0,0,1.11,.33,.00,.000,.000,3,0,0,0,0,0,0,.000,3,0,0,0,.33,.00,.00,.00,0,,568:00,0,.00,.00,,,,,,,,,,,,,,,,,,,,,,-1.167390465186286,148,77
2026-27,msoc,North Eastern Athletic Conference,north_eastern_athletic_c,Penn State Abington,"Yagoub, Amerr",Amerr,Yagoub,,30114,"Yagoub, Amerr","YAGOUB,AMERR",Penn State Abington,PSA,2032-1521,9,8,21,0,21,0,0,3,6,0,0,0,0,0,.67,.33,.00,.000,.000,3,0,0,0,0,0,0,.000,3,0,0,0,.33,.00,.00,.00,0,,597:00,0,.00,.00,,,,,,,,,,,,,,,,,,,,,,-1.167390465186286,149,77
2026-27,msoc,North Eastern Athletic Conference,north_eastern_athletic_c,Penn State Harrisburg,"Shensky, Jimmy",Jimmy,Shensky,,30081,"Shensky, Jimmy","SHENSKY,JIMMY",Penn State Harrisburg,PSH,1244-2189,6,6,1,0,1,0,0,0,0,0,0,0,0,0,.00,.00,.00,.000,.000,0,0,0,0,0,0,0,.000,0,0,0,0,.00,.00,.00,.00,0,,475:00,0,.00,.00,46,0,4,2,1,.643,1.90,18,10,474:42,6,6,1.67,0.643,.167,3.00,,,,,,-1.3599429500054172,150,77
2026-27,msoc,North Eastern Athletic Conference,north_eastern_athletic_c,St. Mary's (Md.),"Adja, Mark",Mark,Adja,,611,"Adja, Mark","ADJA,MARK",St. Mary's (Md.),SMC,0,5,5,4,0,4,0,0,2,3,0,0,0,0,0,.60,.40,.00,.000,.000,2,0,0,0,0,0,0,.000,3,0,1,0,.60,.20,.00,.00,0,,306:00,0,.00,.00,,,,,,,,,,,,,,,,,,,,,,-1.3785612675608436,151,77
2026-27,msoc,North Eastern Athletic Conference,north_eastern_athletic_c,Penn College,"Antonini, Robert",Robert,Antonini,,30190,"Antonini, Robert","ANTONINI,ROBERT",Penn College,PCT,2220-1720,9,9,12,0,12,0,0,2,3,0,0,0,0,0,.33,.22,.00,.000,.000,2,0,0,0,0,0,0,.000,2,0,0,0,.22,.00,.00,.00,0,,707:00,1,.00,.00,,,,,,,,,,,,,,,,,,,,,,-1.3785612675608436,152,77
2026-27,msoc,North Eastern Athletic Conference,north_eastern_athletic_c,Wilson College,"Arbogast, Eric",Eric,Arbogast,,12973,"Arbogast, Eric","ARBOGAST,ERIC",Wilson College,Wilson,1246-771,7,7,13,0,13,0,0,2,4,0,0,0,0,0,.57,.29,.00,.000,.000,2,0,0,0,0,0,0,.000,1,0,1,0,.14,.14,.00,.00,0,,610:00,0,.00,.00,,,,,,,,,,,,,,,,,,,,,,-1.3785612675608436,153,77
2026-27,msoc,North Eastern Athletic Conference,north_eastern_athletic_c,Penn State Berks,"Austin, Peter",Peter,Austin,,30044,"Austin, Peter","AUSTIN,PETER",Penn State Berks,PSU,1243-2099,8,3,5,0,5,0,0,2,3,0,0,0,0,0,.38,.25,.00,.000,.000,2,0,0,0,0,0,0,.000,3,0,0,0,.38,.00,.00,.00,0,,373:00,0,.00,.00,,,,,,,,,,,,,,,,,,,,,,-1.3785612675608436,154,77
2026-27,msoc,North Eastern Athletic Conference,north_eastern_athletic_c,Wilson College,"Cinco, Lenin",Lenin,Cinco,,12973,"Cinco, Lenin","CINCO,LENIN",Wilson College,Wilson,1246-776,7,7,25,0,25,0,0,2,5,0,0,0,0,0,.71,.29,.00,.000,.000,2,0,0,0,0,0,0,.000,3,0,0,0,.43,.00,.00,.00,0,,531:00,0,.00,.00,,,,,,,,,,,,,,,,,,,,,,-1.3785612675608436,155,76
2026-27,msoc,North Eastern Athletic Conference,north_eastern_athletic_c,Wilson College,"Colon Gonzalez, Emmanuel",Emmanuel,Colon Gonzalez,,12973,"Colon Gonzalez, Emmanuel","COLON GONZALEZ,EMMANUEL",Wilson College,Wilson,1246-1018,7,4,27,0,27,0,0,2,5,0,0,0,0,0,.71,.29,.00,.000,.000,2,0,0,0,0,0,0,.000,7,0,1,0,1.00,.14,.00,.00,0,,472:00,0,.00,.00,,,,,,,,,,,,,,,,,,,,,,-1.3785612675608436,156,76
2026-27,msoc,North Eastern Athletic Conference,north_eastern_athletic_c,Penn State Harrisburg,"Fall, Djibril",Djibril,Fall,,30081,"Fall, Djibril","FALL,DJIBRIL",Penn State Harrisburg,PSH,1244-2188,4,3,30,0,30,0,0,2,6,0,0,0,0,0,1.50,.50,.00,.000,.000,2,0,0,0,0,0,0,.000,2,0,1,0,.50,.25,.00,.00,0,,230:00,0,.00,.00,,,,,,,,,,,,,,,,,,,,,,-1.3785612675608436,157,76
2026-27,msoc,North Eastern Athletic Conference,north_eastern_athletic_c,Penn State Berks,"Henderson, Marcus",Marcus,Henderson,,30044,"Henderson, Marcus","HENDERSON,MARCUS",Penn State Berks,PSU,1243-2185,9,6,25,0,25,0,0,2,3,0,0,0,0,0,.33,.22,.00,.000,.000,2,0,0,0,0,0,0,.000,5,0,0,0,.56,.00,.00,.00,0,,356:00,0,.00,.00,,,,,,,,,,,,,,,,,,,,,,-1.3785612675608436,158,76
2026-27,msoc,North Eastern Athletic Conference,north_eastern_athletic_c,Penn State Berks,"Henzes, Logan",Logan,Henzes,,30044,"Henzes, Logan","HENZES,LOGAN",Penn State Berks,PSU,1243-2181,4,0,13,0,13,0,0,2,3,0,0,0,0,0,.75,.50,.00,.000,.000,2,0,0,0,0,0,0,.000,0,0,0,0,.00,.00,.00,.00,0,,121:00,0,.00,.00,,,,,,,,,,,,,,,,,,,,,,-1.3785612675608436,159,76
2026-27,msoc,North Eastern Athletic Conference,north_eastern_athletic_c,Penn State Harrisburg,"Hernandez, Jonathan",Jonathan,Hernandez,,30081,"Hernandez, Jonathan","HERNANDEZ,JONATHAN",Penn State Harrisburg,PSH,1244-2185,7,7,2,0,2,0,0,2,2,0,0,0,0,0,.29,.29,.00,.000,.000,2,0,0,0,0,0,0,.000,11,0,4,0,1.57,.57,.00,.00,0,,539:00,0,.00,.00,,,,,,,,,,,,,,,,,,,,,,-1.3785612675608436,160,76
2026-27,msoc,North Eastern Athletic Conference,north_eastern_athletic_c,Penn State Brandywine,Jackson Gamber,Jackson,Gamber,,30189,Jackson Gamber,"GAMBER,JACKSON",Penn State Brandywine,PSW,0,7,6,09,0,09,0,0,2,2,0,0,0,0,0,.29,.29,.00,.000,.000,2,0,0,0,0,0,0,.000,2,0,1,0,.29,.14,.00,.00,0,,438:00,0,.00,.00,,,,,,,,,,,,,,,,,,,,,,-1.3785612675608436,161,76
2026-27,msoc,North Eastern Athletic Conference,north_eastern_athletic_c,Penn State Harrisburg,"James, Kristian",Kristian,James,,30081,"James, Kristian","JAMES,KRISTIAN",Penn State Harrisburg,PSH,1244-1983,6,1,23,0,23,0,0,2,2,0,0,0,0,0,.33,.33,.00,.000,.000,2,0,0,0,0,0,0,.000,2,0,0,0,.33,.00,.00,.00,0,,256:00,0,.00,.00,,,,,,,,,,,,,,,,,,,,,,-1.3785612675608436,162,76
2026-27,msoc,North Eastern Athletic Conference,north_eastern_athletic_c,Penn State Berks,"Jones, Isaac",Isaac,Jones,,30044,"Jones, Isaac","JONES,ISAAC",Penn State Berks,PSU,1243-2177,10,6,6,0,6,0,0,2,3,0,0,0,0,0,.30,.20,.00,.000,.000,2,0,0,0,0,0,0,.000,5,0,0,0,.50,.00,.00,.00,0,,437:00,0,.00,.00,,,,,,,,,,,,,,,,,,,,,,-1.3785612675608436,163,75
2026-27,msoc,North Eastern Athletic Conference,north_eastern_athletic_c,St. Mary's (Md.),"Marbray, William",William,Marbray,,611,"Marbray, William","MARBRAY,WILLIAM",St. Mary's (Md.),SMC,0,4,0,27,0,27,0,0,2,3,0,0,0,0,0,.75,.50,.00,.000,.000,2,0,0,0,0,0,0,.000,0,0,1,0,.00,.25,.00,.00,0,,137:00,0,.00,.00,,,,,,,,,,,,,,,,,,,,,,-1.3785612675608436,164,75
2026-27,msoc,North Eastern Athletic Conference,north_eastern_athletic_c,Wilson College,"Mosquera, Jayden",Jayden,Mosquera,,12973,"Mosquera, Jayden","MOSQUERA,JAYDEN",Wilson College,Wilson,1246-1019,7,3,31,0,31,0,0,2,4,0,0,0,0,0,.57,.29,.00,.000,.000,2,0,0,0,0,0,0,.000,3,0,0,0,.43,.00,.00,.00,0,,359:00,0,.00,.00,,,,,,,,,,,,,,,,,,,,,,-1.3785612675608436,165,75
2026-27,msoc,North Eastern Athletic Conference,north_eastern_athletic_c,Penn State Berks,"Raiger, Malachi",Malachi,Raiger,,30044,"Raiger, Malachi","RAIGER,MALACHI",Penn State Berks,PSU,1243-2187,9,3,27,0,27,0,0,2,5,0,0,0,0,0,.56,.22,.00,.000,.000,2,0,0,0,0,0,0,.000,2,0,0,0,.22,.00,.00,.00,0,,375:00,0,.00,.00,,,,,,,,,,,,,,,,,,,,,,-1.3785612675608436,166,75
2026-27,msoc,North Eastern Athletic Conference,north_eastern_athletic_c,Keystone College,"Sceppaguercio, Patrick",Patrick,Sceppaguercio,,30047,"Sceppaguercio, Patrick","SCEPPAGUERCIO,PATRICK",Keystone College,KC,1242-3165,9,4,13,0,13,0,0,2,2,0,0,0,0,0,.22,.22,.00,.000,.000,2,0,0,0,0,0,0,.000,0,0,0,0,.00,.00,.00,.00,0,,408:00,0,.00,.00,,,,,,,,,,,,,,,,,,,,,,-1.3785612675608436,167,75
2026-27,msoc,North Eastern Athletic Conference,north_eastern_athletic_c,Penn State Berks,"Snyder, Alex",Alex,Snyder,,30044,"Snyder, Alex","SNYDER,ALEX",Penn State Berks,PSU,1243-1919,8,7,3,0,3,0,0,2,3,0,0,0,0,0,.38,.25,.00,.000,.000,2,0,0,0,0,0,0,.000,4,0,2,0,.50,.25,.00,.00,0,,615:00,0,.00,.00,,,,,,,,,,,,,,,,,,,,,,-1.3785612675608436,168,75
2026-27,msoc,North Eastern Athletic Conference,north_eastern_athletic_c,St. Mary's (Md.),"Webster, Bryce",Bryce,Webster,,611,"Webster, Bryce","WEBSTER,BRYCE",St. Mary's (Md.),SMC,0,9,2,12,0,12,0,0,2,2,0,0,0,0,0,.22,.22,.00,.000,.000,2,0,0,0,0,0,0,.000,5,0,0,0,.56,.00,.00,.00,0,,405:00,0,.00,.00,,,,,,,,,,,,,,,,,,,,,,-1.3785612675608436,169,75
2026-27,msoc,North Eastern Athletic Conference,north_eastern_athletic_c,Keystone College,"Wood, Barrett",Barrett,Wood,,30047,"Wood, Barrett","WOOD,BARRETT",Keystone College,KC,1242-3221,7,4,19,0,19,0,0,2,5,0,0,0,0,0,.71,.29,.00,.000,.000,2,0,0,0,0,0,0,.000,1,0,2,0,.14,.29,.00,.00,0,,387:00,0,.00,.00,,,,,,,,,,,,,,,,,,,,,,-1.3785612675608436,170,75
2026-27,msoc,North Eastern Athletic Conference,north_eastern_athletic_c,Keystone College,"de Farias, Matheus",Matheus,de Farias,,30047,"de Farias, Matheus","DE FARIAS,MATHEUS",Keystone College,KC,1242-3154,6,0,20,0,20,0,0,2,4,0,0,0,0,0,.67,.33,.00,.000,.000,2,0,0,0,0,0,0,.000,0,0,0,0,.00,.00,.00,.00,0,,168:00,0,.00,.00,,,,,,,,,,,,,,,,,,,,,,-1.3785612675608436,171,74
2026-27,msoc,North Eastern Athletic Conference,north_eastern_athletic_c,Wilson College,"Lucas, Noah",Noah,Lucas,,12973,"Lucas, Noah","LUCAS,NOAH",Wilson College,Wilson,1246-1149,3,1,0,0,0,0,0,0,0,0,0,0,0,0,.00,.00,.00,.000,.000,0,0,0,0,0,0,0,.000,0,0,0,0,.00,.00,.00,.00,0,,180:00,0,.00,.00,46,0,1,0,0,.727,3.00,16,6,180:00,1,3,2.00,0.727,.000,5.33,,,,,,-1.4847938980192514,172,74
2026-27,msoc,North Eastern Athletic Conference,north_eastern_athletic_c,Lancaster Bible College,"Jackson, Chris",Chris,Jackson,,30085,"Jackson, Chris","JACKSON,CHRIS",Lancaster Bible College,LBC,1391-2345,5,2,1,0,1,0,0,0,0,0,0,0,0,0,.00,.00,.00,.000,.000,0,0,0,0,0,0,0,.000,0,0,0,0,.00,.00,.00,.00,0,,218:00,0,.00,.00,37,0,1,1,0,.667,2.48,12,6,218:11,2,5,1.20,0.667,.000,2.40,,,,,,-1.5028657666049083,173,74
2026-27,msoc,North Eastern Athletic Conference,north_eastern_athletic_c,Penn State Berks,"Martin, Josh",Josh,Martin,,30044,"Martin, Josh","MARTIN,JOSH",Penn State Berks,PSU,1243-1915,9,9,1,0,1,0,0,0,0,0,0,0,0,0,.00,.00,.00,.000,.000,0,0,0,0,0,0,0,.000,0,0,0,0,.00,.00,.00,.00,0,,740:00,0,.00,.00,142,2,5,2,0,.681,2.68,47,22,739:32,9,9,2.44,0.681,.000,5.22,,,,,,-1.5304014785513789,174,74
2026-27,msoc,North Eastern Athletic Conference,north_eastern_athletic_c,Cairn University,"Allen, Braden",Braden,Allen,,1305,"Allen, Braden","ALLEN,BRADEN",Cairn University,CAI,0,9,9,30,0,30,0,0,1,7,0,0,0,0,0,.78,.11,.00,.000,.000,1,0,0,0,0,0,0,.000,5,0,1,0,.56,.11,.00,.00,0,,485:00,0,.00,.00,,,,,,,,,,,,,,,,,,,,,,-1.5897320699354012,175,74
2026-27,msoc,North Eastern Athletic Conference,north_eastern_athletic_c,Keystone College,"Arellano, Loui",Loui,Arellano,,30047,"Arellano, Loui","ARELLANO,LOUI",Keystone College,KC,1242-3147,9,6,4,0,4,0,0,1,1,0,0,0,0,0,.11,.11,.00,.000,.000,1,0,0,0,0,0,0,.000,2,0,1,0,.22,.11,.00,.00,0,,577:00,0,.00,.00,,,,,,,,,,,,,,,,,,,,,,-1.5897320699354012,176,74
2026-27,msoc,North Eastern Athletic Conference,north_eastern_athletic_c,St. Mary's (Md.),"Barrett, Quinto",Quinto,Barrett,,611,"Barrett, Quinto","BARRETT,QUINTO",St. Mary's (Md.),SMC,0,2,0,25,0,25,0,0,1,1,0,0,0,0,0,.50,.50,.00,.000,.000,1,0,0,0,0,0,0,.000,1,0,0,0,.50,.00,.00,.00,0,,16:00,0,.00,.00,,,,,,,,,,,,,,,,,,,,,,-1.5897320699354012,177,74
2026-27,msoc,North Eastern Athletic Conference,north_eastern_athletic_c,Cairn University,"Burres, Brock",Brock,Burres,,1305,"Burres, Brock","BURRES,BROCK",Cairn University,CAI,0,8,0,8,0,8,0,0,1,2,0,0,0,0,0,.25,.13,.00,.000,.000,1,0,0,0,0,0,0,.000,4,0,1,0,.50,.13,.00,.00,0,,187:00,0,.00,.00,,,,,,,,,,,,,,,,,,,,,,-1.5897320699354012,178,73
2026-27,msoc,North Eastern Athletic Conference,north_eastern_athletic_c,Penn College,"Dunne, Connor",Connor,Dunne,,30190,"Dunne, Connor","DUNNE,CONNOR",Penn College,PCT,2220-2111,7,2,14,0,14,0,0,1,2,0,0,0,0,0,.29,.14,.00,.000,.000,1,0,0,0,0,0,0,.000,1,0,1,0,.14,.14,.00,.00,0,,288:00,0,.00,.00,,,,,,,,,,,,,,,,,,,,,,-1.5897320699354012,179,73
2026-27,msoc,North Eastern Athletic Conference,north_eastern_athletic_c,Keystone College,"Eccleston, Ethan",Ethan,Eccleston,,30047,"Eccleston, Ethan","ECCLESTON,ETHAN",Keystone College,KC,1242-2746,8,8,28,0,28,0,0,1,2,0,0,0,0,0,.25,.13,.00,.000,.000,1,0,0,0,0,0,0,.000,1,1,0,0,.13,.00,.13,.00,0,,644:00,0,.00,.00,,,,,,,,,,,,,,,,,,,,,,-1.5897320699354012,180,73
2026-27,msoc,North Eastern Athletic Conference,north_eastern_athletic_c,Penn State Brandywine,El qorchi Rayan,El qorchi,Rayan,,30189,El qorchi Rayan,"QORCHI,RAYAN EL",Penn State Brandywine,PSW,0,7,0,29,0,29,0,0,1,2,0,0,0,0,0,.29,.14,.00,.000,.000,1,0,0,0,0,0,0,.000,3,0,0,0,.43,.00,.00,.00,0,,280:00,0,.00,.00,,,,,,,,,,,,,,,,,,,,,,-1.5897320699354012,181,73
2026-27,msoc,North Eastern Athletic Conference,north_eastern_athletic_c,Penn State Brandywine,Ethan Alviar,Ethan,Alviar,,30189,Ethan Alviar,"ALVIAR,ETHAN",Penn State Brandywine,PSW,0,5,3,25,0,25,0,0,1,1,0,0,0,0,0,.20,.20,.00,.000,.000,1,0,0,0,0,0,0,.000,1,0,0,0,.20,.00,.00,.00,0,,248:00,0,.00,.00,,,,,,,,,,,,,,,,,,,,,,-1.5897320699354012,182,73
2026-27,msoc,North Eastern Athletic Conference,north_eastern_athletic_c,Penn State Abington,"Falcone, Ryan",Ryan,Falcone,,30114,"Falcone, Ryan","FALCONE,RYAN",Penn State Abington,PSA,2032-1966,1,0,36,0,36,0,0,1,1,0,0,0,0,0,1.00,1.00,.00,.000,.000,1,0,0,0,0,0,0,.000,0,0,0,0,.00,.00,.00,.00,0,,10:00,0,.00,.00,,,,,,,,,,,,,,,,,,,,,,-1.5897320699354012,183,73
2026-27,msoc,North Eastern Athletic Conference,north_eastern_athletic_c,Keystone College,"Feinberg, Jack",Jack,Feinberg,,30047,"Feinberg, Jack","FEINBERG,JACK",Keystone College,KC,1242-3155,7,0,24,0,24,0,0,1,1,0,0,0,0,0,.14,.14,.00,.000,.000,1,0,0,0,0,0,0,.000,3,0,0,0,.43,.00,.00,.00,0,,189:00,0,.00,.00,,,,,,,,,,,,,,,,,,,,,,-1.5897320699354012,184,73
2026-27,msoc,North Eastern Athletic Conference,north_eastern_athletic_c,Keystone College,"Hash, Beckham",Beckham,Hash,,30047,"Hash, Beckham","HASH,BECKHAM",Keystone College,KC,1242-3158,7,0,23,0,23,0,0,1,2,0,0,0,0,0,.29,.14,.00,.000,.000,1,0,0,0,0,0,0,.000,0,0,0,0,.00,.00,.00,.00,0,,191:00,0,.00,.00,,,,,,,,,,,,,,,,,,,,,,-1.5897320699354012,185,73
2026-27,msoc,North Eastern Athletic Conference,north_eastern_athletic_c,St. Mary's (Md.),"Isett, Elijah",Elijah,Isett,,611,"Isett, Elijah","ISETT,ELIJAH",St. Mary's (Md.),SMC,0,9,6,30,0,30,0,0,1,5,0,0,0,0,0,.56,.11,.00,.000,.000,1,0,0,0,0,0,0,.000,2,0,0,0,.22,.00,.00,.00,0,,515:00,0,.00,.00,,,,,,,,,,,,,,,,,,,,,,-1.5897320699354012,186,72
2026-27,msoc,North Eastern Athletic Conference,north_eastern_athletic_c,Notre Dame of Maryland,"Ismaeel, Nadim",Nadim,Ismaeel,,8600,"Ismaeel, Nadim","ISMAEEL,NADIM",Notre Dame of Maryland,NDMU,0,5,4,23,0,23,0,0,1,3,0,0,0,0,0,.60,.20,.00,.000,.000,1,0,0,0,0,0,0,.000,4,0,0,0,.80,.00,.00,.00,0,,339:00,0,.00,.00,,,,,,,,,,,,,,,,,,,,,,-1.5897320699354012,187,72
2026-27,msoc,North Eastern Athletic Conference,north_eastern_athletic_c,Notre Dame of Maryland,Johan Gertenbach,Johan,Gertenbach,,8600,Johan Gertenbach,"GERTENBACH,JOHAN",Notre Dame of Maryland,NDMU,0,5,0,26,0,26,0,0,1,2,0,0,0,0,0,.40,.20,.00,.000,.000,1,0,0,0,0,0,0,.000,1,0,0,0,.20,.00,.00,.00,0,,110:00,0,.00,.00,,,,,,,,,,,,,,,,,,,,,,-1.5897320699354012,188,72
2026-27,msoc,North Eastern Athletic Conference,north_eastern_athletic_c,Penn State Berks,"Kachorov, Kristian",Kristian,Kachorov,,30044,"Kachorov, Kristian","KACHOROV,KRISTIAN",Penn State Berks,PSU,1243-2182,7,2,17,0,17,0,0,1,1,0,0,0,0,0,.14,.14,.00,.000,.000,1,0,0,0,0,0,0,.000,0,0,0,0,.00,.00,.00,.00,0,,318:00,0,.00,.00,,,,,,,,,,,,,,,,,,,,,,-1.5897320699354012,189,72
2026-27,msoc,North Eastern Athletic Conference,north_eastern_athletic_c,Cairn University,"Kalapala, Nathan",Nathan,Kalapala,,1305,"Kalapala, Nathan","KALAPALA,NATHAN",Cairn University,CAI,0,8,7,12,0,12,0,0,1,2,0,0,0,0,0,.25,.13,.00,.000,.000,1,0,0,0,0,0,0,.000,8,0,0,0,1.00,.00,.00,.00,0,,559:00,0,.00,.00,,,,,,,,,,,,,,,,,,,,,,-1.5897320699354012,190,72
2026-27,msoc,North Eastern Athletic Conference,north_eastern_athletic_c,St. Mary's (Md.),"Magnaye, Trey",Trey,Magnaye,,611,"Magnaye, Trey","MAGNAYE,TREY",St. Mary's (Md.),SMC,0,9,9,10,0,10,0,0,1,6,0,0,0,0,0,.67,.11,.00,.000,.000,1,0,0,0,0,0,0,.000,6,0,1,0,.67,.11,.00,.00,0,,729:00,0,.00,.00,,,,,,,,,,,,,,,,,,,,,,-1.5897320699354012,191,72
2026-27,msoc,North Eastern Athletic Conference,north_eastern_athletic_c,St. Mary's (Md.),"Mazzola, Marco",Marco,Mazzola,,611,"Mazzola, Marco","MAZZOLA,MARCO",St. Mary's (Md.),SMC,0,9,9,23,0,23,0,0,1,5,0,0,0,0,0,.56,.11,.00,.000,.000,1,0,0,0,0,0,0,.000,13,0,1,0,1.44,.11,.00,.00,0,,602:00,0,.00,.00,,,,,,,,,,,,,,,,,,,,,,-1.5897320699354012,192,72
2026-27,msoc,North Eastern Athletic Conference,north_eastern_athletic_c,Gallaudet University,"Mohamed, Sadam",Sadam,Mohamed,,245,"Mohamed, Sadam","MOHAMED,SADAM",Gallaudet University,GALLA,141-2220,7,5,2,0,2,0,0,1,2,0,0,0,0,0,.29,.14,.00,.000,.000,1,0,0,0,0,0,0,.000,5,0,1,0,.71,.14,.00,.00,0,,492:00,0,.00,.00,,,,,,,,,,,,,,,,,,,,,,-1.5897320699354012,193,72
2026-27,msoc,North Eastern Athletic Conference,north_eastern_athletic_c,Gallaudet University,"Morgan, Hawkins",Hawkins,Morgan,,245,"Morgan, Hawkins","MORGAN,HAWKINS",Gallaudet University,GALLA,141-2190,4,4,13,0,13,0,0,1,1,0,0,0,0,0,.25,.25,.00,.000,.000,1,0,0,0,0,0,0,.000,1,0,0,0,.25,.00,.00,.00,0,,332:00,0,.00,.00,,,,,,,,,,,,,,,,,,,,,,-1.5897320699354012,194,71
2026-27,msoc,North Eastern Athletic Conference,north_eastern_athletic_c,Penn State Harrisburg,"Murvee, Jallah",Jallah,Murvee,,30081,"Murvee, Jallah","MURVEE,JALLAH",Penn State Harrisburg,PSH,1244-2190,7,5,28,0,28,0,0,1,5,0,0,0,0,0,.71,.14,.00,.000,.000,1,0,0,0,0,0,0,.000,1,0,0,0,.14,.00,.00,.00,0,,379:00,0,.00,.00,,,,,,,,,,,,,,,,,,,,,,-1.5897320699354012,195,71
2026-27,msoc,North Eastern Athletic Conference,north_eastern_athletic_c,Gallaudet University,"Nyame, Gideon",Gideon,Nyame,,245,"Nyame, Gideon","NYAME,GIDEON",Gallaudet University,GALLA,141-2088,7,7,22,0,22,0,0,1,1,0,0,0,0,0,.14,.14,.00,.000,.000,1,0,0,0,0,0,0,.000,7,0,0,0,1.00,.00,.00,.00,0,,509:00,0,.00,.00,,,,,,,,,,,,,,,,,,,,,,-1.5897320699354012,196,71
2026-27,msoc,North Eastern Athletic Conference,north_eastern_athletic_c,Lancaster Bible College,"Olivar, Adan",Adan,Olivar,,30085,"Olivar, Adan","OLIVAR,ADAN",Lancaster Bible College,LBC,1391-2627,9,3,2,0,2,0,0,1,2,0,0,0,0,0,.22,.11,.00,.000,.000,1,0,0,0,0,0,0,.000,2,0,1,0,.22,.11,.00,.00,0,,271:00,0,.00,.00,,,,,,,,,,,,,,,,,,,,,,-1.5897320699354012,197,71
2026-27,msoc,North Eastern Athletic Conference,north_eastern_athletic_c,Penn College,"Pietrzak, Logan",Logan,Pietrzak,,30190,"Pietrzak, Logan","PIETRZAK,LOGAN",Penn College,PCT,2220-1556,10,1,18,0,18,0,0,1,2,0,0,0,0,0,.20,.10,.00,.000,.000,1,0,0,0,0,0,0,.000,1,0,1,0,.10,.10,.00,.00,0,,262:00,0,.00,.00,,,,,,,,,,,,,,,,,,,,,,-1.5897320699354012,198,71
2026-27,msoc,North Eastern Athletic Conference,north_eastern_athletic_c,Lancaster Bible College,"Ramos, Andre",Andre,Ramos,,30085,"Ramos, Andre","RAMOS,ANDRE",Lancaster Bible College,LBC,1391-2617,7,7,3,0,3,0,0,1,2,0,0,0,0,0,.29,.14,.00,.000,.000,1,0,0,0,0,0,0,.000,1,0,1,0,.14,.14,.00,.00,0,,556:00,0,.00,.00,,,,,,,,,,,,,,,,,,,,,,-1.5897320699354012,199,71
2026-27,msoc,North Eastern Athletic Conference,north_eastern_athletic_c,Lancaster Bible College,"Sabogal, Danix",Danix,Sabogal,,30085,"Sabogal, Danix","SABOGAL,DANIX",Lancaster Bible College,LBC,1391-2625,8,0,14,0,14,0,0,1,2,0,0,0,0,0,.25,.13,.00,.000,.000,1,0,0,0,0,0,0,.000,4,0,1,0,.50,.13,.00,.00,0,,151:00,0,.00,.00,,,,,,,,,,,,,,,,,,,,,,-1.5897320699354012,200,71
2026-27,msoc,North Eastern Athletic Conference,north_eastern_athletic_c,Penn College,"Sahaydak, Freddy",Freddy,Sahaydak,,30190,"Sahaydak, Freddy","SAHAYDAK,FREDDY",Penn College,PCT,2220-2117,4,0,31,0,31,0,0,1,1,0,0,0,0,0,.25,.25,.00,.000,.000,1,0,0,0,0,0,0,.000,1,0,0,0,.25,.00,.00,.00,0,,104:00,0,.00,.00,,,,,,,,,,,,,,,,,,,,,,-1.5897320699354012,201,70
2026-27,msoc,North Eastern Athletic Conference,north_eastern_athletic_c,Keystone College,"Sandoval, David",David,Sandoval,,30047,"Sandoval, David","SANDOVAL,DAVID",Keystone College,KC,1242-3164,5,4,16,0,16,0,0,1,3,0,0,0,0,0,.60,.20,.00,.000,.000,1,0,0,0,0,0,0,.000,1,0,0,0,.20,.00,.00,.00,0,,334:00,0,.00,.00,,,,,,,,,,,,,,,,,,,,,,-1.5897320699354012,202,70
2026-27,msoc,North Eastern Athletic Conference,north_eastern_athletic_c,Penn College,"Sedor, AJ",AJ,Sedor,,30190,"Sedor, AJ","SEDOR,AJ",Penn College,PCT,2220-1955,2,0,6,0,6,0,0,1,1,0,0,0,0,0,.50,.50,.00,.000,.000,1,0,0,0,0,0,0,.000,0,0,0,0,.00,.00,.00,.00,0,,24:00,0,.00,.00,,,,,,,,,,,,,,,,,,,,,,-1.5897320699354012,203,70
2026-27,msoc,North Eastern Athletic Conference,north_eastern_athletic_c,Cairn University,"Smith, Toby",Toby,Smith,,1305,"Smith, Toby","SMITH,TOBY",Cairn University,CAI,0,5,5,20,0,20,0,0,1,3,0,0,0,0,0,.60,.20,.00,.000,.000,1,0,0,0,0,0,0,.000,4,1,2,0,.80,.40,.20,.00,0,,361:00,0,.00,.00,,,,,,,,,,,,,,,,,,,,,,-1.5897320699354012,204,70
2026-27,msoc,North Eastern Athletic Conference,north_eastern_athletic_c,Penn State Berks,"Turner, Aiden",Aiden,Turner,,30044,"Turner, Aiden","TURNER,AIDEN",Penn State Berks,PSU,1243-2189,9,6,29,0,29,0,0,1,3,0,0,0,0,0,.33,.11,.00,.000,.000,1,0,0,0,0,0,0,.000,2,0,0,0,.22,.00,.00,.00,0,,590:00,0,.00,.00,,,,,,,,,,,,,,,,,,,,,,-1.5897320699354012,205,70
2026-27,msoc,North Eastern Athletic Conference,north_eastern_athletic_c,Lancaster Bible College,"Walker, Joel",Joel,Walker,,30085,"Walker, Joel","WALKER,JOEL",Lancaster Bible College,LBC,1391-2323,2,2,13,0,13,0,0,1,1,0,0,0,0,0,.50,.50,.00,.000,.000,1,0,0,0,0,0,0,.000,0,0,0,0,.00,.00,.00,.00,0,,98:00,0,.00,.00,,,,,,,,,,,,,,,,,,,,,,-1.5897320699354012,206,70
2026-27,msoc,North Eastern Athletic Conference,north_eastern_athletic_c,Penn College,"Wineburg, Tyler",Tyler,Wineburg,,30190,"Wineburg, Tyler","WINEBURG,TYLER",Penn College,PCT,2220-2120,3,2,38,0,38,0,0,1,1,0,0,0,0,0,.33,.33,.00,.000,.000,1,0,0,0,0,0,0,.000,0,0,0,0,.00,.00,.00,.00,0,,134:00,0,.00,.00,,,,,,,,,,,,,,,,,,,,,,-1.5897320699354012,207,70
2026-27,msoc,North Eastern Athletic Conference,north_eastern_athletic_c,Wilson College,"Ziercher, Joseph",Joseph,Ziercher,,12973,"Ziercher, Joseph","ZIERCHER,JOSEPH",Wilson College,Wilson,1246-924,7,3,20,0,20,0,0,1,2,0,0,0,0,0,.29,.14,.00,.000,.000,1,0,0,0,0,0,0,.000,3,0,1,0,.43,.14,.00,.00,0,,407:00,0,.00,.00,,,,,,,,,,,,,,,,,,,,,,-1.5897320699354012,208,70
2026-27,msoc,North Eastern Athletic Conference,north_eastern_athletic_c,Notre Dame of Maryland,"Wahlgren Pedersen, Liam",Liam,Wahlgren Pedersen,,8600,"Wahlgren Pedersen, Liam","WAHLGREN PEDERSEN,LIAM",Notre Dame of Maryland,NDMU,0,3,2,31,0,31,0,0,0,0,0,0,0,0,0,.00,.00,.00,.000,.000,0,0,0,0,0,0,0,.000,0,0,0,0,.00,.00,.00,.00,0,,225:00,0,.00,.00,41,1,2,0,0,.625,2.40,10,6,225:00,2,3,2.00,0.625,.000,3.33,,,,,,-1.6301479138234334,209,69
2026-27,msoc,North Eastern Athletic Conference,north_eastern_athletic_c,St. Mary's (Md.),"Anagnostopoulos, Alex",Alex,Anagnostopoulos,,611,"Anagnostopoulos, Alex","ANAGNOSTOPOULOS,ALEX",St. Mary's (Md.),SMC,0,0,0,32,0,32,0,0,0,0,0,0,0,0,0,.00,.00,.00,.000,.000,0,0,0,0,0,0,0,.000,0,0,0,0,.00,.00,.00,.00,0,,00:00,0,.00,.00,,,,,,,,,,,,,,,,,,,,,,-1.8009028723099587,210,69
2026-27,msoc,North Eastern Athletic Conference,north_eastern_athletic_c,Penn State Abington,"Andreyeu, Mark",Mark,Andreyeu,,30114,"Andreyeu, Mark","ANDREYEU,MARK",Penn State Abington,PSA,2032-1959,0,0,28,0,28,0,0,0,0,0,0,0,0,0,.00,.00,.00,.000,.000,0,0,0,0,0,0,0,.000,0,0,0,0,.00,.00,.00,.00,0,,00:00,0,.00,.00,,,,,,,,,,,,,,,,,,,,,,-1.8009028723099587,211,69
2026-27,msoc,North Eastern Athletic Conference,north_eastern_athletic_c,St. Mary's (Md.),"Anjorin, Samson",Samson,Anjorin,,611,"Anjorin, Samson","ANJORIN,SAMSON",St. Mary's (Md.),SMC,0,0,0,13,0,13,0,0,0,0,0,0,0,0,0,.00,.00,.00,.000,.000,0,0,0,0,0,0,0,.000,0,0,0,0,.00,.00,.00,.00,0,,00:00,0,.00,.00,,,,,,,,,,,,,,,,,,,,,,-1.8009028723099587,212,69
2026-27,msoc,North Eastern Athletic Conference,north_eastern_athletic_c,Cairn University,"Asante, Maxwell",Maxwell,Asante,,1305,"Asante, Maxwell","ASANTE,MAXWELL",Cairn University,CAI,0,0,0,5,0,5,0,0,0,0,0,0,0,0,0,.00,.00,.00,.000,.000,0,0,0,0,0,0,0,.000,0,0,0,0,.00,.00,.00,.00,0,,00:00,0,.00,.00,,,,,,,,,,,,,,,,,,,,,,-1.8009028723099587,213,69
2026-27,msoc,North Eastern Athletic Conference,north_eastern_athletic_c,Penn State Harrisburg,"Axton, Brandon",Brandon,Axton,,30081,"Axton, Brandon","AXTON,BRANDON",Penn State Harrisburg,PSH,1244-1779,2,0,14,0,14,0,0,0,0,0,0,0,0,0,.00,.00,.00,.000,.000,0,0,0,0,0,0,0,.000,0,0,0,0,.00,.00,.00,.00,0,,31:00,0,.00,.00,,,,,,,,,,,,,,,,,,,,,,-1.8009028723099587,214,69
2026-27,msoc,North Eastern Athletic Conference,north_eastern_athletic_c,Wilson College,"Bailey, Andrew",Andrew,Bailey,,12973,"Bailey, Andrew","BAILEY,ANDREW",Wilson College,Wilson,1246-766,7,0,6,0,6,0,0,0,2,0,0,0,0,0,.29,.00,.00,.000,.000,0,0,0,0,0,0,0,.000,2,0,0,0,.29,.00,.00,.00,0,,136:00,0,.00,.00,,,,,,,,,,,,,,,,,,,,,,-1.8009028723099587,215,69
2026-27,msoc,North Eastern Athletic Conference,north_eastern_athletic_c,Wilson College,"Barrientos, Adan",Adan,Barrientos,,12973,"Barrientos, Adan","BARRIENTOS,ADAN",Wilson College,Wilson,1246-1146,0,0,7,0,7,0,0,0,0,0,0,0,0,0,.00,.00,.00,.000,.000,0,0,0,0,0,0,0,.000,0,0,0,0,.00,.00,.00,.00,0,,00:00,0,.00,.00,,,,,,,,,,,,,,,,,,,,,,-1.8009028723099587,216,69
2026-27,msoc,North Eastern Athletic Conference,north_eastern_athletic_c,Wilson College,"Bennett, Jackson",Jackson,Bennett,,12973,"Bennett, Jackson","BENNETT,JACKSON",Wilson College,Wilson,1246-772,0,0,14,0,14,0,0,0,0,0,0,0,0,0,.00,.00,.00,.000,.000,0,0,0,0,0,0,0,.000,0,0,0,0,.00,.00,.00,.00,0,,00:00,0,.00,.00,,,,,,,,,,,,,,,,,,,,,,-1.8009028723099587,217,68
2026-27,msoc,North Eastern Athletic Conference,north_eastern_athletic_c,Wilson College,"Bennett, Owen",Owen,Bennett,,12973,"Bennett, Owen","BENNETT,OWEN",Wilson College,Wilson,1246-1147,0,0,11,0,11,0,0,0,0,0,0,0,0,0,.00,.00,.00,.000,.000,0,0,0,0,0,0,0,.000,0,0,0,0,.00,.00,.00,.00,0,,00:00,0,.00,.00,,,,,,,,,,,,,,,,,,,,,,-1.8009028723099587,218,68
2026-27,msoc,North Eastern Athletic Conference,north_eastern_athletic_c,Penn State Abington,"Biedeman, Owen",Owen,Biedeman,,30114,"Biedeman, Owen","BIEDEMAN,OWEN",Penn State Abington,PSA,2032-1965,1,0,20,0,20,0,0,0,0,0,0,0,0,0,.00,.00,.00,.000,.000,0,0,0,0,0,0,0,.000,0,0,0,0,.00,.00,.00,.00,0,,06:00,0,.00,.00,,,,,,,,,,,,,,,,,,,,,,-1.8009028723099587,219,68
2026-27,msoc,North Eastern Athletic Conference,north_eastern_athletic_c,Keystone College,"Bredek, Madden",Madden,Bredek,,30047,"Bredek, Madden","BREDEK,MADDEN",Keystone College,KC,1242-3149,9,3,6,0,6,0,0,0,3,0,0,0,0,0,.33,.00,.00,.000,.000,0,0,0,0,0,0,0,.000,0,0,0,0,.00,.00,.00,.00,0,,385:00,0,.00,.00,,,,,,,,,,,,,,,,,,,,,,-1.8009028723099587,220,68
2026-27,msoc,North Eastern Athletic Conference,north_eastern_athletic_c,Gallaudet University,"Brewer Jr., Bruce",Bruce,Brewer Jr.,,245,"Brewer Jr., Bruce","BREWER JR.,BRUCE",Gallaudet University,GALLA,141-2028,6,5,5,0,5,0,0,0,0,0,0,0,0,0,.00,.00,.00,.000,.000,0,0,0,0,0,0,0,.000,9,0,0,0,1.50,.00,.00,.00,0,,435:00,0,.00,.00,,,,,,,,,,,,,,,,,,,,,,-1.8009028723099587,221,68
2026-27,msoc,North Eastern Athletic Conference,north_eastern_athletic_c,Lancaster Bible College,"Brizou, Asher",Asher,Brizou,,30085,"Brizou, Asher","BRIZOU,ASHER",Lancaster Bible College,LBC,1391-2618,1,0,26,0,26,0,0,0,0,0,0,0,0,0,.00,.00,.00,.000,.000,0,0,0,0,0,0,0,.000,0,0,0,0,.00,.00,.00,.00,0,,02:00,0,.00,.00,,,,,,,,,,,,,,,,,,,,,,-1.8009028723099587,222,68
2026-27,msoc,North Eastern Athletic Conference,north_eastern_athletic_c,Keystone College,"Brooks, William",William,Brooks,,30047,"Brooks, William","BROOKS,WILLIAM",Keystone College,KC,1242-3150,5,4,12,0,12,0,0,0,0,0,0,0,0,0,.00,.00,.00,.000,.000,0,0,0,0,0,0,0,.000,0,0,0,0,.00,.00,.00,.00,0,,330:00,0,.00,.00,,,,,,,,,,,,,,,,,,,,,,-1.8009028723099587,223,68
2026-27,msoc,North Eastern Athletic Conference,north_eastern_athletic_c,Gallaudet University,"Bryan, Joe",Joe,Bryan,,245,"Bryan, Joe","BRYAN,JOE",Gallaudet University,GALLA,141-2086,7,7,4,0,4,0,0,0,0,0,0,0,0,0,.00,.00,.00,.000,.000,0,0,0,0,0,0,0,.000,6,0,0,0,.86,.00,.00,.00,0,,630:00,0,.00,.00,,,,,,,,,,,,,,,,,,,,,,-1.8009028723099587,224,67
2026-27,msoc,North Eastern Athletic Conference,north_eastern_athletic_c,Penn State Harrisburg,"Bustamante, Ricardo",Ricardo,Bustamante,,30081,"Bustamante, Ricardo","BUSTAMANTE,RICARDO",Penn State Harrisburg,PSH,1244-1781,2,1,10,0,10,0,0,0,0,0,0,0,0,0,.00,.00,.00,.000,.000,0,0,0,0,0,0,0,.000,1,0,0,0,.50,.00,.00,.00,0,,81:00,0,.00,.00,,,,,,,,,,,,,,,,,,,,,,-1.8009028723099587,225,67
2026-27,msoc,North Eastern Athletic Conference,north_eastern_athletic_c,Notre Dame of Maryland,CJ Monte,CJ,Monte,,8600,CJ Monte,"MONTE,CJ",Notre Dame of Maryland,NDMU,0,4,2,18,0,18,0,0,0,1,0,0,0,0,0,.25,.00,.00,.000,.000,0,0,0,0,0,0,0,.000,0,0,0,0,.00,.00,.00,.00,0,,169:00,0,.00,.00,,,,,,,,,,,,,,,,,,,,,,-1.8009028723099587,226,67
2026-27,msoc,North Eastern Athletic Conference,north_eastern_athletic_c,Penn State Harrisburg,"Cabiling, Zachary",Zachary,Cabiling,,30081,"Cabiling, Zachary","CABILING,ZACHARY",Penn State Harrisburg,PSH,1244-1762,0,0,21,0,21,0,0,0,0,0,0,0,0,0,.00,.00,.00,.000,.000,0,0,0,0,0,0,0,.000,0,0,0,0,.00,.00,.00,.00,0,,00:00,0,.00,.00,,,,,,,,,,,,,,,,,,,,,,-1.8009028723099587,227,67
2026-27,msoc,North Eastern Athletic Conference,north_eastern_athletic_c,Lancaster Bible College,"Carmona, Josue",Josue,Carmona,,30085,"Carmona, Josue","CARMONA,JOSUE",Lancaster Bible College,LBC,1391-2321,6,1,24,0,24,0,0,0,1,0,0,0,0,0,.17,.00,.00,.000,.000,0,0,0,0,0,0,0,.000,2,0,0,0,.33,.00,.00,.00,0,,235:00,0,.00,.00,,,,,,,,,,,,,,,,,,,,,,-1.8009028723099587,228,67
2026-27,msoc,North Eastern Athletic Conference,north_eastern_athletic_c,Notre Dame of Maryland,Carter Hafez,Carter,Hafez,,8600,Carter Hafez,"HAFEZ,CARTER",Notre Dame of Maryland,NDMU,0,6,6,13,0,13,0,0,0,2,0,0,0,0,0,.33,.00,.00,.000,.000,0,0,0,0,0,0,0,.000,4,0,0,0,.67,.00,.00,.00,0,,460:00,0,.00,.00,,,,,,,,,,,,,,,,,,,,,,-1.8009028723099587,229,67
2026-27,msoc,North Eastern Athletic Conference,north_eastern_athletic_c,Penn College,"Chalemin, Sebastian",Sebastian,Chalemin,,30190,"Chalemin, Sebastian","CHALEMIN,SEBASTIAN",Penn College,PCT,2220-1942,1,0,16,0,16,0,0,0,0,0,0,0,0,0,.00,.00,.00,.000,.000,0,0,0,0,0,0,0,.000,0,0,1,0,.00,1.00,.00,.00,0,,11:00,0,.00,.00,,,,,,,,,,,,,,,,,,,,,,-1.8009028723099587,230,67
2026-27,msoc,North Eastern Athletic Conference,north_eastern_athletic_c,Gallaudet University,"Clark Jr., Malcolm",Malcolm,Clark Jr.,,245,"Clark Jr., Malcolm","CLARK JR.,MALCOLM",Gallaudet University,GALLA,141-2491,7,2,10,0,10,0,0,0,1,0,0,0,0,0,.14,.00,.00,.000,.000,0,0,0,0,0,0,0,.000,0,0,0,0,.00,.00,.00,.00,0,,309:00,0,.00,.00,,,,,,,,,,,,,,,,,,,,,,-1.8009028723099587,231,67
2026-27,msoc,North Eastern Athletic Conference,north_eastern_athletic_c,Penn College,"Clark, Emmanuel",Emmanuel,Clark,,30190,"Clark, Emmanuel","CLARK,EMMANUEL",Penn College,PCT,2220-2110,8,7,37,0,37,0,0,0,1,0,0,0,0,0,.13,.00,.00,.000,.000,0,0,0,0,0,0,0,.000,3,0,0,0,.38,.00,.00,.00,0,,342:00,0,.00,.00,,,,,,,,,,,,,,,,,,,,,,-1.8009028723099587,232,66
2026-27,msoc,North Eastern Athletic Conference,north_eastern_athletic_c,Cairn University,"Condurso, Bobby",Bobby,Condurso,,1305,"Condurso, Bobby","CONDURSO,BOBBY",Cairn University,CAI,0,2,0,19,0,19,0,0,0,0,0,0,0,0,0,.00,.00,.00,.000,.000,0,0,0,0,0,0,0,.000,0,0,0,0,.00,.00,.00,.00,0,,45:00,0,.00,.00,,,,,,,,,,,,,,,,,,,,,,-1.8009028723099587,233,66
2026-27,msoc,North Eastern Athletic Conference,north_eastern_athletic_c,Keystone College,"Cooper, Beck",Beck,Cooper,,30047,"Cooper, Beck","COOPER,BECK",Keystone College,KC,1242-3152,3,0,21,0,21,0,0,0,0,0,0,0,0,0,.00,.00,.00,.000,.000,0,0,0,0,0,0,0,.000,0,0,0,0,.00,.00,.00,.00,0,,20:00,0,.00,.00,,,,,,,,,,,,,,,,,,,,,,-1.8009028723099587,234,66
2026-27,msoc,North Eastern Athletic Conference,north_eastern_athletic_c,Cairn University,"Cote, Caleb",Caleb,Cote,,1305,"Cote, Caleb","COTE,CALEB",Cairn University,CAI,0,2,0,28,0,28,0,0,0,0,0,0,0,0,0,.00,.00,.00,.000,.000,0,0,0,0,0,0,0,.000,0,0,0,0,.00,.00,.00,.00,0,,51:00,0,.00,.00,,,,,,,,,,,,,,,,,,,,,,-1.8009028723099587,235,66
2026-27,msoc,North Eastern Athletic Conference,north_eastern_athletic_c,Notre Dame of Maryland,Cristo Sanchez Cabrera,Cristo Sanchez,Cabrera,,8600,Cristo Sanchez Cabrera,"CABRERA,CRISTO SANCHEZ",Notre Dame of Maryland,NDMU,0,1,0,10,0,10,0,0,0,0,0,0,0,0,0,.00,.00,.00,.000,.000,0,0,0,0,0,0,0,.000,0,0,0,0,.00,.00,.00,.00,0,,19:00,0,.00,.00,,,,,,,,,,,,,,,,,,,,,,-1.8009028723099587,236,66
2026-27,msoc,North Eastern Athletic Conference,north_eastern_athletic_c,Penn State Harrisburg,"Cuatianquiz, Ian",Ian,Cuatianquiz,,30081,"Cuatianquiz, Ian","CUATIANQUIZ,IAN",Penn State Harrisburg,PSH,1244-2181,5,1,27,0,27,0,0,0,2,0,0,0,0,0,.40,.00,.00,.000,.000,0,0,0,0,0,0,0,.000,1,0,1,0,.20,.20,.00,.00,0,,164:00,0,.00,.00,,,,,,,,,,,,,,,,,,,,,,-1.8009028723099587,237,66
2026-27,msoc,North Eastern Athletic Conference,north_eastern_athletic_c,Penn State Brandywine,Da graca Jojo,Da graca,Jojo,,30189,Da graca Jojo,"GRACA,JOJO DA",Penn State Brandywine,PSW,0,7,2,03,0,03,0,0,0,0,0,0,0,0,0,.00,.00,.00,.000,.000,0,0,0,0,0,0,0,.000,1,0,0,0,.14,.00,.00,.00,0,,285:00,0,.00,.00,,,,,,,,,,,,,,,,,,,,,,-1.8009028723099587,238,66
2026-27,msoc,North Eastern Athletic Conference,north_eastern_athletic_c,Notre Dame of Maryland,Da silva Jefferson,Da silva,Jefferson,,8600,Da silva Jefferson,"SILVA,JEFFERSON DA",Notre Dame of Maryland,NDMU,0,1,0,3,0,3,0,0,0,0,0,0,0,0,0,.00,.00,.00,.000,.000,0,0,0,0,0,0,0,.000,0,0,1,0,.00,1.00,.00,.00,0,,30:00,0,.00,.00,,,,,,,,,,,,,,,,,,,,,,-1.8009028723099587,239,66
2026-27,msoc,North Eastern Athletic Conference,north_eastern_athletic_c,Notre Dame of Maryland,"Decosse, Kylian",Kylian,Decosse,,8600,"Decosse, Kylian","DECOSSE,KYLIAN",Notre Dame of Maryland,NDMU,0,3,0,11,0,11,0,0,0,0,0,0,0,0,0,.00,.00,.00,.000,.000,0,0,0,0,0,0,0,.000,0,0,0,0,.00,.00,.00,.00,0,,39:00,0,.00,.00,,,,,,,,,,,,,,,,,,,,,,-1.8009028723099587,240,65
2026-27,msoc,North Eastern Athletic Conference,north_eastern_athletic_c,Penn State Abington,"Dixon, Shawn",Shawn,Dixon,,30114,"Dixon, Shawn","DIXON,SHAWN",Penn State Abington,PSA,2032-1800,7,6,5,0,5,0,0,0,0,0,0,0,0,0,.00,.00,.00,.000,.000,0,0,0,0,0,0,0,.000,4,0,0,0,.57,.00,.00,.00,0,,484:00,0,.00,.00,,,,,,,,,,,,,,,,,,,,,,-1.8009028723099587,241,65
2026-27,msoc,North Eastern Athletic Conference,north_eastern_athletic_c,Penn State Abington,"Dolan, Karrick",Karrick,Dolan,,30114,"Dolan, Karrick","DOLAN,KARRICK",Penn State Abington,PSA,2032-1976,0,0,15,0,15,0,0,0,0,0,0,0,0,0,.00,.00,.00,.000,.000,0,0,0,0,0,0,0,.000,0,0,0,0,.00,.00,.00,.00,0,,00:00,0,.00,.00,,,,,,,,,,,,,,,,,,,,,,-1.8009028723099587,242,65
2026-27,msoc,North Eastern Athletic Conference,north_eastern_athletic_c,Lancaster Bible College,"Doran, Gabriel",Gabriel,Doran,,30085,"Doran, Gabriel","DORAN,GABRIEL",Lancaster Bible College,LBC,1391-2614,0,0,0,0,0,0,0,0,0,0,0,0,0,0,.00,.00,.00,.000,.000,0,0,0,0,0,0,0,.000,0,0,0,0,.00,.00,.00,.00,0,,00:00,0,.00,.00,,,,,,,,,,,,,,,,,,,,,,-1.8009028723099587,243,65
2026-27,msoc,North Eastern Athletic Conference,north_eastern_athletic_c,Penn State Brandywine,Ethan Faulkner,Ethan,Faulkner,,30189,Ethan Faulkner,"FAULKNER,ETHAN",Penn State Brandywine,PSW,0,2,1,17,0,17,0,0,0,0,0,0,0,0,0,.00,.00,.00,.000,.000,0,0,0,0,0,0,0,.000,1,0,0,0,.50,.00,.00,.00,0,,127:00,0,.00,.00,,,,,,,,,,,,,,,,,,,,,,-1.8009028723099587,244,65
2026-27,msoc,North Eastern Athletic Conference,north_eastern_athletic_c,Penn State Berks,"Ferdinand, Jayden",Jayden,Ferdinand,,30044,"Ferdinand, Jayden","FERDINAND,JAYDEN",Penn State Berks,PSU,1243-2103,1,0,23,0,23,0,0,0,0,0,0,0,0,0,.00,.00,.00,.000,.000,0,0,0,0,0,0,0,.000,0,0,0,0,.00,.00,.00,.00,0,,09:00,0,.00,.00,,,,,,,,,,,,,,,,,,,,,,-1.8009028723099587,245,65
2026-27,msoc,North Eastern Athletic Conference,north_eastern_athletic_c,Keystone College,"Fernandez, Johan",Johan,Fernandez,,30047,"Fernandez, Johan","FERNANDEZ,JOHAN",Keystone College,KC,1242-3156,6,0,14,0,14,0,0,0,2,0,0,0,0,0,.33,.00,.00,.000,.000,0,0,0,0,0,0,0,.000,0,0,1,0,.00,.17,.00,.00,0,,157:00,0,.00,.00,,,,,,,,,,,,,,,,,,,,,,-1.8009028723099587,246,65
2026-27,msoc,North Eastern Athletic Conference,north_eastern_athletic_c,Penn College,"Ferreira, Nathan",Nathan,Ferreira,,30190,"Ferreira, Nathan","FERREIRA,NATHAN",Penn College,PCT,2220-2112,9,2,5,0,5,0,0,0,2,0,0,0,0,0,.22,.00,.00,.000,.000,0,0,0,0,0,0,0,.000,0,0,2,0,.00,.22,.00,.00,0,,213:00,0,.00,.00,,,,,,,,,,,,,,,,,,,,,,-1.8009028723099587,247,64
2026-27,msoc,North Eastern Athletic Conference,north_eastern_athletic_c,Gallaudet University,"Fields, Gavin",Gavin,Fields,,245,"Fields, Gavin","FIELDS,GAVIN",Gallaudet University,GALLA,141-2417,2,0,15,0,15,0,0,0,0,0,0,0,0,0,.00,.00,.00,.000,.000,0,0,0,0,0,0,0,.000,0,0,0,0,.00,.00,.00,.00,0,,07:00,0,.00,.00,,,,,,,,,,,,,,,,,,,,,,-1.8009028723099587,248,64
2026-27,msoc,North Eastern Athletic Conference,north_eastern_athletic_c,Penn State Abington,"Fiocca, Marco",Marco,Fiocca,,30114,"Fiocca, Marco","FIOCCA,MARCO",Penn State Abington,PSA,2032-1958,0,0,27,0,27,0,0,0,0,0,0,0,0,0,.00,.00,.00,.000,.000,0,0,0,0,0,0,0,.000,0,0,0,0,.00,.00,.00,.00,0,,00:00,0,.00,.00,,,,,,,,,,,,,,,,,,,,,,-1.8009028723099587,249,64
2026-27,msoc,North Eastern Athletic Conference,north_eastern_athletic_c,Keystone College,"Fortescue, Charlie",Charlie,Fortescue,,30047,"Fortescue, Charlie","FORTESCUE,CHARLIE",Keystone College,KC,1242-3157,0,0,27,0,27,0,0,0,0,0,0,0,0,0,.00,.00,.00,.000,.000,0,0,0,0,0,0,0,.000,0,0,0,0,.00,.00,.00,.00,0,,00:00,0,.00,.00,,,,,,,,,,,,,,,,,,,,,,-1.8009028723099587,250,64
2026-27,msoc,North Eastern Athletic Conference,north_eastern_athletic_c,Lancaster Bible College,"Franco, Kaleb",Kaleb,Franco,,30085,"Franco, Kaleb","FRANCO,KALEB",Lancaster Bible College,LBC,1391-2612,3,0,12,0,12,0,0,0,1,0,0,0,0,0,.33,.00,.00,.000,.000,0,0,0,0,0,0,0,.000,0,0,0,0,.00,.00,.00,.00,0,,47:00,0,.00,.00,,,,,,,,,,,,,,,,,,,,,,-1.8009028723099587,251,64
2026-27,msoc,North Eastern Athletic Conference,north_eastern_athletic_c,Penn College,"Garcia, Edgar",Edgar,Garcia,,30190,"Garcia, Edgar","GARCIA,EDGAR",Penn College,PCT,2220-1947,3,0,23,0,23,0,0,0,0,0,0,0,0,0,.00,.00,.00,.000,.000,0,0,0,0,0,0,0,.000,1,0,0,0,.33,.00,.00,.00,0,,29:00,0,.00,.00,,,,,,,,,,,,,,,,,,,,,,-1.8009028723099587,252,64
2026-27,msoc,North Eastern Athletic Conference,north_eastern_athletic_c,Penn State Harrisburg,"Gatsinzi, Fabrice",Fabrice,Gatsinzi,,30081,"Gatsinzi, Fabrice","GATSINZI,FABRICE",Penn State Harrisburg,PSH,1244-2183,1,0,29,0,29,0,0,0,0,0,0,0,0,0,.00,.00,.00,.000,.000,0,0,0,0,0,0,0,.000,0,0,0,0,.00,.00,.00,.00,0,,06:00,0,.00,.00,,,,,,,,,,,,,,,,,,,,,,-1.8009028723099587,253,64
2026-27,msoc,North Eastern Athletic Conference,north_eastern_athletic_c,St. Mary's (Md.),"Gawel, AJ",AJ,Gawel,,611,"Gawel, AJ","GAWEL,AJ",St. Mary's (Md.),SMC,0,9,2,5,0,5,0,0,0,1,0,0,0,0,0,.11,.00,.00,.000,.000,0,0,0,0,0,0,0,.000,7,0,2,0,.78,.22,.00,.00,0,,378:00,0,.00,.00,,,,,,,,,,,,,,,,,,,,,,-1.8009028723099587,254,64
2026-27,msoc,North Eastern Athletic Conference,north_eastern_athletic_c,Notre Dame of Maryland,Gennaro Morgese,Gennaro,Morgese,,8600,Gennaro Morgese,"MORGESE,GENNARO",Notre Dame of Maryland,NDMU,0,6,6,6,0,6,0,0,0,1,0,0,0,0,0,.17,.00,.00,.000,.000,0,0,0,0,0,0,0,.000,0,0,0,0,.00,.00,.00,.00,0,,471:00,0,.00,.00,,,,,,,,,,,,,,,,,,,,,,-1.8009028723099587,255,63
2026-27,msoc,North Eastern Athletic Conference,north_eastern_athletic_c,Penn College,"Gill, Garrett",Garrett,Gill,,30190,"Gill, Garrett","GILL,GARRETT",Penn College,PCT,2220-1948,0,0,8,0,8,0,0,0,0,0,0,0,0,0,.00,.00,.00,.000,.000,0,0,0,0,0,0,0,.000,0,0,0,0,.00,.00,.00,.00,0,,00:00,0,.00,.00,,,,,,,,,,,,,,,,,,,,,,-1.8009028723099587,256,63
2026-27,msoc,North Eastern Athletic Conference,north_eastern_athletic_c,Penn State Abington,"Golter, Nick",Nick,Golter,,30114,"Golter, Nick","GOLTER,NICK",Penn State Abington,PSA,2032-1801,4,0,18,0,18,0,0,0,1,0,0,0,0,0,.25,.00,.00,.000,.000,0,0,0,0,0,0,0,.000,0,0,0,0,.00,.00,.00,.00,0,,37:00,0,.00,.00,,,,,,,,,,,,,,,,,,,,,,-1.8009028723099587,257,63
2026-27,msoc,North Eastern Athletic Conference,north_eastern_athletic_c,Keystone College,"Gonzalez, Nephtali",Nephtali,Gonzalez,,30047,"Gonzalez, Nephtali","GONZALEZ,NEPHTALI",Keystone College,KC,1242-2899,3,1,3,0,3,0,0,0,0,0,0,0,0,0,.00,.00,.00,.000,.000,0,0,0,0,0,0,0,.000,0,0,0,0,.00,.00,.00,.00,0,,62:00,0,.00,.00,,,,,,,,,,,,,,,,,,,,,,-1.8009028723099587,258,63
2026-27,msoc,North Eastern Athletic Conference,north_eastern_athletic_c,Penn College,"Gudonis, Angelo",Angelo,Gudonis,,30190,"Gudonis, Angelo","GUDONIS,ANGELO",Penn College,PCT,2220-1725,3,0,24,0,24,0,0,0,0,0,0,0,0,0,.00,.00,.00,.000,.000,0,0,0,0,0,0,0,.000,0,0,0,0,.00,.00,.00,.00,0,,72:00,0,.00,.00,,,,,,,,,,,,,,,,,,,,,,-1.8009028723099587,259,63
2026-27,msoc,North Eastern Athletic Conference,north_eastern_athletic_c,Gallaudet University,"Gurganus, Nasir",Nasir,Gurganus,,245,"Gurganus, Nasir","GURGANUS,NASIR",Gallaudet University,GALLA,141-2492,0,0,0,0,0,0,0,0,0,0,0,0,0,0,.00,.00,.00,.000,.000,0,0,0,0,0,0,0,.000,0,0,0,0,.00,.00,.00,.00,0,,00:00,0,.00,.00,,,,,,,,,,,,,,,,,,,,,,-1.8009028723099587,260,63
2026-27,msoc,North Eastern Athletic Conference,north_eastern_athletic_c,Gallaudet University,"Hafid, Amine",Amine,Hafid,,245,"Hafid, Amine","HAFID,AMINE",Gallaudet University,GALLA,141-2102,6,1,25,0,25,0,0,0,0,0,0,0,0,0,.00,.00,.00,.000,.000,0,0,0,0,0,0,0,.000,1,0,0,0,.17,.00,.00,.00,0,,107:00,0,.00,.00,,,,,,,,,,,,,,,,,,,,,,-1.8009028723099587,261,63
2026-27,msoc,North Eastern Athletic Conference,north_eastern_athletic_c,Lancaster Bible College,"Haney, Malachi",Malachi,Haney,,30085,"Haney, Malachi","HANEY,MALACHI",Lancaster Bible College,LBC,1391-2615,1,0,30,0,30,0,0,0,0,0,0,0,0,0,.00,.00,.00,.000,.000,0,0,0,0,0,0,0,.000,0,0,0,0,.00,.00,.00,.00,0,,09:00,0,.00,.00,,,,,,,,,,,,,,,,,,,,,,-1.8009028723099587,262,63
2026-27,msoc,North Eastern Athletic Conference,north_eastern_athletic_c,Penn State Brandywine,Hayden Simon,Hayden,Simon,,30189,Hayden Simon,"SIMON,HAYDEN",Penn State Brandywine,PSW,0,7,6,27,0,27,0,0,0,1,0,0,0,0,0,.14,.00,.00,.000,.000,0,0,0,0,0,0,0,.000,3,0,1,0,.43,.14,.00,.00,0,,466:00,0,.00,.00,,,,,,,,,,,,,,,,,,,,,,-1.8009028723099587,263,62
2026-27,msoc,North Eastern Athletic Conference,north_eastern_athletic_c,Penn College,"Herman, Joey",Joey,Herman,,30190,"Herman, Joey","HERMAN,JOEY",Penn College,PCT,2220-2113,9,0,7,0,7,0,0,0,3,0,0,0,0,0,.33,.00,.00,.000,.000,0,0,0,0,0,0,0,.000,0,0,1,0,.00,.11,.00,.00,0,,176:00,0,.00,.00,,,,,,,,,,,,,,,,,,,,,,-1.8009028723099587,264,62
2026-27,msoc,North Eastern Athletic Conference,north_eastern_athletic_c,Lancaster Bible College,"Hickok, Owen",Owen,Hickok,,30085,"Hickok, Owen","HICKOK,OWEN",Lancaster Bible College,LBC,1391-2613,4,0,19,0,19,0,0,0,0,0,0,0,0,0,.00,.00,.00,.000,.000,0,0,0,0,0,0,0,.000,2,0,0,0,.50,.00,.00,.00,0,,74:00,0,.00,.00,,,,,,,,,,,,,,,,,,,,,,-1.8009028723099587,265,62
2026-27,msoc,North Eastern Athletic Conference,north_eastern_athletic_c,St. Mary's (Md.),"Hiester, Dillon",Dillon,Hiester,,611,"Hiester, Dillon","HIESTER,DILLON",St. Mary's (Md.),SMC,0,0,0,28,0,28,0,0,0,0,0,0,0,0,0,.00,.00,.00,.000,.000,0,0,0,0,0,0,0,.000,0,0,0,0,.00,.00,.00,.00,0,,00:00,0,.00,.00,,,,,,,,,,,,,,,,,,,,,,-1.8009028723099587,266,62
2026-27,msoc,North Eastern Athletic Conference,north_eastern_athletic_c,Penn State Harrisburg,"Huang, Tommy",Tommy,Huang,,30081,"Huang, Tommy","HUANG,TOMMY",Penn State Harrisburg,PSH,1244-2182,8,4,8,0,8,0,0,0,1,0,0,0,0,0,.13,.00,.00,.000,.000,0,0,0,0,0,0,0,.000,4,0,4,0,.50,.50,.00,.00,0,,436:00,0,.00,.00,,,,,,,,,,,,,,,,,,,,,,-1.8009028723099587,267,62
2026-27,msoc,North Eastern Athletic Conference,north_eastern_athletic_c,Penn State Harrisburg,Ivan Fombu,Ivan,Fombu,,30081,Ivan Fombu,"FOMBU,IVAN",Penn State Harrisburg,PSH,1244-1765,2,1,2,0,2,0,0,0,0,0,0,0,0,0,.00,.00,.00,.000,.000,0,0,0,0,0,0,0,.000,0,0,0,0,.00,.00,.00,.00,0,,137:00,0,.00,.00,,,,,,,,,,,,,,,,,,,,,,-1.8009028723099587,268,62
2026-27,msoc,North Eastern Athletic Conference,north_eastern_athletic_c,Cairn University,"Jackson, Nathaniel",Nathaniel,Jackson,,1305,"Jackson, Nathaniel","JACKSON,NATHANIEL",Cairn University,CAI,0,7,1,14,0,14,0,0,0,1,0,0,0,0,0,.14,.00,.00,.000,.000,0,0,0,0,0,0,0,.000,1,0,0,0,.14,.00,.00,.00,0,,217:00,0,.00,.00,,,,,,,,,,,,,,,,,,,,,,-1.8009028723099587,269,62
2026-27,msoc,North Eastern Athletic Conference,north_eastern_athletic_c,Notre Dame of Maryland,Jefferson Monroy,Jefferson,Monroy,,8600,Jefferson Monroy,"MONROY,JEFFERSON",Notre Dame of Maryland,NDMU,0,2,1,15,0,15,0,0,0,1,0,0,0,0,0,.50,.00,.00,.000,.000,0,0,0,0,0,0,0,.000,4,0,1,0,2.00,.50,.00,.00,0,,105:00,0,.00,.00,,,,,,,,,,,,,,,,,,,,,,-1.8009028723099587,270,61
2026-27,msoc,North Eastern Athletic Conference,north_eastern_athletic_c,Penn State Harrisburg,"Jester, Colin",Colin,Jester,,30081,"Jester, Colin","JESTER,COLIN",Penn State Harrisburg,PSH,1244-2125,8,7,3,0,3,0,0,0,1,0,0,0,0,0,.13,.00,.00,.000,.000,0,0,0,0,0,0,0,.000,0,0,2,0,.00,.25,.00,.00,0,,675:00,0,.00,.00,,,,,,,,,,,,,,,,,,,,,,-1.8009028723099587,271,61
2026-27,msoc,North Eastern Athletic Conference,north_eastern_athletic_c,Notre Dame of Maryland,Josh Williams,Josh,Williams,,8600,Josh Williams,"WILLIAMS,JOSH",Notre Dame of Maryland,NDMU,0,3,0,5,0,5,0,0,0,0,0,0,0,0,0,.00,.00,.00,.000,.000,0,0,0,0,0,0,0,.000,1,0,0,0,.33,.00,.00,.00,0,,65:00,0,.00,.00,,,,,,,,,,,,,,,,,,,,,,-1.8009028723099587,272,61
2026-27,msoc,North Eastern Athletic Conference,north_eastern_athletic_c,Penn State Abington,"Khelifa, Mohamed",Mohamed,Khelifa,,30114,"Khelifa, Mohamed","KHELIFA,MOHAMED",Penn State Abington,PSA,2032-1963,0,0,29,0,29,0,0,0,0,0,0,0,0,0,.00,.00,.00,.000,.000,0,0,0,0,0,0,0,.000,0,0,0,0,.00,.00,.00,.00,0,,00:00,0,.00,.00,,,,,,,,,,,,,,,,,,,,,,-1.8009028723099587,273,61
2026-27,msoc,North Eastern Athletic Conference,north_eastern_athletic_c,Penn State Brandywine,Kidus Bayu,Kidus,Bayu,,30189,Kidus Bayu,"BAYU,KIDUS",Penn State Brandywine,PSW,0,6,0,28,0,28,0,0,0,2,0,0,0,0,0,.33,.00,.00,.000,.000,0,0,0,0,0,0,0,.000,3,0,0,0,.50,.00,.00,.00,0,,115:00,0,.00,.00,,,,,,,,,,,,,,,,,,,,,,-1.8009028723099587,274,61
2026-27,msoc,North Eastern Athletic Conference,north_eastern_athletic_c,Penn College,"Kindig, Sam",Sam,Kindig,,30190,"Kindig, Sam","KINDIG,SAM",Penn College,PCT,2220-1729,2,0,35,0,35,0,0,0,0,0,0,0,0,0,.00,.00,.00,.000,.000,0,0,0,0,0,0,0,.000,0,0,0,0,.00,.00,.00,.00,0,,27:00,0,.00,.00,,,,,,,,,,,,,,,,,,,,,,-1.8009028723099587,275,61
2026-27,msoc,North Eastern Athletic Conference,north_eastern_athletic_c,Wilson College,"Kitzinger, Collin",Collin,Kitzinger,,12973,"Kitzinger, Collin","KITZINGER,COLLIN",Wilson College,Wilson,1246-1148,1,0,3,0,3,0,0,0,0,0,0,0,0,0,.00,.00,.00,.000,.000,0,0,0,0,0,0,0,.000,0,0,0,0,.00,.00,.00,.00,0,,08:00,0,.00,.00,,,,,,,,,,,,,,,,,,,,,,-1.8009028723099587,276,61
2026-27,msoc,North Eastern Athletic Conference,north_eastern_athletic_c,Cairn University,"Knudsen, Zach",Zach,Knudsen,,1305,"Knudsen, Zach","KNUDSEN,ZACH",Cairn University,CAI,0,8,7,2,0,2,0,0,0,0,0,0,0,0,0,.00,.00,.00,.000,.000,0,0,0,0,0,0,0,.000,0,0,0,0,.00,.00,.00,.00,0,,559:00,0,.00,.00,,,,,,,,,,,,,,,,,,,,,,-1.8009028723099587,277,61
2026-27,msoc,North Eastern Athletic Conference,north_eastern_athletic_c,St. Mary's (Md.),"Leach, Ezra",Ezra,Leach,,611,"Leach, Ezra","LEACH,EZRA",St. Mary's (Md.),SMC,0,9,2,24,0,24,0,0,0,3,0,0,0,0,0,.33,.00,.00,.000,.000,0,0,0,0,0,0,0,.000,4,0,0,0,.44,.00,.00,.00,0,,385:00,0,.00,.00,,,,,,,,,,,,,,,,,,,,,,-1.8009028723099587,278,60
2026-27,msoc,North Eastern Athletic Conference,north_eastern_athletic_c,St. Mary's (Md.),"Ledman, Devin",Devin,Ledman,,611,"Ledman, Devin","LEDMAN,DEVIN",St. Mary's (Md.),SMC,0,0,0,22,0,22,0,0,0,0,0,0,0,0,0,.00,.00,.00,.000,.000,0,0,0,0,0,0,0,.000,0,0,0,0,.00,.00,.00,.00,0,,00:00,0,.00,.00,,,,,,,,,,,,,,,,,,,,,,-1.8009028723099587,279,60
2026-27,msoc,North Eastern Athletic Conference,north_eastern_athletic_c,Lancaster Bible College,"Lockard, Richie",Richie,Lockard,,30085,"Lockard, Richie","LOCKARD,RICHIE",Lancaster Bible College,LBC,1391-2158,0,0,00,0,00,0,0,0,0,0,0,0,0,0,.00,.00,.00,.000,.000,0,0,0,0,0,0,0,.000,0,0,0,0,.00,.00,.00,.00,0,,00:00,0,.00,.00,,,,,,,,,,,,,,,,,,,,,,-1.8009028723099587,280,60
2026-27,msoc,North Eastern Athletic Conference,north_eastern_athletic_c,Gallaudet University,"Macias, Gabriel",Gabriel,Macias,,245,"Macias, Gabriel","MACIAS,GABRIEL",Gallaudet University,GALLA,141-2494,7,1,9,0,9,0,0,0,0,0,0,0,0,0,.00,.00,.00,.000,.000,0,0,0,0,0,0,0,.000,0,0,0,0,.00,.00,.00,.00,0,,194:00,0,.00,.00,,,,,,,,,,,,,,,,,,,,,,-1.8009028723099587,281,60
2026-27,msoc,North Eastern Athletic Conference,north_eastern_athletic_c,Penn State Berks,"Malo, Andres",Andres,Malo,,30044,"Malo, Andres","MALO,ANDRES",Penn State Berks,PSU,1243-2188,1,0,28,0,28,0,0,0,0,0,0,0,0,0,.00,.00,.00,.000,.000,0,0,0,0,0,0,0,.000,0,0,0,0,.00,.00,.00,.00,0,,03:00,0,.00,.00,,,,,,,,,,,,,,,,,,,,,,-1.8009028723099587,282,60
2026-27,msoc,North Eastern Athletic Conference,north_eastern_athletic_c,Gallaudet University,"Martin, Andrew",Andrew,Martin,,245,"Martin, Andrew","MARTIN,ANDREW",Gallaudet University,GALLA,141-2495,6,6,14,0,14,0,0,0,0,0,0,0,0,0,.00,.00,.00,.000,.000,0,0,0,0,0,0,0,.000,1,0,0,0,.17,.00,.00,.00,0,,445:00,0,.00,.00,,,,,,,,,,,,,,,,,,,,,,-1.8009028723099587,283,60
2026-27,msoc,North Eastern Athletic Conference,north_eastern_athletic_c,Cairn University,"Martinez-Pavez, Vincente",Vincente,Martinez-Pavez,,1305,"Martinez-Pavez, Vincente","MARTINEZ-PAVEZ,VINCENTE",Cairn University,CAI,0,2,0,29,0,29,0,0,0,0,0,0,0,0,0,.00,.00,.00,.000,.000,0,0,0,0,0,0,0,.000,0,0,0,0,.00,.00,.00,.00,0,,19:00,0,.00,.00,,,,,,,,,,,,,,,,,,,,,,-1.8009028723099587,284,60
2026-27,msoc,North Eastern Athletic Conference,north_eastern_athletic_c,Penn State Brandywine,Mathias Hernandez,Mathias,Hernandez,,30189,Mathias Hernandez,"HERNANDEZ,MATHIAS",Penn State Brandywine,PSW,0,7,5,12,0,12,0,0,0,0,0,0,0,0,0,.00,.00,.00,.000,.000,0,0,0,0,0,0,0,.000,0,0,0,0,.00,.00,.00,.00,0,,451:00,0,.00,.00,,,,,,,,,,,,,,,,,,,,,,-1.8009028723099587,285,60
2026-27,msoc,North Eastern Athletic Conference,north_eastern_athletic_c,Notre Dame of Maryland,Matteo Rovani,Matteo,Rovani,,8600,Matteo Rovani,"ROVANI,MATTEO",Notre Dame of Maryland,NDMU,0,5,3,22,0,22,0,0,0,3,0,0,0,0,0,.60,.00,.00,.000,.000,0,0,0,0,0,0,0,.000,1,0,0,0,.20,.00,.00,.00,0,,260:00,0,.00,.00,,,,,,,,,,,,,,,,,,,,,,-1.8009028723099587,286,59
2026-27,msoc,North Eastern Athletic Conference,north_eastern_athletic_c,Gallaudet University,"Maye, Daniel",Daniel,Maye,,245,"Maye, Daniel","MAYE,DANIEL",Gallaudet University,GALLA,141-2090,6,3,8,0,8,0,0,0,0,0,0,0,0,0,.00,.00,.00,.000,.000,0,0,0,0,0,0,0,.000,9,0,0,0,1.50,.00,.00,.00,0,,299:00,0,.00,.00,,,,,,,,,,,,,,,,,,,,,,-1.8009028723099587,287,59
2026-27,msoc,North Eastern Athletic Conference,north_eastern_athletic_c,Penn State Berks,"Maymo, Jorge",Jorge,Maymo,,30044,"Maymo, Jorge","MAYMO,JORGE",Penn State Berks,PSU,1243-2186,8,0,26,0,26,0,0,0,3,0,0,0,0,0,.38,.00,.00,.000,.000,0,0,0,0,0,0,0,.000,1,0,0,0,.13,.00,.00,.00,0,,204:00,0,.00,.00,,,,,,,,,,,,,,,,,,,,,,-1.8009028723099587,288,59
2026-27,msoc,North Eastern Athletic Conference,north_eastern_athletic_c,Penn State Abington,"McGarry, Sean",Sean,McGarry,,30114,"McGarry, Sean","MCGARRY,SEAN",Penn State Abington,PSA,2032-1961,1,0,40,0,40,0,0,0,0,0,0,0,0,0,.00,.00,.00,.000,.000,0,0,0,0,0,0,0,.000,0,0,0,0,.00,.00,.00,.00,0,,13:00,0,.00,.00,,,,,,,,,,,,,,,,,,,,,,-1.8009028723099587,289,59
2026-27,msoc,North Eastern Athletic Conference,north_eastern_athletic_c,Penn State Berks,"McGowan, Adriano",Adriano,McGowan,,30044,"McGowan, Adriano","MCGOWAN,ADRIANO",Penn State Berks,PSU,1243-2114,1,0,14,0,14,0,0,0,0,0,0,0,0,0,.00,.00,.00,.000,.000,0,0,0,0,0,0,0,.000,0,0,0,0,.00,.00,.00,.00,0,,24:00,0,.00,.00,,,,,,,,,,,,,,,,,,,,,,-1.8009028723099587,290,59
2026-27,msoc,North Eastern Athletic Conference,north_eastern_athletic_c,Penn State Harrisburg,"Mitich, Matthew",Matthew,Mitich,,30081,"Mitich, Matthew","MITICH,MATTHEW",Penn State Harrisburg,PSH,1244-2126,0,0,40,0,40,0,0,0,0,0,0,0,0,0,.00,.00,.00,.000,.000,0,0,0,0,0,0,0,.000,0,0,0,0,.00,.00,.00,.00,0,,00:00,0,.00,.00,,,,,,,,,,,,,,,,,,,,,,-1.8009028723099587,291,59
2026-27,msoc,North Eastern Athletic Conference,north_eastern_athletic_c,Penn State Abington,"Monaco, Frank",Frank,Monaco,,30114,"Monaco, Frank","MONACO,FRANK",Penn State Abington,PSA,2032-1653,0,0,12,0,12,0,0,0,0,0,0,0,0,0,.00,.00,.00,.000,.000,0,0,0,0,0,0,0,.000,0,0,0,0,.00,.00,.00,.00,0,,00:00,0,.00,.00,,,,,,,,,,,,,,,,,,,,,,-1.8009028723099587,292,59
2026-27,msoc,North Eastern Athletic Conference,north_eastern_athletic_c,Cairn University,"Monte Carlo, Michael",Michael,Monte Carlo,,1305,"Monte Carlo, Michael","MONTE CARLO,MICHAEL",Cairn University,CAI,0,7,1,15,0,15,0,0,0,0,0,0,0,0,0,.00,.00,.00,.000,.000,0,0,0,0,0,0,0,.000,0,0,0,0,.00,.00,.00,.00,0,,241:00,0,.00,.00,,,,,,,,,,,,,,,,,,,,,,-1.8009028723099587,293,58
2026-27,msoc,North Eastern Athletic Conference,north_eastern_athletic_c,Penn College,"Morgan, Emery",Emery,Morgan,,30190,"Morgan, Emery","MORGAN,EMERY",Penn College,PCT,2220-1730,2,1,30,0,30,0,0,0,0,0,0,0,0,0,.00,.00,.00,.000,.000,0,0,0,0,0,0,0,.000,0,0,0,0,.00,.00,.00,.00,0,,107:00,0,.00,.00,,,,,,,,,,,,,,,,,,,,,,-1.8009028723099587,294,58
2026-27,msoc,North Eastern Athletic Conference,north_eastern_athletic_c,Notre Dame of Maryland,"Morgese, Giuseppe",Giuseppe,Morgese,,8600,"Morgese, Giuseppe","MORGESE,GIUSEPPE",Notre Dame of Maryland,NDMU,0,2,0,27,0,27,0,0,0,0,0,0,0,0,0,.00,.00,.00,.000,.000,0,0,0,0,0,0,0,.000,0,0,0,0,.00,.00,.00,.00,0,,07:00,0,.00,.00,,,,,,,,,,,,,,,,,,,,,,-1.8009028723099587,295,58
2026-27,msoc,North Eastern Athletic Conference,north_eastern_athletic_c,Notre Dame of Maryland,Myles Tanksley,Myles,Tanksley,,8600,Myles Tanksley,"TANKSLEY,MYLES",Notre Dame of Maryland,NDMU,0,6,0,7,0,7,0,0,0,0,0,0,0,0,0,.00,.00,.00,.000,.000,0,0,0,0,0,0,0,.000,1,0,0,0,.17,.00,.00,.00,0,,83:00,0,.00,.00,,,,,,,,,,,,,,,,,,,,,,-1.8009028723099587,296,58
2026-27,msoc,North Eastern Athletic Conference,north_eastern_athletic_c,Wilson College,"Natale, Chris",Chris,Natale,,12973,"Natale, Chris","NATALE,CHRIS",Wilson College,Wilson,1246-922,7,7,2,0,2,0,0,0,0,0,0,0,0,0,.00,.00,.00,.000,.000,0,0,0,0,0,0,0,.000,5,0,0,0,.71,.00,.00,.00,0,,615:00,0,.00,.00,,,,,,,,,,,,,,,,,,,,,,-1.8009028723099587,297,58
2026-27,msoc,North Eastern Athletic Conference,north_eastern_athletic_c,Cairn University,"Nichols, Asher",Asher,Nichols,,1305,"Nichols, Asher","NICHOLS,ASHER",Cairn University,CAI,0,2,0,17,0,17,0,0,0,3,0,0,0,1,0,1.50,.00,.00,.000,.000,0,0,0,0,0,0,0,.000,1,0,0,0,.50,.00,.00,.00,0,,56:00,0,.00,.00,,,,,,,,,,,,,,,,,,,,,,-1.8009028723099587,298,58
2026-27,msoc,North Eastern Athletic Conference,north_eastern_athletic_c,Penn State Abington,"Omer, Ahmed",Ahmed,Omer,,30114,"Omer, Ahmed","OMER,AHMED",Penn State Abington,PSA,2032-1682,8,0,11,0,11,0,0,0,0,0,0,0,0,0,.00,.00,.00,.000,.000,0,0,0,0,0,0,0,.000,1,0,0,0,.13,.00,.00,.00,0,,129:00,0,.00,.00,,,,,,,,,,,,,,,,,,,,,,-1.8009028723099587,299,58
2026-27,msoc,North Eastern Athletic Conference,north_eastern_athletic_c,Penn State Abington,"Opinkaro, Adiv",Adiv,Opinkaro,,30114,"Opinkaro, Adiv","OPINKARO,ADIV",Penn State Abington,PSA,2032-1960,1,0,37,0,37,0,0,0,0,0,0,0,0,0,.00,.00,.00,.000,.000,0,0,0,0,0,0,0,.000,0,0,0,0,.00,.00,.00,.00,0,,12:00,0,.00,.00,,,,,,,,,,,,,,,,,,,,,,-1.8009028723099587,300,58
2026-27,msoc,North Eastern Athletic Conference,north_eastern_athletic_c,Keystone College,"Peperoni, Ty",Ty,Peperoni,,30047,"Peperoni, Ty","PEPERONI,TY",Keystone College,KC,1242-2742,5,0,15,0,15,0,0,0,0,0,0,0,0,0,.00,.00,.00,.000,.000,0,0,0,0,0,0,0,.000,0,0,0,0,.00,.00,.00,.00,0,,49:00,0,.00,.00,,,,,,,,,,,,,,,,,,,,,,-1.8009028723099587,301,57
2026-27,msoc,North Eastern Athletic Conference,north_eastern_athletic_c,St. Mary's (Md.),"Phillips, Noah",Noah,Phillips,,611,"Phillips, Noah","PHILLIPS,NOAH",St. Mary's (Md.),SMC,0,2,0,14,0,14,0,0,0,0,0,0,0,0,0,.00,.00,.00,.000,.000,0,0,0,0,0,0,0,.000,1,0,0,0,.50,.00,.00,.00,0,,35:00,0,.00,.00,,,,,,,,,,,,,,,,,,,,,,-1.8009028723099587,302,57
2026-27,msoc,North Eastern Athletic Conference,north_eastern_athletic_c,Wilson College,"Pollard, Caden",Caden,Pollard,,12973,"Pollard, Caden","POLLARD,CADEN",Wilson College,Wilson,1246-773,0,0,16,0,16,0,0,0,0,0,0,0,0,0,.00,.00,.00,.000,.000,0,0,0,0,0,0,0,.000,0,0,0,0,.00,.00,.00,.00,0,,00:00,0,.00,.00,,,,,,,,,,,,,,,,,,,,,,-1.8009028723099587,303,57
2026-27,msoc,North Eastern Athletic Conference,north_eastern_athletic_c,Lancaster Bible College,"Pollock, Isaac",Isaac,Pollock,,30085,"Pollock, Isaac","POLLOCK,ISAAC",Lancaster Bible College,LBC,1391-2616,4,0,27,0,27,0,0,0,0,0,0,0,0,0,.00,.00,.00,.000,.000,0,0,0,0,0,0,0,.000,1,0,0,0,.25,.00,.00,.00,0,,30:00,0,.00,.00,,,,,,,,,,,,,,,,,,,,,,-1.8009028723099587,304,57
2026-27,msoc,North Eastern Athletic Conference,north_eastern_athletic_c,Penn State Abington,"Qin, Yang",Yang,Qin,,30114,"Qin, Yang","QIN,YANG",Penn State Abington,PSA,2032-1810,0,0,23,0,23,0,0,0,0,0,0,0,0,0,.00,.00,.00,.000,.000,0,0,0,0,0,0,0,.000,0,0,0,0,.00,.00,.00,.00,0,,00:00,0,.00,.00,,,,,,,,,,,,,,,,,,,,,,-1.8009028723099587,305,57
2026-27,msoc,North Eastern Athletic Conference,north_eastern_athletic_c,Penn College,"Ragula, Colin",Colin,Ragula,,30190,"Ragula, Colin","RAGULA,COLIN",Penn College,PCT,2220-2115,8,3,25,0,25,0,0,0,0,0,0,0,0,0,.00,.00,.00,.000,.000,0,0,0,0,0,0,0,.000,0,0,0,0,.00,.00,.00,.00,0,,398:00,0,.00,.00,,,,,,,,,,,,,,,,,,,,,,-1.8009028723099587,306,57
2026-27,msoc,North Eastern Athletic Conference,north_eastern_athletic_c,Penn State Brandywine,Randy Sanango,Randy,Sanango,,30189,Randy Sanango,"SANANGO,RANDY",Penn State Brandywine,PSW,0,7,0,23,0,23,0,0,0,0,0,0,0,0,0,.00,.00,.00,.000,.000,0,0,0,0,0,0,0,.000,0,0,0,0,.00,.00,.00,.00,0,,204:00,0,.00,.00,,,,,,,,,,,,,,,,,,,,,,-1.8009028723099587,307,57
2026-27,msoc,North Eastern Athletic Conference,north_eastern_athletic_c,Penn State Harrisburg,"Reeves, Alden",Alden,Reeves,,30081,"Reeves, Alden","REEVES,ALDEN",Penn State Harrisburg,PSH,1244-1776,2,1,4,0,4,0,0,0,0,0,0,0,0,0,.00,.00,.00,.000,.000,0,0,0,0,0,0,0,.000,0,0,0,0,.00,.00,.00,.00,0,,45:00,0,.00,.00,,,,,,,,,,,,,,,,,,,,,,-1.8009028723099587,308,57
2026-27,msoc,North Eastern Athletic Conference,north_eastern_athletic_c,Lancaster Bible College,"Richardson, Luke",Luke,Richardson,,30085,"Richardson, Luke","RICHARDSON,LUKE",Lancaster Bible College,LBC,1391-2314,9,4,5,0,5,0,0,0,1,0,0,0,0,0,.11,.00,.00,.000,.000,0,0,0,0,0,0,0,.000,3,0,2,0,.33,.22,.00,.00,0,,445:00,0,.00,.00,,,,,,,,,,,,,,,,,,,,,,-1.8009028723099587,309,56
2026-27,msoc,North Eastern Athletic Conference,north_eastern_athletic_c,Lancaster Bible College,"Richardson, Parker",Parker,Richardson,,30085,"Richardson, Parker","RICHARDSON,PARKER",Lancaster Bible College,LBC,1391-2646,2,0,20,0,20,0,0,0,1,0,0,0,0,0,.50,.00,.00,.000,.000,0,0,0,0,0,0,0,.000,0,0,0,0,.00,.00,.00,.00,0,,23:00,0,.00,.00,,,,,,,,,,,,,,,,,,,,,,-1.8009028723099587,310,56
2026-27,msoc,North Eastern Athletic Conference,north_eastern_athletic_c,St. Mary's (Md.),"Robey, Jake",Jake,Robey,,611,"Robey, Jake","ROBEY,JAKE",St. Mary's (Md.),SMC,0,1,0,21,0,21,0,0,0,0,0,0,0,0,0,.00,.00,.00,.000,.000,0,0,0,0,0,0,0,.000,0,0,0,0,.00,.00,.00,.00,0,,11:00,0,.00,.00,,,,,,,,,,,,,,,,,,,,,,-1.8009028723099587,311,56
2026-27,msoc,North Eastern Athletic Conference,north_eastern_athletic_c,Keystone College,"Roca, Chris",Chris,Roca,,30047,"Roca, Chris","ROCA,CHRIS",Keystone College,KC,1242-2551,8,3,5,0,5,0,0,0,0,0,0,0,0,0,.00,.00,.00,.000,.000,0,0,0,0,0,0,0,.000,4,0,0,0,.50,.00,.00,.00,0,,482:00,0,.00,.00,,,,,,,,,,,,,,,,,,,,,,-1.8009028723099587,312,56
2026-27,msoc,North Eastern Athletic Conference,north_eastern_athletic_c,Notre Dame of Maryland,Rodrigo Liz,Rodrigo,Liz,,8600,Rodrigo Liz,"LIZ,RODRIGO",Notre Dame of Maryland,NDMU,0,1,0,11,0,11,0,0,0,0,0,0,0,0,0,.00,.00,.00,.000,.000,0,0,0,0,0,0,0,.000,0,0,0,0,.00,.00,.00,.00,0,,21:00,0,.00,.00,,,,,,,,,,,,,,,,,,,,,,-1.8009028723099587,313,56
2026-27,msoc,North Eastern Athletic Conference,north_eastern_athletic_c,Penn State Harrisburg,"Rodriguez, Erik",Erik,Rodriguez,,30081,"Rodriguez, Erik","RODRIGUEZ,ERIK",Penn State Harrisburg,PSH,1244-1985,0,0,98,0,98,0,0,0,0,0,0,0,0,0,.00,.00,.00,.000,.000,0,0,0,0,0,0,0,.000,0,0,0,0,.00,.00,.00,.00,0,,00:00,0,.00,.00,,,,,,,,,,,,,,,,,,,,,,-1.8009028723099587,314,56
2026-27,msoc,North Eastern Athletic Conference,north_eastern_athletic_c,St. Mary's (Md.),"Rosser, Zach",Zach,Rosser,,611,"Rosser, Zach","ROSSER,ZACH",St. Mary's (Md.),SMC,0,0,0,33,0,33,0,0,0,0,0,0,0,0,0,.00,.00,.00,.000,.000,0,0,0,0,0,0,0,.000,0,0,0,0,.00,.00,.00,.00,0,,00:00,0,.00,.00,,,,,,,,,,,,,,,,,,,,,,-1.8009028723099587,315,56
2026-27,msoc,North Eastern Athletic Conference,north_eastern_athletic_c,Gallaudet University,"Sanchez, Anthony",Anthony,Sanchez,,245,"Sanchez, Anthony","SANCHEZ,ANTHONY",Gallaudet University,GALLA,141-2490,5,0,18,0,18,0,0,0,0,0,0,0,0,0,.00,.00,.00,.000,.000,0,0,0,0,0,0,0,.000,0,0,1,0,.00,.20,.00,.00,0,,166:00,0,.00,.00,,,,,,,,,,,,,,,,,,,,,,-1.8009028723099587,316,55
2026-27,msoc,North Eastern Athletic Conference,north_eastern_athletic_c,Notre Dame of Maryland,"Sanchez, Cristo",Cristo,Sanchez,,8600,"Sanchez, Cristo","SANCHEZ,CRISTO",Notre Dame of Maryland,NDMU,0,1,0,10,0,10,0,0,0,0,0,0,0,0,0,.00,.00,.00,.000,.000,0,0,0,0,0,0,0,.000,0,0,0,0,.00,.00,.00,.00,0,,12:00,0,.00,.00,,,,,,,,,,,,,,,,,,,,,,-1.8009028723099587,317,55
2026-27,msoc,North Eastern Athletic Conference,north_eastern_athletic_c,St. Mary's (Md.),"Santos Solorzano, Jeferson",Jeferson,Santos Solorzano,,611,"Santos Solorzano, Jeferson","SANTOS SOLORZANO,JEFERSON",St. Mary's (Md.),SMC,0,0,0,8,0,8,0,0,0,0,0,0,0,0,0,.00,.00,.00,.000,.000,0,0,0,0,0,0,0,.000,0,0,0,0,.00,.00,.00,.00,0,,00:00,0,.00,.00,,,,,,,,,,,,,,,,,,,,,,-1.8009028723099587,318,55
2026-27,msoc,North Eastern Athletic Conference,north_eastern_athletic_c,St. Mary's (Md.),"Schult, Max",Max,Schult,,611,"Schult, Max","SCHULT,MAX",St. Mary's (Md.),SMC,0,4,0,6,0,6,0,0,0,0,0,0,0,0,0,.00,.00,.00,.000,.000,0,0,0,0,0,0,0,.000,0,0,0,0,.00,.00,.00,.00,0,,56:00,0,.00,.00,,,,,,,,,,,,,,,,,,,,,,-1.8009028723099587,319,55
2026-27,msoc,North Eastern Athletic Conference,north_eastern_athletic_c,Notre Dame of Maryland,Seena Yonas,Seena,Yonas,,8600,Seena Yonas,"YONAS,SEENA",Notre Dame of Maryland,NDMU,0,1,0,24,0,24,0,0,0,0,0,0,0,0,0,.00,.00,.00,.000,.000,0,0,0,0,0,0,0,.000,0,0,0,0,.00,.00,.00,.00,0,,19:00,0,.00,.00,,,,,,,,,,,,,,,,,,,,,,-1.8009028723099587,320,55
2026-27,msoc,North Eastern Athletic Conference,north_eastern_athletic_c,Penn State Harrisburg,"Seifrit, Sello",Sello,Seifrit,,30081,"Seifrit, Sello","SEIFRIT,SELLO",Penn State Harrisburg,PSH,1244-1972,2,0,19,0,19,0,0,0,0,0,0,0,0,0,.00,.00,.00,.000,.000,0,0,0,0,0,0,0,.000,0,0,0,0,.00,.00,.00,.00,0,,03:00,0,.00,.00,,,,,,,,,,,,,,,,,,,,,,-1.8009028723099587,321,55
2026-27,msoc,North Eastern Athletic Conference,north_eastern_athletic_c,Penn State Abington,"Sellecchia, Enrico",Enrico,Sellecchia,,30114,"Sellecchia, Enrico","SELLECCHIA,ENRICO",Penn State Abington,PSA,2032-1804,7,3,24,0,24,0,0,0,0,0,0,0,0,0,.00,.00,.00,.000,.000,0,0,0,0,0,0,0,.000,1,0,0,0,.14,.00,.00,.00,0,,272:00,0,.00,.00,,,,,,,,,,,,,,,,,,,,,,-1.8009028723099587,322,55
2026-27,msoc,North Eastern Athletic Conference,north_eastern_athletic_c,Wilson College,"Serrano, William",William,Serrano,,12973,"Serrano, William","SERRANO,WILLIAM",Wilson College,Wilson,1246-1150,6,5,15,0,15,0,0,0,5,0,0,0,0,0,.83,.00,.00,.000,.000,0,0,0,0,0,0,0,.000,3,0,0,0,.50,.00,.00,.00,0,,412:00,0,.00,.00,,,,,,,,,,,,,,,,,,,,,,-1.8009028723099587,323,55
2026-27,msoc,North Eastern Athletic Conference,north_eastern_athletic_c,Penn College,"Sheils, Owen",Owen,Sheils,,30190,"Sheils, Owen","SHEILS,OWEN",Penn College,PCT,2220-1733,6,1,21,0,21,0,0,0,2,0,0,0,0,0,.33,.00,.00,.000,.000,0,0,0,0,0,0,0,.000,0,0,0,0,.00,.00,.00,.00,0,,93:00,0,.00,.00,,,,,,,,,,,,,,,,,,,,,,-1.8009028723099587,324,54
2026-27,msoc,North Eastern Athletic Conference,north_eastern_athletic_c,Penn State Abington,"Shenko, Ryan",Ryan,Shenko,,30114,"Shenko, Ryan","SHENKO,RYAN",Penn State Abington,PSA,2032-1977,9,9,13,0,13,0,0,0,0,0,0,0,0,0,.00,.00,.00,.000,.000,0,0,0,0,0,0,0,.000,1,0,2,0,.11,.22,.00,.00,0,,779:00,0,.00,.00,,,,,,,,,,,,,,,,,,,,,,-1.8009028723099587,325,54
2026-27,msoc,North Eastern Athletic Conference,north_eastern_athletic_c,Penn State Abington,"Silva, Lucas",Lucas,Silva,,30114,"Silva, Lucas","SILVA,LUCAS",Penn State Abington,PSA,2032-1989,0,0,38,0,38,0,0,0,0,0,0,0,0,0,.00,.00,.00,.000,.000,0,0,0,0,0,0,0,.000,0,0,0,0,.00,.00,.00,.00,0,,00:00,0,.00,.00,,,,,,,,,,,,,,,,,,,,,,-1.8009028723099587,326,54
2026-27,msoc,North Eastern Athletic Conference,north_eastern_athletic_c,Penn College,"Skilonger, Collin",Collin,Skilonger,,30190,"Skilonger, Collin","SKILONGER,COLLIN",Penn College,PCT,2220-1956,0,0,32,0,32,0,0,0,0,0,0,0,0,0,.00,.00,.00,.000,.000,0,0,0,0,0,0,0,.000,0,0,0,0,.00,.00,.00,.00,0,,00:00,0,.00,.00,,,,,,,,,,,,,,,,,,,,,,-1.8009028723099587,327,54
2026-27,msoc,North Eastern Athletic Conference,north_eastern_athletic_c,Penn State Berks,"Spargo, Quinn",Quinn,Spargo,,30044,"Spargo, Quinn","SPARGO,QUINN",Penn State Berks,PSU,1243-2180,3,0,12,0,12,0,0,0,0,0,0,0,0,0,.00,.00,.00,.000,.000,0,0,0,0,0,0,0,.000,0,0,0,0,.00,.00,.00,.00,0,,26:00,0,.00,.00,,,,,,,,,,,,,,,,,,,,,,-1.8009028723099587,328,54
2026-27,msoc,North Eastern Athletic Conference,north_eastern_athletic_c,Cairn University,"Stocklin, Brendan",Brendan,Stocklin,,1305,"Stocklin, Brendan","STOCKLIN,BRENDAN",Cairn University,CAI,0,0,0,36,0,36,0,0,0,0,0,0,0,0,0,.00,.00,.00,.000,.000,0,0,0,0,0,0,0,.000,0,0,0,0,.00,.00,.00,.00,0,,00:00,0,.00,.00,,,,,,,,,,,,,,,,,,,,,,-1.8009028723099587,329,54
2026-27,msoc,North Eastern Athletic Conference,north_eastern_athletic_c,Gallaudet University,"Straub, Eloi",Eloi,Straub,,245,"Straub, Eloi","STRAUB,ELOI",Gallaudet University,GALLA,141-2223,7,7,6,0,6,0,0,0,0,0,0,0,0,0,.00,.00,.00,.000,.000,0,0,0,0,0,0,0,.000,4,0,0,0,.57,.00,.00,.00,0,,613:00,0,.00,.00,,,,,,,,,,,,,,,,,,,,,,-1.8009028723099587,330,54
2026-27,msoc,North Eastern Athletic Conference,north_eastern_athletic_c,Cairn University,"Sura, Mike",Mike,Sura,,1305,"Sura, Mike","SURA,MIKE",Cairn University,CAI,0,1,0,31,0,31,0,0,0,0,0,0,0,0,0,.00,.00,.00,.000,.000,0,0,0,0,0,0,0,.000,0,0,0,0,.00,.00,.00,.00,0,,26:00,0,.00,.00,,,,,,,,,,,,,,,,,,,,,,-1.8009028723099587,331,54
2026-27,msoc,North Eastern Athletic Conference,north_eastern_athletic_c,Notre Dame of Maryland,"Szczupalski, Daniel",Daniel,Szczupalski,,8600,"Szczupalski, Daniel","SZCZUPALSKI,DANIEL",Notre Dame of Maryland,NDMU,0,0,0,1,0,1,0,0,0,0,0,0,0,0,0,.00,.00,.00,.000,.000,0,0,0,0,0,0,0,.000,0,0,0,0,.00,.00,.00,.00,0,,00:00,0,.00,.00,,,,,,,,,,,,,,,,,,,,,,-1.8009028723099587,332,53
2026-27,msoc,North Eastern Athletic Conference,north_eastern_athletic_c,Penn State Abington,"Temirov, Temur",Temur,Temirov,,30114,"Temirov, Temur","TEMIROV,TEMUR",Penn State Abington,PSA,2032-1648,0,0,7,0,7,0,0,0,0,0,0,0,0,0,.00,.00,.00,.000,.000,0,0,0,0,0,0,0,.000,0,0,0,0,.00,.00,.00,.00,0,,00:00,0,.00,.00,,,,,,,,,,,,,,,,,,,,,,-1.8009028723099587,333,53
2026-27,msoc,North Eastern Athletic Conference,north_eastern_athletic_c,Penn State Abington,"Thompson, Joseph",Joseph,Thompson,,30114,"Thompson, Joseph","THOMPSON,JOSEPH",Penn State Abington,PSA,2032-1647,0,0,8,0,8,0,0,0,0,0,0,0,0,0,.00,.00,.00,.000,.000,0,0,0,0,0,0,0,.000,0,0,0,0,.00,.00,.00,.00,0,,00:00,0,.00,.00,,,,,,,,,,,,,,,,,,,,,,-1.8009028723099587,334,53
2026-27,msoc,North Eastern Athletic Conference,north_eastern_athletic_c,Penn College,"Toole, Nick",Nick,Toole,,30190,"Toole, Nick","TOOLE,NICK",Penn College,PCT,2220-2119,3,0,20,0,20,0,0,0,1,0,0,0,0,0,.33,.00,.00,.000,.000,0,0,0,0,0,0,0,.000,0,0,0,0,.00,.00,.00,.00,0,,46:00,0,.00,.00,,,,,,,,,,,,,,,,,,,,,,-1.8009028723099587,335,53
2026-27,msoc,North Eastern Athletic Conference,north_eastern_athletic_c,Gallaudet University,"Trinidad, Allan",Allan,Trinidad,,245,"Trinidad, Allan","TRINIDAD,ALLAN",Gallaudet University,GALLA,141-2226,7,3,7,0,7,0,0,0,0,0,0,0,0,0,.00,.00,.00,.000,.000,0,0,0,0,0,0,0,.000,0,0,0,0,.00,.00,.00,.00,0,,237:00,0,.00,.00,,,,,,,,,,,,,,,,,,,,,,-1.8009028723099587,336,53
2026-27,msoc,North Eastern Athletic Conference,north_eastern_athletic_c,Gallaudet University,"Valentin, Hawi",Hawi,Valentin,,245,"Valentin, Hawi","VALENTIN,HAWI",Gallaudet University,GALLA,141-2511,1,0,11,0,11,0,0,0,0,0,0,0,0,0,.00,.00,.00,.000,.000,0,0,0,0,0,0,0,.000,0,0,0,0,.00,.00,.00,.00,0,,38:00,0,.00,.00,,,,,,,,,,,,,,,,,,,,,,-1.8009028723099587,337,53
2026-27,msoc,North Eastern Athletic Conference,north_eastern_athletic_c,Notre Dame of Maryland,"Vega, Carlo",Carlo,Vega,,8600,"Vega, Carlo","VEGA,CARLO",Notre Dame of Maryland,NDMU,0,0,0,17,0,17,0,0,0,0,0,0,0,0,0,.00,.00,.00,.000,.000,0,0,0,0,0,0,0,.000,0,0,0,0,.00,.00,.00,.00,0,,00:00,0,.00,.00,,,,,,,,,,,,,,,,,,,,,,-1.8009028723099587,338,53
2026-27,msoc,North Eastern Athletic Conference,north_eastern_athletic_c,Penn State Brandywine,Viktor Batula,Viktor,Batula,,30189,Viktor Batula,"BATULA,VIKTOR",Penn State Brandywine,PSW,0,7,7,05,0,05,0,0,0,0,0,0,0,0,0,.00,.00,.00,.000,.000,0,0,0,0,0,0,0,.000,0,0,0,0,.00,.00,.00,.00,0,,405:00,0,.00,.00,,,,,,,,,,,,,,,,,,,,,,-1.8009028723099587,339,52
2026-27,msoc,North Eastern Athletic Conference,north_eastern_athletic_c,Penn State Abington,"Wade, Quincy",Quincy,Wade,,30114,"Wade, Quincy","WADE,QUINCY",Penn State Abington,PSA,2032-1962,6,0,25,0,25,0,0,0,0,0,0,0,0,0,.00,.00,.00,.000,.000,0,0,0,0,0,0,0,.000,0,0,0,0,.00,.00,.00,.00,0,,54:00,0,.00,.00,,,,,,,,,,,,,,,,,,,,,,-1.8009028723099587,340,52
2026-27,msoc,North Eastern Athletic Conference,north_eastern_athletic_c,St. Mary's (Md.),"Watts, John",John,Watts,,611,"Watts, John","WATTS,JOHN",St. Mary's (Md.),SMC,0,0,0,0,0,0,0,0,0,0,0,0,0,0,0,.00,.00,.00,.000,.000,0,0,0,0,0,0,0,.000,0,0,0,0,.00,.00,.00,.00,0,,00:00,0,.00,.00,,,,,,,,,,,,,,,,,,,,,,-1.8009028723099587,341,52
2026-27,msoc,North Eastern Athletic Conference,north_eastern_athletic_c,St. Mary's (Md.),"Werblow, Michael",Michael,Werblow,,611,"Werblow, Michael","WERBLOW,MICHAEL",St. Mary's (Md.),SMC,0,0,0,31,0,31,0,0,0,0,0,0,0,0,0,.00,.00,.00,.000,.000,0,0,0,0,0,0,0,.000,0,0,0,0,.00,.00,.00,.00,0,,00:00,0,.00,.00,,,,,,,,,,,,,,,,,,,,,,-1.8009028723099587,342,52
2026-27,msoc,North Eastern Athletic Conference,north_eastern_athletic_c,Cairn University,"Wolfe, Mason",Mason,Wolfe,,1305,"Wolfe, Mason","WOLFE,MASON",Cairn University,CAI,0,1,0,21,0,21,0,0,0,0,0,0,0,0,0,.00,.00,.00,.000,.000,0,0,0,0,0,0,0,.000,0,0,0,0,.00,.00,.00,.00,0,,09:00,0,.00,.00,,,,,,,,,,,,,,,,,,,,,,-1.8009028723099587,343,52
2026-27,msoc,North Eastern Athletic Conference,north_eastern_athletic_c,Penn State Brandywine,Youssef Ibrahim,Youssef,Ibrahim,,30189,Youssef Ibrahim,"IBRAHIM,YOUSSEF",Penn State Brandywine,PSW,0,5,0,06,0,06,0,0,0,0,0,0,0,0,0,.00,.00,.00,.000,.000,0,0,0,0,0,0,0,.000,0,0,0,0,.00,.00,.00,.00,0,,78:00,0,.00,.00,,,,,,,,,,,,,,,,,,,,,,-1.8009028723099587,344,52
2026-27,msoc,North Eastern Athletic Conference,north_eastern_athletic_c,St. Mary's (Md.),"Eckman, Jordon",Jordon,Eckman,,611,"Eckman, Jordon","ECKMAN,JORDON",St. Mary's (Md.),SMC,0,4,4,1,0,1,0,0,0,0,0,0,0,0,0,.00,.00,.00,.000,.000,0,0,0,0,0,0,0,.000,0,0,0,0,.00,.00,.00,.00,0,,360:00,0,.00,.00,46,0,3,1,0,.565,2.50,13,10,360:00,4,4,2.50,0.565,.000,3.25,,,,,,-1.898472389132014,345,52
2026-27,msoc,North Eastern Athletic Conference,north_eastern_athletic_c,Lancaster Bible College,"Dressler, Micah",Micah,Dressler,,30085,"Dressler, Micah","DRESSLER,MICAH",Lancaster Bible College,LBC,1391-2477,8,7,31,0,31,0,0,0,0,0,0,0,0,0,.00,.00,.00,.000,.000,0,0,0,0,0,0,0,.000,0,0,0,0,.00,.00,.00,.00,0,,592:00,0,.00,.00,79,0,5,2,1,.581,2.74,25,18,591:49,7,8,2.25,0.581,.125,3.13,,,,,,-1.9345547254896929,346,52
2026-27,msoc,North Eastern Athletic Conference,north_eastern_athletic_c,Penn State Abington,"D'Asti, Angelo",Angelo,D'Asti,,30114,"D'Asti, Angelo","D'ASTI,ANGELO",Penn State Abington,PSA,2032-1975,5,4,1,0,1,0,0,0,0,0,0,0,0,0,.00,.00,.00,.000,.000,0,0,0,0,0,0,0,.000,0,0,0,0,.00,.00,.00,.00,0,,405:00,0,.00,.00,49,1,3,1,0,.520,2.67,13,12,405:00,4,5,2.40,0.520,.000,2.60,,,,,,-2.1380609030951874,347,51
2026-27,msoc,North Eastern Athletic Conference,north_eastern_athletic_c,Penn State Brandywine,Braden Warwick,Braden,Warwick,,30189,Braden Warwick,"WARWICK,BRADEN",Penn State Brandywine,PSW,0,7,5,99,0,99,0,0,0,0,0,0,0,0,0,.00,.00,.00,.000,.000,0,0,0,0,0,0,0,.000,0,0,0,0,.00,.00,.00,.00,0,,498:00,0,.00,.00,85,0,4,1,0,.611,3.98,33,21,475:24,5,7,3.00,0.611,.000,4.71,,,,,,-2.321079363113743,348,51
2026-27,msoc,North Eastern Athletic Conference,north_eastern_athletic_c,Penn State Harrisburg,"Smith, Ethan",Ethan,Smith,,30081,"Smith, Ethan","SMITH,ETHAN",Penn State Harrisburg,PSH,1244-1984,3,2,99,0,99,0,0,0,0,0,0,0,0,0,.00,.00,.00,.000,.000,0,0,0,0,0,0,0,.000,0,0,0,0,.00,.00,.00,.00,0,,245:00,0,.00,.00,23,1,1,0,0,.467,2.94,7,8,245:18,2,3,2.67,0.467,.000,2.33,,,,,,-2.448407560942494,349,51
2026-27,msoc,North Eastern Athletic Conference,north_eastern_athletic_c,Penn College,"Creegan, Sean",Sean,Creegan,,30190,"Creegan, Sean","CREEGAN,SEAN",Penn College,PCT,2220-1943,1,1,40,0,40,0,0,0,0,0,0,0,0,0,.00,.00,.00,.000,.000,0,0,0,0,0,0,0,.000,0,0,0,0,.00,.00,.00,.00,0,,90:00,0,.00,.00,3,1,0,0,0,.333,2.00,1,2,90:00,1,1,2.00,0.333,.000,1.00,,,,,,-2.5781055571623006,350,51
2026-27,msoc,North Eastern Athletic Conference,north_eastern_athletic_c,Notre Dame of Maryland,Camilo Huertas,Camilo,Huertas,,8600,Camilo Huertas,"HUERTAS,CAMILO",Notre Dame of Maryland,NDMU,0,1,1,31,0,31,0,0,0,0,0,0,0,0,0,.00,.00,.00,.000,.000,0,0,0,0,0,0,0,.000,0,0,0,0,.00,.00,.00,.00,0,,90:00,0,.00,.00,7,0,1,0,0,.429,4.00,3,4,90:00,1,1,4.00,0.429,.000,3.00,,,,,,-3.0206341878323055,351,51
2026-27,msoc,North Eastern Athletic Conference,north_eastern_athletic_c,Cairn University,"Burres, Zach",Zach,Burres,,1305,"Burres, Zach","BURRES,ZACH",Cairn University,CAI,0,1,0,1,0,1,0,0,0,0,0,0,0,0,0,.00,.00,.00,.000,.000,0,0,0,0,0,0,0,.000,0,0,0,0,.00,.00,.00,.00,0,,12:00,0,.00,.00,0,0,0,0,0,0.0,0.00,0,0,12:58,0,1,.00,0.000,.000,.00,,,,,,-3.036023475484489,352,51
2026-27,msoc,North Eastern Athletic Conference,north_eastern_athletic_c,Penn State Berks,"McMichael, Thomas",Thomas,McMichael,,30044,"McMichael, Thomas","MCMICHAEL,THOMAS",Penn State Berks,PSU,1243-2190,1,0,33,0,33,0,0,0,0,0,0,0,0,0,.00,.00,.00,.000,.000,0,0,0,0,0,0,0,.000,0,0,0,0,.00,.00,.00,.00,0,,09:00,0,.00,.00,0,0,0,0,0,0.0,0.00,0,0,09:28,0,1,.00,0.000,.000,.00,,,,,,-3.036023475484489,353,51
2026-27,msoc,North Eastern Athletic Conference,north_eastern_athletic_c,Keystone College,"Wasserzug, Max",Max,Wasserzug,,30047,"Wasserzug, Max","WASSERZUG,MAX",Keystone College,KC,1242-3159,1,0,30,0,30,0,0,0,0,0,0,0,0,0,.00,.00,.00,.000,.000,0,0,0,0,0,0,0,.000,0,0,0,0,.00,.00,.00,.00,0,,45:00,0,.00,.00,0,0,0,0,0,0.0,0.00,0,0,45:00,0,1,.00,0.000,.000,.00,,,,,,-3.036023475484489,354,51
2026-27,msoc,North Eastern Athletic Conference,north_eastern_athletic_c,Penn State Brandywine,John Schild,John,Schild,,30189,John Schild,"SCHILD,JOHN",Penn State Brandywine,PSW,0,4,2,00,0,00,0,0,0,0,0,0,0,0,0,.00,.00,.00,.000,.000,0,0,0,0,0,0,0,.000,0,0,0,0,.00,.00,.00,.00,0,,132:00,0,.00,.00,23,0,2,0,1,.500,5.26,9,9,154:36,2,4,2.25,0.500,.250,2.25,,,,,,-3.2594580365662313,355,50
2026-27,msoc,North Eastern Athletic Conference,north_eastern_athletic_c,Gallaudet University,"McCabe, John",John,McCabe,,245,"McCabe, John","MCCABE,JOHN",Gallaudet University,GALLA,141-2328,5,5,1,0,1,0,0,0,0,0,0,0,0,0,.00,.00,.00,.000,.000,0,0,0,0,0,0,0,.000,0,0,0,0,.00,.00,.00,.00,0,,385:00,0,.00,.00,193,0,5,0,0,.703,8.20,83,35,384:18,5,5,7.00,0.703,.000,16.60,,,,,,-3.6748711892560455,356,50
2026-27,msoc,North Eastern Athletic Conference,north_eastern_athletic_c,Gallaudet University,"Schneck, Donovan",Donovan,Schneck,,245,"Schneck, Donovan","SCHNECK,DONOVAN",Gallaudet University,GALLA,141-2497,7,7,3,0,3,0,0,0,0,0,0,0,0,0,.00,.00,.00,.000,.000,0,0,0,0,0,0,0,.000,1,0,0,0,.14,.00,.00,.00,0,,589:00,0,.00,.00,114,0,2,0,0,.509,10.29,29,28,245:42,3,3,4.00,0.509,.000,4.14,,,,,,-5.25553904416857,357,50
