season,sport,conference,conference_code,team,player_name,first_name,last_name,position,team_code,name,checkname,team_name,team_id,sdrm_id,games_played,games_started,uniform,code,year,offensive_position,defensive_position,active,rush_stats,pass_stats,receiving_stats_number,receiving_stats_yards,receiving_stats_touchdowns,receiving_stats_longest_reception,receiving_stats_avg_per_reception,punt_stats,kickoff_stats,fieldgoal_stats,pat_stats,defense_stats_interception_return_yards,defense_stats_unassisted_tackles,defense_stats_assisted_tackles,defense_stats_tackles,defense_stats_total_tackles,defense_stats_tackles_for_loss,defense_stats_tackles_for_loss_per_game,defense_stats_tackles_per_game,defense_stats_unassisted_tackles_for_loss,defense_stats_assisted_tackles_for_loss,defense_stats_tackle_yards_for_loss,defense_stats_sacks,defense_stats_unassisted_sacks,defense_stats_assisted_sacks,defense_stats_sack_yards_for_loss,defense_stats_pass_breakups,defense_stats_fumbles_forced,defense_stats_quarterback_hurries,defense_stats_safeties_scored,defense_stats_blocked_kicks,defense_stats_fumbles_recovered,defense_stats_fumble_return_yards,defense_stats_interceptions,defense_stats_passes_defended,kickreturn_stats_number,kickreturn_stats_yards,kickreturn_stats_touchdowns,kickreturn_stats_longest_kickoff_return,kickreturn_stats_avg_per_return,puntreturn_stats_number,puntreturn_stats_yards,puntreturn_stats_touchdowns,puntreturn_stats_longest_punt_return,puntreturn_stats_avg_per_return,interception_return_stats,fumblereturn_stats,fumble_stats_number,fumble_stats_number_lost,scoring_stats_pat_kicks,scoring_stats_touchdowns,scoring_stats_fieldgoals,scoring_stats_safeties,scoring_stats_pat_rushes,scoring_stats_pat_receptions,scoring_stats_pat_kick_returns,scoring_stats_pat_fumble_returns,scoring_stats_rouges,scoring_stats_points,scoring_stats_all_points,scoring_stats_points_per_game,receiving_stats,kickreturn_stats,puntreturn_stats,fumble_stats,scoring_stats,interception_return_stats_number,interception_return_stats_yards,interception_return_stats_touchdowns,interception_return_stats_longest,interception_return_stats_avg_per_return,defense_stats,rush_stats_attempts,rush_stats_net_yards,rush_stats_yards_gained,rush_stats_yards_lost,rush_stats_touchdowns,rush_stats_longest_rush,rush_stats_avg_per_play,rush_stats_avg_per_game,pass_stats_yards_lost_by_sacks,pass_stats_sacked,pass_stats_longest_pass,pass_stats_touchdowns,pass_stats_yards,pass_stats_interceptions,pass_stats_attempts,pass_stats_completions,pass_stats_efficiency,pass_stats_avg_per_pass,pass_stats_avg_per_catch,pass_stats_avg_per_game,kickoff_stats_number,kickoff_stats_yards,kickoff_stats_out_of_bounds,kickoff_stats_touchbacks,kickoff_stats_avg_per_kickoff,fieldgoal_stats_made,fieldgoal_stats_attempts,fieldgoal_stats_longest_fieldgoal,fieldgoal_stats_blocked,fieldgoal_stats_percentage,pat_stats_kick_attempts,pat_stats_kicks_made,pat_stats_rush_attempts,pat_stats_rushes_made,pat_stats_pass_attempts,pat_stats_passes_made,pat_stats_reception_attempts,pat_stats_receptions_made,pat_stats_defensive_return_attempts,pat_stats_defensive_returns_made,pat_stats_defensive_blocked_kick_return_attempts,pat_stats_devensive_blocked_kick_returns_made,punt_stats_number,punt_stats_yards,punt_stats_longest_punt,punt_stats_blocked,punt_stats_touchbacks,punt_stats_fair_catches,punt_stats_fifty_plus_yards,punt_stats_inside_twenty,punt_stats_avg_per_punt,fumblereturn_stats_number,fumblereturn_stats_yards,fumblereturn_stats_touchdowns,fumblereturn_stats_longest_interception_return
2026-27,football,Ohio Athletic Conference (OAC),oac,Baldwin Wallace,"Gardner,Seandelle",Seandelle,Gardner,,46,"Gardner,Seandelle","GARDNER,SEANDELLE",Baldwin Wallace,BW,1273-3995,3,2,0,0,0,WR,0,0,,,14,185,5,29,13.2,,,,,0,0,0,0,0,.0,.0,.0,0,0,0,0,0,0,0,0,0,0,0,0,0,0,0,0,1,19,0,19,19.0,3,23,0,15,7.7,,,1,1,0,5,0,0,0,0,0,0,0,30,30,10,,,,,,,,,,,,,,,,,,,,,,,,,,,,,,,,,,,,,,,,,,,,,,,,,,,,,,,,,,,,,,,,,,
2026-27,football,Ohio Athletic Conference (OAC),oac,Baldwin Wallace,"Walker,Jamal",Jamal,Walker,,46,"Walker,Jamal","WALKER,JAMAL",Baldwin Wallace,BW,1273-5144,-3,0,0,0A,0,0,DB,0,,,,,,,,,,,,0,2,-3,-1,-1,.0,.0,.0,0,0,0,0,0,0,0,2,0,0,0,0,0,0,0,2,,,,,,,,,,,,,,,,,,,,,,,,,,,,,,,,,,,,,,,,,,,,,,,,,,,,,,,,,,,,,,,,,,,,,,,,,,,,,,,,,,,,,,,,,,,,
2026-27,football,Ohio Athletic Conference (OAC),oac,Baldwin Wallace,"Awad,Connor",Connor,Awad,,46,"Awad,Connor","AWAD,CONNOR",Baldwin Wallace,BW,1273-3985,3,3,1,1A,0,WR,0,0,,,6,88,1,25,14.7,,,,,0,0,0,0,0,.0,.0,.0,0,0,0,0,0,0,0,0,0,0,0,0,0,0,0,0,,,,,,,,,,,,,,,0,1,0,0,0,0,0,0,0,6,6,2,,,,,,,,,,,,,,,,,,,,,,,,,,,,,,,,,,,,,,,,,,,,,,,,,,,,,,,,,,,,,,,,,,
2026-27,football,Ohio Athletic Conference (OAC),oac,Baldwin Wallace,"Jethroe,JJ",JJ,Jethroe,,46,"Jethroe,JJ","JETHROE,JJ",Baldwin Wallace,BW,1273-4009,2,0,2,2,0,0,DB,0,,,,,,,,,,,,0,0,1,1,1,.0,.0,.0,0,0,0,0,0,0,0,1,0,0,0,0,0,0,0,1,,,,,,,,,,,,,,,,,,,,,,,,,,,,,,,,,,,,,,,,,,,,,,,,,,,,,,,,,,,,,,,,,,,,,,,,,,,,,,,,,,,,,,,,,,,,
2026-27,football,Ohio Athletic Conference (OAC),oac,Baldwin Wallace,"Oesch,Donnie",Donnie,Oesch,,46,"Oesch,Donnie","OESCH,DONNIE",Baldwin Wallace,BW,1273-4021,3,3,3,3O,0,0,DB,0,,,,,,,,,,,,52,4,0,4,4,.0,.0,.0,0,0,0,0,0,0,0,1,0,0,0,0,0,0,1,2,,,,,,,,,,,,,,,0,1,0,0,0,0,0,0,0,6,6,2,,,,,,1,52,1,52,52.0,,,,,,,,,,,,,,,,,,,,,,,,,,,,,,,,,,,,,,,,,,,,,,,,,,,,,,,,
2026-27,football,Ohio Athletic Conference (OAC),oac,Baldwin Wallace,"Toy,Tristan",Tristan,Toy,,46,"Toy,Tristan","TOY,TRISTAN",Baldwin Wallace,BW,1273-4915,3,0,3,3,0,WR,0,0,,,1,63,1,63,63.0,,,,,0,0,1,1,1,.0,.0,.0,0,0,0,0,0,0,0,1,0,0,0,0,0,0,0,1,2,41,0,23,20.5,,,,,,,,,,0,1,0,0,0,0,0,0,0,6,6,2,,,,,,,,,,,,,,,,,,,,,,,,,,,,,,,,,,,,,,,,,,,,,,,,,,,,,,,,,,,,,,,,,,
2026-27,football,Ohio Athletic Conference (OAC),oac,Baldwin Wallace,"Taylor,Darion",Darion,Taylor,,46,"Taylor,Darion","TAYLOR,DARION",Baldwin Wallace,BW,1273-4910,3,2,4,4,0,0,DB,0,,,,,,,,,,,,0,4,1,5,5,1.0,.0,.0,1,0,2,0,0,0,0,2,0,0,0,0,0,0,0,2,,,,,,,,,,,,,,,,,,,,,,,,,,,,,,,,,,,,,,,,,,,,,,,,,,,,,,,,,,,,,,,,,,,,,,,,,,,,,,,,,,,,,,,,,,,,
2026-27,football,Ohio Athletic Conference (OAC),oac,Baldwin Wallace,"Baer,Ashton",Ashton,Baer,,46,"Baer,Ashton","BAER,ASHTON",Baldwin Wallace,BW,1273-3986,1,0,5,5B,0,0,DB,0,,,,,,,,,,,,0,0,1,1,1,.0,.0,.0,0,0,0,0,0,0,0,0,0,0,0,0,0,0,0,0,,,,,,,,,,,,,,,,,,,,,,,,,,,,,,,,,,,,,,,,,,,,,,,,,,,,,,,,,,,,,,,,,,,,,,,,,,,,,,,,,,,,,,,,,,,,
2026-27,football,Ohio Athletic Conference (OAC),oac,Baldwin Wallace,"Barmen,Harley",Harley,Barmen,,46,"Barmen,Harley","BARMEN,HARLEY",Baldwin Wallace,BW,1273-4254,2,2,5,5,0,WR,0,0,,,6,82,0,27,13.7,,,,,,,,,,,,,,,,,,,,,,,,,,,,,,,,,,,,,,,,,,,,,,,,,,,,,,,,,,,,,,,,,,,,,,,,,,,,,,,,,,,,,,,,,,,,,,,,,,,,,,,,,,,,,,,,,,,,,,,,
2026-27,football,Ohio Athletic Conference (OAC),oac,Baldwin Wallace,"Crouse,JD",JD,Crouse,,46,"Crouse,JD","CROUSE,JD",Baldwin Wallace,BW,1273-3991,3,3,6,6,0,0,DL,0,,,,,,,,,,,,20,7,7,14,14,4.0,.0,.0,3,2,19,3,2,2,17,1,0,0,0,0,0,0,1,2,,,,,,,,,,,,,,,0,1,0,0,0,0,0,0,0,6,6,2,,,,,,1,20,1,20,20.0,,,,,,,,,,,,,,,,,,,,,,,,,,,,,,,,,,,,,,,,,,,,,,,,,,,,,,,,
2026-27,football,Ohio Athletic Conference (OAC),oac,Baldwin Wallace,"St. Clair,Cade",Cade,St. Clair,,46,"St. Clair,Cade","ST. CLAIR,CADE",Baldwin Wallace,BW,1273-4302,3,0,6,6A,0,WR,0,0,,,2,27,0,14,13.5,,,,,0,1,0,1,1,.0,.0,.0,0,0,0,0,0,0,0,0,0,0,0,0,0,0,0,0,,,,,,,,,,,,,,,,,,,,,,,,,,,,,,,,,,,,,,,,,,,,,,,,,,,,,,,,,,,,,,,,,,,,,,,,,,,,,,,,,,,,,,,,,,,,
2026-27,football,Ohio Athletic Conference (OAC),oac,Baldwin Wallace,"Gibbons,TJ",TJ,Gibbons,,46,"Gibbons,TJ","GIBBONS,TJ",Baldwin Wallace,BW,1273-3997,3,3,7,7G,0,0,DB,0,,,,,,,,,,,,0,6,4,10,10,.0,.0,.0,0,0,0,0,0,0,0,1,0,0,0,0,0,0,0,1,,,,,,,,,,,,,,,,,,,,,,,,,,,,,,,,,,,,,,,,,,,,,,,,,,,,,,,,,,,,,,,,,,,,,,,,,,,,,,,,,,,,,,,,,,,,
2026-27,football,Ohio Athletic Conference (OAC),oac,Baldwin Wallace,"Bubonics,Charlie",Charlie,Bubonics,,46,"Bubonics,Charlie","BUBONICS,CHARLIE",Baldwin Wallace,BW,1273-3990,3,3,7,7,0,QB,0,0,,,,,,,,,,,,0,0,0,0,0,.0,.0,.0,0,0,0,0,0,0,0,0,0,0,0,0,0,0,0,0,,,,,,,,,,,,,2,1,0,2,0,0,0,0,0,0,0,12,12,4,,,,,,,,,,,,15,52,69,17,1,18,3.5,17.3,10,2,63,10,659,0,72,52,194.9,9.15,12.67,219.7,,,,,,,,,,,,,,,,,,,,,,,,,,,,,,,,,,,
2026-27,football,Ohio Athletic Conference (OAC),oac,Baldwin Wallace,"Hartsel,Nolan",Nolan,Hartsel,,46,"Hartsel,Nolan","HARTSEL,NOLAN",Baldwin Wallace,BW,1273-4003,3,3,8,8,0,0,DB,0,,,,,,,,,,,,10,12,9,21,21,3.0,.0,.0,2,2,5,1,0,2,3,0,1,3,0,0,0,0,1,1,,,,,,,,,,,,,,,,,,,,,,,,,,,,,,,,1,10,0,10,10.0,,,,,,,,,,,,,,,,,,,,,,,,,,,,,,,,,,,,,,,,,,,,,,,,,,,,,,,,
2026-27,football,Ohio Athletic Conference (OAC),oac,Baldwin Wallace,"Quinlan,Colin",Colin,Quinlan,,46,"Quinlan,Colin","QUINLAN,COLIN",Baldwin Wallace,BW,1273-4024,3,1,9,9,0,WR,0,0,,,7,68,0,23,9.7,,,,,0,0,1,1,1,.0,.0,.0,0,0,0,0,0,0,0,0,0,0,0,0,0,0,0,0,,,,,,1,3,0,3,3.0,,,,,,,,,,,,,,,,,,,,,,,,,,,,,,,,,,,,,,,,,,,,,,,,,,,,,,,,,,,,,,,,,,,,,,,,,,,,,,,,,,
2026-27,football,Ohio Athletic Conference (OAC),oac,Baldwin Wallace,"Hall,Hunter",Hunter,Hall,,46,"Hall,Hunter","HALL,HUNTER",Baldwin Wallace,BW,1273-5105,2,0,10,10,0,WR,0,0,,,,,,,,,,,,,,,,,,,,,,,,,,,,,,,,,,,,1,17,0,17,17.0,,,,,,,,,,,,,,,,,,,,,,,,,,,,,,,,,,,,,,,,,,,,,,,,,,,,,,,,,,,,,,,,,,,,,,,,,,,,,,,,,,,,,,,
2026-27,football,Ohio Athletic Conference (OAC),oac,Baldwin Wallace,"Elie,Dylan",Dylan,Elie,,46,"Elie,Dylan","ELIE,DYLAN",Baldwin Wallace,BW,1273-4858,1,0,10,1G,0,0,LB,0,,,,,,,,,,,,0,0,1,1,1,.0,.0,.0,0,0,0,0,0,0,0,0,0,0,0,0,0,0,0,0,,,,,,,,,,,,,,,,,,,,,,,,,,,,,,,,,,,,,,,,,,,,,,,,,,,,,,,,,,,,,,,,,,,,,,,,,,,,,,,,,,,,,,,,,,,,
2026-27,football,Ohio Athletic Conference (OAC),oac,Baldwin Wallace,"Balson,Xavier",Xavier,Balson,,46,"Balson,Xavier","BALSON,XAVIER",Baldwin Wallace,BW,1273-3988,1,1,11,11,0,WR,0,0,,,5,78,2,33,15.6,,,,,0,0,0,0,0,.0,.0,.0,0,0,0,0,0,0,0,0,0,0,0,0,0,0,0,0,,,,,,,,,,,,,,,0,1,0,0,0,0,0,0,0,6,6,6,,,,,,,,,,,,,,,,,,,,,,,,,,,,,,,,,,,,,,,,,,,,,,,,,,,,,,,,,,,,,,,,,,
2026-27,football,Ohio Athletic Conference (OAC),oac,Baldwin Wallace,"Johnson,Jackson",Jackson,Johnson,,46,"Johnson,Jackson","JOHNSON,JACKSON",Baldwin Wallace,BW,1273-4874,3,0,11,1H,0,0,LB,0,,,,,,,,,,,,0,4,6,10,10,1.5,.0,.0,1,1,2,1.5,1,1,2,0,0,0,0,0,0,0,0,0,,,,,,,,,,,,,,,,,,,,,,,,,,,,,,,,,,,,,,,,,,,,,,,,,,,,,,,,,,,,,,,,,,,,,,,,,,,,,,,,,,,,,,,,,,,,
2026-27,football,Ohio Athletic Conference (OAC),oac,Baldwin Wallace,"Trinetti,Frankie",Frankie,Trinetti,,46,"Trinetti,Frankie","TRINETTI,FRANKIE",Baldwin Wallace,BW,1273-4916,2,0,12,1M,0,QB,0,0,,,,,,,,,,,,,,,,,,,,,,,,,,,,,,,,,,,,,,,,,,,,,,,,,,,,,,,,,,,,,,,,,,,,,,,,,1,-9,0,9,0,0,-9.0,-4.5,9,1,15,1,46,0,9,5,135.2,5.11,9.20,23.0,,,,,,,,,,,,,,,,,,,,,,,,,,,,,,,,,,,
2026-27,football,Ohio Athletic Conference (OAC),oac,Baldwin Wallace,"Morgan III,Devon",Devon,Morgan III,,46,"Morgan III,Devon","MORGAN III,DEVON",Baldwin Wallace,BW,1273-4885,3,2,12,1K,0,0,DB,0,,,,,,,,,,,,0,5,0,5,5,1.0,.0,.0,1,0,4,0,0,0,0,2,0,0,0,0,0,0,0,2,,,,,,,,,,,,,,,,,,,,,,,,,,,,,,,,,,,,,,,,,,,,,,,,,,,,,,,,,,,,,,,,,,,,,,,,,,,,,,,,,,,,,,,,,,,,
2026-27,football,Ohio Athletic Conference (OAC),oac,Baldwin Wallace,"Mullen,Codi",Codi,Mullen,,46,"Mullen,Codi","MULLEN,CODI",Baldwin Wallace,BW,1273-4888,3,0,13,1L,0,0,DB,0,,,,,,,,,,,,0,4,9,13,13,.5,.0,.0,0,1,2,0,0,0,0,1,0,0,0,0,0,0,0,1,,,,,,,,,,,,,,,,,,,,,,,,,,,,,,,,,,,,,,,,,,,,,,,,,,,,,,,,,,,,,,,,,,,,,,,,,,,,,,,,,,,,,,,,,,,,
2026-27,football,Ohio Athletic Conference (OAC),oac,Baldwin Wallace,"Donato,Pete",Pete,Donato,,46,"Donato,Pete","DONATO,PETE",Baldwin Wallace,BW,1273-4856,2,0,14,1F,0,0,DB,0,,,,,,,,,,,,0,1,1,2,2,.0,.0,.0,0,0,0,0,0,0,0,0,0,0,0,0,0,0,0,0,,,,,,,,,,,,,,,,,,,,,,,,,,,,,,,,,,,,,,,,,,,,,,,,,,,,,,,,,,,,,,,,,,,,,,,,,,,,,,,,,,,,,,,,,,,,
2026-27,football,Ohio Athletic Conference (OAC),oac,Baldwin Wallace,"Catanese,Tate",Tate,Catanese,,46,"Catanese,Tate","CATANESE,TATE",Baldwin Wallace,BW,1273-4848,3,0,14,1C,0,QB,0,0,,,,,,,,,,,,,,,,,,,,,,,,,,,,,,,,,,,,,,,,,,,,,,,,,,,,,,,,,,,,,,,,,,,,,,,,,,,,,,,,,,,,,,,,,,,,,,,,,,,,,,,,,,,,,,,,,,,,,,,,,,,,,,,
2026-27,football,Ohio Athletic Conference (OAC),oac,Baldwin Wallace,"Valley,Triston",Triston,Valley,,46,"Valley,Triston","VALLEY,TRISTON",Baldwin Wallace,BW,1273-4038,3,0,17,17,0,0,LB,0,,,,,,,,,,,,0,0,2,2,2,.0,.0,.0,0,0,0,0,0,0,0,0,0,0,0,0,0,0,0,0,,,,,,,,,,,,,,,,,,,,,,,,,,,,,,,,,,,,,,,,,,,,,,,,,,,,,,,,,,,,,,,,,,,,,,,,,,,,,,,,,,,,,,,,,,,,
2026-27,football,Ohio Athletic Conference (OAC),oac,Baldwin Wallace,"Young,Holland",Holland,Young,,46,"Young,Holland","YOUNG,HOLLAND",Baldwin Wallace,BW,1273-4923,3,0,17,1P,0,WR,0,0,,,4,24,1,15,6.0,,,,,0,0,0,0,0,.0,.0,.0,0,0,0,0,0,0,0,0,0,0,0,0,0,0,0,0,,,,,,,,,,,,,,,0,1,0,0,0,0,0,0,0,6,6,2,,,,,,,,,,,,,,,,,,,,,,,,,,,,,,,,,,,,,,,,,,,,,,,,,,,,,,,,,,,,,,,,,,
2026-27,football,Ohio Athletic Conference (OAC),oac,Baldwin Wallace,"Lloyd,Sydney",Sydney,Lloyd,,46,"Lloyd,Sydney","LLOYD,SYDNEY",Baldwin Wallace,BW,1273-5126,1,0,18,8B,0,WR,0,0,,,,,,,,,,,,,,,,,,,,,,,,,,,,,,,,,,,,,,,,,,,,,,,,,,,,,,,,,,,,,,,,,,,,,,,,,,,,,,,,,,,,,,,,,,,,,,,,,,,,,,,,,,,,,,,,,,,,,,,,,,,,,,,
2026-27,football,Ohio Athletic Conference (OAC),oac,Baldwin Wallace,"Komara,Vito",Vito,Komara,,46,"Komara,Vito","KOMARA,VITO",Baldwin Wallace,BW,1273-5117,3,0,19,9B,0,0,DB,0,,,,,,,,,,,,0,2,2,4,4,.0,.0,.0,0,0,0,0,0,0,0,0,0,0,0,0,0,0,0,0,,,,,,,,,,,,,,,,,,,,,,,,,,,,,,,,,,,,,,,,,,,,,,,,,,,,,,,,,,,,,,,,,,,,,,,,,,,,,,,,,,,,,,,,,,,,
2026-27,football,Ohio Athletic Conference (OAC),oac,Baldwin Wallace,"Williams,Mason",Mason,Williams,,46,"Williams,Mason","WILLIAMS,MASON",Baldwin Wallace,BW,1273-4307,3,0,19,1S,0,TE,0,0,,,4,32,0,14,8.0,,,,,,,,,,,,,,,,,,,,,,,,,,,,,,,,,,,,,,,,,,,,,,,,,,,,,,,,,,,,,,,,,,,,,,,,,,,,,,,,,,,,,,,,,,,,,,,,,,,,,,,,,,,,,,,,,,,,,,,,
2026-27,football,Ohio Athletic Conference (OAC),oac,Baldwin Wallace,"Brokos,Dylan",Dylan,Brokos,,46,"Brokos,Dylan","BROKOS,DYLAN",Baldwin Wallace,BW,1273-4841,2,0,20,2M,0,RB,0,0,,,,,,,,,,,,,,,,,,,,,,,,,,,,,,,,,,,,,,,,,,,,,,,,,,,,,,,,,,,,,,,,,,,,,,,,,1,-2,0,2,0,0,-2.0,-1.0,,,,,,,,,,,,,,,,,,,,,,,,,,,,,,,,,,,,,,,,,,,,,,,
2026-27,football,Ohio Athletic Conference (OAC),oac,Baldwin Wallace,"Budziak,Luke",Luke,Budziak,,46,"Budziak,Luke","BUDZIAK,LUKE",Baldwin Wallace,BW,1273-4842,1,1,21,21,0,0,LB,0,,,,,,,,,,,,0,1,0,1,1,1.0,.0,.0,1,0,4,0,0,0,0,1,0,0,0,0,0,0,0,1,,,,,,,,,,,,,,,,,,,,,,,,,,,,,,,,,,,,,,,,,,,,,,,,,,,,,,,,,,,,,,,,,,,,,,,,,,,,,,,,,,,,,,,,,,,,
2026-27,football,Ohio Athletic Conference (OAC),oac,Baldwin Wallace,"Mulinix,Boston",Boston,Mulinix,,46,"Mulinix,Boston","MULINIX,BOSTON",Baldwin Wallace,BW,1273-4887,3,0,22,22,0,RB,0,0,,,,,,,,,,,,0,0,0,0,0,.0,.0,.0,0,0,0,0,0,0,0,0,0,0,0,0,0,0,0,0,,,,,,,,,,,,,,,0,4,0,0,0,0,0,0,0,24,24,8,,,,,,,,,,,,37,264,265,1,4,51,7.1,88.0,,,,,,,,,,,,,,,,,,,,,,,,,,,,,,,,,,,,,,,,,,,,,,,
2026-27,football,Ohio Athletic Conference (OAC),oac,Baldwin Wallace,"Carter,Anthony",Anthony,Carter,,46,"Carter,Anthony","CARTER,ANTHONY",Baldwin Wallace,BW,1273-4847,3,2,22,2V,0,0,LB,0,,,,,,,,,,,,0,3,6,9,9,1.0,.0,.0,0,2,4,0.5,0,1,3,2,0,0,0,0,0,0,0,2,,,,,,,,,,,,,,,,,,,,,,,,,,,,,,,,,,,,,,,,,,,,,,,,,,,,,,,,,,,,,,,,,,,,,,,,,,,,,,,,,,,,,,,,,,,,
2026-27,football,Ohio Athletic Conference (OAC),oac,Baldwin Wallace,"Myers,Blayze",Blayze,Myers,,46,"Myers,Blayze","MYERS,BLAYZE",Baldwin Wallace,BW,1273-4889,3,3,24,24,0,0,DL,0,,,,,,,,,,,,0,9,4,13,13,3.0,.0,.0,3,0,15,3,3,0,15,2,2,2,0,1,0,0,0,2,,,,,,1,25,0,25,25.0,,,,,,,,,,,,,,,,,,,,,,,,,,,,,,,,,,,,,,,,,,,,,,,,,,,,,,,,,,,,,,,,,,,,,,,,,,,,,,,,,,
2026-27,football,Ohio Athletic Conference (OAC),oac,Baldwin Wallace,"Russell,Jacob",Jacob,Russell,,46,"Russell,Jacob","RUSSELL,JACOB",Baldwin Wallace,BW,1273-4029,2,0,27,27,0,0,0,0,,,,,,,,,,,,0,0,0,0,0,.0,.0,.0,0,0,0,0,0,0,0,0,0,0,0,0,0,0,0,0,,,,,,,,,,,,,,,3,0,0,0,0,0,0,0,0,3,3,1.5,,,,,,,,,,,,,,,,,,,,,,,,,,,,,,,,1,50,0,0,50.0,0,0,0,0,.0,3,3,0,0,0,0,0,0,0,0,0,0,,,,,,,,,,,,,
2026-27,football,Ohio Athletic Conference (OAC),oac,Baldwin Wallace,"White,Terrian",Terrian,White,,46,"White,Terrian","WHITE,TERRIAN",Baldwin Wallace,BW,1273-5146,3,0,28,28,0,RB,0,0,,,,,,,,,,,,0,0,0,0,0,.0,.0,.0,0,0,0,0,0,0,0,0,0,0,0,0,0,0,0,0,2,36,0,27,18.0,,,,,,,,,,0,1,0,0,0,0,0,0,0,6,6,2,,,,,,,,,,,,12,95,99,4,1,27,7.9,31.7,,,,,,,,,,,,,,,,,,,,,,,,,,,,,,,,,,,,,,,,,,,,,,,
2026-27,football,Ohio Athletic Conference (OAC),oac,Baldwin Wallace,"Woodard,Elijah",Elijah,Woodard,,46,"Woodard,Elijah","WOODARD,ELIJAH",Baldwin Wallace,BW,1273-5148,2,0,29,2C,0,0,DB,0,,,,,,,,,,,,0,0,1,1,1,.0,.0,.0,0,0,0,0,0,0,0,1,0,0,0,0,0,0,0,1,,,,,,,,,,,,,,,,,,,,,,,,,,,,,,,,,,,,,,,,,,,,,,,,,,,,,,,,,,,,,,,,,,,,,,,,,,,,,,,,,,,,,,,,,,,,
2026-27,football,Ohio Athletic Conference (OAC),oac,Baldwin Wallace,"Barnhart,Zack",Zack,Barnhart,,46,"Barnhart,Zack","BARNHART,ZACK",Baldwin Wallace,BW,1273-5088,2,0,30,30,0,RB,0,0,,,,,,,,,,,,0,0,0,0,0,.0,.0,.0,0,0,0,0,0,0,0,0,0,0,0,0,0,0,0,0,,,,,,,,,,,,,,,0,1,0,0,0,0,0,0,0,6,6,3,,,,,,,,,,,,9,44,46,2,1,20,4.9,22.0,,,,,,,,,,,,,,,,,,,,,,,,,,,,,,,,,,,,,,,,,,,,,,,
2026-27,football,Ohio Athletic Conference (OAC),oac,Baldwin Wallace,"Reed,Jacob",Jacob,Reed,,46,"Reed,Jacob","REED,JACOB",Baldwin Wallace,BW,1273-4026,3,0,31,31,0,0,LB,0,,,,,,,,,,,,0,3,3,6,6,.0,.0,.0,0,0,0,0,0,0,0,0,0,0,0,0,0,0,0,0,,,,,,,,,,,,,,,,,,,,,,,,,,,,,,,,,,,,,,,,,,,,,,,,,,,,,,,,,,,,,,,,,,,,,,,,,,,,,,,,,,,,,,,,,,,,
2026-27,football,Ohio Athletic Conference (OAC),oac,Baldwin Wallace,"Johnson,Jaydon",Jaydon,Johnson,,46,"Johnson,Jaydon","JOHNSON,JAYDON",Baldwin Wallace,BW,1273-5112,2,0,32,32,0,0,DB,0,,,,,,,,,,,,,,,,,,,,,,,,,,,,,,,,,,,,,,,,,,,,,,,,,,,,,,,,,,,,,,,,,,,,,,,,,,,,,,,,,,,,,,,,,,,,,,,,,,,,,,,,,,,,,,,,,,,,,,,,,,,,,,,
2026-27,football,Ohio Athletic Conference (OAC),oac,Baldwin Wallace,"Hopkins,Blake",Blake,Hopkins,,46,"Hopkins,Blake","HOPKINS,BLAKE",Baldwin Wallace,BW,1273-4418,3,3,34,34,0,0,LB,0,,,,,,,,,,,,0,9,7,16,16,1.0,.0,.0,0,2,5,0.5,0,1,3,1,0,0,0,0,0,0,0,1,,,,,,,,,,,,,,,,,,,,,,,,,,,,,,,,,,,,,,,,,,,,,,,,,,,,,,,,,,,,,,,,,,,,,,,,,,,,,,,,,,,,,,,,,,,,
2026-27,football,Ohio Athletic Conference (OAC),oac,Baldwin Wallace,"Linberger,George",George,Linberger,,46,"Linberger,George","LINBERGER,GEORGE",Baldwin Wallace,BW,1273-4013,3,3,36,36,0,RB,0,0,,,,,,,,,,,,0,0,0,0,0,.0,.0,.0,0,0,0,0,0,0,0,0,0,0,0,0,0,0,0,0,,,,,,,,,,,,,,,0,5,0,0,0,0,0,0,0,30,30,10,,,,,,,,,,,,52,294,294,0,5,22,5.7,98.0,,,,,,,,,,,,,,,,,,,,,,,,,,,,,,,,,,,,,,,,,,,,,,,
2026-27,football,Ohio Athletic Conference (OAC),oac,Baldwin Wallace,"Boyle,Devin",Devin,Boyle,,46,"Boyle,Devin","BOYLE,DEVIN",Baldwin Wallace,BW,1273-3989,3,0,38,38,0,0,0,0,,,,,,,,,,,,,,,,,,,,,,,,,,,,,,,,,,,,,,,,,,,,,,,,,,,,,,,,,,,,,,,,,,,,,,,,,,,,,,,,,,,,,,,,,,,,,,,,,,,,,,,,,,,,,,,,,,,,,,,,,,,,,,,
2026-27,football,Ohio Athletic Conference (OAC),oac,Baldwin Wallace,"Feamster, Jr.,Robert","Jr.,Robert",Feamster,,46,"Feamster, Jr.,Robert","FEAMSTER, JR.,ROBERT",Baldwin Wallace,BW,1273-4860,1,0,42,42,0,0,0,0,,,,,,,,,,,,0,0,0,0,0,.0,.0,.0,0,0,0,0,0,0,0,0,0,0,0,0,0,0,0,0,,,,,,,,,,,,,,,5,0,0,0,0,0,0,0,0,5,5,5,,,,,,,,,,,,,,,,,,,,,,,,,,,,,,,,2,72,0,0,36.0,0,0,0,0,.0,5,5,0,0,0,0,0,0,0,0,0,0,,,,,,,,,,,,,
2026-27,football,Ohio Athletic Conference (OAC),oac,Baldwin Wallace,"Pittman,Cole",Cole,Pittman,,46,"Pittman,Cole","PITTMAN,COLE",Baldwin Wallace,BW,1273-4893,2,0,44,44,0,0,LB,0,,,,,,,,,,,,,,,,,,,,,,,,,,,,,,,,,,,,,,,,,,,,,,,,,,,,,,,,,,,,,,,,,,,,,,,,,,,,,,,,,,,,,,,,,,,,,,,,,,,,,,,,,,,,,,,,,,,,,,,,,,,,,,,
2026-27,football,Ohio Athletic Conference (OAC),oac,Baldwin Wallace,"Clair,Caiden",Caiden,Clair,,46,"Clair,Caiden","CLAIR,CAIDEN",Baldwin Wallace,BW,1273-4853,2,0,45,45,0,0,LB,0,,,,,,,,,,,,0,1,1,2,2,.0,.0,.0,0,0,0,0,0,0,0,0,0,0,0,0,0,0,0,0,,,,,,,,,,,,,,,,,,,,,,,,,,,,,,,,,,,,,,,,,,,,,,,,,,,,,,,,,,,,,,,,,,,,,,,,,,,,,,,,,,,,,,,,,,,,
2026-27,football,Ohio Athletic Conference (OAC),oac,Baldwin Wallace,"Warrick,Owen",Owen,Warrick,,46,"Warrick,Owen","WARRICK,OWEN",Baldwin Wallace,BW,1273-4919,3,0,46,46,0,0,0,0,,,,,,,,,,,,0,1,0,1,1,.0,.0,.0,0,0,0,0,0,0,0,0,0,0,0,0,0,0,0,0,,,,,,,,,,,,,,,17,0,0,0,0,0,0,0,0,17,17,5.67,,,,,,,,,,,,,,,,,,,,,,,,,,,,,,,,24,1396,0,2,58.2,0,0,0,0,.0,17,17,0,0,0,0,0,0,0,0,0,0,,,,,,,,,,,,,
2026-27,football,Ohio Athletic Conference (OAC),oac,Baldwin Wallace,"Clark,Carter",Carter,Clark,,46,"Clark,Carter","CLARK,CARTER",Baldwin Wallace,BW,1273-5094,2,0,48,4C,0,0,DB,0,,,,,,,,,,,,0,2,0,2,2,.0,.0,.0,0,0,0,0,0,0,0,0,0,0,0,0,0,0,0,0,,,,,,,,,,,,,,,,,,,,,,,,,,,,,,,,,,,,,,,,,,,,,,,,,,,,,,,,,,,,,,,,,,,,,,,,,,,,,,,,,,,,,,,,,,,,
2026-27,football,Ohio Athletic Conference (OAC),oac,Baldwin Wallace,"Davis,Steph",Steph,Davis,,46,"Davis,Steph","DAVIS,STEPH",Baldwin Wallace,BW,1273-4855,3,0,51,51,0,0,DL,0,,,,,,,,,,,,0,1,3,4,4,2.5,.0,.0,1,3,9,1,0,2,5,0,0,1,0,0,0,0,0,0,,,,,,,,,,,,,,,,,,,,,,,,,,,,,,,,,,,,,,,,,,,,,,,,,,,,,,,,,,,,,,,,,,,,,,,,,,,,,,,,,,,,,,,,,,,,
2026-27,football,Ohio Athletic Conference (OAC),oac,Baldwin Wallace,"Perez,Yadi",Yadi,Perez,,46,"Perez,Yadi","PEREZ,YADI",Baldwin Wallace,BW,1273-4890,2,0,52,52,0,0,LB,0,,,,,,,,,,,,,,,,,,,,,,,,,,,,,,,,,,,,,,,,,,,,,,,,,,,,,,,,,,,,,,,,,,,,,,,,,,,,,,,,,,,,,,,,,,,,,,,,,,,,,,,,,,,,,,,,,,,,,,,,,,,,,,,
2026-27,football,Ohio Athletic Conference (OAC),oac,Baldwin Wallace,"Sali,Noah",Noah,Sali,,46,"Sali,Noah","SALI,NOAH",Baldwin Wallace,BW,1273-4030,3,1,53,53,0,OL,0,0,,,,,,,,,,,,,,,,,,,,,,,,,,,,,,,,,,,,,,,,,,,,,,,,,,,,,,,,,,,,,,,,,,,,,,,,,,,,,,,,,,,,,,,,,,,,,,,,,,,,,,,,,,,,,,,,,,,,,,,,,,,,,,,
2026-27,football,Ohio Athletic Conference (OAC),oac,Baldwin Wallace,"Sees,Dylan",Dylan,Sees,,46,"Sees,Dylan","SEES,DYLAN",Baldwin Wallace,BW,1273-5138,3,1,54,54,0,OL,0,0,,,,,,,,,,,,,,,,,,,,,,,,,,,,,,,,,,,,,,,,,,,,,,,,,,,,,,,,,,,,,,,,,,,,,,,,,,,,,,,,,,,,,,,,,,,,,,,,,,,,,,,,,,,,,,,,,,,,,,,,,,,,,,,
2026-27,football,Ohio Athletic Conference (OAC),oac,Baldwin Wallace,"Simpson,Joey",Joey,Simpson,,46,"Simpson,Joey","SIMPSON,JOEY",Baldwin Wallace,BW,1273-4301,2,0,55,55,0,0,DL,0,,,,,,,,,,,,0,1,0,1,1,1.0,.0,.0,1,0,3,0,0,0,0,0,0,0,0,0,0,0,0,0,,,,,,,,,,,,,,,,,,,,,,,,,,,,,,,,,,,,,,,,,,,,,,,,,,,,,,,,,,,,,,,,,,,,,,,,,,,,,,,,,,,,,,,,,,,,
2026-27,football,Ohio Athletic Conference (OAC),oac,Baldwin Wallace,"Ross,Colton",Colton,Ross,,46,"Ross,Colton","ROSS,COLTON",Baldwin Wallace,BW,1273-4028,3,2,56,56,0,OL,0,0,,,,,,,,,,,,,,,,,,,,,,,,,,,,,,,,,,,,,,,,,,,,,,,,,,,,,,,,,,,,,,,,,,,,,,,,,,,,,,,,,,,,,,,,,,,,,,,,,,,,,,,,,,,,,,,,,,,,,,,,,,,,,,,
2026-27,football,Ohio Athletic Conference (OAC),oac,Baldwin Wallace,"Lulow,Nick",Nick,Lulow,,46,"Lulow,Nick","LULOW,NICK",Baldwin Wallace,BW,1273-4014,3,3,58,58,0,OL,0,0,,,,,,,,,,,,,,,,,,,,,,,,,,,,,,,,,,,,,,,,,,,,,,,,,,,,,,,,,,,,,,,,,,,,,,,,,,,,,,,,,,,,,,,,,,,,,,,,,,,,,,,,,,,,,,,,,,,,,,,,,,,,,,,
2026-27,football,Ohio Athletic Conference (OAC),oac,Baldwin Wallace,"Hopkins,Daniel",Daniel,Hopkins,,46,"Hopkins,Daniel","HOPKINS,DANIEL",Baldwin Wallace,BW,1273-4005,3,3,60,60,0,0,DL,0,,,,,,,,,,,,9,3,2,5,5,2.0,.0,.0,1,2,7,1,0,2,6,0,0,0,0,0,0,0,1,1,,,,,,,,,,,,,,,,,,,,,,,,,,,,,,,,1,9,0,9,9.0,,,,,,,,,,,,,,,,,,,,,,,,,,,,,,,,,,,,,,,,,,,,,,,,,,,,,,,,
2026-27,football,Ohio Athletic Conference (OAC),oac,Baldwin Wallace,"Cuglewski,Zach",Zach,Cuglewski,,46,"Cuglewski,Zach","CUGLEWSKI,ZACH",Baldwin Wallace,BW,1273-3992,3,1,62,62,0,OL,0,0,,,,,,,,,,,,,,,,,,,,,,,,,,,,,,,,,,,,,,,,,,,,,,,,,,,,,,,,,,,,,,,,,,,,,,,,,0,0,0,0,0,0,.0,.0,,,,,,,,,,,,,,,,,,,,,,,,,,,,,,,,,,,,,,,,,,,,,,,
2026-27,football,Ohio Athletic Conference (OAC),oac,Baldwin Wallace,"Nemec,Mason",Mason,Nemec,,46,"Nemec,Mason","NEMEC,MASON",Baldwin Wallace,BW,1273-4019,3,0,63,63,0,OL,0,0,,,,,,,,,,,,,,,,,,,,,,,,,,,,,,,,,,,,,,,,,,,,,,,,,,,,,,,,,,,,,,,,,,,,,,,,,,,,,,,,,,,,,,,,,,,,,,,,,,,,,,,,,,,,,,,,,,,,,,,,,,,,,,,
2026-27,football,Ohio Athletic Conference (OAC),oac,Baldwin Wallace,"Mast,Jaxon",Jaxon,Mast,,46,"Mast,Jaxon","MAST,JAXON",Baldwin Wallace,BW,1273-4277,3,0,64,64,0,OL,0,0,,,,,,,,,,,,,,,,,,,,,,,,,,,,,,,,,,,,,,,,,,,,,,,,,,,,,,,,,,,,,,,,,,,,,,,,,,,,,,,,,,,,,,,,,,,,,,,,,,,,,,,,,,,,,,,,,,,,,,,,,,,,,,,
2026-27,football,Ohio Athletic Conference (OAC),oac,Baldwin Wallace,"Reid,Judah",Judah,Reid,,46,"Reid,Judah","REID,JUDAH",Baldwin Wallace,BW,1273-4027,3,3,65,65,0,0,DL,0,,,,,,,,,,,,0,3,4,7,7,1.5,.0,.0,1,1,6,1.5,1,1,6,0,0,0,0,0,0,0,0,0,,,,,,,,,,,,,,,,,,,,,,,,,,,,,,,,,,,,,,,,,,,,,,,,,,,,,,,,,,,,,,,,,,,,,,,,,,,,,,,,,,,,,,,,,,,,
2026-27,football,Ohio Athletic Conference (OAC),oac,Baldwin Wallace,"Ralston,Kris",Kris,Ralston,,46,"Ralston,Kris","RALSTON,KRIS",Baldwin Wallace,BW,1273-4895,2,0,66,66,0,OL,0,0,,,,,,,,,,,,,,,,,,,,,,,,,,,,,,,,,,,,,,,,,,,,,,,,,,,,,,,,,,,,,,,,,,,,,,,,,,,,,,,,,,,,,,,,,,,,,,,,,,,,,,,,,,,,,,,,,,,,,,,,,,,,,,,
2026-27,football,Ohio Athletic Conference (OAC),oac,Baldwin Wallace,"Keller,Colson",Colson,Keller,,46,"Keller,Colson","KELLER,COLSON",Baldwin Wallace,BW,1273-5116,2,1,68,68,0,0,DL,0,,,,,,,,,,,,0,1,3,4,4,.0,.0,.0,0,0,0,0,0,0,0,0,0,1,0,0,0,0,0,0,,,,,,,,,,,,,,,,,,,,,,,,,,,,,,,,,,,,,,,,,,,,,,,,,,,,,,,,,,,,,,,,,,,,,,,,,,,,,,,,,,,,,,,,,,,,
2026-27,football,Ohio Athletic Conference (OAC),oac,Baldwin Wallace,"Griffin,Shamus",Shamus,Griffin,,46,"Griffin,Shamus","GRIFFIN,SHAMUS",Baldwin Wallace,BW,1273-3999,3,2,71,71,0,OL,0,0,,,,,,,,,,,,,,,,,,,,,,,,,,,,,,,,,,,,,,,,,,,,,,,,,,,,,,,,,,,,,,,,,,,,,,,,,,,,,,,,,,,,,,,,,,,,,,,,,,,,,,,,,,,,,,,,,,,,,,,,,,,,,,,
2026-27,football,Ohio Athletic Conference (OAC),oac,Baldwin Wallace,"Jackson,Sam",Sam,Jackson,,46,"Jackson,Sam","JACKSON,SAM",Baldwin Wallace,BW,1273-4008,3,3,73,73,0,OL,0,0,,,,,,,,,,,,,,,,,,,,,,,,,,,,,,,,,,,,,,,,,,,,,,,,,,,,,,,,,,,,,,,,,,,,,,,,,,,,,,,,,,,,,,,,,,,,,,,,,,,,,,,,,,,,,,,,,,,,,,,,,,,,,,,
2026-27,football,Ohio Athletic Conference (OAC),oac,Baldwin Wallace,"Dixon,Grahm",Grahm,Dixon,,46,"Dixon,Grahm","DIXON,GRAHM",Baldwin Wallace,BW,1273-4257,3,3,76,76,0,OL,0,0,,,,,,,,,,,,,,,,,,,,,,,,,,,,,,,,,,,,,,,,,,,,,,,,,,,,,,,,,,,,,,,,,,,,,,,,,,,,,,,,,,,,,,,,,,,,,,,,,,,,,,,,,,,,,,,,,,,,,,,,,,,,,,,
2026-27,football,Ohio Athletic Conference (OAC),oac,Baldwin Wallace,"Manges,David",David,Manges,,46,"Manges,David","MANGES,DAVID",Baldwin Wallace,BW,1273-4879,3,0,78,78,0,OL,0,0,,,,,,,,,,,,,,,,,,,,,,,,,,,,,,,,,,,,,,,,,,,,,,,,,,,,,,,,,,,,,,,,,,,,,,,,,,,,,,,,,,,,,,,,,,,,,,,,,,,,,,,,,,,,,,,,,,,,,,,,,,,,,,,
2026-27,football,Ohio Athletic Conference (OAC),oac,Baldwin Wallace,"Johnson,Luke",Luke,Johnson,,46,"Johnson,Luke","JOHNSON,LUKE",Baldwin Wallace,BW,1273-4875,2,0,82,82,0,TE,0,0,,,,,,,,,,,,,,,,,,,,,,,,,,,,,,,,,,,,,,,,,,,,,,,,,,,,,,,,,,,,,,,,,,,,,,,,,,,,,,,,,,,,,,,,,,,,,,,,,,,,,,,,,,,,,,,,,,,,,,,,,,,,,,,
2026-27,football,Ohio Athletic Conference (OAC),oac,Baldwin Wallace,"Cooper,Jeremiah",Jeremiah,Cooper,,46,"Cooper,Jeremiah","COOPER,JEREMIAH",Baldwin Wallace,BW,1273-5095,1,0,84,8L,0,WR,0,0,,,,,,,,,,,,,,,,,,,,,,,,,,,,,,,,,,,,,,,,,,,,,,,,,,,,,,,,,,,,,,,,,,,,,,,,,,,,,,,,,,,,,,,,,,,,,,,,,,,,,,,,,,,,,,,,,,,,,,,,,,,,,,,
2026-27,football,Ohio Athletic Conference (OAC),oac,Baldwin Wallace,"Wolph,Carter",Carter,Wolph,,46,"Wolph,Carter","WOLPH,CARTER",Baldwin Wallace,BW,1273-4922,1,0,85,85,0,0,DE,0,,,,,,,,,,,,0,1,1,2,2,.0,.0,.0,0,0,0,0,0,0,0,0,0,0,0,0,0,0,0,0,,,,,,,,,,,,,,,,,,,,,,,,,,,,,,,,,,,,,,,,,,,,,,,,,,,,,,,,,,,,,,,,,,,,,,,,,,,,,,,,,,,,,,,,,,,,
2026-27,football,Ohio Athletic Conference (OAC),oac,Baldwin Wallace,"Timonere,Jimmy",Jimmy,Timonere,,46,"Timonere,Jimmy","TIMONERE,JIMMY",Baldwin Wallace,BW,1273-4304,3,0,86,86,0,WR,0,0,,,4,21,1,12,5.3,,,,,0,0,0,0,0,.0,.0,.0,0,0,0,0,0,0,0,0,0,0,0,0,0,0,0,0,,,,,,,,,,,,,,,0,1,0,0,0,0,0,0,0,6,6,2,,,,,,,,,,,,,,,,,,,,,,,,,,,,,,,,,,,,,,,,,,,,,,,,,,,,,,,,,,,,,,,,,,
2026-27,football,Ohio Athletic Conference (OAC),oac,Baldwin Wallace,"Speedy,Bronson",Bronson,Speedy,,46,"Speedy,Bronson","SPEEDY,BRONSON",Baldwin Wallace,BW,1273-4905,3,2,88,88,0,TE,0,0,,,4,37,0,19,9.3,,,,,,,,,,,,,,,,,,,,,,,,,,,,,,,,,,,,,,,,,,,,,,,,,,,,,,,,,,,,,,,,,,,,,,,,,,,,,,,,,,,,,,,,,,,,,,,,,,,,,,,,,,,,,,,,,,,,,,,,
2026-27,football,Ohio Athletic Conference (OAC),oac,Baldwin Wallace,"Onorati,Zach",Zach,Onorati,,46,"Onorati,Zach","ONORATI,ZACH",Baldwin Wallace,BW,1273-4282,2,0,89,89,0,WR,0,0,,,,,,,,,,,,,,,,,,,,,,,,,,,,,,,,,,,,,,,,,1,11,0,11,11.0,,,,,,,,,,,,,,,,,,,,,,,,,,,,,,,,,,,,,,,,,,,,,,,,,,,,,,,,,,,,,,,,,,,,,,,,,,,,,,,,,,
2026-27,football,Ohio Athletic Conference (OAC),oac,Baldwin Wallace,"Ashi,Joey",Joey,Ashi,,46,"Ashi,Joey","ASHI,JOEY",Baldwin Wallace,BW,1273-5087,1,0,90,90,0,0,DL,0,,,,,,,,,,,,,,,,,,,,,,,,,,,,,,,,,,,,,,,,,,,,,,,,,,,,,,,,,,,,,,,,,,,,,,,,,,,,,,,,,,,,,,,,,,,,,,,,,,,,,,,,,,,,,,,,,,,,,,,,,,,,,,,
2026-27,football,Ohio Athletic Conference (OAC),oac,Baldwin Wallace,"Groesser, Jr.,Eric","Jr.,Eric",Groesser,,46,"Groesser, Jr.,Eric","GROESSER, JR.,ERIC",Baldwin Wallace,BW,1273-4264,3,0,92,92,0,0,0,0,,,,,,,,,,,,,,,,,,,,,,,,,,,,,,,,,,,,,,,,,,,,,,,,,,,,,,,,,,,,,,,,,,,,,,,,,,,,,,,,,,,,,,,,,,,,,,,,,,,,,,,,,,,,,,,,,,,10,399,77,0,0,1,2,4,39.9,,,,
2026-27,football,Ohio Athletic Conference (OAC),oac,Baldwin Wallace,"Fellenstein,Patrick",Patrick,Fellenstein,,46,"Fellenstein,Patrick","FELLENSTEIN,PATRICK",Baldwin Wallace,BW,1273-5100,1,0,94,9C,0,0,DL,0,,,,,,,,,,,,0,0,1,1,1,.5,.0,.0,0,1,2,0,0,0,0,0,0,0,0,0,0,0,0,0,,,,,,,,,,,,,,,,,,,,,,,,,,,,,,,,,,,,,,,,,,,,,,,,,,,,,,,,,,,,,,,,,,,,,,,,,,,,,,,,,,,,,,,,,,,,
2026-27,football,Ohio Athletic Conference (OAC),oac,Baldwin Wallace,"Bradley,Derek",Derek,Bradley,,46,"Bradley,Derek","BRADLEY,DEREK",Baldwin Wallace,BW,1273-4840,1,0,96,9H,0,0,DL,0,,,,,,,,,,,,0,2,0,2,2,.0,.0,.0,0,0,0,0,0,0,0,0,0,0,0,0,0,0,0,0,,,,,,,,,,,,,,,,,,,,,,,,,,,,,,,,,,,,,,,,,,,,,,,,,,,,,,,,,,,,,,,,,,,,,,,,,,,,,,,,,,,,,,,,,,,,
2026-27,football,Ohio Athletic Conference (OAC),oac,Baldwin Wallace,"Roberts,Kalani",Kalani,Roberts,,46,"Roberts,Kalani","ROBERTS,KALANI",Baldwin Wallace,BW,1273-4897,2,0,98,98,0,0,DL,0,,,,,,,,,,,,0,1,2,3,3,.5,.0,.0,0,1,1,0,0,0,0,0,0,0,0,0,0,0,0,0,,,,,,,,,,,,,,,,,,,,,,,,,,,,,,,,,,,,,,,,,,,,,,,,,,,,,,,,,,,,,,,,,,,,,,,,,,,,,,,,,,,,,,,,,,,,
2026-27,football,Ohio Athletic Conference (OAC),oac,Baldwin Wallace,"Langenbrunner,Kyle",Kyle,Langenbrunner,,46,"Langenbrunner,Kyle","LANGENBRUNNER,KYLE",Baldwin Wallace,BW,1273-4012,2,0,15,15,0,0,DB,0,,,,,,,,,,,,0,1,1,2,2,.0,.0,.0,0,0,0,0,0,0,0,1,0,0,0,0,0,0,0,1,,,,,,,,,,,,,,,,,,,,,,,,,,,,,,,,,,,,,,,,,,,,,,,,,,,,,,,,,,,,,,,,,,,,,,,,,,,,,,,,,,,,,,,,,,,,
2026-27,football,Ohio Athletic Conference (OAC),oac,Baldwin Wallace,"Chavers,Jordan",Jordan,Chavers,,46,"Chavers,Jordan","CHAVERS,JORDAN",Baldwin Wallace,BW,1273-4852,2,0,16,16,0,0,DB,0,,,,,,,,,,,,,,,,,,,,,,,,,,,,,,,,,,,,,,,,,,,,,,,,,,,,,,,,,,,,,,,,,,,,,,,,,,,,,,,,,,,,,,,,,,,,,,,,,,,,,,,,,,,,,,,,,,,,,,,,,,,,,,,
2026-27,football,Ohio Athletic Conference (OAC),oac,Baldwin Wallace,"Galich,Matt",Matt,Galich,,46,"Galich,Matt","GALICH,MATT",Baldwin Wallace,BW,1273-5101,1,0,8,8A,0,QB,0,0,,,,,,,,,,,,,,,,,,,,,,,,,,,,,,,,,,,,,,,,,,,,,,,,,,,,,,,,,,,,,,,,,,,,,,,,,,,,,,,,,,,,,,,,,,,,,,,,,,,,,,,,,,,,,,,,,,,,,,,,,,,,,,,
2026-27,football,Ohio Athletic Conference (OAC),oac,Baldwin Wallace,"Chermonte,Peter",Peter,Chermonte,,46,"Chermonte,Peter","CHERMONTE,PETER",Baldwin Wallace,BW,1273-5093,1,0,26,2B,0,0,LB,0,,,,,,,,,,,,,,,,,,,,,,,,,,,,,,,,,,,,,,,,,,,,,,,,,,,,,,,,,,,,,,,,,,,,,,,,,,,,,,,,,,,,,,,,,,,,,,,,,,,,,,,,,,,,,,,,,,,,,,,,,,,,,,,
2026-27,football,Ohio Athletic Conference (OAC),oac,Baldwin Wallace,"Hardy,Robert",Robert,Hardy,,46,"Hardy,Robert","HARDY,ROBERT",Baldwin Wallace,BW,1273-4000,1,0,40,40,0,0,LB,0,,,,,,,,,,,,0,1,0,1,1,.0,.0,.0,0,0,0,0,0,0,0,1,0,0,0,0,0,0,0,1,,,,,,,,,,,,,,,,,,,,,,,,,,,,,,,,,,,,,,,,,,,,,,,,,,,,,,,,,,,,,,,,,,,,,,,,,,,,,,,,,,,,,,,,,,,,
2026-27,football,Ohio Athletic Conference (OAC),oac,Baldwin Wallace,"Mazzagatti,Mariano",Mariano,Mazzagatti,,46,"Mazzagatti,Mariano","MAZZAGATTI,MARIANO",Baldwin Wallace,BW,1273-4016,1,0,59,59,0,0,LB,0,,,,,,,,,,,,0,0,1,1,1,.0,.0,.0,0,0,0,0,0,0,0,0,0,0,0,0,0,0,0,0,,,,,,,,,,,,,,,,,,,,,,,,,,,,,,,,,,,,,,,,,,,,,,,,,,,,,,,,,,,,,,,,,,,,,,,,,,,,,,,,,,,,,,,,,,,,
2026-27,football,Ohio Athletic Conference (OAC),oac,Baldwin Wallace,"Livingston,Jake",Jake,Livingston,,46,"Livingston,Jake","LIVINGSTON,JAKE",Baldwin Wallace,BW,1273-5125,1,0,20,,0,0,LB,0,,,,,,,,,,,,0,1,1,2,2,.0,.0,.0,0,0,0,0,0,0,0,0,0,0,0,0,0,0,0,0,,,,,,,,,,,,,,,,,,,,,,,,,,,,,,,,,,,,,,,,,,,,,,,,,,,,,,,,,,,,,,,,,,,,,,,,,,,,,,,,,,,,,,,,,,,,
2026-27,football,Ohio Athletic Conference (OAC),oac,Baldwin Wallace,"Walker,Eli",Eli,Walker,,46,"Walker,Eli","WALKER,ELI",Baldwin Wallace,BW,0,1,0,0,0A,0,0,DB,0,,,,,,,,,,,,0,0,1,1,1,.0,.0,.0,0,0,0,0,0,0,0,0,0,0,0,0,0,0,0,0,,,,,,,,,,,,,,,,,,,,,,,,,,,,,,,,,,,,,,,,,,,,,,,,,,,,,,,,,,,,,,,,,,,,,,,,,,,,,,,,,,,,,,,,,,,,
2026-27,football,Ohio Athletic Conference (OAC),oac,Heidelberg,"Peters,Dmitry",Dmitry,Peters,,278,"Peters,Dmitry","PETERS,DMITRY",Heidelberg,HEI,1276-2652,4,4,1,1,0,WR,0,0,,,17,267,1,69,15.7,,,,,0,0,0,0,0,.0,.0,.0,0,0,0,0,0,0,0,0,0,0,0,0,0,0,0,0,,,,,,,,,,,,,,,0,1,0,0,0,0,0,0,0,6,6,1.5,,,,,,0,0,0,0,.0,,,,,,,,,,,,,,,,,,,,,,,,,,,,,,,,,,,,,,,,,,,,,,,,,,,,,,,,
2026-27,football,Ohio Athletic Conference (OAC),oac,Heidelberg,"McDonald,Tommie",Tommie,McDonald,,278,"McDonald,Tommie","MCDONALD,TOMMIE",Heidelberg,HEI,1276-3571,4,4,1,1M,0,0,DB,0,,,,,,,,,,,,34,10,5,15,15,2.0,.0,.0,1,2,7,0,0,0,0,0,0,0,0,0,0,0,1,1,,,,,,,,,,,,,,,0,1,0,0,0,0,0,0,0,6,6,1.5,,,,,,1,34,1,34,34.0,,,,,,,,,,,,,,,,,,,,,,,,,,,,,,,,,,,,,,,,,,,,,,,,,,,,,,,,
2026-27,football,Ohio Athletic Conference (OAC),oac,Heidelberg,"Caldwell,Kareem",Kareem,Caldwell,,278,"Caldwell,Kareem","CALDWELL,KAREEM",Heidelberg,HEI,1276-3122,4,4,2,2,0,0,DB,0,,,,,,,,,,,,0,7,6,13,13,.5,.0,.0,0,1,1,0,0,0,0,2,0,0,0,0,0,0,0,2,,,,,,,,,,,,,,,,,,,,,,,,,,,,,,,,,,,,,,,,,,,,,,,,,,,,,,,,,,,,,,,,,,,,,,,,,,,,,,,,,,,,,,,,,,,,
2026-27,football,Ohio Athletic Conference (OAC),oac,Heidelberg,"Mossbarger,Mason",Mason,Mossbarger,,278,"Mossbarger,Mason","MOSSBARGER,MASON",Heidelberg,HEI,1276-2826,4,0,3,3,0,WR,0,0,,,1,24,1,24,24.0,,,,,0,0,0,0,0,.0,.0,.0,0,0,0,0,0,0,0,0,0,0,0,0,0,0,0,0,,,,,,,,,,,,,,,0,1,0,0,0,0,0,0,0,6,6,1.5,,,,,,,,,,,,,,,,,,,,,,,,,,,,,,,,,,,,,,,,,,,,,,,,,,,,,,,,,,,,,,,,,,
2026-27,football,Ohio Athletic Conference (OAC),oac,Heidelberg,"Bailey,Jordan",Jordan,Bailey,,278,"Bailey,Jordan","BAILEY,JORDAN",Heidelberg,HEI,1276-3531,3,0,3,3B,0,0,DB,0,,,,,,,,,,,,0,1,1,2,2,.0,.0,.0,0,0,0,0,0,0,0,0,0,0,0,0,0,0,0,0,,,,,,,,,,,,,,,,,,,,,,,,,,,,,,,,,,,,,,,,,,,,,,,,,,,,,,,,,,,,,,,,,,,,,,,,,,,,,,,,,,,,,,,,,,,,
2026-27,football,Ohio Athletic Conference (OAC),oac,Heidelberg,"Zacharko,Thomas",Thomas,Zacharko,,278,"Zacharko,Thomas","ZACHARKO,THOMAS",Heidelberg,HEI,1276-2857,2,0,4,0,0,0,DB,0,,,,,,,,,,,,0,5,3,8,8,2.5,.0,.0,2,1,17,1.5,1,1,15,0,1,0,0,0,0,0,0,0,,,,,,,,,,,,,,,,,,,,,,,,,,,,,,,,,,,,,,,,,,,,,,,,,,,,,,,,,,,,,,,,,,,,,,,,,,,,,,,,,,,,,,,,,,,,
2026-27,football,Ohio Athletic Conference (OAC),oac,Heidelberg,"Reiter,Justin",Justin,Reiter,,278,"Reiter,Justin","REITER,JUSTIN",Heidelberg,HEI,1276-3583,4,4,5,5,0,TE,0,0,,,1,24,0,24,24.0,,,,,0,1,0,1,1,.0,.0,.0,0,0,0,0,0,0,0,0,0,0,0,0,0,0,0,0,,,,,,,,,,,,,,,,,,,,,,,,,,,,,,,,,,,,,,,,,,,,,,,,,,,,,,,,,,,,,,,,,,,,,,,,,,,,,,,,,,,,,,,,,,,,
2026-27,football,Ohio Athletic Conference (OAC),oac,Heidelberg,"Clerveau,Tyreese",Tyreese,Clerveau,,278,"Clerveau,Tyreese","CLERVEAU,TYREESE",Heidelberg,HEI,1276-2787,4,0,6,6,0,WR,0,0,,,7,178,2,62,25.4,,,,,0,0,0,0,0,.0,.0,.0,0,0,0,0,0,0,0,0,0,0,0,0,0,0,0,0,5,129,0,40,25.8,,,,,,,,,,0,2,0,0,0,0,0,0,0,12,12,3,,,,,,,,,,,,,,,,,,,,,,,,,,,,,,,,,,,,,,,,,,,,,,,,,,,,,,,,,,,,,,,,,,
2026-27,football,Ohio Athletic Conference (OAC),oac,Heidelberg,"Krupp,Fulton",Fulton,Krupp,,278,"Krupp,Fulton","KRUPP,FULTON",Heidelberg,HEI,1276-3849,4,0,6,6K,0,0,0,0,,,,,,,,,,,,0,0,0,0,0,.0,.0,.0,0,0,0,0,0,0,0,0,0,0,0,0,0,0,0,0,,,,,,,,,,,,,,,3,0,0,0,0,0,0,0,0,3,3,0.75,,,,,,,,,,,,,,,,,,,,,,,,,,,,,,,,32,1995,1,10,62.3,0,1,0,0,.0,3,3,0,0,0,0,0,0,0,0,0,0,,,,,,,,,,,,,
2026-27,football,Ohio Athletic Conference (OAC),oac,Heidelberg,"Martin,Leo",Leo,Martin,,278,"Martin,Leo","MARTIN,LEO",Heidelberg,HEI,1276-3570,4,4,7,7,0,WR,0,0,,,6,41,1,15,6.8,,,,,0,0,0,0,0,.0,.0,.0,0,0,0,0,0,0,0,0,0,0,0,0,0,0,0,0,,,,,,7,53,0,17,7.6,,,1,0,0,1,0,0,0,0,0,0,0,6,6,1.5,,,,,,,,,,,,,,,,,,,,,,,,,,,,,,,,,,,,,,,,,,,,,,,,,,,,,,,,,,,,,,,,,,
2026-27,football,Ohio Athletic Conference (OAC),oac,Heidelberg,"Arledge,Alex",Alex,Arledge,,278,"Arledge,Alex","ARLEDGE,ALEX",Heidelberg,HEI,1276-3121,2,2,8,8,0,QB,0,0,,,,,,,,,,,,0,0,0,0,0,.0,.0,.0,0,0,0,0,0,0,0,0,0,0,0,0,0,0,0,0,,,,,,,,,,,,,1,0,0,1,0,0,0,0,0,0,0,6,6,3,,,,,,,,,,,,7,-25,5,30,1,3,-3.6,-12.5,30,4,86,3,418,1,47,27,149.0,8.89,15.48,209.0,,,,,,,,,,,,,,,,,,,,,,,,,,,,,,,,,,,
2026-27,football,Ohio Athletic Conference (OAC),oac,Heidelberg,"Peterson,Tai",Tai,Peterson,,278,"Peterson,Tai","PETERSON,TAI",Heidelberg,HEI,1276-2830,4,4,8,8P,0,0,DB,0,,,,,,,,,,,,0,6,7,13,13,1.0,.0,.0,1,0,2,0,0,0,0,1,0,0,0,0,0,0,0,1,,,,,,,,,,,,,,,,,,,,,,,,,,,,,,,,,,,,,,,,,,,,,,,,,,,,,,,,,,,,,,,,,,,,,,,,,,,,,,,,,,,,,,,,,,,,
2026-27,football,Ohio Athletic Conference (OAC),oac,Heidelberg,"Miller,Drew",Drew,Miller,,278,"Miller,Drew","MILLER,DREW",Heidelberg,HEI,1276-2822,4,4,9,9,0,RB,0,0,,,5,26,0,10,5.2,,,,,0,0,0,0,0,.0,.0,.0,0,0,0,0,0,0,0,0,0,0,0,0,0,0,0,0,,,,,,,,,,,,,,,0,4,0,0,0,0,0,0,0,24,24,6,,,,,,,,,,,,80,424,437,13,4,44,5.3,106.0,,,,,,,,,,,,,,,,,,,,,,,,,,,,,,,,,,,,,,,,,,,,,,,
2026-27,football,Ohio Athletic Conference (OAC),oac,Heidelberg,"Roy,Oliver",Oliver,Roy,,278,"Roy,Oliver","ROY,OLIVER",Heidelberg,HEI,1276-3585,4,0,9,9R,0,0,DB,0,,,,,,,,,,,,0,0,2,2,2,.0,.0,.0,0,0,0,0,0,0,0,0,0,0,0,0,0,0,0,0,,,,,,,,,,,,,,,,,,,,,,,,,,,,,,,,,,,,,,,,,,,,,,,,,,,,,,,,,,,,,,,,,,,,,,,,,,,,,,,,,,,,,,,,,,,,
2026-27,football,Ohio Athletic Conference (OAC),oac,Heidelberg,"Finn,Nick",Nick,Finn,,278,"Finn,Nick","FINN,NICK",Heidelberg,HEI,1276-3209,4,4,10,10,0,0,LB,0,,,,,,,,,,,,0,8,12,20,20,5.5,.0,.0,4,3,23,2.5,2,1,15,0,0,0,0,0,1,0,1,1,,,,,,,,,,,,,0,0,,,,,,,,,,,,,,,,,,1,0,0,0,.0,,,,,,,,,,,,,,,,,,,,,,,,,,,,,,,,,,,,,,,,,,,,,,,,,,,,,,,,
2026-27,football,Ohio Athletic Conference (OAC),oac,Heidelberg,"West,Dane",Dane,West,,278,"West,Dane","WEST,DANE",Heidelberg,HEI,1276-3248,2,0,11,11,0,0,DB,0,,,,,,,,,,,,0,1,1,2,2,.0,.0,.0,0,0,0,0,0,0,0,0,0,0,0,0,0,0,0,0,,,,,,,,,,,,,,,,,,,,,,,,,,,,,,,,,,,,,,,,,,,,,,,,,,,,,,,,,,,,,,,,,,,,,,,,,,,,,,,,,,,,,,,,,,,,
2026-27,football,Ohio Athletic Conference (OAC),oac,Heidelberg,"Niederkohr,Austin",Austin,Niederkohr,,278,"Niederkohr,Austin","NIEDERKOHR,AUSTIN",Heidelberg,HEI,1276-3228,4,0,12,12,0,0,DB,0,,,,,,,,,,,,0,9,3,12,12,1.5,.0,.0,1,1,4,0,0,0,0,2,0,0,0,1,1,4,0,2,,,,,,,,,,,,,0,0,,,,,,,,,,,,,,,,,,,,,,,,,,,,,,,,,,,,,,,,,,,,,,,,,,,,,,,,,,,,,,,,,,,,,,,,,,,1,4,0,4
2026-27,football,Ohio Athletic Conference (OAC),oac,Heidelberg,"Jackson,Tyler",Tyler,Jackson,,278,"Jackson,Tyler","JACKSON,TYLER",Heidelberg,HEI,1276-2805,4,3,13,13,0,0,DL,0,,,,,,,,,,,,0,6,8,14,14,1.5,.0,.0,1,1,4,0.5,0,1,3,0,0,1,0,0,0,0,0,0,,,,,,,,,,,,,,,,,,,,,,,,,,,,,,,,,,,,,,,,,,,,,,,,,,,,,,,,,,,,,,,,,,,,,,,,,,,,,,,,,,,,,,,,,,,,
2026-27,football,Ohio Athletic Conference (OAC),oac,Heidelberg,"Flicker,Mason",Mason,Flicker,,278,"Flicker,Mason","FLICKER,MASON",Heidelberg,HEI,1276-3544,4,1,13,1F,0,WR,0,0,,,4,94,0,35,23.5,,,,,,,,,,,,,,,,,,,,,,,,,,,,,,,,,,,,,,,,,,,,,,,,,,,,,,,,,,,,,,,,,,,,,,,,,,,,,,,,,,,,,,,,,,,,,,,,,,,,,,,,,,,,,,,,,,,,,,,,
2026-27,football,Ohio Athletic Conference (OAC),oac,Heidelberg,"Reams,Jalani",Jalani,Reams,,278,"Reams,Jalani","REAMS,JALANI",Heidelberg,HEI,1276-3582,4,0,14,14,0,0,LB,0,,,,,,,,,,,,0,9,8,17,17,4.5,.0,.0,4,1,20,3,3,0,12,0,1,0,0,0,0,0,0,0,,,,,,,,,,,,,,,,,,,,,,,,,,,,,,,,,,,,,,,,,,,,,,,,,,,,,,,,,,,,,,,,,,,,,,,,,,,,,,,,,,,,,,,,,,,,
2026-27,football,Ohio Athletic Conference (OAC),oac,Heidelberg,"Betancourt,Williams",Williams,Betancourt,,278,"Betancourt,Williams","BETANCOURT,WILLIAMS",Heidelberg,HEI,1276-3191,4,3,15,15,0,0,LB,0,,,,,,,,,,,,0,11,3,14,14,3.5,.0,.0,3,1,18,3,3,0,17,0,0,0,0,0,0,0,0,0,,,,,,,,,,,,,,,,,,,,,,,,,,,,,,,,,,,,,,,,,,,,,,,,,,,,,,,,,,,,,,,,,,,,,,,,,,,,,,,,,,,,,,,,,,,,
2026-27,football,Ohio Athletic Conference (OAC),oac,Heidelberg,"Trainer,Carson",Carson,Trainer,,278,"Trainer,Carson","TRAINER,CARSON",Heidelberg,HEI,1276-3598,3,0,16,16,0,0,DB,0,,,,,,,,,,,,,,,,,,,,,,,,,,,,,,,,,,,,,,,,,,,,,,,,,,,,,,,,,,,,,,,,,,,,,,,,,,,,,,,,,,,,,,,,,,,,,,,,,,,,,,,,,,,,,,,,,,,,,,,,,,,,,,,
2026-27,football,Ohio Athletic Conference (OAC),oac,Heidelberg,"Finnen,Cyrus",Cyrus,Finnen,,278,"Finnen,Cyrus","FINNEN,CYRUS",Heidelberg,HEI,1276-3887,4,0,17,17,0,0,LB,0,,,,,,,,,,,,0,5,1,6,6,.0,.0,.0,0,0,0,0,0,0,0,0,0,0,0,0,0,0,0,0,,,,,,,,,,,,,,,,,,,,,,,,,,,,,,,,,,,,,,,,,,,,,,,,,,,,,,,,,,,,,,,,,,,,,,,,,,,,,,,,,,,,,,,,,,,,
2026-27,football,Ohio Athletic Conference (OAC),oac,Heidelberg,"Rickle,Lance",Lance,Rickle,,278,"Rickle,Lance","RICKLE,LANCE",Heidelberg,HEI,1276-2835,4,2,18,18,0,QB,0,0,,,,,,,,,,,,0,0,0,0,0,.0,.0,.0,0,0,0,0,0,0,0,0,0,0,0,0,0,0,0,0,,,,,,,,,,,,,,,0,4,0,0,0,0,0,0,0,24,24,6,,,,,,,,,,,,26,108,120,12,4,21,4.2,27.0,10,3,86,4,674,5,60,34,156.4,11.23,19.82,168.5,,,,,,,,,,,,,,,,,,,,,,,,,,,,,,,,,,,
2026-27,football,Ohio Athletic Conference (OAC),oac,Heidelberg,"Higgins,Jayden",Jayden,Higgins,,278,"Higgins,Jayden","HIGGINS,JAYDEN",Heidelberg,HEI,1276-3841,2,0,18,1H,0,0,DB,0,,,,,,,,,,,,0,4,2,6,6,.0,.0,.0,0,0,0,0,0,0,0,0,0,0,0,0,0,0,0,0,,,,,,,,,,,,,,,,,,,,,,,,,,,,,,,,,,,,,,,,,,,,,,,,,,,,,,,,,,,,,,,,,,,,,,,,,,,,,,,,,,,,,,,,,,,,
2026-27,football,Ohio Athletic Conference (OAC),oac,Heidelberg,"Kerr,Liam",Liam,Kerr,,278,"Kerr,Liam","KERR,LIAM",Heidelberg,HEI,1276-3562,4,0,19,19,0,0,0,0,,,,,,,,,,,,,,,,,,,,,,,,,,,,,,,,,,,,,,,,,,,,,,,,,,,,,,,,,,,,,,,,,,,,,,,,,,,,,,,,,,,,,,,,,,,,,,,,,,,,,,,,,,,,,,,,,,,8,338,50,0,0,3,1,2,42.3,,,,
2026-27,football,Ohio Athletic Conference (OAC),oac,Heidelberg,"Grant,Kevion",Kevion,Grant,,278,"Grant,Kevion","GRANT,KEVION",Heidelberg,HEI,1276-3552,4,4,20,20,0,0,DB,0,,,,,,,,,,,,0,4,1,5,5,.0,.0,.0,0,0,0,0,0,0,0,3,0,0,0,0,0,0,0,3,,,,,,,,,,,,,,,,,,,,,,,,,,,,,,,,,,,,,,,,,,,,,,,,,,,,,,,,,,,,,,,,,,,,,,,,,,,,,,,,,,,,,,,,,,,,
2026-27,football,Ohio Athletic Conference (OAC),oac,Heidelberg,"Bradshaw,Aiden",Aiden,Bradshaw,,278,"Bradshaw,Aiden","BRADSHAW,AIDEN",Heidelberg,HEI,1276-3194,4,4,21,21,0,WR,0,0,,,18,424,3,86,23.6,,,,,0,0,0,0,0,.0,.0,.0,0,0,0,0,0,0,0,0,0,0,0,0,0,0,0,0,,,,,,,,,,,,,,,0,3,0,0,0,0,0,0,0,18,18,4.5,,,,,,,,,,,,,,,,,,,,,,,,,,,,,,,,,,,,,,,,,,,,,,,,,,,,,,,,,,,,,,,,,,
2026-27,football,Ohio Athletic Conference (OAC),oac,Heidelberg,"West,Cameron",Cameron,West,,278,"West,Cameron","WEST,CAMERON",Heidelberg,HEI,1276-3603,4,0,22,22,0,RB,0,0,,,,,,,,,,,,0,2,3,5,5,.0,.0,.0,0,0,0,0,0,0,0,0,0,0,0,0,0,0,0,0,,,,,,,,,,,,,,,,,,,,,,,,,,,,,,,,,,,,,,6,15,17,2,0,6,2.5,3.8,,,,,,,,,,,,,,,,,,,,,,,,,,,,,,,,,,,,,,,,,,,,,,,
2026-27,football,Ohio Athletic Conference (OAC),oac,Heidelberg,"Manley,Aaryion",Aaryion,Manley,,278,"Manley,Aaryion","MANLEY,AARYION",Heidelberg,HEI,1276-2815,4,0,23,23,0,0,DB,0,,,,,,,,,,,,10,4,2,6,6,.0,.0,.0,0,0,0,0,0,0,0,1,0,0,0,0,0,0,1,2,,,,,,,,,,,,,,,,,,,,,,,,,,,,,,,,1,10,0,10,10.0,,,,,,,,,,,,,,,,,,,,,,,,,,,,,,,,,,,,,,,,,,,,,,,,,,,,,,,,
2026-27,football,Ohio Athletic Conference (OAC),oac,Heidelberg,"Parker,Brylen",Brylen,Parker,,278,"Parker,Brylen","PARKER,BRYLEN",Heidelberg,HEI,1276-3579,4,0,23,2P,0,RB,0,0,,,,,,,,,,,,0,1,2,3,3,.0,.0,.0,0,0,0,0,0,0,0,0,0,0,0,0,0,0,0,0,,,,,,,,,,,,,,,0,1,0,0,0,0,0,0,0,6,6,1.5,,,,,,,,,,,,21,159,167,8,1,69,7.6,39.8,,,,,,,,,,,,,,,,,,,,,,,,,,,,,,,,,,,,,,,,,,,,,,,
2026-27,football,Ohio Athletic Conference (OAC),oac,Heidelberg,"Blatnik,Luke",Luke,Blatnik,,278,"Blatnik,Luke","BLATNIK,LUKE",Heidelberg,HEI,1276-3535,4,0,24,24,0,RB,0,0,,,,,,,,,,,,0,2,0,2,2,.0,.0,.0,0,0,0,0,0,0,0,0,0,0,0,0,0,0,0,0,,,,,,,,,,,,,,,0,2,0,0,0,0,0,0,0,12,12,3,,,,,,,,,,,,8,7,15,8,2,5,.9,1.8,,,,,,,,,,,,,,,,,,,,,,,,,,,,,,,,,,,,,,,,,,,,,,,
2026-27,football,Ohio Athletic Conference (OAC),oac,Heidelberg,"Sparks,Shae",Shae,Sparks,,278,"Sparks,Shae","SPARKS,SHAE",Heidelberg,HEI,1276-2840,4,0,25,25,0,RB,0,0,,,4,34,0,15,8.5,,,,,0,0,0,0,0,.0,.0,.0,0,0,0,0,0,0,0,0,0,0,0,0,0,0,0,0,,,,,,,,,,,,,,,0,1,0,0,0,0,0,0,0,6,6,1.5,,,,,,,,,,,,9,67,67,0,1,35,7.4,16.8,,,,,,,,,,,,,,,,,,,,,,,,,,,,,,,,,,,,,,,,,,,,,,,
2026-27,football,Ohio Athletic Conference (OAC),oac,Heidelberg,"Stemen,Gage",Gage,Stemen,,278,"Stemen,Gage","STEMEN,GAGE",Heidelberg,HEI,1276-3888,3,0,26,26,0,0,LB,0,,,,,,,,,,,,0,2,1,3,3,.0,.0,.0,0,0,0,0,0,0,0,0,1,1,0,0,0,0,0,0,,,,,,,,,,,,,,,,,,,,,,,,,,,,,,,,,,,,,,,,,,,,,,,,,,,,,,,,,,,,,,,,,,,,,,,,,,,,,,,,,,,,,,,,,,,,
2026-27,football,Ohio Athletic Conference (OAC),oac,Heidelberg,"Bolden,Travis",Travis,Bolden,,278,"Bolden,Travis","BOLDEN,TRAVIS",Heidelberg,HEI,1276-3527,-3,0,27,27,0,0,DB,0,,,,,,,,,,,,,,,,,,,,,,,,,,,,,,,,,,,,,,,,,,,,,,,,,,,,,,,,,,,,,,,,,,,,,,,,,,,,,,,,,,,,,,,,,,,,,,,,,,,,,,,,,,,,,,,,,,,,,,,,,,,,,,,
2026-27,football,Ohio Athletic Conference (OAC),oac,Heidelberg,"Albert,Knolan",Knolan,Albert,,278,"Albert,Knolan","ALBERT,KNOLAN",Heidelberg,HEI,1276-3527,4,0,27,2A,0,WR,0,0,,,1,9,0,9,9.0,,,,,,,,,,,,,,,,,,,,,,,,,,,,,,,,,,,,,,,,,,,,,,,,,,,,,,,,,,,,,,,,,,,,,,,,,,,,,,,,,,,,,,,,,,,,,,,,,,,,,,,,,,,,,,,,,,,,,,,,
2026-27,football,Ohio Athletic Conference (OAC),oac,Heidelberg,"Weaver,Xavier",Xavier,Weaver,,278,"Weaver,Xavier","WEAVER,XAVIER",Heidelberg,HEI,1276-2852,4,0,29,29,0,0,DB,0,,,,,,,,,,,,0,3,1,4,4,.0,.0,.0,0,0,0,0,0,0,0,0,0,0,0,0,0,0,0,0,,,,,,,,,,,,,,,,,,,,,,,,,,,,,,,,,,,,,,,,,,,,,,,,,,,,,,,,,,,,,,,,,,,,,,,,,,,,,,,,,,,,,,,,,,,,
2026-27,football,Ohio Athletic Conference (OAC),oac,Heidelberg,"LeMaster,Caylan",Caylan,LeMaster,,278,"LeMaster,Caylan","LEMASTER,CAYLAN",Heidelberg,HEI,1276-3223,3,0,30,30,0,RB,0,0,,,,,,,,,,,,0,1,1,2,2,.0,.0,.0,0,0,0,0,0,0,0,0,0,0,0,0,0,0,0,0,,,,,,,,,,,,,,,,,,,,,,,,,,,,,,,,,,,,,,,,,,,,,,,,,,,,,,,,,,,,,,,,,,,,,,,,,,,,,,,,,,,,,,,,,,,,
2026-27,football,Ohio Athletic Conference (OAC),oac,Heidelberg,"Jacoby,Nick",Nick,Jacoby,,278,"Jacoby,Nick","JACOBY,NICK",Heidelberg,HEI,1276-2806,4,4,31,31,0,0,LB,0,,,,,,,,,,,,0,8,3,11,11,2.0,.0,.0,2,0,8,0,0,0,0,1,0,0,0,0,0,0,0,1,,,,,,,,,,,,,,,,,,,,,,,,,,,,,,,,,,,,,,,,,,,,,,,,,,,,,,,,,,,,,,,,,,,,,,,,,,,,,,,,,,,,,,,,,,,,
2026-27,football,Ohio Athletic Conference (OAC),oac,Heidelberg,"Villarreal,Mason",Mason,Villarreal,,278,"Villarreal,Mason","VILLARREAL,MASON",Heidelberg,HEI,1276-2850,4,4,36,36,0,0,LB,0,,,,,,,,,,,,6,12,12,24,24,3.5,.0,.0,2,3,13,1.5,1,1,7,0,0,0,0,0,0,0,1,1,,,,,,,,,,,,,,,,,,,,,,,,,,,,,,,,1,6,0,6,6.0,,,,,,,,,,,,,,,,,,,,,,,,,,,,,,,,,,,,,,,,,,,,,,,,,,,,,,,,
2026-27,football,Ohio Athletic Conference (OAC),oac,Heidelberg,"Jones,Jeremie",Jeremie,Jones,,278,"Jones,Jeremie","JONES,JEREMIE",Heidelberg,HEI,1276-3560,4,0,38,38,0,0,DB,0,,,,,,,,,,,,0,3,0,3,3,1.0,.0,.0,1,0,2,0,0,0,0,1,0,0,0,0,0,0,0,1,,,,,,,,,,,,,,,,,,,,,,,,,,,,,,,,,,,,,,,,,,,,,,,,,,,,,,,,,,,,,,,,,,,,,,,,,,,,,,,,,,,,,,,,,,,,
2026-27,football,Ohio Athletic Conference (OAC),oac,Heidelberg,"Tate,Eddie",Eddie,Tate,,278,"Tate,Eddie","TATE,EDDIE",Heidelberg,HEI,1276-3594,3,0,42,42,0,0,LB,0,,,,,,,,,,,,,,,,,,,,,,,,,,,,,,,,,,,,,,,,,,,,,,,,,,,,,,,,,,,,,,,,,,,,,,,,,,,,,,,,,,,,,,,,,,,,,,,,,,,,,,,,,,,,,,,,,,,,,,,,,,,,,,,
2026-27,football,Ohio Athletic Conference (OAC),oac,Heidelberg,"Glenny,Hunter",Hunter,Glenny,,278,"Glenny,Hunter","GLENNY,HUNTER",Heidelberg,HEI,1276-3214,1,0,43,43,0,0,DL,0,,,,,,,,,,,,,,,,,,,,,,,,,,,,,,,,,,,,,,,,,,,,,,,,,,,,,,,,,,,,,,,,,,,,,,,,,,,,,,,,,,,,,,,,,,,,,,,,,,,,,,,,,,,,,,,,,,,,,,,,,,,,,,,
2026-27,football,Ohio Athletic Conference (OAC),oac,Heidelberg,"Abramowicz,Nash",Nash,Abramowicz,,278,"Abramowicz,Nash","ABRAMOWICZ,NASH",Heidelberg,HEI,1276-3525,4,0,44,44,0,0,DL,0,,,,,,,,,,,,0,0,1,1,1,.0,.0,.0,0,0,0,0,0,0,0,0,0,0,0,0,0,0,0,0,,,,,,,,,,,,,,,,,,,,,,,,,,,,,,,,,,,,,,,,,,,,,,,,,,,,,,,,,,,,,,,,,,,,,,,,,,,,,,,,,,,,,,,,,,,,
2026-27,football,Ohio Athletic Conference (OAC),oac,Heidelberg,"Bradley,Gryffin",Gryffin,Bradley,,278,"Bradley,Gryffin","BRADLEY,GRYFFIN",Heidelberg,HEI,1276-3824,4,0,46,46,0,0,0,0,,,,,,,,,,,,0,0,0,0,0,.0,.0,.0,0,0,0,0,0,0,0,0,0,0,0,0,0,0,0,0,,,,,,,,,,,,,,,18,0,6,0,0,0,0,0,0,36,36,9,,,,,,,,,,,,,,,,,,,,,,,,,,,,,,,,,,,,,6,6,37,0,100.0,19,18,0,0,0,0,0,0,0,0,0,0,,,,,,,,,,,,,
2026-27,football,Ohio Athletic Conference (OAC),oac,Heidelberg,"Robinson,Trevor",Trevor,Robinson,,278,"Robinson,Trevor","ROBINSON,TREVOR",Heidelberg,HEI,1276-2836,4,3,48,48,0,0,DL,0,,,,,,,,,,,,0,2,3,5,5,1.0,.0,.0,1,0,1,0,0,0,0,1,0,1,0,0,0,0,0,1,,,,,,,,,,,,,,,,,,,,,,,,,,,,,,,,,,,,,,,,,,,,,,,,,,,,,,,,,,,,,,,,,,,,,,,,,,,,,,,,,,,,,,,,,,,,
2026-27,football,Ohio Athletic Conference (OAC),oac,Heidelberg,"May,Zach",Zach,May,,278,"May,Zach","MAY,ZACH",Heidelberg,HEI,1276-2818,4,4,57,57,0,OL,0,0,,,,,,,,,,,,,,,,,,,,,,,,,,,,,,,,,,,,,,,,,,,,,,,,,,,,,,,,,,,,,,,,,,,,,,,,,,,,,,,,,,,,,,,,,,,,,,,,,,,,,,,,,,,,,,,,,,,,,,,,,,,,,,,
2026-27,football,Ohio Athletic Conference (OAC),oac,Heidelberg,"Theodoropoulos,Tony",Tony,Theodoropoulos,,278,"Theodoropoulos,Tony","THEODOROPOULOS,TONY",Heidelberg,HEI,1276-3595,3,0,59,59,0,0,DL,0,,,,,,,,,,,,,,,,,,,,,,,,,,,,,,,,,,,,,,,,,,,,,,,,,,,,,,,,,,,,,,,,,,,,,,,,,,,,,,,,,,,,,,,,,,,,,,,,,,,,,,,,,,,,,,,,,,,,,,,,,,,,,,,
2026-27,football,Ohio Athletic Conference (OAC),oac,Heidelberg,"Davies,RJ",RJ,Davies,,278,"Davies,RJ","DAVIES,RJ",Heidelberg,HEI,1276-3542,2,1,66,66,0,OL,0,0,,,,,,,,,,,,,,,,,,,,,,,,,,,,,,,,,,,,,,,,,,,,,,,,,,,,,,,,,,,,,,,,,,,,,,,,,,,,,,,,,,,,,,,,,,,,,,,,,,,,,,,,,,,,,,,,,,,,,,,,,,,,,,,
2026-27,football,Ohio Athletic Conference (OAC),oac,Heidelberg,"Fortney,Maximus",Maximus,Fortney,,278,"Fortney,Maximus","FORTNEY,MAXIMUS",Heidelberg,HEI,1276-3210,4,4,69,69,0,OL,0,0,,,,,,,,,,,,,,,,,,,,,,,,,,,,,,,,,,,,,,,,,,,,,,,,,,,,,,,,,,,,,,,,,,,,,,,,,,,,,,,,,,,,,,,,,,,,,,,,,,,,,,,,,,,,,,,,,,,,,,,,,,,,,,,
2026-27,football,Ohio Athletic Conference (OAC),oac,Heidelberg,"Soto,Matthew",Matthew,Soto,,278,"Soto,Matthew","SOTO,MATTHEW",Heidelberg,HEI,1276-3592,1,0,70,70,0,OL,0,0,,,,,,,,,,,,,,,,,,,,,,,,,,,,,,,,,,,,,,,,,,,,,,,,,,,,,,,,,,,,,,,,,,,,,,,,,,,,,,,,,,,,,,,,,,,,,,,,,,,,,,,,,,,,,,,,,,,,,,,,,,,,,,,
2026-27,football,Ohio Athletic Conference (OAC),oac,Heidelberg,"Allen,Cameron",Cameron,Allen,,278,"Allen,Cameron","ALLEN,CAMERON",Heidelberg,HEI,1276-4095,4,3,71,71,0,OL,0,0,,,,,,,,,,,,,,,,,,,,,,,,,,,,,,,,,,,,,,,,,,,,,,,,,,,,,,,,,,,,,,,,,,,,,,,,,,,,,,,,,,,,,,,,,,,,,,,,,,,,,,,,,,,,,,,,,,,,,,,,,,,,,,,
2026-27,football,Ohio Athletic Conference (OAC),oac,Heidelberg,"Story,Devon",Devon,Story,,278,"Story,Devon","STORY,DEVON",Heidelberg,HEI,1276-3479,4,4,73,73,0,OL,0,0,,,,,,,,,,,,,,,,,,,,,,,,,,,,,,,,,,,,,,,,,,,,,,,,,,,,,,,,,,,,,,,,,,,,,,,,,,,,,,,,,,,,,,,,,,,,,,,,,,,,,,,,,,,,,,,,,,,,,,,,,,,,,,,
2026-27,football,Ohio Athletic Conference (OAC),oac,Heidelberg,"Welch,Julian",Julian,Welch,,278,"Welch,Julian","WELCH,JULIAN",Heidelberg,HEI,1276-3602,4,4,77,77,0,OL,0,0,,,,,,,,,,,,,,,,,,,,,,,,,,,,,,,,,,,,,,,,,,,,,,,,,,,,,,,,,,,,,,,,,,,,,,,,,,,,,,,,,,,,,,,,,,,,,,,,,,,,,,,,,,,,,,,,,,,,,,,,,,,,,,,
2026-27,football,Ohio Athletic Conference (OAC),oac,Heidelberg,"Chambers,Luke",Luke,Chambers,,278,"Chambers,Luke","CHAMBERS,LUKE",Heidelberg,HEI,1276-3199,3,0,79,79,0,0,DL,0,,,,,,,,,,,,0,1,1,2,2,.0,.0,.0,0,0,0,0,0,0,0,0,0,0,0,0,0,0,0,0,,,,,,,,,,,,,,,,,,,,,,,,,,,,,,,,,,,,,,,,,,,,,,,,,,,,,,,,,,,,,,,,,,,,,,,,,,,,,,,,,,,,,,,,,,,,
2026-27,football,Ohio Athletic Conference (OAC),oac,Heidelberg,"Schneider,Jordan",Jordan,Schneider,,278,"Schneider,Jordan","SCHNEIDER,JORDAN",Heidelberg,HEI,1276-2838,2,0,80,80,0,WR,0,0,,,1,6,0,6,6.0,,,,,,,,,,,,,,,,,,,,,,,,,,,,,,,,,,,,,,,,,,,,,,,,,,,,,,,,,,,,,,,,,,,,,,,,,,,,,,,,,,,,,,,,,,,,,,,,,,,,,,,,,,,,,,,,,,,,,,,,
2026-27,football,Ohio Athletic Conference (OAC),oac,Heidelberg,"Goodson,Daniel",Daniel,Goodson,,278,"Goodson,Daniel","GOODSON,DANIEL",Heidelberg,HEI,1276-3550,4,1,81,81,0,0,LB,0,,,,,,,,,,,,0,3,5,8,8,.0,.0,.0,0,0,0,0,0,0,0,0,0,1,0,0,0,0,0,0,,,,,,,,,,,,,,,,,,,,,,,,,,,,,,,,,,,,,,,,,,,,,,,,,,,,,,,,,,,,,,,,,,,,,,,,,,,,,,,,,,,,,,,,,,,,
2026-27,football,Ohio Athletic Conference (OAC),oac,Heidelberg,"Munoz,Brandon",Brandon,Munoz,,278,"Munoz,Brandon","MUNOZ,BRANDON",Heidelberg,HEI,1276-3575,4,4,90,90,0,0,DL,0,,,,,,,,,,,,0,2,4,6,6,.0,.0,.0,0,0,0,0,0,0,0,0,0,1,0,0,0,0,0,0,,,,,,,,,,,,,,,,,,,,,,,,,,,,,,,,,,,,,,,,,,,,,,,,,,,,,,,,,,,,,,,,,,,,,,,,,,,,,,,,,,,,,,,,,,,,
2026-27,football,Ohio Athletic Conference (OAC),oac,Heidelberg,"Britt,Ahmir",Ahmir,Britt,,278,"Britt,Ahmir","BRITT,AHMIR",Heidelberg,HEI,1276-3470,3,1,94,94,0,0,DL,0,,,,,,,,,,,,0,1,4,5,5,1.0,.0,.0,1,0,4,0,0,0,0,0,0,0,0,0,0,0,0,0,,,,,,,,,,,,,,,,,,,,,,,,,,,,,,,,,,,,,,,,,,,,,,,,,,,,,,,,,,,,,,,,,,,,,,,,,,,,,,,,,,,,,,,,,,,,
2026-27,football,Ohio Athletic Conference (OAC),oac,Heidelberg,"Szepiela,Andrew",Andrew,Szepiela,,278,"Szepiela,Andrew","SZEPIELA,ANDREW",Heidelberg,HEI,1276-2841,3,0,98,98,0,0,DL,0,,,,,,,,,,,,0,0,4,4,4,.0,.0,.0,0,0,0,0,0,0,0,0,0,0,0,0,0,0,0,0,,,,,,,,,,,,,,,,,,,,,,,,,,,,,,,,,,,,,,,,,,,,,,,,,,,,,,,,,,,,,,,,,,,,,,,,,,,,,,,,,,,,,,,,,,,,
2026-27,football,Ohio Athletic Conference (OAC),oac,Heidelberg,"Samuels,Jaiden",Jaiden,Samuels,,278,"Samuels,Jaiden","SAMUELS,JAIDEN",Heidelberg,HEI,1276-3236,4,0,99,99,0,0,DL,0,,,,,,,,,,,,0,1,2,3,3,.0,.0,.0,0,0,0,0,0,0,0,0,0,1,0,0,0,0,0,0,,,,,,,,,,,,,,,,,,,,,,,,,,,,,,,,,,,,,,,,,,,,,,,,,,,,,,,,,,,,,,,,,,,,,,,,,,,,,,,,,,,,,,,,,,,,
2026-27,football,Ohio Athletic Conference (OAC),oac,Heidelberg,"Al-Zakwani,Taleb",Taleb,Al-Zakwani,,278,"Al-Zakwani,Taleb","AL-ZAKWANI,TALEB",Heidelberg,HEI,0,1,0,4,2Z,0,0,LB,0,,,,,,,,,,,,0,0,1,1,1,.0,.0,.0,0,0,0,0,0,0,0,0,0,0,0,0,0,0,0,0,,,,,,,,,,,,,,,,,,,,,,,,,,,,,,,,,,,,,,,,,,,,,,,,,,,,,,,,,,,,,,,,,,,,,,,,,,,,,,,,,,,,,,,,,,,,
2026-27,football,Ohio Athletic Conference (OAC),oac,Heidelberg,"Passerrello,Michael",Michael,Passerrello,,278,"Passerrello,Michael","PASSERRELLO,MICHAEL",Heidelberg,HEI,0,1,0,28,28,0,0,DB,0,,,,,,,,,,,,,,,,,,,,,,,,,,,,,,,,,,,,,,,,,,,,,,,,,,,,,,,,,,,,,,,,,,,,,,,,,,,,,,,,,,,,,,,,,,,,,,,,,,,,,,,,,,,,,,,,,,,,,,,,,,,,,,,
2026-27,football,Ohio Athletic Conference (OAC),oac,Heidelberg,"Kindred,Daivon",Daivon,Kindred,,278,"Kindred,Daivon","KINDRED,DAIVON",Heidelberg,HEI,0,2,0,33,3K,0,0,DB,0,,,,,,,,,,,,,,,,,,,,,,,,,,,,,,,,,,,,,,,,,,,,,,,,,,,,,,,,,,,,,,,,,,,,,,,,,,,,,,,,,,,,,,,,,,,,,,,,,,,,,,,,,,,,,,,,,,,,,,,,,,,,,,,
2026-27,football,Ohio Athletic Conference (OAC),oac,Heidelberg,"Diaz,Rolando",Rolando,Diaz,,278,"Diaz,Rolando","DIAZ,ROLANDO",Heidelberg,HEI,0,2,0,35,35,0,0,LB,0,,,,,,,,,,,,0,3,2,5,5,.0,.0,.0,0,0,0,0,0,0,0,0,0,0,0,0,0,0,0,0,,,,,,,,,,,,,,,,,,,,,,,,,,,,,,,,,,,,,,,,,,,,,,,,,,,,,,,,,,,,,,,,,,,,,,,,,,,,,,,,,,,,,,,,,,,,
2026-27,football,Ohio Athletic Conference (OAC),oac,Heidelberg,"Jenkins,Alex",Alex,Jenkins,,278,"Jenkins,Alex","JENKINS,ALEX",Heidelberg,HEI,0,1,0,58,58,0,OL,0,0,,,,,,,,,,,,,,,,,,,,,,,,,,,,,,,,,,,,,,,,,,,,,,,,,,,,,,,,,,,,,,,,,,,,,,,,,,,,,,,,,,,,,,,,,,,,,,,,,,,,,,,,,,,,,,,,,,,,,,,,,,,,,,,
2026-27,football,Ohio Athletic Conference (OAC),oac,Heidelberg,"St. Amour,Bodie",Bodie,St. Amour,,278,"St. Amour,Bodie","ST. AMOUR,BODIE",Heidelberg,HEI,0,2,0,65,65,0,OL,0,0,,,,,,,,,,,,,,,,,,,,,,,,,,,,,,,,,,,,,,,,,,,,,,,,,,,,,,,,,,,,,,,,,,,,,,,,,,,,,,,,,,,,,,,,,,,,,,,,,,,,,,,,,,,,,,,,,,,,,,,,,,,,,,,
2026-27,football,Ohio Athletic Conference (OAC),oac,Heidelberg,"Draughn,Garon",Garon,Draughn,,278,"Draughn,Garon","DRAUGHN,GARON",Heidelberg,HEI,0,2,0,76,76,0,0,DL,0,,,,,,,,,,,,0,1,1,2,2,1.0,.0,.0,1,0,6,1,1,0,6,0,0,0,0,0,0,0,0,0,,,,,,,,,,,,,,,,,,,,,,,,,,,,,,,,,,,,,,,,,,,,,,,,,,,,,,,,,,,,,,,,,,,,,,,,,,,,,,,,,,,,,,,,,,,,
2026-27,football,Ohio Athletic Conference (OAC),oac,Heidelberg,"Kuehlman,Cameron",Cameron,Kuehlman,,278,"Kuehlman,Cameron","KUEHLMAN,CAMERON",Heidelberg,HEI,1276-3851,1,0,46,4K,0,0,LB,0,,,,,,,,,,,,0,1,0,1,1,.0,.0,.0,0,0,0,0,0,0,0,0,0,1,0,1,0,0,0,0,,,,,,,,,,,,,,,,,,,,,,,,,,,,,,,,,,,,,,,,,,,,,,,,,,,,,,,,,,,,,,,,,,,,,,,,,,,,,,,,,,,,,,,,,,,,
2026-27,football,Ohio Athletic Conference (OAC),oac,Heidelberg,"Allen,Levi",Levi,Allen,,278,"Allen,Levi","ALLEN,LEVI",Heidelberg,HEI,1276-3458,1,0,49,49,0,0,LB,0,,,,,,,,,,,,,,,,,,,,,,,,,,,,,,,,,,,,,,,,,,,,,,,,,,,,,,,,,,,,,,,,,,,,,,,,,,,,,,,,,,,,,,,,,,,,,,,,,,,,,,,,,,,,,,,,,,,,,,,,,,,,,,,
2026-27,football,Ohio Athletic Conference (OAC),oac,Heidelberg,"Poorman,Vaughn",Vaughn,Poorman,,278,"Poorman,Vaughn","POORMAN,VAUGHN",Heidelberg,HEI,1276-3608,1,0,4,4P,0,WR,0,0,,,1,9,0,9,9.0,,,,,,,,,,,,,,,,,,,,,,,,,,,,,,,,,,,,,,,,,,,,,,,,,,,,,,,,,,,,,,,,,,,,,,,,,,,,,,,,,,,,,,,,,,,,,,,,,,,,,,,,,,,,,,,,,,,,,,,,
2026-27,football,Ohio Athletic Conference (OAC),oac,Heidelberg,"Luidhardt,Drew",Drew,Luidhardt,,278,"Luidhardt,Drew","LUIDHARDT,DREW",Heidelberg,HEI,1276-3855,1,0,10,1L,0,QB,0,0,,,,,,,,,,,,,,,,,,,,,,,,,,,,,,,,,,,,,,,,,,,,,,,,,,,,,,,,,,,,,,,,,,,,,,,,,2,10,10,0,0,9,5.0,10.0,0,0,15,1,35,0,4,4,256.0,8.75,8.75,35.0,,,,,,,,,,,,,,,,,,,,,,,,,,,,,,,,,,,
2026-27,football,Ohio Athletic Conference (OAC),oac,Heidelberg,"Briolat,Lance",Lance,Briolat,,278,"Briolat,Lance","BRIOLAT,LANCE",Heidelberg,HEI,1276-3537,1,0,11,1B,0,QB,0,0,,,,,,,,,,,,,,,,,,,,,,,,,,,,,,,,,,,,,,,,,,,,,,,,,,,,,,,,,,,,,,,,,,,,,,,,,,,,,,,,,0,0,9,0,9,0,1,1,175.6,9.00,9.00,9.0,,,,,,,,,,,,,,,,,,,,,,,,,,,,,,,,,,,
2026-27,football,Ohio Athletic Conference (OAC),oac,Heidelberg,"Williams,Corshaun",Corshaun,Williams,,278,"Williams,Corshaun","WILLIAMS,CORSHAUN",Heidelberg,HEI,1276-3605,1,0,20,2W,0,WR,0,0,,,,,,,,,,,,,,,,,,,,,,,,,,,,,,,,,,,,,,,,,,,,,,,,,,,,,,,,,,,,,,,,,,,,,,,,,,,,,,,,,,,,,,,,,,,,,,,,,,,,,,,,,,,,,,,,,,,,,,,,,,,,,,,
2026-27,football,Ohio Athletic Conference (OAC),oac,Heidelberg,"Darby,Dante",Dante,Darby,,278,"Darby,Dante","DARBY,DANTE",Heidelberg,HEI,1276-3828,1,0,32,32,0,0,LB,0,,,,,,,,,,,,,,,,,,,,,,,,,,,,,,,,,,,,,,,,,,,,,,,,,,,,,,,,,,,,,,,,,,,,,,,,,,,,,,,,,,,,,,,,,,,,,,,,,,,,,,,,,,,,,,,,,,,,,,,,,,,,,,,
2026-27,football,Ohio Athletic Conference (OAC),oac,Heidelberg,"Curtis,Mason",Mason,Curtis,,278,"Curtis,Mason","CURTIS,MASON",Heidelberg,HEI,1276-3885,1,0,33,3C,0,RB,0,0,,,,,,,,,,,,,,,,,,,,,,,,,,,,,,,,,,,,,,,,,,,,,,,,,,,,,,,,,,,,,,,,,,,,,,,,,3,8,12,4,0,9,2.7,8.0,,,,,,,,,,,,,,,,,,,,,,,,,,,,,,,,,,,,,,,,,,,,,,,
2026-27,football,Ohio Athletic Conference (OAC),oac,Heidelberg,"Looney,Garrett",Garrett,Looney,,278,"Looney,Garrett","LOONEY,GARRETT",Heidelberg,HEI,1276-3225,1,0,40,40,0,0,LB,0,,,,,,,,,,,,0,0,1,1,1,.5,.0,.0,0,1,0,0,0,0,0,0,0,0,0,0,0,0,0,0,,,,,,,,,,,,,,,,,,,,,,,,,,,,,,,,,,,,,,,,,,,,,,,,,,,,,,,,,,,,,,,,,,,,,,,,,,,,,,,,,,,,,,,,,,,,
2026-27,football,Ohio Athletic Conference (OAC),oac,Heidelberg,"Allen,Jayce",Jayce,Allen,,278,"Allen,Jayce","ALLEN,JAYCE",Heidelberg,HEI,1276-2778,1,0,49,47,0,TE,0,0,,,,,,,,,,,,,,,,,,,,,,,,,,,,,,,,,,,,,,,,,,,,,,,,,,,,,,,,,,,,,,,,,,,,,,,,,,,,,,,,,,,,,,,,,,,,,,,,,,,,,,,,,,,,,,,,,,,,,,,,,,,,,,,
2026-27,football,Ohio Athletic Conference (OAC),oac,Heidelberg,"Treska,Jonathan",Jonathan,Treska,,278,"Treska,Jonathan","TRESKA,JONATHAN",Heidelberg,HEI,1276-3875,1,0,91,91,0,0,DL,0,,,,,,,,,,,,0,0,1,1,1,.5,.0,.0,0,1,1,0,0,0,0,0,0,0,0,0,0,0,0,0,,,,,,,,,,,,,,,,,,,,,,,,,,,,,,,,,,,,,,,,,,,,,,,,,,,,,,,,,,,,,,,,,,,,,,,,,,,,,,,,,,,,,,,,,,,,
2026-27,football,Ohio Athletic Conference (OAC),oac,Marietta,Harper Scott,Harper,Scott,,385,Harper Scott,"SCOTT,HARPER",Marietta,MAR,1278-3855,4,4,0X,0X,0,0,DE,0,,,,,,,,,,,,0,7,5,12,12,4.0,.0,.0,4,0,10,0,0,0,0,1,1,4,0,0,0,0,0,1,,,,,,,,,,,,,,,,,,,,,,,,,,,,,,,,,,,,,,,,,,,,,,,,,,,,,,,,,,,,,,,,,,,,,,,,,,,,,,,,,,,,,,,,,,,,
2026-27,football,Ohio Athletic Conference (OAC),oac,Marietta,Jonah Asebrook,Jonah,Asebrook,,385,Jonah Asebrook,"ASEBROOK,JONAH",Marietta,MAR,1278-3814,4,4,1X,1X,0,0,S,0,,,,,,,,,,,,0,11,12,23,23,1.0,.0,.0,1,0,1,0,0,0,0,3,0,0,0,0,0,0,0,3,,,,,,,,,,,,,,,,,,,,,,,,,,,,,,,,,,,,,,,,,,,,,,,,,,,,,,,,,,,,,,,,,,,,,,,,,,,,,,,,,,,,,,,,,,,,
2026-27,football,Ohio Athletic Conference (OAC),oac,Marietta,Benny Lewis,Benny,Lewis,,385,Benny Lewis,"LEWIS,BENNY",Marietta,MAR,1278-3883,4,4,1,1,0,RB,0,0,,,2,35,0,23,17.5,,,,,,,,,,,,,,,,,,,,,,,,,,,,,,,,,,,,,,,,,,,0,2,0,0,0,0,0,0,0,12,12,3,,,,,,,,,,,,60,310,318,8,2,34,5.2,77.5,,,,,,,,,,,,,,,,,,,,,,,,,,,,,,,,,,,,,,,,,,,,,,,
2026-27,football,Ohio Athletic Conference (OAC),oac,Marietta,Lukas Ratliff,Lukas,Ratliff,,385,Lukas Ratliff,"RATLIFF,LUKAS",Marietta,MAR,1278-3630,4,4,1H,1H,0,0,LB,0,,,,,,,,,,,,0,6,4,10,10,3.0,.0,.0,3,0,18,2,2,0,17,4,2,1,0,4,0,0,0,4,1,12,0,12,12.0,1,14,0,0,14.0,,,,,,,,,,,,,,,,,,,,,,,,,,,,,,,,,,,,,,,,,,,,,,,,,,,,,,,,,,,,,,,,,,,,,,,,,,,,,,,,,,
2026-27,football,Ohio Athletic Conference (OAC),oac,Marietta,Devin Phillips,Devin,Phillips,,385,Devin Phillips,"PHILLIPS,DEVIN",Marietta,MAR,1278-3848,4,0,1B,1B,0,0,0,0,,,,,,,,,,,,0,4,1,5,5,1.0,.0,.0,1,0,3,0,0,0,0,0,0,1,0,0,0,0,0,0,,,,,,,,,,,,,,,,,,,,,,,,,,,,,,,,,,,,,,,,,,,,,,,,,,,,,,,,,,,,,,,,,,,,,,,,,,,,,,,,,,,,,,,,,,,,
2026-27,football,Ohio Athletic Conference (OAC),oac,Marietta,Zion Starr,Zion,Starr,,385,Zion Starr,"STARR,ZION",Marietta,MAR,1278-4254,3,0,1C,1C,0,0,0,0,,,,,,,,,,,,0,1,0,1,1,.0,.0,.0,0,0,0,0,0,0,0,0,0,0,0,0,0,0,0,0,,,,,,,,,,,,,,,,,,,,,,,,,,,,,,,,,,,,,,,,,,,,,,,,,,,,,,,,,,,,,,,,,,,,,,,,,,,,,,,,,,,,,,,,,,,,
2026-27,football,Ohio Athletic Conference (OAC),oac,Marietta,Leo Grandizio,Leo,Grandizio,,385,Leo Grandizio,"GRANDIZIO,LEO",Marietta,MAR,1278-3827,4,4,1A,1A,0,0,CB,0,,,,,,,,,,,,0,13,6,19,19,.0,.0,.0,0,0,0,0,0,0,0,1,0,0,0,0,0,0,0,1,,,,,,,,,,,,,,,,,,,,,,,,,,,,,,,,,,,,,,,,,,,,,,,,,,,,,,,,,,,,,,,,,,,,,,,,,,,,,,,,,,,,,,,,,,,,
2026-27,football,Ohio Athletic Conference (OAC),oac,Marietta,Ray Kelley,Ray,Kelley,,385,Ray Kelley,"KELLEY,RAY",Marietta,MAR,1278-4031,4,4,2X,2X,0,0,CB,0,,,,,,,,,,,,0,4,1,5,5,.0,.0,.0,0,0,0,0,0,0,0,3,0,0,0,0,0,0,0,3,,,,,,,,,,,,,,,,,,,,,,,,,,,,,,,,,,,,,,,,,,,,,,,,,,,,,,,,,,,,,,,,,,,,,,,,,,,,,,,,,,,,,,,,,,,,
2026-27,football,Ohio Athletic Conference (OAC),oac,Marietta,Joe Tenta,Joe,Tenta,,385,Joe Tenta,"TENTA,JOE",Marietta,MAR,1278-3860,4,4,2,2,0,QB,0,0,,,,,,,,,,,,,,,,,,,,,,,,,,,,,,,,,,,,,,,,,,,,,,,,1,1,,,,,,,,,,,,,,,,,,,,,,,,6,16,27,11,0,14,2.7,4.0,11,3,40,9,1050,8,145,87,130.3,7.24,12.07,262.5,,,,,,,,,,,0,0,0,0,1,0,0,0,0,0,0,0,,,,,,,,,,,,,
2026-27,football,Ohio Athletic Conference (OAC),oac,Marietta,EJ Dawson,EJ,Dawson,,385,EJ Dawson,"DAWSON,EJ",Marietta,MAR,1278-3598,4,0,3X,3X,0,0,0,0,,,,,,,,,,,,0,3,5,8,8,2.0,.0,.0,1,2,3,0.5,0,1,2,0,0,0,0,0,1,0,0,0,,,,,,,,,,,,,0,0,,,,,,,,,,,,,,,,,,,,,,,,,,,,,,,,,,,,,,,,,,,,,,,,,,,,,,,,,,,,,,,,,,,,,,,,,,,,,,
2026-27,football,Ohio Athletic Conference (OAC),oac,Marietta,Louis Goodnow,Louis,Goodnow,,385,Louis Goodnow,"GOODNOW,LOUIS",Marietta,MAR,1278-3826,4,0,3,3,0,0,0,0,,,4,32,0,12,8.0,,,,,,,,,,,,,,,,,,,,,,,,,,,,,,,,,,1,22,0,22,22.0,,,,,,,,,,,,,,,,,,,,,,,,,,,,,,,,,,,,,,,,,,,,,,,,,,,,,,,,,,,,,,,,,,,,,,,,,,,,,,,,,,
2026-27,football,Ohio Athletic Conference (OAC),oac,Marietta,Drew Neal,Drew,Neal,,385,Drew Neal,"NEAL,DREW",Marietta,MAR,1278-3846,4,4,4X,4X,0,0,S,0,,,,,,,,,,,,0,9,14,23,23,.5,.0,.0,0,1,0,0,0,0,0,2,0,0,0,0,1,3,0,2,,,,,,,,,,,,,,,,,,,,,,,,,,,,,,,,,,,,,,,,,,,,,,,,,,,,,,,,,,,,,,,,,,,,,,,,,,,,,,,,,,,,,,,,,1,3,0,3
2026-27,football,Ohio Athletic Conference (OAC),oac,Marietta,Chrys Taylor,Chrys,Taylor,,385,Chrys Taylor,"TAYLOR,CHRYS",Marietta,MAR,1278-3306,4,1,4,4,0,WR,0,0,,,14,180,0,26,12.9,,,,,,,,,,,,,,,,,,,,,,,,,,,,,,,,,,,,,,,,,,,,,,,,,,,,,,,,,,,,,,,,,,,,,,,,,,,,,,,,,,,,,,,,,,,,,,,,,,,,,,,,,,,,,,,,,,,,,,,,
2026-27,football,Ohio Athletic Conference (OAC),oac,Marietta,Theo Talbott,Theo,Talbott,,385,Theo Talbott,"TALBOTT,THEO",Marietta,MAR,1278-4045,4,0,5X,5X,0,0,0,0,,,,,,,,,,,,0,3,1,4,4,.0,.0,.0,0,0,0,0,0,0,0,0,0,0,0,0,0,0,0,0,,,,,,,,,,,,,,,,,,,,,,,,,,,,,,,,,,,,,,,,,,,,,,,,,,,,,,,,,,,,,,,,,,,,,,,,,,,,,,,,,,,,,,,,,,,,
2026-27,football,Ohio Athletic Conference (OAC),oac,Marietta,Zavier Lindsay,Zavier,Lindsay,,385,Zavier Lindsay,"LINDSAY,ZAVIER",Marietta,MAR,1278-4033,3,0,5,5,0,0,0,0,,,,,,,,,,,,0,0,2,2,2,.0,.0,.0,0,0,0,0,0,0,0,0,0,0,0,0,0,0,0,0,,,,,,,,,,,,,,,,,,,,,,,,,,,,,,,,,,,,,,,,,,,,,,,,,,,,,,,,,,,,,,,,,,,,,,,,,,,,,,,,,,,,,,,,,,,,
2026-27,football,Ohio Athletic Conference (OAC),oac,Marietta,Taison Starr,Taison,Starr,,385,Taison Starr,"STARR,TAISON",Marietta,MAR,1278-3858,4,4,6X,6X,0,0,LB,0,,,,,,,,,,,,0,20,18,38,38,4.5,.0,.0,4,1,15,1,1,0,6,1,0,3,0,0,0,0,0,1,,,,,,,,,,,,,,,,,,,,,,,,,,,,,,,,,,,,,,,,,,,,,,,,,,,,,,,,,,,,,,,,,,,,,,,,,,,,,,,,,,,,,,,,,,,,
2026-27,football,Ohio Athletic Conference (OAC),oac,Marietta,Zaiden Huck,Zaiden,Huck,,385,Zaiden Huck,"HUCK,ZAIDEN",Marietta,MAR,1278-3612,4,4,7X,7X,0,0,LB,0,,,,,,,,,,,,0,12,17,29,29,2.0,.0,.0,2,0,4,0,0,0,0,0,0,2,0,0,0,0,0,0,,,,,,,,,,,,,,,,,,,,,,,,,,,,,,,,,,,,,,,,,,,,,,,,,,,,,,,,,,,,,,,,,,,,,,,,,,,,,,,,,,,,,,,,,,,,
2026-27,football,Ohio Athletic Conference (OAC),oac,Marietta,PJ Julious,PJ,Julious,,385,PJ Julious,"JULIOUS,PJ",Marietta,MAR,1278-3832,4,0,8X,8X,0,0,0,0,,,,,,,,,,,,0,0,3,3,3,.0,.0,.0,0,0,0,0,0,0,0,0,0,1,0,0,0,0,0,0,,,,,,,,,,,,,,,,,,,,,,,,,,,,,,,,,,,,,,,,,,,,,,,,,,,,,,,,,,,,,,,,,,,,,,,,,,,,,,,,,,,,,,,,,,,,
2026-27,football,Ohio Athletic Conference (OAC),oac,Marietta,Antwon Johnson,Antwon,Johnson,,385,Antwon Johnson,"JOHNSON,ANTWON",Marietta,MAR,1278-3615,4,3,8,8,0,0,0,0,,,12,157,2,33,13.1,,,,,0,1,0,1,1,.0,.0,.0,0,0,0,0,0,0,0,0,0,0,0,0,0,0,0,0,,,,,,,,,,,,,,,0,5,0,0,0,0,0,0,0,30,30,7.5,,,,,,,,,,,,10,26,28,2,3,6,2.6,6.5,,,,,,,,,,,,,,,,,,,,,,,,,,,,,,,,,,,,,,,,,,,,,,,
2026-27,football,Ohio Athletic Conference (OAC),oac,Marietta,Ethan Crock,Ethan,Crock,,385,Ethan Crock,"CROCK,ETHAN",Marietta,MAR,1278-4023,4,4,9X,9X,0,0,DE,0,,,,,,,,,,,,0,10,5,15,15,4.0,.0,.0,4,0,36,3,3,0,35,0,0,3,0,0,0,0,0,0,,,,,,,,,,,,,,,,,,,,,,,,,,,,,,,,,,,,,,,,,,,,,,,,,,,,,,,,,,,,,,,,,,,,,,,,,,,,,,,,,,,,,,,,,,,,
2026-27,football,Ohio Athletic Conference (OAC),oac,Marietta,Jackson-wilborn Zion,Jackson-wilborn,Zion,,385,Jackson-wilborn Zion,JACKSON-WILBORN,Marietta,MAR,1278-3338,4,0,9,9,0,0,0,0,,,6,54,0,37,9.0,,,,,,,,,,,,,,,,,,,,,,,,,,,,,,,,,,,,,,,,,,,0,1,0,0,0,0,0,0,0,6,6,1.5,,,,,,,,,,,,37,239,242,3,1,55,6.5,59.8,,,,,,,,,,,,,,,,,,,,,,,,,,,,,,,,,,,,,,,,,,,,,,,
2026-27,football,Ohio Athletic Conference (OAC),oac,Marietta,Dalton Miller,Dalton,Miller,,385,Dalton Miller,"MILLER,DALTON",Marietta,MAR,1278-3841,4,4,11,11,0,WR,0,0,,,28,381,5,40,13.6,,,,,0,0,0,0,0,.0,.0,.0,0,0,0,0,0,0,0,0,0,0,0,0,0,0,0,0,,,,,,,,,,,,,,,0,5,0,0,0,0,0,0,0,30,30,7.5,,,,,,,,,,,,,,,,,,,,,,,,,,,,,,,,,,,,,,,,,,,,,,,,,,,,,,,,,,,,,,,,,,
2026-27,football,Ohio Athletic Conference (OAC),oac,Marietta,Krutowskis,,Krutowskis,,385,Krutowskis,KRUTOWSKIS,Marietta,MAR,1278-3835,3,0,15,15,0,0,0,0,,,1,27,1,27,27.0,,,,,,,,,,,,,,,,,,,,,,,,,,,,,,,,,,,,,,,,,,,0,1,0,0,0,0,0,0,0,6,6,2,,,,,,,,,,,,,,,,,,,,,,,,,,,,,,,,,,,,,,,,,,,,,,,,,,,,,,,,,,,,,,,,,,
2026-27,football,Ohio Athletic Conference (OAC),oac,Marietta,Nas Foster,Nas,Foster,,385,Nas Foster,"FOSTER,NAS",Marietta,MAR,1278-4230,4,1,17,17,0,WR,0,0,,,13,68,0,15,5.2,,,,,,,,,,,,,,,,,,,,,,,,,,,,,,,,,,,,,,,,,,,,,,,,,,,,,,,,,,,,,,,,,,2,7,7,0,0,7,3.5,1.8,,,,,,,,,,,,,,,,,,,,,,,,,,,,,,,,,,,,,,,,,,,,,,,
2026-27,football,Ohio Athletic Conference (OAC),oac,Marietta,Mike Banks,Mike,Banks,,385,Mike Banks,"BANKS,MIKE",Marietta,MAR,1278-4214,4,0,18,18,0,0,0,0,,,,,,,,,,,,,,,,,,,,,,,,,,,,,,,,,,,,10,233,0,49,23.3,5,35,0,32,7.0,,,1,0,,,,,,,,,,,,,,,,,,,,,,,,2,-6,1,7,0,1,-3.0,-1.5,,,,,,,,,,,,,,,,,,,,,,,,,,,,,,,,,,,,,,,,,,,,,,,
2026-27,football,Ohio Athletic Conference (OAC),oac,Marietta,Gavin Blind,Gavin,Blind,,385,Gavin Blind,"BLIND,GAVIN",Marietta,MAR,1278-3589,4,4,19,19,0,TE,0,0,,,0,0,0,0,.0,,,,,,,,,,,,,,,,,,,,,,,,,,,,,,,,,,,,,,,,,,,,,,,,,,,,,,,,,,,,,,,,,,,,,,,,,,,,,,,,,,,,,,,,,,,,,,,,,,,,,,,,,,,,,,,,,,,,,,,,
2026-27,football,Ohio Athletic Conference (OAC),oac,Marietta,Damonee McBride,Damonee,McBride,,385,Damonee McBride,"MCBRIDE,DAMONEE",Marietta,MAR,1278-4243,0,0,21,21,0,0,0,0,,,,,,,,,,,,,,,,,,,,,,,,,,,,,,,,,,,,,,,,,,,,,,,,,,,,,,,,,,,,,,,,,,,,,,,,,,,,,,,,,,,,,,,,,,,,,,,,,,,,,,,,,,,,,,,,,,,,,,,,,,,,,,,
2026-27,football,Ohio Athletic Conference (OAC),oac,Marietta,Will McClure,Will,McClure,,385,Will McClure,"MCCLURE,WILL",Marietta,MAR,1278-4035,1,0,23,23,0,0,0,0,,,,,,,,,,,,,,,,,,,,,,,,,,,,,,,,,,,,,,,,,,,,,,,,,,,,,,,,,,,,,,,,,,,,,,,,,,,,,,,,,,,,,,,,,,,,,,,,,,,,,,,,,,,,,,,,,,,,,,,,,,,,,,,
2026-27,football,Ohio Athletic Conference (OAC),oac,Marietta,Cayden Carroll,Cayden,Carroll,,385,Cayden Carroll,"CARROLL,CAYDEN",Marietta,MAR,1278-4018,4,0,27,27,0,0,0,0,,,,,,,,,,,,0,0,0,0,0,.0,.0,.0,0,0,0,0,0,0,0,0,0,0,0,0,0,0,0,0,,,,,,,,,,,,,,,0,1,0,0,0,0,0,0,0,6,6,1.5,,,,,,,,,,,,21,61,61,0,1,12,2.9,15.3,,,,,,,,,,,,,,,,,,,,,,,,,,,,,,,,,,,,,,,,,,,,,,,
2026-27,football,Ohio Athletic Conference (OAC),oac,Marietta,James Cornwell,James,Cornwell,,385,James Cornwell,"CORNWELL,JAMES",Marietta,MAR,1278-4020,4,0,31,31,0,0,0,0,,,,,,,,,,,,0,0,0,0,0,.0,.0,.0,0,0,0,0,0,0,0,0,0,0,0,0,0,0,0,0,,,,,,,,,,,,,,,5,0,2,0,0,0,0,0,0,11,11,2.75,,,,,,,,,,,,,,,,,,,,,,,,,,,,,,,,21,1101,2,1,52.4,2,6,30,0,33.3,6,5,0,0,0,0,0,0,0,0,0,0,,,,,,,,,,,,,
2026-27,football,Ohio Athletic Conference (OAC),oac,Marietta,Jack Fletcher,Jack,Fletcher,,385,Jack Fletcher,"FLETCHER,JACK",Marietta,MAR,1278-4229,4,0,33,33,0,0,0,0,,,,,,,,,,,,0,3,0,3,3,.0,.0,.0,0,0,0,0,0,0,0,0,0,0,0,0,0,0,0,0,,,,,,,,,,,,,,,,,,,,,,,,,,,,,,,,,,,,,,,,,,,,,,,,,,,,,,,,,,,,,,,,,,,,,,,,,,,,,,,,,,,,,,,,,,,,
2026-27,football,Ohio Athletic Conference (OAC),oac,Marietta,Bryant Young,Bryant,Young,,385,Bryant Young,"YOUNG,BRYANT",Marietta,MAR,1278-3647,4,4,34,34,0,0,DT,0,,,,,,,,,,,,0,5,3,8,8,2.0,.0,.0,2,0,13,1,1,0,11,0,1,2,0,0,0,0,0,0,,,,,,,,,,,,,,,,,,,,,,,,,,,,,,,,,,,,,,,,,,,,,,,,,,,,,,,,,,,,,,,,,,,,,,,,,,,,,,,,,,,,,,,,,,,,
2026-27,football,Ohio Athletic Conference (OAC),oac,Marietta,CJ Wilt,CJ,Wilt,,385,CJ Wilt,"WILT,CJ",Marietta,MAR,1278-3865,4,0,35,35,0,0,0,0,,,,,,,,,,,,0,0,1,1,1,.0,.0,.0,0,0,0,0,0,0,0,0,0,0,0,0,0,0,0,0,,,,,,,,,,,,,,,,,,,,,,,,,,,,,,,,,,,,,,,,,,,,,,,,,,,,,,,,,,,,,,,,,,,,,,,,,,,,,,,,,,,,,,,,,,,,
2026-27,football,Ohio Athletic Conference (OAC),oac,Marietta,Tyler McQueen,Tyler,McQueen,,385,Tyler McQueen,"MCQUEEN,TYLER",Marietta,MAR,1278-4245,4,0,38,38,0,0,0,0,,,,,,,,,,,,,,,,,,,,,,,,,,,,,,,,,,,,,,,,,,,,,,,,,,,,,,,,,,,,,,,,,,,,,,,,,,,,,,,,,,,,,,,,,,,,,,,,,,,,,,,0,0,1,0,0,0,0,0,0,0,0,0,,,,,,,,,,,,,
2026-27,football,Ohio Athletic Conference (OAC),oac,Marietta,Nick Scally,Nick,Scally,,385,Nick Scally,"SCALLY,NICK",Marietta,MAR,1278-3632,3,0,43,43,0,0,0,0,,,,,,,,,,,,0,3,1,4,4,.0,.0,.0,0,0,0,0,0,0,0,0,0,0,0,0,0,0,0,0,,,,,,,,,,,,,,,,,,,,,,,,,,,,,,,,,,,,,,,,,,,,,,,,,,,,,,,,,,,,,,,,,,,,,,,,,,,,,,,,,,,,,,,,,,,,
2026-27,football,Ohio Athletic Conference (OAC),oac,Marietta,CaRon Seymore,CaRon,Seymore,,385,CaRon Seymore,"SEYMORE,CARON",Marietta,MAR,1278-4039,4,0,44,44,0,0,0,0,,,,,,,,,,,,0,0,2,2,2,.0,.0,.0,0,0,0,0,0,0,0,0,0,0,0,0,0,0,0,0,,,,,,,,,,,,,,,,,,,,,,,,,,,,,,,,,,,,,,,,,,,,,,,,,,,,,,,,,,,,,,,,,,,,,,,,,,,,,,,,,,,,,,,,,,,,
2026-27,football,Ohio Athletic Conference (OAC),oac,Marietta,Devin Ansell,Devin,Ansell,,385,Devin Ansell,"ANSELL,DEVIN",Marietta,MAR,1278-3813,3,3,54,54,0,LT,0,0,,,,,,,,,,,,,,,,,,,,,,,,,,,,,,,,,,,,,,,,,,,,,,,,,,,,,,,,,,,,,,,,,,,,,,,,,,,,,,,,,,,,,,,,,,,,,,,,,,,,,,,,,,,,,,,,,,,,,,,,,,,,,,,
2026-27,football,Ohio Athletic Conference (OAC),oac,Marietta,Matthew Marcum,Matthew,Marcum,,385,Matthew Marcum,"MARCUM,MATTHEW",Marietta,MAR,1278-4241,4,1,55,55,0,0,0,0,,,,,,,,,,,,,,,,,,,,,,,,,,,,,,,,,,,,,,,,,,,,,,,,,,,,,,,,,,,,,,,,,,,,,,,,,,,,,,,,,,,,,,,,,,,,,,,,,,,,,,,,,,,,,,,,,,,,,,,,,,,,,,,
2026-27,football,Ohio Athletic Conference (OAC),oac,Marietta,Gunner Fox,Gunner,Fox,,385,Gunner Fox,"FOX,GUNNER",Marietta,MAR,1278-3605,4,4,62,62,0,C,0,0,,,,,,,,,,,,0,1,0,1,1,.0,.0,.0,0,0,0,0,0,0,0,0,0,0,0,0,0,0,0,0,,,,,,,,,,,,,,,,,,,,,,,,,,,,,,,,,,,,,,,,,,,,,,,,,,,,,,,,,,,,,,,,,,,,,,,,,,,,,,,,,,,,,,,,,,,,
2026-27,football,Ohio Athletic Conference (OAC),oac,Marietta,Ben Morris,Ben,Morris,,385,Ben Morris,"MORRIS,BEN",Marietta,MAR,1278-3844,2,2,67,67,0,LG,0,0,,,,,,,,,,,,,,,,,,,,,,,,,,,,,,,,,,,,,,,,,,,,,,,,,,,,,,,,,,,,,,,,,,,,,,,,,,,,,,,,,,,,,,,,,,,,,,,,,,,,,,,,,,,,,,,,,,,,,,,,,,,,,,,
2026-27,football,Ohio Athletic Conference (OAC),oac,Marietta,Nate Curry,Nate,Curry,,385,Nate Curry,"CURRY,NATE",Marietta,MAR,1278-3597,4,4,71,71,0,RT,0,0,,,,,,,,,,,,,,,,,,,,,,,,,,,,,,,,,,,,,,,,,,,,,,,,,,,,,,,,,,,,,,,,,,,,,,,,,,,,,,,,,,,,,,,,,,,,,,,,,,,,,,,,,,,,,,,,,,,,,,,,,,,,,,,
2026-27,football,Ohio Athletic Conference (OAC),oac,Marietta,Ron Bricker,Ron,Bricker,,385,Ron Bricker,"BRICKER,RON",Marietta,MAR,1278-4016,4,1,73,73,0,0,0,0,,,,,,,,,,,,0,1,0,1,1,.0,.0,.0,0,0,0,0,0,0,0,0,0,0,0,0,0,0,0,0,,,,,,,,,,,,,,,,,,,,,,,,,,,,,,,,,,,,,,,,,,,,,,,,,,,,,,,,,,,,,,,,,,,,,,,,,,,,,,,,,,,,,,,,,,,,
2026-27,football,Ohio Athletic Conference (OAC),oac,Marietta,Steven Rhodes,Steven,Rhodes,,385,Steven Rhodes,"RHODES,STEVEN",Marietta,MAR,1278-3631,4,4,79,79,0,RG,0,0,,,,,,,,,,,,,,,,,,,,,,,,,,,,,,,,,,,,,,,,,,,,,,,,,,,,,,,,,,,,,,,,,,,,,,,,,,,,,,,,,,,,,,,,,,,,,,,,,,,,,,,,,,,,,,,,,,,,,,,,,,,,,,,
2026-27,football,Ohio Athletic Conference (OAC),oac,Marietta,Johnny Jenkins,Johnny,Jenkins,,385,Johnny Jenkins,"JENKINS,JOHNNY",Marietta,MAR,1278-4236,3,0,83,83,0,0,0,0,,,,,,,,,,,,,,,,,,,,,,,,,,,,,,,,,,,,,,,,,,,,,,,,,,,,,,,,,,,,,,,,,,,,,,,,,,,,,,,,,,,,,,,,,,,,,,,,,,,,,,,,,,,,,,,,,,,,,,,,,,,,,,,
2026-27,football,Ohio Athletic Conference (OAC),oac,Marietta,Payton Newman,Payton,Newman,,385,Payton Newman,"NEWMAN,PAYTON",Marietta,MAR,1278-3623,4,0,87,87,0,0,0,0,,,2,50,1,25,25.0,,,,,,,,,,,,,,,,,,,,,,,,,,,,,,,,,,,,,,,,,1,1,0,1,0,0,0,0,0,0,0,6,6,1.5,,,,,,,,,,,,,,,,,,,,,,,,,,,,,,,,,,,,,,,,,,,,,,,,,,,,,,,,,,,,,,,,,,
2026-27,football,Ohio Athletic Conference (OAC),oac,Marietta,Ethan Snyder,Ethan,Snyder,,385,Ethan Snyder,"SNYDER,ETHAN",Marietta,MAR,1278-3857,3,0,88,88,0,0,0,0,,,,,,,,,,,,,,,,,,,,,,,,,,,,,,,,,,,,,,,,,,,,,,,,,,,,,,,,,,,,,,,,,,,,,,,,,,,,,,,,,,,,,,,,,,,,,,,,,,,,,,,,,,,,,,,,,,,,,,,,,,,,,,,
2026-27,football,Ohio Athletic Conference (OAC),oac,Marietta,Demuth Nathaniel,Demuth,Nathaniel,,385,Demuth Nathaniel,DEMUTH,Marietta,MAR,1278-3599,4,0,89,89,0,0,0,0,,,,,,,,,,,,,,,,,,,,,,,,,,,,,,,,,,,,,,,,,,,,,,,,,,5,0,1,0,0,0,0,0,0,8,8,2,,,,,,,,,,,,,,,,,,,,,,,,,,,,,,,,2,86,0,0,43.0,1,2,20,1,50.0,8,5,0,0,0,0,0,0,0,0,0,0,15,554,64,0,0,3,1,5,36.9,,,,
2026-27,football,Ohio Athletic Conference (OAC),oac,Marietta,Taahir Sabree,Taahir,Sabree,,385,Taahir Sabree,"SABREE,TAAHIR",Marietta,MAR,1278-3314,4,0,90,90,0,0,0,0,,,,,,,,,,,,0,1,4,5,5,1.0,.0,.0,0,2,3,0.5,0,1,2,0,0,0,0,0,0,0,0,0,,,,,,,,,,,,,,,,,,,,,,,,,,,,,,,,,,,,,,,,,,,,,,,,,,,,,,,,,,,,,,,,,,,,,,,,,,,,,,,,,,,,,,,,,,,,
2026-27,football,Ohio Athletic Conference (OAC),oac,Marietta,Haiden Manns,Haiden,Manns,,385,Haiden Manns,"MANNS,HAIDEN",Marietta,MAR,1278-4264,4,0,91,91,0,0,0,0,,,,,,,,,,,,0,2,3,5,5,1.0,.0,.0,1,0,6,1,1,0,6,0,0,0,0,0,0,0,0,0,,,,,,,,,,,,,,,,,,,,,,,,,,,,,,,,,,,,,,,,,,,,,,,,,,,,,,,,,,,,,,,,,,,,,,,,,,,,,,,,,,,,,,,,,,,,
2026-27,football,Ohio Athletic Conference (OAC),oac,Marietta,Davin Derry,Davin,Derry,,385,Davin Derry,"DERRY,DAVIN",Marietta,MAR,1278-3821,4,0,95,95,0,0,0,0,,,,,,,,,,,,,,,,,,,,,,,,,,,,,,,,,,,,,,,,,,,,,,,,,,,,,,,,,,,,,,,,,,,,,,,,,,,,,,,,,,,,,,,,,,,,,,,,,,,,,,,,,,,,,,,,,,,,,,,,,,,,,,,
2026-27,football,Ohio Athletic Conference (OAC),oac,Marietta,Anthony Karp,Anthony,Karp,,385,Anthony Karp,"KARP,ANTHONY",Marietta,MAR,1278-3833,4,4,99,99,0,0,DT,0,,,,,,,,,,,,0,1,7,8,8,.5,.0,.0,0,1,4,0.5,0,1,4,0,0,1,0,0,0,0,0,0,,,,,,,,,,,,,,,,,,,,,,,,,,,,,,,,,,,,,,,,,,,,,,,,,,,,,,,,,,,,,,,,,,,,,,,,,,,,,,,,,,,,,,,,,,,,
2026-27,football,Ohio Athletic Conference (OAC),oac,Marietta,Isaiah Holland,Isaiah,Holland,,385,Isaiah Holland,"HOLLAND,ISAIAH",Marietta,MAR,1278-4030,4,0,2B,2B,0,0,0,0,,,,,,,,,,,,0,1,1,2,2,.0,.0,.0,0,0,0,0,0,0,0,0,0,0,0,0,0,0,0,0,,,,,,,,,,,,,,,,,,,,,,,,,,,,,,,,,,,,,,,,,,,,,,,,,,,,,,,,,,,,,,,,,,,,,,,,,,,,,,,,,,,,,,,,,,,,
2026-27,football,Ohio Athletic Conference (OAC),oac,Marietta,Isaac Creel,Isaac,Creel,,385,Isaac Creel,"CREEL,ISAAC",Marietta,MAR,1278-4022,4,0,22,22,0,0,0,0,,,,,,,,,,,,0,1,0,1,1,.0,.0,.0,0,0,0,0,0,0,0,0,0,0,0,0,0,0,0,0,,,,,,,,,,,,,,,,,,,,,,,,,,,,,,,,,,,,,,6,10,15,5,0,6,1.7,2.5,,,,,,,,,,,,,,,,,,,,,,,,,,,,,,,,,,,,,,,,,,,,,,,
2026-27,football,Ohio Athletic Conference (OAC),oac,Marietta,Gabe Stoffer,Gabe,Stoffer,,385,Gabe Stoffer,"STOFFER,GABE",Marietta,MAR,1278-4255,2,0,1F,1F,0,0,0,0,,,,,,,,,,,,0,3,0,3,3,.0,.0,.0,0,0,0,0,0,0,0,1,0,0,0,0,0,0,0,1,,,,,,,,,,,,,,,,,,,,,,,,,,,,,,,,,,,,,,,,,,,,,,,,,,,,,,,,,,,,,,,,,,,,,,,,,,,,,,,,,,,,,,,,,,,,
2026-27,football,Ohio Athletic Conference (OAC),oac,Marietta,Jeremy Williams,Jeremy,Williams,,385,Jeremy Williams,"WILLIAMS,JEREMY",Marietta,MAR,1278-4049,0,0,2H,2H,0,0,0,0,,,,,,,,,,,,,,,,,,,,,,,,,,,,,,,,,,,,,,,,,,,,,,,,,,,,,,,,,,,,,,,,,,,,,,,,,,,,,,,,,,,,,,,,,,,,,,,,,,,,,,,,,,,,,,,,,,,,,,,,,,,,,,,
2026-27,football,Ohio Athletic Conference (OAC),oac,Marietta,Sam Scally,Sam,Scally,,385,Sam Scally,"SCALLY,SAM",Marietta,MAR,1278-4038,3,0,2E,2E,0,0,0,0,,,,,,,,,,,,0,1,0,1,1,.0,.0,.0,0,0,0,0,0,0,0,0,0,0,0,0,0,0,0,0,,,,,,,,,,,,,,,,,,,,,,,,,,,,,,,,,,,,,,,,,,,,,,,,,,,,,,,,,,,,,,,,,,,,,,,,,,,,,,,,,,,,,,,,,,,,
2026-27,football,Ohio Athletic Conference (OAC),oac,Marietta,Nick Balaban,Nick,Balaban,,385,Nick Balaban,"BALABAN,NICK",Marietta,MAR,1278-4213,2,0,2G,2G,0,0,0,0,,,,,,,,,,,,0,0,1,1,1,.0,.0,.0,0,0,0,0,0,0,0,0,0,0,0,0,0,0,0,0,,,,,,,,,,,,,,,,,,,,,,,,,,,,,,,,,,,,,,,,,,,,,,,,,,,,,,,,,,,,,,,,,,,,,,,,,,,,,,,,,,,,,,,,,,,,
2026-27,football,Ohio Athletic Conference (OAC),oac,Marietta,Isaiah Mitchell,Isaiah,Mitchell,,385,Isaiah Mitchell,"MITCHELL,ISAIAH",Marietta,MAR,1278-3843,3,3,7,7,0,WR,0,0,,,5,66,0,37,13.2,,,,,,,,,,,,,,,,,,,,,,,,,,,,,3,44,0,21,14.7,,,,,,,,,,,,,,,,,,,,,,,,,,,,,,,,,5,26,27,1,0,11,5.2,8.7,,,,,,,,,,,,,,,,,,,,,,,,,,,,,,,,,,,,,,,,,,,,,,,
2026-27,football,Ohio Athletic Conference (OAC),oac,Marietta,Ty Turkowski,Ty,Turkowski,,385,Ty Turkowski,"TURKOWSKI,TY",Marietta,MAR,1278-3994,3,0,25,25,0,0,0,0,,,,,,,,,,,,0,1,0,1,1,.0,.0,.0,0,0,0,0,0,0,0,0,0,0,0,0,0,0,0,0,,,,,,,,,,,,,,,,,,,,,,,,,,,,,,,,,,,,,,,,,,,,,,,,,,,,,,,,,,,,,,,,,,,,,,,,,,,,,,,,,,,,,,,,,,,,
2026-27,football,Ohio Athletic Conference (OAC),oac,Marietta,Clayton Crum,Clayton,Crum,,385,Clayton Crum,"CRUM,CLAYTON",Marietta,MAR,1278-4220,3,0,45,45,0,0,0,0,,,,,,,,,,,,,,,,,,,,,,,,,,,,,,,,,,,,,,,,,,,,,,,,,,,,,,,,,,,,,,,,,,,,,,,,,,,,,,,,,,,,,,,,,,,,,,,,,,,,,,,,,,,,,,,,,,,,,,,,,,,,,,,
2026-27,football,Ohio Athletic Conference (OAC),oac,Marietta,Brady Kennedy,Brady,Kennedy,,385,Brady Kennedy,"KENNEDY,BRADY",Marietta,MAR,1278-3617,3,0,77,77,0,0,0,0,,,,,,,,,,,,,,,,,,,,,,,,,,,,,,,,,,,,,,,,,,,,,,,,,,,,,,,,,,,,,,,,,,,,,,,,,,,,,,,,,,,,,,,,,,,,,,,,,,,,,,,,,,,,,,,,,,,,,,,,,,,,,,,
2026-27,football,Ohio Athletic Conference (OAC),oac,Marietta,David Piekarski,David,Piekarski,,385,David Piekarski,"PIEKARSKI,DAVID",Marietta,MAR,1278-3849,3,0,78,78,0,0,0,0,,,,,,,,,,,,,,,,,,,,,,,,,,,,,,,,,,,,,,,,,,,,,,,,,,,,,,,,,,,,,,,,,,,,,,,,,,,,,,,,,,,,,,,,,,,,,,,,,,,,,,,,,,,,,,,,,,,,,,,,,,,,,,,
2026-27,football,Ohio Athletic Conference (OAC),oac,Marietta,Ty Alley,Ty,Alley,,385,Ty Alley,"ALLEY,TY",Marietta,MAR,1278-4212,2,0,2A,2A,0,0,0,0,,,,,,,,,,,,0,1,0,1,1,.0,.0,.0,0,0,0,0,0,0,0,0,0,0,0,0,0,0,0,0,,,,,,,,,,,,,,,,,,,,,,,,,,,,,,,,,,,,,,,,,,,,,,,,,,,,,,,,,,,,,,,,,,,,,,,,,,,,,,,,,,,,,,,,,,,,
2026-27,football,Ohio Athletic Conference (OAC),oac,Marietta,Carson Peters,Carson,Peters,,385,Carson Peters,"PETERS,CARSON",Marietta,MAR,1278-4248,2,0,2D,2D,0,0,0,0,,,,,,,,,,,,0,1,0,1,1,.0,.0,.0,0,0,0,0,0,0,0,0,0,0,0,0,0,0,0,0,,,,,,,,,,,,,,,,,,,,,,,,,,,,,,,,,,,,,,,,,,,,,,,,,,,,,,,,,,,,,,,,,,,,,,,,,,,,,,,,,,,,,,,,,,,,
2026-27,football,Ohio Athletic Conference (OAC),oac,Marietta,Tarran Boda,Tarran,Boda,,385,Tarran Boda,"BODA,TARRAN",Marietta,MAR,1278-4216,1,0,24,24,0,0,0,0,,,,,,,,,,,,0,1,0,1,1,.0,.0,.0,0,0,0,0,0,0,0,0,0,0,0,0,0,0,0,0,,,,,,,,,,,,,,,,,,,,,,,,,,,,,,,,,,,,,,,,,,,,,,,,,,,,,,,,,,,,,,,,,,,,,,,,,,,,,,,,,,,,,,,,,,,,
2026-27,football,Ohio Athletic Conference (OAC),oac,Marietta,Wesley Shegog,Wesley,Shegog,,385,Wesley Shegog,"SHEGOG,WESLEY",Marietta,MAR,1278-4252,2,0,94,94,0,0,0,0,,,,,,,,,,,,0,0,1,1,1,.5,.0,.0,0,1,3,0.5,0,1,3,0,0,0,0,0,0,0,0,0,,,,,,,,,,,,,,,,,,,,,,,,,,,,,,,,,,,,,,,,,,,,,,,,,,,,,,,,,,,,,,,,,,,,,,,,,,,,,,,,,,,,,,,,,,,,
2026-27,football,Ohio Athletic Conference (OAC),oac,Marietta,"Corcoran,Michael",Michael,Corcoran,,385,"Corcoran,Michael","CORCORAN,MICHAEL",Marietta,MAR,0,1,0,6,6,0,QB,0,0,,,,,,,,,,,,,,,,,,,,,,,,,,,,,,,,,,,,,,,,,,,,,,,,,,,,,,,,,,,,,,,,,,,,,,,,,,,,,,,,,,,,,,,,,,,,,,,,,,,,,,,,,,,,,,,,,,,,,,,,,,,,,,,
2026-27,football,Ohio Athletic Conference (OAC),oac,Marietta,"Sutton,Brady",Brady,Sutton,,385,"Sutton,Brady","SUTTON,BRADY",Marietta,MAR,0,1,0,16,16,0,QB,0,0,,,,,,,,,,,,,,,,,,,,,,,,,,,,,,,,,,,,,,,,,,,,,,,,,,,,,,,,,,,,,,,,,,,,,,,,,,,,,,,,,,,,,,,,,,,,,,,,,,,,,,,,,,,,,,,,,,,,,,,,,,,,,,,
2026-27,football,Ohio Athletic Conference (OAC),oac,Marietta,"Balaban,Nicholas",Nicholas,Balaban,,385,"Balaban,Nicholas","BALABAN,NICHOLAS",Marietta,MAR,0,1,0,26,2G,0,0,DB,0,,,,,,,,,,,,,,,,,,,,,,,,,,,,,,,,,,,,,,,,,,,,,,,,,,,,,,,,,,,,,,,,,,,,,,,,,,,,,,,,,,,,,,,,,,,,,,,,,,,,,,,,,,,,,,,,,,,,,,,,,,,,,,,
2026-27,football,Ohio Athletic Conference (OAC),oac,Marietta,"Bays,Hayden",Hayden,Bays,,385,"Bays,Hayden","BAYS,HAYDEN",Marietta,MAR,0,1,0,28,2I,0,WR,0,0,,,,,,,,,,,,0,1,0,1,1,.0,.0,.0,0,0,0,0,0,0,0,0,0,0,0,0,0,0,0,0,,,,,,,,,,,,,,,,,,,,,,,,,,,,,,,,,,,,,,,,,,,,,,,,,,,,,,,,,,,,,,,,,,,,,,,,,,,,,,,,,,,,,,,,,,,,
2026-27,football,Ohio Athletic Conference (OAC),oac,Marietta,"Hendricks,Braydon",Braydon,Hendricks,,385,"Hendricks,Braydon","HENDRICKS,BRAYDON",Marietta,MAR,0,1,0,75,75,0,OL,0,0,,,,,,,,,,,,,,,,,,,,,,,,,,,,,,,,,,,,,,,,,,,,,,,,,,,,,,,,,,,,,,,,,,,,,,,,,,,,,,,,,,,,,,,,,,,,,,,,,,,,,,,,,,,,,,,,,,,,,,,,,,,,,,,
2026-27,football,Ohio Athletic Conference (OAC),oac,Ohio Northern,"Aldrich,Myles",Myles,Aldrich,,517,"Aldrich,Myles","ALDRICH,MYLES",Ohio Northern,ONU,0,4,4,0,0D,0,0,LB,0,,,,,,,,,,,,0,17,12,29,29,7.0,.0,.0,5,4,21,2.5,2,1,10,1,2,3,0,0,0,0,0,1,,,,,,,,,,,,,,,,,,,,,,,,,,,,,,,,,,,,,,,,,,,,,,,,,,,,,,,,,,,,,,,,,,,,,,,,,,,,,,,,,,,,,,,,,,,,
2026-27,football,Ohio Athletic Conference (OAC),oac,Ohio Northern,"Borondy,Seth",Seth,Borondy,,517,"Borondy,Seth","BORONDY,SETH",Ohio Northern,ONU,0,4,3,0,0,0,WR,0,0,,,14,108,1,33,7.7,,,,,0,2,0,2,2,.0,.0,.0,0,0,0,0,0,0,0,0,0,0,0,0,0,0,0,0,,,,,,,,,,,,,,,,,,,,,,,,,,,,,,,,,,,,,,1,2,2,0,0,2,2.0,.5,,,,,,,,,,,,,,,,,,,,,,,,,,,,,,,,,,,,,,,,,,,,,,,
2026-27,football,Ohio Athletic Conference (OAC),oac,Ohio Northern,"Ross,Terrion",Terrion,Ross,,517,"Ross,Terrion","ROSS,TERRION",Ohio Northern,ONU,0,4,4,1,1D,0,0,DB,0,,,,,,,,,,,,25,14,4,18,18,.5,.0,.0,0,1,2,0,0,0,0,1,0,0,0,0,0,0,1,2,,,,,,,,,,,,,,,,,,,,,,,,,,,,,,,,1,25,0,25,25.0,,,,,,,,,,,,,,,,,,,,,,,,,,,,,,,,,,,,,,,,,,,,,,,,,,,,,,,,
2026-27,football,Ohio Athletic Conference (OAC),oac,Ohio Northern,"Celestin,Kyle",Kyle,Celestin,,517,"Celestin,Kyle","CELESTIN,KYLE",Ohio Northern,ONU,0,4,3,1,1,0,WR,0,0,,,10,102,0,45,10.2,,,,,0,1,0,1,1,.0,.0,.0,0,0,0,0,0,0,0,0,0,0,0,0,0,0,0,0,,,,,,,,,,,,,1,0,,,,,,,,,,,,,,,,,,,,,,,,,,,,,,,,,,,,,,,,,,,,,,,,,,,,,,,,,,,,,,,,,,,,,,,,,,,,,,
2026-27,football,Ohio Athletic Conference (OAC),oac,Ohio Northern,"Pettaway,Jordan",Jordan,Pettaway,,517,"Pettaway,Jordan","PETTAWAY,JORDAN",Ohio Northern,ONU,0,3,3,2,2,0,RB,0,0,,,1,7,0,7,7.0,,,,,0,0,0,0,0,.0,.0,.0,0,0,0,0,0,0,0,0,0,0,0,0,0,0,0,0,1,59,0,45,59.0,,,,,,,,,,0,2,0,0,0,0,0,0,0,12,12,4,,,,,,,,,,,,26,219,221,2,2,75,8.4,73.0,,,,,,,,,,,,,,,,,,,,,,,,,,,,,,,,,,,,,,,,,,,,,,,
2026-27,football,Ohio Athletic Conference (OAC),oac,Ohio Northern,"Bordes,Roney",Roney,Bordes,,517,"Bordes,Roney","BORDES,RONEY",Ohio Northern,ONU,0,3,1,2,2D,0,0,DB,0,,,,,,,,,,,,0,1,1,2,2,.0,.0,.0,0,0,0,0,0,0,0,0,0,0,0,0,0,0,0,0,,,,,,,,,,,,,,,,,,,,,,,,,,,,,,,,,,,,,,,,,,,,,,,,,,,,,,,,,,,,,,,,,,,,,,,,,,,,,,,,,,,,,,,,,,,,
2026-27,football,Ohio Athletic Conference (OAC),oac,Ohio Northern,"Shanklin,Braeden",Braeden,Shanklin,,517,"Shanklin,Braeden","SHANKLIN,BRAEDEN",Ohio Northern,ONU,0,4,4,3,3D,0,0,DB,0,,,,,,,,,,,,0,12,9,21,21,.0,.0,.0,0,0,0,0,0,0,0,2,0,0,0,0,0,0,0,2,,,,,,,,,,,,,,,,,,,,,,,,,,,,,,,,,,,,,,,,,,,,,,,,,,,,,,,,,,,,,,,,,,,,,,,,,,,,,,,,,,,,,,,,,,,,
2026-27,football,Ohio Athletic Conference (OAC),oac,Ohio Northern,"Brown,Mikey",Mikey,Brown,,517,"Brown,Mikey","BROWN,MIKEY",Ohio Northern,ONU,0,4,3,3,3,0,WR,0,0,,,11,243,6,38,22.1,,,,,0,2,0,2,2,.0,.0,.0,0,0,0,0,0,0,0,0,0,0,0,0,0,0,0,0,,,,,,,,,,,,,,,0,6,0,0,0,0,0,0,0,36,36,9,,,,,,,,,,,,,,,,,,,,,,,,,,,,,,,,,,,,,,,,,,,,,,,,,,,,,,,,,,,,,,,,,,
2026-27,football,Ohio Athletic Conference (OAC),oac,Ohio Northern,"Olechnowicz,Zach",Zach,Olechnowicz,,517,"Olechnowicz,Zach","OLECHNOWICZ,ZACH",Ohio Northern,ONU,0,4,1,4,4,0,RB,0,0,,,3,0,0,1,.0,,,,,0,0,0,0,0,.0,.0,.0,0,0,0,0,0,0,0,0,0,0,0,0,0,0,0,0,,,,,,,,,,,,,2,0,0,2,0,0,0,0,0,0,0,12,12,3,,,,,,,,,,,,81,237,248,11,2,31,2.9,59.3,,,,,,,,,,,,,,,,,,,,,,,,,,,,,,,,,,,,,,,,,,,,,,,
2026-27,football,Ohio Athletic Conference (OAC),oac,Ohio Northern,"Hershberger,Jacob",Jacob,Hershberger,,517,"Hershberger,Jacob","HERSHBERGER,JACOB",Ohio Northern,ONU,0,4,3,5,5D,0,0,DB,0,,,,,,,,,,,,2,4,2,6,6,.0,.0,.0,0,0,0,0,0,0,0,0,0,0,0,0,0,0,1,1,,,,,,,,,,,,,,,,,,,,,,,,,,,,,,,,1,2,0,2,2.0,,,,,,,,,,,,,,,,,,,,,,,,,,,,,,,,,,,,,,,,,,,,,,,,,,,,,,,,
2026-27,football,Ohio Athletic Conference (OAC),oac,Ohio Northern,"Ponce,Julian",Julian,Ponce,,517,"Ponce,Julian","PONCE,JULIAN",Ohio Northern,ONU,0,4,1,5,5,0,WR,0,0,,,4,37,0,16,9.3,,,,,,,,,,,,,,,,,,,,,,,,,,,,,,,,,,,,,,,,,,,,,,,,,,,,,,,,,,,,,,,,,,,,,,,,,,,,,,,,,,,,,,,,,,,,,,,,,,,,,,,,,,,,,,,,,,,,,,,,
2026-27,football,Ohio Athletic Conference (OAC),oac,Ohio Northern,"Helms,Baret",Baret,Helms,,517,"Helms,Baret","HELMS,BARET",Ohio Northern,ONU,0,4,4,6,6D,0,0,DB,0,,,,,,,,,,,,0,18,15,33,33,.5,.0,.0,0,1,2,0,0,0,0,1,0,0,0,0,1,0,0,1,,,,,,,,,,,,,0,0,,,,,,,,,,,,,,,,,,,,,,,,,,,,,,,,,,,,,,,,,,,,,,,,,,,,,,,,,,,,,,,,,,,,,,,,,,,,,,
2026-27,football,Ohio Athletic Conference (OAC),oac,Ohio Northern,"Collings,Amir",Amir,Collings,,517,"Collings,Amir","COLLINGS,AMIR",Ohio Northern,ONU,0,4,4,7,7,0,QB,0,0,,,,,,,,,,,,0,0,0,0,0,.0,.0,.0,0,0,0,0,0,0,0,0,0,0,0,0,0,0,0,0,,,,,,,,,,,,,,,0,2,0,0,0,0,0,0,0,12,12,3,,,,,,,,,,,,17,20,56,36,1,13,1.2,5.0,36,5,45,9,688,7,98,63,139.3,7.02,10.92,172.0,,,,,,,,,,,,,,,,,,,,,,,,,,,,,,,,,,,
2026-27,football,Ohio Athletic Conference (OAC),oac,Ohio Northern,"Crowley,Evan",Evan,Crowley,,517,"Crowley,Evan","CROWLEY,EVAN",Ohio Northern,ONU,0,4,4,8,8D,0,0,DL,0,,,,,,,,,,,,0,6,9,15,15,4.0,.0,.0,3,2,8,0,0,0,0,1,1,3,0,0,1,0,0,1,,,,,,,,,,,,,0,0,,,,,,,,,,,,,,,,,,,,,,,,,,,,,,,,,,,,,,,,,,,,,,,,,,,,,,,,,,,,,,,,,,,,,,,,,,,,,,
2026-27,football,Ohio Athletic Conference (OAC),oac,Ohio Northern,"Sanders,Connor",Connor,Sanders,,517,"Sanders,Connor","SANDERS,CONNOR",Ohio Northern,ONU,0,4,4,9,9D,0,0,DL,0,,,,,,,,,,,,0,9,3,12,12,9.5,.0,.0,9,1,50,6.5,6,1,37,0,1,3,0,1,1,18,0,0,,,,,,,,,,,,,0,0,,,,,,,,,,,,,,,,,,,,,,,,,,,,,,,,,,,,,,,,,,,,,,,,,,,,,,,,,,,,,,,,,,,,,,,,,,,1,18,0,18
2026-27,football,Ohio Athletic Conference (OAC),oac,Ohio Northern,"Bayles,Brayden",Brayden,Bayles,,517,"Bayles,Brayden","BAYLES,BRAYDEN",Ohio Northern,ONU,0,4,0,10,10,0,QB,0,0,,,6,54,0,19,9.0,,,,,,,,,,,,,,,,,,,,,,,,,,,,,,,,,,,,,,,,,,,,,,,,,,,,,,,,,,,,,,,,,,8,14,15,1,0,5,1.8,3.5,,,,,,,,,,,,,,,,,,,,,,,,,,,,,,,,,,,,,,,,,,,,,,,
2026-27,football,Ohio Athletic Conference (OAC),oac,Ohio Northern,"Underwood,Maddox",Maddox,Underwood,,517,"Underwood,Maddox","UNDERWOOD,MADDOX",Ohio Northern,ONU,0,4,0,12,12,0,0,DB,0,,,,,,,,,,,,0,16,9,25,25,1.5,.0,.0,1,1,3,0,0,0,0,3,0,0,0,0,0,0,0,3,,,,,,,,,,,,,,,,,,,,,,,,,,,,,,,,,,,,,,,,,,,,,,,,,,,,,,,,,,,,,,,,,,,,,,,,,,,,,,,,,,,,,,,,,,,,
2026-27,football,Ohio Athletic Conference (OAC),oac,Ohio Northern,"Campbell,Dre",Dre,Campbell,,517,"Campbell,Dre","CAMPBELL,DRE",Ohio Northern,ONU,0,4,1,13,13,0,WR,0,0,,,2,27,1,14,13.5,,,,,0,0,0,0,0,.0,.0,.0,0,0,0,0,0,0,0,0,0,0,0,0,0,0,0,0,,,,,,,,,,,,,,,0,1,0,0,0,0,0,0,0,6,6,1.5,,,,,,,,,,,,,,,,,,,,,,,,,,,,,,,,,,,,,,,,,,,,,,,,,,,,,,,,,,,,,,,,,,
2026-27,football,Ohio Athletic Conference (OAC),oac,Ohio Northern,"Fach,Owen",Owen,Fach,,517,"Fach,Owen","FACH,OWEN",Ohio Northern,ONU,0,4,4,15,15,0,0,LB,0,,,,,,,,,,,,23,10,4,14,14,6.0,.0,.0,5,2,24,2,2,0,11,0,0,1,0,1,0,0,3,3,,,,,,,,,,,,,,,,,,,,,,,,,,,,,,,,3,23,0,15,7.7,,,,,,,,,,,,,,,,,,,,,,,,,,,,,,,,,,,,,,,,,,,,,,,,,,,,,,,,
2026-27,football,Ohio Athletic Conference (OAC),oac,Ohio Northern,"Seaton,Daniel",Daniel,Seaton,,517,"Seaton,Daniel","SEATON,DANIEL",Ohio Northern,ONU,0,4,4,20,20,0,0,LB,0,,,,,,,,,,,,0,15,7,22,22,6.0,.0,.0,5,2,19,3,3,0,12,1,0,1,0,0,0,0,0,1,,,,,,,,,,,,,,,,,,,,,,,,,,,,,,,,,,,,,,,,,,,,,,,,,,,,,,,,,,,,,,,,,,,,0,0,0,0,0,0,0,0,0,0,1,0,,,,,,,,,,,,,
2026-27,football,Ohio Athletic Conference (OAC),oac,Ohio Northern,"Garcia,Evan",Evan,Garcia,,517,"Garcia,Evan","GARCIA,EVAN",Ohio Northern,ONU,0,4,3,23,23,0,0,DB,0,,,,,,,,,,,,0,11,2,13,13,2.0,.0,.0,2,0,5,0,0,0,0,4,0,0,0,0,0,0,0,4,,,,,,,,,,,,,,,,,,,,,,,,,,,,,,,,,,,,,,,,,,,,,,,,,,,,,,,,,,,,,,,,,,,,,,,,,,,,,,,,,,,,,,,,,,,,
2026-27,football,Ohio Athletic Conference (OAC),oac,Ohio Northern,"Hickman,Andrew",Andrew,Hickman,,517,"Hickman,Andrew","HICKMAN,ANDREW",Ohio Northern,ONU,0,3,0,25,25,0,0,DB,0,,,,,,,,,,,,0,0,2,2,2,.0,.0,.0,0,0,0,0,0,0,0,0,0,0,0,0,0,0,0,0,,,,,,,,,,,,,,,,,,,,,,,,,,,,,,,,,,,,,,,,,,,,,,,,,,,,,,,,,,,,,,,,,,,,,,,,,,,,,,,,,,,,,,,,,,,,
2026-27,football,Ohio Athletic Conference (OAC),oac,Ohio Northern,"Sprang,Aidan",Aidan,Sprang,,517,"Sprang,Aidan","SPRANG,AIDAN",Ohio Northern,ONU,0,4,0,27,27,0,0,DB,0,,,,,,,,,,,,0,2,3,5,5,.0,.0,.0,0,0,0,0,0,0,0,0,0,0,0,0,0,0,0,0,,,,,,,,,,,,,,,,,,,,,,,,,,,,,,,,,,,,,,,,,,,,,,,,,,,,,,,,,,,,,,,,,,,,,,,,,,,,,,,,,,,,,,,,,,,,
2026-27,football,Ohio Athletic Conference (OAC),oac,Ohio Northern,"Fairbanks,Landon",Landon,Fairbanks,,517,"Fairbanks,Landon","FAIRBANKS,LANDON",Ohio Northern,ONU,0,4,0,32,32,0,RB,0,0,,,,,,,,,,,,0,0,1,1,1,.0,.0,.0,0,0,0,0,0,0,0,0,0,0,0,0,0,0,0,0,,,,,,,,,,,,,,,,,,,,,,,,,,,,,,,,,,,,,,,,,,,,,,,,,,,,,,,,,,,,,,,,,,,,,,,,,,,,,,,,,,,,,,,,,,,,
2026-27,football,Ohio Athletic Conference (OAC),oac,Ohio Northern,"Oliver,Stanley",Stanley,Oliver,,517,"Oliver,Stanley","OLIVER,STANLEY",Ohio Northern,ONU,0,2,0,35,35,0,RB,0,0,,,,,,,,,,,,,,,,,,,,,,,,,,,,,,,,,,,,,,,,,,,,,,,,,,,,,,,,,,,,,,,,,,,,,,,,,1,1,1,0,0,1,1.0,.5,,,,,,,,,,,,,,,,,,,,,,,,,,,,,,,,,,,,,,,,,,,,,,,
2026-27,football,Ohio Athletic Conference (OAC),oac,Ohio Northern,"Mapp,Deondra",Deondra,Mapp,,517,"Mapp,Deondra","MAPP,DEONDRA",Ohio Northern,ONU,0,2,0,39,39,0,0,DB,0,,,,,,,,,,,,0,0,1,1,1,.0,.0,.0,0,0,0,0,0,0,0,0,0,0,0,0,0,0,0,0,,,,,,,,,,,,,,,,,,,,,,,,,,,,,,,,,,,,,,,,,,,,,,,,,,,,,,,,,,,,,,,,,,,,,,,,,,,,,,,,,,,,,,,,,,,,
2026-27,football,Ohio Athletic Conference (OAC),oac,Ohio Northern,"Fisher,Kaine",Kaine,Fisher,,517,"Fisher,Kaine","FISHER,KAINE",Ohio Northern,ONU,0,4,0,40,40,0,WR,0,0,,,,,,,,,,,,0,0,2,2,2,.0,.0,.0,0,0,0,0,0,0,0,0,0,0,0,0,0,0,0,0,,,,,,,,,,,,,,,0,1,0,0,0,0,0,0,0,6,6,1.5,,,,,,,,,,,,10,39,40,1,1,8,3.9,9.8,,,,,,,,,,,,,,,,,,,,,,,,,,,,,,,,,,,,,,,,,,,,,,,
2026-27,football,Ohio Athletic Conference (OAC),oac,Ohio Northern,"Griffin,Keith",Keith,Griffin,,517,"Griffin,Keith","GRIFFIN,KEITH",Ohio Northern,ONU,0,3,0,44,44,0,0,LB,0,,,,,,,,,,,,0,5,2,7,7,.0,.0,.0,0,0,0,0,0,0,0,0,0,0,0,0,0,0,0,0,,,,,,,,,,,,,,,,,,,,,,,,,,,,,,,,,,,,,,,,,,,,,,,,,,,,,,,,,,,,,,,,,,,,,,,,,,,,,,,,,,,,,,,,,,,,
2026-27,football,Ohio Athletic Conference (OAC),oac,Ohio Northern,"Williams,Elijah",Elijah,Williams,,517,"Williams,Elijah","WILLIAMS,ELIJAH",Ohio Northern,ONU,0,4,0,46,46,0,0,LB,0,,,,,,,,,,,,0,3,0,3,3,1.0,.0,.0,1,0,5,0,0,0,0,0,0,1,0,0,0,0,0,0,,,,,,,,,,,,,,,,,,,,,,,,,,,,,,,,,,,,,,,,,,,,,,,,,,,,,,,,,,,,,,,,,,,,,,,,,,,,,,,,,,,,,,,,,,,,
2026-27,football,Ohio Athletic Conference (OAC),oac,Ohio Northern,"Murphy,Logan",Logan,Murphy,,517,"Murphy,Logan","MURPHY,LOGAN",Ohio Northern,ONU,0,4,4,55,55,0,0,LB,0,,,,,,,,,,,,0,3,6,9,9,.5,.0,.0,0,1,1,0,0,0,0,0,0,2,0,0,0,0,0,0,,,,,,,,,,,,,,,,,,,,,,,,,,,,,,,,,,,,,,,,,,,,,,,,,,,,,,,,,,,,,,,,,,,,,,,,,,,,,,,,,,,,,,,,,,,,
2026-27,football,Ohio Athletic Conference (OAC),oac,Ohio Northern,"Glin,Alex",Alex,Glin,,517,"Glin,Alex","GLIN,ALEX",Ohio Northern,ONU,0,3,0,56,56,0,0,0,0,,,,,,,,,,,,,,,,,,,,,,,,,,,,,,,,,,,,,,,,,,,,,,,,,,,,,,,,,,,,,,,,,,,,,,,,,,,,,,,,,,,,,,,,,,,,,,,,,,,,,,,,,,,,,,,,,,,,,,,,,,,,,,,
2026-27,football,Ohio Athletic Conference (OAC),oac,Ohio Northern,"Lehman,Quentin",Quentin,Lehman,,517,"Lehman,Quentin","LEHMAN,QUENTIN",Ohio Northern,ONU,0,4,4,57,57,0,OL,0,0,,,,,,,,,,,,,,,,,,,,,,,,,,,,,,,,,,,,,,,,,,,,,,,,,,,,,,,,,,,,,,,,,,,,,,,,,,,,,,,,,,,,,,,,,,,,,,,,,,,,,,,,,,,,,,,,,,,,,,,,,,,,,,,
2026-27,football,Ohio Athletic Conference (OAC),oac,Ohio Northern,"Smith,Jensen",Jensen,Smith,,517,"Smith,Jensen","SMITH,JENSEN",Ohio Northern,ONU,0,4,4,60,60,0,OL,0,0,,,,,,,,,,,,,,,,,,,,,,,,,,,,,,,,,,,,,,,,,,,,,,,,,,,,,,,,,,,,,,,,,,,,,,,,,,,,,,,,,,,,,,,,,,,,,,,,,,,,,,,,,,,,,,,,,,,,,,,,,,,,,,,
2026-27,football,Ohio Athletic Conference (OAC),oac,Ohio Northern,"Kane,Lucas",Lucas,Kane,,517,"Kane,Lucas","KANE,LUCAS",Ohio Northern,ONU,0,4,4,74,74,0,OL,0,0,,,,,,,,,,,,,,,,,,,,,,,,,,,,,,,,,,,,,,,,,,,,,,,,,,,,,,,,,,,,,,,,,,,,,,,,,,,,,,,,,,,,,,,,,,,,,,,,,,,,,,,,,,,,,,,,,,,,,,,,,,,,,,,
2026-27,football,Ohio Athletic Conference (OAC),oac,Ohio Northern,"Meyer,Dominic",Dominic,Meyer,,517,"Meyer,Dominic","MEYER,DOMINIC",Ohio Northern,ONU,0,4,4,75,75,0,OL,0,0,,,,,,,,,,,,,,,,,,,,,,,,,,,,,,,,,,,,,,,,,,,,,,,,,,,,,,,,,,,,,,,,,,,,,,,,,,,,,,,,,,,,,,,,,,,,,,,,,,,,,,,,,,,,,,,,,,,,,,,,,,,,,,,
2026-27,football,Ohio Athletic Conference (OAC),oac,Ohio Northern,"Stanyard,Bobby",Bobby,Stanyard,,517,"Stanyard,Bobby","STANYARD,BOBBY",Ohio Northern,ONU,0,4,4,76,76,0,OL,0,0,,,,,,,,,,,,,,,,,,,,,,,,,,,,,,,,,,,,,,,,,,,,,,,,,,,,,,,,,,,,,,,,,,,,,,,,,,,,,,,,,,,,,,,,,,,,,,,,,,,,,,,,,,,,,,,,,,,,,,,,,,,,,,,
2026-27,football,Ohio Athletic Conference (OAC),oac,Ohio Northern,"Thomson,Spencer",Spencer,Thomson,,517,"Thomson,Spencer","THOMSON,SPENCER",Ohio Northern,ONU,0,4,0,80,80,0,TE,0,0,,,,,,,,,,,,0,1,0,1,1,.0,.0,.0,0,0,0,0,0,0,0,0,0,0,0,0,0,0,0,0,,,,,,,,,,,,,,,,,,,,,,,,,,,,,,,,,,,,,,,,,,,,,,,,,,,,,,,,,,,,,,,,,,,,,,,,,,,,,,,,,,,,,,,,,,,,
2026-27,football,Ohio Athletic Conference (OAC),oac,Ohio Northern,"Stauffer,Raffi",Raffi,Stauffer,,517,"Stauffer,Raffi","STAUFFER,RAFFI",Ohio Northern,ONU,0,4,4,82,82,0,TE,0,0,,,4,47,0,30,11.8,,,,,,,,,,,,,,,,,,,,,,,,,,,,,,,,,,,,,,,,,,,,,,,,,,,,,,,,,,,,,,,,,,,,,,,,,,,,,,,,,,,,,,,,,,,,,,,,,,,,,,,,,,,,,,,,,,,,,,,,
2026-27,football,Ohio Athletic Conference (OAC),oac,Ohio Northern,"Hoelscher,Vic",Vic,Hoelscher,,517,"Hoelscher,Vic","HOELSCHER,VIC",Ohio Northern,ONU,0,4,1,83,83,0,WR,0,0,,,2,26,1,20,13.0,,,,,0,2,0,2,2,.0,.0,.0,0,0,0,0,0,0,0,0,0,0,0,0,0,0,0,0,6,110,0,44,18.3,13,171,0,65,13.2,,,1,1,0,1,0,0,0,0,0,0,0,6,6,1.5,,,,,,,,,,,,,,,,,,,,,,,,,,,,,,,,,,,,,,,,,,,,,,,,,,,,,,,,,,,,,,,,,,
2026-27,football,Ohio Athletic Conference (OAC),oac,Ohio Northern,"Gibson,Mason",Mason,Gibson,,517,"Gibson,Mason","GIBSON,MASON",Ohio Northern,ONU,0,4,0,88,88,0,WR,0,0,,,,,,,,,,,,,,,,,,,,,,,,,,,,,,,,,,,,,,,,,,,,,,,,,,,,,,,,,,,,,,,,,,,,,,,,,,,,,,,,,,,,,,,,,,,,,,,,,,,,,,,,,,,,,,,,,,,,,,,,,,,,,,,
2026-27,football,Ohio Athletic Conference (OAC),oac,Ohio Northern,"Serdinak,Matt",Matt,Serdinak,,517,"Serdinak,Matt","SERDINAK,MATT",Ohio Northern,ONU,0,4,0,89,89,0,0,0,0,,,,,,,,,,,,,,,,,,,,,,,,,,,,,,,,,,,,,,,,,,,,,,,,,,,,,,,,,,,,,,,,,,,,,,,,,,,,,,,,,,,,,,,,,,,,,,,,,,,,,,,,,,,,,,,,,,,24,1065,73,0,3,9,5,11,44.4,,,,
2026-27,football,Ohio Athletic Conference (OAC),oac,Ohio Northern,"McMillion,Luke",Luke,McMillion,,517,"McMillion,Luke","MCMILLION,LUKE",Ohio Northern,ONU,0,4,0,91,91,0,0,DL,0,,,,,,,,,,,,1,1,2,3,3,.0,.0,.0,0,0,0,0,0,0,0,1,0,0,0,0,0,0,1,2,,,,,,,,,,,,,,,,,,,,,,,,,,,,,,,,1,1,0,1,1.0,,,,,,,,,,,,,,,,,,,,,,,,,,,,,,,,,,,,,,,,,,,,,,,,,,,,,,,,
2026-27,football,Ohio Athletic Conference (OAC),oac,Ohio Northern,"Meehan,Landen",Landen,Meehan,,517,"Meehan,Landen","MEEHAN,LANDEN",Ohio Northern,ONU,0,3,0,93,93,0,0,DL,0,,,,,,,,,,,,0,1,2,3,3,1.5,.0,.0,1,1,2,1,1,0,0,0,0,0,0,0,0,0,0,0,,,,,,,,,,,,,,,,,,,,,,,,,,,,,,,,,,,,,,,,,,,,,,,,,,,,,,,,,,,,,,,,,,,,,,,,,,,,,,,,,,,,,,,,,,,,
2026-27,football,Ohio Athletic Conference (OAC),oac,Ohio Northern,"Cravens,Nick",Nick,Cravens,,517,"Cravens,Nick","CRAVENS,NICK",Ohio Northern,ONU,0,4,0,94,94,0,0,DL,0,,,,,,,,,,,,0,1,0,1,1,.0,.0,.0,0,0,0,0,0,0,0,0,0,0,0,0,0,0,0,0,,,,,,,,,,,,,,,,,,,,,,,,,,,,,,,,,,,,,,,,,,,,,,,,,,,,,,,,,,,,,,,,,,,,,,,,,,,,,,,,,,,,,,,,,,,,
2026-27,football,Ohio Athletic Conference (OAC),oac,Ohio Northern,"Stone,Braxton",Braxton,Stone,,517,"Stone,Braxton","STONE,BRAXTON",Ohio Northern,ONU,0,4,0,95,95,0,0,DL,0,,,,,,,,,,,,0,5,0,5,5,3.0,.0,.0,3,0,14,3,3,0,14,0,0,3,0,0,0,0,0,0,,,,,,,,,,,,,,,,,,,,,,,,,,,,,,,,,,,,,,,,,,,,,,,,,,,,,,,,,,,,,,,,,,,,,,,,,,,,,,,,,,,,,,,,,,,,
2026-27,football,Ohio Athletic Conference (OAC),oac,Ohio Northern,"Putt,Sean",Sean,Putt,,517,"Putt,Sean","PUTT,SEAN",Ohio Northern,ONU,0,4,0,98,98,0,0,0,0,,,,,,,,,,,,0,0,0,0,0,.0,.0,.0,0,0,0,0,0,0,0,0,0,0,0,0,0,0,0,0,,,,,,,,,,,,,,,14,0,3,0,0,0,0,0,0,23,23,5.75,,,,,,,,,,,,,,,,,,,,,,,,,,,,,,,,,,,,,3,5,39,1,60.0,15,14,0,0,0,0,0,0,0,0,0,0,,,,,,,,,,,,,
2026-27,football,Ohio Athletic Conference (OAC),oac,Ohio Northern,"Kennedy,Braylen",Braylen,Kennedy,,517,"Kennedy,Braylen","KENNEDY,BRAYLEN",Ohio Northern,ONU,0,4,0,99,99,0,0,0,0,,,,,,,,,,,,0,0,1,1,1,.0,.0,.0,0,0,0,0,0,0,0,0,0,0,0,0,0,0,0,0,,,,,,,,,,,,,,,,,,,,,,,,,,,,,,,,,,,,,,,,,,,,,,,,,,,,,,,,,,21,1136,1,3,54.1,,,,,,,,,,,,,,,,,,,,,,,,,,,,,,
2026-27,football,Ohio Athletic Conference (OAC),oac,Ohio Northern,Gavin White,Gavin,White,,517,Gavin White,"WHITE,GAVIN",Ohio Northern,ONU,0,3,0,8,8,0,0,0,0,,,1,3,0,3,3.0,,,,,,,,,,,,,,,,,,,,,,,,,,,,,,,,,,,,,,,,,,,,,,,,,,,,,,,,,,,,,,,,,,,,,,,,,,,,,,,,,,,,,,,,,,,,,,,,,,,,,,,,,,,,,,,,,,,,,,,,
2026-27,football,Ohio Athletic Conference (OAC),oac,Ohio Northern,Keegan Wilson,Keegan,Wilson,,517,Keegan Wilson,"WILSON,KEEGAN",Ohio Northern,ONU,0,3,0,9,9,0,0,0,0,,,2,12,0,9,6.0,,,,,,,,,,,,,,,,,,,,,,,,,,,,,,,,,,,,,,,,,,,,,,,,,,,,,,,,,,,,,,,,,,,,,,,,,,,,,,,,,,,,,,,,,,,,,,,,,,,,,,,,,,,,,,,,,,,,,,,,
2026-27,football,Ohio Athletic Conference (OAC),oac,Ohio Northern,Dylan Blubaugh,Dylan,Blubaugh,,517,Dylan Blubaugh,"BLUBAUGH,DYLAN",Ohio Northern,ONU,0,3,0,14,14,0,0,0,0,,,,,,,,,,,,0,1,1,2,2,.0,.0,.0,0,0,0,0,0,0,0,0,0,0,0,0,0,0,0,0,,,,,,,,,,,,,,,,,,,,,,,,,,,,,,,,,,,,,,,,,,,,,,,,,,,,,,,,,,,,,,,,,,,,,,,,,,,,,,,,,,,,,,,,,,,,
2026-27,football,Ohio Athletic Conference (OAC),oac,Ohio Northern,Jon Millet,Jon,Millet,,517,Jon Millet,"MILLET,JON",Ohio Northern,ONU,0,3,0,18,18,0,0,0,0,,,,,,,,,,,,,,,,,,,,,,,,,,,,,,,,,,,,,,,,,,,,,,,,,,,,,,,,,,,,,,,,,,,,,,,,,,,,,,,,,,,,,,,,,,,,,,,,,,,,,,,,,,,,,,,,,,,,,,,,,,,,,,,
2026-27,football,Ohio Athletic Conference (OAC),oac,Ohio Northern,Peyton Causby,Peyton,Causby,,517,Peyton Causby,"CAUSBY,PEYTON",Ohio Northern,ONU,0,3,0,22,22,0,0,0,0,,,,,,,,,,,,0,4,1,5,5,.0,.0,.0,0,0,0,0,0,0,0,0,0,0,0,0,0,0,0,0,,,,,,,,,,,,,,,,,,,,,,,,,,,,,,,,,,,,,,,,,,,,,,,,,,,,,,,,,,,,,,,,,,,,,,,,,,,,,,,,,,,,,,,,,,,,
2026-27,football,Ohio Athletic Conference (OAC),oac,Ohio Northern,Tyler Collura,Tyler,Collura,,517,Tyler Collura,"COLLURA,TYLER",Ohio Northern,ONU,0,3,0,30,30,0,0,0,0,,,,,,,,,,,,0,1,0,1,1,.0,.0,.0,0,0,0,0,0,0,0,0,0,0,0,0,0,0,0,0,,,,,,,,,,,,,,,,,,,,,,,,,,,,,,,,,,,,,,,,,,,,,,,,,,,,,,,,,,,,,,,,,,,,,,,,,,,,,,,,,,,,,,,,,,,,
2026-27,football,Ohio Athletic Conference (OAC),oac,Ohio Northern,Carson Poppe,Carson,Poppe,,517,Carson Poppe,"POPPE,CARSON",Ohio Northern,ONU,0,1,0,37,37,0,0,0,0,,,,,,,,,,,,,,,,,,,,,,,,,,,,,,,,,,,,,,,,,,,,,,,,,,,,,,,,,,,,,,,,,,,,,,,,,,,,,,,,,,,,,,,,,,,,,,,,,,,,,,,,,,,,,,,,,,,,,,,,,,,,,,,
2026-27,football,Ohio Athletic Conference (OAC),oac,Ohio Northern,Kellen Buss,Kellen,Buss,,517,Kellen Buss,"BUSS,KELLEN",Ohio Northern,ONU,0,3,0,42,42,0,0,0,0,,,,,,,,,,,,0,1,0,1,1,.0,.0,.0,0,0,0,0,0,0,0,0,0,0,0,0,0,0,0,0,,,,,,,,,,,,,,,,,,,,,,,,,,,,,,,,,,,,,,,,,,,,,,,,,,,,,,,,,,,,,,,,,,,,,,,,,,,,,,,,,,,,,,,,,,,,
2026-27,football,Ohio Athletic Conference (OAC),oac,Ohio Northern,William Favors,William,Favors,,517,William Favors,"FAVORS,WILLIAM",Ohio Northern,ONU,0,3,0,47,47,0,0,0,0,,,,,,,,,,,,0,0,1,1,1,.0,.0,.0,0,0,0,0,0,0,0,0,0,0,0,0,0,0,0,0,,,,,,,,,,,,,,,,,,,,,,,,,,,,,,,,,,,,,,,,,,,,,,,,,,,,,,,,,,,,,,,,,,,,,,,,,,,,,,,,,,,,,,,,,,,,
2026-27,football,Ohio Athletic Conference (OAC),oac,Ohio Northern,Dane Crabtree,Dane,Crabtree,,517,Dane Crabtree,"CRABTREE,DANE",Ohio Northern,ONU,0,3,0,52,52,0,0,0,0,,,,,,,,,,,,0,0,3,3,3,.0,.0,.0,0,0,0,0,0,0,0,0,0,0,0,0,0,0,0,0,,,,,,,,,,,,,,,,,,,,,,,,,,,,,,,,,,,,,,,,,,,,,,,,,,,,,,,,,,,,,,,,,,,,,,,,,,,,,,,,,,,,,,,,,,,,
2026-27,football,Ohio Athletic Conference (OAC),oac,Ohio Northern,Owen Przybylski,Owen,Przybylski,,517,Owen Przybylski,"PRZYBYLSKI,OWEN",Ohio Northern,ONU,0,3,1,85,85,0,0,0,0,,,1,6,0,6,6.0,,,,,,,,,,,,,,,,,,,,,,,,,,,,,,,,,,,,,,,,,,,,,,,,,,,,,,,,,,,,,,,,,,,,,,,,,,,,,,,,,,,,,,,,,,,,,,,,,,,,,,,,,,,,,,,,,,,,,,,,
2026-27,football,Ohio Athletic Conference (OAC),oac,Ohio Northern,Drew Logsdon,Drew,Logsdon,,517,Drew Logsdon,"LOGSDON,DREW",Ohio Northern,ONU,0,3,0,87,87,0,0,0,0,,,,,,,,,,,,,,,,,,,,,,,,,,,,,,,,,,,,,,,,,,,,,,,,,,,,,,,,,,,,,,,,,,,,,,,,,,,,,,,,,,,,,,,,,,,,,,,,,,,,,,,,,,,,,,,,,,,,,,,,,,,,,,,
2026-27,football,Ohio Athletic Conference (OAC),oac,Ohio Northern,"Piton,Rod",Rod,Piton,,517,"Piton,Rod","PITON,ROD",Ohio Northern,ONU,0,2,0,4,4D,0,0,DB,0,,,,,,,,,,,,0,1,0,1,1,.0,.0,.0,0,0,0,0,0,0,0,1,0,0,0,0,0,0,0,1,,,,,,,,,,,,,,,,,,,,,,,,,,,,,,,,,,,,,,,,,,,,,,,,,,,,,,,,,,,,,,,,,,,,,,,,,,,,,,,,,,,,,,,,,,,,
2026-27,football,Ohio Athletic Conference (OAC),oac,Ohio Northern,"Sandhar,Jayshan",Jayshan,Sandhar,,517,"Sandhar,Jayshan","SANDHAR,JAYSHAN",Ohio Northern,ONU,0,2,0,17,17,0,QB,0,0,,,,,,,,,,,,,,,,,,,,,,,,,,,,,,,,,,,,,,,,,,,,,,,,,,,,,,,,,,,,,,,,,,,,,,,,,1,4,4,0,0,4,4.0,2.0,,,,,,,,,,,,,,,,,,,,,,,,,,,,,,,,,,,,,,,,,,,,,,,
2026-27,football,Ohio Athletic Conference (OAC),oac,Ohio Northern,"Sherick,Adam",Adam,Sherick,,517,"Sherick,Adam","SHERICK,ADAM",Ohio Northern,ONU,0,1,0,19,19,0,QB,0,0,,,,,,,,,,,,,,,,,,,,,,,,,,,,,,,,,,,,,,,,,,,,,,,,,,,,,,,,,,,,,,,,,,,,,,,,,,,,,,,,,,,,,,,,,,,,,,,,,,,,,,,,,,,,,,,,,,,,,,,,,,,,,,,
2026-27,football,Ohio Athletic Conference (OAC),oac,Ohio Northern,"Chamberlain,Seth",Seth,Chamberlain,,517,"Chamberlain,Seth","CHAMBERLAIN,SETH",Ohio Northern,ONU,0,2,0,31,31,0,RB,0,0,,,2,16,0,9,8.0,,,,,0,0,1,1,1,.0,.0,.0,0,0,0,0,0,0,0,0,0,0,0,0,0,0,0,0,,,,,,,,,,,,,,,,,,,,,,,,,,,,,,,,,,,,,,6,21,21,0,0,11,3.5,10.5,,,,,,,,,,,,,,,,,,,,,,,,,,,,,,,,,,,,,,,,,,,,,,,
2026-27,football,Ohio Athletic Conference (OAC),oac,Ohio Northern,"Cooper,Tylar",Tylar,Cooper,,517,"Cooper,Tylar","COOPER,TYLAR",Ohio Northern,ONU,0,1,0,50,50,0,0,LB,0,,,,,,,,,,,,,,,,,,,,,,,,,,,,,,,,,,,,,,,,,,,,,,,,,,,,,,,,,,,,,,,,,,,,,,,,,,,,,,,,,,,,,,,,,,,,,,,,,,,,,,,,,,,,,,,,,,,,,,,,,,,,,,,
2026-27,football,Ohio Athletic Conference (OAC),oac,Ohio Northern,"Cravens,Tyson",Tyson,Cravens,,517,"Cravens,Tyson","CRAVENS,TYSON",Ohio Northern,ONU,0,2,0,62,62,0,OL,0,0,,,,,,,,,,,,,,,,,,,,,,,,,,,,,,,,,,,,,,,,,,,,,,,,,,,,,,,,,,,,,,,,,,,,,,,,,,,,,,,,,,,,,,,,,,,,,,,,,,,,,,,,,,,,,,,,,,,,,,,,,,,,,,,
2026-27,football,Ohio Athletic Conference (OAC),oac,Ohio Northern,"Reece,Trey",Trey,Reece,,517,"Reece,Trey","REECE,TREY",Ohio Northern,ONU,0,2,0,63,63,0,OL,0,0,,,,,,,,,,,,,,,,,,,,,,,,,,,,,,,,,,,,,,,,,,,,,,,,,,,,,,,,,,,,,,,,,,,,,,,,,,,,,,,,,,,,,,,,,,,,,,,,,,,,,,,,,,,,,,,,,,,,,,,,,,,,,,,
2026-27,football,Ohio Athletic Conference (OAC),oac,Ohio Northern,"Wright,Parker",Parker,Wright,,517,"Wright,Parker","WRIGHT,PARKER",Ohio Northern,ONU,0,2,0,65,65,0,OL,0,0,,,,,,,,,,,,,,,,,,,,,,,,,,,,,,,,,,,,,,,,,,,,,,,,,,,,,,,,,,,,,,,,,,,,,,,,,,,,,,,,,,,,,,,,,,,,,,,,,,,,,,,,,,,,,,,,,,,,,,,,,,,,,,,
2026-27,football,Ohio Athletic Conference (OAC),oac,Ohio Northern,"Couch,Evan",Evan,Couch,,517,"Couch,Evan","COUCH,EVAN",Ohio Northern,ONU,0,1,0,67,67,0,OL,0,0,,,,,,,,,,,,,,,,,,,,,,,,,,,,,,,,,,,,,,,,,,,,,,,,,,,,,,,,,,,,,,,,,,,,,,,,,,,,,,,,,,,,,,,,,,,,,,,,,,,,,,,,,,,,,,,,,,,,,,,,,,,,,,,
2026-27,football,Ohio Athletic Conference (OAC),oac,Ohio Northern,"Walker,Jaydon",Jaydon,Walker,,517,"Walker,Jaydon","WALKER,JAYDON",Ohio Northern,ONU,0,2,0,68,68,0,OL,0,0,,,,,,,,,,,,,,,,,,,,,,,,,,,,,,,,,,,,,,,,,,,,,,,,,,,,,,,,,,,,,,,,,,,,,,,,,,,,,,,,,,,,,,,,,,,,,,,,,,,,,,,,,,,,,,,,,,,,,,,,,,,,,,,
2026-27,football,Ohio Athletic Conference (OAC),oac,Ohio Northern,"Norbury,Chase",Chase,Norbury,,517,"Norbury,Chase","NORBURY,CHASE",Ohio Northern,ONU,0,2,0,70,70,0,OL,0,0,,,,,,,,,,,,,,,,,,,,,,,,,,,,,,,,,,,,,,,,,,,,,,,,,,,,,,,,,,,,,,,,,,,,,,,,,,,,,,,,,,,,,,,,,,,,,,,,,,,,,,,,,,,,,,,,,,,,,,,,,,,,,,,
2026-27,football,Ohio Athletic Conference (OAC),oac,Ohio Northern,"Barry,Will",Will,Barry,,517,"Barry,Will","BARRY,WILL",Ohio Northern,ONU,0,2,0,77,77,0,0,DL,0,,,,,,,,,,,,0,1,0,1,1,1.0,.0,.0,1,0,9,1,1,0,9,0,0,0,0,0,0,0,0,0,,,,,,,,,,,,,,,,,,,,,,,,,,,,,,,,,,,,,,,,,,,,,,,,,,,,,,,,,,,,,,,,,,,,,,,,,,,,,,,,,,,,,,,,,,,,
2026-27,football,Ohio Athletic Conference (OAC),oac,Ohio Northern,"Lehman,Eric",Eric,Lehman,,517,"Lehman,Eric","LEHMAN,ERIC",Ohio Northern,ONU,0,2,0,78,78,0,OL,0,0,,,,,,,,,,,,,,,,,,,,,,,,,,,,,,,,,,,,,,,,,,,,,,,,,,,,,,,,,,,,,,,,,,,,,,,,,,,,,,,,,,,,,,,,,,,,,,,,,,,,,,,,,,,,,,,,,,,,,,,,,,,,,,,
2026-27,football,Ohio Athletic Conference (OAC),oac,Ohio Northern,"Wagner,Nathan",Nathan,Wagner,,517,"Wagner,Nathan","WAGNER,NATHAN",Ohio Northern,ONU,0,1,0,84,84,0,WR,0,0,,,,,,,,,,,,,,,,,,,,,,,,,,,,,,,,,,,,,,,,,,,,,,,,,,,,,,,,,,,,,,,,,,,,,,,,,,,,,,,,,,,,,,,,,,,,,,,,,,,,,,,,,,,,,,,,,,,,,,,,,,,,,,,
2026-27,football,Ohio Athletic Conference (OAC),oac,Ohio Northern,"Mertz,Vincent",Vincent,Mertz,,517,"Mertz,Vincent","MERTZ,VINCENT",Ohio Northern,ONU,0,1,0,90,90,0,0,DL,0,,,,,,,,,,,,0,0,1,1,1,.0,.0,.0,0,0,0,0,0,0,0,0,0,0,0,0,0,0,0,0,,,,,,,,,,,,,,,,,,,,,,,,,,,,,,,,,,,,,,,,,,,,,,,,,,,,,,,,,,,,,,,,,,,,,,,,,,,,,,,,,,,,,,,,,,,,
2026-27,football,Ohio Athletic Conference (OAC),oac,Ohio Northern,"Patterson,Ryan",Ryan,Patterson,,517,"Patterson,Ryan","PATTERSON,RYAN",Ohio Northern,ONU,0,2,0,97,97,0,0,DL,0,,,,,,,,,,,,,,,,,,,,,,,,,,,,,,,,,,,,,,,,,,,,,,,,,,,,,,,,,,,,,,,,,,,,,,,,,,,,,,,,,,,,,,,,,,,,,,,,,,,,,,,,,,,,,,,,,,,,,,,,,,,,,,,
2026-27,football,Ohio Athletic Conference (OAC),oac,Ohio Northern,"Alvin,A.Z.",A.Z.,Alvin,,517,"Alvin,A.Z.","ALVIN,A.Z.",Ohio Northern,ONU,0,1,0,7,7D,0,0,DB,0,,,,,,,,,,,,0,1,1,2,2,.0,.0,.0,0,0,0,0,0,0,0,0,0,0,0,0,0,0,0,0,,,,,,,,,,,,,,,,,,,,,,,,,,,,,,,,,,,,,,,,,,,,,,,,,,,,,,,,,,,,,,,,,,,,,,,,,,,,,,,,,,,,,,,,,,,,
2026-27,football,Ohio Athletic Conference (OAC),oac,Ohio Northern,"McFarlane,Marquise",Marquise,McFarlane,,517,"McFarlane,Marquise","MCFARLANE,MARQUISE",Ohio Northern,ONU,0,1,0,11,11,0,0,DB,0,,,,,,,,,,,,0,1,0,1,1,.0,.0,.0,0,0,0,0,0,0,0,0,0,0,0,0,0,0,0,0,,,,,,,,,,,,,,,,,,,,,,,,,,,,,,,,,,,,,,,,,,,,,,,,,,,,,,,,,,,,,,,,,,,,,,,,,,,,,,,,,,,,,,,,,,,,
2026-27,football,Ohio Athletic Conference (OAC),oac,Ohio Northern,"Blasiole,Nate",Nate,Blasiole,,517,"Blasiole,Nate","BLASIOLE,NATE",Ohio Northern,ONU,0,1,0,21,2B,0,RB,0,0,,,,,,,,,,,,,,,,,,,,,,,,,,,,,,,,,,,,,,,,,,,,,,,,,,,,,,,,,,,,,,,,,,,,,,,,,3,6,6,0,0,6,2.0,6.0,,,,,,,,,,,,,,,,,,,,,,,,,,,,,,,,,,,,,,,,,,,,,,,
2026-27,football,Ohio Athletic Conference (OAC),oac,Ohio Northern,"Wervey,Cross",Cross,Wervey,,517,"Wervey,Cross","WERVEY,CROSS",Ohio Northern,ONU,0,1,0,33,33,0,0,DB,0,,,,,,,,,,,,,,,,,,,,,,,,,,,,,,,,,,,,,,,,,,,,,,,,,,,,,,,,,,,,,,,,,,,,,,,,,,,,,,,,,,,,,,,,,,,,,,,,,,,,,,,,,,,,,,,,,,,,,,,,,,,,,,,
2026-27,football,Ohio Athletic Conference (OAC),oac,Ohio Northern,"Leistner,Garrett",Garrett,Leistner,,517,"Leistner,Garrett","LEISTNER,GARRETT",Ohio Northern,ONU,0,1,0,41,41,0,0,LB,0,,,,,,,,,,,,0,1,1,2,2,.0,.0,.0,0,0,0,0,0,0,0,0,0,0,0,0,0,0,0,0,,,,,,,,,,,,,,,,,,,,,,,,,,,,,,,,,,,,,,,,,,,,,,,,,,,,,,,,,,,,,,,,,,,,,,,,,,,,,,,,,,,,,,,,,,,,
2026-27,football,Ohio Athletic Conference (OAC),oac,Ohio Northern,"Jenkins-Burns,Aiden",Aiden,Jenkins-Burns,,517,"Jenkins-Burns,Aiden","JENKINS-BURNS,AIDEN",Ohio Northern,ONU,0,1,0,43,43,0,0,DL,0,,,,,,,,,,,,0,0,1,1,1,.0,.0,.0,0,0,0,0,0,0,0,0,0,0,0,0,0,0,0,0,,,,,,,,,,,,,,,,,,,,,,,,,,,,,,,,,,,,,,,,,,,,,,,,,,,,,,,,,,,,,,,,,,,,,,,,,,,,,,,,,,,,,,,,,,,,
2026-27,football,Ohio Athletic Conference (OAC),oac,Ohio Northern,"Carey,Garrett",Garrett,Carey,,517,"Carey,Garrett","CAREY,GARRETT",Ohio Northern,ONU,0,1,0,86,86,0,WR,0,0,,,,,,,,,,,,,,,,,,,,,,,,,,,,,,,,,,,,,,,,,,,,,,,,,,,,,,,,,,,,,,,,,,,,,,,,,,,,,,,,,,,,,,,,,,,,,,,,,,,,,,,,,,,,,,,,,,,,,,,,,,,,,,,
2026-27,football,Ohio Athletic Conference (OAC),oac,Mount Union,"Gannelli,Gabe",Gabe,Gannelli,,452,"Gannelli,Gabe","GANNELLI,GABE",Mount Union,UMU,1279-5147,3,3,0,0,0,0,DL,0,,,,,,,,,,,,0,2,6,8,8,1.0,.0,.0,1,0,2,0,0,0,0,0,0,0,0,0,0,0,0,0,,,,,,,,,,,,,,,,,,,,,,,,,,,,,,,,,,,,,,,,,,,,,,,,,,,,,,,,,,,,,,,,,,,,,,,,,,,,,,,,,,,,,,,,,,,,
2026-27,football,Ohio Athletic Conference (OAC),oac,Mount Union,"Minner,Kayden",Kayden,Minner,,452,"Minner,Kayden","MINNER,KAYDEN",Mount Union,UMU,1279-5236,3,3,0,0M,0,RB,0,0,,,7,92,2,26,13.1,,,,,0,0,0,0,0,.0,.0,.0,0,0,0,0,0,0,0,0,0,0,0,0,0,0,0,0,,,,,,,,,,,,,,,0,3,0,0,0,0,0,0,0,18,18,6,,,,,,,,,,,,34,154,158,4,1,33,4.5,51.3,,,,,,,,,,,,,,,,,,,,,,,,,,,,,,,,,,,,,,,,,,,,,,,
2026-27,football,Ohio Athletic Conference (OAC),oac,Mount Union,"Holmes,Andrew",Andrew,Holmes,,452,"Holmes,Andrew","HOLMES,ANDREW",Mount Union,UMU,1279-5650,3,3,2,2H,0,0,S,0,,,,,,,,,,,,13,5,3,8,8,.0,.0,.0,0,0,0,0,0,0,0,5,0,1,0,0,0,0,2,7,,,,,,,,,,,,,,,,,,,,,,,,,,,,,,,,2,13,0,13,6.5,,,,,,,,,,,,,,,,,,,,,,,,,,,,,,,,,,,,,,,,,,,,,,,,,,,,,,,,
2026-27,football,Ohio Athletic Conference (OAC),oac,Mount Union,"Anderson,Jaeson",Jaeson,Anderson,,452,"Anderson,Jaeson","ANDERSON,JAESON",Mount Union,UMU,1279-5419,2,1,3,3A,0,0,CB,0,,,,,,,,,,,,0,4,2,6,6,.0,.0,.0,0,0,0,0,0,0,0,0,0,0,0,0,0,0,1,1,,,,,,,,,,,,,,,,,,,,,,,,,,,,,,,,1,0,0,0,.0,,,,,,,,,,,,,,,,,,,,,,,,,,,,,,,,,,,,,,,,,,,,,,,,,,,,,,,,
2026-27,football,Ohio Athletic Conference (OAC),oac,Mount Union,"Richardson,Dallas",Dallas,Richardson,,452,"Richardson,Dallas","RICHARDSON,DALLAS",Mount Union,UMU,1279-5692,3,2,4,4R,0,0,S,0,,,,,,,,,,,,0,5,5,10,10,.5,.0,.0,0,1,2,0,0,0,0,0,0,0,0,0,0,0,2,2,,,,,,,,,,,,,,,,,,,,,,,,,,,,,,,,2,0,0,0,.0,,,,,,,,,,,,,,,,,,,,,,,,,,,,,,,,,,,,,,,,,,,,,,,,,,,,,,,,
2026-27,football,Ohio Athletic Conference (OAC),oac,Mount Union,"Thomas,Amir",Amir,Thomas,,452,"Thomas,Amir","THOMAS,AMIR",Mount Union,UMU,1279-5721,2,0,5,5T,0,0,S,0,,,,,,,,,,,,,,,,,,,,,,,,,,,,,,,,,,,,,,,,,,,,,,,,,,,,,,,,,,,,,,,,,,,,,,,,,,,,,,,,,,,,,,,,,,,,,,,,,,,,,,,,,,,,,,,,,,,,,,,,,,,,,,,
2026-27,football,Ohio Athletic Conference (OAC),oac,Mount Union,"Weaver,Lucas",Lucas,Weaver,,452,"Weaver,Lucas","WEAVER,LUCAS",Mount Union,UMU,1279-5711,3,0,8,5,0,RB,0,0,,,2,7,0,5,3.5,,,,,,,,,,,,,,,,,,,,,,,,,,,,,4,41,0,20,10.3,,,,,,,,,,,,,,,,,,,,,,,,,,,,,,,,,1,4,4,0,0,4,4.0,1.3,,,,,,,,,,,,,,,,,,,,,,,,,,,,,,,,,,,,,,,,,,,,,,,
2026-27,football,Ohio Athletic Conference (OAC),oac,Mount Union,"Williams,Rickie",Rickie,Williams,,452,"Williams,Rickie","WILLIAMS,RICKIE",Mount Union,UMU,1279-5716,3,3,6,18,0,0,CB,0,,,,,,,,,,,,36,8,9,17,17,1.5,.0,.0,1,1,30,1,1,0,29,1,1,0,0,0,0,0,1,2,,,,,,,,,,,,,,,,,,,,,,,,,,,,,,,,1,36,0,36,36.0,,,,,,,,,,,,,,,,,,,,,,,,,,,,,,,,,,,,,,,,,,,,,,,,,,,,,,,,
2026-27,football,Ohio Athletic Conference (OAC),oac,Mount Union,"Ashby,Mason",Mason,Ashby,,452,"Ashby,Mason","ASHBY,MASON",Mount Union,UMU,1279-5092,3,3,6,80,0,WR,0,0,,,19,303,2,80,15.9,,,,,0,0,0,0,0,.0,.0,.0,0,0,0,0,0,0,0,0,0,0,0,0,0,0,0,0,,,,,,4,13,0,9,3.3,,,1,0,0,2,0,0,0,0,0,0,0,12,12,4,,,,,,,,,,,,2,11,11,0,0,10,5.5,3.7,,,,,,,,,,,,,,,,,,,,,,,,,,,,,,,,,,,,,,,,,,,,,,,
2026-27,football,Ohio Athletic Conference (OAC),oac,Mount Union,"Harris,Jackson",Jackson,Harris,,452,"Harris,Jackson","HARRIS,JACKSON",Mount Union,UMU,1279-4795,3,1,8,8,0,0,DL,0,,,,,,,,,,,,0,3,8,11,11,.5,.0,.0,0,1,3,0.5,0,1,3,0,0,0,0,0,1,0,0,0,,,,,,,,,,,,,0,0,,,,,,,,,,,,,,,,,,,,,,,,,,,,,,,,,,,,,,,,,,,,,,,,,,,,,,,,,,,,,,,,,,,,,,,,,,,,,,
2026-27,football,Ohio Athletic Conference (OAC),oac,Mount Union,"Adelman,Connor",Connor,Adelman,,452,"Adelman,Connor","ADELMAN,CONNOR",Mount Union,UMU,1279-4476,3,3,9,9A,0,0,S,0,,,,,,,,,,,,0,5,12,17,17,.5,.0,.0,0,1,2,0.5,0,1,2,2,0,0,0,0,0,0,0,2,,,,,,,,,,,,,,,,,,,,,,,,,,,,,,,,,,,,,,,,,,,,,,,,,,,,,,,,,,,,,,,,,,,,,,,,,,,,,,,,,,,,,,,,,,,,
2026-27,football,Ohio Athletic Conference (OAC),oac,Mount Union,"Liebler,Zack",Zack,Liebler,,452,"Liebler,Zack","LIEBLER,ZACK",Mount Union,UMU,1279-5214,3,2,10,10,0,0,DB,0,,,,,,,,,,,,0,8,1,9,9,.0,.0,.0,0,0,0,0,0,0,0,0,0,0,0,0,0,0,1,1,,,,,,,,,,,,,,,,,,,,,,,,,,,,,,,,1,0,0,0,.0,,,,,,,,,,,,,,,,,,,,,,,,,,,,,,,,,,,,,,,,,,,,,,,,,,,,,,,,
2026-27,football,Ohio Athletic Conference (OAC),oac,Mount Union,"Levak,Ricky",Ricky,Levak,,452,"Levak,Ricky","LEVAK,RICKY",Mount Union,UMU,1279-5213,1,1,12,1L,0,0,S,0,,,,,,,,,,,,0,5,2,7,7,1.0,.0,.0,1,0,3,0,0,0,0,0,0,0,0,0,0,0,0,0,,,,,,,,,,,,,,,,,,,,,,,,,,,,,,,,,,,,,,,,,,,,,,,,,,,,,,,,,,,,,,,,,,,,,,,,,,,,,,,,,,,,,,,,,,,,
2026-27,football,Ohio Athletic Conference (OAC),oac,Mount Union,"Caldwell,Deandre",Deandre,Caldwell,,452,"Caldwell,Deandre","CALDWELL,DEANDRE",Mount Union,UMU,1279-5621,1,0,12,12,0,WR,0,0,,,0,0,0,0,.0,,,,,,,,,,,,,,,,,,,,,,,,,,,,,,,,,,,,,,,,,,,,,,,,,,,,,,,,,,,,,,,,,,,,,,,,,,,,,,,,,,,,,,,,,,,,,,,,,,,,,,,,,,,,,,,,,,,,,,,,
2026-27,football,Ohio Athletic Conference (OAC),oac,Mount Union,"Harris,Brayden",Brayden,Harris,,452,"Harris,Brayden","HARRIS,BRAYDEN",Mount Union,UMU,1279-5981,3,2,13,1H,0,WR,0,0,,,7,109,1,41,15.6,,,,,0,0,0,0,0,.0,.0,.0,0,0,0,0,0,0,0,0,0,0,0,0,0,0,0,0,,,,,,,,,,,,,,,0,1,0,0,0,0,0,0,0,6,6,2,,,,,,,,,,,,,,,,,,,,,,,,,,,,,,,,,,,,,,,,,,,,,,,,,,,,,,,,,,,,,,,,,,
2026-27,football,Ohio Athletic Conference (OAC),oac,Mount Union,"Mills,Rakiem",Rakiem,Mills,,452,"Mills,Rakiem","MILLS,RAKIEM",Mount Union,UMU,1279-4806,1,0,14,14,0,0,LB,0,,,,,,,,,,,,,,,,,,,,,,,,,,,,,,,,,,,,,,,,,,,,,,,,,,,,,,,,,,,,,,,,,,,,,,,,,,,,,,,,,,,,,,,,,,,,,,,,,,,,,,,,,,,,,,,,,,,,,,,,,,,,,,,
2026-27,football,Ohio Athletic Conference (OAC),oac,Mount Union,"Maloney,Mikey",Mikey,Maloney,,452,"Maloney,Mikey","MALONEY,MIKEY",Mount Union,UMU,1279-5220,3,3,15,15,0,QB,0,0,,,,,,,,,,,,0,0,0,0,0,.0,.0,.0,0,0,0,0,0,0,0,0,0,0,0,0,0,0,0,0,,,,,,,,,,,,,,,0,1,0,0,0,0,0,0,0,6,6,2,,,,,,,,,,,,24,79,105,26,1,14,3.3,26.3,23,5,80,8,820,7,99,56,138.7,8.28,14.64,273.3,,,,,,,,,,,0,0,0,0,1,0,1,0,0,0,0,0,,,,,,,,,,,,,
2026-27,football,Ohio Athletic Conference (OAC),oac,Mount Union,"Henderson,Pavel",Pavel,Henderson,,452,"Henderson,Pavel","HENDERSON,PAVEL",Mount Union,UMU,1279-5983,3,0,16,1P,0,WR,0,0,,,,,,,,,,,,0,1,0,1,1,.0,.0,.0,0,0,0,0,0,0,0,0,0,0,0,0,0,0,0,0,,,,,,,,,,,,,,,,,,,,,,,,,,,,,,,,,,,,,,,,,,,,,,,,,,,,,,,,,,,,,,,,,,,,,,,,,,,,,,,,,,,,,,,,,,,,
2026-27,football,Ohio Athletic Conference (OAC),oac,Mount Union,"Swain,RJ",RJ,Swain,,452,"Swain,RJ","SWAIN,RJ",Mount Union,UMU,1279-5707,1,0,16,16,0,0,CB,0,,,,,,,,,,,,,,,,,,,,,,,,,,,,,,,,,,,,,,,,,,,,,,,,,,,,,,,,,,,,,,,,,,,,,,,,,,,,,,,,,,,,,,,,,,,,,,,,,,,,,,,,,,,,,,,,,,,,,,,,,,,,,,,
2026-27,football,Ohio Athletic Conference (OAC),oac,Mount Union,"Smith,Preston",Preston,Smith,,452,"Smith,Preston","SMITH,PRESTON",Mount Union,UMU,1279-5269,3,0,17,17,0,WR,0,0,,,,,,,,,,,,0,0,1,1,1,.0,.0,.0,0,0,0,0,0,0,0,0,0,0,0,0,0,0,0,0,,,,,,,,,,,,,,,,,,,,,,,,,,,,,,,,,,,,,,,,,,,,,,,,,,,,,,,,,,,,,,,,,,,,,,,,,,,,,,,,,,,,,,,,,,,,
2026-27,football,Ohio Athletic Conference (OAC),oac,Mount Union,"Allen,Omari",Omari,Allen,,452,"Allen,Omari","ALLEN,OMARI",Mount Union,UMU,1279-4773,3,3,18,82,0,WR,0,0,,,3,22,1,13,7.3,,,,,0,0,0,0,0,.0,.0,.0,0,0,0,0,0,0,0,0,0,0,0,0,0,0,0,0,,,,,,,,,,,,,,,0,1,0,0,0,0,0,0,0,6,6,2,,,,,,,,,,,,,,,,,,,,,,,,,,,,,,,,,,,,,,,,,,,,,,,,,,,,,,,,,,,,,,,,,,
2026-27,football,Ohio Athletic Conference (OAC),oac,Mount Union,"Johnson,Jordan",Jordan,Johnson,,452,"Johnson,Jordan","JOHNSON,JORDAN",Mount Union,UMU,1279-5660,3,0,21,21,0,RB,0,0,,,,,,,,,,,,0,1,0,1,1,.0,.0,.0,0,0,0,0,0,0,0,0,0,0,0,0,0,0,0,0,,,,,,,,,,,,,,,,,,,,,,,,,,,,,,,,,,,,,,,,,,,,,,,,,,,,,,,,,,,,,,,,,,,,,,,,,,,,,,,,,,,,,,,,,,,,
2026-27,football,Ohio Athletic Conference (OAC),oac,Mount Union,"Ehrhardt,Gavin",Gavin,Ehrhardt,,452,"Ehrhardt,Gavin","EHRHARDT,GAVIN",Mount Union,UMU,1279-5421,3,3,23,23,0,0,LB,0,,,,,,,,,,,,0,13,22,35,35,2.5,.0,.0,1,3,3,1,1,0,1,0,1,0,0,0,0,0,0,0,,,,,,,,,,,,,,,,,,,,,,,,,,,,,,,,,,,,,,,,,,,,,,,,,,,,,,,,,,,,,,,,,,,,,,,,,,,,,,,,,,,,,,,,,,,,
2026-27,football,Ohio Athletic Conference (OAC),oac,Mount Union,"Conrad,Colson",Colson,Conrad,,452,"Conrad,Colson","CONRAD,COLSON",Mount Union,UMU,1279-5966,3,0,24,24,0,0,LB,0,,,,,,,,,,,,0,2,1,3,3,1.0,.0,.0,1,0,4,1,1,0,4,1,0,0,0,0,0,0,0,1,,,,,,,,,,,,,,,,,,,,,,,,,,,,,,,,,,,,,,,,,,,,,,,,,,,,,,,,,,,,,,,,,,,,,,,,,,,,,,,,,,,,,,,,,,,,
2026-27,football,Ohio Athletic Conference (OAC),oac,Mount Union,"Bradford,Aaron",Aaron,Bradford,,452,"Bradford,Aaron","BRADFORD,AARON",Mount Union,UMU,1279-4777,1,0,25,25,0,0,DB,0,,,,,,,,,,,,,,,,,,,,,,,,,,,,,,,,,,,,,,,,,,,,,,,,,,,,,,,,,,,,,,,,,,,,,,,,,,,,,,,,,,,,,,,,,,,,,,,,,,,,,,,,,,,,,,,,,,,,,,,,,,,,,,,
2026-27,football,Ohio Athletic Conference (OAC),oac,Mount Union,"Singleton,Tre",Tre,Singleton,,452,"Singleton,Tre","SINGLETON,TRE",Mount Union,UMU,1279-6018,2,0,26,2S,0,RB,0,0,,,,,,,,,,,,,,,,,,,,,,,,,,,,,,,,,,,,7,141,0,27,20.1,,,,,,,,,,,,,,,,,,,,,,,,,,,,,,,,,,,,,,,,,,,,,,,,,,,,,,,,,,,,,,,,,,,,,,,,,,,,,,,,,,,,,,,
2026-27,football,Ohio Athletic Conference (OAC),oac,Mount Union,"Bokman,Bo",Bo,Bokman,,452,"Bokman,Bo","BOKMAN,BO",Mount Union,UMU,1279-5959,3,0,30,30,0,RB,0,0,,,6,112,1,35,18.7,,,,,0,1,0,1,1,.0,.0,.0,0,0,0,0,0,0,0,0,0,0,0,0,0,0,0,0,4,89,0,40,22.3,,,,,,,,,,0,2,0,0,0,0,0,0,0,12,12,4,,,,,,,,,,,,23,164,164,0,1,55,7.1,54.7,,,,,,,,,,,,,,,,,,,,,,,,,,,,,,,,,,,,,,,,,,,,,,,
2026-27,football,Ohio Athletic Conference (OAC),oac,Mount Union,"Radford,Jace",Jace,Radford,,452,"Radford,Jace","RADFORD,JACE",Mount Union,UMU,1279-6010,3,0,34,34,0,0,LB,0,,,,,,,,,,,,0,1,2,3,3,.0,.0,.0,0,0,0,0,0,0,0,0,0,0,0,0,0,0,0,0,,,,,,,,,,,,,,,,,,,,,,,,,,,,,,,,,,,,,,,,,,,,,,,,,,,,,,,,,,,,,,,,,,,,,,,,,,,,,,,,,,,,,,,,,,,,
2026-27,football,Ohio Athletic Conference (OAC),oac,Mount Union,"Snyder,Cale",Cale,Snyder,,452,"Snyder,Cale","SNYDER,CALE",Mount Union,UMU,1279-5270,1,0,37,37,0,RB,0,0,,,,,,,,,,,,,,,,,,,,,,,,,,,,,,,,,,,,,,,,,,,,,,,,,,,,,,,,,,,,,,,,,,,,,,,,,,,,,,,,,,,,,,,,,,,,,,,,,,,,,,,,,,,,,,,,,,,,,,,,,,,,,,,
2026-27,football,Ohio Athletic Conference (OAC),oac,Mount Union,"Rafferty,Connell",Connell,Rafferty,,452,"Rafferty,Connell","RAFFERTY,CONNELL",Mount Union,UMU,1279-5688,3,0,40,40,0,0,0,0,,,,,,,,,,,,0,0,0,0,0,.0,.0,.0,0,0,0,0,0,0,0,0,0,0,0,0,0,0,0,0,,,,,,,,,,,,,,,9,0,1,0,0,0,0,0,0,12,12,4,,,,,,,,,,,,,,,,,,,,,,,,,,,,,,,,14,888,1,9,63.4,1,2,28,1,50.0,10,9,0,0,0,0,0,0,0,0,0,0,,,,,,,,,,,,,
2026-27,football,Ohio Athletic Conference (OAC),oac,Mount Union,"Gibson,Corey",Corey,Gibson,,452,"Gibson,Corey","GIBSON,COREY",Mount Union,UMU,1279-4791,3,3,42,42,0,0,LB,0,,,,,,,,,,,,0,7,7,14,14,4.5,.0,.0,3,3,21,2,2,0,16,0,0,1,0,0,0,0,0,0,,,,,,,,,,,,,,,,,,,,,,,,,,,,,,,,,,,,,,,,,,,,,,,,,,,,,,,,,,,,,,,,,,,,,,,,,,,,,,,,,,,,,,,,,,,,
2026-27,football,Ohio Athletic Conference (OAC),oac,Mount Union,"Liette,Cael",Cael,Liette,,452,"Liette,Cael","LIETTE,CAEL",Mount Union,UMU,1279-5215,1,0,42,4L,0,0,LB,0,,,0,0,0,0,.0,,,,,,,,,,,,,,,,,,,,,,,,,,,,,,,,,,,,,,,,,,,,,,,,,,,,,,,,,,,,,,,,,,,,,,,,,,,,,,,,,,,,,,,,,,,,,,,,,,,,,,,,,,,,,,,,,,,,,,,,
2026-27,football,Ohio Athletic Conference (OAC),oac,Mount Union,"McCarthy,Cannan",Cannan,McCarthy,,452,"McCarthy,Cannan","MCCARTHY,CANNAN",Mount Union,UMU,1279-6001,1,0,43,4M,0,0,LB,0,,,,,,,,,,,,0,1,0,1,1,.0,.0,.0,0,0,0,0,0,0,0,0,0,0,0,0,0,0,0,0,,,,,,,,,,,,,,,,,,,,,,,,,,,,,,,,,,,,,,,,,,,,,,,,,,,,,,,,,,,,,,,,,,,,,,,,,,,,,,,,,,,,,,,,,,,,
2026-27,football,Ohio Athletic Conference (OAC),oac,Mount Union,"Pasco,Jared",Jared,Pasco,,452,"Pasco,Jared","PASCO,JARED",Mount Union,UMU,1279-4810,3,0,43,43,0,OL,0,0,,,,,,,,,,,,,,,,,,,,,,,,,,,,,,,,,,,,,,,,,,,,,,,,,,,,,,,,,,,,,,,,,,,,,,,,,,,,,,,,,,,,,,,,,,,,,,,,,,,,,,,,,,,,,,,,,,,,,,,,,,,,,,,
2026-27,football,Ohio Athletic Conference (OAC),oac,Mount Union,"Merchant,Jerry",Jerry,Merchant,,452,"Merchant,Jerry","MERCHANT,JERRY",Mount Union,UMU,1279-5232,3,0,44,44,0,0,LB,0,,,,,,,,,,,,0,2,2,4,4,.0,.0,.0,0,0,0,0,0,0,0,0,0,0,0,0,0,0,0,0,,,,,,,,,,,,,,,,,,,,,,,,,,,,,,,,,,,,,,,,,,,,,,,,,,,,,,,,,,,,,,,,,,,,,,,,,,,,,,,,,,,,,,,,,,,,
2026-27,football,Ohio Athletic Conference (OAC),oac,Mount Union,"Palisoc,Carson",Carson,Palisoc,,452,"Palisoc,Carson","PALISOC,CARSON",Mount Union,UMU,1279-6008,3,0,48,48,0,0,0,0,,,,,,,,,,,,,,,,,,,,,,,,,,,,,,,,,,,,,,,,,,,,,,,,,,,,,,,,,,,,,,,,,,,,,,,,,,,,,,,,,,,,,,,,,,,,,,,,,,,,,,,,,,,,,,,,,,,12,497,62,0,0,3,1,3,41.4,,,,
2026-27,football,Ohio Athletic Conference (OAC),oac,Mount Union,"Meyers,Dagan",Dagan,Meyers,,452,"Meyers,Dagan","MEYERS,DAGAN",Mount Union,UMU,1279-5233,3,3,50,5M,0,0,LB,0,,,,,,,,,,,,0,9,8,17,17,.5,.0,.0,0,1,1,0,0,0,0,0,1,1,0,0,0,0,0,0,,,,,,,,,,,,,,,,,,,,,,,,,,,,,,,,,,,,,,,,,,,,,,,,,,,,,,,,,,,,,,,,,,,,,,,,,,,,,,,,,,,,,,,,,,,,
2026-27,football,Ohio Athletic Conference (OAC),oac,Mount Union,"Starkey,Luke",Luke,Starkey,,452,"Starkey,Luke","STARKEY,LUKE",Mount Union,UMU,1279-5702,3,0,51,51,0,0,LB,0,,,,,,,,,,,,0,0,1,1,1,.0,.0,.0,0,0,0,0,0,0,0,0,0,0,0,0,0,0,0,0,,,,,,,,,,,,,,,,,,,,,,,,,,,,,,,,,,,,,,,,,,,,,,,,,,,,,,,,,,,,,,,,,,,,,,,,,,,,,,,,,,,,,,,,,,,,
2026-27,football,Ohio Athletic Conference (OAC),oac,Mount Union,"Wisseh,Edmund",Edmund,Wisseh,,452,"Wisseh,Edmund","WISSEH,EDMUND",Mount Union,UMU,1279-5717,3,0,55,55,0,0,DL,0,,,,,,,,,,,,0,2,3,5,5,.0,.0,.0,0,0,0,0,0,0,0,0,0,0,0,0,0,0,0,0,,,,,,,,,,,,,,,,,,,,,,,,,,,,,,,,,,,,,,,,,,,,,,,,,,,,,,,,,,,,,,,,,,,,,,,,,,,,,,,,,,,,,,,,,,,,
2026-27,football,Ohio Athletic Conference (OAC),oac,Mount Union,"Lavelle,Patrick",Patrick,Lavelle,,452,"Lavelle,Patrick","LAVELLE,PATRICK",Mount Union,UMU,1279-4803,3,3,61,61,0,OL,0,0,,,,,,,,,,,,,,,,,,,,,,,,,,,,,,,,,,,,,,,,,,,,,,,,,,,,,,,,,,,,,,,,,,,,,,,,,,,,,,,,,,,,,,,,,,,,,,,,,,,,,,,,,,,,,,,,,,,,,,,,,,,,,,,
2026-27,football,Ohio Athletic Conference (OAC),oac,Mount Union,"Cook,Cole",Cole,Cook,,452,"Cook,Cole","COOK,COLE",Mount Union,UMU,1279-5967,3,3,62,62,0,OL,0,0,,,,,,,,,,,,0,1,0,1,1,.0,.0,.0,0,0,0,0,0,0,0,0,0,0,0,0,0,0,0,0,,,,,,,,,,,,,,,,,,,,,,,,,,,,,,,,,,,,,,,,,,,,,,,,,,,,,,,,,,,,,,,,,,,,,,,,,,,,,,,,,,,,,,,,,,,,
2026-27,football,Ohio Athletic Conference (OAC),oac,Mount Union,"Jenks,Parker",Parker,Jenks,,452,"Jenks,Parker","JENKS,PARKER",Mount Union,UMU,1279-5657,3,3,65,65,0,OL,0,0,,,,,,,,,,,,,,,,,,,,,,,,,,,,,,,,,,,,,,,,,,,,,,,,,,,,,,,,,,,,,,,,,,,,,,,,,,,,,,,,,,,,,,,,,,,,,,,,,,,,,,,,,,,,,,,,,,,,,,,,,,,,,,,
2026-27,football,Ohio Athletic Conference (OAC),oac,Mount Union,"Piersall,Brayden",Brayden,Piersall,,452,"Piersall,Brayden","PIERSALL,BRAYDEN",Mount Union,UMU,1279-6009,1,0,67,67,0,OL,0,0,,,,,,,,,,,,,,,,,,,,,,,,,,,,,,,,,,,,,,,,,,,,,,,,,,,,,,,,,,,,,,,,,,,,,,,,,,,,,,,,,,,,,,,,,,,,,,,,,,,,,,,,,,,,,,,,,,,,,,,,,,,,,,,
2026-27,football,Ohio Athletic Conference (OAC),oac,Mount Union,"Fevrier,Fred",Fred,Fevrier,,452,"Fevrier,Fred","FEVRIER,FRED",Mount Union,UMU,1279-4526,3,3,70,70,0,OL,0,0,,,,,,,,,,,,,,,,,,,,,,,,,,,,,,,,,,,,,,,,,,,,,,,,,,,,,,,,,,,,,,,,,,,,,,,,,,,,,,,,,,,,,,,,,,,,,,,,,,,,,,,,,,,,,,,,,,,,,,,,,,,,,,,
2026-27,football,Ohio Athletic Conference (OAC),oac,Mount Union,"Coffee,Mitch",Mitch,Coffee,,452,"Coffee,Mitch","COFFEE,MITCH",Mount Union,UMU,1279-4784,3,3,76,76,0,OL,0,0,,,,,,,,,,,,,,,,,,,,,,,,,,,,,,,,,,,,,,,,,,,,,,,,,,,,,,,,,,,,,,,,,,,,,,,,,,,,,,,,,,,,,,,,,,,,,,,,,,,,,,,,,,,,,,,,,,,,,,,,,,,,,,,
2026-27,football,Ohio Athletic Conference (OAC),oac,Mount Union,"Reilly,Mikey",Mikey,Reilly,,452,"Reilly,Mikey","REILLY,MIKEY",Mount Union,UMU,1279-5251,3,0,84,84,0,WR,0,0,,,4,45,0,17,11.3,,,,,,,,,,,,,,,,,,,,,,,,,,,,,,,,,,,,,,,,,,,,,,,,,,,,,,,,,,,,,,,,,,,,,,,,,,,,,,,,,,,,,,,,,,,,,,,,,,,,,,,,,,,,,,,,,,,,,,,,
2026-27,football,Ohio Athletic Conference (OAC),oac,Mount Union,"Anderson,Grant",Grant,Anderson,,452,"Anderson,Grant","ANDERSON,GRANT",Mount Union,UMU,1279-5091,3,3,85,85,0,TE,0,0,,,3,11,0,6,3.7,,,,,,,,,,,,,,,,,,,,,,,,,,,,,,,,,,,,,,,,,,,,,,,,,,,,,,,,,,,,,,,,,,,,,,,,,,,,,,,,,,,,,,,,,,,,,,,,,,,,,,,,,,,,,,,,,,,,,,,,
2026-27,football,Ohio Athletic Conference (OAC),oac,Mount Union,"Bell,Brandon",Brandon,Bell,,452,"Bell,Brandon","BELL,BRANDON",Mount Union,UMU,1279-5098,2,0,87,87,0,TE,0,0,,,1,5,0,5,5.0,,,,,,,,,,,,,,,,,,,,,,,,,,,,,,,,,,,,,,,,,,,,,,,,,,,,,,,,,,,,,,,,,,,,,,,,,,,,,,,,,,,,,,,,,,,,,,,,,,,,,,,,,,,,,,,,,,,,,,,,
2026-27,football,Ohio Athletic Conference (OAC),oac,Mount Union,"Williams,Jahaad",Jahaad,Williams,,452,"Williams,Jahaad","WILLIAMS,JAHAAD",Mount Union,UMU,1279-4826,2,0,91,91,0,0,DL,0,,,,,,,,,,,,0,2,3,5,5,.0,.0,.0,0,0,0,0,0,0,0,0,0,0,0,0,0,0,0,0,,,,,,,,,,,,,,,,,,,,,,,,,,,,,,,,,,,,,,,,,,,,,,,,,,,,,,,,,,,,,,,,,,,,,,,,,,,,,,,,,,,,,,,,,,,,
2026-27,football,Ohio Athletic Conference (OAC),oac,Mount Union,"Dominguez,Yahir",Yahir,Dominguez,,452,"Dominguez,Yahir","DOMINGUEZ,YAHIR",Mount Union,UMU,1279-5628,3,0,94,94,0,0,DL,0,,,,,,,,,,,,0,0,5,5,5,.5,.0,.0,0,1,3,0.5,0,1,3,0,0,0,0,0,0,0,0,0,,,,,,,,,,,,,,,,,,,,,,,,,,,,,,,,,,,,,,,,,,,,,,,,,,,,,,,,,,,,,,,,,,,,,,,,,,,,,,,,,,,,,,,,,,,,
2026-27,football,Ohio Athletic Conference (OAC),oac,Mount Union,"Henderson,Keymaurie",Keymaurie,Henderson,,452,"Henderson,Keymaurie","HENDERSON,KEYMAURIE",Mount Union,UMU,1279-5745,3,1,95,95,0,0,DL,0,,,,,,,,,,,,0,3,11,14,14,1.5,.0,.0,1,1,12,1.5,1,1,12,0,0,1,0,0,0,0,0,0,,,,,,,,,,,,,,,,,,,,,,,,,,,,,,,,,,,,,,,,,,,,,,,,,,,,,,,,,,,,,,,,,,,,,,,,,,,,,,,,,,,,,,,,,,,,
2026-27,football,Ohio Athletic Conference (OAC),oac,Mount Union,"Bowen,Josh",Josh,Bowen,,452,"Bowen,Josh","BOWEN,JOSH",Mount Union,UMU,1279-5617,3,3,96,96,0,0,DL,0,,,,,,,,,,,,0,2,5,7,7,.0,.0,.0,0,0,0,0,0,0,0,0,0,0,0,0,0,0,0,0,,,,,,,,,,,,,,,,,,,,,,,,,,,,,,,,,,,,,,,,,,,,,,,,,,,,,,,,,,,,,,,,,,,,,,,,,,,,,,,,,,,,,,,,,,,,
2026-27,football,Ohio Athletic Conference (OAC),oac,Mount Union,"Bloom,Colden",Colden,Bloom,,452,"Bloom,Colden","BLOOM,COLDEN",Mount Union,UMU,1279-5615,2,0,11,5O,0,0,DL,0,,,,,,,,,,,,0,1,4,5,5,.0,.0,.0,0,0,0,0,0,0,0,0,0,1,0,0,0,0,0,0,,,,,,,,,,,,,,,,,,,,,,,,,,,,,,,,,,,,,,,,,,,,,,,,,,,,,,,,,,,,,,,,,,,,,,,,,,,,,,,,,,,,,,,,,,,,
2026-27,football,Ohio Athletic Conference (OAC),oac,Mount Union,"Knox,O.P.",O.P.,Knox,,452,"Knox,O.P.","KNOX,O.P.",Mount Union,UMU,1279-5665,2,1,19,OP,0,0,CB,0,,,4,114,1,62,28.5,,,,,0,0,0,0,0,.0,.0,.0,0,0,0,0,0,0,0,0,0,0,0,0,0,0,0,0,,,,,,,,,,,,,,,0,1,0,0,0,0,0,0,0,6,6,3,,,,,,,,,,,,,,,,,,,,,,,,,,,,,,,,,,,,,,,,,,,,,,,,,,,,,,,,,,,,,,,,,,
2026-27,football,Ohio Athletic Conference (OAC),oac,Mount Union,"Nye,Davis",Davis,Nye,,452,"Nye,Davis","NYE,DAVIS",Mount Union,UMU,1279-4808,1,0,27,27,0,0,S,0,,,,,,,,,,,,,,,,,,,,,,,,,,,,,,,,,,,,,,,,,,,,,,,,,,,,,,,,,,,,,,,,,,,,,,,,,,,,,,,,,,,,,,,,,,,,,,,,,,,,,,,,,,,,,,,,,,,,,,,,,,,,,,,
2026-27,football,Ohio Athletic Conference (OAC),oac,Mount Union,"Roush,Elijah",Elijah,Roush,,452,"Roush,Elijah","ROUSH,ELIJAH",Mount Union,UMU,1279-5696,1,0,49,49,0,0,LB,0,,,,,,,,,,,,,,,,,,,,,,,,,,,,,,,,,,,,,,,,,,,,,,,,,,,,,,,,,,,,,,,,,,,,,,,,,,,,,,,,,,,,,,,,,,,,,,,,,,,,,,,,,,,,,,,,,,,,,,,,,,,,,,,
2026-27,football,Ohio Athletic Conference (OAC),oac,Mount Union,"Solis,Julian",Julian,Solis,,452,"Solis,Julian","SOLIS,JULIAN",Mount Union,UMU,1279-5700,1,1,95,UI,0,0,DL,0,,,,,,,,,,,,,,,,,,,,,,,,,,,,,,,,,,,,,,,,,,,,,,,,,,,,,,,,,,,,,,,,,,,,,,,,,,,,,,,,,,,,,,,,,,,,,,,,,,,,,,,,,,,,,,,,,,,,,,,,,,,,,,,
2026-27,football,Ohio Athletic Conference (OAC),oac,Mount Union,"Tillman,Jeremiah",Jeremiah,Tillman,,452,"Tillman,Jeremiah","TILLMAN,JEREMIAH",Mount Union,UMU,1279-4823,2,0,97,97,0,0,DL,0,,,,,,,,,,,,0,0,3,3,3,.5,.0,.0,0,1,1,0,0,0,0,0,0,0,0,0,0,0,0,0,,,,,,,,,,,,,,,,,,,,,,,,,,,,,,,,,,,,,,,,,,,,,,,,,,,,,,,,,,,,,,,,,,,,,,,,,,,,,,,,,,,,,,,,,,,,
2026-27,football,Ohio Athletic Conference (OAC),oac,Mount Union,"DeAngelo,Bryce",Bryce,DeAngelo,,452,"DeAngelo,Bryce","DEANGELO,BRYCE",Mount Union,UMU,0,1,0,86,86,0,TE,0,0,,,,,,,,,,,,,,,,,,,,,,,,,,,,,,,,,,,,,,,,,,,,,,,,,,,,,,,,,,,,,,,,,,,,,,,,,,,,,,,,,,,,,,,,,,,,,,,,,,,,,,,,,,,,,,,,,,,,,,,,,,,,,,,
2026-27,football,Ohio Athletic Conference (OAC),oac,Mount Union,"Randle,Darnell",Darnell,Randle,,452,"Randle,Darnell","RANDLE,DARNELL",Mount Union,UMU,0,1,0,28,28,0,0,LB,0,,,,,,,,,,,,,,,,,,,,,,,,,,,,,,,,,,,,,,,,,,,,,,,,,,,,,,,,,,,,,,,,,,,,,,,,,,,,,,,,,,,,,,,,,,,,,,,,,,,,,,,,,,,,,,,,,,,,,,,,,,,,,,,
2026-27,football,Ohio Athletic Conference (OAC),oac,Capital,"Renz,Trent",Trent,Renz,,117,"Renz,Trent","RENZ,TRENT",Capital,CAP,1275-2857,4,3,0,0Z,0,TE,0,0,,,4,38,0,17,9.5,,,,,,,,,,,,,,,,,,,,,,,,,,,,,,,,,,,,,,,,,,,,,,,,,,,,,,,,,,,,,,,,,,,,,,,,,,,,,,,,,,,,,,,,,,,,,,,,,,,,,,,,,,,,,,,,,,,,,,,,
2026-27,football,Ohio Athletic Conference (OAC),oac,Capital,"Roberts,Bryson",Bryson,Roberts,,117,"Roberts,Bryson","ROBERTS,BRYSON",Capital,CAP,1275-2811,4,4,0,0,0,0,DB,0,,,,,,,,,,,,0,4,2,6,6,.0,.0,.0,0,0,0,0,0,0,0,1,0,0,0,0,0,0,0,1,,,,,,,,,,,,,,,,,,,,,,,,,,,,,,,,,,,,,,,,,,,,,,,,,,,,,,,,,,,,,,,,,,,,,,,,,,,,,,,,,,,,,,,,,,,,
2026-27,football,Ohio Athletic Conference (OAC),oac,Capital,"Salley,Diamonte",Diamonte,Salley,,117,"Salley,Diamonte","SALLEY,DIAMONTE",Capital,CAP,1275-2491,4,4,1,1,0,0,S,0,,,,,,,,,,,,0,14,11,25,25,1.0,.0,.0,1,0,2,0,0,0,0,2,1,0,0,0,0,0,0,2,,,,,,,,,,,,,,,,,,,,,,,,,,,,,,,,,,,,,,,,,,,,,,,,,,,,,,,,,,,,,,,,,,,,,,,,,,,,,,,,,,,,,,,,,,,,
2026-27,football,Ohio Athletic Conference (OAC),oac,Capital,"Johnson,Bailey",Bailey,Johnson,,117,"Johnson,Bailey","JOHNSON,BAILEY",Capital,CAP,1275-2832,4,4,2,2,0,0,CB,0,,,,,,,,,,,,0,8,6,14,14,1.0,.0,.0,1,0,4,1,1,0,4,2,1,0,0,0,0,0,0,2,11,271,1,97,24.6,4,19,0,6,4.8,,,,,0,1,0,0,0,0,0,0,0,6,6,1.5,,,,,,,,,,,,0,0,0,0,0,0,.0,.0,,,,,,,,,,,,,,,,,,,,,,,,,,,,,,,,,,,,,,,,,,,,,,,
2026-27,football,Ohio Athletic Conference (OAC),oac,Capital,"Devine,Finn",Finn,Devine,,117,"Devine,Finn","DEVINE,FINN",Capital,CAP,1275-2804,4,4,3,3Z,0,WR,0,0,,,9,195,1,52,21.7,,,,,0,0,0,0,0,.0,.0,.0,0,0,0,0,0,0,0,0,0,0,0,0,0,0,0,0,,,,,,,,,,,,,,,0,1,0,0,0,0,0,0,0,6,6,1.5,,,,,,,,,,,,1,-1,0,1,0,0,-1.0,-.3,,,,,,,,,,,,,,,,,,,,,,,,,,,,,,,,,,,,,,,,,,,,,,,
2026-27,football,Ohio Athletic Conference (OAC),oac,Capital,"Young Jr.,Marcus",Marcus,Young Jr.,,117,"Young Jr.,Marcus","YOUNG JR.,MARCUS",Capital,CAP,1275-3001,1,1,3,3,0,0,LB,0,,,,,,,,,,,,0,5,-1,4,4,.0,.0,.0,0,0,0,0,0,0,0,0,0,0,0,0,0,0,0,0,,,,,,,,,,,,,,,,,,,,,,,,,,,,,,,,,,,,,,,,,,,,,,,,,,,,,,,,,,,,,,,,,,,,,,,,,,,,,,,,,,,,,,,,,,,,
2026-27,football,Ohio Athletic Conference (OAC),oac,Capital,"Emile,Lindsley",Lindsley,Emile,,117,"Emile,Lindsley","EMILE,LINDSLEY",Capital,CAP,1275-3279,4,0,4,4,0,0,DB,0,,,,,,,,,,,,0,3,1,4,4,.0,.0,.0,0,0,0,0,0,0,0,2,1,0,0,0,1,5,0,2,,,,,,,,,,,,,,,,,,,,,,,,,,,,,,,,,,,,,,,,,,,,,,,,,,,,,,,,,,,,,,,,,,,,,,,,,,,,,,,,,,,,,,,,,1,5,0,5
2026-27,football,Ohio Athletic Conference (OAC),oac,Capital,"Conti,AJ",AJ,Conti,,117,"Conti,AJ","CONTI,AJ",Capital,CAP,1275-2805,4,4,5,5,0,0,DB,0,,,,,,,,,,,,0,8,9,17,17,.0,.0,.0,0,0,0,0,0,0,0,1,0,0,0,0,0,0,0,1,,,,,,,,,,,,,,,,,,,,,,,,,,,,,,,,,,,,,,,,,,,,,,,,,,,,,,,,,,,,,,,,,,,,,,,,,,,,,,,,,,,,,,,,,,,,
2026-27,football,Ohio Athletic Conference (OAC),oac,Capital,"Lunsford,Azel",Azel,Lunsford,,117,"Lunsford,Azel","LUNSFORD,AZEL",Capital,CAP,1275-2983,4,0,6,6,0,0,DL,0,,,,,,,,,,,,0,4,5,9,9,1.5,.0,.0,1,1,6,0.5,0,1,5,1,1,0,0,0,0,0,0,1,,,,,,,,,,,,,,,,,,,,,,,,,,,,,,,,,,,,,,,,,,,,,,,,,,,,,,,,,,,,,,,,,,,,,,,,,,,,,,,,,,,,,,,,,,,,
2026-27,football,Ohio Athletic Conference (OAC),oac,Capital,"Hannika,Preston",Preston,Hannika,,117,"Hannika,Preston","HANNIKA,PRESTON",Capital,CAP,1275-3049,4,4,6,6Z,0,WR,0,0,,,20,345,1,62,17.3,,,,,0,1,0,1,1,.0,.0,.0,0,0,0,0,0,0,0,0,0,0,0,0,0,0,0,0,,,,,,,,,,,,,,,0,1,0,0,0,0,0,0,0,6,6,1.5,,,,,,,,,,,,,,,,,,,,0,0,52,1,52,0,1,1,866.8,52.00,52.00,13.0,,,,,,,,,,,,,,,,,,,,,,,,,,,,,,,,,,,
2026-27,football,Ohio Athletic Conference (OAC),oac,Capital,"Duncan,Donovan",Donovan,Duncan,,117,"Duncan,Donovan","DUNCAN,DONOVAN",Capital,CAP,1275-2810,3,0,7,7Z,0,QB,0,0,,,,,,,,,,,,,,,,,,,,,,,,,,,,,,,,,,,,,,,,,,,,,,,,,,,,,,,,,,,,,,,,,,,,,,,,,1,6,6,0,0,6,6.0,2.0,0,0,18,1,55,0,10,6,139.2,5.50,9.17,18.3,,,,,,,,,,,,,,,,,,,,,,,,,,,,,,,,,,,
2026-27,football,Ohio Athletic Conference (OAC),oac,Capital,"Rodriguez,Jio",Jio,Rodriguez,,117,"Rodriguez,Jio","RODRIGUEZ,JIO",Capital,CAP,1275-3236,4,4,7,7,0,0,LB,0,,,,,,,,,,,,0,2,10,12,12,2.0,.0,.0,1,2,7,0.5,0,1,4,0,0,2,0,0,0,0,1,1,,,,,,,,,,,,,,,,,,,,,,,,,,,,,,,,1,0,0,0,.0,,,,,,,,,,,,,,,,,,,,,,,,,,,,,,,,,,,,,,,,,,,,,,,,,,,,,,,,
2026-27,football,Ohio Athletic Conference (OAC),oac,Capital,"Obayemi,Olaoluwa",Olaoluwa,Obayemi,,117,"Obayemi,Olaoluwa","OBAYEMI,OLAOLUWA",Capital,CAP,1275-3229,4,4,8,8,0,0,DB,0,,,,,,,,,,,,0,15,13,28,28,.0,.0,.0,0,0,0,0,0,0,0,1,0,0,0,0,1,0,0,1,,,,,,,,,,,,,0,0,,,,,,,,,,,,,,,,,,,,,,,,,,,,,,,,,,,,,,,,,,,,,,,,,,,,,,,,,,,,,,,,,,,,,,,,,,,,,,
2026-27,football,Ohio Athletic Conference (OAC),oac,Capital,"Adams,AJ",AJ,Adams,,117,"Adams,AJ","ADAMS,AJ",Capital,CAP,1275-2798,4,0,9,9,0,0,DE,0,,,,,,,,,,,,0,5,12,17,17,1.5,.0,.0,1,1,7,1,1,0,6,2,0,2,0,0,0,0,0,2,,,,,,,,,,,,,,,,,,,,,,,,,,,,,,,,,,,,,,,,,,,,,,,,,,,,,,,,,,,,,,,,,,,,,,,,,,,,,,,,,,,,,,,,,,,,
2026-27,football,Ohio Athletic Conference (OAC),oac,Capital,"Solomon,Zion",Zion,Solomon,,117,"Solomon,Zion","SOLOMON,ZION",Capital,CAP,1275-2996,4,4,9,9Z,0,RB,0,0,,,,,,,,,,,,0,0,0,0,0,.0,.0,.0,0,0,0,0,0,0,0,0,0,0,0,0,0,0,0,0,,,,,,,,,,,,,1,0,0,2,0,0,0,0,0,0,0,12,12,3,,,,,,,,,,,,36,112,117,5,2,15,3.1,28.0,,,,,,,,,,,,,,,,,,,,,,,,,,,,,,,,,,,,,,,,,,,,,,,
2026-27,football,Ohio Athletic Conference (OAC),oac,Capital,"Armstead,Wesley",Wesley,Armstead,,117,"Armstead,Wesley","ARMSTEAD,WESLEY",Capital,CAP,1275-2960,3,3,10,1A,0,WR,0,0,,,6,130,2,46,21.7,,,,,0,0,0,0,0,.0,.0,.0,0,0,0,0,0,0,0,0,0,0,0,0,0,0,0,0,,,,,,,,,,,,,,,0,2,0,0,0,0,0,0,0,12,12,4,,,,,,,,,,,,1,0,0,0,0,0,.0,.0,,,,,,,,,,,,,,,,,,,,,,,,,,,,,,,,,,,1,30,30,0,0,0,0,0,30.0,,,,
2026-27,football,Ohio Athletic Conference (OAC),oac,Capital,"Shepard,Tre",Tre,Shepard,,117,"Shepard,Tre","SHEPARD,TRE",Capital,CAP,1275-3241,3,0,10,10,0,0,DB,0,,,,,,,,,,,,0,2,2,4,4,.0,.0,.0,0,0,0,0,0,0,0,0,0,0,0,0,0,0,0,0,,,,,,,,,,,,,,,,,,,,,,,,,,,,,,,,,,,,,,,,,,,,,,,,,,,,,,,,,,,,,,,,,,,,,,,,,,,,,,,,0,0,0,0,0,0,0,0,.0,,,,
2026-27,football,Ohio Athletic Conference (OAC),oac,Capital,"Love,Tyler",Tyler,Love,,117,"Love,Tyler","LOVE,TYLER",Capital,CAP,1275-3219,4,4,11,11,0,QB,0,0,,,,,,,,,,,,0,1,0,1,1,.0,.0,.0,0,0,0,0,0,0,0,0,0,0,0,0,0,0,0,0,,,,,,,,,,,,,1,0,0,1,0,0,0,0,0,0,0,6,6,1.5,,,,,,,,,,,,25,70,108,38,1,23,2.8,17.5,37,7,80,4,828,2,116,51,111.9,7.14,16.24,207.0,,,,,,,,,,,,,,,,,,,,,,,,,,,,,,,,,,,
2026-27,football,Ohio Athletic Conference (OAC),oac,Capital,"Brideweser,Ben",Ben,Brideweser,,117,"Brideweser,Ben","BRIDEWESER,BEN",Capital,CAP,1275-2806,4,0,12,12,0,0,S,0,,,,,,,,,,,,0,2,1,3,3,.0,.0,.0,0,0,0,0,0,0,0,2,0,0,0,0,0,0,0,2,,,,,,,,,,,,,0,0,0,0,0,0,0,0,0,0,0,0,0,0,,,,,,,,,,,,,,,,,,,,,,,,,,,,,,,,,,,,,,,,,,,,,,,,,,,,,,,,,,,,,,,0,0,0,0
2026-27,football,Ohio Athletic Conference (OAC),oac,Capital,"Stoney,Demoyne",Demoyne,Stoney,,117,"Stoney,Demoyne","STONEY,DEMOYNE",Capital,CAP,1275-3445,4,1,13,13,0,WR,0,0,,,6,145,1,80,24.2,,,,,0,0,0,0,0,.0,.0,.0,0,0,0,0,0,0,0,0,0,0,0,0,0,0,0,0,,,,,,1,3,0,3,3.0,,,,,0,1,0,0,0,0,0,0,0,6,6,1.5,,,,,,,,,,,,,,,,,,,,,,,,,,,,,,,,,,,,,,,,,,,,,,,,,,,,,,,,,,,,,,,,,,
2026-27,football,Ohio Athletic Conference (OAC),oac,Capital,"Lineberger,Hagan",Hagan,Lineberger,,117,"Lineberger,Hagan","LINEBERGER,HAGAN",Capital,CAP,1275-3218,4,0,15,15,0,QB,0,0,,,,,,,,,,,,,,,,,,,,,,,,,,,,,,,,,,,,,,,,,,,,,,,,,,,,,,,,,,,,,,,,,,,,,,,,,1,22,22,0,0,22,22.0,5.5,,,,,,,,,,,,,,,,,,,,,,,,,,,,,,,,,,,2,71,39,0,0,0,0,1,35.5,,,,
2026-27,football,Ohio Athletic Conference (OAC),oac,Capital,"Ward,Sonny",Sonny,Ward,,117,"Ward,Sonny","WARD,SONNY",Capital,CAP,1275-3249,1,0,17,17,0,WR,0,0,,,2,0,0,2,.0,,,,,,,,,,,,,,,,,,,,,,,,,,,,,,,,,,,,,,,,,,,,,,,,,,,,,,,,,,,,,,,,,,,,,,,,,,,,,,,,,,,,,,,,,,,,,,,,,,,,,,,,,,,,,,,,,,,,,,,,
2026-27,football,Ohio Athletic Conference (OAC),oac,Capital,"Hambric Jr.,Brandon",Brandon,Hambric Jr.,,117,"Hambric Jr.,Brandon","HAMBRIC JR.,BRANDON",Capital,CAP,1275-3205,-1,0,21,2B,0,RB,0,0,,,,,,,,,,,,0,0,0,0,0,.0,.0,.0,0,0,0,0,0,0,0,0,0,0,0,0,0,0,0,0,,,,,,,,,,,,,,,0,2,0,0,0,0,0,0,0,12,12,-12,,,,,,,,,,,,-5,-45,-32,13,2,24,9.0,45.0,,,,,,,,,,,,,,,,,,,,,,,,,,,,,,,,,,,,,,,,,,,,,,,
2026-27,football,Ohio Athletic Conference (OAC),oac,Capital,"McCoy,Cody",Cody,McCoy,,117,"McCoy,Cody","MCCOY,CODY",Capital,CAP,1275-3222,4,0,23,23,0,0,LB,0,,,1,10,0,10,10.0,,,,,,,,,,,,,,,,,,,,,,,,,,,,,,,,,,,,,,,,,,,,,,,,,,,,,,,,,,,,,,,,,,,,,,,,,,,,,,,,,,,,,,,,,,,,,,,,,,,,,,,,,,,,,,,,,,,,,,,,
2026-27,football,Ohio Athletic Conference (OAC),oac,Capital,"Stevens,Cobi",Cobi,Stevens,,117,"Stevens,Cobi","STEVENS,COBI",Capital,CAP,1275-3245,4,0,25,25,0,RB,0,0,,,2,16,0,11,8.0,,,,,0,1,1,2,2,.0,.0,.0,0,0,0,0,0,0,0,0,0,0,0,0,0,0,0,0,,,,,,,,,,,,,,,,,,,,,,,,,,,,,,,,,,,,,,12,19,25,6,0,7,1.6,4.8,,,,,,,,,,,,,,,,,,,,,,,,,,,,,,,,,,,,,,,,,,,,,,,
2026-27,football,Ohio Athletic Conference (OAC),oac,Capital,"Hains,Quincy",Quincy,Hains,,117,"Hains,Quincy","HAINS,QUINCY",Capital,CAP,1275-2818,1,0,26,26,0,0,LB,0,,,,,,,,,,,,0,-3,0,-3,-3,.5,.0,.0,0,1,0,0,0,0,0,0,0,0,0,0,0,0,0,0,,,,,,,,,,,,,,,,,,,,,,,,,,,,,,,,,,,,,,,,,,,,,,,,,,,,,,,,,,,,,,,,,,,,,,,,,,,,,,,,,,,,,,,,,,,,
2026-27,football,Ohio Athletic Conference (OAC),oac,Capital,"Shutler,Landon",Landon,Shutler,,117,"Shutler,Landon","SHUTLER,LANDON",Capital,CAP,1275-2797,4,0,27,27,0,0,CB,0,,,,,,,,,,,,0,6,4,10,10,1.5,.0,.0,1,1,13,1.5,1,1,13,0,0,0,0,0,0,0,0,0,,,,,,,,,,,,,,,,,,,,,,,,,,,,,,,,,,,,,,,,,,,,,,,,,,,,,,,,,,,,,,,,,,,,,,,,,,,,,,,,,,,,,,,,,,,,
2026-27,football,Ohio Athletic Conference (OAC),oac,Capital,"Rodriguez,Xavier",Xavier,Rodriguez,,117,"Rodriguez,Xavier","RODRIGUEZ,XAVIER",Capital,CAP,1275-3437,4,0,27,2H,0,RB,0,0,,,5,33,0,14,6.6,,,,,0,0,2,2,2,.0,.0,.0,0,0,0,0,0,0,0,0,0,0,0,0,0,0,0,0,2,25,0,20,12.5,,,,,,,,,,,,,,,,,,,,,,,,,,,,,,,,,7,33,34,1,0,11,4.7,8.3,,,,,,,,,,,,,,,,,,,,,,,,,,,,,,,,,,,,,,,,,,,,,,,
2026-27,football,Ohio Athletic Conference (OAC),oac,Capital,"Ahon,Jojo",Jojo,Ahon,,117,"Ahon,Jojo","AHON,JOJO",Capital,CAP,1275-3393,4,0,29,29,0,RB,0,0,,,,,,,,,,,,,,,,,,,,,,,,,,,,,,,,,,,,,,,,,,,,,,,,,,,,,,,,,,,,,,,,,,,,,,,,,13,30,36,6,0,11,2.3,7.5,,,,,,,,,,,,,,,,,,,,,,,,,,,,,,,,,,,,,,,,,,,,,,,
2026-27,football,Ohio Athletic Conference (OAC),oac,Capital,"Harris,Mar",Mar,Harris,,117,"Harris,Mar","HARRIS,MAR",Capital,CAP,1275-3207,1,0,30,30,0,RB,0,0,,,,,,,,,,,,0,0,0,0,0,.0,.0,.0,0,0,0,0,0,0,0,0,0,0,0,0,0,0,0,0,,,,,,,,,,,,,,,,,,,,,,,,,,,,,,,,,,,,,,5,12,12,0,0,5,2.4,12.0,,,,,,,,,,,,,,,,,,,,,,,,,,,,,,,,,,,,,,,,,,,,,,,
2026-27,football,Ohio Athletic Conference (OAC),oac,Capital,"Owens,Johnathon",Johnathon,Owens,,117,"Owens,Johnathon","OWENS,JOHNATHON",Capital,CAP,1275-3231,4,0,31,31,0,0,CB,0,,,,,,,,,,,,0,2,0,2,2,.0,.0,.0,0,0,0,0,0,0,0,0,0,0,0,0,0,0,0,0,,,,,,,,,,,,,,,,,,,,,,,,,,,,,,,,,,,,,,,,,,,,,,,,,,,,,,,,,,,,,,,,,,,,,,,,,,,,,,,,,,,,,,,,,,,,
2026-27,football,Ohio Athletic Conference (OAC),oac,Capital,"Lamar,Derek",Derek,Lamar,,117,"Lamar,Derek","LAMAR,DEREK",Capital,CAP,1275-3422,0,0,37,37,0,0,DB,0,,,,,,,,,,,,,,,,,,,,,,,,,,,,,,,,,,,,,,,,,,,,,,,,,,,,,,,,,,,,,,,,,,,,,,,,,,,,,,,,,,,,,,,,,,,,,,,,,,,,,,,,,,,,,,,,,,,,,,,,,,,,,,,
2026-27,football,Ohio Athletic Conference (OAC),oac,Capital,"Miesse,Miles",Miles,Miesse,,117,"Miesse,Miles","MIESSE,MILES",Capital,CAP,1275-2985,4,4,40,40,0,0,DL,0,,,,,,,,,,,,0,6,11,17,17,2.0,.0,.0,2,0,23,1,1,0,21,0,1,0,0,0,1,0,0,0,,,,,,,,,,,,,0,0,,,,,,,,,,,,,,,,,,,,,,,,,,,,,,,,,,,,,,,,,,,,,,,,,,,,,,,,,,,,,,,,,,,,,,,,,,,,,,
2026-27,football,Ohio Athletic Conference (OAC),oac,Capital,"Clephane,Evan",Evan,Clephane,,117,"Clephane,Evan","CLEPHANE,EVAN",Capital,CAP,1275-3185,4,0,42,42,0,0,LB,0,,,,,,,,,,,,0,6,6,12,12,.0,.0,.0,0,0,0,0,0,0,0,0,0,0,0,0,0,0,0,0,,,,,,,,,,,,,,,,,,,,,,,,,,,,,,,,,,,,,,,,,,,,,,,,,,,,,,,,,,,,,,,,,,,,,,,,,,,,,,,,,,,,,,,,,,,,
2026-27,football,Ohio Athletic Conference (OAC),oac,Capital,"Walker,Caleb",Caleb,Walker,,117,"Walker,Caleb","WALKER,CALEB",Capital,CAP,1275-3248,4,0,49,49,0,0,DL,0,,,,,,,,,,,,0,2,0,2,2,1.0,.0,.0,1,0,4,1,1,0,4,0,0,0,0,0,0,0,0,0,,,,,,,,,,,,,,,,,,,,,,,,,,,,,,,,,,,,,,,,,,,,,,,,,,,,,,,,,,,,,,,,,,,,,,,,,,,,,,,,,,,,,,,,,,,,
2026-27,football,Ohio Athletic Conference (OAC),oac,Capital,"McAdams,Declan",Declan,McAdams,,117,"McAdams,Declan","MCADAMS,DECLAN",Capital,CAP,1275-2839,4,4,52,52,0,0,DL,0,,,,,,,,,,,,0,5,11,16,16,3.5,.0,.0,3,1,6,0,0,0,0,1,0,0,0,3,1,0,0,1,,,,,,,,,,,,,,,,,,,,,,,,,,,,,,,,,,,,,,,,,,,,,,,,,,,,,,,,,,,,,,,,,,,,,,,,,,,,,,,,,,,,,,,,,,,,
2026-27,football,Ohio Athletic Conference (OAC),oac,Capital,"Carter,Kendall",Kendall,Carter,,117,"Carter,Kendall","CARTER,KENDALL",Capital,CAP,1275-2968,4,4,52,5C,0,OL,0,0,,,,,,,,,,,,,,,,,,,,,,,,,,,,,,,,,,,,,,,,,,,,,,,,,,,,,,,,,,,,,,,,,,,,,,,,,,,,,,,,,,,,,,,,,,,,,,,,,,,,,,,,,,,,,,,,,,,,,,,,,,,,,,,
2026-27,football,Ohio Athletic Conference (OAC),oac,Capital,"Dedeoglu,Ayk",Ayk,Dedeoglu,,117,"Dedeoglu,Ayk","DEDEOGLU,AYK",Capital,CAP,1275-2969,4,3,54,5E,0,OL,0,0,,,,,,,,,,,,,,,,,,,,,,,,,,,,,,,,,,,,,,,,,,,,,,,,,,,,,,,,,,,,,,,,,,,,,,,,,,,,,,,,,,,,,,,,,,,,,,,,,,,,,,,,,,,,,,,,,,,,,,,,,,,,,,,
2026-27,football,Ohio Athletic Conference (OAC),oac,Capital,"Russell,Que",Que,Russell,,117,"Russell,Que","RUSSELL,QUE",Capital,CAP,1275-2993,4,3,56,56,0,0,DL,0,,,,,,,,,,,,0,1,0,1,1,.0,.0,.0,0,0,0,0,0,0,0,0,0,0,0,0,0,0,0,0,,,,,,,,,,,,,,,,,,,,,,,,,,,,,,,,,,,,,,,,,,,,,,,,,,,,,,,,,,,,,,,,,,,,,,,,,,,,,,,,,,,,,,,,,,,,
2026-27,football,Ohio Athletic Conference (OAC),oac,Capital,"Vance,Dorian",Dorian,Vance,,117,"Vance,Dorian","VANCE,DORIAN",Capital,CAP,1275-3247,4,4,64,64,0,0,DL,0,,,,,,,,,,,,,,,,,,,,,,,,,,,,,,,,,,,,,,,,,,,,,,,,,,,,,,,,,,,,,,,,,,,,,,,,,,,,,,,,,,,,,,,,,,,,,,,,,,,,,,,,,,,,,,,,,,,,,,,,,,,,,,,
2026-27,football,Ohio Athletic Conference (OAC),oac,Capital,"Adkins,Will",Will,Adkins,,117,"Adkins,Will","ADKINS,WILL",Capital,CAP,1275-2796,4,4,65,65,0,OL,0,0,,,,,,,,,,,,,,,,,,,,,,,,,,,,,,,,,,,,,,,,,,,,,,,,,,,,,,,,,,,,,,,,,,,,,,,,,,,,,,,,,,,,,,,,,,,,,,,,,,,,,,,,,,,,,,,,,,,,,,,,,,,,,,,
2026-27,football,Ohio Athletic Conference (OAC),oac,Capital,"Baltazar,Omaria",Omaria,Baltazar,,117,"Baltazar,Omaria","BALTAZAR,OMARIA",Capital,CAP,1275-3395,4,4,72,72,0,OL,0,0,,,,,,,,,,,,,,,,,,,,,,,,,,,,,,,,,,,,,,,,,,,,,,,,,,,,,,,,,,,,,,,,,,,,,,,,,,,,,,,,,,,,,,,,,,,,,,,,,,,,,,,,,,,,,,,,,,,,,,,,,,,,,,,
2026-27,football,Ohio Athletic Conference (OAC),oac,Capital,"King,Dareal",Dareal,King,,117,"King,Dareal","KING,DAREAL",Capital,CAP,1275-3421,3,0,81,81,0,WR,0,0,,,0,0,0,0,.0,,,,,,,,,,,,,,,,,,,,,,,,,,,,,,,,,,,,,,,,,,,,,,,,,,,,,,,,,,,,,,,,,,,,,,,,,,,,,,,,,,,,,,,,,,,,,,,,,,,,,,,,,,,,,,,,,,,,,,,,
2026-27,football,Ohio Athletic Conference (OAC),oac,Capital,"Fitzpatrick,Jake",Jake,Fitzpatrick,,117,"Fitzpatrick,Jake","FITZPATRICK,JAKE",Capital,CAP,1275-2826,4,1,89,89,0,TE,0,0,,,0,0,0,0,.0,,,,,,,,,,,,,,,,,,,,,,,,,,,,,,,,,,,,,,,,,,,,,,,,,,,,,,,,,,,,,,,,,,,,,,,,,,,,,,,,,,,,,,,,,,,,,,,,,,,,,,,,,,,,,,,,,,,,,,,,
2026-27,football,Ohio Athletic Conference (OAC),oac,Capital,"Petro,Jensen",Jensen,Petro,,117,"Petro,Jensen","PETRO,JENSEN",Capital,CAP,1275-3434,4,0,91,91,0,0,0,0,,,,,,,,,,,,0,0,0,0,0,.0,.0,.0,0,0,0,0,0,0,0,0,0,0,0,0,0,0,0,0,,,,,,,,,,,,,0,0,10,0,2,0,0,0,0,0,0,16,16,4,,,,,,,,,,,,0,0,0,0,0,0,.0,.0,,,,,,,,,,,,,21,1279,2,6,60.9,2,4,34,2,50.0,11,10,0,0,0,0,0,0,0,0,0,0,18,639,50,1,0,6,1,4,35.5,,,,
2026-27,football,Ohio Athletic Conference (OAC),oac,Capital,"Hatcher,Robbie",Robbie,Hatcher,,117,"Hatcher,Robbie","HATCHER,ROBBIE",Capital,CAP,1275-2976,4,4,94,94,0,0,DL,0,,,,,,,,,,,,0,8,6,14,14,3.5,.0,.0,3,1,18,3.5,3,1,18,0,0,1,0,0,1,0,0,0,,,,,,,,,,,,,0,0,,,,,,,,,,,,,,,,,,,,,,,,,,,,,,,,,,,,,,,,,,,,,,,,,,,,,,,,,,,,,,,,,,,,,,,,,,,,,,
2026-27,football,Ohio Athletic Conference (OAC),oac,Capital,"Scott,Austin",Austin,Scott,,117,"Scott,Austin","SCOTT,AUSTIN",Capital,CAP,1275-2994,4,0,99,99,0,0,DL,0,,,,,,,,,,,,0,0,5,5,5,.0,.0,.0,0,0,0,0,0,0,0,0,0,1,0,0,0,0,0,0,,,,,,,,,,,,,,,,,,,,,,,,,,,,,,,,,,,,,,,,,,,,,,,,,,,,,,,,,,,,,,,,,,,,,,,,,,,,,,,,,,,,,,,,,,,,
2026-27,football,Ohio Athletic Conference (OAC),oac,Capital,"Mealy,Markus",Markus,Mealy,,117,"Mealy,Markus","MEALY,MARKUS",Capital,CAP,1275-3225,4,0,12,1C,0,WR,0,0,,,0,0,0,0,.0,,,,,0,0,0,0,0,.0,.0,.0,0,0,0,0,0,0,0,0,0,0,0,0,2,0,0,0,,,,,,,,,,,,,0,0,0,1,0,0,0,0,0,0,0,6,6,1.5,,,,,,,,,,,,1,18,18,0,0,18,18.0,4.5,,,,,,,,,,,,,,,,,,,,,,,,,,,,,,,,,,,,,,,,,,,,1,0,1,0
2026-27,football,Ohio Athletic Conference (OAC),oac,Capital,"Paige,Marlon",Marlon,Paige,,117,"Paige,Marlon","PAIGE,MARLON",Capital,CAP,1275-2989,4,0,22,22,0,0,S,0,,,,,,,,,,,,0,4,8,12,12,.0,.0,.0,0,0,0,0,0,0,0,0,0,0,0,0,0,0,1,1,,,,,,,,,,,,,,,,,,,,,,,,,,,,,,,,1,0,0,0,.0,,,,,,,,,,,,,,,,,,,,,,,,,,,,,,,,,,,,,,,,,,,,,,,,,,,,,,,,
2026-27,football,Ohio Athletic Conference (OAC),oac,Capital,"Godwin,Morgan",Morgan,Godwin,,117,"Godwin,Morgan","GODWIN,MORGAN",Capital,CAP,1275-3410,4,0,24,24,0,0,DB,0,,,,,,,,,,,,0,0,4,4,4,.0,.0,.0,0,0,0,0,0,0,0,0,0,0,0,0,0,0,0,0,,,,,,,,,,,,,,,,,,,,,,,,,,,,,,,,,,,,,,,,,,,,,,,,,,,,,,,,,,,,,,,,,,,,,,,,,,,,,,,,,,,,,,,,,,,,
2026-27,football,Ohio Athletic Conference (OAC),oac,Capital,"Leon,Kingston",Kingston,Leon,,117,"Leon,Kingston","LEON,KINGSTON",Capital,CAP,1275-3217,3,0,32,32,0,0,LB,0,,,,,,,,,,,,0,0,2,2,2,.0,.0,.0,0,0,0,0,0,0,0,0,0,0,0,0,0,0,0,0,,,,,,,,,,,,,,,,,,,,,,,,,,,,,,,,,,,,,,,,,,,,,,,,,,,,,,,,,,,,,,,,,,,,,,,,,,,,,,,,,,,,,,,,,,,,
2026-27,football,Ohio Athletic Conference (OAC),oac,Capital,"Smyser,Holden",Holden,Smyser,,117,"Smyser,Holden","SMYSER,HOLDEN",Capital,CAP,1275-3442,2,0,35,35,0,0,LB,0,,,,,,,,,,,,,,,,,,,,,,,,,,,,,,,,,,,,,,,,,,,,,,,,,,,,,,,,,,,,,,,,,,,,,,,,,,,,,,,,,,,,,,,,,,,,,,,,,,,,,,,,,,,,,,,,,,,,,,,,,,,,,,,
2026-27,football,Ohio Athletic Conference (OAC),oac,Capital,"Felix,Anden",Anden,Felix,,117,"Felix,Anden","FELIX,ANDEN",Capital,CAP,1275-2971,4,0,41,41,0,0,LB,0,,,,,,,,,,,,0,0,1,1,1,.0,.0,.0,0,0,0,0,0,0,0,0,0,0,0,0,0,0,0,0,,,,,,,,,,,,,,,,,,,,,,,,,,,,,,,,,,,,,,,,,,,,,,,,,,,,,,,,,,,,,,,,,,,,,,,,,,,,,,,,,,,,,,,,,,,,
2026-27,football,Ohio Athletic Conference (OAC),oac,Capital,"Grieco,Robbie",Robbie,Grieco,,117,"Grieco,Robbie","GRIECO,ROBBIE",Capital,CAP,1275-3204,3,0,48,48,0,0,DL,0,,,,,,,,,,,,0,3,7,10,10,.0,.0,.0,0,0,0,0,0,0,0,0,0,0,0,0,0,0,0,0,,,,,,,,,,,,,,,,,,,,,,,,,,,,,,,,,,,,,,,,,,,,,,,,,,,,,,,,,,,,,,,,,,,,,,,,,,,,,,,,,,,,,,,,,,,,
2026-27,football,Ohio Athletic Conference (OAC),oac,Capital,"Wilder,Sir Johnny",Sir Johnny,Wilder,,117,"Wilder,Sir Johnny","WILDER,SIR JOHNNY",Capital,CAP,1275-3251,1,0,54,54,0,0,LB,0,,,,,,,,,,,,,,,,,,,,,,,,,,,,,,,,,,,,,,,,,,,,,,,,,,,,,,,,,,,,,,,,,,,,,,,,,,,,,,,,,,,,,,,,,,,,,,,,,,,,,,,,,,,,,,,,,,,,,,,,,,,,,,,
2026-27,football,Ohio Athletic Conference (OAC),oac,Capital,"Frazier,Keith",Keith,Frazier,,117,"Frazier,Keith","FRAZIER,KEITH",Capital,CAP,1275-2792,3,0,75,75,0,OG,0,0,,,,,,,,,,,,,,,,,,,,,,,,,,,,,,,,,,,,,,,,,,,,,,,,,,,,,,,,,,,,,,,,,,,,,,,,,,,,,,,,,,,,,,,,,,,,,,,,,,,,,,,,,,,,,,,,,,,,,,,,,,,,,,,
2026-27,football,Ohio Athletic Conference (OAC),oac,Capital,"Humphrey,Matt",Matt,Humphrey,,117,"Humphrey,Matt","HUMPHREY,MATT",Capital,CAP,1275-3209,3,0,84,84,0,WR,0,0,,,,,,,,,,,,,,,,,,,,,,,,,,,,,,,,,,,,,,,,,,,,,,,,,,,,,,,,,,,,,,,,,,,,,,,,,,,,,,,,,,,,,,,,,,,,,,,,,,,,,,,,,,,,,,,,,,,,,,,,,,,,,,,
2026-27,football,Ohio Athletic Conference (OAC),oac,Capital,"Alfaro,Tristan",Tristan,Alfaro,,117,"Alfaro,Tristan","ALFARO,TRISTAN",Capital,CAP,1275-3173,3,0,93,93,0,0,DL,0,,,,,,,,,,,,,,,,,,,,,,,,,,,,,,,,,,,,,,,,,,,,,,,,,,,,,,,,,,,,,,,,,,,,,,,,,,,,,,,,,,,,,,,,,,,,,,,,,,,,,,,,,,,,,,,,,,,,,,,,,,,,,,,
2026-27,football,Ohio Athletic Conference (OAC),oac,Capital,"Nyarko,Brayden",Brayden,Nyarko,,117,"Nyarko,Brayden","NYARKO,BRAYDEN",Capital,CAP,1275-3228,4,1,98,98,0,0,DL,0,,,,,,,,,,,,0,1,6,7,7,.0,.0,.0,0,0,0,0,0,0,0,0,0,1,0,0,0,0,0,0,,,,,,,,,,,,,,,,,,,,,,,,,,,,,,,,,,,,,,,,,,,,,,,,,,,,,,,,,,,,,,,,,,,,,,,,,,,,,,,,,,,,,,,,,,,,
2026-27,football,Ohio Athletic Conference (OAC),oac,Capital,"Clouse,Michael",Michael,Clouse,,117,"Clouse,Michael","CLOUSE,MICHAEL",Capital,CAP,1275-3186,2,0,14,14,0,QB,0,0,,,,,,,,,,,,,,,,,,,,,,,,,,,,,,,,,,,,,,,,,,,,,,,,,,,,,,,,,,,,,,,,,,,,,,,,,,,,,,,,,0,0,0,0,0,0,3,0,.0,.00,.00,.0,,,,,,,,,,,,,,,,,,,,,,,,,,,,,,,,,,,
2026-27,football,Ohio Athletic Conference (OAC),oac,Capital,"Johnson,Kavon",Kavon,Johnson,,117,"Johnson,Kavon","JOHNSON,KAVON",Capital,CAP,1275-3213,1,0,16,16,0,0,LB,0,,,,,,,,,,,,,,,,,,,,,,,,,,,,,,,,,,,,,,,,,,,,,,,,,,,,,,,,,,,,,,,,,,,,,,,,,,,,,,,,,,,,,,,,,,,,,,,,,,,,,,,,,,,,,,,,,,,,,,,,,,,,,,,
2026-27,football,Ohio Athletic Conference (OAC),oac,Capital,"Mcelveen,Jermaine",Jermaine,Mcelveen,,117,"Mcelveen,Jermaine","MCELVEEN,JERMAINE",Capital,CAP,1275-3427,2,0,19,19,0,0,DB,0,,,,,,,,,,,,0,2,0,2,2,.0,.0,.0,0,0,0,0,0,0,0,0,0,0,0,0,0,0,0,0,,,,,,,,,,,,,,,,,,,,,,,,,,,,,,,,,,,,,,,,,,,,,,,,,,,,,,,,,,,,,,,,,,,,,,,,,,,,,,,,,,,,,,,,,,,,
2026-27,football,Ohio Athletic Conference (OAC),oac,Capital,"Buchanan,Brandon",Brandon,Buchanan,,117,"Buchanan,Brandon","BUCHANAN,BRANDON",Capital,CAP,1275-3180,3,0,20,20,0,TE,0,0,,,1,18,1,18,18.0,,,,,0,0,0,0,0,.0,.0,.0,0,0,0,0,0,0,0,0,0,0,0,0,0,0,0,0,,,,,,,,,,,,,,,0,1,0,0,0,0,0,0,0,6,6,2,,,,,,,,,,,,,,,,,,,,,,,,,,,,,,,,,,,,,,,,,,,,,,,,,,,,,,,,,,,,,,,,,,
2026-27,football,Ohio Athletic Conference (OAC),oac,Capital,"Rauckhorst,Nic",Nic,Rauckhorst,,117,"Rauckhorst,Nic","RAUCKHORST,NIC",Capital,CAP,1275-3436,2,0,21,21,0,0,DB,0,,,,,,,,,,,,0,0,1,1,1,.0,.0,.0,0,0,0,0,0,0,0,0,0,0,0,0,0,0,0,0,,,,,,,,,,,,,,,,,,,,,,,,,,,,,,,,,,,,,,,,,,,,,,,,,,,,,,,,,,,,,,,,,,,,,,,,,,,,,,,,,,,,,,,,,,,,
2026-27,football,Ohio Athletic Conference (OAC),oac,Capital,"Barrett,Rylee",Rylee,Barrett,,117,"Barrett,Rylee","BARRETT,RYLEE",Capital,CAP,1275-2962,2,0,24,2E,0,RB,0,0,,,,,,,,,,,,,,,,,,,,,,,,,,,,,,,,,,,,,,,,,,,,,,,,,,,,,,,,,,,,,,,,,,,,,,,,,1,2,2,0,0,2,2.0,1.0,,,,,,,,,,,,,,,,,,,,,,,,,,,,,,,,,,,,,,,,,,,,,,,
2026-27,football,Ohio Athletic Conference (OAC),oac,Capital,"Logan,James",James,Logan,,117,"Logan,James","LOGAN,JAMES",Capital,CAP,1275-3277,3,0,28,28,0,0,DB,0,,,2,2,0,5,1.0,,,,,0,1,0,1,1,.0,.0,.0,0,0,0,0,0,0,0,0,0,0,0,0,0,0,0,0,1,10,0,10,10.0,,,,,,,,,,,,,,,,,,,,,,,,,,,,,,,,,,,,,,,,,,,,,,,,,,,,,,,,,,,,,,,,,,,,,,,,,,,,,,,,,,,,,,,
2026-27,football,Ohio Athletic Conference (OAC),oac,Capital,"Carter III,Danny",Danny,Carter III,,117,"Carter III,Danny","CARTER III,DANNY",Capital,CAP,1275-3183,1,0,33,33,0,0,CB,0,,,,,,,,,,,,0,2,0,2,2,.0,.0,.0,0,0,0,0,0,0,0,0,0,0,0,0,0,0,0,0,,,,,,,,,,,,,,,,,,,,,,,,,,,,,,,,,,,,,,,,,,,,,,,,,,,,,,,,,,,,,,,,,,,,,,,,,,,,,,,,,,,,,,,,,,,,
2026-27,football,Ohio Athletic Conference (OAC),oac,Capital,"Wilkerson,Kenneth",Kenneth,Wilkerson,,117,"Wilkerson,Kenneth","WILKERSON,KENNETH",Capital,CAP,1275-2849,3,0,34,34,0,0,0,0,,,,,,,,,,,,,,,,,,,,,,,,,,,,,,,,,,,,,,,,,,,,,,,,,,,,,,,,,,,,,,,,,,,,,,,,,2,5,5,0,0,3,2.5,1.7,,,,,,,,,,,,,,,,,,,,,,,,,,,,,,,,,,,,,,,,,,,,,,,
2026-27,football,Ohio Athletic Conference (OAC),oac,Capital,"Jackson,Jhalil",Jhalil,Jackson,,117,"Jackson,Jhalil","JACKSON,JHALIL",Capital,CAP,1275-3416,0,0,39,39,0,RB,0,0,,,,,,,,,,,,0,0,0,0,0,.0,.0,.0,0,0,0,0,0,0,0,0,0,0,0,0,0,0,0,0,,,,,,,,,,,,,,,,,,,,,,,,,,,,,,,,,,,,,,,,,,,,,,,,,,,,,,,,,,,,,,,,,,,,,,,,,,,,,,,,,,,,,,,,,,,,
2026-27,football,Ohio Athletic Conference (OAC),oac,Capital,"Doomes,Jonathan",Jonathan,Doomes,,117,"Doomes,Jonathan","DOOMES,JONATHAN",Capital,CAP,1275-3194,1,0,43,43,0,0,LB,0,,,,,,,,,,,,,,,,,,,,,,,,,,,,,,,,,,,,,,,,,,,,,,,,,,,,,,,,,,,,,,,,,,,,,,,,,,,,,,,,,,,,,,,,,,,,,,,,,,,,,,,,,,,,,,,,,,,,,,,,,,,,,,,
2026-27,football,Ohio Athletic Conference (OAC),oac,Capital,"Frasure,Kaleb",Kaleb,Frasure,,117,"Frasure,Kaleb","FRASURE,KALEB",Capital,CAP,1275-3198,1,0,45,45,0,0,LB,0,,,,,,,,,,,,,,,,,,,,,,,,,,,,,,,,,,,,,,,,,,,,,,,,,,,,,,,,,,,,,,,,,,,,,,,,,,,,,,,,,,,,,,,,,,,,,,,,,,,,,,,,,,,,,,,,,,,,,,,,,,,,,,,
2026-27,football,Ohio Athletic Conference (OAC),oac,Capital,"Jeans,Patrick",Patrick,Jeans,,117,"Jeans,Patrick","JEANS,PATRICK",Capital,CAP,1275-2816,2,0,55,55,0,OG,0,0,,,,,,,,,,,,,,,,,,,,,,,,,,,,,,,,,,,,,,,,,,,,,,,,,,,,,,,,,,,,,,,,,,,,,,,,,,,,,,,,,,,,,,,,,,,,,,,,,,,,,,,,,,,,,,,,,,,,,,,,,,,,,,,
2026-27,football,Ohio Athletic Conference (OAC),oac,Capital,"Graham,Ethan",Ethan,Graham,,117,"Graham,Ethan","GRAHAM,ETHAN",Capital,CAP,1275-3203,2,0,86,86,0,0,0,0,,,,,,,,,,,,0,0,0,0,0,.0,.0,.0,0,0,0,0,0,0,0,0,0,0,0,0,0,0,0,0,,,,,,,,,,,,,,,2,0,1,0,0,0,0,0,0,5,5,2.5,,,,,,,,,,,,,,,,,,,,,,,,,,,,,,,,1,60,0,0,60.0,1,1,23,0,100.0,2,2,0,0,0,0,0,0,0,0,0,0,,,,,,,,,,,,,
2026-27,football,Ohio Athletic Conference (OAC),oac,Capital,"Hambleton,Tom",Tom,Hambleton,,117,"Hambleton,Tom","HAMBLETON,TOM",Capital,CAP,1275-3280,1,0,88,88,0,WR,0,0,,,,,,,,,,,,,,,,,,,,,,,,,,,,,,,,,,,,,,,,,,,,,,,,,,,,,,,,,,,,,,,,,,,,,,,,,,,,,,,,,,,,,,,,,,,,,,,,,,,,,,,,,,,,,,,,,,,,,,,,,,,,,,,
2026-27,football,Ohio Athletic Conference (OAC),oac,Capital,"McCleod,Antrell",Antrell,McCleod,,117,"McCleod,Antrell","MCCLEOD,ANTRELL",Capital,CAP,1275-3221,1,0,92,92,0,0,LB,0,,,,,,,,,,,,,,,,,,,,,,,,,,,,,,,,,,,,,,,,,,,,,,,,,,,,,,,,,,,,,,,,,,,,,,,,,,,,,,,,,,,,,,,,,,,,,,,,,,,,,,,,,,,,,,,,,,,,,,,,,,,,,,,
2026-27,football,Ohio Athletic Conference (OAC),oac,Capital,"Taylor,Coby",Coby,Taylor,,117,"Taylor,Coby","TAYLOR,COBY",Capital,CAP,1275-2999,1,0,19,1J,0,WR,0,0,,,,,,,,,,,,,,,,,,,,,,,,,,,,,,,,,,,,,,,,,,,,,,,,,,,,,,,,,,,,,,,,,,,,,,,,,,,,,,,,,,,,,,,,,,,,,,,,,,,,,,,,,,,,,,,,,,,,,,,,,,,,,,,
2026-27,football,Ohio Athletic Conference (OAC),oac,Capital,"Turay,Eddie",Eddie,Turay,,117,"Turay,Eddie","TURAY,EDDIE",Capital,CAP,1275-3246,3,0,66,66,0,0,DL,0,,,,,,,,,,,,,,,,,,,,,,,,,,,,,,,,,,,,,,,,,,,,,,,,,,,,,,,,,,,,,,,,,,,,,,,,,,,,,,,,,,,,,,,,,,,,,,,,,,,,,,,,,,,,,,,,,,,,,,,,,,,,,,,
2026-27,football,Ohio Athletic Conference (OAC),oac,Capital,B. Hambric Jr.,B. Hambric,Jr.,,117,B. Hambric Jr.,",B HAMBRIC JR",Capital,CAP,0,1,0,2B,2B,0,0,0,0,,,,,,,,,,,,,,,,,,,,,,,,,,,,,,,,,,,,,,,,,,,,,,,,1,0,,,,,,,,,,,,,,,,,,,,,,,,12,47,51,4,0,14,3.9,47.0,,,,,,,,,,,,,,,,,,,,,,,,,,,,,,,,,,,,,,,,,,,,,,,
2026-27,football,Ohio Athletic Conference (OAC),oac,Capital,M. Young Jr.,M. Young,Jr.,,117,M. Young Jr.,",M YOUNG JR",Capital,CAP,0,1,1,3,3,0,0,LB,0,,,,,,,,,,,,0,0,10,10,10,.0,.0,.0,0,0,0,0,0,0,0,0,0,0,0,0,0,0,0,0,1,13,0,13,13.0,,,,,,,,,,,,,,,,,,,,,,,,,,,,,,,,,,,,,,,,,,,,,,,,,,,,,,,,,,,,,,,,,,,,,,,,,,,,,,,,,,,,,,,
2026-27,football,Ohio Athletic Conference (OAC),oac,Capital,Dominic Perella,Dominic,Perella,,117,Dominic Perella,"PERELLA,DOMINIC",Capital,CAP,0,2,0,8G,8G,0,0,0,0,,,,,,,,,,,,,,,,,,,,,,,,,,,,,,,,,,,,,,,,,,,,,,,,,,,,,,,,,,,,,,,,,,,,,,,,,,,,,,,,,,,,,,,,,,,,,,,,,,,,,,,,,,,,,,,,,,,,,,,,,,,,,,,
2026-27,football,Ohio Athletic Conference (OAC),oac,Capital,Julian Daniels,Julian,Daniels,,117,Julian Daniels,"DANIELS,JULIAN",Capital,CAP,0,0,0,18,18,0,0,0,0,,,,,,,,,,,,,,,,,,,,,,,,,,,,,,,,,,,,,,,,,,,,,,,,,,,,,,,,,,,,,,,,,,,,,,,,,,,,,,,,,,,,,,,,,,,,,,,,,,,,,,,,,,,,,,,,,,,,,,,,,,,,,,,
2026-27,football,Ohio Athletic Conference (OAC),oac,Capital,Quincy Haines,Quincy,Haines,,117,Quincy Haines,"HAINES,QUINCY",Capital,CAP,0,1,0,36,36,0,0,0,0,,,,,,,,,,,,0,2,2,4,4,.0,.0,.0,0,0,0,0,0,0,0,0,0,0,0,0,0,0,0,0,,,,,,,,,,,,,,,,,,,,,,,,,,,,,,,,,,,,,,,,,,,,,,,,,,,,,,,,,,,,,,,,,,,,,,,,,,,,,,,,,,,,,,,,,,,,
2026-27,football,Ohio Athletic Conference (OAC),oac,Capital,"Ancalade,Dean",Dean,Ancalade,,117,"Ancalade,Dean","ANCALADE,DEAN",Capital,CAP,0,1,0,50,50,0,0,LB,0,,,,,,,,,,,,0,1,0,1,1,1.0,.0,.0,1,0,4,0,0,0,0,0,0,0,0,0,0,0,0,0,,,,,,,,,,,,,,,,,,,,,,,,,,,,,,,,,,,,,,,,,,,,,,,,,,,,,,,,,,,,,,,,,,,,,,,,,,,,,,,,,,,,,,,,,,,,
2026-27,football,Ohio Athletic Conference (OAC),oac,Capital,"Moore,Alex",Alex,Moore,,117,"Moore,Alex","MOORE,ALEX",Capital,CAP,0,1,0,62,62,0,OL,0,0,,,,,,,,,,,,,,,,,,,,,,,,,,,,,,,,,,,,,,,,,,,,,,,,,,,,,,,,,,,,,,,,,,,,,,,,,,,,,,,,,,,,,,,,,,,,,,,,,,,,,,,,,,,,,,,,,,,,,,,,,,,,,,,
2026-27,football,Ohio Athletic Conference (OAC),oac,Capital,"Nissley,Wade",Wade,Nissley,,117,"Nissley,Wade","NISSLEY,WADE",Capital,CAP,0,1,0,70,70,0,OL,0,0,,,,,,,,,,,,,,,,,,,,,,,,,,,,,,,,,,,,,,,,,,,,,,,,,,,,,,,,,,,,,,,,,,,,,,,,,,,,,,,,,,,,,,,,,,,,,,,,,,,,,,,,,,,,,,,,,,,,,,,,,,,,,,,
2026-27,football,Ohio Athletic Conference (OAC),oac,Capital,"Mack,Sean",Sean,Mack,,117,"Mack,Sean","MACK,SEAN",Capital,CAP,0,1,0,78,78,0,0,DL,0,,,,,,,,,,,,,,,,,,,,,,,,,,,,,,,,,,,,,,,,,,,,,,,,,,,,,,,,,,,,,,,,,,,,,,,,,,,,,,,,,,,,,,,,,,,,,,,,,,,,,,,,,,,,,,,,,,,,,,,,,,,,,,,
2026-27,football,Ohio Athletic Conference (OAC),oac,Capital,"Gilmore,Rohwan",Rohwan,Gilmore,,117,"Gilmore,Rohwan","GILMORE,ROHWAN",Capital,CAP,0,1,0,79,79,0,OL,0,0,,,,,,,,,,,,,,,,,,,,,,,,,,,,,,,,,,,,,,,,,,,,,,,,,,,,,,,,,,,,,,,,,,,,,,,,,,,,,,,,,,,,,,,,,,,,,,,,,,,,,,,,,,,,,,,,,,,,,,,,,,,,,,,
2026-27,football,Ohio Athletic Conference (OAC),oac,Capital,"Edwards,Reggie",Reggie,Edwards,,117,"Edwards,Reggie","EDWARDS,REGGIE",Capital,CAP,0,1,0,90,90,0,0,DL,0,,,,,,,,,,,,,,,,,,,,,,,,,,,,,,,,,,,,,,,,,,,,,,,,,,,,,,,,,,,,,,,,,,,,,,,,,,,,,,,,,,,,,,,,,,,,,,,,,,,,,,,,,,,,,,,,,,,,,,,,,,,,,,,
2026-27,football,Ohio Athletic Conference (OAC),oac,Otterbein,"Griffin,Matt",Matt,Griffin,,531,"Griffin,Matt","GRIFFIN,MATT",Otterbein,OTT,1285-4281,2,2,2,2,0,RB,0,0,,,4,47,0,28,11.8,,,,,,,,,,,,,,,,,,,,,,,,,,,,,,,,,,,,,,,,,,,,,,,,,,,,,,,,,,,,,,,,,,17,65,67,2,0,14,3.8,32.5,,,,,,,,,,,,,,,,,,,,,,,,,,,,,,,,,,,,,,,,,,,,,,,
2026-27,football,Ohio Athletic Conference (OAC),oac,Otterbein,"Corley,Duke",Duke,Corley,,531,"Corley,Duke","CORLEY,DUKE",Otterbein,OTT,1285-4764,4,3,3,3,0,QB,0,0,,,,,,,,,,,,0,0,0,0,0,.0,.0,.0,0,0,0,0,0,0,0,0,0,0,0,0,0,0,0,0,,,,,,,,,,,,,1,0,0,1,0,0,0,0,0,0,0,6,6,1.5,,,,,,,,,,,,35,126,161,35,1,17,3.6,31.5,29,5,27,1,160,1,27,17,117.6,5.93,9.41,40.0,,,,,,,,,,,,,,,,,,,,,,,,,,,,,,,,,,,
2026-27,football,Ohio Athletic Conference (OAC),oac,Otterbein,"Pataky,Christian",Christian,Pataky,,531,"Pataky,Christian","PATAKY,CHRISTIAN",Otterbein,OTT,1285-4029,4,4,5,5,0,TE,0,0,,,10,70,0,37,7.0,,,,,0,1,0,1,1,.0,.0,.0,0,0,0,0,0,0,0,0,0,0,0,0,0,0,0,0,,,,,,,,,,,,,,,,,,,,,,,,,,,,,,,,,,,,,,,,,,,,,,,,,,,,,,,,,,,,,,,,,,,,,,,,,,,,,,,,,,,,,,,,,,,,
2026-27,football,Ohio Athletic Conference (OAC),oac,Otterbein,"Vilk,Drew",Drew,Vilk,,531,"Vilk,Drew","VILK,DREW",Otterbein,OTT,1285-4766,4,3,11,1A,0,WR,0,0,,,7,43,0,12,6.1,,,,,,,,,,,,,,,,,,,,,,,,,,,,,,,,,,,,,,,,,,,,,,,,,,,,,,,,,,,,,,,,,,,,,,,,,,,,,,,,,,,,,,,,,,,,,,,,,,,,,,,,,,,,,,,,,,,,,,,,
2026-27,football,Ohio Athletic Conference (OAC),oac,Otterbein,"Horstman,Alex",Alex,Horstman,,531,"Horstman,Alex","HORSTMAN,ALEX",Otterbein,OTT,1285-5073,2,0,57,57,0,OL,0,0,,,,,,,,,,,,,,,,,,,,,,,,,,,,,,,,,,,,,,,,,,,,,,,,,,,,,,,,,,,,,,,,,,,,,,,,,,,,,,,,,,,,,,,,,,,,,,,,,,,,,,,,,,,,,,,,,,,,,,,,,,,,,,,
2026-27,football,Ohio Athletic Conference (OAC),oac,Otterbein,"Gardner,Logan",Logan,Gardner,,531,"Gardner,Logan","GARDNER,LOGAN",Otterbein,OTT,1285-4490,4,4,67,67,0,OL,0,0,,,,,,,,,,,,,,,,,,,,,,,,,,,,,,,,,,,,,,,,,,,,,,,,,,,,,,,,,,,,,,,,,,,,,,,,,,,,,,,,,,,,,,,,,,,,,,,,,,,,,,,,,,,,,,,,,,,,,,,,,,,,,,,
2026-27,football,Ohio Athletic Conference (OAC),oac,Otterbein,"Boehm,Joe",Joe,Boehm,,531,"Boehm,Joe","BOEHM,JOE",Otterbein,OTT,1285-5042,4,4,68,68,0,OL,0,0,,,,,,,,,,,,,,,,,,,,,,,,,,,,,,,,,,,,,,,,,,,,,,,,,,,,,,,,,,,,,,,,,,,,,,,,,,,,,,,,,,,,,,,,,,,,,,,,,,,,,,,,,,,,,,,,,,,,,,,,,,,,,,,
2026-27,football,Ohio Athletic Conference (OAC),oac,Otterbein,"Wiley,Hayden",Hayden,Wiley,,531,"Wiley,Hayden","WILEY,HAYDEN",Otterbein,OTT,1285-5096,4,4,73,73,0,OL,0,0,,,,,,,,,,,,,,,,,,,,,,,,,,,,,,,,,,,,,,,,,,,,,,,,,,,,,,,,,,,,,,,,,,,,,,,,,,,,,,,,,,,,,,,,,,,,,,,,,,,,,,,,,,,,,,,,,,,,,,,,,,,,,,,
2026-27,football,Ohio Athletic Conference (OAC),oac,Otterbein,"Rickett,Caleb",Caleb,Rickett,,531,"Rickett,Caleb","RICKETT,CALEB",Otterbein,OTT,1285-4782,3,2,75,75,0,OL,0,0,,,,,,,,,,,,,,,,,,,,,,,,,,,,,,,,,,,,,,,,,,,,,,,,,,,,,,,,,,,,,,,,,,,,,,,,,,,,,,,,,,,,,,,,,,,,,,,,,,,,,,,,,,,,,,,,,,,,,,,,,,,,,,,
2026-27,football,Ohio Athletic Conference (OAC),oac,Otterbein,"Shaffer,Daniel",Daniel,Shaffer,,531,"Shaffer,Daniel","SHAFFER,DANIEL",Otterbein,OTT,1285-5090,4,4,80,80,0,WR,0,0,,,14,279,1,64,19.9,,,,,0,1,1,2,2,.0,.0,.0,0,0,0,0,0,0,0,0,0,0,0,0,0,0,0,0,5,56,0,19,11.2,,,,,,,,1,0,0,1,0,0,0,0,0,0,0,6,6,1.5,,,,,,,,,,,,,,,,,,,,,,,,,,,,,,,,,,,,,,,,,,,,,,,,,,,,,,,,,,,,,,,,,,
2026-27,football,Ohio Athletic Conference (OAC),oac,Otterbein,"Fabb,Caden",Caden,Fabb,,531,"Fabb,Caden","FABB,CADEN",Otterbein,OTT,1285-5066,4,3,85,85,0,WR,0,0,,,8,84,1,27,10.5,,,,,0,0,0,0,0,.0,.0,.0,0,0,0,0,0,0,0,0,0,0,0,0,0,0,0,0,,,,,,3,17,0,14,5.7,,,,,0,1,0,0,0,0,0,0,0,6,6,1.5,,,,,,,,,,,,,,,,,,,,,,,,,,,,,,,,,,,,,,,,,,,,,,,,,,,,,,,,,,,,,,,,,,
2026-27,football,Ohio Athletic Conference (OAC),oac,Otterbein,"Watson,Emmanuel",Emmanuel,Watson,,531,"Watson,Emmanuel","WATSON,EMMANUEL",Otterbein,OTT,1285-4516,3,1,0,0,0,0,CB,0,,,,,,,,,,,,0,4,3,7,7,.0,.0,.0,0,0,0,0,0,0,0,0,0,0,0,0,0,0,0,0,1,11,0,11,11.0,,,,,,,,,,,,,,,,,,,,,,,,,,,,,,,,,,,,,,,,,,,,,,,,,,,,,,,,,,,,,,,,,,,,,,,,,,,,,,,,,,,,,,,
2026-27,football,Ohio Athletic Conference (OAC),oac,Otterbein,"Kinnamon,Kace",Kace,Kinnamon,,531,"Kinnamon,Kace","KINNAMON,KACE",Otterbein,OTT,1285-5079,4,1,1,1,0,QB,0,0,,,,,,,,,,,,0,0,0,0,0,.0,.0,.0,0,0,0,0,0,0,0,0,0,0,0,0,0,0,0,0,,,,,,,,,,,,,4,2,0,1,0,0,0,0,0,0,0,6,6,1.5,,,,,,,,,,,,35,66,116,50,1,14,1.9,16.5,33,5,67,3,543,2,71,44,134.5,7.65,12.34,135.8,,,,,,,,,,,,,,,,,,,,,,,,,,,,,,,,,,,
2026-27,football,Ohio Athletic Conference (OAC),oac,Otterbein,"Lassiter,Cayden",Cayden,Lassiter,,531,"Lassiter,Cayden","LASSITER,CAYDEN",Otterbein,OTT,1285-4296,4,4,3,3D,0,0,S,0,,,,,,,,,,,,52,12,13,25,25,1.0,.0,.0,1,0,1,0,0,0,0,0,0,1,0,0,0,0,1,1,,,,,,,,,,,,,,,0,1,0,0,0,0,0,0,0,6,6,1.5,,,,,,1,52,1,52,52.0,,,,,,,,,,,,,,,,,,,,,,,,,,,,,,,,,,,,,,,,,,,,,,,,,,,,,,,,
2026-27,football,Ohio Athletic Conference (OAC),oac,Otterbein,"Armistead Jr.,Antonio",Antonio,Armistead Jr.,,531,"Armistead Jr.,Antonio","ARMISTEAD JR.,ANTONIO",Otterbein,OTT,1285-4760,4,4,4,4,0,0,CB,0,,,,,,,,,,,,0,5,4,9,9,.0,.0,.0,0,0,0,0,0,0,0,1,0,0,0,0,0,0,0,1,,,,,,,,,,,,,,,,,,,,,,,,,,,,,,,,,,,,,,,,,,,,,,,,,,,,,,,,,,,,,,,,,,,,,,,,,,,,,,,,,,,,,,,,,,,,
2026-27,football,Ohio Athletic Conference (OAC),oac,Otterbein,"Hyland,Anderson",Anderson,Hyland,,531,"Hyland,Anderson","HYLAND,ANDERSON",Otterbein,OTT,1285-4774,2,0,6,6D,0,0,S,0,,,,,,,,,,,,0,1,3,4,4,.0,.0,.0,0,0,0,0,0,0,0,0,0,0,0,0,0,0,0,0,,,,,,,,,,,,,,,,,,,,,,,,,,,,,,,,,,,,,,,,,,,,,,,,,,,,,,,,,,,,,,,,,,,,,,,,,,,,,,,,,,,,,,,,,,,,
2026-27,football,Ohio Athletic Conference (OAC),oac,Otterbein,"Dent,Cullen",Cullen,Dent,,531,"Dent,Cullen","DENT,CULLEN",Otterbein,OTT,1285-4279,4,4,7,7D,0,0,DL,0,,,,,,,,,,,,0,9,9,18,18,5.5,.0,.0,5,1,26,3,3,0,17,1,0,1,0,0,0,0,0,1,,,,,,,,,,,,,,,,,,,,,,,,,,,,,,,,,,,,,,,,,,,,,,,,,,,,,,,,,,,,,,,,,,,,,,,,,,,,,,,,,,,,,,,,,,,,
2026-27,football,Ohio Athletic Conference (OAC),oac,Otterbein,"Sleet,Carter",Carter,Sleet,,531,"Sleet,Carter","SLEET,CARTER",Otterbein,OTT,1285-4759,4,4,9,9D,0,0,S,0,,,,,,,,,,,,31,6,7,13,13,.0,.0,.0,0,0,0,0,0,0,0,1,0,0,0,0,0,0,2,3,,,,,,,,,,,,,,,,,,,,,,,,,,,,,,,,2,31,0,16,15.5,,,,,,,,,,,,,,,,,,,,,,,,,,,,,,,,,,,,,,,,,,,,,,,,,,,,,,,,
2026-27,football,Ohio Athletic Conference (OAC),oac,Otterbein,"Delph,Donovan",Donovan,Delph,,531,"Delph,Donovan","DELPH,DONOVAN",Otterbein,OTT,1285-5053,4,3,9,9,0,WR,0,0,,,2,5,0,4,2.5,,,,,0,4,1,5,5,.5,.0,.0,0,1,1,0,0,0,0,0,0,0,0,0,0,0,1,1,7,116,0,23,16.6,,,,,,,,,,,,,,,,,,,,,,,,,,,1,0,0,0,.0,,,,,,,,,,,,,,,,,,,,,,,,,,,,,,,,,,,,,,,,,,,,,,,,,,,,,,,,
2026-27,football,Ohio Athletic Conference (OAC),oac,Otterbein,"Wilson,Qa'id",Qa'id,Wilson,,531,"Wilson,Qa'id","WILSON,QA'ID",Otterbein,OTT,1285-4507,4,4,10,1D,0,0,DL,0,,,,,,,,,,,,0,5,6,11,11,1.5,.0,.0,1,1,5,0.5,0,1,4,0,0,0,0,0,0,0,0,0,,,,,,,,,,,,,,,,,,,,,,,,,,,,,,,,,,,,,,,,,,,,,,,,,,,,,,,,,,,,,,,,,,,,,,,,,,,,,,,,,,,,,,,,,,,,
2026-27,football,Ohio Athletic Conference (OAC),oac,Otterbein,"Herrera,Anthony",Anthony,Herrera,,531,"Herrera,Anthony","HERRERA,ANTHONY",Otterbein,OTT,1285-4788,3,0,10,10,0,WR,0,0,,,2,15,0,13,7.5,,,,,,,,,,,,,,,,,,,,,,,,,,,,,,,,,,,,,,,,,,,,,,,,,,,,,,,,,,,,,,,,,,,,,,,,,,,,,,,,,,,,,,,,,,,,,,,,,,,,,,,,,,,,,,,,,,,,,,,,
2026-27,football,Ohio Athletic Conference (OAC),oac,Otterbein,"Montgomery,Troy",Troy,Montgomery,,531,"Montgomery,Troy","MONTGOMERY,TROY",Otterbein,OTT,1285-4763,4,3,11,11,0,0,LB,0,,,,,,,,,,,,0,9,14,23,23,.5,.0,.0,0,1,2,0,0,0,0,0,0,1,0,0,1,57,0,0,,,,,,,,,,,,,0,0,0,1,0,0,0,0,0,0,0,6,6,1.5,,,,,,,,,,,,,,,,,,,,,,,,,,,,,,,,,,,,,,,,,,,,,,,,,,,,,,,,,,,,,,,1,57,1,57
2026-27,football,Ohio Athletic Conference (OAC),oac,Otterbein,"Hartley,Grant",Grant,Hartley,,531,"Hartley,Grant","HARTLEY,GRANT",Otterbein,OTT,1285-4484,3,2,17,17,0,WR,0,0,,,8,80,1,16,10.0,,,,,0,0,0,0,0,.0,.0,.0,0,0,0,0,0,0,0,0,0,0,0,0,0,0,0,0,,,,,,,,,,,,,,,0,1,0,0,0,0,0,0,0,6,6,2,,,,,,,,,,,,,,,,,,,,,,,,,,,,,,,,,,,,,,,,,,,,,,,,,,,,,,,,,,,,,,,,,,
2026-27,football,Ohio Athletic Conference (OAC),oac,Otterbein,"DeClaire,Kaleb",Kaleb,DeClaire,,531,"DeClaire,Kaleb","DECLAIRE,KALEB",Otterbein,OTT,1285-5052,3,0,19,19,0,0,S,0,,,,,,,,,,,,,,,,,,,,,,,,,,,,,,,,,,,,,,,,,,,,,,,,,,,,,,,,,,,,,,,,,,,,,,,,,,,,,,,,,,,,,,,,,,,,,,,,,,,,,,,,,,,,,,,,,,,,,,,,,,,,,,,
2026-27,football,Ohio Athletic Conference (OAC),oac,Otterbein,"Stillings,Will",Will,Stillings,,531,"Stillings,Will","STILLINGS,WILL",Otterbein,OTT,1285-4511,4,0,20,0D,0,0,S,0,,,,,,,,,,,,0,1,3,4,4,.0,.0,.0,0,0,0,0,0,0,0,0,0,0,0,0,0,0,0,0,,,,,,,,,,,,,,,,,,,,,,,,,,,,,,,,,,,,,,,,,,,,,,,,,,,,,,,,,,,,,,,,,,,,,,,,,,,,,,,,,,,,,,,,,,,,
2026-27,football,Ohio Athletic Conference (OAC),oac,Otterbein,"Brown,Zymerius",Zymerius,Brown,,531,"Brown,Zymerius","BROWN,ZYMERIUS",Otterbein,OTT,1285-5045,3,0,21,1X,0,0,LB,0,,,,,,,,,,,,0,2,0,2,2,.0,.0,.0,0,0,0,0,0,0,0,0,0,0,0,0,0,0,0,0,,,,,,,,,,,,,,,,,,,,,,,,,,,,,,,,,,,,,,,,,,,,,,,,,,,,,,,,,,,,,,,,,,,,,,,,,,,,,,,,,,,,,,,,,,,,
2026-27,football,Ohio Athletic Conference (OAC),oac,Otterbein,"Diomande,Ishhod",Ishhod,Diomande,,531,"Diomande,Ishhod","DIOMANDE,ISHHOD",Otterbein,OTT,1285-5063,4,0,22,22,0,RB,0,0,,,2,36,0,24,18.0,,,,,0,0,0,0,0,.0,.0,.0,0,0,0,0,0,0,0,0,0,0,0,0,0,0,0,0,,,,,,,,,,,,,,,0,1,0,0,0,0,0,0,0,6,6,1.5,,,,,,,,,,,,31,104,116,12,1,24,3.4,26.0,,,,,,,,,,,,,,,,,,,,,,,,,,,,,,,,,,,,,,,,,,,,,,,
2026-27,football,Ohio Athletic Conference (OAC),oac,Otterbein,"Helton,Eli",Eli,Helton,,531,"Helton,Eli","HELTON,ELI",Otterbein,OTT,1285-5072,4,4,22,2O,0,0,LB,0,,,,,,,,,,,,22,19,15,34,34,2.5,.0,.0,2,1,7,1.5,1,1,6,1,0,0,0,0,0,0,1,2,,,,,,,,,,,,,,,,,,,,,,,,,,,,,,,,1,22,0,22,22.0,,,,,,,,,,,,,,,,,,,,,,,,,,,,,,,,,,,,,,,,,,,,,,,,,,,,,,,,
2026-27,football,Ohio Athletic Conference (OAC),oac,Otterbein,"Nelson,Zach",Zach,Nelson,,531,"Nelson,Zach","NELSON,ZACH",Otterbein,OTT,1285-4773,4,4,25,25,0,0,LB,0,,,,,,,,,,,,0,3,10,13,13,.5,.0,.0,0,1,0,0,0,0,0,0,0,0,0,0,0,0,0,0,,,,,,,,,,,,,,,,,,,,,,,,,,,,,,,,,,,,,,,,,,,,,,,,,,,,,,,,,,5,299,1,0,59.8,,,,,,,,,,,,,,,,,,,,,,,,,,,,,,
2026-27,football,Ohio Athletic Conference (OAC),oac,Otterbein,"Buchanan,Tyrese",Tyrese,Buchanan,,531,"Buchanan,Tyrese","BUCHANAN,TYRESE",Otterbein,OTT,1285-5046,3,2,25,2X,0,RB,0,0,,,3,39,1,30,13.0,,,,,0,1,0,1,1,.0,.0,.0,0,0,0,0,0,0,0,0,0,0,0,0,0,0,0,0,,,,,,,,,,,,,,,0,1,0,0,0,0,0,0,0,6,6,2,,,,,,,,,,,,26,103,108,5,0,20,4.0,34.3,,,,,,,,,,,,,,,,,,,,,,,,,,,,,,,,,,,,,,,,,,,,,,,
2026-27,football,Ohio Athletic Conference (OAC),oac,Otterbein,"Watson,Carter",Carter,Watson,,531,"Watson,Carter","WATSON,CARTER",Otterbein,OTT,1285-5095,4,0,28,28,0,0,CB,0,,,,,,,,,,,,6,5,2,7,7,.0,.0,.0,0,0,0,0,0,0,0,0,0,0,0,0,0,0,1,1,,,,,,,,,,,,,,,,,,,,,,,,,,,,,,,,1,6,0,6,6.0,,,,,,,,,,,,,,,,,,,,,,,,,,,,,,,,,,,,,,,,,,,,,,,,,,,,,,,,
2026-27,football,Ohio Athletic Conference (OAC),oac,Otterbein,"Foutz,Hayden",Hayden,Foutz,,531,"Foutz,Hayden","FOUTZ,HAYDEN",Otterbein,OTT,1285-5068,2,0,29,29,0,0,LB,0,,,,,,,,,,,,,,,,,,,,,,,,,,,,,,,,,,,,,,,,,,,,,,,,,,,,,,,,,,,,,,,,,,,,,,,,,,,,,,,,,,,,,,,,,,,,,,,,,,,,,,,,,,,,,,,,,,,,,,,,,,,,,,,
2026-27,football,Ohio Athletic Conference (OAC),oac,Otterbein,"Balandra,Braylon",Braylon,Balandra,,531,"Balandra,Braylon","BALANDRA,BRAYLON",Otterbein,OTT,1285-4304,3,0,30,30,0,0,0,0,,,,,,,,,,,,0,0,0,0,0,.0,.0,.0,0,0,0,0,0,0,0,0,0,0,0,0,0,0,0,0,,,,,,,,,,,,,,,9,0,0,0,0,0,0,0,0,9,9,3,,,,,,,,,,,,,,,,,,,,,,,,,,,,,,,,9,398,0,0,44.2,0,1,0,0,.0,9,9,0,0,0,0,0,0,0,0,0,0,,,,,,,,,,,,,
2026-27,football,Ohio Athletic Conference (OAC),oac,Otterbein,"Hall,Kamden",Kamden,Hall,,531,"Hall,Kamden","HALL,KAMDEN",Otterbein,OTT,1285-5071,3,0,31,31,0,TE,0,0,,,1,5,0,5,5.0,,,,,,,,,,,,,,,,,,,,,,,,,,,,,,,,,,,,,,,,,,,,,,,,,,,,,,,,,,,,,,,,,,,,,,,,,,,,,,,,,,,,,,,,,,,,,,,,,,,,,,,,,,,,,,,,,,,,,,,,
2026-27,football,Ohio Athletic Conference (OAC),oac,Otterbein,"Owens,Trent",Trent,Owens,,531,"Owens,Trent","OWENS,TRENT",Otterbein,OTT,1285-5087,4,0,33,33,0,0,LB,0,,,,,,,,,,,,0,2,2,4,4,1.0,.0,.0,1,0,1,0,0,0,0,0,0,0,0,0,0,0,0,0,1,0,0,0,.0,,,,,,,,,,,,,,,,,,,,,,,,,,,,,,,,,,,,,,,,,,,,,,,,,,,,,,,,,,,,,,,,,,,,,,,,,,,,,,,,,,,,,,,
2026-27,football,Ohio Athletic Conference (OAC),oac,Otterbein,"Adkins,Colton",Colton,Adkins,,531,"Adkins,Colton","ADKINS,COLTON",Otterbein,OTT,1285-5027,1,0,35,35,0,0,S,0,,,,,,,,,,,,0,1,1,2,2,.0,.0,.0,0,0,0,0,0,0,0,0,0,0,0,0,0,0,0,0,,,,,,,,,,,,,,,,,,,,,,,,,,,,,,,,,,,,,,,,,,,,,,,,,,,,,,,,,,,,,,,,,,,,,,,,,,,,,,,,,,,,,,,,,,,,
2026-27,football,Ohio Athletic Conference (OAC),oac,Otterbein,"Coachman,Amor",Amor,Coachman,,531,"Coachman,Amor","COACHMAN,AMOR",Otterbein,OTT,1285-5049,4,0,37,37,0,0,CB,0,,,,,,,,,,,,45,3,5,8,8,.0,.0,.0,0,0,0,0,0,0,0,2,0,0,0,0,0,0,1,3,,,,,,,,,,,,,,,,,,,,,,,,,,,,,,,,1,45,0,45,45.0,,,,,,,,,,,,,,,,,,,,,,,,,,,,,,,,,,,,,,,,,,,,,,,,,,,,,,,,
2026-27,football,Ohio Athletic Conference (OAC),oac,Otterbein,"Myers,Landon",Landon,Myers,,531,"Myers,Landon","MYERS,LANDON",Otterbein,OTT,1285-5085,4,0,40,40,0,RB,0,0,,,,,,,,,,,,,,,,,,,,,,,,,,,,,,,,,,,,,,,,,,,,,,,,,,,,,,,,,,,,,,,,,,,,,,,,,4,8,8,0,0,2,2.0,2.0,,,,,,,,,,,,,,,,,,,,,,,,,,,,,,,,,,,,,,,,,,,,,,,
2026-27,football,Ohio Athletic Conference (OAC),oac,Otterbein,"Al Ani,Ahmed",Ahmed,Al Ani,,531,"Al Ani,Ahmed","AL ANI,AHMED",Otterbein,OTT,1285-4480,2,1,41,41,0,0,DE,0,,,,,,,,,,,,0,1,0,1,1,.0,.0,.0,0,0,0,0,0,0,0,0,0,0,0,0,0,0,0,0,,,,,,,,,,,,,,,,,,,,,,,,,,,,,,,,,,,,,,,,,,,,,,,,,,,,,,,,,,,,,,,,,,,,,,,,,,,,,,,,,,,,,,,,,,,,
2026-27,football,Ohio Athletic Conference (OAC),oac,Otterbein,"Earnest,MikeChale",MikeChale,Earnest,,531,"Earnest,MikeChale","EARNEST,MIKECHALE",Otterbein,OTT,1285-5065,1,0,42,42,0,0,S,0,,,,,,,,,,,,0,0,1,1,1,.0,.0,.0,0,0,0,0,0,0,0,0,0,0,0,0,0,0,0,0,,,,,,,,,,,,,,,,,,,,,,,,,,,,,,,,,,,,,,,,,,,,,,,,,,,,,,,,,,,,,,,,,,,,,,,,,,,,,,,,,,,,,,,,,,,,
2026-27,football,Ohio Athletic Conference (OAC),oac,Otterbein,"Bruner,Kaden",Kaden,Bruner,,531,"Bruner,Kaden","BRUNER,KADEN",Otterbein,OTT,1285-4778,4,3,44,44,0,0,LB,0,,,,,,,,,,,,0,7,12,19,19,.0,.0,.0,0,0,0,0,0,0,0,1,0,0,0,0,0,0,0,1,,,,,,,,,,,,,,,,,,,,,,,,,,,,,,,,,,,,,,,,,,,,,,,,,,,,,,,,,,,,,,,,,,,,,,,,,,,,,,,,,,,,,,,,,,,,
2026-27,football,Ohio Athletic Conference (OAC),oac,Otterbein,"O'Neill,Colin",Colin,O'Neill,,531,"O'Neill,Colin","O'NEILL,COLIN",Otterbein,OTT,1285-5086,4,0,47,47,0,0,0,0,,,,,,,,,,,,,,,,,,,,,,,,,,,,,,,,,,,,,,,,,,,,,,,,,,,,,,,,,,,,,,,,,,,,,,,,,,,,,,,,,,,,,,,,,,,,,,,,,,,,,,,,,,,,,,,,,,,,,,,,,,,,,,,
2026-27,football,Ohio Athletic Conference (OAC),oac,Otterbein,"Jamison,Christian",Christian,Jamison,,531,"Jamison,Christian","JAMISON,CHRISTIAN",Otterbein,OTT,1285-5076,4,0,48,48,0,0,DT,0,,,,,,,,,,,,0,0,3,3,3,.0,.0,.0,0,0,0,0,0,0,0,0,0,0,0,0,0,0,0,0,,,,,,,,,,,,,,,,,,,,,,,,,,,,,,,,,,,,,,,,,,,,,,,,,,,,,,,,,,,,,,,,,,,,,,,,,,,,,,,,,,,,,,,,,,,,
2026-27,football,Ohio Athletic Conference (OAC),oac,Otterbein,"Bauzon,Jonathan",Jonathan,Bauzon,,531,"Bauzon,Jonathan","BAUZON,JONATHAN",Otterbein,OTT,1285-5041,4,4,51,51,0,0,DT,0,,,,,,,,,,,,0,6,5,11,11,.0,.0,.0,0,0,0,0,0,0,0,0,0,0,0,0,0,0,0,0,,,,,,,,,,,,,,,,,,,,,,,,,,,,,,,,,,,,,,,,,,,,,,,,,,,,,,,,,,,,,,,,,,,,,,,,,,,,,,,,,,,,,,,,,,,,
2026-27,football,Ohio Athletic Conference (OAC),oac,Otterbein,"Howard,Hunter",Hunter,Howard,,531,"Howard,Hunter","HOWARD,HUNTER",Otterbein,OTT,1285-5074,4,0,52,52,0,0,LB,0,,,,,,,,,,,,0,2,5,7,7,.5,.0,.0,0,1,1,0,0,0,0,0,0,0,0,0,0,0,0,0,,,,,,,,,,,,,,,,,,,,,,,,,,,,,,,,,,,,,,,,,,,,,,,,,,,,,,,,,,,,,,,,,,,,,,,,,,,,,,,,,,,,,,,,,,,,
2026-27,football,Ohio Athletic Conference (OAC),oac,Otterbein,"Grayson,Mikahi",Mikahi,Grayson,,531,"Grayson,Mikahi","GRAYSON,MIKAHI",Otterbein,OTT,1285-5069,1,0,54,54,0,OL,0,0,,,,,,,,,,,,,,,,,,,,,,,,,,,,,,,,,,,,,,,,,,,,,,,,,,,,,,,,,,,,,,,,,,,,,,,,,,,,,,,,,,,,,,,,,,,,,,,,,,,,,,,,,,,,,,,,,,,,,,,,,,,,,,,
2026-27,football,Ohio Athletic Conference (OAC),oac,Otterbein,"Hughes,Connor",Connor,Hughes,,531,"Hughes,Connor","HUGHES,CONNOR",Otterbein,OTT,1285-4783,4,4,63,63,0,OL,0,0,,,,,,,,,,,,,,,,,,,,,,,,,,,,,,,,,,,,,,,,,,,,,,,,,,,,,,,,,,,,,,,,,,,,,,,,,0,0,0,0,0,0,.0,.0,,,,,,,,,,,,,,,,,,,,,,,,,,,,,,,,,,,,,,,,,,,,,,,
2026-27,football,Ohio Athletic Conference (OAC),oac,Otterbein,"Childress,Griffin",Griffin,Childress,,531,"Childress,Griffin","CHILDRESS,GRIFFIN",Otterbein,OTT,1285-5048,4,0,89,89,0,0,0,0,,,,,,,,,,,,,,,,,,,,,,,,,,,,,,,,,,,,,,,,,,,,,,,,,,,,,,,,,,,,,,,,,,,,,,,,,,,,,,,,,,,,,,,,,,,,,,,,,,,,,,,,,,,,,,,,,,,22,736,51,0,0,7,1,5,33.5,,,,
2026-27,football,Ohio Athletic Conference (OAC),oac,Otterbein,"Mount,Braxton",Braxton,Mount,,531,"Mount,Braxton","MOUNT,BRAXTON",Otterbein,OTT,1285-5084,3,1,95,95,0,0,DE,0,,,,,,,,,,,,0,1,4,5,5,.0,.0,.0,0,0,0,0,0,0,0,0,0,0,0,0,0,0,0,0,,,,,,,,,,,,,,,,,,,,,,,,,,,,,,,,,,,,,,,,,,,,,,,,,,,,,,,,,,,,,,,,,,,,,,,,,,,,,,,,,,,,,,,,,,,,
2026-27,football,Ohio Athletic Conference (OAC),oac,Otterbein,"Williams,Anderson",Anderson,Williams,,531,"Williams,Anderson","WILLIAMS,ANDERSON",Otterbein,OTT,1285-5097,3,0,96,96,0,0,DE,0,,,,,,,,,,,,0,1,4,5,5,.5,.0,.0,0,1,0,0,0,0,0,0,0,0,0,0,0,0,0,0,,,,,,,,,,,,,,,,,,,,,,,,,,,,,,,,,,,,,,,,,,,,,,,,,,,,,,,,,,,,,,,,,,,,,,,,,,,,,,,,,,,,,,,,,,,,
2026-27,football,Ohio Athletic Conference (OAC),oac,Otterbein,"Nyktas,Vasilios",Vasilios,Nyktas,,531,"Nyktas,Vasilios","NYKTAS,VASILIOS",Otterbein,OTT,1285-4286,2,0,8,8,0,0,DB,0,,,,,,,,,,,,0,2,1,3,3,.0,.0,.0,0,0,0,0,0,0,0,0,0,0,0,0,0,0,0,0,,,,,,,,,,,,,,,,,,,,,,,,,,,,,,,,,,,,,,,,,,,,,,,,,,,,,,,,,,,,,,,,,,,,,,,,,,,,,,,,,,,,,,,,,,,,
2026-27,football,Ohio Athletic Conference (OAC),oac,Otterbein,"Radford,Jaymir",Jaymir,Radford,,531,"Radford,Jaymir","RADFORD,JAYMIR",Otterbein,OTT,1285-5088,3,0,13,13,0,0,S,0,,,,,,,,,,,,,,,,,,,,,,,,,,,,,,,,,,,,,,,,,,,,,,,,,,,,,,,,,,,,,,,,,,,,,,,,,,,,,,,,,,,,,,,,,,,,,,,,,,,,,,,,,,,,,,,,,,,,,,,,,,,,,,,
2026-27,football,Ohio Athletic Conference (OAC),oac,Otterbein,"Caldwell,Syr",Syr,Caldwell,,531,"Caldwell,Syr","CALDWELL,SYR",Otterbein,OTT,1285-5047,1,0,16,16,0,WR,0,0,,,,,,,,,,,,,,,,,,,,,,,,,,,,,,,,,,,,,,,,,,,,,,,,,,,,,,,,,,,,,,,,,,,,,,,,,,,,,,,,,,,,,,,,,,,,,,,,,,,,,,,,,,,,,,,,,,,,,,,,,,,,,,,
2026-27,football,Ohio Athletic Conference (OAC),oac,Otterbein,"McGrady,Brian",Brian,McGrady,,531,"McGrady,Brian","MCGRADY,BRIAN",Otterbein,OTT,1285-5081,2,0,20,20,0,WR,0,0,,,0,0,0,0,.0,,,,,,,,,,,,,,,,,,,,,,,,,,,,,,,,,,,,,,,,,,,,,,,,,,,,,,,,,,,,,,,,,,,,,,,,,,,,,,,,,,,,,,,,,,,,,,,,,,,,,,,,,,,,,,,,,,,,,,,,
2026-27,football,Ohio Athletic Conference (OAC),oac,Otterbein,"Drake,Kameron",Kameron,Drake,,531,"Drake,Kameron","DRAKE,KAMERON",Otterbein,OTT,1285-5064,3,0,39,39,0,0,S,0,,,,,,,,,,,,0,1,0,1,1,.0,.0,.0,0,0,0,0,0,0,0,0,0,0,0,0,0,0,0,0,,,,,,,,,,,,,,,,,,,,,,,,,,,,,,,,,,,,,,,,,,,,,,,,,,,,,,,,,,,,,,,,,,,,,,,,,,,,,,,,,,,,,,,,,,,,
2026-27,football,Ohio Athletic Conference (OAC),oac,Otterbein,"Briscoe,Dorion",Dorion,Briscoe,,531,"Briscoe,Dorion","BRISCOE,DORION",Otterbein,OTT,1285-5044,2,0,45,45,0,0,LB,0,,,,,,,,,,,,0,1,0,1,1,1.0,.0,.0,1,0,4,0,0,0,0,0,0,0,0,0,0,0,0,0,,,,,,,,,,,,,,,,,,,,,,,,,,,,,,,,,,,,,,,,,,,,,,,,,,,,,,,,,,,,,,,,,,,,,,,,,,,,,,,,,,,,,,,,,,,,
2026-27,football,Ohio Athletic Conference (OAC),oac,Otterbein,"Taylor,Jackson",Jackson,Taylor,,531,"Taylor,Jackson","TAYLOR,JACKSON",Otterbein,OTT,1285-5093,3,2,58,58,0,OL,0,0,,,,,,,,,,,,,,,,,,,,,,,,,,,,,,,,,,,,,,,,,,,,,,,,,,,,,,,,,,,,,,,,,,,,,,,,,,,,,,,,,,,,,,,,,,,,,,,,,,,,,,,,,,,,,,,,,,,,,,,,,,,,,,,
2026-27,football,Ohio Athletic Conference (OAC),oac,Otterbein,"Haney,Turtle",Turtle,Haney,,531,"Haney,Turtle","HANEY,TURTLE",Otterbein,OTT,1285-4298,3,0,99,99,0,0,DL,0,,,,,,,,,,,,0,2,2,4,4,.0,.0,.0,0,0,0,0,0,0,0,0,0,0,0,0,0,0,0,0,,,,,,,,,,,,,,,,,,,,,,,,,,,,,,,,,,,,,,,,,,,,,,,,,,,,,,,,,,,,,,,,,,,,,,,,,,,,,,,,,,,,,,,,,,,,
2026-27,football,Ohio Athletic Conference (OAC),oac,Otterbein,"Back,Dom",Dom,Back,,531,"Back,Dom","BACK,DOM",Otterbein,OTT,1285-5031,1,0,6,6,0,QB,0,0,,,,,,,,,,,,,,,,,,,,,,,,,,,,,,,,,,,,,,,,,,,,,,,,,,,,,,,,,,,,,,,,,,,,,,,,,,,,,,,,,,,,,,,,,,,,,,,,,,,,,,,,,,,,,,,,,,,,,,,,,,,,,,,
2026-27,football,Ohio Athletic Conference (OAC),oac,Otterbein,"Duzzny,Nick",Nick,Duzzny,,531,"Duzzny,Nick","DUZZNY,NICK",Otterbein,OTT,1285-4769,1,0,7,7,0,WR,0,0,,,,,,,,,,,,,,,,,,,,,,,,,,,,,,,,,,,,,,,,,,,,,,,,,,,,,,,,,,,,,,,,,,,,,,,,,,,,,,,,,,,,,,,,,,,,,,,,,,,,,,,,,,,,,,,,,,,,,,,,,,,,,,,
2026-27,football,Ohio Athletic Conference (OAC),oac,Otterbein,"Fouch,Sladen",Sladen,Fouch,,531,"Fouch,Sladen","FOUCH,SLADEN",Otterbein,OTT,1285-5067,1,0,12,12,0,0,CB,0,,,,,,,,,,,,,,,,,,,,,,,,,,,,,,,,,,,,,,,,,,,,,,,,,,,,,,,,,,,,,,,,,,,,,,,,,,,,,,,,,,,,,,,,,,,,,,,,,,,,,,,,,,,,,,,,,,,,,,,,,,,,,,,
2026-27,football,Ohio Athletic Conference (OAC),oac,Wilmington,"Nemeth,Nathan",Nathan,Nemeth,,1461,"Nemeth,Nathan","NEMETH,NATHAN",Wilmington,WIL,1286-3279,2,2,0,0D,0,0,DB,0,,,,,,,,,,,,0,8,7,15,15,.5,.0,.0,0,1,2,0,0,0,0,2,0,0,0,0,0,0,0,2,,,,,,,,,,,,,,,,,,,,,,,,,,,,,,,,,,,,,,,,,,,,,,,,,,,,,,,,,,,,,,,,,,,,,,,,,,,,,,,,,,,,,,,,,,,,
2026-27,football,Ohio Athletic Conference (OAC),oac,Wilmington,"Pray,Javon",Javon,Pray,,1461,"Pray,Javon","PRAY,JAVON",Wilmington,WIL,1286-3852,4,4,1,1,0,0,DB,0,,,,,,,,,,,,-1,16,7,23,23,.0,.0,.0,0,0,0,0,0,0,0,0,0,0,0,0,0,0,1,1,9,146,0,34,16.2,2,8,0,11,4.0,,,,,,,,,,,,,,,,,,,,,,1,-1,0,0,-1.0,,,,,,,,,,,,,,,,,,,,,,,,,,,,,,,,,,,,,,,,,,,,,,,,,,,,,,,,
2026-27,football,Ohio Athletic Conference (OAC),oac,Wilmington,"Gregory,Tyler",Tyler,Gregory,,1461,"Gregory,Tyler","GREGORY,TYLER",Wilmington,WIL,1286-3466,4,4,2,2D,0,0,DB,0,,,,,,,,,,,,3,0,17,17,17,1.5,.0,.0,0,3,10,0.5,0,1,6,0,0,0,0,0,0,0,1,1,,,,,,,,,,,,,,,,,,,,,,,,,,,,,,,,1,3,0,3,3.0,,,,,,,,,,,,,,,,,,,,,,,,,,,,,,,,,,,,,,,,,,,,,,,,,,,,,,,,
2026-27,football,Ohio Athletic Conference (OAC),oac,Wilmington,"Logan,Xander",Xander,Logan,,1461,"Logan,Xander","LOGAN,XANDER",Wilmington,WIL,1286-3665,4,0,3,3,0,WR,0,0,,,2,25,0,17,12.5,,,,,,,,,,,,,,,,,,,,,,,,,,,,,,,,,,,,,,,,,,,,,,,,,,,,,,,,,,,,,,,,,,1,5,5,0,0,5,5.0,1.3,,,,,,,,,,,,,,,,,,,,,,,,,,,,,,,,,,,,,,,,,,,,,,,
2026-27,football,Ohio Athletic Conference (OAC),oac,Wilmington,"Molnar,Kaiden",Kaiden,Molnar,,1461,"Molnar,Kaiden","MOLNAR,KAIDEN",Wilmington,WIL,1286-3844,4,4,4,4,0,RB,0,0,,,3,31,0,19,10.3,,,,,0,1,0,1,1,.0,.0,.0,0,0,0,0,0,0,0,0,0,0,0,0,0,0,0,0,1,5,0,5,5.0,,,,,,,,,,0,3,0,0,0,0,0,0,0,18,18,4.5,,,,,,,,,,,,49,299,318,19,3,64,6.1,74.8,,,,,,,,,,,,,,,,,,,,,,,0,0,1,0,0,0,0,0,0,0,0,0,,,,,,,,,,,,,
2026-27,football,Ohio Athletic Conference (OAC),oac,Wilmington,"Spann,Joseph",Joseph,Spann,,1461,"Spann,Joseph","SPANN,JOSEPH",Wilmington,WIL,1286-3288,4,4,5,5,0,WR,0,0,,,6,117,0,41,19.5,,,,,,,,,,,,,,,,,,,,,,,,,,,,,,,,,,,,,,,,,,,,,,,,,,,,,,,,,,,,,,,,,,,,,,,,,,,,,,,,,,,,,,,,,,,,,,,,,,,,,,,,,,,,,,,,,,,,,,,,
2026-27,football,Ohio Athletic Conference (OAC),oac,Wilmington,"Story,Darryl",Darryl,Story,,1461,"Story,Darryl","STORY,DARRYL",Wilmington,WIL,1286-3463,3,3,6,6,0,WR,0,0,,,11,88,0,19,8.0,,,,,0,1,0,1,1,.0,.0,.0,0,0,0,0,0,0,0,0,0,0,0,0,0,0,0,0,8,278,1,100,34.8,3,25,0,17,8.3,,,,,0,1,0,0,0,0,0,0,0,6,6,2,,,,,,,,,,,,2,7,7,0,0,7,3.5,2.3,,,,,,,,,,,,,,,,,,,,,,,,,,,,,,,,,,,,,,,,,,,,,,,
2026-27,football,Ohio Athletic Conference (OAC),oac,Wilmington,"Hunter,Jelani",Jelani,Hunter,,1461,"Hunter,Jelani","HUNTER,JELANI",Wilmington,WIL,1286-3470,4,4,7,7D,0,0,DL,0,,,,,,,,,,,,0,7,8,15,15,2.5,.0,.0,1,3,14,1.5,1,1,13,0,0,6,0,0,0,0,0,0,,,,,,,,,,,,,,,,,,,,,,,,,,,,,,,,,,,,,,,,,,,,,,,,,,,,,,,,,,,,,,,,,,,,,,,,,,,,,,,,,,,,,,,,,,,,
2026-27,football,Ohio Athletic Conference (OAC),oac,Wilmington,"Hostetler,Miles",Miles,Hostetler,,1461,"Hostetler,Miles","HOSTETLER,MILES",Wilmington,WIL,1286-3468,4,3,8,8,0,QB,0,0,,,0,0,0,0,.0,,,,,0,0,0,0,0,.0,.0,.0,0,0,0,0,0,0,0,0,0,0,0,0,0,0,0,0,,,,,,,,,,,,,2,1,,,,,,,,,,,,,,,,,,,,,,,,14,-49,19,68,0,7,-3.5,-12.3,52,8,41,1,447,5,64,38,107.6,6.98,11.76,111.8,,,,,,,,,,,,,,,,,,,,,,,,,,,,,,,,,,,
2026-27,football,Ohio Athletic Conference (OAC),oac,Wilmington,"Fitzpatrick,Jordan",Jordan,Fitzpatrick,,1461,"Fitzpatrick,Jordan","FITZPATRICK,JORDAN",Wilmington,WIL,1286-3674,4,4,8,8D,0,0,DB,0,,,,,,,,,,,,0,15,6,21,21,.0,.0,.0,0,0,0,0,0,0,0,3,0,0,0,0,1,0,0,3,,,,,,,,,,,,,0,0,,,,,,,,,,,,,,,,,,,,,,,,,,,,,,,,,,,,,,,,,,,,,,,,,,,,,,,,,,,,,,,,,,,,,,,,,,,,,,
2026-27,football,Ohio Athletic Conference (OAC),oac,Wilmington,"Middleton,Amare",Amare,Middleton,,1461,"Middleton,Amare","MIDDLETON,AMARE",Wilmington,WIL,1286-3474,4,0,9,9,0,WR,0,0,,,10,68,0,19,6.8,,,,,0,0,0,0,0,.0,.0,.0,0,0,0,0,0,0,0,0,0,0,0,0,0,0,0,0,1,11,0,11,11.0,,,,,,,,1,1,,,,,,,,,,,,,,,,,,,,,,,,,,,,,,,,,,,,,,,,,,,,,,,,,,,,,,,,,,,,,,,,,,,,,,,,,,,,,,
2026-27,football,Ohio Athletic Conference (OAC),oac,Wilmington,"Morrow,Nick",Nick,Morrow,,1461,"Morrow,Nick","MORROW,NICK",Wilmington,WIL,1286-3475,4,0,10,1A,0,0,LB,0,,,,,,,,,,,,0,12,10,22,22,3.0,.0,.0,2,2,5,0,0,0,0,0,0,0,0,0,0,0,0,0,,,,,,,,,,,,,,,,,,,,,,,,,,,,,,,,,,,,,,,,,,,,,,,,,,,,,,,,,,,,,,,,,,,,,,,,,,,,,,,,,,,,,,,,,,,,
2026-27,football,Ohio Athletic Conference (OAC),oac,Wilmington,"Meek,Carson",Carson,Meek,,1461,"Meek,Carson","MEEK,CARSON",Wilmington,WIL,1286-3666,2,0,10,10,0,WR,0,0,,,0,0,0,0,.0,,,,,,,,,,,,,,,,,,,,,,,,,,,,,,,,,,,,,,,,,,,,,,,,,,,,,,,,,,,,,,,,,,,,,,,,,,,,,,,,,,,,,,,,,,,,,,,,,,,,,,,,,,,,,,,,,,,,,,,,
2026-27,football,Ohio Athletic Conference (OAC),oac,Wilmington,"Byrd,Taron",Taron,Byrd,,1461,"Byrd,Taron","BYRD,TARON",Wilmington,WIL,1286-3819,1,0,11,1C,0,0,DB,0,,,,,,,,,,,,,,,,,,,,,,,,,,,,,,,,,,,,,,,,,,,,,,,,,,,,,,,,,,,,,,,,,,,,,,,,,,,,,,,,,,,,,,,,,,,,,,,,,,,,,,,,,,,,,,,,,,,,,,,,,,,,,,,
2026-27,football,Ohio Athletic Conference (OAC),oac,Wilmington,"Hamm,Jeremy",Jeremy,Hamm,,1461,"Hamm,Jeremy","HAMM,JEREMY",Wilmington,WIL,1286-3653,4,3,12,1B,0,0,LB,0,,,,,,,,,,,,0,6,12,18,18,1.5,.0,.0,1,1,3,0,0,0,0,0,0,0,0,1,0,0,0,0,,,,,,1,40,0,40,40.0,,,,,,,,,,,,,,,,,,,,,,,,,,,,,,,,,,,,,,,,,,,,,,,,,,,,,,,,,,,,,,,,,,,,,,,,,,,,,,,,,,
2026-27,football,Ohio Athletic Conference (OAC),oac,Wilmington,"Hamm,Ethan",Ethan,Hamm,,1461,"Hamm,Ethan","HAMM,ETHAN",Wilmington,WIL,1286-3629,3,0,13,13,0,WR,0,0,,,,,,,,,,,,,,,,,,,,,,,,,,,,,,,,,,,,,,,,,,,,,,,,,,,,,,,,,,,,,,,,,,,,,,,,,,,,,,,,,,,,,,,,,,,,,,,,,,,,,,,,,,,,,,,,,,,,,,,,,,,,,,,
2026-27,football,Ohio Athletic Conference (OAC),oac,Wilmington,"Garner,Amarie",Amarie,Garner,,1461,"Garner,Amarie","GARNER,AMARIE",Wilmington,WIL,1286-3831,1,0,13,1E,0,0,DB,0,,,,,,,,,,,,,,,,,,,,,,,,,,,,,,,,,,,,,,,,,,,,,,,,,,,,,,,,,,,,,,,,,,,,,,,,,,,,,,,,,,,,,,,,,,,,,,,,,,,,,,,,,,,,,,,,,,,,,,,,,,,,,,,
2026-27,football,Ohio Athletic Conference (OAC),oac,Wilmington,"Amnah,Sammy",Sammy,Amnah,,1461,"Amnah,Sammy","AMNAH,SAMMY",Wilmington,WIL,1286-3630,4,4,15,15,0,WR,0,0,,,5,75,2,25,15.0,,,,,0,0,0,0,0,.0,.0,.0,0,0,0,0,0,0,0,0,0,0,0,0,0,0,0,0,,,,,,,,,,,,,,,0,2,0,0,0,0,0,0,0,12,12,3,,,,,,,,,,,,,,,,,,,,,,,,,,,,,,,,,,,,,,,,,,,,,,,,,,,,,,,,,,,,,,,,,,
2026-27,football,Ohio Athletic Conference (OAC),oac,Wilmington,"Hicks,Amare",Amare,Hicks,,1461,"Hicks,Amare","HICKS,AMARE",Wilmington,WIL,1286-3835,3,0,17,1I,0,0,DB,0,,,,,,,,,,,,0,0,1,1,1,.0,.0,.0,0,0,0,0,0,0,0,0,0,0,0,0,0,0,0,0,,,,,,,,,,,,,,,,,,,,,,,,,,,,,,,,,,,,,,,,,,,,,,,,,,,,,,,,,,,,,,,,,,,,,,,,,,,,,,,,,,,,,,,,,,,,
2026-27,football,Ohio Athletic Conference (OAC),oac,Wilmington,"Chaney,Zach",Zach,Chaney,,1461,"Chaney,Zach","CHANEY,ZACH",Wilmington,WIL,1286-3663,4,0,18,18,0,WR,0,0,,,3,36,0,26,12.0,,,,,,,,,,,,,,,,,,,,,,,,,,,,,,,,,,,,,,,,,,,,,,,,,,,,,,,,,,,,,,,,,,,,,,,,,,,,,,,,,,,,,,,,,,,,,,,,,,,,,,,,,,,,,,,,,,,,,,,,
2026-27,football,Ohio Athletic Conference (OAC),oac,Wilmington,"Cooke,AJ",AJ,Cooke,,1461,"Cooke,AJ","COOKE,AJ",Wilmington,WIL,1286-3822,1,0,18,1J,0,0,DB,0,,,0,0,0,0,.0,,,,,,,,,,,,,,,,,,,,,,,,,,,,,,,,,,,,,,,,,,,,,,,,,,,,,,,,,,,,,,,,,,,,,,,,,,,,,,,,,,,,,,,,,,,,,,,,,,,,,,,,,,,,,,,,,,,,,,,,
2026-27,football,Ohio Athletic Conference (OAC),oac,Wilmington,"Daniel,Aiden",Aiden,Daniel,,1461,"Daniel,Aiden","DANIEL,AIDEN",Wilmington,WIL,1286-3825,1,0,19,1K,0,0,DB,0,,,,,,,,,,,,0,0,1,1,1,.0,.0,.0,0,0,0,0,0,0,0,0,0,0,0,0,0,0,0,0,,,,,,,,,,,,,,,,,,,,,,,,,,,,,,,,,,,,,,,,,,,,,,,,,,,,,,,,,,,,,,,,,,,,,,,,,,,,,,,,,,,,,,,,,,,,
2026-27,football,Ohio Athletic Conference (OAC),oac,Wilmington,"Fall,Miller",Miller,Fall,,1461,"Fall,Miller","FALL,MILLER",Wilmington,WIL,1286-3828,4,4,20,20,0,0,LB,0,,,,,,,,,,,,0,15,17,32,32,9.0,.0,.0,6,6,29,1.5,1,1,11,0,0,3,0,0,0,0,0,0,,,,,,0,10,1,10,.0,,,,,0,1,0,0,0,0,0,0,0,6,6,1.5,,,,,,,,,,,,,,,,,,,,,,,,,,,,,,,,,,,,,,,,,,,,,,,,,,,,,,,,,,,,,,,,,,
2026-27,football,Ohio Athletic Conference (OAC),oac,Wilmington,"Thompson,Jarett",Jarett,Thompson,,1461,"Thompson,Jarett","THOMPSON,JARETT",Wilmington,WIL,1286-3634,4,4,21,21,0,0,DB,0,,,,,,,,,,,,0,5,5,10,10,.5,.0,.0,0,1,1,0,0,0,0,0,0,0,0,0,0,0,0,0,,,,,,,,,,,,,,,,,,,,,,,,,,,,,,,,,,,,,,,,,,,,,,,,,,,,,,,,,,,,,,,,,,,,,,,,,,,,,,,,,,,,,,,,,,,,
2026-27,football,Ohio Athletic Conference (OAC),oac,Wilmington,"Lewis,DJ",DJ,Lewis,,1461,"Lewis,DJ","LEWIS,DJ",Wilmington,WIL,1286-3841,4,2,23,23,0,0,DB,0,,,,,,,,,,,,10,10,3,13,13,1.0,.0,.0,1,0,1,0,0,0,0,0,0,0,0,0,0,0,1,1,,,,,,,,,,,,,,,,,,,,,,,,,,,,,,,,1,10,0,10,10.0,,,,,,,,,,,,,,,,,,,,,,,,,,,,,,,,,,,,,,,,,,,,,,,,,,,,,,,,
2026-27,football,Ohio Athletic Conference (OAC),oac,Wilmington,"Stout,Bryce",Bryce,Stout,,1461,"Stout,Bryce","STOUT,BRYCE",Wilmington,WIL,1286-3491,4,0,25,25,0,RB,0,0,,,1,39,0,39,39.0,,,,,0,0,0,0,0,.0,.0,.0,0,0,0,0,0,0,0,0,0,0,0,0,0,0,0,0,,,,,,,,,,,,,1,1,0,1,0,0,0,0,0,0,0,6,6,1.5,,,,,,,,,,,,18,31,36,5,1,10,1.7,7.8,,,,,,,,,,,,,,,,,,,,,,,,,,,,,,,,,,,,,,,,,,,,,,,
2026-27,football,Ohio Athletic Conference (OAC),oac,Wilmington,"Davenport-Jimenez,Ray",Ray,Davenport-Jimenez,,1461,"Davenport-Jimenez,Ray","DAVENPORT-JIMENEZ,RAY",Wilmington,WIL,1286-3826,4,1,26,26,0,0,DB,0,,,,,,,,,,,,,,,,,,,,,,,,,,,,,,,,,,,,,,,,,,,,,,,,,,,,,,,,,,,,,,,,,,,,,,,,,,,,,,,,,,,,,,,,,,,,,,,,,,,,,,,,,,,,,,,,,,,,,,,,,,,,,,,
2026-27,football,Ohio Athletic Conference (OAC),oac,Wilmington,"Presley,Logan",Logan,Presley,,1461,"Presley,Logan","PRESLEY,LOGAN",Wilmington,WIL,1286-3853,1,0,29,2F,0,0,LB,0,,,,,,,,,,,,0,0,0,0,0,.0,.0,.0,0,0,0,0,0,0,0,0,0,1,0,0,0,0,0,0,,,,,,,,,,,,,,,,,,,,,,,,,,,,,,,,,,,,,,,,,,,,,,,,,,,,,,,,,,,,,,,,,,,,,,,,,,,,,,,,,,,,,,,,,,,,
2026-27,football,Ohio Athletic Conference (OAC),oac,Wilmington,"Springer,Levi",Levi,Springer,,1461,"Springer,Levi","SPRINGER,LEVI",Wilmington,WIL,1286-3859,1,0,30,30,0,RB,0,0,,,,,,,,,,,,,,,,,,,,,,,,,,,,,,,,,,,,,,,,,,,,,,,,,,,,,,,,,,,,,,,,,,,,,,,,,,,,,,,,,,,,,,,,,,,,,,,,,,,,,,,,,,,,,,,,,,,,,,,,,,,,,,,
2026-27,football,Ohio Athletic Conference (OAC),oac,Wilmington,"Braswell,Dontay",Dontay,Braswell,,1461,"Braswell,Dontay","BRASWELL,DONTAY",Wilmington,WIL,1286-3643,1,0,31,31,0,FB,0,0,,,,,,,,,,,,,,,,,,,,,,,,,,,,,,,,,,,,,,,,,,,,,,,,,,,,,,,,,,,,,,,,,,,,,,,,,,,,,,,,,,,,,,,,,,,,,,,,,,,,,,,,,,,,,,,,,,,,,,,,,,,,,,,
2026-27,football,Ohio Athletic Conference (OAC),oac,Wilmington,"Hunter,Gavan",Gavan,Hunter,,1461,"Hunter,Gavan","HUNTER,GAVAN",Wilmington,WIL,1286-3270,4,3,32,32,0,0,LB,0,,,,,,,,,,,,0,10,17,27,27,3.5,.0,.0,2,3,11,1.5,1,1,5,0,0,1,0,0,0,0,0,0,,,,,,,,,,,,,,,,,,,,,,,,,,,,,,,,,,,,,,,,,,,,,,,,,,,,,,,,,,,,,,,,,,,,,,,,,,,,,,,,,,,,,,,,,,,,
2026-27,football,Ohio Athletic Conference (OAC),oac,Wilmington,"Marx,Camden",Camden,Marx,,1461,"Marx,Camden","MARX,CAMDEN",Wilmington,WIL,1286-3639,4,0,34,34,0,0,0,0,,,,,,,,,,,,0,1,0,1,1,.0,.0,.0,0,0,0,0,0,0,0,0,0,0,0,0,0,0,0,0,,,,,,,,,,,,,,,5,0,0,0,0,0,0,0,0,5,5,1.25,,,,,,,,,,,,,,,,,,,,,,,,,,,,,,,,10,638,0,6,63.8,0,2,0,0,.0,7,5,0,0,0,0,0,0,0,0,0,0,16,605,61,0,3,3,4,2,37.8,,,,
2026-27,football,Ohio Athletic Conference (OAC),oac,Wilmington,"Schneider,Zane",Zane,Schneider,,1461,"Schneider,Zane","SCHNEIDER,ZANE",Wilmington,WIL,1286-3644,4,0,40,40,0,0,LB,0,,,,,,,,,,,,0,2,7,9,9,.5,.0,.0,0,1,1,0,0,0,0,0,0,0,0,0,0,0,0,0,,,,,,,,,,,,,,,,,,,,,,,,,,,,,,,,,,,,,,,,,,,,,,,,,,,,,,,,,,,,,,,,,,,,,,,,,,,,,,,,,,,,,,,,,,,,
2026-27,football,Ohio Athletic Conference (OAC),oac,Wilmington,"Barth,Tyler",Tyler,Barth,,1461,"Barth,Tyler","BARTH,TYLER",Wilmington,WIL,1286-3253,4,0,41,41,0,FB,0,0,,,0,0,0,0,.0,,,,,,,,,,,,,,,,,,,,,,,,,,,,,,,,,,,,,,,,,,,,,,,,,,,,,,,,,,,,,,,,,,,,,,,,,,,,,,,,,,,,,,,,,,,,,,,,,,,,,,,,,,,,,,,,,,,,,,,,
2026-27,football,Ohio Athletic Conference (OAC),oac,Wilmington,"Cable,Elijah",Elijah,Cable,,1461,"Cable,Elijah","CABLE,ELIJAH",Wilmington,WIL,1286-3820,4,0,46,46,0,0,LB,0,,,,,,,,,,,,,,,,,,,,,,,,,,,,,,,,,,,,,,,,,,,,,,,,,,,,,,,,,,,,,,,,,,,,,,,,,,,,,,,,,,,,,,,,,,,,,,,,,,,,,,,,,,,,,,,,,,,,,,,,,,,,,,,
2026-27,football,Ohio Athletic Conference (OAC),oac,Wilmington,"Cordes,James",James,Cordes,,1461,"Cordes,James","CORDES,JAMES",Wilmington,WIL,1286-3659,4,4,54,54,0,OL,0,0,,,,,,,,,,,,,,,,,,,,,,,,,,,,,,,,,,,,,,,,,,,,,,,,,,,,,,,,,,,,,,,,,,,,,,,,,,,,,,,,,,,,,,,,,,,,,,,,,,,,,,,,,,,,,,,,,,,,,,,,,,,,,,,
2026-27,football,Ohio Athletic Conference (OAC),oac,Wilmington,"Workinger,Cody",Cody,Workinger,,1461,"Workinger,Cody","WORKINGER,CODY",Wilmington,WIL,1286-3294,4,0,55,55,0,0,DL,0,,,,,,,,,,,,0,3,9,12,12,2.0,.0,.0,1,2,4,0,0,0,0,0,0,1,0,0,0,0,0,0,,,,,,,,,,,,,,,,,,,,,,,,,,,,,,,,,,,,,,,,,,,,,,,,,,,,,,,,,,,,,,,,,,,,,,,,,,,,,,,,,,,,,,,,,,,,
2026-27,football,Ohio Athletic Conference (OAC),oac,Wilmington,"Robinette,Jack",Jack,Robinette,,1461,"Robinette,Jack","ROBINETTE,JACK",Wilmington,WIL,1286-3654,4,4,56,56,0,OL,0,0,,,,,,,,,,,,,,,,,,,,,,,,,,,,,,,,,,,,,,,,,,,,,,,,,,,,,,,,,,,,,,,,,,,,,,,,,,,,,,,,,,,,,,,,,,,,,,,,,,,,,,,,,,,,,,,,,,,,,,,,,,,,,,,
2026-27,football,Ohio Athletic Conference (OAC),oac,Wilmington,"Tolson,Tyler",Tyler,Tolson,,1461,"Tolson,Tyler","TOLSON,TYLER",Wilmington,WIL,1286-3291,4,4,57,57,0,OL,0,0,,,,,,,,,,,,,,,,,,,,,,,,,,,,,,,,,,,,,,,,,,,,,,,,,,,,,,,,,,,,,,,,,,,,,,,,,,,,,,,,,,,,,,,,,,,,,,,,,,,,,,,,,,,,,,,,,,,,,,,,,,,,,,,
2026-27,football,Ohio Athletic Conference (OAC),oac,Wilmington,"Barton,Austin",Austin,Barton,,1461,"Barton,Austin","BARTON,AUSTIN",Wilmington,WIL,1286-3699,4,4,63,63,0,OL,0,0,,,,,,,,,,,,,,,,,,,,,,,,,,,,,,,,,,,,,,,,,,,,,,,,,,,,,,,,,,,,,,,,,,,,,,,,,,,,,,,,,,,,,,,,,,,,,,,,,,,,,,,,,,,,,,,,,,,,,,,,,,,,,,,
2026-27,football,Ohio Athletic Conference (OAC),oac,Wilmington,"Bell,Peyton",Peyton,Bell,,1461,"Bell,Peyton","BELL,PEYTON",Wilmington,WIL,1286-3658,3,0,70,70,0,OL,0,0,,,,,,,,,,,,,,,,,,,,,,,,,,,,,,,,,,,,,,,,,,,,,,,,,,,,,,,,,,,,,,,,,,,,,,,,,,,,,,,,,,,,,,,,,,,,,,,,,,,,,,,,,,,,,,,,,,,,,,,,,,,,,,,
2026-27,football,Ohio Athletic Conference (OAC),oac,Wilmington,"Love,Parker",Parker,Love,,1461,"Love,Parker","LOVE,PARKER",Wilmington,WIL,1286-3473,4,4,71,71,0,OL,0,0,,,,,,,,,,,,,,,,,,,,,,,,,,,,,,,,,,,,,,,,,,,,,,,,,,,,,,,,,,,,,,,,,,,,,,,,,,,,,,,,,,,,,,,,,,,,,,,,,,,,,,,,,,,,,,,,,,,,,,,,,,,,,,,
2026-27,football,Ohio Athletic Conference (OAC),oac,Wilmington,"Ernst,Avery",Avery,Ernst,,1461,"Ernst,Avery","ERNST,AVERY",Wilmington,WIL,1286-3262,2,0,81,81,0,0,0,0,,,,,,,,,,,,,,,,,,,,,,,,,,,,,,,,,,,,,,,,,,,,,,,,,,,,,,,,,,,,,,,,,,,,,,,,,,,,,,,,,,,,,,,,,,,,,1,64,0,0,64.0,,,,,,,,,,,,,,,,,,7,271,54,0,2,0,1,2,38.7,,,,
2026-27,football,Ohio Athletic Conference (OAC),oac,Wilmington,"Ridenbaugh,Logan",Logan,Ridenbaugh,,1461,"Ridenbaugh,Logan","RIDENBAUGH,LOGAN",Wilmington,WIL,1286-3854,4,4,88,88,0,TE,0,0,,,5,48,0,29,9.6,,,,,,,,,,,,,,,,,,,,,,,,,,,,,,,,,,,,,,,,,,,,,,,,,,,,,,,,,,,,,,,,,,,,,,,,,,,,,,,,,,,,,,,,,,,,,,,,,,,,,,,,,,,,,,,,,,,,,,,,
2026-27,football,Ohio Athletic Conference (OAC),oac,Wilmington,"Perdue,Darrick",Darrick,Perdue,,1461,"Perdue,Darrick","PERDUE,DARRICK",Wilmington,WIL,1286-3670,4,4,90,90,0,0,DL,0,,,,,,,,,,,,0,5,6,11,11,4.0,.0,.0,3,2,11,0,0,0,0,0,0,1,0,3,0,0,0,0,,,,,,,,,,,,,,,,,,,,,,,,,,,,,,,,,,,,,,,,,,,,,,,,,,,,,,,,,,,,,,,,,,,,,,,,,,,,,,,,,,,,,,,,,,,,
2026-27,football,Ohio Athletic Conference (OAC),oac,Wilmington,"Hill,Joziah",Joziah,Hill,,1461,"Hill,Joziah","HILL,JOZIAH",Wilmington,WIL,1286-3836,4,0,98,98,0,0,DL,0,,,,,,,,,,,,0,3,4,7,7,1.5,.0,.0,1,1,5,1,1,0,2,0,0,0,0,0,0,0,0,0,,,,,,,,,,,,,,,,,,,,,,,,,,,,,,,,,,,,,,,,,,,,,,,,,,,,,,,,,,,,,,,,,,,,,,,,,,,,,,,,,,,,,,,,,,,,
2026-27,football,Ohio Athletic Conference (OAC),oac,Wilmington,"Malone,Tristen",Tristen,Malone,,1461,"Malone,Tristen","MALONE,TRISTEN",Wilmington,WIL,1286-3672,4,4,99,99,0,0,DL,0,,,,,,,,,,,,0,4,9,13,13,1.0,.0,.0,0,2,3,0,0,0,0,1,0,1,0,0,0,0,0,1,,,,,,,,,,,,,,,,,,,,,,,,,,,,,,,,,,,,,,,,,,,,,,,,,,,,,,,,,,,,,,,,,,,,,,,,,,,,,,,,,,,,,,,,,,,,
2026-27,football,Ohio Athletic Conference (OAC),oac,Wilmington,"Wilson,Jaliq",Jaliq,Wilson,,1461,"Wilson,Jaliq","WILSON,JALIQ",Wilmington,WIL,0,3,1,0,0,0,WR,0,0,,,2,20,0,11,10.0,,,,,0,1,0,1,1,.0,.0,.0,0,0,0,0,0,0,0,0,0,0,0,0,0,0,0,0,,,,,,,,,,,,,,,,,,,,,,,,,,,,,,,,,,,,,,,,,,,,,,,,,,,,,,,,,,,,,,,,,,,,,,,,,,,,,,,,,,,,,,,,,,,,
2026-27,football,Ohio Athletic Conference (OAC),oac,Wilmington,"Leitch,Cale",Cale,Leitch,,1461,"Leitch,Cale","LEITCH,CALE",Wilmington,WIL,0,3,1,7,7,0,QB,0,0,,,,,,,,,,,,0,0,0,0,0,.0,.0,.0,0,0,0,0,0,0,0,0,0,0,0,0,0,0,0,0,,,,,,,,,,,,,1,1,,,,,,,,,,,,,,,,,,,,,,,,22,84,114,30,0,16,3.8,28.0,22,5,70,1,168,1,25,13,113.6,6.72,12.92,56.0,,,,,,,,,,,,,,,,,,,,,,,,,,,,,,,,,,,
2026-27,football,Ohio Athletic Conference (OAC),oac,Wilmington,"Henderson,Isaiah",Isaiah,Henderson,,1461,"Henderson,Isaiah","HENDERSON,ISAIAH",Wilmington,WIL,0,3,0,12,12,0,QB,0,0,,,,,,,,,,,,0,0,0,0,0,.0,.0,.0,0,0,0,0,0,0,0,0,0,0,0,0,0,0,0,0,,,,,,,,,,,,,1,0,,,,,,,,,,,,,,,,,,,,,,,,18,25,61,36,0,13,1.4,8.3,35,6,25,0,64,0,13,7,95.2,4.92,9.14,21.3,,,,,,,,,,,,,,,,,,,,,,,,,,,,,,,,,,,
2026-27,football,Ohio Athletic Conference (OAC),oac,Wilmington,"Turner Jr.,TiAndre",TiAndre,Turner Jr.,,1461,"Turner Jr.,TiAndre","TURNER JR.,TIANDRE",Wilmington,WIL,0,2,0,14,1F,0,0,DB,0,,,,,,,,,,,,0,0,1,1,1,.0,.0,.0,0,0,0,0,0,0,0,0,0,0,0,0,0,0,0,0,,,,,,,,,,,,,,,,,,,,,,,,,,,,,,,,,,,,,,,,,,,,,,,,,,,,,,,,,,,,,,,,,,,,,,,,,,,,,,,,,,,,,,,,,,,,
2026-27,football,Ohio Athletic Conference (OAC),oac,Wilmington,"Brown,Keion",Keion,Brown,,1461,"Brown,Keion","BROWN,KEION",Wilmington,WIL,0,3,0,17,17,0,WR,0,0,,,6,50,0,13,8.3,,,,,,,,,,,,,,,,,,,,,,,,,,,,,,,,,,,,,,,,,,,,,,,,,,,,,,,,,,,,,,,,,,,,,,,,,,,,,,,,,,,,,,,,,,,,,,,,,,,,,,,,,,,,,,,,,,,,,,,,
2026-27,football,Ohio Athletic Conference (OAC),oac,Wilmington,"Peebles,Darien",Darien,Peebles,,1461,"Peebles,Darien","PEEBLES,DARIEN",Wilmington,WIL,0,2,0,25,2B,0,0,DB,0,,,,,,,,,,,,0,1,0,1,1,.0,.0,.0,0,0,0,0,0,0,0,0,0,0,0,0,0,0,0,0,,,,,,,,,,,,,,,,,,,,,,,,,,,,,,,,,,,,,,,,,,,,,,,,,,,,,,,,,,,,,,,,,,,,,,,,,,,,,,,,,,,,,,,,,,,,
2026-27,football,Ohio Athletic Conference (OAC),oac,Wilmington,"Corbin,Jacob",Jacob,Corbin,,1461,"Corbin,Jacob","CORBIN,JACOB",Wilmington,WIL,0,3,0,28,28,0,RB,0,0,,,,,,,,,,,,,,,,,,,,,,,,,,,,,,,,,,,,3,62,0,29,20.7,,,,,,,,,,,,,,,,,,,,,,,,,,,,,,,,,4,8,8,0,0,4,2.0,2.7,,,,,,,,,,,,,,,,,,,,,,,,,,,,,,,,,,,,,,,,,,,,,,,
2026-27,football,Ohio Athletic Conference (OAC),oac,Wilmington,"Rose,Dmitri",Dmitri,Rose,,1461,"Rose,Dmitri","ROSE,DMITRI",Wilmington,WIL,0,3,0,50,35,0,0,LB,0,,,,,,,,,,,,0,0,3,3,3,.0,.0,.0,0,0,0,0,0,0,0,0,0,0,0,0,0,0,0,0,,,,,,,,,,,,,,,,,,,,,,,,,,,,,,,,,,,,,,,,,,,,,,,,,,,,,,,,,,,,,,,,,,,,,,,,,,,,,,,,,,,,,,,,,,,,
2026-27,football,Ohio Athletic Conference (OAC),oac,Wilmington,"Stokes,Kam",Kam,Stokes,,1461,"Stokes,Kam","STOKES,KAM",Wilmington,WIL,0,2,0,39,39,0,0,LB,0,,,,,,,,,,,,0,1,0,1,1,.0,.0,.0,0,0,0,0,0,0,0,0,0,0,0,0,0,0,0,0,1,7,0,7,7.0,,,,,,,,,,,,,,,,,,,,,,,,,,,,,,,,,,,,,,,,,,,,,,,,,,,,,,,,,,,,,,,,,,,,,,,,,,,,,,,,,,,,,,,
2026-27,football,Ohio Athletic Conference (OAC),oac,Wilmington,"Stonom,Xavier",Xavier,Stonom,,1461,"Stonom,Xavier","STONOM,XAVIER",Wilmington,WIL,0,1,0,42,42,0,0,LB,0,,,,,,,,,,,,,,,,,,,,,,,,,,,,,,,,,,,,,,,,,,,,,,,,,,,,,,,,,,,,,,,,,,,,,,,,,,,,,,,,,,,,,,,,,,,,,,,,,,,,,,,,,,,,,,,,,,,,,,,,,,,,,,,
2026-27,football,Ohio Athletic Conference (OAC),oac,Wilmington,"Basham,Ayden",Ayden,Basham,,1461,"Basham,Ayden","BASHAM,AYDEN",Wilmington,WIL,0,2,0,44,44,0,RB,0,0,,,,,,,,,,,,,,,,,,,,,,,,,,,,,,,,,,,,,,,,,,,,,,,,,,,,,,,,,,,,,,,,,,,,,,,,,,,,,,,,,,,,,,,,,,,,,,,,,,,,,,,,,,,,,,,,,,,,,,,,,,,,,,,
2026-27,football,Ohio Athletic Conference (OAC),oac,Wilmington,"Bell,Gavin",Gavin,Bell,,1461,"Bell,Gavin","BELL,GAVIN",Wilmington,WIL,0,2,0,79,79,0,OL,0,0,,,,,,,,,,,,,,,,,,,,,,,,,,,,,,,,,,,,,,,,,,,,,,,,,,,,,,,,,,,,,,,,,,,,,,,,,,,,,,,,,,,,,,,,,,,,,,,,,,,,,,,,,,,,,,,,,,,,,,,,,,,,,,,
2026-27,football,Ohio Athletic Conference (OAC),oac,Wilmington,"Clark,Lincoln",Lincoln,Clark,,1461,"Clark,Lincoln","CLARK,LINCOLN",Wilmington,WIL,0,3,0,86,86,0,TE,0,0,,,3,73,0,70,24.3,,,,,,,,,,,,,,,,,,,,,,,,,,,,,,,,,,,,,,,,,,,,,,,,,,,,,,,,,,,,,,,,,,,,,,,,,,,,,,,,,,,,,,,,,,,,,,,,,,,,,,,,,,,,,,,,,,,,,,,,
2026-27,football,Ohio Athletic Conference (OAC),oac,Wilmington,"Seibert,Brayden",Brayden,Seibert,,1461,"Seibert,Brayden","SEIBERT,BRAYDEN",Wilmington,WIL,0,1,0,91,91,0,0,DL,0,,,,,,,,,,,,0,1,0,1,1,.0,.0,.0,0,0,0,0,0,0,0,0,0,0,0,0,0,0,0,0,,,,,,,,,,,,,,,,,,,,,,,,,,,,,,,,,,,,,,,,,,,,,,,,,,,,,,,,,,,,,,,,,,,,,,,,,,,,,,,,,,,,,,,,,,,,
2026-27,football,Ohio Athletic Conference (OAC),oac,Wilmington,"Rankin,James",James,Rankin,,1461,"Rankin,James","RANKIN,JAMES",Wilmington,WIL,0,1,0,49,49,0,0,LB,0,,,,,,,,,,,,,,,,,,,,,,,,,,,,,,,,,,,,,,,,,,,,,,,,,,,,,,,,,,,,,,,,,,,,,,,,,,,,,,,,,,,,,,,,,,,,,,,,,,,,,,,,,,,,,,,,,,,,,,,,,,,,,,,
2026-27,football,Ohio Athletic Conference (OAC),oac,Wilmington,"Halderman,Mason",Mason,Halderman,,1461,"Halderman,Mason","HALDERMAN,MASON",Wilmington,WIL,0,1,0,58,58,0,OL,0,0,,,,,,,,,,,,,,,,,,,,,,,,,,,,,,,,,,,,,,,,,,,,,,,,,,,,,,,,,,,,,,,,,,,,,,,,,,,,,,,,,,,,,,,,,,,,,,,,,,,,,,,,,,,,,,,,,,,,,,,,,,,,,,,
2026-27,football,Ohio Athletic Conference (OAC),oac,Wilmington,"Tillman,Mack",Mack,Tillman,,1461,"Tillman,Mack","TILLMAN,MACK",Wilmington,WIL,0,0,0,2,2,0,WR,0,0,,,,,,,,,,,,,,,,,,,,,,,,,,,,,,,,,,,,,,,,,,,,,,,,,,,,,,,,,,,,,,,,,,,,,,,,,,,,,,,,,,,,,,,,,,,,,,,,,,,,,,,,,,,,,,,,,,,,,,,,,,,,,,,
2026-27,football,Ohio Athletic Conference (OAC),oac,Wilmington,"Witherspoon,Xander",Xander,Witherspoon,,1461,"Witherspoon,Xander","WITHERSPOON,XANDER",Wilmington,WIL,0,1,0,4,4D,0,0,DB,0,,,,,,,,,,,,0,1,1,2,2,.0,.0,.0,0,0,0,0,0,0,0,0,0,0,0,0,0,0,0,0,,,,,,,,,,,,,,,,,,,,,,,,,,,,,,,,,,,,,,,,,,,,,,,,,,,,,,,,,,,,,,,,,,,,,,,,,,,,,,,,,,,,,,,,,,,,
2026-27,football,Ohio Athletic Conference (OAC),oac,Wilmington,"Jordan,Jalen",Jalen,Jordan,,1461,"Jordan,Jalen","JORDAN,JALEN",Wilmington,WIL,0,1,0,11,11,0,WR,0,0,,,1,9,0,9,9.0,,,,,,,,,,,,,,,,,,,,,,,,,,,,,,,,,,,,,,,,,,,,,,,,,,,,,,,,,,,,,,,,,,,,,,,,,,,,,,,,,,,,,,,,,,,,,,,,,,,,,,,,,,,,,,,,,,,,,,,,
2026-27,football,Ohio Athletic Conference (OAC),oac,Wilmington,"Harrington,Riley",Riley,Harrington,,1461,"Harrington,Riley","HARRINGTON,RILEY",Wilmington,WIL,0,1,1,16,1H,0,0,DB,0,,,,,,,,,,,,,,,,,,,,,,,,,,,,,,,,,,,,,,,,,,,,,,,,,,,,,,,,,,,,,,,,,,,,,,,,,,,,,,,,,,,,,,,,,,,,,,,,,,,,,,,,,,,,,,,,,,,,,,,,,,,,,,,
2026-27,football,Ohio Athletic Conference (OAC),oac,Wilmington,"Sims,Xzavion",Xzavion,Sims,,1461,"Sims,Xzavion","SIMS,XZAVION",Wilmington,WIL,0,1,0,31,3A,0,0,LB,0,,,,,,,,,,,,0,0,1,1,1,.0,.0,.0,0,0,0,0,0,0,0,0,0,0,0,0,0,0,0,0,,,,,,,,,,,,,,,,,,,,,,,,,,,,,,,,,,,,,,,,,,,,,,,,,,,,,,,,,,,,,,,,,,,,,,,,,,,,,,,,,,,,,,,,,,,,
2026-27,football,Ohio Athletic Conference (OAC),oac,Wilmington,"Perdue,Donavon",Donavon,Perdue,,1461,"Perdue,Donavon","PERDUE,DONAVON",Wilmington,WIL,0,1,0,95,95,0,0,DL,0,,,,,,,,,,,,0,2,0,2,2,.0,.0,.0,0,0,0,0,0,0,0,0,0,0,0,0,0,0,0,0,,,,,,,,,,,,,,,,,,,,,,,,,,,,,,,,,,,,,,,,,,,,,,,,,,,,,,,,,,,,,,,,,,,,,,,,,,,,,,,,,,,,,,,,,,,,
2026-27,football,Ohio Athletic Conference (OAC),oac,Muskingum,"Stromile,Malachi",Malachi,Stromile,,455,"Stromile,Malachi","STROMILE,MALACHI",Muskingum,MUS,0,3,3,0,0,0,0,DB,0,,,,,,,,,,,,0,5,11,16,16,.0,.0,.0,0,0,0,0,0,0,0,1,0,0,0,0,0,0,0,1,,,,,,,,,,,,,,,,,,,,,,,,,,,,,,,,,,,,,,,,,,,,,,,,,,,,,,,,,,,,,,,,,,,,,,,,,,,,,,,,,,,,,,,,,,,,
2026-27,football,Ohio Athletic Conference (OAC),oac,Muskingum,"Westrick,David",David,Westrick,,455,"Westrick,David","WESTRICK,DAVID",Muskingum,MUS,0,3,3,1,1,0,WR,0,0,,,3,29,0,0,9.7,,,,,0,1,0,1,1,.0,.0,.0,0,0,0,0,0,0,0,0,0,0,0,0,0,0,0,0,,,,,,,,,,,,,,,,,,,,,,,,,,,,,,,,,,,,,,,,,,,,,,,,,,,,,,,,,,,,,,,,,,,,,,,,,,,,,,,,,,,,,,,,,,,,
2026-27,football,Ohio Athletic Conference (OAC),oac,Muskingum,"Marcellus,Jacques",Jacques,Marcellus,,455,"Marcellus,Jacques","MARCELLUS,JACQUES",Muskingum,MUS,0,3,3,2,2,0,0,DB,0,,,,,,,,,,,,0,7,3,10,10,.0,.0,.0,0,0,0,0,0,0,0,2,0,0,0,0,0,0,1,3,,,,,,,,,,,,,,,,,,,,,,,,,,,,,,,,1,0,0,0,.0,,,,,,,,,,,,,,,,,,,,,,,,,,,,,,,,,,,,,,,,,,,,,,,,,,,,,,,,
2026-27,football,Ohio Athletic Conference (OAC),oac,Muskingum,"Cooper,Cavan",Cavan,Cooper,,455,"Cooper,Cavan","COOPER,CAVAN",Muskingum,MUS,0,3,3,3,3,0,QB,0,0,,,,,,,,,,,,0,1,0,1,1,.0,.0,.0,0,0,0,0,0,0,0,0,0,0,0,0,0,0,0,0,,,,,,,,,,,,,2,0,,,,,,,,,,,,,,,,,,,,,,,,21,-3,37,40,0,8,-.1,-1.0,30,7,55,1,414,3,84,38,83.4,4.93,10.89,138.0,,,,,,,,,,,,,,,,,,,,,,,,,,,,,,,,,,,
2026-27,football,Ohio Athletic Conference (OAC),oac,Muskingum,"Smith,Jeremy",Jeremy,Smith,,455,"Smith,Jeremy","SMITH,JEREMY",Muskingum,MUS,0,3,0,4,4,0,WR,0,0,,,7,172,0,55,24.6,,,,,,,,,,,,,,,,,,,,,,,,,,,,,,,,,,,,,,,,,,,,,,,,,,,,,,,,,,,,,,,,,,,,,,,,,,,,,,,,,,,,,,,,,,,,,,,,,,,,,,,,,,,,,,,,,,,,,,,,
2026-27,football,Ohio Athletic Conference (OAC),oac,Muskingum,"Burkett,Lee",Lee,Burkett,,455,"Burkett,Lee","BURKETT,LEE",Muskingum,MUS,0,3,3,5,5,0,0,LB,0,,,,,,,,,,,,0,13,20,33,33,.0,.0,.0,0,0,0,0,0,0,0,0,0,0,0,0,0,0,0,0,,,,,,,,,,,,,,,,,,,,,,,,,,,,,,,,,,,,,,,,,,,,,,,,,,,,,,,,,,,,,,,,,,,,,,,,,,,,,,,,,,,,,,,,,,,,
2026-27,football,Ohio Athletic Conference (OAC),oac,Muskingum,"Cottrell,Trinton",Trinton,Cottrell,,455,"Cottrell,Trinton","COTTRELL,TRINTON",Muskingum,MUS,0,3,3,6,6,0,0,DB,0,,,,,,,,,,,,0,5,8,13,13,1.0,.0,.0,1,0,3,0,0,0,0,1,0,0,0,0,0,0,0,1,,,,,,,,,,,,,,,,,,,,,,,,,,,,,,,,,,,,,,,,,,,,,,,,,,,,,,,,,,,,,,,,,,,,,,,,,,,,,,,,,,,,,,,,,,,,
2026-27,football,Ohio Athletic Conference (OAC),oac,Muskingum,"Woodie,Riley",Riley,Woodie,,455,"Woodie,Riley","WOODIE,RILEY",Muskingum,MUS,0,3,3,8,8,0,RB,0,0,,,4,1,0,6,.3,,,,,0,0,0,0,0,.0,.0,.0,0,0,0,0,0,0,0,0,0,0,0,0,0,0,0,0,,,,,,,,,,,,,1,1,,,,,,,,,,,,,,,,,,,,,,,,43,64,97,33,0,10,1.5,21.3,,,,,,,,,,,,,,,,,,,,,,,,,,,,,,,,,,,,,,,,,,,,,,,
2026-27,football,Ohio Athletic Conference (OAC),oac,Muskingum,"Tucker,Javon",Javon,Tucker,,455,"Tucker,Javon","TUCKER,JAVON",Muskingum,MUS,0,3,3,9,9,0,0,DB,0,,,,,,,,,,,,0,2,3,5,5,.0,.0,.0,0,0,0,0,0,0,0,0,1,0,0,0,0,0,0,0,,,,,,,,,,,,,,,,,,,,,,,,,,,,,,,,,,,,,,,,,,,,,,,,,,,,,,,,,,,,,,,,,,,,,,,,,,,,,,,,,,,,,,,,,,,,
2026-27,football,Ohio Athletic Conference (OAC),oac,Muskingum,"Searls,Cade",Cade,Searls,,455,"Searls,Cade","SEARLS,CADE",Muskingum,MUS,0,3,3,10,10,0,WR,0,0,,,8,90,0,38,11.3,,,,,,,,,,,,,,,,,,,,,,,,,,,,,,,,,,,,,,,,,,,,,,,,,,,,,,,,,,,,,,,,,,1,26,28,2,0,28,26.0,8.7,,,,,,,,,,,,,,,,,,,,,,,,,,,,,,,,,,,,,,,,,,,,,,,
2026-27,football,Ohio Athletic Conference (OAC),oac,Muskingum,"Knox,Jordan",Jordan,Knox,,455,"Knox,Jordan","KNOX,JORDAN",Muskingum,MUS,0,2,0,11,1L,0,0,CB,0,,,,,,,,,,,,,,,,,,,,,,,,,,,,,,,,,,,,,,,,,,,,,,,,,,,,,,,,,,,,,,,,,,,,,,,,,,,,,,,,,,,,,,,,,,,,,,,,,,,,,,,,,,,,,,,,,,,,,,,,,,,,,,,
2026-27,football,Ohio Athletic Conference (OAC),oac,Muskingum,"Singleton,Christopher",Christopher,Singleton,,455,"Singleton,Christopher","SINGLETON,CHRISTOPHER",Muskingum,MUS,0,3,3,17,17,0,WR,0,0,,,6,23,0,21,3.8,,,,,,,,,,,,,,,,,,,,,,,,,,,,,9,137,0,30,15.2,1,-5,0,0,-5.0,,,,,,,,,,,,,,,,,,,,,,,,,,,,,,,,,,,,,,,,,,,,,,,,,,,,,,,,,,,,,,,,,,,,,,,,,,,,,,,,,,
2026-27,football,Ohio Athletic Conference (OAC),oac,Muskingum,"Blackmon,Michael",Michael,Blackmon,,455,"Blackmon,Michael","BLACKMON,MICHAEL",Muskingum,MUS,0,3,0,21,21,0,RB,0,0,,,1,-4,0,0,-4.0,,,,,0,0,0,0,0,.0,.0,.0,0,0,0,0,0,0,0,0,0,0,0,0,0,0,0,0,,,,,,,,,,,,,1,1,0,1,0,0,0,0,0,0,0,6,6,2,,,,,,,,,,,,28,171,176,5,1,75,6.1,57.0,,,,,,,,,,,,,,,,,,,,,,,,,,,,,,,,,,,,,,,,,,,,,,,
2026-27,football,Ohio Athletic Conference (OAC),oac,Muskingum,"Lamonica,Ryan",Ryan,Lamonica,,455,"Lamonica,Ryan","LAMONICA,RYAN",Muskingum,MUS,0,3,0,23,23,0,WR,0,0,,,4,56,1,27,14.0,,,,,0,0,0,0,0,.0,.0,.0,0,0,0,0,0,0,0,0,0,0,0,0,0,0,0,0,,,,,,,,,,,,,,,0,1,0,0,0,0,0,0,0,6,6,2,,,,,,,,,,,,,,,,,,,,,,,,,,,,,,,,,,,,,,,,,,,,,,,,,,,,,,,,,,,,,,,,,,
2026-27,football,Ohio Athletic Conference (OAC),oac,Muskingum,"Simpson,Cohen",Cohen,Simpson,,455,"Simpson,Cohen","SIMPSON,COHEN",Muskingum,MUS,0,3,3,25,25,0,0,S,0,,,,,,,,,,,,0,7,1,8,8,1.0,.0,.0,1,0,4,0,0,0,0,2,1,0,0,0,0,0,0,2,,,,,,,,,,,,,,,,,,,,,,,,,,,,,,,,,,,,,,,,,,,,,,,,,,,,,,,,,,,,,,,,,,,,,,,,,,,,,,,,,,,,,,,,,,,,
2026-27,football,Ohio Athletic Conference (OAC),oac,Muskingum,"Winland,Carter",Carter,Winland,,455,"Winland,Carter","WINLAND,CARTER",Muskingum,MUS,0,3,3,26,26,0,0,LB,0,,,,,,,,,,,,0,17,12,29,29,3.0,.0,.0,3,0,19,2,2,0,18,0,0,1,0,0,0,0,0,0,,,,,,,,,,,,,,,,,,,,,,,,,,,,,,,,,,,,,,,,,,,,,,,,,,,,,,,,,,,,,,,,,,,,,,,,,,,,,,,,,,,,,,,,,,,,
2026-27,football,Ohio Athletic Conference (OAC),oac,Muskingum,"Hockersmith,Lamar",Lamar,Hockersmith,,455,"Hockersmith,Lamar","HOCKERSMITH,LAMAR",Muskingum,MUS,0,2,0,28,2G,0,RB,0,0,,,0,0,0,0,.0,,,,,0,1,0,1,1,.0,.0,.0,0,0,0,0,0,0,0,0,0,0,0,0,0,0,0,0,,,,,,,,,,,,,,,,,,,,,,,,,,,,,,,,,,,,,,,,,,,,,,,,,,,,,,,,,,,,,,,,,,,,,,,,,,,,,,,,,,,,,,,,,,,,
2026-27,football,Ohio Athletic Conference (OAC),oac,Muskingum,"Kulvanish,Kyden",Kyden,Kulvanish,,455,"Kulvanish,Kyden","KULVANISH,KYDEN",Muskingum,MUS,0,1,0,29,2N,0,RB,0,0,,,,,,,,,,,,,,,,,,,,,,,,,,,,,,,,,,,,,,,,,,,,,,,,,,,,,,,,,,,,,,,,,,,,,,,,,1,1,1,0,0,0,1.0,1.0,,,,,,,,,,,,,,,,,,,,,,,,,,,,,,,,,,,,,,,,,,,,,,,
2026-27,football,Ohio Athletic Conference (OAC),oac,Muskingum,"Barnhouse,Cameron",Cameron,Barnhouse,,455,"Barnhouse,Cameron","BARNHOUSE,CAMERON",Muskingum,MUS,0,3,3,31,31,0,0,LB,0,,,,,,,,,,,,0,14,11,25,25,1.0,.0,.0,1,0,5,0,0,0,0,0,0,0,0,1,0,0,0,0,,,,,,,,,,,,,,,,,,,,,,,,,,,,,,,,,,,,,,,,,,,,,,,,,,,,,,,,,,,,,,,,,,,,,,,,,,,,,,,,,,,,,,,,,,,,
2026-27,football,Ohio Athletic Conference (OAC),oac,Muskingum,"Jackson,Theo",Theo,Jackson,,455,"Jackson,Theo","JACKSON,THEO",Muskingum,MUS,0,3,0,38,38,0,0,LB,0,,,,,,,,,,,,0,2,4,6,6,.5,.0,.0,0,1,2,0,0,0,0,0,0,0,0,0,0,0,0,0,,,,,,,,,,,,,,,,,,,,,,,,,,,,,,,,,,,,,,,,,,,,,,,,,,,,,,,,,,,,,,,,,,,,,,,,,,,,,,,,,,,,,,,,,,,,
2026-27,football,Ohio Athletic Conference (OAC),oac,Muskingum,"Whitacre,Tyler",Tyler,Whitacre,,455,"Whitacre,Tyler","WHITACRE,TYLER",Muskingum,MUS,0,3,3,44,44,0,RB,0,0,,,7,52,0,12,7.4,,,,,,,,,,,,,,,,,,,,,,,,,,,,,,,,,,,,,,,,,,,,,,,,,,,,,,,,,,,,,,,,,,,,,,,,,,,,,,,,,,,,,,,,,,,,,,,,,,,,,,,,,,,,,,,,,,,,,,,,
2026-27,football,Ohio Athletic Conference (OAC),oac,Muskingum,"Hurry,Elijah",Elijah,Hurry,,455,"Hurry,Elijah","HURRY,ELIJAH",Muskingum,MUS,0,1,0,45,45,0,0,LB,0,,,,,,,,,,,,0,0,1,1,1,.0,.0,.0,0,0,0,0,0,0,0,0,0,0,0,0,0,0,0,0,,,,,,,,,,,,,,,,,,,,,,,,,,,,,,,,,,,,,,,,,,,,,,,,,,,,,,,,,,,,,,,,,,,,,,,,,,,,,,,,,,,,,,,,,,,,
2026-27,football,Ohio Athletic Conference (OAC),oac,Muskingum,"Adair,Danton",Danton,Adair,,455,"Adair,Danton","ADAIR,DANTON",Muskingum,MUS,0,3,3,46,46,0,0,DL,0,,,,,,,,,,,,0,4,3,7,7,.5,.0,.0,0,1,1,0,0,0,0,0,0,1,0,0,0,0,0,0,,,,,,,,,,,,,,,,,,,,,,,,,,,,,,,,,,,,,,,,,,,,,,,,,,,,,,,,,,,,,,,,,,,,,,,,,,,,,,,,,,,,,,,,,,,,
2026-27,football,Ohio Athletic Conference (OAC),oac,Muskingum,"Fisher,William",William,Fisher,,455,"Fisher,William","FISHER,WILLIAM",Muskingum,MUS,0,3,3,50,50,0,OC,0,0,,,,,,,,,,,,,,,,,,,,,,,,,,,,,,,,,,,,,,,,,,,,,,,,,,,,,,,,,,,,,,,,,,,,,,,,,,,,,,,,,,,,,,,,,,,,,,,,,,,,,,,,,,,,,,,,,,,,,,,,,,,,,,,
2026-27,football,Ohio Athletic Conference (OAC),oac,Muskingum,"Risinger,Cooper",Cooper,Risinger,,455,"Risinger,Cooper","RISINGER,COOPER",Muskingum,MUS,0,3,0,51,51,0,0,0,0,,,,,,,,,,,,0,1,1,2,2,.0,.0,.0,0,0,0,0,0,0,0,0,0,0,0,0,0,0,0,0,,,,,,,,,,,,,,,,,,,,,,,,,,,,,,,,,,,,,,,,,,,,,,,,,,,,,,,,,,,,,,,,,,,,,,,,,,,,,,,,,,,,,,,,,,,,
2026-27,football,Ohio Athletic Conference (OAC),oac,Muskingum,"Bullock,Khalil",Khalil,Bullock,,455,"Bullock,Khalil","BULLOCK,KHALIL",Muskingum,MUS,0,3,3,54,54,0,OC,0,0,,,,,,,,,,,,,,,,,,,,,,,,,,,,,,,,,,,,,,,,,,,,,,,,,,,,,,,,,,,,,,,,,,,,,,,,,,,,,,,,,,,,,,,,,,,,,,,,,,,,,,,,,,,,,,,,,,,,,,,,,,,,,,,
2026-27,football,Ohio Athletic Conference (OAC),oac,Muskingum,"Lanning,Oliver",Oliver,Lanning,,455,"Lanning,Oliver","LANNING,OLIVER",Muskingum,MUS,0,3,3,57,57,0,OT,0,0,,,,,,,,,,,,,,,,,,,,,,,,,,,,,,,,,,,,,,,,,,,,,,,,,,,,,,,,,,,,,,,,,,,,,,,,,,,,,,,,,,,,,,,,,,,,,,,,,,,,,,,,,,,,,,,,,,,,,,,,,,,,,,,
2026-27,football,Ohio Athletic Conference (OAC),oac,Muskingum,"Walters,Michael",Michael,Walters,,455,"Walters,Michael","WALTERS,MICHAEL",Muskingum,MUS,0,3,3,65,65,0,OL,0,0,,,,,,,,,,,,,,,,,,,,,,,,,,,,,,,,,,,,,,,,,,,,,,,,,,,,,,,,,,,,,,,,,,,,,,,,,,,,,,,,,,,,,,,,,,,,,,,,,,,,,,,,,,,,,,,,,,,,,,,,,,,,,,,
2026-27,football,Ohio Athletic Conference (OAC),oac,Muskingum,"Cochran,Noah",Noah,Cochran,,455,"Cochran,Noah","COCHRAN,NOAH",Muskingum,MUS,0,2,0,67,6L,0,OC,0,0,,,,,,,,,,,,0,1,3,4,4,.0,.0,.0,0,0,0,0,0,0,0,0,0,1,0,0,0,0,0,0,,,,,,,,,,,,,,,,,,,,,,,,,,,,,,,,,,,,,,,,,,,,,,,,,,,,,,,,,,,,,,,,,,,,,,,,,,,,,,,,,,,,,,,,,,,,
2026-27,football,Ohio Athletic Conference (OAC),oac,Muskingum,"DeAngelis,Vincent",Vincent,DeAngelis,,455,"DeAngelis,Vincent","DEANGELIS,VINCENT",Muskingum,MUS,0,1,0,69,69,0,0,DL,0,,,,,,,,,,,,0,1,0,1,1,.0,.0,.0,0,0,0,0,0,0,0,0,0,0,0,0,0,0,0,0,,,,,,,,,,,,,,,,,,,,,,,,,,,,,,,,,,,,,,,,,,,,,,,,,,,,,,,,,,,,,,,,,,,,,,,,,,,,,,,,,,,,,,,,,,,,
2026-27,football,Ohio Athletic Conference (OAC),oac,Muskingum,"Adkins,Aydan",Aydan,Adkins,,455,"Adkins,Aydan","ADKINS,AYDAN",Muskingum,MUS,0,2,2,73,7T,0,0,DL,0,,,,,,,,,,,,0,1,0,1,1,.0,.0,.0,0,0,0,0,0,0,0,0,0,0,0,0,0,0,0,0,,,,,,,,,,,,,,,,,,,,,,,,,,,,,,,,,,,,,,,,,,,,,,,,,,,,,,,,,,,,,,,,,,,,,,,,,,,,,,,,,,,,,,,,,,,,
2026-27,football,Ohio Athletic Conference (OAC),oac,Muskingum,"Smith,Da'Marieon",Da'Marieon,Smith,,455,"Smith,Da'Marieon","SMITH,DA'MARIEON",Muskingum,MUS,0,3,0,74,74,0,0,DL,0,,,,,,,,,,,,0,3,3,6,6,2.0,.0,.0,2,0,5,0,0,0,0,0,0,0,0,0,1,0,0,0,,,,,,,,,,,,,0,0,,,,,,,,,,,,,,,,,,,,,,,,,,,,,,,,,,,,,,,,,,,,,,,,,,,,,,,,,,,,,,,,,,,,,,,,,,,,,,
2026-27,football,Ohio Athletic Conference (OAC),oac,Muskingum,"Shickle,Patrick",Patrick,Shickle,,455,"Shickle,Patrick","SHICKLE,PATRICK",Muskingum,MUS,0,3,3,75,75,0,0,DT,0,,,,,,,,,,,,0,1,0,1,1,.0,.0,.0,0,0,0,0,0,0,0,0,0,0,0,0,0,0,0,0,,,,,,,,,,,,,,,,,,,,,,,,,,,,,,,,,,,,,,,,,,,,,,,,,,,,,,,,,,,,,,,,,,,,,,,,,,,,,,,,,,,,,,,,,,,,
2026-27,football,Ohio Athletic Conference (OAC),oac,Muskingum,"Del Rio,Samir",Samir,Del Rio,,455,"Del Rio,Samir","DEL RIO,SAMIR",Muskingum,MUS,0,3,0,86,86,0,WR,0,0,,,4,36,0,13,9.0,,,,,,,,,,,,,,,,,,,,,,,,,,,,,4,54,0,15,13.5,,,,,,,,,,,,,,,,,,,,,,,,,,,,,,,,,,,,,,,,,,,,,,,,,,,,,,,,,,,,,,,,,,,,,,,,,,,,,,,,,,,,,,,
2026-27,football,Ohio Athletic Conference (OAC),oac,Muskingum,"Castro,Kaleb",Kaleb,Castro,,455,"Castro,Kaleb","CASTRO,KALEB",Muskingum,MUS,0,3,0,91,91,0,0,0,0,,,,,,,,,,,,0,0,0,0,0,.0,.0,.0,0,0,0,0,0,0,0,0,0,0,0,0,0,0,0,0,,,,,,,,,,,,,,,1,0,0,0,0,0,0,0,0,1,1,0.33,,,,,,,,,,,,,,,,,,,,,,,,,,,,,,,,5,257,0,0,51.4,0,1,0,1,.0,2,1,0,0,0,0,0,0,0,0,0,0,19,691,50,0,0,6,1,4,36.4,,,,
2026-27,football,Ohio Athletic Conference (OAC),oac,Muskingum,"McGhee,Michael",Michael,McGhee,,455,"McGhee,Michael","MCGHEE,MICHAEL",Muskingum,MUS,0,2,0,93,93,0,0,DE,0,,,,,,,,,,,,0,2,4,6,6,.0,.0,.0,0,0,0,0,0,0,0,0,0,0,0,0,0,0,0,0,,,,,,,,,,,,,,,,,,,,,,,,,,,,,,,,,,,,,,,,,,,,,,,,,,,,,,,,,,,,,,,,,,,,,,,,,,,,,,,,,,,,,,,,,,,,
2026-27,football,Ohio Athletic Conference (OAC),oac,Muskingum,"Pouncey,Ke'Moir",Ke'Moir,Pouncey,,455,"Pouncey,Ke'Moir","POUNCEY,KE'MOIR",Muskingum,MUS,0,3,3,97,97,0,0,DL,0,,,,,,,,,,,,0,3,5,8,8,1.0,.0,.0,1,0,10,1,1,0,10,0,0,1,0,0,0,0,0,0,,,,,,,,,,,,,,,,,,,,,,,,,,,,,,,,,,,,,,,,,,,,,,,,,,,,,,,,,,,,,,,,,,,,,,,,,,,,,,,,,,,,,,,,,,,,
2026-27,football,Ohio Athletic Conference (OAC),oac,Muskingum,"Theriot,Ari",Ari,Theriot,,455,"Theriot,Ari","THERIOT,ARI",Muskingum,MUS,0,1,0,6,6A,0,WR,0,0,,,,,,,,,,,,0,0,0,0,0,.0,.0,.0,0,0,0,0,0,0,0,0,0,0,0,0,0,0,0,0,2,19,0,19,9.5,,,,,,,,1,0,,,,,,,,,,,,,,,,,,,,,,,,,,,,,,,,,,,,,,,,,,,,,,,,,,,,,,,,,,,,,,,,,,,,,,,,,,,,,,
2026-27,football,Ohio Athletic Conference (OAC),oac,Muskingum,"Whitmore,Jacob",Jacob,Whitmore,,455,"Whitmore,Jacob","WHITMORE,JACOB",Muskingum,MUS,0,2,0,7,7,0,QB,0,0,,,,,,,,,,,,,,,,,,,,,,,,,,,,,,,,,,,,,,,,,,,,,,,,,,,,,,,,,,,,,,,,,,,,,,,,,,,,,,,,,0,0,6,0,9,0,7,2,39.4,1.29,4.50,4.5,,,,,,,,,,,,,,,,,,,,,,,,,,,,,,,,,,,
2026-27,football,Ohio Athletic Conference (OAC),oac,Muskingum,"Wentland,Joey",Joey,Wentland,,455,"Wentland,Joey","WENTLAND,JOEY",Muskingum,MUS,0,2,0,11,11,0,WR,0,0,,,1,6,0,6,6.0,,,,,,,,,,,,,,,,,,,,,,,,,,,,,,,,,,,,,,,,,,,,,,,,,,,,,,,,,,,,,,,,,,,,,,,,,,,,,,,,,,,,,,,,,,,,,,,,,,,,,,,,,,,,,,,,,,,,,,,,
2026-27,football,Ohio Athletic Conference (OAC),oac,Muskingum,"Tarnowski,Max",Max,Tarnowski,,455,"Tarnowski,Max","TARNOWSKI,MAX",Muskingum,MUS,0,2,0,13,13,0,WR,0,0,,,1,10,0,10,10.0,,,,,,,,,,,,,,,,,,,,,,,,,,,,,,,,,,,,,,,,,,,,,,,,,,,,,,,,,,,,,,,,,,,,,,,,,,,,,,,,,,,,,,,,,,,,,,,,,,,,,,,,,,,,,,,,,,,,,,,,
2026-27,football,Ohio Athletic Conference (OAC),oac,Muskingum,"Smith,Khalil",Khalil,Smith,,455,"Smith,Khalil","SMITH,KHALIL",Muskingum,MUS,0,0,0,17,1J,0,0,CB,0,,,,,,,,,,,,,,,,,,,,,,,,,,,,,,,,,,,,,,,,,,,,,,,,,,,,,,,,,,,,,,,,,,,,,,,,,0,0,0,0,0,0,.0,.0,,,,,,,,,,,,,,,,,,,,,,,,,,,,,,,,,,,,,,,,,,,,,,,
2026-27,football,Ohio Athletic Conference (OAC),oac,Muskingum,"Washington,Marquez",Marquez,Washington,,455,"Washington,Marquez","WASHINGTON,MARQUEZ",Muskingum,MUS,0,2,0,20,20,0,0,DB,0,,,,,,,,,,,,,,,,,,,,,,,,,,,,,,,,,,,,,,,,,,,,,,,,,,,,,,,,,,,,,,,,,,,,,,,,,,,,,,,,,,,,,,,,,,,,,,,,,,,,,,,,,,,,,,,,,,,,,,,,,,,,,,,
2026-27,football,Ohio Athletic Conference (OAC),oac,Muskingum,"Adams,Che'Mier",Che'Mier,Adams,,455,"Adams,Che'Mier","ADAMS,CHE'MIER",Muskingum,MUS,0,2,0,24,24,0,0,CB,0,,,,,,,,,,,,0,3,5,8,8,.0,.0,.0,0,0,0,0,0,0,0,1,0,0,0,0,0,0,0,1,,,,,,,,,,,,,,,,,,,,,,,,,,,,,,,,,,,,,,,,,,,,,,,,,,,,,,,,,,,,,,,,,,,,,,,,,,,,,,,,,,,,,,,,,,,,
2026-27,football,Ohio Athletic Conference (OAC),oac,Muskingum,"Pickett,Tai",Tai,Pickett,,455,"Pickett,Tai","PICKETT,TAI",Muskingum,MUS,0,1,0,30,30,0,0,CB,0,,,,,,,,,,,,0,2,1,3,3,.0,.0,.0,0,0,0,0,0,0,0,0,0,0,0,0,0,0,0,0,,,,,,,,,,,,,,,,,,,,,,,,,,,,,,,,,,,,,,,,,,,,,,,,,,,,,,,,,,,,,,,,,,,,,,,,,,,,,,,,,,,,,,,,,,,,
2026-27,football,Ohio Athletic Conference (OAC),oac,Muskingum,"Taiwo,Pelumi",Pelumi,Taiwo,,455,"Taiwo,Pelumi","TAIWO,PELUMI",Muskingum,MUS,0,2,0,32,32,0,0,S,0,,,,,,,,,,,,0,2,2,4,4,.0,.0,.0,0,0,0,0,0,0,0,0,0,0,0,0,0,0,0,0,,,,,,,,,,,,,,,,,,,,,,,,,,,,,,,,,,,,,,,,,,,,,,,,,,,,,,,,,,,,,,,,,,,,,,,,,,,,,,,,,,,,,,,,,,,,
2026-27,football,Ohio Athletic Conference (OAC),oac,Muskingum,"Harris,Will",Will,Harris,,455,"Harris,Will","HARRIS,WILL",Muskingum,MUS,0,2,0,33,33,0,0,S,0,,,,,,,,,,,,0,2,1,3,3,.0,.0,.0,0,0,0,0,0,0,0,0,0,0,0,0,0,0,0,0,,,,,,,,,,,,,,,,,,,,,,,,,,,,,,,,,,,,,,,,,,,,,,,,,,,,,,,,,,,,,,,,,,,,,,,,,,,,,,,,,,,,,,,,,,,,
2026-27,football,Ohio Athletic Conference (OAC),oac,Muskingum,"Woolard,Brandon",Brandon,Woolard,,455,"Woolard,Brandon","WOOLARD,BRANDON",Muskingum,MUS,0,2,0,37,37,0,0,S,0,,,,,,,,,,,,0,0,1,1,1,.0,.0,.0,0,0,0,0,0,0,0,0,0,0,0,0,0,0,0,0,,,,,,,,,,,,,,,,,,,,,,,,,,,,,,,,,,,,,,,,,,,,,,,,,,,,,,,,,,,,,,,,,,,,,,,,,,,,,,,,,,,,,,,,,,,,
2026-27,football,Ohio Athletic Conference (OAC),oac,Muskingum,"Brownrigg,Braxton",Braxton,Brownrigg,,455,"Brownrigg,Braxton","BROWNRIGG,BRAXTON",Muskingum,MUS,0,2,0,39,39,0,WR,0,0,,,,,,,,,,,,,,,,,,,,,,,,,,,,,,,,,,,,,,,,,,,,,,,,,,,,,,,,,,,,,,,,,,,,,,,,,,,,,,,,,,,,,,,,,,,,,,,,,,,,,,,,,,,,,,,,,,,,,,,,,,,,,,,
2026-27,football,Ohio Athletic Conference (OAC),oac,Muskingum,"Garber,Gavyn",Gavyn,Garber,,455,"Garber,Gavyn","GARBER,GAVYN",Muskingum,MUS,0,2,0,40,40,0,0,LB,0,,,,,,,,,,,,0,1,0,1,1,1.0,.0,.0,1,0,2,0,0,0,0,0,0,0,0,0,0,0,0,0,,,,,,,,,,,,,,,,,,,,,,,,,,,,,,,,,,,,,,,,,,,,,,,,,,,,,,,,,,,,,,,,,,,,,,,,,,,,,,,,,,,,,,,,,,,,
2026-27,football,Ohio Athletic Conference (OAC),oac,Muskingum,"Waller,Elijah",Elijah,Waller,,455,"Waller,Elijah","WALLER,ELIJAH",Muskingum,MUS,0,1,0,41,41,0,0,LB,0,,,,,,,,,,,,0,1,0,1,1,.0,.0,.0,0,0,0,0,0,0,0,0,0,0,0,0,0,0,0,0,,,,,,,,,,,,,,,,,,,,,,,,,,,,,,,,,,,,,,,,,,,,,,,,,,,,,,,,,,,,,,,,,,,,,,,,,,,,,,,,,,,,,,,,,,,,
2026-27,football,Ohio Athletic Conference (OAC),oac,Muskingum,"Janke,Aiden",Aiden,Janke,,455,"Janke,Aiden","JANKE,AIDEN",Muskingum,MUS,0,1,0,43,4P,0,0,LB,0,,,,,,,,,,,,,,,,,,,,,,,,,,,,,,,,,,,,,,,,,,,,,,,,,,,,,,,,,,,,,,,,,,,,,,,,,,,,,,,,,,,,,,,,,,,,,,,,,,,,,,,,,,,,,,,,,,,,,,,,,,,,,,,
2026-27,football,Ohio Athletic Conference (OAC),oac,Muskingum,"Stone,Kaden",Kaden,Stone,,455,"Stone,Kaden","STONE,KADEN",Muskingum,MUS,0,2,0,48,48,0,0,DB,0,,,,,,,,,,,,0,1,0,1,1,.0,.0,.0,0,0,0,0,0,0,0,0,0,0,0,0,0,0,0,0,,,,,,,,,,,,,,,,,,,,,,,,,,,,,,,,,,,,,,,,,,,,,,,,,,,,,,,,,,,,,,,,,,,,,,,,,,,,,,,,,,,,,,,,,,,,
2026-27,football,Ohio Athletic Conference (OAC),oac,Muskingum,"Adams,Ernest",Ernest,Adams,,455,"Adams,Ernest","ADAMS,ERNEST",Muskingum,MUS,0,2,0,56,56,0,0,DE,0,,,,,,,,,,,,0,0,1,1,1,.0,.0,.0,0,0,0,0,0,0,0,0,0,0,0,0,0,0,0,0,,,,,,,,,,,,,,,,,,,,,,,,,,,,,,,,,,,,,,,,,,,,,,,,,,,,,,,,,,,,,,,,,,,,,,,,,,,,,,,,,,,,,,,,,,,,
2026-27,football,Ohio Athletic Conference (OAC),oac,Muskingum,"Hynes,Kameron",Kameron,Hynes,,455,"Hynes,Kameron","HYNES,KAMERON",Muskingum,MUS,0,1,0,59,59,0,OL,0,0,,,,,,,,,,,,,,,,,,,,,,,,,,,,,,,,,,,,,,,,,,,,,,,,,,,,,,,,,,,,,,,,,,,,,,,,,,,,,,,,,,,,,,,,,,,,,,,,,,,,,,,,,,,,,,,,,,,,,,,,,,,,,,,
2026-27,football,Ohio Athletic Conference (OAC),oac,Muskingum,"Newman,Bralyn",Bralyn,Newman,,455,"Newman,Bralyn","NEWMAN,BRALYN",Muskingum,MUS,0,1,0,63,6T,0,OC,0,0,,,,,,,,,,,,,,,,,,,,,,,,,,,,,,,,,,,,,,,,,,,,,,,,,,,,,,,,,,,,,,,,,,,,,,,,,,,,,,,,,,,,,,,,,,,,,,,,,,,,,,,,,,,,,,,,,,,,,,,,,,,,,,,
2026-27,football,Ohio Athletic Conference (OAC),oac,Muskingum,"Chambliss,Kyvohn",Kyvohn,Chambliss,,455,"Chambliss,Kyvohn","CHAMBLISS,KYVOHN",Muskingum,MUS,0,1,1,73,73,0,0,DT,0,,,,,,,,,,,,,,,,,,,,,,,,,,,,,,,,,,,,,,,,,,,,,,,,,,,,,,,,,,,,,,,,,,,,,,,,,,,,,,,,,,,,,,,,,,,,,,,,,,,,,,,,,,,,,,,,,,,,,,,,,,,,,,,
2026-27,football,Ohio Athletic Conference (OAC),oac,Muskingum,"Ellerbrok,Mykal",Mykal,Ellerbrok,,455,"Ellerbrok,Mykal","ELLERBROK,MYKAL",Muskingum,MUS,0,2,0,77,77,0,OL,0,0,,,,,,,,,,,,,,,,,,,,,,,,,,,,,,,,,,,,,,,,,,,,,,,,,,,,,,,,,,,,,,,,,,,,,,,,,,,,,,,,,,,,,,,,,,,,,,,,,,,,,,,,,,,,,,,,,,,,,,,,,,,,,,,
2026-27,football,Ohio Athletic Conference (OAC),oac,Muskingum,"Ross,Gabriel",Gabriel,Ross,,455,"Ross,Gabriel","ROSS,GABRIEL",Muskingum,MUS,0,1,0,80,80,0,RB,0,0,,,,,,,,,,,,,,,,,,,,,,,,,,,,,,,,,,,,,,,,,,,,,,,,,,,,,,,,,,,,,,,,,,,,,,,,,,,,,,,,,,,,,,,,,,,,,,,,,,,,,,,,,,,,,,,,,,,,,,,,,,,,,,,
2026-27,football,Ohio Athletic Conference (OAC),oac,Muskingum,"Heiser,Jordan",Jordan,Heiser,,455,"Heiser,Jordan","HEISER,JORDAN",Muskingum,MUS,0,2,0,81,81,0,WR,0,0,,,,,,,,,,,,,,,,,,,,,,,,,,,,,,,,,,,,,,,,,,,,,,,,,,,,,,,,,,,,,,,,,,,,,,,,,,,,,,,,,,,,,,,,,,,,,,,,,,,,,,,,,,,,,,,,,,,,,,,,,,,,,,,
2026-27,football,Ohio Athletic Conference (OAC),oac,Muskingum,"Williams,Christian",Christian,Williams,,455,"Williams,Christian","WILLIAMS,CHRISTIAN",Muskingum,MUS,0,2,0,82,82,0,WR,0,0,,,1,2,0,2,2.0,,,,,,,,,,,,,,,,,,,,,,,,,,,,,,,,,,,,,,,,,,,,,,,,,,,,,,,,,,,,,,,,,,,,,,,,,,,,,,,,,,,,,,,,,,,,,,,,,,,,,,,,,,,,,,,,,,,,,,,,
2026-27,football,Ohio Athletic Conference (OAC),oac,Muskingum,"Collins,De'Twann",De'Twann,Collins,,455,"Collins,De'Twann","COLLINS,DE'TWANN",Muskingum,MUS,0,2,0,84,84,0,WR,0,0,,,0,0,0,0,.0,,,,,0,1,0,1,1,.0,.0,.0,0,0,0,0,0,0,0,0,0,0,0,0,0,0,0,0,,,,,,,,,,,,,,,,,,,,,,,,,,,,,,,,,,,,,,,,,,,,,,,,,,,,,,,,,,,,,,,,,,,,,,,,,,,,,,,,,,,,,,,,,,,,
2026-27,football,Ohio Athletic Conference (OAC),oac,Muskingum,"Newberry,Hunter",Hunter,Newberry,,455,"Newberry,Hunter","NEWBERRY,HUNTER",Muskingum,MUS,0,2,0,85,85,0,WR,0,0,,,,,,,,,,,,,,,,,,,,,,,,,,,,,,,,,,,,,,,,,,,,,,,,,,,,,,,,,,,,,,,,,,,,,,,,,,,,,,,,,,,,,,,,,,,,,,,,,,,,,,,,,,,,,,,,,,,,,,,,,,,,,,,
2026-27,football,Ohio Athletic Conference (OAC),oac,Muskingum,"Jones,Emerson",Emerson,Jones,,455,"Jones,Emerson","JONES,EMERSON",Muskingum,MUS,0,2,0,90,90,0,0,DL,0,,,,,,,,,,,,0,2,0,2,2,.0,.0,.0,0,0,0,0,0,0,0,0,0,0,0,0,0,0,0,0,,,,,,,,,,,,,,,,,,,,,,,,,,,,,,,,,,,,,,,,,,,,,,,,,,,,,,,,,,,,,,,,,,,,,,,,,,,,,,,,,,,,,,,,,,,,
2026-27,football,Ohio Athletic Conference (OAC),oac,Muskingum,"Ramsbottom,Wyatt",Wyatt,Ramsbottom,,455,"Ramsbottom,Wyatt","RAMSBOTTOM,WYATT",Muskingum,MUS,0,1,0,95,9Z,0,0,0,0,,,,,,,,,,,,,,,,,,,,,,,,,,,,,,,,,,,,,,,,,,,,,,,,,,,,,,,,,,,,,,,,,,,,,,,,,,,,,,,,,,,,,,,,,,,,,,,,,,,,,,,,,,,,,,,,,,,,,,,,,,,,,,,
2026-27,football,Ohio Athletic Conference (OAC),oac,Muskingum,"Cowser Jr.,Rongie",Rongie,Cowser Jr.,,455,"Cowser Jr.,Rongie","COWSER JR.,RONGIE",Muskingum,MUS,0,2,0,35,3E,0,RB,0,0,,,0,0,0,0,.0,,,,,,,,,,,,,,,,,,,,,,,,,,,,,,,,,,,,,,,,,,,,,,,,,,,,,,,,,,,,,,,,,,7,46,47,1,0,12,6.6,23.0,,,,,,,,,,,,,,,,,,,,,,,,,,,,,,,,,,,,,,,,,,,,,,,
2026-27,football,Ohio Athletic Conference (OAC),oac,Muskingum,"Keenan,Finnian",Finnian,Keenan,,455,"Keenan,Finnian","KEENAN,FINNIAN",Muskingum,MUS,0,1,0,14,1F,0,QB,0,0,,,,,,,,,,,,,,,,,,,,,,,,,,,,,,,,,,,,,,,,,,,,,,,,,,,,,,,,,,,,,,,,,,,,,,,,,2,10,10,0,0,8,5.0,10.0,0,0,14,0,50,0,9,7,124.4,5.56,7.14,50.0,,,,,,,,,,,,,,,,,,,,,,,,,,,,,,,,,,,
2026-27,football,Ohio Athletic Conference (OAC),oac,Muskingum,"Callier,Isaac",Isaac,Callier,,455,"Callier,Isaac","CALLIER,ISAAC",Muskingum,MUS,0,1,0,15,15,0,0,DB,0,,,,,,,,,,,,0,1,0,1,1,.0,.0,.0,0,0,0,0,0,0,0,0,0,0,0,0,0,0,0,0,,,,,,,,,,,,,,,,,,,,,,,,,,,,,,,,,,,,,,,,,,,,,,,,,,,,,,,,,,,,,,,,,,,,,,,,,,,,,,,,,,,,,,,,,,,,
2026-27,football,Ohio Athletic Conference (OAC),oac,Muskingum,"Hill,Noah",Noah,Hill,,455,"Hill,Noah","HILL,NOAH",Muskingum,MUS,0,1,0,43,43,0,RB,0,0,,,,,,,,,,,,,,,,,,,,,,,,,,,,,,,,,,,,,,,,,,,,,,,,,,,,,,,,,,,,,,,,,,,,,,,,,,,,,,,,,,,,,,,,,,,,,,,,,,,,,,,,,,,,,,,,,,,,,,,,,,,,,,,
2026-27,football,Ohio Athletic Conference (OAC),oac,Muskingum,"Sonnefeld,Harrison",Harrison,Sonnefeld,,455,"Sonnefeld,Harrison","SONNEFELD,HARRISON",Muskingum,MUS,0,1,0,47,47,0,0,LB,0,,,,,,,,,,,,0,1,2,3,3,.0,.0,.0,0,0,0,0,0,0,0,0,0,0,0,0,0,0,0,0,,,,,,,,,,,,,,,,,,,,,,,,,,,,,,,,,,,,,,,,,,,,,,,,,,,,,,,,,,,,,,,,,,,,,,,,,,,,,,,,,,,,,,,,,,,,
2026-27,football,Ohio Athletic Conference (OAC),oac,Muskingum,"Coley,Zyian",Zyian,Coley,,455,"Coley,Zyian","COLEY,ZYIAN",Muskingum,MUS,0,1,0,51,5L,0,0,LB,0,,,,,,,,,,,,,,,,,,,,,,,,,,,,,,,,,,,,,,,,,,,,,,,,,,,,,,,,,,,,,,,,,,,,,,,,,,,,,,,,,,,,,,,,,,,,,,,,,,,,,,,,,,,,,,,,,,,,,,,,,,,,,,,
2026-27,football,Ohio Athletic Conference (OAC),oac,Muskingum,"Proctor,Jesse",Jesse,Proctor,,455,"Proctor,Jesse","PROCTOR,JESSE",Muskingum,MUS,0,1,0,53,5J,0,0,DE,0,,,,,,,,,,,,0,1,0,1,1,.0,.0,.0,0,0,0,0,0,0,0,0,0,0,0,0,0,0,0,0,,,,,,,,,,,,,,,,,,,,,,,,,,,,,,,,,,,,,,,,,,,,,,,,,,,,,,,,,,,,,,,,,,,,,,,,,,,,,,,,,,,,,,,,,,,,
2026-27,football,Ohio Athletic Conference (OAC),oac,Muskingum,"Mitchell-Brown,Noah",Noah,Mitchell-Brown,,455,"Mitchell-Brown,Noah","MITCHELL-BROWN,NOAH",Muskingum,MUS,0,1,0,93,93,0,0,DE,0,,,,,,,,,,,,,,,,,,,,,,,,,,,,,,,,,,,,,,,,,,,,,,,,,,,,,,,,,,,,,,,,,,,,,,,,,,,,,,,,,,,,,,,,,,,,,,,,,,,,,,,,,,,,,,,,,,,,,,,,,,,,,,,
2026-27,football,Ohio Athletic Conference (OAC),oac,Muskingum,"Williams,Cary",Cary,Williams,,455,"Williams,Cary","WILLIAMS,CARY",Muskingum,MUS,0,1,0,94,9B,0,0,DT,0,,,,,,,,,,,,,,,,,,,,,,,,,,,,,,,,,,,,,,,,,,,,,,,,,,,,,,,,,,,,,,,,,,,,,,,,,,,,,,,,,,,,,,,,,,,,,,,,,,,,,,,,,,,,,,,,,,,,,,,,,,,,,,,
2026-27,football,Ohio Athletic Conference (OAC),oac,Muskingum,"Pierce,JaMarcus",JaMarcus,Pierce,,455,"Pierce,JaMarcus","PIERCE,JAMARCUS",Muskingum,MUS,0,1,0,96,96,0,0,DL,0,,,,,,,,,,,,,,,,,,,,,,,,,,,,,,,,,,,,,,,,,,,,,,,,,,,,,,,,,,,,,,,,,,,,,,,,,,,,,,,,,,,,,,,,,,,,,,,,,,,,,,,,,,,,,,,,,,,,,,,,,,,,,,,
