season,sport,conference,conference_code,team,player_name,first_name,last_name,position,team_code,name,checkname,linkup_name,games_played,games_started,uniform,year,team_name,team_id,sdrm_id,goal_stats_shootout_goals,goal_stats_free_positiong_goals,goal_stats_game_tying_goals,goal_stats_empty_net_goals,goal_stats_overtime_goals,goal_stats_first_goals,goal_stats_unassisted_goals,goal_stats_short_handed_goals,goal_stats_power_play_goals,goal_stats_game_winning_goals,penalty_stats_number,penalty_stats_minutes,penalty_stats_fouls,penalty_stats_green_cards,penalty_stats_yellow_cards,penalty_stats_red_cards,penalty_stats_match,penalty_stats_major,penalty_stats_minor,misc_stats_powerplay_opps,misc_stats_powerplay_goals,misc_stats_faceoffs_won,misc_stats_faceoffs_lost,misc_stats_ground_balls,misc_stats_draw_controls,misc_stats_turnovers,misc_stats_caused_turnovers,misc_stats_minutes_played,misc_stats_seconds,misc_stats_faceoffs_taken,misc_stats_penalty_killing_pct,goalie_stats_games_played,goalie_stats_minutes,goalie_stats_goals_allowed,goalie_stats_saves,goalie_stats_shutouts,goalie_stats_win,goalie_stats_loss,goalie_stats_tie,goalie_stats_powerplay_goals_allowed,goalie_stats_shorthanded_goals_allowed,goalie_stats_emptynet_goals_allowed,goalie_stats_shots_faced,goalie_stats_goals_against_avg,goalie_stats_save_pct,shot_stats_shots_on_goal,shot_stats_shots,shot_stats_free_position_shots,shot_stats_points,shot_stats_assists,shot_stats_goals,shot_stats_shots_on_goal_pct,avg_points_game,goalie_stats,goal_stats,penalty_stats,misc_stats,shot_stats
2026-27,mlax,Ohio Athletic Conference (OAC),oac,Baldwin Wallace,Logan Corley,Logan,Corley,,46,Logan Corley,"CORLEY,LOGAN",CORLEYLOGANBALDWIN,3,0,,,Baldwin Wallace,BALDWIN,1273-5050,0,0,0,0,0,0,0,0,0,0,0,0,0,0,0,0,0,0,0,0,0,0,0,0,0,0,0,00:00,0,0,1.000,2,30:00,1,2,0,0,0,0,0,0,0,8,2.00,.667,0,0,0,0,0,0,.000,0.00,,,,,
2026-27,mlax,Ohio Athletic Conference (OAC),oac,Baldwin Wallace,Carson Grizovic,Carson,Grizovic,,46,Carson Grizovic,"GRIZOVIC,CARSON",GRIZOVICCARSONBALDWIN,15,2,,,Baldwin Wallace,BALDWIN,1273-4061,0,0,0,0,0,2,12,0,1,1,0,0,0,0,0,0,0,0,0,0,0,0,0,9,0,11,0,120:00,0,0,1.000,,,,,,,,,,,,,,,31,45,0,31,11,20,.689,2.07,,,,,
2026-27,mlax,Ohio Athletic Conference (OAC),oac,Baldwin Wallace,Dillon Dlugosielski,Dillon,Dlugosielski,,46,Dillon Dlugosielski,"DLUGOSIELSKI,DILLON",DLUGOSIELSKIDILLONBALDWIN,3,0,,,Baldwin Wallace,BALDWIN,1273-1871,0,0,0,0,0,0,0,0,0,0,0,0,0,0,0,0,0,0,0,0,0,0,0,0,0,0,1,00:00,0,0,1.000,,,,,,,,,,,,,,,1,1,0,1,0,1,1.000,0.33,,,,,
2026-27,mlax,Ohio Athletic Conference (OAC),oac,Baldwin Wallace,Owen Makar,Owen,Makar,,46,Owen Makar,"MAKAR,OWEN",MAKAROWENBALDWIN,0,0,,,Baldwin Wallace,BALDWIN,1273-4608,,,,,,,,,,,,,,,,,,,,,,,,,,,,,,,,,,,,,,,,,,,,,,,,,,,,,0,,,,,
2026-27,mlax,Ohio Athletic Conference (OAC),oac,Baldwin Wallace,Noah Dodgion,Noah,Dodgion,,46,Noah Dodgion,"DODGION,NOAH",DODGIONNOAHBALDWIN,19,19,,,Baldwin Wallace,BALDWIN,1273-4056,0,0,0,0,0,2,36,2,2,2,0,0,0,0,0,0,0,0,3,0,0,0,0,24,0,30,4,1141:00,29,0,1.000,,,,,,,,,,,,,,,112,198,0,83,17,66,.566,4.37,,,,,
2026-27,mlax,Ohio Athletic Conference (OAC),oac,Baldwin Wallace,Keyan Moser,Keyan,Moser,,46,Keyan Moser,"MOSER,KEYAN",MOSERKEYANBALDWIN,17,1,,,Baldwin Wallace,BALDWIN,1273-1881,0,0,0,0,0,0,4,0,1,0,0,0,0,0,0,0,0,0,1,0,0,0,0,4,0,11,3,60:00,0,0,1.000,,,,,,,,,,,,,,,22,29,0,15,2,13,.759,0.88,,,,,
2026-27,mlax,Ohio Athletic Conference (OAC),oac,Baldwin Wallace,Bennet Trout,Bennet,Trout,,46,Bennet Trout,"TROUT,BENNET",TROUTBENNETBALDWIN,18,17,,,Baldwin Wallace,BALDWIN,1273-1885,0,0,0,0,0,1,17,0,5,2,0,0,0,0,0,0,0,0,0,0,0,0,0,33,0,39,9,1021:00,29,0,1.000,,,,,,,,,,,,,,,61,112,0,89,51,38,.545,4.94,,,,,
2026-27,mlax,Ohio Athletic Conference (OAC),oac,Baldwin Wallace,Justin Diniz,Justin,Diniz,,46,Justin Diniz,"DINIZ,JUSTIN",DINIZJUSTINBALDWIN,4,4,,,Baldwin Wallace,BALDWIN,1273-4607,0,0,0,0,0,0,0,0,0,0,0,0,0,0,0,0,0,0,0,0,0,0,0,3,0,2,0,242:00,17,0,1.000,,,,,,,,,,,,,,,6,9,0,3,1,2,.667,0.75,,,,,
2026-27,mlax,Ohio Athletic Conference (OAC),oac,Baldwin Wallace,Carter Oschman,Carter,Oschman,,46,Carter Oschman,"OSCHMAN,CARTER",OSCHMANCARTERBALDWIN,17,0,,,Baldwin Wallace,BALDWIN,1273-4609,0,0,0,0,0,0,2,0,0,0,0,0,0,0,0,0,0,0,0,0,0,0,0,24,0,1,3,00:00,0,0,1.000,,,,,,,,,,,,,,,7,11,0,4,1,3,.636,0.24,,,,,
2026-27,mlax,Ohio Athletic Conference (OAC),oac,Baldwin Wallace,Gavin Flak,Gavin,Flak,,46,Gavin Flak,"FLAK,GAVIN",FLAKGAVINBALDWIN,19,0,,,Baldwin Wallace,BALDWIN,1273-1872,0,0,0,0,0,0,0,0,0,0,0,0,0,0,0,0,0,0,1,0,0,50,36,26,0,1,1,00:00,0,86,1.000,,,,,,,,,,,,,,,2,6,0,2,0,2,.333,0.11,,,,,
2026-27,mlax,Ohio Athletic Conference (OAC),oac,Baldwin Wallace,Will Brennan,Will,Brennan,,46,Will Brennan,"BRENNAN,WILL",BRENNANWILLBALDWIN,6,0,,,Baldwin Wallace,BALDWIN,1273-5051,0,0,0,0,0,0,0,0,0,0,0,0,0,0,0,0,0,0,0,0,0,0,0,5,0,1,3,00:00,0,0,1.000,,,,,,,,,,,,,,,0,0,0,0,0,0,.000,0.00,,,,,
2026-27,mlax,Ohio Athletic Conference (OAC),oac,Baldwin Wallace,Nate Hoover,Nate,Hoover,,46,Nate Hoover,"HOOVER,NATE",HOOVERNATEBALDWIN,16,3,,,Baldwin Wallace,BALDWIN,1273-1877,0,0,0,0,0,1,6,0,1,0,0,0,0,0,0,0,0,0,2,0,0,0,0,6,0,10,0,180:00,0,0,1.000,,,,,,,,,,,,,,,13,29,0,16,8,8,.448,1.00,,,,,
2026-27,mlax,Ohio Athletic Conference (OAC),oac,Baldwin Wallace,Thomas Orsini,Thomas,Orsini,,46,Thomas Orsini,"ORSINI,THOMAS",ORSINITHOMASBALDWIN,7,0,,,Baldwin Wallace,BALDWIN,1273-4618,0,0,0,0,0,0,0,0,0,0,0,0,0,0,0,0,0,0,1,0,0,0,0,4,0,0,2,00:00,0,0,1.000,,,,,,,,,,,,,,,0,1,0,0,0,0,.000,0.00,,,,,
2026-27,mlax,Ohio Athletic Conference (OAC),oac,Baldwin Wallace,Micah Moser,Micah,Moser,,46,Micah Moser,"MOSER,MICAH",MOSERMICAHBALDWIN,8,0,,,Baldwin Wallace,BALDWIN,1273-4615,0,0,0,0,0,0,0,0,0,0,0,0,0,0,0,0,0,0,0,0,0,0,0,4,0,1,1,00:00,0,0,1.000,,,,,,,,,,,,,,,0,0,0,0,0,0,.000,0.00,,,,,
2026-27,mlax,Ohio Athletic Conference (OAC),oac,Baldwin Wallace,Edyn Haueter,Edyn,Haueter,,46,Edyn Haueter,"HAUETER,EDYN",HAUETEREDYNBALDWIN,5,0,,,Baldwin Wallace,BALDWIN,1273-4611,0,0,0,0,0,0,0,0,0,0,0,0,0,0,0,0,0,0,1,0,0,0,0,0,0,3,0,00:00,0,0,1.000,,,,,,,,,,,,,,,0,2,0,0,0,0,.000,0.00,,,,,
2026-27,mlax,Ohio Athletic Conference (OAC),oac,Baldwin Wallace,Mitch Gregory,Mitch,Gregory,,46,Mitch Gregory,"GREGORY,MITCH",GREGORYMITCHBALDWIN,2,0,,,Baldwin Wallace,BALDWIN,1273-4619,0,0,0,0,0,0,0,0,0,0,0,0,0,0,0,0,0,0,0,0,0,0,0,0,0,1,0,00:00,0,0,1.000,,,,,,,,,,,,,,,0,0,0,0,0,0,.000,0.00,,,,,
2026-27,mlax,Ohio Athletic Conference (OAC),oac,Baldwin Wallace,Ryan Frankovic,Ryan,Frankovic,,46,Ryan Frankovic,"FRANKOVIC,RYAN",FRANKOVICRYANBALDWIN,16,0,,,Baldwin Wallace,BALDWIN,1273-4060,0,0,0,0,0,0,0,0,0,0,0,0,0,0,0,0,0,1,2,0,0,0,0,31,0,7,9,00:00,0,0,1.000,,,,,,,,,,,,,,,2,4,0,0,0,0,.500,0.00,,,,,
2026-27,mlax,Ohio Athletic Conference (OAC),oac,Baldwin Wallace,Logan Lafler,Logan,Lafler,,46,Logan Lafler,"LAFLER,LOGAN",LAFLERLOGANBALDWIN,14,13,,,Baldwin Wallace,BALDWIN,1273-1880,0,0,0,0,0,0,0,0,0,0,0,0,0,0,0,0,0,0,0,0,0,0,0,6,0,7,3,782:00,17,0,1.000,,,,,,,,,,,,,,,0,0,0,0,0,0,.000,0.00,,,,,
2026-27,mlax,Ohio Athletic Conference (OAC),oac,Baldwin Wallace,Elden Korber,Elden,Korber,,46,Elden Korber,"KORBER,ELDEN",KORBERELDENBALDWIN,12,0,,,Baldwin Wallace,BALDWIN,1273-4063,0,0,0,0,0,0,0,0,0,0,0,0,0,0,0,0,0,0,0,0,0,0,0,7,0,1,1,00:00,0,0,1.000,,,,,,,,,,,,,,,0,3,0,0,0,0,.000,0.00,,,,,
2026-27,mlax,Ohio Athletic Conference (OAC),oac,Baldwin Wallace,Louden Peters,Louden,Peters,,46,Louden Peters,"PETERS,LOUDEN",PETERSLOUDENBALDWIN,19,19,,,Baldwin Wallace,BALDWIN,1273-1882,0,0,0,0,0,0,0,0,0,0,0,0,0,0,0,0,0,2,1,0,0,0,0,24,0,14,11,1141:00,29,0,1.000,,,,,,,,,,,,,,,0,2,0,0,0,0,.000,0.00,,,,,
2026-27,mlax,Ohio Athletic Conference (OAC),oac,Baldwin Wallace,Paxton Allison,Paxton,Allison,,46,Paxton Allison,"ALLISON,PAXTON",ALLISONPAXTONBALDWIN,19,19,,,Baldwin Wallace,BALDWIN,1273-4053,0,0,0,0,0,1,12,0,1,4,0,0,0,0,0,0,0,2,0,0,0,0,0,40,0,23,8,1141:00,29,0,1.000,,,,,,,,,,,,,,,68,97,0,74,35,39,.701,3.89,,,,,
2026-27,mlax,Ohio Athletic Conference (OAC),oac,Baldwin Wallace,Jackson Viverito,Jackson,Viverito,,46,Jackson Viverito,"VIVERITO,JACKSON",VIVERITOJACKSONBALDWIN,9,2,,,Baldwin Wallace,BALDWIN,1273-5052,0,0,0,0,0,0,0,0,0,0,0,0,0,0,0,0,0,0,0,0,0,0,0,5,0,2,0,135:00,0,0,1.000,8,102:54,18,16,0,2,1,0,0,0,0,58,10.50,.471,0,0,0,0,0,0,.000,0.00,,,,,
2026-27,mlax,Ohio Athletic Conference (OAC),oac,Baldwin Wallace,Carson Henning,Carson,Henning,,46,Carson Henning,"HENNING,CARSON",HENNINGCARSONBALDWIN,9,0,,,Baldwin Wallace,BALDWIN,1273-5053,0,0,0,0,0,0,1,0,0,0,0,0,0,0,0,0,0,0,1,0,0,0,0,4,0,1,0,00:00,0,0,1.000,,,,,,,,,,,,,,,6,9,0,2,0,2,.667,0.22,,,,,
2026-27,mlax,Ohio Athletic Conference (OAC),oac,Baldwin Wallace,Benjamin Glover,Benjamin,Glover,,46,Benjamin Glover,"GLOVER,BENJAMIN",GLOVERBENJAMINBALDWIN,6,1,,,Baldwin Wallace,BALDWIN,1273-1875,0,0,0,0,0,0,0,0,0,0,0,0,0,0,0,0,0,0,1,0,0,0,0,6,0,2,1,59:00,12,0,1.000,,,,,,,,,,,,,,,0,0,0,0,0,0,.000,0.00,,,,,
2026-27,mlax,Ohio Athletic Conference (OAC),oac,Baldwin Wallace,Ian Shealy,Ian,Shealy,,46,Ian Shealy,"SHEALY,IAN",SHEALYIANBALDWIN,18,14,,,Baldwin Wallace,BALDWIN,1273-1884,0,0,0,0,1,1,3,0,5,2,0,0,0,0,0,0,0,0,1,0,0,0,0,14,0,13,2,839:00,12,0,1.000,,,,,,,,,,,,,,,42,81,0,28,5,23,.519,1.56,,,,,
2026-27,mlax,Ohio Athletic Conference (OAC),oac,Baldwin Wallace,Ethan Hingson,Ethan,Hingson,,46,Ethan Hingson,"HINGSON,ETHAN",HINGSONETHANBALDWIN,16,0,,,Baldwin Wallace,BALDWIN,1273-1876,0,0,0,0,0,0,0,0,0,0,0,0,0,0,0,0,0,1,0,0,0,0,0,27,0,4,6,00:00,0,0,1.000,,,,,,,,,,,,,,,2,4,0,2,1,1,.500,0.13,,,,,
2026-27,mlax,Ohio Athletic Conference (OAC),oac,Baldwin Wallace,Gavin Pate,Gavin,Pate,,46,Gavin Pate,"PATE,GAVIN",PATEGAVINBALDWIN,19,19,,,Baldwin Wallace,BALDWIN,1273-4067,0,0,0,0,0,0,0,0,0,0,0,0,0,0,0,0,0,0,1,0,0,0,0,28,0,3,14,1141:00,29,0,1.000,,,,,,,,,,,,,,,1,2,0,0,0,0,.500,0.00,,,,,
2026-27,mlax,Ohio Athletic Conference (OAC),oac,Baldwin Wallace,Nathan Prosowski,Nathan,Prosowski,,46,Nathan Prosowski,"PROSOWSKI,NATHAN",PROSOWSKINATHANBALDWIN,19,0,,,Baldwin Wallace,BALDWIN,1273-4068,0,0,0,0,0,0,1,0,0,0,0,0,0,0,0,0,0,2,3,0,0,1,0,10,0,3,9,00:00,0,1,1.000,,,,,,,,,,,,,,,6,7,0,3,0,3,.857,0.16,,,,,
2026-27,mlax,Ohio Athletic Conference (OAC),oac,Baldwin Wallace,Eli Armstrong,Eli,Armstrong,,46,Eli Armstrong,"ARMSTRONG,ELI",ARMSTRONGELIBALDWIN,10,0,,,Baldwin Wallace,BALDWIN,1273-4612,0,0,0,0,0,0,1,0,0,0,0,0,0,0,0,0,0,1,0,0,0,0,0,4,0,1,1,00:00,0,0,1.000,,,,,,,,,,,,,,,15,17,0,16,9,7,.882,1.60,,,,,
2026-27,mlax,Ohio Athletic Conference (OAC),oac,Baldwin Wallace,Evan Vetter,Evan,Vetter,,46,Evan Vetter,"VETTER,EVAN",VETTEREVANBALDWIN,19,0,,,Baldwin Wallace,BALDWIN,1273-4074,0,0,0,0,0,0,5,0,0,0,0,0,0,0,0,0,0,1,0,0,0,292,135,175,0,10,1,00:00,0,427,1.000,,,,,,,,,,,,,,,6,11,0,14,9,5,.545,0.74,,,,,
2026-27,mlax,Ohio Athletic Conference (OAC),oac,Baldwin Wallace,Elijah Block,Elijah,Block,,46,Elijah Block,"BLOCK,ELIJAH",BLOCKELIJAHBALDWIN,10,0,,,Baldwin Wallace,BALDWIN,1273-5054,0,0,0,0,0,0,1,0,0,0,0,0,0,0,0,0,0,0,0,0,0,22,14,12,0,1,0,00:00,0,36,1.000,,,,,,,,,,,,,,,2,3,0,1,0,1,.667,0.10,,,,,
2026-27,mlax,Ohio Athletic Conference (OAC),oac,Baldwin Wallace,Sean Brennan,Sean,Brennan,,46,Sean Brennan,"BRENNAN,SEAN",BRENNANSEANBALDWIN,10,0,,,Baldwin Wallace,BALDWIN,1273-5055,0,0,0,0,0,0,1,0,1,0,0,0,0,0,0,0,0,3,0,0,0,0,0,3,0,1,1,00:00,0,0,1.000,,,,,,,,,,,,,,,3,5,0,6,3,3,.600,0.60,,,,,
2026-27,mlax,Ohio Athletic Conference (OAC),oac,Baldwin Wallace,Jake Koonmen,Jake,Koonmen,,46,Jake Koonmen,"KOONMEN,JAKE",KOONMENJAKEBALDWIN,19,16,,,Baldwin Wallace,BALDWIN,1273-1879,0,0,0,0,0,3,9,2,0,0,0,0,0,0,0,0,0,0,0,0,0,0,0,13,0,4,3,959:00,12,0,1.000,,,,,,,,,,,,,,,46,75,0,29,4,25,.613,1.53,,,,,
2026-27,mlax,Ohio Athletic Conference (OAC),oac,Baldwin Wallace,AJ Schultz,AJ,Schultz,,46,AJ Schultz,"SCHULTZ,AJ",SCHULTZAJBALDWIN,10,3,,,Baldwin Wallace,BALDWIN,1273-4071,0,0,0,0,0,0,1,0,0,0,0,0,0,0,0,0,0,0,0,0,0,0,0,7,0,10,2,225:00,0,0,1.000,9,317:32,50,54,0,3,3,0,0,0,0,181,9.45,.519,1,1,0,1,0,1,1.000,0.10,,,,,
2026-27,mlax,Ohio Athletic Conference (OAC),oac,Baldwin Wallace,Aidan Malone,Aidan,Malone,,46,Aidan Malone,"MALONE,AIDAN",MALONEAIDANBALDWIN,16,9,,,Baldwin Wallace,BALDWIN,1273-4605,0,0,0,0,0,0,0,0,0,0,0,0,0,0,0,0,0,0,0,0,0,0,0,13,0,1,1,466:00,29,0,1.000,16,661:03,100,96,0,8,0,0,0,0,0,362,9.08,.490,0,0,0,0,0,0,.000,0.00,,,,,
2026-27,mlax,Ohio Athletic Conference (OAC),oac,Baldwin Wallace,Griffin Riley,Griffin,Riley,,46,Griffin Riley,"RILEY,GRIFFIN",RILEYGRIFFINBALDWIN,7,0,,,Baldwin Wallace,BALDWIN,1273-5056,0,0,0,0,0,0,3,0,1,0,0,0,0,0,0,0,0,0,0,0,0,0,0,7,0,5,1,00:00,0,0,1.000,,,,,,,,,,,,,,,8,12,0,8,4,4,.667,1.14,,,,,
2026-27,mlax,Ohio Athletic Conference (OAC),oac,Baldwin Wallace,Mitch Burgan,Mitch,Burgan,,46,Mitch Burgan,"BURGAN,MITCH",BURGANMITCHBALDWIN,8,0,,,Baldwin Wallace,BALDWIN,1273-5057,0,0,0,0,0,0,0,0,0,0,0,0,0,0,0,0,0,1,0,0,0,0,0,4,0,2,1,00:00,0,0,1.000,,,,,,,,,,,,,,,0,0,0,0,0,0,.000,0.00,,,,,
2026-27,mlax,Ohio Athletic Conference (OAC),oac,Baldwin Wallace,Lucas Matelski,Lucas,Matelski,,46,Lucas Matelski,"MATELSKI,LUCAS",MATELSKILUCASBALDWIN,3,0,,,Baldwin Wallace,BALDWIN,1273-4606,0,0,0,0,0,0,0,0,0,0,0,0,0,0,0,0,0,0,0,0,0,1,0,1,0,0,0,00:00,0,1,1.000,,,,,,,,,,,,,,,0,0,0,0,0,0,.000,0.00,,,,,
2026-27,mlax,Ohio Athletic Conference (OAC),oac,Baldwin Wallace,Devon Ambrus,Devon,Ambrus,,46,Devon Ambrus,"AMBRUS,DEVON",AMBRUSDEVONBALDWIN,11,0,,,Baldwin Wallace,BALDWIN,1273-4054,0,0,0,0,0,0,0,0,0,0,0,0,0,0,0,0,0,0,1,0,0,0,0,11,0,4,5,00:00,0,0,1.000,,,,,,,,,,,,,,,0,2,0,0,0,0,.000,0.00,,,,,
2026-27,mlax,Ohio Athletic Conference (OAC),oac,Baldwin Wallace,Tremel Dunkin,Tremel,Dunkin,,46,Tremel Dunkin,"DUNKIN,TREMEL",DUNKINTREMELBALDWIN,8,3,,,Baldwin Wallace,BALDWIN,1273-4057,0,0,0,0,0,0,0,0,0,0,0,0,0,0,0,0,0,0,0,0,0,0,0,9,0,1,1,180:00,0,0,1.000,,,,,,,,,,,,,,,0,0,0,0,0,0,.000,0.00,,,,,
2026-27,mlax,Ohio Athletic Conference (OAC),oac,Baldwin Wallace,Ben Matesic,Ben,Matesic,,46,Ben Matesic,"MATESIC,BEN",MATESICBENBALDWIN,9,2,,,Baldwin Wallace,BALDWIN,1273-4065,0,0,0,0,0,0,0,0,0,0,0,0,0,0,0,0,0,1,2,0,0,0,0,2,0,0,3,120:00,0,0,1.000,,,,,,,,,,,,,,,0,0,0,0,0,0,.000,0.00,,,,,
2026-27,mlax,Ohio Athletic Conference (OAC),oac,Baldwin Wallace,Parker Edell,Parker,Edell,,46,Parker Edell,"EDELL,PARKER",EDELLPARKERBALDWIN,13,0,,,Baldwin Wallace,BALDWIN,1273-4058,0,0,0,0,0,0,0,0,0,0,0,0,0,0,0,0,0,1,1,0,0,0,0,7,0,2,5,00:00,0,0,1.000,,,,,,,,,,,,,,,0,0,0,0,0,0,.000,0.00,,,,,
2026-27,mlax,Ohio Athletic Conference (OAC),oac,Baldwin Wallace,Reichen Geiselhart,Reichen,Geiselhart,,46,Reichen Geiselhart,"GEISELHART,REICHEN",GEISELHARTREICHENBALDWIN,16,16,,,Baldwin Wallace,BALDWIN,1273-1874,0,0,0,0,0,1,10,0,3,2,0,0,0,0,0,0,0,2,0,0,0,0,0,16,0,13,5,961:00,29,0,1.000,,,,,,,,,,,,,,,68,109,0,51,15,36,.624,3.19,,,,,
2026-27,mlax,Ohio Athletic Conference (OAC),oac,Baldwin Wallace,Caleb Fox,Caleb,Fox,,46,Caleb Fox,"FOX,CALEB",FOXCALEBBALDWIN,18,0,,,Baldwin Wallace,BALDWIN,1273-4059,0,0,0,0,0,0,3,0,0,0,0,0,0,0,0,0,0,0,4,0,0,0,0,34,0,8,5,00:00,0,0,1.000,,,,,,,,,,,,,,,10,19,0,7,2,5,.526,0.39,,,,,
2026-27,mlax,Ohio Athletic Conference (OAC),oac,Baldwin Wallace,Ryan Holcomb,Ryan,Holcomb,,46,Ryan Holcomb,"HOLCOMB,RYAN",HOLCOMBRYANBALDWIN,9,0,,,Baldwin Wallace,BALDWIN,1273-4062,0,0,0,0,0,0,1,0,0,0,0,0,0,0,0,0,0,0,0,0,0,0,0,6,0,4,1,00:00,0,0,1.000,,,,,,,,,,,,,,,5,9,0,4,1,3,.556,0.44,,,,,
2026-27,mlax,Ohio Athletic Conference (OAC),oac,Baldwin Wallace,Paul Lopez,Paul,Lopez,,46,Paul Lopez,"LOPEZ,PAUL",LOPEZPAULBALDWIN,17,3,,,Baldwin Wallace,BALDWIN,1273-4064,0,0,0,0,0,0,5,0,0,0,0,0,0,0,0,0,0,1,1,0,0,0,0,6,0,3,2,182:00,17,0,1.000,,,,,,,,,,,,,,,17,39,0,12,5,7,.436,0.71,,,,,
2026-27,mlax,Ohio Athletic Conference (OAC),oac,Baldwin Wallace,Liam Liskey,Liam,Liskey,,46,Liam Liskey,"LISKEY,LIAM",LISKEYLIAMBALDWIN,3,0,,,Baldwin Wallace,BALDWIN,1273-4614,0,0,0,0,0,0,0,0,0,0,0,0,0,0,0,0,0,0,0,0,0,0,0,2,0,1,0,15:00,0,0,1.000,2,30:00,2,5,0,0,0,0,0,0,0,9,4.00,.714,0,0,0,0,0,0,.000,0.00,,,,,
2026-27,mlax,Ohio Athletic Conference (OAC),oac,Capital,Kaison Durham,Kaison,Durham,,117,Kaison Durham,"DURHAM,KAISON",DURHAMKAISONCAPITAL,17,0,,,Capital,CAPITAL,1275-2695,0,0,0,0,0,0,0,0,0,0,0,0,0,0,0,0,0,0,0,0,0,0,0,6,0,9,0,00:00,0,0,1.000,,,,,,,,,,,,,,,10,20,0,6,4,2,.500,0.35,,,,,
2026-27,mlax,Ohio Athletic Conference (OAC),oac,Capital,Jess Lipp,Jess,Lipp,,117,Jess Lipp,"LIPP,JESS",LIPPJESSCAPITAL,17,17,,,Capital,CAPITAL,1275-3382,0,0,0,0,0,2,23,1,5,1,0,0,0,0,0,0,0,1,2,0,0,0,0,25,0,31,6,1015:00,16,0,1.000,,,,,,,,,,,,,,,88,132,0,71,20,51,.667,4.18,,,,,
2026-27,mlax,Ohio Athletic Conference (OAC),oac,Capital,Jackson Hart,Jackson,Hart,,117,Jackson Hart,"HART,JACKSON",HARTJACKSONCAPITAL,15,12,,,Capital,CAPITAL,1275-2692,0,0,0,0,0,0,0,0,0,0,0,0,0,0,0,0,0,1,0,0,0,0,0,9,0,9,8,715:00,16,0,1.000,,,,,,,,,,,,,,,0,1,0,0,0,0,.000,0.00,,,,,
2026-27,mlax,Ohio Athletic Conference (OAC),oac,Capital,Noah Musick,Noah,Musick,,117,Noah Musick,"MUSICK,NOAH",MUSICKNOAHCAPITAL,16,0,,,Capital,CAPITAL,1275-3133,0,0,0,0,0,0,0,0,0,0,0,0,0,0,0,0,0,3,3,0,0,0,0,7,0,5,3,00:00,0,0,1.000,,,,,,,,,,,,,,,1,1,0,0,0,0,1.000,0.00,,,,,
2026-27,mlax,Ohio Athletic Conference (OAC),oac,Capital,Luke Turner,Luke,Turner,,117,Luke Turner,"TURNER,LUKE",TURNERLUKECAPITAL,7,0,,,Capital,CAPITAL,1275-3383,0,0,0,0,0,0,0,0,0,0,0,0,0,0,0,0,0,0,0,0,0,0,0,4,0,2,1,00:00,0,0,1.000,,,,,,,,,,,,,,,5,9,0,1,0,1,.556,0.14,,,,,
2026-27,mlax,Ohio Athletic Conference (OAC),oac,Capital,Rob Smith,Rob,Smith,,117,Rob Smith,"SMITH,ROB",SMITHROBCAPITAL,1,0,,,Capital,CAPITAL,1275-2699,0,0,0,0,0,0,0,0,0,0,0,0,0,0,0,0,0,0,0,0,0,0,0,0,0,0,0,0,0,0,1.000,,,,,,,,,,,,,,,0,0,0,0,0,0,.000,0.00,,,,,
2026-27,mlax,Ohio Athletic Conference (OAC),oac,Capital,Ian Zaletel,Ian,Zaletel,,117,Ian Zaletel,"ZALETEL,IAN",ZALETELIANCAPITAL,17,15,,,Capital,CAPITAL,1275-2878,0,0,0,0,0,0,0,0,0,0,0,0,0,0,0,0,0,0,1,0,0,0,0,37,0,9,6,895:00,16,0,1.000,,,,,,,,,,,,,,,1,4,0,0,0,0,.250,0.00,,,,,
2026-27,mlax,Ohio Athletic Conference (OAC),oac,Capital,Wes Millman,Wes,Millman,,117,Wes Millman,"MILLMAN,WES",MILLMANWESCAPITAL,4,0,,,Capital,CAPITAL,1275-3134,0,0,0,0,0,0,0,0,1,0,0,0,0,0,0,0,0,1,0,0,0,0,0,1,0,1,1,00:00,0,0,1.000,,,,,,,,,,,,,,,4,8,0,1,0,1,.500,0.25,,,,,
2026-27,mlax,Ohio Athletic Conference (OAC),oac,Capital,Logan Byers,Logan,Byers,,117,Logan Byers,"BYERS,LOGAN",BYERSLOGANCAPITAL,3,0,,,Capital,CAPITAL,1275-2861,0,0,0,0,0,0,0,0,0,0,0,0,0,0,0,0,0,0,0,0,0,0,0,0,0,0,0,00:00,0,0,1.000,,,,,,,,,,,,,,,0,0,0,0,0,0,.000,0.00,,,,,
2026-27,mlax,Ohio Athletic Conference (OAC),oac,Capital,Braylon Dawson,Braylon,Dawson,,117,Braylon Dawson,"DAWSON,BRAYLON",DAWSONBRAYLONCAPITAL,17,0,,,Capital,CAPITAL,1275-3380,0,0,0,0,0,1,6,0,0,3,0,0,0,0,0,0,0,0,0,0,0,0,0,11,0,21,0,00:00,0,0,1.000,,,,,,,,,,,,,,,25,45,0,14,2,12,.556,0.82,,,,,
2026-27,mlax,Ohio Athletic Conference (OAC),oac,Capital,Leelan Durham,Leelan,Durham,,117,Leelan Durham,"DURHAM,LEELAN",DURHAMLEELANCAPITAL,17,17,,,Capital,CAPITAL,1275-3135,0,0,0,0,0,0,0,0,0,0,0,0,0,0,0,0,1,2,3,0,0,0,0,26,0,14,14,1015:00,16,0,1.000,,,,,,,,,,,,,,,0,4,0,1,1,0,.000,0.06,,,,,
2026-27,mlax,Ohio Athletic Conference (OAC),oac,Capital,Elliott Rhoton,Elliott,Rhoton,,117,Elliott Rhoton,"RHOTON,ELLIOTT",RHOTONELLIOTTCAPITAL,17,0,,,Capital,CAPITAL,1275-3136,0,0,0,0,0,0,1,0,0,0,0,0,0,0,0,0,0,0,0,0,0,0,0,13,0,14,2,00:00,0,0,1.000,,,,,,,,,,,,,,,16,30,0,10,6,4,.533,0.59,,,,,
2026-27,mlax,Ohio Athletic Conference (OAC),oac,Capital,Dylan Christopherson,Dylan,Christopherson,,117,Dylan Christopherson,"CHRISTOPHERSON,DYLAN",CHRISTOPHERSONDYLANCAPITAL,14,4,,,Capital,CAPITAL,1275-2862,0,0,0,0,0,0,0,0,0,0,0,0,0,0,0,0,0,2,3,0,0,0,0,26,0,6,12,240:00,0,0,1.000,,,,,,,,,,,,,,,1,1,0,0,0,0,1.000,0.00,,,,,
2026-27,mlax,Ohio Athletic Conference (OAC),oac,Capital,Jonathan Hart,Jonathan,Hart,,117,Jonathan Hart,"HART,JONATHAN",HARTJONATHANCAPITAL,15,0,,,Capital,CAPITAL,1275-2865,0,0,0,0,0,0,0,0,0,0,0,0,0,0,0,0,0,0,1,0,0,0,0,6,0,4,3,00:00,0,0,1.000,,,,,,,,,,,,,,,1,1,0,1,1,0,1.000,0.07,,,,,
2026-27,mlax,Ohio Athletic Conference (OAC),oac,Capital,Freddy Noday,Freddy,Noday,,117,Freddy Noday,"NODAY,FREDDY",NODAYFREDDYCAPITAL,17,17,,,Capital,CAPITAL,1275-2703,0,0,0,0,0,0,2,0,0,0,0,0,0,0,0,0,0,1,1,0,0,159,70,100,0,8,5,1015:00,16,229,1.000,,,,,,,,,,,,,,,6,6,0,2,0,2,1.000,0.12,,,,,
2026-27,mlax,Ohio Athletic Conference (OAC),oac,Capital,Devin Flynn,Devin,Flynn,,117,Devin Flynn,"FLYNN,DEVIN",FLYNNDEVINCAPITAL,17,15,,,Capital,CAPITAL,1275-2864,0,0,0,0,0,0,0,0,0,0,0,0,0,0,0,0,0,3,0,0,0,0,0,19,0,14,7,895:00,16,0,1.000,,,,,,,,,,,,,,,1,1,0,0,0,0,1.000,0.00,,,,,
2026-27,mlax,Ohio Athletic Conference (OAC),oac,Capital,Tyler Lieu,Tyler,Lieu,,117,Tyler Lieu,"LIEU,TYLER",LIEUTYLERCAPITAL,17,0,,,Capital,CAPITAL,1275-2835,0,0,0,0,0,0,3,0,0,1,0,0,0,0,0,0,0,1,1,0,0,117,56,66,0,8,2,00:00,0,173,1.000,,,,,,,,,,,,,,,5,11,0,4,1,3,.455,0.24,,,,,
2026-27,mlax,Ohio Athletic Conference (OAC),oac,Capital,Aiden Evans,Aiden,Evans,,117,Aiden Evans,"EVANS,AIDEN",EVANSAIDENCAPITAL,17,17,,,Capital,CAPITAL,1275-3379,0,0,0,0,0,0,6,0,1,1,0,0,0,0,0,0,0,2,2,0,0,0,0,22,0,30,6,1015:00,16,0,1.000,,,,,,,,,,,,,,,56,94,0,31,5,26,.596,1.82,,,,,
2026-27,mlax,Ohio Athletic Conference (OAC),oac,Capital,Wyatt Stemler,Wyatt,Stemler,,117,Wyatt Stemler,"STEMLER,WYATT",STEMLERWYATTCAPITAL,17,17,,,Capital,CAPITAL,1275-3138,0,0,0,0,0,0,0,0,0,0,0,0,0,0,0,0,0,0,0,0,0,0,0,47,0,20,0,1015:00,16,0,1.000,17,908:47,163,183,0,8,9,0,0,0,0,615,10.76,.529,0,1,0,0,0,0,.000,0.00,,,,,
2026-27,mlax,Ohio Athletic Conference (OAC),oac,Capital,Mason Ridgway,Mason,Ridgway,,117,Mason Ridgway,"RIDGWAY,MASON",RIDGWAYMASONCAPITAL,11,1,,,Capital,CAPITAL,1275-3139,0,0,0,0,0,0,0,0,0,0,0,0,0,0,0,0,1,1,2,0,0,0,0,6,0,6,5,60:00,0,0,1.000,,,,,,,,,,,,,,,1,1,0,0,0,0,1.000,0.00,,,,,
2026-27,mlax,Ohio Athletic Conference (OAC),oac,Capital,Colton Woods,Colton,Woods,,117,Colton Woods,"WOODS,COLTON",WOODSCOLTONCAPITAL,16,0,,,Capital,CAPITAL,1275-2877,0,0,0,0,0,0,16,0,1,0,0,0,0,0,0,0,0,1,1,0,0,0,0,8,0,25,1,00:00,0,0,1.000,,,,,,,,,,,,,,,52,85,0,39,12,27,.612,2.44,,,,,
2026-27,mlax,Ohio Athletic Conference (OAC),oac,Capital,Christian Akins,Christian,Akins,,117,Christian Akins,"AKINS,CHRISTIAN",AKINSCHRISTIANCAPITAL,14,2,,,Capital,CAPITAL,1275-3140,0,0,0,0,0,0,0,0,0,0,0,0,0,0,0,0,1,2,0,0,0,0,0,22,0,15,0,120:00,0,0,1.000,,,,,,,,,,,,,,,4,4,0,0,0,0,1.000,0.00,,,,,
2026-27,mlax,Ohio Athletic Conference (OAC),oac,Capital,Mason Miller,Mason,Miller,,117,Mason Miller,"MILLER,MASON",MILLERMASONCAPITAL,17,0,,,Capital,CAPITAL,1275-3141,0,0,0,0,0,1,2,0,2,0,0,0,0,0,0,0,0,0,1,0,0,0,0,19,0,22,3,00:00,0,0,1.000,,,,,,,,,,,,,,,19,34,0,30,18,12,.559,1.76,,,,,
2026-27,mlax,Ohio Athletic Conference (OAC),oac,Capital,Luc Kadlic,Luc,Kadlic,,117,Luc Kadlic,"KADLIC,LUC",KADLICLUCCAPITAL,10,0,,,Capital,CAPITAL,1275-2866,0,0,0,0,0,0,0,0,0,0,0,0,0,0,0,0,0,0,0,0,0,0,0,9,0,1,1,00:00,0,0,1.000,8,107:02,10,14,0,0,0,0,0,0,0,47,5.61,.583,0,0,0,0,0,0,.000,0.00,,,,,
2026-27,mlax,Ohio Athletic Conference (OAC),oac,Capital,Anthony Carusone,Anthony,Carusone,,117,Anthony Carusone,"CARUSONE,ANTHONY",CARUSONEANTHONYCAPITAL,13,0,,,Capital,CAPITAL,1275-2694,0,0,0,0,0,1,5,0,0,1,0,0,0,0,0,0,0,0,2,0,0,0,0,13,0,14,0,00:00,0,0,1.000,,,,,,,,,,,,,,,25,41,0,8,0,8,.610,0.62,,,,,
2026-27,mlax,Ohio Athletic Conference (OAC),oac,Capital,Parker Leitelt,Parker,Leitelt,,117,Parker Leitelt,"LEITELT,PARKER",LEITELTPARKERCAPITAL,3,0,,,Capital,CAPITAL,1275-3142,0,0,0,0,0,0,0,0,0,0,0,0,0,0,0,0,0,0,0,0,0,0,0,0,0,1,0,00:00,0,0,1.000,,,,,,,,,,,,,,,0,0,0,0,0,0,.000,0.00,,,,,
2026-27,mlax,Ohio Athletic Conference (OAC),oac,Capital,Gino Nave,Gino,Nave,,117,Gino Nave,"NAVE,GINO",NAVEGINOCAPITAL,17,17,,,Capital,CAPITAL,1275-2696,0,0,0,0,0,0,0,0,0,0,0,0,0,0,0,0,0,0,0,0,0,0,0,38,0,10,14,1015:00,16,0,1.000,,,,,,,,,,,,,,,0,1,0,1,1,0,.000,0.06,,,,,
2026-27,mlax,Ohio Athletic Conference (OAC),oac,Capital,Eric Patterson,Eric,Patterson,,117,Eric Patterson,"PATTERSON,ERIC",PATTERSONERICCAPITAL,17,1,,,Capital,CAPITAL,1275-2871,0,0,0,0,0,0,0,0,0,0,0,0,0,0,0,0,0,4,1,0,0,0,0,17,0,1,11,60:00,0,0,1.000,,,,,,,,,,,,,,,0,0,0,0,0,0,.000,0.00,,,,,
2026-27,mlax,Ohio Athletic Conference (OAC),oac,Capital,Anthony Ziliak,Anthony,Ziliak,,117,Anthony Ziliak,"ZILIAK,ANTHONY",ZILIAKANTHONYCAPITAL,1,0,,,Capital,CAPITAL,1275-3384,0,0,0,0,0,0,0,0,0,0,0,0,0,0,0,0,0,0,0,0,0,0,0,0,0,0,0,0,0,0,1.000,,,,,,,,,,,,,,,0,0,0,0,0,0,.000,0.00,,,,,
2026-27,mlax,Ohio Athletic Conference (OAC),oac,Capital,Preston Garibay,Preston,Garibay,,117,Preston Garibay,"GARIBAY,PRESTON",GARIBAYPRESTONCAPITAL,3,0,,,Capital,CAPITAL,1275-3143,0,0,0,0,0,0,0,0,0,0,0,0,0,0,0,0,0,0,0,0,0,0,0,1,0,0,0,00:00,0,0,1.000,,,,,,,,,,,,,,,0,0,0,0,0,0,.000,0.00,,,,,
2026-27,mlax,Ohio Athletic Conference (OAC),oac,Capital,Aaron Waltman,Aaron,Waltman,,117,Aaron Waltman,"WALTMAN,AARON",WALTMANAARONCAPITAL,5,0,,,Capital,CAPITAL,1275-2876,0,0,0,0,0,0,0,0,0,0,0,0,0,0,0,0,0,0,0,0,0,0,0,1,0,0,0,00:00,0,0,1.000,,,,,,,,,,,,,,,0,1,0,2,2,0,.000,0.40,,,,,
2026-27,mlax,Ohio Athletic Conference (OAC),oac,Capital,Charlie Howenstine,Charlie,Howenstine,,117,Charlie Howenstine,"HOWENSTINE,CHARLIE",HOWENSTINECHARLIECAPITAL,17,17,,,Capital,CAPITAL,1275-2698,0,0,0,0,0,3,7,0,2,1,0,0,0,0,0,0,0,1,3,0,0,0,0,16,0,20,3,1015:00,16,0,1.000,,,,,,,,,,,,,,,35,83,0,36,22,14,.422,2.12,,,,,
2026-27,mlax,Ohio Athletic Conference (OAC),oac,Capital,Evan Legner,Evan,Legner,,117,Evan Legner,"LEGNER,EVAN",LEGNEREVANCAPITAL,8,0,,,Capital,CAPITAL,1275-3145,0,0,0,0,0,0,1,0,0,0,0,0,0,0,0,0,0,0,0,0,0,0,0,6,0,8,1,00:00,0,0,1.000,,,,,,,,,,,,,,,8,20,0,4,0,4,.400,0.50,,,,,
2026-27,mlax,Ohio Athletic Conference (OAC),oac,Capital,Jackson Gantz,Jackson,Gantz,,117,Jackson Gantz,"GANTZ,JACKSON",GANTZJACKSONCAPITAL,0,0,,,Capital,CAPITAL,1275-2444,,,,,,,,,,,,,,,,,,,,,,,,,,,,,,,,,,,,,,,,,,,,,,,,,,,,,0,,,,,
2026-27,mlax,Ohio Athletic Conference (OAC),oac,Capital,Braeden Flint,Braeden,Flint,,117,Braeden Flint,"FLINT,BRAEDEN",FLINTBRAEDENCAPITAL,13,0,,,Capital,CAPITAL,1275-3381,0,0,0,0,0,0,0,0,0,0,0,0,0,0,0,0,0,0,0,0,0,0,0,1,0,2,1,00:00,0,0,1.000,,,,,,,,,,,,,,,2,7,0,2,1,1,.286,0.15,,,,,
2026-27,mlax,Ohio Athletic Conference (OAC),oac,Capital,Mason Patrick,Mason,Patrick,,117,Mason Patrick,"PATRICK,MASON",PATRICKMASONCAPITAL,6,0,,,Capital,CAPITAL,1275-2870,0,0,0,0,0,0,0,0,0,0,0,0,0,0,0,0,0,0,0,0,0,0,0,2,0,1,2,00:00,0,0,1.000,,,,,,,,,,,,,,,0,0,0,0,0,0,.000,0.00,,,,,
2026-27,mlax,Ohio Athletic Conference (OAC),oac,Capital,Logan Ensign,Logan,Ensign,,117,Logan Ensign,"ENSIGN,LOGAN",ENSIGNLOGANCAPITAL,0,0,,,Capital,CAPITAL,1275-3144,,,,,,,,,,,,,,,,,,,,,,,,,,,,,,,,,,,,,,,,,,,,,,,,,,,,,0,,,,,
2026-27,mlax,Ohio Athletic Conference (OAC),oac,Heidelberg,Sonny Varrati,Sonny,Varrati,,278,Sonny Varrati,"VARRATI,SONNY",VARRATISONNYBERG,13,12,,,Heidelberg,BERG,1276-3025,0,0,0,0,0,0,0,0,0,0,0,0,0,0,0,0,0,2,0,0,0,0,1,31,0,21,14,712:00,135,1,1.000,,,,,,,,,,,,,,,0,1,0,1,1,0,.000,0.08,,,,,
2026-27,mlax,Ohio Athletic Conference (OAC),oac,Heidelberg,Kaivin Jones,Kaivin,Jones,,278,Kaivin Jones,"JONES,KAIVIN",JONESKAIVINBERG,15,6,,,Heidelberg,BERG,1276-3807,0,0,0,0,1,1,8,0,3,1,0,0,0,0,0,0,0,2,0,0,0,0,0,30,0,23,5,364:00,47,0,1.000,,,,,,,,,,,,,,,38,60,0,34,13,21,.633,2.27,,,,,
2026-27,mlax,Ohio Athletic Conference (OAC),oac,Heidelberg,Malachai Davis,Malachai,Davis,,278,Malachai Davis,"DAVIS,MALACHAI",DAVISMALACHAIBERG,15,15,,,Heidelberg,BERG,1276-3805,0,0,0,0,0,1,11,0,4,1,0,0,0,0,0,0,0,1,0,0,0,0,0,12,0,19,1,892:00,135,0,1.000,,,,,,,,,,,,,,,49,65,0,38,14,24,.754,2.53,,,,,
2026-27,mlax,Ohio Athletic Conference (OAC),oac,Heidelberg,Aiden Carpenter,Aiden,Carpenter,,278,Aiden Carpenter,"CARPENTER,AIDEN",CARPENTERAIDENBERG,12,5,,,Heidelberg,BERG,1276-3022,0,0,0,0,0,0,0,0,0,0,0,0,0,0,0,0,0,1,0,0,0,0,0,12,0,8,4,304:00,47,0,1.000,,,,,,,,,,,,,,,0,0,0,0,0,0,.000,0.00,,,,,
2026-27,mlax,Ohio Athletic Conference (OAC),oac,Heidelberg,Jonathan Marty,Jonathan,Marty,,278,Jonathan Marty,"MARTY,JONATHAN",MARTYJONATHANBERG,13,2,,,Heidelberg,BERG,1276-2772,0,0,0,0,0,0,0,0,0,0,0,0,0,0,0,0,0,6,4,0,0,0,0,15,0,13,8,120:00,0,0,1.000,,,,,,,,,,,,,,,4,5,0,1,0,1,.800,0.08,,,,,
2026-27,mlax,Ohio Athletic Conference (OAC),oac,Heidelberg,Matt Robeson,Matt,Robeson,,278,Matt Robeson,"ROBESON,MATT",ROBESONMATTBERG,8,5,,,Heidelberg,BERG,1276-3024,0,0,0,0,0,0,0,0,0,0,0,0,0,0,0,0,0,1,0,0,0,0,0,11,0,7,5,292:00,58,0,1.000,,,,,,,,,,,,,,,1,1,0,0,0,0,1.000,0.00,,,,,
2026-27,mlax,Ohio Athletic Conference (OAC),oac,Heidelberg,Lucas Sanders,Lucas,Sanders,,278,Lucas Sanders,"SANDERS,LUCAS",SANDERSLUCASBERG,1,0,,,Heidelberg,BERG,1276-3814,0,0,0,0,0,0,0,0,0,0,0,0,0,0,0,0,0,0,0,0,0,0,0,0,0,0,0,0,0,0,1.000,,,,,,,,,,,,,,,0,0,0,0,0,0,.000,0.00,,,,,
2026-27,mlax,Ohio Athletic Conference (OAC),oac,Heidelberg,Elijah Pagan,Elijah,Pagan,,278,Elijah Pagan,"PAGAN,ELIJAH",PAGANELIJAHBERG,1,0,,,Heidelberg,BERG,1276-3812,0,0,0,0,0,0,0,0,0,0,0,0,0,0,0,0,0,0,0,0,0,0,0,0,0,0,0,0,0,0,1.000,,,,,,,,,,,,,,,0,0,0,0,0,0,.000,0.00,,,,,
2026-27,mlax,Ohio Athletic Conference (OAC),oac,Heidelberg,Dusty Bernard,Dusty,Bernard,,278,Dusty Bernard,"BERNARD,DUSTY",BERNARDDUSTYBERG,13,0,,,Heidelberg,BERG,1276-3803,0,0,0,0,0,0,1,0,1,0,0,0,0,0,0,0,0,0,0,0,0,0,0,5,0,7,1,00:00,0,0,1.000,,,,,,,,,,,,,,,12,22,0,10,7,3,.545,0.77,,,,,
2026-27,mlax,Ohio Athletic Conference (OAC),oac,Heidelberg,Colin Parker,Colin,Parker,,278,Colin Parker,"PARKER,COLIN",PARKERCOLINBERG,15,15,,,Heidelberg,BERG,1276-3359,0,0,0,0,0,0,11,0,0,1,0,0,0,0,0,0,0,3,3,0,0,0,0,24,0,40,7,892:00,135,0,1.000,,,,,,,,,,,,,,,28,60,0,31,16,15,.467,2.07,,,,,
2026-27,mlax,Ohio Athletic Conference (OAC),oac,Heidelberg,Ty Sadowy,Ty,Sadowy,,278,Ty Sadowy,"SADOWY,TY",SADOWYTYBERG,6,0,,,Heidelberg,BERG,1276-3360,0,0,0,0,0,0,0,0,0,0,0,0,0,0,0,0,0,0,0,0,0,0,0,5,0,1,0,00:00,0,0,1.000,,,,,,,,,,,,,,,0,0,0,0,0,0,.000,0.00,,,,,
2026-27,mlax,Ohio Athletic Conference (OAC),oac,Heidelberg,Mj Yarosh,Mj,Yarosh,,278,Mj Yarosh,"YAROSH,MJ",YAROSHMJBERG,15,15,,,Heidelberg,BERG,1276-3815,0,0,0,0,0,0,0,0,0,0,0,0,0,0,0,0,0,4,1,0,0,0,0,46,0,18,21,892:00,135,0,1.000,,,,,,,,,,,,,,,1,2,0,0,0,0,.500,0.00,,,,,
2026-27,mlax,Ohio Athletic Conference (OAC),oac,Heidelberg,Patrick Icenogle,Patrick,Icenogle,,278,Patrick Icenogle,"ICENOGLE,PATRICK",ICENOGLEPATRICKBERG,4,0,,,Heidelberg,BERG,1276-3806,0,0,0,0,0,0,0,0,0,0,0,0,0,0,0,0,0,1,0,0,0,9,18,1,0,0,0,00:00,0,27,1.000,,,,,,,,,,,,,,,0,0,0,0,0,0,.000,0.00,,,,,
2026-27,mlax,Ohio Athletic Conference (OAC),oac,Heidelberg,Rayce Septer,Rayce,Septer,,278,Rayce Septer,"SEPTER,RAYCE",SEPTERRAYCEBERG,15,7,,,Heidelberg,BERG,1276-2774,0,0,0,0,0,1,13,1,3,0,0,0,0,0,0,0,0,2,1,0,0,1,0,18,0,29,6,416:00,30,1,1.000,,,,,,,,,,,,,,,51,77,0,40,12,28,.662,2.67,,,,,
2026-27,mlax,Ohio Athletic Conference (OAC),oac,Heidelberg,Mark Scherger,Mark,Scherger,,278,Mark Scherger,"SCHERGER,MARK",SCHERGERMARKBERG,13,0,,,Heidelberg,BERG,1276-3361,0,0,0,0,0,0,0,0,0,0,0,0,0,0,0,0,0,2,0,0,0,6,26,13,0,10,4,00:00,0,32,1.000,,,,,,,,,,,,,,,5,6,0,2,0,2,.833,0.15,,,,,
2026-27,mlax,Ohio Athletic Conference (OAC),oac,Heidelberg,Mario Manzardo,Mario,Manzardo,,278,Mario Manzardo,"MANZARDO,MARIO",MANZARDOMARIOBERG,14,0,,,Heidelberg,BERG,1276-3493,0,0,0,0,0,0,7,2,3,1,0,0,0,0,0,0,1,15,6,0,0,0,0,12,0,11,6,00:00,0,0,1.000,,,,,,,,,,,,,,,46,79,0,21,2,19,.582,1.50,,,,,
2026-27,mlax,Ohio Athletic Conference (OAC),oac,Heidelberg,Jayden Slaughter,Jayden,Slaughter,,278,Jayden Slaughter,"SLAUGHTER,JAYDEN",SLAUGHTERJAYDENBERG,15,1,,,Heidelberg,BERG,1276-2665,0,0,0,0,0,0,0,0,0,0,0,0,0,0,0,0,1,6,2,0,0,1,2,12,0,14,10,60:00,0,3,1.000,,,,,,,,,,,,,,,0,3,0,0,0,0,.000,0.00,,,,,
2026-27,mlax,Ohio Athletic Conference (OAC),oac,Heidelberg,Jordan Brooke,Jordan,Brooke,,278,Jordan Brooke,"BROOKE,JORDAN",BROOKEJORDANBERG,13,8,,,Heidelberg,BERG,1276-3817,0,0,0,0,0,0,0,0,0,0,0,0,0,0,0,0,0,3,0,0,0,0,0,10,0,9,3,476:00,30,0,1.000,,,,,,,,,,,,,,,0,0,0,0,0,0,.000,0.00,,,,,
2026-27,mlax,Ohio Athletic Conference (OAC),oac,Heidelberg,Nick Ciccone,Nick,Ciccone,,278,Nick Ciccone,"CICCONE,NICK",CICCONENICKBERG,6,2,,,Heidelberg,BERG,1276-3357,0,0,0,0,0,0,0,0,0,0,0,0,0,0,0,0,0,6,0,0,0,0,0,3,0,0,2,124:00,47,0,1.000,,,,,,,,,,,,,,,0,0,0,0,0,0,.000,0.00,,,,,
2026-27,mlax,Ohio Athletic Conference (OAC),oac,Heidelberg,Brandon Musa,Brandon,Musa,,278,Brandon Musa,"MUSA,BRANDON",MUSABRANDONBERG,13,13,,,Heidelberg,BERG,1276-3816,0,0,0,0,0,0,0,0,0,0,0,0,0,0,0,0,0,3,1,0,0,76,194,31,0,13,1,772:00,135,270,1.000,,,,,,,,,,,,,,,2,11,0,0,0,0,.182,0.00,,,,,
2026-27,mlax,Ohio Athletic Conference (OAC),oac,Heidelberg,Wilson Runnette,Wilson,Runnette,,278,Wilson Runnette,"RUNNETTE,WILSON",RUNNETTEWILSONBERG,13,12,,,Heidelberg,BERG,1276-2773,0,0,0,0,0,0,0,0,0,0,0,0,0,0,0,0,0,2,0,0,0,0,0,20,0,25,0,677:00,120,0,1.000,13,682:09,171,198,0,5,9,0,5,0,0,650,15.04,.537,1,2,0,1,1,0,.500,0.08,,,,,
2026-27,mlax,Ohio Athletic Conference (OAC),oac,Heidelberg,Dante Coffman,Dante,Coffman,,278,Dante Coffman,"COFFMAN,DANTE",COFFMANDANTEBERG,15,14,,,Heidelberg,BERG,1276-3804,0,0,0,0,0,0,6,0,1,1,0,0,0,0,0,0,0,2,2,0,0,10,33,32,0,15,10,832:00,135,43,1.000,,,,,,,,,,,,,,,33,63,0,8,1,7,.524,0.53,,,,,
2026-27,mlax,Ohio Athletic Conference (OAC),oac,Heidelberg,Wyatt Lauvray,Wyatt,Lauvray,,278,Wyatt Lauvray,"LAUVRAY,WYATT",LAUVRAYWYATTBERG,13,12,,,Heidelberg,BERG,1276-3808,0,0,0,0,0,0,0,0,0,0,0,0,0,0,0,0,0,1,0,0,0,0,0,12,0,6,6,708:00,88,0,1.000,,,,,,,,,,,,,,,0,1,0,0,0,0,.000,0.00,,,,,
2026-27,mlax,Ohio Athletic Conference (OAC),oac,Heidelberg,Jordan May,Jordan,May,,278,Jordan May,"MAY,JORDAN",MAYJORDANBERG,6,0,,,Heidelberg,BERG,1276-3810,0,0,0,0,0,0,0,0,0,0,0,0,0,0,0,0,0,0,0,0,0,1,7,0,0,0,0,00:00,0,8,1.000,,,,,,,,,,,,,,,0,0,0,0,0,0,.000,0.00,,,,,
2026-27,mlax,Ohio Athletic Conference (OAC),oac,Heidelberg,Will Romell,Will,Romell,,278,Will Romell,"ROMELL,WILL",ROMELLWILLBERG,4,2,,,Heidelberg,BERG,1276-3813,0,0,0,0,0,1,0,0,1,0,0,0,0,0,0,0,0,0,1,0,0,0,0,2,0,6,1,112:00,58,0,1.000,,,,,,,,,,,,,,,6,12,0,4,0,4,.500,1.00,,,,,
2026-27,mlax,Ohio Athletic Conference (OAC),oac,Heidelberg,Sean McGee,Sean,McGee,,278,Sean McGee,"MCGEE,SEAN",MCGEESEANBERG,9,2,,,Heidelberg,BERG,1276-3811,0,0,0,0,0,0,0,0,0,0,0,0,0,0,0,0,0,0,0,0,0,0,0,9,0,5,0,154:00,75,0,1.000,9,212:06,49,56,0,0,2,0,1,0,0,186,13.86,.533,0,0,0,0,0,0,.000,0.00,,,,,
2026-27,mlax,Ohio Athletic Conference (OAC),oac,Heidelberg,Nate Love,Nate,Love,,278,Nate Love,"LOVE,NATE",LOVENATEBERG,10,1,,,Heidelberg,BERG,1276-3809,0,0,0,0,0,0,0,0,0,0,0,0,0,0,0,0,1,0,1,0,0,0,0,14,0,8,4,60:00,0,0,1.000,,,,,,,,,,,,,,,0,0,0,0,0,0,.000,0.00,,,,,
2026-27,mlax,Ohio Athletic Conference (OAC),oac,Marietta,Caden Alkire,Caden,Alkire,,385,Caden Alkire,"ALKIRE,CADEN",ALKIRECADENMAR-M,15,0,,,Marietta,MAR-M,1278-3776,0,0,0,0,0,0,0,0,0,0,0,0,0,0,0,0,0,1,0,0,0,0,0,61,0,20,12,00:00,0,0,1.000,,,,,,,,,,,,,,,0,2,0,2,2,0,.000,0.13,,,,,
2026-27,mlax,Ohio Athletic Conference (OAC),oac,Marietta,Nathan Disori,Nathan,Disori,,385,Nathan Disori,"DISORI,NATHAN",DISORINATHANMAR-M,9,0,,,Marietta,MAR-M,1278-4150,0,0,0,0,0,0,0,0,0,0,0,0,0,0,0,0,0,0,0,0,0,8,11,7,0,3,1,00:00,0,19,1.000,,,,,,,,,,,,,,,1,2,0,0,0,0,.500,0.00,,,,,
2026-27,mlax,Ohio Athletic Conference (OAC),oac,Marietta,Bryce Lotspeich,Bryce,Lotspeich,,385,Bryce Lotspeich,"LOTSPEICH,BRYCE",LOTSPEICHBRYCEMAR-M,15,9,,,Marietta,MAR-M,1278-4155,0,0,0,0,0,0,3,0,0,0,0,0,0,0,0,0,0,1,3,0,0,0,0,37,0,13,9,545:00,20,0,1.000,,,,,,,,,,,,,,,4,5,0,4,1,3,.800,0.27,,,,,
2026-27,mlax,Ohio Athletic Conference (OAC),oac,Marietta,Jeff McKnight,Jeff,McKnight,,385,Jeff McKnight,"MCKNIGHT,JEFF",MCKNIGHTJEFFMAR-M,15,14,,,Marietta,MAR-M,1278-4157,0,0,0,0,1,1,7,0,3,1,0,0,0,0,0,0,0,1,3,0,0,0,0,17,0,23,4,845:00,20,0,1.000,,,,,,,,,,,,,,,43,60,0,31,9,22,.717,2.07,,,,,
2026-27,mlax,Ohio Athletic Conference (OAC),oac,Marietta,Nick Renda,Nick,Renda,,385,Nick Renda,"RENDA,NICK",RENDANICKMAR-M,15,0,,,Marietta,MAR-M,1278-4159,0,0,0,0,0,0,0,0,0,0,0,0,0,0,0,0,0,0,0,0,0,24,31,3,0,0,1,00:00,0,55,1.000,,,,,,,,,,,,,,,3,6,0,1,0,1,.500,0.07,,,,,
2026-27,mlax,Ohio Athletic Conference (OAC),oac,Marietta,Hutch Melind,Hutch,Melind,,385,Hutch Melind,"MELIND,HUTCH",MELINDHUTCHMAR-M,14,1,,,Marietta,MAR-M,1278-4158,0,0,0,0,0,1,3,0,0,2,0,0,0,0,0,0,0,2,0,0,0,0,0,27,0,15,5,60:00,0,0,1.000,,,,,,,,,,,,,,,26,41,0,15,5,10,.634,1.07,,,,,
2026-27,mlax,Ohio Athletic Conference (OAC),oac,Marietta,Nathan Hamilton,Nathan,Hamilton,,385,Nathan Hamilton,"HAMILTON,NATHAN",HAMILTONNATHANMAR-M,15,4,,,Marietta,MAR-M,1278-3777,0,0,0,0,0,0,5,0,0,0,0,0,0,0,0,0,0,0,0,0,0,0,0,17,0,6,2,240:00,0,0,1.000,,,,,,,,,,,,,,,20,37,0,15,4,11,.541,1.00,,,,,
2026-27,mlax,Ohio Athletic Conference (OAC),oac,Marietta,Tommy Imhof,Tommy,Imhof,,385,Tommy Imhof,"IMHOF,TOMMY",IMHOFTOMMYMAR-M,15,15,,,Marietta,MAR-M,1278-3509,0,0,0,0,0,0,6,0,0,1,0,0,0,0,0,0,0,4,3,0,0,0,0,20,0,21,0,905:00,20,0,1.000,,,,,,,,,,,,,,,33,48,0,27,12,15,.688,1.80,,,,,
2026-27,mlax,Ohio Athletic Conference (OAC),oac,Marietta,Alec Anderson,Alec,Anderson,,385,Alec Anderson,"ANDERSON,ALEC",ANDERSONALECMAR-M,15,4,,,Marietta,MAR-M,1278-3961,0,0,0,0,0,0,2,0,0,0,0,0,0,0,0,0,0,0,1,0,0,0,0,14,0,21,3,240:00,0,0,1.000,,,,,,,,,,,,,,,30,46,0,22,15,7,.652,1.47,,,,,
2026-27,mlax,Ohio Athletic Conference (OAC),oac,Marietta,Cal Henthorne,Cal,Henthorne,,385,Cal Henthorne,"HENTHORNE,CAL",HENTHORNECALMAR-M,14,14,,,Marietta,MAR-M,1278-3968,0,0,0,0,0,0,0,0,0,0,0,0,0,0,0,0,0,0,0,0,0,0,0,23,0,10,0,681:00,66,0,1.000,14,652:06,126,109,0,5,7,0,11,1,0,449,11.59,.464,1,5,0,0,0,0,.200,0.00,,,,,
2026-27,mlax,Ohio Athletic Conference (OAC),oac,Marietta,Bret Dickerson,Bret,Dickerson,,385,Bret Dickerson,"DICKERSON,BRET",DICKERSONBRETMAR-M,15,1,,,Marietta,MAR-M,1278-3775,0,0,0,0,0,1,1,0,0,0,0,0,0,0,0,0,1,0,0,0,0,160,133,65,0,15,2,60:00,0,293,1.000,,,,,,,,,,,,,,,4,4,0,3,1,2,1.000,0.20,,,,,
2026-27,mlax,Ohio Athletic Conference (OAC),oac,Marietta,Jacob Grube,Jacob,Grube,,385,Jacob Grube,"GRUBE,JACOB",GRUBEJACOBMAR-M,14,1,,,Marietta,MAR-M,1278-3510,0,0,0,0,0,0,0,0,0,0,0,0,0,0,0,0,0,2,1,0,0,0,0,14,0,6,8,60:00,0,0,1.000,,,,,,,,,,,,,,,0,0,0,0,0,0,.000,0.00,,,,,
2026-27,mlax,Ohio Athletic Conference (OAC),oac,Marietta,Ryan Kenney,Ryan,Kenney,,385,Ryan Kenney,"KENNEY,RYAN",KENNEYRYANMAR-M,15,12,,,Marietta,MAR-M,1278-4154,0,0,0,0,0,2,5,0,1,0,0,0,0,0,0,0,0,0,1,0,0,0,0,14,0,18,1,725:00,20,0,1.000,,,,,,,,,,,,,,,31,63,0,18,7,11,.492,1.20,,,,,
2026-27,mlax,Ohio Athletic Conference (OAC),oac,Marietta,Sam Leininger,Sam,Leininger,,385,Sam Leininger,"LEININGER,SAM",LEININGERSAMMAR-M,15,14,,,Marietta,MAR-M,1278-3774,0,0,0,0,0,2,8,0,0,1,0,0,0,0,0,0,0,2,1,0,0,0,1,17,0,32,2,845:00,20,1,1.000,,,,,,,,,,,,,,,42,82,0,29,10,19,.512,1.93,,,,,
2026-27,mlax,Ohio Athletic Conference (OAC),oac,Marietta,Dominic Cimarolli,Dominic,Cimarolli,,385,Dominic Cimarolli,"CIMAROLLI,DOMINIC",CIMAROLLIDOMINICMAR-M,13,0,,,Marietta,MAR-M,1278-4148,0,0,0,0,0,0,1,0,0,0,0,0,0,0,0,0,0,0,1,0,0,0,0,6,0,10,1,00:00,0,0,1.000,,,,,,,,,,,,,,,13,18,0,4,0,4,.722,0.31,,,,,
2026-27,mlax,Ohio Athletic Conference (OAC),oac,Marietta,Jack Kelly,Jack,Kelly,,385,Jack Kelly,"KELLY,JACK",KELLYJACKMAR-M,8,1,,,Marietta,MAR-M,1278-4153,0,0,0,0,0,0,0,0,0,0,0,0,0,0,0,0,0,0,0,0,0,0,0,10,0,9,0,223:00,14,0,1.000,7,253:14,59,39,0,2,2,0,2,0,0,157,13.98,.398,0,0,0,0,0,0,.000,0.00,,,,,
2026-27,mlax,Ohio Athletic Conference (OAC),oac,Marietta,Will Fuesting,Will,Fuesting,,385,Will Fuesting,"FUESTING,WILL",FUESTINGWILLMAR-M,2,0,,,Marietta,MAR-M,1278-4152,0,0,0,0,0,0,0,0,0,0,0,0,0,0,0,0,0,0,0,0,0,0,0,1,0,0,0,00:00,0,0,1.000,,,,,,,,,,,,,,,0,0,0,0,0,0,.000,0.00,,,,,
2026-27,mlax,Ohio Athletic Conference (OAC),oac,Marietta,Conner Alsing,Conner,Alsing,,385,Conner Alsing,"ALSING,CONNER",ALSINGCONNERMAR-M,13,0,,,Marietta,MAR-M,1278-3960,0,0,0,0,0,0,0,0,0,0,0,0,0,0,0,0,0,4,3,0,0,0,0,5,0,3,5,00:00,0,0,1.000,,,,,,,,,,,,,,,0,0,0,0,0,0,.000,0.00,,,,,
2026-27,mlax,Ohio Athletic Conference (OAC),oac,Marietta,Donovan Masters,Donovan,Masters,,385,Donovan Masters,"MASTERS,DONOVAN",MASTERSDONOVANMAR-M,10,0,,,Marietta,MAR-M,1278-4156,0,0,0,0,0,0,4,1,0,1,0,0,0,0,0,0,0,0,0,0,0,0,0,5,0,9,0,00:00,0,0,1.000,,,,,,,,,,,,,,,11,21,0,12,4,8,.524,1.20,,,,,
2026-27,mlax,Ohio Athletic Conference (OAC),oac,Marietta,Thomas Zerman,Thomas,Zerman,,385,Thomas Zerman,"ZERMAN,THOMAS",ZERMANTHOMASMAR-M,15,12,,,Marietta,MAR-M,1278-3511,0,0,0,0,0,0,1,0,0,0,0,0,0,0,0,0,0,0,0,0,0,1,0,8,0,5,1,725:00,20,1,1.000,,,,,,,,,,,,,,,11,23,0,6,0,6,.478,0.40,,,,,
2026-27,mlax,Ohio Athletic Conference (OAC),oac,Marietta,Aiden Lundgren,Aiden,Lundgren,,385,Aiden Lundgren,"LUNDGREN,AIDEN",LUNDGRENAIDENMAR-M,14,0,,,Marietta,MAR-M,1278-3963,0,0,0,0,0,0,0,0,0,0,0,0,0,0,0,0,0,0,1,0,0,0,0,2,0,6,3,00:00,0,0,1.000,,,,,,,,,,,,,,,0,0,0,0,0,0,.000,0.00,,,,,
2026-27,mlax,Ohio Athletic Conference (OAC),oac,Marietta,Cannon Fox,Cannon,Fox,,385,Cannon Fox,"FOX,CANNON",FOXCANNONMAR-M,15,12,,,Marietta,MAR-M,1278-4161,0,0,0,0,0,0,3,0,0,0,0,0,0,0,0,0,0,5,2,0,0,0,0,26,0,23,2,725:00,20,0,1.000,,,,,,,,,,,,,,,21,41,0,20,12,8,.512,1.33,,,,,
2026-27,mlax,Ohio Athletic Conference (OAC),oac,Marietta,Josh Zeyn,Josh,Zeyn,,385,Josh Zeyn,"ZEYN,JOSH",ZEYNJOSHMAR-M,4,0,,,Marietta,MAR-M,1278-4160,0,0,0,0,0,0,0,0,0,0,0,0,0,0,0,0,0,1,0,0,0,0,0,3,0,1,0,00:00,0,0,1.000,,,,,,,,,,,,,,,0,0,0,0,0,0,.000,0.00,,,,,
2026-27,mlax,Ohio Athletic Conference (OAC),oac,Marietta,Caleb Moore,Caleb,Moore,,385,Caleb Moore,"MOORE,CALEB",MOORECALEBMAR-M,13,0,,,Marietta,MAR-M,1278-4143,0,0,0,0,0,0,0,0,0,0,0,0,0,0,0,0,0,1,0,0,0,0,0,0,0,3,1,00:00,0,0,1.000,,,,,,,,,,,,,,,0,0,0,0,0,0,.000,0.00,,,,,
2026-27,mlax,Ohio Athletic Conference (OAC),oac,Marietta,Xzandre Flohr,Xzandre,Flohr,,385,Xzandre Flohr,"FLOHR,XZANDRE",FLOHRXZANDREMAR-M,12,0,,,Marietta,MAR-M,1278-4151,0,0,0,0,0,0,0,0,0,0,0,0,0,0,0,0,0,3,1,0,0,0,0,9,0,3,0,00:00,0,0,1.000,,,,,,,,,,,,,,,0,0,0,0,0,0,.000,0.00,,,,,
2026-27,mlax,Ohio Athletic Conference (OAC),oac,Marietta,Barrett Lindell,Barrett,Lindell,,385,Barrett Lindell,"LINDELL,BARRETT",LINDELLBARRETTMAR-M,14,14,,,Marietta,MAR-M,1278-3512,0,0,0,0,0,0,0,0,0,0,0,0,0,0,0,0,0,2,2,0,0,0,0,42,0,22,19,845:00,20,0,1.000,,,,,,,,,,,,,,,2,3,0,0,0,0,.667,0.00,,,,,
2026-27,mlax,Ohio Athletic Conference (OAC),oac,Marietta,Alan Schwab,Alan,Schwab,,385,Alan Schwab,"SCHWAB,ALAN",SCHWABALANMAR-M,15,15,,,Marietta,MAR-M,1278-3513,0,0,0,0,0,0,0,0,0,0,0,0,0,0,0,0,0,1,0,0,0,0,0,15,0,3,4,905:00,20,0,1.000,,,,,,,,,,,,,,,0,0,0,0,0,0,.000,0.00,,,,,
2026-27,mlax,Ohio Athletic Conference (OAC),oac,Marietta,Garrett Schweiner,Garrett,Schweiner,,385,Garrett Schweiner,"SCHWEINER,GARRETT",SCHWEINERGARRETTMAR-M,12,7,,,Marietta,MAR-M,1278-3966,0,0,0,0,0,0,0,0,0,0,0,0,0,0,0,0,1,2,0,0,0,0,0,8,0,12,4,420:00,0,0,1.000,,,,,,,,,,,,,,,1,2,0,0,0,0,.500,0.00,,,,,
2026-27,mlax,Ohio Athletic Conference (OAC),oac,Marietta,Danner Dorothy,Danner,Dorothy,,385,Danner Dorothy,"DOROTHY,DANNER",DOROTHYDANNERMAR-M,11,0,,,Marietta,MAR-M,1278-3962,0,0,0,0,0,0,1,0,3,0,0,0,0,0,0,0,0,0,0,0,0,0,0,3,0,3,0,00:00,0,0,1.000,,,,,,,,,,,,,,,11,15,0,7,1,6,.733,0.64,,,,,
2026-27,mlax,Ohio Athletic Conference (OAC),oac,Mount Union,"Entner, William",William,Entner,,452,"Entner, William","ENTNER,WILLIAM",ENTNERWILLIAMUMU,9,5,,,Mount Union,UMU,1279-5042,0,0,0,0,0,0,0,0,0,0,0,0,0,0,0,0,0,0,0,0,0,0,0,9,0,6,0,290:00,34,0,1.000,9,396:12,88,84,0,3,3,0,2,0,0,310,13.33,.488,0,0,0,0,0,0,.000,0.00,,,,,
2026-27,mlax,Ohio Athletic Conference (OAC),oac,Mount Union,"Feigel, Alec",Alec,Feigel,,452,"Feigel, Alec","FEIGEL,ALEC",FEIGELALECUMU,17,16,,,Mount Union,UMU,1279-5044,0,0,0,0,0,3,13,0,9,0,0,0,0,0,0,0,0,2,3,0,0,0,0,15,0,22,3,949:00,46,0,1.000,,,,,,,,,,,,,,,45,87,0,34,7,27,.517,2.00,,,,,
2026-27,mlax,Ohio Athletic Conference (OAC),oac,Mount Union,"Shields, Liam",Liam,Shields,,452,"Shields, Liam","SHIELDS,LIAM",SHIELDSLIAMUMU,14,0,,,Mount Union,UMU,1279-5059,0,0,0,0,0,0,1,0,0,0,0,0,0,0,0,0,0,1,1,0,0,0,0,11,0,2,4,00:00,0,0,1.000,,,,,,,,,,,,,,,2,4,0,2,1,1,.500,0.14,,,,,
2026-27,mlax,Ohio Athletic Conference (OAC),oac,Mount Union,"Morris, Hunter",Hunter,Morris,,452,"Morris, Hunter","MORRIS,HUNTER",MORRISHUNTERUMU,4,0,,,Mount Union,UMU,1279-5054,0,0,0,0,0,0,0,0,0,0,0,0,0,0,0,0,0,0,0,0,0,0,0,1,0,2,2,00:00,0,0,1.000,,,,,,,,,,,,,,,0,0,0,0,0,0,.000,0.00,,,,,
2026-27,mlax,Ohio Athletic Conference (OAC),oac,Mount Union,"Loughrie, Gavin",Gavin,Loughrie,,452,"Loughrie, Gavin","LOUGHRIE,GAVIN",LOUGHRIEGAVINUMU,16,0,,,Mount Union,UMU,1279-5447,0,0,0,0,0,0,0,0,0,0,0,0,0,0,0,0,0,1,2,0,0,0,0,19,0,8,8,00:00,0,0,1.000,,,,,,,,,,,,,,,2,2,0,3,3,0,1.000,0.19,,,,,
2026-27,mlax,Ohio Athletic Conference (OAC),oac,Mount Union,"Logsdon, Spencer",Spencer,Logsdon,,452,"Logsdon, Spencer","LOGSDON,SPENCER",LOGSDONSPENCERUMU,17,17,,,Mount Union,UMU,1279-5050,0,0,0,0,0,0,8,0,0,5,0,0,0,0,0,0,0,2,2,0,0,0,0,34,0,29,9,1009:00,46,0,1.000,,,,,,,,,,,,,,,41,74,0,43,21,22,.554,2.53,,,,,
2026-27,mlax,Ohio Athletic Conference (OAC),oac,Mount Union,"Lulow, Dylan",Dylan,Lulow,,452,"Lulow, Dylan","LULOW,DYLAN",LULOWDYLANUMU,17,0,,,Mount Union,UMU,1279-5442,0,0,0,0,0,0,0,0,0,0,0,0,0,0,0,0,0,0,0,0,0,0,0,36,0,9,5,00:00,0,0,1.000,,,,,,,,,,,,,,,8,10,0,6,2,4,.800,0.35,,,,,
2026-27,mlax,Ohio Athletic Conference (OAC),oac,Mount Union,"Pasco, Josh",Josh,Pasco,,452,"Pasco, Josh","PASCO,JOSH",PASCOJOSHUMU,16,0,,,Mount Union,UMU,1279-5056,0,0,0,0,0,1,1,0,0,0,0,0,0,0,0,0,0,1,0,0,0,1,0,5,0,6,2,00:00,0,1,1.000,,,,,,,,,,,,,,,13,24,0,10,5,5,.542,0.63,,,,,
2026-27,mlax,Ohio Athletic Conference (OAC),oac,Mount Union,"Tichy, Braydon",Braydon,Tichy,,452,"Tichy, Braydon","TICHY,BRAYDON",TICHYBRAYDONUMU,12,0,,,Mount Union,UMU,1279-5438,0,0,0,0,0,0,0,0,0,0,0,0,0,0,0,0,0,0,0,0,0,0,0,8,0,5,1,00:00,0,0,1.000,,,,,,,,,,,,,,,1,1,0,1,1,0,1.000,0.08,,,,,
2026-27,mlax,Ohio Athletic Conference (OAC),oac,Mount Union,"Osmun, Talon",Talon,Osmun,,452,"Osmun, Talon","OSMUN,TALON",OSMUNTALONUMU,13,13,,,Mount Union,UMU,1279-5437,0,0,0,0,0,3,18,0,4,1,0,0,0,0,0,0,0,1,5,0,0,0,0,16,0,25,4,769:00,46,0,1.000,,,,,,,,,,,,,,,74,111,0,62,18,44,.667,4.77,,,,,
2026-27,mlax,Ohio Athletic Conference (OAC),oac,Mount Union,"Marszalek, Vinny",Vinny,Marszalek,,452,"Marszalek, Vinny","MARSZALEK,VINNY",MARSZALEKVINNYUMU,17,1,,,Mount Union,UMU,1279-5051,0,0,0,0,0,0,3,0,0,0,0,0,0,0,0,0,0,1,0,0,0,0,1,10,0,14,4,60:00,0,1,1.000,,,,,,,,,,,,,,,11,28,0,6,1,5,.393,0.35,,,,,
2026-27,mlax,Ohio Athletic Conference (OAC),oac,Mount Union,"Schenk, Henry",Henry,Schenk,,452,"Schenk, Henry","SCHENK,HENRY",SCHENKHENRYUMU,8,0,,,Mount Union,UMU,1279-5439,0,0,0,0,0,0,0,0,0,0,0,0,0,0,0,0,0,0,0,0,0,0,0,0,0,0,0,00:00,0,0,1.000,,,,,,,,,,,,,,,2,7,0,3,2,1,.286,0.38,,,,,
2026-27,mlax,Ohio Athletic Conference (OAC),oac,Mount Union,"Kraus, Aiden",Aiden,Kraus,,452,"Kraus, Aiden","KRAUS,AIDEN",KRAUSAIDENUMU,17,15,,,Mount Union,UMU,1279-5441,0,0,0,0,0,0,0,0,0,0,0,0,0,0,0,0,0,3,1,0,0,1,4,11,0,15,8,889:00,46,5,1.000,,,,,,,,,,,,,,,0,0,0,0,0,0,.000,0.00,,,,,
2026-27,mlax,Ohio Athletic Conference (OAC),oac,Mount Union,"Li, Braylon",Braylon,Li,,452,"Li, Braylon","LI,BRAYLON",LIBRAYLONUMU,16,16,,,Mount Union,UMU,1279-5049,0,0,0,0,0,0,11,0,3,2,0,0,0,0,0,0,0,1,1,0,0,0,0,4,0,13,1,949:00,46,0,1.000,,,,,,,,,,,,,,,36,75,0,23,5,18,.480,1.44,,,,,
2026-27,mlax,Ohio Athletic Conference (OAC),oac,Mount Union,"Howrylak, Nicholas",Nicholas,Howrylak,,452,"Howrylak, Nicholas","HOWRYLAK,NICHOLAS",HOWRYLAKNICHOLASUMU,10,0,,,Mount Union,UMU,1279-5445,0,0,0,0,0,0,0,0,0,0,0,0,0,0,0,0,0,1,0,0,0,0,0,7,0,1,4,00:00,0,0,1.000,,,,,,,,,,,,,,,1,1,0,2,1,1,1.000,0.20,,,,,
2026-27,mlax,Ohio Athletic Conference (OAC),oac,Mount Union,"Rondeau, Dylan",Dylan,Rondeau,,452,"Rondeau, Dylan","RONDEAU,DYLAN",RONDEAUDYLANUMU,13,11,,,Mount Union,UMU,1279-5444,0,0,0,0,0,0,0,0,0,0,0,0,0,0,0,0,0,0,0,0,0,0,1,14,0,5,0,613:00,55,1,1.000,12,540:40,109,99,0,6,5,0,7,0,0,357,12.10,.476,0,0,0,0,0,0,.000,0.00,,,,,
2026-27,mlax,Ohio Athletic Conference (OAC),oac,Mount Union,"Kovinchick, Brendon",Brendon,Kovinchick,,452,"Kovinchick, Brendon","KOVINCHICK,BRENDON",KOVINCHICKBRENDONUMU,3,1,,,Mount Union,UMU,1279-4675,0,0,0,0,0,0,0,0,0,0,0,0,0,0,0,0,0,1,0,0,0,0,0,1,0,1,3,60:00,0,0,1.000,,,,,,,,,,,,,,,0,1,0,0,0,0,.000,0.00,,,,,
2026-27,mlax,Ohio Athletic Conference (OAC),oac,Mount Union,"Hanson, Sean",Sean,Hanson,,452,"Hanson, Sean","HANSON,SEAN",HANSONSEANUMU,17,1,,,Mount Union,UMU,1279-4673,0,0,0,0,0,0,0,0,0,0,0,0,0,0,0,0,0,0,1,0,0,3,3,45,0,10,8,60:00,0,6,1.000,,,,,,,,,,,,,,,4,6,0,1,0,1,.667,0.06,,,,,
2026-27,mlax,Ohio Athletic Conference (OAC),oac,Mount Union,"Miller, Jack",Jack,Miller,,452,"Miller, Jack","MILLER,JACK",MILLERJACKUMU,1,0,,,Mount Union,UMU,1279-5446,0,0,0,0,0,0,0,0,0,0,0,0,0,0,0,0,0,0,0,0,0,0,0,0,0,0,0,0,0,0,1.000,,,,,,,,,,,,,,,0,0,0,0,0,0,.000,0.00,,,,,
2026-27,mlax,Ohio Athletic Conference (OAC),oac,Mount Union,"Mays, Aiden",Aiden,Mays,,452,"Mays, Aiden","MAYS,AIDEN",MAYSAIDENUMU,16,6,,,Mount Union,UMU,1279-5052,0,0,0,0,0,0,4,0,0,0,0,0,0,0,0,0,0,1,0,0,0,0,0,3,0,14,2,360:00,0,0,1.000,,,,,,,,,,,,,,,14,21,0,8,2,6,.667,0.50,,,,,
2026-27,mlax,Ohio Athletic Conference (OAC),oac,Mount Union,"Lopatka, Nikolai",Nikolai,Lopatka,,452,"Lopatka, Nikolai","LOPATKA,NIKOLAI",LOPATKANIKOLAIUMU,16,0,,,Mount Union,UMU,1279-5443,0,0,0,0,0,0,1,0,0,0,0,0,0,0,0,0,0,0,0,0,0,83,78,35,0,2,0,00:00,0,161,1.000,,,,,,,,,,,,,,,2,2,0,3,1,2,1.000,0.19,,,,,
2026-27,mlax,Ohio Athletic Conference (OAC),oac,Mount Union,"Siford, Todd",Todd,Siford,,452,"Siford, Todd","SIFORD,TODD",SIFORDTODDUMU,6,0,,,Mount Union,UMU,1279-5060,0,0,0,0,0,0,1,0,1,0,0,0,0,0,0,0,0,0,1,0,0,0,0,2,0,4,0,00:00,0,0,1.000,,,,,,,,,,,,,,,5,10,0,7,4,3,.500,1.17,,,,,
2026-27,mlax,Ohio Athletic Conference (OAC),oac,Mount Union,"Grigson, Noah",Noah,Grigson,,452,"Grigson, Noah","GRIGSON,NOAH",GRIGSONNOAHUMU,16,1,,,Mount Union,UMU,1279-4672,0,0,0,0,0,1,7,0,0,1,0,0,0,0,0,0,0,1,1,0,0,0,0,17,0,12,5,60:00,0,0,1.000,,,,,,,,,,,,,,,25,39,0,15,6,9,.641,0.94,,,,,
2026-27,mlax,Ohio Athletic Conference (OAC),oac,Mount Union,"Bulvin, Evan",Evan,Bulvin,,452,"Bulvin, Evan","BULVIN,EVAN",BULVINEVANUMU,17,17,,,Mount Union,UMU,1279-5039,0,0,0,0,0,0,0,0,0,0,0,0,0,0,0,0,0,1,1,0,0,0,0,19,0,9,11,1009:00,46,0,1.000,,,,,,,,,,,,,,,1,1,0,0,0,0,1.000,0.00,,,,,
2026-27,mlax,Ohio Athletic Conference (OAC),oac,Mount Union,"Sundown, Sly",Sly,Sundown,,452,"Sundown, Sly","SUNDOWN,SLY",SUNDOWNSLYUMU,17,17,,,Mount Union,UMU,1279-5061,0,0,0,0,0,2,11,0,6,0,0,0,0,0,0,0,0,4,1,0,0,0,0,21,0,32,8,1009:00,46,0,1.000,,,,,,,,,,,,,,,56,89,0,64,26,38,.629,3.76,,,,,
2026-27,mlax,Ohio Athletic Conference (OAC),oac,Mount Union,"Green, AJ",AJ,Green,,452,"Green, AJ","GREEN,AJ",GREENAJUMU,16,7,,,Mount Union,UMU,1279-5046,0,0,0,0,0,0,0,0,0,0,0,0,0,1,0,0,0,2,2,0,0,0,0,15,0,8,9,410:00,34,0,1.000,,,,,,,,,,,,,,,0,1,0,0,0,0,.000,0.00,,,,,
2026-27,mlax,Ohio Athletic Conference (OAC),oac,Mount Union,"Possler, Gary",Gary,Possler,,452,"Possler, Gary","POSSLER,GARY",POSSLERGARYUMU,17,0,,,Mount Union,UMU,1279-5892,0,0,0,0,0,0,1,0,0,0,0,0,0,0,0,0,0,2,5,0,0,0,0,26,0,9,6,00:00,0,0,1.000,,,,,,,,,,,,,,,5,10,0,4,2,2,.500,0.24,,,,,
2026-27,mlax,Ohio Athletic Conference (OAC),oac,Mount Union,"Klan, Ethan",Ethan,Klan,,452,"Klan, Ethan","KLAN,ETHAN",KLANETHANUMU,11,0,,,Mount Union,UMU,1279-5900,0,0,0,0,0,0,0,0,0,0,0,0,0,0,0,0,0,0,0,0,0,0,0,12,0,3,2,00:00,0,0,1.000,,,,,,,,,,,,,,,1,1,0,0,0,0,1.000,0.00,,,,,
2026-27,mlax,Ohio Athletic Conference (OAC),oac,Mount Union,"Wooldridge, Jake",Jake,Wooldridge,,452,"Wooldridge, Jake","WOOLDRIDGE,JAKE",WOOLDRIDGEJAKEUMU,16,11,,,Mount Union,UMU,1279-5893,0,0,0,0,0,0,1,0,0,0,0,0,0,0,0,0,0,2,2,0,0,0,1,18,0,8,16,659:00,12,1,1.000,,,,,,,,,,,,,,,1,1,0,1,0,1,1.000,0.06,,,,,
2026-27,mlax,Ohio Athletic Conference (OAC),oac,Mount Union,"Vasilko, AJ",AJ,Vasilko,,452,"Vasilko, AJ","VASILKO,AJ",VASILKOAJUMU,17,10,,,Mount Union,UMU,1279-5894,0,0,0,0,0,0,5,0,0,0,0,0,0,0,0,0,0,0,0,0,0,0,0,14,0,18,3,589:00,46,0,1.000,,,,,,,,,,,,,,,18,44,0,21,12,9,.409,1.24,,,,,
2026-27,mlax,Ohio Athletic Conference (OAC),oac,Mount Union,"Discenza, Mason",Mason,Discenza,,452,"Discenza, Mason","DISCENZA,MASON",DISCENZAMASONUMU,13,0,,,Mount Union,UMU,1279-5895,0,0,0,0,0,0,0,0,2,0,0,0,0,0,0,0,0,0,0,0,0,0,0,5,0,5,1,00:00,0,0,1.000,,,,,,,,,,,,,,,15,36,0,8,4,4,.417,0.62,,,,,
2026-27,mlax,Ohio Athletic Conference (OAC),oac,Mount Union,"Macrides, Nico",Nico,Macrides,,452,"Macrides, Nico","MACRIDES,NICO",MACRIDESNICOUMU,9,0,,,Mount Union,UMU,1279-5896,0,0,0,0,0,0,0,0,0,0,0,0,0,0,0,0,0,0,0,0,0,0,0,2,0,2,0,44:00,77,0,1.000,9,72:54,13,13,0,0,0,0,2,1,0,40,10.70,.500,0,0,0,0,0,0,.000,0.00,,,,,
2026-27,mlax,Ohio Athletic Conference (OAC),oac,Mount Union,"Gamble, Aiden",Aiden,Gamble,,452,"Gamble, Aiden","GAMBLE,AIDEN",GAMBLEAIDENUMU,1,0,,,Mount Union,UMU,1279-5897,0,0,0,0,0,0,0,0,0,0,0,0,0,0,0,0,0,0,0,0,0,0,0,0,0,0,1,0,0,0,1.000,,,,,,,,,,,,,,,0,0,0,0,0,0,.000,0.00,,,,,
2026-27,mlax,Ohio Athletic Conference (OAC),oac,Mount Union,"Novak, Nate",Nate,Novak,,452,"Novak, Nate","NOVAK,NATE",NOVAKNATEUMU,7,0,,,Mount Union,UMU,1279-5898,0,0,0,0,0,0,0,0,0,0,0,0,0,0,0,0,0,1,0,0,0,0,0,3,0,1,1,00:00,0,0,1.000,,,,,,,,,,,,,,,2,2,0,0,0,0,1.000,0.00,,,,,
2026-27,mlax,Ohio Athletic Conference (OAC),oac,Mount Union,"Armstrong, Layne",Layne,Armstrong,,452,"Armstrong, Layne","ARMSTRONG,LAYNE",ARMSTRONGLAYNEUMU,4,0,,,Mount Union,UMU,1279-5899,0,0,0,0,0,0,0,0,0,0,0,0,0,0,0,0,0,0,0,0,0,1,5,1,0,0,0,00:00,0,6,1.000,,,,,,,,,,,,,,,0,0,0,0,0,0,.000,0.00,,,,,
2026-27,mlax,Ohio Athletic Conference (OAC),oac,Mount Union,"Mitchell, Brayden",Brayden,Mitchell,,452,"Mitchell, Brayden","MITCHELL,BRAYDEN",MITCHELLBRAYDENUMU,4,0,,,Mount Union,UMU,1279-5901,0,0,0,0,0,0,0,0,0,0,0,0,0,0,0,0,0,1,0,0,0,0,0,2,0,0,0,00:00,0,0,1.000,,,,,,,,,,,,,,,0,0,0,0,0,0,.000,0.00,,,,,
2026-27,mlax,Ohio Athletic Conference (OAC),oac,Mount Union,"Cramer, Ryan",Ryan,Cramer,,452,"Cramer, Ryan","CRAMER,RYAN",CRAMERRYANUMU,4,0,,,Mount Union,UMU,1279-5902,0,0,0,0,0,0,0,0,0,0,0,0,0,0,0,0,0,0,0,0,0,0,0,1,0,3,0,00:00,0,0,1.000,,,,,,,,,,,,,,,0,2,0,0,0,0,.000,0.00,,,,,
2026-27,mlax,Ohio Athletic Conference (OAC),oac,Mount Union,"Nagle, Conlan",Conlan,Nagle,,452,"Nagle, Conlan","NAGLE,CONLAN",NAGLECONLANUMU,4,0,,,Mount Union,UMU,1279-5903,0,0,0,0,0,0,0,0,0,0,0,0,0,0,0,0,0,0,0,0,0,0,0,2,0,0,1,00:00,0,0,1.000,,,,,,,,,,,,,,,0,0,0,0,0,0,.000,0.00,,,,,
2026-27,mlax,Ohio Athletic Conference (OAC),oac,Mount Union,"Rex, Evan",Evan,Rex,,452,"Rex, Evan","REX,EVAN",REXEVANUMU,3,0,,,Mount Union,UMU,1279-5904,0,0,0,0,0,0,0,0,0,0,0,0,0,0,0,0,0,0,1,0,0,0,0,1,0,0,1,00:00,0,0,1.000,,,,,,,,,,,,,,,0,0,0,0,0,0,.000,0.00,,,,,
2026-27,mlax,Ohio Athletic Conference (OAC),oac,Mount Union,"Kostrzewa, Connor",Connor,Kostrzewa,,452,"Kostrzewa, Connor","KOSTRZEWA,CONNOR",KOSTRZEWACONNORUMU,5,0,,,Mount Union,UMU,1279-5905,0,0,0,0,0,0,0,0,0,0,0,0,0,0,0,0,0,0,1,0,0,0,0,2,0,0,1,00:00,0,0,1.000,,,,,,,,,,,,,,,1,1,0,0,0,0,1.000,0.00,,,,,
2026-27,mlax,Ohio Athletic Conference (OAC),oac,Mount Union,"Douglas, Riley",Riley,Douglas,,452,"Douglas, Riley","DOUGLAS,RILEY",DOUGLASRILEYUMU,17,0,,,Mount Union,UMU,1279-5906,0,0,0,0,0,0,0,0,0,0,0,0,0,0,0,0,0,0,0,0,0,164,139,88,0,5,1,00:00,0,303,1.000,,,,,,,,,,,,,,,3,4,0,0,0,0,.750,0.00,,,,,
2026-27,mlax,Ohio Athletic Conference (OAC),oac,Mount Union,"Rowe, Shane",Shane,Rowe,,452,"Rowe, Shane","ROWE,SHANE",ROWESHANEUMU,4,0,,,Mount Union,UMU,1279-5907,0,0,0,0,0,0,0,0,0,0,0,0,0,0,0,0,1,0,0,0,0,0,0,2,0,0,0,00:00,0,0,1.000,,,,,,,,,,,,,,,0,0,0,0,0,0,.000,0.00,,,,,
2026-27,mlax,Ohio Athletic Conference (OAC),oac,Mount Union,"Dean, Noah",Noah,Dean,,452,"Dean, Noah","DEAN,NOAH",DEANNOAHUMU,3,0,,,Mount Union,UMU,1279-5908,0,0,0,0,0,0,1,0,0,0,0,0,0,0,0,0,0,0,0,0,0,0,0,2,0,0,2,00:00,0,0,1.000,,,,,,,,,,,,,,,4,5,0,2,0,2,.800,0.67,,,,,
2026-27,mlax,Ohio Athletic Conference (OAC),oac,Mount Union,"Bogash, Henry",Henry,Bogash,,452,"Bogash, Henry","BOGASH,HENRY",BOGASHHENRYUMU,9,0,,,Mount Union,UMU,1279-5909,0,0,0,0,0,0,2,0,0,0,0,0,0,0,0,0,0,0,0,0,0,0,0,6,0,3,3,00:00,0,0,1.000,,,,,,,,,,,,,,,7,8,0,6,2,4,.875,0.67,,,,,
2026-27,mlax,Ohio Athletic Conference (OAC),oac,Mount Union,"Hanna, Clay",Clay,Hanna,,452,"Hanna, Clay","HANNA,CLAY",HANNACLAYUMU,8,0,,,Mount Union,UMU,1279-5910,0,0,0,0,0,0,0,0,0,0,0,0,0,0,0,0,0,0,0,0,0,0,0,4,0,1,1,00:00,0,0,1.000,,,,,,,,,,,,,,,0,0,0,1,1,0,.000,0.13,,,,,
2026-27,mlax,Ohio Athletic Conference (OAC),oac,Mount Union,"Farrier, Makhi",Makhi,Farrier,,452,"Farrier, Makhi","FARRIER,MAKHI",FARRIERMAKHIUMU,3,0,,,Mount Union,UMU,1279-5911,0,0,0,0,0,0,1,0,0,0,0,0,0,0,0,0,0,0,0,0,0,0,0,1,0,1,0,00:00,0,0,1.000,,,,,,,,,,,,,,,2,3,0,2,1,1,.667,0.67,,,,,
2026-27,mlax,Ohio Athletic Conference (OAC),oac,Mount Union,"Cnossen, Case",Case,Cnossen,,452,"Cnossen, Case","CNOSSEN,CASE",CNOSSENCASEUMU,12,0,,,Mount Union,UMU,1279-5912,0,0,0,0,0,0,0,0,0,0,0,0,0,0,0,0,0,0,1,0,0,0,0,4,0,2,6,00:00,0,0,1.000,,,,,,,,,,,,,,,0,0,0,0,0,0,.000,0.00,,,,,
2026-27,mlax,Ohio Athletic Conference (OAC),oac,Mount Union,"Ground, Ethan",Ethan,Ground,,452,"Ground, Ethan","GROUND,ETHAN",GROUNDETHANUMU,4,0,,,Mount Union,UMU,1279-5913,0,0,0,0,0,0,0,0,0,0,0,0,0,0,0,0,0,1,0,0,0,0,0,1,0,3,0,00:00,0,0,1.000,,,,,,,,,,,,,,,1,4,0,0,0,0,.250,0.00,,,,,
2026-27,mlax,Ohio Athletic Conference (OAC),oac,Mount Union,"Ground, Elden",Elden,Ground,,452,"Ground, Elden","GROUND,ELDEN",GROUNDELDENUMU,3,0,,,Mount Union,UMU,0,0,0,0,0,0,0,0,0,1,0,0,0,0,0,0,0,0,0,0,0,0,0,0,0,0,2,0,00:00,0,0,1.000,,,,,,,,,,,,,,,3,4,0,2,0,2,.750,0.67,,,,,
2026-27,mlax,Ohio Athletic Conference (OAC),oac,Mount Union,Talen Osmun,Talen,Osmun,,452,Talen Osmun,"OSMUN,TALEN",OSMUNTALENUMU,3,3,,,Mount Union,UMU,0,0,0,0,0,0,0,1,0,0,0,0,0,0,0,0,0,0,0,2,0,0,0,0,3,0,2,0,180:00,0,0,1.000,,,,,,,,,,,,,,,8,11,0,5,1,4,.727,1.67,,,,,
2026-27,mlax,Ohio Athletic Conference (OAC),oac,Mount Union,Conlan Naggle,Conlan,Naggle,,452,Conlan Naggle,"NAGGLE,CONLAN",NAGGLECONLANUMU,0,0,,,Mount Union,UMU,0,,,,,,,,,,,,,,,,,,,,,,,,,,,,,,,,,,,,,,,,,,,,,,,,,,,,,0,,,,,
2026-27,mlax,Ohio Athletic Conference (OAC),oac,Muskingum,"Hartman, Jakob",Jakob,Hartman,,455,"Hartman, Jakob","HARTMAN,JAKOB",HARTMANJAKOBMSKM,5,0,,,Muskingum,MSKM,0,0,0,0,0,0,0,0,0,0,0,0,0,0,0,0,0,0,0,1,0,0,0,0,0,0,2,0,00:00,0,0,1.000,,,,,,,,,,,,,,,0,0,0,0,0,0,.000,0.00,,,,,
2026-27,mlax,Ohio Athletic Conference (OAC),oac,Muskingum,"Bolen, Sam",Sam,Bolen,,455,"Bolen, Sam","BOLEN,SAM",BOLENSAMMSKM,14,0,,,Muskingum,MSKM,0,0,0,0,0,0,0,0,0,0,0,0,0,0,0,0,0,1,0,0,0,0,0,0,11,0,8,3,00:00,0,0,1.000,,,,,,,,,,,,,,,0,0,0,1,1,0,.000,0.07,,,,,
2026-27,mlax,Ohio Athletic Conference (OAC),oac,Muskingum,"Risinger, Cooper",Cooper,Risinger,,455,"Risinger, Cooper","RISINGER,COOPER",RISINGERCOOPERMSKM,17,10,,,Muskingum,MSKM,0,0,0,0,0,0,0,1,0,0,0,0,0,0,0,0,0,0,5,3,0,0,4,14,38,0,14,8,585:00,50,18,1.000,,,,,,,,,,,,,,,3,5,0,3,1,2,.600,0.18,,,,,
2026-27,mlax,Ohio Athletic Conference (OAC),oac,Muskingum,"Smathers, Severino",Severino,Smathers,,455,"Smathers, Severino","SMATHERS,SEVERINO",SMATHERSSEVERINOMSKM,5,0,,,Muskingum,MSKM,0,0,0,0,0,0,0,1,0,0,0,0,0,0,0,0,0,0,0,0,0,0,0,0,2,0,2,0,00:00,0,0,1.000,,,,,,,,,,,,,,,5,6,0,1,0,1,.833,0.20,,,,,
2026-27,mlax,Ohio Athletic Conference (OAC),oac,Muskingum,"Swift, William",William,Swift,,455,"Swift, William","SWIFT,WILLIAM",SWIFTWILLIAMMSKM,17,17,,,Muskingum,MSKM,0,0,0,0,0,0,1,7,0,3,0,0,0,0,0,0,0,0,1,1,0,0,0,0,20,0,21,5,1005:00,50,0,1.000,,,,,,,,,,,,,,,49,93,0,28,10,18,.527,1.65,,,,,
2026-27,mlax,Ohio Athletic Conference (OAC),oac,Muskingum,"Manning, Liam",Liam,Manning,,455,"Manning, Liam","MANNING,LIAM",MANNINGLIAMMSKM,17,10,,,Muskingum,MSKM,0,0,0,0,0,0,0,0,0,0,0,0,0,0,0,0,0,0,2,3,0,0,0,0,23,0,7,9,595:00,16,0,1.000,,,,,,,,,,,,,,,1,2,0,0,0,0,.500,0.00,,,,,
2026-27,mlax,Ohio Athletic Conference (OAC),oac,Muskingum,"Krusinski, James",James,Krusinski,,455,"Krusinski, James","KRUSINSKI,JAMES",KRUSINSKIJAMESMSKM,14,10,,,Muskingum,MSKM,0,0,0,0,0,0,2,4,0,0,0,0,0,0,0,0,0,0,2,4,0,0,0,0,22,0,13,10,585:00,50,0,1.000,,,,,,,,,,,,,,,22,38,0,19,4,15,.579,1.36,,,,,
2026-27,mlax,Ohio Athletic Conference (OAC),oac,Muskingum,"Klimkowski, Jaeden",Jaeden,Klimkowski,,455,"Klimkowski, Jaeden","KLIMKOWSKI,JAEDEN",KLIMKOWSKIJAEDENMSKM,17,17,,,Muskingum,MSKM,0,0,0,0,0,0,0,0,0,0,0,0,0,0,0,0,0,0,0,0,0,0,0,0,48,0,11,4,1005:00,50,0,1.000,17,886:36,173,183,0,7,9,0,1,0,0,640,11.71,.514,1,1,0,0,0,0,1.000,0.00,,,,,
2026-27,mlax,Ohio Athletic Conference (OAC),oac,Muskingum,"Warner, Calvin",Calvin,Warner,,455,"Warner, Calvin","WARNER,CALVIN",WARNERCALVINMSKM,16,6,,,Muskingum,MSKM,0,0,0,0,0,0,0,1,0,0,0,0,0,0,0,0,0,0,0,0,0,0,0,0,17,0,13,10,345:00,50,0,1.000,,,,,,,,,,,,,,,3,4,0,2,0,2,.750,0.13,,,,,
2026-27,mlax,Ohio Athletic Conference (OAC),oac,Muskingum,"Mondul, Adin",Adin,Mondul,,455,"Mondul, Adin","MONDUL,ADIN",MONDULADINMSKM,17,0,,,Muskingum,MSKM,0,0,0,0,0,0,1,11,0,2,0,0,0,0,0,0,0,0,2,2,0,0,0,0,14,0,13,5,00:00,0,0,1.000,,,,,,,,,,,,,,,34,65,0,25,5,20,.523,1.47,,,,,
2026-27,mlax,Ohio Athletic Conference (OAC),oac,Muskingum,"Caudill, Dillon",Dillon,Caudill,,455,"Caudill, Dillon","CAUDILL,DILLON",CAUDILLDILLONMSKM,7,1,,,Muskingum,MSKM,0,0,0,0,0,0,0,3,0,0,0,0,0,0,0,0,0,0,0,1,0,0,0,0,2,0,7,0,60:00,0,0,1.000,,,,,,,,,,,,,,,5,7,0,3,0,3,.714,0.43,,,,,
2026-27,mlax,Ohio Athletic Conference (OAC),oac,Muskingum,"Lichter, Josh",Josh,Lichter,,455,"Lichter, Josh","LICHTER,JOSH",LICHTERJOSHMSKM,16,14,,,Muskingum,MSKM,0,0,0,0,0,0,0,0,0,0,0,0,0,0,0,0,0,0,4,3,0,0,23,54,23,0,6,12,835:00,16,77,1.000,,,,,,,,,,,,,,,2,2,0,2,2,0,1.000,0.13,,,,,
2026-27,mlax,Ohio Athletic Conference (OAC),oac,Muskingum,"Kline, Ethan",Ethan,Kline,,455,"Kline, Ethan","KLINE,ETHAN",KLINEETHANMSKM,17,0,,,Muskingum,MSKM,0,0,0,0,0,0,0,1,0,0,0,0,0,0,0,0,0,0,0,2,0,0,7,27,6,0,6,4,00:00,0,34,1.000,,,,,,,,,,,,,,,15,18,0,9,3,6,.833,0.53,,,,,
2026-27,mlax,Ohio Athletic Conference (OAC),oac,Muskingum,"Cosgrove, Evan",Evan,Cosgrove,,455,"Cosgrove, Evan","COSGROVE,EVAN",COSGROVEEVANMSKM,17,17,,,Muskingum,MSKM,0,0,0,0,0,0,1,17,0,1,1,0,0,0,0,0,0,0,3,2,0,0,0,1,40,0,30,9,1005:00,50,1,1.000,,,,,,,,,,,,,,,53,85,0,66,33,33,.624,3.88,,,,,
2026-27,mlax,Ohio Athletic Conference (OAC),oac,Muskingum,"Workman, Tyler",Tyler,Workman,,455,"Workman, Tyler","WORKMAN,TYLER",WORKMANTYLERMSKM,16,0,,,Muskingum,MSKM,0,0,0,0,0,0,0,8,0,6,0,0,0,0,0,0,0,0,3,0,0,0,0,0,9,0,27,7,00:00,0,0,1.000,,,,,,,,,,,,,,,41,95,0,26,7,19,.432,1.63,,,,,
2026-27,mlax,Ohio Athletic Conference (OAC),oac,Muskingum,"Clark, Trace",Trace,Clark,,455,"Clark, Trace","CLARK,TRACE",CLARKTRACEMSKM,15,3,,,Muskingum,MSKM,0,0,0,0,0,0,0,0,0,0,0,0,0,0,0,0,0,0,0,2,0,0,42,45,19,0,3,3,170:00,34,87,1.000,,,,,,,,,,,,,,,0,0,0,0,0,0,.000,0.00,,,,,
2026-27,mlax,Ohio Athletic Conference (OAC),oac,Muskingum,"Wolfe, Brayden",Brayden,Wolfe,,455,"Wolfe, Brayden","WOLFE,BRAYDEN",WOLFEBRAYDENMSKM,17,14,,,Muskingum,MSKM,0,0,0,0,0,0,0,0,0,1,0,0,0,0,0,0,0,0,2,3,0,0,0,1,26,0,10,15,830:00,34,1,1.000,,,,,,,,,,,,,,,2,3,0,3,2,1,.667,0.18,,,,,
2026-27,mlax,Ohio Athletic Conference (OAC),oac,Muskingum,"Truitt, Logan",Logan,Truitt,,455,"Truitt, Logan","TRUITT,LOGAN",TRUITTLOGANMSKM,16,0,,,Muskingum,MSKM,0,0,0,0,0,0,0,0,0,0,0,0,0,0,0,0,0,0,0,0,0,0,0,0,4,0,11,0,00:00,0,0,1.000,,,,,,,,,,,,,,,9,18,0,4,0,4,.500,0.25,,,,,
2026-27,mlax,Ohio Athletic Conference (OAC),oac,Muskingum,"Iacobucci, Chipper",Chipper,Iacobucci,,455,"Iacobucci, Chipper","IACOBUCCI,CHIPPER",IACOBUCCICHIPPERMSKM,16,6,,,Muskingum,MSKM,0,0,0,0,0,0,0,5,0,6,4,0,0,0,0,0,0,0,1,1,0,0,0,0,21,0,11,5,360:00,0,0,1.000,,,,,,,,,,,,,,,51,81,0,41,12,29,.630,2.56,,,,,
2026-27,mlax,Ohio Athletic Conference (OAC),oac,Muskingum,"Cannon, Nick",Nick,Cannon,,455,"Cannon, Nick","CANNON,NICK",CANNONNICKMSKM,17,16,,,Muskingum,MSKM,0,0,0,0,0,0,0,0,0,0,0,0,0,0,0,0,0,0,0,2,0,0,0,0,39,0,7,16,945:00,50,0,1.000,,,,,,,,,,,,,,,0,2,0,2,2,0,.000,0.12,,,,,
2026-27,mlax,Ohio Athletic Conference (OAC),oac,Muskingum,"Andrews, Spencer",Spencer,Andrews,,455,"Andrews, Spencer","ANDREWS,SPENCER",ANDREWSSPENCERMSKM,6,0,,,Muskingum,MSKM,0,0,0,0,0,0,0,0,0,0,0,0,0,0,0,0,0,0,0,1,0,0,0,0,1,0,0,0,00:00,0,0,1.000,,,,,,,,,,,,,,,0,3,0,0,0,0,.000,0.00,,,,,
2026-27,mlax,Ohio Athletic Conference (OAC),oac,Muskingum,"Sisk, Gabriel",Gabriel,Sisk,,455,"Sisk, Gabriel","SISK,GABRIEL",SISKGABRIELMSKM,4,0,,,Muskingum,MSKM,0,0,0,0,0,0,0,0,0,0,0,0,0,0,0,0,0,0,0,0,0,0,0,0,1,0,1,0,00:00,0,0,1.000,,,,,,,,,,,,,,,0,1,0,1,1,0,.000,0.25,,,,,
2026-27,mlax,Ohio Athletic Conference (OAC),oac,Muskingum,"Winkler, Owen",Owen,Winkler,,455,"Winkler, Owen","WINKLER,OWEN",WINKLEROWENMSKM,15,11,,,Muskingum,MSKM,0,0,0,0,0,0,0,0,0,0,0,0,0,0,0,0,0,0,0,0,0,0,103,104,30,0,5,0,660:00,0,207,1.000,,,,,,,,,,,,,,,1,2,0,0,0,0,.500,0.00,,,,,
2026-27,mlax,Ohio Athletic Conference (OAC),oac,Muskingum,"Wisniewski, Trey",Trey,Wisniewski,,455,"Wisniewski, Trey","WISNIEWSKI,TREY",WISNIEWSKITREYMSKM,16,0,,,Muskingum,MSKM,0,0,0,0,0,0,0,6,0,0,0,0,0,0,0,0,0,0,1,1,0,0,0,0,11,0,19,5,00:00,0,0,1.000,,,,,,,,,,,,,,,19,29,0,24,15,9,.655,1.50,,,,,
2026-27,mlax,Ohio Athletic Conference (OAC),oac,Muskingum,"Johnson, Josh",Josh,Johnson,,455,"Johnson, Josh","JOHNSON,JOSH",JOHNSONJOSHMSKM,9,2,,,Muskingum,MSKM,0,0,0,0,0,0,0,0,0,0,0,0,0,0,0,0,0,0,2,0,0,0,0,0,5,0,5,3,120:00,0,0,1.000,,,,,,,,,,,,,,,0,0,0,0,0,0,.000,0.00,,,,,
2026-27,mlax,Ohio Athletic Conference (OAC),oac,Muskingum,"Spreng, Luke",Luke,Spreng,,455,"Spreng, Luke","SPRENG,LUKE",SPRENGLUKEMSKM,5,0,,,Muskingum,MSKM,0,0,0,0,0,0,0,0,0,0,0,0,0,0,0,0,0,0,0,1,0,0,0,0,4,0,2,1,00:00,0,0,1.000,4,74:14,9,16,0,0,0,0,0,0,0,48,7.27,.640,0,0,0,0,0,0,.000,0.00,,,,,
2026-27,mlax,Ohio Athletic Conference (OAC),oac,Muskingum,"McJunkin, Dominic",Dominic,McJunkin,,455,"McJunkin, Dominic","MCJUNKIN,DOMINIC",MCJUNKINDOMINICMSKM,5,0,,,Muskingum,MSKM,0,0,0,0,0,0,0,0,0,0,0,0,0,0,0,0,0,0,0,0,0,0,0,0,2,0,0,0,00:00,0,0,1.000,,,,,,,,,,,,,,,0,0,0,0,0,0,.000,0.00,,,,,
2026-27,mlax,Ohio Athletic Conference (OAC),oac,Muskingum,"Campbell, Gavin",Gavin,Campbell,,455,"Campbell, Gavin","CAMPBELL,GAVIN",CAMPBELLGAVINMSKM,2,0,,,Muskingum,MSKM,0,0,0,0,0,0,0,0,0,0,0,0,0,0,0,0,0,0,0,0,0,0,0,0,1,0,1,0,00:00,0,0,1.000,2,23:07,2,1,0,0,0,0,0,0,0,8,5.19,.333,0,0,0,0,0,0,.000,0.00,,,,,
2026-27,mlax,Ohio Athletic Conference (OAC),oac,Muskingum,"McDermott, Jacob",Jacob,McDermott,,455,"McDermott, Jacob","MCDERMOTT,JACOB",MCDERMOTTJACOBMSKM,15,3,,,Muskingum,MSKM,0,0,0,0,0,0,0,0,0,0,0,0,0,0,0,0,0,0,1,0,0,0,0,0,20,0,3,5,175:00,16,0,1.000,,,,,,,,,,,,,,,2,3,0,1,1,0,.667,0.07,,,,,
2026-27,mlax,Ohio Athletic Conference (OAC),oac,Muskingum,"White, Justin",Justin,White,,455,"White, Justin","WHITE,JUSTIN",WHITEJUSTINMSKM,2,0,,,Muskingum,MSKM,0,0,0,0,0,0,0,0,0,0,0,0,0,0,0,0,0,0,0,0,0,0,0,0,1,0,0,0,00:00,0,0,1.000,2,21:53,2,4,0,0,0,0,0,0,0,8,5.48,.667,0,0,0,0,0,0,.000,0.00,,,,,
2026-27,mlax,Ohio Athletic Conference (OAC),oac,Muskingum,"Scheibach, Jackson",Jackson,Scheibach,,455,"Scheibach, Jackson","SCHEIBACH,JACKSON",SCHEIBACHJACKSONMSKM,3,0,,,Muskingum,MSKM,0,0,0,0,0,0,0,0,0,0,0,0,0,0,0,0,0,0,0,0,0,0,0,0,2,0,1,0,00:00,0,0,1.000,,,,,,,,,,,,,,,0,0,0,0,0,0,.000,0.00,,,,,
2026-27,mlax,Ohio Athletic Conference (OAC),oac,Muskingum,"Kmieske, Ethan",Ethan,Kmieske,,455,"Kmieske, Ethan","KMIESKE,ETHAN",KMIESKEETHANMSKM,17,0,,,Muskingum,MSKM,0,0,0,0,0,0,2,15,0,3,1,0,0,0,0,0,0,0,4,1,0,0,0,0,12,0,12,3,00:00,0,0,1.000,,,,,,,,,,,,,,,45,98,0,34,9,25,.459,2.00,,,,,
2026-27,mlax,Ohio Athletic Conference (OAC),oac,Muskingum,"Smith, Grant",Grant,Smith,,455,"Smith, Grant","SMITH,GRANT",SMITHGRANTMSKM,14,0,,,Muskingum,MSKM,0,0,0,0,0,0,0,0,0,0,0,0,0,0,0,0,0,0,0,0,0,0,0,0,8,0,4,7,00:00,0,0,1.000,,,,,,,,,,,,,,,1,1,0,0,0,0,1.000,0.00,,,,,
2026-27,mlax,Ohio Athletic Conference (OAC),oac,Muskingum,"Heilbrunn, Tyler",Tyler,Heilbrunn,,455,"Heilbrunn, Tyler","HEILBRUNN,TYLER",HEILBRUNNTYLERMSKM,16,13,,,Muskingum,MSKM,0,0,0,0,0,0,0,0,0,0,0,0,0,0,0,0,0,1,10,0,0,0,0,0,8,0,15,9,770:00,34,0,1.000,,,,,,,,,,,,,,,0,0,0,0,0,0,.000,0.00,,,,,
2026-27,mlax,Ohio Athletic Conference (OAC),oac,Muskingum,"Patterson, Brady",Brady,Patterson,,455,"Patterson, Brady","PATTERSON,BRADY",PATTERSONBRADYMSKM,11,0,,,Muskingum,MSKM,0,0,0,0,0,0,0,0,0,0,0,0,0,0,0,0,0,0,0,0,0,0,0,0,2,0,6,0,00:00,0,0,1.000,,,,,,,,,,,,,,,9,11,0,1,0,1,.818,0.09,,,,,
2026-27,mlax,Ohio Athletic Conference (OAC),oac,Muskingum,"Hollow, Jeremy",Jeremy,Hollow,,455,"Hollow, Jeremy","HOLLOW,JEREMY",HOLLOWJEREMYMSKM,5,0,,,Muskingum,MSKM,0,0,0,0,0,0,0,0,0,0,0,0,0,0,0,0,0,0,0,1,0,0,0,0,0,0,0,0,00:00,0,0,1.000,,,,,,,,,,,,,,,0,2,0,0,0,0,.000,0.00,,,,,
2026-27,mlax,Ohio Athletic Conference (OAC),oac,Ohio Northern,Rudy DeFilippis,Rudy,DeFilippis,,517,Rudy DeFilippis,"DEFILIPPIS,RUDY",DEFILIPPISRUDYOHIO NOR,21,21,,,Ohio Northern,OHIO NOR,0,0,0,0,0,0,0,0,0,0,0,0,0,0,0,0,0,0,1,2,0,0,0,1,25,0,6,12,1200:00,0,1,1.000,,,,,,,,,,,,,,,1,2,0,1,1,0,.500,0.05,,,,,
2026-27,mlax,Ohio Athletic Conference (OAC),oac,Ohio Northern,Cooper Mulligan,Cooper,Mulligan,,517,Cooper Mulligan,"MULLIGAN,COOPER",MULLIGANCOOPEROHIO NOR,21,13,,,Ohio Northern,OHIO NOR,0,0,0,0,0,0,1,9,0,2,2,0,0,0,0,0,0,0,0,2,0,0,0,1,20,0,23,3,780:00,0,1,1.000,,,,,,,,,,,,,,,41,72,0,39,16,23,.569,1.86,,,,,
2026-27,mlax,Ohio Athletic Conference (OAC),oac,Ohio Northern,Ridge Trimble,Ridge,Trimble,,517,Ridge Trimble,"TRIMBLE,RIDGE",TRIMBLERIDGEOHIO NOR,13,0,,,Ohio Northern,OHIO NOR,0,0,0,0,0,0,0,0,0,0,0,0,0,0,0,0,0,0,1,1,0,0,0,0,1,0,2,1,00:00,0,0,1.000,,,,,,,,,,,,,,,0,0,0,0,0,0,.000,0.00,,,,,
2026-27,mlax,Ohio Athletic Conference (OAC),oac,Ohio Northern,Brady Vette,Brady,Vette,,517,Brady Vette,"VETTE,BRADY",VETTEBRADYOHIO NOR,19,0,,,Ohio Northern,OHIO NOR,0,0,0,0,0,0,0,1,0,0,0,0,0,0,0,0,0,1,2,2,0,0,0,0,30,0,6,12,00:00,0,0,1.000,,,,,,,,,,,,,,,7,12,0,12,9,3,.583,0.63,,,,,
2026-27,mlax,Ohio Athletic Conference (OAC),oac,Ohio Northern,Carter Colfack,Carter,Colfack,,517,Carter Colfack,"COLFACK,CARTER",COLFACKCARTEROHIO NOR,1,0,,,Ohio Northern,OHIO NOR,0,0,0,0,0,0,0,0,0,0,0,0,0,0,0,0,0,0,0,0,0,0,0,0,0,0,0,0,00:00,0,0,1.000,,,,,,,,,,,,,,,0,0,0,0,0,0,.000,0.00,,,,,
2026-27,mlax,Ohio Athletic Conference (OAC),oac,Ohio Northern,Devin Halliday,Devin,Halliday,,517,Devin Halliday,"HALLIDAY,DEVIN",HALLIDAYDEVINOHIO NOR,20,0,,,Ohio Northern,OHIO NOR,0,0,0,0,0,0,0,0,0,0,0,0,0,0,0,0,0,0,0,1,0,0,174,207,64,0,6,3,00:00,0,381,1.000,,,,,,,,,,,,,,,6,8,0,4,2,2,.750,0.20,,,,,
2026-27,mlax,Ohio Athletic Conference (OAC),oac,Ohio Northern,Noah Chomout,Noah,Chomout,,517,Noah Chomout,"CHOMOUT,NOAH",CHOMOUTNOAHOHIO NOR,19,0,,,Ohio Northern,OHIO NOR,0,0,0,0,0,0,0,0,0,0,0,0,0,0,0,0,0,0,1,0,0,0,0,0,23,0,5,8,00:00,0,0,1.000,,,,,,,,,,,,,,,3,6,0,0,0,0,.500,0.00,,,,,
2026-27,mlax,Ohio Athletic Conference (OAC),oac,Ohio Northern,Davis Rice,Davis,Rice,,517,Davis Rice,"RICE,DAVIS",RICEDAVISOHIO NOR,18,0,,,Ohio Northern,OHIO NOR,0,0,0,0,0,0,0,7,0,0,1,0,0,0,0,0,0,0,1,0,0,0,0,0,5,0,11,1,00:00,0,0,1.000,,,,,,,,,,,,,,,16,25,0,14,6,8,.640,0.78,,,,,
2026-27,mlax,Ohio Athletic Conference (OAC),oac,Ohio Northern,Aidan Sexton,Aidan,Sexton,,517,Aidan Sexton,"SEXTON,AIDAN",SEXTONAIDANOHIO NOR,21,20,,,Ohio Northern,OHIO NOR,0,0,0,0,0,0,2,7,0,3,1,0,0,0,0,0,0,0,0,3,0,0,0,0,20,0,8,6,1140:00,0,0,1.000,,,,,,,,,,,,,,,48,61,0,37,7,30,.787,1.76,,,,,
2026-27,mlax,Ohio Athletic Conference (OAC),oac,Ohio Northern,Brydan Pitman,Brydan,Pitman,,517,Brydan Pitman,"PITMAN,BRYDAN",PITMANBRYDANOHIO NOR,11,0,,,Ohio Northern,OHIO NOR,0,0,0,0,0,0,0,2,0,0,0,0,0,0,0,0,0,0,0,0,0,0,0,0,4,0,3,1,00:00,0,0,1.000,,,,,,,,,,,,,,,3,8,0,3,1,2,.375,0.27,,,,,
2026-27,mlax,Ohio Athletic Conference (OAC),oac,Ohio Northern,Landon Laney,Landon,Laney,,517,Landon Laney,"LANEY,LANDON",LANEYLANDONOHIO NOR,21,4,,,Ohio Northern,OHIO NOR,0,0,0,0,0,0,1,3,0,0,1,0,0,0,0,0,0,0,0,1,0,0,0,0,13,0,11,2,240:00,0,0,1.000,,,,,,,,,,,,,,,25,39,0,13,5,8,.641,0.62,,,,,
2026-27,mlax,Ohio Athletic Conference (OAC),oac,Ohio Northern,Ruben Iakiri,Ruben,Iakiri,,517,Ruben Iakiri,"IAKIRI,RUBEN",IAKIRIRUBENOHIO NOR,15,0,,,Ohio Northern,OHIO NOR,0,0,0,0,0,0,0,0,0,0,0,0,0,0,0,0,0,0,2,2,0,0,0,0,2,0,3,4,00:00,0,0,1.000,,,,,,,,,,,,,,,0,0,0,0,0,0,.000,0.00,,,,,
2026-27,mlax,Ohio Athletic Conference (OAC),oac,Ohio Northern,Jacob Verbanic,Jacob,Verbanic,,517,Jacob Verbanic,"VERBANIC,JACOB",VERBANICJACOBOHIO NOR,17,0,,,Ohio Northern,OHIO NOR,0,0,0,0,0,0,0,2,0,2,0,0,0,0,0,0,0,0,0,0,0,0,0,0,2,0,7,0,00:00,0,0,1.000,,,,,,,,,,,,,,,12,17,0,12,6,6,.706,0.71,,,,,
2026-27,mlax,Ohio Athletic Conference (OAC),oac,Ohio Northern,Luke Williams,Luke,Williams,,517,Luke Williams,"WILLIAMS,LUKE",WILLIAMSLUKEOHIO NOR,10,0,,,Ohio Northern,OHIO NOR,0,0,0,0,0,0,0,0,0,0,0,0,0,0,0,0,0,0,0,0,0,0,0,0,6,0,1,0,23:00,15,0,1.000,10,47:27,4,12,0,1,1,0,1,0,0,20,5.06,.750,0,0,0,0,0,0,.000,0.00,,,,,
2026-27,mlax,Ohio Athletic Conference (OAC),oac,Ohio Northern,Ryan Baum,Ryan,Baum,,517,Ryan Baum,"BAUM,RYAN",BAUMRYANOHIO NOR,16,0,,,Ohio Northern,OHIO NOR,0,0,0,0,0,0,0,2,0,0,0,0,0,0,0,0,0,0,0,0,0,0,0,0,11,0,9,0,00:00,0,0,1.000,,,,,,,,,,,,,,,16,21,0,15,6,9,.762,0.94,,,,,
2026-27,mlax,Ohio Athletic Conference (OAC),oac,Ohio Northern,Chris Ballentine,Chris,Ballentine,,517,Chris Ballentine,"BALLENTINE,CHRIS",BALLENTINECHRISOHIO NOR,11,0,,,Ohio Northern,OHIO NOR,0,0,0,0,0,0,0,0,0,0,0,0,0,0,0,0,0,0,0,0,0,0,0,1,5,0,3,1,00:00,0,1,1.000,,,,,,,,,,,,,,,1,2,0,1,1,0,.500,0.09,,,,,
2026-27,mlax,Ohio Athletic Conference (OAC),oac,Ohio Northern,Bodie Tshudy,Bodie,Tshudy,,517,Bodie Tshudy,"TSHUDY,BODIE",TSHUDYBODIEOHIO NOR,18,0,,,Ohio Northern,OHIO NOR,0,0,0,0,0,0,0,0,0,0,0,0,0,0,0,0,0,0,0,0,0,0,3,8,17,0,1,6,00:00,0,11,1.000,,,,,,,,,,,,,,,1,2,0,1,1,0,.500,0.06,,,,,
2026-27,mlax,Ohio Athletic Conference (OAC),oac,Ohio Northern,Griffin Bartos,Griffin,Bartos,,517,Griffin Bartos,"BARTOS,GRIFFIN",BARTOSGRIFFINOHIO NOR,3,0,,,Ohio Northern,OHIO NOR,0,0,0,0,0,0,0,0,0,0,0,0,0,0,0,0,0,0,0,0,0,0,0,0,0,0,0,0,00:00,0,0,1.000,,,,,,,,,,,,,,,0,0,0,0,0,0,.000,0.00,,,,,
2026-27,mlax,Ohio Athletic Conference (OAC),oac,Ohio Northern,Owen Ranly,Owen,Ranly,,517,Owen Ranly,"RANLY,OWEN",RANLYOWENOHIO NOR,12,0,,,Ohio Northern,OHIO NOR,0,0,0,0,0,0,0,1,0,0,0,0,0,0,0,0,0,0,0,0,0,0,1,2,4,0,6,0,00:00,0,3,1.000,,,,,,,,,,,,,,,4,5,0,2,1,1,.800,0.17,,,,,
2026-27,mlax,Ohio Athletic Conference (OAC),oac,Ohio Northern,Justin Sonny,Justin,Sonny,,517,Justin Sonny,"SONNY,JUSTIN",SONNYJUSTINOHIO NOR,9,0,,,Ohio Northern,OHIO NOR,0,0,0,0,0,0,0,0,0,0,0,0,0,0,0,0,0,0,0,0,0,0,0,0,4,0,3,1,00:00,0,0,1.000,,,,,,,,,,,,,,,3,4,0,0,0,0,.750,0.00,,,,,
2026-27,mlax,Ohio Athletic Conference (OAC),oac,Ohio Northern,Jack Switter,Jack,Switter,,517,Jack Switter,"SWITTER,JACK",SWITTERJACKOHIO NOR,21,21,,,Ohio Northern,OHIO NOR,0,0,0,0,0,0,1,8,0,0,3,0,0,0,0,0,0,0,0,1,0,0,0,0,21,0,19,6,1200:00,0,0,1.000,,,,,,,,,,,,,,,26,43,0,29,11,18,.605,1.38,,,,,
2026-27,mlax,Ohio Athletic Conference (OAC),oac,Ohio Northern,Carson Yackey,Carson,Yackey,,517,Carson Yackey,"YACKEY,CARSON",YACKEYCARSONOHIO NOR,12,1,,,Ohio Northern,OHIO NOR,0,0,0,0,0,0,0,0,0,0,0,0,0,0,0,0,0,0,0,0,0,0,0,0,5,0,2,1,46:00,62,0,1.000,11,107:01,13,12,0,2,0,0,0,0,0,42,7.29,.480,1,1,0,0,0,0,1.000,0.00,,,,,
2026-27,mlax,Ohio Athletic Conference (OAC),oac,Ohio Northern,Peyton Lich,Peyton,Lich,,517,Peyton Lich,"LICH,PEYTON",LICHPEYTONOHIO NOR,20,18,,,Ohio Northern,OHIO NOR,0,0,0,0,0,0,0,0,0,0,0,0,0,0,0,0,0,0,0,0,0,0,0,0,25,0,4,1,1009:00,43,0,1.000,20,1105:26,154,191,0,14,5,0,2,0,0,605,8.36,.554,2,5,0,1,1,0,.400,0.05,,,,,
2026-27,mlax,Ohio Athletic Conference (OAC),oac,Ohio Northern,Ben Gridley,Ben,Gridley,,517,Ben Gridley,"GRIDLEY,BEN",GRIDLEYBENOHIO NOR,20,7,,,Ohio Northern,OHIO NOR,0,0,0,0,0,0,0,4,0,0,0,0,0,0,0,0,0,0,1,2,0,0,0,1,21,0,9,4,360:00,0,1,1.000,,,,,,,,,,,,,,,30,43,0,25,8,17,.698,1.25,,,,,
2026-27,mlax,Ohio Athletic Conference (OAC),oac,Ohio Northern,Keaton Davis,Keaton,Davis,,517,Keaton Davis,"DAVIS,KEATON",DAVISKEATONOHIO NOR,12,0,,,Ohio Northern,OHIO NOR,0,0,0,0,0,0,0,2,1,0,0,0,0,0,0,0,0,0,0,0,0,0,0,0,3,0,1,1,00:00,0,0,1.000,,,,,,,,,,,,,,,4,7,0,4,1,3,.571,0.33,,,,,
2026-27,mlax,Ohio Athletic Conference (OAC),oac,Ohio Northern,Max Warnecke,Max,Warnecke,,517,Max Warnecke,"WARNECKE,MAX",WARNECKEMAXOHIO NOR,8,0,,,Ohio Northern,OHIO NOR,0,0,0,0,0,0,0,0,0,0,0,0,0,0,0,0,0,0,0,0,0,0,0,0,2,0,2,1,00:00,0,0,1.000,,,,,,,,,,,,,,,2,2,0,1,0,1,1.000,0.13,,,,,
2026-27,mlax,Ohio Athletic Conference (OAC),oac,Ohio Northern,Connor Thomas,Connor,Thomas,,517,Connor Thomas,"THOMAS,CONNOR",THOMASCONNOROHIO NOR,10,0,,,Ohio Northern,OHIO NOR,0,0,0,0,0,0,0,1,0,0,0,0,0,0,0,0,0,0,0,1,0,0,0,0,1,0,2,0,00:00,0,0,1.000,,,,,,,,,,,,,,,2,4,0,1,0,1,.500,0.10,,,,,
2026-27,mlax,Ohio Athletic Conference (OAC),oac,Ohio Northern,Jack Chaney,Jack,Chaney,,517,Jack Chaney,"CHANEY,JACK",CHANEYJACKOHIO NOR,21,17,,,Ohio Northern,OHIO NOR,0,0,0,0,0,0,2,19,0,3,1,0,0,0,0,0,0,0,1,0,0,0,0,0,15,0,19,6,960:00,0,0,1.000,,,,,,,,,,,,,,,57,107,0,58,31,27,.533,2.76,,,,,
2026-27,mlax,Ohio Athletic Conference (OAC),oac,Ohio Northern,Lucas Winkelman,Lucas,Winkelman,,517,Lucas Winkelman,"WINKELMAN,LUCAS",WINKELMANLUCASOHIO NOR,8,0,,,Ohio Northern,OHIO NOR,0,0,0,0,0,0,0,1,0,0,0,0,0,0,0,0,0,0,0,0,0,0,0,0,1,0,0,1,00:00,0,0,1.000,,,,,,,,,,,,,,,4,9,0,2,0,2,.444,0.25,,,,,
2026-27,mlax,Ohio Athletic Conference (OAC),oac,Ohio Northern,Ryan Frech,Ryan,Frech,,517,Ryan Frech,"FRECH,RYAN",FRECHRYANOHIO NOR,19,0,,,Ohio Northern,OHIO NOR,0,0,0,0,0,0,0,4,0,0,0,0,0,0,0,0,0,0,2,0,0,0,0,0,47,0,5,22,00:00,0,0,1.000,,,,,,,,,,,,,,,9,13,0,6,0,6,.692,0.32,,,,,
2026-27,mlax,Ohio Athletic Conference (OAC),oac,Ohio Northern,Mark Mintzlaff,Mark,Mintzlaff,,517,Mark Mintzlaff,"MINTZLAFF,MARK",MINTZLAFFMARKOHIO NOR,21,21,,,Ohio Northern,OHIO NOR,0,0,0,0,0,0,0,11,0,0,1,0,0,0,0,0,0,0,1,1,0,0,0,0,46,0,19,8,1200:00,0,0,1.000,,,,,,,,,,,,,,,37,77,0,26,8,18,.481,1.24,,,,,
2026-27,mlax,Ohio Athletic Conference (OAC),oac,Ohio Northern,Zachary Kremser,Zachary,Kremser,,517,Zachary Kremser,"KREMSER,ZACHARY",KREMSERZACHARYOHIO NOR,17,1,,,Ohio Northern,OHIO NOR,0,0,0,0,0,0,0,0,0,2,0,0,0,0,0,0,0,0,1,0,0,0,0,0,6,0,7,1,60:00,0,0,1.000,,,,,,,,,,,,,,,14,25,0,11,3,8,.560,0.65,,,,,
2026-27,mlax,Ohio Athletic Conference (OAC),oac,Ohio Northern,Oliver Matney,Oliver,Matney,,517,Oliver Matney,"MATNEY,OLIVER",MATNEYOLIVEROHIO NOR,13,0,,,Ohio Northern,OHIO NOR,0,0,0,0,0,0,0,0,0,0,0,0,0,0,0,0,0,0,0,1,0,0,24,36,8,0,0,0,00:00,0,60,1.000,,,,,,,,,,,,,,,0,0,0,0,0,0,.000,0.00,,,,,
2026-27,mlax,Ohio Athletic Conference (OAC),oac,Ohio Northern,Nathan Flynn,Nathan,Flynn,,517,Nathan Flynn,"FLYNN,NATHAN",FLYNNNATHANOHIO NOR,20,19,,,Ohio Northern,OHIO NOR,0,0,0,0,0,0,0,5,0,2,1,0,0,0,0,0,0,0,1,2,0,0,0,0,29,0,22,6,1080:00,0,0,1.000,,,,,,,,,,,,,,,51,80,0,28,7,21,.638,1.40,,,,,
2026-27,mlax,Ohio Athletic Conference (OAC),oac,Ohio Northern,Ben Misa,Ben,Misa,,517,Ben Misa,"MISA,BEN",MISABENOHIO NOR,19,0,,,Ohio Northern,OHIO NOR,0,0,0,0,0,0,0,0,0,0,0,0,0,0,0,0,0,0,0,1,0,0,0,0,7,0,5,4,00:00,0,0,1.000,,,,,,,,,,,,,,,0,0,0,0,0,0,.000,0.00,,,,,
2026-27,mlax,Ohio Athletic Conference (OAC),oac,Ohio Northern,Dylan Freyer,Dylan,Freyer,,517,Dylan Freyer,"FREYER,DYLAN",FREYERDYLANOHIO NOR,11,0,,,Ohio Northern,OHIO NOR,0,0,0,0,0,0,0,0,0,0,0,0,0,0,0,0,0,0,2,0,0,0,0,0,10,0,5,3,00:00,0,0,1.000,,,,,,,,,,,,,,,0,1,0,0,0,0,.000,0.00,,,,,
2026-27,mlax,Ohio Athletic Conference (OAC),oac,Ohio Northern,Saxon Dobos,Saxon,Dobos,,517,Saxon Dobos,"DOBOS,SAXON",DOBOSSAXONOHIO NOR,8,0,,,Ohio Northern,OHIO NOR,0,0,0,0,0,0,0,0,0,0,0,0,0,0,0,0,0,0,3,0,0,0,0,0,1,0,1,0,00:00,0,0,1.000,,,,,,,,,,,,,,,0,1,0,0,0,0,.000,0.00,,,,,
2026-27,mlax,Ohio Athletic Conference (OAC),oac,Ohio Northern,Connor Donohue,Connor,Donohue,,517,Connor Donohue,"DONOHUE,CONNOR",DONOHUECONNOROHIO NOR,11,0,,,Ohio Northern,OHIO NOR,0,0,0,0,0,0,0,0,0,0,0,0,0,0,0,0,0,0,1,0,0,0,0,0,5,0,2,1,00:00,0,0,1.000,,,,,,,,,,,,,,,5,6,0,7,4,3,.833,0.64,,,,,
2026-27,mlax,Ohio Athletic Conference (OAC),oac,Ohio Northern,Zack Smith,Zack,Smith,,517,Zack Smith,"SMITH,ZACK",SMITHZACKOHIO NOR,8,0,,,Ohio Northern,OHIO NOR,0,0,0,0,0,0,0,0,0,0,0,0,0,0,0,0,0,0,0,0,0,0,0,0,3,0,1,1,00:00,0,0,1.000,,,,,,,,,,,,,,,0,0,0,0,0,0,.000,0.00,,,,,
2026-27,mlax,Ohio Athletic Conference (OAC),oac,Ohio Northern,J.D. Hale,J.D.,Hale,,517,J.D. Hale,"HALE,JD",HALEJDOHIO NOR,21,2,,,Ohio Northern,OHIO NOR,0,0,0,0,0,0,2,11,0,11,1,0,0,0,0,0,0,0,0,0,0,0,0,0,16,0,14,2,120:00,0,0,1.000,,,,,,,,,,,,,,,48,90,0,32,5,27,.533,1.52,,,,,
2026-27,mlax,Ohio Athletic Conference (OAC),oac,Ohio Northern,Eli Ferguson,Eli,Ferguson,,517,Eli Ferguson,"FERGUSON,ELI",FERGUSONELIOHIO NOR,20,0,,,Ohio Northern,OHIO NOR,0,0,0,0,0,0,0,10,0,0,0,0,0,0,0,0,0,0,0,0,0,0,0,0,8,0,9,2,00:00,0,0,1.000,,,,,,,,,,,,,,,23,51,0,19,7,12,.451,0.95,,,,,
2026-27,mlax,Ohio Athletic Conference (OAC),oac,Ohio Northern,Alex Watson,Alex,Watson,,517,Alex Watson,"WATSON,ALEX",WATSONALEXOHIO NOR,10,0,,,Ohio Northern,OHIO NOR,0,0,0,0,0,0,0,0,0,0,0,0,0,0,0,0,0,0,0,1,0,0,0,0,2,0,0,1,00:00,0,0,1.000,,,,,,,,,,,,,,,0,0,0,0,0,0,.000,0.00,,,,,
2026-27,mlax,Ohio Athletic Conference (OAC),oac,Ohio Northern,Marty Watson,Marty,Watson,,517,Marty Watson,"WATSON,MARTY",WATSONMARTYOHIO NOR,8,0,,,Ohio Northern,OHIO NOR,0,0,0,0,0,0,0,1,0,0,0,0,0,0,0,0,0,0,0,0,0,0,0,0,2,0,2,0,00:00,0,0,1.000,,,,,,,,,,,,,,,2,4,0,2,0,2,.500,0.25,,,,,
2026-27,mlax,Ohio Athletic Conference (OAC),oac,Ohio Northern,Lance Stevenson,Lance,Stevenson,,517,Lance Stevenson,"STEVENSON,LANCE",STEVENSONLANCEOHIO NOR,10,0,,,Ohio Northern,OHIO NOR,0,0,0,0,0,0,0,1,0,0,0,0,0,0,0,0,0,0,0,1,0,0,0,0,3,0,1,1,00:00,0,0,1.000,1,0:06,0,0,0,0,0,0,0,0,0,0,.00,.000,2,3,0,2,0,2,.667,0.20,,,,,
2026-27,mlax,Ohio Athletic Conference (OAC),oac,Ohio Northern,Hudson Welsh,Hudson,Welsh,,517,Hudson Welsh,"WELSH,HUDSON",WELSHHUDSONOHIO NOR,15,0,,,Ohio Northern,OHIO NOR,0,0,0,0,0,0,0,3,0,0,0,0,0,0,0,0,0,0,0,2,0,0,0,0,7,0,9,1,00:00,0,0,1.000,,,,,,,,,,,,,,,8,14,0,5,1,4,.571,0.33,,,,,
2026-27,mlax,Ohio Athletic Conference (OAC),oac,Ohio Northern,Ian Phillips,Ian,Phillips,,517,Ian Phillips,"PHILLIPS,IAN",PHILLIPSIANOHIO NOR,21,21,,,Ohio Northern,OHIO NOR,0,0,0,0,0,0,0,0,0,0,0,0,0,0,0,0,0,0,1,1,0,0,0,0,16,0,2,8,1200:00,0,0,1.000,,,,,,,,,,,,,,,0,0,0,0,0,0,.000,0.00,,,,,
2026-27,mlax,Ohio Athletic Conference (OAC),oac,Ohio Northern,Gabriel McNamee,Gabriel,McNamee,,517,Gabriel McNamee,"MCNAMEE,GABRIEL",MCNAMEEGABRIELOHIO NOR,18,0,,,Ohio Northern,OHIO NOR,0,0,0,0,0,0,0,1,0,0,0,0,0,0,0,0,0,0,1,1,0,0,24,26,19,0,8,5,00:00,0,50,1.000,,,,,,,,,,,,,,,3,9,0,4,2,2,.333,0.22,,,,,
2026-27,mlax,Ohio Athletic Conference (OAC),oac,Ohio Northern,Xavier Jankord,Xavier,Jankord,,517,Xavier Jankord,"JANKORD,XAVIER",JANKORDXAVIEROHIO NOR,1,0,,,Ohio Northern,OHIO NOR,0,0,0,0,0,0,0,0,0,0,0,0,0,0,0,0,0,0,0,0,0,0,0,1,0,0,0,0,0,0,1,1.000,,,,,,,,,,,,,,,0,0,0,0,0,0,.000,0.00,,,,,
2026-27,mlax,Ohio Athletic Conference (OAC),oac,Ohio Northern,Luke Ferro,Luke,Ferro,,517,Luke Ferro,"FERRO,LUKE",FERROLUKEOHIO NOR,20,0,,,Ohio Northern,OHIO NOR,0,0,0,0,0,0,2,4,0,1,1,0,0,0,0,0,0,0,1,3,0,0,0,0,26,0,12,10,00:00,0,0,1.000,,,,,,,,,,,,,,,10,20,0,9,2,7,.500,0.45,,,,,
2026-27,mlax,Ohio Athletic Conference (OAC),oac,Ohio Northern,Colin Willits,Colin,Willits,,517,Colin Willits,"WILLITS,COLIN",WILLITSCOLINOHIO NOR,2,1,,,Ohio Northern,OHIO NOR,0,0,0,0,0,0,0,0,0,0,0,0,0,0,0,0,0,0,0,0,0,0,0,0,0,0,0,0,60:00,0,0,1.000,,,,,,,,,,,,,,,0,0,0,0,0,0,.000,0.00,,,,,
2026-27,mlax,Ohio Athletic Conference (OAC),oac,Ohio Northern,Alex Bergeron,Alex,Bergeron,,517,Alex Bergeron,"BERGERON,ALEX",BERGERONALEXOHIO NOR,21,21,,,Ohio Northern,OHIO NOR,0,0,0,0,0,0,0,2,0,0,0,0,0,0,0,0,0,0,3,1,0,0,0,0,39,0,17,22,1200:00,0,0,1.000,,,,,,,,,,,,,,,9,11,0,2,0,2,.818,0.10,,,,,
2026-27,mlax,Ohio Athletic Conference (OAC),oac,Ohio Northern,Jenna Messinger,Jenna,Messinger,,517,Jenna Messinger,"MESSINGER,JENNA",MESSINGERJENNAOHIO NOR,0,0,,,Ohio Northern,OHIO NOR,0,,,,,,,,,,,,,,,,,,,,,,,,,,,,,,,,,,,,,,,,,,,,,,,,,,,,,0,,,,,
2026-27,mlax,Ohio Athletic Conference (OAC),oac,Ohio Northern,Ashlee Hicks,Ashlee,Hicks,,517,Ashlee Hicks,"HICKS,ASHLEE",HICKSASHLEEOHIO NOR,0,0,,,Ohio Northern,OHIO NOR,0,,,,,,,,,,,,,,,,,,,,,,,,,,,,,,,,,,,,,,,,,,,,,,,,,,,,,0,,,,,
2026-27,mlax,Ohio Athletic Conference (OAC),oac,Ohio Northern,Amber Regan,Amber,Regan,,517,Amber Regan,"REGAN,AMBER",REGANAMBEROHIO NOR,0,0,,,Ohio Northern,OHIO NOR,0,0,0,0,0,0,0,0,0,0,0,0,0,0,0,0,0,0,0,0,0,0,0,0,0,0,0,0,00:00,0,0,1.000,,,,,,,,,,,,,,,0,0,0,0,0,0,.000,0,,,,,
2026-27,mlax,Ohio Athletic Conference (OAC),oac,Ohio Northern,Gabby Juergens,Gabby,Juergens,,517,Gabby Juergens,"JUERGENS,GABBY",JUERGENSGABBYOHIO NOR,0,0,,,Ohio Northern,OHIO NOR,0,0,0,0,0,0,0,0,0,0,0,0,0,0,0,0,0,0,0,0,0,0,0,0,0,0,0,0,00:00,0,0,1.000,,,,,,,,,,,,,,,0,0,0,0,0,0,.000,0,,,,,
2026-27,mlax,Ohio Athletic Conference (OAC),oac,Ohio Northern,Jacie Horn,Jacie,Horn,,517,Jacie Horn,"HORN,JACIE",HORNJACIEOHIO NOR,0,0,,,Ohio Northern,OHIO NOR,0,0,0,0,0,0,0,0,0,0,0,0,0,0,0,0,0,0,0,0,0,0,0,0,0,0,0,0,00:00,0,0,1.000,,,,,,,,,,,,,,,0,0,0,0,0,0,.000,0,,,,,
2026-27,mlax,Ohio Athletic Conference (OAC),oac,Ohio Northern,Hailey Pierson,Hailey,Pierson,,517,Hailey Pierson,"PIERSON,HAILEY",PIERSONHAILEYOHIO NOR,0,0,,,Ohio Northern,OHIO NOR,0,0,0,0,0,0,0,0,0,0,0,0,0,0,0,0,0,0,0,0,0,0,0,0,0,0,0,0,00:00,0,0,1.000,,,,,,,,,,,,,,,0,0,0,0,0,0,.000,0,,,,,
2026-27,mlax,Ohio Athletic Conference (OAC),oac,Ohio Northern,Elena Martin,Elena,Martin,,517,Elena Martin,"MARTIN,ELENA",MARTINELENAOHIO NOR,0,0,,,Ohio Northern,OHIO NOR,0,0,0,0,0,0,0,0,0,0,0,0,0,0,0,0,0,0,0,0,0,0,0,0,0,0,0,0,00:00,0,0,1.000,,,,,,,,,,,,,,,0,0,0,0,0,0,.000,0,,,,,
2026-27,mlax,Ohio Athletic Conference (OAC),oac,Ohio Northern,Katie Knudsen,Katie,Knudsen,,517,Katie Knudsen,"KNUDSEN,KATIE",KNUDSENKATIEOHIO NOR,0,0,,,Ohio Northern,OHIO NOR,0,0,0,0,0,0,0,0,0,0,0,0,0,0,0,0,0,0,0,0,0,0,0,0,0,0,0,0,00:00,0,0,1.000,,,,,,,,,,,,,,,0,0,0,0,0,0,.000,0,,,,,
2026-27,mlax,Ohio Athletic Conference (OAC),oac,Ohio Northern,Tori Wiece,Tori,Wiece,,517,Tori Wiece,"WIECE,TORI",WIECETORIOHIO NOR,0,0,,,Ohio Northern,OHIO NOR,0,0,0,0,0,0,0,0,0,0,0,0,0,0,0,0,0,0,0,0,0,0,0,0,0,0,0,0,00:00,0,0,1.000,,,,,,,,,,,,,,,0,0,0,0,0,0,.000,0,,,,,
2026-27,mlax,Ohio Athletic Conference (OAC),oac,Ohio Northern,Emma Hoersten,Emma,Hoersten,,517,Emma Hoersten,"HOERSTEN,EMMA",HOERSTENEMMAOHIO NOR,0,0,,,Ohio Northern,OHIO NOR,0,0,0,0,0,0,0,0,0,0,0,0,0,0,0,0,0,0,0,0,0,0,0,0,0,0,0,0,00:00,0,0,1.000,,,,,,,,,,,,,,,0,0,0,0,0,0,.000,0,,,,,
2026-27,mlax,Ohio Athletic Conference (OAC),oac,Ohio Northern,Molly Murphy,Molly,Murphy,,517,Molly Murphy,"MURPHY,MOLLY",MURPHYMOLLYOHIO NOR,0,0,,,Ohio Northern,OHIO NOR,0,,,,,,,,,,,,,,,,,,,,,,,,,,,,,,,,,,,,,,,,,,,,,,,,,,,,,0,,,,,
2026-27,mlax,Ohio Athletic Conference (OAC),oac,Ohio Northern,Hailey Hahn,Hailey,Hahn,,517,Hailey Hahn,"HAHN,HAILEY",HAHNHAILEYOHIO NOR,0,0,,,Ohio Northern,OHIO NOR,0,,,,,,,,,,,,,,,,,,,,,,,,,,,,,,,,,,,,,,,,,,,,,,,,,,,,,0,,,,,
2026-27,mlax,Ohio Athletic Conference (OAC),oac,Ohio Northern,Helena Centolanza,Helena,Centolanza,,517,Helena Centolanza,"CENTOLANZA,HELENA",CENTOLANZAHELENAOHIO NOR,0,0,,,Ohio Northern,OHIO NOR,0,,,,,,,,,,,,,,,,,,,,,,,,,,,,,,,,,,,,,,,,,,,,,,,,,,,,,0,,,,,
2026-27,mlax,Ohio Athletic Conference (OAC),oac,Ohio Northern,Regan Hopkins,Regan,Hopkins,,517,Regan Hopkins,"HOPKINS,REGAN",HOPKINSREGANOHIO NOR,0,0,,,Ohio Northern,OHIO NOR,0,0,0,0,0,0,0,0,0,0,0,0,0,0,0,0,0,0,0,0,0,0,0,0,0,0,0,0,00:00,0,0,1.000,,,,,,,,,,,,,,,0,0,0,0,0,0,.000,0,,,,,
2026-27,mlax,Ohio Athletic Conference (OAC),oac,Ohio Northern,Mackenzie Miller,Mackenzie,Miller,,517,Mackenzie Miller,"MILLER,MACKENZIE",MILLERMACKENZIEOHIO NOR,0,0,,,Ohio Northern,OHIO NOR,0,,,,,,,,,,,,,,,,,,,,,,,,,,,,,,,,,,,,,,,,,,,,,,,,,,,,,0,,,,,
2026-27,mlax,Ohio Athletic Conference (OAC),oac,Ohio Northern,Caroline Roecker,Caroline,Roecker,,517,Caroline Roecker,"ROECKER,CAROLINE",ROECKERCAROLINEOHIO NOR,0,0,,,Ohio Northern,OHIO NOR,0,,,,,,,,,,,,,,,,,,,,,,,,,,,,,,,,,,,,,,,,,,,,,,,,,,,,,0,,,,,
2026-27,mlax,Ohio Athletic Conference (OAC),oac,Ohio Northern,Jaxsyn Murdock,Jaxsyn,Murdock,,517,Jaxsyn Murdock,"MURDOCK,JAXSYN",MURDOCKJAXSYNOHIO NOR,0,0,,,Ohio Northern,OHIO NOR,0,0,0,0,0,0,0,0,0,0,0,0,0,0,0,0,0,0,0,0,0,0,0,0,0,0,0,0,00:00,0,0,1.000,,,,,,,,,,,,,,,0,0,0,0,0,0,.000,0,,,,,
2026-27,mlax,Ohio Athletic Conference (OAC),oac,Ohio Northern,Isabelle Salata,Isabelle,Salata,,517,Isabelle Salata,"SALATA,ISABELLE",SALATAISABELLEOHIO NOR,0,0,,,Ohio Northern,OHIO NOR,0,0,0,0,0,0,0,0,0,0,0,0,0,0,0,0,0,0,0,0,0,0,0,0,0,0,0,0,00:00,0,0,1.000,,,,,,,,,,,,,,,0,0,0,0,0,0,.000,0,,,,,
2026-27,mlax,Ohio Athletic Conference (OAC),oac,Ohio Northern,Clarissa Hamilton,Clarissa,Hamilton,,517,Clarissa Hamilton,"HAMILTON,CLARISSA",HAMILTONCLARISSAOHIO NOR,0,0,,,Ohio Northern,OHIO NOR,0,0,0,0,0,0,0,0,0,0,0,0,0,0,0,0,0,0,0,0,0,0,0,0,0,0,0,0,00:00,0,0,1.000,,,,,,,,,,,,,,,0,0,0,0,0,0,.000,0,,,,,
2026-27,mlax,Ohio Athletic Conference (OAC),oac,Ohio Northern,Lydia Lehman,Lydia,Lehman,,517,Lydia Lehman,"LEHMAN,LYDIA",LEHMANLYDIAOHIO NOR,0,0,,,Ohio Northern,OHIO NOR,0,0,0,0,0,0,0,0,0,0,0,0,0,0,0,0,0,0,0,0,0,0,0,0,0,0,0,0,00:00,0,0,1.000,,,,,,,,,,,,,,,0,0,0,0,0,0,.000,0,,,,,
2026-27,mlax,Ohio Athletic Conference (OAC),oac,Ohio Northern,Abbi Arnold,Abbi,Arnold,,517,Abbi Arnold,"ARNOLD,ABBI",ARNOLDABBIOHIO NOR,0,0,,,Ohio Northern,OHIO NOR,0,0,0,0,0,0,0,0,0,0,0,0,0,0,0,0,0,0,0,0,0,0,0,0,0,0,0,0,00:00,0,0,1.000,,,,,,,,,,,,,,,0,0,0,0,0,0,.000,0,,,,,
2026-27,mlax,Ohio Athletic Conference (OAC),oac,Ohio Northern,Natalie Ionata,Natalie,Ionata,,517,Natalie Ionata,"IONATA,NATALIE",IONATANATALIEOHIO NOR,0,0,,,Ohio Northern,OHIO NOR,0,0,0,0,0,0,0,0,0,0,0,0,0,0,0,0,0,0,0,0,0,0,0,0,0,0,0,0,00:00,0,0,1.000,,,,,,,,,,,,,,,0,0,0,0,0,0,.000,0,,,,,
2026-27,mlax,Ohio Athletic Conference (OAC),oac,Ohio Northern,Kara Fox,Kara,Fox,,517,Kara Fox,"FOX,KARA",FOXKARAOHIO NOR,0,0,,,Ohio Northern,OHIO NOR,0,0,0,0,0,0,0,0,0,0,0,0,0,0,0,0,0,0,0,0,0,0,0,0,0,0,0,0,00:00,0,0,1.000,0,00:00,0,0,0,1,0,0,0,0,0,0,.00,.000,0,0,0,0,0,0,.000,0,,,,,
2026-27,mlax,Ohio Athletic Conference (OAC),oac,Otterbein,Aidan Pirker,Aidan,Pirker,,531,Aidan Pirker,"PIRKER,AIDAN",PIRKERAIDANOTT,10,0,,,Otterbein,OTT,1285-4986,0,0,0,0,0,0,0,0,0,0,0,0,0,0,0,0,0,0,0,0,0,8,31,4,0,5,4,00:00,0,39,1.000,,,,,,,,,,,,,,,1,2,0,1,0,1,.500,0.10,,,,,
2026-27,mlax,Ohio Athletic Conference (OAC),oac,Otterbein,Marcus Wright,Marcus,Wright,,531,Marcus Wright,"WRIGHT,MARCUS",WRIGHTMARCUSOTT,16,16,,,Otterbein,OTT,1285-4195,0,0,0,0,0,1,6,0,5,1,0,0,0,0,0,0,0,2,0,0,0,0,0,27,0,23,7,928:00,94,0,1.000,,,,,,,,,,,,,,,25,52,0,23,9,14,.481,1.44,,,,,
2026-27,mlax,Ohio Athletic Conference (OAC),oac,Otterbein,Sam Becker,Sam,Becker,,531,Sam Becker,"BECKER,SAM",BECKERSAMOTT,8,0,,,Otterbein,OTT,1285-4185,0,0,0,0,0,0,3,0,0,0,0,0,0,0,0,0,0,0,0,0,0,69,80,33,0,1,5,00:00,0,149,1.000,,,,,,,,,,,,,,,3,4,0,3,0,3,.750,0.38,,,,,
2026-27,mlax,Ohio Athletic Conference (OAC),oac,Otterbein,Zach Mulligan,Zach,Mulligan,,531,Zach Mulligan,"MULLIGAN,ZACH",MULLIGANZACHOTT,16,16,,,Otterbein,OTT,1285-4186,0,0,0,0,0,1,3,0,4,0,0,0,0,0,0,0,0,1,2,0,0,0,0,14,0,21,4,928:00,94,0,1.000,,,,,,,,,,,,,,,41,61,0,35,12,23,.672,2.19,,,,,
2026-27,mlax,Ohio Athletic Conference (OAC),oac,Otterbein,Max Luther,Max,Luther,,531,Max Luther,"LUTHER,MAX",LUTHERMAXOTT,16,15,,,Otterbein,OTT,1285-4742,0,0,0,0,0,1,30,0,3,2,0,0,0,0,0,0,0,4,3,0,0,0,0,19,0,32,8,868:00,94,0,1.000,,,,,,,,,,,,,,,83,132,0,48,8,40,.629,3.00,,,,,
2026-27,mlax,Ohio Athletic Conference (OAC),oac,Otterbein,Nicholas King,Nicholas,King,,531,Nicholas King,"KING,NICHOLAS",KINGNICHOLASOTT,16,16,,,Otterbein,OTT,1285-4987,0,0,0,0,0,3,8,1,1,1,0,0,0,0,0,0,0,1,2,0,0,0,0,23,0,24,9,928:00,94,0,1.000,,,,,,,,,,,,,,,42,80,0,26,11,15,.525,1.63,,,,,
2026-27,mlax,Ohio Athletic Conference (OAC),oac,Otterbein,Isaiah Smith,Isaiah,Smith,,531,Isaiah Smith,"SMITH,ISAIAH",SMITHISAIAHOTT,12,0,,,Otterbein,OTT,1285-4424,0,0,0,0,0,0,0,0,0,0,0,0,0,0,0,0,0,0,0,0,0,0,0,15,0,2,5,00:00,0,0,1.000,,,,,,,,,,,,,,,0,0,0,1,1,0,.000,0.08,,,,,
2026-27,mlax,Ohio Athletic Conference (OAC),oac,Otterbein,Noah Sutton,Noah,Sutton,,531,Noah Sutton,"SUTTON,NOAH",SUTTONNOAHOTT,1,0,,,Otterbein,OTT,1285-4743,0,0,0,0,0,0,0,0,0,0,0,0,0,0,0,0,0,0,0,0,0,0,0,0,0,0,0,00:00,0,0,1.000,,,,,,,,,,,,,,,1,1,0,0,0,0,1.000,0.00,,,,,
2026-27,mlax,Ohio Athletic Conference (OAC),oac,Otterbein,Evan Crowe,Evan,Crowe,,531,Evan Crowe,"CROWE,EVAN",CROWEEVANOTT,11,0,,,Otterbein,OTT,1285-4744,0,0,0,0,0,0,2,0,0,0,0,0,0,0,0,0,0,0,0,0,0,0,0,1,0,2,0,00:00,0,0,1.000,,,,,,,,,,,,,,,7,12,0,4,0,4,.583,0.36,,,,,
2026-27,mlax,Ohio Athletic Conference (OAC),oac,Otterbein,Zach Merrill,Zach,Merrill,,531,Zach Merrill,"MERRILL,ZACH",MERRILLZACHOTT,12,0,,,Otterbein,OTT,1285-4431,0,0,0,0,0,0,0,0,1,0,0,0,0,0,0,0,0,0,2,0,0,0,0,3,0,5,1,00:00,0,0,1.000,,,,,,,,,,,,,,,11,17,0,6,1,5,.647,0.50,,,,,
2026-27,mlax,Ohio Athletic Conference (OAC),oac,Otterbein,Aj Wiseman,Aj,Wiseman,,531,Aj Wiseman,"WISEMAN,AJ",WISEMANAJOTT,0,0,,,Otterbein,OTT,1285-4988,,,,,,,,,,,,,,,,,,,,,,,,,,,,,,,,,,,,,,,,,,,,,,,,,,,,,0,,,,,
2026-27,mlax,Ohio Athletic Conference (OAC),oac,Otterbein,Matt Reader,Matt,Reader,,531,Matt Reader,"READER,MATT",READERMATTOTT,15,0,,,Otterbein,OTT,1285-4430,0,0,0,0,0,0,0,0,0,0,0,0,0,0,0,0,0,1,0,0,0,0,0,17,0,5,5,00:00,0,0,1.000,,,,,,,,,,,,,,,3,4,0,1,0,1,.750,0.07,,,,,
2026-27,mlax,Ohio Athletic Conference (OAC),oac,Otterbein,Andrew Lewis,Andrew,Lewis,,531,Andrew Lewis,"LEWIS,ANDREW",LEWISANDREWOTT,16,16,,,Otterbein,OTT,1285-4432,0,0,0,0,0,0,8,0,1,1,0,0,0,0,0,0,0,1,2,0,0,0,0,8,0,25,3,928:00,94,0,1.000,,,,,,,,,,,,,,,36,65,0,36,22,14,.554,2.25,,,,,
2026-27,mlax,Ohio Athletic Conference (OAC),oac,Otterbein,Noah West,Noah,West,,531,Noah West,"WEST,NOAH",WESTNOAHOTT,7,0,,,Otterbein,OTT,1285-4745,0,0,0,0,0,0,0,0,0,0,0,0,0,0,0,0,0,0,0,0,0,0,0,3,0,3,1,00:00,0,0,1.000,,,,,,,,,,,,,,,1,1,0,0,0,0,1.000,0.00,,,,,
2026-27,mlax,Ohio Athletic Conference (OAC),oac,Otterbein,Cole Swallows,Cole,Swallows,,531,Cole Swallows,"SWALLOWS,COLE",SWALLOWSCOLEOTT,16,0,,,Otterbein,OTT,1285-4989,0,0,0,0,0,0,0,0,0,0,0,0,0,0,0,0,0,2,1,0,0,30,85,37,0,9,10,00:00,0,115,1.000,,,,,,,,,,,,,,,1,1,0,0,0,0,1.000,0.00,,,,,
2026-27,mlax,Ohio Athletic Conference (OAC),oac,Otterbein,William Hoschak,William,Hoschak,,531,William Hoschak,"HOSCHAK,WILLIAM",HOSCHAKWILLIAMOTT,8,1,,,Otterbein,OTT,1285-4746,0,0,0,0,0,0,0,0,0,0,0,0,0,0,0,0,0,0,0,0,0,0,0,5,0,2,0,79:00,33,0,1.000,8,112:18,21,20,0,2,0,0,0,0,0,81,11.22,.488,0,0,0,0,0,0,.000,0.00,,,,,
2026-27,mlax,Ohio Athletic Conference (OAC),oac,Otterbein,Kaiden Haag,Kaiden,Haag,,531,Kaiden Haag,"HAAG,KAIDEN",HAAGKAIDENOTT,3,0,,,Otterbein,OTT,1285-4990,0,0,0,0,0,0,0,0,0,0,0,0,0,0,0,0,0,0,0,0,0,0,0,1,0,2,1,00:00,0,0,1.000,,,,,,,,,,,,,,,0,1,0,0,0,0,.000,0.00,,,,,
2026-27,mlax,Ohio Athletic Conference (OAC),oac,Otterbein,Isaac Wilhoit,Isaac,Wilhoit,,531,Isaac Wilhoit,"WILHOIT,ISAAC",WILHOITISAACOTT,8,0,,,Otterbein,OTT,1285-4991,0,0,0,0,0,0,0,0,0,0,0,0,0,0,0,0,0,0,0,0,0,0,0,8,0,1,1,00:00,0,0,1.000,,,,,,,,,,,,,,,0,0,0,0,0,0,.000,0.00,,,,,
2026-27,mlax,Ohio Athletic Conference (OAC),oac,Otterbein,Teagen Davis,Teagen,Davis,,531,Teagen Davis,"DAVIS,TEAGEN",DAVISTEAGENOTT,7,0,,,Otterbein,OTT,1285-4992,0,0,0,0,0,0,0,0,0,0,0,0,0,0,0,0,0,0,0,0,0,26,29,10,0,3,0,00:00,0,55,1.000,,,,,,,,,,,,,,,0,0,0,0,0,0,.000,0.00,,,,,
2026-27,mlax,Ohio Athletic Conference (OAC),oac,Otterbein,Gabe Thayer,Gabe,Thayer,,531,Gabe Thayer,"THAYER,GABE",THAYERGABEOTT,16,0,,,Otterbein,OTT,1285-4748,0,0,0,0,0,0,17,0,0,1,0,0,0,0,0,0,0,1,2,0,0,0,1,15,0,21,4,00:00,0,1,1.000,,,,,,,,,,,,,,,51,90,0,23,2,21,.567,1.44,,,,,
2026-27,mlax,Ohio Athletic Conference (OAC),oac,Otterbein,Elijah Buggs,Elijah,Buggs,,531,Elijah Buggs,"BUGGS,ELIJAH",BUGGSELIJAHOTT,10,0,,,Otterbein,OTT,1285-4749,0,0,0,0,0,0,0,0,0,0,0,0,0,0,0,0,0,0,1,0,0,0,0,6,0,3,4,00:00,0,0,1.000,,,,,,,,,,,,,,,0,0,0,0,0,0,.000,0.00,,,,,
2026-27,mlax,Ohio Athletic Conference (OAC),oac,Otterbein,Wyatt Clemons,Wyatt,Clemons,,531,Wyatt Clemons,"CLEMONS,WYATT",CLEMONSWYATTOTT,0,0,,,Otterbein,OTT,1285-4993,,,,,,,,,,,,,,,,,,,,,,,,,,,,,,,,,,,,,,,,,,,,,,,,,,,,,0,,,,,
2026-27,mlax,Ohio Athletic Conference (OAC),oac,Otterbein,Mitch Kleman,Mitch,Kleman,,531,Mitch Kleman,"KLEMAN,MITCH",KLEMANMITCHOTT,15,1,,,Otterbein,OTT,1285-4433,0,0,0,0,0,0,0,0,0,0,0,0,0,0,0,0,0,0,0,0,0,0,0,11,0,5,4,60:00,0,0,1.000,,,,,,,,,,,,,,,0,0,0,0,0,0,.000,0.00,,,,,
2026-27,mlax,Ohio Athletic Conference (OAC),oac,Otterbein,Alex Gould,Alex,Gould,,531,Alex Gould,"GOULD,ALEX",GOULDALEXOTT,3,0,,,Otterbein,OTT,1285-4994,0,0,0,0,0,0,0,0,0,0,0,0,0,0,0,0,0,0,0,0,0,0,0,0,0,0,0,00:00,0,0,1.000,,,,,,,,,,,,,,,0,0,0,0,0,0,.000,0.00,,,,,
2026-27,mlax,Ohio Athletic Conference (OAC),oac,Otterbein,Shane Kleman,Shane,Kleman,,531,Shane Kleman,"KLEMAN,SHANE",KLEMANSHANEOTT,13,0,,,Otterbein,OTT,1285-4995,0,0,0,0,0,0,0,0,0,0,0,0,0,0,0,0,0,1,0,0,0,25,52,11,0,2,0,00:00,0,77,1.000,,,,,,,,,,,,,,,0,0,0,1,1,0,.000,0.08,,,,,
2026-27,mlax,Ohio Athletic Conference (OAC),oac,Otterbein,Aiden Kight,Aiden,Kight,,531,Aiden Kight,"KIGHT,AIDEN",KIGHTAIDENOTT,0,0,,,Otterbein,OTT,1285-4996,,,,,,,,,,,,,,,,,,,,,,,,,,,,,,,,,,,,,,,,,,,,,,,,,,,,,0,,,,,
2026-27,mlax,Ohio Athletic Conference (OAC),oac,Otterbein,Max Esque,Max,Esque,,531,Max Esque,"ESQUE,MAX",ESQUEMAXOTT,15,15,,,Otterbein,OTT,1285-4434,0,0,0,0,0,0,0,0,0,0,0,0,0,0,0,0,0,4,1,0,0,0,0,15,0,4,11,868:00,94,0,1.000,,,,,,,,,,,,,,,1,1,0,0,0,0,1.000,0.00,,,,,
2026-27,mlax,Ohio Athletic Conference (OAC),oac,Otterbein,Nick Miller,Nick,Miller,,531,Nick Miller,"MILLER,NICK",MILLERNICKOTT,16,16,,,Otterbein,OTT,1285-4422,0,0,0,0,0,0,0,0,0,0,0,0,0,0,0,0,0,1,1,0,0,0,0,23,0,3,14,928:00,94,0,1.000,,,,,,,,,,,,,,,0,0,0,0,0,0,.000,0.00,,,,,
2026-27,mlax,Ohio Athletic Conference (OAC),oac,Otterbein,Nathan Hemeryck,Nathan,Hemeryck,,531,Nathan Hemeryck,"HEMERYCK,NATHAN",HEMERYCKNATHANOTT,2,0,,,Otterbein,OTT,1285-4751,0,0,0,0,0,0,0,0,0,0,0,0,0,0,0,0,0,0,0,0,0,0,0,0,0,0,0,00:00,0,0,1.000,,,,,,,,,,,,,,,0,0,0,0,0,0,.000,0.00,,,,,
2026-27,mlax,Ohio Athletic Conference (OAC),oac,Otterbein,Louis Griese,Louis,Griese,,531,Louis Griese,"GRIESE,LOUIS",GRIESELOUISOTT,16,0,,,Otterbein,OTT,1285-4753,0,0,0,0,0,0,0,0,0,0,0,0,0,0,0,0,1,3,0,0,0,0,0,18,0,3,8,00:00,0,0,1.000,,,,,,,,,,,,,,,1,2,0,0,0,0,.500,0.00,,,,,
2026-27,mlax,Ohio Athletic Conference (OAC),oac,Otterbein,Matthew Steinmetz,Matthew,Steinmetz,,531,Matthew Steinmetz,"STEINMETZ,MATTHEW",STEINMETZMATTHEWOTT,5,0,,,Otterbein,OTT,1285-4997,0,0,0,0,0,0,0,0,0,0,0,0,0,0,0,0,0,0,0,0,0,0,0,1,0,1,0,01:00,54,0,1.000,5,30:51,9,12,0,0,0,0,0,0,0,34,17.50,.571,0,0,0,0,0,0,.000,0.00,,,,,
2026-27,mlax,Ohio Athletic Conference (OAC),oac,Otterbein,Jacob Snyder,Jacob,Snyder,,531,Jacob Snyder,"SNYDER,JACOB",SNYDERJACOBOTT,15,0,,,Otterbein,OTT,1285-4423,0,0,0,0,0,0,0,0,0,1,0,0,0,0,0,0,0,0,0,0,0,0,0,3,0,4,1,00:00,0,0,1.000,,,,,,,,,,,,,,,10,17,0,4,0,4,.588,0.27,,,,,
2026-27,mlax,Ohio Athletic Conference (OAC),oac,Otterbein,Zach Courie,Zach,Courie,,531,Zach Courie,"COURIE,ZACH",COURIEZACHOTT,15,14,,,Otterbein,OTT,1285-4426,0,0,0,0,0,0,0,0,0,0,0,0,0,0,0,0,0,0,0,0,0,0,0,49,0,15,13,805:00,150,0,1.000,15,786:25,175,148,0,6,8,0,2,0,0,564,13.35,.458,0,0,0,0,0,0,.000,0.00,,,,,
2026-27,mlax,Ohio Athletic Conference (OAC),oac,Otterbein,Theron Cable,Theron,Cable,,531,Theron Cable,"CABLE,THERON",CABLETHERONOTT,16,16,,,Otterbein,OTT,1285-4193,0,0,0,0,0,0,0,0,0,0,0,0,0,0,0,0,0,5,4,0,0,0,0,35,0,10,20,909:00,71,0,1.000,,,,,,,,,,,,,,,0,0,0,0,0,0,.000,0.00,,,,,
2026-27,mlax,Ohio Athletic Conference (OAC),oac,Otterbein,Tyler Pruden,Tyler,Pruden,,531,Tyler Pruden,"PRUDEN,TYLER",PRUDENTYLEROTT,16,0,,,Otterbein,OTT,1285-4755,0,0,0,0,0,0,3,0,0,0,0,0,0,0,0,0,0,0,0,0,0,0,1,33,0,11,10,00:00,0,1,1.000,,,,,,,,,,,,,,,7,12,0,5,2,3,.583,0.31,,,,,
2026-27,mlax,Ohio Athletic Conference (OAC),oac,Otterbein,Preston Worth,Preston,Worth,,531,Preston Worth,"WORTH,PRESTON",WORTHPRESTONOTT,3,0,,,Otterbein,OTT,1285-4998,0,0,0,0,0,0,0,0,0,0,0,0,0,0,0,0,0,0,0,0,0,0,0,1,0,0,0,00:00,0,0,1.000,,,,,,,,,,,,,,,0,0,0,0,0,0,.000,0.00,,,,,
2026-27,mlax,Ohio Athletic Conference (OAC),oac,Otterbein,Jack Kennedy,Jack,Kennedy,,531,Jack Kennedy,"KENNEDY,JACK",KENNEDYJACKOTT,10,1,,,Otterbein,OTT,1285-4756,0,0,0,0,0,0,3,0,0,0,0,0,0,0,0,0,0,0,0,0,0,0,0,5,0,2,0,60:00,0,0,1.000,,,,,,,,,,,,,,,10,12,0,11,4,7,.833,1.10,,,,,
2026-27,mlax,Ohio Athletic Conference (OAC),oac,Otterbein,Jack Regruth,Jack,Regruth,,531,Jack Regruth,"REGRUTH,JACK",REGRUTHJACKOTT,16,15,,,Otterbein,OTT,1285-4425,0,0,0,0,0,0,9,0,9,1,0,0,0,0,0,0,0,0,0,0,0,0,0,22,0,44,9,868:00,94,0,1.000,,,,,,,,,,,,,,,59,94,0,52,21,31,.628,3.25,,,,,
2026-27,mlax,Ohio Athletic Conference (OAC),oac,Otterbein,"Buggs, EJ",EJ,Buggs,,531,"Buggs, EJ","BUGGS,EJ",BUGGSEJOTT,0,0,,,Otterbein,OTT,0,,,,,,,,,,,,,,,,,,,,,,,,,,,,,,,,,,,,,,,,,,,,,,,,,,,,,0,,,,,
2026-27,mlax,Ohio Athletic Conference (OAC),oac,Otterbein,"Kelman, Shane",Shane,Kelman,,531,"Kelman, Shane","KELMAN,SHANE",KELMANSHANEOTT,1,0,,,Otterbein,OTT,0,0,0,0,0,0,0,0,0,0,0,0,0,0,0,0,0,0,0,0,0,0,1,2,0,0,0,0,00:00,0,3,1.000,,,,,,,,,,,,,,,0,0,0,0,0,0,.000,0.00,,,,,
2026-27,mlax,Ohio Athletic Conference (OAC),oac,Otterbein,"Hemeryck, Nate",Nate,Hemeryck,,531,"Hemeryck, Nate","HEMERYCK,NATE",HEMERYCKNATEOTT,0,0,,,Otterbein,OTT,0,,,,,,,,,,,,,,,,,,,,,,,,,,,,,,,,,,,,,,,,,,,,,,,,,,,,,0,,,,,
2026-27,mlax,Ohio Athletic Conference (OAC),oac,Wilmington,KJ Davis,KJ,Davis,,1461,KJ Davis,"DAVIS,KJ",DAVISKJWILMINGT,16,16,,,Wilmington,WILMINGT,1286-3781,0,0,0,0,0,0,9,0,1,1,0,0,0,0,0,0,0,2,0,0,0,0,0,35,0,21,7,955:00,94,0,1.000,,,,,,,,,,,,,,,33,50,0,19,4,15,.660,1.19,,,,,
2026-27,mlax,Ohio Athletic Conference (OAC),oac,Wilmington,Tyler Spotts,Tyler,Spotts,,1461,Tyler Spotts,"SPOTTS,TYLER",SPOTTSTYLERWILMINGT,16,0,,,Wilmington,WILMINGT,1286-3779,0,0,0,0,0,0,0,0,0,0,0,0,0,0,0,0,0,1,2,0,0,96,123,62,0,15,1,00:00,0,219,1.000,,,,,,,,,,,,,,,1,1,0,0,0,0,1.000,0.00,,,,,
2026-27,mlax,Ohio Athletic Conference (OAC),oac,Wilmington,Zach Swearingen,Zach,Swearingen,,1461,Zach Swearingen,"SWEARINGEN,ZACH",SWEARINGENZACHWILMINGT,16,5,,,Wilmington,WILMINGT,1286-3599,0,0,0,0,0,0,1,0,0,0,0,0,0,0,0,0,1,0,4,0,0,0,0,34,0,36,14,281:00,2,0,1.000,,,,,,,,,,,,,,,5,16,0,12,10,2,.313,0.75,,,,,
2026-27,mlax,Ohio Athletic Conference (OAC),oac,Wilmington,Nick Roca,Nick,Roca,,1461,Nick Roca,"ROCA,NICK",ROCANICKWILMINGT,16,16,,,Wilmington,WILMINGT,1286-1771,0,0,0,0,0,1,18,0,3,1,0,0,0,0,0,0,0,4,5,0,0,1,0,27,0,22,8,955:00,94,1,1.000,,,,,,,,,,,,,,,70,151,0,46,12,34,.464,2.88,,,,,
2026-27,mlax,Ohio Athletic Conference (OAC),oac,Wilmington,Bryson Mcclanahan,Bryson,Mcclanahan,,1461,Bryson Mcclanahan,"MCCLANAHAN,BRYSON",MCCLANAHANBRYSONWILMINGT,15,0,,,Wilmington,WILMINGT,1286-3776,0,0,0,0,0,0,0,0,0,0,0,0,0,0,0,0,0,6,2,0,0,0,1,7,0,6,5,00:00,0,1,1.000,,,,,,,,,,,,,,,0,0,0,0,0,0,.000,0.00,,,,,
2026-27,mlax,Ohio Athletic Conference (OAC),oac,Wilmington,Sam Snyder,Sam,Snyder,,1461,Sam Snyder,"SNYDER,SAM",SNYDERSAMWILMINGT,15,0,,,Wilmington,WILMINGT,1286-3778,0,0,0,0,0,0,1,0,0,0,0,0,0,0,0,0,0,0,1,0,0,82,91,45,0,7,2,00:00,0,173,1.000,,,,,,,,,,,,,,,4,5,0,5,4,1,.800,0.33,,,,,
2026-27,mlax,Ohio Athletic Conference (OAC),oac,Wilmington,Garrett Reigelsperger,Garrett,Reigelsperger,,1461,Garrett Reigelsperger,"REIGELSPERGER,GARRETT",REIGELSPERGERGARRETTWILMINGT,15,14,,,Wilmington,WILMINGT,1286-3597,0,0,0,0,0,2,3,1,7,2,0,0,0,0,0,0,0,0,0,0,0,0,0,30,0,13,2,835:00,94,0,1.000,,,,,,,,,,,,,,,55,83,0,45,5,40,.663,3.00,,,,,
2026-27,mlax,Ohio Athletic Conference (OAC),oac,Wilmington,Brody Parsley,Brody,Parsley,,1461,Brody Parsley,"PARSLEY,BRODY",PARSLEYBRODYWILMINGT,16,13,,,Wilmington,WILMINGT,1286-3281,0,0,0,0,0,0,0,0,0,0,0,0,0,0,0,0,0,4,1,0,0,0,1,21,0,14,9,790:00,45,1,1.000,,,,,,,,,,,,,,,0,4,0,1,1,0,.000,0.06,,,,,
2026-27,mlax,Ohio Athletic Conference (OAC),oac,Wilmington,Ben Parke,Ben,Parke,,1461,Ben Parke,"PARKE,BEN",PARKEBENWILMINGT,0,0,,,Wilmington,WILMINGT,1286-3310,0,0,0,0,0,0,0,0,0,0,0,0,0,0,0,0,0,0,0,0,0,0,0,0,0,0,0,00:00,0,0,1.000,,,,,,,,,,,,,,,0,0,0,0,0,0,.000,0,,,,,
2026-27,mlax,Ohio Athletic Conference (OAC),oac,Wilmington,Brandon Osborne,Brandon,Osborne,,1461,Brandon Osborne,"OSBORNE,BRANDON",OSBORNEBRANDONWILMINGT,15,8,,,Wilmington,WILMINGT,1286-3777,0,0,0,0,0,0,7,0,0,0,0,0,0,0,0,0,0,3,4,0,0,0,0,41,0,28,5,484:00,47,0,1.000,,,,,,,,,,,,,,,20,46,0,16,7,9,.435,1.07,,,,,
2026-27,mlax,Ohio Athletic Conference (OAC),oac,Wilmington,Danny Fitzpatrick,Danny,Fitzpatrick,,1461,Danny Fitzpatrick,"FITZPATRICK,DANNY",FITZPATRICKDANNYWILMINGT,15,14,,,Wilmington,WILMINGT,1286-3774,0,0,0,0,0,2,10,0,4,1,0,0,0,0,0,0,0,4,8,0,0,0,0,28,0,22,8,825:00,49,0,1.000,,,,,,,,,,,,,,,44,60,0,27,6,21,.733,1.80,,,,,
2026-27,mlax,Ohio Athletic Conference (OAC),oac,Wilmington,Tyler Cunningham,Tyler,Cunningham,,1461,Tyler Cunningham,"CUNNINGHAM,TYLER",CUNNINGHAMTYLERWILMINGT,16,3,,,Wilmington,WILMINGT,1286-3306,0,0,0,0,0,1,1,0,2,0,0,0,0,0,0,0,0,1,0,0,0,0,0,9,0,13,3,190:00,45,0,1.000,,,,,,,,,,,,,,,16,34,0,14,6,8,.471,0.88,,,,,
2026-27,mlax,Ohio Athletic Conference (OAC),oac,Wilmington,Cash Zickefoose,Cash,Zickefoose,,1461,Cash Zickefoose,"ZICKEFOOSE,CASH",ZICKEFOOSECASHWILMINGT,15,0,,,Wilmington,WILMINGT,1286-3780,0,0,0,0,0,0,0,0,0,0,0,0,0,0,0,0,0,2,2,0,0,0,0,6,0,8,2,00:00,0,0,1.000,,,,,,,,,,,,,,,0,1,0,1,1,0,.000,0.07,,,,,
2026-27,mlax,Ohio Athletic Conference (OAC),oac,Wilmington,Damian Dean,Damian,Dean,,1461,Damian Dean,"DEAN,DAMIAN",DEANDAMIANWILMINGT,15,7,,,Wilmington,WILMINGT,1286-1444,0,0,0,0,0,0,0,0,0,0,0,0,0,0,0,0,0,1,0,0,0,0,1,8,0,5,4,415:00,94,1,1.000,,,,,,,,,,,,,,,0,2,0,0,0,0,.000,0.00,,,,,
2026-27,mlax,Ohio Athletic Conference (OAC),oac,Wilmington,Manny Castillo,Manny,Castillo,,1461,Manny Castillo,"CASTILLO,MANNY",CASTILLOMANNYWILMINGT,16,4,,,Wilmington,WILMINGT,1286-3598,0,0,0,0,0,0,2,0,0,0,0,0,0,0,0,0,0,0,3,0,0,0,0,17,0,13,4,250:00,45,0,1.000,,,,,,,,,,,,,,,8,24,0,8,5,3,.333,0.50,,,,,
2026-27,mlax,Ohio Athletic Conference (OAC),oac,Wilmington,Dawson Fitzpatrick,Dawson,Fitzpatrick,,1461,Dawson Fitzpatrick,"FITZPATRICK,DAWSON",FITZPATRICKDAWSONWILMINGT,16,16,,,Wilmington,WILMINGT,1286-3775,0,0,0,0,0,0,5,0,3,0,0,0,0,0,0,0,0,2,0,0,0,7,9,30,0,39,4,955:00,94,16,1.000,,,,,,,,,,,,,,,33,60,0,36,23,13,.550,2.25,,,,,
2026-27,mlax,Ohio Athletic Conference (OAC),oac,Wilmington,Sincere Gleaton,Sincere,Gleaton,,1461,Sincere Gleaton,"GLEATON,SINCERE",GLEATONSINCEREWILMINGT,16,0,,,Wilmington,WILMINGT,1286-3785,0,0,0,0,0,0,0,0,0,0,0,0,0,0,0,0,0,1,3,0,0,0,0,26,0,14,20,00:00,0,0,1.000,,,,,,,,,,,,,,,2,4,0,2,2,0,.500,0.13,,,,,
2026-27,mlax,Ohio Athletic Conference (OAC),oac,Wilmington,Dmitri Rose,Dmitri,Rose,,1461,Dmitri Rose,"ROSE,DMITRI",ROSEDMITRIWILMINGT,15,15,,,Wilmington,WILMINGT,1286-3786,0,0,0,0,0,0,0,0,0,0,0,0,0,0,0,0,0,6,2,0,0,0,1,43,0,26,13,895:00,94,1,1.000,,,,,,,,,,,,,,,1,3,0,2,2,0,.333,0.13,,,,,
2026-27,mlax,Ohio Athletic Conference (OAC),oac,Wilmington,Skoebie Atkinson,Skoebie,Atkinson,,1461,Skoebie Atkinson,"ATKINSON,SKOEBIE",ATKINSONSKOEBIEWILMINGT,14,13,,,Wilmington,WILMINGT,1286-3771,0,0,0,0,0,0,1,0,0,0,0,0,0,0,0,0,0,0,0,0,0,0,0,29,0,11,2,730:00,107,0,1.000,14,685:56,151,127,0,5,9,0,4,0,0,448,13.21,.457,1,1,0,1,0,1,1.000,0.07,,,,,
2026-27,mlax,Ohio Athletic Conference (OAC),oac,Wilmington,Peyton Thompson,Peyton,Thompson,,1461,Peyton Thompson,"THOMPSON,PEYTON",THOMPSONPEYTONWILMINGT,12,3,,,Wilmington,WILMINGT,1286-3312,0,0,0,0,0,0,0,0,0,0,0,0,0,0,0,0,0,0,0,0,0,0,0,14,0,13,1,222:00,167,0,1.000,11,270:38,69,59,0,0,0,0,0,0,0,213,15.30,.461,0,0,0,0,0,0,.000,0.00,,,,,
2026-27,mlax,Ohio Athletic Conference (OAC),oac,Wilmington,Elijah Loux,Elijah,Loux,,1461,Elijah Loux,"LOUX,ELIJAH",LOUXELIJAHWILMINGT,16,13,,,Wilmington,WILMINGT,1286-3307,0,0,0,0,0,0,0,0,0,0,0,0,0,0,0,0,1,2,2,0,0,0,0,17,0,6,7,765:00,49,0,1.000,,,,,,,,,,,,,,,1,2,0,1,1,0,.500,0.06,,,,,
