season,sport,conference,conference_code,team,player_name,first_name,last_name,position,team_code,name,checkname,team_name,team_id,sdrm_id,games_played,games_started,uniform,year,code,shot_stats_penalty_kick_attempts,shot_stats_penalty_kick_goals,shot_stats_shots_on_goal,shot_stats_shots,shot_stats_points,shot_stats_assists,shot_stats_goals,shot_stats_penalty_shot_attempts,shot_stats_penalty_shot_goals,shot_stats_avg_shots_per_game,shot_stats_avg_sog_per_game,shot_stats_avg_points_per_game,shot_stats_avg_goals_per_game,shot_stats_avg_assists_per_game,shot_stats_shots_saved_by_goalie,goal_stats_game_tying,goal_stats_hattricks,goal_stats_overtime,goal_stats_first,goal_stats_unassisted,goal_stats_game_winning,goal_stats_avg_gw_per_game,caution_stats_fouls,caution_stats_red_cards,caution_stats_yellow_cards,caution_stats_green_cards,caution_stats_avg_fouls_per_game,caution_stats_avg_yc_per_game,caution_stats_avg_rc_per_game,caution_stats_avg_gc_per_game,misc_stats_offsides,misc_stats_corner_kicks,misc_stats_minutes_played,misc_stats_defensive_saves,misc_stats_avg_corners_per_game,misc_stats_avg_offsides_per_game,goalie_stats_shots_faced,goalie_stats_ties,goalie_stats_losses,goalie_stats_wins,goalie_stats_shutouts,goalie_stats_save_percentage,goalie_stats_goals_against_avg,goalie_stats_saves,goalie_stats_goals_allowed,goalie_stats_minutes,goalie_stats_games_started,goalie_stats_games_played,goalie_stats_avg_ga_per_game,goalie_stats_save_percentage_calc,goalie_stats_avg_sho_per_game,goalie_stats_avg_saves_per_game,goalie_stats,shot_stats,goal_stats,caution_stats,misc_stats,composite_score,global_rank,rating
2026-27,msoc,Ohio Athletic Conference (OAC),oac,Muskingum,Noah Ross,Noah,Ross,,455,Noah Ross,"ROSS,NOAH",Muskingum,MUSKINGU,0,9,8,21,0,21,0,0,11,18,13,1,6,0,0,2.00,1.22,1.44,.667,.111,5,1,0,0,1,2,2,.222,2,0,0,0,.22,.00,.00,.00,0,,544:00,0,.00,.00,,,,,,,,,,,,,,,,,,,,,,16.784657020731867,1,99
2026-27,msoc,Ohio Athletic Conference (OAC),oac,Muskingum,Quinton Wright,Quinton,Wright,,455,Quinton Wright,"WRIGHT,QUINTON",Muskingum,MUSKINGU,0,7,6,6,0,6,0,0,9,13,12,2,5,0,0,1.86,1.29,1.71,.714,.286,4,0,0,0,2,1,3,.429,8,0,0,0,1.14,.00,.00,.00,0,,354:00,0,.00,.00,,,,,,,,,,,,,,,,,,,,,,15.980276748503362,2,99
2026-27,msoc,Ohio Athletic Conference (OAC),oac,Wilmington,"Jansson, William",William,Jansson,,1461,"Jansson, William","JANSSON,WILLIAM",Wilmington,WILM,1286-3323,9,9,8,0,8,0,0,12,25,10,2,4,1,1,2.78,1.33,1.11,.444,.222,8,0,0,0,0,3,1,.111,10,0,1,0,1.11,.11,.00,.00,0,,568:00,0,.00,.00,,,,,,,,,,,,,,,,,,,,,,14.23221365208187,3,99
2026-27,msoc,Ohio Athletic Conference (OAC),oac,Baldwin Wallace,"Rochford, Robbie",Robbie,Rochford,,46,"Rochford, Robbie","ROCHFORD,ROBBIE",Baldwin Wallace,BWU,1273-4363,9,8,9,0,9,0,0,11,26,10,2,4,0,0,2.89,1.22,1.11,.444,.222,7,0,0,0,3,1,3,.333,11,0,1,0,1.22,.11,.00,.00,0,,631:00,0,.00,.00,,,,,,,,,,,,,,,,,,,,,,14.024170568661305,4,98
2026-27,msoc,Ohio Athletic Conference (OAC),oac,Ohio Northern,"Armstrong, Miles",Miles,Armstrong,,517,"Armstrong, Miles","ARMSTRONG,MILES",Ohio Northern,ONU,0,10,10,10,0,10,0,0,8,27,9,3,3,2,0,2.70,.80,.90,.300,.300,5,1,0,0,1,2,0,.000,8,0,2,0,.80,.20,.00,.00,0,,750:00,0,.00,.00,,,,,,,,,,,,,,,,,,,,,,13.011747213012239,5,98
2026-27,msoc,Ohio Athletic Conference (OAC),oac,Mount Union,"Depperschmidt, Alex",Alex,Depperschmidt,,452,"Depperschmidt, Alex","DEPPERSCHMIDT,ALEX",Mount Union,MOU,1279-4861,7,7,4,0,4,0,0,10,20,9,1,4,2,0,2.86,1.43,1.29,.571,.143,6,0,0,0,2,2,2,.286,5,0,1,0,.71,.14,.00,.00,0,,509:00,0,.00,.00,,,,,,,,,,,,,,,,,,,,,,11.83222924394493,6,98
2026-27,msoc,Ohio Athletic Conference (OAC),oac,Otterbein,"Wheeler, Mitch",Mitch,Wheeler,,531,"Wheeler, Mitch","WHEELER,MITCH",Otterbein,OTT,1285-5016,6,6,9,0,9,0,0,7,11,8,2,3,0,0,1.83,1.17,1.33,.500,.333,4,0,0,0,2,0,2,.333,5,0,1,0,.83,.17,.00,.00,0,,450:00,0,.00,.00,,,,,,,,,,,,,,,,,,,,,,10.819805888295864,7,97
2026-27,msoc,Ohio Athletic Conference (OAC),oac,Muskingum,Kanon Riehl,Kanon,Riehl,,455,Kanon Riehl,"RIEHL,KANON",Muskingum,MUSKINGU,0,9,9,3,0,3,0,0,5,11,8,2,3,1,0,1.22,.56,.89,.333,.222,2,0,0,0,2,2,1,.111,3,0,2,0,.33,.22,.00,.00,0,,596:00,0,.00,.00,,,,,,,,,,,,,,,,,,,,,,10.403719721454737,8,97
2026-27,msoc,Ohio Athletic Conference (OAC),oac,Wilmington,"Eyrich, Eli",Eli,Eyrich,,1461,"Eyrich, Eli","EYRICH,ELI",Wilmington,WILM,1286-3320,9,8,13,0,13,0,0,11,19,8,0,4,1,1,2.11,1.22,.89,.444,.000,7,0,0,0,1,1,1,.111,11,0,0,0,1.22,.00,.00,.00,0,,561:00,0,.00,.00,,,,,,,,,,,,,,,,,,,,,,10.056374086069681,9,97
2026-27,msoc,Ohio Athletic Conference (OAC),oac,Muskingum,Jonathan Gonzales,Jonathan,Gonzales,,455,Jonathan Gonzales,"GONZALES,JONATHAN",Muskingum,MUSKINGU,0,9,9,7,0,7,0,0,5,13,7,3,2,0,0,1.44,.56,.78,.222,.333,3,0,0,0,1,1,0,.000,5,0,0,0,.56,.00,.00,.00,0,,581:00,0,.00,.00,,,,,,,,,,,,,,,,,,,,,,10.01542561606736,10,96
2026-27,msoc,Ohio Athletic Conference (OAC),oac,Otterbein,"Wallace, Lincoln",Lincoln,Wallace,,531,"Wallace, Lincoln","WALLACE,LINCOLN",Otterbein,OTT,1285-4837,6,6,12,0,12,0,0,12,24,7,1,3,0,0,4.00,2.00,1.17,.500,.167,9,1,0,0,1,0,1,.167,11,0,4,0,1.83,.67,.00,.00,0,,521:00,0,.00,.00,,,,,,,,,,,,,,,,,,,,,,9.87612306410287,11,96
2026-27,msoc,Ohio Athletic Conference (OAC),oac,Marietta,"Kern, Zach",Zach,Kern,,385,"Kern, Zach","KERN,ZACH",Marietta,MAR,1278-3808,8,8,27,0,27,0,0,5,10,8,0,4,1,1,1.25,.63,1.00,.500,.000,1,2,0,0,1,2,0,.000,5,0,2,0,.63,.25,.00,.00,0,,527:00,0,.00,.00,,,,,,,,,,,,,,,,,,,,,,8.8081155855463,12,96
2026-27,msoc,Ohio Athletic Conference (OAC),oac,Mount Union,"Kustura, Dom",Dom,Kustura,,452,"Kustura, Dom","KUSTURA,DOM",Mount Union,MOU,1279-4863,9,9,10,0,10,0,0,1,10,6,4,1,0,0,1.11,.11,.67,.111,.444,0,0,0,0,0,0,0,.000,9,0,0,0,1.00,.00,.00,.00,0,,576:00,0,.00,.00,,,,,,,,,,,,,,,,,,,,,,8.79495917699773,13,95
2026-27,msoc,Ohio Athletic Conference (OAC),oac,Wilmington,"Barnishin, Aidan",Aidan,Barnishin,,1461,"Barnishin, Aidan","BARNISHIN,AIDAN",Wilmington,WILM,1286-3313,9,9,10,0,10,0,0,7,22,6,2,2,1,1,2.44,.78,.67,.222,.222,5,1,0,0,1,1,1,.111,9,0,0,0,1.00,.00,.00,.00,0,,688:00,0,.00,.00,,,,,,,,,,,,,,,,,,,,,,8.447613541612677,14,95
2026-27,msoc,Ohio Athletic Conference (OAC),oac,Muskingum,Luca Naples,Luca,Naples,,455,Luca Naples,"NAPLES,LUCA",Muskingum,MUSKINGU,0,9,0,34,0,34,0,0,4,8,6,2,2,0,0,.89,.44,.67,.222,.222,2,0,0,0,0,0,0,.000,1,0,0,0,.11,.00,.00,.00,0,,324:00,0,.00,.00,,,,,,,,,,,,,,,,,,,,,,7.8234842913509866,15,95
2026-27,msoc,Ohio Athletic Conference (OAC),oac,Baldwin Wallace,"Gray, Nathan",Nathan,Gray,,46,"Gray, Nathan","GRAY,NATHAN",Baldwin Wallace,BWU,1273-5155,8,7,8,0,8,0,0,6,9,4,4,0,0,0,1.13,.75,.50,.000,.500,6,0,0,0,0,0,0,.000,3,0,2,0,.38,.25,.00,.00,0,,455:00,0,.00,.00,,,,,,,,,,,,,,,,,,,,,,7.462982247417362,16,95
2026-27,msoc,Ohio Athletic Conference (OAC),oac,Muskingum,Anderson Elliot,Anderson,Elliot,,455,Anderson Elliot,"ELLIOT,ANDERSON",Muskingum,MUSKINGU,0,9,3,8,0,8,0,0,9,19,6,0,3,0,0,2.11,1.00,.67,.333,.000,6,0,0,0,0,3,0,.000,1,0,2,0,.11,.22,.00,.00,0,,395:00,0,.00,.00,,,,,,,,,,,,,,,,,,,,,,7.268095572545369,17,94
2026-27,msoc,Ohio Athletic Conference (OAC),oac,Mount Union,"Caputo, Matt",Matt,Caputo,,452,"Caputo, Matt","CAPUTO,MATT",Mount Union,MOU,1279-5581,9,0,12,0,12,0,0,3,6,5,3,1,0,0,.67,.33,.56,.111,.333,2,0,0,0,0,1,0,.000,5,0,2,0,.56,.22,.00,.00,0,,375:00,0,.00,.00,,,,,,,,,,,,,,,,,,,,,,7.2271471025430465,18,94
2026-27,msoc,Ohio Athletic Conference (OAC),oac,Ohio Northern,"McMahon, Aidan",Aidan,McMahon,,517,"McMahon, Aidan","MCMAHON,AIDAN",Ohio Northern,ONU,0,10,5,7,0,7,0,0,8,19,6,0,3,0,0,1.90,.80,.60,.300,.000,5,0,0,0,2,1,1,.100,4,0,0,0,.40,.00,.00,.00,0,,472:00,0,.00,.00,,,,,,,,,,,,,,,,,,,,,,7.060052489124805,19,94
2026-27,msoc,Ohio Athletic Conference (OAC),oac,Otterbein,"Werthmuller, Nate",Nate,Werthmuller,,531,"Werthmuller, Nate","WERTHMULLER,NATE",Otterbein,OTT,1285-5014,6,6,8,0,8,0,0,4,13,4,4,0,0,0,2.17,.67,.67,.000,.667,4,0,0,0,0,0,0,.000,6,0,1,0,1.00,.17,.00,.00,0,,469:00,0,.00,.00,,,,,,,,,,,,,,,,,,,,,,7.046896080576236,20,94
2026-27,msoc,Ohio Athletic Conference (OAC),oac,Mount Union,"Spratt, Amir",Amir,Spratt,,452,"Spratt, Amir","SPRATT,AMIR",Mount Union,MOU,1279-5186,7,7,9,0,9,0,0,7,10,6,0,3,0,0,1.43,1.00,.86,.429,.000,4,0,0,0,2,0,0,.000,10,1,0,0,1.43,.00,.14,.00,0,,462:00,0,.00,.00,,,,,,,,,,,,,,,,,,,,,,6.8520094057042416,21,94
2026-27,msoc,Ohio Athletic Conference (OAC),oac,Baldwin Wallace,"Usrey, Nate",Nate,Usrey,,46,"Usrey, Nate","USREY,NATE",Baldwin Wallace,BWU,1273-4366,7,3,2,0,2,0,0,6,12,6,0,3,0,0,1.71,.86,.86,.429,.000,3,0,0,0,0,0,0,.000,6,1,0,0,.86,.00,.14,.00,0,,327:00,0,.00,.00,,,,,,,,,,,,,,,,,,,,,,6.643966322283678,22,94
2026-27,msoc,Ohio Athletic Conference (OAC),oac,Capital,"Metatla, Wassim",Wassim,Metatla,,117,"Metatla, Wassim","METATLA,WASSIM",Capital,Capita,1275-3153,7,7,10,0,10,0,0,4,14,6,0,3,0,0,2.00,.57,.86,.429,.000,1,0,0,0,0,3,1,.143,15,0,2,0,2.14,.29,.00,.00,0,,443:00,0,.00,.00,,,,,,,,,,,,,,,,,,,,,,6.227880155442551,23,94
2026-27,msoc,Ohio Athletic Conference (OAC),oac,Capital,"Monzalvo, Christian",Christian,Monzalvo,,117,"Monzalvo, Christian","MONZALVO,CHRISTIAN",Capital,Capita,1275-3036,7,7,14,0,14,0,0,5,11,5,1,2,0,0,1.57,.71,.71,.286,.143,3,0,0,0,2,1,1,.143,11,0,0,0,1.57,.00,.00,.00,0,,365:00,0,.00,.00,,,,,,,,,,,,,,,,,,,,,,6.0476291334757395,24,93
2026-27,msoc,Ohio Athletic Conference (OAC),oac,Ohio Northern,"Seymour, Shawn",Shawn,Seymour,,517,"Seymour, Shawn","SEYMOUR,SHAWN",Ohio Northern,ONU,0,10,6,9,0,9,0,0,6,14,4,2,1,0,0,1.40,.60,.40,.100,.200,5,1,0,0,0,0,0,.000,7,0,0,0,.70,.00,.00,.00,0,,452:00,0,.00,.00,,,,,,,,,,,,,,,,,,,,,,5.867378111508927,25,93
2026-27,msoc,Ohio Athletic Conference (OAC),oac,Wilmington,"Redding, Caleb",Caleb,Redding,,1461,"Redding, Caleb","REDDING,CALEB",Wilmington,WILM,1286-3810,9,8,40,0,40,0,0,13,25,4,0,2,0,0,2.78,1.44,.44,.222,.000,11,0,0,0,0,0,0,.000,6,0,1,0,.67,.11,.00,.00,0,,545:00,0,.00,.00,,,,,,,,,,,,,,,,,,,,,,5.728075559544437,26,93
2026-27,msoc,Ohio Athletic Conference (OAC),oac,Ohio Northern,"Ciotta, Ignacio",Ignacio,Ciotta,,517,"Ciotta, Ignacio","CIOTTA,IGNACIO",Ohio Northern,ONU,0,10,5,12,0,12,0,0,5,11,4,2,1,1,0,1.10,.50,.40,.100,.200,4,0,0,0,0,1,1,.100,15,0,2,0,1.50,.20,.00,.00,0,,401:00,0,.00,.00,,,,,,,,,,,,,,,,,,,,,,5.659335028088364,27,93
2026-27,msoc,Ohio Athletic Conference (OAC),oac,Baldwin Wallace,"Frank, Jacob",Jacob,Frank,,46,"Frank, Jacob","FRANK,JACOB",Baldwin Wallace,BWU,1273-5196,6,4,12,0,12,0,0,3,9,5,1,2,0,0,1.50,.50,.83,.333,.167,1,0,0,0,0,0,0,.000,1,0,0,0,.17,.00,.00,.00,0,,243:00,0,.00,.00,,,,,,,,,,,,,,,,,,,,,,5.631542966634612,28,93
2026-27,msoc,Ohio Athletic Conference (OAC),oac,Ohio Northern,"Gottron, Colin",Colin,Gottron,,517,"Gottron, Colin","GOTTRON,COLIN",Ohio Northern,ONU,0,10,10,27,0,27,0,0,6,16,3,3,0,0,0,1.60,.60,.30,.000,.300,6,0,0,0,0,0,0,.000,7,0,1,0,.70,.10,.00,.00,0,,694:00,0,.00,.00,,,,,,,,,,,,,,,,,,,,,,5.4790840061215516,29,93
2026-27,msoc,Ohio Athletic Conference (OAC),oac,Mount Union,"White, Keegan",Keegan,White,,452,"White, Keegan","WHITE,KEEGAN",Mount Union,MOU,1279-5187,9,9,5,0,5,0,0,2,5,5,1,2,0,0,.56,.22,.56,.222,.111,0,0,0,0,1,0,1,.111,4,0,1,0,.44,.11,.00,.00,0,,698:00,0,.00,.00,,,,,,,,,,,,,,,,,,,,,,5.423499883214048,30,93
2026-27,msoc,Ohio Athletic Conference (OAC),oac,Wilmington,"Houck, Jace",Jace,Houck,,1461,"Houck, Jace","HOUCK,JACE",Wilmington,WILM,1286-3423,9,8,23,0,23,0,0,3,10,4,2,1,0,0,1.11,.33,.44,.111,.222,2,1,0,0,0,1,0,.000,6,0,1,0,.67,.11,.00,.00,0,,635:00,0,.00,.00,,,,,,,,,,,,,,,,,,,,,,5.2432488612472365,31,93
2026-27,msoc,Ohio Athletic Conference (OAC),oac,Wilmington,"Malow, Akol",Akol,Malow,,1461,"Malow, Akol","MALOW,AKOL",Wilmington,WILM,1286-3425,8,0,36,0,36,0,0,2,5,4,2,1,0,0,.63,.25,.50,.125,.250,1,0,0,0,0,0,0,.000,5,0,1,0,.63,.13,.00,.00,0,,167:00,0,.00,.00,,,,,,,,,,,,,,,,,,,,,,5.035205777826673,32,92
2026-27,msoc,Ohio Athletic Conference (OAC),oac,Baldwin Wallace,"Brouillard, Sean",Sean,Brouillard,,46,"Brouillard, Sean","BROUILLARD,SEAN",Baldwin Wallace,BWU,1273-5192,9,4,11,0,11,0,0,7,11,4,0,2,0,0,1.22,.78,.44,.222,.000,5,0,0,0,0,0,1,.111,7,0,1,0,.78,.11,.00,.00,0,,435:00,0,.00,.00,,,,,,,,,,,,,,,,,,,,,,4.479817059021055,33,92
2026-27,msoc,Ohio Athletic Conference (OAC),oac,Mount Union,"Harsch, Tyler",Tyler,Harsch,,452,"Harsch, Tyler","HARSCH,TYLER",Mount Union,MOU,1279-4862,9,9,7,0,7,0,0,7,10,4,0,2,0,0,1.11,.78,.44,.222,.000,5,2,0,0,0,0,0,.000,8,0,1,0,.89,.11,.00,.00,0,,681:00,0,.00,.00,,,,,,,,,,,,,,,,,,,,,,4.479817059021055,34,92
2026-27,msoc,Ohio Athletic Conference (OAC),oac,Ohio Northern,"Dillow, Bradyn",Bradyn,Dillow,,517,"Dillow, Bradyn","DILLOW,BRADYN",Ohio Northern,ONU,0,9,1,13,0,13,0,0,5,11,4,0,2,0,0,1.22,.56,.44,.222,.000,3,0,0,0,1,1,1,.111,3,0,0,0,.33,.00,.00,.00,0,,239:00,0,.00,.00,,,,,,,,,,,,,,,,,,,,,,4.063730892179928,35,92
2026-27,msoc,Ohio Athletic Conference (OAC),oac,Ohio Northern,"Baker, Wil",Wil,Baker,,517,"Baker, Wil","BAKER,WIL",Ohio Northern,ONU,0,10,7,22,0,22,0,0,5,14,3,1,1,0,0,1.40,.50,.30,.100,.100,4,0,0,0,0,0,0,.000,6,0,1,0,.60,.10,.00,.00,0,,439:00,0,.00,.00,,,,,,,,,,,,,,,,,,,,,,3.675436786792553,36,92
2026-27,msoc,Ohio Athletic Conference (OAC),oac,Heidelberg,"Abbott, Donovan",Donovan,Abbott,,278,"Abbott, Donovan","ABBOTT,DONOVAN",Heidelberg,HEI,1276-3904,7,5,16,0,16,0,0,3,9,4,0,2,0,0,1.29,.43,.57,.286,.000,1,0,0,0,0,0,0,.000,1,0,2,0,.14,.29,.00,.00,0,,377:00,0,.00,.00,,,,,,,,,,,,,,,,,,,,,,3.647644725338801,37,92
2026-27,msoc,Ohio Athletic Conference (OAC),oac,Marietta,"Heighberger, Gavin",Gavin,Heighberger,,385,"Heighberger, Gavin","HEIGHBERGER,GAVIN",Marietta,MAR,1278-3570,8,8,22,0,22,0,0,3,14,4,0,2,0,0,1.75,.38,.50,.250,.000,1,0,0,0,0,0,2,.250,9,0,0,0,1.13,.00,.00,.00,0,,558:00,0,.00,.00,,,,,,,,,,,,,,,,,,,,,,3.647644725338801,38,92
2026-27,msoc,Ohio Athletic Conference (OAC),oac,Wilmington,"Hurley, Andrew",Andrew,Hurley,,1461,"Hurley, Andrew","HURLEY,ANDREW",Wilmington,WILM,1286-3424,5,0,11,0,11,0,0,3,4,4,0,2,0,0,.80,.60,.80,.400,.000,1,0,0,0,2,0,2,.400,1,0,0,0,.20,.00,.00,.00,0,,86:00,0,.00,.00,,,,,,,,,,,,,,,,,,,,,,3.647644725338801,39,91
2026-27,msoc,Ohio Athletic Conference (OAC),oac,Wilmington,"Kent, Logan",Logan,Kent,,1461,"Kent, Logan","KENT,LOGAN",Wilmington,WILM,1286-3324,8,2,9,0,9,0,0,4,14,3,1,1,0,0,1.75,.50,.38,.125,.125,3,0,0,0,0,0,0,.000,5,0,1,0,.63,.13,.00,.00,0,,283:00,0,.00,.00,,,,,,,,,,,,,,,,,,,,,,3.467393703371989,40,91
2026-27,msoc,Ohio Athletic Conference (OAC),oac,Capital,"Gillen, Harper",Harper,Gillen,,117,"Gillen, Harper","GILLEN,HARPER",Capital,Capita,1275-3307,7,7,8,0,8,0,0,2,8,4,0,2,0,0,1.14,.29,.57,.286,.000,0,0,0,0,1,1,1,.143,3,0,0,0,.43,.00,.00,.00,0,,533:00,0,.00,.00,,,,,,,,,,,,,,,,,,,,,,3.4396016419182374,41,91
2026-27,msoc,Ohio Athletic Conference (OAC),oac,Muskingum,Santonio Aquino,Santonio,Aquino,,455,Santonio Aquino,"AQUINO,SANTONIO",Muskingum,MUSKINGU,0,8,1,11,0,11,0,0,3,6,3,1,1,0,0,.75,.38,.38,.125,.125,2,0,0,0,0,0,0,.000,1,0,1,0,.13,.13,.00,.00,0,,287:00,0,.00,.00,,,,,,,,,,,,,,,,,,,,,,3.2593506199514257,42,91
2026-27,msoc,Ohio Athletic Conference (OAC),oac,Heidelberg,"Sisamis, Greg",Greg,Sisamis,,278,"Sisamis, Greg","SISAMIS,GREG",Heidelberg,HEI,1276-3903,8,7,8,0,8,0,0,3,7,3,1,1,0,0,.88,.38,.38,.125,.125,2,1,0,0,0,1,0,.000,9,0,3,0,1.13,.38,.00,.00,0,,512:00,0,.00,.00,,,,,,,,,,,,,,,,,,,,,,3.2593506199514257,43,91
2026-27,msoc,Ohio Athletic Conference (OAC),oac,Marietta,"Stonestreet, Landon",Landon,Stonestreet,,385,"Stonestreet, Landon","STONESTREET,LANDON",Marietta,MAR,1278-4204,8,8,7,0,7,0,0,3,5,3,1,1,0,0,.63,.38,.38,.125,.125,2,0,0,0,0,1,0,.000,3,0,0,0,.38,.00,.00,.00,0,,654:00,0,.00,.00,,,,,,,,,,,,,,,,,,,,,,3.2593506199514257,44,91
2026-27,msoc,Ohio Athletic Conference (OAC),oac,Marietta,"Swirsky, Eli",Eli,Swirsky,,385,"Swirsky, Eli","SWIRSKY,ELI",Marietta,MAR,1278-3572,8,0,29,0,29,0,0,3,5,3,1,1,0,0,.63,.38,.38,.125,.125,2,0,0,0,0,1,0,.000,2,0,2,0,.25,.25,.00,.00,0,,206:00,0,.00,.00,,,,,,,,,,,,,,,,,,,,,,3.2593506199514257,45,91
2026-27,msoc,Ohio Athletic Conference (OAC),oac,Baldwin Wallace,"Van Every, Davis",Davis,Van Every,,46,"Van Every, Davis","VAN EVERY,DAVIS",Baldwin Wallace,BWU,1273-5202,9,6,19,0,19,0,0,3,9,3,1,1,0,0,1.00,.33,.33,.111,.111,2,0,0,0,1,0,0,.000,6,0,1,0,.67,.11,.00,.00,0,,454:00,0,.00,.00,,,,,,,,,,,,,,,,,,,,,,3.2593506199514257,46,90
2026-27,msoc,Ohio Athletic Conference (OAC),oac,Mount Union,"Carney, Caleb",Caleb,Carney,,452,"Carney, Caleb","CARNEY,CALEB",Mount Union,MOU,1279-5171,9,1,15,0,15,0,0,2,2,3,1,1,0,0,.22,.22,.33,.111,.111,1,0,0,0,0,0,0,.000,3,0,0,0,.33,.00,.00,.00,0,,283:00,0,.00,.00,,,,,,,,,,,,,,,,,,,,,,3.051307536530862,47,90
2026-27,msoc,Ohio Athletic Conference (OAC),oac,Wilmington,"Lee, Noah",Noah,Lee,,1461,"Lee, Noah","LEE,NOAH",Wilmington,WILM,1286-3325,9,1,19,0,19,0,0,2,3,3,1,1,0,0,.33,.22,.33,.111,.111,1,0,0,0,0,1,0,.000,0,0,0,0,.00,.00,.00,.00,0,,268:00,0,.00,.00,,,,,,,,,,,,,,,,,,,,,,3.051307536530862,48,90
2026-27,msoc,Ohio Athletic Conference (OAC),oac,Ohio Northern,"Roussakis, Johnny",Johnny,Roussakis,,517,"Roussakis, Johnny","ROUSSAKIS,JOHNNY",Ohio Northern,ONU,0,10,10,26,0,26,0,0,2,3,3,1,1,0,0,.30,.20,.30,.100,.100,1,0,0,0,0,1,0,.000,7,0,3,0,.70,.30,.00,.00,0,,835:00,0,.00,.00,,,,,,,,,,,,,,,,,,,,,,3.051307536530862,49,90
2026-27,msoc,Ohio Athletic Conference (OAC),oac,Capital,"Benjamin, Joah",Joah,Benjamin,,117,"Benjamin, Joah","BENJAMIN,JOAH",Capital,Capita,1275-3466,7,7,24,0,24,0,0,1,1,3,1,1,0,0,.14,.14,.43,.143,.143,0,0,0,0,1,1,0,.000,8,0,0,0,1.14,.00,.00,.00,0,,561:00,0,.00,.00,,,,,,,,,,,,,,,,,,,,,,2.843264453110298,50,90
2026-27,msoc,Ohio Athletic Conference (OAC),oac,Baldwin Wallace,"Jamieson, Randy",Randy,Jamieson,,46,"Jamieson, Randy","JAMIESON,RANDY",Baldwin Wallace,BWU,1273-5198,9,1,16,0,16,0,0,1,3,3,1,1,0,0,.33,.11,.33,.111,.111,0,0,0,0,0,0,0,.000,6,0,0,0,.67,.00,.00,.00,0,,338:00,0,.00,.00,,,,,,,,,,,,,,,,,,,,,,2.843264453110298,51,90
2026-27,msoc,Ohio Athletic Conference (OAC),oac,Heidelberg,"Anderson, Keegan",Keegan,Anderson,,278,"Anderson, Keegan","ANDERSON,KEEGAN",Heidelberg,HEI,1276-3899,7,7,21,0,21,0,0,9,12,2,0,1,0,0,1.71,1.29,.29,.143,.000,8,1,0,0,0,0,0,.000,3,0,1,0,.43,.14,.00,.00,0,,560:00,0,.00,.00,,,,,,,,,,,,,,,,,,,,,,2.523710879178996,52,90
2026-27,msoc,Ohio Athletic Conference (OAC),oac,Muskingum,Landon Daugherty,Landon,Daugherty,,455,Landon Daugherty,"DAUGHERTY,LANDON",Muskingum,MUSKINGU,0,9,6,24,0,24,0,0,1,5,2,2,0,0,0,.56,.11,.22,.000,.222,1,0,0,0,0,0,0,.000,2,0,0,0,.22,.00,.00,.00,0,,500:00,0,.00,.00,,,,,,,,,,,,,,,,,,,,,,2.4549703477229228,53,90
2026-27,msoc,Ohio Athletic Conference (OAC),oac,Capital,"Terry, Jackson",Jackson,Terry,,117,"Terry, Jackson","TERRY,JACKSON",Capital,Capita,1275-3029,7,7,4,0,4,0,0,1,5,2,2,0,0,0,.71,.14,.29,.000,.286,1,0,0,0,0,0,0,.000,5,0,1,0,.71,.14,.00,.00,0,,611:00,0,.00,.00,,,,,,,,,,,,,,,,,,,,,,2.4549703477229228,54,89
2026-27,msoc,Ohio Athletic Conference (OAC),oac,Baldwin Wallace,"Lamb, Braden",Braden,Lamb,,46,"Lamb, Braden","LAMB,BRADEN",Baldwin Wallace,BWU,1273-4812,9,9,24,0,24,0,0,8,15,2,0,1,0,0,1.67,.89,.22,.111,.000,7,0,0,0,1,0,1,.111,4,0,0,0,.44,.00,.00,.00,0,,772:00,0,.00,.00,,,,,,,,,,,,,,,,,,,,,,2.3156677957584324,55,89
2026-27,msoc,Ohio Athletic Conference (OAC),oac,Heidelberg,"Ball, Jalen",Jalen,Ball,,278,"Ball, Jalen","BALL,JALEN",Heidelberg,HEI,1276-3889,8,8,5,0,5,0,0,0,3,2,2,0,0,0,.38,.00,.25,.000,.250,0,0,0,0,0,0,0,.000,2,0,1,0,.25,.13,.00,.00,0,,672:00,0,.00,.00,,,,,,,,,,,,,,,,,,,,,,2.2469272643023595,56,89
2026-27,msoc,Ohio Athletic Conference (OAC),oac,Ohio Northern,"Miller, Landon",Landon,Miller,,517,"Miller, Landon","MILLER,LANDON",Ohio Northern,ONU,0,10,4,11,0,11,0,0,4,11,2,0,1,0,0,1.10,.40,.20,.100,.000,3,0,0,0,0,0,0,.000,5,0,0,0,.50,.00,.00,.00,0,,318:00,0,.00,.00,,,,,,,,,,,,,,,,,,,,,,1.483495462076178,57,89
2026-27,msoc,Ohio Athletic Conference (OAC),oac,Heidelberg,"Everett, Travis",Travis,Everett,,278,"Everett, Travis","EVERETT,TRAVIS",Heidelberg,HEI,1276-3651,8,4,27,0,27,0,0,3,5,2,0,1,0,0,.63,.38,.25,.125,.000,2,1,0,0,0,0,0,.000,3,0,0,0,.38,.00,.00,.00,0,,451:00,0,.00,.00,,,,,,,,,,,,,,,,,,,,,,1.2754523786556144,58,89
2026-27,msoc,Ohio Athletic Conference (OAC),oac,Mount Union,"Smith, Cameron",Cameron,Smith,,452,"Smith, Cameron","SMITH,CAMERON",Mount Union,MOU,1279-6077,9,1,39,0,39,0,0,3,5,2,0,1,0,0,.56,.33,.22,.111,.000,2,0,0,0,0,1,0,.000,1,0,0,0,.11,.00,.00,.00,0,,276:00,0,.00,.00,,,,,,,,,,,,,,,,,,,,,,1.2754523786556144,59,89
2026-27,msoc,Ohio Athletic Conference (OAC),oac,Ohio Northern,"Stone, Bryce",Bryce,Stone,,517,"Stone, Bryce","STONE,BRYCE",Ohio Northern,ONU,0,10,6,24,0,24,0,0,3,5,2,0,1,0,0,.50,.30,.20,.100,.000,2,1,0,0,0,0,0,.000,3,0,0,0,.30,.00,.00,.00,0,,621:00,0,.00,.00,,,,,,,,,,,,,,,,,,,,,,1.2754523786556144,60,89
2026-27,msoc,Ohio Athletic Conference (OAC),oac,Marietta,"Brown, Rowan",Rowan,Brown,,385,"Brown, Rowan","BROWN,ROWAN",Marietta,MAR,1278-4059,8,8,3,0,3,0,0,4,7,1,1,0,0,0,.88,.50,.13,.000,.125,4,0,0,0,0,0,0,.000,9,0,0,0,1.13,.00,.00,.00,0,,692:00,0,.00,.00,,,,,,,,,,,,,,,,,,,,,,1.0952013566888028,61,88
2026-27,msoc,Ohio Athletic Conference (OAC),oac,Muskingum,Aidan Jaruta,Aidan,Jaruta,,455,Aidan Jaruta,"JARUTA,AIDAN",Muskingum,MUSKINGU,0,9,0,14,0,14,0,0,2,6,2,0,1,0,0,.67,.22,.22,.111,.000,1,0,0,0,0,0,0,.000,4,0,1,0,.44,.11,.00,.00,0,,339:00,0,.00,.00,,,,,,,,,,,,,,,,,,,,,,1.0674092952350507,62,88
2026-27,msoc,Ohio Athletic Conference (OAC),oac,Muskingum,Connor Baldwin,Connor,Baldwin,,455,Connor Baldwin,"BALDWIN,CONNOR",Muskingum,MUSKINGU,0,9,0,40,0,40,0,0,2,7,2,0,1,0,0,.78,.22,.22,.111,.000,1,0,0,0,0,0,1,.111,2,0,1,0,.22,.11,.00,.00,0,,270:00,0,.00,.00,,,,,,,,,,,,,,,,,,,,,,1.0674092952350507,63,88
2026-27,msoc,Ohio Athletic Conference (OAC),oac,Ohio Northern,"McGovern, Carson",Carson,McGovern,,517,"McGovern, Carson","MCGOVERN,CARSON",Ohio Northern,ONU,0,10,9,15,0,15,0,0,2,5,2,0,1,0,0,.50,.20,.20,.100,.000,1,0,0,0,0,0,0,.000,5,0,0,0,.50,.00,.00,.00,0,,778:00,0,.00,.00,,,,,,,,,,,,,,,,,,,,,,1.0674092952350507,64,88
2026-27,msoc,Ohio Athletic Conference (OAC),oac,Otterbein,"Meilstrup, Will",Will,Meilstrup,,531,"Meilstrup, Will","MEILSTRUP,WILL",Otterbein,OTT,1285-4549,6,6,22,0,22,0,0,2,4,2,0,1,0,0,.67,.33,.33,.167,.000,1,0,0,0,1,0,1,.167,6,0,1,0,1.00,.17,.00,.00,0,,469:00,0,.00,.00,,,,,,,,,,,,,,,,,,,,,,1.0674092952350507,65,88
2026-27,msoc,Ohio Athletic Conference (OAC),oac,Capital,"Musick, Colten",Colten,Musick,,117,"Musick, Colten","MUSICK,COLTEN",Capital,Capita,1275-3469,7,2,7,0,7,0,0,2,5,2,0,1,0,0,.71,.29,.29,.143,.000,1,0,0,0,0,0,1,.143,2,0,0,0,.29,.00,.00,.00,0,,250:00,0,.00,.00,,,,,,,,,,,,,,,,,,,,,,1.0674092952350507,66,88
2026-27,msoc,Ohio Athletic Conference (OAC),oac,Capital,"Thomas, Jack",Jack,Thomas,,117,"Thomas, Jack","THOMAS,JACK",Capital,Capita,1275-3148,7,7,3,0,3,0,0,2,5,2,0,1,0,0,.71,.29,.29,.143,.000,1,1,0,0,0,0,0,.000,5,0,0,0,.71,.00,.00,.00,0,,611:00,0,.00,.00,,,,,,,,,,,,,,,,,,,,,,1.0674092952350507,67,88
2026-27,msoc,Ohio Athletic Conference (OAC),oac,Capital,"Reppeto, Jacob",Jacob,Reppeto,,117,"Reppeto, Jacob","REPPETO,JACOB",Capital,Capita,1275-3031,5,1,23,0,23,0,0,3,3,1,1,0,0,0,.60,.60,.20,.000,.200,3,0,0,0,0,0,0,.000,1,0,0,0,.20,.00,.00,.00,0,,115:00,0,.00,.00,,,,,,,,,,,,,,,,,,,,,,0.887158273268239,68,87
2026-27,msoc,Ohio Athletic Conference (OAC),oac,Wilmington,"Salihbegovic, Alen",Alen,Salihbegovic,,1461,"Salihbegovic, Alen","SALIHBEGOVIC,ALEN",Wilmington,WILM,1286-3331,9,7,5,0,5,0,0,3,4,1,1,0,0,0,.44,.33,.11,.000,.111,3,0,0,0,0,0,0,.000,5,0,2,0,.56,.22,.00,.00,0,,549:00,0,.00,.00,,,,,,,,,,,,,,,,,,,,,,0.887158273268239,69,87
2026-27,msoc,Ohio Athletic Conference (OAC),oac,Wilmington,"Bartschy, Ben",Ben,Bartschy,,1461,"Bartschy, Ben","BARTSCHY,BEN",Wilmington,WILM,1286-3807,9,7,16,0,16,0,0,1,1,2,0,1,0,0,.11,.11,.22,.111,.000,0,1,0,0,0,1,0,.000,1,0,1,0,.11,.11,.00,.00,0,,625:00,0,.00,.00,,,,,,,,,,,,,,,,,,,,,,0.8593662118144871,70,87
2026-27,msoc,Ohio Athletic Conference (OAC),oac,Muskingum,Britton Elliott,Britton,Elliott,,455,Britton Elliott,"ELLIOTT,BRITTON",Muskingum,MUSKINGU,0,1,0,18,0,18,0,0,1,1,2,0,1,0,0,1.00,1.00,2.00,1.000,.000,0,0,0,0,0,1,0,.000,0,0,0,0,.00,.00,.00,.00,0,,16:00,0,.00,.00,,,,,,,,,,,,,,,,,,,,,,0.8593662118144871,71,87
2026-27,msoc,Ohio Athletic Conference (OAC),oac,Ohio Northern,"Freeman, Cooper",Cooper,Freeman,,517,"Freeman, Cooper","FREEMAN,COOPER",Ohio Northern,ONU,0,9,0,23,0,23,0,0,1,5,2,0,1,0,0,.56,.11,.22,.111,.000,0,0,0,0,0,1,0,.000,2,0,0,0,.22,.00,.00,.00,0,,194:00,0,.00,.00,,,,,,,,,,,,,,,,,,,,,,0.8593662118144871,72,87
2026-27,msoc,Ohio Athletic Conference (OAC),oac,Ohio Northern,"Grolnic, Connor",Connor,Grolnic,,517,"Grolnic, Connor","GROLNIC,CONNOR",Ohio Northern,ONU,0,5,1,3,0,3,0,0,1,4,2,0,1,0,0,.80,.20,.40,.200,.000,0,0,0,0,0,0,1,.200,2,0,0,0,.40,.00,.00,.00,0,,136:00,0,.00,.00,,,,,,,,,,,,,,,,,,,,,,0.8593662118144871,73,87
2026-27,msoc,Ohio Athletic Conference (OAC),oac,Otterbein,"Jacob, Rome",Rome,Jacob,,531,"Jacob, Rome","JACOB,ROME",Otterbein,OTT,1285-5018,6,6,17,0,17,0,0,1,9,2,0,1,0,0,1.50,.17,.33,.167,.000,0,0,0,0,0,0,0,.000,3,0,0,0,.50,.00,.00,.00,0,,431:00,0,.00,.00,,,,,,,,,,,,,,,,,,,,,,0.8593662118144871,74,87
2026-27,msoc,Ohio Athletic Conference (OAC),oac,Otterbein,"Norman, Tyler",Tyler,Norman,,531,"Norman, Tyler","NORMAN,TYLER",Otterbein,OTT,1285-5024,6,0,7,0,7,0,0,1,5,2,0,1,0,0,.83,.17,.33,.167,.000,0,0,0,0,1,0,0,.000,2,0,1,0,.33,.17,.00,.00,0,,163:00,0,.00,.00,,,,,,,,,,,,,,,,,,,,,,0.8593662118144871,75,86
2026-27,msoc,Ohio Athletic Conference (OAC),oac,Mount Union,"Sacher, Jakob",Jakob,Sacher,,452,"Sacher, Jakob","SACHER,JAKOB",Mount Union,MOU,1279-5184,9,9,23,0,23,0,0,1,2,2,0,1,0,0,.22,.11,.22,.111,.000,0,1,0,0,0,0,0,.000,7,0,1,0,.78,.11,.00,.00,0,,752:00,0,.00,.00,,,,,,,,,,,,,,,,,,,,,,0.8593662118144871,76,86
2026-27,msoc,Ohio Athletic Conference (OAC),oac,Mount Union,"Sutton, Brayden",Brayden,Sutton,,452,"Sutton, Brayden","SUTTON,BRAYDEN",Mount Union,MOU,1279-6079,6,0,36,0,36,0,0,1,1,2,0,1,0,0,.17,.17,.33,.167,.000,0,0,0,0,0,0,0,.000,2,0,0,0,.33,.00,.00,.00,0,,79:00,0,.00,.00,,,,,,,,,,,,,,,,,,,,,,0.8593662118144871,77,86
2026-27,msoc,Ohio Athletic Conference (OAC),oac,Wilmington,"Terrell, Xander",Xander,Terrell,,1461,"Terrell, Xander","TERRELL,XANDER",Wilmington,WILM,1286-3691,8,0,27,0,27,0,0,1,3,2,0,1,0,0,.38,.13,.25,.125,.000,0,0,0,0,0,0,0,.000,1,0,0,0,.13,.00,.00,.00,0,,103:00,0,.00,.00,,,,,,,,,,,,,,,,,,,,,,0.8593662118144871,78,86
2026-27,msoc,Ohio Athletic Conference (OAC),oac,Heidelberg,"Wilson, Heath",Heath,Wilson,,278,"Wilson, Heath","WILSON,HEATH",Heidelberg,HEI,1276-3133,7,5,23,0,23,0,0,1,3,2,0,1,0,0,.43,.14,.29,.143,.000,0,0,0,0,1,1,0,.000,2,0,0,0,.29,.00,.00,.00,0,,330:00,0,.00,.00,,,,,,,,,,,,,,,,,,,,,,0.8593662118144871,79,86
2026-27,msoc,Ohio Athletic Conference (OAC),oac,Capital,"Young, Austin",Austin,Young,,117,"Young, Austin","YOUNG,AUSTIN",Capital,Capita,1275-3152,6,1,19,0,19,0,0,1,1,2,0,1,0,0,.17,.17,.33,.167,.000,0,0,0,0,0,0,0,.000,7,0,1,0,1.17,.17,.00,.00,0,,240:00,0,.00,.00,,,,,,,,,,,,,,,,,,,,,,0.8593662118144871,80,86
2026-27,msoc,Ohio Athletic Conference (OAC),oac,Baldwin Wallace,"Teran, Diego",Diego,Teran,,46,"Teran, Diego","TERAN,DIEGO",Baldwin Wallace,BWU,1273-4094,9,9,1,0,1,0,0,0,0,1,1,0,0,0,.00,.00,.11,.000,.111,0,0,0,0,0,0,0,.000,1,0,1,0,.11,.11,.00,.00,0,,734:00,0,.00,.00,85,1,2,5,3,.795,0.98,31,8,733:55,9,9,.89,0.795,.333,3.44,,,,,,0.8136770475326355,81,86
2026-27,msoc,Ohio Athletic Conference (OAC),oac,Marietta,"Bah, CJ",CJ,Bah,,385,"Bah, CJ","BAH,CJ",Marietta,MAR,1278-4194,7,7,10,0,10,0,0,2,2,1,1,0,0,0,.29,.29,.14,.000,.143,2,0,0,0,0,0,0,.000,7,0,1,0,1.00,.14,.00,.00,0,,532:00,0,.00,.00,,,,,,,,,,,,,,,,,,,,,,0.6791151898476755,82,86
2026-27,msoc,Ohio Athletic Conference (OAC),oac,Baldwin Wallace,"Massaro, Dominic",Dominic,Massaro,,46,"Massaro, Dominic","MASSARO,DOMINIC",Baldwin Wallace,BWU,1273-4815,9,2,17,0,17,0,0,2,8,1,1,0,0,0,.89,.22,.11,.000,.111,2,0,0,0,0,0,0,.000,12,0,1,0,1.33,.11,.00,.00,0,,363:00,0,.00,.00,,,,,,,,,,,,,,,,,,,,,,0.6791151898476755,83,85
2026-27,msoc,Ohio Athletic Conference (OAC),oac,Marietta,"Pinkerton, Joey",Joey,Pinkerton,,385,"Pinkerton, Joey","PINKERTON,JOEY",Marietta,MAR,1278-4203,8,7,24,0,24,0,0,2,4,1,1,0,0,0,.50,.25,.13,.000,.125,2,0,0,0,0,0,0,.000,7,0,3,0,.88,.38,.00,.00,0,,290:00,0,.00,.00,,,,,,,,,,,,,,,,,,,,,,0.6791151898476755,84,85
2026-27,msoc,Ohio Athletic Conference (OAC),oac,Ohio Northern,"Segal, Sterling",Sterling,Segal,,517,"Segal, Sterling","SEGAL,STERLING",Ohio Northern,ONU,0,9,7,20,0,20,0,0,2,5,1,1,0,0,0,.56,.22,.11,.000,.111,2,0,0,0,0,0,0,.000,8,1,1,0,.89,.11,.11,.00,0,,646:00,0,.00,.00,,,,,,,,,,,,,,,,,,,,,,0.6791151898476755,85,85
2026-27,msoc,Ohio Athletic Conference (OAC),oac,Wilmington,"Spencer, Brayden",Brayden,Spencer,,1461,"Spencer, Brayden","SPENCER,BRAYDEN",Wilmington,WILM,1286-3688,9,8,2,0,2,0,0,2,8,1,1,0,0,0,.89,.22,.11,.000,.111,2,0,0,0,0,0,0,.000,8,0,0,0,.89,.00,.00,.00,0,,713:00,0,.00,.00,,,,,,,,,,,,,,,,,,,,,,0.6791151898476755,86,85
2026-27,msoc,Ohio Athletic Conference (OAC),oac,Wilmington,"Meilstrup, Joe",Joe,Meilstrup,,1461,"Meilstrup, Joe","MEILSTRUP,JOE",Wilmington,WILM,1286-3327,1,1,98,0,98,0,0,0,0,0,0,0,0,0,.00,.00,.00,.000,.000,0,0,0,0,0,0,0,.000,0,0,0,0,.00,.00,.00,.00,0,,90:00,0,.00,.00,9,0,0,1,1,1.000,0.00,2,0,90:00,1,1,.00,1.000,1.000,2.00,,,,,,0.5289690363275186,87,85
2026-27,msoc,Ohio Athletic Conference (OAC),oac,Marietta,"Stein, Andrew",Andrew,Stein,,385,"Stein, Andrew","STEIN,ANDREW",Marietta,MAR,1278-3566,1,0,0,0,0,0,0,0,0,0,0,0,0,0,.00,.00,.00,.000,.000,0,0,0,0,0,0,0,.000,0,0,0,0,.00,.00,.00,.00,0,,65:00,0,.00,.00,7,0,0,0,0,1.000,0.00,2,0,65:40,0,1,.00,1.000,.000,2.00,,,,,,0.5289690363275186,88,85
2026-27,msoc,Ohio Athletic Conference (OAC),oac,Capital,"Stevens, Zach",Zach,Stevens,,117,"Stevens, Zach","STEVENS,ZACH",Capital,Capita,1275-3160,1,0,1,0,1,0,0,0,0,0,0,0,0,0,.00,.00,.00,.000,.000,0,0,0,0,0,0,0,.000,0,0,0,0,.00,.00,.00,.00,0,,43:00,0,.00,.00,2,0,0,0,0,1.000,0.00,2,0,43:55,0,1,.00,1.000,.000,2.00,,,,,,0.5289690363275186,89,85
2026-27,msoc,Ohio Athletic Conference (OAC),oac,Heidelberg,"Allison, Carter",Carter,Allison,,278,"Allison, Carter","ALLISON,CARTER",Heidelberg,HEI,1276-3900,8,8,10,0,10,0,0,1,7,1,1,0,1,0,.88,.13,.13,.000,.125,1,0,0,0,0,0,0,.000,14,0,2,0,1.75,.25,.00,.00,0,,633:00,0,.00,.00,,,,,,,,,,,,,,,,,,,,,,0.47107210642711184,90,84
2026-27,msoc,Ohio Athletic Conference (OAC),oac,Mount Union,"Craciun, Isaac",Isaac,Craciun,,452,"Craciun, Isaac","CRACIUN,ISAAC",Mount Union,MOU,1279-5582,9,9,3,0,3,0,0,1,4,1,1,0,0,0,.44,.11,.11,.000,.111,1,0,0,0,0,0,0,.000,9,0,2,0,1.00,.22,.00,.00,0,,663:00,0,.00,.00,,,,,,,,,,,,,,,,,,,,,,0.47107210642711184,91,84
2026-27,msoc,Ohio Athletic Conference (OAC),oac,Otterbein,"Greene, Alex",Alex,Greene,,531,"Greene, Alex","GREENE,ALEX",Otterbein,OTT,1285-4840,5,4,18,0,18,0,0,1,2,1,1,0,0,0,.40,.20,.20,.000,.200,1,0,0,0,0,0,0,.000,1,0,1,0,.20,.20,.00,.00,0,,373:00,0,.00,.00,,,,,,,,,,,,,,,,,,,,,,0.47107210642711184,92,84
2026-27,msoc,Ohio Athletic Conference (OAC),oac,Baldwin Wallace,"Halilaj, Cimi",Cimi,Halilaj,,46,"Halilaj, Cimi","HALILAJ,CIMI",Baldwin Wallace,BWU,1273-4082,5,2,6,0,6,0,0,1,4,1,1,0,0,0,.80,.20,.20,.000,.200,1,0,0,0,0,0,0,.000,0,0,1,0,.00,.20,.00,.00,0,,213:00,0,.00,.00,,,,,,,,,,,,,,,,,,,,,,0.47107210642711184,93,84
2026-27,msoc,Ohio Athletic Conference (OAC),oac,Baldwin Wallace,"Rappoport, Chase",Chase,Rappoport,,46,"Rappoport, Chase","RAPPOPORT,CHASE",Baldwin Wallace,BWU,1273-5201,9,8,10,0,10,0,0,1,3,1,1,0,0,0,.33,.11,.11,.000,.111,1,0,0,0,0,0,0,.000,7,0,1,0,.78,.11,.00,.00,0,,689:00,0,.00,.00,,,,,,,,,,,,,,,,,,,,,,0.47107210642711184,94,84
2026-27,msoc,Ohio Athletic Conference (OAC),oac,Mount Union,"Sinclair, Jack",Jack,Sinclair,,452,"Sinclair, Jack","SINCLAIR,JACK",Mount Union,MOU,1279-6076,9,9,40,0,40,0,0,1,3,1,1,0,0,0,.33,.11,.11,.000,.111,1,0,0,0,0,0,0,.000,7,0,0,0,.78,.00,.00,.00,0,,675:00,0,.00,.00,,,,,,,,,,,,,,,,,,,,,,0.47107210642711184,95,84
2026-27,msoc,Ohio Athletic Conference (OAC),oac,Wilmington,"Stanford, Grayson",Grayson,Stanford,,1461,"Stanford, Grayson","STANFORD,GRAYSON",Wilmington,WILM,1286-3815,9,0,15,0,15,0,0,1,3,1,1,0,0,0,.33,.11,.11,.000,.111,1,0,0,0,0,0,0,.000,5,0,0,0,.56,.00,.00,.00,0,,311:00,0,.00,.00,,,,,,,,,,,,,,,,,,,,,,0.47107210642711184,96,84
2026-27,msoc,Ohio Athletic Conference (OAC),oac,Muskingum,Darrik Hall,Darrik,Hall,,455,Darrik Hall,"HALL,DARRIK",Muskingum,MUSKINGU,0,9,9,23,0,23,0,0,0,3,1,1,0,0,0,.33,.00,.11,.000,.111,0,0,0,0,0,0,0,.000,4,0,2,0,.44,.22,.00,.00,0,,437:00,0,.00,.00,,,,,,,,,,,,,,,,,,,,,,0.26302902300654823,97,83
2026-27,msoc,Ohio Athletic Conference (OAC),oac,Otterbein,"Fiorini, Fabrizio",Fabrizio,Fiorini,,531,"Fiorini, Fabrizio","FIORINI,FABRIZIO",Otterbein,OTT,1285-5026,6,1,25,0,25,0,0,0,2,1,1,0,0,0,.33,.00,.17,.000,.167,0,0,0,0,0,0,0,.000,7,0,0,0,1.17,.00,.00,.00,0,,245:00,0,.00,.00,,,,,,,,,,,,,,,,,,,,,,0.26302902300654823,98,83
2026-27,msoc,Ohio Athletic Conference (OAC),oac,Baldwin Wallace,"Hawkins, Royce",Royce,Hawkins,,46,"Hawkins, Royce","HAWKINS,ROYCE",Baldwin Wallace,BWU,1273-5156,8,1,31,0,31,0,0,0,0,1,1,0,0,0,.00,.00,.13,.000,.125,0,0,0,0,0,0,0,.000,1,0,1,0,.13,.13,.00,.00,0,,328:00,0,.00,.00,,,,,,,,,,,,,,,,,,,,,,0.26302902300654823,99,83
2026-27,msoc,Ohio Athletic Conference (OAC),oac,Mount Union,"Krupitzer, Drew",Drew,Krupitzer,,452,"Krupitzer, Drew","KRUPITZER,DREW",Mount Union,MOU,1279-6071,9,9,26,0,26,0,0,0,2,1,1,0,0,0,.22,.00,.11,.000,.111,0,0,0,0,0,0,0,.000,2,0,0,0,.22,.00,.00,.00,0,,746:00,0,.00,.00,,,,,,,,,,,,,,,,,,,,,,0.26302902300654823,100,83
2026-27,msoc,Ohio Athletic Conference (OAC),oac,Otterbein,"Markland, Sean",Sean,Markland,,531,"Markland, Sean","MARKLAND,SEAN",Otterbein,OTT,1285-5020,6,0,20,0,20,0,0,0,0,1,1,0,0,0,.00,.00,.17,.000,.167,0,0,0,0,0,0,0,.000,0,0,0,0,.00,.00,.00,.00,0,,144:00,0,.00,.00,,,,,,,,,,,,,,,,,,,,,,0.26302902300654823,101,83
2026-27,msoc,Ohio Athletic Conference (OAC),oac,Muskingum,Owen Peckinpaugh,Owen,Peckinpaugh,,455,Owen Peckinpaugh,"PECKINPAUGH,OWEN",Muskingum,MUSKINGU,0,9,4,29,0,29,0,0,0,2,1,1,0,0,0,.22,.00,.11,.000,.111,0,0,0,0,0,0,0,.000,2,0,1,0,.22,.11,.00,.00,0,,321:00,0,.00,.00,,,,,,,,,,,,,,,,,,,,,,0.26302902300654823,102,83
2026-27,msoc,Ohio Athletic Conference (OAC),oac,Mount Union,"Preston, Joseph",Joseph,Preston,,452,"Preston, Joseph","PRESTON,JOSEPH",Mount Union,MOU,1279-6075,8,0,17,0,17,0,0,0,3,1,1,0,0,0,.38,.00,.13,.000,.125,0,0,0,0,0,0,0,.000,4,0,0,0,.50,.00,.00,.00,0,,191:00,0,.00,.00,,,,,,,,,,,,,,,,,,,,,,0.26302902300654823,103,83
2026-27,msoc,Ohio Athletic Conference (OAC),oac,Muskingum,Vincent Holtzapple,Vincent,Holtzapple,,455,Vincent Holtzapple,"HOLTZAPPLE,VINCENT",Muskingum,MUSKINGU,0,9,8,19,0,19,0,0,0,0,1,1,0,0,0,.00,.00,.11,.000,.111,0,0,0,0,0,0,0,.000,3,0,0,0,.33,.00,.00,.00,0,,609:00,0,.00,.00,,,,,,,,,,,,,,,,,,,,,,0.26302902300654823,104,83
2026-27,msoc,Ohio Athletic Conference (OAC),oac,Capital,"Wilhelmsen, Filip",Filip,Wilhelmsen,,117,"Wilhelmsen, Filip","WILHELMSEN,FILIP",Capital,Capita,1275-3155,5,3,27,0,27,0,0,0,2,1,1,0,0,0,.40,.00,.20,.000,.200,0,0,0,0,0,0,0,.000,2,0,1,0,.40,.20,.00,.00,0,,236:00,0,.00,.00,,,,,,,,,,,,,,,,,,,,,,0.26302902300654823,105,82
2026-27,msoc,Ohio Athletic Conference (OAC),oac,Marietta,"Williamson, Pat",Pat,Williamson,,385,"Williamson, Pat","WILLIAMSON,PAT",Marietta,MAR,1278-3573,8,8,8,0,8,0,0,0,3,1,1,0,0,0,.38,.00,.13,.000,.125,0,0,0,0,0,0,0,.000,9,0,0,0,1.13,.00,.00,.00,0,,537:00,0,.00,.00,,,,,,,,,,,,,,,,,,,,,,0.26302902300654823,106,82
2026-27,msoc,Ohio Athletic Conference (OAC),oac,Wilmington,"Beermann, Tannar",Tannar,Beermann,,1461,"Beermann, Tannar","BEERMANN,TANNAR",Wilmington,WILM,1286-3314,9,8,18,0,18,0,0,9,16,0,0,0,0,0,1.78,1.00,.00,.000,.000,9,0,0,0,0,0,0,.000,10,0,2,0,1.11,.22,.00,.00,0,,514:00,0,.00,.00,,,,,,,,,,,,,,,,,,,,,,0.15151853249580993,107,82
2026-27,msoc,Ohio Athletic Conference (OAC),oac,Mount Union,Braedon Kennedy,Braedon,Kennedy,,452,Braedon Kennedy,"KENNEDY,BRAEDON",Mount Union,MOU,0,0,0,99,0,99,,,,,,,,,,,,,,,,,,,,,,,,,,,,,,,,,,,,,,,,,,,,,,,,,,,,,,,,,,0.0,108,82
2026-27,msoc,Ohio Athletic Conference (OAC),oac,Mount Union,Callen Kaufman,Callen,Kaufman,,452,Callen Kaufman,"KAUFMAN,CALLEN",Mount Union,MOU,0,0,0,98,0,98,,,,,,,,,,,,,,,,,,,,,,,,,,,,,,,,,,,,,,,,,,,,,,,,,,,,,,,,,,0.0,109,82
2026-27,msoc,Ohio Athletic Conference (OAC),oac,Mount Union,Dominic Gambone,Dominic,Gambone,,452,Dominic Gambone,"GAMBONE,DOMINIC",Mount Union,MOU,0,0,0,97,0,97,,,,,,,,,,,,,,,,,,,,,,,,,,,,,,,,,,,,,,,,,,,,,,,,,,,,,,,,,,0.0,110,82
2026-27,msoc,Ohio Athletic Conference (OAC),oac,Heidelberg,"Weidow, Paul",Paul,Weidow,,278,"Weidow, Paul","WEIDOW,PAUL",Heidelberg,HEI,1276-3890,7,7,6,0,6,0,0,6,12,0,0,0,0,0,1.71,.86,.00,.000,.000,6,0,0,0,0,0,0,.000,1,0,0,0,.14,.00,.00,.00,0,,624:00,0,.00,.00,,,,,,,,,,,,,,,,,,,,,,-0.4726107177658809,111,82
2026-27,msoc,Ohio Athletic Conference (OAC),oac,Baldwin Wallace,"Williams, Jayden",Jayden,Williams,,46,"Williams, Jayden","WILLIAMS,JAYDEN",Baldwin Wallace,BWU,1273-5221,9,2,5,0,5,0,0,6,14,0,0,0,0,0,1.56,.67,.00,.000,.000,6,0,0,0,0,0,0,.000,4,0,1,0,.44,.11,.00,.00,0,,374:00,0,.00,.00,,,,,,,,,,,,,,,,,,,,,,-0.4726107177658809,112,81
2026-27,msoc,Ohio Athletic Conference (OAC),oac,Muskingum,Lucas Matesic,Lucas,Matesic,,455,Lucas Matesic,"MATESIC,LUCAS",Muskingum,MUSKINGU,0,1,1,31,0,31,0,0,0,0,0,0,0,0,0,.00,.00,.00,.000,.000,0,0,0,0,0,0,0,.000,0,0,0,0,.00,.00,.00,.00,0,,90:00,0,.00,.00,23,0,0,1,0,.909,1.00,10,1,90:00,1,1,1.00,0.909,.000,10.00,,,,,,-0.6168893988355513,113,81
2026-27,msoc,Ohio Athletic Conference (OAC),oac,Capital,"Thomas, Noah",Noah,Thomas,,117,"Thomas, Noah","THOMAS,NOAH",Capital,Capita,1275-3027,7,7,0,0,0,0,0,0,0,0,0,0,0,0,.00,.00,.00,.000,.000,0,0,0,0,0,0,0,.000,1,0,0,0,.14,.00,.00,.00,0,,587:00,0,.00,.00,97,1,2,4,1,.867,0.92,39,6,586:05,7,7,.86,0.867,.143,5.57,,,,,,-0.7704076427561446,114,81
2026-27,msoc,Ohio Athletic Conference (OAC),oac,Wilmington,"Axelsson, Erik",Erik,Axelsson,,1461,"Axelsson, Erik","AXELSSON,ERIK",Wilmington,WILM,1286-3697,5,5,99,0,99,0,0,0,0,0,0,0,0,0,.00,.00,.00,.000,.000,0,0,0,0,0,0,0,.000,0,0,0,0,.00,.00,.00,.00,0,,450:00,0,.00,.00,62,2,2,1,2,.815,1.00,22,5,450:00,5,5,1.00,0.815,.400,4.40,,,,,,-1.084575485705723,115,81
2026-27,msoc,Ohio Athletic Conference (OAC),oac,Otterbein,"Lord, Josh",Josh,Lord,,531,"Lord, Josh","LORD,JOSH",Otterbein,OTT,1285-4546,6,5,10,0,10,0,0,3,7,0,0,0,0,0,1.17,.50,.00,.000,.000,3,0,0,0,0,0,0,.000,5,0,3,0,.83,.50,.00,.00,0,,306:00,0,.00,.00,,,,,,,,,,,,,,,,,,,,,,-1.0967399680275718,116,81
2026-27,msoc,Ohio Athletic Conference (OAC),oac,Baldwin Wallace,"Warrick, Seth",Seth,Warrick,,46,"Warrick, Seth","WARRICK,SETH",Baldwin Wallace,BWU,1273-4095,2,0,00,0,00,0,0,0,0,0,0,0,0,0,.00,.00,.00,.000,.000,0,0,0,0,0,0,0,.000,0,0,0,0,.00,.00,.00,.00,0,,76:00,0,.00,.00,9,1,0,0,0,.833,1.18,5,1,76:05,0,2,.50,0.833,.000,2.50,,,,,,-1.1197763054542618,117,81
2026-27,msoc,Ohio Athletic Conference (OAC),oac,Ohio Northern,"Knopp, Colton",Colton,Knopp,,517,"Knopp, Colton","KNOPP,COLTON",Ohio Northern,ONU,0,0,0,00,0,00,0,0,0,0,0,0,0,0,0,.00,.00,.00,.000,.000,0,0,0,0,0,0,0,.000,0,0,0,0,.00,.00,.00,.00,0,,00:00,0,.00,.00,0,0,0,0,0,.667,0.00,0,0,00:00,0,0,.00,0.000,.000,.00,,,,,,-1.127833803329578,118,81
2026-27,msoc,Ohio Athletic Conference (OAC),oac,Heidelberg,"Agyekum, Elliott",Elliott,Agyekum,,278,"Agyekum, Elliott","AGYEKUM,ELLIOTT",Heidelberg,HEI,1276-3898,8,2,28,0,28,0,0,2,3,0,0,0,0,0,.38,.25,.00,.000,.000,2,0,0,0,0,0,0,.000,5,0,0,0,.63,.00,.00,.00,0,,279:00,0,.00,.00,,,,,,,,,,,,,,,,,,,,,,-1.3047830514481353,119,80
2026-27,msoc,Ohio Athletic Conference (OAC),oac,Baldwin Wallace,"Alhaldi, Omar",Omar,Alhaldi,,46,"Alhaldi, Omar","ALHALDI,OMAR",Baldwin Wallace,BWU,1273-4808,5,3,7,0,7,0,0,2,6,0,0,0,0,0,1.20,.40,.00,.000,.000,2,0,0,0,0,0,0,.000,4,0,2,0,.80,.40,.00,.00,0,,183:00,0,.00,.00,,,,,,,,,,,,,,,,,,,,,,-1.3047830514481353,120,80
2026-27,msoc,Ohio Athletic Conference (OAC),oac,Baldwin Wallace,"Arnold, Zach",Zach,Arnold,,46,"Arnold, Zach","ARNOLD,ZACH",Baldwin Wallace,BWU,1273-5153,9,9,21,0,21,0,0,2,3,0,0,0,0,0,.33,.22,.00,.000,.000,2,0,0,0,0,0,0,.000,3,0,0,0,.33,.00,.00,.00,0,,592:00,0,.00,.00,,,,,,,,,,,,,,,,,,,,,,-1.3047830514481353,121,80
2026-27,msoc,Ohio Athletic Conference (OAC),oac,Capital,"Arve, Dio",Dio,Arve,,117,"Arve, Dio","ARVE,DIO",Capital,Capita,1275-3158,5,1,31,0,31,0,0,2,2,0,0,0,0,0,.40,.40,.00,.000,.000,2,0,0,0,0,0,0,.000,4,0,0,0,.80,.00,.00,.00,0,,129:00,0,.00,.00,,,,,,,,,,,,,,,,,,,,,,-1.3047830514481353,122,80
2026-27,msoc,Ohio Athletic Conference (OAC),oac,Ohio Northern,"Bordogna, Enzo",Enzo,Bordogna,,517,"Bordogna, Enzo","BORDOGNA,ENZO",Ohio Northern,ONU,0,9,9,5,0,5,0,0,2,6,0,0,0,0,0,.67,.22,.00,.000,.000,2,0,0,0,0,0,0,.000,12,1,1,0,1.33,.11,.11,.00,0,,751:00,0,.00,.00,,,,,,,,,,,,,,,,,,,,,,-1.3047830514481353,123,80
2026-27,msoc,Ohio Athletic Conference (OAC),oac,Ohio Northern,"Mancani, Anthony",Anthony,Mancani,,517,"Mancani, Anthony","MANCANI,ANTHONY",Ohio Northern,ONU,0,9,8,18,0,18,0,0,2,2,0,0,0,0,0,.22,.22,.00,.000,.000,2,0,0,0,0,0,0,.000,5,0,1,0,.56,.11,.00,.00,0,,549:00,0,.00,.00,,,,,,,,,,,,,,,,,,,,,,-1.3047830514481353,124,80
2026-27,msoc,Ohio Athletic Conference (OAC),oac,Muskingum,Owen Seputis,Owen,Seputis,,455,Owen Seputis,"SEPUTIS,OWEN",Muskingum,MUSKINGU,0,9,9,4,0,4,0,0,2,3,0,0,0,0,0,.33,.22,.00,.000,.000,2,0,0,0,0,0,0,.000,2,0,2,0,.22,.22,.00,.00,0,,771:00,0,.00,.00,,,,,,,,,,,,,,,,,,,,,,-1.3047830514481353,125,80
2026-27,msoc,Ohio Athletic Conference (OAC),oac,Heidelberg,"Springer, Cody",Cody,Springer,,278,"Springer, Cody","SPRINGER,CODY",Heidelberg,HEI,1276-2901,8,1,32,0,32,0,0,2,3,0,0,0,0,0,.38,.25,.00,.000,.000,2,0,0,0,0,0,0,.000,8,0,0,0,1.00,.00,.00,.00,0,,240:00,0,.00,.00,,,,,,,,,,,,,,,,,,,,,,-1.3047830514481353,126,79
2026-27,msoc,Ohio Athletic Conference (OAC),oac,Otterbein,"Traber, Eli",Eli,Traber,,531,"Traber, Eli","TRABER,ELI",Otterbein,OTT,1285-4834,5,5,2,0,2,0,0,2,5,0,0,0,0,0,1.00,.40,.00,.000,.000,2,0,0,0,0,0,0,.000,2,0,1,0,.40,.20,.00,.00,0,,450:00,0,.00,.00,,,,,,,,,,,,,,,,,,,,,,-1.3047830514481353,127,79
2026-27,msoc,Ohio Athletic Conference (OAC),oac,Capital,"Wright, Charlie",Charlie,Wright,,117,"Wright, Charlie","WRIGHT,CHARLIE",Capital,Capita,1275-3473,5,4,13,0,13,0,0,2,5,0,0,0,0,0,1.00,.40,.00,.000,.000,2,0,0,0,0,0,0,.000,6,0,0,0,1.20,.00,.00,.00,0,,302:00,0,.00,.00,,,,,,,,,,,,,,,,,,,,,,-1.3047830514481353,128,79
2026-27,msoc,Ohio Athletic Conference (OAC),oac,Capital,"Yancy, Jimmy",Jimmy,Yancy,,117,"Yancy, Jimmy","YANCY,JIMMY",Capital,Capita,1275-3474,6,0,29,0,29,0,0,2,7,0,0,0,0,0,1.17,.33,.00,.000,.000,2,0,0,0,0,0,0,.000,2,0,0,0,.33,.00,.00,.00,0,,160:00,0,.00,.00,,,,,,,,,,,,,,,,,,,,,,-1.3047830514481353,129,79
2026-27,msoc,Ohio Athletic Conference (OAC),oac,Muskingum,Noah Emmons,Noah,Emmons,,455,Noah Emmons,"EMMONS,NOAH",Muskingum,MUSKINGU,0,8,8,0,0,0,0,0,0,0,0,0,0,0,0,.00,.00,.00,.000,.000,0,0,0,0,0,0,0,.000,0,0,0,0,.00,.00,.00,.00,0,,720:00,0,.00,.00,35,1,1,5,4,.742,1.00,23,8,720:00,8,8,1.00,0.742,.500,2.88,,,,,,-1.447778510615537,130,79
2026-27,msoc,Ohio Athletic Conference (OAC),oac,Heidelberg,"Archibald, Jack",Jack,Archibald,,278,"Archibald, Jack","ARCHIBALD,JACK",Heidelberg,HEI,1276-3896,4,0,26,0,26,0,0,1,1,0,0,0,0,0,.25,.25,.00,.000,.000,1,0,0,0,0,0,0,.000,0,0,0,0,.00,.00,.00,.00,0,,37:00,0,.00,.00,,,,,,,,,,,,,,,,,,,,,,-1.5128261348686989,131,79
2026-27,msoc,Ohio Athletic Conference (OAC),oac,Capital,"Benjamin, Josiah",Josiah,Benjamin,,117,"Benjamin, Josiah","BENJAMIN,JOSIAH",Capital,Capita,1275-2853,3,2,6,0,6,0,0,1,1,0,0,0,0,0,.33,.33,.00,.000,.000,1,0,0,0,0,0,0,.000,1,0,0,0,.33,.00,.00,.00,0,,201:00,0,.00,.00,,,,,,,,,,,,,,,,,,,,,,-1.5128261348686989,132,79
2026-27,msoc,Ohio Athletic Conference (OAC),oac,Ohio Northern,"Bray, T.J.",T.J.,Bray,,517,"Bray, T.J.","BRAY,T.J.",Ohio Northern,ONU,0,8,0,6,0,6,0,0,1,1,0,0,0,0,0,.13,.13,.00,.000,.000,1,0,0,0,0,0,0,.000,1,0,0,0,.13,.00,.00,.00,0,,83:00,0,.00,.00,,,,,,,,,,,,,,,,,,,,,,-1.5128261348686989,133,79
2026-27,msoc,Ohio Athletic Conference (OAC),oac,Otterbein,"Butzier, Luke",Luke,Butzier,,531,"Butzier, Luke","BUTZIER,LUKE",Otterbein,OTT,1285-4266,6,6,6,0,6,0,0,1,1,0,0,0,0,0,.17,.17,.00,.000,.000,1,0,0,0,0,0,0,.000,2,0,3,0,.33,.50,.00,.00,0,,426:00,0,.00,.00,,,,,,,,,,,,,,,,,,,,,,-1.5128261348686989,134,78
2026-27,msoc,Ohio Athletic Conference (OAC),oac,Ohio Northern,"Chaput, Vinnie",Vinnie,Chaput,,517,"Chaput, Vinnie","CHAPUT,VINNIE",Ohio Northern,ONU,0,10,2,14,0,14,0,0,1,6,0,0,0,0,0,.60,.10,.00,.000,.000,1,0,0,0,0,0,0,.000,3,0,2,0,.30,.20,.00,.00,0,,355:00,0,.00,.00,,,,,,,,,,,,,,,,,,,,,,-1.5128261348686989,135,78
2026-27,msoc,Ohio Athletic Conference (OAC),oac,Ohio Northern,"Dulder, Chase",Chase,Dulder,,517,"Dulder, Chase","DULDER,CHASE",Ohio Northern,ONU,0,4,0,25,0,25,0,0,1,1,0,0,0,0,0,.25,.25,.00,.000,.000,1,0,0,0,0,0,0,.000,1,0,0,0,.25,.00,.00,.00,0,,36:00,0,.00,.00,,,,,,,,,,,,,,,,,,,,,,-1.5128261348686989,136,78
2026-27,msoc,Ohio Athletic Conference (OAC),oac,Wilmington,"Eriksson, Viktor",Viktor,Eriksson,,1461,"Eriksson, Viktor","ERIKSSON,VIKTOR",Wilmington,WILM,1286-3812,1,0,14,0,14,0,0,1,1,0,0,0,0,0,1.00,1.00,.00,.000,.000,1,0,0,0,0,0,0,.000,0,0,0,0,.00,.00,.00,.00,0,,05:00,0,.00,.00,,,,,,,,,,,,,,,,,,,,,,-1.5128261348686989,137,78
2026-27,msoc,Ohio Athletic Conference (OAC),oac,Wilmington,"Fall, Kane",Kane,Fall,,1461,"Fall, Kane","FALL,KANE",Wilmington,WILM,1286-3809,4,0,20,0,20,0,0,1,1,0,0,0,0,0,.25,.25,.00,.000,.000,1,0,0,0,0,0,0,.000,0,0,1,0,.00,.25,.00,.00,0,,72:00,0,.00,.00,,,,,,,,,,,,,,,,,,,,,,-1.5128261348686989,138,78
2026-27,msoc,Ohio Athletic Conference (OAC),oac,Heidelberg,"Faraj, Hassen",Hassen,Faraj,,278,"Faraj, Hassen","FARAJ,HASSEN",Heidelberg,HEI,1276-2885,8,6,7,0,7,0,0,1,1,0,0,0,0,0,.13,.13,.00,.000,.000,1,0,0,0,0,0,0,.000,6,0,0,0,.75,.00,.00,.00,0,,454:00,0,.00,.00,,,,,,,,,,,,,,,,,,,,,,-1.5128261348686989,139,78
2026-27,msoc,Ohio Athletic Conference (OAC),oac,Heidelberg,"Focinos, Inigo",Inigo,Focinos,,278,"Focinos, Inigo","FOCINOS,INIGO",Heidelberg,HEI,1276-2887,7,5,17,0,17,0,0,1,2,0,0,0,0,0,.29,.14,.00,.000,.000,1,0,0,0,0,0,0,.000,7,1,0,0,1.00,.00,.14,.00,0,,438:00,0,.00,.00,,,,,,,,,,,,,,,,,,,,,,-1.5128261348686989,140,78
2026-27,msoc,Ohio Athletic Conference (OAC),oac,Mount Union,"Garduno, Mateo",Mateo,Garduno,,452,"Garduno, Mateo","GARDUNO,MATEO",Mount Union,MOU,1279-6070,8,0,21,0,21,0,0,1,4,0,0,0,0,0,.50,.13,.00,.000,.000,1,0,0,0,0,0,0,.000,1,0,0,0,.13,.00,.00,.00,0,,133:00,0,.00,.00,,,,,,,,,,,,,,,,,,,,,,-1.5128261348686989,141,77
2026-27,msoc,Ohio Athletic Conference (OAC),oac,Muskingum,Garrett Pugh,Garrett,Pugh,,455,Garrett Pugh,"PUGH,GARRETT",Muskingum,MUSKINGU,0,9,9,17,0,17,0,0,1,4,0,0,0,0,0,.44,.11,.00,.000,.000,1,0,0,0,0,0,0,.000,3,0,0,0,.33,.00,.00,.00,0,,638:00,0,.00,.00,,,,,,,,,,,,,,,,,,,,,,-1.5128261348686989,142,77
2026-27,msoc,Ohio Athletic Conference (OAC),oac,Marietta,"Heramb, Sam",Sam,Heramb,,385,"Heramb, Sam","HERAMB,SAM",Marietta,MAR,1278-4069,7,0,2,0,2,0,0,1,2,0,0,0,0,0,.29,.14,.00,.000,.000,1,0,0,0,0,0,0,.000,3,0,0,0,.43,.00,.00,.00,0,,127:00,0,.00,.00,,,,,,,,,,,,,,,,,,,,,,-1.5128261348686989,143,77
2026-27,msoc,Ohio Athletic Conference (OAC),oac,Muskingum,Kaleb Lahrmer,Kaleb,Lahrmer,,455,Kaleb Lahrmer,"LAHRMER,KALEB",Muskingum,MUSKINGU,0,3,0,27,0,27,0,0,1,1,0,0,0,0,0,.33,.33,.00,.000,.000,1,0,0,0,0,0,0,.000,0,0,0,0,.00,.00,.00,.00,0,,25:00,0,.00,.00,,,,,,,,,,,,,,,,,,,,,,-1.5128261348686989,144,77
2026-27,msoc,Ohio Athletic Conference (OAC),oac,Capital,"Kirian, Grady",Grady,Kirian,,117,"Kirian, Grady","KIRIAN,GRADY",Capital,Capita,1275-3150,1,0,16,0,16,0,0,1,1,0,0,0,0,0,1.00,1.00,.00,.000,.000,1,0,0,0,0,0,0,.000,1,0,0,0,1.00,.00,.00,.00,0,,30:00,0,.00,.00,,,,,,,,,,,,,,,,,,,,,,-1.5128261348686989,145,77
2026-27,msoc,Ohio Athletic Conference (OAC),oac,Mount Union,"Lee, Ayden",Ayden,Lee,,452,"Lee, Ayden","LEE,AYDEN",Mount Union,MOU,1279-4864,5,2,11,0,11,0,0,1,1,0,0,0,0,0,.20,.20,.00,.000,.000,1,0,0,0,0,0,0,.000,1,0,0,0,.20,.00,.00,.00,0,,91:00,0,.00,.00,,,,,,,,,,,,,,,,,,,,,,-1.5128261348686989,146,77
2026-27,msoc,Ohio Athletic Conference (OAC),oac,Marietta,"Porter-Kovacich, Dom",Dom,Porter-Kovacich,,385,"Porter-Kovacich, Dom","PORTER-KOVACICH,DOM",Marietta,MAR,1278-4063,8,0,21,0,21,0,0,1,3,0,0,0,0,0,.38,.13,.00,.000,.000,1,0,0,0,0,0,0,.000,4,0,1,0,.50,.13,.00,.00,0,,119:00,0,.00,.00,,,,,,,,,,,,,,,,,,,,,,-1.5128261348686989,147,77
2026-27,msoc,Ohio Athletic Conference (OAC),oac,Wilmington,"Ratermann, John",John,Ratermann,,1461,"Ratermann, John","RATERMANN,JOHN",Wilmington,WILM,1286-3811,4,0,17,0,17,0,0,1,2,0,0,0,0,0,.50,.25,.00,.000,.000,1,0,0,0,0,0,0,.000,0,0,0,0,.00,.00,.00,.00,0,,49:00,0,.00,.00,,,,,,,,,,,,,,,,,,,,,,-1.5128261348686989,148,76
2026-27,msoc,Ohio Athletic Conference (OAC),oac,Baldwin Wallace,"Richardson, Carter",Carter,Richardson,,46,"Richardson, Carter","RICHARDSON,CARTER",Baldwin Wallace,BWU,1273-4341,9,8,13,0,13,0,0,1,1,0,0,0,0,0,.11,.11,.00,.000,.000,1,0,0,0,0,0,0,.000,7,0,1,0,.78,.11,.00,.00,0,,547:00,0,.00,.00,,,,,,,,,,,,,,,,,,,,,,-1.5128261348686989,149,76
2026-27,msoc,Ohio Athletic Conference (OAC),oac,Mount Union,"Sager, Isaac",Isaac,Sager,,452,"Sager, Isaac","SAGER,ISAAC",Mount Union,MOU,1279-5588,5,1,20,0,20,0,0,1,1,0,0,0,0,0,.20,.20,.00,.000,.000,1,0,0,0,0,0,0,.000,0,0,0,0,.00,.00,.00,.00,0,,160:00,0,.00,.00,,,,,,,,,,,,,,,,,,,,,,-1.5128261348686989,150,76
2026-27,msoc,Ohio Athletic Conference (OAC),oac,Capital,"Segerstrom, Edvin",Edvin,Segerstrom,,117,"Segerstrom, Edvin","SEGERSTROM,EDVIN",Capital,Capita,1275-3159,7,7,25,0,25,0,0,1,2,0,0,0,0,0,.29,.14,.00,.000,.000,1,0,0,0,0,0,0,.000,5,0,2,0,.71,.29,.00,.00,0,,578:00,0,.00,.00,,,,,,,,,,,,,,,,,,,,,,-1.5128261348686989,151,76
2026-27,msoc,Ohio Athletic Conference (OAC),oac,Otterbein,"Stratmann, Aidan",Aidan,Stratmann,,531,"Stratmann, Aidan","STRATMANN,AIDAN",Otterbein,OTT,1285-4260,6,6,15,0,15,0,0,1,3,0,0,0,0,0,.50,.17,.00,.000,.000,1,0,0,0,0,0,0,.000,6,0,0,0,1.00,.00,.00,.00,0,,482:00,0,.00,.00,,,,,,,,,,,,,,,,,,,,,,-1.5128261348686989,152,76
2026-27,msoc,Ohio Athletic Conference (OAC),oac,Muskingum,Terrance Wright,Terrance,Wright,,455,Terrance Wright,"WRIGHT,TERRANCE",Muskingum,MUSKINGU,0,3,0,16,0,16,0,0,1,1,0,0,0,0,0,.33,.33,.00,.000,.000,1,0,0,0,0,0,0,.000,0,0,0,0,.00,.00,.00,.00,0,,45:00,0,.00,.00,,,,,,,,,,,,,,,,,,,,,,-1.5128261348686989,153,76
2026-27,msoc,Ohio Athletic Conference (OAC),oac,Heidelberg,"WIlliams Jr., Andre",Andre,WIlliams Jr.,,278,"WIlliams Jr., Andre","WILLIAMS JR.,ANDRE",Heidelberg,HEI,1276-3695,7,2,2,0,2,0,0,1,1,0,0,0,0,0,.14,.14,.00,.000,.000,1,0,0,0,0,0,0,.000,3,0,0,0,.43,.00,.00,.00,0,,187:00,0,.00,.00,,,,,,,,,,,,,,,,,,,,,,-1.5128261348686989,154,76
2026-27,msoc,Ohio Athletic Conference (OAC),oac,Otterbein,"Burdine, Jayden",Jayden,Burdine,,531,"Burdine, Jayden","BURDINE,JAYDEN",Otterbein,OTT,1285-4833,6,6,0,0,0,0,0,0,0,0,0,0,0,0,.00,.00,.00,.000,.000,0,0,0,0,0,0,0,.000,0,0,0,0,.00,.00,.00,.00,0,,540:00,0,.00,.00,55,1,1,4,2,.667,0.83,10,5,540:00,6,6,.83,0.667,.333,1.67,,,,,,-1.7031055583308405,155,76
2026-27,msoc,Ohio Athletic Conference (OAC),oac,Baldwin Wallace,"Abend, Zach",Zach,Abend,,46,"Abend, Zach","ABEND,ZACH",Baldwin Wallace,BWU,1273-4321,0,0,41,0,41,0,0,0,0,0,0,0,0,0,.00,.00,.00,.000,.000,0,0,0,0,0,0,0,.000,0,0,0,0,.00,.00,.00,.00,0,,00:00,0,.00,.00,,,,,,,,,,,,,,,,,,,,,,-1.7208692182892626,156,75
2026-27,msoc,Ohio Athletic Conference (OAC),oac,Heidelberg,"Adams, Ayden",Ayden,Adams,,278,"Adams, Ayden","ADAMS,AYDEN",Heidelberg,HEI,1276-3129,2,0,18,0,18,0,0,0,0,0,0,0,0,0,.00,.00,.00,.000,.000,0,0,0,0,0,0,0,.000,0,0,0,0,.00,.00,.00,.00,0,,09:00,0,.00,.00,,,,,,,,,,,,,,,,,,,,,,-1.7208692182892626,157,75
2026-27,msoc,Ohio Athletic Conference (OAC),oac,Otterbein,"Addo, Jeffrey",Jeffrey,Addo,,531,"Addo, Jeffrey","ADDO,JEFFREY",Otterbein,OTT,1285-5017,6,0,16,0,16,0,0,0,1,0,0,0,0,0,.17,.00,.00,.000,.000,0,0,0,0,0,0,0,.000,1,0,0,0,.17,.00,.00,.00,0,,95:00,0,.00,.00,,,,,,,,,,,,,,,,,,,,,,-1.7208692182892626,158,75
2026-27,msoc,Ohio Athletic Conference (OAC),oac,Mount Union,"Adigun, Ayodele",Ayodele,Adigun,,452,"Adigun, Ayodele","ADIGUN,AYODELE",Mount Union,MOU,1279-5580,1,0,34,0,34,0,0,0,0,0,0,0,0,0,.00,.00,.00,.000,.000,0,0,0,0,0,0,0,.000,0,0,0,0,.00,.00,.00,.00,0,,00:00,0,.00,.00,,,,,,,,,,,,,,,,,,,,,,-1.7208692182892626,159,75
2026-27,msoc,Ohio Athletic Conference (OAC),oac,Wilmington,"Adolfsson, Robin Petrovic",Robin Petrovic,Adolfsson,,1461,"Adolfsson, Robin Petrovic","ADOLFSSON,ROBIN PETROVIC",Wilmington,WILM,1286-3421,6,0,6,0,6,0,0,0,1,0,0,0,0,0,.17,.00,.00,.000,.000,0,0,0,0,0,0,0,.000,1,0,1,0,.17,.17,.00,.00,0,,84:00,0,.00,.00,,,,,,,,,,,,,,,,,,,,,,-1.7208692182892626,160,75
2026-27,msoc,Ohio Athletic Conference (OAC),oac,Mount Union,"Ahebwa, Jackson",Jackson,Ahebwa,,452,"Ahebwa, Jackson","AHEBWA,JACKSON",Mount Union,MOU,1279-5170,4,0,41,0,41,0,0,0,0,0,0,0,0,0,.00,.00,.00,.000,.000,0,0,0,0,0,0,0,.000,0,0,0,0,.00,.00,.00,.00,0,,36:00,0,.00,.00,,,,,,,,,,,,,,,,,,,,,,-1.7208692182892626,161,75
2026-27,msoc,Ohio Athletic Conference (OAC),oac,Baldwin Wallace,"Alden, Maguire",Maguire,Alden,,46,"Alden, Maguire","ALDEN,MAGUIRE",Baldwin Wallace,BWU,0,0,0,12,0,12,0,0,0,0,0,0,0,0,0,.00,.00,.00,.000,.000,0,0,0,0,0,0,0,.000,0,0,0,0,.00,.00,.00,.00,0,,00:00,0,.00,.00,,,,,,,,,,,,,,,,,,,,,,-1.7208692182892626,162,75
2026-27,msoc,Ohio Athletic Conference (OAC),oac,Marietta,"Alldred, Kellan",Kellan,Alldred,,385,"Alldred, Kellan","ALLDRED,KELLAN",Marietta,MAR,1278-4057,2,0,15,0,15,0,0,0,0,0,0,0,0,0,.00,.00,.00,.000,.000,0,0,0,0,0,0,0,.000,0,0,0,0,.00,.00,.00,.00,0,,42:00,0,.00,.00,,,,,,,,,,,,,,,,,,,,,,-1.7208692182892626,163,74
2026-27,msoc,Ohio Athletic Conference (OAC),oac,Otterbein,"Amin, Alex",Alex,Amin,,531,"Amin, Alex","AMIN,ALEX",Otterbein,OTT,1285-5021,0,0,31,0,31,0,0,0,0,0,0,0,0,0,.00,.00,.00,.000,.000,0,0,0,0,0,0,0,.000,0,0,0,0,.00,.00,.00,.00,0,,00:00,0,.00,.00,,,,,,,,,,,,,,,,,,,,,,-1.7208692182892626,164,74
2026-27,msoc,Ohio Athletic Conference (OAC),oac,Capital,"Arriola Gonzalez, Patrick",Patrick,Arriola Gonzalez,,117,"Arriola Gonzalez, Patrick","ARRIOLA GONZALEZ,PATRICK",Capital,Capita,1275-3475,1,0,18,0,18,0,0,0,1,0,0,0,0,0,1.00,.00,.00,.000,.000,0,0,0,0,0,0,0,.000,0,0,0,0,.00,.00,.00,.00,0,,10:00,0,.00,.00,,,,,,,,,,,,,,,,,,,,,,-1.7208692182892626,165,74
2026-27,msoc,Ohio Athletic Conference (OAC),oac,Capital,"Balaban, Drew",Drew,Balaban,,117,"Balaban, Drew","BALABAN,DREW",Capital,Capita,1275-3157,1,0,15,0,15,0,0,0,0,0,0,0,0,0,.00,.00,.00,.000,.000,0,0,0,0,0,0,0,.000,0,0,0,0,.00,.00,.00,.00,0,,10:00,0,.00,.00,,,,,,,,,,,,,,,,,,,,,,-1.7208692182892626,166,74
2026-27,msoc,Ohio Athletic Conference (OAC),oac,Mount Union,"Bangura, Abu Bakarr",Abu Bakarr,Bangura,,452,"Bangura, Abu Bakarr","BANGURA,ABU BAKARR",Mount Union,MOU,1279-6081,0,0,99,0,99,0,0,0,0,0,0,0,0,0,.00,.00,.00,.000,.000,0,0,0,0,0,0,0,.000,0,0,0,0,.00,.00,.00,.00,0,,00:00,0,.00,.00,,,,,,,,,,,,,,,,,,,,,,-1.7208692182892626,167,74
2026-27,msoc,Ohio Athletic Conference (OAC),oac,Wilmington,"Barnishin, Max",Max,Barnishin,,1461,"Barnishin, Max","BARNISHIN,MAX",Wilmington,WILM,1286-3690,7,0,7,0,7,0,0,0,0,0,0,0,0,0,.00,.00,.00,.000,.000,0,0,0,0,0,0,0,.000,0,0,0,0,.00,.00,.00,.00,0,,144:00,0,.00,.00,,,,,,,,,,,,,,,,,,,,,,-1.7208692182892626,168,74
2026-27,msoc,Ohio Athletic Conference (OAC),oac,Otterbein,"Becker, Aidan",Aidan,Becker,,531,"Becker, Aidan","BECKER,AIDAN",Otterbein,OTT,1285-4841,3,1,19,0,19,0,0,0,1,0,0,0,0,0,.33,.00,.00,.000,.000,0,0,0,0,0,0,0,.000,1,0,0,0,.33,.00,.00,.00,0,,123:00,0,.00,.00,,,,,,,,,,,,,,,,,,,,,,-1.7208692182892626,169,74
2026-27,msoc,Ohio Athletic Conference (OAC),oac,Marietta,"Beckman, Ben",Ben,Beckman,,385,"Beckman, Ben","BECKMAN,BEN",Marietta,MAR,1278-3569,8,8,32,0,32,0,0,0,1,0,0,0,0,0,.13,.00,.00,.000,.000,0,0,0,0,0,0,0,.000,3,0,0,0,.38,.00,.00,.00,0,,720:00,0,.00,.00,,,,,,,,,,,,,,,,,,,,,,-1.7208692182892626,170,73
2026-27,msoc,Ohio Athletic Conference (OAC),oac,Baldwin Wallace,"Beggs, Brayden",Brayden,Beggs,,46,"Beggs, Brayden","BEGGS,BRAYDEN",Baldwin Wallace,BWU,1273-4326,8,4,3,0,3,0,0,0,1,0,0,0,0,0,.13,.00,.00,.000,.000,0,0,0,0,0,0,0,.000,6,0,1,0,.75,.13,.00,.00,0,,395:00,0,.00,.00,,,,,,,,,,,,,,,,,,,,,,-1.7208692182892626,171,73
2026-27,msoc,Ohio Athletic Conference (OAC),oac,Wilmington,"Bibb, AJ",AJ,Bibb,,1461,"Bibb, AJ","BIBB,AJ",Wilmington,WILM,1286-3316,6,2,24,0,24,0,0,0,0,0,0,0,0,0,.00,.00,.00,.000,.000,0,0,0,0,0,0,0,.000,2,0,0,0,.33,.00,.00,.00,0,,193:00,0,.00,.00,,,,,,,,,,,,,,,,,,,,,,-1.7208692182892626,172,73
2026-27,msoc,Ohio Athletic Conference (OAC),oac,Muskingum,Blake Simmerman,Blake,Simmerman,,455,Blake Simmerman,"SIMMERMAN,BLAKE",Muskingum,MUSKINGU,0,2,0,2,0,2,0,0,0,0,0,0,0,0,0,.00,.00,.00,.000,.000,0,0,0,0,0,0,0,.000,0,0,0,0,.00,.00,.00,.00,0,,37:00,0,.00,.00,,,,,,,,,,,,,,,,,,,,,,-1.7208692182892626,173,73
2026-27,msoc,Ohio Athletic Conference (OAC),oac,Otterbein,"Bodem, Austin",Austin,Bodem,,531,"Bodem, Austin","BODEM,AUSTIN",Otterbein,OTT,1285-4843,0,0,1,0,1,0,0,0,0,0,0,0,0,0,.00,.00,.00,.000,.000,0,0,0,0,0,0,0,.000,0,0,0,0,.00,.00,.00,.00,0,,00:00,0,.00,.00,,,,,,,,,,,,,,,,,,,,,,-1.7208692182892626,174,73
2026-27,msoc,Ohio Athletic Conference (OAC),oac,Baldwin Wallace,"Bonica, Anthony",Anthony,Bonica,,46,"Bonica, Anthony","BONICA,ANTHONY",Baldwin Wallace,BWU,1273-5191,0,0,46,0,46,0,0,0,0,0,0,0,0,0,.00,.00,.00,.000,.000,0,0,0,0,0,0,0,.000,0,0,0,0,.00,.00,.00,.00,0,,00:00,0,.00,.00,,,,,,,,,,,,,,,,,,,,,,-1.7208692182892626,175,73
2026-27,msoc,Ohio Athletic Conference (OAC),oac,Baldwin Wallace,"Brown, Brady",Brady,Brown,,46,"Brown, Brady","BROWN,BRADY",Baldwin Wallace,BWU,0,0,0,3,0,3,0,0,0,0,0,0,0,0,0,.00,.00,.00,.000,.000,0,0,0,0,0,0,0,.000,0,0,0,0,.00,.00,.00,.00,0,,00:00,0,.00,.00,,,,,,,,,,,,,,,,,,,,,,-1.7208692182892626,176,73
2026-27,msoc,Ohio Athletic Conference (OAC),oac,Heidelberg,"Budai, Evan",Evan,Budai,,278,"Budai, Evan","BUDAI,EVAN",Heidelberg,HEI,1276-3647,5,0,11,0,11,0,0,0,0,0,0,0,0,0,.00,.00,.00,.000,.000,0,0,0,0,0,0,0,.000,3,0,0,0,.60,.00,.00,.00,0,,75:00,0,.00,.00,,,,,,,,,,,,,,,,,,,,,,-1.7208692182892626,177,72
2026-27,msoc,Ohio Athletic Conference (OAC),oac,Muskingum,Caleb Lauvray,Caleb,Lauvray,,455,Caleb Lauvray,"LAUVRAY,CALEB",Muskingum,MUSKINGU,0,2,0,22,0,22,0,0,0,0,0,0,0,0,0,.00,.00,.00,.000,.000,0,0,0,0,0,0,0,.000,0,0,0,0,.00,.00,.00,.00,0,,20:00,0,.00,.00,,,,,,,,,,,,,,,,,,,,,,-1.7208692182892626,178,72
2026-27,msoc,Ohio Athletic Conference (OAC),oac,Mount Union,"Callender, Jackson",Jackson,Callender,,452,"Callender, Jackson","CALLENDER,JACKSON",Mount Union,MOU,1279-4859,1,0,00,0,00,0,0,0,0,0,0,0,0,0,.00,.00,.00,.000,.000,0,0,0,0,0,0,0,.000,0,0,0,0,.00,.00,.00,.00,0,,00:00,0,.00,.00,,,,,,,,,,,,,,,,,,,,,,-1.7208692182892626,179,72
2026-27,msoc,Ohio Athletic Conference (OAC),oac,Mount Union,"Camp, Kaden",Kaden,Camp,,452,"Camp, Kaden","CAMP,KADEN",Mount Union,MOU,1279-6068,3,0,37,0,37,0,0,0,0,0,0,0,0,0,.00,.00,.00,.000,.000,0,0,0,0,0,0,0,.000,2,0,0,0,.67,.00,.00,.00,0,,33:00,0,.00,.00,,,,,,,,,,,,,,,,,,,,,,-1.7208692182892626,180,72
2026-27,msoc,Ohio Athletic Conference (OAC),oac,Baldwin Wallace,"Carroll, Connor",Connor,Carroll,,46,"Carroll, Connor","CARROLL,CONNOR",Baldwin Wallace,BWU,0,0,0,36,0,36,0,0,0,0,0,0,0,0,0,.00,.00,.00,.000,.000,0,0,0,0,0,0,0,.000,0,0,0,0,.00,.00,.00,.00,0,,00:00,0,.00,.00,,,,,,,,,,,,,,,,,,,,,,-1.7208692182892626,181,72
2026-27,msoc,Ohio Athletic Conference (OAC),oac,Muskingum,Carson Clary,Carson,Clary,,455,Carson Clary,"CLARY,CARSON",Muskingum,MUSKINGU,0,4,0,41,0,41,0,0,0,0,0,0,0,0,0,.00,.00,.00,.000,.000,0,0,0,0,0,0,0,.000,0,0,0,0,.00,.00,.00,.00,0,,95:00,0,.00,.00,,,,,,,,,,,,,,,,,,,,,,-1.7208692182892626,182,72
2026-27,msoc,Ohio Athletic Conference (OAC),oac,Marietta,"Cartwright, Oliver",Oliver,Cartwright,,385,"Cartwright, Oliver","CARTWRIGHT,OLIVER",Marietta,MAR,1278-4195,1,0,31,0,31,0,0,0,0,0,0,0,0,0,.00,.00,.00,.000,.000,0,0,0,0,0,0,0,.000,0,0,0,0,.00,.00,.00,.00,0,,08:00,0,.00,.00,,,,,,,,,,,,,,,,,,,,,,-1.7208692182892626,183,72
2026-27,msoc,Ohio Athletic Conference (OAC),oac,Ohio Northern,"Caufman, Cooper",Cooper,Caufman,,517,"Caufman, Cooper","CAUFMAN,COOPER",Ohio Northern,ONU,0,1,0,17,0,17,0,0,0,0,0,0,0,0,0,.00,.00,.00,.000,.000,0,0,0,0,0,0,0,.000,0,0,0,0,.00,.00,.00,.00,0,,06:00,0,.00,.00,,,,,,,,,,,,,,,,,,,,,,-1.7208692182892626,184,72
2026-27,msoc,Ohio Athletic Conference (OAC),oac,Baldwin Wallace,"Chapman, Wyatt",Wyatt,Chapman,,46,"Chapman, Wyatt","CHAPMAN,WYATT",Baldwin Wallace,BWU,1273-4329,0,0,32,0,32,0,0,0,0,0,0,0,0,0,.00,.00,.00,.000,.000,0,0,0,0,0,0,0,.000,0,0,0,0,.00,.00,.00,.00,0,,00:00,0,.00,.00,,,,,,,,,,,,,,,,,,,,,,-1.7208692182892626,185,71
2026-27,msoc,Ohio Athletic Conference (OAC),oac,Baldwin Wallace,"Christy, Cole",Cole,Christy,,46,"Christy, Cole","CHRISTY,COLE",Baldwin Wallace,BWU,1273-4809,0,0,26,0,26,0,0,0,0,0,0,0,0,0,.00,.00,.00,.000,.000,0,0,0,0,0,0,0,.000,0,0,0,0,.00,.00,.00,.00,0,,00:00,0,.00,.00,,,,,,,,,,,,,,,,,,,,,,-1.7208692182892626,186,71
2026-27,msoc,Ohio Athletic Conference (OAC),oac,Heidelberg,"Chupka, Jason",Jason,Chupka,,278,"Chupka, Jason","CHUPKA,JASON",Heidelberg,HEI,1276-3649,3,0,33,0,33,0,0,0,0,0,0,0,0,0,.00,.00,.00,.000,.000,0,0,0,0,0,0,0,.000,0,0,0,0,.00,.00,.00,.00,0,,46:00,0,.00,.00,,,,,,,,,,,,,,,,,,,,,,-1.7208692182892626,187,71
2026-27,msoc,Ohio Athletic Conference (OAC),oac,Ohio Northern,"Ciric, Ian",Ian,Ciric,,517,"Ciric, Ian","CIRIC,IAN",Ohio Northern,ONU,0,0,0,99,0,99,0,0,0,0,0,0,0,0,0,.00,.00,.00,.000,.000,0,0,0,0,0,0,0,.000,0,0,0,0,.00,.00,.00,.00,0,,00:00,0,.00,.00,,,,,,,,,,,,,,,,,,,,,,-1.7208692182892626,188,71
2026-27,msoc,Ohio Athletic Conference (OAC),oac,Marietta,"Cobb, Ty",Ty,Cobb,,385,"Cobb, Ty","COBB,TY",Marietta,MAR,1278-4196,1,0,11,0,11,0,0,0,0,0,0,0,0,0,.00,.00,.00,.000,.000,0,0,0,0,0,0,0,.000,0,0,0,0,.00,.00,.00,.00,0,,10:00,0,.00,.00,,,,,,,,,,,,,,,,,,,,,,-1.7208692182892626,189,71
2026-27,msoc,Ohio Athletic Conference (OAC),oac,Mount Union,"Crall, Justin",Justin,Crall,,452,"Crall, Justin","CRALL,JUSTIN",Mount Union,MOU,1279-6082,0,0,98,0,98,0,0,0,0,0,0,0,0,0,.00,.00,.00,.000,.000,0,0,0,0,0,0,0,.000,0,0,0,0,.00,.00,.00,.00,0,,00:00,0,.00,.00,,,,,,,,,,,,,,,,,,,,,,-1.7208692182892626,190,71
2026-27,msoc,Ohio Athletic Conference (OAC),oac,Wilmington,"Cruz, Alan",Alan,Cruz,,1461,"Cruz, Alan","CRUZ,ALAN",Wilmington,WILM,1286-3317,4,1,12,0,12,0,0,0,0,0,0,0,0,0,.00,.00,.00,.000,.000,0,0,0,0,0,0,0,.000,4,0,0,0,1.00,.00,.00,.00,0,,69:00,0,.00,.00,,,,,,,,,,,,,,,,,,,,,,-1.7208692182892626,191,71
2026-27,msoc,Ohio Athletic Conference (OAC),oac,Heidelberg,"Curtis, Brayden",Brayden,Curtis,,278,"Curtis, Brayden","CURTIS,BRAYDEN",Heidelberg,HEI,1276-3650,0,0,22,0,22,0,0,0,0,0,0,0,0,0,.00,.00,.00,.000,.000,0,0,0,0,0,0,0,.000,0,0,0,0,.00,.00,.00,.00,0,,00:00,0,.00,.00,,,,,,,,,,,,,,,,,,,,,,-1.7208692182892626,192,70
2026-27,msoc,Ohio Athletic Conference (OAC),oac,Baldwin Wallace,"Cvijanovic, Nico",Nico,Cvijanovic,,46,"Cvijanovic, Nico","CVIJANOVIC,NICO",Baldwin Wallace,BWU,1273-5193,1,0,34,0,34,0,0,0,0,0,0,0,0,0,.00,.00,.00,.000,.000,0,0,0,0,0,0,0,.000,0,0,0,0,.00,.00,.00,.00,0,,04:00,0,.00,.00,,,,,,,,,,,,,,,,,,,,,,-1.7208692182892626,193,70
2026-27,msoc,Ohio Athletic Conference (OAC),oac,Muskingum,Dane McGee,Dane,McGee,,455,Dane McGee,"MCGEE,DANE",Muskingum,MUSKINGU,0,4,0,13,0,13,0,0,0,0,0,0,0,0,0,.00,.00,.00,.000,.000,0,0,0,0,0,0,0,.000,0,0,0,0,.00,.00,.00,.00,0,,71:00,0,.00,.00,,,,,,,,,,,,,,,,,,,,,,-1.7208692182892626,194,70
2026-27,msoc,Ohio Athletic Conference (OAC),oac,Baldwin Wallace,"Davis, Jack",Jack,Davis,,46,"Davis, Jack","DAVIS,JACK",Baldwin Wallace,BWU,1273-4330,1,0,20,0,20,0,0,0,0,0,0,0,0,0,.00,.00,.00,.000,.000,0,0,0,0,0,0,0,.000,0,0,0,0,.00,.00,.00,.00,0,,04:00,0,.00,.00,,,,,,,,,,,,,,,,,,,,,,-1.7208692182892626,195,70
2026-27,msoc,Ohio Athletic Conference (OAC),oac,Muskingum,Deaton Shade,Deaton,Shade,,455,Deaton Shade,"SHADE,DEATON",Muskingum,MUSKINGU,0,9,9,5,0,5,0,0,0,1,0,0,0,0,0,.11,.00,.00,.000,.000,0,0,0,0,0,0,0,.000,0,0,0,0,.00,.00,.00,.00,0,,660:00,0,.00,.00,,,,,,,,,,,,,,,,,,,,,,-1.7208692182892626,196,70
2026-27,msoc,Ohio Athletic Conference (OAC),oac,Baldwin Wallace,"Duckworth, Cody",Cody,Duckworth,,46,"Duckworth, Cody","DUCKWORTH,CODY",Baldwin Wallace,BWU,1273-4078,0,0,15,0,15,0,0,0,0,0,0,0,0,0,.00,.00,.00,.000,.000,0,0,0,0,0,0,0,.000,0,0,0,0,.00,.00,.00,.00,0,,00:00,0,.00,.00,,,,,,,,,,,,,,,,,,,,,,-1.7208692182892626,197,70
2026-27,msoc,Ohio Athletic Conference (OAC),oac,Baldwin Wallace,"Dushaj, Mark",Mark,Dushaj,,46,"Dushaj, Mark","DUSHAJ,MARK",Baldwin Wallace,BWU,1273-5154,0,0,47,0,47,0,0,0,0,0,0,0,0,0,.00,.00,.00,.000,.000,0,0,0,0,0,0,0,.000,0,0,0,0,.00,.00,.00,.00,0,,00:00,0,.00,.00,,,,,,,,,,,,,,,,,,,,,,-1.7208692182892626,198,70
2026-27,msoc,Ohio Athletic Conference (OAC),oac,Wilmington,"Edmonson, Jase",Jase,Edmonson,,1461,"Edmonson, Jase","EDMONSON,JASE",Wilmington,WILM,1286-3319,9,9,3,0,3,0,0,0,1,0,0,0,0,0,.11,.00,.00,.000,.000,0,0,0,0,0,0,0,.000,3,0,0,0,.33,.00,.00,.00,0,,731:00,0,.00,.00,,,,,,,,,,,,,,,,,,,,,,-1.7208692182892626,199,69
2026-27,msoc,Ohio Athletic Conference (OAC),oac,Ohio Northern,"Edmonson, Jaxson",Jaxson,Edmonson,,517,"Edmonson, Jaxson","EDMONSON,JAXSON",Ohio Northern,ONU,0,5,0,8,0,8,0,0,0,0,0,0,0,0,0,.00,.00,.00,.000,.000,0,0,0,0,0,0,0,.000,3,0,0,0,.60,.00,.00,.00,0,,151:00,0,.00,.00,,,,,,,,,,,,,,,,,,,,,,-1.7208692182892626,200,69
2026-27,msoc,Ohio Athletic Conference (OAC),oac,Marietta,"Eikens, Sam",Sam,Eikens,,385,"Eikens, Sam","EIKENS,SAM",Marietta,MAR,1278-4060,0,0,28,0,28,0,0,0,0,0,0,0,0,0,.00,.00,.00,.000,.000,0,0,0,0,0,0,0,.000,0,0,0,0,.00,.00,.00,.00,0,,00:00,0,.00,.00,,,,,,,,,,,,,,,,,,,,,,-1.7208692182892626,201,69
2026-27,msoc,Ohio Athletic Conference (OAC),oac,Mount Union,Eli Hunter,Eli,Hunter,,452,Eli Hunter,"HUNTER,ELI",Mount Union,MOU,0,1,0,31,0,31,0,0,0,0,0,0,0,0,0,.00,.00,.00,.000,.000,0,0,0,0,0,0,0,.000,0,0,0,0,.00,.00,.00,.00,0,,00:00,0,.00,.00,,,,,,,,,,,,,,,,,,,,,,-1.7208692182892626,202,69
2026-27,msoc,Ohio Athletic Conference (OAC),oac,Wilmington,"Ervin, Aaron",Aaron,Ervin,,1461,"Ervin, Aaron","ERVIN,AARON",Wilmington,WILM,1286-3814,0,0,35,0,35,0,0,0,0,0,0,0,0,0,.00,.00,.00,.000,.000,0,0,0,0,0,0,0,.000,0,0,0,0,.00,.00,.00,.00,0,,00:00,0,.00,.00,,,,,,,,,,,,,,,,,,,,,,-1.7208692182892626,203,69
2026-27,msoc,Ohio Athletic Conference (OAC),oac,Wilmington,"Ervin, Alex",Alex,Ervin,,1461,"Ervin, Alex","ERVIN,ALEX",Wilmington,WILM,1286-3813,0,0,30,0,30,0,0,0,0,0,0,0,0,0,.00,.00,.00,.000,.000,0,0,0,0,0,0,0,.000,0,0,0,0,.00,.00,.00,.00,0,,00:00,0,.00,.00,,,,,,,,,,,,,,,,,,,,,,-1.7208692182892626,204,69
2026-27,msoc,Ohio Athletic Conference (OAC),oac,Baldwin Wallace,"Farris, Cameron",Cameron,Farris,,46,"Farris, Cameron","FARRIS,CAMERON",Baldwin Wallace,BWU,1273-5195,0,0,37,0,37,0,0,0,0,0,0,0,0,0,.00,.00,.00,.000,.000,0,0,0,0,0,0,0,.000,0,0,0,0,.00,.00,.00,.00,0,,00:00,0,.00,.00,,,,,,,,,,,,,,,,,,,,,,-1.7208692182892626,205,69
2026-27,msoc,Ohio Athletic Conference (OAC),oac,Mount Union,"Favro, Jee",Jee,Favro,,452,"Favro, Jee","FAVRO,JEE",Mount Union,MOU,1279-6069,2,0,16,0,16,0,0,0,0,0,0,0,0,0,.00,.00,.00,.000,.000,0,0,0,0,0,0,0,.000,0,0,0,0,.00,.00,.00,.00,0,,04:00,0,.00,.00,,,,,,,,,,,,,,,,,,,,,,-1.7208692182892626,206,69
2026-27,msoc,Ohio Athletic Conference (OAC),oac,Heidelberg,"Figley, Zac",Zac,Figley,,278,"Figley, Zac","FIGLEY,ZAC",Heidelberg,HEI,1276-3652,0,0,12,0,12,0,0,0,0,0,0,0,0,0,.00,.00,.00,.000,.000,0,0,0,0,0,0,0,.000,0,0,0,0,.00,.00,.00,.00,0,,00:00,0,.00,.00,,,,,,,,,,,,,,,,,,,,,,-1.7208692182892626,207,68
2026-27,msoc,Ohio Athletic Conference (OAC),oac,Capital,"Fitchko, Logan",Logan,Fitchko,,117,"Fitchko, Logan","FITCHKO,LOGAN",Capital,Capita,1275-3467,1,0,28,0,28,0,0,0,0,0,0,0,0,0,.00,.00,.00,.000,.000,0,0,0,0,0,0,0,.000,0,0,0,0,.00,.00,.00,.00,0,,03:00,0,.00,.00,,,,,,,,,,,,,,,,,,,,,,-1.7208692182892626,208,68
2026-27,msoc,Ohio Athletic Conference (OAC),oac,Otterbein,"Fountain, Travon",Travon,Fountain,,531,"Fountain, Travon","FOUNTAIN,TRAVON",Otterbein,OTT,1285-5025,0,0,11,0,11,0,0,0,0,0,0,0,0,0,.00,.00,.00,.000,.000,0,0,0,0,0,0,0,.000,0,0,0,0,.00,.00,.00,.00,0,,00:00,0,.00,.00,,,,,,,,,,,,,,,,,,,,,,-1.7208692182892626,209,68
2026-27,msoc,Ohio Athletic Conference (OAC),oac,Wilmington,"Fulton, Caleb",Caleb,Fulton,,1461,"Fulton, Caleb","FULTON,CALEB",Wilmington,WILM,1286-3868,0,0,33,0,33,0,0,0,0,0,0,0,0,0,.00,.00,.00,.000,.000,0,0,0,0,0,0,0,.000,0,0,0,0,.00,.00,.00,.00,0,,00:00,0,.00,.00,,,,,,,,,,,,,,,,,,,,,,-1.7208692182892626,210,68
2026-27,msoc,Ohio Athletic Conference (OAC),oac,Muskingum,Gavin Rausch,Gavin,Rausch,,455,Gavin Rausch,"RAUSCH,GAVIN",Muskingum,MUSKINGU,0,3,0,28,0,28,0,0,0,0,0,0,0,0,0,.00,.00,.00,.000,.000,0,0,0,0,0,0,0,.000,0,0,0,0,.00,.00,.00,.00,0,,46:00,0,.00,.00,,,,,,,,,,,,,,,,,,,,,,-1.7208692182892626,211,68
2026-27,msoc,Ohio Athletic Conference (OAC),oac,Baldwin Wallace,"Getz, Thomas",Thomas,Getz,,46,"Getz, Thomas","GETZ,THOMAS",Baldwin Wallace,BWU,0,0,0,5,0,5,0,0,0,0,0,0,0,0,0,.00,.00,.00,.000,.000,0,0,0,0,0,0,0,.000,0,0,0,0,.00,.00,.00,.00,0,,00:00,0,.00,.00,,,,,,,,,,,,,,,,,,,,,,-1.7208692182892626,212,68
2026-27,msoc,Ohio Athletic Conference (OAC),oac,Capital,"Gewlas, Phoenix",Phoenix,Gewlas,,117,"Gewlas, Phoenix","GEWLAS,PHOENIX",Capital,Capita,1275-3156,2,0,21,0,21,0,0,0,1,0,0,0,0,0,.50,.00,.00,.000,.000,0,0,0,0,0,0,0,.000,2,0,0,0,1.00,.00,.00,.00,0,,36:00,0,.00,.00,,,,,,,,,,,,,,,,,,,,,,-1.7208692182892626,213,68
2026-27,msoc,Ohio Athletic Conference (OAC),oac,Marietta,"Ghizzoni, Christopher",Christopher,Ghizzoni,,385,"Ghizzoni, Christopher","GHIZZONI,CHRISTOPHER",Marietta,MAR,1278-4197,0,0,30,0,30,0,0,0,0,0,0,0,0,0,.00,.00,.00,.000,.000,0,0,0,0,0,0,0,.000,0,0,0,0,.00,.00,.00,.00,0,,00:00,0,.00,.00,,,,,,,,,,,,,,,,,,,,,,-1.7208692182892626,214,67
2026-27,msoc,Ohio Athletic Conference (OAC),oac,Baldwin Wallace,"Giganti, Michael",Michael,Giganti,,46,"Giganti, Michael","GIGANTI,MICHAEL",Baldwin Wallace,BWU,0,0,0,63,0,63,0,0,0,0,0,0,0,0,0,.00,.00,.00,.000,.000,0,0,0,0,0,0,0,.000,0,0,0,0,.00,.00,.00,.00,0,,00:00,0,.00,.00,,,,,,,,,,,,,,,,,,,,,,-1.7208692182892626,215,67
2026-27,msoc,Ohio Athletic Conference (OAC),oac,Baldwin Wallace,"Glivic, Luke",Luke,Glivic,,46,"Glivic, Luke","GLIVIC,LUKE",Baldwin Wallace,BWU,1273-4333,1,0,35,0,35,0,0,0,0,0,0,0,0,0,.00,.00,.00,.000,.000,0,0,0,0,0,0,0,.000,1,0,1,0,1.00,1.00,.00,.00,0,,13:00,0,.00,.00,,,,,,,,,,,,,,,,,,,,,,-1.7208692182892626,216,67
2026-27,msoc,Ohio Athletic Conference (OAC),oac,Baldwin Wallace,"Goldyn, Guy",Guy,Goldyn,,46,"Goldyn, Guy","GOLDYN,GUY",Baldwin Wallace,BWU,1273-5197,0,0,48,0,48,0,0,0,0,0,0,0,0,0,.00,.00,.00,.000,.000,0,0,0,0,0,0,0,.000,0,0,0,0,.00,.00,.00,.00,0,,00:00,0,.00,.00,,,,,,,,,,,,,,,,,,,,,,-1.7208692182892626,217,67
2026-27,msoc,Ohio Athletic Conference (OAC),oac,Baldwin Wallace,"Gomez, Jacek",Jacek,Gomez,,46,"Gomez, Jacek","GOMEZ,JACEK",Baldwin Wallace,BWU,1273-4334,6,0,4,0,4,0,0,0,0,0,0,0,0,0,.00,.00,.00,.000,.000,0,0,0,0,0,0,0,.000,1,0,0,0,.17,.00,.00,.00,0,,92:00,0,.00,.00,,,,,,,,,,,,,,,,,,,,,,-1.7208692182892626,218,67
2026-27,msoc,Ohio Athletic Conference (OAC),oac,Wilmington,"Gordon, Miles",Miles,Gordon,,1461,"Gordon, Miles","GORDON,MILES",Wilmington,WILM,1286-3321,1,1,31,0,31,0,0,0,0,0,0,0,0,0,.00,.00,.00,.000,.000,0,0,0,0,0,0,0,.000,0,0,0,0,.00,.00,.00,.00,0,,17:00,0,.00,.00,,,,,,,,,,,,,,,,,,,,,,-1.7208692182892626,219,67
2026-27,msoc,Ohio Athletic Conference (OAC),oac,Ohio Northern,"Guiliano, Johnathon",Johnathon,Guiliano,,517,"Guiliano, Johnathon","GUILIANO,JOHNATHON",Ohio Northern,ONU,0,0,0,98,0,98,0,0,0,0,0,0,0,0,0,.00,.00,.00,.000,.000,0,0,0,0,0,0,0,.000,0,0,0,0,.00,.00,.00,.00,0,,00:00,0,.00,.00,,,,,,,,,,,,,,,,,,,,,,-1.7208692182892626,220,67
2026-27,msoc,Ohio Athletic Conference (OAC),oac,Heidelberg,"Hanson, Caden",Caden,Hanson,,278,"Hanson, Caden","HANSON,CADEN",Heidelberg,HEI,1276-3892,0,0,00,0,00,0,0,0,0,0,0,0,0,0,.00,.00,.00,.000,.000,0,0,0,0,0,0,0,.000,0,0,0,0,.00,.00,.00,.00,0,,00:00,0,.00,.00,,,,,,,,,,,,,,,,,,,,,,-1.7208692182892626,221,66
2026-27,msoc,Ohio Athletic Conference (OAC),oac,Heidelberg,"Harper-Araya, Daniel",Daniel,Harper-Araya,,278,"Harper-Araya, Daniel","HARPER-ARAYA,DANIEL",Heidelberg,HEI,1276-3893,0,0,0,0,0,0,0,0,0,0,0,0,0,0,.00,.00,.00,.000,.000,0,0,0,0,0,0,0,.000,0,0,0,0,.00,.00,.00,.00,0,,00:00,0,.00,.00,,,,,,,,,,,,,,,,,,,,,,-1.7208692182892626,222,66
2026-27,msoc,Ohio Athletic Conference (OAC),oac,Mount Union,"Hart, Asher",Asher,Hart,,452,"Hart, Asher","HART,ASHER",Mount Union,MOU,1279-5173,3,0,25,0,25,0,0,0,0,0,0,0,0,0,.00,.00,.00,.000,.000,0,0,0,0,0,0,0,.000,2,0,0,0,.67,.00,.00,.00,0,,57:00,0,.00,.00,,,,,,,,,,,,,,,,,,,,,,-1.7208692182892626,223,66
2026-27,msoc,Ohio Athletic Conference (OAC),oac,Heidelberg,"Haswell, Liam",Liam,Haswell,,278,"Haswell, Liam","HASWELL,LIAM",Heidelberg,HEI,1276-3653,8,4,24,0,24,0,0,0,0,0,0,0,0,0,.00,.00,.00,.000,.000,0,0,0,0,0,0,0,.000,1,0,0,0,.13,.00,.00,.00,0,,329:00,0,.00,.00,,,,,,,,,,,,,,,,,,,,,,-1.7208692182892626,224,66
2026-27,msoc,Ohio Athletic Conference (OAC),oac,Otterbein,"Hatch, Aiden",Aiden,Hatch,,531,"Hatch, Aiden","HATCH,AIDEN",Otterbein,OTT,1285-5019,0,0,21,0,21,0,0,0,0,0,0,0,0,0,.00,.00,.00,.000,.000,0,0,0,0,0,0,0,.000,0,0,0,0,.00,.00,.00,.00,0,,00:00,0,.00,.00,,,,,,,,,,,,,,,,,,,,,,-1.7208692182892626,225,66
2026-27,msoc,Ohio Athletic Conference (OAC),oac,Marietta,"Hayes, Parker",Parker,Hayes,,385,"Hayes, Parker","HAYES,PARKER",Marietta,MAR,1278-4198,0,0,33,0,33,0,0,0,0,0,0,0,0,0,.00,.00,.00,.000,.000,0,0,0,0,0,0,0,.000,0,0,0,0,.00,.00,.00,.00,0,,00:00,0,.00,.00,,,,,,,,,,,,,,,,,,,,,,-1.7208692182892626,226,66
2026-27,msoc,Ohio Athletic Conference (OAC),oac,Otterbein,"Hejduk, Coasten",Coasten,Hejduk,,531,"Hejduk, Coasten","HEJDUK,COASTEN",Otterbein,OTT,1285-5023,1,0,5,0,5,0,0,0,0,0,0,0,0,0,.00,.00,.00,.000,.000,0,0,0,0,0,0,0,.000,0,0,0,0,.00,.00,.00,.00,0,,08:00,0,.00,.00,,,,,,,,,,,,,,,,,,,,,,-1.7208692182892626,227,66
2026-27,msoc,Ohio Athletic Conference (OAC),oac,Marietta,"Heramb, Connor",Connor,Heramb,,385,"Heramb, Connor","HERAMB,CONNOR",Marietta,MAR,1278-3806,8,8,5,0,5,0,0,0,1,0,0,0,0,0,.13,.00,.00,.000,.000,0,0,0,0,0,0,0,.000,5,0,1,0,.63,.13,.00,.00,0,,682:00,0,.00,.00,,,,,,,,,,,,,,,,,,,,,,-1.7208692182892626,228,66
2026-27,msoc,Ohio Athletic Conference (OAC),oac,Mount Union,"Hernandez, Cameron",Cameron,Hernandez,,452,"Hernandez, Cameron","HERNANDEZ,CAMERON",Mount Union,MOU,1279-5175,1,0,28,0,28,0,0,0,0,0,0,0,0,0,.00,.00,.00,.000,.000,0,0,0,0,0,0,0,.000,0,0,0,0,.00,.00,.00,.00,0,,00:00,0,.00,.00,,,,,,,,,,,,,,,,,,,,,,-1.7208692182892626,229,65
2026-27,msoc,Ohio Athletic Conference (OAC),oac,Marietta,"Hickey, Luke",Luke,Hickey,,385,"Hickey, Luke","HICKEY,LUKE",Marietta,MAR,1278-4199,6,6,9,0,9,0,0,0,1,0,0,0,0,0,.17,.00,.00,.000,.000,0,0,0,0,0,0,0,.000,4,0,2,0,.67,.33,.00,.00,0,,532:00,0,.00,.00,,,,,,,,,,,,,,,,,,,,,,-1.7208692182892626,230,65
2026-27,msoc,Ohio Athletic Conference (OAC),oac,Baldwin Wallace,"Hiebel, Jack",Jack,Hiebel,,46,"Hiebel, Jack","HIEBEL,JACK",Baldwin Wallace,BWU,0,0,0,26,0,26,0,0,0,0,0,0,0,0,0,.00,.00,.00,.000,.000,0,0,0,0,0,0,0,.000,0,0,0,0,.00,.00,.00,.00,0,,00:00,0,.00,.00,,,,,,,,,,,,,,,,,,,,,,-1.7208692182892626,231,65
2026-27,msoc,Ohio Athletic Conference (OAC),oac,Otterbein,"Higgins, Carter",Carter,Higgins,,531,"Higgins, Carter","HIGGINS,CARTER",Otterbein,OTT,1285-4544,0,0,27,0,27,0,0,0,0,0,0,0,0,0,.00,.00,.00,.000,.000,0,0,0,0,0,0,0,.000,0,0,0,0,.00,.00,.00,.00,0,,00:00,0,.00,.00,,,,,,,,,,,,,,,,,,,,,,-1.7208692182892626,232,65
2026-27,msoc,Ohio Athletic Conference (OAC),oac,Mount Union,"Hill, Justin",Justin,Hill,,452,"Hill, Justin","HILL,JUSTIN",Mount Union,MOU,1279-5583,1,0,32,0,32,0,0,0,0,0,0,0,0,0,.00,.00,.00,.000,.000,0,0,0,0,0,0,0,.000,0,0,0,0,.00,.00,.00,.00,0,,00:00,0,.00,.00,,,,,,,,,,,,,,,,,,,,,,-1.7208692182892626,233,65
2026-27,msoc,Ohio Athletic Conference (OAC),oac,Marietta,"Holliman, Teo",Teo,Holliman,,385,"Holliman, Teo","HOLLIMAN,TEO",Marietta,MAR,1278-4061,3,1,12,0,12,0,0,0,0,0,0,0,0,0,.00,.00,.00,.000,.000,0,0,0,0,0,0,0,.000,0,0,0,0,.00,.00,.00,.00,0,,69:00,0,.00,.00,,,,,,,,,,,,,,,,,,,,,,-1.7208692182892626,234,65
2026-27,msoc,Ohio Athletic Conference (OAC),oac,Heidelberg,"Honniball, Logan",Logan,Honniball,,278,"Honniball, Logan","HONNIBALL,LOGAN",Heidelberg,HEI,1276-3654,1,0,9,0,9,0,0,0,0,0,0,0,0,0,.00,.00,.00,.000,.000,0,0,0,0,0,0,0,.000,0,0,0,0,.00,.00,.00,.00,0,,38:00,0,.00,.00,,,,,,,,,,,,,,,,,,,,,,-1.7208692182892626,235,65
2026-27,msoc,Ohio Athletic Conference (OAC),oac,Capital,"Hughes, Landon",Landon,Hughes,,117,"Hughes, Landon","HUGHES,LANDON",Capital,Capita,1275-3034,7,7,22,0,22,0,0,0,0,0,0,0,0,0,.00,.00,.00,.000,.000,0,0,0,0,0,0,0,.000,3,0,0,0,.43,.00,.00,.00,0,,620:00,0,.00,.00,,,,,,,,,,,,,,,,,,,,,,-1.7208692182892626,236,64
2026-27,msoc,Ohio Athletic Conference (OAC),oac,Baldwin Wallace,"Huzicka, Owen",Owen,Huzicka,,46,"Huzicka, Owen","HUZICKA,OWEN",Baldwin Wallace,BWU,0,0,0,2,0,2,0,0,0,0,0,0,0,0,0,.00,.00,.00,.000,.000,0,0,0,0,0,0,0,.000,0,0,0,0,.00,.00,.00,.00,0,,00:00,0,.00,.00,,,,,,,,,,,,,,,,,,,,,,-1.7208692182892626,237,64
2026-27,msoc,Ohio Athletic Conference (OAC),oac,Marietta,"James, Harry",Harry,James,,385,"James, Harry","JAMES,HARRY",Marietta,MAR,1278-3807,0,0,17,0,17,0,0,0,0,0,0,0,0,0,.00,.00,.00,.000,.000,0,0,0,0,0,0,0,.000,0,0,1,0,.00,.00,.00,.00,0,,00:00,0,.00,.00,,,,,,,,,,,,,,,,,,,,,,-1.7208692182892626,238,64
2026-27,msoc,Ohio Athletic Conference (OAC),oac,Baldwin Wallace,"Jergens, AJ",AJ,Jergens,,46,"Jergens, AJ","JERGENS,AJ",Baldwin Wallace,BWU,1273-4810,0,0,23,0,23,0,0,0,0,0,0,0,0,0,.00,.00,.00,.000,.000,0,0,0,0,0,0,0,.000,0,0,0,0,.00,.00,.00,.00,0,,00:00,0,.00,.00,,,,,,,,,,,,,,,,,,,,,,-1.7208692182892626,239,64
2026-27,msoc,Ohio Athletic Conference (OAC),oac,Baldwin Wallace,"Jergens, Michael",Michael,Jergens,,46,"Jergens, Michael","JERGENS,MICHAEL",Baldwin Wallace,BWU,1273-4337,0,0,0,0,0,0,0,0,0,0,0,0,0,0,.00,.00,.00,.000,.000,0,0,0,0,0,0,0,.000,0,0,0,0,.00,.00,.00,.00,0,,00:00,0,.00,.00,,,,,,,,,,,,,,,,,,,,,,-1.7208692182892626,240,64
2026-27,msoc,Ohio Athletic Conference (OAC),oac,Capital,"Johnson, Grady",Grady,Johnson,,117,"Johnson, Grady","JOHNSON,GRADY",Capital,Capita,1275-3468,6,0,9,0,9,0,0,0,2,0,0,0,0,0,.33,.00,.00,.000,.000,0,0,0,0,0,0,0,.000,1,0,1,0,.17,.17,.00,.00,0,,146:00,0,.00,.00,,,,,,,,,,,,,,,,,,,,,,-1.7208692182892626,241,64
2026-27,msoc,Ohio Athletic Conference (OAC),oac,Baldwin Wallace,"Johnston, Bobby",Bobby,Johnston,,46,"Johnston, Bobby","JOHNSTON,BOBBY",Baldwin Wallace,BWU,1273-4811,0,0,39,0,39,0,0,0,0,0,0,0,0,0,.00,.00,.00,.000,.000,0,0,0,0,0,0,0,.000,0,0,0,0,.00,.00,.00,.00,0,,00:00,0,.00,.00,,,,,,,,,,,,,,,,,,,,,,-1.7208692182892626,242,64
2026-27,msoc,Ohio Athletic Conference (OAC),oac,Heidelberg,"Johnston, Evan",Evan,Johnston,,278,"Johnston, Evan","JOHNSTON,EVAN",Heidelberg,HEI,1276-3655,0,0,31,0,31,0,0,0,0,0,0,0,0,0,.00,.00,.00,.000,.000,0,0,0,0,0,0,0,.000,0,0,0,0,.00,.00,.00,.00,0,,00:00,0,.00,.00,,,,,,,,,,,,,,,,,,,,,,-1.7208692182892626,243,63
2026-27,msoc,Ohio Athletic Conference (OAC),oac,Baldwin Wallace,"Kaczmarek, Ian",Ian,Kaczmarek,,46,"Kaczmarek, Ian","KACZMAREK,IAN",Baldwin Wallace,BWU,1273-4338,1,0,37,0,37,0,0,0,0,0,0,0,0,0,.00,.00,.00,.000,.000,0,0,0,0,0,0,0,.000,0,0,0,0,.00,.00,.00,.00,0,,13:00,0,.00,.00,,,,,,,,,,,,,,,,,,,,,,-1.7208692182892626,244,63
2026-27,msoc,Ohio Athletic Conference (OAC),oac,Mount Union,"Kerr, James",James,Kerr,,452,"Kerr, James","KERR,JAMES",Mount Union,MOU,1279-6083,0,0,97,0,97,0,0,0,0,0,0,0,0,0,.00,.00,.00,.000,.000,0,0,0,0,0,0,0,.000,0,0,0,0,.00,.00,.00,.00,0,,00:00,0,.00,.00,,,,,,,,,,,,,,,,,,,,,,-1.7208692182892626,245,63
2026-27,msoc,Ohio Athletic Conference (OAC),oac,Muskingum,Keshaun Jones,Keshaun,Jones,,455,Keshaun Jones,"JONES,KESHAUN",Muskingum,MUSKINGU,0,2,0,20,0,20,0,0,0,0,0,0,0,0,0,.00,.00,.00,.000,.000,0,0,0,0,0,0,0,.000,0,0,0,0,.00,.00,.00,.00,0,,34:00,0,.00,.00,,,,,,,,,,,,,,,,,,,,,,-1.7208692182892626,246,63
2026-27,msoc,Ohio Athletic Conference (OAC),oac,Otterbein,"Klujian, Mathew",Mathew,Klujian,,531,"Klujian, Mathew","KLUJIAN,MATHEW",Otterbein,OTT,1285-4259,2,0,3,0,3,0,0,0,0,0,0,0,0,0,.00,.00,.00,.000,.000,0,0,0,0,0,0,0,.000,0,0,1,0,.00,.50,.00,.00,0,,48:00,0,.00,.00,,,,,,,,,,,,,,,,,,,,,,-1.7208692182892626,247,63
2026-27,msoc,Ohio Athletic Conference (OAC),oac,Baldwin Wallace,"Kowalk, Sean",Sean,Kowalk,,46,"Kowalk, Sean","KOWALK,SEAN",Baldwin Wallace,BWU,1273-5231,0,0,43,0,43,0,0,0,0,0,0,0,0,0,.00,.00,.00,.000,.000,0,0,0,0,0,0,0,.000,0,0,0,0,.00,.00,.00,.00,0,,00:00,0,.00,.00,,,,,,,,,,,,,,,,,,,,,,-1.7208692182892626,248,63
2026-27,msoc,Ohio Athletic Conference (OAC),oac,Capital,"Krzeminski, Payton",Payton,Krzeminski,,117,"Krzeminski, Payton","KRZEMINSKI,PAYTON",Capital,Capita,1275-3151,1,0,17,0,17,0,0,0,0,0,0,0,0,0,.00,.00,.00,.000,.000,0,0,0,0,0,0,0,.000,0,0,0,0,.00,.00,.00,.00,0,,10:00,0,.00,.00,,,,,,,,,,,,,,,,,,,,,,-1.7208692182892626,249,63
2026-27,msoc,Ohio Athletic Conference (OAC),oac,Baldwin Wallace,"Kuhno, Christian",Christian,Kuhno,,46,"Kuhno, Christian","KUHNO,CHRISTIAN",Baldwin Wallace,BWU,1273-5233,0,0,44,0,44,0,0,0,0,0,0,0,0,0,.00,.00,.00,.000,.000,0,0,0,0,0,0,0,.000,0,0,0,0,.00,.00,.00,.00,0,,00:00,0,.00,.00,,,,,,,,,,,,,,,,,,,,,,-1.7208692182892626,250,62
2026-27,msoc,Ohio Athletic Conference (OAC),oac,Heidelberg,"Kurtz, Isaiah",Isaiah,Kurtz,,278,"Kurtz, Isaiah","KURTZ,ISAIAH",Heidelberg,HEI,1276-3894,3,0,20,0,20,0,0,0,0,0,0,0,0,0,.00,.00,.00,.000,.000,0,0,0,0,0,0,0,.000,1,0,0,0,.33,.00,.00,.00,0,,24:00,0,.00,.00,,,,,,,,,,,,,,,,,,,,,,-1.7208692182892626,251,62
2026-27,msoc,Ohio Athletic Conference (OAC),oac,Baldwin Wallace,"LaFountain, Trenton",Trenton,LaFountain,,46,"LaFountain, Trenton","LAFOUNTAIN,TRENTON",Baldwin Wallace,BWU,0,0,0,27,0,27,0,0,0,0,0,0,0,0,0,.00,.00,.00,.000,.000,0,0,0,0,0,0,0,.000,0,0,0,0,.00,.00,.00,.00,0,,00:00,0,.00,.00,,,,,,,,,,,,,,,,,,,,,,-1.7208692182892626,252,62
2026-27,msoc,Ohio Athletic Conference (OAC),oac,Baldwin Wallace,"Lambert, Ryan",Ryan,Lambert,,46,"Lambert, Ryan","LAMBERT,RYAN",Baldwin Wallace,BWU,1273-5228,0,0,45,0,45,0,0,0,0,0,0,0,0,0,.00,.00,.00,.000,.000,0,0,0,0,0,0,0,.000,0,0,0,0,.00,.00,.00,.00,0,,00:00,0,.00,.00,,,,,,,,,,,,,,,,,,,,,,-1.7208692182892626,253,62
2026-27,msoc,Ohio Athletic Conference (OAC),oac,Baldwin Wallace,"Laughlin, Mason",Mason,Laughlin,,46,"Laughlin, Mason","LAUGHLIN,MASON",Baldwin Wallace,BWU,1273-4813,0,0,38,0,38,0,0,0,0,0,0,0,0,0,.00,.00,.00,.000,.000,0,0,0,0,0,0,0,.000,0,0,0,0,.00,.00,.00,.00,0,,00:00,0,.00,.00,,,,,,,,,,,,,,,,,,,,,,-1.7208692182892626,254,62
2026-27,msoc,Ohio Athletic Conference (OAC),oac,Marietta,"Leary, Blake",Blake,Leary,,385,"Leary, Blake","LEARY,BLAKE",Marietta,MAR,1278-4200,1,0,6,0,6,0,0,0,0,0,0,0,0,0,.00,.00,.00,.000,.000,0,0,0,0,0,0,0,.000,0,0,0,0,.00,.00,.00,.00,0,,11:00,0,.00,.00,,,,,,,,,,,,,,,,,,,,,,-1.7208692182892626,255,62
2026-27,msoc,Ohio Athletic Conference (OAC),oac,Mount Union,"Levenson, Holden",Holden,Levenson,,452,"Levenson, Holden","LEVENSON,HOLDEN",Mount Union,MOU,1279-6072,1,0,13,0,13,0,0,0,0,0,0,0,0,0,.00,.00,.00,.000,.000,0,0,0,0,0,0,0,.000,0,0,0,0,.00,.00,.00,.00,0,,00:00,0,.00,.00,,,,,,,,,,,,,,,,,,,,,,-1.7208692182892626,256,62
2026-27,msoc,Ohio Athletic Conference (OAC),oac,Mount Union,"Lightfritz, Mason",Mason,Lightfritz,,452,"Lightfritz, Mason","LIGHTFRITZ,MASON",Mount Union,MOU,1279-4865,4,0,8,0,8,0,0,0,0,0,0,0,0,0,.00,.00,.00,.000,.000,0,0,0,0,0,0,0,.000,1,0,0,0,.25,.00,.00,.00,0,,28:00,0,.00,.00,,,,,,,,,,,,,,,,,,,,,,-1.7208692182892626,257,62
2026-27,msoc,Ohio Athletic Conference (OAC),oac,Mount Union,"Logan, Matthew",Matthew,Logan,,452,"Logan, Matthew","LOGAN,MATTHEW",Mount Union,MOU,1279-5179,4,0,43,0,43,0,0,0,0,0,0,0,0,0,.00,.00,.00,.000,.000,0,0,0,0,0,0,0,.000,0,0,0,0,.00,.00,.00,.00,0,,49:00,0,.00,.00,,,,,,,,,,,,,,,,,,,,,,-1.7208692182892626,258,61
2026-27,msoc,Ohio Athletic Conference (OAC),oac,Marietta,"Long, Colt",Colt,Long,,385,"Long, Colt","LONG,COLT",Marietta,MAR,1278-4201,0,0,26,0,26,0,0,0,0,0,0,0,0,0,.00,.00,.00,.000,.000,0,0,0,0,0,0,0,.000,0,0,0,0,.00,.00,.00,.00,0,,00:00,0,.00,.00,,,,,,,,,,,,,,,,,,,,,,-1.7208692182892626,259,61
2026-27,msoc,Ohio Athletic Conference (OAC),oac,Ohio Northern,"Mace, Owen",Owen,Mace,,517,"Mace, Owen","MACE,OWEN",Ohio Northern,ONU,0,1,0,23,0,23,0,0,0,0,0,0,0,0,0,.00,.00,.00,.000,.000,0,0,0,0,0,0,0,.000,0,0,0,0,.00,.00,.00,.00,0,,12:00,0,.00,.00,,,,,,,,,,,,,,,,,,,,,,-1.7208692182892626,260,61
2026-27,msoc,Ohio Athletic Conference (OAC),oac,Otterbein,"Maharry, Carson",Carson,Maharry,,531,"Maharry, Carson","MAHARRY,CARSON",Otterbein,OTT,1285-4842,0,0,26,0,26,0,0,0,0,0,0,0,0,0,.00,.00,.00,.000,.000,0,0,0,0,0,0,0,.000,0,0,0,0,.00,.00,.00,.00,0,,00:00,0,.00,.00,,,,,,,,,,,,,,,,,,,,,,-1.7208692182892626,261,61
2026-27,msoc,Ohio Athletic Conference (OAC),oac,Capital,"McCloskey, Mark",Mark,McCloskey,,117,"McCloskey, Mark","MCCLOSKEY,MARK",Capital,Capita,1275-3026,1,0,2,0,2,0,0,0,0,0,0,0,0,0,.00,.00,.00,.000,.000,0,0,0,0,0,0,0,.000,0,0,0,0,.00,.00,.00,.00,0,,04:00,0,.00,.00,,,,,,,,,,,,,,,,,,,,,,-1.7208692182892626,262,61
2026-27,msoc,Ohio Athletic Conference (OAC),oac,Baldwin Wallace,"McEvoy, Torin",Torin,McEvoy,,46,"McEvoy, Torin","MCEVOY,TORIN",Baldwin Wallace,BWU,1273-5234,1,0,36,0,36,0,0,0,0,0,0,0,0,0,.00,.00,.00,.000,.000,0,0,0,0,0,0,0,.000,0,0,1,0,.00,1.00,.00,.00,0,,04:00,0,.00,.00,,,,,,,,,,,,,,,,,,,,,,-1.7208692182892626,263,61
2026-27,msoc,Ohio Athletic Conference (OAC),oac,Ohio Northern,"McLane, Jack",Jack,McLane,,517,"McLane, Jack","MCLANE,JACK",Ohio Northern,ONU,0,0,0,28,0,28,0,0,0,0,0,0,0,0,0,.00,.00,.00,.000,.000,0,0,0,0,0,0,0,.000,0,0,0,0,.00,.00,.00,.00,0,,00:00,0,.00,.00,,,,,,,,,,,,,,,,,,,,,,-1.7208692182892626,264,61
2026-27,msoc,Ohio Athletic Conference (OAC),oac,Marietta,"Meagle, Dillon",Dillon,Meagle,,385,"Meagle, Dillon","MEAGLE,DILLON",Marietta,MAR,1278-3571,1,0,16,0,16,0,0,0,0,0,0,0,0,0,.00,.00,.00,.000,.000,0,0,0,0,0,0,0,.000,0,0,0,0,.00,.00,.00,.00,0,,04:00,0,.00,.00,,,,,,,,,,,,,,,,,,,,,,-1.7208692182892626,265,60
2026-27,msoc,Ohio Athletic Conference (OAC),oac,Wilmington,"Metz, Oliver",Oliver,Metz,,1461,"Metz, Oliver","METZ,OLIVER",Wilmington,WILM,1286-3418,0,0,1,0,1,0,0,0,0,0,0,0,0,0,.00,.00,.00,.000,.000,0,0,0,0,0,0,0,.000,0,0,0,0,.00,.00,.00,.00,0,,00:00,0,.00,.00,,,,,,,,,,,,,,,,,,,,,,-1.7208692182892626,266,60
2026-27,msoc,Ohio Athletic Conference (OAC),oac,Wilmington,"Miles, Austin",Austin,Miles,,1461,"Miles, Austin","MILES,AUSTIN",Wilmington,WILM,1286-3696,0,0,37,0,37,0,0,0,0,0,0,0,0,0,.00,.00,.00,.000,.000,0,0,0,0,0,0,0,.000,0,0,0,0,.00,.00,.00,.00,0,,00:00,0,.00,.00,,,,,,,,,,,,,,,,,,,,,,-1.7208692182892626,267,60
2026-27,msoc,Ohio Athletic Conference (OAC),oac,Baldwin Wallace,"Miller, Marcus",Marcus,Miller,,46,"Miller, Marcus","MILLER,MARCUS",Baldwin Wallace,BWU,1273-4089,3,0,25,0,25,0,0,0,0,0,0,0,0,0,.00,.00,.00,.000,.000,0,0,0,0,0,0,0,.000,0,0,0,0,.00,.00,.00,.00,0,,34:00,0,.00,.00,,,,,,,,,,,,,,,,,,,,,,-1.7208692182892626,268,60
2026-27,msoc,Ohio Athletic Conference (OAC),oac,Mount Union,"Minard, Dylan",Dylan,Minard,,452,"Minard, Dylan","MINARD,DYLAN",Mount Union,MOU,1279-6084,0,0,96,0,96,0,0,0,0,0,0,0,0,0,.00,.00,.00,.000,.000,0,0,0,0,0,0,0,.000,0,0,0,0,.00,.00,.00,.00,0,,00:00,0,.00,.00,,,,,,,,,,,,,,,,,,,,,,-1.7208692182892626,269,60
2026-27,msoc,Ohio Athletic Conference (OAC),oac,Ohio Northern,"Mooradian, Grant",Grant,Mooradian,,517,"Mooradian, Grant","MOORADIAN,GRANT",Ohio Northern,ONU,0,1,0,19,0,19,0,0,0,0,0,0,0,0,0,.00,.00,.00,.000,.000,0,0,0,0,0,0,0,.000,0,0,0,0,.00,.00,.00,.00,0,,08:00,0,.00,.00,,,,,,,,,,,,,,,,,,,,,,-1.7208692182892626,270,60
2026-27,msoc,Ohio Athletic Conference (OAC),oac,Wilmington,"Morgan, Kennedy",Kennedy,Morgan,,1461,"Morgan, Kennedy","MORGAN,KENNEDY",Wilmington,WILM,1286-3692,0,0,29,0,29,0,0,0,0,0,0,0,0,0,.00,.00,.00,.000,.000,0,0,0,0,0,0,0,.000,0,0,0,0,.00,.00,.00,.00,0,,00:00,0,.00,.00,,,,,,,,,,,,,,,,,,,,,,-1.7208692182892626,271,60
2026-27,msoc,Ohio Athletic Conference (OAC),oac,Mount Union,"Mulichak, Ethan",Ethan,Mulichak,,452,"Mulichak, Ethan","MULICHAK,ETHAN",Mount Union,MOU,1279-5181,1,0,22,0,22,0,0,0,0,0,0,0,0,0,.00,.00,.00,.000,.000,0,0,0,0,0,0,0,.000,0,0,0,0,.00,.00,.00,.00,0,,00:00,0,.00,.00,,,,,,,,,,,,,,,,,,,,,,-1.7208692182892626,272,59
2026-27,msoc,Ohio Athletic Conference (OAC),oac,Capital,"Musgrove, Carter",Carter,Musgrove,,117,"Musgrove, Carter","MUSGROVE,CARTER",Capital,Capita,1275-3035,0,0,5,0,5,0,0,0,0,0,0,0,0,0,.00,.00,.00,.000,.000,0,0,0,0,0,0,0,.000,0,0,0,0,.00,.00,.00,.00,0,,00:00,0,.00,.00,,,,,,,,,,,,,,,,,,,,,,-1.7208692182892626,273,59
2026-27,msoc,Ohio Athletic Conference (OAC),oac,Baldwin Wallace,"Naelitz, Ryan",Ryan,Naelitz,,46,"Naelitz, Ryan","NAELITZ,RYAN",Baldwin Wallace,BWU,1273-4339,0,0,33,0,33,0,0,0,0,0,0,0,0,0,.00,.00,.00,.000,.000,0,0,0,0,0,0,0,.000,0,0,0,0,.00,.00,.00,.00,0,,00:00,0,.00,.00,,,,,,,,,,,,,,,,,,,,,,-1.7208692182892626,274,59
2026-27,msoc,Ohio Athletic Conference (OAC),oac,Otterbein,"Nelson, Jake",Jake,Nelson,,531,"Nelson, Jake","NELSON,JAKE",Otterbein,OTT,1285-5022,3,2,24,0,24,0,0,0,1,0,0,0,0,0,.33,.00,.00,.000,.000,0,0,0,0,0,0,0,.000,1,0,1,0,.33,.33,.00,.00,0,,176:00,0,.00,.00,,,,,,,,,,,,,,,,,,,,,,-1.7208692182892626,275,59
2026-27,msoc,Ohio Athletic Conference (OAC),oac,Baldwin Wallace,"Newton, Gabe",Gabe,Newton,,46,"Newton, Gabe","NEWTON,GABE",Baldwin Wallace,BWU,1273-5237,0,0,30,0,30,0,0,0,0,0,0,0,0,0,.00,.00,.00,.000,.000,0,0,0,0,0,0,0,.000,0,0,0,0,.00,.00,.00,.00,0,,00:00,0,.00,.00,,,,,,,,,,,,,,,,,,,,,,-1.7208692182892626,276,59
2026-27,msoc,Ohio Athletic Conference (OAC),oac,Baldwin Wallace,"Nixon, Gavin",Gavin,Nixon,,46,"Nixon, Gavin","NIXON,GAVIN",Baldwin Wallace,BWU,1273-4816,0,0,34,0,34,0,0,0,0,0,0,0,0,0,.00,.00,.00,.000,.000,0,0,0,0,0,0,0,.000,0,0,0,0,.00,.00,.00,.00,0,,00:00,0,.00,.00,,,,,,,,,,,,,,,,,,,,,,-1.7208692182892626,277,59
2026-27,msoc,Ohio Athletic Conference (OAC),oac,Capital,"Noffsinger, Mathias",Mathias,Noffsinger,,117,"Noffsinger, Mathias","NOFFSINGER,MATHIAS",Capital,Capita,1275-3033,1,0,11,0,11,0,0,0,0,0,0,0,0,0,.00,.00,.00,.000,.000,0,0,0,0,0,0,0,.000,0,0,0,0,.00,.00,.00,.00,0,,10:00,0,.00,.00,,,,,,,,,,,,,,,,,,,,,,-1.7208692182892626,278,59
2026-27,msoc,Ohio Athletic Conference (OAC),oac,Heidelberg,"Nunez, Emilio",Emilio,Nunez,,278,"Nunez, Emilio","NUNEZ,EMILIO",Heidelberg,HEI,1276-3656,0,0,14,0,14,0,0,0,0,0,0,0,0,0,.00,.00,.00,.000,.000,0,0,0,0,0,0,0,.000,0,0,0,0,.00,.00,.00,.00,0,,00:00,0,.00,.00,,,,,,,,,,,,,,,,,,,,,,-1.7208692182892626,279,59
2026-27,msoc,Ohio Athletic Conference (OAC),oac,Baldwin Wallace,"O&#39;Neill, Aidan",Aidan,O&#39;Neill,,46,"O&#39;Neill, Aidan","O&#39;NEILL,AIDAN",Baldwin Wallace,BWU,0,1,1,22,0,22,0,0,0,0,0,0,0,0,0,.00,.00,.00,.000,.000,0,0,0,0,0,0,0,.000,0,0,0,0,.00,.00,.00,.00,0,,59:00,0,.00,.00,,,,,,,,,,,,,,,,,,,,,,-1.7208692182892626,280,58
2026-27,msoc,Ohio Athletic Conference (OAC),oac,Mount Union,"O'Brien, Sebastian",Sebastian,O'Brien,,452,"O'Brien, Sebastian","O'BRIEN,SEBASTIAN",Mount Union,MOU,1279-5586,1,0,33,0,33,0,0,0,0,0,0,0,0,0,.00,.00,.00,.000,.000,0,0,0,0,0,0,0,.000,0,0,0,0,.00,.00,.00,.00,0,,00:00,0,.00,.00,,,,,,,,,,,,,,,,,,,,,,-1.7208692182892626,281,58
2026-27,msoc,Ohio Athletic Conference (OAC),oac,Baldwin Wallace,"O'Neill, Aidan",Aidan,O'Neill,,46,"O'Neill, Aidan","O'NEILL,AIDAN",Baldwin Wallace,BWU,1273-4340,8,8,22,0,22,0,0,0,0,0,0,0,0,0,.00,.00,.00,.000,.000,0,0,0,0,0,0,0,.000,4,0,2,0,.50,.25,.00,.00,0,,683:00,0,.00,.00,,,,,,,,,,,,,,,,,,,,,,-1.7208692182892626,282,58
2026-27,msoc,Ohio Athletic Conference (OAC),oac,Ohio Northern,"Oborne, Zach",Zach,Oborne,,517,"Oborne, Zach","OBORNE,ZACH",Ohio Northern,ONU,0,1,0,16,0,16,0,0,0,0,0,0,0,0,0,.00,.00,.00,.000,.000,0,0,0,0,0,0,0,.000,0,0,0,0,.00,.00,.00,.00,0,,07:00,0,.00,.00,,,,,,,,,,,,,,,,,,,,,,-1.7208692182892626,283,58
2026-27,msoc,Ohio Athletic Conference (OAC),oac,Mount Union,"Pacyna, Samuel",Samuel,Pacyna,,452,"Pacyna, Samuel","PACYNA,SAMUEL",Mount Union,MOU,1279-5182,2,0,6,0,6,0,0,0,0,0,0,0,0,0,.00,.00,.00,.000,.000,0,0,0,0,0,0,0,.000,0,0,0,0,.00,.00,.00,.00,0,,31:00,0,.00,.00,,,,,,,,,,,,,,,,,,,,,,-1.7208692182892626,284,58
2026-27,msoc,Ohio Athletic Conference (OAC),oac,Capital,"Parr, Cole",Cole,Parr,,117,"Parr, Cole","PARR,COLE",Capital,Capita,1275-3470,0,0,00,0,00,0,0,0,0,0,0,0,0,0,.00,.00,.00,.000,.000,0,0,0,0,0,0,0,.000,0,0,0,0,.00,.00,.00,.00,0,,00:00,0,.00,.00,,,,,,,,,,,,,,,,,,,,,,-1.7208692182892626,285,58
2026-27,msoc,Ohio Athletic Conference (OAC),oac,Mount Union,"Perry, Keaton",Keaton,Perry,,452,"Perry, Keaton","PERRY,KEATON",Mount Union,MOU,1279-6073,1,0,30,0,30,0,0,0,0,0,0,0,0,0,.00,.00,.00,.000,.000,0,0,0,0,0,0,0,.000,0,0,0,0,.00,.00,.00,.00,0,,00:00,0,.00,.00,,,,,,,,,,,,,,,,,,,,,,-1.7208692182892626,286,58
2026-27,msoc,Ohio Athletic Conference (OAC),oac,Wilmington,"Phlegar, Alex",Alex,Phlegar,,1461,"Phlegar, Alex","PHLEGAR,ALEX",Wilmington,WILM,1286-3808,0,0,26,0,26,0,0,0,0,0,0,0,0,0,.00,.00,.00,.000,.000,0,0,0,0,0,0,0,.000,0,0,0,0,.00,.00,.00,.00,0,,00:00,0,.00,.00,,,,,,,,,,,,,,,,,,,,,,-1.7208692182892626,287,57
2026-27,msoc,Ohio Athletic Conference (OAC),oac,Mount Union,"Pinzone, Santino",Santino,Pinzone,,452,"Pinzone, Santino","PINZONE,SANTINO",Mount Union,MOU,1279-5587,2,0,19,0,19,0,0,0,0,0,0,0,0,0,.00,.00,.00,.000,.000,0,0,0,0,0,0,0,.000,0,0,0,0,.00,.00,.00,.00,0,,06:00,0,.00,.00,,,,,,,,,,,,,,,,,,,,,,-1.7208692182892626,288,57
2026-27,msoc,Ohio Athletic Conference (OAC),oac,Heidelberg,"Polillo, William",William,Polillo,,278,"Polillo, William","POLILLO,WILLIAM",Heidelberg,HEI,1276-3895,0,0,30,0,30,0,0,0,0,0,0,0,0,0,.00,.00,.00,.000,.000,0,0,0,0,0,0,0,.000,0,0,0,0,.00,.00,.00,.00,0,,00:00,0,.00,.00,,,,,,,,,,,,,,,,,,,,,,-1.7208692182892626,289,57
2026-27,msoc,Ohio Athletic Conference (OAC),oac,Mount Union,"Potkonicky, Jackson",Jackson,Potkonicky,,452,"Potkonicky, Jackson","POTKONICKY,JACKSON",Mount Union,MOU,1279-6074,1,0,14,0,14,0,0,0,0,0,0,0,0,0,.00,.00,.00,.000,.000,0,0,0,0,0,0,0,.000,0,0,0,0,.00,.00,.00,.00,0,,00:00,0,.00,.00,,,,,,,,,,,,,,,,,,,,,,-1.7208692182892626,290,57
2026-27,msoc,Ohio Athletic Conference (OAC),oac,Baldwin Wallace,"Potts, Derek",Derek,Potts,,46,"Potts, Derek","POTTS,DEREK",Baldwin Wallace,BWU,1273-5200,0,0,27,0,27,0,0,0,0,0,0,0,0,0,.00,.00,.00,.000,.000,0,0,0,0,0,0,0,.000,0,0,0,0,.00,.00,.00,.00,0,,00:00,0,.00,.00,,,,,,,,,,,,,,,,,,,,,,-1.7208692182892626,291,57
2026-27,msoc,Ohio Athletic Conference (OAC),oac,Marietta,"Reed, Jaren",Jaren,Reed,,385,"Reed, Jaren","REED,JAREN",Marietta,MAR,1278-4064,8,1,25,0,25,0,0,0,2,0,0,0,0,0,.25,.00,.00,.000,.000,0,0,0,0,0,0,0,.000,5,0,0,0,.63,.00,.00,.00,0,,319:00,0,.00,.00,,,,,,,,,,,,,,,,,,,,,,-1.7208692182892626,292,57
2026-27,msoc,Ohio Athletic Conference (OAC),oac,Heidelberg,"Reed, Kaiden",Kaiden,Reed,,278,"Reed, Kaiden","REED,KAIDEN",Heidelberg,HEI,1276-2899,8,8,13,0,13,0,0,0,2,0,0,0,0,0,.25,.00,.00,.000,.000,0,0,0,0,0,0,0,.000,4,0,3,0,.50,.38,.00,.00,0,,702:00,0,.00,.00,,,,,,,,,,,,,,,,,,,,,,-1.7208692182892626,293,57
2026-27,msoc,Ohio Athletic Conference (OAC),oac,Ohio Northern,"Ritts, Harrison",Harrison,Ritts,,517,"Ritts, Harrison","RITTS,HARRISON",Ohio Northern,ONU,0,0,0,21,0,21,0,0,0,0,0,0,0,0,0,.00,.00,.00,.000,.000,0,0,0,0,0,0,0,.000,0,0,0,0,.00,.00,.00,.00,0,,00:00,0,.00,.00,,,,,,,,,,,,,,,,,,,,,,-1.7208692182892626,294,56
2026-27,msoc,Ohio Athletic Conference (OAC),oac,Marietta,"Robben, Nicholas",Nicholas,Robben,,385,"Robben, Nicholas","ROBBEN,NICHOLAS",Marietta,MAR,1278-4065,0,0,13,0,13,0,0,0,0,0,0,0,0,0,.00,.00,.00,.000,.000,0,0,0,0,0,0,0,.000,0,0,0,0,.00,.00,.00,.00,0,,00:00,0,.00,.00,,,,,,,,,,,,,,,,,,,,,,-1.7208692182892626,295,56
2026-27,msoc,Ohio Athletic Conference (OAC),oac,Ohio Northern,"Robinson, Chase",Chase,Robinson,,517,"Robinson, Chase","ROBINSON,CHASE",Ohio Northern,ONU,0,0,0,19,0,19,0,0,0,0,0,0,0,0,0,.00,.00,.00,.000,.000,0,0,0,0,0,0,0,.000,0,0,0,0,.00,.00,.00,.00,0,,00:00,0,.00,.00,,,,,,,,,,,,,,,,,,,,,,-1.7208692182892626,296,56
2026-27,msoc,Ohio Athletic Conference (OAC),oac,Heidelberg,"Sansom, Max",Max,Sansom,,278,"Sansom, Max","SANSOM,MAX",Heidelberg,HEI,1276-3657,0,0,4,0,4,0,0,0,0,0,0,0,0,0,.00,.00,.00,.000,.000,0,0,0,0,0,0,0,.000,0,0,0,0,.00,.00,.00,.00,0,,00:00,0,.00,.00,,,,,,,,,,,,,,,,,,,,,,-1.7208692182892626,297,56
2026-27,msoc,Ohio Athletic Conference (OAC),oac,Marietta,"Schaffer, Alex",Alex,Schaffer,,385,"Schaffer, Alex","SCHAFFER,ALEX",Marietta,MAR,1278-4066,3,0,19,0,19,0,0,0,0,0,0,0,0,0,.00,.00,.00,.000,.000,0,0,0,0,0,0,0,.000,0,0,0,0,.00,.00,.00,.00,0,,30:00,0,.00,.00,,,,,,,,,,,,,,,,,,,,,,-1.7208692182892626,298,56
2026-27,msoc,Ohio Athletic Conference (OAC),oac,Muskingum,Sean O'Grady,Sean,O'Grady,,455,Sean O'Grady,"O'GRADY,SEAN",Muskingum,MUSKINGU,0,2,0,12,0,12,0,0,0,0,0,0,0,0,0,.00,.00,.00,.000,.000,0,0,0,0,0,0,0,.000,0,0,0,0,.00,.00,.00,.00,0,,39:00,0,.00,.00,,,,,,,,,,,,,,,,,,,,,,-1.7208692182892626,299,56
2026-27,msoc,Ohio Athletic Conference (OAC),oac,Heidelberg,"Shelton, Grant",Grant,Shelton,,278,"Shelton, Grant","SHELTON,GRANT",Heidelberg,HEI,1276-3902,0,0,25,0,25,0,0,0,0,0,0,0,0,0,.00,.00,.00,.000,.000,0,0,0,0,0,0,0,.000,0,0,0,0,.00,.00,.00,.00,0,,00:00,0,.00,.00,,,,,,,,,,,,,,,,,,,,,,-1.7208692182892626,300,56
2026-27,msoc,Ohio Athletic Conference (OAC),oac,Capital,"Shisler, Mason",Mason,Shisler,,117,"Shisler, Mason","SHISLER,MASON",Capital,Capita,1275-3471,1,0,12,0,12,0,0,0,0,0,0,0,0,0,.00,.00,.00,.000,.000,0,0,0,0,0,0,0,.000,0,0,0,0,.00,.00,.00,.00,0,,53:00,0,.00,.00,,,,,,,,,,,,,,,,,,,,,,-1.7208692182892626,301,55
2026-27,msoc,Ohio Athletic Conference (OAC),oac,Mount Union,"Silva, Owen",Owen,Silva,,452,"Silva, Owen","SILVA,OWEN",Mount Union,MOU,1279-5589,1,0,0,0,0,0,0,0,0,0,0,0,0,0,.00,.00,.00,.000,.000,0,0,0,0,0,0,0,.000,0,0,0,0,.00,.00,.00,.00,0,,00:00,0,.00,.00,,,,,,,,,,,,,,,,,,,,,,-1.7208692182892626,302,55
2026-27,msoc,Ohio Athletic Conference (OAC),oac,Marietta,"Skibinski, Joseph",Joseph,Skibinski,,385,"Skibinski, Joseph","SKIBINSKI,JOSEPH",Marietta,MAR,1278-3812,0,0,14,0,14,0,0,0,0,0,0,0,0,0,.00,.00,.00,.000,.000,0,0,0,0,0,0,0,.000,0,0,0,0,.00,.00,.00,.00,0,,00:00,0,.00,.00,,,,,,,,,,,,,,,,,,,,,,-1.7208692182892626,303,55
2026-27,msoc,Ohio Athletic Conference (OAC),oac,Heidelberg,"Sloan, Aidan",Aidan,Sloan,,278,"Sloan, Aidan","SLOAN,AIDAN",Heidelberg,HEI,1276-3897,7,1,19,0,19,0,0,0,1,0,0,0,0,0,.14,.00,.00,.000,.000,0,0,0,0,0,0,0,.000,3,0,0,0,.43,.00,.00,.00,0,,188:00,0,.00,.00,,,,,,,,,,,,,,,,,,,,,,-1.7208692182892626,304,55
2026-27,msoc,Ohio Athletic Conference (OAC),oac,Marietta,"Smith, Jeremiah",Jeremiah,Smith,,385,"Smith, Jeremiah","SMITH,JEREMIAH",Marietta,MAR,1278-4067,2,0,23,0,23,0,0,0,0,0,0,0,0,0,.00,.00,.00,.000,.000,0,0,0,0,0,0,0,.000,0,0,0,0,.00,.00,.00,.00,0,,18:00,0,.00,.00,,,,,,,,,,,,,,,,,,,,,,-1.7208692182892626,305,55
2026-27,msoc,Ohio Athletic Conference (OAC),oac,Baldwin Wallace,"Starkey, Mason",Mason,Starkey,,46,"Starkey, Mason","STARKEY,MASON",Baldwin Wallace,BWU,0,0,0,31,0,31,0,0,0,0,0,0,0,0,0,.00,.00,.00,.000,.000,0,0,0,0,0,0,0,.000,0,0,0,0,.00,.00,.00,.00,0,,00:00,0,.00,.00,,,,,,,,,,,,,,,,,,,,,,-1.7208692182892626,306,55
2026-27,msoc,Ohio Athletic Conference (OAC),oac,Heidelberg,"Story, Isaac",Isaac,Story,,278,"Story, Isaac","STORY,ISAAC",Heidelberg,HEI,1276-3659,1,0,15,0,15,0,0,0,0,0,0,0,0,0,.00,.00,.00,.000,.000,0,0,0,0,0,0,0,.000,0,0,0,0,.00,.00,.00,.00,0,,06:00,0,.00,.00,,,,,,,,,,,,,,,,,,,,,,-1.7208692182892626,307,55
2026-27,msoc,Ohio Athletic Conference (OAC),oac,Otterbein,"Tekavec, Bennett",Bennett,Tekavec,,531,"Tekavec, Bennett","TEKAVEC,BENNETT",Otterbein,OTT,1285-4838,0,0,13,0,13,0,0,0,0,0,0,0,0,0,.00,.00,.00,.000,.000,0,0,0,0,0,0,0,.000,0,0,0,0,.00,.00,.00,.00,0,,00:00,0,.00,.00,,,,,,,,,,,,,,,,,,,,,,-1.7208692182892626,308,55
2026-27,msoc,Ohio Athletic Conference (OAC),oac,Otterbein,"Thomas, Aidan",Aidan,Thomas,,531,"Thomas, Aidan","THOMAS,AIDAN",Otterbein,OTT,1285-4839,1,0,14,0,14,0,0,0,0,0,0,0,0,0,.00,.00,.00,.000,.000,0,0,0,0,0,0,0,.000,0,0,0,0,.00,.00,.00,.00,0,,06:00,0,.00,.00,,,,,,,,,,,,,,,,,,,,,,-1.7208692182892626,309,54
2026-27,msoc,Ohio Athletic Conference (OAC),oac,Mount Union,"Tomlinson, Dylan",Dylan,Tomlinson,,452,"Tomlinson, Dylan","TOMLINSON,DYLAN",Mount Union,MOU,1279-5590,1,0,2,0,2,0,0,0,0,0,0,0,0,0,.00,.00,.00,.000,.000,0,0,0,0,0,0,0,.000,0,0,0,0,.00,.00,.00,.00,0,,00:00,0,.00,.00,,,,,,,,,,,,,,,,,,,,,,-1.7208692182892626,310,54
2026-27,msoc,Ohio Athletic Conference (OAC),oac,Marietta,"Traore, Karifa",Karifa,Traore,,385,"Traore, Karifa","TRAORE,KARIFA",Marietta,MAR,1278-3876,4,0,4,0,4,0,0,0,0,0,0,0,0,0,.00,.00,.00,.000,.000,0,0,0,0,0,0,0,.000,1,0,0,0,.25,.00,.00,.00,0,,83:00,0,.00,.00,,,,,,,,,,,,,,,,,,,,,,-1.7208692182892626,311,54
2026-27,msoc,Ohio Athletic Conference (OAC),oac,Heidelberg,"Turner, Brenden",Brenden,Turner,,278,"Turner, Brenden","TURNER,BRENDEN",Heidelberg,HEI,1276-3130,1,0,3,0,3,0,0,0,0,0,0,0,0,0,.00,.00,.00,.000,.000,0,0,0,0,0,0,0,.000,0,0,0,0,.00,.00,.00,.00,0,,08:00,0,.00,.00,,,,,,,,,,,,,,,,,,,,,,-1.7208692182892626,312,54
2026-27,msoc,Ohio Athletic Conference (OAC),oac,Baldwin Wallace,"Ulrich, Carver",Carver,Ulrich,,46,"Ulrich, Carver","ULRICH,CARVER",Baldwin Wallace,BWU,1273-4365,0,0,14,0,14,0,0,0,0,0,0,0,0,0,.00,.00,.00,.000,.000,0,0,0,0,0,0,0,.000,0,0,0,0,.00,.00,.00,.00,0,,00:00,0,.00,.00,,,,,,,,,,,,,,,,,,,,,,-1.7208692182892626,313,54
2026-27,msoc,Ohio Athletic Conference (OAC),oac,Wilmington,"Vilvens, Bryce",Bryce,Vilvens,,1461,"Vilvens, Bryce","VILVENS,BRYCE",Wilmington,WILM,1286-3694,0,0,32,0,32,0,0,0,0,0,0,0,0,0,.00,.00,.00,.000,.000,0,0,0,0,0,0,0,.000,0,0,0,0,.00,.00,.00,.00,0,,00:00,0,.00,.00,,,,,,,,,,,,,,,,,,,,,,-1.7208692182892626,314,54
2026-27,msoc,Ohio Athletic Conference (OAC),oac,Baldwin Wallace,"Wadley, David",David,Wadley,,46,"Wadley, David","WADLEY,DAVID",Baldwin Wallace,BWU,1273-5203,0,0,28,0,28,0,0,0,0,0,0,0,0,0,.00,.00,.00,.000,.000,0,0,0,0,0,0,0,.000,0,0,0,0,.00,.00,.00,.00,0,,00:00,0,.00,.00,,,,,,,,,,,,,,,,,,,,,,-1.7208692182892626,315,54
2026-27,msoc,Ohio Athletic Conference (OAC),oac,Marietta,"Wagner, Owen",Owen,Wagner,,385,"Wagner, Owen","WAGNER,OWEN",Marietta,MAR,1278-4205,7,0,18,0,18,0,0,0,0,0,0,0,0,0,.00,.00,.00,.000,.000,0,0,0,0,0,0,0,.000,2,0,0,0,.29,.00,.00,.00,0,,125:00,0,.00,.00,,,,,,,,,,,,,,,,,,,,,,-1.7208692182892626,316,53
2026-27,msoc,Ohio Athletic Conference (OAC),oac,Mount Union,"Walker, Shawn",Shawn,Walker,,452,"Walker, Shawn","WALKER,SHAWN",Mount Union,MOU,1279-6080,6,0,27,0,27,0,0,0,0,0,0,0,0,0,.00,.00,.00,.000,.000,0,0,0,0,0,0,0,.000,0,0,0,0,.00,.00,.00,.00,0,,39:00,0,.00,.00,,,,,,,,,,,,,,,,,,,,,,-1.7208692182892626,317,53
2026-27,msoc,Ohio Athletic Conference (OAC),oac,Mount Union,"Washburn, Frank",Frank,Washburn,,452,"Washburn, Frank","WASHBURN,FRANK",Mount Union,MOU,1279-4867,7,7,42,0,42,0,0,0,2,0,0,0,0,0,.29,.00,.00,.000,.000,0,0,0,0,0,0,0,.000,4,1,1,0,.57,.14,.14,.00,0,,422:00,0,.00,.00,,,,,,,,,,,,,,,,,,,,,,-1.7208692182892626,318,53
2026-27,msoc,Ohio Athletic Conference (OAC),oac,Baldwin Wallace,"Washington, Davion",Davion,Washington,,46,"Washington, Davion","WASHINGTON,DAVION",Baldwin Wallace,BWU,1273-5230,0,0,42,0,42,0,0,0,0,0,0,0,0,0,.00,.00,.00,.000,.000,0,0,0,0,0,0,0,.000,0,0,0,0,.00,.00,.00,.00,0,,00:00,0,.00,.00,,,,,,,,,,,,,,,,,,,,,,-1.7208692182892626,319,53
2026-27,msoc,Ohio Athletic Conference (OAC),oac,Baldwin Wallace,"Waters, Brendan",Brendan,Waters,,46,"Waters, Brendan","WATERS,BRENDAN",Baldwin Wallace,BWU,0,0,0,16,0,16,0,0,0,0,0,0,0,0,0,.00,.00,.00,.000,.000,0,0,0,0,0,0,0,.000,0,0,0,0,.00,.00,.00,.00,0,,00:00,0,.00,.00,,,,,,,,,,,,,,,,,,,,,,-1.7208692182892626,320,53
2026-27,msoc,Ohio Athletic Conference (OAC),oac,Capital,"Watkins, Mikey",Mikey,Watkins,,117,"Watkins, Mikey","WATKINS,MIKEY",Capital,Capita,1275-3154,2,0,34,0,34,0,0,0,0,0,0,0,0,0,.00,.00,.00,.000,.000,0,0,0,0,0,0,0,.000,0,0,0,0,.00,.00,.00,.00,0,,33:00,0,.00,.00,,,,,,,,,,,,,,,,,,,,,,-1.7208692182892626,321,53
2026-27,msoc,Ohio Athletic Conference (OAC),oac,Capital,"Wells, Ryan",Ryan,Wells,,117,"Wells, Ryan","WELLS,RYAN",Capital,Capita,1275-3472,0,0,26,0,26,0,0,0,0,0,0,0,0,0,.00,.00,.00,.000,.000,0,0,0,0,0,0,0,.000,0,0,0,0,.00,.00,.00,.00,0,,00:00,0,.00,.00,,,,,,,,,,,,,,,,,,,,,,-1.7208692182892626,322,53
2026-27,msoc,Ohio Athletic Conference (OAC),oac,Wilmington,"Wennerberg, William",William,Wennerberg,,1461,"Wennerberg, William","WENNERBERG,WILLIAM",Wilmington,WILM,1286-3333,1,1,21,0,21,0,0,0,0,0,0,0,0,0,.00,.00,.00,.000,.000,0,0,0,0,0,0,0,.000,0,0,0,0,.00,.00,.00,.00,0,,17:00,0,.00,.00,,,,,,,,,,,,,,,,,,,,,,-1.7208692182892626,323,52
2026-27,msoc,Ohio Athletic Conference (OAC),oac,Wilmington,"Wennstrom, Eric",Eric,Wennstrom,,1461,"Wennstrom, Eric","WENNSTROM,ERIC",Wilmington,WILM,1286-3422,4,1,28,0,28,0,0,0,0,0,0,0,0,0,.00,.00,.00,.000,.000,0,0,0,0,0,0,0,.000,0,0,0,0,.00,.00,.00,.00,0,,94:00,0,.00,.00,,,,,,,,,,,,,,,,,,,,,,-1.7208692182892626,324,52
2026-27,msoc,Ohio Athletic Conference (OAC),oac,Baldwin Wallace,"Werth, Alex",Alex,Werth,,46,"Werth, Alex","WERTH,ALEX",Baldwin Wallace,BWU,1273-4368,0,0,29,0,29,0,0,0,0,0,0,0,0,0,.00,.00,.00,.000,.000,0,0,0,0,0,0,0,.000,0,0,0,0,.00,.00,.00,.00,0,,00:00,0,.00,.00,,,,,,,,,,,,,,,,,,,,,,-1.7208692182892626,325,52
2026-27,msoc,Ohio Athletic Conference (OAC),oac,Baldwin Wallace,"White, Landon",Landon,White,,46,"White, Landon","WHITE,LANDON",Baldwin Wallace,BWU,1273-5236,0,0,29,0,29,0,0,0,0,0,0,0,0,0,.00,.00,.00,.000,.000,0,0,0,0,0,0,0,.000,0,0,0,0,.00,.00,.00,.00,0,,00:00,0,.00,.00,,,,,,,,,,,,,,,,,,,,,,-1.7208692182892626,326,52
2026-27,msoc,Ohio Athletic Conference (OAC),oac,Ohio Northern,"Wilkins, Grady",Grady,Wilkins,,517,"Wilkins, Grady","WILKINS,GRADY",Ohio Northern,ONU,0,0,0,4,0,4,0,0,0,0,0,0,0,0,0,.00,.00,.00,.000,.000,0,0,0,0,0,0,0,.000,0,0,0,0,.00,.00,.00,.00,0,,00:00,0,.00,.00,,,,,,,,,,,,,,,,,,,,,,-1.7208692182892626,327,52
2026-27,msoc,Ohio Athletic Conference (OAC),oac,Marietta,"Williams, Jack",Jack,Williams,,385,"Williams, Jack","WILLIAMS,JACK",Marietta,MAR,1278-4206,8,2,20,0,20,0,0,0,5,0,0,0,0,0,.63,.00,.00,.000,.000,0,0,0,0,0,0,0,.000,5,0,2,0,.63,.25,.00,.00,0,,305:00,0,.00,.00,,,,,,,,,,,,,,,,,,,,,,-1.7208692182892626,328,52
2026-27,msoc,Ohio Athletic Conference (OAC),oac,Heidelberg,"Wilson, Vincent",Vincent,Wilson,,278,"Wilson, Vincent","WILSON,VINCENT",Heidelberg,HEI,1276-3128,0,0,29,0,29,0,0,0,0,0,0,0,0,0,.00,.00,.00,.000,.000,0,0,0,0,0,0,0,.000,0,0,0,0,.00,.00,.00,.00,0,,00:00,0,.00,.00,,,,,,,,,,,,,,,,,,,,,,-1.7208692182892626,329,52
2026-27,msoc,Ohio Athletic Conference (OAC),oac,Otterbein,"Zivkovic, Luka",Luka,Zivkovic,,531,"Zivkovic, Luka","ZIVKOVIC,LUKA",Otterbein,OTT,1285-5015,1,0,30,0,30,0,0,0,0,0,0,0,0,0,.00,.00,.00,.000,.000,0,0,0,0,0,0,0,.000,0,0,0,0,.00,.00,.00,.00,0,,15:00,0,.00,.00,,,,,,,,,,,,,,,,,,,,,,-1.7208692182892626,330,52
2026-27,msoc,Ohio Athletic Conference (OAC),oac,Mount Union,"Zvomuya, Quincy",Quincy,Zvomuya,,452,"Zvomuya, Quincy","ZVOMUYA,QUINCY",Mount Union,MOU,1279-5591,2,1,29,0,29,0,0,0,0,0,0,0,0,0,.00,.00,.00,.000,.000,0,0,0,0,0,0,0,.000,0,0,0,0,.00,.00,.00,.00,0,,15:00,0,.00,.00,,,,,,,,,,,,,,,,,,,,,,-1.7208692182892626,331,51
2026-27,msoc,Ohio Athletic Conference (OAC),oac,Baldwin Wallace,"van der Kuil, Luis",Luis,van der Kuil,,46,"van der Kuil, Luis","VAN DER KUIL,LUIS",Baldwin Wallace,BWU,1273-5238,0,0,40,0,40,0,0,0,0,0,0,0,0,0,.00,.00,.00,.000,.000,0,0,0,0,0,0,0,.000,0,0,0,0,.00,.00,.00,.00,0,,00:00,0,.00,.00,,,,,,,,,,,,,,,,,,,,,,-1.7208692182892626,332,51
2026-27,msoc,Ohio Athletic Conference (OAC),oac,Marietta,"Walker, Noah",Noah,Walker,,385,"Walker, Noah","WALKER,NOAH",Marietta,MAR,1278-4068,3,3,1,0,1,0,0,0,0,0,0,0,0,0,.00,.00,.00,.000,.000,0,0,0,0,0,0,0,.000,0,0,0,0,.00,.00,.00,.00,0,,270:00,0,.00,.00,41,0,2,1,0,.737,1.67,14,5,270:00,3,3,1.67,0.737,.000,4.67,,,,,,-1.9370314251309266,333,51
2026-27,msoc,Ohio Athletic Conference (OAC),oac,Wilmington,"Hanks, Judah",Judah,Hanks,,1461,"Hanks, Judah","HANKS,JUDAH",Wilmington,WILM,1286-3687,3,3,0,0,0,0,0,0,0,0,0,0,0,0,.00,.00,.00,.000,.000,0,0,0,0,0,0,0,.000,0,0,0,0,.00,.00,.00,.00,0,,270:00,0,.00,.00,44,0,0,3,1,.722,1.67,13,5,270:00,3,3,1.67,0.722,.333,4.33,,,,,,-2.0116621836740394,334,51
2026-27,msoc,Ohio Athletic Conference (OAC),oac,Ohio Northern,"Chiappetta, Luca",Luca,Chiappetta,,517,"Chiappetta, Luca","CHIAPPETTA,LUCA",Ohio Northern,ONU,0,7,7,0,0,0,0,0,0,0,0,0,0,0,0,.00,.00,.00,.000,.000,0,0,0,0,0,0,0,.000,1,0,1,0,.14,.14,.00,.00,0,,614:00,0,.00,.00,50,1,3,3,2,.609,1.32,14,9,613:36,7,7,1.29,0.609,.286,2.00,,,,,,-2.3312960896982875,335,51
2026-27,msoc,Ohio Athletic Conference (OAC),oac,Heidelberg,"Galvan, Xochiel",Xochiel,Galvan,,278,"Galvan, Xochiel","GALVAN,XOCHIEL",Heidelberg,HEI,1276-3891,8,8,1,0,1,0,0,0,0,0,0,0,0,0,.00,.00,.00,.000,.000,0,0,0,0,0,0,0,.000,0,0,2,0,.00,.25,.00,.00,0,,720:00,0,.00,.00,114,3,5,0,1,.717,2.13,43,17,720:00,8,8,2.13,0.717,.125,5.38,,,,,,-2.3553644131891094,336,51
2026-27,msoc,Ohio Athletic Conference (OAC),oac,Marietta,"Lutz, Travis",Travis,Lutz,,385,"Lutz, Travis","LUTZ,TRAVIS",Marietta,MAR,1278-4202,5,5,00,0,00,0,0,0,0,0,0,0,0,0,.00,.00,.00,.000,.000,0,0,0,0,0,0,0,.000,0,0,2,0,.00,.40,.00,.00,0,,385:00,0,.00,.00,62,2,2,1,1,.609,2.11,14,9,384:20,5,5,1.80,0.609,.200,2.80,,,,,,-2.8788439046994894,337,51
2026-27,msoc,Ohio Athletic Conference (OAC),oac,Mount Union,"Hoxha, Enio",Enio,Hoxha,,452,"Hoxha, Enio","HOXHA,ENIO",Mount Union,MOU,1279-5177,9,8,1,0,1,0,0,0,0,0,0,0,0,0,.00,.00,.00,.000,.000,0,0,0,0,0,0,0,.000,0,0,0,0,.00,.00,.00,.00,0,,720:00,0,.00,.00,60,3,2,3,2,.478,1.50,11,12,720:00,8,8,1.33,0.478,.222,1.22,,,,,,-3.1078291109750764,338,50
2026-27,msoc,Ohio Athletic Conference (OAC),oac,Ohio Northern,"Bryant, Brayden",Brayden,Bryant,,517,"Bryant, Brayden","BRYANT,BRAYDEN",Ohio Northern,ONU,0,4,3,1,0,1,0,0,0,0,0,0,0,0,0,.00,.00,.00,.000,.000,0,0,0,0,0,0,0,.000,0,0,0,0,.00,.00,.00,.00,0,,286:00,0,.00,.00,24,2,0,1,0,.462,2.20,6,7,286:24,3,4,1.75,0.462,.000,1.50,,,,,,-3.672604203422128,339,50
2026-27,msoc,Ohio Athletic Conference (OAC),oac,Mount Union,"Stevenson, Daniel",Daniel,Stevenson,,452,"Stevenson, Daniel","STEVENSON,DANIEL",Mount Union,MOU,1279-6078,1,1,01,0,01,0,0,0,0,0,0,0,0,0,.00,.00,.00,.000,.000,0,0,0,0,0,0,0,.000,0,0,0,0,.00,.00,.00,.00,0,,90:00,0,.00,.00,9,0,0,0,0,.333,6.00,3,6,90:00,1,1,6.00,0.333,.000,3.00,,,,,,-6.948203026898675,340,50
