season,sport,conference,conference_code,team,player_name,first_name,last_name,position,team_code,name,checkname,team_name,team_id,sdrm_id,games_played,games_started,uniform,code,year,offensive_position,defensive_position,active,rush_stats,pass_stats,receiving_stats_number,receiving_stats_yards,receiving_stats_touchdowns,receiving_stats_longest_reception,receiving_stats_avg_per_reception,punt_stats,kickoff_stats,fieldgoal_stats,pat_stats,defense_stats,kickreturn_stats,puntreturn_stats,interception_return_stats,fumblereturn_stats,fumble_stats,scoring_stats_pat_kicks,scoring_stats_touchdowns,scoring_stats_fieldgoals,scoring_stats_safeties,scoring_stats_pat_rushes,scoring_stats_pat_receptions,scoring_stats_pat_kick_returns,scoring_stats_pat_fumble_returns,scoring_stats_rouges,scoring_stats_points,scoring_stats_all_points,scoring_stats_points_per_game,receiving_stats,defense_stats_interception_return_yards,defense_stats_unassisted_tackles,defense_stats_assisted_tackles,defense_stats_tackles,defense_stats_total_tackles,defense_stats_tackles_for_loss,defense_stats_tackles_for_loss_per_game,defense_stats_tackles_per_game,defense_stats_unassisted_tackles_for_loss,defense_stats_assisted_tackles_for_loss,defense_stats_tackle_yards_for_loss,defense_stats_sacks,defense_stats_unassisted_sacks,defense_stats_assisted_sacks,defense_stats_sack_yards_for_loss,defense_stats_pass_breakups,defense_stats_fumbles_forced,defense_stats_quarterback_hurries,defense_stats_safeties_scored,defense_stats_blocked_kicks,defense_stats_fumbles_recovered,defense_stats_fumble_return_yards,defense_stats_interceptions,defense_stats_passes_defended,scoring_stats,rush_stats_attempts,rush_stats_net_yards,rush_stats_yards_gained,rush_stats_yards_lost,rush_stats_touchdowns,rush_stats_longest_rush,rush_stats_avg_per_play,rush_stats_avg_per_game,pass_stats_yards_lost_by_sacks,pass_stats_sacked,pass_stats_longest_pass,pass_stats_touchdowns,pass_stats_yards,pass_stats_interceptions,pass_stats_attempts,pass_stats_completions,pass_stats_efficiency,pass_stats_avg_per_pass,pass_stats_avg_per_catch,pass_stats_avg_per_game,puntreturn_stats_number,puntreturn_stats_yards,puntreturn_stats_touchdowns,puntreturn_stats_longest_punt_return,puntreturn_stats_avg_per_return,fumble_stats_number,fumble_stats_number_lost,kickreturn_stats_number,kickreturn_stats_yards,kickreturn_stats_touchdowns,kickreturn_stats_longest_kickoff_return,kickreturn_stats_avg_per_return,kickoff_stats_number,kickoff_stats_yards,kickoff_stats_out_of_bounds,kickoff_stats_touchbacks,kickoff_stats_avg_per_kickoff,fieldgoal_stats_made,fieldgoal_stats_attempts,fieldgoal_stats_longest_fieldgoal,fieldgoal_stats_blocked,fieldgoal_stats_percentage,pat_stats_kick_attempts,pat_stats_kicks_made,pat_stats_rush_attempts,pat_stats_rushes_made,pat_stats_pass_attempts,pat_stats_passes_made,pat_stats_reception_attempts,pat_stats_receptions_made,pat_stats_defensive_return_attempts,pat_stats_defensive_returns_made,pat_stats_defensive_blocked_kick_return_attempts,pat_stats_devensive_blocked_kick_returns_made,punt_stats_number,punt_stats_yards,punt_stats_longest_punt,punt_stats_blocked,punt_stats_touchbacks,punt_stats_fair_catches,punt_stats_fifty_plus_yards,punt_stats_inside_twenty,punt_stats_avg_per_punt,fumblereturn_stats_number,fumblereturn_stats_yards,fumblereturn_stats_touchdowns,fumblereturn_stats_longest_interception_return,interception_return_stats_number,interception_return_stats_yards,interception_return_stats_touchdowns,interception_return_stats_longest,interception_return_stats_avg_per_return,composite_score,global_rank,rating
2026-27,football,Southern Athletic Association (SAA),saa,Southwestern,"Martin,Jameer",Jameer,Martin,,8746,"Martin,Jameer","MARTIN,JAMEER",Southwestern,SWU,1322-2600,1,1,3,3,0,0,DB,0,,,,,,,,,,,,,,,,,,,,,,,,,,,,,,,8,6,8,14,14,.0,.0,.0,0,0,0,0,0,0,0,1,0,0,0,0,0,0,1,2,,,,,,,,,,,,,,,,,,,,,,,,,,,,,,,,,,,,,,,,,,,,,,,,,,,,,,,,,,,,,,,,,,,,,1,8,0,8,8.0,8.919656396041383,1,99
2026-27,football,Southern Athletic Association (SAA),saa,Berry,Buie Crawford,Buie,Crawford,,973,Buie Crawford,"CRAWFORD,BUIE",Berry,BERRY,838-3613,1,1,09,09,0,0,LB,0,,,,,,,,,,,,,,,,,,,,,,,,,,,,,,,0,4,4,8,8,2.5,.0,.0,2,1,15,1,1,0,12,0,1,0,0,0,0,0,0,0,,,,,,,,,,,,,,,,,,,,,,,,,,,,,,,,,,,,,,,,,,,,,,,,,,,,,,,,,,,,,,,,,,,,,,,,,,7.771553128911348,2,99
2026-27,football,Southern Athletic Association (SAA),saa,Berry,Cameron Coleman,Cameron,Coleman,,973,Cameron Coleman,"COLEMAN,CAMERON",Berry,BERRY,838-3332,1,1,0,0,0,WR,0,0,,,5,126,2,59,25.2,,,,,,,,,,,0,2,0,0,0,0,0,0,0,12,12,12,,,,,,,,,,,,,,,,,,,,,,,,,,,,,,,,,,,,,,,,,,,,,,,,,,,,,,,,,,,,,,,,,,,,,,,,,,,,,,,,,,,,,,,,,,,,,,,,,,,7.198056374173782,3,99
2026-27,football,Southern Athletic Association (SAA),saa,Berry,Jake Turner,Jake,Turner,,973,Jake Turner,"TURNER,JAKE",Berry,BERRY,838-3378,1,1,2,2,0,RB,0,0,,,,,,,,,,,,,,,,,,0,3,0,0,0,0,0,0,0,18,18,18,,,,,,,,,,,,,,,,,,,,,,,,,,,14,118,125,7,3,61,8.4,118.0,,,,,,,,,,,,,,,,,,,,,,,,,,,,,,,,,,,,,,,,,,,,,,,,,,,,,,,,,,,,,,,,,7.02228719409414,4,98
2026-27,football,Southern Athletic Association (SAA),saa,Centre,"Brewer Jr.,Mario",Mario,Brewer Jr.,,132,"Brewer Jr.,Mario","BREWER JR.,MARIO",Centre,CEN,1268-3156,1,1,6,0F,0,0,DB,0,,,,,,,,,,,,,,,,,,,,,,,,,,,,,,,0,3,1,4,4,2.0,.0,.0,2,0,8,1,1,0,6,1,0,0,0,0,0,0,0,1,,,,,,,,,,,,,,,,,,,,,,,,,,,,,,,,,,,,,,,,,,,,,,,,,,,,,,,,,,,,,,,,,,,,,,,,,,6.889125020349475,5,98
2026-27,football,Southern Athletic Association (SAA),saa,Berry,Andrew Hunter,Andrew,Hunter,,973,Andrew Hunter,"HUNTER,ANDREW",Berry,BERRY,838-3114,1,1,17,17,0,QB,0,0,,,,,,,,,,,,,,,,,,0,1,0,0,0,0,0,0,0,6,6,6,,,,,,,,,,,,,,,,,,,,,,,,,,,7,55,68,13,1,27,7.9,55.0,2,1,59,2,210,0,13,9,255.7,16.15,23.33,210.0,,,,,,,,,,,,,,,,,,,,,,,,,,,,,,,,,,,,,,,,,,,,,,,,,,,,,6.750119329467716,6,98
2026-27,football,Southern Athletic Association (SAA),saa,Maryville College,"Gunn,Camren",Camren,Gunn,,396,"Gunn,Camren","GUNN,CAMREN",Maryville College,MAR,1027-2163,1,1,5,8A,0,0,DL,0,,,,,,,,,,,,,,,,,,,,,,,,,,,,,,,0,3,1,4,4,2.0,.0,.0,2,0,9,1,1,0,8,0,1,0,0,0,0,0,0,0,,,,,,,,,,,,,,,,,,,,,,,,,,,,,,,,,,,,,,,,,,,,,,,,,,,,,,,,,,,,,,,,,,,,,,,,,,6.069828011330003,7,97
2026-27,football,Southern Athletic Association (SAA),saa,Southwestern,"Costantino,Caleb",Caleb,Costantino,,8746,"Costantino,Caleb","COSTANTINO,CALEB",Southwestern,SWU,1322-3036,1,0,10,1A,0,0,LB,0,,,,,,,,,,,,,,,,,,,,,,,,,,,,,,,0,8,4,12,12,1.0,.0,.0,0,2,2,0.5,0,1,1,1,0,0,0,0,0,0,0,1,,,,,,,,,,,,,,,,,,,,,,,,,,,,,,,,,,,,,,,,,,,,,,,,,,,,,,,,,,,,,,,,,,,,,,,,,,5.853765430842496,8,97
2026-27,football,Southern Athletic Association (SAA),saa,Southwestern,"Anderson,Gilbert",Gilbert,Anderson,,8746,"Anderson,Gilbert","ANDERSON,GILBERT",Southwestern,SWU,1322-2779,1,1,11,1G,0,0,DB,0,,,,,,,,,,,,,,,,,,,,,,,,,,,,,,,47,5,0,5,5,.0,.0,.0,0,0,0,0,0,0,0,0,0,0,0,0,0,0,1,1,,,,,,,,,,,,,,,,,,,,,,,,,,,,,,,,,,,,,,,,,,,,,,,,,,,,,,,,,,,,,,,,,,,,,1,47,0,47,47.0,5.604162119237067,9,97
2026-27,football,Southern Athletic Association (SAA),saa,Maryville College,"Abner,Jacquese",Jacquese,Abner,,396,"Abner,Jacquese","ABNER,JACQUESE",Maryville College,MAR,1027-2139,1,1,2,2,0,0,DB,0,,,,,,,,,,,,,,,,,,,,,,,,,,,,,,,0,1,1,2,2,.0,.0,.0,0,0,0,0,0,0,0,1,0,0,0,0,0,0,1,2,,,,,,,,,,,,,,,,,,,,,,,,,,,,,,,,,,,,,,,,,,,,,,,,,,,,,,,,,,,,,,,,,,,,,1,0,0,0,.0,5.591393372328256,10,96
2026-27,football,Southern Athletic Association (SAA),saa,Centre,"Sapone,Brooks",Brooks,Sapone,,132,"Sapone,Brooks","SAPONE,BROOKS",Centre,CEN,1268-2877,1,1,13,1C,0,0,DB,0,,,,,,,,,,,,,,,,,,,,,,,,,,,,,,,0,2,0,2,2,.0,.0,.0,0,0,0,0,0,0,0,1,0,0,0,0,0,0,1,2,,,,,,,,,,,,,,,,,,,,,,,,,,,,,,,,,,,,,,,,,,,,,,,,,,,,,,,,,,,,,,,,,,,,,1,0,0,0,.0,5.591393372328256,11,96
2026-27,football,Southern Athletic Association (SAA),saa,Millsaps,"Johnson,Myles",Myles,Johnson,,426,"Johnson,Myles","JOHNSON,MYLES",Millsaps,MC,1282-2675,1,1,5,5D,0,0,DL,0,,,,,,,,,,,,,,,,,,,,,,,,,,,,,,,0,3,3,6,6,1.0,.0,.0,1,0,6,1,1,0,6,0,1,2,0,0,0,0,0,0,,,,,,,,,,,,,,,,,,,,,,,,,,,,,,,,,,,,,,,,,,,,,,,,,,,,,,,,,,,,,,,,,,,,,,,,,,5.439930295928251,12,96
2026-27,football,Southern Athletic Association (SAA),saa,Millsaps,"Veal Jr.,Kyle",Kyle,Veal Jr.,,426,"Veal Jr.,Kyle","VEAL JR.,KYLE",Millsaps,MC,1282-2714,1,0,10,1A,0,0,LB,0,,,,,,,,,,,,,,,,,,,,,,,,,,,,,,,0,2,1,3,3,.0,.0,.0,0,0,0,0,0,0,0,0,0,0,0,0,0,0,1,1,,,,,,,,,,,,,,,,,,,,,,,,,,,,,,,,,,,,,,,,,,,,,,,,,,,,,,,,,,,,,,,,,,,,,1,0,0,0,.0,5.0494516152848785,13,95
2026-27,football,Southern Athletic Association (SAA),saa,Sewanee,"Copeland,Isaiah",Isaiah,Copeland,,652,"Copeland,Isaiah","COPELAND,ISAIAH",Sewanee,SEW,1321-3172,1,1,2,1B,0,0,LB,0,,,,,,,,,,,,,,,,,,,,,,,,,,,,,,,0,9,6,15,15,2.0,.0,.0,2,0,6,0,0,0,0,0,2,0,0,0,0,0,0,0,,,,,,,,,,,,,,,,,,,,,,,,,,,,,,,,,,,,,,,,,,,,,,,,,,,,,,,,,,,,,,,,,,,,,,,,,,4.981549011143456,14,95
2026-27,football,Southern Athletic Association (SAA),saa,Berry,Gabe Bauman,Gabe,Bauman,,973,Gabe Bauman,"BAUMAN,GABE",Berry,BERRY,838-3582,1,0,T1,T1,0,0,0,0,,,,,,,,,,,,,,,,,,,,,,,,,,,,,,,0,5,5,10,10,3.0,.0,.0,3,0,10,0,0,0,0,0,0,0,0,0,0,0,0,0,,,,,,,,,,,,,,,,,,,,,,,,,,,,,,,,,,,,,,,,,,,,,,,,,,,,,,,,,,,,,,,,,,,,,,,,,,4.779380970616926,15,95
2026-27,football,Southern Athletic Association (SAA),saa,Sewanee,"Holman,Na'Zaiyah",Na'Zaiyah,Holman,,652,"Holman,Na'Zaiyah","HOLMAN,NA'ZAIYAH",Sewanee,SEW,1321-3750,1,1,20,20,0,WR,0,0,,,3,97,2,41,32.3,,,,,,,,,,,0,2,0,0,0,0,0,0,0,12,12,12,,0,0,0,0,0,.0,.0,.0,0,0,0,0,0,0,0,0,0,0,0,0,0,0,0,0,,,,,,,,,,,,,,,,,,,,,,,,,,,,,,,,,,,,,,,,,,,,,,,,,,,,,,,,,,,,,,,,,,,,,,,,,,4.638223757031221,16,95
2026-27,football,Southern Athletic Association (SAA),saa,Centre,"Brown-Hamlin,Nehemiah",Nehemiah,Brown-Hamlin,,132,"Brown-Hamlin,Nehemiah","BROWN-HAMLIN,NEHEMIAH",Centre,CEN,1268-3154,1,1,18,1H,0,0,DB,0,,,,,,,,,,,,,,,,,,,,,,,,,,,,,,,0,0,1,1,1,.0,.0,.0,0,0,0,0,0,0,0,0,0,0,0,0,0,0,1,1,,,,,,,,,,,,,,,,,,,,,,,,,,,,,,,,,,,,,,,,,,,,,,,,,,,,,,,,,,,,,,,,,,,,,1,0,0,0,.0,4.494741111332691,17,94
2026-27,football,Southern Athletic Association (SAA),saa,Millsaps,"Airhart,Jacques",Jacques,Airhart,,426,"Airhart,Jacques","AIRHART,JACQUES",Millsaps,MC,1282-3176,1,0,0,0D,0,0,DL,0,,,,,,,,,,,,,,,,,,,,,,,,,,,,,,,0,1,0,1,1,1.0,.0,.0,1,0,15,1,1,0,15,0,0,2,0,0,0,0,0,0,,,,,,,,,,,,,,,,,,,,,,,,,,,,,,,,,,,,,,,,,,,,,,,,,,,,,,,,,,,,,,,,,,,,,,,,,,4.053154036047781,18,94
2026-27,football,Southern Athletic Association (SAA),saa,Sewanee,"Sanderson,Brody",Brody,Sanderson,,652,"Sanderson,Brody","SANDERSON,BRODY",Sewanee,SEW,1321-3178,1,1,32,32,0,0,LB,0,,,,,,,,,,,,,,,,,,,,,,,,,,,,,,,0,6,3,9,9,1.0,.0,.0,1,0,5,0,0,0,0,2,0,0,0,0,1,4,0,2,,,,,,,,,,,,,,,,,,,,,,0,4,0,4,.0,0,0,,,,,,,,,,,,,,,,,,,,,,,,,,,,,,,,,,,,,1,4,0,4,,,,,,3.9566996027587904,19,94
2026-27,football,Southern Athletic Association (SAA),saa,Maryville College,"Dabrowski,Jaxon",Jaxon,Dabrowski,,396,"Dabrowski,Jaxon","DABROWSKI,JAXON",Maryville College,MAR,1027-2645,1,0,11,11,0,QB,0,0,,,,,,,,,,,,,,,,,,0,2,0,0,0,0,0,0,0,12,12,12,,0,0,0,0,0,.0,.0,.0,0,0,0,0,0,0,0,0,0,0,0,0,0,0,0,0,,16,82,106,24,2,20,5.1,82.0,24,4,29,0,146,0,29,19,107.8,5.03,7.68,146.0,,,,,,,,,,,,,,,,,,,,,,,,,,,,,,,,,,,,,,,,,,,,,,,,,,,,,3.7638096548797413,20,94
2026-27,football,Southern Athletic Association (SAA),saa,Berry,Steven Pickett,Steven,Pickett,,973,Steven Pickett,"PICKETT,STEVEN",Berry,BERRY,838-3362,1,1,07,07,0,0,CB,0,,,,,,,,,,,,,,,,,,,,,,,,,,,,,,,0,3,0,3,3,1.0,.0,.0,1,0,2,0,0,0,0,4,0,0,0,0,0,0,0,4,,,,,,,,,,,,,,,,,,,,,,,,,,,,,,,,,,,,,,,,,,,,,,,,,,,,,,,,,,,,,,,,,,,,,,,,,,3.7458658041542767,21,94
2026-27,football,Southern Athletic Association (SAA),saa,Berry,Jack Thexton,Jack,Thexton,,973,Jack Thexton,"THEXTON,JACK",Berry,BERRY,838-3619,1,0,T8,T8,0,0,0,0,,,,,,,,,,,,,,,,,,,,,,,,,,,,,,,0,2,1,3,3,1.5,.0,.0,1,1,5,0.5,0,1,4,0,0,0,0,0,0,0,0,0,,,,,,,,,,,,,,,,,,,,,,,,,,,,,,,,,,,,,,,,,,,,,,,,,,,,,,,,,,,,,,,,,,,,,,,,,,3.13057526371515,22,94
2026-27,football,Southern Athletic Association (SAA),saa,Berry,Gian Traverzo,Gian,Traverzo,,973,Gian Traverzo,"TRAVERZO,GIAN",Berry,BERRY,838-3134,1,1,H4,H4,0,0,S,0,,,,,,,,,,,,,,,,,,,,,,,,,,,,,,,0,7,1,8,8,1.0,.0,.0,1,0,3,0,0,0,0,1,0,0,0,0,0,0,0,1,,,,,,,,,,,,,,,,,,,,,,,,,,,,,,,,,,,,,,,,,,,,,,,,,,,,,,,,,,,,,,,,,,,,,,,,,,2.674751036976332,23,94
2026-27,football,Southern Athletic Association (SAA),saa,Berry,James McCallar,James,McCallar,,973,James McCallar,"MCCALLAR,JAMES",Berry,BERRY,838-3908,1,1,01,01,0,0,LB,0,,,,,,,,,,,,,,,,,,,,,,,,,,,,,,,0,4,1,5,5,.5,.0,.0,0,1,4,0.5,0,1,4,0,0,0,0,0,0,0,0,0,,,,,,,,,,,,,,,,,,,,,,,,,,,,,,,,,,,,,,,,,,,,,,,,,,,,,,,,,,,,,,,,,,,,,,,,,,2.5006775483133983,24,94
2026-27,football,Southern Athletic Association (SAA),saa,Berry,Brooks Thompson,Brooks,Thompson,,973,Brooks Thompson,"THOMPSON,BROOKS",Berry,BERRY,838-3377,1,1,03,03,0,0,S,0,,,,,,,,,,,,,,,,,,,,,,,,,,,,,,,0,0,2,2,2,.5,.0,.0,0,1,4,0.5,0,1,4,1,0,0,0,0,0,0,0,1,,,,,,,,,,,,,,,,,,,,,,,,,,,,,,,,,,,,,,,,,,,,,,,,,,,,,,,,,,,,,,,,,,,,,,,,,,2.4879088014045876,25,93
2026-27,football,Southern Athletic Association (SAA),saa,Millsaps,"Bizjack,Grant",Grant,Bizjack,,426,"Bizjack,Grant","BIZJACK,GRANT",Millsaps,MC,1282-2837,1,1,3,3,0,QB,0,0,,,,,,,,,,,,,,,,,,0,1,0,0,0,0,0,0,0,6,6,6,,0,0,0,0,0,.0,.0,.0,0,0,0,0,0,0,0,0,0,0,0,0,0,0,0,0,,13,66,71,5,1,16,5.1,66.0,0,0,31,1,174,1,23,15,134.4,7.57,11.60,174.0,,,,,,,,,,,,,,,,,,,,,,,,,,,,,,,,,,,,,,,,,,,,,,,,,,,,,2.370262584879768,26,93
2026-27,football,Southern Athletic Association (SAA),saa,Sewanee,"Franklin,Maddox",Maddox,Franklin,,652,"Franklin,Maddox","FRANKLIN,MADDOX",Sewanee,SEW,1321-3723,1,0,3,3,0,QB,0,0,,,,,,,,,,,,,,,,,,,,,,,,,,,,,,,,,,,,,,,,,,,,,,,,,,,,,,,,,,,,,,,,0,0,38,1,38,0,1,1,749.2,38.00,38.00,38.0,,,,,,,,,,,,,,,,,,,,,,,,,,,,,,,,,,,,,,,,,,,,,,,,,,,,,2.3344333684697407,27,93
2026-27,football,Southern Athletic Association (SAA),saa,Sewanee,"Woody,Clay",Clay,Woody,,652,"Woody,Clay","WOODY,CLAY",Sewanee,SEW,1321-3749,1,0,13,1C,0,0,DB,0,,,,,,,,,,,,,,,,,,,,,,,,,,,,,,,0,2,0,2,2,.0,.0,.0,0,0,0,0,0,0,0,4,0,0,0,0,0,0,0,4,,,,,,,,,,,,,,,,,,,,,,,,,,,,,,,,,,,,,,,,,,,,,,,,,,,,,,,,,,,,,,,,,,,,,,,,,,2.283902332824243,28,93
2026-27,football,Southern Athletic Association (SAA),saa,Maryville College,"McCullough,Jalen",Jalen,McCullough,,396,"McCullough,Jalen","MCCULLOUGH,JALEN",Maryville College,MAR,1027-2176,1,0,19,87,0,TE,0,0,,,8,84,0,26,10.5,,,,,,,,,,,,,,,,,,,,,,,,,,,,,,,,,,,,,,,,,,,,,,,,,,,,,,,,,,,,,,,,,,,,,,,,,,,,,,,,,,,,,,,,,,,,,,,,,,,,,,,,,,,,,,,,,,,,,,,,,2.012757007851341,29,93
2026-27,football,Southern Athletic Association (SAA),saa,Southwestern,"Forester,Houston",Houston,Forester,,8746,"Forester,Houston","FORESTER,HOUSTON",Southwestern,SWU,1322-2804,1,0,44,44,0,0,DL,0,,,,,,,,,,,,,,,,,,,,,,,,,,,,,,,0,0,3,3,3,.5,.0,.0,0,1,2,0.5,0,1,2,0,0,0,0,0,0,0,0,0,,,,,,,,,,,,,,,,,,,,,,,,,,,,,,,,,,,,,,,,,,,,,,,,,,,,,,,,,,,,,,,,,,,,,,,,,,1.9459670443612107,30,93
2026-27,football,Southern Athletic Association (SAA),saa,Berry,Malaki Knight,Malaki,Knight,,973,Malaki Knight,"KNIGHT,MALAKI",Berry,BERRY,838-3354,1,0,N0,N0,0,0,0,0,,,,,,,,,,,,,,,,,,,,,,,,,,,,,,,0,1,2,3,3,.5,.0,.0,0,1,1,0.5,0,1,1,0,0,0,0,0,0,0,0,0,,,,,,,,,,,,,,,,,,,,,,,,,,,,,,,,,,,,,,,,,,,,,,,,,,,,,,,,,,,,,,,,,,,,,,,,,,1.9459670443612107,31,93
2026-27,football,Southern Athletic Association (SAA),saa,Millsaps,"Williams,Cole",Cole,Williams,,426,"Williams,Cole","WILLIAMS,COLE",Millsaps,MC,1282-2719,1,1,12,1B,0,0,DB,0,,,,,,,,,,,,,,,,,,,,,,,,,,,,,,,0,2,4,6,6,1.5,.0,.0,1,1,4,0,0,0,0,0,0,0,0,0,0,0,0,0,,,,,,,,,,,,,,,,,,,,,,,,,,,,,,,,,,,,,,,,,,,,,,,,,,,,,,,,,,,,,,,,,,,,,,,,,,1.8930476336816429,32,93
2026-27,football,Southern Athletic Association (SAA),saa,Rhodes,"Risner,Garret",Garret,Risner,,573,"Risner,Garret","RISNER,GARRET",Rhodes,RHO,1390-5137,1,0,30,30,0,0,LB,0,,,,,,,,,,,,,,,,,,,,,,,,,,,,,,,0,6,2,8,8,1.0,.0,.0,1,0,1,0,0,0,0,0,0,0,0,0,0,0,0,0,,,,,,,,,,,,,,,,,,,,,,,,,,,,,,,,,,,,,,,,,,,,,,,,,,,,,,,,,,,,,,,,,,,,,,,,,,1.8554540279568603,33,92
2026-27,football,Southern Athletic Association (SAA),saa,Millsaps,"Patterson,Tameron",Tameron,Patterson,,426,"Patterson,Tameron","PATTERSON,TAMERON",Millsaps,MC,1282-2997,1,1,1,1,0,RB,0,0,,,2,30,1,23,15.0,,,,,,,,,,,0,2,0,0,0,0,0,0,0,12,12,12,,0,0,0,0,0,.0,.0,.0,0,0,0,0,0,0,0,0,0,0,0,0,0,0,0,0,,14,74,74,0,1,25,5.3,74.0,,,,,,,,,,,,,,,,,,2,2,,,,,,,,,,,,,,,,,,,,,,,,,,,,,,,,,,,,,,,,,,,,,,1.845482733369076,34,92
2026-27,football,Southern Athletic Association (SAA),saa,Millsaps,"Johnson,Nate",Nate,Johnson,,426,"Johnson,Nate","JOHNSON,NATE",Millsaps,MC,1282-2472,1,1,1,1D,0,0,DL,0,,,,,,,,,,,,,,,,,,,,,,,,,,,,,,,0,5,0,5,5,1.0,.0,.0,1,0,2,0,0,0,0,1,0,3,0,0,0,0,0,1,,,,,,,,,,,,,,,,,,,,,,,,,,,,,,,,,,,,,,,,,,,,,,,,,,,,,,,,,,,,,,,,,,,,,,,,,,1.84268528104805,35,92
2026-27,football,Southern Athletic Association (SAA),saa,Centre,"Steele,Ryan",Ryan,Steele,,132,"Steele,Ryan","STEELE,RYAN",Centre,CEN,1268-3363,1,1,2,0B,0,0,DB,0,,,,,,,,,,,,,,,,,,,,,,,,,,,,,,,0,4,2,6,6,.0,.0,.0,0,0,0,0,0,0,0,2,0,0,0,0,0,0,0,2,,,,,,,,,,,,,,,,,,,,,,,,,,,,,,,,,,,,,,,,,,,,,,,,,,,,,,,,,,,,,,,,,,,,,,,,,,1.754729322689676,36,92
2026-27,football,Southern Athletic Association (SAA),saa,Berry,David Attaochu,David,Attaochu,,973,David Attaochu,"ATTAOCHU,DAVID",Berry,BERRY,838-3099,1,1,D2,D2,0,0,DL,0,,,,,,,,,,,,,,,,,,,,,,,,,,,,,,,0,0,2,2,2,.5,.0,.0,0,1,4,0.5,0,1,4,0,0,0,0,0,1,0,0,0,,,,,,,,,,,,,,,,,,,,,,,,,,,,,,,,,,,,,,,,,,,,,,,,,,,,,,,,,,,,,,,,,,,,,,,,,,1.6686117923851163,37,92
2026-27,football,Southern Athletic Association (SAA),saa,Berry,Martin Trejo Jr.,Martin Trejo,Jr.,,973,Martin Trejo Jr.,"JR,MARTIN TREJO",Berry,BERRY,838-3610,1,1,I4,I4,0,0,DL,0,,,,,,,,,,,,,,,,,,,,,,,,,,,,,,,0,0,2,2,2,.5,.0,.0,0,1,2,0.5,0,1,2,0,0,0,0,0,0,0,0,0,,,,,,,,,,,,,,,,,,,,,,,,,,,,,,,,,,,,,,,,,,,,,,,,,,,,,,,,,,,,,,,,,,,,,,,,,,1.6686117923851163,38,92
2026-27,football,Southern Athletic Association (SAA),saa,Sewanee,"Holman,Na'Shawn",Na'Shawn,Holman,,652,"Holman,Na'Shawn","HOLMAN,NA'SHAWN",Sewanee,SEW,1321-3751,1,1,0,0,0,WR,0,0,,,4,53,1,27,13.3,,,,,,,,,,,0,2,0,0,0,0,0,0,0,12,12,12,,0,0,0,0,0,.0,.0,.0,0,0,0,0,0,0,0,0,0,0,0,0,0,0,0,0,,0,7,7,0,0,7,.0,7.0,,,,,,,,,,,,,2,77,1,72,38.5,,,3,82,0,42,27.3,,,,,,,,,,,0,0,0,0,0,0,0,0,0,0,1,0,,,,,,,,,,,,,,,,,,,1.6501016466904743,39,92
2026-27,football,Southern Athletic Association (SAA),saa,Southwestern,"Hardeman,Jaylon",Jaylon,Hardeman,,8746,"Hardeman,Jaylon","HARDEMAN,JAYLON",Southwestern,SWU,1322-2822,1,1,41,41,0,0,DL,0,,,,,,,,,,,,,,,,,,,,,,,,,,,,,,,0,2,3,5,5,1.5,.0,.0,1,1,2,0,0,0,0,0,0,0,0,0,0,0,0,0,,,,,,,,,,,,,,,,,,,,,,,,,,,,,,,,,,,,,,,,,,,,,,,,,,,,,,,,,,,,,,,,,,,,,,,,,,1.6156923817055489,40,92
2026-27,football,Southern Athletic Association (SAA),saa,Berry,Andrew Davis,Andrew,Davis,,973,Andrew Davis,"DAVIS,ANDREW",Berry,BERRY,838-3930,1,0,29,29,0,0,0,0,,,,,,,,,,,,,,,,,,0,1,0,0,0,0,0,0,0,6,6,6,,,,,,,,,,,,,,,,,,,,,,,,,,,3,18,18,0,1,8,6.0,18.0,,,,,,,,,,,,,,,,,,,,3,76,0,32,25.3,,,,,,,,,,,,,,,,,,,,,,,,,,,,,,,,,,,,,,,,,1.360648288353592,41,91
2026-27,football,Southern Athletic Association (SAA),saa,Millsaps,"Taylor,Mitch",Mitch,Taylor,,426,"Taylor,Mitch","TAYLOR,MITCH",Millsaps,MC,1282-2786,1,0,7,7,0,RB,0,0,,,1,31,0,31,31.0,,,,,,,,,,,0,1,0,0,0,0,0,0,0,6,6,6,,0,0,0,0,0,.0,.0,.0,0,0,0,0,0,0,0,0,0,0,0,0,0,0,0,0,,14,65,70,5,1,22,4.6,65.0,,,,,,,,,,,,,,,,,,1,0,,,,,,,,,,,,,,,,,,,,,,,,,,,,,,,,,,,,,,,,,,,,,,1.3472622448831935,42,91
2026-27,football,Southern Athletic Association (SAA),saa,Southwestern,"Maravilla,Kaddy",Kaddy,Maravilla,,8746,"Maravilla,Kaddy","MARAVILLA,KADDY",Southwestern,SWU,1322-3068,1,1,0,0,0,0,DL,0,,,,,,,,,,,,,,,,,,,,,,,,,,,,,,,0,2,5,7,7,.5,.0,.0,0,1,2,0,0,0,0,0,1,0,0,0,1,0,0,0,,,,,,,,,,,,,,,,,,,,,,,,,,,0,0,,,,,,,,,,,,,,,,,,,,,,,,,,,,,,,,,,,,,,,,,,,,,,1.3388037095525278,43,91
2026-27,football,Southern Athletic Association (SAA),saa,Centre,"Martinez,Norvis",Norvis,Martinez,,132,"Martinez,Norvis","MARTINEZ,NORVIS",Centre,CEN,1268-3141,1,1,9,0I,0,0,LB,0,,,,,,,,,,,,,,,,,,,,,,,,,,,,,,,0,2,4,6,6,1.0,.0,.0,1,0,2,0,0,0,0,0,0,0,0,0,0,0,0,0,,,,,,,,,,,,,,,,,,,,,,,,,,,,,,,,,,,,,,,,,,,,,,,,,,,,,,,,,,,,,,,,,,,,,,,,,,1.3007435240046725,44,91
2026-27,football,Southern Athletic Association (SAA),saa,Millsaps,"Dare,Davis",Davis,Dare,,426,"Dare,Davis","DARE,DAVIS",Millsaps,MC,1282-2654,1,0,2,2,0,WR,0,0,,,4,60,0,24,15.0,,,,,,,,,,,,,,,,,,,,,,,,,,,,,,,,,,,,,,,,,,,,,,,,,,,,,,,,,,,,,,,,,,,,,2,20,0,12,10.0,,,,,,,,,,,,,,,,,,,,,,,,,,,,,,,,,,,,,,,,,,,,,,,,1.1993341139893836,45,91
2026-27,football,Southern Athletic Association (SAA),saa,Southwestern,"Threats,Parker",Parker,Threats,,8746,"Threats,Parker","THREATS,PARKER",Southwestern,SWU,1322-3061,1,0,4,4,0,WR,0,0,,,3,60,0,36,20.0,,,,,,,,,,,,,,,,,,,,,,,,,,,,,,,,,,,,,,,,,,,,,,,,,,,,,,,,,,,,,,,,,,,,,,,,,,,,,,,,,,,,,,,,,,,,,,,,,,,,,,,,,,,,,,,,,,,,,,,,,1.1753751513519781,46,91
2026-27,football,Southern Athletic Association (SAA),saa,Centre,"Boehm,Will",Will,Boehm,,132,"Boehm,Will","BOEHM,WILL",Centre,CEN,1268-2842,1,0,35,35,0,0,0,0,,,,,,,,,,,,,,,,,,,,,,,,,,,,,,,,,,,,,,,,,,,,,,,,,,,,,,,,,,,,,,,,,,,,,,,,,,,,,,,,,,,,,,,,,,,,,,,,,,,,,,,,,,,,,,10,431,54,0,3,3,3,3,43.1,,,,,,,,,,1.1457931490421709,47,91
2026-27,football,Southern Athletic Association (SAA),saa,Millsaps,"Warren,Decorian",Decorian,Warren,,426,"Warren,Decorian","WARREN,DECORIAN",Millsaps,MC,1282-2964,1,1,3,3D,0,0,DL,0,,,,,,,,,,,,,,,,,,,,,,,,,,,,,,,0,0,4,4,4,1.0,.0,.0,0,2,2,0,0,0,0,0,0,0,0,0,1,0,0,0,,,,,,,,,,,,,,,,,,,,,,,,,,,0,0,,,,,,,,,,,,,,,,,,,,,,,,,,,,,,,,,,,,,,,,,,,,,,1.0990420633012163,48,90
2026-27,football,Southern Athletic Association (SAA),saa,Rhodes,"Bartlett,Sani",Sani,Bartlett,,573,"Bartlett,Sani","BARTLETT,SANI",Rhodes,RHO,1390-4972,1,1,18,1J,0,WR,0,0,,,5,53,0,28,10.6,,,,,,,,,,,,,,,,,,,,,,,,,,,,,,,,,,,,,,,,,,,,,,,,,,,,,,,,,,,,,,,,,,,,,,,,,,,,,,,,,,,,,,,,,,,,,,,,,,,,,,,,,,,,,,,,,,,,,,,,,0.9311387765396639,49,90
2026-27,football,Southern Athletic Association (SAA),saa,Millsaps,"Allen,Elias",Elias,Allen,,426,"Allen,Elias","ALLEN,ELIAS",Millsaps,MC,1282-2641,1,1,18,1J,0,0,DB,0,,,,,,,,,,,,,,,,,,,,,,,,,,,,,,,0,3,0,3,3,.0,.0,.0,0,0,0,0,0,0,0,2,0,0,0,0,0,0,0,2,,,,,,,,,,,,,,,,,,,,,,,,,,,,,,,,,,,,,,,,,,,,,,,,,,,,,,,,,,,,,,,,,,,,,,,,,,0.9226635667613945,50,90
2026-27,football,Southern Athletic Association (SAA),saa,Berry,Brayden Hardy,Brayden,Hardy,,973,Brayden Hardy,"HARDY,BRAYDEN",Berry,BERRY,838-3343,1,0,36,36,0,0,0,0,,,,,,,,,,,,,,,,,,,,,,,,,,,,,,,,,,,,,,,,,,,,,,,,,,,,,,,,7,60,62,2,0,40,8.6,60.0,,,,,,,,,,,,,,,,,,,,,,,,,,,,,,,,,,,,,,,,,,,,,,,,,,,,,,,,,,,,,,,,,0.822672079158409,51,90
2026-27,football,Southern Athletic Association (SAA),saa,Maryville College,"Edmondson,Erozinis",Erozinis,Edmondson,,396,"Edmondson,Erozinis","EDMONDSON,EROZINIS",Maryville College,MAR,1027-1953,1,1,8,8,0,WR,0,0,,,3,48,0,29,16.0,,,,,,,,,,,,,,,,,,,,,,,,,,,,,,,,,,,,,,,,,,,,,,,,,,,,,,,,,,,,,,,,,,,,,,,,,,,,,,,,,,,,,,,,,,,,,,,,,,,,,,,,,,,,,,,,,,,,,,,,,0.7566842231022965,52,90
2026-27,football,Southern Athletic Association (SAA),saa,Sewanee,"Showalter,Michael",Michael,Showalter,,652,"Showalter,Michael","SHOWALTER,MICHAEL",Sewanee,SEW,1321-2877,1,1,95,95,0,0,DL,0,,,,,,,,,,,,,,,,,,,,,,,,,,,,,,,0,2,5,7,7,.0,.0,.0,0,0,0,0,0,0,0,0,0,0,0,0,1,0,0,0,,,,,,,,,,,,,,,,,,,,,,,,,,,0,0,,,,,,,,,,,,,,,,,,,,,,,,,,,,,,,,,,,,,,,,,,,,,,0.7464995998755585,53,90
2026-27,football,Southern Athletic Association (SAA),saa,Maryville College,"Collier,Mark",Mark,Collier,,396,"Collier,Mark","COLLIER,MARK",Maryville College,MAR,1027-1984,1,1,95,95,0,0,DL,0,,,,,,,,,,,,,,,,,,,,,,,,,,,,,,,0,2,1,3,3,.5,.0,.0,0,1,1,0,0,0,0,1,0,0,0,0,0,0,0,1,,,,,,,,,,,,,,,,,,,,,,,,,,,,,,,,,,,,,,,,,,,,,,,,,,,,,,,,,,,,,,,,,,,,,,,,,,0.6956706674188928,54,90
2026-27,football,Southern Athletic Association (SAA),saa,Rhodes,"Barkley,Robert",Robert,Barkley,,573,"Barkley,Robert","BARKLEY,ROBERT",Rhodes,RHO,1390-4970,1,1,4,4,0,0,DB,0,,,,,,,,,,,,,,,,,,,,,,,,,,,,,,,0,8,0,8,8,.0,.0,.0,0,0,0,0,0,0,0,0,0,0,0,0,0,0,0,0,,,,,,,,,,,,,,,,,,,,,,,,,,,,,,,,,,,,,,,,,,,,,,,,,,,,,,,,,,,,,,,,,,,,,,,,,,0.6708458086029213,55,90
2026-27,football,Southern Athletic Association (SAA),saa,Sewanee,"Broyles,Hunter",Hunter,Broyles,,652,"Broyles,Hunter","BROYLES,HUNTER",Sewanee,SEW,1321-3713,1,0,94,94,0,0,DL,0,,,,,,,,,,,,,,,,,,,,,,,,,,,,,,,0,2,0,2,2,1.0,.0,.0,1,0,8,0,0,0,0,0,1,0,0,0,1,0,0,0,,,,,,,,,,,,,,,,,,,,,,,,,,,0,0,,,,,,,,,,,,,,,,,,,,,,,,,,,,,,,,,,,,,,,,,,,,,,0.5443315593490284,56,89
2026-27,football,Southern Athletic Association (SAA),saa,Millsaps,"Vasquez,Jace",Jace,Vasquez,,426,"Vasquez,Jace","VASQUEZ,JACE",Millsaps,MC,1282-2901,1,0,21,21,0,0,0,0,,,,,,,,,,,,,,,,,,,,,,,,,,,,,,,,,,,,,,,,,,,,,,,,,,,,,,,,,,,,,,,,,,,,,,,,,,,,,,,,,,,,,,,,,,,,,,,,,,,,,,,,,,,,,,5,203,53,0,1,3,1,2,40.6,,,,,,,,,,0.524824716591439,57,89
2026-27,football,Southern Athletic Association (SAA),saa,Berry,Eli Warrington,Eli,Warrington,,973,Eli Warrington,"WARRINGTON,ELI",Berry,BERRY,838-3191,1,1,16,16,0,WR,0,0,,,2,40,0,36,20.0,,,,,,,,,,,,,,,,,,,,,,,,,,,,,,,,,,,,,,,,,,,,,,,,,,,,,,,,,,,,,,,,,,,,,,,,,,,,,,,,,,,,,,,,,,,,,,,,,,,,,,,,,,,,,,,,,,,,,,,,,0.4775569376025089,58,89
2026-27,football,Southern Athletic Association (SAA),saa,Centre,"Etienne,Jaiden",Jaiden,Etienne,,132,"Etienne,Jaiden","ETIENNE,JAIDEN",Centre,CEN,1268-3345,1,1,84,84,0,WR,0,0,,,2,40,0,27,20.0,,,,,,,,,,,,,,,,,,,,,,,,,,,,,,,,,,,,,,,,,,,,,,,,,,,,,,,,,,,,,,,,,,,,,,,,,,,,,,,,,,,,,,,,,,,,,,,,,,,,,,,,,,,,,,,,,,,,,,,,,0.4775569376025089,59,89
2026-27,football,Southern Athletic Association (SAA),saa,Centre,"Fowler,Wyatt",Wyatt,Fowler,,132,"Fowler,Wyatt","FOWLER,WYATT",Centre,CEN,1268-2858,1,1,0,0W,0,0,DL,0,,,,,,,,,,,,,,,,,,,,,,,,,,,,,,,0,3,0,3,3,1.0,.0,.0,1,0,2,0,0,0,0,0,0,1,0,0,0,0,0,0,,,,,,,,,,,,,,,,,,,,,,,,,,,,,,,,,,,,,,,,,,,,,,,,,,,,,,,,,,,,,,,,,,,,,,,,,,0.46867776807639117,60,89
2026-27,football,Southern Athletic Association (SAA),saa,Rhodes,"Diallo,Alpha",Alpha,Diallo,,573,"Diallo,Alpha","DIALLO,ALPHA",Rhodes,RHO,1390-4570,1,1,15,1N,0,0,LB,0,,,,,,,,,,,,,,,,,,,,,,,,,,,,,,,0,7,0,7,7,.0,.0,.0,0,0,0,0,0,0,0,0,0,0,0,0,0,0,0,0,,,,,,,,,,,,,,,,,,,,,,,,,,,,,,,,,,,,,,,,,,,,,,,,,,,,,,,,,,,,,,,,,,,,,,,,,,0.3934905566268272,61,89
2026-27,football,Southern Athletic Association (SAA),saa,Rhodes,"Coogan,Blake",Blake,Coogan,,573,"Coogan,Blake","COOGAN,BLAKE",Rhodes,RHO,1390-4978,1,1,13,1L,0,0,DB,0,,,,,,,,,,,,,,,,,,,,,,,,,,,,,,,0,4,0,4,4,.0,.0,.0,0,0,0,0,0,0,0,1,0,0,0,0,0,0,0,1,,,,,,,,,,,,,,,,,,,,,,,,,,,,,,,,,,,,,,,,,,,,,,,,,,,,,,,,,,,,,,,,,,,,,,,,,,0.38072180971801695,62,89
2026-27,football,Southern Athletic Association (SAA),saa,Southwestern,"Thompson,Graydon",Graydon,Thompson,,8746,"Thompson,Graydon","THOMPSON,GRAYDON",Southwestern,SWU,1322-2624,1,1,18,18,0,WR,0,0,,,3,25,1,13,8.3,,,,,,,,,,,0,1,0,0,0,0,0,0,0,6,6,6,,0,0,0,0,0,.0,.0,.0,0,0,0,0,0,0,0,0,0,0,0,0,0,0,0,0,,,,,,,,,,,,,,,,,,,,,,,,,,,,,,,,,,,,,,,,,,,,,,,,,,,,,,,,,,,,,,,,,,,,,,,,,,0.26613762880885505,63,89
2026-27,football,Southern Athletic Association (SAA),saa,Maryville College,"Brown,DaRell",DaRell,Brown,,396,"Brown,DaRell","BROWN,DARELL",Maryville College,MAR,1027-2149,1,0,25,25,0,RB,0,0,,,,,,,,,,,,,,,,,,,,,,,,,,,,,,,,,,,,,,,,,,,,,,,,,,,,,,,,13,43,48,5,0,16,3.3,43.0,,,,,,,,,,,,,,,,,,,,,,,,,,,,,,,,,,,,,,,,,,,,,,,,,,,,,,,,,,,,,,,,,0.2171955918954091,64,88
2026-27,football,Southern Athletic Association (SAA),saa,Southwestern,"Sims,Jaxon",Jaxon,Sims,,8746,"Sims,Jaxon","SIMS,JAXON",Southwestern,SWU,1322-2775,1,0,6,6,0,QB,0,0,,,,,,,,,,,,,,,,,,,,,,,,,,,,,,,,,,,,,,,,,,,,,,,,,,,,,,,,6,-4,10,14,0,8,-.7,-4.0,14,2,21,2,107,1,22,10,107.2,4.86,10.70,107.0,,,,,,,,,,,,,,,,,,,,,,,,,,,,,,,,,,,,,,,,,,,,,,,,,,,,,0.2099673519140246,65,88
2026-27,football,Southern Athletic Association (SAA),saa,Millsaps,"Boutan,Zabian",Zabian,Boutan,,426,"Boutan,Zabian","BOUTAN,ZABIAN",Millsaps,MC,1282-2801,1,1,11,11,0,0,LB,0,,,,,,,,,,,,,,,,,,,,,,,,,,,,,,,0,0,2,2,2,1.0,.0,.0,0,2,3,0,0,0,0,0,0,3,0,0,0,0,0,0,,,,,,,,,,,,,,,,,,,,,,,,,,,,,,,,,,,,,,,,,,,,,,,,,,,,,,,,,,,,,,,,,,,,,,,,,,0.19132251610029713,66,88
2026-27,football,Southern Athletic Association (SAA),saa,Centre,"Maxberry,Seandre",Seandre,Maxberry,,132,"Maxberry,Seandre","MAXBERRY,SEANDRE",Centre,CEN,1268-3359,1,1,92,92,0,0,DL,0,,,,,,,,,,,,,,,,,,,,,,,,,,,,,,,0,1,1,2,2,1.0,.0,.0,1,0,1,0,0,0,0,0,0,0,0,0,0,0,0,0,,,,,,,,,,,,,,,,,,,,,,,,,,,,,,,,,,,,,,,,,,,,,,,,,,,,,,,,,,,,,,,,,,,,,,,,,,0.19132251610029713,67,88
2026-27,football,Southern Athletic Association (SAA),saa,Centre,"Smiley,Daniel",Daniel,Smiley,,132,"Smiley,Daniel","SMILEY,DANIEL",Centre,CEN,1268-2880,1,0,27,27,0,0,LB,0,,,,,,,,,,,,,,,,,,,,,,,,,,,,,,,0,1,1,2,2,1.0,.0,.0,1,0,1,0,0,0,0,0,0,0,0,0,0,0,0,0,,,,,,,,,,,,,,,,,,,,,,,,,,,,,,,,,,,,,,,,,,,,,,,,,,,,,,,,,,,,,,,,,,,,,,,,,,0.19132251610029713,68,88
2026-27,football,Southern Athletic Association (SAA),saa,Rhodes,"Jones,Grady",Grady,Jones,,573,"Jones,Grady","JONES,GRADY",Rhodes,RHO,1390-4809,1,0,48,48,0,0,0,0,,,,,,,,,,,,,,,,,,,,,,,,,,,,,,,,,,,,,,,,,,,,,,,,,,,,,,,,,,,,,,,,,,,,,,,,,,,,,,,,,,,,,,,,,,,,,,,,,,,,,,,,,,,,,,9,371,50,0,0,5,1,1,41.2,,,,,,,,,,0.17271710672301965,69,88
2026-27,football,Southern Athletic Association (SAA),saa,Southwestern,"Cundiff,Braeden",Braeden,Cundiff,,8746,"Cundiff,Braeden","CUNDIFF,BRAEDEN",Southwestern,SWU,1322-2819,1,1,92,92,0,0,DL,0,,,,,,,,,,,,,,,,,,,,,,,,,,,,,,,0,2,2,4,4,.5,.0,.0,0,1,1,0,0,0,0,0,0,0,0,0,0,0,0,0,,,,,,,,,,,,,,,,,,,,,,,,,,,,,,,,,,,,,,,,,,,,,,,,,,,,,,,,,,,,,,,,,,,,,,,,,,0.15372891037551537,70,88
2026-27,football,Southern Athletic Association (SAA),saa,Berry,Erik Jensen,Erik,Jensen,,973,Erik Jensen,"JENSEN,ERIK",Berry,BERRY,838-3348,1,1,05,05,0,0,LB,0,,,,,,,,,,,,,,,,,,,,,,,,,,,,,,,0,1,3,4,4,.5,.0,.0,0,1,2,0,0,0,0,0,0,0,0,0,0,0,0,0,,,,,,,,,,,,,,,,,,,,,,,,,,,,,,,,,,,,,,,,,,,,,,,,,,,,,,,,,,,,,,,,,,,,,,,,,,0.15372891037551537,71,88
2026-27,football,Southern Athletic Association (SAA),saa,Maryville College,"Kremblas,Knox",Knox,Kremblas,,396,"Kremblas,Knox","KREMBLAS,KNOX",Maryville College,MAR,1027-2491,1,1,21,7T,0,0,DB,0,,,,,,,,,,,,,,,,,,,,,,,,,,,,,,,0,3,1,4,4,.5,.0,.0,0,1,1,0,0,0,0,0,0,0,0,0,0,0,0,0,,,,,,,,,,,,,,,,,,,,,,,,,,,,,,,,,,,,,,,,,,,,,,,,,,,,,,,,,,,,,,,,,,,,,,,,,,0.15372891037551537,72,87
2026-27,football,Southern Athletic Association (SAA),saa,Southwestern,"Sexton,Garrett",Garrett,Sexton,,8746,"Sexton,Garrett","SEXTON,GARRETT",Southwestern,SWU,1322-3238,1,0,96,96,0,0,DT,0,,,,,,,,,,,,,,,,,,,,,,,,,,,,,,,0,1,3,4,4,.5,.0,.0,0,1,1,0,0,0,0,0,0,0,0,1,0,0,0,0,,,,,,,,,,,,,,,,,,,,,,,,,,,,,,,,,,,,,,,,,,,,,,,,,,,,,,,,,,,,,,,,,,,,,,,,,,0.15372891037551537,73,87
2026-27,football,Southern Athletic Association (SAA),saa,Millsaps,"Bailey,Brewer",Brewer,Bailey,,426,"Bailey,Brewer","BAILEY,BREWER",Millsaps,MC,1282-2845,1,1,9,9D,0,0,DB,0,,,,,,,,,,,,,,,,,,,,,,,,,,,,,,,0,4,2,6,6,.0,.0,.0,0,0,0,0,0,0,0,0,0,0,0,0,0,0,0,0,,,,,,,,,,,,,,,,,,,,,,,,,,,,,,,,,,,,,,,,,,,,,,,,,,,,,,,,,,,,,,,,,,,,,,,,,,0.11613530465073338,74,87
2026-27,football,Southern Athletic Association (SAA),saa,Sewanee,"Gibbs,James",James,Gibbs,,652,"Gibbs,James","GIBBS,JAMES",Sewanee,SEW,1321-3725,1,0,45,45,0,0,DL,0,,,,,,,,,,,,,,,,,,,,,,,,,,,,,,,0,4,2,6,6,.0,.0,.0,0,0,0,0,0,0,0,0,0,0,0,0,0,0,0,0,,,,,,,,,,,,,,,,,,,,,,,,,,,,,,,,,,,,,,,,,,,,,,,,,,,,,,,,,,,,,,,,,,,,,,,,,,0.11613530465073338,75,87
2026-27,football,Southern Athletic Association (SAA),saa,Sewanee,"Tidwell,Benji",Benji,Tidwell,,652,"Tidwell,Benji","TIDWELL,BENJI",Sewanee,SEW,1321-3180,1,1,33,28,0,0,DB,0,,,,,,,,,,,,,,,,,,,,,,,,,,,,,,,0,3,3,6,6,.0,.0,.0,0,0,0,0,0,0,0,0,0,0,0,0,0,0,0,0,,,,,,,,,,,,,,,,,,,,,,,,,,,,,,,,,,,,,,,,,,,,,,,,,,,,,,,,,,,,,,,,,,,,,,,,,,0.11613530465073338,76,87
2026-27,football,Southern Athletic Association (SAA),saa,Southwestern,"Balderas,Jude",Jude,Balderas,,8746,"Balderas,Jude","BALDERAS,JUDE",Southwestern,SWU,1322-3033,1,1,31,31,0,0,DB,0,,,,,,,,,,,,,,,,,,,,,,,,,,,,,,,0,2,1,3,3,.0,.0,.0,0,0,0,0,0,0,0,1,0,0,0,0,0,0,0,1,,,,,,,,,,,,,,,,,,,,,,,,,,,,,,,,,,,,,,,,,,,,,,,,,,,,,,,,,,,,,,,,,,,,,,,,,,0.10336655774192316,77,87
2026-27,football,Southern Athletic Association (SAA),saa,Sewanee,"Clark,Albert",Albert,Clark,,652,"Clark,Albert","CLARK,ALBERT",Sewanee,SEW,1321-3307,1,1,8,8,0,0,DB,0,,,,,,,,,,,,,,,,,,,,,,,,,,,,,,,0,3,0,3,3,.0,.0,.0,0,0,0,0,0,0,0,1,0,0,0,0,0,0,0,1,,,,,,,,,,,,,,,,,,,,,,,,,,,,,,,,,,,,,,,,,,,,,,,,,,,,,,,,,,,,,,,,,,,,,,,,,,0.10336655774192316,78,87
2026-27,football,Southern Athletic Association (SAA),saa,Centre,"Russell,Kaiden",Kaiden,Russell,,132,"Russell,Kaiden","RUSSELL,KAIDEN",Centre,CEN,1268-3362,1,1,99,9I,0,0,DL,0,,,,,,,,,,,,,,,,,,,,,,,,,,,,,,,0,1,2,3,3,.0,.0,.0,0,0,0,0,0,0,0,1,0,0,0,0,0,0,0,1,,,,,,,,,,,,,,,,,,,,,,,,,,,,,,,,,,,,,,,,,,,,,,,,,,,,,,,,,,,,,,,,,,,,,,,,,,0.10336655774192316,79,86
2026-27,football,Southern Athletic Association (SAA),saa,Rhodes,"Gavin,Jamieson",Jamieson,Gavin,,573,"Gavin,Jamieson","GAVIN,JAMIESON",Rhodes,RHO,1390-5149,1,0,80,80,0,WR,0,0,,,,,,,,,,,,,,,,,,,,,,,,,,,,,,,,,,,,,,,,,,,,,,,,,,,,,,,,,,,,,,,,,,,,,,,,,,,,,,,,,,,3,45,0,17,15.0,,,,,,,,,,,,,,,,,,,,,,,,,,,,,,,,,,,,,,,,,0.0910975037348554,80,86
2026-27,football,Southern Athletic Association (SAA),saa,Millsaps,"Rogers ll,Kevin",Kevin,Rogers ll,,426,"Rogers ll,Kevin","ROGERS LL,KEVIN",Millsaps,MC,1282-3038,1,0,25,25,0,RB,0,0,,,1,1,0,1,1.0,,,,,,,,,,,,,,,,,,,,,,,,,,,,,,,,,,,,,,,,,,,,,,,,,5,63,63,0,0,45,12.6,63.0,,,,,,,,,,,,,,,,,,,,,,,,,,,,,,,,,,,,,,,,,,,,,,,,,,,,,,,,,,,,,,,,,0.04633229181939397,81,86
2026-27,football,Southern Athletic Association (SAA),saa,Rhodes,"Smith,Austin",Austin,Smith,,573,"Smith,Austin","SMITH,AUSTIN",Rhodes,RHO,1390-4566,1,1,1,1,0,WR,0,0,,,2,27,0,14,13.5,,,,,,,,,,,,,,,,,,,,,,,,,,,,,,,,,,,,,,,,,,,,,,,,,,,,,,,,,,,,,,,,,,,,,,,,,,,,3,40,0,15,13.3,,,,,,,,,,,,,,,,,,,,,,,,,,,,,,,,,,,,,,,,,0.02397509866535391,82,86
2026-27,football,Southern Athletic Association (SAA),saa,Berry,Zavion Plunkett,Zavion,Plunkett,,973,Zavion Plunkett,"PLUNKETT,ZAVION",Berry,BERRY,838-3363,1,1,3,3,0,WR,0,0,,,1,27,0,27,27.0,,,,,,,,,,,,,,,,,,,,,,,,,,,,,,,,,,,,,,,,,,,,,,,,,,,,,,,,,,,,,,,,,,,,,,,,,,,,,,,,,,,,,,,,,,,,,,,,,,,,,,,,,,,,,,,,,,,,,,,,,0.02397509866535391,83,86
2026-27,football,Southern Athletic Association (SAA),saa,Berry,Miles Hamby,Miles,Hamby,,973,Miles Hamby,"HAMBY,MILES",Berry,BERRY,838-3111,1,0,88,88,0,0,0,0,,,,,,,,,,,,,,,,,,,,,,,,,,,,,,,,,,,,,,,,,,,,,,,,,,,,,,,,,,,,,,,,,,,,,,,,,,,,,,,,,,,,,,,,,,,,,,,,,,,,,,,,,,,,,,1,44,44,0,0,1,0,0,44.0,,,,,,,,,,0.011413951590434568,84,86
2026-27,football,Southern Athletic Association (SAA),saa,Berry,Abe Blanco,Abe,Blanco,,973,Abe Blanco,"BLANCO,ABE",Berry,BERRY,838-3326,1,1,79,79,0,OT,0,0,,,,,,,,,,,,,,,,,,,,,,,,,,,,,,,,,,,,,,,,,,,,,,,,,,,,,,,,,,,,,,,,,,,,,,,,,,,,,,,,,,,,,,,,,,,,,,,,,,,,,,,,,,,,,,,,,,,,,,,,,,,,,,,,0.0,85,86
2026-27,football,Southern Athletic Association (SAA),saa,Rhodes,"Aurelien,Juelz",Juelz,Aurelien,,573,"Aurelien,Juelz","AURELIEN,JUELZ",Rhodes,RHO,1390-4966,1,1,7,7A,0,0,DB,0,,,,,,,,,,,,,,,,,,,,,,,,,,,,,,,,,,,,,,,,,,,,,,,,,,,,,,,,,,,,,,,,,,,,,,,,,,,,,,,,,,,,,,,,,,,,,,,,,,,,,,,,,,,,,,,,,,,,,,,,,,,,,,,,0.0,86,86
2026-27,football,Southern Athletic Association (SAA),saa,Berry,Baker Kimbrel,Baker,Kimbrel,,973,Baker Kimbrel,"KIMBREL,BAKER",Berry,BERRY,838-3549,1,0,82,82,0,0,0,0,,,,,,,,,,,,,,,,,,,,,,,,,,,,,,,,,,,,,,,,,,,,,,,,,,,,,,,,,,,,,,,,,,,,,,,,,,,,,,,,,,,,,,,,3,159,0,0,53.0,,,,,,,,,,,,,,,,,,,,,,,,,,,,,,,,,,,,0.0,87,85
2026-27,football,Southern Athletic Association (SAA),saa,Maryville College,"Baldwin,Trent",Trent,Baldwin,,396,"Baldwin,Trent","BALDWIN,TRENT",Maryville College,MAR,1027-2144,1,0,62,62,0,OL,0,0,,,,,,,,,,,,,,,,,,,,,,,,,,,,,,,,,,,,,,,,,,,,,,,,,,,,,,,,,,,,,,,,,,,,,,,,,,,,,,,,,,,,,,,,,,,,,,,,,,,,,,,,,,,,,,,,,,,,,,,,,,,,,,,,0.0,88,85
2026-27,football,Southern Athletic Association (SAA),saa,Rhodes,"Bangert,Layne",Layne,Bangert,,573,"Bangert,Layne","BANGERT,LAYNE",Rhodes,RHO,1390-4969,1,1,92,92,0,0,DL,0,,,,,,,,,,,,,,,,,,,,,,,,,,,,,,,,,,,,,,,,,,,,,,,,,,,,,,,,,,,,,,,,,,,,,,,,,,,,,,,,,,,,,,,,,,,,,,,,,,,,,,,,,,,,,,,,,,,,,,,,,,,,,,,,0.0,89,85
2026-27,football,Southern Athletic Association (SAA),saa,Maryville College,"Barnard,Chase",Chase,Barnard,,396,"Barnard,Chase","BARNARD,CHASE",Maryville College,MAR,1027-2471,1,0,87,9O,0,TE,0,0,,,,,,,,,,,,,,,,,,,,,,,,,,,,,,,,,,,,,,,,,,,,,,,,,,,,,,,,,,,,,,,,,,,,,,,,,,,,,,,,,,,,,,,,,,,,,,,,,,,,,,,,,,,,,,,,,,,,,,,,,,,,,,,,0.0,90,85
2026-27,football,Southern Athletic Association (SAA),saa,Sewanee,"Bergsrud,Caden",Caden,Bergsrud,,652,"Bergsrud,Caden","BERGSRUD,CADEN",Sewanee,SEW,1321-3333,1,0,68,68,0,OL,0,0,,,,,,,,,,,,,,,,,,,,,,,,,,,,,,,,,,,,,,,,,,,,,,,,,,,,,,,,,,,,,,,,,,,,,,,,,,,,,,,,,,,,,,,,,,,,,,,,,,,,,,,,,,,,,,,,,,,,,,,,,,,,,,,,0.0,91,85
2026-27,football,Southern Athletic Association (SAA),saa,Millsaps,"Beychok,Joshua",Joshua,Beychok,,426,"Beychok,Joshua","BEYCHOK,JOSHUA",Millsaps,MC,1282-2896,1,0,60,60,0,OL,0,0,,,,,,,,,,,,,,,,,,,,,,,,,,,,,,,,,,,,,,,,,,,,,,,,,,,,,,,,,,,,,,,,,,,,,,,,,,,,,,,,,,,,,,,,,,,,,,,,,,,,,,,,,,,,,,,,,,,,,,,,,,,,,,,,0.0,92,85
2026-27,football,Southern Athletic Association (SAA),saa,Maryville College,"Boldin,Caleb",Caleb,Boldin,,396,"Boldin,Caleb","BOLDIN,CALEB",Maryville College,MAR,1027-2514,1,1,58,9F,0,OL,0,0,,,,,,,,,,,,,,,,,,,,,,,,,,,,,,,,,,,,,,,,,,,,,,,,,,,,,,,,,,,,,,,,,,,,,,,,,,,,,,,,,,,,,,,,,,,,,,,,,,,,,,,,,,,,,,,,,,,,,,,,,,,,,,,,0.0,93,85
2026-27,football,Southern Athletic Association (SAA),saa,Sewanee,"Branch,Swift",Swift,Branch,,652,"Branch,Swift","BRANCH,SWIFT",Sewanee,SEW,1321-3341,1,1,10,10,0,0,DB,0,,,,,,,,,,,,,,,,,,,,,,,,,,,,,,,,,,,,,,,,,,,,,,,,,,,,,,,,,,,,,,,,,,,,,,,,,,,,,,,,,,,,,,,,,,,,,,,,,,,,,,,,,,,,,,,,,,,,,,,,,,,,,,,,0.0,94,85
2026-27,football,Southern Athletic Association (SAA),saa,Rhodes,"Bryant,Jackson",Jackson,Bryant,,573,"Bryant,Jackson","BRYANT,JACKSON",Rhodes,RHO,1390-5146,1,1,72,72,0,OL,0,0,,,,,,,,,,,,,,,,,,,,,,,,,,,,,,,,,,,,,,,,,,,,,,,,,,,,,,,,,,,,,,,,,,,,,,,,,,,,,,,,,,,,,,,,,,,,,,,,,,,,,,,,,,,,,,,,,,,,,,,,,,,,,,,,0.0,95,84
2026-27,football,Southern Athletic Association (SAA),saa,Berry,Bryson Hill,Bryson,Hill,,973,Bryson Hill,"HILL,BRYSON",Berry,BERRY,838-3188,1,1,70,70,0,OG,0,0,,,,,,,,,,,,,,,,,,,,,,,,,,,,,,,,,,,,,,,,,,,,,,,,,,,,,,,,,,,,,,,,,,,,,,,,,,,,,,,,,,,,,,,,,,,,,,,,,,,,,,,,,,,,,,,,,,,,,,,,,,,,,,,,0.0,96,84
2026-27,football,Southern Athletic Association (SAA),saa,Maryville College,"Buggs III,Lee",Lee,Buggs III,,396,"Buggs III,Lee","BUGGS III,LEE",Maryville College,MAR,1027-2440,1,0,10,8O,0,WR,0,0,,,,,,,,,,,,,,,,,,,,,,,,,,,,,,,,,,,,,,,,,,,,,,,,,,,,,,,,,,,,,,,,,,,,,,,,,,,,,,,,,,,,,,,,,,,,,,,,,,,,,,,,,,,,,,,,,,,,,,,,,,,,,,,,0.0,97,84
2026-27,football,Southern Athletic Association (SAA),saa,Centre,"Carrico,Jake",Jake,Carrico,,132,"Carrico,Jake","CARRICO,JAKE",Centre,CEN,1268-2848,1,0,18,18,0,WR,0,0,,,,,,,,,,,,,,,,,,,,,,,,,,,,,,,,,,,,,,,,,,,,,,,,,,,,,,,,,,,,,,,,,,,,,,,,,,,,,,,,,,,,,,,,,,,,,,,,,,,,,,,,,,,,,,,,,,,,,,,,,,,,,,,,0.0,98,84
2026-27,football,Southern Athletic Association (SAA),saa,Southwestern,"Clinton,Tristan",Tristan,Clinton,,8746,"Clinton,Tristan","CLINTON,TRISTAN",Southwestern,SWU,1322-3057,1,0,73,73,0,OL,0,0,,,,,,,,,,,,,,,,,,,,,,,,,,,,,,,,,,,,,,,,,,,,,,,,,,,,,,,,,,,,,,,,,,,,,,,,,,,,,,,,,,,,,,,,,,,,,,,,,,,,,,,,,,,,,,,,,,,,,,,,,,,,,,,,0.0,99,84
2026-27,football,Southern Athletic Association (SAA),saa,Maryville College,"Colton,Ethan",Ethan,Colton,,396,"Colton,Ethan","COLTON,ETHAN",Maryville College,MAR,1027-2443,1,1,55,9D,0,OL,0,0,,,,,,,,,,,,,,,,,,,,,,,,,,,,,,,,,,,,,,,,,,,,,,,,,,,,,,,,,,,,,,,,,,,,,,,,,,,,,,,,,,,,,,,,,,,,,,,,,,,,,,,,,,,,,,,,,,,,,,,,,,,,,,,,0.0,100,84
2026-27,football,Southern Athletic Association (SAA),saa,Millsaps,"Contreras,Erik",Erik,Contreras,,426,"Contreras,Erik","CONTRERAS,ERIK",Millsaps,MC,1282-2521,1,1,77,77,0,OL,0,0,,,,,,,,,,,,,,,,,,,,,,,,,,,,,,,,,,,,,,,,,,,,,,,,,,,,,,,,,,,,,,,,,,,,,,,,,,,,,,,,,,,,,,,,,,,,,,,,,,,,,,,,,,,,,,,,,,,,,,,,,,,,,,,,0.0,101,84
2026-27,football,Southern Athletic Association (SAA),saa,Rhodes,"Crimm,William",William,Crimm,,573,"Crimm,William","CRIMM,WILLIAM",Rhodes,RHO,1390-4980,1,1,75,75,0,OL,0,0,,,,,,,,,,,,,,,,,,,,,,,,,,,,,,,,,,,,,,,,,,,,,,,,,,,,,,,,,,,,,,,,,,,,,,,,,,,,,,,,,,,,,,,,,,,,,,,,,,,,,,,,,,,,,,,,,,,,,,,,,,,,,,,,0.0,102,84
2026-27,football,Southern Athletic Association (SAA),saa,Sewanee,"Cunningham,Mekhi",Mekhi,Cunningham,,652,"Cunningham,Mekhi","CUNNINGHAM,MEKHI",Sewanee,SEW,1321-3715,1,1,64,64,0,OL,0,0,,,,,,,,,,,,,,,,,,,,,,,,,,,,,,,,,,,,,,,,,,,,,,,,,,,,,,,,,,,,,,,,,,,,,,,,,,,,,,,,,,,,,,,,,,,,,,,,,,,,,,,,,,,,,,,,,,,,,,,,,,,,,,,,0.0,103,83
2026-27,football,Southern Athletic Association (SAA),saa,Sewanee,"Curtis,Jared",Jared,Curtis,,652,"Curtis,Jared","CURTIS,JARED",Sewanee,SEW,1321-3716,1,0,13,13,0,QB,0,0,,,,,,,,,,,,,,,,,,,,,,,,,,,,,,,,,,,,,,,,,,,,,,,,,,,,,,,,,,,,,,,,,,,,,,,,,,,,,,,,,,,,,,,,,,,,,,,,,,0,0,1,0,0,0,0,0,0,0,0,0,,,,,,,,,,,,,,,,,,,0.0,104,83
2026-27,football,Southern Athletic Association (SAA),saa,Millsaps,"Dates,Cornelious",Cornelious,Dates,,426,"Dates,Cornelious","DATES,CORNELIOUS",Millsaps,MC,1282-2879,1,0,12,12,0,WR,0,0,,,,,,,,,,,,,,,,,,,,,,,,,,,,,,,,,,,,,,,,,,,,,,,,,,,,,,,,,,,,,,,,,,,,,,,,,,,,,,,,,,,,,,,,,,,,,,,,,,,,,,,,,,,,,,,,,,,,,,,,,,,,,,,,0.0,105,83
2026-27,football,Southern Athletic Association (SAA),saa,Rhodes,"Davis,JD",JD,Davis,,573,"Davis,JD","DAVIS,JD",Rhodes,RHO,1390-4589,1,1,0,0,0,0,DL,0,,,,,,,,,,,,,,,,,,,,,,,,,,,,,,,,,,,,,,,,,,,,,,,,,,,,,,,,,,,,,,,,,,,,,,,,,,,,,,,,,,,,,,,,,,,,,,,,,,,,,,,,,,,,,,,,,,,,,,,,,,,,,,,,0.0,106,83
2026-27,football,Southern Athletic Association (SAA),saa,Maryville College,"Davis,Turner",Turner,Davis,,396,"Davis,Turner","DAVIS,TURNER",Maryville College,MAR,1027-2476,1,0,37,9W,0,0,DB,0,,,,,,,,,,,,,,,,,,,,,,,,,,,,,,,,,,,,,,,,,,,,,,,,,,,,,,,,,,,,,,,,,,,,,,,,,,,,,,,,,,,,,,,,,,,,,,,,,,,,,,,,,,,,,,,,,,,,,,,,,,,,,,,,0.0,107,83
2026-27,football,Southern Athletic Association (SAA),saa,Rhodes,"DeHaan,Isaac",Isaac,DeHaan,,573,"DeHaan,Isaac","DEHAAN,ISAAC",Rhodes,RHO,1390-4593,1,1,64,64,0,OL,0,0,,,,,,,,,,,,,,,,,,,,,,,,,,,,,,,,,,,,,,,,,,,,,,,,,,,,,,,,,,,,,,,,,,,,,,,,,,,,,,,,,,,,,,,,,,,,,,,,,,,,,,,,,,,,,,,,,,,,,,,,,,,,,,,,0.0,108,83
2026-27,football,Southern Athletic Association (SAA),saa,Millsaps,"Dempsey,Ben",Ben,Dempsey,,426,"Dempsey,Ben","DEMPSEY,BEN",Millsaps,MC,1282-3195,1,0,25,2F,0,0,LB,0,,,,,,,,,,,,,,,,,,,,,,,,,,,,,,,,,,,,,,,,,,,,,,,,,,,,,,,,,,,,,,,,,,,,,,,,,,,,,,,,,,,,,,,,,,,,,,,,,,,,,,,,,,,,,,,,,,,,,,,,,,,,,,,,0.0,109,83
2026-27,football,Southern Athletic Association (SAA),saa,Southwestern,"Diosdado,Matthew",Matthew,Diosdado,,8746,"Diosdado,Matthew","DIOSDADO,MATTHEW",Southwestern,SWU,1322-2806,1,1,50,50,0,OL,0,0,,,,,,,,,,,,,,,,,,,,,,,,,,,,,,,,,,,,,,,,,,,,,,,,,,,,,,,,,,,,,,,,,,,,,,,,,,,,,,,,,,,,,,,,,,,,,,,,,,,,,,,,,,,,,,,,,,,,,,,,,,,,,,,,0.0,110,82
2026-27,football,Southern Athletic Association (SAA),saa,Sewanee,"Donnelly,Bo",Bo,Donnelly,,652,"Donnelly,Bo","DONNELLY,BO",Sewanee,SEW,1321-3574,1,0,19,19,0,0,DB,0,,,,,,,,,,,,,,,,,,,,,,,,,,,,,,,,,,,,,,,,,,,,,,,,,,,,,,,,,,,,,,,,,,,,,,,,,,,,,,,,,,,,,,,,,,,,,,,,,,,,,,,,,,,,,,,,,,,,,,,,,,,,,,,,0.0,111,82
2026-27,football,Southern Athletic Association (SAA),saa,Southwestern,"Duckett,Duntavian",Duntavian,Duckett,,8746,"Duckett,Duntavian","DUCKETT,DUNTAVIAN",Southwestern,SWU,1322-3194,1,0,90,90,0,0,DL,0,,,,,,,,,,,,,,,,,,,,,,,,,,,,,,,,,,,,,,,,,,,,,,,,,,,,,,,,,,,,,,,,,,,,,,,,,,,,,,,,,,,,,,,,,,,,,,,,,,,,,,,,,,,,,,,,,,,,,,,,,,,,,,,,0.0,112,82
2026-27,football,Southern Athletic Association (SAA),saa,Maryville College,"Duke,Nick",Nick,Duke,,396,"Duke,Nick","DUKE,NICK",Maryville College,MAR,1027-2480,1,0,12,1V,0,0,DB,0,,,,,,,,,,,,,,,,,,,,,,,,,,,,,,,,,,,,,,,,,,,,,,,,,,,,,,,,,,,,,,,,,,,,,,,,,,,,,,,,,,,,,,,,,,,,,,,,,,,,,,,,,,,,,,,,,,,,,,,,,,,,,,,,0.0,113,82
2026-27,football,Southern Athletic Association (SAA),saa,Millsaps,"Dyess,Kamden",Kamden,Dyess,,426,"Dyess,Kamden","DYESS,KAMDEN",Millsaps,MC,1282-2900,1,0,52,52,0,OL,0,0,,,,,,,,,,,,,,,,,,,,,,,,,,,,,,,,,,,,,,,,,,,,,,,,,,,,,,,,,,,,,,,,,,,,,,,,,,,,,,,,,,,,,,,,,,,,,,,,,,,,,,,,,,,,,,,,,,,,,,,,,,,,,,,,0.0,114,82
2026-27,football,Southern Athletic Association (SAA),saa,Maryville College,"Espy,Jaeden",Jaeden,Espy,,396,"Espy,Jaeden","ESPY,JAEDEN",Maryville College,MAR,1027-2653,1,0,51,51,0,OL,0,0,,,,,,,,,,,,,,,,,,,,,,,,,,,,,,,,,,,,,,,,,,,,,,,,,,,,,,,,,,,,,,,,,,,,,,,,,,,,,,,,,,,,,,,,,,,,,,,,,,,,,,,,,,,,,,,,,,,,,,,,,,,,,,,,0.0,115,82
2026-27,football,Southern Athletic Association (SAA),saa,Southwestern,"Esquivel,Santiago",Santiago,Esquivel,,8746,"Esquivel,Santiago","ESQUIVEL,SANTIAGO",Southwestern,SWU,1322-2589,1,1,75,75,0,OL,0,0,,,,,,,,,,,,,,,,,,,,,,,,,,,,,,,,,,,,,,,,,,,,,,,,,,,,,,,,,,,,,,,,,,,,,,,,,,,,,,,,,,,,,,,,,,,,,,,,,,,,,,,,,,,,,,,,,,,,,,,,,,,,,,,,0.0,116,82
2026-27,football,Southern Athletic Association (SAA),saa,Millsaps,"Finley,Laquarrious",Laquarrious,Finley,,426,"Finley,Laquarrious","FINLEY,LAQUARRIOUS",Millsaps,MC,1282-3223,1,0,78,78,0,OL,0,0,,,,,,,,,,,,,,,,,,,,,,,,,,,,,,,,,,,,,,,,,,,,,,,,,,,,,,,,,,,,,,,,,,,,,,,,,,,,,,,,,,,,,,,,,,,,,,,,,,,,,,,,,,,,,,,,,,,,,,,,,,,,,,,,0.0,117,82
2026-27,football,Southern Athletic Association (SAA),saa,Sewanee,"Foster,Shooter",Shooter,Foster,,652,"Foster,Shooter","FOSTER,SHOOTER",Sewanee,SEW,1321-3722,1,0,97,97,0,0,LB,0,,,,,,,,,,,,,,,,,,,,,,,,,,,,,,,,,,,,,,,,,,,,,,,,,,,,,,,,,,,,,,,,,,,,,,,,,,,,,,,,,,,,,,,,,,,,,,,,,,,,,,,,,,,,,,,,,,,,,,,,,,,,,,,,0.0,118,81
2026-27,football,Southern Athletic Association (SAA),saa,Southwestern,"Fowles,Gavin",Gavin,Fowles,,8746,"Fowles,Gavin","FOWLES,GAVIN",Southwestern,SWU,1322-3196,1,0,66,66,0,OL,0,0,,,,,,,,,,,,,,,,,,,,,,,,,,,,,,,,,,,,,,,,,,,,,,,,,,,,,,,,,,,,,,,,,,,,,,,,,,,,,,,,,,,,,,,,,,,,,,,,,,,,,,,,,,,,,,,,,,,,,,,,,,,,,,,,0.0,119,81
2026-27,football,Southern Athletic Association (SAA),saa,Millsaps,"Gaines,Aden",Aden,Gaines,,426,"Gaines,Aden","GAINES,ADEN",Millsaps,MC,1282-2660,1,1,71,71,0,OL,0,0,,,,,,,,,,,,,,,,,,,,,,,,,,,,,,,,,,,,,,,,,,,,,,,,,,,,,,,,,,,,,,,,,,,,,,,,,,,,,,,,,,,,,,,,,,,,,,,,,,,,,,,,,,,,,,,,,,,,,,,,,,,,,,,,0.0,120,81
2026-27,football,Southern Athletic Association (SAA),saa,Centre,"Gaudy,Joe",Joe,Gaudy,,132,"Gaudy,Joe","GAUDY,JOE",Centre,CEN,1268-2859,1,1,70,70,0,OL,0,0,,,,,,,,,,,,,,,,,,,,,,,,,,,,,,,,,,,,,,,,,,,,,,,,,,,,,,,,,,,,,,,,,,,,,,,,,,,,,,,,,,,,,,,,,,,,,,,,,,,,,,,,,,,,,,,,,,,,,,,,,,,,,,,,0.0,121,81
2026-27,football,Southern Athletic Association (SAA),saa,Maryville College,"Gilliam,Ben",Ben,Gilliam,,396,"Gilliam,Ben","GILLIAM,BEN",Maryville College,MAR,1027-2228,1,0,96,96,0,0,DL,0,,,,,,,,,,,,,,,,,,,,,,,,,,,,,,,,,,,,,,,,,,,,,,,,,,,,,,,,,,,,,,,,,,,,,,,,,,,,,,,,,,,,,,,,,,,,,,,,,,,,,,,,,,,,,,,,,,,,,,,,,,,,,,,,0.0,122,81
2026-27,football,Southern Athletic Association (SAA),saa,Rhodes,"Glasser,Sam",Sam,Glasser,,573,"Glasser,Sam","GLASSER,SAM",Rhodes,RHO,1390-5148,1,1,78,78,0,OL,0,0,,,,,,,,,,,,,,,,,,,,,,,,,,,,,,,,,,,,,,,,,,,,,,,,,,,,,,,,,,,,,,,,,,,,,,,,,,,,,,,,,,,,,,,,,,,,,,,,,,,,,,,,,,,,,,,,,,,,,,,,,,,,,,,,0.0,123,81
2026-27,football,Southern Athletic Association (SAA),saa,Millsaps,"Green,KJ",KJ,Green,,426,"Green,KJ","GREEN,KJ",Millsaps,MC,1282-2902,1,1,62,62,0,OL,0,0,,,,,,,,,,,,,,,,,,,,,,,,,,,,,,,,,,,,,,,,,,,,,,,,,,,,,,,,,,,,,,,,,,,,,,,,,,,,,,,,,,,,,,,,,,,,,,,,,,,,,,,,,,,,,,,,,,,,,,,,,,,,,,,,0.0,124,81
2026-27,football,Southern Athletic Association (SAA),saa,Millsaps,"Griggs,Michael",Michael,Griggs,,426,"Griggs,Michael","GRIGGS,MICHAEL",Millsaps,MC,1282-2893,1,1,32,32,0,TE,0,0,,,,,,,,,,,,,,,,,,,,,,,,,,,,,,,,,,,,,,,,,,,,,,,,,,,,,,,,,,,,,,,,,,,,,,,,,,,,,,,,,,,,,,,,,,,,,,,,,,,,,,,,,,,,,,,,,,,,,,,,,,,,,,,,0.0,125,81
2026-27,football,Southern Athletic Association (SAA),saa,Sewanee,"Grooms,Dallas",Dallas,Grooms,,652,"Grooms,Dallas","GROOMS,DALLAS",Sewanee,SEW,1321-3160,1,0,15,15,0,0,DB,0,,,,,,,,,,,,,,,,,,,,,,,,,,,,,,,,,,,,,,,,,,,,,,,,,,,,,,,,,,,,,,,,,,,,,,,,,,,,,,,,,,,,,,,,,,,,,,,,,,,,,,,,,,,,,,,,,,,,,,,,,,,,,,,,0.0,126,80
2026-27,football,Southern Athletic Association (SAA),saa,Southwestern,"Gutierrez,Yoel",Yoel,Gutierrez,,8746,"Gutierrez,Yoel","GUTIERREZ,YOEL",Southwestern,SWU,1322-2801,1,0,7,07,0,0,DB,0,,,,,,,,,,,,,,,,,,,,,,,,,,,,,,,,,,,,,,,,,,,,,,,,,,,,,,,,,,,,,,,,,,,,,,,,,,,,,,,,,,,,,,,,,,,,,,,,,,,,,,,,,,,,,,,,,,,,,,,,,,,,,,,,0.0,127,80
2026-27,football,Southern Athletic Association (SAA),saa,Maryville College,"Hamilton,Taeshaune",Taeshaune,Hamilton,,396,"Hamilton,Taeshaune","HAMILTON,TAESHAUNE",Maryville College,MAR,1027-2660,1,0,37,37,0,RB,0,0,,,,,,,,,,,,,,,,,,,,,,,,,,,,,,,,,,,,,,,,,,,,,,,,,,,,,,,,,,,,,,,,,,,,,,,,,,,,,,,,,,,,,,,,,,,,,,,,,,,,,,,,,,,,,,,,,,,,,,,,,,,,,,,,0.0,128,80
2026-27,football,Southern Athletic Association (SAA),saa,Maryville College,"Haun,Dakoda",Dakoda,Haun,,396,"Haun,Dakoda","HAUN,DAKODA",Maryville College,MAR,1027-2439,1,0,7,9A,0,WR,0,0,,,,,,,,,,,,,,,,,,,,,,,,,,,,,,,,,,,,,,,,,,,,,,,,,,,,,,,,,,,,,,,,,,,,,,,,,,,,,,,,,,,,,,,,,,,,,,,,,,,,,,,,,,,,,,,,,,,,,,,,,,,,,,,,0.0,129,80
2026-27,football,Southern Athletic Association (SAA),saa,Centre,"Huber,Drew",Drew,Huber,,132,"Huber,Drew","HUBER,DREW",Centre,CEN,1268-3569,1,1,74,74,0,OL,0,0,,,,,,,,,,,,,,,,,,,,,,,,,,,,,,,,,,,,,,,,,,,,,,,,,,,,,,,,,,,,,,,,,,,,,,,,,,,,,,,,,,,,,,,,,,,,,,,,,,,,,,,,,,,,,,,,,,,,,,,,,,,,,,,,0.0,130,80
2026-27,football,Southern Athletic Association (SAA),saa,Sewanee,"Hudson,Charlie",Charlie,Hudson,,652,"Hudson,Charlie","HUDSON,CHARLIE",Sewanee,SEW,1321-3731,1,0,84,84,0,WR,0,0,,,,,,,,,,,,,,,,,,,,,,,,,,,,,,,,,,,,,,,,,,,,,,,,,,,,,,,,,,,,,,,,,,,,,,,,,,,,,,,,,,,,,,,,,,,,,,,,,,,,,,,,,,,,,,,,,,,,,,,,,,,,,,,,0.0,131,80
2026-27,football,Southern Athletic Association (SAA),saa,Southwestern,"Ihematulam,JohnPaul",JohnPaul,Ihematulam,,8746,"Ihematulam,JohnPaul","IHEMATULAM,JOHNPAUL",Southwestern,SWU,1322-2593,1,1,62,62,0,OL,0,0,,,,,,,,,,,,,,,,,,,,,,,,,,,,,,,,,,,,,,,,,,,,,,,,,,,,,,,,,,,,,,,,,,,,,,,,,,,,,,,,,,,,,,,,,,,,,,,,,,,,,,,,,,,,,,,,,,,,,,,,,,,,,,,,0.0,132,80
2026-27,football,Southern Athletic Association (SAA),saa,Southwestern,"Jackson,Hayden",Hayden,Jackson,,8746,"Jackson,Hayden","JACKSON,HAYDEN",Southwestern,SWU,1322-3203,1,0,28,28,0,0,DB,0,,,,,,,,,,,,,,,,,,,,,,,,,,,,,,,,,,,,,,,,,,,,,,,,,,,,,,,,,,,,,,,,,,,,,,,,,,,,,,,,,,,,,,,,,,,,,,,,,,,,,,,,,,,,,,,,,,,,,,,,,,,,,,,,0.0,133,80
2026-27,football,Southern Athletic Association (SAA),saa,Maryville College,"Jared,Sam",Sam,Jared,,396,"Jared,Sam","JARED,SAM",Maryville College,MAR,1027-2456,1,0,22,9K,0,0,LB,0,,,,,,,,,,,,,,,,,,,,,,,,,,,,,,,,,,,,,,,,,,,,,,,,,,,,,,,,,,,,,,,,,,,,,,,,,,,,,,,,,,,,,,,,,,,,,,,,,,,,,,,,,,,,,,,,,,,,,,,,,,,,,,,,0.0,134,79
2026-27,football,Southern Athletic Association (SAA),saa,Berry,John David Peacock,John David,Peacock,,973,John David Peacock,"PEACOCK,JOHN DAVID",Berry,BERRY,838-3126,1,1,89,89,0,TE,0,0,,,,,,,,,,,,,,,,,,,,,,,,,,,,,,,,,,,,,,,,,,,,,,,,,,,,,,,,,,,,,,,,,,,,,,,,,,,,,,,,,,,,,,,,,,,,,,,,,,,,,,,,,,,,,,,,,,,,,,,,,,,,,,,,0.0,135,79
2026-27,football,Southern Athletic Association (SAA),saa,Southwestern,"Johnson,Gavin",Gavin,Johnson,,8746,"Johnson,Gavin","JOHNSON,GAVIN",Southwestern,SWU,1322-3040,1,1,30,30,0,0,LB,0,,,,,,,,,,,,,,,,,,,,,,,,,,,,,,,,,,,,,,,,,,,,,,,,,,,,,,,,,,,,,,,,,,,,,,,,,,,,,,,,,,,,,,,,,,,,,,,,,,,,,,,,,,,,,,,,,,,,,,,,,,,,,,,,0.0,136,79
2026-27,football,Southern Athletic Association (SAA),saa,Centre,"Johnson,Isaac",Isaac,Johnson,,132,"Johnson,Isaac","JOHNSON,ISAAC",Centre,CEN,1268-3144,1,0,98,98,0,0,0,0,,,,,,,,,,,,,,,,,,,,,,,,,,,,,,,,,,,,,,,,,,,,,,,,,,,,,,,,,,,,,,,,,,,,,,,,,,,,,,,,,,,,,,,,1,65,0,1,65.0,,,,,,,,,,,,,,,,,,,,,,,,,,,,,,,,,,,,0.0,137,79
2026-27,football,Southern Athletic Association (SAA),saa,Centre,"Kerwin,Brooks",Brooks,Kerwin,,132,"Kerwin,Brooks","KERWIN,BROOKS",Centre,CEN,1268-3573,1,1,59,59,0,OL,0,0,,,,,,,,,,,,,,,,,,,,,,,,,,,,,,,,,,,,,,,,,,,,,,,,,,,,,,,,,,,,,,,,,,,,,,,,,,,,,,,,,,,,,,,,,,,,,,,,,,,,,,,,,,,,,,,,,,,,,,,,,,,,,,,,0.0,138,79
2026-27,football,Southern Athletic Association (SAA),saa,Sewanee,"Kranik,Aidan",Aidan,Kranik,,652,"Kranik,Aidan","KRANIK,AIDAN",Sewanee,SEW,1321-3733,1,1,58,58,0,OL,0,0,,,,,,,,,,,,,,,,,,,,,,,,,,,,,,,,,,,,,,,,,,,,,,,,,,,,,,,,,,,,,,,,,,,,,,,,,,,,,,,,,,,,,,,,,,,,,,,,,,,,,,,,,,,,,,,,,,,,,,,,,,,,,,,,0.0,139,79
2026-27,football,Southern Athletic Association (SAA),saa,Maryville College,"Lay,Josh",Josh,Lay,,396,"Lay,Josh","LAY,JOSH",Maryville College,MAR,1027-2171,1,1,56,76,0,OL,0,0,,,,,,,,,,,,,,,,,,,,,,,,,,,,,,,,,,,,,,,,,,,,,,,,,,,,,,,,,,,,,,,,,,,,,,,,,,,,,,,,,,,,,,,,,,,,,,,,,,,,,,,,,,,,,,,,,,,,,,,,,,,,,,,,0.0,140,79
2026-27,football,Southern Athletic Association (SAA),saa,Centre,"Lay,Ryan",Ryan,Lay,,132,"Lay,Ryan","LAY,RYAN",Centre,CEN,1268-3356,1,1,76,76,0,OL,0,0,,,,,,,,,,,,,,,,,,,,,,,,,,,,,,,,,,,,,,,,,,,,,,,,,,,,,,,,,,,,,,,,,,,,,,,,,,,,,,,,,,,,,,,,,,,,,,,,,,,,,,,,,,,,,,,,,,,,,,,,,,,,,,,,0.0,141,78
2026-27,football,Southern Athletic Association (SAA),saa,Sewanee,"Locklear,Joshua",Joshua,Locklear,,652,"Locklear,Joshua","LOCKLEAR,JOSHUA",Sewanee,SEW,1321-3583,1,0,55,55,0,OL,0,0,,,,,,,,,,,,,,,,,,,,,,,,,,,,,,,,,,,,,,,,,,,,,,,,,,,,,,,,,,,,,,,,,,,,,,,,,,,,,,,,,,,,,,,,,,,,,,,,,,,,,,,,,,,,,,,,,,,,,,,,,,,,,,,,0.0,142,78
2026-27,football,Southern Athletic Association (SAA),saa,Sewanee,"Love,Braxten",Braxten,Love,,652,"Love,Braxten","LOVE,BRAXTEN",Sewanee,SEW,1321-3576,1,1,77,77,0,OL,0,0,,,,,,,,,,,,,,,,,,,,,,,,,,,,,,,,,,,,,,,,,,,,,,,,,,,,,,,,,,,,,,,,,,,,,,,,,,,,,,,,,,,,,,,,,,,,,,,,,,,,,,,,,,,,,,,,,,,,,,,,,,,,,,,,0.0,143,78
2026-27,football,Southern Athletic Association (SAA),saa,Millsaps,"Maguire,Gunnar",Gunnar,Maguire,,426,"Maguire,Gunnar","MAGUIRE,GUNNAR",Millsaps,MC,1282-2544,1,0,98,98,0,0,DL,0,,,,,,,,,,,,,,,,,,,,,,,,,,,,,,,,,,,,,,,,,,,,,,,,,,,,,,,,,,,,,,,,,,,,,,,,,,,,,,,,,,,,,,,,,,,,,,,,,,,,,,,,,,,,,,,,,,,,,,,,,,,,,,,,0.0,144,78
2026-27,football,Southern Athletic Association (SAA),saa,Southwestern,"Mansour,Cole",Cole,Mansour,,8746,"Mansour,Cole","MANSOUR,COLE",Southwestern,SWU,1322-3048,1,0,56,56,0,0,0,0,,,,,,,,,,,,,,,,,,,,,,,,,,,,,,,,,,,,,,,,,,,,,,,,,,,,,,,,,,,,,,,,,,,,,,,,,,,,,,,,,,,,,,,,,,,,,,,,,,,,,,,,,,,,,,,,,,,,,,,,,,,,,,,,0.0,145,78
2026-27,football,Southern Athletic Association (SAA),saa,Berry,Marcus Head,Marcus,Head,,973,Marcus Head,"HEAD,MARCUS",Berry,BERRY,838-3112,1,1,57,57,0,C,0,0,,,,,,,,,,,,,,,,,,,,,,,,,,,,,,,,,,,,,,,,,,,,,,,,,,,,,,,,,,,,,,,,,,,,,,,,,,,,,,,,,,,,,,,,,,,,,,,,,,,,,,,,,,,,,,,,,,,,,,,,,,,,,,,,0.0,146,78
2026-27,football,Southern Athletic Association (SAA),saa,Maryville College,"Marlin,Jaden",Jaden,Marlin,,396,"Marlin,Jaden","MARLIN,JADEN",Maryville College,MAR,1027-1970,1,1,45,34,0,TE,0,0,,,,,,,,,,,,,,,,,,,,,,,,,,,,,,,,,,,,,,,,,,,,,,,,,,,,,,,,,,,,,,,,,,,,,,,,,,,,,,,,,,,,,,,,,,,,,,,,,,,,,,,,,,,,,,,,,,,,,,,,,,,,,,,,0.0,147,78
2026-27,football,Southern Athletic Association (SAA),saa,Southwestern,"Martin,Luke",Luke,Martin,,8746,"Martin,Luke","MARTIN,LUKE",Southwestern,SWU,1322-2601,1,0,12,12,0,WR,0,0,,,,,,,,,,,,,,,,,,,,,,,,,,,,,,,,,,,,,,,,,,,,,,,,,,,,,,,,,,,,,,,,,,,,,,,,,,,,,,,,,,,,,,,,,,,,,,,,,,,,,,,,,,,,,,,,,,,,,,,,,,,,,,,,0.0,148,78
2026-27,football,Southern Athletic Association (SAA),saa,Berry,Matthew Franatovich,Matthew,Franatovich,,973,Matthew Franatovich,"FRANATOVICH,MATTHEW",Berry,BERRY,838-3911,1,0,10,10,0,0,0,0,,,,,,,,,,,,,,,,,,,,,,,,,,,,,,,,,,,,,,,,,,,,,,,,,,,,,,,,,,,,,,,,,,,,,,,,,,,,,,,,,,,,,,,,,,,,,,,,,,,,,,,,,,,,,,,,,,,,,,,,,,,,,,,,0.0,149,77
2026-27,football,Southern Athletic Association (SAA),saa,Berry,McCormack Langford,McCormack,Langford,,973,McCormack Langford,"LANGFORD,MCCORMACK",Berry,BERRY,838-3120,1,1,62,62,0,OG,0,0,,,,,,,,,,,,,,,,,,,,,,,,,,,,,,,,,,,,,,,,,,,,,,,,,,,,,,,,,,,,,,,,,,,,,,,,,,,,,,,,,,,,,,,,,,,,,,,,,,,,,,,,,,,,,,,,,,,,,,,,,,,,,,,,0.0,150,77
2026-27,football,Southern Athletic Association (SAA),saa,Maryville College,"McCray,Zaire",Zaire,McCray,,396,"McCray,Zaire","MCCRAY,ZAIRE",Maryville College,MAR,1027-2495,1,0,97,8Q,0,0,DL,0,,,,,,,,,,,,,,,,,,,,,,,,,,,,,,,,,,,,,,,,,,,,,,,,,,,,,,,,,,,,,,,,,,,,,,,,,,,,,,,,,,,,,,,,,,,,,,,,,,,,,,,,,,,,,,,,,,,,,,,,,,,,,,,,0.0,151,77
2026-27,football,Southern Athletic Association (SAA),saa,Rhodes,"McDonald,Drew",Drew,McDonald,,573,"McDonald,Drew","MCDONALD,DREW",Rhodes,RHO,1390-5136,1,0,35,35,0,0,0,0,,,,,,,,,,,,,,,,,,,,,,,,,,,,,,,,,,,,,,,,,,,,,,,,,,,,,,,,,,,,,,,,,,,,,,,,,,,,,,,,,,,,,,,,1,64,0,0,64.0,,,,,,,,,,,,,,,,,,,,,,,,,,,,,,,,,,,,0.0,152,77
2026-27,football,Southern Athletic Association (SAA),saa,Maryville College,"McGlamery,Logan",Logan,McGlamery,,396,"McGlamery,Logan","MCGLAMERY,LOGAN",Maryville College,MAR,1027-2806,1,1,52,68,0,OL,0,0,,,,,,,,,,,,,,,,,,,,,,,,,,,,,,,,,,,,,,,,,,,,,,,,,,,,,,,,,,,,,,,,,,,,,,,,,,,,,,,,,,,,,,,,,,,,,,,,,,,,,,,,,,,,,,,,,,,,,,,,,,,,,,,,0.0,153,77
2026-27,football,Southern Athletic Association (SAA),saa,Millsaps,"McGown,Lance",Lance,McGown,,426,"McGown,Lance","MCGOWN,LANCE",Millsaps,MC,1282-2714,1,0,10,10,0,WR,0,0,,,,,,,,,,,,,,,,,,,,,,,,,,,,,,,,,,,,,,,,,,,,,,,,,,,,,,,,,,,,,,,,,,,,,,,,,,,,,,,,,,,,,,,,,,,,,,,,,,,,,,,,,,,,,,,,,,,,,,,,,,,,,,,,0.0,154,77
2026-27,football,Southern Athletic Association (SAA),saa,Millsaps,"McGrath,Landon",Landon,McGrath,,426,"McGrath,Landon","MCGRATH,LANDON",Millsaps,MC,1282-2928,1,0,37,37,0,0,0,0,,,,,,,,,,,,,,,,,,,,,,,,,,,,,,,,,,,,,,,,,,,,,,,,,,,,,,,,,,,,,,,,,,,,,,,,,,,,,,,,,,,,,,,,,,,,,,,,,,,,,,,,,,,,,,,,,,,,,,,,,,,,,,,,0.0,155,77
2026-27,football,Southern Athletic Association (SAA),saa,Millsaps,"Mcgaughy,Donavon",Donavon,Mcgaughy,,426,"Mcgaughy,Donavon","MCGAUGHY,DONAVON",Millsaps,MC,1282-3128,1,0,59,59,0,0,LB,0,,,,,,,,,,,,,,,,,,,,,,,,,,,,,,,,,,,,,,,,,,,,,,,,,,,,,,,,,,,,,,,,,,,,,,,,,,,,,,,,,,,,,,,,,,,,,,,,,,,,,,,,,,,,,,,,,,,,,,,,,,,,,,,,0.0,156,77
2026-27,football,Southern Athletic Association (SAA),saa,Millsaps,"Miles,Mason",Mason,Miles,,426,"Miles,Mason","MILES,MASON",Millsaps,MC,1282-2889,1,0,45,45,0,0,LB,0,,,,,,,,,,,,,,,,,,,,,,,,,,,,,,,,,,,,,,,,,,,,,,,,,,,,,,,,,,,,,,,,,,,,,,,,,,,,,,,,,,,,,,,,,,,,,,,,,,,,,,,,,,,,,,,,,,,,,,,,,,,,,,,,0.0,157,76
2026-27,football,Southern Athletic Association (SAA),saa,Sewanee,"Miller,Nathan",Nathan,Miller,,652,"Miller,Nathan","MILLER,NATHAN",Sewanee,SEW,1321-3322,1,0,5,5L,0,0,0,0,,,,,,,,,,,,,,,,,,,,,,,,,,,,,,,,,,,,,,,,,,,,,,,,,,,,,,,,,,,,,,,,,,,,,,,,,,,,,,,,,,,,,,,,,,,,,,,,,,,,,,,,,,,,,,,,,,,,,,,,,,,,,,,,0.0,158,76
2026-27,football,Southern Athletic Association (SAA),saa,Berry,Mills Morris,Mills,Morris,,973,Mills Morris,"MORRIS,MILLS",Berry,BERRY,838-3960,1,0,87,87,0,0,0,0,,,,,,,,,,,,,,,,,,0,0,0,0,1,0,0,0,0,2,2,2,,,,,,,,,,,,,,,,,,,,,,,,,,,,,,,,,,,,,,,,,,,,,,,,,,,,,,,,,,,,,,,,,,,,,0,0,1,1,0,0,0,0,0,0,0,0,,,,,,,,,,,,,,,,,,,0.0,159,76
2026-27,football,Southern Athletic Association (SAA),saa,Rhodes,"Molina,Isaiah",Isaiah,Molina,,573,"Molina,Isaiah","MOLINA,ISAIAH",Rhodes,RHO,1390-5001,1,1,77,77,0,OL,0,0,,,,,,,,,,,,,,,,,,,,,,,,,,,,,,,,,,,,,,,,,,,,,,,,,,,,,,,,,,,,,,,,,,,,,,,,,,,,,,,,,,,,,,,,,,,,,,,,,,,,,,,,,,,,,,,,,,,,,,,,,,,,,,,,0.0,160,76
2026-27,football,Southern Athletic Association (SAA),saa,Maryville College,"Moore,Colton",Colton,Moore,,396,"Moore,Colton","MOORE,COLTON",Maryville College,MAR,1027-2685,1,0,72,72,0,OL,0,0,,,,,,,,,,,,,,,,,,,,,,,,,,,,,,,,,,,,,,,,,,,,,,,,,,,,,,,,,,,,,,,,,,,,,,,,,,,,,,,,,,,,,,,,,,,,,,,,,,,,,,,,,,,,,,,,,,,,,,,,,,,,,,,,0.0,161,76
2026-27,football,Southern Athletic Association (SAA),saa,Maryville College,"Murphy,Ben",Ben,Murphy,,396,"Murphy,Ben","MURPHY,BEN",Maryville College,MAR,1027-1956,1,0,31,31,0,0,DB,0,,,,,,,,,,,,,,,,,,,,,,,,,,,,,,,,,,,,,,,,,,,,,,,,,,,,,,,,,,,,,,,,,,,,,,,,,,,,,,,,,,,,,,,,,,,,,,,,,,,,,,,,,,,,,,,,,,,,,,,,,,,,,,,,0.0,162,76
2026-27,football,Southern Athletic Association (SAA),saa,Maryville College,"Nelson,Nate",Nate,Nelson,,396,"Nelson,Nate","NELSON,NATE",Maryville College,MAR,1027-2180,1,1,57,93,0,0,DL,0,,,,,,,,,,,,,,,,,,,,,,,,,,,,,,,,,,,,,,,,,,,,,,,,,,,,,,,,,,,,,,,,,,,,,,,,,,,,,,,,,,,,,,,,,,,,,,,,,,,,,,,,,,,,,,,,,,,,,,,,,,,,,,,,0.0,163,76
2026-27,football,Southern Athletic Association (SAA),saa,Southwestern,"Olaiyamohammed,Roheem",Roheem,Olaiyamohammed,,8746,"Olaiyamohammed,Roheem","OLAIYAMOHAMMED,ROHEEM",Southwestern,SWU,1322-3212,1,0,70,70,0,OL,0,0,,,,,,,,,,,,,,,,,,,,,,,,,,,,,,,,,,,,,,,,,,,,,,,,,,,,,,,,,,,,,,,,,,,,,,,,,,,,,,,,,,,,,,,,,,,,,,,,,,,,,,,,,,,,,,,,,,,,,,,,,,,,,,,,0.0,164,76
2026-27,football,Southern Athletic Association (SAA),saa,Maryville College,"Phillips,Carmine",Carmine,Phillips,,396,"Phillips,Carmine","PHILLIPS,CARMINE",Maryville College,MAR,1027-2693,1,0,10,10,0,0,DB,0,,,,,,,,,,,,,,,,,,,,,,,,,,,,,,,,,,,,,,,,,,,,,,,,,,,,,,,,,,,,,,,,,,,,,,,,,,,,,,,,,,,,,,,,,,,,,,,,,,,,,,,,,,,,,,,,,,,,,,,,,,,,,,,,0.0,165,75
2026-27,football,Southern Athletic Association (SAA),saa,Southwestern,"Pickett,Cooper",Cooper,Pickett,,8746,"Pickett,Cooper","PICKETT,COOPER",Southwestern,SWU,1322-2610,1,1,57,57,0,OL,0,0,,,,,,,,,,,,,,,,,,,,,,,,,,,,,,,,,,,,,,,,,,,,,,,,,,,,,,,,,,,,,,,,,,,,,,,,,,,,,,,,,,,,,,,,,,,,,,,,,,,,,,,,,,,,,,,,,,,,,,,,,,,,,,,,0.0,166,75
2026-27,football,Southern Athletic Association (SAA),saa,Maryville College,"Pollock,Jake",Jake,Pollock,,396,"Pollock,Jake","POLLOCK,JAKE",Maryville College,MAR,1027-2695,1,0,40,40,0,0,0,0,,,,,,,,,,,,,,,,,,,,,,,,,,,,,,,,,,,,,,,,,,,,,,,,,,,,,,,,,,,,,,,,,,,,,,,,,,,,,,,,,,,,,,,,,,,,,,,,,,,,,,,,,,,,,,,,,,,,,,,,,,,,,,,,0.0,167,75
2026-27,football,Southern Athletic Association (SAA),saa,Millsaps,"Pompa,Jacob",Jacob,Pompa,,426,"Pompa,Jacob","POMPA,JACOB",Millsaps,MC,1282-3140,1,0,26,26,0,RB,0,0,,,,,,,,,,,,,,,,,,,,,,,,,,,,,,,,,,,,,,,,,,,,,,,,,,,,,,,,,,,,,,,,,,,,,,,,,,,,,,,,,,,,,,,,,,,,,,,,,,,,,,,,,,,,,,,,,,,,,,,,,,,,,,,,0.0,168,75
2026-27,football,Southern Athletic Association (SAA),saa,Sewanee,"Powers,Mac",Mac,Powers,,652,"Powers,Mac","POWERS,MAC",Sewanee,SEW,1321-3175,1,0,22,22,0,0,DL,0,,,,,,,,,,,,,,,,,,,,,,,,,,,,,,,,,,,,,,,,,,,,,,,,,,,,,,,,,,,,,,,,,,,,,,,,,,,,,,,,,,,,,,,,,,,,,,,,,,,,,,,,,,,,,,,,,,,,,,,,,,,,,,,,0.0,169,75
2026-27,football,Southern Athletic Association (SAA),saa,Millsaps,"Ragas,Ben",Ben,Ragas,,426,"Ragas,Ben","RAGAS,BEN",Millsaps,MC,1282-2688,1,1,69,69,0,OL,0,0,,,,,,,,,,,,,,,,,,,,,,,,,,,,,,,,,,,,,,,,,,,,,,,,,,,,,,,,,,,,,,,,,,,,,,,,,,,,,,,,,,,,,,,,,,,,,,,,,,,,,,,,,,,,,,,,,,,,,,,,,,,,,,,,0.0,170,75
2026-27,football,Southern Athletic Association (SAA),saa,Maryville College,"Rankhorn,Zach",Zach,Rankhorn,,396,"Rankhorn,Zach","RANKHORN,ZACH",Maryville College,MAR,1027-2805,1,0,41,4Z,0,0,DB,0,,,,,,,,,,,,,,,,,,,,,,,,,,,,,,,,,,,,,,,,,,,,,,,,,,,,,,,,,,,,,,,,,,,,,,,,,,,,,,,,,,,,,,,,,,,,,,,,,,,,,,,,,,,,,,,,,,,,,,,,,,,,,,,,0.0,171,75
2026-27,football,Southern Athletic Association (SAA),saa,Millsaps,"Rankins,Jamison",Jamison,Rankins,,426,"Rankins,Jamison","RANKINS,JAMISON",Millsaps,MC,1282-2479,1,1,4,4D,0,0,LB,0,,,,,,,,,,,,,,,,,,,,,,,,,,,,,,,,,,,,,,,,,,,,,,,,,,,,,,,,,,,,,,,,,,,,,,,,,,,,,,,,,,,,,,,,,,,,,,,,,,,,,,,,,,,,,,,,,,,,,,,,,,,,,,,,0.0,172,74
2026-27,football,Southern Athletic Association (SAA),saa,Millsaps,"Reed Jr.,Carl",Carl,Reed Jr.,,426,"Reed Jr.,Carl","REED JR.,CARL",Millsaps,MC,1282-3135,1,0,19,19,0,QB,0,0,,,,,,,,,,,,,,,,,,,,,,,,,,,,,,,,,,,,,,,,,,,,,,,,,,,,,,,,,,,,,,,,,,,,,,,,,,,,,,,,,,,,,,,,,,,,,,,,,,,,,,,,,,,,,,,,,,,,,,,,,,,,,,,,0.0,173,74
2026-27,football,Southern Athletic Association (SAA),saa,Maryville College,"Riddle,Will",Will,Riddle,,396,"Riddle,Will","RIDDLE,WILL",Maryville College,MAR,1027-2702,1,0,79,7W,0,OL,0,0,,,,,,,,,,,,,,,,,,,,,,,,,,,,,,,,,,,,,,,,,,,,,,,,,,,,,,,,,,,,,,,,,,,,,,,,,,,,,,,,,,,,,,,,,,,,,,,,,,,,,,,,,,,,,,,,,,,,,,,,,,,,,,,,0.0,174,74
2026-27,football,Southern Athletic Association (SAA),saa,Southwestern,"Robinson,Reid",Reid,Robinson,,8746,"Robinson,Reid","ROBINSON,REID",Southwestern,SWU,1322-2617,1,1,63,63,0,OL,0,0,,,,,,,,,,,,,,,,,,,,,,,,,,,,,,,,,,,,,,,,,,,,,,,,,,,,,,,,,,,,,,,,,,,,,,,,,,,,,,,,,,,,,,,,,,,,,,,,,,,,,,,,,,,,,,,,,,,,,,,,,,,,,,,,0.0,175,74
2026-27,football,Southern Athletic Association (SAA),saa,Maryville College,"Ross,Shaun",Shaun,Ross,,396,"Ross,Shaun","ROSS,SHAUN",Maryville College,MAR,1027-2498,1,0,50,9C,0,0,DL,0,,,,,,,,,,,,,,,,,,,,,,,,,,,,,,,,,,,,,,,,,,,,,,,,,,,,,,,,,,,,,,,,,,,,,,,,,,,,,,,,,,,,,,,,,,,,,,,,,,,,,,,,,,,,,,,,,,,,,,,,,,,,,,,,0.0,176,74
2026-27,football,Southern Athletic Association (SAA),saa,Sewanee,"Shockley,Jacob",Jacob,Shockley,,652,"Shockley,Jacob","SHOCKLEY,JACOB",Sewanee,SEW,1321-3168,1,1,50,50,0,OL,0,0,,,,,,,,,,,,,,,,,,,,,,,,,,,,,,,,,,,,,,,,,,,,,,,,,,,,,,,,,,,,,,,,,,,,,,,,,,,,,,,,,,,,,,,,,,,,,,,,,,,,,,,,,,,,,,,,,,,,,,,,,,,,,,,,0.0,177,74
2026-27,football,Southern Athletic Association (SAA),saa,Millsaps,"Sisk,Jeb",Jeb,Sisk,,426,"Sisk,Jeb","SISK,JEB",Millsaps,MC,1282-2701,1,0,70,70,0,OL,0,0,,,,,,,,,,,,,,,,,,,,,,,,,,,,,,,,,,,,,,,,,,,,,,,,,,,,,,,,,,,,,,,,,,,,,,,,,,,,,,,,,,,,,,,,,,,,,,,,,,,,,,,,,,,,,,,,,,,,,,,,,,,,,,,,0.0,178,74
2026-27,football,Southern Athletic Association (SAA),saa,Maryville College,"Swicegood,Keaton",Keaton,Swicegood,,396,"Swicegood,Keaton","SWICEGOOD,KEATON",Maryville College,MAR,1027-2709,1,0,11,1K,0,0,LB,0,,,,,,,,,,,,,,,,,,,,,,,,,,,,,,,,,,,,,,,,,,,,,,,,,,,,,,,,,,,,,,,,,,,,,,,,,,,,,,,,,,,,,,,,,,,,,,,,,,,,,,,,,,,,,,,,,,,,,,,,,,,,,,,,0.0,179,74
2026-27,football,Southern Athletic Association (SAA),saa,Millsaps,"Taylor,Kaven",Kaven,Taylor,,426,"Taylor,Kaven","TAYLOR,KAVEN",Millsaps,MC,1282-3225,1,0,81,81,0,WR,0,0,,,,,,,,,,,,,,,,,,,,,,,,,,,,,,,,,,,,,,,,,,,,,,,,,,,,,,,,,,,,,,,,,,,,,,,,,,,,,,,,,,,,,,,,,,,,,,,,,,,,,,,,,,,,,,,,,,,,,,,,,,,,,,,,0.0,180,73
2026-27,football,Southern Athletic Association (SAA),saa,Southwestern,"Templeton,Braden",Braden,Templeton,,8746,"Templeton,Braden","TEMPLETON,BRADEN",Southwestern,SWU,1322-3042,1,0,12,1B,0,0,LB,0,,,,,,,,,,,,,,,,,,,,,,,,,,,,,,,,,,,,,,,,,,,,,,,,,,,,,,,,,,,,,,,,,,,,,,,,,,,,,,,,,,,,,,,,,,,,,,,,,,,,,,,,,,,,,,,,,,,,,,,,,,,,,,,,0.0,181,73
2026-27,football,Southern Athletic Association (SAA),saa,Maryville College,"Thomas,Fischer",Fischer,Thomas,,396,"Thomas,Fischer","THOMAS,FISCHER",Maryville College,MAR,1027-2502,1,1,73,8J,0,OL,0,0,,,,,,,,,,,,,,,,,,,,,,,,,,,,,,,,,,,,,,,,,,,,,,,,,,,,,,,,,,,,,,,,,,,,,,,,,,,,,,,,,,,,,,,,,,,,,,,,,,,,,,,,,,,,,,,,,,,,,,,,,,,,,,,,0.0,182,73
2026-27,football,Southern Athletic Association (SAA),saa,Millsaps,"Touchstone,Reagan",Reagan,Touchstone,,426,"Touchstone,Reagan","TOUCHSTONE,REAGAN",Millsaps,MC,1282-2891,1,1,64,64,0,OL,0,0,,,,,,,,,,,,,,,,,,,,,,,,,,,,,,,,,,,,,,,,,,,,,,,,,,,,,,,,,,,,,,,,,,,,,,,,,,,,,,,,,,,,,,,,,,,,,,,,,,,,,,,,,,,,,,,,,,,,,,,,,,,,,,,,0.0,183,73
2026-27,football,Southern Athletic Association (SAA),saa,Berry,Trent McPherson,Trent,McPherson,,973,Trent McPherson,"MCPHERSON,TRENT",Berry,BERRY,838-3929,1,0,28,28,0,0,0,0,,,,,,,,,,,,,,,,,,,,,,,,,,,,,,,,,,,,,,,,,,,,,,,,,,,,,,,,,,,,,,,,,,,,,,,,,,,,,,,,,,,,,,,,,,,,,,,,,,,,,,,,,,,,,,,,,,,,,,,,,,,,,,,,0.0,184,73
2026-27,football,Southern Athletic Association (SAA),saa,Millsaps,"Varnado,Colin",Colin,Varnado,,426,"Varnado,Colin","VARNADO,COLIN",Millsaps,MC,1282-2711,1,0,58,58,0,OL,0,0,,,,,,,,,,,,,,,,,,,,,,,,,,,,,,,,,,,,,,,,,,,,,,,,,,,,,,,,,,,,,,,,,,,,,,,,,,,,,,,,,,,,,,,,,,,,,,,,,,,,,,,,,,,,,,,,,,,,,,,,,,,,,,,,0.0,185,73
2026-27,football,Southern Athletic Association (SAA),saa,Millsaps,"Vasiliauskas,Dyson",Dyson,Vasiliauskas,,426,"Vasiliauskas,Dyson","VASILIAUSKAS,DYSON",Millsaps,MC,1282-2885,1,0,24,2E,0,0,DB,0,,,,,,,,,,,,,,,,,,,,,,,,,,,,,,,,,,,,,,,,,,,,,,,,,,,,,,,,,,,,,,,,,,,,,,,,,,,,,,,,,,,,,,,,,,,,,,,,,,,,,,,,,,,,,,,,,,,,,,,,,,,,,,,,0.0,186,73
2026-27,football,Southern Athletic Association (SAA),saa,Millsaps,"Vaughn ll,Joel",Joel,Vaughn ll,,426,"Vaughn ll,Joel","VAUGHN LL,JOEL",Millsaps,MC,1282-2713,1,0,23,23,0,RB,0,0,,,,,,,,,,,,,,,,,,,,,,,,,,,,,,,,,,,,,,,,,,,,,,,,,,,,,,,,,,,,,,,,,,,,,,,,,,,,,,,,,,,,,,,,,,,,,,,,,,,,,,,,,,,,,,,,,,,,,,,,,,,,,,,,0.0,187,73
2026-27,football,Southern Athletic Association (SAA),saa,Centre,"Vocke,Drew",Drew,Vocke,,132,"Vocke,Drew","VOCKE,DREW",Centre,CEN,1268-3121,1,1,64,64,0,OL,0,0,,,,,,,,,,,,,,,,,,,,,,,,,,,,,,,,,,,,,,,,,,,,,,,,,,,,,,,,,,,,,,,,,,,,,,,,,,,,,,,,,,,,,,,,,,,,,,,,,,,,,,,,,,,,,,,,,,,,,,,,,,,,,,,,0.0,188,72
2026-27,football,Southern Athletic Association (SAA),saa,Sewanee,"Warnock,Parker",Parker,Warnock,,652,"Warnock,Parker","WARNOCK,PARKER",Sewanee,SEW,1321-3748,1,0,54,54,0,0,LB,0,,,,,,,,,,,,,,,,,,,,,,,,,,,,,,,,,,,,,,,,,,,,,,,,,,,,,,,,,,,,,,,,,,,,,,,,,,,,,,,,,,,,,,,,,,,,,,,,,,,,,,,,,,,,,,,,,,,,,,,,,,,,,,,,0.0,189,72
2026-27,football,Southern Athletic Association (SAA),saa,Sewanee,"Williams,Quinn",Quinn,Williams,,652,"Williams,Quinn","WILLIAMS,QUINN",Sewanee,SEW,1321-3594,1,0,66,66,0,OL,0,0,,,,,,,,,,,,,,,,,,,,,,,,,,,,,,,,,,,,,,,,,,,,,,,,,,,,,,,,,,,,,,,,,,,,,,,,,,,,,,,,,,,,,,,,,,,,,,,,,,,,,,,,,,,,,,,,,,,,,,,,,,,,,,,,0.0,190,72
2026-27,football,Southern Athletic Association (SAA),saa,Berry,Wilson Reagan,Wilson,Reagan,,973,Wilson Reagan,"REAGAN,WILSON",Berry,BERRY,838-3365,1,1,71,71,0,OT,0,0,,,,,,,,,,,,,,,,,,,,,,,,,,,,,,,,,,,,,,,,,,,,,,,,,,,,,,,,,,,,,,,,,,,,,,,,,,,,,,,,,,,,,,,,,,,,,,,,,,,,,,,,,,,,,,,,,,,,,,,,,,,,,,,,0.0,191,72
2026-27,football,Southern Athletic Association (SAA),saa,Rhodes,"Wolfe,Aiden",Aiden,Wolfe,,573,"Wolfe,Aiden","WOLFE,AIDEN",Rhodes,RHO,1390-5013,1,0,98,98,0,0,0,0,,,,,,,,,,,,,,,,,,,,,,,,,,,,,,,,,,,,,,,,,,,,,,,,,,,,,,,,,,,,,,,,,,,,,,,,,,,,,,,,,,,,,,,,,,,,,,,,,,,,,,,,,,,,,,,,,,,,,,,,,,,,,,,,0.0,192,72
2026-27,football,Southern Athletic Association (SAA),saa,Rhodes,"Woodward Jr.,Maceo",Maceo,Woodward Jr.,,573,"Woodward Jr.,Maceo","WOODWARD JR.,MACEO",Rhodes,RHO,1390-5014,1,1,8,8A,0,0,LB,0,,,,,,,,,,,,,,,,,,,,,,,,,,,,,,,,,,,,,,,,,,,,,,,,,,,,,,,,,,,,,,,,,,,,,,,,,,,,,,,,,,,,,,,,,,,,,,,,,,,,,,,,,,,,,,,,,,,,,,,,,,,,,,,,0.0,193,72
2026-27,football,Southern Athletic Association (SAA),saa,Millsaps,"Wooten,Dwight",Dwight,Wooten,,426,"Wooten,Dwight","WOOTEN,DWIGHT",Millsaps,MC,1282-2881,1,0,74,74,0,OL,0,0,,,,,,,,,,,,,,,,,,,,,,,,,,,,,,,,,,,,,,,,,,,,,,,,,,,,,,,,,,,,,,,,,,,,,,,,,,,,,,,,,,,,,,,,,,,,,,,,,,,,,,,,,,,,,,,,,,,,,,,,,,,,,,,,0.0,194,72
2026-27,football,Southern Athletic Association (SAA),saa,Maryville College,"Drewry,Skylar",Skylar,Drewry,,396,"Drewry,Skylar","DREWRY,SKYLAR",Maryville College,MAR,1027-2479,1,0,91,8K,0,0,DL,0,,,,,,,,,,,,,,,,,,,,,,,,,,,,,,,0,1,0,1,1,1.0,.0,.0,1,0,7,0,0,0,0,0,0,0,0,0,0,0,0,0,,,,,,,,,,,,,,,,,,,,,,,,,,,,,,,,,,,,,,,,,,,,,,,,,,,,,,,,,,,,,,,,,,,,,,,,,,-0.08603273587579668,195,72
2026-27,football,Southern Athletic Association (SAA),saa,Berry,Silas Risper,Silas,Risper,,973,Silas Risper,"RISPER,SILAS",Berry,BERRY,838-3367,1,0,6,6,0,0,0,0,,,2,23,0,17,11.5,,,,,,,,,,,,,,,,,,,,,,,,,,,,,,,,,,,,,,,,,,,,,,,,,,,,,,,,,,,,,,,,,,,,,,,,,,,,,,,,,,,,,,,,,,,,,,,,,,,,,,,,,,,,,,,,,,,,,,,,,-0.11558854408453989,196,71
2026-27,football,Southern Athletic Association (SAA),saa,Southwestern,"Cutrer,Reece",Reece,Cutrer,,8746,"Cutrer,Reece","CUTRER,REECE",Southwestern,SWU,1322-2816,1,1,17,17,0,WR,0,0,,,2,14,1,11,7.0,,,,,,,,,,,0,1,0,0,0,0,0,0,0,6,6,6,,0,0,0,0,0,.0,.0,.0,0,0,0,0,0,0,0,0,0,0,0,0,0,0,0,0,,,,,,,,,,,,,,,,,,,,,,,,,,,,,,,,,,,,,,,,,,,,,,,,,,,,,,,,,,,,,,,,,,,,,,,,,,-0.11766238875335311,197,71
2026-27,football,Southern Athletic Association (SAA),saa,Southwestern,"Roberson,Cam",Cam,Roberson,,8746,"Roberson,Cam","ROBERSON,CAM",Southwestern,SWU,1322-2629,1,1,8,8,0,0,DB,0,,,,,,,,,,,,,,,,,,,,,,,,,,,,,,,0,2,1,3,3,.5,.0,.0,0,1,1,0,0,0,0,0,1,0,0,0,0,0,0,0,,,,,,,,,,,,,,,,,,,,,,,,,,,,,,,,,,,,,,,,,,,,,,,,,,,,,,,,,,,,,,,,,,,,,,,,,,-0.12362634160057856,198,71
2026-27,football,Southern Athletic Association (SAA),saa,Sewanee,"Perry,Kai",Kai,Perry,,652,"Perry,Kai","PERRY,KAI",Sewanee,SEW,1321-3585,1,0,18,1H,0,0,LB,0,,,,,,,,,,,,,,,,,,,,,,,,,,,,,,,0,2,3,5,5,.0,.0,.0,0,0,0,0,0,0,0,0,0,0,0,0,0,0,0,0,,,,,,,,,,,,,,,,,,,,,,,,,,,,,,,,,,,,,,,,,,,,,,,,,,,,,,,,,,,,,,,,,,,,,,,,,,-0.1612199473253605,199,71
2026-27,football,Southern Athletic Association (SAA),saa,Sewanee,"Rish,Jack",Jack,Rish,,652,"Rish,Jack","RISH,JACK",Sewanee,SEW,1321-3171,1,1,4,4,0,0,LB,0,,,,,,,,,,,,,,,,,,,,,,,,,,,,,,,0,4,1,5,5,.0,.0,.0,0,0,0,0,0,0,0,0,0,0,0,0,0,0,0,0,,,,,,,,,,,,,,,,,,,,,,,,,,,,,,,,,,,,,,,,,,,,,,,,,,,,,,,,,,,,,,,,,,,,,,,,,,-0.1612199473253605,200,71
2026-27,football,Southern Athletic Association (SAA),saa,Millsaps,"Smith,Justin",Justin,Smith,,426,"Smith,Justin","SMITH,JUSTIN",Millsaps,MC,1282-2702,1,1,2,2X,0,0,DB,0,,,,,,,,,,,,,,,,,,,,,,,,,,,,,,,0,5,0,5,5,.0,.0,.0,0,0,0,0,0,0,0,0,0,0,0,0,0,0,0,0,,,,,,,,,,,,,,,,,,,,,,,,,,,,,,,,,,,,,,,,,,,,,,,,,,,,,,,,,,,,,,,,,,,,,,,,,,-0.1612199473253605,201,71
2026-27,football,Southern Athletic Association (SAA),saa,Maryville College,"Walker,Caden",Caden,Walker,,396,"Walker,Caden","WALKER,CADEN",Maryville College,MAR,1027-2200,1,1,6,45,0,0,LB,0,,,,,,,,,,,,,,,,,,,,,,,,,,,,,,,0,2,3,5,5,.0,.0,.0,0,0,0,0,0,0,0,0,0,0,0,0,0,0,0,0,,,,,,,,,,,,,,,,,,,,,,,,,,,,,,,,,,,,,,,,,,,,,,,,,,,,,,,,,,,,,,,,,,,,,,,,,,-0.1612199473253605,202,71
2026-27,football,Southern Athletic Association (SAA),saa,Maryville College,"Wolfenbarger,John",John,Wolfenbarger,,396,"Wolfenbarger,John","WOLFENBARGER,JOHN",Maryville College,MAR,1027-2720,1,0,9,5,0,0,DB,0,,,,,,,,,,,,,,,,,,,,,,,,,,,,,,,0,2,3,5,5,.0,.0,.0,0,0,0,0,0,0,0,0,0,0,0,0,0,0,0,0,,,,,,,,,,,,,,,,,,,,,,,,,,,,,,,,,,,,,,,,,,,,,,,,,,,,,,,,,,,,,,,,,,,,,,,,,,-0.1612199473253605,203,71
2026-27,football,Southern Athletic Association (SAA),saa,Maryville College,"Wilhite,Trey",Trey,Wilhite,,396,"Wilhite,Trey","WILHITE,TREY",Maryville College,MAR,1027-2507,1,1,4,7U,0,0,DB,0,,,,,,,,,,,,,,,,,,,,,,,,,,,,,,,0,1,1,2,2,.0,.0,.0,0,0,0,0,0,0,0,1,0,0,0,0,0,0,0,1,,,,,,,,,,,,,,,,,,,,,,,,,,,,,,,,,,,,,,,,,,,,,,,,,,,,,,,,,,,,,,,,,,,,,,,,,,-0.17398869423417074,204,70
2026-27,football,Southern Athletic Association (SAA),saa,Southwestern,"Phillips,Devan",Devan,Phillips,,8746,"Phillips,Devan","PHILLIPS,DEVAN",Southwestern,SWU,1322-2609,1,0,5,5,0,0,DB,0,,,,,,,,,,,,,,,,,,,,,,,,,,,,,,,0,2,3,5,5,.0,.0,.0,0,0,0,0,0,0,0,0,0,0,0,0,0,0,0,0,,,,,,,,,,,,,,,,,,,,,,1,0,0,0,.0,,,2,48,0,27,24.0,,,,,,,,,,,,,,,,,,,,,,,,,,,,,,,,,,,,,,,,,-0.2310946050862413,205,70
2026-27,football,Southern Athletic Association (SAA),saa,Sewanee,"Roberts,Cook",Cook,Roberts,,652,"Roberts,Cook","ROBERTS,COOK",Sewanee,SEW,1321-3714,1,0,80,80,0,0,0,0,,,,,,,,,,,,,,,,,,,,,,,,,,,,,,,,,,,,,,,,,,,,,,,,,,,,,,,,,,,,,,,,,,,,,,,,,,,,,,,,,,,,,,,,6,351,0,0,58.5,,,,,,,,,,,,,,,,,,4,146,39,0,0,1,0,1,36.5,,,,,,,,,,-0.23491059203080916,206,70
2026-27,football,Southern Athletic Association (SAA),saa,Maryville College,"Orton,Teddy",Teddy,Orton,,396,"Orton,Teddy","ORTON,TEDDY",Maryville College,MAR,1027-1957,1,1,2,2A,0,WR,0,0,,,2,10,0,12,5.0,,,,,,,,,,,,,,,,,,,,,,,,,,,,,,,,,,,,,,,,,,,,,,,,,,,,,,,,,,,,,,,,,,,,,,,,,,,,3,58,0,24,19.3,,,,,,,,,,,,,,,,,,,,,,,,,,,,,,,,,,,,,,,,,-0.24121936957621543,207,70
2026-27,football,Southern Athletic Association (SAA),saa,Southwestern,"Hargis,Alec",Alec,Hargis,,8746,"Hargis,Alec","HARGIS,ALEC",Southwestern,SWU,1322-3200,1,0,36,36,0,0,0,0,,,,,,,,,,,,,,,,,,2,0,2,0,0,0,0,0,0,8,8,8,,0,0,0,0,0,.0,.0,.0,0,0,0,0,0,0,0,0,0,0,0,0,0,0,0,0,,,,,,,,,,,,,,,,,,,,,,,,,,,,,,,,,,6,302,0,0,50.3,2,2,35,0,100.0,2,2,0,0,0,0,0,0,0,0,0,0,,,,,,,,,,,,,,,,,,,-0.2592571039500119,208,70
2026-27,football,Southern Athletic Association (SAA),saa,Millsaps,"Sinclair,Isaiah",Isaiah,Sinclair,,426,"Sinclair,Isaiah","SINCLAIR,ISAIAH",Millsaps,MC,1282-2698,1,0,9,9,0,WR,0,0,,,1,18,0,18,18.0,,,,,,,,,,,,,,,,,,,,,,,,,,,,,,,,,,,,,,,,,,,,,,,,,,,,,,,,,,,,,,,,,,,,,,,,,,,,,,,,,,,,,,,,,,,,,,,,,,,,,,,,,,,,,,,,,,,,,,,,,-0.2900430975219072,209,70
2026-27,football,Southern Athletic Association (SAA),saa,Centre,"Wasik,Brady",Brady,Wasik,,132,"Wasik,Brady","WASIK,BRADY",Centre,CEN,1268-3591,1,0,46,46,0,0,LB,0,,,,,,,,,,,,,,,,,,,,,,,,,,,,,,,,,,,,,,,,,,,,,,,,,,,,,,,,,,,,,,,,,,,,,,,,,,,,,,,,,,,2,18,0,18,9.0,,,,,,,,,,,,,,,,,,,,,,,,,,,,,,,,,,,,,,,,,-0.4008290164333637,210,70
2026-27,football,Southern Athletic Association (SAA),saa,Maryville College,"Hammack,Chuck",Chuck,Hammack,,396,"Hammack,Chuck","HAMMACK,CHUCK",Maryville College,MAR,1027-2164,1,0,13,8B,0,0,DL,0,,,,,,,,,,,,,,,,,,,,,,,,,,,,,,,0,1,1,2,2,.5,.0,.0,0,1,1,0,0,0,0,0,0,0,0,0,0,0,0,0,,,,,,,,,,,,,,,,,,,,,,,,,,,,,,,,,,,,,,,,,,,,,,,,,,,,,,,,,,,,,,,,,,,,,,,,,,-0.4009815935766724,211,69
2026-27,football,Southern Athletic Association (SAA),saa,Millsaps,"Kyer,Markell",Markell,Kyer,,426,"Kyer,Markell","KYER,MARKELL",Millsaps,MC,1282-2921,1,0,8,8D,0,0,DB,0,,,,,,,,,,,,,,,,,,,,,,,,,,,,,,,0,1,1,2,2,.5,.0,.0,0,1,0,0,0,0,0,0,0,0,0,0,0,0,0,0,,,,,,,,,,,,,,,,,,,,,,,,,,,,,,,,,,,,,,,,,,,,,,,,,,,,,,,,,,,,,,,,,,,,,,,,,,-0.4009815935766724,212,69
2026-27,football,Southern Athletic Association (SAA),saa,Centre,"Bowling,Dant",Dant,Bowling,,132,"Bowling,Dant","BOWLING,DANT",Centre,CEN,1268-2843,1,1,3,3,0,WR,0,0,,,2,14,0,8,7.0,,,,,,,,,,,,,,,,,,,,,,,,,,,,,,,,,,,,,,,,,,,,,,,,,,,,,,,,,,,,,,,,,,,,,,,,,,,,,,,,,,,,,,,,,,,,,,,,,,,,,,,,,,,,,,,,,,,,,,,,,-0.429606740271801,213,69
2026-27,football,Southern Athletic Association (SAA),saa,Millsaps,"Barron,Ben",Ben,Barron,,426,"Barron,Ben","BARRON,BEN",Millsaps,MC,1282-3204,1,0,30,30,0,0,LB,0,,,,,,,,,,,,,,,,,,,,,,,,,,,,,,,0,2,2,4,4,.0,.0,.0,0,0,0,0,0,0,0,0,0,1,0,0,0,0,0,0,,,,,,,,,,,,,,,,,,,,,,,,,,,,,,,,,,,,,,,,,,,,,,,,,,,,,,,,,,,,,,,,,,,,,,,,,,-0.4385751993014544,214,69
2026-27,football,Southern Athletic Association (SAA),saa,Centre,"Dixon,Nik",Nik,Dixon,,132,"Dixon,Nik","DIXON,NIK",Centre,CEN,1268-2855,1,1,23,23,0,0,LB,0,,,,,,,,,,,,,,,,,,,,,,,,,,,,,,,0,4,0,4,4,.0,.0,.0,0,0,0,0,0,0,0,0,0,0,0,0,0,0,0,0,,,,,,,,,,,,,,,,,,,,,,,,,,,,,,,,,,,,,,,,,,,,,,,,,,,,,,,,,,,,,,,,,,,,,,,,,,-0.4385751993014544,215,69
2026-27,football,Southern Athletic Association (SAA),saa,Sewanee,"Echols,Elijah",Elijah,Echols,,652,"Echols,Elijah","ECHOLS,ELIJAH",Sewanee,SEW,1321-3719,1,0,57,57,0,0,DL,0,,,,,,,,,,,,,,,,,,,,,,,,,,,,,,,0,3,1,4,4,.0,.0,.0,0,0,0,0,0,0,0,0,0,0,0,0,0,0,0,0,,,,,,,,,,,,,,,,,,,,,,,,,,,,,,,,,,,,,,,,,,,,,,,,,,,,,,,,,,,,,,,,,,,,,,,,,,-0.4385751993014544,216,69
2026-27,football,Southern Athletic Association (SAA),saa,Southwestern,"Greer,Jaylon",Jaylon,Greer,,8746,"Greer,Jaylon","GREER,JAYLON",Southwestern,SWU,1322-3199,1,1,13,13,0,0,DB,0,,,,,,,,,,,,,,,,,,,,,,,,,,,,,,,0,1,3,4,4,.0,.0,.0,0,0,0,0,0,0,0,0,0,0,0,0,0,0,0,0,,,,,,,,,,,,,,,,,,,,,,,,,,,,,,,,,,,,,,,,,,,,,,,,,,,,,,,,,,,,,,,,,,,,,,,,,,-0.4385751993014544,217,69
2026-27,football,Southern Athletic Association (SAA),saa,Maryville College,"Ladd,Kain",Kain,Ladd,,396,"Ladd,Kain","LADD,KAIN",Maryville College,MAR,1027-2492,1,0,36,7Q,0,0,LB,0,,,,,,,,,,,,,,,,,,,,,,,,,,,,,,,0,2,2,4,4,.0,.0,.0,0,0,0,0,0,0,0,0,0,0,0,0,0,0,0,0,,,,,,,,,,,,,,,,,,,,,,,,,,,,,,,,,,,,,,,,,,,,,,,,,,,,,,,,,,,,,,,,,,,,,,,,,,-0.4385751993014544,218,69
2026-27,football,Southern Athletic Association (SAA),saa,Berry,Liam Jeffries,Liam,Jeffries,,973,Liam Jeffries,"JEFFRIES,LIAM",Berry,BERRY,838-3118,1,1,D1,D1,0,0,LB,0,,,,,,,,,,,,,,,,,,,,,,,,,,,,,,,0,2,2,4,4,.0,.0,.0,0,0,0,0,0,0,0,0,0,0,0,0,0,0,0,0,,,,,,,,,,,,,,,,,,,,,,,,,,,,,,,,,,,,,,,,,,,,,,,,,,,,,,,,,,,,,,,,,,,,,,,,,,-0.4385751993014544,219,68
2026-27,football,Southern Athletic Association (SAA),saa,Sewanee,"Martin,Peyton",Peyton,Martin,,652,"Martin,Peyton","MARTIN,PEYTON",Sewanee,SEW,1321-3593,1,1,99,99,0,0,DL,0,,,,,,,,,,,,,,,,,,,,,,,,,,,,,,,0,2,2,4,4,.0,.0,.0,0,0,0,0,0,0,0,0,0,0,0,1,0,0,0,0,,,,,,,,,,,,,,,,,,,,,,,,,,,,,,,,,,,,,,,,,,,,,,,,,,,,,,,,,,,,,,,,,,,,,,,,,,-0.4385751993014544,220,68
2026-27,football,Southern Athletic Association (SAA),saa,Centre,"Braxton,Kemonte",Kemonte,Braxton,,132,"Braxton,Kemonte","BRAXTON,KEMONTE",Centre,CEN,1268-3334,1,0,17,1G,0,0,DB,0,,,,,,,,,,,,,,,,,,,,,,,,,,,,,,,0,1,0,1,1,.0,.0,.0,0,0,0,0,0,0,0,1,0,0,0,0,0,0,0,1,,,,,,,,,,,,,,,,,,,,,,,,,,,,,,,,,,,,,,,,,,,,,,,,,,,,,,,,,,,,,,,,,,,,,,,,,,-0.45134394621026463,221,68
2026-27,football,Southern Athletic Association (SAA),saa,Maryville College,"Mcalister,An'terius",An'terius,Mcalister,,396,"Mcalister,An'terius","MCALISTER,AN'TERIUS",Maryville College,MAR,1027-2494,1,0,0,1Z,0,0,DB,0,,,,,,,,,,,,,,,,,,,,,,,,,,,,,,,0,1,0,1,1,.0,.0,.0,0,0,0,0,0,0,0,1,0,0,0,0,0,0,0,1,,,,,,,,,,,,,,,,,,,,,,,,,,,,,,,,,,,,,,,,,,,,,,,,,,,,,,,,,,,,,,,,,,,,,,,,,,-0.45134394621026463,222,68
2026-27,football,Southern Athletic Association (SAA),saa,Rhodes,"Koerner,Felix",Felix,Koerner,,573,"Koerner,Felix","KOERNER,FELIX",Rhodes,RHO,1390-4808,1,0,7,7,0,WR,0,0,,,2,13,0,7,6.5,,,,,,,,,,,,,,,,,,,,,,,,,,,,,,,,,,,,,,,,,,,,,,,,,,,,,,,,,,,,,,,,,,,,,,,,,,,,,,,,,,,,,,,,,,,,,,,,,,,,,,,,,,,,,,,,,,,,,,,,,-0.4644976509592745,223,68
2026-27,football,Southern Athletic Association (SAA),saa,Maryville College,"Sayler,Brennon",Brennon,Sayler,,396,"Sayler,Brennon","SAYLER,BRENNON",Maryville College,MAR,1027-1974,1,0,41,41,0,0,0,0,,,,,,,,,,,,,,,,,,,,,,,,,,,,,,,,,,,,,,,,,,,,,,,,,,,,,,,,,,,,,,,,,,,,,,,,,,,,,,,,,,,,,,,,,,,,,,,,,,,,,,,,,,,,,,6,200,37,0,0,3,0,1,33.3,,,,,,,,,,-0.5124443443738417,224,68
2026-27,football,Southern Athletic Association (SAA),saa,Southwestern,"Washburn,Jacob",Jacob,Washburn,,8746,"Washburn,Jacob","WASHBURN,JACOB",Southwestern,SWU,1322-2627,1,0,85,85,0,TE,0,0,,,,,,,,,,,,,,,,,,,,,,,,,,,,,,,,,,,,,,,,,,,,,,,,,,,,,,,,,,,,,,,,,,,,,,,,,,,,,,,,,,,1,11,0,11,11.0,,,,,,,,,,,,,,,,,,,,,,,,,,,,,,,,,,,,,,,,,-0.5283655216621613,225,68
2026-27,football,Southern Athletic Association (SAA),saa,Rhodes,"Daniel,Robert",Robert,Daniel,,573,"Daniel,Robert","DANIEL,ROBERT",Rhodes,RHO,1390-4586,1,1,6,6,0,RB,0,0,,,,,,,,,,,,,,,,,,,,,,,,,,,,,,,,,,,,,,,,,,,,,,,,,,,,,,,,9,22,23,1,0,9,2.4,22.0,,,,,,,,,,,,,,,,,,,,,,,,,,,,,,,,,,,,,,,,,,,,,,,,,,,,,,,,,,,,,,,,,-0.5307459511941791,226,68
2026-27,football,Southern Athletic Association (SAA),saa,Sewanee,"Alford,Cooper",Cooper,Alford,,652,"Alford,Cooper","ALFORD,COOPER",Sewanee,SEW,1321-3163,1,1,85,85,0,TE,0,0,,,1,9,0,9,9.0,,,,,,,,,,,,,,,,,,,,,,,,,,,,,,,,,,,,,,,,,,,,,,,,,,,,,,,,,,,,,,,,,,,,,,,,,,,,,,,,,,,,,,,,,,,,,,,,,,,,,,,,,,,,,,,,,,,,,,,,,-0.6040612937091683,227,67
2026-27,football,Southern Athletic Association (SAA),saa,Sewanee,"Davidson,Zavier",Zavier,Davidson,,652,"Davidson,Zavier","DAVIDSON,ZAVIER",Sewanee,SEW,1321-3154,1,0,27,27,0,RB,0,0,,,1,9,0,9,9.0,,,,,,,,,,,,,,,,,,,,,,,,,,,,,,,,,,,,,,,,,,,,,,,,,,,,,,,,,,,,,,,,,,,,,,,,,,,,,,,,,,,,,,,,,,,,,,,,,,,,,,,,,,,,,,,,,,,,,,,,,-0.6040612937091683,228,67
2026-27,football,Southern Athletic Association (SAA),saa,Centre,"Tarter,Jakei",Jakei,Tarter,,132,"Tarter,Jakei","TARTER,JAKEI",Centre,CEN,1268-2885,1,1,83,83,0,TE,0,0,,,3,9,0,6,3.0,,,,,,,,,,,,,,,,,,,,,,,,,,,,,,,,,,,,,,,,,,,,,,,,,,,,,,,,,,,,,,,,,,,,,,,,,,,,,,,,,,,,,,,,,,,,,,,,,,,,,,,,,,,,,,,,,,,,,,,,,-0.6040612937091683,229,67
2026-27,football,Southern Athletic Association (SAA),saa,Southwestern,"Williams,Samuel",Samuel,Williams,,8746,"Williams,Samuel","WILLIAMS,SAMUEL",Southwestern,SWU,1322-3014,1,1,11,11,0,TE,0,0,,,5,37,0,21,7.4,,,,,,,,,,,,,,,,,,,,,,,,0,2,0,2,2,.0,.0,.0,0,0,0,0,0,0,0,0,0,0,0,0,0,0,0,0,,,,,,,,,,,,,,,,,,,,,,,,,,,,,,,,,,,,,,,,,,,,0,0,1,0,0,0,0,0,0,0,0,0,,,,,,,,,,,,,,,,,,,-0.6204014977135536,230,67
2026-27,football,Southern Athletic Association (SAA),saa,Southwestern,"Williams,Tycen",Tycen,Williams,,8746,"Williams,Tycen","WILLIAMS,TYCEN",Southwestern,SWU,1322-3008,1,1,2,2,0,RB,0,0,,,3,30,0,18,10.0,,,,,,,,,,,,,,,,,,,,,,,,,,,,,,,,,,,,,,,,,,,,,,,,,9,15,22,7,0,12,1.7,15.0,,,,,,,,,,,,,,,,,,,,,,,,,,,,,,,,,,,,,,,,,,,,,,,,,,,,,,,,,,,,,,,,,-0.6514119681629342,231,67
2026-27,football,Southern Athletic Association (SAA),saa,Sewanee,"Beasley,Cam",Cam,Beasley,,652,"Beasley,Cam","BEASLEY,CAM",Sewanee,SEW,1321-3301,1,1,1,1,0,QB,0,0,,,,,,,,,,,,,,,,,,0,0,0,0,1,0,0,0,0,2,2,2,,0,0,0,0,0,.0,.0,.0,0,0,0,0,0,0,0,0,0,0,0,0,0,0,0,0,,13,34,60,26,0,17,2.6,34.0,26,4,41,2,146,2,37,10,67.2,3.95,14.60,146.0,,,,,,,,,,,,,,,,,,,,,,,0,0,2,1,0,0,0,0,0,0,0,0,,,,,,,,,,,,,,,,,,,-0.6692828105118362,232,67
2026-27,football,Southern Athletic Association (SAA),saa,Berry,Bryce Kazmierczak,Bryce,Kazmierczak,,973,Bryce Kazmierczak,"KAZMIERCZAK,BRYCE",Berry,BERRY,838-3353,1,0,F2,F2,0,0,0,0,,,,,,,,,,,,,,,,,,,,,,,,,,,,,,,0,0,1,1,1,.5,.0,.0,0,1,3,0,0,0,0,0,0,0,0,0,0,0,0,0,,,,,,,,,,,,,,,,,,,,,,,,,,,,,,,,,,,,,,,,,,,,,,,,,,,,,,,,,,,,,,,,,,,,,,,,,,-0.6783368455527662,233,67
2026-27,football,Southern Athletic Association (SAA),saa,Maryville College,"Cheek,Adarian",Adarian,Cheek,,396,"Cheek,Adarian","CHEEK,ADARIAN",Maryville College,MAR,1027-1995,1,0,99,99,0,0,DL,0,,,,,,,,,,,,,,,,,,,,,,,,,,,,,,,0,0,1,1,1,.5,.0,.0,0,1,1,0,0,0,0,0,0,0,0,0,0,0,0,0,,,,,,,,,,,,,,,,,,,,,,,,,,,,,,,,,,,,,,,,,,,,,,,,,,,,,,,,,,,,,,,,,,,,,,,,,,-0.6783368455527662,234,67
2026-27,football,Southern Athletic Association (SAA),saa,Berry,Vinny Pacini,Vinny,Pacini,,973,Vinny Pacini,"PACINI,VINNY",Berry,BERRY,838-3361,1,0,D0,D0,0,0,0,0,,,,,,,,,,,,,,,,,,,,,,,,,,,,,,,0,0,1,1,1,.5,.0,.0,0,1,3,0,0,0,0,0,0,0,0,0,0,0,0,0,,,,,,,,,,,,,,,,,,,,,,,,,,,,,,,,,,,,,,,,,,,,,,,,,,,,,,,,,,,,,,,,,,,,,,,,,,-0.6783368455527662,235,66
2026-27,football,Southern Athletic Association (SAA),saa,Sewanee,"Mongogna,Joey",Joey,Mongogna,,652,"Mongogna,Joey","MONGOGNA,JOEY",Sewanee,SEW,1321-3156,1,0,14,14,0,WR,0,0,,,1,6,0,6,6.0,,,,,,,,,,,,,,,,,,,,,,,,,,,,,,,,,,,,,,,,,,,,,,,,,,,,,,,,,,,,,,,,,,,,,,,,,,,,,,,,,,,,,,,,,,,,,,,,,,,,,,,,,,,,,,,,,,,,,,,,,-0.7087340257715886,236,66
2026-27,football,Southern Athletic Association (SAA),saa,Berry,Brandon Davis,Brandon,Davis,,973,Brandon Davis,"DAVIS,BRANDON",Berry,BERRY,838-3333,1,0,02,02,0,0,0,0,,,,,,,,,,,,,,,,,,,,,,,,,,,,,,,0,2,1,3,3,.0,.0,.0,0,0,0,0,0,0,0,0,0,0,0,0,0,0,0,0,,,,,,,,,,,,,,,,,,,,,,,,,,,,,,,,,,,,,,,,,,,,,,,,,,,,,,,,,,,,,,,,,,,,,,,,,,-0.7159304512775482,237,66
2026-27,football,Southern Athletic Association (SAA),saa,Centre,"Brown,Major",Major,Brown,,132,"Brown,Major","BROWN,MAJOR",Centre,CEN,1268-3155,1,1,15,1E,0,0,LB,0,,,,,,,,,,,,,,,,,,,,,,,,,,,,,,,0,2,1,3,3,.0,.0,.0,0,0,0,0,0,0,0,0,0,0,0,0,0,0,0,0,,,,,,,,,,,,,,,,,,,,,,,,,,,,,,,,,,,,,,,,,,,,,,,,,,,,,,,,,,,,,,,,,,,,,,,,,,-0.7159304512775482,238,66
2026-27,football,Southern Athletic Association (SAA),saa,Maryville College,"Currie,Bryce",Bryce,Currie,,396,"Currie,Bryce","CURRIE,BRYCE",Maryville College,MAR,1027-1976,1,1,3,3D,0,0,LB,0,,,,,,,,,,,,,,,,,,,,,,,,,,,,,,,0,2,1,3,3,.0,.0,.0,0,0,0,0,0,0,0,0,0,0,0,0,0,0,0,0,,,,,,,,,,,,,,,,,,,,,,,,,,,,,,,,,,,,,,,,,,,,,,,,,,,,,,,,,,,,,,,,,,,,,,,,,,-0.7159304512775482,239,66
2026-27,football,Southern Athletic Association (SAA),saa,Sewanee,"Gnagy,Jaden",Jaden,Gnagy,,652,"Gnagy,Jaden","GNAGY,JADEN",Sewanee,SEW,1321-3331,1,1,59,59,0,0,DL,0,,,,,,,,,,,,,,,,,,,,,,,,,,,,,,,0,1,2,3,3,.0,.0,.0,0,0,0,0,0,0,0,0,0,0,0,0,0,0,0,0,,,,,,,,,,,,,,,,,,,,,,,,,,,,,,,,,,,,,,,,,,,,,,,,,,,,,,,,,,,,,,,,,,,,,,,,,,-0.7159304512775482,240,66
2026-27,football,Southern Athletic Association (SAA),saa,Rhodes,"Griffin,Joshua",Joshua,Griffin,,573,"Griffin,Joshua","GRIFFIN,JOSHUA",Rhodes,RHO,1390-4985,1,0,1,1K,0,0,DB,0,,,,,,,,,,,,,,,,,,,,,,,,,,,,,,,0,3,0,3,3,.0,.0,.0,0,0,0,0,0,0,0,0,0,0,0,0,0,0,0,0,,,,,,,,,,,,,,,,,,,,,,,,,,,,,,,,,,,,,,,,,,,,,,,,,,,,,,,,,,,,,,,,,,,,,,,,,,-0.7159304512775482,241,66
2026-27,football,Southern Athletic Association (SAA),saa,Maryville College,"Hall,Kylan",Kylan,Hall,,396,"Hall,Kylan","HALL,KYLAN",Maryville College,MAR,1027-2483,1,1,15,7Y,0,0,DB,0,,,,,,,,,,,,,,,,,,,,,,,,,,,,,,,0,2,1,3,3,.0,.0,.0,0,0,0,0,0,0,0,0,0,0,0,0,0,0,0,0,,,,,,,,,,,,,,,,,,,,,,,,,,,,,,,,,,,,,,,,,,,,,,,,,,,,,,,,,,,,,,,,,,,,,,,,,,-0.7159304512775482,242,65
2026-27,football,Southern Athletic Association (SAA),saa,Berry,Lucas Martin,Lucas,Martin,,973,Lucas Martin,"MARTIN,LUCAS",Berry,BERRY,838-3358,1,0,D9,D9,0,0,0,0,,,,,,,,,,,,,,,,,,,,,,,,,,,,,,,0,2,1,3,3,.0,.0,.0,0,0,0,0,0,0,0,0,0,0,0,0,0,0,0,0,,,,,,,,,,,,,,,,,,,,,,,,,,,,,,,,,,,,,,,,,,,,,,,,,,,,,,,,,,,,,,,,,,,,,,,,,,-0.7159304512775482,243,65
2026-27,football,Southern Athletic Association (SAA),saa,Rhodes,"Metz,Justin",Justin,Metz,,573,"Metz,Justin","METZ,JUSTIN",Rhodes,RHO,1390-4998,1,1,45,45,0,0,LB,0,,,,,,,,,,,,,,,,,,,,,,,,,,,,,,,0,3,0,3,3,.0,.0,.0,0,0,0,0,0,0,0,0,1,0,0,0,0,0,0,0,,,,,,,,,,,,,,,,,,,,,,,,,,,,,,,,,,,,,,,,,,,,,,,,,,,,,,,,,,,,,,,,,,,,,,,,,,-0.7159304512775482,244,65
2026-27,football,Southern Athletic Association (SAA),saa,Millsaps,"Millet,Anden",Anden,Millet,,426,"Millet,Anden","MILLET,ANDEN",Millsaps,MC,1282-3214,1,0,15,1F,0,0,DB,0,,,,,,,,,,,,,,,,,,,,,,,,,,,,,,,0,2,1,3,3,.0,.0,.0,0,0,0,0,0,0,0,0,0,0,0,0,0,0,0,0,,,,,,,,,,,,,,,,,,,,,,,,,,,,,,,,,,,,,,,,,,,,,,,,,,,,,,,,,,,,,,,,,,,,,,,,,,-0.7159304512775482,245,65
2026-27,football,Southern Athletic Association (SAA),saa,Millsaps,"Strain,Mikey",Mikey,Strain,,426,"Strain,Mikey","STRAIN,MIKEY",Millsaps,MC,1282-2704,1,1,17,1H,0,0,LB,0,,,,,,,,,,,,,,,,,,,,,,,,,,,,,,,0,0,3,3,3,.0,.0,.0,0,0,0,0,0,0,0,0,0,0,0,0,0,0,0,0,,,,,,,,,,,,,,,,,,,,,,,,,,,,,,,,,,,,,,,,,,,,,,,,,,,,,,,,,,,,,,,,,,,,,,,,,,-0.7159304512775482,246,65
2026-27,football,Southern Athletic Association (SAA),saa,Rhodes,"Strawbridge,Hollis",Hollis,Strawbridge,,573,"Strawbridge,Hollis","STRAWBRIDGE,HOLLIS",Rhodes,RHO,1390-4811,1,1,3,1C,0,0,DB,0,,,,,,,,,,,,,,,,,,,,,,,,,,,,,,,0,3,0,3,3,.0,.0,.0,0,0,0,0,0,0,0,0,0,0,0,0,0,0,0,0,,,,,,,,,,,,,,,,,,,,,,,,,,,,,,,,,,,,,,,,,,,,,,,,,,,,,,,,,,,,,,,,,,,,,,,,,,-0.7159304512775482,247,65
2026-27,football,Southern Athletic Association (SAA),saa,Maryville College,"Evans,Josiah",Josiah,Evans,,396,"Evans,Josiah","EVANS,JOSIAH",Maryville College,MAR,1027-1962,1,0,0,80,0,WR,0,0,,,2,5,0,7,2.5,,,,,,,,,,,,,,,,,,,,,,,,,,,,,,,,,,,,,,,,,,,,,,,,,,,,,,,,,,,,,,,,,,,,,,,,,,,,,,,,,,,,,,,,,,,,,,,,,,,,,,,,,,,,,,,,,,,,,,,,,-0.7436249364590621,248,65
2026-27,football,Southern Athletic Association (SAA),saa,Centre,"Johnson,Tate",Tate,Johnson,,132,"Johnson,Tate","JOHNSON,TATE",Centre,CEN,1268-2865,1,1,10,10,0,WR,0,0,,,1,5,0,5,5.0,,,,,,,,,,,,,,,,,,,,,,,,,,,,,,,,,,,,,,,,,,,,,,,,,,,,,,,,,,,,,,,,,,,,,,,,,,,,,,,,,,,,,,,,,,,,,,,,,,,,,,,,,,,,,,,,,,,,,,,,,-0.7436249364590621,249,65
2026-27,football,Southern Athletic Association (SAA),saa,Southwestern,"Martin Jr,Jonathan",Jonathan,Martin Jr,,8746,"Martin Jr,Jonathan","MARTIN JR,JONATHAN",Southwestern,SWU,1322-3225,1,1,8,08,0,WR,0,0,,,1,3,0,3,3.0,,,,,,,,,,,,,,,,,,,,,,,,,,,,,,,,,,,,,,,,,,,,,,,,,,,,,,,,,,,,,,,,,,,,,,,,,,,,,,,,,,,,,,,,,,,,,,,,,,,,,,,,,,,,,,,,,,,,,,,,,-0.813406757834009,250,64
2026-27,football,Southern Athletic Association (SAA),saa,Millsaps,"Carver,W.H.",W.H.,Carver,,426,"Carver,W.H.","CARVER,W.H.",Millsaps,MC,1282-2650,1,1,21,2B,0,0,DB,0,,,,,,,,,,,,,,,,,,,,,,,,,,,,,,,0,0,1,1,1,.0,.0,.0,0,0,0,0,0,0,0,1,0,0,0,0,0,0,0,1,,,,,,,,,,,,,,,,,,,,,,,,,,,,,1,19,0,19,19.0,,,,,,,,,,,,,,,,,,,,,,,,,,,,,,,,,,,,,,,,,-0.8339534618966573,251,64
2026-27,football,Southern Athletic Association (SAA),saa,Millsaps,"Elliott,Willie",Willie,Elliott,,426,"Elliott,Willie","ELLIOTT,WILLIE",Millsaps,MC,1282-2526,1,1,14,14,0,WR,0,0,,,1,2,0,2,2.0,,,,,,,,,,,,,,,,,,,,,,,,,,,,,,,,,,,,,,,,,,,,,,,,,,,,,,,,,,,,,,,,,,,,,,,,,,,,,,,,,,,,,,,,,,,,,,,,,,,,,,,,,,,,,,,,,,,,,,,,,-0.8482976685214825,252,64
2026-27,football,Southern Athletic Association (SAA),saa,Rhodes,"Haas,Taylor",Taylor,Haas,,573,"Haas,Taylor","HAAS,TAYLOR",Rhodes,RHO,1390-4568,1,1,8,8,0,QB,0,0,,,,,,,,,,,,,,,,,,,,,,,,,,,,,,,,,,,,,,,,,,,,,,,,,,,,,,,,,,,,,,,,0,0,28,0,108,1,26,11,69.5,4.15,9.82,108.0,,,,,,,,,,,,,,,,,,,,,,,,,,,,,,,,,,,,,,,,,,,,,,,,,,,,,-0.8584728013055294,253,64
2026-27,football,Southern Athletic Association (SAA),saa,Berry,Devin Gale,Devin,Gale,,973,Devin Gale,"GALE,DEVIN",Berry,BERRY,838-3593,1,0,24,24,0,0,0,0,,,,,,,,,,,,,,,,,,,,,,,,,,,,,,,,,,,,,,,,,,,,,,,,,,,,,,,,3,12,12,0,0,9,4.0,12.0,,,,,,,,,,,,,,,,,,,,,,,,,,,,,,,,,,,,,,,,,,,,,,,,,,,,,,,,,,,,,,,,,-0.8869085907606497,254,64
2026-27,football,Southern Athletic Association (SAA),saa,Southwestern,"Jammer,Seth",Seth,Jammer,,8746,"Jammer,Seth","JAMMER,SETH",Southwestern,SWU,1322-3017,1,1,6,06,0,0,DB,0,,,,,,,,,,,,,,,,,,,,,,,,,,,,,,,0,1,0,1,1,.0,.0,.0,0,0,0,0,0,0,0,0,0,0,0,0,1,0,0,0,,,,,,,,,,,,,,,,,,,,,,,,,,,0,0,,,,,,,,,,,,,,,,,,,,,,,,,,,,,,,,,,,,,,,,,,,,,,-0.9176319119810047,255,64
2026-27,football,Southern Athletic Association (SAA),saa,Sewanee,"Jones,Cooper",Cooper,Jones,,652,"Jones,Cooper","JONES,COOPER",Sewanee,SEW,1321-3732,1,0,30,30,0,0,LB,0,,,,,,,,,,,,,,,,,,,,,,,,,,,,,,,0,0,1,1,1,.0,.0,.0,0,0,0,0,0,0,0,0,0,0,0,0,1,0,0,0,,,,,,,,,,,,,,,,,,,,,,,,,,,0,0,,,,,,,,,,,,,,,,,,,,,,,,,,,,,,,,,,,,,,,,,,,,,,-0.9176319119810047,256,64
2026-27,football,Southern Athletic Association (SAA),saa,Sewanee,"Dobbs,Brett",Brett,Dobbs,,652,"Dobbs,Brett","DOBBS,BRETT",Sewanee,SEW,1321-3578,1,0,2,2,0,TE,0,0,,,0,0,0,0,.0,,,,,,,,,,,,,,,,,,,,,,,,,,,,,,,,,,,,,,,,,,,,,,,,,,,,,,,,,,,,,,,,,,,,,,,,,,,,,,,,,,,,,,,,,,,,,,,,,,,,,,,,,,,,,,,,,,,,,,,,,-0.9180794898964293,257,64
2026-27,football,Southern Athletic Association (SAA),saa,Sewanee,"Reed,Brennan",Brennan,Reed,,652,"Reed,Brennan","REED,BRENNAN",Sewanee,SEW,1321-3577,1,1,5,5W,0,WR,0,0,,,0,0,0,0,.0,,,,,,,,,,,,,,,,,,,,,,,,,,,,,,,,,,,,,,,,,,,,,,,,,,,,,,,,,,,,,,,,,,,,,,,,,,,,,,,,,,,,,,,,,,,,,,,,,,,,,,,,,,,,,,,,,,,,,,,,,-0.9180794898964293,258,63
2026-27,football,Southern Athletic Association (SAA),saa,Maryville College,"Richardson,Zae",Zae,Richardson,,396,"Richardson,Zae","RICHARDSON,ZAE",Maryville College,MAR,1027-1649,1,1,4,4,0,WR,0,0,,,0,0,0,0,.0,,,,,,,,,,,,,,,,,,,,,,,,,,,,,,,,,,,,,,,,,,,,,,,,,,,,,,,,,,,,,,,,,,,,,,,,,,,,,,,,,,,,,,,,,,,,,,,,,,,,,,,,,,,,,,,,,,,,,,,,,-0.9180794898964293,259,63
2026-27,football,Southern Athletic Association (SAA),saa,Centre,"Sasser,Luke",Luke,Sasser,,132,"Sasser,Luke","SASSER,LUKE",Centre,CEN,1268-3128,1,0,86,86,0,WR,0,0,,,0,0,0,0,.0,,,,,,,,,,,,,,,,,,,,,,,,,,,,,,,,,,,,,,,,,,,,,,,,,,,,,,,,,,,,,,,,,,,,,,,,,,,,,,,,,,,,,,,,,,,,,,,,,,,,,,,,,,,,,,,,,,,,,,,,,-0.9180794898964293,260,63
2026-27,football,Southern Athletic Association (SAA),saa,Centre,"Taul-Williams,Tykeem",Tykeem,Taul-Williams,,132,"Taul-Williams,Tykeem","TAUL-WILLIAMS,TYKEEM",Centre,CEN,1268-3364,1,0,88,88,0,WR,0,0,,,0,0,0,0,.0,,,,,,,,,,,,,,,,,,,,,,,,,,,,,,,,,,,,,,,,,,,,,,,,,,,,,,,,,,,,,,,,,,,,,,,,,,,,,,,,,,,,,,,,,,,,,,,,,,,,,,,,,,,,,,,,,,,,,,,,,-0.9180794898964293,261,63
2026-27,football,Southern Athletic Association (SAA),saa,Rhodes,"Welker,Calvin",Calvin,Welker,,573,"Welker,Calvin","WELKER,CALVIN",Rhodes,RHO,1390-5010,1,0,17,17,0,WR,0,0,,,0,0,0,0,.0,,,,,,,,,,,,,,,,,,,,,,,,,,,,,,,,,,,,,,,,,,,,,,,,,,,,,,,,,,,,,,,,,,,,,,,,,,,,,,,,,,,,,,,,,,,,,,,,,,,,,,,,,,,,,,,,,,,,,,,,,-0.9180794898964293,262,63
2026-27,football,Southern Athletic Association (SAA),saa,Maryville College,"Whaley,Dewey",Dewey,Whaley,,396,"Whaley,Dewey","WHALEY,DEWEY",Maryville College,MAR,1027-2203,1,0,15,1E,0,WR,0,0,,,0,0,0,0,.0,,,,,,,,,,,,,,,,,,,,,,,,,,,,,,,,,,,,,,,,,,,,,,,,,,,,,,,,,,,,,,,,,,,,,,,,,,,,,,,,,,,,,,,,,,,,,,,,,,,,,,,,,,,,,,,,,,,,,,,,,-0.9180794898964293,263,63
2026-27,football,Southern Athletic Association (SAA),saa,Rhodes,"Wright,Thomas",Thomas,Wright,,573,"Wright,Thomas","WRIGHT,THOMAS",Rhodes,RHO,1390-4823,1,0,84,84,0,WR,0,0,,,0,0,0,0,.0,,,,,,,,,,,,,,,,,,,,,,,,,,,,,,,,,,,,,,,,,,,,,,,,,,,,,,,,,,,,,,,,,,,,,,,,,,,,,,,,,,,,,,,,,,,,,,,,,,,,,,,,,,,,,,,,,,,,,,,,,-0.9180794898964293,264,63
2026-27,football,Southern Athletic Association (SAA),saa,Southwestern,"Murray,Christian",Christian,Murray,,8746,"Murray,Christian","MURRAY,CHRISTIAN",Southwestern,SWU,1322-3023,1,0,1,01,0,RB,0,0,,,1,2,0,2,2.0,,,,,,,,,,,,,,,,,,,,,,,,,,,,,,,,,,,,,,,,,,,,,,,,,,,,,,,,,,,,,,,,,,,,,,,,,,,,2,35,0,20,17.5,,,,,,,,,,,,,,,,,,,,,,,,,,,,,,,,,,,,,,,,,-0.9393951722563378,265,63
2026-27,football,Southern Athletic Association (SAA),saa,Centre,"Barker,Caden",Caden,Barker,,132,"Barker,Caden","BARKER,CADEN",Centre,CEN,1268-3558,1,0,81,81,0,WR,0,0,,,0,0,0,0,.0,,,,,,,,,,,,,,,,,,,,,,,,,,,,,,,,,,,,,,,,,,,,,,,,,,,,,,,,,,,,,,,,,,,,,1,13,0,13,13.0,,,,,,,,,,,,,,,,,,,,,,,,,,,,,,,,,,,,,,,,,,,,,,,,-0.977976896489943,266,62
2026-27,football,Southern Athletic Association (SAA),saa,Maryville College,"Aldridge,Gaven",Gaven,Aldridge,,396,"Aldridge,Gaven","ALDRIDGE,GAVEN",Maryville College,MAR,1027-2141,1,0,16,16,0,0,DL,0,,,,,,,,,,,,,,,,,,,,,,,,,,,,,,,0,1,1,2,2,.0,.0,.0,0,0,0,0,0,0,0,0,0,0,0,0,0,0,0,0,,,,,,,,,,,,,,,,,,,,,,,,,,,,,,,,,,,,,,,,,,,,,,,,,,,,,,,,,,,,,,,,,,,,,,,,,,-0.9932857032536421,267,62
2026-27,football,Southern Athletic Association (SAA),saa,Rhodes,"Alexander,Jordan",Jordan,Alexander,,573,"Alexander,Jordan","ALEXANDER,JORDAN",Rhodes,RHO,1390-4965,1,0,11,1A,0,0,DB,0,,,,,,,,,,,,,,,,,,,,,,,,,,,,,,,0,2,0,2,2,.0,.0,.0,0,0,0,0,0,0,0,0,0,0,0,0,0,0,0,0,,,,,,,,,,,,,,,,,,,,,,,,,,,,,,,,,,,,,,,,,,,,,,,,,,,,,,,,,,,,,,,,,,,,,,,,,,-0.9932857032536421,268,62
2026-27,football,Southern Athletic Association (SAA),saa,Rhodes,"Barnes,Hayden",Hayden,Barnes,,573,"Barnes,Hayden","BARNES,HAYDEN",Rhodes,RHO,1390-4971,1,0,39,39,0,0,DL,0,,,,,,,,,,,,,,,,,,,,,,,,,,,,,,,0,1,1,2,2,.0,.0,.0,0,0,0,0,0,0,0,0,0,0,0,0,0,0,0,0,,,,,,,,,,,,,,,,,,,,,,,,,,,,,,,,,,,,,,,,,,,,,,,,,,,,,,,,,,,,,,,,,,,,,,,,,,-0.9932857032536421,269,62
2026-27,football,Southern Athletic Association (SAA),saa,Rhodes,"Brock,Oscar",Oscar,Brock,,573,"Brock,Oscar","BROCK,OSCAR",Rhodes,RHO,1390-4975,1,0,58,58,0,0,DL,0,,,,,,,,,,,,,,,,,,,,,,,,,,,,,,,0,1,1,2,2,.0,.0,.0,0,0,0,0,0,0,0,0,0,0,0,0,0,0,0,0,,,,,,,,,,,,,,,,,,,,,,,,,,,,,,,,,,,,,,,,,,,,,,,,,,,,,,,,,,,,,,,,,,,,,,,,,,-0.9932857032536421,270,62
2026-27,football,Southern Athletic Association (SAA),saa,Maryville College,"Clennon,P.J.",P.J.,Clennon,,396,"Clennon,P.J.","CLENNON,P.J.",Maryville College,MAR,1027-2448,1,1,44,9M,0,0,LB,0,,,,,,,,,,,,,,,,,,,,,,,,,,,,,,,0,1,1,2,2,.0,.0,.0,0,0,0,0,0,0,0,0,0,0,0,0,0,0,0,0,,,,,,,,,,,,,,,,,,,,,,,,,,,,,,,,,,,,,,,,,,,,,,,,,,,,,,,,,,,,,,,,,,,,,,,,,,-0.9932857032536421,271,62
2026-27,football,Southern Athletic Association (SAA),saa,Centre,"Cole,Luke",Luke,Cole,,132,"Cole,Luke","COLE,LUKE",Centre,CEN,1268-3151,1,0,36,36,0,0,DE,0,,,,,,,,,,,,,,,,,,,,,,,,,,,,,,,0,2,0,2,2,.0,.0,.0,0,0,0,0,0,0,0,0,0,0,0,0,0,0,0,0,,,,,,,,,,,,,,,,,,,,,,,,,,,,,,,,,,,,,,,,,,,,,,,,,,,,,,,,,,,,,,,,,,,,,,,,,,-0.9932857032536421,272,62
2026-27,football,Southern Athletic Association (SAA),saa,Sewanee,"Foster,Will",Will,Foster,,652,"Foster,Will","FOSTER,WILL",Sewanee,SEW,1321-3321,1,0,35,35,0,0,LB,0,,,,,,,,,,,,,,,,,,,,,,,,,,,,,,,0,2,0,2,2,.0,.0,.0,0,0,0,0,0,0,0,0,0,0,0,0,0,0,0,0,,,,,,,,,,,,,,,,,,,,,,,,,,,,,,,,,,,,,,,,,,,,,,,,,,,,,,,,,,,,,,,,,,,,,,,,,,-0.9932857032536421,273,61
2026-27,football,Southern Athletic Association (SAA),saa,Centre,"Gillespie,Corvin",Corvin,Gillespie,,132,"Gillespie,Corvin","GILLESPIE,CORVIN",Centre,CEN,1268-3147,1,0,32,32,0,0,LB,0,,,,,,,,,,,,,,,,,,,,,,,,,,,,,,,0,1,1,2,2,.0,.0,.0,0,0,0,0,0,0,0,0,0,0,0,0,0,0,0,0,,,,,,,,,,,,,,,,,,,,,,,,,,,,,,,,,,,,,,,,,,,,,,,,,,,,,,,,,,,,,,,,,,,,,,,,,,-0.9932857032536421,274,61
2026-27,football,Southern Athletic Association (SAA),saa,Rhodes,"Gourley,Kendrick",Kendrick,Gourley,,573,"Gourley,Kendrick","GOURLEY,KENDRICK",Rhodes,RHO,1390-5144,1,0,42,42,0,0,LB,0,,,,,,,,,,,,,,,,,,,,,,,,,,,,,,,0,1,1,2,2,.0,.0,.0,0,0,0,0,0,0,0,0,0,0,0,0,0,0,0,0,,,,,,,,,,,,,,,,,,,,,,,,,,,,,,,,,,,,,,,,,,,,,,,,,,,,,,,,,,,,,,,,,,,,,,,,,,-0.9932857032536421,275,61
2026-27,football,Southern Athletic Association (SAA),saa,Centre,"Kern,Matthew",Matthew,Kern,,132,"Kern,Matthew","KERN,MATTHEW",Centre,CEN,1268-3354,1,0,26,2F,0,0,DB,0,,,,,,,,,,,,,,,,,,,,,,,,,,,,,,,0,2,0,2,2,.0,.0,.0,0,0,0,0,0,0,0,0,0,0,0,0,0,0,0,0,,,,,,,,,,,,,,,,,,,,,,,,,,,,,,,,,,,,,,,,,,,,,,,,,,,,,,,,,,,,,,,,,,,,,,,,,,-0.9932857032536421,276,61
2026-27,football,Southern Athletic Association (SAA),saa,Millsaps,"McCoy,Christian",Christian,McCoy,,426,"McCoy,Christian","MCCOY,CHRISTIAN",Millsaps,MC,1282-2545,1,0,7,7D,0,0,DB,0,,,,,,,,,,,,,,,,,,,,,,,,,,,,,,,0,0,2,2,2,.0,.0,.0,0,0,0,0,0,0,0,0,0,0,0,0,0,0,0,0,,,,,,,,,,,,,,,,,,,,,,,,,,,,,,,,,,,,,,,,,,,,,,,,,,,,,,,,,,,,,,,,,,,,,,,,,,-0.9932857032536421,277,61
2026-27,football,Southern Athletic Association (SAA),saa,Rhodes,"Potts,Christian",Christian,Potts,,573,"Potts,Christian","POTTS,CHRISTIAN",Rhodes,RHO,1390-4803,1,1,19,1R,0,0,LB,0,,,,,,,,,,,,,,,,,,,,,,,,,,,,,,,0,2,0,2,2,.0,.0,.0,0,0,0,0,0,0,0,0,0,2,0,0,0,0,0,0,,,,,,,,,,,,,,,,,,,,,,,,,,,,,,,,,,,,,,,,,,,,,,,,,,,,,,,,,,,,,,,,,,,,,,,,,,-0.9932857032536421,278,61
2026-27,football,Southern Athletic Association (SAA),saa,Southwestern,"Prince,Gavin",Gavin,Prince,,8746,"Prince,Gavin","PRINCE,GAVIN",Southwestern,SWU,1322-3067,1,1,9,9,0,0,DL,0,,,,,,,,,,,,,,,,,,,,,,,,,,,,,,,0,0,2,2,2,.0,.0,.0,0,0,0,0,0,0,0,0,0,0,0,0,0,0,0,0,,,,,,,,,,,,,,,,,,,,,,,,,,,,,,,,,,,,,,,,,,,,,,,,,,,,,,,,,,,,,,,,,,,,,,,,,,-0.9932857032536421,279,61
2026-27,football,Southern Athletic Association (SAA),saa,Maryville College,"Relthford,Aiden",Aiden,Relthford,,396,"Relthford,Aiden","RELTHFORD,AIDEN",Maryville College,MAR,1027-2184,1,1,8,3G,0,0,DB,0,,,,,,,,,,,,,,,,,,,,,,,,,,,,,,,0,1,1,2,2,.0,.0,.0,0,0,0,0,0,0,0,0,0,0,0,0,0,0,0,0,,,,,,,,,,,,,,,,,,,,,,,,,,,,,,,,,,,,,,,,,,,,,,,,,,,,,,,,,,,,,,,,,,,,,,,,,,-0.9932857032536421,280,61
2026-27,football,Southern Athletic Association (SAA),saa,Millsaps,"Ross,Keiron",Keiron,Ross,,426,"Ross,Keiron","ROSS,KEIRON",Millsaps,MC,1282-2873,1,0,6,6D,0,0,DB,0,,,,,,,,,,,,,,,,,,,,,,,,,,,,,,,0,2,0,2,2,.0,.0,.0,0,0,0,0,0,0,0,0,0,0,0,0,0,0,0,0,,,,,,,,,,,,,,,,,,,,,,,,,,,,,,,,,,,,,,,,,,,,,,,,,,,,,,,,,,,,,,,,,,,,,,,,,,-0.9932857032536421,281,60
2026-27,football,Southern Athletic Association (SAA),saa,Berry,Sammy Kunczewski,Sammy,Kunczewski,,973,Sammy Kunczewski,"KUNCZEWSKI,SAMMY",Berry,BERRY,838-3617,1,0,04,04,0,0,0,0,,,,,,,,,,,,,,,,,,,,,,,,,,,,,,,0,1,1,2,2,.0,.0,.0,0,0,0,0,0,0,0,0,0,0,0,0,0,0,0,0,,,,,,,,,,,,,,,,,,,,,,,,,,,,,,,,,,,,,,,,,,,,,,,,,,,,,,,,,,,,,,,,,,,,,,,,,,-0.9932857032536421,282,60
2026-27,football,Southern Athletic Association (SAA),saa,Rhodes,"Perkins,Caden",Caden,Perkins,,573,"Perkins,Caden","PERKINS,CADEN",Rhodes,RHO,1390-4801,1,0,3,3A,0,RB,0,0,,,,,,,,,,,,,,,,,,,,,,,,,,,,,,,,,,,,,,,,,,,,,,,,,,,,,,,,3,9,9,0,0,4,3.0,9.0,,,,,,,,,,,,,,,,,,,,,,,,,,,,,,,,,,,,,,,,,,,,,,,,,,,,,,,,,,,,,,,,,-0.9937573826305908,283,60
2026-27,football,Southern Athletic Association (SAA),saa,Millsaps,"Babin,Connor",Connor,Babin,,426,"Babin,Connor","BABIN,CONNOR",Millsaps,MC,1282-2642,1,0,18,18,0,0,0,0,,,,,,,,,,,,,,,,,,3,0,1,0,0,0,0,0,0,6,6,6,,0,0,0,0,0,.0,.0,.0,0,0,0,0,0,0,0,0,0,0,0,0,0,0,0,0,,,,,,,,,,,,,,,,,,,,,,,,,,,,,,,,,,7,420,0,4,60.0,1,1,48,0,100.0,5,3,0,0,0,0,0,0,0,0,0,0,,,,,,,,,,,,,,,,,,,-1.0610408296872849,284,60
2026-27,football,Southern Athletic Association (SAA),saa,Sewanee,"Dorsey,Levi",Levi,Dorsey,,652,"Dorsey,Levi","DORSEY,LEVI",Sewanee,SEW,1321-3586,1,0,43,43,0,0,0,0,,,,,,,,,,,,,,,,,,2,0,1,0,0,0,0,0,0,5,5,5,,0,0,0,0,0,.0,.0,.0,0,0,0,0,0,0,0,0,0,0,0,0,0,0,0,0,,,,,,,,,,,,,,,,,,,,,,,,,,,,,,,,,,,,,,,1,1,24,0,100.0,3,2,0,0,0,0,0,0,0,0,0,0,,,,,,,,,,,,,,,,,,,-1.0610408296872849,285,60
2026-27,football,Southern Athletic Association (SAA),saa,Sewanee,"Garden,Trevon",Trevon,Garden,,652,"Garden,Trevon","GARDEN,TREVON",Sewanee,SEW,1321-3596,1,0,11,11,0,WR,0,0,,,1,10,0,10,10.0,,,,,,,,,,,,,,,,,,,,,,,,,,,,,,,,,,,,,,,,,,,,,,,,,0,22,22,0,0,22,.0,22.0,,,,,,,,,,,,,,,,,,,,,,,,,,,,,,,,,,,,,,,,,,,,,,,,,,,,,,,,,,,,,,,,,-1.099916334215874,286,60
2026-27,football,Southern Athletic Association (SAA),saa,Millsaps,"Johnson,Sean",Sean,Johnson,,426,"Johnson,Sean","JOHNSON,SEAN",Millsaps,MC,1282-3236,1,1,0,0,0,WR,0,0,,,4,31,0,11,7.8,,,,,,,,,,,,,,,,,,,,,,,,0,1,0,1,1,.0,.0,.0,0,0,0,0,0,0,0,0,0,0,0,0,0,0,0,0,,,,,,,,,,,,,,,,,,,,,,,,,,,,,,,,,,,,,,,,,,,,,,,,,,,,,,,,,,,,,,,,,,,,,,,,,,-1.1071022138144881,287,60
2026-27,football,Southern Athletic Association (SAA),saa,Southwestern,"Hill,Austin",Austin,Hill,,8746,"Hill,Austin","HILL,AUSTIN",Southwestern,SWU,1322-2800,1,0,29,29,0,0,0,0,,,,,,,,,,,,,,,,,,,,,,,,,,,,,,,,,,,,,,,,,,,,,,,,,,,,,,,,,,,,,,,,,,,,,,,,,,,,,,,,,,,,,,,,,,,,,,,,,,,,,,,,,,,,,,7,218,49,0,0,0,0,0,31.1,,,,,,,,,,-1.107393987542414,288,60
2026-27,football,Southern Athletic Association (SAA),saa,Berry,David Ortiz-Ramirez,David,Ortiz-Ramirez,,973,David Ortiz-Ramirez,"ORTIZ-RAMIREZ,DAVID",Berry,BERRY,838-3655,1,0,21,21,0,0,0,0,,,,,,,,,,,,,,,,,,,,,,,,,,,,,,,,,,,,,,,,,,,,,,,,,,,,,,,,1,5,5,0,0,5,5.0,5.0,,,,,,,,,,,,,,,,,,,,,,,,,,,,,,,,,,,,,,,,,,,,,,,,,,,,,,,,,,,,,,,,,-1.136222438457179,289,59
2026-27,football,Southern Athletic Association (SAA),saa,Centre,"Hunter,Giaonni",Giaonni,Hunter,,132,"Hunter,Giaonni","HUNTER,GIAONNI",Centre,CEN,1268-3350,1,0,5,5,0,RB,0,0,,,1,13,0,13,13.0,,,,,,,,,,,,,,,,,,,,,,,,,,,,,,,,,,,,,,,,,,,,,,,,,5,18,18,0,0,8,3.6,18.0,,,,,,,,,,,,,,,,,,,,,,,,,,,,,,,,,,,,,,,,,,,,,,,,,,,,,,,,,,,,,,,,,-1.1377086579800417,290,59
2026-27,football,Southern Athletic Association (SAA),saa,Rhodes,"Hampton,Jonathan",Jonathan,Hampton,,573,"Hampton,Jonathan","HAMPTON,JONATHAN",Rhodes,RHO,1390-4988,1,0,2,2,0,RB,0,0,,,,,,,,,,,,,,,,,,,,,,,,,,,,,,,,,,,,,,,,,,,,,,,,,,,,,,,,6,13,15,2,0,8,2.2,13.0,,,,,,,,,,,,,,,,,,,,2,22,0,17,11.0,,,,,,,,,,,,,,,,,,,,,,,,,,,,,,,,,,,,,,,,,-1.179243340249482,291,59
2026-27,football,Southern Athletic Association (SAA),saa,Southwestern,"Fuqua,Stephen",Stephen,Fuqua,,8746,"Fuqua,Stephen","FUQUA,STEPHEN",Southwestern,SWU,1322-3028,1,0,2,02,0,0,DB,0,,,,,,,,,,,,,,,,,,0,1,0,0,0,0,0,0,0,6,6,6,,0,0,0,0,0,.0,.0,.0,0,0,0,0,0,0,0,0,0,0,0,0,1,0,0,0,,,,,,,,,,,,,,,,,,,,,,,,,,,0,0,,,,,,,,,,,,,,,,,,,,,,,,,,,,,,,,,,,,,1,0,1,0,,,,,,-1.1949871639570988,292,59
2026-27,football,Southern Athletic Association (SAA),saa,Maryville College,"Hensley,Luke",Luke,Hensley,,396,"Hensley,Luke","HENSLEY,LUKE",Maryville College,MAR,1027-2101,1,0,6,24,0,WR,0,0,,,2,1,0,3,.5,,,,,,,,,,,,,,,,,,,,,,,,,,,,,,,,,,,,,,,,,,,,,,,,,,,,,,,,,,,,,,,,,,,,,2,12,0,9,6.0,,,1,26,0,26,26.0,,,,,,,,,,,,,,,,,,,,,,,,,,,,,,,,,,,,,,,,,-1.2101384775787676,293,59
2026-27,football,Southern Athletic Association (SAA),saa,Rhodes,"Meadows,Cayson",Cayson,Meadows,,573,"Meadows,Cayson","MEADOWS,CAYSON",Rhodes,RHO,1390-5139,1,0,32,32,0,RB,0,0,,,,,,,,,,,,,,,,,,,,,,,,,,,,,,,,,,,,,,,,,,,,,,,,,,,,,,,,2,2,5,3,0,5,1.0,2.0,,,,,,,,,,,,,,,,,,,,,,,,,,,,,,,,,,,,,,,,,,,,,,,,,,,,,,,,,,,,,,,,,-1.24307123032712,294,59
2026-27,football,Southern Athletic Association (SAA),saa,Centre,"Carson,Jake",Jake,Carson,,132,"Carson,Jake","CARSON,JAKE",Centre,CEN,1268-2849,1,0,13,13,0,QB,0,0,,,,,,,,,,,,,,,,,,,,,,,,,,,,,,,,,,,,,,,,,,,,,,,,,,,,,,,,,,,,,,,,0,0,0,0,-1,0,1,1,91.6,-1.00,-1.00,-1.0,,,,,,,,,,,,,,,,,,,,,,,,,,,,,,,,,,,,,,,,,,,,,,,,,,,,,-1.24813957604428,295,59
2026-27,football,Southern Athletic Association (SAA),saa,Sewanee,"Barber,Buck",Buck,Barber,,652,"Barber,Buck","BARBER,BUCK",Sewanee,SEW,1321-3580,1,1,44,44,0,0,DL,0,,,,,,,,,,,,,,,,,,,,,,,,,,,,,,,0,1,0,1,1,.0,.0,.0,0,0,0,0,0,0,0,0,0,0,0,0,0,0,0,0,,,,,,,,,,,,,,,,,,,,,,,,,,,,,,,,,,,,,,,,,,,,,,,,,,,,,,,,,,,,,,,,,,,,,,,,,,-1.270640955229736,296,59
2026-27,football,Southern Athletic Association (SAA),saa,Berry,Ben Brookshire,Ben,Brookshire,,973,Ben Brookshire,"BROOKSHIRE,BEN",Berry,BERRY,838-3104,1,1,N2,N2,0,0,DL,0,,,,,,,,,,,,,,,,,,,,,,,,,,,,,,,0,1,0,1,1,.0,.0,.0,0,0,0,0,0,0,0,0,0,0,0,0,0,0,0,0,,,,,,,,,,,,,,,,,,,,,,,,,,,,,,,,,,,,,,,,,,,,,,,,,,,,,,,,,,,,,,,,,,,,,,,,,,-1.270640955229736,297,58
2026-27,football,Southern Athletic Association (SAA),saa,Rhodes,"Bobo,Alex",Alex,Bobo,,573,"Bobo,Alex","BOBO,ALEX",Rhodes,RHO,1390-5150,1,0,86,86,0,WR,0,0,,,,,,,,,,,,,,,,,,,,,,,,,,,,,,,0,1,0,1,1,.0,.0,.0,0,0,0,0,0,0,0,0,0,0,0,0,0,0,0,0,,,,,,,,,,,,,,,,,,,,,,,,,,,,,,,,,,,,,,,,,,,,,,,,,,,,,,,,,,,,,,,,,,,,,,,,,,-1.270640955229736,298,58
2026-27,football,Southern Athletic Association (SAA),saa,Centre,"Byrd,Drake",Drake,Byrd,,132,"Byrd,Drake","BYRD,DRAKE",Centre,CEN,1268-2847,1,0,4,0D,0,0,DB,0,,,,,,,,,,,,,,,,,,,,,,,,,,,,,,,0,1,0,1,1,.0,.0,.0,0,0,0,0,0,0,0,0,0,0,0,0,0,0,0,0,,,,,,,,,,,,,,,,,,,,,,,,,,,,,,,,,,,,,,,,,,,,,,,,,,,,,,,,,,,,,,,,,,,,,,,,,,-1.270640955229736,299,58
2026-27,football,Southern Athletic Association (SAA),saa,Berry,Carson Schmidlkofer,Carson,Schmidlkofer,,973,Carson Schmidlkofer,"SCHMIDLKOFER,CARSON",Berry,BERRY,838-3369,1,0,N9,N9,0,0,0,0,,,,,,,,,,,,,,,,,,,,,,,,,,,,,,,0,0,1,1,1,.0,.0,.0,0,0,0,0,0,0,0,0,0,0,0,0,0,0,0,0,,,,,,,,,,,,,,,,,,,,,,,,,,,,,,,,,,,,,,,,,,,,,,,,,,,,,,,,,,,,,,,,,,,,,,,,,,-1.270640955229736,300,58
2026-27,football,Southern Athletic Association (SAA),saa,Centre,"Carter,Ollie",Ollie,Carter,,132,"Carter,Ollie","CARTER,OLLIE",Centre,CEN,1268-2850,1,1,28,28,0,0,DB,0,,,,,,,,,,,,,,,,,,,,,,,,,,,,,,,0,0,1,1,1,.0,.0,.0,0,0,0,0,0,0,0,0,0,0,0,0,0,0,0,0,,,,,,,,,,,,,,,,,,,,,,,,,,,,,,,,,,,,,,,,,,,,,,,,,,,,,,,,,,,,,,,,,,,,,,,,,,-1.270640955229736,301,58
2026-27,football,Southern Athletic Association (SAA),saa,Millsaps,"Cheshire,Jaxon",Jaxon,Cheshire,,426,"Cheshire,Jaxon","CHESHIRE,JAXON",Millsaps,MC,1282-2909,1,0,44,44,0,0,DL,0,,,,,,,,,,,,,,,,,,,,,,,,,,,,,,,0,0,1,1,1,.0,.0,.0,0,0,0,0,0,0,0,0,0,0,0,0,0,0,0,0,,,,,,,,,,,,,,,,,,,,,,,,,,,,,,,,,,,,,,,,,,,,,,,,,,,,,,,,,,,,,,,,,,,,,,,,,,-1.270640955229736,302,58
2026-27,football,Southern Athletic Association (SAA),saa,Berry,Colson Montgomery,Colson,Montgomery,,973,Colson Montgomery,"MONTGOMERY,COLSON",Berry,BERRY,838-3137,1,0,08,08,0,0,0,0,,,,,,,,,,,,,,,,,,,,,,,,,,,,,,,0,0,1,1,1,.0,.0,.0,0,0,0,0,0,0,0,0,0,0,0,0,0,0,0,0,,,,,,,,,,,,,,,,,,,,,,,,,,,,,,,,,,,,,,,,,,,,,,,,,,,,,,,,,,,,,,,,,,,,,,,,,,-1.270640955229736,303,58
2026-27,football,Southern Athletic Association (SAA),saa,Maryville College,"Covert,Matthew",Matthew,Covert,,396,"Covert,Matthew","COVERT,MATTHEW",Maryville College,MAR,1027-2450,1,0,24,1P,0,0,LB,0,,,,,,,,,,,,,,,,,,,,,,,,,,,,,,,0,0,1,1,1,.0,.0,.0,0,0,0,0,0,0,0,0,0,0,0,0,0,0,0,0,,,,,,,,,,,,,,,,,,,,,,,,,,,,,,,,,,,,,,,,,,,,,,,,,,,,,,,,,,,,,,,,,,,,,,,,,,-1.270640955229736,304,57
2026-27,football,Southern Athletic Association (SAA),saa,Berry,Dakota Bennett,Dakota,Bennett,,973,Dakota Bennett,"BENNETT,DAKOTA",Berry,BERRY,838-3317,1,0,N5,N5,0,0,0,0,,,,,,,,,,,,,,,,,,,,,,,,,,,,,,,0,1,0,1,1,.0,.0,.0,0,0,0,0,0,0,0,0,0,0,0,0,0,0,0,0,,,,,,,,,,,,,,,,,,,,,,,,,,,,,,,,,,,,,,,,,,,,,,,,,,,,,,,,,,,,,,,,,,,,,,,,,,-1.270640955229736,305,57
2026-27,football,Southern Athletic Association (SAA),saa,Centre,"Delorimier,Will",Will,Delorimier,,132,"Delorimier,Will","DELORIMIER,WILL",Centre,CEN,1268-2854,1,0,7,0G,0,0,LB,0,,,,,,,,,,,,,,,,,,,,,,,,,,,,,,,0,0,1,1,1,.0,.0,.0,0,0,0,0,0,0,0,0,0,0,0,0,0,0,0,0,,,,,,,,,,,,,,,,,,,,,,,,,,,,,,,,,,,,,,,,,,,,,,,,,,,,,,,,,,,,,,,,,,,,,,,,,,-1.270640955229736,306,57
2026-27,football,Southern Athletic Association (SAA),saa,Rhodes,"Drake,Calvin",Calvin,Drake,,573,"Drake,Calvin","DRAKE,CALVIN",Rhodes,RHO,1390-5133,1,0,18,18,0,0,DB,0,,,,,,,,,,,,,,,,,,,,,,,,,,,,,,,0,1,0,1,1,.0,.0,.0,0,0,0,0,0,0,0,0,0,0,0,0,0,0,0,0,,,,,,,,,,,,,,,,,,,,,,,,,,,,,,,,,,,,,,,,,,,,,,,,,,,,,,,,,,,,,,,,,,,,,,,,,,-1.270640955229736,307,57
2026-27,football,Southern Athletic Association (SAA),saa,Berry,Dray Parker,Dray,Parker,,973,Dray Parker,"PARKER,DRAY",Berry,BERRY,838-3621,1,1,T3,T3,0,0,CB,0,,,,,,,,,,,,,,,,,,,,,,,,,,,,,,,0,0,1,1,1,.0,.0,.0,0,0,0,0,0,0,0,0,0,0,0,0,0,0,0,0,,,,,,,,,,,,,,,,,,,,,,,,,,,,,,,,,,,,,,,,,,,,,,,,,,,,,,,,,,,,,,,,,,,,,,,,,,-1.270640955229736,308,57
2026-27,football,Southern Athletic Association (SAA),saa,Maryville College,"Filus,Elijah",Elijah,Filus,,396,"Filus,Elijah","FILUS,ELIJAH",Maryville College,MAR,1027-2158,1,0,17,9B,0,0,DL,0,,,,,,,,,,,,,,,,,,,,,,,,,,,,,,,0,1,0,1,1,.0,.0,.0,0,0,0,0,0,0,0,0,0,0,0,0,0,0,0,0,,,,,,,,,,,,,,,,,,,,,,,,,,,,,,,,,,,,,,,,,,,,,,,,,,,,,,,,,,,,,,,,,,,,,,,,,,-1.270640955229736,309,57
2026-27,football,Southern Athletic Association (SAA),saa,Rhodes,"Hansen,Marshall",Marshall,Hansen,,573,"Hansen,Marshall","HANSEN,MARSHALL",Rhodes,RHO,1390-4807,1,0,25,25,0,0,LB,0,,,,,,,,,,,,,,,,,,,,,,,,,,,,,,,0,1,0,1,1,.0,.0,.0,0,0,0,0,0,0,0,0,0,0,0,0,0,0,0,0,,,,,,,,,,,,,,,,,,,,,,,,,,,,,,,,,,,,,,,,,,,,,,,,,,,,,,,,,,,,,,,,,,,,,,,,,,-1.270640955229736,310,57
2026-27,football,Southern Athletic Association (SAA),saa,Berry,Harston Harrison,Harston,Harrison,,973,Harston Harrison,"HARRISON,HARSTON",Berry,BERRY,838-3936,1,0,H5,H5,0,0,0,0,,,,,,,,,,,,,,,,,,,,,,,,,,,,,,,0,1,0,1,1,.0,.0,.0,0,0,0,0,0,0,0,0,0,0,0,0,0,0,0,0,,,,,,,,,,,,,,,,,,,,,,,,,,,,,,,,,,,,,,,,,,,,,,,,,,,,,,,,,,,,,,,,,,,,,,,,,,-1.270640955229736,311,57
2026-27,football,Southern Athletic Association (SAA),saa,Sewanee,"Hatfield,Champ",Champ,Hatfield,,652,"Hatfield,Champ","HATFIELD,CHAMP",Sewanee,SEW,1321-3727,1,0,36,36,0,0,DB,0,,,,,,,,,,,,,,,,,,,,,,,,,,,,,,,0,1,0,1,1,.0,.0,.0,0,0,0,0,0,0,0,0,0,0,0,0,0,0,0,0,,,,,,,,,,,,,,,,,,,,,,,,,,,,,,,,,,,,,,,,,,,,,,,,,,,,,,,,,,,,,,,,,,,,,,,,,,-1.270640955229736,312,56
2026-27,football,Southern Athletic Association (SAA),saa,Maryville College,"Henderson,Josh",Josh,Henderson,,396,"Henderson,Josh","HENDERSON,JOSH",Maryville College,MAR,1027-2664,1,0,19,19,0,0,DB,0,,,,,,,,,,,,,,,,,,,,,,,,,,,,,,,0,1,0,1,1,.0,.0,.0,0,0,0,0,0,0,0,0,0,0,0,0,0,0,0,0,,,,,,,,,,,,,,,,,,,,,,,,,,,,,,,,,,,,,,,,,,,,,,,,,,,,,,,,,,,,,,,,,,,,,,,,,,-1.270640955229736,313,56
2026-27,football,Southern Athletic Association (SAA),saa,Sewanee,"Hill,Camden",Camden,Hill,,652,"Hill,Camden","HILL,CAMDEN",Sewanee,SEW,1321-3729,1,0,29,29,0,0,DB,0,,,,,,,,,,,,,,,,,,,,,,,,,,,,,,,0,1,0,1,1,.0,.0,.0,0,0,0,0,0,0,0,0,0,0,0,0,0,0,0,0,,,,,,,,,,,,,,,,,,,,,,,,,,,,,,,,,,,,,,,,,,,,,,,,,,,,,,,,,,,,,,,,,,,,,,,,,,-1.270640955229736,314,56
2026-27,football,Southern Athletic Association (SAA),saa,Millsaps,"Jacobs,Chase",Chase,Jacobs,,426,"Jacobs,Chase","JACOBS,CHASE",Millsaps,MC,1282-2811,1,0,34,34,0,0,LB,0,,,,,,,,,,,,,,,,,,,,,,,,,,,,,,,0,1,0,1,1,.0,.0,.0,0,0,0,0,0,0,0,0,0,0,0,0,0,0,0,0,,,,,,,,,,,,,,,,,,,,,,,,,,,,,,,,,,,,,,,,,,,,,,,,,,,,,,,,,,,,,,,,,,,,,,,,,,-1.270640955229736,315,56
2026-27,football,Southern Athletic Association (SAA),saa,Berry,Jonah Hatchett,Jonah,Hatchett,,973,Jonah Hatchett,"HATCHETT,JONAH",Berry,BERRY,838-3344,1,0,F3,F3,0,0,0,0,,,,,,,,,,,,,,,,,,,,,,,,,,,,,,,0,0,1,1,1,.0,.0,.0,0,0,0,0,0,0,0,0,0,0,0,0,0,0,0,0,,,,,,,,,,,,,,,,,,,,,,,,,,,,,,,,,,,,,,,,,,,,,,,,,,,,,,,,,,,,,,,,,,,,,,,,,,-1.270640955229736,316,56
2026-27,football,Southern Athletic Association (SAA),saa,Centre,"Kamara,Karmoh",Karmoh,Kamara,,132,"Kamara,Karmoh","KAMARA,KARMOH",Centre,CEN,1268-3352,1,0,56,56,0,OL,0,0,,,,,,,,,,,,,,,,,,,,,,,,,,,,,,,0,1,0,1,1,.0,.0,.0,0,0,0,0,0,0,0,0,0,0,0,0,0,0,0,0,,,,,,,,,,,,,,,,,,,,,,,,,,,,,,,,,,,,,,,,,,,,,,,,,,,,,,,,,,,,,,,,,,,,,,,,,,-1.270640955229736,317,56
2026-27,football,Southern Athletic Association (SAA),saa,Rhodes,"Luellen,Emmitt",Emmitt,Luellen,,573,"Luellen,Emmitt","LUELLEN,EMMITT",Rhodes,RHO,1390-4995,1,0,90,90,0,0,DL,0,,,,,,,,,,,,,,,,,,,,,,,,,,,,,,,0,1,0,1,1,.0,.0,.0,0,0,0,0,0,0,0,0,0,0,0,0,0,0,0,0,,,,,,,,,,,,,,,,,,,,,,,,,,,,,,,,,,,,,,,,,,,,,,,,,,,,,,,,,,,,,,,,,,,,,,,,,,-1.270640955229736,318,56
2026-27,football,Southern Athletic Association (SAA),saa,Rhodes,"McKinney,Stone",Stone,McKinney,,573,"McKinney,Stone","MCKINNEY,STONE",Rhodes,RHO,1390-4996,1,0,10,1M,0,0,LB,0,,,,,,,,,,,,,,,,,,,,,,,,,,,,,,,0,1,0,1,1,.0,.0,.0,0,0,0,0,0,0,0,0,0,0,0,0,0,0,0,0,,,,,,,,,,,,,,,,,,,,,,,,,,,,,,,,,,,,,,,,,,,,,,,,,,,,,,,,,,,,,,,,,,,,,,,,,,-1.270640955229736,319,56
2026-27,football,Southern Athletic Association (SAA),saa,Maryville College,"Moore,Andrew",Andrew,Moore,,396,"Moore,Andrew","MOORE,ANDREW",Maryville College,MAR,1027-2179,1,0,26,36,0,0,DB,0,,,,,,,,,,,,,,,,,,,,,,,,,,,,,,,0,0,1,1,1,.0,.0,.0,0,0,0,0,0,0,0,0,0,0,0,0,0,0,0,0,,,,,,,,,,,,,,,,,,,,,,,,,,,,,,,,,,,,,,,,,,,,,,,,,,,,,,,,,,,,,,,,,,,,,,,,,,-1.270640955229736,320,55
2026-27,football,Southern Athletic Association (SAA),saa,Rhodes,"Paez,Jose",Jose,Paez,,573,"Paez,Jose","PAEZ,JOSE",Rhodes,RHO,1390-5005,1,0,54,54,0,0,DL,0,,,,,,,,,,,,,,,,,,,,,,,,,,,,,,,0,0,1,1,1,.0,.0,.0,0,0,0,0,0,0,0,0,0,0,0,0,0,0,0,0,,,,,,,,,,,,,,,,,,,,,,,,,,,,,,,,,,,,,,,,,,,,,,,,,,,,,,,,,,,,,,,,,,,,,,,,,,-1.270640955229736,321,55
2026-27,football,Southern Athletic Association (SAA),saa,Rhodes,"Plaia,Max",Max,Plaia,,573,"Plaia,Max","PLAIA,MAX",Rhodes,RHO,1390-4819,1,0,12,1H,0,0,LB,0,,,,,,,,,,,,,,,,,,,,,,,,,,,,,,,0,1,0,1,1,.0,.0,.0,0,0,0,0,0,0,0,0,0,0,0,0,0,0,0,0,,,,,,,,,,,,,,,,,,,,,,,,,,,,,,,,,,,,,,,,,,,,,,,,,,,,,,,,,,,,,,,,,,,,,,,,,,-1.270640955229736,322,55
2026-27,football,Southern Athletic Association (SAA),saa,Rhodes,"Presley,Ethan",Ethan,Presley,,573,"Presley,Ethan","PRESLEY,ETHAN",Rhodes,RHO,1390-4600,1,1,87,87,0,TE,0,0,,,,,,,,,,,,,,,,,,,,,,,,,,,,,,,0,1,0,1,1,.0,.0,.0,0,0,0,0,0,0,0,0,0,0,0,0,0,0,0,0,,,,,,,,,,,,,,,,,,,,,,,,,,,,,,,,,,,,,,,,,,,,,,,,,,,,,,,,,,,,,,,,,,,,,,,,,,-1.270640955229736,323,55
2026-27,football,Southern Athletic Association (SAA),saa,Millsaps,"Reyes,Sebastian",Sebastian,Reyes,,426,"Reyes,Sebastian","REYES,SEBASTIAN",Millsaps,MC,1282-3217,1,0,56,56,0,0,DL,0,,,,,,,,,,,,,,,,,,,,,,,,,,,,,,,0,0,1,1,1,.0,.0,.0,0,0,0,0,0,0,0,0,0,0,0,0,0,0,0,0,,,,,,,,,,,,,,,,,,,,,,,,,,,,,,,,,,,,,,,,,,,,,,,,,,,,,,,,,,,,,,,,,,,,,,,,,,-1.270640955229736,324,55
2026-27,football,Southern Athletic Association (SAA),saa,Sewanee,"Richardson,Robert",Robert,Richardson,,652,"Richardson,Robert","RICHARDSON,ROBERT",Sewanee,SEW,1321-3319,1,0,31,31,0,0,LB,0,,,,,,,,,,,,,,,,,,,,,,,,,,,,,,,0,1,0,1,1,.0,.0,.0,0,0,0,0,0,0,0,0,0,0,0,0,0,0,0,0,,,,,,,,,,,,,,,,,,,,,,,,,,,,,,,,,,,,,,,,,,,,,,,,,,,,,,,,,,,,,,,,,,,,,,,,,,-1.270640955229736,325,55
2026-27,football,Southern Athletic Association (SAA),saa,Centre,"Sanford,Colton",Colton,Sanford,,132,"Sanford,Colton","SANFORD,COLTON",Centre,CEN,1268-3582,1,0,34,34,0,0,DB,0,,,,,,,,,,,,,,,,,,,,,,,,,,,,,,,0,1,0,1,1,.0,.0,.0,0,0,0,0,0,0,0,0,0,0,0,0,0,0,0,0,,,,,,,,,,,,,,,,,,,,,,,,,,,,,,,,,,,,,,,,,,,,,,,,,,,,,,,,,,,,,,,,,,,,,,,,,,-1.270640955229736,326,55
2026-27,football,Southern Athletic Association (SAA),saa,Sewanee,"Shaw,Malcolm",Malcolm,Shaw,,652,"Shaw,Malcolm","SHAW,MALCOLM",Sewanee,SEW,1321-3182,1,1,21,21,0,0,DB,0,,,,,,,,,,,,,,,,,,,,,,,,,,,,,,,0,0,1,1,1,.0,.0,.0,0,0,0,0,0,0,0,0,0,0,0,0,0,0,0,0,,,,,,,,,,,,,,,,,,,,,,,,,,,,,,,,,,,,,,,,,,,,,,,,,,,,,,,,,,,,,,,,,,,,,,,,,,-1.270640955229736,327,55
2026-27,football,Southern Athletic Association (SAA),saa,Centre,"Sherrer,Kaleb",Kaleb,Sherrer,,132,"Sherrer,Kaleb","SHERRER,KALEB",Centre,CEN,1268-2878,1,0,52,5B,0,0,DL,0,,,,,,,,,,,,,,,,,,,,,,,,,,,,,,,0,1,0,1,1,.0,.0,.0,0,0,0,0,0,0,0,0,0,0,0,0,0,0,0,0,,,,,,,,,,,,,,,,,,,,,,,,,,,,,,,,,,,,,,,,,,,,,,,,,,,,,,,,,,,,,,,,,,,,,,,,,,-1.270640955229736,328,54
2026-27,football,Southern Athletic Association (SAA),saa,Centre,"Silverthorn,Lucius",Lucius,Silverthorn,,132,"Silverthorn,Lucius","SILVERTHORN,LUCIUS",Centre,CEN,1268-2879,1,0,3,0C,0,0,DB,0,,,,,,,,,,,,,,,,,,,,,,,,,,,,,,,0,1,0,1,1,.0,.0,.0,0,0,0,0,0,0,0,0,0,0,0,0,0,0,0,0,,,,,,,,,,,,,,,,,,,,,,,,,,,,,,,,,,,,,,,,,,,,,,,,,,,,,,,,,,,,,,,,,,,,,,,,,,-1.270640955229736,329,54
2026-27,football,Southern Athletic Association (SAA),saa,Rhodes,"Turner,Ian",Ian,Turner,,573,"Turner,Ian","TURNER,IAN",Rhodes,RHO,1390-5016,1,1,52,52,0,0,DL,0,,,,,,,,,,,,,,,,,,,,,,,,,,,,,,,0,1,0,1,1,.0,.0,.0,0,0,0,0,0,0,0,0,0,0,0,0,0,0,0,0,,,,,,,,,,,,,,,,,,,,,,,,,,,,,,,,,,,,,,,,,,,,,,,,,,,,,,,,,,,,,,,,,,,,,,,,,,-1.270640955229736,330,54
2026-27,football,Southern Athletic Association (SAA),saa,Berry,Ty Griffin,Ty,Griffin,,973,Ty Griffin,"GRIFFIN,TY",Berry,BERRY,838-3339,1,0,H8,H8,0,0,0,0,,,,,,,,,,,,,,,,,,,,,,,,,,,,,,,0,1,0,1,1,.0,.0,.0,0,0,0,0,0,0,0,0,0,0,0,0,0,0,0,0,,,,,,,,,,,,,,,,,,,,,,,,,,,,,,,,,,,,,,,,,,,,,,,,,,,,,,,,,,,,,,,,,,,,,,,,,,-1.270640955229736,331,54
2026-27,football,Southern Athletic Association (SAA),saa,Centre,"Wiggins,Garrett",Garrett,Wiggins,,132,"Wiggins,Garrett","WIGGINS,GARRETT",Centre,CEN,1268-2888,1,0,66,6F,0,0,DL,0,,,,,,,,,,,,,,,,,,,,,,,,,,,,,,,0,1,0,1,1,.0,.0,.0,0,0,0,0,0,0,0,0,0,0,0,0,0,0,0,0,,,,,,,,,,,,,,,,,,,,,,,,,,,,,,,,,,,,,,,,,,,,,,,,,,,,,,,,,,,,,,,,,,,,,,,,,,-1.270640955229736,332,54
2026-27,football,Southern Athletic Association (SAA),saa,Rhodes,"Wilson,Gage",Gage,Wilson,,573,"Wilson,Gage","WILSON,GAGE",Rhodes,RHO,1390-4569,1,0,2,2D,0,0,DB,0,,,,,,,,,,,,,,,,,,,,,,,,,,,,,,,0,1,0,1,1,.0,.0,.0,0,0,0,0,0,0,0,0,0,0,0,0,0,0,0,0,,,,,,,,,,,,,,,,,,,,,,,,,,,,,,,,,,,,,,,,,,,,,,,,,,,,,,,,,,,,,,,,,,,,,,,,,,-1.270640955229736,333,54
2026-27,football,Southern Athletic Association (SAA),saa,Berry,Zion Gervais,Zion,Gervais,,973,Zion Gervais,"GERVAIS,ZION",Berry,BERRY,838-3597,1,0,H1,H1,0,0,0,0,,,,,,,,,,,,,,,,,,,,,,,,,,,,,,,0,1,0,1,1,.0,.0,.0,0,0,0,0,0,0,0,0,0,0,0,0,0,0,0,0,,,,,,,,,,,,,,,,,,,,,,,,,,,,,,,,,,,,,,,,,,,,,,,,,,,,,,,,,,,,,,,,,,,,,,,,,,-1.270640955229736,334,54
2026-27,football,Southern Athletic Association (SAA),saa,Centre,"Blythe,Tyler",Tyler,Blythe,,132,"Blythe,Tyler","BLYTHE,TYLER",Centre,CEN,1268-2840,1,1,12,12,0,RB,0,0,,,2,4,0,4,2.0,,,,,,,,,,,,,,,,,,,,,,,,,,,,,,,,,,,,,,,,,,,,,,,,,12,22,23,1,0,7,1.8,22.0,,,,,,,,,,,,,,,,,,,,,,,,,,,,,,,,,,,,,,,,,,,,,,,,,,,,,,,,,,,,,,,,,-1.3092617983407147,335,53
2026-27,football,Southern Athletic Association (SAA),saa,Millsaps,"Reed,Zayden",Zayden,Reed,,426,"Reed,Zayden","REED,ZAYDEN",Millsaps,MC,1282-3237,1,0,5,5,0,WR,0,0,,,,,,,,,,,,,,,,,,,,,,,,,,,,,,,,,,,,,,,,,,,,,,,,,,,,,,,,1,-1,0,1,0,0,-1.0,-1.0,,,,,,,,,,,,,,,,,,,,,,,,,,,,,,,,,,,,,,,,,,,,,,,,,,,,,,,,,,,,,,,,,-1.3499200221970613,336,53
2026-27,football,Southern Athletic Association (SAA),saa,Berry,Josh Henry,Josh,Henry,,973,Josh Henry,"HENRY,JOSH",Berry,BERRY,838-3346,1,0,7,7,0,0,0,0,,,1,4,0,4,4.0,,,,,,,,,,,,,,,,,,,,,,,,,,,,,,,,,,,,,,,,,,,,,,,,,,,,,,,,,,,,,,,,,,,,,1,0,0,0,.0,1,1,,,,,,,,,,,,,,,,,,,,,,,,,,,,,,,,,,,,,,,,,,,,,,-1.4648252352148268,337,53
2026-27,football,Southern Athletic Association (SAA),saa,Sewanee,"Wilkins,Toryn",Toryn,Wilkins,,652,"Wilkins,Toryn","WILKINS,TORYN",Sewanee,SEW,1321-3595,1,0,7,7Q,0,QB,0,0,,,,,,,,,,,,,,,,,,,,,,,,,,,,,,,,,,,,,,,,,,,,,,,,,,,,,,,,,,,,,,,,0,0,0,0,0,0,2,0,.0,.00,.00,.0,,,,,,,,,,,,,,,,,,,,,,,,,,,,,,,,,,,,,,,,,,,,,,,,,,,,,-1.483195888861108,338,53
2026-27,football,Southern Athletic Association (SAA),saa,Sewanee,"Cox,Ean",Ean,Cox,,652,"Cox,Ean","COX,EAN",Sewanee,SEW,1321-3334,1,1,65,65,0,OL,0,0,,,,,,,,,,,,,,,,,,0,1,0,0,0,0,0,0,0,6,6,6,,0,0,0,0,0,.0,.0,.0,0,0,0,0,0,0,0,0,0,0,0,0,0,0,0,0,,0,0,0,0,1,0,.0,.0,,,,,,,,,,,,,,,,,,,,,,,,,,,,,,,,,,,,,,,,,,,,,,,,,,,,,,,,,,,,,,,,,-1.484342696962844,339,53
2026-27,football,Southern Athletic Association (SAA),saa,Centre,"Gaiser,Dylan",Dylan,Gaiser,,132,"Gaiser,Dylan","GAISER,DYLAN",Centre,CEN,1268-3567,1,0,20,20,0,RB,0,0,,,1,5,0,5,5.0,,,,,,,,,,,,,,,,,,,,,,,,,,,,,,,,,,,,,,,,,,,,,,,,,5,15,15,0,0,5,3.0,15.0,,,,,,,,,,,,,,,,,,,,,,,,,,,,,,,,,,,,,,,,,,,,,,,,,,,,,,,,,,,,,,,,,-1.5236847353497707,340,53
2026-27,football,Southern Athletic Association (SAA),saa,Maryville College,"Cobble,Casey",Casey,Cobble,,396,"Cobble,Casey","COBBLE,CASEY",Maryville College,MAR,1027-2454,1,0,16,1T,0,WR,0,0,,,3,19,0,10,6.3,,,,,,,,,,,,,,,,,,,,,,,,0,1,0,1,1,.0,.0,.0,0,0,0,0,0,0,0,0,0,0,0,0,0,0,0,0,,,,,,,,,,,,,,,,,,,,,,,,,,,,,,,,,,,,,,,,,,,,,,,,,,,,,,,,,,,,,,,,,,,,,,,,,,-1.5257931420641697,341,53
2026-27,football,Southern Athletic Association (SAA),saa,Berry,Brady Albro,Brady,Albro,,973,Brady Albro,"ALBRO,BRADY",Berry,BERRY,838-3912,1,0,12,12,0,0,0,0,,,,,,,,,,,,,,,,,,,,,,,,,,,,,,,0,0,0,0,0,.0,.0,.0,0,0,0,0,0,0,0,0,0,1,0,0,0,0,0,0,,,,,,,,,,,,,,,,,,,,,,,,,,,,,,,,,,,,,,,,,,,,,,,,,,,,,,,,,,,,,,,,,,,,,,,,,,-1.54799620720583,342,53
2026-27,football,Southern Athletic Association (SAA),saa,Millsaps,"Collier,Jaiden",Jaiden,Collier,,426,"Collier,Jaiden","COLLIER,JAIDEN",Millsaps,MC,1282-3233,1,0,90,90,0,0,DL,0,,,,,,,,,,,,,,,,,,,,,,,,,,,,,,,0,0,0,0,0,.0,.0,.0,0,0,0,0,0,0,0,0,0,1,0,0,0,0,0,0,,,,,,,,,,,,,,,,,,,,,,,,,,,,,,,,,,,,,,,,,,,,,,,,,,,,,,,,,,,,,,,,,,,,,,,,,,-1.54799620720583,343,52
2026-27,football,Southern Athletic Association (SAA),saa,Berry,Tyler Blalock,Tyler,Blalock,,973,Tyler Blalock,"BLALOCK,TYLER",Berry,BERRY,838-3592,1,0,19,19,0,0,0,0,,,,,,,,,,,,,,,,,,,,,,,,,,,,,,,0,0,0,0,0,.0,.0,.0,0,0,0,0,0,0,0,0,0,1,0,0,0,0,0,0,,,,,,,,,,,,,,,,,,,,,,,,,,,,,,,,,,,,,,,,,,,,,,,,,,,,,,,,,,,,,,,,,,,,,,,,,,-1.54799620720583,344,52
2026-27,football,Southern Athletic Association (SAA),saa,Rhodes,"Kurak,Dunaven",Dunaven,Kurak,,573,"Kurak,Dunaven","KURAK,DUNAVEN",Rhodes,RHO,1390-4993,1,1,19,19,0,WR,0,0,,,2,15,0,11,7.5,,,,,,,,,,,,,,,,,,,,,,,,0,1,0,1,1,.0,.0,.0,0,0,0,0,0,0,0,0,0,0,0,0,0,0,0,0,,,,,,,,,,,,,,,,,,,,,,,,,,,,,,,,,,,,,,,,,,,,,,,,,,,,,,,,,,,,,,,,,,,,,,,,,,-1.6653567848140638,345,52
2026-27,football,Southern Athletic Association (SAA),saa,Sewanee,"Hayner,Giovanni",Giovanni,Hayner,,652,"Hayner,Giovanni","HAYNER,GIOVANNI",Sewanee,SEW,1321-3582,1,0,26,26,0,RB,0,0,,,0,0,0,0,.0,,,,,,,,,,,,,,,,,,,,,,,,,,,,,,,,,,,,,,,,,,,,,,,,,10,14,25,11,0,14,1.4,14.0,,,,,,,,,,,,,,,,,,,,,,,,,,,,,,,,,,,,,,,,,,,,,,,,,,,,,,,,,,,,,,,,,-1.733755552743785,346,52
2026-27,football,Southern Athletic Association (SAA),saa,Centre,"Cartwright,Zane",Zane,Cartwright,,132,"Cartwright,Zane","CARTWRIGHT,ZANE",Centre,CEN,1268-3152,1,1,9,9,0,QB,0,0,,,,,,,,,,,,,,,,,,,,,,,,,,,,,,,,,,,,,,,,,,,,,,,,,,,,,,,,6,21,21,0,0,13,3.5,21.0,0,0,27,0,89,1,38,13,48.6,2.34,6.85,89.0,,,,,,,,,,,,,,,,,,,,,,,,,,,,,,,,,,,,,,,,,,,,,,,,,,,,,-1.7601711168931324,347,52
2026-27,football,Southern Athletic Association (SAA),saa,Southwestern,"Messer,Case",Case,Messer,,8746,"Messer,Case","MESSER,CASE",Southwestern,SWU,1322-3207,1,0,87,87,0,WR,0,0,,,1,11,0,11,11.0,,,,,,,,,,,,,,,,,,,,,,,,0,1,0,1,1,.0,.0,.0,0,0,0,0,0,0,0,0,0,0,0,0,0,0,0,0,,,,,,,,,,,,,,,,,,,,,,,,,,,,,,,,,,,,,,,,,,,,,,,,,,,,,,,,,,,,,,,,,,,,,,,,,,-1.8049204275639574,348,52
2026-27,football,Southern Athletic Association (SAA),saa,Rhodes,"Lovett,Jelani",Jelani,Lovett,,573,"Lovett,Jelani","LOVETT,JELANI",Rhodes,RHO,1390-4579,1,0,22,22,0,RB,0,0,,,0,0,0,0,.0,,,,,,,,,,,,,,,,,,,,,,,,,,,,,,,,,,,,,,,,,,,,,,,,,2,10,10,0,0,10,5.0,10.0,,,,,,,,,,,,,,,,,,,,,,,,,,,,,,,,,,,,,,,,,,,,,,,,,,,,,,,,,,,,,,,,,-1.8762206085703732,349,52
2026-27,football,Southern Athletic Association (SAA),saa,Southwestern,"Baylor,Devin",Devin,Baylor,,8746,"Baylor,Devin","BAYLOR,DEVIN",Southwestern,SWU,1322-3027,1,0,22,22,0,RB,0,0,,,,,,,,,,,,,,,,,,,,,,,,,,,,,,,0,2,0,2,2,.0,.0,.0,0,0,0,0,0,0,0,0,0,0,0,0,0,0,0,0,,4,12,16,4,0,8,3.0,12.0,,,,,,,,,,,,,,,,,,,,,,,,,,,,,,,,,,,,,,,,,,,,,,,,,,,,,,,,,,,,,,,,,-1.8801942940142917,350,52
2026-27,football,Southern Athletic Association (SAA),saa,Southwestern,"Smith,Jacob",Jacob,Smith,,8746,"Smith,Jacob","SMITH,JACOB",Southwestern,SWU,1322-3010,1,1,7,7,0,QB,0,0,,,,,,,,,,,,,,,,,,,,,,,,,,,,,,,,,,,,,,,,,,,,,,,,,,,,,,,,12,19,45,26,0,19,1.6,19.0,11,2,36,0,75,1,18,9,73.9,4.17,8.33,75.0,,,,,,,,,,,,,,,,,,,,,,,,,,,,,,,,,,,,,,,,,,,,,,,,,,,,,-1.967542840376641,351,51
2026-27,football,Southern Athletic Association (SAA),saa,Centre,"Sansbury,Clint",Clint,Sansbury,,132,"Sansbury,Clint","SANSBURY,CLINT",Centre,CEN,1268-3129,1,0,25,25,0,RB,0,0,,,0,0,0,0,.0,,,,,,,,,,,,,,,,,,,,,,,,,,,,,,,,,,,,,,,,,,,,,,,,,4,2,2,0,0,1,.5,2.0,,,,,,,,,,,,,,,,,,,,,,,,,,,,,,,,,,,,,,,,,,,,,,,,,,,,,,,,,,,,,,,,,-2.1611507202235494,352,51
2026-27,football,Southern Athletic Association (SAA),saa,Centre,"Ross,Cree",Cree,Ross,,132,"Ross,Cree","ROSS,CREE",Centre,CEN,1268-3131,1,0,1,1,0,WR,0,0,,,2,-2,0,0,-1.0,,,,,,,,,,,,,,,,,,,,,,,,0,0,0,0,0,.0,.0,.0,0,0,0,0,0,0,0,0,0,0,0,0,1,0,0,0,,,,,,,,,,,,,,,,,,,,,,,,,,,0,0,,,,,,,,,,,,,,,,,,,,,,,,,,,,,,,,,,,,,,,,,,,,,,-2.1828484752284747,353,51
2026-27,football,Southern Athletic Association (SAA),saa,Millsaps,"Tasby Jr.,Derrick",Derrick,Tasby Jr.,,426,"Tasby Jr.,Derrick","TASBY JR.,DERRICK",Millsaps,MC,1282-2899,1,1,4,4,0,WR,0,0,,,1,1,0,1,1.0,,,,,,,,,,,0,1,0,0,0,0,0,0,0,6,6,6,,0,0,0,0,0,.0,.0,.0,0,0,0,0,0,0,0,0,0,0,0,0,0,0,0,0,,1,5,5,0,1,5,5.0,5.0,,,,,,,,,,,,,,,,,,,,,,,,,,,,,,,,,,,,,,,,,,,,,,,,,,,,,,,,,,,,,,,,,-2.1894499563885645,354,51
2026-27,football,Southern Athletic Association (SAA),saa,Berry,Conner Hughes,Conner,Hughes,,973,Conner Hughes,"HUGHES,CONNER",Berry,BERRY,838-3575,1,0,32,32,0,0,0,0,,,,,,,,,,,,,,,,,,6,0,0,0,0,0,0,0,0,6,6,6,,0,1,0,1,1,.0,.0,.0,0,0,0,0,0,0,0,0,0,0,0,0,0,0,0,0,,,,,,,,,,,,,,,,,,,,,,,,,,,,,,,,,,5,284,0,0,56.8,0,1,0,0,.0,6,6,0,0,0,0,0,0,0,0,0,0,,,,,,,,,,,,,,,,,,,-2.40196588437619,355,51
2026-27,football,Southern Athletic Association (SAA),saa,Maryville College,"White,Jackson",Jackson,White,,396,"White,Jackson","WHITE,JACKSON",Maryville College,MAR,1027-2464,1,0,1,8M,0,0,0,0,,,,,,,,,,,,,,,,,,2,0,0,0,0,0,0,0,0,2,2,2,,0,0,0,0,0,.0,.0,.0,0,0,0,0,0,0,0,0,0,0,0,0,0,0,0,0,,,,,,,,,,,,,,,,,,,,,,,,,,,,,,,,,,3,121,0,0,40.3,0,0,0,0,.0,2,2,0,0,0,0,0,0,0,0,0,0,,,,,,,,,,,,,,,,,,,-2.679321136352284,356,51
2026-27,football,Southern Athletic Association (SAA),saa,Rhodes,"Keim,Brennan",Brennan,Keim,,573,"Keim,Brennan","KEIM,BRENNAN",Rhodes,RHO,1390-4992,1,0,12,12,0,QB,0,0,,,,,,,,,,,,,,,,,,,,,,,,,,,,,,,,,,,,,,,,,,,,,,,,,,,,,,,,1,1,1,0,0,1,1.0,1.0,0,0,0,0,0,0,2,0,.0,.00,.00,.0,,,,,,,,,,,,,,,,,,,,,,,,,,,,,,,,,,,,,,,,,,,,,,,,,,,,,-2.7618833831448755,357,51
2026-27,football,Southern Athletic Association (SAA),saa,Berry,Jay Kanazawa,Jay,Kanazawa,,973,Jay Kanazawa,"KANAZAWA,JAY",Berry,BERRY,838-3352,1,0,1,1,0,0,0,0,,,,,,,,,,,,,,,,,,,,,,,,,,,,,,,,,,,,,,,,,,,,,,,,,,,,,,,,4,15,17,2,0,8,3.8,15.0,2,1,6,0,10,1,4,2,21.0,2.50,5.00,10.0,,,,,,,,,,,,,,,,,,,,,,,,,,,,,,,,,,,,,,,,,,,,,,,,,,,,,-3.206505665330697,358,51
2026-27,football,Southern Athletic Association (SAA),saa,Maryville College,"Walton,Coby",Coby,Walton,,396,"Walton,Coby","WALTON,COBY",Maryville College,MAR,1027-2714,1,1,18,18,0,QB,0,0,,,,,,,,,,,,,,,,,,,,,,,,,,,,,,,,,,,,,,,,,,,,,,,,,,,,,,,,2,-10,2,12,0,2,-5.0,-10.0,12,1,26,0,24,1,4,2,50.4,6.00,12.00,24.0,,,,,,,,,,,,,,,,,,,,,,,,,,,,,,,,,,,,,,,,,,,,,,,,,,,,,-3.811657693326394,359,50
2026-27,football,Southern Athletic Association (SAA),saa,Maryville College,"Zulu,Mushaba",Mushaba,Zulu,,396,"Zulu,Mushaba","ZULU,MUSHABA",Maryville College,MAR,1027-2512,1,1,5,1I,0,RB,0,0,,,1,3,0,3,3.0,,,,,,,,,,,,,,,,,,,,,,,,0,0,0,0,0,.0,.0,.0,0,0,0,0,0,0,0,0,0,0,0,0,0,0,0,0,,7,1,11,10,0,5,.1,1.0,,,,,,,,,,,,,,,,,,1,1,,,,,,,,,,,,,,,,,,,,,,,,,,,,,,,,,,,,,,,,,,,,,,-4.110769183655248,360,50
2026-27,football,Southern Athletic Association (SAA),saa,Sewanee,"Mixon,Barton",Barton,Mixon,,652,"Mixon,Barton","MIXON,BARTON",Sewanee,SEW,1321-3572,1,1,12,12,0,RB,0,0,,,0,0,0,0,.0,,,,,,,,,,,,,,,,,,,,,,,,0,0,0,0,0,.0,.0,.0,0,0,0,0,0,0,0,0,0,0,0,0,0,0,0,0,,9,13,15,2,0,4,1.4,13.0,,,,,,,,,,,,,,,,,,3,2,,,,,,,,,,,,,,,,,,,,,,,,,,,,,,,,,,,,,,,,,,,,,,-4.611734515818276,361,50
