season,sport,conference,conference_code,team,player_name,first_name,last_name,position,team_code,name,checkname,team_name,team_id,sdrm_id,games_played,games_started,uniform,code,year,offensive_position,defensive_position,active,rush_stats,pass_stats,receiving_stats_number,receiving_stats_yards,receiving_stats_touchdowns,receiving_stats_longest_reception,receiving_stats_avg_per_reception,punt_stats,kickoff_stats,fieldgoal_stats,pat_stats,defense_stats_interception_return_yards,defense_stats_unassisted_tackles,defense_stats_assisted_tackles,defense_stats_tackles,defense_stats_total_tackles,defense_stats_tackles_for_loss,defense_stats_tackles_for_loss_per_game,defense_stats_tackles_per_game,defense_stats_unassisted_tackles_for_loss,defense_stats_assisted_tackles_for_loss,defense_stats_tackle_yards_for_loss,defense_stats_sacks,defense_stats_unassisted_sacks,defense_stats_assisted_sacks,defense_stats_sack_yards_for_loss,defense_stats_pass_breakups,defense_stats_fumbles_forced,defense_stats_quarterback_hurries,defense_stats_safeties_scored,defense_stats_blocked_kicks,defense_stats_fumbles_recovered,defense_stats_fumble_return_yards,defense_stats_interceptions,defense_stats_passes_defended,kickreturn_stats,puntreturn_stats,interception_return_stats,fumblereturn_stats,fumble_stats,scoring_stats_pat_kicks,scoring_stats_touchdowns,scoring_stats_fieldgoals,scoring_stats_safeties,scoring_stats_pat_rushes,scoring_stats_pat_receptions,scoring_stats_pat_kick_returns,scoring_stats_pat_fumble_returns,scoring_stats_rouges,scoring_stats_points,scoring_stats_all_points,scoring_stats_points_per_game,receiving_stats,kickoff_stats_number,kickoff_stats_yards,kickoff_stats_out_of_bounds,kickoff_stats_touchbacks,kickoff_stats_avg_per_kickoff,defense_stats,scoring_stats,interception_return_stats_number,interception_return_stats_yards,interception_return_stats_touchdowns,interception_return_stats_longest,interception_return_stats_avg_per_return,fumblereturn_stats_number,fumblereturn_stats_yards,fumblereturn_stats_touchdowns,fumblereturn_stats_longest_interception_return,fumble_stats_number,fumble_stats_number_lost,rush_stats_attempts,rush_stats_net_yards,rush_stats_yards_gained,rush_stats_yards_lost,rush_stats_touchdowns,rush_stats_longest_rush,rush_stats_avg_per_play,rush_stats_avg_per_game,pass_stats_yards_lost_by_sacks,pass_stats_sacked,pass_stats_longest_pass,pass_stats_touchdowns,pass_stats_yards,pass_stats_interceptions,pass_stats_attempts,pass_stats_completions,pass_stats_efficiency,pass_stats_avg_per_pass,pass_stats_avg_per_catch,pass_stats_avg_per_game,pat_stats_kick_attempts,pat_stats_kicks_made,pat_stats_rush_attempts,pat_stats_rushes_made,pat_stats_pass_attempts,pat_stats_passes_made,pat_stats_reception_attempts,pat_stats_receptions_made,pat_stats_defensive_return_attempts,pat_stats_defensive_returns_made,pat_stats_defensive_blocked_kick_return_attempts,pat_stats_devensive_blocked_kick_returns_made,kickreturn_stats_number,kickreturn_stats_yards,kickreturn_stats_touchdowns,kickreturn_stats_longest_kickoff_return,kickreturn_stats_avg_per_return,puntreturn_stats_number,puntreturn_stats_yards,puntreturn_stats_touchdowns,puntreturn_stats_longest_punt_return,puntreturn_stats_avg_per_return,punt_stats_number,punt_stats_yards,punt_stats_longest_punt,punt_stats_blocked,punt_stats_touchbacks,punt_stats_fair_catches,punt_stats_fifty_plus_yards,punt_stats_inside_twenty,punt_stats_avg_per_punt,fieldgoal_stats_made,fieldgoal_stats_attempts,fieldgoal_stats_longest_fieldgoal,fieldgoal_stats_blocked,fieldgoal_stats_percentage
2026-27,football,Southern California Intercollegiate Athletic Conference (SCIAC),sciac,California Lutheran,"Bernardino,Maddox",Maddox,Bernardino,,105,"Bernardino,Maddox","BERNARDINO,MADDOX",California Lutheran,CLU,1325-3649,3,3,1,1,0,WR,0,0,,,6,114,1,43,19.0,,,,,0,0,0,0,0,.0,.0,.0,0,0,0,0,0,0,0,0,0,0,0,0,0,0,0,0,,,,,,0,1,0,0,0,1,0,0,0,8,8,2.67,,,,,,,,,,,,,,,,,,,,,,,,,,,,,,,,,,,,,,,,,,,,,,,,,,,,,,,,,,,,,,,,,,,,,,,,,,,
2026-27,football,Southern California Intercollegiate Athletic Conference (SCIAC),sciac,California Lutheran,"Armendariz,Dylan",Dylan,Armendariz,,105,"Armendariz,Dylan","ARMENDARIZ,DYLAN",California Lutheran,CLU,1325-3644,3,0,2,2A,0,0,0,0,,,,,,,,,,,,,,,,,,,,,,,,,,,,,,,,,,,,,,,,,,,,,,,,,,,,,,19,1084,0,9,57.1,,,,,,,,,,,,,,,,,,,,,,,,,,,,,,,,,,,,,,,,,,,,,,,,,,,,,,,,,,,,,,,,,,,,,
2026-27,football,Southern California Intercollegiate Athletic Conference (SCIAC),sciac,California Lutheran,"Cravings,Charles",Charles,Cravings,,105,"Cravings,Charles","CRAVINGS,CHARLES",California Lutheran,CLU,1325-3659,3,3,3,3A,0,0,S,0,,,,,,,,,,,,0,10,4,14,14,1.0,.0,.0,1,0,4,0,0,0,0,2,0,0,0,1,1,0,2,4,,,,,,,,,,,,,,,,,,,,,,,,,,2,0,0,0,.0,1,0,0,0,0,0,,,,,,,,,,,,,,,,,,,,,,,,,,,,,,,,,,,,,,,,,,,,,,,,,,,,,,,,
2026-27,football,Southern California Intercollegiate Athletic Conference (SCIAC),sciac,California Lutheran,"Greenan,Gannon",Gannon,Greenan,,105,"Greenan,Gannon","GREENAN,GANNON",California Lutheran,CLU,1325-3348,3,0,4,4A,0,0,S,0,,,,,,,,,,,,0,4,3,7,7,.0,.0,.0,0,0,0,0,0,0,0,0,0,0,0,0,0,0,0,0,,,,,,,,,,,,,,,,,,,,,,,,,,,,,,,,,,,,,,,,,,,,,,,,,,,,,,,,,,,,,,,,,,,,,,,,,,,,,,,,,,,,,,,,,,,,
2026-27,football,Southern California Intercollegiate Athletic Conference (SCIAC),sciac,California Lutheran,"Farley,Joe",Joe,Farley,,105,"Farley,Joe","FARLEY,JOE",California Lutheran,CLU,1325-3350,3,3,5,5,0,QB,0,0,,,,,,,,,,,,0,2,0,2,2,.0,.0,.0,0,0,0,0,0,0,0,0,0,0,0,0,0,0,0,0,,,,,,0,2,0,0,0,0,0,0,0,12,12,4,,,,,,,,,,,,,,,,,,,,8,8,35,27,2,20,1.0,2.7,27,4,66,9,748,3,72,44,181.3,10.39,17.00,249.3,0,0,0,0,2,1,2,1,0,0,0,0,,,,,,,,,,,,,,,,,,,,,,,,
2026-27,football,Southern California Intercollegiate Athletic Conference (SCIAC),sciac,California Lutheran,"Ramirez,Jacob",Jacob,Ramirez,,105,"Ramirez,Jacob","RAMIREZ,JACOB",California Lutheran,CLU,1325-3374,3,3,5,5D,0,0,S,0,,,,,,,,,,,,0,5,3,8,8,.0,.0,.0,0,0,0,0,0,0,0,1,0,0,0,0,0,0,0,1,,,,,,,,,,,,,,,,,,,,,,,,,,,,,,,,,,,,,,,,,,,,,,,,,,,,,,,,,,,,,,,,,,,,,,,,,,,,,,,,,,,,,,,,,,,,
2026-27,football,Southern California Intercollegiate Athletic Conference (SCIAC),sciac,California Lutheran,"McCoy,Neiman",Neiman,McCoy,,105,"McCoy,Neiman","MCCOY,NEIMAN",California Lutheran,CLU,1325-3104,3,0,7,7,0,0,CB,0,,,,,,,,,,,,0,8,3,11,11,.0,.0,.0,0,0,0,0,0,0,0,1,0,0,0,0,0,0,0,1,,,,,,,,,,,,,,,,,,,,,,,,,,,,,,,,,,,,,,,,,,,,,,,,,,,,,,,,,,,,,,,,,,,,,,,,,,,,,,,,,,,,,,,,,,,,
2026-27,football,Southern California Intercollegiate Athletic Conference (SCIAC),sciac,California Lutheran,"Johnson,Dominic",Dominic,Johnson,,105,"Johnson,Dominic","JOHNSON,DOMINIC",California Lutheran,CLU,1325-3672,3,3,9,9A,0,0,S,0,,,,,,,,,,,,0,7,9,16,16,.0,.0,.0,0,0,0,0,0,0,0,1,0,0,0,0,0,0,0,1,,,,,,,,,,,,,,,,,,,,,,,,,,,,,,,,,,,,,,,,,,,,,,,,,,,,,,,,,,,,,,,,,,,,,,,,,,,,,,,,,,,,,,,,,,,,
2026-27,football,Southern California Intercollegiate Athletic Conference (SCIAC),sciac,California Lutheran,"Nees,Drew",Drew,Nees,,105,"Nees,Drew","NEES,DREW",California Lutheran,CLU,1325-3359,3,3,10,10,0,0,LB,0,,,,,,,,,,,,0,8,10,18,18,1.5,.0,.0,1,1,14,1.5,1,1,14,1,1,2,0,0,0,0,0,1,,,,,,,,,,,,,,,,,,,,,,,,,,,,,,,,,,,,,,,,,,,,,,,,,,,,,,,,,,,,,,,,,,,,,,,,,,,,,,,,,,,,,,,,,,,,
2026-27,football,Southern California Intercollegiate Athletic Conference (SCIAC),sciac,California Lutheran,"Hurley,Blake",Blake,Hurley,,105,"Hurley,Blake","HURLEY,BLAKE",California Lutheran,CLU,1325-3355,3,3,11,1A,0,0,LB,0,,,,,,,,,,,,0,11,8,19,19,2.5,.0,.0,2,1,10,1,1,0,8,2,0,0,0,0,2,85,2,4,,,,,,0,2,0,0,0,0,0,0,0,12,12,4,,,,,,,,,2,0,1,0,.0,2,85,1,85,0,0,,,,,,,,,,,,,,,,,,,,,,,,,,,,,,,,,,,,,,,,,,,,,,,,,,,,,,,,
2026-27,football,Southern California Intercollegiate Athletic Conference (SCIAC),sciac,California Lutheran,"Murphy,Tim",Tim,Murphy,,105,"Murphy,Tim","MURPHY,TIM",California Lutheran,CLU,1325-3683,3,0,12,12,0,0,LB,0,,,,,,,,,,,,0,3,1,4,4,.0,.0,.0,0,0,0,0,0,0,0,0,0,0,0,0,0,0,0,0,,,,,,,,,,,,,,,,,,,,,,,,,,,,,,,,,,,,,,,,,,,,,,,,,,,,,,,,,,,,,,,,,,,,,,,,,,,,,,,,,,,,,,,,,,,,
2026-27,football,Southern California Intercollegiate Athletic Conference (SCIAC),sciac,California Lutheran,"Edwards,RJ",RJ,Edwards,,105,"Edwards,RJ","EDWARDS,RJ",California Lutheran,CLU,1325-3704,3,3,13,13,0,TE,0,0,,,6,62,0,19,10.3,,,,,,,,,,,,,,,,,,,,,,,,,,,,,,,,,,,,,,,,,,,,,,,,,,,,,,,,,,,,,,,,,,,,,,,,,0,0,0,0,0,0,0,0,NaN,.00,.00,.0,,,,,,,,,,,,,1,19,0,19,19.0,,,,,,,,,,,,,,,,,,,
2026-27,football,Southern California Intercollegiate Athletic Conference (SCIAC),sciac,California Lutheran,"Gilbert,John",John,Gilbert,,105,"Gilbert,John","GILBERT,JOHN",California Lutheran,CLU,1325-3945,3,0,14,14,0,RB,0,0,,,1,13,0,13,13.0,,,,,0,0,2,2,2,.0,.0,.0,0,0,0,0,0,0,0,0,0,0,0,0,0,0,0,0,,,,,,0,2,0,0,0,0,0,0,0,12,12,4,,,,,,,,,,,,,,,,,,,,33,135,154,19,2,15,4.1,45.0,,,,,,,,,,,,,,,,,,,,,,,,,,,,,,,,,,,,,,,,,,,,,,,,
2026-27,football,Southern California Intercollegiate Athletic Conference (SCIAC),sciac,California Lutheran,"Faulkner,Jacoby",Jacoby,Faulkner,,105,"Faulkner,Jacoby","FAULKNER,JACOBY",California Lutheran,CLU,1325-3662,1,0,15,15,0,0,CB,0,,,,,,,,,,,,,,,,,,,,,,,,,,,,,,,,,,,,,,,,,,,,,,,,,,,,,,,,,,,,,,,,,,,,,,,,,,,,,,,,,,,,,,,,,,,,,,,,,,,,,,,,,,,,,,,,,,,,,,,,,,,,,,,
2026-27,football,Southern California Intercollegiate Athletic Conference (SCIAC),sciac,California Lutheran,"Merkel,TeNorris",TeNorris,Merkel,,105,"Merkel,TeNorris","MERKEL,TENORRIS",California Lutheran,CLU,1325-3678,3,3,16,16,0,WR,0,0,,,12,246,2,66,20.5,,,,,0,0,0,0,0,.0,.0,.0,0,0,0,0,0,0,0,0,0,0,0,0,0,0,0,0,,,,,,0,2,0,0,0,0,0,0,0,12,12,4,,,,,,,,,,,,,,,,,,,,3,19,19,0,0,13,6.3,6.3,0,0,0,0,0,0,0,0,NaN,.00,.00,.0,,,,,,,,,,,,,7,161,0,40,23.0,,,,,,,,,,,,,,,,,,,
2026-27,football,Southern California Intercollegiate Athletic Conference (SCIAC),sciac,California Lutheran,"Sanders,Makaio",Makaio,Sanders,,105,"Sanders,Makaio","SANDERS,MAKAIO",California Lutheran,CLU,1325-3422,3,3,18,1C,0,0,DL,0,,,,,,,,,,,,0,2,3,5,5,2.0,.0,.0,2,0,9,0,0,0,0,0,1,0,0,0,0,0,0,0,,,,,,,,,,,,,,,,,,,,,,,,,,,,,,,,,,,,,,,,,,,,,,,,,,,,,,,,,,,,,,,,,,,,,,,,,,,,,,,,,,,,,,,,,,,,
2026-27,football,Southern California Intercollegiate Athletic Conference (SCIAC),sciac,California Lutheran,"Woodworth,Tyler",Tyler,Woodworth,,105,"Woodworth,Tyler","WOODWORTH,TYLER",California Lutheran,CLU,1325-3702,3,3,18,18,0,WR,0,0,,,11,270,5,42,24.5,,,,,0,0,0,0,0,.0,.0,.0,0,0,0,0,0,0,0,0,0,0,0,0,0,0,0,0,,,,,,0,5,0,0,0,0,0,0,0,30,30,10,,,,,,,,,,,,,,,,,,,,,,,,,,,,0,0,0,0,0,0,0,0,NaN,.00,.00,.0,,,,,,,,,,,,,,,,,,,,,,,,,,,,,,,,,,,,
2026-27,football,Southern California Intercollegiate Athletic Conference (SCIAC),sciac,California Lutheran,"Talbert Jr.,Marcus",Marcus,Talbert Jr.,,105,"Talbert Jr.,Marcus","TALBERT JR.,MARCUS",California Lutheran,CLU,1325-3388,3,3,19,19,0,0,CB,0,,,,,,,,,,,,0,1,1,2,2,.0,.0,.0,0,0,0,0,0,0,0,1,0,0,0,0,0,0,0,1,,,,,,,,,,,,,,,,,,,,,,,,,,,,,,,,,,,,,,,,,,,,,,,,,,,,,,,,,,,,,,,,,,,,,,,,,,,,,,,,,,,,,,,,,,,,
2026-27,football,Southern California Intercollegiate Athletic Conference (SCIAC),sciac,California Lutheran,"Allen,Josiah",Josiah,Allen,,105,"Allen,Josiah","ALLEN,JOSIAH",California Lutheran,CLU,1325-3946,3,0,21,2B,0,0,CB,0,,,,,,,,,,,,0,0,2,2,2,.0,.0,.0,0,0,0,0,0,0,0,0,0,0,0,0,0,0,2,2,,,,,,,,,,,,,,,,,,,,,,,,,,2,0,0,0,.0,,,,,,,,,,,,,,,,,,,,,,,,,,,,,,,,,,,,,,,,,,,,,,,,,,,,,,,,,,,,,,
2026-27,football,Southern California Intercollegiate Athletic Conference (SCIAC),sciac,California Lutheran,"Rogozik,Zach",Zach,Rogozik,,105,"Rogozik,Zach","ROGOZIK,ZACH",California Lutheran,CLU,1325-3688,3,0,22,22,0,RB,0,0,,,3,9,0,6,3.0,,,,,,,,,,,,,,,,,,,,,,,,,,,,,,,,,,,,,,,,,,,,,,,,,,,,,,,,,,,,,,,,,2,-6,0,6,0,0,-3.0,-2.0,,,,,,,,,,,,,,,,,,,,,,,,,,,,,,2,30,0,30,15.0,,,,,,,,,,,,,,
2026-27,football,Southern California Intercollegiate Athletic Conference (SCIAC),sciac,California Lutheran,"Alarcon,Christian",Christian,Alarcon,,105,"Alarcon,Christian","ALARCON,CHRISTIAN",California Lutheran,CLU,1325-3948,2,0,23,23,0,0,S,0,,,,,,,,,,,,0,2,0,2,2,.0,.0,.0,0,0,0,0,0,0,0,0,0,0,0,0,0,0,1,1,,,,,,,,,,,,,,,,,,,,,,,,,,1,0,0,0,.0,,,,,,,,,,,,,,,,,,,,,,,,,,,,,,,,,,,,,,,,,,,,,,,,,,,,,,,,,,,,,,
2026-27,football,Southern California Intercollegiate Athletic Conference (SCIAC),sciac,California Lutheran,"Albanez,Anthony",Anthony,Albanez,,105,"Albanez,Anthony","ALBANEZ,ANTHONY",California Lutheran,CLU,1325-3951,3,0,26,26,0,0,S,0,,,,,,,,,,,,0,1,3,4,4,.0,.0,.0,0,0,0,0,0,0,0,0,0,0,0,0,0,0,0,0,,,,,,,,,,,,,,,,,,,,,,,,,,,,,,,,,,,,,,,,,,,,,,,,,,,,,,,,,,,,,,,,,,,,,,,,,,,,,,,,,,,,,,,,,,,,
2026-27,football,Southern California Intercollegiate Athletic Conference (SCIAC),sciac,California Lutheran,"Barbadillo,Jordan",Jordan,Barbadillo,,105,"Barbadillo,Jordan","BARBADILLO,JORDAN",California Lutheran,CLU,1325-3952,3,3,27,27,0,RB,0,0,,,,,,,,,,,,0,0,0,0,0,.0,.0,.0,0,0,0,0,0,0,0,0,0,0,0,0,0,0,0,0,,,,,,,,,,,,,,,,,,,,,,,,,,,,,,,,,,,1,0,25,35,56,21,0,6,1.4,11.7,,,,,,,,,,,,,,,,,,,,,,,,,,,,,,,,,,,,,,,,,,,,,,,,
2026-27,football,Southern California Intercollegiate Athletic Conference (SCIAC),sciac,California Lutheran,"Jimenez,Derek",Derek,Jimenez,,105,"Jimenez,Derek","JIMENEZ,DEREK",California Lutheran,CLU,1325-3959,1,0,34,3D,0,0,CB,0,,,,,,,,,,,,,,,,,,,,,,,,,,,,,,,,,,,,,,,,,,,,,,,,,,,,,,,,,,,,,,,,,,,,,,,,,,,,,,,,,,,,,,,,,,,,,,,,,,,,,,,,,,,,,,,,,,,,,,,,,,,,,,,
2026-27,football,Southern California Intercollegiate Athletic Conference (SCIAC),sciac,California Lutheran,"Lambert,Jayden",Jayden,Lambert,,105,"Lambert,Jayden","LAMBERT,JAYDEN",California Lutheran,CLU,1325-3673,3,0,35,35,0,0,0,0,,,,,,,,,,,,,,,,,,,,,,,,,,,,,,,,,,,,,,,,,,,,,,,,,,,,,,,,,,,,,,,,,,,,,,,,,,,,,,,,,,,,,,,,,,,,,,,,,,,,,,,,,,,,,,,,,,11,385,44,0,0,2,0,1,35.0,,,,,
2026-27,football,Southern California Intercollegiate Athletic Conference (SCIAC),sciac,California Lutheran,"Gove,Jacob",Jacob,Gove,,105,"Gove,Jacob","GOVE,JACOB",California Lutheran,CLU,1325-3001,3,0,38,38,0,0,0,0,,,,,,,,,,,,,,,,,,,,,,,,,,,,,,,,,,,,,,,,,,,,,,,,,,,,,,,,,,,,,,,,,,,,,,,,,,,,,,,,,,,,,,,,,,,,,,,,,,,,,,,,,,,,,,,,,,,,,,,,,,,,,,,
2026-27,football,Southern California Intercollegiate Athletic Conference (SCIAC),sciac,California Lutheran,"Bowers,Logan",Logan,Bowers,,105,"Bowers,Logan","BOWERS,LOGAN",California Lutheran,CLU,1325-3650,3,3,42,42,0,0,LB,0,,,,,,,,,,,,0,19,9,28,28,2.5,.0,.0,2,1,4,0,0,0,0,0,1,2,0,0,0,0,0,0,,,,,,,,,,,,,,,,,,,,,,,,,,,,,,,,,,,,,,,,,,,,,,,,,,,,,,,,,,,,,,,,,,,,,,,,,,,,,,,,,,,,,,,,,,,,
2026-27,football,Southern California Intercollegiate Athletic Conference (SCIAC),sciac,California Lutheran,"Montegna,Matthew",Matthew,Montegna,,105,"Montegna,Matthew","MONTEGNA,MATTHEW",California Lutheran,CLU,1325-3679,3,0,47,47,0,0,0,0,,,,,,,,,,,,0,0,0,0,0,.0,.0,.0,0,0,0,0,0,0,0,0,0,0,0,0,0,0,0,0,,,,,,11,0,0,0,0,0,0,0,0,11,11,3.67,,,,,,,,,,,,,,,,,,,,,,,,,,,,,,,,,,,,,,,,14,11,0,0,0,0,0,0,0,0,0,0,,,,,,,,,,,,,,,,,,,,0,2,0,0,.0
2026-27,football,Southern California Intercollegiate Athletic Conference (SCIAC),sciac,California Lutheran,"Guzman,Tyler",Tyler,Guzman,,105,"Guzman,Tyler","GUZMAN,TYLER",California Lutheran,CLU,1325-3393,3,0,52,52,0,0,LB,0,,,,,,,,,,,,0,1,2,3,3,.0,.0,.0,0,0,0,0,0,0,0,0,0,0,0,0,0,0,0,0,,,,,,,,,,,,,,,,,,,,,,,,,,,,,,,,,,,,,,,,,,,,,,,,,,,,,,,,,,,,,,,,,,,,,,,,,,,,,,,,,,,,,,,,,,,,
2026-27,football,Southern California Intercollegiate Athletic Conference (SCIAC),sciac,California Lutheran,"Torabyan,Anthony",Anthony,Torabyan,,105,"Torabyan,Anthony","TORABYAN,ANTHONY",California Lutheran,CLU,1325-3098,2,0,54,54,0,0,LB,0,,,,,,,,,,,,0,1,1,2,2,1.0,.0,.0,1,0,1,0,0,0,0,0,0,0,0,0,0,0,0,0,,,,,,,,,,,,,,,,,,,,,,,,,,,,,,,,,,,,,,,,,,,,,,,,,,,,,,,,,,,,,,,,,,,,,,,,,,,,,,,,,,,,,,,,,,,,
2026-27,football,Southern California Intercollegiate Athletic Conference (SCIAC),sciac,California Lutheran,"Greer,Isaiah",Isaiah,Greer,,105,"Greer,Isaiah","GREER,ISAIAH",California Lutheran,CLU,1325-3972,3,0,55,55,0,OL,0,0,,,,,,,,,,,,0,2,0,2,2,1.0,.0,.0,1,0,2,0,0,0,0,0,1,0,0,0,0,0,0,0,,,,,,,,,,,,,,,,,,,,,,,,,,,,,,,,,,,,,,,,,,,,,,,,,,,,,,,,,,,,,,,,,,,,,,,,,,,,,,,,,,,,,,,,,,,,
2026-27,football,Southern California Intercollegiate Athletic Conference (SCIAC),sciac,California Lutheran,"Thompson,Easton",Easton,Thompson,,105,"Thompson,Easton","THOMPSON,EASTON",California Lutheran,CLU,1325-3694,3,0,56,56,0,0,LB,0,,,,,,,,,,,,0,1,4,5,5,.0,.0,.0,0,0,0,0,0,0,0,0,0,0,0,0,0,0,0,0,,,,,,,,,,,,,,,,,,,,,,,,,,,,,,,,,,,,,,,,,,,,,,,,,,,,,,,,,,,,,,,,,,,,,,,,,,,,,,,,,,,,,,,,,,,,
2026-27,football,Southern California Intercollegiate Athletic Conference (SCIAC),sciac,California Lutheran,"Hurley,Derek",Derek,Hurley,,105,"Hurley,Derek","HURLEY,DEREK",California Lutheran,CLU,1325-3671,3,3,58,5B,0,0,LB,0,,,,,,,,,,,,0,5,9,14,14,.0,.0,.0,0,0,0,0,0,0,0,0,0,0,0,0,0,0,0,0,,,,,,,,,,,,,,,,,,,,,,,,,,,,,,,,,,,,,,,,,,,,,,,,,,,,,,,,,,,,,,,,,,,,,,,,,,,,,,,,,,,,,,,,,,,,
2026-27,football,Southern California Intercollegiate Athletic Conference (SCIAC),sciac,California Lutheran,"Flores,Sam",Sam,Flores,,105,"Flores,Sam","FLORES,SAM",California Lutheran,CLU,1325-3975,1,0,62,62,0,OL,0,0,,,,,,,,,,,,,,,,,,,,,,,,,,,,,,,,,,,,,,,,,,,,,,,,,,,,,,,,,,,,,,,,,,,,,,,,,,,,,,,,,,,,,,,,,,,,,,,,,,,,,,,,,,,,,,,,,,,,,,,,,,,,,,,
2026-27,football,Southern California Intercollegiate Athletic Conference (SCIAC),sciac,California Lutheran,"Bradley,Sawyer",Sawyer,Bradley,,105,"Bradley,Sawyer","BRADLEY,SAWYER",California Lutheran,CLU,1325-3405,1,0,67,67,0,OL,0,0,,,,,,,,,,,,,,,,,,,,,,,,,,,,,,,,,,,,,,,,,,,,,,,,,,,,,,,,,,,,,,,,,,,,,,,,,,,,,,,,,,,,,,,,,,,,,,,,,,,,,,,,,,,,,,,,,,,,,,,,,,,,,,,
2026-27,football,Southern California Intercollegiate Athletic Conference (SCIAC),sciac,California Lutheran,"Huerta,Osbaldo",Osbaldo,Huerta,,105,"Huerta,Osbaldo","HUERTA,OSBALDO",California Lutheran,CLU,1325-3400,1,0,69,69,0,OL,0,0,,,,,,,,,,,,,,,,,,,,,,,,,,,,,,,,,,,,,,,,,,,,,,,,,,,,,,,,,,,,,,,,,,,,,,,,,,,,,,,,,,,,,,,,,,,,,,,,,,,,,,,,,,,,,,,,,,,,,,,,,,,,,,,
2026-27,football,Southern California Intercollegiate Athletic Conference (SCIAC),sciac,California Lutheran,"Seefeldt,Tyler",Tyler,Seefeldt,,105,"Seefeldt,Tyler","SEEFELDT,TYLER",California Lutheran,CLU,1325-3977,3,3,71,71,0,OL,0,0,,,,,,,,,,,,,,,,,,,,,,,,,,,,,,,,,,,,,,,,,,,,,,,,,,,,,,,,,,,,,,,,,,,,,,,,,,,,,,,,,,,,,,,,,,,,,,,,,,,,,,,,,,,,,,,,,,,,,,,,,,,,,,,
2026-27,football,Southern California Intercollegiate Athletic Conference (SCIAC),sciac,California Lutheran,"Anguiano,Gabriel",Gabriel,Anguiano,,105,"Anguiano,Gabriel","ANGUIANO,GABRIEL",California Lutheran,CLU,1325-2621,3,3,73,73,0,OL,0,0,,,,,,,,,,,,,,,,,,,,,,,,,,,,,,,,,,,,,,,,,,,,,,,,,,,,,,,,,,,,,,,,,,,,,,,,0,0,0,0,0,0,.0,.0,,,,,,,,,,,,,,,,,,,,,,,,,,,,,,,,,,,,,,,,,,,,,,,,
2026-27,football,Southern California Intercollegiate Athletic Conference (SCIAC),sciac,California Lutheran,"Martinez,Kaleb",Kaleb,Martinez,,105,"Martinez,Kaleb","MARTINEZ,KALEB",California Lutheran,CLU,1325-3675,3,3,75,75,0,OL,0,0,,,,,,,,,,,,,,,,,,,,,,,,,,,,,,,,,,,,,,,,,,,,,,,,,,,,,,,,,,,,,,,,,,,,,,,,,,,,,,,,,,,,,,,,,,,,,,,,,,,,,,,,,,,,,,,,,,,,,,,,,,,,,,,
2026-27,football,Southern California Intercollegiate Athletic Conference (SCIAC),sciac,California Lutheran,"Gonzalez,Esteban",Esteban,Gonzalez,,105,"Gonzalez,Esteban","GONZALEZ,ESTEBAN",California Lutheran,CLU,1325-3706,3,3,77,77,0,OL,0,0,,,,,,,,,,,,,,,,,,,,,,,,,,,,,,,,,,,,,,,,,,,,,,,,,,,,,,,,,,,,,,,,,,,,,,,,0,0,0,0,0,0,.0,.0,,,,,,,,,,,,,,,,,,,,,,,,,,,,,,,,,,,,,,,,,,,,,,,,
2026-27,football,Southern California Intercollegiate Athletic Conference (SCIAC),sciac,California Lutheran,"Curtis,Ryan",Ryan,Curtis,,105,"Curtis,Ryan","CURTIS,RYAN",California Lutheran,CLU,1325-3660,2,2,79,79,0,OL,0,0,,,,,,,,,,,,,,,,,,,,,,,,,,,,,,,,,,,,,,,,,,,,,,,,,,,,,,,,,,,,,,,,,,,,,,,,,,,,,,,,,,,,,,,,,,,,,,,,,,,,,,,,,,,,,,,,,,,,,,,,,,,,,,,
2026-27,football,Southern California Intercollegiate Athletic Conference (SCIAC),sciac,California Lutheran,"Caruso,Nico",Nico,Caruso,,105,"Caruso,Nico","CARUSO,NICO",California Lutheran,CLU,1325-3653,3,0,81,81,0,WR,0,0,,,1,8,0,8,8.0,,,,,0,1,0,1,1,.0,.0,.0,0,0,0,0,0,0,0,0,0,0,0,0,0,0,0,0,,,,,,,,,,,,,,,,,,,,,,,,,,,,,,,,,,,,,,,,,,,,,,,,,,,,,,,,,,,,,,,,,,,,,,,,,,,,,,,,,,,,,,,,,,,,
2026-27,football,Southern California Intercollegiate Athletic Conference (SCIAC),sciac,California Lutheran,"Chavez,Bradley",Bradley,Chavez,,105,"Chavez,Bradley","CHAVEZ,BRADLEY",California Lutheran,CLU,1325-3655,3,0,83,83,0,WR,0,0,,,1,8,1,8,8.0,,,,,0,0,0,0,0,.0,.0,.0,0,0,0,0,0,0,0,0,0,0,0,0,0,0,0,0,,,,,,0,1,0,0,0,0,0,0,0,6,6,2,,,,,,,,,,,,,,,,,,,,,,,,,,,,,,,,,,,,,,,,,,,,,,,,,,,,,,,,,,,,,,,,,,,,,,,,,,,
2026-27,football,Southern California Intercollegiate Athletic Conference (SCIAC),sciac,California Lutheran,"Freed,Cody",Cody,Freed,,105,"Freed,Cody","FREED,CODY",California Lutheran,CLU,1325-3665,3,0,85,85,0,TE,0,0,,,2,13,0,10,6.5,,,,,,,,,,,,,,,,,,,,,,,,,,,,,,,,,,,,,,,,,,,,,,,,,,,,,,,,,,,,,,,,,,,,,,,,,,,,,,,,,,,,,,,,,,,,,,,,,2,23,0,12,11.5,,,,,,,,,,,,,,,,,,,
2026-27,football,Southern California Intercollegiate Athletic Conference (SCIAC),sciac,California Lutheran,"Juarez,Max",Max,Juarez,,105,"Juarez,Max","JUAREZ,MAX",California Lutheran,CLU,1325-3002,3,3,95,95,0,0,DL,0,,,,,,,,,,,,0,6,9,15,15,2.5,.0,.0,2,1,12,0.5,0,1,6,0,0,0,0,0,0,0,0,0,,,,,,,,,,,,,,,,,,,,,,,,,,,,,,,,,,,,,,,,,,,,,,,,,,,,,,,,,,,,,,,,,,,,,,,,,,,,,,,,,,,,,,,,,,,,
2026-27,football,Southern California Intercollegiate Athletic Conference (SCIAC),sciac,California Lutheran,"Wood,Jayden",Jayden,Wood,,105,"Wood,Jayden","WOOD,JAYDEN",California Lutheran,CLU,1325-3701,3,0,98,98,0,0,DL,0,,,,,,,,,,,,0,5,6,11,11,.0,.0,.0,0,0,0,0,0,0,0,0,0,0,0,0,0,0,0,0,,,,,,,,,,,,,,,,,,,,,,,,,,,,,,,,,,,,,,,,,,,,,,,,,,,,,,,,,,,,,,,,,,,,,,,,,,,,,,,,,,,,,,,,,,,,
2026-27,football,Southern California Intercollegiate Athletic Conference (SCIAC),sciac,California Lutheran,"Vargas,JD",JD,Vargas,,105,"Vargas,JD","VARGAS,JD",California Lutheran,CLU,1325-3698,3,3,99,99,0,0,DL,0,,,,,,,,,,,,0,3,7,10,10,.0,.0,.0,0,0,0,0,0,0,0,0,0,0,0,0,0,0,0,0,,,,,,,,,,,,,,,,,,,,,,,,,,,,,,,,,,,,,,,,,,,,,,,,,,,,,,,,,,,,,,,,,,,,,,,,,,,,,,,,,,,,,,,,,,,,
2026-27,football,Southern California Intercollegiate Athletic Conference (SCIAC),sciac,California Lutheran,"Treggs,Brandon",Brandon,Treggs,,105,"Treggs,Brandon","TREGGS,BRANDON",California Lutheran,CLU,1325-3696,2,0,2,2,0,WR,0,0,,,,,,,,,,,,0,0,0,0,0,.0,.0,.0,0,0,0,0,0,0,0,0,0,0,0,0,0,0,0,0,,,,,,0,1,0,0,0,0,0,0,0,6,6,3,,,,,,,,,,,,,,,,,,1,0,4,25,32,7,1,13,6.3,12.5,,,,,,,,,,,,,,,,,,,,,,,,,,,,,,,,,,,,,,,,,,,,,,,,
2026-27,football,Southern California Intercollegiate Athletic Conference (SCIAC),sciac,California Lutheran,"Taylor,Kaden",Kaden,Taylor,,105,"Taylor,Kaden","TAYLOR,KADEN",California Lutheran,CLU,1325-3692,2,0,8,8,0,QB,0,0,,,,,,,,,,,,,,,,,,,,,,,,,,,,,,,,,,,,,,,,,,,,,,,,,,,,,,,,,,,,,,,,,,,,,,,,8,33,34,1,0,9,4.1,16.5,0,0,10,0,10,0,2,1,92.0,5.00,10.00,5.0,,,,,,,,,,,,,,,,,,,,,,,,,,,,,,,,,,,,
2026-27,football,Southern California Intercollegiate Athletic Conference (SCIAC),sciac,California Lutheran,"Laufenberg,Nick",Nick,Laufenberg,,105,"Laufenberg,Nick","LAUFENBERG,NICK",California Lutheran,CLU,1325-3361,2,0,17,17,0,WR,0,0,,,2,15,0,8,7.5,,,,,,,,,,,,,,,,,,,,,,,,,,,,,,,,,,,,,,,,,,,,,,,,,,,,,,,,,,,,,,,,,,,,,,,,,,,,,,,,,,,,,,,,,,,,,,,,,,,,,,,,,,,,,,,,,,,,,,,,
2026-27,football,Southern California Intercollegiate Athletic Conference (SCIAC),sciac,California Lutheran,"Tinker,Jayden",Jayden,Tinker,,105,"Tinker,Jayden","TINKER,JAYDEN",California Lutheran,CLU,1325-3954,1,0,29,29,0,RB,0,0,,,,,,,,,,,,,,,,,,,,,,,,,,,,,,,,,,,,,,,,,,,,,,,,,,,,,,,,,,,,,,,,,,,,,,,,2,1,1,0,0,1,.5,1.0,,,,,,,,,,,,,,,,,,,,,,,,,,,,,,,,,,,,,,,,,,,,,,,,
2026-27,football,Southern California Intercollegiate Athletic Conference (SCIAC),sciac,California Lutheran,"Robinson,Dylan",Dylan,Robinson,,105,"Robinson,Dylan","ROBINSON,DYLAN",California Lutheran,CLU,1325-3019,1,0,34,34,0,RB,0,0,,,,,,,,,,,,,,,,,,,,,,,,,,,,,,,,,,,,,,,,,,,,,,,,,,,,,,,,,,,,,,,,,,,,,,,,1,1,1,0,0,1,1.0,1.0,,,,,,,,,,,,,,,,,,,,,,,,,,,,,,,,,,,,,,,,,,,,,,,,
2026-27,football,Southern California Intercollegiate Athletic Conference (SCIAC),sciac,California Lutheran,"Johnson,Jacob",Jacob,Johnson,,105,"Johnson,Jacob","JOHNSON,JACOB",California Lutheran,CLU,1325-3960,1,0,35,3E,0,0,CB,0,,,,,,,,,,,,0,1,0,1,1,.0,.0,.0,0,0,0,0,0,0,0,0,0,0,0,0,0,0,0,0,,,,,,,,,,,,,,,,,,,,,,,,,,,,,,,,,,,,,,,,,,,,,,,,,,,,,,,,,,,,,,,,,,,,,,,,,,,,,,,,,,,,,,,,,,,,
2026-27,football,Southern California Intercollegiate Athletic Conference (SCIAC),sciac,California Lutheran,"Brannon,Kevin",Kevin,Brannon,,105,"Brannon,Kevin","BRANNON,KEVIN",California Lutheran,CLU,1325-3970,1,0,51,51,0,0,LB,0,,,,,,,,,,,,0,0,1,1,1,.0,.0,.0,0,0,0,0,0,0,0,0,0,0,0,0,0,0,0,0,,,,,,,,,,,,,,,,,,,,,,,,,,,,,,,,,,,,,,,,,,,,,,,,,,,,,,,,,,,,,,,,,,,,,,,,,,,,,,,,,,,,,,,,,,,,
2026-27,football,Southern California Intercollegiate Athletic Conference (SCIAC),sciac,California Lutheran,"Pineda,Kenny",Kenny,Pineda,,105,"Pineda,Kenny","PINEDA,KENNY",California Lutheran,CLU,1325-3971,2,0,53,53,0,0,DL,0,,,,,,,,,,,,0,1,3,4,4,.0,.0,.0,0,0,0,0,0,0,0,0,0,0,0,0,0,0,0,0,,,,,,,,,,,,,,,,,,,,,,,,,,,,,,,,,,,,,,,,,,,,,,,,,,,,,,,,,,,,,,,,,,,,,,,,,,,,,,,,,,,,,,,,,,,,
2026-27,football,Southern California Intercollegiate Athletic Conference (SCIAC),sciac,California Lutheran,"Thom,Isaiah",Isaiah,Thom,,105,"Thom,Isaiah","THOM,ISAIAH",California Lutheran,CLU,1325-3981,1,0,80,80,0,WR,0,0,,,0,0,0,0,.0,,,,,,,,,,,,,,,,,,,,,,,,,,,,,,,,,,,,,,,,,,,,,,,,,,,,,,,,,,,,,,,,,,,,,,,,,,,,,,,,,,,,,,,,,,,,,,,,,,,,,,,,,,,,,,,,,,,,,,,,
2026-27,football,Southern California Intercollegiate Athletic Conference (SCIAC),sciac,California Lutheran,"Colvin,Dejuan",Dejuan,Colvin,,105,"Colvin,Dejuan","COLVIN,DEJUAN",California Lutheran,CLU,1325-3656,1,0,91,91,0,0,DL,0,,,,,,,,,,,,0,1,1,2,2,.0,.0,.0,0,0,0,0,0,0,0,0,0,0,0,0,0,0,0,0,,,,,,,,,,,,,,,,,,,,,,,,,,,,,,,,,,,,,,,,,,,,,,,,,,,,,,,,,,,,,,,,,,,,,,,,,,,,,,,,,,,,,,,,,,,,
2026-27,football,Southern California Intercollegiate Athletic Conference (SCIAC),sciac,California Lutheran,"Thompson,Tyler",Tyler,Thompson,,105,"Thompson,Tyler","THOMPSON,TYLER",California Lutheran,CLU,1325-3693,1,0,6,6A,0,0,CB,0,,,,,,,,,,,,0,2,1,3,3,.0,.0,.0,0,0,0,0,0,0,0,0,0,0,0,0,0,0,0,0,,,,,,,,,,,,,,,,,,,,,,,,,,,,,,,,,,,,,,,,,,,,,,,,,,,,,,,,,,,,,,,,,,,,,,,,,,,,,,,,,,,,,,,,,,,,
2026-27,football,Southern California Intercollegiate Athletic Conference (SCIAC),sciac,California Lutheran,"Agbalaya,Kayode",Kayode,Agbalaya,,105,"Agbalaya,Kayode","AGBALAYA,KAYODE",California Lutheran,CLU,1325-3363,0,0,21,21,0,WR,0,0,,,,,,,,,,,,0,0,0,0,0,.0,.0,.0,0,0,0,0,0,0,0,0,0,0,0,0,0,0,0,0,,,,,,,,,,,,,,,,,,,,,,,,,,0,0,0,0,.0,,,,,,,,,,,,,,,,,,,,,,,,,,,,,,,,,,,,,,,,,,,,,,,,,,,,,,,,,,,,,,
2026-27,football,Southern California Intercollegiate Athletic Conference (SCIAC),sciac,California Lutheran,"Klinzing,Dylan",Dylan,Klinzing,,105,"Klinzing,Dylan","KLINZING,DYLAN",California Lutheran,CLU,1325-3973,1,0,57,5A,0,0,LB,0,,,,,,,,,,,,0,0,1,1,1,.0,.0,.0,0,0,0,0,0,0,0,0,0,0,0,0,0,0,0,0,,,,,,,,,,,,,,,,,,,,,,,,,,,,,,,,,,,,,,,,,,,,,,,,,,,,,,,,,,,,,,,,,,,,,,,,,,,,,,,,,,,,,,,,,,,,
2026-27,football,Southern California Intercollegiate Athletic Conference (SCIAC),sciac,California Lutheran,"Lawson,Luke",Luke,Lawson,,105,"Lawson,Luke","LAWSON,LUKE",California Lutheran,CLU,1325-3404,1,1,66,66,0,OL,0,0,,,,,,,,,,,,,,,,,,,,,,,,,,,,,,,,,,,,,,,,,,,,,,,,,,,,,,,,,,,,,,,,,,,,,,,,,,,,,,,,,,,,,,,,,,,,,,,,,,,,,,,,,,,,,,,,,,,,,,,,,,,,,,,
2026-27,football,Southern California Intercollegiate Athletic Conference (SCIAC),sciac,California Lutheran,"Wagner,Preston",Preston,Wagner,,105,"Wagner,Preston","WAGNER,PRESTON",California Lutheran,CLU,1325-3699,1,0,45,45,0,TE,0,0,,,,,,,,,,,,,,,,,,,,,,,,,,,,,,,,,,,,,,,,,,,,,,,,,,,,,,,,,,,,,,,,,,,,,,,,,,,,,,,,,,,,,,,,,,,,,,,,,,,,,,,,,,,,,,,,,,,,,,,,,,,,,,,
2026-27,football,Southern California Intercollegiate Athletic Conference (SCIAC),sciac,La Verne,"Yanez,Chase",Chase,Yanez,,341,"Yanez,Chase","YANEZ,CHASE",La Verne,ULV,1162-3311,3,3,0,0,0,0,DB,0,,,,,,,,,,,,0,13,7,20,20,.0,.0,.0,0,0,0,0,0,0,0,2,0,0,0,0,1,0,0,2,,,,,,,,,,,,,,,,,,,,,,,,,,,,,,,,,,,0,0,,,,,,,,,,,,,,,,,,,,,,,,,,,,,,,,,,,,,,,,,,,,,,,,,,,,,,,,
2026-27,football,Southern California Intercollegiate Athletic Conference (SCIAC),sciac,La Verne,"Brown,Jomar",Jomar,Brown,,341,"Brown,Jomar","BROWN,JOMAR",La Verne,ULV,1162-3502,3,3,1,1,0,0,DB,0,,,,,,,,,,,,0,5,2,7,7,1.0,.0,.0,1,0,2,0,0,0,0,1,0,0,0,0,0,0,0,1,,,,,,,,,,,,,,,,,,,,,,,,,,,,,,,,,,,,,,,,,,,,,,,,,,,,,,,,,,,,,,,,,,,,,,,,,,,,,,,,,,,,,,,,,,,,
2026-27,football,Southern California Intercollegiate Athletic Conference (SCIAC),sciac,La Verne,"Rumsey,Jimmy",Jimmy,Rumsey,,341,"Rumsey,Jimmy","RUMSEY,JIMMY",La Verne,ULV,1162-3557,2,2,2,2,0,WR,0,0,,,8,104,2,42,13.0,,,,,0,0,0,0,0,.0,.0,.0,0,0,0,0,0,0,0,0,0,0,0,0,0,0,0,0,,,,,,0,2,0,0,0,0,0,0,0,12,12,6,,,,,,,,,,,,,,,,,,1,1,1,13,13,0,0,13,13.0,6.5,,,,,,,,,,,,,,,,,,,,,,,,,,,,,,5,76,0,35,15.2,,,,,,,,,,,,,,
2026-27,football,Southern California Intercollegiate Athletic Conference (SCIAC),sciac,La Verne,"Ropke,Ronald",Ronald,Ropke,,341,"Ropke,Ronald","ROPKE,RONALD",La Verne,ULV,1162-3555,3,3,3,3,0,WR,0,0,,,6,37,0,13,6.2,,,,,0,1,0,1,1,.0,.0,.0,0,0,0,0,0,0,0,0,0,0,0,0,0,0,0,0,,,,,,,,,,,,,,,,,,,,,,,,,,,,,,,,,,,,,1,3,3,0,0,3,3.0,1.0,,,,,,,,,,,,,,,,,,,,,,,,,6,125,0,27,20.8,,,,,,,,,,,,,,,,,,,
2026-27,football,Southern California Intercollegiate Athletic Conference (SCIAC),sciac,La Verne,"Allen,Noah",Noah,Allen,,341,"Allen,Noah","ALLEN,NOAH",La Verne,ULV,1162-3497,3,3,4,4,0,WR,0,0,,,9,91,0,20,10.1,,,,,0,1,0,1,1,.0,.0,.0,0,0,0,0,0,0,0,0,0,0,0,0,0,0,0,0,,,,,,,,,,,,,,,,,,,,,,,,,,,,,,,,,,,,,,,,,,,,,,,,,,,,,,,,,,,,,,,,,,,,,,,,,,,,,,,,,,,,,,,,,,,,
2026-27,football,Southern California Intercollegiate Athletic Conference (SCIAC),sciac,La Verne,"Harrison,Kaleb",Kaleb,Harrison,,341,"Harrison,Kaleb","HARRISON,KALEB",La Verne,ULV,1162-4223,3,0,5,5,0,0,DB,0,,,,,,,,,,,,0,8,1,9,9,.5,.0,.0,0,1,0,0,0,0,0,1,0,0,0,0,0,0,0,1,,,,,,,,,,,,,,,,,,,,,,,,,,,,,,,,,,,,,,,,,,,,,,,,,,,,,,,,,,,,,,,,,,,,,,,,,,,,,,,,,,,,,,,,,,,,
2026-27,football,Southern California Intercollegiate Athletic Conference (SCIAC),sciac,La Verne,"Hernandez,Jordan",Jordan,Hernandez,,341,"Hernandez,Jordan","HERNANDEZ,JORDAN",La Verne,ULV,1162-3528,3,3,6,6,0,QB,0,0,,,,,,,,,,,,0,0,0,0,0,.0,.0,.0,0,0,0,0,0,0,0,0,0,0,0,0,0,0,0,0,,,,,,,,,,,,,,,,,,,,,,,,,,,,,,,,,,,1,0,32,125,147,22,0,17,3.9,41.7,15,3,42,4,323,0,48,30,146.5,6.73,10.77,107.7,,,,,,,,,,,,,,,,,,,,,,,,,,,,,,,,,,,,
2026-27,football,Southern California Intercollegiate Athletic Conference (SCIAC),sciac,La Verne,"Mondini,Justin",Justin,Mondini,,341,"Mondini,Justin","MONDINI,JUSTIN",La Verne,ULV,1162-3819,3,3,8,8,0,0,DB,0,,,,,,,,,,,,0,8,3,11,11,.0,.0,.0,0,0,0,0,0,0,0,2,0,0,0,0,0,0,0,2,,,,,,,,,,,,,,,,,,,,,,,,,,,,,,,,,,,,,,,,,,,,,,,,,,,,,,,,,,,,,,,,,,,,,,,,,,,,,,,,,,,,,,,,,,,,
2026-27,football,Southern California Intercollegiate Athletic Conference (SCIAC),sciac,La Verne,"Martin,Devin",Devin,Martin,,341,"Martin,Devin","MARTIN,DEVIN",La Verne,ULV,1162-3539,3,3,9,9,0,0,LB,0,,,,,,,,,,,,0,8,4,12,12,2.5,.0,.0,2,1,8,0,0,0,0,0,0,2,0,0,0,0,0,0,,,,,,,,,,,,,,,,,,,,,,,,,,,,,,,,,,,,,,,,,,,,,,,,,,,,,,,,,,,,,,,,,,,,,,,,,,,,,,,,,,,,,,,,,,,,
2026-27,football,Southern California Intercollegiate Athletic Conference (SCIAC),sciac,La Verne,"Reiner,Dylan",Dylan,Reiner,,341,"Reiner,Dylan","REINER,DYLAN",La Verne,ULV,1162-3827,3,3,10,10,0,0,LB,0,,,,,,,,,,,,0,5,2,7,7,1.0,.0,.0,1,0,10,0,0,0,0,1,0,0,0,0,0,0,0,1,,,,,,,,,,,,,,,,,,,,,,,,,,,,,,,,,,,,,,,,,,,,,,,,,,,,,,,,,,,,,,,,,,,,,,,,,,,,,,,,,,,,,,,,,,,,
2026-27,football,Southern California Intercollegiate Athletic Conference (SCIAC),sciac,La Verne,"Rudden,Brian",Brian,Rudden,,341,"Rudden,Brian","RUDDEN,BRIAN",La Verne,ULV,1162-3556,3,0,12,12,0,QB,0,0,,,,,,,,,,,,0,0,0,0,0,.0,.0,.0,0,0,0,0,0,0,0,0,0,0,0,0,0,0,0,0,,,,,,0,1,0,0,0,0,0,0,0,6,6,2,,,,,,,,,,,,,,,,,,,,7,47,47,0,1,30,6.7,15.7,0,0,32,1,125,0,29,15,99.3,4.31,8.33,41.7,,,,,,,,,,,,,,,,,,,,,,,,,,,,,,,,,,,,
2026-27,football,Southern California Intercollegiate Athletic Conference (SCIAC),sciac,La Verne,"McCown,Tyler",Tyler,McCown,,341,"McCown,Tyler","MCCOWN,TYLER",La Verne,ULV,1162-3814,3,3,15,15,0,RB,0,0,,,8,59,0,31,7.4,,,,,0,0,0,0,0,.0,.0,.0,0,0,0,0,0,0,0,0,0,0,0,0,0,0,0,0,,,,,,0,3,0,0,0,0,0,0,0,18,18,6,,,,,,,,,,,,,,,,,,1,0,72,412,428,16,3,43,5.7,137.3,,,,,,,,,,,,,,,,,,,,,,,,,,,,,,,,,,,,,,,,,,,,,,,,
2026-27,football,Southern California Intercollegiate Athletic Conference (SCIAC),sciac,La Verne,"Tagaloa,Dalton",Dalton,Tagaloa,,341,"Tagaloa,Dalton","TAGALOA,DALTON",La Verne,ULV,1162-4280,3,3,21,21,0,0,S,0,,,,,,,,,,,,0,11,3,14,14,1.0,.0,.0,1,0,4,0,0,0,0,1,0,0,0,0,0,0,0,1,,,,,,,,,,,,,,,,,,,,,,,,,,,,,,,,,,,,,,,,,,,,,,,,,,,,,,,,,,,,,,,,,,,,,,,,,,,,,,,,,,,,,,,,,,,,
2026-27,football,Southern California Intercollegiate Athletic Conference (SCIAC),sciac,La Verne,"Suell,Markyvion",Markyvion,Suell,,341,"Suell,Markyvion","SUELL,MARKYVION",La Verne,ULV,1162-4314,2,0,29,29,0,0,DB,0,,,,,,,,,,,,0,0,0,0,0,.0,.0,.0,0,0,0,0,0,0,0,1,0,0,0,0,0,0,0,1,,,,,,,,,,,,,,,,,,,,,,,,,,,,,,,,,,,,,,,,,,,,,,,,,,,,,,,,,,,,,,,,,,,,,,,,,,,,,,,,,,,,,,,,,,,,
2026-27,football,Southern California Intercollegiate Athletic Conference (SCIAC),sciac,La Verne,"Kenney,Trevon",Trevon,Kenney,,341,"Kenney,Trevon","KENNEY,TREVON",La Verne,ULV,1162-4075,3,3,30,30,0,0,CB,0,,,,,,,,,,,,61,5,1,6,6,.5,.0,.0,0,1,1,0,0,0,0,0,0,0,0,0,0,0,2,2,,,,,,0,1,0,0,0,0,0,0,0,6,6,2,,,,,,,,,2,61,1,49,30.5,,,,,,,,,,,,,,,,,,,,,,,,,,,,,,,,,,,,,,,,,,,,,,,,,,,,,,,,,,,,,,
2026-27,football,Southern California Intercollegiate Athletic Conference (SCIAC),sciac,La Verne,"Cuevas,Jacob",Jacob,Cuevas,,341,"Cuevas,Jacob","CUEVAS,JACOB",La Verne,ULV,1162-4217,3,0,31,31,0,0,0,0,,,,,,,,,,,,0,0,0,0,0,.0,.0,.0,0,0,0,0,0,0,0,0,0,0,0,0,0,0,0,0,,,,,,10,0,5,0,0,0,0,0,0,25,25,8.33,,17,945,0,2,55.6,,,,,,,,,,,,1,0,1,-18,0,18,0,0,-18.0,-6.0,,,,,,,,,,,,,10,10,0,0,0,0,0,0,0,0,0,0,,,,,,,,,,,9,322,57,0,0,3,1,3,35.8,5,5,27,0,100.0
2026-27,football,Southern California Intercollegiate Athletic Conference (SCIAC),sciac,La Verne,"Barnes,Kekoa",Kekoa,Barnes,,341,"Barnes,Kekoa","BARNES,KEKOA",La Verne,ULV,1162-3499,2,0,34,34,0,0,DB,0,,,,,,,,,,,,0,0,0,0,0,.0,.0,.0,0,0,0,0,0,0,0,1,0,0,0,0,0,0,0,1,,,,,,,,,,,,,,,,,,,,,,,,,,,,,,,,,,,,,,,,,,,,,,,,,,,,,,,,,,,,,,,,,,,,,,,,,,,,,,,,,,,,,,,,,,,,
2026-27,football,Southern California Intercollegiate Athletic Conference (SCIAC),sciac,La Verne,"Neal,Amir",Amir,Neal,,341,"Neal,Amir","NEAL,AMIR",La Verne,ULV,1162-4276,3,0,35,35,0,0,LB,0,,,,,,,,,,,,0,1,0,1,1,1.0,.0,.0,1,0,3,0,0,0,0,0,0,0,0,0,0,0,0,0,,,,,,,,,,,,,,,,,,,,,,,,,,,,,,,,,,,,,,,,,,,,,,,,,,,,,,,,,,,,,,,,,,,,,,,,,,,,,,,,,,,,,,,,,,,,
2026-27,football,Southern California Intercollegiate Athletic Conference (SCIAC),sciac,La Verne,"Felice,Salvatore",Salvatore,Felice,,341,"Felice,Salvatore","FELICE,SALVATORE",La Verne,ULV,1162-4220,3,1,41,41,0,0,LB,0,,,,,,,,,,,,0,2,9,11,11,.5,.0,.0,0,1,1,0,0,0,0,0,0,0,0,0,0,0,0,0,,,,,,,,,,,,,,,,,,,,,,,,,,,,,,,,,,,,,,,,,,,,,,,,,,,,,,,,,,,,,,,,,,,,,,,,,,,,,,,,,,,,,,,,,,,,
2026-27,football,Southern California Intercollegiate Athletic Conference (SCIAC),sciac,La Verne,"Brown,Kameron",Kameron,Brown,,341,"Brown,Kameron","BROWN,KAMERON",La Verne,ULV,1162-4070,3,0,42,42,0,RB,0,0,,,0,0,0,0,.0,,,,,,,,,,,,,,,,,,,,,,,,,,,,,,,,,,,,,,,,,,,,,,,,,,,,,,,,,,,,,,,,,7,18,23,5,0,6,2.6,6.0,,,,,,,,,,,,,,,,,,,,,,,,,2,10,0,11,5.0,,,,,,,,,,,,,,,,,,,
2026-27,football,Southern California Intercollegiate Athletic Conference (SCIAC),sciac,La Verne,"Kassisieh,Joseph",Joseph,Kassisieh,,341,"Kassisieh,Joseph","KASSISIEH,JOSEPH",La Verne,ULV,1162-4224,3,0,44,44,0,0,LB,0,,,,,,,,,,,,0,0,1,1,1,.0,.0,.0,0,0,0,0,0,0,0,1,0,0,0,0,0,0,0,1,,,,,,,,,,,,,,,,,,,,,,,,,,,,,,,,,,,,,,,,,,,,,,,,,,,,,,,,,,,,,,,,,,,,,,,,,,,,,,,,,,,,,,,,,,,,
2026-27,football,Southern California Intercollegiate Athletic Conference (SCIAC),sciac,La Verne,"Espana,Micah",Micah,Espana,,341,"Espana,Micah","ESPANA,MICAH",La Verne,ULV,1162-3794,2,1,47,47,0,0,DL,0,,,,,,,,,,,,0,0,1,1,1,.0,.0,.0,0,0,0,0,0,0,0,0,0,0,0,0,0,0,0,0,,,,,,,,,,,,,,,,,,,,,,,,,,,,,,,,,,,,,,,,,,,,,,,,,,,,,,,,,,,,,,,,,,,,,,,,,,,,,,,,,,,,,,,,,,,,
2026-27,football,Southern California Intercollegiate Athletic Conference (SCIAC),sciac,La Verne,"Viernes,Andres",Andres,Viernes,,341,"Viernes,Andres","VIERNES,ANDRES",La Verne,ULV,1162-4054,3,3,50,50,0,0,DL,0,,,,,,,,,,,,0,6,0,6,6,3.0,.0,.0,3,0,11,1,1,0,9,0,0,1,0,0,0,0,0,0,,,,,,,,,,,,,,,,,,,,,,,,,,,,,,,,,,,,,,,,,,,,,,,,,,,,,,,,,,,,,,,,,,,,,,,,,,,,,,,,,,,,,,,,,,,,
2026-27,football,Southern California Intercollegiate Athletic Conference (SCIAC),sciac,La Verne,"Laureano,Anthony",Anthony,Laureano,,341,"Laureano,Anthony","LAUREANO,ANTHONY",La Verne,ULV,1162-4274,3,1,54,54,0,OL,0,0,,,,,,,,,,,,0,1,3,4,4,.5,.0,.0,0,1,1,0,0,0,0,0,0,0,0,0,0,0,0,0,,,,,,,,,,,,,,,,,,,,,,,,,,,,,,,,,,,,,,,,,,,,,,,,,,,,,,,,,,,,,,,,,,,,,,,,,,,,,,,,,,,,,,,,,,,,
2026-27,football,Southern California Intercollegiate Athletic Conference (SCIAC),sciac,La Verne,"Rivera,Reynaldo",Reynaldo,Rivera,,341,"Rivera,Reynaldo","RIVERA,REYNALDO",La Verne,ULV,1162-3553,3,3,62,62,0,OL,0,0,,,,,,,,,,,,,,,,,,,,,,,,,,,,,,,,,,,,,,,,,,,,,,,,,,,,,,,,,,,,,,,,,,,,,,,,,,,,,,,,,,,,,,,,,,,,,,,,,,,,,,,,,,,,,,,,,,,,,,,,,,,,,,,
2026-27,football,Southern California Intercollegiate Athletic Conference (SCIAC),sciac,La Verne,"Knight,Luke",Luke,Knight,,341,"Knight,Luke","KNIGHT,LUKE",La Verne,ULV,1162-4225,3,3,66,66,0,OL,0,0,,,,,,,,,,,,,,,,,,,,,,,,,,,,,,,,,,,,,,,,,,,,,,,,,,,,,,,,,,,,,,,,,,,,,,,,,,,,,,,,,,,,,,,,,,,,,,,,,,,,,,,,,,,,,,,,,,,,,,,,,,,,,,,
2026-27,football,Southern California Intercollegiate Athletic Conference (SCIAC),sciac,La Verne,"Apodaca,Jose",Jose,Apodaca,,341,"Apodaca,Jose","APODACA,JOSE",La Verne,ULV,1162-3780,3,3,70,70,0,OL,0,0,,,,,,,,,,,,,,,,,,,,,,,,,,,,,,,,,,,,,,,,,,,,,,,,,,,,,,,,,,,,,,,,,,,,,,,,,,,,,,,,,,,,,,,,,,,,,,,,,,,,,,,,,,,,,,,,,,,,,,,,,,,,,,,
2026-27,football,Southern California Intercollegiate Athletic Conference (SCIAC),sciac,La Verne,"Nadonza,Angelo",Angelo,Nadonza,,341,"Nadonza,Angelo","NADONZA,ANGELO",La Verne,ULV,1162-4050,3,3,72,72,0,OC,0,0,,,,,,,,,,,,,,,,,,,,,,,,,,,,,,,,,,,,,,,,,,,,,,,,,,,,,,,,,,,,,,,,,,,,,,,,,,,,,,,,,,,,,,,,,,,,,,,,,,,,,,,,,,,,,,,,,,,,,,,,,,,,,,,
2026-27,football,Southern California Intercollegiate Athletic Conference (SCIAC),sciac,La Verne,"Kiess,Andrew",Andrew,Kiess,,341,"Kiess,Andrew","KIESS,ANDREW",La Verne,ULV,1162-4260,3,3,77,77,0,OL,0,0,,,,,,,,,,,,,,,,,,,,,,,,,,,,,,,,,,,,,,,,,,,,,,,,,,,,,,,,,,,,,,,,,,,,,,,,,,,,,,,,,,,,,,,,,,,,,,,,,,,,,,,,,,,,,,,,,,,,,,,,,,,,,,,
2026-27,football,Southern California Intercollegiate Athletic Conference (SCIAC),sciac,La Verne,"Gillis,Kasey",Kasey,Gillis,,341,"Gillis,Kasey","GILLIS,KASEY",La Verne,ULV,1162-3523,3,3,81,81,0,WR,0,0,,,8,90,1,20,11.3,,,,,0,0,0,0,0,.0,.0,.0,0,0,0,0,0,0,0,0,0,0,0,0,0,0,0,0,,,,,,0,1,0,0,0,0,0,0,0,6,6,2,,,,,,,,,,,,,,,,,,,,,,,,,,,,,,,,,,,,,,,,,,,,,,,,,,,,,,,,,,,,,,,,,,,,,,,,,,,
2026-27,football,Southern California Intercollegiate Athletic Conference (SCIAC),sciac,La Verne,"Aguilar,Leonardo",Leonardo,Aguilar,,341,"Aguilar,Leonardo","AGUILAR,LEONARDO",La Verne,ULV,1162-3496,1,0,82,82,0,WR,0,0,,,,,,,,,,,,0,1,0,1,1,.0,.0,.0,0,0,0,0,0,0,0,0,0,0,0,0,0,0,0,0,,,,,,,,,,,,,,,,,,,,,,,,,,,,,,,,,,,,,,,,,,,,,,,,,,,,,,,,,,,,,,,,,,,,,,,,,,,,,,,,,,,,,,,,,,,,
2026-27,football,Southern California Intercollegiate Athletic Conference (SCIAC),sciac,La Verne,"Chavez,Nicholas",Nicholas,Chavez,,341,"Chavez,Nicholas","CHAVEZ,NICHOLAS",La Verne,ULV,1162-4269,3,0,90,90,0,0,DL,0,,,,,,,,,,,,0,2,1,3,3,.0,.0,.0,0,0,0,0,0,0,0,1,0,0,0,0,0,0,0,1,,,,,,,,,,,,,,,,,,,,,,,,,,,,,,,,,,,,,,,,,,,,,,,,,,,,,,,,,,,,,,,,,,,,,,,,,,,,,,,,,,,,,,,,,,,,
2026-27,football,Southern California Intercollegiate Athletic Conference (SCIAC),sciac,La Verne,"Vega,JonLuke",JonLuke,Vega,,341,"Vega,JonLuke","VEGA,JONLUKE",La Verne,ULV,1162-3843,2,2,92,92,0,0,DL,0,,,,,,,,,,,,0,3,1,4,4,1.0,.0,.0,1,0,2,1,1,0,2,0,0,1,0,0,0,0,0,0,,,,,,,,,,,,,,,,,,,,,,,,,,,,,,,,,,,,,,,,,,,,,,,,,,,,,,,,,,,,,,,,,,,,,,,,,,,,,,,,,,,,,,,,,,,,
2026-27,football,Southern California Intercollegiate Athletic Conference (SCIAC),sciac,La Verne,"Johnson,Trevor",Trevor,Johnson,,341,"Johnson,Trevor","JOHNSON,TREVOR",La Verne,ULV,1162-4272,3,0,97,97,0,0,0,0,,,,,,,,,,,,,,,,,,,,,,,,,,,,,,,,,,,,,,,,,,,,,,,,,,,,,,,,,,,,,,,,,,,,,,,,,,,,,,,,,,,,,,,,,,,,,,,,,,,,,,,,,,,,,,,,,,,,,,,,,,,,,,,
2026-27,football,Southern California Intercollegiate Athletic Conference (SCIAC),sciac,La Verne,"Vega,David",David,Vega,,341,"Vega,David","VEGA,DAVID",La Verne,ULV,1162-3569,3,1,99,99,0,0,DL,0,,,,,,,,,,,,0,2,3,5,5,.5,.0,.0,0,1,0,0,0,0,0,0,0,0,0,0,0,0,0,0,,,,,,,,,,,,,,,,,,,,,,,,,,,,,,,,,,,,,,,,,,,,,,,,,,,,,,,,,,,,,,,,,,,,,,,,,,,,,,,,,,,,,,,,,,,,
2026-27,football,Southern California Intercollegiate Athletic Conference (SCIAC),sciac,La Verne,"Pasten,Brooklyn",Brooklyn,Pasten,,341,"Pasten,Brooklyn","PASTEN,BROOKLYN",La Verne,ULV,1162-4230,2,2,7,7,0,0,LB,0,,,,,,,,,,,,0,9,8,17,17,.0,.0,.0,0,0,0,0,0,0,0,2,0,0,0,0,0,0,0,2,,,,,,,,,,,,,,,,,,,,,,,,,,,,,,,,,,,,,,,,,,,,,,,,,,,,,,,,,,,,,,,,,,,,,,,,,,,,,,,,,,,,,,,,,,,,
2026-27,football,Southern California Intercollegiate Athletic Conference (SCIAC),sciac,La Verne,"Beals,Jaden",Jaden,Beals,,341,"Beals,Jaden","BEALS,JADEN",La Verne,ULV,1162-4213,2,1,11,11,0,WR,0,0,,,4,59,2,32,14.8,,,,,0,0,0,0,0,.0,.0,.0,0,0,0,0,0,0,0,0,0,0,0,0,0,0,0,0,,,,,,0,2,0,0,0,0,0,0,0,12,12,6,,,,,,,,,,,,,,,,,,,,,,,,,,,,,,,,,,,,,,,,,,,,,,,,,,,,,,,,,,,,,,,,,,,,,,,,,,,
2026-27,football,Southern California Intercollegiate Athletic Conference (SCIAC),sciac,La Verne,"Garcia,Giovanni",Giovanni,Garcia,,341,"Garcia,Giovanni","GARCIA,GIOVANNI",La Verne,ULV,1162-3801,1,0,13,13,0,WR,0,0,,,,,,,,,,,,,,,,,,,,,,,,,,,,,,,,,,,,,,,,,,,,,,,,,,,,,,,,,,,,,,,,,,,,,,,,,,,,,,,,,,,,,,,,,,,,,,,,,,,,,,,,,,,,,,,,,,,,,,,,,,,,,,,
2026-27,football,Southern California Intercollegiate Athletic Conference (SCIAC),sciac,La Verne,"Nuusa,Landon",Landon,Nuusa,,341,"Nuusa,Landon","NUUSA,LANDON",La Verne,ULV,1162-4229,2,1,14,14,0,QB,0,0,,,,,,,,,,,,0,0,3,3,3,.0,.0,.0,0,0,0,0,0,0,0,0,0,0,0,0,0,0,0,0,,,,,,,,,,,,,,,,,,,,,,,,,,,,,,,,,,,,,,,,,,,,,,,,,,,,,,,,,,,,,,,,,,,,,,,,,,,,,,,,,,,,,,,,,,,,
2026-27,football,Southern California Intercollegiate Athletic Conference (SCIAC),sciac,La Verne,"Walter,Tyson",Tyson,Walter,,341,"Walter,Tyson","WALTER,TYSON",La Verne,ULV,1162-4252,1,0,16,16,0,WR,0,0,,,1,11,0,11,11.0,,,,,,,,,,,,,,,,,,,,,,,,,,,,,,,,,,,,,,,,,,,,,,,,,,,,,,,,,,,,,,,,,1,4,4,0,0,4,4.0,4.0,,,,,,,,,,,,,,,,,,,,,,,,,,,,,,,,,,,,,,,,,,,,,,,,
2026-27,football,Southern California Intercollegiate Athletic Conference (SCIAC),sciac,La Verne,"Vargas,Roberto",Roberto,Vargas,,341,"Vargas,Roberto","VARGAS,ROBERTO",La Verne,ULV,1162-3841,1,0,18,18,0,QB,0,0,,,,,,,,,,,,,,,,,,,,,,,,,,,,,,,,,,,,,,,,,,,,,,,,,,,,,,,,,,,,,,,,,,,,,,,,,,,,,,,,,,,,,,,,,,,,,,,,,,,,,,,,,,,,,,,,,,,,,,,,,,,,,,,
2026-27,football,Southern California Intercollegiate Athletic Conference (SCIAC),sciac,La Verne,"Campbell,Aiden",Aiden,Campbell,,341,"Campbell,Aiden","CAMPBELL,AIDEN",La Verne,ULV,1162-4261,2,0,19,19,0,WR,0,0,,,,,,,,,,,,0,1,0,1,1,.0,.0,.0,0,0,0,0,0,0,0,0,0,0,0,0,0,0,0,0,,,,,,,,,,,,,,,,,,,,,,,,,,,,,,,,,,,,,,,,,,,,,,,,,,,,,,,,,,,,,,,,,,,,,,,,,,,,,,,,,,,,,,,,,,,,
2026-27,football,Southern California Intercollegiate Athletic Conference (SCIAC),sciac,La Verne,"Fritz,Logan",Logan,Fritz,,341,"Fritz,Logan","FRITZ,LOGAN",La Verne,ULV,1162-4073,1,0,22,22,0,0,0,0,,,,,,,,,,,,,,,,,,,,,,,,,,,,,,,,,,,,,,,,,,,,,,,,,,,,,,1,51,0,0,51.0,,,,,,,,,,,,,,,,,,,,,,,,,,,,,,,,,,,,,,,,,,,,,,,,,,,,,,,,,,,,,,,,,,,,,
2026-27,football,Southern California Intercollegiate Athletic Conference (SCIAC),sciac,La Verne,"Hill,Brak",Brak,Hill,,341,"Hill,Brak","HILL,BRAK",La Verne,ULV,1162-4023,1,0,32,32,0,0,LB,0,,,,,,,,,,,,,,,,,,,,,,,,,,,,,,,,,,,,,,,,,,,,,,,,,,,,,,,,,,,,,,,,,,,,,,,,,,,,,,,,,,,,,,,,,,,,,,,,,,,,,,,,,,,,,,,,,,,,,,,,,,,,,,,
2026-27,football,Southern California Intercollegiate Athletic Conference (SCIAC),sciac,La Verne,"Lorenzo,Phillip",Phillip,Lorenzo,,341,"Lorenzo,Phillip","LORENZO,PHILLIP",La Verne,ULV,1162-4275,1,0,36,36,0,RB,0,0,,,,,,,,,,,,,,,,,,,,,,,,,,,,,,,,,,,,,,,,,,,,,,,,,,,,,,,,,,,,,,,,,,,,,,,,,,,,,,,,,,,,,,,,,,,,,,,,,,,,,,,,,,,,,,,,,,,,,,,,,,,,,,,
2026-27,football,Southern California Intercollegiate Athletic Conference (SCIAC),sciac,La Verne,"Bett,Aiden",Aiden,Bett,,341,"Bett,Aiden","BETT,AIDEN",La Verne,ULV,1162-4266,1,0,57,57,0,0,LB,0,,,,,,,,,,,,0,2,1,3,3,.0,.0,.0,0,0,0,0,0,0,0,0,0,0,0,0,0,0,0,0,,,,,,,,,,,,,,,,,,,,,,,,,,,,,,,,,,,,,,,,,,,,,,,,,,,,,,,,,,,,,,,,,,,,,,,,,,,,,,,,,,,,,,,,,,,,
2026-27,football,Southern California Intercollegiate Athletic Conference (SCIAC),sciac,La Verne,"Garcia,Jordan",Jordan,Garcia,,341,"Garcia,Jordan","GARCIA,JORDAN",La Verne,ULV,1162-4016,1,0,60,60,0,OT,0,0,,,,,,,,,,,,,,,,,,,,,,,,,,,,,,,,,,,,,,,,,,,,,,,,,,,,,,,,,,,,,,,,,,,,,,,,,,,,,,,,,,,,,,,,,,,,,,,,,,,,,,,,,,,,,,,,,,,,,,,,,,,,,,,
2026-27,football,Southern California Intercollegiate Athletic Conference (SCIAC),sciac,La Verne,"Benschop,Ryan",Ryan,Benschop,,341,"Benschop,Ryan","BENSCHOP,RYAN",La Verne,ULV,1162-4017,1,0,71,71,0,OL,0,0,,,,,,,,,,,,,,,,,,,,,,,,,,,,,,,,,,,,,,,,,,,,,,,,,,,,,,,,,,,,,,,,,,,,,,,,,,,,,,,,,,,,,,,,,,,,,,,,,,,,,,,,,,,,,,,,,,,,,,,,,,,,,,,
2026-27,football,Southern California Intercollegiate Athletic Conference (SCIAC),sciac,La Verne,"Bracamonte,Lorenzo",Lorenzo,Bracamonte,,341,"Bracamonte,Lorenzo","BRACAMONTE,LORENZO",La Verne,ULV,1162-4267,2,0,85,85,0,WR,0,0,,,,,,,,,,,,0,1,0,1,1,.0,.0,.0,0,0,0,0,0,0,0,0,0,0,0,0,0,0,0,0,,,,,,,,,,,,,,,,,,,,,,,,,,,,,,,,,,,,,,,,,,,,,,,,,,,,,,,,,,,,,,,,,,,,,,,,,,,,,,,,,,,,,,,,,,,,
2026-27,football,Southern California Intercollegiate Athletic Conference (SCIAC),sciac,La Verne,"McGourty,Connor",Connor,McGourty,,341,"McGourty,Connor","MCGOURTY,CONNOR",La Verne,ULV,1162-3872,1,0,86,86,0,TE,0,0,,,0,0,0,0,.0,,,,,,,,,,,,,,,,,,,,,,,,,,,,,,,,,,,,,,,,,,,,,,,,,,,,,,,,,,,,,,,,,,,,,,,,,,,,,,,,,,,,,,,,,,,,,,,,,,,,,,,,,,,,,,,,,,,,,,,,
2026-27,football,Southern California Intercollegiate Athletic Conference (SCIAC),sciac,La Verne,"Holland,Mikey",Mikey,Holland,,341,"Holland,Mikey","HOLLAND,MIKEY",La Verne,ULV,1162-4270,1,0,17,17,0,RB,0,0,,,1,-3,0,0,-3.0,,,,,,,,,,,,,,,,,,,,,,,,,,,,,,,,,,,,,,,,,,,,,,,,,,,,,,,,,,,,,,,,,1,-3,0,3,0,0,-3.0,-3.0,,,,,,,,,,,,,,,,,,,,,,,,,,,,,,,,,,,,,,,,,,,,,,,,
2026-27,football,Southern California Intercollegiate Athletic Conference (SCIAC),sciac,La Verne,"Douglas,Makyi",Makyi,Douglas,,341,"Douglas,Makyi","DOUGLAS,MAKYI",La Verne,ULV,1162-4238,1,0,23,23,0,WR,0,0,,,0,0,0,0,.0,,,,,,,,,,,,,,,,,,,,,,,,,,,,,,,,,,,,,,,,,,,,,,,,,,,,,,,,,,,,,,,,,,,,,,,,,,,,,,,,,,,,,,,,,,,,,,,,,,,,,,,,,,,,,,,,,,,,,,,,
2026-27,football,Southern California Intercollegiate Athletic Conference (SCIAC),sciac,La Verne,"Bermudez,Rafael",Rafael,Bermudez,,341,"Bermudez,Rafael","BERMUDEZ,RAFAEL",La Verne,ULV,1162-4214,1,0,45,45,0,0,S,0,,,,,,,,,,,,,,,,,,,,,,,,,,,,,,,,,,,,,,,,,,,,,,,,,,,,,,,,,,,,,,,,,,,,,,,,,,,,,,,,,,,,,,,,,,,,,,,,,,,,,,,,,,,,,,,,,,,,,,,,,,,,,,,
2026-27,football,Southern California Intercollegiate Athletic Conference (SCIAC),sciac,La Verne,"Bradley,Everett",Everett,Bradley,,341,"Bradley,Everett","BRADLEY,EVERETT",La Verne,ULV,1162-3783,1,0,46,46,0,0,LB,0,,,,,,,,,,,,,,,,,,,,,,,,,,,,,,,,,,,,,,,,,,,,,,,,,,,,,,,,,,,,,,,,,,,,,,,,,,,,,,,,,,,,,,,,,,,,,,,,,,,,,,,,,,,,,,,,,,,,,,,,,,,,,,,
2026-27,football,Southern California Intercollegiate Athletic Conference (SCIAC),sciac,La Verne,"Buford,Aiden",Aiden,Buford,,341,"Buford,Aiden","BUFORD,AIDEN",La Verne,ULV,1162-4263,1,0,91,91,0,0,DL,0,,,0,0,0,0,.0,,,,,,,,,,,,,,,,,,,,,,,,,,,,,,,,,,,,,,,,,,,,,,,,,,,,,,,,,,,,,,,,,,,,,,,,,,,,,,,,,,,,,,,,,,,,,,,,,,,,,,,,,,,,,,,,,,,,,,,,
2026-27,football,Southern California Intercollegiate Athletic Conference (SCIAC),sciac,Chapman,"Buck,Andrew",Andrew,Buck,,134,"Buck,Andrew","BUCK,ANDREW",Chapman,CHA,1150-3637,3,3,0,0,0,0,LB,0,,,,,,,,,,,,0,9,11,20,20,3.5,.0,.0,2,3,8,0,0,0,0,0,0,0,0,0,1,0,0,0,,,,,,,,,,,,,,,,,,,,,,,,,,,,,,,,,,,0,0,,,,,,,,,,,,,,,,,,,,,,,,,,,,,,,,,,,,,,,,,,,,,,,,,,,,,,,,
2026-27,football,Southern California Intercollegiate Athletic Conference (SCIAC),sciac,Chapman,"Henjum,Kash",Kash,Henjum,,134,"Henjum,Kash","HENJUM,KASH",Chapman,CHA,1150-3622,3,3,0,0X,0,WR,0,0,,,7,131,2,32,18.7,,,,,0,0,0,0,0,.0,.0,.0,0,0,0,0,0,0,0,0,0,0,0,0,0,0,0,0,,,,,,0,2,0,0,0,0,0,0,0,12,12,4,,,,,,,,,,,,,,,,,,,,,,,,,,,,,,,,,,,,,,,,,,,,,,,,,,,,,,,,,,,,,,,,,,,,,,,,,,,
2026-27,football,Southern California Intercollegiate Athletic Conference (SCIAC),sciac,Chapman,"Crowell,Robert",Robert,Crowell,,134,"Crowell,Robert","CROWELL,ROBERT",Chapman,CHA,1150-3601,3,0,1,1X,0,0,LB,0,,,,,,,,,,,,0,1,1,2,2,.0,.0,.0,0,0,0,0,0,0,0,0,0,0,0,0,0,0,0,0,,,,,,,,,,,,,,,,,,,,,,,,,,,,,,,,,,,,,,,,,,,,,,,,,,,,,,,,,,,,,,,,,,,,,,,,,,,,,,,,,,,,,,,,,,,,
2026-27,football,Southern California Intercollegiate Athletic Conference (SCIAC),sciac,Chapman,"Brandt,Eli",Eli,Brandt,,134,"Brandt,Eli","BRANDT,ELI",Chapman,CHA,1150-3601,3,2,1,1,0,QB,0,0,,,,,,,,,,,,0,1,0,1,1,.0,.0,.0,0,0,0,0,0,0,0,0,0,0,0,0,0,0,0,0,,,,,,,,,,,,,,,,,,,,,,,,,,,,,,,,,,,,,17,39,66,27,0,14,2.3,13.0,27,5,46,5,526,2,77,40,125.6,6.83,13.15,175.3,,,,,,,,,,,,,,,,,,,,,,,,,,,,,,,,,,,,
2026-27,football,Southern California Intercollegiate Athletic Conference (SCIAC),sciac,Chapman,"Hughes,Sawyer",Sawyer,Hughes,,134,"Hughes,Sawyer","HUGHES,SAWYER",Chapman,CHA,1150-3144,3,0,2,2X,0,0,DB,0,,,,,,,,,,,,0,3,3,6,6,.0,.0,.0,0,0,0,0,0,0,0,0,0,0,0,0,0,0,0,0,,,,,,,,,,,,,,,,,,,,,,,,,,,,,,,,,,,,,,,,,,,,,,,,,,,,,,,,,,,,,,,,,,,,,,,,,,,,,,,,,,,,,,,,,,,,
2026-27,football,Southern California Intercollegiate Athletic Conference (SCIAC),sciac,Chapman,"Castro,Nathan",Nathan,Castro,,134,"Castro,Nathan","CASTRO,NATHAN",Chapman,CHA,1150-3405,2,0,2,2,0,WR,0,0,,,2,15,0,8,7.5,,,,,,,,,,,,,,,,,,,,,,,,,,,,,,,,,,,,,,,,,,,,,,,,,,,,,,,,,,,,,,,,,,,,,,,,,,,,,,,,,,,,,,,,,,,,,,,,,,,,,,,,,,,,,,,,,,,,,,,,
2026-27,football,Southern California Intercollegiate Athletic Conference (SCIAC),sciac,Chapman,"Gaudi,Jacob",Jacob,Gaudi,,134,"Gaudi,Jacob","GAUDI,JACOB",Chapman,CHA,1150-3130,3,3,3,3,0,0,S,0,,,,,,,,,,,,0,12,9,21,21,.5,.0,.0,0,1,2,0,0,0,0,0,0,0,0,0,0,0,0,0,,,,,,,,,,,,,,,,,,,,,,,,,,,,,,,,,,,,,,,,,,,,,,,,,,,,,,,,,,,,,,,,,,,,,,,,,,,,,,,,,,,,,,,,,,,,
2026-27,football,Southern California Intercollegiate Athletic Conference (SCIAC),sciac,Chapman,"Jones,Kelton",Kelton,Jones,,134,"Jones,Kelton","JONES,KELTON",Chapman,CHA,1150-3411,1,1,4,4,0,0,LB,0,,,,,,,,,,,,0,3,3,6,6,1.0,.0,.0,1,0,2,0,0,0,0,0,0,0,0,0,0,0,0,0,,,,,,,,,,,,,,,,,,,,,,,,,,,,,,,,,,,,,,,,,,,,,,,,,,,,,,,,,,,,,,,,,,,,,,,,,,,,,,,,,,,,,,,,,,,,
2026-27,football,Southern California Intercollegiate Athletic Conference (SCIAC),sciac,Chapman,"McKevitt,Ryan",Ryan,McKevitt,,134,"McKevitt,Ryan","MCKEVITT,RYAN",Chapman,CHA,1150-3624,3,0,4,4X,0,RB,0,0,,,1,56,1,56,56.0,,,,,0,0,0,0,0,.0,.0,.0,0,0,0,0,0,0,0,0,0,0,0,0,0,0,0,0,,,,,,0,2,0,0,0,0,0,0,0,12,12,4,,,,,,,,,,,,,,,,,,,,3,41,41,0,1,39,13.7,13.7,,,,,,,,,,,,,,,,,,,,,,,,,2,51,0,26,25.5,,,,,,,,,,,,,,,,,,,
2026-27,football,Southern California Intercollegiate Athletic Conference (SCIAC),sciac,Chapman,"Huss,Fischer",Fischer,Huss,,134,"Huss,Fischer","HUSS,FISCHER",Chapman,CHA,1150-3127,3,3,5,5,0,RB,0,0,,,4,45,0,30,11.3,,,,,,,,,,,,,,,,,,,,,,,,,,,,,,,,,,,,,,,,,,,,,,,,,,,,,,,,,,,,,,,,,31,140,145,5,0,22,4.5,46.7,,,,,,,,,,,,,,,,,,,,,,,,,,,,,,,,,,,,,,,,,,,,,,,,
2026-27,football,Southern California Intercollegiate Athletic Conference (SCIAC),sciac,Chapman,"Treibatch,Jake",Jake,Treibatch,,134,"Treibatch,Jake","TREIBATCH,JAKE",Chapman,CHA,1150-3630,3,0,5,5X,0,0,LB,0,,,,,,,,,,,,0,4,2,6,6,.0,.0,.0,0,0,0,0,0,0,0,0,0,2,0,0,0,0,0,0,,,,,,,,,,,,,,,,,,,,,,,,,,,,,,,,,,,,,,,,,,,,,,,,,,,,,,,,,,,,,,,,,,,,,,,,,,,,,,,,,,,,,,,,,,,,
2026-27,football,Southern California Intercollegiate Athletic Conference (SCIAC),sciac,Chapman,"Palmer,Raegan",Raegan,Palmer,,134,"Palmer,Raegan","PALMER,RAEGAN",Chapman,CHA,1150-3640,2,2,6,6,0,0,DB,0,,,,,,,,,,,,0,10,4,14,14,.5,.0,.0,0,1,0,0,0,0,0,3,1,0,0,0,0,0,0,3,,,,,,,,,,,,,,,,,,,,,,,,,,,,,,,,,,,,,,,,,,,,,,,,,,,,,,,,,,,,,,,,,,,,,,,,,,,,,,,,,,,,,,,,,,,,
2026-27,football,Southern California Intercollegiate Athletic Conference (SCIAC),sciac,Chapman,"Grossman,Miles",Miles,Grossman,,134,"Grossman,Miles","GROSSMAN,MILES",Chapman,CHA,1150-3140,3,3,7,7,0,0,DB,0,,,,,,,,,,,,0,2,4,6,6,.0,.0,.0,0,0,0,0,0,0,0,2,0,0,0,0,0,0,0,2,,,,,,,,,,,,,,,,,,,,,,,,,,,,,,,,,,,,,,,,,,,,,,,,,,,,,,,,,,,,,,,,,,,,,,,,,,,,,,,,,,,,,,,,,,,,
2026-27,football,Southern California Intercollegiate Athletic Conference (SCIAC),sciac,Chapman,"Tagaloa,Noah",Noah,Tagaloa,,134,"Tagaloa,Noah","TAGALOA,NOAH",Chapman,CHA,1150-3628,3,0,8,8X,0,RB,0,0,,,,,,,,,,,,,,,,,,,,,,,,,,,,,,,,,,,,,,,,,,,,,,,,,,,,,,,,,,,,,,,,,,,,,,,,8,25,27,2,0,10,3.1,8.3,,,,,,,,,,,,,,,,,,,,,,,,,,,,,,,,,,,,,,,,,,,,,,,,
2026-27,football,Southern California Intercollegiate Athletic Conference (SCIAC),sciac,Chapman,"Gomez,Gabe",Gabe,Gomez,,134,"Gomez,Gabe","GOMEZ,GABE",Chapman,CHA,1150-3608,2,0,9,9,0,WR,0,0,,,,,,,,,,,,,,,,,,,,,,,,,,,,,,,,,,,,,,,,,,,,,,,,,,,,,,,,,,,,,,,,,,,,,,,,,,,,,,,,,,,,,,,,,,,,,,,,,,,,,,,,,,,,,,,,,,,,,,,,,,,,,,,
2026-27,football,Southern California Intercollegiate Athletic Conference (SCIAC),sciac,Chapman,"Underwood,Jake",Jake,Underwood,,134,"Underwood,Jake","UNDERWOOD,JAKE",Chapman,CHA,1150-3631,2,0,9,9X,0,0,LB,0,,,,,,,,,,,,0,2,8,10,10,.0,.0,.0,0,0,0,0,0,0,0,0,0,0,0,0,0,0,0,0,,,,,,,,,,,,,,,,,,,,,,,,,,,,,,,,,,,,,,,,,,,,,,,,,,,,,,,,,,,,,,,,,,,,,,,,,,,,,,,,,,,,,,,,,,,,
2026-27,football,Southern California Intercollegiate Athletic Conference (SCIAC),sciac,Chapman,"McKelheer,Brady",Brady,McKelheer,,134,"McKelheer,Brady","MCKELHEER,BRADY",Chapman,CHA,1150-3619,1,1,10,10,0,QB,0,0,,,,,,,,,,,,,,,,,,,,,,,,,,,,,,,,,,,,,,,,,,,,,,,,,,,,,,,,,,,,,,,,,,,,,,,,,,,,,,,,0,0,22,0,52,0,10,6,103.7,5.20,8.67,52.0,,,,,,,,,,,,,,,,,,,,,,,,,,,,,,,,,,,,
2026-27,football,Southern California Intercollegiate Athletic Conference (SCIAC),sciac,Chapman,"Green,Bo",Bo,Green,,134,"Green,Bo","GREEN,BO",Chapman,CHA,1150-3114,3,0,10,1Z,0,0,DB,0,,,,,,,,,,,,0,4,2,6,6,.0,.0,.0,0,0,0,0,0,0,0,1,0,0,0,0,0,0,0,1,,,,,,,,,,,,,,,,,,,,,,,,,,,,,,,,,,,,,,,,,,,,,,,,,,,,,,,,,,,,,,,,,,,,,,,,,,,,,,,,,,,,,,,,,,,,
2026-27,football,Southern California Intercollegiate Athletic Conference (SCIAC),sciac,Chapman,"Brophy,Colin",Colin,Brophy,,134,"Brophy,Colin","BROPHY,COLIN",Chapman,CHA,1150-3120,3,3,11,11,0,0,DL,0,,,,,,,,,,,,0,5,4,9,9,1.5,.0,.0,1,1,8,0,0,0,0,1,0,1,0,0,0,0,0,1,,,,,,,,,,,,,,,,,,,,,,,,,,,,,,,,,,,,,,,,,,,,,,,,,,,,,,,,,,,,,,,,,,,,,,,,,,,,,,,,,,,,,,,,,,,,
2026-27,football,Southern California Intercollegiate Athletic Conference (SCIAC),sciac,Chapman,"Post,Kaulin",Kaulin,Post,,134,"Post,Kaulin","POST,KAULIN",Chapman,CHA,1150-3136,3,0,12,12,0,0,LB,0,,,,,,,,,,,,0,0,2,2,2,.5,.0,.0,0,1,0,0,0,0,0,0,0,1,0,0,0,0,0,0,,,,,,,,,,,,,,,,,,,,,,,,,,,,,,,,,,,,,,,,,,,,,,,,,,,,,,,,,,,,,,,,,,,,,,,,,,,,,,,,,,,,,,,,,,,,
2026-27,football,Southern California Intercollegiate Athletic Conference (SCIAC),sciac,Chapman,"Padalino,Alexander",Alexander,Padalino,,134,"Padalino,Alexander","PADALINO,ALEXANDER",Chapman,CHA,1150-3415,3,0,13,13,0,0,DB,0,,,,,,,,,,,,0,2,4,6,6,.0,.0,.0,0,0,0,0,0,0,0,0,0,0,0,0,0,0,0,0,,,,,,,,,,,,,,,,,,,,,,,,,,,,,,,,,,,,,,,,,,,,,,,,,,,,,,,,,,,,,,,,,,,,,,,,,,,,,,,,,,,,,,,,,,,,
2026-27,football,Southern California Intercollegiate Athletic Conference (SCIAC),sciac,Chapman,"Kubicheck,Mason",Mason,Kubicheck,,134,"Kubicheck,Mason","KUBICHECK,MASON",Chapman,CHA,1150-3139,3,3,15,15,0,0,LB,0,,,,,,,,,,,,0,4,9,13,13,1.5,.0,.0,0,3,2,0,0,0,0,0,0,4,0,0,0,0,0,0,,,,,,,,,,,,,,,,,,,,,,,,,,,,,,,,,,,,,,,,,,,,,,,,,,,,,,,,,,,,,,,,,,,,,,,,,,,,,,,,,,,,,,,,,,,,
2026-27,football,Southern California Intercollegiate Athletic Conference (SCIAC),sciac,Chapman,"Pucci,Emilio",Emilio,Pucci,,134,"Pucci,Emilio","PUCCI,EMILIO",Chapman,CHA,1150-3126,3,1,17,17,0,WR,0,0,,,3,70,0,33,23.3,,,,,,,,,,,,,,,,,,,,,,,,,,,,,,,,,,,,,,,,,,,,,,,,,,,,,,,,,,,,,,,,,,,,,,,,,,,,,,,,,,,,,,,,,,,,,,,,,,,,,,,,,,,,,,,,,,,,,,,,
2026-27,football,Southern California Intercollegiate Athletic Conference (SCIAC),sciac,Chapman,"Casey,JJ",JJ,Casey,,134,"Casey,JJ","CASEY,JJ",Chapman,CHA,1150-3132,2,0,22,2B,0,RB,0,0,,,1,5,0,5,5.0,,,,,,,,,,,,,,,,,,,,,,,,,,,,,,,,,,,,,,,,,,,,,,,,,,,,,,,,,,,,,,,,,,,,,,,,,,,,,,,,,,,,,,,,,,,,,,,,,,,,,,,,,,,,,,,,,,,,,,,,
2026-27,football,Southern California Intercollegiate Athletic Conference (SCIAC),sciac,Chapman,"Santiaguel,Ethan",Ethan,Santiaguel,,134,"Santiaguel,Ethan","SANTIAGUEL,ETHAN",Chapman,CHA,1150-3812,1,0,23,23,0,0,LB,0,,,,,,,,,,,,0,0,3,3,3,.0,.0,.0,0,0,0,0,0,0,0,0,0,0,0,0,0,0,0,0,,,,,,,,,,,,,,,,,,,,,,,,,,,,,,,,,,,,,,,,,,,,,,,,,,,,,,,,,,,,,,,,,,,,,,,,,,,,,,,,,,,,,,,,,,,,
2026-27,football,Southern California Intercollegiate Athletic Conference (SCIAC),sciac,Chapman,"Nino,Nick",Nick,Nino,,134,"Nino,Nick","NINO,NICK",Chapman,CHA,1150-3639,2,0,25,25,0,0,DB,0,,,,,,,,,,,,0,1,1,2,2,.0,.0,.0,0,0,0,0,0,0,0,0,0,0,0,0,0,0,0,0,,,,,,,,,,,,,,,,,,,,,,,,,,,,,,,,,,,,,,,,,,,,,,,,,,,,,,,,,,,,,,,,,,,,,,,,,,,,,,,,,,,,,,,,,,,,
2026-27,football,Southern California Intercollegiate Athletic Conference (SCIAC),sciac,Chapman,"Manzano,Brendon",Brendon,Manzano,,134,"Manzano,Brendon","MANZANO,BRENDON",Chapman,CHA,1150-3116,3,3,27,27,0,WR,0,0,,,11,102,1,22,9.3,,,,,0,0,0,0,0,.0,.0,.0,0,0,0,0,0,0,0,0,0,0,0,0,0,0,0,0,,,,,,0,1,0,0,0,0,0,0,0,6,6,2,,,,,,,,,,,,,,,,,,1,1,,,,,,,,,,,,,,,,,,,,,,,,,,,,,,,,,7,171,0,37,24.4,4,42,0,34,10.5,,,,,,,,,,,,,,
2026-27,football,Southern California Intercollegiate Athletic Conference (SCIAC),sciac,Chapman,"Latu,Andrew",Andrew,Latu,,134,"Latu,Andrew","LATU,ANDREW",Chapman,CHA,1150-3111,3,0,28,28,0,RB,0,0,,,4,10,0,6,2.5,,,,,0,0,0,0,0,.0,.0,.0,0,0,0,0,0,0,0,0,0,0,0,0,0,0,0,0,,,,,,0,2,0,0,0,0,0,0,0,12,12,4,,,,,,,,,,,,,,,,,,,,28,148,152,4,2,58,5.3,49.3,,,,,,,,,,,,,,,,,,,,,,,,,,,,,,,,,,,,,,,,,,,,,,,,
2026-27,football,Southern California Intercollegiate Athletic Conference (SCIAC),sciac,Chapman,"Farivar,Olivar",Olivar,Farivar,,134,"Farivar,Olivar","FARIVAR,OLIVAR",Chapman,CHA,1150-3605,3,1,32,2H,0,0,DB,0,,,,,,,,,,,,0,2,2,4,4,.0,.0,.0,0,0,0,0,0,0,0,0,0,0,0,0,0,0,0,0,,,,,,,,,,,,,,,,,,,,,,,,,,,,,,,,,,,,,,,,,,,,,,,,,,,,,,,,,,,,,,,,,,,,,,,,,,,,,,,,,,,,,,,,,,,,
2026-27,football,Southern California Intercollegiate Athletic Conference (SCIAC),sciac,Chapman,"Labrador,Aidan",Aidan,Labrador,,134,"Labrador,Aidan","LABRADOR,AIDAN",Chapman,CHA,1150-3804,2,0,29,2I,0,0,CB,0,,,,,,,,,,,,0,1,0,1,1,.0,.0,.0,0,0,0,0,0,0,0,0,0,0,0,0,0,0,0,0,,,,,,,,,,,,,,,,,,,,,,,,,,,,,,,,,,,,,,,,,,,,,,,,,,,,,,,,,,,,,,,,,,,,,,,,,,,,,,,,,,,,,,,,,,,,
2026-27,football,Southern California Intercollegiate Athletic Conference (SCIAC),sciac,Chapman,"Cannan,RJ",RJ,Cannan,,134,"Cannan,RJ","CANNAN,RJ",Chapman,CHA,1150-3602,3,3,31,31,0,0,LB,0,,,,,,,,,,,,0,10,7,17,17,1.0,.0,.0,1,0,2,1,1,0,2,0,0,1,0,0,0,0,0,0,,,,,,,,,,,,,,,,,,,,,,,,,,,,,,,,,,,,,,,,,,,,,,,,,,,,,,,,,,,,,,,,,,,,,,,,,,,,,,,,,,,,,,,,,,,,
2026-27,football,Southern California Intercollegiate Athletic Conference (SCIAC),sciac,Chapman,"Broch,Brandon",Brandon,Broch,,134,"Broch,Brandon","BROCH,BRANDON",Chapman,CHA,1150-3115,3,1,33,33,0,0,LB,0,,,,,,,,,,,,0,1,5,6,6,.0,.0,.0,0,0,0,0,0,0,0,0,0,0,0,0,0,0,0,0,,,,,,,,,,,,,,,,,,,,,,,,,,,,,,,,,,,,,,,,,,,,,,,,,,,,,,,,,,,,,,,,,,,,,,,,,,,,,,,,,,,,,,,,,,,,
2026-27,football,Southern California Intercollegiate Athletic Conference (SCIAC),sciac,Chapman,"McKelheer,Carson",Carson,McKelheer,,134,"McKelheer,Carson","MCKELHEER,CARSON",Chapman,CHA,1150-3621,3,1,34,34,0,0,LB,0,,,,,,,,,,,,0,4,8,12,12,1.0,.0,.0,0,2,3,0,0,0,0,0,0,1,0,0,0,0,0,0,,,,,,,,,,,,,,,,,,,,,,,,,,,,,,,,,,,,,,,,,,,,,,,,,,,,,,,,,,,,,,,,,,,,,,,,,,,,,,,,,,,,,,,,,,,,
2026-27,football,Southern California Intercollegiate Athletic Conference (SCIAC),sciac,Chapman,"Nichols,Carson",Carson,Nichols,,134,"Nichols,Carson","NICHOLS,CARSON",Chapman,CHA,1150-3414,3,0,37,37,0,0,0,0,,,,,,,,,,,,0,1,0,1,1,.0,.0,.0,0,0,0,0,0,0,0,0,0,0,0,0,0,0,0,0,,,,,,10,0,2,0,0,0,0,0,0,16,16,5.33,,16,774,0,1,48.4,,,,,,,,,,,,,,,,,,,,,,,,,,,,,,,,,,10,10,0,0,0,0,0,0,0,0,0,0,,,,,,,,,,,15,607,59,0,3,1,3,4,40.5,2,3,31,1,66.7
2026-27,football,Southern California Intercollegiate Athletic Conference (SCIAC),sciac,Chapman,"Yates,Aiden",Aiden,Yates,,134,"Yates,Aiden","YATES,AIDEN",Chapman,CHA,1150-3421,3,0,40,40,0,0,LB,0,,,,,,,,,,,,0,0,1,1,1,.0,.0,.0,0,0,0,0,0,0,0,0,0,0,0,0,0,0,0,0,,,,,,,,,,,,,,,,,,,,,,,,,,,,,,,,,,,,,,,,,,,,,,,,,,,,,,,,,,,,,,,,,,,,,,,,,,,,,,,,,,,,,,,,,,,,
2026-27,football,Southern California Intercollegiate Athletic Conference (SCIAC),sciac,Chapman,"Manning,Ryan",Ryan,Manning,,134,"Manning,Ryan","MANNING,RYAN",Chapman,CHA,1150-3143,3,0,45,45,0,0,LB,0,,,,,,,,,,,,0,4,2,6,6,.5,.0,.0,0,1,1,0,0,0,0,0,0,1,0,0,0,0,0,0,,,,,,,,,,,,,,,,,,,,,,,,,,,,,,,,,,,,,,,,,,,,,,,,,,,,,,,,,,,,,,,,,,,,,,,,,,,,,,,,,,,,,,,,,,,,
2026-27,football,Southern California Intercollegiate Athletic Conference (SCIAC),sciac,Chapman,"Forti,Lane",Lane,Forti,,134,"Forti,Lane","FORTI,LANE",Chapman,CHA,1150-3137,3,3,52,52,0,OL,0,0,,,,,,,,,,,,,,,,,,,,,,,,,,,,,,,,,,,,,,,,,,,,,,,,,,,,,,,,,,,,,,,,,,,,,,,,,,,,,,,,,,,,,,,,,,,,,,,,,,,,,,,,,,,,,,,,,,,,,,,,,,,,,,,
2026-27,football,Southern California Intercollegiate Athletic Conference (SCIAC),sciac,Chapman,"Hernandez,Ryan",Ryan,Hernandez,,134,"Hernandez,Ryan","HERNANDEZ,RYAN",Chapman,CHA,1150-3877,2,0,54,54,0,OL,0,0,,,,,,,,,,,,,,,,,,,,,,,,,,,,,,,,,,,,,,,,,,,,,,,,,,,,,,,,,,,,,,,,,,,,,,,,,,,,,,,,,,,,,,,,,,,,,,,,,,,,,,,,,,,,,,,,,,,,,,,,,,,,,,,
2026-27,football,Southern California Intercollegiate Athletic Conference (SCIAC),sciac,Chapman,"Jones,Luke",Luke,Jones,,134,"Jones,Luke","JONES,LUKE",Chapman,CHA,1150-3138,3,3,55,55,0,OL,0,0,,,,,,,,,,,,,,,,,,,,,,,,,,,,,,,,,,,,,,,,,,,,,,,,,,,,,,,,,,,,,,,,,,,,,,,,,,,,,,,,,,,,,,,,,,,,,,,,,,,,,,,,,,,,,,,,,,,,,,,,,,,,,,,
2026-27,football,Southern California Intercollegiate Athletic Conference (SCIAC),sciac,Chapman,"Jimenez,Carter",Carter,Jimenez,,134,"Jimenez,Carter","JIMENEZ,CARTER",Chapman,CHA,1150-3611,2,0,56,56,0,OL,0,0,,,,,,,,,,,,,,,,,,,,,,,,,,,,,,,,,,,,,,,,,,,,,,,,,,,,,,,,,,,,,,,,,,,,,,,,,,,,,,,,,,,,,,,,,,,,,,,,,,,,,,,,,,,,,,,,,,,,,,,,,,,,,,,
2026-27,football,Southern California Intercollegiate Athletic Conference (SCIAC),sciac,Chapman,"Lopez,Rylan",Rylan,Lopez,,134,"Lopez,Rylan","LOPEZ,RYLAN",Chapman,CHA,1150-3879,3,0,57,57,0,0,DL,0,,,,,,,,,,,,0,0,1,1,1,.0,.0,.0,0,0,0,0,0,0,0,0,0,0,0,0,0,0,0,0,,,,,,,,,,,,,,,,,,,,,,,,,,,,,,,,,,,,,,,,,,,,,,,,,,,,,,,,,,,,,,,,,,,,,,,,,,,,,,,,,,,,,,,,,,,,
2026-27,football,Southern California Intercollegiate Athletic Conference (SCIAC),sciac,Chapman,"Childs,Jackson",Jackson,Childs,,134,"Childs,Jackson","CHILDS,JACKSON",Chapman,CHA,1150-3604,3,3,58,58,0,OL,0,0,,,,,,,,,,,,,,,,,,,,,,,,,,,,,,,,,,,,,,,,,,,,,,,,,,,,,,,,,,,,,,,,,,,,,,,,,,,,,,,,,,,,,,,,,,,,,,,,,,,,,,,,,,,,,,,,,,,,,,,,,,,,,,,
2026-27,football,Southern California Intercollegiate Athletic Conference (SCIAC),sciac,Chapman,"Ramos,Nic",Nic,Ramos,,134,"Ramos,Nic","RAMOS,NIC",Chapman,CHA,1150-3430,3,3,59,59,0,0,LB,0,,,,,,,,,,,,0,10,4,14,14,3.5,.0,.0,2,3,8,1.5,1,1,4,0,0,6,0,0,0,0,0,0,,,,,,,,,,,,,,,,,,,,,,,,,,,,,,,,,,,,,,,,,,,,,,,,,,,,,,,,,,,,,,,,,,,,,,,,,,,,,,,,,,,,,,,,,,,,
2026-27,football,Southern California Intercollegiate Athletic Conference (SCIAC),sciac,Chapman,"Zhang,Leonard",Leonard,Zhang,,134,"Zhang,Leonard","ZHANG,LEONARD",Chapman,CHA,1150-3819,3,0,66,66,0,OL,0,0,,,,,,,,,,,,,,,,,,,,,,,,,,,,,,,,,,,,,,,,,,,,,,,,,,,,,,,,,,,,,,,,,,,,,,,,,,,,,,,,,,,,,,,,,,,,,,,,,,,,,,,,,,,,,,,,,,,,,,,,,,,,,,,
2026-27,football,Southern California Intercollegiate Athletic Conference (SCIAC),sciac,Chapman,"Leal,Andrew",Andrew,Leal,,134,"Leal,Andrew","LEAL,ANDREW",Chapman,CHA,1150-3112,3,3,70,70,0,OL,0,0,,,,,,,,,,,,,,,,,,,,,,,,,,,,,,,,,,,,,,,,,,,,,,,,,,,,,,,,,,,,,,,,,,,,,,,,,,,,,,,,,,,,,,,,,,,,,,,,,,,,,,,,,,,,,,,,,,,,,,,,,,,,,,,
2026-27,football,Southern California Intercollegiate Athletic Conference (SCIAC),sciac,Chapman,"Buettner,Teddy",Teddy,Buettner,,134,"Buettner,Teddy","BUETTNER,TEDDY",Chapman,CHA,1150-3145,3,3,76,76,0,OL,0,0,,,,,,,,,,,,,,,,,,,,,,,,,,,,,,,,,,,,,,,,,,,,,,,,,,,,,,,,,,,,,,,,,,,,,,,,,,,,,,,,,,,,,,,,,,,,,,,,,,,,,,,,,,,,,,,,,,,,,,,,,,,,,,,
2026-27,football,Southern California Intercollegiate Athletic Conference (SCIAC),sciac,Chapman,"Dragich,Matthew",Matthew,Dragich,,134,"Dragich,Matthew","DRAGICH,MATTHEW",Chapman,CHA,1150-3875,3,0,80,80,0,WR,0,0,,,2,46,0,33,23.0,,,,,,,,,,,,,,,,,,,,,,,,,,,,,,,,,,,,,,,,,,,,,,,,,,,,,,,,,,,,,,,,,,,,,,,,,,,,,,,,,,,,,,,,,,,,,,,,,,,,,,,,,,,,,,,,,,,,,,,,
2026-27,football,Southern California Intercollegiate Athletic Conference (SCIAC),sciac,Chapman,"Anderson,Blaine",Blaine,Anderson,,134,"Anderson,Blaine","ANDERSON,BLAINE",Chapman,CHA,1150-3402,2,0,81,81,0,WR,0,0,,,1,0,0,0,.0,,,,,,,,,,,,,,,,,,,,,,,,,,,,,,,,,,,,,,,,,,,,,,,,,,,,,,,,,,,,,,,,,,,,,,,,,0,0,56,1,56,0,1,1,900.4,56.00,56.00,28.0,,,,,,,,,,,,,,,,,,,,,,,,,,,,,,,,,,,,
2026-27,football,Southern California Intercollegiate Athletic Conference (SCIAC),sciac,Chapman,"Steffen,Isaiah",Isaiah,Steffen,,134,"Steffen,Isaiah","STEFFEN,ISAIAH",Chapman,CHA,1150-3814,1,0,82,82,0,WR,0,0,,,0,0,0,0,.0,,,,,,,,,,,,,,,,,,,,,,,,,,,,,,,,,,,,,,,,,,,,,,,,,,,,,,,,,,,,,,,,,,,,,,,,,,,,,,,,,,,,,,,,,,,,,,,,,,,,,,,,,,,,,,,,,,,,,,,,
2026-27,football,Southern California Intercollegiate Athletic Conference (SCIAC),sciac,Chapman,"Gardner,Conner",Conner,Gardner,,134,"Gardner,Conner","GARDNER,CONNER",Chapman,CHA,1150-3607,3,3,83,83,0,TE,0,0,,,0,0,0,0,.0,,,,,,,,,,,,,,,,,,,,,,,,,,,,,,,,,,,,,,,,,,,,,,,,,,,,,,,,,,,,,,,,,,,,,,,,,,,,,,,,,,,,,,,,,,,,,,,,,,,,,,,,,,,,,,,,,,,,,,,,
2026-27,football,Southern California Intercollegiate Athletic Conference (SCIAC),sciac,Chapman,"Boynton,Tyler",Tyler,Boynton,,134,"Boynton,Tyler","BOYNTON,TYLER",Chapman,CHA,1150-3404,3,3,90,90,0,0,DL,0,,,,,,,,,,,,0,5,7,12,12,4.0,.0,.0,3,2,24,3.5,3,1,23,0,1,2,0,0,0,0,0,0,,,,,,,,,,,,,,,,,,,,,,,,,,,,,,,,,,,,,,,,,,,,,,,,,,,,,,,,,,,,,,,,,,,,,,,,,,,,,,,,,,,,,,,,,,,,
2026-27,football,Southern California Intercollegiate Athletic Conference (SCIAC),sciac,Chapman,"Young,Nate",Nate,Young,,134,"Young,Nate","YOUNG,NATE",Chapman,CHA,1150-3634,3,0,91,91,0,0,DL,0,,,,,,,,,,,,0,1,1,2,2,.0,.0,.0,0,0,0,0,0,0,0,0,0,0,0,0,0,0,0,0,,,,,,,,,,,,,,,,,,,,,,,,,,,,,,,,,,,,,,,,,,,,,,,,,,,,,,,,,,,,,,,,,,,,,,,,,,,,,,,,,,,,,,,,,,,,
2026-27,football,Southern California Intercollegiate Athletic Conference (SCIAC),sciac,Chapman,"Klein,AJ",AJ,Klein,,134,"Klein,AJ","KLEIN,AJ",Chapman,CHA,1150-3110,3,0,95,95,0,0,DE,0,,,,,,,,,,,,0,1,1,2,2,.0,.0,.0,0,0,0,0,0,0,0,0,0,0,0,0,0,0,0,0,,,,,,,,,,,,,,,,,,,,,,,,,,,,,,,,,,,,,,,,,,,,,,,,,,,,,,,,,,,,,,,,,,,,,,,,,,,,,,,,,,,,,,,,,,,,
2026-27,football,Southern California Intercollegiate Athletic Conference (SCIAC),sciac,Chapman,"Jahn,Archie",Archie,Jahn,,134,"Jahn,Archie","JAHN,ARCHIE",Chapman,CHA,1150-3610,1,0,3,3X,0,WR,0,0,,,,,,,,,,,,,,,,,,,,,,,,,,,,,,,,,,,,,,,,,,,,,,,,,,,,,,,,,,,,,,,,,,,,,,,,,,,,,,,,,,,,,,,,,,,,,,,,,,,,,,,,,,,,,,,,,,,,,,,,,,,,,,,
2026-27,football,Southern California Intercollegiate Athletic Conference (SCIAC),sciac,Chapman,"Padrid,Caleb",Caleb,Padrid,,134,"Padrid,Caleb","PADRID,CALEB",Chapman,CHA,1150-3416,2,2,8,8,0,0,DB,0,,,,,,,,,,,,0,3,0,3,3,.0,.0,.0,0,0,0,0,0,0,0,0,0,0,0,0,0,0,1,1,,,,,,,,,,,,,,,,,,,,,,,,,,1,0,0,0,.0,,,,,,,,,,,,,,,,,,,,,,,,,,,,,,,,,,,,,,,,,,,,,,,,,,,,,,,,,,,,,,
2026-27,football,Southern California Intercollegiate Athletic Conference (SCIAC),sciac,Chapman,"Miyata,Eugene",Eugene,Miyata,,134,"Miyata,Eugene","MIYATA,EUGENE",Chapman,CHA,1150-3427,2,0,11,1A,0,QB,0,0,,,,,,,,,,,,,,,,,,,,,,,,,,,,,,,,,,,,,,,,,,,,,,,,,,,,,,,,,,,,,,,,,,,,,,,,2,17,17,0,0,9,8.5,8.5,0,0,33,0,33,0,2,1,188.6,16.50,33.00,16.5,,,,,,,,,,,,,,,,,,,,,,,,,,,,,,,,,,,,
2026-27,football,Southern California Intercollegiate Athletic Conference (SCIAC),sciac,Chapman,"Darger,Zackary",Zackary,Darger,,134,"Darger,Zackary","DARGER,ZACKARY",Chapman,CHA,1150-3793,2,0,14,14,0,0,S,0,,,,,,,,,,,,0,1,0,1,1,.0,.0,.0,0,0,0,0,0,0,0,0,0,0,0,0,0,0,0,0,,,,,,,,,,,,,,,,,,,,,,,,,,,,,,,,,,,,,,,,,,,,,,,,,,,,,,,,,,,,,,,,,,,,,,,,,,,,,,,,,,,,,,,,,,,,
2026-27,football,Southern California Intercollegiate Athletic Conference (SCIAC),sciac,Chapman,"Breen,Brody",Brody,Breen,,134,"Breen,Brody","BREEN,BRODY",Chapman,CHA,1150-3790,1,0,16,16,0,0,LB,0,,,,,,,,,,,,,,,,,,,,,,,,,,,,,,,,,,,,,,,,,,,,,,,,,,,,,,,,,,,,,,,,,,,,,,,,,,,,,,,,,,,,,,,,,,,,,,,,,,,,,,,,,,,,,,,,,,,,,,,,,,,,,,,
2026-27,football,Southern California Intercollegiate Athletic Conference (SCIAC),sciac,Chapman,"Bruce,Jason",Jason,Bruce,,134,"Bruce,Jason","BRUCE,JASON",Chapman,CHA,1150-2877,2,2,18,18,0,WR,0,0,,,12,187,2,46,15.6,,,,,0,0,0,0,0,.0,.0,.0,0,0,0,0,0,0,0,0,0,0,0,1,0,0,0,0,,,,,,0,3,0,0,0,0,0,0,0,18,18,9,,,,,,,,,,,,,,,,,,,,,,,,,,,,,,,,,,,,,,,,,,,,,,,,,,,,,,,,,1,9,1,9,9.0,,,,,,,,,,,,,,
2026-27,football,Southern California Intercollegiate Athletic Conference (SCIAC),sciac,Chapman,"Johnson,Drew",Drew,Johnson,,134,"Johnson,Drew","JOHNSON,DREW",Chapman,CHA,1150-3410,1,0,19,19,0,WR,0,0,,,,,,,,,,,,,,,,,,,,,,,,,,,,,,,,,,,,,,,,,,,,,,,,,,,,,,,,,,,,,,,,,,,,,,,,,,,,,,,,,,,,,,,,,,,,,,,,,,,,,,,,,,,,,,,,,,,,,,,,,,,,,,,
2026-27,football,Southern California Intercollegiate Athletic Conference (SCIAC),sciac,Chapman,"Rue,Chris",Chris,Rue,,134,"Rue,Chris","RUE,CHRIS",Chapman,CHA,1150-3119,2,0,20,20,0,0,LB,0,,,,,,,,,,,,0,1,1,2,2,.0,.0,.0,0,0,0,0,0,0,0,0,0,0,0,0,0,0,0,0,,,,,,,,,,,,,,,,,,,,,,,,,,,,,,,,,,,,,,,,,,,,,,,,,,,,,,,,,,,,,,,,,,,,,,,,,,,,,,,,,,,,,,,,,,,,
2026-27,football,Southern California Intercollegiate Athletic Conference (SCIAC),sciac,Chapman,"Dewar,Trenton",Trenton,Dewar,,134,"Dewar,Trenton","DEWAR,TRENTON",Chapman,CHA,1150-3146,2,0,21,21,0,0,DB,0,,,,,,,,,,,,0,0,2,2,2,.0,.0,.0,0,0,0,0,0,0,0,0,0,0,0,0,0,0,0,0,,,,,,,,,,,,,,,,,,,,,,,,,,,,,,,,,,,,,,,,,,,,,,,,,,,,,,,,,,,,,,,,,,,,,,,,,,,,,,,,,,,,,,,,,,,,
2026-27,football,Southern California Intercollegiate Athletic Conference (SCIAC),sciac,Chapman,"Tithof,Lincoln",Lincoln,Tithof,,134,"Tithof,Lincoln","TITHOF,LINCOLN",Chapman,CHA,1150-3629,1,0,26,2F,0,WR,0,0,,,,,,,,,,,,,,,,,,,,,,,,,,,,,,,,,,,,,,,,,,,,,,,,,,,,,,,,,,,,,,,,,,,,,,,,,,,,,,,,,,,,,,,,,,,,,,,,,,,,,,,,,,,,,,,,,,,,,,,,,,,,,,,
2026-27,football,Southern California Intercollegiate Athletic Conference (SCIAC),sciac,Chapman,"Benjamin,Jack",Jack,Benjamin,,134,"Benjamin,Jack","BENJAMIN,JACK",Chapman,CHA,1150-3789,2,0,26,26,0,0,LB,0,,,,,,,,,,,,0,1,0,1,1,.0,.0,.0,0,0,0,0,0,0,0,0,0,0,0,0,0,0,0,0,,,,,,,,,,,,,,,,,,,,,,,,,,,,,,,,,,,,,,,,,,,,,,,,,,,,,,,,,,,,,,,,,,,,,,,,,,,,,,,,,,,,,,,,,,,,
2026-27,football,Southern California Intercollegiate Athletic Conference (SCIAC),sciac,Chapman,"Martinez,Mateo",Mateo,Martinez,,134,"Martinez,Mateo","MARTINEZ,MATEO",Chapman,CHA,1150-3614,2,0,78,78,0,OL,0,0,,,,,,,,,,,,,,,,,,,,,,,,,,,,,,,,,,,,,,,,,,,,,,,,,,,,,,,,,,,,,,,,,,,,,,,,,,,,,,,,,,,,,,,,,,,,,,,,,,,,,,,,,,,,,,,,,,,,,,,,,,,,,,,
2026-27,football,Southern California Intercollegiate Athletic Conference (SCIAC),sciac,Chapman,"Sellan,Dominic",Dominic,Sellan,,134,"Sellan,Dominic","SELLAN,DOMINIC",Chapman,CHA,1150-3125,2,0,49,9Z,0,0,DL,0,,,,,,,,,,,,0,1,1,2,2,.0,.0,.0,0,0,0,0,0,0,0,0,0,0,0,0,0,0,0,0,,,,,,,,,,,,,,,,,,,,,,,,,,,,,,,,,,,,,,,,,,,,,,,,,,,,,,,,,,,,,,,,,,,,,,,,,,,,,,,,,,,,,,,,,,,,
2026-27,football,Southern California Intercollegiate Athletic Conference (SCIAC),sciac,Chapman,"Palmer,Reagan",Reagan,Palmer,,134,"Palmer,Reagan","PALMER,REAGAN",Chapman,CHA,0,1,1,6,6,0,0,DB,0,,,,,,,,,,,,0,2,1,3,3,.0,.0,.0,0,0,0,0,0,0,0,1,0,0,0,0,0,0,0,1,,,,,,,,,,,,,,,,,,,,,,,,,,,,,,,,,,,,,,,,,,,,,,,,,,,,,,,,,,,,,,,,,,,,,,,,,,,,,,,,,,,,,,,,,,,,
2026-27,football,Southern California Intercollegiate Athletic Conference (SCIAC),sciac,Chapman,"Perez,AJ",AJ,Perez,,134,"Perez,AJ","PEREZ,AJ",Chapman,CHA,0,1,0,7,7X,0,QB,0,0,,,,,,,,,,,,,,,,,,,,,,,,,,,,,,,,,,,,,,,,,,,,,,,,,,,,,,,,,,,,,,,,,,,,,,,,,,,,,,,,,,,,,,,,,,,,,,,,,,,,,,,,,,,,,,,,,,,,,,,,,,,,,,,
2026-27,football,Southern California Intercollegiate Athletic Conference (SCIAC),sciac,Chapman,"Bianchi,Jake",Jake,Bianchi,,134,"Bianchi,Jake","BIANCHI,JAKE",Chapman,CHA,0,1,0,12,1B,0,QB,0,0,,,,,,,,,,,,,,,,,,,,,,,,,,,,,,,,,,,,,,,,,,,,,,,,,,,,,,,,,,,,,,,,,,,,,,,,,,,,,,,,,,,,,,,,,,,,,,,,,,,,,,,,,,,,,,,,,,,,,,,,,,,,,,,
2026-27,football,Southern California Intercollegiate Athletic Conference (SCIAC),sciac,Chapman,"Williams,Carter",Carter,Williams,,134,"Williams,Carter","WILLIAMS,CARTER",Chapman,CHA,0,1,0,18,1H,0,0,DB,0,,,,,,,,,,,,,,,,,,,,,,,,,,,,,,,,,,,,,,,,,,,,,,,,,,,,,,,,,,,,,,,,,,,,,,,,,,,,,,,,,,,,,,,,,,,,,,,,,,,,,,,,,,,,,,,,,,,,,,,,,,,,,,,
2026-27,football,Southern California Intercollegiate Athletic Conference (SCIAC),sciac,Chapman,"Dewar,Alex",Alex,Dewar,,134,"Dewar,Alex","DEWAR,ALEX",Chapman,CHA,0,1,0,19,1I,0,0,DB,0,,,,,,,,,,,,0,0,0,0,0,.0,.0,.0,0,0,0,0,0,0,0,1,0,0,0,0,0,0,0,1,,,,,,,,,,,,,,,,,,,,,,,,,,,,,,,,,,,,,,,,,,,,,,,,,,,,,,,,,,,,,,,,,,,,,,,,,,,,,,,,,,,,,,,,,,,,
2026-27,football,Southern California Intercollegiate Athletic Conference (SCIAC),sciac,Chapman,"Anderson,Viggo",Viggo,Anderson,,134,"Anderson,Viggo","ANDERSON,VIGGO",Chapman,CHA,0,1,0,20,2Z,0,RB,0,0,,,,,,,,,,,,0,0,0,0,0,.0,.0,.0,0,0,0,0,0,0,0,0,0,0,0,0,0,0,0,0,,,,,,0,1,0,0,0,0,0,0,0,6,6,6,,,,,,,,,,,,,,,,,,,,5,30,30,0,1,11,6.0,30.0,,,,,,,,,,,,,,,,,,,,,,,,,,,,,,,,,,,,,,,,,,,,,,,,
2026-27,football,Southern California Intercollegiate Athletic Conference (SCIAC),sciac,Chapman,"Wynn,Chuck",Chuck,Wynn,,134,"Wynn,Chuck","WYNN,CHUCK",Chapman,CHA,0,1,0,21,2A,0,RB,0,0,,,,,,,,,,,,,,,,,,,,,,,,,,,,,,,,,,,,,,,,,,,,,,,,,,,,,,,,,,,,,,,,,,,,,,,,,,,,,,,,,,,,,,,,,,,,,,,,,,,,,,,,,,,,,,,,,,,,,,,,,,,,,,,
2026-27,football,Southern California Intercollegiate Athletic Conference (SCIAC),sciac,Chapman,"Post,Davis",Davis,Post,,134,"Post,Davis","POST,DAVIS",Chapman,CHA,0,1,0,22,22,0,0,LB,0,,,,,,,,,,,,,,,,,,,,,,,,,,,,,,,,,,,,,,,,,,,,,,,,,,,,,,,,,,,,,,,,,,,,,,,,,,,,,,,,,,,,,,,,,,,,,,,,,,,,,,,,,,,,,,,,,,,,,,,,,,,,,,,
2026-27,football,Southern California Intercollegiate Athletic Conference (SCIAC),sciac,Chapman,"Santiaguel,SonSon",SonSon,Santiaguel,,134,"Santiaguel,SonSon","SANTIAGUEL,SONSON",Chapman,CHA,0,1,0,23,23,0,0,LB,0,,,,,,,,,,,,,,,,,,,,,,,,,,,,,,,,,,,,,,,,,,,,,,,,,,,,,,,,,,,,,,,,,,,,,,,,,,,,,,,,,,,,,,,,,,,,,,,,,,,,,,,,,,,,,,,,,,,,,,,,,,,,,,,
2026-27,football,Southern California Intercollegiate Athletic Conference (SCIAC),sciac,Chapman,"Breen,Johnny",Johnny,Breen,,134,"Breen,Johnny","BREEN,JOHNNY",Chapman,CHA,0,1,0,24,24,0,0,DB,0,,,,,,,,,,,,,,,,,,,,,,,,,,,,,,,,,,,,,,,,,,,,,,,,,,,,,,,,,,,,,,,,,,,,,,,,,,,,,,,,,,,,,,,,,,,,,,,,,,,,,,,,,,,,,,,,,,,,,,,,,,,,,,,
2026-27,football,Southern California Intercollegiate Athletic Conference (SCIAC),sciac,Chapman,"Issitt,John",John,Issitt,,134,"Issitt,John","ISSITT,JOHN",Chapman,CHA,0,1,0,24,2D,0,WR,0,0,,,,,,,,,,,,,,,,,,,,,,,,,,,,,,,,,,,,,,,,,,,,,,,,,,,,,,,,,,,,,,,,,,,,,,,,,,,,,,,,,,,,,,,,,,,,,,,,,,,,,,,,,,,,,1,-4,0,0,-4.0,,,,,,,,,,,,,,
2026-27,football,Southern California Intercollegiate Athletic Conference (SCIAC),sciac,Chapman,"Ott,Javon",Javon,Ott,,134,"Ott,Javon","OTT,JAVON",Chapman,CHA,0,1,0,27,2G,0,0,LB,0,,,,,,,,,,,,0,1,0,1,1,1.0,.0,.0,1,0,5,0,0,0,0,0,0,0,0,0,0,0,0,0,,,,,,,,,,,,,,,,,,,,,,,,,,,,,,,,,,,,,,,,,,,,,,,,,,,,,,,,,,,,,,,,,,,,,,,,,,,,,,,,,,,,,,,,,,,,
2026-27,football,Southern California Intercollegiate Athletic Conference (SCIAC),sciac,Chapman,"Merrill,Chandler",Chandler,Merrill,,134,"Merrill,Chandler","MERRILL,CHANDLER",Chapman,CHA,0,1,0,29,29,0,WR,0,0,,,,,,,,,,,,,,,,,,,,,,,,,,,,,,,,,,,,,,,,,,,,,,,,,,,,,,,,,,,,,,,,,,,,,,,,,,,,,,,,,,,,,,,,,,,,,,,,,,,,,,,,,,,,,,,,,,,,,,,,,,,,,,,
2026-27,football,Southern California Intercollegiate Athletic Conference (SCIAC),sciac,Chapman,"Gamarnik,Benji",Benji,Gamarnik,,134,"Gamarnik,Benji","GAMARNIK,BENJI",Chapman,CHA,0,1,0,36,36,0,0,0,0,,,,,,,,,,,,0,0,0,0,0,.0,.0,.0,0,0,0,0,0,0,0,0,0,0,0,0,0,0,0,0,,,,,,1,0,0,0,0,0,0,0,0,1,1,1,,,,,,,,,,,,,,,,,,,,,,,,,,,,,,,,,,,,,,,,1,1,0,0,0,0,0,0,0,0,0,0,,,,,,,,,,,,,,,,,,,,0,0,0,0,.0
2026-27,football,Southern California Intercollegiate Athletic Conference (SCIAC),sciac,Chapman,"Hangai,Von",Von,Hangai,,134,"Hangai,Von","HANGAI,VON",Chapman,CHA,0,1,0,46,46,0,0,DL,0,,,,,,,,,,,,,,,,,,,,,,,,,,,,,,,,,,,,,,,,,,,,,,,,,,,,,,,,,,,,,,,,,,,,,,,,,,,,,,,,,,,,,,,,,,,,,,,,,,,,,,,,,,,,,,,,,,,,,,,,,,,,,,,
2026-27,football,Southern California Intercollegiate Athletic Conference (SCIAC),sciac,Chapman,"Rowe,Devin",Devin,Rowe,,134,"Rowe,Devin","ROWE,DEVIN",Chapman,CHA,0,1,0,48,48,0,0,LB,0,,,,,,,,,,,,,,,,,,,,,,,,,,,,,,,,,,,,,,,,,,,,,,,,,,,,,,,,,,,,,,,,,,,,,,,,1,2,2,0,0,2,2.0,2.0,,,,,,,,,,,,,,,,,,,,,,,,,,,,,,,,,,,,,,,,,,,,,,,,
2026-27,football,Southern California Intercollegiate Athletic Conference (SCIAC),sciac,Chapman,"Helms,Robbie",Robbie,Helms,,134,"Helms,Robbie","HELMS,ROBBIE",Chapman,CHA,0,1,0,50,50,0,OL,0,0,,,,,,,,,,,,,,,,,,,,,,,,,,,,,,,,,,,,,,,,,,,,,,,,,,,,,,,,,,,,,,,,,,,,,,,,,,,,,,,,,,,,,,,,,,,,,,,,,,,,,,,,,,,,,,,,,,,,,,,,,,,,,,,
2026-27,football,Southern California Intercollegiate Athletic Conference (SCIAC),sciac,Chapman,"Godlee-Campbell,Francis",Francis,Godlee-Campbell,,134,"Godlee-Campbell,Francis","GODLEE-CAMPBELL,FRANCIS",Chapman,CHA,0,1,0,75,75,0,0,DL,0,,,,,,,,,,,,,,,,,,,,,,,,,,,,,,,,,,,,,,,,,,,,,,,,,,,,,,,,,,,,,,,,,,,,,,,,,,,,,,,,,,,,,,,,,,,,,,,,,,,,,,,,,,,,,,,,,,,,,,,,,,,,,,,
2026-27,football,Southern California Intercollegiate Athletic Conference (SCIAC),sciac,Chapman,"Alvarez,Andrew",Andrew,Alvarez,,134,"Alvarez,Andrew","ALVAREZ,ANDREW",Chapman,CHA,0,1,0,94,94,0,0,DL,0,,,,,,,,,,,,,,,,,,,,,,,,,,,,,,,,,,,,,,,,,,,,,,,,,,,,,,,,,,,,,,,,,,,,,,,,,,,,,,,,,,,,,,,,,,,,,,,,,,,,,,,,,,,,,,,,,,,,,,,,,,,,,,,
2026-27,football,Southern California Intercollegiate Athletic Conference (SCIAC),sciac,Pomona-Pitzer,"Albrecht,Will",Will,Albrecht,,549,"Albrecht,Will","ALBRECHT,WILL",Pomona-Pitzer,PPU,1159-3122,2,0,19,19,0,0,DB,0,,,,,,,,,,,,0,5,1,6,6,.0,.0,.0,0,0,0,0,0,0,0,0,1,0,0,1,1,0,0,0,,,,,,,,,,,,,,,,,,,,,,,,,,,,,,,,,,,0,0,,,,,,,,,,,,,,,,,,,,,,,,,,,,,,,,,,,,,,,,,,,,,,,,,,,,,,,,
2026-27,football,Southern California Intercollegiate Athletic Conference (SCIAC),sciac,Pomona-Pitzer,"Ames,Wyllys",Wyllys,Ames,,549,"Ames,Wyllys","AMES,WYLLYS",Pomona-Pitzer,PPU,1159-3123,3,0,55,55,0,0,LB,0,,,,,,,,,,,,0,3,5,8,8,.0,.0,.0,0,0,0,0,0,0,0,0,0,0,0,0,0,0,0,0,,,,,,,,,,,,,,,,,,,,,,,,,,,,,,,,,,,,,,,,,,,,,,,,,,,,,,,,,,,,,,,,,,,,,,,,,,,,,,,,,,,,,,,,,,,,
2026-27,football,Southern California Intercollegiate Athletic Conference (SCIAC),sciac,Pomona-Pitzer,"Becher,Declan",Declan,Becher,,549,"Becher,Declan","BECHER,DECLAN",Pomona-Pitzer,PPU,1159-3308,1,0,34,34,0,0,LB,0,,,,,,,,,,,,0,1,1,2,2,.0,.0,.0,0,0,0,0,0,0,0,0,0,0,0,0,0,0,0,0,,,,,,,,,,,,,,,,,,,,,,,,,,,,,,,,,,,,,,,,,,,,,,,,,,,,,,,,,,,,,,,,,,,,,,,,,,,,,,,,,,,,,,,,,,,,
2026-27,football,Southern California Intercollegiate Athletic Conference (SCIAC),sciac,Pomona-Pitzer,"Black,Will",Will,Black,,549,"Black,Will","BLACK,WILL",Pomona-Pitzer,PPU,1159-3124,3,0,14,14,0,QB,0,0,,,2,13,1,8,6.5,,,,,0,0,0,0,0,.0,.0,.0,0,0,0,0,0,0,0,0,0,0,0,0,0,0,0,0,,,,,,0,1,0,0,0,0,0,0,0,6,6,2,,,,,,,,,,,,,,,,,,,,3,-6,3,9,0,3,-2.0,-2.0,7,1,29,1,29,0,1,1,673.6,29.00,29.00,9.7,,,,,,,,,,,,,,,,,,,,,,,,,,,,,,,,,,,,
2026-27,football,Southern California Intercollegiate Athletic Conference (SCIAC),sciac,Pomona-Pitzer,"Buchenau,Nicholas",Nicholas,Buchenau,,549,"Buchenau,Nicholas","BUCHENAU,NICHOLAS",Pomona-Pitzer,PPU,1159-2919,2,0,13,13,0,WR,0,0,,,3,11,1,7,3.7,,,,,0,0,0,0,0,.0,.0,.0,0,0,0,0,0,0,0,0,0,0,0,0,0,0,0,0,,,,,,0,1,0,0,0,0,0,0,0,6,6,3,,,,,,,,,,,,,,,,,,,,,,,,,,,,,,,,,,,,,,,,,,,,,,,,,,,,,,,,,,,,,,,,,,,,,,,,,,,
2026-27,football,Southern California Intercollegiate Athletic Conference (SCIAC),sciac,Pomona-Pitzer,"Carr II,Edwin",Edwin,Carr II,,549,"Carr II,Edwin","CARR II,EDWIN",Pomona-Pitzer,PPU,1159-3303,2,0,53,53,0,0,DL,0,,,,,,,,,,,,0,1,1,2,2,.0,.0,.0,0,0,0,0,0,0,0,0,0,0,0,0,0,0,0,0,,,,,,,,,,,,,,,,,,,,,,,,,,,,,,,,,,,,,,,,,,,,,,,,,,,,,,,,,,,,,,,,,,,,,,,,,,,,,,,,,,,,,,,,,,,,
2026-27,football,Southern California Intercollegiate Athletic Conference (SCIAC),sciac,Pomona-Pitzer,"Catalano,Dominick",Dominick,Catalano,,549,"Catalano,Dominick","CATALANO,DOMINICK",Pomona-Pitzer,PPU,1159-3337,3,0,8,8,0,QB,0,0,,,,,,,,,,,,,,,,,,,,,,,,,,,,,,,,,,,,,,,,,,,,,,,,,,,,,,,,,,,,,,,,,,,,,,,,9,21,26,5,0,10,2.3,7.0,5,1,35,1,209,0,35,24,128.2,5.97,8.71,69.7,,,,,,,,,,,,,,,,,,,,,,,,,,,,,,,,,,,,
2026-27,football,Southern California Intercollegiate Athletic Conference (SCIAC),sciac,Pomona-Pitzer,"Clarkson,Harrison",Harrison,Clarkson,,549,"Clarkson,Harrison","CLARKSON,HARRISON",Pomona-Pitzer,PPU,1159-3127,1,0,52,52,0,0,LB,0,,,,,,,,,,,,0,2,1,3,3,1.0,.0,.0,1,0,1,0,0,0,0,0,0,2,0,0,0,0,0,0,,,,,,,,,,,,,,,,,,,,,,,,,,,,,,,,,,,,,,,,,,,,,,,,,,,,,,,,,,,,,,,,,,,,,,,,,,,,,,,,,,,,,,,,,,,,
2026-27,football,Southern California Intercollegiate Athletic Conference (SCIAC),sciac,Pomona-Pitzer,"Conneely,Connor",Connor,Conneely,,549,"Conneely,Connor","CONNEELY,CONNOR",Pomona-Pitzer,PPU,1159-3338,2,0,81,81,0,WR,0,0,,,1,5,0,5,5.0,,,,,,,,,,,,,,,,,,,,,,,,,,,,,,,,,,,,,,,,,,,,,,,,,,,,,,,,,,,,,,,,,,,,,,,,,,,,,,,,,,,,,,,,,,,,,,,,,,,,,,,,,,,,,,,,,,,,,,,,
2026-27,football,Southern California Intercollegiate Athletic Conference (SCIAC),sciac,Pomona-Pitzer,"Daley,Broghan",Broghan,Daley,,549,"Daley,Broghan","DALEY,BROGHAN",Pomona-Pitzer,PPU,1159-3129,3,1,5,5,0,WR,0,0,,,12,118,1,29,9.8,,,,,0,1,0,1,1,.0,.0,.0,0,0,0,0,0,0,0,0,0,0,0,0,0,0,0,0,,,,,,0,1,0,0,0,0,0,0,0,6,6,2,,,,,,,,,,,,,,,,,,,,,,,,,,,,,,,,,,,,,,,,,,,,,,,,,,,,2,34,0,21,17.0,,,,,,,,,,,,,,,,,,,
2026-27,football,Southern California Intercollegiate Athletic Conference (SCIAC),sciac,Pomona-Pitzer,"Donovan,Jonny",Jonny,Donovan,,549,"Donovan,Jonny","DONOVAN,JONNY",Pomona-Pitzer,PPU,1159-3299,1,0,12,1Q,0,QB,0,0,,,,,,,,,,,,,,,,,,,,,,,,,,,,,,,,,,,,,,,,,,,,,,,,,,,,,,,,,,,,,,,,,,,,,,,,1,2,2,0,0,2,2.0,2.0,0,0,0,0,0,0,3,0,.0,.00,.00,.0,,,,,,,,,,,,,,,,,,,,,,,,,,,,,,,,,,,,
2026-27,football,Southern California Intercollegiate Athletic Conference (SCIAC),sciac,Pomona-Pitzer,"Dragomer,Brennan",Brennan,Dragomer,,549,"Dragomer,Brennan","DRAGOMER,BRENNAN",Pomona-Pitzer,PPU,1159-2656,3,1,28,28,0,RB,0,0,,,16,146,0,31,9.1,,,,,0,0,0,0,0,.0,.0,.0,0,0,0,0,0,0,0,0,0,0,0,0,0,0,0,0,,,,,,0,1,0,0,0,0,0,0,0,6,6,2,,,,,,,,,,,,,,,,,,1,0,28,129,134,5,1,23,4.6,43.0,,,,,,,,,,,,,,,,,,,,,,,,,,,,,,,,,,,,,,,,,,,,,,,,
2026-27,football,Southern California Intercollegiate Athletic Conference (SCIAC),sciac,Pomona-Pitzer,"Duda,Auden",Auden,Duda,,549,"Duda,Auden","DUDA,AUDEN",Pomona-Pitzer,PPU,1159-3302,1,0,37,37,0,RB,0,0,,,,,,,,,,,,,,,,,,,,,,,,,,,,,,,,,,,,,,,,,,,,,,,,,,,,,,,,,,,,,,,,,,,,,,,,2,21,21,0,0,12,10.5,21.0,,,,,,,,,,,,,,,,,,,,,,,,,,,,,,,,,,,,,,,,,,,,,,,,
2026-27,football,Southern California Intercollegiate Athletic Conference (SCIAC),sciac,Pomona-Pitzer,"Eastlack,Gage",Gage,Eastlack,,549,"Eastlack,Gage","EASTLACK,GAGE",Pomona-Pitzer,PPU,1159-3132,3,0,91,91,0,0,0,0,,,,,,,,,,,,,,,,,,,,,,,,,,,,,,,,,,,,,,,,,,,,,,,,,,,,,,,,,,,,,,,,,,,,,,,,,,,,,,,,,,,,,,,,,,,,,,,,,,,,,,,,,,,,,,,,,,12,450,46,0,0,2,0,0,37.5,,,,,
2026-27,football,Southern California Intercollegiate Athletic Conference (SCIAC),sciac,Pomona-Pitzer,"Eastman,Max",Max,Eastman,,549,"Eastman,Max","EASTMAN,MAX",Pomona-Pitzer,PPU,1159-2674,3,1,92,92,0,0,DL,0,,,,,,,,,,,,0,5,5,10,10,1.0,.0,.0,1,0,3,1,1,0,3,0,0,2,0,0,0,0,0,0,,,,,,,,,,,,,,,,,,,,,,,,,,,,,,,,,,,,,,,,,,,,,,,,,,,,,,,,,,,,,,,,,,,,,,,,,,,,,,,,,,,,,,,,,,,,
2026-27,football,Southern California Intercollegiate Athletic Conference (SCIAC),sciac,Pomona-Pitzer,"Elerts,Josh",Josh,Elerts,,549,"Elerts,Josh","ELERTS,JOSH",Pomona-Pitzer,PPU,1159-3336,1,0,41,41,0,RB,0,0,,,,,,,,,,,,,,,,,,,,,,,,,,,,,,,,,,,,,,,,,,,,,,,,,,,,,,,,,,,,,,,,,,,,,,,,2,-1,0,1,0,0,-.5,-1.0,,,,,,,,,,,,,,,,,,,,,,,,,,,,,,,,,,,,,,,,,,,,,,,,
2026-27,football,Southern California Intercollegiate Athletic Conference (SCIAC),sciac,Pomona-Pitzer,"Elliott,Kellen",Kellen,Elliott,,549,"Elliott,Kellen","ELLIOTT,KELLEN",Pomona-Pitzer,PPU,1159-3298,1,0,68,68,0,0,DL,0,,,,,,,,,,,,0,0,1,1,1,.0,.0,.0,0,0,0,0,0,0,0,0,0,0,0,0,0,0,0,0,,,,,,,,,,,,,,,,,,,,,,,,,,,,,,,,,,,,,,,,,,,,,,,,,,,,,,,,,,,,,,,,,,,,,,,,,,,,,,,,,,,,,,,,,,,,
2026-27,football,Southern California Intercollegiate Athletic Conference (SCIAC),sciac,Pomona-Pitzer,"Feller,Shane",Shane,Feller,,549,"Feller,Shane","FELLER,SHANE",Pomona-Pitzer,PPU,1159-3311,1,0,40,40,0,0,LB,0,,,,,,,,,,,,0,0,1,1,1,.0,.0,.0,0,0,0,0,0,0,0,0,0,1,0,0,0,0,0,0,,,,,,,,,,,,,,,,,,,,,,,,,,,,,,,,,,,,,,,,,,,,,,,,,,,,,,,,,,,,,,,,,,,,,,,,,,,,,,,,,,,,,,,,,,,,
2026-27,football,Southern California Intercollegiate Athletic Conference (SCIAC),sciac,Pomona-Pitzer,"Fox,Christopher",Christopher,Fox,,549,"Fox,Christopher","FOX,CHRISTOPHER",Pomona-Pitzer,PPU,1159-3191,1,0,51,51,0,0,DL,0,,,,,,,,,,,,0,0,1,1,1,.0,.0,.0,0,0,0,0,0,0,0,0,0,0,0,0,0,0,0,0,,,,,,,,,,,,,,,,,,,,,,,,,,,,,,,,,,,,,,,,,,,,,,,,,,,,,,,,,,,,,,,,,,,,,,,,,,,,,,,,,,,,,,,,,,,,
2026-27,football,Southern California Intercollegiate Athletic Conference (SCIAC),sciac,Pomona-Pitzer,"Grady,William",William,Grady,,549,"Grady,William","GRADY,WILLIAM",Pomona-Pitzer,PPU,1159-3316,1,0,89,89,0,WR,0,0,,,0,0,0,0,.0,,,,,,,,,,,,,,,,,,,,,,,,,,,,,,,,,,,,,,,,,,,,,,,,,,,,,,,,,,,,,,,,,,,,,,,,,,,,,,,,,,,,,,,,,,,,,,,,,,,,,,,,,,,,,,,,,,,,,,,,
2026-27,football,Southern California Intercollegiate Athletic Conference (SCIAC),sciac,Pomona-Pitzer,"Green,Carson",Carson,Green,,549,"Green,Carson","GREEN,CARSON",Pomona-Pitzer,PPU,1159-2651,2,1,4,4,0,WR,0,0,,,,,,,,,,,,0,1,0,1,1,.0,.0,.0,0,0,0,0,0,0,0,0,0,0,0,0,0,0,0,0,,,,,,,,,,,,,,,,,,,,,,,,,,,,,,,,,,,,,9,20,26,6,0,13,2.2,10.0,0,0,47,6,423,4,77,46,121.2,5.49,9.20,211.5,,,,,,,,,,,,,,,,,,,,,,,,,,,,,,,,,,,,
2026-27,football,Southern California Intercollegiate Athletic Conference (SCIAC),sciac,Pomona-Pitzer,"Hur,Jacob",Jacob,Hur,,549,"Hur,Jacob","HUR,JACOB",Pomona-Pitzer,PPU,1159-2908,1,0,98,98,0,0,DL,0,,,,,,,,,,,,0,0,1,1,1,.5,.0,.0,0,1,2,0,0,0,0,0,0,0,0,0,0,0,0,0,,,,,,,,,,,,,,,,,,,,,,,,,,,,,,,,,,,,,,,,,,,,,,,,,,,,,,,,,,,,,,,,,,,,,,,,,,,,,,,,,,,,,,,,,,,,
2026-27,football,Southern California Intercollegiate Athletic Conference (SCIAC),sciac,Pomona-Pitzer,"Irons,Jackson",Jackson,Irons,,549,"Irons,Jackson","IRONS,JACKSON",Pomona-Pitzer,PPU,1159-2920,3,0,10,10,0,WR,0,0,,,12,107,1,33,8.9,,,,,0,0,0,0,0,.0,.0,.0,0,0,0,0,0,0,0,0,0,0,0,0,0,0,0,0,,,,,,0,2,0,0,0,0,0,0,0,12,12,4,,,,,,,,,,,,,,,,,,2,1,1,1,1,0,0,1,1.0,.3,,,,,,,,,,,,,,,,,,,,,,,,,13,298,1,100,22.9,3,5,0,5,1.7,,,,,,,,,,,,,,
2026-27,football,Southern California Intercollegiate Athletic Conference (SCIAC),sciac,Pomona-Pitzer,"Kling,Alden",Alden,Kling,,549,"Kling,Alden","KLING,ALDEN",Pomona-Pitzer,PPU,1159-2639,3,1,97,97,0,0,DL,0,,,,,,,,,,,,0,5,5,10,10,5.0,.0,.0,4,2,28,3,3,0,25,0,1,9,0,1,0,0,0,0,,,,,,,,,,,,,,,,,,,,,,,,,,,,,,,,,,,,,,,,,,,,,,,,,,,,,,,,,,,,,,,,,,,,,,,,,,,,,,,,,,,,,,,,,,,,
2026-27,football,Southern California Intercollegiate Athletic Conference (SCIAC),sciac,Pomona-Pitzer,"Krawiec,Cole",Cole,Krawiec,,549,"Krawiec,Cole","KRAWIEC,COLE",Pomona-Pitzer,PPU,1159-2911,3,1,6,6D,0,0,LB,0,,,,,,,,,,,,0,13,10,23,23,2.0,.0,.0,2,0,4,0,0,0,0,0,0,1,0,0,0,0,0,0,,,,,,,,,,,,,,,,,,,,,,,,,,,,,,,,,,,,,,,,,,,,,,,,,,,,,,,,,,,,,,,,,,,,,,,,,,,,,,,,,,,,,,,,,,,,
2026-27,football,Southern California Intercollegiate Athletic Conference (SCIAC),sciac,Pomona-Pitzer,"Larsen,Marco",Marco,Larsen,,549,"Larsen,Marco","LARSEN,MARCO",Pomona-Pitzer,PPU,1159-3134,2,0,50,50,0,0,LB,0,,,,,,,,,,,,0,1,1,2,2,.0,.0,.0,0,0,0,0,0,0,0,0,0,0,0,0,0,0,0,0,,,,,,,,,,,,,,,,,,,,,,,,,,,,,,,,,,,,,,,,,,,,,,,,,,,,,,,,,,,,,,,,,,,,,,,,,,,,,,,,,,,,,,,,,,,,
2026-27,football,Southern California Intercollegiate Athletic Conference (SCIAC),sciac,Pomona-Pitzer,"Lee,Lance",Lance,Lee,,549,"Lee,Lance","LEE,LANCE",Pomona-Pitzer,PPU,1159-3135,2,0,22,22,0,0,DB,0,,,,,,,,,,,,0,2,0,2,2,.0,.0,.0,0,0,0,0,0,0,0,0,0,0,0,0,0,0,0,0,,,,,,,,,,,,,,,,,,,,,,,,,,,,,,,,,,,,,,,,,,,,,,,,,,,,,,,,,,,,,,,,,,,,,,,,,,,,,,,,,,,,,,,,,,,,
2026-27,football,Southern California Intercollegiate Athletic Conference (SCIAC),sciac,Pomona-Pitzer,"Lim,Danner",Danner,Lim,,549,"Lim,Danner","LIM,DANNER",Pomona-Pitzer,PPU,1159-2904,3,1,94,94,0,0,DL,0,,,,,,,,,,,,0,4,1,5,5,.0,.0,.0,0,0,0,0,0,0,0,0,0,0,0,0,0,0,0,0,,,,,,,,,,,,,,,,,,,,,,,,,,,,,,,,,,,,,,,,,,,,,,,,,,,,,,,,,,,,,,,,,,,,,,,,,,,,,,,,,,,,,,,,,,,,
2026-27,football,Southern California Intercollegiate Athletic Conference (SCIAC),sciac,Pomona-Pitzer,"Martinez,Coen",Coen,Martinez,,549,"Martinez,Coen","MARTINEZ,COEN",Pomona-Pitzer,PPU,1159-2664,1,0,2,2D,0,0,DB,0,,,,,,,,,,,,0,1,0,1,1,.0,.0,.0,0,0,0,0,0,0,0,0,0,0,0,0,0,0,0,0,,,,,,,,,,,,,,,,,,,,,,,,,,,,,,,,,,,,,,,,,,,,,,,,,,,,,,,,,,,,,,,,,,,,,,,,,,,,,,,,,,,,,,,,,,,,
2026-27,football,Southern California Intercollegiate Athletic Conference (SCIAC),sciac,Pomona-Pitzer,"Matthews,Nick",Nick,Matthews,,549,"Matthews,Nick","MATTHEWS,NICK",Pomona-Pitzer,PPU,1159-2666,3,1,82,82,0,WR,0,0,,,7,24,0,6,3.4,,,,,,,,,,,,,,,,,,,,,,,,,,,,,,,,,,,,,,,,,,,,,,,,,,,,,,,,,,,,,,,,,,,,,,,,,,,,,,,,,,,,,,,,,,,,,,,,,,,,,,,,,,,,,,,,,,,,,,,,
2026-27,football,Southern California Intercollegiate Athletic Conference (SCIAC),sciac,Pomona-Pitzer,"Merkel,Hunter",Hunter,Merkel,,549,"Merkel,Hunter","MERKEL,HUNTER",Pomona-Pitzer,PPU,1159-2916,1,0,15,15,0,QB,0,0,,,,,,,,,,,,0,3,0,3,3,.0,.0,.0,0,0,0,0,0,0,0,1,0,0,0,0,0,0,0,1,,,,,,,,,,,,,,,,,,,,,,,,,,,,,,,,,,,,,,,,,,,,,,,,,,,,,,,,,,,,,,,,,,,,,,,,,,,,,,,,,,,,,,,,,,,,
2026-27,football,Southern California Intercollegiate Athletic Conference (SCIAC),sciac,Pomona-Pitzer,"Miller,Colin",Colin,Miller,,549,"Miller,Colin","MILLER,COLIN",Pomona-Pitzer,PPU,1159-2905,3,1,12,12,0,0,LB,0,,,,,,,,,,,,0,9,4,13,13,.5,.0,.0,0,1,1,0,0,0,0,3,0,0,0,0,0,0,0,3,,,,,,,,,,,,,,,,,,,,,,,,,,,,,,,,,,,,,,,,,,,,,,,,,,,,,,,,,,,,,,,,,,,,,,,,,,,,,,,,,,,,,,,,,,,,
2026-27,football,Southern California Intercollegiate Athletic Conference (SCIAC),sciac,Pomona-Pitzer,"Molinelli,Bo",Bo,Molinelli,,549,"Molinelli,Bo","MOLINELLI,BO",Pomona-Pitzer,PPU,1159-2901,3,1,1,1D,0,0,DB,0,,,,,,,,,,,,0,8,0,8,8,.0,.0,.0,0,0,0,0,0,0,0,1,0,0,0,0,0,0,0,1,,,,,,,,,,,,,,,,,,,,,,,,,,,,,,,,,,,,,,,,,,,,,,,,,,,,,,,,,,,,,,,,,,,,,,,,,,,,,,,,,,,,,,,,,,,,
2026-27,football,Southern California Intercollegiate Athletic Conference (SCIAC),sciac,Pomona-Pitzer,"Palagi,Mario",Mario,Palagi,,549,"Palagi,Mario","PALAGI,MARIO",Pomona-Pitzer,PPU,1159-2906,3,0,99,99,0,0,DL,0,,,,,,,,,,,,0,2,3,5,5,1.0,.0,.0,1,0,5,0,0,0,0,0,0,1,0,0,0,0,0,0,,,,,,,,,,,,,,,,,,,,,,,,,,,,,,,,,,,,,,,,,,,,,,,,,,,,,,,,,,,,,,,,,,,,,,,,,,,,,,,,,,,,,,,,,,,,
2026-27,football,Southern California Intercollegiate Athletic Conference (SCIAC),sciac,Pomona-Pitzer,"Pickett,Kalani",Kalani,Pickett,,549,"Pickett,Kalani","PICKETT,KALANI",Pomona-Pitzer,PPU,1159-2636,3,1,3,3,0,0,DB,0,,,,,,,,,,,,4,4,2,6,6,.0,.0,.0,0,0,0,0,0,0,0,2,0,0,0,0,0,0,1,3,,,,,,,,,,,,,,,,,,,,,,,,,,1,4,0,4,4.0,,,,,,,,,,,,,,,,,,,,,,,,,,,,,,,,,,,,,,,,,,,,1,14,0,14,14.0,,,,,,,,,,,,,,
2026-27,football,Southern California Intercollegiate Athletic Conference (SCIAC),sciac,Pomona-Pitzer,"Rodenbaugh,Mitchell",Mitchell,Rodenbaugh,,549,"Rodenbaugh,Mitchell","RODENBAUGH,MITCHELL",Pomona-Pitzer,PPU,1159-2917,3,0,17,17,0,RB,0,0,,,6,59,1,38,9.8,,,,,0,0,0,0,0,.0,.0,.0,0,0,0,0,0,0,0,0,0,0,0,0,0,0,0,0,,,,,,0,2,0,0,0,0,0,0,0,12,12,4,,,,,,,,,,,,,,,,,,,,21,139,140,1,1,29,6.6,46.3,,,,,,,,,,,,,,,,,,,,,,,,,,,,,,,,,,,,,,,,,,,,,,,,
2026-27,football,Southern California Intercollegiate Athletic Conference (SCIAC),sciac,Pomona-Pitzer,"Ryals,Leo",Leo,Ryals,,549,"Ryals,Leo","RYALS,LEO",Pomona-Pitzer,PPU,1159-2910,3,1,11,11,0,0,LB,0,,,,,,,,,,,,0,19,8,27,27,1.5,.0,.0,1,1,1,0,0,0,0,1,0,1,0,0,0,0,0,1,,,,,,,,,,,,,,,,,,,,,,,,,,,,,,,,,,,,,,,,,,,,,,,,,,,,,,,,,,,,,,,,,,,,,,,,,,,,,,,,,,,,,,,,,,,,
2026-27,football,Southern California Intercollegiate Athletic Conference (SCIAC),sciac,Pomona-Pitzer,"Sansbury,Cooper",Cooper,Sansbury,,549,"Sansbury,Cooper","SANSBURY,COOPER",Pomona-Pitzer,PPU,1159-2915,3,1,27,27,0,0,LB,0,,,,,,,,,,,,0,5,1,6,6,.0,.0,.0,0,0,0,0,0,0,0,1,0,2,0,0,0,0,0,1,,,,,,,,,,,,,,,,,,,,,,,,,,,,,,,,,,,,,,,,,,,,,,,,,,,,,,,,,,,,,,,,,,,,,,,,,,,,,,,,,,,,,,,,,,,,
2026-27,football,Southern California Intercollegiate Athletic Conference (SCIAC),sciac,Pomona-Pitzer,"Schweizer,Ethan",Ethan,Schweizer,,549,"Schweizer,Ethan","SCHWEIZER,ETHAN",Pomona-Pitzer,PPU,1159-2659,1,0,32,32,0,0,DB,0,,,,,,,,,,,,0,1,0,1,1,.0,.0,.0,0,0,0,0,0,0,0,0,0,0,0,0,0,0,0,0,,,,,,,,,,,,,,,,,,,,,,,,,,,,,,,,,,,,,,,,,,,,,,,,,,,,,,,,,,,,,,,,,,,,,,,,,,,,,,,,,,,,,,,,,,,,
2026-27,football,Southern California Intercollegiate Athletic Conference (SCIAC),sciac,Pomona-Pitzer,"Seese,Jamison",Jamison,Seese,,549,"Seese,Jamison","SEESE,JAMISON",Pomona-Pitzer,PPU,1159-3296,1,0,9,9,0,QB,0,0,,,,,,,,,,,,,,,,,,,,,,,,,,,,,,,,,,,,,,,,,,,,,,,,,,,,,,,,,,,,,,,,,,,,,,,,1,-6,0,6,0,0,-6.0,-6.0,6,1,8,0,7,0,2,2,129.4,3.50,3.50,7.0,,,,,,,,,,,,,,,,,,,,,,,,,,,,,,,,,,,,
2026-27,football,Southern California Intercollegiate Athletic Conference (SCIAC),sciac,Pomona-Pitzer,"Shin,Greyson",Greyson,Shin,,549,"Shin,Greyson","SHIN,GREYSON",Pomona-Pitzer,PPU,1159-2913,2,1,54,54,0,OG,0,0,,,,,,,,,,,,,,,,,,,,,,,,,,,,,,,,,,,,,,,,,,,,,,,,,,,,,,,,,,,,,,,,,,,,,,,,,,,,,,,,,,,,,,,,,,,,,,,,,,,,,,,,,,,,,,,,,,,,,,,,,,,,,,,
2026-27,football,Southern California Intercollegiate Athletic Conference (SCIAC),sciac,Pomona-Pitzer,"Sobota,Jack",Jack,Sobota,,549,"Sobota,Jack","SOBOTA,JACK",Pomona-Pitzer,PPU,1159-2649,3,1,84,84,0,WR,0,0,,,8,125,3,47,15.6,,,,,0,0,0,0,0,.0,.0,.0,0,0,0,0,0,0,0,0,0,0,0,0,0,0,0,0,,,,,,0,3,0,0,0,0,0,0,0,18,18,6,,,,,,,,,,,,,,,,,,,,1,-2,0,2,0,0,-2.0,-.7,,,,,,,,,,,,,,,,,,,,,,,,,,,,,,,,,,,,,,,,,,,,,,,,
2026-27,football,Southern California Intercollegiate Athletic Conference (SCIAC),sciac,Pomona-Pitzer,"Streidl,Aidan",Aidan,Streidl,,549,"Streidl,Aidan","STREIDL,AIDAN",Pomona-Pitzer,PPU,1159-3309,3,0,45,45,0,0,0,0,,,,,,,,,,,,0,0,0,0,0,.0,.0,.0,0,0,0,0,0,0,0,0,0,0,0,0,0,0,0,0,,,,,,11,0,1,0,0,0,0,0,0,14,14,4.67,,,,,,,,,,,,,,,,,,,,,,,,,,,,,,,,,,,,,,,,11,11,0,0,0,0,0,0,0,0,0,0,,,,,,,,,,,,,,,,,,,,1,1,20,0,100.0
2026-27,football,Southern California Intercollegiate Athletic Conference (SCIAC),sciac,Pomona-Pitzer,"Taylor,Ridge",Ridge,Taylor,,549,"Taylor,Ridge","TAYLOR,RIDGE",Pomona-Pitzer,PPU,1159-3294,1,0,47,47,0,0,DL,0,,,,,,,,,,,,,,,,,,,,,,,,,,,,,,,,,,,,,,,,,,,,,,,,,,,,,,,,,,,,,,,,,,,,,,,,,,,,,,,,,,,,,,,,,,,,,,,,,,,,,,,,,,,,,,,,,,,,,,,,,,,,,,,
2026-27,football,Southern California Intercollegiate Athletic Conference (SCIAC),sciac,Pomona-Pitzer,"Thompson,Spencer",Spencer,Thompson,,549,"Thompson,Spencer","THOMPSON,SPENCER",Pomona-Pitzer,PPU,1159-3335,3,0,95,95,0,0,0,0,,,,,,,,,,,,,,,,,,,,,,,,,,,,,,,,,,,,,,,,,,,,,,,,,,,,,,15,917,0,1,61.1,,,,,,,,,,,,,,,,,,,,,,,,,,,,,,,,,,,,,,,,,,,,,,,,,,,,,,,,,,,,,,,,,,,,,
2026-27,football,Southern California Intercollegiate Athletic Conference (SCIAC),sciac,Pomona-Pitzer,"Valdez,Joaquin",Joaquin,Valdez,,549,"Valdez,Joaquin","VALDEZ,JOAQUIN",Pomona-Pitzer,PPU,1159-2652,3,0,1,1,0,WR,0,0,,,5,30,0,14,6.0,,,,,0,1,0,1,1,.0,.0,.0,0,0,0,0,0,0,0,0,0,0,0,0,0,0,0,0,,,,,,,,,,,,,,,,,,,,,,,,,,,,,,,,,,,,,,,,,,,,,,,,,,,,,,,,,,,,,,,,,,,,,,,,,,,,,,,,,,,,,,,,,,,,
2026-27,football,Southern California Intercollegiate Athletic Conference (SCIAC),sciac,Pomona-Pitzer,"van der Pyl,Trevor",Trevor,van der Pyl,,549,"van der Pyl,Trevor","VAN DER PYL,TREVOR",Pomona-Pitzer,PPU,1159-3317,1,0,30,30,0,0,DB,0,,,,,,,,,,,,0,2,0,2,2,.0,.0,.0,0,0,0,0,0,0,0,0,0,0,0,0,0,0,0,0,,,,,,,,,,,,,,,,,,,,,,,,,,,,,,,,,,,,,,,,,,,,,,,,,,,,,,,,,,,,,,,,,,,,,,,,,,,,,,,,,,,,,,,,,,,,
2026-27,football,Southern California Intercollegiate Athletic Conference (SCIAC),sciac,Pomona-Pitzer,"Varcados,Jonathan",Jonathan,Varcados,,549,"Varcados,Jonathan","VARCADOS,JONATHAN",Pomona-Pitzer,PPU,1159-2655,3,0,62,62,0,OG,0,0,,,,,,,,,,,,,,,,,,,,,,,,,,,,,,,,,,,,,,,,,,,,,,,,,,,,,,,,,,,,,,,,,,,,,,,,,,,,,,,,,,,,,,,,,,,,,,,,,,,,,,,,,,,,,,,,,,,,,,,,,,,,,,,
2026-27,football,Southern California Intercollegiate Athletic Conference (SCIAC),sciac,Pomona-Pitzer,"Vaughn,Ben",Ben,Vaughn,,549,"Vaughn,Ben","VAUGHN,BEN",Pomona-Pitzer,PPU,1159-3319,2,0,44,44,0,0,LB,0,,,,,,,,,,,,0,2,1,3,3,.0,.0,.0,0,0,0,0,0,0,0,0,0,0,0,0,0,0,0,0,,,,,,,,,,,,,,,,,,,,,,,,,,,,,,,,,,,,,,,,,,,,,,,,,,,,,,,,,,,,,,,,,,,,,,,,,,,,,,,,,,,,,,,,,,,,
2026-27,football,Southern California Intercollegiate Athletic Conference (SCIAC),sciac,Pomona-Pitzer,"Walsh,Grant",Grant,Walsh,,549,"Walsh,Grant","WALSH,GRANT",Pomona-Pitzer,PPU,1159-2924,2,1,80,80,0,WR,0,0,,,2,5,0,3,2.5,,,,,0,0,0,0,0,.0,.0,.0,0,0,0,0,0,0,0,0,0,0,0,0,0,0,0,0,,,,,,,,,,,,,,,,,,,,,,,,,,,,,,,,,,,1,1,,,,,,,,,,,,,,,,,,,,,,,,,,,,,,,,,,,,,,,,,,,,,,,,,,,,,,,,
2026-27,football,Southern California Intercollegiate Athletic Conference (SCIAC),sciac,Pomona-Pitzer,"Weber,William",William,Weber,,549,"Weber,William","WEBER,WILLIAM",Pomona-Pitzer,PPU,1159-3142,3,0,42,42,0,0,LB,0,,,,,,,,,,,,0,4,4,8,8,2.5,.0,.0,2,1,5,0,0,0,0,0,0,0,0,0,0,0,0,0,,,,,,,,,,,,,,,,,,,,,,,,,,,,,,,,,,,,,,,,,,,,,,,,,,,,,,,,,,,,,,,,,,,,,,,,,,,,,,,,,,,,,,,,,,,,
2026-27,football,Southern California Intercollegiate Athletic Conference (SCIAC),sciac,Pomona-Pitzer,"Whang,Joshua",Joshua,Whang,,549,"Whang,Joshua","WHANG,JOSHUA",Pomona-Pitzer,PPU,1159-3143,3,0,18,18,0,0,DB,0,,,,,,,,,,,,0,3,1,4,4,.0,.0,.0,0,0,0,0,0,0,0,1,0,0,0,0,0,0,0,1,,,,,,,,,,,,,,,,,,,,,,,,,,,,,,,,,,,,,,,,,,,,,,,,,,,,,,,,,,,,,,,,,,,,,,,,,,,,,,,,,,,,,,,,,,,,
2026-27,football,Southern California Intercollegiate Athletic Conference (SCIAC),sciac,Pomona-Pitzer,"Willingham,Owen",Owen,Willingham,,549,"Willingham,Owen","WILLINGHAM,OWEN",Pomona-Pitzer,PPU,1159-3295,2,0,85,85,0,WR,0,0,,,3,42,0,35,14.0,,,,,,,,,,,,,,,,,,,,,,,,,,,,,,,,,,,,,,,,,,,,,,,,,,,,,,,,,,,,,,,,,1,6,6,0,0,6,6.0,3.0,,,,,,,,,,,,,,,,,,,,,,,,,,,,,,,,,,,,,,,,,,,,,,,,
2026-27,football,Southern California Intercollegiate Athletic Conference (SCIAC),sciac,Pomona-Pitzer,"Russo,Grady",Grady,Russo,,549,"Russo,Grady","RUSSO,GRADY",Pomona-Pitzer,PPU,1159-2673,2,0,6,6,0,QB,0,0,,,,,,,,,,,,,,,,,,,,,,,,,,,,,,,,,,,,,,,,,,,,,,,,,,,,,,,,,,,,,,,,,,,,,,,,7,47,47,0,0,18,6.7,23.5,0,0,11,0,30,0,8,5,94.0,3.75,6.00,15.0,,,,,,,,,,,,,,,,,,,,,,,,,,,,,,,,,,,,
2026-27,football,Southern California Intercollegiate Athletic Conference (SCIAC),sciac,Pomona-Pitzer,"White,Tyler",Tyler,White,,549,"White,Tyler","WHITE,TYLER",Pomona-Pitzer,PPU,1159-3331,1,1,57,57,0,OL,0,0,,,,,,,,,,,,,,,,,,,,,,,,,,,,,,,,,,,,,,,,,,,,,,,,,,,,,,,,,,,,,,,,,,,,,,,,,,,,,,,,,,,,,,,,,,,,,,,,,,,,,,,,,,,,,,,,,,,,,,,,,,,,,,,
2026-27,football,Southern California Intercollegiate Athletic Conference (SCIAC),sciac,Pomona-Pitzer,"Dufeny,Owen",Owen,Dufeny,,549,"Dufeny,Owen","DUFENY,OWEN",Pomona-Pitzer,PPU,1159-3131,1,1,64,64,0,OL,0,0,,,,,,,,,,,,,,,,,,,,,,,,,,,,,,,,,,,,,,,,,,,,,,,,,,,,,,,,,,,,,,,,,,,,,,,,,,,,,,,,,,,,,,,,,,,,,,,,,,,,,,,,,,,,,,,,,,,,,,,,,,,,,,,
2026-27,football,Southern California Intercollegiate Athletic Conference (SCIAC),sciac,Pomona-Pitzer,"Trostle,Daniel",Daniel,Trostle,,549,"Trostle,Daniel","TROSTLE,DANIEL",Pomona-Pitzer,PPU,1159-3306,1,1,71,71,0,OL,0,0,,,,,,,,,,,,0,1,0,1,1,.0,.0,.0,0,0,0,0,0,0,0,0,0,0,0,0,0,0,0,0,,,,,,,,,,,,,,,,,,,,,,,,,,,,,,,,,,,,,,,,,,,,,,,,,,,,,,,,,,,,,,,,,,,,,,,,,,,,,,,,,,,,,,,,,,,,
2026-27,football,Southern California Intercollegiate Athletic Conference (SCIAC),sciac,Pomona-Pitzer,"Aiona,Gabriel",Gabriel,Aiona,,549,"Aiona,Gabriel","AIONA,GABRIEL",Pomona-Pitzer,PPU,1159-2632,2,1,77,77,0,OG,0,0,,,,,,,,,,,,,,,,,,,,,,,,,,,,,,,,,,,,,,,,,,,,,,,,,,,,,,,,,,,,,,,,,,,,,,,,,,,,,,,,,,,,,,,,,,,,,,,,,,,,,,,,,,,,,,,,,,,,,,,,,,,,,,,
2026-27,football,Southern California Intercollegiate Athletic Conference (SCIAC),sciac,Pomona-Pitzer,"Philippe,Jaques",Jaques,Philippe,,549,"Philippe,Jaques","PHILIPPE,JAQUES",Pomona-Pitzer,PPU,1159-2899,2,1,7,7,0,0,DB,0,,,,,,,,,,,,15,2,3,5,5,.0,.0,.0,0,0,0,0,0,0,0,0,0,0,0,0,0,0,1,1,,,,,,,,,,,,,,,,,,,,,,,,,,1,15,0,15,15.0,,,,,,,,,,,,,,,,,,,,,,,,,,,,,,,,,,,,,,,,,,,,,,,,,,,,,,,,,,,,,,
2026-27,football,Southern California Intercollegiate Athletic Conference (SCIAC),sciac,Pomona-Pitzer,"Waesco,Michael",Michael,Waesco,,549,"Waesco,Michael","WAESCO,MICHAEL",Pomona-Pitzer,PPU,1159-3312,1,0,16,16,0,WR,0,0,,,,,,,,,,,,,,,,,,,,,,,,,,,,,,,,,,,,,,,,,,,,,,,,,,,,,,,,,,,,,,,,,,,,,,,,,,,,,,,,,,,,,,,,,,,,,,,,,,,,,,,,,,,,,,,,,,,,,,,,,,,,,,,
2026-27,football,Southern California Intercollegiate Athletic Conference (SCIAC),sciac,Pomona-Pitzer,"Loya Jr,Estevan",Estevan,Loya Jr,,549,"Loya Jr,Estevan","LOYA JR,ESTEVAN",Pomona-Pitzer,PPU,1159-3330,1,0,20,20,0,0,LB,0,,,,,,,,,,,,0,1,0,1,1,.0,.0,.0,0,0,0,0,0,0,0,0,0,0,0,0,0,0,0,0,,,,,,,,,,,,,,,,,,,,,,,,,,,,,,,,,,,,,,,,,,,,,,,,,,,,,,,,,,,,,,,,,,,,,,,,,,,,,,,,,,,,,,,,,,,,
2026-27,football,Southern California Intercollegiate Athletic Conference (SCIAC),sciac,Pomona-Pitzer,"Parra,Cole",Cole,Parra,,549,"Parra,Cole","PARRA,COLE",Pomona-Pitzer,PPU,1159-3138,1,0,21,21,0,RB,0,0,,,,,,,,,,,,0,1,0,1,1,1.0,.0,.0,1,0,2,0,0,0,0,0,0,1,0,0,0,0,0,0,,,,,,,,,,,,,,,,,,,,,,,,,,,,,,,,,,,,,,,,,,,,,,,,,,,,,,,,,,,,,,,,,,,,,2,16,0,9,8.0,,,,,,,,,,,,,,,,,,,
2026-27,football,Southern California Intercollegiate Athletic Conference (SCIAC),sciac,Pomona-Pitzer,"Cooley,Colby",Colby,Cooley,,549,"Cooley,Colby","COOLEY,COLBY",Pomona-Pitzer,PPU,1159-3128,2,0,31,31,0,0,DB,0,,,,,,,,,,,,0,2,1,3,3,.0,.0,.0,0,0,0,0,0,0,0,0,0,0,0,0,0,0,0,0,,,,,,,,,,,,,,,,,,,,,,,,,,,,,,,,,,,,,,,,,,,,,,,,,,,,,,,,,,,,,,,,,,,,,,,,,,,,,,,,,,,,,,,,,,,,
2026-27,football,Southern California Intercollegiate Athletic Conference (SCIAC),sciac,Pomona-Pitzer,"Yamane,Brennen",Brennen,Yamane,,549,"Yamane,Brennen","YAMANE,BRENNEN",Pomona-Pitzer,PPU,1159-3315,1,0,38,38,0,RB,0,0,,,1,13,0,13,13.0,,,,,,,,,,,,,,,,,,,,,,,,,,,,,,,,,,,,,,,,,,,,,,,,,,,,,,,,,,,,,,,,,,,,,,,,,,,,,,,,,,,,,,,,,,,,,,,,,,,,,,,,,,,,,,,,,,,,,,,,
2026-27,football,Southern California Intercollegiate Athletic Conference (SCIAC),sciac,Pomona-Pitzer,"Fitzpatrick,Andrew",Andrew,Fitzpatrick,,549,"Fitzpatrick,Andrew","FITZPATRICK,ANDREW",Pomona-Pitzer,PPU,1159-3334,1,0,43,43,0,0,LB,0,,,,,,,,,,,,,,,,,,,,,,,,,,,,,,,,,,,,,,,,,,,,,,,,,,,,,,,,,,,,,,,,,,,,,,,,,,,,,,,,,,,,,,,,,,,,,,,,,,,,,,,,,,,,,,,,,,,,,,,,,,,,,,,
2026-27,football,Southern California Intercollegiate Athletic Conference (SCIAC),sciac,Pomona-Pitzer,"LeBlanc,Zachary",Zachary,LeBlanc,,549,"LeBlanc,Zachary","LEBLANC,ZACHARY",Pomona-Pitzer,PPU,1159-2914,2,1,59,59,0,0,LB,0,,,,,,,,,,,,0,0,1,1,1,.0,.0,.0,0,0,0,0,0,0,0,0,0,1,0,0,0,0,0,0,,,,,,,,,,,,,,,,,,,,,,,,,,,,,,,,,,,,,,,,,,,,,,,,,,,,,,,,,,,,,,,,,,,,,,,,,,,,,,,,,,,,,,,,,,,,
2026-27,football,Southern California Intercollegiate Athletic Conference (SCIAC),sciac,Pomona-Pitzer,"Chen,Stone",Stone,Chen,,549,"Chen,Stone","CHEN,STONE",Pomona-Pitzer,PPU,1159-2903,1,0,65,65,0,OG,0,0,,,,,,,,,,,,,,,,,,,,,,,,,,,,,,,,,,,,,,,,,,,,,,,,,,,,,,,,,,,,,,,,,,,,,,,,,,,,,,,,,,,,,,,,,,,,,,,,,,,,,,,,,,,,,,,,,,,,,,,,,,,,,,,
2026-27,football,Southern California Intercollegiate Athletic Conference (SCIAC),sciac,Pomona-Pitzer,"Polcari,Rhys",Rhys,Polcari,,549,"Polcari,Rhys","POLCARI,RHYS",Pomona-Pitzer,PPU,1159-3139,1,0,66,66,0,OL,0,0,,,,,,,,,,,,,,,,,,,,,,,,,,,,,,,,,,,,,,,,,,,,,,,,,,,,,,,,,,,,,,,,,,,,,,,,,,,,,,,,,,,,,,,,,,,,,,,,,,,,,,,,,,,,,,,,,,,,,,,,,,,,,,,
2026-27,football,Southern California Intercollegiate Athletic Conference (SCIAC),sciac,Pomona-Pitzer,"McCummings,Jack",Jack,McCummings,,549,"McCummings,Jack","MCCUMMINGS,JACK",Pomona-Pitzer,PPU,1159-3339,1,0,67,67,0,OL,0,0,,,,,,,,,,,,,,,,,,,,,,,,,,,,,,,,,,,,,,,,,,,,,,,,,,,,,,,,,,,,,,,,,,,,,,,,,,,,,,,,,,,,,,,,,,,,,,,,,,,,,,,,,,,,,,,,,,,,,,,,,,,,,,,
2026-27,football,Southern California Intercollegiate Athletic Conference (SCIAC),sciac,Claremont-Mudd-Scripps,George Kruger,George,Kruger,,142,George Kruger,"KRUGER,GEORGE",Claremont-Mudd-Scripps,CMS,1326-3530,3,1,0,0,0,0,0,0,,,,,,,,,,,,0,15,17,32,32,.5,.0,.0,0,1,0,0,0,0,0,1,1,0,0,0,0,0,0,1,,,,,,,,,,,,,,,,,,,,,,,,,,,,,,,,,,,,,,,,,,,,,,,,,,,,,,,,,,,,,,,,,,,,,,,,,,,,,,,,,,,,,,,,,,,,
2026-27,football,Southern California Intercollegiate Athletic Conference (SCIAC),sciac,Claremont-Mudd-Scripps,Noah Macapulay,Noah,Macapulay,,142,Noah Macapulay,"MACAPULAY,NOAH",Claremont-Mudd-Scripps,CMS,1326-6847,3,0,1,1,0,0,0,0,,,16,283,3,71,17.7,,,,,,,,,,,,,,,,,,,,,,,,,,,,,,,,,,0,3,0,0,0,0,0,0,0,18,18,6,,,,,,,,,,,,,,,,,,,,,,,,,,,,,,,,,,,,,,,,,,,,,,,,,,,,,,,,,,,,,,,,,,,,,,,,,,,
2026-27,football,Southern California Intercollegiate Athletic Conference (SCIAC),sciac,Claremont-Mudd-Scripps,Jake Son,Jake,Son,,142,Jake Son,"SON,JAKE",Claremont-Mudd-Scripps,CMS,1326-6853,3,0,2,2,0,0,0,0,,,1,13,0,13,13.0,,,,,0,3,1,4,4,.0,.0,.0,0,0,0,0,0,0,0,0,0,0,0,0,0,0,0,0,,,,,,0,0,0,0,1,0,0,0,0,2,2,0.67,,,,,,,,,,,,,,,,,,,,1,-2,0,2,0,0,-2.0,-.7,,,,,,,,,,,,,0,0,1,1,0,0,0,0,0,0,0,0,,,,,,5,68,0,38,13.6,,,,,,,,,,,,,,
2026-27,football,Southern California Intercollegiate Athletic Conference (SCIAC),sciac,Claremont-Mudd-Scripps,Quintin Craig,Quintin,Craig,,142,Quintin Craig,"CRAIG,QUINTIN",Claremont-Mudd-Scripps,CMS,1326-3504,3,0,3,3,0,0,0,0,,,4,106,0,50,26.5,,,,,0,0,0,0,0,.0,.0,.0,0,0,0,0,0,0,0,0,0,0,0,1,0,0,0,0,,,,,,,,,,,,,,,,,,,,,,,,,,,,,,,,,,,1,0,,,,,,,,,,,,,,,,,,,,,,,,,,,,,,,,,,,,,,,,,,,,,,,,,,,,,,,,
2026-27,football,Southern California Intercollegiate Athletic Conference (SCIAC),sciac,Claremont-Mudd-Scripps,Robert Litscher,Robert,Litscher,,142,Robert Litscher,"LITSCHER,ROBERT",Claremont-Mudd-Scripps,CMS,1326-3533,3,1,4,4,0,0,0,0,,,,,,,,,,,,0,0,0,0,0,.0,.0,.0,0,0,0,0,0,0,0,0,0,0,0,0,0,0,0,0,,,,,,,,,,,,,,,,,,,,,,,,,,,,,,,,,,,1,0,16,2,43,41,0,9,.1,.7,40,7,71,4,693,3,76,46,146.6,9.12,15.07,231.0,,,,,,,,,,,,,,,,,,,,,,,,,,,,,,,,,,,,
2026-27,football,Southern California Intercollegiate Athletic Conference (SCIAC),sciac,Claremont-Mudd-Scripps,James Ryan,James,Ryan,,142,James Ryan,"RYAN,JAMES",Claremont-Mudd-Scripps,CMS,1326-6851,3,1,6,6,0,0,0,0,,,3,31,0,15,10.3,,,,,0,1,0,1,1,.0,.0,.0,0,0,0,0,0,0,0,0,0,0,0,0,0,0,0,0,,,,,,,,,,,,,,,,,,,,,,,,,,,,,,,,,,,,,,,,,,,,,,,,,,,,,,,,,,,,,,,,,,,,,,,,,,,,,,,,,,,,,,,,,,,,
2026-27,football,Southern California Intercollegiate Athletic Conference (SCIAC),sciac,Claremont-Mudd-Scripps,Joseph Kessler,Joseph,Kessler,,142,Joseph Kessler,"KESSLER,JOSEPH",Claremont-Mudd-Scripps,CMS,1326-7071,3,1,10,10,0,0,0,0,,,,,,,,,,,,0,10,14,24,24,2.0,.0,.0,2,0,10,1,1,0,7,0,0,1,0,0,0,0,0,0,,,,,,,,,,,,,,,,,,,,,,,,,,,,,,,,,,,,,,,,,,,,,,,,,,,,,,,,,,,,,,,,,,,,,,,,,,,,,,,,,,,,,,,,,,,,
2026-27,football,Southern California Intercollegiate Athletic Conference (SCIAC),sciac,Claremont-Mudd-Scripps,Cooper Nixon,Cooper,Nixon,,142,Cooper Nixon,"NIXON,COOPER",Claremont-Mudd-Scripps,CMS,1326-3541,3,1,11,11,0,0,0,0,,,1,10,0,10,10.0,,,,,0,1,0,1,1,.0,.0,.0,0,0,0,0,0,0,0,0,0,0,0,0,0,0,0,0,,,,,,0,2,0,0,1,0,0,0,0,14,14,4.67,,,,,,,,,,,,,,,,,,,,53,203,208,5,2,26,3.8,67.7,0,0,0,0,0,0,1,0,.0,.00,.00,.0,0,0,1,1,0,0,0,0,0,0,0,0,,,,,,,,,,,,,,,,,,,,,,,,
2026-27,football,Southern California Intercollegiate Athletic Conference (SCIAC),sciac,Claremont-Mudd-Scripps,Luke Gildred,Luke,Gildred,,142,Luke Gildred,"GILDRED,LUKE",Claremont-Mudd-Scripps,CMS,1326-3516,2,0,12,12,0,0,0,0,,,,,,,,,,,,0,1,0,1,1,.0,.0,.0,0,0,0,0,0,0,0,0,0,0,0,0,0,0,0,0,,,,,,,,,,,,,,,,,,,,,,,,,,,,,,,,,,,,,1,-5,0,5,0,0,-5.0,-2.5,5,1,25,0,28,0,6,2,72.5,4.67,14.00,14.0,,,,,,,,,,,,,,,,,,,,,,,,,,,,,,,,,,,,
2026-27,football,Southern California Intercollegiate Athletic Conference (SCIAC),sciac,Claremont-Mudd-Scripps,Dylan Sherman,Dylan,Sherman,,142,Dylan Sherman,"SHERMAN,DYLAN",Claremont-Mudd-Scripps,CMS,1326-6852,3,0,13,13,0,0,0,0,,,,,,,,,,,,,,,,,,,,,,,,,,,,,,,,,,,,,,,,,,,,,,,,,,,,,,7,409,0,0,58.4,,,,,,,,,,,,,,,,,,,,,,,,,,,,,,,,,,,,,,,,,,,,,,,,,,,,,,,,13,511,54,0,1,5,2,6,39.3,,,,,
2026-27,football,Southern California Intercollegiate Athletic Conference (SCIAC),sciac,Claremont-Mudd-Scripps,Ben Kim,Ben,Kim,,142,Ben Kim,"KIM,BEN",Claremont-Mudd-Scripps,CMS,1326-3525,2,1,19,19,0,0,0,0,,,8,66,0,24,8.3,,,,,,,,,,,,,,,,,,,,,,,,,,,,,,,,,,,,,,,,,,,,,,,,,,,,,,,,,,,,,,,,,,,,,,,,,,,,,,,,,,,,,,,,,,,,,,,,,,,,,,,,,,,,,,,,,,,,,,,,
2026-27,football,Southern California Intercollegiate Athletic Conference (SCIAC),sciac,Claremont-Mudd-Scripps,Andrew Carrasquillo,Andrew,Carrasquillo,,142,Andrew Carrasquillo,"CARRASQUILLO,ANDREW",Claremont-Mudd-Scripps,CMS,1326-3497,3,1,21,21,0,0,0,0,,,,,,,,,,,,0,5,4,9,9,.0,.0,.0,0,0,0,0,0,0,0,3,0,0,0,0,1,0,0,3,,,,,,,,,,,,,,,,,,,,,,,,,,,,,,,,,,,,,,,,,,,,,,,,,,,,,,,,,,,,,,,,,,,,,,,,,,,,,,,,,,,,,,,,,,,,
2026-27,football,Southern California Intercollegiate Athletic Conference (SCIAC),sciac,Claremont-Mudd-Scripps,Tom Burton,Tom,Burton,,142,Tom Burton,"BURTON,TOM",Claremont-Mudd-Scripps,CMS,1326-3493,3,0,22,22,0,0,0,0,,,,,,,,,,,,0,5,4,9,9,.0,.0,.0,0,0,0,0,0,0,0,0,0,0,0,0,0,0,0,0,,,,,,,,,,,,,,,,,,,,,,,,,,,,,,,,,,,,,,,,,,,,,,,,,,,,,,,,,,,,,,,,,,,,,,,,,,,,,,,,,,,,,,,,,,,,
2026-27,football,Southern California Intercollegiate Athletic Conference (SCIAC),sciac,Claremont-Mudd-Scripps,Xzavier Sablan,Xzavier,Sablan,,142,Xzavier Sablan,"SABLAN,XZAVIER",Claremont-Mudd-Scripps,CMS,1326-3551,3,1,23,23,0,0,0,0,,,,,,,,,,,,13,5,10,15,15,1.0,.0,.0,1,0,16,1,1,0,16,0,1,1,0,0,0,0,1,1,,,,,,,,,,,,,,,,,,,,,,,,,,1,13,0,13,13.0,,,,,,,,,,,,,,,,,,,,,,,,,,,,,,,,,,,,,,,,,,,,,,,,,,,,,,,,,,,,,,
2026-27,football,Southern California Intercollegiate Athletic Conference (SCIAC),sciac,Claremont-Mudd-Scripps,Gavin Naylor,Gavin,Naylor,,142,Gavin Naylor,"NAYLOR,GAVIN",Claremont-Mudd-Scripps,CMS,1326-7077,2,1,25,25,0,0,0,0,,,,,,,,,,,,0,5,2,7,7,.0,.0,.0,0,0,0,0,0,0,0,1,0,1,0,0,0,0,0,1,,,,,,,,,,,,,,,,,,,,,,,,,,,,,,,,,,,,,,,,,,,,,,,,,,,,,,,,,,,,,,,,,,,,,,,,,,,,,,,,,,,,,,,,,,,,
2026-27,football,Southern California Intercollegiate Athletic Conference (SCIAC),sciac,Claremont-Mudd-Scripps,Owen Walz,Owen,Walz,,142,Owen Walz,"WALZ,OWEN",Claremont-Mudd-Scripps,CMS,1326-7080,3,0,28,28,0,0,0,0,,,1,-3,0,0,-3.0,,,,,,,,,,,,,,,,,,,,,,,,,,,,,,,,,,,,,,,,,,,,,,,,,,,,,,,,,,,,,,,,,2,-1,2,3,0,2,-.5,-.3,,,,,,,,,,,,,,,,,,,,,,,,,8,187,0,33,23.4,,,,,,,,,,,,,,,,,,,
2026-27,football,Southern California Intercollegiate Athletic Conference (SCIAC),sciac,Claremont-Mudd-Scripps,Sean Lee,Sean,Lee,,142,Sean Lee,"LEE,SEAN",Claremont-Mudd-Scripps,CMS,1326-7074,3,0,34,34,0,0,0,0,,,,,,,,,,,,0,0,0,0,0,.0,.0,.0,0,0,0,0,0,0,0,0,0,0,0,0,0,0,0,0,,,,,,3,0,7,0,0,0,0,0,0,24,24,8,,9,528,0,4,58.7,,,,,,,,,,,,,,,,,,,,,,,,,,,,,,,,,,3,3,0,0,0,0,0,0,0,0,0,0,,,,,,,,,,,,,,,,,,,,7,10,46,1,70.0
2026-27,football,Southern California Intercollegiate Athletic Conference (SCIAC),sciac,Claremont-Mudd-Scripps,Christian Murph,Christian,Murph,,142,Christian Murph,"MURPH,CHRISTIAN",Claremont-Mudd-Scripps,CMS,1326-7076,2,1,38,38,0,0,0,0,,,,,,,,,,,,0,3,2,5,5,.0,.0,.0,0,0,0,0,0,0,0,0,0,0,0,0,0,0,0,0,,,,,,,,,,,,,,,,,,,,,,,,,,,,,,,,,,,,,,,,,,,,,,,,,,,,,,,,,,,,,,,,,,,,,,,,,,,,,,,,,,,,,,,,,,,,
2026-27,football,Southern California Intercollegiate Athletic Conference (SCIAC),sciac,Claremont-Mudd-Scripps,Brady Joralemon,Brady,Joralemon,,142,Brady Joralemon,"JORALEMON,BRADY",Claremont-Mudd-Scripps,CMS,1326-7070,2,0,39,39,0,0,0,0,,,,,,,,,,,,,,,,,,,,,,,,,,,,,,,,,,,,,,,,,,,,,,,,,,,,,,,,,,,,,,,,,,,,,,,,4,8,12,4,0,7,2.0,4.0,,,,,,,,,,,,,,,,,,,,,,,,,,,,,,,,,,,,,,,,,,,,,,,,
2026-27,football,Southern California Intercollegiate Athletic Conference (SCIAC),sciac,Claremont-Mudd-Scripps,Van komen Drew,Van komen,Drew,,142,Van komen Drew,"KOMEN,DREW VAN",Claremont-Mudd-Scripps,CMS,1326-4516,3,1,41,41,0,0,0,0,,,,,,,,,,,,0,5,11,16,16,.5,.0,.0,0,1,1,0,0,0,0,0,0,0,0,0,0,0,0,0,,,,,,,,,,,,,,,,,,,,,,,,,,,,,,,,,,,,,,,,,,,,,,,,,,,,,,,,,,,,,,,,,,,,,,,,,,,,,,,,,,,,,,,,,,,,
2026-27,football,Southern California Intercollegiate Athletic Conference (SCIAC),sciac,Claremont-Mudd-Scripps,Michael Strojny,Michael,Strojny,,142,Michael Strojny,"STROJNY,MICHAEL",Claremont-Mudd-Scripps,CMS,1326-7030,2,0,44,44,0,0,0,0,,,,,,,,,,,,0,1,1,2,2,.5,.0,.0,0,1,0,0,0,0,0,1,0,0,0,0,0,0,0,1,,,,,,,,,,,,,,,,,,,,,,,,,,,,,,,,,,,,,,,,,,,,,,,,,,,,,,,,,,,,,,,,,,,,,,,,,,,,,,,,,,,,,,,,,,,,
2026-27,football,Southern California Intercollegiate Athletic Conference (SCIAC),sciac,Claremont-Mudd-Scripps,Grady Johnson,Grady,Johnson,,142,Grady Johnson,"JOHNSON,GRADY",Claremont-Mudd-Scripps,CMS,1326-3522,2,1,52,52,0,0,0,0,,,,,,,,,,,,0,5,9,14,14,3.0,.0,.0,2,2,12,1,1,0,10,0,0,0,0,0,0,0,0,0,,,,,,,,,,,,,,,,,,,,,,,,,,,,,,,,,,,,,,,,,,,,,,,,,,,,,,,,,,,,,,,,,,,,,,,,,,,,,,,,,,,,,,,,,,,,
2026-27,football,Southern California Intercollegiate Athletic Conference (SCIAC),sciac,Claremont-Mudd-Scripps,Zeke Vallez,Zeke,Vallez,,142,Zeke Vallez,"VALLEZ,ZEKE",Claremont-Mudd-Scripps,CMS,1326-6855,3,1,56,56,0,0,0,0,,,,,,,,,,,,0,5,8,13,13,.5,.0,.0,0,1,1,0,0,0,0,0,0,0,0,0,0,0,0,0,,,,,,,,,,,,,,,,,,,,,,,,,,,,,,,,,,,,,,,,,,,,,,,,,,,,,,,,,,,,,,,,,,,,,,,,,,,,,,,,,,,,,,,,,,,,
2026-27,football,Southern California Intercollegiate Athletic Conference (SCIAC),sciac,Claremont-Mudd-Scripps,Andrew Massino,Andrew,Massino,,142,Andrew Massino,"MASSINO,ANDREW",Claremont-Mudd-Scripps,CMS,1326-6848,1,0,58,58,0,0,0,0,,,,,,,,,,,,,,,,,,,,,,,,,,,,,,,,,,,,,,,,,,,,,,,,,,,,,,,,,,,,,,,,,,,,,,,,,,,,,,,,,,,,,,,,,,,,,,,,,,,,,,,,,,,,,,,,,,,,,,,,,,,,,,,
2026-27,football,Southern California Intercollegiate Athletic Conference (SCIAC),sciac,Claremont-Mudd-Scripps,Gabriel Blanco,Gabriel,Blanco,,142,Gabriel Blanco,"BLANCO,GABRIEL",Claremont-Mudd-Scripps,CMS,1326-6840,1,0,71,71,0,0,0,0,,,,,,,,,,,,,,,,,,,,,,,,,,,,,,,,,,,,,,,,,,,,,,,,,,,,,,,,,,,,,,,,,,,,,,,,,,,,,,,,,,,,,,,,,,,,,,,,,,,,,,,,,,,,,,,,,,,,,,,,,,,,,,,
2026-27,football,Southern California Intercollegiate Athletic Conference (SCIAC),sciac,Claremont-Mudd-Scripps,Enzo Benzan,Enzo,Benzan,,142,Enzo Benzan,"BENZAN,ENZO",Claremont-Mudd-Scripps,CMS,1326-3486,2,1,72,72,0,0,0,0,,,,,,,,,,,,,,,,,,,,,,,,,,,,,,,,,,,,,,,,,,,,,,,,,,,,,,,,,,,,,,,,,,,,,,,,,,,,,,,,,,,,,,,,,,,,,,,,,,,,,,,,,,,,,,,,,,,,,,,,,,,,,,,
2026-27,football,Southern California Intercollegiate Athletic Conference (SCIAC),sciac,Claremont-Mudd-Scripps,Jonathan Soto,Jonathan,Soto,,142,Jonathan Soto,"SOTO,JONATHAN",Claremont-Mudd-Scripps,CMS,1326-6854,2,0,80,80,0,0,0,0,,,,,,,,,,,,0,2,1,3,3,.0,.0,.0,0,0,0,0,0,0,0,0,0,0,0,0,0,0,0,0,,,,,,,,,,,,,,,,,,,,,,,,,,,,,,,,,,,,,,,,,,,,,,,,,,,,,,,,,,,,,,,,,,,,,,,,,,,,,,,,,,,,,,,,,,,,
2026-27,football,Southern California Intercollegiate Athletic Conference (SCIAC),sciac,Claremont-Mudd-Scripps,Jaden Rattay,Jaden,Rattay,,142,Jaden Rattay,"RATTAY,JADEN",Claremont-Mudd-Scripps,CMS,1326-6850,3,1,81,81,0,0,0,0,,,7,169,0,60,24.1,,,,,,,,,,,,,,,,,,,,,,,,,,,,,,,,,,,,,,,,,,,,,,,,,,,,,,,,,,,,,,,,,,,,,,,,,,,,,,,,,,,,,,,,,,,,,,,,,,,,,,1,28,0,28,28.0,,,,,,,,,,,,,,
2026-27,football,Southern California Intercollegiate Athletic Conference (SCIAC),sciac,Claremont-Mudd-Scripps,Tyler Chelew,Tyler,Chelew,,142,Tyler Chelew,"CHELEW,TYLER",Claremont-Mudd-Scripps,CMS,1326-7068,3,0,82,82,0,0,0,0,,,0,0,0,0,.0,,,,,0,2,0,2,2,.0,.0,.0,0,0,0,0,0,0,0,0,0,0,0,0,0,0,0,0,,,,,,,,,,,,,,,,,,,,,,,,,,,,,,,,,,,,,,,,,,,,,,,,,,,,,,,,,0,0,1,0,0,0,0,0,0,0,0,0,,,,,,,,,,,,,,,,,,,,,,,,
2026-27,football,Southern California Intercollegiate Athletic Conference (SCIAC),sciac,Claremont-Mudd-Scripps,Wyndham Kochenash,Wyndham,Kochenash,,142,Wyndham Kochenash,"KOCHENASH,WYNDHAM",Claremont-Mudd-Scripps,CMS,1326-7262,2,0,91,91,0,0,0,0,,,,,,,,,,,,0,0,2,2,2,.0,.0,.0,0,0,0,0,0,0,0,0,0,0,0,0,0,0,0,0,,,,,,,,,,,,,,,,,,,,,,,,,,,,,,,,,,,,,,,,,,,,,,,,,,,,,,,,,,,,,,,,,,,,,,,,,,,,,,,,,,,,,,,,,,,,
2026-27,football,Southern California Intercollegiate Athletic Conference (SCIAC),sciac,Claremont-Mudd-Scripps,Alex Lambert,Alex,Lambert,,142,Alex Lambert,"LAMBERT,ALEX",Claremont-Mudd-Scripps,CMS,1326-7073,1,0,92,92,0,0,0,0,,,,,,,,,,,,0,0,1,1,1,.0,.0,.0,0,0,0,0,0,0,0,0,0,0,0,0,0,0,0,0,,,,,,,,,,,,,,,,,,,,,,,,,,,,,,,,,,,,,,,,,,,,,,,,,,,,,,,,,,,,,,,,,,,,,,,,,,,,,,,,,,,,,,,,,,,,
2026-27,football,Southern California Intercollegiate Athletic Conference (SCIAC),sciac,Claremont-Mudd-Scripps,Noah Hubbard,Noah,Hubbard,,142,Noah Hubbard,"HUBBARD,NOAH",Claremont-Mudd-Scripps,CMS,1326-7021,1,0,93,93,0,0,0,0,,,,,,,,,,,,0,1,1,2,2,.0,.0,.0,0,0,0,0,0,0,0,0,0,0,0,0,0,0,0,0,,,,,,,,,,,,,,,,,,,,,,,,,,,,,,,,,,,,,,,,,,,,,,,,,,,,,,,,,,,,,,,,,,,,,,,,,,,,,,,,,,,,,,,,,,,,
2026-27,football,Southern California Intercollegiate Athletic Conference (SCIAC),sciac,Claremont-Mudd-Scripps,Evan Gerber,Evan,Gerber,,142,Evan Gerber,"GERBER,EVAN",Claremont-Mudd-Scripps,CMS,1326-3515,3,1,99,99,0,0,0,0,,,,,,,,,,,,0,10,8,18,18,4.0,.0,.0,4,0,24,3,3,0,23,0,1,1,0,0,0,0,0,0,,,,,,,,,,,,,,,,,,,,,,,,,,,,,,,,,,,,,,,,,,,,,,,,,,,,,,,,,,,,,,,,,,,,,,,,,,,,,,,,,,,,,,,,,,,,
2026-27,football,Southern California Intercollegiate Athletic Conference (SCIAC),sciac,Claremont-Mudd-Scripps,Kavin Prasanna,Kavin,Prasanna,,142,Kavin Prasanna,"PRASANNA,KAVIN",Claremont-Mudd-Scripps,CMS,1326-3545,2,0,7,7,0,0,0,0,,,,,,,,,,,,0,4,3,7,7,1.0,.0,.0,1,0,5,1,1,0,5,0,0,0,0,0,0,0,0,0,,,,,,,,,,,,,,,,,,,,,,,,,,,,,,,,,,,,,,,,,,,,,,,,,,,,,,,,,,,,,,,,,,,,,,,,,,,,,,,,,,,,,,,,,,,,
2026-27,football,Southern California Intercollegiate Athletic Conference (SCIAC),sciac,Claremont-Mudd-Scripps,Wilson Schwartz,Wilson,Schwartz,,142,Wilson Schwartz,"SCHWARTZ,WILSON",Claremont-Mudd-Scripps,CMS,1326-7079,2,1,8,8,0,TE,0,0,,,6,47,1,13,7.8,,,,,,,,,,,,,,,,,,,,,,,,,,,,,,,,,,0,1,0,0,0,0,0,0,0,6,6,3,,,,,,,,,,,,,,,,,,,,,,,,,,,,,,,,,,,,,,,,,,,,,,,,,,,,,,,,,,,,,,,,,,,,,,,,,,,
2026-27,football,Southern California Intercollegiate Athletic Conference (SCIAC),sciac,Claremont-Mudd-Scripps,Jonathan Tabb,Jonathan,Tabb,,142,Jonathan Tabb,"TABB,JONATHAN",Claremont-Mudd-Scripps,CMS,1326-3556,2,0,16,16,0,0,0,0,,,,,,,,,,,,0,0,0,0,0,.0,.0,.0,0,0,0,0,0,0,0,0,0,0,0,0,1,0,0,0,,,,,,,,,,,,,,,,,,,,,,,,,,,,,,,,,,,,,,,,,,,,,,,,,,,,,,,,,,,,,,,,,,,,,,,,,,,,,,,,,,,,,,,,,,,,
2026-27,football,Southern California Intercollegiate Athletic Conference (SCIAC),sciac,Claremont-Mudd-Scripps,Jack Davis,Jack,Davis,,142,Jack Davis,"DAVIS,JACK",Claremont-Mudd-Scripps,CMS,1326-6842,2,1,24,24,0,0,SAF,0,,,,,,,,,,,,0,4,5,9,9,.0,.0,.0,0,0,0,0,0,0,0,0,0,0,0,0,0,0,0,0,,,,,,,,,,,,,,,,,,,,,,,,,,,,,,,,,,,,,,,,,,,,,,,,,,,,,,,,,,,,,,,,,,,,,,,,,,,,,,,,,,,,,,,,,,,,
2026-27,football,Southern California Intercollegiate Athletic Conference (SCIAC),sciac,Claremont-Mudd-Scripps,Owen Martin,Owen,Martin,,142,Owen Martin,"MARTIN,OWEN",Claremont-Mudd-Scripps,CMS,1326-7252,2,0,36,36,0,0,0,0,,,,,,,,,,,,0,3,2,5,5,.0,.0,.0,0,0,0,0,0,0,0,0,0,0,0,0,0,0,0,0,,,,,,,,,,,,,,,,,,,,,,,,,,,,,,,,,,,,,,,,,,,,,,,,,,,,,,,,,,,,,,,,,,,,,,,,,,,,,,,,,,,,,,,,,,,,
2026-27,football,Southern California Intercollegiate Athletic Conference (SCIAC),sciac,Claremont-Mudd-Scripps,Brayden Kaelin,Brayden,Kaelin,,142,Brayden Kaelin,"KAELIN,BRAYDEN",Claremont-Mudd-Scripps,CMS,1326-7050,2,0,40,40,0,0,0,0,,,1,-1,0,0,-1.0,,,,,0,1,1,2,2,.0,.0,.0,0,0,0,0,0,0,0,0,0,0,0,0,1,0,0,0,,,,,,,,,,,,,,,,,,,,,,,,,,,,,,,,,,,0,0,,,,,,,,,,,,,,,,,,,,,,,,,,,,,,,,,,,,,,,,,,,,,,,,,,,,,,,,
2026-27,football,Southern California Intercollegiate Athletic Conference (SCIAC),sciac,Claremont-Mudd-Scripps,Griffin King,Griffin,King,,142,Griffin King,"KING,GRIFFIN",Claremont-Mudd-Scripps,CMS,1326-6844,2,1,55,55,0,C,0,0,,,,,,,,,,,,,,,,,,,,,,,,,,,,,,,,,,,,,,,,,,,,,,,,,,,,,,,,,,,,,,,,,,,,,,,,0,0,0,0,0,0,.0,.0,,,,,,,,,,,,,,,,,,,,,,,,,,,,,,,,,,,,,,,,,,,,,,,,
2026-27,football,Southern California Intercollegiate Athletic Conference (SCIAC),sciac,Claremont-Mudd-Scripps,Ryder Freemann,Ryder,Freemann,,142,Ryder Freemann,"FREEMANN,RYDER",Claremont-Mudd-Scripps,CMS,1326-7258,1,1,62,62,0,OG,0,0,,,,,,,,,,,,,,,,,,,,,,,,,,,,,,,,,,,,,,,,,,,,,,,,,,,,,,,,,,,,,,,,,,,,,,,,,,,,,,,,,,,,,,,,,,,,,,,,,,,,,,,,,,,,,,,,,,,,,,,,,,,,,,,
2026-27,football,Southern California Intercollegiate Athletic Conference (SCIAC),sciac,Claremont-Mudd-Scripps,Esteban Morales,Esteban,Morales,,142,Esteban Morales,"MORALES,ESTEBAN",Claremont-Mudd-Scripps,CMS,1326-7254,1,1,75,75,0,OG,0,0,,,,,,,,,,,,,,,,,,,,,,,,,,,,,,,,,,,,,,,,,,,,,,,,,,,,,,,,,,,,,,,,,,,,,,,,,,,,,,,,,,,,,,,,,,,,,,,,,,,,,,,,,,,,,,,,,,,,,,,,,,,,,,,
2026-27,football,Southern California Intercollegiate Athletic Conference (SCIAC),sciac,Claremont-Mudd-Scripps,Teddy Lewis,Teddy,Lewis,,142,Teddy Lewis,"LEWIS,TEDDY",Claremont-Mudd-Scripps,CMS,1326-7038,1,1,76,76,0,OT,0,0,,,,,,,,,,,,,,,,,,,,,,,,,,,,,,,,,,,,,,,,,,,,,,,,,,,,,,,,,,,,,,,,,,,,,,,,,,,,,,,,,,,,,,,,,,,,,,,,,,,,,,,,,,,,,,,,,,,,,,,,,,,,,,,
2026-27,football,Southern California Intercollegiate Athletic Conference (SCIAC),sciac,Claremont-Mudd-Scripps,"Cannon,Brendan",Brendan,Cannon,,142,"Cannon,Brendan","CANNON,BRENDAN",Claremont-Mudd-Scripps,CMS,1326-3494,1,0,42,42,0,0,DB,0,,,,,,,,,,,,0,1,0,1,1,.0,.0,.0,0,0,0,0,0,0,0,0,1,0,0,0,0,0,0,0,,,,,,,,,,,,,,,,,,,,,,,,,,,,,,,,,,,,,,,,,,,,,,,,,,,,,,,,,,,,,,,,,,,,,,,,,,,,,,,,,,,,,,,,,,,,
2026-27,football,Southern California Intercollegiate Athletic Conference (SCIAC),sciac,Claremont-Mudd-Scripps,"Addleman,Caleb",Caleb,Addleman,,142,"Addleman,Caleb","ADDLEMAN,CALEB",Claremont-Mudd-Scripps,CMS,1326-6839,1,0,54,54,0,OL,0,0,,,,,,,,,,,,0,0,1,1,1,.0,.0,.0,0,0,0,0,0,0,0,0,0,0,0,0,0,0,0,0,,,,,,,,,,,,,,,,,,,,,,,,,,,,,,,,,,,,,,,,,,,,,,,,,,,,,,,,,,,,,,,,,,,,,,,,,,,,,,,,,,,,,,,,,,,,
2026-27,football,Southern California Intercollegiate Athletic Conference (SCIAC),sciac,Claremont-Mudd-Scripps,"Lea,Gabriel",Gabriel,Lea,,142,"Lea,Gabriel","LEA,GABRIEL",Claremont-Mudd-Scripps,CMS,1326-6845,1,0,5,5,0,0,DB,0,,,,,,,,,,,,0,2,0,2,2,.0,.0,.0,0,0,0,0,0,0,0,0,0,0,0,0,0,0,0,0,,,,,,,,,,,,,,,,,,,,,,,,,,,,,,,,,,,,,,,,,,,,,,,,,,,,,,,,,,,,,,,,,,,,,,,,,,,,,,,,,,,,,,,,,,,,
2026-27,football,Southern California Intercollegiate Athletic Conference (SCIAC),sciac,Claremont-Mudd-Scripps,"Davis,Cooper",Cooper,Davis,,142,"Davis,Cooper","DAVIS,COOPER",Claremont-Mudd-Scripps,CMS,1326-6841,1,0,90,90,0,0,DL,0,,,,,,,,,,,,0,0,2,2,2,.0,.0,.0,0,0,0,0,0,0,0,0,0,0,0,0,0,0,0,0,,,,,,,,,,,,,,,,,,,,,,,,,,,,,,,,,,,,,,,,,,,,,,,,,,,,,,,,,,,,,,,,,,,,,,,,,,,,,,,,,,,,,,,,,,,,
2026-27,football,Southern California Intercollegiate Athletic Conference (SCIAC),sciac,Claremont-Mudd-Scripps,"Chen,Aidan",Aidan,Chen,,142,"Chen,Aidan","CHEN,AIDAN",Claremont-Mudd-Scripps,CMS,1326-7039,1,0,83,83,0,WR,0,0,,,,,,,,,,,,0,1,0,1,1,.0,.0,.0,0,0,0,0,0,0,0,0,0,0,0,0,0,0,0,0,,,,,,,,,,,,,,,,,,,,,,,,,,,,,,,,,,,,,,,,,,,,,,,,,,,,,,,,,,,,,,,,,,,,,,,,,,,,,,,,,,,,,,,,,,,,
2026-27,football,Southern California Intercollegiate Athletic Conference (SCIAC),sciac,Azusa Pacific,"Olweny,Aldo",Aldo,Olweny,,30146,"Olweny,Aldo","OLWENY,ALDO",Azusa Pacific,APU,0,2,2,0,0,0,0,DB,0,,,,,,,,,,,,0,11,3,14,14,.0,.0,.0,0,0,0,0,0,0,0,0,0,1,0,0,0,0,1,1,,,,,,,,,,,,,,,,,,,,,,,,,,1,0,0,0,.0,,,,,,,,,,,,,,,,,,,,,,,,,,,,,,,,,,,,,,,,,,,,,,,,,,,,,,,,,,,,,,
2026-27,football,Southern California Intercollegiate Athletic Conference (SCIAC),sciac,Azusa Pacific,"Bates,Tyron",Tyron,Bates,,30146,"Bates,Tyron","BATES,TYRON",Azusa Pacific,APU,0,2,1,1,1O,0,WR,0,0,,,3,25,0,17,8.3,,,,,0,1,0,1,1,.0,.0,.0,0,0,0,0,0,0,0,0,0,0,0,0,0,0,0,0,,,,,,,,,,,,,,,,,,,,,,,,,,,,,,,,,,,,,13,103,103,0,0,20,7.9,51.5,,,,,,,,,,,,,,,,,,,,,,,,,,,,,,,,,,,,,,,,,,,,,,,,
2026-27,football,Southern California Intercollegiate Athletic Conference (SCIAC),sciac,Azusa Pacific,"Beckom,Donovan",Donovan,Beckom,,30146,"Beckom,Donovan","BECKOM,DONOVAN",Azusa Pacific,APU,0,2,2,2,2D,0,0,CB,0,,,,,,,,,,,,0,4,2,6,6,1.0,.0,.0,1,0,18,0,0,0,0,0,1,0,0,0,0,0,0,0,,,,,,,,,,,,,,,,,,,,,,,,,,,,,,,,,,,,,,,,,,,,,,,,,,,,,,,,,,,,,,,,,,,,,,,,,,,,,,,,,,,,,,,,,,,,
2026-27,football,Southern California Intercollegiate Athletic Conference (SCIAC),sciac,Azusa Pacific,"O'Rourke,Sean",Sean,O'Rourke,,30146,"O'Rourke,Sean","O'ROURKE,SEAN",Azusa Pacific,APU,0,2,2,3,3O,0,WR,0,0,,,1,0,0,0,.0,,,,,0,0,0,0,0,.0,.0,.0,0,0,0,0,0,0,0,0,0,0,0,0,0,0,0,0,,,,,,0,1,0,0,0,0,0,0,0,6,6,3,,,,,,,,,,,,,,,,,,,,5,43,45,2,1,26,8.6,21.5,,,,,,,,,,,,,,,,,,,,,,,,,,,,,,2,34,0,26,17.0,,,,,,,,,,,,,,
2026-27,football,Southern California Intercollegiate Athletic Conference (SCIAC),sciac,Azusa Pacific,"Wright,Demarion",Demarion,Wright,,30146,"Wright,Demarion","WRIGHT,DEMARION",Azusa Pacific,APU,0,2,0,4,4O,0,RB,0,0,,,2,22,0,18,11.0,,,,,0,0,0,0,0,.0,.0,.0,0,0,0,0,0,0,0,0,0,0,0,0,0,0,0,0,,,,,,0,1,0,0,0,0,0,0,0,6,6,3,,,,,,,,,,,,,,,,,,,,10,57,61,4,1,18,5.7,28.5,,,,,,,,,,,,,,,,,,,,,,,,,,,,,,,,,,,,,,,,,,,,,,,,
2026-27,football,Southern California Intercollegiate Athletic Conference (SCIAC),sciac,Azusa Pacific,"Zackery,CJ",CJ,Zackery,,30146,"Zackery,CJ","ZACKERY,CJ",Azusa Pacific,APU,0,2,2,5,5O,0,RB,0,0,,,1,7,0,7,7.0,,,,,0,1,0,1,1,.0,.0,.0,0,0,0,0,0,0,0,0,0,0,0,0,0,0,0,0,,,,,,,,,,,,,,,,,,,,,,,,,,,,,,,,,,,1,1,9,23,23,0,0,6,2.6,11.5,,,,,,,,,,,,,,,,,,,,,,,,,2,45,0,25,22.5,,,,,,,,,,,,,,,,,,,
2026-27,football,Southern California Intercollegiate Athletic Conference (SCIAC),sciac,Azusa Pacific,"Elhardouzi,Noah",Noah,Elhardouzi,,30146,"Elhardouzi,Noah","ELHARDOUZI,NOAH",Azusa Pacific,APU,0,2,0,6,6O,0,WR,0,0,,,0,0,0,0,.0,,,,,,,,,,,,,,,,,,,,,,,,,,,,,,,,,,,,,,,,,,,,,,,,,,,,,,,,,,,,,,,,,,,,,,,,,,,,,,,,,,,,,,,,,,,,,,,,,,,,,,,,,,,,,,,,,,,,,,,,
2026-27,football,Southern California Intercollegiate Athletic Conference (SCIAC),sciac,Azusa Pacific,"Chance,Tommy",Tommy,Chance,,30146,"Chance,Tommy","CHANCE,TOMMY",Azusa Pacific,APU,0,1,0,7,7D,0,0,DB,0,,,,,,,,,,,,0,2,1,3,3,.0,.0,.0,0,0,0,0,0,0,0,0,0,0,0,0,0,0,0,0,,,,,,,,,,,,,,,,,,,,,,,,,,,,,,,,,,,,,,,,,,,,,,,,,,,,,,,,,,,,,,,,,,,,,,,,,,,,,,,,,,,,,,,,,,,,
2026-27,football,Southern California Intercollegiate Athletic Conference (SCIAC),sciac,Azusa Pacific,"Valencia,Brandon",Brandon,Valencia,,30146,"Valencia,Brandon","VALENCIA,BRANDON",Azusa Pacific,APU,0,2,0,7,7O,0,QB,0,0,,,,,,,,,,,,,,,,,,,,,,,,,,,,,,,,,,,,,,,,,,,,,,,,,,,,,,,,,,,,,,,,,,,,,,,,3,7,7,0,0,6,2.3,3.5,0,0,4,0,4,1,8,1,-8.3,.50,4.00,2.0,,,,,,,,,,,,,,,,,,,,,,,,,,,,,,,,,,,,
2026-27,football,Southern California Intercollegiate Athletic Conference (SCIAC),sciac,Azusa Pacific,"Tucay,Tommy",Tommy,Tucay,,30146,"Tucay,Tommy","TUCAY,TOMMY",Azusa Pacific,APU,0,2,2,8,8D,0,0,DB,0,,,,,,,,,,,,0,5,5,10,10,.5,.0,.0,0,1,2,0,0,0,0,1,0,0,0,0,0,0,1,2,,,,,,,,,,,,,,,,,,,,,,,,,,1,0,0,0,.0,,,,,,,,,,,,,,,,,,,,,,,,,,,,,,,,,,,,,,,,,,,,,,,,,,,,,,,,,,,,,,
2026-27,football,Southern California Intercollegiate Athletic Conference (SCIAC),sciac,Azusa Pacific,"Sarmiento,Robert",Robert,Sarmiento,,30146,"Sarmiento,Robert","SARMIENTO,ROBERT",Azusa Pacific,APU,0,1,1,9,9O,0,WR,0,0,,,0,0,0,0,.0,,,,,0,0,1,1,1,.0,.0,.0,0,0,0,0,0,0,0,0,0,0,0,0,0,0,0,0,,,,,,,,,,,,,,,,,,,,,,,,,,,,,,,,,,,1,0,2,2,2,0,0,2,1.0,2.0,,,,,,,,,,,,,,,,,,,,,,,,,3,92,0,37,30.7,2,11,0,9,5.5,,,,,,,,,,,,,,
2026-27,football,Southern California Intercollegiate Athletic Conference (SCIAC),sciac,Azusa Pacific,"Larios,Miguel",Miguel,Larios,,30146,"Larios,Miguel","LARIOS,MIGUEL",Azusa Pacific,APU,0,2,1,12,12,0,QB,0,0,,,,,,,,,,,,,,,,,,,,,,,,,,,,,,,,,,,,,,,,,,,,,,,,,,,,,,,,,,,,,,,,,,,,,,,,2,2,2,0,0,2,1.0,1.0,0,0,17,0,24,1,6,3,50.3,4.00,8.00,12.0,,,,,,,,,,,,,,,,,,,,,,,,,,,,,,,,,,,,
2026-27,football,Southern California Intercollegiate Athletic Conference (SCIAC),sciac,Azusa Pacific,"Rodriguez,Victor",Victor,Rodriguez,,30146,"Rodriguez,Victor","RODRIGUEZ,VICTOR",Azusa Pacific,APU,0,2,0,13,13,0,WR,0,0,,,1,23,0,23,23.0,,,,,,,,,,,,,,,,,,,,,,,,,,,,,,,,,,,,,,,,,,,,,,,,,,,,,,,,,,,,,,,,,2,2,2,0,0,2,1.0,1.0,,,,,,,,,,,,,,,,,,,,,,,,,,,,,,,,,,,,,,,,,,,,,,,,
2026-27,football,Southern California Intercollegiate Athletic Conference (SCIAC),sciac,Azusa Pacific,"Taylor,Robert",Robert,Taylor,,30146,"Taylor,Robert","TAYLOR,ROBERT",Azusa Pacific,APU,0,2,2,14,14,0,WR,0,0,,,1,1,0,1,1.0,,,,,,,,,,,,,,,,,,,,,,,,,,,,,,,,,,,,,,,,,,,,,,,,,,,,,,,,,,,,,,,,,,,,,,,,,,,,,,,,,,,,,,,,,,,,,,,,,,,,,,,,,,,,,,,,,,,,,,,,
2026-27,football,Southern California Intercollegiate Athletic Conference (SCIAC),sciac,Azusa Pacific,"Bray,Sawyer",Sawyer,Bray,,30146,"Bray,Sawyer","BRAY,SAWYER",Azusa Pacific,APU,0,2,0,15,15,0,QB,0,0,,,,,,,,,,,,,,,,,,,,,,,,,,,,,,,,,,,,,,,,,,,,,,,,,,,,,,,,,,,,,,,,,,,,,,,,2,3,6,3,0,6,1.5,1.5,0,0,0,0,0,0,4,0,.0,.00,.00,.0,,,,,,,,,,,,,,,,,,,,,,,,,,,,,,,,,,,,
2026-27,football,Southern California Intercollegiate Athletic Conference (SCIAC),sciac,Azusa Pacific,"Fogg,Tyler",Tyler,Fogg,,30146,"Fogg,Tyler","FOGG,TYLER",Azusa Pacific,APU,0,2,0,8,18,0,WR,0,0,,,,,,,,,,,,,,,,,,,,,,,,,,,,,,,,,,,,,,,,,,,,,,,,,,,,,,,,,,,,,,,,,,,,,,,,1,7,7,0,0,7,7.0,3.5,,,,,,,,,,,,,,,,,,,,,,,,,3,74,0,31,24.7,,,,,,,,,,,,,,,,,,,
2026-27,football,Southern California Intercollegiate Athletic Conference (SCIAC),sciac,Azusa Pacific,"Rodgers,Jaylen",Jaylen,Rodgers,,30146,"Rodgers,Jaylen","RODGERS,JAYLEN",Azusa Pacific,APU,0,2,2,21,21,0,0,DB,0,,,,,,,,,,,,0,7,1,8,8,.0,.0,.0,0,0,0,0,0,0,0,1,0,0,0,0,0,0,0,1,,,,,,,,,,,,,,,,,,,,,,,,,,,,,,,,,,,,,,,,,,,,,,,,,,,,,,,,,,,,,,,,,,,,,,,,,,,,,,,,,,,,,,,,,,,,
2026-27,football,Southern California Intercollegiate Athletic Conference (SCIAC),sciac,Azusa Pacific,"Mitchell,Aaron",Aaron,Mitchell,,30146,"Mitchell,Aaron","MITCHELL,AARON",Azusa Pacific,APU,0,2,0,22,22,0,RB,0,0,,,,,,,,,,,,,,,,,,,,,,,,,,,,,,,,,,,,,,,,,,,,,,,,,,,,,,,,,,,,,,,,,,,,,,,,10,70,71,1,0,31,7.0,35.0,,,,,,,,,,,,,,,,,,,,,,,,,,,,,,,,,,,,,,,,,,,,,,,,
2026-27,football,Southern California Intercollegiate Athletic Conference (SCIAC),sciac,Azusa Pacific,"Galindo,Hector",Hector,Galindo,,30146,"Galindo,Hector","GALINDO,HECTOR",Azusa Pacific,APU,0,2,0,24,24,0,0,DB,0,,,,,,,,,,,,0,1,2,3,3,.0,.0,.0,0,0,0,0,0,0,0,0,0,0,0,0,0,0,0,0,,,,,,,,,,,,,,,,,,,,,,,,,,,,,,,,,,,,,,,,,,,,,,,,,,,,,,,,,,,,,,,,,,,,,,,,,,,,,,,,,,,,,,,,,,,,
2026-27,football,Southern California Intercollegiate Athletic Conference (SCIAC),sciac,Azusa Pacific,"Kirkpatrick Jr.,Curlee",Curlee,Kirkpatrick Jr.,,30146,"Kirkpatrick Jr.,Curlee","KIRKPATRICK JR.,CURLEE",Azusa Pacific,APU,0,2,1,26,26,0,0,DB,0,,,,,,,,,,,,0,6,3,9,9,.0,.0,.0,0,0,0,0,0,0,0,1,0,0,0,0,0,0,0,1,,,,,,,,,,,,,,,,,,,,,,,,,,,,,,,,,,,,,,,,,,,,,,,,,,,,,,,,,,,,,,,,,,,,,,,,,,,,,,,,,,,,,,,,,,,,
2026-27,football,Southern California Intercollegiate Athletic Conference (SCIAC),sciac,Azusa Pacific,"Mikhail,Kalim",Kalim,Mikhail,,30146,"Mikhail,Kalim","MIKHAIL,KALIM",Azusa Pacific,APU,0,1,0,27,27,0,0,LB,0,,,,,,,,,,,,0,0,3,3,3,.0,.0,.0,0,0,0,0,0,0,0,0,0,1,0,0,0,0,0,0,,,,,,,,,,,,,,,,,,,,,,,,,,,,,,,,,,,,,,,,,,,,,,,,,,,,,,,,,,,,,,,,,,,,,,,,,,,,,,,,,,,,,,,,,,,,
2026-27,football,Southern California Intercollegiate Athletic Conference (SCIAC),sciac,Azusa Pacific,"Nolan,Tyler",Tyler,Nolan,,30146,"Nolan,Tyler","NOLAN,TYLER",Azusa Pacific,APU,0,2,0,31,31,0,0,0,0,,,,,,,,,,,,0,0,0,0,0,.0,.0,.0,0,0,0,0,0,0,0,0,0,0,0,0,0,0,0,0,,,,,,5,0,1,0,0,0,0,0,0,8,8,4,,,,,,,,,,,,,,,,,,,,,,,,,,,,,,,,,,,,,,,,5,5,0,0,0,0,0,0,0,0,0,0,,,,,,,,,,,,,,,,,,,,1,1,20,0,100.0
2026-27,football,Southern California Intercollegiate Athletic Conference (SCIAC),sciac,Azusa Pacific,"Gbaja-Biamila,Jedi",Jedi,Gbaja-Biamila,,30146,"Gbaja-Biamila,Jedi","GBAJA-BIAMILA,JEDI",Azusa Pacific,APU,0,2,0,33,33,0,0,DL,0,,,,,,,,,,,,0,3,5,8,8,2.0,.0,.0,2,0,17,2,2,0,17,0,0,0,0,0,0,0,0,0,,,,,,,,,,,,,,,,,,,,,,,,,,,,,,,,,,,,,,,,,,,,,,,,,,,,,,,,,,,,,,,,,,,,,,,,,,,,,,,,,,,,,,,,,,,,
2026-27,football,Southern California Intercollegiate Athletic Conference (SCIAC),sciac,Azusa Pacific,"Meza,Jonathon",Jonathon,Meza,,30146,"Meza,Jonathon","MEZA,JONATHON",Azusa Pacific,APU,0,2,0,34,34,0,0,LB,0,,,,,,,,,,,,0,4,3,7,7,2.0,.0,.0,2,0,4,0,0,0,0,1,0,0,0,0,0,0,0,1,,,,,,,,,,,,,,,,,,,,,,,,,,,,,,,,,,,,,,,,,,,,,,,,,,,,,,,,,,,,,,,,,,,,,,,,,,,,,,,,,,,,,,,,,,,,
2026-27,football,Southern California Intercollegiate Athletic Conference (SCIAC),sciac,Azusa Pacific,"Ungor,Isaac",Isaac,Ungor,,30146,"Ungor,Isaac","UNGOR,ISAAC",Azusa Pacific,APU,0,1,0,37,37,0,0,DB,0,,,,,,,,,,,,0,0,1,1,1,.5,.0,.0,0,1,1,0,0,0,0,0,0,0,0,0,0,0,0,0,,,,,,,,,,,,,,,,,,,,,,,,,,,,,,,,,,,,,,,,,,,,,,,,,,,,,,,,,,,,,,,,,,,,,,,,,,,,,,,,,,,,,,,,,,,,
2026-27,football,Southern California Intercollegiate Athletic Conference (SCIAC),sciac,Azusa Pacific,"Kuma,Keanu",Keanu,Kuma,,30146,"Kuma,Keanu","KUMA,KEANU",Azusa Pacific,APU,0,2,2,40,40,0,0,LB,0,,,,,,,,,,,,0,4,7,11,11,2.5,.0,.0,2,1,11,1,1,0,6,0,0,0,0,0,0,0,0,0,,,,,,,,,,,,,,,,,,,,,,,,,,,,,,,,,,,,,,,,,,,,,,,,,,,,,,,,,,,,,,,,,,,,,,,,,,,,,,,,,,,,,,,,,,,,
2026-27,football,Southern California Intercollegiate Athletic Conference (SCIAC),sciac,Azusa Pacific,"Ackerman,Brady",Brady,Ackerman,,30146,"Ackerman,Brady","ACKERMAN,BRADY",Azusa Pacific,APU,0,2,2,41,41,0,0,LB,0,,,,,,,,,,,,0,1,1,2,2,1.0,.0,.0,1,0,3,0,0,0,0,0,1,1,0,0,0,0,0,0,,,,,,,,,,,,,,,,,,,,,,,,,,,,,,,,,,,,,,,,,,,,,,,,,,,,,,,,,,,,,,,,,,,,,,,,,,,,,,,,,,,,,,,,,,,,
2026-27,football,Southern California Intercollegiate Athletic Conference (SCIAC),sciac,Azusa Pacific,"Rasmussen,Wyatt",Wyatt,Rasmussen,,30146,"Rasmussen,Wyatt","RASMUSSEN,WYATT",Azusa Pacific,APU,0,2,0,45,45,0,0,LB,0,,,,,,,,,,,,,,,,,,,,,,,,,,,,,,,,,,,,,,,,,,,,,,,,,,,,,,,,,,,,,,,,,,,,,,,,,,,,,,,,,,,,,,,,,,,,,,,,,,,,,,,,,,,,,,,,,,,,,,,,,,,,,,,
2026-27,football,Southern California Intercollegiate Athletic Conference (SCIAC),sciac,Azusa Pacific,"Meholovitch,Connor",Connor,Meholovitch,,30146,"Meholovitch,Connor","MEHOLOVITCH,CONNOR",Azusa Pacific,APU,0,2,2,48,48,0,0,DE,0,,,,,,,,,,,,0,5,6,11,11,1.5,.0,.0,1,1,3,0,0,0,0,0,0,2,0,0,0,0,0,0,,,,,,,,,,,,,,,,,,,,,,,,,,,,,,,,,,,,,,,,,,,,,,,,,,,,,,,,,,,,,,,,,,,,,,,,,,,,,,,,,,,,,,,,,,,,
2026-27,football,Southern California Intercollegiate Athletic Conference (SCIAC),sciac,Azusa Pacific,"Mageo,Jason",Jason,Mageo,,30146,"Mageo,Jason","MAGEO,JASON",Azusa Pacific,APU,0,2,2,50,50,0,0,LB,0,,,,,,,,,,,,0,4,4,8,8,1.0,.0,.0,1,0,1,0,0,0,0,0,0,0,0,0,0,0,0,0,,,,,,,,,,,,,,,,,,,,,,,,,,,,,,,,,,,,,,,,,,,,,,,,,,,,,,,,,,,,,,,,,,,,,,,,,,,,,,,,,,,,,,,,,,,,
2026-27,football,Southern California Intercollegiate Athletic Conference (SCIAC),sciac,Azusa Pacific,"Jones,Kayvion",Kayvion,Jones,,30146,"Jones,Kayvion","JONES,KAYVION",Azusa Pacific,APU,0,2,2,53,53,0,0,LB,0,,,,,,,,,,,,0,6,7,13,13,2.0,.0,.0,1,2,4,0,0,0,0,0,1,0,0,1,0,0,0,0,,,,,,,,,,,,,,,,,,,,,,,,,,,,,,,,,,,,,,,,,,,,,,,,,,,,,,,,,,,,,,,,,,,,,,,,,,,,,,,,,,,,,,,,,,,,
2026-27,football,Southern California Intercollegiate Athletic Conference (SCIAC),sciac,Azusa Pacific,"Montes,Aaron",Aaron,Montes,,30146,"Montes,Aaron","MONTES,AARON",Azusa Pacific,APU,0,2,2,59,59,0,0,DL,0,,,,,,,,,,,,0,0,1,1,1,.0,.0,.0,0,0,0,0,0,0,0,0,0,0,0,0,0,0,0,0,,,,,,,,,,,,,,,,,,,,,,,,,,,,,,,,,,,,,,,,,,,,,,,,,,,,,,,,,,,,,,,,,,,,,,,,,,,,,,,,,,,,,,,,,,,,
2026-27,football,Southern California Intercollegiate Athletic Conference (SCIAC),sciac,Azusa Pacific,"Yin,Jerry",Jerry,Yin,,30146,"Yin,Jerry","YIN,JERRY",Azusa Pacific,APU,0,2,1,62,62,0,OL,0,0,,,,,,,,,,,,,,,,,,,,,,,,,,,,,,,,,,,,,,,,,,,,,,,,,,,,,,,,,,,,,,,,,,,,,,,,,,,,,,,,,,,,,,,,,,,,,,,,,,,,,,,,,,,,,,,,,,,,,,,,,,,,,,,
2026-27,football,Southern California Intercollegiate Athletic Conference (SCIAC),sciac,Azusa Pacific,"Saavedra,Arthur",Arthur,Saavedra,,30146,"Saavedra,Arthur","SAAVEDRA,ARTHUR",Azusa Pacific,APU,0,2,1,63,63,0,OL,0,0,,,,,,,,,,,,,,,,,,,,,,,,,,,,,,,,,,,,,,,,,,,,,,,,,,,,,,,,,,,,,,,,,,,,,,,,,,,,,,,,,,,,,,,,,,,,,,,,,,,,,,,,,,,,,,,,,,,,,,,,,,,,,,,
2026-27,football,Southern California Intercollegiate Athletic Conference (SCIAC),sciac,Azusa Pacific,"Adkins,Jake",Jake,Adkins,,30146,"Adkins,Jake","ADKINS,JAKE",Azusa Pacific,APU,0,2,2,67,67,0,OL,0,0,,,,,,,,,,,,,,,,,,,,,,,,,,,,,,,,,,,,,,,,,,,,,,,,,,,,,,,,,,,,,,,,,,,,,,,,,,,,,,,,,,,,,,,,,,,,,,,,,,,,,,,,,,,,,,,,,,,,,,,,,,,,,,,
2026-27,football,Southern California Intercollegiate Athletic Conference (SCIAC),sciac,Azusa Pacific,"Olson,Brett",Brett,Olson,,30146,"Olson,Brett","OLSON,BRETT",Azusa Pacific,APU,0,2,1,74,74,0,OL,0,0,,,,,,,,,,,,,,,,,,,,,,,,,,,,,,,,,,,,,,,,,,,,,,,,,,,,,,,,,,,,,,,,,,,,,,,,,,,,,,,,,,,,,,,,,,,,,,,,,,,,,,,,,,,,,,,,,,,,,,,,,,,,,,,
2026-27,football,Southern California Intercollegiate Athletic Conference (SCIAC),sciac,Azusa Pacific,"Monk,Aren",Aren,Monk,,30146,"Monk,Aren","MONK,AREN",Azusa Pacific,APU,0,2,2,75,75,0,OL,0,0,,,,,,,,,,,,,,,,,,,,,,,,,,,,,,,,,,,,,,,,,,,,,,,,,,,,,,,,,,,,,,,,,,,,,,,,,,,,,,,,,,,,,,,,,,,,,,,,,,,,,,,,,,,,,,,,,,,,,,,,,,,,,,,
2026-27,football,Southern California Intercollegiate Athletic Conference (SCIAC),sciac,Azusa Pacific,"Juarez,Michael",Michael,Juarez,,30146,"Juarez,Michael","JUAREZ,MICHAEL",Azusa Pacific,APU,0,2,2,77,77,0,OL,0,0,,,,,,,,,,,,,,,,,,,,,,,,,,,,,,,,,,,,,,,,,,,,,,,,,,,,,,,,,,,,,,,,,,,,,,,,,,,,,,,,,,,,,,,,,,,,,,,,,,,,,,,,,,,,,,,,,,,,,,,,,,,,,,,
2026-27,football,Southern California Intercollegiate Athletic Conference (SCIAC),sciac,Azusa Pacific,"Espadas,Jaiden",Jaiden,Espadas,,30146,"Espadas,Jaiden","ESPADAS,JAIDEN",Azusa Pacific,APU,0,2,0,84,84,0,0,0,0,,,,,,,,,,,,,,,,,,,,,,,,,,,,,,,,,,,,,,,,,,,,,,,,,,,,,,8,451,0,0,56.4,,,,,,,,,,,,,,,,,,,,,,,,,,,,,,,,,,,,,,,,,,,,,,,,,,,,,,,,7,310,66,0,0,0,3,2,44.3,,,,,
2026-27,football,Southern California Intercollegiate Athletic Conference (SCIAC),sciac,Azusa Pacific,"Torrence,Dane",Dane,Torrence,,30146,"Torrence,Dane","TORRENCE,DANE",Azusa Pacific,APU,0,2,2,88,88,0,TE,0,0,,,,,,,,,,,,,,,,,,,,,,,,,,,,,,,,,,,,,,,,,,,,,,,,,,,,,,,,,,,,,,,,,,,,,,,,,,,,,,,,,,,,,,,,,,,,,,,,,,,,,,,,,,,,,,,,,,,,,,,,,,,,,,,
2026-27,football,Southern California Intercollegiate Athletic Conference (SCIAC),sciac,Azusa Pacific,"Sandhu,Ish",Ish,Sandhu,,30146,"Sandhu,Ish","SANDHU,ISH",Azusa Pacific,APU,0,1,0,94,94,0,0,DL,0,,,,,,,,,,,,0,1,0,1,1,.0,.0,.0,0,0,0,0,0,0,0,0,0,0,0,0,0,0,0,0,,,,,,,,,,,,,,,,,,,,,,,,,,,,,,,,,,,,,,,,,,,,,,,,,,,,,,,,,,,,,,,,,,,,,,,,,,,,,,,,,,,,,,,,,,,,
2026-27,football,Southern California Intercollegiate Athletic Conference (SCIAC),sciac,Azusa Pacific,"Brown,Michael",Michael,Brown,,30146,"Brown,Michael","BROWN,MICHAEL",Azusa Pacific,APU,0,2,0,96,96,0,0,DL,0,,,,,,,,,,,,0,0,4,4,4,.0,.0,.0,0,0,0,0,0,0,0,0,0,2,0,0,0,0,0,0,,,,,,,,,,,,,,,,,,,,,,,,,,,,,,,,,,,,,,,,,,,,,,,,,,,,,,,,,,,,,,,,,,,,,,,,,,,,,,,,,,,,,,,,,,,,
2026-27,football,Southern California Intercollegiate Athletic Conference (SCIAC),sciac,Azusa Pacific,"Diaz,AJ",AJ,Diaz,,30146,"Diaz,AJ","DIAZ,AJ",Azusa Pacific,APU,0,1,0,97,97,0,0,DE,0,,,,,,,,,,,,0,0,0,0,0,.0,.0,.0,0,0,0,0,0,0,0,0,0,1,0,0,0,0,0,0,,,,,,,,,,,,,,,,,,,,,,,,,,,,,,,,,,,,,,,,,,,,,,,,,,,,,,,,,,,,,,,,,,,,,,,,,,,,,,,,,,,,,,,,,,,,
2026-27,football,Southern California Intercollegiate Athletic Conference (SCIAC),sciac,Azusa Pacific,"Bradley,Maddox",Maddox,Bradley,,30146,"Bradley,Maddox","BRADLEY,MADDOX",Azusa Pacific,APU,0,2,0,98,98,0,0,DL,0,,,,,,,,,,,,0,1,2,3,3,.0,.0,.0,0,0,0,0,0,0,0,0,0,0,0,0,0,0,0,0,,,,,,,,,,,,,,,,,,,,,,,,,,,,,,,,,,,,,,,,,,,,,,,,,,,,,,,,,,,,,,,,,,,,,1,19,0,19,19.0,,,,,,,,,,,,,,,,,,,
2026-27,football,Southern California Intercollegiate Athletic Conference (SCIAC),sciac,Azusa Pacific,"Cooper,Landon",Landon,Cooper,,30146,"Cooper,Landon","COOPER,LANDON",Azusa Pacific,APU,0,1,0,3,3D,0,0,DB,0,,,,,,,,,,,,,,,,,,,,,,,,,,,,,,,,,,,,,,,,,,,,,,,,,,,,,,,,,,,,,,,,,,,,,,,,,,,,,,,,,,,,,,,,,,,,,,,,,,,,,,,,,,,,,1,13,0,13,13.0,,,,,,,,,,,,,,
2026-27,football,Southern California Intercollegiate Athletic Conference (SCIAC),sciac,Azusa Pacific,"Chisholm,Max",Max,Chisholm,,30146,"Chisholm,Max","CHISHOLM,MAX",Azusa Pacific,APU,0,1,0,10,10,0,0,DB,0,,,,,,,,,,,,0,0,2,2,2,.0,.0,.0,0,0,0,0,0,0,0,0,0,0,0,0,0,0,0,0,,,,,,,,,,,,,,,,,,,,,,,,,,,,,,,,,,,,,,,,,,,,,,,,,,,,,,,,,,,,,,,,,,,,,,,,,,,,,,,,,,,,,,,,,,,,
2026-27,football,Southern California Intercollegiate Athletic Conference (SCIAC),sciac,Azusa Pacific,"Wallwork,Laki",Laki,Wallwork,,30146,"Wallwork,Laki","WALLWORK,LAKI",Azusa Pacific,APU,0,1,1,10,I0,0,QB,0,0,,,,,,,,,,,,0,0,0,0,0,.0,.0,.0,0,0,0,0,0,0,0,0,0,0,0,0,0,0,0,0,,,,,,0,3,0,0,0,0,0,0,0,18,18,18,,,,,,,,,,,,,,,,,,1,1,10,85,85,0,3,18,8.5,85.0,0,0,23,0,50,0,5,5,184.0,10.00,10.00,50.0,,,,,,,,,,,,,,,,,,,,,,,,,,,,,,,,,,,,
2026-27,football,Southern California Intercollegiate Athletic Conference (SCIAC),sciac,Azusa Pacific,"Abrahams,Austin",Austin,Abrahams,,30146,"Abrahams,Austin","ABRAHAMS,AUSTIN",Azusa Pacific,APU,0,1,0,11,11,0,0,DB,0,,,,,,,,,,,,0,1,0,1,1,.0,.0,.0,0,0,0,0,0,0,0,0,0,0,0,0,0,0,0,0,,,,,,,,,,,,,,,,,,,,,,,,,,,,,,,,,,,,,,,,,,,,,,,,,,,,,,,,,,,,,,,,,,,,,,,,,,,,,,,,,,,,,,,,,,,,
2026-27,football,Southern California Intercollegiate Athletic Conference (SCIAC),sciac,Azusa Pacific,"Chandler,Quiten",Quiten,Chandler,,30146,"Chandler,Quiten","CHANDLER,QUITEN",Azusa Pacific,APU,0,1,0,23,23,0,RB,0,0,,,,,,,,,,,,,,,,,,,,,,,,,,,,,,,,,,,,,,,,,,,,,,,,,,,,,,,,,,,,,,,,,,,,,,,,,,,,,,,,,,,,,,,,,,,,,,,,,,,,,,,,,,,,,,,,,,,,,,,,,,,,,,,
2026-27,football,Southern California Intercollegiate Athletic Conference (SCIAC),sciac,Azusa Pacific,"Ejike,Keneh",Keneh,Ejike,,30146,"Ejike,Keneh","EJIKE,KENEH",Azusa Pacific,APU,0,1,0,28,28,0,0,DB,0,,,,,,,,,,,,0,0,1,1,1,.0,.0,.0,0,0,0,0,0,0,0,0,0,0,0,0,0,0,0,0,,,,,,,,,,,,,,,,,,,,,,,,,,,,,,,,,,,,,,,,,,,,,,,,,,,,,,,,,,,,,,,,,,,,,,,,,,,,,,,,,,,,,,,,,,,,
2026-27,football,Southern California Intercollegiate Athletic Conference (SCIAC),sciac,Azusa Pacific,"Campos,Cade",Cade,Campos,,30146,"Campos,Cade","CAMPOS,CADE",Azusa Pacific,APU,0,1,0,29,29,0,0,DB,0,,,,,,,,,,,,0,0,1,1,1,.0,.0,.0,0,0,0,0,0,0,0,0,0,0,0,0,0,0,0,0,,,,,,,,,,,,,,,,,,,,,,,,,,,,,,,,,,,,,,,,,,,,,,,,,,,,,,,,,,,,,,,,,,,,,,,,,,,,,,,,,,,,,,,,,,,,
2026-27,football,Southern California Intercollegiate Athletic Conference (SCIAC),sciac,Azusa Pacific,"Jones,OJ",OJ,Jones,,30146,"Jones,OJ","JONES,OJ",Azusa Pacific,APU,0,1,0,30,30,0,RB,0,0,,,,,,,,,,,,,,,,,,,,,,,,,,,,,,,,,,,,,,,,,,,,,,,,,,,,,,,,,,,,,,,,,,,,,,,,3,24,24,0,0,14,8.0,24.0,,,,,,,,,,,,,,,,,,,,,,,,,,,,,,,,,,,,,,,,,,,,,,,,
2026-27,football,Southern California Intercollegiate Athletic Conference (SCIAC),sciac,Azusa Pacific,"Quinata,Drayden",Drayden,Quinata,,30146,"Quinata,Drayden","QUINATA,DRAYDEN",Azusa Pacific,APU,0,1,0,64,64,0,OL,0,0,,,,,,,,,,,,,,,,,,,,,,,,,,,,,,,,,,,,,,,,,,,,,,,,,,,,,,,,,,,,,,,,,,,,,,,,,,,,,,,,,,,,,,,,,,,,,,,,,,,,,,,,,,,,,,,,,,,,,,,,,,,,,,,
2026-27,football,Southern California Intercollegiate Athletic Conference (SCIAC),sciac,Azusa Pacific,"Aguilar,Louie",Louie,Aguilar,,30146,"Aguilar,Louie","AGUILAR,LOUIE",Azusa Pacific,APU,0,1,1,65,65,0,OL,0,0,,,,,,,,,,,,,,,,,,,,,,,,,,,,,,,,,,,,,,,,,,,,,,,,,,,,,,,,,,,,,,,,,,,,,,,,,,,,,,,,,,,,,,,,,,,,,,,,,,,,,,,,,,,,,,,,,,,,,,,,,,,,,,,
2026-27,football,Southern California Intercollegiate Athletic Conference (SCIAC),sciac,Azusa Pacific,"Hooper,Lucas",Lucas,Hooper,,30146,"Hooper,Lucas","HOOPER,LUCAS",Azusa Pacific,APU,0,1,0,66,66,0,OL,0,0,,,,,,,,,,,,,,,,,,,,,,,,,,,,,,,,,,,,,,,,,,,,,,,,,,,,,,,,,,,,,,,,,,,,,,,,,,,,,,,,,,,,,,,,,,,,,,,,,,,,,,,,,,,,,,,,,,,,,,,,,,,,,,,
2026-27,football,Southern California Intercollegiate Athletic Conference (SCIAC),sciac,Azusa Pacific,"McDonald,Rowen",Rowen,McDonald,,30146,"McDonald,Rowen","MCDONALD,ROWEN",Azusa Pacific,APU,0,1,0,76,76,0,OL,0,0,,,,,,,,,,,,,,,,,,,,,,,,,,,,,,,,,,,,,,,,,,,,,,,,,,,,,,,,,,,,,,,,,,,,,,,,,,,,,,,,,,,,,,,,,,,,,,,,,,,,,,,,,,,,,,,,,,,,,,,,,,,,,,,
2026-27,football,Southern California Intercollegiate Athletic Conference (SCIAC),sciac,Azusa Pacific,"Chavez,Gabriel",Gabriel,Chavez,,30146,"Chavez,Gabriel","CHAVEZ,GABRIEL",Azusa Pacific,APU,0,1,0,78,78,0,OL,0,0,,,,,,,,,,,,,,,,,,,,,,,,,,,,,,,,,,,,,,,,,,,,,,,,,,,,,,,,,,,,,,,,,,,,,,,,,,,,,,,,,,,,,,,,,,,,,,,,,,,,,,,,,,,,,,,,,,,,,,,,,,,,,,,
2026-27,football,Southern California Intercollegiate Athletic Conference (SCIAC),sciac,Azusa Pacific,"Feher,Arpad",Arpad,Feher,,30146,"Feher,Arpad","FEHER,ARPAD",Azusa Pacific,APU,0,1,0,79,79,0,OL,0,0,,,,,,,,,,,,,,,,,,,,,,,,,,,,,,,,,,,,,,,,,,,,,,,,,,,,,,,,,,,,,,,,,,,,,,,,,,,,,,,,,,,,,,,,,,,,,,,,,,,,,,,,,,,,,,,,,,,,,,,,,,,,,,,
2026-27,football,Southern California Intercollegiate Athletic Conference (SCIAC),sciac,Azusa Pacific,"Spicer,CJ",CJ,Spicer,,30146,"Spicer,CJ","SPICER,CJ",Azusa Pacific,APU,0,1,0,80,80,0,WR,0,0,,,,,,,,,,,,,,,,,,,,,,,,,,,,,,,,,,,,,,,,,,,,,,,,,,,,,,,,,,,,,,,,,,,,,,,,,,,,,,,,,,,,,,,,,,,,,,,,,,,,,,,,,,,,,,,,,,,,,,,,,,,,,,,
2026-27,football,Southern California Intercollegiate Athletic Conference (SCIAC),sciac,Azusa Pacific,"Vergara,Niko",Niko,Vergara,,30146,"Vergara,Niko","VERGARA,NIKO",Azusa Pacific,APU,0,1,0,81,81,0,WR,0,0,,,,,,,,,,,,,,,,,,,,,,,,,,,,,,,,,,,,,,,,,,,,,,,,,,,,,,,,,,,,,,,,,,,,,,,,1,1,1,0,0,1,1.0,1.0,,,,,,,,,,,,,,,,,,,,,,,,,,,,,,,,,,,,,,,,,,,,,,,,
2026-27,football,Southern California Intercollegiate Athletic Conference (SCIAC),sciac,Azusa Pacific,"Thomas,Ashton",Ashton,Thomas,,30146,"Thomas,Ashton","THOMAS,ASHTON",Azusa Pacific,APU,0,1,1,17,17,0,0,DB,0,,,,,,,,,,,,0,2,0,2,2,.0,.0,.0,0,0,0,0,0,0,0,0,0,0,0,0,0,0,1,1,,,,,,,,,,,,,,,,,,,,,,,,,,1,0,0,0,.0,,,,,,,,,,,,,,,,,,,,,,,,,,,,,,,,,,,,,,,,,,,,,,,,,,,,,,,,,,,,,,
2026-27,football,Southern California Intercollegiate Athletic Conference (SCIAC),sciac,Whittier,"Rucker-Spears,Syree",Syree,Rucker-Spears,,781,"Rucker-Spears,Syree","RUCKER-SPEARS,SYREE",Whittier,WHC,1160-3710,2,0,0,0,0,WR,0,0,,,,,,,,,,,,,,,,,,,,,,,,,,,,,,,,,,,,,,,,,,,,,,,,,,,,,,,,,,,,,,,,,,,,,,,,1,8,8,0,0,8,8.0,4.0,,,,,,,,,,,,,,,,,,,,,,,,,3,60,0,23,20.0,,,,,,,,,,,,,,,,,,,
2026-27,football,Southern California Intercollegiate Athletic Conference (SCIAC),sciac,Whittier,"Padilla,Julius",Julius,Padilla,,781,"Padilla,Julius","PADILLA,JULIUS",Whittier,WHC,1160-3581,1,0,2,2,0,RB,0,0,,,,,,,,,,,,,,,,,,,,,,,,,,,,,,,,,,,,,,,,,,,,,,,,,,,,,,,,,,,,,,,,,,,,,,,,2,10,10,0,0,10,5.0,10.0,,,,,,,,,,,,,,,,,,,,,,,,,,,,,,,,,,,,,,,,,,,,,,,,
2026-27,football,Southern California Intercollegiate Athletic Conference (SCIAC),sciac,Whittier,"Escandon,Angel",Angel,Escandon,,781,"Escandon,Angel","ESCANDON,ANGEL",Whittier,WHC,1160-3570,2,1,3,3,0,0,DB,0,,,,,,,,,,,,20,6,8,14,14,.0,.0,.0,0,0,0,0,0,0,0,0,0,0,0,0,0,0,1,1,,,,,,,,,,,,,,,,,,,,,,,,,,1,20,0,20,20.0,,,,,,,,,,,,,,,,,,,,,,,,,,,,,,,,,,,,,,,,,,,,,,,,,,,,,,,,,,,,,,
2026-27,football,Southern California Intercollegiate Athletic Conference (SCIAC),sciac,Whittier,"Taylor V,James",James,Taylor V,,781,"Taylor V,James","TAYLOR V,JAMES",Whittier,WHC,1160-3561,2,1,5,5,0,RB,0,0,,,1,5,0,5,5.0,,,,,,,,,,,,,,,,,,,,,,,,,,,,,,,,,,0,1,0,0,0,0,0,0,0,6,6,3,,,,,,,,,,,,,,,,,,,,17,119,119,0,1,30,7.0,59.5,,,,,,,,,,,,,,,,,,,,,,,,,,,,,,,,,,,,,,,,,,,,,,,,
2026-27,football,Southern California Intercollegiate Athletic Conference (SCIAC),sciac,Whittier,"Dhanifu,Malachi",Malachi,Dhanifu,,781,"Dhanifu,Malachi","DHANIFU,MALACHI",Whittier,WHC,1160-3773,2,1,6,6B,0,0,DB,0,,,,,,,,,,,,0,5,9,14,14,1.0,.0,.0,1,0,2,0,0,0,0,0,1,0,0,0,0,0,0,0,,,,,,,,,,,,,,,,,,,,,,,,,,,,,,,,,,,,,,,,,,,,,,,,,,,,,,,,,,,,,,,,,,,,,,,,,,,,,,,,,,,,,,,,,,,,
2026-27,football,Southern California Intercollegiate Athletic Conference (SCIAC),sciac,Whittier,"France,Gavyn",Gavyn,France,,781,"France,Gavyn","FRANCE,GAVYN",Whittier,WHC,1160-3775,2,1,7,7,0,0,DB,0,,,,,,,,,,,,0,3,1,4,4,.0,.0,.0,0,0,0,0,0,0,0,1,0,0,0,0,0,0,1,2,,,,,,,,,,,,,,,,,,,,,,,,,,1,0,0,0,.0,,,,,,,,,,,,,,,,,,,,,,,,,,,,,,,,,,,,,,,,,,,,,,,,,,,,,,,,,,,,,,
2026-27,football,Southern California Intercollegiate Athletic Conference (SCIAC),sciac,Whittier,"Richardson,Meo",Meo,Richardson,,781,"Richardson,Meo","RICHARDSON,MEO",Whittier,WHC,1160-3573,2,1,8,8,0,0,LB,0,,,,,,,,,,,,0,1,2,3,3,1.0,.0,.0,1,0,0,0,0,0,0,0,0,0,0,0,0,0,0,0,,,,,,,,,,,,,,,,,,,,,,,,,,,,,,,,,,,,,,,,,,,,,,,,,,,,,,,,,,,,,,,,,,,,,,,,,,,,,,,,,,,,,,,,,,,,
2026-27,football,Southern California Intercollegiate Athletic Conference (SCIAC),sciac,Whittier,"Grove,Grayson",Grayson,Grove,,781,"Grove,Grayson","GROVE,GRAYSON",Whittier,WHC,1160-3740,1,0,9,9D,0,0,LB,0,,,,,,,,,,,,0,1,1,2,2,.0,.0,.0,0,0,0,0,0,0,0,0,0,0,0,0,0,0,0,0,,,,,,,,,,,,,,,,,,,,,,,,,,,,,,,,,,,,,,,,,,,,,,,,,,,,,,,,,,,,,,,,,,,,,,,,,,,,,,,,,,,,,,,,,,,,
2026-27,football,Southern California Intercollegiate Athletic Conference (SCIAC),sciac,Whittier,"Jones,Logan",Logan,Jones,,781,"Jones,Logan","JONES,LOGAN",Whittier,WHC,1160-3779,2,0,10,1A,0,0,LB,0,,,,,,,,,,,,0,4,3,7,7,.0,.0,.0,0,0,0,0,0,0,0,0,0,0,0,0,1,6,0,0,,,,,,,,,,,,,,,,,,,,,,,,,,,,,,,1,6,0,6,0,0,,,,,,,,,,,,,,,,,,,,,,,,,,,,,,,,,,,,,,,,,,,,,,,,,,,,,,,,
2026-27,football,Southern California Intercollegiate Athletic Conference (SCIAC),sciac,Whittier,"Mertz,James",James,Mertz,,781,"Mertz,James","MERTZ,JAMES",Whittier,WHC,1160-3578,2,1,12,12,0,QB,0,0,,,,,,,,,,,,0,0,1,1,1,.0,.0,.0,0,0,0,0,0,0,0,0,0,0,0,0,0,0,0,0,,,,,,0,0,0,0,0,0,0,0,0,0,0,0,,,,,,,,,,,,,,,,,,1,0,7,1,21,20,0,6,.1,.5,17,2,59,2,231,3,28,16,128.6,8.25,14.44,115.5,,,,,,,,,,,,,,,,,,,,,,,,,,,,,,,,,,,,
2026-27,football,Southern California Intercollegiate Athletic Conference (SCIAC),sciac,Whittier,"Icasiano,Jayden",Jayden,Icasiano,,781,"Icasiano,Jayden","ICASIANO,JAYDEN",Whittier,WHC,1160-3568,1,0,13,1B,0,0,0,0,,,,,,,,,,,,,,,,,,,,,,,,,,,,,,,,,,,,,,,,,,,,,,,,,,,,,,,,,,,,,,,,,,,,,,,,,,,,,,,,,,,,,,,,,,,,,,,,,,,,,,,,,,,,,,,,,,3,129,50,0,0,0,1,0,43.0,,,,,
2026-27,football,Southern California Intercollegiate Athletic Conference (SCIAC),sciac,Whittier,"Arias,Xander",Xander,Arias,,781,"Arias,Xander","ARIAS,XANDER",Whittier,WHC,1160-3729,2,0,13,13,0,WR,0,0,,,,,,,,,,,,,,,,,,,,,,,,,,,,,,,,,,,,,,,,,,,,,,,,,,,,,,,,,,,,,,,,,,,,,,,,,,,,,,,,,,,,,,,,,,,,,,,,,,,,,,,,0,0,0,0,.0,1,13,0,13,13.0,1,36,36,0,0,0,0,0,36.0,,,,,
2026-27,football,Southern California Intercollegiate Athletic Conference (SCIAC),sciac,Whittier,"Villanueva,Diego",Diego,Villanueva,,781,"Villanueva,Diego","VILLANUEVA,DIEGO",Whittier,WHC,1160-3586,2,0,15,15,0,TE,0,0,,,,,,,,,,,,,,,,,,,,,,,,,,,,,,,,,,,,,,,,,,,,,,,,,,,,,,,,,,,,,,,,,,,,,,,,,,,,,,,,,,,,,,,,,,,,,,,,,,,,,,,,1,11,0,11,11.0,,,,,,,,,,,,,,,,,,,
2026-27,football,Southern California Intercollegiate Athletic Conference (SCIAC),sciac,Whittier,"Yado,Preston",Preston,Yado,,781,"Yado,Preston","YADO,PRESTON",Whittier,WHC,1160-3720,3,0,17,1C,0,0,0,0,,,,,,,,,,,,0,0,1,1,1,.0,.0,.0,0,0,0,0,0,0,0,0,0,0,0,0,0,0,0,0,,,,,,4,0,1,0,0,0,0,0,0,7,7,2.33,,6,343,0,1,57.2,,,,,,,,,,,,,,,,,,,,,,,,,,,,,,,,,,4,4,0,0,0,0,0,0,0,0,0,0,,,,,,,,,,,,,,,,,,,,1,2,47,1,50.0
2026-27,football,Southern California Intercollegiate Athletic Conference (SCIAC),sciac,Whittier,"Silber,Ethan",Ethan,Silber,,781,"Silber,Ethan","SILBER,ETHAN",Whittier,WHC,1160-3716,2,0,19,19,0,0,DB,0,,,,,,,,,,,,0,0,1,1,1,.0,.0,.0,0,0,0,0,0,0,0,1,0,0,0,0,0,0,0,1,,,,,,0,0,0,0,0,0,0,0,0,0,0,0,,,,,,,,,0,0,0,0,.0,,,,,,,,,,,,,,,,,,,,,,,,,,,,,,,,,,,,,,,,,,,,,,,,,,,,,,,,,,,,,,
2026-27,football,Southern California Intercollegiate Athletic Conference (SCIAC),sciac,Whittier,"Brillhart,Thor",Thor,Brillhart,,781,"Brillhart,Thor","BRILLHART,THOR",Whittier,WHC,1160-3765,1,0,20,20,0,0,DB,0,,,,,,,,,,,,0,0,0,0,0,.0,.0,.0,0,0,0,0,0,0,0,0,0,0,0,0,0,0,0,0,,,,,,,,,,,,,,,,,,,,,,,,,,,,,,,,,,,,,,,,,,,,,,,,,,,,,,,,,,,,,,,,,,,,,,,,,,,,,,,,,,,,,,,,,,,,
2026-27,football,Southern California Intercollegiate Athletic Conference (SCIAC),sciac,Whittier,"Henry,Austin",Austin,Henry,,781,"Henry,Austin","HENRY,AUSTIN",Whittier,WHC,1160-3712,2,1,21,21,0,0,DB,0,,,,,,,,,,,,0,5,6,11,11,.0,.0,.0,0,0,0,0,0,0,0,0,0,0,0,0,1,0,0,0,,,,,,,,,,,,,,,,,,,,,,,,,,,,,,,,,,,0,0,,,,,,,,,,,,,,,,,,,,,,,,,,,,,,,,,,,,,,,,,,,,,,,,,,,,,,,,
2026-27,football,Southern California Intercollegiate Athletic Conference (SCIAC),sciac,Whittier,"Keyes,Ashton",Ashton,Keyes,,781,"Keyes,Ashton","KEYES,ASHTON",Whittier,WHC,1160-3781,2,1,21,2E,0,RB,0,0,,,1,3,0,3,3.0,,,,,0,1,0,1,1,.0,.0,.0,0,0,0,0,0,0,0,0,0,0,0,0,0,0,0,0,,,,,,0,0,0,0,0,0,0,0,0,0,0,0,,,,,,,,,,,,,,,,,,1,0,25,74,87,13,0,14,3.0,37.0,,,,,,,,,,,,,,,,,,,,,,,,,,,,,,,,,,,,,,,,,,,,,,,,
2026-27,football,Southern California Intercollegiate Athletic Conference (SCIAC),sciac,Whittier,"Barber,Jordan",Jordan,Barber,,781,"Barber,Jordan","BARBER,JORDAN",Whittier,WHC,1160-3569,2,1,23,23,0,0,LB,0,,,,,,,,,,,,0,5,10,15,15,.0,.0,.0,0,0,0,0,0,0,0,0,0,0,0,0,0,0,0,0,,,,,,,,,,,,,,,,,,,,,,,,,,,,,,,,,,,,,,,,,,,,,,,,,,,,,,,,,,,,,,,,,,,,,,,,,,,,,,,,,,,,,,,,,,,,
2026-27,football,Southern California Intercollegiate Athletic Conference (SCIAC),sciac,Whittier,"Gallegos,Jason",Jason,Gallegos,,781,"Gallegos,Jason","GALLEGOS,JASON",Whittier,WHC,1160-3738,1,0,27,27,0,0,DB,0,,,,,,,,,,,,0,1,0,1,1,.0,.0,.0,0,0,0,0,0,0,0,0,0,0,0,0,0,0,0,0,,,,,,,,,,,,,,,,,,,,,,,,,,,,,,,,,,,,,,,,,,,,,,,,,,,,,,,,,,,,,,,,,,,,,,,,,,,,,,,,,,,,,,,,,,,,
2026-27,football,Southern California Intercollegiate Athletic Conference (SCIAC),sciac,Whittier,"Casteneda,Gabe",Gabe,Casteneda,,781,"Casteneda,Gabe","CASTENEDA,GABE",Whittier,WHC,1160-3733,2,0,29,29,0,0,DB,0,,,,,,,,,,,,0,3,4,7,7,.0,.0,.0,0,0,0,0,0,0,0,0,0,0,0,0,0,0,0,0,,,,,,,,,,,,,,,,,,,,,,,,,,,,,,,,,,,,,,,,,,,,,,,,,,,,,,,,,,,,,,,,,,,,,,,,,,,,,,,,,,,,,,,,,,,,
2026-27,football,Southern California Intercollegiate Athletic Conference (SCIAC),sciac,Whittier,"Cortez,Rafael",Rafael,Cortez,,781,"Cortez,Rafael","CORTEZ,RAFAEL",Whittier,WHC,1160-3769,1,0,30,30,0,WR,0,0,,,,,,,,,,,,0,0,1,1,1,.0,.0,.0,0,0,0,0,0,0,0,0,0,0,0,0,0,0,0,0,,,,,,,,,,,,,,,,,,,,,,,,,,,,,,,,,,,,,,,,,,,,,,,,,,,,,,,,,,,,,,,,,,,,,,,,,,,,,,,,,,,,,,,,,,,,
2026-27,football,Southern California Intercollegiate Athletic Conference (SCIAC),sciac,Whittier,"Moore Jr,Marelle",Marelle,Moore Jr,,781,"Moore Jr,Marelle","MOORE JR,MARELLE",Whittier,WHC,1160-3877,1,0,31,31,0,0,DB,0,,,,,,,,,,,,0,0,0,0,0,.0,.0,.0,0,0,0,0,0,0,0,0,0,0,0,0,0,0,0,0,,,,,,,,,,,,,,,,,,,,,,,,,,,,,,,,,,,,,,,,,,,,,,,,,,,,,,,,,,,,,,,,,,,,,,,,,,,,,,,,,,,,,,,,,,,,
2026-27,football,Southern California Intercollegiate Athletic Conference (SCIAC),sciac,Whittier,"Mercado,Julian",Julian,Mercado,,781,"Mercado,Julian","MERCADO,JULIAN",Whittier,WHC,1160-3725,2,1,32,32,0,0,DB,0,,,,,,,,,,,,0,3,2,5,5,.0,.0,.0,0,0,0,0,0,0,0,0,0,0,0,0,0,0,0,0,,,,,,,,,,,,,,,,,,,,,,,,,,,,,,,,,,,,,,,,,,,,,,,,,,,,,,,,,,,,,,,,,,,,,,,,,,,,,,,,,,,,,,,,,,,,
2026-27,football,Southern California Intercollegiate Athletic Conference (SCIAC),sciac,Whittier,"Granado,Junior",Junior,Granado,,781,"Granado,Junior","GRANADO,JUNIOR",Whittier,WHC,1160-3713,1,0,40,40,0,FB,0,0,,,,,,,,,,,,0,0,1,1,1,.0,.0,.0,0,0,0,0,0,0,0,0,0,0,0,0,0,0,0,0,,,,,,,,,,,,,,,,,,,,,,,,,,,,,,,,,,,,,,,,,,,,,,,,,,,,,,,,,,,,,,,,,,,,,,,,,,,,,,,,,,,,,,,,,,,,
2026-27,football,Southern California Intercollegiate Athletic Conference (SCIAC),sciac,Whittier,"Romero,Dean",Dean,Romero,,781,"Romero,Dean","ROMERO,DEAN",Whittier,WHC,1160-3880,2,0,41,41,0,0,LB,0,,,,,,,,,,,,0,1,1,2,2,.0,.0,.0,0,0,0,0,0,0,0,0,0,0,0,0,0,0,0,0,,,,,,,,,,,,,,,,,,,,,,,,,,,,,,,,,,,,,,,,,,,,,,,,,,,,,,,,,,,,,,,,,,,,,,,,,,,,,,,,,,,,,,,,,,,,
2026-27,football,Southern California Intercollegiate Athletic Conference (SCIAC),sciac,Whittier,"Greer,Michael",Michael,Greer,,781,"Greer,Michael","GREER,MICHAEL",Whittier,WHC,1160-3777,2,1,43,43,0,0,LB,0,,,,,,,,,,,,0,2,5,7,7,.0,.0,.0,0,0,0,0,0,0,0,0,0,0,0,0,0,0,0,0,,,,,,,,,,,,,,,,,,,,,,,,,,,,,,,,,,,,,,,,,,,,,,,,,,,,,,,,,,,,,,,,,,,,,,,,,,,,,,,,,,,,,,,,,,,,
2026-27,football,Southern California Intercollegiate Athletic Conference (SCIAC),sciac,Whittier,"Carillo,Sergio",Sergio,Carillo,,781,"Carillo,Sergio","CARILLO,SERGIO",Whittier,WHC,1160-3574,1,0,46,46,0,0,LB,0,,,,,,,,,,,,0,3,5,8,8,.0,.0,.0,0,0,0,0,0,0,0,0,0,0,0,0,0,0,0,0,,,,,,,,,,,,,,,,,,,,,,,,,,,,,,,,,,,,,,,,,,,,,,,,,,,,,,,,,,,,,,,,,,,,,,,,,,,,,,,,,,,,,,,,,,,,
2026-27,football,Southern California Intercollegiate Athletic Conference (SCIAC),sciac,Whittier,"Galbraith,Miles",Miles,Galbraith,,781,"Galbraith,Miles","GALBRAITH,MILES",Whittier,WHC,1160-3737,1,0,47,47,0,WR,0,0,,,,,,,,,,,,0,0,0,0,0,.0,.0,.0,0,0,0,0,0,0,0,0,0,0,0,0,0,0,0,0,,,,,,,,,,,,,,,,,,,,,,,,,,,,,,,,,,,,,,,,,,,,,,,,,,,,,,,,,,,,,,,,,,,,,,,,,,,,,,,,,,,,,,,,,,,,
2026-27,football,Southern California Intercollegiate Athletic Conference (SCIAC),sciac,Whittier,"Flores-Anderson,Chase",Chase,Flores-Anderson,,781,"Flores-Anderson,Chase","FLORES-ANDERSON,CHASE",Whittier,WHC,1160-3736,1,0,50,50,0,0,0,0,,,,,,,,,,,,,,,,,,,,,,,,,,,,,,,,,,,,,,,,,,,,,,,,,,,,,,,,,,,,,,,,,,,,,,,,,,,,,,,,,,,,,,,,,,,,,,,,,,,,,,,,,,,,,,,,,,,,,,,,,,,,,,,
2026-27,football,Southern California Intercollegiate Athletic Conference (SCIAC),sciac,Whittier,"Moreno,Armando",Armando,Moreno,,781,"Moreno,Armando","MORENO,ARMANDO",Whittier,WHC,1160-3595,2,1,56,56,0,0,DL,0,,,,,,,,,,,,0,1,3,4,4,1.0,.0,.0,1,0,0,0,0,0,0,0,0,0,0,0,0,0,0,0,,,,,,,,,,,,,,,,,,,,,,,,,,,,,,,,,,,,,,,,,,,,,,,,,,,,,,,,,,,,,,,,,,,,,,,,,,,,,,,,,,,,,,,,,,,,
2026-27,football,Southern California Intercollegiate Athletic Conference (SCIAC),sciac,Whittier,"Mgrdichian Roth,Ian",Ian,Mgrdichian Roth,,781,"Mgrdichian Roth,Ian","MGRDICHIAN ROTH,IAN",Whittier,WHC,1160-3714,1,1,71,71,0,OL,0,0,,,,,,,,,,,,,,,,,,,,,,,,,,,,,,,,,,,,,,,,,,,,,,,,,,,,,,,,,,,,,,,,,,,,,,,,,,,,,,,,,,,,,,,,,,,,,,,,,,,,,,,,,,,,,,,,,,,,,,,,,,,,,,,
2026-27,football,Southern California Intercollegiate Athletic Conference (SCIAC),sciac,Whittier,"Priddy,Noah",Noah,Priddy,,781,"Priddy,Noah","PRIDDY,NOAH",Whittier,WHC,1160-3883,2,1,74,74,0,OL,0,0,,,,,,,,,,,,0,0,1,1,1,.0,.0,.0,0,0,0,0,0,0,0,0,0,0,0,0,0,0,0,0,,,,,,,,,,,,,,,,,,,,,,,,,,,,,,,,,,,,,,,,,,,,,,,,,,,,,,,,,,,,,,,,,,,,,,,,,,,,,,,,,,,,,,,,,,,,
2026-27,football,Southern California Intercollegiate Athletic Conference (SCIAC),sciac,Whittier,"Spruill,Max",Max,Spruill,,781,"Spruill,Max","SPRUILL,MAX",Whittier,WHC,1160-3752,1,1,77,77,0,0,DL,0,,,,,,,,,,,,,,,,,,,,,,,,,,,,,,,,,,,,,,,,,,,,,,,,,,,,,,,,,,,,,,,,,,,,,,,,,,,,,,,,,,,,,,,,,,,,,,,,,,,,,,,,,,,,,,,,,,,,,,,,,,,,,,,
2026-27,football,Southern California Intercollegiate Athletic Conference (SCIAC),sciac,Whittier,"Walker,Sean",Sean,Walker,,781,"Walker,Sean","WALKER,SEAN",Whittier,WHC,1160-3582,1,1,78,78,0,OL,0,0,,,,,,,,,,,,,,,,,,,,,,,,,,,,,,,,,,,,,,,,,,,,,,,,,,,,,,,,,,,,,,,,,,,,,,,,,,,,,,,,,,,,,,,,,,,,,,,,,,,,,,,,,,,,,,,,,,,,,,,,,,,,,,,
2026-27,football,Southern California Intercollegiate Athletic Conference (SCIAC),sciac,Whittier,"Joseph,Marco",Marco,Joseph,,781,"Joseph,Marco","JOSEPH,MARCO",Whittier,WHC,1160-3888,2,1,83,83,0,WR,0,0,,,11,102,0,36,9.3,,,,,,,,,,,,,,,,,,,,,,,,,,,,,,,,,,0,0,0,0,0,0,0,0,0,0,0,0,,,,,,,,,,,,,,,,,,1,1,1,16,16,0,0,16,16.0,8.0,0,0,6,0,6,0,1,1,150.4,6.00,6.00,3.0,,,,,,,,,,,,,,,,,,,,,,,,,,,,,,,,,,,,
2026-27,football,Southern California Intercollegiate Athletic Conference (SCIAC),sciac,Whittier,"Irving,Donte",Donte,Irving,,781,"Irving,Donte","IRVING,DONTE",Whittier,WHC,1160-3744,1,0,84,84,0,WR,0,0,,,,,,,,,,,,,,,,,,,,,,,,,,,,,,,,,,,,,,,,,,,,,,,,,,,,,,,,,,,,,,,,,,,,,,,,,,,,,,,,,,,,,,,,,,,,,,,,,,,,,,,,3,55,0,20,18.3,,,,,,,,,,,,,,,,,,,
2026-27,football,Southern California Intercollegiate Athletic Conference (SCIAC),sciac,Whittier,"Cobbs,Alex",Alex,Cobbs,,781,"Cobbs,Alex","COBBS,ALEX",Whittier,WHC,1160-3759,2,1,85,85,0,TE,0,0,,,1,59,1,59,59.0,,,,,0,0,0,0,0,.0,.0,.0,0,0,0,0,0,0,0,0,0,0,0,0,0,0,0,0,,,,,,0,1,0,0,0,0,0,0,0,6,6,3,,,,,,,,,,,,,,,,,,,,,,,,,,,,,,,,,,,,,,,,,,,,,,,,,,,,,,,,,,,,,,,,,,,,,,,,,,,
2026-27,football,Southern California Intercollegiate Athletic Conference (SCIAC),sciac,Whittier,"Solaita,Brandon",Brandon,Solaita,,781,"Solaita,Brandon","SOLAITA,BRANDON",Whittier,WHC,1160-3793,2,0,86,86,0,TE,0,0,,,8,160,1,41,20.0,,,,,0,2,0,2,2,.0,.0,.0,0,0,0,0,0,0,0,0,0,0,0,0,1,0,0,0,,,,,,0,1,0,0,0,0,0,0,0,6,6,3,,,,,,,,,,,,,,,,,,,,,,,,,,,,,,,,,,,,,,,,,,,,,,,,,,,,1,14,0,14,14.0,,,,,,,,,,,,,,,,,,,
2026-27,football,Southern California Intercollegiate Athletic Conference (SCIAC),sciac,Whittier,"Don,Eddie",Eddie,Don,,781,"Don,Eddie","DON,EDDIE",Whittier,WHC,1160-3718,2,1,88,88,0,WR,0,0,,,7,80,1,19,11.4,,,,,,,,,,,,,,,,,,,,,,,,,,,,,,,,,,0,1,0,0,0,0,0,0,0,6,6,3,,,,,,,,,,,,,,,,,,,,,,,,,,,,,,,,,,,,,,,,,,,,,,,,,,,,,,,,,,,,,,,,,,,,,,,,,,,
2026-27,football,Southern California Intercollegiate Athletic Conference (SCIAC),sciac,Whittier,"Filo,Josiah",Josiah,Filo,,781,"Filo,Josiah","FILO,JOSIAH",Whittier,WHC,1160-3774,2,0,93,93,0,0,DL,0,,,,,,,,,,,,0,1,2,3,3,.0,.0,.0,0,0,0,0,0,0,0,0,0,0,0,0,0,0,0,0,,,,,,,,,,,,,,,,,,,,,,,,,,,,,,,,,,,,,,,,,,,,,,,,,,,,,,,,,,,,,,,,,,,,,,,,,,,,,,,,,,,,,,,,,,,,
2026-27,football,Southern California Intercollegiate Athletic Conference (SCIAC),sciac,Whittier,"Catano,Ricky",Ricky,Catano,,781,"Catano,Ricky","CATANO,RICKY",Whittier,WHC,1160-3768,1,0,94,94,0,0,DL,0,,,,,,,,,,,,0,0,1,1,1,.0,.0,.0,0,0,0,0,0,0,0,0,0,0,0,0,0,0,0,0,,,,,,,,,,,,,,,,,,,,,,,,,,,,,,,,,,,,,,,,,,,,,,,,,,,,,,,,,,,,,,,,,,,,,,,,,,,,,,,,,,,,,,,,,,,,
2026-27,football,Southern California Intercollegiate Athletic Conference (SCIAC),sciac,Whittier,"Morris,Brandon",Brandon,Morris,,781,"Morris,Brandon","MORRIS,BRANDON",Whittier,WHC,1160-3588,2,1,95,95,0,0,DL,0,,,,,,,,,,,,0,4,8,12,12,.0,.0,.0,0,0,0,0,0,0,0,0,0,0,0,0,0,0,0,0,,,,,,,,,,,,,,,,,,,,,,,,,,,,,,,,,,,,,,,,,,,,,,,,,,,,,,,,,,,,,,,,,,,,,,,,,,,,,,,,,,,,,,,,,,,,
2026-27,football,Southern California Intercollegiate Athletic Conference (SCIAC),sciac,Whittier,"Ward,Frank",Frank,Ward,,781,"Ward,Frank","WARD,FRANK",Whittier,WHC,1160-3723,2,1,99,99,0,0,DL,0,,,,,,,,,,,,0,2,4,6,6,.0,.0,.0,0,0,0,0,0,0,0,0,0,0,0,0,0,0,0,0,,,,,,,,,,,,,,,,,,,,,,,,,,,,,,,,,,,,,,,,,,,,,,,,,,,,,,,,,,,,,,,,,,,,,,,,,,,,,,,,,,,,,,,,,,,,
2026-27,football,Southern California Intercollegiate Athletic Conference (SCIAC),sciac,Whittier,Jayden Incasiano,Jayden,Incasiano,,781,Jayden Incasiano,"INCASIANO,JAYDEN",Whittier,WHC,0,1,0,1B,1B,0,0,0,0,,,,,,,,,,,,,,,,,,,,,,,,,,,,,,,,,,,,,,,,,,,,,,,,,,,,,,,,,,,,,,,,,,,,,,,,,,,,,,,,,,,,,,,,,,,,,,,,,,,,,,,,,,,,,,,,,,7,178,33,0,0,0,0,1,25.4,,,,,
2026-27,football,Southern California Intercollegiate Athletic Conference (SCIAC),sciac,Whittier,Braeden Mitchell,Braeden,Mitchell,,781,Braeden Mitchell,"MITCHELL,BRAEDEN",Whittier,WHC,1160-3589,0,0,7C,7C,0,0,0,0,,,,,,,,,,,,,,,,,,,,,,,,,,,,,,,,,,,,,,,,,,,,,,,,,,,,,,,,,,,,,,,,,,,,,,,,0,0,0,0,0,0,.0,.0,0,0,0,0,0,0,0,0,NaN,.00,.00,.0,,,,,,,,,,,,,,,,,,,,,,,,,,,,,,,,,,,,
2026-27,football,Southern California Intercollegiate Athletic Conference (SCIAC),sciac,Whittier,Kayden Morales,Kayden,Morales,,781,Kayden Morales,"MORALES,KAYDEN",Whittier,WHC,1160-3745,1,0,9,9,0,0,0,0,,,,,,,,,,,,0,1,1,2,2,.0,.0,.0,0,0,0,0,0,0,0,0,0,0,0,0,0,0,0,0,,,,,,,,,,,,,,,,,,,,,,,,,,,,,,,,,,,,,,,,,,,,,,,,,,,,,,,,,,,,,,,,,,,,,,,,,,,,,,,,,,,,,,,,,,,,
2026-27,football,Southern California Intercollegiate Athletic Conference (SCIAC),sciac,Whittier,Nigellus Irving,Nigellus,Irving,,781,Nigellus Irving,"IRVING,NIGELLUS",Whittier,WHC,1160-3743,1,0,10,10,0,0,0,0,,,,,,,,,,,,0,0,1,1,1,.0,.0,.0,0,0,0,0,0,0,0,0,0,0,0,0,0,0,0,0,,,,,,,,,,,,,,,,,,,,,,,,,,,,,,,,,,,,,,,,,,,,,,,,,,,,,,,,,,,,,,,,,,,,,,,,,,,,,,,,,,,,,,,,,,,,
2026-27,football,Southern California Intercollegiate Athletic Conference (SCIAC),sciac,Whittier,AJ Hudson,AJ,Hudson,,781,AJ Hudson,"HUDSON,AJ",Whittier,WHC,1160-3590,0,0,22,22,0,0,0,0,,,,,,,,,,,,,,,,,,,,,,,,,,,,,,,,,,,,,,,,,,,,,,,,,,,,,,,,,,,,,,,,,,,,,,,,0,0,0,0,0,0,.0,.0,,,,,,,,,,,,,,,,,,,,,,,,,,,,,,,,,,,,,,,,,,,,,,,,
2026-27,football,Southern California Intercollegiate Athletic Conference (SCIAC),sciac,Whittier,Hayden Figueroa,Hayden,Figueroa,,781,Hayden Figueroa,"FIGUEROA,HAYDEN",Whittier,WHC,1160-3591,0,0,24,24,0,0,0,0,,,,,,,,,,,,,,,,,,,,,,,,,,,,,,,,,,,,,,,,,,,,,,,,,,,,,,,,,,,,,,,,,,,,,,,,0,0,0,0,0,0,.0,.0,,,,,,,,,,,,,,,,,,,,,,,,,,,,,,,,,,,,,,,,,,,,,,,,
2026-27,football,Southern California Intercollegiate Athletic Conference (SCIAC),sciac,Whittier,Ryan Dominguez,Ryan,Dominguez,,781,Ryan Dominguez,"DOMINGUEZ,RYAN",Whittier,WHC,1160-3593,0,0,28,28,0,0,0,0,,,,,,,,,,,,0,0,0,0,0,.0,.0,.0,0,0,0,0,0,0,0,0,0,0,0,0,0,0,0,0,,,,,,,,,,,,,,,,,,,,,,,,,,,,,,,,,,,,,,,,,,,,,,,,,,,,,,,,,,,,,,,,,,,,,,,,,,,,,,,,,,,,,,,,,,,,
2026-27,football,Southern California Intercollegiate Athletic Conference (SCIAC),sciac,Whittier,Matthew Woods,Matthew,Woods,,781,Matthew Woods,"WOODS,MATTHEW",Whittier,WHC,1160-3525,0,0,42,42,0,0,0,0,,,,,,,,,,,,0,0,0,0,0,.0,.0,.0,0,0,0,0,0,0,0,0,0,0,0,0,0,0,0,0,,,,,,,,,,,,,,,,,,,,,,,,,,,,,,,,,,,,,,,,,,,,,,,,,,,,,,,,,,,,,,,,,,,,,,,,,,,,,,,,,,,,,,,,,,,,
2026-27,football,Southern California Intercollegiate Athletic Conference (SCIAC),sciac,Whittier,Jarren David,Jarren,David,,781,Jarren David,"DAVID,JARREN",Whittier,WHC,1160-3875,0,0,45,45,0,0,0,0,,,,,,,,,,,,0,0,0,0,0,.0,.0,.0,0,0,0,0,0,0,0,0,0,0,0,0,0,0,0,0,,,,,,,,,,,,,,,,,,,,,,,,,,,,,,,,,,,,,,,,,,,,,,,,,,,,,,,,,,,,,,,,,,,,,,,,,,,,,,,,,,,,,,,,,,,,
2026-27,football,Southern California Intercollegiate Athletic Conference (SCIAC),sciac,Whittier,Sergio Carrillo,Sergio,Carrillo,,781,Sergio Carrillo,"CARRILLO,SERGIO",Whittier,WHC,1160-3767,1,0,46,46,0,0,0,0,,,,,,,,,,,,0,1,1,2,2,.0,.0,.0,0,0,0,0,0,0,0,0,0,0,0,0,0,0,0,0,,,,,,,,,,,,,,,,,,,,,,,,,,,,,,,,,,,,,,,,,,,,,,,,,,,,,,,,,,,,,,,,,,,,,,,,,,,,,,,,,,,,,,,,,,,,
2026-27,football,Southern California Intercollegiate Athletic Conference (SCIAC),sciac,Whittier,Noah Solis,Noah,Solis,,781,Noah Solis,"SOLIS,NOAH",Whittier,WHC,1160-3794,0,0,51,51,0,0,0,0,,,,,,,,,,,,0,0,0,0,0,.0,.0,.0,0,0,0,0,0,0,0,0,0,0,0,0,0,0,0,0,,,,,,,,,,,,,,,,,,,,,,,,,,,,,,,,,,,,,,,,,,,,,,,,,,,,,,,,,,,,,,,,,,,,,,,,,,,,,,,,,,,,,,,,,,,,
2026-27,football,Southern California Intercollegiate Athletic Conference (SCIAC),sciac,Whittier,Nate Flores,Nate,Flores,,781,Nate Flores,"FLORES,NATE",Whittier,WHC,1160-3592,1,0,52,52,0,0,0,0,,,,,,,,,,,,0,0,0,0,0,.0,.0,.0,0,0,0,0,0,0,0,0,0,0,0,0,0,0,0,0,,,,,,,,,,,,,,,,,,,,,,,,,,,,,,,,,,,,,,,,,,,,,,,,,,,,,,,,,,,,,,,,,,,,,,,,,,,,,,,,,,,,,,,,,,,,
2026-27,football,Southern California Intercollegiate Athletic Conference (SCIAC),sciac,Whittier,Zach Coburn,Zach,Coburn,,781,Zach Coburn,"COBURN,ZACH",Whittier,WHC,1160-3734,1,0,90,90,0,0,0,0,,,,,,,,,,,,0,0,1,1,1,.0,.0,.0,0,0,0,0,0,0,0,0,0,0,0,0,0,0,0,0,,,,,,,,,,,,,,,,,,,,,,,,,,,,,,,,,,,,,,,,,,,,,,,,,,,,,,,,,,,,,,,,,,,,,,,,,,,,,,,,,,,,,,,,,,,,
2026-27,football,Southern California Intercollegiate Athletic Conference (SCIAC),sciac,Whittier,Atlas Bailey,Atlas,Bailey,,781,Atlas Bailey,"BAILEY,ATLAS",Whittier,WHC,1160-3763,1,0,1,1,0,0,0,0,,,,,,,,,,,,0,1,2,3,3,.0,.0,.0,0,0,0,0,0,0,0,0,0,0,0,0,0,0,0,0,,,,,,,,,,,,,,,,,,,,,,,,,,,,,,,,,,,,,,,,,,,,,,,,,,,,,,,,,,,,,,,,,,,,,,,,,,,,,,,,,,,,,,,,,,,,
2026-27,football,Southern California Intercollegiate Athletic Conference (SCIAC),sciac,Whittier,JP Gonzales,JP,Gonzales,,781,JP Gonzales,"GONZALES,JP",Whittier,WHC,1160-3719,1,0,18,18,0,0,0,0,,,,,,,,,,,,,,,,,,,,,,,,,,,,,,,,,,,,,,,,,,,,,,,,,,,,,,,,,,,,,,,,,,,,,,,,3,20,20,0,0,21,6.7,20.0,0,0,41,1,176,1,27,13,107.7,6.52,13.54,176.0,,,,,,,,,,,,,,,,,,,,,,,,,,,,,,,,,,,,
2026-27,football,Southern California Intercollegiate Athletic Conference (SCIAC),sciac,Whittier,Rene Ruiz,Rene,Ruiz,,781,Rene Ruiz,"RUIZ,RENE",Whittier,WHC,1160-3758,1,0,36,36,0,0,0,0,,,,,,,,,,,,0,0,1,1,1,.0,.0,.0,0,0,0,0,0,0,0,0,0,0,0,0,0,0,0,0,,,,,,,,,,,,,,,,,,,,,,,,,,,,,,,,,,,,,,,,,,,,,,,,,,,,,,,,,,,,,,,,,,,,,,,,,,,,,,,,,,,,,,,,,,,,
2026-27,football,Southern California Intercollegiate Athletic Conference (SCIAC),sciac,Whittier,Gio Levya,Gio,Levya,,781,Gio Levya,"LEVYA,GIO",Whittier,WHC,1160-3782,1,0,37,37,0,0,0,0,,,,,,,,,,,,,,,,,,,,,,,,,,,,,,,,,,,,,,,,,,,,,,,,,,,,,,1,59,0,0,59.0,,,,,,,,,,,,,,,,,,,,,,,,,,,,,,,,,,,,,,,,,,,,,,,,,,,,,,,,,,,,,,,,,,,,,
2026-27,football,Southern California Intercollegiate Athletic Conference (SCIAC),sciac,Whittier,Reggie Zuckerman,Reggie,Zuckerman,,781,Reggie Zuckerman,"ZUCKERMAN,REGGIE",Whittier,WHC,1160-3890,1,0,80,80,0,0,0,0,,,1,4,0,4,4.0,,,,,,,,,,,,,,,,,,,,,,,,,,,,,,,,,,,,,,,,,,,,,,,,,,,,,,,,,,,,,,,,,,,,,,,,,,,,,,,,,,,,,,,,,,,,,,,,,3,50,0,24,16.7,,,,,,,,,,,,,,,,,,,
2026-27,football,Southern California Intercollegiate Athletic Conference (SCIAC),sciac,Whittier,Ryden Starr,Ryden,Starr,,781,Ryden Starr,"STARR,RYDEN",Whittier,WHC,1160-3753,1,0,98,98,0,0,0,0,,,,,,,,,,,,0,0,1,1,1,.0,.0,.0,0,0,0,0,0,0,0,0,0,0,0,0,0,0,0,0,,,,,,,,,,,,,,,,,,,,,,,,,,,,,,,,,,,,,,,,,,,,,,,,,,,,,,,,,,,,,,,,,,,,,,,,,,,,,,,,,,,,,,,,,,,,
2026-27,football,Southern California Intercollegiate Athletic Conference (SCIAC),sciac,Redlands,"Torres,Jakai",Jakai,Torres,,567,"Torres,Jakai","TORRES,JAKAI",Redlands,RED,1166-3882,2,0,0,0,0,RB,0,0,,,,,,,,,,,,0,0,0,0,0,.0,.0,.0,0,0,0,0,0,0,0,0,0,0,0,0,0,0,0,0,,,,,,,,,,,,,,,,,,,,,,,,,,,,,,,,,,,1,1,11,48,48,0,0,15,4.4,24.0,,,,,,,,,,,,,,,,,,,,,,,,,,,,,,,,,,,,,,,,,,,,,,,,
2026-27,football,Southern California Intercollegiate Athletic Conference (SCIAC),sciac,Redlands,"Borrayo,Julian",Julian,Borrayo,,567,"Borrayo,Julian","BORRAYO,JULIAN",Redlands,RED,1166-3845,3,3,1,1,0,WR,0,0,,,9,109,0,21,12.1,,,,,,,,,,,,,,,,,,,,,,,,,,,,,,,,,,,,,,,,,,,,,,,,,,,,,,,,,,,,,,,,,,,,,,,,,0,0,0,0,0,0,0,0,NaN,.00,.00,.0,,,,,,,,,,,,,,,,,,,,,,,,,,,,,,,,,,,,
2026-27,football,Southern California Intercollegiate Athletic Conference (SCIAC),sciac,Redlands,"Danna,Luke",Luke,Danna,,567,"Danna,Luke","DANNA,LUKE",Redlands,RED,1166-3595,2,0,3,3,0,QB,0,0,,,,,,,,,,,,,,,,,,,,,,,,,,,,,,,,,,,,,,,,,,,,,,,,,,,,,,,,,,,,,,,,,,,,,,,,,,,,,,,,,,,,,,,,,,,,,,,,,,,,,,,,,,,,,,,,,,,,,,,,,,,,,,,
2026-27,football,Southern California Intercollegiate Athletic Conference (SCIAC),sciac,Redlands,"Taylor,Skye",Skye,Taylor,,567,"Taylor,Skye","TAYLOR,SKYE",Redlands,RED,1166-3646,3,3,3,3D,0,0,DB,0,,,,,,,,,,,,0,5,3,8,8,1.0,.0,.0,1,0,5,0,0,0,0,2,0,0,0,0,0,0,0,2,,,,,,,,,,,,,,,,,,,,,,,,,,,,,,,,,,,,,,,,,,,,,,,,,,,,,,,,,,,,,,,,,,,,,,,,,,,,,,,,,,,,,,,,,,,,
2026-27,football,Southern California Intercollegiate Athletic Conference (SCIAC),sciac,Redlands,"Lacy,Roshawn",Roshawn,Lacy,,567,"Lacy,Roshawn","LACY,ROSHAWN",Redlands,RED,1166-4129,3,3,4,4,0,WR,0,0,,,16,174,2,48,10.9,,,,,0,1,0,1,1,.0,.0,.0,0,0,0,0,0,0,0,0,0,0,0,0,0,0,0,0,,,,,,0,2,0,0,0,0,0,0,0,12,12,4,,,,,,,,,,,,,,,,,,,,,,,,,,,,,,,,,,,,,,,,,,,,,,,,,,,,,,,,,,,,,,,,,,,,,,,,,,,
2026-27,football,Southern California Intercollegiate Athletic Conference (SCIAC),sciac,Redlands,"Silva,Adrian",Adrian,Silva,,567,"Silva,Adrian","SILVA,ADRIAN",Redlands,RED,1166-3879,3,3,4,4D,0,0,LB,0,,,,,,,,,,,,0,4,5,9,9,1.5,.0,.0,1,1,2,1,1,0,1,1,0,0,0,0,0,0,0,1,,,,,,,,,,,,,,,,,,,,,,,,,,,,,,,,,,,,,,,,,,,,,,,,,,,,,,,,,,,,,,,,,,,,,,,,,,,,,,,,,,,,,,,,,,,,
2026-27,football,Southern California Intercollegiate Athletic Conference (SCIAC),sciac,Redlands,"Lopez,Jayson",Jayson,Lopez,,567,"Lopez,Jayson","LOPEZ,JAYSON",Redlands,RED,1166-3868,2,0,5,5D,0,0,DB,0,,,,,,,,,,,,0,4,1,5,5,.0,.0,.0,0,0,0,0,0,0,0,0,0,0,0,0,0,0,0,0,,,,,,,,,,,,,,,,,,,,,,,,,,,,,,,,,,,,,,,,,,,,,,,,,,,,,,,,,,,,,,,,,,,,,,,,,,,,,,,,,,,,,,,,,,,,
2026-27,football,Southern California Intercollegiate Athletic Conference (SCIAC),sciac,Redlands,"Abbasian,Kam",Kam,Abbasian,,567,"Abbasian,Kam","ABBASIAN,KAM",Redlands,RED,1166-3211,1,1,6,6,0,0,DB,0,,,,,,,,,,,,0,2,1,3,3,.0,.0,.0,0,0,0,0,0,0,0,0,0,0,0,0,0,0,0,0,,,,,,,,,,,,,,,,,,,,,,,,,,,,,,,,,,,,,,,,,,,,,,,,,,,,,,,,,,,,,,,,,,,,,,,,,,,,,,,,,,,,,,,,,,,,
2026-27,football,Southern California Intercollegiate Athletic Conference (SCIAC),sciac,Redlands,"Jackson,Keenan",Keenan,Jackson,,567,"Jackson,Keenan","JACKSON,KEENAN",Redlands,RED,1166-3860,2,0,7,7,0,QB,0,0,,,,,,,,,,,,,,,,,,,,,,,,,,,,,,,,,,,,,,,,,,,,,,,,,,,,,,,,,,,,,,,,,,,,,,,,5,23,23,0,0,8,4.6,11.5,0,0,0,0,0,1,3,0,-66.7,.00,.00,.0,,,,,,,,,,,,,,,,,,,,,,,,,,,,,,,,,,,,
2026-27,football,Southern California Intercollegiate Athletic Conference (SCIAC),sciac,Redlands,"Ybanez III,Enrique",Enrique,Ybanez III,,567,"Ybanez III,Enrique","YBANEZ III,ENRIQUE",Redlands,RED,1166-3640,3,3,7,7D,0,0,DB,0,,,,,,,,,,,,0,8,6,14,14,.5,.0,.0,0,1,0,0,0,0,0,1,1,0,0,0,0,0,0,1,,,,,,,,,,,,,,,,,,,,,,,,,,,,,,,,,,,,,,,,,,,,,,,,,,,,,,,,,,,,,,,,,,,,,,,,,,,,,,,,,,,,,,,,,,,,
2026-27,football,Southern California Intercollegiate Athletic Conference (SCIAC),sciac,Redlands,"Mitchell III,Mark",Mark,Mitchell III,,567,"Mitchell III,Mark","MITCHELL III,MARK",Redlands,RED,1166-3870,3,3,8,8,0,RB,0,0,,,5,3,0,3,.6,,,,,,,,,,,,,,,,,,,,,,,,,,,,,,,,,,,,,,,,,,,,,,,,,,,,,,,,,,,,,,,,,35,176,187,11,0,42,5.0,58.7,,,,,,,,,,,,,,,,,,,,,,,,,7,136,0,26,19.4,2,32,0,28,16.0,,,,,,,,,,,,,,
2026-27,football,Southern California Intercollegiate Athletic Conference (SCIAC),sciac,Redlands,"Schmidt,Tobey",Tobey,Schmidt,,567,"Schmidt,Tobey","SCHMIDT,TOBEY",Redlands,RED,1166-3878,3,3,9,9,0,QB,0,0,,,,,,,,,,,,0,0,0,0,0,.0,.0,.0,0,0,0,0,0,0,0,0,0,0,0,0,0,0,0,0,,,,,,,,,,,,,,,,,,,,,,,,,,,,,,,,,,,2,2,17,-20,25,45,0,7,-1.2,-6.7,38,7,48,3,491,4,98,56,101.2,5.01,8.77,163.7,,,,,,,,,,,,,,,,,,,,,,,,,,,,,,,,,,,,
2026-27,football,Southern California Intercollegiate Athletic Conference (SCIAC),sciac,Redlands,"Jones,Colton",Colton,Jones,,567,"Jones,Colton","JONES,COLTON",Redlands,RED,1166-3227,3,2,10,1Q,0,0,LB,0,,,,,,,,,,,,0,2,1,3,3,.0,.0,.0,0,0,0,0,0,0,0,0,0,0,0,0,0,0,0,0,,,,,,,,,,,,,,,,,,,,,,,,,,,,,,,,,,,,,,,,,,,,,,,,,,,,,,,,,,,,,,,,,,,,,,,,,,,,,,,,,,,,,,,,,,,,
2026-27,football,Southern California Intercollegiate Athletic Conference (SCIAC),sciac,Redlands,"Staricka,Nolan",Nolan,Staricka,,567,"Staricka,Nolan","STARICKA,NOLAN",Redlands,RED,1166-4161,3,1,11,1I,0,0,DB,0,,,,,,,,,,,,0,7,9,16,16,1.0,.0,.0,0,2,1,0,0,0,0,0,0,0,0,0,0,0,0,0,,,,,,,,,,,,,,,,,,,,,,,,,,,,,,,,,,,,,,,,,,,,,,,,,,,,,,,,,,,,,,,,,,,,,,,,,,,,,,,,,,,,,,,,,,,,
2026-27,football,Southern California Intercollegiate Athletic Conference (SCIAC),sciac,Redlands,"Khan,Mikael",Mikael,Khan,,567,"Khan,Mikael","KHAN,MIKAEL",Redlands,RED,1166-4128,3,0,12,12,0,QB,0,0,,,,,,,,,,,,,,,,,,,,,,,,,,,,,,,,,,,,,,,,,,,,,,,,,,,,,,,,,,,,,,,,,,,,,,,,,,,,,,,,,,,,,,,,,,,,,,,,,,,,,,,,,,,,,,,,,,17,541,51,0,1,5,1,2,31.8,,,,,
2026-27,football,Southern California Intercollegiate Athletic Conference (SCIAC),sciac,Redlands,"Markossian,Kev",Kev,Markossian,,567,"Markossian,Kev","MARKOSSIAN,KEV",Redlands,RED,1166-3229,3,3,14,14,0,WR,0,0,,,2,22,0,12,11.0,,,,,,,,,,,,,,,,,,,,,,,,,,,,,,,,,,,,,,,,,,,,,,,,,,,,,,,,,,,,,,,,,,,,,,,,,,,,,,,,,,,,,,,,,,,,,,,,,,,,,,,,,,,,,,,,,,,,,,,,
2026-27,football,Southern California Intercollegiate Athletic Conference (SCIAC),sciac,Redlands,"Wojcik,Aleks",Aleks,Wojcik,,567,"Wojcik,Aleks","WOJCIK,ALEKS",Redlands,RED,1166-3642,3,3,15,15,0,0,DB,0,,,,,,,,,,,,0,9,1,10,10,2.0,.0,.0,2,0,7,1,1,0,6,1,0,1,0,0,0,0,0,1,,,,,,,,,,,,,,,,,,,,,,,,,,,,,,,,,,,,,,,,,,,,,,,,,,,,,,,,,,,,,,,,,,,,,,,,,,,,,,,,,,,,,,,,,,,,
2026-27,football,Southern California Intercollegiate Athletic Conference (SCIAC),sciac,Redlands,"Chancellor,Grady",Grady,Chancellor,,567,"Chancellor,Grady","CHANCELLOR,GRADY",Redlands,RED,1166-4101,1,0,17,17,0,WR,0,0,,,1,7,0,7,7.0,,,,,,,,,,,,,,,,,,,,,,,,,,,,,,,,,,,,,,,,,,,,,,,,,,,,,,,,,,,,,,,,,,,,,,,,,,,,,,,,,,,,,,,,,,,,,,,,,,,,,,,,,,,,,,,,,,,,,,,,
2026-27,football,Southern California Intercollegiate Athletic Conference (SCIAC),sciac,Redlands,"Corbett,Luke",Luke,Corbett,,567,"Corbett,Luke","CORBETT,LUKE",Redlands,RED,1166-4104,1,0,20,20,0,WR,0,0,,,,,,,,,,,,0,0,1,1,1,.0,.0,.0,0,0,0,0,0,0,0,0,0,0,0,0,0,0,0,0,,,,,,,,,,,,,,,,,,,,,,,,,,,,,,,,,,,,,,,,,,,,,,,,,,,,,,,,,,,,,,,,,,,,,,,,,,,,,,,,,,,,,,,,,,,,
2026-27,football,Southern California Intercollegiate Athletic Conference (SCIAC),sciac,Redlands,"Williams,Dylan",Dylan,Williams,,567,"Williams,Dylan","WILLIAMS,DYLAN",Redlands,RED,1166-4172,2,0,18,2Q,0,0,DB,0,,,,,,,,,,,,0,1,0,1,1,.0,.0,.0,0,0,0,0,0,0,0,0,0,0,0,0,0,0,0,0,,,,,,,,,,,,,,,,,,,,,,,,,,,,,,,,,,,,,,,,,,,,,,,,,,,,,,,,,,,,,,,,,,,,,2,47,0,29,23.5,,,,,,,,,,,,,,,,,,,
2026-27,football,Southern California Intercollegiate Athletic Conference (SCIAC),sciac,Redlands,"Ephraim,Jaylen",Jaylen,Ephraim,,567,"Ephraim,Jaylen","EPHRAIM,JAYLEN",Redlands,RED,1166-3600,3,3,21,2I,0,0,DB,0,,,,,,,,,,,,0,9,9,18,18,.0,.0,.0,0,0,0,0,0,0,0,1,0,0,0,0,0,0,0,1,,,,,,,,,,,,,,,,,,,,,,,,,,,,,,,,,,,,,,,,,,,,,,,,,,,,,,,,,,,,,,,,,,,,,,,,,,,,,,,,,,,,,,,,,,,,
2026-27,football,Southern California Intercollegiate Athletic Conference (SCIAC),sciac,Redlands,"Bowie,Taylor",Taylor,Bowie,,567,"Bowie,Taylor","BOWIE,TAYLOR",Redlands,RED,1166-3588,3,0,22,22,0,RB,0,0,,,5,41,1,15,8.2,,,,,0,0,0,0,0,.0,.0,.0,0,0,0,0,0,0,0,0,0,0,0,0,0,0,0,0,,,,,,0,2,0,0,0,0,0,0,0,12,12,4,,,,,,,,,,,,,,,,,,1,1,29,117,118,1,1,10,4.0,39.0,,,,,,,,,,,,,,,,,,,,,,,,,,,,,,,,,,,,,,,,,,,,,,,,
2026-27,football,Southern California Intercollegiate Athletic Conference (SCIAC),sciac,Redlands,"Carbajal,Samuel",Samuel,Carbajal,,567,"Carbajal,Samuel","CARBAJAL,SAMUEL",Redlands,RED,1166-4100,1,0,22,2Z,0,0,LB,0,,,,,,,,,,,,,,,,,,,,,,,,,,,,,,,,,,,,,,,,,,,,,,,,,,,,,,,,,,,,,,,,,,,,,,,,1,0,0,0,0,0,.0,.0,,,,,,,,,,,,,,,,,,,,,,,,,,,,,,,,,,,,,,,,,,,,,,,,
2026-27,football,Southern California Intercollegiate Athletic Conference (SCIAC),sciac,Redlands,"Vega,Jesse",Jesse,Vega,,567,"Vega,Jesse","VEGA,JESSE",Redlands,RED,1166-4168,3,1,23,23,0,0,DB,0,,,,,,,,,,,,0,4,3,7,7,2.0,.0,.0,1,2,6,0,0,0,0,0,0,0,0,0,0,0,0,0,,,,,,,,,,,,,,,,,,,,,,,,,,,,,,,,,,,,,,,,,,,,,,,,,,,,,,,,,,,,,,,,,,,,,,,,,,,,,,,,,,,,,,,,,,,,
2026-27,football,Southern California Intercollegiate Athletic Conference (SCIAC),sciac,Redlands,"Blackmon,Jeremiah",Jeremiah,Blackmon,,567,"Blackmon,Jeremiah","BLACKMON,JEREMIAH",Redlands,RED,1166-4097,3,1,24,2H,0,0,LB,0,,,,,,,,,,,,0,3,3,6,6,1.0,.0,.0,1,0,3,0,0,0,0,0,0,0,0,0,0,0,0,0,,,,,,,,,,,,,,,,,,,,,,,,,,,,,,,,,,,,,,,,,,,,,,,,,,,,,,,,,,,,,,,,,,,,,,,,,,,,,,,,,,,,,,,,,,,,
2026-27,football,Southern California Intercollegiate Athletic Conference (SCIAC),sciac,Redlands,"May,Kyle",Kyle,May,,567,"May,Kyle","MAY,KYLE",Redlands,RED,1166-4145,2,0,24,24,0,RB,0,0,,,,,,,,,,,,0,0,2,2,2,.0,.0,.0,0,0,0,0,0,0,0,0,0,0,0,0,0,0,0,0,,,,,,,,,,,,,,,,,,,,,,,,,,,,,,,,,,,,,,,,,,,,,,,,,,,,,,,,,,,,,,,,,,,,,,,,,,,,,,,,,,,,,,,,,,,,
2026-27,football,Southern California Intercollegiate Athletic Conference (SCIAC),sciac,Redlands,"Williams,Kaleb",Kaleb,Williams,,567,"Williams,Kaleb","WILLIAMS,KALEB",Redlands,RED,1166-3886,1,0,25,25,0,RB,0,0,,,,,,,,,,,,,,,,,,,,,,,,,,,,,,,,,,,,,,,,,,,,,,,,,,,,,,,,,,,,,,,,,,,,,,,,,,,,,,,,,,,,,,,,,,,,,,,,,,,,,,,,,,,,,,,,,,,,,,,,,,,,,,,
2026-27,football,Southern California Intercollegiate Athletic Conference (SCIAC),sciac,Redlands,"Crews III,Kenneth",Kenneth,Crews III,,567,"Crews III,Kenneth","CREWS III,KENNETH",Redlands,RED,1166-3854,3,0,32,3Z,0,0,DL,0,,,,,,,,,,,,0,4,1,5,5,1.0,.0,.0,1,0,3,0,0,0,0,0,0,0,0,0,0,0,0,0,,,,,,,,,,,,,,,,,,,,,,,,,,,,,,,,,,,,,,,,,,,,,,,,,,,,,,,,,,,,,,,,,,,,,,,,,,,,,,,,,,,,,,,,,,,,
2026-27,football,Southern California Intercollegiate Athletic Conference (SCIAC),sciac,Redlands,"Olson,Cade",Cade,Olson,,567,"Olson,Cade","OLSON,CADE",Redlands,RED,1166-3654,3,0,33,33,0,WR,0,0,,,2,13,0,11,6.5,,,,,0,1,0,1,1,.0,.0,.0,0,0,0,0,0,0,0,0,0,0,0,0,0,0,0,0,,,,,,,,,,,,,,,,,,,,,,,,,,,,,,,,,,,,,1,2,2,0,0,2,2.0,.7,,,,,,,,,,,,,,,,,,,,,,,,,,,,,,,,,,,,,,,,,,,,,,,,
2026-27,football,Southern California Intercollegiate Athletic Conference (SCIAC),sciac,Redlands,"Placido,Andrew",Andrew,Placido,,567,"Placido,Andrew","PLACIDO,ANDREW",Redlands,RED,1166-3654,3,3,33,3E,0,0,LB,0,,,,,,,,,,,,58,8,6,14,14,4.0,.0,.0,3,2,9,0,0,0,0,2,0,1,0,0,1,0,1,3,,,,,,,,,,,,,,,,,,,,,,,,,,1,58,0,58,58.0,,,,,0,0,,,,,,,,,,,,,,,,,,,,,,,,,,,,,,,,,,,,,,,,,,,,,,,,,,,,,,,,
2026-27,football,Southern California Intercollegiate Athletic Conference (SCIAC),sciac,Redlands,"Gonzalez,Julien",Julien,Gonzalez,,567,"Gonzalez,Julien","GONZALEZ,JULIEN",Redlands,RED,1166-4116,1,0,35,35,0,TE,0,0,,,,,,,,,,,,0,1,0,1,1,.0,.0,.0,0,0,0,0,0,0,0,0,0,0,0,0,0,0,0,0,,,,,,,,,,,,,,,,,,,,,,,,,,,,,,,,,,,,,,,,,,,,,,,,,,,,,,,,,,,,,,,,,,,,,,,,,,,,,,,,,,,,,,,,,,,,
2026-27,football,Southern California Intercollegiate Athletic Conference (SCIAC),sciac,Redlands,"Cervantes,Matai",Matai,Cervantes,,567,"Cervantes,Matai","CERVANTES,MATAI",Redlands,RED,1166-3590,3,0,36,36,0,RB,0,0,,,,,,,,,,,,0,1,2,3,3,.0,.0,.0,0,0,0,0,0,0,0,0,0,0,0,0,0,0,0,0,,,,,,,,,,,,,,,,,,,,,,,,,,,,,,,,,,,,,6,28,29,1,0,11,4.7,9.3,,,,,,,,,,,,,,,,,,,,,,,,,,,,,,,,,,,,,,,,,,,,,,,,
2026-27,football,Southern California Intercollegiate Athletic Conference (SCIAC),sciac,Redlands,"Afemui,Mosese",Mosese,Afemui,,567,"Afemui,Mosese","AFEMUI,MOSESE",Redlands,RED,1166-3843,3,3,43,43,0,0,DL,0,,,,,,,,,,,,0,6,0,6,6,2.0,.0,.0,2,0,16,1,1,0,8,1,1,0,0,0,0,0,0,1,,,,,,,,,,,,,,,,,,,,,,,,,,,,,,,,,,,,,,,,,,,,,,,,,,,,,,,,,,,,,,,,,,,,,,,,,,,,,,,,,,,,,,,,,,,,
2026-27,football,Southern California Intercollegiate Athletic Conference (SCIAC),sciac,Redlands,"Anderson,Nathan",Nathan,Anderson,,567,"Anderson,Nathan","ANDERSON,NATHAN",Redlands,RED,1166-3586,3,3,44,44,0,TE,0,0,,,2,13,0,8,6.5,,,,,,,,,,,,,,,,,,,,,,,,,,,,,,,,,,,,,,,,,,,,,,,,,,,,,,,,,,,,,,,,,,,,,,,,,,,,,,,,,,,,,,,,,,,,,,,,,,,,,,,,,,,,,,,,,,,,,,,,
2026-27,football,Southern California Intercollegiate Athletic Conference (SCIAC),sciac,Redlands,"Torres,Jai",Jai,Torres,,567,"Torres,Jai","TORRES,JAI",Redlands,RED,1166-3864,1,0,47,47,0,RB,0,0,,,,,,,,,,,,,,,,,,,,,,,,,,,,,,,,,,,,,,,,,,,,,,,,,,,,,,,,,,,,,,,,,,,,,,,,,,,,,,,,,,,,,,,,,,,,,,,,,,,,,,,,,,,,,,,,,,,,,,,,,,,,,,,
2026-27,football,Southern California Intercollegiate Athletic Conference (SCIAC),sciac,Redlands,"Creech,Samuel",Samuel,Creech,,567,"Creech,Samuel","CREECH,SAMUEL",Redlands,RED,1166-4106,1,0,51,5I,0,0,LB,0,,,,,,,,,,,,0,0,1,1,1,.5,.0,.0,0,1,0,0,0,0,0,0,0,0,0,0,0,0,0,0,,,,,,,,,,,,,,,,,,,,,,,,,,,,,,,,,,,,,,,,,,,,,,,,,,,,,,,,,,,,,,,,,,,,,,,,,,,,,,,,,,,,,,,,,,,,
2026-27,football,Southern California Intercollegiate Athletic Conference (SCIAC),sciac,Redlands,"Michael,Blayke",Blayke,Michael,,567,"Michael,Blayke","MICHAEL,BLAYKE",Redlands,RED,1166-3869,3,2,51,51,0,OL,0,0,,,,,,,,,,,,,,,,,,,,,,,,,,,,,,,,,,,,,,,,,,,,,,,,,,,,,,,,,,,,,,,,,,,,,,,,,,,,,,,,,,,,,,,,,,,,,,,,,,,,,,,,,,,,,,,,,,,,,,,,,,,,,,,
2026-27,football,Southern California Intercollegiate Athletic Conference (SCIAC),sciac,Redlands,"Sy,Kareem",Kareem,Sy,,567,"Sy,Kareem","SY,KAREEM",Redlands,RED,1166-4163,2,2,52,5Z,0,0,DL,0,,,,,,,,,,,,0,0,2,2,2,.0,.0,.0,0,0,0,0,0,0,0,0,0,0,0,0,0,0,0,0,,,,,,,,,,,,,,,,,,,,,,,,,,,,,,,,,,,,,,,,,,,,,,,,,,,,,,,,,,,,,,,,,,,,,,,,,,,,,,,,,,,,,,,,,,,,
2026-27,football,Southern California Intercollegiate Athletic Conference (SCIAC),sciac,Redlands,"Klem,Brady",Brady,Klem,,567,"Klem,Brady","KLEM,BRADY",Redlands,RED,1166-3651,1,0,10,54,0,0,LB,0,,,,,,,,,,,,0,1,0,1,1,.0,.0,.0,0,0,0,0,0,0,0,0,0,0,0,0,0,0,0,0,,,,,,,,,,,,,,,,,,,,,,,,,,,,,,,,,,,,,,,,,,,,,,,,,,,,,,,,,,,,,,,,,,,,,,,,,,,,,,,,,,,,,,,,,,,,
2026-27,football,Southern California Intercollegiate Athletic Conference (SCIAC),sciac,Redlands,"Ozier,Luke",Luke,Ozier,,567,"Ozier,Luke","OZIER,LUKE",Redlands,RED,1166-3242,1,0,55,55,0,OL,0,0,,,,,,,,,,,,,,,,,,,,,,,,,,,,,,,,,,,,,,,,,,,,,,,,,,,,,,,,,,,,,,,,,,,,,,,,,,,,,,,,,,,,,,,,,,,,,,,,,,,,,,,,,,,,,,,,,,,,,,,,,,,,,,,
2026-27,football,Southern California Intercollegiate Athletic Conference (SCIAC),sciac,Redlands,"Murga,Ty",Ty,Murga,,567,"Murga,Ty","MURGA,TY",Redlands,RED,1166-3669,3,2,56,56,0,OL,0,0,,,,,,,,,,,,,,,,,,,,,,,,,,,,,,,,,,,,,,,,,,,,,,,,,,,,,,,,,,,,,,,,,,,,,,,,,,,,,,,,,,,,,,,,,,,,,,,,,,,,,,,,,,,,,,,,,,,,,,,,,,,,,,,
2026-27,football,Southern California Intercollegiate Athletic Conference (SCIAC),sciac,Redlands,"Cabrera,Ricardo",Ricardo,Cabrera,,567,"Cabrera,Ricardo","CABRERA,RICARDO",Redlands,RED,1166-3215,1,0,57,57,0,OL,0,0,,,,,,,,,,,,,,,,,,,,,,,,,,,,,,,,,,,,,,,,,,,,,,,,,,,,,,,,,,,,,,,,,,,,,,,,,,,,,,,,,,,,,,,,,,,,,,,,,,,,,,,,,,,,,,,,,,,,,,,,,,,,,,,
2026-27,football,Southern California Intercollegiate Athletic Conference (SCIAC),sciac,Redlands,"Partida,Jaycob",Jaycob,Partida,,567,"Partida,Jaycob","PARTIDA,JAYCOB",Redlands,RED,1166-4147,3,3,58,58,0,OL,0,0,,,,,,,,,,,,,,,,,,,,,,,,,,,,,,,,,,,,,,,,,,,,,,,,,,,,,,,,,,,,,,,,,,,,,,,,,,,,,,,,,,,,,,,,,,,,,,,,,,,,,,,,,,,,,,,,,,,,,,,,,,,,,,,
2026-27,football,Southern California Intercollegiate Athletic Conference (SCIAC),sciac,Redlands,"Harris-Ornellas,Isaiah",Isaiah,Harris-Ornellas,,567,"Harris-Ornellas,Isaiah","HARRIS-ORNELLAS,ISAIAH",Redlands,RED,1166-3226,1,1,65,65,0,OL,0,0,,,,,,,,,,,,,,,,,,,,,,,,,,,,,,,,,,,,,,,,,,,,,,,,,,,,,,,,,,,,,,,,,,,,,,,,,,,,,,,,,,,,,,,,,,,,,,,,,,,,,,,,,,,,,,,,,,,,,,,,,,,,,,,
2026-27,football,Southern California Intercollegiate Athletic Conference (SCIAC),sciac,Redlands,"Castillo,Isaac",Isaac,Castillo,,567,"Castillo,Isaac","CASTILLO,ISAAC",Redlands,RED,1166-3216,1,1,71,71,0,OL,0,0,,,,,,,,,,,,,,,,,,,,,,,,,,,,,,,,,,,,,,,,,,,,,,,,,,,,,,,,,,,,,,,,,,,,,,,,,,,,,,,,,,,,,,,,,,,,,,,,,,,,,,,,,,,,,,,,,,,,,,,,,,,,,,,
2026-27,football,Southern California Intercollegiate Athletic Conference (SCIAC),sciac,Redlands,"Williams,Isaac",Isaac,Williams,,567,"Williams,Isaac","WILLIAMS,ISAAC",Redlands,RED,1166-3253,3,2,74,74,0,OL,0,0,,,,,,,,,,,,0,1,0,1,1,.0,.0,.0,0,0,0,0,0,0,0,0,0,0,0,0,0,0,0,0,,,,,,,,,,,,,,,,,,,,,,,,,,,,,,,,,,,,,,,,,,,,,,,,,,,,,,,,,,,,,,,,,,,,,,,,,,,,,,,,,,,,,,,,,,,,
2026-27,football,Southern California Intercollegiate Athletic Conference (SCIAC),sciac,Redlands,"Rosales,Angel",Angel,Rosales,,567,"Rosales,Angel","ROSALES,ANGEL",Redlands,RED,1166-4155,3,3,75,75,0,OL,0,0,,,,,,,,,,,,,,,,,,,,,,,,,,,,,,,,,,,,,,,,,,,,,,,,,,,,,,,,,,,,,,,,,,,,,,,,,,,,,,,,,,,,,,,,,,,,,,,,,,,,,,,,,,,,,,,,,,,,,,,,,,,,,,,
2026-27,football,Southern California Intercollegiate Athletic Conference (SCIAC),sciac,Redlands,"Crawford,Cole",Cole,Crawford,,567,"Crawford,Cole","CRAWFORD,COLE",Redlands,RED,1166-4105,2,0,80,80,0,WR,0,0,,,4,21,0,8,5.3,,,,,,,,,,,,,,,,,,,,,,,,,,,,,,,,,,,,,,,,,,,,,,,,,,,,,,,,,,,,,,,,,,,,,,,,,,,,,,,,,,,,,,,,,,,,,,,,,,,,,,,,,,,,,,,,,,,,,,,,
2026-27,football,Southern California Intercollegiate Athletic Conference (SCIAC),sciac,Redlands,"Langenbach,Evan",Evan,Langenbach,,567,"Langenbach,Evan","LANGENBACH,EVAN",Redlands,RED,1166-4130,2,0,81,81,0,TE,0,0,,,0,0,0,0,.0,,,,,,,,,,,,,,,,,,,,,,,,,,,,,,,,,,,,,,,,,,,,,,,,,,,,,,,,,,,,,,,,,,,,,,,,,,,,,,,,,,,,,,,,,,,,,,,,,,,,,,,,,,,,,,,,,,,,,,,,
2026-27,football,Southern California Intercollegiate Athletic Conference (SCIAC),sciac,Redlands,"Leibham,Carter",Carter,Leibham,,567,"Leibham,Carter","LEIBHAM,CARTER",Redlands,RED,1166-3866,3,0,83,83,0,WR,0,0,,,2,11,0,6,5.5,,,,,,,,,,,,,,,,,,,,,,,,,,,,,,,,,,,,,,,,,,,,,,,,,,,,,,,,,,,,,,,,,,,,,,,,,,,,,,,,,,,,,,,,,,,,,,,,,,,,,,,,,,,,,,,,,,,,,,,,
2026-27,football,Southern California Intercollegiate Athletic Conference (SCIAC),sciac,Redlands,"McGahan,Q",Q,McGahan,,567,"McGahan,Q","MCGAHAN,Q",Redlands,RED,1166-4134,3,0,86,86,0,WR,0,0,,,,,,,,,,,,0,1,1,2,2,.0,.0,.0,0,0,0,0,0,0,0,0,0,0,0,0,0,0,0,0,,,,,,,,,,,,,,,,,,,,,,,,,,,,,,,,,,,,,,,,,,,,,,,,,,,,,,,,,,,,,,,,,,,,,,,,,,3,16,0,11,5.3,,,,,,,,,,,,,,
2026-27,football,Southern California Intercollegiate Athletic Conference (SCIAC),sciac,Redlands,"Barnes,Nathaniel",Nathaniel,Barnes,,567,"Barnes,Nathaniel","BARNES,NATHANIEL",Redlands,RED,1166-3213,2,0,87,87,0,WR,0,0,,,3,17,0,8,5.7,,,,,,,,,,,,,,,,,,,,,,,,,,,,,,,,,,,,,,,,,,,,,,,,,,,,,,,,,,,,,,,,,,,,,,,,,,,,,,,,,,,,,,,,,,,,,,,,,,,,,,,,,,,,,,,,,,,,,,,,
2026-27,football,Southern California Intercollegiate Athletic Conference (SCIAC),sciac,Redlands,"Valadez,John",John,Valadez,,567,"Valadez,John","VALADEZ,JOHN",Redlands,RED,1166-4167,2,0,88,88,0,TE,0,0,,,,,,,,,,,,0,0,1,1,1,.0,.0,.0,0,0,0,0,0,0,0,0,0,0,0,0,0,0,0,0,,,,,,,,,,,,,,,,,,,,,,,,,,,,,,,,,,,,,,,,,,,,,,,,,,,,,,,,,,,,,,,,,,,,,,,,,,,,,,,,,,,,,,,,,,,,
2026-27,football,Southern California Intercollegiate Athletic Conference (SCIAC),sciac,Redlands,"Ryan,Jack",Jack,Ryan,,567,"Ryan,Jack","RYAN,JACK",Redlands,RED,1166-3583,3,0,89,89,0,WR,0,0,,,3,46,0,24,15.3,,,,,0,0,1,1,1,.0,.0,.0,0,0,0,0,0,0,0,0,0,0,0,0,0,0,0,0,,,,,,,,,,,,,,,,,,,,,,,,,,,,,,,,,,,,,,,,,,,,,,,,,,,,,,,,,,,,,,,,,,,,,,,,,,0,0,0,0,.0,,,,,,,,,,,,,,
2026-27,football,Southern California Intercollegiate Athletic Conference (SCIAC),sciac,Redlands,"Chapple-Love,Taylor",Taylor,Chapple-Love,,567,"Chapple-Love,Taylor","CHAPPLE-LOVE,TAYLOR",Redlands,RED,1166-4102,2,0,90,9Q,0,0,DL,0,,,,,,,,,,,,0,2,1,3,3,.5,.0,.0,0,1,1,0,0,0,0,1,0,0,0,0,0,0,0,1,,,,,,,,,,,,,,,,,,,,,,,,,,,,,,,,,,,,,,,,,,,,,,,,,,,,,,,,,,,,,,,,,,,,,,,,,,,,,,,,,,,,,,,,,,,,
2026-27,football,Southern California Intercollegiate Athletic Conference (SCIAC),sciac,Redlands,"Ozeta,Dominic",Dominic,Ozeta,,567,"Ozeta,Dominic","OZETA,DOMINIC",Redlands,RED,1166-4146,3,0,90,90,0,0,0,0,,,,,,,,,,,,0,1,0,1,1,.0,.0,.0,0,0,0,0,0,0,0,0,0,0,0,0,0,0,0,0,,,,,,4,0,0,0,0,0,0,0,0,4,4,1.33,,7,400,0,0,57.1,,,,,,,,,,,,,,,,,,,,,,,,,,,,,,,,,,4,4,0,0,0,0,0,0,0,0,0,0,,,,,,,,,,,,,,,,,,,,0,3,0,0,.0
2026-27,football,Southern California Intercollegiate Athletic Conference (SCIAC),sciac,Redlands,"Hall,Anthony",Anthony,Hall,,567,"Hall,Anthony","HALL,ANTHONY",Redlands,RED,1166-3225,3,3,91,9I,0,0,DL,0,,,,,,,,,,,,0,4,4,8,8,1.5,.0,.0,1,1,6,0,0,0,0,0,0,0,0,0,0,0,0,0,,,,,,,,,,,,,,,,,,,,,,,,,,,,,,,,,,,,,,,,,,,,,,,,,,,,,,,,,,,,,,,,,,,,,,,,,,,,,,,,,,,,,,,,,,,,
2026-27,football,Southern California Intercollegiate Athletic Conference (SCIAC),sciac,Redlands,"Jones,Zaveon",Zaveon,Jones,,567,"Jones,Zaveon","JONES,ZAVEON",Redlands,RED,1166-4126,3,0,92,9Z,0,0,DL,0,,,,,,,,,,,,0,6,1,7,7,2.5,.0,.0,2,1,11,0,0,0,0,1,0,2,0,0,0,0,0,1,,,,,,,,,,,,,,,,,,,,,,,,,,,,,,,,,,,,,,,,,,,,,,,,,,,,,,,,,,,,,,,,,,,,,,,,,,,,,,,,,,,,,,,,,,,,
2026-27,football,Southern California Intercollegiate Athletic Conference (SCIAC),sciac,Redlands,"Malek,Jordan",Jordan,Malek,,567,"Malek,Jordan","MALEK,JORDAN",Redlands,RED,1166-4133,1,0,95,95,0,0,DL,0,,,0,0,0,0,.0,,,,,,,,,,,,,,,,,,,,,,,,,,,,,,,,,,,,,,,,,,,,,,,,,,,,,,,,,,,,,,,,,,,,,,,,,,,,,,,,,,,,,,,,,,,,,,,,,,,,,,,,,,,,,,,,,,,,,,,,
2026-27,football,Southern California Intercollegiate Athletic Conference (SCIAC),sciac,Redlands,Andre Williams,Andre,Williams,,567,Andre Williams,"WILLIAMS,ANDRE",Redlands,RED,1166-4170,2,0,2S,2S,0,0,0,0,,,,,,,,,,,,0,1,2,3,3,.0,.0,.0,0,0,0,0,0,0,0,0,0,0,0,0,0,0,0,0,,,,,,,,,,,,,,,,,,,,,,,,,,,,,,,,,,,,,,,,,,,,,,,,,,,,,,,,,,,,,,,,,,,,,,,,,,,,,,,,,,,,,,,,,,,,
2026-27,football,Southern California Intercollegiate Athletic Conference (SCIAC),sciac,Redlands,Dominic Hernandez,Dominic,Hernandez,,567,Dominic Hernandez,"HERNANDEZ,DOMINIC",Redlands,RED,1166-4121,1,1,52,52,0,0,DT,0,,,,,,,,,,,,,,,,,,,,,,,,,,,,,,,,,,,,,,,,,,,,,,,,,,,,,,,,,,,,,,,,,,,,,,,,,,,,,,,,,,,,,,,,,,,,,,,,,,,,,,,,,,,,,,,,,,,,,,,,,,,,,,,
2026-27,football,Southern California Intercollegiate Athletic Conference (SCIAC),sciac,Redlands,Abraham Gonzalez,Abraham,Gonzalez,,567,Abraham Gonzalez,"GONZALEZ,ABRAHAM",Redlands,RED,1166-4115,1,1,79,79,0,OT,0,0,,,,,,,,,,,,,,,,,,,,,,,,,,,,,,,,,,,,,,,,,,,,,,,,,,,,,,,,,,,,,,,,,,,,,,,,,,,,,,,,,,,,,,,,,,,,,,,,,,,,,,,,,,,,,,,,,,,,,,,,,,,,,,,
2026-27,football,Southern California Intercollegiate Athletic Conference (SCIAC),sciac,Redlands,"Williams,Da'lon",Da'lon,Williams,,567,"Williams,Da'lon","WILLIAMS,DA'LON",Redlands,RED,0,1,0,12,1Z,0,0,DB,0,,,,,,,,,,,,0,0,1,1,1,.0,.0,.0,0,0,0,0,0,0,0,0,0,0,0,0,0,0,0,0,,,,,,,,,,,,,,,,,,,,,,,,,,,,,,,,,,,,,,,,,,,,,,,,,,,,,,,,,,,,,,,,,,,,,,,,,,,,,,,,,,,,,,,,,,,,
2026-27,football,Southern California Intercollegiate Athletic Conference (SCIAC),sciac,Redlands,"Crawford,Ozyas",Ozyas,Crawford,,567,"Crawford,Ozyas","CRAWFORD,OZYAS",Redlands,RED,0,1,0,21,21,0,WR,0,0,,,,,,,,,,,,0,0,1,1,1,.0,.0,.0,0,0,0,0,0,0,0,0,0,0,0,0,0,0,0,0,,,,,,,,,,,,,,,,,,,,,,,,,,,,,,,,,,,,,,,,,,,,,,,,,,,,,,,,,,,,,,,,,,,,,,,,,,,,,,,,,,,,,,,,,,,,
2026-27,football,Southern California Intercollegiate Athletic Conference (SCIAC),sciac,Redlands,"Jessee,Gabriel",Gabriel,Jessee,,567,"Jessee,Gabriel","JESSEE,GABRIEL",Redlands,RED,0,1,0,30,3Q,0,0,DB,0,,,,,,,,,,,,0,0,1,1,1,.0,.0,.0,0,0,0,0,0,0,0,0,0,0,0,0,0,0,0,0,,,,,,,,,,,,,,,,,,,,,,,,,,,,,,,,,,,,,,,,,,,,,,,,,,,,,,,,,,,,,,,,,,,,,,,,,,,,,,,,,,,,,,,,,,,,
2026-27,football,Southern California Intercollegiate Athletic Conference (SCIAC),sciac,Redlands,"McQueen,Robert",Robert,McQueen,,567,"McQueen,Robert","MCQUEEN,ROBERT",Redlands,RED,0,1,0,30,30,0,RB,0,0,,,,,,,,,,,,0,0,1,1,1,.0,.0,.0,0,0,0,0,0,0,0,0,0,0,0,0,0,0,0,0,,,,,,,,,,,,,,,,,,,,,,,,,,,,,,,,,,,,,,,,,,,,,,,,,,,,,,,,,,,,,,,,,,,,,,,,,,,,,,,,,,,,,,,,,,,,
2026-27,football,Southern California Intercollegiate Athletic Conference (SCIAC),sciac,Redlands,"Patrlja,Xavier",Xavier,Patrlja,,567,"Patrlja,Xavier","PATRLJA,XAVIER",Redlands,RED,0,1,0,44,4H,0,0,DB,0,,,2,14,0,12,7.0,,,,,,,,,,,,,,,,,,,,,,,,,,,,,,,,,,,,,,,,,,,,,,,,,,,,,,,,,,,,,,,,,,,,,,,,,,,,,,,,,,,,,,,,,,,,,,,,,,,,,,,,,,,,,,,,,,,,,,,,
2026-27,football,Southern California Intercollegiate Athletic Conference (SCIAC),sciac,Redlands,"Garcia,Victor",Victor,Garcia,,567,"Garcia,Victor","GARCIA,VICTOR",Redlands,RED,0,1,0,93,93,0,TE,0,0,,,,,,,,,,,,0,1,0,1,1,1.0,.0,.0,1,0,1,0,0,0,0,0,0,0,0,0,0,0,0,0,,,,,,,,,,,,,,,,,,,,,,,,,,,,,,,,,,,,,,,,,,,,,,,,,,,,,,,,,,,,,,,,,,,,,,,,,,,,,,,,,,,,,,,,,,,,
