season,sport,conference,conference_code,team,player_name,first_name,last_name,position,team_code,name,checkname,team_name,team_id,sdrm_id,games_played,games_started,uniform,code,year,offensive_position,defensive_position,active,rush_stats,pass_stats,receiving_stats,punt_stats,kickoff_stats,fieldgoal_stats,pat_stats,defense_stats_interception_return_yards,defense_stats_unassisted_tackles,defense_stats_assisted_tackles,defense_stats_tackles,defense_stats_total_tackles,defense_stats_tackles_for_loss,defense_stats_tackles_for_loss_per_game,defense_stats_tackles_per_game,defense_stats_unassisted_tackles_for_loss,defense_stats_assisted_tackles_for_loss,defense_stats_tackle_yards_for_loss,defense_stats_sacks,defense_stats_unassisted_sacks,defense_stats_assisted_sacks,defense_stats_sack_yards_for_loss,defense_stats_pass_breakups,defense_stats_fumbles_forced,defense_stats_quarterback_hurries,defense_stats_safeties_scored,defense_stats_blocked_kicks,defense_stats_fumbles_recovered,defense_stats_fumble_return_yards,defense_stats_interceptions,defense_stats_passes_defended,kickreturn_stats,puntreturn_stats,interception_return_stats,fumblereturn_stats,fumble_stats,scoring_stats,interception_return_stats_number,interception_return_stats_yards,interception_return_stats_touchdowns,interception_return_stats_longest,interception_return_stats_avg_per_return,rush_stats_attempts,rush_stats_net_yards,rush_stats_yards_gained,rush_stats_yards_lost,rush_stats_touchdowns,rush_stats_longest_rush,rush_stats_avg_per_play,rush_stats_avg_per_game,receiving_stats_number,receiving_stats_yards,receiving_stats_touchdowns,receiving_stats_longest_reception,receiving_stats_avg_per_reception,defense_stats,scoring_stats_pat_kicks,scoring_stats_touchdowns,scoring_stats_fieldgoals,scoring_stats_safeties,scoring_stats_pat_rushes,scoring_stats_pat_receptions,scoring_stats_pat_kick_returns,scoring_stats_pat_fumble_returns,scoring_stats_rouges,scoring_stats_points,scoring_stats_all_points,scoring_stats_points_per_game,pass_stats_yards_lost_by_sacks,pass_stats_sacked,pass_stats_longest_pass,pass_stats_touchdowns,pass_stats_yards,pass_stats_interceptions,pass_stats_attempts,pass_stats_completions,pass_stats_efficiency,pass_stats_avg_per_pass,pass_stats_avg_per_catch,pass_stats_avg_per_game,kickreturn_stats_number,kickreturn_stats_yards,kickreturn_stats_touchdowns,kickreturn_stats_longest_kickoff_return,kickreturn_stats_avg_per_return,puntreturn_stats_number,puntreturn_stats_yards,puntreturn_stats_touchdowns,puntreturn_stats_longest_punt_return,puntreturn_stats_avg_per_return,fumble_stats_number,fumble_stats_number_lost,kickoff_stats_number,kickoff_stats_yards,kickoff_stats_out_of_bounds,kickoff_stats_touchbacks,kickoff_stats_avg_per_kickoff,fieldgoal_stats_made,fieldgoal_stats_attempts,fieldgoal_stats_longest_fieldgoal,fieldgoal_stats_blocked,fieldgoal_stats_percentage,pat_stats_kick_attempts,pat_stats_kicks_made,pat_stats_rush_attempts,pat_stats_rushes_made,pat_stats_pass_attempts,pat_stats_passes_made,pat_stats_reception_attempts,pat_stats_receptions_made,pat_stats_defensive_return_attempts,pat_stats_defensive_returns_made,pat_stats_defensive_blocked_kick_return_attempts,pat_stats_devensive_blocked_kick_returns_made,fumblereturn_stats_number,fumblereturn_stats_yards,fumblereturn_stats_touchdowns,fumblereturn_stats_longest_interception_return,punt_stats_number,punt_stats_yards,punt_stats_longest_punt,punt_stats_blocked,punt_stats_touchbacks,punt_stats_fair_catches,punt_stats_fifty_plus_yards,punt_stats_inside_twenty,punt_stats_avg_per_punt
2026-27,football,USA South Athletic Conference,usa_south_athletic_confe,Brevard,"Bowden Jr.,Curtis",Curtis,Bowden Jr.,,30094,"Bowden Jr.,Curtis","BOWDEN JR.,CURTIS",Brevard,BRE,614-1924,3,2,0,0D,0,0,LB,0,,,,,,,,0,1,3,4,4,1.5,.0,.0,1,1,6,0,0,0,0,0,0,2,0,0,0,0,0,0,,,,,,,,,,,,,,,,,,,,,,,,,,,,,,,,,,,,,,,,,,,,,,,,,,,,,,,,,,,,,,,,,,,,,,,,,,,,,,,,,,,,,,,,,,,,,,,,
2026-27,football,USA South Athletic Conference,usa_south_athletic_confe,Brevard,"Byrd,Jaylen",Jaylen,Byrd,,30094,"Byrd,Jaylen","BYRD,JAYLEN",Brevard,BRE,614-2474,3,3,1,1D,0,0,CB,0,,,,,,,,0,2,1,3,3,1.0,.0,.0,1,0,11,1,1,0,11,3,0,0,0,0,0,0,1,4,,,,,,,1,0,0,0,.0,,,,,,,,,,,,,,,,,,,,,,,,,,,,,,,,,,,,,,,,,,,,,,,,,,,,,,,,,,,,,,,,,,,,,,,,,,,,,,,,,,,,,
2026-27,football,USA South Athletic Conference,usa_south_athletic_confe,Brevard,"Pannell,Michael",Michael,Pannell,,30094,"Pannell,Michael","PANNELL,MICHAEL",Brevard,BRE,614-2489,3,3,1,1,0,WR,0,0,,,,,,,,,,,,,,,,,,,,,,,,,,,,,,,,,,,,,,,,,,,0,0,0,0,0,0,.0,.0,6,125,0,65,20.8,,,,,,,,,,,,,,,,,,,,,,,,,,,,,,,,,,,,,,,,,,,,,,,,,,,,,,,,,,,,,,,,,,,,,,,,
2026-27,football,USA South Athletic Conference,usa_south_athletic_confe,Brevard,"Scruggs,Sylas",Sylas,Scruggs,,30094,"Scruggs,Sylas","SCRUGGS,SYLAS",Brevard,BRE,614-2203,3,1,2,2D,0,0,DB,0,,,,,,,,0,5,3,8,8,.5,.0,.0,0,1,1,0,0,0,0,1,0,0,0,0,0,0,1,2,,,,,,,1,0,0,0,.0,,,,,,,,,,,,,,,,,,,,,,,,,,,,,,,,,,,,,,,,,,,,,,,,,,,,,,,,,,,,,,,,,,,,,,,,,,,,,,,,,,,,,
2026-27,football,USA South Athletic Conference,usa_south_athletic_confe,Brevard,"Grimes,Samuel",Samuel,Grimes,,30094,"Grimes,Samuel","GRIMES,SAMUEL",Brevard,BRE,614-2006,3,0,3,3D,0,0,LB,0,,,,,,,,0,0,1,1,1,.0,.0,.0,0,0,0,0,0,0,0,0,0,0,0,0,0,0,0,0,,,,,,,,,,,,,,,,,,,,,,,,,,,,,,,,,,,,,,,,,,,,,,,,,,,,,,,,,,,,,,,,,,,,,,,,,,,,,,,,,,,,,,,,,,,,,,,,
2026-27,football,USA South Athletic Conference,usa_south_athletic_confe,Brevard,"Ramseur,Messiah",Messiah,Ramseur,,30094,"Ramseur,Messiah","RAMSEUR,MESSIAH",Brevard,BRE,614-2224,3,2,3,3,0,WR,0,0,,,,,,,,0,0,0,0,0,.0,.0,.0,0,0,0,0,0,0,0,0,0,0,0,0,0,0,0,0,,,,,,,,,,,,2,29,29,0,1,18,14.5,9.7,3,47,0,32,15.7,,0,1,0,0,0,0,0,0,0,6,6,2,,,,,,,,,,,,,,,,,,,,,,,,,,,,,,,,,,,,,,,,,,,,,,,,,,,,,,,,,,,
2026-27,football,USA South Athletic Conference,usa_south_athletic_confe,Brevard,"Laycock,James",James,Laycock,,30094,"Laycock,James","LAYCOCK,JAMES",Brevard,BRE,614-2037,3,2,4,4D,0,0,DE,0,,,,,,,,0,6,4,10,10,3.5,.0,.0,3,1,20,2,2,0,17,0,0,2,0,0,0,0,0,0,,,,,,,,,,,,,,,,,,,,,,,,,,,,,,,,,,,,,,,,,,,,,,,,,,,,,,,,,,,,,,,,,,,,,,,,,,,,,,,,,,,,,,,,,,,,,,,,
2026-27,football,USA South Athletic Conference,usa_south_athletic_confe,Brevard,"Conley,Christian",Christian,Conley,,30094,"Conley,Christian","CONLEY,CHRISTIAN",Brevard,BRE,614-2532,3,3,4,4,0,QB,0,0,,,,,,,,0,0,0,0,0,.0,.0,.0,0,0,0,0,0,0,0,0,0,0,0,0,0,0,0,0,,,,,,,,,,,,13,14,30,16,2,9,1.1,4.7,,,,,,,0,2,0,0,0,0,0,0,0,12,12,4,11,2,43,5,307,1,39,19,152.0,7.87,16.16,102.3,,,,,,,,,,,,,,,,,,,,,,,,,,,,,,,,,,,,,,,,,,,,,,,
2026-27,football,USA South Athletic Conference,usa_south_athletic_confe,Brevard,"Cuellar,Joseph",Joseph,Cuellar,,30094,"Cuellar,Joseph","CUELLAR,JOSEPH",Brevard,BRE,614-1554,2,2,5,5,0,TE,0,0,,,,,,,,,,,,,,,,,,,,,,,,,,,,,,,,,,,,,,,,,,,,,,,,,,,,,,,,,,,,,,,,,,,,,,,,,,,,,,,,,,,,,,,,,,,,,,,,,,,,,,,,,,,,,,,,,,,,,,,,,,,,,,,
2026-27,football,USA South Athletic Conference,usa_south_athletic_confe,Brevard,"Ray,Eli",Eli,Ray,,30094,"Ray,Eli","RAY,ELI",Brevard,BRE,614-1956,3,0,5,5D,0,0,DB,0,,,,,,,,0,1,3,4,4,.0,.0,.0,0,0,0,0,0,0,0,2,0,0,0,0,0,0,0,2,,,,,,,,,,,,,,,,,,,,,,,,,,,,,,,,,,,,,,,,,,,,,,,,,,,,,,,,,,,,,,,,,,,,,,,,,,,,,,,,,,,,,,,,,,,,,,,,
2026-27,football,USA South Athletic Conference,usa_south_athletic_confe,Brevard,"Bolton,Alex",Alex,Bolton,,30094,"Bolton,Alex","BOLTON,ALEX",Brevard,BRE,614-1537,3,0,7,7,0,TE,0,0,,,,,,,,,,,,,,,,,,,,,,,,,,,,,,,,,,,,,,,,,,,,,,,,,,,0,0,0,0,.0,,,,,,,,,,,,,,,,,,,,,,,,,,,,,,,,,,,,,,,,,,,,,,,,,,,,,,,,,,,,,,,,,,,,,,,,
2026-27,football,USA South Athletic Conference,usa_south_athletic_confe,Brevard,"Melton,Caleb",Caleb,Melton,,30094,"Melton,Caleb","MELTON,CALEB",Brevard,BRE,614-2190,3,3,8,8D,0,0,DT,0,,,,,,,,0,4,2,6,6,1.5,.0,.0,1,1,2,0,0,0,0,0,0,2,0,0,0,0,0,0,,,,,,,,,,,,,,,,,,,,,,,,,,,,,,,,,,,,,,,,,,,,,,,,,,,,,,,,,,,,,,,,,,,,,,,,,,,,,,,,,,,,,,,,,,,,,,,,
2026-27,football,USA South Athletic Conference,usa_south_athletic_confe,Brevard,"Taylor,Bryson",Bryson,Taylor,,30094,"Taylor,Bryson","TAYLOR,BRYSON",Brevard,BRE,614-2628,3,1,8,8,0,TE,0,0,,,,,,,,0,0,0,0,0,.0,.0,.0,0,0,0,0,0,0,0,0,0,0,0,0,0,0,0,0,,,,,,,,,,,,,,,,,,,,1,3,1,3,3.0,,0,1,0,0,0,0,0,0,0,6,6,2,,,,,,,,,,,,,,,,,,,,,,,,,,,,,,,,,,,,,,,,,,,,,,,,,,,,,,,,,,,
2026-27,football,USA South Athletic Conference,usa_south_athletic_confe,Brevard,"Reid,Donovan",Donovan,Reid,,30094,"Reid,Donovan","REID,DONOVAN",Brevard,BRE,614-2226,3,3,9,9D,0,0,DT,0,,,,,,,,0,4,4,8,8,1.0,.0,.0,0,2,5,0.5,0,1,4,0,0,0,0,0,0,0,0,0,,,,,,,,,,,,,,,,,,,,,,,,,,,,,,,,,,,,,,,,,,,,,,,,,,,,,,,,,,,,,,,,,,,,,,,,,,,,,,,,,,,,,,,,,,,,,,,,
2026-27,football,USA South Athletic Conference,usa_south_athletic_confe,Brevard,"Stevenson,DJ",DJ,Stevenson,,30094,"Stevenson,DJ","STEVENSON,DJ",Brevard,BRE,614-2201,3,2,10,1A,0,0,S,0,,,,,,,,113,6,2,8,8,.0,.0,.0,0,0,0,0,0,0,0,0,0,0,0,0,0,0,3,3,,,,,,,3,113,1,88,37.7,,,,,,,,,,,,,,,0,1,0,0,0,0,0,0,0,6,6,2,,,,,,,,,,,,,,,,,,,,,,,,,,,,,,,,,,,,,,,,,,,,,,,,,,,,,,,,,,,
2026-27,football,USA South Athletic Conference,usa_south_athletic_confe,Brevard,"Sigler,Cole",Cole,Sigler,,30094,"Sigler,Cole","SIGLER,COLE",Brevard,BRE,614-2191,2,0,11,11,0,QB,0,0,,,,,,,,,,,,,,,,,,,,,,,,,,,,,,,,,,,,,,,,,,,1,3,3,0,0,3,3.0,1.5,,,,,,,,,,,,,,,,,,,,,,,,,,,,,,,,,,,,,,,,,,,,,,,,,,,,,,,,,,,,,,,,,,,,,,,,,,,,,
2026-27,football,USA South Athletic Conference,usa_south_athletic_confe,Brevard,"Pegram,Gavin",Gavin,Pegram,,30094,"Pegram,Gavin","PEGRAM,GAVIN",Brevard,BRE,614-2577,3,0,11,1B,0,0,DB,0,,,,,,,,0,0,0,0,0,.0,.0,.0,0,0,0,0,0,0,0,0,0,0,0,0,0,0,0,0,,,,,,,,,,,,,,,,,,,,,,,,,,,,,,,,,,,,,,,,,,,,,,,,,,6,193,0,47,32.2,11,178,0,55,16.2,3,0,,,,,,,,,,,,,,,,,,,,,,,,,,,,,,,,,,,
2026-27,football,USA South Athletic Conference,usa_south_athletic_confe,Brevard,"Hadden III,Will",Will,Hadden III,,30094,"Hadden III,Will","HADDEN III,WILL",Brevard,BRE,614-2193,3,3,12,1C,0,0,LB,0,,,,,,,,0,8,13,21,21,.0,.0,.0,0,0,0,0,0,0,0,0,0,0,0,0,0,0,0,0,,,,,,,,,,,,,,,,,,,,,,,,,,,,,,,,,,,,,,,,,,,,,,,,,,,,,,,,,,,,,,,,,,,,,,,,,,,,,,,,,,,,,,,,,,,,,,,,
2026-27,football,USA South Athletic Conference,usa_south_athletic_confe,Brevard,"Fowler,Emarea",Emarea,Fowler,,30094,"Fowler,Emarea","FOWLER,EMAREA",Brevard,BRE,614-2192,3,1,12,12,0,WR,0,0,,,,,,,,0,1,0,1,1,.0,.0,.0,0,0,0,0,0,0,0,0,0,0,0,0,0,0,0,0,,,,,,,,,,,,,,,,,,,,1,3,0,3,3.0,,,,,,,,,,,,,,,,,,,,,,,,,,,,,,,,,,,,,,,,,,,,,,,,,,,,,,,,,,,,,,,,,,,,,,,,
2026-27,football,USA South Athletic Conference,usa_south_athletic_confe,Brevard,"Barnett,Jordan",Jordan,Barnett,,30094,"Barnett,Jordan","BARNETT,JORDAN",Brevard,BRE,614-2194,3,0,13,13,0,WR,0,0,,,,,,,,0,0,1,1,1,.0,.0,.0,0,0,0,0,0,0,0,0,0,0,0,0,0,0,0,0,,,,,,,,,,,,,,,,,,,,2,11,1,7,5.5,,0,1,0,0,0,0,0,0,0,6,6,2,,,,,,,,,,,,,,,,,,,,,,,,,,,,,,,,,,,,,,,,,,,,,,,,,,,,,,,,,,,
2026-27,football,USA South Athletic Conference,usa_south_athletic_confe,Brevard,"Raulerson,Carter",Carter,Raulerson,,30094,"Raulerson,Carter","RAULERSON,CARTER",Brevard,BRE,614-1598,3,1,14,1E,0,0,DB,0,,,,,,,,0,4,2,6,6,.0,.0,.0,0,0,0,0,0,0,0,1,0,0,0,0,0,0,0,1,,,,,,,,,,,,,,,,,,,,,,,,,,,,,,,,,,,,,,,,,,,,,,,,,,,,,,,,,,,,,,,,,,,,,,,,,,,,,,,,,,,,,,,,,,,,,,,,
2026-27,football,USA South Athletic Conference,usa_south_athletic_confe,Brevard,"Pringle IV,Herbert",Herbert,Pringle IV,,30094,"Pringle IV,Herbert","PRINGLE IV,HERBERT",Brevard,BRE,614-2285,3,0,14,14,0,WR,0,0,,,,,,,,0,0,0,0,0,.0,.0,.0,0,0,0,0,0,0,0,0,0,0,0,0,0,0,0,0,,,,,,,,,,,,,,,,,,,,3,21,1,7,7.0,,0,1,0,0,0,0,0,0,0,6,6,2,,,,,,,,,,,,,1,14,0,14,14.0,,,,,,,,,,,,,,,,,,,,,,,,,,,,,,,,,,,,,,,,,,
2026-27,football,USA South Athletic Conference,usa_south_athletic_confe,Brevard,"Phelps,Andrew",Andrew,Phelps,,30094,"Phelps,Andrew","PHELPS,ANDREW",Brevard,BRE,614-2494,3,2,16,16,0,0,S,0,,,,,,,,0,3,3,6,6,.0,.0,.0,0,0,0,0,0,0,0,4,0,0,0,0,0,0,0,4,,,,,,,,,,,,,,,,,,,,,,,,,,,,,,,,,,,,,,,,,,,,,,,,,,,,,,,,,,,,,,,,,,,,,,,,,,,,,,,,,,,,,,,,,,,,,,,,
2026-27,football,USA South Athletic Conference,usa_south_athletic_confe,Brevard,"Allen,DeShawn",DeShawn,Allen,,30094,"Allen,DeShawn","ALLEN,DESHAWN",Brevard,BRE,614-2196,2,0,18,1H,0,0,DB,0,,,,,,,,0,0,0,0,0,.0,.0,.0,0,0,0,0,0,0,0,1,0,0,0,0,0,0,0,1,,,,,,,,,,,,,,,,,,,,,,,,,,,,,,,,,,,,,,,,,,,,,,,,,,,,,,,,,,,,,,,,,,,,,,,,,,,,,,,,,,,,,,,,,,,,,,,,
2026-27,football,USA South Athletic Conference,usa_south_athletic_confe,Brevard,"Simpson-Santiago,Azian-Antonio",Azian-Antonio,Simpson-Santiago,,30094,"Simpson-Santiago,Azian-Antonio","SIMPSON-SANTIAGO,AZIAN-ANTONIO",Brevard,BRE,614-2499,3,3,19,19,0,0,LB,0,,,,,,,,0,6,7,13,13,1.0,.0,.0,1,0,2,0,0,0,0,0,0,0,0,0,0,0,0,0,,,,,,,,,,,,,,,,,,,,,,,,,,,,,,,,,,,,,,,,,,,,,,,,,,,,,,,,,,,,,,,,,,,,,,,,,,,,,,,,,,,,,,,,,,,,,,,,
2026-27,football,USA South Athletic Conference,usa_south_athletic_confe,Brevard,"Fauntleroy-McDaniel,Zion",Zion,Fauntleroy-McDaniel,,30094,"Fauntleroy-McDaniel,Zion","FAUNTLEROY-MCDANIEL,ZION",Brevard,BRE,614-1974,3,3,20,20,0,RB,0,0,,,,,,,,0,0,1,1,1,.0,.0,.0,0,0,0,0,0,0,0,0,0,0,0,0,0,0,0,0,,,,,,,,,,,,28,268,275,7,3,53,9.6,89.3,2,75,0,49,37.5,,0,3,0,0,0,0,0,0,0,18,18,6,,,,,,,,,,,,,,,,,,,,,,,1,0,,,,,,,,,,,,,,,,,,,,,,,,,,,,,,,,,,,
2026-27,football,USA South Athletic Conference,usa_south_athletic_confe,Brevard,"Bonner,Corey",Corey,Bonner,,30094,"Bonner,Corey","BONNER,COREY",Brevard,BRE,614-2505,0,0,20,2A,0,0,DB,0,,,,,,,,0,0,0,0,0,.0,.0,.0,0,0,0,0,0,0,0,0,0,0,0,0,0,0,0,0,,,,,,,,,,,,,,,,,,,,,,,,,,,,,,,,,,,,,,,,,,,,,,,,,,,,,,,,,,,,,,,,,,,,,,,,,,,,,,,,,,,,,,,,,,,,,,,,
2026-27,football,USA South Athletic Conference,usa_south_athletic_confe,Brevard,"Burton,Dre",Dre,Burton,,30094,"Burton,Dre","BURTON,DRE",Brevard,BRE,614-1961,3,3,22,2B,0,0,CB,0,,,,,,,,0,2,0,2,2,.0,.0,.0,0,0,0,0,0,0,0,1,0,0,0,0,0,0,0,1,,,,,,,,,,,,,,,,,,,,,,,,,,,,,,,,,,,,,,,,,,,,,,,,,,,,,,,,,,,,,,,,,,,,,,,,,,,,,,,,,,,,,,,,,,,,,,,,
2026-27,football,USA South Athletic Conference,usa_south_athletic_confe,Brevard,"Faison,King",King,Faison,,30094,"Faison,King","FAISON,KING",Brevard,BRE,614-2482,3,0,22,22,0,RB,0,0,,,,,,,,,,,,,,,,,,,,,,,,,,,,,,,,,,,,,,,,,,,29,128,136,8,0,12,4.4,42.7,0,0,0,0,.0,,,,,,,,,,,,,,,,,,,,,,,,,,,,,,,,,,,,,,,,,,,,,,,,,,,,,,,,,,,,,,,,,,,,,,,,
2026-27,football,USA South Athletic Conference,usa_south_athletic_confe,Brevard,"Davis,Caleb",Caleb,Davis,,30094,"Davis,Caleb","DAVIS,CALEB",Brevard,BRE,614-2480,3,1,23,2C,0,0,DB,0,,,,,,,,0,2,1,3,3,.0,.0,.0,0,0,0,0,0,0,0,0,0,0,0,0,0,0,0,0,,,,,,,,,,,,,,,,,,,,,,,,,,,,,,,,,,,,,,,,,,,,,,,,,,,,,,,,,,,,,,,,,,,,,,,,,,,,,,,,,,,,,,,,,,,,,,,,
2026-27,football,USA South Athletic Conference,usa_south_athletic_confe,Brevard,"Reed Jr.,Marvin",Marvin,Reed Jr.,,30094,"Reed Jr.,Marvin","REED JR.,MARVIN",Brevard,BRE,614-2582,3,0,24,24,0,RB,0,0,,,,,,,,0,1,0,1,1,.0,.0,.0,0,0,0,0,0,0,0,0,0,0,0,0,0,0,0,0,,,,,,,,,,,,37,197,207,10,2,25,5.3,65.7,1,16,0,16,16.0,,0,2,0,0,0,0,0,0,0,12,12,4,,,,,,,,,,,,,,,,,,,,,,,,,,,,,,,,,,,,,,,,,,,,,,,,,,,,,,,,,,,
2026-27,football,USA South Athletic Conference,usa_south_athletic_confe,Brevard,"Cleary,Tucker",Tucker,Cleary,,30094,"Cleary,Tucker","CLEARY,TUCKER",Brevard,BRE,614-1919,3,2,28,28,0,FB,0,0,,,,,,,,,,,,,,,,,,,,,,,,,,,,,,,,,,,,,,,,,,,,,,,,,,,,,,,,,,,,,,,,,,,,,,,,,,,,,,,,,,,,,,,,,,,,,,,,,,,,,,,,,,,,,,,,,,,,,,,,,,,,,,,
2026-27,football,USA South Athletic Conference,usa_south_athletic_confe,Brevard,"Ross,Hayden",Hayden,Ross,,30094,"Ross,Hayden","ROSS,HAYDEN",Brevard,BRE,614-2283,3,0,31,31,0,0,LB,0,,,,,,,,0,0,1,1,1,.0,.0,.0,0,0,0,0,0,0,0,1,0,0,0,0,0,0,0,1,,,,,,,,,,,,,,,,,,,,,,,,,,,,,,,,,,,,,,,,,,,,,,,,,,,,,,,,,,,,,,,,,,,,,,,,,,,,,,,,,,,,,,,,,,,,,,,,
2026-27,football,USA South Athletic Conference,usa_south_athletic_confe,Brevard,"Hadden,Deshon",Deshon,Hadden,,30094,"Hadden,Deshon","HADDEN,DESHON",Brevard,BRE,614-1983,3,3,32,32,0,0,DE,0,,,,,,,,0,8,6,14,14,4.0,.0,.0,3,2,13,1.5,1,1,8,0,1,2,0,1,0,0,0,0,,,,,,,,,,,,,,,,,,,,,,,,,,,,,,,,,,,,,,,,,,,,,,,,,,,,,,,,,,,,,,,,,,,,,,,,,,,,,,,,,,,,,,,,,,,,,,,,
2026-27,football,USA South Athletic Conference,usa_south_athletic_confe,Brevard,"Murray,Seth",Seth,Murray,,30094,"Murray,Seth","MURRAY,SETH",Brevard,BRE,614-1980,3,0,33,3A,0,0,LB,0,,,,,,,,0,2,1,3,3,.0,.0,.0,0,0,0,0,0,0,0,1,0,0,0,0,0,0,0,1,,,,,,,,,,,,,,,,,,,,,,,,,,,,,,,,,,,,,,,,,,,,,,,,,,,,,,,,,,,,,,,,,,,,,,,,,,,,,,,,,,,,,,,,,,,,,,,,
2026-27,football,USA South Athletic Conference,usa_south_athletic_confe,Brevard,"Griffin,Vincent",Vincent,Griffin,,30094,"Griffin,Vincent","GRIFFIN,VINCENT",Brevard,BRE,614-2205,0,0,33,33,0,RB,0,0,,,,,,,,,,,,,,,,,,,,,,,,,,,,,,,,,,,,,,,,,,,,,,,,,,,,,,,,,,,,,,,,,,,,,,,,,,,,,,,,,,,,,,,,,,,,,,,,,,,,,,,,,,,,,,,,,,,,,,,,,,,,,,,
2026-27,football,USA South Athletic Conference,usa_south_athletic_confe,Brevard,"Crum,Spencer",Spencer,Crum,,30094,"Crum,Spencer","CRUM,SPENCER",Brevard,BRE,614-2479,3,0,34,3B,0,0,0,0,,,,,,,,0,0,0,0,0,.0,.0,.0,0,0,0,0,0,0,0,0,0,0,0,0,0,0,0,0,,,,,,,,,,,,,,,,,,,,,,,,,,11,0,3,0,0,0,0,0,0,20,20,6.67,,,,,,,,,,,,,,,,,,,,,,,,,5,305,0,0,61.0,3,3,35,0,100.0,12,11,0,0,0,0,0,0,0,0,0,0,,,,,,,,,,,,,
2026-27,football,USA South Athletic Conference,usa_south_athletic_confe,Brevard,"Morrison,Cannon",Cannon,Morrison,,30094,"Morrison,Cannon","MORRISON,CANNON",Brevard,BRE,614-2252,3,0,35,3C,0,0,DB,0,,,,,,,,0,0,2,2,2,.0,.0,.0,0,0,0,0,0,0,0,0,0,0,0,0,0,0,0,0,,,,,,,,,,,,,,,,,,,,,,,,,,,,,,,,,,,,,,,,,,,,,,,,,,,,,,,,,,,,,,,,,,,,,,,,,,,,,,,,,,,,,,,,,,,,,,,,
2026-27,football,USA South Athletic Conference,usa_south_athletic_confe,Brevard,"Araneda,Alex",Alex,Araneda,,30094,"Araneda,Alex","ARANEDA,ALEX",Brevard,BRE,614-2471,3,0,37,37,0,0,0,0,,,,,,,,0,0,0,0,0,.0,.0,.0,0,0,0,0,0,0,0,0,0,0,0,0,0,0,0,0,,,,,,,,,,,,1,6,6,0,0,6,6.0,2.0,,,,,,,3,0,2,0,0,0,0,0,0,9,9,3,,,,,,,,,,,,,,,,,,,,,,,,,20,1305,0,17,65.3,2,4,35,1,50.0,3,3,0,0,0,0,0,0,0,0,0,0,,,,,,,,,,,,,
2026-27,football,USA South Athletic Conference,usa_south_athletic_confe,Brevard,"Powe,Mason",Mason,Powe,,30094,"Powe,Mason","POWE,MASON",Brevard,BRE,614-2319,2,0,38,38,0,0,LB,0,,,,,,,,,,,,,,,,,,,,,,,,,,,,,,,,,,,,,,,,,,,,,,,,,,,,,,,,,,,,,,,,,,,,,,,,,,,,,,,,,,,,,,,,,,,,,,,,,,,,,,,,,,,,,,,,,,,,,,,,,,,,,,,
2026-27,football,USA South Athletic Conference,usa_south_athletic_confe,Brevard,"Love Jr.,Paul",Paul,Love Jr.,,30094,"Love Jr.,Paul","LOVE JR.,PAUL",Brevard,BRE,614-2329,3,0,41,41,0,0,DB,0,,,,,,,,0,1,0,1,1,.0,.0,.0,0,0,0,0,0,0,0,0,0,0,0,0,1,0,0,0,,,,,,,,,,,,,,,,,,,,,,,,,,,,,,,,,,,,,,,,,,,,,,,,,,,,,,,,,,,,0,0,,,,,,,,,,,,,,,,,,,,,,,,,,,,,,,,,,,
2026-27,football,USA South Athletic Conference,usa_south_athletic_confe,Brevard,"Brown,Isaiah",Isaiah,Brown,,30094,"Brown,Isaiah","BROWN,ISAIAH",Brevard,BRE,614-2225,3,0,45,45,0,0,DL,0,,,,,,,,0,2,2,4,4,.0,.0,.0,0,0,0,0,0,0,0,0,0,0,0,0,1,18,0,0,,,,,,,,,,,,,,,,,,,,,,,,,,,,,,,,,,,,,,,,,,,,,,,,,,,,,,,,,,,,0,0,,,,,,,,,,,,,,,,,,,,,,,1,18,0,18,,,,,,,,,
2026-27,football,USA South Athletic Conference,usa_south_athletic_confe,Brevard,"Sweeny,Declan",Declan,Sweeny,,30094,"Sweeny,Declan","SWEENY,DECLAN",Brevard,BRE,614-2599,3,0,46,46,0,0,0,0,,,,,,,,,,,,,,,,,,,,,,,,,,,,,,,,,,,,,,,,,,,1,15,15,0,0,15,15.0,5.0,,,,,,,,,,,,,,,,,,,,,,,,,,,,,,,,,,,,,,,,,,,,,,,,,,,,,0,0,0,0,1,0,1,0,0,0,0,0,,,,,5,234,60,0,0,1,2,2,46.8
2026-27,football,USA South Athletic Conference,usa_south_athletic_confe,Brevard,"Kelly,Glen",Glen,Kelly,,30094,"Kelly,Glen","KELLY,GLEN",Brevard,BRE,614-2557,1,0,47,47,0,0,0,0,,,,,,,,,,,,,,,,,,,,,,,,,,,,,,,,,,,,,,,,,,,,,,,,,,,,,,,,,,,,,,,,,,,,,,,,,,,,,,,,,,,,,,,,,,,,,,,,,,,,,,,,,,,,,,,,,,,,,,,2,75,38,0,0,2,0,0,37.5
2026-27,football,USA South Athletic Conference,usa_south_athletic_confe,Brevard,"Shoemake,Bryce",Bryce,Shoemake,,30094,"Shoemake,Bryce","SHOEMAKE,BRYCE",Brevard,BRE,614-2215,3,3,51,51,0,OC,0,0,,,,,,,,,,,,,,,,,,,,,,,,,,,,,,,,,,,,,,,,,,,,,,,,,,,,,,,,,,,,,,,,,,,,,,,,,,,,,,,,,,,,,,,,,,,,,,,,,,,,,,,,,,,,,,,,,,,,,,,,,,,,,,,
2026-27,football,USA South Athletic Conference,usa_south_athletic_confe,Brevard,"Sholanke,Abdulmalik",Abdulmalik,Sholanke,,30094,"Sholanke,Abdulmalik","SHOLANKE,ABDULMALIK",Brevard,BRE,614-2211,3,1,52,52,0,0,DL,0,,,,,,,,0,6,7,13,13,4.0,.0,.0,3,2,10,1,1,0,7,0,1,0,0,0,0,0,0,0,,,,,,,,,,,,,,,,,,,,,,,,,,,,,,,,,,,,,,,,,,,,,,,,,,,,,,,,,,,,,,,,,,,,,,,,,,,,,,,,,,,,,,,,,,,,,,,,
2026-27,football,USA South Athletic Conference,usa_south_athletic_confe,Brevard,"Winters,Marque",Marque,Winters,,30094,"Winters,Marque","WINTERS,MARQUE",Brevard,BRE,614-2610,2,0,56,56,0,0,DL,0,,,,,,,,0,0,1,1,1,.0,.0,.0,0,0,0,0,0,0,0,0,0,0,0,0,0,0,0,0,,,,,,,,,,,,,,,,,,,,,,,,,,,,,,,,,,,,,,,,,,,,,,,,,,,,,,,,,,,,,,,,,,,,,,,,,,,,,,,,,,,,,,,,,,,,,,,,
2026-27,football,USA South Athletic Conference,usa_south_athletic_confe,Brevard,"White,Jason",Jason,White,,30094,"White,Jason","WHITE,JASON",Brevard,BRE,614-2216,3,3,64,64,0,OG,0,0,,,,,,,,,,,,,,,,,,,,,,,,,,,,,,,,,,,,,,,,,,,,,,,,,,,,,,,,,,,,,,,,,,,,,,,,,,,,,,,,,,,,,,,,,,,,,,,,,,,,,,,,,,,,,,,,,,,,,,,,,,,,,,,
2026-27,football,USA South Athletic Conference,usa_south_athletic_confe,Brevard,"Williams,Kristian",Kristian,Williams,,30094,"Williams,Kristian","WILLIAMS,KRISTIAN",Brevard,BRE,614-2503,3,0,66,66,0,OL,0,0,,,,,,,,,,,,,,,,,,,,,,,,,,,,,,,,,,,,,,,,,,,,,,,,,,,,,,,,,,,,,,,,,,,,,,,,,,,,,,,,,,,,,,,,,,,,,,,,,,,,,,,,,,,,,,,,,,,,,,,,,,,,,,,
2026-27,football,USA South Athletic Conference,usa_south_athletic_confe,Brevard,"Werts,Bernard",Bernard,Werts,,30094,"Werts,Bernard","WERTS,BERNARD",Brevard,BRE,614-1624,3,3,68,68,0,OG,0,0,,,,,,,,,,,,,,,,,,,,,,,,,,,,,,,,,,,,,,,,,,,,,,,,,,,,,,,,,,,,,,,,,,,,,,,,,,,,,,,,,,,,,,,,,,,,,,,,,,,,,,,,,,,,,,,,,,,,,,,,,,,,,,,
2026-27,football,USA South Athletic Conference,usa_south_athletic_confe,Brevard,"Hall,Garrett",Garrett,Hall,,30094,"Hall,Garrett","HALL,GARRETT",Brevard,BRE,614-1929,3,3,70,70,0,OT,0,0,,,,,,,,,,,,,,,,,,,,,,,,,,,,,,,,,,,,,,,,,,,,,,,,,,,,,,,,,,,,,,,,,,,,,,,,,,,,,,,,,,,,,,,,,,,,,,,,,,,,,,,,,,,,,,,,,,,,,,,,,,,,,,,
2026-27,football,USA South Athletic Conference,usa_south_athletic_confe,Brevard,"Parker,Brayden",Brayden,Parker,,30094,"Parker,Brayden","PARKER,BRAYDEN",Brevard,BRE,614-2490,3,0,73,73,0,0,0,0,,,,,,,,0,1,0,1,1,.0,.0,.0,0,0,0,0,0,0,0,0,0,0,0,0,0,0,0,0,,,,,,,,,,,,,,,,,,,,,,,,,,,,,,,,,,,,,,,,,,,,,,,,,,,,,,,,,,,,,,,,,,,,,,,,,,,,,,,,,,,,,,,,,,,,,,,,
2026-27,football,USA South Athletic Conference,usa_south_athletic_confe,Brevard,"Rucker,LaRoddrick",LaRoddrick,Rucker,,30094,"Rucker,LaRoddrick","RUCKER,LARODDRICK",Brevard,BRE,614-1423,3,3,78,78,0,OT,0,0,,,,,,,,,,,,,,,,,,,,,,,,,,,,,,,,,,,,,,,,,,,,,,,,,,,,,,,,,,,,,,,,,,,,,,,,,,,,,,,,,,,,,,,,,,,,,,,,,,,,,,,,,,,,,,,,,,,,,,,,,,,,,,,
2026-27,football,USA South Athletic Conference,usa_south_athletic_confe,Brevard,"Grant,Shy",Shy,Grant,,30094,"Grant,Shy","GRANT,SHY",Brevard,BRE,614-1950,3,0,80,80,0,WR,0,0,,,,,,,,0,0,0,0,0,.0,.0,.0,0,0,0,0,0,0,0,0,0,0,0,0,0,0,0,0,,,,,,,,,,,,,,,,,,,,3,70,1,30,23.3,,0,1,0,0,0,0,0,0,0,6,6,2,,,,,,,,,,,,,,,,,,,,,,,,,,,,,,,,,,,,,,,,,,,,,,,,,,,,,,,,,,,
2026-27,football,USA South Athletic Conference,usa_south_athletic_confe,Brevard,"Martin,Brelon",Brelon,Martin,,30094,"Martin,Brelon","MARTIN,BRELON",Brevard,BRE,614-2566,3,0,98,98,0,0,DL,0,,,,,,,,0,1,1,2,2,1.0,.0,.0,1,0,5,0,0,0,0,0,1,0,0,0,0,0,0,0,,,,,,,,,,,,,,,,,,,,,,,,,,,,,,,,,,,,,,,,,,,,,,,,,,,,,,,,,,,,,,,,,,,,,,,,,,,,,,,,,,,,,,,,,,,,,,,,
2026-27,football,USA South Athletic Conference,usa_south_athletic_confe,Brevard,"Roberson,Christian",Christian,Roberson,,30094,"Roberson,Christian","ROBERSON,CHRISTIAN",Brevard,BRE,614-1918,3,0,2,2,0,WR,0,0,,,,,,,,,,,,,,,,,,,,,,,,,,,,,,,,,,,,,,,,,,,,,,,,,,,1,13,0,13,13.0,,,,,,,,,,,,,,,,,,,,,,,,,,,,,,,,,,,,,,,,,,,,,,,,,,,,,,,,,,,,,,,,,,,,,,,,
2026-27,football,USA South Athletic Conference,usa_south_athletic_confe,Brevard,"Sellers,Tae",Tae,Sellers,,30094,"Sellers,Tae","SELLERS,TAE",Brevard,BRE,614-2498,3,0,6,6,0,WR,0,0,,,,,,,,0,0,0,0,0,.0,.0,.0,0,0,0,0,0,0,0,0,0,0,0,0,0,0,0,0,,,,,,,,,,,,1,1,1,0,1,1,1.0,.3,,,,,,,0,1,0,0,0,0,0,0,0,6,6,2,,,,,,,,,,,,,,,,,,,,,,,,,,,,,,,,,,,,,,,,,,,,,,,,,,,,,,,,,,,
2026-27,football,USA South Athletic Conference,usa_south_athletic_confe,Brevard,"Fulbright,Ramsey",Ramsey,Fulbright,,30094,"Fulbright,Ramsey","FULBRIGHT,RAMSEY",Brevard,BRE,614-2538,3,0,15,1G,0,0,LB,0,,,,,,,,0,0,2,2,2,.0,.0,.0,0,0,0,0,0,0,0,0,0,0,0,0,0,0,0,0,,,,,,,,,,,,,,,,,,,,,,,,,,,,,,,,,,,,,,,,,,,,,,,,,,,,,,,,,,,,,,,,,,,,,,,,,,,,,,,,,,,,,,,,,,,,,,,,
2026-27,football,USA South Athletic Conference,usa_south_athletic_confe,Brevard,"Williford,Favian",Favian,Williford,,30094,"Williford,Favian","WILLIFORD,FAVIAN",Brevard,BRE,614-2277,2,0,23,23,0,RB,0,0,,,,,,,,,,,,,,,,,,,,,,,,,,,,,,,,,,,,,,,,,,,11,73,73,0,0,13,6.6,36.5,,,,,,,,,,,,,,,,,,,,,,,,,,,,,,,,,,,,,,,,,,,,,,,,,,,,,,,,,,,,,,,,,,,,,,,,,,,,,
2026-27,football,USA South Athletic Conference,usa_south_athletic_confe,Brevard,"Collins,Corinthius",Corinthius,Collins,,30094,"Collins,Corinthius","COLLINS,CORINTHIUS",Brevard,BRE,614-2530,3,0,34,34,0,0,LB,0,,,,,,,,,,,,,,,,,,,,,,,,,,,,,,,,,,,,,,,,,,,,,,,,,,,,,,,,,,,,,,,,,,,,,,,,,,,,,,,,,,,,,,,,,,,,,,,,,,,,,,,,,,,,,,,,,,,,,,,,,,,,,,,
2026-27,football,USA South Athletic Conference,usa_south_athletic_confe,Brevard,"Billings,Cole",Cole,Billings,,30094,"Billings,Cole","BILLINGS,COLE",Brevard,BRE,614-2472,3,1,44,44,0,FB,0,0,,,,,,,,,,,,,,,,,,,,,,,,,,,,,,,,,,,,,,,,,,,,,,,,,,,1,4,0,4,4.0,,,,,,,,,,,,,,,,,,,,,,,,,,,,,,,,,,,,,,,,,,,,,,,,,,,,,,,,,,,,,,,,,,,,,,,,
2026-27,football,USA South Athletic Conference,usa_south_athletic_confe,Brevard,"Rorie,Jeremiah",Jeremiah,Rorie,,30094,"Rorie,Jeremiah","RORIE,JEREMIAH",Brevard,BRE,614-2586,1,0,59,59,0,OL,0,0,,,,,,,,,,,,,,,,,,,,,,,,,,,,,,,,,,,,,,,,,,,,,,,,,,,,,,,,,,,,,,,,,,,,,,,,,,,,,,,,,,,,,,,,,,,,,,,,,,,,,,,,,,,,,,,,,,,,,,,,,,,,,,,
2026-27,football,USA South Athletic Conference,usa_south_athletic_confe,Brevard,"Vance,Isaiah",Isaiah,Vance,,30094,"Vance,Isaiah","VANCE,ISAIAH",Brevard,BRE,614-2017,3,0,63,63,0,OL,0,0,,,,,,,,,,,,,,,,,,,,,,,,,,,,,,,,,,,,,,,,,,,,,,,,,,,,,,,,,,,,,,,,,,,,,,,,,,,,,,,,,,,,,,,,,,,,,,,,,,,,,,,,,,,,,,,,,,,,,,,,,,,,,,,
2026-27,football,USA South Athletic Conference,usa_south_athletic_confe,Brevard,"Patalano,Chase",Chase,Patalano,,30094,"Patalano,Chase","PATALANO,CHASE",Brevard,BRE,614-2492,2,0,18,18,0,QB,0,0,,,,,,,,,,,,,,,,,,,,,,,,,,,,,,,,,,,,,,,,,,,4,18,18,0,0,6,4.5,9.0,,,,,,,,,,,,,,,,,,,0,0,65,1,174,0,10,8,259.2,17.40,21.75,87.0,,,,,,,,,,,,,,,,,,,,,,,,,,,,,,,,,,,,,,,,,,,,,,,
2026-27,football,USA South Athletic Conference,usa_south_athletic_confe,Brevard,"Breazeale,Camden",Camden,Breazeale,,30094,"Breazeale,Camden","BREAZEALE,CAMDEN",Brevard,BRE,614-2521,1,0,40,40,0,0,DL,0,,,,,,,,0,1,0,1,1,1.0,.0,.0,1,0,7,1,1,0,7,0,0,0,0,0,0,0,0,0,,,,,,,,,,,,,,,,,,,,,,,,,,,,,,,,,,,,,,,,,,,,,,,,,,,,,,,,,,,,,,,,,,,,,,,,,,,,,,,,,,,,,,,,,,,,,,,,
2026-27,football,USA South Athletic Conference,usa_south_athletic_confe,Brevard,"Miles,Mason",Mason,Miles,,30094,"Miles,Mason","MILES,MASON",Brevard,BRE,614-2318,2,0,87,87,0,WR,0,0,,,,,,,,0,0,1,1,1,.0,.0,.0,0,0,0,0,0,0,0,0,0,0,0,0,0,0,0,0,,,,,,,,,,,,,,,,,,,,2,69,2,43,34.5,,0,2,0,0,0,0,0,0,0,12,12,6,,,,,,,,,,,,,,,,,,,,,,,,,,,,,,,,,,,,,,,,,,,,,,,,,,,,,,,,,,,
2026-27,football,USA South Athletic Conference,usa_south_athletic_confe,Brevard,"Robinson,Kenneth",Kenneth,Robinson,,30094,"Robinson,Kenneth","ROBINSON,KENNETH",Brevard,BRE,614-2584,2,0,25,2E,0,0,DB,0,,,,,,,,0,1,0,1,1,.0,.0,.0,0,0,0,0,0,0,0,0,0,0,0,0,0,0,0,0,,,,,,,,,,,,,,,,,,,,,,,,,,,,,,,,,,,,,,,,,,,,,,,,,,,,,,,,,,,,,,,,,,,,,,,,,,,,,,,,,,,,,,,,,,,,,,,,
2026-27,football,USA South Athletic Conference,usa_south_athletic_confe,Brevard,"Gordon,Rion",Rion,Gordon,,30094,"Gordon,Rion","GORDON,RION",Brevard,BRE,614-2333,2,0,72,72,0,OL,0,0,,,,,,,,,,,,,,,,,,,,,,,,,,,,,,,,,,,,,,,,,,,,,,,,,,,,,,,,,,,,,,,,,,,,,,,,,,,,,,,,,,,,,,,,,,,,,,,,,,,,,,,,,,,,,,,,,,,,,,,,,,,,,,,
2026-27,football,USA South Athletic Conference,usa_south_athletic_confe,Brevard,"Kelly,Cooper",Cooper,Kelly,,30094,"Kelly,Cooper","KELLY,COOPER",Brevard,BRE,614-2221,2,0,85,85,0,WR,0,0,,,,,,,,,,,,,,,,,,,,,,,,,,,,,,,,,,,,,,,,,,,,,,,,,,,1,24,0,24,24.0,,,,,,,,,,,,,,,,,,,,,,,,,,,,,,,,,,,,,,,,,,,,,,,,,,,,,,,,,,,,,,,,,,,,,,,,
2026-27,football,USA South Athletic Conference,usa_south_athletic_confe,Brevard,"Martin,Demetrice",Demetrice,Martin,,30094,"Martin,Demetrice","MARTIN,DEMETRICE",Brevard,BRE,614-2567,2,0,95,95,0,0,DL,0,,,,,,,,0,0,1,1,1,.0,.0,.0,0,0,0,0,0,0,0,0,0,0,0,0,1,4,0,0,,,,,,,,,,,,,,,,,,,,,,,,,,,,,,,,,,,,,,,,,,,,,,,,,,,,,,,,,,,,0,0,,,,,,,,,,,,,,,,,,,,,,,1,4,0,4,,,,,,,,,
2026-27,football,USA South Athletic Conference,usa_south_athletic_confe,Brevard,"Fox,Jordan",Jordan,Fox,,30094,"Fox,Jordan","FOX,JORDAN",Brevard,BRE,614-2308,1,0,13,1F,0,0,LB,0,,,,,,,,0,0,1,1,1,.0,.0,.0,0,0,0,0,0,0,0,0,0,0,0,0,0,0,0,0,,,,,,,,,,,,,,,,,,,,,,,,,,,,,,,,,,,,,,,,,,,,,,,,,,,,,,,,,,,,,,,,,,,,,,,,,,,,,,,,,,,,,,,,,,,,,,,,
2026-27,football,USA South Athletic Conference,usa_south_athletic_confe,Brevard,"Benton,Bryce",Bryce,Benton,,30094,"Benton,Bryce","BENTON,BRYCE",Brevard,BRE,614-2516,1,0,70,7A,0,0,DL,0,,,,,,,,0,1,1,2,2,.0,.0,.0,0,0,0,0,0,0,0,0,0,0,0,0,0,0,0,0,,,,,,,,,,,,,,,,,,,,,,,,,,,,,,,,,,,,,,,,,,,,,,,,,,,,,,,,,,,,,,,,,,,,,,,,,,,,,,,,,,,,,,,,,,,,,,,,
2026-27,football,USA South Athletic Conference,usa_south_athletic_confe,Brevard,"Simmons,Desmond",Desmond,Simmons,,30094,"Simmons,Desmond","SIMMONS,DESMOND",Brevard,BRE,614-2592,1,0,65,65,0,OL,0,0,,,,,,,,,,,,,,,,,,,,,,,,,,,,,,,,,,,,,,,,,,,,,,,,,,,,,,,,,,,,,,,,,,,,,,,,,,,,,,,,,,,,,,,,,,,,,,,,,,,,,,,,,,,,,,,,,,,,,,,,,,,,,,,
2026-27,football,USA South Athletic Conference,usa_south_athletic_confe,N.C. Wesleyan,"Courtney,Jayden",Jayden,Courtney,,491,"Courtney,Jayden","COURTNEY,JAYDEN",N.C. Wesleyan,NCW,1181-3244,3,1,1,1A,0,0,CB,0,,,,,,,,22,5,2,7,7,.5,.0,.0,0,1,1,0,0,0,0,2,0,0,0,1,0,0,2,4,,,,,,,2,22,0,22,11.0,,,,,,,,,,,,,,,,,,,,,,,,,,,,,,,,,,,,,,,,,,,,1,-5,0,0,-5.0,,,,,,,,,,,,,,,,,,,,,,,,,,,,,,,,,,,,,
2026-27,football,USA South Athletic Conference,usa_south_athletic_confe,N.C. Wesleyan,"West III,Jimmie",Jimmie,West III,,491,"West III,Jimmie","WEST III,JIMMIE",N.C. Wesleyan,NCW,1181-3243,3,1,0,00,0,WR,0,0,,,,,,,,0,0,0,0,0,.0,.0,.0,0,0,0,0,0,0,0,0,0,0,0,0,0,0,0,0,,,,,,,,,,,,,,,,,,,,14,186,3,31,13.3,,0,3,0,0,0,0,0,0,0,18,18,6,,,,,,,,,,,,,,,,,,,,,,,,,,,,,,,,,,,,,,,,,,,,,,,,,,,,,,,,,,,
2026-27,football,USA South Athletic Conference,usa_south_athletic_confe,N.C. Wesleyan,"Resper,Tyson",Tyson,Resper,,491,"Resper,Tyson","RESPER,TYSON",N.C. Wesleyan,NCW,1181-2987,3,1,1,1,0,WR,0,0,,,,,,,,0,0,0,0,0,.0,.0,.0,0,0,0,0,0,0,0,0,0,0,0,0,0,0,0,0,,,,,,,,,,,,,,,,,,,,28,384,2,42,13.7,,0,2,0,0,0,0,0,0,0,12,12,4,,,,,,,,,,,,,1,-54,0,0,-54.0,4,48,0,30,12.0,,,,,,,,,,,,,,,,,,,,,,,,,,,,,,,,,,,,,
2026-27,football,USA South Athletic Conference,usa_south_athletic_confe,N.C. Wesleyan,"Bennet,Jauron",Jauron,Bennet,,491,"Bennet,Jauron","BENNET,JAURON",N.C. Wesleyan,NCW,1181-3246,2,0,2,2,0,0,CB,0,,,,,,,,,,,,,,,,,,,,,,,,,,,,,,,,,,,,,,,,,,,,,,,,,,,,,,,,,,,,,,,,,,,,,,,,,,,,,,,,,,,,,,,,,,,,,,,,,,,,,,,,,,,,,,,,,,,,,,,,,,,,,,,
2026-27,football,USA South Athletic Conference,usa_south_athletic_confe,N.C. Wesleyan,"Somme,Cedric",Cedric,Somme,,491,"Somme,Cedric","SOMME,CEDRIC",N.C. Wesleyan,NCW,1181-3018,3,1,3,3,0,0,S,0,,,,,,,,10,6,3,9,9,.5,.0,.0,0,1,0,0,0,0,0,2,0,0,0,0,0,0,1,3,,,,,,,1,10,0,10,10.0,,,,,,,,,,,,,,,,,,,,,,,,,,,,,,,,,,,,,,,,,,,,,,,,,,,,,,,,,,,,,,,,,,,,,,,,,,,,,,,,,,,,,
2026-27,football,USA South Athletic Conference,usa_south_athletic_confe,N.C. Wesleyan,"Thompson,Justin",Justin,Thompson,,491,"Thompson,Justin","THOMPSON,JUSTIN",N.C. Wesleyan,NCW,1181-2772,2,0,4,04,0,0,LB,0,,,,,,,,0,2,2,4,4,.0,.0,.0,0,0,0,0,0,0,0,0,0,0,0,0,1,0,0,0,,,,,,,,,,,,,,,,,,,,,,,,,,,,,,,,,,,,,,,,,,,,,,,,,,,,,,,,,,,,0,0,,,,,,,,,,,,,,,,,,,,,,,,,,,,,,,,,,,
2026-27,football,USA South Athletic Conference,usa_south_athletic_confe,N.C. Wesleyan,"Schemenauer,Derek",Derek,Schemenauer,,491,"Schemenauer,Derek","SCHEMENAUER,DEREK",N.C. Wesleyan,NCW,1181-3299,3,1,5,5,0,0,LB,0,,,,,,,,0,10,3,13,13,2.0,.0,.0,2,0,12,1,1,0,9,0,0,2,0,0,0,0,0,0,,,,,,,,,,,,,,,,,,,,,,,,,,,,,,,,,,,,,,,,,,,,,,,,,,,,,,,,,,,,,,,,,,,,,,,,,,,,,,,,,,,,,,,,,,,,,,,,
2026-27,football,USA South Athletic Conference,usa_south_athletic_confe,N.C. Wesleyan,"Ware,Zeon",Zeon,Ware,,491,"Ware,Zeon","WARE,ZEON",N.C. Wesleyan,NCW,1181-2988,2,0,6,6,0,0,LB,0,,,,,,,,0,5,1,6,6,.0,.0,.0,0,0,0,0,0,0,0,0,0,1,0,0,0,0,0,0,,,,,,,,,,,,,,,,,,,,,,,,,,,,,,,,,,,,,,,,,,,,,,,,,,,,,,,,,,,,,,,,,,,,,,,,,,,,,,,,,,,,,,,,,,,,,,,,
2026-27,football,USA South Athletic Conference,usa_south_athletic_confe,N.C. Wesleyan,"Winston,Mathias",Mathias,Winston,,491,"Winston,Mathias","WINSTON,MATHIAS",N.C. Wesleyan,NCW,1181-3037,3,1,7,7,0,0,S,0,,,,,,,,0,4,4,8,8,2.5,.0,.0,2,1,9,0,0,0,0,1,0,0,0,0,0,0,0,1,,,,,,,,,,,,,,,,,,,,,,,,,,,,,,,,,,,,,,,,,,,,,,,,,,,,,,,,,,,,,,,,,,,,,,,,,,,,,,,,,,,,,,,,,,,,,,,,
2026-27,football,USA South Athletic Conference,usa_south_athletic_confe,N.C. Wesleyan,"Wallace,Michael",Michael,Wallace,,491,"Wallace,Michael","WALLACE,MICHAEL",N.C. Wesleyan,NCW,1181-3309,2,0,8,08,0,0,CB,0,,,,,,,,0,2,0,2,2,.0,.0,.0,0,0,0,0,0,0,0,0,0,0,0,0,0,0,0,0,,,,,,,,,,,,,,,,,,,,,,,,,,,,,,,,,,,,,,,,,,,,,,,,,,,,,,,,,,,,,,,,,,,,,,,,,,,,,,,,,,,,,,,,,,,,,,,,
2026-27,football,USA South Athletic Conference,usa_south_athletic_confe,N.C. Wesleyan,"Lee,Damarion",Damarion,Lee,,491,"Lee,Damarion","LEE,DAMARION",N.C. Wesleyan,NCW,1181-2999,2,0,9,Q,0,WR,0,0,,,,,,,,0,0,0,0,0,.0,.0,.0,0,0,0,0,0,0,0,0,0,0,0,0,0,0,0,0,,,,,,,,,,,,,,,,,,,,5,42,0,17,8.4,,,,,,,,,,,,,,,,,,,,,,,,,,,,,,,1,-17,0,0,-17.0,1,0,,,,,,,,,,,,,,,,,,,,,,,,,,,,,,,,,,,
2026-27,football,USA South Athletic Conference,usa_south_athletic_confe,N.C. Wesleyan,"Johnson,Daviaus",Daviaus,Johnson,,491,"Johnson,Daviaus","JOHNSON,DAVIAUS",N.C. Wesleyan,NCW,1181-2997,3,1,9,9,0,0,CB,0,,,,,,,,0,10,3,13,13,2.0,.0,.0,2,0,5,0,0,0,0,0,0,1,0,0,0,0,1,1,,,,,,,1,0,0,0,.0,,,,,,,,,,,,,,,,,,,,,,,,,,,,,,,,,,,,,,,,,,,,,,,,,,,,,,,,,,,,,,,,,,,,,,,,,,,,,,,,,,,,,
2026-27,football,USA South Athletic Conference,usa_south_athletic_confe,N.C. Wesleyan,"Green,Braxtyn",Braxtyn,Green,,491,"Green,Braxtyn","GREEN,BRAXTYN",N.C. Wesleyan,NCW,1181-2609,3,0,10,10,0,0,0,0,,,,,,,,0,0,0,0,0,.0,.0,.0,0,0,0,0,0,0,0,0,0,0,0,0,0,0,0,0,,,,,,,,,,,,1,-22,0,22,0,0,-22.0,-7.3,,,,,,,0,0,1,0,0,0,0,0,0,3,3,1,,,,,,,,,,,,,,,,,,,,,,,,,,,,,,1,2,41,0,50.0,,,,,,,,,,,,,,,,,8,353,57,0,1,0,2,2,44.1
2026-27,football,USA South Athletic Conference,usa_south_athletic_confe,N.C. Wesleyan,"Randolph,Aarmon",Aarmon,Randolph,,491,"Randolph,Aarmon","RANDOLPH,AARMON",N.C. Wesleyan,NCW,1181-3027,3,1,11,11,0,0,DL,0,,,,,,,,0,8,4,12,12,3.5,.0,.0,3,1,14,1,1,0,7,1,1,1,0,0,0,0,0,1,,,,,,,,,,,,,,,,,,,,,,,,,,,,,,,,,,,,,,,,,,,,,,,,,,,,,,,,,,,,,,,,,,,,,,,,,,,,,,,,,,,,,,,,,,,,,,,,
2026-27,football,USA South Athletic Conference,usa_south_athletic_confe,N.C. Wesleyan,"Selvage,Braden",Braden,Selvage,,491,"Selvage,Braden","SELVAGE,BRADEN",N.C. Wesleyan,NCW,1181-3003,3,1,12,12,0,QB,0,0,,,,,,,,0,0,0,0,0,.0,.0,.0,0,0,0,0,0,0,0,0,0,0,0,0,0,0,0,0,,,,,,,,,,,,12,8,45,37,1,12,.7,2.7,,,,,,,0,1,0,0,0,0,0,0,0,6,6,2,25,4,53,5,802,1,89,65,165.0,9.01,12.34,267.3,,,,,,,,,,,,,,,,,,,,,,,,,,,,,,,,,,,,,,,,,,,,,,,
2026-27,football,USA South Athletic Conference,usa_south_athletic_confe,N.C. Wesleyan,"Waddell,Quin'sier",Quin'sier,Waddell,,491,"Waddell,Quin'sier","WADDELL,QUIN'SIER",N.C. Wesleyan,NCW,1181-3265,3,1,16,1B,0,0,CB,0,,,,,,,,0,8,4,12,12,1.0,.0,.0,1,0,10,0,0,0,0,1,1,0,0,0,0,0,0,1,,,,,,,,,,,,,,,,,,,,,,,,,,,,,,,,,,,,,,,,,,,,,,,,,,,,,,,,,,,,,,,,,,,,,,,,,,,,,,,,,,,,,,,,,,,,,,,,
2026-27,football,USA South Athletic Conference,usa_south_athletic_confe,N.C. Wesleyan,"Richardson-Battle,Tyquan",Tyquan,Richardson-Battle,,491,"Richardson-Battle,Tyquan","RICHARDSON-BATTLE,TYQUAN",N.C. Wesleyan,NCW,1181-3288,3,0,18,1C,0,0,LB,0,,,,,,,,0,8,9,17,17,1.0,.0,.0,1,0,5,0,0,0,0,0,0,0,0,0,1,16,0,0,,,,,,,,,,,,,,,,,,,,,,,,,,0,1,0,0,0,0,0,0,0,6,6,2,,,,,,,,,,,,,,,,,,,,,,,0,0,,,,,,,,,,,,,,,,,,,,,,,1,16,1,16,,,,,,,,,
2026-27,football,USA South Athletic Conference,usa_south_athletic_confe,N.C. Wesleyan,"Jackson,Isaiah",Isaiah,Jackson,,491,"Jackson,Isaiah","JACKSON,ISAIAH",N.C. Wesleyan,NCW,1181-2732,3,0,19,19,0,WR,0,0,,,,,,,,0,0,0,0,0,.0,.0,.0,0,0,0,0,0,0,0,0,0,0,0,0,0,0,0,0,,,,,,,,,,,,,,,,,,,,4,103,1,53,25.8,,0,1,0,0,0,0,0,0,0,6,6,2,,,,,,,,,,,,,,,,,,,,,,,,,,,,,,,,,,,,,,,,,,,,,,,,,,,,,,,,,,,
2026-27,football,USA South Athletic Conference,usa_south_athletic_confe,N.C. Wesleyan,"Bisco,Gavin",Gavin,Bisco,,491,"Bisco,Gavin","BISCO,GAVIN",N.C. Wesleyan,NCW,1181-3009,3,0,20,20,0,0,0,0,,,,,,,,0,1,0,1,1,.0,.0,.0,0,0,0,0,0,0,0,0,0,0,0,0,0,0,0,0,,,,,,,,,,,,,,,,,,,,,,,,,,,,,,,,,,,,,,,,,,,,,,,,,,,,,,,,,,,,,,,,,,,,,,,,,,,,,,,,,,,,,,,,,,,,,,,,
2026-27,football,USA South Athletic Conference,usa_south_athletic_confe,N.C. Wesleyan,"Zollo,Evan",Evan,Zollo,,491,"Zollo,Evan","ZOLLO,EVAN",N.C. Wesleyan,NCW,1181-3289,3,0,21,2I,0,0,CB,0,,,,,,,,0,2,0,2,2,.0,.0,.0,0,0,0,0,0,0,0,0,0,0,0,0,0,0,0,0,,,,,,,,,,,,,,,,,,,,,,,,,,,,,,,,,,,,,,,,,,,,,,,,,,,,,,,,,,,,,,,,,,,,,,,,,,,,,,,,,,,,,,,,,,,,,,,,
2026-27,football,USA South Athletic Conference,usa_south_athletic_confe,N.C. Wesleyan,"Wright,Zion",Zion,Wright,,491,"Wright,Zion","WRIGHT,ZION",N.C. Wesleyan,NCW,1181-3320,2,1,22,2Z,0,0,LB,0,,,,,,,,,,,,,,,,,,,,,,,,,,,,,,,,,,,,,,,,,,,,,,,,,,,,,,,,,,,,,,,,,,,,,,,,,,,,,,,,,,,,,,,,,,,,,,,,,,,,,,,,,,,,,,,,,,,,,,,,,,,,,,,
2026-27,football,USA South Athletic Conference,usa_south_athletic_confe,N.C. Wesleyan,"Melton,Keondrick",Keondrick,Melton,,491,"Melton,Keondrick","MELTON,KEONDRICK",N.C. Wesleyan,NCW,1181-3013,2,0,24,24,0,RB,0,0,,,,,,,,0,1,0,1,1,.0,.0,.0,0,0,0,0,0,0,0,0,0,0,0,0,0,0,0,0,,,,,,,,,,,,,,,,,,,,,,,,,,,,,,,,,,,,,,,,,,,,,,,,,,,,,,,,,,,,,,,,,,,,,,,,,,,,,,,,,,,,,,,,,,,,,,,,
2026-27,football,USA South Athletic Conference,usa_south_athletic_confe,N.C. Wesleyan,"Hernandez-Lara,Jorge",Jorge,Hernandez-Lara,,491,"Hernandez-Lara,Jorge","HERNANDEZ-LARA,JORGE",N.C. Wesleyan,NCW,1181-3315,3,0,30,30,0,0,0,0,,,,,,,,0,0,0,0,0,.0,.0,.0,0,0,0,0,0,0,0,0,0,0,0,0,0,0,0,0,,,,,,,,,,,,,,,,,,,,,,,,,,11,0,2,0,0,0,0,0,0,17,17,5.67,,,,,,,,,,,,,,,,,,,,,,,,,16,852,0,1,53.3,2,2,26,0,100.0,11,11,0,0,0,0,0,0,0,0,0,0,,,,,,,,,,,,,
2026-27,football,USA South Athletic Conference,usa_south_athletic_confe,N.C. Wesleyan,"McEntyre,Karlen",Karlen,McEntyre,,491,"McEntyre,Karlen","MCENTYRE,KARLEN",N.C. Wesleyan,NCW,1181-3020,3,0,31,3L,0,RB,0,0,,,,,,,,0,1,0,1,1,.0,.0,.0,0,0,0,0,0,0,0,0,0,0,0,0,0,0,0,0,,,,,,,,,,,,30,78,87,9,0,16,2.6,26.0,4,36,0,12,9.0,,,,,,,,,,,,,,,,,,,,,,,,,,,,,,,,,,,,1,1,,,,,,,,,,,,,,,,,,,,,,,,,,,,,,,,,,,
2026-27,football,USA South Athletic Conference,usa_south_athletic_confe,N.C. Wesleyan,"Seagraves,Nahjir",Nahjir,Seagraves,,491,"Seagraves,Nahjir","SEAGRAVES,NAHJIR",N.C. Wesleyan,NCW,1181-3314,2,1,32,32,0,RB,0,0,,,,,,,,0,0,0,0,0,.0,.0,.0,0,0,0,0,0,0,0,0,0,0,0,0,0,0,0,0,,,,,,,,,,,,35,308,310,2,3,68,8.8,154.0,2,16,0,11,8.0,,0,3,0,0,0,0,0,0,0,18,18,9,,,,,,,,,,,,,,,,,,,,,,,,,,,,,,,,,,,,,,,,,,,,,,,,,,,,,,,,,,,
2026-27,football,USA South Athletic Conference,usa_south_athletic_confe,N.C. Wesleyan,"Danley,Calvin",Calvin,Danley,,491,"Danley,Calvin","DANLEY,CALVIN",N.C. Wesleyan,NCW,1181-3312,3,0,33,33,0,0,CB,0,,,,,,,,0,1,1,2,2,.0,.0,.0,0,0,0,0,0,0,0,0,1,0,0,0,0,0,0,0,,,,,,,,,,,,,,,,,,,,,,,,,,,,,,,,,,,,,,,,,,,,,,,,,,,,,,,,,,,,,,,,,,,,,,,,,,,,,,,,,,,,,,,,,,,,,,,,
2026-27,football,USA South Athletic Conference,usa_south_athletic_confe,N.C. Wesleyan,"King,Elijah",Elijah,King,,491,"King,Elijah","KING,ELIJAH",N.C. Wesleyan,NCW,1181-3311,2,0,34,3A,0,0,S,0,,,,,,,,0,2,0,2,2,.0,.0,.0,0,0,0,0,0,0,0,0,0,0,0,0,0,0,0,0,,,,,,,,,,,,,,,,,,,,,,,,,,,,,,,,,,,,,,,,,,,,,,,,,,,,,,,,,,,,,,,,,,,,,,,,,,,,,,,,,,,,,,,,,,,,,,,,
2026-27,football,USA South Athletic Conference,usa_south_athletic_confe,N.C. Wesleyan,"Pugh,Demarius",Demarius,Pugh,,491,"Pugh,Demarius","PUGH,DEMARIUS",N.C. Wesleyan,NCW,1181-3307,1,0,36,3B,0,RB,0,0,,,,,,,,,,,,,,,,,,,,,,,,,,,,,,,,,,,,,,,,,,,,,,,,,,,,,,,,,,,,,,,,,,,,,,,,,,,,,,,,,,,,,,,,,,,,,,,,,,,,,,,,,,,,,,,,,,,,,,,,,,,,,,,
2026-27,football,USA South Athletic Conference,usa_south_athletic_confe,N.C. Wesleyan,"Crampton,Deavon",Deavon,Crampton,,491,"Crampton,Deavon","CRAMPTON,DEAVON",N.C. Wesleyan,NCW,1181-3261,1,0,37,37,0,0,CB,0,,,,,,,,0,1,0,1,1,.0,.0,.0,0,0,0,0,0,0,0,0,0,0,0,0,0,0,0,0,,,,,,,,,,,,,,,,,,,,,,,,,,,,,,,,,,,,,,,,,,,,,,,,,,,,,,,,,,,,,,,,,,,,,,,,,,,,,,,,,,,,,,,,,,,,,,,,
2026-27,football,USA South Athletic Conference,usa_south_athletic_confe,N.C. Wesleyan,"Edwards,Tyler",Tyler,Edwards,,491,"Edwards,Tyler","EDWARDS,TYLER",N.C. Wesleyan,NCW,1181-3301,2,1,42,42,0,FB,0,0,,,,,,,,,,,,,,,,,,,,,,,,,,,,,,,,,,,,,,,,,,,,,,,,,,,,,,,,,,,,,,,,,,,,,,,,,,,,,,,,,,,,,,,,,,,,,,,,,,,,,,,,,,,,,,,,,,,,,,,,,,,,,,,
2026-27,football,USA South Athletic Conference,usa_south_athletic_confe,N.C. Wesleyan,"Wine Jr.,Jerel",Jerel,Wine Jr.,,491,"Wine Jr.,Jerel","WINE JR.,JEREL",N.C. Wesleyan,NCW,1181-3300,3,0,42,4Z,0,0,DE,0,,,,,,,,0,1,0,1,1,.0,.0,.0,0,0,0,0,0,0,0,0,0,1,0,0,0,0,0,0,,,,,,,,,,,,,,,,,,,,,,,,,,,,,,,,,,,,,,,,,,,,,,,,,,,,,,,,,,,,,,,,,,,,,,,,,,,,,,,,,,,,,,,,,,,,,,,,
2026-27,football,USA South Athletic Conference,usa_south_athletic_confe,N.C. Wesleyan,"Thomas,Josiah",Josiah,Thomas,,491,"Thomas,Josiah","THOMAS,JOSIAH",N.C. Wesleyan,NCW,1181-2881,3,0,44,44,0,0,DL,0,,,,,,,,0,4,5,9,9,1.0,.0,.0,1,0,0,1,1,0,0,0,1,0,0,0,0,0,0,0,,,,,,,,,,,,,,,,,,,,,,,,,,,,,,,,,,,,,,,,,,,,,,,,,,,,,,,,,,,,,,,,,,,,,,,,,,,,,,,,,,,,,,,,,,,,,,,,
2026-27,football,USA South Athletic Conference,usa_south_athletic_confe,N.C. Wesleyan,"Banks,Jaheem",Jaheem,Banks,,491,"Banks,Jaheem","BANKS,JAHEEM",N.C. Wesleyan,NCW,1181-3298,1,0,44,4A,0,FB,0,0,,,,,,,,0,0,1,1,1,.0,.0,.0,0,0,0,0,0,0,0,0,0,0,0,0,0,0,0,0,,,,,,,,,,,,,,,,,,,,,,,,,,,,,,,,,,,,,,,,,,,,,,,,,,,,,,,,,,,,,,,,,,,,,,,,,,,,,,,,,,,,,,,,,,,,,,,,
2026-27,football,USA South Athletic Conference,usa_south_athletic_confe,N.C. Wesleyan,"Jones,Devin",Devin,Jones,,491,"Jones,Devin","JONES,DEVIN",N.C. Wesleyan,NCW,1181-3291,1,0,54,5A,0,0,DL,0,,,,,,,,0,1,0,1,1,.0,.0,.0,0,0,0,0,0,0,0,0,0,0,0,0,0,0,0,0,,,,,,,,,,,,,,,,,,,,,,,,,,,,,,,,,,,,,,,,,,,,,,,,,,,,,,,,,,,,,,,,,,,,,,,,,,,,,,,,,,,,,,,,,,,,,,,,
2026-27,football,USA South Athletic Conference,usa_south_athletic_confe,N.C. Wesleyan,"Williams,Lavar",Lavar,Williams,,491,"Williams,Lavar","WILLIAMS,LAVAR",N.C. Wesleyan,NCW,1181-3047,3,1,56,5L,0,0,DL,0,,,,,,,,0,4,2,6,6,.0,.0,.0,0,0,0,0,0,0,0,0,0,0,0,0,0,0,0,0,,,,,,,,,,,,,,,,,,,,,,,,,,,,,,,,,,,,,,,,,,,,,,,,,,,,,,,,,,,,,,,,,,,,,,,,,,,,,,,,,,,,,,,,,,,,,,,,
2026-27,football,USA South Athletic Conference,usa_south_athletic_confe,N.C. Wesleyan,"Johnny,Prinson",Prinson,Johnny,,491,"Johnny,Prinson","JOHNNY,PRINSON",N.C. Wesleyan,NCW,1181-3051,2,1,59,59,0,OL,0,0,,,,,,,,,,,,,,,,,,,,,,,,,,,,,,,,,,,,,,,,,,,,,,,,,,,,,,,,,,,,,,,,,,,,,,,,,,,,,,,,,,,,,,,,,,,,,,,,,,,,,,,,,,,,,,,,,,,,,,,,,,,,,,,
2026-27,football,USA South Athletic Conference,usa_south_athletic_confe,N.C. Wesleyan,"Cooper,Joseph",Joseph,Cooper,,491,"Cooper,Joseph","COOPER,JOSEPH",N.C. Wesleyan,NCW,1181-2713,1,0,64,64,0,OL,0,0,,,,,,,,,,,,,,,,,,,,,,,,,,,,,,,,,,,,,,,,,,,,,,,,,,,,,,,,,,,,,,,,,,,,,,,,,,,,,,,,,,,,,,,,,,,,,,,,,,,,,,,,,,,,,,,,,,,,,,,,,,,,,,,
2026-27,football,USA South Athletic Conference,usa_south_athletic_confe,N.C. Wesleyan,"Evans,Christian",Christian,Evans,,491,"Evans,Christian","EVANS,CHRISTIAN",N.C. Wesleyan,NCW,1181-3054,2,0,65,65,0,OL,0,0,,,,,,,,,,,,,,,,,,,,,,,,,,,,,,,,,,,,,,,,,,,,,,,,,,,,,,,,,,,,,,,,,,,,,,,,,,,,,,,,,,,,,,,,,,,,,,,,,,,,,,,,,,,,,,,,,,,,,,,,,,,,,,,
2026-27,football,USA South Athletic Conference,usa_south_athletic_confe,N.C. Wesleyan,"Torrence,Brian",Brian,Torrence,,491,"Torrence,Brian","TORRENCE,BRIAN",N.C. Wesleyan,NCW,1181-2774,2,1,71,71,0,OL,0,0,,,,,,,,,,,,,,,,,,,,,,,,,,,,,,,,,,,,,,,,,,,,,,,,,,,,,,,,,,,,,,,,,,,,,,,,,,,,,,,,,,,,,,,,,,,,,,,,,,,,,,,,,,,,,,,,,,,,,,,,,,,,,,,
2026-27,football,USA South Athletic Conference,usa_south_athletic_confe,N.C. Wesleyan,"Crew,Cameron",Cameron,Crew,,491,"Crew,Cameron","CREW,CAMERON",N.C. Wesleyan,NCW,1181-2804,2,1,72,72,0,OL,0,0,,,,,,,,,,,,,,,,,,,,,,,,,,,,,,,,,,,,,,,,,,,,,,,,,,,,,,,,,,,,,,,,,,,,,,,,,,,,,,,,,,,,,,,,,,,,,,,,,,,,,,,,,,,,,,,,,,,,,,,,,,,,,,,
2026-27,football,USA South Athletic Conference,usa_south_athletic_confe,N.C. Wesleyan,"Boykin,Noah",Noah,Boykin,,491,"Boykin,Noah","BOYKIN,NOAH",N.C. Wesleyan,NCW,1181-3083,1,1,74,74,0,OL,0,0,,,,,,,,,,,,,,,,,,,,,,,,,,,,,,,,,,,,,,,,,,,,,,,,,,,,,,,,,,,,,,,,,,,,,,,,,,,,,,,,,,,,,,,,,,,,,,,,,,,,,,,,,,,,,,,,,,,,,,,,,,,,,,,
2026-27,football,USA South Athletic Conference,usa_south_athletic_confe,N.C. Wesleyan,"Heaggans,Jeremiah",Jeremiah,Heaggans,,491,"Heaggans,Jeremiah","HEAGGANS,JEREMIAH",N.C. Wesleyan,NCW,1181-3060,3,1,75,75,0,OL,0,0,,,,,,,,,,,,,,,,,,,,,,,,,,,,,,,,,,,,,,,,,,,,,,,,,,,,,,,,,,,,,,,,,,,,,,,,,,,,,,,,,,,,,,,,,,,,,,,,,,,,,,,,,,,,,,,,,,,,,,,,,,,,,,,
2026-27,football,USA South Athletic Conference,usa_south_athletic_confe,N.C. Wesleyan,"Williams,Tyeir",Tyeir,Williams,,491,"Williams,Tyeir","WILLIAMS,TYEIR",N.C. Wesleyan,NCW,1181-3065,3,1,81,81,0,0,DE,0,,,,,,,,0,4,8,12,12,.0,.0,.0,0,0,0,0,0,0,0,0,0,1,0,0,0,0,0,0,,,,,,,,,,,,,,,,,,,,,,,,,,,,,,,,,,,,,,,,,,,,,,,,,,,,,,,,,,,,,,,,,,,,,,,,,,,,,,,,,,,,,,,,,,,,,,,,
2026-27,football,USA South Athletic Conference,usa_south_athletic_confe,N.C. Wesleyan,"Moore,Jalen",Jalen,Moore,,491,"Moore,Jalen","MOORE,JALEN",N.C. Wesleyan,NCW,1181-3281,3,0,81,8I,0,WR,0,0,,,,,,,,0,0,0,0,0,.0,.0,.0,0,0,0,0,0,0,0,0,0,0,0,0,0,0,0,0,,,,,,,,,,,,,,,,,,,,1,11,0,11,11.0,,,,,,,,,,,,,,,,,,,,,,,,,,5,93,0,26,18.6,,,,,,2,0,,,,,,,,,,,,,,,,,,,,,,,,,,,,,,,,,,,
2026-27,football,USA South Athletic Conference,usa_south_athletic_confe,N.C. Wesleyan,"Fay,Ethan",Ethan,Fay,,491,"Fay,Ethan","FAY,ETHAN",N.C. Wesleyan,NCW,1181-2612,2,1,88,88,0,TE,0,0,,,,,,,,0,0,0,0,0,.0,.0,.0,0,0,0,0,0,0,0,0,0,0,0,0,0,0,0,0,,,,,,,,,,,,,,,,,,,,6,58,0,30,9.7,,,,,,,,,,,,,,,,,,,,,,,,,,,,,,,,,,,,1,1,,,,,,,,,,,,,,,,,,,,,,,,,,,,,,,,,,,
2026-27,football,USA South Athletic Conference,usa_south_athletic_confe,N.C. Wesleyan,"Parker,Jacodi",Jacodi,Parker,,491,"Parker,Jacodi","PARKER,JACODI",N.C. Wesleyan,NCW,1181-3272,2,0,89,89,0,0,DE,0,,,,,,,,0,0,0,0,0,.0,.0,.0,0,0,0,0,0,0,0,0,0,1,0,0,0,0,0,0,,,,,,,,,,,,,,,,,,,,,,,,,,,,,,,,,,,,,,,,,,,,,,,,,,,,,,,,,,,,,,,,,,,,,,,,,,,,,,,,,,,,,,,,,,,,,,,,
2026-27,football,USA South Athletic Conference,usa_south_athletic_confe,N.C. Wesleyan,"Wesolowski,Luke",Luke,Wesolowski,,491,"Wesolowski,Luke","WESOLOWSKI,LUKE",N.C. Wesleyan,NCW,1181-3075,3,1,91,91,0,0,DL,0,,,,,,,,0,2,3,5,5,1.0,.0,.0,1,0,1,0,0,0,0,0,0,1,0,0,0,0,0,0,,,,,,,,,,,,,,,,,,,,,,,,,,,,,,,,,,,,,,,,,,,,,,,,,,,,,,,,,,,,,,,,,,,,,,,,,,,,,,,,,,,,,,,,,,,,,,,,
2026-27,football,USA South Athletic Conference,usa_south_athletic_confe,N.C. Wesleyan,"Wiggins,Elijah",Elijah,Wiggins,,491,"Wiggins,Elijah","WIGGINS,ELIJAH",N.C. Wesleyan,NCW,1181-3251,2,0,98,98,0,0,DE,0,,,,,,,,0,0,1,1,1,.5,.0,.0,0,1,1,0,0,0,0,0,0,3,0,0,0,0,0,0,,,,,,,,,,,,,,,,,,,,,,,,,,,,,,,,,,,,,,,,,,,,,,,,,,,,,,,,,,,,,,,,,,,,,,,,,,,,,,,,,,,,,,,,,,,,,,,,
2026-27,football,USA South Athletic Conference,usa_south_athletic_confe,N.C. Wesleyan,"Evans,Jacob",Jacob,Evans,,491,"Evans,Jacob","EVANS,JACOB",N.C. Wesleyan,NCW,1181-2131,3,0,99,99,0,0,DL,0,,,,,,,,0,1,3,4,4,.5,.0,.0,0,1,1,0,0,0,0,0,0,0,0,0,0,0,0,0,,,,,,,,,,,,,,,,,,,,,,,,,,,,,,,,,,,,,,,,,,,,,,,,,,,,,,,,,,,,,,,,,,,,,,,,,,,,,,,,,,,,,,,,,,,,,,,,
2026-27,football,USA South Athletic Conference,usa_south_athletic_confe,N.C. Wesleyan,"Thompson,Breon",Breon,Thompson,,491,"Thompson,Breon","THOMPSON,BREON",N.C. Wesleyan,NCW,1181-3079,2,0,0,0,0,0,DL,0,,,,,,,,0,0,1,1,1,.0,.0,.0,0,0,0,0,0,0,0,0,0,0,0,0,0,0,0,0,,,,,,,,,,,,,,,,,,,,,,,,,,,,,,,,,,,,,,,,,,,,,,,,,,,,,,,,,,,,,,,,,,,,,,,,,,,,,,,,,,,,,,,,,,,,,,,,
2026-27,football,USA South Athletic Conference,usa_south_athletic_confe,N.C. Wesleyan,"Wayne Trip III,Robert",Robert,Wayne Trip III,,491,"Wayne Trip III,Robert","WAYNE TRIP III,ROBERT",N.C. Wesleyan,NCW,1181-3245,2,0,2,02,0,RB,0,0,,,,,,,,,,,,,,,,,,,,,,,,,,,,,,,,,,,,,,,,,,,13,28,29,1,0,9,2.2,14.0,3,44,0,16,14.7,,,,,,,,,,,,,,,,,,,,,,,,,,,,,,,,,,,,,,,,,,,,,,,,,,,,,,,,,,,,,,,,,,,,,,,,
2026-27,football,USA South Athletic Conference,usa_south_athletic_confe,N.C. Wesleyan,"Bighem,Elijah",Elijah,Bighem,,491,"Bighem,Elijah","BIGHEM,ELIJAH",N.C. Wesleyan,NCW,1181-3019,2,0,4,4,0,RB,0,0,,,,,,,,,,,,,,,,,,,,,,,,,,,,,,,,,,,,,,,,,,,1,5,5,0,0,5,5.0,2.5,,,,,,,,,,,,,,,,,,,,,,,,,,,,,,,,,,,,,,,,,,,,,,,,,,,,,,,,,,,,,,,,,,,,,,,,,,,,,
2026-27,football,USA South Athletic Conference,usa_south_athletic_confe,N.C. Wesleyan,"Bradley,Noah",Noah,Bradley,,491,"Bradley,Noah","BRADLEY,NOAH",N.C. Wesleyan,NCW,1181-3082,1,0,7,7,0,QB,0,0,,,,,,,,,,,,,,,,,,,,,,,,,,,,,,,,,,,,,,,,,,,,,,,,,,,,,,,,,,,,,,,,,,,,,,,,,,,,,,,,,,,,,,,,,,,,,,,,,,,,,,,,,,,,,,,,,,,,,,,,,,,,,,,
2026-27,football,USA South Athletic Conference,usa_south_athletic_confe,N.C. Wesleyan,"Pearson,Jack",Jack,Pearson,,491,"Pearson,Jack","PEARSON,JACK",N.C. Wesleyan,NCW,1181-3257,2,0,10,1O,0,QB,0,0,,,,,,,,,,,,,,,,,,,,,,,,,,,,,,,,,,,,,,,,,,,1,-4,0,4,0,0,-4.0,-2.0,,,,,,,,,,,,,,,,,,,0,0,35,1,113,0,5,5,355.8,22.60,22.60,56.5,,,,,,,,,,,,,,,,,,,,,,,,,,,,,,,,,,,,,,,,,,,,,,,
2026-27,football,USA South Athletic Conference,usa_south_athletic_confe,N.C. Wesleyan,"Hunt,Trevor",Trevor,Hunt,,491,"Hunt,Trevor","HUNT,TREVOR",N.C. Wesleyan,NCW,1181-3002,1,0,13,13,0,0,CB,0,,,,,,,,0,3,0,3,3,.0,.0,.0,0,0,0,0,0,0,0,1,0,0,0,0,0,0,0,1,,,,,,,,,,,,,,,,,,,,,,,,,,,,,,,,,,,,,,,,,,,,,,,,,,,,,,,,,,,,,,,,,,,,,,,,,,,,,,,,,,,,,,,,,,,,,,,,
2026-27,football,USA South Athletic Conference,usa_south_athletic_confe,N.C. Wesleyan,"Woods,Jayden",Jayden,Woods,,491,"Woods,Jayden","WOODS,JAYDEN",N.C. Wesleyan,NCW,1181-3260,2,0,14,1A,0,0,CB,0,,,,,,,,0,0,1,1,1,.0,.0,.0,0,0,0,0,0,0,0,0,0,0,0,0,1,4,0,0,,,,,,,,,,,,,,,,,,,,,,,,,,,,,,,,,,,,,,,,,,,,,,,,,,,,,,,,,,,,0,0,,,,,,,,,,,,,,,,,,,,,,,1,4,0,4,,,,,,,,,
2026-27,football,USA South Athletic Conference,usa_south_athletic_confe,N.C. Wesleyan,"Mitchell,Amare",Amare,Mitchell,,491,"Mitchell,Amare","MITCHELL,AMARE",N.C. Wesleyan,NCW,1181-3268,2,0,18,18,0,WR,0,0,,,,,,,,0,0,0,0,0,.0,.0,.0,0,0,0,0,0,0,0,0,0,0,0,0,0,0,0,0,,,,,,,,,,,,,,,,,,,,1,3,0,3,3.0,,,,,,,,,,,,,,,,,,,,,,,,,,2,20,0,23,10.0,,,,,,1,0,,,,,,,,,,,,,,,,,,,,,,,,,,,,,,,,,,,
2026-27,football,USA South Athletic Conference,usa_south_athletic_confe,N.C. Wesleyan,"Wesson,Wyatt",Wyatt,Wesson,,491,"Wesson,Wyatt","WESSON,WYATT",N.C. Wesleyan,NCW,1181-3021,2,0,23,23,0,0,LB,0,,,,,,,,0,3,4,7,7,1.0,.0,.0,1,0,2,0,0,0,0,0,0,1,0,0,0,0,0,0,,,,,,,,,,,,,,,,,,,,,,,,,,,,,,,,,,,,,,,,,,,,,,,,,,,,,,,,,,,,,,,,,,,,,,,,,,,,,,,,,,,,,,,,,,,,,,,,
2026-27,football,USA South Athletic Conference,usa_south_athletic_confe,N.C. Wesleyan,"Artis,Kalaif",Kalaif,Artis,,491,"Artis,Kalaif","ARTIS,KALAIF",N.C. Wesleyan,NCW,1181-3303,0,0,41,41,0,FB,0,0,,,,,,,,,,,,,,,,,,,,,,,,,,,,,,,,,,,,,,,,,,,,,,,,,,,0,0,0,0,.0,,,,,,,,,,,,,,,,,,,,,,,,,,,,,,,,,,,,,,,,,,,,,,,,,,,,,,,,,,,,,,,,,,,,,,,,
2026-27,football,USA South Athletic Conference,usa_south_athletic_confe,N.C. Wesleyan,"Mason,Cameron",Cameron,Mason,,491,"Mason,Cameron","MASON,CAMERON",N.C. Wesleyan,NCW,1181-3287,1,0,59,5Q,0,0,DE,0,,,,,,,,0,1,0,1,1,1.0,.0,.0,1,0,2,0,0,0,0,0,0,0,0,0,0,0,0,0,,,,,,,,,,,,,,,,,,,,,,,,,,,,,,,,,,,,,,,,,,,,,,,,,,,,,,,,,,,,,,,,,,,,,,,,,,,,,,,,,,,,,,,,,,,,,,,,
2026-27,football,USA South Athletic Conference,usa_south_athletic_confe,N.C. Wesleyan,"Jarmain,Christopher",Christopher,Jarmain,,491,"Jarmain,Christopher","JARMAIN,CHRISTOPHER",N.C. Wesleyan,NCW,1181-3253,2,0,96,96,0,0,DT,0,,,,,,,,0,0,2,2,2,.0,.0,.0,0,0,0,0,0,0,0,0,0,0,0,0,0,0,0,0,,,,,,,,,,,,,,,,,,,,,,,,,,,,,,,,,,,,,,,,,,,,,,,,,,,,,,,,,,,,,,,,,,,,,,,,,,,,,,,,,,,,,,,,,,,,,,,,
2026-27,football,USA South Athletic Conference,usa_south_athletic_confe,N.C. Wesleyan,"Crosby,Nicholas",Nicholas,Crosby,,491,"Crosby,Nicholas","CROSBY,NICHOLAS",N.C. Wesleyan,NCW,1181-3321,2,0,21,21,0,WR,0,0,,,,,,,,0,1,0,1,1,.0,.0,.0,0,0,0,0,0,0,0,0,0,0,0,0,0,0,0,0,,,,,,,,,,,,,,,,,,,,1,25,0,25,25.0,,,,,,,,,,,,,,,,,,,,,,,,,,,,,,,,,,,,,,,,,,,,,,,,,,,,,,,,,,,,,,,,,,,,,,,,
2026-27,football,USA South Athletic Conference,usa_south_athletic_confe,N.C. Wesleyan,"Wiggins,Josiah",Josiah,Wiggins,,491,"Wiggins,Josiah","WIGGINS,JOSIAH",N.C. Wesleyan,NCW,1181-3267,1,0,17,1T,0,0,DB,0,,,,,,,,0,0,1,1,1,.0,.0,.0,0,0,0,0,0,0,0,0,0,0,0,0,0,0,0,0,,,,,,,,,,,,,,,,,,,,,,,,,,,,,,,,,,,,,,,,,,,,,,,,,,,,,,,,,,,,,,,,,,,,,,,,,,,,,,,,,,,,,,,,,,,,,,,,
2026-27,football,USA South Athletic Conference,usa_south_athletic_confe,N.C. Wesleyan,"Morton,Derrick",Derrick,Morton,,491,"Morton,Derrick","MORTON,DERRICK",N.C. Wesleyan,NCW,1181-3270,1,0,19,1Q,0,0,DB,0,,,,,,,,0,0,0,0,0,.0,.0,.0,0,0,0,0,0,0,0,0,0,1,0,0,0,0,0,0,,,,,,,,,,,,,,,,,,,,,,,,,,,,,,,,,,,,,,,,,,,,,,,,,,,,,,,,,,,,,,,,,,,,,,,,,,,,,,,,,,,,,,,,,,,,,,,,
2026-27,football,USA South Athletic Conference,usa_south_athletic_confe,N.C. Wesleyan,"Johnson,Samari",Samari,Johnson,,491,"Johnson,Samari","JOHNSON,SAMARI",N.C. Wesleyan,NCW,1181-2733,1,0,22,22,0,WR,0,0,,,,,,,,,,,,,,,,,,,,,,,,,,,,,,,,,,,,,,,,,,,,,,,,,,,1,6,0,6,6.0,,,,,,,,,,,,,,,,,,,,,,,,,,,,,,,,,,,,,,,,,,,,,,,,,,,,,,,,,,,,,,,,,,,,,,,,
2026-27,football,USA South Athletic Conference,usa_south_athletic_confe,N.C. Wesleyan,"Taft,Elijah",Elijah,Taft,,491,"Taft,Elijah","TAFT,ELIJAH",N.C. Wesleyan,NCW,1181-3318,1,0,28,2B,0,RB,0,0,,,,,,,,,,,,,,,,,,,,,,,,,,,,,,,,,,,,,,,,,,,,,,,,,,,,,,,,,,,,,,,,,,,,,,,,,,,,,,,,,,,,,,,,,,,,,,,,,,,,,,,,,,,,,,,,,,,,,,,,,,,,,,,
2026-27,football,USA South Athletic Conference,usa_south_athletic_confe,N.C. Wesleyan,"Goines,Zion",Zion,Goines,,491,"Goines,Zion","GOINES,ZION",N.C. Wesleyan,NCW,1181-3256,1,0,29,2G,0,0,S,0,,,,,,,,,,,,,,,,,,,,,,,,,,,,,,,,,,,,,,,,,,,,,,,,,,,,,,,,,,,,,,,,,,,,,,,,,,,,,,,,,,,,,,,,,,,,,,,,,,,,,,,,,,,,,,,,,,,,,,,,,,,,,,,
2026-27,football,USA South Athletic Conference,usa_south_athletic_confe,N.C. Wesleyan,"Holder,Jaylon",Jaylon,Holder,,491,"Holder,Jaylon","HOLDER,JAYLON",N.C. Wesleyan,NCW,1181-3313,1,0,33,3E,0,RB,0,0,,,,,,,,,,,,,,,,,,,,,,,,,,,,,,,,,,,,,,,,,,,,,,,,,,,,,,,,,,,,,,,,,,,,,,,,,,,,,,,,,,,,,,,,,,,,,,,,,,,,,,,,,,,,,,,,,,,,,,,,,,,,,,,
2026-27,football,USA South Athletic Conference,usa_south_athletic_confe,N.C. Wesleyan,"Stox,Jayden",Jayden,Stox,,491,"Stox,Jayden","STOX,JAYDEN",N.C. Wesleyan,NCW,1181-3302,1,0,41,4I,0,0,LB,0,,,,,,,,,,,,,,,,,,,,,,,,,,,,,,,,,,,,,,,,,,,,,,,,,,,,,,,,,,,,,,,,,,,,,,,,,,,,,,,,,,,,,,,,,,,,,,,,,,,,,,,,,,,,,,,,,,,,,,,,,,,,,,,
2026-27,football,USA South Athletic Conference,usa_south_athletic_confe,N.C. Wesleyan,"Williams,James",James,Williams,,491,"Williams,James","WILLIAMS,JAMES",N.C. Wesleyan,NCW,1181-2360,1,0,43,60,0,OL,0,0,,,,,,,,,,,,,,,,,,,,,,,,,,,,,,,,,,,,,,,,,,,,,,,,,,,,,,,,,,,,,,,,,,,,,,,,,,,,,,,,,,,,,,,,,,,,,,,,,,,,,,,,,,,,,,,,,,,,,,,,,,,,,,,
2026-27,football,USA South Athletic Conference,usa_south_athletic_confe,N.C. Wesleyan,"Fiscante,Steve",Steve,Fiscante,,491,"Fiscante,Steve","FISCANTE,STEVE",N.C. Wesleyan,NCW,1181-3048,1,0,52,52,0,OL,0,0,,,,,,,,,,,,,,,,,,,,,,,,,,,,,,,,,,,,,,,,,,,,,,,,,,,,,,,,,,,,,,,,,,,,,,,,,,,,,,,,,,,,,,,,,,,,,,,,,,,,,,,,,,,,,,,,,,,,,,,,,,,,,,,
2026-27,football,USA South Athletic Conference,usa_south_athletic_confe,N.C. Wesleyan,"Tyson,Kendrick",Kendrick,Tyson,,491,"Tyson,Kendrick","TYSON,KENDRICK",N.C. Wesleyan,NCW,1181-2776,1,0,55,55,0,OL,0,0,,,,,,,,,,,,,,,,,,,,,,,,,,,,,,,,,,,,,,,,,,,,,,,,,,,,,,,,,,,,,,,,,,,,,,,,,,,,,,,,,,,,,,,,,,,,,,,,,,,,,,,,,,,,,,,,,,,,,,,,,,,,,,,
2026-27,football,USA South Athletic Conference,usa_south_athletic_confe,N.C. Wesleyan,"Hyman,Pharoah",Pharoah,Hyman,,491,"Hyman,Pharoah","HYMAN,PHAROAH",N.C. Wesleyan,NCW,1181-3050,1,0,58,58,0,OL,0,0,,,,,,,,,,,,,,,,,,,,,,,,,,,,,,,,,,,,,,,,,,,,,,,,,,,,,,,,,,,,,,,,,,,,,,,,,,,,,,,,,,,,,,,,,,,,,,,,,,,,,,,,,,,,,,,,,,,,,,,,,,,,,,,
2026-27,football,USA South Athletic Conference,usa_south_athletic_confe,N.C. Wesleyan,"Helms,James",James,Helms,,491,"Helms,James","HELMS,JAMES",N.C. Wesleyan,NCW,1181-3277,1,0,84,84,0,TE,0,0,,,,,,,,,,,,,,,,,,,,,,,,,,,,,,,,,,,,,,,,,,,,,,,,,,,,,,,,,,,,,,,,,,,,,,,,,,,,,,,,,,,,,,,,,,,,,,,,,,,,,,,,,,,,,,,,,,,,,,,,,,,,,,,
2026-27,football,USA South Athletic Conference,usa_south_athletic_confe,Belhaven,"Benoit,Reece",Reece,Benoit,,30197,"Benoit,Reece","BENOIT,REECE",Belhaven,BU,952-5740,3,3,0,0,0,0,DL,0,,,,,,,,0,4,2,6,6,1.5,.0,.0,1,1,3,0.5,0,1,1,1,0,0,0,0,0,0,0,1,,,,,,,,,,,,,,,,,,,,,,,,,,,,,,,,,,,,,,,,,,,,,,,,,,,,,,,,,,,,,,,,,,,,,,,,,,,,,,,,,,,,,,,,,,,,,,,,
2026-27,football,USA South Athletic Conference,usa_south_athletic_confe,Belhaven,"Chaffier,Tre",Tre,Chaffier,,30197,"Chaffier,Tre","CHAFFIER,TRE",Belhaven,BU,952-5899,3,3,1,1,0,0,DL,0,,,,,,,,0,6,8,14,14,3.5,.0,.0,2,3,6,2,2,0,3,0,1,0,0,0,0,0,0,0,,,,,,,,,,,,,,,,,,,,,,,,,,,,,,,,,,,,,,,,,,,,,,,,,,,,,,,,,,,,,,,,,,,,,,,,,,,,,,,,,,,,,,,,,,,,,,,,
2026-27,football,USA South Athletic Conference,usa_south_athletic_confe,Belhaven,"Davis,John",John,Davis,,30197,"Davis,John","DAVIS,JOHN",Belhaven,BU,952-5757,3,2,1,1D,0,WR,0,0,,,,,,,,0,0,0,0,0,.0,.0,.0,0,0,0,0,0,0,0,0,0,0,0,0,0,0,0,0,,,,,,,,,,,,,,,,,,,,8,154,0,42,19.3,,,,,,,,,,,,,,,,,,,,,,,,,,3,50,0,25,16.7,2,-3,0,0,-1.5,2,0,,,,,,,,,,,,,,,,,,,,,,,,,,,,,,,,,,,
2026-27,football,USA South Athletic Conference,usa_south_athletic_confe,Belhaven,"Harris,Jaylon",Jaylon,Harris,,30197,"Harris,Jaylon","HARRIS,JAYLON",Belhaven,BU,952-6091,2,0,2,2J,0,RB,0,0,,,,,,,,,,,,,,,,,,,,,,,,,,,,,,,,,,,,,,,,,,,3,18,19,1,0,13,6.0,9.0,1,-1,0,0,-1.0,,,,,,,,,,,,,,,,,,,,,,,,,,2,35,0,20,17.5,,,,,,,,,,,,,,,,,,,,,,,,,,,,,,,,,,,,,,,,,,
2026-27,football,USA South Athletic Conference,usa_south_athletic_confe,Belhaven,"Steele,Bralen",Bralen,Steele,,30197,"Steele,Bralen","STEELE,BRALEN",Belhaven,BU,952-5890,3,3,2,2,0,0,DB,0,,,,,,,,-1,10,4,14,14,2.0,.0,.0,2,0,13,1,1,0,8,3,1,0,0,0,0,0,1,4,,,,,,,1,-1,0,0,-1.0,,,,,,,,,,,,,,,,,,,,,,,,,,,,,,,,,,,,,,,,,,,,,,,,,,,,,,,,,,,,,,,,,,,,,,,,,,,,,,,,,,,,,
2026-27,football,USA South Athletic Conference,usa_south_athletic_confe,Belhaven,"Cacamo,Mathew",Mathew,Cacamo,,30197,"Cacamo,Mathew","CACAMO,MATHEW",Belhaven,BU,952-5885,3,3,3,3C,0,0,DB,0,,,,,,,,0,8,7,15,15,.5,.0,.0,0,1,1,0,0,0,0,0,0,0,0,0,0,0,0,0,,,,,,,,,,,,,,,,,,,,,,,,,,,,,,,,,,,,,,,,,,,,,,,,,,,,,,,,,,,,,,,,,,,,,,,,,,,,,,,,,,,,,,,,,,,,,,,,
2026-27,football,USA South Athletic Conference,usa_south_athletic_confe,Belhaven,"Desarzant,Alex",Alex,Desarzant,,30197,"Desarzant,Alex","DESARZANT,ALEX",Belhaven,BU,952-5760,3,3,4,4A,0,0,DB,0,,,,,,,,0,5,8,13,13,.5,.0,.0,0,1,0,0,0,0,0,1,1,0,0,0,0,0,1,2,,,,,,,1,0,0,0,.0,,,,,,,,,,,,,,,,,,,,,,,,,,,,,,,,,,,,,,,,,,,,,,,,,,,,,,,,,,,,,,,,,,,,,,,,,,,,,,,,,,,,,
2026-27,football,USA South Athletic Conference,usa_south_athletic_confe,Belhaven,"Lampkin,Johnathan",Johnathan,Lampkin,,30197,"Lampkin,Johnathan","LAMPKIN,JOHNATHAN",Belhaven,BU,952-6251,3,0,4,4,0,WR,0,0,,,,,,,,,,,,,,,,,,,,,,,,,,,,,,,,,,,,,,,,,,,1,3,3,0,0,3,3.0,1.0,4,23,0,8,5.8,,,,,,,,,,,,,,,,,,,,,,,,,,,,,,,,,,,,,,,,,,,,,,,,,,,,,,,,,,,,,,,,,,,,,,,,
2026-27,football,USA South Athletic Conference,usa_south_athletic_confe,Belhaven,"Joseph,Chance",Chance,Joseph,,30197,"Joseph,Chance","JOSEPH,CHANCE",Belhaven,BU,952-5889,2,0,5,5,0,0,DL,0,,,,,,,,0,1,0,1,1,.0,.0,.0,0,0,0,0,0,0,0,0,0,0,0,0,0,0,0,0,,,,,,,,,,,,,,,,,,,,,,,,,,,,,,,,,,,,,,,,,,,,,,,,,,,,,,,,,,,,,,,,,,,,,,,,,,,,,,,,,,,,,,,,,,,,,,,,
2026-27,football,USA South Athletic Conference,usa_south_athletic_confe,Belhaven,"Mains,Clayton",Clayton,Mains,,30197,"Mains,Clayton","MAINS,CLAYTON",Belhaven,BU,952-6083,1,0,5,5C,0,QB,0,0,,,,,,,,,,,,,,,,,,,,,,,,,,,,,,,,,,,,,,,,,,,3,3,9,6,0,5,1.0,3.0,,,,,,,,,,,,,,,,,,,6,1,6,0,6,0,5,3,70.1,1.20,2.00,6.0,,,,,,,,,,,,,,,,,,,,,,,,,,,,,,,,,,,,,,,,,,,,,,,
2026-27,football,USA South Athletic Conference,usa_south_athletic_confe,Belhaven,"Williams,Cayson",Cayson,Williams,,30197,"Williams,Cayson","WILLIAMS,CAYSON",Belhaven,BU,952-6253,3,0,6,6C,0,RB,0,0,,,,,,,,0,0,0,0,0,.0,.0,.0,0,0,0,0,0,0,0,0,0,0,0,0,0,0,0,0,,,,,,,,,,,,12,36,42,6,2,16,3.0,12.0,,,,,,,0,2,0,0,0,0,0,0,0,12,12,4,,,,,,,,,,,,,,,,,,,,,,,1,1,,,,,,,,,,,,,,,,,,,,,,,,,,,,,,,,,,,
2026-27,football,USA South Athletic Conference,usa_south_athletic_confe,Belhaven,"Locastro,Wyatt",Wyatt,Locastro,,30197,"Locastro,Wyatt","LOCASTRO,WYATT",Belhaven,BU,952-5756,1,1,7,7,0,WR,0,0,,,,,,,,,,,,,,,,,,,,,,,,,,,,,,,,,,,,,,,,,,,,,,,,,,,,,,,,,,,,,,,,,,,,,,,,,,,,,,,,,,,,,,,,,,,,,,,,,,,,,,,,,,,,,,,,,,,,,,,,,,,,,,,
2026-27,football,USA South Athletic Conference,usa_south_athletic_confe,Belhaven,"Buchanan,Grant",Grant,Buchanan,,30197,"Buchanan,Grant","BUCHANAN,GRANT",Belhaven,BU,952-5754,3,0,8,8,0,WR,0,0,,,,,,,,0,0,1,1,1,.0,.0,.0,0,0,0,0,0,0,0,0,0,0,0,0,0,0,0,0,,,,,,,,,,,,,,,,,,,,,,,,,,,,,,,,,,,,,,,,,,,,,,,,,,,,,,,,,,,,,,,,,,,,,,,,,,,,,,,,,,,,,,,,,,,,,,,,
2026-27,football,USA South Athletic Conference,usa_south_athletic_confe,Belhaven,"Boatman,Lyndell",Lyndell,Boatman,,30197,"Boatman,Lyndell","BOATMAN,LYNDELL",Belhaven,BU,952-6080,3,0,9,9,0,0,0,0,,,,,,,,0,0,0,0,0,.0,.0,.0,0,0,0,0,0,0,0,0,0,0,0,0,0,0,0,0,,,,,,,,,,,,,,,,,,,,,,,,,,10,0,2,0,0,0,0,0,0,16,16,5.33,,,,,,,,,,,,,,,,,,,,,,,,,,,,,,2,3,41,0,66.7,10,10,0,0,0,0,0,0,0,0,0,0,,,,,,,,,,,,,
2026-27,football,USA South Athletic Conference,usa_south_athletic_confe,Belhaven,"Winfield,Dwayne",Dwayne,Winfield,,30197,"Winfield,Dwayne","WINFIELD,DWAYNE",Belhaven,BU,952-6098,3,0,9,9W,0,WR,0,0,,,,,,,,0,0,0,0,0,.0,.0,.0,0,0,0,0,0,0,0,0,0,0,0,0,0,0,0,0,,,,,,,,,,,,,,,,,,,,5,43,1,16,8.6,,0,1,0,0,0,0,0,0,0,6,6,2,,,,,,,,,,,,,,,,,,,,,,,,,,,,,,,,,,,,,,,,,,,,,,,,,,,,,,,,,,,
2026-27,football,USA South Athletic Conference,usa_south_athletic_confe,Belhaven,"Roberts,Xander",Xander,Roberts,,30197,"Roberts,Xander","ROBERTS,XANDER",Belhaven,BU,952-6092,3,3,10,10,0,0,DB,0,,,,,,,,0,11,1,12,12,1.0,.0,.0,1,0,1,0,0,0,0,4,0,0,0,1,1,0,0,4,,,,,,,,,,,,,,,,,,,,,,,,,,,,,,,,,,,,,,,,,,,,,,,,,,,,,,,,,,,,0,0,,,,,,,,,,,,,,,,,,,,,,,,,,,,,,,,,,,
2026-27,football,USA South Athletic Conference,usa_south_athletic_confe,Belhaven,"Carruth,Cannon",Cannon,Carruth,,30197,"Carruth,Cannon","CARRUTH,CANNON",Belhaven,BU,952-5919,3,3,11,11,0,WR,0,0,,,,,,,,,,,,,,,,,,,,,,,,,,,,,,,,,,,,,,,,,,,,,,,,,,,6,111,0,42,18.5,,,,,,,,,,,,,,,,,,,,,,,,,,,,,,,,,,,,,,,,,,,,,,,,,,,,,,,,,,,,,,,,,,,,,,,,
2026-27,football,USA South Athletic Conference,usa_south_athletic_confe,Belhaven,"Sutton,Terrell",Terrell,Sutton,,30197,"Sutton,Terrell","SUTTON,TERRELL",Belhaven,BU,952-5951,3,3,11,1S,0,0,LB,0,,,,,,,,0,6,9,15,15,4.0,.0,.0,2,4,15,0,0,0,0,0,0,0,0,0,1,0,0,0,,,,,,,,,,,,,,,,,,,,,,,,,,,,,,,,,,,,,,,,,,,,,,,,,,,,,,,,,,,,0,0,,,,,,,,,,,,,,,,,,,,,,,,,,,,,,,,,,,
2026-27,football,USA South Athletic Conference,usa_south_athletic_confe,Belhaven,"Douglas,Zaire",Zaire,Douglas,,30197,"Douglas,Zaire","DOUGLAS,ZAIRE",Belhaven,BU,952-6255,1,0,12,1Z,0,0,DB,0,,,,,,,,,,,,,,,,,,,,,,,,,,,,,,,,,,,,,,,,,,,,,,,,,,,,,,,,,,,,,,,,,,,,,,,,,,,,,,,,,,,,,,,,,,,,,,,,,,,,,,,,,,,,,,,,,,,,,,,,,,,,,,,
2026-27,football,USA South Athletic Conference,usa_south_athletic_confe,Belhaven,"Wilson,Cruz",Cruz,Wilson,,30197,"Wilson,Cruz","WILSON,CRUZ",Belhaven,BU,952-6119,3,2,12,1W,0,WR,0,0,,,,,,,,,,,,,,,,,,,,,,,,,,,,,,,,,,,,,,,,,,,,,,,,,,,1,5,0,5,5.0,,,,,,,,,,,,,,,,,,,,,,,,,,,,,,,,,,,,,,,,,,,,,,,,,,,,,,,,,,,,,,,,,,,,,,,,
2026-27,football,USA South Athletic Conference,usa_south_athletic_confe,Belhaven,"Snowden,Tariot",Tariot,Snowden,,30197,"Snowden,Tariot","SNOWDEN,TARIOT",Belhaven,BU,952-6084,1,0,13,1T,0,0,DB,0,,,,,,,,0,0,1,1,1,.0,.0,.0,0,0,0,0,0,0,0,0,0,0,0,0,0,0,0,0,,,,,,,,,,,,,,,,,,,,,,,,,,,,,,,,,,,,,,,,,,,,,,,,,,,,,,,,,,,,,,,,,,,,,,,,,,,,,,,,,,,,,,,,,,,,,,,,
2026-27,football,USA South Athletic Conference,usa_south_athletic_confe,Belhaven,"Fricke,Gabe",Gabe,Fricke,,30197,"Fricke,Gabe","FRICKE,GABE",Belhaven,BU,952-6097,3,3,14,1G,0,TE,0,0,,,,,,,,,,,,,,,,,,,,,,,,,,,,,,,,,,,,,,,,,,,,,,,,,,,1,8,0,8,8.0,,,,,,,,,,,,,,,,,,,,,,,,,,,,,,,,,,,,,,,,,,,,,,,,,,,,,,,,,,,,,,,,,,,,,,,,
2026-27,football,USA South Athletic Conference,usa_south_athletic_confe,Belhaven,"Byrd,Jimmy",Jimmy,Byrd,,30197,"Byrd,Jimmy","BYRD,JIMMY",Belhaven,BU,952-5739,3,3,15,15,0,0,DL,0,,,,,,,,0,6,8,14,14,3.5,.0,.0,2,3,14,2,2,0,11,0,0,2,0,0,2,0,0,0,,,,,,,,,,,,,,,,,,,,,,,,,,,,,,,,,,,,,,,,,,,,,,,,,,,,,,,,,,,,0,0,,,,,,,,,,,,,,,,,,,,,,,,,,,,,,,,,,,
2026-27,football,USA South Athletic Conference,usa_south_athletic_confe,Belhaven,"Usrey,Bryton",Bryton,Usrey,,30197,"Usrey,Bryton","USREY,BRYTON",Belhaven,BU,952-6257,1,0,16,1U,0,QB,0,0,,,,,,,,0,0,1,1,1,.5,.0,.0,0,1,1,0,0,0,0,0,0,0,0,0,0,0,0,0,,,,,,,,,,,,,,,,,,,,,,,,,,,,,,,,,,,,,,,,,,,,,,,,,,,,,,,,,,,,,,,,,,,,,,,,,,,,,,,,,,,,,,,,,,,,,,,,
2026-27,football,USA South Athletic Conference,usa_south_athletic_confe,Belhaven,"Norwood,Draten",Draten,Norwood,,30197,"Norwood,Draten","NORWOOD,DRATEN",Belhaven,BU,952-6262,3,0,17,17,0,TE,0,0,,,,,,,,0,1,0,1,1,.0,.0,.0,0,0,0,0,0,0,0,0,0,0,0,0,0,0,0,0,,,,,,,,,,,,,,,,,,,,9,60,0,17,6.7,,,,,,,,,,,,,,,,,,,,,,,,,,,,,,,,,,,,,,,,,,,,,,,,,,,,,,,,,,,,,,,,,,,,,,,,
2026-27,football,USA South Athletic Conference,usa_south_athletic_confe,Belhaven,"Lee,Dertavious",Dertavious,Lee,,30197,"Lee,Dertavious","LEE,DERTAVIOUS",Belhaven,BU,952-6259,1,0,18,18,0,WR,0,0,,,,,,,,,,,,,,,,,,,,,,,,,,,,,,,,,,,,,,,,,,,,,,,,,,,,,,,,,,,,,,,,,,,,,,,,,,,,,,,,,,,,,,,,,,,,,,,,,,,,,,,,,,,,,,,,,,,,,,,,,,,,,,,
2026-27,football,USA South Athletic Conference,usa_south_athletic_confe,Belhaven,"Burleson,Ian",Ian,Burleson,,30197,"Burleson,Ian","BURLESON,IAN",Belhaven,BU,952-6260,3,3,19,1B,0,QB,0,0,,,,,,,,0,0,0,0,0,.0,.0,.0,0,0,0,0,0,0,0,0,0,0,0,0,0,0,0,0,,,,,,,,,,,,15,25,66,41,1,14,1.7,8.3,,,,,,,0,1,0,0,0,0,0,0,0,6,6,2,39,5,82,3,657,4,90,45,113.4,7.30,14.60,219.0,,,,,,,,,,,2,2,,,,,,,,,,,0,0,0,0,1,0,1,0,0,0,0,0,,,,,,,,,,,,,
2026-27,football,USA South Athletic Conference,usa_south_athletic_confe,Belhaven,"Norris,Kyle",Kyle,Norris,,30197,"Norris,Kyle","NORRIS,KYLE",Belhaven,BU,952-5758,3,0,19,19,0,0,0,0,,,,,,,,,,,,,,,,,,,,,,,,,,,,,,,,,,,,,,,,,,,,,,,,,,,,,,,,,,,,,,,,,,,,,,,,,,,,,,,,,,,,,,,,,,,,,10,571,1,3,57.1,,,,,,,,,,,,,,,,,,,,,,14,604,57,0,3,3,4,2,43.1
2026-27,football,USA South Athletic Conference,usa_south_athletic_confe,Belhaven,"Stevens,Martavious",Martavious,Stevens,,30197,"Stevens,Martavious","STEVENS,MARTAVIOUS",Belhaven,BU,952-5891,3,0,20,2M,0,RB,0,0,,,,,,,,,,,,,,,,,,,,,,,,,,,,,,,,,,,,,,,,,,,11,92,92,0,0,49,8.4,30.7,,,,,,,,,,,,,,,,,,,,,,,,,,,,,,,,,,,,,,,,,,,,,,,,,,,,,,,,,,,,,,,,,,,,,,,,,,,,,
2026-27,football,USA South Athletic Conference,usa_south_athletic_confe,Belhaven,"Taylor,Ryan",Ryan,Taylor,,30197,"Taylor,Ryan","TAYLOR,RYAN",Belhaven,BU,952-6090,2,0,20,2R,0,0,DB,0,,,,,,,,0,3,0,3,3,.0,.0,.0,0,0,0,0,0,0,0,0,0,0,0,0,0,0,0,0,,,,,,,,,,,,,,,,,,,,,,,,,,,,,,,,,,,,,,,,,,,,,,,,,,,,,,,,,,,,,,,,,,,,,,,,,,,,,,,,,,,,,,,,,,,,,,,,
2026-27,football,USA South Athletic Conference,usa_south_athletic_confe,Belhaven,"Browning,Kaleb",Kaleb,Browning,,30197,"Browning,Kaleb","BROWNING,KALEB",Belhaven,BU,952-6261,3,0,21,21,0,RB,0,0,,,,,,,,,,,,,,,,,,,,,,,,,,,,,,,,,,,,,,,,,,,10,42,43,1,0,14,4.2,14.0,1,5,0,5,5.0,,,,,,,,,,,,,,,,,,,,,,,,,,,,,,,,,,,,,,,,,,,,,,,,,,,,,,,,,,,,,,,,,,,,,,,,
2026-27,football,USA South Athletic Conference,usa_south_athletic_confe,Belhaven,"Hendrichovsky,Andrew",Andrew,Hendrichovsky,,30197,"Hendrichovsky,Andrew","HENDRICHOVSKY,ANDREW",Belhaven,BU,952-6103,3,0,24,24,0,0,DB,0,,,,,,,,0,5,3,8,8,.0,.0,.0,0,0,0,0,0,0,0,0,1,0,0,0,0,0,0,0,,,,,,,,,,,,,,,,,,,,,,,,,,,,,,,,,,,,,,,,,,,,,,,,,,,,,,,,,,,,,,,,,,,,,,,,,,,,,,,,,,,,,,,,,,,,,,,,
2026-27,football,USA South Athletic Conference,usa_south_athletic_confe,Belhaven,"Pennebaker,Knox",Knox,Pennebaker,,30197,"Pennebaker,Knox","PENNEBAKER,KNOX",Belhaven,BU,952-6264,1,0,25,25,0,0,DB,0,,,,,,,,0,1,0,1,1,.0,.0,.0,0,0,0,0,0,0,0,0,0,0,0,0,0,0,0,0,,,,,,,,,,,,,,,,,,,,,,,,,,,,,,,,,,,,,,,,,,,,,,,,,,,,,,,,,,,,,,,,,,,,,,,,,,,,,,,,,,,,,,,,,,,,,,,,
2026-27,football,USA South Athletic Conference,usa_south_athletic_confe,Belhaven,"Craven,John Ross",John Ross,Craven,,30197,"Craven,John Ross","CRAVEN,JOHN ROSS",Belhaven,BU,952-5757,3,3,26,26,0,0,LB,0,,,,,,,,0,6,12,18,18,1.5,.0,.0,1,1,2,0,0,0,0,0,1,4,0,0,1,0,0,0,,,,,,,,,,,,,,,,,,,,,,,,,,,,,,,,,,,,,,,,,,,,,,,,,,,,,,,,,,,,0,0,,,,,,,,,,,,,,,,,,,,,,,,,,,,,,,,,,,
2026-27,football,USA South Athletic Conference,usa_south_athletic_confe,Belhaven,"Artis,Montavian",Montavian,Artis,,30197,"Artis,Montavian","ARTIS,MONTAVIAN",Belhaven,BU,952-5884,1,0,29,2A,0,RB,0,0,,,,,,,,,,,,,,,,,,,,,,,,,,,,,,,,,,,,,,,,,,,,,,,,,,,,,,,,,,,,,,,,,,,,,,,,,,,,,,,,,,,,,,,,,,,,,,,,,,,,,,,,,,,,,,,,,,,,,,,,,,,,,,,
2026-27,football,USA South Athletic Conference,usa_south_athletic_confe,Belhaven,"Miller,Za'Baius",Za'Baius,Miller,,30197,"Miller,Za'Baius","MILLER,ZA'BAIUS",Belhaven,BU,952-5883,1,0,29,2Z,0,0,DB,0,,,,,,,,0,1,0,1,1,.0,.0,.0,0,0,0,0,0,0,0,0,0,0,0,0,0,0,0,0,,,,,,,,,,,,,,,,,,,,,,,,,,,,,,,,,,,,,,,,,,,,,,,,,,,,,,,,,,,,,,,,,,,,,,,,,,,,,,,,,,,,,,,,,,,,,,,,
2026-27,football,USA South Athletic Conference,usa_south_athletic_confe,Belhaven,"Jones,Will",Will,Jones,,30197,"Jones,Will","JONES,WILL",Belhaven,BU,952-6268,2,0,30,30,0,TE,0,0,,,,,,,,0,1,0,1,1,.0,.0,.0,0,0,0,0,0,0,0,0,0,0,0,0,0,0,0,0,,,,,,,,,,,,,,,,,,,,3,154,1,82,51.3,,0,1,0,0,0,0,0,0,0,6,6,3,,,,,,,,,,,,,,,,,,,,,,,,,,,,,,,,,,,,,,,,,,,,,,,,,,,,,,,,,,,
2026-27,football,USA South Athletic Conference,usa_south_athletic_confe,Belhaven,"Burkley,Jayden",Jayden,Burkley,,30197,"Burkley,Jayden","BURKLEY,JAYDEN",Belhaven,BU,952-6270,1,0,34,34,0,RB,0,0,,,,,,,,,,,,,,,,,,,,,,,,,,,,,,,,,,,,,,,,,,,,,,,,,,,,,,,,,,,,,,,,,,,,,,,,,,,,,,,,,,,,,,,,,,,,,,,,,,,,,,,,,,,,,,,,,,,,,,,,,,,,,,,
2026-27,football,USA South Athletic Conference,usa_south_athletic_confe,Belhaven,"Bullin,London",London,Bullin,,30197,"Bullin,London","BULLIN,LONDON",Belhaven,BU,952-6132,2,0,35,35,0,0,DL,0,,,,,,,,0,2,3,5,5,.0,.0,.0,0,0,0,0,0,0,0,0,0,0,0,0,0,0,0,0,,,,,,,,,,,,,,,,,,,,,,,,,,,,,,,,,,,,,,,,,,,,,,,,,,,,,,,,,,,,,,,,,,,,,,,,,,,,,,,,,,,,,,,,,,,,,,,,
2026-27,football,USA South Athletic Conference,usa_south_athletic_confe,Belhaven,"Tabor,Julien",Julien,Tabor,,30197,"Tabor,Julien","TABOR,JULIEN",Belhaven,BU,952-6100,3,3,38,38,0,RB,0,0,,,,,,,,0,0,1,1,1,.0,.0,.0,0,0,0,0,0,0,0,0,0,0,0,0,0,0,0,0,,,,,,,,,,,,56,286,300,14,3,62,5.1,95.3,3,37,0,33,12.3,,0,3,0,0,0,0,0,0,0,18,18,6,,,,,,,,,,,,,,,,,,,,,,,,,,,,,,,,,,,,,,,,,,,,,,,,,,,,,,,,,,,
2026-27,football,USA South Athletic Conference,usa_south_athletic_confe,Belhaven,"Bullock,Brayden",Brayden,Bullock,,30197,"Bullock,Brayden","BULLOCK,BRAYDEN",Belhaven,BU,952-5895,3,3,45,45,0,0,LB,0,,,,,,,,0,8,8,16,16,2.0,.0,.0,0,4,5,0,0,0,0,0,1,2,0,0,0,0,0,0,,,,,,,,,,,,,,,,,,,,,,,,,,,,,,,,,,,,,,,,,,,,,,,,,,,,,,,,,,,,,,,,,,,,,,,,,,,,,,,,,,,,,,,,,,,,,,,,
2026-27,football,USA South Athletic Conference,usa_south_athletic_confe,Belhaven,"DeAngelo,Jacob",Jacob,DeAngelo,,30197,"DeAngelo,Jacob","DEANGELO,JACOB",Belhaven,BU,952-6106,3,0,47,47,0,TE,0,0,,,,,,,,0,1,0,1,1,.0,.0,.0,0,0,0,0,0,0,0,0,0,0,0,0,0,0,0,0,,,,,,,,,,,,1,1,1,0,1,1,1.0,.3,0,0,0,0,.0,,0,1,0,0,0,0,0,0,0,6,6,2,,,,,,,,,,,,,,,,,,,,,,,,,,,,,,,,,,,,,,,,,,,,,,,,,,,,,,,,,,,
2026-27,football,USA South Athletic Conference,usa_south_athletic_confe,Belhaven,"Anderson,Stephen",Stephen,Anderson,,30197,"Anderson,Stephen","ANDERSON,STEPHEN",Belhaven,BU,952-6107,2,0,51,51,0,0,LB,0,,,,,,,,,,,,,,,,,,,,,,,,,,,,,,,,,,,,,,,,,,,,,,,,,,,,,,,,,,,,,,,,,,,,,,,,,,,,,,,,,,,,,,,,,,,,,,,,,,,,,,,,,,,,,,,,,,,,,,,,,,,,,,,
2026-27,football,USA South Athletic Conference,usa_south_athletic_confe,Belhaven,"Harris,Tommaj",Tommaj,Harris,,30197,"Harris,Tommaj","HARRIS,TOMMAJ",Belhaven,BU,952-6279,1,0,52,52,0,0,LB,0,,,,,,,,,,,,,,,,,,,,,,,,,,,,,,,,,,,,,,,,,,,,,,,,,,,,,,,,,,,,,,,,,,,,,,,,,,,,,,,,,,,,,,,,,,,,,,,,,,,,,,,,,,,,,,,,,,,,,,,,,,,,,,,
2026-27,football,USA South Athletic Conference,usa_south_athletic_confe,Belhaven,"Erves,Jordyn",Jordyn,Erves,,30197,"Erves,Jordyn","ERVES,JORDYN",Belhaven,BU,952-5900,3,3,53,53,0,OL,0,0,,,,,,,,,,,,,,,,,,,,,,,,,,,,,,,,,,,,,,,,,,,,,,,,,,,,,,,,,,,,,,,,,,,,,,,,,,,,,,,,,,,,,,,,,,,,,,,,,,,,,,,,,,,,,,,,,,,,,,,,,,,,,,,
2026-27,football,USA South Athletic Conference,usa_south_athletic_confe,Belhaven,"Lazenby,Jordan",Jordan,Lazenby,,30197,"Lazenby,Jordan","LAZENBY,JORDAN",Belhaven,BU,952-5901,2,2,54,54,0,0,DL,0,,,,,,,,0,1,1,2,2,1.0,.0,.0,1,0,1,0,0,0,0,0,0,0,0,0,0,0,0,0,,,,,,,,,,,,,,,,,,,,,,,,,,,,,,,,,,,,,,,,,,,,,,,,,,,,,,,,,,,,,,,,,,,,,,,,,,,,,,,,,,,,,,,,,,,,,,,,
2026-27,football,USA South Athletic Conference,usa_south_athletic_confe,Belhaven,"Bayles,Eli",Eli,Bayles,,30197,"Bayles,Eli","BAYLES,ELI",Belhaven,BU,952-5750,3,3,61,61,0,OL,0,0,,,,,,,,0,1,0,1,1,.0,.0,.0,0,0,0,0,0,0,0,0,0,0,0,0,0,0,0,0,,,,,,,,,,,,1,1,1,0,0,1,1.0,.3,,,,,,,,,,,,,,,,,,,,,,,,,,,,,,,,,,,,,,,,,1,1,,,,,,,,,,,,,,,,,,,,,,,,,,,,,,,,,,,
2026-27,football,USA South Athletic Conference,usa_south_athletic_confe,Belhaven,"Harper II,Ronell",Ronell,Harper II,,30197,"Harper II,Ronell","HARPER II,RONELL",Belhaven,BU,952-6283,3,3,62,62,0,OL,0,0,,,,,,,,,,,,,,,,,,,,,,,,,,,,,,,,,,,,,,,,,,,,,,,,,,,,,,,,,,,,,,,,,,,,,,,,,,,,,,,,,,,,,,,,,,,,,,,,,,,,,,,,,,,,,,,,,,,,,,,,,,,,,,,
2026-27,football,USA South Athletic Conference,usa_south_athletic_confe,Belhaven,"Farrior,Breck",Breck,Farrior,,30197,"Farrior,Breck","FARRIOR,BRECK",Belhaven,BU,952-5751,1,0,63,63,0,OL,0,0,,,,,,,,,,,,,,,,,,,,,,,,,,,,,,,,,,,,,,,,,,,,,,,,,,,,,,,,,,,,,,,,,,,,,,,,,,,,,,,,,,,,,,,,,,,,,,,,,,,,,,,,,,,,,,,,,,,,,,,,,,,,,,,
2026-27,football,USA South Athletic Conference,usa_south_athletic_confe,Belhaven,"Woods,Guy",Guy,Woods,,30197,"Woods,Guy","WOODS,GUY",Belhaven,BU,952-6113,1,0,66,66,0,OL,0,0,,,,,,,,,,,,,,,,,,,,,,,,,,,,,,,,,,,,,,,,,,,,,,,,,,,,,,,,,,,,,,,,,,,,,,,,,,,,,,,,,,,,,,,,,,,,,,,,,,,,,,,,,,,,,,,,,,,,,,,,,,,,,,,
2026-27,football,USA South Athletic Conference,usa_south_athletic_confe,Belhaven,"Landing,Garrett",Garrett,Landing,,30197,"Landing,Garrett","LANDING,GARRETT",Belhaven,BU,952-6288,3,3,70,70,0,OL,0,0,,,,,,,,0,1,0,1,1,.0,.0,.0,0,0,0,0,0,0,0,0,0,0,0,0,0,0,0,0,,,,,,,,,,,,,,,,,,,,,,,,,,,,,,,,,,,,,,,,,,,,,,,,,,,,,,,,,,,,,,,,,,,,,,,,,,,,,,,,,,,,,,,,,,,,,,,,
2026-27,football,USA South Athletic Conference,usa_south_athletic_confe,Belhaven,"Harris,Ja'Tarvis",Ja'Tarvis,Harris,,30197,"Harris,Ja'Tarvis","HARRIS,JA'TARVIS",Belhaven,BU,952-5738,3,3,72,72,0,OL,0,0,,,,,,,,,,,,,,,,,,,,,,,,,,,,,,,,,,,,,,,,,,,,,,,,,,,,,,,,,,,,,,,,,,,,,,,,,,,,,,,,,,,,,,,,,,,,,,,,,,,,,,,,,,,,,,,,,,,,,,,,,,,,,,,
2026-27,football,USA South Athletic Conference,usa_south_athletic_confe,Belhaven,"Philip,Nehemiah",Nehemiah,Philip,,30197,"Philip,Nehemiah","PHILIP,NEHEMIAH",Belhaven,BU,952-6120,3,1,83,83,0,WR,0,0,,,,,,,,0,0,0,0,0,.0,.0,.0,0,0,0,0,0,0,0,0,0,0,0,0,0,0,0,0,,,,,,,,,,,,,,,,,,,,6,64,1,26,10.7,,0,2,0,0,0,0,0,0,0,12,12,4,,,,,,,,,,,,,0,41,1,41,.0,,,,,,,,,,,,,,,,,,,,,,,,,,,,,,,,,,,,,,,,,,
2026-27,football,USA South Athletic Conference,usa_south_athletic_confe,Belhaven,"Slaton,Javon",Javon,Slaton,,30197,"Slaton,Javon","SLATON,JAVON",Belhaven,BU,952-6299,2,0,84,84,0,WR,0,0,,,,,,,,0,0,0,0,0,.0,.0,.0,0,0,0,0,0,0,0,0,0,0,0,0,0,0,0,0,,,,,,,,,,,,,,,,,,,,,,,,,,0,0,0,0,0,0,0,0,0,0,0,0,,,,,,,,,,,,,8,197,0,59,24.6,,,,,,1,0,,,,,,,,,,,,,,,,,,,,,,,,,,,,,,,,,,,
2026-27,football,USA South Athletic Conference,usa_south_athletic_confe,Belhaven,"Jackson,Quincy",Quincy,Jackson,,30197,"Jackson,Quincy","JACKSON,QUINCY",Belhaven,BU,952-6307,3,1,93,93,0,0,DL,0,,,,,,,,0,6,8,14,14,5.0,.0,.0,2,6,19,1.5,1,1,12,1,0,4,0,0,0,0,0,1,,,,,,,,,,,,,,,,,,,,,,,,,,,,,,,,,,,,,,,,,,,,,,,,,,,,,,,,,,,,,,,,,,,,,,,,,,,,,,,,,,,,,,,,,,,,,,,,
2026-27,football,USA South Athletic Conference,usa_south_athletic_confe,Belhaven,"Dearbone,TarJon",TarJon,Dearbone,,30197,"Dearbone,TarJon","DEARBONE,TARJON",Belhaven,BU,952-6308,1,0,94,94,0,0,DL,0,,,,,,,,,,,,,,,,,,,,,,,,,,,,,,,,,,,,,,,,,,,,,,,,,,,,,,,,,,,,,,,,,,,,,,,,,,,,,,,,,,,,,,,,,,,,,,,,,,,,,,,,,,,,,,,,,,,,,,,,,,,,,,,
2026-27,football,USA South Athletic Conference,usa_south_athletic_confe,Belhaven,"Collins,Isaiah",Isaiah,Collins,,30197,"Collins,Isaiah","COLLINS,ISAIAH",Belhaven,BU,952-6131,2,0,95,95,0,0,DL,0,,,,,,,,0,0,1,1,1,.0,.0,.0,0,0,0,0,0,0,0,0,0,0,0,0,0,0,0,0,,,,,,,,,,,,,,,,,,,,,,,,,,,,,,,,,,,,,,,,,,,,,,,,,,,,,,,,,,,,,,,,,,,,,,,,,,,,,,,,,,,,,,,,,,,,,,,,
2026-27,football,USA South Athletic Conference,usa_south_athletic_confe,Belhaven,"Dial,Matthew",Matthew,Dial,,30197,"Dial,Matthew","DIAL,MATTHEW",Belhaven,BU,952-6250,2,0,3,3,0,QB,0,0,,,,,,,,,,,,,,,,,,,,,,,,,,,,,,,,,,,,,,,,,,,2,-4,0,4,0,0,-2.0,-2.0,,,,,,,,,,,,,,,,,,,,,,,,,,,,,,,,,,,,,,,,,,,,,,,,,,,,,,,,,,,,,,,,,,,,,,,,,,,,,
2026-27,football,USA South Athletic Conference,usa_south_athletic_confe,Belhaven,"Byrd Jr.,Jesse",Jesse,Byrd Jr.,,30197,"Byrd Jr.,Jesse","BYRD JR.,JESSE",Belhaven,BU,952-6273,1,0,39,39,0,0,DB,0,,,,,,,,0,0,1,1,1,.0,.0,.0,0,0,0,0,0,0,0,0,0,0,0,0,0,0,0,0,,,,,,,,,,,,,,,,,,,,,,,,,,,,,,,,,,,,,,,,,,,,,,,,,,,,,,,,,,,,,,,,,,,,,,,,,,,,,,,,,,,,,,,,,,,,,,,,
2026-27,football,USA South Athletic Conference,usa_south_athletic_confe,Belhaven,"Carter,Jaivyn",Jaivyn,Carter,,30197,"Carter,Jaivyn","CARTER,JAIVYN",Belhaven,BU,952-6112,2,0,65,65,0,0,DL,0,,,,,,,,0,0,1,1,1,.5,.0,.0,0,1,1,0,0,0,0,0,0,1,0,0,0,0,0,0,,,,,,,,,,,,,,,,,,,,,,,,,,,,,,,,,,,,,,,,,,,,,,,,,,,,,,,,,,,,,,,,,,,,,,,,,,,,,,,,,,,,,,,,,,,,,,,,
2026-27,football,USA South Athletic Conference,usa_south_athletic_confe,Belhaven,"Payne,Spencer",Spencer,Payne,,30197,"Payne,Spencer","PAYNE,SPENCER",Belhaven,BU,952-6304,1,0,90,90,0,0,0,0,,,,,,,,,,,,,,,,,,,,,,,,,,,,,,,,,,,,,,,,,,,,,,,,,,,,,,,,,,,,,,,,,,,,,,,,,,,,,,,,,,,,,,,,,,,,,6,344,0,0,57.3,,,,,,,,,,,,,,,,,,,,,,,,,,,,,,
2026-27,football,USA South Athletic Conference,usa_south_athletic_confe,Belhaven,"Lusk,Nathaniel",Nathaniel,Lusk,,30197,"Lusk,Nathaniel","LUSK,NATHANIEL",Belhaven,BU,952-6095,1,0,33,33,0,RB,0,0,,,,,,,,0,1,0,1,1,.0,.0,.0,0,0,0,0,0,0,0,0,0,0,0,0,0,0,0,0,,,,,,,,,,,,,,,,,,,,,,,,,,,,,,,,,,,,,,,,,,,,,,,,,,,,,,,,,,,,,,,,,,,,,,,,,,,,,,,,,,,,,,,,,,,,,,,,
2026-27,football,USA South Athletic Conference,usa_south_athletic_confe,Belhaven,"Foreman,Duke",Duke,Foreman,,30197,"Foreman,Duke","FOREMAN,DUKE",Belhaven,BU,952-6108,1,0,55,55,0,OL,0,0,,,,,,,,0,0,1,1,1,.0,.0,.0,0,0,0,0,0,0,0,0,0,0,0,0,0,0,0,0,,,,,,,,,,,,,,,,,,,,,,,,,,,,,,,,,,,,,,,,,,,,,,,,,,,,,,,,,,,,,,,,,,,,,,,,,,,,,,,,,,,,,,,,,,,,,,,,
2026-27,football,USA South Athletic Conference,usa_south_athletic_confe,Southern Virginia,"Lackey,Jalen",Jalen,Lackey,,30164,"Lackey,Jalen","LACKEY,JALEN",Southern Virginia,SVU,857-4015,3,3,1,1,0,WR,0,0,,,,,,,,0,0,0,0,0,.0,.0,.0,0,0,0,0,0,0,0,0,0,0,0,0,0,0,0,0,,,,,,,,,,,,,,,,,,,,8,74,2,26,9.3,,0,2,0,0,0,0,0,0,0,12,12,4,,,,,,,,,,,,,,,,,,1,8,0,8,8.0,,,,,,,,,,,,,,,,,,,,,,,,,,,,,,,,,,,,,
2026-27,football,USA South Athletic Conference,usa_south_athletic_confe,Southern Virginia,"Negahnquet,Zehner",Zehner,Negahnquet,,30164,"Negahnquet,Zehner","NEGAHNQUET,ZEHNER",Southern Virginia,SVU,857-3993,3,3,2,2,0,0,LB,0,,,,,,,,0,6,9,15,15,2.0,.0,.0,0,4,8,0,0,0,0,0,0,0,0,0,1,0,0,0,,,,,,,,,,,,,,,,,,,,,,,,,,,,,,,,,,,,,,,,,,,,,,,,,,,,,,,,,,,,0,0,,,,,,,,,,,,,,,,,,,,,,,,,,,,,,,,,,,
2026-27,football,USA South Athletic Conference,usa_south_athletic_confe,Southern Virginia,"Smith,Ty",Ty,Smith,,30164,"Smith,Ty","SMITH,TY",Southern Virginia,SVU,857-4326,2,2,3,3,0,0,S,0,,,,,,,,0,4,3,7,7,.0,.0,.0,0,0,0,0,0,0,0,0,0,0,0,0,0,0,0,0,,,,,,,,,,,,,,,,,,,,,,,,,,,,,,,,,,,,,,,,,,,,,,,,,,,,,,,,,,,,,,,,,,,,,,,,,,,,,,,,,,,,,,,,,,,,,,,,
2026-27,football,USA South Athletic Conference,usa_south_athletic_confe,Southern Virginia,"Oyler,Nick",Nick,Oyler,,30164,"Oyler,Nick","OYLER,NICK",Southern Virginia,SVU,857-4018,1,0,4,4,0,0,DL,0,,,,,,,,0,1,0,1,1,.0,.0,.0,0,0,0,0,0,0,0,0,0,0,0,0,0,0,0,0,,,,,,,,,,,,,,,,,,,,,,,,,,,,,,,,,,,,,,,,,,,,,,,,,,,,,,,,,,,,,,,,,,,,,,,,,,,,,,,,,,,,,,,,,,,,,,,,
2026-27,football,USA South Athletic Conference,usa_south_athletic_confe,Southern Virginia,"Scales,Demonta",Demonta,Scales,,30164,"Scales,Demonta","SCALES,DEMONTA",Southern Virginia,SVU,857-4101,3,0,5,5,0,WR,0,0,,,,,,,,,,,,,,,,,,,,,,,,,,,,,,,,,,,,,,,,,,,1,-7,0,7,0,0,-7.0,-2.3,5,22,0,12,4.4,,,,,,,,,,,,,,,,,,,,,,,,,,,,,,,,,,,,,,,,,,,,,,,,,,,,,,,,,,,,,,,,,,,,,,,,
2026-27,football,USA South Athletic Conference,usa_south_athletic_confe,Southern Virginia,"Bosco,Dominic",Dominic,Bosco,,30164,"Bosco,Dominic","BOSCO,DOMINIC",Southern Virginia,SVU,857-4295,3,3,6,6,0,0,LB,0,,,,,,,,0,11,6,17,17,2.0,.0,.0,2,0,12,1,1,0,9,0,0,0,0,0,0,0,0,0,,,,,,,,,,,,,,,,,,,,1,2,1,2,2.0,,0,1,0,0,0,0,0,0,0,6,6,2,,,,,,,,,,,,,,,,,,,,,,,,,,,,,,,,,,,,,,,,,,,,,,,,,,,,,,,,,,,
2026-27,football,USA South Athletic Conference,usa_south_athletic_confe,Southern Virginia,"Martin,Lucas",Lucas,Martin,,30164,"Martin,Lucas","MARTIN,LUCAS",Southern Virginia,SVU,857-3997,3,3,7,7,0,0,DB,0,,,,,,,,0,8,9,17,17,.0,.0,.0,0,0,0,0,0,0,0,0,0,0,0,0,0,0,0,0,,,,,,,,,,,,,,,,,,,,,,,,,,,,,,,,,,,,,,,,,,,,,,,,,,,,,,,,,,,,,,,,,,,,,,,,,,,,,,,,,,,,,,,,,,,,,,,,
2026-27,football,USA South Athletic Conference,usa_south_athletic_confe,Southern Virginia,"Hanson,Cade",Cade,Hanson,,30164,"Hanson,Cade","HANSON,CADE",Southern Virginia,SVU,857-4307,3,3,8,8,0,0,LB,0,,,,,,,,0,8,9,17,17,2.0,.0,.0,2,0,6,1,1,0,3,0,0,1,0,0,0,0,0,0,,,,,,,,,,,,,,,,,,,,,,,,,,,,,,,,,,,,,,,,,,,,,,,,,,,,,,,,,,,,,,,,,,,,,,,,,,,,,,,,,,,,,,,,,,,,,,,,
2026-27,football,USA South Athletic Conference,usa_south_athletic_confe,Southern Virginia,"Woods Jr.,Joseph",Joseph,Woods Jr.,,30164,"Woods Jr.,Joseph","WOODS JR.,JOSEPH",Southern Virginia,SVU,857-3951,2,1,9,9,0,0,DE,0,,,,,,,,0,1,1,2,2,.0,.0,.0,0,0,0,0,0,0,0,0,0,1,0,0,0,0,0,0,,,,,,,,,,,,,,,,,,,,,,,,,,,,,,,,,,,,,,,,,,,,,,,,,,,,,,,,,,,,,,,,,,,,,,,,,,,,,,,,,,,,,,,,,,,,,,,,
2026-27,football,USA South Athletic Conference,usa_south_athletic_confe,Southern Virginia,"Pese,Scott",Scott,Pese,,30164,"Pese,Scott","PESE,SCOTT",Southern Virginia,SVU,857-4323,3,3,10,10,0,0,CB,0,,,,,,,,0,13,0,13,13,1.0,.0,.0,1,0,1,0,0,0,0,4,1,0,0,0,0,0,0,4,,,,,,,,,,,,,,,,,,,,,,,,,,,,,,,,,,,,,,,,,,,,,,,,,,,,,,,,,,,,,,,,,,,,,,,,,,,,,,,,,,,,,,,,,,,,,,,,
2026-27,football,USA South Athletic Conference,usa_south_athletic_confe,Southern Virginia,"Leo,Steven",Steven,Leo,,30164,"Leo,Steven","LEO,STEVEN",Southern Virginia,SVU,857-4315,3,0,11,11,0,WR,0,0,,,,,,,,0,1,0,1,1,.0,.0,.0,0,0,0,0,0,0,0,0,0,0,0,0,0,0,0,0,,,,,,,,,,,,,,,,,,,,3,27,0,11,9.0,,,,,,,,,,,,,,,,,,,,,,,,,,10,160,0,26,16.0,,,,,,1,0,,,,,,,,,,,,,,,,,,,,,,,,,,,,,,,,,,,
2026-27,football,USA South Athletic Conference,usa_south_athletic_confe,Southern Virginia,"Mills,Antione",Antione,Mills,,30164,"Mills,Antione","MILLS,ANTIONE",Southern Virginia,SVU,857-3946,1,0,12,12,0,RB,0,0,,,,,,,,,,,,,,,,,,,,,,,,,,,,,,,,,,,,,,,,,,,,,,,,,,,0,0,0,0,.0,,,,,,,,,,,,,,,,,,,,,,,,,,,,,,,,,,,,,,,,,,,,,,,,,,,,,,,,,,,,,,,,,,,,,,,,
2026-27,football,USA South Athletic Conference,usa_south_athletic_confe,Southern Virginia,"Langberg,Diego",Diego,Langberg,,30164,"Langberg,Diego","LANGBERG,DIEGO",Southern Virginia,SVU,857-4312,3,0,14,14,0,0,CB,0,,,,,,,,0,0,0,0,0,.0,.0,.0,0,0,0,0,0,0,0,0,0,0,0,0,0,0,0,0,,,,,,,,,,,,,,,,,,,,4,47,1,25,11.8,,0,1,0,0,0,0,0,0,0,6,6,2,,,,,,,,,,,,,,,,,,,,,,,,,,,,,,,,,,,,,,,,,,,,,,,,,,,,,,,,,,,
2026-27,football,USA South Athletic Conference,usa_south_athletic_confe,Southern Virginia,"Price,Marcus",Marcus,Price,,30164,"Price,Marcus","PRICE,MARCUS",Southern Virginia,SVU,857-4324,3,0,15,15,0,QB,0,0,,,,,,,,,,,,,,,,,,,,,,,,,,,,,,,,,,,,,,,,,,,3,-10,3,13,0,3,-3.3,-3.3,,,,,,,,,,,,,,,,,,,13,2,62,1,221,0,26,15,141.8,8.50,14.73,73.7,,,,,,,,,,,,,,,,,,,,,,,,,,,,,,,,,,,,,,,,,,,,,,,
2026-27,football,USA South Athletic Conference,usa_south_athletic_confe,Southern Virginia,"Watson,Devin",Devin,Watson,,30164,"Watson,Devin","WATSON,DEVIN",Southern Virginia,SVU,857-3950,3,3,16,16,0,QB,0,0,,,,,,,,0,0,0,0,0,.0,.0,.0,0,0,0,0,0,0,0,0,0,0,0,0,0,0,0,0,,,,,,,,,,,,24,53,84,31,1,14,2.2,17.7,,,,,,,0,1,0,0,0,0,0,0,0,6,6,2,18,3,53,6,532,2,73,42,140.4,7.29,12.67,177.3,,,,,,,,,,,2,1,,,,,,,,,,,0,0,0,0,1,0,1,0,0,0,0,0,,,,,1,49,49,0,1,0,0,0,49.0
2026-27,football,USA South Athletic Conference,usa_south_athletic_confe,Southern Virginia,"Lords,Kade",Kade,Lords,,30164,"Lords,Kade","LORDS,KADE",Southern Virginia,SVU,857-4664,3,3,17,17,0,WR,0,0,,,,,,,,,,,,,,,,,,,,,,,,,,,,,,,,,,,,,,,,,,,,,,,,,,,6,91,0,26,15.2,,,,,,,,,,,,,,,,,,,,,,,,,,,,,,,,,,,,,,,,,,,,,,,,,,,,,,,,,,,,,,,,,,,,,,,,
2026-27,football,USA South Athletic Conference,usa_south_athletic_confe,Southern Virginia,"Masi,Quinn",Quinn,Masi,,30164,"Masi,Quinn","MASI,QUINN",Southern Virginia,SVU,857-4317,3,0,18,18,0,QB,0,0,,,,,,,,,,,,,,,,,,,,,,,,,,,,,,,,,,,,,,,,,,,1,-2,0,2,0,0,-2.0,-.7,,,,,,,,,,,,,,,,,,,2,1,0,0,0,0,0,0,NaN,.00,.00,.0,,,,,,,,,,,,,,,,,,,,,,,,,,,,,,,,,,,,,,,,,,,,,,,
2026-27,football,USA South Athletic Conference,usa_south_athletic_confe,Southern Virginia,"Brown,Trevell",Trevell,Brown,,30164,"Brown,Trevell","BROWN,TREVELL",Southern Virginia,SVU,857-4638,3,0,20,20,0,0,LB,0,,,,,,,,0,3,2,5,5,.0,.0,.0,0,0,0,0,0,0,0,0,0,2,0,0,0,0,0,0,,,,,,,,,,,,,,,,,,,,,,,,,,,,,,,,,,,,,,,,,,,,,,,,,,,,,,,,,,,,,,,,,,,,,,,,,,,,,,,,,,,,,,,,,,,,,,,,
2026-27,football,USA South Athletic Conference,usa_south_athletic_confe,Southern Virginia,"Rambert,Isaiah",Isaiah,Rambert,,30164,"Rambert,Isaiah","RAMBERT,ISAIAH",Southern Virginia,SVU,857-3973,2,0,21,21,0,0,S,0,,,,,,,,0,4,2,6,6,.0,.0,.0,0,0,0,0,0,0,0,1,0,0,0,0,0,0,0,1,,,,,,,,,,,,,,,,,,,,,,,,,,,,,,,,,,,,,,,,,,,,,,,,,,,,,,,,,,,,,,,,,,,,,,,,,,,,,,,,,,,,,,,,,,,,,,,,
2026-27,football,USA South Athletic Conference,usa_south_athletic_confe,Southern Virginia,"Adams,Spike",Spike,Adams,,30164,"Adams,Spike","ADAMS,SPIKE",Southern Virginia,SVU,857-4023,3,3,22,22,0,0,LB,0,,,,,,,,0,0,0,0,0,.0,.0,.0,0,0,0,0,0,0,0,0,0,0,0,0,0,0,0,0,,,,,,,,,,,,16,97,98,1,0,72,6.1,32.3,5,46,0,19,9.2,,,,,,,,,,,,,,,,,,,,,,,,,,,,,,,,,,,,2,2,,,,,,,,,,,,,,,,,,,,,,,,,,,,,,,,,,,
2026-27,football,USA South Athletic Conference,usa_south_athletic_confe,Southern Virginia,"Vanchiere,Jax",Jax,Vanchiere,,30164,"Vanchiere,Jax","VANCHIERE,JAX",Southern Virginia,SVU,857-4330,3,3,23,23,0,WR,0,0,,,,,,,,0,1,0,1,1,.0,.0,.0,0,0,0,0,0,0,0,0,0,0,0,0,0,0,0,0,,,,,,,,,,,,,,,,,,,,10,274,2,62,27.4,,0,2,0,0,0,0,0,0,0,12,12,4,,,,,,,,,,,,,,,,,,,,,,,,,,,,,,,,,,,,,,,,,,,,,,,,,,,,,,,,,,,
2026-27,football,USA South Athletic Conference,usa_south_athletic_confe,Southern Virginia,"Heal,Dallin",Dallin,Heal,,30164,"Heal,Dallin","HEAL,DALLIN",Southern Virginia,SVU,857-4655,3,0,24,24,0,0,DB,0,,,,,,,,5,2,2,4,4,.0,.0,.0,0,0,0,0,0,0,0,1,0,0,0,0,0,0,1,2,,,,,,,1,5,0,5,5.0,,,,,,,,,,,,,,,,,,,,,,,,,,,,,,,,,,,,,,,,,,,,,,,,,,,,,,,,,,,,,,,,,,,,,,,,,,,,,,,,,,,,,
2026-27,football,USA South Athletic Conference,usa_south_athletic_confe,Southern Virginia,"Toler,Jamez",Jamez,Toler,,30164,"Toler,Jamez","TOLER,JAMEZ",Southern Virginia,SVU,857-4682,3,0,25,25,0,RB,0,0,,,,,,,,,,,,,,,,,,,,,,,,,,,,,,,,,,,,,,,,,,,16,14,20,6,0,5,.9,4.7,2,36,0,20,18.0,,,,,,,,,,,,,,,,,,,,,,,,,,2,24,0,16,12.0,3,34,0,12,11.3,,,,,,,,,,,,,,,,,,,,,,,,,,,,,,,,,,,,,
2026-27,football,USA South Athletic Conference,usa_south_athletic_confe,Southern Virginia,"Worthington,Kendrick",Kendrick,Worthington,,30164,"Worthington,Kendrick","WORTHINGTON,KENDRICK",Southern Virginia,SVU,857-4673,1,0,26,26,0,RB,0,0,,,,,,,,,,,,,,,,,,,,,,,,,,,,,,,,,,,,,,,,,,,13,19,26,7,0,7,1.5,19.0,1,2,0,2,2.0,,,,,,,,,,,,,,,,,,,,,,,,,,,,,,,,,,,,,,,,,,,,,,,,,,,,,,,,,,,,,,,,,,,,,,,,
2026-27,football,USA South Athletic Conference,usa_south_athletic_confe,Southern Virginia,"Robbins,Cody",Cody,Robbins,,30164,"Robbins,Cody","ROBBINS,CODY",Southern Virginia,SVU,857-4681,1,0,27,27,0,0,DB,0,,,,,,,,0,2,1,3,3,.0,.0,.0,0,0,0,0,0,0,0,0,0,0,0,0,0,0,0,0,,,,,,,,,,,,,,,,,,,,,,,,,,,,,,,,,,,,,,,,,,,,,,,,,,,,,,,,,,,,,,,,,,,,,,,,,,,,,,,,,,,,,,,,,,,,,,,,
2026-27,football,USA South Athletic Conference,usa_south_athletic_confe,Southern Virginia,"Baker,Brock",Brock,Baker,,30164,"Baker,Brock","BAKER,BROCK",Southern Virginia,SVU,857-4633,3,3,28,28,0,0,CB,0,,,,,,,,4,4,2,6,6,.0,.0,.0,0,0,0,0,0,0,0,0,0,0,0,0,0,0,1,1,,,,,,,1,4,0,4,4.0,,,,,,,,,,,,,,,,,,,,,,,,,,,,,,,,,,,,,,,,,,,,,,,,,,,,,,,,,,,,,,,,,,,,,,,,,,,,,,,,,,,,,
2026-27,football,USA South Athletic Conference,usa_south_athletic_confe,Southern Virginia,"Gibson,Breon",Breon,Gibson,,30164,"Gibson,Breon","GIBSON,BREON",Southern Virginia,SVU,857-4653,1,0,31,31,0,RB,0,0,,,,,,,,0,0,1,1,1,.0,.0,.0,0,0,0,0,0,0,0,0,0,0,0,0,0,0,0,0,,,,,,,,,,,,,,,,,,,,,,,,,,,,,,,,,,,,,,,,,,,,,,,,,,,,,,,,,,,,,,,,,,,,,,,,,,,,,,,,,,,,,,,,,,,,,,,,
2026-27,football,USA South Athletic Conference,usa_south_athletic_confe,Southern Virginia,"Mitchell,Christian",Christian,Mitchell,,30164,"Mitchell,Christian","MITCHELL,CHRISTIAN",Southern Virginia,SVU,857-3281,1,0,33,33,0,OL,0,0,,,,,,,,,,,,,,,,,,,,,,,,,,,,,,,,,,,,,,,,,,,,,,,,,,,,,,,,,,,,,,,,,,,,,,,,,,,,,,,,,,,,,,,,,,,,,,,,,,,,,,,,,,,,,,,,,,,,,,,,,,,,,,,
2026-27,football,USA South Athletic Conference,usa_south_athletic_confe,Southern Virginia,"Meyers,Aiden",Aiden,Meyers,,30164,"Meyers,Aiden","MEYERS,AIDEN",Southern Virginia,SVU,857-4668,3,0,36,36,0,0,S,0,,,,,,,,0,1,1,2,2,.0,.0,.0,0,0,0,0,0,0,0,0,0,0,0,0,0,0,0,0,,,,,,,,,,,,,,,,,,,,,,,,,,,,,,,,,,,,,,,,,,,,,,,,,,,,,,,,,,,,,,,,,,,,,,,,,,,,,,,,,,,,,,,,,,,,,,,,
2026-27,football,USA South Athletic Conference,usa_south_athletic_confe,Southern Virginia,"DuPaix,Brandon",Brandon,DuPaix,,30164,"DuPaix,Brandon","DUPAIX,BRANDON",Southern Virginia,SVU,857-4643,3,1,37,37,0,RB,0,0,,,,,,,,0,0,0,0,0,.0,.0,.0,0,0,0,0,0,0,0,0,0,0,0,0,0,0,0,0,,,,,,,,,,,,72,301,320,19,2,28,4.2,100.3,4,71,1,29,17.8,,0,3,0,0,0,0,0,0,0,18,18,6,,,,,,,,,,,,,,,,,,,,,,,,,,,,,,,,,,,,,,,,,,,,,,,,,,,,,,,,,,,
2026-27,football,USA South Athletic Conference,usa_south_athletic_confe,Southern Virginia,"Jessup,Stone",Stone,Jessup,,30164,"Jessup,Stone","JESSUP,STONE",Southern Virginia,SVU,857-4686,2,0,38,38,0,0,LB,0,,,,,,,,0,0,1,1,1,.0,.0,.0,0,0,0,0,0,0,0,0,0,0,0,0,0,0,0,0,,,,,,,,,,,,,,,,,,,,,,,,,,,,,,,,,,,,,,,,,,,,,,,,,,,,,,,,,,,,,,,,,,,,,,,,,,,,,,,,,,,,,,,,,,,,,,,,
2026-27,football,USA South Athletic Conference,usa_south_athletic_confe,Southern Virginia,"Peace,Nahmere",Nahmere,Peace,,30164,"Peace,Nahmere","PEACE,NAHMERE",Southern Virginia,SVU,857-4671,3,1,43,43,0,0,LB,0,,,,,,,,89,5,5,10,10,1.0,.0,.0,1,0,1,0,0,0,0,0,0,0,0,0,0,0,2,2,,,,,,,2,89,1,82,44.5,,,,,,,,,,,,,,,0,1,0,0,0,0,0,0,0,6,6,2,,,,,,,,,,,,,,,,,,,,,,,,,,,,,,,,,,,,,,,,,,,,,,,,,,,,,,,,,,,
2026-27,football,USA South Athletic Conference,usa_south_athletic_confe,Southern Virginia,"Gallini,Knox",Knox,Gallini,,30164,"Gallini,Knox","GALLINI,KNOX",Southern Virginia,SVU,857-4652,3,3,44,44,0,0,LB,0,,,,,,,,0,2,6,8,8,.0,.0,.0,0,0,0,0,0,0,0,0,0,1,0,0,0,0,0,0,,,,,,,,,,,,,,,,,,,,,,,,,,,,,,,,,,,,,,,,,,,,,,,,,,,,,,,,,,,,,,,,,,,,,,,,,,,,,,,,,,,,,,,,,,,,,,,,
2026-27,football,USA South Athletic Conference,usa_south_athletic_confe,Southern Virginia,"Balser,Rylen",Rylen,Balser,,30164,"Balser,Rylen","BALSER,RYLEN",Southern Virginia,SVU,857-4634,2,0,47,47,0,QB,0,0,,,,,,,,0,1,1,2,2,.0,.0,.0,0,0,0,0,0,0,0,0,0,0,0,0,0,0,0,0,,,,,,,,,,,,4,-29,0,29,0,0,-7.3,-14.5,,,,,,,,,,,,,,,,,,,29,3,0,0,0,0,0,0,NaN,.00,.00,.0,,,,,,,,,,,,,,,,,,,,,,,,,,,,,,,,,,,,,,,,,,,,,,,
2026-27,football,USA South Athletic Conference,usa_south_athletic_confe,Southern Virginia,"Freeman,Brady",Brady,Freeman,,30164,"Freeman,Brady","FREEMAN,BRADY",Southern Virginia,SVU,857-4650,3,3,48,48,0,0,DL,0,,,,,,,,0,4,5,9,9,3.0,.0,.0,2,2,4,1.5,1,1,1,0,0,0,0,0,0,0,0,0,,,,,,,,,,,,,,,,,,,,,,,,,,,,,,,,,,,,,,,,,,,,,,,,,,,,,,,,,,,,,,,,,,,,,,,,,,,,,,,,,,,,,,,,,,,,,,,,
2026-27,football,USA South Athletic Conference,usa_south_athletic_confe,Southern Virginia,"Smith,Miguel",Miguel,Smith,,30164,"Smith,Miguel","SMITH,MIGUEL",Southern Virginia,SVU,857-4684,2,1,53,53,0,OL,0,0,,,,,,,,,,,,,,,,,,,,,,,,,,,,,,,,,,,,,,,,,,,,,,,,,,,,,,,,,,,,,,,,,,,,,,,,,,,,,,,,,,,,,,,,,,,,,,,,,,,,,,,,,,,,,,,,,,,,,,,,,,,,,,,
2026-27,football,USA South Athletic Conference,usa_south_athletic_confe,Southern Virginia,"Hampton,Christopher",Christopher,Hampton,,30164,"Hampton,Christopher","HAMPTON,CHRISTOPHER",Southern Virginia,SVU,857-4654,1,0,54,54,0,OL,0,0,,,,,,,,,,,,,,,,,,,,,,,,,,,,,,,,,,,,,,,,,,,,,,,,,,,,,,,,,,,,,,,,,,,,,,,,,,,,,,,,,,,,,,,,,,,,,,,,,,,,,,,,,,,,,,,,,,,,,,,,,,,,,,,
2026-27,football,USA South Athletic Conference,usa_south_athletic_confe,Southern Virginia,"Simmons,Del",Del,Simmons,,30164,"Simmons,Del","SIMMONS,DEL",Southern Virginia,SVU,857-3711,3,3,55,55,0,OL,0,0,,,,,,,,,,,,,,,,,,,,,,,,,,,,,,,,,,,,,,,,,,,,,,,,,,,,,,,,,,,,,,,,,,,,,,,,,,,,,,,,,,,,,,,,,,,,,,,,,,,,,,,,,,,,,,,,,,,,,,,,,,,,,,,
2026-27,football,USA South Athletic Conference,usa_south_athletic_confe,Southern Virginia,"Robinson,Caleb",Caleb,Robinson,,30164,"Robinson,Caleb","ROBINSON,CALEB",Southern Virginia,SVU,857-4680,3,3,59,59,0,0,DL,0,,,,,,,,0,2,1,3,3,.5,.0,.0,0,1,1,0,0,0,0,0,0,0,0,0,0,0,0,0,,,,,,,,,,,,,,,,,,,,,,,,,,,,,,,,,,,,,,,,,,,,,,,,,,,,,,,,,,,,,,,,,,,,,,,,,,,,,,,,,,,,,,,,,,,,,,,,
2026-27,football,USA South Athletic Conference,usa_south_athletic_confe,Southern Virginia,"Akau,Ahyou",Ahyou,Akau,,30164,"Akau,Ahyou","AKAU,AHYOU",Southern Virginia,SVU,857-4630,1,0,60,60,0,OL,0,0,,,,,,,,,,,,,,,,,,,,,,,,,,,,,,,,,,,,,,,,,,,,,,,,,,,,,,,,,,,,,,,,,,,,,,,,,,,,,,,,,,,,,,,,,,,,,,,,,,,,,,,,,,,,,,,,,,,,,,,,,,,,,,,
2026-27,football,USA South Athletic Conference,usa_south_athletic_confe,Southern Virginia,"Bland,Isaiah",Isaiah,Bland,,30164,"Bland,Isaiah","BLAND,ISAIAH",Southern Virginia,SVU,857-4637,1,0,61,61,0,0,DE,0,,,,,,,,0,1,0,1,1,.0,.0,.0,0,0,0,0,0,0,0,0,0,0,0,0,0,0,0,0,,,,,,,,,,,,,,,,,,,,,,,,,,,,,,,,,,,,,,,,,,,,,,,,,,,,,,,,,,,,,,,,,,,,,,,,,,,,,,,,,,,,,,,,,,,,,,,,
2026-27,football,USA South Athletic Conference,usa_south_athletic_confe,Southern Virginia,"Burke,Trevor",Trevor,Burke,,30164,"Burke,Trevor","BURKE,TREVOR",Southern Virginia,SVU,857-4336,3,1,63,63,0,OL,0,0,,,,,,,,,,,,,,,,,,,,,,,,,,,,,,,,,,,,,,,,,,,,,,,,,,,,,,,,,,,,,,,,,,,,,,,,,,,,,,,,,,,,,,,,,,,,,,,,,,,,,,,,,,,,,,,,,,,,,,,,,,,,,,,
2026-27,football,USA South Athletic Conference,usa_south_athletic_confe,Southern Virginia,"Fuimaono,Trent",Trent,Fuimaono,,30164,"Fuimaono,Trent","FUIMAONO,TRENT",Southern Virginia,SVU,857-4305,2,2,64,64,0,OL,0,0,,,,,,,,,,,,,,,,,,,,,,,,,,,,,,,,,,,,,,,,,,,,,,,,,,,,,,,,,,,,,,,,,,,,,,,,,,,,,,,,,,,,,,,,,,,,,,,,,,,,,,,,,,,,,,,,,,,,,,,,,,,,,,,
2026-27,football,USA South Athletic Conference,usa_south_athletic_confe,Southern Virginia,"Lee,Ryan",Ryan,Lee,,30164,"Lee,Ryan","LEE,RYAN",Southern Virginia,SVU,857-4314,3,1,65,65,0,OL,0,0,,,,,,,,,,,,,,,,,,,,,,,,,,,,,,,,,,,,,,,,,,,,,,,,,,,,,,,,,,,,,,,,,,,,,,,,,,,,,,,,,,,,,,,,,,,,,,,,,,,,,,,,,,,,,,,,,,,,,,,,,,,,,,,
2026-27,football,USA South Athletic Conference,usa_south_athletic_confe,Southern Virginia,"Fry,Lincoln",Lincoln,Fry,,30164,"Fry,Lincoln","FRY,LINCOLN",Southern Virginia,SVU,857-4651,2,0,66,66,0,0,0,0,,,,,,,,0,0,1,1,1,.0,.0,.0,0,0,0,0,0,0,0,0,0,0,0,0,0,0,0,0,,,,,,,,,,,,,,,,,,,,,,,,,,,,,,,,,,,,,,,,,,,,,,,,,,,,,,,,,,,,,,,,,,,,,,,,,,,,,,,,,,,,,,,,,,,,,,,,
2026-27,football,USA South Athletic Conference,usa_south_athletic_confe,Southern Virginia,"Rasmussen,Sawyer",Sawyer,Rasmussen,,30164,"Rasmussen,Sawyer","RASMUSSEN,SAWYER",Southern Virginia,SVU,857-3712,2,0,68,68,0,OL,0,0,,,,,,,,0,1,0,1,1,.0,.0,.0,0,0,0,0,0,0,0,0,0,0,0,0,0,0,0,0,,,,,,,,,,,,,,,,,,,,,,,,,,,,,,,,,,,,,,,,,,,,,,,,,,,,,,,,,,,,,,,,,,,,,,,,,,,,,,,,,,,,,,,,,,,,,,,,
2026-27,football,USA South Athletic Conference,usa_south_athletic_confe,Southern Virginia,"Turner,Malachi",Malachi,Turner,,30164,"Turner,Malachi","TURNER,MALACHI",Southern Virginia,SVU,857-4676,3,2,70,70,0,OL,0,0,,,,,,,,,,,,,,,,,,,,,,,,,,,,,,,,,,,,,,,,,,,,,,,,,,,,,,,,,,,,,,,,,,,,,,,,,,,,,,,,,,,,,,,,,,,,,,,,,,,,,,,,,,,,,,,,,,,,,,,,,,,,,,,
2026-27,football,USA South Athletic Conference,usa_south_athletic_confe,Southern Virginia,"Mulauski,Alex",Alex,Mulauski,,30164,"Mulauski,Alex","MULAUSKI,ALEX",Southern Virginia,SVU,857-4670,3,0,73,73,0,0,0,0,,,,,,,,0,0,0,0,0,.0,.0,.0,0,0,0,0,0,0,0,0,0,0,0,0,0,0,0,0,,,,,,,,,,,,,,,,,,,,,,,,,,10,0,1,0,0,0,0,0,0,13,13,4.33,,,,,,,,,,,,,,,,,,,,,,,,,14,796,0,0,56.9,1,3,19,0,33.3,10,10,0,0,0,0,0,0,0,0,0,0,,,,,,,,,,,,,
2026-27,football,USA South Athletic Conference,usa_south_athletic_confe,Southern Virginia,"Cummings,Hudson",Hudson,Cummings,,30164,"Cummings,Hudson","CUMMINGS,HUDSON",Southern Virginia,SVU,857-4640,2,0,74,74,0,0,0,0,,,,,,,,,,,,,,,,,,,,,,,,,,,,,,,,,,,,,,,,,,,1,-16,0,16,0,0,-16.0,-8.0,,,,,,,,,,,,,,,,,,,,,,,,,,,,,,,,,,,,,,,,,,,1,20,0,0,20.0,,,,,,,,,,,,,,,,,,,,,,6,159,32,0,0,0,0,0,26.5
2026-27,football,USA South Athletic Conference,usa_south_athletic_confe,Southern Virginia,"Allen,Tanner",Tanner,Allen,,30164,"Allen,Tanner","ALLEN,TANNER",Southern Virginia,SVU,857-4631,3,3,75,75,0,OL,0,0,,,,,,,,,,,,,,,,,,,,,,,,,,,,,,,,,,,,,,,,,,,,,,,,,,,,,,,,,,,,,,,,,,,,,,,,,,,,,,,,,,,,,,,,,,,,,,,,,,,,,,,,,,,,,,,,,,,,,,,,,,,,,,,
2026-27,football,USA South Athletic Conference,usa_south_athletic_confe,Southern Virginia,"Fitzgerald,Jaire",Jaire,Fitzgerald,,30164,"Fitzgerald,Jaire","FITZGERALD,JAIRE",Southern Virginia,SVU,857-4645,3,0,80,80,0,WR,0,0,,,,,,,,,,,,,,,,,,,,,,,,,,,,,,,,,,,,,,,,,,,,,,,,,,,5,44,0,24,8.8,,,,,,,,,,,,,,,,,,,,,,,,,,,,,,,,,,,,,,,,,,,,,,,,,,,,,,,,,,,,,,,,,,,,,,,,
2026-27,football,USA South Athletic Conference,usa_south_athletic_confe,Southern Virginia,"Park,Payton",Payton,Park,,30164,"Park,Payton","PARK,PAYTON",Southern Virginia,SVU,857-3952,2,2,85,85,0,TE,0,0,,,,,,,,,,,,,,,,,,,,,,,,,,,,,,,,,,,,,,,,,,,,,,,,,,,,,,,,,,,,,,,,,,,,,,,,,,,,,,,,,,,,,,,,,,,,,,,,,,,,,,,,,,,,,,,,,,,,,,,,,,,,,,,
2026-27,football,USA South Athletic Conference,usa_south_athletic_confe,Southern Virginia,"Duckworth,Jayden",Jayden,Duckworth,,30164,"Duckworth,Jayden","DUCKWORTH,JAYDEN",Southern Virginia,SVU,857-4642,1,0,86,86,0,WR,0,0,,,,,,,,,,,,,,,,,,,,,,,,,,,,,,,,,,,,,,,,,,,,,,,,,,,1,10,0,10,10.0,,,,,,,,,,,,,,,,,,,,,,,,,,,,,,,,,,,,,,,,,,,,,,,,,,,,,,,,,,,,,,,,,,,,,,,,
2026-27,football,USA South Athletic Conference,usa_south_athletic_confe,Southern Virginia,"Burke,Garrett",Garrett,Burke,,30164,"Burke,Garrett","BURKE,GARRETT",Southern Virginia,SVU,857-4298,3,0,88,88,0,QB,0,0,,,,,,,,,,,,,,,,,,,,,,,,,,,,,,,,,,,,,,,,,,,0,0,0,0,0,0,.0,.0,2,7,0,5,3.5,,,,,,,,,,,,,,,,,,,,,,,,,,,,,,,,,,,,,,,,,,,,,,,,,,,,,,,,,,,,,,,,,,,,,,,,
2026-27,football,USA South Athletic Conference,usa_south_athletic_confe,Southern Virginia,"DeVore,Luc",Luc,DeVore,,30164,"DeVore,Luc","DEVORE,LUC",Southern Virginia,SVU,857-3776,1,0,93,93,0,0,DE,0,,,,,,,,,,,,,,,,,,,,,,,,,,,,,,,,,,,,,,,,,,,,,,,,,,,,,,,,,,,,,,,,,,,,,,,,,,,,,,,,,,,,,,,,,,,,,,,,,,,,,,,,,,,,,,,,,,,,,,,,,,,,,,,
2026-27,football,USA South Athletic Conference,usa_south_athletic_confe,Southern Virginia,"Vredeveld,Torin",Torin,Vredeveld,,30164,"Vredeveld,Torin","VREDEVELD,TORIN",Southern Virginia,SVU,857-4675,2,0,94,94,0,0,DE,0,,,,,,,,0,0,1,1,1,.5,.0,.0,0,1,1,0,0,0,0,0,0,0,0,0,0,0,0,0,,,,,,,,,,,,,,,,,,,,,,,,,,,,,,,,,,,,,,,,,,,,,,,,,,,,,,,,,,,,,,,,,,,,,,,,,,,,,,,,,,,,,,,,,,,,,,,,
2026-27,football,USA South Athletic Conference,usa_south_athletic_confe,Southern Virginia,"Knight,Bowen",Bowen,Knight,,30164,"Knight,Bowen","KNIGHT,BOWEN",Southern Virginia,SVU,857-4660,1,0,95,95,0,0,DE,0,,,,,,,,,,,,,,,,,,,,,,,,,,,,,,,,,,,,,,,,,,,,,,,,,,,,,,,,,,,,,,,,,,,,,,,,,,,,,,,,,,,,,,,,,,,,,,,,,,,,,,,,,,,,,,,,,,,,,,,,,,,,,,,
2026-27,football,USA South Athletic Conference,usa_south_athletic_confe,Southern Virginia,"Asailevai,Pea",Pea,Asailevai,,30164,"Asailevai,Pea","ASAILEVAI,PEA",Southern Virginia,SVU,857-4632,2,0,97,97,0,0,DL,0,,,,,,,,0,1,2,3,3,.5,.0,.0,0,1,0,0,0,0,0,0,0,0,0,0,0,0,0,0,,,,,,,,,,,,,,,,,,,,,,,,,,,,,,,,,,,,,,,,,,,,,,,,,,,,,,,,,,,,,,,,,,,,,,,,,,,,,,,,,,,,,,,,,,,,,,,,
2026-27,football,USA South Athletic Conference,usa_south_athletic_confe,Southern Virginia,"Hepworth,Sam",Sam,Hepworth,,30164,"Hepworth,Sam","HEPWORTH,SAM",Southern Virginia,SVU,857-4656,3,2,99,99,0,0,DL,0,,,,,,,,0,1,5,6,6,2.0,.0,.0,1,2,4,0.5,0,1,1,0,0,0,0,0,0,0,0,0,,,,,,,,,,,,,,,,,,,,,,,,,,,,,,,,,,,,,,,,,,,,,,,,,,,,,,,,,,,,,,,,,,,,,,,,,,,,,,,,,,,,,,,,,,,,,,,,
2026-27,football,USA South Athletic Conference,usa_south_athletic_confe,Southern Virginia,"Eby,Ethan",Ethan,Eby,,30164,"Eby,Ethan","EBY,ETHAN",Southern Virginia,SVU,857-4644,3,2,50,50,0,0,LB,0,,,,,,,,0,14,8,22,22,1.5,.0,.0,1,1,7,1.5,1,1,7,0,0,0,0,0,0,0,0,0,,,,,,,,,,,,,,,,,,,,,,,,,,,,,,,,,,,,,,,,,,,,,,,,,,,,,,,,,,,,,,,,,,,,,,,,,,,,,,,,,,,,,,,,,,,,,,,,
2026-27,football,USA South Athletic Conference,usa_south_athletic_confe,Southern Virginia,"Jeppsen,Keaton",Keaton,Jeppsen,,30164,"Jeppsen,Keaton","JEPPSEN,KEATON",Southern Virginia,SVU,857-4658,2,0,57,57,0,0,LB,0,,,,,,,,0,0,3,3,3,.0,.0,.0,0,0,0,0,0,0,0,0,0,0,0,0,0,0,0,0,,,,,,,,,,,,,,,,,,,,,,,,,,,,,,,,,,,,,,,,,,,,,,,,,,,,,,,,,,,,,,,,,,,,,,,,,,,,,,,,,,,,,,,,,,,,,,,,
2026-27,football,USA South Athletic Conference,usa_south_athletic_confe,Southern Virginia,"Litos,Elias",Elias,Litos,,30164,"Litos,Elias","LITOS,ELIAS",Southern Virginia,SVU,857-4662,2,0,71,71,0,0,0,0,,,,,,,,,,,,,,,,,,,,,,,,,,,,,,,,,,,,,,,,,,,,,,,,,,,,,,,,,,,,,,,,,,,,,,,,,,,,,,,,,,,,,,,,,,,,,,,,,,,,,,,,,,,,,,,,,,,,,,,5,179,47,0,0,1,0,0,35.8
2026-27,football,USA South Athletic Conference,usa_south_athletic_confe,Southern Virginia,"Tate,Andrew",Andrew,Tate,,30164,"Tate,Andrew","TATE,ANDREW",Southern Virginia,SVU,857-4677,2,0,72,72,0,0,0,0,,,,,,,,,,,,,,,,,,,,,,,,,,,,,,,,,,,,,,,,,,,,,,,,,,,,,,,,,,,,,,,,,,,,,,,,,,,,,,,,,,,,,,,,,,,,,,,,,,,,,,,,,,,,,,,,,,,,,,,,,,,,,,,
2026-27,football,USA South Athletic Conference,usa_south_athletic_confe,Southern Virginia,"Thomas IV,Early",Early,Thomas IV,,30164,"Thomas IV,Early","THOMAS IV,EARLY",Southern Virginia,SVU,857-4715,2,0,84,84,0,WR,0,0,,,,,,,,,,,,,,,,,,,,,,,,,,,,,,,,,,,,,,,,,,,,,,,,,,,,,,,,,,,,,,,,,,,,,,,,,,,,,,,,,4,49,0,27,12.3,,,,,,,,,,,,,,,,,,,,,,,,,,,,,,,,,,,,,,,,,,
2026-27,football,USA South Athletic Conference,usa_south_athletic_confe,Southern Virginia,"Folk,Antonio",Antonio,Folk,,30164,"Folk,Antonio","FOLK,ANTONIO",Southern Virginia,SVU,857-4647,1,0,30,30,0,0,DB,0,,,,,,,,0,0,2,2,2,.0,.0,.0,0,0,0,0,0,0,0,0,0,0,0,0,0,0,0,0,,,,,,,,,,,,,,,,,,,,,,,,,,,,,,,,,,,,,,,,,,,,,,,,,,,,,,,,,,,,,,,,,,,,,,,,,,,,,,,,,,,,,,,,,,,,,,,,
2026-27,football,USA South Athletic Conference,usa_south_athletic_confe,Southern Virginia,"Tarver,Gabriel",Gabriel,Tarver,,30164,"Tarver,Gabriel","TARVER,GABRIEL",Southern Virginia,SVU,857-4327,1,0,40,40,0,0,CB,0,,,,,,,,0,0,1,1,1,.5,.0,.0,0,1,0,0.5,0,1,0,0,0,0,0,0,0,0,0,0,,,,,,,,,,,,,,,,,,,,,,,,,,,,,,,,,,,,,,,,,,,,,,,,,,,,,,,,,,,,,,,,,,,,,,,,,,,,,,,,,,,,,,,,,,,,,,,,
2026-27,football,USA South Athletic Conference,usa_south_athletic_confe,Southern Virginia,"Morley,Nate",Nate,Morley,,30164,"Morley,Nate","MORLEY,NATE",Southern Virginia,SVU,857-4669,1,0,51,51,0,0,LB,0,,,,,,,,0,0,3,3,3,.0,.0,.0,0,0,0,0,0,0,0,0,0,0,0,0,0,0,0,0,,,,,,,,,,,,,,,,,,,,,,,,,,,,,,,,,,,,,,,,,,,,,,,,,,,,,,,,,,,,,,,,,,,,,,,,,,,,,,,,,,,,,,,,,,,,,,,,
2026-27,football,USA South Athletic Conference,usa_south_athletic_confe,Southern Virginia,"Eaton,Caleb",Caleb,Eaton,,30164,"Eaton,Caleb","EATON,CALEB",Southern Virginia,SVU,857-4335,1,0,52,52,0,0,LB,0,,,,,,,,,,,,,,,,,,,,,,,,,,,,,,,,,,,,,,,,,,,,,,,,,,,,,,,,,,,,,,,,,,,,,,,,,,,,,,,,,,,,,,,,,,,,,,,,,,,,,,,,,,,,,,,,,,,,,,,,,,,,,,,
2026-27,football,USA South Athletic Conference,usa_south_athletic_confe,Southern Virginia,"Barnes,Deangelo",Deangelo,Barnes,,30164,"Barnes,Deangelo","BARNES,DEANGELO",Southern Virginia,SVU,857-4635,1,0,56,56,0,0,DE,0,,,,,,,,0,0,1,1,1,.5,.0,.0,0,1,4,0,0,0,0,0,0,1,0,0,0,0,0,0,,,,,,,,,,,,,,,,,,,,,,,,,,,,,,,,,,,,,,,,,,,,,,,,,,,,,,,,,,,,,,,,,,,,,,,,,,,,,,,,,,,,,,,,,,,,,,,,
2026-27,football,USA South Athletic Conference,usa_south_athletic_confe,Greensboro,"Ray,Ziere",Ziere,Ray,,263,"Ray,Ziere","RAY,ZIERE",Greensboro,GSO,1177-4323,3,3,0,G,0,0,LB,0,,,,,,,,0,6,5,11,11,3.0,.0,.0,3,0,5,2,2,0,4,0,1,3,0,0,1,0,0,0,,,,,,,,,,,,,,,,,,,,,,,,,,,,,,,,,,,,,,,,,,,,,,,,,,,,,,,,,,,,0,0,,,,,,,,,,,,,,,,,,,,,,,,,,,,,,,,,,,
2026-27,football,USA South Athletic Conference,usa_south_athletic_confe,Greensboro,"McIntyre,Sincere",Sincere,McIntyre,,263,"McIntyre,Sincere","MCINTYRE,SINCERE",Greensboro,GSO,1177-4616,3,3,0,A,0,WR,0,0,,,,,,,,0,1,0,1,1,.0,.0,.0,0,0,0,0,0,0,0,0,0,0,0,0,0,0,0,0,,,,,,,,,,,,1,1,1,0,0,1,1.0,.3,10,105,2,27,10.5,,0,2,0,0,0,0,0,0,0,12,12,4,,,,,,,,,,,,,5,105,0,32,21.0,,,,,,,,,,,,,,,,,,,,,,,,,,,,,,,,,,,,,,,,,,
2026-27,football,USA South Athletic Conference,usa_south_athletic_confe,Greensboro,"Turner,Cameron",Cameron,Turner,,263,"Turner,Cameron","TURNER,CAMERON",Greensboro,GSO,1177-4580,3,3,1,H,0,QB,0,0,,,,,,,,0,0,0,0,0,.0,.0,.0,0,0,0,0,0,0,0,0,0,0,0,0,0,0,0,0,,,,,,,,,,,,38,58,138,80,1,23,1.5,19.3,,,,,,,0,1,0,0,0,0,0,0,0,6,6,2,73,13,54,3,499,2,72,40,122.0,6.93,12.48,166.3,,,,,,,,,,,1,0,,,,,,,,,,,,,,,,,,,,,,,,,,,,,,,,,,,
2026-27,football,USA South Athletic Conference,usa_south_athletic_confe,Greensboro,"Croom,TJ",TJ,Croom,,263,"Croom,TJ","CROOM,TJ",Greensboro,GSO,1177-4517,3,3,1,1,0,0,DB,0,,,,,,,,0,11,3,14,14,.0,.0,.0,0,0,0,0,0,0,0,1,0,0,0,0,0,0,0,1,,,,,,,,,,,,,,,,,,,,,,,,,,,,,,,,,,,,,,,,,,,,,,,,,,,,,,,,,,,,,,,,,,,,,,,,,,,,,,,,,,,,,,,,,,,,,,,,
2026-27,football,USA South Athletic Conference,usa_south_athletic_confe,Greensboro,"Torrence-Kelly,Camron",Camron,Torrence-Kelly,,263,"Torrence-Kelly,Camron","TORRENCE-KELLY,CAMRON",Greensboro,GSO,1177-4579,3,0,2,2,0,RB,0,0,,,,,,,,0,0,0,0,0,.0,.0,.0,0,0,0,0,0,0,0,0,0,0,0,0,0,0,0,0,,,,,,,,,,,,41,175,205,30,2,15,4.3,58.3,7,34,0,13,4.9,,0,2,0,0,0,0,0,0,0,12,12,4,,,,,,,,,,,,,,,,,,,,,,,1,0,,,,,,,,,,,,,,,,,,,,,,,,,,,,,,,,,,,
2026-27,football,USA South Athletic Conference,usa_south_athletic_confe,Greensboro,"Brown,KJ",KJ,Brown,,263,"Brown,KJ","BROWN,KJ",Greensboro,GSO,1177-4289,3,3,3,C,0,WR,0,0,,,,,,,,0,0,0,0,0,.0,.0,.0,0,0,0,0,0,0,0,0,0,0,0,0,0,0,0,0,,,,,,,,,,,,2,2,2,0,0,2,1.0,.7,6,121,1,54,20.2,,0,1,0,0,0,0,0,0,0,6,6,2,,,,,,,,,,,,,,,,,,,,,,,,,,,,,,,,,,,,,,,,,,,,,,,,,,,,,,,,,,,
2026-27,football,USA South Athletic Conference,usa_south_athletic_confe,Greensboro,"Rogers,Charlie",Charlie,Rogers,,263,"Rogers,Charlie","ROGERS,CHARLIE",Greensboro,GSO,1177-4559,3,3,3,3,0,0,DB,0,,,,,,,,0,11,8,19,19,.5,.0,.0,0,1,1,0,0,0,0,1,0,0,0,0,0,0,0,1,,,,,,,,,,,,1,1,1,0,0,1,1.0,.3,,,,,,,,,,,,,,,,,,,,,,,,,,,,,,,,,,,,,,,,,,,,,,,,,,,,,,,,,,,,,,,,,,,,,,,,,,,,,
2026-27,football,USA South Athletic Conference,usa_south_athletic_confe,Greensboro,"Crowder,Bralen",Bralen,Crowder,,263,"Crowder,Bralen","CROWDER,BRALEN",Greensboro,GSO,1177-4296,2,0,4,4,0,WR,0,0,,,,,,,,0,0,0,0,0,.0,.0,.0,0,0,0,0,0,0,0,0,0,0,0,0,0,0,0,0,,,,,,,,,,,,1,-6,0,6,0,0,-6.0,-3.0,1,36,0,36,36.0,,,,,,,,,,,,,,,,,,,,,,,,,,,,,,,,,,,,1,0,,,,,,,,,,,,,,,,,,,,,,,,,,,,,,,,,,,
2026-27,football,USA South Athletic Conference,usa_south_athletic_confe,Greensboro,"Figaro,Davion",Davion,Figaro,,263,"Figaro,Davion","FIGARO,DAVION",Greensboro,GSO,1177-4526,3,0,4,E,0,0,DB,0,,,,,,,,0,1,1,2,2,.0,.0,.0,0,0,0,0,0,0,0,0,0,0,0,0,0,0,0,0,,,,,,,,,,,,,,,,,,,,,,,,,,,,,,,,,,,,,,,,,,,,,,,,,,,,,,,,,,,,,,,,,,,,,,,,,,,,,,,,,,,,,,,,,,,,,,,,
2026-27,football,USA South Athletic Conference,usa_south_athletic_confe,Greensboro,"Law,Jay",Jay,Law,,263,"Law,Jay","LAW,JAY",Greensboro,GSO,1177-4087,3,3,5,5,0,0,LB,0,,,,,,,,1,10,11,21,21,3.5,.0,.0,2,3,15,1.5,1,1,12,0,0,3,0,0,0,0,1,1,,,,,,,1,1,0,1,1.0,,,,,,,,,,,,,,,,,,,,,,,,,,,,,,,,,,,,,,,,,,,,,,,,,0,0,,,,,,,,,,,,,,,,,,,,,,,,,,,,,,,,,,,
2026-27,football,USA South Athletic Conference,usa_south_athletic_confe,Greensboro,"Barnes,Jadon",Jadon,Barnes,,263,"Barnes,Jadon","BARNES,JADON",Greensboro,GSO,1177-4319,3,1,6,6,0,0,LB,0,,,,,,,,0,6,10,16,16,3.0,.0,.0,2,2,13,1,1,0,9,0,0,4,0,0,0,0,0,0,,,,,,,,,,,,,,,,,,,,,,,,,,,,,,,,,,,,,,,,,,,,,,,,,,,,,,,,,,,,,,,,,,,,,,,,,,,,,,,,,,,,,,,,,,,,,,,,
2026-27,football,USA South Athletic Conference,usa_south_athletic_confe,Greensboro,"Westmoreland,Kyjuan",Kyjuan,Westmoreland,,263,"Westmoreland,Kyjuan","WESTMORELAND,KYJUAN",Greensboro,GSO,1177-4581,3,3,6,D,0,RB,0,0,,,,,,,,0,0,0,0,0,.0,.0,.0,0,0,0,0,0,0,0,0,0,0,0,0,0,0,0,0,,,,,,,,,,,,28,209,210,1,1,36,7.5,69.7,5,79,0,36,15.8,,0,1,0,0,0,0,0,0,0,6,6,2,,,,,,,,,,,,,1,0,0,0,.0,,,,,,,,,,,,,,,,,,,,,,,,,,,,,,,,,,,,,,,,,,
2026-27,football,USA South Athletic Conference,usa_south_athletic_confe,Greensboro,"Curry,Mitrend",Mitrend,Curry,,263,"Curry,Mitrend","CURRY,MITREND",Greensboro,GSO,1177-4519,3,3,7,B,0,WR,0,0,,,,,,,,,,,,,,,,,,,,,,,,,,,,,,,,,,,,,,,,,,,3,13,18,5,0,13,4.3,4.3,6,62,0,20,10.3,,,,,,,,,,,,,,,,,,,,,,,,,,,,,,,,,,,,,,,,,,,,,,,,,,,,,,,,,,,,,,,,,,,,,,,,
2026-27,football,USA South Athletic Conference,usa_south_athletic_confe,Greensboro,"Crumpler,Ja'Quavious",Ja'Quavious,Crumpler,,263,"Crumpler,Ja'Quavious","CRUMPLER,JA'QUAVIOUS",Greensboro,GSO,1177-4518,3,0,8,8,0,0,DB,0,,,,,,,,0,2,1,3,3,.0,.0,.0,0,0,0,0,0,0,0,1,0,0,0,0,0,0,0,1,,,,,,,,,,,,,,,,,,,,,,,,,,,,,,,,,,,,,,,,,,,,,,,,,,,,,,,,,,,,,,,,,,,,,,,,,,,,,,,,,,,,,,,,,,,,,,,,
2026-27,football,USA South Athletic Conference,usa_south_athletic_confe,Greensboro,"Seabrook,Austin",Austin,Seabrook,,263,"Seabrook,Austin","SEABROOK,AUSTIN",Greensboro,GSO,1177-4564,3,0,11,11,0,WR,0,0,,,,,,,,0,0,1,1,1,.0,.0,.0,0,0,0,0,0,0,0,0,0,0,0,0,0,0,0,0,,,,,,,,,,,,1,10,10,0,1,10,10.0,3.3,3,34,0,13,11.3,,0,1,0,0,0,0,0,0,0,6,6,2,,,,,,,,,,,,,,,,,,,,,,,,,,,,,,,,,,,,,,,,,,,,,,,,,,,,,,,,,,,
2026-27,football,USA South Athletic Conference,usa_south_athletic_confe,Greensboro,"Marcus,Kalil",Kalil,Marcus,,263,"Marcus,Kalil","MARCUS,KALIL",Greensboro,GSO,1177-4102,3,3,12,12,0,0,DB,0,,,,,,,,44,3,3,6,6,.0,.0,.0,0,0,0,0,0,0,0,2,0,0,0,0,1,60,2,4,,,,,,,2,44,1,25,22.0,,,,,,,,,,,,,,,0,2,0,0,0,0,0,0,0,12,12,4,,,,,,,,,,,,,,,,,,,,,,,0,0,,,,,,,,,,,,,,,,,,,,,,,1,60,1,60,,,,,,,,,
2026-27,football,USA South Athletic Conference,usa_south_athletic_confe,Greensboro,"Kidd,Matt",Matt,Kidd,,263,"Kidd,Matt","KIDD,MATT",Greensboro,GSO,1177-4281,3,0,13,13,0,TE,0,0,,,,,,,,0,1,0,1,1,.0,.0,.0,0,0,0,0,0,0,0,0,0,0,0,0,0,0,0,0,,,,,,,,,,,,,,,,,,,,1,6,0,6,6.0,,,,,,,,,,,,,,,,,,,,,,,,,,,,,,,,,,,,,,,,,,,,,,,,,,,,,,,,,,,,,,,,,,,,,,,,
2026-27,football,USA South Athletic Conference,usa_south_athletic_confe,Greensboro,"Altis,Chase",Chase,Altis,,263,"Altis,Chase","ALTIS,CHASE",Greensboro,GSO,1177-4585,2,0,14,14,0,QB,0,0,,,,,,,,,,,,,,,,,,,,,,,,,,,,,,,,,,,,,,,,,,,1,1,1,0,0,1,1.0,.5,,,,,,,,,,,,,,,,,,,0,0,25,0,46,0,5,4,157.3,9.20,11.50,23.0,,,,,,,,,,,,,,,,,,,,,,,,,,,,,,,,,,,,,,,,,,,,,,,
2026-27,football,USA South Athletic Conference,usa_south_athletic_confe,Greensboro,"Galardi III,Guy",Guy,Galardi III,,263,"Galardi III,Guy","GALARDI III,GUY",Greensboro,GSO,1177-4068,3,0,16,16,0,WR,0,0,,,,,,,,,,,,,,,,,,,,,,,,,,,,,,,,,,,,,,,,,,,,,,,,,,,,,,,,,,,,,,,,,,,,,,,,,,,,,,,,,,,,,,,,,,,,,,,,,,,,,,,,,,,,,,,,,,,,,,,10,365,49,0,0,0,0,4,36.5
2026-27,football,USA South Athletic Conference,usa_south_athletic_confe,Greensboro,"Torian,Jeremiah",Jeremiah,Torian,,263,"Torian,Jeremiah","TORIAN,JEREMIAH",Greensboro,GSO,1177-4578,3,0,17,17,0,WR,0,0,,,,,,,,0,0,1,1,1,.0,.0,.0,0,0,0,0,0,0,0,0,0,0,0,0,0,0,0,0,,,,,,,,,,,,,,,,,,,,,,,,,,,,,,,,,,,,,,,,,,,,,,,,,,,,,,,,,,,,,,,,,,,,,,,,,,,,,,,,,,,,,,,,,,,,,,,,
2026-27,football,USA South Athletic Conference,usa_south_athletic_confe,Greensboro,"McConico,Makel",Makel,McConico,,263,"McConico,Makel","MCCONICO,MAKEL",Greensboro,GSO,1177-4549,3,0,20,20,0,0,LB,0,,,,,,,,0,2,0,2,2,2.0,.0,.0,2,0,2,0,0,0,0,0,0,3,0,0,0,0,0,0,,,,,,,,,,,,,,,,,,,,,,,,,,,,,,,,,,,,,,,,,,,,,,,,,,,,,,,,,,,,,,,,,,,,,,,,,,,,,,,,,,,,,,,,,,,,,,,,
2026-27,football,USA South Athletic Conference,usa_south_athletic_confe,Greensboro,"Hanchey,Aaron",Aaron,Hanchey,,263,"Hanchey,Aaron","HANCHEY,AARON",Greensboro,GSO,1177-4531,3,0,21,21,0,0,LB,0,,,,,,,,0,2,3,5,5,.0,.0,.0,0,0,0,0,0,0,0,0,0,0,0,0,0,0,0,0,,,,,,,,,,,,,,,,,,,,,,,,,,,,,,,,,,,,,,,,,,,,,,,,,,,,,,,,,,,,,,,,,,,,,,,,,,,,,,,,,,,,,,,,,,,,,,,,
2026-27,football,USA South Athletic Conference,usa_south_athletic_confe,Greensboro,"Lee,Cameron",Cameron,Lee,,263,"Lee,Cameron","LEE,CAMERON",Greensboro,GSO,1177-4749,2,0,5,22,0,RB,0,0,,,,,,,,0,1,0,1,1,.0,.0,.0,0,0,0,0,0,0,0,0,1,0,0,0,1,0,0,0,,,,,,,,,,,,7,40,40,0,0,18,5.7,20.0,1,20,0,20,20.0,,,,,,,,,,,,,,,,,,,,,,,,,,,,,,,,,,,,0,0,,,,,,,,,,,,,,,,,,,,,,,,,,,,,,,,,,,
2026-27,football,USA South Athletic Conference,usa_south_athletic_confe,Greensboro,"Dawkins,Shy",Shy,Dawkins,,263,"Dawkins,Shy","DAWKINS,SHY",Greensboro,GSO,1177-4802,3,0,25,25,0,RB,0,0,,,,,,,,0,0,0,0,0,.0,.0,.0,0,0,0,0,0,0,0,0,0,0,0,0,0,0,0,0,,,,,,,,,,,,3,14,16,2,0,10,4.7,4.7,0,0,0,0,.0,,,,,,,,,,,,,,,,,,,,,,,,,,1,22,0,22,22.0,,,,,,1,1,,,,,,,,,,,,,,,,,,,,,,,,,,,,,,,,,,,
2026-27,football,USA South Athletic Conference,usa_south_athletic_confe,Greensboro,"Colyer,Scoot",Scoot,Colyer,,263,"Colyer,Scoot","COLYER,SCOOT",Greensboro,GSO,1177-4798,3,3,26,26,0,0,DB,0,,,,,,,,0,9,2,11,11,.5,.0,.0,0,1,1,0,0,0,0,3,0,0,0,0,0,0,1,4,,,,,,,1,0,0,0,.0,,,,,,,,,,,,,,,,,,,,,,,,,,,,,,,,,,,,,,,,,,,,,,,,,,,,,,,,,,,,,,,,,,,,,,,,,,,,,,,,,,,,,
2026-27,football,USA South Athletic Conference,usa_south_athletic_confe,Greensboro,"White,Justus",Justus,White,,263,"White,Justus","WHITE,JUSTUS",Greensboro,GSO,1177-4841,3,0,27,27,0,0,DB,0,,,,,,,,0,1,0,1,1,.0,.0,.0,0,0,0,0,0,0,0,0,0,0,0,0,0,0,0,0,,,,,,,,,,,,,,,,,,,,,,,,,,,,,,,,,,,,,,,,,,,,,,,,,,,,,,,,,,,,,,,,,,,,,,,,,,,,,,,,,,,,,,,,,,,,,,,,
2026-27,football,USA South Athletic Conference,usa_south_athletic_confe,Greensboro,"Redford,Allen",Allen,Redford,,263,"Redford,Allen","REDFORD,ALLEN",Greensboro,GSO,1177-4558,3,3,29,29,0,0,DB,0,,,,,,,,0,1,1,2,2,.5,.0,.0,0,1,1,0,0,0,0,0,0,0,0,0,0,0,0,0,,,,,,,,,,,,,,,,,,,,,,,,,,,,,,,,,,,,,,,,,,,,,,,,,,,,,,,,,,,,,,,,,,,,,,,,,,,,,,,,,,,,,,,,,,,,,,,,
2026-27,football,USA South Athletic Conference,usa_south_athletic_confe,Greensboro,"Ray,Brendan",Brendan,Ray,,263,"Ray,Brendan","RAY,BRENDAN",Greensboro,GSO,1177-4704,3,0,32,32,0,RB,0,0,,,,,,,,0,0,1,1,1,.0,.0,.0,0,0,0,0,0,0,0,0,0,0,0,0,0,0,0,0,,,,,,,,,,,,,,,,,,,,,,,,,,,,,,,,,,,,,,,,,,,,,,,,,,,,,,,,,,,,,,,,,,,,,,,,,,,,,,,,,,,,,,,,,,,,,,,,
2026-27,football,USA South Athletic Conference,usa_south_athletic_confe,Greensboro,"Jeter,Caden",Caden,Jeter,,263,"Jeter,Caden","JETER,CADEN",Greensboro,GSO,1177-4310,3,2,33,33,0,0,LB,0,,,,,,,,0,5,3,8,8,1.0,.0,.0,1,0,1,0,0,0,0,0,0,0,0,0,0,0,0,0,,,,,,,,,,,,,,,,,,,,,,,,,,,,,,,,,,,,,,,,,,,,,,,,,,,,,,,,,,,,,,,,,,,,,,,,,,,,,,,,,,,,,,,,,,,,,,,,
2026-27,football,USA South Athletic Conference,usa_south_athletic_confe,Greensboro,"Cook,Jacob",Jacob,Cook,,263,"Cook,Jacob","COOK,JACOB",Greensboro,GSO,1177-4313,3,0,38,38,0,0,0,0,,,,,,,,0,0,0,0,0,.0,.0,.0,0,0,0,0,0,0,0,0,0,0,0,0,0,0,0,0,,,,,,,,,,,,,,,,,,,,,,,,,,9,0,0,0,0,0,0,0,0,9,9,3,,,,,,,,,,,,,,,,,,,,,,,,,13,730,0,2,56.2,0,1,0,0,.0,10,9,0,0,0,0,0,0,0,0,0,0,,,,,,,,,,,,,
2026-27,football,USA South Athletic Conference,usa_south_athletic_confe,Greensboro,"Bain,Jakari",Jakari,Bain,,263,"Bain,Jakari","BAIN,JAKARI",Greensboro,GSO,1177-4509,3,0,40,40,0,0,LB,0,,,,,,,,0,1,0,1,1,.0,.0,.0,0,0,0,0,0,0,0,0,0,0,0,0,0,0,0,0,,,,,,,,,,,,,,,,,,,,,,,,,,,,,,,,,,,,,,,,,,,,,,,,,,,,,,,,,,,,,,,,,,,,,,,,,,,,,,,,,,,,,,,,,,,,,,,,
2026-27,football,USA South Athletic Conference,usa_south_athletic_confe,Greensboro,"Jackson,Jace",Jace,Jackson,,263,"Jackson,Jace","JACKSON,JACE",Greensboro,GSO,1177-4540,3,3,42,42,0,0,DB,0,,,,,,,,,,,,,,,,,,,,,,,,,,,,,,,,,,,,,,,,,,,,,,,,,,,3,27,0,18,9.0,,,,,,,,,,,,,,,,,,,,,,,,,,,,,,,,,,,,,,,,,,,,,,,,,,,,,,,,,,,,,,,,,,,,,,,,
2026-27,football,USA South Athletic Conference,usa_south_athletic_confe,Greensboro,"Thomas,Gavin",Gavin,Thomas,,263,"Thomas,Gavin","THOMAS,GAVIN",Greensboro,GSO,1177-4575,3,3,97,50,0,0,DL,0,,,,,,,,0,3,4,7,7,2.0,.0,.0,1,2,8,1,0,2,2,0,1,0,0,0,0,0,0,0,,,,,,,,,,,,,,,,,,,,,,,,,,,,,,,,,,,,,,,,,,,,,,,,,,,,,,,,,,,,,,,,,,,,,,,,,,,,,,,,,,,,,,,,,,,,,,,,
2026-27,football,USA South Athletic Conference,usa_south_athletic_confe,Greensboro,"McMahan,Myles",Myles,McMahan,,263,"McMahan,Myles","MCMAHAN,MYLES",Greensboro,GSO,1177-4829,2,0,51,51,0,0,DL,0,,,,,,,,0,0,1,1,1,.0,.0,.0,0,0,0,0,0,0,0,0,0,0,0,0,0,0,0,0,,,,,,,,,,,,,,,,,,,,,,,,,,,,,,,,,,,,,,,,,,,,,,,,,,,,,,,,,,,,,,,,,,,,,,,,,,,,,,,,,,,,,,,,,,,,,,,,
2026-27,football,USA South Athletic Conference,usa_south_athletic_confe,Greensboro,"Scull,Caleb",Caleb,Scull,,263,"Scull,Caleb","SCULL,CALEB",Greensboro,GSO,1177-4563,3,3,59,59,0,OL,0,0,,,,,,,,,,,,,,,,,,,,,,,,,,,,,,,,,,,,,,,,,,,,,,,,,,,,,,,,,,,,,,,,,,,,,,,,,,,,,,,,,,,,,,,,,,,,,,,,,,,,,,,,,,,,,,,,,,,,,,,,,,,,,,,
2026-27,football,USA South Athletic Conference,usa_south_athletic_confe,Greensboro,"Evans,Parker",Parker,Evans,,263,"Evans,Parker","EVANS,PARKER",Greensboro,GSO,1177-4524,3,3,67,67,0,OL,0,0,,,,,,,,,,,,,,,,,,,,,,,,,,,,,,,,,,,,,,,,,,,,,,,,,,,,,,,,,,,,,,,,,,,,,,,,,,,,,,,,,,,,,,,,,,,,,,,,,,,,,,,,,,,,,,,,,,,,,,,,,,,,,,,
2026-27,football,USA South Athletic Conference,usa_south_athletic_confe,Greensboro,"Smouse,Tyler",Tyler,Smouse,,263,"Smouse,Tyler","SMOUSE,TYLER",Greensboro,GSO,1177-4595,2,2,68,68,0,OL,0,0,,,,,,,,,,,,,,,,,,,,,,,,,,,,,,,,,,,,,,,,,,,,,,,,,,,,,,,,,,,,,,,,,,,,,,,,,,,,,,,,,,,,,,,,,,,,,,,,,,,,,,,,,,,,,,,,,,,,,,,,,,,,,,,
2026-27,football,USA South Athletic Conference,usa_south_athletic_confe,Greensboro,"Bencomo,Ernest",Ernest,Bencomo,,263,"Bencomo,Ernest","BENCOMO,ERNEST",Greensboro,GSO,1177-3916,3,2,71,71,0,OL,0,0,,,,,,,,,,,,,,,,,,,,,,,,,,,,,,,,,,,,,,,,,,,,,,,,,,,,,,,,,,,,,,,,,,,,,,,,,,,,,,,,,,,,,,,,,,,,,,,,,,,,,,,,,,,,,,,,,,,,,,,,,,,,,,,
2026-27,football,USA South Athletic Conference,usa_south_athletic_confe,Greensboro,"Sellers,Kyle",Kyle,Sellers,,263,"Sellers,Kyle","SELLERS,KYLE",Greensboro,GSO,1177-4565,3,3,75,75,0,OL,0,0,,,,,,,,,,,,,,,,,,,,,,,,,,,,,,,,,,,,,,,,,,,,,,,,,,,,,,,,,,,,,,,,,,,,,,,,,,,,,,,,,,,,,,,,,,,,,,,,,,,,,,,,,,,,,,,,,,,,,,,,,,,,,,,
2026-27,football,USA South Athletic Conference,usa_south_athletic_confe,Greensboro,"Yarborough,Khalil",Khalil,Yarborough,,263,"Yarborough,Khalil","YARBOROUGH,KHALIL",Greensboro,GSO,1177-4844,2,0,80,80,0,WR,0,0,,,,,,,,0,2,0,2,2,.0,.0,.0,0,0,0,0,0,0,0,0,0,0,0,0,0,0,0,0,,,,,,,,,,,,,,,,,,,,0,0,0,0,.0,,,,,,,,,,,,,,,,,,,,,,,,,,,,,,,,,,,,,,,,,,,,,,,,,,,,,,,,,,,,,,,,,,,,,,,,
2026-27,football,USA South Athletic Conference,usa_south_athletic_confe,Greensboro,"Harshman,Gabriel",Gabriel,Harshman,,263,"Harshman,Gabriel","HARSHMAN,GABRIEL",Greensboro,GSO,1177-4811,2,0,81,81,0,WR,0,0,,,,,,,,0,3,0,3,3,.0,.0,.0,0,0,0,0,0,0,0,0,0,0,0,0,0,0,0,0,,,,,,,,,,,,,,,,,,,,0,0,0,0,.0,,,,,,,,,,,,,,,,,,,,,,,,,,,,,,,,,,,,,,,,,,,,,,,,,,,,,,,,,,,,,,,,,,,,,,,,
2026-27,football,USA South Athletic Conference,usa_south_athletic_confe,Greensboro,"Thomas,Kielen",Kielen,Thomas,,263,"Thomas,Kielen","THOMAS,KIELEN",Greensboro,GSO,1177-4576,3,0,83,83,0,WR,0,0,,,,,,,,,,,,,,,,,,,,,,,,,,,,,,,,,,,,,,,,,,,,,,,,,,,,,,,,,,,,,,,,,,,,,,,,,,,,,,,,,,,,,,8,45,0,18,5.6,,,,,,,,,,,,,,,,,,,,,,,,,,,,,,,,,,,,,
2026-27,football,USA South Athletic Conference,usa_south_athletic_confe,Greensboro,"Battle,Justin",Justin,Battle,,263,"Battle,Justin","BATTLE,JUSTIN",Greensboro,GSO,1177-4788,3,0,85,85,0,WR,0,0,,,,,,,,,,,,,,,,,,,,,,,,,,,,,,,,,,,,,,,,,,,,,,,,,,,0,0,0,0,.0,,,,,,,,,,,,,,,,,,,,,,,,,,,,,,,,,,,,,,,,,,,,,,,,,,,,,,,,,,,,,,,,,,,,,,,,
2026-27,football,USA South Athletic Conference,usa_south_athletic_confe,Greensboro,"Ingram,Aaron",Aaron,Ingram,,263,"Ingram,Aaron","INGRAM,AARON",Greensboro,GSO,1177-4306,2,2,91,91,0,0,DL,0,,,,,,,,0,3,5,8,8,1.5,.0,.0,1,1,7,1.5,1,1,7,0,0,0,0,0,0,0,0,0,,,,,,,,,,,,,,,,,,,,,,,,,,,,,,,,,,,,,,,,,,,,,,,,,,,,,,,,,,,,,,,,,,,,,,,,,,,,,,,,,,,,,,,,,,,,,,,,
2026-27,football,USA South Athletic Conference,usa_south_athletic_confe,Greensboro,"Fewell,Stone",Stone,Fewell,,263,"Fewell,Stone","FEWELL,STONE",Greensboro,GSO,1177-4525,3,1,92,92,0,0,DL,0,,,,,,,,0,4,6,10,10,1.0,.0,.0,1,0,3,0,0,0,0,0,0,0,0,0,0,0,0,0,,,,,,,,,,,,,,,,,,,,,,,,,,,,,,,,,,,,,,,,,,,,,,,,,,,,,,,,,,,,,,,,,,,,,,,,,,,,,,,,,,,,,,,,,,,,,,,,
2026-27,football,USA South Athletic Conference,usa_south_athletic_confe,Greensboro,"Puryear,Divory",Divory,Puryear,,263,"Puryear,Divory","PURYEAR,DIVORY",Greensboro,GSO,1177-4557,3,0,94,94,0,OL,0,0,,,,,,,,0,0,0,0,0,.0,.0,.0,0,0,0,0,0,0,0,0,0,1,0,0,0,0,0,0,,,,,,,,,,,,,,,,,,,,,,,,,,,,,,,,,,,,,,,,,,,,,,,,,,,,,,,,,,,,,,,,,,,,,,,,,,,,,,,,,,,,,,,,,,,,,,,,
2026-27,football,USA South Athletic Conference,usa_south_athletic_confe,Greensboro,"Bennett,Jordan",Jordan,Bennett,,263,"Bennett,Jordan","BENNETT,JORDAN",Greensboro,GSO,1177-4091,3,3,96,96,0,0,DL,0,,,,,,,,0,4,6,10,10,.5,.0,.0,0,1,3,0,0,0,0,0,0,2,0,0,0,0,0,0,,,,,,,,,,,,,,,,,,,,,,,,,,,,,,,,,,,,,,,,,,,,,,,,,,,,,,,,,,,,,,,,,,,,,,,,,,,,,,,,,,,,,,,,,,,,,,,,
2026-27,football,USA South Athletic Conference,usa_south_athletic_confe,Greensboro,"Matthews,Keial",Keial,Matthews,,263,"Matthews,Keial","MATTHEWS,KEIAL",Greensboro,GSO,1177-4548,2,0,98,98,0,0,DL,0,,,,,,,,0,1,0,1,1,.0,.0,.0,0,0,0,0,0,0,0,0,0,0,0,0,0,0,0,0,,,,,,,,,,,,,,,,,,,,,,,,,,,,,,,,,,,,,,,,,,,,,,,,,,,,,,,,,,,,,,,,,,,,,,,,,,,,,,,,,,,,,,,,,,,,,,,,
2026-27,football,USA South Athletic Conference,usa_south_athletic_confe,Greensboro,"Anderson-Sidbury,Brayden",Brayden,Anderson-Sidbury,,263,"Anderson-Sidbury,Brayden","ANDERSON-SIDBURY,BRAYDEN",Greensboro,GSO,1177-4288,1,0,9,9,0,0,LB,0,,,,,,,,,,,,,,,,,,,,,,,,,,,,,,,,,,,,,,,,,,,,,,,,,,,,,,,,,,,,,,,,,,,,,,,,,,,,,,,,,,,,,,,,,,,,,,,,,,,,,,,,,,,,,,,,,,,,,,,,,,,,,,,
2026-27,football,USA South Athletic Conference,usa_south_athletic_confe,Greensboro,"Pollock,KJ",KJ,Pollock,,263,"Pollock,KJ","POLLOCK,KJ",Greensboro,GSO,1177-4661,1,0,10,10,0,QB,0,0,,,,,,,,,,,,,,,,,,,,,,,,,,,,,,,,,,,,,,,,,,,,,,,,,,,,,,,,,,,,,,,,,,,,,,,,,,,,,,,,,,,,,,,,,,,,,,,,,,,,,,,,,,,,,,,,,,,,,,,,,,,,,,,
2026-27,football,USA South Athletic Conference,usa_south_athletic_confe,Greensboro,"Martin,CJ",CJ,Martin,,263,"Martin,CJ","MARTIN,CJ",Greensboro,GSO,1177-4547,2,0,15,15,0,WR,0,0,,,,,,,,,,,,,,,,,,,,,,,,,,,,,,,,,,,,,,,,,,,,,,,,,,,1,21,0,21,21.0,,,,,,,,,,,,,,,,,,,,,,,,,,,,,,,,,,,,,,,,,,,,,,,,,,,,,,,,,,,,,,,,,,,,,,,,
2026-27,football,USA South Athletic Conference,usa_south_athletic_confe,Greensboro,"Thomas,Juice",Juice,Thomas,,263,"Thomas,Juice","THOMAS,JUICE",Greensboro,GSO,1177-4104,3,0,23,23,0,0,DB,0,,,,,,,,,,,,,,,,,,,,,,,,,,,,,,,,,,,,,,,,,,,,,,,,,,,,,,,,,,,,,,,,,,,,,,,,,,,,,,,,,,,,,,,,,,,,,,,,,,,,,,,,,,,,,,,,,,,,,,,,,,,,,,,
2026-27,football,USA South Athletic Conference,usa_south_athletic_confe,Greensboro,"Flisher,Patrick",Patrick,Flisher,,263,"Flisher,Patrick","FLISHER,PATRICK",Greensboro,GSO,1177-4593,1,0,31,31,0,0,LB,0,,,,,,,,0,1,0,1,1,.0,.0,.0,0,0,0,0,0,0,0,0,0,0,0,0,0,0,0,0,,,,,,,,,,,,,,,,,,,,,,,,,,,,,,,,,,,,,,,,,,,,,,,,,,,,,,,,,,,,,,,,,,,,,,,,,,,,,,,,,,,,,,,,,,,,,,,,
2026-27,football,USA South Athletic Conference,usa_south_athletic_confe,Greensboro,"Hawkins,Brian",Brian,Hawkins,,263,"Hawkins,Brian","HAWKINS,BRIAN",Greensboro,GSO,1177-4533,3,0,41,41,0,TE,0,0,,,,,,,,0,0,1,1,1,.0,.0,.0,0,0,0,0,0,0,0,0,0,0,0,0,0,0,0,0,,,,,,,,,,,,,,,,,,,,,,,,,,,,,,,,,,,,,,,,,,,,,,,,,,,,,,,,,,,,,,,,,,,,,,,,,,,,,,,,,,,,,,,,,,,,,,,,
2026-27,football,USA South Athletic Conference,usa_south_athletic_confe,Greensboro,"Holloman,Jakari",Jakari,Holloman,,263,"Holloman,Jakari","HOLLOMAN,JAKARI",Greensboro,GSO,1177-4816,1,0,52,52,0,0,LB,0,,,,,,,,,,,,,,,,,,,,,,,,,,,,,,,,,,,,,,,,,,,,,,,,,,,,,,,,,,,,,,,,,,,,,,,,,,,,,,,,,,,,,,,,,,,,,,,,,,,,,,,,,,,,,,,,,,,,,,,,,,,,,,,
2026-27,football,USA South Athletic Conference,usa_south_athletic_confe,Greensboro,"Brice,O'shea",O'shea,Brice,,263,"Brice,O'shea","BRICE,O'SHEA",Greensboro,GSO,1177-4794,2,0,57,57,0,OL,0,0,,,,,,,,,,,,,,,,,,,,,,,,,,,,,,,,,,,,,,,,,,,,,,,,,,,,,,,,,,,,,,,,,,,,,,,,,,,,,,,,,,,,,,,,,,,,,,,,,,,,,,,,,,,,,,,,,,,,,,,,,,,,,,,
2026-27,football,USA South Athletic Conference,usa_south_athletic_confe,Greensboro,"Ortiz,Elliot",Elliot,Ortiz,,263,"Ortiz,Elliot","ORTIZ,ELLIOT",Greensboro,GSO,1177-4832,3,0,60,60,0,0,DL,0,,,,,,,,,,,,,,,,,,,,,,,,,,,,,,,,,,,,,,,,,,,,,,,,,,,,,,,,,,,,,,,,,,,,,,,,,,,,,,,,,,,,,,,,,,,,,,,,,,,,,,,,,,,,,,,,,,,,,,,,,,,,,,,
2026-27,football,USA South Athletic Conference,usa_south_athletic_confe,Greensboro,"Webb,Ethan",Ethan,Webb,,263,"Webb,Ethan","WEBB,ETHAN",Greensboro,GSO,1177-4840,2,0,62,62,0,OL,0,0,,,,,,,,,,,,,,,,,,,,,,,,,,,,,,,,,,,,,,,,,,,,,,,,,,,,,,,,,,,,,,,,,,,,,,,,,,,,,,,,,,,,,,,,,,,,,,,,,,,,,,,,,,,,,,,,,,,,,,,,,,,,,,,
2026-27,football,USA South Athletic Conference,usa_south_athletic_confe,Greensboro,"Smith,Josh",Josh,Smith,,263,"Smith,Josh","SMITH,JOSH",Greensboro,GSO,1177-4569,1,0,63,63,0,0,DL,0,,,,,,,,,,,,,,,,,,,,,,,,,,,,,,,,,,,,,,,,,,,,,,,,,,,,,,,,,,,,,,,,,,,,,,,,,,,,,,,,,,,,,,,,,,,,,,,,,,,,,,,,,,,,,,,,,,,,,,,,,,,,,,,
2026-27,football,USA South Athletic Conference,usa_south_athletic_confe,Greensboro,"Wooley,Parker",Parker,Wooley,,263,"Wooley,Parker","WOOLEY,PARKER",Greensboro,GSO,1177-4842,3,2,65,65,0,OL,0,0,,,,,,,,,,,,,,,,,,,,,,,,,,,,,,,,,,,,,,,,,,,,,,,,,,,,,,,,,,,,,,,,,,,,,,,,,,,,,,,,,,,,,,,,,,,,,,,,,,,,,,,,,,,,,,,,,,,,,,,,,,,,,,,
2026-27,football,USA South Athletic Conference,usa_south_athletic_confe,Greensboro,"Dixon,Ethan",Ethan,Dixon,,263,"Dixon,Ethan","DIXON,ETHAN",Greensboro,GSO,1177-4033,3,0,70,70,0,OL,0,0,,,,,,,,,,,,,,,,,,,,,,,,,,,,,,,,,,,,,,,,,,,,,,,,,,,,,,,,,,,,,,,,,,,,,,,,,,,,,,,,,,,,,,,,,,,,,,,,,,,,,,,,,,,,,,,,,,,,,,,,,,,,,,,
2026-27,football,USA South Athletic Conference,usa_south_athletic_confe,Greensboro,"Griffin,Christian",Christian,Griffin,,263,"Griffin,Christian","GRIFFIN,CHRISTIAN",Greensboro,GSO,1177-4528,1,0,72,72,0,0,DL,0,,,,,,,,,,,,,,,,,,,,,,,,,,,,,,,,,,,,,,,,,,,,,,,,,,,,,,,,,,,,,,,,,,,,,,,,,,,,,,,,,,,,,,,,,,,,,,,,,,,,,,,,,,,,,,,,,,,,,,,,,,,,,,,
2026-27,football,USA South Athletic Conference,usa_south_athletic_confe,Greensboro,"Johnson Jr.,Marcus",Marcus,Johnson Jr.,,263,"Johnson Jr.,Marcus","JOHNSON JR.,MARCUS",Greensboro,GSO,1177-4062,1,0,73,73,0,OL,0,0,,,,,,,,,,,,,,,,,,,,,,,,,,,,,,,,,,,,,,,,,,,,,,,,,,,,,,,,,,,,,,,,,,,,,,,,,,,,,,,,,,,,,,,,,,,,,,,,,,,,,,,,,,,,,,,,,,,,,,,,,,,,,,,
2026-27,football,USA South Athletic Conference,usa_south_athletic_confe,Greensboro,"Spence,Kalib",Kalib,Spence,,263,"Spence,Kalib","SPENCE,KALIB",Greensboro,GSO,1177-4570,1,0,76,76,0,OL,0,0,,,,,,,,,,,,,,,,,,,,,,,,,,,,,,,,,,,,,,,,,,,,,,,,,,,,,,,,,,,,,,,,,,,,,,,,,,,,,,,,,,,,,,,,,,,,,,,,,,,,,,,,,,,,,,,,,,,,,,,,,,,,,,,
2026-27,football,USA South Athletic Conference,usa_south_athletic_confe,Greensboro,"Fox,Dallas",Dallas,Fox,,263,"Fox,Dallas","FOX,DALLAS",Greensboro,GSO,1177-4271,2,0,77,77,0,OL,0,0,,,,,,,,,,,,,,,,,,,,,,,,,,,,,,,,,,,,,,,,,,,,,,,,,,,,,,,,,,,,,,,,,,,,,,,,,,,,,,,,,,,,,,,,,,,,,,,,,,,,,,,,,,,,,,,,,,,,,,,,,,,,,,,
2026-27,football,USA South Athletic Conference,usa_south_athletic_confe,Greensboro,"Foust,Tyhlen",Tyhlen,Foust,,263,"Foust,Tyhlen","FOUST,TYHLEN",Greensboro,GSO,1177-4587,1,0,88,88,0,WR,0,0,,,,,,,,,,,,,,,,,,,,,,,,,,,,,,,,,,,,,,,,,,,,,,,,,,,,,,,,,,,,,,,,,,,,,,,,,,,,,,,,,,,,,,,,,,,,,,,,,,,,,,,,,,,,,,,,,,,,,,,,,,,,,,,
2026-27,football,USA South Athletic Conference,usa_south_athletic_confe,Greensboro,"Kirby,Chris",Chris,Kirby,,263,"Kirby,Chris","KIRBY,CHRIS",Greensboro,GSO,1177-4748,3,0,99,99,0,0,DL,0,,,,,,,,0,1,3,4,4,.0,.0,.0,0,0,0,0,0,0,0,0,0,0,0,0,0,0,0,0,,,,,,,,,,,,,,,,,,,,,,,,,,,,,,,,,,,,,,,,,,,,,,,,,,,,,,,,,,,,,,,,,,,,,,,,,,,,,,,,,,,,,,,,,,,,,,,,
2026-27,football,USA South Athletic Conference,usa_south_athletic_confe,Greensboro,"Sawyer,Reagan",Reagan,Sawyer,,263,"Sawyer,Reagan","SAWYER,REAGAN",Greensboro,GSO,1177-4312,0,0,19,19,0,0,0,0,,,,,,,,0,0,0,0,0,.0,.0,.0,0,0,0,0,0,0,0,0,0,0,0,0,0,0,0,0,,,,,,,0,0,0,0,.0,,,,,,,,,,,,,,,0,0,0,0,0,0,0,0,0,0,0,0,,,,,,,,,,,,,,,,,,,,,,,,,,,,,,,,,,,,,,,,,,,,,,,,,,,,,,,,,,,
2026-27,football,USA South Athletic Conference,usa_south_athletic_confe,Greensboro,"Hamlet-Morris,Kameron",Kameron,Hamlet-Morris,,263,"Hamlet-Morris,Kameron","HAMLET-MORRIS,KAMERON",Greensboro,GSO,1177-4614,1,0,58,58,0,0,DL,0,,,,,,,,,,,,,,,,,,,,,,,,,,,,,,,,,,,,,,,,,,,,,,,,,,,,,,,,,,,,,,,,,,,,,,,,,,,,,,,,,,,,,,,,,,,,,,,,,,,,,,,,,,,,,,,,,,,,,,,,,,,,,,,
2026-27,football,USA South Athletic Conference,usa_south_athletic_confe,Greensboro,"Chansy,Kennath",Kennath,Chansy,,263,"Chansy,Kennath","CHANSY,KENNATH",Greensboro,GSO,1177-4592,1,0,69,69,0,OL,0,0,,,,,,,,,,,,,,,,,,,,,,,,,,,,,,,,,,,,,,,,,,,,,,,,,,,,,,,,,,,,,,,,,,,,,,,,,,,,,,,,,,,,,,,,,,,,,,,,,,,,,,,,,,,,,,,,,,,,,,,,,,,,,,,
2026-27,football,USA South Athletic Conference,usa_south_athletic_confe,Greensboro,"Jefferson,Nigel",Nigel,Jefferson,,263,"Jefferson,Nigel","JEFFERSON,NIGEL",Greensboro,GSO,1177-4541,1,0,55,55,0,OL,0,0,,,,,,,,,,,,,,,,,,,,,,,,,,,,,,,,,,,,,,,,,,,,,,,,,,,,,,,,,,,,,,,,,,,,,,,,,,,,,,,,,,,,,,,,,,,,,,,,,,,,,,,,,,,,,,,,,,,,,,,,,,,,,,,
2026-27,football,USA South Athletic Conference,usa_south_athletic_confe,Greensboro,"Hendrickson,Dominic",Dominic,Hendrickson,,263,"Hendrickson,Dominic","HENDRICKSON,DOMINIC",Greensboro,GSO,1177-4813,1,0,61,61,0,OL,0,0,,,,,,,,,,,,,,,,,,,,,,,,,,,,,,,,,,,,,,,,,,,,,,,,,,,,,,,,,,,,,,,,,,,,,,,,,,,,,,,,,,,,,,,,,,,,,,,,,,,,,,,,,,,,,,,,,,,,,,,,,,,,,,,
2026-27,football,USA South Athletic Conference,usa_south_athletic_confe,Greensboro,"Duff,Titus",Titus,Duff,,263,"Duff,Titus","DUFF,TITUS",Greensboro,GSO,1177-4804,2,0,82,82,0,WR,0,0,,,,,,,,,,,,,,,,,,,,,,,,,,,,,,,,,,,,,,,,,,,,,,,,,,,,,,,,,,,,,,,,,,,,,,,,,,,,,,,,,2,43,0,27,21.5,,,,,,,,,,,,,,,,,,,,,,,,,,,,,,,,,,,,,,,,,,
2026-27,football,USA South Athletic Conference,usa_south_athletic_confe,Greensboro,"Hall-Lassiter,Dwight",Dwight,Hall-Lassiter,,263,"Hall-Lassiter,Dwight","HALL-LASSITER,DWIGHT",Greensboro,GSO,1177-4529,1,0,24,24,0,RB,0,0,,,,,,,,,,,,,,,,,,,,,,,,,,,,,,,,,,,,,,,,,,,1,0,0,0,0,0,.0,.0,,,,,,,,,,,,,,,,,,,,,,,,,,,,,,,,,,,,,,,,,,,,,,,,,,,,,,,,,,,,,,,,,,,,,,,,,,,,,
2026-27,football,USA South Athletic Conference,usa_south_athletic_confe,Greensboro,"Ellis,Manny",Manny,Ellis,,263,"Ellis,Manny","ELLIS,MANNY",Greensboro,GSO,1177-3603,1,0,90,90,0,0,DL,0,,,,,,,,0,1,0,1,1,.0,.0,.0,0,0,0,0,0,0,0,0,0,0,0,0,0,0,0,0,,,,,,,,,,,,,,,,,,,,,,,,,,,,,,,,,,,,,,,,,,,,,,,,,,,,,,,,,,,,,,,,,,,,,,,,,,,,,,,,,,,,,,,,,,,,,,,,
2026-27,football,USA South Athletic Conference,usa_south_athletic_confe,Greensboro,"Bays,Julian",Julian,Bays,,263,"Bays,Julian","BAYS,JULIAN",Greensboro,GSO,1177-4789,1,0,97,LP,0,0,DL,0,,,,,,,,,,,,,,,,,,,,,,,,,,,,,,,,,,,,,,,,,,,,,,,,,,,,,,,,,,,,,,,,,,,,,,,,,,,,,,,,,,,,,,,,,,,,,,,,,,,,,,,,,,,,,,,,,,,,,,,,,,,,,,,
2026-27,football,USA South Athletic Conference,usa_south_athletic_confe,Greensboro,"Edmond II,Russell",Russell,Edmond II,,263,"Edmond II,Russell","EDMOND II,RUSSELL",Greensboro,GSO,1177-4805,1,0,49,,0,TE,0,0,,,,,,,,,,,,,,,,,,,,,,,,,,,,,,,,,,,,,,,,,,,,,,,,,,,,,,,,,,,,,,,,,,,,,,,,,,,,,,,,,,,,,,,,,,,,,,,,,,,,,,,,,,,,,,,,,,,,,,,,,,,,,,,
2026-27,football,USA South Athletic Conference,usa_south_athletic_confe,LaGrange,"Jones,Romello",Romello,Jones,,1162,"Jones,Romello","JONES,ROMELLO",LaGrange,LGC,1026-2846,2,0,0,0,0,WR,0,0,,,,,,,,,,,,,,,,,,,,,,,,,,,,,,,,,,,,,,,,,,,2,19,19,0,0,17,9.5,9.5,0,0,0,0,.0,,,,,,,,,,,,,,,,,,,,,,,,,,,,,,,,,,,,,,,,,,,,,,,,,,,,,,,,,,,,,,,,,,,,,,,,
2026-27,football,USA South Athletic Conference,usa_south_athletic_confe,LaGrange,"Blackmon,Akeem",Akeem,Blackmon,,1162,"Blackmon,Akeem","BLACKMON,AKEEM",LaGrange,LGC,1026-2642,2,0,0,A0,0,0,LB,0,,,,,,,,0,2,1,3,3,.5,.0,.0,0,1,3,0.5,0,1,3,0,0,0,0,0,0,0,0,0,,,,,,,,,,,,,,,,,,,,,,,,,,,,,,,,,,,,,,,,,,,,,,,,,,,,,,,,,,,,,,,,,,,,,,,,,,,,,,,,,,,,,,,,,,,,,,,,
2026-27,football,USA South Athletic Conference,usa_south_athletic_confe,LaGrange,"Simmons Jr.,Tavares",Tavares,Simmons Jr.,,1162,"Simmons Jr.,Tavares","SIMMONS JR.,TAVARES",LaGrange,LGC,1026-2507,3,2,1,A1,0,0,CB,0,,,,,,,,0,12,0,12,12,1.0,.0,.0,1,0,1,0,0,0,0,1,0,0,0,0,0,0,0,1,,,,,,,,,,,,,,,,,,,,,,,,,,,,,,,,,,,,,,,,,,,,,,,,,,,,,,,,,,,,,,,,,,,,,,,,,,,,,,,,,,,,,,,,,,,,,,,,
2026-27,football,USA South Athletic Conference,usa_south_athletic_confe,LaGrange,"Harris,Austin",Austin,Harris,,1162,"Harris,Austin","HARRIS,AUSTIN",LaGrange,LGC,1026-2646,3,2,1,1,0,WR,0,0,,,,,,,,0,0,0,0,0,.0,.0,.0,0,0,0,0,0,0,0,0,0,0,0,0,0,0,0,0,,,,,,,,,,,,,,,,,,,,7,122,1,36,17.4,,0,1,0,0,0,0,0,0,0,6,6,2,,,,,,,,,,,,,,,,,,,,,,,,,,,,,,,,,,,,,,,,,,,,,,,,,,,,,,,,,,,
2026-27,football,USA South Athletic Conference,usa_south_athletic_confe,LaGrange,"Brodnax,Henry",Henry,Brodnax,,1162,"Brodnax,Henry","BRODNAX,HENRY",LaGrange,LGC,1026-2456,3,2,2,2,0,QB,0,0,,,,,,,,,,,,,,,,,,,,,,,,,,,,,,,,,,,,,,,,,,,3,-17,1,18,0,1,-5.7,-5.7,,,,,,,,,,,,,,,,,,,18,2,79,4,429,2,58,29,128.0,7.40,14.79,143.0,,,,,,,,,,,,,,,,,,,,,,,,,,,,,,,,,,,,,,,,,,,,,,,
2026-27,football,USA South Athletic Conference,usa_south_athletic_confe,LaGrange,"Jones,Dezmond",Dezmond,Jones,,1162,"Jones,Dezmond","JONES,DEZMOND",LaGrange,LGC,1026-2484,3,2,2,A2,0,0,LB,0,,,,,,,,0,7,4,11,11,3.5,.0,.0,3,1,5,0,0,0,0,0,0,0,0,1,0,0,0,0,,,,,,,,,,,,,,,,,,,,,,,,,,,,,,,,,,,,,,,,,,,,,,,,,,,,,,,,,,,,,,,,,,,,,,,,,,,,,,,,,,,,,,,,,,,,,,,,
2026-27,football,USA South Athletic Conference,usa_south_athletic_confe,LaGrange,"Crawford,Kolby",Kolby,Crawford,,1162,"Crawford,Kolby","CRAWFORD,KOLBY",LaGrange,LGC,1026-2114,3,2,3,3,0,RB,0,0,,,,,,,,0,0,0,0,0,.0,.0,.0,0,0,0,0,0,0,0,0,0,0,0,0,0,0,0,0,,,,,,,,,,,,1,-6,0,6,0,0,-6.0,-2.0,2,51,1,43,25.5,,0,1,0,0,0,0,0,0,0,6,6,2,,,,,,,,,,,,,,,,,,,,,,,,,,,,,,,,,,,,,,,,,,,,,,,,,,,,,,,,,,,
2026-27,football,USA South Athletic Conference,usa_south_athletic_confe,LaGrange,"McLaughlin,Aaron",Aaron,McLaughlin,,1162,"McLaughlin,Aaron","MCLAUGHLIN,AARON",LaGrange,LGC,1026-2848,3,0,4,A4,0,QB,0,0,,,,,,,,0,0,0,0,0,.0,.0,.0,0,0,0,0,0,0,0,0,0,0,0,0,0,0,0,0,,,,,,,,,,,,19,86,89,3,2,17,4.5,28.7,,,,,,,0,2,0,0,0,0,0,0,0,12,12,4,0,0,49,0,181,0,23,9,105.2,7.87,20.11,60.3,,,,,,,,,,,,,,,,,,,,,,,,,,,,,,,,,,,,,,,,,,,,,,,
2026-27,football,USA South Athletic Conference,usa_south_athletic_confe,LaGrange,"Johnson,Aidan",Aidan,Johnson,,1162,"Johnson,Aidan","JOHNSON,AIDAN",LaGrange,LGC,1026-2640,2,0,4,4,0,0,DB,0,,,,,,,,0,4,2,6,6,.0,.0,.0,0,0,0,0,0,0,0,1,0,0,0,0,0,0,0,1,,,,,,,,,,,,,,,,,,,,,,,,,,,,,,,,,,,,,,0,0,0,0,0,0,0,0,NaN,.00,.00,.0,,,,,,,,,,,,,,,,,,,,,,,,,,,,,,,,,,,,,,,,,,,,,,,
2026-27,football,USA South Athletic Conference,usa_south_athletic_confe,LaGrange,"Beaubrun,Isaiah",Isaiah,Beaubrun,,1162,"Beaubrun,Isaiah","BEAUBRUN,ISAIAH",LaGrange,LGC,1026-2091,2,0,5,A5,0,0,LB,0,,,,,,,,0,1,0,1,1,1.0,.0,.0,1,0,5,0,0,0,0,0,0,0,0,0,0,0,0,0,,,,,,,,,,,,,,,,,,,,,,,,,,,,,,,,,,,,,,,,,,,,,,,,,,,,,,,,,,,,,,,,,,,,,,,,,,,,,,,,,,,,,,,,,,,,,,,,
2026-27,football,USA South Athletic Conference,usa_south_athletic_confe,LaGrange,"Bryant,Ashton",Ashton,Bryant,,1162,"Bryant,Ashton","BRYANT,ASHTON",LaGrange,LGC,1026-2101,3,2,6,6,0,WR,0,0,,,,,,,,0,0,0,0,0,.0,.0,.0,0,0,0,0,0,0,0,0,0,0,0,0,0,0,0,0,,,,,,,,,,,,,,,,,,,,8,207,2,79,25.9,,0,2,0,0,0,0,0,0,0,12,12,4,,,,,,,,,,,,,,,,,,,,,,,,,,,,,,,,,,,,,,,,,,,,,,,,,,,,,,,,,,,
2026-27,football,USA South Athletic Conference,usa_south_athletic_confe,LaGrange,"Scandrett,Messiah",Messiah,Scandrett,,1162,"Scandrett,Messiah","SCANDRETT,MESSIAH",LaGrange,LGC,1026-2503,3,2,6,A6,0,0,DB,0,,,,,,,,12,10,0,10,10,.0,.0,.0,0,0,0,0,0,0,0,0,0,0,0,0,1,0,1,1,,,,,,,1,12,1,12,12.0,,,,,,,,,,,,,,,0,1,0,0,0,0,0,0,0,6,6,2,,,,,,,,,,,,,,,,,,,,,,,0,0,,,,,,,,,,,,,,,,,,,,,,,,,,,,,,,,,,,
2026-27,football,USA South Athletic Conference,usa_south_athletic_confe,LaGrange,"Brooks,Brandon",Brandon,Brooks,,1162,"Brooks,Brandon","BROOKS,BRANDON",LaGrange,LGC,1026-2457,3,2,7,7,0,0,DB,0,,,,,,,,0,5,1,6,6,.5,.0,.0,0,1,0,0,0,0,0,2,0,0,0,0,0,0,0,2,,,,,,,,,,,,,,,,,,,,,,,,,,,,,,,,,,,,,,,,,,,,,,,,,,,,,,,,,,,,,,,,,,,,,,,,,,,,,,,,,,,,,,,,,,,,,,,,
2026-27,football,USA South Athletic Conference,usa_south_athletic_confe,LaGrange,"Hall,Jayven",Jayven,Hall,,1162,"Hall,Jayven","HALL,JAYVEN",LaGrange,LGC,1026-2850,3,1,9,A9,0,0,LB,0,,,,,,,,0,12,5,17,17,4.5,.0,.0,4,1,8,0.5,0,1,1,1,0,0,0,0,0,0,0,1,,,,,,,,,,,,,,,,,,,,,,,,,,,,,,,,,,,,,,,,,,,,,,,,,,,,,,,,,,,,,,,,,,,,,,,,,,,,,,,,,,,,,,,,,,,,,,,,
2026-27,football,USA South Athletic Conference,usa_south_athletic_confe,LaGrange,"Havis,Javoris",Javoris,Havis,,1162,"Havis,Javoris","HAVIS,JAVORIS",LaGrange,LGC,1026-2851,2,0,9,9,0,RB,0,0,,,,,,,,0,3,0,3,3,1.0,.0,.0,1,0,1,0,0,0,0,0,0,0,0,0,0,0,0,0,,,,,,,,,,,,3,7,9,2,0,6,2.3,3.5,,,,,,,,,,,,,,,,,,,,,,,,,,,,,,,,,,,,,,,,,,,,,,,,,,,,,,,,,,,,,,,,,,,,,,,,,,,,,
2026-27,football,USA South Athletic Conference,usa_south_athletic_confe,LaGrange,"Holloway,Junior",Junior,Holloway,,1162,"Holloway,Junior","HOLLOWAY,JUNIOR",LaGrange,LGC,1026-2852,3,0,11,11,0,0,CB,0,,,,,,,,0,3,0,3,3,.0,.0,.0,0,0,0,0,0,0,0,0,0,1,0,0,0,0,0,0,,,,,,,,,,,,,,,,,,,,,,,,,,,,,,,,,,,,,,,,,,,,,,,,,,,,,,,,,,,,,,,,,,,,,,,,,,,,,,,,,,,,,,,,,,,,,,,,
2026-27,football,USA South Athletic Conference,usa_south_athletic_confe,LaGrange,"Clark III,Halbert",Halbert,Clark III,,1162,"Clark III,Halbert","CLARK III,HALBERT",LaGrange,LGC,1026-2462,3,2,12,12,0,0,DB,0,,,,,,,,-3,11,2,13,13,.0,.0,.0,0,0,0,0,0,0,0,0,0,0,0,0,0,0,1,1,,,,,,,1,-3,0,0,-3.0,,,,,,,,,,,,,,,,,,,,,,,,,,,,,,,,,,,,,,,,,,,,,,,,,,,,,,,,,,,,,,,,,,,,,,,,,,,,,,,,,,,,,
2026-27,football,USA South Athletic Conference,usa_south_athletic_confe,LaGrange,"Dixon,Jeremiah",Jeremiah,Dixon,,1162,"Dixon,Jeremiah","DIXON,JEREMIAH",LaGrange,LGC,1026-2699,1,0,12,1C,0,WR,0,0,,,,,,,,,,,,,,,,,,,,,,,,,,,,,,,,,,,,,,,,,,,,,,,,,,,0,0,0,0,.0,,,,,,,,,,,,,,,,,,,,,,,,,,,,,,,,,,,,,,,,,,,,,,,,,,,,,,,,,,,,,,,,,,,,,,,,
2026-27,football,USA South Athletic Conference,usa_south_athletic_confe,LaGrange,"Carter,Kevon",Kevon,Carter,,1162,"Carter,Kevon","CARTER,KEVON",LaGrange,LGC,1026-2855,1,0,13,13,0,WR,0,0,,,,,,,,,,,,,,,,,,,,,,,,,,,,,,,,,,,,,,,,,,,,,,,,,,,,,,,,,,,,,,,,,,,,,,,,,,,,,,,,,,,,,,,,,,,,,,,,,,,,,,,,,,,,,,,,,,,,,,,,,,,,,,,
2026-27,football,USA South Athletic Conference,usa_south_athletic_confe,LaGrange,"Martin,Anthony",Anthony,Martin,,1162,"Martin,Anthony","MARTIN,ANTHONY",LaGrange,LGC,1026-2854,2,0,13,1D,0,0,DB,0,,,,,,,,0,1,1,2,2,.0,.0,.0,0,0,0,0,0,0,0,0,0,0,0,0,0,0,0,0,,,,,,,,,,,,,,,,,,,,,,,,,,,,,,,,,,,,,,,,,,,,,,,,,,,,,,,,,,,,,,,,,,,,,,,,,,,,,,,,,,,,,,,,,,,,,,,,
2026-27,football,USA South Athletic Conference,usa_south_athletic_confe,LaGrange,"Buelow Jr.,Mark",Mark,Buelow Jr.,,1162,"Buelow Jr.,Mark","BUELOW JR.,MARK",LaGrange,LGC,1026-2459,3,1,16,16,0,0,LB,0,,,,,,,,0,6,3,9,9,.0,.0,.0,0,0,0,0,0,0,0,1,0,0,0,0,0,0,0,1,,,,,,,,,,,,,,,,,,,,,,,,,,,,,,,,,,,,,,,,,,,,,,,,,,,,,,,,,,,,,,,,,,,,,,,,,,,,,,,,,,,,,,,,,,,,,,,,
2026-27,football,USA South Athletic Conference,usa_south_athletic_confe,LaGrange,"Stillwell,Mychal",Mychal,Stillwell,,1162,"Stillwell,Mychal","STILLWELL,MYCHAL",LaGrange,LGC,1026-2510,3,2,18,18,0,TE,0,0,,,,,,,,0,0,0,0,0,.0,.0,.0,0,0,0,0,0,0,0,0,0,0,0,0,0,0,0,0,,,,,,,,,,,,,,,,,,,,10,138,0,49,13.8,,,,,,,,,,,,,,,,,,,,,,,,,,,,,,,,,,,,1,0,,,,,,,,,,,,,,,,,,,,,,,,,,,,,,,,,,,
2026-27,football,USA South Athletic Conference,usa_south_athletic_confe,LaGrange,"Frere,Ronnie",Ronnie,Frere,,1162,"Frere,Ronnie","FRERE,RONNIE",LaGrange,LGC,1026-2723,1,0,19,1J,0,QB,0,0,,,,,,,,,,,,,,,,,,,,,,,,,,,,,,,,,,,,,,,,,,,,,,,,,,,,,,,,,,,,,,,,,,,,,,,,,,,,,,,,,,,,,,,,,,,,,,,,,,,,,,,,,,,,,,,,,,,,,,,,,,,,,,,
2026-27,football,USA South Athletic Conference,usa_south_athletic_confe,LaGrange,"Hays,Michael",Michael,Hays,,1162,"Hays,Michael","HAYS,MICHAEL",LaGrange,LGC,1026-2137,3,2,20,20,0,RB,0,0,,,,,,,,,,,,,,,,,,,,,,,,,,,,,,,,,,,,,,,,,,,36,156,162,6,0,40,4.3,52.0,8,61,0,14,7.6,,,,,,,,,,,,,,,,,,,,,,,,,,2,41,0,22,20.5,,,,,,,,,,,,,,,,,,,,,,,,,,,,,,,,,,,,,,,,,,
2026-27,football,USA South Athletic Conference,usa_south_athletic_confe,LaGrange,"Sanders,Jaden",Jaden,Sanders,,1162,"Sanders,Jaden","SANDERS,JADEN",LaGrange,LGC,1026-2180,3,2,21,21,0,0,CB,0,,,,,,,,0,6,0,6,6,1.0,.0,.0,1,0,5,0,0,0,0,0,0,0,0,0,0,0,0,0,,,,,,,,,,,,,,,,,,,,,,,,,,,,,,,,,,,,,,,,,,,,,,,,,,,,,,,,,,,,,,,,,,,,,,,,,,,,,,,,,,,,,,,,,,,,,,,,
2026-27,football,USA South Athletic Conference,usa_south_athletic_confe,LaGrange,"Miller,Amire",Amire,Miller,,1162,"Miller,Amire","MILLER,AMIRE",LaGrange,LGC,1026-2863,2,0,21,2B,0,RB,0,0,,,,,,,,0,0,0,0,0,.0,.0,.0,0,0,0,0,0,0,0,0,0,0,0,0,0,0,0,0,,,,,,,,,,,,16,80,82,2,1,19,5.0,40.0,,,,,,,0,1,0,0,0,0,0,0,0,6,6,3,,,,,,,,,,,,,,,,,,,,,,,,,,,,,,,,,,,,,,,,,,,,,,,,,,,,,,,,,,,
2026-27,football,USA South Athletic Conference,usa_south_athletic_confe,LaGrange,"Teagle,Jaylon",Jaylon,Teagle,,1162,"Teagle,Jaylon","TEAGLE,JAYLON",LaGrange,LGC,1026-2697,3,0,22,22,0,RB,0,0,,,,,,,,,,,,,,,,,,,,,,,,,,,,,,,,,,,,,,,,,,,6,4,8,4,0,5,.7,1.3,0,0,0,0,.0,,,,,,,,,,,,,,,,,,,,,,,,,,5,217,0,79,43.4,,,,,,,,,,,,,,,,,,,,,,,,,,,,,,,,,,,,,,,,,,
2026-27,football,USA South Athletic Conference,usa_south_athletic_confe,LaGrange,"Muhammad,Jamir",Jamir,Muhammad,,1162,"Muhammad,Jamir","MUHAMMAD,JAMIR",LaGrange,LGC,1026-2694,2,0,23,23,0,0,DB,0,,,,,,,,0,2,1,3,3,.0,.0,.0,0,0,0,0,0,0,0,0,0,0,0,0,0,0,0,0,,,,,,,,,,,,,,,,,,,,,,,,,,,,,,,,,,,,,,,,,,,,,,,,,,,,,,,,,,,,,,,,,,,,,,,,,,,,,,,,,,,,,,,,,,,,,,,,
2026-27,football,USA South Athletic Conference,usa_south_athletic_confe,LaGrange,"Tant,Wyatt",Wyatt,Tant,,1162,"Tant,Wyatt","TANT,WYATT",LaGrange,LGC,1026-2512,2,0,24,24,0,0,LB,0,,,,,,,,0,1,2,3,3,.0,.0,.0,0,0,0,0,0,0,0,0,0,0,0,0,0,0,0,0,,,,,,,,,,,,,,,,,,,,,,,,,,,,,,,,,,,,,,,,,,,,,,,,,,,,,,,,,,,,,,,,,,,,,,,,,,,,,,,,,,,,,,,,,,,,,,,,
2026-27,football,USA South Athletic Conference,usa_south_athletic_confe,LaGrange,"Brown,Chauncey",Chauncey,Brown,,1162,"Brown,Chauncey","BROWN,CHAUNCEY",LaGrange,LGC,1026-2865,1,0,24,2E,0,RB,0,0,,,,,,,,,,,,,,,,,,,,,,,,,,,,,,,,,,,,,,,,,,,,,,,,,,,,,,,,,,,,,,,,,,,,,,,,,,,,,,,,,,,,,,,,,,,,,,,,,,,,,,,,,,,,,,,,,,,,,,,,,,,,,,,
2026-27,football,USA South Athletic Conference,usa_south_athletic_confe,LaGrange,"Black,Jace",Jace,Black,,1162,"Black,Jace","BLACK,JACE",LaGrange,LGC,1026-2455,2,0,25,25,0,RB,0,0,,,,,,,,,,,,,,,,,,,,,,,,,,,,,,,,,,,,,,,,,,,,,,,,,,,,,,,,,,,,,,,,,,,,,,,,,,,,,,,,,,,,,,,,,,,,,,,,,,,,,,,,,,,,,,,,,,,,,,,,,,,,,,,
2026-27,football,USA South Athletic Conference,usa_south_athletic_confe,LaGrange,"Brooks,Braxton",Braxton,Brooks,,1162,"Brooks,Braxton","BROOKS,BRAXTON",LaGrange,LGC,1026-2659,1,0,26,26,0,WR,0,0,,,,,,,,,,,,,,,,,,,,,,,,,,,,,,,,,,,,,,,,,,,,,,,,,,,,,,,,,,,,,,,,,,,,,,,,,,,,,,,,,,,,,,,,,,,,,,,,,,,,,,,,,,,,,,,,,,,,,,,,,,,,,,,
2026-27,football,USA South Athletic Conference,usa_south_athletic_confe,LaGrange,"Davis,Paul",Paul,Davis,,1162,"Davis,Paul","DAVIS,PAUL",LaGrange,LGC,1026-2868,1,0,27,27,0,0,CB,0,,,,,,,,0,1,0,1,1,.0,.0,.0,0,0,0,0,0,0,0,0,0,0,0,0,0,0,0,0,,,,,,,,,,,,,,,,,,,,,,,,,,,,,,,,,,,,,,,,,,,,,,,,,,,,,,,,,,,,,,,,,,,,,,,,,,,,,,,,,,,,,,,,,,,,,,,,
2026-27,football,USA South Athletic Conference,usa_south_athletic_confe,LaGrange,"Jones,Christopher",Christopher,Jones,,1162,"Jones,Christopher","JONES,CHRISTOPHER",LaGrange,LGC,1026-2678,1,0,30,30,0,0,CB,0,,,,,,,,,,,,,,,,,,,,,,,,,,,,,,,,,,,,,,,,,,,,,,,,,,,,,,,,,,,,,,,,,,,,,,,,,,,,,,,,,,,,,,,,,,,,,,,,,,,,,,,,,,,,,,,,,,,,,,,,,,,,,,,
2026-27,football,USA South Athletic Conference,usa_south_athletic_confe,LaGrange,"Hamilton,Bakari",Bakari,Hamilton,,1162,"Hamilton,Bakari","HAMILTON,BAKARI",LaGrange,LGC,1026-2874,1,0,32,32,0,RB,0,0,,,,,,,,,,,,,,,,,,,,,,,,,,,,,,,,,,,,,,,,,,,9,58,62,4,0,42,6.4,58.0,1,7,0,7,7.0,,,,,,,,,,,,,,,,,,,,,,,,,,,,,,,,,,,,,,,,,,,,,,,,,,,,,,,,,,,,,,,,,,,,,,,,
2026-27,football,USA South Athletic Conference,usa_south_athletic_confe,LaGrange,"Rodriquez,Kenny",Kenny,Rodriquez,,1162,"Rodriquez,Kenny","RODRIQUEZ,KENNY",LaGrange,LGC,1026-2502,1,0,33,33,0,0,LB,0,,,,,,,,,,,,,,,,,,,,,,,,,,,,,,,,,,,,,,,,,,,,,,,,,,,,,,,,,,,,,,,,,,,,,,,,,,,,,,,,,,,,,,,,,,,,,,,,,,,,,,,,,,,,,,,,,,,,,,,,,,,,,,,
2026-27,football,USA South Athletic Conference,usa_south_athletic_confe,LaGrange,"McLauchlin,Ty",Ty,McLauchlin,,1162,"McLauchlin,Ty","MCLAUCHLIN,TY",LaGrange,LGC,1026-2490,2,0,34,3E,0,FB,0,0,,,,,,,,0,0,1,1,1,.0,.0,.0,0,0,0,0,0,0,0,0,0,0,0,0,0,0,0,0,,,,,,,,,,,,,,,,,,,,,,,,,,,,,,,,,,,,,,,,,,,,,,,,,,,,,,,,,,,,,,,,,,,,,,,,,,,,,,,,,,,,,,,,,,,,,,,,
2026-27,football,USA South Athletic Conference,usa_south_athletic_confe,LaGrange,"Smith,Ched",Ched,Smith,,1162,"Smith,Ched","SMITH,CHED",LaGrange,LGC,1026-2509,3,2,34,34,0,0,LB,0,,,,,,,,0,14,5,19,19,3.5,.0,.0,2,3,14,3,2,2,13,1,0,0,0,0,0,0,0,1,,,,,,,,,,,,,,,,,,,,,,,,,,,,,,,,,,,,,,,,,,,,,,,,,,,,,,,,,,,,,,,,,,,,,,,,,,,,,,,,,,,,,,,,,,,,,,,,
2026-27,football,USA South Athletic Conference,usa_south_athletic_confe,LaGrange,"Dodds,Colton",Colton,Dodds,,1162,"Dodds,Colton","DODDS,COLTON",LaGrange,LGC,1026-2876,1,0,35,35,0,WR,0,0,,,,,,,,,,,,,,,,,,,,,,,,,,,,,,,,,,,,,,,,,,,,,,,,,,,1,10,0,10,10.0,,,,,,,,,,,,,,,,,,,,,,,,,,,,,,,,,,,,,,,,,,,,,,,,,,,,,,,,,,,,,,,,,,,,,,,,
2026-27,football,USA South Athletic Conference,usa_south_athletic_confe,LaGrange,"Benson,Jarrett",Jarrett,Benson,,1162,"Benson,Jarrett","BENSON,JARRETT",LaGrange,LGC,1026-2454,2,0,40,40,0,TE,0,0,,,,,,,,,,,,,,,,,,,,,,,,,,,,,,,,,,,,,,,,,,,,,,,,,,,,,,,,,,,,,,,,,,,,,,,,,,,,,,,,,,,,,,,,,,,,,,,,,,,,,,,,,,,,,,,,,,,,,,,,,,,,,,,
2026-27,football,USA South Athletic Conference,usa_south_athletic_confe,LaGrange,"Harbin,Patrick",Patrick,Harbin,,1162,"Harbin,Patrick","HARBIN,PATRICK",LaGrange,LGC,1026-2843,1,0,42,42,0,0,LB,0,,,,,,,,,,,,,,,,,,,,,,,,,,,,,,,,,,,,,,,,,,,,,,,,,,,,,,,,,,,,,,,,,,,,,,,,,,,,,,,,,,,,,,,,,,,,,,,,,,,,,,,,,,,,,,,,,,,,,,,,,,,,,,,
2026-27,football,USA South Athletic Conference,usa_south_athletic_confe,LaGrange,"Hudson,Zymarion",Zymarion,Hudson,,1162,"Hudson,Zymarion","HUDSON,ZYMARION",LaGrange,LGC,1026-2740,3,2,47,47,0,0,DL,0,,,,,,,,0,8,6,14,14,4.5,.0,.0,3,3,14,1.5,0,3,9,0,0,0,0,0,0,0,0,0,,,,,,,,,,,,,,,,,,,,,,,,,,,,,,,,,,,,,,,,,,,,,,,,,,,,,,,,,,,,,,,,,,,,,,,,,,,,,,,,,,,,,,,,,,,,,,,,
2026-27,football,USA South Athletic Conference,usa_south_athletic_confe,LaGrange,"Hicks,Bruno",Bruno,Hicks,,1162,"Hicks,Bruno","HICKS,BRUNO",LaGrange,LGC,1026-2896,1,0,48,48,0,RB,0,0,,,,,,,,,,,,,,,,,,,,,,,,,,,,,,,,,,,,,,,,,,,,,,,,,,,,,,,,,,,,,,,,,,,,,,,,,,,,,,,,,1,32,0,32,32.0,,,,,,,,,,,,,,,,,,,,,,,,,,,,,,,,,,,,,,,,,,
2026-27,football,USA South Athletic Conference,usa_south_athletic_confe,LaGrange,"Baumgartner,Cole",Cole,Baumgartner,,1162,"Baumgartner,Cole","BAUMGARTNER,COLE",LaGrange,LGC,1026-2897,1,0,49,49,0,0,0,0,,,,,,,,,,,,,,,,,,,,,,,,,,,,,,,,,,,,,,,,,,,,,,,,,,,,,,,,,,,,,,,,,,,,,,,,,,,,,,,,,,,,,,,,,,,,,,,,,,,,,,,,,,,,,,,,,,,,,,,,,,,,,,,
2026-27,football,USA South Athletic Conference,usa_south_athletic_confe,LaGrange,"Naile,Will",Will,Naile,,1162,"Naile,Will","NAILE,WILL",LaGrange,LGC,1026-2545,3,2,50,50,0,OL,0,0,,,,,,,,,,,,,,,,,,,,,,,,,,,,,,,,,,,,,,,,,,,,,,,,,,,,,,,,,,,,,,,,,,,,,,,,,,,,,,,,,,,,,,,,,,,,,,,,,,,,,,,,,,,,,,,,,,,,,,,,,,,,,,,
2026-27,football,USA South Athletic Conference,usa_south_athletic_confe,LaGrange,"Broughton-Chastang,Bryceson",Bryceson,Broughton-Chastang,,1162,"Broughton-Chastang,Bryceson","BROUGHTON-CHASTANG,BRYCESON",LaGrange,LGC,1026-2461,3,2,52,52,0,OL,0,0,,,,,,,,,,,,,,,,,,,,,,,,,,,,,,,,,,,,,,,,,,,,,,,,,,,,,,,,,,,,,,,,,,,,,,,,,,,,,,,,,,,,,,,,,,,,,,,,,,,,,,,,,,,,,,,,,,,,,,,,,,,,,,,
2026-27,football,USA South Athletic Conference,usa_south_athletic_confe,LaGrange,"Hall,Tim",Tim,Hall,,1162,"Hall,Tim","HALL,TIM",LaGrange,LGC,1026-2477,1,0,57,57,0,OL,0,0,,,,,,,,,,,,,,,,,,,,,,,,,,,,,,,,,,,,,,,,,,,,,,,,,,,,,,,,,,,,,,,,,,,,,,,,,,,,,,,,,,,,,,,,,,,,,,,,,,,,,,,,,,,,,,,,,,,,,,,,,,,,,,,
2026-27,football,USA South Athletic Conference,usa_south_athletic_confe,LaGrange,"Brown,Caiden",Caiden,Brown,,1162,"Brown,Caiden","BROWN,CAIDEN",LaGrange,LGC,1026-2901,1,0,59,59,0,0,DT,0,,,,,,,,0,1,0,1,1,.0,.0,.0,0,0,0,0,0,0,0,0,0,0,0,0,0,0,0,0,,,,,,,,,,,,,,,,,,,,,,,,,,,,,,,,,,,,,,,,,,,,,,,,,,,,,,,,,,,,,,,,,,,,,,,,,,,,,,,,,,,,,,,,,,,,,,,,
2026-27,football,USA South Athletic Conference,usa_south_athletic_confe,LaGrange,"Dye,Jacob",Jacob,Dye,,1162,"Dye,Jacob","DYE,JACOB",LaGrange,LGC,1026-2689,3,2,60,60,0,OL,0,0,,,,,,,,,,,,,,,,,,,,,,,,,,,,,,,,,,,,,,,,,,,,,,,,,,,,,,,,,,,,,,,,,,,,,,,,,,,,,,,,,,,,,,,,,,,,,,,,,,,,,,,,,,,,,,,,,,,,,,,,,,,,,,,
2026-27,football,USA South Athletic Conference,usa_south_athletic_confe,LaGrange,"Willis,Kaden",Kaden,Willis,,1162,"Willis,Kaden","WILLIS,KADEN",LaGrange,LGC,1026-2706,3,2,63,63,0,OL,0,0,,,,,,,,,,,,,,,,,,,,,,,,,,,,,,,,,,,,,,,,,,,,,,,,,,,,,,,,,,,,,,,,,,,,,,,,,,,,,,,,,,,,,,,,,,,,,,,,,,,,,,,,,,,,,,,,,,,,,,,,,,,,,,,
2026-27,football,USA South Athletic Conference,usa_south_athletic_confe,LaGrange,"Hale,Damon",Damon,Hale,,1162,"Hale,Damon","HALE,DAMON",LaGrange,LGC,1026-2680,1,0,64,64,0,0,DE,0,,,,,,,,0,1,1,2,2,.0,.0,.0,0,0,0,0,0,0,0,0,0,0,0,0,0,0,0,0,,,,,,,,,,,,,,,,,,,,,,,,,,,,,,,,,,,,,,,,,,,,,,,,,,,,,,,,,,,,,,,,,,,,,,,,,,,,,,,,,,,,,,,,,,,,,,,,
2026-27,football,USA South Athletic Conference,usa_south_athletic_confe,LaGrange,"Hunter,Aaron",Aaron,Hunter,,1162,"Hunter,Aaron","HUNTER,AARON",LaGrange,LGC,1026-2143,3,2,68,68,0,OL,0,0,,,,,,,,,,,,,,,,,,,,,,,,,,,,,,,,,,,,,,,,,,,,,,,,,,,,,,,,,,,,,,,,,,,,,,,,,,,,,,,,,,,,,,,,,,,,,,,,,,,,,,,,,,,,,,,,,,,,,,,,,,,,,,,
2026-27,football,USA South Athletic Conference,usa_south_athletic_confe,LaGrange,"Glover,Todd",Todd,Glover,,1162,"Glover,Todd","GLOVER,TODD",LaGrange,LGC,1026-2734,2,0,75,75,0,OL,0,0,,,,,,,,,,,,,,,,,,,,,,,,,,,,,,,,,,,,,,,,,,,,,,,,,,,,,,,,,,,,,,,,,,,,,,,,,,,,,,,,,,,,,,,,,,,,,,,,,,,,,,,,,,,,,,,,,,,,,,,,,,,,,,,
2026-27,football,USA South Athletic Conference,usa_south_athletic_confe,LaGrange,"Benjamin,William",William,Benjamin,,1162,"Benjamin,William","BENJAMIN,WILLIAM",LaGrange,LGC,1026-2738,2,0,76,76,0,OL,0,0,,,,,,,,,,,,,,,,,,,,,,,,,,,,,,,,,,,,,,,,,,,,,,,,,,,,,,,,,,,,,,,,,,,,,,,,,,,,,,,,,,,,,,,,,,,,,,,,,,,,,,,,,,,,,,,,,,,,,,,,,,,,,,,
2026-27,football,USA South Athletic Conference,usa_south_athletic_confe,LaGrange,"Plank,Chase",Chase,Plank,,1162,"Plank,Chase","PLANK,CHASE",LaGrange,LGC,1026-2909,2,0,77,77,0,OL,0,0,,,,,,,,,,,,,,,,,,,,,,,,,,,,,,,,,,,,,,,,,,,,,,,,,,,,,,,,,,,,,,,,,,,,,,,,,,,,,,,,,,,,,,,,,,,,,,,,,,,,,,,,,,,,,,,,,,,,,,,,,,,,,,,
2026-27,football,USA South Athletic Conference,usa_south_athletic_confe,LaGrange,"Gorham,Gavin",Gavin,Gorham,,1162,"Gorham,Gavin","GORHAM,GAVIN",LaGrange,LGC,1026-2911,2,0,79,79,0,OL,0,0,,,,,,,,,,,,,,,,,,,,,,,,,,,,,,,,,,,,,,,,,,,,,,,,,,,,,,,,,,,,,,,,,,,,,,,,,,,,,,,,,,,,,,,,,,,,,,,,,,,,,,,,,,,,,,,,,,,,,,,,,,,,,,,
2026-27,football,USA South Athletic Conference,usa_south_athletic_confe,LaGrange,"Garland,Ethan",Ethan,Garland,,1162,"Garland,Ethan","GARLAND,ETHAN",LaGrange,LGC,1026-2912,3,0,80,80,0,WR,0,0,,,,,,,,,,,,,,,,,,,,,,,,,,,,,,,,,,,,,,,,,,,,,,,,,,,,,,,,,,,,,,,,,,,,,,,,,,,,,,,,,,,,,,3,22,0,23,7.3,,,,,,,,,,,,,,,,,,,,,,,,,,,,,,,,,,,,,
2026-27,football,USA South Athletic Conference,usa_south_athletic_confe,LaGrange,"Johnson,Isaiah",Isaiah,Johnson,,1162,"Johnson,Isaiah","JOHNSON,ISAIAH",LaGrange,LGC,1026-2147,1,0,83,83,0,TE,0,0,,,,,,,,,,,,,,,,,,,,,,,,,,,,,,,,,,,,,,,,,,,,,,,,,,,,,,,,,,,,,,,,,,,,,,,,,,,,,,,,,,,,,,,,,,,,,,,,,,,,,,,,,,,,,,,,,,,,,,,,,,,,,,,
2026-27,football,USA South Athletic Conference,usa_south_athletic_confe,LaGrange,"Snowberger,Kalvin",Kalvin,Snowberger,,1162,"Snowberger,Kalvin","SNOWBERGER,KALVIN",LaGrange,LGC,1026-2914,3,0,85,85,0,WR,0,0,,,,,,,,,,,,,,,,,,,,,,,,,,,,,,,,,,,,,,,,,,,,,,,,,,,,,,,,,,,,,,,,,,,,,,,,,,,,,,,,,,,,,,,,,,,,,,,,,,,,,,,,,,,,,,,,,,,,,,,,,,,,,,,
2026-27,football,USA South Athletic Conference,usa_south_athletic_confe,LaGrange,"Whatley,James",James,Whatley,,1162,"Whatley,James","WHATLEY,JAMES",LaGrange,LGC,1026-2915,3,0,86,86,0,0,0,0,,,,,,,,0,0,0,0,0,.0,.0,.0,0,0,0,0,0,0,0,0,0,0,0,0,0,0,0,0,,,,,,,,,,,,,,,,,,,,,,,,,,7,0,3,0,0,0,0,0,0,16,16,5.33,,,,,,,,,,,,,,,,,,,,,,,,,14,890,1,11,63.6,3,5,37,0,60.0,8,7,0,0,0,0,0,0,0,0,0,0,,,,,14,528,49,0,2,5,0,2,37.7
2026-27,football,USA South Athletic Conference,usa_south_athletic_confe,LaGrange,"Wilson,Jerod",Jerod,Wilson,,1162,"Wilson,Jerod","WILSON,JEROD",LaGrange,LGC,1026-2916,1,0,87,87,0,TE,0,0,,,,,,,,,,,,,,,,,,,,,,,,,,,,,,,,,,,,,,,,,,,,,,,,,,,,,,,,,,,,,,,,,,,,,,,,,,,,,,,,,,,,,,,,,,,,,,,,,,,,,,,,,,,,,,,,,,,,,,,,,,,,,,,
2026-27,football,USA South Athletic Conference,usa_south_athletic_confe,LaGrange,"Engelbach,Castor",Castor,Engelbach,,1162,"Engelbach,Castor","ENGELBACH,CASTOR",LaGrange,LGC,1026-2917,3,0,88,88,0,TE,0,0,,,,,,,,,,,,,,,,,,,,,,,,,,,,,,,,,,,,,,,,,,,,,,,,,,,1,14,0,14,14.0,,,,,,,,,,,,,,,,,,,,,,,,,,,,,,,,,,,,,,,,,,,,,,,,,,,,,,,,,,,,,,,,,,,,,,,,
2026-27,football,USA South Athletic Conference,usa_south_athletic_confe,LaGrange,"Moore,Matthew",Matthew,Moore,,1162,"Moore,Matthew","MOORE,MATTHEW",LaGrange,LGC,1026-2171,2,0,90,90,0,0,DE,0,,,,,,,,,,,,,,,,,,,,,,,,,,,,,,,,,,,,,,,,,,,,,,,,,,,,,,,,,,,,,,,,,,,,,,,,,,,,,,,,,,,,,,,,,,,,,,,,,,,,,,,,,,,,,,,,,,,,,,,,,,,,,,,
2026-27,football,USA South Athletic Conference,usa_south_athletic_confe,LaGrange,"Brown Jr.,Barry",Barry,Brown Jr.,,1162,"Brown Jr.,Barry","BROWN JR.,BARRY",LaGrange,LGC,1026-2882,2,0,92,92,0,0,DE,0,,,,,,,,,,,,,,,,,,,,,,,,,,,,,,,,,,,,,,,,,,,,,,,,,,,,,,,,,,,,,,,,,,,,,,,,,,,,,,,,,,,,,,,,,,,,,,,,,,,,,,,,,,,,,,,,,,,,,,,,,,,,,,,
2026-27,football,USA South Athletic Conference,usa_south_athletic_confe,LaGrange,"Sutton,Christopher",Christopher,Sutton,,1162,"Sutton,Christopher","SUTTON,CHRISTOPHER",LaGrange,LGC,1026-2881,2,0,93,93,0,0,DE,0,,,,,,,,0,1,1,2,2,.0,.0,.0,0,0,0,0,0,0,0,0,0,0,0,0,0,0,0,0,,,,,,,,,,,,,,,,,,,,,,,,,,,,,,,,,,,,,,,,,,,,,,,,,,,,,,,,,,,,,,,,,,,,,,,,,,,,,,,,,,,,,,,,,,,,,,,,
2026-27,football,USA South Athletic Conference,usa_south_athletic_confe,LaGrange,"Perkins,Anthony",Anthony,Perkins,,1162,"Perkins,Anthony","PERKINS,ANTHONY",LaGrange,LGC,1026-2645,2,0,94,94,0,0,DL,0,,,,,,,,,,,,,,,,,,,,,,,,,,,,,,,,,,,,,,,,,,,,,,,,,,,,,,,,,,,,,,,,,,,,,,,,,,,,,,,,,,,,,,,,,,,,,,,,,,,,,,,,,,,,,,,,,,,,,,,,,,,,,,,
2026-27,football,USA South Athletic Conference,usa_south_athletic_confe,LaGrange,"Lawton,Nicktavius",Nicktavius,Lawton,,1162,"Lawton,Nicktavius","LAWTON,NICKTAVIUS",LaGrange,LGC,1026-2717,3,2,95,95,0,0,DL,0,,,,,,,,0,0,1,1,1,.5,.0,.0,0,1,1,0,0,0,0,0,0,0,0,0,0,0,0,0,,,,,,,,,,,,,,,,,,,,,,,,,,,,,,,,,,,,,,,,,,,,,,,,,,,,,,,,,,,,,,,,,,,,,,,,,,,,,,,,,,,,,,,,,,,,,,,,
2026-27,football,USA South Athletic Conference,usa_south_athletic_confe,LaGrange,"Hurter,Carson",Carson,Hurter,,1162,"Hurter,Carson","HURTER,CARSON",LaGrange,LGC,1026-2860,2,0,17,17,0,0,DB,0,,,,,,,,0,3,2,5,5,.0,.0,.0,0,0,0,0,0,0,0,0,0,0,0,0,0,0,0,0,,,,,,,,,,,,,,,,,,,,,,,,,,,,,,,,,,,,,,,,,,,,,,,,,,,,,,,,,,,,,,,,,,,,,,,,,,,,,,,,,,,,,,,,,,,,,,,,
2026-27,football,USA South Athletic Conference,usa_south_athletic_confe,LaGrange,"Enfinger,Easton",Easton,Enfinger,,1162,"Enfinger,Easton","ENFINGER,EASTON",LaGrange,LGC,1026-2474,1,0,30,3A,0,RB,0,0,,,,,,,,,,,,,,,,,,,,,,,,,,,,,,,,,,,,,,,,,,,,,,,,,,,0,0,0,0,.0,,,,,,,,,,,,,,,,,,,,,,,,,,,,,,,1,1,0,1,1.0,,,,,,,,,,,,,,,,,,,,,,,,,,,,,,,,,,,,,
2026-27,football,USA South Athletic Conference,usa_south_athletic_confe,LaGrange,"Lovett,Anthony",Anthony,Lovett,,1162,"Lovett,Anthony","LOVETT,ANTHONY",LaGrange,LGC,1026-2163,2,2,51,51,0,0,DE,0,,,,,,,,0,2,0,2,2,1.0,.0,.0,1,0,3,1,1,0,3,0,0,0,0,0,0,0,0,0,,,,,,,,,,,,,,,,,,,,,,,,,,,,,,,,,,,,,,,,,,,,,,,,,,,,,,,,,,,,,,,,,,,,,,,,,,,,,,,,,,,,,,,,,,,,,,,,
2026-27,football,USA South Athletic Conference,usa_south_athletic_confe,LaGrange,"Lukiri,Kevin",Kevin,Lukiri,,1162,"Lukiri,Kevin","LUKIRI,KEVIN",LaGrange,LGC,1026-2709,1,0,54,54,0,0,LB,0,,,,,,,,0,1,0,1,1,.0,.0,.0,0,0,0,0,0,0,0,0,0,0,0,0,0,0,0,0,,,,,,,,,,,,,,,,,,,,,,,,,,,,,,,,,,,,,,,,,,,,,,,,,,,,,,,,,,,,,,,,,,,,,,,,,,,,,,,,,,,,,,,,,,,,,,,,
2026-27,football,USA South Athletic Conference,usa_south_athletic_confe,LaGrange,"Donaldson,CJ",CJ,Donaldson,,1162,"Donaldson,CJ","DONALDSON,CJ",LaGrange,LGC,1026-2883,1,0,91,91,0,0,DE,0,,,,,,,,0,2,1,3,3,1.5,.0,.0,1,1,8,0.5,0,1,4,0,0,0,0,0,0,0,0,0,,,,,,,,,,,,,,,,,,,,,,,,,,,,,,,,,,,,,,,,,,,,,,,,,,,,,,,,,,,,,,,,,,,,,,,,,,,,,,,,,,,,,,,,,,,,,,,,
2026-27,football,USA South Athletic Conference,usa_south_athletic_confe,LaGrange,"Johnson,Landan",Landan,Johnson,,1162,"Johnson,Landan","JOHNSON,LANDAN",LaGrange,LGC,1026-2879,2,0,98,98,0,0,DT,0,,,,,,,,0,4,2,6,6,.0,.0,.0,0,0,0,0,0,0,0,0,0,0,0,0,0,0,0,0,,,,,,,,,,,,,,,,,,,,,,,,,,,,,,,,,,,,,,,,,,,,,,,,,,,,,,,,,,,,,,,,,,,,,,,,,,,,,,,,,,,,,,,,,,,,,,,,
2026-27,football,USA South Athletic Conference,usa_south_athletic_confe,LaGrange,"Parham,Karl",Karl,Parham,,1162,"Parham,Karl","PARHAM,KARL",LaGrange,LGC,1026-2497,1,0,10,10,0,WR,0,0,,,,,,,,,,,,,,,,,,,,,,,,,,,,,,,,,,,,,,,,,,,,,,,,,,,,,,,,,,,,,,,,,,,,,,,,,,,,,,,,,,,,,,,,,,,,,,,,,,,,,,,,,,,,,,,,,,,,,,,,,,,,,,,
2026-27,football,USA South Athletic Conference,usa_south_athletic_confe,LaGrange,"Domingos,Douly",Douly,Domingos,,1162,"Domingos,Douly","DOMINGOS,DOULY",LaGrange,LGC,1026-2687,1,0,23,2D,0,WR,0,0,,,,,,,,0,1,0,1,1,.0,.0,.0,0,0,0,0,0,0,0,0,0,0,0,0,0,0,0,0,,,,,,,,,,,,,,,,,,,,,,,,,,,,,,,,,,,,,,,,,,,,,,,,,,,,,,,,,,,,,,,,,,,,,,,,,,,,,,,,,,,,,,,,,,,,,,,,
2026-27,football,USA South Athletic Conference,usa_south_athletic_confe,LaGrange,"Nalls,Parker",Parker,Nalls,,1162,"Nalls,Parker","NALLS,PARKER",LaGrange,LGC,1026-2719,1,0,18,1I,0,0,DB,0,,,,,,,,,,,,,,,,,,,,,,,,,,,,,,,,,,,,,,,,,,,,,,,,,,,,,,,,,,,,,,,,,,,,,,,,,,,,,,,,,,,,,,,,,,,,,,,,,,,,,,,,,,,,,,,,,,,,,,,,,,,,,,,
2026-27,football,USA South Athletic Conference,usa_south_athletic_confe,LaGrange,"Comstock,Denver",Denver,Comstock,,1162,"Comstock,Denver","COMSTOCK,DENVER",LaGrange,LGC,1026-2683,1,0,29,29,0,0,LB,0,,,,,,,,,,,,,,,,,,,,,,,,,,,,,,,,,,,,,,,,,,,,,,,,,,,,,,,,,,,,,,,,,,,,,,,,,,,,,,,,,,,,,,,,,,,,,,,,,,,,,,,,,,,,,,,,,,,,,,,,,,,,,,,
2026-27,football,USA South Athletic Conference,usa_south_athletic_confe,LaGrange,"Ruis,Brayden",Brayden,Ruis,,1162,"Ruis,Brayden","RUIS,BRAYDEN",LaGrange,LGC,1026-2847,0,0,3,A3,0,0,LB,0,,,,,,,,,,,,,,,,,,,,,,,,,,,,,,,,,,,,,,,,,,,,,,,,,,,0,0,0,0,.0,,,,,,,,,,,,,,,,,,,,,,,,,,,,,,,,,,,,,,,,,,,,,,,,,,,,,,,,,,,,,,,,,,,,,,,,
2026-27,football,USA South Athletic Conference,usa_south_athletic_confe,LaGrange,"Wallace,Lamarion",Lamarion,Wallace,,1162,"Wallace,Lamarion","WALLACE,LAMARION",LaGrange,LGC,1026-2898,1,0,43,43,0,0,LB,0,,,,,,,,0,1,0,1,1,.0,.0,.0,0,0,0,0,0,0,0,0,0,0,0,0,0,0,0,0,,,,,,,,,,,,,,,,,,,,,,,,,,,,,,,,,,,,,,,,,,,,,,,,,,,,,,,,,,,,,,,,,,,,,,,,,,,,,,,,,,,,,,,,,,,,,,,,
2026-27,football,USA South Athletic Conference,usa_south_athletic_confe,Huntingdon,Taj Aubert,Taj,Aubert,,1130,Taj Aubert,"AUBERT,TAJ",Huntingdon,HUNTING,0,3,3,00,00,0,0,DE,0,,,,,,,,0,7,4,11,11,5.5,.0,.0,5,1,19,3,3,0,11,1,1,0,0,0,1,0,0,1,,,,,,,,,,,,,,,,,,,,,,,,,,,,,,,,,,,,,,,,,,,,,,,,,,,,,,,,,,,,0,0,,,,,,,,,,,,,,,,,,,,,,,,,,,,,,,,,,,
2026-27,football,USA South Athletic Conference,usa_south_athletic_confe,Huntingdon,Alijah Johnson,Alijah,Johnson,,1130,Alijah Johnson,"JOHNSON,ALIJAH",Huntingdon,HUNTING,0,3,0,D0,D0,0,0,0,0,,,,,,,,0,5,6,11,11,.0,.0,.0,0,0,0,0,0,0,0,1,0,0,0,0,0,0,0,1,,,,,,,,,,,,1,-8,0,8,0,0,-8.0,-2.7,,,,,,,,,,,,,,,,,,,8,1,0,0,0,0,0,0,NaN,.00,.00,.0,,,,,,,,,,,,,,,,,,,,,,,,,,,,,,,,,,,,,,,,,,,,,,,
2026-27,football,USA South Athletic Conference,usa_south_athletic_confe,Huntingdon,Kalen Stapp,Kalen,Stapp,,1130,Kalen Stapp,"STAPP,KALEN",Huntingdon,HUNTING,0,3,3,D1,D1,0,0,FS,0,,,,,,,,0,9,1,10,10,.0,.0,.0,0,0,0,0,0,0,0,0,0,0,0,0,0,0,0,0,,,,,,,,,,,,,,,,,,,,,,,,,,,,,,,,,,,,,,,,,,,,,,,,,,,,,,,,,,,,,,,,,,,,,,,,,,,,,,,,,,,,,,,,,,,,,,,,
2026-27,football,USA South Athletic Conference,usa_south_athletic_confe,Huntingdon,Braxton Broad,Braxton,Broad,,1130,Braxton Broad,"BROAD,BRAXTON",Huntingdon,HUNTING,0,3,0,D3,D3,0,0,0,0,,,,,,,,0,5,1,6,6,.0,.0,.0,0,0,0,0,0,0,0,0,0,0,0,0,0,0,0,0,,,,,,,,,,,,,,,,,,,,,,,,,,,,,,,,,,,,,,,,,,,,,,,,,,,,,,,,,,,,,,,,,,,,,,,,,,,,,,,,,,,,,,,,,,,,,,,,
2026-27,football,USA South Athletic Conference,usa_south_athletic_confe,Huntingdon,KB Holley,KB,Holley,,1130,KB Holley,"HOLLEY,KB",Huntingdon,HUNTING,0,1,1,D4,D4,0,0,CB,0,,,,,,,,0,2,1,3,3,.0,.0,.0,0,0,0,0,0,0,0,0,0,0,0,0,0,0,0,0,,,,,,,,,,,,,,,,,,,,,,,,,,,,,,,,,,,,,,,,,,,,,,,,,,,,,,,,,,,,,,,,,,,,,,,,,,,,,,,,,,,,,,,,,,,,,,,,
2026-27,football,USA South Athletic Conference,usa_south_athletic_confe,Huntingdon,Blake Brunick,Blake,Brunick,,1130,Blake Brunick,"BRUNICK,BLAKE",Huntingdon,HUNTING,0,3,0,D6,D6,0,0,0,0,,,,,,,,0,7,3,10,10,.0,.0,.0,0,0,0,0,0,0,0,2,0,0,0,1,0,0,0,2,,,,,,,,,,,,,,,,,,,,,,,,,,,,,,,,,,,,,,,,,,,,,,,,,,,,,,,,,,,,,,,,,,,,,,,,,,,,,,,,,,,,,,,,,,,,,,,,
2026-27,football,USA South Athletic Conference,usa_south_athletic_confe,Huntingdon,Cameron Cooper,Cameron,Cooper,,1130,Cameron Cooper,"COOPER,CAMERON",Huntingdon,HUNTING,0,3,3,D7,D7,0,0,LB,0,,,,,,,,0,7,2,9,9,2.5,.0,.0,2,1,5,0,0,0,0,0,0,0,0,0,1,0,0,0,,,,,,,,,,,,,,,,,,,,,,,,,,,,,,,,,,,,,,,,,,,,,,,,,,,,,,,,,,,,,,,,,,,,,,,,,,,,,,,,,,,,,,,,,,,,,,,,
2026-27,football,USA South Athletic Conference,usa_south_athletic_confe,Huntingdon,Jordan Sterling,Jordan,Sterling,,1130,Jordan Sterling,"STERLING,JORDAN",Huntingdon,HUNTING,0,3,3,D8,D8,0,0,CB,0,,,,,,,,0,2,1,3,3,.0,.0,.0,0,0,0,0,0,0,0,1,0,0,0,0,0,0,0,1,,,,,,,,,,,,,,,,,,,,,,,,,,,,,,,,,,,,,,,,,,,,,,,,,,,,,,,,,,,,,,,,,,,,,,,,,,,,,,,,,,,,,,,,,,,,,,,,
2026-27,football,USA South Athletic Conference,usa_south_athletic_confe,Huntingdon,Cole Trammel,Cole,Trammel,,1130,Cole Trammel,"TRAMMEL,COLE",Huntingdon,HUNTING,0,3,0,E2,E2,0,0,0,0,,,,,,,,0,1,0,1,1,.0,.0,.0,0,0,0,0,0,0,0,0,0,0,0,0,0,0,0,0,,,,,,,,,,,,,,,,,,,,,,,,,,,,,,,,,,,,,,,,,,,,,,,,,,,,,,,,,,,,,,,,,,,,,,,,,,,,,,,,,,,,,,,,,,,,,,,,
2026-27,football,USA South Athletic Conference,usa_south_athletic_confe,Huntingdon,Grant Alexander,Grant,Alexander,,1130,Grant Alexander,"ALEXANDER,GRANT",Huntingdon,HUNTING,0,3,0,E8,E8,0,0,0,0,,,,,,,,0,0,3,3,3,.5,.0,.0,0,1,2,0,0,0,0,0,0,0,0,0,0,0,0,0,,,,,,,,,,,,,,,,,,,,,,,,,,,,,,,,,,,,,,,,,,,,,,,,,,,,,,,,,,,,,,,,,,,,,,,,,,,,,,,,,,,,,,,,,,,,,,,,
2026-27,football,USA South Athletic Conference,usa_south_athletic_confe,Huntingdon,Noah Abrams,Noah,Abrams,,1130,Noah Abrams,"ABRAMS,NOAH",Huntingdon,HUNTING,0,3,0,F0,F0,0,0,0,0,,,,,,,,0,4,2,6,6,1.0,.0,.0,1,0,11,0,0,0,0,0,0,1,0,0,0,0,0,0,,,,,,,,,,,,,,,,,,,,,,,,,,,,,,,,,,,,,,,,,,,,,,,,,,,,,,,,,,,,,,,,,,,,,,,,,,,,,,,,,,,,,,,,,,,,,,,,
2026-27,football,USA South Athletic Conference,usa_south_athletic_confe,Huntingdon,Conner Cook,Conner,Cook,,1130,Conner Cook,"COOK,CONNER",Huntingdon,HUNTING,0,3,3,H4,H4,0,0,MLB,0,,,,,,,,0,3,2,5,5,1.0,.0,.0,1,0,2,1,1,0,2,0,1,1,0,0,0,0,0,0,,,,,,,,,,,,,,,,,,,,,,,,,,,,,,,,,,,,,,,,,,,,,,,,,,,,,,,,,,,,,,,,,,,,,,,,,,,,,,,,,,,,,,,,,,,,,,,,
2026-27,football,USA South Athletic Conference,usa_south_athletic_confe,Huntingdon,Javon Carlisle,Javon,Carlisle,,1130,Javon Carlisle,"CARLISLE,JAVON",Huntingdon,HUNTING,0,3,0,I9,I9,0,0,0,0,,,,,,,,0,1,4,5,5,.5,.0,.0,0,1,7,0.5,0,1,7,1,0,0,0,0,1,6,0,1,,,,,,,,,,,,,,,,,,,,,,,,,,,,,,,,,,,,,,,,,,,,,,,,,,,,,,,,,,,,0,0,,,,,,,,,,,,,,,,,,,,,,,1,6,0,6,,,,,,,,,
2026-27,football,USA South Athletic Conference,usa_south_athletic_confe,Huntingdon,Tylan Hampton,Tylan,Hampton,,1130,Tylan Hampton,"HAMPTON,TYLAN",Huntingdon,HUNTING,0,1,0,N1,N1,0,0,0,0,,,,,,,,0,1,0,1,1,.0,.0,.0,0,0,0,0,0,0,0,0,0,0,0,0,0,0,0,0,,,,,,,,,,,,,,,,,,,,,,,,,,,,,,,,,,,,,,,,,,,,,,,,,,,,,,,,,,,,,,,,,,,,,,,,,,,,,,,,,,,,,,,,,,,,,,,,
2026-27,football,USA South Athletic Conference,usa_south_athletic_confe,Huntingdon,Gavan Rogers,Gavan,Rogers,,1130,Gavan Rogers,"ROGERS,GAVAN",Huntingdon,HUNTING,0,3,3,N7,N7,0,0,NG,0,,,,,,,,0,4,0,4,4,1.0,.0,.0,1,0,11,1,1,0,11,0,0,0,0,0,0,0,0,0,,,,,,,,,,,,,,,,,,,,,,,,,,,,,,,,,,,,,,,,,,,,,,,,,,,,,,,,,,,,,,,,,,,,,,,,,,,,,,,,,,,,,,,,,,,,,,,,
2026-27,football,USA South Athletic Conference,usa_south_athletic_confe,Huntingdon,Nathan Brezovec,Nathan,Brezovec,,1130,Nathan Brezovec,"BREZOVEC,NATHAN",Huntingdon,HUNTING,0,1,0,S8,S8,0,0,0,0,,,,,,,,,,,,,,,,,,,,,,,,,,,,,,,,,,,,,,,,,,,,,,,,,,,,,,,,,,,,,,,,,,,,,,,,,,,,,,,,,,,,,,,,,,,,,,,,,,,,,,,,,,,,,,,,,,,,,,,3,92,54,0,0,0,1,1,30.7
2026-27,football,USA South Athletic Conference,usa_south_athletic_confe,Huntingdon,DJ Mackey,DJ,Mackey,,1130,DJ Mackey,"MACKEY,DJ",Huntingdon,HUNTING,0,3,0,T0,T0,0,0,0,0,,,,,,,,0,2,3,5,5,2.0,.0,.0,1,2,8,1.5,1,1,6,0,1,0,0,0,0,0,0,0,,,,,,,,,,,,,,,,,,,,,,,,,,,,,,,,,,,,,,,,,,,,,,,,,,,,,,,,,,,,,,,,,,,,,,,,,,,,,,,,,,,,,,,,,,,,,,,,
2026-27,football,USA South Athletic Conference,usa_south_athletic_confe,Huntingdon,Justin Nelson,Justin,Nelson,,1130,Justin Nelson,"NELSON,JUSTIN",Huntingdon,HUNTING,0,3,0,T2,T2,0,0,0,0,,,,,,,,0,3,1,4,4,1.0,.0,.0,1,0,7,1,1,0,7,0,0,0,0,0,0,0,0,0,,,,,,,,,,,,,,,,,,,,,,,,,,,,,,,,,,,,,,,,,,,,,,,,,,,,,,,,,,,,,,,,,,,,,,,,,,,,,,,,,,,,,,,,,,,,,,,,
2026-27,football,USA South Athletic Conference,usa_south_athletic_confe,Huntingdon,Rufus Boone Jr.,Rufus Boone,Jr.,,1130,Rufus Boone Jr.,"JR,RUFUS BOONE",Huntingdon,HUNTING,0,1,0,T4,T4,0,0,0,0,,,,,,,,0,0,1,1,1,.0,.0,.0,0,0,0,0,0,0,0,0,0,0,0,0,0,0,0,0,,,,,,,,,,,,,,,,,,,,,,,,,,,,,,,,,,,,,,,,,,,,,,,,,,,,,,,,,,,,,,,,,,,,,,,,,,,,,,,,,,,,,,,,,,,,,,,,
2026-27,football,USA South Athletic Conference,usa_south_athletic_confe,Huntingdon,Kiwan Anderson,Kiwan,Anderson,,1130,Kiwan Anderson,"ANDERSON,KIWAN",Huntingdon,HUNTING,0,3,0,T5,T5,0,0,0,0,,,,,,,,45,3,3,6,6,.0,.0,.0,0,0,0,0,0,0,0,0,0,0,0,0,0,0,1,1,,,,,,,1,45,1,45,45.0,,,,,,,,,,,,,,,0,1,0,0,0,0,0,0,0,6,6,2,,,,,,,,,,,,,,,,,,,,,,,,,,,,,,,,,,,,,,,,,,,,,,,,,,,,,,,,,,,
2026-27,football,USA South Athletic Conference,usa_south_athletic_confe,Huntingdon,Gunner Dixon,Gunner,Dixon,,1130,Gunner Dixon,"DIXON,GUNNER",Huntingdon,HUNTING,0,3,0,T7,T7,0,0,0,0,,,,,,,,0,2,1,3,3,1.0,.0,.0,1,0,2,0,0,0,0,0,0,0,0,0,0,0,0,0,,,,,,,,,,,,,,,,,,,,,,,,,,,,,,,,,,,,,,,,,,,,,,,,,,,,,,,,,,,,,,,,,,,,,,,,,,,,,,,,,,,,,,,,,,,,,,,,
2026-27,football,USA South Athletic Conference,usa_south_athletic_confe,Huntingdon,Luke Pignataro,Luke,Pignataro,,1130,Luke Pignataro,"PIGNATARO,LUKE",Huntingdon,HUNTING,0,2,0,T8,T8,0,0,0,0,,,,,,,,0,2,3,5,5,.5,.0,.0,0,1,4,0.5,0,1,4,0,0,0,0,0,0,0,0,0,,,,,,,,,,,,,,,,,,,,,,,,,,,,,,,,,,,,,,,,,,,,,,,,,,,,,,,,,,,,,,,,,,,,,,,,,,,,,,,,,,,,,,,,,,,,,,,,
2026-27,football,USA South Athletic Conference,usa_south_athletic_confe,Huntingdon,Austin Kerchner,Austin,Kerchner,,1130,Austin Kerchner,"KERCHNER,AUSTIN",Huntingdon,HUNTING,0,3,3,01,01,0,0,DE,0,,,,,,,,0,8,1,9,9,2.5,.0,.0,2,1,11,1.5,1,1,9,0,1,0,0,0,0,0,0,0,,,,,,,,,,,,,,,,,,,,,,,,,,,,,,,,,,,,,,,,,,,,,,,,,,,,,,,,,,,,,,,,,,,,,,,,,,,,,,,,,,,,,,,,,,,,,,,,
2026-27,football,USA South Athletic Conference,usa_south_athletic_confe,Huntingdon,Landon Pace,Landon,Pace,,1130,Landon Pace,"PACE,LANDON",Huntingdon,HUNTING,0,3,3,1,1,0,WR,0,0,,,,,,,,0,0,0,0,0,.0,.0,.0,0,0,0,0,0,0,0,0,0,0,0,0,0,0,0,0,,,,,,,,,,,,,,,,,,,,7,74,2,33,10.6,,0,2,0,0,0,0,0,0,0,12,12,4,,,,,,,,,,,,,,,,,,,,,,,1,1,,,,,,,,,,,,,,,,,,,,,,,,,,,,,,,,,,,
2026-27,football,USA South Athletic Conference,usa_south_athletic_confe,Huntingdon,Kenyon Watkins,Kenyon,Watkins,,1130,Kenyon Watkins,"WATKINS,KENYON",Huntingdon,HUNTING,0,3,3,2,2,0,RB,0,0,,,,,,,,0,0,0,0,0,.0,.0,.0,0,0,0,0,0,0,0,0,0,0,0,0,0,0,0,0,,,,,,,,,,,,40,173,176,3,2,27,4.3,57.7,5,38,0,13,7.6,,0,2,0,0,0,0,0,0,0,12,12,4,,,,,,,,,,,,,,,,,,,,,,,1,0,,,,,,,,,,,,,,,,,,,,,,,,,,,,,,,,,,,
2026-27,football,USA South Athletic Conference,usa_south_athletic_confe,Huntingdon,Knox Roberts,Knox,Roberts,,1130,Knox Roberts,"ROBERTS,KNOX",Huntingdon,HUNTING,0,3,0,3,3,0,0,0,0,,,,,,,,,,,,,,,,,,,,,,,,,,,,,,,,,,,,,,,,,,,9,-5,30,35,0,13,-.6,-1.7,,,,,,,,,,,,,,,,,,,35,5,42,2,186,0,41,25,115.2,4.54,7.44,62.0,,,,,,,,,,,,,,,,,,,,,,,,,,,,,,,,,,,,,,,,,,,,,,,
2026-27,football,USA South Athletic Conference,usa_south_athletic_confe,Huntingdon,Kevin Pinkard,Kevin,Pinkard,,1130,Kevin Pinkard,"PINKARD,KEVIN",Huntingdon,HUNTING,0,3,0,04,04,0,0,0,0,,,,,,,,0,3,4,7,7,.0,.0,.0,0,0,0,0,0,0,0,1,0,0,0,0,0,0,0,1,,,,,,,,,,,,,,,,,,,,,,,,,,,,,,,,,,,,,,,,,,,,,,,,,,,,,,,,,,,,,,,,,,,,,,,,,,,,,,,,,,,,,,,,,,,,,,,,
2026-27,football,USA South Athletic Conference,usa_south_athletic_confe,Huntingdon,Camden White,Camden,White,,1130,Camden White,"WHITE,CAMDEN",Huntingdon,HUNTING,0,2,0,4,4,0,0,0,0,,,,,,,,0,1,0,1,1,.0,.0,.0,0,0,0,0,0,0,0,0,0,0,0,0,0,0,0,0,,,,,,,,,,,,,,,,,,,,2,14,0,10,7.0,,,,,,,,,,,,,,,,,,,,,,,,,,,,,,,,,,,,,,,,,,,,,,,,,,,,,,,,,,,,,,,,,,,,,,,,
2026-27,football,USA South Athletic Conference,usa_south_athletic_confe,Huntingdon,Deven Chapman,Deven,Chapman,,1130,Deven Chapman,"CHAPMAN,DEVEN",Huntingdon,HUNTING,0,3,3,5,5,0,WR,0,0,,,,,,,,,,,,,,,,,,,,,,,,,,,,,,,,,,,,,,,,,,,,,,,,,,,6,44,0,18,7.3,,,,,,,,,,,,,,,,,,,,,,,,,,,,,,,,,,,,,,,,,,,,,,,,,,,,,,,,,,,,,,,,,,,,,,,,
2026-27,football,USA South Athletic Conference,usa_south_athletic_confe,Huntingdon,Jayden Young,Jayden,Young,,1130,Jayden Young,"YOUNG,JAYDEN",Huntingdon,HUNTING,0,2,0,06,06,0,0,0,0,,,,,,,,0,3,1,4,4,1.5,.0,.0,1,1,4,1,1,0,2,0,0,0,0,0,0,0,0,0,,,,,,,,,,,,,,,,,,,,,,,,,,,,,,,,,,,,,,,,,,,,,,,,,,,,,,,,,,,,,,,,,,,,,,,,,,,,,,,,,,,,,,,,,,,,,,,,
2026-27,football,USA South Athletic Conference,usa_south_athletic_confe,Huntingdon,Nathan Jones,Nathan,Jones,,1130,Nathan Jones,"JONES,NATHAN",Huntingdon,HUNTING,0,3,3,07,07,0,0,SS,0,,,,,,,,21,3,0,3,3,.0,.0,.0,0,0,0,0,0,0,0,0,1,0,0,0,0,0,2,2,,,,,,,2,21,1,15,10.5,,,,,,,,,,,,,,,0,1,0,0,0,0,0,0,0,6,6,2,,,,,,,,,,,,,,,,,,,,,,,,,,,,,,,,,,,,,,,,,,,,,,,,,,,,,,,,,,,
2026-27,football,USA South Athletic Conference,usa_south_athletic_confe,Huntingdon,Jamari Coleman,Jamari,Coleman,,1130,Jamari Coleman,"COLEMAN,JAMARI",Huntingdon,HUNTING,0,3,3,7,7,0,WR,0,0,,,,,,,,,,,,,,,,,,,,,,,,,,,,,,,,,,,,,,,,,,,,,,,,,,,9,50,1,24,5.6,,0,1,0,0,0,0,0,0,0,6,6,2,,,,,,,,,,,,,5,94,0,32,18.8,,,,,,,,,,,,,,,,,,,,,,,,,,,,,,,,,,,,,,,,,,
2026-27,football,USA South Athletic Conference,usa_south_athletic_confe,Huntingdon,Braylon Miller,Braylon,Miller,,1130,Braylon Miller,"MILLER,BRAYLON",Huntingdon,HUNTING,0,3,3,08,08,0,0,LB,0,,,,,,,,0,5,6,11,11,1.5,.0,.0,1,1,5,0,0,0,0,0,0,1,0,0,0,0,0,0,,,,,,,,,,,,0,0,0,0,0,0,.0,.0,,,,,,,,,,,,,,,,,,,,,,,,,,,,,,,,,,,,,,,,,,,,,,,,,,,,,,,,,,,,,,,,,,,,,,,,,,,,,
2026-27,football,USA South Athletic Conference,usa_south_athletic_confe,Huntingdon,Damari Baynard,Damari,Baynard,,1130,Damari Baynard,"BAYNARD,DAMARI",Huntingdon,HUNTING,0,3,0,8,8,0,0,0,0,,,,,,,,0,1,0,1,1,.0,.0,.0,0,0,0,0,0,0,0,0,0,0,0,0,0,0,0,0,,,,,,,,,,,,14,21,39,18,0,9,1.5,7.0,,,,,,,,,,,,,,,,,,,,,,,,,,,,,,,,,,,,,,,,,,,,,,,,,,,,,,,,,,,,,,,,,,,,,,,,,,,,,
2026-27,football,USA South Athletic Conference,usa_south_athletic_confe,Huntingdon,Cole Sackman,Cole,Sackman,,1130,Cole Sackman,"SACKMAN,COLE",Huntingdon,HUNTING,0,3,3,09,09,0,0,N,0,,,,,,,,0,6,4,10,10,.0,.0,.0,0,0,0,0,0,0,0,0,0,0,0,0,1,0,0,0,,,,,,,,,,,,1,-1,0,1,0,0,-1.0,-.3,,,,,,,,,,,,,,,,,,,,,,,,,,,,,,,,,,,,,,,,,0,0,,,,,,,,,,,,,,,,,,,,,,,,,,,,,,,,,,,
2026-27,football,USA South Athletic Conference,usa_south_athletic_confe,Huntingdon,Jake White,Jake,White,,1130,Jake White,"WHITE,JAKE",Huntingdon,HUNTING,0,3,3,11,11,0,QB,0,0,,,,,,,,0,0,0,0,0,.0,.0,.0,0,0,0,0,0,0,0,0,0,0,0,0,0,0,0,0,,,,,,,,,,,,4,-12,8,20,0,8,-3.0,-4.0,,,,,,,,,,,,,,,,,,,19,2,45,2,244,1,40,22,117.7,6.10,11.09,81.3,,,,,,,,,,,2,1,,,,,,,,,,,0,0,0,0,2,0,1,0,0,0,0,0,,,,,,,,,,,,,
2026-27,football,USA South Athletic Conference,usa_south_athletic_confe,Huntingdon,Nathaniel Vroman,Nathaniel,Vroman,,1130,Nathaniel Vroman,"VROMAN,NATHANIEL",Huntingdon,HUNTING,0,1,0,12,12,0,0,0,0,,,,,,,,,,,,,,,,,,,,,,,,,,,,,,,,,,,,,,,,,,,,,,,,,,,1,7,0,7,7.0,,,,,,,,,,,,,,,,,,,,,,,,,,1,0,0,0,.0,,,,,,,,,,,,,,,,,,,,,,,,,,,,,,,,,,,,,,,,,,
2026-27,football,USA South Athletic Conference,usa_south_athletic_confe,Huntingdon,Hagan Slimp,Hagan,Slimp,,1130,Hagan Slimp,"SLIMP,HAGAN",Huntingdon,HUNTING,0,1,0,17,17,0,0,0,0,,,,,,,,0,0,0,0,0,.0,.0,.0,0,0,0,0,0,0,0,0,0,0,0,0,0,0,0,0,,,,,,,,,,,,,,,,,,,,,,,,,,,,,,,,,,,,,,,,,,,,,,,,,,,,,,,,,,,,,,,,,,,,,,,,,,,,,,,,,,,,,,,,,,,,,,,,
2026-27,football,USA South Athletic Conference,usa_south_athletic_confe,Huntingdon,Michael Ward,Michael,Ward,,1130,Michael Ward,"WARD,MICHAEL",Huntingdon,HUNTING,0,3,3,22,22,0,HB,0,0,,,,,,,,0,1,0,1,1,.0,.0,.0,0,0,0,0,0,0,0,0,0,0,0,0,0,0,0,0,,,,,,,,,,,,,,,,,,,,2,87,1,45,43.5,,0,1,0,0,0,0,0,0,0,6,6,2,,,,,,,,,,,,,,,,,,,,,,,,,,,,,,,,,,,,,,,,,,,,,,,,,,,,,,,,,,,
2026-27,football,USA South Athletic Conference,usa_south_athletic_confe,Huntingdon,Xavier Finley,Xavier,Finley,,1130,Xavier Finley,"FINLEY,XAVIER",Huntingdon,HUNTING,0,3,0,23,23,0,0,0,0,,,,,,,,,,,,,,,,,,,,,,,,,,,,,,,,,,,,,,,,,,,30,64,79,15,0,10,2.1,21.3,1,4,0,4,4.0,,,,,,,,,,,,,,,,,,,,,,,,,,,,,,,,,,,,,,,,,,,,,,,,,,,,,,,,,,,,,,,,,,,,,,,,
2026-27,football,USA South Athletic Conference,usa_south_athletic_confe,Huntingdon,Braxton Wilson,Braxton,Wilson,,1130,Braxton Wilson,"WILSON,BRAXTON",Huntingdon,HUNTING,0,1,0,24,24,0,0,0,0,,,,,,,,,,,,,,,,,,,,,,,,,,,,,,,,,,,,,,,,,,,,,,,,,,,,,,,,,,,,,,,,,,,,,,,,,,,,,,,,,,,,,,,,,,,,,,,,,,,,,,,,,,,,,,,,,,,,,,,,,,,,,,,
2026-27,football,USA South Athletic Conference,usa_south_athletic_confe,Huntingdon,Tanner Mock,Tanner,Mock,,1130,Tanner Mock,"MOCK,TANNER",Huntingdon,HUNTING,0,2,0,40,40,0,0,0,0,,,,,,,,0,2,0,2,2,.0,.0,.0,0,0,0,0,0,0,0,0,0,0,0,0,0,0,0,0,,,,,,,,,,,,,,,,,,,,,,,,,,,,,,,,,,,,,,,,,,,,,,,,,,,,,,,,,,,,,,,,,,,,,,,,,,,,,,,,,,,,,,,,,,,,,,,,
2026-27,football,USA South Athletic Conference,usa_south_athletic_confe,Huntingdon,Dalan Bush,Dalan,Bush,,1130,Dalan Bush,"BUSH,DALAN",Huntingdon,HUNTING,0,3,0,43,43,0,0,0,0,,,,,,,,,,,,,,,,,,,,,,,,,,,,,,,,,,,,,,,,,,,1,16,16,0,0,16,16.0,5.3,,,,,,,,,,,,,,,,,,,,,,,,,,,,,,,,,,,,,,,,,,,,,,,,,,,,,,,,,,,,,,,,,,,,,,,,,,,,,
2026-27,football,USA South Athletic Conference,usa_south_athletic_confe,Huntingdon,Jacob Barnes,Jacob,Barnes,,1130,Jacob Barnes,"BARNES,JACOB",Huntingdon,HUNTING,0,3,0,48,48,0,0,0,0,,,,,,,,0,0,0,0,0,.0,.0,.0,0,0,0,0,0,0,0,0,0,0,0,0,0,0,0,0,,,,,,,,,,,,,,,,,,,,,,,,,,6,0,0,0,0,0,0,0,0,6,6,2,,,,,,,,,,,,,,,,,,,,,,,,,,,,,,0,2,0,2,.0,7,6,0,0,0,0,0,0,0,0,0,0,,,,,,,,,,,,,
2026-27,football,USA South Athletic Conference,usa_south_athletic_confe,Huntingdon,Desmond Harbour,Desmond,Harbour,,1130,Desmond Harbour,"HARBOUR,DESMOND",Huntingdon,HUNTING,0,3,3,56,56,0,OG,0,0,,,,,,,,,,,,,,,,,,,,,,,,,,,,,,,,,,,,,,,,,,,,,,,,,,,,,,,,,,,,,,,,,,,,,,,,,,,,,,,,,,,,,,,,,,,,,,,,,,,,,,,,,,,,,,,,,,,,,,,,,,,,,,,
2026-27,football,USA South Athletic Conference,usa_south_athletic_confe,Huntingdon,Will Barry,Will,Barry,,1130,Will Barry,"BARRY,WILL",Huntingdon,HUNTING,0,3,0,58,58,0,0,0,0,,,,,,,,,,,,,,,,,,,,,,,,,,,,,,,,,,,,,,,,,,,1,-4,0,4,0,0,-4.0,-1.3,,,,,,,,,,,,,,,,,,,,,,,,,,,,,,,,,,,,,,,,,,,12,598,3,1,49.8,,,,,,,,,,,,,,,,,,,,,,17,704,73,0,0,1,2,2,41.4
2026-27,football,USA South Athletic Conference,usa_south_athletic_confe,Huntingdon,J.D Hall,J.D,Hall,,1130,J.D Hall,"HALL,JD",Huntingdon,HUNTING,0,3,3,61,61,0,C,0,0,,,,,,,,,,,,,,,,,,,,,,,,,,,,,,,,,,,,,,,,,,,,,,,,,,,,,,,,,,,,,,,,,,,,,,,,,,,,,,,,,,,,,,,,,,,,,,,,,,,,,,,,,,,,,,,,,,,,,,,,,,,,,,,
2026-27,football,USA South Athletic Conference,usa_south_athletic_confe,Huntingdon,Jaiden Sims,Jaiden,Sims,,1130,Jaiden Sims,"SIMS,JAIDEN",Huntingdon,HUNTING,0,3,3,65,65,0,OG,0,0,,,,,,,,,,,,,,,,,,,,,,,,,,,,,,,,,,,,,,,,,,,,,,,,,,,,,,,,,,,,,,,,,,,,,,,,,,,,,,,,,,,,,,,,,,,,,,,,,,,,,,,,,,,,,,,,,,,,,,,,,,,,,,,
2026-27,football,USA South Athletic Conference,usa_south_athletic_confe,Huntingdon,Joey Alexander,Joey,Alexander,,1130,Joey Alexander,"ALEXANDER,JOEY",Huntingdon,HUNTING,0,1,0,68,68,0,0,0,0,,,,,,,,,,,,,,,,,,,,,,,,,,,,,,,,,,,,,,,,,,,,,,,,,,,,,,,,,,,,,,,,,,,,,,,,,,,,,,,,,,,,,,,,,,,,,,,,,,,,,,,,,,,,,,,,,,,,,,,,,,,,,,,
2026-27,football,USA South Athletic Conference,usa_south_athletic_confe,Huntingdon,Zach Gaylor,Zach,Gaylor,,1130,Zach Gaylor,"GAYLOR,ZACH",Huntingdon,HUNTING,0,1,1,75,75,0,OT,0,0,,,,,,,,,,,,,,,,,,,,,,,,,,,,,,,,,,,,,,,,,,,,,,,,,,,,,,,,,,,,,,,,,,,,,,,,,,,,,,,,,,,,,,,,,,,,,,,,,,,,,,,,,,,,,,,,,,,,,,,,,,,,,,,
2026-27,football,USA South Athletic Conference,usa_south_athletic_confe,Huntingdon,Wilson Beasley,Wilson,Beasley,,1130,Wilson Beasley,"BEASLEY,WILSON",Huntingdon,HUNTING,0,3,3,76,76,0,OT,0,0,,,,,,,,,,,,,,,,,,,,,,,,,,,,,,,,,,,,,,,,,,,,,,,,,,,,,,,,,,,,,,,,,,,,,,,,,,,,,,,,,,,,,,,,,,,,,,,,,,,,,,,,,,,,,,,,,,,,,,,,,,,,,,,
2026-27,football,USA South Athletic Conference,usa_south_athletic_confe,Huntingdon,Brayden Collins,Brayden,Collins,,1130,Brayden Collins,"COLLINS,BRAYDEN",Huntingdon,HUNTING,0,3,0,80,80,0,0,0,0,,,,,,,,0,0,0,0,0,.0,.0,.0,0,0,0,0,0,0,0,0,0,0,0,0,0,0,0,0,,,,,,,,,,,,,,,,,,,,7,39,0,11,5.6,,0,1,0,0,0,0,0,0,0,6,6,2,,,,,,,,,,,,,3,46,0,17,15.3,1,77,1,77,77.0,,,,,,,,,,,,,,,,,,,,,,,,,,,,,,,,,,,,,
2026-27,football,USA South Athletic Conference,usa_south_athletic_confe,Huntingdon,Kaden Gooden,Kaden,Gooden,,1130,Kaden Gooden,"GOODEN,KADEN",Huntingdon,HUNTING,0,3,0,81,81,0,0,0,0,,,,,,,,,,,,,,,,,,,,,,,,,,,,,,,,,,,,,,,,,,,,,,,,,,,1,7,0,7,7.0,,,,,,,,,,,,,,,,,,,,,,,,,,3,49,0,27,16.3,,,,,,,,,,,,,,,,,,,,,,,,,,,,,,,,,,,,,,,,,,
2026-27,football,USA South Athletic Conference,usa_south_athletic_confe,Huntingdon,Kelly Anthony,Kelly,Anthony,,1130,Kelly Anthony,"ANTHONY,KELLY",Huntingdon,HUNTING,0,1,0,85,85,0,0,0,0,,,,,,,,,,,,,,,,,,,,,,,,,,,,,,,,,,,,,,,,,,,,,,,,,,,1,2,0,2,2.0,,,,,,,,,,,,,,,,,,,,,,,,,,,,,,,,,,,,,,,,,,,,,,,,,,,,,,,,,,,,,,,,,,,,,,,,
2026-27,football,USA South Athletic Conference,usa_south_athletic_confe,Huntingdon,Zach Campbell,Zach,Campbell,,1130,Zach Campbell,"CAMPBELL,ZACH",Huntingdon,HUNTING,0,3,0,89,89,0,0,0,0,,,,,,,,,,,,,,,,,,,,,,,,,,,,,,,,,,,,,,,,,,,,,,,,,,,1,12,0,12,12.0,,,,,,,,,,,,,,,,,,,,,,,,,,3,53,0,21,17.7,,,,,,,,,,,,,,,,,,,,,,,,,,,,,,,,,,,,,,,,,,
2026-27,football,USA South Athletic Conference,usa_south_athletic_confe,Huntingdon,Greg Houston,Greg,Houston,,1130,Greg Houston,"HOUSTON,GREG",Huntingdon,HUNTING,0,1,0,B6,B6,0,0,0,0,,,,,,,,,,,,,,,,,,,,,,,,,,,,,,,,,,,,,,,,,,,,,,,,,,,,,,,,,,,,,,,,,,,,,0,0,0,0,0,0,1,0,.0,.00,.00,.0,,,,,,,,,,,,,,,,,,,,,,,,,,,,,,,,,,,,,,,,,,,,,,,
2026-27,football,USA South Athletic Conference,usa_south_athletic_confe,Huntingdon,"Tims,Corey",Corey,Tims,,1130,"Tims,Corey","TIMS,COREY",Huntingdon,HUNTING,0,2,0,02,02,0,0,DL,0,,,,,,,,0,2,0,2,2,.0,.0,.0,0,0,0,0,0,0,0,0,0,0,0,0,0,0,0,0,,,,,,,,,,,,,,,,,,,,,,,,,,,,,,,,,,,,,,,,,,,,,,,,,,,,,,,,,,,,,,,,,,,,,,,,,,,,,,,,,,,,,,,,,,,,,,,,
2026-27,football,USA South Athletic Conference,usa_south_athletic_confe,Huntingdon,"Holley,Kabren",Kabren,Holley,,1130,"Holley,Kabren","HOLLEY,KABREN",Huntingdon,HUNTING,0,2,2,D4,D4,0,0,DB,0,,,,,,,,0,3,1,4,4,1.0,.0,.0,1,0,4,0,0,0,0,0,0,0,0,0,0,0,0,0,,,,,,,,,,,,,,,,,,,,,,,,,,,,,,,,,,,,,,,,,,,,,,,,,,,,,,,,,,,,,,,,,,,,,,,,,,,,,,,,,,,,,,,,,,,,,,,,
2026-27,football,USA South Athletic Conference,usa_south_athletic_confe,Huntingdon,"White,Marquez",Marquez,White,,1130,"White,Marquez","WHITE,MARQUEZ",Huntingdon,HUNTING,0,2,0,14,14,0,WR,0,0,,,,,,,,,,,,,,,,,,,,,,,,,,,,,,,,,,,,,,,,,,,,,,,,,,,1,-3,0,0,-3.0,,,,,,,,,,,,,,,,,,,,,,,,,,,,,,,,,,,,,,,,,,,,,,,,,,,,,,,,,,,,,,,,,,,,,,,,
2026-27,football,USA South Athletic Conference,usa_south_athletic_confe,Huntingdon,"Dickerson,Damien",Damien,Dickerson,,1130,"Dickerson,Damien","DICKERSON,DAMIEN",Huntingdon,HUNTING,0,2,0,D5,D5,0,0,DB,0,,,,,,,,0,8,2,10,10,.0,.0,.0,0,0,0,0,0,0,0,1,0,0,0,0,0,0,1,2,,,,,,,1,0,0,0,.0,,,,,,,,,,,,,,,,,,,,,,,,,,,,,,,,,,,,,,,,,,,,,,,,,,,,,,,,,,,,,,,,,,,,,,,,,,,,,,,,,,,,,
2026-27,football,USA South Athletic Conference,usa_south_athletic_confe,Huntingdon,"Fluker,Jim",Jim,Fluker,,1130,"Fluker,Jim","FLUKER,JIM",Huntingdon,HUNTING,0,1,0,18,18,0,WR,0,0,,,,,,,,,,,,,,,,,,,,,,,,,,,,,,,,,,,,,,,,,,,,,,,,,,,1,31,0,31,31.0,,,,,,,,,,,,,,,,,,,,,,,,,,1,4,0,4,4.0,,,,,,,,,,,,,,,,,,,,,,,,,,,,,,,,,,,,,,,,,,
2026-27,football,USA South Athletic Conference,usa_south_athletic_confe,Huntingdon,"Dunigan,Dyllan",Dyllan,Dunigan,,1130,"Dunigan,Dyllan","DUNIGAN,DYLLAN",Huntingdon,HUNTING,0,1,0,T1,T1,0,0,DB,0,,,,,,,,0,0,1,1,1,.0,.0,.0,0,0,0,0,0,0,0,0,0,0,0,0,0,0,0,0,,,,,,,,,,,,,,,,,,,,,,,,,,,,,,,,,,,,,,,,,,,,,,,,,,,,,,,,,,,,,,,,,,,,,,,,,,,,,,,,,,,,,,,,,,,,,,,,
2026-27,football,USA South Athletic Conference,usa_south_athletic_confe,Huntingdon,"Boone,Rufus",Rufus,Boone,,1130,"Boone,Rufus","BOONE,RUFUS",Huntingdon,HUNTING,0,2,0,T4,T4,0,0,LB,0,,,,,,,,0,3,3,6,6,.0,.0,.0,0,0,0,0,0,0,0,0,0,0,0,0,1,76,0,0,,,,,,,,,,,,,,,,,,,,,,,,,,,,,,,,,,,,,,,,,,,,,,,,,,,,,,,,,,,,0,0,,,,,,,,,,,,,,,,,,,,,,,1,76,0,76,,,,,,,,,
2026-27,football,USA South Athletic Conference,usa_south_athletic_confe,Huntingdon,"Staples,Terrell",Terrell,Staples,,1130,"Staples,Terrell","STAPLES,TERRELL",Huntingdon,HUNTING,0,1,0,B7,B7,0,0,DB,0,,,,,,,,0,1,0,1,1,.0,.0,.0,0,0,0,0,0,0,0,0,0,0,0,0,0,0,0,0,,,,,,,,,,,,,,,,,,,,,,,,,,,,,,,,,,,,,,,,,,,,,,,,,,,,,,,,,,,,,,,,,,,,,,,,,,,,,,,,,,,,,,,,,,,,,,,,
2026-27,football,USA South Athletic Conference,usa_south_athletic_confe,Huntingdon,"Jackson,Keiron",Keiron,Jackson,,1130,"Jackson,Keiron","JACKSON,KEIRON",Huntingdon,HUNTING,0,1,0,H1,H1,0,0,DB,0,,,,,,,,0,0,1,1,1,.0,.0,.0,0,0,0,0,0,0,0,0,0,0,0,0,0,0,0,0,,,,,,,,,,,,,,,,,,,,,,,,,,,,,,,,,,,,,,,,,,,,,,,,,,,,,,,,,,,,,,,,,,,,,,,,,,,,,,,,,,,,,,,,,,,,,,,,
2026-27,football,USA South Athletic Conference,usa_south_athletic_confe,Huntingdon,"Mack,Jemahd",Jemahd,Mack,,1130,"Mack,Jemahd","MACK,JEMAHD",Huntingdon,HUNTING,0,1,0,H3,H3,0,0,DB,0,,,,,,,,0,2,0,2,2,.0,.0,.0,0,0,0,0,0,0,0,0,0,0,0,0,0,0,0,0,,,,,,,,,,,,,,,,,,,,,,,,,,,,,,,,,,,,,,,,,,,,,,,,,,,,,,,,,,,,,,,,,,,,,,,,,,,,,,,,,,,,,,,,,,,,,,,,
2026-27,football,USA South Athletic Conference,usa_south_athletic_confe,Huntingdon,"Reynolds,Hunter",Hunter,Reynolds,,1130,"Reynolds,Hunter","REYNOLDS,HUNTER",Huntingdon,HUNTING,0,1,0,I8,I8,0,0,LB,0,,,,,,,,0,1,0,1,1,.0,.0,.0,0,0,0,0,0,0,0,0,0,0,0,0,0,0,0,0,,,,,,,,,,,,,,,,,,,,,,,,,,,,,,,,,,,,,,,,,,,,,,,,,,,,,,,,,,,,,,,,,,,,,,,,,,,,,,,,,,,,,,,,,,,,,,,,
2026-27,football,USA South Athletic Conference,usa_south_athletic_confe,Huntingdon,"Aubin,Tucker",Tucker,Aubin,,1130,"Aubin,Tucker","AUBIN,TUCKER",Huntingdon,HUNTING,0,1,0,62,62,0,OL,0,0,,,,,,,,,,,,,,,,,,,,,,,,,,,,,,,,,,,,,,,,,,,,,,,,,,,,,,,,,,,,,,,,,,,,,,,,,,,,,,,,,,,,,,,,,,,,,,,,,,,,,,,,,,,,,,,,,,,,,,,,,,,,,,,
2026-27,football,USA South Athletic Conference,usa_south_athletic_confe,Huntingdon,"Gaylor,Zack",Zack,Gaylor,,1130,"Gaylor,Zack","GAYLOR,ZACK",Huntingdon,HUNTING,0,2,2,75,75,0,OL,0,0,,,,,,,,0,1,0,1,1,.0,.0,.0,0,0,0,0,0,0,0,0,0,0,0,0,0,0,0,0,,,,,,,,,,,,,,,,,,,,,,,,,,,,,,,,,,,,,,,,,,,,,,,,,,,,,,,,,,,,,,,,,,,,,,,,,,,,,,,,,,,,,,,,,,,,,,,,
2026-27,football,USA South Athletic Conference,usa_south_athletic_confe,Huntingdon,"Sessions,Taeshaun",Taeshaun,Sessions,,1130,"Sessions,Taeshaun","SESSIONS,TAESHAUN",Huntingdon,HUNTING,0,1,0,6,6,0,RB,0,0,,,,,,,,,,,,,,,,,,,,,,,,,,,,,,,,,,,,,,,,,,,,,,,,,,,,,,,,,,,,,,,,,,,,,,,,,,,,,,,,,,,,,,,,,,,,,,,,,,,,,,,,,,,,,,,,,,,,,,,,,,,,,,,
2026-27,football,USA South Athletic Conference,usa_south_athletic_confe,Huntingdon,"Jones,Tra",Tra,Jones,,1130,"Jones,Tra","JONES,TRA",Huntingdon,HUNTING,0,1,0,13,13,0,WR,0,0,,,,,,,,,,,,,,,,,,,,,,,,,,,,,,,,,,,,,,,,,,,,,,,,,,,1,11,0,11,11.0,,,,,,,,,,,,,,,,,,,,,,,,,,,,,,,,,,,,,,,,,,,,,,,,,,,,,,,,,,,,,,,,,,,,,,,,
2026-27,football,USA South Athletic Conference,usa_south_athletic_confe,Huntingdon,"Tercero,Jayden",Jayden,Tercero,,1130,"Tercero,Jayden","TERCERO,JAYDEN",Huntingdon,HUNTING,0,1,0,29,T9,0,0,DB,0,,,,,,,,0,1,0,1,1,.0,.0,.0,0,0,0,0,0,0,0,0,0,0,0,0,0,0,0,0,,,,,,,,,,,,,,,,,,,,,,,,,,,,,,,,,,,,,,,,,,,,,,,,,,,,,,,,,,,,,,,,,,,,,,,,,,,,,,,,,,,,,,,,,,,,,,,,
2026-27,football,USA South Athletic Conference,usa_south_athletic_confe,Huntingdon,"McClure,Xander",Xander,McClure,,1130,"McClure,Xander","MCCLURE,XANDER",Huntingdon,HUNTING,0,1,0,30,H0,0,0,DB,0,,,,,,,,0,0,1,1,1,.0,.0,.0,0,0,0,0,0,0,0,0,0,0,0,0,0,0,0,0,,,,,,,,,,,,,,,,,,,,,,,,,,,,,,,,,,,,,,,,,,,,,,,,,,,,,,,,,,,,,,,,,,,,,,,,,,,,,,,,,,,,,,,,,,,,,,,,
2026-27,football,USA South Athletic Conference,usa_south_athletic_confe,Huntingdon,"Hausler,Chance",Chance,Hausler,,1130,"Hausler,Chance","HAUSLER,CHANCE",Huntingdon,HUNTING,0,1,0,43,F3,0,0,DB,0,,,,,,,,0,0,1,1,1,.0,.0,.0,0,0,0,0,0,0,0,0,0,0,0,0,0,0,0,0,,,,,,,,,,,,,,,,,,,,,,,,,,,,,,,,,,,,,,,,,,,,,,,,,,,,,,,,,,,,,,,,,,,,,,,,,,,,,,,,,,,,,,,,,,,,,,,,
2026-27,football,USA South Athletic Conference,usa_south_athletic_confe,Huntingdon,"Green,JT",JT,Green,,1130,"Green,JT","GREEN,JT",Huntingdon,HUNTING,0,1,0,64,64,0,OL,0,0,,,,,,,,0,0,1,1,1,.0,.0,.0,0,0,0,0,0,0,0,0,0,0,0,0,0,0,0,0,,,,,,,,,,,,,,,,,,,,,,,,,,,,,,,,,,,,,,,,,,,,,,,,,,,,,,,,,,,,,,,,,,,,,,,,,,,,,,,,,,,,,,,,,,,,,,,,
2026-27,football,USA South Athletic Conference,usa_south_athletic_confe,Huntingdon,"Poindexter,Aiden",Aiden,Poindexter,,1130,"Poindexter,Aiden","POINDEXTER,AIDEN",Huntingdon,HUNTING,0,1,0,80,E0,0,0,DL,0,,,,,,,,,,,,,,,,,,,,,,,,,,,,,,,,,,,,,,,,,,,,,,,,,,,1,13,0,13,13.0,,,,,,,,,,,,,,,,,,,,,,,,,,,,,,,,,,,,,,,,,,,,,,,,,,,,,,,,,,,,,,,,,,,,,,,,
2026-27,football,USA South Athletic Conference,usa_south_athletic_confe,Huntingdon,"Cade,DJ",DJ,Cade,,1130,"Cade,DJ","CADE,DJ",Huntingdon,HUNTING,0,1,0,90,N0,0,0,DL,0,,,,,,,,0,3,0,3,3,1.0,.0,.0,1,0,3,1,1,0,3,0,1,0,0,0,0,0,0,0,,,,,,,,,,,,,,,,,,,,,,,,,,,,,,,,,,,,,,,,,,,,,,,,,,,,,,,,,,,,,,,,,,,,,,,,,,,,,,,,,,,,,,,,,,,,,,,,
2026-27,football,USA South Athletic Conference,usa_south_athletic_confe,Huntingdon,"Kerchner,Hunter",Hunter,Kerchner,,1130,"Kerchner,Hunter","KERCHNER,HUNTER",Huntingdon,HUNTING,0,1,0,92,N2,0,0,DL,0,,,,,,,,0,0,3,3,3,.0,.0,.0,0,0,0,0,0,0,0,0,0,0,0,0,0,0,0,0,,,,,,,,,,,,,,,,,,,,,,,,,,,,,,,,,,,,,,,,,,,,,,,,,,,,,,,,,,,,,,,,,,,,,,,,,,,,,,,,,,,,,,,,,,,,,,,,
2026-27,football,USA South Athletic Conference,usa_south_athletic_confe,Methodist,"Atkinson,Tyrone",Tyrone,Atkinson,,412,"Atkinson,Tyrone","ATKINSON,TYRONE",Methodist,MU,1180-6572,3,3,0,0,0,WR,0,0,,,,,,,,0,0,2,2,2,.0,.0,.0,0,0,0,0,0,0,0,0,0,0,0,0,0,0,0,0,,,,,,,,,,,,,,,,,,,,7,89,0,31,12.7,,0,0,0,0,0,1,0,0,0,2,2,0.67,,,,,,,,,,,,,,,,,,,,,,,,,,,,,,,,,,,,,,,,,,,,,,,,,,,,,,,,,,,
2026-27,football,USA South Athletic Conference,usa_south_athletic_confe,Methodist,"Cates Jr.,Toby",Toby,Cates Jr.,,412,"Cates Jr.,Toby","CATES JR.,TOBY",Methodist,MU,1180-6282,3,3,1,1,0,WR,0,0,,,,,,,,0,0,0,0,0,.0,.0,.0,0,0,0,0,0,0,0,0,0,0,0,0,0,0,0,0,,,,,,,,,,,,,,,,,,,,2,8,0,6,4.0,,0,0,0,0,0,0,0,0,0,0,0,0,,,,,,,,,,,,,,,,,,,,,,,,,,,,,,,,,,,,,,,,,,,,,,,,,,,,,,,,,,,
2026-27,football,USA South Athletic Conference,usa_south_athletic_confe,Methodist,"Battle Jr.,Clementa",Clementa,Battle Jr.,,412,"Battle Jr.,Clementa","BATTLE JR.,CLEMENTA",Methodist,MU,1180-6851,2,0,2,2,0,WR,0,0,,,,,,,,,,,,,,,,,,,,,,,,,,,,,,,,,,,,,,,,,,,1,-7,0,7,0,0,-7.0,-3.5,3,22,0,0,7.3,,,,,,,,,,,,,,,,,,,,,,,,,,6,118,0,31,19.7,1,10,0,0,10.0,,,,,,,,,,,,,,,,,,,,,,,,,,,,,,,,,,,,,
2026-27,football,USA South Athletic Conference,usa_south_athletic_confe,Methodist,"Roddy,Collin",Collin,Roddy,,412,"Roddy,Collin","RODDY,COLLIN",Methodist,MU,1180-6908,3,3,3,3,0,0,CB,0,,,,,,,,92,1,2,3,3,1.0,.0,.0,1,0,2,0,0,0,0,2,0,0,0,0,0,0,1,3,,,,,,,1,92,1,0,92.0,,,,,,,,,,,,,,,0,1,0,0,0,0,0,0,0,6,6,2,,,,,,,,,,,,,,,,,,,,,,,,,,,,,,,,,,,,,,,,,,,,,,,,,,,,,,,,,,,
2026-27,football,USA South Athletic Conference,usa_south_athletic_confe,Methodist,"Windham,Asa",Asa,Windham,,412,"Windham,Asa","WINDHAM,ASA",Methodist,MU,1180-6924,3,3,4,4,0,QB,0,0,,,,,,,,0,0,0,0,0,.0,.0,.0,0,0,0,0,0,0,0,0,0,0,0,0,0,0,0,0,,,,,,,,,,,,26,-18,62,80,0,13,-.7,-6.0,0,1,0,1,.0,,,,,,,,,,,,,,74,13,45,2,344,2,66,30,93.2,5.21,11.47,114.7,,,,,,,,,,,1,0,,,,,,,,,,,0,0,0,0,1,1,1,1,0,0,0,0,,,,,,,,,,,,,
2026-27,football,USA South Athletic Conference,usa_south_athletic_confe,Methodist,"Clark,Chris",Chris,Clark,,412,"Clark,Chris","CLARK,CHRIS",Methodist,MU,1180-6534,3,3,5,5,0,RB,0,0,,,,,,,,0,0,1,1,1,.0,.0,.0,0,0,0,0,0,0,0,0,0,0,0,0,0,0,0,0,,,,,,,,,,,,47,206,210,4,0,18,4.4,68.7,1,14,0,8,14.0,,,,,,,,,,,,,,,,,,,,,,,,,,,,,,,,,,,,,,,,,,,,,,,,,,,,,,,,,,,,,,,,,,,,,,,,
2026-27,football,USA South Athletic Conference,usa_south_athletic_confe,Methodist,"Butler,Theo",Theo,Butler,,412,"Butler,Theo","BUTLER,THEO",Methodist,MU,1180-6847,2,1,8,8,0,0,LB,0,,,,,,,,0,12,3,15,15,1.5,.0,.0,1,1,2,0,0,0,0,0,0,1,0,0,0,0,0,0,,,,,,,,,,,,,,,,,,,,,,,,,,,,,,,,,,,,,,,,,,,,,,,,,,,,,,,,,,,,,,,,,,,,,,,,,,,,,,,,,,,,,,,,,,,,,,,,
2026-27,football,USA South Athletic Conference,usa_south_athletic_confe,Methodist,"Smith,Anthony",Anthony,Smith,,412,"Smith,Anthony","SMITH,ANTHONY",Methodist,MU,1180-6343,2,2,9,9,0,0,LB,0,,,,,,,,0,2,7,9,9,.0,.0,.0,0,0,0,0,0,0,0,1,0,0,0,1,0,0,1,2,,,,,,,1,0,0,0,.0,,,,,,,,,,,,,,,,,,,,,,,,,,,,,,,,,,,,,,,,,,,,,,,,,,,,,,,,,,,,,,,,,,,,,,,,,,,,,,,,,,,,,
2026-27,football,USA South Athletic Conference,usa_south_athletic_confe,Methodist,"Mendez,Carlos",Carlos,Mendez,,412,"Mendez,Carlos","MENDEZ,CARLOS",Methodist,MU,1180-6613,3,0,10,10,0,0,LB,0,,,,,,,,0,4,4,8,8,1.5,.0,.0,1,1,1,0,0,0,0,0,0,0,0,0,0,0,0,0,,,,,,,,,,,,,,,,,,,,,,,,,,,,,,,,,,,,,,,,,,,,,,,,,,,,,,,,,,,,,,,,,,,,,,,,,,,,,,,,,,,,,,,,,,,,,,,,
2026-27,football,USA South Athletic Conference,usa_south_athletic_confe,Methodist,"Graham,Bryan",Bryan,Graham,,412,"Graham,Bryan","GRAHAM,BRYAN",Methodist,MU,1180-6300,2,2,11,11,0,0,DE,0,,,,,,,,0,2,3,5,5,1.0,.0,.0,1,0,2,0,0,0,0,0,0,0,0,0,0,0,0,0,,,,,,,0,0,0,0,.0,,,,,,,,,,,,,,,,,,,,,,,,,,,,,,,,,,,,,,,,,,,,,,,,,,,,,,,,,,,,,,,,,,,,,,,,,,,,,,,,,,,,,
2026-27,football,USA South Athletic Conference,usa_south_athletic_confe,Methodist,"McCollum,Kyan",Kyan,McCollum,,412,"McCollum,Kyan","MCCOLLUM,KYAN",Methodist,MU,1180-6608,3,0,12,12,0,RB,0,0,,,,,,,,,,,,,,,,,,,,,,,,,,,,,,,,,,,,,,,,,,,8,27,27,0,2,0,3.4,9.0,1,14,0,0,14.0,,0,2,0,0,0,0,0,0,0,12,12,4,,,,,,,,,,,,,3,22,0,16,7.3,3,37,0,26,12.3,,,,,,,,,,,,,0,0,1,0,0,0,0,0,0,0,0,0,,,,,,,,,,,,,
2026-27,football,USA South Athletic Conference,usa_south_athletic_confe,Methodist,"Zill,Tanner",Tanner,Zill,,412,"Zill,Tanner","ZILL,TANNER",Methodist,MU,1180-6643,3,3,13,13,0,WR,0,0,,,,,,,,0,2,0,2,2,.0,.0,.0,0,0,0,0,0,0,0,0,0,0,0,0,0,0,0,0,,,,,,,,,,,,,,,,,,,,5,70,1,45,14.0,,0,1,0,0,0,0,0,0,0,6,6,2,,,,,,,,,,,,,,,,,,,,,,,,,,,,,,,,,,,,,,,,,,,,,,,,,,,,,,,,,,,
2026-27,football,USA South Athletic Conference,usa_south_athletic_confe,Methodist,"Huntley,Juels",Juels,Huntley,,412,"Huntley,Juels","HUNTLEY,JUELS",Methodist,MU,1180-7169,2,0,14,14,0,RB,0,0,,,,,,,,,,,,,,,,,,,,,,,,,,,,,,,,,,,,,,,,,,,10,85,89,4,0,32,8.5,42.5,1,8,0,8,8.0,,,,,,,,,,,,,,,,,,,,,,,,,,2,63,0,36,31.5,1,-1,0,0,-1.0,,,,,,,,,,,,,,,,,,,,,,,,,,,,,,,,,,,,,
2026-27,football,USA South Athletic Conference,usa_south_athletic_confe,Methodist,"Fay,Colin",Colin,Fay,,412,"Fay,Colin","FAY,COLIN",Methodist,MU,1180-6578,3,3,15,15,0,WR,0,0,,,,,,,,,,,,,,,,,,,,,,,,,,,,,,,,,,,,,,,,,,,,,,,,,,,8,100,0,44,12.5,,,,,,,,,,,,,,,,,,,,,,,,,,,,,,,,,,,,,,,,,,,,,,,,,,,,,,,,,,,,,,,,,,,,,,,,
2026-27,football,USA South Athletic Conference,usa_south_athletic_confe,Methodist,"Pate,JuJu",JuJu,Pate,,412,"Pate,JuJu","PATE,JUJU",Methodist,MU,1180-6904,1,0,18,18,0,0,CB,0,,,,,,,,0,1,0,1,1,.0,.0,.0,0,0,0,0,0,0,0,0,0,0,0,0,0,0,0,0,,,,,,,,,,,,,,,,,,,,,,,,,,,,,,,,,,,,,,,,,,,,,,,,,,,,,,,,,,,,,,,,,,,,,,,,,,,,,,,,,,,,,,,,,,,,,,,,
2026-27,football,USA South Athletic Conference,usa_south_athletic_confe,Methodist,"Griffin,Zack",Zack,Griffin,,412,"Griffin,Zack","GRIFFIN,ZACK",Methodist,MU,1180-6583,2,2,20,20,0,0,S,0,,,,,,,,16,2,2,4,4,.0,.0,.0,0,0,0,0,0,0,0,0,0,0,0,0,0,0,1,1,,,,,,,1,16,0,16,16.0,,,,,,,,,,,,,,,,,,,,,,,,,,,,,,,,,,,,,,,,,,,,,,,,,,,,,,,,,,,,,,,,,,,,,,,,,,,,,,,,,,,,,
2026-27,football,USA South Athletic Conference,usa_south_athletic_confe,Methodist,"Parker,Lance",Lance,Parker,,412,"Parker,Lance","PARKER,LANCE",Methodist,MU,1180-6332,1,0,21,21,0,0,LB,0,,,,,,,,0,1,0,1,1,1.0,.0,.0,1,0,2,0,0,0,0,0,0,0,0,0,0,0,0,0,,,,,,,,,,,,,,,,,,,,,,,,,,,,,,,,,,,,,,,,,,,,,,,,,,,,,,,,,,,,,,,,,,,,,,,,,,,,,,,,,,,,,,,,,,,,,,,,
2026-27,football,USA South Athletic Conference,usa_south_athletic_confe,Methodist,"Frazier,Christian",Christian,Frazier,,412,"Frazier,Christian","FRAZIER,CHRISTIAN",Methodist,MU,1180-6647,2,0,22,22,0,0,CB,0,,,,,,,,,,,,,,,,,,,,,,,,,,,,,,,,,,,,,,,,,,,,,,,,,,,,,,,,,,,,,,,,,,,,,,,,,,,,,,,,,,,,,,,,,,,,,,,,,,,,,,,,,,,,,,,,,,,,,,,,,,,,,,,
2026-27,football,USA South Athletic Conference,usa_south_athletic_confe,Methodist,"Brown,Latrell",Latrell,Brown,,412,"Brown,Latrell","BROWN,LATRELL",Methodist,MU,1180-6845,2,0,23,23,0,RB,0,0,,,,,,,,0,0,3,3,3,.0,.0,.0,0,0,0,0,0,0,0,0,0,0,0,1,0,0,0,0,,,,,,,,,,,,,,,,,,,,,,,,,,,,,,,,,,,,,,,,,,,,,,,,,,,,,,,,,,,,,,,,,,,,,,,,,,,,,,,,,,,,,,,,,,,,,,,,
2026-27,football,USA South Athletic Conference,usa_south_athletic_confe,Methodist,"Warthling,Emerson",Emerson,Warthling,,412,"Warthling,Emerson","WARTHLING,EMERSON",Methodist,MU,1180-6632,3,0,24,24,0,0,LB,0,,,,,,,,0,2,14,16,16,.0,.0,.0,0,0,0,0,0,0,0,0,0,0,0,0,0,0,0,0,,,,,,,,,,,,,,,,,,,,,,,,,,,,,,,,,,,,,,,,,,,,,,,,,,,,,,,,,,,,,,,,,,,,,,,,,,,,,,,,,,,,,,,,,,,,,,,,
2026-27,football,USA South Athletic Conference,usa_south_athletic_confe,Methodist,"Stephens,Jadon",Jadon,Stephens,,412,"Stephens,Jadon","STEPHENS,JADON",Methodist,MU,1180-7157,3,0,25,25,0,0,S,0,,,,,,,,0,5,1,6,6,.0,.0,.0,0,0,0,0,0,0,0,1,0,0,0,0,0,0,0,1,,,,,,,,,,,,,,,,,,,,,,,,,,,,,,,,,,,,,,,,,,,,,,,,,,,,,,,,,,,,,,,,,,,,,,,,,,,,,,,,,,,,,,,,,,,,,,,,
2026-27,football,USA South Athletic Conference,usa_south_athletic_confe,Methodist,"Morrison,Michael",Michael,Morrison,,412,"Morrison,Michael","MORRISON,MICHAEL",Methodist,MU,1180-6326,3,2,26,26,0,0,S,0,,,,,,,,0,4,5,9,9,1.0,.0,.0,1,0,1,0,0,0,0,1,0,0,0,0,0,0,0,1,,,,,,,,,,,,,,,,,,,,,,,,,,,,,,,,,,,,,,,,,,,,,,,,,,,,,,,,,,,,,,,,,,,,,,,,,,,,,,,,,,,,,,,,,,,,,,,,
2026-27,football,USA South Athletic Conference,usa_south_athletic_confe,Methodist,"Dula,Kenneth",Kenneth,Dula,,412,"Dula,Kenneth","DULA,KENNETH",Methodist,MU,1180-7110,2,2,27,27,0,0,CB,0,,,,,,,,0,0,1,1,1,.0,.0,.0,0,0,0,0,0,0,0,1,0,0,0,0,0,0,0,1,,,,,,,,,,,,,,,,,,,,,,,,,,,,,,,,,,,,,,,,,,,,,,,,,,,,,,,,,,,,,,,,,,,,,,,,,,,,,,,,,,,,,,,,,,,,,,,,
2026-27,football,USA South Athletic Conference,usa_south_athletic_confe,Methodist,"Johnson,Javian",Javian,Johnson,,412,"Johnson,Javian","JOHNSON,JAVIAN",Methodist,MU,1180-6880,2,2,28,28,0,0,S,0,,,,,,,,0,4,3,7,7,.0,.0,.0,0,0,0,0,0,0,0,0,0,0,0,0,0,0,0,0,,,,,,,,,,,,,,,,,,,,,,,,,,,,,,,,,,,,,,,,,,,,,,,,,,,,,,,,,,,,,,,,,,,,,,,,,,,,,,,,,,,,,,,,,,,,,,,,
2026-27,football,USA South Athletic Conference,usa_south_athletic_confe,Methodist,"Miller,Samuel",Samuel,Miller,,412,"Miller,Samuel","MILLER,SAMUEL",Methodist,MU,1180-7138,2,0,29,2J,0,0,CB,0,,,,,,,,0,0,0,0,0,.0,.0,.0,0,0,0,0,0,0,0,1,0,0,0,0,0,0,0,1,,,,,,,,,,,,,,,,,,,,,,,,,,,,,,,,,,,,,,,,,,,,,,,,,,,,,,,,,,,,,,,,,,,,,,,,,,,,,,,,,,,,,,,,,,,,,,,,
2026-27,football,USA South Athletic Conference,usa_south_athletic_confe,Methodist,"McCoy,Cameron",Cameron,McCoy,,412,"McCoy,Cameron","MCCOY,CAMERON",Methodist,MU,1180-7134,1,0,30,30,0,0,LB,0,,,,,,,,0,1,1,2,2,.0,.0,.0,0,0,0,0,0,0,0,0,0,0,0,0,0,0,0,0,,,,,,,,,,,,,,,,,,,,,,,,,,,,,,,,,,,,,,,,,,,,,,,,,,,,,,,,,,,,,,,,,,,,,,,,,,,,,,,,,,,,,,,,,,,,,,,,
2026-27,football,USA South Athletic Conference,usa_south_athletic_confe,Methodist,"Fuller,Fahron",Fahron,Fuller,,412,"Fuller,Fahron","FULLER,FAHRON",Methodist,MU,1180-7191,3,3,31,31,0,0,LB,0,,,,,,,,0,11,7,18,18,1.0,.0,.0,1,0,1,0,0,0,0,0,0,1,0,0,0,0,1,1,,,,,,,1,0,0,0,.0,,,,,,,,,,,,,,,,,,,,,,,,,,,,,,,,,,,,,,,,,,,,,,,,,,,,,,,,,,,,,,,,,,,,,,,,,,,,,,,,,,,,,
2026-27,football,USA South Athletic Conference,usa_south_athletic_confe,Methodist,"Basnight,Brandon",Brandon,Basnight,,412,"Basnight,Brandon","BASNIGHT,BRANDON",Methodist,MU,1180-6837,1,0,32,32,0,FB,0,0,,,,,,,,,,,,,,,,,,,,,,,,,,,,,,,,,,,,,,,,,,,1,1,1,0,0,1,1.0,1.0,,,,,,,,,,,,,,,,,,,,,,,,,,,,,,,,,,,,,,,,,,,,,,,,,,,,,,,,,,,,,,,,,,,,,,,,,,,,,
2026-27,football,USA South Athletic Conference,usa_south_athletic_confe,Methodist,"Evans,Micah",Micah,Evans,,412,"Evans,Micah","EVANS,MICAH",Methodist,MU,1180-6293,3,0,33,33,0,0,DE,0,,,,,,,,0,0,0,0,0,.0,.0,.0,0,0,0,0,0,0,0,1,0,0,0,0,0,0,0,1,,,,,,,,,,,,,,,,,,,,,,,,,,,,,,,,,,,,,,,,,,,,,,,,,,,,,,,,,,,,,,,,,,,,,,,,,,,,,,,,,,,,,,,,,,,,,,,,
2026-27,football,USA South Athletic Conference,usa_south_athletic_confe,Methodist,"Batts,Evan",Evan,Batts,,412,"Batts,Evan","BATTS,EVAN",Methodist,MU,1180-6839,1,0,34,34,0,0,LB,0,,,,,,,,,,,,,,,,,,,,,,,,,,,,,,,,,,,,,,,,,,,,,,,,,,,,,,,,,,,,,,,,,,,,,,,,,,,,,,,,,,,,,,,,,,,,,,,,,,,,,,,,,,,,,,,,,,,,,,,,,,,,,,,
2026-27,football,USA South Athletic Conference,usa_south_athletic_confe,Methodist,"Sansbury,Jeremiah",Jeremiah,Sansbury,,412,"Sansbury,Jeremiah","SANSBURY,JEREMIAH",Methodist,MU,1180-6341,3,1,35,35,0,0,DE,0,,,,,,,,0,4,5,9,9,1.5,.0,.0,1,1,1,0,0,0,0,0,0,0,0,0,0,0,0,0,,,,,,,,,,,,,,,,,,,,,,,,,,,,,,,,,,,,,,,,,,,,,,,,,,,,,,,,,,,,,,,,,,,,,,,,,,,,,,,,,,,,,,,,,,,,,,,,
2026-27,football,USA South Athletic Conference,usa_south_athletic_confe,Methodist,"Brown,Tremell",Tremell,Brown,,412,"Brown,Tremell","BROWN,TREMELL",Methodist,MU,1180-7101,1,0,39,39,0,0,S,0,,,,,,,,0,2,0,2,2,.0,.0,.0,0,0,0,0,0,0,0,0,0,0,0,0,0,0,0,0,,,,,,,,,,,,,,,,,,,,,,,,,,,,,,,,,,,,,,,,,,,,,,,,,,,,,,,,,,,,,,,,,,,,,,,,,,,,,,,,,,,,,,,,,,,,,,,,
2026-27,football,USA South Athletic Conference,usa_south_athletic_confe,Methodist,"Blue,Paul",Paul,Blue,,412,"Blue,Paul","BLUE,PAUL",Methodist,MU,1180-6275,1,0,44,44,0,0,DE,0,,,,,,,,0,2,0,2,2,.0,.0,.0,0,0,0,0,0,0,0,0,0,0,0,0,0,0,0,0,,,,,,,,,,,,,,,,,,,,,,,,,,,,,,,,,,,,,,,,,,,,,,,,,,,,,,,,,,,,,,,,,,,,,,,,,,,,,,,,,,,,,,,,,,,,,,,,
2026-27,football,USA South Athletic Conference,usa_south_athletic_confe,Methodist,"Carter,Tremel",Tremel,Carter,,412,"Carter,Tremel","CARTER,TREMEL",Methodist,MU,1180-6848,3,0,45,45,0,0,DL,0,,,,,,,,0,2,3,5,5,1.0,.0,.0,1,0,7,1,1,0,7,0,0,0,0,0,0,0,0,0,,,,,,,,,,,,,,,,,,,,,,,,,,,,,,,,,,,,,,,,,,,,,,,,,,,,,,,,,,,,,,,,,,,,,,,,,,,,,,,,,,,,,,,,,,,,,,,,
2026-27,football,USA South Athletic Conference,usa_south_athletic_confe,Methodist,"Lynn,Drew",Drew,Lynn,,412,"Lynn,Drew","LYNN,DREW",Methodist,MU,1180-7132,2,0,46,46,0,TE,0,0,,,,,,,,0,0,1,1,1,.0,.0,.0,0,0,0,0,0,0,0,0,0,0,0,0,0,0,0,0,,,,,,,,,,,,,,,,,,,,,,,,,,,,,,,,,,,,,,,,,,,,,,,,,,,,,,,,,,,,,,,,,,,,,,,,,,,,,,,,,,,,,,,,,,,,,,,,
2026-27,football,USA South Athletic Conference,usa_south_athletic_confe,Methodist,"Wagner,Marc",Marc,Wagner,,412,"Wagner,Marc","WAGNER,MARC",Methodist,MU,1180-6920,1,0,47,47,0,RB,0,0,,,,,,,,,,,,,,,,,,,,,,,,,,,,,,,,,,,,,,,,,,,,,,,,,,,,,,,,,,,,,,,,,,,,,,,,,,,,,,,,,,,,,,,,,,,,,,,,,,,,,,,,,,,,,,,,,,,,,,,,,,,,,,,
2026-27,football,USA South Athletic Conference,usa_south_athletic_confe,Methodist,"Slagel,Luke",Luke,Slagel,,412,"Slagel,Luke","SLAGEL,LUKE",Methodist,MU,1180-7152,3,0,48,48,0,0,0,0,,,,,,,,,,,,,,,,,,,,,,,,,,,,,,,,,,,,,,,,,,,1,-33,0,33,0,0,-33.0,-11.0,,,,,,,,,,,,,,,,,,,,,,,,,,,,,,,,,,,,,,,,,1,0,,,,,,,,,,,,,,,,,,,,,,,,,,,25,893,60,0,0,0,3,8,35.7
2026-27,football,USA South Athletic Conference,usa_south_athletic_confe,Methodist,"Emery,Ethan",Ethan,Emery,,412,"Emery,Ethan","EMERY,ETHAN",Methodist,MU,1180-6577,3,0,49,49,0,0,0,0,,,,,,,,0,0,1,1,1,.0,.0,.0,0,0,0,0,0,0,0,0,0,0,0,0,0,0,0,0,,,,,,,,,,,,0,0,0,0,0,0,.0,.0,,,,,,,4,0,1,0,0,0,0,0,0,7,7,2.33,,,,,,,,,,,,,,,,,,,,,,,0,0,10,531,0,0,53.1,1,3,40,1,33.3,4,4,0,0,0,0,0,0,0,0,0,0,,,,,,,,,,,,,
2026-27,football,USA South Athletic Conference,usa_south_athletic_confe,Methodist,"Cecil,Luke",Luke,Cecil,,412,"Cecil,Luke","CECIL,LUKE",Methodist,MU,1180-6849,2,2,52,52,0,OL,0,0,,,,,,,,,,,,,,,,,,,,,,,,,,,,,,,,,,,,,,,,,,,,,,,,,,,,,,,,,,,,,,,,,,,,,,,,,,,,,,,,,,,,,,,,,,,,,,,,,,,,,,,,,,,,,,,,,,,,,,,,,,,,,,,
2026-27,football,USA South Athletic Conference,usa_south_athletic_confe,Methodist,"Folsom,Wesley",Wesley,Folsom,,412,"Folsom,Wesley","FOLSOM,WESLEY",Methodist,MU,1180-6867,3,2,53,53,0,0,LB,0,,,,,,,,0,9,7,16,16,1.0,.0,.0,0,2,1,0,0,0,0,0,0,0,0,0,0,0,0,0,,,,,,,,,,,,,,,,,,,,,,,,,,,,,,,,,,,,,,,,,,,,,,,,,,,,,,,,,,,,,,,,,,,,,,,,,,,,,,,,,,,,,,,,,,,,,,,,
2026-27,football,USA South Athletic Conference,usa_south_athletic_confe,Methodist,"Crosby,Alvin",Alvin,Crosby,,412,"Crosby,Alvin","CROSBY,ALVIN",Methodist,MU,1180-6286,2,1,54,54,0,0,DT,0,,,,,,,,0,1,4,5,5,.0,.0,.0,0,0,0,0,0,0,0,0,0,2,0,0,0,0,0,0,,,,,,,,,,,,,,,,,,,,,,,,,,,,,,,,,,,,,,,,,,,,,,,,,,,,,,,,,,,,,,,,,,,,,,,,,,,,,,,,,,,,,,,,,,,,,,,,
2026-27,football,USA South Athletic Conference,usa_south_athletic_confe,Methodist,"Riley,Cole",Cole,Riley,,412,"Riley,Cole","RILEY,COLE",Methodist,MU,1180-6906,2,1,56,56,0,0,LB,0,,,,,,,,0,1,12,13,13,.5,.0,.0,0,1,1,0,0,0,0,1,0,0,0,0,0,0,0,1,,,,,,,,,,,,,,,,,,,,,,,,,,,,,,,,,,,,,,,,,,,,,,,,,,,,,,,,,,,,,,,,,,,,,,,,,,,,,,,,,,,,,,,,,,,,,,,,
2026-27,football,USA South Athletic Conference,usa_south_athletic_confe,Methodist,"Nelson,Kaleb",Kaleb,Nelson,,412,"Nelson,Kaleb","NELSON,KALEB",Methodist,MU,1180-6901,3,3,57,57,0,0,DT,0,,,,,,,,0,6,8,14,14,3.0,.0,.0,1,4,7,0.5,0,1,2,0,0,3,0,1,0,0,0,0,,,,,,,,,,,,,,,,,,,,,,,,,,,,,,,,,,,,,,,,,,,,,,,,,,,,,,,,,,,,,,,,,,,,,,,,,,,,,,,,,,,,,,,,,,,,,,,,
2026-27,football,USA South Athletic Conference,usa_south_athletic_confe,Methodist,"Yount,Nick",Nick,Yount,,412,"Yount,Nick","YOUNT,NICK",Methodist,MU,1180-7167,1,0,62,62,0,OL,0,0,,,,,,,,,,,,,,,,,,,,,,,,,,,,,,,,,,,,,,,,,,,,,,,,,,,,,,,,,,,,,,,,,,,,,,,,,,,,,,,,,,,,,,,,,,,,,,,,,,,,,,,,,,,,,,,,,,,,,,,,,,,,,,,
2026-27,football,USA South Athletic Conference,usa_south_athletic_confe,Methodist,"Gregory,Jack",Jack,Gregory,,412,"Gregory,Jack","GREGORY,JACK",Methodist,MU,1180-7116,1,0,63,63,0,OL,0,0,,,,,,,,,,,,,,,,,,,,,,,,,,,,,,,,,,,,,,,,,,,,,,,,,,,,,,,,,,,,,,,,,,,,,,,,,,,,,,,,,,,,,,,,,,,,,,,,,,,,,,,,,,,,,,,,,,,,,,,,,,,,,,,
2026-27,football,USA South Athletic Conference,usa_south_athletic_confe,Methodist,"Harrison,Hakeem",Hakeem,Harrison,,412,"Harrison,Hakeem","HARRISON,HAKEEM",Methodist,MU,1180-6586,2,2,65,65,0,OL,0,0,,,,,,,,,,,,,,,,,,,,,,,,,,,,,,,,,,,,,,,,,,,,,,,,,,,,,,,,,,,,,,,,,,,,,,,,,,,,,,,,,,,,,,,,,,,,,,,,,,,,,,,,,,,,,,,,,,,,,,,,,,,,,,,
2026-27,football,USA South Athletic Conference,usa_south_athletic_confe,Methodist,"Leaks,Devin",Devin,Leaks,,412,"Leaks,Devin","LEAKS,DEVIN",Methodist,MU,1180-7130,1,1,67,67,0,OL,0,0,,,,,,,,,,,,,,,,,,,,,,,,,,,,,,,,,,,,,,,,,,,,,,,,,,,,,,,,,,,,,,,,,,,,,,,,,,,,,,,,,,,,,,,,,,,,,,,,,,,,,,,,,,,,,,,,,,,,,,,,,,,,,,,
2026-27,football,USA South Athletic Conference,usa_south_athletic_confe,Methodist,"Allen,Demetrius",Demetrius,Allen,,412,"Allen,Demetrius","ALLEN,DEMETRIUS",Methodist,MU,1180-7089,2,2,72,72,0,OL,0,0,,,,,,,,,,,,,,,,,,,,,,,,,,,,,,,,,,,,,,,,,,,,,,,,,,,,,,,,,,,,,,,,,,,,,,,,,,,,,,,,,,,,,,,,,,,,,,,,,,,,,,,,,,,,,,,,,,,,,,,,,,,,,,,
2026-27,football,USA South Athletic Conference,usa_south_athletic_confe,Methodist,"Rayford,Kameron",Kameron,Rayford,,412,"Rayford,Kameron","RAYFORD,KAMERON",Methodist,MU,1180-7147,3,3,75,75,0,OL,0,0,,,,,,,,,,,,,,,,,,,,,,,,,,,,,,,,,,,,,,,,,,,,,,,,,,,,,,,,,,,,,,,,,,,,,,,,,,,,,,,,,,,,,,,,,,,,,,,,,,,,,,,,,,,,,,,,,,,,,,,,,,,,,,,
2026-27,football,USA South Athletic Conference,usa_south_athletic_confe,Methodist,"Lee,Kairo",Kairo,Lee,,412,"Lee,Kairo","LEE,KAIRO",Methodist,MU,1180-6601,3,2,76,76,0,OL,0,0,,,,,,,,,,,,,,,,,,,,,,,,,,,,,,,,,,,,,,,,,,,,,,,,,,,,,,,,,,,,,,,,,,,,,,,,,,,,,,,,,,,,,,,,,,,,,,,,,,,,,,,,,,,,,,,,,,,,,,,,,,,,,,,
2026-27,football,USA South Athletic Conference,usa_south_athletic_confe,Methodist,"Kaiser,Sam",Sam,Kaiser,,412,"Kaiser,Sam","KAISER,SAM",Methodist,MU,1180-6598,3,0,81,81,0,WR,0,0,,,,,,,,0,0,3,3,3,.0,.0,.0,0,0,0,0,0,0,0,0,0,0,0,0,0,0,0,0,,,,,,,,,,,,,,,,,,,,2,8,0,0,4.0,,,,,,,,,,,,,,,,,,,,,,,,,,,,,,,,,,,,,,,,,,,,,,,,,,,,,,,,,,,,,,,,,,,,,,,,
2026-27,football,USA South Athletic Conference,usa_south_athletic_confe,Methodist,"Williams,NyQuan",NyQuan,Williams,,412,"Williams,NyQuan","WILLIAMS,NYQUAN",Methodist,MU,1180-6923,2,0,84,84,0,WR,0,0,,,,,,,,0,2,3,5,5,.0,.0,.0,0,0,0,0,0,0,0,0,0,0,0,0,0,0,0,0,,,,,,,,,,,,,,,,,,,,1,4,0,4,4.0,,,,,,,,,,,,,,,,,,,,,,,,,,,,,,,,,,,,,,,,,,,,,,,,,,,,,,,,,,,,,,,,,,,,,,,,
2026-27,football,USA South Athletic Conference,usa_south_athletic_confe,Methodist,"Whipper-Daniel,Wisdom",Wisdom,Whipper-Daniel,,412,"Whipper-Daniel,Wisdom","WHIPPER-DANIEL,WISDOM",Methodist,MU,1180-6921,2,0,88,88,0,TE,0,0,,,,,,,,,,,,,,,,,,,,,,,,,,,,,,,,,,,,,,,,,,,,,,,,,,,1,2,0,2,2.0,,,,,,,,,,,,,,,,,,,,,,,,,,,,,,,,,,,,,,,,,,,,,,,,,,,,,,,,,,,,,,,,,,,,,,,,
2026-27,football,USA South Athletic Conference,usa_south_athletic_confe,Methodist,"McFarlin,DaMyon",DaMyon,McFarlin,,412,"McFarlin,DaMyon","MCFARLIN,DAMYON",Methodist,MU,1180-6610,2,0,89,89,0,FB,0,0,,,,,,,,,,,,,,,,,,,,,,,,,,,,,,,,,,,,,,,,,,,,,,,,,,,,,,,,,,,,,,,,,,,,,,,,,,,,,,,,,,,,,,,,,,,,,,,,,,,,,,,,,,,,,,,,,,,,,,,,,,,,,,,
2026-27,football,USA South Athletic Conference,usa_south_athletic_confe,Methodist,"Bennett,Jamari",Jamari,Bennett,,412,"Bennett,Jamari","BENNETT,JAMARI",Methodist,MU,1180-6273,1,0,90,90,0,0,DE,0,,,,,,,,,,,,,,,,,,,,,,,,,,,,,,,,,,,,,,,,,,,,,,,,,,,,,,,,,,,,,,,,,,,,,,,,,,,,,,,,,,,,,,,,,,,,,,,,,,,,,,,,,,,,,,,,,,,,,,,,,,,,,,,
2026-27,football,USA South Athletic Conference,usa_south_athletic_confe,Methodist,"Genwright,Kaleb",Kaleb,Genwright,,412,"Genwright,Kaleb","GENWRIGHT,KALEB",Methodist,MU,1180-7115,3,0,91,91,0,0,DT,0,,,,,,,,0,1,6,7,7,2.0,.0,.0,1,2,3,0,0,0,0,1,0,1,0,0,0,0,0,1,,,,,,,,,,,,,,,,,,,,,,,,,,,,,,,,,,,,,,,,,,,,,,,,,,,,,,,,,,,,,,,,,,,,,,,,,,,,,,,,,,,,,,,,,,,,,,,,
2026-27,football,USA South Athletic Conference,usa_south_athletic_confe,Methodist,"Webster,Cam'Ron",Cam'Ron,Webster,,412,"Webster,Cam'Ron","WEBSTER,CAM'RON",Methodist,MU,1180-6644,3,3,95,95,0,0,DE,0,,,,,,,,0,7,11,18,18,6.0,.0,.0,4,4,42,4.5,4,1,40,1,3,2,0,0,0,0,0,1,,,,,,,,,,,,,,,,,,,,,,,,,,,,,,,,,,,,,,,,,,,,,,,,,,,,,,,,,,,,,,,,,,,,,,,,,,,,,,,,,,,,,,,,,,,,,,,,
2026-27,football,USA South Athletic Conference,usa_south_athletic_confe,Methodist,"Fisher,Daiveon",Daiveon,Fisher,,412,"Fisher,Daiveon","FISHER,DAIVEON",Methodist,MU,1180-6580,1,0,96,96,0,0,DE,0,,,,,,,,0,2,0,2,2,.0,.0,.0,0,0,0,0,0,0,0,0,0,0,0,0,0,0,0,0,,,,,,,,,,,,,,,,,,,,,,,,,,,,,,,,,,,,,,,,,,,,,,,,,,,,,,,,,,,,,,,,,,,,,,,,,,,,,,,,,,,,,,,,,,,,,,,,
2026-27,football,USA South Athletic Conference,usa_south_athletic_confe,Methodist,"Cobham-Portorreal,Symeon",Symeon,Cobham-Portorreal,,412,"Cobham-Portorreal,Symeon","COBHAM-PORTORREAL,SYMEON",Methodist,MU,1180-6853,2,2,98,98,0,0,DT,0,,,,,,,,0,1,1,2,2,.0,.0,.0,0,0,0,0,0,0,0,0,0,0,0,0,0,0,0,0,,,,,,,,,,,,,,,,,,,,,,,,,,,,,,,,,,,,,,,,,,,,,,,,,,,,,,,,,,,,,,,,,,,,,,,,,,,,,,,,,,,,,,,,,,,,,,,,
2026-27,football,USA South Athletic Conference,usa_south_athletic_confe,Methodist,"Johnson,Brian",Brian,Johnson,,412,"Johnson,Brian","JOHNSON,BRIAN",Methodist,MU,1180-7168,1,0,17,17,0,WR,0,0,,,,,,,,0,0,0,0,0,.0,.0,.0,0,0,0,0,0,0,0,0,0,0,0,0,0,0,0,0,,,,,,,,,,,,,,,,,,,,0,-3,0,0,.0,,,,,,,,,,,,,,,,,,,,,,,,,,,,,,,,,,,,,,,,,,,,,,,,,,,,,,,,,,,,,,,,,,,,,,,,
2026-27,football,USA South Athletic Conference,usa_south_athletic_confe,Methodist,"Betts,Chase",Chase,Betts,,412,"Betts,Chase","BETTS,CHASE",Methodist,MU,1180-7096,2,0,82,82,0,WR,0,0,,,,,,,,,,,,,,,,,,,,,,,,,,,,,,,,,,,,,,,,,,,,,,,,,,,1,36,0,0,36.0,,,,,,,,,,,,,,,,,,,,,,,,,,,,,,,,,,,,,,,,,,,,,,,,,,,,,,,,,,,,,,,,,,,,,,,,
2026-27,football,USA South Athletic Conference,usa_south_athletic_confe,Methodist,"Robins,Jacob",Jacob,Robins,,412,"Robins,Jacob","ROBINS,JACOB",Methodist,MU,1180-6907,1,0,83,83,0,WR,0,0,,,,,,,,,,,,,,,,,,,,,,,,,,,,,,,,,,,,,,,,,,,,,,,,,,,0,0,0,0,.0,,,,,,,,,,,,,,,,,,,,,,,,,,,,,,,,,,,,,,,,,,,,,,,,,,,,,,,,,,,,,,,,,,,,,,,,
2026-27,football,USA South Athletic Conference,usa_south_athletic_confe,Methodist,"Workman,Phernete",Phernete,Workman,,412,"Workman,Phernete","WORKMAN,PHERNETE",Methodist,MU,1180-7165,1,0,87,87,0,WR,0,0,,,,,,,,0,0,0,0,0,.0,.0,.0,0,0,0,0,0,0,0,0,0,0,0,0,0,0,0,0,,,,,,,,,,,,,,,,,,,,2,45,1,28,22.5,,0,1,0,0,0,0,0,0,0,6,6,6,,,,,,,,,,,,,,,,,,,,,,,,,,,,,,,,,,,,,,,,,,,,,,,,,,,,,,,,,,,
2026-27,football,USA South Athletic Conference,usa_south_athletic_confe,Methodist,"Melvin,David",David,Melvin,,412,"Melvin,David","MELVIN,DAVID",Methodist,MU,1180-6315,2,1,58,58,0,FB,0,0,,,,,,,,,,,,,,,,,,,,,,,,,,,,,,,,,,,,,,,,,,,,,,,,,,,,,,,,,,,,,,,,,,,,,,,,,,,,,,,,,,,,,,,,,,,,,,,,,,,,,,,,,,,,,,,,,,,,,,,,,,,,,,,
2026-27,football,USA South Athletic Conference,usa_south_athletic_confe,Methodist,Darius Smith,Darius,Smith,,412,Darius Smith,"SMITH,DARIUS",Methodist,MU,1180-6912,1,0,1G,1G,0,0,0,0,,,,,,,,0,0,0,0,0,.0,.0,.0,0,0,0,0,0,0,0,1,0,0,0,0,0,0,0,1,,,,,,,,,,,,,,,,,,,,,,,,,,,,,,,,,,,,,,,,,,,,,,,,,,,,,,,,,,,,,,,,,,,,,,,,,,,,,,,,,,,,,,,,,,,,,,,,
2026-27,football,USA South Athletic Conference,usa_south_athletic_confe,Methodist,Ty Little,Ty,Little,,412,Ty Little,"LITTLE,TY",Methodist,MU,1180-6891,1,0,6,6,0,0,0,0,,,,,,,,,,,,,,,,,,,,,,,,,,,,,,,,,,,,,,,,,,,5,15,22,7,0,0,3.0,15.0,,,,,,,,,,,,,,,,,,,7,2,0,0,74,0,11,5,102.0,6.73,14.80,74.0,,,,,,,,,,,,,,,,,,,,,,,,,,,,,,,,,,,,,,,,,,,,,,,
2026-27,football,USA South Athletic Conference,usa_south_athletic_confe,Methodist,Juw-El Huntley,Juw-El,Huntley,,412,Juw-El Huntley,"HUNTLEY,JUW-EL",Methodist,MU,1180-6308,1,1,7,7,0,0,CB,0,,,,,,,,0,1,3,4,4,.0,.0,.0,0,0,0,0,0,0,0,1,0,0,0,0,0,0,0,1,,,,,,,,,,,,,,,,,,,,,,,,,,,,,,,,,,,,,,,,,,,,,,,,,,,,,,,,,,,,,,,,,,,,,,,,,,,,,,,,,,,,,,,,,,,,,,,,
2026-27,football,USA South Athletic Conference,usa_south_athletic_confe,Methodist,Ben Lamas,Ben,Lamas,,412,Ben Lamas,"LAMAS,BEN",Methodist,MU,1180-7129,0,0,29,29,0,0,0,0,,,,,,,,0,0,0,0,0,.0,.0,.0,0,0,0,0,0,0,0,0,0,0,0,0,0,0,0,0,,,,,,,,,,,,,,,,,,,,,,,,,,,,,,,,,,,,,,,,,,,,,,,,,,,,,,,,,,,,,,,,,,,,,,,,,,,,,,,,,,,,,,,,,,,,,,,,
2026-27,football,USA South Athletic Conference,usa_south_athletic_confe,Methodist,Jacob Hubbard,Jacob,Hubbard,,412,Jacob Hubbard,"HUBBARD,JACOB",Methodist,MU,1180-6588,0,0,36,36,0,0,0,0,,,,,,,,0,0,0,0,0,.0,.0,.0,0,0,0,0,0,0,0,0,0,0,0,0,0,0,0,0,,,,,,,,,,,,,,,,,,,,,,,,,,,,,,,,,,,,,,,,,,,,,,,,,,,,,,,,,,,,,,,,,,,,,,,,,,,,,,,,,,,,,,,,,,,,,,,,
2026-27,football,USA South Athletic Conference,usa_south_athletic_confe,Methodist,Everett Holm,Everett,Holm,,412,Everett Holm,"HOLM,EVERETT",Methodist,MU,1180-7123,0,0,43,43,0,0,0,0,,,,,,,,,,,,,,,,,,,,,,,,,,,,,,,,,,,,,,,,,,,,,,,,,,,,,,,,,,,,,,,,,,,,,,,,,,,,,,,,,,,,,,,,,,,,,,,,,,,,,,,,,,,,,,,,,,,,,,,,,,,,,,,
2026-27,football,USA South Athletic Conference,usa_south_athletic_confe,Methodist,Tav. Robinson,Tav.,Robinson,,412,Tav. Robinson,"ROBINSON,TAV",Methodist,MU,1180-7150,0,0,51,51,0,0,0,0,,,,,,,,0,0,0,0,0,.0,.0,.0,0,0,0,0,0,0,0,0,0,0,0,0,0,0,0,0,,,,,,,,,,,,,,,,,,,,,,,,,,,,,,,,,,,,,,,,,,,,,,,,,,,,,,,,,,,,,,,,,,,,,,,,,,,,,,,,,,,,,,,,,,,,,,,,
2026-27,football,USA South Athletic Conference,usa_south_athletic_confe,Methodist,Joshua Pernell,Joshua,Pernell,,412,Joshua Pernell,"PERNELL,JOSHUA",Methodist,MU,1180-6333,1,1,55,55,0,C,0,0,,,,,,,,,,,,,,,,,,,,,,,,,,,,,,,,,,,,,,,,,,,,,,,,,,,,,,,,,,,,,,,,,,,,,,,,,,,,,,,,,,,,,,,,,,,,,,,,,,,,,,,,,,,,,,,,,,,,,,,,,,,,,,,
2026-27,football,USA South Athletic Conference,usa_south_athletic_confe,Methodist,Mason Ketchie,Mason,Ketchie,,412,Mason Ketchie,"KETCHIE,MASON",Methodist,MU,1180-6322,1,1,70,70,0,OT,0,0,,,,,,,,,,,,,,,,,,,,,,,,,,,,,,,,,,,,,,,,,,,,,,,,,,,,,,,,,,,,,,,,,,,,,,,,,,,,,,,,,,,,,,,,,,,,,,,,,,,,,,,,,,,,,,,,,,,,,,,,,,,,,,,
2026-27,football,USA South Athletic Conference,usa_south_athletic_confe,Methodist,Zion Banks,Zion,Banks,,412,Zion Banks,"BANKS,ZION",Methodist,MU,1180-7093,1,0,3L,3L,0,0,0,0,,,,,,,,0,0,1,1,1,.0,.0,.0,0,0,0,0,0,0,0,0,0,0,0,0,0,0,0,0,,,,,,,,,,,,,,,,,,,,,,,,,,,,,,,,,,,,,,,,,,,,,,,,,,,,,,,,,,,,,,,,,,,,,,,,,,,,,,,,,,,,,,,,,,,,,,,,
