season,sport,conference,conference_code,team,player_name,first_name,last_name,position,team_code,name,checkname,team_name,team_id,sdrm_id,games_played,games_started,uniform,year,code,shot_stats_penalty_kick_attempts,shot_stats_penalty_kick_goals,shot_stats_shots_on_goal,shot_stats_shots,shot_stats_points,shot_stats_assists,shot_stats_goals,shot_stats_penalty_shot_attempts,shot_stats_penalty_shot_goals,shot_stats_avg_shots_per_game,shot_stats_avg_sog_per_game,shot_stats_avg_points_per_game,shot_stats_avg_goals_per_game,shot_stats_avg_assists_per_game,shot_stats_shots_saved_by_goalie,goal_stats_game_tying,goal_stats_hattricks,goal_stats_overtime,goal_stats_first,goal_stats_unassisted,goal_stats_game_winning,goal_stats_avg_gw_per_game,caution_stats_fouls,caution_stats_red_cards,caution_stats_yellow_cards,caution_stats_green_cards,caution_stats_avg_fouls_per_game,caution_stats_avg_yc_per_game,caution_stats_avg_rc_per_game,caution_stats_avg_gc_per_game,misc_stats_offsides,misc_stats_corner_kicks,misc_stats_minutes_played,misc_stats_defensive_saves,misc_stats_avg_corners_per_game,misc_stats_avg_offsides_per_game,goalie_stats_shots_faced,goalie_stats_ties,goalie_stats_losses,goalie_stats_wins,goalie_stats_shutouts,goalie_stats_save_percentage,goalie_stats_goals_against_avg,goalie_stats_saves,goalie_stats_goals_allowed,goalie_stats_minutes,goalie_stats_games_started,goalie_stats_games_played,goalie_stats_avg_ga_per_game,goalie_stats_save_percentage_calc,goalie_stats_avg_sho_per_game,goalie_stats_avg_saves_per_game,goalie_stats,shot_stats,goal_stats,caution_stats,misc_stats,composite_score,global_rank,rating
2026-27,msoc,North Coast Athletic Conference (NCAC),ncac,Wabash,"Campos, Alfredo",Alfredo,Campos,,747,"Campos, Alfredo","CAMPOS,ALFREDO",Wabash,WAB,1224-3537,11,11,7,0,7,0.0,0.0,14.0,28.0,21.0,9.0,6.0,0.0,0.0,2.55,1.27,1.91,0.545,0.818,8.0,1.0,0.0,0.0,2.0,2.0,0.0,0.0,7.0,0.0,2.0,0.0,0.64,0.18,0.0,0.0,0.0,,733:00,0.0,0.0,0.0,,,,,,,,,,,,,,,,,,,,,,29.865874335635215,7,97
2026-27,msoc,North Coast Athletic Conference (NCAC),ncac,Wabash,"Kinnaman, Bryce",Bryce,Kinnaman,,747,"Kinnaman, Bryce","KINNAMAN,BRYCE",Wabash,WAB,1224-3541,11,11,9,0,9,0.0,0.0,18.0,35.0,19.0,3.0,8.0,0.0,0.0,3.18,1.64,1.73,0.727,0.273,10.0,2.0,0.0,0.0,1.0,1.0,1.0,0.091,9.0,0.0,1.0,0.0,0.82,0.09,0.0,0.0,0.0,,691:00,0.0,0.0,0.0,,,,,,,,,,,,,,,,,,,,,,24.238128225656155,12,96
2026-27,msoc,North Coast Athletic Conference (NCAC),ncac,Wooster,"Christodoulou, Aris",Aris,Christodoulou,,807,"Christodoulou, Aris","CHRISTODOULOU,ARIS",Wooster,WOO,1226-1518,9,9,7,0,7,0.0,0.0,15.0,29.0,14.0,6.0,4.0,2.0,2.0,3.22,1.67,1.56,0.444,0.667,11.0,0.0,0.0,0.0,0.0,3.0,0.0,0.0,5.0,0.0,1.0,0.0,0.56,0.11,0.0,0.0,0.0,,527:00,0.0,0.0,0.0,,,,,,,,,,,,,,,,,,,,,,20.44453743269583,27,95
2026-27,msoc,North Coast Athletic Conference (NCAC),ncac,Wooster,"Hillhouse, Robert",Robert,Hillhouse,,807,"Hillhouse, Robert","HILLHOUSE,ROBERT",Wooster,WOO,1226-1519,9,9,9,0,9,0.0,0.0,16.0,29.0,15.0,3.0,6.0,0.0,0.0,3.22,1.78,1.67,0.667,0.333,10.0,1.0,0.0,0.0,3.0,2.0,2.0,0.222,6.0,0.0,0.0,0.0,0.67,0.0,0.0,0.0,0.0,,526:00,0.0,0.0,0.0,,,,,,,,,,,,,,,,,,,,,,19.574938239911283,31,95
2026-27,msoc,North Coast Athletic Conference (NCAC),ncac,Kenyon,"de Alarcon, Lucas",Lucas,de Alarcon,,335,"de Alarcon, Lucas","DE ALARCON,LUCAS",Kenyon,KEN,1219-2787,8,8,9,0,9,0.0,0.0,7.0,11.0,11.0,3.0,4.0,0.0,0.0,1.38,0.88,1.38,0.5,0.375,3.0,0.0,0.0,0.0,1.0,0.0,0.0,0.0,6.0,0.0,0.0,0.0,0.75,0.0,0.0,0.0,0.0,,425:00,0.0,0.0,0.0,,,,,,,,,,,,,,,,,,,,,,13.55612429683031,124,95
2026-27,msoc,North Coast Athletic Conference (NCAC),ncac,Wabash,"Simmons, Ethan",Ethan,Simmons,,747,"Simmons, Ethan","SIMMONS,ETHAN",Wabash,WAB,1224-3933,11,11,13,0,13,0.0,0.0,9.0,16.0,9.0,3.0,3.0,0.0,0.0,1.45,0.82,0.82,0.273,0.273,6.0,0.0,0.0,0.0,0.0,0.0,1.0,0.091,11.0,0.0,1.0,0.0,1.0,0.09,0.0,0.0,0.0,,722:00,0.0,0.0,0.0,,,,,,,,,,,,,,,,,,,,,,11.805510999959058,188,94
2026-27,msoc,North Coast Athletic Conference (NCAC),ncac,Wooster,"Shea, Connor",Connor,Shea,,807,"Shea, Connor","SHEA,CONNOR",Wooster,WOO,1226-3092,8,8,10,0,10,0.0,0.0,11.0,25.0,8.0,2.0,3.0,0.0,0.0,3.13,1.38,1.0,0.375,0.25,8.0,1.0,0.0,0.0,1.0,1.0,2.0,0.25,5.0,0.0,1.0,0.0,0.63,0.13,0.0,0.0,0.0,,502:00,0.0,0.0,0.0,,,,,,,,,,,,,,,,,,,,,,10.413122592894617,249,94
2026-27,msoc,North Coast Athletic Conference (NCAC),ncac,DePauw,"Bell, Julian",Julian,Bell,,177,"Bell, Julian","BELL,JULIAN",DePauw,DEPAUW,1274-6480,8,8,7,0,7,0.0,0.0,9.0,16.0,9.0,1.0,4.0,0.0,0.0,2.0,1.13,1.13,0.5,0.125,5.0,1.0,0.0,0.0,2.0,0.0,2.0,0.25,12.0,0.0,1.0,0.0,1.5,0.13,0.0,0.0,0.0,,524:00,0.0,0.0,0.0,,,,,,,,,,,,,,,,,,,,,,10.38402635203397,252,94
2026-27,msoc,North Coast Athletic Conference (NCAC),ncac,DePauw,"Murphey, Braden",Braden,Murphey,,177,"Murphey, Braden","MURPHEY,BRADEN",DePauw,DEPAUW,1274-6238,8,7,13,0,13,0.0,0.0,10.0,15.0,7.0,1.0,3.0,1.0,1.0,1.88,1.25,0.88,0.375,0.125,7.0,0.0,0.0,0.0,0.0,2.0,2.0,0.25,8.0,0.0,2.0,0.0,1.0,0.25,0.0,0.0,0.0,,356:00,0.0,0.0,0.0,,,,,,,,,,,,,,,,,,,,,,8.439752489828992,388,94
2026-27,msoc,North Coast Athletic Conference (NCAC),ncac,Wabash,"Tkachuk, Danny",Danny,Tkachuk,,747,"Tkachuk, Danny","TKACHUK,DANNY",Wabash,WAB,1224-3935,8,7,22,0,22,0.0,0.0,4.0,12.0,6.0,4.0,1.0,0.0,0.0,1.5,0.5,0.75,0.125,0.5,3.0,0.0,0.0,0.0,0.0,1.0,0.0,0.0,1.0,0.0,0.0,0.0,0.13,0.0,0.0,0.0,0.0,,402:00,0.0,0.0,0.0,,,,,,,,,,,,,,,,,,,,,,8.341048855944898,396,93
2026-27,msoc,North Coast Athletic Conference (NCAC),ncac,John Carroll,"Forkins, Harley",Harley,Forkins,,320,"Forkins, Harley","FORKINS,HARLEY",John Carroll,JCU,1277-7750,9,9,12,0,12,0.0,0.0,9.0,19.0,6.0,2.0,2.0,1.0,0.0,2.11,1.0,0.67,0.222,0.222,7.0,0.0,0.0,0.0,1.0,1.0,0.0,0.0,12.0,0.0,0.0,0.0,1.33,0.0,0.0,0.0,0.0,,585:00,0.0,0.0,0.0,,,,,,,,,,,,,,,,,,,,,,7.887867034688452,438,93
2026-27,msoc,North Coast Athletic Conference (NCAC),ncac,Kenyon,"Brown, Emmett",Emmett,Brown,,335,"Brown, Emmett","BROWN,EMMETT",Kenyon,KEN,1219-2791,8,7,12,0,12,0.0,0.0,4.0,15.0,6.0,2.0,2.0,0.0,0.0,1.88,0.5,0.75,0.25,0.25,2.0,0.0,0.0,0.0,1.0,0.0,1.0,0.125,5.0,0.0,1.0,0.0,0.63,0.13,0.0,0.0,0.0,,372:00,0.0,0.0,0.0,,,,,,,,,,,,,,,,,,,,,,6.91956420801981,533,93
2026-27,msoc,North Coast Athletic Conference (NCAC),ncac,DePauw,"Whitley, Aidan",Aidan,Whitley,,177,"Whitley, Aidan","WHITLEY,AIDAN",DePauw,DEPAUW,1274-6490,8,8,18,0,18,0.0,0.0,2.0,2.0,6.0,2.0,2.0,0.0,0.0,0.25,0.25,0.75,0.25,0.25,0.0,0.0,0.0,0.0,0.0,0.0,1.0,0.125,4.0,0.0,1.0,0.0,0.5,0.13,0.0,0.0,0.0,,715:00,0.0,0.0,0.0,,,,,,,,,,,,,,,,,,,,,,6.532243077352352,578,93
2026-27,msoc,North Coast Athletic Conference (NCAC),ncac,Kenyon,"Blake, Grant",Grant,Blake,,335,"Blake, Grant","BLAKE,GRANT",Kenyon,KEN,1219-3014,8,8,23,0,23,0.0,0.0,2.0,4.0,5.0,3.0,1.0,0.0,0.0,0.5,0.25,0.63,0.125,0.375,1.0,0.0,0.0,0.0,0.0,0.0,0.0,0.0,2.0,0.0,1.0,0.0,0.25,0.13,0.0,0.0,0.0,,429:00,0.0,0.0,0.0,,,,,,,,,,,,,,,,,,,,,,6.174018187545543,617,93
2026-27,msoc,North Coast Athletic Conference (NCAC),ncac,DePauw,"Engel, Harrison",Harrison,Engel,,177,"Engel, Harrison","ENGEL,HARRISON",DePauw,DEPAUW,1274-6481,8,8,14,0,14,0.0,0.0,2.0,10.0,5.0,3.0,1.0,0.0,0.0,1.25,0.25,0.63,0.125,0.375,1.0,0.0,0.0,0.0,0.0,0.0,0.0,0.0,5.0,0.0,0.0,0.0,0.63,0.0,0.0,0.0,0.0,,691:00,0.0,0.0,0.0,,,,,,,,,,,,,,,,,,,,,,6.174018187545543,618,93
2026-27,msoc,North Coast Athletic Conference (NCAC),ncac,Kenyon,"Castaneda, Ethan",Ethan,Castaneda,,335,"Castaneda, Ethan","CASTANEDA,ETHAN",Kenyon,KEN,1219-2798,8,0,11,0,11,0.0,0.0,6.0,11.0,6.0,0.0,3.0,0.0,0.0,1.38,0.75,0.75,0.375,0.0,3.0,0.0,1.0,0.0,0.0,0.0,0.0,0.0,5.0,0.0,0.0,0.0,0.63,0.0,0.0,0.0,0.0,,198:00,0.0,0.0,0.0,,,,,,,,,,,,,,,,,,,,,,5.885400690762179,666,92
2026-27,msoc,North Coast Athletic Conference (NCAC),ncac,Wittenberg,"Donahue, Asher",Asher,Donahue,,806,"Donahue, Asher","DONAHUE,ASHER",Wittenberg,WIT,0,8,6,24,0,24,0.0,0.0,6.0,13.0,5.0,1.0,2.0,0.0,0.0,1.63,0.75,0.63,0.25,0.125,4.0,0.0,0.0,0.0,0.0,0.0,1.0,0.125,13.0,0.0,0.0,0.0,1.63,0.0,0.0,0.0,0.0,,408:00,0.0,0.0,0.0,,,,,,,,,,,,,,,,,,,,,,5.527175800955369,724,92
2026-27,msoc,North Coast Athletic Conference (NCAC),ncac,Denison,"Rice, Jack",Jack,Rice,,182,"Rice, Jack","RICE,JACK",Denison,Deniso,1214-3235,8,8,12,0,12,0.0,0.0,6.0,14.0,5.0,1.0,2.0,0.0,0.0,1.75,0.75,0.63,0.25,0.125,4.0,1.0,0.0,0.0,1.0,0.0,1.0,0.125,7.0,0.0,0.0,0.0,0.88,0.0,0.0,0.0,0.0,,390:00,0.0,0.0,0.0,,,,,,,,,,,,,,,,,,,,,,5.527175800955369,732,92
2026-27,msoc,North Coast Athletic Conference (NCAC),ncac,Wabash,"Hughes-Suiters, Colton",Colton,Hughes-Suiters,,747,"Hughes-Suiters, Colton","HUGHES-SUITERS,COLTON",Wabash,WAB,1224-3925,11,9,15,0,15,0.0,0.0,4.0,10.0,6.0,0.0,3.0,0.0,0.0,0.91,0.36,0.55,0.273,0.0,1.0,0.0,0.0,0.0,1.0,0.0,1.0,0.091,4.0,0.0,2.0,0.0,0.36,0.18,0.0,0.0,0.0,,779:00,0.0,0.0,0.0,,,,,,,,,,,,,,,,,,,,,,5.498079560094721,744,92
2026-27,msoc,North Coast Athletic Conference (NCAC),ncac,Wabash,"Branigan, JD",JD,Branigan,,747,"Branigan, JD","BRANIGAN,JD",Wabash,WAB,1224-3922,9,8,28,0,28,0.0,0.0,0.0,1.0,4.0,4.0,0.0,0.0,0.0,0.11,0.0,0.44,0.0,0.444,0.0,0.0,0.0,0.0,0.0,0.0,0.0,0.0,2.0,0.0,0.0,0.0,0.22,0.0,0.0,0.0,0.0,,630:00,0.0,0.0,0.0,,,,,,,,,,,,,,,,,,,,,,5.428472167071276,755,92
2026-27,msoc,North Coast Athletic Conference (NCAC),ncac,Wooster,"Thornton, Griffin",Griffin,Thornton,,807,"Thornton, Griffin","THORNTON,GRIFFIN",Wooster,WOO,1226-1525,9,9,12,0,12,0.0,0.0,7.0,19.0,4.0,2.0,1.0,0.0,0.0,2.11,0.78,0.44,0.111,0.222,6.0,0.0,0.0,0.0,1.0,0.0,1.0,0.111,9.0,0.0,2.0,0.0,1.0,0.22,0.0,0.0,0.0,,591:00,0.0,0.0,0.0,,,,,,,,,,,,,,,,,,,,,,5.362611476482288,764,92
2026-27,msoc,North Coast Athletic Conference (NCAC),ncac,Denison,"O'Brien, Emmett",Emmett,O'Brien,,182,"O'Brien, Emmett","O'BRIEN,EMMETT",Denison,Deniso,1214-3531,8,0,9,0,9,0.0,0.0,5.0,11.0,5.0,1.0,2.0,0.0,0.0,1.38,0.63,0.63,0.25,0.125,3.0,0.0,0.0,0.0,0.0,0.0,1.0,0.125,6.0,0.0,1.0,0.0,0.75,0.13,0.0,0.0,0.0,,341:00,0.0,0.0,0.0,,,,,,,,,,,,,,,,,,,,,,5.333515235621641,785,92
2026-27,msoc,North Coast Athletic Conference (NCAC),ncac,Kenyon,"Adams, Andrew",Andrew,Adams,,335,"Adams, Andrew","ADAMS,ANDREW",Kenyon,KEN,1219-2794,8,8,6,0,6,0.0,0.0,4.0,10.0,5.0,1.0,2.0,0.0,0.0,1.25,0.5,0.63,0.25,0.125,2.0,0.0,0.0,0.0,1.0,1.0,1.0,0.125,7.0,0.0,1.0,0.0,0.88,0.13,0.0,0.0,0.0,,550:00,0.0,0.0,0.0,,,,,,,,,,,,,,,,,,,,,,5.139854670287912,821,92
2026-27,msoc,North Coast Athletic Conference (NCAC),ncac,Kenyon,"Bondartsov, Adrian",Adrian,Bondartsov,,335,"Bondartsov, Adrian","BONDARTSOV,ADRIAN",Kenyon,KEN,1219-3202,8,0,21,0,21,0.0,0.0,5.0,10.0,4.0,2.0,1.0,0.0,0.0,1.25,0.63,0.5,0.125,0.25,4.0,0.0,0.0,0.0,0.0,0.0,0.0,0.0,5.0,0.0,4.0,0.0,0.63,0.5,0.0,0.0,0.0,,333:00,0.0,0.0,0.0,,,,,,,,,,,,,,,,,,,,,,4.97529034581483,859,92
2026-27,msoc,North Coast Athletic Conference (NCAC),ncac,DePauw,"Girandola, Roman",Roman,Girandola,,177,"Girandola, Roman","GIRANDOLA,ROMAN",DePauw,DEPAUW,1274-6482,8,5,11,0,11,0.0,0.0,3.0,8.0,4.0,2.0,1.0,0.0,0.0,1.0,0.38,0.5,0.125,0.25,2.0,0.0,0.0,0.0,0.0,0.0,0.0,0.0,4.0,0.0,0.0,0.0,0.5,0.0,0.0,0.0,0.0,,407:00,0.0,0.0,0.0,,,,,,,,,,,,,,,,,,,,,,4.587969215147373,964,91
2026-27,msoc,North Coast Athletic Conference (NCAC),ncac,Oberlin,"Saini, Ishaan",Ishaan,Saini,,515,"Saini, Ishaan","SAINI,ISHAAN",Oberlin,OBE,1221-4344,8,6,21,0,21,0.0,0.0,3.0,6.0,4.0,2.0,1.0,0.0,0.0,0.75,0.38,0.5,0.125,0.25,2.0,0.0,0.0,0.0,0.0,0.0,0.0,0.0,4.0,0.0,1.0,0.0,0.5,0.13,0.0,0.0,0.0,,565:00,0.0,0.0,0.0,,,,,,,,,,,,,,,,,,,,,,4.587969215147373,973,91
2026-27,msoc,North Coast Athletic Conference (NCAC),ncac,Kenyon,"Ishii, Hayato",Hayato,Ishii,,335,"Ishii, Hayato","ISHII,HAYATO",Kenyon,KEN,1219-2796,8,2,4,0,4,0.0,0.0,2.0,4.0,4.0,2.0,1.0,0.0,0.0,0.5,0.25,0.5,0.125,0.25,1.0,0.0,0.0,0.0,0.0,0.0,0.0,0.0,3.0,0.0,0.0,0.0,0.38,0.0,0.0,0.0,0.0,,331:00,0.0,0.0,0.0,,,,,,,,,,,,,,,,,,,,,,4.394308649813644,1004,91
2026-27,msoc,North Coast Athletic Conference (NCAC),ncac,DePauw,"Vehovsky, Joey",Joey,Vehovsky,,177,"Vehovsky, Joey","VEHOVSKY,JOEY",DePauw,DEPAUW,1274-6243,8,0,9,0,9,0.0,0.0,2.0,6.0,4.0,2.0,1.0,0.0,0.0,0.75,0.25,0.5,0.125,0.25,1.0,1.0,0.0,0.0,0.0,0.0,0.0,0.0,4.0,0.0,0.0,0.0,0.5,0.0,0.0,0.0,0.0,,336:00,0.0,0.0,0.0,,,,,,,,,,,,,,,,,,,,,,4.394308649813644,1019,91
2026-27,msoc,North Coast Athletic Conference (NCAC),ncac,Wittenberg,"Raggiunti, Brendon",Brendon,Raggiunti,,806,"Raggiunti, Brendon","RAGGIUNTI,BRENDON",Wittenberg,WIT,0,8,5,14,0,14,0.0,0.0,9.0,14.0,4.0,0.0,2.0,0.0,0.0,1.75,1.13,0.5,0.25,0.0,7.0,0.0,0.0,0.0,2.0,0.0,2.0,0.25,5.0,1.0,0.0,0.0,0.63,0.0,0.13,0.0,0.0,,416:00,0.0,0.0,0.0,,,,,,,,,,,,,,,,,,,,,,4.328447959224657,1025,91
2026-27,msoc,North Coast Athletic Conference (NCAC),ncac,Kenyon,"Farina, Kevin",Kevin,Farina,,335,"Farina, Kevin","FARINA,KEVIN",Kenyon,KEN,1219-2785,8,8,20,0,20,0.0,0.0,1.0,3.0,4.0,2.0,1.0,0.0,0.0,0.38,0.13,0.5,0.125,0.25,0.0,0.0,0.0,0.0,1.0,0.0,1.0,0.125,2.0,0.0,0.0,0.0,0.25,0.0,0.0,0.0,0.0,,510:00,0.0,0.0,0.0,,,,,,,,,,,,,,,,,,,,,,4.200648084479916,1036,91
2026-27,msoc,North Coast Athletic Conference (NCAC),ncac,Wabash,"Glackman, Gavin",Gavin,Glackman,,747,"Glackman, Gavin","GLACKMAN,GAVIN",Wabash,WAB,1224-4039,11,2,4,0,4,0.0,0.0,1.0,7.0,4.0,2.0,1.0,0.0,0.0,0.64,0.09,0.36,0.091,0.182,0.0,0.0,0.0,0.0,1.0,0.0,1.0,0.091,4.0,0.0,0.0,0.0,0.36,0.0,0.0,0.0,0.0,,340:00,0.0,0.0,0.0,,,,,,,,,,,,,,,,,,,,,,4.200648084479916,1038,91
2026-27,msoc,North Coast Athletic Conference (NCAC),ncac,Kenyon,"Kankam, Danny",Danny,Kankam,,335,"Kankam, Danny","KANKAM,DANNY",Kenyon,KEN,1219-3008,6,6,7,0,7,0.0,0.0,1.0,4.0,4.0,2.0,1.0,0.0,0.0,0.67,0.17,0.67,0.167,0.333,0.0,0.0,0.0,0.0,1.0,0.0,1.0,0.167,1.0,0.0,0.0,0.0,0.17,0.0,0.0,0.0,0.0,,266:00,0.0,0.0,0.0,,,,,,,,,,,,,,,,,,,,,,4.200648084479916,1040,91
2026-27,msoc,North Coast Athletic Conference (NCAC),ncac,Wooster,"Pope, Will",Will,Pope,,807,"Pope, Will","POPE,WILL",Wooster,WOO,1226-3090,9,9,5,0,5,0.0,0.0,8.0,14.0,4.0,0.0,2.0,0.0,0.0,1.56,0.89,0.44,0.222,0.0,6.0,0.0,0.0,0.0,2.0,0.0,1.0,0.111,3.0,0.0,0.0,0.0,0.33,0.0,0.0,0.0,0.0,,517:00,0.0,0.0,0.0,,,,,,,,,,,,,,,,,,,,,,4.134787393890928,1061,91
2026-27,msoc,North Coast Athletic Conference (NCAC),ncac,John Carroll,"Halm, Dylan",Dylan,Halm,,320,"Halm, Dylan","HALM,DYLAN",John Carroll,JCU,1277-7310,9,1,11,0,11,0.0,0.0,6.0,15.0,4.0,0.0,2.0,0.0,0.0,1.67,0.67,0.44,0.222,0.0,4.0,0.0,0.0,0.0,1.0,1.0,1.0,0.111,9.0,0.0,1.0,0.0,1.0,0.11,0.0,0.0,0.0,,423:00,0.0,0.0,0.0,,,,,,,,,,,,,,,,,,,,,,3.747466263223471,1138,91
2026-27,msoc,North Coast Athletic Conference (NCAC),ncac,DePauw,"Pierce, Logan",Logan,Pierce,,177,"Pierce, Logan","PIERCE,LOGAN",DePauw,DEPAUW,1274-6725,8,8,2,0,2,0.0,0.0,6.0,9.0,4.0,0.0,2.0,0.0,0.0,1.13,0.75,0.5,0.25,0.0,4.0,0.0,0.0,0.0,2.0,0.0,2.0,0.25,4.0,0.0,0.0,0.0,0.5,0.0,0.0,0.0,0.0,,455:00,0.0,0.0,0.0,,,,,,,,,,,,,,,,,,,,,,3.747466263223471,1147,90
2026-27,msoc,North Coast Athletic Conference (NCAC),ncac,Denison,"Kist, Kaden",Kaden,Kist,,182,"Kist, Kaden","KIST,KADEN",Denison,Deniso,1214-3533,8,8,25,0,25,0.0,0.0,7.0,12.0,3.0,1.0,1.0,0.0,0.0,1.5,0.88,0.38,0.125,0.125,6.0,0.0,0.0,0.0,0.0,0.0,0.0,0.0,5.0,0.0,1.0,0.0,0.63,0.13,0.0,0.0,0.0,,574:00,0.0,0.0,0.0,,,,,,,,,,,,,,,,,,,,,,3.5829019387503895,1168,90
2026-27,msoc,North Coast Athletic Conference (NCAC),ncac,Wabash,"Horn, Blake",Blake,Horn,,747,"Horn, Blake","HORN,BLAKE",Wabash,WAB,1224-3924,11,5,29,0,29,0.0,0.0,5.0,7.0,4.0,0.0,2.0,0.0,0.0,0.64,0.45,0.36,0.182,0.0,3.0,0.0,0.0,0.0,1.0,0.0,2.0,0.182,2.0,0.0,0.0,0.0,0.18,0.0,0.0,0.0,0.0,,597:00,0.0,0.0,0.0,,,,,,,,,,,,,,,,,,,,,,3.5538056978897425,1187,90
2026-27,msoc,North Coast Athletic Conference (NCAC),ncac,Wabash,"Reiter, Brady",Brady,Reiter,,747,"Reiter, Brady","REITER,BRADY",Wabash,WAB,1224-3929,11,11,8,0,8,0.0,0.0,6.0,8.0,3.0,1.0,1.0,0.0,0.0,0.73,0.55,0.27,0.091,0.091,5.0,0.0,0.0,0.0,1.0,1.0,0.0,0.0,14.0,0.0,5.0,0.0,1.27,0.45,0.0,0.0,0.0,,852:00,0.0,0.0,0.0,,,,,,,,,,,,,,,,,,,,,,3.389241373416661,1228,90
2026-27,msoc,North Coast Athletic Conference (NCAC),ncac,Denison,"Gallum, Henry",Henry,Gallum,,182,"Gallum, Henry","GALLUM,HENRY",Denison,Deniso,1214-3680,8,1,4,0,4,0.0,0.0,4.0,9.0,4.0,0.0,2.0,0.0,0.0,1.13,0.5,0.5,0.25,0.0,2.0,1.0,0.0,0.0,1.0,0.0,1.0,0.125,4.0,0.0,0.0,0.0,0.5,0.0,0.0,0.0,0.0,,335:00,0.0,0.0,0.0,,,,,,,,,,,,,,,,,,,,,,3.3601451325560143,1245,90
2026-27,msoc,North Coast Athletic Conference (NCAC),ncac,Wabash,"Montesinos, Willer",Willer,Montesinos,,747,"Montesinos, Willer","MONTESINOS,WILLER",Wabash,WAB,1224-4038,5,0,11,0,11,0.0,0.0,5.0,8.0,3.0,1.0,1.0,0.0,0.0,1.6,1.0,0.6,0.2,0.2,4.0,0.0,0.0,0.0,0.0,1.0,0.0,0.0,1.0,0.0,0.0,0.0,0.2,0.0,0.0,0.0,0.0,,82:00,0.0,0.0,0.0,,,,,,,,,,,,,,,,,,,,,,3.195580808082932,1313,90
2026-27,msoc,North Coast Athletic Conference (NCAC),ncac,Wooster,"Eastgate, Owen",Owen,Eastgate,,807,"Eastgate, Owen","EASTGATE,OWEN",Wooster,WOO,1226-3484,8,0,23,0,23,0.0,0.0,3.0,6.0,4.0,0.0,2.0,0.0,0.0,0.75,0.38,0.5,0.25,0.0,1.0,0.0,0.0,0.0,0.0,0.0,0.0,0.0,7.0,0.0,2.0,0.0,0.88,0.25,0.0,0.0,0.0,,175:00,0.0,0.0,0.0,,,,,,,,,,,,,,,,,,,,,,3.1664845672222857,1348,90
2026-27,msoc,North Coast Athletic Conference (NCAC),ncac,Wittenberg,"LaVeck, Collin",Collin,LaVeck,,806,"LaVeck, Collin","LAVECK,COLLIN",Wittenberg,WIT,0,8,5,9,0,9,0.0,0.0,3.0,4.0,4.0,0.0,2.0,0.0,0.0,0.5,0.38,0.5,0.25,0.0,1.0,0.0,0.0,0.0,1.0,0.0,0.0,0.0,3.0,0.0,2.0,0.0,0.38,0.25,0.0,0.0,0.0,,483:00,0.0,0.0,0.0,,,,,,,,,,,,,,,,,,,,,,3.1664845672222857,1363,90
2026-27,msoc,North Coast Athletic Conference (NCAC),ncac,Wabash,"Licon, Sebastian",Sebastian,Licon,,747,"Licon, Sebastian","LICON,SEBASTIAN",Wabash,WAB,1224-3719,10,1,19,0,19,0.0,0.0,3.0,6.0,4.0,0.0,2.0,0.0,0.0,0.6,0.3,0.4,0.2,0.0,1.0,0.0,0.0,0.0,0.0,0.0,0.0,0.0,3.0,0.0,1.0,0.0,0.3,0.1,0.0,0.0,0.0,,274:00,0.0,0.0,0.0,,,,,,,,,,,,,,,,,,,,,,3.1664845672222857,1365,90
2026-27,msoc,North Coast Athletic Conference (NCAC),ncac,Ohio Wesleyan,"Dujakovich, Soren",Soren,Dujakovich,,520,"Dujakovich, Soren","DUJAKOVICH,SOREN",Ohio Wesleyan,OWU,1222-2940,2,0,15,0,15,0.0,0.0,2.0,2.0,4.0,0.0,2.0,0.0,0.0,1.0,1.0,2.0,1.0,0.0,0.0,1.0,0.0,0.0,0.0,2.0,0.0,0.0,0.0,0.0,0.0,0.0,0.0,0.0,0.0,0.0,0.0,,27:00,0.0,0.0,0.0,,,,,,,,,,,,,,,,,,,,,,2.972824001888557,1445,89
2026-27,msoc,North Coast Athletic Conference (NCAC),ncac,Kenyon,"Bilotto, Luca",Luca,Bilotto,,335,"Bilotto, Luca","BILOTTO,LUCA",Kenyon,KEN,1219-3201,8,8,17,0,17,0.0,0.0,3.0,8.0,3.0,1.0,1.0,0.0,0.0,1.0,0.38,0.38,0.125,0.125,2.0,0.0,0.0,0.0,0.0,1.0,1.0,0.125,6.0,0.0,1.0,0.0,0.75,0.13,0.0,0.0,0.0,,521:00,0.0,0.0,0.0,,,,,,,,,,,,,,,,,,,,,,2.8082596774154753,1492,89
2026-27,msoc,North Coast Athletic Conference (NCAC),ncac,Wittenberg,"Garza, Luke",Luke,Garza,,806,"Garza, Luke","GARZA,LUKE",Wittenberg,WIT,0,8,7,15,0,15,0.0,0.0,3.0,8.0,3.0,1.0,1.0,0.0,0.0,1.0,0.38,0.38,0.125,0.125,2.0,1.0,0.0,0.0,0.0,1.0,0.0,0.0,5.0,0.0,1.0,0.0,0.63,0.13,0.0,0.0,0.0,,375:00,0.0,0.0,0.0,,,,,,,,,,,,,,,,,,,,,,2.8082596774154753,1513,89
2026-27,msoc,North Coast Athletic Conference (NCAC),ncac,Ohio Wesleyan,"Wiggins, Callum",Callum,Wiggins,,520,"Wiggins, Callum","WIGGINS,CALLUM",Ohio Wesleyan,OWU,1222-3318,6,4,21,0,21,0.0,0.0,2.0,2.0,3.0,1.0,1.0,0.0,0.0,0.33,0.33,0.5,0.167,0.167,1.0,0.0,0.0,0.0,1.0,0.0,0.0,0.0,4.0,0.0,0.0,0.0,0.67,0.0,0.0,0.0,0.0,,377:00,0.0,0.0,0.0,,,,,,,,,,,,,,,,,,,,,,2.6145991120817467,1645,89
2026-27,msoc,North Coast Athletic Conference (NCAC),ncac,Oberlin,"Kaplan, Jack",Jack,Kaplan,,515,"Kaplan, Jack","KAPLAN,JACK",Oberlin,OBE,1221-3855,6,5,11,0,11,0.0,0.0,1.0,4.0,3.0,1.0,1.0,0.0,0.0,0.67,0.17,0.5,0.167,0.167,0.0,0.0,0.0,0.0,1.0,0.0,0.0,0.0,6.0,0.0,2.0,0.0,1.0,0.33,0.0,0.0,0.0,,341:00,0.0,0.0,0.0,,,,,,,,,,,,,,,,,,,,,,2.420938546748018,1707,88
2026-27,msoc,North Coast Athletic Conference (NCAC),ncac,John Carroll,"Richer, Gabe",Gabe,Richer,,320,"Richer, Gabe","RICHER,GABE",John Carroll,JCU,1277-7764,7,1,37,0,37,0.0,0.0,1.0,3.0,3.0,1.0,1.0,0.0,0.0,0.43,0.14,0.43,0.143,0.143,0.0,0.0,0.0,0.0,0.0,0.0,0.0,0.0,7.0,0.0,1.0,0.0,1.0,0.14,0.0,0.0,0.0,,177:00,0.0,0.0,0.0,,,,,,,,,,,,,,,,,,,,,,2.420938546748018,1722,88
2026-27,msoc,North Coast Athletic Conference (NCAC),ncac,Kenyon,"Gassama, Moustapha",Moustapha,Gassama,,335,"Gassama, Moustapha","GASSAMA,MOUSTAPHA",Kenyon,KEN,1219-2674,8,7,22,0,22,0.0,0.0,9.0,14.0,2.0,0.0,1.0,0.0,0.0,1.75,1.13,0.25,0.125,0.0,8.0,0.0,0.0,0.0,0.0,0.0,0.0,0.0,3.0,0.0,1.0,0.0,0.38,0.13,0.0,0.0,0.0,,369:00,0.0,0.0,0.0,,,,,,,,,,,,,,,,,,,,,,2.1905135316859488,1772,88
2026-27,msoc,North Coast Athletic Conference (NCAC),ncac,Kenyon,"Do, David",David,Do,,335,"Do, David","DO,DAVID",Kenyon,KEN,1219-3009,4,0,8,0,8,0.0,0.0,1.0,5.0,2.0,2.0,0.0,0.0,0.0,1.25,0.25,0.5,0.0,0.5,1.0,0.0,0.0,0.0,0.0,0.0,0.0,0.0,5.0,0.0,1.0,0.0,1.25,0.25,0.0,0.0,0.0,,120:00,0.0,0.0,0.0,,,,,,,,,,,,,,,,,,,,,,2.0627136569412077,1781,88
2026-27,msoc,North Coast Athletic Conference (NCAC),ncac,Ohio Wesleyan,"Renda, Vittorio",Vittorio,Renda,,520,"Renda, Vittorio","RENDA,VITTORIO",Ohio Wesleyan,OWU,1222-3316,7,7,6,0,6,0.0,0.0,1.0,6.0,2.0,2.0,0.0,0.0,0.0,0.86,0.14,0.29,0.0,0.286,1.0,0.0,0.0,0.0,0.0,0.0,0.0,0.0,5.0,0.0,1.0,0.0,0.71,0.14,0.0,0.0,0.0,,540:00,0.0,0.0,0.0,,,,,,,,,,,,,,,,,,,,,,2.0627136569412077,1816,88
2026-27,msoc,North Coast Athletic Conference (NCAC),ncac,Ohio Wesleyan,"Domoe, Jordan",Jordan,Domoe,,520,"Domoe, Jordan","DOMOE,JORDAN",Ohio Wesleyan,OWU,1222-3506,7,6,9,0,9,0.0,0.0,7.0,14.0,2.0,0.0,1.0,0.0,0.0,2.0,1.0,0.29,0.143,0.0,6.0,0.0,0.0,0.0,0.0,0.0,0.0,0.0,17.0,0.0,2.0,0.0,2.43,0.29,0.0,0.0,0.0,,375:00,0.0,0.0,0.0,,,,,,,,,,,,,,,,,,,,,,1.8031924010184912,1872,88
2026-27,msoc,North Coast Athletic Conference (NCAC),ncac,John Carroll,"Cvitkovic, Ryan",Ryan,Cvitkovic,,320,"Cvitkovic, Ryan","CVITKOVIC,RYAN",John Carroll,JCU,1277-7965,9,8,28,0,28,0.0,0.0,5.0,10.0,2.0,0.0,1.0,0.0,0.0,1.11,0.56,0.22,0.111,0.0,4.0,0.0,0.0,0.0,1.0,0.0,0.0,0.0,8.0,0.0,2.0,0.0,0.89,0.22,0.0,0.0,0.0,,482:00,0.0,0.0,0.0,,,,,,,,,,,,,,,,,,,,,,1.415871270351034,1935,87
2026-27,msoc,North Coast Athletic Conference (NCAC),ncac,DePauw,"Hockstok, AJ",AJ,Hockstok,,177,"Hockstok, AJ","HOCKSTOK,AJ",DePauw,DEPAUW,1274-6236,8,6,8,0,8,0.0,0.0,5.0,5.0,2.0,0.0,1.0,1.0,1.0,0.63,0.63,0.25,0.125,0.0,4.0,0.0,0.0,0.0,0.0,1.0,0.0,0.0,6.0,0.0,0.0,0.0,0.75,0.0,0.0,0.0,0.0,,400:00,0.0,0.0,0.0,,,,,,,,,,,,,,,,,,,,,,1.415871270351034,1943,87
2026-27,msoc,North Coast Athletic Conference (NCAC),ncac,John Carroll,"Hribar, Matt",Matt,Hribar,,320,"Hribar, Matt","HRIBAR,MATT",John Carroll,JCU,1277-7312,5,0,13,0,13,0.0,0.0,4.0,4.0,2.0,0.0,1.0,0.0,0.0,0.8,0.8,0.4,0.2,0.0,3.0,0.0,0.0,0.0,0.0,1.0,0.0,0.0,1.0,0.0,0.0,0.0,0.2,0.0,0.0,0.0,0.0,,89:00,0.0,0.0,0.0,,,,,,,,,,,,,,,,,,,,,,1.2222107050173057,2009,87
2026-27,msoc,North Coast Athletic Conference (NCAC),ncac,Wabash,"Arroyo, Johan",Johan,Arroyo,,747,"Arroyo, Johan","ARROYO,JOHAN",Wabash,WAB,1224-4046,9,1,6,0,6,0.0,0.0,3.0,10.0,2.0,0.0,1.0,0.0,0.0,1.11,0.33,0.22,0.111,0.0,2.0,0.0,0.0,0.0,0.0,0.0,1.0,0.111,5.0,0.0,1.0,0.0,0.56,0.11,0.0,0.0,0.0,,311:00,0.0,0.0,0.0,,,,,,,,,,,,,,,,,,,,,,1.0285501396835772,2095,87
2026-27,msoc,North Coast Athletic Conference (NCAC),ncac,Kenyon,"Commandeur, Jack",Jack,Commandeur,,335,"Commandeur, Jack","COMMANDEUR,JACK",Kenyon,KEN,1219-3017,8,3,5,0,5,0.0,0.0,3.0,6.0,2.0,0.0,1.0,0.0,0.0,0.75,0.38,0.25,0.125,0.0,2.0,0.0,0.0,0.0,1.0,0.0,1.0,0.125,3.0,0.0,2.0,0.0,0.38,0.25,0.0,0.0,0.0,,411:00,0.0,0.0,0.0,,,,,,,,,,,,,,,,,,,,,,1.0285501396835772,2112,87
2026-27,msoc,North Coast Athletic Conference (NCAC),ncac,Oberlin,"Dolton, Michael",Michael,Dolton,,515,"Dolton, Michael","DOLTON,MICHAEL",Oberlin,OBE,1221-3861,2,2,10,0,10,0.0,0.0,3.0,4.0,2.0,0.0,1.0,0.0,0.0,2.0,1.5,1.0,0.5,0.0,2.0,0.0,0.0,0.0,1.0,0.0,0.0,0.0,2.0,0.0,0.0,0.0,1.0,0.0,0.0,0.0,0.0,,123:00,0.0,0.0,0.0,,,,,,,,,,,,,,,,,,,,,,1.0285501396835772,2120,87
2026-27,msoc,North Coast Athletic Conference (NCAC),ncac,Kenyon,"Felsen, Clyde",Clyde,Felsen,,335,"Felsen, Clyde","FELSEN,CLYDE",Kenyon,KEN,1219-3199,6,0,14,0,14,0.0,0.0,3.0,3.0,2.0,0.0,1.0,1.0,0.0,0.5,0.5,0.33,0.167,0.0,2.0,0.0,0.0,0.0,0.0,1.0,0.0,0.0,0.0,0.0,1.0,0.0,0.0,0.17,0.0,0.0,0.0,,92:00,0.0,0.0,0.0,,,,,,,,,,,,,,,,,,,,,,1.0285501396835772,2130,87
2026-27,msoc,North Coast Athletic Conference (NCAC),ncac,Wabash,"Martinez, Luis",Luis,Martinez,,747,"Martinez, Luis","MARTINEZ,LUIS",Wabash,WAB,1224-3548,2,0,27,0,27,0.0,0.0,3.0,7.0,2.0,0.0,1.0,1.0,0.0,3.5,1.5,1.0,0.5,0.0,2.0,0.0,0.0,0.0,0.0,0.0,0.0,0.0,1.0,0.0,0.0,0.0,0.5,0.0,0.0,0.0,0.0,,48:00,0.0,0.0,0.0,,,,,,,,,,,,,,,,,,,,,,1.0285501396835772,2174,86
2026-27,msoc,North Coast Athletic Conference (NCAC),ncac,Denison,"Taylor, Eli",Eli,Taylor,,182,"Taylor, Eli","TAYLOR,ELI",Denison,Deniso,1214-3236,5,4,11,0,11,0.0,0.0,3.0,6.0,2.0,0.0,1.0,2.0,1.0,1.2,0.6,0.4,0.2,0.0,2.0,0.0,0.0,0.0,1.0,1.0,0.0,0.0,3.0,0.0,0.0,0.0,0.6,0.0,0.0,0.0,0.0,,264:00,0.0,0.0,0.0,,,,,,,,,,,,,,,,,,,,,,1.0285501396835772,2221,86
2026-27,msoc,North Coast Athletic Conference (NCAC),ncac,Wooster,"Vescio, Andrew",Andrew,Vescio,,807,"Vescio, Andrew","VESCIO,ANDREW",Wooster,WOO,1226-3231,7,7,6,0,6,0.0,0.0,3.0,3.0,2.0,0.0,1.0,0.0,0.0,0.43,0.43,0.29,0.143,0.0,2.0,0.0,0.0,0.0,1.0,0.0,0.0,0.0,3.0,0.0,0.0,0.0,0.43,0.0,0.0,0.0,0.0,,585:00,0.0,0.0,0.0,,,,,,,,,,,,,,,,,,,,,,1.0285501396835772,2228,86
2026-27,msoc,North Coast Athletic Conference (NCAC),ncac,John Carroll,"Bohan, Patrick",Patrick,Bohan,,320,"Bohan, Patrick","BOHAN,PATRICK",John Carroll,JCU,1277-7302,9,9,4,0,4,0.0,0.0,4.0,7.0,1.0,1.0,0.0,0.0,0.0,0.78,0.44,0.11,0.0,0.111,4.0,0.0,0.0,0.0,0.0,0.0,0.0,0.0,7.0,0.0,1.0,0.0,0.78,0.11,0.0,0.0,0.0,,645:00,0.0,0.0,0.0,,,,,,,,,,,,,,,,,,,,,,0.8639858152104956,2249,86
2026-27,msoc,North Coast Athletic Conference (NCAC),ncac,Wittenberg,"D'Isidoro, James",James,D'Isidoro,,806,"D'Isidoro, James","D'ISIDORO,JAMES",Wittenberg,WIT,0,8,6,23,0,23,0.0,0.0,4.0,5.0,1.0,1.0,0.0,0.0,0.0,0.63,0.5,0.13,0.0,0.125,4.0,0.0,0.0,0.0,0.0,0.0,0.0,0.0,7.0,0.0,1.0,0.0,0.88,0.13,0.0,0.0,0.0,,520:00,0.0,0.0,0.0,,,,,,,,,,,,,,,,,,,,,,0.8639858152104956,2256,86
2026-27,msoc,North Coast Athletic Conference (NCAC),ncac,John Carroll,"De La Barrera, Rafa",Rafa,De La Barrera,,320,"De La Barrera, Rafa","DE LA BARRERA,RAFA",John Carroll,JCU,1277-7749,9,9,14,0,14,0.0,0.0,4.0,8.0,1.0,1.0,0.0,0.0,0.0,0.89,0.44,0.11,0.0,0.111,4.0,0.0,0.0,0.0,0.0,0.0,0.0,0.0,8.0,0.0,1.0,0.0,0.89,0.11,0.0,0.0,0.0,,739:00,0.0,0.0,0.0,,,,,,,,,,,,,,,,,,,,,,0.8639858152104956,2257,86
2026-27,msoc,North Coast Athletic Conference (NCAC),ncac,DePauw,"Basan, Ante",Ante,Basan,,177,"Basan, Ante","BASAN,ANTE",DePauw,DEPAUW,1274-6721,7,0,19,0,19,0.0,0.0,2.0,3.0,2.0,0.0,1.0,0.0,0.0,0.43,0.29,0.29,0.143,0.0,1.0,0.0,0.0,0.0,1.0,1.0,0.0,0.0,4.0,0.0,1.0,0.0,0.57,0.14,0.0,0.0,0.0,,166:00,0.0,0.0,0.0,,,,,,,,,,,,,,,,,,,,,,0.8348895743498486,2303,86
2026-27,msoc,North Coast Athletic Conference (NCAC),ncac,Ohio Wesleyan,"Catanzarite, Brady",Brady,Catanzarite,,520,"Catanzarite, Brady","CATANZARITE,BRADY",Ohio Wesleyan,OWU,1222-3311,4,0,23,0,23,0.0,0.0,2.0,3.0,2.0,0.0,1.0,0.0,0.0,0.75,0.5,0.5,0.25,0.0,1.0,1.0,0.0,0.0,0.0,0.0,0.0,0.0,2.0,0.0,0.0,0.0,0.5,0.0,0.0,0.0,0.0,,80:00,0.0,0.0,0.0,,,,,,,,,,,,,,,,,,,,,,0.8348895743498486,2328,86
2026-27,msoc,North Coast Athletic Conference (NCAC),ncac,Ohio Wesleyan,"Flynn, Carter",Carter,Flynn,,520,"Flynn, Carter","FLYNN,CARTER",Ohio Wesleyan,OWU,1222-2941,7,6,17,0,17,0.0,0.0,2.0,8.0,2.0,0.0,1.0,0.0,0.0,1.14,0.29,0.29,0.143,0.0,1.0,0.0,0.0,0.0,0.0,0.0,0.0,0.0,2.0,0.0,1.0,0.0,0.29,0.14,0.0,0.0,0.0,,282:00,0.0,0.0,0.0,,,,,,,,,,,,,,,,,,,,,,0.8348895743498486,2360,86
2026-27,msoc,North Coast Athletic Conference (NCAC),ncac,Denison,"MacDonald, Colin",Colin,MacDonald,,182,"MacDonald, Colin","MACDONALD,COLIN",Denison,Deniso,1214-3532,8,8,22,0,22,0.0,0.0,2.0,8.0,2.0,0.0,1.0,0.0,0.0,1.0,0.25,0.25,0.125,0.0,1.0,0.0,0.0,0.0,1.0,0.0,1.0,0.125,4.0,0.0,1.0,0.0,0.5,0.13,0.0,0.0,0.0,,412:00,0.0,0.0,0.0,,,,,,,,,,,,,,,,,,,,,,0.8348895743498486,2418,85
2026-27,msoc,North Coast Athletic Conference (NCAC),ncac,Wittenberg,"Pilkington, Kaden",Kaden,Pilkington,,806,"Pilkington, Kaden","PILKINGTON,KADEN",Wittenberg,WIT,0,5,1,35,0,35,0.0,0.0,2.0,4.0,2.0,0.0,1.0,0.0,0.0,0.8,0.4,0.4,0.2,0.0,1.0,0.0,0.0,0.0,1.0,1.0,0.0,0.0,0.0,0.0,0.0,0.0,0.0,0.0,0.0,0.0,0.0,,151:00,0.0,0.0,0.0,,,,,,,,,,,,,,,,,,,,,,0.8348895743498486,2450,85
2026-27,msoc,North Coast Athletic Conference (NCAC),ncac,Oberlin,"Plenca, Christopher",Christopher,Plenca,,515,"Plenca, Christopher","PLENCA,CHRISTOPHER",Oberlin,OBE,1221-4143,8,5,6,0,6,0.0,0.0,2.0,3.0,2.0,0.0,1.0,0.0,0.0,0.38,0.25,0.25,0.125,0.0,1.0,0.0,0.0,0.0,0.0,0.0,0.0,0.0,7.0,1.0,1.0,0.0,0.88,0.13,0.13,0.0,0.0,,544:00,0.0,0.0,0.0,,,,,,,,,,,,,,,,,,,,,,0.8348895743498486,2452,85
2026-27,msoc,North Coast Athletic Conference (NCAC),ncac,John Carroll,"Schmidt, Noah",Noah,Schmidt,,320,"Schmidt, Noah","SCHMIDT,NOAH",John Carroll,JCU,1277-7321,9,9,6,0,6,0.0,0.0,2.0,5.0,2.0,0.0,1.0,0.0,0.0,0.56,0.22,0.22,0.111,0.0,1.0,0.0,0.0,0.0,1.0,0.0,1.0,0.111,4.0,0.0,0.0,0.0,0.44,0.0,0.0,0.0,0.0,,720:00,0.0,0.0,0.0,,,,,,,,,,,,,,,,,,,,,,0.8348895743498486,2475,85
2026-27,msoc,North Coast Athletic Conference (NCAC),ncac,John Carroll,"West, Jordan",Jordan,West,,320,"West, Jordan","WEST,JORDAN",John Carroll,JCU,1277-7978,9,4,41,0,41,0.0,0.0,2.0,3.0,2.0,0.0,1.0,0.0,0.0,0.33,0.22,0.22,0.111,0.0,1.0,0.0,0.0,0.0,0.0,0.0,1.0,0.111,2.0,0.0,0.0,0.0,0.22,0.0,0.0,0.0,0.0,,403:00,0.0,0.0,0.0,,,,,,,,,,,,,,,,,,,,,,0.8348895743498486,2506,85
2026-27,msoc,North Coast Athletic Conference (NCAC),ncac,Ohio Wesleyan,"Wurstner, Cade",Cade,Wurstner,,520,"Wurstner, Cade","WURSTNER,CADE",Ohio Wesleyan,OWU,1222-3507,7,6,7,0,7,0.0,0.0,2.0,8.0,2.0,0.0,1.0,0.0,0.0,1.14,0.29,0.29,0.143,0.0,1.0,0.0,0.0,0.0,1.0,1.0,0.0,0.0,13.0,0.0,2.0,0.0,1.86,0.29,0.0,0.0,0.0,,421:00,0.0,0.0,0.0,,,,,,,,,,,,,,,,,,,,,,0.8348895743498486,2514,85
2026-27,msoc,North Coast Athletic Conference (NCAC),ncac,Wooster,"Faber, Aiden",Aiden,Faber,,807,"Faber, Aiden","FABER,AIDEN",Wooster,WOO,1226-3227,8,0,22,0,22,0.0,0.0,3.0,8.0,1.0,1.0,0.0,0.0,0.0,1.0,0.38,0.13,0.0,0.125,3.0,0.0,0.0,0.0,0.0,0.0,0.0,0.0,2.0,0.0,0.0,0.0,0.25,0.0,0.0,0.0,0.0,,255:00,0.0,0.0,0.0,,,,,,,,,,,,,,,,,,,,,,0.670325249876767,2541,85
2026-27,msoc,North Coast Athletic Conference (NCAC),ncac,Oberlin,"Gomez-Torres, Walter",Walter,Gomez-Torres,,515,"Gomez-Torres, Walter","GOMEZ-TORRES,WALTER",Oberlin,OBE,1221-3970,8,8,7,0,7,0.0,0.0,3.0,9.0,1.0,1.0,0.0,0.0,0.0,1.13,0.38,0.13,0.0,0.125,3.0,0.0,0.0,0.0,0.0,0.0,0.0,0.0,9.0,0.0,0.0,0.0,1.13,0.0,0.0,0.0,0.0,,517:00,0.0,0.0,0.0,,,,,,,,,,,,,,,,,,,,,,0.670325249876767,2546,85
2026-27,msoc,North Coast Athletic Conference (NCAC),ncac,Denison,"Jamison, Lowen",Lowen,Jamison,,182,"Jamison, Lowen","JAMISON,LOWEN",Denison,Deniso,1214-3954,7,6,33,0,33,0.0,0.0,3.0,8.0,1.0,1.0,0.0,0.0,0.0,1.14,0.43,0.14,0.0,0.143,3.0,0.0,0.0,0.0,0.0,0.0,0.0,0.0,3.0,0.0,0.0,0.0,0.43,0.0,0.0,0.0,0.0,,422:00,0.0,0.0,0.0,,,,,,,,,,,,,,,,,,,,,,0.670325249876767,2552,85
2026-27,msoc,North Coast Athletic Conference (NCAC),ncac,Ohio Wesleyan,"Jennings, Jack",Jack,Jennings,,520,"Jennings, Jack","JENNINGS,JACK",Ohio Wesleyan,OWU,1222-3314,7,7,8,0,8,0.0,0.0,3.0,3.0,1.0,1.0,0.0,0.0,0.0,0.43,0.43,0.14,0.0,0.143,3.0,0.0,0.0,0.0,0.0,0.0,0.0,0.0,9.0,0.0,0.0,0.0,1.29,0.0,0.0,0.0,0.0,,536:00,0.0,0.0,0.0,,,,,,,,,,,,,,,,,,,,,,0.670325249876767,2555,85
2026-27,msoc,North Coast Athletic Conference (NCAC),ncac,Wabash,"Parr, Jonathan",Jonathan,Parr,,747,"Parr, Jonathan","PARR,JONATHAN",Wabash,WAB,1224-3926,10,2,24,0,24,0.0,0.0,3.0,7.0,1.0,1.0,0.0,0.0,0.0,0.7,0.3,0.1,0.0,0.1,3.0,0.0,0.0,0.0,0.0,0.0,0.0,0.0,5.0,0.0,0.0,0.0,0.5,0.0,0.0,0.0,0.0,,328:00,0.0,0.0,0.0,,,,,,,,,,,,,,,,,,,,,,0.670325249876767,2570,85
2026-27,msoc,North Coast Athletic Conference (NCAC),ncac,John Carroll,"Rajaie, Dante",Dante,Rajaie,,320,"Rajaie, Dante","RAJAIE,DANTE",John Carroll,JCU,1277-7762,9,1,9,0,9,0.0,0.0,3.0,3.0,1.0,1.0,0.0,0.0,0.0,0.33,0.33,0.11,0.0,0.111,3.0,0.0,0.0,0.0,0.0,0.0,0.0,0.0,6.0,0.0,0.0,0.0,0.67,0.0,0.0,0.0,0.0,,238:00,0.0,0.0,0.0,,,,,,,,,,,,,,,,,,,,,,0.670325249876767,2575,85
2026-27,msoc,North Coast Athletic Conference (NCAC),ncac,Wabash,"Biggerstaff, Zane",Zane,Biggerstaff,,747,"Biggerstaff, Zane","BIGGERSTAFF,ZANE",Wabash,WAB,1224-3714,9,9,25,0,25,0.0,0.0,1.0,1.0,2.0,0.0,1.0,0.0,0.0,0.11,0.11,0.22,0.111,0.0,0.0,0.0,0.0,0.0,1.0,0.0,1.0,0.111,4.0,0.0,1.0,0.0,0.44,0.11,0.0,0.0,0.0,,561:00,0.0,0.0,0.0,,,,,,,,,,,,,,,,,,,,,,0.64122900901612,2621,85
2026-27,msoc,North Coast Athletic Conference (NCAC),ncac,Oberlin,"Delovitch, William",William,Delovitch,,515,"Delovitch, William","DELOVITCH,WILLIAM",Oberlin,OBE,1221-4138,5,3,18,0,18,0.0,0.0,1.0,2.0,2.0,0.0,1.0,0.0,0.0,0.4,0.2,0.4,0.2,0.0,0.0,0.0,0.0,0.0,0.0,0.0,1.0,0.2,2.0,0.0,0.0,0.0,0.4,0.0,0.0,0.0,0.0,,222:00,0.0,0.0,0.0,,,,,,,,,,,,,,,,,,,,,,0.64122900901612,2669,84
2026-27,msoc,North Coast Athletic Conference (NCAC),ncac,Oberlin,"Elmore, Charles",Charles,Elmore,,515,"Elmore, Charles","ELMORE,CHARLES",Oberlin,OBE,1221-4340,8,7,12,0,12,0.0,0.0,1.0,1.0,2.0,0.0,1.0,0.0,0.0,0.13,0.13,0.25,0.125,0.0,0.0,0.0,0.0,0.0,0.0,1.0,0.0,0.0,1.0,0.0,0.0,0.0,0.13,0.0,0.0,0.0,0.0,,604:00,0.0,0.0,0.0,,,,,,,,,,,,,,,,,,,,,,0.64122900901612,2677,84
2026-27,msoc,North Coast Athletic Conference (NCAC),ncac,Wabash,"Freedman, Ty",Ty,Freedman,,747,"Freedman, Ty","FREEDMAN,TY",Wabash,WAB,1224-3535,11,7,2,0,2,0.0,0.0,1.0,1.0,2.0,0.0,1.0,0.0,0.0,0.09,0.09,0.18,0.091,0.0,0.0,0.0,0.0,0.0,0.0,0.0,1.0,0.091,6.0,0.0,2.0,0.0,0.55,0.18,0.0,0.0,0.0,,588:00,0.0,0.0,0.0,,,,,,,,,,,,,,,,,,,,,,0.64122900901612,2689,84
2026-27,msoc,North Coast Athletic Conference (NCAC),ncac,Wooster,"Kickbush, Rohan",Rohan,Kickbush,,807,"Kickbush, Rohan","KICKBUSH,ROHAN",Wooster,WOO,1226-3490,5,1,32,0,32,0.0,0.0,1.0,2.0,2.0,0.0,1.0,0.0,0.0,0.4,0.2,0.4,0.2,0.0,0.0,0.0,0.0,0.0,0.0,0.0,0.0,0.0,5.0,0.0,1.0,0.0,1.0,0.2,0.0,0.0,0.0,,138:00,0.0,0.0,0.0,,,,,,,,,,,,,,,,,,,,,,0.64122900901612,2742,84
2026-27,msoc,North Coast Athletic Conference (NCAC),ncac,Ohio Wesleyan,"O'Connor, James",James,O'Connor,,520,"O'Connor, James","O'CONNOR,JAMES",Ohio Wesleyan,OWU,1222-2943,5,1,10,0,10,0.0,0.0,1.0,1.0,2.0,0.0,1.0,0.0,0.0,0.2,0.2,0.4,0.2,0.0,0.0,0.0,0.0,0.0,1.0,0.0,1.0,0.2,0.0,0.0,0.0,0.0,0.0,0.0,0.0,0.0,0.0,,110:00,0.0,0.0,0.0,,,,,,,,,,,,,,,,,,,,,,0.64122900901612,2807,84
2026-27,msoc,North Coast Athletic Conference (NCAC),ncac,Wooster,"Porter, JJ",JJ,Porter,,807,"Porter, JJ","PORTER,JJ",Wooster,WOO,1226-3483,6,0,13,0,13,0.0,0.0,1.0,5.0,2.0,0.0,1.0,0.0,0.0,0.83,0.17,0.33,0.167,0.0,0.0,0.0,0.0,0.0,0.0,0.0,0.0,0.0,2.0,0.0,0.0,0.0,0.33,0.0,0.0,0.0,0.0,,172:00,0.0,0.0,0.0,,,,,,,,,,,,,,,,,,,,,,0.64122900901612,2824,84
2026-27,msoc,North Coast Athletic Conference (NCAC),ncac,John Carroll,"Powell, Maurio",Maurio,Powell,,320,"Powell, Maurio","POWELL,MAURIO",John Carroll,JCU,1277-7761,7,4,5,0,5,0.0,0.0,1.0,2.0,2.0,0.0,1.0,0.0,0.0,0.29,0.14,0.29,0.143,0.0,0.0,1.0,0.0,0.0,0.0,0.0,0.0,0.0,7.0,0.0,2.0,0.0,1.0,0.29,0.0,0.0,0.0,,417:00,0.0,0.0,0.0,,,,,,,,,,,,,,,,,,,,,,0.64122900901612,2826,84
2026-27,msoc,North Coast Athletic Conference (NCAC),ncac,Oberlin,"Van Duinen, Bryce",Bryce,Van Duinen,,515,"Van Duinen, Bryce","VAN DUINEN,BRYCE",Oberlin,OBE,1221-3971,6,1,22,0,22,0.0,0.0,1.0,2.0,2.0,0.0,1.0,0.0,0.0,0.33,0.17,0.33,0.167,0.0,0.0,0.0,0.0,0.0,0.0,1.0,0.0,0.0,0.0,0.0,0.0,0.0,0.0,0.0,0.0,0.0,0.0,,179:00,0.0,0.0,0.0,,,,,,,,,,,,,,,,,,,,,,0.64122900901612,2889,84
2026-27,msoc,North Coast Athletic Conference (NCAC),ncac,Wabash,"Burke, Alex",Alex,Burke,,747,"Burke, Alex","BURKE,ALEX",Wabash,WAB,1224-4047,9,3,5,0,5,0.0,0.0,2.0,8.0,1.0,1.0,0.0,0.0,0.0,0.89,0.22,0.11,0.0,0.111,2.0,0.0,0.0,0.0,0.0,0.0,0.0,0.0,11.0,0.0,2.0,0.0,1.22,0.22,0.0,0.0,0.0,,332:00,0.0,0.0,0.0,,,,,,,,,,,,,,,,,,,,,,0.4766646845430384,2942,83
2026-27,msoc,North Coast Athletic Conference (NCAC),ncac,Denison,"Priestap, Cade",Cade,Priestap,,182,"Priestap, Cade","PRIESTAP,CADE",Denison,Deniso,1214-3955,8,7,18,0,18,0.0,0.0,2.0,4.0,1.0,1.0,0.0,0.0,0.0,0.5,0.25,0.13,0.0,0.125,2.0,0.0,0.0,0.0,0.0,0.0,0.0,0.0,2.0,0.0,0.0,0.0,0.25,0.0,0.0,0.0,0.0,,365:00,0.0,0.0,0.0,,,,,,,,,,,,,,,,,,,,,,0.4766646845430384,3019,83
2026-27,msoc,North Coast Athletic Conference (NCAC),ncac,Wooster,"Relle, Calen",Calen,Relle,,807,"Relle, Calen","RELLE,CALEN",Wooster,WOO,1226-3486,9,0,26,0,26,0.0,0.0,2.0,5.0,1.0,1.0,0.0,0.0,0.0,0.56,0.22,0.11,0.0,0.111,2.0,0.0,0.0,0.0,0.0,0.0,0.0,0.0,6.0,0.0,0.0,0.0,0.67,0.0,0.0,0.0,0.0,,220:00,0.0,0.0,0.0,,,,,,,,,,,,,,,,,,,,,,0.4766646845430384,3022,83
2026-27,msoc,North Coast Athletic Conference (NCAC),ncac,John Carroll,"Roseberry, Louis",Louis,Roseberry,,320,"Roseberry, Louis","ROSEBERRY,LOUIS",John Carroll,JCU,1277-7320,9,9,3,0,3,0.0,0.0,2.0,5.0,1.0,1.0,0.0,0.0,0.0,0.56,0.22,0.11,0.0,0.111,2.0,0.0,0.0,0.0,0.0,0.0,0.0,0.0,2.0,0.0,1.0,0.0,0.22,0.11,0.0,0.0,0.0,,689:00,0.0,0.0,0.0,,,,,,,,,,,,,,,,,,,,,,0.4766646845430384,3029,83
2026-27,msoc,North Coast Athletic Conference (NCAC),ncac,DePauw,"Ahmed, Sami",Sami,Ahmed,,177,"Ahmed, Sami","AHMED,SAMI",DePauw,DEPAUW,1274-6720,7,3,28,0,28,0.0,0.0,1.0,3.0,1.0,1.0,0.0,0.0,0.0,0.43,0.14,0.14,0.0,0.143,1.0,0.0,0.0,0.0,0.0,0.0,0.0,0.0,3.0,0.0,1.0,0.0,0.43,0.14,0.0,0.0,0.0,,279:00,0.0,0.0,0.0,,,,,,,,,,,,,,,,,,,,,,0.2830041192093099,3064,83
2026-27,msoc,North Coast Athletic Conference (NCAC),ncac,Denison,"Crow, Justin",Justin,Crow,,182,"Crow, Justin","CROW,JUSTIN",Denison,Deniso,1214-3233,8,8,7,0,7,0.0,0.0,1.0,2.0,1.0,1.0,0.0,0.0,0.0,0.25,0.13,0.13,0.0,0.125,1.0,0.0,0.0,0.0,0.0,0.0,0.0,0.0,5.0,0.0,2.0,0.0,0.63,0.25,0.0,0.0,0.0,,528:00,0.0,0.0,0.0,,,,,,,,,,,,,,,,,,,,,,0.2830041192093099,3112,83
2026-27,msoc,North Coast Athletic Conference (NCAC),ncac,Wooster,"Franch, Markus",Markus,Franch,,807,"Franch, Markus","FRANCH,MARKUS",Wooster,WOO,1226-3085,7,0,14,0,14,0.0,0.0,1.0,5.0,1.0,1.0,0.0,0.0,0.0,0.71,0.14,0.14,0.0,0.143,1.0,0.0,0.0,0.0,0.0,0.0,0.0,0.0,4.0,0.0,1.0,0.0,0.57,0.14,0.0,0.0,0.0,,171:00,0.0,0.0,0.0,,,,,,,,,,,,,,,,,,,,,,0.2830041192093099,3135,83
2026-27,msoc,North Coast Athletic Conference (NCAC),ncac,Wittenberg,"Rahm, Gaberial",Gaberial,Rahm,,806,"Rahm, Gaberial","RAHM,GABERIAL",Wittenberg,WIT,0,5,5,34,0,34,0.0,0.0,1.0,2.0,1.0,1.0,0.0,0.0,0.0,0.4,0.2,0.2,0.0,0.2,1.0,0.0,0.0,0.0,0.0,0.0,0.0,0.0,6.0,0.0,1.0,0.0,1.2,0.2,0.0,0.0,0.0,,446:00,0.0,0.0,0.0,,,,,,,,,,,,,,,,,,,,,,0.2830041192093099,3233,82
2026-27,msoc,North Coast Athletic Conference (NCAC),ncac,Wittenberg,"Zepeda, Ever",Ever,Zepeda,,806,"Zepeda, Ever","ZEPEDA,EVER",Wittenberg,WIT,0,8,8,5,0,5,0.0,0.0,1.0,3.0,1.0,1.0,0.0,0.0,0.0,0.38,0.13,0.13,0.0,0.125,1.0,0.0,0.0,0.0,0.0,0.0,0.0,0.0,0.0,0.0,1.0,0.0,0.0,0.13,0.0,0.0,0.0,,492:00,0.0,0.0,0.0,,,,,,,,,,,,,,,,,,,,,,0.2830041192093099,3292,82
2026-27,msoc,North Coast Athletic Conference (NCAC),ncac,Wooster,"Buchanan, Tyler",Tyler,Buchanan,,807,"Buchanan, Tyler","BUCHANAN,TYLER",Wooster,WOO,1226-3482,1,0,0,0,0,0.0,0.0,0.0,0.0,0.0,0.0,0.0,0.0,0.0,0.0,0.0,0.0,0.0,0.0,0.0,0.0,0.0,0.0,0.0,0.0,0.0,0.0,0.0,0.0,0.0,0.0,0.0,0.0,0.0,0.0,0.0,,07:00,0.0,0.0,0.0,1.0,0.0,0.0,0.0,0.0,1.0,0.0,1.0,0.0,07:31,0.0,1.0,0.0,1.0,0.0,1.0,,,,,,0.2375711767523202,3309,82
2026-27,msoc,North Coast Athletic Conference (NCAC),ncac,Denison,"Kiter, Ronan",Ronan,Kiter,,182,"Kiter, Ronan","KITER,RONAN",Denison,Deniso,1214-3536,1,1,1,0,1,0.0,0.0,0.0,0.0,0.0,0.0,0.0,0.0,0.0,0.0,0.0,0.0,0.0,0.0,0.0,0.0,0.0,0.0,0.0,0.0,0.0,0.0,0.0,0.0,0.0,0.0,0.0,0.0,0.0,0.0,0.0,,90:00,0.0,0.0,0.0,6.0,0.0,0.0,1.0,1.0,1.0,0.0,2.0,0.0,90:00,1.0,1.0,0.0,1.0,1.0,2.0,,,,,,0.2375711767523202,3327,82
2026-27,msoc,North Coast Athletic Conference (NCAC),ncac,Wittenberg,"Ortiz, Ellan",Ellan,Ortiz,,806,"Ortiz, Ellan","ORTIZ,ELLAN",Wittenberg,WIT,0,1,0,77,0,77,0.0,0.0,0.0,0.0,0.0,0.0,0.0,0.0,0.0,0.0,0.0,0.0,0.0,0.0,0.0,0.0,0.0,0.0,0.0,0.0,0.0,0.0,0.0,0.0,0.0,0.0,0.0,0.0,0.0,0.0,0.0,,22:00,0.0,0.0,0.0,1.0,0.0,0.0,0.0,0.0,1.0,0.0,1.0,0.0,22:09,0.0,1.0,0.0,1.0,0.0,1.0,,,,,,0.2375711767523202,3350,82
2026-27,msoc,North Coast Athletic Conference (NCAC),ncac,DePauw,"Black, Joey",Joey,Black,,177,"Black, Joey","BLACK,JOEY",DePauw,DEPAUW,1274-6231,8,2,3,0,3,0.0,0.0,0.0,1.0,1.0,1.0,0.0,0.0,0.0,0.13,0.0,0.13,0.0,0.125,0.0,0.0,0.0,0.0,0.0,0.0,0.0,0.0,4.0,0.0,0.0,0.0,0.5,0.0,0.0,0.0,0.0,,337:00,0.0,0.0,0.0,,,,,,,,,,,,,,,,,,,,,,0.0893435538755813,3405,82
2026-27,msoc,North Coast Athletic Conference (NCAC),ncac,Ohio Wesleyan,"Canas, Luis",Luis,Canas,,520,"Canas, Luis","CANAS,LUIS",Ohio Wesleyan,OWU,1222-3310,7,3,11,0,11,0.0,0.0,0.0,7.0,1.0,1.0,0.0,0.0,0.0,1.0,0.0,0.14,0.0,0.143,0.0,0.0,0.0,0.0,0.0,0.0,0.0,0.0,1.0,0.0,0.0,0.0,0.14,0.0,0.0,0.0,0.0,,319:00,0.0,0.0,0.0,,,,,,,,,,,,,,,,,,,,,,0.0893435538755813,3424,81
2026-27,msoc,North Coast Athletic Conference (NCAC),ncac,DePauw,"Heffner, Aiden",Aiden,Heffner,,177,"Heffner, Aiden","HEFFNER,AIDEN",DePauw,DEPAUW,1274-6484,4,4,24,0,24,0.0,0.0,0.0,0.0,1.0,1.0,0.0,0.0,0.0,0.0,0.0,0.25,0.0,0.25,0.0,0.0,0.0,0.0,0.0,0.0,0.0,0.0,3.0,0.0,0.0,0.0,0.75,0.0,0.0,0.0,0.0,,238:00,0.0,0.0,0.0,,,,,,,,,,,,,,,,,,,,,,0.0893435538755813,3507,81
2026-27,msoc,North Coast Athletic Conference (NCAC),ncac,Ohio Wesleyan,"Herrera, Emilio",Emilio,Herrera,,520,"Herrera, Emilio","HERRERA,EMILIO",Ohio Wesleyan,OWU,1222-3504,3,0,13,0,13,0.0,0.0,0.0,0.0,1.0,1.0,0.0,0.0,0.0,0.0,0.0,0.33,0.0,0.333,0.0,0.0,0.0,0.0,0.0,0.0,0.0,0.0,2.0,0.0,0.0,0.0,0.67,0.0,0.0,0.0,0.0,,75:00,0.0,0.0,0.0,,,,,,,,,,,,,,,,,,,,,,0.0893435538755813,3511,81
2026-27,msoc,North Coast Athletic Conference (NCAC),ncac,Kenyon,"Little, Robert",Robert,Little,,335,"Little, Robert","LITTLE,ROBERT",Kenyon,KEN,1219-2676,8,5,13,0,13,0.0,0.0,0.0,6.0,1.0,1.0,0.0,0.0,0.0,0.75,0.0,0.13,0.0,0.125,0.0,0.0,0.0,0.0,0.0,0.0,0.0,0.0,3.0,0.0,0.0,0.0,0.38,0.0,0.0,0.0,0.0,,292:00,0.0,0.0,0.0,,,,,,,,,,,,,,,,,,,,,,0.0893435538755813,3556,81
2026-27,msoc,North Coast Athletic Conference (NCAC),ncac,John Carroll,"Onodi, Zalan",Zalan,Onodi,,320,"Onodi, Zalan","ONODI,ZALAN",John Carroll,JCU,1277-7760,9,1,31,0,31,0.0,0.0,0.0,1.0,1.0,1.0,0.0,0.0,0.0,0.11,0.0,0.11,0.0,0.111,0.0,0.0,0.0,0.0,0.0,0.0,0.0,0.0,1.0,0.0,2.0,0.0,0.11,0.22,0.0,0.0,0.0,,267:00,0.0,0.0,0.0,,,,,,,,,,,,,,,,,,,,,,0.0893435538755813,3600,81
2026-27,msoc,North Coast Athletic Conference (NCAC),ncac,Oberlin,"Porras Jr., Enrique",Enrique,Porras Jr.,,515,"Porras Jr., Enrique","PORRAS JR.,ENRIQUE",Oberlin,OBE,1221-3862,7,3,8,0,8,0.0,0.0,0.0,0.0,1.0,1.0,0.0,0.0,0.0,0.0,0.0,0.14,0.0,0.143,0.0,0.0,0.0,0.0,0.0,0.0,0.0,0.0,5.0,0.0,2.0,0.0,0.71,0.29,0.0,0.0,0.0,,230:00,0.0,0.0,0.0,,,,,,,,,,,,,,,,,,,,,,0.0893435538755813,3615,81
2026-27,msoc,North Coast Athletic Conference (NCAC),ncac,Wittenberg,"Ramirez, Naelson",Naelson,Ramirez,,806,"Ramirez, Naelson","RAMIREZ,NAELSON",Wittenberg,WIT,0,8,1,10,0,10,0.0,0.0,0.0,2.0,1.0,1.0,0.0,0.0,0.0,0.25,0.0,0.13,0.0,0.125,0.0,0.0,0.0,0.0,0.0,0.0,0.0,0.0,2.0,0.0,1.0,0.0,0.25,0.13,0.0,0.0,0.0,,201:00,0.0,0.0,0.0,,,,,,,,,,,,,,,,,,,,,,0.0893435538755813,3624,81
2026-27,msoc,North Coast Athletic Conference (NCAC),ncac,Denison,"Schroeder, Jackson",Jackson,Schroeder,,182,"Schroeder, Jackson","SCHROEDER,JACKSON",Denison,Deniso,1214-3690,8,1,17,0,17,0.0,0.0,0.0,0.0,1.0,1.0,0.0,0.0,0.0,0.0,0.0,0.13,0.0,0.125,0.0,0.0,0.0,0.0,0.0,0.0,0.0,0.0,2.0,0.0,0.0,0.0,0.25,0.0,0.0,0.0,0.0,,232:00,0.0,0.0,0.0,,,,,,,,,,,,,,,,,,,,,,0.0893435538755813,3641,81
2026-27,msoc,North Coast Athletic Conference (NCAC),ncac,Ohio Wesleyan,"Sykes, Landon",Landon,Sykes,,520,"Sykes, Landon","SYKES,LANDON",Ohio Wesleyan,OWU,1222-3503,6,0,16,0,16,0.0,0.0,0.0,2.0,1.0,1.0,0.0,0.0,0.0,0.33,0.0,0.17,0.0,0.167,0.0,0.0,0.0,0.0,0.0,0.0,0.0,0.0,1.0,0.0,0.0,0.0,0.17,0.0,0.0,0.0,0.0,,100:00,0.0,0.0,0.0,,,,,,,,,,,,,,,,,,,,,,0.0893435538755813,3661,81
2026-27,msoc,North Coast Athletic Conference (NCAC),ncac,Denison,"Walsh, Liam",Liam,Walsh,,182,"Walsh, Liam","WALSH,LIAM",Denison,Deniso,1214-3237,8,8,5,0,5,0.0,0.0,0.0,0.0,1.0,1.0,0.0,0.0,0.0,0.0,0.0,0.13,0.0,0.125,0.0,0.0,0.0,0.0,0.0,0.0,0.0,0.0,3.0,0.0,1.0,0.0,0.38,0.13,0.0,0.0,0.0,,647:00,0.0,0.0,0.0,,,,,,,,,,,,,,,,,,,,,,0.0893435538755813,3679,80
2026-27,msoc,North Coast Athletic Conference (NCAC),ncac,Wittenberg,"Adams, Peter",Peter,Adams,,806,"Adams, Peter","ADAMS,PETER",Wittenberg,WIT,0,6,4,1,0,1,0.0,0.0,0.0,0.0,0.0,0.0,0.0,0.0,0.0,0.0,0.0,0.0,0.0,0.0,0.0,0.0,0.0,0.0,0.0,0.0,0.0,0.0,0.0,0.0,0.0,0.0,0.0,0.0,0.0,0.0,0.0,,405:00,0.0,0.0,0.0,36.0,2.0,0.0,1.0,3.0,0.875,0.44,14.0,2.0,405:00,4.0,5.0,0.33,0.875,0.5,2.33,,,,,,-0.3758498157456359,3808,80
2026-27,msoc,North Coast Athletic Conference (NCAC),ncac,Wabash,"Cordova, Rafael",Rafael,Cordova,,747,"Cordova, Rafael","CORDOVA,RAFAEL",Wabash,WAB,1224-4037,9,9,1,0,1,0.0,0.0,0.0,0.0,0.0,0.0,0.0,0.0,0.0,0.0,0.0,0.0,0.0,0.0,0.0,0.0,0.0,0.0,0.0,0.0,0.0,0.0,0.0,0.0,0.0,0.0,0.0,0.0,0.0,0.0,0.0,,797:00,0.0,0.0,0.0,75.0,1.0,0.0,8.0,4.0,0.828,0.57,24.0,5.0,796:55,9.0,9.0,0.56,0.828,0.444,2.67,,,,,,-0.5901422316887589,3854,80
2026-27,msoc,North Coast Athletic Conference (NCAC),ncac,Denison,"Provost, Alex",Alex,Provost,,182,"Provost, Alex","PROVOST,ALEX",Denison,Deniso,1214-3688,7,7,30,0,30,0.0,0.0,0.0,0.0,0.0,0.0,0.0,0.0,0.0,0.0,0.0,0.0,0.0,0.0,0.0,0.0,0.0,0.0,0.0,0.0,0.0,0.0,0.0,0.0,0.0,0.0,0.0,0.0,0.0,0.0,0.0,,630:00,0.0,0.0,0.0,69.0,3.0,1.0,3.0,3.0,0.821,0.71,23.0,5.0,630:00,7.0,7.0,0.71,0.821,0.429,3.29,,,,,,-0.6777269697392274,3867,80
2026-27,msoc,North Coast Athletic Conference (NCAC),ncac,Oberlin,"Surface, Kinton",Kinton,Surface,,515,"Surface, Kinton","SURFACE,KINTON",Oberlin,OBE,1221-4341,7,3,23,0,23,0.0,0.0,5.0,11.0,0.0,0.0,0.0,0.0,0.0,1.57,0.71,0.0,0.0,0.0,5.0,0.0,0.0,0.0,0.0,0.0,0.0,0.0,9.0,0.0,2.0,0.0,1.29,0.29,0.0,0.0,0.0,,313:00,0.0,0.0,0.0,,,,,,,,,,,,,,,,,,,,,,-0.7220631571876738,3900,80
2026-27,msoc,North Coast Athletic Conference (NCAC),ncac,John Carroll,"Antry, Michael",Michael,Antry,,320,"Antry, Michael","ANTRY,MICHAEL",John Carroll,JCU,1277-7746,2,1,96,0,96,0.0,0.0,0.0,0.0,0.0,0.0,0.0,0.0,0.0,0.0,0.0,0.0,0.0,0.0,0.0,0.0,0.0,0.0,0.0,0.0,0.0,0.0,0.0,0.0,0.0,0.0,0.0,0.0,0.0,0.0,0.0,,108:00,0.0,0.0,0.0,8.0,0.0,0.0,1.0,0.0,0.8,0.84,4.0,1.0,107:24,1.0,2.0,0.5,0.8,0.0,2.0,,,,,,-0.8066599536854573,3919,79
2026-27,msoc,North Coast Athletic Conference (NCAC),ncac,Wabash,"Maus, Darinel",Darinel,Maus,,747,"Maus, Darinel","MAUS,DARINEL",Wabash,WAB,1224-4041,8,1,20,0,20,0.0,0.0,4.0,4.0,0.0,0.0,0.0,0.0,0.0,0.5,0.5,0.0,0.0,0.0,4.0,0.0,0.0,0.0,0.0,0.0,0.0,0.0,0.0,0.0,0.0,0.0,0.0,0.0,0.0,0.0,0.0,,200:00,0.0,0.0,0.0,,,,,,,,,,,,,,,,,,,,,,-0.9157237225214024,3987,79
2026-27,msoc,North Coast Athletic Conference (NCAC),ncac,DePauw,"Ortner, Sam",Sam,Ortner,,177,"Ortner, Sam","ORTNER,SAM",DePauw,DEPAUW,1274-6239,8,8,0,0,0,0.0,0.0,0.0,0.0,0.0,0.0,0.0,0.0,0.0,0.0,0.0,0.0,0.0,0.0,0.0,0.0,0.0,0.0,0.0,0.0,0.0,0.0,0.0,0.0,0.0,0.0,0.0,0.0,0.0,0.0,0.0,,720:00,0.0,0.0,0.0,68.0,0.0,1.0,7.0,3.0,0.765,1.0,26.0,8.0,720:00,8.0,8.0,1.0,0.765,0.375,3.25,,,,,,-0.9953992842454038,4036,79
2026-27,msoc,North Coast Athletic Conference (NCAC),ncac,Wittenberg,"Rice, Aidan",Aidan,Rice,,806,"Rice, Aidan","RICE,AIDAN",Wittenberg,WIT,0,5,4,0,0,0,0.0,0.0,0.0,0.0,0.0,0.0,0.0,0.0,0.0,0.0,0.0,0.0,0.0,0.0,0.0,0.0,0.0,0.0,0.0,0.0,0.0,0.0,0.0,0.0,0.0,0.0,0.0,0.0,0.0,0.0,0.0,,245:00,0.0,0.0,0.0,32.0,1.0,1.0,2.0,1.0,0.786,1.24,11.0,3.0,217:51,4.0,4.0,0.6,0.786,0.2,2.2,,,,,,-1.0372037319402598,4050,79
2026-27,msoc,North Coast Athletic Conference (NCAC),ncac,Denison,"Hunter, Will",Will,Hunter,,182,"Hunter, Will","HUNTER,WILL",Denison,Deniso,1214-3684,8,0,15,0,15,0.0,0.0,3.0,5.0,0.0,0.0,0.0,0.0,0.0,0.63,0.38,0.0,0.0,0.0,3.0,0.0,0.0,0.0,0.0,0.0,0.0,0.0,0.0,0.0,0.0,0.0,0.0,0.0,0.0,0.0,0.0,,185:00,0.0,0.0,0.0,,,,,,,,,,,,,,,,,,,,,,-1.1093842878551308,4135,79
2026-27,msoc,North Coast Athletic Conference (NCAC),ncac,Kenyon,"Nigro, Joey",Joey,Nigro,,335,"Nigro, Joey","NIGRO,JOEY",Kenyon,KEN,1219-3010,8,3,10,0,10,0.0,0.0,3.0,6.0,0.0,0.0,0.0,0.0,0.0,0.75,0.38,0.0,0.0,0.0,3.0,0.0,0.0,0.0,0.0,0.0,0.0,0.0,2.0,0.0,0.0,0.0,0.25,0.0,0.0,0.0,0.0,,334:00,0.0,0.0,0.0,,,,,,,,,,,,,,,,,,,,,,-1.1093842878551308,4168,78
2026-27,msoc,North Coast Athletic Conference (NCAC),ncac,John Carroll,"Pranjeta, Luka",Luka,Pranjeta,,320,"Pranjeta, Luka","PRANJETA,LUKA",John Carroll,JCU,1277-6929,9,8,10,0,10,0.0,0.0,3.0,12.0,0.0,0.0,0.0,0.0,0.0,1.33,0.33,0.0,0.0,0.0,3.0,0.0,0.0,0.0,0.0,0.0,0.0,0.0,16.0,0.0,5.0,0.0,1.78,0.56,0.0,0.0,0.0,,565:00,0.0,0.0,0.0,,,,,,,,,,,,,,,,,,,,,,-1.1093842878551308,4183,78
2026-27,msoc,North Coast Athletic Conference (NCAC),ncac,Kenyon,"Kayser, Matthew",Matthew,Kayser,,335,"Kayser, Matthew","KAYSER,MATTHEW",Kenyon,KEN,1219-3196,8,8,1,0,1,0.0,0.0,0.0,0.0,0.0,0.0,0.0,0.0,0.0,0.0,0.0,0.0,0.0,0.0,0.0,0.0,0.0,0.0,0.0,0.0,0.0,0.0,0.0,0.0,0.0,0.0,0.0,0.0,0.0,0.0,0.0,,674:00,0.0,0.0,0.0,37.0,0.0,2.0,6.0,3.0,0.684,0.8,13.0,6.0,672:22,8.0,8.0,0.75,0.684,0.375,1.63,,,,,,-1.169036241876718,4240,78
2026-27,msoc,North Coast Athletic Conference (NCAC),ncac,Oberlin,"Fortuna, Vince",Vince,Fortuna,,515,"Fortuna, Vince","FORTUNA,VINCE",Oberlin,OBE,1221-3860,3,2,1,0,1,0.0,0.0,0.0,0.0,0.0,0.0,0.0,0.0,0.0,0.0,0.0,0.0,0.0,0.0,0.0,0.0,0.0,0.0,0.0,0.0,0.0,0.0,0.0,0.0,1.0,0.0,0.0,0.33,0.0,0.0,0.0,,187:00,0.0,0.0,0.0,29.0,1.0,1.0,0.0,0.0,0.769,1.44,10.0,3.0,187:37,2.0,3.0,1.0,0.769,0.0,3.33,,,,,,-1.1853061718356972,4244,78
2026-27,msoc,North Coast Athletic Conference (NCAC),ncac,Wooster,"Glucksman, Eddie",Eddie,Glucksman,,807,"Glucksman, Eddie","GLUCKSMAN,EDDIE",Wooster,WOO,1226-3086,9,9,1,0,1,0.0,0.0,0.0,0.0,0.0,0.0,0.0,0.0,0.0,0.0,0.0,0.0,0.0,0.0,0.0,0.0,0.0,0.0,0.0,0.0,0.0,0.0,0.0,0.0,0.0,0.0,0.0,0.0,0.0,0.0,0.0,,765:00,0.0,0.0,0.0,93.0,0.0,3.0,6.0,4.0,0.744,1.29,32.0,11.0,765:00,9.0,9.0,1.22,0.744,0.444,3.56,,,,,,-1.1981646710634548,4252,78
2026-27,msoc,North Coast Athletic Conference (NCAC),ncac,John Carroll,"Maroun, Blake",Blake,Maroun,,320,"Maroun, Blake","MAROUN,BLAKE",John Carroll,JCU,1277-7971,2,1,99,0,99,0.0,0.0,0.0,0.0,0.0,0.0,0.0,0.0,0.0,0.0,0.0,0.0,0.0,0.0,0.0,0.0,0.0,0.0,0.0,0.0,0.0,0.0,0.0,0.0,0.0,0.0,0.0,0.0,0.0,0.0,0.0,,103:00,0.0,0.0,0.0,6.0,1.0,0.0,0.0,0.0,0.667,0.87,2.0,1.0,103:56,1.0,2.0,0.5,0.667,0.0,1.0,,,,,,-1.257149854438801,4269,78
2026-27,msoc,North Coast Athletic Conference (NCAC),ncac,Ohio Wesleyan,"Andrea, Maddox",Maddox,Andrea,,520,"Andrea, Maddox","ANDREA,MADDOX",Ohio Wesleyan,OWU,1222-3306,6,3,22,0,22,0.0,0.0,2.0,9.0,0.0,0.0,0.0,0.0,0.0,1.5,0.33,0.0,0.0,0.0,2.0,0.0,0.0,0.0,0.0,0.0,0.0,0.0,1.0,0.0,0.0,0.0,0.17,0.0,0.0,0.0,0.0,,241:00,0.0,0.0,0.0,,,,,,,,,,,,,,,,,,,,,,-1.3030448531888594,4302,78
2026-27,msoc,North Coast Athletic Conference (NCAC),ncac,Ohio Wesleyan,"Boyd, Matt",Matt,Boyd,,520,"Boyd, Matt","BOYD,MATT",Ohio Wesleyan,OWU,1222-3308,2,2,2,0,2,0.0,0.0,2.0,4.0,0.0,0.0,0.0,0.0,0.0,2.0,1.0,0.0,0.0,0.0,2.0,0.0,0.0,0.0,0.0,0.0,0.0,0.0,1.0,0.0,0.0,0.0,0.5,0.0,0.0,0.0,0.0,,73:00,0.0,0.0,0.0,,,,,,,,,,,,,,,,,,,,,,-1.3030448531888594,4337,78
2026-27,msoc,North Coast Athletic Conference (NCAC),ncac,Ohio Wesleyan,"Browning, Carson",Carson,Browning,,520,"Browning, Carson","BROWNING,CARSON",Ohio Wesleyan,OWU,1222-3309,7,7,5,0,5,0.0,0.0,2.0,3.0,0.0,0.0,0.0,0.0,0.0,0.43,0.29,0.0,0.0,0.0,2.0,0.0,0.0,0.0,0.0,0.0,0.0,0.0,7.0,0.0,0.0,0.0,1.0,0.0,0.0,0.0,0.0,,574:00,0.0,0.0,0.0,,,,,,,,,,,,,,,,,,,,,,-1.3030448531888594,4344,78
2026-27,msoc,North Coast Athletic Conference (NCAC),ncac,Wabash,"Escobedo, Danny",Danny,Escobedo,,747,"Escobedo, Danny","ESCOBEDO,DANNY",Wabash,WAB,1224-3923,6,5,17,0,17,0.0,0.0,2.0,3.0,0.0,0.0,0.0,0.0,0.0,0.5,0.33,0.0,0.0,0.0,2.0,0.0,0.0,0.0,0.0,0.0,0.0,0.0,6.0,0.0,1.0,0.0,1.0,0.17,0.0,0.0,0.0,,299:00,0.0,0.0,0.0,,,,,,,,,,,,,,,,,,,,,,-1.3030448531888594,4400,78
2026-27,msoc,North Coast Athletic Conference (NCAC),ncac,Denison,"Fullerton, Will",Will,Fullerton,,182,"Fullerton, Will","FULLERTON,WILL",Denison,Deniso,1214-3535,8,0,3,0,3,0.0,0.0,2.0,6.0,0.0,0.0,0.0,0.0,0.0,0.75,0.25,0.0,0.0,0.0,2.0,0.0,0.0,0.0,0.0,0.0,0.0,0.0,6.0,0.0,1.0,0.0,0.75,0.13,0.0,0.0,0.0,,239:00,0.0,0.0,0.0,,,,,,,,,,,,,,,,,,,,,,-1.3030448531888594,4418,77
2026-27,msoc,North Coast Athletic Conference (NCAC),ncac,Wittenberg,"Hunde, Nahom",Nahom,Hunde,,806,"Hunde, Nahom","HUNDE,NAHOM",Wittenberg,WIT,0,6,0,6,0,6,0.0,0.0,2.0,2.0,0.0,0.0,0.0,0.0,0.0,0.33,0.33,0.0,0.0,0.0,2.0,0.0,0.0,0.0,0.0,0.0,0.0,0.0,2.0,0.0,0.0,0.0,0.33,0.0,0.0,0.0,0.0,,141:00,0.0,0.0,0.0,,,,,,,,,,,,,,,,,,,,,,-1.3030448531888594,4452,77
2026-27,msoc,North Coast Athletic Conference (NCAC),ncac,DePauw,"Jackson, Ian",Ian,Jackson,,177,"Jackson, Ian","JACKSON,IAN",DePauw,DEPAUW,1274-6724,8,2,16,0,16,0.0,0.0,2.0,3.0,0.0,0.0,0.0,0.0,0.0,0.38,0.25,0.0,0.0,0.0,2.0,0.0,0.0,0.0,0.0,0.0,0.0,0.0,4.0,0.0,1.0,0.0,0.5,0.13,0.0,0.0,0.0,,259:00,0.0,0.0,0.0,,,,,,,,,,,,,,,,,,,,,,-1.3030448531888594,4460,77
2026-27,msoc,North Coast Athletic Conference (NCAC),ncac,Ohio Wesleyan,"Robledo, Sam",Sam,Robledo,,520,"Robledo, Sam","ROBLEDO,SAM",Ohio Wesleyan,OWU,1222-3317,7,1,20,0,20,0.0,0.0,2.0,4.0,0.0,0.0,0.0,0.0,0.0,0.57,0.29,0.0,0.0,0.0,2.0,0.0,0.0,0.0,0.0,0.0,0.0,0.0,0.0,0.0,1.0,0.0,0.0,0.14,0.0,0.0,0.0,,205:00,0.0,0.0,0.0,,,,,,,,,,,,,,,,,,,,,,-1.3030448531888594,4593,77
2026-27,msoc,North Coast Athletic Conference (NCAC),ncac,Wabash,"Aurrichio, Will",Will,Aurrichio,,747,"Aurrichio, Will","AURRICHIO,WILL",Wabash,WAB,1224-3539,4,0,12,0,12,0.0,0.0,1.0,1.0,0.0,0.0,0.0,1.0,0.0,0.25,0.25,0.0,0.0,0.0,1.0,0.0,0.0,0.0,0.0,0.0,0.0,0.0,0.0,0.0,0.0,0.0,0.0,0.0,0.0,0.0,0.0,,130:00,0.0,0.0,0.0,,,,,,,,,,,,,,,,,,,,,,-1.496705418522588,4789,76
2026-27,msoc,North Coast Athletic Conference (NCAC),ncac,Wittenberg,"Bell, Ben",Ben,Bell,,806,"Bell, Ben","BELL,BEN",Wittenberg,WIT,0,4,3,4,0,4,0.0,0.0,1.0,3.0,0.0,0.0,0.0,0.0,0.0,0.75,0.25,0.0,0.0,0.0,1.0,0.0,0.0,0.0,0.0,0.0,0.0,0.0,3.0,0.0,0.0,0.0,0.75,0.0,0.0,0.0,0.0,,248:00,0.0,0.0,0.0,,,,,,,,,,,,,,,,,,,,,,-1.496705418522588,4818,76
2026-27,msoc,North Coast Athletic Conference (NCAC),ncac,Ohio Wesleyan,"Board, Mylo",Mylo,Board,,520,"Board, Mylo","BOARD,MYLO",Ohio Wesleyan,OWU,1222-3512,1,0,33,0,33,0.0,0.0,1.0,2.0,0.0,0.0,0.0,0.0,0.0,2.0,1.0,0.0,0.0,0.0,1.0,0.0,0.0,0.0,0.0,0.0,0.0,0.0,0.0,0.0,0.0,0.0,0.0,0.0,0.0,0.0,0.0,,11:00,0.0,0.0,0.0,,,,,,,,,,,,,,,,,,,,,,-1.496705418522588,4840,76
2026-27,msoc,North Coast Athletic Conference (NCAC),ncac,Kenyon,"Bondartsov, Peter",Peter,Bondartsov,,335,"Bondartsov, Peter","BONDARTSOV,PETER",Kenyon,KEN,1219-3200,7,0,16,0,16,0.0,0.0,1.0,7.0,0.0,0.0,0.0,0.0,0.0,1.0,0.14,0.0,0.0,0.0,1.0,0.0,0.0,0.0,0.0,0.0,0.0,0.0,3.0,0.0,2.0,0.0,0.43,0.29,0.0,0.0,0.0,,257:00,0.0,0.0,0.0,,,,,,,,,,,,,,,,,,,,,,-1.496705418522588,4845,76
2026-27,msoc,North Coast Athletic Conference (NCAC),ncac,Denison,"Bozzolo, Julian",Julian,Bozzolo,,182,"Bozzolo, Julian","BOZZOLO,JULIAN",Denison,Deniso,1214-3679,7,4,16,0,16,0.0,0.0,1.0,4.0,0.0,0.0,0.0,0.0,0.0,0.57,0.14,0.0,0.0,0.0,1.0,0.0,0.0,0.0,0.0,0.0,0.0,0.0,0.0,0.0,0.0,0.0,0.0,0.0,0.0,0.0,0.0,,234:00,0.0,0.0,0.0,,,,,,,,,,,,,,,,,,,,,,-1.496705418522588,4852,76
2026-27,msoc,North Coast Athletic Conference (NCAC),ncac,Wooster,"Chartrand, Nate",Nate,Chartrand,,807,"Chartrand, Nate","CHARTRAND,NATE",Wooster,WOO,1226-1517,8,8,4,0,4,0.0,0.0,1.0,2.0,0.0,0.0,0.0,0.0,0.0,0.25,0.13,0.0,0.0,0.0,1.0,0.0,0.0,0.0,0.0,0.0,0.0,0.0,3.0,0.0,1.0,0.0,0.38,0.13,0.0,0.0,0.0,,646:00,0.0,0.0,0.0,,,,,,,,,,,,,,,,,,,,,,-1.496705418522588,4914,76
2026-27,msoc,North Coast Athletic Conference (NCAC),ncac,Wittenberg,"Colhoun, Adrian",Adrian,Colhoun,,806,"Colhoun, Adrian","COLHOUN,ADRIAN",Wittenberg,WIT,0,7,2,29,0,29,0.0,0.0,1.0,3.0,0.0,0.0,0.0,0.0,0.0,0.43,0.14,0.0,0.0,0.0,1.0,0.0,0.0,0.0,0.0,0.0,0.0,0.0,4.0,0.0,0.0,0.0,0.57,0.0,0.0,0.0,0.0,,238:00,0.0,0.0,0.0,,,,,,,,,,,,,,,,,,,,,,-1.496705418522588,4935,75
2026-27,msoc,North Coast Athletic Conference (NCAC),ncac,Ohio Wesleyan,"Costa, Aedan",Aedan,Costa,,520,"Costa, Aedan","COSTA,AEDAN",Ohio Wesleyan,OWU,1222-3313,6,0,24,0,24,0.0,0.0,1.0,4.0,0.0,0.0,0.0,0.0,0.0,0.67,0.17,0.0,0.0,0.0,1.0,0.0,0.0,0.0,0.0,0.0,0.0,0.0,3.0,0.0,0.0,0.0,0.5,0.0,0.0,0.0,0.0,,211:00,0.0,0.0,0.0,,,,,,,,,,,,,,,,,,,,,,-1.496705418522588,4949,75
2026-27,msoc,North Coast Athletic Conference (NCAC),ncac,Denison,"Crosser, Miles",Miles,Crosser,,182,"Crosser, Miles","CROSSER,MILES",Denison,Deniso,1214-3232,8,8,14,0,14,0.0,0.0,1.0,4.0,0.0,0.0,0.0,0.0,0.0,0.5,0.13,0.0,0.0,0.0,1.0,0.0,0.0,0.0,0.0,0.0,0.0,0.0,12.0,0.0,1.0,0.0,1.5,0.13,0.0,0.0,0.0,,553:00,0.0,0.0,0.0,,,,,,,,,,,,,,,,,,,,,,-1.496705418522588,4955,75
2026-27,msoc,North Coast Athletic Conference (NCAC),ncac,Wittenberg,"De La Cruz, Jobe",Jobe,De La Cruz,,806,"De La Cruz, Jobe","DE LA CRUZ,JOBE",Wittenberg,WIT,0,8,0,7,0,7,0.0,0.0,1.0,4.0,0.0,0.0,0.0,0.0,0.0,0.5,0.13,0.0,0.0,0.0,1.0,0.0,0.0,0.0,0.0,0.0,0.0,0.0,3.0,0.0,2.0,0.0,0.38,0.25,0.0,0.0,0.0,,209:00,0.0,0.0,0.0,,,,,,,,,,,,,,,,,,,,,,-1.496705418522588,4969,75
2026-27,msoc,North Coast Athletic Conference (NCAC),ncac,Kenyon,"Elissaint, Mathis",Mathis,Elissaint,,335,"Elissaint, Mathis","ELISSAINT,MATHIS",Kenyon,KEN,1219-3203,8,2,24,0,24,0.0,0.0,1.0,2.0,0.0,0.0,0.0,0.0,0.0,0.25,0.13,0.0,0.0,0.0,1.0,0.0,0.0,0.0,0.0,0.0,0.0,0.0,4.0,0.0,1.0,0.0,0.5,0.13,0.0,0.0,0.0,,322:00,0.0,0.0,0.0,,,,,,,,,,,,,,,,,,,,,,-1.496705418522588,5022,75
2026-27,msoc,North Coast Athletic Conference (NCAC),ncac,Wittenberg,"Gribbins, Konnor",Konnor,Gribbins,,806,"Gribbins, Konnor","GRIBBINS,KONNOR",Wittenberg,WIT,0,8,8,21,0,21,0.0,0.0,1.0,4.0,0.0,0.0,0.0,0.0,0.0,0.5,0.13,0.0,0.0,0.0,1.0,0.0,0.0,0.0,0.0,0.0,0.0,0.0,8.0,0.0,0.0,0.0,1.0,0.0,0.0,0.0,0.0,,651:00,0.0,0.0,0.0,,,,,,,,,,,,,,,,,,,,,,-1.496705418522588,5115,75
2026-27,msoc,North Coast Athletic Conference (NCAC),ncac,DePauw,"Habecker, Alek",Alek,Habecker,,177,"Habecker, Alek","HABECKER,ALEK",DePauw,DEPAUW,1274-6483,8,4,38,0,38,0.0,0.0,1.0,2.0,0.0,0.0,0.0,0.0,0.0,0.25,0.13,0.0,0.0,0.0,1.0,0.0,0.0,0.0,0.0,0.0,0.0,0.0,7.0,0.0,1.0,0.0,0.88,0.13,0.0,0.0,0.0,,480:00,0.0,0.0,0.0,,,,,,,,,,,,,,,,,,,,,,-1.496705418522588,5127,75
2026-27,msoc,North Coast Athletic Conference (NCAC),ncac,Ohio Wesleyan,"Henry, Nate",Nate,Henry,,520,"Henry, Nate","HENRY,NATE",Ohio Wesleyan,OWU,1222-3500,6,5,25,0,25,0.0,0.0,1.0,3.0,0.0,0.0,0.0,0.0,0.0,0.5,0.17,0.0,0.0,0.0,1.0,0.0,0.0,0.0,0.0,0.0,0.0,0.0,4.0,0.0,1.0,0.0,0.67,0.17,0.0,0.0,0.0,,284:00,0.0,0.0,0.0,,,,,,,,,,,,,,,,,,,,,,-1.496705418522588,5141,75
2026-27,msoc,North Coast Athletic Conference (NCAC),ncac,Oberlin,"Herrera, Ian",Ian,Herrera,,515,"Herrera, Ian","HERRERA,IAN",Oberlin,OBE,1221-3965,4,4,3,0,3,0.0,0.0,1.0,2.0,0.0,0.0,0.0,0.0,0.0,0.5,0.25,0.0,0.0,0.0,1.0,0.0,0.0,0.0,0.0,0.0,0.0,0.0,2.0,0.0,0.0,0.0,0.5,0.0,0.0,0.0,0.0,,266:00,0.0,0.0,0.0,,,,,,,,,,,,,,,,,,,,,,-1.496705418522588,5145,75
2026-27,msoc,North Coast Athletic Conference (NCAC),ncac,Wooster,"Huguet, Marcel",Marcel,Huguet,,807,"Huguet, Marcel","HUGUET,MARCEL",Wooster,WOO,1226-3485,8,0,25,0,25,0.0,0.0,1.0,4.0,0.0,0.0,0.0,0.0,0.0,0.5,0.13,0.0,0.0,0.0,1.0,0.0,0.0,0.0,0.0,0.0,0.0,0.0,1.0,0.0,0.0,0.0,0.13,0.0,0.0,0.0,0.0,,192:00,0.0,0.0,0.0,,,,,,,,,,,,,,,,,,,,,,-1.496705418522588,5159,75
2026-27,msoc,North Coast Athletic Conference (NCAC),ncac,Wooster,"Kalitka, Peter",Peter,Kalitka,,807,"Kalitka, Peter","KALITKA,PETER",Wooster,WOO,1226-1521,9,9,8,0,8,0.0,0.0,1.0,6.0,0.0,0.0,0.0,0.0,0.0,0.67,0.11,0.0,0.0,0.0,1.0,0.0,0.0,0.0,0.0,0.0,0.0,0.0,14.0,0.0,1.0,0.0,1.56,0.11,0.0,0.0,0.0,,718:00,0.0,0.0,0.0,,,,,,,,,,,,,,,,,,,,,,-1.496705418522588,5220,74
2026-27,msoc,North Coast Athletic Conference (NCAC),ncac,Denison,"Krikorian, Jake",Jake,Krikorian,,182,"Krikorian, Jake","KRIKORIAN,JAKE",Denison,Deniso,1214-3685,6,0,8,0,8,0.0,0.0,1.0,3.0,0.0,0.0,0.0,0.0,0.0,0.5,0.17,0.0,0.0,0.0,1.0,0.0,0.0,0.0,0.0,0.0,0.0,0.0,0.0,0.0,0.0,0.0,0.0,0.0,0.0,0.0,0.0,,138:00,0.0,0.0,0.0,,,,,,,,,,,,,,,,,,,,,,-1.496705418522588,5248,74
2026-27,msoc,North Coast Athletic Conference (NCAC),ncac,Ohio Wesleyan,"Laux, Jake",Jake,Laux,,520,"Laux, Jake","LAUX,JAKE",Ohio Wesleyan,OWU,1222-3315,2,0,18,0,18,0.0,0.0,1.0,1.0,0.0,0.0,0.0,0.0,0.0,0.5,0.5,0.0,0.0,0.0,1.0,0.0,0.0,0.0,0.0,0.0,0.0,0.0,0.0,0.0,0.0,0.0,0.0,0.0,0.0,0.0,0.0,,22:00,0.0,0.0,0.0,,,,,,,,,,,,,,,,,,,,,,-1.496705418522588,5262,74
2026-27,msoc,North Coast Athletic Conference (NCAC),ncac,John Carroll,"Matic, Filip",Filip,Matic,,320,"Matic, Filip","MATIC,FILIP",John Carroll,JCU,1277-7314,3,0,25,0,25,0.0,0.0,1.0,1.0,0.0,0.0,0.0,0.0,0.0,0.33,0.33,0.0,0.0,0.0,1.0,0.0,0.0,0.0,0.0,0.0,0.0,0.0,1.0,0.0,0.0,0.0,0.33,0.0,0.0,0.0,0.0,,45:00,0.0,0.0,0.0,,,,,,,,,,,,,,,,,,,,,,-1.496705418522588,5335,74
2026-27,msoc,North Coast Athletic Conference (NCAC),ncac,Wittenberg,"Meltzer, Casey",Casey,Meltzer,,806,"Meltzer, Casey","MELTZER,CASEY",Wittenberg,WIT,0,7,3,16,0,16,0.0,0.0,1.0,4.0,0.0,0.0,0.0,0.0,0.0,0.57,0.14,0.0,0.0,0.0,1.0,0.0,0.0,0.0,0.0,0.0,0.0,0.0,2.0,0.0,0.0,0.0,0.29,0.0,0.0,0.0,0.0,,345:00,0.0,0.0,0.0,,,,,,,,,,,,,,,,,,,,,,-1.496705418522588,5358,74
2026-27,msoc,North Coast Athletic Conference (NCAC),ncac,Wooster,"Mitman, Jalen",Jalen,Mitman,,807,"Mitman, Jalen","MITMAN,JALEN",Wooster,WOO,1226-3228,3,0,27,0,27,0.0,0.0,1.0,2.0,0.0,0.0,0.0,0.0,0.0,0.67,0.33,0.0,0.0,0.0,1.0,0.0,0.0,0.0,0.0,0.0,0.0,0.0,3.0,1.0,1.0,0.0,1.0,0.33,0.33,0.0,0.0,,20:00,0.0,0.0,0.0,,,,,,,,,,,,,,,,,,,,,,-1.496705418522588,5379,74
2026-27,msoc,North Coast Athletic Conference (NCAC),ncac,Ohio Wesleyan,"Morgan, Connor",Connor,Morgan,,520,"Morgan, Connor","MORGAN,CONNOR",Ohio Wesleyan,OWU,1222-2942,1,0,3,0,3,0.0,0.0,1.0,2.0,0.0,0.0,0.0,0.0,0.0,2.0,1.0,0.0,0.0,0.0,1.0,0.0,0.0,0.0,0.0,0.0,0.0,0.0,0.0,0.0,0.0,0.0,0.0,0.0,0.0,0.0,0.0,,20:00,0.0,0.0,0.0,,,,,,,,,,,,,,,,,,,,,,-1.496705418522588,5391,74
2026-27,msoc,North Coast Athletic Conference (NCAC),ncac,Oberlin,"Pelizzari-Astle, Leo",Leo,Pelizzari-Astle,,515,"Pelizzari-Astle, Leo","PELIZZARI-ASTLE,LEO",Oberlin,OBE,1221-3856,8,8,4,0,4,0.0,0.0,1.0,2.0,0.0,0.0,0.0,0.0,0.0,0.25,0.13,0.0,0.0,0.0,1.0,0.0,0.0,0.0,0.0,0.0,0.0,0.0,3.0,1.0,3.0,0.0,0.38,0.38,0.13,0.0,0.0,,581:00,0.0,0.0,0.0,,,,,,,,,,,,,,,,,,,,,,-1.496705418522588,5467,73
2026-27,msoc,North Coast Athletic Conference (NCAC),ncac,Wooster,"Peratopoulos, Evan",Evan,Peratopoulos,,807,"Peratopoulos, Evan","PERATOPOULOS,EVAN",Wooster,WOO,1226-3089,9,7,17,0,17,0.0,0.0,1.0,3.0,0.0,0.0,0.0,0.0,0.0,0.33,0.11,0.0,0.0,0.0,1.0,0.0,0.0,0.0,0.0,0.0,0.0,0.0,10.0,0.0,1.0,0.0,1.11,0.11,0.0,0.0,0.0,,572:00,0.0,0.0,0.0,,,,,,,,,,,,,,,,,,,,,,-1.496705418522588,5470,73
2026-27,msoc,North Coast Athletic Conference (NCAC),ncac,Wooster,"Robbins, George",George,Robbins,,807,"Robbins, George","ROBBINS,GEORGE",Wooster,WOO,1226-3091,1,0,16,0,16,0.0,0.0,1.0,3.0,0.0,0.0,0.0,0.0,0.0,3.0,1.0,0.0,0.0,0.0,1.0,0.0,0.0,0.0,0.0,0.0,0.0,0.0,1.0,0.0,0.0,0.0,1.0,0.0,0.0,0.0,0.0,,12:00,0.0,0.0,0.0,,,,,,,,,,,,,,,,,,,,,,-1.496705418522588,5525,73
2026-27,msoc,North Coast Athletic Conference (NCAC),ncac,John Carroll,"Slagle, Nic",Nic,Slagle,,320,"Slagle, Nic","SLAGLE,NIC",John Carroll,JCU,1277-7976,7,5,20,0,20,0.0,0.0,1.0,2.0,0.0,0.0,0.0,0.0,0.0,0.29,0.14,0.0,0.0,0.0,1.0,0.0,0.0,0.0,0.0,0.0,0.0,0.0,4.0,0.0,1.0,0.0,0.57,0.14,0.0,0.0,0.0,,279:00,0.0,0.0,0.0,,,,,,,,,,,,,,,,,,,,,,-1.496705418522588,5615,73
2026-27,msoc,North Coast Athletic Conference (NCAC),ncac,Ohio Wesleyan,"Snyder, Drew",Drew,Snyder,,520,"Snyder, Drew","SNYDER,DREW",Ohio Wesleyan,OWU,1222-3497,1,0,29,0,29,0.0,0.0,1.0,1.0,0.0,0.0,0.0,0.0,0.0,1.0,1.0,0.0,0.0,0.0,1.0,0.0,0.0,0.0,0.0,0.0,0.0,0.0,0.0,0.0,0.0,0.0,0.0,0.0,0.0,0.0,0.0,,33:00,0.0,0.0,0.0,,,,,,,,,,,,,,,,,,,,,,-1.496705418522588,5626,73
2026-27,msoc,North Coast Athletic Conference (NCAC),ncac,Oberlin,"Stephan, Luca",Luca,Stephan,,515,"Stephan, Luca","STEPHAN,LUCA",Oberlin,OBE,1221-4350,4,1,33,0,33,0.0,0.0,1.0,1.0,0.0,0.0,0.0,0.0,0.0,0.25,0.25,0.0,0.0,0.0,1.0,0.0,0.0,0.0,0.0,0.0,0.0,0.0,0.0,0.0,0.0,0.0,0.0,0.0,0.0,0.0,0.0,,126:00,0.0,0.0,0.0,,,,,,,,,,,,,,,,,,,,,,-1.496705418522588,5640,73
2026-27,msoc,North Coast Athletic Conference (NCAC),ncac,Wooster,"Uszacki, Taylor",Taylor,Uszacki,,807,"Uszacki, Taylor","USZACKI,TAYLOR",Wooster,WOO,1226-1526,6,1,3,0,3,0.0,0.0,1.0,2.0,0.0,0.0,0.0,0.0,0.0,0.33,0.17,0.0,0.0,0.0,1.0,0.0,0.0,0.0,0.0,0.0,0.0,0.0,3.0,0.0,0.0,0.0,0.5,0.0,0.0,0.0,0.0,,160:00,0.0,0.0,0.0,,,,,,,,,,,,,,,,,,,,,,-1.496705418522588,5685,72
2026-27,msoc,North Coast Athletic Conference (NCAC),ncac,Denison,"Weiss, Tyler",Tyler,Weiss,,182,"Weiss, Tyler","WEISS,TYLER",Denison,Deniso,1214-3238,1,0,10,0,10,0.0,0.0,1.0,1.0,0.0,0.0,0.0,0.0,0.0,1.0,1.0,0.0,0.0,0.0,1.0,0.0,0.0,0.0,0.0,0.0,0.0,0.0,0.0,0.0,0.0,0.0,0.0,0.0,0.0,0.0,0.0,,24:00,0.0,0.0,0.0,,,,,,,,,,,,,,,,,,,,,,-1.496705418522588,5725,72
2026-27,msoc,North Coast Athletic Conference (NCAC),ncac,Kenyon,"Yang, Yeochan",Yeochan,Yang,,335,"Yang, Yeochan","YANG,YEOCHAN",Kenyon,KEN,1219-3207,8,5,29,0,29,0.0,0.0,1.0,3.0,0.0,0.0,0.0,0.0,0.0,0.38,0.13,0.0,0.0,0.0,1.0,0.0,0.0,0.0,0.0,0.0,0.0,0.0,3.0,0.0,0.0,0.0,0.38,0.0,0.0,0.0,0.0,,458:00,0.0,0.0,0.0,,,,,,,,,,,,,,,,,,,,,,-1.496705418522588,5749,72
2026-27,msoc,North Coast Athletic Conference (NCAC),ncac,Ohio Wesleyan,"Davison, Andrew",Andrew,Davison,,520,"Davison, Andrew","DAVISON,ANDREW",Ohio Wesleyan,OWU,1222-3505,6,3,1,0,1,0.0,0.0,0.0,0.0,0.0,0.0,0.0,0.0,0.0,0.0,0.0,0.0,0.0,0.0,0.0,0.0,0.0,0.0,0.0,0.0,0.0,0.0,0.0,0.0,0.0,0.0,0.0,0.0,0.0,0.0,0.0,,251:00,0.0,0.0,0.0,31.0,1.0,1.0,1.0,0.0,0.667,1.43,8.0,4.0,251:47,3.0,6.0,0.67,0.667,0.0,1.33,,,,,,-1.515563264490174,5778,72
2026-27,msoc,North Coast Athletic Conference (NCAC),ncac,Oberlin,"Verling, Lukas",Lukas,Verling,,515,"Verling, Lukas","VERLING,LUKAS",Oberlin,OBE,1221-3964,4,4,0,0,0,0.0,0.0,0.0,0.0,0.0,0.0,0.0,0.0,0.0,0.0,0.0,0.0,0.0,0.0,0.0,0.0,0.0,0.0,0.0,0.0,0.0,0.0,0.0,1.0,1.0,0.0,0.0,0.25,0.25,0.0,0.0,,353:00,0.0,0.0,0.0,87.0,0.0,4.0,0.0,0.0,0.787,2.56,37.0,10.0,352:23,4.0,4.0,2.5,0.787,0.0,9.25,,,,,,-1.6430380005559797,5814,72
2026-27,msoc,North Coast Athletic Conference (NCAC),ncac,Wittenberg,"Abdo, Ansar",Ansar,Abdo,,806,"Abdo, Ansar","ABDO,ANSAR",Wittenberg,WIT,0,0,0,2,0,2,0.0,0.0,0.0,0.0,0.0,0.0,0.0,0.0,0.0,0.0,0.0,0.0,0.0,0.0,0.0,0.0,0.0,0.0,0.0,0.0,0.0,0.0,0.0,0.0,0.0,0.0,0.0,0.0,0.0,0.0,0.0,,00:00,0.0,0.0,0.0,,,,,,,,,,,,,,,,,,,,,,-1.6903659838563163,5832,72
2026-27,msoc,North Coast Athletic Conference (NCAC),ncac,John Carroll,"Adams, Carter",Carter,Adams,,320,"Adams, Carter","ADAMS,CARTER",John Carroll,JCU,1277-7301,0,0,80,0,80,0.0,0.0,0.0,0.0,0.0,0.0,0.0,0.0,0.0,0.0,0.0,0.0,0.0,0.0,0.0,0.0,0.0,0.0,0.0,0.0,0.0,0.0,0.0,0.0,0.0,0.0,0.0,0.0,0.0,0.0,0.0,,00:00,0.0,0.0,0.0,,,,,,,,,,,,,,,,,,,,,,-1.6903659838563163,5850,72
2026-27,msoc,North Coast Athletic Conference (NCAC),ncac,Wittenberg,"Allen, Renard",Renard,Allen,,806,"Allen, Renard","ALLEN,RENARD",Wittenberg,WIT,0,0,0,2,0,2,0.0,0.0,0.0,0.0,0.0,0.0,0.0,0.0,0.0,0.0,0.0,0.0,0.0,0.0,0.0,0.0,0.0,0.0,0.0,0.0,0.0,0.0,0.0,0.0,0.0,0.0,0.0,0.0,0.0,0.0,0.0,,00:00,0.0,0.0,0.0,,,,,,,,,,,,,,,,,,,,,,-1.6903659838563163,5928,71
2026-27,msoc,North Coast Athletic Conference (NCAC),ncac,Kenyon,"Altman, Alex",Alex,Altman,,335,"Altman, Alex","ALTMAN,ALEX",Kenyon,KEN,1219-3204,4,0,25,0,25,0.0,0.0,0.0,1.0,0.0,0.0,0.0,0.0,0.0,0.25,0.0,0.0,0.0,0.0,0.0,0.0,0.0,0.0,0.0,0.0,0.0,0.0,0.0,0.0,0.0,0.0,0.0,0.0,0.0,0.0,0.0,,45:00,0.0,0.0,0.0,,,,,,,,,,,,,,,,,,,,,,-1.6903659838563163,5937,71
2026-27,msoc,North Coast Athletic Conference (NCAC),ncac,Wooster,"Aristodemou, Ioannis",Ioannis,Aristodemou,,807,"Aristodemou, Ioannis","ARISTODEMOU,IOANNIS",Wooster,WOO,1226-1515,7,4,2,0,2,0.0,0.0,0.0,3.0,0.0,0.0,0.0,0.0,0.0,0.43,0.0,0.0,0.0,0.0,0.0,0.0,0.0,0.0,0.0,0.0,0.0,0.0,3.0,0.0,0.0,0.0,0.43,0.0,0.0,0.0,0.0,,380:00,0.0,0.0,0.0,,,,,,,,,,,,,,,,,,,,,,-1.6903659838563163,6019,71
2026-27,msoc,North Coast Athletic Conference (NCAC),ncac,Wittenberg,"Avouris, Alexios",Alexios,Avouris,,806,"Avouris, Alexios","AVOURIS,ALEXIOS",Wittenberg,WIT,0,0,0,55,0,55,0.0,0.0,0.0,0.0,0.0,0.0,0.0,0.0,0.0,0.0,0.0,0.0,0.0,0.0,0.0,0.0,0.0,0.0,0.0,0.0,0.0,0.0,0.0,0.0,0.0,0.0,0.0,0.0,0.0,0.0,0.0,,00:00,0.0,0.0,0.0,,,,,,,,,,,,,,,,,,,,,,-1.6903659838563163,6065,71
2026-27,msoc,North Coast Athletic Conference (NCAC),ncac,Denison,"Baker, Owen",Owen,Baker,,182,"Baker, Owen","BAKER,OWEN",Denison,Deniso,1214-3950,8,5,19,0,19,0.0,0.0,0.0,0.0,0.0,0.0,0.0,0.0,0.0,0.0,0.0,0.0,0.0,0.0,0.0,0.0,0.0,0.0,0.0,0.0,0.0,0.0,6.0,0.0,0.0,0.0,0.75,0.0,0.0,0.0,0.0,,563:00,0.0,0.0,0.0,,,,,,,,,,,,,,,,,,,,,,-1.6903659838563163,6096,71
2026-27,msoc,North Coast Athletic Conference (NCAC),ncac,Wabash,"Bateman, Gavin",Gavin,Bateman,,747,"Bateman, Gavin","BATEMAN,GAVIN",Wabash,WAB,1224-3921,4,0,30,0,30,0.0,0.0,0.0,0.0,0.0,0.0,0.0,0.0,0.0,0.0,0.0,0.0,0.0,0.0,0.0,0.0,0.0,0.0,0.0,0.0,0.0,0.0,0.0,0.0,0.0,0.0,0.0,0.0,0.0,0.0,0.0,,65:00,0.0,0.0,0.0,,,,,,,,,,,,,,,,,,,,,,-1.6903659838563163,6141,71
2026-27,msoc,North Coast Athletic Conference (NCAC),ncac,Wittenberg,"Baudoin, Teun",Teun,Baudoin,,806,"Baudoin, Teun","BAUDOIN,TEUN",Wittenberg,WIT,0,0,0,3,0,3,0.0,0.0,0.0,0.0,0.0,0.0,0.0,0.0,0.0,0.0,0.0,0.0,0.0,0.0,0.0,0.0,0.0,0.0,0.0,0.0,0.0,0.0,0.0,0.0,0.0,0.0,0.0,0.0,0.0,0.0,0.0,,00:00,0.0,0.0,0.0,,,,,,,,,,,,,,,,,,,,,,-1.6903659838563163,6148,71
2026-27,msoc,North Coast Athletic Conference (NCAC),ncac,DePauw,"Beatty, Joaquin",Joaquin,Beatty,,177,"Beatty, Joaquin","BEATTY,JOAQUIN",DePauw,DEPAUW,1274-6479,0,0,1,0,1,0.0,0.0,0.0,0.0,0.0,0.0,0.0,0.0,0.0,0.0,0.0,0.0,0.0,0.0,0.0,0.0,0.0,0.0,0.0,0.0,0.0,0.0,0.0,0.0,0.0,0.0,0.0,0.0,0.0,0.0,0.0,,00:00,0.0,0.0,0.0,,,,,,,,,,,,,,,,,,,,,,-1.6903659838563163,6163,71
2026-27,msoc,North Coast Athletic Conference (NCAC),ncac,Wittenberg,"Beck, Jacob",Jacob,Beck,,806,"Beck, Jacob","BECK,JACOB",Wittenberg,WIT,0,0,0,36,0,36,0.0,0.0,0.0,0.0,0.0,0.0,0.0,0.0,0.0,0.0,0.0,0.0,0.0,0.0,0.0,0.0,0.0,0.0,0.0,0.0,0.0,0.0,0.0,0.0,0.0,0.0,0.0,0.0,0.0,0.0,0.0,,00:00,0.0,0.0,0.0,,,,,,,,,,,,,,,,,,,,,,-1.6903659838563163,6167,71
2026-27,msoc,North Coast Athletic Conference (NCAC),ncac,Oberlin,"Beeson, Joel",Joel,Beeson,,515,"Beeson, Joel","BEESON,JOEL",Oberlin,OBE,1221-3973,5,1,30,0,30,0.0,0.0,0.0,2.0,0.0,0.0,0.0,0.0,0.0,0.4,0.0,0.0,0.0,0.0,0.0,0.0,0.0,0.0,0.0,0.0,0.0,0.0,0.0,0.0,1.0,0.0,0.0,0.2,0.0,0.0,0.0,,114:00,0.0,0.0,0.0,,,,,,,,,,,,,,,,,,,,,,-1.6903659838563163,6176,71
2026-27,msoc,North Coast Athletic Conference (NCAC),ncac,Wooster,"Belmore, Brady",Brady,Belmore,,807,"Belmore, Brady","BELMORE,BRADY",Wooster,WOO,1226-3488,2,0,30,0,30,0.0,0.0,0.0,0.0,0.0,0.0,0.0,0.0,0.0,0.0,0.0,0.0,0.0,0.0,0.0,0.0,0.0,0.0,0.0,0.0,0.0,0.0,0.0,0.0,0.0,0.0,0.0,0.0,0.0,0.0,0.0,,23:00,0.0,0.0,0.0,,,,,,,,,,,,,,,,,,,,,,-1.6903659838563163,6190,70
2026-27,msoc,North Coast Athletic Conference (NCAC),ncac,Wittenberg,"Binder, Maximilian",Maximilian,Binder,,806,"Binder, Maximilian","BINDER,MAXIMILIAN",Wittenberg,WIT,0,0,0,21,0,21,0.0,0.0,0.0,0.0,0.0,0.0,0.0,0.0,0.0,0.0,0.0,0.0,0.0,0.0,0.0,0.0,0.0,0.0,0.0,0.0,0.0,0.0,0.0,0.0,0.0,0.0,0.0,0.0,0.0,0.0,0.0,,00:00,0.0,0.0,0.0,,,,,,,,,,,,,,,,,,,,,,-1.6903659838563163,6255,70
2026-27,msoc,North Coast Athletic Conference (NCAC),ncac,Wittenberg,"Birch, Wesley",Wesley,Birch,,806,"Birch, Wesley","BIRCH,WESLEY",Wittenberg,WIT,0,1,0,40,0,40,0.0,0.0,0.0,1.0,0.0,0.0,0.0,0.0,0.0,1.0,0.0,0.0,0.0,0.0,0.0,0.0,0.0,0.0,0.0,0.0,0.0,0.0,1.0,0.0,0.0,0.0,1.0,0.0,0.0,0.0,0.0,,63:00,0.0,0.0,0.0,,,,,,,,,,,,,,,,,,,,,,-1.6903659838563163,6256,70
2026-27,msoc,North Coast Athletic Conference (NCAC),ncac,Kenyon,"Bleecher, Jack",Jack,Bleecher,,335,"Bleecher, Jack","BLEECHER,JACK",Kenyon,KEN,1219-3210,3,0,33,0,33,0.0,0.0,0.0,0.0,0.0,0.0,0.0,0.0,0.0,0.0,0.0,0.0,0.0,0.0,0.0,0.0,0.0,0.0,0.0,0.0,0.0,0.0,0.0,0.0,0.0,0.0,0.0,0.0,0.0,0.0,0.0,,28:00,0.0,0.0,0.0,,,,,,,,,,,,,,,,,,,,,,-1.6903659838563163,6278,70
2026-27,msoc,North Coast Athletic Conference (NCAC),ncac,Wooster,"Bouch, Aaron",Aaron,Bouch,,807,"Bouch, Aaron","BOUCH,AARON",Wooster,WOO,1226-3491,2,0,33,0,33,0.0,0.0,0.0,0.0,0.0,0.0,0.0,0.0,0.0,0.0,0.0,0.0,0.0,0.0,0.0,0.0,0.0,0.0,0.0,0.0,0.0,0.0,1.0,0.0,1.0,0.0,0.5,0.5,0.0,0.0,0.0,,17:00,0.0,0.0,0.0,,,,,,,,,,,,,,,,,,,,,,-1.6903659838563163,6309,70
2026-27,msoc,North Coast Athletic Conference (NCAC),ncac,Wittenberg,"Branch, Tristan",Tristan,Branch,,806,"Branch, Tristan","BRANCH,TRISTAN",Wittenberg,WIT,0,0,0,14,0,14,0.0,0.0,0.0,0.0,0.0,0.0,0.0,0.0,0.0,0.0,0.0,0.0,0.0,0.0,0.0,0.0,0.0,0.0,0.0,0.0,0.0,0.0,0.0,0.0,0.0,0.0,0.0,0.0,0.0,0.0,0.0,,00:00,0.0,0.0,0.0,,,,,,,,,,,,,,,,,,,,,,-1.6903659838563163,6337,70
2026-27,msoc,North Coast Athletic Conference (NCAC),ncac,Wooster,"Brandenburg, Gavin",Gavin,Brandenburg,,807,"Brandenburg, Gavin","BRANDENBURG,GAVIN",Wooster,WOO,1226-1516,3,0,11,0,11,0.0,0.0,0.0,0.0,0.0,0.0,0.0,0.0,0.0,0.0,0.0,0.0,0.0,0.0,0.0,0.0,0.0,0.0,0.0,0.0,0.0,0.0,0.0,0.0,0.0,0.0,0.0,0.0,0.0,0.0,0.0,,28:00,0.0,0.0,0.0,,,,,,,,,,,,,,,,,,,,,,-1.6903659838563163,6338,70
2026-27,msoc,North Coast Athletic Conference (NCAC),ncac,DePauw,"Bubalo, Cole",Cole,Bubalo,,177,"Bubalo, Cole","BUBALO,COLE",DePauw,DEPAUW,1274-6232,8,5,12,0,12,0.0,0.0,0.0,1.0,0.0,0.0,0.0,0.0,0.0,0.13,0.0,0.0,0.0,0.0,0.0,0.0,0.0,0.0,0.0,0.0,0.0,0.0,9.0,0.0,1.0,0.0,1.13,0.13,0.0,0.0,0.0,,355:00,0.0,0.0,0.0,,,,,,,,,,,,,,,,,,,,,,-1.6903659838563163,6406,70
2026-27,msoc,North Coast Athletic Conference (NCAC),ncac,Oberlin,"Buch, Sullivan",Sullivan,Buch,,515,"Buch, Sullivan","BUCH,SULLIVAN",Oberlin,OBE,1221-4135,2,0,9,0,9,0.0,0.0,0.0,1.0,0.0,0.0,0.0,0.0,0.0,0.5,0.0,0.0,0.0,0.0,0.0,0.0,0.0,0.0,0.0,0.0,0.0,0.0,0.0,0.0,0.0,0.0,0.0,0.0,0.0,0.0,0.0,,32:00,0.0,0.0,0.0,,,,,,,,,,,,,,,,,,,,,,-1.6903659838563163,6408,70
2026-27,msoc,North Coast Athletic Conference (NCAC),ncac,Ohio Wesleyan,"Bucher, Alex",Alex,Bucher,,520,"Bucher, Alex","BUCHER,ALEX",Ohio Wesleyan,OWU,1222-3102,0,0,4,0,4,0.0,0.0,0.0,0.0,0.0,0.0,0.0,0.0,0.0,0.0,0.0,0.0,0.0,0.0,0.0,0.0,0.0,0.0,0.0,0.0,0.0,0.0,0.0,0.0,0.0,0.0,0.0,0.0,0.0,0.0,0.0,,00:00,0.0,0.0,0.0,,,,,,,,,,,,,,,,,,,,,,-1.6903659838563163,6411,70
2026-27,msoc,North Coast Athletic Conference (NCAC),ncac,Wittenberg,"Buckley, Ben",Ben,Buckley,,806,"Buckley, Ben","BUCKLEY,BEN",Wittenberg,WIT,0,0,0,4,0,4,0.0,0.0,0.0,0.0,0.0,0.0,0.0,0.0,0.0,0.0,0.0,0.0,0.0,0.0,0.0,0.0,0.0,0.0,0.0,0.0,0.0,0.0,0.0,0.0,0.0,0.0,0.0,0.0,0.0,0.0,0.0,,00:00,0.0,0.0,0.0,,,,,,,,,,,,,,,,,,,,,,-1.6903659838563163,6412,70
2026-27,msoc,North Coast Athletic Conference (NCAC),ncac,Wittenberg,Caleb Mann,Caleb,Mann,,806,Caleb Mann,"MANN,CALEB",Wittenberg,WIT,0,1,0,41,0,41,0.0,0.0,0.0,0.0,0.0,0.0,0.0,0.0,0.0,0.0,0.0,0.0,0.0,0.0,0.0,0.0,0.0,0.0,0.0,0.0,0.0,0.0,0.0,0.0,0.0,0.0,0.0,0.0,0.0,0.0,0.0,,00:00,0.0,0.0,0.0,,,,,,,,,,,,,,,,,,,,,,-1.6903659838563163,6483,69
2026-27,msoc,North Coast Athletic Conference (NCAC),ncac,Wittenberg,"Calhoun, Adrian",Adrian,Calhoun,,806,"Calhoun, Adrian","CALHOUN,ADRIAN",Wittenberg,WIT,0,1,1,29,0,29,0.0,0.0,0.0,1.0,0.0,0.0,0.0,0.0,0.0,1.0,0.0,0.0,0.0,0.0,0.0,0.0,0.0,0.0,0.0,0.0,0.0,0.0,0.0,0.0,1.0,0.0,0.0,1.0,0.0,0.0,0.0,,84:00,0.0,0.0,0.0,,,,,,,,,,,,,,,,,,,,,,-1.6903659838563163,6485,69
2026-27,msoc,North Coast Athletic Conference (NCAC),ncac,John Carroll,"Calixto, Diego",Diego,Calixto,,320,"Calixto, Diego","CALIXTO,DIEGO",John Carroll,JCU,1277-7329,0,0,32,0,32,0.0,0.0,0.0,0.0,0.0,0.0,0.0,0.0,0.0,0.0,0.0,0.0,0.0,0.0,0.0,0.0,0.0,0.0,0.0,0.0,0.0,0.0,0.0,0.0,0.0,0.0,0.0,0.0,0.0,0.0,0.0,,00:00,0.0,0.0,0.0,,,,,,,,,,,,,,,,,,,,,,-1.6903659838563163,6486,69
2026-27,msoc,North Coast Athletic Conference (NCAC),ncac,Wittenberg,"Carpenter, Anthony",Anthony,Carpenter,,806,"Carpenter, Anthony","CARPENTER,ANTHONY",Wittenberg,WIT,0,1,0,19,0,19,0.0,0.0,0.0,0.0,0.0,0.0,0.0,0.0,0.0,0.0,0.0,0.0,0.0,0.0,0.0,0.0,0.0,0.0,0.0,0.0,0.0,0.0,0.0,0.0,1.0,0.0,0.0,1.0,0.0,0.0,0.0,,57:00,0.0,0.0,0.0,,,,,,,,,,,,,,,,,,,,,,-1.6903659838563163,6534,69
2026-27,msoc,North Coast Athletic Conference (NCAC),ncac,Wittenberg,"Casseus Jr., Edwin",Edwin,Casseus Jr.,,806,"Casseus Jr., Edwin","CASSEUS JR.,EDWIN",Wittenberg,WIT,0,0,0,20,0,20,0.0,0.0,0.0,0.0,0.0,0.0,0.0,0.0,0.0,0.0,0.0,0.0,0.0,0.0,0.0,0.0,0.0,0.0,0.0,0.0,0.0,0.0,0.0,0.0,0.0,0.0,0.0,0.0,0.0,0.0,0.0,,00:00,0.0,0.0,0.0,,,,,,,,,,,,,,,,,,,,,,-1.6903659838563163,6561,69
2026-27,msoc,North Coast Athletic Conference (NCAC),ncac,John Carroll,"Catlett, AJ",AJ,Catlett,,320,"Catlett, AJ","CATLETT,AJ",John Carroll,JCU,1277-7798,0,0,19,0,19,0.0,0.0,0.0,0.0,0.0,0.0,0.0,0.0,0.0,0.0,0.0,0.0,0.0,0.0,0.0,0.0,0.0,0.0,0.0,0.0,0.0,0.0,0.0,0.0,0.0,0.0,0.0,0.0,0.0,0.0,0.0,,00:00,0.0,0.0,0.0,,,,,,,,,,,,,,,,,,,,,,-1.6903659838563163,6569,69
2026-27,msoc,North Coast Athletic Conference (NCAC),ncac,Wittenberg,"Chirumbolo, Sam",Sam,Chirumbolo,,806,"Chirumbolo, Sam","CHIRUMBOLO,SAM",Wittenberg,WIT,0,0,0,7,0,7,0.0,0.0,0.0,0.0,0.0,0.0,0.0,0.0,0.0,0.0,0.0,0.0,0.0,0.0,0.0,0.0,0.0,0.0,0.0,0.0,0.0,0.0,0.0,0.0,0.0,0.0,0.0,0.0,0.0,0.0,0.0,,00:00,0.0,0.0,0.0,,,,,,,,,,,,,,,,,,,,,,-1.6903659838563163,6628,69
2026-27,msoc,North Coast Athletic Conference (NCAC),ncac,Wittenberg,"Chrisp, Mason",Mason,Chrisp,,806,"Chrisp, Mason","CHRISP,MASON",Wittenberg,WIT,0,0,0,66,0,66,0.0,0.0,0.0,0.0,0.0,0.0,0.0,0.0,0.0,0.0,0.0,0.0,0.0,0.0,0.0,0.0,0.0,0.0,0.0,0.0,0.0,0.0,0.0,0.0,0.0,0.0,0.0,0.0,0.0,0.0,0.0,,00:00,0.0,0.0,0.0,,,,,,,,,,,,,,,,,,,,,,-1.6903659838563163,6637,69
2026-27,msoc,North Coast Athletic Conference (NCAC),ncac,Wittenberg,"Cleveland, Andrew",Andrew,Cleveland,,806,"Cleveland, Andrew","CLEVELAND,ANDREW",Wittenberg,WIT,0,0,0,99,0,99,0.0,0.0,0.0,0.0,0.0,0.0,0.0,0.0,0.0,0.0,0.0,0.0,0.0,0.0,0.0,0.0,0.0,0.0,0.0,0.0,0.0,0.0,0.0,0.0,0.0,0.0,0.0,0.0,0.0,0.0,0.0,,00:00,0.0,0.0,0.0,,,,,,,,,,,,,,,,,,,,,,-1.6903659838563163,6674,69
2026-27,msoc,North Coast Athletic Conference (NCAC),ncac,Wittenberg,"Clumm, Stephen",Stephen,Clumm,,806,"Clumm, Stephen","CLUMM,STEPHEN",Wittenberg,WIT,0,0,0,16,0,16,0.0,0.0,0.0,0.0,0.0,0.0,0.0,0.0,0.0,0.0,0.0,0.0,0.0,0.0,0.0,0.0,0.0,0.0,0.0,0.0,0.0,0.0,0.0,0.0,0.0,0.0,0.0,0.0,0.0,0.0,0.0,,00:00,0.0,0.0,0.0,,,,,,,,,,,,,,,,,,,,,,-1.6903659838563163,6679,69
2026-27,msoc,North Coast Athletic Conference (NCAC),ncac,Wittenberg,"Cochran, Dakota",Dakota,Cochran,,806,"Cochran, Dakota","COCHRAN,DAKOTA",Wittenberg,WIT,0,0,0,5,0,5,0.0,0.0,0.0,0.0,0.0,0.0,0.0,0.0,0.0,0.0,0.0,0.0,0.0,0.0,0.0,0.0,0.0,0.0,0.0,0.0,0.0,0.0,0.0,0.0,0.0,0.0,0.0,0.0,0.0,0.0,0.0,,00:00,0.0,0.0,0.0,,,,,,,,,,,,,,,,,,,,,,-1.6903659838563163,6682,68
2026-27,msoc,North Coast Athletic Conference (NCAC),ncac,Oberlin,"Codjoe, Gregory",Gregory,Codjoe,,515,"Codjoe, Gregory","CODJOE,GREGORY",Oberlin,OBE,1221-4136,7,1,27,0,27,0.0,0.0,0.0,4.0,0.0,0.0,0.0,0.0,0.0,0.57,0.0,0.0,0.0,0.0,0.0,0.0,0.0,0.0,0.0,0.0,0.0,0.0,5.0,0.0,1.0,0.0,0.71,0.14,0.0,0.0,0.0,,218:00,0.0,0.0,0.0,,,,,,,,,,,,,,,,,,,,,,-1.6903659838563163,6684,68
2026-27,msoc,North Coast Athletic Conference (NCAC),ncac,Oberlin,"Cohen, Reuben",Reuben,Cohen,,515,"Cohen, Reuben","COHEN,REUBEN",Oberlin,OBE,1221-4343,0,0,24,0,24,0.0,0.0,0.0,0.0,0.0,0.0,0.0,0.0,0.0,0.0,0.0,0.0,0.0,0.0,0.0,0.0,0.0,0.0,0.0,0.0,0.0,0.0,0.0,0.0,0.0,0.0,0.0,0.0,0.0,0.0,0.0,,00:00,0.0,0.0,0.0,,,,,,,,,,,,,,,,,,,,,,-1.6903659838563163,6689,68
2026-27,msoc,North Coast Athletic Conference (NCAC),ncac,Ohio Wesleyan,"Cooper, Carson",Carson,Cooper,,520,"Cooper, Carson","COOPER,CARSON",Ohio Wesleyan,OWU,1222-3312,3,0,12,0,12,0.0,0.0,0.0,1.0,0.0,0.0,0.0,0.0,0.0,0.33,0.0,0.0,0.0,0.0,0.0,0.0,0.0,0.0,0.0,0.0,0.0,0.0,0.0,0.0,0.0,0.0,0.0,0.0,0.0,0.0,0.0,,75:00,0.0,0.0,0.0,,,,,,,,,,,,,,,,,,,,,,-1.6903659838563163,6758,68
2026-27,msoc,North Coast Athletic Conference (NCAC),ncac,Wittenberg,"Corey, Cameron",Cameron,Corey,,806,"Corey, Cameron","COREY,CAMERON",Wittenberg,WIT,0,4,0,22,0,22,0.0,0.0,0.0,0.0,0.0,0.0,0.0,0.0,0.0,0.0,0.0,0.0,0.0,0.0,0.0,0.0,0.0,0.0,0.0,0.0,0.0,0.0,2.0,0.0,0.0,0.0,0.5,0.0,0.0,0.0,0.0,,56:00,0.0,0.0,0.0,,,,,,,,,,,,,,,,,,,,,,-1.6903659838563163,6769,68
2026-27,msoc,North Coast Athletic Conference (NCAC),ncac,John Carroll,"Craig, Micah",Micah,Craig,,320,"Craig, Micah","CRAIG,MICAH",John Carroll,JCU,1277-7305,2,0,42,0,42,0.0,0.0,0.0,0.0,0.0,0.0,0.0,0.0,0.0,0.0,0.0,0.0,0.0,0.0,0.0,0.0,0.0,0.0,0.0,0.0,0.0,0.0,0.0,0.0,0.0,0.0,0.0,0.0,0.0,0.0,0.0,,28:00,0.0,0.0,0.0,,,,,,,,,,,,,,,,,,,,,,-1.6903659838563163,6800,68
2026-27,msoc,North Coast Athletic Conference (NCAC),ncac,John Carroll,"Crnjak, Sava",Sava,Crnjak,,320,"Crnjak, Sava","CRNJAK,SAVA",John Carroll,JCU,1277-7306,0,0,15,0,15,0.0,0.0,0.0,0.0,0.0,0.0,0.0,0.0,0.0,0.0,0.0,0.0,0.0,0.0,0.0,0.0,0.0,0.0,0.0,0.0,0.0,0.0,0.0,0.0,0.0,0.0,0.0,0.0,0.0,0.0,0.0,,00:00,0.0,0.0,0.0,,,,,,,,,,,,,,,,,,,,,,-1.6903659838563163,6813,68
2026-27,msoc,North Coast Athletic Conference (NCAC),ncac,Wittenberg,"Culligan, Ellis",Ellis,Culligan,,806,"Culligan, Ellis","CULLIGAN,ELLIS",Wittenberg,WIT,0,0,0,6,0,6,0.0,0.0,0.0,0.0,0.0,0.0,0.0,0.0,0.0,0.0,0.0,0.0,0.0,0.0,0.0,0.0,0.0,0.0,0.0,0.0,0.0,0.0,0.0,0.0,0.0,0.0,0.0,0.0,0.0,0.0,0.0,,00:00,0.0,0.0,0.0,,,,,,,,,,,,,,,,,,,,,,-1.6903659838563163,6836,68
2026-27,msoc,North Coast Athletic Conference (NCAC),ncac,Wittenberg,"Cunningham, Chasen",Chasen,Cunningham,,806,"Cunningham, Chasen","CUNNINGHAM,CHASEN",Wittenberg,WIT,0,0,0,3,0,3,0.0,0.0,0.0,0.0,0.0,0.0,0.0,0.0,0.0,0.0,0.0,0.0,0.0,0.0,0.0,0.0,0.0,0.0,0.0,0.0,0.0,0.0,0.0,0.0,0.0,0.0,0.0,0.0,0.0,0.0,0.0,,00:00,0.0,0.0,0.0,,,,,,,,,,,,,,,,,,,,,,-1.6903659838563163,6841,68
2026-27,msoc,North Coast Athletic Conference (NCAC),ncac,Wittenberg,Da gama Matteo,Da gama,Matteo,,806,Da gama Matteo,"GAMA,MATTEO DA",Wittenberg,WIT,0,2,0,8,0,8,0.0,0.0,0.0,0.0,0.0,0.0,0.0,0.0,0.0,0.0,0.0,0.0,0.0,0.0,0.0,0.0,0.0,0.0,0.0,0.0,0.0,0.0,0.0,0.0,0.0,0.0,0.0,0.0,0.0,0.0,0.0,,06:00,0.0,0.0,0.0,,,,,,,,,,,,,,,,,,,,,,-1.6903659838563163,6855,68
2026-27,msoc,North Coast Athletic Conference (NCAC),ncac,Wittenberg,"Davis, Creed",Creed,Davis,,806,"Davis, Creed","DAVIS,CREED",Wittenberg,WIT,0,0,0,7,0,7,0.0,0.0,0.0,0.0,0.0,0.0,0.0,0.0,0.0,0.0,0.0,0.0,0.0,0.0,0.0,0.0,0.0,0.0,0.0,0.0,0.0,0.0,0.0,0.0,0.0,0.0,0.0,0.0,0.0,0.0,0.0,,00:00,0.0,0.0,0.0,,,,,,,,,,,,,,,,,,,,,,-1.6903659838563163,6911,68
2026-27,msoc,North Coast Athletic Conference (NCAC),ncac,John Carroll,"De Graca, Jean",Jean,De Graca,,320,"De Graca, Jean","DE GRACA,JEAN",John Carroll,JCU,1277-7966,9,6,23,0,23,0.0,0.0,0.0,1.0,0.0,0.0,0.0,0.0,0.0,0.11,0.0,0.0,0.0,0.0,0.0,0.0,0.0,0.0,0.0,0.0,0.0,0.0,6.0,0.0,0.0,0.0,0.67,0.0,0.0,0.0,0.0,,400:00,0.0,0.0,0.0,,,,,,,,,,,,,,,,,,,,,,-1.6903659838563163,6926,68
2026-27,msoc,North Coast Athletic Conference (NCAC),ncac,Wittenberg,"Deem, Ben",Ben,Deem,,806,"Deem, Ben","DEEM,BEN",Wittenberg,WIT,0,0,0,9,0,9,0.0,0.0,0.0,0.0,0.0,0.0,0.0,0.0,0.0,0.0,0.0,0.0,0.0,0.0,0.0,0.0,0.0,0.0,0.0,0.0,0.0,0.0,0.0,0.0,0.0,0.0,0.0,0.0,0.0,0.0,0.0,,00:00,0.0,0.0,0.0,,,,,,,,,,,,,,,,,,,,,,-1.6903659838563163,6955,67
2026-27,msoc,North Coast Athletic Conference (NCAC),ncac,John Carroll,"Delmore, Brady",Brady,Delmore,,320,"Delmore, Brady","DELMORE,BRADY",John Carroll,JCU,1277-7968,0,0,27,0,27,0.0,0.0,0.0,0.0,0.0,0.0,0.0,0.0,0.0,0.0,0.0,0.0,0.0,0.0,0.0,0.0,0.0,0.0,0.0,0.0,0.0,0.0,0.0,0.0,0.0,0.0,0.0,0.0,0.0,0.0,0.0,,00:00,0.0,0.0,0.0,,,,,,,,,,,,,,,,,,,,,,-1.6903659838563163,6966,67
2026-27,msoc,North Coast Athletic Conference (NCAC),ncac,Wittenberg,"Diallo, Eli",Eli,Diallo,,806,"Diallo, Eli","DIALLO,ELI",Wittenberg,WIT,0,0,0,13,0,13,0.0,0.0,0.0,0.0,0.0,0.0,0.0,0.0,0.0,0.0,0.0,0.0,0.0,0.0,0.0,0.0,0.0,0.0,0.0,0.0,0.0,0.0,0.0,0.0,0.0,0.0,0.0,0.0,0.0,0.0,0.0,,00:00,0.0,0.0,0.0,,,,,,,,,,,,,,,,,,,,,,-1.6903659838563163,6991,67
2026-27,msoc,North Coast Athletic Conference (NCAC),ncac,John Carroll,"Diaz, Leo",Leo,Diaz,,320,"Diaz, Leo","DIAZ,LEO",John Carroll,JCU,1277-7307,0,0,30,0,30,0.0,0.0,0.0,0.0,0.0,0.0,0.0,0.0,0.0,0.0,0.0,0.0,0.0,0.0,0.0,0.0,0.0,0.0,0.0,0.0,0.0,0.0,0.0,0.0,0.0,0.0,0.0,0.0,0.0,0.0,0.0,,00:00,0.0,0.0,0.0,,,,,,,,,,,,,,,,,,,,,,-1.6903659838563163,6998,67
2026-27,msoc,North Coast Athletic Conference (NCAC),ncac,Kenyon,"Doenges, Bode",Bode,Doenges,,335,"Doenges, Bode","DOENGES,BODE",Kenyon,KEN,1219-3209,0,0,32,0,32,0.0,0.0,0.0,0.0,0.0,0.0,0.0,0.0,0.0,0.0,0.0,0.0,0.0,0.0,0.0,0.0,0.0,0.0,0.0,0.0,0.0,0.0,0.0,0.0,0.0,0.0,0.0,0.0,0.0,0.0,0.0,,00:00,0.0,0.0,0.0,,,,,,,,,,,,,,,,,,,,,,-1.6903659838563163,7028,67
2026-27,msoc,North Coast Athletic Conference (NCAC),ncac,Wabash,"Dottenwhy, Logan",Logan,Dottenwhy,,747,"Dottenwhy, Logan","DOTTENWHY,LOGAN",Wabash,WAB,1224-3717,6,0,14,0,14,0.0,0.0,0.0,2.0,0.0,0.0,0.0,0.0,0.0,0.33,0.0,0.0,0.0,0.0,0.0,0.0,0.0,0.0,0.0,0.0,0.0,0.0,3.0,0.0,0.0,0.0,0.5,0.0,0.0,0.0,0.0,,125:00,0.0,0.0,0.0,,,,,,,,,,,,,,,,,,,,,,-1.6903659838563163,7048,67
2026-27,msoc,North Coast Athletic Conference (NCAC),ncac,Wittenberg,"Earick, Brody",Brody,Earick,,806,"Earick, Brody","EARICK,BRODY",Wittenberg,WIT,0,0,0,6,0,6,0.0,0.0,0.0,0.0,0.0,0.0,0.0,0.0,0.0,0.0,0.0,0.0,0.0,0.0,0.0,0.0,0.0,0.0,0.0,0.0,0.0,0.0,0.0,0.0,0.0,0.0,0.0,0.0,0.0,0.0,0.0,,00:00,0.0,0.0,0.0,,,,,,,,,,,,,,,,,,,,,,-1.6903659838563163,7094,67
2026-27,msoc,North Coast Athletic Conference (NCAC),ncac,DePauw,"Fogo, Matthew",Matthew,Fogo,,177,"Fogo, Matthew","FOGO,MATTHEW",DePauw,DEPAUW,1274-6235,6,1,10,0,10,0.0,0.0,0.0,2.0,0.0,0.0,0.0,0.0,0.0,0.33,0.0,0.0,0.0,0.0,0.0,0.0,0.0,0.0,0.0,0.0,0.0,0.0,4.0,0.0,0.0,0.0,0.67,0.0,0.0,0.0,0.0,,186:00,0.0,0.0,0.0,,,,,,,,,,,,,,,,,,,,,,-1.6903659838563163,7339,66
2026-27,msoc,North Coast Athletic Conference (NCAC),ncac,John Carroll,"Frejat, Joao",Joao,Frejat,,320,"Frejat, Joao","FREJAT,JOAO",John Carroll,JCU,1277-7969,0,0,81,0,81,0.0,0.0,0.0,0.0,0.0,0.0,0.0,0.0,0.0,0.0,0.0,0.0,0.0,0.0,0.0,0.0,0.0,0.0,0.0,0.0,0.0,0.0,0.0,0.0,0.0,0.0,0.0,0.0,0.0,0.0,0.0,,00:00,0.0,0.0,0.0,,,,,,,,,,,,,,,,,,,,,,-1.6903659838563163,7373,66
2026-27,msoc,North Coast Athletic Conference (NCAC),ncac,Kenyon,"Furlonge, Lucas",Lucas,Furlonge,,335,"Furlonge, Lucas","FURLONGE,LUCAS",Kenyon,KEN,1219-3012,3,0,19,0,19,0.0,0.0,0.0,0.0,0.0,0.0,0.0,0.0,0.0,0.0,0.0,0.0,0.0,0.0,0.0,0.0,0.0,0.0,0.0,0.0,0.0,0.0,0.0,0.0,0.0,0.0,0.0,0.0,0.0,0.0,0.0,,38:00,0.0,0.0,0.0,,,,,,,,,,,,,,,,,,,,,,-1.6903659838563163,7389,66
2026-27,msoc,North Coast Athletic Conference (NCAC),ncac,Wittenberg,Gabriel Rahm,Gabriel,Rahm,,806,Gabriel Rahm,"RAHM,GABRIEL",Wittenberg,WIT,0,2,2,34,0,34,0.0,0.0,0.0,0.0,0.0,0.0,0.0,0.0,0.0,0.0,0.0,0.0,0.0,0.0,0.0,0.0,0.0,0.0,0.0,0.0,0.0,0.0,1.0,0.0,1.0,0.0,0.5,0.5,0.0,0.0,0.0,,133:00,0.0,0.0,0.0,,,,,,,,,,,,,,,,,,,,,,-1.6903659838563163,7394,66
2026-27,msoc,North Coast Athletic Conference (NCAC),ncac,Ohio Wesleyan,"Gallo, Nick",Nick,Gallo,,520,"Gallo, Nick","GALLO,NICK",Ohio Wesleyan,OWU,1222-3495,4,2,30,0,30,0.0,0.0,0.0,1.0,0.0,0.0,0.0,0.0,0.0,0.25,0.0,0.0,0.0,0.0,0.0,0.0,0.0,0.0,0.0,0.0,0.0,0.0,2.0,0.0,2.0,0.0,0.5,0.5,0.0,0.0,0.0,,142:00,0.0,0.0,0.0,,,,,,,,,,,,,,,,,,,,,,-1.6903659838563163,7406,66
2026-27,msoc,North Coast Athletic Conference (NCAC),ncac,Ohio Wesleyan,"Gargano, Max",Max,Gargano,,520,"Gargano, Max","GARGANO,MAX",Ohio Wesleyan,OWU,1222-3502,0,0,31,0,31,0.0,0.0,0.0,0.0,0.0,0.0,0.0,0.0,0.0,0.0,0.0,0.0,0.0,0.0,0.0,0.0,0.0,0.0,0.0,0.0,0.0,0.0,0.0,0.0,0.0,0.0,0.0,0.0,0.0,0.0,0.0,,00:00,0.0,0.0,0.0,,,,,,,,,,,,,,,,,,,,,,-1.6903659838563163,7436,65
2026-27,msoc,North Coast Athletic Conference (NCAC),ncac,DePauw,"Garofola, Cole",Cole,Garofola,,177,"Garofola, Cole","GAROFOLA,COLE",DePauw,DEPAUW,1274-7019,1,0,21,0,21,0.0,0.0,0.0,0.0,0.0,0.0,0.0,0.0,0.0,0.0,0.0,0.0,0.0,0.0,0.0,0.0,0.0,0.0,0.0,0.0,0.0,0.0,0.0,0.0,0.0,0.0,0.0,0.0,0.0,0.0,0.0,,20:00,0.0,0.0,0.0,,,,,,,,,,,,,,,,,,,,,,-1.6903659838563163,7438,65
2026-27,msoc,North Coast Athletic Conference (NCAC),ncac,Oberlin,"Gazdak, Hudson",Hudson,Gazdak,,515,"Gazdak, Hudson","GAZDAK,HUDSON",Oberlin,OBE,1221-3972,8,8,26,0,26,0.0,0.0,0.0,0.0,0.0,0.0,0.0,0.0,0.0,0.0,0.0,0.0,0.0,0.0,0.0,0.0,0.0,0.0,0.0,0.0,0.0,0.0,4.0,0.0,1.0,0.0,0.5,0.13,0.0,0.0,0.0,,581:00,0.0,0.0,0.0,,,,,,,,,,,,,,,,,,,,,,-1.6903659838563163,7461,65
2026-27,msoc,North Coast Athletic Conference (NCAC),ncac,Oberlin,"Gerber, Charles",Charles,Gerber,,515,"Gerber, Charles","GERBER,CHARLES",Oberlin,OBE,1221-4140,7,3,34,0,34,0.0,0.0,0.0,1.0,0.0,0.0,0.0,0.0,0.0,0.14,0.0,0.0,0.0,0.0,0.0,0.0,0.0,0.0,0.0,0.0,0.0,0.0,2.0,0.0,2.0,0.0,0.29,0.29,0.0,0.0,0.0,,265:00,0.0,0.0,0.0,,,,,,,,,,,,,,,,,,,,,,-1.6903659838563163,7477,65
2026-27,msoc,North Coast Athletic Conference (NCAC),ncac,John Carroll,"Gertner Bernabe, Samuel",Samuel,Gertner Bernabe,,320,"Gertner Bernabe, Samuel","GERTNER BERNABE,SAMUEL",John Carroll,JCU,1277-7967,7,5,26,0,26,0.0,0.0,0.0,1.0,0.0,0.0,0.0,0.0,0.0,0.14,0.0,0.0,0.0,0.0,0.0,0.0,0.0,0.0,0.0,0.0,0.0,0.0,2.0,0.0,0.0,0.0,0.29,0.0,0.0,0.0,0.0,,393:00,0.0,0.0,0.0,,,,,,,,,,,,,,,,,,,,,,-1.6903659838563163,7482,65
2026-27,msoc,North Coast Athletic Conference (NCAC),ncac,Wittenberg,"Gibson, Tobin",Tobin,Gibson,,806,"Gibson, Tobin","GIBSON,TOBIN",Wittenberg,WIT,0,8,6,25,0,25,0.0,0.0,0.0,0.0,0.0,0.0,0.0,0.0,0.0,0.0,0.0,0.0,0.0,0.0,0.0,0.0,0.0,0.0,0.0,0.0,0.0,0.0,9.0,0.0,1.0,0.0,1.13,0.13,0.0,0.0,0.0,,395:00,0.0,0.0,0.0,,,,,,,,,,,,,,,,,,,,,,-1.6903659838563163,7491,65
2026-27,msoc,North Coast Athletic Conference (NCAC),ncac,DePauw,"Girandola, Paolo",Paolo,Girandola,,177,"Girandola, Paolo","GIRANDOLA,PAOLO",DePauw,DEPAUW,1274-7020,3,0,17,0,17,0.0,0.0,0.0,0.0,0.0,0.0,0.0,0.0,0.0,0.0,0.0,0.0,0.0,0.0,0.0,0.0,0.0,0.0,0.0,0.0,0.0,0.0,1.0,0.0,0.0,0.0,0.33,0.0,0.0,0.0,0.0,,79:00,0.0,0.0,0.0,,,,,,,,,,,,,,,,,,,,,,-1.6903659838563163,7509,65
2026-27,msoc,North Coast Athletic Conference (NCAC),ncac,Wittenberg,"Goodman, Brendan",Brendan,Goodman,,806,"Goodman, Brendan","GOODMAN,BRENDAN",Wittenberg,WIT,0,1,0,18,0,18,0.0,0.0,0.0,0.0,0.0,0.0,0.0,0.0,0.0,0.0,0.0,0.0,0.0,0.0,0.0,0.0,0.0,0.0,0.0,0.0,0.0,0.0,0.0,0.0,0.0,0.0,0.0,0.0,0.0,0.0,0.0,,00:00,0.0,0.0,0.0,,,,,,,,,,,,,,,,,,,,,,-1.6903659838563163,7561,65
2026-27,msoc,North Coast Athletic Conference (NCAC),ncac,John Carroll,"Govekar, Dillon",Dillon,Govekar,,320,"Govekar, Dillon","GOVEKAR,DILLON",John Carroll,JCU,1277-7754,0,0,40,0,40,0.0,0.0,0.0,0.0,0.0,0.0,0.0,0.0,0.0,0.0,0.0,0.0,0.0,0.0,0.0,0.0,0.0,0.0,0.0,0.0,0.0,0.0,0.0,0.0,0.0,0.0,0.0,0.0,0.0,0.0,0.0,,00:00,0.0,0.0,0.0,,,,,,,,,,,,,,,,,,,,,,-1.6903659838563163,7570,65
2026-27,msoc,North Coast Athletic Conference (NCAC),ncac,Wittenberg,"Graziano, Ayrton",Ayrton,Graziano,,806,"Graziano, Ayrton","GRAZIANO,AYRTON",Wittenberg,WIT,0,2,0,27,0,27,0.0,0.0,0.0,0.0,0.0,0.0,0.0,0.0,0.0,0.0,0.0,0.0,0.0,0.0,0.0,0.0,0.0,0.0,0.0,0.0,0.0,0.0,0.0,0.0,0.0,0.0,0.0,0.0,0.0,0.0,0.0,,04:00,0.0,0.0,0.0,,,,,,,,,,,,,,,,,,,,,,-1.6903659838563163,7589,65
2026-27,msoc,North Coast Athletic Conference (NCAC),ncac,Wooster,"Grieshop-Goodwin, Henry",Henry,Grieshop-Goodwin,,807,"Grieshop-Goodwin, Henry","GRIESHOP-GOODWIN,HENRY",Wooster,WOO,1226-3224,9,0,18,0,18,0.0,0.0,0.0,0.0,0.0,0.0,0.0,0.0,0.0,0.0,0.0,0.0,0.0,0.0,0.0,0.0,0.0,0.0,0.0,0.0,0.0,0.0,2.0,0.0,0.0,0.0,0.22,0.0,0.0,0.0,0.0,,156:00,0.0,0.0,0.0,,,,,,,,,,,,,,,,,,,,,,-1.6903659838563163,7607,65
2026-27,msoc,North Coast Athletic Conference (NCAC),ncac,DePauw,"Guadagno, Morgan",Morgan,Guadagno,,177,"Guadagno, Morgan","GUADAGNO,MORGAN",DePauw,DEPAUW,1274-7021,3,0,6,0,6,0.0,0.0,0.0,0.0,0.0,0.0,0.0,0.0,0.0,0.0,0.0,0.0,0.0,0.0,0.0,0.0,0.0,0.0,0.0,0.0,0.0,0.0,0.0,0.0,0.0,0.0,0.0,0.0,0.0,0.0,0.0,,51:00,0.0,0.0,0.0,,,,,,,,,,,,,,,,,,,,,,-1.6903659838563163,7626,65
2026-27,msoc,North Coast Athletic Conference (NCAC),ncac,Denison,"Hahn, Quinlin",Quinlin,Hahn,,182,"Hahn, Quinlin","HAHN,QUINLIN",Denison,Deniso,1214-3681,1,0,26,0,26,0.0,0.0,0.0,0.0,0.0,0.0,0.0,0.0,0.0,0.0,0.0,0.0,0.0,0.0,0.0,0.0,0.0,0.0,0.0,0.0,0.0,0.0,0.0,0.0,0.0,0.0,0.0,0.0,0.0,0.0,0.0,,20:00,0.0,0.0,0.0,,,,,,,,,,,,,,,,,,,,,,-1.6903659838563163,7672,65
2026-27,msoc,North Coast Athletic Conference (NCAC),ncac,Denison,"Hallis, William",William,Hallis,,182,"Hallis, William","HALLIS,WILLIAM",Denison,Deniso,1214-3951,3,0,29,0,29,0.0,0.0,0.0,0.0,0.0,0.0,0.0,0.0,0.0,0.0,0.0,0.0,0.0,0.0,0.0,0.0,0.0,0.0,0.0,0.0,0.0,0.0,0.0,0.0,0.0,0.0,0.0,0.0,0.0,0.0,0.0,,54:00,0.0,0.0,0.0,,,,,,,,,,,,,,,,,,,,,,-1.6903659838563163,7684,65
2026-27,msoc,North Coast Athletic Conference (NCAC),ncac,DePauw,"Hartsell, Logan",Logan,Hartsell,,177,"Hartsell, Logan","HARTSELL,LOGAN",DePauw,DEPAUW,1274-6723,8,7,15,0,15,0.0,0.0,0.0,2.0,0.0,0.0,0.0,0.0,0.0,0.25,0.0,0.0,0.0,0.0,0.0,0.0,0.0,0.0,0.0,0.0,0.0,0.0,2.0,0.0,0.0,0.0,0.25,0.0,0.0,0.0,0.0,,659:00,0.0,0.0,0.0,,,,,,,,,,,,,,,,,,,,,,-1.6903659838563163,7740,64
2026-27,msoc,North Coast Athletic Conference (NCAC),ncac,Wittenberg,"Haworth, Sam",Sam,Haworth,,806,"Haworth, Sam","HAWORTH,SAM",Wittenberg,WIT,0,2,0,28,0,28,0.0,0.0,0.0,0.0,0.0,0.0,0.0,0.0,0.0,0.0,0.0,0.0,0.0,0.0,0.0,0.0,0.0,0.0,0.0,0.0,0.0,0.0,0.0,0.0,0.0,0.0,0.0,0.0,0.0,0.0,0.0,,20:00,0.0,0.0,0.0,,,,,,,,,,,,,,,,,,,,,,-1.6903659838563163,7753,64
2026-27,msoc,North Coast Athletic Conference (NCAC),ncac,Wittenberg,"Henry, Kelsey",Kelsey,Henry,,806,"Henry, Kelsey","HENRY,KELSEY",Wittenberg,WIT,0,0,0,10,0,10,0.0,0.0,0.0,0.0,0.0,0.0,0.0,0.0,0.0,0.0,0.0,0.0,0.0,0.0,0.0,0.0,0.0,0.0,0.0,0.0,0.0,0.0,0.0,0.0,0.0,0.0,0.0,0.0,0.0,0.0,0.0,,00:00,0.0,0.0,0.0,,,,,,,,,,,,,,,,,,,,,,-1.6903659838563163,7791,64
2026-27,msoc,North Coast Athletic Conference (NCAC),ncac,Wittenberg,"Hernandez, Ricardo",Ricardo,Hernandez,,806,"Hernandez, Ricardo","HERNANDEZ,RICARDO",Wittenberg,WIT,0,1,0,38,0,38,0.0,0.0,0.0,0.0,0.0,0.0,0.0,0.0,0.0,0.0,0.0,0.0,0.0,0.0,0.0,0.0,0.0,0.0,0.0,0.0,0.0,0.0,0.0,0.0,0.0,0.0,0.0,0.0,0.0,0.0,0.0,,20:00,0.0,0.0,0.0,,,,,,,,,,,,,,,,,,,,,,-1.6903659838563163,7813,64
2026-27,msoc,North Coast Athletic Conference (NCAC),ncac,Ohio Wesleyan,"Hipolito, Kevin",Kevin,Hipolito,,520,"Hipolito, Kevin","HIPOLITO,KEVIN",Ohio Wesleyan,OWU,1222-3501,7,3,28,0,28,0.0,0.0,0.0,2.0,0.0,0.0,0.0,0.0,0.0,0.29,0.0,0.0,0.0,0.0,0.0,0.0,0.0,0.0,0.0,0.0,0.0,0.0,3.0,0.0,0.0,0.0,0.43,0.0,0.0,0.0,0.0,,293:00,0.0,0.0,0.0,,,,,,,,,,,,,,,,,,,,,,-1.6903659838563163,7850,64
2026-27,msoc,North Coast Athletic Conference (NCAC),ncac,Denison,"Homuth, Alex",Alex,Homuth,,182,"Homuth, Alex","HOMUTH,ALEX",Denison,Deniso,1214-3534,1,0,6,0,6,0.0,0.0,0.0,0.0,0.0,0.0,0.0,0.0,0.0,0.0,0.0,0.0,0.0,0.0,0.0,0.0,0.0,0.0,0.0,0.0,0.0,0.0,2.0,0.0,0.0,0.0,2.0,0.0,0.0,0.0,0.0,,25:00,0.0,0.0,0.0,,,,,,,,,,,,,,,,,,,,,,-1.6903659838563163,7879,64
2026-27,msoc,North Coast Athletic Conference (NCAC),ncac,Kenyon,"Houghton, Jack",Jack,Houghton,,335,"Houghton, Jack","HOUGHTON,JACK",Kenyon,KEN,1219-3205,0,0,26,0,26,0.0,0.0,0.0,0.0,0.0,0.0,0.0,0.0,0.0,0.0,0.0,0.0,0.0,0.0,0.0,0.0,0.0,0.0,0.0,0.0,0.0,0.0,0.0,0.0,0.0,0.0,0.0,0.0,0.0,0.0,0.0,,00:00,0.0,0.0,0.0,,,,,,,,,,,,,,,,,,,,,,-1.6903659838563163,7896,64
2026-27,msoc,North Coast Athletic Conference (NCAC),ncac,John Carroll,"Hutton, Luke",Luke,Hutton,,320,"Hutton, Luke","HUTTON,LUKE",John Carroll,JCU,1277-7755,0,0,17,0,17,0.0,0.0,0.0,0.0,0.0,0.0,0.0,0.0,0.0,0.0,0.0,0.0,0.0,0.0,0.0,0.0,0.0,0.0,0.0,0.0,0.0,0.0,0.0,0.0,0.0,0.0,0.0,0.0,0.0,0.0,0.0,,00:00,0.0,0.0,0.0,,,,,,,,,,,,,,,,,,,,,,-1.6903659838563163,7943,63
2026-27,msoc,North Coast Athletic Conference (NCAC),ncac,Wooster,"Intrator, Riley",Riley,Intrator,,807,"Intrator, Riley","INTRATOR,RILEY",Wooster,WOO,1226-1520,0,0,35,0,35,0.0,0.0,0.0,0.0,0.0,0.0,0.0,0.0,0.0,0.0,0.0,0.0,0.0,0.0,0.0,0.0,0.0,0.0,0.0,0.0,0.0,0.0,0.0,0.0,0.0,0.0,0.0,0.0,0.0,0.0,0.0,,00:00,0.0,0.0,0.0,,,,,,,,,,,,,,,,,,,,,,-1.6903659838563163,7972,63
2026-27,msoc,North Coast Athletic Conference (NCAC),ncac,Ohio Wesleyan,"Jameson, Nico",Nico,Jameson,,520,"Jameson, Nico","JAMESON,NICO",Ohio Wesleyan,OWU,1222-3498,7,2,27,0,27,0.0,0.0,0.0,1.0,0.0,0.0,0.0,0.0,0.0,0.14,0.0,0.0,0.0,0.0,0.0,0.0,0.0,0.0,0.0,0.0,0.0,0.0,0.0,0.0,0.0,0.0,0.0,0.0,0.0,0.0,0.0,,405:00,0.0,0.0,0.0,,,,,,,,,,,,,,,,,,,,,,-1.6903659838563163,8034,63
2026-27,msoc,North Coast Athletic Conference (NCAC),ncac,Denison,"Kilpatrick, Jack",Jack,Kilpatrick,,182,"Kilpatrick, Jack","KILPATRICK,JACK",Denison,Deniso,1214-3949,1,0,32,0,32,0.0,0.0,0.0,0.0,0.0,0.0,0.0,0.0,0.0,0.0,0.0,0.0,0.0,0.0,0.0,0.0,0.0,0.0,0.0,0.0,0.0,0.0,0.0,0.0,0.0,0.0,0.0,0.0,0.0,0.0,0.0,,10:00,0.0,0.0,0.0,,,,,,,,,,,,,,,,,,,,,,-1.6903659838563163,8279,62
2026-27,msoc,North Coast Athletic Conference (NCAC),ncac,Wittenberg,"Lara, Esteban",Esteban,Lara,,806,"Lara, Esteban","LARA,ESTEBAN",Wittenberg,WIT,0,0,0,11,0,11,0.0,0.0,0.0,0.0,0.0,0.0,0.0,0.0,0.0,0.0,0.0,0.0,0.0,0.0,0.0,0.0,0.0,0.0,0.0,0.0,0.0,0.0,0.0,0.0,0.0,0.0,0.0,0.0,0.0,0.0,0.0,,00:00,0.0,0.0,0.0,,,,,,,,,,,,,,,,,,,,,,-1.6903659838563163,8422,62
2026-27,msoc,North Coast Athletic Conference (NCAC),ncac,Wittenberg,"Lebanion, Daniel",Daniel,Lebanion,,806,"Lebanion, Daniel","LEBANION,DANIEL",Wittenberg,WIT,0,2,1,26,0,26,0.0,0.0,0.0,0.0,0.0,0.0,0.0,0.0,0.0,0.0,0.0,0.0,0.0,0.0,0.0,0.0,0.0,0.0,0.0,0.0,0.0,0.0,0.0,0.0,0.0,0.0,0.0,0.0,0.0,0.0,0.0,,53:00,0.0,0.0,0.0,,,,,,,,,,,,,,,,,,,,,,-1.6903659838563163,8458,61
2026-27,msoc,North Coast Athletic Conference (NCAC),ncac,Ohio Wesleyan,"Leedham, Alastair",Alastair,Leedham,,520,"Leedham, Alastair","LEEDHAM,ALASTAIR",Ohio Wesleyan,OWU,1222-3499,0,0,26,0,26,0.0,0.0,0.0,0.0,0.0,0.0,0.0,0.0,0.0,0.0,0.0,0.0,0.0,0.0,0.0,0.0,0.0,0.0,0.0,0.0,0.0,0.0,0.0,0.0,0.0,0.0,0.0,0.0,0.0,0.0,0.0,,00:00,0.0,0.0,0.0,,,,,,,,,,,,,,,,,,,,,,-1.6903659838563163,8478,61
2026-27,msoc,North Coast Athletic Conference (NCAC),ncac,John Carroll,"Leverage, Nolan",Nolan,Leverage,,320,"Leverage, Nolan","LEVERAGE,NOLAN",John Carroll,JCU,1277-7757,1,0,22,0,22,0.0,0.0,0.0,1.0,0.0,0.0,0.0,0.0,0.0,1.0,0.0,0.0,0.0,0.0,0.0,0.0,0.0,0.0,0.0,0.0,0.0,0.0,1.0,0.0,0.0,0.0,1.0,0.0,0.0,0.0,0.0,,13:00,0.0,0.0,0.0,,,,,,,,,,,,,,,,,,,,,,-1.6903659838563163,8499,61
2026-27,msoc,North Coast Athletic Conference (NCAC),ncac,DePauw,"Long, Linden",Linden,Long,,177,"Long, Linden","LONG,LINDEN",DePauw,DEPAUW,1274-7022,0,0,99,0,99,0.0,0.0,0.0,0.0,0.0,0.0,0.0,0.0,0.0,0.0,0.0,0.0,0.0,0.0,0.0,0.0,0.0,0.0,0.0,0.0,0.0,0.0,0.0,0.0,0.0,0.0,0.0,0.0,0.0,0.0,0.0,,00:00,0.0,0.0,0.0,,,,,,,,,,,,,,,,,,,,,,-1.6903659838563163,8569,61
2026-27,msoc,North Coast Athletic Conference (NCAC),ncac,Wittenberg,"Lopez Guisado, Hugo",Hugo,Lopez Guisado,,806,"Lopez Guisado, Hugo","LOPEZ GUISADO,HUGO",Wittenberg,WIT,0,0,0,12,0,12,0.0,0.0,0.0,0.0,0.0,0.0,0.0,0.0,0.0,0.0,0.0,0.0,0.0,0.0,0.0,0.0,0.0,0.0,0.0,0.0,0.0,0.0,0.0,0.0,0.0,0.0,0.0,0.0,0.0,0.0,0.0,,00:00,0.0,0.0,0.0,,,,,,,,,,,,,,,,,,,,,,-1.6903659838563163,8575,61
2026-27,msoc,North Coast Athletic Conference (NCAC),ncac,Wabash,"Lopez, Alex",Alex,Lopez,,747,"Lopez, Alex","LOPEZ,ALEX",Wabash,WAB,1224-4043,0,0,33,0,33,0.0,0.0,0.0,0.0,0.0,0.0,0.0,0.0,0.0,0.0,0.0,0.0,0.0,0.0,0.0,0.0,0.0,0.0,0.0,0.0,0.0,0.0,0.0,0.0,0.0,0.0,0.0,0.0,0.0,0.0,0.0,,00:00,0.0,0.0,0.0,,,,,,,,,,,,,,,,,,,,,,-1.6903659838563163,8576,61
2026-27,msoc,North Coast Athletic Conference (NCAC),ncac,John Carroll,"Lunardi, Luca",Luca,Lunardi,,320,"Lunardi, Luca","LUNARDI,LUCA",John Carroll,JCU,1277-7970,1,0,29,0,29,0.0,0.0,0.0,0.0,0.0,0.0,0.0,0.0,0.0,0.0,0.0,0.0,0.0,0.0,0.0,0.0,0.0,0.0,0.0,0.0,0.0,0.0,0.0,0.0,0.0,0.0,0.0,0.0,0.0,0.0,0.0,,20:00,0.0,0.0,0.0,,,,,,,,,,,,,,,,,,,,,,-1.6903659838563163,8624,61
2026-27,msoc,North Coast Athletic Conference (NCAC),ncac,John Carroll,"MacDonald, Dominic",Dominic,MacDonald,,320,"MacDonald, Dominic","MACDONALD,DOMINIC",John Carroll,JCU,1277-7758,0,0,24,0,24,0.0,0.0,0.0,0.0,0.0,0.0,0.0,0.0,0.0,0.0,0.0,0.0,0.0,0.0,0.0,0.0,0.0,0.0,0.0,0.0,0.0,0.0,0.0,0.0,0.0,0.0,0.0,0.0,0.0,0.0,0.0,,00:00,0.0,0.0,0.0,,,,,,,,,,,,,,,,,,,,,,-1.6903659838563163,8636,61
2026-27,msoc,North Coast Athletic Conference (NCAC),ncac,Oberlin,"Magon, Sobha",Sobha,Magon,,515,"Magon, Sobha","MAGON,SOBHA",Oberlin,OBE,1221-4342,4,1,32,0,32,0.0,0.0,0.0,0.0,0.0,0.0,0.0,0.0,0.0,0.0,0.0,0.0,0.0,0.0,0.0,0.0,0.0,0.0,0.0,0.0,0.0,0.0,2.0,0.0,0.0,0.0,0.5,0.0,0.0,0.0,0.0,,144:00,0.0,0.0,0.0,,,,,,,,,,,,,,,,,,,,,,-1.6903659838563163,8660,61
2026-27,msoc,North Coast Athletic Conference (NCAC),ncac,Wittenberg,"Mann, Claeb",Claeb,Mann,,806,"Mann, Claeb","MANN,CLAEB",Wittenberg,WIT,0,1,0,3,0,3,0.0,0.0,0.0,0.0,0.0,0.0,0.0,0.0,0.0,0.0,0.0,0.0,0.0,0.0,0.0,0.0,0.0,0.0,0.0,0.0,0.0,0.0,0.0,0.0,0.0,0.0,0.0,0.0,0.0,0.0,0.0,,18:00,0.0,0.0,0.0,,,,,,,,,,,,,,,,,,,,,,-1.6903659838563163,8690,61
2026-27,msoc,North Coast Athletic Conference (NCAC),ncac,John Carroll,"Marriott, Luke",Luke,Marriott,,320,"Marriott, Luke","MARRIOTT,LUKE",John Carroll,JCU,1277-7313,0,0,97,0,97,0.0,0.0,0.0,0.0,0.0,0.0,0.0,0.0,0.0,0.0,0.0,0.0,0.0,0.0,0.0,0.0,0.0,0.0,0.0,0.0,0.0,0.0,0.0,0.0,0.0,0.0,0.0,0.0,0.0,0.0,0.0,,00:00,0.0,0.0,0.0,,,,,,,,,,,,,,,,,,,,,,-1.6903659838563163,8726,60
2026-27,msoc,North Coast Athletic Conference (NCAC),ncac,Wittenberg,"Masoluka, Golikia",Golikia,Masoluka,,806,"Masoluka, Golikia","MASOLUKA,GOLIKIA",Wittenberg,WIT,0,0,0,22,0,22,0.0,0.0,0.0,0.0,0.0,0.0,0.0,0.0,0.0,0.0,0.0,0.0,0.0,0.0,0.0,0.0,0.0,0.0,0.0,0.0,0.0,0.0,0.0,0.0,0.0,0.0,0.0,0.0,0.0,0.0,0.0,,00:00,0.0,0.0,0.0,,,,,,,,,,,,,,,,,,,,,,-1.6903659838563163,8757,60
2026-27,msoc,North Coast Athletic Conference (NCAC),ncac,Wittenberg,"Matchett, James",James,Matchett,,806,"Matchett, James","MATCHETT,JAMES",Wittenberg,WIT,0,0,0,44,0,44,0.0,0.0,0.0,0.0,0.0,0.0,0.0,0.0,0.0,0.0,0.0,0.0,0.0,0.0,0.0,0.0,0.0,0.0,0.0,0.0,0.0,0.0,0.0,0.0,0.0,0.0,0.0,0.0,0.0,0.0,0.0,,00:00,0.0,0.0,0.0,,,,,,,,,,,,,,,,,,,,,,-1.6903659838563163,8769,60
2026-27,msoc,North Coast Athletic Conference (NCAC),ncac,Wittenberg,"McCoy, Brayden",Brayden,McCoy,,806,"McCoy, Brayden","MCCOY,BRAYDEN",Wittenberg,WIT,0,0,0,13,0,13,0.0,0.0,0.0,0.0,0.0,0.0,0.0,0.0,0.0,0.0,0.0,0.0,0.0,0.0,0.0,0.0,0.0,0.0,0.0,0.0,0.0,0.0,0.0,0.0,0.0,0.0,0.0,0.0,0.0,0.0,0.0,,00:00,0.0,0.0,0.0,,,,,,,,,,,,,,,,,,,,,,-1.6903659838563163,8833,60
2026-27,msoc,North Coast Athletic Conference (NCAC),ncac,Wittenberg,"McDonald, Jacob",Jacob,McDonald,,806,"McDonald, Jacob","MCDONALD,JACOB",Wittenberg,WIT,0,0,0,11,0,11,0.0,0.0,0.0,0.0,0.0,0.0,0.0,0.0,0.0,0.0,0.0,0.0,0.0,0.0,0.0,0.0,0.0,0.0,0.0,0.0,0.0,0.0,0.0,0.0,0.0,0.0,0.0,0.0,0.0,0.0,0.0,,00:00,0.0,0.0,0.0,,,,,,,,,,,,,,,,,,,,,,-1.6903659838563163,8838,60
2026-27,msoc,North Coast Athletic Conference (NCAC),ncac,Wooster,"McGlone, Quinn",Quinn,McGlone,,807,"McGlone, Quinn","MCGLONE,QUINN",Wooster,WOO,1226-3487,1,0,28,0,28,0.0,0.0,0.0,0.0,0.0,0.0,0.0,0.0,0.0,0.0,0.0,0.0,0.0,0.0,0.0,0.0,0.0,0.0,0.0,0.0,0.0,0.0,0.0,0.0,0.0,0.0,0.0,0.0,0.0,0.0,0.0,,20:00,0.0,0.0,0.0,,,,,,,,,,,,,,,,,,,,,,-1.6903659838563163,8845,60
2026-27,msoc,North Coast Athletic Conference (NCAC),ncac,John Carroll,"Meacham, Max",Max,Meacham,,320,"Meacham, Max","MEACHAM,MAX",John Carroll,JCU,1277-7972,2,0,38,0,38,0.0,0.0,0.0,0.0,0.0,0.0,0.0,0.0,0.0,0.0,0.0,0.0,0.0,0.0,0.0,0.0,0.0,0.0,0.0,0.0,0.0,0.0,0.0,0.0,0.0,0.0,0.0,0.0,0.0,0.0,0.0,,31:00,0.0,0.0,0.0,,,,,,,,,,,,,,,,,,,,,,-1.6903659838563163,8879,60
2026-27,msoc,North Coast Athletic Conference (NCAC),ncac,Wittenberg,"Mercado, Juan",Juan,Mercado,,806,"Mercado, Juan","MERCADO,JUAN",Wittenberg,WIT,0,0,0,10,0,10,0.0,0.0,0.0,0.0,0.0,0.0,0.0,0.0,0.0,0.0,0.0,0.0,0.0,0.0,0.0,0.0,0.0,0.0,0.0,0.0,0.0,0.0,0.0,0.0,0.0,0.0,0.0,0.0,0.0,0.0,0.0,,00:00,0.0,0.0,0.0,,,,,,,,,,,,,,,,,,,,,,-1.6903659838563163,8918,60
2026-27,msoc,North Coast Athletic Conference (NCAC),ncac,John Carroll,"Merepeza, Tristan",Tristan,Merepeza,,320,"Merepeza, Tristan","MEREPEZA,TRISTAN",John Carroll,JCU,1277-7973,4,0,39,0,39,0.0,0.0,0.0,4.0,0.0,0.0,0.0,0.0,0.0,1.0,0.0,0.0,0.0,0.0,0.0,0.0,0.0,0.0,0.0,0.0,0.0,0.0,1.0,0.0,1.0,0.0,0.25,0.25,0.0,0.0,0.0,,96:00,0.0,0.0,0.0,,,,,,,,,,,,,,,,,,,,,,-1.6903659838563163,8924,60
2026-27,msoc,North Coast Athletic Conference (NCAC),ncac,Ohio Wesleyan,"Meyer, Bryce",Bryce,Meyer,,520,"Meyer, Bryce","MEYER,BRYCE",Ohio Wesleyan,OWU,1222-3107,0,0,0,0,0,0.0,0.0,0.0,0.0,0.0,0.0,0.0,0.0,0.0,0.0,0.0,0.0,0.0,0.0,0.0,0.0,0.0,0.0,0.0,0.0,0.0,0.0,0.0,0.0,0.0,0.0,0.0,0.0,0.0,0.0,0.0,,00:00,0.0,0.0,0.0,,,,,,,,,,,,,,,,,,,,,,-1.6903659838563163,8937,60
2026-27,msoc,North Coast Athletic Conference (NCAC),ncac,John Carroll,"Mikulec, Nick",Nick,Mikulec,,320,"Mikulec, Nick","MIKULEC,NICK",John Carroll,JCU,1277-7315,0,0,8,0,8,0.0,0.0,0.0,0.0,0.0,0.0,0.0,0.0,0.0,0.0,0.0,0.0,0.0,0.0,0.0,0.0,0.0,0.0,0.0,0.0,0.0,0.0,0.0,0.0,0.0,0.0,0.0,0.0,0.0,0.0,0.0,,00:00,0.0,0.0,0.0,,,,,,,,,,,,,,,,,,,,,,-1.6903659838563163,8953,59
2026-27,msoc,North Coast Athletic Conference (NCAC),ncac,John Carroll,"Miller, Kevin",Kevin,Miller,,320,"Miller, Kevin","MILLER,KEVIN",John Carroll,JCU,1277-7759,0,0,33,0,33,0.0,0.0,0.0,0.0,0.0,0.0,0.0,0.0,0.0,0.0,0.0,0.0,0.0,0.0,0.0,0.0,0.0,0.0,0.0,0.0,0.0,0.0,0.0,0.0,0.0,0.0,0.0,0.0,0.0,0.0,0.0,,00:00,0.0,0.0,0.0,,,,,,,,,,,,,,,,,,,,,,-1.6903659838563163,8962,59
2026-27,msoc,North Coast Athletic Conference (NCAC),ncac,Kenyon,"Mitchell, Devin",Devin,Mitchell,,335,"Mitchell, Devin","MITCHELL,DEVIN",Kenyon,KEN,1219-3197,6,0,2,0,2,0.0,0.0,0.0,2.0,0.0,0.0,0.0,0.0,0.0,0.33,0.0,0.0,0.0,0.0,0.0,0.0,0.0,0.0,0.0,0.0,0.0,0.0,1.0,0.0,0.0,0.0,0.17,0.0,0.0,0.0,0.0,,194:00,0.0,0.0,0.0,,,,,,,,,,,,,,,,,,,,,,-1.6903659838563163,8989,59
2026-27,msoc,North Coast Athletic Conference (NCAC),ncac,DePauw,"Miyashita, Kai",Kai,Miyashita,,177,"Miyashita, Kai","MIYASHITA,KAI",DePauw,DEPAUW,1274-6487,0,0,37,0,37,0.0,0.0,0.0,0.0,0.0,0.0,0.0,0.0,0.0,0.0,0.0,0.0,0.0,0.0,0.0,0.0,0.0,0.0,0.0,0.0,0.0,0.0,0.0,0.0,0.0,0.0,0.0,0.0,0.0,0.0,0.0,,00:00,0.0,0.0,0.0,,,,,,,,,,,,,,,,,,,,,,-1.6903659838563163,8995,59
2026-27,msoc,North Coast Athletic Conference (NCAC),ncac,Oberlin,"Mohamed, Rayaan",Rayaan,Mohamed,,515,"Mohamed, Rayaan","MOHAMED,RAYAAN",Oberlin,OBE,1221-4142,4,1,28,0,28,0.0,0.0,0.0,0.0,0.0,0.0,0.0,0.0,0.0,0.0,0.0,0.0,0.0,0.0,0.0,0.0,0.0,0.0,0.0,0.0,0.0,0.0,2.0,0.0,0.0,0.0,0.5,0.0,0.0,0.0,0.0,,131:00,0.0,0.0,0.0,,,,,,,,,,,,,,,,,,,,,,-1.6903659838563163,9002,59
2026-27,msoc,North Coast Athletic Conference (NCAC),ncac,DePauw,"Moore, Miller",Miller,Moore,,177,"Moore, Miller","MOORE,MILLER",DePauw,DEPAUW,1274-7023,3,0,23,0,23,0.0,0.0,0.0,2.0,0.0,0.0,0.0,0.0,0.0,0.67,0.0,0.0,0.0,0.0,0.0,0.0,0.0,0.0,0.0,0.0,0.0,0.0,2.0,0.0,0.0,0.0,0.67,0.0,0.0,0.0,0.0,,28:00,0.0,0.0,0.0,,,,,,,,,,,,,,,,,,,,,,-1.6903659838563163,9043,59
2026-27,msoc,North Coast Athletic Conference (NCAC),ncac,Wittenberg,"Morgan, Will",Will,Morgan,,806,"Morgan, Will","MORGAN,WILL",Wittenberg,WIT,0,0,0,15,0,15,0.0,0.0,0.0,0.0,0.0,0.0,0.0,0.0,0.0,0.0,0.0,0.0,0.0,0.0,0.0,0.0,0.0,0.0,0.0,0.0,0.0,0.0,0.0,0.0,0.0,0.0,0.0,0.0,0.0,0.0,0.0,,00:00,0.0,0.0,0.0,,,,,,,,,,,,,,,,,,,,,,-1.6903659838563163,9067,59
2026-27,msoc,North Coast Athletic Conference (NCAC),ncac,Wooster,"Murphy, Jack",Jack,Murphy,,807,"Murphy, Jack","MURPHY,JACK",Wooster,WOO,1226-3088,1,0,20,0,20,0.0,0.0,0.0,0.0,0.0,0.0,0.0,0.0,0.0,0.0,0.0,0.0,0.0,0.0,0.0,0.0,0.0,0.0,0.0,0.0,0.0,0.0,0.0,0.0,0.0,0.0,0.0,0.0,0.0,0.0,0.0,,26:00,0.0,0.0,0.0,,,,,,,,,,,,,,,,,,,,,,-1.6903659838563163,9114,59
2026-27,msoc,North Coast Athletic Conference (NCAC),ncac,Denison,"Nachtwey, Andrew",Andrew,Nachtwey,,182,"Nachtwey, Andrew","NACHTWEY,ANDREW",Denison,Deniso,1214-3234,3,3,20,0,20,0.0,0.0,0.0,0.0,0.0,0.0,0.0,0.0,0.0,0.0,0.0,0.0,0.0,0.0,0.0,0.0,0.0,0.0,0.0,0.0,0.0,0.0,0.0,0.0,0.0,0.0,0.0,0.0,0.0,0.0,0.0,,183:00,0.0,0.0,0.0,,,,,,,,,,,,,,,,,,,,,,-1.6903659838563163,9135,59
2026-27,msoc,North Coast Athletic Conference (NCAC),ncac,Wittenberg,"Naidoo, Declan Quinn",Declan Quinn,Naidoo,,806,"Naidoo, Declan Quinn","NAIDOO,DECLAN QUINN",Wittenberg,WIT,0,2,0,20,0,20,0.0,0.0,0.0,0.0,0.0,0.0,0.0,0.0,0.0,0.0,0.0,0.0,0.0,0.0,0.0,0.0,0.0,0.0,0.0,0.0,0.0,0.0,2.0,0.0,0.0,0.0,1.0,0.0,0.0,0.0,0.0,,38:00,0.0,0.0,0.0,,,,,,,,,,,,,,,,,,,,,,-1.6903659838563163,9139,59
2026-27,msoc,North Coast Athletic Conference (NCAC),ncac,Kenyon,"Nkansa, Michael",Michael,Nkansa,,335,"Nkansa, Michael","NKANSA,MICHAEL",Kenyon,KEN,1219-3015,5,0,27,0,27,0.0,0.0,0.0,0.0,0.0,0.0,0.0,0.0,0.0,0.0,0.0,0.0,0.0,0.0,0.0,0.0,0.0,0.0,0.0,0.0,0.0,0.0,0.0,0.0,0.0,0.0,0.0,0.0,0.0,0.0,0.0,,102:00,0.0,0.0,0.0,,,,,,,,,,,,,,,,,,,,,,-1.6903659838563163,9217,58
2026-27,msoc,North Coast Athletic Conference (NCAC),ncac,Ohio Wesleyan,"O'Reilly, Paddy",Paddy,O'Reilly,,520,"O'Reilly, Paddy","O'REILLY,PADDY",Ohio Wesleyan,OWU,1222-3108,7,4,14,0,14,0.0,0.0,0.0,2.0,0.0,0.0,0.0,0.0,0.0,0.29,0.0,0.0,0.0,0.0,0.0,0.0,0.0,0.0,0.0,0.0,0.0,0.0,1.0,0.0,0.0,0.0,0.14,0.0,0.0,0.0,0.0,,278:00,0.0,0.0,0.0,,,,,,,,,,,,,,,,,,,,,,-1.6903659838563163,9263,58
2026-27,msoc,North Coast Athletic Conference (NCAC),ncac,Kenyon,"Okwaning, Nic",Nic,Okwaning,,335,"Okwaning, Nic","OKWANING,NIC",Kenyon,KEN,1219-3198,4,0,3,0,3,0.0,0.0,0.0,2.0,0.0,0.0,0.0,0.0,0.0,0.5,0.0,0.0,0.0,0.0,0.0,0.0,0.0,0.0,0.0,0.0,0.0,0.0,0.0,0.0,0.0,0.0,0.0,0.0,0.0,0.0,0.0,,39:00,0.0,0.0,0.0,,,,,,,,,,,,,,,,,,,,,,-1.6903659838563163,9284,58
2026-27,msoc,North Coast Athletic Conference (NCAC),ncac,Wittenberg,"Peerzada, Aayan",Aayan,Peerzada,,806,"Peerzada, Aayan","PEERZADA,AAYAN",Wittenberg,WIT,0,0,0,5,0,5,0.0,0.0,0.0,0.0,0.0,0.0,0.0,0.0,0.0,0.0,0.0,0.0,0.0,0.0,0.0,0.0,0.0,0.0,0.0,0.0,0.0,0.0,0.0,0.0,0.0,0.0,0.0,0.0,0.0,0.0,0.0,,00:00,0.0,0.0,0.0,,,,,,,,,,,,,,,,,,,,,,-1.6903659838563163,9433,58
2026-27,msoc,North Coast Athletic Conference (NCAC),ncac,Wooster,"Piero, Connor",Connor,Piero,,807,"Piero, Connor","PIERO,CONNOR",Wooster,WOO,1226-1523,9,9,15,0,15,0.0,0.0,0.0,0.0,0.0,0.0,0.0,0.0,0.0,0.0,0.0,0.0,0.0,0.0,0.0,0.0,0.0,0.0,0.0,0.0,0.0,0.0,10.0,0.0,0.0,0.0,1.11,0.0,0.0,0.0,0.0,,639:00,0.0,0.0,0.0,,,,,,,,,,,,,,,,,,,,,,-1.6903659838563163,9497,57
2026-27,msoc,North Coast Athletic Conference (NCAC),ncac,Oberlin,"Popkin, Orlando",Orlando,Popkin,,515,"Popkin, Orlando","POPKIN,ORLANDO",Oberlin,OBE,1221-4144,5,2,15,0,15,0.0,0.0,0.0,0.0,0.0,0.0,0.0,0.0,0.0,0.0,0.0,0.0,0.0,0.0,0.0,0.0,0.0,0.0,0.0,0.0,0.0,0.0,3.0,0.0,1.0,0.0,0.6,0.2,0.0,0.0,0.0,,191:00,0.0,0.0,0.0,,,,,,,,,,,,,,,,,,,,,,-1.6903659838563163,9534,57
2026-27,msoc,North Coast Athletic Conference (NCAC),ncac,Kenyon,"Portillo, Pablo",Pablo,Portillo,,335,"Portillo, Pablo","PORTILLO,PABLO",Kenyon,KEN,1219-2677,2,0,15,0,15,0.0,0.0,0.0,0.0,0.0,0.0,0.0,0.0,0.0,0.0,0.0,0.0,0.0,0.0,0.0,0.0,0.0,0.0,0.0,0.0,0.0,0.0,0.0,0.0,0.0,0.0,0.0,0.0,0.0,0.0,0.0,,21:00,0.0,0.0,0.0,,,,,,,,,,,,,,,,,,,,,,-1.6903659838563163,9540,57
2026-27,msoc,North Coast Athletic Conference (NCAC),ncac,Wabash,"Prather, Carson",Carson,Prather,,747,"Prather, Carson","PRATHER,CARSON",Wabash,WAB,1224-3928,11,6,18,0,18,0.0,0.0,0.0,1.0,0.0,0.0,0.0,0.0,0.0,0.09,0.0,0.0,0.0,0.0,0.0,0.0,0.0,0.0,0.0,0.0,0.0,0.0,11.0,0.0,0.0,0.0,1.0,0.0,0.0,0.0,0.0,,722:00,0.0,0.0,0.0,,,,,,,,,,,,,,,,,,,,,,-1.6903659838563163,9556,57
2026-27,msoc,North Coast Athletic Conference (NCAC),ncac,Wooster,"Pytel, Frederick",Frederick,Pytel,,807,"Pytel, Frederick","PYTEL,FREDERICK",Wooster,WOO,1226-1524,0,0,24,0,24,0.0,0.0,0.0,0.0,0.0,0.0,0.0,0.0,0.0,0.0,0.0,0.0,0.0,0.0,0.0,0.0,0.0,0.0,0.0,0.0,0.0,0.0,0.0,0.0,0.0,0.0,0.0,0.0,0.0,0.0,0.0,,00:00,0.0,0.0,0.0,,,,,,,,,,,,,,,,,,,,,,-1.6903659838563163,9589,57
2026-27,msoc,North Coast Athletic Conference (NCAC),ncac,Oberlin,"Quiwon, Dennis",Dennis,Quiwon,,515,"Quiwon, Dennis","QUIWON,DENNIS",Oberlin,OBE,1221-4345,0,0,1,0,1,0.0,0.0,0.0,0.0,0.0,0.0,0.0,0.0,0.0,0.0,0.0,0.0,0.0,0.0,0.0,0.0,0.0,0.0,0.0,0.0,0.0,0.0,0.0,0.0,0.0,0.0,0.0,0.0,0.0,0.0,0.0,,00:00,0.0,0.0,0.0,,,,,,,,,,,,,,,,,,,,,,-1.6903659838563163,9603,57
2026-27,msoc,North Coast Athletic Conference (NCAC),ncac,Wittenberg,"Rahm, Gabrial",Gabrial,Rahm,,806,"Rahm, Gabrial","RAHM,GABRIAL",Wittenberg,WIT,0,1,1,34,0,34,0.0,0.0,0.0,1.0,0.0,0.0,0.0,0.0,0.0,1.0,0.0,0.0,0.0,0.0,0.0,0.0,0.0,0.0,0.0,0.0,0.0,0.0,0.0,0.0,0.0,0.0,0.0,0.0,0.0,0.0,0.0,,90:00,0.0,0.0,0.0,,,,,,,,,,,,,,,,,,,,,,-1.6903659838563163,9613,57
2026-27,msoc,North Coast Athletic Conference (NCAC),ncac,Wittenberg,"Rainer, Ashton",Ashton,Rainer,,806,"Rainer, Ashton","RAINER,ASHTON",Wittenberg,WIT,0,0,0,9,0,9,0.0,0.0,0.0,0.0,0.0,0.0,0.0,0.0,0.0,0.0,0.0,0.0,0.0,0.0,0.0,0.0,0.0,0.0,0.0,0.0,0.0,0.0,0.0,0.0,0.0,0.0,0.0,0.0,0.0,0.0,0.0,,00:00,0.0,0.0,0.0,,,,,,,,,,,,,,,,,,,,,,-1.6903659838563163,9615,57
2026-27,msoc,North Coast Athletic Conference (NCAC),ncac,John Carroll,"Ranaletta, Trey",Trey,Ranaletta,,320,"Ranaletta, Trey","RANALETTA,TREY",John Carroll,JCU,1277-7319,0,0,36,0,36,0.0,0.0,0.0,0.0,0.0,0.0,0.0,0.0,0.0,0.0,0.0,0.0,0.0,0.0,0.0,0.0,0.0,0.0,0.0,0.0,0.0,0.0,0.0,0.0,0.0,0.0,0.0,0.0,0.0,0.0,0.0,,00:00,0.0,0.0,0.0,,,,,,,,,,,,,,,,,,,,,,-1.6903659838563163,9645,57
2026-27,msoc,North Coast Athletic Conference (NCAC),ncac,John Carroll,"Rangel, Brandon",Brandon,Rangel,,320,"Rangel, Brandon","RANGEL,BRANDON",John Carroll,JCU,1277-7763,3,0,35,0,35,0.0,0.0,0.0,0.0,0.0,0.0,0.0,0.0,0.0,0.0,0.0,0.0,0.0,0.0,0.0,0.0,0.0,0.0,0.0,0.0,0.0,0.0,0.0,0.0,0.0,0.0,0.0,0.0,0.0,0.0,0.0,,69:00,0.0,0.0,0.0,,,,,,,,,,,,,,,,,,,,,,-1.6903659838563163,9649,57
2026-27,msoc,North Coast Athletic Conference (NCAC),ncac,Wabash,"Rawlins, Charlie",Charlie,Rawlins,,747,"Rawlins, Charlie","RAWLINS,CHARLIE",Wabash,WAB,1224-4044,1,0,34,0,34,0.0,0.0,0.0,1.0,0.0,0.0,0.0,0.0,0.0,1.0,0.0,0.0,0.0,0.0,0.0,0.0,0.0,0.0,0.0,0.0,0.0,0.0,0.0,0.0,0.0,0.0,0.0,0.0,0.0,0.0,0.0,,23:00,0.0,0.0,0.0,,,,,,,,,,,,,,,,,,,,,,-1.6903659838563163,9653,57
2026-27,msoc,North Coast Athletic Conference (NCAC),ncac,John Carroll,"Regan, Sean",Sean,Regan,,320,"Regan, Sean","REGAN,SEAN",John Carroll,JCU,1277-7974,9,1,34,0,34,0.0,0.0,0.0,1.0,0.0,0.0,0.0,0.0,0.0,0.11,0.0,0.0,0.0,0.0,0.0,0.0,0.0,0.0,0.0,0.0,0.0,0.0,0.0,0.0,0.0,0.0,0.0,0.0,0.0,0.0,0.0,,215:00,0.0,0.0,0.0,,,,,,,,,,,,,,,,,,,,,,-1.6903659838563163,9673,57
2026-27,msoc,North Coast Athletic Conference (NCAC),ncac,Wittenberg,"Reppa, Matthew",Matthew,Reppa,,806,"Reppa, Matthew","REPPA,MATTHEW",Wittenberg,WIT,0,0,0,19,0,19,0.0,0.0,0.0,0.0,0.0,0.0,0.0,0.0,0.0,0.0,0.0,0.0,0.0,0.0,0.0,0.0,0.0,0.0,0.0,0.0,0.0,0.0,0.0,0.0,0.0,0.0,0.0,0.0,0.0,0.0,0.0,,00:00,0.0,0.0,0.0,,,,,,,,,,,,,,,,,,,,,,-1.6903659838563163,9692,57
2026-27,msoc,North Coast Athletic Conference (NCAC),ncac,Wittenberg,"Reyes, Trenton",Trenton,Reyes,,806,"Reyes, Trenton","REYES,TRENTON",Wittenberg,WIT,0,0,0,14,0,14,0.0,0.0,0.0,0.0,0.0,0.0,0.0,0.0,0.0,0.0,0.0,0.0,0.0,0.0,0.0,0.0,0.0,0.0,0.0,0.0,0.0,0.0,0.0,0.0,0.0,0.0,0.0,0.0,0.0,0.0,0.0,,00:00,0.0,0.0,0.0,,,,,,,,,,,,,,,,,,,,,,-1.6903659838563163,9705,56
2026-27,msoc,North Coast Athletic Conference (NCAC),ncac,Oberlin,"Rho, Jesse",Jesse,Rho,,515,"Rho, Jesse","RHO,JESSE",Oberlin,OBE,1221-4145,4,1,5,0,5,0.0,0.0,0.0,0.0,0.0,0.0,0.0,0.0,0.0,0.0,0.0,0.0,0.0,0.0,0.0,0.0,0.0,0.0,0.0,0.0,0.0,0.0,1.0,0.0,0.0,0.0,0.25,0.0,0.0,0.0,0.0,,103:00,0.0,0.0,0.0,,,,,,,,,,,,,,,,,,,,,,-1.6903659838563163,9708,56
2026-27,msoc,North Coast Athletic Conference (NCAC),ncac,Wittenberg,"Richards, Lucas",Lucas,Richards,,806,"Richards, Lucas","RICHARDS,LUCAS",Wittenberg,WIT,0,0,0,15,0,15,0.0,0.0,0.0,0.0,0.0,0.0,0.0,0.0,0.0,0.0,0.0,0.0,0.0,0.0,0.0,0.0,0.0,0.0,0.0,0.0,0.0,0.0,0.0,0.0,0.0,0.0,0.0,0.0,0.0,0.0,0.0,,00:00,0.0,0.0,0.0,,,,,,,,,,,,,,,,,,,,,,-1.6903659838563163,9724,56
2026-27,msoc,North Coast Athletic Conference (NCAC),ncac,Wittenberg,"Robinette, Jaden",Jaden,Robinette,,806,"Robinette, Jaden","ROBINETTE,JADEN",Wittenberg,WIT,0,0,0,88,0,88,0.0,0.0,0.0,0.0,0.0,0.0,0.0,0.0,0.0,0.0,0.0,0.0,0.0,0.0,0.0,0.0,0.0,0.0,0.0,0.0,0.0,0.0,0.0,0.0,0.0,0.0,0.0,0.0,0.0,0.0,0.0,,00:00,0.0,0.0,0.0,,,,,,,,,,,,,,,,,,,,,,-1.6903659838563163,9770,56
2026-27,msoc,North Coast Athletic Conference (NCAC),ncac,Wooster,"Roel, Ben",Ben,Roel,,807,"Roel, Ben","ROEL,BEN",Wooster,WOO,1226-3225,3,0,19,0,19,0.0,0.0,0.0,0.0,0.0,0.0,0.0,0.0,0.0,0.0,0.0,0.0,0.0,0.0,0.0,0.0,0.0,0.0,0.0,0.0,0.0,0.0,1.0,0.0,0.0,0.0,0.33,0.0,0.0,0.0,0.0,,39:00,0.0,0.0,0.0,,,,,,,,,,,,,,,,,,,,,,-1.6903659838563163,9807,56
2026-27,msoc,North Coast Athletic Conference (NCAC),ncac,Wittenberg,"Rosa, Jonathan",Jonathan,Rosa,,806,"Rosa, Jonathan","ROSA,JONATHAN",Wittenberg,WIT,0,0,0,17,0,17,0.0,0.0,0.0,0.0,0.0,0.0,0.0,0.0,0.0,0.0,0.0,0.0,0.0,0.0,0.0,0.0,0.0,0.0,0.0,0.0,0.0,0.0,0.0,0.0,0.0,0.0,0.0,0.0,0.0,0.0,0.0,,00:00,0.0,0.0,0.0,,,,,,,,,,,,,,,,,,,,,,-1.6903659838563163,9837,56
2026-27,msoc,North Coast Athletic Conference (NCAC),ncac,Oberlin,"Rosenbloom, Sydney",Sydney,Rosenbloom,,515,"Rosenbloom, Sydney","ROSENBLOOM,SYDNEY",Oberlin,OBE,1221-4351,0,0,14,0,14,0.0,0.0,0.0,0.0,0.0,0.0,0.0,0.0,0.0,0.0,0.0,0.0,0.0,0.0,0.0,0.0,0.0,0.0,0.0,0.0,0.0,0.0,0.0,0.0,0.0,0.0,0.0,0.0,0.0,0.0,0.0,,00:00,0.0,0.0,0.0,,,,,,,,,,,,,,,,,,,,,,-1.6903659838563163,9841,56
2026-27,msoc,North Coast Athletic Conference (NCAC),ncac,Wooster,"Roth, Wyatt",Wyatt,Roth,,807,"Roth, Wyatt","ROTH,WYATT",Wooster,WOO,1226-3229,1,0,21,0,21,0.0,0.0,0.0,0.0,0.0,0.0,0.0,0.0,0.0,0.0,0.0,0.0,0.0,0.0,0.0,0.0,0.0,0.0,0.0,0.0,0.0,0.0,0.0,0.0,0.0,0.0,0.0,0.0,0.0,0.0,0.0,,14:00,0.0,0.0,0.0,,,,,,,,,,,,,,,,,,,,,,-1.6903659838563163,9850,56
2026-27,msoc,North Coast Athletic Conference (NCAC),ncac,Kenyon,"Ruiz, Sergio",Sergio,Ruiz,,335,"Ruiz, Sergio","RUIZ,SERGIO",Kenyon,KEN,1219-3206,4,0,28,0,28,0.0,0.0,0.0,0.0,0.0,0.0,0.0,0.0,0.0,0.0,0.0,0.0,0.0,0.0,0.0,0.0,0.0,0.0,0.0,0.0,0.0,0.0,1.0,0.0,0.0,0.0,0.25,0.0,0.0,0.0,0.0,,85:00,0.0,0.0,0.0,,,,,,,,,,,,,,,,,,,,,,-1.6903659838563163,9873,56
2026-27,msoc,North Coast Athletic Conference (NCAC),ncac,Denison,"Rushton, Nick",Nick,Rushton,,182,"Rushton, Nick","RUSHTON,NICK",Denison,Deniso,1214-3689,8,1,13,0,13,0.0,0.0,0.0,1.0,0.0,0.0,0.0,0.0,0.0,0.13,0.0,0.0,0.0,0.0,0.0,0.0,0.0,0.0,0.0,0.0,0.0,0.0,3.0,0.0,0.0,0.0,0.38,0.0,0.0,0.0,0.0,,253:00,0.0,0.0,0.0,,,,,,,,,,,,,,,,,,,,,,-1.6903659838563163,9878,56
2026-27,msoc,North Coast Athletic Conference (NCAC),ncac,DePauw,"Ryu, Jungwoo",Jungwoo,Ryu,,177,"Ryu, Jungwoo","RYU,JUNGWOO",DePauw,DEPAUW,1274-6488,2,1,22,0,22,0.0,0.0,0.0,0.0,0.0,0.0,0.0,0.0,0.0,0.0,0.0,0.0,0.0,0.0,0.0,0.0,0.0,0.0,0.0,0.0,0.0,0.0,1.0,0.0,0.0,0.0,0.5,0.0,0.0,0.0,0.0,,73:00,0.0,0.0,0.0,,,,,,,,,,,,,,,,,,,,,,-1.6903659838563163,9899,56
2026-27,msoc,North Coast Athletic Conference (NCAC),ncac,Wittenberg,"Schachnovsky, Cole",Cole,Schachnovsky,,806,"Schachnovsky, Cole","SCHACHNOVSKY,COLE",Wittenberg,WIT,0,0,0,4,0,4,0.0,0.0,0.0,0.0,0.0,0.0,0.0,0.0,0.0,0.0,0.0,0.0,0.0,0.0,0.0,0.0,0.0,0.0,0.0,0.0,0.0,0.0,0.0,0.0,0.0,0.0,0.0,0.0,0.0,0.0,0.0,,00:00,0.0,0.0,0.0,,,,,,,,,,,,,,,,,,,,,,-1.6903659838563163,10009,55
2026-27,msoc,North Coast Athletic Conference (NCAC),ncac,Wittenberg,"Sergent, Ian",Ian,Sergent,,806,"Sergent, Ian","SERGENT,IAN",Wittenberg,WIT,0,4,4,2,0,2,0.0,0.0,0.0,1.0,0.0,0.0,0.0,0.0,0.0,0.25,0.0,0.0,0.0,0.0,0.0,0.0,0.0,0.0,0.0,0.0,0.0,0.0,3.0,0.0,0.0,0.0,0.75,0.0,0.0,0.0,0.0,,172:00,0.0,0.0,0.0,,,,,,,,,,,,,,,,,,,,,,-1.6903659838563163,10097,55
2026-27,msoc,North Coast Athletic Conference (NCAC),ncac,Wooster,"Shannon, Alex",Alex,Shannon,,807,"Shannon, Alex","SHANNON,ALEX",Wooster,WOO,1226-3230,3,0,29,0,29,0.0,0.0,0.0,0.0,0.0,0.0,0.0,0.0,0.0,0.0,0.0,0.0,0.0,0.0,0.0,0.0,0.0,0.0,0.0,0.0,0.0,0.0,0.0,0.0,0.0,0.0,0.0,0.0,0.0,0.0,0.0,,29:00,0.0,0.0,0.0,,,,,,,,,,,,,,,,,,,,,,-1.6903659838563163,10114,55
2026-27,msoc,North Coast Athletic Conference (NCAC),ncac,Wittenberg,"Shay, Connor",Connor,Shay,,806,"Shay, Connor","SHAY,CONNOR",Wittenberg,WIT,0,0,0,18,0,18,0.0,0.0,0.0,0.0,0.0,0.0,0.0,0.0,0.0,0.0,0.0,0.0,0.0,0.0,0.0,0.0,0.0,0.0,0.0,0.0,0.0,0.0,0.0,0.0,0.0,0.0,0.0,0.0,0.0,0.0,0.0,,00:00,0.0,0.0,0.0,,,,,,,,,,,,,,,,,,,,,,-1.6903659838563163,10120,55
2026-27,msoc,North Coast Athletic Conference (NCAC),ncac,DePauw,"Smith, Brady",Brady,Smith,,177,"Smith, Brady","SMITH,BRADY",DePauw,DEPAUW,1274-6242,1,0,35,0,35,0.0,0.0,0.0,0.0,0.0,0.0,0.0,0.0,0.0,0.0,0.0,0.0,0.0,0.0,0.0,0.0,0.0,0.0,0.0,0.0,0.0,0.0,0.0,0.0,0.0,0.0,0.0,0.0,0.0,0.0,0.0,,11:00,0.0,0.0,0.0,,,,,,,,,,,,,,,,,,,,,,-1.6903659838563163,10209,54
2026-27,msoc,North Coast Athletic Conference (NCAC),ncac,Wittenberg,"Smith-Heston, Henry",Henry,Smith-Heston,,806,"Smith-Heston, Henry","SMITH-HESTON,HENRY",Wittenberg,WIT,0,0,0,17,0,17,0.0,0.0,0.0,0.0,0.0,0.0,0.0,0.0,0.0,0.0,0.0,0.0,0.0,0.0,0.0,0.0,0.0,0.0,0.0,0.0,0.0,0.0,0.0,0.0,0.0,0.0,0.0,0.0,0.0,0.0,0.0,,00:00,0.0,0.0,0.0,,,,,,,,,,,,,,,,,,,,,,-1.6903659838563163,10237,54
2026-27,msoc,North Coast Athletic Conference (NCAC),ncac,Wooster,"Snelling, Louie",Louie,Snelling,,807,"Snelling, Louie","SNELLING,LOUIE",Wooster,WOO,1226-3489,2,0,31,0,31,0.0,0.0,0.0,1.0,0.0,0.0,0.0,0.0,0.0,0.5,0.0,0.0,0.0,0.0,0.0,0.0,0.0,0.0,0.0,0.0,0.0,0.0,0.0,0.0,0.0,0.0,0.0,0.0,0.0,0.0,0.0,,19:00,0.0,0.0,0.0,,,,,,,,,,,,,,,,,,,,,,-1.6903659838563163,10240,54
2026-27,msoc,North Coast Athletic Conference (NCAC),ncac,DePauw,"Sowers, Owen",Owen,Sowers,,177,"Sowers, Owen","SOWERS,OWEN",DePauw,DEPAUW,1274-7024,0,0,27,0,27,0.0,0.0,0.0,0.0,0.0,0.0,0.0,0.0,0.0,0.0,0.0,0.0,0.0,0.0,0.0,0.0,0.0,0.0,0.0,0.0,0.0,0.0,0.0,0.0,0.0,0.0,0.0,0.0,0.0,0.0,0.0,,00:00,0.0,0.0,0.0,,,,,,,,,,,,,,,,,,,,,,-1.6903659838563163,10274,54
2026-27,msoc,North Coast Athletic Conference (NCAC),ncac,Wittenberg,"Sugar, Owen",Owen,Sugar,,806,"Sugar, Owen","SUGAR,OWEN",Wittenberg,WIT,0,2,0,13,0,13,0.0,0.0,0.0,0.0,0.0,0.0,0.0,0.0,0.0,0.0,0.0,0.0,0.0,0.0,0.0,0.0,0.0,0.0,0.0,0.0,0.0,0.0,0.0,0.0,0.0,0.0,0.0,0.0,0.0,0.0,0.0,,31:00,0.0,0.0,0.0,,,,,,,,,,,,,,,,,,,,,,-1.6903659838563163,10374,54
2026-27,msoc,North Coast Athletic Conference (NCAC),ncac,DePauw,"Sumner, Cayden",Cayden,Sumner,,177,"Sumner, Cayden","SUMNER,CAYDEN",DePauw,DEPAUW,1274-6489,0,0,4,0,4,0.0,0.0,0.0,0.0,0.0,0.0,0.0,0.0,0.0,0.0,0.0,0.0,0.0,0.0,0.0,0.0,0.0,0.0,0.0,0.0,0.0,0.0,0.0,0.0,0.0,0.0,0.0,0.0,0.0,0.0,0.0,,00:00,0.0,0.0,0.0,,,,,,,,,,,,,,,,,,,,,,-1.6903659838563163,10381,54
2026-27,msoc,North Coast Athletic Conference (NCAC),ncac,Wittenberg,"Talavera, Adrian",Adrian,Talavera,,806,"Talavera, Adrian","TALAVERA,ADRIAN",Wittenberg,WIT,0,2,0,31,0,31,0.0,0.0,0.0,0.0,0.0,0.0,0.0,0.0,0.0,0.0,0.0,0.0,0.0,0.0,0.0,0.0,0.0,0.0,0.0,0.0,0.0,0.0,0.0,0.0,0.0,0.0,0.0,0.0,0.0,0.0,0.0,,18:00,0.0,0.0,0.0,,,,,,,,,,,,,,,,,,,,,,-1.6903659838563163,10405,54
2026-27,msoc,North Coast Athletic Conference (NCAC),ncac,Oberlin,"Tan, Brendan",Brendan,Tan,,515,"Tan, Brendan","TAN,BRENDAN",Oberlin,OBE,1221-4146,3,1,16,0,16,0.0,0.0,0.0,0.0,0.0,0.0,0.0,0.0,0.0,0.0,0.0,0.0,0.0,0.0,0.0,0.0,0.0,0.0,0.0,0.0,0.0,0.0,0.0,0.0,0.0,0.0,0.0,0.0,0.0,0.0,0.0,,65:00,0.0,0.0,0.0,,,,,,,,,,,,,,,,,,,,,,-1.6903659838563163,10409,54
2026-27,msoc,North Coast Athletic Conference (NCAC),ncac,Kenyon,"Todo, Hyugo",Hyugo,Todo,,335,"Todo, Hyugo","TODO,HYUGO",Kenyon,KEN,1219-3011,4,0,18,0,18,0.0,0.0,0.0,1.0,0.0,0.0,0.0,0.0,0.0,0.25,0.0,0.0,0.0,0.0,0.0,0.0,0.0,0.0,0.0,0.0,0.0,0.0,0.0,0.0,0.0,0.0,0.0,0.0,0.0,0.0,0.0,,57:00,0.0,0.0,0.0,,,,,,,,,,,,,,,,,,,,,,-1.6903659838563163,10494,53
2026-27,msoc,North Coast Athletic Conference (NCAC),ncac,Denison,"Tracey-Elcombe, Hiden",Hiden,Tracey-Elcombe,,182,"Tracey-Elcombe, Hiden","TRACEY-ELCOMBE,HIDEN",Denison,Deniso,1214-3953,6,0,23,0,23,0.0,0.0,0.0,1.0,0.0,0.0,0.0,0.0,0.0,0.17,0.0,0.0,0.0,0.0,0.0,0.0,0.0,0.0,0.0,0.0,0.0,0.0,1.0,0.0,0.0,0.0,0.17,0.0,0.0,0.0,0.0,,96:00,0.0,0.0,0.0,,,,,,,,,,,,,,,,,,,,,,-1.6903659838563163,10530,53
2026-27,msoc,North Coast Athletic Conference (NCAC),ncac,Wittenberg,"Trimmer, Noah",Noah,Trimmer,,806,"Trimmer, Noah","TRIMMER,NOAH",Wittenberg,WIT,0,2,1,33,0,33,0.0,0.0,0.0,0.0,0.0,0.0,0.0,0.0,0.0,0.0,0.0,0.0,0.0,0.0,0.0,0.0,0.0,0.0,0.0,0.0,0.0,0.0,0.0,0.0,0.0,0.0,0.0,0.0,0.0,0.0,0.0,,17:00,0.0,0.0,0.0,,,,,,,,,,,,,,,,,,,,,,-1.6903659838563163,10543,53
2026-27,msoc,North Coast Athletic Conference (NCAC),ncac,Oberlin,"Trinacty, Lucas",Lucas,Trinacty,,515,"Trinacty, Lucas","TRINACTY,LUCAS",Oberlin,OBE,1221-4349,6,4,13,0,13,0.0,0.0,0.0,0.0,0.0,0.0,0.0,0.0,0.0,0.0,0.0,0.0,0.0,0.0,0.0,0.0,0.0,0.0,0.0,0.0,0.0,0.0,3.0,0.0,0.0,0.0,0.5,0.0,0.0,0.0,0.0,,396:00,0.0,0.0,0.0,,,,,,,,,,,,,,,,,,,,,,-1.6903659838563163,10544,53
2026-27,msoc,North Coast Athletic Conference (NCAC),ncac,John Carroll,"Vance, Emmet",Emmet,Vance,,320,"Vance, Emmet","VANCE,EMMET",John Carroll,JCU,1277-7977,0,0,21,0,21,0.0,0.0,0.0,0.0,0.0,0.0,0.0,0.0,0.0,0.0,0.0,0.0,0.0,0.0,0.0,0.0,0.0,0.0,0.0,0.0,0.0,0.0,0.0,0.0,0.0,0.0,0.0,0.0,0.0,0.0,0.0,,00:00,0.0,0.0,0.0,,,,,,,,,,,,,,,,,,,,,,-1.6903659838563163,10619,53
2026-27,msoc,North Coast Athletic Conference (NCAC),ncac,DePauw,"Vedell, Pierce",Pierce,Vedell,,177,"Vedell, Pierce","VEDELL,PIERCE",DePauw,DEPAUW,1274-7025,0,0,0,0,0,0.0,0.0,0.0,0.0,0.0,0.0,0.0,0.0,0.0,0.0,0.0,0.0,0.0,0.0,0.0,0.0,0.0,0.0,0.0,0.0,0.0,0.0,0.0,0.0,0.0,0.0,0.0,0.0,0.0,0.0,0.0,,00:00,0.0,0.0,0.0,,,,,,,,,,,,,,,,,,,,,,-1.6903659838563163,10651,53
2026-27,msoc,North Coast Athletic Conference (NCAC),ncac,Wabash,"Vera, Tyler",Tyler,Vera,,747,"Vera, Tyler","VERA,TYLER",Wabash,WAB,1224-4045,2,0,3,0,3,0.0,0.0,0.0,0.0,0.0,0.0,0.0,0.0,0.0,0.0,0.0,0.0,0.0,0.0,0.0,0.0,0.0,0.0,0.0,0.0,0.0,0.0,1.0,0.0,0.0,0.0,0.5,0.0,0.0,0.0,0.0,,19:00,0.0,0.0,0.0,,,,,,,,,,,,,,,,,,,,,,-1.6903659838563163,10670,53
2026-27,msoc,North Coast Athletic Conference (NCAC),ncac,Wittenberg,"Verginis, Evangelos",Evangelos,Verginis,,806,"Verginis, Evangelos","VERGINIS,EVANGELOS",Wittenberg,WIT,0,4,0,32,0,32,0.0,0.0,0.0,0.0,0.0,0.0,0.0,0.0,0.0,0.0,0.0,0.0,0.0,0.0,0.0,0.0,0.0,0.0,0.0,0.0,0.0,0.0,0.0,0.0,0.0,0.0,0.0,0.0,0.0,0.0,0.0,,48:00,0.0,0.0,0.0,,,,,,,,,,,,,,,,,,,,,,-1.6903659838563163,10674,53
2026-27,msoc,North Coast Athletic Conference (NCAC),ncac,John Carroll,"Villa, Daniel",Daniel,Villa,,320,"Villa, Daniel","VILLA,DANIEL",John Carroll,JCU,1277-7323,2,0,7,0,7,0.0,0.0,0.0,0.0,0.0,0.0,0.0,0.0,0.0,0.0,0.0,0.0,0.0,0.0,0.0,0.0,0.0,0.0,0.0,0.0,0.0,0.0,0.0,0.0,0.0,0.0,0.0,0.0,0.0,0.0,0.0,,71:00,0.0,0.0,0.0,,,,,,,,,,,,,,,,,,,,,,-1.6903659838563163,10684,53
2026-27,msoc,North Coast Athletic Conference (NCAC),ncac,Oberlin,"Von Fintel, Kai",Kai,Von Fintel,,515,"Von Fintel, Kai","VON FINTEL,KAI",Oberlin,OBE,1221-3969,8,0,19,0,19,0.0,0.0,0.0,0.0,0.0,0.0,0.0,0.0,0.0,0.0,0.0,0.0,0.0,0.0,0.0,0.0,0.0,0.0,0.0,0.0,0.0,0.0,2.0,0.0,0.0,0.0,0.25,0.0,0.0,0.0,0.0,,164:00,0.0,0.0,0.0,,,,,,,,,,,,,,,,,,,,,,-1.6903659838563163,10705,53
2026-27,msoc,North Coast Athletic Conference (NCAC),ncac,Wooster,"Vorenkamp, Quinlan",Quinlan,Vorenkamp,,807,"Vorenkamp, Quinlan","VORENKAMP,QUINLAN",Wooster,WOO,1226-3492,0,0,34,0,34,0.0,0.0,0.0,0.0,0.0,0.0,0.0,0.0,0.0,0.0,0.0,0.0,0.0,0.0,0.0,0.0,0.0,0.0,0.0,0.0,0.0,0.0,0.0,0.0,0.0,0.0,0.0,0.0,0.0,0.0,0.0,,00:00,0.0,0.0,0.0,,,,,,,,,,,,,,,,,,,,,,-1.6903659838563163,10706,53
2026-27,msoc,North Coast Athletic Conference (NCAC),ncac,Denison,"Walsh, Adian",Adian,Walsh,,182,"Walsh, Adian","WALSH,ADIAN",Denison,Deniso,1214-3692,4,0,2,0,2,0.0,0.0,0.0,1.0,0.0,0.0,0.0,0.0,0.0,0.25,0.0,0.0,0.0,0.0,0.0,0.0,0.0,0.0,0.0,0.0,0.0,0.0,0.0,0.0,1.0,0.0,0.0,0.25,0.0,0.0,0.0,,103:00,0.0,0.0,0.0,,,,,,,,,,,,,,,,,,,,,,-1.6903659838563163,10728,52
2026-27,msoc,North Coast Athletic Conference (NCAC),ncac,John Carroll,"Weislogel, Shea",Shea,Weislogel,,320,"Weislogel, Shea","WEISLOGEL,SHEA",John Carroll,JCU,1277-7324,0,0,18,0,18,0.0,0.0,0.0,0.0,0.0,0.0,0.0,0.0,0.0,0.0,0.0,0.0,0.0,0.0,0.0,0.0,0.0,0.0,0.0,0.0,0.0,0.0,0.0,0.0,0.0,0.0,0.0,0.0,0.0,0.0,0.0,,00:00,0.0,0.0,0.0,,,,,,,,,,,,,,,,,,,,,,-1.6903659838563163,10772,52
2026-27,msoc,North Coast Athletic Conference (NCAC),ncac,Oberlin,"Whalen Stewart, Levi",Levi,Whalen Stewart,,515,"Whalen Stewart, Levi","WHALEN STEWART,LEVI",Oberlin,OBE,1221-4348,5,1,17,0,17,0.0,0.0,0.0,2.0,0.0,0.0,0.0,0.0,0.0,0.4,0.0,0.0,0.0,0.0,0.0,0.0,0.0,0.0,0.0,0.0,0.0,0.0,0.0,0.0,0.0,0.0,0.0,0.0,0.0,0.0,0.0,,232:00,0.0,0.0,0.0,,,,,,,,,,,,,,,,,,,,,,-1.6903659838563163,10795,52
2026-27,msoc,North Coast Athletic Conference (NCAC),ncac,Wittenberg,"Wightman, Kevin",Kevin,Wightman,,806,"Wightman, Kevin","WIGHTMAN,KEVIN",Wittenberg,WIT,0,1,0,18,0,18,0.0,0.0,0.0,0.0,0.0,0.0,0.0,0.0,0.0,0.0,0.0,0.0,0.0,0.0,0.0,0.0,0.0,0.0,0.0,0.0,0.0,0.0,0.0,0.0,0.0,0.0,0.0,0.0,0.0,0.0,0.0,,00:00,0.0,0.0,0.0,,,,,,,,,,,,,,,,,,,,,,-1.6903659838563163,10821,52
2026-27,msoc,North Coast Athletic Conference (NCAC),ncac,Ohio Wesleyan,"Wilson, Coen",Coen,Wilson,,520,"Wilson, Coen","WILSON,COEN",Ohio Wesleyan,OWU,1222-3496,7,1,34,0,34,0.0,0.0,0.0,7.0,0.0,0.0,0.0,0.0,0.0,1.0,0.0,0.0,0.0,0.0,0.0,0.0,0.0,0.0,0.0,0.0,0.0,0.0,4.0,0.0,0.0,0.0,0.57,0.0,0.0,0.0,0.0,,191:00,0.0,0.0,0.0,,,,,,,,,,,,,,,,,,,,,,-1.6903659838563163,10854,52
2026-27,msoc,North Coast Athletic Conference (NCAC),ncac,Denison,"Worrell, Ethan",Ethan,Worrell,,182,"Worrell, Ethan","WORRELL,ETHAN",Denison,Deniso,1214-3952,1,0,31,0,31,0.0,0.0,0.0,0.0,0.0,0.0,0.0,0.0,0.0,0.0,0.0,0.0,0.0,0.0,0.0,0.0,0.0,0.0,0.0,0.0,0.0,0.0,0.0,0.0,0.0,0.0,0.0,0.0,0.0,0.0,0.0,,10:00,0.0,0.0,0.0,,,,,,,,,,,,,,,,,,,,,,-1.6903659838563163,10882,52
2026-27,msoc,North Coast Athletic Conference (NCAC),ncac,Oberlin,"Yarris, Gabe",Gabe,Yarris,,515,"Yarris, Gabe","YARRIS,GABE",Oberlin,OBE,1221-4347,1,0,2,0,2,0.0,0.0,0.0,0.0,0.0,0.0,0.0,0.0,0.0,0.0,0.0,0.0,0.0,0.0,0.0,0.0,0.0,0.0,0.0,0.0,0.0,0.0,0.0,0.0,0.0,0.0,0.0,0.0,0.0,0.0,0.0,,24:00,0.0,0.0,0.0,,,,,,,,,,,,,,,,,,,,,,-1.6903659838563163,10914,52
2026-27,msoc,North Coast Athletic Conference (NCAC),ncac,DePauw,"Yogesh, Aditya",Aditya,Yogesh,,177,"Yogesh, Aditya","YOGESH,ADITYA",DePauw,DEPAUW,1274-6491,2,1,26,0,26,0.0,0.0,0.0,0.0,0.0,0.0,0.0,0.0,0.0,0.0,0.0,0.0,0.0,0.0,0.0,0.0,0.0,0.0,0.0,0.0,0.0,0.0,1.0,0.0,0.0,0.0,0.5,0.0,0.0,0.0,0.0,,95:00,0.0,0.0,0.0,,,,,,,,,,,,,,,,,,,,,,-1.6903659838563163,10924,52
2026-27,msoc,North Coast Athletic Conference (NCAC),ncac,Wittenberg,"Yost, Joseph",Joseph,Yost,,806,"Yost, Joseph","YOST,JOSEPH",Wittenberg,WIT,0,5,1,11,0,11,0.0,0.0,0.0,1.0,0.0,0.0,0.0,0.0,0.0,0.2,0.0,0.0,0.0,0.0,0.0,0.0,0.0,0.0,0.0,0.0,0.0,0.0,1.0,0.0,0.0,0.0,0.2,0.0,0.0,0.0,0.0,,104:00,0.0,0.0,0.0,,,,,,,,,,,,,,,,,,,,,,-1.6903659838563163,10927,52
2026-27,msoc,North Coast Athletic Conference (NCAC),ncac,Wabash,"Zavala, Marc",Marc,Zavala,,747,"Zavala, Marc","ZAVALA,MARC",Wabash,WAB,1224-3724,2,0,23,0,23,0.0,0.0,0.0,0.0,0.0,0.0,0.0,0.0,0.0,0.0,0.0,0.0,0.0,0.0,0.0,0.0,0.0,0.0,0.0,0.0,0.0,0.0,0.0,0.0,0.0,0.0,0.0,0.0,0.0,0.0,0.0,,43:00,0.0,0.0,0.0,,,,,,,,,,,,,,,,,,,,,,-1.6903659838563163,10957,52
2026-27,msoc,North Coast Athletic Conference (NCAC),ncac,Wittenberg,"de Gama, Matteo",Matteo,de Gama,,806,"de Gama, Matteo","DE GAMA,MATTEO",Wittenberg,WIT,0,3,2,8,0,8,0.0,0.0,0.0,0.0,0.0,0.0,0.0,0.0,0.0,0.0,0.0,0.0,0.0,0.0,0.0,0.0,0.0,0.0,0.0,0.0,0.0,0.0,0.0,0.0,0.0,0.0,0.0,0.0,0.0,0.0,0.0,,83:00,0.0,0.0,0.0,,,,,,,,,,,,,,,,,,,,,,-1.6903659838563163,10989,51
2026-27,msoc,North Coast Athletic Conference (NCAC),ncac,John Carroll,"Sampson, Bryce",Bryce,Sampson,,320,"Sampson, Bryce","SAMPSON,BRYCE",John Carroll,JCU,1277-7975,4,4,98,0,98,0.0,0.0,0.0,0.0,0.0,0.0,0.0,0.0,0.0,0.0,0.0,0.0,0.0,0.0,0.0,0.0,0.0,0.0,0.0,0.0,0.0,0.0,0.0,0.0,0.0,0.0,0.0,0.0,0.0,0.0,0.0,,360:00,0.0,0.0,0.0,38.0,1.0,2.0,1.0,2.0,0.545,1.25,6.0,5.0,360:00,4.0,4.0,1.25,0.545,0.5,1.5,,,,,,-1.833034530629413,11033,51
2026-27,msoc,North Coast Athletic Conference (NCAC),ncac,John Carroll,"Gerba, Sean",Sean,Gerba,,320,"Gerba, Sean","GERBA,SEAN",John Carroll,JCU,1277-7753,1,1,0,0,0,0.0,0.0,0.0,0.0,0.0,0.0,0.0,0.0,0.0,0.0,0.0,0.0,0.0,0.0,0.0,0.0,0.0,0.0,0.0,0.0,0.0,0.0,0.0,0.0,0.0,0.0,0.0,0.0,0.0,0.0,0.0,,90:00,0.0,0.0,0.0,13.0,0.0,1.0,0.0,0.0,0.6,2.0,3.0,2.0,90:00,1.0,1.0,2.0,0.6,0.0,3.0,,,,,,-1.998555889866877,11072,51
2026-27,msoc,North Coast Athletic Conference (NCAC),ncac,Oberlin,"Puttagunta, Ved",Ved,Puttagunta,,515,"Puttagunta, Ved","PUTTAGUNTA,VED",Oberlin,OBE,1221-4346,2,2,0,0,0,0.0,0.0,0.0,0.0,0.0,0.0,0.0,0.0,0.0,0.0,0.0,0.0,0.0,0.0,0.0,0.0,0.0,0.0,0.0,0.0,0.0,0.0,0.0,0.0,0.0,0.0,0.0,0.0,0.0,0.0,0.0,,180:00,0.0,0.0,0.0,42.0,0.0,1.0,1.0,0.0,0.667,3.0,12.0,6.0,180:00,2.0,2.0,3.0,0.667,0.0,6.0,,,,,,-2.2400437176699177,11113,51
2026-27,msoc,North Coast Athletic Conference (NCAC),ncac,Ohio Wesleyan,"Hertzberg, Zach",Zach,Hertzberg,,520,"Hertzberg, Zach","HERTZBERG,ZACH",Ohio Wesleyan,OWU,1222-3103,7,4,32,0,32,0.0,0.0,0.0,0.0,0.0,0.0,0.0,0.0,0.0,0.0,0.0,0.0,0.0,0.0,0.0,0.0,0.0,0.0,0.0,0.0,0.0,0.0,1.0,0.0,1.0,0.0,0.14,0.14,0.0,0.0,0.0,,379:00,0.0,0.0,0.0,50.0,1.0,3.0,0.0,0.0,0.586,2.86,17.0,12.0,378:13,4.0,7.0,1.71,0.586,0.0,2.43,,,,,,-2.441367826378165,11146,51
2026-27,msoc,North Coast Athletic Conference (NCAC),ncac,Wabash,"Sanich, Gabe",Gabe,Sanich,,747,"Sanich, Gabe","SANICH,GABE",Wabash,WAB,1224-4036,3,2,0,0,0,0.0,0.0,0.0,0.0,0.0,0.0,0.0,0.0,0.0,0.0,0.0,0.0,0.0,0.0,0.0,0.0,0.0,0.0,0.0,0.0,0.0,0.0,0.0,0.0,0.0,0.0,0.0,0.0,0.0,0.0,0.0,,193:00,0.0,0.0,0.0,15.0,0.0,1.0,1.0,0.0,0.429,1.87,3.0,4.0,193:05,2.0,3.0,1.33,0.429,0.0,1.0,,,,,,-2.4999694806669357,11148,51
2026-27,msoc,North Coast Athletic Conference (NCAC),ncac,Kenyon,"Giles, Jack",Jack,Giles,,335,"Giles, Jack","GILES,JACK",Kenyon,KEN,1219-3208,2,0,31,0,31,0.0,0.0,0.0,0.0,0.0,0.0,0.0,0.0,0.0,0.0,0.0,0.0,0.0,0.0,0.0,0.0,0.0,0.0,0.0,0.0,0.0,0.0,0.0,0.0,0.0,0.0,0.0,0.0,0.0,0.0,0.0,,29:00,0.0,0.0,0.0,1.0,0.0,0.0,0.0,0.0,0.0,0.0,0.0,0.0,30:19,0.0,2.0,0.0,0.0,0.0,0.0,,,,,,-3.045483900051266,11211,50
2026-27,msoc,North Coast Athletic Conference (NCAC),ncac,Kenyon,"Hand, Liam",Liam,Hand,,335,"Hand, Liam","HAND,LIAM",Kenyon,KEN,1219-3209,1,0,32,0,32,0.0,0.0,0.0,0.0,0.0,0.0,0.0,0.0,0.0,0.0,0.0,0.0,0.0,0.0,0.0,0.0,0.0,0.0,0.0,0.0,0.0,0.0,0.0,0.0,0.0,0.0,0.0,0.0,0.0,0.0,0.0,,17:00,0.0,0.0,0.0,0.0,0.0,0.0,0.0,0.0,0.0,0.0,0.0,0.0,17:19,0.0,1.0,0.0,0.0,0.0,0.0,,,,,,-3.045483900051266,11214,50
2026-27,msoc,North Coast Athletic Conference (NCAC),ncac,Wooster,"Sotiriadis, Stefanos",Stefanos,Sotiriadis,,807,"Sotiriadis, Stefanos","SOTIRIADIS,STEFANOS",Wooster,WOO,1226-3221,1,0,1,0,1,0.0,0.0,0.0,0.0,0.0,0.0,0.0,0.0,0.0,0.0,0.0,0.0,0.0,0.0,0.0,0.0,0.0,0.0,0.0,0.0,0.0,0.0,0.0,0.0,0.0,0.0,0.0,0.0,0.0,0.0,0.0,,38:00,0.0,0.0,0.0,4.0,0.0,0.0,0.0,0.0,0.0,0.0,0.0,0.0,37:29,0.0,1.0,0.0,0.0,0.0,0.0,,,,,,-3.045483900051266,11248,50
2026-27,msoc,North Coast Athletic Conference (NCAC),ncac,John Carroll,"Szucs, Owen",Owen,Szucs,,320,"Szucs, Owen","SZUCS,OWEN",John Carroll,JCU,1277-7766,2,2,1,0,1,0.0,0.0,0.0,0.0,0.0,0.0,0.0,0.0,0.0,0.0,0.0,0.0,0.0,0.0,0.0,0.0,0.0,0.0,0.0,0.0,0.0,0.0,1.0,0.0,0.0,0.0,0.5,0.0,0.0,0.0,0.0,,149:00,0.0,0.0,0.0,14.0,0.0,1.0,1.0,1.0,0.333,2.43,2.0,4.0,148:40,2.0,2.0,2.0,0.333,0.5,1.0,,,,,,-3.0735561780914535,11265,50
