season,sport,conference,conference_code,team,player_name,first_name,last_name,position,team_code,name,checkname,team_name,team_id,sdrm_id,games_played,games_started,uniform,year,code,shot_stats_penalty_kick_attempts,shot_stats_penalty_kick_goals,shot_stats_shots_on_goal,shot_stats_shots,shot_stats_points,shot_stats_assists,shot_stats_goals,shot_stats_penalty_shot_attempts,shot_stats_penalty_shot_goals,shot_stats_avg_shots_per_game,shot_stats_avg_sog_per_game,shot_stats_avg_points_per_game,shot_stats_avg_goals_per_game,shot_stats_avg_assists_per_game,shot_stats_shots_saved_by_goalie,goal_stats_game_tying,goal_stats_hattricks,goal_stats_overtime,goal_stats_first,goal_stats_unassisted,goal_stats_game_winning,goal_stats_avg_gw_per_game,caution_stats_fouls,caution_stats_red_cards,caution_stats_yellow_cards,caution_stats_green_cards,caution_stats_avg_fouls_per_game,caution_stats_avg_yc_per_game,caution_stats_avg_rc_per_game,caution_stats_avg_gc_per_game,misc_stats_offsides,misc_stats_corner_kicks,misc_stats_minutes_played,misc_stats_defensive_saves,misc_stats_avg_corners_per_game,misc_stats_avg_offsides_per_game,goalie_stats_shots_faced,goalie_stats_ties,goalie_stats_losses,goalie_stats_wins,goalie_stats_shutouts,goalie_stats_save_percentage,goalie_stats_goals_against_avg,goalie_stats_saves,goalie_stats_goals_allowed,goalie_stats_minutes,goalie_stats_games_started,goalie_stats_games_played,goalie_stats_avg_ga_per_game,goalie_stats_save_percentage_calc,goalie_stats_avg_sho_per_game,goalie_stats_avg_saves_per_game,goalie_stats,shot_stats,goal_stats,caution_stats,misc_stats,composite_score,global_rank,rating
2026-27,msoc,New Jersey Athletic Conference (NJAC),njac,Montclair State,"Monteiro, Tomas",Tomas,Monteiro,,442,"Monteiro, Tomas","MONTEIRO,TOMAS",Montclair State,MSU,1149-14990,10,9,9,0,9,0.0,0.0,16.0,28.0,24.0,4.0,10.0,0.0,0.0,2.8,1.6,2.4,1.0,0.4,6.0,0.0,1.0,0.0,2.0,0.0,1.0,0.1,5.0,0.0,0.0,0.0,0.5,0.0,0.0,0.0,0.0,,539:00,0.0,0.0,0.0,,,,,,,,,,,,,,,,,,,,,,29.906385487798012,6,98
2026-27,msoc,New Jersey Athletic Conference (NJAC),njac,Ramapo,"Radoncic, Dino",Dino,Radoncic,,564,"Radoncic, Dino","RADONCIC,DINO",Ramapo,RAM,1152-4090,8,8,5,0,5,0.0,0.0,14.0,21.0,14.0,2.0,6.0,0.0,0.0,2.63,1.75,1.75,0.75,0.25,8.0,0.0,0.0,0.0,3.0,2.0,1.0,0.125,6.0,0.0,0.0,0.0,0.75,0.0,0.0,0.0,0.0,,461:00,0.0,0.0,0.0,,,,,,,,,,,,,,,,,,,,,,17.407907571511927,49,95
2026-27,msoc,New Jersey Athletic Conference (NJAC),njac,New Paltz,"Dhanoolal, Brandon",Brandon,Dhanoolal,,475,"Dhanoolal, Brandon","DHANOOLAL,BRANDON",New Paltz,NP,1182-8552,8,8,10,0,10,0.0,0.0,10.0,16.0,12.0,6.0,3.0,1.0,1.0,2.0,1.25,1.5,0.375,0.75,7.0,1.0,0.0,0.0,1.0,1.0,2.0,0.25,3.0,0.0,0.0,0.0,0.38,0.0,0.0,0.0,0.0,,379:00,0.0,0.0,0.0,,,,,,,,,,,,,,,,,,,,,,17.33830017848848,51,95
2026-27,msoc,New Jersey Athletic Conference (NJAC),njac,New Paltz,"Zindler, Ryan",Ryan,Zindler,,475,"Zindler, Ryan","ZINDLER,RYAN",New Paltz,NP,1182-8556,8,8,4,0,4,0.0,0.0,13.0,25.0,14.0,2.0,6.0,0.0,0.0,3.13,1.63,1.75,0.75,0.25,7.0,0.0,1.0,0.0,1.0,2.0,0.0,0.0,9.0,0.0,1.0,0.0,1.13,0.13,0.0,0.0,0.0,,407:00,0.0,0.0,0.0,,,,,,,,,,,,,,,,,,,,,,17.214247006178198,53,95
2026-27,msoc,New Jersey Athletic Conference (NJAC),njac,Montclair State,"Contreras, Kevin",Kevin,Contreras,,442,"Contreras, Kevin","CONTRERAS,KEVIN",Montclair State,MSU,1149-14674,10,10,11,0,11,0.0,0.0,13.0,30.0,13.0,3.0,5.0,1.0,0.0,3.0,1.3,1.3,0.5,0.3,8.0,0.0,0.0,0.0,0.0,2.0,0.0,0.0,6.0,0.0,2.0,0.0,0.6,0.2,0.0,0.0,0.0,,452:00,0.0,0.0,0.0,,,,,,,,,,,,,,,,,,,,,,16.85602211637139,59,95
2026-27,msoc,New Jersey Athletic Conference (NJAC),njac,Rowan,"Grozinski, Tanner",Tanner,Grozinski,,259,"Grozinski, Tanner","GROZINSKI,TANNER",Rowan,ROW,1154-5220,7,7,19,0,19,0.0,0.0,9.0,16.0,11.0,7.0,2.0,0.0,0.0,2.29,1.29,1.57,0.286,1.0,7.0,0.0,0.0,0.0,0.0,0.0,0.0,0.0,6.0,0.0,1.0,0.0,0.86,0.14,0.0,0.0,0.0,,493:00,0.0,0.0,0.0,,,,,,,,,,,,,,,,,,,,,,16.786414723347942,62,95
2026-27,msoc,New Jersey Athletic Conference (NJAC),njac,New Paltz,"Weber, Kieran",Kieran,Weber,,475,"Weber, Kieran","WEBER,KIERAN",New Paltz,NP,1182-8463,8,8,6,0,6,0.0,0.0,6.0,17.0,12.0,4.0,4.0,0.0,0.0,2.13,0.75,1.5,0.5,0.5,2.0,0.0,0.0,0.0,1.0,0.0,1.0,0.125,9.0,0.0,1.0,0.0,1.13,0.13,0.0,0.0,0.0,,506:00,0.0,0.0,0.0,,,,,,,,,,,,,,,,,,,,,,15.14217326922848,85,95
2026-27,msoc,New Jersey Athletic Conference (NJAC),njac,Rowan,"Vilaboy, Evan",Evan,Vilaboy,,259,"Vilaboy, Evan","VILABOY,EVAN",Rowan,ROW,1154-5215,7,7,10,0,10,0.0,0.0,8.0,19.0,12.0,2.0,5.0,0.0,0.0,2.71,1.14,1.71,0.714,0.286,3.0,0.0,0.0,0.0,0.0,0.0,2.0,0.286,8.0,0.0,0.0,0.0,1.14,0.0,0.0,0.0,0.0,,439:00,0.0,0.0,0.0,,,,,,,,,,,,,,,,,,,,,,14.108009751970847,113,95
2026-27,msoc,New Jersey Athletic Conference (NJAC),njac,TCNJ,"Ayar, Aidan",Aidan,Ayar,,712,"Ayar, Aidan","AYAR,AIDAN",TCNJ,TCNJ,1163-5808,6,5,22,0,22,0.0,0.0,7.0,11.0,12.0,0.0,6.0,0.0,0.0,1.83,1.17,2.0,1.0,0.0,1.0,0.0,0.0,0.0,2.0,1.0,0.0,0.0,6.0,0.0,0.0,0.0,1.0,0.0,0.0,0.0,0.0,,326:00,0.0,0.0,0.0,,,,,,,,,,,,,,,,,,,,,,12.492864538712029,154,94
2026-27,msoc,New Jersey Athletic Conference (NJAC),njac,TCNJ,"Will, Matt",Matt,Will,,712,"Will, Matt","WILL,MATT",TCNJ,TCNJ,1163-5805,8,8,11,0,11,0.0,0.0,10.0,21.0,9.0,3.0,3.0,0.0,0.0,2.63,1.25,1.13,0.375,0.375,7.0,0.0,0.0,0.0,1.0,3.0,0.0,0.0,8.0,0.0,1.0,0.0,1.0,0.13,0.0,0.0,0.0,,597:00,0.0,0.0,0.0,,,,,,,,,,,,,,,,,,,,,,11.999171565292787,173,94
2026-27,msoc,New Jersey Athletic Conference (NJAC),njac,Montclair State,"Bedoya, Carlos",Carlos,Bedoya,,442,"Bedoya, Carlos","BEDOYA,CARLOS",Montclair State,MSU,1149-14971,10,10,3,0,3,0.0,0.0,1.0,7.0,8.0,6.0,1.0,0.0,0.0,0.7,0.1,0.8,0.1,0.6,0.0,0.0,0.0,0.0,0.0,1.0,1.0,0.1,5.0,0.0,0.0,0.0,0.5,0.0,0.0,0.0,0.0,,621:00,0.0,0.0,0.0,,,,,,,,,,,,,,,,,,,,,,11.319486235407508,204,94
2026-27,msoc,New Jersey Athletic Conference (NJAC),njac,Ramapo,"Biernacki, Dylan",Dylan,Biernacki,,564,"Biernacki, Dylan","BIERNACKI,DYLAN",Ramapo,RAM,1152-4414,8,0,19,0,19,0.0,0.0,4.0,12.0,9.0,3.0,3.0,0.0,0.0,1.5,0.5,1.13,0.375,0.375,1.0,0.0,0.0,0.0,0.0,0.0,0.0,0.0,7.0,0.0,1.0,0.0,0.88,0.13,0.0,0.0,0.0,,286:00,0.0,0.0,0.0,,,,,,,,,,,,,,,,,,,,,,10.837208173290415,226,94
2026-27,msoc,New Jersey Athletic Conference (NJAC),njac,Stockton,"Adinolfi, Cooper",Cooper,Adinolfi,,681,"Adinolfi, Cooper","ADINOLFI,COOPER",Stockton,STO,0,9,9,9,0,9,0.0,0.0,7.0,13.0,9.0,1.0,4.0,0.0,0.0,1.44,0.78,1.0,0.444,0.111,3.0,3.0,0.0,0.0,1.0,1.0,0.0,0.0,3.0,0.0,0.0,0.0,0.33,0.0,0.0,0.0,0.0,,570:00,0.0,0.0,0.0,,,,,,,,,,,,,,,,,,,,,,9.996705221366511,277,94
2026-27,msoc,New Jersey Athletic Conference (NJAC),njac,Rutgers-Newark,"Amadou, Zahradeen",Zahradeen,Amadou,,589,"Amadou, Zahradeen","AMADOU,ZAHRADEEN",Rutgers-Newark,NEW,1161-2655,7,5,23,0,23,0.0,0.0,7.0,14.0,8.0,2.0,3.0,0.0,0.0,2.0,1.0,1.14,0.429,0.286,4.0,0.0,0.0,0.0,1.0,2.0,1.0,0.143,4.0,0.0,0.0,0.0,0.57,0.0,0.0,0.0,0.0,,313:00,0.0,0.0,0.0,,,,,,,,,,,,,,,,,,,,,,9.638480331559702,297,94
2026-27,msoc,New Jersey Athletic Conference (NJAC),njac,Montclair State,"Virgil, Josh",Josh,Virgil,,442,"Virgil, Josh","VIRGIL,JOSH",Montclair State,MSU,1149-14995,10,5,7,0,7,0.0,0.0,7.0,17.0,7.0,3.0,2.0,0.0,0.0,1.7,0.7,0.7,0.2,0.3,5.0,0.0,0.0,0.0,0.0,0.0,0.0,0.0,0.0,0.0,0.0,0.0,0.0,0.0,0.0,0.0,0.0,,429:00,0.0,0.0,0.0,,,,,,,,,,,,,,,,,,,,,,9.280255441752894,320,94
2026-27,msoc,New Jersey Athletic Conference (NJAC),njac,Montclair State,"Garcia, Ivan",Ivan,Garcia,,442,"Garcia, Ivan","GARCIA,IVAN",Montclair State,MSU,1149-15303,8,7,10,0,10,0.0,0.0,6.0,10.0,7.0,3.0,2.0,0.0,0.0,1.25,0.75,0.88,0.25,0.375,4.0,0.0,0.0,0.0,1.0,0.0,1.0,0.125,7.0,0.0,0.0,0.0,0.88,0.0,0.0,0.0,0.0,,337:00,0.0,0.0,0.0,,,,,,,,,,,,,,,,,,,,,,9.086594876419166,337,94
2026-27,msoc,New Jersey Athletic Conference (NJAC),njac,Ramapo,"Perez, Dylan",Dylan,Perez,,564,"Perez, Dylan","PEREZ,DYLAN",Ramapo,RAM,1152-4387,8,8,8,0,8,0.0,0.0,4.0,12.0,8.0,2.0,3.0,0.0,0.0,1.5,0.5,1.0,0.375,0.25,1.0,0.0,0.0,0.0,1.0,1.0,1.0,0.125,4.0,0.0,1.0,0.0,0.5,0.13,0.0,0.0,0.0,,552:00,0.0,0.0,0.0,,,,,,,,,,,,,,,,,,,,,,9.057498635558517,346,94
2026-27,msoc,New Jersey Athletic Conference (NJAC),njac,Ramapo,Jorge espinosa Jr,Jorge espinosa,Jr,,564,Jorge espinosa Jr,"ESPINOSA, JR.,JORGE",Ramapo,RAM,1152-4390,7,0,17,0,17,0.0,0.0,4.0,6.0,7.0,3.0,2.0,0.0,0.0,0.86,0.57,1.0,0.286,0.429,2.0,0.0,0.0,0.0,0.0,0.0,0.0,0.0,4.0,0.0,0.0,0.0,0.57,0.0,0.0,0.0,0.0,,203:00,0.0,0.0,0.0,,,,,,,,,,,,,,,,,,,,,,8.699273745751709,361,94
2026-27,msoc,New Jersey Athletic Conference (NJAC),njac,Montclair State,"Pugliese, Thomas",Thomas,Pugliese,,442,"Pugliese, Thomas","PUGLIESE,THOMAS",Montclair State,MSU,1149-14682,9,4,12,0,12,0.0,0.0,4.0,6.0,7.0,3.0,2.0,0.0,0.0,0.67,0.44,0.78,0.222,0.333,2.0,0.0,0.0,0.0,0.0,1.0,0.0,0.0,4.0,0.0,3.0,0.0,0.44,0.33,0.0,0.0,0.0,,452:00,0.0,0.0,0.0,,,,,,,,,,,,,,,,,,,,,,8.699273745751709,363,94
2026-27,msoc,New Jersey Athletic Conference (NJAC),njac,Ramapo,"Oh, David",David,Oh,,564,"Oh, David","OH,DAVID",Ramapo,RAM,1152-4388,8,8,7,0,7,0.0,0.0,9.0,16.0,7.0,1.0,3.0,1.0,1.0,2.0,1.13,0.88,0.375,0.125,6.0,0.0,0.0,0.0,2.0,2.0,2.0,0.25,3.0,0.0,1.0,0.0,0.38,0.13,0.0,0.0,0.0,,555:00,0.0,0.0,0.0,,,,,,,,,,,,,,,,,,,,,,8.246091924495262,405,93
2026-27,msoc,New Jersey Athletic Conference (NJAC),njac,Rowan,"Ercolano, Luca",Luca,Ercolano,,259,"Ercolano, Luca","ERCOLANO,LUCA",Rowan,ROW,1154-5221,6,3,20,0,20,0.0,0.0,3.0,10.0,6.0,4.0,1.0,0.0,0.0,1.67,0.5,1.0,0.167,0.667,2.0,0.0,0.0,0.0,0.0,0.0,0.0,0.0,5.0,0.0,0.0,0.0,0.83,0.0,0.0,0.0,0.0,,277:00,0.0,0.0,0.0,,,,,,,,,,,,,,,,,,,,,,8.147388290611168,413,93
2026-27,msoc,New Jersey Athletic Conference (NJAC),njac,Kean,"Mejia, Dariel",Dariel,Mejia,,329,"Mejia, Dariel","MEJIA,DARIEL",Kean,KU,1148-7405,8,5,32,0,32,0.0,0.0,6.0,8.0,7.0,1.0,3.0,0.0,0.0,1.0,0.75,0.88,0.375,0.125,3.0,0.0,0.0,0.0,0.0,2.0,1.0,0.125,3.0,0.0,1.0,0.0,0.38,0.13,0.0,0.0,0.0,,478:00,0.0,0.0,0.0,,,,,,,,,,,,,,,,,,,,,,7.665110228494077,470,93
2026-27,msoc,New Jersey Athletic Conference (NJAC),njac,TCNJ,"Maceri, Matt",Matt,Maceri,,712,"Maceri, Matt","MACERI,MATT",TCNJ,TCNJ,1163-5806,7,7,4,0,4,0.0,0.0,4.0,5.0,7.0,1.0,3.0,1.0,1.0,0.71,0.57,1.0,0.429,0.143,1.0,1.0,0.0,0.0,1.0,1.0,1.0,0.143,2.0,1.0,2.0,0.0,0.29,0.29,0.14,0.0,0.0,,620:00,0.0,0.0,0.0,,,,,,,,,,,,,,,,,,,,,,7.27778909782662,509,93
2026-27,msoc,New Jersey Athletic Conference (NJAC),njac,Kean,"Palma Romero, Allan",Allan,Palma Romero,,329,"Palma Romero, Allan","PALMA ROMERO,ALLAN",Kean,KU,1148-7398,8,4,22,0,22,0.0,0.0,3.0,7.0,6.0,2.0,2.0,0.0,0.0,0.88,0.38,0.75,0.25,0.25,1.0,0.0,0.0,0.0,0.0,0.0,1.0,0.125,7.0,0.0,1.0,0.0,0.88,0.13,0.0,0.0,0.0,,417:00,0.0,0.0,0.0,,,,,,,,,,,,,,,,,,,,,,6.725903642686081,556,93
2026-27,msoc,New Jersey Athletic Conference (NJAC),njac,Montclair State,"Diaz, Tyler",Tyler,Diaz,,442,"Diaz, Tyler","DIAZ,TYLER",Montclair State,MSU,1149-15309,9,9,23,0,23,0.0,0.0,12.0,27.0,5.0,1.0,2.0,0.0,0.0,3.0,1.33,0.56,0.222,0.111,10.0,0.0,0.0,0.0,2.0,1.0,2.0,0.222,8.0,0.0,5.0,0.0,0.89,0.56,0.0,0.0,0.0,,466:00,0.0,0.0,0.0,,,,,,,,,,,,,,,,,,,,,,6.68913919295774,560,93
2026-27,msoc,New Jersey Athletic Conference (NJAC),njac,Rutgers-Newark,"Gomez, Gabe",Gabe,Gomez,,589,"Gomez, Gabe","GOMEZ,GABE",Rutgers-Newark,NEW,1161-2508,5,5,8,0,8,0.0,0.0,2.0,3.0,6.0,2.0,2.0,0.0,0.0,0.6,0.4,1.2,0.4,0.4,0.0,0.0,0.0,0.0,1.0,0.0,1.0,0.2,4.0,0.0,0.0,0.0,0.8,0.0,0.0,0.0,0.0,,220:00,0.0,0.0,0.0,,,,,,,,,,,,,,,,,,,,,,6.532243077352352,575,93
2026-27,msoc,New Jersey Athletic Conference (NJAC),njac,Montclair State,"Moore, Kyle",Kyle,Moore,,442,"Moore, Kyle","MOORE,KYLE",Montclair State,MSU,1149-14991,10,0,19,0,19,0.0,0.0,2.0,8.0,5.0,3.0,1.0,0.0,0.0,0.8,0.2,0.5,0.1,0.3,1.0,0.0,0.0,0.0,0.0,0.0,0.0,0.0,7.0,0.0,1.0,0.0,0.7,0.1,0.0,0.0,0.0,,286:00,0.0,0.0,0.0,,,,,,,,,,,,,,,,,,,,,,6.174018187545543,622,93
2026-27,msoc,New Jersey Athletic Conference (NJAC),njac,TCNJ,"Meder, Chris",Chris,Meder,,712,"Meder, Chris","MEDER,CHRIS",TCNJ,TCNJ,1163-5354,8,8,7,0,7,0.0,0.0,9.0,23.0,5.0,1.0,2.0,0.0,0.0,2.88,1.13,0.63,0.25,0.125,7.0,1.0,0.0,0.0,0.0,1.0,0.0,0.0,5.0,0.0,0.0,0.0,0.63,0.0,0.0,0.0,0.0,,604:00,0.0,0.0,0.0,,,,,,,,,,,,,,,,,,,,,,6.108157496956554,629,93
2026-27,msoc,New Jersey Athletic Conference (NJAC),njac,Rowan,"McNamee, Luke",Luke,McNamee,,259,"McNamee, Luke","MCNAMEE,LUKE",Rowan,ROW,1154-5003,7,7,7,0,7,0.0,0.0,2.0,6.0,4.0,4.0,0.0,0.0,0.0,0.86,0.29,0.57,0.0,0.571,2.0,0.0,0.0,0.0,0.0,0.0,0.0,0.0,6.0,0.0,0.0,0.0,0.86,0.0,0.0,0.0,0.0,,556:00,0.0,0.0,0.0,,,,,,,,,,,,,,,,,,,,,,5.815793297738733,685,92
2026-27,msoc,New Jersey Athletic Conference (NJAC),njac,New Paltz,"Gulla, Dante",Dante,Gulla,,475,"Gulla, Dante","GULLA,DANTE",New Paltz,NP,1182-8786,8,7,11,0,11,0.0,0.0,8.0,18.0,4.0,2.0,1.0,0.0,0.0,2.25,1.0,0.5,0.125,0.25,7.0,0.0,0.0,0.0,0.0,1.0,0.0,0.0,5.0,0.0,1.0,0.0,0.63,0.13,0.0,0.0,0.0,,379:00,0.0,0.0,0.0,,,,,,,,,,,,,,,,,,,,,,5.556272041816015,714,92
2026-27,msoc,New Jersey Athletic Conference (NJAC),njac,Montclair State,"Neno, Logan",Logan,Neno,,442,"Neno, Logan","NENO,LOGAN",Montclair State,MSU,1149-14679,8,0,14,0,14,0.0,0.0,8.0,16.0,4.0,2.0,1.0,0.0,0.0,2.0,1.0,0.5,0.125,0.25,7.0,0.0,0.0,0.0,0.0,0.0,1.0,0.125,4.0,0.0,0.0,0.0,0.5,0.0,0.0,0.0,0.0,,274:00,0.0,0.0,0.0,,,,,,,,,,,,,,,,,,,,,,5.556272041816015,717,92
2026-27,msoc,New Jersey Athletic Conference (NJAC),njac,Rowan,"Fluck Lozano, Dani",Dani,Fluck Lozano,,259,"Fluck Lozano, Dani","FLUCK LOZANO,DANI",Rowan,ROW,1154-5226,7,0,27,0,27,0.0,0.0,4.0,7.0,6.0,0.0,3.0,0.0,0.0,1.0,0.57,0.86,0.429,0.0,1.0,0.0,0.0,0.0,2.0,1.0,2.0,0.286,0.0,0.0,0.0,0.0,0.0,0.0,0.0,0.0,0.0,,246:00,0.0,0.0,0.0,,,,,,,,,,,,,,,,,,,,,,5.498079560094721,743,92
2026-27,msoc,New Jersey Athletic Conference (NJAC),njac,Montclair State,"Dasler, Robby",Robby,Dasler,,442,"Dasler, Robby","DASLER,ROBBY",Montclair State,MSU,1149-15305,10,0,17,0,17,0.0,0.0,5.0,12.0,5.0,1.0,2.0,0.0,0.0,1.2,0.5,0.5,0.2,0.1,3.0,0.0,0.0,0.0,1.0,0.0,0.0,0.0,4.0,0.0,0.0,0.0,0.4,0.0,0.0,0.0,0.0,,384:00,0.0,0.0,0.0,,,,,,,,,,,,,,,,,,,,,,5.333515235621641,772,92
2026-27,msoc,New Jersey Athletic Conference (NJAC),njac,Rowan,"Mosley, DJ",DJ,Mosley,,259,"Mosley, DJ","MOSLEY,DJ",Rowan,ROW,1154-5216,6,5,11,0,11,0.0,0.0,4.0,6.0,5.0,1.0,2.0,0.0,0.0,1.0,0.67,0.83,0.333,0.167,2.0,0.0,0.0,0.0,2.0,0.0,0.0,0.0,6.0,0.0,0.0,0.0,1.0,0.0,0.0,0.0,0.0,,344:00,0.0,0.0,0.0,,,,,,,,,,,,,,,,,,,,,,5.139854670287912,846,92
2026-27,msoc,New Jersey Athletic Conference (NJAC),njac,Rutgers-Camden,"Veiga, Willyam",Willyam,Veiga,,588,"Veiga, Willyam","VEIGA,WILLYAM",Rutgers-Camden,RUC,1155-5298,8,8,11,0,11,0.0,0.0,4.0,13.0,5.0,1.0,2.0,1.0,1.0,1.63,0.5,0.63,0.25,0.125,2.0,0.0,0.0,0.0,2.0,1.0,1.0,0.125,8.0,0.0,1.0,0.0,1.0,0.13,0.0,0.0,0.0,,604:00,0.0,0.0,0.0,,,,,,,,,,,,,,,,,,,,,,5.139854670287912,851,92
2026-27,msoc,New Jersey Athletic Conference (NJAC),njac,Kean,"Cortes, Thomas",Thomas,Cortes,,329,"Cortes, Thomas","CORTES,THOMAS",Kean,KU,1148-7038,8,1,18,0,18,0.0,0.0,3.0,6.0,5.0,1.0,2.0,0.0,0.0,0.75,0.38,0.63,0.25,0.125,1.0,0.0,0.0,0.0,2.0,2.0,0.0,0.0,8.0,0.0,0.0,0.0,1.0,0.0,0.0,0.0,0.0,,265:00,0.0,0.0,0.0,,,,,,,,,,,,,,,,,,,,,,4.946194104954183,881,92
2026-27,msoc,New Jersey Athletic Conference (NJAC),njac,New Paltz,"Lamour, David",David,Lamour,,475,"Lamour, David","LAMOUR,DAVID",New Paltz,NP,1182-8684,8,8,17,0,17,0.0,0.0,3.0,9.0,5.0,1.0,2.0,1.0,0.0,1.13,0.38,0.63,0.25,0.125,1.0,0.0,0.0,0.0,1.0,0.0,0.0,0.0,6.0,0.0,0.0,0.0,0.75,0.0,0.0,0.0,0.0,,533:00,0.0,0.0,0.0,,,,,,,,,,,,,,,,,,,,,,4.946194104954183,891,92
2026-27,msoc,New Jersey Athletic Conference (NJAC),njac,Montclair State,"Rodriguez, Gabe",Gabe,Rodriguez,,442,"Rodriguez, Gabe","RODRIGUEZ,GABE",Montclair State,MSU,1149-15311,7,0,28,0,28,0.0,0.0,3.0,4.0,5.0,1.0,2.0,0.0,0.0,0.57,0.43,0.71,0.286,0.143,1.0,0.0,0.0,0.0,0.0,0.0,0.0,0.0,6.0,0.0,0.0,0.0,0.86,0.0,0.0,0.0,0.0,,228:00,0.0,0.0,0.0,,,,,,,,,,,,,,,,,,,,,,4.946194104954183,902,91
2026-27,msoc,New Jersey Athletic Conference (NJAC),njac,Montclair State,"Lapczynski, Sebastian",Sebastian,Lapczynski,,442,"Lapczynski, Sebastian","LAPCZYNSKI,SEBASTIAN",Montclair State,MSU,1149-14676,8,8,2,0,2,0.0,0.0,4.0,7.0,4.0,2.0,1.0,1.0,1.0,0.88,0.5,0.5,0.125,0.25,3.0,0.0,0.0,0.0,1.0,1.0,1.0,0.125,4.0,0.0,2.0,0.0,0.5,0.25,0.0,0.0,0.0,,492:00,0.0,0.0,0.0,,,,,,,,,,,,,,,,,,,,,,4.781629780481102,922,91
2026-27,msoc,New Jersey Athletic Conference (NJAC),njac,Kean,"Rua, Christian",Christian,Rua,,329,"Rua, Christian","RUA,CHRISTIAN",Kean,KU,1148-7397,6,1,20,0,20,0.0,0.0,2.0,2.0,5.0,1.0,2.0,0.0,0.0,0.33,0.33,0.83,0.333,0.167,0.0,0.0,0.0,0.0,0.0,0.0,0.0,0.0,3.0,0.0,0.0,0.0,0.5,0.0,0.0,0.0,0.0,,108:00,0.0,0.0,0.0,,,,,,,,,,,,,,,,,,,,,,4.752533539620455,943,91
2026-27,msoc,New Jersey Athletic Conference (NJAC),njac,New Paltz,"Joyce, Owen",Owen,Joyce,,475,"Joyce, Owen","JOYCE,OWEN",New Paltz,NP,1182-8685,6,5,20,0,20,0.0,0.0,3.0,4.0,4.0,2.0,1.0,0.0,0.0,0.67,0.5,0.67,0.167,0.333,2.0,0.0,0.0,0.0,1.0,0.0,0.0,0.0,4.0,0.0,0.0,0.0,0.67,0.0,0.0,0.0,0.0,,329:00,0.0,0.0,0.0,,,,,,,,,,,,,,,,,,,,,,4.587969215147373,968,91
2026-27,msoc,New Jersey Athletic Conference (NJAC),njac,Rutgers-Camden,"Grello, Nik",Nik,Grello,,588,"Grello, Nik","GRELLO,NIK",Rutgers-Camden,RUC,1155-5218,8,8,9,0,9,0.0,0.0,2.0,10.0,4.0,2.0,1.0,0.0,0.0,1.25,0.25,0.5,0.125,0.25,1.0,1.0,0.0,0.0,0.0,0.0,0.0,0.0,5.0,0.0,0.0,0.0,0.63,0.0,0.0,0.0,0.0,,596:00,0.0,0.0,0.0,,,,,,,,,,,,,,,,,,,,,,4.394308649813644,1000,91
2026-27,msoc,New Jersey Athletic Conference (NJAC),njac,New Paltz,"Snider, Samuel",Samuel,Snider,,475,"Snider, Samuel","SNIDER,SAMUEL",New Paltz,NP,1182-8460,8,8,3,0,3,0.0,0.0,1.0,1.0,4.0,2.0,1.0,0.0,0.0,0.13,0.13,0.5,0.125,0.25,0.0,0.0,0.0,0.0,0.0,0.0,1.0,0.125,4.0,0.0,0.0,0.0,0.5,0.0,0.0,0.0,0.0,,553:00,0.0,0.0,0.0,,,,,,,,,,,,,,,,,,,,,,4.200648084479916,1044,91
2026-27,msoc,New Jersey Athletic Conference (NJAC),njac,TCNJ,"Thacher, Manny",Manny,Thacher,,712,"Thacher, Manny","THACHER,MANNY",TCNJ,TCNJ,1163-5810,8,8,13,0,13,0.0,0.0,2.0,8.0,3.0,3.0,0.0,0.0,0.0,1.0,0.25,0.38,0.0,0.375,2.0,0.0,0.0,0.0,0.0,0.0,0.0,0.0,16.0,0.0,0.0,0.0,2.0,0.0,0.0,0.0,0.0,,613:00,0.0,0.0,0.0,,,,,,,,,,,,,,,,,,,,,,4.036083760006835,1074,91
2026-27,msoc,New Jersey Athletic Conference (NJAC),njac,New Paltz,"Tait, Riley",Riley,Tait,,475,"Tait, Riley","TAIT,RILEY",New Paltz,NP,1182-8550,8,8,2,0,2,0.0,0.0,6.0,8.0,4.0,0.0,2.0,0.0,0.0,1.0,0.75,0.5,0.25,0.0,4.0,0.0,0.0,0.0,0.0,0.0,1.0,0.125,0.0,0.0,1.0,0.0,0.0,0.13,0.0,0.0,0.0,,541:00,0.0,0.0,0.0,,,,,,,,,,,,,,,,,,,,,,3.747466263223471,1154,90
2026-27,msoc,New Jersey Athletic Conference (NJAC),njac,Stockton,"Hoenisch, Aiden",Aiden,Hoenisch,,681,"Hoenisch, Aiden","HOENISCH,AIDEN",Stockton,STO,0,9,9,7,0,7,0.0,0.0,7.0,17.0,3.0,1.0,1.0,0.0,0.0,1.89,0.78,0.33,0.111,0.111,6.0,0.0,0.0,0.0,0.0,0.0,0.0,0.0,4.0,0.0,0.0,0.0,0.44,0.0,0.0,0.0,0.0,,666:00,0.0,0.0,0.0,,,,,,,,,,,,,,,,,,,,,,3.5829019387503895,1166,90
2026-27,msoc,New Jersey Athletic Conference (NJAC),njac,Rutgers-Newark,"Brown, Ian",Ian,Brown,,589,"Brown, Ian","BROWN,IAN",Rutgers-Newark,NEW,1161-2400,7,2,11,0,11,0.0,0.0,5.0,11.0,4.0,0.0,2.0,0.0,0.0,1.57,0.71,0.57,0.286,0.0,3.0,1.0,0.0,0.0,0.0,1.0,1.0,0.143,3.0,0.0,0.0,0.0,0.43,0.0,0.0,0.0,0.0,,325:00,0.0,0.0,0.0,,,,,,,,,,,,,,,,,,,,,,3.5538056978897425,1178,90
2026-27,msoc,New Jersey Athletic Conference (NJAC),njac,Rowan,"McGillen, Christian",Christian,McGillen,,259,"McGillen, Christian","MCGILLEN,CHRISTIAN",Rowan,ROW,1154-5004,7,7,8,0,8,0.0,0.0,5.0,18.0,4.0,0.0,2.0,0.0,0.0,2.57,0.71,0.57,0.286,0.0,3.0,0.0,0.0,0.0,1.0,0.0,1.0,0.143,4.0,0.0,1.0,0.0,0.57,0.14,0.0,0.0,0.0,,443:00,0.0,0.0,0.0,,,,,,,,,,,,,,,,,,,,,,3.5538056978897425,1196,90
2026-27,msoc,New Jersey Athletic Conference (NJAC),njac,William Paterson,"Witkowski, John",John,Witkowski,,787,"Witkowski, John","WITKOWSKI,JOHN",William Paterson,WP,1164-3248,7,6,9,0,9,0.0,0.0,5.0,6.0,4.0,0.0,2.0,0.0,0.0,0.86,0.71,0.57,0.286,0.0,3.0,2.0,0.0,0.0,0.0,0.0,0.0,0.0,5.0,0.0,0.0,0.0,0.71,0.0,0.0,0.0,0.0,,436:00,0.0,0.0,0.0,,,,,,,,,,,,,,,,,,,,,,3.5538056978897425,1211,90
2026-27,msoc,New Jersey Athletic Conference (NJAC),njac,Rutgers-Newark,"Cortes, Erick",Erick,Cortes,,589,"Cortes, Erick","CORTES,ERICK",Rutgers-Newark,NEW,1161-2276,3,3,27,0,27,0.0,0.0,6.0,9.0,3.0,1.0,1.0,0.0,0.0,3.0,2.0,1.0,0.333,0.333,5.0,0.0,0.0,0.0,1.0,0.0,0.0,0.0,2.0,0.0,1.0,0.0,0.67,0.33,0.0,0.0,0.0,,154:00,0.0,0.0,0.0,,,,,,,,,,,,,,,,,,,,,,3.389241373416661,1219,90
2026-27,msoc,New Jersey Athletic Conference (NJAC),njac,Montclair State,"Lopez, Kenet",Kenet,Lopez,,442,"Lopez, Kenet","LOPEZ,KENET",Montclair State,MSU,1149-14987,10,9,8,0,8,0.0,0.0,4.0,5.0,4.0,0.0,2.0,0.0,0.0,0.5,0.4,0.4,0.2,0.0,2.0,0.0,0.0,0.0,0.0,0.0,0.0,0.0,9.0,0.0,2.0,0.0,0.9,0.2,0.0,0.0,0.0,,433:00,0.0,0.0,0.0,,,,,,,,,,,,,,,,,,,,,,3.3601451325560143,1260,90
2026-27,msoc,New Jersey Athletic Conference (NJAC),njac,TCNJ,"Luddy, Nick",Nick,Luddy,,712,"Luddy, Nick","LUDDY,NICK",TCNJ,TCNJ,1163-5981,6,2,32,0,32,0.0,0.0,5.0,8.0,3.0,1.0,1.0,0.0,0.0,1.33,0.83,0.5,0.167,0.167,4.0,0.0,0.0,0.0,0.0,0.0,1.0,0.167,9.0,0.0,1.0,0.0,1.5,0.17,0.0,0.0,0.0,,275:00,0.0,0.0,0.0,,,,,,,,,,,,,,,,,,,,,,3.195580808082932,1308,90
2026-27,msoc,New Jersey Athletic Conference (NJAC),njac,New Paltz,"Marshall, Morris",Morris,Marshall,,475,"Marshall, Morris","MARSHALL,MORRIS",New Paltz,NP,1182-8789,8,0,27,0,27,0.0,0.0,5.0,12.0,3.0,1.0,1.0,0.0,0.0,1.5,0.63,0.38,0.125,0.125,4.0,0.0,0.0,0.0,0.0,1.0,0.0,0.0,4.0,0.0,2.0,0.0,0.5,0.25,0.0,0.0,0.0,,218:00,0.0,0.0,0.0,,,,,,,,,,,,,,,,,,,,,,3.195580808082932,1310,90
2026-27,msoc,New Jersey Athletic Conference (NJAC),njac,Kean,"Sarfo, Matthew",Matthew,Sarfo,,329,"Sarfo, Matthew","SARFO,MATTHEW",Kean,KU,1148-7036,5,4,9,0,9,0.0,0.0,5.0,9.0,3.0,1.0,1.0,0.0,0.0,1.8,1.0,0.6,0.2,0.2,4.0,0.0,0.0,0.0,0.0,0.0,0.0,0.0,7.0,0.0,0.0,0.0,1.4,0.0,0.0,0.0,0.0,,269:00,0.0,0.0,0.0,,,,,,,,,,,,,,,,,,,,,,3.195580808082932,1321,90
2026-27,msoc,New Jersey Athletic Conference (NJAC),njac,Ramapo,"Candela, Vincent",Vincent,Candela,,564,"Candela, Vincent","CANDELA,VINCENT",Ramapo,RAM,1152-4395,5,0,27,0,27,0.0,0.0,3.0,3.0,4.0,0.0,2.0,0.0,0.0,0.6,0.6,0.8,0.4,0.0,1.0,0.0,0.0,0.0,0.0,1.0,0.0,0.0,1.0,0.0,0.0,0.0,0.2,0.0,0.0,0.0,0.0,,93:00,0.0,0.0,0.0,,,,,,,,,,,,,,,,,,,,,,3.1664845672222857,1337,90
2026-27,msoc,New Jersey Athletic Conference (NJAC),njac,William Paterson,"Zamuner, Davide",Davide,Zamuner,,787,"Zamuner, Davide","ZAMUNER,DAVIDE",William Paterson,WP,1164-2931,8,8,8,0,8,0.0,0.0,5.0,11.0,2.0,2.0,0.0,0.0,0.0,1.38,0.63,0.25,0.0,0.25,5.0,0.0,0.0,0.0,0.0,0.0,0.0,0.0,10.0,0.0,0.0,0.0,1.25,0.0,0.0,0.0,0.0,,704:00,0.0,0.0,0.0,,,,,,,,,,,,,,,,,,,,,,2.837355918276122,1489,89
2026-27,msoc,New Jersey Athletic Conference (NJAC),njac,Stockton,"Carbone, JosephA",JosephA,Carbone,,681,"Carbone, JosephA","CARBONE,JOSEPHA",Stockton,STO,0,9,8,11,0,11,0.0,0.0,3.0,12.0,3.0,1.0,1.0,0.0,0.0,1.33,0.33,0.33,0.111,0.111,2.0,0.0,0.0,0.0,0.0,0.0,1.0,0.111,4.0,0.0,2.0,0.0,0.44,0.22,0.0,0.0,0.0,,601:00,0.0,0.0,0.0,,,,,,,,,,,,,,,,,,,,,,2.8082596774154753,1499,89
2026-27,msoc,New Jersey Athletic Conference (NJAC),njac,Rutgers-Newark,"Geronimo, Ethan",Ethan,Geronimo,,589,"Geronimo, Ethan","GERONIMO,ETHAN",Rutgers-Newark,NEW,1161-2507,7,1,21,0,21,0.0,0.0,2.0,4.0,3.0,1.0,1.0,0.0,0.0,0.57,0.29,0.43,0.143,0.143,1.0,1.0,0.0,0.0,0.0,0.0,0.0,0.0,2.0,0.0,0.0,0.0,0.29,0.0,0.0,0.0,0.0,,216:00,0.0,0.0,0.0,,,,,,,,,,,,,,,,,,,,,,2.6145991120817467,1596,89
2026-27,msoc,New Jersey Athletic Conference (NJAC),njac,Ramapo,"Mandile, Leo",Leo,Mandile,,564,"Mandile, Leo","MANDILE,LEO",Ramapo,RAM,1152-4392,7,0,11,0,11,0.0,0.0,2.0,4.0,3.0,1.0,1.0,0.0,0.0,0.57,0.29,0.43,0.143,0.143,1.0,0.0,0.0,0.0,0.0,0.0,0.0,0.0,2.0,0.0,0.0,0.0,0.29,0.0,0.0,0.0,0.0,,200:00,0.0,0.0,0.0,,,,,,,,,,,,,,,,,,,,,,2.6145991120817467,1611,89
2026-27,msoc,New Jersey Athletic Conference (NJAC),njac,Montclair State,"Perry, Max",Max,Perry,,442,"Perry, Max","PERRY,MAX",Montclair State,MSU,1149-14435,6,0,13,0,13,0.0,0.0,2.0,6.0,3.0,1.0,1.0,0.0,0.0,1.0,0.33,0.5,0.167,0.167,1.0,0.0,0.0,0.0,0.0,1.0,0.0,0.0,1.0,0.0,0.0,0.0,0.17,0.0,0.0,0.0,0.0,,165:00,0.0,0.0,0.0,,,,,,,,,,,,,,,,,,,,,,2.6145991120817467,1629,89
2026-27,msoc,New Jersey Athletic Conference (NJAC),njac,William Paterson,"McGee, Gabriel",Gabriel,McGee,,787,"McGee, Gabriel","MCGEE,GABRIEL",William Paterson,WP,1164-3243,8,7,24,0,24,0.0,0.0,3.0,4.0,2.0,2.0,0.0,0.0,0.0,0.5,0.38,0.25,0.0,0.25,3.0,0.0,0.0,0.0,0.0,0.0,0.0,0.0,4.0,0.0,4.0,0.0,0.5,0.5,0.0,0.0,0.0,,616:00,0.0,0.0,0.0,,,,,,,,,,,,,,,,,,,,,,2.450034787608665,1663,88
2026-27,msoc,New Jersey Athletic Conference (NJAC),njac,Ramapo,"Lopes, David",David,Lopes,,564,"Lopes, David","LOPES,DAVID",Ramapo,RAM,1152-4397,8,5,20,0,20,0.0,0.0,2.0,6.0,2.0,2.0,0.0,0.0,0.0,0.75,0.25,0.25,0.0,0.25,2.0,0.0,0.0,0.0,0.0,0.0,0.0,0.0,7.0,0.0,0.0,0.0,0.88,0.0,0.0,0.0,0.0,,349:00,0.0,0.0,0.0,,,,,,,,,,,,,,,,,,,,,,2.2563742222749363,1754,88
2026-27,msoc,New Jersey Athletic Conference (NJAC),njac,Kean,"Aglaguel, Yasser",Yasser,Aglaguel,,329,"Aglaguel, Yasser","AGLAGUEL,YASSER",Kean,KU,1148-6798,6,6,3,0,3,0.0,0.0,1.0,2.0,2.0,2.0,0.0,0.0,0.0,0.33,0.17,0.33,0.0,0.333,1.0,0.0,0.0,0.0,0.0,0.0,0.0,0.0,2.0,0.0,0.0,0.0,0.33,0.0,0.0,0.0,0.0,,478:00,0.0,0.0,0.0,,,,,,,,,,,,,,,,,,,,,,2.0627136569412077,1773,88
2026-27,msoc,New Jersey Athletic Conference (NJAC),njac,Rowan,"Philpot, Korey",Korey,Philpot,,259,"Philpot, Korey","PHILPOT,KOREY",Rowan,ROW,1154-5213,5,5,4,0,4,0.0,0.0,0.0,0.0,2.0,2.0,0.0,0.0,0.0,0.0,0.0,0.4,0.0,0.4,0.0,0.0,0.0,0.0,0.0,0.0,0.0,0.0,6.0,0.0,1.0,0.0,1.2,0.2,0.0,0.0,0.0,,356:00,0.0,0.0,0.0,,,,,,,,,,,,,,,,,,,,,,1.8690530916074792,1859,88
2026-27,msoc,New Jersey Athletic Conference (NJAC),njac,Rowan,"Spangler, Carson",Carson,Spangler,,259,"Spangler, Carson","SPANGLER,CARSON",Rowan,ROW,1154-5225,2,0,26,0,26,0.0,0.0,0.0,2.0,2.0,2.0,0.0,0.0,0.0,1.0,0.0,1.0,0.0,1.0,0.0,0.0,0.0,0.0,0.0,0.0,0.0,0.0,1.0,0.0,0.0,0.0,0.5,0.0,0.0,0.0,0.0,,27:00,0.0,0.0,0.0,,,,,,,,,,,,,,,,,,,,,,1.8690530916074792,1863,88
2026-27,msoc,New Jersey Athletic Conference (NJAC),njac,Kean,"Mayorga, Andy",Andy,Mayorga,,329,"Mayorga, Andy","MAYORGA,ANDY",Kean,KU,1148-6808,8,7,11,0,11,0.0,0.0,6.0,14.0,2.0,0.0,1.0,0.0,0.0,1.75,0.75,0.25,0.125,0.0,5.0,1.0,0.0,0.0,0.0,1.0,0.0,0.0,11.0,0.0,1.0,0.0,1.38,0.13,0.0,0.0,0.0,,455:00,0.0,0.0,0.0,,,,,,,,,,,,,,,,,,,,,,1.6095318356847628,1906,87
2026-27,msoc,New Jersey Athletic Conference (NJAC),njac,Ramapo,"Mielnikiewicz, Lucas",Lucas,Mielnikiewicz,,564,"Mielnikiewicz, Lucas","MIELNIKIEWICZ,LUCAS",Ramapo,RAM,1152-4085,8,8,16,0,16,0.0,0.0,6.0,11.0,2.0,0.0,1.0,0.0,0.0,1.38,0.75,0.25,0.125,0.0,5.0,0.0,0.0,0.0,1.0,0.0,1.0,0.125,4.0,0.0,0.0,0.0,0.5,0.0,0.0,0.0,0.0,,462:00,0.0,0.0,0.0,,,,,,,,,,,,,,,,,,,,,,1.6095318356847628,1908,87
2026-27,msoc,New Jersey Athletic Conference (NJAC),njac,Stockton,"Pereira, Christian",Christian,Pereira,,681,"Pereira, Christian","PEREIRA,CHRISTIAN",Stockton,STO,0,9,6,6,0,6,0.0,0.0,5.0,13.0,2.0,0.0,1.0,0.0,0.0,1.44,0.56,0.22,0.111,0.0,4.0,1.0,0.0,0.0,0.0,1.0,0.0,0.0,5.0,0.0,1.0,0.0,0.56,0.11,0.0,0.0,0.0,,488:00,0.0,0.0,0.0,,,,,,,,,,,,,,,,,,,,,,1.415871270351034,1956,87
2026-27,msoc,New Jersey Athletic Conference (NJAC),njac,Montclair State,"Winchock, Jake",Jake,Winchock,,442,"Winchock, Jake","WINCHOCK,JAKE",Montclair State,MSU,1149-14686,10,10,6,0,6,0.0,0.0,5.0,11.0,2.0,0.0,1.0,0.0,0.0,1.1,0.5,0.2,0.1,0.0,4.0,0.0,0.0,0.0,0.0,0.0,0.0,0.0,4.0,0.0,1.0,0.0,0.4,0.1,0.0,0.0,0.0,,560:00,0.0,0.0,0.0,,,,,,,,,,,,,,,,,,,,,,1.415871270351034,1968,87
2026-27,msoc,New Jersey Athletic Conference (NJAC),njac,Rowan,"Asanji, Carill",Carill,Asanji,,259,"Asanji, Carill","ASANJI,CARILL",Rowan,ROW,1154-4571,7,2,12,0,12,0.0,0.0,4.0,5.0,2.0,0.0,1.0,0.0,0.0,0.71,0.57,0.29,0.143,0.0,3.0,0.0,0.0,0.0,0.0,0.0,0.0,0.0,8.0,0.0,1.0,0.0,1.14,0.14,0.0,0.0,0.0,,251:00,0.0,0.0,0.0,,,,,,,,,,,,,,,,,,,,,,1.2222107050173057,1978,87
2026-27,msoc,New Jersey Athletic Conference (NJAC),njac,William Paterson,"Escobar, Matty",Matty,Escobar,,787,"Escobar, Matty","ESCOBAR,MATTY",William Paterson,WP,1164-2923,7,6,10,0,10,0.0,0.0,4.0,13.0,2.0,0.0,1.0,0.0,0.0,1.86,0.57,0.29,0.143,0.0,3.0,0.0,0.0,0.0,0.0,0.0,0.0,0.0,6.0,0.0,4.0,0.0,0.86,0.57,0.0,0.0,0.0,,469:00,0.0,0.0,0.0,,,,,,,,,,,,,,,,,,,,,,1.2222107050173057,1998,87
2026-27,msoc,New Jersey Athletic Conference (NJAC),njac,William Paterson,"Joseph, Jeremiah",Jeremiah,Joseph,,787,"Joseph, Jeremiah","JOSEPH,JEREMIAH",William Paterson,WP,1164-3249,8,6,20,0,20,0.0,0.0,4.0,7.0,2.0,0.0,1.0,0.0,0.0,0.88,0.5,0.25,0.125,0.0,3.0,0.0,0.0,0.0,0.0,0.0,1.0,0.125,6.0,0.0,3.0,0.0,0.75,0.38,0.0,0.0,0.0,,482:00,0.0,0.0,0.0,,,,,,,,,,,,,,,,,,,,,,1.2222107050173057,2015,87
2026-27,msoc,New Jersey Athletic Conference (NJAC),njac,Rutgers-Camden,"Pino, Dylan",Dylan,Pino,,588,"Pino, Dylan","PINO,DYLAN",Rutgers-Camden,RUC,1155-5195,8,8,19,0,19,0.0,0.0,4.0,9.0,2.0,0.0,1.0,0.0,0.0,1.13,0.5,0.25,0.125,0.0,3.0,0.0,0.0,0.0,0.0,1.0,1.0,0.125,8.0,0.0,3.0,0.0,1.0,0.38,0.0,0.0,0.0,,629:00,0.0,0.0,0.0,,,,,,,,,,,,,,,,,,,,,,1.2222107050173057,2037,87
2026-27,msoc,New Jersey Athletic Conference (NJAC),njac,Ramapo,"Allen, Kyle",Kyle,Allen,,564,"Allen, Kyle","ALLEN,KYLE",Ramapo,RAM,1152-3962,3,2,10,0,10,0.0,0.0,3.0,6.0,2.0,0.0,1.0,0.0,0.0,2.0,1.0,0.67,0.333,0.0,2.0,0.0,0.0,0.0,0.0,0.0,0.0,0.0,6.0,0.0,0.0,0.0,2.0,0.0,0.0,0.0,0.0,,152:00,0.0,0.0,0.0,,,,,,,,,,,,,,,,,,,,,,1.0285501396835772,2092,87
2026-27,msoc,New Jersey Athletic Conference (NJAC),njac,Rutgers-Camden,"Kennedy, Joseph",Joseph,Kennedy,,588,"Kennedy, Joseph","KENNEDY,JOSEPH",Rutgers-Camden,RUC,1155-5418,8,8,15,0,15,0.0,0.0,3.0,8.0,2.0,0.0,1.0,0.0,0.0,1.0,0.38,0.25,0.125,0.0,2.0,0.0,0.0,0.0,1.0,0.0,1.0,0.125,6.0,0.0,3.0,0.0,0.75,0.38,0.0,0.0,0.0,,641:00,0.0,0.0,0.0,,,,,,,,,,,,,,,,,,,,,,1.0285501396835772,2163,86
2026-27,msoc,New Jersey Athletic Conference (NJAC),njac,Rutgers-Newark,"Vieira, Augusto",Augusto,Vieira,,589,"Vieira, Augusto","VIEIRA,AUGUSTO",Rutgers-Newark,NEW,1161-2678,7,2,9,0,9,0.0,0.0,3.0,6.0,2.0,0.0,1.0,0.0,0.0,0.86,0.43,0.29,0.143,0.0,2.0,1.0,0.0,0.0,0.0,1.0,0.0,0.0,3.0,0.0,1.0,0.0,0.43,0.14,0.0,0.0,0.0,,260:00,0.0,0.0,0.0,,,,,,,,,,,,,,,,,,,,,,1.0285501396835772,2229,86
2026-27,msoc,New Jersey Athletic Conference (NJAC),njac,Montclair State,"Soumeillant, Pierre",Pierre,Soumeillant,,442,"Soumeillant, Pierre","SOUMEILLANT,PIERRE",Montclair State,MSU,1149-14993,9,9,1,0,1,0.0,0.0,0.0,0.0,1.0,1.0,0.0,0.0,0.0,0.0,0.0,0.11,0.0,0.111,0.0,0.0,0.0,0.0,0.0,0.0,0.0,0.0,0.0,0.0,0.0,0.0,0.0,0.0,0.0,0.0,0.0,,686:00,0.0,0.0,0.0,56.0,0.0,2.0,7.0,2.0,0.783,0.66,18.0,5.0,684:57,9.0,9.0,0.56,0.783,0.222,2.0,,,,,,1.000299100971578,2241,86
2026-27,msoc,New Jersey Athletic Conference (NJAC),njac,Montclair State,"Balbuena Ventura, Johandy",Johandy,Balbuena Ventura,,442,"Balbuena Ventura, Johandy","BALBUENA VENTURA,JOHANDY",Montclair State,MSU,1149-15314,6,3,25,0,25,0.0,0.0,2.0,3.0,2.0,0.0,1.0,0.0,0.0,0.5,0.33,0.33,0.167,0.0,1.0,0.0,0.0,0.0,1.0,0.0,1.0,0.167,4.0,0.0,0.0,0.0,0.67,0.0,0.0,0.0,0.0,,308:00,0.0,0.0,0.0,,,,,,,,,,,,,,,,,,,,,,0.8348895743498486,2301,86
2026-27,msoc,New Jersey Athletic Conference (NJAC),njac,William Paterson,"Corrales, Ethan",Ethan,Corrales,,787,"Corrales, Ethan","CORRALES,ETHAN",William Paterson,WP,1164-3094,8,3,23,0,23,0.0,0.0,2.0,4.0,2.0,0.0,1.0,0.0,0.0,0.5,0.25,0.25,0.125,0.0,1.0,0.0,0.0,0.0,1.0,1.0,1.0,0.125,3.0,0.0,0.0,0.0,0.38,0.0,0.0,0.0,0.0,,371:00,0.0,0.0,0.0,,,,,,,,,,,,,,,,,,,,,,0.8348895743498486,2339,86
2026-27,msoc,New Jersey Athletic Conference (NJAC),njac,Montclair State,"Eraky, Noor",Noor,Eraky,,442,"Eraky, Noor","ERAKY,NOOR",Montclair State,MSU,1149-14978,5,0,29,0,29,0.0,0.0,2.0,6.0,2.0,0.0,1.0,0.0,0.0,1.2,0.4,0.4,0.2,0.0,1.0,0.0,0.0,0.0,0.0,1.0,0.0,0.0,1.0,0.0,1.0,0.0,0.2,0.2,0.0,0.0,0.0,,100:00,0.0,0.0,0.0,,,,,,,,,,,,,,,,,,,,,,0.8348895743498486,2355,86
2026-27,msoc,New Jersey Athletic Conference (NJAC),njac,Ramapo,"Fernandez, Ryan",Ryan,Fernandez,,564,"Fernandez, Ryan","FERNANDEZ,RYAN",Ramapo,RAM,1152-4393,8,5,14,0,14,0.0,0.0,2.0,2.0,2.0,0.0,1.0,0.0,0.0,0.25,0.25,0.25,0.125,0.0,1.0,0.0,0.0,0.0,0.0,1.0,0.0,0.0,2.0,0.0,1.0,0.0,0.25,0.13,0.0,0.0,0.0,,490:00,0.0,0.0,0.0,,,,,,,,,,,,,,,,,,,,,,0.8348895743498486,2358,86
2026-27,msoc,New Jersey Athletic Conference (NJAC),njac,Rowan,"Garay, Giancarlos",Giancarlos,Garay,,259,"Garay, Giancarlos","GARAY,GIANCARLOS",Rowan,ROW,1154-5013,6,3,6,0,6,0.0,0.0,2.0,4.0,2.0,0.0,1.0,0.0,0.0,0.67,0.33,0.33,0.167,0.0,1.0,0.0,0.0,0.0,1.0,0.0,1.0,0.167,2.0,0.0,1.0,0.0,0.33,0.17,0.0,0.0,0.0,,244:00,0.0,0.0,0.0,,,,,,,,,,,,,,,,,,,,,,0.8348895743498486,2365,86
2026-27,msoc,New Jersey Athletic Conference (NJAC),njac,Ramapo,"Gonzalez, Geremi",Geremi,Gonzalez,,564,"Gonzalez, Geremi","GONZALEZ,GEREMI",Ramapo,RAM,1152-4557,2,0,22,0,22,0.0,0.0,2.0,2.0,2.0,0.0,1.0,0.0,0.0,1.0,1.0,1.0,0.5,0.0,1.0,0.0,0.0,0.0,0.0,1.0,0.0,0.0,1.0,0.0,0.0,0.0,0.5,0.0,0.0,0.0,0.0,,54:00,0.0,0.0,0.0,,,,,,,,,,,,,,,,,,,,,,0.8348895743498486,2374,86
2026-27,msoc,New Jersey Athletic Conference (NJAC),njac,Rutgers-Newark,"Jimenez, Derek",Derek,Jimenez,,589,"Jimenez, Derek","JIMENEZ,DEREK",Rutgers-Newark,NEW,1161-2665,7,4,32,0,32,0.0,0.0,2.0,4.0,2.0,0.0,1.0,0.0,0.0,0.57,0.29,0.29,0.143,0.0,1.0,0.0,0.0,0.0,0.0,0.0,0.0,0.0,7.0,0.0,1.0,0.0,1.0,0.14,0.0,0.0,0.0,,364:00,0.0,0.0,0.0,,,,,,,,,,,,,,,,,,,,,,0.8348895743498486,2393,86
2026-27,msoc,New Jersey Athletic Conference (NJAC),njac,William Paterson,"Pierce, Niko",Niko,Pierce,,787,"Pierce, Niko","PIERCE,NIKO",William Paterson,WP,1164-3091,6,5,19,0,19,0.0,0.0,2.0,7.0,2.0,0.0,1.0,0.0,0.0,1.17,0.33,0.33,0.167,0.0,1.0,0.0,0.0,0.0,0.0,1.0,0.0,0.0,4.0,0.0,0.0,0.0,0.67,0.0,0.0,0.0,0.0,,354:00,0.0,0.0,0.0,,,,,,,,,,,,,,,,,,,,,,0.8348895743498486,2449,85
2026-27,msoc,New Jersey Athletic Conference (NJAC),njac,TCNJ,"Ritter, Ashton",Ashton,Ritter,,712,"Ritter, Ashton","RITTER,ASHTON",TCNJ,TCNJ,1163-5985,8,7,19,0,19,0.0,0.0,2.0,4.0,2.0,0.0,1.0,0.0,0.0,0.5,0.25,0.25,0.125,0.0,1.0,0.0,0.0,0.0,1.0,1.0,1.0,0.125,3.0,0.0,1.0,0.0,0.38,0.13,0.0,0.0,0.0,,549:00,0.0,0.0,0.0,,,,,,,,,,,,,,,,,,,,,,0.8348895743498486,2462,85
2026-27,msoc,New Jersey Athletic Conference (NJAC),njac,Montclair State,"Diab, Yaseen",Yaseen,Diab,,442,"Diab, Yaseen","DIAB,YASEEN",Montclair State,MSU,1149-14976,4,0,16,0,16,0.0,0.0,3.0,3.0,1.0,1.0,0.0,0.0,0.0,0.75,0.75,0.25,0.0,0.25,3.0,0.0,0.0,0.0,0.0,0.0,0.0,0.0,0.0,0.0,0.0,0.0,0.0,0.0,0.0,0.0,0.0,,84:00,0.0,0.0,0.0,,,,,,,,,,,,,,,,,,,,,,0.670325249876767,2536,85
2026-27,msoc,New Jersey Athletic Conference (NJAC),njac,TCNJ,"Libo, Brennan",Brennan,Libo,,712,"Libo, Brennan","LIBO,BRENNAN",TCNJ,TCNJ,1163-6029,7,0,21,0,21,0.0,0.0,3.0,6.0,1.0,1.0,0.0,0.0,0.0,0.86,0.43,0.14,0.0,0.143,3.0,0.0,0.0,0.0,0.0,0.0,0.0,0.0,3.0,0.0,0.0,0.0,0.43,0.0,0.0,0.0,0.0,,192:00,0.0,0.0,0.0,,,,,,,,,,,,,,,,,,,,,,0.670325249876767,2559,85
2026-27,msoc,New Jersey Athletic Conference (NJAC),njac,Rutgers-Camden,"Norkeh, Okafor",Okafor,Norkeh,,588,"Norkeh, Okafor","NORKEH,OKAFOR",Rutgers-Camden,RUC,1155-5425,6,6,34,0,34,0.0,0.0,3.0,5.0,1.0,1.0,0.0,0.0,0.0,0.83,0.5,0.17,0.0,0.167,3.0,0.0,0.0,0.0,0.0,0.0,0.0,0.0,2.0,0.0,0.0,0.0,0.33,0.0,0.0,0.0,0.0,,502:00,0.0,0.0,0.0,,,,,,,,,,,,,,,,,,,,,,0.670325249876767,2567,85
2026-27,msoc,New Jersey Athletic Conference (NJAC),njac,Rutgers-Newark,"Suenaga, Chihiro",Chihiro,Suenaga,,589,"Suenaga, Chihiro","SUENAGA,CHIHIRO",Rutgers-Newark,NEW,1161-2523,6,1,12,0,12,0.0,0.0,3.0,7.0,1.0,1.0,0.0,0.0,0.0,1.17,0.5,0.17,0.0,0.167,3.0,0.0,0.0,0.0,0.0,0.0,0.0,0.0,2.0,0.0,1.0,0.0,0.33,0.17,0.0,0.0,0.0,,188:00,0.0,0.0,0.0,,,,,,,,,,,,,,,,,,,,,,0.670325249876767,2584,85
2026-27,msoc,New Jersey Athletic Conference (NJAC),njac,Kean,"Arboleda, Juan",Juan,Arboleda,,329,"Arboleda, Juan","ARBOLEDA,JUAN",Kean,KU,1148-7393,4,1,15,0,15,0.0,0.0,1.0,1.0,2.0,0.0,1.0,0.0,0.0,0.25,0.25,0.5,0.25,0.0,0.0,0.0,0.0,0.0,0.0,0.0,0.0,0.0,1.0,0.0,0.0,0.0,0.25,0.0,0.0,0.0,0.0,,97:00,0.0,0.0,0.0,,,,,,,,,,,,,,,,,,,,,,0.64122900901612,2604,85
2026-27,msoc,New Jersey Athletic Conference (NJAC),njac,TCNJ,"Borenstein, Tyler",Tyler,Borenstein,,712,"Borenstein, Tyler","BORENSTEIN,TYLER",TCNJ,TCNJ,1163-5812,6,0,18,0,18,0.0,0.0,1.0,2.0,2.0,0.0,1.0,0.0,0.0,0.33,0.17,0.33,0.167,0.0,0.0,0.0,0.0,0.0,0.0,0.0,0.0,0.0,0.0,0.0,0.0,0.0,0.0,0.0,0.0,0.0,0.0,,257:00,0.0,0.0,0.0,,,,,,,,,,,,,,,,,,,,,,0.64122900901612,2625,85
2026-27,msoc,New Jersey Athletic Conference (NJAC),njac,Rowan,"Kurak, Joey",Joey,Kurak,,259,"Kurak, Joey","KURAK,JOEY",Rowan,ROW,1154-4743,7,4,9,0,9,0.0,0.0,1.0,2.0,2.0,0.0,1.0,0.0,0.0,0.29,0.14,0.29,0.143,0.0,0.0,0.0,0.0,0.0,0.0,0.0,0.0,0.0,7.0,0.0,1.0,0.0,1.0,0.14,0.0,0.0,0.0,,302:00,0.0,0.0,0.0,,,,,,,,,,,,,,,,,,,,,,0.64122900901612,2747,84
2026-27,msoc,New Jersey Athletic Conference (NJAC),njac,TCNJ,"Maser, Tye",Tye,Maser,,712,"Maser, Tye","MASER,TYE",TCNJ,TCNJ,1163-5934,2,2,16,0,16,0.0,0.0,1.0,1.0,2.0,0.0,1.0,0.0,0.0,0.5,0.5,1.0,0.5,0.0,0.0,0.0,0.0,0.0,0.0,0.0,1.0,0.5,0.0,0.0,0.0,0.0,0.0,0.0,0.0,0.0,0.0,,75:00,0.0,0.0,0.0,,,,,,,,,,,,,,,,,,,,,,0.64122900901612,2780,84
2026-27,msoc,New Jersey Athletic Conference (NJAC),njac,Rowan,"Mitchell, Kristerson",Kristerson,Mitchell,,259,"Mitchell, Kristerson","MITCHELL,KRISTERSON",Rowan,ROW,1154-5224,6,0,25,0,25,0.0,0.0,1.0,2.0,2.0,0.0,1.0,0.0,0.0,0.33,0.17,0.33,0.167,0.0,0.0,0.0,0.0,0.0,0.0,0.0,0.0,0.0,5.0,0.0,0.0,0.0,0.83,0.0,0.0,0.0,0.0,,162:00,0.0,0.0,0.0,,,,,,,,,,,,,,,,,,,,,,0.64122900901612,2792,84
2026-27,msoc,New Jersey Athletic Conference (NJAC),njac,TCNJ,"Paul, Preston",Preston,Paul,,712,"Paul, Preston","PAUL,PRESTON",TCNJ,TCNJ,1163-6030,5,0,33,0,33,0.0,0.0,1.0,2.0,2.0,0.0,1.0,0.0,0.0,0.4,0.2,0.4,0.2,0.0,0.0,0.0,0.0,0.0,0.0,1.0,0.0,0.0,2.0,0.0,0.0,0.0,0.4,0.0,0.0,0.0,0.0,,84:00,0.0,0.0,0.0,,,,,,,,,,,,,,,,,,,,,,0.64122900901612,2810,84
2026-27,msoc,New Jersey Athletic Conference (NJAC),njac,New Paltz,"Smith, Quentin",Quentin,Smith,,475,"Smith, Quentin","SMITH,QUENTIN",New Paltz,NP,1182-8791,8,0,22,0,22,0.0,0.0,1.0,2.0,2.0,0.0,1.0,0.0,0.0,0.25,0.13,0.25,0.125,0.0,0.0,0.0,0.0,0.0,0.0,0.0,0.0,0.0,1.0,0.0,0.0,0.0,0.13,0.0,0.0,0.0,0.0,,197:00,0.0,0.0,0.0,,,,,,,,,,,,,,,,,,,,,,0.64122900901612,2856,84
2026-27,msoc,New Jersey Athletic Conference (NJAC),njac,New Paltz,"Steiner, Leo",Leo,Steiner,,475,"Steiner, Leo","STEINER,LEO",New Paltz,NP,1182-8681,8,8,13,0,13,0.0,0.0,1.0,1.0,2.0,0.0,1.0,0.0,0.0,0.13,0.13,0.25,0.125,0.0,0.0,0.0,0.0,0.0,0.0,0.0,0.0,0.0,2.0,0.0,0.0,0.0,0.25,0.0,0.0,0.0,0.0,,567:00,0.0,0.0,0.0,,,,,,,,,,,,,,,,,,,,,,0.64122900901612,2863,84
2026-27,msoc,New Jersey Athletic Conference (NJAC),njac,Stockton,"Sugra, Owen",Owen,Sugra,,681,"Sugra, Owen","SUGRA,OWEN",Stockton,STO,0,4,4,28,0,28,0.0,0.0,1.0,3.0,2.0,0.0,1.0,0.0,0.0,0.75,0.25,0.5,0.25,0.0,0.0,1.0,0.0,0.0,0.0,1.0,0.0,0.0,2.0,0.0,1.0,0.0,0.5,0.25,0.0,0.0,0.0,,307:00,0.0,0.0,0.0,,,,,,,,,,,,,,,,,,,,,,0.64122900901612,2870,84
2026-27,msoc,New Jersey Athletic Conference (NJAC),njac,Kean,"Talabi, Ayo",Ayo,Talabi,,329,"Talabi, Ayo","TALABI,AYO",Kean,KU,1148-7409,6,2,17,0,17,0.0,0.0,1.0,3.0,2.0,0.0,1.0,0.0,0.0,0.5,0.17,0.33,0.167,0.0,0.0,0.0,0.0,0.0,0.0,0.0,0.0,0.0,3.0,0.0,1.0,0.0,0.5,0.17,0.0,0.0,0.0,,206:00,0.0,0.0,0.0,,,,,,,,,,,,,,,,,,,,,,0.64122900901612,2877,84
2026-27,msoc,New Jersey Athletic Conference (NJAC),njac,Rutgers-Camden,"Thinji, Jacob",Jacob,Thinji,,588,"Thinji, Jacob","THINJI,JACOB",Rutgers-Camden,RUC,1155-5417,8,5,13,0,13,0.0,0.0,1.0,5.0,2.0,0.0,1.0,0.0,0.0,0.63,0.13,0.25,0.125,0.0,0.0,0.0,0.0,0.0,0.0,0.0,0.0,0.0,4.0,0.0,0.0,0.0,0.5,0.0,0.0,0.0,0.0,,384:00,0.0,0.0,0.0,,,,,,,,,,,,,,,,,,,,,,0.64122900901612,2882,84
2026-27,msoc,New Jersey Athletic Conference (NJAC),njac,Montclair State,"Uzomechina, Ugo",Ugo,Uzomechina,,442,"Uzomechina, Ugo","UZOMECHINA,UGO",Montclair State,MSU,1149-15313,7,0,30,0,30,0.0,0.0,1.0,1.0,2.0,0.0,1.0,0.0,0.0,0.14,0.14,0.29,0.143,0.0,0.0,0.0,0.0,0.0,0.0,0.0,0.0,0.0,4.0,0.0,0.0,0.0,0.57,0.0,0.0,0.0,0.0,,117:00,0.0,0.0,0.0,,,,,,,,,,,,,,,,,,,,,,0.64122900901612,2888,84
2026-27,msoc,New Jersey Athletic Conference (NJAC),njac,Ramapo,"Yannam, Rohan",Rohan,Yannam,,564,"Yannam, Rohan","YANNAM,ROHAN",Ramapo,RAM,1152-4563,2,0,33,0,33,0.0,0.0,1.0,1.0,2.0,0.0,1.0,0.0,0.0,0.5,0.5,1.0,0.5,0.0,0.0,0.0,0.0,0.0,0.0,0.0,0.0,0.0,0.0,0.0,0.0,0.0,0.0,0.0,0.0,0.0,0.0,,16:00,0.0,0.0,0.0,,,,,,,,,,,,,,,,,,,,,,0.64122900901612,2910,83
2026-27,msoc,New Jersey Athletic Conference (NJAC),njac,Stockton,"Edwards, Owen",Owen,Edwards,,681,"Edwards, Owen","EDWARDS,OWEN",Stockton,STO,0,9,1,17,0,17,0.0,0.0,2.0,4.0,1.0,1.0,0.0,0.0,0.0,0.44,0.22,0.11,0.0,0.111,2.0,0.0,0.0,0.0,0.0,0.0,0.0,0.0,2.0,0.0,0.0,0.0,0.22,0.0,0.0,0.0,0.0,,312:00,0.0,0.0,0.0,,,,,,,,,,,,,,,,,,,,,,0.4766646845430384,2958,83
2026-27,msoc,New Jersey Athletic Conference (NJAC),njac,William Paterson,"Robijn, Jasper",Jasper,Robijn,,787,"Robijn, Jasper","ROBIJN,JASPER",William Paterson,WP,1164-3251,8,2,16,0,16,0.0,0.0,2.0,3.0,1.0,1.0,0.0,0.0,0.0,0.38,0.25,0.13,0.0,0.125,2.0,0.0,0.0,0.0,0.0,0.0,0.0,0.0,5.0,0.0,2.0,0.0,0.63,0.25,0.0,0.0,0.0,,351:00,0.0,0.0,0.0,,,,,,,,,,,,,,,,,,,,,,0.4766646845430384,3026,83
2026-27,msoc,New Jersey Athletic Conference (NJAC),njac,Stockton,"Tindall, Derek",Derek,Tindall,,681,"Tindall, Derek","TINDALL,DEREK",Stockton,STO,0,9,7,4,0,4,0.0,0.0,2.0,4.0,1.0,1.0,0.0,0.0,0.0,0.44,0.22,0.11,0.0,0.111,2.0,0.0,0.0,0.0,0.0,0.0,0.0,0.0,2.0,0.0,1.0,0.0,0.22,0.11,0.0,0.0,0.0,,674:00,0.0,0.0,0.0,,,,,,,,,,,,,,,,,,,,,,0.4766646845430384,3046,83
2026-27,msoc,New Jersey Athletic Conference (NJAC),njac,Stockton,"Tossie, Demier",Demier,Tossie,,681,"Tossie, Demier","TOSSIE,DEMIER",Stockton,STO,0,9,9,15,0,15,0.0,0.0,2.0,8.0,1.0,1.0,0.0,0.0,0.0,0.89,0.22,0.11,0.0,0.111,2.0,0.0,0.0,0.0,0.0,0.0,0.0,0.0,5.0,0.0,3.0,0.0,0.56,0.33,0.0,0.0,0.0,,689:00,0.0,0.0,0.0,,,,,,,,,,,,,,,,,,,,,,0.4766646845430384,3047,83
2026-27,msoc,New Jersey Athletic Conference (NJAC),njac,Montclair State,"Wesley, Jayden",Jayden,Wesley,,442,"Wesley, Jayden","WESLEY,JAYDEN",Montclair State,MSU,1149-14996,8,0,24,0,24,0.0,0.0,2.0,3.0,1.0,1.0,0.0,0.0,0.0,0.38,0.25,0.13,0.0,0.125,2.0,0.0,0.0,0.0,0.0,0.0,0.0,0.0,1.0,0.0,0.0,0.0,0.13,0.0,0.0,0.0,0.0,,137:00,0.0,0.0,0.0,,,,,,,,,,,,,,,,,,,,,,0.4766646845430384,3052,83
2026-27,msoc,New Jersey Athletic Conference (NJAC),njac,Kean,"Albarracin, Matias Maximiliano",Matias Maximiliano,Albarracin,,329,"Albarracin, Matias Maximiliano","ALBARRACIN,MATIAS MAXIMILIANO",Kean,KU,1148-7389,5,0,14,0,14,0.0,0.0,1.0,2.0,1.0,1.0,0.0,0.0,0.0,0.4,0.2,0.2,0.0,0.2,1.0,0.0,0.0,0.0,0.0,0.0,0.0,0.0,1.0,0.0,0.0,0.0,0.2,0.0,0.0,0.0,0.0,,125:00,0.0,0.0,0.0,,,,,,,,,,,,,,,,,,,,,,0.2830041192093099,3067,83
2026-27,msoc,New Jersey Athletic Conference (NJAC),njac,Montclair State,"Cadigan, Branden",Branden,Cadigan,,442,"Cadigan, Branden","CADIGAN,BRANDEN",Montclair State,MSU,1149-15304,10,8,15,0,15,0.0,0.0,1.0,3.0,1.0,1.0,0.0,0.0,0.0,0.3,0.1,0.1,0.0,0.1,1.0,0.0,0.0,0.0,0.0,0.0,0.0,0.0,4.0,0.0,0.0,0.0,0.4,0.0,0.0,0.0,0.0,,692:00,0.0,0.0,0.0,,,,,,,,,,,,,,,,,,,,,,0.2830041192093099,3089,83
2026-27,msoc,New Jersey Athletic Conference (NJAC),njac,Ramapo,"Cascio, Luca",Luca,Cascio,,564,"Cascio, Luca","CASCIO,LUCA",Ramapo,RAM,1152-4255,7,7,6,0,6,0.0,0.0,1.0,4.0,1.0,1.0,0.0,0.0,0.0,0.57,0.14,0.14,0.0,0.143,1.0,0.0,0.0,0.0,0.0,0.0,0.0,0.0,4.0,0.0,0.0,0.0,0.57,0.0,0.0,0.0,0.0,,558:00,0.0,0.0,0.0,,,,,,,,,,,,,,,,,,,,,,0.2830041192093099,3095,83
2026-27,msoc,New Jersey Athletic Conference (NJAC),njac,Rutgers-Newark,"De Souza, Samuel",Samuel,De Souza,,589,"De Souza, Samuel","DE SOUZA,SAMUEL",Rutgers-Newark,NEW,1161-2660,7,2,22,0,22,0.0,0.0,1.0,10.0,1.0,1.0,0.0,0.0,0.0,1.43,0.14,0.14,0.0,0.143,1.0,0.0,0.0,0.0,0.0,0.0,0.0,0.0,3.0,0.0,0.0,0.0,0.43,0.0,0.0,0.0,0.0,,260:00,0.0,0.0,0.0,,,,,,,,,,,,,,,,,,,,,,0.2830041192093099,3116,83
2026-27,msoc,New Jersey Athletic Conference (NJAC),njac,Ramapo,"Drishti, Maximus",Maximus,Drishti,,564,"Drishti, Maximus","DRISHTI,MAXIMUS",Ramapo,RAM,1152-4558,2,0,24,0,24,0.0,0.0,1.0,3.0,1.0,1.0,0.0,0.0,0.0,1.5,0.5,0.5,0.0,0.5,1.0,0.0,0.0,0.0,0.0,0.0,0.0,0.0,0.0,0.0,0.0,0.0,0.0,0.0,0.0,0.0,0.0,,29:00,0.0,0.0,0.0,,,,,,,,,,,,,,,,,,,,,,0.2830041192093099,3120,83
2026-27,msoc,New Jersey Athletic Conference (NJAC),njac,TCNJ,"Grace, Rory",Rory,Grace,,712,"Grace, Rory","GRACE,RORY",TCNJ,TCNJ,1163-5935,8,8,12,0,12,0.0,0.0,1.0,4.0,1.0,1.0,0.0,0.0,0.0,0.5,0.13,0.13,0.0,0.125,1.0,0.0,0.0,0.0,0.0,0.0,0.0,0.0,9.0,0.0,1.0,0.0,1.13,0.13,0.0,0.0,0.0,,502:00,0.0,0.0,0.0,,,,,,,,,,,,,,,,,,,,,,0.2830041192093099,3145,83
2026-27,msoc,New Jersey Athletic Conference (NJAC),njac,TCNJ,"Grund, Aiden",Aiden,Grund,,712,"Grund, Aiden","GRUND,AIDEN",TCNJ,TCNJ,1163-5811,7,7,8,0,8,0.0,0.0,1.0,2.0,1.0,1.0,0.0,0.0,0.0,0.29,0.14,0.14,0.0,0.143,1.0,0.0,0.0,0.0,0.0,0.0,0.0,0.0,2.0,0.0,0.0,0.0,0.29,0.0,0.0,0.0,0.0,,617:00,0.0,0.0,0.0,,,,,,,,,,,,,,,,,,,,,,0.2830041192093099,3150,83
2026-27,msoc,New Jersey Athletic Conference (NJAC),njac,Ramapo,"Radoncic, Rizah",Rizah,Radoncic,,564,"Radoncic, Rizah","RADONCIC,RIZAH",Ramapo,RAM,1152-4556,7,0,21,0,21,0.0,0.0,1.0,1.0,1.0,1.0,0.0,0.0,0.0,0.14,0.14,0.14,0.0,0.143,1.0,0.0,0.0,0.0,0.0,0.0,0.0,0.0,3.0,0.0,1.0,0.0,0.43,0.14,0.0,0.0,0.0,,135:00,0.0,0.0,0.0,,,,,,,,,,,,,,,,,,,,,,0.2830041192093099,3232,82
2026-27,msoc,New Jersey Athletic Conference (NJAC),njac,Ramapo,"Da Silva, Axel",Axel,Da Silva,,564,"Da Silva, Axel","DA SILVA,AXEL",Ramapo,RAM,1152-4384,2,1,0,0,0,0.0,0.0,0.0,0.0,0.0,0.0,0.0,0.0,0.0,0.0,0.0,0.0,0.0,0.0,0.0,0.0,0.0,0.0,0.0,0.0,0.0,0.0,1.0,0.0,0.0,0.0,0.5,0.0,0.0,0.0,0.0,,110:00,0.0,0.0,0.0,5.0,0.0,0.0,1.0,1.0,1.0,0.0,2.0,0.0,110:09,1.0,2.0,0.0,1.0,0.5,1.0,,,,,,0.2375711767523202,3314,82
2026-27,msoc,New Jersey Athletic Conference (NJAC),njac,Montclair State,"Farmer, Joe",Joe,Farmer,,442,"Farmer, Joe","FARMER,JOE",Montclair State,MSU,1149-14979,1,0,0,0,0,0.0,0.0,0.0,0.0,0.0,0.0,0.0,0.0,0.0,0.0,0.0,0.0,0.0,0.0,0.0,0.0,0.0,0.0,0.0,0.0,0.0,0.0,0.0,0.0,0.0,0.0,0.0,0.0,0.0,0.0,0.0,,20:00,0.0,0.0,0.0,2.0,0.0,0.0,0.0,0.0,1.0,0.0,1.0,0.0,20:04,0.0,1.0,0.0,1.0,0.0,1.0,,,,,,0.2375711767523202,3319,82
2026-27,msoc,New Jersey Athletic Conference (NJAC),njac,Montclair State,"Kostis Jr., George",George,Kostis Jr.,,442,"Kostis Jr., George","KOSTIS JR.,GEORGE",Montclair State,MSU,1149-15302,4,1,0,0,0,0.0,0.0,0.0,0.0,0.0,0.0,0.0,0.0,0.0,0.0,0.0,0.0,0.0,0.0,0.0,0.0,0.0,0.0,0.0,0.0,0.0,0.0,0.0,0.0,0.0,0.0,0.0,0.0,0.0,0.0,0.0,,147:00,0.0,0.0,0.0,5.0,0.0,0.0,1.0,1.0,1.0,0.0,5.0,0.0,147:56,1.0,4.0,0.0,1.0,0.25,1.25,,,,,,0.2375711767523202,3329,82
2026-27,msoc,New Jersey Athletic Conference (NJAC),njac,Rowan,"Norton, C.J.",C.J.,Norton,,259,"Norton, C.J.","NORTON,C.J.",Rowan,ROW,1154-4999,2,0,0,0,0,0.0,0.0,0.0,0.0,0.0,0.0,0.0,0.0,0.0,0.0,0.0,0.0,0.0,0.0,0.0,0.0,0.0,0.0,0.0,0.0,0.0,0.0,0.0,0.0,0.0,0.0,0.0,0.0,0.0,0.0,0.0,,38:00,0.0,0.0,0.0,4.0,0.0,0.0,0.0,1.0,1.0,0.0,2.0,0.0,38:33,0.0,2.0,0.0,1.0,0.5,1.0,,,,,,0.2375711767523202,3349,82
2026-27,msoc,New Jersey Athletic Conference (NJAC),njac,Rutgers-Newark,"Rios, Samuel",Samuel,Rios,,589,"Rios, Samuel","RIOS,SAMUEL",Rutgers-Newark,NEW,1161-2673,2,0,99,0,99,0.0,0.0,0.0,0.0,0.0,0.0,0.0,0.0,0.0,0.0,0.0,0.0,0.0,0.0,0.0,0.0,0.0,0.0,0.0,0.0,0.0,0.0,0.0,0.0,0.0,0.0,0.0,0.0,0.0,0.0,0.0,,61:00,0.0,0.0,0.0,13.0,0.0,0.0,0.0,0.0,1.0,0.0,6.0,0.0,61:33,0.0,2.0,0.0,1.0,0.0,3.0,,,,,,0.2375711767523202,3360,82
2026-27,msoc,New Jersey Athletic Conference (NJAC),njac,Rutgers-Newark,"Belmonte, Brody",Brody,Belmonte,,589,"Belmonte, Brody","BELMONTE,BRODY",Rutgers-Newark,NEW,1161-2658,6,6,19,0,19,0.0,0.0,0.0,2.0,1.0,1.0,0.0,0.0,0.0,0.33,0.0,0.17,0.0,0.167,0.0,0.0,0.0,0.0,0.0,0.0,0.0,0.0,4.0,0.0,0.0,0.0,0.67,0.0,0.0,0.0,0.0,,477:00,0.0,0.0,0.0,,,,,,,,,,,,,,,,,,,,,,0.0893435538755813,3402,82
2026-27,msoc,New Jersey Athletic Conference (NJAC),njac,TCNJ,"Blount, Elias",Elias,Blount,,712,"Blount, Elias","BLOUNT,ELIAS",TCNJ,TCNJ,1163-5980,8,3,14,0,14,0.0,0.0,0.0,0.0,1.0,1.0,0.0,0.0,0.0,0.0,0.0,0.13,0.0,0.125,0.0,0.0,0.0,0.0,0.0,0.0,0.0,0.0,4.0,0.0,2.0,0.0,0.5,0.25,0.0,0.0,0.0,,374:00,0.0,0.0,0.0,,,,,,,,,,,,,,,,,,,,,,0.0893435538755813,3406,82
2026-27,msoc,New Jersey Athletic Conference (NJAC),njac,Stockton,"Gallardo, Andrew",Andrew,Gallardo,,681,"Gallardo, Andrew","GALLARDO,ANDREW",Stockton,STO,0,8,0,19,0,19,0.0,0.0,0.0,1.0,1.0,1.0,0.0,0.0,0.0,0.13,0.0,0.13,0.0,0.125,0.0,0.0,0.0,0.0,0.0,0.0,0.0,0.0,0.0,0.0,0.0,0.0,0.0,0.0,0.0,0.0,0.0,,193:00,0.0,0.0,0.0,,,,,,,,,,,,,,,,,,,,,,0.0893435538755813,3481,81
2026-27,msoc,New Jersey Athletic Conference (NJAC),njac,Rutgers-Newark,"Huseinovic, Dylan",Dylan,Huseinovic,,589,"Huseinovic, Dylan","HUSEINOVIC,DYLAN",Rutgers-Newark,NEW,1161-2511,5,5,5,0,5,0.0,0.0,0.0,1.0,1.0,1.0,0.0,0.0,0.0,0.2,0.0,0.2,0.0,0.2,0.0,0.0,0.0,0.0,0.0,0.0,0.0,0.0,6.0,0.0,1.0,0.0,1.2,0.2,0.0,0.0,0.0,,330:00,0.0,0.0,0.0,,,,,,,,,,,,,,,,,,,,,,0.0893435538755813,3518,81
2026-27,msoc,New Jersey Athletic Conference (NJAC),njac,Montclair State,"Mendez, Jhon",Jhon,Mendez,,442,"Mendez, Jhon","MENDEZ,JHON",Montclair State,MSU,1149-15307,5,0,21,0,21,0.0,0.0,0.0,0.0,1.0,1.0,0.0,0.0,0.0,0.0,0.0,0.2,0.0,0.2,0.0,0.0,0.0,0.0,0.0,0.0,0.0,0.0,0.0,0.0,0.0,0.0,0.0,0.0,0.0,0.0,0.0,,108:00,0.0,0.0,0.0,,,,,,,,,,,,,,,,,,,,,,0.0893435538755813,3584,81
2026-27,msoc,New Jersey Athletic Conference (NJAC),njac,Rowan,"Moore, Mike",Mike,Moore,,259,"Moore, Mike","MOORE,MIKE",Rowan,ROW,1154-5211,7,7,0,0,0,0.0,0.0,0.0,0.0,0.0,0.0,0.0,0.0,0.0,0.0,0.0,0.0,0.0,0.0,0.0,0.0,0.0,0.0,0.0,0.0,0.0,0.0,0.0,0.0,0.0,0.0,0.0,0.0,0.0,0.0,0.0,,592:00,0.0,0.0,0.0,47.0,1.0,0.0,6.0,5.0,0.882,0.3,15.0,2.0,591:27,7.0,7.0,0.29,0.882,0.714,2.14,,,,,,-0.2882650776951674,3787,80
2026-27,msoc,New Jersey Athletic Conference (NJAC),njac,Kean,"Orozco, Juan",Juan,Orozco,,329,"Orozco, Juan","OROZCO,JUAN",Kean,KU,1148-7129,7,5,1,0,1,0.0,0.0,0.0,0.0,0.0,0.0,0.0,0.0,0.0,0.0,0.0,0.0,0.0,0.0,0.0,0.0,0.0,0.0,0.0,0.0,0.0,0.0,0.0,0.0,0.0,0.0,0.0,0.0,0.0,0.0,0.0,,497:00,0.0,0.0,0.0,113.0,3.0,1.0,2.0,2.0,0.914,0.54,32.0,3.0,497:14,5.0,7.0,0.43,0.914,0.286,4.57,,,,,,-0.2939559195451839,3789,80
2026-27,msoc,New Jersey Athletic Conference (NJAC),njac,Ramapo,"Natt, Zachary",Zachary,Natt,,564,"Natt, Zachary","NATT,ZACHARY",Ramapo,RAM,1152-4087,7,7,1,0,1,0.0,0.0,0.0,0.0,0.0,0.0,0.0,0.0,0.0,0.0,0.0,0.0,0.0,0.0,0.0,0.0,0.0,0.0,0.0,0.0,0.0,0.0,0.0,0.0,0.0,0.0,0.0,0.0,0.0,0.0,0.0,,610:00,0.0,0.0,0.0,82.0,1.0,2.0,4.0,2.0,0.822,1.18,37.0,8.0,609:51,7.0,7.0,1.14,0.822,0.286,5.29,,,,,,-0.8913265980983984,3939,79
2026-27,msoc,New Jersey Athletic Conference (NJAC),njac,Rutgers-Newark,"Nakahara, Ben",Ben,Nakahara,,589,"Nakahara, Ben","NAKAHARA,BEN",Rutgers-Newark,NEW,1161-2413,2,1,0,0,0,0.0,0.0,0.0,0.0,0.0,0.0,0.0,0.0,0.0,0.0,0.0,0.0,0.0,0.0,0.0,0.0,0.0,0.0,0.0,0.0,0.0,0.0,0.0,0.0,0.0,0.0,0.0,0.0,0.0,0.0,0.0,,87:00,0.0,0.0,0.0,12.0,0.0,0.0,1.0,0.0,0.8,1.05,4.0,1.0,86:46,1.0,2.0,0.5,0.8,0.0,2.0,,,,,,-0.9035649824547224,3941,79
2026-27,msoc,New Jersey Athletic Conference (NJAC),njac,New Paltz,"Hamilton, Cody",Cody,Hamilton,,475,"Hamilton, Cody","HAMILTON,CODY",New Paltz,NP,1182-8787,8,0,7,0,7,0.0,0.0,4.0,8.0,0.0,0.0,0.0,0.0,0.0,1.0,0.5,0.0,0.0,0.0,4.0,0.0,0.0,0.0,0.0,0.0,0.0,0.0,4.0,0.0,0.0,0.0,0.5,0.0,0.0,0.0,0.0,,251:00,0.0,0.0,0.0,,,,,,,,,,,,,,,,,,,,,,-0.9157237225214024,3970,79
2026-27,msoc,New Jersey Athletic Conference (NJAC),njac,Ramapo,"Leckner, Sam",Sam,Leckner,,564,"Leckner, Sam","LECKNER,SAM",Ramapo,RAM,1152-4554,8,7,3,0,3,0.0,0.0,4.0,5.0,0.0,0.0,0.0,0.0,0.0,0.63,0.5,0.0,0.0,0.0,4.0,0.0,0.0,0.0,0.0,0.0,0.0,0.0,3.0,0.0,0.0,0.0,0.38,0.0,0.0,0.0,0.0,,582:00,0.0,0.0,0.0,,,,,,,,,,,,,,,,,,,,,,-0.9157237225214024,3978,79
2026-27,msoc,New Jersey Athletic Conference (NJAC),njac,Rutgers-Camden,"Nycz, Aleksander",Aleksander,Nycz,,588,"Nycz, Aleksander","NYCZ,ALEKSANDER",Rutgers-Camden,RUC,1155-5315,3,3,44,0,44,0.0,0.0,0.0,0.0,0.0,0.0,0.0,0.0,0.0,0.0,0.0,0.0,0.0,0.0,0.0,0.0,0.0,0.0,0.0,0.0,0.0,0.0,0.0,0.0,0.0,0.0,0.0,0.0,0.0,0.0,0.0,,224:00,0.0,0.0,0.0,34.0,0.0,1.0,1.0,0.0,0.813,1.21,13.0,3.0,224:11,3.0,3.0,1.0,0.813,0.0,4.33,,,,,,-0.9347176693280967,4017,79
2026-27,msoc,New Jersey Athletic Conference (NJAC),njac,New Paltz,"Sheehan, Austin",Austin,Sheehan,,475,"Sheehan, Austin","SHEEHAN,AUSTIN",New Paltz,NP,1182-8790,6,5,36,0,36,0.0,0.0,0.0,0.0,0.0,0.0,0.0,0.0,0.0,0.0,0.0,0.0,0.0,0.0,0.0,0.0,0.0,0.0,0.0,0.0,0.0,0.0,0.0,0.0,0.0,0.0,0.0,0.0,0.0,0.0,0.0,,378:00,0.0,0.0,0.0,35.0,0.0,1.0,3.0,1.0,0.773,0.96,17.0,5.0,468:20,5.0,6.0,0.83,0.773,0.167,2.83,,,,,,-0.9506767429130198,4019,79
2026-27,msoc,New Jersey Athletic Conference (NJAC),njac,TCNJ,"Najdzinowicz, Sean",Sean,Najdzinowicz,,712,"Najdzinowicz, Sean","NAJDZINOWICZ,SEAN",TCNJ,TCNJ,1163-5809,5,4,0,0,0,0.0,0.0,0.0,0.0,0.0,0.0,0.0,0.0,0.0,0.0,0.0,0.0,0.0,0.0,0.0,0.0,0.0,0.0,0.0,0.0,0.0,0.0,0.0,0.0,0.0,0.0,0.0,0.0,0.0,0.0,0.0,,404:00,0.0,0.0,0.0,61.0,4.0,0.0,0.0,1.0,0.792,1.11,19.0,5.0,404:47,4.0,5.0,1.0,0.792,0.2,3.8,,,,,,-0.957516574146084,4020,79
2026-27,msoc,New Jersey Athletic Conference (NJAC),njac,Kean,"Dos Santos, Alexander",Alexander,Dos Santos,,329,"Dos Santos, Alexander","DOS SANTOS,ALEXANDER",Kean,KU,1148-7394,8,7,16,0,16,0.0,0.0,3.0,6.0,0.0,0.0,0.0,0.0,0.0,0.75,0.38,0.0,0.0,0.0,3.0,0.0,0.0,0.0,0.0,0.0,0.0,0.0,7.0,0.0,0.0,0.0,0.88,0.0,0.0,0.0,0.0,,506:00,0.0,0.0,0.0,,,,,,,,,,,,,,,,,,,,,,-1.1093842878551308,4116,79
2026-27,msoc,New Jersey Athletic Conference (NJAC),njac,Kean,"Moya, Matthew",Matthew,Moya,,329,"Moya, Matthew","MOYA,MATTHEW",Kean,KU,1148-7037,7,5,7,0,7,0.0,0.0,3.0,4.0,0.0,0.0,0.0,0.0,0.0,0.57,0.43,0.0,0.0,0.0,3.0,0.0,0.0,0.0,0.0,0.0,0.0,0.0,7.0,0.0,1.0,0.0,1.0,0.14,0.0,0.0,0.0,,292:00,0.0,0.0,0.0,,,,,,,,,,,,,,,,,,,,,,-1.1093842878551308,4161,79
2026-27,msoc,New Jersey Athletic Conference (NJAC),njac,Montclair State,"Neves, Kenneth",Kenneth,Neves,,442,"Neves, Kenneth","NEVES,KENNETH",Montclair State,MSU,1149-14680,8,7,4,0,4,0.0,0.0,3.0,6.0,0.0,0.0,0.0,0.0,0.0,0.75,0.38,0.0,0.0,0.0,3.0,0.0,0.0,0.0,0.0,0.0,0.0,0.0,6.0,0.0,1.0,0.0,0.75,0.13,0.0,0.0,0.0,,504:00,0.0,0.0,0.0,,,,,,,,,,,,,,,,,,,,,,-1.1093842878551308,4163,79
2026-27,msoc,New Jersey Athletic Conference (NJAC),njac,Rutgers-Camden,"Zubert, Joseph",Joseph,Zubert,,588,"Zubert, Joseph","ZUBERT,JOSEPH",Rutgers-Camden,RUC,1155-5414,6,5,0,0,0,0.0,0.0,0.0,0.0,0.0,0.0,0.0,0.0,0.0,0.0,0.0,0.0,0.0,0.0,0.0,0.0,0.0,0.0,0.0,0.0,0.0,0.0,0.0,0.0,0.0,0.0,0.0,0.0,0.0,0.0,0.0,,496:00,0.0,0.0,0.0,70.0,1.0,3.0,2.0,2.0,0.767,1.27,23.0,7.0,495:49,5.0,6.0,1.17,0.767,0.333,3.83,,,,,,-1.1134253539379946,4223,78
2026-27,msoc,New Jersey Athletic Conference (NJAC),njac,Rutgers-Newark,"Bejarno, David",David,Bejarno,,589,"Bejarno, David","BEJARNO,DAVID",Rutgers-Newark,NEW,1161-2500,5,5,0,0,0,0.0,0.0,0.0,0.0,0.0,0.0,0.0,0.0,0.0,0.0,0.0,0.0,0.0,0.0,0.0,0.0,0.0,0.0,0.0,0.0,0.0,0.0,1.0,0.0,0.0,0.0,0.2,0.0,0.0,0.0,0.0,,450:00,0.0,0.0,0.0,35.0,3.0,0.0,2.0,1.0,0.722,1.0,13.0,5.0,450:00,5.0,5.0,1.0,0.722,0.2,2.6,,,,,,-1.1365706525479582,4230,78
2026-27,msoc,New Jersey Athletic Conference (NJAC),njac,William Paterson,"Misko, Luca",Luca,Misko,,787,"Misko, Luca","MISKO,LUCA",William Paterson,WP,1164-2765,6,5,0,0,0,0.0,0.0,0.0,0.0,0.0,0.0,0.0,0.0,0.0,0.0,0.0,0.0,0.0,0.0,0.0,0.0,0.0,0.0,0.0,0.0,0.0,0.0,0.0,0.0,1.0,0.0,0.0,0.17,0.0,0.0,0.0,,502:00,0.0,0.0,0.0,73.0,2.0,3.0,0.0,1.0,0.775,1.61,31.0,9.0,502:14,5.0,6.0,1.5,0.775,0.167,5.17,,,,,,-1.2440547694261854,4264,78
2026-27,msoc,New Jersey Athletic Conference (NJAC),njac,Kean,"Addo, Herb",Herb,Addo,,329,"Addo, Herb","ADDO,HERB",Kean,KU,1148-7396,8,0,19,0,19,0.0,0.0,2.0,4.0,0.0,0.0,0.0,0.0,0.0,0.5,0.25,0.0,0.0,0.0,2.0,0.0,0.0,0.0,0.0,0.0,0.0,0.0,3.0,0.0,1.0,0.0,0.38,0.13,0.0,0.0,0.0,,232:00,0.0,0.0,0.0,,,,,,,,,,,,,,,,,,,,,,-1.3030448531888594,4285,78
2026-27,msoc,New Jersey Athletic Conference (NJAC),njac,Stockton,"Bah, Ibrahim",Ibrahim,Bah,,681,"Bah, Ibrahim","BAH,IBRAHIM",Stockton,STO,0,8,0,20,0,20,0.0,0.0,2.0,3.0,0.0,0.0,0.0,0.0,0.0,0.38,0.25,0.0,0.0,0.0,2.0,0.0,0.0,0.0,0.0,0.0,0.0,0.0,3.0,0.0,0.0,0.0,0.38,0.0,0.0,0.0,0.0,,129:00,0.0,0.0,0.0,,,,,,,,,,,,,,,,,,,,,,-1.3030448531888594,4317,78
2026-27,msoc,New Jersey Athletic Conference (NJAC),njac,Montclair State,"Bautista, Anthony",Anthony,Bautista,,442,"Bautista, Anthony","BAUTISTA,ANTHONY",Montclair State,MSU,1149-15306,5,0,20,0,20,0.0,0.0,2.0,2.0,0.0,0.0,0.0,0.0,0.0,0.4,0.4,0.0,0.0,0.0,2.0,0.0,0.0,0.0,0.0,0.0,0.0,0.0,1.0,0.0,0.0,0.0,0.2,0.0,0.0,0.0,0.0,,94:00,0.0,0.0,0.0,,,,,,,,,,,,,,,,,,,,,,-1.3030448531888594,4323,78
2026-27,msoc,New Jersey Athletic Conference (NJAC),njac,Kean,"Ellisy, Salem",Salem,Ellisy,,329,"Ellisy, Salem","ELLISY,SALEM",Kean,KU,1148-7400,2,2,23,0,23,0.0,0.0,2.0,6.0,0.0,0.0,0.0,0.0,0.0,3.0,1.0,0.0,0.0,0.0,2.0,0.0,0.0,0.0,0.0,0.0,0.0,0.0,1.0,0.0,1.0,0.0,0.5,0.5,0.0,0.0,0.0,,104:00,0.0,0.0,0.0,,,,,,,,,,,,,,,,,,,,,,-1.3030448531888594,4397,78
2026-27,msoc,New Jersey Athletic Conference (NJAC),njac,William Paterson,"Hamid, Farouk",Farouk,Hamid,,787,"Hamid, Farouk","HAMID,FAROUK",William Paterson,WP,1164-3239,4,0,27,0,27,0.0,0.0,2.0,2.0,0.0,0.0,0.0,0.0,0.0,0.5,0.5,0.0,0.0,0.0,2.0,0.0,0.0,0.0,0.0,0.0,0.0,0.0,2.0,0.0,0.0,0.0,0.5,0.0,0.0,0.0,0.0,,54:00,0.0,0.0,0.0,,,,,,,,,,,,,,,,,,,,,,-1.3030448531888594,4431,77
2026-27,msoc,New Jersey Athletic Conference (NJAC),njac,Stockton,"Hernandez, Myles",Myles,Hernandez,,681,"Hernandez, Myles","HERNANDEZ,MYLES",Stockton,STO,0,9,9,2,0,2,0.0,0.0,2.0,2.0,0.0,0.0,0.0,0.0,0.0,0.22,0.22,0.0,0.0,0.0,2.0,0.0,0.0,0.0,0.0,0.0,0.0,0.0,6.0,0.0,2.0,0.0,0.67,0.22,0.0,0.0,0.0,,520:00,0.0,0.0,0.0,,,,,,,,,,,,,,,,,,,,,,-1.3030448531888594,4440,77
2026-27,msoc,New Jersey Athletic Conference (NJAC),njac,Stockton,"Hoenisch, Landon",Landon,Hoenisch,,681,"Hoenisch, Landon","HOENISCH,LANDON",Stockton,STO,0,9,7,10,0,10,0.0,0.0,2.0,7.0,0.0,0.0,0.0,0.0,0.0,0.78,0.22,0.0,0.0,0.0,2.0,0.0,0.0,0.0,0.0,0.0,0.0,0.0,8.0,0.0,1.0,0.0,0.89,0.11,0.0,0.0,0.0,,411:00,0.0,0.0,0.0,,,,,,,,,,,,,,,,,,,,,,-1.3030448531888594,4443,77
2026-27,msoc,New Jersey Athletic Conference (NJAC),njac,Montclair State,"Kostis, Emmanuel",Emmanuel,Kostis,,442,"Kostis, Emmanuel","KOSTIS,EMMANUEL",Montclair State,MSU,1149-15310,2,0,26,0,26,0.0,0.0,2.0,2.0,0.0,0.0,0.0,0.0,0.0,1.0,1.0,0.0,0.0,0.0,2.0,0.0,0.0,0.0,0.0,0.0,0.0,0.0,1.0,0.0,0.0,0.0,0.5,0.0,0.0,0.0,0.0,,60:00,0.0,0.0,0.0,,,,,,,,,,,,,,,,,,,,,,-1.3030448531888594,4489,77
2026-27,msoc,New Jersey Athletic Conference (NJAC),njac,Ramapo,"Lazor, Emanuel",Emanuel,Lazor,,564,"Lazor, Emanuel","LAZOR,EMANUEL",Ramapo,RAM,1152-4553,4,3,2,0,2,0.0,0.0,2.0,2.0,0.0,0.0,0.0,0.0,0.0,0.5,0.5,0.0,0.0,0.0,2.0,0.0,0.0,0.0,0.0,0.0,0.0,0.0,5.0,0.0,1.0,0.0,1.25,0.25,0.0,0.0,0.0,,254:00,0.0,0.0,0.0,,,,,,,,,,,,,,,,,,,,,,-1.3030448531888594,4496,77
2026-27,msoc,New Jersey Athletic Conference (NJAC),njac,TCNJ,"Mancino, Lawrence",Lawrence,Mancino,,712,"Mancino, Lawrence","MANCINO,LAWRENCE",TCNJ,TCNJ,1163-5813,6,5,3,0,3,0.0,0.0,2.0,5.0,0.0,0.0,0.0,0.0,0.0,0.83,0.33,0.0,0.0,0.0,2.0,0.0,0.0,0.0,0.0,0.0,0.0,0.0,1.0,0.0,0.0,0.0,0.17,0.0,0.0,0.0,0.0,,386:00,0.0,0.0,0.0,,,,,,,,,,,,,,,,,,,,,,-1.3030448531888594,4517,77
2026-27,msoc,New Jersey Athletic Conference (NJAC),njac,New Paltz,"Marshall, Chase",Chase,Marshall,,475,"Marshall, Chase","MARSHALL,CHASE",New Paltz,NP,1182-8788,8,4,31,0,31,0.0,0.0,2.0,6.0,0.0,0.0,0.0,0.0,0.0,0.75,0.25,0.0,0.0,0.0,2.0,0.0,0.0,0.0,0.0,0.0,0.0,0.0,5.0,0.0,1.0,0.0,0.63,0.13,0.0,0.0,0.0,,349:00,0.0,0.0,0.0,,,,,,,,,,,,,,,,,,,,,,-1.3030448531888594,4521,77
2026-27,msoc,New Jersey Athletic Conference (NJAC),njac,Kean,"Munoz Garcia, Anthony",Anthony,Munoz Garcia,,329,"Munoz Garcia, Anthony","MUNOZ GARCIA,ANTHONY",Kean,KU,1148-6809,8,7,6,0,6,0.0,0.0,2.0,3.0,0.0,0.0,0.0,0.0,0.0,0.38,0.25,0.0,0.0,0.0,2.0,0.0,0.0,0.0,0.0,0.0,0.0,0.0,1.0,0.0,3.0,0.0,0.13,0.38,0.0,0.0,0.0,,263:00,0.0,0.0,0.0,,,,,,,,,,,,,,,,,,,,,,-1.3030448531888594,4538,77
2026-27,msoc,New Jersey Athletic Conference (NJAC),njac,William Paterson,"Rogati, Federico",Federico,Rogati,,787,"Rogati, Federico","ROGATI,FEDERICO",William Paterson,WP,1164-3090,8,2,22,0,22,0.0,0.0,2.0,5.0,0.0,0.0,0.0,0.0,0.0,0.63,0.25,0.0,0.0,0.0,2.0,0.0,0.0,0.0,0.0,0.0,0.0,0.0,2.0,0.0,0.0,0.0,0.25,0.0,0.0,0.0,0.0,,260:00,0.0,0.0,0.0,,,,,,,,,,,,,,,,,,,,,,-1.3030448531888594,4596,77
2026-27,msoc,New Jersey Athletic Conference (NJAC),njac,Rutgers-Newark,"Valdes, Bryan",Bryan,Valdes,,589,"Valdes, Bryan","VALDES,BRYAN",Rutgers-Newark,NEW,1161-2676,7,2,24,0,24,0.0,0.0,2.0,4.0,0.0,0.0,0.0,0.0,0.0,0.57,0.29,0.0,0.0,0.0,2.0,0.0,0.0,0.0,0.0,0.0,0.0,0.0,1.0,0.0,1.0,0.0,0.14,0.14,0.0,0.0,0.0,,238:00,0.0,0.0,0.0,,,,,,,,,,,,,,,,,,,,,,-1.3030448531888594,4652,77
2026-27,msoc,New Jersey Athletic Conference (NJAC),njac,William Paterson,"Prati, Riccardo",Riccardo,Prati,,787,"Prati, Riccardo","PRATI,RICCARDO",William Paterson,WP,1164-3086,3,3,1,0,1,0.0,0.0,0.0,0.0,0.0,0.0,0.0,0.0,0.0,0.0,0.0,0.0,0.0,0.0,0.0,0.0,0.0,0.0,0.0,0.0,0.0,0.0,0.0,0.0,0.0,0.0,0.0,0.0,0.0,0.0,0.0,,218:00,0.0,0.0,0.0,15.0,0.0,1.0,2.0,1.0,0.7,1.24,7.0,3.0,217:46,3.0,3.0,1.0,0.7,0.333,2.33,,,,,,-1.3195464685453686,4685,76
2026-27,msoc,New Jersey Athletic Conference (NJAC),njac,TCNJ,"Dodd, Carson",Carson,Dodd,,712,"Dodd, Carson","DODD,CARSON",TCNJ,TCNJ,1163-5807,4,4,0,0,0,0.0,0.0,0.0,0.0,0.0,0.0,0.0,0.0,0.0,0.0,0.0,0.0,0.0,0.0,0.0,0.0,0.0,0.0,0.0,0.0,0.0,0.0,0.0,0.0,0.0,0.0,0.0,0.0,0.0,0.0,0.0,,316:00,0.0,0.0,0.0,20.0,0.0,0.0,4.0,1.0,0.625,0.86,5.0,3.0,315:13,4.0,4.0,0.75,0.625,0.25,1.25,,,,,,-1.390423642485063,4711,76
2026-27,msoc,New Jersey Athletic Conference (NJAC),njac,Stockton,"Butler, Cole",Cole,Butler,,681,"Butler, Cole","BUTLER,COLE",Stockton,STO,0,7,6,29,0,29,0.0,0.0,0.0,0.0,0.0,0.0,0.0,0.0,0.0,0.0,0.0,0.0,0.0,0.0,0.0,0.0,0.0,0.0,0.0,0.0,0.0,0.0,1.0,0.0,1.0,0.0,0.14,0.14,0.0,0.0,0.0,,555:00,0.0,0.0,0.0,34.0,3.0,2.0,1.0,2.0,0.625,0.97,10.0,6.0,555:37,6.0,7.0,0.86,0.625,0.286,1.43,,,,,,-1.4411834194594395,4728,76
2026-27,msoc,New Jersey Athletic Conference (NJAC),njac,New Paltz,"Bain, Declan",Declan,Bain,,475,"Bain, Declan","BAIN,DECLAN",New Paltz,NP,1182-8682,4,0,14,0,14,0.0,0.0,1.0,1.0,0.0,0.0,0.0,0.0,0.0,0.25,0.25,0.0,0.0,0.0,1.0,0.0,0.0,0.0,0.0,0.0,0.0,0.0,0.0,0.0,0.0,0.0,0.0,0.0,0.0,0.0,0.0,,57:00,0.0,0.0,0.0,,,,,,,,,,,,,,,,,,,,,,-1.496705418522588,4795,76
2026-27,msoc,New Jersey Athletic Conference (NJAC),njac,William Paterson,"Bernstein, James",James,Bernstein,,787,"Bernstein, James","BERNSTEIN,JAMES",William Paterson,WP,1164-3236,8,0,21,0,21,0.0,0.0,1.0,1.0,0.0,0.0,0.0,0.0,0.0,0.13,0.13,0.0,0.0,0.0,1.0,0.0,0.0,0.0,0.0,0.0,0.0,0.0,0.0,0.0,2.0,0.0,0.0,0.25,0.0,0.0,0.0,,165:00,0.0,0.0,0.0,,,,,,,,,,,,,,,,,,,,,,-1.496705418522588,4830,76
2026-27,msoc,New Jersey Athletic Conference (NJAC),njac,Ramapo,"Bialy, Olivier",Olivier,Bialy,,564,"Bialy, Olivier","BIALY,OLIVIER",Ramapo,RAM,1152-4561,2,0,29,0,29,0.0,0.0,1.0,1.0,0.0,0.0,0.0,0.0,0.0,0.5,0.5,0.0,0.0,0.0,1.0,0.0,0.0,0.0,0.0,0.0,0.0,0.0,0.0,0.0,0.0,0.0,0.0,0.0,0.0,0.0,0.0,,18:00,0.0,0.0,0.0,,,,,,,,,,,,,,,,,,,,,,-1.496705418522588,4833,76
2026-27,msoc,New Jersey Athletic Conference (NJAC),njac,Rutgers-Camden,"Biersbach, Nathan",Nathan,Biersbach,,588,"Biersbach, Nathan","BIERSBACH,NATHAN",Rutgers-Camden,RUC,1155-5017,7,1,10,0,10,0.0,0.0,1.0,2.0,0.0,0.0,0.0,0.0,0.0,0.29,0.14,0.0,0.0,0.0,1.0,0.0,0.0,0.0,0.0,0.0,0.0,0.0,0.0,0.0,0.0,0.0,0.0,0.0,0.0,0.0,0.0,,81:00,0.0,0.0,0.0,,,,,,,,,,,,,,,,,,,,,,-1.496705418522588,4836,76
2026-27,msoc,New Jersey Athletic Conference (NJAC),njac,TCNJ,"Brady, James",James,Brady,,712,"Brady, James","BRADY,JAMES",TCNJ,TCNJ,1163-5978,7,0,26,0,26,0.0,0.0,1.0,1.0,0.0,0.0,0.0,0.0,0.0,0.14,0.14,0.0,0.0,0.0,1.0,0.0,0.0,0.0,0.0,0.0,0.0,0.0,0.0,0.0,0.0,0.0,0.0,0.0,0.0,0.0,0.0,,121:00,0.0,0.0,0.0,,,,,,,,,,,,,,,,,,,,,,-1.496705418522588,4853,76
2026-27,msoc,New Jersey Athletic Conference (NJAC),njac,Stockton,"Breitinger, James",James,Breitinger,,681,"Breitinger, James","BREITINGER,JAMES",Stockton,STO,0,4,0,25,0,25,0.0,0.0,1.0,1.0,0.0,0.0,0.0,0.0,0.0,0.25,0.25,0.0,0.0,0.0,1.0,0.0,0.0,0.0,0.0,0.0,0.0,0.0,0.0,0.0,0.0,0.0,0.0,0.0,0.0,0.0,0.0,,46:00,0.0,0.0,0.0,,,,,,,,,,,,,,,,,,,,,,-1.496705418522588,4859,76
2026-27,msoc,New Jersey Athletic Conference (NJAC),njac,Ramapo,"Bunnell, Justin",Justin,Bunnell,,564,"Bunnell, Justin","BUNNELL,JUSTIN",Ramapo,RAM,1152-4555,8,5,13,0,13,0.0,0.0,1.0,1.0,0.0,0.0,0.0,0.0,0.0,0.13,0.13,0.0,0.0,0.0,1.0,0.0,0.0,0.0,0.0,0.0,0.0,0.0,5.0,0.0,0.0,0.0,0.63,0.0,0.0,0.0,0.0,,492:00,0.0,0.0,0.0,,,,,,,,,,,,,,,,,,,,,,-1.496705418522588,4872,76
2026-27,msoc,New Jersey Athletic Conference (NJAC),njac,TCNJ,"Campbell, Conor",Conor,Campbell,,712,"Campbell, Conor","CAMPBELL,CONOR",TCNJ,TCNJ,1163-5827,2,0,5,0,5,0.0,0.0,1.0,2.0,0.0,0.0,0.0,0.0,0.0,1.0,0.5,0.0,0.0,0.0,1.0,0.0,0.0,0.0,0.0,0.0,0.0,0.0,0.0,0.0,0.0,0.0,0.0,0.0,0.0,0.0,0.0,,11:00,0.0,0.0,0.0,,,,,,,,,,,,,,,,,,,,,,-1.496705418522588,4883,76
2026-27,msoc,New Jersey Athletic Conference (NJAC),njac,Montclair State,"Carey, John",John,Carey,,442,"Carey, John","CAREY,JOHN",Montclair State,MSU,1149-14972,7,0,5,0,5,0.0,0.0,1.0,6.0,0.0,0.0,0.0,0.0,0.0,0.86,0.14,0.0,0.0,0.0,1.0,0.0,0.0,0.0,0.0,0.0,0.0,0.0,8.0,0.0,2.0,0.0,1.14,0.29,0.0,0.0,0.0,,224:00,0.0,0.0,0.0,,,,,,,,,,,,,,,,,,,,,,-1.496705418522588,4890,76
2026-27,msoc,New Jersey Athletic Conference (NJAC),njac,Rutgers-Camden,"Castillo, Rohan",Rohan,Castillo,,588,"Castillo, Rohan","CASTILLO,ROHAN",Rutgers-Camden,RUC,1155-5021,2,0,14,0,14,0.0,0.0,1.0,2.0,0.0,0.0,0.0,0.0,0.0,1.0,0.5,0.0,0.0,0.0,1.0,0.0,0.0,0.0,0.0,0.0,0.0,0.0,0.0,0.0,0.0,0.0,0.0,0.0,0.0,0.0,0.0,,33:00,0.0,0.0,0.0,,,,,,,,,,,,,,,,,,,,,,-1.496705418522588,4902,76
2026-27,msoc,New Jersey Athletic Conference (NJAC),njac,Kean,"Celi, Dominic",Dominic,Celi,,329,"Celi, Dominic","CELI,DOMINIC",Kean,KU,1148-7406,6,1,33,0,33,0.0,0.0,1.0,1.0,0.0,0.0,0.0,0.0,0.0,0.17,0.17,0.0,0.0,0.0,1.0,0.0,0.0,0.0,0.0,0.0,0.0,0.0,1.0,0.0,0.0,0.0,0.17,0.0,0.0,0.0,0.0,,215:00,0.0,0.0,0.0,,,,,,,,,,,,,,,,,,,,,,-1.496705418522588,4907,76
2026-27,msoc,New Jersey Athletic Conference (NJAC),njac,Stockton,"Ciltepe, Ilyas",Ilyas,Ciltepe,,681,"Ciltepe, Ilyas","CILTEPE,ILYAS",Stockton,STO,0,5,1,13,0,13,0.0,0.0,1.0,1.0,0.0,0.0,0.0,0.0,0.0,0.2,0.2,0.0,0.0,0.0,1.0,0.0,0.0,0.0,0.0,0.0,0.0,0.0,7.0,0.0,0.0,0.0,1.4,0.0,0.0,0.0,0.0,,161:00,0.0,0.0,0.0,,,,,,,,,,,,,,,,,,,,,,-1.496705418522588,4920,75
2026-27,msoc,New Jersey Athletic Conference (NJAC),njac,Rutgers-Camden,"Cooper, Judah",Judah,Cooper,,588,"Cooper, Judah","COOPER,JUDAH",Rutgers-Camden,RUC,1155-5311,7,0,17,0,17,0.0,0.0,1.0,2.0,0.0,0.0,0.0,0.0,0.0,0.29,0.14,0.0,0.0,0.0,1.0,0.0,0.0,0.0,0.0,0.0,0.0,0.0,1.0,0.0,0.0,0.0,0.14,0.0,0.0,0.0,0.0,,87:00,0.0,0.0,0.0,,,,,,,,,,,,,,,,,,,,,,-1.496705418522588,4941,75
2026-27,msoc,New Jersey Athletic Conference (NJAC),njac,William Paterson,"David, Kai",Kai,David,,787,"David, Kai","DAVID,KAI",William Paterson,WP,1164-3089,8,7,13,0,13,0.0,0.0,1.0,3.0,0.0,0.0,0.0,0.0,0.0,0.38,0.13,0.0,0.0,0.0,1.0,0.0,0.0,0.0,0.0,0.0,0.0,0.0,8.0,0.0,0.0,0.0,1.0,0.0,0.0,0.0,0.0,,359:00,0.0,0.0,0.0,,,,,,,,,,,,,,,,,,,,,,-1.496705418522588,4967,75
2026-27,msoc,New Jersey Athletic Conference (NJAC),njac,Rowan,"Eichenbaum, Maxx",Maxx,Eichenbaum,,259,"Eichenbaum, Maxx","EICHENBAUM,MAXX",Rowan,ROW,1154-5005,6,0,15,0,15,0.0,0.0,1.0,4.0,0.0,0.0,0.0,0.0,0.0,0.67,0.17,0.0,0.0,0.0,1.0,0.0,0.0,0.0,0.0,0.0,0.0,0.0,1.0,0.0,2.0,0.0,0.17,0.33,0.0,0.0,0.0,,155:00,0.0,0.0,0.0,,,,,,,,,,,,,,,,,,,,,,-1.496705418522588,5016,75
2026-27,msoc,New Jersey Athletic Conference (NJAC),njac,Rowan,"Ferreira, Greg",Greg,Ferreira,,259,"Ferreira, Greg","FERREIRA,GREG",Rowan,ROW,1154-4577,7,7,23,0,23,0.0,0.0,1.0,2.0,0.0,0.0,0.0,0.0,0.0,0.29,0.14,0.0,0.0,0.0,1.0,0.0,0.0,0.0,0.0,0.0,0.0,0.0,5.0,0.0,1.0,0.0,0.71,0.14,0.0,0.0,0.0,,608:00,0.0,0.0,0.0,,,,,,,,,,,,,,,,,,,,,,-1.496705418522588,5047,75
2026-27,msoc,New Jersey Athletic Conference (NJAC),njac,Rutgers-Camden,"Giambri, Chase",Chase,Giambri,,588,"Giambri, Chase","GIAMBRI,CHASE",Rutgers-Camden,RUC,1155-5419,7,1,16,0,16,0.0,0.0,1.0,1.0,0.0,0.0,0.0,0.0,0.0,0.14,0.14,0.0,0.0,0.0,1.0,0.0,0.0,0.0,0.0,0.0,0.0,0.0,2.0,0.0,0.0,0.0,0.29,0.0,0.0,0.0,0.0,,117:00,0.0,0.0,0.0,,,,,,,,,,,,,,,,,,,,,,-1.496705418522588,5096,75
2026-27,msoc,New Jersey Athletic Conference (NJAC),njac,Rutgers-Camden,"Graterol, Miguel",Miguel,Graterol,,588,"Graterol, Miguel","GRATEROL,MIGUEL",Rutgers-Camden,RUC,1155-5030,8,3,30,0,30,0.0,0.0,1.0,5.0,0.0,0.0,0.0,0.0,0.0,0.63,0.13,0.0,0.0,0.0,1.0,0.0,0.0,0.0,0.0,0.0,0.0,0.0,0.0,0.0,0.0,0.0,0.0,0.0,0.0,0.0,0.0,,184:00,0.0,0.0,0.0,,,,,,,,,,,,,,,,,,,,,,-1.496705418522588,5112,75
2026-27,msoc,New Jersey Athletic Conference (NJAC),njac,Stockton,"Krall, Chris",Chris,Krall,,681,"Krall, Chris","KRALL,CHRIS",Stockton,STO,0,6,4,12,0,12,0.0,0.0,1.0,3.0,0.0,0.0,0.0,0.0,0.0,0.5,0.17,0.0,0.0,0.0,1.0,0.0,0.0,0.0,0.0,0.0,0.0,0.0,1.0,0.0,1.0,0.0,0.17,0.17,0.0,0.0,0.0,,370:00,0.0,0.0,0.0,,,,,,,,,,,,,,,,,,,,,,-1.496705418522588,5246,74
2026-27,msoc,New Jersey Athletic Conference (NJAC),njac,New Paltz,"Lizama, Bryan",Bryan,Lizama,,475,"Lizama, Bryan","LIZAMA,BRYAN",New Paltz,NP,1182-8549,4,0,19,0,19,0.0,0.0,1.0,5.0,0.0,0.0,0.0,0.0,0.0,1.25,0.25,0.0,0.0,0.0,1.0,0.0,0.0,0.0,0.0,0.0,0.0,0.0,0.0,0.0,0.0,0.0,0.0,0.0,0.0,0.0,0.0,,45:00,0.0,0.0,0.0,,,,,,,,,,,,,,,,,,,,,,-1.496705418522588,5287,74
2026-27,msoc,New Jersey Athletic Conference (NJAC),njac,Montclair State,"McCarthy, Hayden",Hayden,McCarthy,,442,"McCarthy, Hayden","MCCARTHY,HAYDEN",Montclair State,MSU,1149-14988,6,1,18,0,18,0.0,0.0,1.0,2.0,0.0,0.0,0.0,0.0,0.0,0.33,0.17,0.0,0.0,0.0,1.0,0.0,0.0,0.0,0.0,0.0,0.0,0.0,7.0,0.0,0.0,0.0,1.17,0.0,0.0,0.0,0.0,,247:00,0.0,0.0,0.0,,,,,,,,,,,,,,,,,,,,,,-1.496705418522588,5346,74
2026-27,msoc,New Jersey Athletic Conference (NJAC),njac,Rutgers-Newark,"Ocana, Aaron",Aaron,Ocana,,589,"Ocana, Aaron","OCANA,AARON",Rutgers-Newark,NEW,1161-2514,5,1,18,0,18,0.0,0.0,1.0,6.0,0.0,0.0,0.0,0.0,0.0,1.2,0.2,0.0,0.0,0.0,1.0,0.0,0.0,0.0,0.0,0.0,0.0,0.0,1.0,0.0,0.0,0.0,0.2,0.0,0.0,0.0,0.0,,117:00,0.0,0.0,0.0,,,,,,,,,,,,,,,,,,,,,,-1.496705418522588,5433,73
2026-27,msoc,New Jersey Athletic Conference (NJAC),njac,Stockton,"Pereira, Aidan",Aidan,Pereira,,681,"Pereira, Aidan","PEREIRA,AIDAN",Stockton,STO,0,8,0,8,0,8,0.0,0.0,1.0,3.0,0.0,0.0,0.0,0.0,0.0,0.38,0.13,0.0,0.0,0.0,1.0,0.0,0.0,0.0,0.0,0.0,0.0,0.0,1.0,0.0,0.0,0.0,0.13,0.0,0.0,0.0,0.0,,218:00,0.0,0.0,0.0,,,,,,,,,,,,,,,,,,,,,,-1.496705418522588,5471,73
2026-27,msoc,New Jersey Athletic Conference (NJAC),njac,Ramapo,"Perez-Rodriguez, Francisco",Francisco,Perez-Rodriguez,,564,"Perez-Rodriguez, Francisco","PEREZ-RODRIGUEZ,FRANCISCO",Ramapo,RAM,1152-4391,8,7,18,0,18,0.0,0.0,1.0,2.0,0.0,0.0,0.0,0.0,0.0,0.25,0.13,0.0,0.0,0.0,1.0,0.0,0.0,0.0,0.0,0.0,0.0,0.0,4.0,0.0,2.0,0.0,0.5,0.25,0.0,0.0,0.0,,585:00,0.0,0.0,0.0,,,,,,,,,,,,,,,,,,,,,,-1.496705418522588,5473,73
2026-27,msoc,New Jersey Athletic Conference (NJAC),njac,TCNJ,"Pollard, Omar",Omar,Pollard,,712,"Pollard, Omar","POLLARD,OMAR",TCNJ,TCNJ,1163-5816,2,2,6,0,6,0.0,0.0,1.0,2.0,0.0,0.0,0.0,0.0,0.0,1.0,0.5,0.0,0.0,0.0,1.0,0.0,0.0,0.0,0.0,0.0,0.0,0.0,0.0,0.0,1.0,0.0,0.0,0.5,0.0,0.0,0.0,,180:00,0.0,0.0,0.0,,,,,,,,,,,,,,,,,,,,,,-1.496705418522588,5484,73
2026-27,msoc,New Jersey Athletic Conference (NJAC),njac,Rutgers-Newark,"Rios, Peter",Peter,Rios,,589,"Rios, Peter","RIOS,PETER",Rutgers-Newark,NEW,1161-2517,7,4,30,0,30,0.0,0.0,1.0,1.0,0.0,0.0,0.0,0.0,0.0,0.14,0.14,0.0,0.0,0.0,1.0,0.0,0.0,0.0,0.0,0.0,0.0,0.0,3.0,0.0,0.0,0.0,0.43,0.0,0.0,0.0,0.0,,247:00,0.0,0.0,0.0,,,,,,,,,,,,,,,,,,,,,,-1.496705418522588,5520,73
2026-27,msoc,New Jersey Athletic Conference (NJAC),njac,Kean,"Rojas, Jonathan",Jonathan,Rojas,,329,"Rojas, Jonathan","ROJAS,JONATHAN",Kean,KU,1148-7401,6,6,24,0,24,0.0,0.0,1.0,4.0,0.0,0.0,0.0,0.0,0.0,0.67,0.17,0.0,0.0,0.0,1.0,0.0,0.0,0.0,0.0,0.0,0.0,0.0,4.0,2.0,3.0,0.0,0.67,0.5,0.33,0.0,0.0,,372:00,0.0,0.0,0.0,,,,,,,,,,,,,,,,,,,,,,-1.496705418522588,5531,73
2026-27,msoc,New Jersey Athletic Conference (NJAC),njac,William Paterson,"Rojek, Adrian",Adrian,Rojek,,787,"Rojek, Adrian","ROJEK,ADRIAN",William Paterson,WP,1164-3093,8,8,18,0,18,0.0,0.0,1.0,1.0,0.0,0.0,0.0,0.0,0.0,0.13,0.13,0.0,0.0,0.0,1.0,0.0,0.0,0.0,0.0,0.0,0.0,0.0,11.0,0.0,1.0,0.0,1.38,0.13,0.0,0.0,0.0,,715:00,0.0,0.0,0.0,,,,,,,,,,,,,,,,,,,,,,-1.496705418522588,5533,73
2026-27,msoc,New Jersey Athletic Conference (NJAC),njac,Stockton,"Sousa, Fabrizio",Fabrizio,Sousa,,681,"Sousa, Fabrizio","SOUSA,FABRIZIO",Stockton,STO,0,6,1,27,0,27,0.0,0.0,1.0,6.0,0.0,0.0,0.0,0.0,0.0,1.0,0.17,0.0,0.0,0.0,1.0,0.0,0.0,0.0,0.0,0.0,0.0,0.0,1.0,0.0,0.0,0.0,0.17,0.0,0.0,0.0,0.0,,182:00,0.0,0.0,0.0,,,,,,,,,,,,,,,,,,,,,,-1.496705418522588,5633,73
2026-27,msoc,New Jersey Athletic Conference (NJAC),njac,Rutgers-Newark,"Sousa, Nick",Nick,Sousa,,589,"Sousa, Nick","SOUSA,NICK",Rutgers-Newark,NEW,1161-2410,4,3,7,0,7,0.0,0.0,1.0,3.0,0.0,0.0,0.0,0.0,0.0,0.75,0.25,0.0,0.0,0.0,1.0,0.0,0.0,0.0,0.0,0.0,0.0,0.0,4.0,0.0,1.0,0.0,1.0,0.25,0.0,0.0,0.0,,210:00,0.0,0.0,0.0,,,,,,,,,,,,,,,,,,,,,,-1.496705418522588,5634,73
2026-27,msoc,New Jersey Athletic Conference (NJAC),njac,Rowan,"Stanwood, Michael",Michael,Stanwood,,259,"Stanwood, Michael","STANWOOD,MICHAEL",Rowan,ROW,1154-5228,1,0,33,0,33,0.0,0.0,1.0,1.0,0.0,0.0,0.0,0.0,0.0,1.0,1.0,0.0,0.0,0.0,1.0,0.0,0.0,0.0,0.0,0.0,0.0,0.0,0.0,0.0,0.0,0.0,0.0,0.0,0.0,0.0,0.0,,06:00,0.0,0.0,0.0,,,,,,,,,,,,,,,,,,,,,,-1.496705418522588,5637,73
2026-27,msoc,New Jersey Athletic Conference (NJAC),njac,Rutgers-Newark,"Velazquez, Daniel",Daniel,Velazquez,,589,"Velazquez, Daniel","VELAZQUEZ,DANIEL",Rutgers-Newark,NEW,1161-2677,3,1,17,0,17,0.0,0.0,1.0,3.0,0.0,0.0,0.0,0.0,0.0,1.0,0.33,0.0,0.0,0.0,1.0,0.0,0.0,0.0,0.0,0.0,0.0,0.0,2.0,0.0,1.0,0.0,0.67,0.33,0.0,0.0,0.0,,96:00,0.0,0.0,0.0,,,,,,,,,,,,,,,,,,,,,,-1.496705418522588,5696,72
2026-27,msoc,New Jersey Athletic Conference (NJAC),njac,Stockton,"Yearicks, Riley",Riley,Yearicks,,681,"Yearicks, Riley","YEARICKS,RILEY",Stockton,STO,0,4,0,16,0,16,0.0,0.0,1.0,1.0,0.0,0.0,0.0,0.0,0.0,0.25,0.25,0.0,0.0,0.0,1.0,0.0,0.0,0.0,0.0,0.0,0.0,0.0,0.0,0.0,0.0,0.0,0.0,0.0,0.0,0.0,0.0,,47:00,0.0,0.0,0.0,,,,,,,,,,,,,,,,,,,,,,-1.496705418522588,5751,72
2026-27,msoc,New Jersey Athletic Conference (NJAC),njac,Rutgers-Camden,"Adolphus, Amaury",Amaury,Adolphus,,588,"Adolphus, Amaury","ADOLPHUS,AMAURY",Rutgers-Camden,RUC,1155-5426,0,0,55,0,55,0.0,0.0,0.0,0.0,0.0,0.0,0.0,0.0,0.0,0.0,0.0,0.0,0.0,0.0,0.0,0.0,0.0,0.0,0.0,0.0,0.0,0.0,0.0,0.0,0.0,0.0,0.0,0.0,0.0,0.0,0.0,,00:00,0.0,0.0,0.0,,,,,,,,,,,,,,,,,,,,,,-1.6903659838563163,5860,72
2026-27,msoc,New Jersey Athletic Conference (NJAC),njac,Stockton,"Agudelo, Jacob",Jacob,Agudelo,,681,"Agudelo, Jacob","AGUDELO,JACOB",Stockton,STO,0,2,2,33,0,33,0.0,0.0,0.0,0.0,0.0,0.0,0.0,0.0,0.0,0.0,0.0,0.0,0.0,0.0,0.0,0.0,0.0,0.0,0.0,0.0,0.0,0.0,0.0,0.0,0.0,0.0,0.0,0.0,0.0,0.0,0.0,,180:00,0.0,0.0,0.0,,,,,,,,,,,,,,,,,,,,,,-1.6903659838563163,5868,72
2026-27,msoc,New Jersey Athletic Conference (NJAC),njac,Rowan,"Anderson, Ayden",Ayden,Anderson,,259,"Anderson, Ayden","ANDERSON,AYDEN",Rowan,ROW,1154-5227,0,0,30,0,30,0.0,0.0,0.0,0.0,0.0,0.0,0.0,0.0,0.0,0.0,0.0,0.0,0.0,0.0,0.0,0.0,0.0,0.0,0.0,0.0,0.0,0.0,0.0,0.0,0.0,0.0,0.0,0.0,0.0,0.0,0.0,,00:00,0.0,0.0,0.0,,,,,,,,,,,,,,,,,,,,,,-1.6903659838563163,5962,71
2026-27,msoc,New Jersey Athletic Conference (NJAC),njac,Rutgers-Camden,"Angel, Jason",Jason,Angel,,588,"Angel, Jason","ANGEL,JASON",Rutgers-Camden,RUC,1155-5026,8,1,7,0,7,0.0,0.0,0.0,3.0,0.0,0.0,0.0,0.0,0.0,0.38,0.0,0.0,0.0,0.0,0.0,0.0,0.0,0.0,0.0,0.0,0.0,0.0,4.0,0.0,1.0,0.0,0.5,0.13,0.0,0.0,0.0,,138:00,0.0,0.0,0.0,,,,,,,,,,,,,,,,,,,,,,-1.6903659838563163,5990,71
2026-27,msoc,New Jersey Athletic Conference (NJAC),njac,Rowan,"Angiolino, Nicholas",Nicholas,Angiolino,,259,"Angiolino, Nicholas","ANGIOLINO,NICHOLAS",Rowan,ROW,1154-5231,0,0,38,0,38,0.0,0.0,0.0,0.0,0.0,0.0,0.0,0.0,0.0,0.0,0.0,0.0,0.0,0.0,0.0,0.0,0.0,0.0,0.0,0.0,0.0,0.0,0.0,0.0,0.0,0.0,0.0,0.0,0.0,0.0,0.0,,00:00,0.0,0.0,0.0,,,,,,,,,,,,,,,,,,,,,,-1.6903659838563163,5993,71
2026-27,msoc,New Jersey Athletic Conference (NJAC),njac,William Paterson,"Antonio, Jonathan",Jonathan,Antonio,,787,"Antonio, Jonathan","ANTONIO,JONATHAN",William Paterson,WP,1164-2918,3,3,7,0,7,0.0,0.0,0.0,1.0,0.0,0.0,0.0,0.0,0.0,0.33,0.0,0.0,0.0,0.0,0.0,0.0,0.0,0.0,0.0,0.0,0.0,0.0,0.0,0.0,1.0,0.0,0.0,0.33,0.0,0.0,0.0,,201:00,0.0,0.0,0.0,,,,,,,,,,,,,,,,,,,,,,-1.6903659838563163,6003,71
2026-27,msoc,New Jersey Athletic Conference (NJAC),njac,William Paterson,"Apolo, Francisco",Francisco,Apolo,,787,"Apolo, Francisco","APOLO,FRANCISCO",William Paterson,WP,1164-3085,0,0,0,0,0,0.0,0.0,0.0,0.0,0.0,0.0,0.0,0.0,0.0,0.0,0.0,0.0,0.0,0.0,0.0,0.0,0.0,0.0,0.0,0.0,0.0,0.0,0.0,0.0,0.0,0.0,0.0,0.0,0.0,0.0,0.0,,00:00,0.0,0.0,0.0,,,,,,,,,,,,,,,,,,,,,,-1.6903659838563163,6006,71
2026-27,msoc,New Jersey Athletic Conference (NJAC),njac,Kean,"Asante, George",George,Asante,,329,"Asante, George","ASANTE,GEORGE",Kean,KU,1148-7040,8,8,5,0,5,0.0,0.0,0.0,4.0,0.0,0.0,0.0,0.0,0.0,0.5,0.0,0.0,0.0,0.0,0.0,0.0,0.0,0.0,0.0,0.0,0.0,0.0,1.0,0.0,4.0,0.0,0.13,0.5,0.0,0.0,0.0,,670:00,0.0,0.0,0.0,,,,,,,,,,,,,,,,,,,,,,-1.6903659838563163,6038,71
2026-27,msoc,New Jersey Athletic Conference (NJAC),njac,Rutgers-Newark,"Bastos, Tristan",Tristan,Bastos,,589,"Bastos, Tristan","BASTOS,TRISTAN",Rutgers-Newark,NEW,1161-2657,4,1,14,0,14,0.0,0.0,0.0,0.0,0.0,0.0,0.0,0.0,0.0,0.0,0.0,0.0,0.0,0.0,0.0,0.0,0.0,0.0,0.0,0.0,0.0,0.0,3.0,0.0,0.0,0.0,0.75,0.0,0.0,0.0,0.0,,145:00,0.0,0.0,0.0,,,,,,,,,,,,,,,,,,,,,,-1.6903659838563163,6140,71
2026-27,msoc,New Jersey Athletic Conference (NJAC),njac,Rutgers-Newark,"Campos, Chris",Chris,Campos,,589,"Campos, Chris","CAMPOS,CHRIS",Rutgers-Newark,NEW,1161-2503,0,0,13,0,13,0.0,0.0,0.0,0.0,0.0,0.0,0.0,0.0,0.0,0.0,0.0,0.0,0.0,0.0,0.0,0.0,0.0,0.0,0.0,0.0,0.0,0.0,0.0,0.0,0.0,0.0,0.0,0.0,0.0,0.0,0.0,,00:00,0.0,0.0,0.0,,,,,,,,,,,,,,,,,,,,,,-1.6903659838563163,6504,69
2026-27,msoc,New Jersey Athletic Conference (NJAC),njac,Rowan,"Cano, Anthony",Anthony,Cano,,259,"Cano, Anthony","CANO,ANTHONY",Rowan,ROW,1154-5001,2,0,2,0,2,0.0,0.0,0.0,0.0,0.0,0.0,0.0,0.0,0.0,0.0,0.0,0.0,0.0,0.0,0.0,0.0,0.0,0.0,0.0,0.0,0.0,0.0,0.0,0.0,0.0,0.0,0.0,0.0,0.0,0.0,0.0,,08:00,0.0,0.0,0.0,,,,,,,,,,,,,,,,,,,,,,-1.6903659838563163,6512,69
2026-27,msoc,New Jersey Athletic Conference (NJAC),njac,Rowan,"Capellan, Johan",Johan,Capellan,,259,"Capellan, Johan","CAPELLAN,JOHAN",Rowan,ROW,1154-5230,4,0,37,0,37,0.0,0.0,0.0,2.0,0.0,0.0,0.0,0.0,0.0,0.5,0.0,0.0,0.0,0.0,0.0,0.0,0.0,0.0,0.0,0.0,0.0,0.0,1.0,0.0,0.0,0.0,0.25,0.0,0.0,0.0,0.0,,53:00,0.0,0.0,0.0,,,,,,,,,,,,,,,,,,,,,,-1.6903659838563163,6514,69
2026-27,msoc,New Jersey Athletic Conference (NJAC),njac,Ramapo,"Caratozzolo, Alessandro",Alessandro,Caratozzolo,,564,"Caratozzolo, Alessandro","CARATOZZOLO,ALESSANDRO",Ramapo,RAM,1152-4238,2,0,12,0,12,0.0,0.0,0.0,0.0,0.0,0.0,0.0,0.0,0.0,0.0,0.0,0.0,0.0,0.0,0.0,0.0,0.0,0.0,0.0,0.0,0.0,0.0,0.0,0.0,0.0,0.0,0.0,0.0,0.0,0.0,0.0,,67:00,0.0,0.0,0.0,,,,,,,,,,,,,,,,,,,,,,-1.6903659838563163,6518,69
2026-27,msoc,New Jersey Athletic Conference (NJAC),njac,Rutgers-Newark,"Celik, Ali",Ali,Celik,,589,"Celik, Ali","CELIK,ALI",Rutgers-Newark,NEW,1161-2277,7,6,4,0,4,0.0,0.0,0.0,3.0,0.0,0.0,0.0,0.0,0.0,0.43,0.0,0.0,0.0,0.0,0.0,0.0,0.0,0.0,0.0,0.0,0.0,0.0,2.0,0.0,0.0,0.0,0.29,0.0,0.0,0.0,0.0,,492:00,0.0,0.0,0.0,,,,,,,,,,,,,,,,,,,,,,-1.6903659838563163,6582,69
2026-27,msoc,New Jersey Athletic Conference (NJAC),njac,Montclair State,"Cielak, Jakub",Jakub,Cielak,,442,"Cielak, Jakub","CIELAK,JAKUB",Montclair State,MSU,1149-15308,4,0,22,0,22,0.0,0.0,0.0,0.0,0.0,0.0,0.0,0.0,0.0,0.0,0.0,0.0,0.0,0.0,0.0,0.0,0.0,0.0,0.0,0.0,0.0,0.0,2.0,0.0,0.0,0.0,0.5,0.0,0.0,0.0,0.0,,103:00,0.0,0.0,0.0,,,,,,,,,,,,,,,,,,,,,,-1.6903659838563163,6651,69
2026-27,msoc,New Jersey Athletic Conference (NJAC),njac,TCNJ,"Clark, Calvin",Calvin,Clark,,712,"Clark, Calvin","CLARK,CALVIN",TCNJ,TCNJ,1163-5987,0,0,99,0,99,0.0,0.0,0.0,0.0,0.0,0.0,0.0,0.0,0.0,0.0,0.0,0.0,0.0,0.0,0.0,0.0,0.0,0.0,0.0,0.0,0.0,0.0,0.0,0.0,0.0,0.0,0.0,0.0,0.0,0.0,0.0,,00:00,0.0,0.0,0.0,,,,,,,,,,,,,,,,,,,,,,-1.6903659838563163,6659,69
2026-27,msoc,New Jersey Athletic Conference (NJAC),njac,New Paltz,"Contreras, Randy",Randy,Contreras,,475,"Contreras, Randy","CONTRERAS,RANDY",New Paltz,NP,1182-8784,8,0,18,0,18,0.0,0.0,0.0,1.0,0.0,0.0,0.0,0.0,0.0,0.13,0.0,0.0,0.0,0.0,0.0,0.0,0.0,0.0,0.0,0.0,0.0,0.0,1.0,0.0,0.0,0.0,0.13,0.0,0.0,0.0,0.0,,188:00,0.0,0.0,0.0,,,,,,,,,,,,,,,,,,,,,,-1.6903659838563163,6743,68
2026-27,msoc,New Jersey Athletic Conference (NJAC),njac,William Paterson,"Cook, Justin",Justin,Cook,,787,"Cook, Justin","COOK,JUSTIN",William Paterson,WP,1164-2921,7,5,25,0,25,0.0,0.0,0.0,1.0,0.0,0.0,0.0,0.0,0.0,0.14,0.0,0.0,0.0,0.0,0.0,0.0,0.0,0.0,0.0,0.0,0.0,0.0,2.0,0.0,0.0,0.0,0.29,0.0,0.0,0.0,0.0,,427:00,0.0,0.0,0.0,,,,,,,,,,,,,,,,,,,,,,-1.6903659838563163,6748,68
2026-27,msoc,New Jersey Athletic Conference (NJAC),njac,Rowan,"Cosentino, Brandon",Brandon,Cosentino,,259,"Cosentino, Brandon","COSENTINO,BRANDON",Rowan,ROW,1154-5222,0,0,22,0,22,0.0,0.0,0.0,0.0,0.0,0.0,0.0,0.0,0.0,0.0,0.0,0.0,0.0,0.0,0.0,0.0,0.0,0.0,0.0,0.0,0.0,0.0,0.0,0.0,0.0,0.0,0.0,0.0,0.0,0.0,0.0,,00:00,0.0,0.0,0.0,,,,,,,,,,,,,,,,,,,,,,-1.6903659838563163,6781,68
2026-27,msoc,New Jersey Athletic Conference (NJAC),njac,Kean,"Cuartas, Sebastian",Sebastian,Cuartas,,329,"Cuartas, Sebastian","CUARTAS,SEBASTIAN",Kean,KU,1148-7392,8,1,8,0,8,0.0,0.0,0.0,0.0,0.0,0.0,0.0,0.0,0.0,0.0,0.0,0.0,0.0,0.0,0.0,0.0,0.0,0.0,0.0,0.0,0.0,0.0,1.0,0.0,0.0,0.0,0.13,0.0,0.0,0.0,0.0,,254:00,0.0,0.0,0.0,,,,,,,,,,,,,,,,,,,,,,-1.6903659838563163,6833,68
2026-27,msoc,New Jersey Athletic Conference (NJAC),njac,Kean,"Daly, Owen",Owen,Daly,,329,"Daly, Owen","DALY,OWEN",Kean,KU,1148-7407,7,0,37,0,37,0.0,0.0,0.0,0.0,0.0,0.0,0.0,0.0,0.0,0.0,0.0,0.0,0.0,0.0,0.0,0.0,0.0,0.0,0.0,0.0,0.0,0.0,1.0,0.0,0.0,0.0,0.14,0.0,0.0,0.0,0.0,,134:00,0.0,0.0,0.0,,,,,,,,,,,,,,,,,,,,,,-1.6903659838563163,6871,68
2026-27,msoc,New Jersey Athletic Conference (NJAC),njac,Rutgers-Newark,"Datsyk, Mykola",Mykola,Datsyk,,589,"Datsyk, Mykola","DATSYK,MYKOLA",Rutgers-Newark,NEW,1161-2659,2,1,26,0,26,0.0,0.0,0.0,0.0,0.0,0.0,0.0,0.0,0.0,0.0,0.0,0.0,0.0,0.0,0.0,0.0,0.0,0.0,0.0,0.0,0.0,0.0,2.0,0.0,1.0,0.0,1.0,0.5,0.0,0.0,0.0,,106:00,0.0,0.0,0.0,,,,,,,,,,,,,,,,,,,,,,-1.6903659838563163,6893,68
2026-27,msoc,New Jersey Athletic Conference (NJAC),njac,Rutgers-Camden,"Davis, Case",Case,Davis,,588,"Davis, Case","DAVIS,CASE",Rutgers-Camden,RUC,1155-5312,2,0,26,0,26,0.0,0.0,0.0,0.0,0.0,0.0,0.0,0.0,0.0,0.0,0.0,0.0,0.0,0.0,0.0,0.0,0.0,0.0,0.0,0.0,0.0,0.0,0.0,0.0,0.0,0.0,0.0,0.0,0.0,0.0,0.0,,27:00,0.0,0.0,0.0,,,,,,,,,,,,,,,,,,,,,,-1.6903659838563163,6910,68
2026-27,msoc,New Jersey Athletic Conference (NJAC),njac,TCNJ,"DeLorenzo, Julien",Julien,DeLorenzo,,712,"DeLorenzo, Julien","DELORENZO,JULIEN",TCNJ,TCNJ,1163-5610,6,0,2,0,2,0.0,0.0,0.0,0.0,0.0,0.0,0.0,0.0,0.0,0.0,0.0,0.0,0.0,0.0,0.0,0.0,0.0,0.0,0.0,0.0,0.0,0.0,3.0,0.0,0.0,0.0,0.5,0.0,0.0,0.0,0.0,,58:00,0.0,0.0,0.0,,,,,,,,,,,,,,,,,,,,,,-1.6903659838563163,6942,67
2026-27,msoc,New Jersey Athletic Conference (NJAC),njac,Rutgers-Camden,"DePaula, Alafy",Alafy,DePaula,,588,"DePaula, Alafy","DEPAULA,ALAFY",Rutgers-Camden,RUC,1155-5424,7,5,29,0,29,0.0,0.0,0.0,0.0,0.0,0.0,0.0,0.0,0.0,0.0,0.0,0.0,0.0,0.0,0.0,0.0,0.0,0.0,0.0,0.0,0.0,0.0,4.0,0.0,0.0,0.0,0.57,0.0,0.0,0.0,0.0,,422:00,0.0,0.0,0.0,,,,,,,,,,,,,,,,,,,,,,-1.6903659838563163,6945,67
2026-27,msoc,New Jersey Athletic Conference (NJAC),njac,William Paterson,"Diaz Elizarde, Max",Max,Diaz Elizarde,,787,"Diaz Elizarde, Max","DIAZ ELIZARDE,MAX",William Paterson,WP,1164-3237,0,0,17,0,17,0.0,0.0,0.0,0.0,0.0,0.0,0.0,0.0,0.0,0.0,0.0,0.0,0.0,0.0,0.0,0.0,0.0,0.0,0.0,0.0,0.0,0.0,0.0,0.0,0.0,0.0,0.0,0.0,0.0,0.0,0.0,,00:00,0.0,0.0,0.0,,,,,,,,,,,,,,,,,,,,,,-1.6903659838563163,6994,67
2026-27,msoc,New Jersey Athletic Conference (NJAC),njac,Rutgers-Newark,"Doelling, Nate",Nate,Doelling,,589,"Doelling, Nate","DOELLING,NATE",Rutgers-Newark,NEW,1161-2661,2,0,33,0,33,0.0,0.0,0.0,1.0,0.0,0.0,0.0,0.0,0.0,0.5,0.0,0.0,0.0,0.0,0.0,0.0,0.0,0.0,0.0,0.0,0.0,0.0,1.0,0.0,0.0,0.0,0.5,0.0,0.0,0.0,0.0,,63:00,0.0,0.0,0.0,,,,,,,,,,,,,,,,,,,,,,-1.6903659838563163,7027,67
2026-27,msoc,New Jersey Athletic Conference (NJAC),njac,Rowan,"Doyle, Darrin",Darrin,Doyle,,259,"Doyle, Darrin","DOYLE,DARRIN",Rowan,ROW,1154-5214,6,6,5,0,5,0.0,0.0,0.0,0.0,0.0,0.0,0.0,0.0,0.0,0.0,0.0,0.0,0.0,0.0,0.0,0.0,0.0,0.0,0.0,0.0,0.0,0.0,5.0,1.0,2.0,0.0,0.83,0.33,0.17,0.0,0.0,,474:00,0.0,0.0,0.0,,,,,,,,,,,,,,,,,,,,,,-1.6903659838563163,7054,67
2026-27,msoc,New Jersey Athletic Conference (NJAC),njac,Stockton,"Duarte, Christian",Christian,Duarte,,681,"Duarte, Christian","DUARTE,CHRISTIAN",Stockton,STO,0,1,0,34,0,34,0.0,0.0,0.0,0.0,0.0,0.0,0.0,0.0,0.0,0.0,0.0,0.0,0.0,0.0,0.0,0.0,0.0,0.0,0.0,0.0,0.0,0.0,0.0,0.0,0.0,0.0,0.0,0.0,0.0,0.0,0.0,,07:00,0.0,0.0,0.0,,,,,,,,,,,,,,,,,,,,,,-1.6903659838563163,7067,67
2026-27,msoc,New Jersey Athletic Conference (NJAC),njac,Rowan,"Farkas, Cruz",Cruz,Farkas,,259,"Farkas, Cruz","FARKAS,CRUZ",Rowan,ROW,1154-5218,2,0,16,0,16,0.0,0.0,0.0,0.0,0.0,0.0,0.0,0.0,0.0,0.0,0.0,0.0,0.0,0.0,0.0,0.0,0.0,0.0,0.0,0.0,0.0,0.0,1.0,0.0,0.0,0.0,0.5,0.0,0.0,0.0,0.0,,24:00,0.0,0.0,0.0,,,,,,,,,,,,,,,,,,,,,,-1.6903659838563163,7229,66
2026-27,msoc,New Jersey Athletic Conference (NJAC),njac,New Paltz,"Farris, Oliver",Oliver,Farris,,475,"Farris, Oliver","FARRIS,OLIVER",New Paltz,NP,1182-8785,6,4,15,0,15,0.0,0.0,0.0,0.0,0.0,0.0,0.0,0.0,0.0,0.0,0.0,0.0,0.0,0.0,0.0,0.0,0.0,0.0,0.0,0.0,0.0,0.0,1.0,0.0,1.0,0.0,0.17,0.17,0.0,0.0,0.0,,219:00,0.0,0.0,0.0,,,,,,,,,,,,,,,,,,,,,,-1.6903659838563163,7235,66
2026-27,msoc,New Jersey Athletic Conference (NJAC),njac,Ramapo,"Flores-Sosa, Omar",Omar,Flores-Sosa,,564,"Flores-Sosa, Omar","FLORES-SOSA,OMAR",Ramapo,RAM,1152-4386,7,7,4,0,4,0.0,0.0,0.0,2.0,0.0,0.0,0.0,0.0,0.0,0.29,0.0,0.0,0.0,0.0,0.0,0.0,0.0,0.0,0.0,0.0,0.0,0.0,2.0,0.0,0.0,0.0,0.29,0.0,0.0,0.0,0.0,,317:00,0.0,0.0,0.0,,,,,,,,,,,,,,,,,,,,,,-1.6903659838563163,7334,66
2026-27,msoc,New Jersey Athletic Conference (NJAC),njac,Kean,"Gabriel, Caleb",Caleb,Gabriel,,329,"Gabriel, Caleb","GABRIEL,CALEB",Kean,KU,1148-7387,0,0,0,0,0,0.0,0.0,0.0,0.0,0.0,0.0,0.0,0.0,0.0,0.0,0.0,0.0,0.0,0.0,0.0,0.0,0.0,0.0,0.0,0.0,0.0,0.0,0.0,0.0,0.0,0.0,0.0,0.0,0.0,0.0,0.0,,00:00,0.0,0.0,0.0,,,,,,,,,,,,,,,,,,,,,,-1.6903659838563163,7395,66
2026-27,msoc,New Jersey Athletic Conference (NJAC),njac,Rutgers-Camden,"Garwood, Jason",Jason,Garwood,,588,"Garwood, Jason","GARWOOD,JASON",Rutgers-Camden,RUC,1155-5018,7,6,12,0,12,0.0,0.0,0.0,0.0,0.0,0.0,0.0,0.0,0.0,0.0,0.0,0.0,0.0,0.0,0.0,0.0,0.0,0.0,0.0,0.0,0.0,0.0,5.0,1.0,0.0,0.0,0.71,0.0,0.14,0.0,0.0,,540:00,0.0,0.0,0.0,,,,,,,,,,,,,,,,,,,,,,-1.6903659838563163,7444,65
2026-27,msoc,New Jersey Athletic Conference (NJAC),njac,Rutgers-Newark,"Godinez, Vincents",Vincents,Godinez,,589,"Godinez, Vincents","GODINEZ,VINCENTS",Rutgers-Newark,NEW,1161-2662,0,0,34,0,34,0.0,0.0,0.0,0.0,0.0,0.0,0.0,0.0,0.0,0.0,0.0,0.0,0.0,0.0,0.0,0.0,0.0,0.0,0.0,0.0,0.0,0.0,0.0,0.0,0.0,0.0,0.0,0.0,0.0,0.0,0.0,,00:00,0.0,0.0,0.0,,,,,,,,,,,,,,,,,,,,,,-1.6903659838563163,7525,65
2026-27,msoc,New Jersey Athletic Conference (NJAC),njac,Rutgers-Newark,"Gomez, Nicholas",Nicholas,Gomez,,589,"Gomez, Nicholas","GOMEZ,NICHOLAS",Rutgers-Newark,NEW,1161-2271,5,2,6,0,6,0.0,0.0,0.0,1.0,0.0,0.0,0.0,0.0,0.0,0.2,0.0,0.0,0.0,0.0,0.0,0.0,0.0,0.0,0.0,0.0,0.0,0.0,2.0,0.0,0.0,0.0,0.4,0.0,0.0,0.0,0.0,,144:00,0.0,0.0,0.0,,,,,,,,,,,,,,,,,,,,,,-1.6903659838563163,7538,65
2026-27,msoc,New Jersey Athletic Conference (NJAC),njac,Rutgers-Camden,"Grello, Andrew",Andrew,Grello,,588,"Grello, Andrew","GRELLO,ANDREW",Rutgers-Camden,RUC,1155-5022,4,0,21,0,21,0.0,0.0,0.0,0.0,0.0,0.0,0.0,0.0,0.0,0.0,0.0,0.0,0.0,0.0,0.0,0.0,0.0,0.0,0.0,0.0,0.0,0.0,1.0,0.0,0.0,0.0,0.25,0.0,0.0,0.0,0.0,,44:00,0.0,0.0,0.0,,,,,,,,,,,,,,,,,,,,,,-1.6903659838563163,7603,65
2026-27,msoc,New Jersey Athletic Conference (NJAC),njac,Kean,"Gucciany Sanon, Luiz",Luiz,Gucciany Sanon,,329,"Gucciany Sanon, Luiz","GUCCIANY SANON,LUIZ",Kean,KU,1148-7402,5,0,27,0,27,0.0,0.0,0.0,0.0,0.0,0.0,0.0,0.0,0.0,0.0,0.0,0.0,0.0,0.0,0.0,0.0,0.0,0.0,0.0,0.0,0.0,0.0,3.0,0.0,1.0,0.0,0.6,0.2,0.0,0.0,0.0,,134:00,0.0,0.0,0.0,,,,,,,,,,,,,,,,,,,,,,-1.6903659838563163,7630,65
2026-27,msoc,New Jersey Athletic Conference (NJAC),njac,Rutgers-Camden,"Hamilton, Isaiah",Isaiah,Hamilton,,588,"Hamilton, Isaiah","HAMILTON,ISAIAH",Rutgers-Camden,RUC,1155-5031,5,0,8,0,8,0.0,0.0,0.0,1.0,0.0,0.0,0.0,0.0,0.0,0.2,0.0,0.0,0.0,0.0,0.0,0.0,0.0,0.0,0.0,0.0,0.0,0.0,0.0,0.0,0.0,0.0,0.0,0.0,0.0,0.0,0.0,,64:00,0.0,0.0,0.0,,,,,,,,,,,,,,,,,,,,,,-1.6903659838563163,7694,64
2026-27,msoc,New Jersey Athletic Conference (NJAC),njac,Rutgers-Newark,"Hernandez, Bryan",Bryan,Hernandez,,589,"Hernandez, Bryan","HERNANDEZ,BRYAN",Rutgers-Newark,NEW,1161-2663,2,0,31,0,31,0.0,0.0,0.0,0.0,0.0,0.0,0.0,0.0,0.0,0.0,0.0,0.0,0.0,0.0,0.0,0.0,0.0,0.0,0.0,0.0,0.0,0.0,2.0,0.0,0.0,0.0,1.0,0.0,0.0,0.0,0.0,,65:00,0.0,0.0,0.0,,,,,,,,,,,,,,,,,,,,,,-1.6903659838563163,7797,64
2026-27,msoc,New Jersey Athletic Conference (NJAC),njac,TCNJ,"Hornos, Matias",Matias,Hornos,,712,"Hornos, Matias","HORNOS,MATIAS",TCNJ,TCNJ,1163-5351,0,0,9,0,9,0.0,0.0,0.0,0.0,0.0,0.0,0.0,0.0,0.0,0.0,0.0,0.0,0.0,0.0,0.0,0.0,0.0,0.0,0.0,0.0,0.0,0.0,0.0,0.0,0.0,0.0,0.0,0.0,0.0,0.0,0.0,,00:00,0.0,0.0,0.0,,,,,,,,,,,,,,,,,,,,,,-1.6903659838563163,7888,64
2026-27,msoc,New Jersey Athletic Conference (NJAC),njac,Rutgers-Camden,"Jacobo, Stephen",Stephen,Jacobo,,588,"Jacobo, Stephen","JACOBO,STEPHEN",Rutgers-Camden,RUC,1155-5188,3,2,31,0,31,0.0,0.0,0.0,0.0,0.0,0.0,0.0,0.0,0.0,0.0,0.0,0.0,0.0,0.0,0.0,0.0,0.0,0.0,0.0,0.0,0.0,0.0,2.0,0.0,0.0,0.0,0.67,0.0,0.0,0.0,0.0,,128:00,0.0,0.0,0.0,,,,,,,,,,,,,,,,,,,,,,-1.6903659838563163,8010,63
2026-27,msoc,New Jersey Athletic Conference (NJAC),njac,Rutgers-Camden,"Jarrin, Allen",Allen,Jarrin,,588,"Jarrin, Allen","JARRIN,ALLEN",Rutgers-Camden,RUC,1155-5024,7,0,37,0,37,0.0,0.0,0.0,1.0,0.0,0.0,0.0,0.0,0.0,0.14,0.0,0.0,0.0,0.0,0.0,0.0,0.0,0.0,0.0,0.0,0.0,0.0,1.0,0.0,1.0,0.0,0.14,0.14,0.0,0.0,0.0,,91:00,0.0,0.0,0.0,,,,,,,,,,,,,,,,,,,,,,-1.6903659838563163,8052,63
2026-27,msoc,New Jersey Athletic Conference (NJAC),njac,Rutgers-Newark,"Jaworski, Ethan",Ethan,Jaworski,,589,"Jaworski, Ethan","JAWORSKI,ETHAN",Rutgers-Newark,NEW,1161-2664,2,0,36,0,36,0.0,0.0,0.0,0.0,0.0,0.0,0.0,0.0,0.0,0.0,0.0,0.0,0.0,0.0,0.0,0.0,0.0,0.0,0.0,0.0,0.0,0.0,1.0,0.0,0.0,0.0,0.5,0.0,0.0,0.0,0.0,,53:00,0.0,0.0,0.0,,,,,,,,,,,,,,,,,,,,,,-1.6903659838563163,8061,63
2026-27,msoc,New Jersey Athletic Conference (NJAC),njac,Rutgers-Camden,"Johansen, Dylan",Dylan,Johansen,,588,"Johansen, Dylan","JOHANSEN,DYLAN",Rutgers-Camden,RUC,1155-5423,3,0,28,0,28,0.0,0.0,0.0,0.0,0.0,0.0,0.0,0.0,0.0,0.0,0.0,0.0,0.0,0.0,0.0,0.0,0.0,0.0,0.0,0.0,0.0,0.0,0.0,0.0,0.0,0.0,0.0,0.0,0.0,0.0,0.0,,45:00,0.0,0.0,0.0,,,,,,,,,,,,,,,,,,,,,,-1.6903659838563163,8097,63
2026-27,msoc,New Jersey Athletic Conference (NJAC),njac,Stockton,"Jones, Noah",Noah,Jones,,681,"Jones, Noah","JONES,NOAH",Stockton,STO,0,7,7,5,0,5,0.0,0.0,0.0,1.0,0.0,0.0,0.0,0.0,0.0,0.14,0.0,0.0,0.0,0.0,0.0,0.0,0.0,0.0,0.0,0.0,0.0,0.0,3.0,1.0,1.0,0.0,0.43,0.14,0.14,0.0,0.0,,594:00,0.0,0.0,0.0,,,,,,,,,,,,,,,,,,,,,,-1.6903659838563163,8137,63
2026-27,msoc,New Jersey Athletic Conference (NJAC),njac,Rutgers-Camden,"Jordan, Cameron",Cameron,Jordan,,588,"Jordan, Cameron","JORDAN,CAMERON",Rutgers-Camden,RUC,1155-5416,8,7,6,0,6,0.0,0.0,0.0,6.0,0.0,0.0,0.0,0.0,0.0,0.75,0.0,0.0,0.0,0.0,0.0,0.0,0.0,0.0,0.0,0.0,0.0,0.0,7.0,0.0,2.0,0.0,0.88,0.25,0.0,0.0,0.0,,568:00,0.0,0.0,0.0,,,,,,,,,,,,,,,,,,,,,,-1.6903659838563163,8141,63
2026-27,msoc,New Jersey Athletic Conference (NJAC),njac,Kean,"Joseph Ukaegbu, Somto",Somto,Joseph Ukaegbu,,329,"Joseph Ukaegbu, Somto","JOSEPH UKAEGBU,SOMTO",Kean,KU,1148-7388,6,4,4,0,4,0.0,0.0,0.0,3.0,0.0,0.0,0.0,0.0,0.0,0.5,0.0,0.0,0.0,0.0,0.0,0.0,0.0,0.0,0.0,0.0,0.0,0.0,3.0,0.0,0.0,0.0,0.5,0.0,0.0,0.0,0.0,,250:00,0.0,0.0,0.0,,,,,,,,,,,,,,,,,,,,,,-1.6903659838563163,8149,63
2026-27,msoc,New Jersey Athletic Conference (NJAC),njac,Rutgers-Camden,"Kelly, Declan",Declan,Kelly,,588,"Kelly, Declan","KELLY,DECLAN",Rutgers-Camden,RUC,1155-5313,0,0,32,0,32,0.0,0.0,0.0,0.0,0.0,0.0,0.0,0.0,0.0,0.0,0.0,0.0,0.0,0.0,0.0,0.0,0.0,0.0,0.0,0.0,0.0,0.0,0.0,0.0,0.0,0.0,0.0,0.0,0.0,0.0,0.0,,00:00,0.0,0.0,0.0,,,,,,,,,,,,,,,,,,,,,,-1.6903659838563163,8242,62
2026-27,msoc,New Jersey Athletic Conference (NJAC),njac,Rowan,"Kenson, Angus",Angus,Kenson,,259,"Kenson, Angus","KENSON,ANGUS",Rowan,ROW,1154-5007,2,0,18,0,18,0.0,0.0,0.0,1.0,0.0,0.0,0.0,0.0,0.0,0.5,0.0,0.0,0.0,0.0,0.0,0.0,0.0,0.0,0.0,0.0,0.0,0.0,0.0,0.0,0.0,0.0,0.0,0.0,0.0,0.0,0.0,,09:00,0.0,0.0,0.0,,,,,,,,,,,,,,,,,,,,,,-1.6903659838563163,8250,62
2026-27,msoc,New Jersey Athletic Conference (NJAC),njac,William Paterson,"King, Charles",Charles,King,,787,"King, Charles","KING,CHARLES",William Paterson,WP,1164-3241,4,0,2,0,2,0.0,0.0,0.0,0.0,0.0,0.0,0.0,0.0,0.0,0.0,0.0,0.0,0.0,0.0,0.0,0.0,0.0,0.0,0.0,0.0,0.0,0.0,0.0,0.0,0.0,0.0,0.0,0.0,0.0,0.0,0.0,,62:00,0.0,0.0,0.0,,,,,,,,,,,,,,,,,,,,,,-1.6903659838563163,8289,62
2026-27,msoc,New Jersey Athletic Conference (NJAC),njac,Montclair State,"King-Reilly, Devont",Devont,King-Reilly,,442,"King-Reilly, Devont","KING-REILLY,DEVONT",Montclair State,MSU,1149-14982,0,0,27,0,27,0.0,0.0,0.0,0.0,0.0,0.0,0.0,0.0,0.0,0.0,0.0,0.0,0.0,0.0,0.0,0.0,0.0,0.0,0.0,0.0,0.0,0.0,0.0,0.0,0.0,0.0,0.0,0.0,0.0,0.0,0.0,,00:00,0.0,0.0,0.0,,,,,,,,,,,,,,,,,,,,,,-1.6903659838563163,8293,62
2026-27,msoc,New Jersey Athletic Conference (NJAC),njac,Ramapo,"Lagowski, Alex",Alex,Lagowski,,564,"Lagowski, Alex","LAGOWSKI,ALEX",Ramapo,RAM,1152-4560,2,0,26,0,26,0.0,0.0,0.0,2.0,0.0,0.0,0.0,0.0,0.0,1.0,0.0,0.0,0.0,0.0,0.0,0.0,0.0,0.0,0.0,0.0,0.0,0.0,1.0,0.0,0.0,0.0,0.5,0.0,0.0,0.0,0.0,,35:00,0.0,0.0,0.0,,,,,,,,,,,,,,,,,,,,,,-1.6903659838563163,8393,62
2026-27,msoc,New Jersey Athletic Conference (NJAC),njac,Rowan,"Lamptey, Cameron",Cameron,Lamptey,,259,"Lamptey, Cameron","LAMPTEY,CAMERON",Rowan,ROW,1154-5012,1,0,36,0,36,0.0,0.0,0.0,0.0,0.0,0.0,0.0,0.0,0.0,0.0,0.0,0.0,0.0,0.0,0.0,0.0,0.0,0.0,0.0,0.0,0.0,0.0,0.0,0.0,0.0,0.0,0.0,0.0,0.0,0.0,0.0,,01:00,0.0,0.0,0.0,,,,,,,,,,,,,,,,,,,,,,-1.6903659838563163,8403,62
2026-27,msoc,New Jersey Athletic Conference (NJAC),njac,William Paterson,"Lanchipa, Pedro",Pedro,Lanchipa,,787,"Lanchipa, Pedro","LANCHIPA,PEDRO",William Paterson,WP,1164-3242,2,0,6,0,6,0.0,0.0,0.0,0.0,0.0,0.0,0.0,0.0,0.0,0.0,0.0,0.0,0.0,0.0,0.0,0.0,0.0,0.0,0.0,0.0,0.0,0.0,0.0,0.0,0.0,0.0,0.0,0.0,0.0,0.0,0.0,,25:00,0.0,0.0,0.0,,,,,,,,,,,,,,,,,,,,,,-1.6903659838563163,8405,62
2026-27,msoc,New Jersey Athletic Conference (NJAC),njac,Kean,"Lasso, Jason",Jason,Lasso,,329,"Lasso, Jason","LASSO,JASON",Kean,KU,1148-7055,6,0,25,0,25,0.0,0.0,0.0,0.0,0.0,0.0,0.0,0.0,0.0,0.0,0.0,0.0,0.0,0.0,0.0,0.0,0.0,0.0,0.0,0.0,0.0,0.0,0.0,0.0,0.0,0.0,0.0,0.0,0.0,0.0,0.0,,89:00,0.0,0.0,0.0,,,,,,,,,,,,,,,,,,,,,,-1.6903659838563163,8431,62
2026-27,msoc,New Jersey Athletic Conference (NJAC),njac,TCNJ,"Lawrence, Alex",Alex,Lawrence,,712,"Lawrence, Alex","LAWRENCE,ALEX",TCNJ,TCNJ,1163-6028,0,0,17,0,17,0.0,0.0,0.0,0.0,0.0,0.0,0.0,0.0,0.0,0.0,0.0,0.0,0.0,0.0,0.0,0.0,0.0,0.0,0.0,0.0,0.0,0.0,0.0,0.0,0.0,0.0,0.0,0.0,0.0,0.0,0.0,,00:00,0.0,0.0,0.0,,,,,,,,,,,,,,,,,,,,,,-1.6903659838563163,8441,62
2026-27,msoc,New Jersey Athletic Conference (NJAC),njac,Rutgers-Newark,"Leao, Bryan",Bryan,Leao,,589,"Leao, Bryan","LEAO,BRYAN",Rutgers-Newark,NEW,1161-2667,7,6,16,0,16,0.0,0.0,0.0,0.0,0.0,0.0,0.0,0.0,0.0,0.0,0.0,0.0,0.0,0.0,0.0,0.0,0.0,0.0,0.0,0.0,0.0,0.0,1.0,0.0,0.0,0.0,0.14,0.0,0.0,0.0,0.0,,493:00,0.0,0.0,0.0,,,,,,,,,,,,,,,,,,,,,,-1.6903659838563163,8453,61
2026-27,msoc,New Jersey Athletic Conference (NJAC),njac,Ramapo,"Lima, Andrew",Andrew,Lima,,564,"Lima, Andrew","LIMA,ANDREW",Ramapo,RAM,1152-4559,3,0,25,0,25,0.0,0.0,0.0,0.0,0.0,0.0,0.0,0.0,0.0,0.0,0.0,0.0,0.0,0.0,0.0,0.0,0.0,0.0,0.0,0.0,0.0,0.0,1.0,0.0,0.0,0.0,0.33,0.0,0.0,0.0,0.0,,68:00,0.0,0.0,0.0,,,,,,,,,,,,,,,,,,,,,,-1.6903659838563163,8527,61
2026-27,msoc,New Jersey Athletic Conference (NJAC),njac,TCNJ,"Lopez, Alex",Alex,Lopez,,712,"Lopez, Alex","LOPEZ,ALEX",TCNJ,TCNJ,1163-5983,3,1,15,0,15,0.0,0.0,0.0,1.0,0.0,0.0,0.0,0.0,0.0,0.33,0.0,0.0,0.0,0.0,0.0,0.0,0.0,0.0,0.0,0.0,0.0,0.0,0.0,0.0,0.0,0.0,0.0,0.0,0.0,0.0,0.0,,135:00,0.0,0.0,0.0,,,,,,,,,,,,,,,,,,,,,,-1.6903659838563163,8577,61
2026-27,msoc,New Jersey Athletic Conference (NJAC),njac,Kean,"Louis, Andrew",Andrew,Louis,,329,"Louis, Andrew","LOUIS,ANDREW",Kean,KU,0,0,0,29,0,29,0.0,0.0,0.0,0.0,0.0,0.0,0.0,0.0,0.0,0.0,0.0,0.0,0.0,0.0,0.0,0.0,0.0,0.0,0.0,0.0,0.0,0.0,0.0,0.0,0.0,0.0,0.0,0.0,0.0,0.0,0.0,,00:00,0.0,0.0,0.0,,,,,,,,,,,,,,,,,,,,,,-1.6903659838563163,8587,61
2026-27,msoc,New Jersey Athletic Conference (NJAC),njac,Ramapo,"Marfino, Julian",Julian,Marfino,,564,"Marfino, Julian","MARFINO,JULIAN",Ramapo,RAM,1152-4562,4,0,23,0,23,0.0,0.0,0.0,1.0,0.0,0.0,0.0,0.0,0.0,0.25,0.0,0.0,0.0,0.0,0.0,0.0,0.0,0.0,0.0,0.0,0.0,0.0,1.0,0.0,0.0,0.0,0.25,0.0,0.0,0.0,0.0,,54:00,0.0,0.0,0.0,,,,,,,,,,,,,,,,,,,,,,-1.6903659838563163,8710,60
2026-27,msoc,New Jersey Athletic Conference (NJAC),njac,Rowan,"Martinez-Selva, Miguel",Miguel,Martinez-Selva,,259,"Martinez-Selva, Miguel","MARTINEZ-SELVA,MIGUEL",Rowan,ROW,1154-5232,0,0,44,0,44,0.0,0.0,0.0,0.0,0.0,0.0,0.0,0.0,0.0,0.0,0.0,0.0,0.0,0.0,0.0,0.0,0.0,0.0,0.0,0.0,0.0,0.0,0.0,0.0,0.0,0.0,0.0,0.0,0.0,0.0,0.0,,00:00,0.0,0.0,0.0,,,,,,,,,,,,,,,,,,,,,,-1.6903659838563163,8752,60
2026-27,msoc,New Jersey Athletic Conference (NJAC),njac,TCNJ,"McCarthy, Finn",Finn,McCarthy,,712,"McCarthy, Finn","MCCARTHY,FINN",TCNJ,TCNJ,1163-5984,4,2,20,0,20,0.0,0.0,0.0,0.0,0.0,0.0,0.0,0.0,0.0,0.0,0.0,0.0,0.0,0.0,0.0,0.0,0.0,0.0,0.0,0.0,0.0,0.0,1.0,0.0,0.0,0.0,0.25,0.0,0.0,0.0,0.0,,238:00,0.0,0.0,0.0,,,,,,,,,,,,,,,,,,,,,,-1.6903659838563163,8825,60
2026-27,msoc,New Jersey Athletic Conference (NJAC),njac,Rutgers-Camden,"McNair, Nohj",Nohj,McNair,,588,"McNair, Nohj","MCNAIR,NOHJ",Rutgers-Camden,RUC,1155-5191,2,0,36,0,36,0.0,0.0,0.0,0.0,0.0,0.0,0.0,0.0,0.0,0.0,0.0,0.0,0.0,0.0,0.0,0.0,0.0,0.0,0.0,0.0,0.0,0.0,0.0,0.0,0.0,0.0,0.0,0.0,0.0,0.0,0.0,,21:00,0.0,0.0,0.0,,,,,,,,,,,,,,,,,,,,,,-1.6903659838563163,8870,60
2026-27,msoc,New Jersey Athletic Conference (NJAC),njac,Stockton,"Mendoza, Brandon",Brandon,Mendoza,,681,"Mendoza, Brandon","MENDOZA,BRANDON",Stockton,STO,0,0,0,32,0,32,0.0,0.0,0.0,0.0,0.0,0.0,0.0,0.0,0.0,0.0,0.0,0.0,0.0,0.0,0.0,0.0,0.0,0.0,0.0,0.0,0.0,0.0,0.0,0.0,0.0,0.0,0.0,0.0,0.0,0.0,0.0,,00:00,0.0,0.0,0.0,,,,,,,,,,,,,,,,,,,,,,-1.6903659838563163,8913,60
2026-27,msoc,New Jersey Athletic Conference (NJAC),njac,Rowan,"Merklein, Shane",Shane,Merklein,,259,"Merklein, Shane","MERKLEIN,SHANE",Rowan,ROW,1154-5212,0,0,1,0,1,0.0,0.0,0.0,0.0,0.0,0.0,0.0,0.0,0.0,0.0,0.0,0.0,0.0,0.0,0.0,0.0,0.0,0.0,0.0,0.0,0.0,0.0,0.0,0.0,0.0,0.0,0.0,0.0,0.0,0.0,0.0,,00:00,0.0,0.0,0.0,,,,,,,,,,,,,,,,,,,,,,-1.6903659838563163,8927,60
2026-27,msoc,New Jersey Athletic Conference (NJAC),njac,New Paltz,"Mingle, Cam",Cam,Mingle,,475,"Mingle, Cam","MINGLE,CAM",New Paltz,NP,1182-8555,8,0,8,0,8,0.0,0.0,0.0,1.0,0.0,0.0,0.0,0.0,0.0,0.13,0.0,0.0,0.0,0.0,0.0,0.0,0.0,0.0,0.0,0.0,0.0,0.0,1.0,0.0,0.0,0.0,0.13,0.0,0.0,0.0,0.0,,136:00,0.0,0.0,0.0,,,,,,,,,,,,,,,,,,,,,,-1.6903659838563163,8982,59
2026-27,msoc,New Jersey Athletic Conference (NJAC),njac,Rutgers-Newark,"Miranda, Matthew",Matthew,Miranda,,589,"Miranda, Matthew","MIRANDA,MATTHEW",Rutgers-Newark,NEW,1161-2668,2,0,35,0,35,0.0,0.0,0.0,0.0,0.0,0.0,0.0,0.0,0.0,0.0,0.0,0.0,0.0,0.0,0.0,0.0,0.0,0.0,0.0,0.0,0.0,0.0,0.0,0.0,0.0,0.0,0.0,0.0,0.0,0.0,0.0,,25:00,0.0,0.0,0.0,,,,,,,,,,,,,,,,,,,,,,-1.6903659838563163,8986,59
2026-27,msoc,New Jersey Athletic Conference (NJAC),njac,Rutgers-Camden,"Mollahasanoglu, Gokdeniz",Gokdeniz,Mollahasanoglu,,588,"Mollahasanoglu, Gokdeniz","MOLLAHASANOGLU,GOKDENIZ",Rutgers-Camden,RUC,1155-5297,7,0,27,0,27,0.0,0.0,0.0,3.0,0.0,0.0,0.0,0.0,0.0,0.43,0.0,0.0,0.0,0.0,0.0,0.0,0.0,0.0,0.0,0.0,0.0,0.0,1.0,0.0,0.0,0.0,0.14,0.0,0.0,0.0,0.0,,64:00,0.0,0.0,0.0,,,,,,,,,,,,,,,,,,,,,,-1.6903659838563163,9013,59
2026-27,msoc,New Jersey Athletic Conference (NJAC),njac,TCNJ,"Molnar, Stephen",Stephen,Molnar,,712,"Molnar, Stephen","MOLNAR,STEPHEN",TCNJ,TCNJ,1163-6031,0,0,31,0,31,0.0,0.0,0.0,0.0,0.0,0.0,0.0,0.0,0.0,0.0,0.0,0.0,0.0,0.0,0.0,0.0,0.0,0.0,0.0,0.0,0.0,0.0,0.0,0.0,0.0,0.0,0.0,0.0,0.0,0.0,0.0,,00:00,0.0,0.0,0.0,,,,,,,,,,,,,,,,,,,,,,-1.6903659838563163,9014,59
2026-27,msoc,New Jersey Athletic Conference (NJAC),njac,Rutgers-Camden,"Monaghan, Tommy",Tommy,Monaghan,,588,"Monaghan, Tommy","MONAGHAN,TOMMY",Rutgers-Camden,RUC,1155-4923,3,0,4,0,4,0.0,0.0,0.0,0.0,0.0,0.0,0.0,0.0,0.0,0.0,0.0,0.0,0.0,0.0,0.0,0.0,0.0,0.0,0.0,0.0,0.0,0.0,0.0,0.0,0.0,0.0,0.0,0.0,0.0,0.0,0.0,,68:00,0.0,0.0,0.0,,,,,,,,,,,,,,,,,,,,,,-1.6903659838563163,9017,59
2026-27,msoc,New Jersey Athletic Conference (NJAC),njac,Rutgers-Camden,"Montasser, Youssef",Youssef,Montasser,,588,"Montasser, Youssef","MONTASSER,YOUSSEF",Rutgers-Camden,RUC,1155-5185,0,0,33,0,33,0.0,0.0,0.0,0.0,0.0,0.0,0.0,0.0,0.0,0.0,0.0,0.0,0.0,0.0,0.0,0.0,0.0,0.0,0.0,0.0,0.0,0.0,0.0,0.0,0.0,0.0,0.0,0.0,0.0,0.0,0.0,,00:00,0.0,0.0,0.0,,,,,,,,,,,,,,,,,,,,,,-1.6903659838563163,9027,59
2026-27,msoc,New Jersey Athletic Conference (NJAC),njac,Rutgers-Newark,"Morales, Samuel",Samuel,Morales,,589,"Morales, Samuel","MORALES,SAMUEL",Rutgers-Newark,NEW,1161-2670,2,0,25,0,25,0.0,0.0,0.0,0.0,0.0,0.0,0.0,0.0,0.0,0.0,0.0,0.0,0.0,0.0,0.0,0.0,0.0,0.0,0.0,0.0,0.0,0.0,1.0,0.0,0.0,0.0,0.5,0.0,0.0,0.0,0.0,,75:00,0.0,0.0,0.0,,,,,,,,,,,,,,,,,,,,,,-1.6903659838563163,9051,59
2026-27,msoc,New Jersey Athletic Conference (NJAC),njac,Stockton,"Moreno, Brando",Brando,Moreno,,681,"Moreno, Brando","MORENO,BRANDO",Stockton,STO,0,1,0,26,0,26,0.0,0.0,0.0,0.0,0.0,0.0,0.0,0.0,0.0,0.0,0.0,0.0,0.0,0.0,0.0,0.0,0.0,0.0,0.0,0.0,0.0,0.0,0.0,0.0,0.0,0.0,0.0,0.0,0.0,0.0,0.0,,01:00,0.0,0.0,0.0,,,,,,,,,,,,,,,,,,,,,,-1.6903659838563163,9058,59
2026-27,msoc,New Jersey Athletic Conference (NJAC),njac,Rutgers-Camden,"Murtaj, Noli",Noli,Murtaj,,588,"Murtaj, Noli","MURTAJ,NOLI",Rutgers-Camden,RUC,1155-5420,2,0,22,0,22,0.0,0.0,0.0,0.0,0.0,0.0,0.0,0.0,0.0,0.0,0.0,0.0,0.0,0.0,0.0,0.0,0.0,0.0,0.0,0.0,0.0,0.0,0.0,0.0,0.0,0.0,0.0,0.0,0.0,0.0,0.0,,09:00,0.0,0.0,0.0,,,,,,,,,,,,,,,,,,,,,,-1.6903659838563163,9120,59
2026-27,msoc,New Jersey Athletic Conference (NJAC),njac,Stockton,"Nacarlo, Brody",Brody,Nacarlo,,681,"Nacarlo, Brody","NACARLO,BRODY",Stockton,STO,0,1,0,23,0,23,0.0,0.0,0.0,0.0,0.0,0.0,0.0,0.0,0.0,0.0,0.0,0.0,0.0,0.0,0.0,0.0,0.0,0.0,0.0,0.0,0.0,0.0,0.0,0.0,0.0,0.0,0.0,0.0,0.0,0.0,0.0,,14:00,0.0,0.0,0.0,,,,,,,,,,,,,,,,,,,,,,-1.6903659838563163,9133,59
2026-27,msoc,New Jersey Athletic Conference (NJAC),njac,William Paterson,"Nardone, Jayson",Jayson,Nardone,,787,"Nardone, Jayson","NARDONE,JAYSON",William Paterson,WP,1164-3244,2,0,11,0,11,0.0,0.0,0.0,0.0,0.0,0.0,0.0,0.0,0.0,0.0,0.0,0.0,0.0,0.0,0.0,0.0,0.0,0.0,0.0,0.0,0.0,0.0,0.0,0.0,0.0,0.0,0.0,0.0,0.0,0.0,0.0,,27:00,0.0,0.0,0.0,,,,,,,,,,,,,,,,,,,,,,-1.6903659838563163,9147,59
2026-27,msoc,New Jersey Athletic Conference (NJAC),njac,William Paterson,"Navarro, Andrey",Andrey,Navarro,,787,"Navarro, Andrey","NAVARRO,ANDREY",William Paterson,WP,1164-3245,2,0,15,0,15,0.0,0.0,0.0,0.0,0.0,0.0,0.0,0.0,0.0,0.0,0.0,0.0,0.0,0.0,0.0,0.0,0.0,0.0,0.0,0.0,0.0,0.0,0.0,0.0,0.0,0.0,0.0,0.0,0.0,0.0,0.0,,20:00,0.0,0.0,0.0,,,,,,,,,,,,,,,,,,,,,,-1.6903659838563163,9160,59
2026-27,msoc,New Jersey Athletic Conference (NJAC),njac,Rutgers-Camden,"Ochalik, Conrad",Conrad,Ochalik,,588,"Ochalik, Conrad","OCHALIK,CONRAD",Rutgers-Camden,RUC,1155-5194,4,0,20,0,20,0.0,0.0,0.0,0.0,0.0,0.0,0.0,0.0,0.0,0.0,0.0,0.0,0.0,0.0,0.0,0.0,0.0,0.0,0.0,0.0,0.0,0.0,0.0,0.0,0.0,0.0,0.0,0.0,0.0,0.0,0.0,,32:00,0.0,0.0,0.0,,,,,,,,,,,,,,,,,,,,,,-1.6903659838563163,9271,58
2026-27,msoc,New Jersey Athletic Conference (NJAC),njac,Rowan,"Onguene, Franck",Franck,Onguene,,259,"Onguene, Franck","ONGUENE,FRANCK",Rowan,ROW,1154-5006,0,0,29,0,29,0.0,0.0,0.0,0.0,0.0,0.0,0.0,0.0,0.0,0.0,0.0,0.0,0.0,0.0,0.0,0.0,0.0,0.0,0.0,0.0,0.0,0.0,0.0,0.0,0.0,0.0,0.0,0.0,0.0,0.0,0.0,,00:00,0.0,0.0,0.0,,,,,,,,,,,,,,,,,,,,,,-1.6903659838563163,9300,58
2026-27,msoc,New Jersey Athletic Conference (NJAC),njac,Kean,"Ongwenyi, Kyle",Kyle,Ongwenyi,,329,"Ongwenyi, Kyle","ONGWENYI,KYLE",Kean,KU,0,0,0,45,0,45,0.0,0.0,0.0,0.0,0.0,0.0,0.0,0.0,0.0,0.0,0.0,0.0,0.0,0.0,0.0,0.0,0.0,0.0,0.0,0.0,0.0,0.0,0.0,0.0,0.0,0.0,0.0,0.0,0.0,0.0,0.0,,00:00,0.0,0.0,0.0,,,,,,,,,,,,,,,,,,,,,,-1.6903659838563163,9301,58
2026-27,msoc,New Jersey Athletic Conference (NJAC),njac,William Paterson,"Pagnoni, Riccardo",Riccardo,Pagnoni,,787,"Pagnoni, Riccardo","PAGNONI,RICCARDO",William Paterson,WP,1164-3246,8,4,14,0,14,0.0,0.0,0.0,3.0,0.0,0.0,0.0,0.0,0.0,0.38,0.0,0.0,0.0,0.0,0.0,0.0,0.0,0.0,0.0,0.0,0.0,0.0,2.0,0.0,0.0,0.0,0.25,0.0,0.0,0.0,0.0,,382:00,0.0,0.0,0.0,,,,,,,,,,,,,,,,,,,,,,-1.6903659838563163,9357,58
2026-27,msoc,New Jersey Athletic Conference (NJAC),njac,Rutgers-Newark,"Paschkes, Ethan",Ethan,Paschkes,,589,"Paschkes, Ethan","PASCHKES,ETHAN",Rutgers-Newark,NEW,1161-2671,2,1,29,0,29,0.0,0.0,0.0,0.0,0.0,0.0,0.0,0.0,0.0,0.0,0.0,0.0,0.0,0.0,0.0,0.0,0.0,0.0,0.0,0.0,0.0,0.0,3.0,0.0,0.0,0.0,1.5,0.0,0.0,0.0,0.0,,87:00,0.0,0.0,0.0,,,,,,,,,,,,,,,,,,,,,,-1.6903659838563163,9394,58
2026-27,msoc,New Jersey Athletic Conference (NJAC),njac,New Paltz,"Peralta, Nico",Nico,Peralta,,475,"Peralta, Nico","PERALTA,NICO",New Paltz,NP,1182-8683,7,4,16,0,16,0.0,0.0,0.0,1.0,0.0,0.0,0.0,0.0,0.0,0.14,0.0,0.0,0.0,0.0,0.0,0.0,0.0,0.0,0.0,0.0,0.0,0.0,1.0,0.0,0.0,0.0,0.14,0.0,0.0,0.0,0.0,,371:00,0.0,0.0,0.0,,,,,,,,,,,,,,,,,,,,,,-1.6903659838563163,9448,58
2026-27,msoc,New Jersey Athletic Conference (NJAC),njac,Stockton,"Peters, Collin",Collin,Peters,,681,"Peters, Collin","PETERS,COLLIN",Stockton,STO,0,0,0,0,0,0,0.0,0.0,0.0,0.0,0.0,0.0,0.0,0.0,0.0,0.0,0.0,0.0,0.0,0.0,0.0,0.0,0.0,0.0,0.0,0.0,0.0,0.0,0.0,0.0,0.0,0.0,0.0,0.0,0.0,0.0,0.0,,00:00,0.0,0.0,0.0,,,,,,,,,,,,,,,,,,,,,,-1.6903659838563163,9472,57
2026-27,msoc,New Jersey Athletic Conference (NJAC),njac,New Paltz,"Pineda, Dominick",Dominick,Pineda,,475,"Pineda, Dominick","PINEDA,DOMINICK",New Paltz,NP,1182-8557,2,0,23,0,23,0.0,0.0,0.0,0.0,0.0,0.0,0.0,0.0,0.0,0.0,0.0,0.0,0.0,0.0,0.0,0.0,0.0,0.0,0.0,0.0,0.0,0.0,0.0,0.0,0.0,0.0,0.0,0.0,0.0,0.0,0.0,,20:00,0.0,0.0,0.0,,,,,,,,,,,,,,,,,,,,,,-1.6903659838563163,9503,57
2026-27,msoc,New Jersey Athletic Conference (NJAC),njac,Ramapo,"Pinto-Shaw, Nicholas",Nicholas,Pinto-Shaw,,564,"Pinto-Shaw, Nicholas","PINTO-SHAW,NICHOLAS",Ramapo,RAM,1152-4564,0,0,99,0,99,0.0,0.0,0.0,0.0,0.0,0.0,0.0,0.0,0.0,0.0,0.0,0.0,0.0,0.0,0.0,0.0,0.0,0.0,0.0,0.0,0.0,0.0,0.0,0.0,0.0,0.0,0.0,0.0,0.0,0.0,0.0,,00:00,0.0,0.0,0.0,,,,,,,,,,,,,,,,,,,,,,-1.6903659838563163,9506,57
2026-27,msoc,New Jersey Athletic Conference (NJAC),njac,Ramapo,"Ponce, Gianfranco",Gianfranco,Ponce,,564,"Ponce, Gianfranco","PONCE,GIANFRANCO",Ramapo,RAM,1152-4234,0,0,9,0,9,0.0,0.0,0.0,0.0,0.0,0.0,0.0,0.0,0.0,0.0,0.0,0.0,0.0,0.0,0.0,0.0,0.0,0.0,0.0,0.0,0.0,0.0,0.0,0.0,0.0,0.0,0.0,0.0,0.0,0.0,0.0,,00:00,0.0,0.0,0.0,,,,,,,,,,,,,,,,,,,,,,-1.6903659838563163,9530,57
2026-27,msoc,New Jersey Athletic Conference (NJAC),njac,New Paltz,"Prince, Alexander",Alexander,Prince,,475,"Prince, Alexander","PRINCE,ALEXANDER",New Paltz,NP,1182-8818,2,0,12,0,12,0.0,0.0,0.0,0.0,0.0,0.0,0.0,0.0,0.0,0.0,0.0,0.0,0.0,0.0,0.0,0.0,0.0,0.0,0.0,0.0,0.0,0.0,0.0,0.0,0.0,0.0,0.0,0.0,0.0,0.0,0.0,,19:00,0.0,0.0,0.0,,,,,,,,,,,,,,,,,,,,,,-1.6903659838563163,9570,57
2026-27,msoc,New Jersey Athletic Conference (NJAC),njac,Rutgers-Newark,"Rajkumar, Iniyan",Iniyan,Rajkumar,,589,"Rajkumar, Iniyan","RAJKUMAR,INIYAN",Rutgers-Newark,NEW,1161-2672,0,0,39,0,39,0.0,0.0,0.0,0.0,0.0,0.0,0.0,0.0,0.0,0.0,0.0,0.0,0.0,0.0,0.0,0.0,0.0,0.0,0.0,0.0,0.0,0.0,0.0,0.0,0.0,0.0,0.0,0.0,0.0,0.0,0.0,,00:00,0.0,0.0,0.0,,,,,,,,,,,,,,,,,,,,,,-1.6903659838563163,9618,57
2026-27,msoc,New Jersey Athletic Conference (NJAC),njac,Stockton,"Reis, Aiden",Aiden,Reis,,681,"Reis, Aiden","REIS,AIDEN",Stockton,STO,0,3,0,3,0,3,0.0,0.0,0.0,0.0,0.0,0.0,0.0,0.0,0.0,0.0,0.0,0.0,0.0,0.0,0.0,0.0,0.0,0.0,0.0,0.0,0.0,0.0,0.0,0.0,1.0,0.0,0.0,0.33,0.0,0.0,0.0,,52:00,0.0,0.0,0.0,,,,,,,,,,,,,,,,,,,,,,-1.6903659838563163,9683,57
2026-27,msoc,New Jersey Athletic Conference (NJAC),njac,Rutgers-Newark,"Reis, Michael",Michael,Reis,,589,"Reis, Michael","REIS,MICHAEL",Rutgers-Newark,NEW,1161-2280,5,4,2,0,2,0.0,0.0,0.0,0.0,0.0,0.0,0.0,0.0,0.0,0.0,0.0,0.0,0.0,0.0,0.0,0.0,0.0,0.0,0.0,0.0,0.0,0.0,5.0,0.0,2.0,0.0,1.0,0.4,0.0,0.0,0.0,,347:00,0.0,0.0,0.0,,,,,,,,,,,,,,,,,,,,,,-1.6903659838563163,9684,57
2026-27,msoc,New Jersey Athletic Conference (NJAC),njac,Kean,"Reisinger, Max",Max,Reisinger,,329,"Reisinger, Max","REISINGER,MAX",Kean,KU,1148-7404,7,5,30,0,30,0.0,0.0,0.0,2.0,0.0,0.0,0.0,0.0,0.0,0.29,0.0,0.0,0.0,0.0,0.0,0.0,0.0,0.0,0.0,0.0,0.0,0.0,5.0,0.0,0.0,0.0,0.71,0.0,0.0,0.0,0.0,,213:00,0.0,0.0,0.0,,,,,,,,,,,,,,,,,,,,,,-1.6903659838563163,9686,57
2026-27,msoc,New Jersey Athletic Conference (NJAC),njac,Rowan,"Ricciardi, Francesco",Francesco,Ricciardi,,259,"Ricciardi, Francesco","RICCIARDI,FRANCESCO",Rowan,ROW,1154-5223,5,0,24,0,24,0.0,0.0,0.0,0.0,0.0,0.0,0.0,0.0,0.0,0.0,0.0,0.0,0.0,0.0,0.0,0.0,0.0,0.0,0.0,0.0,0.0,0.0,2.0,0.0,0.0,0.0,0.4,0.0,0.0,0.0,0.0,,134:00,0.0,0.0,0.0,,,,,,,,,,,,,,,,,,,,,,-1.6903659838563163,9718,56
2026-27,msoc,New Jersey Athletic Conference (NJAC),njac,Kean,"Rivera Jr., Nilsson",Nilsson,Rivera Jr.,,329,"Rivera Jr., Nilsson","RIVERA JR.,NILSSON",Kean,KU,1148-6813,3,2,10,0,10,0.0,0.0,0.0,0.0,0.0,0.0,0.0,0.0,0.0,0.0,0.0,0.0,0.0,0.0,0.0,0.0,0.0,0.0,0.0,0.0,0.0,0.0,1.0,0.0,0.0,0.0,0.33,0.0,0.0,0.0,0.0,,52:00,0.0,0.0,0.0,,,,,,,,,,,,,,,,,,,,,,-1.6903659838563163,9753,56
2026-27,msoc,New Jersey Athletic Conference (NJAC),njac,Rutgers-Camden,"Roco, Max",Max,Roco,,588,"Roco, Max","ROCO,MAX",Rutgers-Camden,RUC,1155-5318,3,1,2,0,2,0.0,0.0,0.0,0.0,0.0,0.0,0.0,0.0,0.0,0.0,0.0,0.0,0.0,0.0,0.0,0.0,0.0,0.0,0.0,0.0,0.0,0.0,0.0,0.0,0.0,0.0,0.0,0.0,0.0,0.0,0.0,,61:00,0.0,0.0,0.0,,,,,,,,,,,,,,,,,,,,,,-1.6903659838563163,9787,56
2026-27,msoc,New Jersey Athletic Conference (NJAC),njac,William Paterson,"Rogan, Thomas",Thomas,Rogan,,787,"Rogan, Thomas","ROGAN,THOMAS",William Paterson,WP,1164-2769,8,8,5,0,5,0.0,0.0,0.0,2.0,0.0,0.0,0.0,0.0,0.0,0.25,0.0,0.0,0.0,0.0,0.0,0.0,0.0,0.0,0.0,0.0,0.0,0.0,4.0,0.0,0.0,0.0,0.5,0.0,0.0,0.0,0.0,,668:00,0.0,0.0,0.0,,,,,,,,,,,,,,,,,,,,,,-1.6903659838563163,9808,56
2026-27,msoc,New Jersey Athletic Conference (NJAC),njac,Rutgers-Newark,"Rousson, Noah",Noah,Rousson,,589,"Rousson, Noah","ROUSSON,NOAH",Rutgers-Newark,NEW,1161-2674,2,1,28,0,28,0.0,0.0,0.0,0.0,0.0,0.0,0.0,0.0,0.0,0.0,0.0,0.0,0.0,0.0,0.0,0.0,0.0,0.0,0.0,0.0,0.0,0.0,0.0,0.0,0.0,0.0,0.0,0.0,0.0,0.0,0.0,,97:00,0.0,0.0,0.0,,,,,,,,,,,,,,,,,,,,,,-1.6903659838563163,9853,56
2026-27,msoc,New Jersey Athletic Conference (NJAC),njac,Kean,"Russomanno, Rocco",Rocco,Russomanno,,329,"Russomanno, Rocco","RUSSOMANNO,ROCCO",Kean,KU,1148-7390,4,1,12,0,12,0.0,0.0,0.0,0.0,0.0,0.0,0.0,0.0,0.0,0.0,0.0,0.0,0.0,0.0,0.0,0.0,0.0,0.0,0.0,0.0,0.0,0.0,1.0,0.0,0.0,0.0,0.25,0.0,0.0,0.0,0.0,,85:00,0.0,0.0,0.0,,,,,,,,,,,,,,,,,,,,,,-1.6903659838563163,9883,56
2026-27,msoc,New Jersey Athletic Conference (NJAC),njac,Rutgers-Camden,"Salazar, Dain",Dain,Salazar,,588,"Salazar, Dain","SALAZAR,DAIN",Rutgers-Camden,RUC,1155-5421,2,0,23,0,23,0.0,0.0,0.0,0.0,0.0,0.0,0.0,0.0,0.0,0.0,0.0,0.0,0.0,0.0,0.0,0.0,0.0,0.0,0.0,0.0,0.0,0.0,1.0,0.0,0.0,0.0,0.5,0.0,0.0,0.0,0.0,,24:00,0.0,0.0,0.0,,,,,,,,,,,,,,,,,,,,,,-1.6903659838563163,9912,56
2026-27,msoc,New Jersey Athletic Conference (NJAC),njac,Kean,"Santana, Andrez",Andrez,Santana,,329,"Santana, Andrez","SANTANA,ANDREZ",Kean,KU,0,0,0,26,0,26,0.0,0.0,0.0,0.0,0.0,0.0,0.0,0.0,0.0,0.0,0.0,0.0,0.0,0.0,0.0,0.0,0.0,0.0,0.0,0.0,0.0,0.0,0.0,0.0,0.0,0.0,0.0,0.0,0.0,0.0,0.0,,00:00,0.0,0.0,0.0,,,,,,,,,,,,,,,,,,,,,,-1.6903659838563163,9968,55
2026-27,msoc,New Jersey Athletic Conference (NJAC),njac,Ramapo,"Santiago, Patrick",Patrick,Santiago,,564,"Santiago, Patrick","SANTIAGO,PATRICK",Ramapo,RAM,1152-4389,0,0,15,0,15,0.0,0.0,0.0,0.0,0.0,0.0,0.0,0.0,0.0,0.0,0.0,0.0,0.0,0.0,0.0,0.0,0.0,0.0,0.0,0.0,0.0,0.0,0.0,0.0,0.0,0.0,0.0,0.0,0.0,0.0,0.0,,00:00,0.0,0.0,0.0,,,,,,,,,,,,,,,,,,,,,,-1.6903659838563163,9973,55
2026-27,msoc,New Jersey Athletic Conference (NJAC),njac,Rowan,"Santoro, Andy",Andy,Santoro,,259,"Santoro, Andy","SANTORO,ANDY",Rowan,ROW,1154-4751,5,0,28,0,28,0.0,0.0,0.0,2.0,0.0,0.0,0.0,0.0,0.0,0.4,0.0,0.0,0.0,0.0,0.0,0.0,0.0,0.0,0.0,0.0,0.0,0.0,3.0,0.0,0.0,0.0,0.6,0.0,0.0,0.0,0.0,,115:00,0.0,0.0,0.0,,,,,,,,,,,,,,,,,,,,,,-1.6903659838563163,9975,55
2026-27,msoc,New Jersey Athletic Conference (NJAC),njac,TCNJ,"Santos, Lucas",Lucas,Santos,,712,"Santos, Lucas","SANTOS,LUCAS",TCNJ,TCNJ,1163-5936,0,0,35,0,35,0.0,0.0,0.0,0.0,0.0,0.0,0.0,0.0,0.0,0.0,0.0,0.0,0.0,0.0,0.0,0.0,0.0,0.0,0.0,0.0,0.0,0.0,0.0,0.0,0.0,0.0,0.0,0.0,0.0,0.0,0.0,,00:00,0.0,0.0,0.0,,,,,,,,,,,,,,,,,,,,,,-1.6903659838563163,9981,55
2026-27,msoc,New Jersey Athletic Conference (NJAC),njac,Rowan,"Saunchez, Daunte",Daunte,Saunchez,,259,"Saunchez, Daunte","SAUNCHEZ,DAUNTE",Rowan,ROW,1154-5010,7,6,3,0,3,0.0,0.0,0.0,3.0,0.0,0.0,0.0,0.0,0.0,0.43,0.0,0.0,0.0,0.0,0.0,0.0,0.0,0.0,0.0,0.0,0.0,0.0,4.0,0.0,2.0,0.0,0.57,0.29,0.0,0.0,0.0,,467:00,0.0,0.0,0.0,,,,,,,,,,,,,,,,,,,,,,-1.6903659838563163,10000,55
2026-27,msoc,New Jersey Athletic Conference (NJAC),njac,TCNJ,"Scarponi, Tino",Tino,Scarponi,,712,"Scarponi, Tino","SCARPONI,TINO",TCNJ,TCNJ,1163-5979,3,0,24,0,24,0.0,0.0,0.0,0.0,0.0,0.0,0.0,0.0,0.0,0.0,0.0,0.0,0.0,0.0,0.0,0.0,0.0,0.0,0.0,0.0,0.0,0.0,0.0,0.0,0.0,0.0,0.0,0.0,0.0,0.0,0.0,,27:00,0.0,0.0,0.0,,,,,,,,,,,,,,,,,,,,,,-1.6903659838563163,10008,55
2026-27,msoc,New Jersey Athletic Conference (NJAC),njac,Rutgers-Camden,"Schmid, Travis",Travis,Schmid,,588,"Schmid, Travis","SCHMID,TRAVIS",Rutgers-Camden,RUC,1155-5427,0,0,77,0,77,0.0,0.0,0.0,0.0,0.0,0.0,0.0,0.0,0.0,0.0,0.0,0.0,0.0,0.0,0.0,0.0,0.0,0.0,0.0,0.0,0.0,0.0,0.0,0.0,0.0,0.0,0.0,0.0,0.0,0.0,0.0,,00:00,0.0,0.0,0.0,,,,,,,,,,,,,,,,,,,,,,-1.6903659838563163,10029,55
2026-27,msoc,New Jersey Athletic Conference (NJAC),njac,Stockton,"Shaw, Trey",Trey,Shaw,,681,"Shaw, Trey","SHAW,TREY",Stockton,STO,0,9,6,24,0,24,0.0,0.0,0.0,0.0,0.0,0.0,0.0,0.0,0.0,0.0,0.0,0.0,0.0,0.0,0.0,0.0,0.0,0.0,0.0,0.0,0.0,0.0,1.0,0.0,1.0,0.0,0.11,0.11,0.0,0.0,0.0,,567:00,0.0,0.0,0.0,,,,,,,,,,,,,,,,,,,,,,-1.6903659838563163,10118,55
2026-27,msoc,New Jersey Athletic Conference (NJAC),njac,Stockton,"Silva, Benji",Benji,Silva,,681,"Silva, Benji","SILVA,BENJI",Stockton,STO,0,1,0,14,0,14,0.0,0.0,0.0,0.0,0.0,0.0,0.0,0.0,0.0,0.0,0.0,0.0,0.0,0.0,0.0,0.0,0.0,0.0,0.0,0.0,0.0,0.0,0.0,0.0,0.0,0.0,0.0,0.0,0.0,0.0,0.0,,06:00,0.0,0.0,0.0,,,,,,,,,,,,,,,,,,,,,,-1.6903659838563163,10167,55
2026-27,msoc,New Jersey Athletic Conference (NJAC),njac,Rutgers-Newark,"Silva, Edgar",Edgar,Silva,,589,"Silva, Edgar","SILVA,EDGAR",Rutgers-Newark,NEW,1161-2402,0,0,10,0,10,0.0,0.0,0.0,0.0,0.0,0.0,0.0,0.0,0.0,0.0,0.0,0.0,0.0,0.0,0.0,0.0,0.0,0.0,0.0,0.0,0.0,0.0,0.0,0.0,0.0,0.0,0.0,0.0,0.0,0.0,0.0,,00:00,0.0,0.0,0.0,,,,,,,,,,,,,,,,,,,,,,-1.6903659838563163,10168,55
2026-27,msoc,New Jersey Athletic Conference (NJAC),njac,Kean,"Simoes, Jason",Jason,Simoes,,329,"Simoes, Jason","SIMOES,JASON",Kean,KU,1148-7043,8,1,28,0,28,0.0,0.0,0.0,0.0,0.0,0.0,0.0,0.0,0.0,0.0,0.0,0.0,0.0,0.0,0.0,0.0,0.0,0.0,0.0,0.0,0.0,0.0,0.0,0.0,0.0,0.0,0.0,0.0,0.0,0.0,0.0,,378:00,0.0,0.0,0.0,,,,,,,,,,,,,,,,,,,,,,-1.6903659838563163,10178,55
2026-27,msoc,New Jersey Athletic Conference (NJAC),njac,TCNJ,"Sinkleris, Evan",Evan,Sinkleris,,712,"Sinkleris, Evan","SINKLERIS,EVAN",TCNJ,TCNJ,1163-5814,0,0,98,0,98,0.0,0.0,0.0,0.0,0.0,0.0,0.0,0.0,0.0,0.0,0.0,0.0,0.0,0.0,0.0,0.0,0.0,0.0,0.0,0.0,0.0,0.0,0.0,0.0,0.0,0.0,0.0,0.0,0.0,0.0,0.0,,00:00,0.0,0.0,0.0,,,,,,,,,,,,,,,,,,,,,,-1.6903659838563163,10192,55
2026-27,msoc,New Jersey Athletic Conference (NJAC),njac,Stockton,"Smith, Eddie",Eddie,Smith,,681,"Smith, Eddie","SMITH,EDDIE",Stockton,STO,0,7,0,18,0,18,0.0,0.0,0.0,1.0,0.0,0.0,0.0,0.0,0.0,0.14,0.0,0.0,0.0,0.0,0.0,0.0,0.0,0.0,0.0,0.0,0.0,0.0,1.0,0.0,1.0,0.0,0.14,0.14,0.0,0.0,0.0,,144:00,0.0,0.0,0.0,,,,,,,,,,,,,,,,,,,,,,-1.6903659838563163,10218,54
2026-27,msoc,New Jersey Athletic Conference (NJAC),njac,William Paterson,"Stanzione, Nico",Nico,Stanzione,,787,"Stanzione, Nico","STANZIONE,NICO",William Paterson,WP,1164-3088,5,0,12,0,12,0.0,0.0,0.0,0.0,0.0,0.0,0.0,0.0,0.0,0.0,0.0,0.0,0.0,0.0,0.0,0.0,0.0,0.0,0.0,0.0,0.0,0.0,2.0,0.0,0.0,0.0,0.4,0.0,0.0,0.0,0.0,,55:00,0.0,0.0,0.0,,,,,,,,,,,,,,,,,,,,,,-1.6903659838563163,10307,54
2026-27,msoc,New Jersey Athletic Conference (NJAC),njac,TCNJ,"Stroczan, Sebastian",Sebastian,Stroczan,,712,"Stroczan, Sebastian","STROCZAN,SEBASTIAN",TCNJ,TCNJ,1163-5982,0,0,29,0,29,0.0,0.0,0.0,0.0,0.0,0.0,0.0,0.0,0.0,0.0,0.0,0.0,0.0,0.0,0.0,0.0,0.0,0.0,0.0,0.0,0.0,0.0,0.0,0.0,0.0,0.0,0.0,0.0,0.0,0.0,0.0,,00:00,0.0,0.0,0.0,,,,,,,,,,,,,,,,,,,,,,-1.6903659838563163,10359,54
2026-27,msoc,New Jersey Athletic Conference (NJAC),njac,TCNJ,"Takacs, Michael",Michael,Takacs,,712,"Takacs, Michael","TAKACS,MICHAEL",TCNJ,TCNJ,1163-5986,0,0,28,0,28,0.0,0.0,0.0,0.0,0.0,0.0,0.0,0.0,0.0,0.0,0.0,0.0,0.0,0.0,0.0,0.0,0.0,0.0,0.0,0.0,0.0,0.0,0.0,0.0,0.0,0.0,0.0,0.0,0.0,0.0,0.0,,00:00,0.0,0.0,0.0,,,,,,,,,,,,,,,,,,,,,,-1.6903659838563163,10402,54
2026-27,msoc,New Jersey Athletic Conference (NJAC),njac,Montclair State,"Tal, Will",Will,Tal,,442,"Tal, Will","TAL,WILL",Montclair State,MSU,1149-15312,4,0,33,0,33,0.0,0.0,0.0,1.0,0.0,0.0,0.0,0.0,0.0,0.25,0.0,0.0,0.0,0.0,0.0,0.0,0.0,0.0,0.0,0.0,0.0,0.0,1.0,0.0,1.0,0.0,0.25,0.25,0.0,0.0,0.0,,103:00,0.0,0.0,0.0,,,,,,,,,,,,,,,,,,,,,,-1.6903659838563163,10403,54
2026-27,msoc,New Jersey Athletic Conference (NJAC),njac,Stockton,"Tariku, Mussie",Mussie,Tariku,,681,"Tariku, Mussie","TARIKU,MUSSIE",Stockton,STO,0,0,0,22,0,22,0.0,0.0,0.0,0.0,0.0,0.0,0.0,0.0,0.0,0.0,0.0,0.0,0.0,0.0,0.0,0.0,0.0,0.0,0.0,0.0,0.0,0.0,0.0,0.0,0.0,0.0,0.0,0.0,0.0,0.0,0.0,,00:00,0.0,0.0,0.0,,,,,,,,,,,,,,,,,,,,,,-1.6903659838563163,10415,54
2026-27,msoc,New Jersey Athletic Conference (NJAC),njac,Rutgers-Camden,"Torpey, Christian",Christian,Torpey,,588,"Torpey, Christian","TORPEY,CHRISTIAN",Rutgers-Camden,RUC,1155-5025,5,0,24,0,24,0.0,0.0,0.0,0.0,0.0,0.0,0.0,0.0,0.0,0.0,0.0,0.0,0.0,0.0,0.0,0.0,0.0,0.0,0.0,0.0,0.0,0.0,0.0,0.0,0.0,0.0,0.0,0.0,0.0,0.0,0.0,,64:00,0.0,0.0,0.0,,,,,,,,,,,,,,,,,,,,,,-1.6903659838563163,10513,53
2026-27,msoc,New Jersey Athletic Conference (NJAC),njac,Ramapo,"Touchard, Matthew",Matthew,Touchard,,564,"Touchard, Matthew","TOUCHARD,MATTHEW",Ramapo,RAM,1152-4237,0,0,30,0,30,0.0,0.0,0.0,0.0,0.0,0.0,0.0,0.0,0.0,0.0,0.0,0.0,0.0,0.0,0.0,0.0,0.0,0.0,0.0,0.0,0.0,0.0,0.0,0.0,0.0,0.0,0.0,0.0,0.0,0.0,0.0,,00:00,0.0,0.0,0.0,,,,,,,,,,,,,,,,,,,,,,-1.6903659838563163,10523,53
2026-27,msoc,New Jersey Athletic Conference (NJAC),njac,Rutgers-Newark,"Trott, Justin",Justin,Trott,,589,"Trott, Justin","TROTT,JUSTIN",Rutgers-Newark,NEW,1161-2675,2,1,37,0,37,0.0,0.0,0.0,0.0,0.0,0.0,0.0,0.0,0.0,0.0,0.0,0.0,0.0,0.0,0.0,0.0,0.0,0.0,0.0,0.0,0.0,0.0,0.0,0.0,0.0,0.0,0.0,0.0,0.0,0.0,0.0,,88:00,0.0,0.0,0.0,,,,,,,,,,,,,,,,,,,,,,-1.6903659838563163,10550,53
2026-27,msoc,New Jersey Athletic Conference (NJAC),njac,Ramapo,"Urena, Fabrizio",Fabrizio,Urena,,564,"Urena, Fabrizio","URENA,FABRIZIO",Ramapo,RAM,1152-4566,2,0,28,0,28,0.0,0.0,0.0,1.0,0.0,0.0,0.0,0.0,0.0,0.5,0.0,0.0,0.0,0.0,0.0,0.0,0.0,0.0,0.0,0.0,0.0,0.0,0.0,0.0,0.0,0.0,0.0,0.0,0.0,0.0,0.0,,62:00,0.0,0.0,0.0,,,,,,,,,,,,,,,,,,,,,,-1.6903659838563163,10596,53
2026-27,msoc,New Jersey Athletic Conference (NJAC),njac,Kean,"Vargas, Deangelo",Deangelo,Vargas,,329,"Vargas, Deangelo","VARGAS,DEANGELO",Kean,KU,0,0,0,21,0,21,0.0,0.0,0.0,0.0,0.0,0.0,0.0,0.0,0.0,0.0,0.0,0.0,0.0,0.0,0.0,0.0,0.0,0.0,0.0,0.0,0.0,0.0,0.0,0.0,0.0,0.0,0.0,0.0,0.0,0.0,0.0,,00:00,0.0,0.0,0.0,,,,,,,,,,,,,,,,,,,,,,-1.6903659838563163,10627,53
2026-27,msoc,New Jersey Athletic Conference (NJAC),njac,Rutgers-Camden,"Velasquez, Matt",Matt,Velasquez,,588,"Velasquez, Matt","VELASQUEZ,MATT",Rutgers-Camden,RUC,1155-5422,3,1,25,0,25,0.0,0.0,0.0,0.0,0.0,0.0,0.0,0.0,0.0,0.0,0.0,0.0,0.0,0.0,0.0,0.0,0.0,0.0,0.0,0.0,0.0,0.0,2.0,0.0,0.0,0.0,0.67,0.0,0.0,0.0,0.0,,121:00,0.0,0.0,0.0,,,,,,,,,,,,,,,,,,,,,,-1.6903659838563163,10658,53
2026-27,msoc,New Jersey Athletic Conference (NJAC),njac,Kean,"Victor, Robby",Robby,Victor,,329,"Victor, Robby","VICTOR,ROBBY",Kean,KU,1148-7391,3,0,13,0,13,0.0,0.0,0.0,0.0,0.0,0.0,0.0,0.0,0.0,0.0,0.0,0.0,0.0,0.0,0.0,0.0,0.0,0.0,0.0,0.0,0.0,0.0,1.0,0.0,0.0,0.0,0.33,0.0,0.0,0.0,0.0,,38:00,0.0,0.0,0.0,,,,,,,,,,,,,,,,,,,,,,-1.6903659838563163,10679,53
2026-27,msoc,New Jersey Athletic Conference (NJAC),njac,Rutgers-Camden,"Webb, Zach",Zach,Webb,,588,"Webb, Zach","WEBB,ZACH",Rutgers-Camden,RUC,1155-5319,8,8,18,0,18,0.0,0.0,0.0,3.0,0.0,0.0,0.0,0.0,0.0,0.38,0.0,0.0,0.0,0.0,0.0,0.0,0.0,0.0,0.0,0.0,0.0,0.0,4.0,0.0,2.0,0.0,0.5,0.25,0.0,0.0,0.0,,700:00,0.0,0.0,0.0,,,,,,,,,,,,,,,,,,,,,,-1.6903659838563163,10764,52
2026-27,msoc,New Jersey Athletic Conference (NJAC),njac,Stockton,"Weber, Jaxon",Jaxon,Weber,,681,"Weber, Jaxon","WEBER,JAXON",Stockton,STO,0,1,0,21,0,21,0.0,0.0,0.0,0.0,0.0,0.0,0.0,0.0,0.0,0.0,0.0,0.0,0.0,0.0,0.0,0.0,0.0,0.0,0.0,0.0,0.0,0.0,0.0,0.0,0.0,0.0,0.0,0.0,0.0,0.0,0.0,,08:00,0.0,0.0,0.0,,,,,,,,,,,,,,,,,,,,,,-1.6903659838563163,10765,52
2026-27,msoc,New Jersey Athletic Conference (NJAC),njac,Stockton,"Wetzel, Landon",Landon,Wetzel,,681,"Wetzel, Landon","WETZEL,LANDON",Stockton,STO,0,0,0,31,0,31,0.0,0.0,0.0,0.0,0.0,0.0,0.0,0.0,0.0,0.0,0.0,0.0,0.0,0.0,0.0,0.0,0.0,0.0,0.0,0.0,0.0,0.0,0.0,0.0,0.0,0.0,0.0,0.0,0.0,0.0,0.0,,00:00,0.0,0.0,0.0,,,,,,,,,,,,,,,,,,,,,,-1.6903659838563163,10793,52
2026-27,msoc,New Jersey Athletic Conference (NJAC),njac,TCNJ,"Wood, Sean",Sean,Wood,,712,"Wood, Sean","WOOD,SEAN",TCNJ,TCNJ,1163-5361,6,5,23,0,23,0.0,0.0,0.0,0.0,0.0,0.0,0.0,0.0,0.0,0.0,0.0,0.0,0.0,0.0,0.0,0.0,0.0,0.0,0.0,0.0,0.0,0.0,1.0,0.0,1.0,0.0,0.17,0.17,0.0,0.0,0.0,,354:00,0.0,0.0,0.0,,,,,,,,,,,,,,,,,,,,,,-1.6903659838563163,10871,52
2026-27,msoc,New Jersey Athletic Conference (NJAC),njac,New Paltz,"Yamamoto, Logan",Logan,Yamamoto,,475,"Yamamoto, Logan","YAMAMOTO,LOGAN",New Paltz,NP,1182-8462,3,0,28,0,28,0.0,0.0,0.0,0.0,0.0,0.0,0.0,0.0,0.0,0.0,0.0,0.0,0.0,0.0,0.0,0.0,0.0,0.0,0.0,0.0,0.0,0.0,0.0,0.0,0.0,0.0,0.0,0.0,0.0,0.0,0.0,,18:00,0.0,0.0,0.0,,,,,,,,,,,,,,,,,,,,,,-1.6903659838563163,10907,52
2026-27,msoc,New Jersey Athletic Conference (NJAC),njac,Rutgers-Camden,"Yantas, Antonio",Antonio,Yantas,,588,"Yantas, Antonio","YANTAS,ANTONIO",Rutgers-Camden,RUC,1155-5299,2,1,5,0,5,0.0,0.0,0.0,0.0,0.0,0.0,0.0,0.0,0.0,0.0,0.0,0.0,0.0,0.0,0.0,0.0,0.0,0.0,0.0,0.0,0.0,0.0,1.0,0.0,0.0,0.0,0.5,0.0,0.0,0.0,0.0,,51:00,0.0,0.0,0.0,,,,,,,,,,,,,,,,,,,,,,-1.6903659838563163,10913,52
2026-27,msoc,New Jersey Athletic Conference (NJAC),njac,Rutgers-Newark,"Zarate, Luis",Luis,Zarate,,589,"Zarate, Luis","ZARATE,LUIS",Rutgers-Newark,NEW,1161-2679,0,0,20,0,20,0.0,0.0,0.0,0.0,0.0,0.0,0.0,0.0,0.0,0.0,0.0,0.0,0.0,0.0,0.0,0.0,0.0,0.0,0.0,0.0,0.0,0.0,0.0,0.0,0.0,0.0,0.0,0.0,0.0,0.0,0.0,,00:00,0.0,0.0,0.0,,,,,,,,,,,,,,,,,,,,,,-1.6903659838563163,10954,52
2026-27,msoc,New Jersey Athletic Conference (NJAC),njac,Rowan,"Zhao, Aaron",Aaron,Zhao,,259,"Zhao, Aaron","ZHAO,AARON",Rowan,ROW,1154-5217,5,1,14,0,14,0.0,0.0,0.0,1.0,0.0,0.0,0.0,0.0,0.0,0.2,0.0,0.0,0.0,0.0,0.0,0.0,0.0,0.0,0.0,0.0,0.0,0.0,3.0,0.0,0.0,0.0,0.6,0.0,0.0,0.0,0.0,,224:00,0.0,0.0,0.0,,,,,,,,,,,,,,,,,,,,,,-1.6903659838563163,10971,51
2026-27,msoc,New Jersey Athletic Conference (NJAC),njac,Rowan,"Zulauf, Jason",Jason,Zulauf,,259,"Zulauf, Jason","ZULAUF,JASON",Rowan,ROW,1154-5229,0,0,34,0,34,0.0,0.0,0.0,0.0,0.0,0.0,0.0,0.0,0.0,0.0,0.0,0.0,0.0,0.0,0.0,0.0,0.0,0.0,0.0,0.0,0.0,0.0,0.0,0.0,0.0,0.0,0.0,0.0,0.0,0.0,0.0,,00:00,0.0,0.0,0.0,,,,,,,,,,,,,,,,,,,,,,-1.6903659838563163,10983,51
2026-27,msoc,New Jersey Athletic Conference (NJAC),njac,Rutgers-Camden,"Zumbado, Yael",Yael,Zumbado,,588,"Zumbado, Yael","ZUMBADO,YAEL",Rutgers-Camden,RUC,1155-5415,0,0,0,0,0,0.0,0.0,0.0,0.0,0.0,0.0,0.0,0.0,0.0,0.0,0.0,0.0,0.0,0.0,0.0,0.0,0.0,0.0,0.0,0.0,0.0,0.0,0.0,0.0,0.0,0.0,0.0,0.0,0.0,0.0,0.0,,00:00,0.0,0.0,0.0,,,,,,,,,,,,,,,,,,,,,,-1.6903659838563163,10984,51
2026-27,msoc,New Jersey Athletic Conference (NJAC),njac,New Paltz,"Washington, Joe",Joe,Washington,,475,"Washington, Joe","WASHINGTON,JOE",New Paltz,NP,1182-8465,1,1,1,0,1,0.0,0.0,0.0,0.0,0.0,0.0,0.0,0.0,0.0,0.0,0.0,0.0,0.0,0.0,0.0,0.0,0.0,0.0,0.0,0.0,0.0,0.0,0.0,0.0,0.0,0.0,0.0,0.0,0.0,0.0,0.0,,90:00,0.0,0.0,0.0,10.0,1.0,0.0,0.0,0.0,0.6,2.0,3.0,2.0,90:00,1.0,1.0,2.0,0.6,0.0,3.0,,,,,,-1.998555889866877,11075,51
2026-27,msoc,New Jersey Athletic Conference (NJAC),njac,Stockton,"Raivitch, Dan",Dan,Raivitch,,681,"Raivitch, Dan","RAIVITCH,DAN",Stockton,STO,0,3,3,0,0,0,0.0,0.0,0.0,0.0,0.0,0.0,0.0,0.0,0.0,0.0,0.0,0.0,0.0,0.0,0.0,0.0,0.0,0.0,0.0,0.0,0.0,0.0,0.0,0.0,0.0,0.0,0.0,0.0,0.0,0.0,0.0,,255:00,0.0,0.0,0.0,29.0,1.0,2.0,0.0,0.0,0.571,2.13,8.0,6.0,254:23,3.0,3.0,2.0,0.571,0.0,2.67,,,,,,-2.1537533144275356,11101,51
2026-27,msoc,New Jersey Athletic Conference (NJAC),njac,New Paltz,"Bloom, Zachary",Zachary,Bloom,,475,"Bloom, Zachary","BLOOM,ZACHARY",New Paltz,NP,1182-8783,2,2,0,0,0,0.0,0.0,0.0,0.0,0.0,0.0,0.0,0.0,0.0,0.0,0.0,0.0,0.0,0.0,0.0,0.0,0.0,0.0,0.0,0.0,0.0,0.0,0.0,1.0,0.0,0.0,0.0,0.0,0.5,0.0,0.0,,162:00,0.0,0.0,0.0,12.0,0.0,1.0,1.0,0.0,0.5,1.68,3.0,3.0,161:40,2.0,2.0,1.5,0.5,0.0,1.5,,,,,,-2.179196591803594,11103,51
2026-27,msoc,New Jersey Athletic Conference (NJAC),njac,Kean,"Samila, Conner",Conner,Samila,,329,"Samila, Conner","SAMILA,CONNER",Kean,KU,1148-7045,1,0,0,0,0,0.0,0.0,0.0,0.0,0.0,0.0,0.0,0.0,0.0,0.0,0.0,0.0,0.0,0.0,0.0,0.0,0.0,0.0,0.0,0.0,0.0,0.0,0.0,0.0,0.0,0.0,0.0,0.0,0.0,0.0,0.0,,20:00,0.0,0.0,0.0,5.0,0.0,0.0,0.0,0.0,0.75,4.5,3.0,1.0,20:04,0.0,1.0,1.0,0.75,0.0,3.0,,,,,,-2.659728923218542,11162,51
2026-27,msoc,New Jersey Athletic Conference (NJAC),njac,Rutgers-Newark,"Golden, Ilan",Ilan,Golden,,589,"Golden, Ilan","GOLDEN,ILAN",Rutgers-Newark,NEW,1161-2269,1,1,1,0,1,0.0,0.0,0.0,0.0,0.0,0.0,0.0,0.0,0.0,0.0,0.0,0.0,0.0,0.0,0.0,0.0,0.0,0.0,0.0,0.0,0.0,0.0,0.0,0.0,0.0,0.0,0.0,0.0,0.0,0.0,0.0,,32:00,0.0,0.0,0.0,5.0,0.0,1.0,0.0,0.0,0.5,2.9,1.0,1.0,31:41,1.0,1.0,1.0,0.5,0.0,1.0,,,,,,-2.7421686637012286,11170,51
2026-27,msoc,New Jersey Athletic Conference (NJAC),njac,Montclair State,"Liberal, Chris",Chris,Liberal,,442,"Liberal, Chris","LIBERAL,CHRIS",Montclair State,MSU,1149-14985,2,0,31,0,31,0.0,0.0,0.0,0.0,0.0,0.0,0.0,0.0,0.0,0.0,0.0,0.0,0.0,0.0,0.0,0.0,0.0,0.0,0.0,0.0,0.0,0.0,0.0,0.0,0.0,0.0,0.0,0.0,0.0,0.0,0.0,,47:00,0.0,0.0,0.0,0.0,0.0,0.0,0.0,0.0,0.0,0.0,0.0,0.0,47:03,0.0,2.0,0.0,0.0,0.0,0.0,,,,,,-3.045483900051266,11230,50
2026-27,msoc,New Jersey Athletic Conference (NJAC),njac,Kean,"Miranda, Guillermo",Guillermo,Miranda,,329,"Miranda, Guillermo","MIRANDA,GUILLERMO",Kean,KU,1148-7132,3,3,99,0,99,0.0,0.0,0.0,0.0,0.0,0.0,0.0,0.0,0.0,0.0,0.0,0.0,0.0,0.0,0.0,0.0,0.0,0.0,0.0,0.0,0.0,0.0,0.0,0.0,0.0,0.0,0.0,0.0,0.0,0.0,0.0,,203:00,0.0,0.0,0.0,57.0,0.0,2.0,0.0,0.0,0.563,6.24,18.0,14.0,202:42,3.0,3.0,4.67,0.563,0.0,6.0,,,,,,-4.076587603811866,11298,50
